base,factor
0.5378659828341968,0.5368512293682366
0.8018407425539137,0.7787404246504163
0.35040790812925426,0.3727546107510268
0.2193386065748534,0.2035047857552967
0.3876062737752081,0.4063576481647341
0.3939543027556013,0.37800494282115465
0.9701412521099823,0.9523737477687966
0.35174627646521534,0.34972463116222874
0.6676510577683743,0.6450302711962685
0.7102604623286524,0.7079683950664533
0.3613448762619585,0.3408804796023286
0.4887554941579019,0.49771759793787057
0.3239509423373519,0.32417900447883935
0.43658011243969874,0.42287608442352637
0.45203828058187123,0.4685316938969975
0.5183262281197855,0.5096635712201921
0.681072704149592,0.6897460027826031
0.16522505857621636,0.1571887338479891
0.09988321297531187,0.09832809584251177
1.0436297292904508,1.049306465042387
0.1766480336680528,0.17610918504635859
0.16710669717635973,0.12149767375937628
1.0247351815589987,1.0362764749682742
1.5996163845635882,1.631234609816026
0.7452320932739859,0.743531407838203
0.3311349861911406,0.3199653175373142
0.2893238834355635,0.2861352713839895
0.5176748825631495,0.47656798748264195
0.5322198821681924,0.5381974883819169
0.6541274324334768,0.6705397183607854
0.11678872690803498,0.15550482974412477
0.6817522053166023,0.6703984911712373
0.43013829075847865,0.43076542006755386
0.37442461091528456,0.373935697664996
0.5229676645228648,0.5262773159023504
0.1009794554653934,0.08898540269520394
0.5015076796945317,0.49637784139590124
0.31294345451689765,0.2956833168906247
0.34405149576255845,0.3403579733569427
0.6603247273978209,0.6673556900018903
0.11442366430593987,0.09670424935044862
0.9904157668868891,0.9952239854197474
0.3470805165051154,0.3381689184064031
0.05752762541222278,0.0879774385078049
0.8925286015219066,0.8816979211470731
0.8977168102437644,0.8973647580915763
1.297999839803856,1.268844018958899
0.39456037603117367,0.3820821328994426
0.03553172733776491,0.06689258424584078
0.5255402687226894,0.520790299363302
0.4719682780458119,0.4695670660467592
0.7419951459143607,0.7584656916523389
0.2170958703227884,0.23742655202461802
1.7498255624407932,1.7526725040396927
0.5507527645703244,0.5419509212053844
1.9315662045554276,1.9497645543510547
0.53354584289415,0.5764429787455864
0.08580837065979587,0.0914811923269089
0.7820291625382377,0.7654216080172274
0.23136848612734906,0.22071191988431998
1.2807503291392104,1.304605957374409
0.26253926340145683,0.2486338675199902
0.8553765077879112,0.866989764743183
0.13790847654099564,0.14670141543337356
1.2540138270130494,1.115207515379635
0.3617136760268697,0.4493655549691402
0.40998899298091207,0.40733244183704465
0.14884389662437097,0.17048661974662643
0.5209841729253657,0.5158903196863014
1.0721534386651148,1.0823149558567173
0.4743818556680692,0.5169468043136918
0.08062176298954608,0.0471659186163951
0.2497927032836183,0.22351919735171505
0.9224577197189248,0.931114918357735
1.0576035606586016,1.0720509636037954
0.5001357893830858,0.4953798331193816
1.3874361165143851,1.403066700203391
0.350909066905839,0.3660236589966904
0.45337267772850026,0.4589975829338742
1.0458937867449387,0.9943158951062863
0.14069183680086056,0.11965425337014621
0.32144151564460643,0.32876624410222566
0.13234893602058004,0.1448887183969773
1.1819193591932475,1.1707923235424835
0.13517461128046282,0.12981388517544706
0.8224009079609566,0.7967172582232215
0.5293584024338899,0.5287289578101254
1.1800555300229107,1.2271961039664898
0.2732299484737633,0.2313047643983801
0.3848416827365921,0.42296913425995947
0.13912416211261636,0.11082265828209896
0.321686054626355,0.32259607052914124
0.19075229083539755,0.1957334623884541
0.6651205344019091,0.6415110534412295
0.5980104284615091,0.5736630303428313
0.4252224503866713,0.4316002644110388
0.14407002559790652,0.14555350080617532
0.3360188715310287,0.3007833217866662
0.19612504830606317,0.1832119146792545
0.9683704310857281,0.8977446655986271
0.6737787336580341,0.6412609878767939
0.7108310971760693,0.6997325060399681
0.4583669504555146,0.4578689689118458
0.879495912845819,0.8836539948224816
1.0463468838060517,1.0869467635455956
0.2052442928843147,0.19678904236953138
0.21190488525521733,0.19778973396227748
0.16629259588192993,0.15816485711459524
0.9190819498059282,0.9450842570520803
0.09450725962237712,0.09893037148368539
0.4513626060001555,0.4617346048120134
0.13726494354953697,0.1682583413311219
0.6399719268213085,0.6499828415394776
0.27452888598385994,0.3075717135514865
0.44204233029379963,0.45703939939571037
0.6405373910606815,0.5986023314168436
0.8548757312092227,0.858444606027671
0.5606909841596003,0.5447358001449495
0.18183531548509035,0.14170513976063626
0.3325098213605404,0.31381874394089115
1.3681611222440262,1.3715473437616645
0.5298817697297257,0.5008102552508691
0.18422745125997864,0.16554528049754605
0.34724735976934573,0.3765211951289615
1.3694017889962316,1.1969591000277036
0.3853013618984035,0.4027608004169537
0.669668578318838,0.6769100440112016
0.35692950065586015,0.3363299493190508
0.6598332428365006,0.6692574896318387
0.462549046328545,0.45399527805957013
0.4900909910588906,0.46861126685751847
0.543189584654698,0.5481861837677723
1.1432058014959436,1.119122368472545
0.900069486755458,0.9197461697099762
0.714854462347327,0.677559370941242
1.4371993183828626,1.4685383889124917
0.16040164610992474,0.14801789867258444
0.8980290262506457,0.9000335621946659
0.12623359442515325,0.1373285115883696
1.0439046015180473,1.0450491827484576
1.216628856894882,1.3220327487952077
0.1363559243075093,0.16486236593732037
0.24753806975467338,0.2356590415253777
0.6000235601135923,0.5971514288149188
0.5827681088748389,0.5774591704375368
0.3794402003496321,0.3638790664199444
0.3137300929506772,0.32583190247946225
0.5718795651922276,0.5517331505698799
0.7602480762491879,0.7561428386463808
0.6182210640689214,0.6185663022636594
1.2597503818408191,1.2259311027432953
0.6922129098601594,0.6930158869131672
0.6164415804995664,0.6036811455525635
1.093021779501799,1.141775843497523
0.2844466986835458,0.29184210670379757
0.27381334347959185,0.24380383615007462
0.3988782106586066,0.4036629164795803
0.7233256247816433,0.7087569085990844
0.49654795602063506,0.4885188457449984
0.09235247057072063,0.09694315222975215
0.3252428489739711,0.2624309015000969
0.3103897583105416,0.29347562716241743
1.430188167443948,1.425587279597795
1.5778331082016672,1.566114952669051
0.5557126746523651,0.5548352951988829
0.6136425151049606,0.616929321507257
1.3450699766443115,1.3966190728297907
0.17112044887538416,0.16395563306064112
0.3462036020524098,0.34827064786137496
0.1615853335214826,0.21423593836380397
0.288955249860572,0.30890424592616667
0.3897428478744607,0.418025942805624
0.7403482256595124,0.6533408432152542
0.49688601685342376,0.47416732094081704
0.8675818851067474,0.8658796972089302
0.7591300772492818,0.7730637648809577
0.847534746234742,0.840701061059021
1.1477055359139043,1.158462557616526
0.4863553386422312,0.5127583704480004
1.2278516034978457,1.2189996890203942
0.6533121161552433,0.6224303492678633
0.25296202071581797,0.24404674888168382
0.26751146823303007,0.2234480729830108
0.4680443960104929,0.5111427219122382
0.827784480105381,0.848185556630278
0.6435262860157831,0.6359399156223927
0.2143204935637156,0.21178844110073972
1.6116830373823559,1.5402196703028428
0.1593207734496803,0.17345426826888508
0.7195687955455914,0.7223674439209513
0.8670455171641035,0.8338432062143505
0.47390686849285446,0.4730906743034377
0.5142011708238563,0.5207897669372629
0.17208708820737492,0.16666071065002774
0.5668272240930833,0.6004308403483737
0.05360544322164308,0.05793730038168471
0.2384176759467885,0.2743336839880182
0.23842455081578579,0.2848154939533263
0.5570340263568875,0.5502254810564132
0.49405010571590874,0.5236510909099436
0.5365158819907089,0.5239791182759035
0.2062517173706982,0.2364105881532381
0.6872748392494822,0.684991374265704
0.4412698038684884,0.5008084686114307
0.25835385077340345,0.296096577148879
0.2864504971492577,0.28200169543923553
1.0911364501801277,1.1010371407983155
0.5193686787201136,0.525857841468067
0.6563434603987444,0.6544718506378348
0.3487258289003358,0.353227762464855
0.6056193425478397,0.6117066196069505
0.5512349131905256,0.5316600316610625
0.37087749754276855,0.39398760474474653
0.6845671462611994,0.6925815321608415
0.31836993246432793,0.322967904944099
1.1737639471012895,1.179715148889099
0.38894486774740805,0.39388898311710085
0.4404830023237262,0.44211479246126056
1.381198116927201,1.3964667661006134
0.5072474002344016,0.4979237535987952
0.8067282721400292,0.8426878921131717
0.3956726118025219,0.39508747780763376
0.2007211332390048,0.2010674240060971
0.7321182958992014,0.7514589836974587
0.13245355002231055,0.167564101645683
0.6677682583374601,0.6905245609108905
1.2588424146348984,1.2608892879656939
0.37600781024472346,0.3524743787749612
0.7308320720721336,0.712670673252171
0.951242916594149,0.9882002369933942
0.6034797527412129,0.6354181543248156
0.7499077133455375,0.7394874676534231
0.22062845006368204,0.21750296531310023
0.91333936661557,0.8618426922899461
0.3824289117528146,0.3711662974453788
1.1852712810149153,1.1536560705706997
0.06586011682315814,0.06510146866130233
0.25015866185109076,0.18666831697595626
0.6272300670246839,0.6299858840728861
0.47906017007464013,0.5119092852961744
0.4886247642487731,0.4762464394945875
0.13787756928385334,0.12195191595853831
1.6287942657979395,1.7132228827242615
1.3620091342289191,1.422583273604487
0.15489381267695213,0.14467069640847455
0.22923796488460887,0.24372938695996801
0.22034666007092155,0.19130691816883166
0.5570710745334556,0.5847276896658328
0.35792666307505355,0.393432025576414
1.249394490343313,1.27691344616586
0.6200385875876738,0.6388022089534883
0.4616005555878865,0.5471181963297889
0.3458805734461781,0.3714396272535666
0.43855622645363074,0.4968483800073184
0.23505633009001828,0.20430544534006503
0.5373475476675388,0.5277233417245389
0.4080137185862465,0.38960938621917085
0.9811832678772168,1.004725215782321
1.2637198267261278,1.2832923626337192
0.537441837033295,0.5602254855601423
0.4370235857600044,0.43859483337799215
0.2837993478161961,0.23943480681636314
1.3008050415210761,1.3192243155001593
0.8669307530506197,0.852354985021893
0.2672175197198362,0.2686806666224964
0.4380026507206133,0.44464809530517996
0.392314837547922,0.42978779406107104
0.26437890021211824,0.22935527054396884
0.14046993418430254,0.12259786980797961
0.7415781985272567,0.7381303405993505
0.3268520053530803,0.3345990383341812
0.8345718679207834,0.8392202106281784
2.0868536180931083,1.9874535195009688
0.34998000826311415,0.3509973498664839
0.7486504851816166,0.744080210690221
0.08067796434934955,0.09175888312592281
1.0303189888239297,0.995446571583773
0.39207139390732537,0.3468877936837742
0.431209926504258,0.42289339316701186
0.5581440747629566,0.5657702230515642
0.4649734542632576,0.46554210566887105
0.9207800608995799,0.9391264322686109
1.3221145503137872,1.3880227232453204
0.30243365991047727,0.29652627665893777
0.5164360873031834,0.5125594725161559
0.2419959712586215,0.2548191242602908
0.35706527890822864,0.3833982126138535
0.7375495925338525,0.739512251111506
0.3603425091550907,0.36081854319511336
0.25025518957333404,0.2638627650727182
0.3669221288584261,0.36241351130236343
0.5576868533808388,0.5525284626251574
0.3785489895649769,0.3772214170855525
0.5006608676834167,0.4996152998112453
1.15422313879122,1.1152676615377493
0.3033535187219794,0.2823318193881481
0.5118957551290687,0.5103665722729098
1.8824683933614315,1.7847507534105869
0.31010087242290657,0.28781077349880124
0.14385183889344044,0.14785945795040467
0.6690873467964304,0.6548895742140481
0.2629065025725409,0.20554084718411747
1.0989786380826794,1.0905793544895594
0.44708399573062,0.46004913923726215
0.533993195594681,0.5721771266662518
0.4366416758043976,0.4303097994886776
0.37081141211742563,0.3697127077863944
0.1958597561318219,0.20966562915210687
0.8224239488890471,0.83039618809438
0.13096692905772972,0.14142631112008808
0.8048037101618467,0.8155015273995502
0.8978446433643748,0.8446055395947855
0.5799889148393451,0.5789054578050493
0.2515757059929426,0.21943381019445612
0.5657427870962389,0.5708188735311864
0.8697503033235173,0.872877268428916
0.10712375543591714,0.12406929412268658
0.4208114506838485,0.4318096239454922
0.31842701753490404,0.37581244445514933
0.8488115646741587,0.8406631553042804
0.15566346506204462,0.1579782164535818
0.28597873040594407,0.32300895736210733
0.5906844228104087,0.571507508907427
1.6584687262371918,1.7129681979976557
0.10425439496114569,0.1251546783798401
0.49207439574251227,0.472550287318905
0.3500556260607987,0.3313472455129295
1.0841811666701842,1.066277925525485
0.6304493770431927,0.6246217187728129
0.9032716793645539,0.9150860685166898
0.6446341755320883,0.646027553365253
0.11289096187890264,0.1725678343589348
0.5430190808608102,0.5224879256788285
0.09130667806980018,0.06445750729036348
0.2678047205140448,0.2324138257977749
0.7237914300047228,0.6727774160595696
0.8539790173103156,0.846114670000364
0.6469894780771971,0.6488193054631549
0.3907450994420285,0.3674488206775129
0.2885331628664597,0.3052836155925896
0.5884257902742585,0.597934272896768
0.5756929599855181,0.6166113524984795
0.6799049137654949,0.6702114978768048
0.3414319161772169,0.3538101988884473
0.680078666637647,0.7071716663702512
0.6939326847113788,0.662760137019655
0.4471576580579556,0.45863239816299955
0.8298584609401805,0.8654594307484692
0.9824210157526849,1.0125644657875574
0.8376323494218723,0.8510879344669143
0.2535378419808423,0.24702176486417485
0.275837409763404,0.22812317604034377
0.049650094290393444,0.05310305714658002
0.6780700884898985,0.6813562370001711
0.5305288204704869,0.5661878055265798
0.39904903355019716,0.4070503096243563
0.3219778429123045,0.3476461339425036
0.46965899434423786,0.4599243100684904
0.24972360530290408,0.2591727797733597
1.2914730582778076,1.3245745033329155
0.5629575852529022,0.5825440115365105
0.3834619533873595,0.3379463896908789
0.37822277579088176,0.37698135521524123
0.532964076058587,0.5325792716826437
0.6934752334253665,0.6962915214301926
0.5866478151464876,0.6133631052700076
1.1198882973816828,1.1079559639002317
2.5191670779223125,2.5727650009140253
0.4804028238408489,0.44257701694968554
1.088929222318128,1.0843071344158501
0.18123222577563472,0.2175402459111883
0.5640525932591635,0.5669988293062167
0.4467515433011236,0.45945918327912
0.4395357687436149,0.4709128771484428
0.30649666704297623,0.3107228519896324
0.16748146863169186,0.1965515788152061
0.3955216368088087,0.38616753488010874
0.1760115846982982,0.2051190540067165
0.6249724236739741,0.6207538105151432
0.24946287422239258,0.2714751578842465
0.23412316791653967,0.2282876306550283
1.1163417770044164,1.133375847490351
0.41639297405299985,0.42509194849353243
0.5485796525780569,0.5612623424723726
0.9104571603869674,0.9125840146397863
0.2461396174394851,0.24300847094398298
0.3860445955041363,0.3976013407878566
0.785483591772572,0.7834328540575238
1.0722621243791344,1.05748132814384
0.28625035789265324,0.3001889721899334
0.40376297169945663,0.4094917088148724
0.8426192182834022,0.8749225040137903
0.6393289897023927,0.6339975519052077
0.5082462131093826,0.5108848034287345
0.44414912504939047,0.44587373734576136
0.5899859953189467,0.6104877191821421
0.43884649640330015,0.4241737414615335
0.1581326663115723,0.14466938880897764
0.5335618963232588,0.5455235706061309
2.1383076195340704,2.1891204741349988
0.14763952663225485,0.16638890348055316
0.2351280327769807,0.25641741393758377
1.2484762605418527,1.329838886679141
0.7142041818844427,0.7042973332974084
0.2764071707015792,0.25690991046386125
0.4590956283447964,0.44958306810786897
0.293915593675663,0.27815608771838296
1.2581349177573975,1.3201610070514576
0.3665237318987696,0.3476263579121877
1.8090393347702134,1.8213065518545877
0.14444658175198655,0.11850343318066493
0.08472538001160361,0.06678296562251293
0.3199671977660756,0.3018478767342075
0.6532845001569966,0.6453173655534963
0.23131848763362925,0.22600331174907112
0.17238844989195024,0.17901582466552848
0.7422386049427186,0.7160131763735109
0.6082902514059131,0.6142757110952308
0.19397818182609225,0.20809999588404932
1.2369474004118395,1.26732115175368
0.06189998171158457,0.06677912742394941
0.6273649931728352,0.6433495443054917
0.6048143513291135,0.5981113903760148
0.4105920097940247,0.40329066838430483
0.7036871877248109,0.7116300761787173
0.9349599520348021,0.9349667992177194
0.962700100613295,1.0282541915198031
1.0059481221208417,0.9466587834789246
0.5899047926111848,0.5929098920428548
0.18401652814310174,0.2394224452545164
0.4587836244603435,0.4423198397947337
0.7316981358909156,0.7096692703469047
0.05825669909517019,0.043197939022292665
0.27441966597575873,0.289135764302331
0.43809048942203,0.43874440471531134
0.43814120872135165,0.41894633955613
0.9999199621661281,1.0171884795209964
0.09257759175795294,0.11120665470318358
0.586173191687726,0.5819909766971091
0.25159506547646965,0.249336497905594
0.9985841245341986,1.0099318308431238
0.871632707869411,0.8773510364379037
0.4455198703645941,0.4417626051924903
0.3045305095875632,0.22841591037035172
0.8556425017805087,0.892847537538239
0.22134718419155608,0.21511196511162076
0.35778405055302465,0.35551023352038214
1.1795063756643955,1.133231890224856
0.09190371710515757,0.13940913899492086
0.49389740961129186,0.48476848661655597
0.7635515459837694,0.7759589773841183
1.4542686271490395,1.3824206725191037
0.46179829498580394,0.44953139601013187
0.6390963223254249,0.6524874352865764
1.2593255605239322,1.2532779771099054
0.413423463685491,0.41730522409875875
0.7337254958014497,0.7330404422697688
0.9509150239634396,1.0493704232863077
1.0195659404452446,0.9949887679693654
0.22210691631210713,0.20834032588134369
0.4374751408386802,0.47599819224287554
0.5846605371820253,0.5780063499688537
0.0954860246792535,0.09177470816234964
0.40566798163825957,0.4099070110657861
0.38350385560592476,0.3972919781436241
0.9667135849047331,0.958819040268901
0.37576333020630803,0.4066379603669799
0.6755339274890054,0.6962752140613552
2.4944888583382356,2.309561817994181
1.357440373517041,1.3077353580851026
0.7621603552059358,0.7739490036414729
0.20077271615952696,0.17754778903594956
0.3812052205224473,0.40693467645685655
0.30271264282306243,0.32504264770764246
1.3306285291523148,1.301801410085377
1.627512838920345,1.456070756519816
0.39172352873713684,0.41465357880757764
0.3588914278389352,0.3261885658253242
1.0911910518449817,1.109846860270579
0.8492210668912671,0.8397230736101912
0.1019587816863691,0.09989102433893725
0.3151771078947079,0.3427283888721059
0.26484099964261204,0.24041640932239802
0.336242785013265,0.33351591610047376
0.3283793669198444,0.33092262220444607
0.5069612626347482,0.507202296853382
0.8669852561833872,0.9362792854821125
0.11573405631052573,0.10633786767953023
1.2331205933997444,1.105391507988464
0.28002403132073284,0.2590802562045544
0.3479589044071316,0.3234826331461458
0.7647006998248407,0.7298746476478064
0.5765807292633682,0.6456612175838738
1.2212459271125442,1.2630517177981362
0.7761265244253313,0.801930917984276
0.9444015344779975,0.9450117275630205
0.6677244861830034,0.6754860963057643
0.6097714525824226,0.6048778295527258
0.36639841401518963,0.39066872258710356
0.18997641834671497,0.18711443829986485
0.5756656354417484,0.6009498921766914
0.13173372839411854,0.14315418484175052
0.27377287366007563,0.26611272481029596
0.7609633669888008,0.7559203662678843
0.24669947343075863,0.32056462538114106
0.3808805798309743,0.3828181414820241
0.6196738724883392,0.6151810153366061
0.8425473827381974,0.8267226723413534
0.5809355640391641,0.5936171300312325
0.5392686697052711,0.5116739263053601
1.3072741856887748,1.3166793055800539
0.3325242313565934,0.3174912473794004
0.1096186592296483,0.10010365180396744
0.28195521007852836,0.2936665057137491
0.7138727940377091,0.6909060312363169
0.5259509994466496,0.5139261995391509
1.147574636656161,1.1817806576206333
0.8731653114650081,0.9196707398287497
0.3027132767844393,0.2753786758335343
1.0219968882043073,1.0229163646381214
0.4636140272402847,0.4457333898129559
0.3114359237800971,0.36465494888581096
0.5810259270329036,0.5923060807010171
0.1444970964564694,0.18706111515495738
0.9469503225693697,0.9079782765341918
0.20115780228444335,0.18692046102212803
0.6773182627495589,0.6443191693340901
0.8557110207921621,0.7865786447752992
1.0005259967594036,1.0138419634229536
0.7152214381185837,0.740982038374143
0.23656973234124007,0.20535117263455357
0.501372467902222,0.5129377743082976
0.5813651962628801,0.5839959049549005
0.370839750358119,0.369667173075259
0.4275408915248767,0.44799529284874634
0.15912300990247663,0.15521601151901757
0.20886624009599608,0.18431034717928763
1.3420973382947732,1.2980483284564128
0.22881103232614752,0.2361322217021131
0.6149422905374169,0.5928968091742834
0.4330892620562671,0.4491598185102688
0.44455438056391594,0.44422849353369837
0.7462950384974517,0.7520021205059727
0.33942287963022283,0.3209232139535164
0.3616515245467508,0.3283246036123228
0.3602453319077642,0.3804600004308271
0.4998240155442282,0.45839439084948247
0.38112930658163924,0.37619728700061095
0.9619848673413609,0.8496165843061485
0.38457754459682164,0.32387361811183013
0.6170917211895649,0.6142574866208628
0.6944279737208254,0.6995251549389676
1.1020503575938434,1.1162576583057486
0.71556997793766,0.696431191789016
0.18651229931154803,0.20343046039852886
0.5702652312643723,0.49322222383681025
0.27709194129805953,0.27520375375112444
1.1905278421643208,1.1795460156471813
0.6907180932664234,0.7308201615605884
0.3717189739304827,0.3304511112044904
0.15922775926904298,0.14782027788410074
0.4760800348288114,0.44863644532414954
0.3310820612813611,0.2974475511991941
0.24096907839290305,0.24487506832058506
1.911246344459112,1.9696091851761146
0.5786982990236265,0.5877496488608658
0.48971377646215986,0.4947190084252801
0.1533897429984263,0.1325624732528184
0.3896645982149819,0.42477553069293666
0.6392187889903763,0.6552595039947866
0.20053443227384873,0.18813862574531634
1.0270990358480518,1.024992578794362
0.264065903427303,0.2657775433553512
0.7068108412871744,0.6963473432641928
0.6085520469762423,0.6134268880835663
0.19322433488959018,0.18386422715194603
0.7253721474411765,0.7327512414342063
0.37192226323771227,0.37165797491547103
1.2123128051548644,1.2873196053913822
0.6289124200034638,0.6182757611157678
1.1279979473833188,1.1385154964348043
1.4746760485691413,1.4000810171623366
0.6185292881103388,0.5907643203053101
0.6466391403838775,0.6716028604069421
0.7820192881532745,0.7748687074498164
0.0777177112940397,0.05972339466620811
1.1482491650660331,1.1062769727780126
0.24173053823370316,0.27311962169527865
0.476864191318352,0.4711928384134875
0.2869393928694655,0.3276635782921669
0.033098516895237975,0.03587471566765993
0.15708237185111892,0.14666083313770695
0.6551817021754067,0.6432191941852315
0.6581444573221964,0.7057830533787377
0.7590382133847835,0.7742046943496654
0.8280723640342371,0.7925919553213868
1.20393437316049,1.241784498096586
0.5007696469528483,0.4906235117721152
0.8604086378296351,0.839971021174515
0.22703731962815152,0.2074920280466228
0.7018982796592418,0.7280719498465311
0.8287319569987477,0.8275199871304769
1.221462087845151,1.2275608253161503
0.9459851882859268,0.9422071972069543
0.10504419747685262,0.07706175251666988
0.9432063766486527,0.9373555557575856
0.09173636352312028,0.08776677167377224
0.5390440527112235,0.5376828304581571
0.3885992933400196,0.37582028643586746
0.28392693963815224,0.27470365572753164
0.640750350752792,0.6267824754581067
0.37440052774948884,0.38215715742128187
0.32602927221055844,0.34313216932836954
0.16070350771866104,0.15034693986653003
0.5767724349187242,0.578762571705219
0.7155125444941343,0.8080068309441056
0.6998292471948672,0.6997154193736461
1.1926598546855784,1.1972943301435843
2.0538791352134917,2.1337883595139835
0.9296261814319046,0.9746483215895281
0.5899654116506593,0.5842276928995789
0.38920533648734423,0.3858758143334513
0.9326986364579894,0.9698699810412961
0.4393885039073658,0.39140534879830086
0.5451015478804534,0.5615188345401244
0.26372371010824,0.25585371136694557
0.3716872833287448,0.370247207709658
1.1317651502842143,1.0288807705838814
0.6157589986881942,0.667626253626641
0.46569440019907904,0.45184211272887276
0.3563024762976092,0.34265966489411737
0.278349407533693,0.28764725296849164
0.5879784208947486,0.5786263912511909
0.38649801252302174,0.3846188175191359
1.3070010694383247,1.294201214108713
0.4451830557218001,0.4408422342694876
0.6046238731300386,0.6186221854739226
0.9156947774274443,0.9246677990067926
0.2632505972948609,0.25091235900787223
0.24114612616418007,0.21293157211822733
0.7491497729056065,0.7611588632182322
0.30595010372977505,0.2897602031515865
0.9962211004362411,1.0404089040699638
1.092208328866514,1.1983228429345296
0.658924864780852,0.6497776963552445
0.2466451588762258,0.22242936056018303
0.32415853996790905,0.32051462881438325
0.590246063719766,0.5843258734380617
0.31102907819359277,0.2865822373065962
0.22474593106501348,0.2395472546849297
0.41180969140824913,0.39002425494722986
1.078777815399523,1.0200310898291114
0.2370316144651994,0.21314113171017168
0.38137321189191853,0.39600042719739115
1.0209467729269939,1.055775885923891
0.3975123480838923,0.3950733912637193
0.21041785644722974,0.19918867194283904
0.41603893877816933,0.45752221442454616
1.002508777991225,1.00484631273739
0.27466505341559283,0.29700547770675023
1.2178231950162055,1.2008792278713079
0.5871642343018426,0.5974130359354809
0.8166234003173001,0.7694138346377476
1.7974447168890457,1.7633807855885733
0.1933958353505405,0.1813813669990053
0.5575416122233449,0.548057284664934
0.1841324365972284,0.23032653929995514
0.3516109210237513,0.3725382593533182
0.3298957478306164,0.33710594921031545
0.8643119931056799,0.9165116059259458
0.7420015912782632,0.7333108212589349
0.17952032326713963,0.20785208597090427
0.3238650587734935,0.327339796753797
0.4186210270779402,0.40302748394020355
0.336018064052582,0.33484144242964803
0.5288442302903598,0.5246246524948869
0.5469044609295517,0.5346537314097385
0.7544529925155787,0.7208882543097039
0.12864158023684158,0.08090222610484706
0.5679464920024084,0.5597128958137974
0.09896864310060803,0.11187442948668287
0.8108792446264341,0.7474897837165707
1.3208170973930482,1.3177466571713254
1.5631239320141777,1.5372819539929485
0.29633596955712593,0.2802756923776198
0.4514572307808798,0.43602796247813785
0.1639201137852158,0.16031966452279534
0.3051948435413285,0.3036783750212633
0.6660988462981814,0.6641360137349096
1.585657604145725,1.6179883531834311
0.22545023723197238,0.197854689404246
0.29050325915650016,0.25909162493092697
0.5088593998284522,0.6080689127546659
0.7123337725572682,0.7234411304931244
0.3014525002311985,0.31210131772741456
0.41218334407432294,0.40571435827725144
0.5251018534334715,0.5241768966946915
0.3695916088546813,0.35957070648864575
0.743965564034743,0.7787862116951361
0.19195408027954378,0.16482772272490653
0.20668660525449933,0.16318455411199828
0.36965684547176164,0.33553887888555234
0.5702096911686196,0.5813450210001007
0.7363244232870261,0.7215591609587296
0.3562204682736617,0.34828636399677204
0.1654273011866867,0.16437697969899748
0.24774556968308228,0.24474079039375612
0.3546708165596222,0.35661297266931163
0.18597435965811648,0.18364946160596787
0.48870321333589883,0.4629165567112259
0.25278971602266814,0.2444547682702065
0.47485854983131937,0.47546833402511424
0.06948087496851374,0.06428635129697303
0.4107708353869822,0.4783965070681296
0.3903958463203401,0.41040847793290863
0.8819956952948973,0.7987928199513524
0.20830989652940007,0.19314791948468266
0.2826318625990611,0.31164375451424253
0.05796275632925385,0.05038072689783129
0.2832112697708836,0.27814843786454074
0.9845089455474976,1.0092865706631509
0.11872653309837443,0.11335187435054808
0.9375257492388674,0.9255398024632839
2.6154136833166874,2.8195890280061207
0.7157091295950724,0.7103547275844743
0.4982469129972736,0.5321917833389064
0.20279796275233952,0.17197818579170804
0.6373133263782168,0.640281535193523
0.3948644232459109,0.44913017530378035
0.44689824174406134,0.45993932589650527
0.22721359804245225,0.23536384427263443
0.13833808394293962,0.10112797131637646
0.9512508171980232,0.9659184947450727
0.8192662346784695,0.8331967640586074
0.8119745900500831,0.841237899617393
0.15608637045526047,0.1361407369887853
0.35608060214999626,0.3493408826497184
0.5979392241707494,0.5937379802425818
0.40613281134413665,0.37273946824161436
0.20178123000401044,0.22644854516932653
0.6088217629618257,0.6189668149447487
0.7404842518987049,0.7308410556907811
0.7082357603870109,0.7158502767774887
0.7982290154266478,0.7954859045973058
0.3603911940946932,0.30283111820850894
0.6780067838388756,0.6701743546811004
0.484743718705861,0.47167183943503216
0.21947094594381195,0.20977893869878914
0.12587205596487566,0.15640805477102562
0.40086530285330463,0.38969960544202364
0.43079549932834094,0.4178230012220319
0.07191696947643494,0.060561158100757684
0.48757146577527977,0.49126618929246646
0.10271545535749518,0.08133302641042514
0.7166892019169424,0.7734163899149202
0.46092689530646,0.4760142644765173
0.34950588533917265,0.3405408139391316
0.5654714317976592,0.5538594695622144
0.4525452354642414,0.4405736075266008
0.5728039034289041,0.5635343521382059
0.8224909322781966,0.8270636736813113
1.1579235746806524,1.226256641076522
0.14895292293045653,0.19067079316513696
0.43552554199484894,0.4435570133626343
0.5821055614983585,0.5635539878419229
0.4229292434045482,0.5061663451357118
1.6860459561934633,1.6903742495150849
0.061624401010809744,0.04222159053307332
0.33163859433080883,0.3580861240220237
0.12698056914503222,0.1285413459507174
1.3903169673981324,1.4163422198038553
0.33641533644680605,0.34572013622778774
0.13222526445809377,0.12978721743820493
0.6425735537193669,0.6380154466785924
0.1666274848840477,0.1856620333012662
0.3794181921802922,0.36393600194570686
0.9580467137766523,0.9919549022553604
0.2465127343775826,0.22964763283152678
0.4287478475762713,0.423323358201233
0.10651499391855322,0.1303202870798868
0.8763777966058299,0.871449244637042
0.07771508677888522,0.07828237616309834
0.9763647670301846,0.968979690082386
0.4476400080230804,0.42963671344735893
1.0037798030829874,0.9985333215554123
0.24592428037400824,0.21927318027507947
1.5790504118218422,1.519926907051357
0.09607994091958431,0.14153389167851357
0.6941454092682815,0.6858669863329476
1.0388578607379766,1.0568864244294363
0.906318195834738,0.8494103716268057
0.45700030714120143,0.4516823491318441
1.1860125278897178,1.196346554270894
0.47169574542624926,0.4755889293595735
1.4026905952992266,1.2303520196522857
0.9806375772142477,0.9533243085050493
0.5186283391136814,0.5121173448146986
0.9725038419122485,0.9747559190742962
0.2362928269422961,0.2266437925696216
1.913958394913966,1.9001034896094806
0.40321300420495,0.3902248410517729
0.8210697298713291,0.8444949187675632
0.08772196272208486,0.09352302204980657
0.3207850026187136,0.3559209812001713
0.2556612573630712,0.23740345578636232
1.4278750988646594,1.4200518046494877
0.2068427878858236,0.20329035527466865
0.2806286478008236,0.23084506510203934
0.8777879873896722,0.8973838609036807
0.8400183939390212,0.8029903077236727
0.4295163583457562,0.4050987371134783
0.6161797603655238,0.5795154657814482
0.32823284663324104,0.33137434344079775
0.3231377101522554,0.2947294424412061
0.7868358167833378,0.7961804161456523
1.1956947924285808,1.1977983567869277
0.5963822061319778,0.537313073141945
0.6282578805752469,0.6767606720992736
0.32982307464901406,0.3882860661488604
0.43708434831854837,0.3757838123038937
1.3698476723279553,1.4118838200588926
0.10119532267802799,0.11655705712075715
0.09032352459673867,0.09411501273010019
1.0956461638346493,0.9897901948199936
0.5184834253478783,0.5136928285201685
0.5819396034453713,0.5692748792096923
0.7796318550150867,0.7803182627038647
0.2941789007138337,0.2954495226943533
1.0260676327093572,1.0306004492375422
0.7354620815788279,0.7421808067494984
0.06406123188108907,0.07451352330441713
1.180376840137035,1.1444102849781272
0.13011538630463473,0.146108102434402
0.6143613612873645,0.5703103623070878
0.40776800436023963,0.4025393039112141
0.46572428344345085,0.48597462261248314
0.4061307462030176,0.4002606898958599
0.2349791952024765,0.22395219080775583
0.7349419132801465,0.7478896699929501
0.431230352760051,0.4388534252120661
0.5861570026280919,0.5874543455089271
0.8940922407329738,0.9034821109607657
0.6359938511562631,0.6485795165575157
0.6117044884089378,0.637340866323098
1.562834477804775,1.264641998989974
0.9602115085480206,0.9129242422497255
0.3184775194340904,0.27901857256174006
0.5251578124144175,0.45712007741205796
0.517284535011246,0.48720569750804266
0.3658655036946331,0.33434309583820154
1.1845291342414046,1.2268827196435652
0.57096364734572,0.5551123844435724
2.05791037368218,2.1383287569197575
0.36752821418907905,0.36214651132168574
0.11223145062823944,0.10489806242809899
0.25703347308132907,0.25783514307006794
1.210882338097529,1.0730995356061082
0.2577731086736401,0.2530005075379371
0.5100279680442658,0.5061672424876498
0.42306863299722436,0.43370403917070993
0.9787701042434342,0.941337966596873
0.3285067375111562,0.3435273505836596
1.3940883010081675,1.3489660116474718
0.20470309787216673,0.2042695581056618
0.2474600157759824,0.2727342056609118
0.724614394748429,0.7293304248504878
0.32312180952958774,0.318203779442747
0.8055608215964147,0.813608958826767
0.59150884089337,0.6750227793231756
0.5234326783679044,0.5086501003327439
0.8122126594248391,0.8096300291517846
1.2426206732227094,1.2902903062727837
1.3956319794017977,1.5154394313415545
0.2130114891843073,0.2327619278809104
0.14640668658783743,0.13159298379901851
1.4562316045056602,1.4657230953704041
0.7154918346443039,0.7073338736808659
1.3238228081087218,1.302332983841561
0.40382955139707827,0.3959351590161619
0.2933712890512002,0.2858596412361063
0.8325313214083729,0.8197036267956146
0.05139223777239797,0.08790239403890954
0.3247992649875288,0.29540740197933646
0.8838379145464696,0.9094336004566659
0.44767822437293864,0.4419687874725671
0.686022462415612,0.6822389880571751
0.33281181649642727,0.33777247027931734
0.2530795557408617,0.2398415661142168
0.7048844500444937,0.7655182298966606
1.2897290033768944,1.2341600965618218
0.08325066592114992,0.07759752419836553
0.41717153555790215,0.39733410974016575
0.6367150686339134,0.6251066545271232
0.622680493312551,0.6052673438945131
0.40035233226773975,0.43839813632071595
0.13610261267167498,0.14446981097611905
0.07335262425215776,0.07361837005939974
0.13956362550106352,0.11621514149319519
0.8002945392603988,0.7948543110466916
0.45655828177923213,0.4618533701209471
0.090480252212004,0.11349090191250542
1.1714027371388795,1.1505407050874872
1.5889612804276196,1.605783805996384
0.5655347482125133,0.5912741531283388
0.8664101966720121,0.8252120904437469
1.1010441745195745,1.0357017201924075
0.36832883450011117,0.3793559921927522
0.4716177139844569,0.47073106868756087
0.2481628111411268,0.23069361673593977
0.47178817639138587,0.484328581356259
0.43342535174992924,0.43657791556855197
0.18157142958113737,0.25073533121927527
0.7969482697308711,0.7836833615987517
0.4001870313502748,0.4183822060324766
0.5345481917719277,0.529770057554777
0.5751860208049158,0.6524240688203097
0.6820485451736602,0.6764661333511754
0.6160408908156229,0.6335258812089498
0.7030596965365682,0.6923661290781504
0.06332962908985074,0.056460347092534856
0.35149154115816167,0.3619600427171453
0.778595753604034,0.8491286190773989
0.7670375141686707,0.7442645768551113
0.269055857901979,0.26650367928777846
0.43004500044707794,0.42102282628917337
0.3850841596096623,0.42126740450642736
0.5298731948948596,0.5288033927239414
0.9290920187719331,0.9067441658613091
0.058931901157394044,0.044543481643067165
0.5326261763231137,0.5427738671463447
2.4176583407790697,2.4888603160237484
0.07708035778720443,0.06811756344021097
0.38408058655516925,0.38134322218539013
0.09128676239553636,0.0651886849277386
0.691406984061426,0.6841796235873621
0.6873005045286428,0.7013857388251085
0.1698169413694076,0.14621520274949326
0.7906119363484085,0.777942536972077
0.8571385239768605,0.8408840688901432
0.10857896259404116,0.09558244890924932
1.3398990432590152,1.2327199883493813
1.0205111511686007,1.0380191096582023
1.0990542765191735,1.0681752938251228
0.5293717328581153,0.5253026725155755
0.4710049520941714,0.45125761459158875
0.2489249037324335,0.2644824260344739
0.2799133438407659,0.282890141667092
0.2141531394555245,0.21264773472441634
1.8006175606236734,1.7098702843482525
1.1200499738178742,1.1375728348340561
0.20692815440400555,0.19749159686986292
1.7533030908471288,1.994104031052892
0.5567657652176785,0.555957439109751
0.2188368913979573,0.1885252566271533
0.2738414896738365,0.27764770851887777
0.41152980344395473,0.4300899888219453
0.825017347399827,0.8552194440815939
0.2820868568881664,0.29348614373478893
0.5777836759747855,0.5857386465441999
0.6822339716648766,0.7011955768448803
0.6976790946194769,0.6972780923723773
0.45631763833941674,0.4458061617697725
0.4826917097960293,0.4721571360702823
0.2944140319539378,0.28638939827131493
1.0979721359923116,1.0517474223455137
1.1681838983272541,1.172123567821029
0.38634139899819697,0.394151273398641
0.2302357676653856,0.23874111250704838
0.3485171308391509,0.3041873003533636
0.6820368682824005,0.665593567918174
0.18840618696416692,0.18527296883197494
0.05486947890533606,0.059675746725322686
0.16231990278795302,0.15769154000664828
0.9427882146546974,0.9489040618181184
0.2991793557540024,0.3028576483030469
0.3531153813657147,0.32253987067946405
0.31035254020648967,0.339743458892102
0.3023832481821393,0.28621565676008975
1.6055895913773612,1.6505311540205108
0.34589157579676033,0.34442053713494736
1.180453009190956,1.119372817111773
0.7789526556329167,0.773621565353315
0.5071633635483261,0.4975629168388444
0.4116820245069232,0.41139224105381017
1.2565589593692426,1.2238735377369645
0.024175537744576474,0.028972896511774166
0.28791739939533895,0.2712783734760702
0.7180763762599991,0.7288709159181296
0.6379939245805257,0.7018872917863548
0.40100069641780517,0.43268728854575916
0.43896108517897725,0.4499984945597956
0.7430746124581596,0.7377837571215613
0.522987728193215,0.5683592551107987
0.12921323455194927,0.11436107235534475
0.6116416374338204,0.6266040476963449
0.9181465823788135,0.9152418553895617
1.1393496383556416,1.1732200191372035
0.3356654097855183,0.4100753173681327
0.7848713761560723,0.6789922879097647
0.22266716191241387,0.20887895809085918
0.3676045014044311,0.42744487455148333
2.180128002868332,2.366096218065237
1.104653169787739,1.1101023992093964
0.5866226968798535,0.5723643100209606
0.4453549377499639,0.46906681501860575
0.843529318893291,0.8317262914760396
0.05827294908024637,0.05186836182587551
0.7394719239622819,0.7589040393513924
1.023432599666278,1.0169077056968683
0.27572060128152603,0.26766384329220716
0.5215911916713397,0.5159420168420314
0.1716851652717949,0.17992563802371392
0.4059632982915328,0.46491213680152205
1.0237601881290106,0.9936550337654954
0.583315002057682,0.6400872824294034
0.12159056270303233,0.1179334609402888
0.7241868226995916,0.774817060029772
0.7004173037149116,0.7000105404280488
0.23533127110373478,0.2268303029094093
0.41435360091509443,0.37111063912008607
0.30809431904762835,0.31205104141436385
0.5385571642335222,0.5323060812051
0.6798129464523767,0.6626276532024965
0.4485803999259014,0.5010994326881291
1.2506873896480848,1.277310426834428
0.0679834392145747,0.06510624650744677
0.3646199052791333,0.34643927687226345
0.2941551052054459,0.35515552029921754
0.3070083070559129,0.2877369347650895
0.011446345538071927,0.020253298895880664
0.3235163884417774,0.27715961776057896
0.45330178097508084,0.4620989241993726
0.7933759351976497,0.813402342887144
0.330148741891887,0.34766002441556404
0.2564865680617357,0.2615619299471087
0.3404237182218581,0.36875805220343394
0.4206329465534379,0.42121188358359135
0.2480219847840349,0.23703945625265946
0.11867322411158521,0.13842647209476583
0.4715763891736998,0.47729282659299915
0.5053242644263741,0.5096149878678607
0.6409920208520211,0.618107987208004
0.48612567810988183,0.5135800439133368
0.1760892327451548,0.16682504974886916
0.5343635588247708,0.578697562519487
0.4601361768896093,0.45235717540090065
0.7499301844713525,0.7260424158392131
0.7325721279844769,0.7150164920320499
0.7138584540882029,0.7079854504659203
0.6684777244067985,0.5654723875282139
0.3543198423847319,0.33277877553946206
1.0391539702599617,0.9822203914171475
0.45897628365407217,0.4619329661572175
0.5616330668163768,0.5891806977101776
0.5932049714009037,0.6171637448987046
0.38519728021528593,0.3702721379904694
0.5622455550779398,0.5667399439341148
0.6759086610553914,0.6985704706213872
1.2911490098033878,1.2673913704346518
0.5774965126238939,0.5738365302960768
1.459513982084462,1.4142905160776875
0.8778520331574358,0.9320507205987834
0.366837623213871,0.42856422687702705
0.9428033438723519,0.9482888104152039
1.0804328949504212,1.0687776282882195
0.4167167517497423,0.40919598144743613
0.483503982710144,0.4458869781012311
0.32603387141890106,0.34350815621791353
1.1049123244470973,1.1012591859418657
1.605974628227906,1.5475592540634062
0.45402848486601627,0.45506466450467514
0.8418363337223886,0.8510352492095627
0.4281317547127206,0.4342379402559869
0.8370967836110832,0.9180640095119357
0.6708126103440505,0.6903405692065909
0.30881942727918477,0.2805964805503864
0.14384102662419032,0.18528891250366736
0.36039257978755285,0.3407477695114667
1.0582577197376475,0.991211799310637
0.5259865015638576,0.5129487375803405
0.5069024614197527,0.4953739444538551
0.910879424718665,0.91404527164252
0.7059767232740339,0.6726392677909321
0.38535244577205224,0.3622664864375422
0.2563280505919655,0.2515146352096487
0.51395045407408,0.518169643021872
0.521697650525737,0.5197538539669736
0.23236505003344338,0.20966375167244064
0.5374345041427621,0.5128804295413556
0.8102259054205094,0.8096410407789515
0.7983185451558166,0.794858840972786
0.3257099462488481,0.31742393589339146
0.2428626396209014,0.24092500087309174
0.3286283363095889,0.3194602292935989
0.1284410202192794,0.13212689725456722
0.20394430403993916,0.19855885279395719
0.4328394652560342,0.44336706242340956
0.2251293194436736,0.2239113209222605
1.2286318162121845,1.2478922534298047
0.47793688720329425,0.4873411051297625
0.3330423321036317,0.2896293282622189
0.7096252173824618,0.7528339923469813
0.3377615723471154,0.3048542896506706
0.5468260233795705,0.5874478521519128
0.706599632889125,0.6809845754901304
0.36071563369512477,0.33884303912965186
1.4218796381805976,1.4156572664216076
0.32144526894114966,0.33848111269422626
0.6700605572023752,0.6412108178290401
0.5693098574373949,0.5282111420982333
0.6518929268752177,0.6630281812276059
0.14637782306203068,0.17027535853342812
0.9226812294556488,0.9123755176627873
0.15311645332204832,0.17195015290353488
0.09621110365656964,0.10470496390839625
1.3304489900747962,1.3499049910870184
1.020166337655767,1.012295676957517
0.24826084616223573,0.270584793353509
0.3085432532259788,0.27004206080415527
0.07952351095777482,0.07342239556027469
0.22869590612017304,0.23435813290948737
0.24188145410816686,0.2212784503065559
0.577290805085513,0.5602768580286749
0.23031411249767597,0.21984932473830276
1.6723893532460223,1.621606800781648
0.39769904415359714,0.3794266290438508
0.6058486441289291,0.6254668079083069
0.42379062373420634,0.4143750849302681
0.10777386960413846,0.09648183453999074
0.9695216417544977,0.9614239398092936
0.29546544275639197,0.3172198777557214
0.19327538947250472,0.22558315271853815
0.6992365996703331,0.6308265649414425
1.2008106000254946,1.1710050073735716
0.8717529690686663,0.7975688866814455
0.2726057642778529,0.27167583035025
1.5069552631599863,1.506462501337653
0.26205465277331286,0.2707956103010816
0.6559362817280139,0.6557888186933756
0.38796273794170316,0.3474225171981651
0.5849929195844872,0.5959376129576838
0.6323535975431294,0.6176571014213145
0.05346793390898288,0.04445788643920211
1.0636690252432048,1.0266268668610699
0.24166204511488126,0.24857842981626505
0.5100377256189262,0.4961949511678118
0.25411383699789414,0.2582398776120928
0.15565187661960803,0.16531563024613574
0.5390105470035382,0.5698355617213386
0.9862555360437169,0.9949935696607788
0.7214904286296622,0.7009190219338477
0.9497478368024527,0.9243154356241768
0.14629518387286145,0.15592975190234118
0.2917031131417683,0.2551312712288122
0.3562206089371327,0.34024523278490565
0.3368603581736526,0.3213756899148193
1.0291944119589385,1.0313853549268057
0.6705375914913148,0.6725904644378409
0.7069824501784351,0.7053401874490204
0.6710071730933351,0.6637566617145387
0.7683294745969994,0.7292262786035174
0.1855930482670461,0.18891581387266432
0.28859658244574826,0.32900810173217465
1.1776230291935743,1.2021402464159143
0.3073266249271118,0.31633070495288224
1.0919858221073797,1.000579601745566
0.08970728345043386,0.08923596079122917
0.4134734430690777,0.3893285078703757
0.5859335390137643,0.6074041880902886
0.4428345608881543,0.4463769809256333
0.9855404945838689,0.936087357653118
0.24410752113021983,0.24413243570797605
0.22056418351793292,0.23074009691522376
0.3726260732384055,0.42398189608759784
0.23589788549594193,0.24666652708034653
0.8594169009468983,0.8605003520975034
0.26710526579261246,0.2739292545726642
0.4964068224277298,0.5020360510416964
0.952018937133411,0.9528315298570667
0.908907282878762,0.8964914734397981
0.154515896132761,0.1730508531551596
0.46740413842078715,0.43755033094580703
0.8192429782746318,0.8106045746676375
0.41498595438218183,0.43758244433348237
1.0220475433929312,1.033680204954193
0.39001582693937115,0.3855246313731347
1.0205109026289634,1.0185789191276085
0.3367667835672606,0.32058687131810576
1.083819984397238,1.1505600059991405
0.9396014561940601,0.9558230265001305
0.48100047371409654,0.45424326869874543
0.11798220956240398,0.15983793336611388
0.3711336734936592,0.3740300100940712
0.253336734246036,0.25630124273032134
0.48937012703024985,0.49086060122235897
0.7322675818286969,0.6990217978315189
0.24071479322634165,0.223744387736986
0.5145551522532058,0.4923638788509748
0.1196696013833265,0.14850094558219207
1.2988707817537954,1.3172577280864635
0.6422832090053564,0.653678907120446
0.45652882395250866,0.4793680094539283
0.5361855319517883,0.53255524014321
0.733931614920876,0.7402006149540593
0.7488294137299795,0.7449640903045012
0.29055515380501984,0.30629140804231897
1.3155644054390714,1.428249958383761
0.07292930524480695,0.08065978457735914
0.15963922301817673,0.14780673948949946
1.047221532807835,1.057938690659943
0.2582877272962211,0.23664601563515458
0.5997434504779461,0.5846273008383788
0.11341450885689063,0.12908730352198347
0.833300103526299,0.8144007086722023
1.5100330756237061,1.588666177607823
0.32631160844305496,0.31361676649107495
0.20646182464390592,0.2316028784131805
0.41700641856576615,0.41560690667710537
1.0500164596000119,1.0235655830702919
0.4351318037322566,0.5256122148779185
0.8101209012439902,0.8201535637488322
1.181232985804393,1.0703325260144765
0.1693370661126309,0.14348213429386264
0.38811682299986316,0.40157895207497024
0.3450672728983737,0.3669515496803428
0.7106834988621845,0.7180848572979156
0.3105127089781845,0.3616869578908534
0.6932203283955357,0.6507355372592417
0.06711505643614317,0.05392238310710644
0.27475949943380845,0.29375611865686163
0.9471554500625206,0.9752699951711682
0.6391996909336262,0.6331872514611998
0.5236964976358367,0.5046418192531463
0.8003484148014193,0.7677443999103211
0.09483925076595907,0.08814670374574397
0.20690750586934675,0.21578216051325944
0.3296887742643216,0.32981411683285544
0.19035343871115143,0.19595517000640897
0.6864925273705585,0.705969976339685
0.12169161935937871,0.1458273375750802
0.8856836646658663,0.8963918953978686
0.3819059271487649,0.3651721744180734
0.40982723987243264,0.40280792383402425
0.4245108748190798,0.4339338352187289
1.780333952879164,1.824705056726722
0.620173121815406,0.6108148041145888
0.3671756823566625,0.34567671266732625
0.2671881332423434,0.2594290814377748
0.533699649515053,0.5313141345326851
0.2966412355805756,0.30515253391809827
0.41102517203693645,0.44775176679023415
0.2613328932430149,0.3005676022577626
1.1196262553967584,1.1382039906327739
0.35461552886101344,0.33774262739327726
0.9695325237069067,1.031068786831301
0.6074142244161965,0.6243409316130535
0.43424672393225755,0.4342257029122395
0.2046694935126971,0.18429767680005846
0.8318192462093189,0.8055382979013785
0.3389809547329206,0.3309176235178119
0.13531005791327902,0.09899078436347772
0.7872105883219167,0.7731575370882702
0.030355861665594397,0.02334910138317076
0.3379935100222722,0.31957483913889395
0.5708279159055406,0.5765540983540003
0.7291362296167365,0.7502400844001782
0.8199894613709633,0.8037834411879407
0.5770369112462826,0.5882929297710648
2.421421793402121,2.548222545873156
0.49862263060322215,0.5116029592206343
0.27790222858986763,0.29255759001295834
0.4839933899258781,0.5025213917040181
0.6107658807495795,0.6139262302024605
2.8625737732256726,2.738155043059402
0.7351008756715566,0.7408829577105528
0.6165462665791204,0.5817238693283664
0.09781340851638053,0.07891593847279389
0.14509597837835536,0.17660405573373533
1.0331202495141072,1.083006874959098
0.4201244053140385,0.4056061137132045
0.35740295912004405,0.34480518583995046
0.18203144249615952,0.17559345218792316
0.29004114963691596,0.29657099931801484
0.6901853194686441,0.7309133750436848
0.5560245427898537,0.5533767196245702
0.12387799124295884,0.10233013161247707
0.24245168579834087,0.22535347056407895
0.4664501156772727,0.3777768183124018
0.47498067199678784,0.49074472927937435
0.5014080325498691,0.4902994749325732
0.6096350281566919,0.6015057440728245
0.21454545333557415,0.18346683536412736
0.18165461812324973,0.15680508458366813
0.01597168135481457,0.014798191258132696
0.27909692877495573,0.264682709107905
0.30239274785183407,0.3027468812073291
0.517817166237682,0.5246354205319366
0.5531163890574906,0.5467969921123147
0.4163583563350163,0.4183262126991961
0.8093812762425409,0.7841252257736459
0.2146932851630067,0.24946804331893072
0.4406814343167774,0.4511368804505397
0.13097350917349632,0.13210251307409177
1.3485075028863425,1.3403089204542151
0.34707683331277983,0.3890988920413189
0.6408462741474293,0.6310818292954862
1.5230133571418245,1.2551126045997978
0.4617005376212656,0.45683474690492704
0.0600625929760867,0.04633905815194828
0.6637909717860955,0.645869810100455
0.28709802925704503,0.3157177046151121
1.1427898124183782,1.123593180722669
0.4577547900616772,0.46690409303067254
1.0213518360419196,1.0150098755331711
0.19213241990255092,0.19890708883215152
0.2859712939370266,0.27045762404226814
0.5849984478456632,0.5522889983431567
1.3393745328988993,1.3218728828980189
1.415442397150981,1.5022349651464333
0.5899407493246188,0.5748613802808312
0.445900356754617,0.4345177702269187
1.7588827770676576,1.713257804590607
0.16795675958602801,0.16712511413427514
0.6552229132199748,0.6695882370703057
1.4543857882492055,1.392134654899992
0.6529214109189215,0.654960028227197
0.6802104336535216,0.6635334405391097
1.1916646527120902,1.1630659659944316
0.8156954860573465,0.7802700681241239
1.2770207935878135,1.276082009297978
1.162181002046464,1.1661888152476798
0.4440827025113386,0.46118335729898247
0.48152037361209443,0.4904543378606554
0.4889836101305472,0.5213205548593604
1.2429708652808313,1.2259782161058184
0.3718076229821878,0.3550758240340796
1.6338830134504807,1.687278844431897
0.9358672425178463,0.9420130592494149
0.5638377437946194,0.5677496546397719
0.23713078337760915,0.2419192079370213
0.7536786036630398,0.7024820536217935
0.14161138427933065,0.13069661702843174
0.9997157250486017,1.0172503966649902
0.5426889717981098,0.5654679208164491
0.17258761636637432,0.16677198985315012
0.5008566666325858,0.5348981067176812
0.4736618556420057,0.46748091952187554
0.5905707506839551,0.5816595920799056
0.5714004543925221,0.5702892636361754
0.41568857298613093,0.4103794152147705
0.5333030424966778,0.5259629414191114
1.0934901897858937,1.0663060760953145
0.1885085667342138,0.18011077402663914
0.6012833779768,0.5487842975851182
0.20139569941356447,0.2284791430681125
0.5730206141498125,0.5822296858106086
0.46916043874233526,0.4794675906088358
1.256527484904184,1.126991150294351
0.5680111829166149,0.5339597161221544
0.8426903528951927,0.8644329185913813
1.2438913298429244,1.242733766369224
0.9856363270199875,1.0127366943906702
0.2660298174843449,0.30191029939969083
0.9979374085041447,0.9961352086959772
0.14037778165398432,0.154527222794153
0.961941896345991,0.9510670290994215
1.1780121727041464,1.186058749012977
0.6233036160446224,0.625225624948675
0.21512291087933666,0.19099501890676848
0.21133501277180392,0.2537034602842074
0.6035814807788992,0.6360801176824303
1.1254718662299805,1.0092852072309906
0.5237496478063564,0.5295015571839302
1.6836966351217784,1.829711913384629
0.5603193078032381,0.5607244422870803
0.5088286091086855,0.518986050853622
0.889692527386654,0.8775720230956956
0.9112884394490435,0.8931404666413408
0.9839041494541132,0.906449176731024
0.11411508789638827,0.1246015980725053
0.2678378434836287,0.2620051694911126
0.5425967180509377,0.5231255408235822
0.6192604912221232,0.6231513676784948
0.6713374573620627,0.6619012396352035
0.630526524621419,0.6497755340447706
0.20434636840480408,0.18473088535372367
0.23917608212066713,0.21425946857934278
0.21901919924887114,0.24012193394592235
0.476920434980667,0.47948698459616235
0.6548697901796349,0.6243451657485957
0.4360995683241874,0.40277424005509266
0.23657429186135476,0.23644160718227403
0.038594193289215685,0.028951993652685255
0.6763214321797193,0.6735014420865036
0.8302651535877769,0.8170639154655028
0.07498413327160762,0.06635290160538503
0.31859737994898957,0.3393593689904684
0.2405294742164467,0.23876569216961288
0.6012217428499418,0.5799839140553052
0.06390443017244399,0.06438945075942928
0.1431062589720087,0.10332295992059018
0.35278253776083734,0.3305641016678906
0.570642855561912,0.5714086746757755
0.7169279481321205,0.7087671223027169
0.6645095159987155,0.682102228730054
0.3379274111082556,0.32293734742372326
0.4260442655379171,0.4819796728843515
0.341389836971386,0.3234296402574095
0.45124753488486585,0.43642902578939596
1.0507102849051904,0.9021182924885839
0.41146391949141203,0.41538924765327806
0.6462897108713598,0.6442341657850693
0.7022080857691801,0.6634009539663281
0.7361729314673279,0.7706071278481887
0.8183317728160593,0.6894399391996189
0.15378576097034222,0.15234773364793844
0.27604100696384093,0.2528998012988266
0.2778036136412375,0.2697763746832667
0.819574328586371,0.8525337606792803
0.5322399793982152,0.5334697753142345
0.869695541231099,0.8451804470486867
0.8666914928961895,0.848279582203891
0.3490442706782881,0.36094776978828025
0.06088565756903554,0.03807038012590873
0.13650804203946015,0.14345212301115184
0.28756020693469064,0.23632129295694151
1.446149248796593,1.3911067430905473
1.2523186753535946,1.1759241087679588
0.8204826688908561,0.8372965960331518
0.4258942433172761,0.4233233187395387
1.0214350540982957,0.9943466649203296
0.7615753274985846,0.7746740691071933
0.6396427943277092,0.6526344240122245
0.4444326088759159,0.4371635004734047
0.3969450409894062,0.4021565113032666
1.5557427835181648,1.4059084843903928
0.15852327661669996,0.2036886704802447
0.5049777284398108,0.501035485518328
1.0897785514535423,1.1114593062250744
1.1150801770184506,1.1154715229487433
0.6312016966799368,0.625618587007944
0.21176789793237152,0.19299786932702706
0.5174981118184524,0.5623761738042119
0.20035875498994968,0.20361402395548747
1.6671309164249366,1.626016902708982
0.2561475118487717,0.21768362042784098
0.23682965436815756,0.22632632196728078
0.3076134029746612,0.31915045294620054
0.07131147122606743,0.07894738225316746
0.4268755816963847,0.3888276328332187
0.6994433513827193,0.7321503573392775
0.13628015176725408,0.11687857727991588
0.2834472326827906,0.2732162851586882
0.2916907382513752,0.2550947361471418
1.3686816052347515,1.3373396481456385
0.7556439970571798,0.7492928046330624
1.0810229807753655,1.109067969235911
0.7764583502839979,0.7591520991475796
0.3631808263587005,0.3603337258487055
0.9086910046826532,0.9281157979940589
0.5364016979214425,0.5282171753424373
0.2891575271110674,0.28670307064126593
0.17199927748601418,0.18622109693394653
1.0072693383701485,1.0160799669534324
0.479942244115708,0.4873806076106071
1.364381614812699,1.2993568213279647
0.8439904444375185,0.8486837111291773
2.035287725896591,1.9039813503767684
0.6017942347470758,0.593913957148409
0.24485001989540092,0.2524356675476491
0.6299780626375712,0.6574105327261841
0.8770760370247085,0.8612405329581776
0.172743082303708,0.1729636390019903
0.3311749842099432,0.3003333754937181
1.012232951289051,1.0214182604281419
0.6128815174272628,0.6162332573475612
0.7592565566968661,0.759725999953534
0.031219236747902442,0.022955452935127497
0.3187151210834393,0.2980200433870615
0.157616718131355,0.14650521430374971
0.10368559464471293,0.10707059715869807
0.8937127249748429,0.9323247688352493
0.11532863044848057,0.1019167923513613
1.3568610423646532,1.3847541591796393
1.2241340249411359,1.1812386234292174
0.2985893050831543,0.24479166875927613
0.41909318584545907,0.4015471113614278
0.3805219177947043,0.37111900973365836
0.362326403338967,0.36799558494328743
0.6892303865866548,0.6957446539673462
0.9167137506690946,0.8942934294348501
1.0958172247415991,1.1164286491594537
0.7028289794321824,0.6724467006653947
0.1548691083195443,0.16579232882081102
0.6929354140726626,0.720254109085126
0.4686662180728044,0.44621518152195244
0.4997048449357534,0.5011205080562589
0.5961128840823937,0.5915755784855506
0.21407103376108266,0.21762522540962678
0.14141649647645962,0.15706063556684607
0.4031864952753283,0.4045661210598482
1.1804366263279025,1.1290013078819645
2.2428194069827296,2.2854984546822616
0.6736646158487819,0.6900720878811597
2.000426657715306,1.931915184350438
0.22760360843760663,0.22846180150030446
0.3440821607550813,0.33470404357426503
0.38408477750657366,0.36278939604531074
0.5530869749998771,0.5540937989169141
2.3259149974627693,2.442309738552879
0.276526620995312,0.27142788632940396
0.6108682495485384,0.6224927395969597
0.4012704466452224,0.4071131993513494
2.225931302400942,1.9107251201597464
0.5491807062523286,0.5534328940083215
0.2755801802212631,0.339198396511372
0.8646155554955002,0.8797704765158469
0.6194510013913451,0.6395470408263976
0.19276462840403522,0.20065464047871578
1.1617096265008613,1.1629891667936791
1.3876171547708216,1.3508577619373359
0.9911572450204552,1.0601679699352426
0.31971990589534816,0.32974256275468283
0.27833415471948103,0.27268562744715846
0.02290152708996704,0.012740578976430168
0.2696537250825677,0.2808543110092127
0.33237846438008195,0.3018138017164752
0.34524871587894945,0.3803919565329786
0.5530316407756308,0.5359426801906026
0.6149336090463587,0.5774659563877227
0.9940334495890388,1.0624369182399769
0.8270844724949853,0.8393707920433682
0.32108602564565647,0.3180170000306926
0.46241436137241243,0.4567748397038231
0.19296527028607124,0.24234915956373243
1.081273585654626,1.068141960298248
0.40660133888879985,0.4102453821629929
0.3846567466696783,0.3954697246219372
0.15365437876376242,0.18608886618621961
0.4722881015792305,0.47971735886803
0.4715827014450752,0.46645275327729135
0.6889275281590799,0.6837979473160258
1.0666777425672913,1.0512590176748975
0.7075578149305018,0.7210054311964498
0.41476785137376454,0.41426187187242025
0.23409397178773053,0.23420873529196606
0.944951510185499,0.9313875813233119
1.1016634917394659,1.0783473402511816
0.6326408983207286,0.5424615003076262
0.7651945953905296,0.7779070522890467
0.48533605363817905,0.49938944030758464
0.13137046747580064,0.12523536906780283
0.20332724988348977,0.18366951591160904
0.7557926364056368,0.7752435286111782
0.5127233446490137,0.5055263425982531
1.3970709993818968,1.372904170449393
0.08598618779944006,0.12919226333910772
0.2839960670870692,0.26723043282837566
1.1971435981900354,1.2193037681024634
0.7072362589132392,0.710641060329938
0.8456377951162488,0.7926548188648616
0.32889597068982923,0.31886788005534406
0.3332082489831053,0.3780746749848777
0.2941714600675879,0.29770946712994323
1.0061254079399597,1.0013001173404492
0.9216594197349457,0.9116384164364216
1.243164744392032,1.3300571302032214
0.5327440278133514,0.5330452897064802
0.8816169805909798,0.8730732588709724
0.5011750628181919,0.5055717175275153
0.5735252208448561,0.5383062534231667
1.7478653409174014,1.71950415323987
0.24506868831220394,0.2877278868365886
1.0460627128510225,1.072784916139863
0.5273823774426187,0.5041661911401258
0.32686738871496507,0.30694911589726115
0.5413865448702365,0.5354666474027262
0.6606094409286318,0.6656284416009574
0.4836465412574205,0.4333493400218348
0.18325187254153705,0.12249013956685084
0.2955515842455178,0.2929296295157632
0.671316093386825,0.6414393981725144
0.6609284903740893,0.6633506409848572
0.4752049897990132,0.4733662531491566
0.1420195701542354,0.16091812926619706
0.32081145925118054,0.3169060847093277
0.28877228041920794,0.27472186368963597
0.22447969832874295,0.2329742366856969
0.3076441961830959,0.26854727013779917
0.38295492222285893,0.3841416338461436
0.6841740657036287,0.681630688912242
0.7775775523990712,0.7597156379951356
1.8715128575479845,2.1679940047253794
0.12149780901930547,0.162340859220508
0.4424186891485754,0.461909154010066
0.5263523140631173,0.5276451118030363
0.116292798973373,0.11000730087458224
0.5620426866334899,0.5737010755106016
0.7688025130199302,0.7632029148506482
0.2920760202445002,0.28846966440200345
0.28435074908546953,0.29603990878871705
0.6208493798817505,0.6621839625529595
0.5470195125627394,0.5651039952381143
1.869860182761602,1.8948528185604263
0.28784574969076765,0.2638791998146503
0.5685271335079284,0.5719432415848079
0.6402120149898232,0.5989046496747064
0.4124703869708399,0.4058047779884396
0.8985651531427115,0.8711754428131974
0.7141190326682534,0.7158270346907034
1.2239137053058167,1.0930965902992766
0.4792625123351521,0.4799531554960589
0.43407648148463257,0.45600968886264526
0.6092884417448133,0.6111051667506312
0.7638174778646939,0.7447441572673282
0.4684874421799789,0.439745811512329
0.8680912127668454,0.8879701229720458
0.3921410474790099,0.407820296655095
0.470531181733758,0.5506175280912237
0.5891772992006032,0.5883197057958955
0.34497718118217846,0.33961345748631055
0.14472952908791675,0.1382714143529834
1.3138637346823552,1.3187533193826457
0.12388432016075587,0.1433030496970021
0.7340056972882643,0.7207572519220231
0.4810242457775677,0.4744799840555723
0.8062894045515828,0.8242420678630097
0.3023364792225463,0.28777546119902025
0.31090243904904014,0.29047057364374235
0.42618726567425963,0.43664056923196287
1.0366552613560662,1.057729871623454
1.1792427448992997,1.203626803105711
0.21791904253137523,0.2146615788821783
1.185624936628869,1.1679134984570965
0.1795568182611389,0.14300532405116237
0.7211154734807106,0.7171395147676307
1.5998252793803354,1.678539538371168
0.6964835409189485,0.6873073359776257
0.7590418811730391,0.683733906455951
0.5356667116282454,0.5451984967710997
0.8011305634912949,0.8426970623933027
0.7740479920772183,0.8044189208858239
0.3007439557705739,0.2907155886121793
1.3600230394004034,1.446992170402028
0.6523053407596964,0.643053769213217
2.4591342027272205,2.5706794767947785
0.9884748456778029,0.9983666812926083
0.1381342308455516,0.1272206844617016
0.22574682589715175,0.23712606883231793
0.3036513709375558,0.31800883766751686
0.3486590894507795,0.32748577198936535
0.14496012076777473,0.14470707208680134
1.1291911894178,1.1403846288491433
1.0241694282160878,1.0039502819365322
1.2226070068376995,1.334169437807185
0.6412806986937869,0.6492251121399393
0.48724101441173073,0.5057031596881576
0.6125459014655037,0.5812275560007246
0.7988789699860804,0.8407500189058151
0.7828174048308403,0.8220158627999475
0.5297313267070237,0.5325881521157284
0.4142298267377006,0.4133778292863396
1.011865113527976,1.0199708137730892
0.37076994120654155,0.3658513357392689
0.9935686143876366,0.9919726572719949
0.3183787926925196,0.3060334460338542
0.5754779878610807,0.6177558421016295
0.8978196444698018,0.8524717838222509
1.5714581038942277,1.6106736595179094
0.20583919432746406,0.21028542409397358
0.5154064742847582,0.5346711035509704
0.5945220718246075,0.6186687275302784
0.038628422828889425,0.04570480383253696
0.9580962054189263,0.9577835499962598
0.2884831703292327,0.3000167487995966
0.15411610101457643,0.1176959868057607
0.4677324013837177,0.47530712115350565
0.043554395629114055,0.04621952895980069
1.0917439171003467,1.0945344232888032
0.30949582235334094,0.3332915739591706
1.3812094215460535,1.4736225442414588
0.4691469033319039,0.49151073227928704
0.3531758165208122,0.3458335642627553
1.8532530770302187,1.8145251490753536
0.22830198843145144,0.23029988482860228
1.5397639890498718,1.6403174661763993
0.9068371535280355,0.9237435078559294
0.25662914314866037,0.24483672494576117
1.0881099059133255,1.0721088555313074
0.33932392837829345,0.3504531785329347
0.9800823104069261,0.9734879866174003
1.1856845556613027,1.179608930504307
1.141348116970974,1.1098935530198466
0.8106274308982514,0.8305316336722558
0.33446808080881213,0.29836983413144713
0.3294190841869487,0.3257353948780707
0.3185665946537902,0.3332199104855123
0.5228411892964666,0.5432945901981564
0.9698509192902578,1.0643501489860803
1.4185051163897993,1.396656231309657
0.20486254961481593,0.20109897780705685
0.191945822879913,0.19459156501268018
0.9031333471876446,0.907747982549818
0.06629079828491322,0.06685627161441346
0.7114266763442375,0.7039213689039313
0.41135675548258493,0.41183158403867526
0.6278001426424346,0.6268153728071684
0.5190574270849337,0.5042837950878201
1.3594894040657899,1.349769125003345
0.6994002926567213,0.7094133964678091
0.7381451461962025,0.7444251434189022
0.1603080496804373,0.14972675387503753
1.5077152406362482,1.5038656602309828
0.2999623862991404,0.29703661772611695
0.2872132459815284,0.28001257560482795
0.4132254544494428,0.4123252955625707
0.5249806688276955,0.5383715029173504
0.0694160375260676,0.08687933309141341
1.2120525468647232,1.2158784414346158
0.47630250438590593,0.40712145252895876
0.29828418473555196,0.32067041358877224
0.6044934484283027,0.5604077255028864
0.711759748135184,0.6973892894046942
0.48058419768069194,0.5094428567552466
1.245891152848651,1.2603766111708266
0.32546883352304,0.2920204070396691
0.26882995179077845,0.2485582919889417
0.347503725792353,0.41013654393397625
0.5606792716321395,0.4985912170538908
0.7903659687549288,0.7640668850093365
0.11881571288892358,0.11889646817969159
0.4383761848842567,0.4569236911606512
2.373592240572712,2.3500349814061847
0.413206876831198,0.4249496375904443
0.3855603925360852,0.39255142341365196
1.0491161817544723,1.0701078826894792
0.18037982443515607,0.19018018694857947
1.392909887705193,1.4208889294513019
1.2359709323661303,1.2590935212912522
0.31278953873456367,0.30272953015145077
0.6761039208256743,0.6696544260467585
0.19559825739311093,0.19562611921148335
0.18781667738244262,0.14826131171569204
0.19113704904720832,0.19132231762294413
0.643543146080904,0.6192574827093114
0.8587021988687829,0.8934961012256922
0.9785088641763333,0.9946784785691494
0.5304098394901009,0.558782644550654
0.213059974359868,0.2027922271970221
0.24705090886451628,0.24305259153962036
0.7180307774254769,0.7199583854010183
0.37853442093136014,0.3595426762613686
0.33626156080926306,0.3403212745502511
0.7527646568099708,0.699846667947238
0.27483916428268157,0.2222030844306146
1.4500087276486742,1.4523377593714955
0.8688985336779925,0.8593966138493445
0.7592661600890458,0.7574006770713781
0.47273849877713475,0.4876142857507611
1.484433374595367,1.4217723098989683
0.5443751783690692,0.5447744420238855
0.1320079172164898,0.13770820296913416
0.06535255868491315,0.06562480633639636
0.13671328658038018,0.1707952385956294
1.0135680328532906,0.9909473255573318
0.8075601116830416,0.8222183831699488
0.2531535471969959,0.2154620437088557
0.1152956279909227,0.12518536790476162
0.7375002398637198,0.7454208756090309
0.21689900669896856,0.21618390372372165
0.693741064341766,0.7111214319333103
0.7438645151719161,0.766190495464566
0.7187881611861688,0.7524313061539452
0.7071423137970145,0.6948210730789767
1.2854383149149253,1.2966221500244286
1.9799567788389414,2.0723787859492275
0.8310943384853503,0.8405096050745352
1.0004896244975892,0.9774381031847645
0.08635513836915083,0.09665079659534241
0.6321083177181651,0.60211451716469
0.29044240763683754,0.26271788825866865
0.6996610061800821,0.7152073921472649
0.7957251541156414,0.7764612085131474
0.6811737103347376,0.6839594960278175
0.6239947615879189,0.5937232197391935
1.3376245192772678,1.3091125555269498
0.2038465354154787,0.21226613202308725
0.475356859233844,0.4787377823573271
0.11233485253764414,0.12951370839787715
0.4836303597238677,0.48011492486931623
0.3953276502509257,0.4081534089096628
0.5576866390354754,0.5836401647224381
1.9260270903853547,1.991024832466869
0.5215716711937728,0.5326615681149536
1.2108341414885502,1.20415191083441
0.2741726518220145,0.30604706015486893
0.4236105172029282,0.41124747664959316
1.0329842194135113,1.0635565281584285
0.8815144710909484,0.8786668427484902
1.4405953810933296,1.3183449368284008
0.4916712171107167,0.4882184361092245
0.8145286327362817,0.8045264088898901
0.4513029130418796,0.46694790104466566
0.6883745066370127,0.6810000842985223
0.47311195960783026,0.47417765745644536
0.6400493930723186,0.6489273474766468
0.46556757222930906,0.49201865413442986
0.1443721762571292,0.13280595732812375
0.22193905160133875,0.20948564930654712
0.35526635290533015,0.35360097183303124
0.6326710029780952,0.6255379756297135
0.599669806568791,0.5971006310214407
0.6497303848072368,0.6020220092899289
0.6960752367382353,0.7109776348714146
1.3211332268882274,1.4715151331618719
0.5656923909185134,0.5607851086241984
2.0424377420249993,2.094179181754055
0.20630910218539478,0.20216167280402128
0.8967286774704458,0.8756398078425147
0.29722083589747156,0.30830664390535745
0.3812776883221065,0.38270736510975295
0.2022982710511187,0.21794920902680737
0.7590342855915545,0.7886924780639248
0.702901633774216,0.7129459454857665
0.4142577481474265,0.42448737126758934
0.08114056496750972,0.0866113132005282
0.9055437716585466,0.9012458102853818
0.058633075766980486,0.05746605323381179
1.6172000631367789,1.5237472068168616
1.317575511864358,1.16573578273781
0.3648562145566075,0.36889393242734014
0.2733264533524046,0.28192327825836455
0.17418505972981407,0.21046767150335288
0.15315031219874256,0.1291886046991151
0.5699171543923097,0.5772120725669408
0.16487456399880138,0.20417088720299886
0.8113813404033123,0.8395106335573399
0.35392884260853147,0.354924060491147
0.24330319907562814,0.22016659099429178
0.7056394191866594,0.6963259029290519
0.6166528498000272,0.5832370140298073
0.1513691532933034,0.12174004705285184
0.471010256055495,0.46678879502471304
1.4773251741982614,1.4829600137004264
0.12939134180571724,0.09959951532015829
0.4385774524440975,0.4234591034935577
0.06591442730148951,0.07061354441859233
0.29196349977318664,0.2910232125211231
0.8654577631047227,0.7618491547759392
0.9084619002945119,0.8728235916490426
0.132657227959623,0.14174731745502495
0.33138924258543473,0.3445812093600873
0.8447059674324157,0.8544756027498085
0.07322189946959434,0.08629347044729226
0.3723629428220733,0.35887817830217567
0.5872238740012408,0.612208588529431
0.4994179175144516,0.4897829589563733
0.43360928079894956,0.4320632536624823
0.11020652125463086,0.11102966010060092
0.7422055400547445,0.7605502120944584
0.40623794308174305,0.40288302448147706
0.3451350027118256,0.3534351327889889
0.1458185636358278,0.1646543265657446
0.3986125440128422,0.34683155104822455
0.16039361511588343,0.1427033647954503
0.2289762968665845,0.28362386757795066
0.8346336954675395,0.8484690690147163
0.45012079613139405,0.4644739479518984
0.3414849355140867,0.35796562300817464
0.3878282378734728,0.38872062602633595
0.7655901281654423,0.7840777477602645
0.5042433139545716,0.5220993199927793
1.4822414364459313,1.5495817224412456
0.15365414778816466,0.14380386083568986
0.44762796623146583,0.42609298773137366
0.8843824796506276,0.8796730201037246
0.5641309323610636,0.5786034831032768
0.3728701831983512,0.38369937476210153
0.3915690818058987,0.377937689264196
0.3488263552645448,0.31362062395971596
0.1738732597327456,0.16039364774805437
0.46427946837837214,0.4665289817630448
0.8490967058157689,0.8495290449410006
0.4072868394318253,0.39962153142128903
1.2776149996268522,1.2672224402689372
0.6587990333219638,0.6473086634481343
0.2792361840617892,0.26891097714007217
1.5282959960519589,1.5498703335920652
1.322440829217884,1.307327258495562
0.39969097139294585,0.4136921227000802
0.28598618117664865,0.3116590387188789
0.3700811613435529,0.39709837693792605
0.2268143326376587,0.18974020113271156
0.43587316355971234,0.42774204475182737
1.743058732999457,1.7428117654600808
0.24470681563624602,0.20731955528573492
1.3685690455858448,1.3642651460285657
0.9721369755820825,0.9921654901196901
0.3174588263095936,0.3542729508077864
0.24958798313122116,0.2227575359731886
0.5369057273504968,0.5307152365098133
0.3451264280877155,0.28845669187001866
1.0124641764261015,0.9849902766623209
1.3065486605744365,1.2725503621936094
0.4981786382233957,0.4932910133424695
0.35141425201117815,0.32512640362151884
1.4173937550432658,1.4341991491625279
1.1619883054952977,1.1897516876725027
0.3868524623253456,0.3947647563355701
0.6861821300354325,0.6585736634793437
0.4456482214400086,0.44024793765538717
0.27336099476958214,0.3015239440374382
0.8004904859438906,0.7999649062761846
0.25869849252434723,0.2715469051077002
0.265173701690808,0.26021840996273954
1.2682626485692283,1.1711337517278313
0.22187607517263494,0.233524227894037
0.17075154516098093,0.17055799527411164
0.22876780177078215,0.21532627680555588
0.31960704585888733,0.33311025944304545
0.2833777856216727,0.3052689201176664
0.5261056164803373,0.5286377780869116
0.8510157819170345,0.8464717450193523
0.7335560130566559,0.7343188341305594
0.7935084976096616,0.8344828907280052
0.49033932150135723,0.49071140114898965
0.40340846975057626,0.3984906274232331
0.3672542320465282,0.385178536063496
0.1663520196931174,0.13038260292405282
0.5567725950666906,0.5584443962884428
0.29874651544064634,0.3340544701239194
0.45618864129723435,0.4326930637478591
0.16561516499699278,0.09932961357803644
1.2546733882593184,1.3004534023716567
0.30972474521124327,0.308366099236644
0.8839453440581816,0.8754200538095294
0.1499383539440407,0.11698512207618468
1.5370328692981492,1.5618883778496915
0.24475958306309697,0.2391274514697473
0.21652670038322772,0.11984140816647294
0.3390737420729772,0.34551694774470343
0.223871139714063,0.22003116402728573
0.4904096535118139,0.48306664454638093
0.38700603344846446,0.3970790862189845
0.8954079472103433,0.9196528001283061
0.3881067813682142,0.40326928840838544
0.3021622284906839,0.2882345085266849
1.0817803642062673,1.0450754461643712
0.4788152504353981,0.48448987219885714
0.25800815393392934,0.27401923975774967
0.603925947638111,0.6122510547604358
0.3720648079579304,0.3831821942514229
0.35445006117747374,0.36486408912625456
0.1992859534637887,0.1812333534292078
0.252888626130445,0.3263923489350302
0.5531459614451203,0.5616482686985014
0.6506970465177312,0.6546967007794675
0.3517417915315319,0.3729538857652325
0.8776596396273253,0.9132164182619191
0.3479139926729876,0.3528820521019064
0.23676782297763854,0.20500525988842963
0.2580031169325315,0.2651126504640758
0.37685805418411383,0.3853329084509674
0.06976875164635121,0.050401987513532795
1.2163959222160077,1.1735626004156372
0.14635957562981677,0.16817964639153832
0.6572469629382139,0.6425283668709271
1.1165264850661638,1.1114092776164808
0.23606904990206296,0.2716855058528497
0.6340032466386213,0.6203436944341517
0.6895399432385381,0.7028701935331674
1.2929921619432343,1.3115906415437517
0.18036378508258458,0.1799599837334831
0.4697126828844277,0.46138212921701205
0.16689187893199972,0.12992258483175348
0.6514475081852885,0.637597107827997
0.4398090217734762,0.4347978404782198
0.6393652287190372,0.6460694809640324
0.7485516036430532,0.7334044210968255
0.8487676569396482,0.8383194383105492
0.34147321483528564,0.36170046119839394
0.060733601420348886,0.05510600598955754
0.749514361157248,0.777914672650193
0.41604931994199873,0.4217946209013687
0.38494460906414973,0.323487023062323
0.45165591663195903,0.46523588987868525
1.1148606621678057,1.113456042652983
1.3157928464583433,1.3619694324114662
1.6580215350617804,1.5663957005027411
0.9281682698670499,0.9450480111474004
1.0790256756105128,1.0797574306663529
1.424981831813985,1.421545757539259
1.1595053224738847,1.1288017229296479
0.21255252159351956,0.20348596651807271
0.5336009240829204,0.5347900618980513
0.42317278444001616,0.4254406424044589
1.0923053380572894,1.0940626375631135
0.8964848948816038,0.888332470153237
0.5397637096744978,0.5370917476417252
0.8276398354426286,0.831956744905898
1.099220334714406,1.0716641374046065
0.6295841102028712,0.6102600125168959
0.28874578028413017,0.298269430320578
0.6372984247310248,0.6526890281645302
0.4712541181804277,0.4600101328204116
0.2791415324105019,0.27792002485443873
0.5147673793710001,0.4946827104233614
0.36332013085430287,0.3920102569108047
0.26005234346427075,0.25344838096744016
1.1311560479085236,1.1197950290575462
0.7405171211723118,0.7651640518890596
0.8744423812455929,0.8467483567429126
0.39492725805079987,0.3836472794921333
0.16083207216297069,0.1762078263689064
0.411131048942133,0.4230897174282631
0.5421071390273631,0.5319742216109221
0.5420142174937252,0.5337131161146298
0.45340441351393673,0.43576252419977135
0.6460109791109759,0.6581556888821675
0.8581482729982236,0.8677519721836373
1.089436550474437,1.0968728667218257
0.4169252981678877,0.43937906350237216
1.779167516473883,1.6075676934720993
0.7811992070816303,0.7914813486495138
0.4600604351583198,0.44517723404513954
0.2636945603462391,0.29740213506107493
0.925144646929764,0.9378937754281894
1.3544166700890976,1.298774596502041
0.6721279689471398,0.644548309917131
1.6430963741170683,1.7570046031426856
0.7185928621305772,0.7120908776325754
0.3785276556951104,0.3800878953601662
0.9881300607582663,1.0037346984902242
0.7940819595433811,0.7920709031186982
0.1860859583871623,0.20001080405657412
1.1953100323238424,1.3017794453898281
0.608748828362825,0.6320498971227575
0.5446398340145691,0.5637018132609436
0.16533027665884867,0.17476084703494968
0.4382552976938688,0.43515902740335194
0.20821414605211436,0.17188136649043367
1.0299052279067,1.006529072301688
0.3851635948817986,0.409415691684121
0.8478323240157706,0.8315662870522722
0.2904151057022188,0.3058474146645924
0.38011260164249727,0.3709800003081066
1.0099926888889201,1.0199103756040764
0.8613420229526447,0.8238031713938735
0.5898403596511953,0.5696212233987926
0.18083156350321578,0.18905354207686154
0.6041506889724275,0.6493284983310067
1.2648232320718782,1.2883842973386033
0.5434167058220386,0.5316089697570938
0.847708236285342,0.8474227982682145
1.3460366472308452,1.3805335113242876
1.4727622916868124,1.4278943000310658
0.6969604495380687,0.7057013701741541
0.492795661081597,0.5090651066866004
0.10648010321822697,0.09807079463898506
1.3839422176688734,1.30046213797704
0.44128376395224544,0.4695667027618657
0.7124089021587532,0.6827366929132465
0.7745336151583196,0.7430265075798728
0.3219995078427906,0.31883783469582627
0.8132364824528742,0.8083086759060236
1.6195331386888296,1.5049270688971947
0.9240519658873467,0.9276873632849257
0.2369123304515996,0.23896235474381683
0.5037361366294137,0.49799150949034
0.30773183009135335,0.2886715348390554
0.3914561108614174,0.4018329910248503
0.3635132230878893,0.3661557549646299
0.5523603026695885,0.5593471629521051
0.4887871141653248,0.5118994516303305
0.44999150843765434,0.44985716042433627
1.1503452180404128,1.179621865867629
0.2322414016377666,0.23453071474367063
0.8291785344326652,0.8427947578291218
0.4099425339428396,0.40690926133624145
0.26787476114807496,0.23421684352879996
0.502248266723906,0.5045541003087235
0.9010870705221395,0.9156162065163055
1.175577559446716,1.179772040237761
0.9530464518375071,0.9381648897772038
0.5157673310042333,0.5232722216953863
0.4507506868591904,0.4596436431477308
0.6798196670782019,0.6916457006122544
0.5645654674185784,0.608961893084891
0.7687072738299555,0.7450634732424932
0.945723670854577,0.9439524930430525
0.6811893929934799,0.6807380880050621
0.5408626087682957,0.5481468094160905
0.025974614886412038,0.0278505026492505
0.4078540889092301,0.4121051882215981
0.5027377883050178,0.514323020799231
0.07243149317257697,0.11209048472444319
0.37586009322361214,0.4199933192977237
0.09333961497639205,0.08922785248037414
0.2882554212279555,0.3038762887414905
0.6927669686700708,0.6867647564306836
0.3529037096088197,0.3513995792331992
0.5493742572227241,0.5464713003824834
0.6791487243711446,0.644828068000504
0.11527340519041601,0.13483991160981332
1.308450489296262,1.300350444784506
0.056572916795582684,0.04895612044002947
0.1749822248460596,0.14070810571142603
0.12948907621145536,0.12545720160900514
0.8101269790369139,0.8102961977650912
0.4829483427999994,0.47973985876352165
0.060125560059264706,0.05409752916977966
0.7985612317107165,0.8045370399513184
0.2446036215898875,0.24006454574548874
0.4893121660987932,0.4947111262824748
0.11030564369930851,0.08838255403303308
0.7035593389598597,0.7299925050817295
0.2543570079011149,0.2422807715149998
0.7199551079178146,0.7187050558875369
0.5637467503942157,0.5776768402831868
0.4775099285832996,0.5006019194959539
1.4999768805117737,1.4958732841682767
0.8962889358650792,0.9162292531118912
0.23951694398278273,0.2151145443889353
0.40493302573247647,0.4031678196067115
1.5297324181018819,1.5844927696599713
0.7138886719191061,0.7097693433717074
0.8765248479812703,0.8990712673224518
0.8516619303910578,0.8454158030283122
0.7719737456654452,0.7786164073328808
0.7808703118838523,0.7679336580478346
0.8113424750365066,0.8274846413819501
0.47972174515258326,0.4900643714678901
0.742184942418179,0.7299144584428642
1.9214992708376397,1.9451454611177537
0.8669139652638439,0.8620872820650302
0.6876935760256431,0.6482894743101464
0.3474460848875415,0.38802585595833344
0.33266944812227167,0.3208303075755114
1.0397238411115939,1.0516692915718668
0.28730072939141693,0.3136360782860548
0.3584053649229655,0.34459116699089604
1.0541896328955533,0.9972013765953602
0.2203762732001448,0.18762373225533274
0.2475277042902373,0.24484961119232704
0.8349432624803246,0.8301332478802752
1.2376963886184296,1.2606641504045255
1.038159331891634,1.0252331588291705
0.517758311681246,0.5170909986196446
0.631181272881105,0.6369451688122512
0.5511313787195187,0.579658739745074
0.462890292619246,0.44743881365338684
0.40031911568351414,0.421349602123334
1.0372706487370553,1.010394812244231
0.5557553515264857,0.5602431277577055
0.6039061926752799,0.6236565976905097
0.732219163997028,0.754201661658442
0.48264399895239,0.46399877911543275
0.9073820844005448,0.921991022113808
0.7169264673625281,0.7291487917543875
0.12393112915112404,0.15198503467891936
1.052521368258327,1.033169007233479
0.6393740327459909,0.6373750686412964
0.27394253240195604,0.3333099350655341
0.8245893474191961,0.8004601049029504
0.9426717482138962,0.9374582386589838
0.21479668420861814,0.20416672258867738
0.3294304707992011,0.29274821714216553
0.8173783697144072,0.8320652080652671
0.7327177120043639,0.7177776257514278
0.35695353231833293,0.3228327753142737
0.08203680881869047,0.07125229140539022
0.3362728028522393,0.3180378318369087
0.5059380932903138,0.49150150506110185
0.4042009273443634,0.4047190715918044
0.8905493215036078,0.834176300293755
1.5409951629442324,1.4331682485094142
0.9668175566047671,0.9135290279417433
0.1350854065282215,0.13531915950977064
0.1929928200629051,0.20465380598358335
0.15635173409214942,0.17232503123851975
0.6291664624564892,0.6297206200530889
0.49303279980941167,0.49939675467115446
0.8408315361020171,0.8312626796311244
0.49122158479947087,0.4919071873856547
1.1112724042523334,1.1193136182654684
1.6015920405866064,1.5046058874382415
0.42704770959690197,0.4230208680917649
0.39242993912176144,0.3867985547516009
0.1650628322644242,0.15430414784677324
0.2293908685790904,0.2236629552834304
1.1519553734606824,1.0464865017519467
0.054524500536800455,0.06808317385615349
0.1958105573666457,0.1735935549612401
0.32504184124163293,0.33021352399802545
1.3677528601170974,1.302005333107167
0.2938361481647631,0.30276066235160576
1.294699345960342,1.2656547265446545
0.7448735268333531,0.7277138133274464
0.22255341353284838,0.22847220069186328
0.25336054180329554,0.27370302147677616
0.7504565887864413,0.794954620419106
0.44132137747557076,0.430965070984043
0.6646122177436523,0.6271584469144348
1.4885976918905182,1.4200428138149932
0.8917388932971333,0.8996997157090209
0.07311741894568151,0.09616971224095675
0.8432371505688416,0.8184280382994353
1.4260499906094661,1.3890820904448362
0.3238129141902528,0.3241651691490475
0.5729732607687157,0.5816060944013988
0.6210295440895548,0.6346164127597398
0.360419441762862,0.35939303059431943
0.6780276355410962,0.6996857779061751
0.7508429086462137,0.7044277114308987
1.0885280771901709,1.065199933574716
1.1109712341599383,1.1108678235346445
0.12612186861147878,0.10760261267487509
0.41440177887991075,0.4032645613252766
0.23520421518982096,0.1887832732641447
0.714589712943238,0.7159002965048477
1.0421445325293577,1.0284701420654963
0.36454692945445516,0.38267129479197276
1.5448722906301544,1.548956490299157
0.3637443946308206,0.38041935265185506
0.1314484351702382,0.08480043368957711
0.9887697152575583,0.9784845717824687
0.8299055672561922,0.8402291999696231
0.6582835424616734,0.6609642130019693
0.3678760885167651,0.35975813436580567
1.9536611011944156,2.0181124394103795
0.17559841217698738,0.15816504006769705
0.5641225268264182,0.5555408638519217
0.5963519613359851,0.6002252004979751
0.17923170181165224,0.18670657225552145
1.032409149488567,1.0741884729388311
0.4791269167494671,0.5467292247076976
0.5143379526585434,0.5174148752764219
0.613235477701049,0.6078470527932937
2.386780242076566,2.679257961304531
1.3423472722539032,1.3003776372587446
0.4208751277108038,0.4367405159440149
1.6529041584611839,1.6246802434008307
0.20753794020166913,0.20269804401410388
0.3386196513463413,0.3515597597847472
0.8784090892359769,0.8657901840005998
0.09853901437964936,0.16079201297662063
0.14327616169869178,0.16976148505100533
0.28259577597257,0.2771799151769535
0.5350013008832518,0.5187732730479337
1.386853604358644,1.2824414750764392
0.7377488136427464,0.7360987118507349
0.6884885557453743,0.6754562083683784
0.6634949409722434,0.6574738340609982
0.6276046404354813,0.6240656493147682
0.9533427071500861,0.9377126603736098
1.1713193843227445,1.1873590333902513
0.7012196196966529,0.7342991408417632
0.06961127957749139,0.07420459606157058
0.9590341625099024,0.9530066754279253
0.23969853437278613,0.23432219215875325
0.29603182413594986,0.279895668686752
0.3845310591396896,0.34759095840034165
0.4397594124621494,0.4380815818254415
0.6076810030365504,0.6120214974702782
0.854310899832083,0.857471022268596
0.9412804659653577,0.9208988103981898
0.7859634664781465,0.7836607043225999
0.19113437541788403,0.1915645764159506
0.26870343936206587,0.3057736782808504
0.42166733202303214,0.4196684513975484
0.7815686723798712,0.7958312494310251
0.37172614693040873,0.3666412895914103
0.35779511287691257,0.3526942382822217
0.24643689747603145,0.23952546351227588
0.7090856717732091,0.7037316493121086
0.7792747152834689,0.7908712572759016
0.6387360323510481,0.6149587920078061
0.07622546087490228,0.06914996412730655
0.2888851909062729,0.35293393574572196
0.3748747258837654,0.40714133731707797
1.0422412550666764,1.033407068101751
0.4392680269471014,0.4318072066484545
0.7882704159811224,0.8021521040212685
0.595310269651518,0.5976285880637698
0.2251816062170553,0.25855635361893403
1.2630022043723739,1.2902171744216298
0.5186560735799638,0.5222609712982428
0.4608824835548365,0.4026719047423327
0.09489429291804538,0.0900813988047412
0.19091890687868007,0.15666430741126655
0.13950030482709566,0.14508530852179213
0.041122549623889365,0.044672550807473864
0.5885205289333874,0.5806954941495952
0.556667831768482,0.5597310721830017
0.4039340707137711,0.46120159324132376
1.4155453573740682,1.37579937659058
0.5094286434135212,0.5051769747993782
0.44957254471219704,0.40962598648339826
0.2075971458138058,0.14196852901829635
0.5099896701629988,0.4585315678416462
0.8847398084225819,0.9824514977455936
0.0441514938381844,0.036157994348804706
0.17770761822019632,0.19213385870114125
0.35267203469454944,0.3552797596952766
1.0600491974578918,1.0128479190352284
0.32267935971244777,0.379578515121834
1.1369113838157057,1.1483178822077542
0.39095860143762595,0.411468493668988
0.23001328799868181,0.23759138822077194
0.3821553953910542,0.37799962465770764
0.1813357535926297,0.18359699419515788
0.8756637630837488,0.87888795139704
0.26905284216090275,0.27942143272851316
0.30110955379043775,0.2641850708124757
1.2144435703314134,1.1630817540385183
1.1908032876088952,1.1640202057985043
0.9566611417806605,0.992021669657099
0.20063433075906856,0.17449666393450758
0.6341019123423824,0.6417988267365726
0.5653661789853087,0.6019585131877038
0.4300348319449445,0.46171936804017777
0.7550209561849152,0.7411249691546284
0.515888770084666,0.5054582513734848
1.0501209794859723,1.0464289857144407
0.6734949964152036,0.6754433352209491
0.7824907787181682,0.7827303146064762
0.9949338315396467,1.0177585789577424
0.7977601322393119,0.7944298817718356
0.36861668646935514,0.4114210712383012
0.30432934079350704,0.3269418369931503
0.7582772545796873,0.7613198603147701
0.7185614549951708,0.7109527393606195
0.19514310441842614,0.19230629597798893
0.5010885466469739,0.4938981790198768
0.493856407476958,0.4996028256680904
0.34750733747288487,0.379282597224924
0.3176702458356234,0.27674090083469605
1.7559583255977511,1.7513236443904214
0.2700955002427877,0.2618899527686072
1.6215154478646616,1.5724708285661098
0.80971153026087,0.839189708087536
0.2976725917367129,0.317818769189489
0.2240982312771203,0.19182716349577392
0.3968707504082648,0.3982882213670954
0.9506870909345259,0.8904609276140344
0.23734311937558367,0.22302867409973526
0.3004269344718765,0.30061173087094756
0.25803384727477124,0.26857027340944306
0.552901142838638,0.5761543958772922
0.4866834601698283,0.49846910746066947
0.19873544962926312,0.1945531558131519
0.59714283130343,0.6140753056050751
0.8270544464242988,0.8651064187703162
0.5861444259401718,0.5866714550958796
0.06105019326583069,0.05829831413383561
1.1779614811375145,1.1786662190163124
0.848839403883715,0.8671908044315327
0.5212764159715914,0.513188925778763
0.6384539300319606,0.6327126317395162
0.7387396285119162,0.7263180464362933
0.5396157083830833,0.5502519353264799
0.5705331247670014,0.5706906155571395
1.3755721241712693,1.2388235351438484
0.9222346581960837,0.9230204195986351
0.6023439894327538,0.5884527387422331
0.12126315166747796,0.11398797917454287
0.7041915516583033,0.7103716816150212
0.29858943475778965,0.2879808930618566
0.15715520286143503,0.14292610071397527
0.22335578104592124,0.2249027161923143
0.4341028686916188,0.43700297588171527
0.42364326165592897,0.3961149814746064
0.7159398645499224,0.7082417012017089
2.121001979968165,2.028486341053059
0.40847526372404064,0.43233666929464243
0.3282251537701016,0.31892983486740284
0.7035332511473976,0.6867767200386892
0.14279129414543737,0.13593881444652442
0.9663224557699525,0.9995570151246113
0.33222018539855613,0.3477657131384271
0.6662038647017952,0.6336092356223555
0.15727218208010788,0.13982061170380078
0.14836217332903145,0.1676564830888805
1.0047393903983726,1.0056289385764747
0.8043795352974101,0.7682991547046901
0.2118532568269496,0.2078809417713861
0.540576267338924,0.5310476822281537
0.9198300624068017,0.946303636083024
0.22160548312013642,0.1568756338399909
1.212514740298142,1.3010789217716265
0.3071120504489195,0.2871270912695227
0.20817921190704297,0.1776671349026104
0.40071696924975664,0.38631033686620386
0.3796446060383992,0.3990091213779998
0.11928769008479177,0.11136361176467195
1.071539653744799,1.1286094831797262
0.40486058225127336,0.43681871036518183
0.5338064626049495,0.5437564708544639
0.48761185000797297,0.4843940139957507
0.6422968072547617,0.6497619168745369
2.098481501545588,2.1985231491735022
0.40838145256145303,0.41402048780015893
0.8418691244246735,0.8340124493785724
0.8775373883593865,0.8739056770323991
0.3474565100473229,0.2999042368184357
1.2714491507652357,1.3199649740362467
0.5003263063413108,0.4976422291855557
0.6671000210323615,0.6603364648720583
0.24039822668618008,0.23543724670847654
1.286987777746702,1.2822091412459098
0.9280208155370337,0.9269106046671828
0.17955939918519864,0.1834323037594749
0.5223518654831972,0.5274610824092905
0.3910399174387419,0.3882739055308999
0.668515022891345,0.6615058858037278
0.397174107105506,0.39932730911215303
0.24848076343049452,0.23394805804951324
1.8011013631208215,1.9016569978755473
0.5753829005818861,0.6135619728881656
1.661224606517155,1.5481237127246854
0.6410471342277148,0.6818400973768486
0.7270501735044202,0.7338839616669321
0.5827625366562155,0.5894528154863913
0.872790877649314,0.8203563180759735
0.8531297846395056,0.8398762960972819
0.1842304583052207,0.197528705796882
1.3987050384843946,1.3613712762035763
0.628349826897407,0.6177807248786837
0.7530871147360693,0.7237798786779805
0.2793731323699742,0.2709836943691534
0.38802136467064763,0.38205700363496825
0.8333900736034038,0.8448436331498502
0.1568197118235903,0.14446058900324857
0.11853464394893318,0.11169443555366133
0.7340686217190977,0.7544594248645992
1.6216401201307433,1.6256407341292396
0.3742224767315258,0.35189185113366417
1.5116556537730925,1.395895629128135
0.4706285408723609,0.49570953804606654
0.5677360258088665,0.6640366101253609
0.759822431025874,0.726058319526575
0.13218269825463788,0.15957722367904145
0.4309513044848555,0.44928171313041526
0.2532657396516339,0.25325896513174806
0.7172537394006794,0.7305698321718448
0.48046615624111105,0.4625145792132987
0.29311898858088,0.32811395116226333
0.7849871817301101,0.797990881327427
1.61770596725659,1.7355831463981595
0.31472516591595673,0.28679577679040824
0.4048558164593018,0.39684491991559756
0.6974632609755533,0.7388488270855338
0.6737055540473627,0.6530213913292973
0.16199367680863336,0.22765749856679468
0.17864270189580436,0.2232119643992097
0.7285343528351463,0.7311590338986329
0.9588971991153619,0.953771326326376
0.5297598935047257,0.48315825661143774
0.9766198780636853,0.9721683676883265
0.6790963373507601,0.6816004978768947
1.1164830137293473,1.1493521483600366
0.660391105492336,0.6953306261086988
0.6304141166711557,0.6369732123497674
1.2252087483786827,1.2601644991608416
0.06454716244413977,0.058100725039102276
0.1342653832308927,0.14578042452862228
0.6835662920980868,0.6881127419103535
0.10084245947966806,0.08330242496807656
0.2937024430046388,0.26758981282103006
0.8131287861302454,0.7920893642085686
0.6396183306547708,0.6376351061575662
0.3630767951744127,0.358795022091772
0.5522432585119292,0.5504624688794875
0.8568322654691779,0.8243067059442356
0.4313872823618118,0.4407285592111268
0.5443883086903953,0.5494985893539174
1.199670840025546,1.246391043724996
0.22257183447027457,0.177388172133448
0.7999053303590636,0.805338209493929
1.8628540734664571,1.767214961281084
0.4792548059025816,0.49039993820103744
0.2702353125186602,0.30234617968834404
0.6124344265352619,0.5822098187182339
0.5955448469045118,0.5924909075081718
0.537624384811298,0.576254421555889
0.49048719463927,0.5006866769171383
0.31923790889032677,0.30830487403770884
0.1563947994482641,0.14858536371132205
0.7288200348671909,0.7518614771615013
0.9599137521306507,0.975831266161498
0.39506681061274485,0.3893831924609768
1.2784236182889157,1.2822723521952268
0.4702270716595201,0.4646007218969895
1.0435259121330296,1.0810803694770985
0.8533454641478152,0.847099790007869
0.415280076407776,0.4724665454781125
0.22510907407742592,0.2182332265231242
2.0973915388881372,2.114829613227962
0.04638565387126099,0.05699373645751116
0.6254827592075038,0.662736389288262
1.1717647382498895,1.1402094731296053
0.7735186065921241,0.7300093684552734
0.4235938900540267,0.4167373475411846
1.3192131572718935,1.413305271406059
0.5725559822818728,0.5618125063137898
1.3977423169523384,1.3551544111163538
0.2843934153758907,0.3135076231719718
0.7666646780761037,0.7660368751577943
0.469550689409087,0.46888951301612813
0.723597058412691,0.7197142538862588
0.5339136959181041,0.5292832176649951
0.6507558142245442,0.6539645568070347
0.3787560467473935,0.41472102737449335
0.26411286473108697,0.26657618427240004
0.20630668688554038,0.20338993572990316
0.12778246235887306,0.12101034119571488
1.1596221513056482,1.2483068621011593
0.5681370232565522,0.5145198381577655
0.874465112265564,0.8262063859038667
0.553524406846112,0.5377775795054927
0.8229021912821759,0.8079331012727515
0.6076723129855744,0.6235926462364639
0.48986676059565837,0.5104411192433237
1.5240687907181918,1.4471665855465516
0.9063285271794681,0.9136503361432006
0.5759221052805926,0.5728143377082404
0.7681979219966208,0.7753480736398533
0.8353071043993556,0.8569227005730662
0.3204902657979808,0.3674256943958655
0.7537186049939262,0.7157637849288243
0.644440290296572,0.6362530549875045
0.2701199901013501,0.27781798651950834
0.794435074716052,0.7393535626339908
1.7650770000875418,1.8716601282786458
0.9741068461667467,1.0470572225886532
0.5505406517061657,0.5487501676455745
0.6676942886643276,0.6821298416922685
0.5113303442282826,0.4940479892912896
0.5564837342670828,0.5656240229919998
1.1806597988495706,1.1861094510902614
0.35680556271922104,0.3535632167882573
0.28810882962533335,0.2755944653491505
0.990237171517857,0.999341810308552
0.7850968149311213,0.7921872744583871
1.432066034851138,1.424266991643518
0.5537966322232568,0.5234488554547395
0.8271130361937089,0.8227644308940182
0.684779663525673,0.6785158459155588
0.607357803120038,0.6115126350996827
0.3766162389782699,0.38322387199057323
0.35532762324960493,0.34316758243517836
0.5635088573271992,0.570581593157681
0.7084942118341306,0.7150247472835349
0.1268820541330297,0.1534881899583426
0.2835408925342752,0.24347897989605724
0.4544618316113572,0.4630691784507918
0.43279448264722953,0.4251187930143041
1.2815553304112013,1.2630719562641555
0.3016132982209426,0.2864093425577856
1.047912145224324,1.0072837477054168
0.6366864005852707,0.6470116926329442
0.4725882493698105,0.4589730099774022
1.4595103393852789,1.5175234536078215
0.48997507887169284,0.4749309587655118
0.27003771688250827,0.2572378359983039
0.2526533225248906,0.2354027256460968
0.44062729489405494,0.4393195207012885
0.5386010951178636,0.5213690058891851
0.9783302428574878,0.9986330546445086
0.44750659374378565,0.4515697999493239
0.6759295647913082,0.6708954472237382
0.19380337988607077,0.19685412034095204
1.0598021244223907,1.0112771494606532
0.4143660576050232,0.42103162221161305
1.3160100874458127,1.3251018551079976
0.44731480465447704,0.44216454607055433
0.6934326011351852,0.6771979386202063
0.1854198448224579,0.1805988441184562
1.1363481525980896,1.179454392173705
0.2840398898193358,0.2729874011373281
0.44318543459137805,0.48213950665511035
0.5296484809111499,0.5231781866892707
0.6070162603448414,0.6306523960700663
0.5240679890226189,0.5104582084978739
0.47961527763832035,0.4871412838888276
0.8376323684475706,0.8567909591716051
0.6287689414239607,0.6242397434576601
0.2509292018899911,0.2571438159878165
0.729576862596189,0.7324701511200178
0.465556619160697,0.4640521414882047
0.253877944593151,0.30700877488044076
0.8585990881774005,0.85911525106749
0.593627542814705,0.5980671669928916
0.24022537872358218,0.2520765219604056
0.5709802315867278,0.5925623253192778
0.10082991579793742,0.048209231803234
0.3278463026790932,0.3909560246545542
0.320038920508674,0.3269926996730816
0.3627341126704929,0.3104323458619211
0.2656628428586049,0.24574846333742692
0.03898380323700214,0.049429743962175844
0.4488203734560111,0.4460929970965274
0.5688673385831684,0.5828402351720633
0.951895038921393,1.0790516732009827
0.19642803987927285,0.2239244102373808
0.3611104171789138,0.35751408130695345
0.21610504430822397,0.22424213409305893
0.35884200222379203,0.3763931550178957
0.8731513839577042,0.855987606556129
1.3140088100999525,1.324682566836111
0.26861992678903923,0.28342679736112064
0.5663213488945205,0.5845233892736449
0.4140493989679002,0.42258111552412214
0.5112287103122584,0.5107818910648525
1.4988810814226703,1.5657054778421804
0.6390536918965398,0.638088695047106
0.6063296096886018,0.6151661059400255
0.1526145752985809,0.14526266079288433
1.8893979569190666,2.2602375176895166
0.8466210044256053,0.9337820282810555
0.14391530312499703,0.1492971848468655
1.0672609294697926,1.0489933870674226
1.1624922575532297,1.1830353845769173
0.9604496673560181,0.9282084841289762
0.392873791161958,0.3873558166919423
1.5368251171657756,1.5386880952391382
0.5700733141389748,0.5762753085938279
0.23694924983375773,0.22341888961771988
0.7123337061950998,0.7152814654807611
0.40998334539750075,0.40333337939695996
0.26166114544335095,0.27186721254071516
0.2909429736428778,0.3448397606042498
0.6287955515793126,0.6332575339832892
0.6865886410081634,0.6896097901079559
1.3471775068809446,1.3517860187527597
0.7346609614492957,0.7275294859097603
0.32697455834368505,0.3747180127455318
0.19666585885194596,0.14215049440133287
1.374086245720747,1.5122978319492684
0.16309922499426807,0.15672681439712985
0.9987968747512609,0.914447961683569
1.0922761798853413,0.8293890600506231
1.4329273343828013,1.4651606764250162
1.1356390520075785,1.1664035670912467
0.5249637746261567,0.5154499388837839
1.167685862657375,1.009865511390105
0.648148766036334,0.638892634350473
0.2248385057372234,0.21560840759138553
0.34541966548576825,0.3296510827599066
0.4389515944116242,0.4621757817770519
0.3673955607912436,0.3526336198273376
0.6975444611410788,0.7201835791055469
0.44689375728235525,0.47248868841219144
0.25774800237319284,0.24029058221590077
0.2304876259228272,0.2260020488756352
0.7626516122824384,0.7597888340431264
0.6305930689962562,0.6283364747101412
0.2838168749951838,0.2739307657440197
0.3051940076941832,0.3534130408079146
1.0583594300515913,0.969434713706786
0.2735615036794516,0.2711622826569987
1.0884920764504276,1.1018869809157843
0.15816316145716527,0.16990063412193654
0.9131574418799615,0.901605297870057
0.0372776725406434,0.04015633939199571
0.7382140034285667,0.7752937826271536
0.5417497867195029,0.5431562191810129
0.37233046366288436,0.3647452594451729
0.7175710798559343,0.741820843399902
1.4042039868399967,1.4270919720630282
0.6882901123735284,0.6997419139191423
0.3098909809056838,0.29652858420201406
0.4480482597085816,0.43078191137453303
0.9916026438856506,0.9746264555360594
1.0439614918948397,1.0235018686335033
0.4185205153148042,0.4210002209584052
0.6371743230190187,0.6430288270958284
0.36697420206061726,0.3305536578397137
0.10880236109966088,0.13037862094086874
0.3274657569244636,0.33500010050325313
0.4361029470991605,0.4162078904479366
0.46423269906429143,0.4531593150232272
1.006405159149098,0.9574974021751492
0.7688659684308493,0.7774872169535958
1.3989508107788036,1.4487359066728276
0.6550523626554827,0.6705210798146684
0.48290988538533663,0.49490244373191933
0.5960261676874274,0.5991470879677425
0.3713178756511227,0.37162606744089066
0.8993254939462122,0.9439582180602464
0.5682314648541973,0.6049473075082152
0.3369616563670594,0.358432612174956
1.4096580410495492,1.4488404768377987
0.07672243128004397,0.0752884449546078
0.417050469815555,0.43518761318075827
0.689411136516889,0.6289534903914338
1.4041300382340116,1.4574114747635827
0.22624880343077058,0.2264153981967954
0.4279061069284342,0.423172342275886
0.09839205355143915,0.09339638159998548
0.4933023178738928,0.4866577722862831
0.6526276849464954,0.6844472931876427
0.30313365982084467,0.3147739138917548
0.566091843203669,0.570195564468441
0.21454740044870846,0.23231651665498013
0.23217656900982528,0.2425788181408512
0.4901729608901185,0.4989296669388512
0.6482047764059279,0.6388087230986624
0.34557094974678026,0.3502418174121318
0.7822630423096233,0.7728797282193439
0.0836028812104786,0.08354748999549728
0.3641859760355336,0.3739449183988845
0.44675823853267566,0.43535173521849846
0.3603591019990604,0.3771147696902946
0.9179269023533273,0.9252075670900637
0.5024971701008834,0.5067074692122663
0.1336674066559358,0.12887825564755445
0.5340492310596999,0.5443349013817159
0.4720044878359756,0.4341945508092934
0.2679445866948571,0.2842128005859498
0.7574933420778872,0.7766866195631517
0.9636299743928507,0.9737726896933451
0.3985040850216279,0.39408676288049493
0.9338602721756928,0.9373338011741515
1.1564900171674772,1.1563496591100446
0.3368506878990268,0.3448892604623703
0.430910136134131,0.42206565111489996
0.5381284847411244,0.5623285790256826
0.36267117150359945,0.3528957205421315
0.44307613046072075,0.4450250345451793
1.0295248654132823,1.005393880905673
0.20405737529541904,0.18992068144261168
1.4665891059306198,1.4578123730478378
0.46667440339291943,0.459500251576874
0.16963716756783603,0.13649369142097886
0.44731858503567173,0.4423772196399968
1.6118412670538969,1.5791095292594126
0.7553933795607145,0.7724592313919453
0.41887624220978886,0.46653850261806584
0.4847686941821344,0.4907998000812318
0.7774980757530143,0.8158174736632249
1.8577057557154495,1.914634629580003
0.9087302308562469,0.8272298487698696
2.6981123434105085,2.6952202507545544
0.15569106142574496,0.16108463211286647
1.0517203880994301,1.0580529823706846
0.8475118571920394,0.846101006543464
1.7302696210410975,1.7468384230340184
0.6020496387015568,0.5516848653721221
1.3312584257638491,1.1194745720350834
1.4645687031692765,1.4887561835571503
1.1427708518297124,1.113480682836136
0.08012107221509304,0.08105037350743495
1.4801232066639984,1.4301042709490408
0.7364947687054576,0.7287535151643766
0.4493138453276524,0.45236487505542106
1.5045366746997133,1.463845754951905
0.33377680087439143,0.3501603078136866
0.4486453096863807,0.4501361104024068
0.8190184445369428,0.7997186562124635
0.31862544265833526,0.2858101872028613
0.07843364215596371,0.07017375122434653
0.08368119915195119,0.08951276154509152
0.8452843565848418,0.8531676016963533
1.0116870404709322,0.9964943108636197
1.430564483992268,1.4085843750536657
0.4213876273223716,0.4058735323319653
0.8155637235238244,0.8159010286126385
0.6614842187430067,0.6465687015623072
1.5316206115031832,1.575459856013757
0.28390563386384265,0.28160823222788894
0.2960093507570578,0.3465327350791458
0.7634044847000218,0.7994097234028392
0.735701406763831,0.6888151696377635
0.745485335140411,0.7722584372491268
0.8339676608800612,0.8444819648613502
0.3907302842964189,0.4348425023799862
0.14274408006889533,0.14113179331728062
0.33415794203618854,0.3195818130467665
1.0924424222598095,1.1085540127503215
0.7211454298518014,0.635165341457722
0.9945621975042558,1.0003111398867028
0.9444533045940469,0.9371459515699396
0.40423966175440595,0.4045603390403446
0.47382913963836365,0.44522935412826864
0.35810634448473144,0.40156886624506055
0.25023033752075274,0.23871481108968448
0.3773588240684624,0.3813202576725531
0.8026299190954388,0.8291269937337327
0.6214374853382748,0.628153390231556
0.884962771437989,0.8739601153363995
0.712616959040613,0.712483241219039
0.39876354569465766,0.39994216877207134
0.31113889252553983,0.30069757608413256
0.3861775350315868,0.3708704861063368
0.5003577854941967,0.49731579575473306
0.5383750610106035,0.5281392592786367
0.3912009129786988,0.37244871170206356
0.5440165067781443,0.5429894483092156
0.5251595325303815,0.5371567890022658
0.2951003518077897,0.23941586463140757
0.26882995179077845,0.2485582919889417
0.7944656723938642,0.7858776881533236
0.15600126521698202,0.14065993747897323
0.5552724386210901,0.5362912471858013
1.0442750609041933,1.030361645335871
0.8328891050278022,0.8421884175223824
1.0077075537289888,1.0475151571392942
0.5522263163122276,0.5430905932342415
0.20588651369900793,0.17288535612977082
0.36491653166655724,0.3626805718144742
0.574681886149613,0.5677235403786689
0.8437450999342423,0.8263635615095942
0.2736392553403441,0.2767430747513627
0.6030253396130231,0.5987354083188948
0.5638368735949754,0.5538478456065764
0.4248975303064825,0.43361884893962405
0.21960058475952984,0.251559846250369
0.6175505158559552,0.6308201875164021
0.13381949895167133,0.11111878933961399
1.5239875428461016,1.4532544006924608
0.38744997482639215,0.385112376440924
0.9295669876909326,0.8846849859344911
0.40328666168130617,0.3975233722116407
0.10646495465124307,0.09706412304125822
0.09813883425769705,0.0948729141214678
0.8268037310213423,0.8193152630135375
0.622500891575405,0.6325192756757434
1.6689813522921675,1.6456171221626261
0.7787432318087363,0.7581850999714078
0.39143862616456937,0.40980028268890606
1.8336983261094988,1.9466391948672088
1.1801685603033074,1.120672770784593
0.2792779470723996,0.27073892013958056
2.1443377681077167,2.1980833384541363
1.2178138752947263,1.239228055713378
0.8458679560888038,0.8931875507231509
0.5474110783550892,0.5700549023079212
1.3175873560397016,1.252405877118599
0.7384508093455986,0.7362134274048847
0.45771572807114175,0.4681787566677227
0.040716015978901836,0.04441793243506923
0.2646291731118895,0.2843166180612468
0.5822404672492,0.6025786099211963
0.7870001418123035,0.7692096577007698
0.7262129535408977,0.7708562812747075
0.3233675319391268,0.32387531218646476
0.833521685094618,0.8098787561471703
0.9289982885410274,0.913154608642479
0.14823583175871566,0.12419173394858174
0.6732446460188806,0.6557404122493293
0.283937447930323,0.28093704664687835
0.15171060934731836,0.1712641854999733
0.7678627044767505,0.8120366838795504
0.2486578128256931,0.2584933592775322
1.237674773884332,1.24662903796915
0.3019670494019103,0.30369136441145617
0.6536094550486428,0.6591284342083658
0.3877707425920069,0.32504602372073177
0.2445185898726129,0.20052792807843844
0.6631960745053338,0.6531307578491351
0.5351102545093908,0.5302710750750792
0.861762122284331,0.8507236035878607
1.1145860076967884,1.1048758664240972
0.5741880365489772,0.5796965967143946
0.17725249407186083,0.18432656942143408
1.0276695405965028,1.0500467469668135
0.3225525078984367,0.3078666046869181
0.5510585306521487,0.5374721462782076
0.5656723179927541,0.5221271124107333
0.0872219399697918,0.06388767776862128
0.5322325229919136,0.6063288733641544
0.4379089923878893,0.4788206375054611
0.1011065079238726,0.08343977562741102
0.34087352578055563,0.328330784181091
0.27692225169188767,0.2841516792573188
0.2624127372994634,0.27464252721189536
0.35117636627692467,0.3443755640640207
0.3446356212519868,0.37991318410865466
0.33843033261572986,0.31064241228794115
1.501443548887559,1.356029830060748
0.3701338203151939,0.34796484682411927
1.224687037384421,1.2954483619977555
0.9733476232199493,0.9840329173417681
0.7665657951449493,0.8039332836432834
0.33406286970353327,0.3310708524360095
0.4633972556701849,0.4642180732012099
0.7524449732023102,0.6996629916382309
0.714236789920569,0.7027212458254416
0.9370335193649978,0.8782442744613759
0.14031553694755922,0.1260751427045942
0.9419857628526874,0.9275841403392318
0.7042427160038512,0.7106426318384281
0.13369833245978296,0.12159177172265113
2.216009335804604,2.231281798609055
0.34714668634938245,0.3622199903912801
0.23572565171028875,0.22577535135413548
0.35233426163824055,0.3183713288785092
0.6848502381097682,0.666550898388357
0.0912345014312178,0.10707351413341322
0.38026470035130655,0.37319491365897345
0.19213387033266702,0.16283478942253193
0.5450433531505144,0.5504893132480023
1.0774757627525064,1.0863639906281055
0.1643935696717343,0.1732485003163603
0.39486303268334905,0.5072158473990511
1.5802232706989254,1.4730150696202322
0.27229055224548515,0.25627353103721734
0.979829316591545,0.9934370942135128
0.6179853598731273,0.6220919384050474
0.1539816592333317,0.14784912278778203
0.49685754930587056,0.49880306901370786
0.9480772185640081,0.8515106335481755
0.23571800132886955,0.23523790999957842
0.23715914683924047,0.23303480027232965
0.7794956351848707,0.8098145934692093
0.3302955799313264,0.35699915609957944
0.12759107297718167,0.15537431986284253
0.4469595666019073,0.450583564375994
0.7242062752086329,0.6757504721594167
0.868707216200424,0.8814313161277004
2.2568392704288494,2.143022097181953
1.147212544385305,1.1279981136044772
0.22113291456783576,0.2463531409962053
0.19249351026732556,0.22515622598354135
0.33970423861028465,0.3466395804644077
1.2238221167832302,1.2408848219865096
0.5119804294208684,0.49292562035429405
0.36181908849526556,0.3606023689126409
0.5150840867793388,0.5102540439771021
0.9328535794461769,0.9510577764859741
1.3387769746146299,1.2711070092712453
0.546732621703526,0.5421299229565898
1.623645814603898,1.724248560827297
0.42615290401999645,0.41865944300081936
1.9516689304930306,1.939862760756786
0.6915300739572011,0.6950011796856544
0.42481957877272747,0.42280624511023895
0.34553662039127514,0.3862888530122569
0.5607715887840633,0.5543842311458806
0.5059427735494398,0.5015307208580954
0.3280846782074861,0.34401368009017474
0.6460617146991451,0.6300739310456216
0.11039719105615083,0.14112251335987938
0.08750719796994387,0.08570934715488444
1.599647997688756,1.582327364565609
0.9689425102169272,0.9543702973528666
0.6692826317149286,0.6719464900990305
0.5777770968012943,0.6141573352918135
0.5290763622824829,0.5343180786257378
1.1020814012258004,1.1243835926066346
0.23211155491852947,0.19988250233487348
1.222057533785626,1.4705737551809204
0.2458865561563962,0.2622993384508097
1.6561405109572156,1.6749759124433352
0.39034031677368763,0.3538410687309903
0.5829587526932841,0.5837017555150369
1.6818287810735513,1.7101475728206659
0.2109889837559177,0.2176330019921012
0.5093522552302294,0.5080897678389563
0.9025681708760526,0.8694930671595154
0.9551720221311412,0.976365396052098
0.6192707149575759,0.6181559533356538
0.144047727092745,0.1470996976227055
0.7069764919233666,0.6933534055261821
0.33685533990776323,0.4306581608989101
0.709895629652587,0.74454148495412
0.4837189994330574,0.47626447732822547
1.1552978540572647,1.103961987228065
0.5731196162895473,0.5764703004671584
0.5454370881895552,0.5425261035299898
0.4694102100335882,0.39814198132726414
0.47552016981982353,0.4511495932197256
0.5197740892421887,0.5017799808223049
0.26982623165610103,0.32278893641469386
0.4549423562914709,0.45843641425171
0.20578397201498813,0.177206010197419
0.25663366491916734,0.25518811688771226
0.4869271885629669,0.4914306822667591
0.23019859908005047,0.23860088755842032
0.37086334207328064,0.3810379095899211
0.7277708397570822,0.6791996556411474
0.45435157538950843,0.43616250894080405
0.6921506986498824,0.7652522478288275
0.18429490119465283,0.2601512871922198
0.44128498069870487,0.47036272222861136
0.29250059335384054,0.32955315915381056
1.3684505713554822,1.3556084323189745
0.5584236424536149,0.5615538151014398
0.3072289652447566,0.2902224894830973
0.11050007065918116,0.1258784091926724
0.8893891953052714,0.8749226321864888
0.13205360300029026,0.10308225359054825
0.67020316252167,0.6325699957821089
0.5327154361986607,0.518666243484359
0.5044263812504927,0.5392554454272458
0.2631717607755839,0.28068777511604953
0.0579022732723436,0.06444829286012944
0.42615560031082983,0.4353948105414062
0.5505274577873919,0.5503524403416061
1.1181337432891385,1.0983485437548641
0.45123814455794115,0.4480451376407421
0.5050532677358257,0.5335921476189559
0.8169809029741625,0.811909672753825
0.6853407653809921,0.704532866828656
0.6380649047953887,0.661474772641987
0.2796523990840747,0.2719023270397683
0.226052860901375,0.24415955726964209
0.5428458276599077,0.5435317786038187
0.11187262079067284,0.12440988001135667
1.2486437039602079,1.2359682500626687
0.20595139725140374,0.1516235048845984
0.31685018091442985,0.3319311273430361
0.10310122114228569,0.09362917531209328
0.8534961937805633,0.8712146475772238
0.6429141672799238,0.6643105292408964
0.10420985308555848,0.12085505613891342
0.8567992832718941,0.8464904800057453
1.404134773723278,1.4600442208546476
0.7742898712001307,0.7856282148382907
0.888047462010898,0.8878727341945796
0.7628896640243029,0.7637523143167817
0.8469496483580251,0.8053621807995969
1.0198222327544162,1.0112553355500633
0.1387256705471288,0.14184547985843424
0.1892199912575565,0.18761362500009054
0.35210140583520244,0.3322257776432451
0.33838152046798176,0.31929065383458377
1.9088682445497889,2.0771346927303314
0.27763594611044634,0.276820471590393
0.8351120260055735,0.8377197855370343
0.3549808173139547,0.3120903390953269
0.6499101197884058,0.6441214167827687
0.3231742148806522,0.3143044968865524
0.4847710979900726,0.4345152139135891
1.1043849786243407,1.10676074841849
0.34609459906639695,0.32433073353540076
0.1613952243326751,0.16798215073149225
0.016587010154991366,0.014404650190605382
0.6425576824918129,0.6242960285094035
0.9839323834370602,0.9057569886696801
0.13268760337455404,0.10856853567533017
0.5711918755825925,0.590138948648073
0.8180427616573824,0.8423069165279401
0.4892036233024851,0.5392517203679014
0.9656966116320147,0.9375692468866849
0.6901196939250447,0.6778942058081225
0.7891343140039303,0.7772364047165901
0.351116294076065,0.35703434223478714
0.6641617837046334,0.6190629394548361
0.7240043367926119,0.7168005690480032
0.9761093085860942,1.0332796998335094
0.7881836247313199,0.7418386924100268
0.6541847969199369,0.6531182447088819
0.4254485494819,0.418104941478566
0.7425828146749274,0.757528755518257
0.9057175374414655,0.904696070225809
0.8691713548123645,0.8784860475084203
1.201392031746441,1.2376954922238872
0.5515471754380081,0.5369311786635227
0.7311688824235362,0.7565156189695281
0.2624273726759912,0.2658687360395049
0.745324683515084,0.750273281927263
0.540057658726352,0.6488906107775353
0.08382979682889187,0.10604984301839918
0.8175698295093556,0.8108598848823704
0.5558932760627445,0.5450363551879697
0.28577898397781376,0.28814335353309156
0.169620211699516,0.15540247987510125
0.6147929142725349,0.6151984320960949
0.536348373020318,0.5243545535991667
0.5613740057589477,0.5628979473565254
0.8670640469826513,0.8696333719624556
0.695359050851356,0.7104183973072333
0.2641926432039487,0.2799241410579675
1.2178130162715886,1.145643842765313
0.48970206919589754,0.4830877124332913
0.9960089300830106,1.015101197613519
0.31226396194682615,0.3210742396194533
0.7121441059233251,0.7065314521845102
0.5489559162075203,0.5603175651988679
0.982852756216525,0.9787591784703485
0.49460002425268307,0.46226706481872454
1.0873426831862136,1.073610187844349
1.2227116858147693,1.2689242297919818
0.3586814055484833,0.36493542900794845
1.6734701510584276,1.6545651346156571
0.30901691702104755,0.326293119345022
0.7804108837777322,0.7781688274622041
0.6922129611864107,0.7017286961333898
0.23335901099547487,0.22557817102832797
1.1688496127772836,1.1858245316506382
0.130059720783132,0.0823859220373216
0.3325874193817206,0.3613824033648241
1.8078797691820714,1.8638583378997546
0.26089192754067525,0.2342138397345439
0.7716620384708724,0.7470733053010193
0.328926546372663,0.331236874458107
0.19545642230341706,0.19331803918436052
0.5053216001212057,0.5052287034221163
1.0571960011540456,1.0132950283652964
0.3370586079151232,0.3401673071076192
0.8488800768201202,0.8292699224203726
0.5287830117919248,0.5422032690117972
0.4979224383848411,0.4839796615773621
0.87653420932746,0.8793257689419888
0.3707280039961296,0.3817149866464162
0.5542081205920848,0.5606089700408758
0.578547982550558,0.5637907006506703
0.397788903579589,0.36203596255216247
0.4324386559762981,0.4452989965458643
0.906486696476088,0.9046443948470857
0.8709301750049323,0.8721367142452945
0.7786431562045029,0.7771910330138335
0.2605515142190992,0.31639738508618154
0.14651916205038718,0.14392587592474887
0.9287447064457054,0.9315287710799335
0.7747389071092392,0.7808376771783537
0.6825196148513331,0.7319978394473613
0.25634606964460527,0.23746580936884196
0.6757334642461085,0.697866455234105
0.7321279049205891,0.6635551764284144
1.3995402892212685,1.2889339454626236
0.9133764879366401,0.9229254032379837
0.22026005342838292,0.1555125543955659
0.4837052549329442,0.49029628521731333
0.683704738499081,0.6642127804319737
0.5868230245050233,0.5941534101404651
0.5205153752396062,0.5105622844558844
0.2396986922003227,0.23787488456823097
0.6026522501618676,0.5583249852651286
0.4693868455677224,0.535415645860053
0.25317628399519687,0.24102657853477902
0.8999924876744688,0.8913102152721282
0.291712426683976,0.30710905516325016
0.02312762282718478,0.019384822710674012
0.38947538361539624,0.38893971524346255
0.10490603324200745,0.11469586118821504
0.43250310391189994,0.45366256426768625
0.3767376781784454,0.37134652934934065
1.4782104097790147,1.594615890820776
0.5877929191589675,0.5843192482134977
0.6654972180683177,0.6760766827886382
0.7966842834276179,0.803358260883358
0.8894107386002285,0.8531197441149013
0.47794449612182444,0.4746224134685375
0.6949098869058848,0.6425122115339663
0.6542356258285242,0.6727328316476614
0.5100106826729492,0.5061635109368777
1.6142943759614263,1.7053479464492067
0.5855587949613755,0.5822741883116674
0.4947398636349916,0.5238301790771313
1.6839115973636678,1.794509378204084
0.3178216625589875,0.31984103545823817
0.4677000062477813,0.4677300030275212
0.463431003392064,0.5218114802107575
0.5041927473141702,0.4815065201992952
1.4607568174055898,1.3745694670518467
0.24095933608619133,0.2063460430817495
0.424775577423743,0.3925797601194731
1.4230354197943307,1.4200068367614993
0.2916106349829766,0.25969017322738325
0.45140862359341927,0.44302220601432923
0.21801358197047443,0.21627543192258236
0.6179953123991885,0.6219845151924338
1.5403048169955118,1.478598496710137
0.40327608160936096,0.39811662423241506
0.47899458997658545,0.4803579175328709
0.23668889625205075,0.2483517584893611
0.4161845990534941,0.38810317681721207
0.7490753515650052,0.7482109974156039
1.4954789571444782,1.3929489382916345
1.6338357849267944,1.724570145937217
1.0975843186184921,1.113392394696881
0.6342748233044903,0.6109324531690885
0.6193469883560886,0.6189734726584801
0.6083868863954413,0.5950472969512562
0.22698221464744858,0.18823871525346786
1.1533041141521292,1.16785648349406
0.8508992013921652,0.8417096300170589
1.3841756015032487,1.384199251824664
0.6348702468902688,0.6094257728544922
1.3194122314367849,1.2637361729440126
0.8735436209751867,0.7962052622424636
0.644667013810455,0.657443078600313
0.4130609305454568,0.41913467032225027
1.1007555044774988,1.1381217248655453
0.03875807091330813,0.03170922802195068
0.5854780330554281,0.5712506403650519
1.3187004264107354,1.339706337684856
0.7496874227309882,0.7517232871026468
0.7337673092286396,0.7185657783789976
0.6804385696516656,0.704848111559355
0.11146218476103306,0.11356696507975829
0.8899536306661606,0.8597654481591857
0.3527374111615554,0.3891320814148587
0.2763033397631918,0.2538069531566477
0.2649845291446668,0.26343647388501573
0.3542960185086634,0.3476345379698995
0.2366779326786612,0.2159644236522844
0.46779829221449487,0.4769441975442702
0.3262980161848766,0.3175859562542371
0.21428372517124739,0.2304894210121019
0.30051648772064304,0.28141305555245155
0.25222648302471623,0.2375994865496075
0.32763711043013716,0.2672945609319104
0.20789470398822255,0.19847828387490274
0.03888777111525613,0.03341260383391682
2.7659161111771993,3.0446652788162627
0.14279517423607013,0.13010002386908293
1.17679393973336,1.1457869658824742
0.9244805628391413,0.9453660136818423
2.4372059890630817,2.225311053051859
0.16287462800107402,0.1492409279975329
0.3291577661335252,0.3255851209096904
1.0838278729915263,1.1008533746321396
0.5441925923509158,0.5642656862017371
0.49760206128448053,0.48134136623165996
0.5959402295027064,0.5874907084755578
1.7133745634248163,1.888114217522667
0.7979481651046468,0.7962624706901481
1.4717909248468617,1.6080596915534378
0.2951906477549868,0.3224090945570206
1.0848596664950347,0.9134251250943599
0.5145883671472427,0.52040359064902
0.41550776643954507,0.4166979982457987
0.4974951991419013,0.4998624996259361
0.3196280841543668,0.328310198246322
0.5344703220408039,0.5358955221096386
0.1911861621187381,0.2074187033172025
0.3459941961821165,0.3448670346127789
0.8253926697316013,0.8223818759819818
0.46358068433241867,0.4727261770178563
0.23976893231670432,0.2508536565847697
0.2755935529529141,0.2629020762516957
0.5519842177743316,0.5394774964998016
1.0696122368206524,1.0859512606313264
0.8363986848431537,0.8211782448181375
0.32640060744085664,0.3317833264670054
0.2522702372620363,0.23144338660684421
0.09173340533456913,0.09973413743583173
0.8544848990543334,0.8472293706029492
0.19207171819933835,0.15954932112005457
1.0723283468536846,1.0805687615670427
1.3222061267262701,1.350037396252782
0.28049832832256416,0.3069495113168807
0.550886910105773,0.5537987285369605
0.5442921187285665,0.5474302374609444
1.2095277889618699,1.2441095336934331
0.8564257735750911,0.8594893705183089
0.466507591575818,0.47440068130149615
0.604142802285387,0.5948945457989022
0.10356245724637737,0.0985820419949119
1.432898964516393,1.4649924722918681
0.6371219690329533,0.6198845480622323
0.5575355055394573,0.5569809990796617
0.49406408860561835,0.49045987974718963
0.3104530877449597,0.3046960822628743
0.14458830161860015,0.16126005699810045
1.2354344874852696,1.2072569347480793
0.4196792588069911,0.43009839353708296
0.8728834634141512,0.8877056551155338
0.6817046750727834,0.681708131372649
0.32802427776858917,0.3192946953798692
1.152401606043432,1.1385277955233588
0.45111596150395405,0.4905076990468601
0.7756872742761438,0.7585141782368625
0.7603519585658103,0.7375718306919485
0.41519602828902297,0.38841835117208773
0.6509942959609182,0.6644911775802247
0.6446213434338423,0.634833521871574
0.42471926590539616,0.466787982705655
0.45011512430204853,0.4653579486298297
0.23435868357063075,0.22414072591239728
0.5426507912480982,0.5297518778080686
0.32312807696414053,0.3673836319648394
0.6239910332542331,0.624299605630908
0.19371244556468706,0.18890952395219077
0.32601758941135234,0.3413015152401937
0.16357444504655638,0.15751160875836195
1.3909251482161367,1.3031734812483677
0.5498175631836071,0.5808780911753434
0.4639886933637401,0.4378839395852034
0.9035703538370221,0.9105266379535295
1.1475709497574942,1.1487139667008428
0.2396928234454184,0.207432634281333
0.3884064658285333,0.3833624571815404
0.9404845898929755,0.9295266908008545
0.8739836844849171,0.8873324181242684
0.5144460931578955,0.5404775764311229
0.6379903190449953,0.6435275382289503
0.5978418637183553,0.6364016717496814
1.1473178306878227,1.1315326439620867
0.6747400531735348,0.6732894839481248
1.2057122636090412,1.1708002645488194
0.640764417459773,0.6608179389112138
0.8785692474375585,0.8560411590447955
0.8064501576723171,0.8376155401772574
0.8887174019067475,0.827204787084633
0.1842530731313047,0.1744126790585904
0.6556595456297136,0.6385814720069123
0.7922242635029322,0.7637848452065127
1.40414125300709,1.3760393163097338
0.38977888928076293,0.4206118375786629
0.5577759375337836,0.5374324185062103
0.5668937476800271,0.5647097690186298
0.061001951924262304,0.0593442026976987
0.49638803677356375,0.508519798223962
0.1946859893584726,0.2536696620547546
0.8249989048568306,0.8925313732692641
0.7274826898367209,0.7515139868237539
1.142831820649003,1.1181965558721925
0.8010225107249442,0.8588710842293077
0.3606872222687591,0.36637212376264905
1.124155646380372,1.0432330322014571
0.5554426088580531,0.5540888301240358
0.16549146806013307,0.19188753680880907
0.20054215420394061,0.18166909642067336
0.48972607365826065,0.48405344186937044
0.3381273565765041,0.34088705912787426
0.6091601561012142,0.6207131700636158
0.6713161256793989,0.6926218060388469
1.681157167607458,1.713460548229823
0.2138999776672853,0.1763410156765558
0.7403253357455652,0.758851378492902
0.33796685930708265,0.36610390973086754
0.34741891940828995,0.36419013324730265
0.4658980713625767,0.4163106320047058
0.8851095858876195,0.8424369165018816
0.6952240714628031,0.6974756423160113
0.6373700064370991,0.6439582312958491
0.7656896035289409,0.7621180867036179
1.0917977998841673,1.0951293533351492
0.47906201195663956,0.48201874062598765
0.5482641005167798,0.5439221687629515
0.44316750668088983,0.47121850727499937
0.17473640302145657,0.1855786820578066
0.48935149074896295,0.507463836814474
0.1447535521486197,0.1583692511277515
0.05133750347111113,0.051507204603243886
1.2311300379061862,1.2537688964476321
0.7837629796688249,0.8059630272475541
0.7201959279827764,0.7350342701825695
0.36272289588618156,0.3653359251122928
0.2276000748388283,0.20443365941235078
0.1101113813529579,0.11926035926861903
0.22312931003174966,0.19051291345523505
0.7440249059717318,0.7034382188409821
0.4859804972574457,0.4492056451982603
0.6400365674666283,0.6214695491118517
0.44797011749067867,0.4846213696436646
0.7125906174448728,0.6994348060937213
0.1206297965065477,0.15216626974798989
0.6071790061434919,0.6089504899410191
0.29050622010271643,0.2785708269440252
0.5809999600251246,0.5641925125849496
0.9949966607904609,0.9909932412792113
0.5067089645806988,0.4857718019382137
0.4012390019746131,0.3721470425491351
0.3339072795387589,0.33746426905945454
0.4929737510303771,0.5128056431298343
0.6671670361794299,0.6799885083408927
0.5917181161918683,0.5993234996230689
0.30804516637018053,0.3010895202677232
0.29186952634805285,0.3013081606826653
1.510882332869053,1.4691141035708868
1.0003214705266839,0.9882770955433865
0.41504120989271165,0.4465413379807774
0.4323269127500701,0.4577304180248629
0.9257603061538054,0.9423886204494305
0.4503214761495384,0.44791219979812297
0.1208654412561346,0.11595132720078506
0.49824542332624716,0.46878310883811825
1.1463938702651255,1.1284421269950649
0.27612079843475407,0.26301242727338336
1.1512523153358354,1.1400968734534127
0.7703600073663376,0.7388205597931
0.5889661645474705,0.5913728480987903
1.409359621978849,1.4394750638563925
0.48848203630736314,0.4652283026847447
0.31397043614381787,0.3148853291478105
0.2774361152301089,0.23335896511286203
0.7491190382238697,0.7403465836191784
0.5602296788485829,0.5647399195463751
0.11979536438202015,0.08246987901054227
0.7582706298690478,0.763105138755421
0.6912909615962162,0.7112542356942013
0.15999320075375295,0.16610406077630535
0.23438310076618957,0.18644637439990006
0.20840342391904348,0.2197488331315975
0.808707877062964,0.774112720652973
0.8369312180363361,0.8286106589615175
0.5344632269841654,0.5384415331091091
0.7827116368025308,0.7518162190247433
0.6534611165464048,0.5972671560550877
0.2757609394278326,0.26595779456991087
0.4494373888891876,0.5055243113988792
0.27293496168101117,0.3004503860441186
0.5729232411294252,0.5653160094231036
0.20314353763165405,0.13729028732363907
0.9092102594775706,0.935749024759151
0.6269427563909463,0.6705948374895413
0.5436845011194777,0.5463950695989264
0.10178951683102846,0.1255498606979095
0.5901445110901157,0.5867260961524634
0.6640655409014933,0.6713420537167972
0.6126815162337222,0.6136991648840572
0.2784720700198851,0.23462269741088462
1.483394366790704,1.7002609437060534
0.13780141554800207,0.14807366038311134
0.38126956508246557,0.3624238876903749
0.36383898249849367,0.3652254784550154
0.047692218607793414,0.02813777271355358
0.8003864499909555,0.8059379144393478
0.35899061753940253,0.3901868472635343
0.805527174156037,0.7976527230497894
0.12840617469794857,0.12533605431684008
0.11661593740124178,0.11314313534994759
0.7347362294088488,0.736958947224692
0.9004064154132061,0.8639857744263283
1.3625131903306102,1.3214955104485298
0.3518453769659972,0.3682034413534138
0.5731548791996619,0.5373143886503445
0.9589089747451927,0.9373157363583545
0.16583268825266972,0.18230056483314103
0.6017602655621496,0.5704232839993552
0.3663727869577165,0.3571481158660928
0.45139053355545417,0.440434594526477
0.543720383985757,0.5593208404640795
0.21613610703245084,0.22899935387582865
1.2321075902776375,1.3182175232230426
1.1001205449934452,1.1430243517931364
0.326274932656067,0.33583876985549665
0.7772251609972358,0.7855280065777097
0.28528657207613145,0.25718175453031683
0.2863677386468309,0.3009406091183592
0.43433788228558673,0.45265852064059897
0.08661162380428404,0.04991920981163717
0.26893965285589355,0.2443667835501411
0.27291379124565157,0.2641888975968152
0.8750655188304333,0.8535297862623468
0.9532485481367179,0.9067260746134691
0.18409826429158307,0.19880608952529077
0.8173177757732877,0.7431779240381697
1.470834821431377,1.3554619089582194
0.4598176722460189,0.41622820670179533
0.17164646280506107,0.18763827246201262
0.38903876033036255,0.3981038547200853
0.8143330650146985,0.8203335766730724
1.0602476982571465,1.0288725482043721
0.03547942665591665,0.03347769575730493
0.7113745158344716,0.6853662814376839
1.5749057198144123,1.3726663113185307
0.1255832622353272,0.14762814526990573
1.2017289706642027,1.2134441775617897
0.16386373055312503,0.161866385919649
0.2810268525928588,0.2914820850595592
0.5379494795057924,0.5267573307701184
1.0347016061449261,1.0532681857740325
0.6398503945450622,0.6259612466354394
2.3091868141034824,2.0482437291566584
0.736364126596468,0.7423757667364578
0.670134534371273,0.674477676654369
0.9668384991672314,0.9912891852779271
1.004247115513947,1.032710052178514
0.3246344549312159,0.3357395786787774
0.22139367796914744,0.2259140525664274
0.2970770245271853,0.30497556357579697
0.5423600320500936,0.5360233353416382
0.4612995902047945,0.4668548509696603
0.6670181536094862,0.6805121954912956
0.4836640959852169,0.4981539756221744
0.5389555820019596,0.5373740088798691
0.8266802029727613,0.8556280442849281
0.4715121286669436,0.45930275283563704
0.8284631347297255,0.8350278498719974
0.2890923411465361,0.28556387906311465
1.5980293666621619,1.5431571470385577
0.03206396222256263,0.017110172855827797
0.13926292585417804,0.15094156621407032
0.504817986117358,0.5023084604190977
0.4267808208187941,0.4630055538386841
0.5469137325775759,0.532787613678056
0.5960180385058046,0.5709664062090218
0.3190447629629829,0.32072120662131887
0.870340624584711,0.8741037337545638
0.443927591404661,0.4504404534105527
0.6630512486166837,0.6689534860833675
0.3909103873699588,0.3648990461079648
0.6060291304869517,0.5972392117084765
0.33386585939152236,0.34113770382480063
0.4602703094984549,0.46069983097965117
0.3132852763017442,0.309145185193509
0.6075490009950234,0.6102328557806322
0.24851061446674153,0.3331434594976529
0.38081428002183954,0.3804544072442353
0.8278305497987593,0.8423607170113214
0.21203411971929204,0.1948724171714035
0.47127548327167235,0.48381354748139926
0.3740882585692913,0.35386279959960776
0.4962214860629188,0.49462596090452887
0.15485019824521906,0.1645433702957451
1.3155534089770524,1.3148024744428002
0.062183456146091554,0.04725104943669771
0.22693039378800692,0.24921204774201722
0.3136322897716951,0.306939584316796
0.5482115578811019,0.5403406259203615
0.41475001697804215,0.4054877546842008
0.2555895491792944,0.2269736087715084
0.7110201013724441,0.7090683740612479
0.3216382810944764,0.3723199555510679
0.7958657381593266,0.8086701338266312
0.5029934020758207,0.5059344500846421
0.6064971359438311,0.6171656429104848
0.46407096236878376,0.4511575795689464
0.7998651298783956,0.8056695331647892
0.43898338235319095,0.4317224857736387
1.417945629838002,1.474432884685271
0.4704728733727512,0.4681903792127351
0.6928078620417356,0.7119666147360184
0.5321839092825993,0.5399824749727675
0.6850798484090578,0.7145824046048115
0.5672421299438527,0.591961349201819
0.15129571203202055,0.12397620349340312
0.5792213291804137,0.5862741191774601
0.20783422931084988,0.19626277554451357
0.3084740723983812,0.2940137920720362
0.25759730517573476,0.2546815587356504
0.10064641592763263,0.1110954687461995
0.9481762232475389,0.9394497153066715
0.8662372928554112,0.8701086635674649
1.081455658825073,1.0549882709899336
0.15481080056378166,0.1968533795420855
0.3677144393953702,0.3781145654713855
0.5627762402832711,0.568101066753477
0.1292755884923146,0.12852394202579734
0.5758020180368428,0.5793273090956453
1.286712202222983,1.3070533704822154
0.8733245571093031,0.8767123768783208
0.8938802986967064,0.9053956257098733
0.2798905860435021,0.2577433867573238
0.2779220175205466,0.2536876480216636
0.23871373652040384,0.2713072307364731
0.3094207245315076,0.279083126168627
1.4904334622717113,1.4816329402569535
0.09914851089446847,0.07792700798752371
1.3856413219474168,1.2742199401031242
0.9833017155857171,0.9888994082241128
0.09535255917609803,0.08136246993022439
1.2925983637454288,1.268246518210772
0.3937373663488613,0.4017268781664335
0.7273935466845517,0.7645355392595076
0.38413374834438446,0.38989159411856755
0.5432887400623276,0.5609550187971191
0.5760747111513588,0.5603041331096486
0.8072638127375826,0.7863064401802782
0.9225948579748671,0.916806703261803
0.41465262006901654,0.39586040643265685
0.6419936988776894,0.6199009360520624
0.6269003556352577,0.610191681962583
0.5339343056320711,0.5381632202874078
0.46255903972973683,0.4842635485981496
0.16031948082290406,0.16400362804961482
0.9293860973611207,0.9125358295414918
0.9047828974740374,0.8725962944325752
0.14036696857042102,0.12253296482808866
0.4745546317615954,0.48081849340886734
0.6933016714284986,0.7014838803065573
0.7692304714070914,0.7294280856538387
0.7672246155872892,0.7528674606836933
1.0744672351441162,1.0751015521459844
0.3418883397368915,0.36011792497816747
0.4444638504972982,0.4616508629409341
0.23642407852994776,0.25054307291025407
0.3645232294896552,0.41363046366604983
0.508121077136398,0.49964317060723323
0.8040515527974123,0.7941614497077014
0.4472312492448365,0.44573935289897976
0.6366687261648387,0.5288732167625826
0.23074720506706073,0.23411312724791436
0.37199282247944115,0.3869063895026226
0.3863753341066482,0.3842534224959928
0.347312625038705,0.3356878537450229
0.5082558174797707,0.5163280309323904
0.4388646030310964,0.43556484850091426
0.25547435334062396,0.2528639368474679
0.1464838466387246,0.10210022729996517
0.2854893225202926,0.26758088352036763
0.5498483758912968,0.5875552329427055
2.215997604226341,2.3124105407415336
0.3774643177088097,0.4107724370034617
0.22220124820605316,0.1996285409023161
0.6787317779118902,0.6652686051166613
0.5557641534754575,0.5220608186868754
0.814214008493746,0.834843107038181
0.3203026485384088,0.34455306330507895
0.9281509874238596,0.9665666469971035
0.9545304849007314,1.0049825317818526
0.403382965586255,0.40091351088795424
0.3723580190969985,0.3804173937602426
0.21116093404213046,0.21233057796833696
0.34063793345233373,0.2945288424950914
0.6424730890112407,0.63857710247011
1.0060708911118892,1.00584544934129
0.8899729989992587,0.9043550769366041
0.5194760514210223,0.5232023096320918
0.6983447086052991,0.7243131535292591
0.9903959516894052,0.9768243517900639
0.582976748256105,0.5905698559893618
0.4712171378970802,0.45877889769872837
0.4291229355238308,0.425695048999535
0.821735321446816,0.8102794132990552
0.41337190570700727,0.4134054352853483
0.9851231485972882,1.0371437812751896
0.7732842547619077,0.7738783797537149
0.4158011848295867,0.4091625050460678
0.9820185093959474,1.0184156024654138
0.6996139049104116,0.6932997635714556
0.2685097975563678,0.2657903237974808
0.712448581314811,0.717844415371275
0.6207116329349087,0.5828523878749378
2.2465666031907787,2.2773352239996782
0.7271748831438203,0.727456749255259
0.9064829224433921,0.893919077280729
0.08886522210430053,0.08013789903331302
0.5915899116695325,0.6169676838208322
0.3402758237123873,0.2907120174253366
0.5815507184629315,0.5617750961782711
0.3130908797485104,0.3071452346982666
0.2633357965655893,0.28782474938412084
0.11558754918880379,0.1156607615368949
0.8899114317547658,0.8861123658048078
0.634991594522296,0.6510173146619457
0.38042803917150086,0.3813411483657993
0.7204078299110692,0.7176675950670817
0.5873627869811984,0.5950414534759546
0.3840704820850831,0.4156624096445993
0.6849484741680192,0.697068269601489
0.4131676884668835,0.42772289311538053
0.5514098869718574,0.5694057730416652
0.5379558885455274,0.511465347660137
0.5132206904118158,0.5145265618404447
1.6374428091026247,1.5832271360622372
0.941880280778434,0.9521870172462368
0.15844826132818174,0.16876511469133443
0.5571903325018932,0.5496893515016554
0.6948437827373282,0.6805614030057653
0.9517916020135704,0.9572424276220676
0.7860411011178019,0.7946892134799617
0.41585224644115404,0.4147693434980548
0.3693152661389433,0.36369677821156915
1.6577511345793532,1.628262712059093
0.24215817875939513,0.2241727960580195
0.5438934544439756,0.612587809497265
1.7061809658021792,1.7252420088674532
0.33988310876483074,0.2962554240302487
0.6992977214452036,0.6822793599819229
0.14378537606131658,0.19406143133035916
0.9057649530078875,0.8502933411000392
0.18217082871821935,0.18081090046155415
0.7879297546234854,0.7848669052808316
0.5199584724923466,0.5050375350251102
0.273931236605891,0.29230279277900933
0.7391092205576012,0.7851483607032561
1.1977484259122972,1.2461296446130357
0.663995611407872,0.6406972055457782
0.7853584114123325,0.7736159489288811
0.08323146998261455,0.071490056024742
0.7746744319094496,0.7540719759953959
0.7163646883188332,0.7370097979326424
0.5104554685712349,0.5129465667925731
0.5925006446724477,0.5737390820126423
1.6886520750780418,1.6272257634369653
0.7413043715552378,0.7666636448247685
0.6543368889189085,0.6465895505798597
0.6446708062456327,0.6374912253086968
0.29421837774744286,0.28221207931024145
1.440037353087507,1.361325815922006
0.23804081017019516,0.25792548730310866
0.7401548715651218,0.7933066068523962
0.13226811580592032,0.18782958572951802
0.4244178422431361,0.34430565652920064
0.11460459171629944,0.08800393684631291
0.5191217330790063,0.5057626065804071
0.48341639622450705,0.4583478309064841
0.1711184073951546,0.18899611256256468
0.5665863144419198,0.5589455966363546
1.2632679734605055,1.2868859765042637
0.5033100039630601,0.5146780039646971
0.38913489533450274,0.3798059469953122
1.9906436306639521,2.0801293515947656
0.5748257543784834,0.5779039698253016
0.8189657218961287,0.8319091594242456
0.24632489882592754,0.20184511161750276
0.9168529967680854,0.9047081252117323
1.2282576756311239,1.3567074795368346
0.32642392737353726,0.3073167487996266
0.3028094112516707,0.3224144330562396
0.47099222238297195,0.4624194975823584
0.5748748379498145,0.5709102156236011
1.5369813279936533,1.4147824994313718
0.9018695969255368,0.8959860455632516
0.5092731267636919,0.50785766248857
0.6110685273761863,0.5974554787118312
0.7721009450448131,0.7739776750812494
0.41866957196212023,0.4135110388697289
0.5207500933630749,0.5191956332844625
0.17416398028055094,0.29456210687238715
0.09386772258236331,0.0894307107570159
1.3224327366875157,1.424930754396361
1.6190942251273235,1.6864246086980537
1.1420763931608813,1.200944416325877
0.7917075208057452,0.8384097804844401
0.22983987436059952,0.2963060305636876
0.3154764021489475,0.3038160579612008
0.03132753787201426,0.03552653285468471
0.3076485528650408,0.3115575825625173
0.8795801316561862,0.9363852365719686
0.23998593008886168,0.22931087217456486
0.8081311586446986,0.818199773641112
0.3993171437115587,0.40883578229759326
0.1549676589774325,0.1218283799161486
0.4428334588069084,0.4403383782305881
0.2377546378412057,0.21968792228503883
1.2727641805331156,1.2789976623956603
1.0918473278060055,1.0737504775438844
0.2862605555382468,0.31639123924303014
1.3162685596381138,1.3332934281434505
0.24723766471382427,0.25334800193578577
0.8975038125901853,0.8175137186079106
0.3480776168694697,0.3314699856762767
1.088863238554157,1.0072906630360259
0.26343988044780636,0.24205520584403087
0.2547911034188294,0.29049835285304804
0.5230229166875606,0.5222544592780087
0.24115114957820102,0.2517080883220603
1.0753806916958315,1.158361593363052
0.6417146291494782,0.6261465283043041
0.3176151740939833,0.3675193341351972
0.4117702169492511,0.425102329807248
0.5377039434945405,0.5378724731706794
0.566469555175134,0.5674367366761562
0.34648875291448716,0.33979713515392473
0.5049575785880226,0.4927151424711121
0.7148555300958888,0.6921799411787243
0.4791059017929919,0.49713197758741695
0.31488717493754803,0.3190464227102386
0.7097728358198317,0.6751695271294306
1.0042074370684853,1.0010515334259393
0.6241473129545024,0.6290298727264004
0.31859397198744416,0.41765480778913205
0.3263196849901632,0.3313637401103566
0.839070118694268,0.8313290999788567
0.29527763486646375,0.27141515606373245
0.20014178706277236,0.15410019902833177
0.5107144496042655,0.5065345119334933
0.1295264365634093,0.11583256143473865
1.1537593209231272,1.0018702472110725
0.17954107157687074,0.17967139619644845
0.9992405340250847,1.0235593640153307
0.6664375771269953,0.6317448027777162
0.3840948754050745,0.3740931542865764
1.2586167520966562,1.2590853945045553
0.6167712011939531,0.6471696431041734
0.425393822840551,0.4308592273838505
0.4543269481788253,0.4772868635852521
0.6380405961518285,0.6378846356147627
0.2517679007245364,0.30273272779179555
0.12532428965245143,0.11173855199960576
2.132003767620706,1.9992199392470338
0.0931215778233127,0.11311778101871571
0.35777862510903036,0.4257298719619941
0.4701644497634445,0.47715475247695377
0.25899833634074954,0.2518605762418292
0.23769935215612786,0.24889546970939241
0.4524180301851313,0.45325233204731136
0.21667697675477154,0.2318078303860095
0.5044737865307614,0.5180398414461023
0.2538561984574699,0.22682736589250088
0.08315539526916399,0.10968077089395958
0.3532063249649687,0.3314183804454443
0.7330647908591222,0.7393559177703231
0.08308745967422636,0.06882077127334783
0.28816481191805027,0.2840528149396495
1.5166786740110136,1.5378083094733317
0.7187468000897299,0.7724447927194186
0.3892533172436352,0.3635830928815786
1.2321610923359083,1.2015634294912476
0.7009674468488297,0.7059632678217905
0.3702862741834587,0.30153186377617774
0.8101118236437986,0.8376017499971731
0.060322309413029025,0.05754108647691616
0.9314629013995424,0.9450553552095721
0.4435717065266819,0.4407610524351229
0.5596121887244178,0.5471604934362728
0.06320051083045182,0.0501843762488335
0.05571491645044117,0.07310835228955818
0.3571341848629404,0.3478565194367596
0.39451405203911755,0.3935259751515826
1.7065394990898193,1.602624880891113
0.4090665216162406,0.4064735205743161
0.752698893016513,0.825273514830803
1.2935777611859816,1.341928666044179
0.6526149381240884,0.6603883725621382
0.19138925844248525,0.21543293968951008
0.9746513633169803,0.9491500080243497
0.5116075439749885,0.5152866869623729
1.080979896879338,1.0719992173867654
0.635922080071166,0.6232604132075683
0.5290393723652839,0.5282439350040201
1.2243606359873338,1.21968857746748
0.4563219997812918,0.4465722902348616
0.6356828654214975,0.6536964776942261
0.3433263451025132,0.3745264569009571
0.8458335887882654,0.8557884631703145
0.6483042952484317,0.6186834456065824
0.7000240387494625,0.7175225517448575
0.5674468500777171,0.5710132026274016
0.7162949470965595,0.6940181215191028
0.6893001449702921,0.6751677541208626
0.5761845968638165,0.5807862892560453
1.0102194331649779,0.9684482861937497
0.4252705066233499,0.4169593349106331
0.31470005861557204,0.3225638300137853
0.9577271451614446,0.9829452300736267
0.7204532246351281,0.7149578876464808
0.6785832922083699,0.6725966051994068
1.3610369753390685,1.4137144019871741
0.6674797308621438,0.6525638001306387
0.7897445539670984,0.7933314240563225
0.5822629871021113,0.5647635343755425
1.1964516733738177,1.1649781790939193
0.3575015003910222,0.3653733933590463
0.7510001985945295,0.787187800365074
0.25794009805636176,0.24288691701095566
0.5281337679758688,0.48161004572312743
0.8156246305062665,0.8036904713656386
0.5001331697900387,0.5095921912759492
0.5163362826819907,0.5007992195333694
0.329892611870514,0.33727060363137656
0.7590222206880811,0.8464731320522348
0.2348022083223224,0.2711596222896029
0.590172926654493,0.5849663299092586
0.2829593640875109,0.2865744901671671
0.3934877896541905,0.3909903128216027
0.6640441662982332,0.6464126131791644
0.9764363476753636,0.9148470035115305
0.28030220276430556,0.3056960646339122
0.4294978722279708,0.46645166640298935
0.17810120469811852,0.1574362290734013
1.2939721510777853,1.3866475423620122
0.5176757296237633,0.5099415198394732
0.7124402631270312,0.7059018893813356
0.6792802537110578,0.6759908601655447
0.946580964097226,0.9568751398155184
0.36443790586548636,0.3823815715416917
0.37236591056145457,0.32840710782482846
1.1465500767829016,1.1585016650441
0.6137716764707569,0.5970596364417307
0.5751374777984005,0.5583234284843264
0.14207937188879358,0.15534949767967585
0.5587110296987741,0.5398464497370214
0.2679401583000961,0.2716451657610731
1.5373608786357424,1.4136203822086129
0.3046137541782965,0.2905779986340231
0.5943576298054123,0.6086962158902249
0.0990519267445211,0.06113396392939751
0.6170849137030497,0.6263732878770519
1.5674685394920849,1.6792352771153043
0.9443518473991083,0.951320159053835
0.4590267240676442,0.459561998502352
0.6547588497568797,0.6340911753509786
0.6020780870051796,0.6787795622997834
0.30919393186217853,0.3105270702834279
0.5072560716125885,0.5164814203574487
0.33112561257054146,0.3471671841443213
0.25846232422808363,0.2575709287986052
0.8440879471254084,0.8273240530629219
0.9210706151331961,0.8987174847360093
0.10701130117166968,0.09798013100537684
0.25997738017966354,0.25490100878260863
0.19940264259472584,0.1457405247390377
0.08181128516011912,0.08794576909476357
0.9508531878472976,0.904249230868169
0.40165116305753035,0.4283509081628883
0.8855627346608492,0.8797677085638023
0.10742931377835621,0.11647160360741521
0.4791656654218664,0.48486914191181224
0.4954950746413628,0.48118385503438105
0.13640589021613017,0.10674389443761148
0.436993630753033,0.4334818499289727
0.37028638310300327,0.3821934886714092
0.49633466712210605,0.49454084719913294
1.1489644859445867,1.223754819536058
0.6357648370264569,0.6350031763983248
0.7872724841730582,0.7810316556815786
0.43998559234312246,0.46721386467982134
1.3291574151408787,1.2474287374837316
1.05273457175085,1.0260916502044801
0.2442746558794988,0.2606281056429444
1.2844349726870932,1.2425597711579237
0.27471889924206605,0.27642899292278805
0.7794261967921556,0.7915358463728072
0.5971248309838877,0.6021324848125088
0.11175589256786976,0.1542404291622385
0.2890923411465361,0.28556387906311465
0.8903577750519391,0.918117815873449
0.16950893283830756,0.19294279360313935
0.5324041301418709,0.5447668319305522
0.466005476894078,0.47300829628210667
0.3473302599803363,0.3374608288570516
0.6829991849932732,0.6846045943061034
1.065782213613476,1.0864231957137374
0.18998559219064118,0.1866247741972214
0.23110935579793493,0.2193046488582457
0.8283550017509187,0.8062062929531381
0.49145892212513886,0.5243477530092803
0.34412563158578474,0.34410096907059323
0.04980375990708209,0.06046118230235962
0.5744799005308994,0.5770980909469088
0.6377357305541941,0.6484850681609927
0.8774664897256058,0.8668488993222017
0.40423920552951603,0.400300230066883
0.7130787893658446,0.7056398469305478
0.9143499994355629,0.9227477274079767
0.721375507707844,0.7299918052343298
0.7992085160927009,0.8148974220737468
0.31940748447022627,0.2867393558862193
0.8519673736376474,0.8683459750462184
0.8967772753204266,0.8981089476645425
1.5700795354209582,1.5430927109086159
0.2854633668990513,0.2627123066656501
0.5397509135084493,0.5320272474896361
0.8193867224447985,0.8084604342980463
0.2074977203834328,0.21359674291878544
0.5423482946662558,0.5410789897998652
0.1320934648856525,0.1206948130696022
0.9174606074017116,0.853353529786146
1.8327975032357768,1.9239956150698265
0.113808324011635,0.1263799275353748
0.8717221679446396,0.9010148966279131
2.4809402164722822,2.231430434946224
0.3523080283357661,0.37107093943621905
0.3960428046069987,0.3869238342844466
0.5890305201179645,0.56461684939119
0.6496481733877216,0.5854409857828684
0.13879662415620037,0.17747281104196472
0.9663268990657279,0.9477780889231746
0.6254988380547892,0.6411259095142869
0.6631040229975927,0.7080449840782381
0.3988608405920968,0.3970830578947083
1.3597111413006908,1.307716821571163
0.4011016027927504,0.3935641510668004
0.1513853855417734,0.10722272243671892
0.29366235973311444,0.30403727217396337
1.1529213324085157,1.1067142678517798
0.40044401415003156,0.3775285683776373
0.8328565940785467,0.8117104644820612
0.8506055702797675,0.8524001378992997
0.634349395007641,0.6247754027599094
1.240575314378302,1.2276887577286002
0.5073820465594204,0.5039137614607582
0.24019287983697143,0.2354564577289802
0.3860441079153444,0.386775627123147
0.8462803248410121,0.8761243083367708
0.11693418693537726,0.12354772576969057
0.2164895740841839,0.22601162548837836
0.32215660697765236,0.29170617300502993
0.8826234704848187,0.9234105653089119
0.3608071036005998,0.3351378924772995
0.8522479424875226,0.826959573497869
0.488361766033809,0.46078918320770546
0.9141391983125344,0.9313187908716151
0.3457422199595156,0.3125265876506458
0.43011227861594126,0.3899835536751418
0.6327543097090164,0.6384600663398017
0.7518806061562635,0.7383569970418896
1.2293047501138288,1.1869032238179742
0.102250131687061,0.08344493422268952
0.40585098612233445,0.4029489660458372
0.8425462244672098,0.8272956109218509
0.4006183736285016,0.39532191015663903
0.34193989244868084,0.3429128846308729
0.9098900316146722,0.9443462605515247
0.2648532732429947,0.2540406422158026
0.3150940046044006,0.32774479822585034
0.34691408174270905,0.2989280728345892
0.41820250325529745,0.44187816390399626
1.62566014342608,1.6230414334268106
0.5403572587411607,0.5378284508512454
0.11259329333051661,0.135227640197249
0.2815562079812359,0.279033978675599
0.21708815461533373,0.21266972130617737
0.5905641436991249,0.6043435368349683
1.217256071459443,1.1551638058474243
0.4448668637440912,0.42428444361247486
1.0590546588136467,1.0627545752103387
0.9594892243444624,0.9449954219521364
0.29861443682948907,0.28683434324727736
1.4012317415364333,1.3500506332022253
0.8069613335674983,0.7811878303711586
1.0946404806145753,1.0684698197181866
0.7026937193835863,0.736183770661756
1.268179609640813,1.1964740320243512
0.4861455059400825,0.474712138213055
0.4764553567340774,0.48117124370962094
0.616437488030612,0.6164907019221767
0.7967402359417447,0.7880623672028015
0.22345633277594346,0.2580885684446863
0.48786950748013563,0.496479422363691
0.014533573905010325,0.01580665574338229
0.9717824665273868,0.9617347442057034
0.33307449377473797,0.32615309026593936
0.7742037174012006,0.775604637722027
0.37403678389940304,0.4311314743220791
0.9229290899835876,0.9321060246338748
0.4623480390851466,0.4488430632357688
0.24746872500197437,0.2299162780049439
0.34605847945634083,0.3286423016986638
0.6600272479349911,0.6333726964619718
0.21779428106101825,0.2012859818304616
0.1554956661522448,0.1403545600388568
0.778686445562052,0.7455322043403318
0.20503282890807237,0.21281291655361098
0.32202019933368875,0.3391761840302073
0.8120997625478585,0.7992004548574146
1.5136852406263577,1.3041265414999639
0.6826677188039378,0.6820918112234451
0.31062992645411824,0.2838097817638512
0.5991867222584468,0.6060497673436752
0.2050394667040186,0.21832661964909789
0.5813376811991794,0.5751331921192624
0.5746007611950588,0.5782678771262862
0.07967707526889418,0.08558695537710082
0.3146521957476259,0.3158973950848876
0.6636723672645685,0.6539954342619807
1.2404519304871198,1.1470249280540938
1.5839675935894955,1.597216687202261
0.31088741331700326,0.30067054990526065
0.6033902840067135,0.5964901542153681
0.45533241152974613,0.4484806739851528
1.2202903358708557,1.178535056274384
0.4114324451795277,0.42954392791963203
0.46689642088723793,0.5405057488528678
0.0668199089171827,0.0779797531149484
0.6781772951644993,0.6784016909590651
1.6361905461031363,1.539153757464753
0.3395865215845505,0.318424998365895
0.976479644735377,0.9858425751938
0.6978903996978795,0.6873795242038148
0.3508451840081666,0.35113647870000225
0.5410041973394313,0.5221446101665713
0.3794603698061857,0.37434515441667643
0.3220124457951874,0.29019983249951764
0.4222194491877647,0.41580077661421555
0.6123755497731789,0.6229762386560682
0.5934957543595762,0.594712033204212
1.751876348433404,1.7431069268812927
1.3197990307102756,1.2816948367118028
0.8392563852438235,0.7701209062451995
0.1602854202065642,0.0938957872665554
0.48165108109436927,0.4773541225284519
1.1162723706803117,1.098886393581472
0.12352431074829148,0.11068825134805017
0.3659860492534475,0.36141521221282263
0.515111875250728,0.437909957743899
0.21990434666929226,0.2083178105092663
0.5192943894677364,0.52340607814221
0.3383237321567526,0.2977884139212476
0.8316915550989814,0.8150351633605792
0.7847743559714623,0.7899925695751717
0.5541788226357292,0.5601316669437444
0.7584479054516727,0.7538270713603129
0.4197722628417279,0.41160827714148485
0.6685030031439793,0.6649660751881271
0.6720614520351333,0.6355143663548899
0.2134779487695067,0.20717609547481491
0.6054682459247881,0.5845546299258519
0.9585074430744763,0.9534109905865645
0.9487976401517227,0.9361975841134235
1.2770351415700822,1.2852487963855281
1.5140687475580321,1.3128030661823984
0.1353693069266449,0.08801989985541932
0.24276876015781995,0.2368637384197681
0.41389854641898355,0.4255182055781185
1.0133855462110513,0.9847105796371305
0.051689998496785045,0.03535207329816623
0.31098967664524185,0.29123129687625665
0.9716514585496713,0.921127215846648
0.48639340340995574,0.48409634335579327
0.4603081777654871,0.46765514326977375
0.7733407885082094,0.7567977704464076
0.780092720478845,0.8395446864647143
0.25009225651454986,0.33908766368174226
0.4267143400552389,0.42585158177021143
0.3806814878246431,0.3751615412657021
0.6470831630630238,0.6486682863383533
1.145903566208033,1.1636718289295238
0.5622986707875357,0.5700042128523362
0.24817514572948213,0.23938386576655415
0.5644858216103925,0.5619764884555619
0.3351348130540509,0.3459198132578234
0.11889542150962192,0.13411800831858509
0.38570866492115063,0.3802830119221906
0.7283975713781965,0.7321025677760398
0.6932004469758187,0.7060902106388842
0.5128479224935689,0.48683153826695136
0.7462934686373681,0.7453968122417055
0.6947364796354198,0.6985801137530767
0.6465563628466372,0.6460598432149717
0.46628865966835414,0.4662699108052833
0.7779464942348964,0.7756964668967571
1.0705059817504008,1.0507384247062146
0.9698818305433441,0.9656530351047181
0.37845720072807804,0.38677045327841975
0.42402538401434403,0.421333031464772
0.38925386533621714,0.3928627040057457
0.4985188453472643,0.48826392146357483
0.5575701488544191,0.5485076869047013
1.4927397985261783,1.5387986889345422
0.42514339678243074,0.4104757503368733
0.7325480457615118,0.7247919411914919
0.6225065707995676,0.6919846868851482
0.6985433689500322,0.7338593798830508
0.8464631331507875,0.8587565889075294
1.6308056129525317,1.5500861508206738
1.3166591934280463,1.3305850518581108
0.15419273709594392,0.15519996649666054
0.9740434602073541,0.9944208391155519
0.41258084841429343,0.47088572318467076
0.30362768669063817,0.30115784891378605
0.6172640179744963,0.6013036845352561
0.6526087899713724,0.655096787937941
2.1439616146343994,2.075260841252503
0.6920635528009017,0.6865051478180628
0.3303612871062221,0.3236945546050876
1.2113336068389096,1.2923333487499122
0.6117540621332186,0.599791999025679
0.4297261308545057,0.41009827232811447
1.0421845173814521,1.0066049106450736
0.38516702104177497,0.3528787202110712
0.2432332341792952,0.2768776008024543
0.9798119940008311,0.989079363897655
0.8188675401800269,0.8328923959074729
0.8087695686760275,0.7931987480620226
0.08011988247043372,0.07175009539478579
0.8983294706378891,0.9146655659930895
0.47276701980566976,0.46716573716009313
0.36304341567613563,0.3549952863810992
1.8754885219102637,1.7758856076276965
0.9058795641571247,0.9115867556052767
0.6977043615873079,0.6924588160598292
0.5821602900988836,0.5816792120840972
0.7308008325119506,0.718566676124002
0.8567128970549842,0.8415166196506416
0.2831827778086093,0.2812052378632123
0.563396279281651,0.589425825735512
0.11076036572090463,0.10467462745880424
0.8628799047248455,0.8656647416470258
0.13805423325483945,0.15291643251368223
0.8016990056821783,0.7987925141647794
0.4860254434532667,0.4876584228068374
0.040680463026878076,0.03926724502613826
0.21752162997877472,0.18713707021226525
1.1797496121230382,1.1862179845833727
0.3445453445811322,0.3404364829798307
0.9887814547008281,1.0544106451644342
0.4298686772956038,0.45498244993010073
1.671254603024055,1.85911565650233
1.5956299698176626,1.551158846655768
0.8710123947139388,0.9071090803553491
0.6490663586607436,0.6568134942364983
0.6474164337713426,0.6460969840237765
1.170134346656781,1.1957661913240718
0.1598238958078172,0.19979240386026414
0.8420686892212339,0.9260517163104952
0.3282293119386692,0.29304296081563996
0.602443113436017,0.6033322128599571
0.6230942227357638,0.6371109133460463
0.6596723143445276,0.6530399675394137
0.37682827369157373,0.3503662468928763
0.643934236911922,0.6739110967654139
0.24206166424707232,0.2693425184548101
0.5280021746038529,0.525670951837663
0.35034905061984084,0.363368988541266
0.44198178859482806,0.48656634661814596
0.8430526629757883,0.8395841172839749
0.5781211868943313,0.5684932344807001
1.4258929253591206,1.4083026046823863
0.8755472578458457,0.8411441297024079
0.5210240792306098,0.5381519323300692
0.7121334440257878,0.7303623234388
0.550109918430656,0.541590708039863
0.2167059587474788,0.21779562582546483
0.18536796732183075,0.1795771111520258
0.4121260138517533,0.42925342004304584
0.6929438951622839,0.6773741171635197
0.7301190577602134,0.7597145193344932
0.45087725428102327,0.4534983263396058
0.28684260853070154,0.28996178186463256
0.3705343958432921,0.40239089305393294
0.3740902249531058,0.34975592386927634
0.550095842136022,0.5203158087968052
0.18112893775481592,0.2027824548603371
0.46172687968876425,0.4822202956275309
0.2657000188581093,0.23573828057610094
1.0238590629713245,0.9666511435171653
0.29519963611115274,0.29486054898791897
0.3951436564148215,0.3644831254217212
0.9692306600080288,0.988580954013674
0.1283841896686693,0.1160804515707803
0.6064845917551905,0.6072732970332306
0.5041594571555685,0.545106531356974
1.4906112470917228,1.5035051031545428
0.585016025877427,0.5730877244989429
0.09659686085443134,0.09228037821283484
0.3747337397010811,0.36683934816221564
1.353160931692007,1.3958092585380824
0.3096821732949269,0.27240012498066013
0.371123719124285,0.3582233918735607
0.9282973751527214,0.8993177199419391
0.183387168597129,0.17046859448854487
0.729321779667032,0.743111237074178
0.8314274705675077,0.8084661747907205
0.237534949453063,0.1891253286243538
0.41248641433899474,0.4339691231866501
0.7801546668037654,0.7918108689469259
0.7731852735545988,0.8025270955458481
0.5924769907063822,0.5783383089494026
1.2689755619935026,1.2442901455895408
0.45673456376310934,0.4617024724423149
0.054127682227947685,0.050726637006764455
0.19418472247278826,0.15222534243099942
1.4829168689973005,1.4679414714201289
0.43385926567612004,0.44555196490221594
1.4927799958358232,1.5430820405320205
0.2530147991770142,0.2976781429939608
0.3652279126653928,0.36700273899399377
0.9575909216008914,0.9863351958289552
0.7468311765833031,0.7544784591977762
0.5785005516581598,0.5815406871402345
0.6737353974275229,0.61825375085708
0.37511680028501004,0.39710126161238163
1.2003491135557374,1.229247133236462
1.4850252377793312,1.410073513585831
0.9238802379160538,0.7627488816298014
0.7060396379776461,0.7083663929026048
0.31655565543549496,0.2812085450011941
0.5429087512182631,0.5574765306810303
0.8063767547312114,0.8010222047482417
0.35993481564552005,0.343330662996155
0.2605535112184583,0.2375371242351797
0.6013162948450121,0.6263841183496701
1.2854194861837962,1.2353768470753752
0.3698692918458714,0.40575136781192683
0.5458192202646659,0.5585138966514334
0.384642761435958,0.4105421586646619
0.40199230613813,0.3907968571730806
1.5479355709814242,1.562130270485847
1.6136589436586886,1.5585151338691752
0.4386668628429292,0.43711654442577746
0.8276966502290838,0.8321762966827657
0.18594121524428944,0.18082705122356996
0.2748853904386845,0.3011219615006364
0.493019279401895,0.5005806660212047
0.3903172605454205,0.37528890058013864
0.23133071529903262,0.2773878609848074
0.521546266261254,0.5242949978432352
0.058032682433356936,0.05160262523148415
0.5437543294481949,0.5442373853387337
0.5849487097682837,0.5904216649263964
0.3632160714977389,0.3683186625984787
0.5693015547850734,0.5545349924749865
0.5759264619013802,0.5744063766424254
0.8678201406062119,0.8333918538768176
0.5359292183893863,0.5561667351665504
0.3526261348257096,0.2970138196516115
0.12133995904986614,0.06854909009299304
0.22421155132146844,0.24352653759535886
0.8801874532625839,0.8609078300119938
0.13513064489232732,0.13467455643867812
0.18877583194617584,0.18257346956096684
0.23283792102389353,0.2353970057219831
0.4511553451404464,0.47178869661140516
0.1851277737750626,0.1814723748643846
1.2454164310758438,1.227986146787123
0.43922990292085196,0.44637271677372686
0.97103802415423,0.9414396255682568
0.8015612575562372,0.8423736916496147
0.34360459299629675,0.3314843223478451
0.043517607492713856,0.05347261845908105
0.5886288250425519,0.6118402298735648
0.8731803633471201,0.9054925127186955
0.6332923090611696,0.6500542330301551
0.20019817025182612,0.16762517183184875
0.44867646058293487,0.44782802051032167
0.8574693839326231,0.7370217153571074
0.27843045699678787,0.2660239431355838
2.1423885888047085,2.0551338626636806
0.39494869257640197,0.37611813348415507
0.6281689088416512,0.7270308865019209
0.5642445487634234,0.5592311969835928
1.5404922978174256,1.5737451815571726
1.5923693436641475,1.511023714635031
0.35329755356484166,0.39223944544937817
0.3658186437932017,0.36733933587155765
0.6806403351885214,0.6850409872128382
0.343288036721269,0.33731258793031804
0.7022445975879178,0.680595205463875
0.11029436315936256,0.08743481773390115
0.8033378812130625,0.7774220815010469
0.41519012828966134,0.3743671069578193
0.3015502292902218,0.29732722754395285
1.126975170574745,1.1485458961805943
0.26817926291532135,0.30493956464265215
0.03282757553761791,0.03527173324638411
0.5610478664151906,0.5683206301006707
0.5632437372824044,0.5516485277170565
0.2116095184048732,0.2141327360631675
0.26147754613844837,0.24696818489407796
0.27222202995531375,0.2495851805645785
0.29879379078440643,0.3161737965936817
0.4370322238807618,0.48254754261859745
0.8422902440379199,0.8605904099015205
0.3873879047375577,0.4110498482788713
0.16015621785354456,0.21331056779899651
0.47208487547036065,0.4537315132523713
0.6975775380270509,0.7165665920820924
0.29893535554892303,0.30192121012908946
0.7239949024458319,0.7213192225981607
0.08771754793387646,0.0608582110163252
0.7298562042515478,0.6994260455846236
0.17659336149375163,0.16838888775173258
0.5599475843763085,0.5515583480726554
1.237950686508087,1.2541326811078617
0.38881944399651236,0.3695738849764611
0.9932673339813859,0.9898901746889569
0.4377184425967151,0.44469703355517776
0.29142419455813573,0.2816338815793428
0.6724548292262741,0.6590442388660643
0.35946981280256274,0.41822271374208864
0.6905750024136399,0.686414335152534
0.907608908325923,0.9089553573467811
0.27665334798945634,0.2521550728516969
0.766897308213743,0.7793415521613161
1.2833734929715477,1.1684808687690686
0.43260187554874274,0.3975482841787432
0.25959280901072584,0.24543092759367174
0.28615621926759216,0.28783964301645304
2.0406519006062904,1.9603781357313677
0.36867202096913887,0.37230637987294496
0.47020729127541033,0.48696049548434617
0.6365254297568029,0.6348181478113876
0.1546585869950681,0.15107010924872047
0.13030969709803197,0.11420708076558597
1.3067402328451034,1.3080397983906749
0.14117528705784824,0.14523694696274683
0.5872662718684545,0.5776417868604974
0.7032980332658452,0.6942279821693617
1.0607353185788995,1.0241104609075031
0.9066836692783509,0.907682716015386
0.22382610102570968,0.18348470942634784
0.5116146798123128,0.5269426338975057
0.3652319418124662,0.38156762564021574
0.49595364023651767,0.497608317748897
0.6433514693410861,0.67555693716786
0.3665534511912627,0.3811414193371565
1.571427062237682,1.3126386449615024
0.37509924517863813,0.36963094677481134
0.43797602259014806,0.38973650737100435
0.08359745064445018,0.07707426064038564
0.5976742692593247,0.5989863677074939
0.5108176050069663,0.5296450929073397
0.20913484442161223,0.1874033914353915
0.4023540440121291,0.40109612223864555
0.22301936371959002,0.24599232522770936
0.6632893252338988,0.6378999447528847
0.06916004326477264,0.05909827430700003
0.335951798477464,0.3541533741733111
0.5404636644693387,0.5379482784424124
0.11306265733485041,0.10651628473583107
0.6432961987180024,0.6559322359648533
0.6002773816795438,0.6222987930254628
1.1094528332440046,1.0945213542943053
0.4962491130379291,0.4694512286960493
0.7106672959827556,0.7565983825167152
0.34374100345607655,0.35572750882986487
1.0962283890218103,1.0561778843287168
0.11930761989751518,0.12514723905197692
0.7438349672051385,0.7555524826478633
0.302911013010923,0.2813433081963161
0.7876108672555745,0.7942522041951314
0.24041385635486448,0.24849182256276803
0.23492602828628442,0.22171534954737454
0.8024511490207926,0.7951517094636805
1.0484840232763033,1.1431020103101583
1.2125531559527305,1.219151553947399
0.6275661845592672,0.6573099966378526
0.5950734205165248,0.5974420717911078
0.8582751988165271,0.8558444900333723
1.1354443362076097,1.153593170060021
1.711812817445002,1.6982469997104284
0.21832375120664868,0.22178033651524867
0.28814114575424243,0.3002483340700668
0.41560709825397646,0.42755856804211584
0.44827267238797736,0.4294021599425394
0.904540764181097,0.9001309449310599
1.135762474273672,1.1374370406795287
0.3313243970279071,0.3166825410056536
0.38520880953091163,0.3849609761680413
1.622465368711498,1.641651367514782
0.05118284499273632,0.04734562263826856
0.18533054698512103,0.17020925620098967
0.7311620963477993,0.7333200129195476
0.31553417754670166,0.3316329138789257
0.5249215943704171,0.5197567529682895
0.7091382738178276,0.6768955524717265
0.24739920216854813,0.2702696597688908
0.24967701754438673,0.2517216788756971
0.6170272096817128,0.6618523268216486
0.789830835944415,0.7908031289680012
1.1929848519327027,1.2043067911222527
1.7094970287448572,1.7268773571635612
0.31950230536512964,0.3052243734543265
0.7986979691537149,0.7838546027423083
0.3820923456218118,0.39252424022724575
0.9744401652458331,0.9716463366368246
1.4427118080472103,1.454282862784003
0.13931717717662942,0.15519919889238712
0.44103706022342115,0.4262246888737511
0.6490522905890653,0.6521226299170279
0.8287775524443924,0.8437980778725629
0.4490470347534176,0.4483336728320032
0.3928222296128254,0.3999083133017144
0.33532166988800405,0.33371021591034605
1.2228976421509443,1.2318170358788703
0.4973461140284043,0.5192809130274302
0.5471166253438081,0.5470186006711483
0.5951325248937628,0.6080863738998115
0.6964829713014534,0.6951269580296686
0.5921115200319828,0.6029567484116729
0.34186571953587946,0.34079016001555085
0.6752958938942843,0.6919291061104684
0.07515213134112878,0.07542272919728404
1.0099900649775473,1.0264389524997386
0.3578451619267921,0.35986423898505004
0.4381005184414589,0.4317007504786516
0.01950010440428577,0.016851779813029794
0.3885659040483119,0.3556284977664786
0.8733851507233438,0.8710134140365087
0.39784443812776427,0.41027727348040366
0.922002096747835,0.80424403661817
0.7494797099229298,0.7551311859126354
0.7550562285955317,0.787347309673866
1.295000704046547,1.1927867817675604
1.248743124607104,1.2435362056313295
0.5038396387447334,0.5020009290939219
0.7534255856214707,0.732645210314042
1.6809930947381686,1.7089011074384193
0.3923452544361175,0.4190662735377338
0.9914926203141046,1.0000282431179224
0.5685132191535177,0.5643380535725007
0.5602327657344934,0.5611555728783079
0.18554648370955484,0.18905491316084144
0.8726627167561145,0.8074335578666617
0.5075433055402314,0.5245699850199921
0.7744200133440268,0.7426357130081596
0.23614644527074027,0.22322483069336826
0.30557850472709797,0.2621626717910706
0.725128297493255,0.7180447924615578
0.9367782619029772,0.9129900953687533
0.2766066154016015,0.24373662068940197
1.164938162155967,1.1927633346656887
1.6697977645934474,1.57556581455344
3.664422697385531,3.8484146155111403
0.38146693808235305,0.40503409469077445
0.5722767715188521,0.5810298443366053
0.3311541827041125,0.39975647058277297
0.39722262145947124,0.3981638635959286
0.20531833347917705,0.21604928144005428
0.7194639434859311,0.720423996542803
0.38325132022974334,0.38259305038360014
0.8373216815317519,0.829154059825208
0.06894305470121867,0.06707794218907703
0.43442904982682057,0.43114744878903505
0.2935120314150492,0.2781819687697508
0.6477957034322958,0.6434394906466704
0.3492514195778847,0.3303620563697434
0.48098652548421716,0.4596529008763687
1.46867521265163,1.518753917400803
0.6052905815907865,0.6143857023249127
1.1434702160258305,1.168812207089231
0.7471640033271992,0.7468559613255765
0.19277210798096245,0.18717614029714544
0.5182909552791704,0.4995137092781628
0.5251493735069253,0.5059949897678602
1.1380788772154387,1.108824685192233
0.4479745251983551,0.48031376875698323
0.5681820041097703,0.5997910286169459
0.7195149328527506,0.7188560945833388
0.5734803693826798,0.545466854240327
0.9506141615878417,0.9290357064849832
0.6088989085766224,0.5713663219027826
0.15138263945336264,0.15198721153093497
1.0896335902845458,1.1248845866645436
0.6531275915870163,0.5893062149540942
0.6786448583874136,0.6560960233876298
0.632219661662592,0.6826773398749499
1.0118334382779985,1.0110005588899162
0.7838573729473408,0.7481993527526427
0.519576594887526,0.537052502818212
0.7928651967005982,0.7919468862354619
1.0323727014684747,1.0049031949858964
0.2751847160261073,0.28082399939695746
0.2858323393529773,0.2897029477489075
0.38334392525431976,0.4015224827349329
2.061218468185381,2.314187528255931
0.09634071280574814,0.11187979179195279
0.8083521621790614,0.8269366085852855
1.608330828635677,1.5331512836958807
0.25583485061659694,0.2791031208807298
0.49978352701461143,0.4908784209906538
1.7016890886483298,1.4244730252352227
1.7667717019926577,1.807494909759954
0.674822605462556,0.6958791870500167
2.2109012957640837,2.2106490050379746
0.46485755256101724,0.43833289621334875
0.27963273431546287,0.2758727771373803
0.4173343557645563,0.41738681969545016
0.9164461562791489,0.9216048772380657
0.7303410836781751,0.7538050075429125
0.5939232961280496,0.5933068080670524
0.19625409053928852,0.166645562141232
1.389662338305052,1.4312599776225183
0.7509737603891752,0.7658119604170346
0.3212139650703646,0.32883092645281586
0.1856822991855544,0.1973856992395112
0.1993461400329917,0.1875552837303093
0.5280406443425707,0.5083845515368641
0.6045230037102979,0.5958554847083463
0.5245031006066618,0.5228317400556667
1.8253155139308805,1.88664036008349
0.07786167024492889,0.08550515583053607
0.3541745001199846,0.3487073172951415
0.2480958756583119,0.2553222668943386
0.2178523125502601,0.18984901507608312
1.0181681923528667,1.0214340908932038
0.6064425834592361,0.6065423297239583
0.9061616858840985,0.894320618652529
0.2959255306257353,0.3044313136915173
0.1069809407519987,0.08932064091049365
0.32947714543204576,0.31064517702446115
0.7707910549548667,0.7708736192236266
0.8283425472806263,0.8292335148884018
1.4550248999372128,1.4068824045967885
0.6289527507099065,0.6709149195531147
0.10585120461665337,0.13676713049228537
0.23573548140349937,0.2688468894548821
0.26802867073112685,0.2793143446485625
0.13206594479916967,0.14382881228425992
0.44870760921311137,0.44718026826148266
1.4165940662970602,1.4350576058655529
0.6709396557222977,0.6456543734499581
0.6002077255769843,0.5514732365733419
0.27266819616527965,0.27022439049846037
0.09377501314793818,0.09688218663623921
0.6966956256160727,0.7267217129644435
0.3198037537825542,0.2992003782700514
0.15420353408942858,0.12872754814449766
0.39510868897400625,0.3977983058167916
0.24868206372804,0.26355260520796947
1.5536860793825673,1.562805105674245
0.32469939110527635,0.33980927184446924
0.7742046029361802,0.7366994959065019
0.46332654160469583,0.48513798854630186
0.7504038590133834,0.7524792274842984
0.12998797398856593,0.0931228149322048
1.3131049470254341,1.252713418298693
0.34822115010355464,0.33972726906181466
0.35034403961482635,0.3467743915716199
0.1304094327827086,0.13481534077121504
0.6613198170371435,0.6613089892569155
0.40591664966840363,0.38794847579953695
0.534218195971661,0.5370961044134251
0.22201732584145734,0.2422960666349145
0.7443191806004866,0.7356791424757693
0.779094351890481,0.7394480460176758
0.1868263778995349,0.18740156458806942
0.38892437792374057,0.3949703170946158
0.17375869019251966,0.18818444557217232
0.3119473055152404,0.3151853329260847
1.3492131266322325,1.268718244057571
0.38535704934582093,0.33100256126641053
0.1782519977839751,0.19768292118609307
0.804135509378738,0.8172472438591771
0.25275027407415385,0.2535425376750061
0.47906831989511633,0.47817466981002726
0.05296864475868311,0.046056139626220065
0.6410120602340837,0.6510802167883172
0.7248725294695126,0.701243950212514
1.4954224714176019,1.5031633343848394
2.098353568198331,2.0196068876765363
2.352238461523569,2.414536773013562
0.19423923971276075,0.1630904993707807
0.7671874066639308,0.7564539375263218
0.7943649416479068,0.8102335991480312
0.3230704214566253,0.30257341433610907
0.6491129046365774,0.6431385922483609
0.13553650515996754,0.19629819895640052
0.5340755874600823,0.5467696500134702
0.3745518963878287,0.3477913192457242
0.6538309100708537,0.6578282769724099
0.41780821650101035,0.42365068077165235
1.4511334430938283,1.450571772015818
0.9648939163694343,0.9791931570441086
0.21160860503088244,0.1992262079043686
0.9221127644330357,0.924331707180967
0.32777910326720905,0.29076036295643387
0.42375876247564115,0.4161853014246627
0.22472267269212995,0.22520175847072
1.079969148708184,1.1177082704382855
0.09167030629519818,0.11989389942493582
0.10100820778918917,0.15810666496422368
1.3306024545012083,1.3151044986831124
1.242584891493427,1.1180984353599546
0.03942459039086345,0.045405646780782585
0.4710944758332085,0.5256354843276069
1.0431588311370308,1.0539764110724925
0.33224667140726394,0.3374366313874332
0.5808333048656793,0.6075558534908603
0.22085742320786186,0.22717068501523013
0.7713411693190323,0.7693625145171235
0.8573178320253186,0.8612624133623134
0.23556534384724676,0.2458842761436679
0.9092778866366319,0.9006093941703276
1.308915480901816,1.299758941068029
1.2369182426020031,1.1933352353818438
0.40353348860604865,0.41320503763853283
0.3352994362399864,0.3434043235249388
0.4626624897643538,0.5456337594255971
0.5766170431066789,0.5678787150210395
0.1559632237191409,0.14938694884299858
0.7635913148907707,0.7607733242901226
0.5593795113673807,0.5535889452684472
0.6721922973328317,0.6536674925541515
0.40033652021152133,0.4128515155855207
0.7203677685154936,0.728114744127967
0.11399293676884427,0.11183609162649319
0.4148133773343022,0.39223649411569456
0.795210583308143,0.8007463549998768
0.42679219179558775,0.444002516343691
0.560434860134699,0.5110788788061821
0.6852747804061355,0.6788581295660054
0.5593455626824982,0.5759707357280397
0.6766490364290745,0.6733323946228243
0.6492130942872124,0.6580646097357206
0.7532322125898194,0.7603428900966612
0.25236923752990564,0.2715983356315016
0.6687308641016089,0.6620212614638014
0.3534277982233296,0.3348383200113653
0.7904405847966866,0.8093380752068136
1.4909352069686654,1.4927308110029667
0.9205670334674256,0.901791997712405
0.3115854533598972,0.25606356760537324
0.5487305048822116,0.5560479452574055
0.13216189466048742,0.1586576884651262
0.6593228206827111,0.6387984317804406
0.3846340624037309,0.38582829906003857
0.9315800532073802,0.9588319668308405
1.6980533999948757,1.5360980088892175
0.10820913730687383,0.10486340376583043
0.7671510434692196,0.795970527818621
0.9762854976315316,0.9791568597642869
1.0112309243621005,1.0507735585770868
0.2819544394412791,0.29041142106049983
0.5456294396614388,0.5388821789016381
0.537504663518354,0.5539904160948385
0.31151053578260945,0.30411785730153723
0.3841513940127418,0.41453856638393766
0.5997583150848071,0.5746730717020452
1.3996211556933982,1.301034658502102
0.20803569531476448,0.21353498964240777
0.11225759825377973,0.08696327945379737
1.3889229797283107,1.3980643604172793
0.34215330837031793,0.4080256266591003
0.21387789405044297,0.17170468059804117
0.6898407444684633,0.6796192493718143
0.24528182869143095,0.2672227298074088
0.8934869942781491,0.8829124706590492
0.7644626737739586,0.7449998135723542
0.1965717036114675,0.18151030080057645
2.1085518587273193,2.0254906809784017
0.438900903786587,0.42886584595198773
0.7375198904560678,0.7382419272454375
0.2464910630415111,0.22140228989206517
0.6220304820313459,0.6181430527886876
0.42126680243477266,0.4213904825820039
0.4721079266092119,0.5327155551948066
0.13144006752154533,0.12679495177072175
0.4660646847037247,0.4533443255398652
0.56654679793745,0.575834455546056
0.27048045630759227,0.3042978841709663
0.6087245426805229,0.6028615975130915
0.244707404766235,0.2228430051827746
1.23450351023799,1.243066521437832
0.3681224217092706,0.3526230825349325
0.422823325697317,0.4299843123145685
1.4990387296892054,1.5315906159302197
0.5960955925184886,0.5670236058240995
0.8955988572957919,0.9003566818447686
1.1180608262742429,1.104906795199724
0.6055167877313818,0.6015817950252303
0.45814029229415226,0.42374255883436646
0.240283677856349,0.2240848290904665
0.8059171751985221,0.8372665095406919
0.5264499128726601,0.4898484690267016
0.49792402532178043,0.507631383229913
0.8337498285242807,0.8208415549512809
0.5238576036098371,0.5021789006846964
0.1477779619590873,0.15633008117027572
0.4276788378253647,0.4437628344332897
1.033756928982188,1.0448738885385194
0.47973304482580303,0.48989486633796653
0.5287543872561128,0.49186227489356066
0.44076494316738474,0.43725601381386103
0.6444372221393639,0.6447474655615122
0.5211866633643117,0.5149535008686768
1.0938230242356493,1.0708008182313897
0.720551259200585,0.7370233532461895
0.35872008242844344,0.36013687917326803
0.52222301293144,0.5905276941103332
1.4398848977407694,1.2496633057910091
1.2125127607138393,1.238178980965968
0.20863002972904712,0.20761308382555602
0.33416848246767195,0.37979756065883946
0.42573599665389517,0.41610468659137934
0.2653718970588226,0.2682834330060194
0.6286251011411926,0.6378622277001195
0.9776426429502449,1.0293245277627059
0.4168773267069077,0.4143910404888894
0.5385369133851914,0.5476899506882054
0.4036551850490906,0.38214924918875065
0.9295597700782271,0.9290919037838662
0.40328670719551224,0.410685826598949
0.8731081834258987,0.8729872705711775
0.2646389610136638,0.24951439762560754
0.5753372943121293,0.5803860762793096
0.1633159306812614,0.20411159224150074
0.209591316507788,0.19057752713563456
0.3862413276586371,0.43123150903232316
0.4535978342058887,0.3457996465592502
0.190633409071502,0.16565253976998132
0.6247530625392861,0.6708833592665607
1.0752636367563868,1.1171197831885444
0.17165389056235064,0.1667989881269677
0.8404596468699747,0.8955177974370314
0.911696814819387,0.8856974069222109
0.5862139763535723,0.5726698770013382
0.1831098783255115,0.18440049936296873
0.4374590320530845,0.43355484687762375
0.8345776985088449,0.8084732431732822
1.0250162529755424,1.0198627746015285
0.8710330721952965,0.8852365921769632
0.16544567904257637,0.11303942759301358
0.06897910311406255,0.08085157654273546
0.0766904148830258,0.056792107209184484
0.3174145537564364,0.34178273879326104
0.4853693190770536,0.4732121723555889
0.18451646988115525,0.15173983043422776
1.041050655170509,1.0297678904333285
0.8746160784994392,0.8943157023892138
0.36032149212410297,0.36430088652167736
1.0554307399994114,1.0651186177471492
0.5585335137288302,0.5812398957512432
0.40550291461342775,0.40894521516013627
0.6041716472374045,0.5858328394061075
0.7618771160507325,0.7603514652694701
1.2444601188529978,1.315342659298151
0.30304763582920385,0.2644692626161287
0.1563914270785513,0.1504261015805081
0.5115116443800092,0.5083533687018358
0.5605235179412059,0.5657055535770696
0.9768983124179547,0.9500623172965372
0.006951475824709676,0.007385971843701357
1.1483511230390897,1.1332277187846465
0.3882132221125228,0.37857797095714285
1.9772609763694415,1.8609511444864228
0.35349793798478446,0.38046675151712955
0.6576745063805802,0.7032578887097799
0.7695800458866716,0.7302052979513327
0.07523011151910865,0.08447286263276153
0.11747760816291976,0.10878054423351535
0.0849400063686551,0.07794810274132462
0.424176402440775,0.42727531933388757
0.8317330304240201,0.8339706282253241
0.3629962826889301,0.3652036224401656
1.3322237031847302,1.41639062051799
1.447350707779877,1.4860687916556137
0.28107380636844537,0.2684617451795883
0.9319715735498505,0.9447236264298609
0.3443822759199274,0.3462329224814781
0.47376803493686287,0.4639684556112636
0.6240746574471567,0.6245473466043838
1.2360743417298161,1.235330630065846
0.0912598939959794,0.0990427929781853
0.14698619646447988,0.13481916421233311
0.8477703356050164,0.8130196335027972
0.14751485785312998,0.1373088616180838
0.5187169861670317,0.5198441148717825
0.570693205888876,0.5779080314684656
0.08317639485304991,0.08313826637579184
0.2346182248648457,0.19489823408847076
0.9737918527077695,1.0013696165498474
0.550561691812,0.5560959681820443
0.44859452590545373,0.4693342232711433
0.3341311890782462,0.3963737261497836
0.3183826329613421,0.31932080016826103
0.7271740829979747,0.722417956950798
1.0998006058088654,1.1075821200745894
0.8209260843004411,0.8245743708981024
0.25513813371805955,0.25937874167278413
0.11458653869964044,0.12766218042981098
0.31000959132258943,0.32630633415552524
0.9155470760723844,0.8896214148194315
0.35152832520034594,0.36783013233108086
0.9852380159517532,0.9876422997401884
0.3322704836689032,0.35301637876094627
0.3300344013003287,0.3411126960287535
0.3205799931768551,0.33908223277043037
0.08447687382326331,0.08070148093292417
0.6280447810915186,0.6262224364831164
0.3428105042308415,0.3397671238805717
0.09770483025001092,0.08465283455686583
0.40283195715630293,0.41001333229708514
1.1202354387779634,1.1324817876056006
0.4477227907950184,0.4924763707455213
0.17736665486231115,0.18383721434404643
0.5391506632670862,0.5116522344964087
0.32502975292818254,0.35309977898564454
0.42305383347297976,0.43172324715049715
0.8359561059930397,0.8119502983005177
1.1580049530738394,1.1487394399298008
1.0808660748181136,1.15500493499916
0.056643336091773536,0.05007047538151598
0.8429771334150143,0.8213716942652775
1.1853431915861004,1.155522684829911
0.08146468850120991,0.08346294462188243
0.7395755678788346,0.7386573151816349
0.1396057271794223,0.10734539671829572
0.48292896401842567,0.46324505111361874
0.2022974651699568,0.18063344231151698
0.44983545406688624,0.45393588632981025
0.5786931893799034,0.5735531937662729
0.2742384413151154,0.2652308274179564
0.45766366065658676,0.4631202422431277
0.09719364462599231,0.07233677243775415
0.1631893880596612,0.15967247161736592
0.39923200728899705,0.4027663706310484
0.5532209903540841,0.5534263119258811
0.8373248819163069,0.8800861881688313
1.1284377265191428,1.1400425874264322
0.8150537536525135,0.8137690399671014
0.36141662150559034,0.39925310019485405
0.5155192705816752,0.518182935739835
1.5166163448387837,1.6285237897066238
0.847647100804114,0.7940248113470665
0.31013488393996197,0.3083114940516912
0.3931840318488837,0.3850249794117795
1.7943568008535569,1.9343106769946585
0.22743908872234275,0.24030741105308093
0.7312459572717471,0.7286698250598611
0.7008711465927265,0.7036297057956731
0.20349139246373932,0.20985646038546735
0.6445972031185645,0.6233878244898072
0.5211695532375836,0.5176632673866343
0.3325669239669503,0.3278517235636469
1.1955826837166093,1.210807669968437
0.25502669550218554,0.2779891521197294
0.6113892831179958,0.5494998698578599
0.2802255054220373,0.23616735614536402
0.16018400836490443,0.15727060102758839
0.10702558391109784,0.10084264941735313
0.08806063931770826,0.09794980490726723
0.7775298433757529,0.7616227277654126
0.4523683205392102,0.46414149332563664
0.7120821228639423,0.6997248525127703
0.5414213243951826,0.5648554606072718
0.14107901638722267,0.09996773146478027
0.8644456271794241,0.8926578880795744
0.2709436344871825,0.24428251667051337
0.5572392532491892,0.5564743022878574
0.7459511448595539,0.7659379615477909
0.21131082221941197,0.2032001942717705
0.30753190276785014,0.30010655150913923
0.5478009992122548,0.5504956670700163
1.340354061283438,1.3517864953083443
0.9341872401450414,1.0156331523315005
0.9423604915243291,0.8950027041071874
1.043824876684047,1.0679188482743958
1.7212014640163025,1.692183059606663
0.08196821222905681,0.08656668797746808
0.649313064674581,0.6733121431813877
0.16255825001355162,0.15354150128775368
0.1789781314933504,0.19188224280612287
0.15465411002863488,0.16907946445874933
0.6415242322895229,0.6676646145928218
0.8018494762407896,0.7949279198235706
0.22676048906613164,0.2531721988405306
1.165848514579407,1.189793295928299
0.3081222699956781,0.29753257326359944
0.23141607158684702,0.24943309260905605
0.12177747714887291,0.10002189160741766
0.02957542431359396,0.0390089155102279
0.24917174864269093,0.2882776209180449
0.06068684070759964,0.05455050092967722
0.9662362022959704,1.0237680641475726
0.62656758047816,0.6059619390825963
0.3997066272551469,0.3672834075629315
0.5136200305582225,0.5102629399758729
0.7260320602787601,0.7375623706598426
0.49269155944009385,0.49004936867649956
0.6150553729300505,0.5989433933056868
0.5656732990418608,0.5348832374187498
0.6108170427734495,0.5588827841759186
0.4412544132181587,0.45771724370362343
0.38729245664631856,0.3624169583178381
0.057307027267004394,0.047647943744850096
1.5425579002914886,1.6359547006271669
0.5494676783486883,0.540611474631075
0.11302207615963912,0.1307576636491982
1.0382377954707487,1.0688890869386936
0.8295725758514974,0.8767648440936774
0.11154764444626637,0.09054512352391568
0.30483076141775567,0.3298625610960786
0.09568600024262681,0.10306353454962426
0.7401307489030052,0.7711256584754366
0.393796620264214,0.3862441216053432
0.12733063797487007,0.18588612594719178
0.6353596011126076,0.6284224235514316
0.8332818937481024,0.7932393230865655
0.73631546414238,0.7245276524463136
2.5790166206502017,2.641753659742693
0.7931666384168985,0.8036778745956827
1.112478909622455,1.1169678818684263
0.5843273297905157,0.6178832644841143
0.9492408209441918,0.9198147424454227
0.19962540065251771,0.18573588344811848
0.1331464248179876,0.14759513635999982
0.24305394487675833,0.22387270297583015
0.7575264746632109,0.7700199482975874
0.40577126314875106,0.4267197342887383
0.5051168680036454,0.5108065613857098
0.6198040992077224,0.6154444522233153
0.2899084755983736,0.3206333140113005
0.632536787834055,0.6203575773857198
0.2082013689636241,0.1966556080079996
0.37575540076084596,0.3685834374473985
0.1212514973114456,0.10726307643109699
0.4985897235424842,0.5142052756459351
0.9350927767723642,0.9717471471636057
0.8897420932266673,0.8609115905263276
0.5522302674321476,0.5474926088521034
0.23763046096618481,0.21816101955711395
0.3941763288549487,0.5272331767158517
0.5297854344385475,0.49907731760477725
0.27509115810400814,0.2788441318789336
0.639622607067905,0.6208434462556824
1.0820758318955792,1.1069253058922337
1.2401535337748564,1.324639979935105
0.9323003315174594,0.9249493157312308
0.5083301543897684,0.5150772678489677
0.806607589678096,0.8010460657418476
0.5683832418153039,0.5907351131428303
1.8964548066792866,1.9523166015886086
0.7150144886163599,0.6904302565451801
0.5002247729698552,0.4908467310697569
0.6969914137564587,0.6795496357005906
0.9591660721679881,0.9577048573421408
0.482852258624942,0.5079968725124963
1.4423948436728493,1.326362956691181
0.3772125815119611,0.3629807072480387
0.7609220088571363,0.7647527536510385
0.27080021008600125,0.2300755050365736
0.480587991945189,0.5073350697002401
0.10336614974475061,0.08881519627852656
0.8818780613661624,0.8685586134443014
0.17398317875605873,0.15455543024035417
0.12267556063630226,0.12132936070078679
0.8267861876619834,0.7980304769847052
1.029975820842682,1.0348340016768018
0.5003340704845985,0.48888095754030253
1.2254174670819806,1.2464675345768517
0.558054355436803,0.538852985816593
0.7178329219454476,0.74324543939979
1.510784269678335,1.5607252228412063
0.7223566965094732,0.7054438476728119
0.5810878101630078,0.5632104900273829
0.2740048699194965,0.25648308754015653
0.24958941627901343,0.25447256718308925
0.32206166692688665,0.32293703687473774
0.993613138234138,0.9692496939338352
0.22665160432838047,0.18366699757354837
0.4201336938621969,0.43793710204199726
0.6964887499438085,0.5957737936799562
1.023605971544003,1.0201491193508003
0.5295205346285814,0.5103533632984051
0.42957723231050765,0.43212340461640364
0.31102867841173965,0.29984433915514347
0.07371633641300578,0.07571029167420493
0.658939311142462,0.6793244382739447
0.12549126016014583,0.14622442531732022
0.4472165987630901,0.424353896588795
0.4179784720457751,0.46144961815492763
0.3623897150069542,0.33730122026166287
0.13476612689989495,0.12871475056233564
0.3034313225979365,0.2736323711830982
0.8641153798237017,0.885112626204325
0.07229838295936176,0.07217089712613647
0.46264598386439243,0.44525996046758837
2.1418497575915842,2.076495537977322
0.3795129407988847,0.36040411062912975
0.19645104379732636,0.19547299455820616
0.5924025299511854,0.5967387061635632
2.0610984412439772,2.0916131150287556
0.8912023656331085,0.8809640279748995
0.82803337672132,0.8071335009746944
0.21973537874372753,0.22908939185730032
0.5185574168270949,0.5068887420911942
0.4604642252891911,0.4641876767583384
0.3087628869858706,0.2552588910832521
0.19858396101562023,0.18200774513363543
0.4386302473436173,0.408751995027748
1.2274685366431013,1.197546289071857
0.3637313046188039,0.3698090784181082
1.6977703661941923,1.7171306621746918
0.4567546272446099,0.5115313271420158
0.9446921055127564,0.938916034707772
0.7585286979001852,0.7284944651817007
0.4892600576717595,0.4883876148117356
1.3667079119914245,1.4713225693918532
0.7889218887271162,0.7809399599553662
0.7673669955627505,0.7453412906357342
0.28721172180263815,0.2862052326886726
0.5452964128330007,0.5605319791053084
0.32764368988347364,0.33521532727863584
0.9220741777793245,0.9233355605899757
1.393939362698607,1.4438521715107244
0.4616260380205485,0.4140940336619123
0.2429733105505051,0.21798593635081687
0.5244300046844551,0.5314404991321019
0.7664450016261561,0.7687319284493899
0.49576217308758563,0.47130526427975483
0.5142742019259521,0.47885328007359385
0.4175644896544301,0.4108847024832606
0.32739361833570846,0.29118726246104143
0.09062755580109728,0.08109966894351762
0.8046507146924217,0.8218111054434203
0.2919842647616358,0.30663158608646657
0.27763737671745603,0.28467744404101036
0.6175277471094984,0.5832808637574721
0.12577550284846536,0.14506469583381673
0.6150557216911615,0.5993501934474318
2.1784694163243867,2.0784245110005806
0.8975765536437499,0.941665626975917
1.0955004381045284,1.137426192948777
0.6017071908959675,0.6149627801730886
0.30925920486603237,0.3133768143499846
0.6626077640702208,0.6737082483501093
1.25182366221759,1.2179557000208492
0.13152774083800833,0.1820272505196411
0.38124074796525903,0.36651099315884444
0.367854981427594,0.37074903729577463
1.1845807515037494,1.170856259601969
1.0179919352626248,1.0058479653519303
0.19513096494893675,0.18145408053318432
1.158133525999045,1.1808000547034336
1.0670461776358897,1.040345015452444
0.3344319729465879,0.36165481222031354
0.17024972174686973,0.18297492538558902
0.6504703728112938,0.6035107823360446
0.5198649015548513,0.5161491454107127
0.881322726761128,0.8797837341710173
1.2247962608943492,1.305735973442627
0.6992968383549447,0.6888775932143891
1.004112635367942,1.0124710552143463
0.6222711057163784,0.6537356661257586
0.7573603084064473,0.8046683937910515
0.12647210267570244,0.09379867227609685
0.7516689876129734,0.7648065776620727
0.8251241824085949,0.848292302377575
0.27058655745258603,0.2746390661020296
0.3884850471812283,0.373668617297736
0.4790049789460926,0.4679632166335717
1.3036928510698236,1.291219015009132
0.34628759853965885,0.3482283495358252
0.7779210892593358,0.797157438378186
0.4850572098705108,0.49735516964685533
0.39185064008365356,0.3540957701471563
0.32864950974886664,0.2767123539471641
0.9086661379852352,0.9099836999745158
0.12306449677841418,0.11749399895816144
0.7031654696255645,0.6899151745587041
0.5099381749752958,0.5956614291751627
0.8026949271033175,0.7422026687866726
0.33194987391339464,0.31266703338961804
0.05662550343199865,0.056450204185867374
0.6548851983042893,0.6419337722016144
0.39198970491592366,0.3654611497574881
0.18454276849651866,0.16013001948632685
1.6946041363258169,1.651291751685681
0.4982571769962719,0.5081791421176485
0.5018150313573501,0.5022658244999841
0.39164310250109147,0.37954229604383644
0.793383741268097,0.8021711963004656
0.22246866178764307,0.22601405174162115
0.41078017191492205,0.39608783758099503
0.5278646540968124,0.5371846127904332
0.1202399748287429,0.11083264647895255
0.09551358408126324,0.07103438981131303
0.3370498458626898,0.32336811520022046
1.7397438920960933,1.793805326057407
0.8378541413414881,0.8467751664979188
0.08350734450898313,0.05847437561495937
1.0276153525915726,1.1105144784845111
0.6498944820863533,0.6199087405567635
0.3168140742992735,0.29770869938517
0.7518185179949034,0.7514242229874653
0.15585658494481125,0.1763882139881272
0.23061719861302687,0.20857487598994856
1.067217184229998,1.0244043260870181
0.5927497682221149,0.5838083500364755
0.815614848709668,0.8164215333018464
1.3314495458448727,1.195989172614354
0.9429188555154997,0.9378908024141431
0.32028492735491965,0.3175403588291679
1.043327454051946,1.0458688630121669
0.15537594406078734,0.174146238637807
0.655971022283195,0.664403454330288
0.08287259935831809,0.08323213235243575
0.9534581435728346,0.957912320630718
0.7932393591411306,0.822566543434642
0.41174264464448945,0.4063867336375825
0.6642765154906917,0.6131907882275283
0.20597735030548373,0.191899295734401
1.4314496520526947,1.4311865598239841
0.1453828530942888,0.1203895834620279
0.7850044230595239,0.8809623358135388
0.9858585816945469,0.9132843206041684
0.4038805934216019,0.5046835054612255
0.4610149203228362,0.4609874598585714
0.41696626007870846,0.4231321957551796
0.1106775508078446,0.10172590298789443
0.5738581135947521,0.5734697625496039
0.5315413293318587,0.5406801422645225
1.2543293771742656,1.2403650627471186
0.42747488340605494,0.40502566599450635
0.795429911520456,0.7998034076186596
0.8056287058662707,0.8012906896147513
0.34068605321829604,0.33401120964644926
0.6665751898260068,0.6767246114126616
0.219602139510955,0.2121891929314734
1.778164524198591,1.7026026903203995
0.14062858398882253,0.1857881144510365
0.9017025580752388,0.8982262203549448
1.4702270837632245,1.47838072301729
0.6970670782970062,0.6795689350669067
0.7790058531896816,0.7325349647181453
0.5299184524630982,0.5444857294878769
0.363879724938868,0.36553343620213635
0.7107758450227741,0.7164739435554753
1.919761232417178,1.996939728957328
1.1437559460586828,1.133306057633763
0.9069325927935166,0.8675247678902175
0.11185812679968571,0.09441744343820672
0.3902213288080603,0.35554228654539644
1.086607244434756,1.0748100605942348
0.11927146649267063,0.11064866363311361
0.4733342009492809,0.47064145737137575
0.13777608337627836,0.16050410435569762
0.13360804984352273,0.10859018327848494
0.23369956656695756,0.2431243722265575
1.0148723479360795,1.0384804818910314
1.1301173042950934,1.1158764607954195
0.3979073569064085,0.4207546072646969
0.7975189825245081,0.799546965329283
0.11180333296943298,0.13436673111601435
0.6541973112123237,0.6401560435004812
0.35353106794805766,0.3823261553218431
1.382778303490027,1.4105656470524504
1.2839999793199026,1.1777121040380905
1.2410940337645395,1.2076020456052194
0.8730621232287333,0.8743035889101852
0.4346808935242473,0.43488675838468877
0.17251901778017684,0.15336757409071333
0.6968485527583724,0.6704587547472308
0.22847697096311864,0.23655129381496973
0.49157534159302674,0.5250591760992911
0.3548662322061828,0.33872204920935156
1.216918116232807,1.3373059281297166
0.42197277986664794,0.42043220247408664
1.1789285808842072,1.1776803629446426
1.1755927863185873,1.160576354853875
0.5237606449839017,0.5203174003851548
0.8972581493315935,0.9358314544040807
0.2050294512058309,0.19095321696704534
0.4619575184279566,0.45886978505797854
0.19556520038475664,0.16650130259629295
1.1885560910650164,1.1732859111286784
0.49457315656182127,0.4809401081686139
0.4117383851967401,0.43950002305180097
0.1356546751952326,0.16484502475390136
0.9464727038405557,0.962438977163075
0.29173283746707557,0.32109313494307723
0.3004957438521747,0.28049698137189577
1.4535140152775277,1.292808902033023
0.7137502253702016,0.7345558701872709
2.0413736396554216,2.254501143786532
0.600589958424563,0.605596669555629
0.6294431026874718,0.6252495648826154
0.19536321743226728,0.19704365604374854
0.3687525234210642,0.3572282640534301
0.5814709831003594,0.6207327208904542
0.25453821537689936,0.2701196561365796
0.9361313103950761,0.9355696675016455
0.7036848274948572,0.7179636668191647
0.022811337584738748,0.012667039414136863
0.6011128526316488,0.6096948621399821
0.289749223049857,0.3248132828190875
0.35686693321737734,0.35417223426157374
0.8921216454746757,0.8863835938322366
0.08065315963531096,0.0726504770071496
0.4028645151678982,0.40169809710922977
0.3253247829210875,0.32499550823665124
1.4919406456542765,1.4088389490499647
0.7616273725939808,0.7455482526123778
1.0247759143333506,1.0233639448999594
0.20511062605384647,0.18860600128179092
0.5235922688191399,0.5277635330554046
2.1108109150806387,2.2401155278697256
0.7276855288963928,0.7315035804222682
0.7346186114971116,0.8006199689020823
0.5467931111150915,0.5510679896431396
0.8281706877984247,0.8162108518979785
1.810791187715639,1.7969314120183542
0.9583025901905159,0.9684243255435537
0.3619529306449739,0.34175633784490067
0.271631518506439,0.3170293735770224
0.7457452701293912,0.7504154637930378
0.7850159422440277,0.7901062423486774
0.9175127927670573,0.9594142197825071
0.628251762973953,0.6226967102637202
0.18087489989683722,0.1681486165724666
1.1715949293521375,1.1161378304423555
0.5007687603095728,0.506519353369038
0.34317508814486,0.35332213235720733
0.8124791516375749,0.8077018441898718
1.8284498989673514,1.8257177589724043
0.6543691574153457,0.6707336603689221
0.7187964598888923,0.7178943070299523
0.873235337775175,0.8692412177364955
1.6678891497636543,1.7484130038777888
0.19615661138544455,0.184997558652771
0.10168607965701063,0.07712366549780839
0.578777296823305,0.5631860420001811
0.6809167653468515,0.6741812604963158
0.8221056278640879,0.8485171030292348
0.3109880603673573,0.3299108467777953
0.4862818298172096,0.4784209102378601
1.1854269486474291,1.192929179217353
0.0740592602332321,0.0975802221364006
0.24954844557824943,0.2443263586087502
0.34781290343730614,0.35672611373869306
0.47179331186788753,0.4629299239643176
0.3108819082113027,0.2987303487440046
0.6523120961288712,0.6654792259192459
0.6229916676113174,0.5968754156387236
0.4772198345691351,0.5450346109835474
1.1120218433010793,1.0656017584980104
0.6323118453052187,0.6272114129817413
0.6713074236250566,0.6594072739955116
0.5984663215590087,0.5836583104136381
1.3323709846406366,1.1917420029832977
0.7281113052328221,0.7250730946734638
0.29497732109525593,0.41209376972120965
0.7019461660635922,0.7098257095247658
0.8448790937513074,0.8860986016002348
1.9602462036809518,1.854823648077045
0.3115043807322919,0.35654142116797755
0.44901243665789414,0.47531648061562304
0.09410984094976134,0.08958205330309377
0.5738097012569314,0.5559829275825794
1.1917692520118652,1.15067960539658
0.6932275400797017,0.6990348012814617
0.783186763093817,0.7832234157745649
0.7038823954313255,0.7158655622499556
0.08685055521260979,0.054399546240898246
0.5373372858384198,0.6324014525132916
0.8223012501817407,0.8298034746101295
0.6165961482792783,0.5996547033727918
1.0858640379730438,1.0616305853385706
1.1227055383052311,1.129906342321711
0.7320084830829804,0.7248384163387845
0.31408863250042357,0.31114183534161893
0.9222274983281384,0.9308011235914625
0.43340644400484457,0.41567230674895733
0.5216608333679874,0.5200335775232252
0.42776667214499187,0.4573642538624531
0.09122870010618135,0.13878919001104945
0.7684450683411438,0.768254052727283
0.10589547959283725,0.10636882053970013
1.1058424263948183,1.0184655440018766
0.09454620942004588,0.13202551869332188
0.8410044706793566,0.8330497707862116
0.8839824360198943,0.8852498246583393
0.713198850028881,0.7212489660870359
0.4010401235162665,0.40658673952459123
0.11420768334430026,0.10463088610234082
1.3796229964730582,1.4347972574470922
0.029970817803326333,0.021791955271985318
0.6070441293588236,0.6160404674330556
0.26993522277036364,0.2728641127013077
1.6263107133746804,1.5287258405108402
0.46581947707152627,0.4825087813044323
0.357806509871962,0.3252440546038914
0.3177027928774804,0.308864766174175
0.3580335850260995,0.33571384931802917
0.2104623824094663,0.2303062961608476
0.79581948946442,0.7653086957804057
1.3484036499283023,1.2698727934722895
0.21391525616550916,0.21423211297006303
1.8645073624816617,1.9089024928307499
0.5968148990586334,0.5699907380038576
0.19834291182193783,0.1834658992827876
0.5725471629006904,0.5616413737789012
1.3531134127632385,1.3489644766241615
0.16715934176253092,0.1818886760330332
0.830507951670457,0.8124179142436145
0.31006704365993515,0.29165329163089787
1.4144855194200427,1.3793075319234176
0.50693767469296,0.5151741766023538
0.13941860245851634,0.11514676014879392
0.8241884618916021,0.840879241568038
0.2673125328400617,0.2711140265592884
0.3845686948978473,0.3889235270785028
0.18334212389043222,0.1742086186597175
0.2827253357967339,0.2892907525123794
0.26576264059865096,0.2529664266671471
0.93387763867293,0.9525050271634652
0.21797300708015951,0.23943965847296533
1.7329396977609266,1.7410955230413765
0.7310730890616842,0.7683884732877182
1.320742856849793,1.3221646689083193
0.1398840731062739,0.10915522924777517
0.7154760782661236,0.7075080284978946
0.07990213512739988,0.0812720937996229
1.020985073105237,1.094712323229919
1.1596522736386643,1.147262419116885
0.7851067589553125,0.7878924308405895
0.24525333997071455,0.21939914175374023
1.168427165240608,1.154162880470816
0.8592736205045739,0.8448893828000855
0.31676007012168106,0.3059301937644598
0.5516736949199067,0.6017119689237779
0.8434283423862254,0.8019247466579108
0.7099664731474591,0.7021956913848777
1.3439802880388017,1.3244008666922105
0.417978434160963,0.41122552473976526
0.12844710877386054,0.11581527369350651
0.7536716738444221,0.7805289136514059
0.7606594598177732,0.7673771534790603
0.6948361923219708,0.6554427406189026
0.26282150840857565,0.31353067704306314
0.5418040265061748,0.3041226743899998
0.259481143123211,0.23511326920689413
0.7791551315960186,0.7681644994546628
0.20795062793790078,0.18974272403184442
0.5265961650942297,0.5401920674918181
1.1706960453517412,1.1601260054249931
0.9952434438779157,0.8992137822355557
0.6119367244857032,0.6073924889676285
1.269510765440289,1.197392506364028
0.43103074002206854,0.4476957272103116
0.13413848499226635,0.14510897909142642
0.5481702465648824,0.5629032072595552
0.1889574239139439,0.17947034824809957
0.019365577476351155,0.015511102689860471
0.23725399236183703,0.17260547475971275
0.3378823661759308,0.3412264955019339
0.418545105584738,0.4632123404576635
1.4793818808549215,1.515603859688406
0.3360189794514509,0.3592371392498448
1.3536217972484075,1.3650133412989693
0.06175614670212589,0.05667073835684581
0.2888491119324128,0.28039925557475703
0.3017760481704675,0.2992052864485948
0.46687492182989565,0.4632698959919036
1.2914840692311043,1.0876405002959422
0.977542874879702,0.978340808013387
0.9962787771942072,1.0167291237594203
0.292383853518922,0.25652942424313624
0.4485588485718817,0.4453604717886977
1.2123771494523956,1.2353616536699303
1.2532593334990454,1.422142298499576
0.3150179607197995,0.30586151333821576
0.7660817895644615,0.7506320811412462
0.34113824575451,0.3881578729523298
0.2562879927882353,0.22834236534083618
0.5264817050219613,0.542222615672555
0.5451305840008129,0.5479654255816869
0.24890973778619185,0.2641830766770018
0.14374728370495415,0.1225348964215741
0.26507257209791585,0.2552866732891097
0.6912942977562583,0.6817793253743895
0.3054123324155162,0.2041465158565369
0.12108613844969905,0.11458206575066196
0.5635460558430232,0.5383943608438062
0.059850013776587524,0.04161082168263904
0.24092826167346315,0.2677880149373342
0.9371729379241147,0.8435530971200798
0.40772724252034326,0.4462020887322279
0.7630962469668318,0.7517582495053152
0.5159664867781929,0.5042839746914752
1.1101461920217335,1.1479119433086655
0.9873898848855892,0.9905801420986406
0.20715767935683607,0.2520999384332079
0.4894927682763884,0.5012730531119635
0.3229710912052236,0.32053018485785445
0.5681162791583363,0.6356944051451037
0.261824892073508,0.31745205152647404
0.6634310929664406,0.6964712199966461
0.38417586662316683,0.36844817231387295
0.4487028047316534,0.4338750866843813
0.5183443443000849,0.5190509402823762
0.6898460737276936,0.67670982853964
0.5843825749496326,0.5728237419671168
0.2541479697346527,0.267087288580324
1.245495693360377,1.1900505662612015
1.6773097314240843,1.6912744123122199
0.42524923043819135,0.43583026810322073
0.8535769928547176,0.8308577074411797
0.8791586024438788,0.8479394651057773
0.2877161377726819,0.3017303603547647
0.16240476318353758,0.14193214399542978
0.41764626964824664,0.5021216766482713
0.5293951555725638,0.4587966887977624
0.7496532015776861,0.7417262348178353
0.5632358965116055,0.5737088856649668
0.6748709634927043,0.64690192849693
0.6664381750528611,0.6644519254450878
0.3910726156988389,0.3804520554137271
0.6540743205966189,0.6763326507253495
0.17102926794753404,0.16455250772522909
0.45305780203260154,0.4949659286226068
0.489374367653146,0.4768062469029061
0.5059401778520458,0.5174726445085153
0.6759900462706487,0.7283674456697311
1.010723613757174,0.9554212403598096
3.072784964961202,3.179322208954371
1.1242703381659829,1.2256712615236054
0.2422309065223264,0.30857197280782295
0.4496099826819094,0.448919582211361
0.04267280221229676,0.035934341902745255
0.880849361461051,0.8680439260765773
0.41646558628928965,0.41084211368684487
0.2879104343895132,0.28935786097648625
0.44197299229555526,0.4341966987403499
1.050098046594886,1.0455088963977184
0.28528657207613145,0.25718175453031683
0.948683546792096,0.9668638064410274
1.1708639380034795,1.187000757368234
0.6117148639541388,0.623694967470504
0.5594010913357188,0.5484852182210215
1.1329225762666153,1.1570776459332919
1.2828790301760742,1.2624140074389842
0.6312483962580204,0.6700168441815555
0.2694837617368586,0.2660696477632558
0.7873617578881229,0.7413958769622784
0.6604931285469169,0.6236841958549124
0.922793463561651,0.9349342935813096
0.8873056409245731,0.941541293823853
1.0887943447600403,1.088924890702778
0.5265023936348256,0.5403140248471223
0.6347867694361602,0.6559438833570619
0.07474644833935945,0.09675632542914833
0.7930045858164323,0.7792004607742914
0.7255366451756002,0.7126333341254275
0.24290179325712144,0.25434213286855945
0.04356544044378266,0.04096754087933901
1.172567089045704,1.1749795243827137
0.12113438437591909,0.10703916549826081
0.13696797944237976,0.13082500988734977
0.4732960447487071,0.42135417999847685
0.5134309274608554,0.5310928055725224
0.9267993243218257,0.9158211524919799
0.43823627230311585,0.4561709916108472
0.26687210212582607,0.26409461246517707
0.3581602331968603,0.36096727274409196
0.5581815099359446,0.5859007880224095
0.7098100978711442,0.6843862619107204
0.2358089922717181,0.2338843165896335
0.6006817090649813,0.5961027307629705
0.0647255412921637,0.064286014461195
0.8922952494665025,0.8719066197725941
1.1068543698431104,1.1278526804995763
0.1722691977284415,0.1520788962176511
0.6303732748119203,0.6417874858705729
0.692079827359104,0.6961347783298254
0.28682274308945055,0.24596939217314276
1.0419407934436433,1.0348446429113507
0.9790226044976804,0.9886073937551705
0.39741990568828545,0.4234692810912544
0.7786769983153182,0.8165199375053436
0.14752275295482706,0.15928182306008773
0.0938689967463855,0.09545674763910618
0.39795350398925333,0.4025491812354681
0.6491331561193581,0.6587509781431811
1.2408150050962172,1.2690762266162428
0.3916616760318526,0.3881930080629801
1.2728246238778413,1.2975397211297117
0.8648716531305525,0.8711622805742751
0.15969754328391644,0.14768069659963473
0.4280426518942789,0.420250364301147
0.7132165579658335,0.7075231931579331
1.3887922186549204,1.448540682082545
0.4299986717598794,0.4072759708255296
0.9314563137769619,0.9378034463638076
0.7945749568643697,0.8070840637470136
0.45206974202707706,0.4427609818456649
0.4955553605504382,0.5394901993156574
0.6110783046791276,0.6111115323177073
0.39105944552994226,0.4010606386820348
0.4930735799830846,0.4725267545790615
0.2556999705987325,0.2678007238720767
0.05108831929379692,0.044077070705785294
1.0733832159978438,1.0528534611413831
0.3350699013932184,0.3197750494616356
1.2882926223737803,1.07531410305062
0.4090635096332398,0.40633544994604776
0.2941910635163626,0.27893031332343105
0.36126616237149395,0.39145613760556247
0.22992485487697104,0.2403389185761743
1.9445735889320832,1.9657445744023363
0.4460428324694288,0.45316099483919575
0.40626719738951095,0.3385939803910039
0.40553371146453576,0.4178408073755388
0.922568990795575,0.9434016598019677
0.4637180757697096,0.5697960876041489
0.42815762222365833,0.4274702661814427
0.6801685623618662,0.6297928914415517
0.46772253624099686,0.4533105676798694
0.3567486416384086,0.34884702667284556
0.2918424114075996,0.31901843503555033
0.4673410542219325,0.5035553022806698
0.05073770302541366,0.03753171500208574
0.728526909712701,0.7583111604406184
0.7852967783822352,0.7932945428909269
1.7087407735115652,1.6041592678444005
0.22380141679558926,0.23032253795861676
0.573284504840334,0.5702338030344182
0.18391205511796338,0.19186793451556242
0.09345552428303286,0.09232676986953874
0.4620688546638043,0.4541400451030976
0.23263409176124472,0.24634143525827773
0.5043863144234264,0.5120211817662623
0.48004128749623837,0.4824681308148842
0.5036880375132616,0.4973017669791549
0.5681686261059078,0.5748297093670263
0.7292605922351607,0.6953042738747329
1.0448862848629208,1.2121319011942513
0.33796576300237063,0.3320065947848302
0.665463394475749,0.6885448635065499
0.18518180052442135,0.2276164652033745
0.4584931920386804,0.43245259106013273
0.18075174788831005,0.14793441013822656
0.17945247780396073,0.15701084881420335
0.8703478389564034,0.8704246292592164
1.211624193235747,1.2086743948802603
0.40624610139371,0.415565872049428
0.509691477667922,0.5165912551709165
0.17736943583188275,0.1312163764079861
0.6237431741793641,0.6446564707470706
0.6037435811731832,0.6167595917614719
0.5884589886355517,0.5898200059337197
0.38974678859033374,0.39551351515776634
0.48452360410870376,0.5235949100008499
0.5203533979867642,0.543167015338884
0.8435529283016203,0.9015320098571273
1.1513289231393997,1.1599988869965439
0.5436603438857667,0.5858971587387349
0.7683935624742471,0.7733301585399452
0.4886325027864695,0.48257784895400635
0.39136910586201057,0.3836209094794306
1.0602059032811597,1.0428149955778516
0.2270515052083249,0.16026483450714618
0.7873535162825845,0.8414933499124821
0.2340135799845815,0.21675994999169126
0.733166075812479,0.7336216665534623
0.6382798069180694,0.6866960430287085
0.2839445961542775,0.31523172807989236
0.8243968709316435,0.8572164301232029
0.12296515844081088,0.11690375841603443
1.1807642937538676,1.1780343184928477
1.1350994286580822,1.1373154573962534
0.679920822084124,0.667659972559778
1.02508850273896,1.0339707026379779
0.6569192537422125,0.6456360662743135
0.270265142457018,0.2821867357000541
2.0167798223599784,1.9802358155209736
1.2328007524731273,1.2594006636613395
0.7881464646946881,0.7821512550869558
0.5909951499432445,0.691748786019794
0.591907661729727,0.5893473252522677
0.5213465628884255,0.5412984935364129
0.17710990724976197,0.15320381029959101
0.20307598316452277,0.19481415340071445
0.8819746442543935,0.855615285421299
0.21562491429813255,0.1544448622728367
0.08883061345602375,0.05927554131538863
0.6872336727782572,0.7157762059374321
0.48785896920460115,0.48262168289850466
0.6304723276555069,0.5924642130349588
0.040036062697928594,0.03569212844233402
0.5875055146261654,0.556107713511037
0.6202200737276858,0.6309408319376467
0.6877442361467038,0.686307612236249
0.3943472821334315,0.39149537765524334
0.7616048052020528,0.7623015087882278
0.28335132756252646,0.2763423767647584
0.7679699757801522,0.7354743765676064
1.2379592100965215,1.1070853442413593
0.27592538160824276,0.31259666237999656
0.12038125779248311,0.12047205366037105
0.401493687445031,0.3882435627693308
0.343580896462649,0.33583851324667435
0.2120186577377873,0.22336680655470836
0.9307394731564771,0.915240338330024
0.31945975803859494,0.313920820573144
0.13832276423017822,0.11150733824821384
0.23682497276455217,0.2238796814006328
0.855649098068076,0.8545007009933561
0.501685281352033,0.5418462342478579
1.427326372656708,1.3748976107185815
1.0581428379484283,1.0651246099516538
1.3807639656923334,1.380833397742448
0.17675487103142587,0.20542241581500084
0.362254858484493,0.3692445910109225
0.7655119637625357,0.7630131075677046
0.2233457302236614,0.25762207016124544
0.7264252896386241,0.7229721776390584
0.1833295468484662,0.18730559940744443
0.41754438436437374,0.39913893448179427
0.8653171489806625,0.8677948734883795
0.4824314264432227,0.43106287965890006
1.4572956397574663,1.470007725577471
0.31237244800276603,0.3383984110675671
1.1485434079427517,1.1619972045063234
0.26318290808399764,0.2666062611730828
0.41650862897261137,0.4027157481973356
0.6619337768625391,0.6669901016547063
0.9039187767784056,0.9036510867469417
0.15577649687356607,0.12509168601158405
0.722393068581165,0.718986954200524
0.18411714861920053,0.1634810501291921
0.413508147994629,0.37264651330257065
0.9199356140390769,0.9167763941330165
0.3073475232197456,0.31319335643399143
0.47985663451914967,0.4970881720309544
0.4051719624229117,0.42190712392718566
0.9056465089994816,0.9183150859177533
0.5279201696125874,0.5148813814859915
0.88214262010644,0.806131975476558
0.5827776627119621,0.5980653248072376
0.2654605810384124,0.27890695947901994
0.5373958082483336,0.533142968112995
0.7830865746586797,0.7764164495338247
0.9938286599225549,1.009880839690754
0.4443023984954729,0.4582525803218233
0.26543325160067455,0.257768698132881
0.3195954449984868,0.33129368736278714
1.0301631064940566,0.9874481069124097
0.9446902774827811,0.980041536489333
0.7019864891723249,0.6978672138930487
0.589325268566385,0.5894970639682942
0.149204907805787,0.13225835075747966
0.4113166788965478,0.3979497252809153
0.7924128358881618,0.7908341542428498
0.7149763781223104,0.7235330509468514
0.2702810804952987,0.2498080075536639
0.4558734995076327,0.45528663563708355
1.0106842593468501,0.9824355844003441
0.7290907809851146,0.7329000327614653
0.9520311672073902,1.0065866107580816
1.0863929871996165,1.0629080142734673
0.3214518111830886,0.31864786129569184
0.6983145793480761,0.6960098264987419
0.4284860002455794,0.4317066574183849
1.0974415002927944,1.0528155187276318
0.23476777127467088,0.23818807035075687
1.2293962622903198,1.2491891344063941
0.316173494836642,0.3186329219146553
0.6150349950146888,0.6168898060721523
1.3436397007364187,1.3526949447893777
0.14603246987446777,0.14414684023100324
0.22253215485987082,0.24829224721428808
0.8283899535751615,0.8340519477260078
1.0031754792547478,1.0159657871098935
0.08709802367998655,0.06216873190458348
0.34524683334831907,0.364227263295478
0.4444725343603981,0.4262724984207861
0.2218325147207003,0.21285703866107
0.21544141176172046,0.18593387221963997
0.4743134460261088,0.4853282454295799
1.3398769178987389,1.2101378955371567
0.4231287747637436,0.47201649551108577
0.49856073016394337,0.48514492327937025
0.7049863630230443,0.7184245404030448
0.10495907814248874,0.08933573704033029
1.563732779894174,1.6721896017648505
0.8995535161741335,0.9930354030649008
0.9218355707147505,0.8417428329184997
0.22500079975768622,0.20193263918330634
0.13736090883857843,0.13755434720322438
0.6698961922025266,0.6434087254546815
0.81377035091281,0.8025949523863745
0.4168643797529242,0.41047247797617464
0.48896616366576373,0.4912606560651266
0.6610683104316513,0.6419072832223645
0.5166069444409422,0.5075696268284101
0.4646122056814898,0.49802455078565533
0.7784861035339443,0.7562858841706486
0.36852042362089704,0.37752982057158607
0.4958019105304456,0.48846965729802855
0.15173055173028901,0.1481291454315871
0.7660809256774805,0.7803957284225437
0.7311402840496156,0.7375898114583043
0.2647644050298369,0.23230883348243092
0.06320217670254426,0.05487236151480417
0.7983439524106893,0.7895354082094587
0.47859845130389095,0.5003337274716428
1.135151993387115,1.147565408952143
0.2420902959375293,0.2502581402475285
0.7620973417479364,0.7966687062238419
1.5731777098524597,1.5773048503704592
0.604350201421253,0.6159272692784238
0.6629813747814951,0.6641055626506079
1.1538381272456812,1.1709594898086697
0.15398047715356933,0.1480071362848743
1.1611901519026477,1.160860324234853
0.5765629157435906,0.5750308481565622
1.0431563624111868,1.036375091220622
0.30209583900610093,0.31366722864650215
0.3348699610691137,0.3335510334328819
0.11236052185816824,0.11586149366575703
0.4846041051562531,0.5020147189816453
0.366203508033032,0.3455219097368443
1.5229642889816317,1.5099074214409343
0.4097364000431035,0.4110794438686807
0.8663396226069682,0.8331435161930639
0.4505298871474586,0.4539969957951903
0.9578384229860123,0.9712410276448665
0.40657382789309665,0.42476726977023377
0.18499209969622235,0.3350224217673448
0.49839171260737153,0.49951015833707674
0.5235015566071602,0.5176278375583759
0.5115081926550317,0.531855472358156
0.3774937664993576,0.37854056824840937
0.6714694119778757,0.6175286232721197
0.7215834565343391,0.7105141484420323
1.1471732008964861,1.1426400103105563
1.104702989369984,1.0320296260126658
0.26114904698947977,0.2529612172770532
1.12044269105348,1.1266036604482121
0.4416334371483694,0.44203522124090366
0.2649429577908148,0.2615421426534461
0.04895481200815786,0.05300995147988718
0.90092744084226,0.8562390256173436
0.5420654097541876,0.5966396978374514
0.35646555931808516,0.35650149068692244
0.6283182813511685,0.6335935247609623
1.29939418134295,1.390126364258064
0.46547940300206264,0.5135981083595732
0.5330446571661568,0.5163393520893892
0.42627793513962947,0.4157283025703976
0.42241912318303776,0.4341817962427255
0.6112586632536746,0.6130697987836932
0.5070683306727664,0.5031416861734868
0.5893610817190285,0.6154104376010143
1.0443050544383687,1.0217172317447634
0.4336278061594973,0.40931417281652765
0.2824994245301424,0.25828830328596397
0.6245620386153988,0.6464821501251435
0.5057703252039649,0.4556615435703567
0.5107368796349273,0.5122861109911686
0.766915019961143,0.8034946398770527
0.581216836826307,0.5858962376171956
0.8486788953417631,0.8516257976009164
0.3199475547544676,0.3444663014688107
0.44035788927795205,0.4336790395611359
1.096783666588442,1.1053249004808863
0.1923473067624856,0.1625500701145077
0.8192106510649714,0.8445038103871838
0.6238848068005087,0.5644632944862432
0.4131080068558848,0.4555151389552966
1.3971964012346403,1.4285961974473198
0.6661109762568067,0.6639842380107498
0.5956704095478188,0.643468874615069
2.3020060650478165,2.355646006972666
0.3238958982886903,0.3199942631966727
0.30098347110421514,0.2605009668192175
0.23517845132450269,0.18818704672869935
0.565594789860786,0.5755121102838995
0.7932925569161442,0.8233006577630824
1.3417469774199913,1.30071884527914
0.23292132034539179,0.2114446957616167
0.3430419431348021,0.3406582542648207
1.273578508384624,1.2980361637300164
0.589187786196192,0.5814616043054696
0.5473147043252903,0.5223090605464196
0.37146008808546727,0.36988316207072985
0.1635843704783436,0.15175709314502567
1.0221354155943654,1.01666304073388
0.6317304429180844,0.6303979945953173
0.5015539960454638,0.49741329963460335
0.3609650768617604,0.3595854087681932
0.3286431014159626,0.2902181630616195
0.9975957169937875,0.9897908332045477
0.6792885648957627,0.6667406208489212
0.6570524240029337,0.652372906331273
0.5681707893956661,0.552657898021753
0.9975119585766394,0.9667221935043894
0.6921063696802527,0.6859703818673495
0.6020323407105138,0.6129421503180664
0.6536471833354224,0.6792039022597262
0.3933190940901531,0.3980498469238372
0.545366132316714,0.5688895099533924
0.15880056872173826,0.15813425773380152
0.1754133292726645,0.20261039067675937
0.8456248748086435,0.8258533407356131
0.909059613771217,1.00794000974964
0.23838318657299917,0.2197319292689536
1.8264633824032237,1.7838865053472912
0.1373779968591036,0.1264691295070065
0.674687869165999,0.7162745830591265
0.22584990707303534,0.21367465033814376
0.6130617800025333,0.6170589090817477
0.46098076662482224,0.4988944220835293
0.353525494691259,0.3781886833036296
0.9556270276361513,0.9578743906712889
0.49934525527813495,0.483754140458581
0.08720367738764531,0.08648692904049836
0.7077783880526629,0.7406118428674838
1.0657833116077857,1.112863726930963
0.34580118486524786,0.33583813299078735
0.23644719984983223,0.23474908425489252
0.4045271015189259,0.377582489107668
0.39002333904023134,0.4748537915550637
0.6317353502718884,0.6609556390499364
0.2628693336355043,0.2257209459719107
0.7598114185075284,0.7506426448146458
0.1853486616996482,0.21930810058554912
0.851794917368503,0.8586964907535732
0.8154205254588632,0.8174159030997171
0.020073788013881377,0.027733595045579193
0.4847865536800181,0.48742486900565646
0.054532240896380264,0.06135157374435405
0.8186461003477413,0.8522982958468525
0.49541508160097186,0.5057274965055871
0.7913439308028838,0.7747243303618121
0.1590979199670104,0.13570048106409027
0.5513688254438028,0.551958670480118
0.8501798127086124,0.8763790125250713
0.6328572178762889,0.6272618301872539
0.925706299555719,0.9805404985879903
0.3838087899458538,0.40214667015649985
1.00908895443146,0.8666389909024081
0.6236166077249251,0.6110873436616734
0.10771184503811726,0.12826413332278805
0.37983276492571644,0.35501235061519976
1.4184003393693625,1.414703947713205
0.34728712079992086,0.3312711536595401
0.6775777422719562,0.6934120622493519
0.7413071293673937,0.7300027515522438
0.22728822229876608,0.26663429482764345
0.2349039333445994,0.2395896418977641
0.45379195988622295,0.45929529597764984
0.22611160467180122,0.21602274393305354
0.36108731654837517,0.38084119277105166
0.4113808979445971,0.41828865637262497
0.09200432098630149,0.07501800042126637
0.49366111058337636,0.48018857478068344
1.0757475237166352,1.0642324479547896
1.3988582818891657,1.3664693146431894
1.0389122361901189,1.0442198993886722
0.5666659562603952,0.5673975676413368
0.6866300899306114,0.6878648181111837
0.6120588916659985,0.6203860720437082
0.4055937916973315,0.3950790070198007
0.22501564834456222,0.23802196292602373
0.6321083177181651,0.60211451716469
0.43163233139296087,0.4348334473864666
0.05040553465354469,0.030617586119694524
0.11696788735376945,0.11275613628968464
0.7874713064264196,0.7725399722136669
0.06899623737941152,0.03114355133251084
0.5971241363877787,0.6112753693102377
0.6977806506773928,0.7038524860044165
0.9501597372395345,0.9565713528392045
0.06102669055813627,0.06928893136509628
0.09241989033929246,0.07704502187398837
0.4441200055690089,0.4418775457763115
1.0925526778637447,1.1407842437437399
0.6893230167345329,0.687600498303804
0.7445471534310854,0.7594001314137006
0.27019367479985823,0.26530881484770275
1.1627271608812015,1.165386676336235
0.15554383720980325,0.13454125605561576
0.19839354923054173,0.18522160833723111
0.12405765160320809,0.11569463172786378
0.9953963350295336,0.9818421910758547
1.6333352643297743,1.7347218900347854
0.14372055533187508,0.11035007858832187
1.030389268878868,1.0133072071759297
0.06571600195974023,0.07025153221247395
0.38351456372629783,0.3978360228243883
0.14282137069907375,0.15232896500106213
0.8432470262476505,0.8513029447846557
0.5090231246236481,0.5228036225036973
0.4547186191519296,0.4474170702944668
1.3552526427899079,1.3156499265922155
0.4266717928291731,0.36446763777485985
1.206515223659158,0.9866289851908546
0.41223879846357425,0.39369244690211536
0.27264611332339955,0.27929519224286103
0.366210068831192,0.3743471554207943
2.202514456640378,2.5081434975344243
0.6471885984530059,0.6519187000345836
0.10808502086497297,0.09657063908634048
0.18364260627034665,0.20393472710986757
0.26568311394746935,0.29440878715264857
0.25527590153650165,0.23705736467100597
0.06137995405926498,0.046644198123204396
0.5074609561480048,0.48362051417077695
0.0353559094298984,0.03490622895905661
0.5578967549812733,0.5555358821497914
0.9895230351405999,0.9921166754269178
0.25494939390479554,0.2552584640753945
0.23907761434935493,0.3134122389497667
0.36829442709123755,0.3706656560572962
0.5610521338806028,0.5641364860493686
0.22433348599643602,0.2604134629412943
0.18024210213020325,0.21714421135939743
0.27656550842854893,0.24935630170040682
0.5653083249741137,0.5495179510303586
0.866518472745438,0.9586334070274095
0.6320394068445176,0.6206930907833064
0.8401205196493854,0.7911699185176135
0.7772024122722668,0.7754168581116723
0.29154694188700436,0.4064352013953918
0.14412535910934648,0.1265343665687048
0.6714582016329825,0.6643852894410514
0.41882506122417595,0.40422981180646916
0.19844812100480058,0.247140724373254
0.17038291122804436,0.18783087787179314
0.46680092150783564,0.4573876077744673
1.3026216990229875,1.28152535365911
0.2513687610899731,0.26430491383710514
0.3982336163869829,0.3876690196319429
0.5890812532063817,0.5728639294917461
0.5827658799659604,0.5724280206321689
0.45739771140295565,0.49508241064880126
0.2286011047927265,0.22669162739022897
0.9772064514149901,0.9305700210480261
0.47165726284801623,0.4494822430589324
2.0754396504578705,2.173938148144147
1.2744868768425643,1.3882044561528697
0.164296326717618,0.23946470707076847
0.5702086730761303,0.567360230230284
0.5419665188752665,0.5383123634486032
0.7326332222669253,0.7360587846332552
0.4188975519609571,0.4098956766073568
0.22509354974830395,0.1882981931409283
0.14975444915893232,0.15506223083361026
0.49429110042923663,0.46406934567411534
0.07427634054320725,0.06592568296855662
0.6390705300652002,0.640605015147767
0.8048006992854446,0.7995086822038274
0.3980340784963222,0.38667740172989773
0.5883964662985726,0.5838184853175522
0.42397443463379103,0.36995534873465247
0.5357846404461377,0.5600318118853083
0.5202789019023499,0.4760158926340921
0.7441801453865003,0.7097577090106587
0.4554458409342956,0.5308093151633057
0.2321532494482371,0.21062258470759657
0.10947348170164256,0.09594246013653665
0.7886319629010825,0.778971031523479
0.21668990988773587,0.2203846178951345
0.43910400459282534,0.44008136061070197
0.9357165461004014,0.9273354380329409
0.5718932995014848,0.5618141036451189
0.5793119327779739,0.5739296787576964
0.5086180854937922,0.556077797764625
0.21270155338124952,0.19800405881176011
0.20031849955283715,0.1899191553680256
1.2518565437895715,1.2311484592209434
0.41901499395247743,0.39235806228310144
1.1556060442209717,1.0905874286834536
0.395766473333222,0.39729389640121776
0.3483669675029687,0.34228423321018875
0.12202306654802572,0.12922314915378044
0.7726922127018792,0.7557687069942154
0.7144116182365393,0.7530050078447923
0.34862579079687345,0.36838864429257695
1.0792360319793934,1.1368743157946375
0.4056599370086312,0.3930961745466138
0.6982341820987195,0.6704137740855954
0.5179433872318837,0.536753704687616
0.2312964659827801,0.2303690585504936
0.1909288788662636,0.18812028741019768
0.22878935892065552,0.26119714906339797
0.180993035737971,0.15490203525026258
1.1873124593488344,1.271280782380056
0.5300296801006359,0.5567636241398141
0.2714604483658147,0.26262352724019516
0.11462060627017714,0.06806217844935515
0.30472520597563024,0.2959985305613469
0.746573225093629,0.7712135632587653
0.707243505420167,0.7415815607355115
0.7865178133074383,0.7819833040146581
0.4623362410763492,0.4707636202793524
1.136523685136953,1.1469237722947372
0.4455652780969341,0.45743907982537063
0.4844179906465166,0.4482943425574719
0.5656269875792578,0.5651969025428853
1.0842198314575153,1.0871923151387968
0.9927659598455874,0.9158162431287588
0.2440688672353791,0.23650021906559904
0.9300398268052961,0.9234081566473406
0.16879989972098144,0.14858588963828612
0.24304330503862728,0.2344486278278837
0.19052699392565517,0.2165217545575999
0.48080357219971975,0.466363712121373
0.5764180466862543,0.5742329530785213
0.16858189800024787,0.19981627583406555
0.6820333813259485,0.681781435144254
0.8883597722394875,0.8727142060404666
0.9854831292507108,0.9970352679425519
0.30271292122447263,0.33003075280479877
0.7688090637005612,0.7680692541663637
0.2498837782170393,0.25004530384899937
0.5574631871474535,0.556600419708803
1.6247687446582355,1.7178956096023483
0.2578820810898601,0.2852987846509464
0.5802404889775017,0.5941177978615862
0.3048717423004842,0.3360623193543503
0.6395186450325387,0.6294195048533706
0.10441101458262726,0.09739542698577687
0.15528979336218793,0.15344906693516053
0.5721502475439778,0.5871970940296214
0.185302501968156,0.1775903795937486
0.13629731325913824,0.10771249238553507
0.25578756526358726,0.23946158766604722
1.125872288745587,1.105855143416133
0.17084375662013837,0.1618455119730588
0.36001685366206654,0.387103480005947
0.7800200934264929,0.7457531171359897
0.7244680862091549,0.7250178954219149
0.9698124260148693,0.9576762625162211
0.5515752030178165,0.5625282518334529
0.6685550483860222,0.6546766070056204
1.0435767086635424,1.0416357186768561
0.5982899432908484,0.6103636185801727
0.8800988138861106,0.8833851605607453
1.1916162307337979,1.131333844955611
1.062081265871182,1.06648131686636
0.5666211285051845,0.6153793696200717
0.893813324059585,0.8949883231593345
1.1268778918925508,1.0812344026482728
0.7118402850783607,0.7102362225209646
0.10522059678202587,0.11359860993293427
0.33122216328700627,0.3286187741792982
0.5734481369832652,0.5729506085097718
0.28800556480777395,0.29596016672211123
0.05496052873046937,0.07985161480012992
0.288808263875187,0.2845481308151425
1.2511946659578361,1.4088164063622737
0.3277617163501087,0.3325021365743286
1.628137069778368,1.597253860280049
0.7051742308811767,0.714481731624618
0.3719941466588243,0.37630432620373017
0.36428647162239175,0.3821333681191762
0.3132605856693207,0.31540605881102585
0.42497295401799406,0.431846240082649
0.9423056415491193,0.8963974643513902
0.796988847717507,0.8027610945427932
0.3440084849052895,0.31588112158574005
0.2502286874542452,0.23648857604652276
1.1508401510711435,1.1358589397919692
0.8768022910115574,0.8843628543175821
0.29177360340665937,0.31802504725328357
1.250696579392816,1.2068080126992242
1.2462532491279092,1.2651772376594272
0.7008252724176466,0.6648582253818236
1.9406580134640714,2.0065144093927767
0.5563831518096647,0.5718174465530054
0.609761794174876,0.6262509140655556
1.4608213376738481,1.4887318236112992
0.15093948301879365,0.13759359718832276
0.7735792947743149,0.766065755291649
0.9561735213626278,0.9195532409048547
0.6599867483813906,0.6942125059864064
0.7655189926635885,0.7443799005804895
0.9421993277330498,0.9345921258512208
0.6439205882789136,0.6450772719803854
0.8499176274979259,0.8341926213963986
0.4594565346586632,0.4465239195709617
0.6296867634550224,0.6077730049609696
0.08883463445660432,0.07111808240515077
0.9359310635655168,0.9927564352484693
1.0981418494920012,1.122989217228223
0.4220368970364635,0.41658740900047897
0.7508155679732805,0.7469031845160093
0.3860650758913214,0.37704335705424274
0.32277475109190606,0.37793249315864763
0.2532675993939081,0.2750176852064042
0.36241614949945594,0.3615750151810324
0.5564615606491159,0.5489197093962257
0.4023148398842853,0.4253303801698347
0.3724635648633475,0.3988871190979338
1.3228931844099596,1.304483684124384
0.6166761554765514,0.6296243815716038
0.2799524433074005,0.3025335513186973
0.21769279483686438,0.2136998767034734
0.5580716114404792,0.5679950639521626
0.4973009996411609,0.5246272974844476
0.6210686172229353,0.6432384241869128
0.9920886258471413,0.9723560614819704
0.7183599413092436,0.7190462229736617
0.4665305616902359,0.50914350186192
1.3113451035914852,1.3524132159030657
0.024522187349574263,0.028653907500659572
0.6523508988795382,0.6517416748211488
0.5746391274074283,0.5819837522894258
0.5465841962392431,0.5185930261967518
0.5557002499500245,0.5383432481675835
0.41255807904135205,0.3952775842296887
0.09592878499762786,0.07759888017272304
1.0748719666139395,1.0938676148130257
0.17235318169364153,0.19617684538096447
1.2235821125229267,1.181106267614397
0.1458879104920058,0.14977634345307703
0.3361301964823141,0.3906536093210859
0.7451189122915285,0.746048299083208
0.16571272545836394,0.12895582974951428
0.6073374894457791,0.6056077769336912
0.8168746747248344,0.812868797445969
0.5717099188897765,0.5757480656846702
0.8856865448391966,0.9151241794230793
2.393565248744533,2.252628685258743
2.3200665843432797,2.3961555881366277
0.21451780936528922,0.18203002018030529
0.011779169205941482,0.012856561504797057
0.21194416679221403,0.21553869536290074
2.113277031077814,2.0518643258270797
1.1970623061310475,1.15194068151581
0.9294046840709592,0.885250651285099
0.8161561073438779,0.7581733061614034
0.8462440306998016,0.841423194790212
0.6107392831153537,0.6170587612282552
0.9921693657680394,0.9767681475755569
0.35162502629612713,0.3328767652697401
0.30237659717641024,0.30788440578566706
1.0459953228216468,0.9233831194930376
0.8272080931834082,0.8239004572937949
0.6997138952434102,0.7051299419885169
0.7585250066843676,0.6911563965361536
0.47254927283194814,0.4768651249027627
0.44913167432433376,0.4320034824097334
0.8408294840014359,0.8570934589815585
0.20686692086649144,0.20043806783746182
0.15817456257073736,0.12750219424471435
0.4181377824464047,0.3569939361829987
0.681370466031558,0.6808249609619833
0.2355769314760574,0.22003339908383635
0.5461194505076639,0.5364568394739556
0.6441090628235298,0.6282459239968656
0.06374139309804044,0.07535257714451687
0.1666491067276236,0.20644238134755266
1.0190448582153688,0.9317343695970383
0.36226930336216323,0.3572653897308484
0.7156181717711446,0.6852721305188988
0.5390661212067833,0.5382127535028846
0.2891653836622097,0.27885385643099303
0.35750449627588415,0.3747455452170466
1.0965673569576293,1.0658336893438864
0.6370998337809839,0.6249943899242533
0.32360181253700493,0.29716915162696134
0.7002401653509237,0.726155147792279
0.38869725449106307,0.3780664516750672
1.570262870433455,1.586053608504208
0.4930118757096564,0.4833742205748208
0.7137900968105941,0.712191041555307
0.9060104568339369,0.9057028946019255
0.28088734181581765,0.327903350175925
0.6012833779768,0.5487842975851182
1.001139612132439,0.9965911545294771
1.4066924019061726,1.4030131428022317
1.2490694356666616,1.1993239391985169
0.37247604347838453,0.35514940246686166
0.8737871927226565,0.8862423222743997
0.16685056109807317,0.164427816760815
0.4986588406290046,0.48552009184683226
0.6381497052865809,0.6274914770225821
1.3005445084942049,1.3190834671236176
0.539170855734889,0.5812481848516415
0.7303347816562452,0.7296404493499896
1.21022575758542,1.0829767561069557
0.34744133454332626,0.3745031840839135
0.6073015449831816,0.5759636284288653
0.47352551258449344,0.4939127767935405
1.3491703641765678,1.477897765284092
0.965362827342123,0.9381734311091557
0.4354116308237649,0.4277337664645789
0.42505757460283716,0.44994618042290074
0.3586076982594618,0.36179548706464865
1.2781886494442498,1.2723673799654693
0.34488365079053424,0.3212361866155993
1.077826514473084,0.9569149029427824
0.6462810711888685,0.6501771536460659
1.2037897887252114,1.2158821909178075
0.24598673623897532,0.2679910774217545
0.49820049939526373,0.542421292302602
0.2226848105783509,0.21934664795571113
0.05424576458837499,0.049115339221552326
0.27580518223706585,0.272268842442722
1.7693331273246973,1.883349436269803
1.9532747106602193,1.8570864510987157
0.1995079105811848,0.17621574222351175
1.1377679397060787,1.1081417488270529
0.22885641329591144,0.21981398007281786
0.5655451797358937,0.5627215203597956
0.45820775248608,0.46074579221959416
1.190435783813085,1.297433047630487
0.4378339259213108,0.4747475374720209
0.5141773756804521,0.5034006647466335
0.12712828437079984,0.12363451676188678
1.8755529786324645,1.9421877795435876
0.8088177239926285,0.8124411323167791
1.0422042191772911,1.08189646386311
0.3754862849699575,0.3328972424131147
0.5116680022693788,0.5428035564616636
0.19974291287340257,0.15786536727161848
1.0828328278796115,1.050727807668193
1.0344029519752849,1.07597157423295
0.2580918505033987,0.27093781419769375
0.23517054969298212,0.27897962038656204
0.2369544641274822,0.24412960934943073
1.011319166362017,1.001559688840133
0.2717736946533813,0.20765360823942888
0.58173495266271,0.5686398923056728
2.00170800624852,1.616926203445081
0.30455324665110955,0.3092014333909468
0.2693539580698531,0.26192027224069175
0.05604479102819717,0.05585066225844712
0.46334747745526017,0.4186286769535682
0.20805102467198378,0.1878162664279319
1.2571872430038311,1.266746003698435
0.24459101613135237,0.26005569958957203
1.0256501770499014,1.0030187750502682
0.3603693254375307,0.3575000227415321
1.1257735429845228,1.137517451964497
0.06553147407427021,0.05023524463016886
0.32826813480418476,0.34966363442532206
0.5648375860530606,0.5357670532089406
0.5916960207660219,0.5810020685042366
0.852142905929749,0.8428894171362779
0.09489052516381774,0.11051905627736053
0.3305101435025249,0.3513844746117017
0.7302581031786669,0.7385900197245044
1.3701134896699083,1.4059860427246342
0.04004220459253908,0.03866624549019145
0.22869430362846657,0.22022124708780058
1.225741833322615,1.2025696473285625
0.2472668938922451,0.24361563612548012
0.429741205685418,0.4134098503468578
0.8232129260311148,0.8153589885437093
0.4990670189105344,0.5020713383198249
0.5249776922375652,0.5361046479139665
0.7316417696050592,0.7354144536206935
1.105235473693506,1.1109520251084626
0.88771755189886,0.983157324884192
0.4954738617092732,0.4900934125830263
1.0285302981924764,1.0515224945378725
0.9091407238488637,0.9228743645334662
0.45463992181215784,0.45342245250496327
0.7015478844324282,0.7174077879404308
0.4725785164622849,0.4707578600624605
0.07954507025024829,0.07620778792456782
0.3279080444703983,0.30614054684552394
1.4953024402242827,1.6397737449141958
0.5944435837565339,0.5839690857691526
0.4353664361009295,0.4506722164754225
0.42936759090654114,0.45120159764233464
1.0638248458285786,1.013278093747133
0.9486334024038922,0.97334491280495
0.5085323225255945,0.5108452372116103
0.7282458855050161,0.7073084034690234
0.24021523118580274,0.23743798662257334
0.7160751578290144,0.7050888941135213
0.28179943455264594,0.26988060679940745
0.6661536924168431,0.6121175457493292
0.5661464372638331,0.5724704729386564
0.33646769964452516,0.3185534405412347
0.2258413789013484,0.20333422339214047
0.5637999457450642,0.5633556417434475
0.2716663121581623,0.26157657446429794
0.5555662904950992,0.5724763861538925
0.31654280054846257,0.323643407892158
0.7921582970949291,0.8134369390680336
0.5418725635960033,0.547003135518278
1.6217243582599368,1.5551849658397436
1.3108692633984091,1.361557664372923
0.17813533424368722,0.17057893493030254
1.6589058805873502,1.7597176045309177
0.5838612206791476,0.573897880691262
0.043853253962058296,0.035177882078419064
0.4461101715193075,0.426283771032616
0.1349386411192837,0.14756274314984405
0.5771486158050326,0.5851227884441192
0.1573105076616437,0.12046441032024302
0.27415360312948306,0.19836741196641244
0.3372379929417057,0.3181122468459823
0.14565684801010165,0.16579136073768447
1.1249844353744873,1.1072921141867498
0.8394031499244132,0.8616335998386648
1.6249352988788404,1.5998042891281128
0.29815520449552546,0.3024122690372022
0.32222041799260415,0.34522066778782756
0.9703719363143379,0.9607289143660146
0.24565258628396042,0.24736091902493884
1.0844403318526212,1.046848833862883
0.5570784898440703,0.5448685646677129
1.4118174479795025,1.260859877427859
0.2843540235084336,0.27538458504877167
1.5904639398759415,1.5715779232908633
0.3489611966312794,0.34452133069427276
0.21783289836747588,0.18119113753244773
0.32456922314473435,0.3201257381844415
0.3405043001896025,0.32312317499973436
0.11002893037364053,0.12320123983028773
0.10755069964040688,0.10740824842041066
1.6168239714942,1.7088475906006775
0.30435287745886724,0.3315923380591092
0.43396487585115806,0.41566131233387144
1.2129797566302931,1.1924584644324134
0.4085877523123589,0.4020736271299731
0.8917868629669764,0.8822638495416483
0.3187132788926305,0.2749305714343361
0.30661830783799593,0.29510345765944884
0.28591665449781456,0.2966602090869306
0.11214301060000809,0.07048547961393489
0.6025470997777416,0.5792554603600306
0.38614805031345395,0.3975603111340318
0.40606119207339825,0.39735657008213016
0.3921300436109439,0.39988172699547936
0.7125441573737031,0.7039867425272136
1.0025107368474702,1.0439111962745402
0.29041765977321016,0.277595456555235
1.1084134656428748,1.1076483408529232
0.32119005473219914,0.3103633367249434
0.5307749994404557,0.5485735519282642
0.7181888819077118,0.7142498198115211
0.2394134120096373,0.27274782488286636
0.7904003437270035,0.78928726724709
1.3123127709855817,1.2828562798811665
0.3669122155234184,0.3683464984669553
0.864227929273641,0.8800935161503433
0.6393516386038911,0.6044254137504845
0.28623248069004936,0.2435828862988475
0.2528207885975414,0.25936081078201917
0.15792526447378422,0.15705780248290457
0.7023276437540845,0.7780948154021339
0.9997214361171585,0.9974117311321276
0.22530739277227688,0.21549635916528262
0.8585000247561941,0.7822864333181925
0.8978630501019529,0.8805243613802928
1.2509713150966266,1.2253935896295665
0.7582214679080214,0.7507547496523059
0.6437718165475603,0.6583825572369207
0.13251158867737983,0.10965711747486699
1.0911709407256833,1.0798692693994705
0.3527245961341811,0.3599701515331409
0.26084039963685796,0.23960658712268976
0.07665517808700043,0.06819943618784004
0.7087152048309019,0.6946738913498711
0.5512139078308206,0.5449524449045763
0.7237149117632775,0.6996045325377188
0.14393531810571308,0.13549965655455926
0.6818557320068898,0.7489462885588146
0.9566010490312136,0.9756684980552315
0.26617418713518876,0.24184603850516864
0.4747303048912827,0.46111381804994783
0.6075132315526287,0.6070534697419786
0.3535275989095985,0.3423134237200081
1.0059327951692068,1.0113999654681693
0.5902167191435536,0.623182372369102
0.3862876320607889,0.38443936520492245
0.17833122564153014,0.16566657338843488
0.38136311081484514,0.3917647028792197
0.19190674601034208,0.17110838034393552
0.12204189837513957,0.0959445147964164
0.3669314639513877,0.367982526646234
1.2469978366830303,1.2070535492437304
0.18303776480800513,0.1703426764680041
0.5944231594400607,0.5932166598131716
0.6239152432062244,0.6353177751940167
0.3622856694030682,0.3349449928204639
1.009557581302507,1.0187570571937792
0.11703790809627887,0.09986423166624234
0.4487366257593661,0.43267584579238905
0.7236296040326724,0.7082367939031435
0.6441868573399214,0.6568436017036328
0.634556188285986,0.6525403252129369
0.8112118413917718,0.8158143782497993
0.9706814976113626,1.0192953586316738
2.0331264560725075,2.202312247979938
0.1969880945303902,0.19431236111998915
1.180646261235949,1.1726494699933026
0.49818150102786507,0.5399323446845078
0.32542586220250336,0.29159966315610697
0.32896958734354725,0.3257976371711408
1.038048785398643,1.0409015347856232
0.8520158218101181,0.8358833579165871
0.3453217078116775,0.361815789114504
0.41956378116584586,0.42158331472210886
0.79226100437783,0.7693640056730003
0.9989818602877656,1.0781864911743173
0.12679267412522963,0.11292207212225523
0.7055221248047976,0.7079213547469138
0.8678549294132588,0.8754896240115184
0.36439294812144474,0.3725854124999426
0.44214154189745597,0.43318066354616586
0.6907944391907159,0.6911824642501446
0.5248977645793598,0.5458629535721659
0.058655163058161874,0.059489644257863794
0.1526926138753055,0.14626689325519665
0.1809862827654247,0.1633787843102217
0.29895347793739707,0.2831080686640367
0.10539740484368393,0.1063957201966954
0.7353220291400654,0.7480190683098745
0.7151090051955399,0.725104667237504
0.1969553736661277,0.18708345990906478
0.2495209499200176,0.24990950084014454
0.06337320500211414,0.05605794151180394
0.22011395424319025,0.21164093351384142
0.22886429700317185,0.23410778059346127
0.32865031627420527,0.33895627342436585
0.610110161823649,0.6160987593126659
0.5655845512219876,0.5655317947682263
0.7473241313374658,0.7625598762914492
0.5662469683315882,0.5679731959612532
0.024388360274116765,0.03307291179609114
0.18679264474835247,0.1890084717403978
0.4451564640195547,0.4470610645337968
0.21761428395795646,0.12097774136566145
0.13865900617504182,0.14032301066418906
0.25985038102269614,0.2578734626901525
0.38517766765240563,0.36880025191464466
0.21331603630349724,0.17059363193660504
1.852987322697737,1.484723765442811
0.9742958761469668,1.0201649952801048
0.6452258857115453,0.6700709719309135
0.7478461608183071,0.7024293908610661
0.5364067714070507,0.5304011159464236
1.2270779804470036,1.2723388678415282
0.2750352826843056,0.27694698998054545
0.8103353798611981,0.8063976690446752
0.3729410544987669,0.3800594014171618
1.4303202504449517,1.4892525575602604
0.5698116670491092,0.549512481557451
0.4990490614144433,0.5126067779851431
0.447878275971828,0.4396976441575917
0.5740276546580518,0.5551950417610929
0.5247511410855225,0.5218826172786777
0.3871469908290779,0.4101749549360392
0.7322700125404368,0.7328123021321299
1.082002276162677,0.9661873973241014
0.8267572604756859,0.8057955690842937
0.2795992602421614,0.25521752961624966
0.4299413321894185,0.44563920042251104
0.6998690941695127,0.7138074922459258
0.37368044189186606,0.3787172803893393
0.5638179191918575,0.5579639297751758
0.17338066974580646,0.17128163663695245
0.3714044667044095,0.36555639689879876
0.7236521714532786,0.7302447760167308
0.42611202194974535,0.45453012787515207
0.6413995225675001,0.6122449377017438
0.15323577725654625,0.16486780024047545
0.1722640043332797,0.15350013634438273
1.232444048320372,1.246577426083761
0.15879086628895983,0.1476091578778934
0.843610746070401,0.821606776525944
0.34236376639254607,0.34031170831998425
0.49163944438182516,0.4473623618379367
0.23812348539951914,0.19220062535346075
0.7572030653109438,0.752930470969471
1.5052976134044724,1.4981517511272362
0.25271500427097454,0.2588710310381055
0.511862235713835,0.5154896742049295
0.26680655705178935,0.25331207526641875
0.2559489983093388,0.2562478855776877
0.032244782025278695,0.017263509021526544
0.14841130088430396,0.1477858787765236
0.5165107831088391,0.49200575699950244
0.09871082635858676,0.10738035659446528
0.3367590901356613,0.31721107256440684
0.3919995168593084,0.44234167533793173
0.7651040978203183,0.7606272287019781
0.2327201760561902,0.22813571566615365
0.6553952783198881,0.6913310116132801
0.32657967587558906,0.352573775942656
1.2785437000323001,1.3696969601134852
1.3413772475123882,1.3169304250969054
0.49350179424137985,0.4591450271098564
1.0764353445620876,1.0621703430364573
0.44263966834739576,0.4298628486953664
0.350935692677009,0.352477296298947
0.5593686269309448,0.31313806078695
1.0638093319764097,1.0452347303694947
0.9854896101008002,0.9805485115109034
0.3721188771851478,0.3154046923502084
0.4187553251066339,0.40702585739677977
0.1660089239722958,0.18411257288108945
0.18579786675704907,0.20027425654316122
0.994931037082535,1.0196375186055038
0.24880484176745346,0.25677928830497976
0.31454103533405503,0.2953580472811085
0.2408828389911202,0.23926470777162623
0.561772941894673,0.5562677763698168
0.5233521087340499,0.5146090501034561
0.08544560871190501,0.08886138640384207
0.7936808246148656,0.810375139929871
1.5925531708759972,1.5790670877525863
0.3446188000272832,0.35219794625786377
1.249386469596155,1.205281426484574
1.1431936588705436,1.1566758093208467
1.3671181592014814,1.352712062806835
0.325160342763037,0.29945162193908087
1.2970794585657741,1.2797091199723556
0.08953739665846738,0.08871811794364377
0.4832172086941419,0.48863403279610373
1.024363392511682,1.0418151550408898
0.2753449035006968,0.2639678327388275
0.5631126334656004,0.5566108309698695
0.26167496947811114,0.2594532603622763
0.6059154603869725,0.6097396510668677
0.39259265478284866,0.35144570444389145
0.30340405724073005,0.28045412326138014
0.721655413089978,0.7310845192918721
0.27248187216244507,0.26635257033686693
0.5326697487904295,0.5316932561164057
0.49037816760830916,0.4593224375740408
0.4249197404885204,0.42600532146449543
0.11444425563594626,0.1118678955280107
0.6851624667023968,0.6978983207399533
0.02784530736051353,0.024228813237170386
0.5860302941196976,0.5836158908349494
0.7969106085082001,0.7950441001651773
1.639255843203484,1.7919512315063704
0.3605872818354444,0.3891989379438126
0.8762703332085507,0.8752547387008044
0.3103253932548522,0.30081812965352195
0.0560940852775284,0.04941647943336667
0.9040156337456251,0.9167350813983371
0.3622188008750548,0.4174779909574925
0.7471123727204181,0.7366315655634462
0.01598467408343003,0.031033896191291654
0.05037903387920808,0.05011688432026279
0.2022520122213622,0.1963399837501344
0.4071972155172623,0.43722511923585006
0.3546528153287261,0.3515456429061598
0.3143107013555026,0.3251844856128937
0.7166779301843909,0.7096357352328997
0.31264832811899,0.32808764379386574
0.4739964516813807,0.49807857837881553
1.2403769224391579,1.234367140058473
0.2871994095825433,0.2709143753547068
0.4166262163681217,0.41648844521151307
0.21670713960114454,0.2088881805721945
0.2636262048011649,0.2551204643584342
0.7523515269807766,0.759513271215704
0.4658586140905651,0.46099602713896065
1.4115637329717345,1.4517308163594391
1.0840090402169225,1.0252811486032973
0.7726876136752638,0.7648253291555042
0.4143212374037484,0.40170075375883435
0.7386666867980665,0.728585246785943
1.5871329042695552,1.6158491439983163
2.5162291653815823,2.257476347690814
0.6333680421305669,0.638857144081732
0.18064398379160176,0.1945308516431205
0.04929839173791156,0.04118759551618976
0.2949331982774298,0.2939799136377551
0.6174111306831735,0.5935048922849928
0.4035271815479782,0.44802387909849956
0.5656226066675865,0.561541668417746
0.6540461913835925,0.6530760908033365
0.20235428486285656,0.1845418545366865
1.1543777791190561,1.1539219610152034
0.17310873208719244,0.1962811877502357
0.09373648423411288,0.09450420285017881
0.3782673199983738,0.3776823782198626
0.7551200917914577,0.7381142074365526
0.19881776807136814,0.20768486331891856
0.4744249146920678,0.4906364472912523
0.7410027544454288,0.7229599919123454
0.7927814024684967,0.8477914393733539
0.8237364952197299,0.8277928226011462
0.2749237906920703,0.2806371668505413
0.30552361905379605,0.32717162222323354
0.2764177411573887,0.28868182139394916
1.1331133828097795,1.1277762727619942
1.0183699264576263,1.0249899670467428
0.050060576981518105,0.0483785380739854
0.7665990948658931,0.7684532450479509
1.064261570240973,1.086373516529004
0.8631983885458037,0.8645573162942416
0.7989315140427683,0.7492122445016249
1.2024799457714317,1.2280841973577654
0.3878842425838871,0.36718665469397577
0.2086718640210934,0.2202659485064884
0.14263430210520617,0.14723491469214006
0.7490552265138873,0.7545153152401689
0.9716992827847107,0.9213275104169285
0.5333005039803348,0.5090352912662912
0.5608841042527722,0.5717919335653856
0.765717556995832,0.7653834348944801
0.41646811723474686,0.40612127735378517
1.1780272253045811,1.170038190569872
0.13919475151691782,0.15572937966002076
1.627045200117985,1.7719467700714027
0.9282445801745058,0.9273027371153741
0.6537880002489493,0.6504054282315901
0.9821523924824689,0.9695369588633695
0.5685658463109557,0.5739019095851788
0.09020784452627081,0.09469928639038877
1.4093543522413092,1.3769740706064526
0.15074524752157778,0.15502182540363116
0.19600386626975913,0.15122047521620066
0.7807937951283841,0.7832515478477634
0.5860158564050338,0.5196029897984081
0.22723478625672694,0.23271128744391678
1.8100665628515689,1.868624350822198
0.18045499861027928,0.17778528029769297
0.749396543804227,0.728470040576166
0.1305704579665402,0.1599142411199559
0.7159129721604359,0.7381867711980196
0.09693137992022116,0.11040228908627558
0.5641812249947746,0.5405414029595417
0.792503043384649,0.7511035957429147
0.2891762882734904,0.28738018950555294
1.7098294772475233,1.7719948371399528
0.6925642152701131,0.6577784938438941
0.7254599870624684,0.7202190623475565
0.8905203584158216,0.8949820324289084
0.36438516751885197,0.34757954683569725
0.29432622384572277,0.2699334428760169
0.05287151278120717,0.04904281673777175
0.5185745083274966,0.5333478738310755
1.1346281928455124,1.14934554512879
0.18823436393086276,0.1806081509119994
0.17834831402941625,0.17597626898942595
0.4660900112413169,0.45034446936887484
0.7938542404610287,0.7779426938021156
0.2790758277979666,0.25673455712121823
0.08383707772835848,0.09573372442870752
1.232246478154661,1.263155224907296
0.5350764252251083,0.5447858727749957
0.739578892102322,0.7121046627735458
1.182136190259047,1.1839172145407901
0.422635519793644,0.39385587073940115
0.23589127978881116,0.24150838281986595
0.7537410589039862,0.7564050383078605
0.15724784350621696,0.17670196306651992
0.8678237737526406,0.8392219152962462
1.0813777886991103,1.047136842281756
0.42205373532501156,0.4229797035556554
0.6811587136621111,0.664446872774774
0.7379485783736862,0.782914890067392
0.03910900425878485,0.03241146610376443
0.268224381572029,0.24011248821118367
1.1003255741595692,1.1053550276273945
1.115588993219323,0.9758952530068026
0.5870526452973621,0.6020673105799617
0.20120751850087493,0.18392688645114813
0.28261687350566367,0.27362715486961703
0.1617598272255571,0.14247705084176482
1.1927544301794333,1.1968080225814282
0.6831933251877655,0.596520653906306
0.8270437795984444,0.8280341653215167
1.1705398257265558,1.320824095571594
0.17254457253213024,0.17747736083069715
1.5323545381842096,1.5556396735258604
0.41660991382019974,0.4519423312341838
0.5532835711264489,0.5609144105803631
0.46543625368482905,0.4628298111894138
0.32310317456985976,0.3254831957996177
0.34841913195564833,0.3504996241540403
0.5343104796826681,0.5526135538357015
0.12684152874996443,0.09868738711431015
0.36024422777583603,0.3413447417107532
0.5105645272000908,0.5106302059924248
0.37891949148632775,0.309496126683295
0.7715202820683591,0.8088815590872511
1.1689163705731649,1.1764739554893808
1.1442811427530653,1.1000290514516367
0.20934533273698844,0.2335725177612112
0.7889141677504803,0.8097559293503078
0.6167958233250862,0.6102603912982804
1.5425832576911938,1.5915009783736145
0.6358533116990132,0.624010764196229
0.21206599190205203,0.1809222000318225
0.5047632069546935,0.47699057204296297
1.0205448016660155,0.9879547650540679
0.13555567777881486,0.15619724166423762
1.4683310091337576,1.4977378250276476
0.8461408094930566,0.851945502326562
0.5364583473295437,0.5424839844918382
0.4832620554698868,0.49904825065096936
1.624496109244746,1.5797187917445659
0.4333713186762609,0.42860723206312784
0.6193077047711724,0.6423160478306491
1.2473528078755947,1.2606727774944246
0.9610477128966928,0.9499508522822437
0.9008024894702784,0.8904196760169569
0.5889726288041707,0.5916071113349322
0.494670200043488,0.4997901409991928
0.406467499331653,0.4198435579696782
0.37112444051031473,0.3083779289217494
0.12321212118148317,0.11033402581504391
0.6979630417873159,0.6967526695289111
0.11057170325505286,0.10398871673630744
0.5768822972891003,0.5815403543780231
0.6203353102382032,0.6379796180942021
0.631323583121319,0.6275255461865583
0.24883043609967015,0.2461145882349552
0.5565430436860623,0.5453728338698018
0.22373073173718747,0.1592854210353106
0.3880631430608005,0.3936705702946386
0.1676112205237907,0.20346073883525256
0.79077310169099,0.797781213742797
1.5307929170812595,1.5235879439029192
0.7465154714864406,0.7460024221233941
1.0557960614856505,1.0483222729081798
0.22627221868123296,0.2065491907011351
0.30836360512841027,0.29584476920815084
0.5356397160572383,0.5536981953064634
0.9399520638436495,0.9377930761313205
0.260620640575403,0.2158085747210665
0.09369154932665154,0.07572029820648916
0.7713713173340356,0.8073437634536651
0.5847828356900364,0.5933860476139088
0.36174918623640806,0.37559741363882854
1.072930975065131,1.0626118363622532
2.044685566426367,2.1233012398382614
0.8598476804993042,0.8521558881763334
0.9204669124097217,0.9530184295775762
1.116772575729961,1.1007467018037371
0.08561516880756974,0.06190232325576294
0.7284215506106639,0.7278042619992792
0.831886587195652,0.8072146083275734
0.10830670800401922,0.11277010821448735
0.7497458837630441,0.7846463231533036
0.437998689805981,0.43735478113848547
1.151493170455943,1.1632861274602628
0.11355974692085029,0.12368894060351485
0.9623993496849521,0.950158407823718
0.4515292115527948,0.40596161592707586
0.4691291555809462,0.4586580675642871
0.292811579241742,0.3240056486388731
0.28620327138489143,0.29024694967814824
0.700607918517301,0.6977197944195035
0.40649500938029387,0.4057794394619299
0.9079458647865852,0.9131855000929032
0.5045442897625756,0.5104762969385235
0.8800464824184691,0.8664683600637831
0.5235180993034458,0.5259927457933606
0.6856670714181632,0.6902450373866219
0.15137515104097626,0.12921822868489127
0.18034920301045065,0.18924932042824666
0.22827579510518173,0.26057901738390793
0.8669226829208166,0.8088931420883606
0.34261460678245265,0.341355013851431
0.2710056799083068,0.26293502478340636
0.7358220090555275,0.7493396485168103
0.9405395687815281,0.9682003278602852
1.0977624531656873,1.0486226426052474
0.8311435680466218,0.818718065219993
0.49893964119772266,0.4732373963101172
0.2535858661021664,0.26847397133393774
0.26087133928127487,0.25349945341777086
0.18065297257390237,0.16512260790335756
0.19013301551119993,0.2121267759827587
0.32134765624195305,0.33293606001440756
1.133073632338796,1.1637867914815327
0.35484256679206094,0.35647672608598024
0.4311813351487867,0.48256735886731833
0.6823634980774389,0.6709077176579695
0.3511769688541996,0.36602222458331657
0.6415789629453342,0.6925433621148745
0.25128766019080284,0.2421346936913623
0.4884380936699713,0.5256876192825127
0.5155234852111137,0.5274191046627776
0.4116791518403369,0.40771929448516797
1.3406486744184578,1.3528398150349104
0.2569263788052943,0.1981115913486011
0.5057593053344323,0.4934577045230359
0.6957973967153498,0.6967119872787524
0.2555063882514165,0.2661951143114439
0.1832646456402125,0.20561201900072282
0.8592332781798183,0.8992249807991074
1.0191317046907313,1.0404145694256695
0.29580320021331163,0.2907914170933117
0.4923743154479398,0.5174433373305
0.2515891707081761,0.2776707729958188
0.2189648004081631,0.1844885160533377
0.4991740221069278,0.48917723631755944
0.2918290426722536,0.29039145147581136
2.0087540459892383,1.9717132218642976
0.8342088843239391,0.8026724441157146
0.5582097227381826,0.5491307867969222
0.14379085662797333,0.15256316281125173
0.6331410381094715,0.649510187170412
0.3825771396721201,0.5052556661633177
0.1186972828653498,0.13487019891234323
0.4509108274375631,0.48242126994745976
0.1934062261827233,0.19839485598995166
0.3170176076366627,0.30690333710704415
0.643278077113935,0.6541641518223558
0.6797545333481952,0.7000099092249801
0.4795290595004072,0.4788827371243574
0.3314728169063755,0.3194630502546118
0.03617818426335443,0.04124300975571874
0.10728887426180422,0.09829044777187242
0.4140110896991148,0.3839434663904264
0.8405576388107787,0.8180260870735188
0.911169026945977,0.8740679677348343
0.603726578630163,0.6125342861045493
0.4943059061191406,0.5398418814977421
0.23096719685195052,0.24085136700934937
0.4816736760793044,0.5075719298375766
0.11173252784465472,0.10345338989906212
0.3572300292874491,0.3567492178058626
0.36245731738794346,0.3654052718004027
0.49231070345115796,0.5234654722576204
0.03225006991039841,0.03364709148190669
0.45514107864420583,0.4229464980019699
0.8796491578076248,0.8871376362057993
0.5366556477434093,0.6146559250021895
0.07343527823317397,0.0842681278912129
0.4498502982047913,0.4330103125945847
0.36268516365938763,0.42073568994483274
0.9386738799604134,0.9284105487153596
1.4955188854348809,1.5319431920998556
0.5671815713319935,0.5655027560361137
0.8169869515932985,0.8168327962950531
0.69118045071787,0.6961624362316912
1.3970854320077084,1.6764330678520554
1.1381311503570206,1.1516074373116838
0.3602763773851209,0.3445668225866584
0.15412011296543754,0.1646771790724299
0.3036664528177675,0.28231624241483694
0.9428580392647791,0.9435515634225577
0.10956076532501449,0.08666924108048307
1.0190513179008633,1.0167113962873402
0.9796362156195948,1.014359795254987
0.7383735273073426,0.7788260399058332
0.3618137665603133,0.3434604203571268
0.11831404798345006,0.11198050447445308
0.1708255664859014,0.14202381134466996
1.1104684272992045,1.1817605281378094
0.8431024839041928,0.8020627195997947
1.3159922970220954,1.2892104302901561
0.7068459868413769,0.740248905353451
1.1627868282790905,1.1414419979180728
0.4079630246088446,0.4148215571291538
0.489631088277527,0.43115907777463897
0.7353809792228494,0.7380655987687033
0.36051130762957045,0.3120617196166042
0.25327521527737407,0.23186492207040096
0.8771081467064131,0.7979508188595984
0.3629993804394348,0.39373688333634527
0.7614635456781544,0.781641463651634
0.7444648431286529,0.7409356222394297
0.5565911888005154,0.5698083501112894
0.5144544547333797,0.6081772510624166
1.0605773852988412,1.0640286414440916
0.35230252717597405,0.35500968734974225
0.66337760228643,0.6441508119136347
0.8260327186356488,0.8280867082371042
0.44538670331781177,0.4228858364513001
1.9284078735751007,1.8449516329941578
0.05612934505711253,0.05658743814826737
0.7142987337336457,0.703096842751145
0.7448883198601329,0.7469749072222673
0.12418481672478776,0.145142464255023
0.37058035661753,0.3791723511902993
0.10485876680231891,0.14331437039904718
0.2558514912312016,0.2420153927713481
0.318919595034611,0.30231393384885474
0.36349829180496024,0.3526702548523553
0.47499069748344774,0.48699699548381603
0.7479530524165228,0.7610749167960724
0.26676937764645214,0.2871534806743997
0.789749344660739,0.7445337133784361
0.05931110783144085,0.06329760826197461
0.434556692377482,0.44069793784007594
0.7012178879069701,0.7038236119153585
0.5348506486636053,0.5304559941899161
0.9403435121336319,0.9779814085173277
1.0725696555937358,1.0694756466561184
0.6385216384442615,0.6368050485647141
0.9688662499475164,0.9563841928110439
0.6000648664426377,0.5972186669096259
0.10160869539458985,0.08584282705040204
0.40073237751090496,0.37984530249087817
0.6153881171725974,0.6655146036554616
0.40327149901520565,0.3472773195146185
0.20072289481682845,0.18638301903395807
0.27340878005478264,0.26508149377196805
0.3401436496028241,0.32533981713691035
0.8666244126692275,0.8678307668290484
0.4150701133714312,0.40828029113137804
0.09120849436334069,0.1061347097856145
0.3234753573456339,0.3103789083071438
0.6188637806442401,0.59164769857124
0.119562645099741,0.12430364498261941
0.6426126553934768,0.6414690606615182
0.7709351593530073,0.7618490562229163
0.2236551104261336,0.22246370770115786
0.9923631472187063,0.9860381680409355
0.7222597643064913,0.749717526049319
0.5796525583200617,0.6101149851581629
0.18926988163264358,0.1798128829269596
0.9906515967482037,0.9709848994270515
0.8708640545602293,0.9366125946794948
0.2567698996523282,0.28227346855185925
0.7670349604093338,0.7611233112058381
0.33381906923902993,0.3675042645461973
0.024784311675365923,0.028933056535640492
0.42920188587407976,0.4053558782464198
0.06228634570605137,0.06224177802685924
0.7710497115260182,0.7697968709234285
0.13521642743192724,0.13499685523533198
1.0309275261699236,1.0405463192038071
0.5330428511912143,0.5329143789284772
0.4958745431048609,0.4883091066512033
0.1551439508046188,0.1593515912056616
0.07516328636683683,0.07729160299692975
0.6784705236290736,0.6577874745229374
0.563444915543034,0.5593389667483136
1.3871874376620212,1.325822254740947
0.22301782780310742,0.25078336409067403
0.382278656710645,0.34684515724588527
0.27614399013547114,0.28313860714365147
0.8326791085907789,0.8136313130627063
0.14557398472973432,0.13054333595453912
0.36815459988862,0.4194923417356545
0.4118909371323542,0.3885282024690997
1.9840655942959389,2.0389495540046045
0.1446165051468879,0.12928106758396432
0.3073139102262777,0.3256801021883522
0.18990873075663406,0.19100276328389798
0.7584336105300609,0.7300189591684466
0.6244408283906602,0.6384522306297259
1.3550660421560436,1.338346218713616
0.13711799615199685,0.14030950802553946
0.8757589328017121,0.8782957366863409
0.4327740152444701,0.43427530870013364
0.6508200632780737,0.6433679277852862
1.2494796550741734,1.178590400542149
1.05933241405238,1.0610453844360992
0.3166799237222998,0.3288530384739619
0.5124505248559332,0.49838116228701135
0.4025798778086227,0.3636231517208095
0.8562367514449113,0.8898809141771727
0.11706729278555499,0.1306404811986919
0.18978102530683352,0.18324945830774603
0.3919256601276279,0.4001429283013032
0.3333645007259329,0.30821758694511825
0.7402285707339175,0.7351265285323889
0.7176984819661933,0.6687750004163248
0.8712078939235067,0.9543233182190796
0.43749231522827486,0.4655173715925233
0.3433413129726447,0.3195061002988971
0.6713288013269355,0.6819578706519448
0.1588114794487545,0.15800613405758046
0.5264660723626449,0.5130829874270738
0.1161928670810267,0.10889550587602352
0.214402531979992,0.21723978151422607
0.4175069111415834,0.4146556204683224
0.4925217034503928,0.4796439086523269
0.19434912276320077,0.19589088162582305
0.9142884746557775,0.8742639243251785
0.550644597020962,0.5369499816025595
0.465571805314831,0.46666525716861923
0.2903482417297816,0.2891191075036505
0.5298755389221994,0.5225986834254213
2.1368798565035125,2.0352098375862964
0.5459135341361513,0.5647224852246777
0.8819482109605487,0.9591046533559957
1.2253711862320193,1.122165539234062
0.40176801211215724,0.39695275173883865
0.4544379890068578,0.45093097744512434
0.6109563249600695,0.589470606125371
0.7150219365235955,0.7370422964785399
0.4643589903632643,0.4735781778901835
0.928657298035021,0.9612389836417025
1.616139396100363,1.5878360231121718
1.041550752255769,1.0124305629642316
1.0584038665597124,1.0188708547163277
0.3303060367150902,0.33734606921398697
0.87359570235582,0.8745123513644255
0.26720126482395806,0.24918128119039207
0.4990041554852328,0.49913243051304357
0.4282827224374164,0.4491070040457154
0.3396013369393105,0.3719567216302386
0.5847111284327708,0.5718867855389367
0.24900576014662595,0.26893148667376643
0.8336999260663307,0.8404698669688576
0.46485755256101724,0.43833289621334875
0.10849221812507413,0.09935906868383236
0.5940946688840546,0.5966758915157413
0.6580449413762336,0.6696323819354232
0.7482755373072909,0.7361052296799421
0.22391002205421637,0.24616794936730876
1.2007620969208512,1.2470333225915256
0.38925328622732414,0.4015102696256798
0.4444274099031344,0.46839746608016725
0.7004578586739536,0.6621255287210653
0.730468213727658,0.7152284216143232
0.8413180514519043,0.8451055345781562
0.6083869614743742,0.6224478951239127
0.37701843504993643,0.4331832558719537
0.8660770800497595,0.8278322728218027
0.2824771895725864,0.3118823798110538
0.46162124567506824,0.44802233101280364
0.1970609739467057,0.20323183335013584
0.2832725673938959,0.2633708326275564
0.7396357894325383,0.7109850592967238
1.0297958410900405,1.1158248591118156
0.23809194372988163,0.23897693333762451
0.09378189737183636,0.1373401507251626
0.7699372194405828,0.7765428167688467
0.24017351404154916,0.23759714277613703
0.09789406989893609,0.07306508189585452
1.144806236658508,1.0471188317292386
0.2100227383169476,0.23253095471878335
0.21331061158113712,0.21553120422999777
0.9231541178974252,0.8790044376769773
0.9750294350002421,0.9934370171234785
0.7255560316189862,0.7108572902944211
1.8033464084738435,1.8710466289484007
0.22820947880223869,0.28128422154417326
0.46015017096955624,0.46193675453555627
0.21709435148581602,0.16147797083789184
0.2303169712172292,0.1777756227847511
0.03547372177192358,0.04144226064279605
0.35303565711469775,0.37342945319742465
0.7446895907419663,0.7394991714814173
0.4833847139845211,0.4784515301793201
0.5730299881013602,0.5528160645538532
0.39859708070987687,0.3679644479601278
0.29384618681575636,0.33837699370682844
0.18644926285073632,0.16124830687816025
0.07206136156464181,0.07671802034448406
0.9071621309738579,0.8964200864310443
0.6114624712545637,0.5877569458615638
1.2569842596372305,1.2683144706810712
0.40656864239299045,0.4637467452795777
0.07465099470601316,0.08887921980242845
0.967421180604737,0.9602795872617812
1.360872607905979,1.3595577072996856
0.29292577059306574,0.2696037524414522
1.1756564082104561,1.1416881393442004
1.1207417514192957,1.1196170845750517
0.39064256497091554,0.3957646925624041
0.914111649537319,0.9232712118077897
0.3336614617795973,0.3007196900736055
0.4573003449088155,0.48413447128452547
1.0612218746917301,0.9912178545383747
0.4865084090325645,0.4721955430475395
0.5127786453283365,0.5261170299975669
0.24629558583769942,0.23440045206728993
1.250626493744785,1.2044009517130425
1.4579471845882301,1.268943426386533
0.5428412173742566,0.5267503127213571
0.12165662893017161,0.08366812842177096
0.5762836626701466,0.567585738584847
0.6720590739098806,0.6286381789912462
1.2724879606989157,1.3769630888862727
2.1192625926164324,2.1597133689018237
0.45755218808334835,0.4720055212429079
0.850522757663327,0.882503757479809
0.11042494269789685,0.10916020385960584
1.1365485287086556,1.1454348372171679
0.09769328344970625,0.11114295935167239
0.7953736413822841,0.7824263228132903
0.3927998902169385,0.4356440796645916
0.7047076432952902,0.7186446405752629
0.46388650109393115,0.47135223671719984
0.3446715782284749,0.33529079686107227
0.7379032290761544,0.6897017356554038
0.5547927870175163,0.5532991197961774
1.2478738440325932,1.1146680484555866
0.6199177587033178,0.6254372753744665
0.47821459780701736,0.47860031716976165
0.39256272627232874,0.39907906499049034
0.12035286186346833,0.13114520805260887
0.22506593224375707,0.1986627706501435
1.9388883818264158,1.9760144547729326
0.05077159763544445,0.03938081998306635
0.4416192586147837,0.4443252592407296
0.26612292256863995,0.2599075081757504
0.3048553711110465,0.29844205461108253
0.1708590413761064,0.14425625681173834
0.47553578335657953,0.47468492771313
0.7904626430347469,0.7799210294231554
0.3708514468486787,0.38905756899392996
0.11424297917828836,0.08943882242970809
0.6107507995867694,0.6061416228322655
0.7663667612277203,0.7488587676763119
0.7127379645389238,0.6968275123147345
0.3526459551300596,0.33698948860021344
0.44974514502105933,0.4483515845566067
0.2156592693348088,0.23393914494937493
1.3404391491565464,1.3392735617791915
0.09101677023251249,0.09406999779889845
0.9024480149190199,0.8960314424146286
1.1025655251377957,1.0496423643581427
0.7396887304261391,0.6997884354237904
1.7134685469762667,1.698181584847074
0.6950620369689982,0.7053926434322758
0.12985503882819086,0.12398518969355725
0.35200424454842255,0.3490443305063603
0.2017369300913786,0.21782956301023007
0.7879608393456534,0.7973522616090088
0.28651807409097874,0.2814939730852453
1.0404968676269994,1.0528446223574663
0.20971950450549642,0.207934313172099
0.6170348374703725,0.6432046437360119
0.1569770195638889,0.15997453496858247
0.6764732027630129,0.6712802161985105
0.32269181704278843,0.28531663414658914
0.7941311660727065,0.7750474669446454
0.5244895109129302,0.495612810962675
0.3489285189422461,0.38679643010792597
0.2208978160243289,0.22580416297969325
1.2804814958245978,1.3147179898925763
0.6237423141518285,0.6322339585954541
0.773442939603484,0.7656606126994722
0.3647538470608535,0.35297287074717376
0.36373516285314095,0.3675721608388995
0.3482793402055884,0.3009288677139514
0.5600467038434337,0.5889743722700256
0.5399233214131162,0.5386614563443451
0.9641823850526521,0.9658893923213875
0.7209964719189026,0.7200542711875603
0.30592424383632055,0.28324335725080935
0.6601435493152653,0.6781284937281804
0.9571714053534168,0.9497061751090324
0.39406445607256785,0.3595499485358883
0.4123619211229191,0.36258455990484134
0.20750847200727987,0.23667787730101242
1.2235222488752133,1.1614121282656145
0.8808175619255812,0.9046550902047197
0.5031656102087306,0.4168851885203262
0.36655034101261397,0.3885475590199556
0.06196443445386577,0.05662171701265907
0.7863853153434179,0.7956347302091983
0.530969767477468,0.5260136103031794
0.15936551132812574,0.21286729787746836
0.744575473957049,0.742356182002082
1.3804547001242062,1.4012522379183063
0.9304053222617439,0.9378648769960158
0.7970724541415105,0.8203582440464438
0.6179162027477654,0.6261784605665118
0.24483866887166342,0.24145405041149792
0.443573737009716,0.5935141911053783
0.3973966706545459,0.3897038772937284
0.9088018037607463,0.8958096243849655
0.9444051521760684,0.9881741430804043
0.5526087445579643,0.5472924112531866
0.32694311941194165,0.31836796404490997
1.0098311978627454,1.0583865533072105
0.7242939723781312,0.6969058349838515
0.31551621822837744,0.3318464487067706
1.0175410953498634,1.0475036218576874
0.6794554805793324,0.6610762990067188
0.4165136895120221,0.4470197876075437
0.48210479243279575,0.4453383292192493
0.1303682222466654,0.11845578839199913
0.5332682072323602,0.5284335733724808
0.8440531913819543,0.8840708641686136
1.4856712582137022,1.5930562405212894
0.37348284359028394,0.3974430131985021
0.2855697655929188,0.40326380696302194
0.5446908778890456,0.5874541321522002
0.332999754916864,0.33084446869055856
1.151683898769391,1.1579465168409786
0.12710571319539987,0.1339124977270922
0.3722838205094405,0.36714855219318
0.026592725150341116,0.029329043785897926
0.8856016227415615,0.9080877160892133
0.061509788981586246,0.09368910134894526
0.13661887841955558,0.1513605831256938
0.4543439919612289,0.45250181279025814
0.25425474982049245,0.21497050730789283
0.2555456289944393,0.23070002808366752
1.1994430355138652,1.1941192706056076
0.14144240729431323,0.18916033601073334
1.0914809548561084,1.1395775085003654
1.2975401723316957,1.3477183873887466
1.1221880251163519,1.1496969899738203
0.32374234387837764,0.30591284417064485
0.6215747423882264,0.6154478562129904
0.22677970409956028,0.17893103347282768
0.7451233377578822,0.7444865881335038
0.4297356848125659,0.4271260380716493
0.5050416707151617,0.5082362400431509
0.4159273137351446,0.35696053673703326
1.042939418211266,1.055420580319072
0.4617402716407665,0.4720475857131224
0.14339870918573136,0.09647587630182032
0.5102482158101814,0.506112993803248
0.7888711378011246,0.8133027223876744
0.24593997030134096,0.218748066982508
0.5298800040132976,0.5190071250729956
0.4728941076045295,0.47636580489640995
1.053932135232868,1.039913881751381
1.0845783936127031,1.077568639190338
0.6427384688014166,0.6380228875658452
1.1141074948378846,1.0841083407414451
0.4925474045726274,0.48093875770986905
0.5850900763139021,0.5772418754332688
1.0901461337577918,1.170373395380502
0.38498096107417845,0.3805929258482942
0.8762572806864233,0.866789384350742
0.4274346011963215,0.4064445758309709
0.4951821823692363,0.47696881054620927
0.2440766273239094,0.2671546340082376
0.5416394077178321,0.5483511897611814
0.5521825479355125,0.5455573288724515
0.4261715864419694,0.4350428777718987
0.1479984831915513,0.11040807443841019
0.5082177852799583,0.4942064701477304
0.4211220386283224,0.42356197370513027
1.2084091734092062,1.2823698147689693
0.741723937238955,0.7443035979201995
0.12833882316701678,0.12823473076250722
0.7174211532054884,0.7248751606989767
0.4119065709017224,0.4079563672219164
0.06127688398913396,0.07660124394994872
0.44097614564393656,0.43137581292644883
0.12212114924381456,0.12244201592052363
0.044917235664659,0.03012569901709276
0.30798948124879727,0.32089947960303655
0.7589355130640999,0.8899266547989373
0.2591053335924427,0.2288347711902201
0.186360462671691,0.14275394853726997
0.35980306108794974,0.357773753962685
0.42110312531321814,0.3982189307247162
0.31868333973663987,0.3328760980879705
1.0050136461614143,0.9277676139138767
0.4562151801160259,0.44822018124189766
0.2068458709072953,0.26121337278805934
1.130721243687949,0.7780075587674853
0.6407591474999113,0.6386010625507051
0.8128576962887241,0.8300737866628923
0.09328091710345433,0.08190636766750402
0.1614404256615067,0.1830861636051445
0.6942651242992042,0.6789776941736105
0.5508545069692874,0.5489909995025003
1.0421813178545463,1.0974848478525925
0.5918820108288041,0.5500040131740468
0.1543824214419417,0.1646025895541168
0.505188835186357,0.49649599996889915
1.4742241913359069,1.4894840140918784
0.808424329643667,0.8276472453300472
0.05996447922508299,0.06986289910850746
0.16347380246993418,0.1802592047596148
0.5196299183324139,0.5097904147178426
0.10533843581391983,0.10388901482020078
0.8227431011398036,0.8120588403711291
1.796433790692291,1.9089087496257824
0.8149192061335598,0.8015081236057233
0.44389393128367594,0.4632134729327427
0.4103807903835726,0.4435050113688353
0.6709652016660106,0.6879046434627949
0.7612073438671239,0.7480361657237673
0.9538778588711734,0.9694811342515144
0.8368852683743987,0.8296129074054697
0.3682870281949088,0.36392191186246664
0.27737093701667836,0.2516663653862556
0.21849300010172046,0.21320089291828603
0.4399829499739747,0.4575364787091196
0.5976792996033657,0.6178884023844036
0.8087512266528057,0.7667684731495451
0.2693757262430947,0.3088794007506344
0.8929751465178426,0.9061015588357315
1.069705031953126,1.0190553983353245
0.9493093778387023,0.8609232174965945
0.9795776475940342,0.9613352827785218
0.09817672164179231,0.10305092074288966
0.17934223226321075,0.15303941026982118
0.3293079819457702,0.374843136047488
0.33397934508058347,0.33038054348036966
0.24065288710824367,0.2341381342596959
0.0903592236593537,0.0976394960920456
1.5357710168876113,1.549000367221812
0.3448713530876369,0.34732825148000424
0.28185366551402935,0.2800308578668837
0.34804137031218296,0.3620636190826346
0.9466049462976357,0.9597416914157961
0.8428166064168505,0.8525237536174424
1.3651228233788522,1.413497541054963
0.2737568741775186,0.2804713138302785
0.513518602040929,0.5157207608728047
0.554119136089908,0.579912038536919
0.42392436764997143,0.4086127823146907
0.43430153269190874,0.4252591036088309
0.4362645747622731,0.43932288147948606
0.8311620778246293,0.8660342892951189
0.31572443830928093,0.27170683216794783
0.6076600273621853,0.6124379866911901
0.14963585045017735,0.14321805775302185
0.6676242088265123,0.6700690522765286
1.1939270494561773,1.2393466438028558
1.0144040798130705,0.9817855582601077
0.24794153285266976,0.2152381349807241
0.19544118459718168,0.1944588005362636
0.03158965473881391,0.024826560337814066
0.07420758477910949,0.06584518456965836
0.4618213338029988,0.4814784930711457
0.19616035990562425,0.19181638988503952
0.16019412289102514,0.15986365641982506
0.6353929120216774,0.6056090123911589
0.5207321056643169,0.5211758869236061
0.24953556908817465,0.235226141073749
0.46974065316609215,0.4477338931551346
0.8979964605091889,0.9221777981322712
0.31857870436708446,0.3271561199332319
0.04134070576118637,0.02767499174288048
0.19933313562422109,0.2007205711046433
0.3109662117466416,0.31852507059035506
0.030812152851778487,0.03529002871586889
0.6628471463364367,0.6673851806791208
0.3419997702062173,0.36384236573118395
0.8877915102675578,0.882482911294648
0.2737687751412883,0.2617688371285501
0.2321108268341227,0.24877584671934563
0.39714718281699185,0.3535379152821161
0.5770637118732697,0.6336183864060173
0.4105032837364566,0.4059974818671751
0.0511910422680277,0.06695528308509141
0.9899188927804575,1.0048093048750657
2.280209456015755,2.485369994050095
0.22348894550076792,0.2555205547156577
0.47856159249059543,0.4690958808532727
0.7601459118335462,0.7422521174444905
1.0069942372820797,1.0295749124483267
0.20938729854213842,0.21382839334324127
0.05374792622692548,0.04812566899610737
0.06909920905893428,0.05594272509331473
1.4632155440106303,1.4338708670538702
0.30328981714874814,0.29581414683518215
0.7265742098208098,0.6911441893874242
0.6360092605965649,0.6610096586946974
0.5557145539297644,0.5539953364615228
0.25034915934647006,0.2496886339340073
0.6931118045589845,0.6733452581082083
0.5751937829202487,0.5643072969319106
0.3705701492663857,0.33742329585528047
0.9526314123403599,0.9415963721135792
0.4163732818147405,0.41034099664506
1.8772894346375344,1.9136879184047442
0.22983565564381997,0.22141414533856987
0.8199765954693605,0.806129533200509
0.5368171807626694,0.5368352396652475
0.2415257974758284,0.2586135992817069
0.3850325994364725,0.3817950619752519
0.4699027082961463,0.49937612313345275
1.1823056211961263,1.1484672268198446
0.19781301692140055,0.19221406479560735
0.5312245588962913,0.581950538827807
0.20373054262341378,0.16621894159778497
0.510491834450467,0.5112757652838994
0.38108897590352186,0.36846870744863625
0.0893642652413102,0.11772061544170896
0.09880994964827192,0.09385565626340218
0.9800487628930649,0.9939606112058141
0.317651929659834,0.3497520793242072
0.790562411158134,0.7968592165425714
1.136965553431731,1.1241654837499433
0.0863148776424555,0.08568974159682247
0.09265000574496761,0.08842867645626547
0.3586869454419451,0.38781863783168746
0.18492593527599313,0.18503016700552277
0.9444680165722288,0.89830514068036
0.6445627232842647,0.6426965786037724
1.5289020020186828,1.5162689642470175
0.32463503157096185,0.3189403997749171
0.4755919955585073,0.5076745651980915
0.23170131186381415,0.21525939883006007
0.5758524727620988,0.6114327196650697
0.4525105593206511,0.4459285276279298
0.08456828439505333,0.07542941363177302
0.7769382923411441,0.7653240076565568
1.365022503111416,1.410647909237634
0.758786082552576,0.7561087336109178
0.47389275892169375,0.4922955296335487
0.7285076665461978,0.7285004808574803
0.5742194767980198,0.5986170277634687
0.1594503556206023,0.19738979602995402
0.15424783850401774,0.1600061912476781
0.5862028433115616,0.5683637203839509
0.14355038443716162,0.15003958666752562
0.5060104191668703,0.49917739393405985
0.6633792701641886,0.6998935414613354
0.1240569341707416,0.10983328516414677
0.625235391032336,0.5808410017687252
0.2681187645460581,0.26327435294002255
1.1008548537399032,1.0647609931775688
0.6241862489345414,0.659432838825523
0.4727656803276186,0.4222449891142759
0.6918387467054657,0.6853749866251451
0.0792296867951601,0.08028720663167226
0.8365227779574453,0.8617128528876971
0.3226811004788232,0.3243560819364369
0.58657608006701,0.6021169581824294
1.2896554921744314,1.2437582047110047
0.5820698809434196,0.5799553028784338
0.25556610041594674,0.27134719985763367
0.20956854285003995,0.2709962373182001
0.3213180001357507,0.3210373268168768
0.313021600985447,0.3256942923861431
0.12270002588774223,0.11436139322364546
1.325914199617437,1.241350260461389
0.7233213414015565,0.7296450774056922
0.7509156786381702,0.7385359539954569
1.0558439284841918,1.0743619196607146
1.8239429967280232,1.9972814496544802
0.6581434887433631,0.6898598784487796
0.8030002703901044,0.8027951377802738
0.9275837773489035,0.9111487380415753
0.6970977895043533,0.6995773556272198
0.3555928339641245,0.3370446098336678
0.25861376494122207,0.2188125635433366
0.14474354463443836,0.14975337333991875
0.6066856103975456,0.6025640400780873
0.7965998172165447,0.8112363192267447
0.37739792102803993,0.4266055401972078
0.2624624182063404,0.2679762057106906
0.5769685866250074,0.570961356490046
1.7196270292164224,1.463638497470509
0.5377366875408676,0.5436807323713032
0.5690008576363202,0.5850312757745812
0.4879741710471675,0.4608211988977866
0.4131476471564078,0.42958059655632064
0.9101089489675079,0.9919414141388831
0.36771859941550344,0.35571695065486303
1.0121428023126517,1.0918193401908174
1.038318021511041,1.0572660704387995
0.4979569709057481,0.5133169042391023
0.8703102339732273,0.8501679752463019
0.6941855653998384,0.7069961199262416
0.7367011649600943,0.6774934092650552
0.6072557104253453,0.6097723146534367
0.4707640297058789,0.4309040029346931
0.5993520851623336,0.5973650536148579
0.08778946610289264,0.07880080838924916
0.30525772670939405,0.2752953449794371
1.3468099304393402,1.0608404643612641
0.14508426757272408,0.11179773682474138
0.1991511403333088,0.20063973406969096
0.5572424103973015,0.6349393071167355
0.5918100158649436,0.6030213071059297
0.6725926656978722,0.6660941498540051
0.43605281510153115,0.4131048079642818
1.7848433180702599,1.871232987737309
0.7545055970017766,0.764221816117836
0.7921143952999486,0.725788545688643
0.6659458806804307,0.6902917576499334
0.41936541533079014,0.42569664527002926
0.3465859649575614,0.380677688375836
1.9140962009109517,1.9210105517778646
0.5951678993129534,0.6368315862307456
0.6845959131304715,0.7013828137601034
0.33170496325546006,0.30721474580930985
0.15885276699729323,0.13555820529760226
0.5319980173175443,0.5241926656898206
0.16597796182769325,0.22929846653569233
0.49599470932199835,0.4869158381128763
0.6099265875584212,0.6100754037335175
2.205449592080967,2.331797102215078
0.2714053959016393,0.27316608040511464
0.5288017761207571,0.5682767078409646
0.5422527571468667,0.5444898091242095
0.6748959396024082,0.7269222491717277
0.5434349613005575,0.5630902650080689
1.4420690084751158,1.455042842009324
1.2040160347583873,1.1521357484589667
0.37594558305572195,0.38283361663636756
0.5520804472492521,0.5880628650116085
0.5946691701515988,0.5782385652772232
0.10509268099967971,0.10407938159402917
0.7295156313750364,0.7160397848010019
0.47081454166239345,0.4885755622522584
0.5704607201357766,0.5582872724449991
0.14585932002096422,0.17354359377687176
1.0824043438820306,1.1660485937696414
1.2318227494916758,1.208893437170583
0.8505596465446329,0.8504974749032872
1.018003143744197,0.980768608606538
0.6618156067919084,0.6788613617695686
0.4675387426974373,0.4049868698094505
0.09533132587465752,0.06415866150359137
0.9750672722496153,0.9592471500715158
1.6711853709147009,1.494993009534742
0.6093432147232674,0.6034383815842577
0.7217447745352696,0.7161218812627548
1.4129495139754316,1.398600120362073
0.6151134236686564,0.6661609763667498
0.6607480809107438,0.6603038126052821
0.2764161161884544,0.3215109435396158
1.2135199789025366,1.0826852017601576
1.198699162135496,1.2221495697589049
0.42196488882717115,0.3594476614110364
0.20090601149067375,0.1907051760170462
0.2471713397299376,0.2512342877553731
0.37895852503064176,0.35639207504235443
0.6210583074553309,0.6011166926793453
1.4392292346105926,1.3443598744605396
0.17143749465685335,0.20495761614344843
0.26265478325236796,0.27111942668629857
1.8275140114850847,1.7201989614872535
0.15510607415859115,0.14502248126153436
0.28119908832306334,0.27343332660556413
0.5481600720216617,0.5522537740649469
0.08222056518426914,0.078153852844024
0.13605234992211657,0.15760477124727287
1.4932512054205724,1.3117233683240592
0.4683588899184135,0.4777484109024822
0.8870262316781155,0.8818770783068438
0.5347944425338054,0.5247509772537285
1.0567780869695962,1.0361293866812062
0.521907719457458,0.5182081552575267
0.46394784426633084,0.4681946637382256
0.3115427728656335,0.24854312750046506
0.19438939679541375,0.19952839345706339
0.13426078139067477,0.1285261804284578
0.24588434683105204,0.27519689784231843
0.5234403297885017,0.5249645379993164
0.3369100105360918,0.4002217294247455
1.5899440620886096,1.5535281046458136
0.5202126868526145,0.5217585520394484
0.30740701712087626,0.2867703699519576
1.0426602710188075,1.021808253629993
0.17956473697618527,0.18149180236737436
0.9432329244851267,0.9208975197398916
0.07538293923224813,0.08437015700819551
0.3269932995711932,0.32269768514457386
0.08431188247828682,0.05322881373765062
0.8798933328504933,0.8873662895218909
0.9861999009434489,0.881120494650944
0.2602530810652915,0.2729224086687221
0.33137472379384075,0.3161630886918793
1.0571116503581133,1.0968345634927976
0.7770510364218354,0.783301943826781
0.36311460262485634,0.33892103541505453
0.2459963188776306,0.2521174489971714
2.226391795348563,2.2703615153540566
0.5233385222154241,0.5159429474955152
0.3614662993499216,0.41107533306327115
0.6714695696952138,0.7592599453423449
0.40107763717051176,0.4015388347854221
0.3560778718152274,0.355821367087815
0.30865761744011366,0.2682321334931835
0.6918948807890535,0.6820663387504015
3.1225266167329653,3.2898407677049644
0.0731436433071233,0.07008014949243914
0.08218329716540061,0.07295824806969171
0.08784450893224043,0.09727786800048864
0.5692726383035863,0.5671581293780026
1.0229436246741506,1.0512103824860692
0.7616933723310619,0.7532568046413883
0.8024420928138061,0.7767755501959216
0.6300392204797794,0.6235344540583568
0.7228364870099234,0.7191883066920761
0.48466850731947986,0.4715597645394855
0.8496656605035064,0.8699181988417197
1.0206347680450776,1.0284476753654062
0.11343179682313717,0.12155983439922059
0.5042602850316485,0.4616196716169285
1.1237833233348722,1.1501127040151546
0.7141945837792508,0.7107450764365411
0.4135869733602214,0.3908520599467536
0.1572729022365533,0.12786685487402985
1.1310248923941684,1.087347977909031
0.8524968034946465,0.8573373809109043
0.547615982777044,0.6266293442619246
0.5323783346542338,0.5317596319801005
0.8019830072897599,0.763867249898828
0.7317511966182685,0.7664011770659809
0.9418368429526195,0.9885704592021263
0.6169385911686549,0.6135050389998908
0.1733075393738601,0.15866417770418176
0.3499042470994849,0.34235772931117026
0.6992689332675811,0.6964550289682877
0.544530354862771,0.4912060440682523
0.7227563279609857,0.7246116514735612
0.9924957007034235,1.00302645912029
0.4670728438559732,0.4766827418652294
0.5137355347704526,0.5085240008336013
0.35113793177426983,0.3575550012971787
0.36605230091115865,0.3628698640347223
0.2219266741710926,0.223175084408692
1.0318932695727494,1.0320507710486508
0.2153536736878157,0.2282190409830656
0.9507976770601609,0.9133792359566119
0.5170818352892159,0.5467888407138762
0.38938560638187114,0.3815833784490484
0.19025382555498144,0.19120136861108575
0.5517594465603354,0.5455885674837148
0.8746746665634585,0.8777188760287683
1.6325406981427004,1.608011351555051
0.4872189773008899,0.5313645620281197
0.6619703007912673,0.6296866172843718
0.7480313128897083,0.7412069535261757
0.9237537297640591,0.9143626636410944
0.38857911638139864,0.3554576883531736
0.09713928256947135,0.1046815442123603
0.3844876756747629,0.3780190130201959
0.44452368028822753,0.45993170444888
0.6918847446742362,0.6865682048329532
0.06283728039903093,0.050201632989003125
1.0249151636861178,1.0783975222377045
0.34435856529956826,0.34361646796542183
0.1592203800699641,0.20784436511373894
1.0903146353431628,1.052844193735101
0.6361524644942808,0.6472270170122514
0.295649054451663,0.2948355023194705
0.5771768642496066,0.5558517217713295
0.6626712323100267,0.6636515349504702
0.24902728491120896,0.24080903168528683
0.7044094404879162,0.6983144628889641
0.20521083014143493,0.22865193400863565
0.6056807955213072,0.5878751934113863
1.4025043167974096,1.1567843452238773
0.4579836302364817,0.47147739010808365
0.5704432162926062,0.5778719322480922
0.07611764300008413,0.07137094611133943
0.9505248312065996,0.9564844752024326
0.2703072269252451,0.2844169560181244
0.6353528085411027,0.6317960342819922
0.402926121804655,0.4098457350707602
0.15700887005619638,0.14495153890994614
0.3713972910441925,0.3833000735525247
0.9701289939388992,0.9680562762646606
0.0794486731305944,0.07584961236138058
0.36913118931669847,0.35815802557115406
0.5088473762559319,0.5602918074641122
0.227667829207449,0.2211172503255129
0.4419320471749401,0.43850848144132065
0.3713475027357093,0.3305848315102731
0.1415720845751245,0.13136789709816304
0.5018288317556596,0.5116341623142919
0.06260286535457346,0.07422904754724753
0.2136859041052253,0.2525115363536716
0.494597465577608,0.49120532424276947
0.262540462204102,0.25704956315557365
0.25982577790156003,0.28142106864735866
0.35819474617622943,0.38426213830712386
0.5392226027441024,0.5182624641208877
0.6734559582280104,0.6791943545135677
0.27096440262729476,0.27634226572497794
1.006845238686519,0.9973736364615227
0.12413422204515233,0.11534002823624605
0.6456499024597262,0.6519421097240428
0.6288295937048815,0.6208465563930423
0.4774943872081774,0.46900557500190365
0.26305713548444803,0.24806136946315724
0.4404703551489222,0.4443775334033089
1.0876851970928736,1.0941969806722818
0.26921513044257983,0.22955833032508033
0.32563898500551264,0.31376431633164537
0.4088158803850749,0.33802448005240515
0.24328751781680757,0.188691252335364
1.5904581965330369,1.5765521868074126
0.18600754732884242,0.19240395232663252
0.8169664823830473,0.8474790462500826
0.9710322389708143,0.9705590580247351
0.14738165724786573,0.16613840364457194
0.486417515297446,0.472094569246559
0.30971351996658225,0.3378127416976069
0.43981732345961616,0.43193667192861346
0.9794075699364915,0.9331213242039952
0.4209787967944185,0.4186750831561555
0.0232907496554191,0.015429258020833416
0.2987119927702566,0.2904364599165447
0.11502026702682658,0.13596289928077077
0.8412861660224307,0.8500746691233937
0.05572239271643909,0.038678949615076605
0.46893728482691255,0.4862336467467864
0.5463364671521429,0.5681070083353343
0.4983581121311617,0.5152378045480733
0.23368746145270217,0.2341044876885246
0.3302264184455649,0.4682065434744733
0.3755528177251075,0.3541469297995936
0.6136826797443641,0.6076336503260777
0.5987535078174586,0.5967822135728126
0.4579986509539718,0.4505467959664603
2.876742362793053,2.9963884506586287
0.576253357457837,0.5786821854084713
0.7016852990363666,0.7145716340460424
0.38849604056880604,0.3989872596936256
0.3565971499259049,0.3696347008516188
1.1108526279402322,1.1115325006912442
0.676530045181504,0.7197640193631898
0.5541621285011928,0.5632241846550836
0.29923081338766994,0.32225023693007904
0.3594959165255908,0.3296092868904611
1.7153098899872543,1.6427688614952214
0.3603693338923709,0.36570121404198264
0.45112457853965415,0.45750687431664194
0.6793536066314919,0.6648321561796533
0.11966214663273002,0.11369671213170088
0.4586562611071323,0.47350460275399237
0.08812486499987962,0.07242326366717738
0.4654320030802304,0.4864054863640539
0.9482187208236754,1.0953138248092165
0.9672923736751334,0.9666636570660787
0.5303948899243891,0.5138591494314496
0.24920548130480655,0.25694292582294326
0.5662431732987934,0.5702736528463929
0.6782487955630595,0.6849673890673749
0.5930870310885463,0.6130286455128741
0.2765380339618129,0.2677325593908561
1.560766158729333,1.4088025240278148
0.82099025642602,0.8478988543541237
0.7836734146013411,0.7821259433812167
0.855222488322245,0.8570994317533353
0.8112461046930118,0.816544232747585
0.9208442212480038,0.9383776624619753
0.9765240654077705,0.9376475071008051
0.4462583071630787,0.43919593607187407
0.37761442000932577,0.35145067576703276
0.31385093855671653,0.30908694897131866
0.3077922300453919,0.25919974089540754
0.31098011363434686,0.2901248788978139
0.30125005238522845,0.30030682495052763
0.7772307636500476,0.776352039864144
0.3002189340674928,0.28840639773741783
0.24348604698762266,0.2554710067083699
0.3396647547036221,0.35448167223772226
1.2337279893087947,1.2743849846562059
0.6210517868641987,0.60854684253241
0.23567274371681438,0.24110119775847538
0.6707963811310212,0.6701195286389882
0.3002179001622576,0.3070570211630071
0.254503375849389,0.2626851766574895
0.7595552168519676,0.7281354840159601
0.46073461894426654,0.4396550882013661
0.2704697494556321,0.28087290023184
0.3101482738694297,0.31366605357912114
0.3013899378301967,0.30999850321171135
0.6546432608186028,0.6560630739320298
0.5850744017256863,0.5784810958324712
0.08048003773214767,0.08039828318749992
0.5620175670503623,0.5214637198023081
0.8059509162051635,0.791164684500337
0.24492719654704967,0.24152063148322267
1.2685477588668383,1.3176455777256957
1.3940798780369474,1.3246248086718582
1.5319323915560725,1.49465986243989
0.2086004456281297,0.2363432498294292
0.29871058888517255,0.3052534105476103
0.009813100770009164,0.00730745057001592
0.3581508278335313,0.3766669158481315
1.2835645777271167,1.2975125234879838
0.06293899668872954,0.08029953101434856
0.21620873113756572,0.22440790309462239
0.11153637221750966,0.0847744400978919
0.8824450281572023,0.922654853637727
0.43460759093870444,0.430848913101647
0.09412425136560308,0.076301120243594
1.483566555056667,1.4193091378973528
0.24875419206813545,0.2589873865494517
0.676356565756314,0.6725205299165835
0.4482143423289416,0.4544021507081425
0.6339500822803773,0.6423066262465114
1.4110768515208443,1.3896200138303625
0.5208224943013472,0.5419141545998984
0.23130001252535945,0.21765257233139665
0.10910663813849111,0.10922880937001259
0.7496187521753961,0.759015395444384
0.8022335354362058,0.7007057574580535
1.618288686605041,1.507150108992907
0.06228530109461197,0.03478285479775069
0.4296469862623177,0.4207341704132519
0.13351348912518696,0.12230083521693587
0.9177433107800703,0.9701044411340984
0.24888869064514083,0.24459367930124465
0.5173020391870418,0.5324968302658541
0.4224604377164456,0.4665140741589666
1.0315446684498137,0.9934322291987571
0.3851857088691253,0.38499255412645983
0.593108669342086,0.5705736714005167
1.0512241370094653,1.0627222241291878
0.9897180529900224,0.9655898953901918
0.35499581730473234,0.32100259523760255
0.9767952625928518,0.9903070421547021
0.4519142914715415,0.4495199466620941
0.24510884610886802,0.23719654918198085
0.6310028184436931,0.6491809484054936
0.21319178586504944,0.21245710032890489
0.7687992440586692,0.774811339613656
0.21072920896329247,0.2196610201124711
0.835127879921266,0.8381049353272224
0.09203122394526984,0.09804776963772592
0.12633163344408205,0.1412980623930393
0.24948533867724948,0.24454923509840287
0.5032866524799529,0.4561054286252694
1.3700512353169016,1.3675262851027246
0.09027499543206817,0.10616557327800999
0.9975610961022452,1.0253352717704
0.7881537959926223,0.7465194855574779
0.6662948925064439,0.6367715811115782
0.0941915823478692,0.06738871904741955
1.0869139509872667,1.1025361591716432
0.6551780197564111,0.6382349539690856
0.4488742182841615,0.4578509175751864
0.5906190535333505,0.5919293357003179
0.8385273554495808,0.8068045565890372
0.0771474814526015,0.05946596119956641
0.6030621182636091,0.5857858010494753
0.6444606123577823,0.6260710025899536
0.820087329676112,0.8166258488974029
0.44102722776662623,0.45610917458593975
0.15141052962629425,0.16314238328207117
0.799567028515442,0.7810928963042978
0.7474702478333292,0.768249672845952
0.016810874421048942,0.028912325844708337
1.392563659218647,1.3378634403539584
1.0312149783684557,1.0674294845775194
0.6238264447760385,0.6020952010124833
0.27283807388465436,0.25024469845795555
0.753623533164055,0.7402405771012405
0.7053944907021447,0.7063708216001767
1.6023772694314855,1.6040518588899944
0.17196017970784228,0.20518865785549584
0.8639915913577155,0.9294840527691236
0.38268492336427723,0.3834658617924496
0.3234535122232298,0.3146549591197855
0.13331859561594284,0.12194742394150705
0.8458498026633078,0.830341295519139
0.9494460744359422,0.9869482822432146
0.12385560921366838,0.12176831110648811
0.6788327901720261,0.6778435740978341
0.5996567804938109,0.5904882151132876
0.7735413925184486,0.7475175875213559
1.0659374219389808,1.0644440600191023
0.38515286516929,0.3504675457134158
0.592869163983496,0.587699222366974
1.228806722527281,1.1885483586738128
0.4096163821988047,0.4353511566370155
0.9766254098069758,0.9753185668049368
0.3240773899172465,0.3389296595503229
0.42411927927763937,0.4320759864119034
1.043498104470041,1.024714775462772
0.44897319465820146,0.45956683890437056
0.9149600346148684,0.9227743141702409
0.6785253685767363,0.722520328031873
0.9488427155640522,0.9566129680155168
0.27429566864299626,0.3360066832634882
1.2753173180670136,1.1586337758314695
0.8225203469346433,0.83717738844665
0.7774454113402472,0.7969759805634415
0.5261793439886608,0.5104290182714588
0.5593646582082972,0.5763830057491661
0.07564492918090264,0.06246855839341968
0.3644868743438182,0.3675003763559554
0.22077172436730966,0.24962463500297305
0.21952799063947412,0.3058714974699321
0.4740020480541791,0.46828752144566793
0.104083414526376,0.09267038715696448
0.44788941197245236,0.46079853407230137
0.7370847534798063,0.7159301482750592
1.0651516390964775,1.0544603377682102
0.6695677834565941,0.70206047843463
0.2102010789144253,0.1640622348837999
0.31309705446926733,0.26374006991914867
0.3495721635643877,0.33694209475615705
0.8544429980949235,0.8474663570221359
0.3371865932460149,0.34600571468080615
0.18264081884844124,0.1828155749126696
1.9637398027319186,1.985734743174713
0.871799397231867,0.880762142447491
1.4966920895161897,1.771990871032236
0.2118688038797722,0.2054963604073801
0.2523606702979358,0.2718629963818697
0.9033634125838892,0.9663932735704661
0.3646935962183891,0.33298560508210595
0.21650062708561957,0.16600149878021836
0.6450939975373134,0.6452675069987693
0.1980538307962193,0.22442335359482812
0.9496682752597582,0.9576163508949489
0.09470314273730909,0.08828212780430525
1.7881280063464973,1.7813317989515982
0.5901547239806878,0.5705387459603656
0.34069803281580013,0.3090637869500857
0.4539609853312148,0.4654677896201647
0.39429866174680994,0.38598544522538825
0.8096855851543623,0.8066337089215624
0.5737775800640545,0.5914200508674482
0.4945950745493691,0.49369308386337635
1.1584793800185709,1.1650136299926148
0.5942748934465095,0.6103562864754009
0.6256249579811148,0.6185435993249153
0.7933732844414809,0.7916028978796918
0.35280409286337266,0.3274424031731023
1.383281070992597,1.3284630938237632
1.3100129766346538,1.3174886561022245
0.525645039656506,0.5286027601412728
0.48070680881311706,0.48609883662079795
1.0398590012942592,1.0386455843188112
1.3078637308180725,1.3343062507521009
1.1185884378219906,1.120196303215341
0.8304040227874447,0.8362679932411777
0.7248163295106365,0.7425113417609682
0.1522201474905726,0.14007028353658857
0.8406249344402983,0.8521143089678518
0.024730480696943318,0.021779871586581723
1.1384501922757917,1.2057319028919022
0.799523752383466,0.7775365684831881
0.12167061100332753,0.14945519340056046
0.4289712763800138,0.41618376680323466
0.6567375442933052,0.6553096557618718
1.082059270866498,1.0684484851042197
0.5617482844754306,0.5674276185466877
0.5990223692338731,0.614884682484357
1.0840859667090135,1.0466249530738165
0.9167151906243917,0.8949240968975344
0.46189063076333947,0.46558123611963664
0.17757996085208994,0.17775175919704428
1.454894942358463,1.4520956246044054
0.29165411111754286,0.25411606467122244
0.501508787236911,0.5346128567437252
0.7179029077277029,0.7202857030715059
0.4229323274636555,0.42466144360381114
0.8076572719725096,0.8257263399735634
0.0785220065466649,0.06616134612254213
0.19533402743783335,0.18107927509699248
0.1927615872774549,0.21531211146385287
0.5318028483750807,0.5271946984977787
0.5616512857086071,0.5629971116627308
0.7359827604883775,0.699967247298478
0.46830753190886676,0.4710136550142352
0.5342585920965818,0.5433884723245235
0.9154467339478395,0.9021437385970761
0.10772709394409759,0.12246529841674268
1.56495301691005,1.6466279502452015
0.9861451655202027,0.901977511597697
0.7792297270996997,0.6963478487295315
0.4728774397951115,0.47638083348677834
0.2848423725093029,0.2995677594726387
0.40888743360937335,0.34527232715945916
0.6628198904944748,0.6609285244254458
0.1961588948377452,0.1728162359901809
0.6227706819478016,0.622861703140744
0.4321310852945593,0.4266846392637786
0.11467500316727032,0.11073423030788765
0.8072870290205512,0.7763045008970552
0.9234456819072017,0.9060126542115746
0.3485650650196384,0.4126536150719232
0.24769136322714122,0.271596689716379
0.27559534688797244,0.27426381478615147
0.583768638470128,0.6020943485774684
0.3346103615932908,0.3279053470826405
0.5904136257656757,0.58324380029655
0.48416874312464847,0.4714662610859367
0.48229453391109395,0.47302696550137435
0.3407367448546216,0.3598299156580412
0.8083854370909243,0.8050238107911106
2.1767012678833306,2.1353321855122815
0.3476066354393525,0.3396968963607026
2.367643975305687,2.476378016515686
0.3411494028560076,0.33062338932472174
0.2896262470279871,0.26442240387762905
0.3205051266870232,0.3219063425541102
0.242996721916017,0.27132913329292063
1.0063765399274893,0.9994975776184528
0.85525122161512,0.8892728633654908
0.6310678589672862,0.6078925422917623
0.47068224999985464,0.4764096170586035
0.6067772515858803,0.587264306326923
0.971669505447665,0.9407776554460493
1.0953354372323585,1.128201106323015
0.781650026346942,0.759000928523624
0.45756361706378057,0.4432273028226155
0.2227670124350622,0.26884020999760694
0.043886971210961856,0.05700650740186967
0.3208453867108975,0.32870855866713206
0.3124913634685374,0.29288815022578646
1.205972722565796,1.180063432162596
1.6034750248704952,1.6511586706635617
0.15981312690291238,0.17080151634488278
0.14080665959342556,0.1665948114765409
0.950998167977822,0.9037836772114669
0.851791076615688,0.8153653012461394
0.5350546813584903,0.5309109735954136
0.5063849506773123,0.5123735966477405
0.4746410644433565,0.49300028174811655
0.5651040943236667,0.5272729818884281
0.5219302723971642,0.5293452527198643
0.46439247757807656,0.4831524532994098
0.8720212952393592,0.8765239722933541
1.327426232741586,1.3029461088923016
0.9953245712241628,1.0012841977843514
0.047266842751258885,0.047322698602006885
0.08503205879897459,0.07847896523506108
1.031037468188786,1.032713139859677
0.306538293411848,0.30128814767241074
0.044657269476682,0.03923928326662568
0.183942883854621,0.16592426670604196
0.30375341502061726,0.29036296845278564
1.635386734639241,1.5304167851965063
0.5416167470621428,0.5475664383282897
0.24506494432163867,0.2285664494416126
1.1077770795588038,1.169391676210071
0.7970112889810722,0.7997223275948461
0.23268055082550781,0.2689832391824154
0.16960077859928535,0.17197691401104587
0.7010968471021976,0.6792384444314725
0.27369778348449864,0.2685030077309454
0.39876978299664967,0.4121251162811682
0.11901681327371925,0.10797387681954229
0.46521903446224067,0.4664191637332655
0.6961247147568088,0.6924099923197609
1.4234008570375194,1.5447447993910355
0.7004782121772282,0.7026707353046248
1.448520059681914,1.5571833842270977
0.4563561541253832,0.46091019533466293
0.28904962384278515,0.28281013526198195
0.11608660823662478,0.10820614999981557
0.2694591112333873,0.28190276206510706
0.4935522266720361,0.4497753806706647
0.1232147838919623,0.1406290612490779
0.5657427635516288,0.5387667789698012
0.4809132458260031,0.44588309717801466
1.1121537130475017,1.106269800528715
0.1790258724061416,0.18694124290113764
1.0788478118318265,1.042861421664328
0.102410302812105,0.0862911183960288
0.13150953715840977,0.12264697777798643
0.337097057416525,0.3469640123941325
0.686076473185622,0.6612320377661239
1.02712361600528,1.0329653584347678
0.4746432628823246,0.49037705794355424
0.5657633634993047,0.5830055855808267
0.49957161118348453,0.4951592267966212
0.3542954059017919,0.33065497807874916
0.22184461584837786,0.21303682530440554
0.7380294237298012,0.7392304167386072
0.3410829646415534,0.3585792204474094
0.5670426260166985,0.5690731065194584
0.4520431332623189,0.4795664813929161
0.40787423733368205,0.4132100933987471
0.449172889309342,0.5002872671532484
0.5638081186575172,0.5855026825519027
1.1841070397605487,1.213551333336622
0.4724166310876161,0.47148217187208696
1.2962670097833509,1.2843936414701966
0.470367282954885,0.44333312934431285
0.186921852749675,0.21706040547705632
0.25964417249802657,0.2442620679947682
0.04094294106842953,0.03579707486490094
0.2505008087964328,0.22942320540087946
0.4543700678753528,0.46743020632703214
1.0218199309242377,1.035659261076601
0.19576461481528698,0.16386001121331015
0.8203515293059357,0.795317750517343
0.25857925083492417,0.2395922925832111
0.7764541759392481,0.7897867230050895
0.2676468703317726,0.27357411778951707
0.2190670613353458,0.2209926373433984
0.1503238104912683,0.20242047155156526
0.5004523316080897,0.46807380176878316
0.2039945186736747,0.20147567669488073
0.40484422571764295,0.4524777093922269
0.5705582773301238,0.5800072085822036
1.2079582328767766,1.1884060203552178
1.345640237436737,1.3898603163916945
0.8090816400549932,0.786398312802564
0.5730784378154263,0.5464065080905627
0.8030038061128851,0.8016840611898158
1.2028129371914165,1.104316065327191
0.26122978681212794,0.26278217804604337
0.831779271227364,0.8311596804282803
0.5515773034755278,0.6078991809930614
0.5532030089408585,0.5597723209093858
0.28207677907518575,0.2601460991349521
0.6430560102711115,0.6099309163348915
1.0520571792282298,1.0590752070363967
1.1559584740394622,1.1614877915200132
0.23863137579700888,0.22253531946484542
0.4170605874135874,0.4116415342253621
0.15569240647226745,0.1312996691691718
0.39623005940204276,0.36111163721288897
0.15058499922719532,0.14102623024687103
1.067562541390919,1.1006229677270107
0.36498540289797615,0.3638745311286605
0.931459992995986,0.9240561800188938
0.16890225833805816,0.10273377317312771
0.2891853710571806,0.26186661442806214
0.32833451516753304,0.3286657009895107
0.6660899659138338,0.673290050932372
0.24946035490983104,0.2233403941008757
0.6321434611534841,0.6381965624200724
0.5205653140657778,0.5058227717250309
0.17538968337005753,0.15490140143316372
0.10000404611026642,0.11863699880087225
0.6799793072302568,0.6926439596294974
0.10731877511932403,0.10382088820272041
0.5823201663915718,0.5896196841191416
0.5931862619176206,0.6008879467634396
0.3019876707878899,0.2913908659088608
0.30312702133016217,0.3162272595854622
0.27478569942546194,0.28504399173535017
1.17447295359403,1.1956313085055865
1.076810858024218,1.05645374685334
0.4089992670417887,0.4088704500644832
0.025271212754355735,0.022316106605817378
0.46175955048083683,0.4389254559327873
0.3415441224770366,0.423824388125564
1.0572032550793615,1.088967277948515
1.402227169696491,1.5470052512406733
1.1005270026339686,1.1471256370918295
0.7228690418130059,0.7406604711573268
0.31928193850771175,0.31986154821469065
0.11865475834725941,0.10159895843836093
0.2295929792017473,0.24258452822538687
0.951033234285996,0.9303563631398505
0.24481431111900798,0.24721853481352168
0.5594034260973509,0.5527776302277867
0.24300595838053446,0.23845303794763106
0.6318163923906546,0.6241250756223544
0.8653751318836009,0.8793138279595913
0.9076205289552328,0.9393952651146792
0.1941646549720654,0.1948607569872649
1.0491104115112584,1.049936270128013
0.5676679135287781,0.5683612983383876
0.7831831488447211,0.8038837288737458
1.001298233171876,1.0144005489282009
0.25362547794324475,0.24015068377280252
0.4555420476689121,0.4538724447013206
0.5070591049278985,0.5659135317674311
1.05786139510468,1.0587467471992122
0.7163577300481699,0.6793259445892256
0.4242807948346478,0.41268055858142916
1.1172783730774283,1.1334187310605635
0.18336381324458245,0.18035480737304352
0.9905896380982706,0.9745029034867984
0.6402460323682363,0.6387665507262485
0.895277377961002,0.9001739459787004
0.9452060396530354,1.0437212033349696
0.8595879867482965,0.7824581697649624
0.5396660114750612,0.5439507507037938
0.9562962369284869,0.9354298464533308
0.08728811298193552,0.09212583175006153
0.8658445786319704,0.8545735998227478
0.7435484212452457,0.766187663784435
0.19708042535237036,0.1949005007339938
0.28135147007010797,0.29422738158178663
0.711959565232066,0.7317852917530839
0.7870991932941561,0.8281962929194965
1.0503550531468457,1.0726437811712675
0.14044343540155693,0.14394175558623062
0.7066125222401167,0.7265689711872261
0.7671840466197541,0.7627192271730855
0.6296401771478707,0.6368040844781151
1.0616882685322613,1.061048551481874
0.7511652448190143,0.745162469912532
0.33987633227350744,0.31309048201793377
0.32016343151746396,0.33619078112235506
0.16460870564339522,0.14996236701056526
0.8787972186509682,0.8812151685269629
0.1560606853903128,0.11979879597937226
0.4030737745660381,0.3783426891600859
1.2936759957829866,1.2695215097354078
0.5534295056646273,0.5853634046746382
0.4249020532903764,0.42665181871316976
0.8022083353296536,0.8582474926857384
0.5991411448951436,0.6026920909079017
0.6437854783745036,0.6406601329993002
0.4259891474626367,0.4303051760034875
0.3420148799895148,0.421930897386151
1.0797365346535341,1.074816476161426
0.2406443253743362,0.33016031156427483
0.1859586716465823,0.19441479124581032
0.455722422944657,0.4320821885578569
0.1869349104584452,0.17828214668101267
0.5597821261062894,0.5536105792471625
0.9753859738219108,0.9689946405737557
0.5391209420624263,0.5327728967217934
0.5373611058028658,0.5541399737386147
0.3928894314843554,0.4651617195413643
0.7037129160127459,0.7109898929654201
0.19851890800255992,0.18065103548650893
0.3236114605666371,0.3321522243659368
0.3036240031106584,0.2997212937040483
0.19986689524860676,0.1611755691134864
0.979839597695479,0.8823060148919777
0.2841958686440304,0.2637345048532169
0.1607297639379056,0.16405725474831154
0.45185387266583926,0.4530399709392103
0.5012161610927872,0.49282725933722427
0.39233199941475805,0.4036852527149881
0.14771529565822808,0.12380784143659929
0.9218681498989982,0.9285763401921014
0.29700207127690864,0.2692573430457668
0.487151507496215,0.46180580558329953
0.1963798440637313,0.19752003913046054
1.0136397979174212,1.073961460917914
0.4809659149519067,0.5098952742901773
0.4781962622511113,0.4545346716403515
0.3332155326746848,0.3478000868054414
0.8166979022601054,0.8050142371281829
1.200105323371168,1.1281274817378673
0.8137019157713244,0.8298585777385121
0.9535014620460635,0.937915010506125
1.4688036847443549,1.5435314224436671
1.0990203688214184,1.1225985783830252
0.8552719205429892,0.9240870695614126
0.5332404648321647,0.5297178721621211
0.5792161213980496,0.562634536785102
0.47834792192043774,0.514249839924679
0.5712200746053276,0.6147333349988584
0.5357247892204279,0.5665525169049224
0.5552500104472886,0.5771420647530812
0.5878270342419738,0.6238901599088713
0.7513248099976263,0.7502001760314114
0.11569225123829283,0.09364649324548455
1.047882383365665,1.0256034361002568
0.3603650591452211,0.31949258198975544
0.6066991652345235,0.623361637009239
1.317663875146965,1.3214797408188579
0.5517874837856828,0.5500646195053416
0.49132176185462734,0.49513145088042526
0.6403541534037868,0.6296381023742894
0.3345266597020574,0.34615321840469515
0.7416068178133643,0.728244783741945
1.0553906405529325,1.0561469378961543
0.08396589372718666,0.07442932123824725
0.4166616900432011,0.4057600275248619
0.24113697073957102,0.2138776923398938
0.5228518743713884,0.5279965916926221
0.3145869639630132,0.337251462202826
0.13451134019869612,0.12673213148485055
0.992305915502485,0.9863690536391204
0.34703586770287587,0.3239665127921394
0.3835728463767951,0.3880046051774523
0.5639632798740905,0.5869340434463379
0.5775905095182178,0.5375894325077962
1.0344919586366732,1.0480805221493819
1.119580229107544,1.0503070970560682
0.5295996327251569,0.4750602456401497
0.5940749874792483,0.5939574089343347
0.49204237052897826,0.5574615582413956
1.0096060734975139,1.164209373871818
1.2186076117615945,1.1156527309454192
1.1180347386005627,1.054845951858471
0.8886840786766061,0.8925766267915155
0.21299438549736296,0.23032140082978897
0.6950339599622899,0.6774983440994827
1.439781360791932,1.2567205622344304
0.5704936573533693,0.567792303320783
0.720149820353886,0.7274073480927552
1.3479039109005126,1.3825487226089093
1.199932678386238,1.2192756911909062
0.7359914560689077,0.7221285634838598
0.561599027618946,0.5704490656871022
0.33575387404517426,0.3352392977031847
0.664614684486727,0.6424287538426819
0.06930414410896223,0.0665208217307184
0.23294836605363117,0.2280058005099026
0.8202642081473124,0.8244880378225526
0.34987801461843826,0.33029531628671804
1.4089491380207475,1.446118102583504
0.8502406611033074,0.8379317838277629
0.9732206347318552,0.9256948719971141
0.43839823785008647,0.42437853460316594
0.3008474745059773,0.25221082366812575
0.32933222039087096,0.33822539709569294
0.17156805678593326,0.14542033277988778
0.5822165539982996,0.5854563453572474
1.7728953661600666,1.7916557598125284
0.9784340634545426,0.9811126422859061
0.10638961734315183,0.11325907102482162
0.4998675806928436,0.5263186454393669
1.0170532674872523,0.9458833881268405
0.8535946746122476,0.8760002414357496
0.4394143007831618,0.4504427634151597
0.5621800619705946,0.5056021121946086
0.9871074164774754,0.9580799768123971
0.6006874765460921,0.6044860973091495
0.4037680427003161,0.4065284523962784
0.2920099068398474,0.26031347157782986
1.702983155534457,1.6841203022500173
0.5673110433136117,0.5961015068693922
0.11515211147286522,0.10163885468204514
0.5239372650049041,0.5530089734458918
0.42458471271493836,0.4216855495832354
0.34072082341263576,0.34731204611134553
0.6885428864790639,0.7031977037313358
0.14572851601297648,0.15070886791827548
0.1972790644192904,0.22370065602468941
0.44991028404682004,0.43340417521409175
0.4034472207758346,0.396962229926824
1.144099305655045,1.177816545589664
0.9448252516787914,0.9031124711138482
1.0086500660918745,0.9760973592473988
0.3634560673876511,0.32138147731151256
0.7186805126008791,0.70359080463128
0.5017593499827612,0.49472391854788605
1.7461001192473624,1.6598265515099384
0.5106232043449772,0.5064309939614732
0.39341090934898854,0.4031420799812801
0.4673423788094975,0.44634050270452913
0.34619798372896693,0.3364969939092608
0.45782870829301464,0.45581384529719854
0.41740462817009644,0.410081020759846
0.7199287626047866,0.7218800727829272
0.11482629711292451,0.10966612403985758
0.29315113265791337,0.2559915813207781
0.6871183150666327,0.7060814593428549
0.14034529576597185,0.1447766545642148
0.4747803860652344,0.4755489053340876
0.5164508835127645,0.5052640074362351
0.6540061510900486,0.6204182854362675
0.22594363180903396,0.20430297128256644
1.5588019863436542,1.5521165841708873
0.4724884282135423,0.47412766276573276
0.6922424847680638,0.704103548545959
1.092579049816489,1.1067217989358584
0.7904298679481851,0.7871290920946884
0.6852943713582055,0.7013558292399907
0.9726160794436479,0.9936138455186004
0.3190204146493171,0.29247390184477357
0.8100323777039939,0.8123347446261193
0.7518906014126217,0.7448018263419639
0.955449879636842,0.9780819476455569
0.2181481442890228,0.24391430876625272
0.4112317703155345,0.39592398596377104
0.44962335598540754,0.42336221478433667
0.6755350309363953,0.5478620089091152
0.24428234927625195,0.22948908927518366
0.9879850069766226,0.9383150516290263
1.9624826738605115,1.976725577200839
0.8976773953542267,0.8785712894173191
0.25615946092713754,0.2912512913422076
0.7744620185654665,0.7619378935118305
1.2316942546930345,1.2390464045855953
0.49103338432722676,0.49047651758442395
0.40410434742241924,0.4253798201744127
0.5262526971473281,0.5354461969343233
1.9027439274920255,2.0216889361178527
0.3720887506780251,0.2942035236344042
0.7696648906644584,0.7649843367968365
0.7741351160864643,0.763577208334031
0.4840082657110133,0.46898865882174723
0.8546482611231269,0.844433134914613
1.204725019348654,1.1757567596343603
1.2027868739889966,1.2225764985760357
1.1338543557732,1.1079217158454817
0.4234992505176638,0.4175939259087011
0.10646036837994242,0.1155009711260242
0.5131322815146321,0.5260496721928136
1.1676108480213934,1.169735045378798
1.9325153910432227,1.917861842648566
0.5090716066902713,0.508967026352475
0.42917375852420625,0.4110567634526742
0.04091429418153061,0.06446767757817329
0.43258593834165676,0.4333506765354459
0.47240810188844484,0.47204754737721927
0.07753057540069236,0.06917007951418722
0.26329905797266484,0.2833493309478486
0.4878944448165673,0.49208113794455405
1.2526542194486392,1.2633776689649456
0.5174945208089862,0.5164669427191744
0.19285301980458106,0.18570550028700358
0.8822532359708547,0.8905216463139553
0.1941191972202112,0.199905762400749
0.915609427072423,0.916828266796747
0.24213612684540692,0.30136864112261214
0.2587370051957314,0.24870684570434679
0.7014774423875195,0.6996998517620648
0.34471282434783546,0.3499999253991897
0.5120174788982658,0.49926984609852976
0.7736452280269279,0.7634789003021174
0.4663306843672577,0.4300047994628047
0.982456567670624,0.9905053454293953
0.4431085570078685,0.4481069702552265
0.5128247009030634,0.5677074740494134
0.2422020514192623,0.24666392783406518
0.8428972725338029,0.8489161810794018
0.9832330326061699,0.9176034409998403
1.2494810269022347,1.1404100441795293
0.1553498628567179,0.1447337675703929
0.47681840198033976,0.5149329080145476
0.14855664172339206,0.15765449552268632
0.4832196013741506,0.4664783714264133
0.49202144526800384,0.49472705331282174
0.4826679088773699,0.4694409994044082
0.5264220122474441,0.5204151859624525
0.9477312850958756,0.9817402979146874
0.8963889018627553,0.9280429239957962
0.007010896190006318,0.007445712343542603
0.2584970753126867,0.28148315295098725
0.39013379536621234,0.4219434503063413
0.5293564093472615,0.5041945186267375
1.0272837168353597,1.0282187021541902
1.0482685253359254,1.0419845972508204
0.7306422972654325,0.7022682015380366
0.36286320953961637,0.37495390294276476
1.029532801144126,1.1222128244849918
1.0630251575851157,1.0672549734517105
0.7520204504776049,0.7468861432312874
0.26782327969080744,0.2562490435458352
0.4363444103542247,0.42156211330842147
0.2981294878106355,0.2789641167291004
0.2655764307926306,0.25846246281820634
0.813192421610029,0.8148421719593312
0.44869235306559957,0.4379186856717565
1.3491996765346945,1.2877526309856453
1.1172868985076443,1.1147616731924896
0.8387274665429711,0.8343974494283404
0.38211721398846815,0.3605394101479889
0.44097504623013767,0.4388353799330855
0.3592133741344233,0.3566764849350633
0.9518261436081898,0.9439979889495356
1.160641337805897,1.160485086074207
0.37918701080162126,0.3654956759314733
0.11850965289107433,0.10895170564816638
0.8300520399728074,0.8341060512907063
0.7959918510498295,0.7882529465797516
0.9473701095490881,0.8499991210194648
0.7770719634700938,0.8167999828223081
1.3899277451703298,1.397099598596992
0.5925049463285416,0.5913979016457882
0.6661667475884302,0.6289262806125561
0.23561136693574616,0.19267100223422595
1.0550961870740851,1.0233862224648416
0.5498630962105719,0.5905815322785983
0.24096390887162006,0.25806708450884586
0.3115492442445181,0.26672372807918104
1.0064652872534687,1.0679928447805889
0.23936713016485817,0.24023937033902545
0.4054703014278093,0.39994968624976285
0.1951543464211363,0.16913911752728825
1.3727214838781494,1.4162927483951429
1.1654869760543103,1.1387830821099163
0.2338221178636121,0.2819097913213207
0.5982639128655838,0.6077228143302963
0.23816916130867624,0.23609929856321477
0.7790521452346397,0.7934807525650407
0.4102810502266258,0.4316114258264755
0.609138656483726,0.6160797439847527
0.40548828758677224,0.3855694336690805
0.10060878627841081,0.09290828019366965
0.41336510862497816,0.40510147926558265
0.5860437655324185,0.5868924479230772
0.12329901129341074,0.12077813157204333
0.8755069380864264,0.8760128075231884
0.17541698742941184,0.19789031502267498
0.5995851759496585,0.5821801884360368
0.22805639065758204,0.23411261134032194
0.2527517336399891,0.2140950734366936
0.2762715803795884,0.2800547210227862
0.5881266099897902,0.6000111514234902
0.10868790660563851,0.10363865228556016
0.9397997173070738,0.9233533725549732
0.5525600372290302,0.5353703466266664
0.4052558953680938,0.39166037261736775
1.1976183754797671,1.386423463187345
0.7531575394860744,0.7583034795548482
0.10061451269426298,0.06695393506443513
0.28190733403092044,0.31522611205430656
1.2993148227931852,1.3716551828381958
0.4951949678842041,0.48038218685727585
0.3799634391880607,0.39402236639009214
0.9053343714959489,0.9542058257797195
0.427261655826962,0.42969964138015954
0.6197359701475597,0.6225778402972965
0.6804659631198803,0.6406796856235302
0.36278055429940725,0.38326693391385824
0.3500301627093135,0.358352434112282
1.3098711494375863,1.2649805486962684
0.7128154651598081,0.697494442538234
0.23696718584585472,0.22766803739898436
0.8990733689232292,0.8834911671144462
0.6880321180864857,0.6875386321439733
0.06948705650248901,0.07200082626943854
0.9451621805199155,0.9249490571908693
0.06505672987370408,0.0652787342629235
0.11401199472939844,0.10726594029791951
0.5952197883766497,0.5965292877616221
0.7410906933610899,0.7196805915409866
0.5712432568909764,0.5698495587440148
0.2929096794810323,0.32438349474252004
0.6179897382190402,0.6096666405729815
0.17873497172242273,0.1703170063812113
2.2610507409550267,2.279028778812531
1.1889606721157056,1.1507379580675363
0.4741012368030223,0.46834082099325614
0.7262604704449338,0.7022526615997438
0.46929207828276176,0.472635504589166
0.3314278524149798,0.32448329217177807
0.839089941065519,0.838570222533231
0.11369598525775593,0.1491808788766987
2.2949542002432683,2.4594929970724273
0.1869159716320954,0.2142883784196104
0.27986215597826797,0.28879128271095483
0.6705275750575066,0.7071139519959869
0.2933810715796386,0.321884202639767
0.09710479006269514,0.09410112711351307
0.5801391681133126,0.6359445443252791
0.716141293812898,0.7097536962731739
0.5207402799858348,0.523491900057804
0.490670175849386,0.5067494661964038
0.5144504514361256,0.5052216209500293
0.3520200068733785,0.33579740815949055
1.8902387377150756,1.8337746916859727
0.2552700548587903,0.2614766384556953
0.2905555925206257,0.28566175067807376
1.131995097381556,1.1579670690214272
0.3866103265605205,0.4920590468738367
0.22103003975940003,0.2164560066996668
0.48471646562404547,0.49124393532985466
1.155671887343245,1.13268513694374
1.2492238164462721,1.2871827125376545
0.4969371141446597,0.48479495458445737
0.4540797371321844,0.47307033098894874
0.6805482978045574,0.638062142717553
1.0930980396924295,1.0881690512481899
2.077949654068588,2.089234464945111
0.6322209975092935,0.6405940417904951
0.09753837860199599,0.08166516122523867
0.33383700239305214,0.3360068070530266
1.8881837684515643,1.7664748942626318
0.2896722714496681,0.32236790781051505
0.7278560751888773,0.7292467062124616
0.32515087961837424,0.2707243847611756
0.34734805112117995,0.3453418467411061
0.8407442285438628,0.8286834669024762
0.3601755998574662,0.4087725357910371
0.8647482904631079,0.9029227879871924
0.5425891305148502,0.5402367767493429
0.5756501477705221,0.5770939183677434
0.21391163660421628,0.21721406483377867
0.8056287058662707,0.8012906896147513
0.42868289929076836,0.43193409829408635
0.9810810428015863,1.0562232648975454
0.2350176496621163,0.2811238366834424
0.6062440149937293,0.6142717428786624
0.6067823789473197,0.6218414375731307
0.3562932910740827,0.35352415710198554
0.34561746430578644,0.3301459009413038
0.3426356160363848,0.33473965355892316
1.1339230564869622,1.1615096400500715
1.186411221860952,1.1759259959862476
0.4997679326582249,0.5173722310987426
0.7153855773841773,0.7046254316950955
0.4213289854366776,0.4145710728714264
0.37425400492772287,0.38654013135404663
0.6787989795528555,0.6846015151724603
0.20809804812263955,0.20132654801547295
0.440030498731022,0.4686397293698254
0.13037092248293045,0.12941150962530337
0.43743089476027774,0.4351309345700047
0.15890477107824993,0.14622526349599854
0.5653223727500385,0.5663602730600258
0.43598779438879015,0.42004818268887356
0.737759473872921,0.7512359576564893
0.5213973229566531,0.5058812028556345
1.7215806374421223,1.8220956290474535
2.1304922821950187,2.1381401452339284
0.1955612656717347,0.1768350465592037
0.6813100123522584,0.6814682378679648
0.21878033826308307,0.20935624438108705
0.5684564427682613,0.5918816374701564
1.4628123674061222,1.4184498739874412
0.067664891242252,0.07210402510847753
0.23015336582295876,0.16695918204002397
0.8390438487635888,0.8540105115537527
0.23438210164565987,0.2915418024553571
0.6302871692868512,0.6136530608812135
0.4316147123950719,0.4742047996638688
0.2626897104496095,0.26164237764416826
0.3184182981021027,0.2783665085686879
0.8404001605106607,0.8294186604014729
0.9402912699774739,0.9307205268358002
0.27502227348267516,0.27243592154732627
0.17308532750180752,0.14006008566620992
0.35509318279665275,0.3430799690594537
2.2768806700041546,2.4451655385218034
0.40105511596829274,0.40908642620122787
0.4200363134138693,0.4437179553343268
0.35475374500307866,0.36584849261079866
1.0838978738183571,1.0591946781256194
0.37118292789876683,0.40298600228169196
0.6362729004625037,0.6287228501895208
0.5541621888641319,0.6101845665586504
0.26648562240214263,0.27991545933437617
0.32369530059746765,0.3194533720681502
0.2750166479605274,0.2630968816246296
1.3374590549897822,1.4350928301481265
0.9124931305083875,0.9862275407839953
0.7020862110180992,0.7010858852216247
0.39893345574582784,0.39926070148986337
0.4809816342874169,0.4690532935564158
0.689254117780809,0.6906943696504573
0.6741749803752842,0.6679390285677606
0.5201875364163637,0.520229536527702
1.5513409981105617,1.5636068684099866
0.5670284520521088,0.5845726960188234
0.2074502319942486,0.1990766980336702
0.44444905550399794,0.4150968068799602
0.862569591841858,0.8918577222685776
0.1805521551628658,0.1403459138352855
0.7418057293098866,0.7459042280442307
1.3521994983723162,1.4016781998569583
0.7796845142639244,0.7623642239294822
0.3515545243527346,0.36138004133691115
0.09571363256784773,0.08171303799209723
0.9966673876449115,0.9793907820970625
1.969008418674599,1.9617208816222667
0.3175576517659966,0.32352550189444196
1.3288918026903183,1.4415351449955554
0.04472905559406431,0.032922694380217374
1.4680481579058728,1.3861309276085971
0.6042071659218637,0.6055634699486343
1.5794524800064835,1.5702520624782235
0.426010600753126,0.42206047641988576
0.13706865869090717,0.18406537942601373
1.10525007185826,1.1143888623750993
0.7098861024344422,0.6982186911747448
0.8248578438754014,0.8192197778708005
0.29925252051085816,0.30717737782952725
0.13288144089177995,0.16056600476393595
0.5113506770552856,0.5081853209572835
1.2898381386388007,1.2393858431695925
0.9691747801836199,0.9735030664149028
0.3893697626648608,0.3791500920056258
0.5731704923522488,0.5369674112661916
1.1448462946810858,1.1389641979945098
0.35173931285872634,0.34817068138830476
0.539203568554969,0.5662004409858643
0.7897710372457046,0.8011270700682895
0.3913221958347879,0.3850226687785366
0.579855514267099,0.5814889893031523
0.2614425897345288,0.25731516588107795
0.8646433124000698,0.877161938295677
0.44402070236265045,0.435659428119702
0.09678324727062976,0.0863430217058656
0.4987665125080661,0.47087658111074787
0.23985727265719198,0.25803150933620334
0.23764095256673937,0.21244135736940603
0.08844791260138149,0.07072766139049112
0.44291128238601524,0.43740291571084855
0.1861585066645972,0.1534156005858151
0.42640978635248883,0.4237821296797043
0.8352892103507826,0.8289868086427757
0.478746347122287,0.4749565249578766
0.851843569137699,0.805975843932779
0.06337379296391811,0.06157324647292222
0.3715542322686793,0.37248416784889954
0.4482530087836631,0.44029958390810653
0.29422458247677474,0.29762485159319435
1.0216507791925151,1.0242398312809473
1.0896214231211523,1.056987036956508
0.6549616942201815,0.6552728309342277
0.5292592219857502,0.5135964333986266
0.7483823600414831,0.7510523897678549
0.1905306171484749,0.1810008601564236
0.25701506138349467,0.24112831964198592
0.2186838447164252,0.20800753024351967
0.2706025925982258,0.2786500881271613
0.7097429438649837,0.7218134614692563
0.6479154760243299,0.6389824238055551
0.5943820667408168,0.5837866053634119
0.08303127841409538,0.12436651278421688
0.8156943726107965,0.8813154589199019
0.13996457542786558,0.13163140682944485
1.2446579828221442,1.271675114417528
0.5518830288445041,0.5633322430568934
0.6744332766289156,0.661573601101833
0.1396931518149802,0.1164519884035261
0.2836360159776193,0.3213206439214356
0.4413422441134341,0.4210510104270558
0.34926037010969746,0.2824388521244424
0.666307623148188,0.6675493526179516
0.4821784515345582,0.4722094478114407
0.21899326144953546,0.19002766149484152
0.8508103263753479,0.832637797450295
0.6767804340063462,0.6714458066207591
0.6284912233552894,0.6297068199552506
1.210129659410137,1.1841863617882848
1.8791478901899679,1.8082165683176006
0.7537555934626701,0.6963207834627749
0.36918644545337226,0.40689175556998386
0.5114912425546909,0.5406473175251344
0.6430345113785936,0.6513910164734271
0.18550751392101955,0.18293960702370585
0.33866820833886485,0.3502160464787908
0.3911222275068803,0.398658904348316
1.2535094061227472,1.3387392134964884
0.6298993505308409,0.6230217812745188
0.586264449193751,0.5926008464136688
0.8011836727625277,0.8280716121161141
0.4175590177297898,0.4151573923931149
0.24892983810916802,0.2569486790371539
1.089766198419663,1.1351798000828126
0.8412629655453937,0.8219157652532809
0.057124683271666754,0.05162344958259371
0.5425412905214395,0.5847003997899846
0.2941691531261183,0.23528190519600684
1.089592920325716,0.9866579533165347
0.9717537811539316,0.9126277125276939
0.3638227289975316,0.3815318634959903
0.6403327094866021,0.6463499764369146
1.1287135200594829,1.1812918092678504
1.053106324661209,1.1717208647653476
0.058386718125454345,0.05459566939219434
1.1858792919111258,1.1876448151980192
0.12854530713896778,0.15512022653780425
0.877543454073818,0.9083582155373477
0.6450411829178158,0.6219752132716562
0.029873051084091055,0.02545135264894478
0.15403210454659827,0.15221780126691598
0.8429915061113428,0.8828013039152449
0.2330249552695072,0.2235596686340015
0.5771126015684153,0.5793344775803829
1.30768602892929,1.4919653144195846
0.6917840710051594,0.6884825435004077
0.7325697808510255,0.728245696183246
0.655485907060257,0.6606971515438452
0.5479613077730309,0.5600796270830373
2.14371871519806,2.22236066295026
0.392638396857853,0.3822769732593774
0.677914708454678,0.6745157720674239
0.6530037490894389,0.653251545029482
0.22476512674839738,0.2599329021892087
0.3508279838787289,0.3335062994882638
0.7852646929092167,0.7893841121854329
0.5639564588940267,0.5615552542384266
0.4137307298417631,0.3933091582011929
0.6488346421611156,0.6917967825609275
1.8234761305707448,1.5232046205685563
1.1976237728474175,1.2378524260607584
1.0981493787634538,0.9403958938971511
0.5952408290929793,0.6125171933088878
0.36750382440633333,0.36906843004112744
0.3617638790691981,0.36691336640602296
0.7709096699285266,0.7731701957308781
0.14971581660316874,0.1361208109406364
0.6282150341628335,0.6139268670796599
0.9169776131588715,0.9572262788300778
0.5069800150621953,0.5025376368881777
0.12590677233880376,0.09985706913004068
0.4257114699971216,0.41038583622308183
0.40253109756110805,0.3798431860840697
0.10819472469817473,0.10923439873368004
0.5090144466164593,0.5408128894235039
1.078136589019944,1.132804722253051
0.10738188787726384,0.11887553836871656
0.8988458478245999,0.920397609693719
1.2505124438786928,1.144182543878999
0.4772001729752867,0.47771002123998185
0.09501409857179273,0.09809372629365845
0.5723564783700842,0.5413198649232327
0.5758135120937485,0.5548979086579646
0.6892011751940645,0.6908145709951988
0.8643082743996265,0.8641992657031181
0.33479490408512325,0.3408121418288776
0.47517171366451183,0.4736380527366332
0.07508642123659864,0.08271561623777035
0.6662959271012456,0.6766514844294229
0.4522404527835822,0.44516675576289644
0.18374716267573046,0.1773956674087845
0.8748995007605984,0.8716506887798946
0.1444896349770022,0.13235019658537384
0.659993048456184,0.6973742195890332
0.2802942574629174,0.2806269561916121
0.8471638526838696,0.8601778290473927
0.07858556069027975,0.08324608744365995
0.5591530117127363,0.5559733508041635
0.33590898648072326,0.3372912619121453
0.5235170829984848,0.509081641422881
0.8285666231431751,0.8302964033011849
1.1916700325861078,1.2041188383938877
0.07616624780673342,0.09247324751122936
0.995511991793306,0.9209586045774979
0.630438380889986,0.6221190349855549
1.3689467903090276,1.3731899451173886
0.5739213356143983,0.5656896143398874
0.3898638592906466,0.401576046334589
0.28548038943070775,0.2957371287765286
0.6580981027646908,0.6288786121743483
0.3225737495236787,0.29697588317573187
0.8059759169437349,0.7742790217864731
0.2729390921657214,0.24830557320482455
0.9257582111804789,0.9253679646653854
0.4910401987533663,0.47686082939831037
0.8031110522314119,0.7756099490194672
0.7243274780604819,0.7670699302160072
1.5833650786640232,1.6312305092209283
1.3265567078171867,1.3238168947602111
0.4477083045352427,0.46651714039364367
0.1602221807239278,0.16291681965297547
0.5734767625025683,0.6087378606909868
1.480619548383639,1.5849696374379465
0.2918574519372445,0.20740939905800504
0.3641828152569737,0.3729272822095685
0.4692126995714166,0.46966572201856505
0.48507202904984814,0.45836456432277173
0.0525832002742981,0.04710626185886986
0.8955334853754178,0.8884419387842493
0.3337751096295901,0.3231851322514879
0.2924792035636047,0.29366116694411937
0.7781876165434306,0.7674573609773556
0.9727406397909216,0.9809203975392055
0.05279187165039202,0.05467362714751456
1.242377659294113,1.23209291458735
0.30051726064652784,0.3046256751074439
0.6237503530533031,0.6307610888960553
0.7599915367559026,0.7484987606258049
0.1062391541440501,0.1115770252344724
0.8066506000809172,0.8203960876921746
0.8829174175358142,0.9099238275438328
0.9184698571757168,0.9500624342908592
1.2166045877375316,1.223768294249569
1.195992520206397,1.2541939020675161
0.6497473404226705,0.6623963404627221
0.8876759583596738,0.8920155012111074
1.1525763073710817,1.1225044055808018
0.34390843748860356,0.36340099509553314
0.2336963336495995,0.2593982234482196
0.5288798593818284,0.49333822238369557
1.2302932009214858,1.3436381070562466
0.13618180530860405,0.15404863037155675
0.4094795838505464,0.4378617321352841
1.3178262531011065,1.388305033943026
0.50103211080844,0.5058040349598288
0.33566927433395,0.3342968915292901
1.5489437742508563,1.5122101191809478
0.4840896443218174,0.4851468277272984
0.946795230065748,0.8896952824795593
0.40796852668799316,0.391742868157735
0.7416784775783613,0.7520860350203173
0.1938097450489122,0.2048179973752215
0.056253716954848376,0.03874512820606991
0.5528984515164205,0.5436191556929698
0.8557795491516151,0.8640090083373546
0.44920563038980715,0.4610701829840268
0.19886038030408026,0.19721165317650538
0.8383694154482765,0.8357454778768034
0.2568434712073451,0.2400854137411243
0.6006350805702313,0.5817046986413851
0.848812653510414,0.8612593008114879
0.5347358151074185,0.5332107399994823
1.1652681661133943,1.137870695106142
0.6189937724849841,0.6184602797123131
0.2630601365714332,0.263331127335314
0.664044021188722,0.7261310706157393
1.2159975645080239,1.182359374688014
0.25368601092761756,0.2695637526041389
0.14119778677833086,0.1415463023837427
0.5163904854777224,0.5107608478467097
0.3754717324799229,0.39065696835888725
0.3383460210311813,0.31151006212619037
0.6333723049093584,0.6363154675998055
0.2703766062385253,0.2692940399003806
0.20888170157568087,0.20380069060106226
1.4776308765200556,1.4831569837639202
0.4646534578354311,0.46437092455512957
0.29364333070829324,0.2764885007584116
0.15892544975419343,0.14976149985385095
1.2610759380657133,1.2336179493967705
0.12943153205995309,0.1155352400379715
0.34057852607189376,0.3515175682568171
1.2060180719869555,1.3165249133565475
0.5963167199839126,0.6227645699003268
1.0113646966028045,1.0010467537790202
1.5772288561108379,1.7759617504183545
0.2512655299538562,0.23487015981118564
0.6188489015109684,0.6131129452110158
0.3830966796993287,0.3571815512851959
0.11494478044135016,0.1226465392769551
0.031520277571942305,0.024568072328383327
0.16213867577306174,0.1500660396439273
0.8920645920135598,0.8059776548739567
1.2568190331207978,1.5302510455724685
0.28811431396230364,0.2862893261849816
0.277911156974586,0.3008741749537447
1.2898163410932926,1.2805230966344192
0.5768425569720785,0.5721901683866234
0.8235835679040739,0.8160026644293151
0.03257917751857045,0.026833776105929536
0.3218091072819013,0.31956420583935474
0.16365590978179767,0.18477251793507424
0.7364724300755395,0.718632614042935
0.8781454141798986,0.8905843396195635
0.522117120564982,0.508899881515437
0.7917755758343027,0.8000175290629387
0.7356650027135085,0.733529103388539
0.32139487765115893,0.3254783897398067
0.06749904996775222,0.07194090667171177
0.17032540822124545,0.19677059321092294
0.545070689290656,0.5645047220184972
0.7018096543502753,0.7065495176158455
0.9276971196067755,0.9386200107252443
0.44629299558572744,0.44496699567407916
0.5953421238400903,0.5859269399184743
1.5904083489420395,1.725093291489962
0.7046014312072133,0.6841784681728221
1.4545114883990273,1.3237602305570877
0.9176088609847913,0.9641043054254186
0.5572220923723716,0.5495538125870155
1.3263398324123692,1.3568969404160218
0.2591698962910338,0.2521194842745192
0.5226399249208834,0.5039217461975393
0.1345883499693608,0.12403318398348279
0.07993222554433638,0.08719742994584648
0.9948576828968354,0.9723129932410334
0.19045061927034973,0.1823127905366422
0.19326089256855755,0.16959679996404836
0.523109275057606,0.5333810952803938
0.8805512863578118,0.8851501836177976
1.088196876491083,1.0659379610936148
0.10033739327588143,0.09495916007174929
0.5167872678543487,0.5245904020164271
0.5180928779999792,0.5126233341652191
0.7295278666406824,0.7194227091128432
0.4758795807002053,0.43999230616938345
1.0727593932455737,1.1481381193395854
0.6930030737795051,0.7101392447215243
0.7021378919207117,0.6977216273777559
0.22200686953053317,0.21541322617871136
1.0785946612948025,1.125987463635451
0.6071319993021593,0.5824480294463062
0.8131242998149105,0.7987337927338236
0.6790608596160019,0.6809720619866172
0.9933231443612363,1.0411343859881588
0.8254359889987447,0.780851542604246
0.45664808978499594,0.4586023129956525
0.9991674867887956,0.9772062442250848
0.19418073818488782,0.17183586318474628
0.8188784634183597,0.8978473120050274
0.2639495004238018,0.29221142035349906
0.4255236443310869,0.36119988135706016
0.03884208257770848,0.055451540177372215
1.427678468581882,1.6975001354440074
0.09782773154259113,0.08797657565920362
0.6356849963566278,0.6366606386970801
1.2134351791536928,1.2255516928717216
0.5171654218473427,0.5264331281217556
0.3388017894186623,0.33237801790347443
0.7344205304511643,0.7424030670208502
0.6132902234944532,0.5847002697909625
0.9510117559012884,0.9886472852377115
0.388802816881529,0.3738785854533882
0.08251664742364642,0.07628414766348453
0.42787286483458586,0.4097813709050997
0.4396953515030588,0.4253625288803756
1.2015518479578644,1.1998875325932594
0.02048791282282074,0.017750242786832116
0.25029633191042344,0.26017839905716267
0.48891647590943593,0.4845539405715823
0.2742589028558484,0.2918435689733081
0.4204985097190381,0.4065837422061681
0.45078140430932834,0.45498796120326035
1.4480564476251725,1.303688423032119
0.7908866182042489,0.8244028679552317
0.5300460053535767,0.5470946389021749
0.20044679813212482,0.2129932948368973
0.3898951372621625,0.37892571566639127
0.830147360652995,0.8174228740802932
0.45087640689600594,0.4406730420904529
0.7096528198756274,0.726682637758919
0.5956071639659618,0.6005548330208356
0.5940580466988022,0.6211148658941408
2.2916729385486247,2.3488993849272886
0.5732223959241567,0.5909629551839743
0.5238120907581688,0.5219968190025482
0.12941921404860937,0.14013148366143788
1.3124074990332142,1.3446171041286346
0.48798507287953463,0.48501654658281074
0.48074914441357924,0.49408128782247857
0.27253679403538866,0.28332732535674104
0.6366572551994305,0.61200283744827
1.7729437967754866,1.669949601777482
0.5446289399182657,0.5473672735193286
0.2265430274309824,0.24538639475990787
0.7685323770512436,0.7366113867056957
0.08878577883065245,0.09897965782049808
0.8652555997494139,0.851949195460485
0.2386355544220849,0.18816017575547225
1.4217293849351516,1.3736070357883146
0.6305834149553934,0.6349885257273631
0.30678443397868954,0.3134270360779545
0.38878150803962364,0.4097412790872623
1.351472776209642,1.354736033290512
0.23099148506693587,0.2139798150694101
0.38339133200038333,0.3793339524260436
0.2632987017967893,0.26003049054798705
0.09161625135626539,0.10220016206416568
0.23911508642602555,0.21318111390661532
0.7531021957685665,0.7517266943902767
0.19140608741592263,0.2149451745223041
0.9692755044253584,0.9609862904512099
0.7454693540520744,0.7439437096840714
0.4572226929575025,0.48016470261694577
0.2633033746854154,0.23242521640343874
1.1771383355490972,1.1951167141153385
0.35638241642032165,0.362589161111209
0.4799410133311104,0.4679891361981676
0.3706441289323918,0.34067630072053035
1.196797321749497,1.119999556065223
0.1414354462563451,0.15155884307518633
1.3493493917852906,1.4078566534181793
0.6287248266746939,0.6241002635476073
0.34383210606008147,0.35944536481154127
0.4144003687033671,0.4445846166260796
0.5971407931353744,0.6035595556897849
0.49249134675530765,0.4708874668998807
0.20640365494893514,0.2524555300021126
0.5098323022098437,0.4949056851455164
0.13627535659406032,0.1355434183543687
0.41478739311878643,0.40191141858556223
2.5592274579809366,2.4385525070631906
0.4038809083784741,0.4131031770206999
0.5074560928564612,0.5066664556078352
0.5552269855862226,0.5552627673235349
0.8428381458569143,0.8326780225351829
0.3577586623398429,0.37056802471846384
0.5025930956041995,0.5080173552333553
0.28058524149482145,0.2572709510327108
0.6354717789082881,0.5952461257235817
0.4257197711479789,0.4450742000338504
0.21770157584145963,0.21582585721898348
0.589256589469863,0.5858704828490985
0.8149377752214003,0.8024600144148707
0.2519626459120895,0.26524768023983647
0.47393248507523844,0.4739530410700509
0.2561242163811896,0.2620061382019605
0.45837042881550394,0.4582497524142333
0.1297491894207851,0.14263717570269135
0.275098569407666,0.33440785885350954
1.583475904547627,1.643396297033957
1.12540840815629,1.112858844587783
0.348358979225707,0.3696076381682701
0.4062587891999027,0.39934137282079574
0.24760380338567242,0.2346150846384911
0.34732687437595466,0.3483134344413743
0.38608256060170637,0.4181919285794098
0.0398627635924676,0.05914867908316616
0.39964615074240817,0.4216027145708254
0.12419994739431083,0.09938382510481
0.5709284564951054,0.5780760684502856
0.10603061458047193,0.10472400910813368
1.3423818660537334,1.3994462084005583
0.4109193746802148,0.4024009152145577
0.786198658759445,0.7905867947813857
0.35615032889491066,0.3553692799332047
0.38257611477613335,0.3912684975865514
1.3923717611094348,1.7028598656089624
0.10464842569011822,0.09807841828991928
0.8372264881471786,0.8294049197222505
0.5799191304730866,0.5762655678170082
1.0174511477112114,1.0221545265354095
0.6553275686386855,0.5980171222351885
1.4685451060023547,1.4988072341743768
0.648468793928382,0.6518441347762753
0.7442599645352032,0.777157270825976
0.44191857665900774,0.43271520774528516
0.19391268051357458,0.20334382261965903
0.7578584743440343,0.7536718278113061
0.7451874672372151,0.7713316623654475
0.5685454057070128,0.5710671609787492
0.3973077516527946,0.4318410159081858
0.19824995344623977,0.1995740019779431
0.776554230739459,0.7683278674018319
0.15724784141584047,0.16066312824824502
0.027391829885744175,0.02894398558302492
2.3492858143996203,2.2773631707274262
0.32181472225361907,0.31334644981341253
0.757810503299957,0.7674902470648252
2.0754574918538946,2.1077084356688838
0.8519316817470257,0.8477828669505376
1.801906292476786,1.9383130773099218
0.4574216421320889,0.4479559816579836
1.2269460844538664,1.2439694473526515
0.07070758291260082,0.06195842520539492
0.4996405452124317,0.4993092628603667
0.4701642577603189,0.47509257713615893
0.4189905838807084,0.4306331931592786
0.6701645667439017,0.696892612823811
0.1030128034029996,0.08879028920173795
0.8308428593474089,0.8308098202672555
0.3981198938514624,0.4132755545890215
0.3296983978998883,0.3261737240511325
0.9285204527907288,0.9848514510642654
0.7208396805162073,0.6637627472550658
0.2872536019023705,0.3011315554273277
0.5556254783396983,0.5676299368050376
0.7810676560023447,0.8264345643733395
1.4534258534732998,1.7018817499649104
0.01611099262952968,0.01016320087032506
0.7805721113476458,0.7608210336711421
0.26581964128121127,0.26650762074855006
0.060379112434748784,0.05755861985283365
0.5334306887379908,0.5407941860804306
0.6794810659564643,0.7034955710686032
0.3428674379644573,0.33812382730495094
0.7974422966387004,0.7660832729339899
0.15380352767226696,0.1521066758667406
0.7965209148667416,0.7987774817098174
0.1549368471581057,0.15899361549479496
0.24276090468454642,0.26157259874850436
0.16452348983620957,0.15837340403495448
0.15164223941650937,0.15258392117287856
0.0874461406926189,0.10490544575791609
0.7085944674588737,0.7070903175806792
0.6543898554946562,0.6708394107974764
0.5872118838028139,0.5695329046893247
0.2438801836627364,0.26260587692848564
1.2799699812675736,1.3196074490838015
0.4309350620327129,0.43708617175080583
0.09002417334097763,0.06421574940567282
0.6853632282709955,0.6805450988875007
0.8737067738199292,0.898355222875113
1.0196280844331678,1.037664788154152
0.4859457979167497,0.467315454712198
0.5146521443880621,0.5369679972609026
0.08542242292029176,0.09304319856813177
0.5476812759915073,0.5321182741481171
0.26332494676050233,0.23531062426761631
0.6667109984549299,0.6701485838727027
0.5268853462155592,0.5076547499902982
0.19784692768855952,0.20165246414137145
1.3355742868300642,1.3454609164050286
0.4984226352012356,0.5014553063731484
0.4098619235987595,0.4397396564519027
0.955697138957025,0.9506884607476529
0.4143344562757443,0.42195213183494595
0.4790505581284021,0.532754443050637
0.5004076090141917,0.49316961166327294
0.7744261970140492,0.7755695072337022
0.5143523075640651,0.5009977962902499
0.342044518942154,0.3700738997709027
0.44600560210930523,0.39666789673881453
0.12589956527160368,0.10622671210332145
0.6259234247760033,0.6124204642708445
0.18063869586942813,0.20360428403138736
0.18478159714289077,0.18428246512464785
0.5789425029077232,0.5601937695453
0.7280162402202558,0.7235041640064117
0.3997276934676051,0.4263906472119855
1.682160432156249,1.6782762757485696
1.1874616298715805,1.1599333116595556
0.11722813029386236,0.14062165653343664
0.4398536872693953,0.4337041809725366
0.677546749907083,0.7094253717741132
1.4227360584525166,1.5006667214966876
0.2775531652033533,0.26668864556855143
0.9914599835433898,1.0107437891813333
0.2285196879500024,0.2576496230578457
0.672423166350807,0.674060157476125
0.6481334662243772,0.6780534219914626
0.48430090658733504,0.47824842941345697
0.44448618199693357,0.4567937320820712
1.8714364697517956,1.7373690816907281
0.8031584650826682,0.8136658230059974
0.21138467269325914,0.21474122700510462
0.2387087324298489,0.2614348276797933
0.39820688390500497,0.4099660071333542
0.9152368526925427,0.9876574146787523
1.032504570922397,1.0000244642135503
0.29170987858032355,0.2915275632599192
0.29754704594790604,0.3656818062300123
1.1224209428083913,1.1746836069879625
1.2283248313280064,1.3198677932895986
0.55419414622697,0.5202433775965983
1.2918796756783335,1.177769584733206
0.3403119155914203,0.3382426986990624
0.37093195361569437,0.3754392518432445
0.762007305994997,0.7673175165650273
1.7925031399004185,1.7459186922772156
0.333509628339851,0.3732479596457075
0.4585483111732284,0.44109301502147996
0.22353487260739863,0.21564894085944936
0.9210290555026798,0.8831179588702005
0.6370830845702895,0.6170389488288565
0.3093901959465745,0.3058159469464481
0.5036401942573948,0.5159202943941301
0.31239871284177545,0.3287093940876885
0.9684107706823555,0.993678925994828
0.23050465441596094,0.2513094539205493
0.43090254477166884,0.43017754942127856
0.9326566892368067,0.8974855575296924
0.6266882394075182,0.5986449533547187
0.3886874334363811,0.3899893000787355
0.47608202067162736,0.4454877795981488
0.3266695279460244,0.3189977348899364
0.5019088982306947,0.5050656921950051
0.24650966295621796,0.26029523878878186
0.4012904945718391,0.4147000213575929
0.8576867921565594,0.8261153753013258
1.42376808801139,1.3478334446654896
0.6308300864606285,0.6306910379382695
0.7115152758572613,0.7584499188317382
0.5811916532211534,0.6117954339462489
1.3890116372381889,1.2425612579303187
0.19650797119701957,0.1870716373948583
0.22601246636499236,0.2246807686589269
0.44240033584112254,0.43734394897423434
0.2727734659579525,0.2863086443528298
2.0730433467516027,2.1172913689289956
0.7325451016054989,0.6989631726953311
0.6615137155408142,0.5795247106661185
1.6161553999873748,1.5912678235635356
1.217866739075116,1.3904883165048472
0.2777531386553503,0.3142353683580486
0.08165732480792155,0.11149318034917115
1.0444428119579325,1.0156909778378025
0.5919856467641179,0.6134964376585148
0.7719286386969758,0.752186009226411
1.8339729595860392,1.7000531677770063
0.4283186064467269,0.4642143628370788
0.43791890136028766,0.516166597465168
0.6342639209559524,0.6464599521934367
0.31678997383999385,0.34639693762569207
0.45329474120848223,0.4559133463849433
0.5974039914271863,0.5905275911290926
0.5615145246036127,0.5477380971596137
0.6878049011870501,0.6833686324922901
0.5381122308147082,0.5412557809402184
1.246116068942011,1.2624080442408
0.558256514554665,0.5508435857182354
0.8443660021368583,0.8282076566131649
0.5937133262368635,0.6053030149442498
1.5407308806901427,1.533594669707518
0.5414725562701151,0.5718328054930939
0.41228133916039955,0.4114207586301338
0.36516573719754164,0.35564155210136317
0.8017348898071698,0.7926586919471493
0.2541971754538959,0.2591470160801955
0.50587696292338,0.5280726452722214
0.7589624379738689,0.7548423523069405
1.0178318735872354,1.0088535292360659
0.24888680504779553,0.23692482750511387
0.3865774172493726,0.35873451317508603
0.5574942731411701,0.5415075506229513
1.9045910580688534,1.956824867341465
0.5158895538408791,0.5093456765770378
0.32284694905187455,0.34388559928925755
0.913110473243213,0.94389176008978
0.4965723102297701,0.47947188865810303
1.8291096440791281,1.6833068427776559
0.15846971514541977,0.15871302635940424
0.17575412143585423,0.1706432693573561
1.0175219109942253,1.0224305870371604
0.3587107162288879,0.31008492149839273
0.31814187418054407,0.29778454999821546
0.08445602438306675,0.06823360467219229
0.8613579001609588,0.8899632798501084
0.6187172152324462,0.6210555897243507
0.6394778991741517,0.6447554228648887
0.24783087553687105,0.21634262478501923
0.20726703807400546,0.2700975360074434
0.6698273381213105,0.6726916875860807
0.5596790009452993,0.5628412448450296
0.5577485133581324,0.545732129066584
0.20661278574653777,0.21117377752856453
0.6533548021295733,0.6642515923797914
0.318717482256808,0.33981814972763524
0.42094942787948825,0.410013808042336
0.5691147663903645,0.56808504562786
2.0053893670999026,1.9823146684971968
0.7177116299470092,0.7061282196023643
1.0070029529812312,0.9426536467696761
1.4434938392988412,1.3493009690148912
0.58587652066656,0.5931001103268665
0.23217314632810432,0.2422579510144886
1.3371655985717568,1.3404957128619956
0.2144576971223101,0.19890374566770494
1.084906796139559,1.1404767558482605
0.1996513389401645,0.19718260005325838
0.8274311136315209,0.7974433557495242
0.6920181133703895,0.6828631519499774
0.29137684326609875,0.2925630659847376
0.2748337958227794,0.25644014133784315
0.7943359893252441,0.8076587665222993
0.1391651270781397,0.10926537107563424
0.6515469377101415,0.6373144872780558
0.5936076535519298,0.5744919822911133
1.0304657537783566,0.9162739382643289
0.4318742956082259,0.44098746604135675
0.10296891435335759,0.0864897312851185
0.4927293131234447,0.5011739203631252
0.5441265215206129,0.5419706045766044
0.41476544864945125,0.41446502262355045
0.2087696839943838,0.1706306825473126
0.19817997247103206,0.18385639672589718
1.9189955300856023,2.182964565385037
0.40559864468121376,0.40957887549764205
0.5170274234384712,0.5021566008465637
0.7589808703049319,0.7958351210961326
0.1780604603347243,0.16919483394069615
0.9077923191202504,0.9157527579771625
0.5403993200727659,0.523839316048701
0.1454171573497792,0.13427176321465784
0.33521661596568064,0.26015683188565947
0.2710067162415246,0.24192705063483783
0.611752827680978,0.6135722877672958
0.12956063265005635,0.14198931842533224
0.6228111374963755,0.6284844324170026
0.9109583616903295,0.9198011372503152
1.1935907077194616,1.1317472803834943
0.23401491223199167,0.2031131164397882
0.5101193088897157,0.5230785036462425
0.5247487477850629,0.5495123996166447
0.6626578828752915,0.7010121703181488
1.0929936377634333,1.1130948415823025
0.6632789241101077,0.6350713639108222
0.4041296842463116,0.40084901474115814
0.8494952680380026,0.8552212882099467
0.16244511497153538,0.14731732381586884
0.05166230343548025,0.03178750973640122
0.37710811902103886,0.3875538187244259
1.307673346490992,1.3792208031073723
0.48107882104477784,0.46511221636024613
0.1959002732041467,0.19073231336312493
0.8019193291949568,0.7145459423378029
0.5027813906583178,0.4948369916361553
0.5783038860509684,0.5814765817133445
0.7416831386529246,0.7796983733500575
0.24024647666018956,0.235854586434775
0.12988961254944414,0.123182348447363
0.5439249652027252,0.5284951091160948
1.1213653489829212,1.1208338277437722
0.21186561126235015,0.18677038128179854
0.6833167384973412,0.6840656081489276
0.3278564054929913,0.307582673192674
0.3981418996292041,0.39459972729060777
0.1616733537340984,0.1936315639874746
0.17378766388566336,0.19281716837281038
1.3011503618273756,1.2375325327221953
0.41602846122350173,0.416172504465471
0.5789022542353163,0.5919173045975333
0.6257335420963845,0.6433122799245204
0.8383311414610957,0.8715115347892938
0.4055976997855973,0.4295292166921041
1.4343052905759544,1.4629960737097458
0.5436822896038941,0.5531109433817746
0.844206599792432,0.8483099530553683
0.20985791556946964,0.23887176243475106
0.25800849241954754,0.24820277434488186
0.96512615812814,1.0027177127342244
0.8160864317793689,0.8394741761154636
0.6170336319939023,0.5959337506737322
0.38974714977955255,0.3793767525080583
0.36278172077392756,0.3627061402562369
0.16108288586533676,0.164760411187653
0.37846460786781283,0.3788197208634574
0.1677965390556075,0.13660387362856993
0.710635198421058,0.7202957891335735
0.3588303682234689,0.3568081245934031
0.9743580270807118,0.9927333363864007
0.7992561340575806,0.8141132035092183
0.4019530611642277,0.35700114254632404
0.14425181536001772,0.15741777520381092
0.4585406912711396,0.4536651756029063
0.3474196642487734,0.38994747967280957
0.06474767549667691,0.0979376979066507
1.4735786460995022,1.4746948691974056
0.3179375156470611,0.30354790434025586
1.011024267019979,0.9683054380369732
1.5402500107726198,1.5147547193988544
1.0767995376473831,1.0740431607076624
0.0875755628606884,0.07383830099238155
1.045046642895461,1.049365691474938
0.8851406077055971,0.8062982856768737
0.3761331470932624,0.3598293829739981
1.5523852748067821,1.4878223205484227
0.3716374138348103,0.31278846929629595
1.1751522558136178,1.1389552624944435
0.21996811690675697,0.16340011545392286
1.4576851286110661,1.553290757681274
0.4230481372267187,0.4470608812119733
0.03033632156554046,0.015668320679784294
0.5578880921169401,0.552467697935054
0.49812582396208976,0.5022982068998827
0.1277094429600842,0.13612740349175204
1.6968056607507618,1.493648397188482
0.33025179493514006,0.3465473960016494
0.6291738696490404,0.6251818249397924
0.888070727799194,0.9150966130507312
0.14690838036838968,0.1540407468738101
1.0998319868070074,1.1160788426754362
1.079017953094689,1.04403411496569
0.2752872674753592,0.26243715975146237
0.3474769538564371,0.34254996656086945
0.7684596037391397,0.7684895348921181
0.35271281699201323,0.36625442014172915
0.22615848704319894,0.26248854186925086
0.1130576299629927,0.11505260020500237
0.6020299268842918,0.5993279656174146
0.7786437435990177,0.7577848822320614
0.902546461401663,0.9145737451177235
0.6111725702896088,0.6184694220579964
0.6958999914173397,0.6904580476772824
0.1917870403222168,0.19695852528433277
0.5300655390367872,0.5320023122428886
0.24570411791839342,0.261796588026545
1.4654767318729773,1.4686288057609989
0.8455185268651555,0.8514689496873553
0.6786719964749597,0.6908979773022544
0.4217104770758381,0.4085990824165352
0.9606622243067149,0.9877315907865404
0.8050420454045963,0.7805289153952696
0.37758412606672076,0.37166561913451557
0.2131066258801746,0.1722254136266939
0.3075319329165539,0.29526895756385757
0.4177942418619114,0.4221622177237857
0.3595688032849811,0.35564505442067246
0.9194407151363504,0.9362681076169671
1.0452668944000658,1.0519538506945336
2.1083007672457974,1.9279319942575026
0.41358887778028064,0.4149817942188544
0.26685971162062583,0.2597381412888735
0.4244452537976355,0.4547037109913159
0.14595507706432742,0.16725551106497585
0.2429642360254391,0.22722867101923847
1.2710511849685309,1.2063467382697661
0.5752833537450887,0.5741356687454462
0.4977223150152061,0.4892239458003016
0.2873643647560146,0.26261625001085837
0.1742913560745821,0.17709330808557033
0.955500633326308,0.9470382200047011
0.43099853647351855,0.44975159994891467
1.4772598281497948,1.5667768427596471
0.5341737275721795,0.5078686210968116
1.8358335709738878,1.9229909186799778
1.3725753021739153,1.3984190197758815
0.1248277977701816,0.12721694519985843
0.5526574763567657,0.5046285375563557
0.4411312849898489,0.44162733480331906
0.4917700130050748,0.49154951533647145
0.45980567728251487,0.4500034279557757
0.37692987418218554,0.3554307266388611
0.21259285596052904,0.21573793254474863
0.4236583426707931,0.42798286620888565
0.7013064630484079,0.697458734822639
0.5681297982498759,0.5585017813005613
0.1329503207174557,0.10946603390769759
0.32153855221219696,0.34387620536304975
0.664383254377985,0.6613985572875742
0.6206967682126538,0.611312277017005
0.06668092389108102,0.07648039328637689
0.5785329792064257,0.6222280103706409
0.3812124221252232,0.38254947588489935
0.6417795798704699,0.6345464544811892
0.12485124447591346,0.12083512990799525
0.2917455957591484,0.2720526085551173
0.9035942025941646,0.9029506010706848
1.457921685330535,1.5022244143728485
0.6412533777675785,0.6405245224394512
0.3318521647626513,0.3159332615163016
0.23604856665063523,0.2344654132734199
0.8565512048469364,0.854274437276992
0.7928894517135857,0.7820196708203142
1.4548652231721206,1.4069548350545809
0.23041128818764647,0.2025960902221794
0.6474806531220968,0.6316538758567813
0.47863638111657203,0.46505521671247346
0.7645881002286387,0.7601732305352071
0.5265494826055217,0.4904877629502884
1.4002704416940461,1.4013649672229667
0.7735039181458602,0.7576783410239523
0.8717077335021761,0.8789711176489938
1.207643257085455,1.171303781736582
0.6091547468067853,0.6006596746130874
0.48478992596057335,0.46334781962402355
0.7368004851206199,0.7305760694075562
0.7767514574661687,0.8072125385824612
0.9614321709654239,0.9717723048385504
0.698092781708556,0.6773592558162168
0.7260388694941031,0.6937202054831162
0.4618337043757492,0.49940235314246706
1.5111179598331521,1.448345955473667
0.700616151182565,0.6883769784348258
0.6030011774696373,0.6080857268342907
1.5922787069471593,1.4904509442272105
1.117714619673264,1.0996281496924112
0.15421406729945658,0.13825881192797299
0.535200446040857,0.5264521019724621
0.6859519332040996,0.6759580077106276
0.2843869527530785,0.24769419387859487
0.10248742243933948,0.0933630853398519
0.256283827654842,0.28569806764850414
1.3757112336527169,1.3060597759447035
0.47373969312233033,0.4329492813794321
0.46647501499094984,0.47724605666925696
1.512246857296969,1.7574312314424934
0.8535857166880862,0.8658428503484955
0.5571799921760562,0.5312024686215298
0.686245386482347,0.6704035904538742
0.35887988771365015,0.3488732057711085
0.05467631666509901,0.0627292578766163
0.615943419761465,0.5862582902552195
0.27457505337603194,0.28224138653990993
0.5691498170015076,0.5750435123188707
1.8207053786880985,1.9620321649562034
0.41727592058718055,0.38383246080849265
0.3854016109379513,0.39942051750553037
0.8595138276332124,0.858088651736688
0.6287949703362329,0.632133239828567
0.737370583973976,0.7691597672390841
0.8258370419713188,0.8375481142020705
0.8326402173314524,0.8381810414784557
0.5782505367938866,0.5789402338526054
0.640295655440204,0.6556929360196563
0.3376764439789058,0.38810509341155247
0.3800498456439031,0.38424437340371104
0.3327576515296718,0.32117445355273966
1.1875399136002383,1.2023665684826086
0.4191172602095316,0.38811192345696377
1.0870545990000695,1.0969655454455274
0.046768322528234145,0.04155259138961721
0.09016780304938911,0.07167982436303157
0.5434296939328145,0.5890281756902696
0.463985563487978,0.48001415269390924
1.7713375400703097,1.856733099249313
0.48469952848532555,0.49478167821335256
0.4458032643802874,0.4158040726273755
0.34566613865113655,0.34657347716360026
0.3230700055808044,0.32086996565483555
0.600931416017705,0.5940888415020542
0.26318240443294916,0.2643908322173384
1.1735797213863484,1.1907538787520864
0.018764470554626662,0.023578083544986087
0.4574652862707714,0.4504548671726274
0.40540786597148437,0.4480970763920269
0.6907551357622218,0.6730571317170961
0.5427647846061602,0.5727047642011288
0.3238022006756502,0.34766316637652
0.2753586846047236,0.30702991869572144
0.42816601297848983,0.4053383732008536
1.636864683309459,1.5756398170033372
0.3302275625396456,0.310856733259055
0.21124794968173521,0.18912494644767058
0.667293545948349,0.6579579111751036
0.42194746489997476,0.41094088920770794
0.14798892184603407,0.12869256347762253
0.6521725202115122,0.6652237012847666
0.44491557412139,0.4677271522767877
0.8965196848099438,0.9170584163436176
1.130957914066069,1.1975251015721633
1.873499251482098,1.9332118640884965
0.8478730377742187,0.8540133973558514
0.7170326208659332,0.6916470194009191
0.4984755253573444,0.5288298738763445
0.19847200366426218,0.17666283517734044
0.3636825315298349,0.3821338051664887
0.5472863186968397,0.5556004510160851
0.7840800984785756,0.7651966341649635
0.5067913423445357,0.48723063522728943
0.3953649882224668,0.3888194874889499
0.5260149800000591,0.5436782734283446
0.4633784720503994,0.46020409020306047
0.7953501979716987,0.794333115948792
0.4025294106858097,0.43338596964217085
0.44212256707657144,0.4297819856581324
0.0802801853831542,0.10169757196845855
0.35936600892439063,0.34901304691725504
0.8594177154364395,0.8408471428841879
0.3319736842836783,0.29717139700515416
1.2634939926827753,1.2899597884432896
0.31211448649642587,0.2868382230597116
0.05989868608857006,0.05308804633334816
1.2398757389468935,1.2045605984176933
0.38830416697439996,0.37759003030087035
0.21964858911651938,0.2078735953647134
0.4501085221427533,0.4315613134412012
0.8220078737555672,0.7767985733128959
0.45827334244278645,0.46777660474451477
0.3041711201434816,0.2829193042602017
0.32340136261198027,0.3297572943556887
0.19169110910891396,0.18945300074046478
0.5053152089152103,0.5100712043741015
0.611459628890181,0.6022641653081852
0.1712282431578336,0.15552283633867106
0.6790636144336342,0.6813742056232638
0.6331374905874477,0.627008373648738
0.9090292715281812,0.9550298243401312
0.5517605282334551,0.5594046202222627
0.49227238002736085,0.49025177930363983
0.5747742132754001,0.5745539205461422
0.8250650576742274,0.8386766875273719
0.3583094396752612,0.35088795366452896
0.14310937490427844,0.13427127259277266
0.7653525950230752,0.7687272114644336
0.5753968543866982,0.5692983091417847
0.4050269535158881,0.41276993210648166
0.15012759606699425,0.12292199266351604
0.6882534824324346,0.6840507722779461
0.12026610369946088,0.10968301728737892
0.11261071120157776,0.11492730737819111
1.1547914126882024,1.1513335733302235
0.28345803611405895,0.2769753054151888
0.49298487657221457,0.48204879292154
0.0488691854340411,0.05027101061768181
0.3726301108220574,0.3494694180878212
0.26122351145225564,0.24807552570145594
0.132165566525188,0.13661533765673303
0.4126345136297806,0.41776187980486645
0.5447461443280678,0.5504744646633593
0.44618617932504684,0.461441312932853
0.4063040434997096,0.40430087346597443
0.2675632830878062,0.2538579253724648
0.19525153147162067,0.18826882895528121
1.003915837163945,0.9843163358286857
0.5111847993315429,0.5396557839308407
0.2645508785877703,0.2618202506449835
0.17449693766846378,0.14752338685346209
0.5451453256126808,0.5693828185848805
0.34497696871880695,0.34193747710827854
1.385796668066116,1.388172556120567
0.213745859739623,0.22140492349949525
0.4043078929670167,0.41111838345143314
0.5011974636910076,0.5086804150683637
0.7493055010691374,0.7446564292372558
0.7527688550505218,0.7893301810430973
0.5285476931851958,0.5450121831181532
0.9625464787869176,1.0089844656262366
2.0328183433253924,2.16444364445146
0.30764768524771097,0.2757769663143317
4.071570201677111,4.06477841927705
0.7172603306013042,0.7303479515444876
0.4620421308620193,0.4338923046201383
0.3846436941552447,0.32382456987769315
0.3371859419812411,0.3366578573498305
0.7569344142209715,0.7547054087966054
0.6573770466902208,0.6445251161126687
0.22002372670602008,0.2485242435322711
0.16621733975981656,0.1885773092162388
1.1282049577541586,1.142022292473405
0.4080177381023681,0.40438448650750136
0.5967882199695932,0.6455382807303897
0.4285864528130582,0.44957406290770674
0.8576394904294722,0.8717460338577144
1.408174668082888,1.3878143785972712
0.9137733795132806,0.9004300312861395
0.5302562060042738,0.510503964252448
0.25440368336615404,0.2843729974387724
0.3568196012849544,0.3417923734327665
1.3262757172925035,1.347498540036569
0.8348395822764293,0.8434084932479031
0.4782387709201988,0.4453531182247917
0.3648517620086131,0.3693862167891473
0.4324604912506008,0.426169676052784
0.33223686449114526,0.31959743479575714
0.09147304076997556,0.09016189204668362
0.2347097970642059,0.23544584527701612
0.4656826915229048,0.4442345217131275
0.5249245345424429,0.5091968324000855
0.875138609206485,0.8789329266009892
0.20665707572206748,0.14798572186727793
0.20987565840925085,0.22080773151932118
0.4935234185824314,0.478169808720125
0.5643553901380596,0.5675189051177798
0.8750696661649922,0.908936877470703
0.7202860849379102,0.6834691183595265
0.5895484420256187,0.5760521962174541
0.6833025204733363,0.6828180816968911
0.451034482009369,0.45157208436868485
0.14895362882278934,0.14253789999756683
0.6516012599418686,0.6546140045449795
0.10540510647923752,0.10209423385089149
1.3412511031757093,1.2880205345250832
0.8405583353436401,0.825000540590786
0.6529917909541759,0.6647598405752867
0.4122841156551233,0.42025106233820625
0.3219318476332667,0.3692680612679753
0.5730075958033083,0.5717044254021122
0.3127439295208253,0.3189125975965746
0.5060858679413486,0.45387992428144414
0.4632231721280979,0.46882631312084505
0.2145349884564323,0.19753375809344248
2.1951277760049495,2.3267499169428962
1.885937539368262,1.8141108249269582
0.4374426235540799,0.4282183553078267
0.05129304305915731,0.07244392709105643
0.061139858801354675,0.060313272734937584
0.32553015413085534,0.34392039114539696
0.8497438168943285,0.8623260030967909
0.5583072813509289,0.5639677615440216
0.4873078607056519,0.49229632091881576
0.46831017876118247,0.4870924140068104
0.5260447577256664,0.5407396750375943
1.3882173121607444,1.373302547418378
0.7451705525574717,0.739424528331622
0.41856119680134224,0.42595103352373975
0.5013953346549929,0.5063798118144819
1.8641265897670891,2.06109819546577
0.5627774259682291,0.5629089133653389
0.7284998663485446,0.7260500203005702
0.3727535806656922,0.4080637384935797
0.4179610856807287,0.41458472040547545
0.5763220402625346,0.5775067584219753
0.8792558122686434,0.9103582081362158
0.8000462673517585,0.7718330763431056
0.7304628634098429,0.7119543331702839
0.15719400052825955,0.15043281667134356
0.5635882556956803,0.5239188942327203
1.1745590193444813,1.1509807889209651
0.4582033265007685,0.4716798271681023
0.06645508980212526,0.09084361499966857
0.6015353860610729,0.5771583713198776
0.5971404506529299,0.6179951122488201
0.4856379651737593,0.503244102989879
0.38648423842604673,0.3944671569147239
0.2010134895442349,0.19965796932855714
0.7396944691803514,0.7121296423576757
0.3481327138397464,0.34934192841333384
0.7011821280409088,0.743389682026166
0.8109786372163235,0.7961792096481473
0.40205883011625326,0.4197183917861937
0.28730685242997056,0.29353054562579467
0.09325080303505527,0.09245718684618198
0.29108715958220455,0.27968137273011917
1.0397225199193088,1.0974760187964132
1.3697246396720415,1.3565090021734325
1.1180354271798467,1.0969661047466976
0.6882329639143513,0.6330366469290724
0.7478272704662914,0.7847003648507445
0.5956207339931303,0.5577316291412867
0.47471397976652935,0.4752527389870911
0.27084452198789977,0.30432659382158583
0.5652798049827862,0.5588736948081768
0.304058427305835,0.29066504369173324
1.4876913900992659,1.278738699859786
0.48230708212023277,0.48123041000861
0.43470147055489927,0.4431001538552022
0.1666989812911617,0.15943189528882581
0.5005668233212238,0.4953553968376821
0.41634928041106484,0.3945887815564304
0.5627012224523601,0.5535273521730611
0.20809474867487948,0.30699023561442723
0.2123607879006767,0.2043834094824282
0.7492302661747606,0.7474872559616663
0.4225187073102779,0.4236135690627078
1.261708043017228,1.2860919969808835
1.010528607559855,0.9863286064082039
0.6418744537509469,0.6335645015559012
0.9195250533426428,0.9145707579953032
0.5314700265491403,0.5300388497188339
0.47291196078189923,0.46946561264724707
0.15274747845153033,0.15373465214072887
0.7613819813833466,0.7664072761073523
0.24581540332092935,0.2845630018127284
0.9129879444301418,0.8478223406771773
0.14965941736680488,0.1302416665288584
1.4608583324160913,1.4782457198943035
2.126412442218344,2.3852173938323697
0.6863386076579667,0.720631604480039
0.45145912518260817,0.4580134838472996
0.6190730230140852,0.6003999777359932
0.9309695668933232,0.9177544701942888
0.32523245984263693,0.3114433963985424
0.0721248207416078,0.06355853201872093
0.22684575242447003,0.18594532493062182
1.6576826630958652,1.4768128241343053
0.5634338734242488,0.5560391044285086
0.4577753748837862,0.45956556215476135
0.9664490854703867,0.983843839156927
0.07436408057592316,0.05480099333665832
1.5805684759697258,1.4631132524569235
0.398511940687077,0.39166808538344905
0.5056037192811403,0.45056229105360185
1.492478127804089,1.511307128991015
1.1869709939190518,1.229704949625903
0.4309737078252638,0.4391079166633751
0.8183776807835381,0.8230373011792529
0.9382762965321341,0.9301879195479185
1.1764304064963342,1.145558213799605
0.6125253890345873,0.5805699966753264
0.5047908312641947,0.52364520805777
0.40551265223751587,0.41179918550864664
0.41516117298482774,0.43367023774699237
0.1989307854533522,0.2205331146348057
0.5122637053937383,0.5174801719201553
0.29222358088009154,0.30073376796957796
0.4040963786400673,0.3975848348482478
1.0269100545450085,0.996040215745189
0.5031670733709636,0.48463389989275274
0.5691388935168907,0.5886976043434127
0.2733420977479979,0.26050999696864713
0.5027697878929785,0.514775067080735
0.6551229340675725,0.6586244098760066
0.14864629585381742,0.1666669567343561
0.09677113464718742,0.10708113205051352
0.05603876386655908,0.05529823953150599
0.18981039446751508,0.22422364911220483
0.9511134834402863,0.9165842565542467
1.0095544315605882,1.017139580393399
0.6632743865564092,0.6715382276151419
0.4285292177032351,0.42073514964637454
0.6715054032523321,0.6451726260078139
0.30310457848830824,0.302694665394483
0.47204427363707335,0.47390857752244286
0.30775222603768054,0.28730084970114694
0.1606333848025811,0.1370860595864983
0.5036870456074121,0.5317614502627808
0.4069379763139763,0.41964397188255853
1.0657872400299355,1.0853700710234244
0.541973954349772,0.5581419467337577
0.14203161936597875,0.17358175538136386
1.2615735364101188,1.2301521010080456
0.4658964279799378,0.4661469084963361
0.7082348048901835,0.7162443721315738
0.6780134708816218,0.6828678993946229
0.9302170405965016,0.9408621025914616
0.35942892307081875,0.3620350236935327
0.441892108871037,0.4363264322099412
0.6499564666684752,0.6529072876579038
0.5113278786358213,0.4998741225749318
0.6404458834646152,0.6408778492644572
0.8654698600652126,0.8575141865955525
0.8962089205573345,0.8779404871811364
0.5267324643424572,0.5215169777382245
1.067547497756343,1.086371122269298
0.7101916715805809,0.7092938729257916
0.45102051801084564,0.3778043117524094
0.3628991715893626,0.35986866883565877
0.5216640232700634,0.5149381633413393
2.138233566085266,1.8409232796363757
0.9470557315019719,0.9496669678485989
0.6184689011649225,0.6478874911087353
0.35426040575583184,0.3426587271177032
1.0441271994364287,1.0414591540776357
0.1709287932822046,0.12500711689025873
0.361339622141812,0.37312258866733955
1.5238329609224721,1.5143396628220251
0.43234708355745705,0.45070954522528167
0.6631329015773689,0.6988506456400897
0.3700290882551853,0.3410944652081396
0.11242859141803095,0.17318462808897334
0.32393922870756553,0.32347186435790876
0.3463144814222638,0.35475207134417536
0.8746067545925241,0.8684463766523028
0.686814515358963,0.6509685065882753
0.4180345839989263,0.4284680669274151
0.3189330243897242,0.314643739004731
0.6454957338926779,0.6436643455910257
2.962594176987115,3.0715341250513277
1.7004517335975384,1.6906758790211205
0.6569548237439389,0.6609905665422452
1.0287002141321582,1.0445856253298798
0.4658775507963003,0.4688222452375498
0.3572081480586588,0.38692701521695383
1.1109488120519522,1.1156795211416082
0.795230339461787,0.7654512003230116
0.31417169223833746,0.29467465511073176
0.16378244367399158,0.1467624789150261
0.11848605472337359,0.1480596250777536
0.31513392999275275,0.3115848263660296
0.2743236693368505,0.266800272589777
0.7567013948437409,0.7541101590147963
0.2663540484914757,0.27895096038491674
1.5170663455612614,1.505127920588972
0.45761764292191787,0.5143473492593733
1.3725582668515115,1.4179723376119966
0.5512541483721674,0.5504149928172141
0.8549211775494506,0.8732506320160193
1.7105859420685305,1.7305076958394203
0.41397080359416866,0.42434126384950377
0.39652576671178136,0.4056399171268354
1.248451447180768,1.3813839939057748
0.6011388155460365,0.5971396878771799
0.16501199810065503,0.16855237476452922
0.29637087397945905,0.28530162539686843
0.7195038031600888,0.7040347668919289
0.15554392191230446,0.14448093132149942
0.6503821319223461,0.6403295950975391
0.37779720559229274,0.3857431202990092
0.7777560528550466,0.7685495888861085
0.4630152520695656,0.45193845339080824
0.2582503972483351,0.24710141466658903
0.8905853125716942,0.9034531401843591
0.8876362479390137,0.9068299971953191
0.09552209324335104,0.0651723878660726
1.4046613715828185,1.431788341154677
0.4420907459459196,0.4415739852886592
2.041490851175291,2.0596712147942084
0.09857141861311423,0.09388370615158886
0.6044487048848872,0.6061613398047246
0.5890783810180074,0.5779053289631321
0.5562755790812468,0.5764385985576965
0.31456096183675347,0.29616082290211776
0.6020526341466356,0.6218356925034871
1.2233863372209401,1.250725190195234
1.0209373374142647,1.0738660959416102
0.2910243241474487,0.27548740239228775
1.2873256971005682,1.3675705588414029
0.07471562128259138,0.0660569757147289
0.7308416571966706,0.7233939494349899
0.362738962394478,0.3103614117838575
0.08021128969300138,0.09045047913983434
0.26807208103200675,0.23845810501804654
0.3223323532374662,0.3511260946651952
0.5755057607550254,0.5820423302458538
0.16268392402688403,0.12585364759339776
0.6117253798564611,0.5972621451267512
0.3389742444465826,0.3148713098463596
0.37667169778938353,0.3623420768815531
0.4955483885673725,0.5001416309027116
0.2538850544224309,0.21880539808342092
1.193310600739242,1.1873223473540755
0.9980741117231904,1.075857301264626
0.4512349123708458,0.44048903965869257
0.02469142943924811,0.019886620379454205
0.20132752840234983,0.1835124431087379
0.3283632088090957,0.3265275560496203
0.8411326683439446,0.8380920451428734
0.7837774779187014,0.8122131040388811
0.32972932605199934,0.37010440187376314
0.2900866520833725,0.28094804256223
0.17419355419628033,0.18045158225256444
0.7131112466472758,0.7092515047154742
0.1933066787195199,0.2062802264569854
0.6142081899169491,0.613324372256515
0.6435839208250075,0.5841246895125497
0.892962842828075,0.8848173098889113
0.4497339586609117,0.43616828569712607
0.6397829483624062,0.650733672732207
0.058313141969432575,0.04467057829526242
1.3726556291181529,1.4336765944961951
1.2206664918431263,1.2599274564649037
0.14836255228165315,0.17277581996201907
0.45962274655670815,0.4510354666470595
0.1320675861058418,0.15972041262060585
2.895705091356766,3.090985316005613
0.9237056267822866,0.9710000170691107
0.28212169257204184,0.2951378628004701
1.1418855745842442,1.0691768303016196
0.6637126564053479,0.6705911305865924
1.1113936052052005,1.0574665612107512
0.3609049801501524,0.3419933933147799
0.4786239180313966,0.4409188675724438
0.3165973306165361,0.3136598374016328
0.7826905706569663,0.78774094527571
0.33564795726308794,0.3733900724169174
0.28402509445956475,0.26587834105539465
1.026831655799465,1.052703806458231
0.4529076813219829,0.44912565943535915
1.4983397442531217,1.4555618114592033
0.35991828651809016,0.37307067043967324
0.5873826571748957,0.5830671091002947
0.64788507101509,0.6596654398666585
0.46941334730363654,0.47550883829242024
0.634571471669702,0.6124444108888765
0.29902342940176985,0.29245100097279647
0.2656464539022734,0.2277708011075945
0.5360953128209437,0.5280674290808108
0.20248818480737782,0.16559213074794268
1.2409055003437233,1.2274976324505522
0.27001881665804256,0.24364985702364694
0.43580655987734823,0.4605379812991548
2.0061924495159738,1.9763394635509313
0.23670558564745897,0.22149232779222852
0.17857981338295423,0.14689779131452432
0.10493633192173868,0.12207501624564007
0.12272237596119412,0.1275816845101438
0.13909319267664105,0.12951625997486677
0.48895640964453424,0.4927699561770385
1.0662395364071613,1.0161095291589484
0.06704929161511593,0.058201369188708885
0.380753569600559,0.36982472984799775
0.8644977443109738,0.8530572657001685
0.41382022735582047,0.4353683275000815
0.7402736830039319,0.7434220783367854
1.041321528096163,1.0442472604648751
0.01547245779891637,0.010592999472631854
0.6608302704821388,0.6687071529465135
0.6615092063116206,0.7057339935809117
0.44089711305397083,0.4721361331367009
0.8032114858707086,0.8286979896805876
0.35320464967253923,0.36057596194943725
0.647310539186142,0.6388177607704538
0.9846784531704313,0.9447571212001998
0.07374051290894382,0.07823912207163188
0.8511961521867448,0.8544294385200518
0.6534000903898137,0.6389839632266131
0.5766255551571875,0.5665114022543074
0.7109857038344279,0.711062072778586
0.08572576783632938,0.08471085305590627
0.9329168453175325,0.9277837122107047
2.3429027689839157,2.3747448116992445
0.3171433970748608,0.36020154311134034
0.238204646157672,0.2554025032880738
0.300917062439647,0.29993420199715204
0.5125781657879921,0.5218499731012907
0.3962248721529797,0.38457036180796206
0.07316277125957904,0.06903484879868069
0.7620092634426137,0.7605492665759546
0.2694203078291206,0.26349449175725886
0.6531588563581436,0.6443319647788301
0.13813112399643185,0.12695041930259868
0.7530878930296251,0.7464810223179443
0.2676432986406427,0.2621615563590334
0.4655609280397681,0.49156375068246244
0.5986995584781891,0.6046163435918912
0.5948467002049663,0.5983930986085901
0.3498845617326803,0.35914572088727076
0.4100175831438022,0.3483650401986078
0.9263954971006806,0.9339020801046728
0.2597073184765189,0.26225588812197054
1.0500603890296032,1.0812986602684083
0.2258069635325554,0.23012262277088888
0.4671477286735154,0.4616510373025441
0.17477078878453944,0.17407468193534467
0.3081196999460691,0.34284754222528235
0.2514878466698829,0.24262343690400917
0.8117758144352424,0.8376647019674325
0.28439821791237224,0.29582798022582657
0.1416747734806996,0.12379999226753835
0.3556710035695793,0.347344547610387
0.8287883257422998,0.8350181048576318
0.499945175273174,0.4943133791141315
1.9440148759697098,1.9700105215823502
0.19760199173228277,0.2037913932745235
0.504543970124044,0.5187058408597389
1.4725900875739037,1.5042903961078236
0.9510158897461397,0.986653064349204
1.1410675407753983,1.1636775861592306
0.4927307435525598,0.5039464543794775
0.7810170726577909,0.7898160730218132
0.6666418924828702,0.6327751337680262
0.1302792415011264,0.12069967906178422
0.6500292583317503,0.6920694575867381
0.14762821665538828,0.14931768203878487
1.0207551819213725,1.0238041165540162
0.44289309300279606,0.43396896589173495
1.239587448825898,1.3030834097285495
0.5009967480462968,0.49534656338005584
0.8475144153300692,0.8566059123677094
0.37115492521044,0.3437773427337983
1.4786824384628992,1.3638729453715364
0.36650991599405863,0.3583305246805175
0.3863294422679435,0.38226882919532446
0.16061603243450245,0.14817700830228359
0.20196705112958563,0.1875284152869477
0.4406274044851154,0.4530997200486371
1.8329117910920236,1.710556179050223
0.7471451323808919,0.7459981369621944
1.6006655070745721,1.6903840097455058
0.10932517929842704,0.1094590259649716
1.9508181230727102,1.7792918517543777
0.8665774617254164,0.86642638820299
0.36888886830727236,0.37474397253356734
0.8038196460020277,0.7828629433103005
1.2460187400416922,1.2522753480264588
0.41203460123232905,0.4377849508906565
0.6192822147779372,0.628288707591955
0.03142119950759605,0.025990293114147023
0.41492274707373583,0.4700539971802862
0.876155146994363,0.8768949831683948
0.7439028709837965,0.7333645862045516
0.08228341295627288,0.09234380546498272
0.772353526524451,0.7725937158884267
0.6938018516717442,0.6919451226190351
0.22828214518636877,0.23466018352477058
0.3588475308048075,0.4300802723255977
0.21696359195496923,0.2255740098569964
0.2350159431729588,0.23556980481525222
0.48726824593322837,0.495714805820243
0.5119877345509278,0.5044649708720091
0.17936091585770814,0.12848815812122075
0.4260309751390784,0.36555149701859846
0.9143884474003058,0.8691088217852556
0.2868070145770903,0.29453739399729223
0.5940636074018386,0.5838243814595621
0.9569788380713438,0.962763627785331
0.8024319623674349,0.807505328228717
0.4675026485491639,0.4354259654327115
0.7353625048186305,0.7592331737767412
1.6270251782996934,1.7238324195488475
0.36504731899733545,0.3560023148105076
1.3879227276194983,1.3903224207204385
0.812835242351549,0.8775550389953612
0.8675012522286665,0.8570511966184979
0.6075146664793727,0.6026556512654236
0.8010539526407352,0.7854014570608813
0.9606214289544007,0.9524159113584674
0.7764751525741025,0.7919240794156625
0.7630247285202638,0.7537460495379448
0.7626631924154788,0.793358768414411
0.18998287845209863,0.17331262679074885
0.5493147212100055,0.5327885194685505
0.6505132220415586,0.641780115161371
0.526045212756114,0.5415316614024844
0.9334856980962434,0.9339738630188406
0.11328102107760914,0.11755351874621425
0.3719127113021164,0.371948847833995
0.2321331086492702,0.21308361936005799
0.6178118331521337,0.6300502976021889
0.4275902447963883,0.45081768429883146
0.44633653925209027,0.4251681002214939
0.5866308009086437,0.5845476557238952
0.9221643718055811,0.9685377639803637
0.23566315895493078,0.2565227773658984
0.23252778454766673,0.22215195097693252
0.36931129806538293,0.3752878070882264
0.3776890833577809,0.4076993184994741
0.3211120176872867,0.3070530349582165
0.3002684231785271,0.2989103278848312
0.44240374947553474,0.4678756992516317
0.9082105597869269,0.8721180854061215
0.6954841397539744,0.7001863945667647
0.7540606764674778,0.8056791138530208
0.253734786442724,0.23501327182473344
0.40692242486027114,0.39244589636318894
0.8085419608197614,0.8588470022253063
0.6957277379216413,0.6952633226269842
0.9505222546266756,0.9914700473541113
1.0891850306224347,1.0924742660684594
0.2821139269669082,0.29494639671371986
0.3496748589934928,0.35187110071333655
0.12640514805001066,0.1148940424353791
1.3725596457099478,1.297726340169139
0.7875499602884263,0.7637027452708325
0.541337774181529,0.5328075295298489
0.10198802325742184,0.09892650788565523
0.9405009599134572,0.9553085470153644
0.3704757225935877,0.36571104686559947
0.28323797028260433,0.2716224447126977
0.48870382002060303,0.5066237756729073
0.08464272949010632,0.09560377056385062
0.45549024102285063,0.43492440168913477
0.14744959406474273,0.14471016188966696
0.5447776074971362,0.6001116172171338
0.9956094546906854,1.0097419050177265
0.7399914985146789,0.7417749062053182
0.6012380284429794,0.6003058934176045
0.15643494028746655,0.15910854708540204
0.7706971310260083,0.798403763372529
0.5179924869923528,0.5174516574825596
0.21763966978086716,0.1962480838889211
0.7527845131008642,0.7168987740408389
1.1714672579272063,1.1484515707220497
0.5552626540312722,0.559255119983473
0.7306883394673089,0.737923674519867
0.37335399204521114,0.37227559457656434
0.4392410161763076,0.45731724692488657
0.35899051576515484,0.34879878731793496
0.7309214615645694,0.7815494465268861
0.5104035040807842,0.50950756298353
0.3522012738966041,0.41274991371772757
0.5123595067713972,0.6493040171634283
0.5968482825803532,0.6238797397451122
0.1285239506229807,0.1446036037598446
0.14966832954495304,0.15382285356605543
0.23623520570319725,0.2473742277704467
0.43421046741563996,0.4820795468341617
0.16287301916118674,0.15342425014933742
0.6121568358050467,0.6091094117918237
0.39056754367441704,0.4124047674674477
1.7726532738833736,2.0557778918148912
0.5140671202218599,0.5469179718996852
1.086135575349531,1.1823509965275318
0.3262328960943508,0.2914525578979327
1.094127308266549,1.014487811941713
0.9082011255768541,0.9171412363801611
0.6889227872292328,0.6975129721403789
0.49853091434440505,0.4988219400681719
0.5387727582062647,0.5440441757836721
0.5535362190423676,0.5462439755189701
0.6433833029452536,0.6332535593458449
0.588129663854196,0.596372174695424
1.026684593552587,1.0243589472211772
1.0180876565214922,1.0404236172858508
0.18535648258639065,0.166323877725647
1.1260532256071991,1.1522565477376874
1.1555699741834156,1.1270966874297255
0.5117010581700138,0.4920116601133062
0.14202471871267167,0.15111490079588774
0.79829935592879,0.8053195917852132
0.878286622037156,0.8464287787271494
0.0945937224574423,0.08790330992676369
0.05291564976124155,0.05723161694603725
0.6076751319101644,0.6449046405745326
0.44923895171032574,0.44131143168341946
0.5420373627371197,0.5445159554847347
1.0800616850719231,1.0632514975038327
0.4220168308709371,0.39759765382294143
1.0203804757160744,1.0870612902801016
0.7932637329165808,0.7718964909373853
0.7419960137550555,0.7398688195787616
1.0979400238610895,1.224205684053984
0.6400510424990319,0.6883682959392021
0.15283693220515276,0.14813727179670744
0.11045198536222063,0.13384816684108136
0.37747239446139824,0.3940019262101207
1.0965720019954444,1.1046913215538539
0.10904254808133912,0.11599164784140047
0.6640077997427678,0.6438142960269927
0.6901903290529579,0.6843973295786816
0.8330728974235441,0.845646788146818
0.36070318162188486,0.36441014884493567
0.5202508888605126,0.5097008997696926
0.5670326672218328,0.5400861391204759
0.6751078584622836,0.6685633589768303
0.13446864591056157,0.13646490427032995
0.14946552630431936,0.13449745270644198
0.2623307907888724,0.2635272712288098
0.24981501918820653,0.22733570547359616
0.08359125770896907,0.09006421905752185
0.8543064764709364,0.863829063954232
0.2158572196042558,0.20353730868315056
0.22526135801768146,0.251301549263231
0.1526431136070349,0.14022747231778565
0.041844653519185884,0.06554642293780034
1.7684720815417418,1.7780867230668096
0.10587929079391895,0.1309067008978334
0.48166503779390163,0.4711019900900758
0.6266844896651644,0.6214229630891126
1.3287666927350243,1.3410019028122906
0.719185414268203,0.7597542035423746
0.4595290017277734,0.4855304402161657
0.8156017603551398,0.8591750139217094
0.1858631286506692,0.1311529308975128
0.4361236667858929,0.47901588721688215
0.18578487513127817,0.19073288047505063
0.9443433610009895,0.9173154505261135
0.7149517772993611,0.6933773353278584
0.5598952369634904,0.5870481077318693
1.4707878638672882,1.4952508660777972
1.6707130541127726,1.7705607169126876
0.5566132868816966,0.5569684352470509
1.215457765478815,1.3251453008238399
0.7886568571017754,0.7787370171390549
0.6194296939145046,0.6407786947905837
0.5400832142077021,0.5659746269179411
0.4982128157283959,0.5235614419901687
0.3767049808612768,0.36901566854180695
0.5835090823798149,0.5807786097729508
1.1706346044482134,1.1786609296499921
0.7240631133501555,0.7130367423191818
1.0075476477270293,0.988480199482577
0.6136133880380474,0.6119230403234974
0.5144453048977685,0.5106211253940774
1.0203636848966795,0.9763803094328677
0.6153611915313524,0.5838939838367263
0.2807259026424591,0.27825959628151903
0.2914873432123229,0.28746934103662625
0.5005248829116131,0.49578090906601546
0.4422863561011364,0.41415004075057077
0.3119318526145311,0.3458666041316097
0.5899616449641452,0.5781061915666211
0.1598596580435762,0.16743311780662354
0.39116284581976896,0.39325746657714944
1.0411420770405366,1.043250363120376
1.533419516180397,1.690194891923121
0.7611509247444153,0.7590591954858781
0.5832526599291488,0.5733409820702186
0.5972625554404725,0.6058418303049988
1.446261437023441,1.4664471406427986
0.4340072129287101,0.417905851920727
0.22350649779940196,0.19854250040983512
0.820897683748005,0.8435510511033796
1.0598307591231808,1.0675567964246977
1.5458978800937337,1.3964344399845405
0.26223379004950936,0.2549688444679712
0.0966059064919972,0.08168699630518185
1.3847645400483954,1.398888008991413
1.1374992998056266,1.2608334554879956
1.5488782592979407,1.6062407511389691
0.2920941005102384,0.2809923268576679
0.46382763746212885,0.45935955697235514
0.33136279160567456,0.319022621517524
0.5426917569607386,0.5570610183734558
0.843241402200453,0.8491405278798142
1.1424153245862745,1.0901456507943128
0.18762964269516172,0.17797029434350095
0.43069254457449446,0.4273187229902537
0.5141437533574073,0.4619085830784024
1.0016028123452132,1.057527471403585
0.6332139679735852,0.6441131861227627
0.7209593636333979,0.7115050212780296
0.44444264360603447,0.48087054698653187
0.9583836994418957,1.0338860226497666
0.38585607107903447,0.41227691772593184
0.8047161937020436,0.8202472254716534
0.3993856470438063,0.3935751434482983
0.5861055977922115,0.6168662259386378
0.42919863147997234,0.519339484242552
0.26638797250047486,0.25619683951051586
0.4304040946394451,0.42904266589451595
0.47701711159288074,0.5173990751551519
0.3308568080506324,0.33144683559164584
0.12105371192548915,0.10409162949049794
0.39457240664149856,0.35567221720656955
0.3484950790458295,0.40195584247881083
1.3997657170066364,1.3234940372142063
0.44624921645529086,0.5033144442682178
0.11323637055213151,0.10682015729153643
0.12272649442005783,0.10594518234333428
0.6089778452713123,0.5989331500085073
0.13312955543966426,0.1277819238574674
0.48210479243279575,0.4453383292192493
0.22851461732196757,0.218516192520272
0.186417221775282,0.2031096882033082
0.17012856358809128,0.16841549534960332
0.3274512164746052,0.3206373513473636
0.444035663336512,0.4373807958849836
0.12250940352135556,0.12490934734981665
0.41891100721724056,0.3734673769682409
0.5396437781017646,0.5776378132449712
0.6730817629633045,0.64294687308773
0.10037629581438691,0.06994981574290088
0.7525504948990378,0.760898836324103
0.27006974864437516,0.26724064662934954
0.7836076956487079,0.7752947170700307
0.4733054305814555,0.45686192053755265
0.31925399383786535,0.26392126153518985
0.3177639367730557,0.30276123752715256
0.2918893752080218,0.27967070493289503
1.348824512228528,1.251508999728818
0.25239169294180475,0.2362383867714843
0.4899003711849769,0.48441450561594696
0.14156050296771802,0.16047017016071838
0.358400220635363,0.35598831049208746
0.04241437600147899,0.03159568413513876
0.5240004958187416,0.5335775247761857
0.6784603764784396,0.7035668881425533
0.2592039524017503,0.2709149712445951
1.3220476045792149,1.3446780067047446
0.4453869466990748,0.4449078486044396
0.5052049735028387,0.5008488103624934
0.41738124806921517,0.4166024535905361
0.3141262339678738,0.3134186990893991
0.5732509305245562,0.5726205535802
0.23025388570902794,0.19816244748269574
0.6778803316875034,0.664691234188543
0.26491714345350525,0.2654987727575447
0.24229454807058992,0.2538422450467309
0.6580897466361745,0.6692506500801295
0.2541845962616105,0.22439516423959444
1.1578857557768114,1.192820230314374
0.6449675390459999,0.6173970833448454
0.3838303226397511,0.38510857352905126
1.8295380172484035,2.067382802788063
0.5250205744408402,0.5080299357108012
0.270293935829536,0.2761376949500444
0.5744329658060203,0.5582725808893911
0.1934556242135458,0.21745293556727588
0.7441526973140236,0.7826594156086888
0.161076001514618,0.12511425068114132
0.8487652300069097,0.8499082797477115
0.17441319818355946,0.15941849252471707
0.5753109269619452,0.5287897858682451
0.26138915169651833,0.24177860751494112
0.2933474950099987,0.3070700570243864
1.642688684856854,1.715718857174399
0.5185013180503779,0.5147591589872705
0.45356002212452295,0.4521457973394362
0.3433026465894498,0.3408783366253492
4.1081673451799405,4.319734149861358
0.5436844775401928,0.5363801603901919
0.11441484908524023,0.1406278142422491
1.2237246663850234,1.24993530262511
0.2815184947968326,0.29575441401604824
0.06404700361595007,0.07753829457989557
0.4803860594684188,0.4640114115763144
0.33119202849415563,0.3787553453727493
0.6268664589458198,0.628429593493599
0.8339097594162828,0.8185693116818468
0.6930228302016975,0.6923882799776296
1.6408537725339878,1.7738910698584331
0.9002242316338782,0.9200215027779617
0.6831757233507715,0.6926546840455456
0.7827066569608416,0.7636256897103616
0.5368034671736122,0.5321917384515537
0.44509482712563353,0.4461665286355439
0.42701805838830886,0.45106486691224296
0.3723189259374201,0.3791994255632981
1.23856716063155,1.2161058538813803
0.34632532151262607,0.3827027091171188
0.514734387385424,0.5099159801342199
0.7419579621691157,0.7275829716318912
0.8034207320946031,0.7953022675238481
0.42101477286634187,0.47615542944397216
0.9704617324816535,0.9778890923912275
0.14413091308891823,0.15796484391657076
0.4462406372997052,0.4605627556791091
0.8171785524753006,0.8044657532710098
0.7334399711360325,0.7400430742579289
0.60569843840503,0.6116248043473203
0.3782917066918603,0.38469448389624233
0.6109567487180696,0.6070514557109226
0.4121880145895073,0.37114871625835605
1.3334746538886213,1.324644754168017
0.8012821397327374,0.7902352607293235
0.6537429263262432,0.7261299796046498
0.4872045709070898,0.4755083874058395
1.3751373220068697,1.316793491201851
0.36412730955068395,0.40043415837646823
1.3550949140327027,1.4494956396327732
1.0193350943907376,1.041142982238131
0.8776894923742731,0.8663972680898206
1.3734834667756115,1.3512430650260447
0.6746381221181919,0.6731875790011669
0.8501335662687749,0.8719638269562352
0.38004709612069,0.44650034911790437
0.8218011484111136,0.8218593428069382
0.9350152013327021,0.8886890427218331
0.61792408831979,0.6472007042539163
0.09033336910080038,0.08403631344530976
0.5162047283447805,0.525786393933969
0.12981772277380793,0.10329611115518908
0.16226381504236895,0.15856668200346366
1.2529560447650436,1.2907098254912976
0.5226782490829097,0.5314147808253273
0.5605212890096911,0.5658717129689074
1.5795209942879223,1.403847863435768
0.10454261465063426,0.10761741199263354
0.7584497523988287,0.7500825051888882
0.17383259233847814,0.15084097204638716
0.5217675485192527,0.5369427014855008
0.2973843940444116,0.3099510146404981
0.7365580324326475,0.7370142425070854
0.42292712886606104,0.4030845630450206
0.43567838462150643,0.45835876485240085
0.8631943023737899,0.9078125602471573
0.314078486162877,0.30847988213782473
0.81607494280972,0.788651279904646
0.3640554947907961,0.33335497793545743
0.7773156509524768,0.80396872371858
0.45778451339283066,0.45675729692216405
0.8853365886283011,0.8933987092883173
0.346028090553606,0.37028238863647706
0.5987594833989479,0.5877274098451996
0.8259191017905696,0.8373294235208765
0.3142746573364142,0.28801034879764414
1.2547728092125814,1.216508577602048
0.22262827867326562,0.20264923686223693
2.057396063259344,1.9592771088810668
0.06747296067508506,0.05721756290414495
0.22855321653688068,0.19805046656110703
0.7765613138601299,0.7790340833613603
0.8927904256425618,0.9084207512521495
0.2069653848947126,0.2010257087307181
0.2368743673396872,0.20762326047910984
0.5277140578769346,0.5224071155817964
0.24409515817228905,0.29050135708284225
0.5931280152927622,0.5925268591016745
0.6624392093826533,0.6399966220786995
0.37267008018569703,0.37003296162919
0.4717200682129143,0.4572938105743059
0.04667945731031439,0.04269323092953666
0.643485910821111,0.6831663753088846
0.7234140165842788,0.7413296685899052
1.6555040568899793,1.7489409067355173
0.9107235693699377,0.8673246859226031
0.7252530366068821,0.7202846834750041
0.5415841709939367,0.5210709016570587
0.22040843495210696,0.21492322512370143
0.5846703043668979,0.5819956910780745
1.1589545147635893,1.135084004238032
0.1340794226088893,0.12597834236446512
0.43956105479515156,0.41956374970741833
0.27050819773003193,0.29029657758713123
0.8513580468730155,0.8741848214243823
0.47178743353402514,0.49149533491640657
1.40635556497948,1.3058446326237036
0.26345749354671477,0.17043925589530184
0.5673441607679832,0.5909474158776564
0.9907819232291017,1.00710733528787
0.4232056494798841,0.40517850793282667
0.9964352507982964,1.0258313482904966
0.6141485341258127,0.6336879670407661
0.10527931960153206,0.1245636587016551
0.42410663747497457,0.4154822992961291
0.24379966557989732,0.2438815799231192
0.44447434682484216,0.4524446845183811
0.6643595140419805,0.6656309862874629
0.2866590285248589,0.30457206842975587
0.18445182159147036,0.2130196774726396
0.3072676355155125,0.31182869251157797
0.8897108707098685,0.8171569249835626
0.31989640710534867,0.30328026919623746
0.5576976815292322,0.5709484977613558
0.18274220794014706,0.18661539859554527
0.07682247893062825,0.044594554238518075
0.5715152973563725,0.5777623923418485
0.7611613491453486,0.7566093281331494
0.24821541963002294,0.2470402069005666
1.1629863519649484,1.265839822643635
0.40600765441736003,0.43639426288616284
0.7798923519857067,0.6871210531423642
0.14695651648960287,0.1577938496193234
0.5938707511078666,0.5987494822308299
0.5397885182793803,0.531114387321088
0.2826959394560796,0.29207294198422046
0.6260857484112745,0.620921965417013
0.42691379653238803,0.4338448016263391
0.9785377372270138,1.0498337828709747
0.41734170110390784,0.4404705840232003
0.27976820859520213,0.26780509949086867
0.6688329811638318,0.672263002280195
1.0044935801967927,1.0191539709174608
0.18356171281970635,0.15805172804714768
0.8572770506678846,0.8278691833193623
0.20588819888263493,0.1808418409779283
0.275003866718918,0.30520624703435834
0.4377879286256372,0.4431545162855791
0.6517415969395512,0.6422263987611037
1.3004662236990825,1.297032774898747
1.06932599861877,1.0501587694832006
0.2663619960320369,0.2768228681542211
0.6230225796461388,0.6291465032380616
1.1335672561891332,1.1261096836938558
0.25851157821095294,0.2520381113375621
0.5554876566504637,0.5292163655564643
0.40873155448818904,0.40400450836548624
0.35263172731536946,0.3602341956402187
1.5824068511290252,1.5371820316161773
0.3076253858506051,0.2815403391814235
1.4292910999898596,1.4993590890378938
0.17757717000936288,0.15965447341103306
1.123995394753594,1.1455007964719575
0.5649215121603,0.5347383557862463
0.5490870832614829,0.5543231474146962
0.2802908687578677,0.29168138490547624
0.8170942377314743,0.8142345484376488
0.1686739191252274,0.15520894253100953
0.8447842752721556,0.8630517817044387
0.542935166047886,0.545223246892833
0.7406434986534779,0.7800563039962765
0.09995628693007835,0.08296680832994348
0.5918994916588737,0.6316809882129376
0.18872724138253608,0.2151788780077119
0.23150667037708664,0.22267058854775484
0.2726487619286411,0.2681875015773365
0.5751396692639796,0.5815021675433963
0.10176118089879087,0.09786964037854576
0.7840736474045109,0.8023866044703949
0.3121125223969509,0.34018520080509684
0.4255346862645664,0.41173275180171043
0.30057606848580765,0.3231548575762773
0.3573841211272178,0.3149519571364845
1.2377937502679925,1.2623966630605437
0.14249425273728614,0.14082202794144236
0.049586454398693705,0.07391467276778094
0.800754803936781,0.7716225685013672
0.8027671910355997,0.7958421698140753
0.484974811679165,0.4553720343659421
0.31196863835448563,0.3169935676140869
0.07804697361969994,0.08211089109494525
0.3377853669356864,0.3518786602098792
0.8642185737831791,0.8571335888769838
0.8967575193993776,0.9028720317375496
0.6637743592642089,0.6683475269712511
0.625197907953032,0.591964019329165
1.7575162830925486,1.705307105499554
0.1463619638409199,0.13535410750158877
1.487266168102399,1.47948689605743
0.6145798341930863,0.5824709163026394
0.5199716141004661,0.5270771213897858
0.09646535301514869,0.10209427880646843
0.7549094277829341,0.7588734082863732
0.8622140929253651,0.8450776401553776
0.5167989222413453,0.5121812963441179
0.8347081638647248,0.8505087012471207
0.7478428303264825,0.6667083281177587
0.472207916962928,0.47472218560675594
0.2682936767271267,0.3065686001893426
0.10797744974104362,0.1062329954820691
0.4297056391754778,0.3994559875241723
0.6006701581772869,0.5998268896987035
0.74416394769122,0.7508052453135675
0.19288655414802744,0.1886910930082543
0.827308811980008,0.8433306504452011
1.191745532887597,1.1209356092322098
0.8665818107957614,0.8359561810220582
0.900467984379539,0.8798140548730667
0.7057528456841142,0.7338053366329301
0.3632489120890917,0.37607584173878633
1.2451330846693347,1.2567130025903908
0.38842623805226173,0.36740880284191985
0.8640584782861541,0.8326593779232181
0.37619484979576134,0.3762556705874284
0.12868913420614847,0.13798036698539193
0.038006029508656766,0.03461467002085887
1.4415832124751793,1.5283587176039457
0.6651495182797864,0.7043990495212771
0.8613352055231069,0.8982776517594272
0.8446007237825764,0.8435371561861049
0.4858250881892554,0.46891955203058916
0.7900216718126865,0.797170912159811
0.7037156465509555,0.7027777661896486
0.8544718251768979,0.848201646882541
0.5425123691615434,0.5365506022884968
2.3816532534412165,2.186419002522844
0.9743724139805037,0.9734935445591245
0.5469673430669052,0.5418966839997736
0.8838781763483605,0.8754172289056993
0.9061577337256199,0.9023396446327718
0.431006738565303,0.431611525311219
0.8500325760474899,0.839490130015246
1.4913987002699602,1.5146905453593003
0.5316318124915067,0.5721086314500141
0.5220379394929593,0.5467335039937861
0.7864377305070671,0.797663686963994
0.8901304736899616,0.933237759532689
0.12009439036172624,0.09686802771813369
0.6130512946093948,0.5782114764474343
0.621153886854469,0.5729526576153902
0.6485840679263989,0.6463791905458924
0.7198705992367633,0.7495266581821993
0.20858267823859375,0.21210393513915757
0.8469817291861054,0.8908635783757046
0.7128947048945875,0.7241695892412296
0.7753713214970154,0.783610579659939
0.7631542559858401,0.7733543080725109
0.6279719550130449,0.6424933160131183
0.7189060881598104,0.7210407042454379
0.44893768089017283,0.46438921487471607
0.13058413485601614,0.17032364757871207
0.48768292267846064,0.5086380528273804
1.111401732895533,1.1031655423696636
0.421882034599062,0.44051771508031456
0.5976075651824024,0.6409827491524708
0.36698909093322774,0.36156179679827277
1.003997282839236,0.9961711821746043
0.4988971021259044,0.4893096001878491
0.19090169513132837,0.16743156465770032
0.9756186763020533,0.9633371374207079
0.9911215400397319,0.9905636979387572
0.16686814548417514,0.15762988650506551
1.446569313735656,1.4419261940056027
0.6668214701416334,0.6807577005700883
0.37585223688903935,0.3894061867340608
0.24631109409253904,0.2169322463434178
0.22699435149022126,0.23120843657974166
0.8027800604820263,0.78704768651614
0.9234397669270172,0.8792959191286699
0.6571503615297589,0.6776437356913908
0.34775202275473177,0.3380682138363707
0.4502418556133234,0.4335466977282634
0.4881822590102797,0.4705584410704767
0.30772725250675015,0.2862131417935597
0.6239685152228491,0.5721392385734716
0.846338113730074,0.9214137103914462
0.20703919799528708,0.20868704395941645
0.5346065995373969,0.4894834793963174
0.44227315262316874,0.48948926058424286
0.28690812242231517,0.2956059584496519
0.10354582776625255,0.09137268380133112
0.1660506354909264,0.15487778352937254
0.48139016112228616,0.4883316974994894
0.2622953373528748,0.26111575232446343
0.4751374228633282,0.4558903993712692
0.8628531451789843,0.84494744935799
0.6474029581147194,0.676331102108058
1.0097683803157582,1.0182921602590118
1.2140851323580515,1.2048433055231975
0.4837378296112464,0.48986479010394496
0.7081777275170434,0.7023991219682773
1.1671143579355865,1.1711389643171446
1.2443321735193764,1.244867398151195
0.8143444927737593,0.8105160571631738
0.5176667110076664,0.5047038435947536
0.2817345493775497,0.2789670341921996
0.5468230370190363,0.5477533200423439
0.3416768107713852,0.279100521302308
0.7656629709253728,0.7596586445914009
0.5722593624137204,0.5761756070947457
1.4887751414324304,1.487417006070276
0.42254747780728147,0.41626264514298766
1.2358707008723864,1.098083042448201
0.6929369138884942,0.6962538385904345
1.783220321545843,2.0271871016187966
0.37996979987045754,0.4102370980526563
0.23487358641839134,0.22597410192787717
0.245179029465042,0.27007088016355574
0.34702910286350475,0.3680598791333644
0.10417400945083867,0.11246915355913195
0.13148584466679158,0.12002971369814622
0.34798775428530926,0.3341103519477288
0.3459820337945654,0.3373564994382081
1.0957556751203508,1.1831707892332837
0.38062931668639255,0.3684283201918437
0.12531887963932617,0.11839590679689985
0.0965198720162744,0.10337602685715545
0.22842263099119756,0.26749381399394345
0.3925174080405461,0.40590932566109666
0.20599186360454788,0.20519406807590368
1.0400796400648167,1.0507645840190263
1.1345887982562646,1.1322826818482938
0.39944894232727957,0.4195433635327724
0.7916476422339312,0.7952035048692934
0.3916544698945196,0.35721360875587155
0.3632901341395472,0.3688973657087733
1.4397150018761653,1.4132585918798937
1.4124124329978294,1.4266105777279912
0.23140812956444176,0.22092629893735516
0.9150888449373478,0.9356361990856965
0.885101965057684,0.9013136710926761
0.5969225164272962,0.5811593546162728
1.0193841280912166,0.960935856279457
0.6515333620883255,0.6339072120435175
0.443116955195909,0.5141533701508391
0.5309484864008307,0.5358265066332871
0.28499983877346924,0.2618721416320608
0.2965510744136757,0.3071402383560379
0.7285515345443477,0.7249545585396615
0.10717007498296276,0.07669302868236941
0.3574640744127743,0.34403489503615337
1.9684512336742284,1.8071577708144329
0.9557175451071296,0.9319341178979685
0.16531728204968527,0.16803814506908174
1.152199215612711,1.1000053880862126
0.07351940917794886,0.08307715112931383
0.49258509883147444,0.4437579455161331
0.7496538811749084,0.7422895221600347
0.31066969772020514,0.31359269245268095
0.32713019542566285,0.327091391817779
0.9289645852255278,0.9429867764387859
0.26045584163274593,0.26311905735894414
0.6037815221229313,0.6171662250510814
0.48564358584233064,0.5442775999300403
0.43838293366667225,0.4435315960263942
0.33745644801033503,0.33927570425271786
0.1720295306038108,0.1851674722391276
0.42606300085988463,0.4265568430241882
0.15368378727691265,0.16728478152300333
0.5815668825267986,0.6182098364151967
0.15408188412691612,0.1668857928852462
0.8602083934864734,0.8693819749963313
0.32246528808785,0.28920962313235066
0.8232024554188468,0.822414242704887
0.7655761248899752,0.7608445629131845
1.2034689231437914,1.1756815424436364
0.48815487651231876,0.45203962719022467
0.7127244285620407,0.7027017187316885
0.24393239553569337,0.21272116041943645
0.29247013911178527,0.27422533615643013
0.5350927992889435,0.5300861854991626
0.507436670155559,0.5042185050189293
0.3392933666989338,0.35323889604858494
0.8475731561504313,0.8434539641755573
0.6403388536153346,0.6245549761749475
0.23704910760408812,0.2026488716051195
0.6104630297130453,0.6132790703812161
1.4333983048853256,1.4662472300652005
0.6275891223107806,0.6483278177202162
0.5708477623218168,0.566150897605381
1.1703629044558135,1.1639581142980082
0.7905346483363703,0.7857603432016684
0.4369863067085215,0.46880333449886713
0.5698006169797674,0.5784887484107573
0.8443212070011744,0.8445782519395412
0.3414347036169159,0.37625115073793236
0.28046382039149403,0.2541147275972678
0.4737655731331328,0.4756775215741332
0.42178402093682243,0.41340846221433597
0.8740801496022477,0.8926462346752987
0.32824427884602286,0.2971214464504276
0.2508505649850049,0.25222662129037804
0.40702252652943277,0.40194305556434917
0.46465858889084716,0.41553406351673344
0.17269210395190704,0.16136880774846288
0.29372744658207156,0.29917981874894056
0.11230101918411739,0.08278161055572222
0.5437684858800469,0.5809611227775058
0.8449162126248122,0.863046839077104
0.7444524047516442,0.7431457454718714
0.6872246939484082,0.6922501694518056
0.6134975285452385,0.6323056325325938
0.46908079939799374,0.4461923544415415
1.9756616153100066,2.0420602641158467
0.48293985625812447,0.4775884442882934
0.7439913704816354,0.7628143304694511
0.7198044380916534,0.7621721820589804
0.7104495888649218,0.7008091339725692
0.2879415049076807,0.31105816585422025
0.5256087959235753,0.5197230608951259
0.5500348878208883,0.567869603036026
0.5871898445154509,0.6103946863653011
0.30650037527279433,0.25766837730041564
0.7686921321793898,0.756906530934524
0.13354298860470815,0.1266158160080478
0.8541821135622767,0.8939007281027858
0.610204101105848,0.6385742312836679
0.4142985396837186,0.4090319479546946
0.25611536723443556,0.22528685347502495
0.642697967056285,0.6390553349968533
0.9639153874190921,0.9555978379936485
0.8125534857953199,0.788661916842876
0.4051239784515469,0.42991355094576733
0.2998173588236611,0.2933746563216041
0.5497232485081842,0.5973920331815655
0.9356598483024976,0.9977802241575864
0.5390589765332874,0.5562452393719481
1.1745977287507603,1.186935131324899
0.1396069529997657,0.11341397090197032
0.49994299705594436,0.5117744580940258
0.6068317154747234,0.5928073902688966
1.7148824175184152,1.8009593888696194
0.5369384583414281,0.6337646139362542
0.8436653312783683,0.8504970186086804
0.44533739709566517,0.4270237759843244
0.024846172914278417,0.017990563229553978
0.8125729333010009,0.8499170493815914
0.6073218933093811,0.6419920770871269
0.2931480168232583,0.28622775215126456
0.3831235885121865,0.3825117496507745
0.4824085470612564,0.48420936928812663
0.5063555535104075,0.5057844147107264
1.3668216385234726,1.4474284909847774
0.316416012614464,0.3218363826324502
0.3736189043324845,0.3890567525935964
0.2951178200192399,0.2744956098379356
0.44920863334144756,0.4437531955110918
0.29117754988966005,0.2723263551092769
0.5649945875775301,0.5508550633328058
0.7702460801186627,0.7689557700399959
0.816978749727811,0.8287996446617383
0.08573587214233215,0.09924026617504214
0.9131430626061012,0.9330317214846839
0.36027214415839204,0.3534917656392445
1.2634113666366242,1.1308130152810443
0.5943054315042043,0.6306263616618589
0.8384724774002564,0.8160258456259758
0.8999065453504013,0.8976784212384384
1.99843457779407,1.9891988553308848
0.5455139065089398,0.5570797125736746
1.3678849431970765,1.3973855338876011
0.5795498131623061,0.6100564965875084
0.11138580967845278,0.11148738161753552
0.3901793174946289,0.39729713909081116
0.47862218724036654,0.4596740310149179
1.5896211575013295,1.6330214078508143
0.4835153402194853,0.470340465206404
0.10991970221177698,0.0929889847738135
1.2471040176743293,1.395620320527789
0.15994595999568298,0.15565833777422736
0.6553990237256113,0.6626743378579345
2.0985344257514673,2.1093584918819768
1.5969004643199327,1.8726690113243092
0.5360762270821864,0.5800089075092537
0.3915392047084078,0.42867797296544286
0.24164669167850442,0.20833908675047785
0.423690583063562,0.424172197548467
0.29889414112273244,0.2908117844274802
0.7843822021986816,0.8118103522340696
0.6108266183353972,0.601548304838461
1.0621999237879365,1.0300000792824255
0.39294361447093595,0.4200259275784769
0.5387293977235431,0.5162666994523036
1.2632679734605055,1.2868859765042637
0.26122114679758746,0.2748906192544926
0.2363080472545921,0.21046957316986215
0.17172132169072218,0.13792134774409795
0.21426923308503634,0.19953414219459686
1.2471296077844962,1.232529645534043
0.23683106755729671,0.23269287043906114
0.3138579229089918,0.30947873668284726
2.0399693109186456,2.065819736979119
0.5186532616355215,0.524056579835793
0.8900962525540671,0.8128317111621203
0.17945256025151576,0.22446165254063033
0.7480822636384179,0.7514000571915196
1.7693238667378555,1.8576390230218849
0.1946909923002864,0.1934928083887879
0.40189124613533483,0.41051095379949015
1.058053832444612,1.108699746429652
0.40529381538419024,0.36969071063970904
0.2637865973329287,0.24674770443137004
0.941226670299316,0.8897093650013593
0.2640548585664688,0.24679284675830704
0.8209905314797595,0.8540719422823984
0.7797033240535761,0.7765328923944512
0.33141260500233877,0.3438527222964357
0.48625487720100674,0.45093903366502514
0.4047263646237651,0.3960929556179527
0.4982894466644823,0.5060929333710681
0.20962078988561825,0.19276885295796603
0.37527143555989056,0.3835736000344512
1.0019675960684362,1.011420798648521
0.511748504307108,0.5375485118142805
1.107979544780711,1.0873752880805048
0.44678256692198987,0.43488791380971287
1.3564795026218632,1.4814597530959344
0.29013912467911407,0.2769759303163438
0.269575993694416,0.2717851617362993
1.3697533291134039,1.4216541233814157
0.5803532392516304,0.6086257727341741
0.42051785594835933,0.39836273660145416
1.1974565768730934,1.1912232922786723
0.6706783906923097,0.7419533872590889
0.7224071617804686,0.6796255204553294
0.976552020664846,0.9137043563145505
0.8317787835921256,0.8349637353904095
0.5485680044838385,0.548730389036419
0.04754207772700648,0.043808850333026624
0.8713530874455975,0.8750940703985686
0.5015721650291578,0.5108195021175765
0.06118095781658338,0.05532157652643251
0.6144009704085934,0.609701913425842
0.40468437427846016,0.40904178653949186
0.6847140193748245,0.6986734600084571
0.17599358206189458,0.16892558387937762
0.8411800152154228,0.8345293399567586
1.4352678170545523,1.4552975686007052
1.2667705122711077,1.2723796759623587
1.2731055377571787,1.1490781038758546
0.6763487091911189,0.650484073092973
0.31200332803537123,0.28972043673297815
1.7373749722475933,1.8397194351643895
1.1264858693950681,1.0702214768743654
0.424735817753271,0.43357081597416824
0.5834073728513609,0.561554571490253
0.3964962621030916,0.38331519359496047
0.48781189080330184,0.4776993632138288
0.7257151407763273,0.7522270959198476
0.2786573219863363,0.26277965611524023
0.7375174930615555,0.7566337338158239
0.44523796396533183,0.417344210647265
0.4506818011405135,0.451029815781686
0.44320509608536324,0.4351049359757507
0.43795610171044175,0.4518474172853976
0.3117536562127766,0.3463980153591304
1.0686067545122258,1.0621944581299363
0.5555297367976895,0.5587570537193522
0.7412938317909622,0.7144109057016307
0.37195960207142975,0.37074742188146587
0.999905674419789,0.9809959940021219
0.10160833989340633,0.09787847745287917
0.28784990577531655,0.2888387721715521
1.4087145943103607,1.370030843114892
0.05837653241690294,0.07656137507586847
0.4302993195352847,0.4284356781707887
0.3625518387031138,0.3507739140186969
0.9678448489994408,0.9691364826540019
0.21972415332073314,0.2193028656864617
0.7147532984327648,0.7688305924880007
0.6802787756651277,0.6833623019367046
0.46381144353972864,0.47925057234671
0.43656708292964774,0.4161714196262147
0.5238984102952451,0.5186806908902228
0.22630706258282127,0.18612781239021442
0.7834029278299028,0.750830473485207
0.09315049539718741,0.0827818227370568
0.6313212455030841,0.6413881614823959
0.6587101789335412,0.670841467809901
0.22082256541222198,0.2170832339554301
1.5043426918798637,1.4234565083084936
0.20075026023649153,0.20770977426993342
1.7329434496195641,1.9853839826841784
0.38083148921502696,0.4327219785227861
0.6585507317501045,0.6753495285314244
0.47573499912163536,0.486069510461725
1.5943325808954911,1.5255755071228316
0.5606862141946539,0.6061739834602194
0.4061008474500908,0.399792713387735
1.3085605761532126,1.150787823080285
0.32774823033287953,0.2927737560843597
0.09897186645172047,0.07418918884597257
0.395375868857747,0.4209409606298933
1.2076679731640523,1.1865485050949591
0.892808124378898,0.8987321220081588
1.6566564781602893,1.7558890799302833
2.355121842947245,2.250994099215874
0.16354176261489314,0.1576855519039881
2.096191530428552,1.9664152937775603
0.2636212766589683,0.2660872617810106
1.1961195143204664,1.1821288912842298
0.06692347873360276,0.07277808133809403
0.07582273864601069,0.06300431637375406
0.9034059943795012,0.8136946255433286
0.5312034888358538,0.4931641701390101
0.3268407749380285,0.36205124959332236
0.6362506234105851,0.6286062424613096
0.5852391241858982,0.5521556785309352
0.5488532782991166,0.57392241575442
1.5404147939550017,1.5918059012677517
0.33379556319985004,0.3536870416517505
0.598968955318842,0.6327879351883965
0.3373012062483093,0.2894855120414092
0.31484102151791066,0.3243684428075945
0.9622703555298464,0.988131469957944
0.37860103419603813,0.37126024852401757
0.39166166002722824,0.3994120901870322
0.6214142968736379,0.6178751165024762
0.5088939804147288,0.46544778541176035
0.3377186829952498,0.36108787101381035
0.07884215166427508,0.07004476551069888
1.2299840791045527,1.222529372246623
0.44809873486069174,0.4476640299826181
0.5042365941360649,0.5269213812940019
0.5196586159526769,0.5503690051330783
0.8070285572348959,0.8227319835030578
0.8745899954047731,0.881459146176399
0.8519523090170726,0.8442449306002372
0.8391812700465954,0.8624283717391463
0.1533597401929547,0.13976532096922997
0.1601410499442783,0.15720665911873982
0.13122687441627767,0.09340486349841134
0.9341991585870157,0.9378015640471916
0.8136996598562698,0.8538293897370827
0.3184150502558848,0.3184385988783424
0.6405373213849156,0.6416375991764186
0.36755760561077366,0.34142675755359875
0.3306723074124766,0.3154413121350375
0.6999458893770498,0.6726167052355301
0.36431601145215625,0.35737350427293985
0.39354358688010543,0.39030646911886174
1.3599612474469727,1.4501679455239067
0.6388427604421062,0.6162185176755671
1.0094086659716253,1.0182451612102277
1.1962692957799406,1.2529345051540635
0.679331278731692,0.6652079643503954
0.23587414626332845,0.21962692180176205
0.12559216260052974,0.09344553937028226
0.6462206070190801,0.6503901490549377
1.021601853985748,1.1634143007109379
1.3836348557670881,1.4551601365906408
0.1486805557993466,0.17116626153616632
0.5807640465727653,0.5959602886413722
0.645076953093321,0.633589286368408
0.39397295622086526,0.3817425919447735
0.5164524632927184,0.5187137771393148
0.3957990827263886,0.44868225376368986
0.6763524199632089,0.6809951428808039
0.38991421149421013,0.3743946736532041
0.5053583979364633,0.47601181164303247
0.12759697324415809,0.11983804522631132
0.87092588676646,0.8269483117201897
0.354313348818144,0.3699800331943651
0.26463868893878284,0.2374665613623067
0.805476979289658,0.7878428474239957
0.16989514313991363,0.1446571000461267
0.6850261848724754,0.709565362425422
0.8845292311675382,0.9385945717600265
0.10983048018614969,0.09277874537997906
0.902879120062998,0.9296044792379043
0.26859901405435105,0.2595803202291397
0.8409150060743799,0.8149610935615577
0.8330860188065045,0.8528439376608006
0.7660971683200585,0.8187034819974015
0.6376212635111997,0.6311647330720954
0.8899546758753949,0.8893386097071234
0.48623695210914347,0.5069876897436959
0.5341909907788646,0.5169403819561409
0.16086942039440455,0.15360822342540242
1.099811639062206,1.1044665709440884
0.8813175780131803,0.8582848367871381
0.33520124718559274,0.3237412932746029
0.9030448881459042,0.8915392444118966
0.528458618393618,0.5196344024209142
0.8910875759174745,0.923480182289278
0.33232653233656007,0.3509265480212622
0.6403900781918066,0.6467922089685729
0.1225619267314811,0.12318606962273959
1.0151389240613289,0.9537847414958153
0.2552302629876849,0.22390415747187703
0.12418397254402833,0.14277923083429767
0.4870153780486514,0.5062488464371662
0.4499298950945981,0.4584520204177375
0.4257591992014117,0.43423605579368424
0.3926289346002732,0.41038943644079623
0.40126323850660184,0.4185913586378255
0.6372399070348477,0.6300232047150781
0.4129217372557494,0.42217393880704995
0.2493169777439084,0.25175720852710703
0.18142493988284134,0.2259662291662224
0.7613346120000373,0.7678217426284397
2.201688958916507,2.2745975262790905
0.5707529699479955,0.5628622411001948
0.07758719148980364,0.09798100954526946
0.5221054594186916,0.5288334615824241
0.42824748543013835,0.4466527548529047
0.3408129274448761,0.3172897891103787
0.3235380652064276,0.3354357694583191
0.43873758719212375,0.40731524422878246
1.0856381769908585,1.0984396331284128
0.15499247847564376,0.15761952392342954
0.5797084151281066,0.620532088566306
0.39443531086657907,0.340966390105762
0.5803353083468354,0.5926904735436687
1.5832090948434134,1.5871866470927762
0.6698813721105471,0.6660967886049092
0.42004538919425927,0.4221785897252135
0.8204902076572327,0.8088197899218003
0.6760040460354234,0.6858293287936377
0.6393002266998077,0.6470672778044134
0.21624469594074755,0.21445687083613219
0.7460998556512618,0.7269418647176583
1.1143303276174987,1.0644646225096421
1.1953002585388819,1.208944238671587
1.346523982141695,1.086563719071579
0.17719600991420442,0.1957520339680618
0.9461038640443621,0.9585113854397741
0.6135655927095645,0.6154974252090759
0.4808900476475533,0.48368877352613093
0.4604741960509882,0.4597251365048698
0.46671777349118787,0.4741465241476423
0.657306854098084,0.6829717326223798
0.9412024257195936,0.8622746943684625
0.14022850011831084,0.14808120615570255
0.4320834190088227,0.446422941529364
0.6872977102015145,0.7506634106979356
0.5837818520133545,0.5789129839126209
0.7980353298105111,0.8005964786320147
0.2673853593835958,0.271441561250222
0.7866218918779729,0.769602639367439
0.5240051736879565,0.5177942396813745
0.20942674016976903,0.1768189461764523
0.8013849060898424,0.7947843134259016
0.4627500104559777,0.46921737490531684
0.9872053176277876,0.9369631167902476
0.5479237365213256,0.5506813353148241
0.8081341606476491,0.7279815069122049
0.20306866217513722,0.2013228160392436
0.7994785448636084,0.7948621669189282
0.6742682626278472,0.6783069429895308
0.7395413365209295,0.7500294932531996
0.48232420170269336,0.5120409887409483
0.7255279643159991,0.7460027980063827
0.2320421326913463,0.22593843828760113
0.5310246298635741,0.5410802948106838
1.536918943160811,1.5574931003469643
1.4714405310372314,1.4573919342789932
2.04410742738504,2.122219993344809
0.7435561147392749,0.7353678137221454
0.14200209921816936,0.13836752505280464
0.3021131545408786,0.2944666122159901
0.6206467517945141,0.6096866765179555
0.9016527540845429,0.8670357962091835
1.244383946208339,1.1894103650461376
0.20591293727664323,0.21896950954768632
0.8048911611175789,0.7746946837943658
0.835160588758259,0.8506784284353907
1.1317567682719119,1.1279536720310064
1.2742525914233362,1.3065943771367048
0.1443978205289246,0.11445667796924844
1.3915073636177084,1.4294419065742026
0.6763650539291344,0.683448787836508
0.0923611718551247,0.08963032462696241
0.5350573310440506,0.5451240056537643
0.08233497096455272,0.09867965360090432
0.27639183805053175,0.31072954311305245
0.585585116877949,0.5990701526933786
0.7610181114458745,0.7540625670199775
0.3065251130971148,0.31723388524271845
0.23544335737456548,0.24375745305487467
0.27765960007989765,0.22168991562222612
0.9733378036998138,0.9475456065088239
0.644534502525608,0.6448243797338477
0.7898492231396889,0.8113000755678857
0.5405791380339402,0.5490054750058313
0.2937208639527042,0.29460407778685926
0.8551472239493187,0.8539378806864587
0.982346138235803,0.8943010889982405
0.2965398049517611,0.322480994758051
0.19727080743342623,0.22578565377057921
0.4336757825420043,0.4364678032355713
0.5625057076677136,0.549450193265624
0.5741060727941549,0.6115807947689517
1.5259954061907643,1.5514732470323327
0.4582268466335594,0.46962666618611454
0.5109336247902743,0.66692334660372
0.24766641539107345,0.28455801002809084
0.7872788720049302,0.7729359201111434
0.3272455034553402,0.337860670298039
0.22275999264553936,0.2200514068277478
0.35271360917598593,0.36354704649361713
0.2460803291548957,0.24034460937192184
0.4143547401366723,0.39177398264060814
0.26048667719715407,0.2567166204013426
0.9426462878914336,0.9485361842447
0.5034486475149691,0.4983341064744171
0.9485134947074435,0.9277980419484546
1.3235983904857906,1.3486994132233465
1.420599681294394,1.232861178368508
0.1837758280262309,0.16963607180067725
0.13833820399153274,0.1371931088750197
0.850117303612642,0.851050855580773
0.7979497131931085,0.8295588549473948
0.5534822882037741,0.5441608251756495
0.42273496121119775,0.4438231095826742
0.7762408020650343,0.7633945271865675
0.07202094959903385,0.07549425744568132
0.9350002630056189,0.9603800851668743
1.3095388476659424,1.2424130006811671
0.3532737723284482,0.31641869299044345
0.20984774990257174,0.23443740973593838
0.08555141248558404,0.07935086981275762
0.7138977806877093,0.6987210309110292
0.4058303839414689,0.3677703400360871
1.1527344328433355,1.240350814420392
0.8382643862791102,0.8305908329282128
0.27251827173194587,0.2735704406065174
0.48833866168190215,0.5365977511116655
2.118888959139478,2.1641525542056526
1.7015196590895236,1.8157426483244732
1.0466397535261238,1.1077454211545263
0.1807144111658437,0.18742392245435802
0.8647768883311392,0.8353513061369183
0.33172640316369545,0.34198690947317717
1.1801381377142726,1.210489803610241
0.859068527264688,0.8617933096893099
0.2085371753387108,0.2005732370752107
0.7873808972339594,0.773596664321741
0.2710462402053599,0.2409306538275971
0.7395917252651483,0.712510733810266
0.6853418730476681,0.6968943741041562
0.5565235408899151,0.5592487518233306
0.16880255444944142,0.1833456807719689
0.7738049652179483,0.7710810500957848
0.08624897350852513,0.07557813428161532
0.39936396962350973,0.3987625513417898
0.7595422223605441,0.762244405322961
0.6966434584216148,0.6737402367677696
0.42732228288990914,0.42273107772732443
0.6339023174701566,0.6281382913188315
0.48347610443679145,0.49033207071483526
0.2659815363095347,0.2738232575321661
0.3949809267301861,0.3765248201048799
0.4254115185844939,0.4411527674534934
0.5125968342449403,0.4993541244329235
0.37277796395264207,0.3499762208244479
0.7436505765381934,0.7560426168426014
0.6417948028455099,0.6127915577545295
0.6882413262871224,0.6736095145231025
0.5696054269648064,0.5648447277715771
0.17438600516969846,0.16857223159593718
0.4398132058474845,0.4418708666607148
0.31567782288973506,0.2954218917985687
0.6775439514687028,0.7248891339898275
0.10424830424972076,0.1279565934565285
0.3114587346158373,0.30313200985948635
0.9760775975171074,0.9793597136835633
0.8360370567734202,0.8959265794814578
0.4082824065935792,0.41308939831289404
0.5286043371784656,0.5123918969484883
0.9149675270772885,0.9041044304430338
1.1995216721635977,1.2084729199765165
0.4705499197943623,0.48266194787119865
0.4582610398954797,0.4238785371989137
0.6093373729788655,0.6409114405264636
0.4063012739090497,0.40096498435623645
0.20247675523870526,0.19782399770260722
0.6124755674483012,0.5869961808023317
0.06247451161713529,0.055307426066861023
0.7508290893025675,0.7176775665878938
0.5582819249052547,0.5548105181774512
0.7181096382513057,0.7440542714669556
0.42268955446287687,0.3842681094482612
0.21093122937114667,0.18048911990517974
0.8413465632676158,0.8138220852158053
0.31112064096852077,0.29750478224653004
0.30147108038196146,0.29948564710967635
0.729399702212281,0.7106331146655837
0.4607073237033276,0.4650914225889927
0.7794257573467638,0.7648399337515436
0.20647780887573786,0.20067483459112298
1.5509740904142313,1.5371917106627615
0.3654939273002011,0.3874575981356595
0.4035487914564282,0.39105640770811484
0.5458883751278201,0.5455203546091423
0.7846378635806532,0.8139596779718523
0.468133127959172,0.4896352830791753
0.7051058264314226,0.6993166001576444
0.13605041674919924,0.12002003718668736
0.741274208785915,0.7517176828836115
0.23105225682981015,0.23816939446466362
0.6069566143851245,0.5941111220651581
0.7063079246724988,0.7071861664519221
0.4135188427274622,0.4355370135288179
1.4580532108390765,1.734916543678382
1.649685451907525,1.6564661331592694
0.5097514226640308,0.5412803138059972
0.40541751870909987,0.4063915397671312
0.6957125608589686,0.6939094495204167
0.4756868588979806,0.4758529825658738
0.9091696713381939,0.9104536607175024
0.7875343162698998,0.7894139782471533
0.2755321361067615,0.26662336979393425
0.5079720823975683,0.45902004233182553
0.5551982049867243,0.5064354558832594
1.993000877428377,2.083273397447398
0.46286331036378214,0.39148163781464523
0.8858302326492066,0.8814881899259204
1.1629567465655974,1.2248847778627143
1.8015076548463942,1.7195661364978934
1.363727687201472,1.3553388548828391
0.6302126377832994,0.6364455743619609
0.3171940826068907,0.36162940780212616
0.045761199413916175,0.03947825995076583
0.07375653404868328,0.06515133168214891
0.22812916091988986,0.1941708090038604
0.2633859267381289,0.29341727335313
0.35641867560774715,0.3307626711961903
0.14891648440437713,0.14274636736539378
0.7614437937939694,0.7285286889494145
0.6081462260681018,0.5849528848203147
0.24262236175897575,0.24655251332837103
0.12644509317228472,0.13378541958427245
1.0219214368850407,1.0210456907276666
0.18133057135293965,0.18155395324021936
0.21048313857603962,0.2070238058460151
0.7023667107611679,0.6935927715329505
0.39012940719175737,0.3554390119247487
1.4928374335832768,1.453112199377556
0.5133892701367803,0.5708231779941583
0.8591602984386081,0.7916573387037061
0.11707313595280136,0.17792302830037343
0.474431842354631,0.4762654254027319
0.2984695633013761,0.28082488244336845
0.2601278165151359,0.24899064251510267
0.2336710186745485,0.24122764306096522
0.04007208748375551,0.02654571387828779
0.4222294541508898,0.42363805603103066
0.20623546147918495,0.19681259510854696
0.25633743633259726,0.2720122434941574
0.48787826794393957,0.4797725546596093
0.9843056715627182,0.9984788658904044
0.41234305319250814,0.40630596109032174
0.3836789397751802,0.371888226421576
0.40269892705063787,0.40288844408669827
0.7812563367149307,0.8029445766384776
0.2781886699687768,0.26237374858425205
1.201568326058408,1.2485629137034118
0.6527852663597565,0.6281871477825567
0.6831755395088062,0.6848050324324334
0.2881131898500915,0.2903455367260659
0.5468505971516168,0.5481164432741046
0.8752768175298591,0.8680897862666429
0.17161108497340682,0.18915558327124124
1.3543233512776094,1.3211989769215147
0.19273682562649813,0.2253963037993892
0.47841550490136303,0.4365140883642691
0.5337548449689766,0.5264124050210676
0.4711847362177361,0.4889124502608647
0.42920315232075257,0.47962423495892775
0.8284129530397017,0.8335534289459869
0.12818967204959103,0.10480074551135386
0.3331911178346027,0.30625897067148894
0.27752584635758376,0.2431677510104184
0.4729454214046042,0.46406317231993754
0.7377747790620065,0.7408451684915637
0.4068263711589932,0.4080109553070772
0.3187351385817902,0.3294520198155349
0.7644349112798713,0.7893794201147822
0.5385184730927983,0.5490044058512963
0.9169881433492219,0.8804466442302342
0.5830420708245905,0.5752782331896443
0.7237077055050803,0.7395233590154947
0.5166571834233732,0.503317918312523
0.5576006230040873,0.5561384097379982
1.1648958694523486,1.1078711092159748
0.20494224670057123,0.20834653392510802
0.6038692488573393,0.6170405075478869
0.3554498509733078,0.36128335160939956
0.9426672410207128,0.9337415219123893
0.3213145609445448,0.2714595649705013
0.2699791503507128,0.24648983150625434
1.3243204202036578,1.4328214265131916
1.8731470947925384,1.8529782164441768
0.4667060917310209,0.5222661110448447
0.4045054111441621,0.47164692020192744
0.2039381245243461,0.16263938057614633
0.5169374854770372,0.503378281549584
0.9200797801592212,0.937992255400957
0.9917793423627137,0.9666995335600531
0.6003262513843204,0.5961859083641969
0.21046951404689954,0.19926599493786556
0.15895323163521285,0.15161007408451188
2.335671427909169,2.2624064687863132
0.5034721152062024,0.4948966627122394
0.2491265216828347,0.24723079991380256
0.6798478160565281,0.7352006275276226
0.44026209878837774,0.4328784121321025
0.7622093868170388,0.7347306315068534
0.546541479828441,0.5721037926782875
0.4997422945663812,0.4990966768820663
0.39384027298309005,0.38957367069996596
0.373960343917991,0.38151646717640914
0.02705411896173559,0.029084026224971377
0.3609211732674417,0.2738172638818593
0.8757741550779568,0.8331292705168142
0.6805146446611137,0.6775518455103885
0.5354729098214103,0.529417626697019
0.9566755180510566,0.9525715983277085
1.5069523177131297,1.5687763846537142
1.0916390944652743,1.0511384306415834
0.23611885375243344,0.2202036128143876
0.7468555137519541,0.7498097841432374
0.3265408288524243,0.3265755670176519
0.436887260240136,0.3853443105727162
1.0024437275210762,0.9656842850514303
0.3202955694553153,0.34709903934829095
0.49845303415275855,0.5003732000766573
0.30639904680666363,0.3229461026789077
0.2870762419173168,0.280016388120794
1.0003162553979317,1.0245087918128457
0.43961152899565886,0.48409757916300816
1.9149062557106848,1.7924990304790185
0.38062160493057867,0.3855456962342475
0.7181255391599621,0.7656683976581805
0.270844392962598,0.2842432950167004
0.48235412207909634,0.4749821095895179
1.0009655265101136,1.0186232735350162
1.3737496031454604,1.2554493400727091
0.4999195207502634,0.49528737547732476
0.5600419962352233,0.547678273469064
0.6819844206574661,0.6846502580674236
1.6245975422019852,1.594873443427303
0.4872444596226418,0.48402055097639973
0.6001408499135186,0.5999944730605886
0.02881248094846134,0.02155403364049362
0.3839643511733165,0.37922721087794126
1.2307757853350216,1.2642273895546785
0.13091533666279417,0.15679417530122428
1.5488538206228808,1.6346529864273949
0.6832542392770513,0.7002337706598596
0.49303233966304993,0.559786426641158
0.8595535067027872,0.8615583850357534
0.08137526708811445,0.07864233342993429
0.30859162989963596,0.3091746194417551
1.0801146171084428,1.0807215153656404
0.533384956845143,0.5345981549824182
0.47904660334486543,0.5066911088127479
0.6550068495168078,0.6286486880607394
0.349539714242428,0.34971523006446453
1.0425028427181096,1.0733447818074355
0.28024613412185023,0.22865568209873743
0.8517170688115429,0.8492138318437762
1.1507191722179302,1.2105989228720222
0.06456626076917206,0.06491065798603135
0.9944474814285289,0.9802438728563869
1.300210742571674,1.1991633938129507
0.8789346356774609,0.8904932832198477
0.662625512348119,0.683775942288426
0.6373134174847247,0.6561156438746761
0.6770525380532098,0.6754869032963974
0.1422860800316027,0.16493114370427595
0.200704773663676,0.20509356423187394
2.1428841434822337,2.1644548237443453
1.206464803963858,1.2463676573789513
0.8637015009119928,0.8579942299529244
0.5961666057824259,0.5990476858130064
0.853731121736533,0.8614305373973413
0.2457009584241892,0.2712884797265775
0.6639866347186887,0.669908845894681
0.158966536291503,0.13209847662882473
0.8699427695735719,0.8826000393978806
0.26515515520665617,0.27365913492942145
0.11317165562683813,0.103608645738418
0.33957975685926034,0.3097786720204248
0.7183439129581085,0.7187203419587841
0.5511025361400824,0.5535569570072678
0.326837203228086,0.3060229699208225
0.5967097341641899,0.587987174857152
0.4295410563185927,0.43285104518205164
0.3801629021019258,0.41285854691657375
0.11237810719855856,0.10531688597210653
0.7009306626704531,0.7308412242259466
0.49448719943233216,0.5054500932970057
0.49579346111566946,0.4656577005994536
0.6028571364056573,0.5997875181172414
1.361333209637624,1.2252227678654393
1.0321999592130697,1.0400754350692263
0.07832770387987054,0.07406033206465158
0.6063810895869755,0.6097378231179729
0.5514432662770521,0.5409707723819117
0.4456492022805728,0.44778422115097555
0.16106944097434872,0.12525581965123886
0.7419417954355306,0.7497839756009791
0.2810691709996751,0.2876738802855747
1.21340000071182,1.2789128852403564
0.09202636598007843,0.08482976234866166
0.18064574649333143,0.15828753642859172
1.748984863642282,2.0090874756329504
0.38756884692085464,0.3848594656578582
0.9463946316873375,0.9146001261908219
0.8204449305309713,0.8293242855306941
0.9012453156718091,0.9419454299088451
0.4158395986176529,0.4223892074142037
0.9645142308411067,0.9427432432402582
0.8670119935145679,0.8855149925562773
0.681957550482284,0.6398444282295636
0.6858166784191494,0.7643287516338854
1.5727593989538704,1.617633824231893
0.9147399768839726,0.9378873621935352
0.4648244990982935,0.4720070635378714
0.7620419459223952,0.789829891688015
0.11503788085966668,0.11896079312223821
0.7540277175548166,0.7207685907975497
0.41078479748073105,0.42301529674313115
0.6411452612212172,0.6021318915064915
1.9397734980904215,2.0459832508233387
0.26161886372029636,0.27190856213569525
0.9227677526693672,0.89649383638071
0.3722778714114882,0.37896932986437737
1.5890125694100505,1.616505566648629
1.174095259302925,1.2563138970374617
0.16909378733897298,0.1880079956838913
0.6500758493138545,0.6352741034325982
0.6463825581832177,0.6407823640530199
0.7555653865960047,0.7258641131403222
0.39194476477100176,0.390246619043656
0.9316575533828135,0.9132426465043948
0.3503175331654736,0.35189606550889213
0.49770573109716354,0.5160536784494864
0.34125514105105437,0.30835206191461895
0.17007561183024744,0.15754638847295216
0.25023816466304827,0.2564237192951033
0.36120035695830716,0.36826189933308806
0.20538653219581932,0.19409052842486899
0.7012042816623663,0.6858978911261718
0.2952559932219606,0.2791239621572185
0.4488246008467066,0.45074246935350915
0.5587452809922184,0.5593436578777556
0.5971897024106598,0.5945523042517247
0.8794304510227624,0.8705684007492704
0.6626809492487081,0.6563681327038358
0.6760979119684323,0.654095958741045
0.39217401911455035,0.3888856580193771
0.01564139949988965,0.012872653105805036
0.8382349024246698,0.8413508466802997
0.4934706678009478,0.4977864121090496
0.5577513991696768,0.559321002026068
0.450996012582829,0.44114710247952515
0.7255280166020023,0.7427145398648298
1.1762087056387094,1.2245354646833086
0.8871819982019082,0.9187759569695404
0.37288251444539144,0.38333268541279614
0.14539675302380364,0.13694218977628989
0.7549828847576868,0.7946831452062325
0.4728325637973798,0.5023180856085957
1.1994319306743777,1.170935494984815
0.45582750702329683,0.4501312260210461
0.285095306179043,0.2888111822179426
0.9257962099866479,0.9239461179676318
0.29665469638330216,0.3067114290602156
0.33652032707479845,0.38651475517088907
0.2615289671274665,0.2549233225835024
0.7183500033710902,0.6549008453856908
0.5261056164803373,0.5286377780869116
1.284915163551394,1.2413495817377167
0.8722496200581573,0.893603405393058
0.8650732450808126,0.9005571184271776
0.25492590202952103,0.2454126556362387
0.10950982364809317,0.11676424922197888
0.16472715864897042,0.19558158261694836
0.895305113674499,0.8864910849687478
1.1007394446301375,1.0913945864267136
2.098270343280697,2.410194819920442
0.9510220693807501,0.9286040315719735
1.68375823591475,1.6484903021104638
1.8357345959300604,1.874056878660982
0.1792207960368289,0.12988332083727572
1.1331714900313419,1.1195029014566158
0.48771992270433306,0.4580893512704337
0.5686560361328208,0.5747672308063964
0.23817821954725646,0.2613211141767729
0.716968779937241,0.6719528623139757
0.5761983398758105,0.588921523750951
0.7344888726035992,0.7420875110245441
0.6133191097264348,0.6236464448687536
1.5001074210792198,1.3762993407813835
0.6373371219860549,0.6407378888352828
1.2066520170492723,1.0938476206773087
0.6960953969315662,0.6920675626456542
0.37091530135429607,0.37196414867937017
0.6559353971973033,0.6517351143839156
0.6991207034165446,0.656474264568492
0.49862044346281514,0.5097491547736901
1.555786265431323,1.5150181400352873
0.4378446654969971,0.4109707218759321
0.27221673102249266,0.21353766502328414
0.07135898754337949,0.07158647962054834
0.5009530441610913,0.4798941425607781
0.5284452334306831,0.5184285713034874
0.13089725020306836,0.13647525178299516
0.07554784111121945,0.07665899704665294
0.24479161074447756,0.24840348172341964
0.4191758535264226,0.4199193671281023
0.32513388671126764,0.31511150995536724
1.3281098666787858,1.6539473555080433
0.7079204903467892,0.6890802694034703
0.444795117701235,0.4425129903259331
0.18479183854506176,0.15926457289885723
0.3910724364868692,0.3913659160823605
0.21317071336138702,0.19870691551307731
1.0579815069270209,1.0396744092635128
0.18826648521341108,0.1588037886040775
0.2780520117546122,0.2643936887612616
0.1913076357181695,0.18173649655771162
0.3507770995112036,0.4120469750310063
0.36225760351547737,0.39601166273364335
0.14453054129166895,0.11120940559301748
0.06789468516569615,0.07577898886443785
0.04930349994949788,0.06023811962012794
0.27456304250484104,0.3233915052273479
0.4936536920832888,0.4918393679581007
0.2952647996644884,0.23161609232531197
0.6417958902498458,0.6265513824496275
0.706662448226466,0.7259561622350965
0.15579583127366553,0.15507681506328283
0.3170248264445692,0.28135291687320313
0.4211322702634989,0.44304525609120726
0.8633737811794232,0.8357028893776067
0.4335473275707593,0.4195459521200395
0.7737140197299411,0.8056734059630642
0.40493535933543845,0.4369151088237376
0.48453157468086033,0.47570722463076237
1.2786362621204026,1.3554290047632473
0.23313319026837437,0.32579117074185443
0.6048875562674336,0.6012615070391658
0.3789851267971592,0.3776257676189252
0.6313999905785522,0.6260807320369459
1.0920727985795915,1.1421449685200469
0.8465889183034293,0.8943922361173563
1.0924437243305636,1.1198804684596921
0.3631589511189548,0.3829492089804223
0.3927388176249153,0.36106262656785454
0.2936389500069405,0.28112025563416926
0.2600064699717823,0.2609213978038542
0.3601888702302228,0.3572761095479679
0.4131941658411388,0.42390984112854185
0.18376330781496636,0.18966118012567665
0.6483153107311771,0.6465126420609604
0.36506719633316503,0.35108194971841417
0.3170859615980746,0.26267719841644566
0.8243692476337807,0.8565086178814931
1.2825310593530297,1.3639939207988558
1.0584652623924575,1.0479678540442663
1.1665713085577105,1.1956339738563841
0.21569238170833824,0.20587581763474114
0.4544723773780168,0.4447685362906878
0.7788208900929557,0.787290536202511
0.6848442493080644,0.6719286735452084
0.26423134600525716,0.25694245039304575
0.1378243581402426,0.13352047627469585
0.941607268570905,1.0074852088609303
0.6122508956960556,0.6210684886916631
0.6841288423877746,0.6806562198743279
1.067542392241795,1.0217526824007979
0.18061818921067502,0.17225562674104383
0.8935811478625714,0.8873813942624562
0.21055733606015795,0.2219951640796924
0.11693832062983435,0.09356620785907173
1.5288855569443751,1.5632994893294023
0.4324195759840124,0.4483338926469794
0.3336127714221737,0.32645163373064373
1.1654659371321243,1.1567574772426104
0.46542752984602576,0.5053339229929772
1.9274847990519683,1.869326332454788
0.9924338843212266,0.9854564438546759
0.17781372688609154,0.17757480518356022
0.35103113629758903,0.3341212553282485
0.18352523114483912,0.18957261897927427
0.07772678231952675,0.07727642287074854
0.4822424263033377,0.48323665754691
1.1589059433377216,1.1656927146165743
0.40373437509225535,0.3932371348328902
1.1088673710961054,1.1023790146230692
0.5280474648114932,0.6406105186823885
0.2999241367161386,0.3344992360983119
0.8312665387292973,0.8178063676239589
0.9163494167325726,0.8961951505909258
0.046108709115899954,0.05206241953896277
1.2290164507297043,1.2264456166838609
0.5755548101051168,0.5859132787594982
0.3351037758166524,0.30546257523860826
0.5748706015461386,0.5505699254657657
0.5061043342881489,0.5143012790682611
0.42011437257995093,0.4391647307005331
1.2302046296833706,1.2291335943469548
0.6078341077863616,0.613391944624451
0.7138085478257626,0.7549721614199194
0.9638806940722876,0.9444388955897255
0.3027047949586096,0.2697826077137215
0.37829442859148754,0.4148716015732714
1.1666436833314453,1.1662410773630498
0.08875099027523722,0.12615372918218876
1.0694982340207755,1.0856259283440937
0.5364155587931665,0.550107282279395
0.7298905110454754,0.764575169185652
0.9488791580803397,0.9913256067826492
0.36684332212681753,0.35138347154525307
0.7034998301522664,0.7057024826123912
0.9953801457420542,1.0254408229283418
1.0297366070262126,1.061075889370822
0.10431183755246431,0.09925817548519024
0.5640320303329206,0.5519161786013681
0.5740145427812049,0.5530112912238195
0.7932430986791147,0.7977970761963213
1.2826293005084157,1.2358828485978315
0.4945625333387447,0.492794626881333
1.7415521499491193,1.5753093914643426
0.6901198832472383,0.6614165467271126
0.3209398208121701,0.31577098998809056
0.4728654979952148,0.4708863905429828
1.5355836254095638,1.5755770565392866
0.33619945591932665,0.3401589397130937
0.41114913486067123,0.41773514079724605
0.7232367532689639,0.728010531656509
0.9301849687294452,0.959246723608112
0.6215719319179873,0.6397635581703702
0.13169595549645535,0.11905450569343634
0.4238228870409565,0.377801511064034
0.09767489612261208,0.09247791860826896
0.678967236367641,0.6407418423973812
0.26089131786269143,0.2830968509190941
0.7378411733281792,0.7199104225652466
0.3060793687627759,0.3174111002631113
0.7246490733898975,0.720449234054559
0.5674143840925119,0.5577251604003534
1.6573873582653509,1.6189839644242292
0.33208720024639615,0.3264020799934481
1.577893261329925,1.6082862853513848
0.721268367674478,0.7135114341615176
1.4671698854067892,1.4550890426636316
0.27064051827812174,0.2674712447983598
1.1667628649718569,1.1705721671186773
0.3739178896854539,0.4279924696432392
0.628132081598784,0.6207329951126744
0.1444140314808967,0.15208482586574246
0.5130914758141318,0.49524545583937735
0.38664107924985514,0.39618636470249247
0.2371081183445472,0.2254546896091428
0.17733255680301088,0.14721863986489037
0.7187055948340103,0.6977111155034204
0.8514558948195361,0.8547753199084589
0.4132731938486603,0.39474945250349097
0.5306376833038836,0.5385882075652735
0.6604956883159636,0.6638453146992587
0.43900882758088966,0.40307378285465845
1.018403771465473,1.0223849954681272
0.48437448184409865,0.48521108235821553
0.6175226627606526,0.6441177682232575
0.2991713869249198,0.2741915426294759
0.9535884994769636,0.9457677513421849
0.19341071827556844,0.253257402987713
0.21911818910258718,0.21352895996215743
0.11885535369404064,0.12442936928813207
0.27030614715288137,0.26797316929062404
0.6132962761754043,0.5883767387964837
0.5112076703071252,0.5107591527025175
0.44845704475003806,0.4508225922508462
0.566035101749262,0.5675758968576492
0.11799721026179072,0.12171711090627102
1.8685081690105183,1.8816475695547281
0.20608571082712868,0.22262621295509075
0.5311531678597526,0.5553771236066997
0.7045610410800508,0.7779923389563049
0.6130305822509667,0.5900381970227688
2.8120025111954567,2.61786604176625
0.5321909410186583,0.5304591238979338
0.11224330741170918,0.0819358914784554
0.2348513366394481,0.22519392507567743
0.2827329199080319,0.28089942889533254
0.7127525463289164,0.732001871877294
0.17065809463217588,0.17475757773210193
0.10036850087745103,0.08151882375186663
0.6609703391730147,0.6428220869366537
1.0825675592989545,1.0778955004414896
1.3751538415022386,1.4377508942525816
0.1614978132417502,0.1485909735890129
0.34785208025394737,0.37887056042282974
0.05801607545980721,0.050360656711335584
0.6970440292393295,0.6762711007286831
0.6034802246276779,0.5941414118083894
0.4899827686368214,0.48649069655601845
0.22676997157366993,0.23660562222463094
0.7652803227446636,0.7483703504216691
0.4255303421958516,0.4191861769646529
0.29603956808560544,0.286779491280945
0.23569821002242272,0.22814685219863376
0.49816521445300893,0.4786155235289279
1.044825546591776,1.000018711262996
0.3554314364920831,0.31626377977067616
0.9600157369226737,0.9662041458324233
0.22227005866433344,0.21401906972602427
0.4701691084875776,0.49683642557350965
0.4782617708862585,0.47510909458525463
1.1335195474197617,1.133795278132758
0.4382059968268693,0.43119676064449636
0.8580070158717314,0.8520461969745189
0.3068011762394698,0.3228035853353611
0.49941484199825276,0.501707125264381
0.3050794332043421,0.32722886050981087
0.13424627847197076,0.11956010187684347
0.6627952477317425,0.6744315639853514
0.5413199910248411,0.5342616034609042
0.8595372874080385,0.8528175110501163
0.24111579912186237,0.24503349826063878
0.30573610887120145,0.29121766118526166
0.4805463854835966,0.48696624805656025
1.1855878586719901,1.350936113017025
0.4603138916990815,0.46060241044346606
0.35018019790021226,0.34206220402919835
0.7110291281943453,0.6792157361646474
0.08311998790222754,0.07946771666684808
0.15104197866846386,0.14462027265739197
0.37622288406619364,0.36585350016306717
0.05533963981583,0.04863985041107084
0.373485317198813,0.3822662253740072
0.42207257201182197,0.41335416618023907
1.11470237880362,1.0354980318974125
1.949113225529463,1.8625235807670473
1.0746469393507503,1.1533808040157318
0.424870690503996,0.4130236258993108
0.8661742925216256,0.8740025363681161
1.6383236068097238,1.6330054246863797
0.4756745234699215,0.4537869092456717
0.7518864541083811,0.7548221855598841
0.2667337129903626,0.26486898888655414
0.5302092185933828,0.5248018893276718
0.37123872613971703,0.35928136250443143
0.21515660606180734,0.20587294431147862
0.2506574557546445,0.22374523297212262
0.37645537234147314,0.40595241436296203
0.3353076489900439,0.265348989616563
0.5126357666828016,0.5437167942754804
0.5164871075716541,0.5331347396839188
0.17303775588921086,0.14596707028643457
0.2872298429397323,0.28518252049097226
0.14473328075421335,0.1197078934687332
0.6489364369856305,0.6608763290399224
0.5427300480127928,0.5563026770783892
0.5880207425803635,0.5955236749164503
1.0680597128582645,1.0680644367465169
0.9101639759302381,0.9284118154984943
0.22052997240887703,0.2049358115756176
0.5019531435132012,0.5065464640018229
0.914121526288942,0.8581147442130882
0.6205019511824906,0.6585136159147611
0.08958205095465091,0.08469049170448519
0.351379177522559,0.3472491983294261
1.090493078291755,1.0927965095851044
1.1943769426220592,1.2150923600130064
0.4030876249597579,0.408339092659161
0.7589248530125854,0.7973570518332486
0.45242618885498276,0.44801581341855345
0.3909771491824072,0.3827399390520488
0.5424580704534314,0.5297502773518836
0.487681994707804,0.483644438757198
1.1073922516839034,1.12388560013371
0.5731741662786356,0.546193364071006
0.3425730138416793,0.32152884558816225
0.4768178187732481,0.4733031926765512
0.14326756967819393,0.11733707635207681
1.0226586212643203,1.0984586637626892
0.7477263875195597,0.7486981797654598
1.1082454336229075,1.1296052944306885
0.2538563774913245,0.24552687863753722
1.02211803641788,1.009095588801951
1.2544425496116405,1.190217299825841
0.18672843333036515,0.163774162592077
0.18458480812350087,0.15389296588824813
0.3029930276939446,0.2662663904692144
1.4623301637042239,1.470991552248873
0.1718985548257939,0.1732395169514555
0.550784035572354,0.5551899749006136
1.9772973415716966,2.153288981220022
0.9087478886018251,0.8544760761332411
0.2466983031811052,0.27645884453967723
0.5132942923223083,0.5202503916402841
0.3933227124826679,0.385497090463995
0.905386044059892,0.9231041705715115
0.4812279294545972,0.5035867996177273
0.5920498123978054,0.5685826024797906
0.410742561579966,0.416217460438133
0.1857283187045336,0.17573313963593634
0.3228915324606171,0.368726953925727
0.3021493186751415,0.32179262747679227
0.33533839570307566,0.29648775601353644
0.2826019387055415,0.27179304962776263
0.43190348846390897,0.39805117459382167
0.7247838886002697,0.7241708294467347
0.5175978396877328,0.5057470969228832
0.3595908671332954,0.3595243080322841
0.1044585407410775,0.09053495289591577
0.32504271634650733,0.2845855233644009
0.6152558615769467,0.5993189901698074
0.2410309631311065,0.20814967357934072
0.25498291301387604,0.2668891986337592
0.3061788064890041,0.2970040220886597
0.7926140569171698,0.8339339164094691
0.5598480429598099,0.5590513036160495
0.7528541757305472,0.759989306241072
0.38128238677315335,0.42301150450217073
0.3215729006193491,0.33193180628048136
0.3775866838051304,0.38776417983442946
0.5654790996278678,0.5679587046804718
0.6815257819109365,0.6820518215461863
1.0030858184104372,1.0137154555630281
0.8421000325096455,0.8589220675597387
0.5169817536971046,0.5216792633046629
0.07114422072920731,0.05692231189580243
0.33258809364971303,0.32669303159163365
0.43183231751293416,0.4393579177851463
0.01590685159479212,0.01623020673775772
1.6704959673587196,1.5365769153097173
0.4962547959768447,0.4818505462120463
0.45162325825937033,0.4303430611389941
0.41076328002428625,0.38517552781160047
0.6847400001986547,0.6928724603945879
0.3074283280190175,0.30507838652270536
2.2300250269321715,2.2985162147210207
0.3953112492982705,0.40605029638127565
0.3767156567678666,0.3980470958746126
1.2615492471432996,1.2937271476768009
0.3116325999294152,0.3197076139486669
0.6292181918475946,0.6259293473700557
0.3914089506917085,0.39476303801589335
0.22173682917232232,0.2122114961083529
0.08669184347921327,0.08707444453774187
0.47687604614281054,0.5061667486760125
0.5488007979935032,0.5408975534513704
0.36764356673373527,0.3329186919777557
0.4910864101712514,0.5399321411369022
0.09386968147551994,0.09226415008745527
1.0668926741586826,1.0849810745575132
0.640665178393507,0.6589061252163779
0.3209944954634913,0.30213235519573906
1.0337241505797798,1.0673893920404653
0.7009530953804514,0.7173566881055828
0.9583906067660386,0.9617235095670252
0.37623954450622715,0.3594702605607216
0.49437610056433673,0.46915543930230474
0.9058766540437921,0.8769344605297917
0.5591754050808422,0.5708356626862697
0.37248219492580126,0.3998045517798502
0.03168059132305055,0.05187462998076208
0.7311070812082132,0.7239319526425784
0.41994207758742413,0.46555600329729546
0.8438663372854213,0.8483001969975061
0.4263694380833254,0.43026223907307043
0.9636843438198541,0.9413342946120752
1.1920784388665278,1.2052559683926423
0.5205856572721863,0.4985572054604554
0.566498383581146,0.5831562272624958
0.9704713213688987,0.9372850885081215
0.47937116930692114,0.472041381829398
0.3350524680636383,0.37741123648951613
0.8244351736545796,0.8119263820439473
0.6876001075520703,0.6804118046171116
0.8250290391091778,0.8611635154575461
0.7952188643556739,0.7524569946892757
0.4086798124726912,0.44248293206907
1.0335010975416676,1.051534107623097
0.5455976813072086,0.5447354598255425
0.5811432869506449,0.5969234256349465
1.3904418550048034,1.3833976467995555
0.7862978511290574,0.7224076097474643
0.17535961988042498,0.1757071260369199
0.3773185470589266,0.36898352637458404
0.23066314556733267,0.23127649804413727
1.4817919994610071,1.4002626979308608
0.5273615552588001,0.528489401805876
0.5280529104473476,0.5203405698921061
0.5400975011886004,0.5300387832332923
0.36652784390748006,0.3606823265986981
0.7167672581469864,0.7291314659438153
1.0591595942624445,1.042311368110764
0.7385359078905344,0.7687351359507374
0.27825936151075087,0.2734622169665028
0.22571856954555172,0.2274506461717423
0.02748617004205583,0.028997828144031065
0.5476408978411589,0.5188666467620998
0.08400315881092549,0.09047186340444488
0.07974858244059857,0.07558175647905288
0.7177906270871263,0.6929380709424487
0.2390089256745632,0.2355597559733453
1.1832055397883403,1.2072323895956742
0.665464871982347,0.6556821513759382
1.6368385770196854,1.606933070382055
0.11075016493577064,0.09281128512010119
0.20822533629372786,0.19058294820899366
0.16287330158940183,0.14645048640556813
0.3885497566026462,0.404612943210185
0.5035425553830997,0.5330683514034147
1.0645669144771623,1.1230342490144396
0.6574843511093812,0.6441878272678393
0.8717463642268223,0.8876572930060443
0.14807296385635277,0.13537334935568215
0.6962390787232493,0.7026413187871647
0.21612433923419572,0.22045148940747783
0.28543123216009203,0.3129906448687685
0.36525850475068133,0.3982902286554625
0.7181734681923334,0.7049144234758673
0.3284375776133914,0.3333312907292947
0.37421847273228537,0.3711776625974871
0.5870307780131679,0.5846626493995597
1.2880636099222664,1.2326671172038566
0.5300806198350411,0.49616382631893924
0.3665970529242719,0.34776384236919217
0.4846088506724483,0.49590755148815513
0.23096552115342822,0.2796236096861728
0.4332846192584707,0.42696779270156504
0.6494612709220755,0.6238221605928953
0.8609743840185923,0.8456692963001914
0.7609401327079314,0.7546436910006654
0.31695272307880457,0.32403939626972633
0.10783768622675016,0.10010739545372693
0.11545234699806821,0.11025512765781768
0.2806882045173216,0.2605725736357233
0.45440031214727294,0.4354179395579611
1.1307733619119114,1.1378207663867606
1.2867497291550691,1.2945825420768864
0.1226845420542718,0.132384209779284
0.030780020420379767,0.04507664107029072
0.4689356874325866,0.4717624927209032
0.5281077352313261,0.5179172930997661
0.18497403693534975,0.14537482552584075
1.1555046665613176,1.119968301392425
1.0698987129766027,1.0693769750231612
0.07665517808700043,0.06819943618784004
1.1319256614565179,1.1561126746750903
0.5171535513333751,0.5561874338537867
0.30514597031507684,0.32479690498618274
0.547405217014933,0.5482173156846907
0.13072470996382776,0.13720437317694328
0.4884352888846987,0.49317426224539673
0.3602330456220761,0.34263367779967974
0.34401879652883227,0.3613823750312414
1.528822432047903,1.56496812777904
0.38523177700923966,0.4031704912142774
0.5841377092334148,0.5795903575063259
0.1965186358634847,0.18409976527048416
0.14267585030019767,0.13418411469519995
0.31845115423725817,0.32353213701158823
0.8637742473190373,0.8799949909461462
0.9370543315980735,0.9251009384778078
0.3120217312147004,0.31186809497238976
0.8584812875321374,0.8820939527731441
0.8824491305924579,0.8526150730309973
0.231431379392553,0.2246284684966989
0.6246471278984864,0.5938258955753826
2.249737907916624,2.321403063023333
0.9755045150575677,1.0071104832489954
1.5020796712061615,1.5177083114833174
0.22800712092159275,0.2104039884627608
0.4308735019151959,0.39616178221259646
1.1070956666254925,1.0938796925491534
0.65728185644444,0.7491040329259315
0.10326495868899281,0.07268763240257671
0.11336607108774777,0.08133909104536165
0.5776851892047037,0.586426074206354
0.5669714381223403,0.5278499518586234
0.22086316559717864,0.21739027118847137
0.3445379862794359,0.3222359522435881
0.22628793624593563,0.23752709386107054
0.5530857366126989,0.5597878806347494
0.7861896773230855,0.7692765787121507
0.6135214422412022,0.6191512222921596
0.8327546634611696,0.8083972667407202
0.6649012603130017,0.6968770449669582
0.3312195418037323,0.32232388516654825
0.1586495138047943,0.1450468074659485
1.171873383183718,1.290127908142776
0.5908941053682428,0.5914359490354866
0.5785930451724827,0.5810982978079208
0.27175644492107365,0.2264807530044726
0.2903777571575492,0.29001739699496193
0.8373944497415322,0.8607973821296498
1.285917653485253,1.2425362385862444
0.5492483687941057,0.46633127423015197
0.8938925856661866,0.8977592019048389
0.533848782866199,0.500641268641494
0.9253934277243859,0.9426361202526835
0.14861410793044436,0.15346623957250824
1.2964630524779237,1.4093325478286447
0.17961004330697122,0.20371418539317163
0.15095382587101017,0.15532081222712882
0.49195221599838723,0.5018659586860471
0.33208423555556066,0.3438844161242555
0.643406428195795,0.6330488966714873
0.827554680163738,0.9025924828181793
1.5317876355701014,1.3421949083809759
0.621909244977343,0.6385995099916422
0.8318741323426628,0.8389665598595448
0.4802873823933791,0.48442414138506695
1.0218128507101358,1.0259648444120189
0.6633037343466034,0.6335996153030764
0.4740725904629468,0.42634785865294295
0.3289639282103249,0.3213341719079628
0.7213809629142093,0.6870232730007633
0.7053574926151801,0.6889174272056414
0.27253853786847226,0.26186056294039894
0.2712254768465377,0.22885414509664906
0.49019240739521747,0.5160692547875758
1.2442703593716664,1.0815356295774134
0.34576606763232465,0.3879711675987925
1.4708618979987391,1.5043575664387905
0.6146737328458686,0.6865525395401904
1.2868022103692422,1.312269615226864
0.343129673366417,0.33970308216388156
0.6343744348050167,0.6149743958403098
0.22409993131916225,0.21620140851181638
1.4677203968371284,1.3446532140890275
0.2614277634376875,0.2559555127886618
1.1549811173581772,1.152569972351965
0.5620443468343057,0.5807280596489615
0.4271121041802769,0.4383488981850121
0.1788018271635299,0.16582778995180492
0.6500708271643161,0.633491506478644
0.2858928878904329,0.2826604377384968
0.17559615756921726,0.2248890164784049
0.24280355455287883,0.2843227545636626
0.18948518120458244,0.20799646312577802
0.8427092145591396,0.8493788149910151
0.35404377012887445,0.3616836635968023
0.45482415156011796,0.47075391334100286
1.646628980672064,1.5705436029657631
0.4309393921152273,0.4334969599011761
0.8622834537120879,0.8597182486911601
0.27820529978662933,0.2938013482711423
0.9597492250963816,0.9520265105533379
3.1770768927282833,3.299611766948054
0.14910845623622385,0.15173521070065366
0.28970306592890405,0.3101932461177803
1.0473642793357518,0.9926116682067402
0.6543446772437627,0.6592415653527539
0.26764875554305007,0.25986195977234894
0.7401084365350304,0.7605120496782908
0.34568512436728627,0.35397373635564916
0.9083965370777827,0.8865393570215699
0.40774876992582987,0.39854749395333156
0.5205073742914973,0.50235055872823
0.36001705368647624,0.3463634449874526
0.8218256358797114,0.83166824568834
0.48516764029456844,0.4900729692315299
0.4423313680301063,0.4486707506914891
1.1298931579153735,1.0673630818713373
0.530898260894743,0.5254053826111934
0.6978667719400106,0.705816303813531
1.0215196178508983,1.045523309981835
0.31083369073619643,0.310626128450929
0.3604779977496209,0.34367014960295406
0.5161104413245275,0.5388660843311597
0.7304207092164372,0.7141634757403198
1.2239989004825487,1.2335812720756756
0.5918711566697923,0.6171171574507531
0.42986777974952634,0.4258255273531501
0.15483103353275093,0.15967520004598718
0.5653206668188733,0.5878404764681577
0.1412780482036285,0.14864039627635173
1.3249498079477686,1.3973035546944763
0.5698568059245283,0.5741465080402611
0.289486103787221,0.30608962403334694
0.5060748808382799,0.4870587736097484
0.11494753714982812,0.10313282192278139
0.45701396299192193,0.4414711507916842
0.10841843291295306,0.09841510536295545
0.8874613961450893,0.8449269923191451
0.3069137833346976,0.3671435567481411
0.4529305927198892,0.4617270766935515
0.26626333485206505,0.2615928959884358
1.8905909889729158,1.9661551901447794
0.04697654322479056,0.05651125753971926
0.49213963825811563,0.48320612239157223
0.28328618685189755,0.281002472174423
0.4169860952197033,0.40212066094779947
0.20331962049310545,0.19980935802256777
1.2751211117080712,1.321465090840767
0.3104098950078716,0.27480113887900787
0.7338327037427795,0.6369464221048207
0.35170463311909705,0.29616076991145435
0.2064678525687888,0.22837649722156955
0.6828578375099542,0.6781482448814022
0.32144823630275954,0.3248103908800135
0.27999642136077385,0.23385055527801124
0.7275823105333303,0.7270000136472367
0.2155421135792603,0.22175375168130282
0.8699083332276659,0.9316979002181891
0.48010739427758564,0.5178301451997277
0.2807946246445228,0.2830615285149562
0.4534628914168298,0.4520824758867501
0.775580669781298,0.7526720121594705
0.11893614897787083,0.13267051854506584
1.1830927797528759,1.2091029677856975
0.32244193272029603,0.303347257883049
0.3146345597221073,0.3403980455861158
0.13817039809790813,0.1319232778903572
0.1966838122006528,0.19599344321660386
0.5917598378147326,0.6158650289074662
0.8829513184214289,0.8534181503477679
0.44947694646235137,0.428595088697691
0.8114701487967063,0.8554551318043178
0.5277058567538611,0.531254858240941
1.5469083350189543,1.514558687183927
0.1490743766398697,0.16875324956479992
0.6562361907319184,0.6389738913839841
0.7966352681737903,0.83350191903089
0.7204406703552331,0.7195051409906297
1.0266077006121022,0.9466830762817009
0.4798046241085731,0.49914821018140304
0.38789100128415277,0.38330913083757034
0.11842795649567926,0.1123124561846528
0.682983532327525,0.6854267903159796
0.1564309935823943,0.14610110899577264
0.23757622782341173,0.19116184534406322
0.7195170171167188,0.7294947961592239
0.38433588596757257,0.4089323244393489
0.8088637821723583,0.7635338599784861
0.2909935193260815,0.30214540303151816
0.1944678439386099,0.25211226304353834
1.990553814506503,2.01942981171679
0.41776108559651254,0.4323247776788869
0.9988484035609595,1.016265609928789
0.6074793386041739,0.6364498669016787
0.3689965871865826,0.3269899186495375
0.12602039079023625,0.1304841606208579
0.39512498816625163,0.4866526657021713
0.14861837403493836,0.14903089479705156
0.25486683909211666,0.24922022637310995
0.3311953450518051,0.2891377128713842
0.599429911515928,0.5912360948572256
0.31832816885247134,0.32039181961249186
0.7579420649398522,0.7247006609773491
0.939274387826004,0.94065017121281
0.54928669309359,0.5430090260739837
0.5152149955675276,0.5308807248877859
0.15021405864762075,0.14357895171285495
0.6073754323724334,0.6059371562201543
1.5907557978532554,1.5701172798230612
0.2954134121349552,0.2839139066429946
0.8366039013955869,0.855510840265833
0.480192183683658,0.45938853525745577
0.7466768283278751,0.7421531911028755
0.3648456076231796,0.3645853777200522
0.39062602210271447,0.3931640726891647
0.9644681873509173,0.9052887549012072
0.15710790259121127,0.2037883563090479
0.3435861684315958,0.3344238809431633
1.2154726809235428,1.1895377534382277
0.8831940493432384,0.8718460510700268
0.14109031453614826,0.15066218978046753
0.8903434169159541,0.8822738503314966
0.7732038732480645,0.7999713805744794
0.836660009859901,0.8156762517127146
1.164345956151321,1.1478563731055662
0.09442937685257069,0.1123004638331018
0.19202118975038332,0.1929341252938649
0.49244662797092803,0.4721951053282924
0.6649756709025579,0.6453575374748171
0.4647956211677821,0.48392244668517975
0.054616620719555746,0.04784945370034514
0.43689517435494224,0.41416874871780096
1.9542089630512431,2.0108123293018343
0.8955876116049544,0.9246686331659076
0.6125230925759738,0.6317871242704877
0.1928872011519997,0.21389172116098115
0.23436012590918054,0.24127147802825985
0.5750959893509259,0.5446743379857528
0.8818675193810958,0.9065438560254321
0.16654051879049653,0.16605450979434241
1.296941528237535,1.307553596863503
0.21060897558888092,0.19831711157296583
0.27716600954607773,0.25365817949793024
0.7751844907978077,0.7818947424367056
0.5472565811270264,0.5450623918389587
0.2836556674138443,0.27674805426378524
1.302071549694638,1.3069943243420175
1.536634484274614,1.3467425779739504
0.6898959172743643,0.7335819534604584
0.5388856922039968,0.5424645187617558
1.0692524515303388,0.9658660392158637
0.8994526520727454,0.9421397070438069
0.6688652700453713,0.6826296365434279
0.5806516057693933,0.643095114230832
0.9927922733672482,0.9655343077101883
0.27668254350895966,0.2609016858669547
0.36125335765699795,0.34232157100144917
0.9538693256268875,0.9079681236035532
1.1142326239829072,1.0839857923257206
0.9914730661022447,0.988101373345298
0.5364713977860435,0.5431171689353933
0.47883289505017324,0.48493744083613155
0.7734082629447829,0.7947084786103257
0.6644933500369017,0.6762774358037508
0.2868029884815258,0.2556111533720729
0.4258808701827336,0.42039273785389863
0.21213530980913406,0.2191185190718524
0.23037618984132066,0.24822783335716544
0.460852734658136,0.49602081627992467
0.3404822894213689,0.32288479822509725
0.2601703748638897,0.26603561499883094
0.8328656122507393,0.7703078844900277
1.3389963010095498,1.330191747856953
0.19319040217589445,0.21624548383953238
1.0669705943354382,1.0858703279681714
1.1775955528808366,1.3357997387168439
0.7309583382812704,0.7726723375682795
1.0779533413202635,1.1093986311792896
0.3724867858667753,0.3759544870279143
0.5541473399663094,0.5563774439356001
0.45252193993046824,0.39770190793643967
1.456640555979249,1.431086675060236
0.3104452337412102,0.3112150717261202
1.2058993790855561,1.257469296386663
1.515893387891901,1.571407215212459
0.16573670838797908,0.11887921739988282
1.5615695471960336,1.8456394546143164
0.35413610107822147,0.34703779242335714
0.7828418620527261,0.791701439555721
2.039328888535211,2.041612160968395
0.3909581927713065,0.37766364077737397
0.29514370262983836,0.294587955836908
0.34518891974161064,0.3112520323198322
0.38210289674725006,0.38019489110672866
0.23482075680780676,0.24803233746802913
0.10946578543690742,0.07504906722718227
0.04534845782511011,0.04846953471699654
1.3577122190605906,1.3647298254794187
0.4887735902661593,0.4978405023266236
0.561963101910816,0.5683874528304514
0.5689351973445472,0.5632076730171954
0.270417319667337,0.25495558620648334
0.2978472850169764,0.2993951810376898
0.29069190953928054,0.28044036660638144
0.8992859921954092,0.9219085058945188
0.0653371537917788,0.08494667666124933
0.47927309844153404,0.4819355997247346
0.5062028965844279,0.5368648301740961
0.3228095509038182,0.3091888278982531
0.8947989143817728,0.9293668251628779
0.19224793845199173,0.16960489893660477
0.152396398668139,0.14252364252594982
0.22656380855572944,0.25463265414459285
0.5435634394272377,0.556583045465828
0.06062663140290037,0.046054087527492446
0.6156868812884014,0.6134789769845578
0.4990073630009979,0.4974280683329068
0.17236227147329058,0.1812287088638891
1.3868050157963696,1.4605838505378252
1.2210672752767515,1.2417191899621915
0.49817526979760524,0.48417256831913097
1.6350719246881795,1.803656528076823
0.5639946287112504,0.5367817705868683
0.27292328042463976,0.27863323533908013
0.22647180352487986,0.25573564711026386
0.3777966584950265,0.35630067265121895
0.5126158818424437,0.48064350428873354
0.450911986432114,0.4778805533244751
0.6627671141237965,0.6448397760158121
0.7562038713020454,0.7606482206603146
1.6324616383827297,1.621764715144267
0.6535761959266637,0.6219397733815957
0.8293592338075025,0.8116666997364405
0.13032696231735472,0.10379787882276054
0.6799431814082428,0.6475560857127091
0.3367303444597893,0.321980159060096
0.9943607981605707,0.9943906525293104
0.25052571539585733,0.2292679238565132
2.5642678986197738,2.6484729625177392
1.2785163458004025,1.3077599336811012
0.17269631421336365,0.21659576591857005
0.24211484271532038,0.2464206359768226
0.14460742866305157,0.1434315173554929
0.6149354028931078,0.6144723089245947
0.07464965928138645,0.07559836594032499
0.8047345579021647,0.8128418807068206
0.251039245340477,0.28305702012931766
0.6807674211795586,0.688738903859869
0.7030453915150721,0.7042312174442672
0.6622035979897154,0.6342057142758464
0.1909402572279019,0.21011616831478863
0.23857736596892273,0.2135665626837557
0.5805010984024519,0.5979404369280538
0.24506562169878773,0.2800618574706659
0.967283395365761,0.9722058945067072
0.5851647319330174,0.5950744708703577
0.8763816464017395,0.8040701626556567
0.5799049817782486,0.5742681473985147
0.47519186425381155,0.4716924511143022
0.17430922279011768,0.18046747763577023
0.3500357359618347,0.3108232827127653
0.9494396166729091,0.9448924009946252
0.8184935492692014,0.8177971770703497
0.35112138856299896,0.2696691310357198
0.03543377202902861,0.03631964130346024
0.2290865862369088,0.26921982711059816
0.3721944734249614,0.3911112211302754
0.1915080882319753,0.20622140574059902
0.9350359526804981,0.9042882664212055
1.0994147526153897,1.0901846618536926
0.9955316832029623,0.9885670581772174
0.4511778430898604,0.48785379435169646
0.5607190523109689,0.5610660265829824
0.9257422093823446,0.9298366099553026
0.386227549724081,0.3580451787763839
0.9299540638561544,0.9542314320715073
0.4020747428372202,0.4192007014005792
1.413721394252891,1.458307730925179
0.2597823955889006,0.2625053133186113
0.25157570777759264,0.2582247887496602
0.4881949836803376,0.5149536527858442
1.0713398220210222,1.0186922976297483
0.34123172740072927,0.3309834113196032
0.4206085369653671,0.44464411661373515
0.3787450006124277,0.37956745238927303
0.1640497097913043,0.17334663170770667
0.6243980455610163,0.57567603056105
0.0985833090918475,0.1307576880152559
0.6970927562353928,0.6745165326613989
0.06602932519531314,0.07945797212005218
0.6105715765236397,0.6061893700500841
1.2893881995671976,1.2670002446546873
0.30177005150818403,0.2775804575903579
0.578646073008141,0.5774067666418631
0.8526572241773318,0.8569107999046373
0.7060331342981407,0.7267768494029743
0.5544342220689761,0.5615709848579229
1.0456790811028835,0.9733586510228398
0.5510896985093815,0.5602263068006058
0.3749389530219088,0.373996128520338
0.2848625207457907,0.27762886313910673
0.4083433220780267,0.37377567089252073
0.3704818020773505,0.379000592386758
0.15248347043097987,0.14991232042907704
0.1393325622770979,0.1133586219877247
0.5823305533201836,0.5570502674529082
0.09914729698436857,0.10137095020954698
0.4329754233142656,0.41200388595119863
0.7289567873217413,0.7285196297674797
0.5075722916377992,0.5258238428339428
0.11402910714669102,0.11722902655907215
0.43109141323004574,0.43040271661059804
0.7013338851440661,0.7106046522823434
0.31476901399629914,0.3549166492338633
0.7032032926085396,0.7117521356940447
0.6470902450670256,0.6323063784801509
1.576259859739815,1.4974887705715703
0.5119820374934629,0.42696656464319377
0.4983219497204745,0.4879566865638463
0.37062309067856264,0.36286866897105907
1.1705215330503034,1.1758178288212602
0.5505034091772246,0.551051618299055
0.22031034326378443,0.22118521770788546
0.9926526395269052,0.9569198769747669
0.35303565010765653,0.30981496199610586
1.2276952087670083,1.0477409521580203
2.0496452694370233,2.138165690180895
0.5695869352792134,0.5364758671697681
0.6694301335502938,0.6716076755607147
0.6359753960702318,0.6045084968425906
0.5913677702211668,0.6089527175664861
0.5506672547886584,0.6071782945244021
0.3637682964415542,0.36819388796626606
0.22589104807107807,0.23418220364018402
0.23269034226615556,0.2595008154745596
0.5254838349702164,0.4992983525074764
0.8493289503835123,0.8202896446618776
0.6510818047967423,0.6107466966122493
0.4641286035627468,0.46116190989200195
0.25248081020137103,0.23429665639286762
1.0086421375695114,0.9810021628560673
0.12730540392890638,0.13342225973792443
0.727477237915696,0.7417690742331658
0.6074365867485632,0.6003465738893654
0.510567610470883,0.49489194254670404
0.2844710672012755,0.37852184347263496
0.7507853119455308,0.7595781068439453
0.7725552777147858,0.7471750487981611
0.4536185129269962,0.4195828682581274
0.2534196186099008,0.23783299991744478
0.09050170812860477,0.06530734807960013
0.36442550735466783,0.377204353331628
0.3172744896652873,0.31728210504157556
0.7414714969200654,0.7279651591019486
0.7634597210462518,0.7715480072292291
0.9194691747241241,0.9302820878143877
0.435981486338462,0.4485829361383735
0.40810579688105725,0.40261765784152953
0.39763909604168485,0.41054060360620676
2.3940382032369465,2.168625106456195
0.5621971800010281,0.5588646942478517
0.3089044762668029,0.2951464278879663
0.7789732638544082,0.8168144310943086
0.6505612066867116,0.6697447318838513
0.07793818962564995,0.08023476840891983
0.2378450842565199,0.2381831261750905
0.5107127821458469,0.4581778304719309
0.3794408939276323,0.4197758965210432
1.010872442458912,0.9770436421673511
0.12314407047885716,0.1311697503433807
0.3810011654022198,0.35809568367427597
1.0166653871976756,1.017122893265082
0.7113435825844857,0.7067648019760079
0.294060705674807,0.32158401261507874
0.33692506684992213,0.25865664933111326
0.25615998853134336,0.2173836609638447
0.312706668103645,0.3112013676689657
0.28082098924758464,0.31863617845756415
1.13504800261212,1.2200440305129998
0.43116088755740695,0.3897459631283492
0.7989583910568412,0.7617302520091767
0.36819281253808356,0.3334441896672324
1.9549181732695802,1.9071041820228938
0.8383363998079835,0.8415201521008541
0.6300785483123971,0.6219757103302002
0.6575600073629849,0.6670097049139687
0.7170247562862407,0.721145336909987
0.41832791213674175,0.42689254462819043
0.7188188704611099,0.7609668677300047
0.15996394781244933,0.19523122349974392
0.06724461819646009,0.06747971715756541
0.18061514050856473,0.16959633244133013
0.3318650490623991,0.3207392735750647
0.21131062713878176,0.16227978040867386
0.3719484380633823,0.33067640112134833
0.34266382201064194,0.31972842635649573
0.34165439703161715,0.38099439015189634
0.6721998736249604,0.6734070890591298
0.23592711729532206,0.20159401317808845
0.30007447628780676,0.2889634493002695
0.49523583324313303,0.5689150461567639
1.2845923348136288,1.267929113379584
0.53863006611745,0.5343261800294777
0.6633210564488219,0.6643492469619269
1.3507295912600847,1.3592881080005328
0.8416352949316602,0.8672963520356267
0.9453698918740859,0.9035175518087794
2.193629213309592,2.2140375858787316
0.08103610142643469,0.07169894984162802
0.9224373158546147,0.873971077149005
0.5795833916758474,0.5985500172564904
0.45232141031361267,0.4689070542447812
0.6605300115259265,0.6641266681622741
0.5459752223834289,0.5515742410141082
0.31473705266316276,0.3442062969600086
0.4586299080828739,0.4869437407604511
1.1989667007955922,1.2236875802174012
0.2836671670854872,0.2840879490387131
0.48401667468285103,0.4909671512109311
0.1766308725462002,0.18641650899573148
0.9911215400397319,0.9905636979387572
1.2201393628194106,1.2360944688448277
0.9977194427655008,0.965765646097634
0.2655090024155651,0.2645853679380046
0.29314858897623064,0.3010826326808299
0.4058825397076422,0.3847060341871146
0.27070898881414457,0.24768341124476012
0.9386272456989099,0.9372247330640409
0.6525870698856172,0.6476763715631846
1.4084999879755982,1.3868665219716982
1.0798137347033476,1.173495200820683
1.1198274210102568,1.1646814597793496
0.3240759121167254,0.31801217418505434
0.4876110871687907,0.5041369601222347
1.1158298937956794,1.094147140616823
0.21259209092500364,0.20410385978332873
1.1002861580483914,1.1671657136308935
0.07477542685793064,0.07801624496656205
0.6580210868409995,0.6691977515030653
0.35255641904568097,0.36291379128164536
0.10700600427346012,0.11735899941119886
0.5408957883362921,0.45520190908030045
0.7898020382731212,0.7927164525918878
0.5485737733715963,0.6202035761883358
1.5052758212195332,1.5536238101408941
0.720180103124562,0.6866136549595644
1.2999199170986417,1.2765335234923745
0.18601316751095429,0.20880996822833056
0.6483291708697678,0.6493777178070101
0.7558125060610575,0.75439397941453
0.7419109796319715,0.7408375402152898
0.5274168261443163,0.5182327771466222
0.6836071789963396,0.6853662473331757
0.1729014504283289,0.19078798754844878
0.6960825851607181,0.7058054491512005
1.5911366984287223,1.7319701331457114
0.5649982984131006,0.5601522936922154
0.4386298522640382,0.43165034729621593
0.4848677955111257,0.5253377502083957
0.5490845312343028,0.5583072989342293
0.25260989729693606,0.2381513080709997
1.0171061947983402,0.9622700506036306
0.37003325250885427,0.3777041844250173
0.8787602224719647,0.8728242928037429
0.06557942184699565,0.0493971414256202
0.20427460042678156,0.1884842913812494
0.5784194077166966,0.5679337798161709
0.11463384247424532,0.12796536161142014
0.4147031645180217,0.40178087583321087
1.1604666982045737,1.117534718848244
2.662870375507075,2.789760793055288
0.9630368055532497,0.9646338141336357
0.38553766791958644,0.38362347212686115
0.9082063506706062,0.9174685804456376
0.9949995284936974,1.0048436091414392
0.07340476394530097,0.08676077245214514
0.24344746223110827,0.24257593194010224
0.9036235271906546,0.8768219706859274
0.20720464765745567,0.19372609774290422
0.12756098013915487,0.12746883737736728
0.5176647980901091,0.5032730536667164
0.3759334893682771,0.3736378348491026
1.217254656603392,1.2921056092411223
0.32681949253491643,0.30254506833520234
0.8592209647244751,0.8651998648123966
1.192221655601792,1.1304077471817027
0.5052941939987579,0.5121394773162358
0.048078382889045326,0.04997716005185472
0.4795467393881939,0.47712543380382083
0.39415188477317215,0.3878754341506076
0.34561812052535545,0.28746053053453163
0.7428676885481155,0.8181946939980584
0.7551604144365998,0.7658880215244438
0.927824384085183,0.9113609612904022
0.8847893111780242,0.878612690920219
1.090812827497591,1.0505905025658915
0.7703471887166321,0.7312057015089561
0.34030514979142257,0.3907286331174223
1.2591283036859613,1.2644093631952769
0.023733871168530506,0.020428471184312607
0.3699254333317625,0.3507826227941829
0.6991847990596023,0.7071133840837
0.6887271537683272,0.6726802031595261
0.9221818986248589,0.7383426206179431
0.36433735035986164,0.3576501303495221
0.5973122245329501,0.5905916852218159
1.234048604165068,1.2169961546408814
1.2091712595135864,1.2156086766508696
1.233193756224524,1.2079946597993618
0.8792844027795937,0.9119096978487645
0.5589893096197889,0.518126837772031
0.8064094140355479,0.8120144075078907
1.381477721103804,1.3157139575924044
0.35158932194457865,0.3477667269509149
0.2409927162113137,0.22685368845559234
0.5764698582303551,0.5779079309849284
0.17722143888002626,0.19341213673832164
0.5562333918121916,0.5629136374229253
0.8062598813992665,0.8032355103396683
0.9837857597416684,0.9569033964537267
0.21605863733286604,0.20572496336351645
0.03527277805369878,0.023308023141416882
0.22858416968405607,0.21632313543795895
0.3554132907471449,0.3999950995673171
0.8202429645924868,0.8247535315582053
0.45735501311530047,0.45318828391332777
0.6991586035753795,0.7654898518810994
0.4436015302150904,0.47373130743916675
0.5389555820019596,0.5373740088798691
0.4497235109595109,0.49492116039722067
0.3188188313820252,0.3162741851727407
1.2230463733966237,1.1215406656554194
0.47833097884955317,0.49447729248883676
0.5128772134714535,0.5140812786377621
1.589725321416848,1.660627644079336
0.42021242742433246,0.43461116041616454
0.33568431694741685,0.3630236494059818
0.7326290284100246,0.7577626808972092
0.38643299948003973,0.3809430091607767
0.23781546159944741,0.21918266226511032
0.5329268352238495,0.5276527700491552
1.2899478656113361,1.3194158968480283
0.5350775235042663,0.49969195400059185
0.278218589956171,0.26964726761168806
0.34261682816740335,0.3444240030868144
0.6518458408987484,0.6756958881918254
0.8612305544272323,0.8669452464024042
0.4382052696944763,0.48070312328130665
0.25873393260566685,0.28886493037349664
0.31688648249230944,0.2861808081078604
0.09912212571726105,0.09392765626783914
0.3961888611702917,0.39570032113856524
2.0026074342391893,2.0088736511207883
0.574280876972101,0.5900465978892774
1.2791786407818189,1.1682163251166924
0.1994272843465946,0.20345480737321306
0.6607732852469393,0.6124145228101535
1.7046400077692967,1.772604747979993
0.39540631034837814,0.3964922797964143
1.5771162148879012,1.6217356867054447
0.3698565986802429,0.3572092160323963
0.6935465086952111,0.6359826101954409
0.6137459281201973,0.5968800498894516
0.10917966911373042,0.10142582428897086
1.8005258331773968,1.944219512175853
0.5980729110389864,0.6087744602111615
0.5176961660873527,0.5218224684090822
1.7380730254340868,1.7932214205733286
0.4057077710359926,0.37888566912968086
0.433285763696491,0.417384489024236
0.8878725159273009,0.8877523168483062
0.2402377978291563,0.2593354850317475
0.31491515702030826,0.2971403230517605
0.6552679553203897,0.6585963184095972
0.05840958931612495,0.057721157337453616
0.42219393850044595,0.4351780079062575
0.2621419368830005,0.27578274806287695
0.26400667226928803,0.2836681632465126
0.20916973255024468,0.1862971966806153
1.1506669792598012,1.0768792316172273
0.6547840220323962,0.6433401586758954
0.9338625538131662,0.9051594373714947
1.0571248629574612,1.046226588488463
0.1409778024417595,0.13334111570693497
0.936783544714865,0.9462264058997465
0.7808136057027751,0.795391253791844
0.19562363957207074,0.1858260088596833
0.39997479958752685,0.40904566521243496
0.706296562592717,0.7268905821671714
0.4966058974367279,0.5159975623027654
0.13080967196141624,0.09297267972547822
0.20950261139389253,0.17574612078893986
0.9671965312781954,0.9751711421946782
0.3768588315889966,0.35973635555284156
0.6182401175071288,0.614447238815329
0.3777440153933728,0.33438978340225045
1.3204538335165892,1.341488235869146
0.13479150486447375,0.15871494511865372
0.1203669487776512,0.1294754080461005
0.7719646447205297,0.7663623331086044
0.5350846251185102,0.5424994633322638
0.12527170811993849,0.09942801117203201
0.5208140314236085,0.5285745398597957
1.3240141196473263,1.3449289496963452
0.8676713550735118,0.8708153196594987
1.3187285172395518,1.326501712019108
0.36074743688263244,0.35731625153166696
1.689607564048738,1.7596945344162878
0.12898316238714017,0.09108681442873907
0.8537483252203176,0.8702151911528726
0.8980158666630627,0.8003462444153233
0.6496266490181637,0.6829898269109979
0.42914419310051805,0.42639638230123483
0.18459670797337052,0.17186776041277876
0.6433257057249072,0.6367377435372236
0.18533557199076042,0.2039451778483702
0.23126692826766782,0.21027361708864462
0.3052175605272461,0.29363781503424036
0.4273793921815281,0.44484997195030906
0.6737935192836547,0.6784969540620854
0.2701697676313652,0.29728849391416684
0.07316641150727883,0.0730974753368532
0.5936427176861041,0.6132508547771383
0.9461566144345355,0.9507028134454665
1.3872042068602293,1.3546570791688457
0.1818606012380044,0.23688166029289567
0.7015616401264022,0.6970262805820372
0.9050306273824648,0.8827902843271787
0.7294556472224628,0.6761828547350373
0.45435689279228353,0.44783746205198993
0.44197413359764076,0.405879683599441
0.30341418390628655,0.33303550327406145
0.3832017670315577,0.42547366053836816
0.8842458383324386,0.8733535054212228
0.702177832038372,0.7094233973830796
0.24955086152695752,0.24881748094344516
0.5494039543903044,0.5304032182120875
0.28636698862098275,0.2706306405811466
0.23052522273917095,0.21441925889823457
0.34138919556312014,0.34668065073371634
1.0167561006612582,1.0071748759449148
0.9668264473982922,0.9560347620382827
0.5184771676574157,0.5242896794366396
0.5202636093564647,0.5379140799216889
0.40659609335205493,0.4008969051676003
0.034146269345488374,0.03665841493967886
0.4318312151934199,0.39734507216198806
0.4039751246685122,0.3955195929600091
0.8468441633120991,0.8468112130587051
0.39092202362861506,0.4559704193121905
0.3789833861027754,0.3186126860309979
0.2984658496675132,0.31633464852717214
0.4456598370403745,0.4722147794673292
0.10126628810379827,0.11170072583940982
0.5255404802019041,0.6062727723911132
0.4643485229314466,0.4965179184757734
0.5058639573901641,0.508115418727625
0.20964538642076136,0.18243884353705253
1.005892579792006,1.0067771761578082
0.6310453356422882,0.6398106457583649
0.44954574265916714,0.4110983629799533
0.9107748507691069,0.9315847112997668
0.4117330667737251,0.4148544899785226
0.2577708568933615,0.2695762490302612
0.3747215959981251,0.32760623048783627
0.6635990983668041,0.643862288449722
1.7444130296480138,1.8562692779295222
1.145096770766058,1.1267454208708483
0.18482049296819483,0.1592373677102675
0.31766396114841855,0.32609703718833744
0.7958667966490987,0.8118203925905908
0.44538338006935374,0.42704347263934483
0.23487425944824866,0.2511963147999409
0.33030636765033694,0.34062757137098904
0.7365760376093891,0.7657468046180869
1.6208923445941184,1.6357364748729375
1.1982753774848731,1.2254969149401584
0.7335152428506309,0.7630716138904352
0.886426938639735,0.8986229440811244
0.7038025379489875,0.6924026799592878
0.6909287226295882,0.7017157869117432
0.6774211170338604,0.6801732899157078
0.4074878724134099,0.39497409823137336
1.2359697703437282,1.2327306550586783
0.11080386810875709,0.1229985604521799
0.8715754812940714,0.8780244635261106
1.0415051412083414,0.9905461175294229
0.364874175239076,0.35435169509850806
0.3677929381104234,0.3610021153185695
0.34662524974751213,0.32993846978598224
0.6871337348911472,0.6671555260062221
0.6774857418930852,0.6734126342712637
1.0769341571632998,1.0409510415190193
0.5403307456228076,0.5217148966474625
1.4793212304213055,1.5214118006725565
0.34303386709888095,0.33994136029237665
0.26061820055380447,0.25686842657504955
1.2098542650628037,1.1544400739646383
0.30647649919882364,0.34206592141378606
0.15286867750037886,0.1679668685325902
0.38871199692631236,0.38837727130330674
0.2612949402276378,0.2677060903817135
0.3272196699318172,0.33359072678018203
0.5612838015881023,0.5484848819739236
0.4927417160354923,0.4860817012492867
0.29714267967471925,0.29720073557349164
0.33112188538085013,0.3499644260737515
1.394495918194211,1.3610829939249744
0.2623783113546533,0.24983174844380238
0.2858807310989478,0.270103995596868
0.04559974755541732,0.03528253171940539
1.1766488748995456,1.1505499686045628
0.13378730602885447,0.12847187322294187
0.8291185890033033,0.8379716907274996
1.3699416201330958,1.2811330113600312
0.11225140122971725,0.1376347808343773
0.27380833350778877,0.2709946051267113
0.7764466590836678,0.7588832971420646
0.14057974705083517,0.14293541406028565
1.4068517850600395,1.4328053760207955
0.5650763933414421,0.5524269455999962
0.37635298557167546,0.3134296023955386
0.27968260212703383,0.2671091609197648
0.6567502649410161,0.6412811179634268
0.35712526882887474,0.36894263417813594
0.5165681077956694,0.525109575837149
0.1809429895937885,0.19190189873255817
0.3159352605515501,0.2836930554911103
0.1884915650273052,0.1994482941294343
0.424707200750725,0.42811659458445145
0.20134776232328003,0.17985562612458084
0.519070161246936,0.5151771434878671
1.6624847411965609,1.6834424296066066
0.36668969236221177,0.36447231982419703
0.5236370127385006,0.5563895044329895
1.8815690576649848,1.819346427502219
2.169334102596978,2.166958753354789
0.7843217040376987,0.7768404265333966
0.4329811494584631,0.4319736857944846
0.8089379857902953,0.8010271800101526
0.016423126281369563,0.01666718178575366
0.6191308679625007,0.6157650214537581
0.9011895221403098,0.9015211104005537
0.636044983989264,0.6407137389900608
0.3060823004310474,0.3069052579274168
0.4366107423654201,0.42857587766761845
1.0382951338250794,1.0448280391841054
0.4516105290698493,0.5596353317229279
0.16582477756806133,0.11219147891479073
0.4225929868353331,0.42417130018163635
1.2348590773302965,1.2379582333353405
1.0611036147533501,1.079401870949266
0.3171047697560391,0.3066824817074343
0.7484173315513802,0.7599171455806903
0.3889355467542059,0.39634477996822504
0.9976636928738615,0.9567632474947677
0.9866987720818569,0.9718581511620152
0.627995801443599,0.6162203023472487
0.18210628595686879,0.17376437783558046
0.23729926467279683,0.24027583185104068
1.024974701129121,1.0138066749578478
0.06632811165574855,0.0599283037691835
0.24327765956474512,0.23397687376488419
0.46633265865182244,0.4252903999646289
0.8545730593754343,0.8470071041560738
0.47403268523980163,0.5663794955893016
0.5996690398127904,0.5892045651475459
1.0548314648858843,1.070124346449996
0.7279624971406343,0.7395008589624044
0.8073815243945681,0.7938513385071136
1.0746750881917122,1.1329758275937247
0.3975883928823291,0.4016664298286991
0.3967049194704597,0.37277208007138435
0.48127146440617247,0.504790254920374
0.8045269372281898,0.8672806156489871
1.1763656707816381,1.2941762288275351
0.1606650681915705,0.1735503223556742
0.06049206249831871,0.057060162103738724
0.2998823204760868,0.34235676791928227
0.6935628695368413,0.6902725391416495
0.3430226992319884,0.3305721927993965
0.2568309001700345,0.29863774142130123
0.5110593741655013,0.4728314272527039
0.7572239105350844,0.7528491015977877
0.04065821345305878,0.03580381504177195
0.8062619412556481,0.7676891409521875
0.36668807364654216,0.3638317833341837
0.7001236438107276,0.6628901988507367
0.3107629899975448,0.31533140328251624
0.8972191616141598,0.8941679105290816
0.6529716459844505,0.6496168034669698
0.5756919753175166,0.5819151410712194
0.8073669449266179,0.6900837168832645
0.5413575640114875,0.5628497382451356
0.7729164059706449,0.7891335870956506
0.5330807962310792,0.5294574291842973
0.059705524730781355,0.07784715248876994
0.3911633587519937,0.38493934368041993
0.08676059266975619,0.0813908976672945
0.45048056494569894,0.44964992898676004
0.4572384360055385,0.4557530435649051
1.8614364334439808,1.832275069987236
1.2584585432975206,1.23311980166757
0.752298070422208,0.7224830030065434
1.0692186090737772,1.146562083081602
0.8454787224260761,0.8335964576590018
0.4529001322373795,0.45599123425773547
0.34109257250100733,0.2795882549866136
1.0397890737701636,1.0630747337147248
0.5909815626514304,0.5629851682169994
0.11189100062953769,0.10276702379581659
1.323334489304293,1.3518201523117293
1.8607130685205158,1.900151714361981
0.3677252594932321,0.391497076415637
0.3969094797046073,0.47073932886512093
0.8017927696946394,0.7987067089955305
0.42379330344701766,0.4296983868685457
0.45811439651772196,0.4485272439521692
0.16199793132487927,0.15831266212285844
0.6371558971512142,0.6382142606140166
0.3627842606955306,0.35840385351863435
0.40502145305732307,0.41151065538469944
0.4471655216074765,0.4548328334378561
1.3150549170184545,1.3529285870088539
0.1942098497993607,0.2057577786546547
0.7953712509666857,0.7977039791416682
0.5708491530186564,0.5740432878460408
0.8844217984648757,0.9111987219731311
1.159309202983276,1.145547861129188
0.45846186017828006,0.4746831620656337
0.5624485943102522,0.547931582605811
0.34576082838001143,0.32212289587073734
0.906143413884618,0.8952408493605111
0.19098585890081796,0.18826065729287383
0.20907456252522016,0.22009306659316108
0.6195048392395068,0.5732206473476595
0.5124616940733514,0.4881734265087112
0.6220455913156837,0.5999670187004007
0.5908514719280691,0.590371984047274
0.08896057205255462,0.08402126057006917
0.7694603709806372,0.7702250128312949
1.752754534638046,1.8799851221446033
0.9062388383269337,0.959152938218839
0.2541759491653671,0.30190871111778295
1.1166645588774067,1.102321407343262
1.507088093840669,1.7970986294842024
0.6618711027658544,0.6748332456115433
1.019691290655788,1.0013275741045584
0.2044935372085574,0.2424469313348831
0.08158592624726638,0.08208893729887216
0.4402439554198471,0.40676439457675895
1.8445968052789659,1.6667440529680475
0.4451669845605137,0.4378452536852888
0.28864265219315316,0.2959899872247594
1.0128112277040904,0.9819724110304721
0.6813099856948707,0.6967758469050349
0.686665738166726,0.6243308190214515
0.7487621811640396,0.7632466077313338
0.448963620308101,0.43096796235776275
0.9668744083369314,0.9501713593661733
0.207717807492486,0.21619464797445742
0.6684554347485767,0.6699174349206328
0.7439494965726422,0.7449921181960905
0.9294576557735269,0.8794619156863291
0.6570292483616751,0.6310946814239305
0.6080379406347175,0.5999600385424021
1.4320658999032674,1.39498005123693
0.030839557645663648,0.025023133707715386
0.6247434611779811,0.6219185726825084
0.18033268293831595,0.18083159141826796
0.35737979446311596,0.37350216863279656
0.9601773325884844,0.9506013871804853
0.6565094826555885,0.6198160280826002
0.29024665986332504,0.2769419596922774
0.33203544914781,0.33825027237116817
0.7175471866070028,0.7144722857288479
0.6339027736733799,0.6181059227148801
0.6105894034691746,0.6264847636191252
0.5597045125286182,0.5817709717775362
1.634915555159246,1.6781920793625702
1.6872465766198377,1.6833716441247617
0.29703115250819306,0.29952458164437346
0.9988565449313376,0.99216850992456
1.0023968017917497,0.9387477776842957
0.3225623149328424,0.3214487997043203
0.04337877169166951,0.031727165823608
0.7034299137016949,0.7296966082717761
0.321704751078272,0.3174270079019034
0.7532615610587827,0.7656218269908958
0.4225958577054381,0.4257221188089154
0.11590431754414919,0.13267424112062856
0.43391573474509354,0.4640280984633057
0.2384852025099547,0.23205525765979396
0.7736499524428131,0.7645172799060771
0.5282768869688712,0.5267379214478353
0.9581911454798271,0.9611994171979682
0.6206999686869394,0.6279391636164422
0.4418856282592464,0.4588475898343783
0.32310324469053686,0.3238866485995885
0.4754066477433886,0.4890361548255835
0.412665562814016,0.42639400410902556
0.20233068414068353,0.20813181972797465
1.156924608500141,1.1827372879612899
0.02794329437440383,0.024330692681197173
0.1838614180908721,0.20043924298242327
0.46335163422738274,0.45658697918128505
0.7869875621917305,0.7756886386766189
0.5480956051626119,0.5705073892970374
0.1834160904963442,0.17365830492756396
0.6227485879337147,0.5934120048320551
0.2504040496927275,0.2411368043108643
1.2743070686718794,1.351243082412276
0.40420509764817586,0.4337774247070578
0.6188278758695989,0.6281150318097666
0.08140257670479097,0.07953841968138221
0.4208789933710297,0.4252657698244729
0.18078791573843184,0.1472777590928327
0.08407741469967972,0.08416772636005246
0.6270486540607506,0.6334222935900348
2.2306685203379044,2.519892918034827
0.4916754959541865,0.47916492306598263
0.8475123239907899,0.8728235821081473
0.7450228229202492,0.7731713621188121
0.07163897419849694,0.06335952436803416
0.7755425369927997,0.7825279786127504
0.25557387322532027,0.24953716912719265
0.8124551021419496,0.7954593464337129
0.8225924721509689,0.841394542358918
0.48871510052673767,0.48632779868386444
0.21810220870034094,0.23810214009689154
0.37383770668970695,0.36091693421922355
0.7565597357037721,0.7585841292462223
0.25497220622092365,0.25395632215538017
0.12903494914878746,0.14519116393559736
0.4413076533969516,0.4455868467322124
0.6835043167651769,0.6925295063732102
0.5396223234002087,0.6113285786683114
1.4905508218353014,1.4235984727097089
1.1273807785676946,1.1111186923157248
0.547677717929549,0.5461073661588706
0.7762123841713571,0.7599492304091556
1.309872492754712,1.2875395750377046
0.5948918910274751,0.5887493211069382
0.3771951687320968,0.39791172383774853
0.8863482943256097,0.8804245746171325
1.5586941334441078,1.5191466189747136
0.9846116424224042,0.9340966059551197
0.6179865299285143,0.6004833995385679
0.12912228037968687,0.15079783567155955
1.333958576536803,1.4578923996730175
0.45369660100147313,0.5134331443608195
0.3267529566734656,0.32233881767297345
0.39633905504940237,0.3890563932985074
0.20482864655598979,0.17279944063570987
1.7844280036975484,1.794069926101419
0.2555252974216551,0.24224807239633567
0.2617214357556259,0.28496368544010076
0.46091993622122696,0.4613682348944651
0.5061618691198083,0.5028710088194385
0.3715705552990348,0.3389258814557878
0.5346411208212181,0.5336781240833036
0.20552168029990164,0.1958616049481124
0.6367593791477567,0.596284262288276
0.0740038824908688,0.05214277657260946
1.929462253065261,1.856393169392793
0.28731177676236297,0.21416522565342655
0.576139940842938,0.5595372898091961
0.26804346188776923,0.23386852617528714
0.5749781300373215,0.5702675538442976
0.519977998152105,0.47834828779038224
0.137507633271109,0.13669416439712462
0.9642939668463777,0.964151118506238
0.9924169798704899,0.873150731504212
0.5303292923660021,0.5219901510500492
1.0474376810461286,1.0626401759132986
0.22071625271109413,0.21741124664425002
0.4267549580095283,0.429606595186631
0.5073169722611308,0.5247825363101448
1.0837766158512074,1.1070421828280559
0.07215436610316905,0.06856708930452947
0.7385652089580096,0.729528367148049
0.38626407882756864,0.3925347194519889
0.32555830322458695,0.3252877698235305
0.7625898903780436,0.7718589159382337
0.5443644018585939,0.5723397708635956
0.22600763141822097,0.24520355844615174
0.21295967453630488,0.2024386081224218
0.030933582180572516,0.03951491844789041
0.49046518986163934,0.5042704692561271
0.19971815099836362,0.19598564116504716
0.9076665229195342,0.9205698892666198
0.6587654403200977,0.6523239125290854
0.5411177669196963,0.5387480384205489
1.0929778288039587,1.141075002191365
0.20378536763627467,0.18886468625476013
0.5405878388851307,0.5442600223261789
0.3221920744136959,0.3225330513495667
0.08733592389958271,0.08338619643171649
0.6043568878091817,0.6038002053385136
0.6835036509998119,0.6785225591302974
0.6057488212051645,0.6072757688266874
0.42463358176616084,0.41663009053552363
0.2386367602081472,0.22657153751627837
0.2651856853805593,0.2563726995242849
0.49276072052704106,0.48310060113847625
0.1670757718999982,0.13660794824744357
1.2288205484610506,1.1858929957769337
0.7421149859918696,0.7549563451859029
0.7061265034853464,0.7628859306893866
0.5006157503058554,0.5107267813070406
0.4309544219705733,0.41489068735569634
0.11793636587727033,0.12517087778714006
0.6159822866007207,0.6552429039562517
0.10090132679651216,0.11258583174794379
1.2140585472684922,1.2560672703497409
0.8105924902339486,0.8218418642385024
0.20567246223854543,0.20243251713452123
0.7902987509807287,0.7780890992116066
1.6403093793182477,1.6793008915761511
0.7497787603134637,0.759606083712066
0.5237737193307573,0.5289581521600165
0.7586351832408231,0.7656860059822559
0.30140577718050615,0.29991400646056754
0.3501595999663886,0.34645856105054496
1.79419052464894,1.6957900764093319
0.69676384984352,0.6687577451308502
0.3213570540160539,0.3128036814535378
0.3723966813112389,0.3745342664233771
1.0651983285205504,1.006486007673875
0.19893045109081348,0.20641973271002914
0.4946680027484999,0.5476588035341602
0.6307561979157477,0.6607654013898552
0.56659585445114,0.5668144745556103
0.6612904261041501,0.681746885084477
1.7982940127894929,1.8468010017119838
1.3486445783034355,1.3211958691757997
0.5069773543176761,0.5113519969803804
0.13745312475568022,0.15043708206657988
0.16986063532663306,0.16304693022624153
1.0463572106631094,1.0834990449013817
0.5846560844596463,0.5877022980570058
0.9128006075360241,0.9200054855173441
1.927320541314853,1.648835588292767
1.070648907908967,1.0823073672490962
0.8012896072873804,0.8202787656751671
1.2162274593471134,1.2154196525332148
0.3995088591100821,0.42070525143814064
0.8630058542687609,0.8926617061625102
1.5491049878241654,1.8216421483685565
0.3587120185721282,0.4026385296006263
0.29477900480338104,0.2825156517381147
0.5008912329732845,0.4777251077701416
0.3183116416394803,0.30832090976969595
0.27486223151136185,0.281430715845362
0.28007412856303376,0.2528059447174496
0.5692600458604254,0.6061657057881099
0.7029228207736317,0.6865248588817712
0.7953960543271924,0.7799030201519839
1.0913518260967567,1.1077063521950714
0.8321119526609279,0.7712287800431396
0.12072184882145934,0.09452383602969329
1.2726838995818193,1.267586583033921
0.2874010284704159,0.2578872008257778
0.739863541010877,0.7196897693177737
0.9139743386934799,0.9476076247669245
1.0161236401485851,1.0079536626639196
0.4309966750426882,0.44199240302752957
0.7398416572152188,0.7690796779356415
0.90005069475192,0.9380361163239137
0.3592770913322612,0.35445642282802914
0.745009263624368,0.738500826464093
0.20066048006606413,0.21297318710614954
1.3403904993038922,1.3489694308173066
0.35361283975441327,0.3763681402586995
0.25231917814241217,0.24761577713499622
0.9974622289856558,1.0685824697376907
1.545822225440532,1.5783841653849864
0.24261262178643733,0.2412491483847232
0.22157841540672363,0.2022736519266314
0.5611970960384924,0.5568828366028296
0.5031279516709793,0.457781447572307
0.4394516903874106,0.43362904929110563
0.5112919626899103,0.5006178188938859
0.1324554111163552,0.1129753031572897
1.1468848237121205,1.108547859103285
0.6247817280305529,0.6325530522276981
1.0099960656160394,1.0666188962348675
0.8421398797557009,0.8290358935854277
0.7822709472329081,0.8018673814270825
0.4597311040649717,0.4469024443024501
0.5267957330879777,0.5456130852779465
1.5051474229068424,1.5038049050617666
0.5802519757334917,0.5477520193938987
0.7676763079889973,0.8638241593958808
0.5991618135378135,0.5840091379997828
1.0694712772942365,1.043766062017171
0.7679968671823784,0.7676263439583256
1.0727521457216953,1.1099398850250675
2.236111583789299,2.279854867102104
0.7184082716030492,0.6963127340321066
0.5103869620081928,0.5546026859825334
0.3865856420652786,0.3633460287625043
0.5560312280106644,0.5425619081330627
0.10015776475352821,0.09904749244885053
0.2987532561134103,0.2959824062982786
0.9752975569742689,1.0731232107300441
0.8345369267379482,0.8093135941195884
0.6213421884371293,0.6395820375779857
1.1055990303672614,1.0929165754869696
1.2342041956833407,1.4880933984008906
0.719095190605939,0.7459945391693701
0.7629176642004619,0.7470281284471085
0.7817254523834986,0.7825819718416032
0.5054371038050647,0.5071498020614067
0.7395482130960127,0.7717588535283848
0.5343774613858756,0.5302785896480704
0.7715792018166249,0.7737464766268694
0.891520441390907,0.901034188861674
0.005061865339630642,0.004776226032110224
0.10309487468812198,0.10920455223856784
0.42640978635248883,0.4237821296797043
1.7860411016253999,1.920044517186065
0.30923649029960554,0.35338786758065543
0.9220320863214685,0.9321813795047441
0.5712346182971493,0.6004225349773943
0.7642915004775872,0.7268657516112417
0.4363325763818194,0.4425602064994119
0.36927412803414256,0.3729340905609044
0.8171778657744398,0.7910814294685631
0.9081024975492096,0.9084223195746279
0.4937710504812758,0.4918507655301869
0.32382521894734834,0.33843516665287426
1.3155723418214287,1.3243119268478813
0.40526172370718033,0.39263884148157135
0.8119503742352349,0.7928425923812578
0.44642522932557455,0.45948128405009653
0.6631480844012825,0.6622827483952092
1.0880619182434437,1.144929337880242
0.5437358045006778,0.5062751617804399
0.3312503248477096,0.31096052383399847
1.1560227405205419,1.1722997609353605
0.13986158159385584,0.14373407152669906
0.17896250832052657,0.13930564670921175
0.6987954779059445,0.7402915252592714
0.21243617137916088,0.21654000390718658
0.7417351272565994,0.7591088526686511
0.07341419403491403,0.06462580577036925
0.0993687072043412,0.09685130914183901
0.6654522893097503,0.654328055179886
0.38008575940186395,0.38443906030181474
0.59808047926266,0.5935847729395765
0.8254632612609134,0.8857120826288813
0.9190736881745611,0.9096073123754344
0.43712314444120726,0.4548438141933134
1.3323156186118594,1.3281300007577024
0.5700267802149481,0.6093826763805734
0.7611350521803847,0.7559353550227992
0.3714334024217693,0.3606657136323626
0.36754946912731995,0.3729182656209875
0.8111832661437934,0.8760542781480531
0.304823736733856,0.3305174014314795
0.4715587096303197,0.460374335541214
0.9976345848449892,0.981791600712512
0.1301773845684229,0.12147128456981654
1.3561613290047074,1.3956335340071175
0.5565641528208847,0.5566510135818905
0.4781635761450963,0.48345488258904734
0.8133665330034223,0.7989589479734672
0.2430435603860142,0.2196656479841307
0.562102677128764,0.5595695045195473
0.5979522897432481,0.6064591579050942
0.29573455428876416,0.2752183717231005
0.5828529452901501,0.5719104925591181
1.3305494440067067,1.298568516718078
0.4285310681596609,0.5006103486493246
0.26953355612872054,0.26349385726738306
1.271739989755411,1.2509066932705266
1.0195725319634645,0.918939152587226
1.0427629108331264,1.0012854644512936
0.45619035408745356,0.4278193468217547
0.3296579387374629,0.31336530427682646
0.631123021514729,0.5845331239926087
0.7225821229422228,0.6933463781734633
0.5019099664796889,0.49779484116790046
0.667100939562502,0.7216451844312948
0.32381573480578685,0.32870110894915133
0.4788790904579117,0.4835159950187388
0.2645026011457371,0.2926638292715403
0.8346726032033888,0.8380274786441643
0.7522260489171727,0.743669882201132
0.25133796724000196,0.26782937821558733
0.2798549254469466,0.2687022276565426
0.6655692499676666,0.665340799759469
0.1827653875386742,0.189167189453858
1.5347952253147308,1.3317340583003852
1.6471751295517643,1.7549260363211396
0.7768955403097852,0.7513112338481005
0.6295890644648235,0.6217976062831762
0.39271414509055913,0.387839499293581
0.7502311950390306,0.7725064156140304
0.7367515945254646,0.7837755411358314
0.4648042154163058,0.47777968823498507
1.1930706841161727,1.21144820027727
0.3996664328099989,0.4026706309049865
0.2283788628767163,0.22640279897450172
0.4507129220929878,0.46182128050571253
0.6775214346028998,0.6798970184767626
0.9492388680756615,0.9245604373017673
0.3379050464830896,0.4285881399757275
0.45171868894029127,0.4705800509327399
0.3244819054139106,0.30908428322131176
0.18983320077499435,0.15887871078973376
0.5095090088988852,0.48148449414887584
0.4115223347891491,0.42259647164100367
0.9352060027158002,0.9001783247502343
1.7350418771290907,1.8023251134988423
0.3510622934875381,0.3611091497208083
0.5812529758057724,0.5854383659035739
0.4680638083409065,0.4558341153770988
0.24740657725298054,0.2324973772202693
0.31664075319965007,0.32001877436335935
0.931520388173167,0.9560071042075633
1.2162927180857448,1.1272454125542584
0.46264506660984633,0.44678375143053695
0.8208533781275102,0.8212545453656768
0.4760790978393986,0.4653625546691961
0.15627043018154355,0.15142362545416008
0.3640317817247115,0.3926737735030543
0.7416054396038951,0.735047978013307
0.05180278987732848,0.05377119929231524
0.5399490086549043,0.6046838337582882
0.5282768869688712,0.5267379214478353
0.41665666911538757,0.4177669346589975
0.5321469607015572,0.5235959810206441
0.6671088675258695,0.6798855409934058
0.7112506956284352,0.7061564923620582
0.2025210362880484,0.2019358342472469
0.6466206199501221,0.6715664356837399
0.0936475059695091,0.12338944949750558
0.8165786879883187,0.8178707161222054
0.7592183155789236,0.7569292579016635
0.39493461493475507,0.36164385569850227
0.3844939093561878,0.41000368316842806
0.5494663588750817,0.5795886376187326
0.3375874120217417,0.3075046822241108
0.45610899759713697,0.4586356382803618
0.122312053592373,0.14947706734128738
1.3194613331303078,1.1827651941968802
1.3340886853595726,1.3104083487742522
1.0166426018451653,1.0078129943458984
1.1523388211281838,1.153457505451014
0.7253646330629718,0.7028687395324849
1.1028686700985264,1.160627663506243
0.25238081307494875,0.2808451469080876
0.5643342087442338,0.5776726409914755
0.28885603722505754,0.3054182476166048
0.46391190482012157,0.43179240482297937
0.9915645544448719,1.0007203020484219
0.2891181652594626,0.30437841186261616
0.7619849618767903,0.7837845393466334
1.2682550762326548,1.1881367789509143
0.2259420529382405,0.23818622030528352
0.05809022525716207,0.05290605523378791
1.0742178192366698,1.091760618337402
0.6489979844985962,0.6474483642284802
0.7443906986834017,0.7230270055594661
0.32172833877788165,0.31784162148152656
1.3229361808639084,1.4580290729621872
0.32075626688046244,0.3436122510374828
0.1979350313721045,0.22170828792900873
0.12897632188569397,0.1301532363512266
0.38588609863237533,0.3979219152797642
1.1621628550787115,1.2333533639832284
0.9207755042240647,0.9398700044140357
0.3696096206650924,0.34478823351292576
0.0654929372823592,0.06996562778337677
0.20050415795416762,0.2127255838234343
0.3412673842047673,0.3452969236996896
0.6847602867397212,0.67445776378116
0.7496332771154011,0.7550688694226788
0.29505321583883093,0.3055353430710255
0.5739263666022273,0.5577516472712826
0.13063758446764465,0.1524733040847325
0.6182986968609859,0.6179856366017001
0.23026800917011542,0.23648122624717566
0.4182585662388593,0.3836191777188164
0.7044671648208977,0.7169811369426617
0.7096528198756274,0.726682637758919
0.24652862344023074,0.24326510257136646
0.2952738664311945,0.3169279181336722
1.0421189520072784,1.0805889961303845
0.5542106292642748,0.5622724607672229
1.2626594856473148,1.3199994051152615
0.2605299812469778,0.27162800969615347
0.554471829992641,0.5903546924393828
0.1671476640413366,0.22216966121401063
0.6086966672985717,0.5859351339170012
1.1607404682145284,1.177862522228701
0.40325130870813364,0.38032657571819234
1.454096365242614,1.4600199293984604
0.2982991987262489,0.3235660183686806
0.30006143058534496,0.3129799051607961
0.37515843703219104,0.37430927364737343
0.20503790365956442,0.1976657945758168
0.2120186496205541,0.17896812102474333
0.5992456278755842,0.5969656707251476
0.29631734919336195,0.3181369068112363
1.1495932657136994,1.166274278941642
0.5291799513295503,0.5121186713706768
0.08946742972369413,0.09019814948766108
0.7773474429283289,0.7723938314857697
0.2805674338802044,0.2727533255478121
0.5258365877059146,0.5428186203349645
0.4408945685908196,0.43557411584615335
0.9920083017308947,0.9966964053905355
0.9409773783655913,0.9143313725789967
1.101378559551873,1.1520930062671306
0.8605801887782826,0.8220690859659874
0.4524374325723269,0.463070073513899
0.4087451232497117,0.41400800272401467
0.36548367980464874,0.33168105606769904
0.7134713371472756,0.6794169825570858
0.3907080700252712,0.3481424351813175
0.5190220386741,0.5678115085669079
0.24331966677759082,0.2195755780938039
0.7954109219841954,0.7741527598325163
0.14173775834319854,0.13059077721236254
1.8038787573604531,1.4784831586837957
0.054981729636821415,0.04584106398374772
0.33325845369444257,0.35587488873516804
0.10508820588868344,0.0674035372483753
1.1464015848721378,1.1507667639026329
0.4791535738468897,0.47466675575520134
0.7083265378461108,0.7033747569901987
1.0253970504557552,1.0011428042541695
0.1704402630402871,0.09145475576265405
0.2768449504044964,0.27848641634686283
0.08778797613147948,0.050747355827072585
0.9792652508009566,0.9772635081621929
0.9898319758273059,0.9919193179077189
0.4409441782202628,0.45146687069244157
0.2473805038033414,0.23603507002518717
1.1532418265553626,1.158961032290756
0.45432793263127147,0.43909928359096534
0.22218285670053817,0.2257393410386869
0.9717973069170848,0.9287621120454085
0.4512927295475477,0.4063524781378242
0.9149940245731591,0.8928739408193457
0.543802071703692,0.5315247144148504
0.9342492308803146,0.9021454562709922
0.11654671264447264,0.07940775773480543
0.10908992682677418,0.11337422611056772
0.8708030782207703,0.8473413419699025
0.13310971725181164,0.12542918471101586
0.5214833699339047,0.5095233343584445
0.6506655163653503,0.6636218321927995
0.8552376967819652,0.8474580268019344
0.909850107484665,0.9159446836883164
0.7380272414186271,0.734095090387878
0.6828641246735635,0.666295117222641
0.6745721285276832,0.6549867679307869
0.6591675528897281,0.6356721275891059
1.9301155435310964,2.025395491104161
0.6754566510720126,0.6754497015148099
0.24189608008670688,0.25276868585650625
0.5160707967964826,0.5101506570841419
0.1590589783277874,0.1692419641947205
0.9773997831870206,0.9967709842127592
0.07168360362874564,0.06625601679174886
0.14900714642084176,0.13386039472090797
1.4163196264600622,1.2764386808696273
0.4997131943775409,0.5174684419110487
0.30831748783659707,0.3172320027339662
0.3127487116643526,0.3402250530237818
2.1780451733724093,2.179525398489557
0.3075552083230272,0.30313029957671067
1.1830157362278915,1.1931061469489648
0.14177626933535104,0.15864096839499067
0.9090920941640764,0.9065721962830413
0.9232540626438407,0.9047386674620952
0.32859696691625306,0.3464045854434548
0.23755099985881623,0.2133503811392172
0.6707045352873657,0.6749183093098704
1.0033417293832005,1.001408944798394
0.4522003828817917,0.4411158785360412
1.532106608693291,1.6615287276307211
0.5513056078006653,0.5526815765856592
0.4414596952468363,0.4456449330448002
0.35433055548603537,0.31204552459348145
0.4116557342264368,0.4554292326995018
0.2167882754530019,0.1835888584015081
0.17806722570885,0.16321344133579632
0.5410851137537998,0.5522091484541547
0.3587391016697419,0.36705987336774015
0.496600842790286,0.48302705565749043
0.3900499771722799,0.4004973881759326
0.2585923339872839,0.2517865871289508
0.6315886521554596,0.6543180904652359
0.5392807117753907,0.541549119865926
1.7597539134270934,1.8517194657965785
0.19501989851814466,0.18255830205174586
1.0208938070191487,0.9821886121076703
0.22337150692672864,0.23598027082129425
0.11665447237366662,0.1179524470323668
0.5133487131842976,0.484474268396906
1.3684243733349601,1.404905128867002
0.11901137885598584,0.11037763047998589
2.468320763508817,2.2823245538176113
0.4058485925152444,0.4000507652608399
1.1532604486006601,1.1473474714161067
0.4416272600218736,0.45291613382214596
0.4603073496447226,0.4603819427587777
0.3769275395020253,0.3596090173789329
1.207040777687816,1.2731774533035405
0.1719553529729562,0.1665005042268698
0.9184630378939759,0.8667469641023514
0.9469494622586543,0.8442206796488018
0.3975474659540113,0.4190148958170223
0.536896896747621,0.5346471110738849
0.36206642829306146,0.3605865332823753
1.0766628316791975,1.036698274212383
0.17090145042052976,0.12573136954583522
0.5900092452007077,0.5800826990924225
0.3115955170409492,0.2794164338360173
0.21017759443630193,0.1582759598948613
0.09432462464458999,0.11047080445533046
1.0194006712944204,0.8744893894842481
1.40408200221401,1.4409834521029279
0.26798139364290624,0.24913809244412713
1.1547198138136865,1.111836519934605
0.4926033170385265,0.4846240645287383
0.5266465712281816,0.5252668575308388
0.11946044556669606,0.10521230781726218
0.9372692969310176,0.9242169165810145
1.080788071074107,1.0918989707134483
1.006300488476786,0.9878945057272701
0.8395197907914417,0.8530775802756013
1.18352247794594,1.2002374541750631
0.9805112867325142,0.95864273173544
0.3122308856411857,0.28775658649127667
0.3666407730701319,0.3471425695836788
0.8630414586529681,0.8544896410372685
0.6582358849112256,0.5562293136109846
0.25456911870768206,0.2334210223494025
0.14997188886920415,0.12268896036399951
1.2259808761709259,1.2396690151493286
0.7707452581023759,0.8069819768693899
0.7184876551093526,0.7209663433268472
0.11798380617881968,0.10930740474874234
0.4073304466709857,0.4219713427638358
0.5080647377197114,0.5351831143317528
0.795969820325619,0.7867227908562028
1.0445427590496028,0.9878190489432267
0.48044271134963934,0.45943642588949263
0.35896536269278784,0.3301794220341388
0.20704978030396887,0.2039457516014611
0.7953263662060909,0.7561405288135813
0.6814404888469477,0.6615882522576313
0.2313734668393292,0.24618707039002657
0.185834514770212,0.14048769098303027
0.10405887592249957,0.10685743419280301
0.5663762599304436,0.561455937798171
0.6211868699801022,0.6190397954739477
1.0103464764246994,0.997941454258345
1.4719412583955467,1.4118731215422506
0.7272549318703494,0.7401959351812245
0.10447252242864566,0.08644244426051395
0.5870773629404323,0.5931020806802872
0.17135740932512455,0.14653059468332924
0.5384147225304453,0.5233020209076226
0.481780163950105,0.4892066475306943
0.25567842304587296,0.21650529617407352
0.2983772399667892,0.28982311403580324
0.7175965073349999,0.7437867542430905
0.4711905979812525,0.4507270902118542
0.5796619013074394,0.551039172084013
0.6389895618193999,0.6355282758635035
0.7733289203783155,0.7777668061998347
0.8957384340293777,0.9054408474263576
0.418386218498955,0.417804144188299
0.5345726948743958,0.5390905699150009
0.9963480597631565,1.0262497669684276
0.2842311109717624,0.27984550429315247
0.5167800617874027,0.5076852928513534
0.6612538931987098,0.6486004940012313
1.1200614737700976,1.0910682184257736
0.493348008979315,0.5111817456682914
0.6228805561542847,0.6244408608242799
0.6325297670811495,0.6459471253007554
0.7585929421311681,0.7598279618272432
1.8300837996184465,1.9059978490589493
0.2851147439971778,0.28890768302798686
0.41793918710347816,0.40067491712930886
0.6802160203367318,0.6672434809122173
0.49668842899489357,0.49657470276226084
0.8929751465178426,0.9061015588357315
0.33686630628561703,0.33640871955719187
1.1684137929430682,1.1301207437940786
0.6245801941387819,0.6231454417046202
0.5280684874506423,0.5155094281473609
0.6420424934860242,0.6927230162684473
1.006359076320119,0.9555993969570257
0.49409839216463675,0.4949687785230968
0.5214906275395705,0.5042955329358463
0.7341111421855788,0.7006882773895413
0.5996866222471053,0.5972254203286003
1.073709735067854,1.0758177746153643
0.53629392113539,0.49056021561378954
0.8600089378901007,0.8570648476391518
0.37554524472773604,0.3752457917935277
0.7123957661703921,0.7486761421711211
0.13358535913075464,0.1089191764938646
0.5840703605412971,0.6015068378136335
0.25485189277377834,0.23272503938734782
0.26094508445930586,0.3178180342241356
0.19419907510348927,0.1534392768242404
0.24815139812627732,0.1945265407695872
0.44663068968420183,0.4526563379833848
0.8659879384909682,0.8406938064947027
0.34263435547916676,0.33851460341124034
0.581107645538112,0.5680315792513845
0.03212943935555084,0.028668287905987664
0.8554841017988434,0.8356185728794306
0.8533904694370299,0.8411604593293748
0.8512322329386774,0.8124437561204847
0.5296146415018792,0.5345468885679084
0.9188169738103619,0.9337012711832181
0.7887174547828524,0.752594372089568
0.6919605481809575,0.6836504898130009
0.030503112769238765,0.02399479066505385
0.43910848263332425,0.4112270471097295
0.32055997969460875,0.3065468306448396
2.1805201476226648,2.1128813631716445
0.11780237795045127,0.11163657653433526
0.9188543917677945,0.8705631155435511
0.296513003666094,0.30045081604692514
0.5774565341138009,0.5648193586947623
0.7936177080781714,0.7787323832657156
0.5643610531966566,0.5460602882448832
0.8389447164653697,0.8260455399946869
0.5161530745157373,0.5269543393870765
0.6657028510628477,0.6645912804982989
1.051522039567954,1.0371817087712072
0.7467667761531394,0.7382813308186646
0.6496349459047498,0.6532217111885937
1.1065542346807833,1.1032182525885177
0.12518765745684968,0.12305207287698758
0.6081462260681018,0.5849528848203147
0.3606745135319352,0.3611010188927618
0.17636239338047482,0.1513947413257139
0.20323239862988815,0.21956051904954532
0.4349016529887406,0.4532779686603007
1.176867109689667,1.156938967960747
0.5836728744916948,0.5902778668028544
0.8848873249844169,0.9022625952373351
0.13129769555314716,0.07791256250602553
0.25241380567190835,0.24589320637871423
0.47458999512209615,0.47695369452022357
0.32382903156249043,0.3207590823650473
0.7776049863649832,0.8033528912009241
0.45280922037944904,0.4522239020635841
0.651425744002694,0.6474205429160502
0.800672402277835,0.8261363171278735
0.3462134339292182,0.34235784147938486
0.749336976567245,0.7679818800470412
0.08200360842333358,0.07899699650845099
0.4945535015666536,0.4918790444081018
1.2038362578306891,1.2046451219633225
0.6995528739694575,0.6929238753348972
0.5744444394842338,0.5511386400349437
1.631300459795061,1.7280389541357752
0.4034508027495018,0.41385654284291806
1.2059561044083225,1.2116586182438536
0.16134627033705462,0.1574715655413528
1.3551357528976065,1.3563944279992584
0.7281321210083826,0.7145821631994802
0.45334103876377346,0.44897131075375474
0.529912199594765,0.5153871969558979
1.5044998530180096,1.4628859256788074
0.09461049044276613,0.09092940839335219
0.4366725798139737,0.44278230531343815
0.5121704810430842,0.6407155801205009
0.12015833543794044,0.09789098352072899
0.2454288326290708,0.2257795577502275
0.39969551771309425,0.389977327130182
0.6778155696657793,0.6699933975176523
1.0784112408936282,1.0729059306179074
0.7772996931503279,0.7831123390626263
0.26681004858993557,0.2461399495606344
0.9163837390670856,0.9715124250609326
0.5883717207050286,0.5852812763360369
0.8125136418525591,0.8219629186660541
0.4581911381209706,0.4426265514115787
0.6421016543853176,0.6071705736839144
0.024434917579008467,0.028554323398288197
0.2811056326722613,0.29010944762752744
0.919514293422863,0.8548307662523749
0.5557122828990667,0.5754608822523174
0.168385267410946,0.10092449239418487
0.8403590540043678,0.8516847619095513
2.2885063983372107,2.2579956832950447
0.5193131908372616,0.5398742834360888
0.6088726512371719,0.6298432642150232
0.1830021771893599,0.18527967995166972
0.7941611623762123,0.7924784748824901
0.6101769570558988,0.6105857866583903
0.4807430820983312,0.5457954895122081
0.7402698206756764,0.8117368761696151
0.19671151271622359,0.19019442027091704
0.756179900300178,0.7580018956750924
2.1017618787092163,2.039074263706176
1.2247328844547416,1.240351203351483
2.0882408474282834,2.0317412099396064
0.8242590794893442,0.8301005481496986
0.06716997935636203,0.0999322945942588
0.9901011782971442,1.0041393737008257
0.9400644810105501,0.929674211619294
0.8653350360421883,0.8726832225054926
0.5684617063923254,0.643607919552623
0.8284352719402064,0.8162799167945325
0.3675781496375849,0.3727770400458991
0.46971226000740507,0.48260430176498365
1.0316471826305509,1.0369735693020465
0.3763802355201686,0.37295392652382586
0.5045674995925837,0.508500408223311
0.2624350982217204,0.23519661402241065
1.2359464616982931,1.230746800002606
0.33938831330617264,0.3446475808336924
0.799833106801433,0.8204497985518767
1.1613819927340903,1.163855006991668
0.7437040995965009,0.7311022875743979
0.5922183503567535,0.5819604885512176
0.6574275632946228,0.6294599044654482
0.2914551381138754,0.2360921641123982
0.295832062486806,0.3080644299109437
0.22862764695106122,0.21988482388337274
0.17063250945685957,0.18526425996288928
1.0304847308998244,1.0654652713672172
0.14419235020674437,0.12277319173218058
1.2136231826637103,1.2228254370045932
1.6363628170572302,1.6653484193222428
0.291266404458111,0.28868532046484086
0.7061820863129123,0.700093379536635
0.3009997833586414,0.26195243419551484
0.6915131637883251,0.6468929182282691
0.5103574566227994,0.5163181743988573
0.42628022212325034,0.4342997847083718
0.05976660790686185,0.0625923978199402
0.7546156422062135,0.7378741425111772
0.34795126948087873,0.34464822889919333
0.2761312696242494,0.262481657716015
0.5269528863383596,0.5221538573962853
0.7737317173064143,0.8052456698432139
0.42659312823646633,0.42514346047850793
0.6026425560840893,0.588371042765278
1.2209243080572958,1.1850056970145322
0.360069433786414,0.30636048867619065
0.48065321238239644,0.4919102693817975
0.644596334790635,0.695332564674875
0.6814361763977159,0.6741873769874797
0.601866685193266,0.6163041521178817
0.3066404594032022,0.3039253771680903
0.7784670034255754,0.7962253072642279
0.9573260420715958,0.9733967009074586
0.646903148574757,0.6623345815952676
1.378354087052675,1.31387298188537
0.608334189510193,0.5964227552388668
0.513945277867416,0.5181473614145294
1.1761045152533085,1.1566239664649618
0.24029113239529806,0.2960370708559226
0.07902908139359013,0.07250805623277634
0.7316551741104245,0.749475838327517
0.5042127576140252,0.5104927741766768
0.6649684794303903,0.6595534337809934
0.5687335453118407,0.5759613824739294
0.7186676346765496,0.7192157314318709
0.7174452063416338,0.7084862092374644
1.0031788280644054,1.0270119338227701
0.7054434940210458,0.6936059418515451
0.1026880688743793,0.09367622771714534
0.3572067873897617,0.3136779651580795
0.9071883526863539,0.8890619565796815
0.031746023533867386,0.03378464873372743
0.4791958373617429,0.4950527652425991
0.412427941847093,0.3762265482085148
1.0499322522895127,1.0422382669453498
1.4457226700161747,1.343345762612621
0.731576092299454,0.7314172686321654
0.8368233903532584,0.8190037862478162
1.2146132503881573,1.2143900021793428
0.07111812404836002,0.04768745381496732
0.8989915381941228,0.8768203437941052
0.5290324904797535,0.5302645744738573
1.3134547002988255,1.31879397714864
0.6463984914645277,0.6020972339535323
0.5535404076722477,0.5534073832615293
0.595829736228813,0.586903351486321
1.18545353019707,1.1151922594027892
0.5442340689078025,0.5286081844716731
0.6447572122224973,0.624387943085274
1.2299187138136494,1.2146069421921413
0.3285963975302797,0.3201856671710744
0.3979043966114641,0.3977941721449715
0.6213520356987152,0.6320782458584034
0.3943371598624901,0.3500244072084196
0.028522321434277593,0.029022510829827285
0.573128320883936,0.5850821995568711
0.9076298749481839,0.9090182449386395
0.5742257765502043,0.611558892064305
0.38075930668898667,0.3786841742360136
0.512599352848432,0.33143130918486
0.20264136066399457,0.16435841655521646
0.5864729343137042,0.5544724111067193
0.4835570501641445,0.46600369188253304
0.5050607692503167,0.5016623465669934
0.9396747237462966,0.9112771769593767
1.3106112002153871,1.4267106684031678
1.1791329784654598,1.2307034309469098
0.2785454117520815,0.2846081616530498
0.5710017661209629,0.5603715686471269
0.6048662784882467,0.613392008851276
0.7127132468391593,0.711309583350799
0.5793745537722874,0.6071582271911161
0.28711434131681063,0.3540949039392836
0.9350564688753683,0.9502148378705066
2.905492102556202,2.823431915200959
0.24969368821602886,0.2295881056910853
0.5954890795505107,0.6106092630837219
0.2990889229829951,0.2963066255159729
0.8908825423842202,0.8577311720443151
0.5153317833022123,0.5603309350283819
0.88661124596255,0.8939527661456448
0.7987308225128148,0.7758570746352906
1.0714368419670985,1.0864010485303024
0.9270749397663541,0.831721968635119
0.1346852923680123,0.1527701292082992
2.1598786264511434,2.0895545045033836
0.2062418601538069,0.20636545974634152
0.37965601115308983,0.2911154232740288
0.8072302186245573,0.8085328232489304
0.34610428085930156,0.3950580745995354
0.2133932635193274,0.231413808603662
0.05966195784765072,0.04664154372551468
1.366688441206685,1.3747034832498937
0.5535227209294833,0.5512001026259102
2.4468909678760316,2.5096433530871525
0.6336118518573428,0.6029086686151222
0.473320672240756,0.4572421782019661
0.39923653810139786,0.41311320152816394
0.3980337961865121,0.3622714795054485
0.2541298431364411,0.25586896533741205
1.4214241394073388,1.382164815577422
0.4695623050769538,0.4576040533549221
0.2131904558189675,0.24359562200058674
0.8754495517196076,0.8564073329586752
0.7743087513042309,0.7763369262007932
0.6721340751828252,0.6728081334493083
1.5054648606137502,1.5479476014757845
0.3864627812885954,0.39958642727032706
0.7500275241637546,0.740887725905298
1.0196875549221889,1.0216011771721052
0.6641005089255467,0.6593707639214961
0.3034918601098023,0.33445453367843325
0.29982709502474686,0.28816269478300877
0.5617708707349554,0.6037821769033961
1.2698628641566387,1.2235523947030205
0.5695464659843013,0.6063025656582292
0.647350615107849,0.6212126163555958
0.7215484202706033,0.7322238643323805
0.27043794376674835,0.2813344439839913
0.6921634171356664,0.6162477599084542
0.14716051046752013,0.11824452640387542
0.8660312396293902,0.8227093178692045
0.9199902769066677,0.916996623916345
1.0137353969413476,1.0125019742440766
0.5351192004510722,0.5149022636828715
0.39847304465282835,0.3925306684749938
0.7343886285203923,0.7245163831172919
2.2094753733324315,1.960040874240524
0.329692013061723,0.3799682528672264
0.6404203354962603,0.6071341153260064
0.16797217004040613,0.18417246549334113
0.6431388318542336,0.6354561889126046
0.32674189561250955,0.35737062175988604
0.884899236441061,0.8908934303801017
0.2376311460051936,0.22487967739317405
0.46455496825185555,0.4742746803959487
0.7542381750887831,0.7590414077784929
1.4634418324283271,1.4895321283130865
0.22983688677257852,0.24546431318203446
1.7221101919413369,1.6197289269089714
0.4228462563304761,0.42425434263029377
0.9297704307238556,0.9308242359124844
0.47778993659298713,0.44524483370310475
0.910103700591795,0.8626133460693113
0.3645318930540008,0.36014846809136836
1.0689592992499712,0.9558474396719473
0.6304060484817187,0.6001399505130978
0.48938457685406467,0.5013018805738416
0.051012533553657625,0.04705885016483845
0.5557595725211546,0.5503347308336031
1.106636279648223,1.1018315850477274
1.7877410179278357,1.7887165872138722
0.5439423061980071,0.5633069896930735
0.36808687327502343,0.39259223144576716
0.21615582771267475,0.1962778254412023
0.15914613071053887,0.17064833871121532
0.25955833453219024,0.2541803152142025
0.4251314199141841,0.4345576532733704
0.24412380098748443,0.23967690855446927
0.1361917487529083,0.1566125282039732
0.6259183041206038,0.614449548762123
0.5578859164805056,0.526053653361281
0.4940650221307686,0.4914683187873561
0.7138238325084042,0.6747506077022715
0.7643553294851699,0.7806665278535023
0.21657599893717014,0.2067412819643859
0.11639027236896377,0.10918752715686698
0.14034248406582822,0.14991106098838386
0.4313075189965375,0.47421241182973634
0.43896226073292555,0.4746982308690449
0.746890826057108,0.7614670235382532
0.7669081845136201,0.7615680113490382
0.09017938480677203,0.07638625071245221
0.04763933800091548,0.0511151444531531
0.5876674790483398,0.5811015106839374
0.06502513091568417,0.07616633030729082
0.3678257131031971,0.36217790257821747
1.0047879823129142,1.0135463759209222
0.1669423359112005,0.17388578379567232
0.13650793191928295,0.13984834342488406
0.30416262422700363,0.27787604833321866
0.39416175484022414,0.3951723415690382
0.2683873642070605,0.23982251633533888
0.4181442306268971,0.4051699043562902
0.7757586128917486,0.7714457355104973
0.778711283150656,0.7864667253302603
0.4462793762397506,0.4192994284484815
1.0188055603045967,0.9706971507071182
0.4570983397840352,0.4581671161781028
0.3282967501123243,0.33304567572862204
0.5254144788486664,0.5022022636421386
0.6302252487341586,0.6236540262232811
0.9012651512829817,0.9369635753002215
0.6426276483463451,0.6415011089807793
0.7148841481320732,0.7363396765240078
0.611977468514618,0.6211864934391758
1.80391430095349,2.207363315174937
0.3642047101468579,0.3651068962019471
0.10760711476058916,0.09972653044068315
0.3372903518442551,0.36086830616425436
0.19765059459441173,0.1949253614985081
0.5468340345935979,0.5447556948237043
0.5431012941545471,0.5358014268816965
1.5149100873474348,1.5288072086236015
0.054145201921001286,0.04436869980916156
0.16203518025059005,0.14307048997545405
0.9897233703679733,0.9309516973926676
0.17227235393130902,0.17389518855224748
0.984216838431684,0.9947632515779394
1.2563193881908914,1.2424649736206514
1.3834278545314245,1.4125037377100358
0.2518581671832023,0.25240325563944205
1.0232678745328572,1.0026655620029652
0.3720342187867802,0.36314246541480616
0.4241735161700311,0.39408657260014734
0.327750192864445,0.32039422454169925
0.4431365394894718,0.43390025908015345
0.9535795655693154,0.8731993925077876
0.5410695406249338,0.5414511136991054
0.4786937542972884,0.4467121698932077
0.4607359093949029,0.46302486676654314
1.6927587602266954,1.7174747342926786
0.49601305892221276,0.5016525658821203
0.16525814258730567,0.15116951332299047
0.8761446589144894,0.8769511629970171
0.06871337029327103,0.055715006042644996
0.16693879237906878,0.11335406911325506
0.5191081711136216,0.5015080639179165
0.6290379870602049,0.6172102072980687
0.3480213155076341,0.3484512060210846
1.1280838185383053,1.1579865547528643
2.0617703483002847,1.9610124829131552
0.7259299253025953,0.7338668380216081
0.5420142174937252,0.5337131161146298
0.9861976759625269,0.9735044649951832
0.3168080376449149,0.30919443369893496
0.8460873307252615,0.823962242494588
1.085892826119091,1.1057221142492208
0.10647017580291564,0.10246602386519768
1.1600674835558904,1.2363121878712522
0.2940198324977362,0.30850404728351566
0.918054923103298,0.9291055062100676
1.0935160949677813,1.0765591082456705
0.5944356651591203,0.585333515624219
0.16644668572960894,0.16930165807392838
0.34841106457035254,0.355894325504108
0.30733549672422217,0.3167469681782416
1.0377481279263419,1.0049953988525566
0.5311203114464541,0.5255764644701885
0.18026509778952501,0.17861524108233712
0.907965528914583,0.9351765955084664
0.38538367690771763,0.4106453248673094
1.0702072711834425,1.1012171580281804
0.23153613918174926,0.21016225986355927
0.4604010339228937,0.4591943664368806
0.7751653712115787,0.7750436098018755
0.9751501479376493,0.9690485666871517
0.2752043971695531,0.2872045641380793
0.5361925403095391,0.500527753980833
1.4275614239696868,1.4082820677349055
0.3340854347712523,0.32089734136516446
0.21549532603822522,0.24485273320195125
0.026064588750652942,0.036605452471717294
0.12974537129858799,0.12450257113721216
0.7860771604853773,0.8090659543138257
0.9335329204989585,0.98255920572944
1.3760916048781493,1.2613911287311954
0.5370071094170867,0.5177345763531903
0.4338535692519652,0.43813543345357175
0.5905178902271723,0.5754496258599344
0.1485684936575077,0.1571091879463807
0.21308047114301812,0.20674786848299162
0.9066616909765443,0.8534582712521744
0.5795460104073132,0.6152376050978998
1.2591126748059398,1.234596533744706
0.2392952294527619,0.24407463178795022
0.5041353413262778,0.4757854523214161
0.497395352888067,0.5004178458231192
0.5985912108688747,0.5934630740583273
0.5504532076926923,0.5120443632539137
0.36206812545387945,0.35324770285784907
0.480204970600594,0.4797739373906076
0.5233352680999126,0.5312244127183743
1.2172141886084464,1.2411047674130031
0.10502239951444264,0.10075382328968312
0.6717678178380667,0.6749324169201234
0.39335976138874335,0.390014053749039
0.3049808825291007,0.3099435706355727
0.15391152596629862,0.15489648822821359
0.32634926551117777,0.3272757108135822
0.40750993842982974,0.41721460182637854
0.08015273250902566,0.060561419987446255
0.46228644900494525,0.47977222149073306
0.5612476168857755,0.45867912301154323
1.036435414831335,1.0678664264504953
0.41469929921170756,0.41619814100639185
1.144000654877714,1.1112402645362796
0.6429837347944524,0.6376692478098405
1.253329938203264,1.2637624522942361
0.36482793083538045,0.3534505975536846
0.6956284221034353,0.7010144363803787
0.648225309622214,0.6288830276657384
0.5670961684813359,0.5633856765027224
0.09940645072407378,0.09039538697143026
0.5429292626134842,0.5435008776118435
0.9003565885214384,0.9001218064616068
0.3663592256263039,0.3706948834602922
0.9938502116758322,0.989651091995854
0.4002436337831505,0.40836059703694344
0.45154563664249364,0.45531070836867843
0.4403799846102369,0.43579276474872997
0.20402776257034402,0.18101233842164624
0.5011093739137847,0.48370247288191814
0.17500351650073565,0.17887431664963066
0.2250137166824144,0.24575507714951184
0.4049259506515851,0.3944998637580242
1.9108019878913216,1.750557385669774
0.23013877500621646,0.23141934034950903
0.6031641688436552,0.6084609717420547
0.5796612231132063,0.5825001013930751
1.0891954227150389,1.0718298314518193
0.22082571738637174,0.22344439649776457
0.605135545353961,0.6018800206809042
0.9200428718542939,0.9122567474370563
0.34929082852330806,0.35690903120061274
0.8247280489222589,0.8284560241879405
0.7152925044530118,0.69563568022333
0.23202830784151277,0.21815268718507358
0.36297502674188525,0.33592868929819647
1.1711008205957187,1.2272198507768541
0.04588291495080465,0.02492449136256087
0.2256257534753177,0.23312773883545396
0.4659386910020869,0.512461867854697
0.6369107904856214,0.6392761967200133
0.4242852928989764,0.4139797416481528
0.4200933393014258,0.4133293027687938
0.16664131725019762,0.14393501291677202
0.8548369318332167,0.8539128925910382
1.197052976082092,1.2218497510487505
1.0764124252287828,1.0779710918436316
0.05931124240938076,0.0524903076014573
0.7635884312360415,0.7766649000408825
0.4332832969499445,0.4550906442085743
0.7864625658594036,0.7679023214918327
0.4090682597869164,0.4114116478195576
0.31555560589342274,0.3054420712974097
0.4683034217955677,0.4631571543037742
0.8049351677285339,0.8220731747348043
0.457324914204337,0.4857530502590958
0.35112813077884275,0.3482887950691735
1.4013273477520178,1.3121240341115816
0.27194261876096787,0.2827297114378866
1.3345407156986442,1.289367733992824
0.5260276705660167,0.4900376831876171
0.42141005499122575,0.4131120718379524
1.4414762454282486,1.440916453748534
2.2525745475465913,2.3405163308461945
0.4137953846779137,0.43484710155511075
2.100204239298726,2.0963769331766455
0.34573129142802783,0.3686476079178143
0.6911631352861766,0.6770584248979996
0.2051782470079702,0.20231791275913183
0.3887953298425654,0.40461695309288287
0.5463172811010555,0.5442108957419025
0.9032238954135482,0.9093521333505991
1.3408677993882534,1.4092337063343796
0.7366644472325365,0.7642472127097633
0.8826921142569577,0.8927390252226989
0.11735441746039729,0.09552823618223517
0.4273381694580753,0.3934477839763999
0.335374987279621,0.3350470133383808
0.3559837676352013,0.32689522573214924
0.44577502214287007,0.43803310027941644
0.720428910638956,0.7240261203039908
0.30115093047340324,0.2799759336906068
0.6460717206727707,0.641190692758417
0.7780389764063957,0.7794781845208714
0.47228373002396673,0.4627541251167756
0.9445191453298186,0.9445876518482338
0.6547010731937773,0.6525103257398729
0.21776374430619275,0.1914802712529624
0.17585519715247327,0.21415059087212157
1.2233412772448906,1.258345909755047
0.25929696375198386,0.2611055893291211
0.5288476870300391,0.5247243520703853
1.5796565603419175,1.6981137575552951
0.4673695424097804,0.48183920425108623
0.6366261470792927,0.6668060458065521
0.3768857133592668,0.36088579772906176
0.15403210454659827,0.15221780126691598
1.0065549929757125,0.9985175679290227
0.23510508793707008,0.23899737858990122
0.7226961559381235,0.7212892373000447
0.7046216614289453,0.7337899969686346
0.8525120332057237,0.8630820982366357
1.391468014453072,1.395620844281244
0.3170079032501888,0.30876056285470105
0.12062736880369834,0.11569843674840316
0.9467240533366528,0.9140979224715247
0.6889265311283089,0.692032300335292
0.8195738037840696,0.7867445247789507
1.343965572306099,1.338604502104543
0.7356790019441208,0.7210795911063164
0.3702582405051775,0.37929445897455594
0.578993013263569,0.5562022503913812
0.5661574992392749,0.5762017107459091
0.25780403370239,0.2532334509534804
0.4524028360730782,0.43329097900661434
0.16153208286086795,0.15920230461636692
0.5373347349378367,0.5455061645422845
0.8686969278695712,0.9421037974816413
0.2522135891532716,0.23686887723116218
1.2412988387296362,1.1913028300232527
0.4839951661516045,0.4933502048033167
0.7926654290622921,0.8102002237910564
0.23193529779832853,0.26667163243697234
0.3914583219341584,0.39073163747848044
0.8459150050654076,0.7960164099152152
1.2281888437283923,1.1981274338454877
0.9696319863159826,0.9522022343523168
0.22161156413370012,0.20566169631236486
1.5615345500200173,1.59569294899397
0.4941111880523019,0.502155094715564
0.04926859667598587,0.05272631125667458
0.1989211958867099,0.1601167417795415
0.19173418543030127,0.16908502302871484
0.6634457231988842,0.6602203729003876
0.6701318793824838,0.6571664004072767
1.4214988156185433,1.3915319044924697
0.8645392156273141,0.8755999306363095
0.6193799014145002,0.6298981112564822
0.5939059747268232,0.5923202424925943
0.5683655488967024,0.5731499233503842
0.399621924499046,0.41331798914132795
1.0020858843718856,1.0550486472872052
0.4122057718560883,0.3953758197804608
0.36391034300688535,0.3224358355268635
0.28385562478196164,0.29171067619750385
1.2705046786509406,1.2402475755058484
1.1461017856932165,1.1968692429376047
0.2938895227136895,0.22016377477241386
0.43221734713146354,0.43617810370280824
0.7514333953391754,0.7088367435126468
0.37062309067856264,0.36286866897105907
0.24236176873059714,0.2610344406768354
0.301677772600548,0.3256664521601089
0.49204517716079105,0.5337209595947241
0.3208563620343531,0.33569722094273624
0.8924013134789824,0.8924725598786968
0.6638999487559892,0.6632109163424713
0.3973772753972013,0.38987150491504136
0.7930352430684593,0.8267513028146556
0.3207417522761984,0.3264936967057228
1.8685811605539564,1.8657850175732336
0.1844929400372836,0.17218108599797505
0.26029433352303644,0.2520046879513654
0.060125560059264706,0.05409752916977966
0.5537825822266532,0.5599759501386888
0.3022885907537409,0.2523501649681752
0.49845048148421134,0.5106882427217591
0.38152885161818684,0.2828757478793567
0.28722378139635857,0.29688471825692436
0.7251788274308988,0.720980237929927
0.43727369411562617,0.3885214670099054
0.1254321813688137,0.10329856070082438
0.40091330623894467,0.40115551694598134
0.14555690677599814,0.1618044865960337
0.23267230276829295,0.23741497097130693
0.6580561113491905,0.649050961073858
1.75665331248264,1.730477867938087
0.6584426359347912,0.6603851883283542
0.5759888707532402,0.5654676558980799
0.27400335563072703,0.25315716507260755
0.1518767609053386,0.14976083520656203
0.5872997064001156,0.5854081130417181
0.19116231861192623,0.20260469665992292
0.22137926335657473,0.22349709699682238
0.3095471464241299,0.30871169302336965
0.5254979063754649,0.5287834091416488
1.2899337900919503,1.2431493437539698
0.19037146889978362,0.16351795439786468
1.205725720237038,1.2306897921228575
0.5818503039290883,0.5868432199190534
1.2396192738024572,1.2376321206372143
0.7869477949701661,0.7855790266028205
0.5541277796277068,0.5392392382035998
0.41075030328532147,0.4599829085486028
0.32584159022194653,0.3294078419776366
0.5721963754531247,0.5715048989354419
0.5727188233916053,0.5623458682163457
0.44459098575560085,0.4415576004635831
0.17345302889477407,0.1437816583810066
0.27801915164859053,0.280260958651824
0.8221033549335165,0.8047191622831412
0.4821659099395214,0.4817039702363541
0.6731738169487634,0.6466992027716114
0.6244038459419478,0.6130813027592381
0.8356879339037815,0.8500924573493274
0.22050131922894023,0.22787449271714
0.403609483041393,0.38429965866485566
0.10763007455909152,0.09838657362545758
0.8599335763717022,0.8331944995275405
0.5422288364331758,0.5490595624625657
0.814783466420654,0.8492638566979545
0.42584566377956007,0.4333676334824634
0.17291723552268037,0.1699589812029933
0.1453427520064993,0.12443307729930084
0.6037825849361296,0.5410205830412537
0.4978778476321239,0.4733907330143231
0.4157418567103929,0.46657702333875833
0.8180211551794974,0.8219277747064283
0.21116457702293115,0.22791167634375095
1.5379222167066602,1.4928376094043294
0.5586247001810263,0.5488410860382731
0.9643532046567108,0.9494354344335931
0.20407998486364026,0.20563272170166738
0.1891134515721969,0.1917488263805975
0.5445154040248511,0.5684101857638876
0.3347632298762466,0.2710322994039832
1.4128064096172184,1.2948986499918445
0.11522491151461638,0.12800498771735908
0.16527818471105293,0.16643290021409576
0.6311436857227367,0.6508097193988005
0.3016244971350844,0.3169845715188734
0.5126483909228071,0.5226220271641274
0.9790576321779024,0.9270024376802952
0.9723969438823015,0.9633040567586711
0.40791115197877903,0.39225670045248995
0.8132789167980359,0.826447074981778
0.32427857259333065,0.32460190689994367
0.770291272201502,0.7712216199898934
0.22866015769165957,0.24434373245822139
1.1930711695161662,1.1456083685057543
2.665275530570763,2.7379208365203613
0.6674754831176269,0.6514476942100007
0.3250503567362158,0.3129604402001217
0.5010471876571198,0.499725762322191
0.24775525134360313,0.2613632871515371
0.4667644714025076,0.4798493824693006
0.42384591129659704,0.40551051829515344
0.453487407441898,0.4539828293381452
0.34239198981139446,0.36625165366825646
0.3399443664030901,0.34925280312187257
1.4415437731408824,1.4678484128963214
0.3715383936596477,0.37554684098503155
0.3415878958051027,0.30622872988334826
0.1748357197224197,0.2015750477480571
0.6692069730848418,0.6437272491803493
0.3646069913244844,0.33992459805360004
1.2366887399039497,1.1526798597235006
0.9357983390103235,0.8884838605449766
0.8260229486344047,0.8303944681199634
0.2657255503960391,0.2534757572585627
0.41855601640426016,0.4251267309015334
0.19156242892700512,0.15380020996443539
1.7682675317848648,1.5353921384715083
0.41026932825844054,0.4141818949472465
0.8203561562030551,0.8373315431506286
0.22900395119498046,0.22345649779883925
1.2714605207395377,1.2786410182876042
0.47742523861032987,0.48489206745035496
0.5893291514264216,0.588304973338237
0.9185704861214692,0.9719973349173754
1.1156410152872036,1.2491853106529764
0.4915042171535353,0.4961198175070272
1.666677547212284,1.652936797881568
0.769725576015044,0.688528442025158
0.6230963065145705,0.7171105682148465
0.15241159945242044,0.14809413706872496
0.5514570417201531,0.5272742212296507
0.561241873048956,0.5191080112454507
0.6284874545793347,0.6164267641870949
1.5006659052964246,1.3967970488880483
1.2450680085247126,1.2015329752281831
0.7689415585014343,0.7644682112867268
0.26231521467501123,0.2279484930723238
0.3503949236821856,0.3845593479427977
0.20872384865176638,0.20758283405650718
1.4467885217218315,1.5522850926212035
0.6909479386712617,0.7028455517510087
0.4537464069538852,0.4406768980664098
0.1434465111711747,0.1601555535441037
0.6918561703526359,0.6904931498791279
0.9429321866967992,0.9401876261277314
0.5075424765694074,0.49183681820928893
0.8659516511380705,0.8297080015457912
0.5850834734453487,0.4848338210037728
0.4883690663716401,0.47412060167988945
0.9117605227843865,0.928305621119966
0.8358916571802538,0.8556155313910729
0.7157441471785182,0.7189012938235941
0.4184887624242317,0.4157474633527919
0.872883482209988,0.8769132284987202
0.19021492395557907,0.18830570213780995
0.9793196082568147,0.6790162968718688
0.1284617476498055,0.12537950365758554
0.7217040058597034,0.696490815474665
0.5814404003474398,0.5805615900302841
0.04793551925551185,0.04187372531190149
0.9111708602433101,0.8661675261431703
1.1653358336245172,1.18730170616519
1.0304637489036246,1.025415342866581
0.9592670992493663,0.9833637562561885
1.667984138585248,1.6804622923091357
0.35642797996101216,0.39732714620805937
1.1213978077110505,1.1106570640538762
0.4988572736434476,0.5022793058184376
1.1384809045067823,1.043061773346919
0.20008450598362862,0.2035073148699362
0.15405776029499277,0.11689554430203805
0.5253455799950062,0.5159725966500415
0.2631220921387477,0.273789673231615
0.3637818250088321,0.36214957753984106
0.4862300476489739,0.4963314498858347
0.643319288392187,0.6387711763617313
0.9807487305328723,1.054579370759974
0.24596180647357854,0.2439944270936317
0.5340967614511578,0.4735911446673611
0.16816413693155696,0.12142751851798049
0.22600455616370707,0.20077444482797185
0.41146086596204284,0.4259536155817659
0.8340550963712616,0.8612026418406682
0.6835836730860653,0.6954314582385078
1.014894639386957,1.0253907180246777
0.23621806068193957,0.27251796319343785
0.36320827014677054,0.35828596813757496
0.8949133367054193,0.8809162092506858
1.4050452857822764,1.4381698279358741
0.7021726846466777,0.704257470589663
0.6162002829590175,0.5677268806678984
0.29947961344361396,0.30295884967938175
0.36062011227635077,0.37249234641077145
0.22741113359907827,0.23335617248678334
0.900115436691583,0.8737128684364754
0.879242875715159,0.877840223952896
1.1116448458535135,1.0734238672211365
0.1648771985839296,0.18563058850456038
0.09452563003053426,0.08340863933337556
0.6936375078827184,0.7185258629529213
0.02532467656761822,0.02704375982415752
0.6190475325455604,0.6002017135693949
0.6944010505521465,0.7043521845306291
1.8683566465756376,1.8491046473133423
0.32087040107647874,0.3194830244468463
0.34753698694319585,0.36337036698837777
0.6119262173121349,0.6048325854193031
0.6640472224003788,0.6693270362087865
1.1256922514981038,1.189488945336705
0.3367160368601177,0.3052744901239637
1.204341076142462,1.2143551738438652
0.43362969647273325,0.44344155725931134
0.4110620705981493,0.40707153193459
0.43729533900781403,0.45654500092048345
0.5149166566836669,0.5364236955327454
0.38742572936397884,0.3978471223034147
0.3270045457166302,0.3221340598113021
1.1894663855190244,1.1925690132814644
0.7783494832881532,0.7742870694059082
0.592859704256756,0.5942819944836407
0.5099415610783106,0.509820744131783
0.47283900155800734,0.4747074011709859
0.39956666142195396,0.4228192566342575
0.3283344680765995,0.3318814674432585
0.5274809547596175,0.5220908046635723
0.7147703507153901,0.7186221935800717
1.2557786542726146,1.2507889796378802
0.0627859452171742,0.06327177744859439
0.5773488047302797,0.5750661596630398
0.32291753385993627,0.339526413941206
0.8604299296513283,0.8623870647901605
0.3152934412526379,0.30133531702676225
0.5219381553765462,0.5165170584284873
0.15075857817628746,0.1328574788113455
0.3783336208452319,0.35019488700127543
0.5153573619657913,0.5307675653927472
0.11659154621829114,0.10814175015645558
0.3358940869544944,0.3486447165016722
0.35188122875174266,0.41632508245033345
0.7892512242074121,0.8550149931832319
0.4108691118700425,0.3946892236609553
0.8418669224944935,0.844637510017117
0.6030405422756535,0.5736724948236153
0.29876236177869797,0.3036450732879953
1.0327116078401657,1.0036123304983684
0.33496175280814094,0.3212855756859667
1.2596983399764667,1.2869871673105573
0.02723118573161318,0.0299060334222786
0.17558541172072184,0.18933404202928797
1.0131752102305127,1.0447941332256665
0.25698230907148945,0.27092041259782657
0.9007825350941312,0.8322720799509131
0.246935816396609,0.2747194998102962
0.2757837158892019,0.32285968224584277
0.2692843123633649,0.2509011527439904
0.275895808889123,0.3308211169846346
0.16683685206536192,0.15012965098709102
0.8292895792215393,0.837090670208374
0.5945803846718494,0.5958133158249558
2.0568622062404565,2.056686793755117
0.5772109811051594,0.5357964973520586
1.251338909826654,1.2630929249599119
0.692175865124364,0.7265014219801071
0.29614422857711803,0.26195170735129386
0.466465329674192,0.5048387428589519
0.7147034100862375,0.7159221958804622
1.188524437446021,1.225253004938897
0.7680393236317993,0.7496315788958676
1.567423284260523,1.5268109683960676
0.8419815468735387,0.7807324904572708
0.3195610250567986,0.30551817008721965
1.6419134187440187,1.751393535284123
0.4511103975471242,0.4464423208021164
0.7285945086924692,0.7983655902067093
0.5707125791847183,0.5773506408890787
0.25488188550340074,0.300769069624626
0.5824544177099982,0.5896921277205733
0.7862247323358358,0.7906387641388667
0.7015252621670605,0.7128469571999341
0.12582286311665636,0.11725273066532585
1.1429545513256374,1.1425600120140715
0.6709117707800263,0.6444180736388961
0.15345645167954378,0.15696249527657646
0.6380952280139862,0.6290144955755792
0.6544545618365921,0.6921005914824513
0.6092973833250959,0.5941499284215995
0.9901999948104264,0.9743311235318414
0.2513408831381082,0.25971708871437255
0.5134709992266736,0.5086160784526772
1.0220531599321896,1.004831134895697
0.3052928303963537,0.3303181277016832
0.40192696526849697,0.4074886971503102
0.8292310973305058,0.8433349522926319
1.0731035447461352,1.0974503020266506
0.2284941196842337,0.23187913457193193
0.7046447487661768,0.7209293520174885
0.1377385748875855,0.13111002479697617
0.8620224328415317,0.8567082790673209
0.44101580767245735,0.4512446675937037
0.9553019321781413,0.9507773930596346
0.3606906646325685,0.3505836598051541
0.7342559247595369,0.7082189462890286
0.5686562295366008,0.5701839541973529
0.23264184468365368,0.2299240696918473
0.5527627359460335,0.537048596757388
0.7334119612671153,0.7148979065659962
0.527650938710551,0.5134334570271644
0.24185696478863444,0.2294632457337805
0.23919662736843636,0.2599910287422236
0.40066696957790454,0.3492725095250695
0.46353944148205684,0.4584211780958625
0.6216993733299544,0.6216495415763761
0.6833022808184638,0.7146066832601082
1.9977712188312233,1.96942049971607
1.1576727297828764,1.1883211616410285
0.414395566002346,0.4311405525926639
0.17316675066932072,0.17223307204875354
0.15542495744558235,0.13827196480888712
0.17396556369754695,0.19877808005774847
1.173360091930293,1.0696208407199286
0.1578128265767122,0.16146662051355581
0.15913144499569645,0.15049590135420132
0.42141576286294646,0.44153748218999694
0.5808295808349241,0.5814767520520681
0.4745020245158597,0.46325663766649694
0.30362303150319114,0.3055536484761198
0.0915009286050528,0.07414535890376105
1.3351459723653707,1.3050095921888076
0.7741317440425217,0.7798737245882622
0.31386307500344623,0.2737146087002363
0.5592809431744614,0.536976605060844
0.4340130074734482,0.43380559973193983
1.1787978243354027,1.2819779851650752
0.5332981119376696,0.5328603071726481
0.18683052044206222,0.17229234457798528
0.49317834129690447,0.4693196836698806
1.0390569178794893,1.037381971924212
0.6579685962861279,0.6541613661412395
0.10315555702960974,0.10639184823403694
0.4657283830997186,0.4670537931441493
0.4029796843579353,0.33889663551012816
0.15299616400721086,0.12725771076149972
0.5175229445539311,0.5470294931367945
0.514333246794265,0.48802969716302036
1.0040279087680184,1.006062948784269
0.7498253396474467,0.7426319666790021
2.308715279237078,2.282713180606774
0.17839046950229595,0.1872141627511814
0.3536737471928681,0.3531749212057899
0.35864653822209425,0.3791464955246979
0.436080394065306,0.40005411463003354
0.3760972699860888,0.367306386505906
0.19181435949716133,0.1983439864434736
1.0390240684933318,0.993430258299114
0.980623710943309,1.024308005630135
0.20472428248340446,0.2479196833215966
0.4681861274577524,0.45241630294396373
1.1859943410635294,1.173735257189217
1.3593252860706855,1.356578911105092
0.9584085343739461,0.9825414530572961
1.0540320770271951,0.9994006756716903
2.3897528162360206,2.4273488280345266
0.7201500940716205,0.7010999987158151
0.5276320350623124,0.49667474904162395
0.6054045633400212,0.603558792321021
0.4758106184671506,0.4850420020305231
1.121610405211508,1.1425359330896505
0.5652670143768385,0.5421685194591515
1.2245050336862753,1.246473229081167
0.33487996427635325,0.3073347789182358
0.7502585411766257,0.7539628747211947
1.877202225777547,1.9491371824371173
0.778825141029535,0.7532683614859502
1.0616079133817458,1.0588298777790328
0.5749275929781854,0.573271027619467
0.43219381664236467,0.4451910546111544
0.4943435868757525,0.452754019910004
0.36181858804520883,0.36071119556394615
0.11267023977223643,0.07317384370859413
0.15569836938479784,0.13036935070317443
0.8362908193790703,0.8358176824962482
1.295401874092381,1.3475598951085346
0.535853856144735,0.546431995159474
0.07815887785820758,0.060410404258075104
0.7068623415071641,0.684177971080128
0.27867028519318104,0.28334156603447863
0.27956975032228665,0.2312809577101381
0.49700123140081537,0.5121186220034085
0.6011934408720511,0.6891443092883386
0.04205902263555721,0.05984609366788673
0.5374129121312072,0.5620732208491981
0.06539653335546977,0.060483705960849544
1.2386367314385207,1.30693199014244
0.48548198229502215,0.49271909624189897
1.2103793457943508,1.187325901690588
0.8690265733995258,0.8760088223268103
0.962663033272449,1.0263954233939732
0.5322845719442066,0.5972241926266152
0.9410368341273146,0.935950894190554
0.6509612450521437,0.6532140761666054
0.2513607337215449,0.2618456641989058
1.099143631939993,1.106123358885666
0.3421889832432495,0.344020018363866
0.2544891797984407,0.3311210684642473
0.40487031721189226,0.39534914646120456
0.5065187810146753,0.5010471593583739
0.5473790185220625,0.5479833293105228
0.6818820254383655,0.6318032184263604
0.5707183693538774,0.5651362851912881
0.796626254417554,0.8048421532043629
1.4643612854319326,1.4212477757907958
0.7487826928798911,0.7652282615079846
0.31354805956516696,0.293452798976892
0.9540862443529832,0.9495711252061907
1.4366832095998374,1.561729544363864
0.13624063632312572,0.1606830220891925
0.46558026840290095,0.6116878545285067
0.9871986984597283,0.9919022157050349
0.6177049073957745,0.6465445183504881
0.45214040780914183,0.46827479036181885
0.2552675945892825,0.3216385354970422
1.0276731343747127,0.9221244442760839
0.8613538768379548,0.8540081369860706
0.45315171013665984,0.4553513519547782
0.507901635107913,0.5211140191745354
0.48168617582791007,0.47722180173342993
0.5143322844604197,0.5192401973302923
0.4697085762869512,0.4826752425035437
0.5865615285159356,0.5868888710785165
0.37278746380448863,0.3659453381218101
0.6126014733576567,0.6093565490018024
0.4560794534776026,0.4421716933965614
0.6155773408661227,0.6547812932246515
1.3657448577858073,1.3581927743172366
0.45143017474409225,0.4656716801681626
1.023750903989333,1.122213989736892
0.2857728546923355,0.2764640153366367
0.44946894876240756,0.40517450190031823
0.3253601594779527,0.3446779838373111
0.36449587039322157,0.4005025714431631
0.2073164484746861,0.2375179096926261
0.0610642529561765,0.07926907624415858
1.0187198107476474,1.0843714023290827
0.7404579818274761,0.7112250325096621
0.5175202886667588,0.5185861093517966
1.339131466513801,1.3140771586248388
0.9686006280688435,0.9510396642347541
0.44229478263686284,0.4466210432561331
0.979160938693611,0.9277033377132065
0.6393439339269017,0.6745725555745645
0.4237093284170662,0.421358572253748
1.0640383695847153,0.9626637941206093
0.5221943457791871,0.49943173180581
0.5671959008474992,0.56930004581088
0.2871102921625005,0.2975050506783544
0.388310597468251,0.4622974706337299
0.26604931158893547,0.2546053877391065
0.03446840417920056,0.04601620507813501
0.756391251305296,0.7497816438978343
0.7127913410414395,0.7161943197901695
0.34937845203651263,0.3573266425461759
0.9680809446697101,1.013196097635546
0.4355578180337443,0.3976525822529415
0.21382944951921515,0.18977845311206348
0.8489853828997259,0.8301658558383963
0.04838254570133471,0.046747524177464764
0.46600001720036066,0.42865083994567627
1.3104136343519823,1.2755772057632846
0.8046618299112548,0.7975667482347883
0.30478801871495176,0.32553087348392923
0.2395841586025759,0.2375947626604142
0.8454901017752093,0.8091029622614173
0.6177386102862947,0.5969464824643249
0.17388776363611735,0.16493810317642627
0.3784334726422785,0.3745333044112823
1.7953897629679447,1.8171403281263514
1.2864114048662705,1.2903158626083244
1.0728609427343687,1.0316502061735937
1.109064525320437,1.1203426300755102
0.2846842092929543,0.27110629172974837
0.17618477602833835,0.15315987109089094
1.041020960946012,1.0478985738701367
0.21893513969443937,0.23553290585273107
1.0170501511607042,1.0553320451648212
0.8467897911974098,0.7983314194309836
0.32782782420694573,0.2929806415193325
0.2183872279888108,0.22328708056314972
0.40559810890338305,0.39826456546356137
0.992951457787163,0.9900104445883996
0.7791371089707276,0.7478977467805391
0.29771030782110436,0.2806244172603504
0.8690662795881934,0.8478833093160101
1.421402488364391,1.3986600382190684
0.428849642107416,0.4388113331240878
0.11351175419356774,0.10987812328462218
0.11613920342414336,0.09890219531541955
1.1136094624461197,1.047452875179243
2.419973585762523,2.2312859649016312
0.7294245390813909,0.733537771265719
0.6653935258723204,0.6779927421115426
0.12871243932780463,0.10509271315681092
0.5424734303803423,0.5509523623750417
0.07890950305009904,0.07127469505089239
1.494264079867732,1.3468419690168019
0.11753279557924717,0.13771921749347835
0.6556622994855027,0.656733373001266
0.17058726606123903,0.18322935012547242
0.2112759654564415,0.19832546676682541
0.5127700943267339,0.5153687840737706
0.9729277987295606,0.9973279731350686
0.43360944365958487,0.39966684848141554
0.30677853447491754,0.30335154415927756
1.1303303288964341,1.1511093276151643
1.3198204940305505,1.241061052287931
1.317278922889612,1.3159291843537853
0.46664099049165625,0.46756160590568746
0.17561755618990824,0.1602501477516013
0.12662984315506462,0.10238187659728697
0.6443783957602905,0.6434509287875612
0.8450509473651422,0.8504896566099237
0.9354073252882398,0.9384279360680048
0.3690362901381484,0.355974241198462
0.6976477369247576,0.7085100927346447
0.6779957091288319,0.6736136325423806
0.2767425595607493,0.2821842961783889
0.5323221940827811,0.5280362955554203
0.2195945359785972,0.2282323812420783
0.3362989989502232,0.33477335861967555
0.4834284256218335,0.46573263005891147
0.6442419874586762,0.6450750741337389
0.7514978070864121,0.6590366392613776
0.8441727898352259,0.873144553239487
0.849146977450282,0.8463979332602208
0.5747883751623813,0.5438765737160359
1.1276478295496366,1.1594617661329274
0.508855792316588,0.5116265030480207
0.1576972378723938,0.1138668654683325
0.2232855955086032,0.21194626200649994
0.41474736034368,0.43641036872515543
0.8999185669314588,0.9510260565705099
0.04226799725399236,0.032912576203761625
0.08901030285120191,0.09799838480187441
0.5198380417790283,0.45440623789048973
0.9793190760600526,0.9081265252631208
0.19513173246518845,0.18270204923687933
0.6175973344662296,0.6402913117962146
0.2688128712083265,0.25365726347308987
0.20844980965397913,0.16701821524274404
0.14922333808479052,0.154077594644864
0.37097390470741737,0.3534414532613814
0.19981792020817332,0.1938795353871886
0.30081259635318286,0.3021269925893219
0.18938524574075924,0.19928247507576163
0.5612357722763737,0.5884382755942237
1.1508441610105071,1.1009778558425272
0.7036721225707805,0.7117803999650474
0.3961647154818212,0.3927015026037281
0.45831371208047283,0.4616209671548342
1.4226284093919925,1.4564662000220039
0.17742223692368606,0.13750094378465813
0.07327339066231545,0.0616501600189617
0.11971958690696892,0.16157956871102072
0.3854407682931884,0.40174326643668457
0.18067407715128084,0.18937159522392033
0.4634042753275657,0.4679030695162413
0.40714567836871185,0.423680262555602
0.4329914859267606,0.417190257500316
0.4453780420710247,0.4458830887532376
0.36958181394606743,0.36165360930521906
0.2925303163415473,0.29152034416336786
1.0288915296078196,1.0088658524398135
0.5817314866827925,0.5855886822053629
1.4111657507668116,1.410438743775107
1.3389596748654626,1.2590870769146172
0.3756783707496705,0.37181246552289554
0.27844725103680934,0.2561586404831178
0.2276396322230168,0.18368123385210836
0.5985224799324411,0.6549300537853763
0.23586656714048237,0.2608367267290499
0.6873570541977272,0.6750843885194135
0.5879123198794931,0.5494184352507228
1.3513146270427556,1.2924622900517013
0.801236626584347,0.801791172219568
0.7045648160151431,0.7096488547705689
0.12995915402201402,0.12530042843398242
0.35144874469457393,0.3745077294664067
0.47551436835691774,0.46597238590557155
0.6475177657192793,0.634176133551347
0.7467182616959384,0.7499238612785998
0.4086750058123851,0.4486819501434687
1.6650030361761143,1.5302342581450064
0.8958447986904259,0.8372936966983143
0.2772828207284187,0.3132906708731614
0.2558240510158022,0.24701220752143244
0.5967543921369419,0.5793168245582423
0.9426487138847905,0.9132077512316933
0.2183555221022568,0.2481349496229909
0.03066369777806302,0.016963803550056385
0.2712977215129139,0.24718136896501258
0.29245921743936604,0.27491335402055334
0.5495195570733031,0.49481649938180483
0.14790718231235003,0.19131465797910252
0.3417368482492308,0.3185065845656376
0.094385235407688,0.14614666266721002
2.034265142204487,2.054117669644629
1.714995813835516,1.738915782540612
0.6902168802043316,0.6849508929556986
