our scalar + colour,"our scalar, NO colour"
0.6730531101783054,0.6751262066338103
0.47302190699808283,0.48982651650054926
0.6595760570651271,0.6913125315763786
0.5271379889617119,0.5181708860771729
0.6426571772330937,0.5810899294331255
0.881158854048348,0.8193646975840732
0.5349518637144537,0.5810899294331255
0.6167296141133476,0.56462977126091
0.6426571772330937,0.5810899294331255
1.0050618800357531,1.109985365519506
0.4312705194027697,0.3993745788222087
0.5574147839582901,0.5830737475387355
0.45480763532142354,0.48797552204096756
0.9095429094549722,0.9754506258797502
0.8587334448020993,0.9515757377336554
0.45480763532142354,0.48797552204096756
0.045930639981213606,0.04960968427539358
0.02600789499241715,0.03203386768964451
0.8061424722740491,0.7399282382429595
0.7739806150234445,0.8114737390421994
1.4950500626190322,1.4129055101445172
0.040428878377395394,0.043856174697532405
0.7739806150234445,0.8114737390421994
0.36963383759720936,0.3373901598126952
0.4437218517841703,0.4141183893276275
0.3616691161311715,0.4141183893276275
0.4437218517841703,0.4141183893276275
0.15275438301174568,0.16634983734205444
0.24076733638482475,0.25963717196285424
0.2874434445627296,0.2920554557637627
0.3616691161311715,0.4141183893276275
0.023930850476623994,0.027397665853818465
0.03403952595495685,0.027397665853818465
0.4437218517841703,0.4141183893276275
0.24076733638482475,0.25963717196285424
0.2512406703046997,0.2672793742840066
0.040428878377395394,0.043856174697532405
0.0850780952444121,0.07684610824822394
0.5523970776058416,0.5855559445352087
0.1621403167499862,0.1860778032140735
1.0420568713804108,1.006451659788794
0.20792854091783908,0.1860778032140735
1.2169612179203002,1.2739950063822854
0.41117642530548193,0.4020441393944591
0.06016032709185295,0.05070619153577799
0.9094331520014587,0.9619957983103692
0.06016032709185295,0.05070619153577799
2.8406715277106684,3.006953222972225
0.043654946834583326,0.05070619153577799
1.6727243023756744,1.773187007337409
0.043654946834583326,0.05070619153577799
0.06016032709185295,0.05070619153577799
0.043654946834583326,0.05070619153577799
0.043654946834583326,0.05070619153577799
0.06016032709185295,0.05070619153577799
0.043654946834583326,0.05070619153577799
0.06016032709185295,0.05070619153577799
0.06016032709185295,0.05070619153577799
0.06016032709185295,0.05070619153577799
0.06016032709185295,0.05070619153577799
0.22030464778144157,0.20639254132738685
0.043654946834583326,0.05070619153577799
1.2371917150122127,1.3071778186652203
0.8276623736428248,0.899582366596609
0.043654946834583326,0.05070619153577799
1.2617176967545203,1.3662392085890631
0.33291267773917077,0.29445751006548815
0.16622518600980996,0.18217737955597227
0.4465774959565891,0.48588240657993914
0.5416816549664626,0.48588240657993914
0.7991688866532916,0.867276832727533
0.3150512223960766,0.30837986527737876
0.15616813893376494,0.17324379710873275
0.2047899580219468,0.1879177763355875
0.7331260091695755,0.679402266356729
0.4769014907263711,0.4375476231355276
0.4769014907263711,0.4375476231355276
0.31665791108462216,0.2955118032401809
0.20792854091783908,0.1860778032140735
0.5447580199563065,0.49812108665237503
1.8992681690224096,1.773187007337409
0.1621403167499862,0.1860778032140735
0.3903258169461645,0.4375476231355276
0.3797520081545313,0.4222301809941553
0.9694375096108527,1.0373792289835593
0.3903258169461645,0.4375476231355276
0.9694375096108527,1.0373792289835593
1.1295963157890982,1.0373792289835593
0.579943175205203,0.5332166762368873
0.3501353563951818,0.3172321933530073
0.12989162863570167,0.11388002454402538
0.25578541509342584,0.2888263697674512
1.1295963157890982,1.0373792289835593
0.28394254757618753,0.3151693532593523
0.1359899609407206,0.15616601020289025
0.9053317483282121,0.9907061214459963
0.3406578869961998,0.30455476013276805
1.2423748553899,1.3373200012639095
0.9053317483282121,0.9907061214459963
0.039107433479321725,0.03897978264536924
0.4437218517841703,0.4141183893276275
0.3616691161311715,0.4141183893276275
0.3616691161311715,0.4141183893276275
0.11376400332734644,0.09955531747489904
0.47961465055271807,0.5031514785160756
0.1883473583932809,0.213293828525808
2.481512762833989,2.3564065584040206
0.7953440273107439,0.8588904074815915
0.1212507386342717,0.12147218918876544
0.4437218517841703,0.4141183893276275
0.08732048409551539,0.09955531747489904
0.4437218517841703,0.4141183893276275
0.5791364555899665,0.6388003240289419
0.08732048409551539,0.09955531747489904
0.21889352686238608,0.24522283051290794
0.6150297862468384,0.6668986209111011
0.2687138619978984,0.25398699479465264
0.2687138619978984,0.25398699479465264
0.3449101655581067,0.31224361276341733
1.3606634300234552,1.2939752248474339
0.5079947791788063,0.47315087861207406
0.1409009421231658,0.13144302178321196
0.9205520813575194,0.9756057493441956
0.4639575834849175,0.478653261254884
0.43525060811017074,0.391755634906539
0.5362101839670942,0.5692896352121586
0.6927766327917129,0.7586698185737019
0.35307291150822406,0.3204514265811264
0.8218492758709973,0.7506182204908043
0.41434639655823036,0.3713166634464298
1.0810828975216826,1.1706201220662618
0.24005466580304938,0.2621606306310811
0.33964466245574093,0.3390912991091517
1.3371120585291465,1.2939752248474339
0.9329962934059667,0.9515814336776529
0.19854562955507657,0.22564684737911203
0.14772360451790698,0.16038560210867966
0.9329962934059667,0.9515814336776529
0.6924837629555852,0.7241667675344454
0.5597962519189962,0.5734369981008246
0.3389862901784715,0.30887816655567996
0.6342644701643482,0.5734369981008246
0.6725591043630574,0.717107753355062
0.7569864885294835,0.717107753355062
0.3046288025756456,0.3204514265811264
0.09857610191640034,0.11203066957522488
0.6807748641579089,0.702855579393005
0.27192293148181407,0.24522283051290794
0.2929573349696542,0.25573669036449287
0.7785098639043798,0.7471728074517484
0.17492821938738756,0.1642298806327316
1.8147856012086823,1.7753783329126918
1.4883212508896473,1.4470234387839689
0.17648829015940995,0.19247036305983858
1.0488719795368358,0.9800028562209449
0.6392034626495565,0.5956043984501282
0.7347313219886651,0.6867033512598166
0.3046288025756456,0.3204514265811264
0.4331216423143085,0.4173481770040572
0.6246622554626603,0.6690318151615452
0.681149977884404,0.6642000799531987
0.9841061311035938,1.0462271294827181
0.9072384558249436,0.9573670885687938
0.35307291150822406,0.3204514265811264
0.030768901928908726,0.025842047285617967
0.9072384558249436,0.9573670885687938
1.803147962658538,1.9138976085667396
0.45847953179264733,0.5021813855395629
1.3371120585291465,1.2939752248474339
0.5169063216674088,0.48434978474645113
0.003432396498174166,0.004507014721998186
0.6629998293991379,0.7045748572581226
0.1254649744356291,0.11070730479985391
0.5318276080402469,0.49395170544407646
0.6492193721916689,0.7166628575494273
0.6219048301513661,0.6636407080091392
0.32754860316879014,0.32207803443722166
0.5964590037571403,0.548301850386724
0.31421993079157434,0.3248040161985155
0.7305617391895817,0.7507332513217285
0.3046288025756456,0.3204514265811264
0.27194374583497033,0.3043514815087712
1.0464311761082317,1.1272005347051728
0.8541076929930127,0.7507332513217285
0.26093023788428177,0.24853785300245554
0.406543447011689,0.46274807360608633
0.3388918791601842,0.3043514815087712
0.27194374583497033,0.3043514815087712
0.3628711927581157,0.34794783593517925
0.8113223146900163,0.7315320757822135
0.4512125757102022,0.49329292913902956
0.5672270012636357,0.6047181268177036
0.36847506123637513,0.3767310807332447
0.43592830382020736,0.4086326002340504
0.8290568796598047,0.8283156034945927
0.5487028607839413,0.5165052055126387
0.24758364698728635,0.2664173905360196
0.30449967002863515,0.28605462033028783
0.2621839079399552,0.2715112566669116
0.4639575834849175,0.478653261254884
0.4639575834849175,0.478653261254884
0.14740213589968781,0.15742555648408024
0.7708414892553497,0.72603328286572
0.6181932804070099,0.5664802587957228
0.36847506123637513,0.3767310807332447
1.654491085161349,1.6570022558874544
0.6087759755005892,0.5594796219468462
2.117946361435082,2.0618533167655464
1.124521302619909,1.0336527340019166
0.44410429960719516,0.403387268284958
1.2874762923200558,1.2796673629041802
0.7085646964303458,0.7095772478185792
0.16368031709179512,0.13606944053786837
0.15587994983448752,0.17071648351515634
0.6087759755005892,0.5594796219468462
0.44410429960719516,0.403387268284958
0.33247521561659626,0.3699677833651837
0.9641447598622767,1.010982657790358
0.013910129318575232,0.011170834899837079
0.7424367377559257,0.8171442437535844
1.3814001932998872,1.346535741646058
0.544068371959136,0.4971644712593914
0.7409105292522586,0.7951999962129193
0.5711638118126101,0.5324724835193706
0.6416569869200951,0.6928562518997488
0.7409105292522586,0.7951999962129193
0.0431006192682199,0.04832899569378754
0.41436223858999394,0.4142696160311813
0.4317551986878187,0.40615605136388644
0.5392633828735431,0.6005514623324174
0.38749404048152514,0.42147283042282413
0.4615102885374499,0.41298994369672426
0.5392633828735431,0.6005514623324174
0.41436223858999394,0.4142696160311813
0.7409105292522586,0.7951999962129193
0.15930938514173848,0.18112036963294909
0.7084845062427682,0.6691408805733862
0.4615102885374499,0.41298994369672426
0.2044981623102273,0.18112036963294909
0.2044981623102273,0.18112036963294909
1.0445478149368816,1.0569684263732941
0.8582726888979353,0.9422591962509757
0.48614600921334183,0.5356334885189694
0.15930938514173848,0.18112036963294909
0.8089396274682306,0.863582699096486
0.2044981623102273,0.18112036963294909
0.7133052468730212,0.7059034634962316
0.5043117742472969,0.5018510655532147
0.5514629938687508,0.49388055013356064
0.4945887673723719,0.5475738656032606
0.9448394135298509,0.9023743346759154
0.5984141193102098,0.685761212767052
1.6877034986972246,1.797787143587875
0.15930938514173848,0.18112036963294909
0.7963679080122561,0.7444307256533564
0.8582726888979353,0.9422591962509757
0.6492810343430963,0.6508547207505625
1.9155045867045213,1.797787143587875
0.5991516864501856,0.5992551922712754
0.5306674907374602,0.5055094072558055
1.1952499972573696,1.2728985885118758
0.9499124711271452,0.8884299486428018
0.7962747162513952,0.7518352894158535
0.7390262001040442,0.7373075831146333
0.1677479548518914,0.18358230379677057
0.49531557504966983,0.5393579508285593
0.1393588773549294,0.15332975538665172
0.30210910902217925,0.28390127715665503
0.6061073003042501,0.6032067723780328
0.5633506207546952,0.559997213224615
1.0387531630453495,0.9438388729241635
0.5010541803012805,0.48397631319566026
1.0873632108511158,1.0879939553674558
0.7245271148824738,0.7633910716983456
0.3024175332812458,0.34576874696872656
0.4367942668387015,0.4928729735979435
0.34930322404081887,0.33536607707278715
0.30799564656348366,0.2724343939180653
0.4921742067535585,0.5237899510495124
1.0467188774399931,1.1059677706159758
0.7857487729611388,0.8256843579484937
0.6658066909432218,0.7054801214816443
0.5164630264556972,0.5507606715989685
0.8123556808922675,0.8971540335450038
0.4921742067535585,0.5237899510495124
0.6133793120012655,0.6500556419149787
1.0823150462183435,1.0266251051543787
0.33867191279376824,0.3268732377041596
0.6581220479211989,0.6615390846056233
0.36043670834260866,0.32853015769350175
0.9133486639132079,0.9198096805000028
0.6563653195751405,0.6248079759667843
0.06848777839454392,0.0806048279195939
0.6919479507885321,0.6193232663294328
1.2428536003118085,1.1838382489801789
0.09211044151353322,0.0806048279195939
0.29462820247675864,0.32853015769350175
0.4367942668387015,0.4928729735979435
0.2936784855382422,0.2655036503763678
0.5304460644331751,0.4928729735979435
0.7114993422299102,0.7594697895585778
1.0354646175460713,1.1061269693281635
0.4691291978778117,0.531808102970177
0.3622208094178863,0.38867175465118997
0.5936548024695967,0.5196461369084172
0.18446528766250095,0.19394923259116395
0.3345504598418289,0.30112914446737665
0.34046364311703836,0.36542970792461427
0.11500311120190478,0.12140647504666982
0.9583613196771381,1.0239664945032119
0.22430632673354048,0.24138192749341839
0.7442406458882717,0.7436686313208877
0.5015301706087462,0.45343781782943166
0.7065990901439572,0.6405365498793442
0.44663968383305985,0.48348256418553537
0.7138463300361095,0.675555686090684
0.614358882034276,0.653556533001366
0.598573923770919,0.6405365498793442
0.48883114154108975,0.5257208897993473
0.22430632673354048,0.24138192749341839
0.46794471818658995,0.49061233842500623
0.5933541418321646,0.6511889268329543
1.5987384089872294,1.6117577505851934
0.44663968383305985,0.48348256418553537
0.9502169900226777,0.8943557517481251
0.043791443181934606,0.04916503947279192
0.5086961826609425,0.5650476289725852
0.4760610161714234,0.504419095368338
0.5029632109038337,0.45972658960257395
0.12639799608135138,0.14496751041958286
0.20525288040336365,0.21536804916242985
0.5233813210668571,0.5658146136126205
0.6178253735663826,0.5544639164995633
0.2415029675819607,0.21536804916242985
0.7141715357030674,0.7839304560897256
0.6725557623253176,0.6099239413334164
0.18955007011652908,0.17754961089197746
0.12146156581115274,0.1323340559808374
0.15556944364905262,0.1323340559808374
0.26863447378902217,0.2378971189611521
0.1393588773549294,0.15332975538665172
0.21610270405659635,0.2378971189611521
0.18837744201796897,0.2040241535351686
0.31725159393945807,0.3610433129658577
0.6022013091058327,0.5503246801949114
0.23584266870652618,0.2040241535351686
0.3268524465554317,0.31171875989400183
0.29488264431686095,0.32142085556716565
0.6298926801643309,0.690225788298657
0.4767443465319128,0.445680026919636
0.28769356515309763,0.3067596291490339
0.3901898347386424,0.445680026919636
0.628288018067044,0.6088791726011827
0.9411079579234123,0.9852970215723649
0.5413654552292503,0.5108155040284232
0.16630598851474232,0.18289358077097065
1.0955531700993821,1.0424981465312537
0.9657483827378973,0.9952751106450702
0.48566006332521616,0.5386765413447147
0.5612504106878916,0.5243795182771904
0.4056704221022795,0.4673325180838493
0.5089204809022638,0.5624276423156984
0.4056704221022795,0.4673325180838493
0.9779298344108558,0.8736508447695135
0.3449256544040536,0.3391610565601805
0.4056704221022795,0.4673325180838493
0.8740236237234295,0.9239421107769364
0.5595819523100205,0.5201937381644749
0.3449256544040536,0.3391610565601805
1.159249459881686,1.0754409843496804
0.30210910902217925,0.28390127715665503
1.5252736521333423,1.4460083264965475
0.43248697429505883,0.40581048304084993
0.7821876526632084,0.7497664893969622
1.283518734375611,1.2145094771587517
0.32048969814900663,0.35576484906609473
0.39140606513738807,0.4541775373855084
1.8088836978023755,1.7118712988959126
0.3903870201107546,0.35576484906609473
0.4175710308708639,0.4577761100260579
1.112615890943898,1.0252811199595167
0.4229298951916765,0.39814336739579315
0.32442998882070845,0.35219299295366785
1.830693732553953,1.7841547075248114
0.26040129437623427,0.27015235981349
0.3699224276178307,0.35391679686785454
0.32442998882070845,0.35219299295366785
0.9751548375607917,1.0208116973878396
1.3579249212334699,1.439120913958914
0.6003678292858404,0.6464441047419479
0.052631564238960385,0.06133959334337675
0.6581220479211989,0.6615390846056233
0.4004009705837314,0.35219299295366785
0.7378958090408957,0.8211766663939888
0.7360829445466571,0.6761080951593136
0.4004009705837314,0.35219299295366785
0.07478793990588148,0.09119225735116882
0.40208788541591667,0.3742466619297982
0.10010060986492444,0.09119225735116882
0.5272332162150073,0.5197673869824149
0.40208788541591667,0.3742466619297982
0.10010060986492444,0.09119225735116882
0.8767024578721845,0.9215953102688191
0.10010060986492444,0.09119225735116882
0.4988366908003487,0.5078589089861896
0.8406082784703348,0.8355966095023446
0.7200359591111484,0.6657076552370796
0.3728554127973061,0.4044966939292149
0.1954766506399833,0.21591543758283668
0.8307886884375377,0.9133721367425663
0.5721790270006073,0.5127760969539851
0.5458748502911979,0.55517511543619
1.4398220844671774,1.3696290806178268
1.4394661295009405,1.3127400104684275
0.23763311488562455,0.23923103915830335
0.8570510256424049,0.8401619732312637
0.7234685151380769,0.6582914191571543
1.7523549491474866,1.8352127216937182
0.3421588426555396,0.3339660527172142
0.6637182371760453,0.7292618793413699
0.07206317664538375,0.06063819834678922
0.1625829977415936,0.1719764518121714
0.052831561091852206,0.06063819834678922
0.3535067254578446,0.32915420682977314
0.427108817617415,0.45638422607226403
0.8044704119642344,0.9002501434832234
0.40698720122978127,0.3649272434732277
0.8827502150107074,0.9500227015562355
1.0334016896348241,0.9500227015562355
0.13620554968177445,0.1500368133987348
0.13620554968177445,0.1500368133987348
1.6567336087355775,1.5868551874543586
0.052831561091852206,0.06063819834678922
0.008291475469936117,0.010165800794991157
0.5661461932160062,0.5451861287105243
0.9015698467458974,0.9838683484634305
0.17265795110947954,0.1516941019531938
0.2608215509979089,0.2821655544814156
0.5607108082793741,0.6043489178340105
0.5812281993653604,0.5305076990407243
0.3180975219988762,0.2916110086059791
0.5558312005161129,0.6059424569347505
0.4801862963224302,0.5266579702221365
0.9875676758013524,1.0715871481952353
0.3340975968923334,0.30145564918207723
0.533897015957942,0.5791337005513679
1.4770670372332935,1.3914467555268015
1.4770670372332935,1.3914467555268015
0.627525293593348,0.6046831893468115
0.4949655338955624,0.4432259476741049
0.521659769696764,0.6046831893468115
1.0815376551846523,1.1735579397157645
0.3361942479119902,0.3699985047312747
0.7455464857079956,0.7780294238562179
1.2136300299611675,1.2010627437186085
0.664851585939409,0.6315884385571061
0.2591675969562525,0.28597049018128107
0.5035101868485508,0.5253617938004375
0.5257890781476401,0.4847335440666034
0.422944759007742,0.38101927459141594
0.20632859714604643,0.22167699338932983
0.25527137019977725,0.2690274957970704
0.3088506316770228,0.3183446730591472
0.3088506316770228,0.3183446730591472
0.451492315133109,0.40364288617638167
0.7172609850631483,0.7435576309040047
0.43677548838197006,0.3832291187561379
0.45044724393104574,0.4428242595777843
0.05864120585056052,0.055147746069918006
0.6831306985271117,0.6424997734454884
2.0778279041664613,1.9479051135794676
0.6270941203574834,0.658213055402536
0.4598449786207497,0.4275182788601086
1.1927772480575694,1.1219061939730846
2.1262424100414274,2.0512138601206362
0.4237834624504817,0.4087131058576138
2.069811792874073,2.0962010880304756
0.5995911486169331,0.6443658372623512
0.49642325298398904,0.514400364638063
0.16348623478505397,0.15424916742384637
0.7172609850631483,0.7435576309040047
0.7172609850631483,0.7435576309040047
0.5382366622828741,0.5423140141220798
0.7281437496640807,0.7266451589239576
0.9692703663317709,0.888033585212247
0.5924104811907467,0.6137280290413325
0.21854322262058348,0.22247227190604338
1.7702439183603407,1.7757952362816827
0.4435392014183182,0.3940185226227295
0.3783613458019325,0.36927371292118916
1.2285194115648554,1.3130475751893644
0.7105989376005838,0.6800854510782072
0.2782699462765595,0.3133404665782506
0.5379332759030778,0.5589879126929084
0.9036094351171556,0.9597310232711189
0.5510603169373925,0.5794665728242634
0.6759947706763523,0.7063817792802243
0.5948234542245235,0.6800854510782072
0.7347964082224572,0.8214286325382527
0.607218145869578,0.668714890978011
1.1126698496194845,1.185354658261567
1.1270771351752868,1.2119085663368014
1.0605485928098015,1.0482543998205383
0.8019451728563484,0.7739302916159574
0.6841878360866152,0.7603533633551608
0.5758370186526883,0.5610271942418964
0.5873949687950589,0.6301746349719223
0.2645320742649548,0.24619923103376928
1.0265551277462455,1.1219061939730846
2.0057806496164035,2.006313570630646
0.6593340709782003,0.6607350415663746
0.9835614706002789,1.054144772088666
0.5810654103473897,0.6221912643892987
0.3317113164668937,0.32452513151328255
0.2664024363094688,0.23091186268576924
0.9575122310686355,0.9763834717313282
0.14848874104623147,0.1700519855785297
0.2093611699284764,0.2324790615283386
1.0555763982018134,1.130567041510377
1.3967442287743996,1.384088044487713
0.33670032678030454,0.37209914643909786
1.191119929691193,1.130567041510377
0.3824227737350654,0.41810192237663546
1.028146330601191,0.9564671506159205
0.7579627797900899,0.8217890782545201
0.5325384183792201,0.579183682962469
0.2722232073221479,0.23912531034102077
1.085781835260595,1.00535240000087
1.0237519727897733,1.0449105453466465
0.5883314417337754,0.5568562509172814
0.5231202380221922,0.46456896248000507
0.9846160784644995,0.926179385445062
0.9398532903636886,1.00535240000087
1.2703655398621398,1.2972371041002302
0.6496536109213779,0.6175665548726347
1.230950176619729,1.1941763412256667
0.8128171438507589,0.722103675533023
0.529794519070174,0.5035876266706519
0.6496536109213779,0.6175665548726347
1.3291520829471042,1.3167439519908768
0.28763417580913914,0.3158806766233379
1.8167313496270212,1.7974143802234694
0.46341221244953074,0.4185624658806709
0.32835852227520435,0.37930483549675653
0.8043423433264176,0.8861752128686955
0.0031608918583871013,0.0024913835687189905
0.47675817308831564,0.534041390824516
0.9171089735195781,0.9587604032664131
0.11782585066658047,0.10383508824664332
0.6147202975009133,0.610194167223792
0.04724189130338637,0.059773127670994054
0.3795442765546926,0.41337618864607295
0.9366905216393719,0.8412472438874867
0.677067559571762,0.7419927545095225
0.5479456557993324,0.6175665548726347
0.6157010410179918,0.5753317621062721
0.3268524465554317,0.31171875989400183
0.7440250569560741,0.6696220587726687
0.9000442118157113,0.8491943407482485
0.35925084479401,0.3505233252002309
0.5432907872508748,0.5715240513475075
0.5330766494644648,0.48806000727263643
0.18520736046295574,0.16630877349299147
0.1557508720974246,0.16630877349299147
0.6917781382373075,0.756769779403346
1.2321664574912625,1.2076855089500975
0.5303414599528219,0.5781763358044105
0.521805153737307,0.5581957842342274
0.5878300885248355,0.5575198448217966
0.328911173600587,0.31492890862216455
0.5003294858663643,0.5505581499035933
0.5242722045544459,0.5340300053989834
0.9607850723653649,1.0340911215592083
0.8458378491023162,0.8983582618382033
1.1732947670726177,1.1909917232898573
0.460851345810764,0.49510881657108874
0.5003294858663643,0.5505581499035933
0.43114060126098175,0.38443828013855164
1.4025626887751994,1.322958860014423
1.1525611013437738,1.0829754432704408
0.6712890667407809,0.6678575161996758
0.20193365779779182,0.22450074406802076
1.0499026268986746,1.0208692701320121
0.180836000823048,0.19591938393933597
0.015248775654120712,0.01915933614183018
0.5877641618520962,0.6224383076811277
0.06164798546261111,0.05239090589070614
0.6944591235094303,0.6224383076811277
0.5460614639837805,0.5792880323157259
0.2882299710337189,0.318139245838378
0.4618252797792031,0.5053505756189695
0.46139508673238544,0.49233645226226924
0.8478941900450558,0.9245599230102554
0.7459261587156369,0.7960008808017531
0.6703417100633914,0.6982946912258816
0.2960062166548402,0.3262272456722043
0.4729134343745507,0.43240427736466946
0.19197329098582405,0.22557839137215394
0.526320213875892,0.5030290186399539
1.053865787175664,0.9659170843193815
0.6296868510658689,0.7253538075619343
1.1012155184622272,1.170218212754614
1.1904871985069017,1.1293914500758555
1.3860782205342912,1.2486307917234871
0.26793947487246,0.29747227652657554
0.9683039370820772,1.0026922459448737
0.8301736201294257,0.7909847406562591
0.2143642455810673,0.2268689505575392
0.6525090774401177,0.6719914169361564
1.0751459905135312,1.1293914500758555
0.6308141786744587,0.6317232821098686
0.9630650258356882,0.9006804162618561
1.0906739386493012,1.0674808995179517
0.4111374588179767,0.41081685713783644
0.6308141786744587,0.6317232821098686
0.963274341951293,0.9022412481085355
0.09439047087772345,0.07810624403053788
0.6945180997292403,0.6333314227379438
0.4422478510126342,0.48279294304158943
0.9353704920727537,0.8624205675147231
0.7316954458736262,0.7157282455707777
1.0354646175460713,1.1061269693281635
0.4386001215214258,0.40172883864348286
0.37587441153587753,0.42559115481711157
0.7426417921494252,0.6772350765907736
0.567392112495393,0.6303729336013727
0.4435392014183182,0.3940185226227295
0.31742575871687106,0.3513103114388906
0.6148836032522937,0.5957493226437761
0.37587441153587753,0.42559115481711157
0.6795126471448031,0.6303729336013727
0.6917781382373075,0.756769779403346
0.567392112495393,0.6303729336013727
0.7069701871808629,0.7601275427746791
0.49804789032091235,0.4947954962477964
0.55426772086306,0.5886076031186317
0.43060227093608994,0.3955521093646023
0.36969967708538926,0.3802329172154426
0.12745083782965014,0.14553850214948683
0.25220607776208803,0.23031324523935723
0.871205784842791,0.8010652358380626
0.8862998473266696,0.9645912693473575
0.3973345452729856,0.36140010826031793
0.3234780257291427,0.3627212660551256
0.3218021509040138,0.36140010826031793
0.3880943758037633,0.4098922619205008
0.2372714698560697,0.2677830899036057
0.10161561355368523,0.11047150852495342
1.3399035354028646,1.2311435739001155
1.0377435714992458,1.0626271378427896
0.5478909601855747,0.557196810164558
0.12407843060144964,0.11780246571682136
0.3478422769873517,0.3930712896804516
1.0492803217819122,1.155804509249323
0.7841229336924632,0.8463894275506529
0.3690739196373196,0.40378372284355984
0.33455015345980127,0.3262965713938835
0.955605309320108,0.9941851973526935
0.11627304325324792,0.10015027258726689
0.27966767212646615,0.2935644782861094
0.6170263137099393,0.6138989252955116
0.35077610411078514,0.37805060147616554
0.7284348021782971,0.7167541196414561
0.5222133453612202,0.5556688251698209
0.2121904190263921,0.2115977405785139
0.37043619326607463,0.3753441175142917
0.20532000735137543,0.1911745349640532
0.30227675539441334,0.3342158043600382
0.6900794755033332,0.6902958613135114
0.7190058336566412,0.7673266902308735
0.4977622475078252,0.4494564270428219
0.3926369083737759,0.4567110882729719
0.0028320837067379433,0.002602247321086217
1.2248909138754143,1.1238704883296362
0.08937061168730798,0.09433465711860693
0.3478422769873517,0.3930712896804516
0.2660247836918574,0.28539934009890416
0.7936964295650845,0.8604879588263225
0.9362114507743025,1.0160415758120869
0.9149132838259135,0.9545029296817097
1.8237270208725536,1.9129720521502163
0.3478422769873517,0.3930712896804516
0.5300767618204002,0.549836147169632
0.5009697185995623,0.5312738747846496
0.5691780389859877,0.6221864087438223
0.3478422769873517,0.3930712896804516
0.3478422769873517,0.3930712896804516
0.6967987879041267,0.6578371290084074
0.3478422769873517,0.3930712896804516
0.6874275213162229,0.6523396444660431
0.39359734252539447,0.42924415580914743
0.4276650954039365,0.3930712896804516
0.10381702127134806,0.10831038949356052
0.6239928884611794,0.554790092628338
0.29142184369698915,0.2870673891990546
1.3317780271085475,1.3780847175371689
0.4276650954039365,0.3930712896804516
0.3478422769873517,0.3930712896804516
0.8128171438507589,0.722103675533023
0.3541263902802671,0.3451475041920871
0.5932564035549952,0.6021896886645568
0.3478422769873517,0.3930712896804516
0.4439433550645096,0.4047437605238929
0.26939101896457857,0.23855373309073225
0.4388378524814107,0.3968702550179982
0.9476194451622484,0.8676429774103902
0.8538195234926244,0.8062406413355699
0.3355362538760189,0.306290943746145
0.37587441153587753,0.42559115481711157
0.7936964295650845,0.8604879588263225
0.4160142913756625,0.4371272996407913
1.4980583389018072,1.53353948977045
0.32668093765580414,0.32304955242408584
0.008023226863450958,0.009745654000878417
0.37587441153587753,0.42559115481711157
1.552620897899446,1.636419944791676
0.8880915647397059,0.8604879588263225
0.340117292553596,0.31296447400152605
0.37961588664927143,0.42063242200219125
0.1390016757988831,0.12047201264303918
0.828814925254499,0.8294058184306675
0.4881048547850629,0.43983479195190744
0.36035756586042195,0.32471273074373597
0.24719155521151023,0.23177107218703005
0.2882846835299436,0.2541035654202968
0.40274077142560727,0.4395065726802668
0.8699240538250854,0.8029251343511552
0.5538573172495042,0.5594519715839715
0.4160142913756625,0.4371272996407913
0.3444885116510081,0.30143288665790857
0.5930696444405854,0.5928201858313689
1.5664621787927464,1.707469380969459
0.322342768789064,0.3582758406248976
0.4375645877945832,0.479874508199305
0.5313311939057399,0.479874508199305
0.2958450379979113,0.2610937366407089
0.6935032851522763,0.722103675533023
0.433399603705198,0.4525977809918498
0.322342768789064,0.3582758406248976
1.0373483233039926,0.9645912693473575
0.23552398922135723,0.2610937366407089
0.15404091723147992,0.1410023948132642
0.48616129296340477,0.49795993225464946
1.1192956493730373,1.0530774195845751
0.8451828951895393,0.770475631460631
0.39412985465476325,0.4318812066623293
0.9696947232488823,1.0227314040537812
0.3960038978965693,0.4532350234112027
0.5235844362973968,0.5742542951658928
0.5554163017035265,0.5039749234992311
0.26947796665417545,0.24178724579099575
0.40002661238168585,0.43983479195190744
0.40002661238168585,0.43983479195190744
0.45665009510112575,0.4263349251663987
0.6645891762270686,0.6213715923310864
0.40749641590213737,0.45378960840983884
0.8260850289219928,0.7960445929552814
0.44917430385875873,0.4111254038239518
0.4881048547850629,0.43983479195190744
0.5981387212877252,0.5644156667402815
1.0165389380865317,1.0873869167199692
0.36637058377988385,0.4111254038239518
0.6342863613794024,0.674562317990856
1.377084546864463,1.4650909499911124
0.44917430385875873,0.4111254038239518
0.416213781711662,0.38784700678639544
0.36637058377988385,0.4111254038239518
0.5137430998694286,0.4738586025091819
0.44917430385875873,0.4111254038239518
0.3788544979432352,0.42178648643768507
0.771276224198013,0.7884126348569166
0.886734171418743,0.9154614772083833
0.4338898896688998,0.4209065238837906
0.5341807380225214,0.5761708189255178
0.5896877130112131,0.5409289904627863
0.275786045431349,0.257105642725775
1.1529560377138677,1.1557984233023153
1.1622841364722043,1.2641311859923268
0.5190142511205377,0.5409289904627863
0.6206824116618572,0.6061730763545655
0.771276224198013,0.7884126348569166
0.4214391683169002,0.41426743176854813
0.6850210626170299,0.744582300970279
0.3442542338920083,0.32310575555389187
1.0674098834039691,1.0812367285761106
0.2774558260833147,0.28102218221607406
0.5190142511205377,0.5409289904627863
0.8621388470524141,0.8143791590989251
0.5093726201396782,0.5575043199322807
0.22126646755495843,0.2618100845137068
0.599791018344907,0.630192695007582
0.6695442869934225,0.7049391356053021
0.6146089903672622,0.5994896981859834
0.11015438827323103,0.0939668177995888
0.8635415738279161,0.8220835640410689
0.5800850737014748,0.6282246833581412
0.4788725205381934,0.4394010606479255
0.6657572622840394,0.7184142633862597
0.3382680640741303,0.32683150470253935
1.0053416013126248,0.928766944852395
0.33482947387213646,0.3766811603328005
0.4257654212298706,0.4380756989996875
0.5284830676333363,0.5443431212471239
0.48420689435642666,0.45405466107896747
0.4843399316983792,0.4403347626756299
0.412523569903541,0.3766811603328005
0.7103124661184611,0.64641809602147
1.416717042249503,1.452222863897515
0.9573829012305003,1.0323214663006413
0.412523569903541,0.3766811603328005
0.3011065541003849,0.32846824947927444
0.6580595232403612,0.6909907333448246
1.1162423361398541,1.0323214663006413
0.4843399316983792,0.4403347626756299
0.6073223168059473,0.5742829053666586
1.1665809382859686,1.2730577838283978
1.1162423361398541,1.0323214663006413
0.6580595232403612,0.6909907333448246
0.6320812801706326,0.658158704051371
0.4843399316983792,0.4403347626756299
0.5455690774271877,0.5019035922246685
0.34086766676624924,0.34659044223740615
1.02190921202969,0.9513646342892109
0.4555795420947579,0.5025937933148269
0.8539506462622455,0.8113410610303123
0.09578578028053647,0.10036207542035722
0.9291089826659343,0.9871476951770005
0.5374604288149444,0.5914852228336213
1.1169353356144114,1.179778363113066
1.436635614424344,1.3639772468769236
0.8776232097564202,0.8063261727454123
0.7431666642931241,0.8063261727454123
0.441410345281426,0.4646638253921534
0.34855459519393805,0.3839370352511904
0.16895651493473457,0.14680827570356725
0.6168372387524096,0.6412419922449115
0.47514973324715654,0.42896250175028733
1.0303801997060298,0.9897927823742472
0.16895651493473457,0.14680827570356725
0.67418193643096,0.7112533291578469
0.1506236529110029,0.1503431314299629
0.13015227027679116,0.14680827570356725
0.21743806766846116,0.221173294345378
2.1034206216730182,1.991134061566666
0.4733479817128595,0.43149067388584317
0.4592778148284281,0.4731561668653612
0.5201697845079919,0.48378100966248166
0.8814091798059921,0.8293115311639491
0.13015227027679116,0.14680827570356725
0.45563255428051797,0.48378100966248166
0.49783415810955195,0.4635598287611043
0.5201697845079919,0.48378100966248166
0.92581406017897,0.9897927823742472
0.521124461077194,0.4653790715535419
1.05372830611425,0.9885846946253931
1.4860347160229168,1.5125801961518683
1.0303801997060298,0.9897927823742472
0.6059981369507028,0.582988738161398
0.7886225853284787,0.8169601789816138
0.34144032026809795,0.37375258799028704
1.24646108911421,1.1652238262605252
1.4860347160229168,1.5125801961518683
0.441410345281426,0.4646638253921534
0.7467573530085931,0.7573453269311375
0.2777434351361324,0.26663766662589483
0.027252329894830375,0.022665586068706924
0.027252329894830375,0.022665586068706924
0.018929977125754394,0.022665586068706924
0.6812207467731377,0.6898483514256549
0.018929977125754394,0.022665586068706924
0.31095771814901324,0.282723740194798
0.6075415809998395,0.6470149819715089
0.4419699189334087,0.4177313106681722
0.5898163058961309,0.6551104489414242
1.5771183630205363,1.6769801837164502
0.9755130168844968,0.9340808040199261
0.25652984302349136,0.2488982772931271
0.5410048816084086,0.5664283450390322
0.7505801842854193,0.697554014050414
0.43060227093608994,0.3955521093646023
0.5832470275810681,0.6309765826514933
0.6888245847021021,0.7594407021032167
0.6028219044779921,0.673687524349653
0.6559389083387621,0.6993337154058452
0.6681916581151418,0.6296567425836124
0.9938731899339895,0.9509134953590832
0.6203748512684194,0.589458860085982
1.29603375593979,1.3903111112076123
0.42148570286078596,0.388826786972591
0.20398690113186688,0.21849355987108124
1.2961564455385943,1.1875789755799375
0.4541223908742865,0.4628330414611135
0.30975858862455014,0.31489847430641804
0.9342827343011367,0.91430310488888
0.047122603255271574,0.050366640606058145
0.37900694117562495,0.3869897148690233
0.7461242692609457,0.7419325704646244
0.19854562955507657,0.22564684737911203
0.6571578298127592,0.6728381501987375
0.6583746430078747,0.7152704068274383
1.0630180764693526,1.1232149664910698
0.0065271281263542084,0.00800278621617374
1.293414377812941,1.203467505022828
0.4511940911662194,0.45764088090008453
1.0061429723002118,1.0686413972811775
0.6643020341571312,0.6973262827412543
0.439438156363986,0.4905125403265609
0.8972450485527242,0.899309455363577
0.9084775311299943,0.9157009440624262
0.5370894890898682,0.5869159806672534
0.5704478081139049,0.6053104698945285
1.1154771141388504,1.2104820589967402
0.3057935977514144,0.2741347474996403
0.4362042796731598,0.44989738091762077
0.8531557142338017,0.882214225902379
0.2610788836978865,0.22167699338932983
0.7551374122781593,0.7973906793220529
0.44143708511071683,0.4746093595304443
0.14643300695737682,0.14384193523724026
0.5357796738471782,0.4746093595304443
0.47680694609428304,0.4525641485197349
0.3058873349453084,0.2946428156714777
0.3263336134894308,0.35389818184289396
0.3816495504253982,0.3638425186785051
1.044070074365506,1.1204670346409482
1.044070074365506,1.1204670346409482
1.1018471573619366,1.1909929195807083
1.5921125847965416,1.7189279808460787
0.6455949828660177,0.6513864795697133
1.469963851774004,1.4320990128491398
0.13302129913702782,0.11530647251983799
0.5034656641055029,0.5454244511240111
0.9274332458557722,0.8665384617903147
0.17594008194046995,0.1583155211900635
0.4455174649837806,0.4824530461943757
0.5014223618639982,0.5489478985943421
0.44378107105159165,0.4177203403557884
0.5521653516134453,0.502390776639946
0.6164466390702258,0.5937689085689347
0.21715531439238914,0.23220898774130808
0.31293411295071466,0.3638425186785051
0.4330119375129131,0.477681841616144
1.3141526701784116,1.1874455867827487
0.49367458104322953,0.5345743334176001
0.30679413213458356,0.27926966422343136
0.5522338012362479,0.5131310021238548
0.660206963140464,0.6874801402007623
0.9344768568056571,0.9674478419039182
0.5862796821666595,0.665005621828227
0.47501733870949314,0.44509014778103145
0.31962870787515163,0.36378398694132136
0.49888272145837004,0.4781192779430646
0.3936593006862982,0.44583237778383583
0.681764156778949,0.7303363876319552
0.3305713478918114,0.38140347896078924
1.372811255628386,1.3065053832217621
0.779056439179369,0.7372707650008717
1.4942605414077594,1.386723181528323
0.7778779042016334,0.8523892832029744
0.690756992427072,0.6461725275273738
0.296588702074803,0.28753917316966915
0.614037984255995,0.6508884907351347
0.44734375289964634,0.47148737066836366
0.09211044151353322,0.0806048279195939
0.4795718176430178,0.4567110882729719
0.9128175734412005,0.8542085712976959
0.06049231709122849,0.07376817297009164
0.690756992427072,0.6461725275273738
0.6116205541503172,0.6461725275273738
0.6456413525021478,0.6635528287330436
0.4331216423143085,0.4173481770040572
0.49888272145837004,0.4781192779430646
1.0208184870171577,0.9642928780435814
0.35778275689105665,0.40569941072797167
0.8714369201688218,0.9642928780435814
0.737830456366965,0.7831242205692404
0.690756992427072,0.6461725275273738
0.6116205541503172,0.6461725275273738
0.690756992427072,0.6461725275273738
0.4961252172726038,0.5151702775095901
1.9171494241976639,2.015001915893367
0.690756992427072,0.6461725275273738
0.588353775202644,0.5107064586047518
0.5504264707854094,0.5057813905576387
0.48198061163971273,0.5373175300813675
0.774607893602827,0.8542085712976959
0.4961252172726038,0.5151702775095901
0.7458582503798479,0.8069686335889299
0.654693683587832,0.6121320810072243
0.9616886390073824,0.9250767118994571
0.40723465449496304,0.36347386600236326
0.49745335129210455,0.5641778973905537
0.46461676914679556,0.4733163298620713
0.7817677772001032,0.8327976136378147
1.5994131350958718,1.5360750239850849
2.1193064409008624,2.222384725056858
0.908000055705182,0.8317239978263925
0.6024052686958465,0.6447369067423008
0.6024052686958465,0.6447369067423008
2.3386701765369344,2.222384725056858
0.7942110465136646,0.7903045595324242
0.710899573014774,0.6447369067423008
0.6024052686958465,0.6447369067423008
0.774607893602827,0.8542085712976959
1.9548399378593568,2.015001915893367
1.9548399378593568,2.015001915893367
0.07870250291642573,0.07158839984148983
0.313341245088854,0.3375261128554963
0.8819994837599785,0.9064015661548731
0.38830888294169436,0.42686505214051923
0.8138346560465507,0.7327302785615255
0.8228271343928686,0.7975004027939031
1.2525366978156756,1.2065090527526319
0.31975746333998273,0.3482442799516992
0.18039468994393945,0.1889553848106849
0.4712073808900871,0.4310830926283609
0.2581182270991658,0.23116194990047173
0.3283193287470735,0.30497152864735677
0.6646499472879799,0.6243311000840017
1.4643099720795945,1.336150300890738
1.4643099720795945,1.336150300890738
1.2734408737332725,1.336150300890738
0.4125654434848173,0.47484135704166974
1.1592808754915933,1.0883509637445947
1.2734408737332725,1.336150300890738
0.3949476960654807,0.3482442799516992
1.586350395249677,1.662745416681199
0.3795293330640054,0.3760053977479705
0.35318922800282976,0.33753619216411745
0.26038975095201944,0.25735794446176125
1.0110564185275295,1.0715991971894288
0.9077527797035653,0.9004422880023965
0.6219499307930388,0.6301120119259107
0.685160431883586,0.6860204676248897
0.8452521068322347,0.7684210162157521
1.5009338771738978,1.4116731979218127
0.12213635856190358,0.13503626727822418
1.0167261421798286,0.9516809240033662
0.12181339999718419,0.10122355262286616
0.2841872389107582,0.27517242666394987
1.6074020166431682,1.5223905733588445
0.28173911069048435,0.24614310570060163
1.3140694825770545,1.179115639294518
0.8845679316644743,0.9307668582909804
0.3637022557562007,0.38032823664993637
0.45529738070035297,0.4223052885436631
2.1850760966275637,2.321001378863989
0.17820066489267963,0.201581093279038
1.5921125847965416,1.7189279808460787
1.1942162691617986,1.1977824068329779
0.7540456581657886,0.7684210162157521
0.4591388096199539,0.3913423369868158
0.22732857330208206,0.201581093279038
0.3802297414081945,0.3913423369868158
0.6125507081999901,0.5891348425104128
0.5976471214745132,0.6179477938287258
0.1273561138407256,0.10843547054177721
0.4591388096199539,0.3913423369868158
0.9946102487640414,0.9245599230102554
1.1674421495007206,1.182226058182851
0.5799177508185321,0.6438857902275684
0.9230663858399827,0.8480653418080901
0.4618252797792031,0.5053505756189695
0.3636030408919393,0.33312589167301454
0.7526307232974795,0.8045939193311846
0.6017692658648467,0.5792672593372905
0.4591388096199539,0.3913423369868158
0.26772147454531786,0.24670413203812874
0.4467558353542664,0.4800583232456916
0.5418863551240717,0.4800583232456916
0.02420892732936229,0.020061698149528497
0.5883280702700651,0.5513052022086599
0.5301471603639762,0.5845883524418338
0.39739395894091883,0.43162182822675565
0.08309176687620491,0.08546388002623348
0.810979107938702,0.7537057740906973
0.4542551645774899,0.40647924741568847
1.471818382540992,1.522814952966403
0.3332415357056562,0.30401316084626234
0.3395069203244693,0.3104263308282862
0.036903281180984,0.035981871836731065
1.4202300748463468,1.3210098626228188
0.2724082173427891,0.3099376923130933
0.8338255519833258,0.790002149733508
0.3405288291379894,0.3748979905956
1.0717746606455323,1.1627009664788017
1.7443471808188884,1.7623204986533467
0.7881942233102237,0.7346688004632116
0.311080759593775,0.28362075306207213
1.5848102930702328,1.7006112367205022
0.277985305250019,0.25477280364708316
0.6263419393146605,0.5790255156589847
0.5331092967530596,0.5164050448337342
0.46460501357639145,0.42625680174196157
0.22760523612119113,0.2316591854005712
0.9288230949270306,1.0122250386986713
0.6882901803068127,0.6518218198792325
0.7659927600837944,0.8296082052857686
0.22692479769119275,0.24926714860477728
1.0845754093789952,1.0122250386986713
0.8561098758806139,0.8385112353423415
0.8561098758806139,0.8385112353423415
0.49211943633238836,0.48067405796847307
0.1733280416336459,0.18097369409494643
0.12490764344388401,0.14513006141595597
1.4107303065682488,1.3688519531479288
0.08542121187087641,0.09798711926503446
0.7513975989319753,0.6985654617305482
0.43056399865460476,0.38974254460190805
0.7501379277245163,0.7580536886148467
0.45285855500383215,0.46359575139116665
0.43056399865460476,0.38974254460190805
0.4846162434866935,0.4933713414533259
0.42595092854502287,0.44863998497861024
0.9995894047207814,0.917117419346662
0.45285855500383215,0.46359575139116665
0.5201726253290299,0.4791332393348732
0.7691358869719697,0.7010009932733632
0.5991516864501856,0.5992551922712754
0.7156916868687201,0.7832740467874398
0.43056399865460476,0.38974254460190805
0.631237207877109,0.6255478476086971
0.8468137156895743,0.7832740467874398
0.7156916868687201,0.7832740467874398
0.7074322969533159,0.643545954202547
0.7281323529133302,0.7093165791978859
0.41315981470550023,0.41160805816819845
0.8714935451830362,0.9005014565981497
0.623513882920333,0.5551734271121641
0.7942110465136646,0.7903045595324242
0.6670592260682672,0.6232187309593316
0.8836848748612879,0.9479320950662259
0.47146067461451285,0.4701510432705601
0.029975660094422568,0.024330500120100122
0.8683746641979142,0.7966318555142942
0.34248362459325865,0.31951694597106417
0.773151011793239,0.8608541712127601
0.5507989592821702,0.4996922174081651
0.5027998623123003,0.4778713497069569
0.45248924050754585,0.4857573261200244
0.8005963111562043,0.7678106820193511
0.7362935124100639,0.703142349156569
0.6405326225553781,0.6328782968359528
0.9001290338295863,0.8980335626648395
0.9476194451622484,0.8676429774103902
0.9502363684244796,0.9276974631675352
0.761714687780712,0.8101252203545194
0.9393978406154595,0.8613658687923362
0.17820066489267963,0.201581093279038
0.22732857330208206,0.201581093279038
0.33229116683035104,0.36776348113461615
0.5511614545680722,0.6045110044556737
0.451375391810125,0.49812855812237594
0.8173587604900888,0.8647666787457533
1.0493501582053795,0.9596446388239782
0.4793928824961351,0.5424777816437102
1.2248909138754143,1.1238704883296362
0.38601233498233667,0.43328503942197155
1.2248909138754143,1.1238704883296362
0.41141889917362146,0.41081076999130006
0.4276650954039365,0.3930712896804516
0.6820939109553289,0.6989207119308005
0.9102099876318999,0.9165115823562545
0.02250190333792526,0.017952296056088207
0.29280803048418813,0.32010374872206343
1.1721565863167707,1.1001196171132017
1.0130912010809883,0.9399167229470107
0.3928472237559357,0.40408080342009295
0.4319673879440713,0.4522101953659177
0.22889530720939902,0.2650791797156175
0.3478422769873517,0.3930712896804516
0.2794226274943092,0.30089729160140005
0.049785880060863257,0.041989708457145815
0.5874335741477023,0.5677056778751725
0.4366985448782486,0.43386249614623407
0.2747568556203099,0.2560726520315485
0.8739572035934129,0.9399167229470107
0.5864292262091471,0.6401972090427102
0.5591687739445707,0.5053505756189695
0.2929692851227709,0.3276202568930393
1.44944199083128,1.3807489802968265
0.21588684055698726,0.25205227295368277
0.7211453017703664,0.7003616881563175
0.7755433978160038,0.779220472243811
0.3587317126461188,0.3884838327545116
0.8624530751710546,0.930404673133777
0.6520887902329197,0.5940808057876552
0.2368124086341466,0.26973851295203
0.26227398895152654,0.29131559952772507
0.5874335741477023,0.5677056778751725
1.0508556338210198,1.0890461984153799
0.9438465306369828,0.8366121500324866
0.32668093765580414,0.32304955242408584
0.6695460257692922,0.6100409883135365
0.6731459248840839,0.6183624372041014
0.5617816225059452,0.6183624372041014
0.4586010163899871,0.4976168348928811
0.3905069956291188,0.38603385027636067
1.5590135879091458,1.6921094495215192
0.4586010163899871,0.4976168348928811
1.0674653105271459,1.0805507919508939
1.225990218134439,1.0805507919508939
0.4392162888381137,0.4608670888023907
0.44917430385875873,0.4111254038239518
0.20041618230774796,0.17862757949251953
0.5500017248407844,0.591215163167477
0.36637058377988385,0.4111254038239518
0.519435582965143,0.5080193714747044
1.492011372718716,1.439120913958914
0.5758260341260878,0.5998567894052691
1.1729523047964723,1.1985219934110918
0.44917430385875873,0.4111254038239518
0.06350334617150824,0.05723102938763142
0.43852550371658605,0.4234456325315714
0.8260850289219928,0.7960445929552814
0.9407054343226808,0.9552629512621068
0.6069644650674532,0.6669236651672302
0.25478877460719723,0.2706756779566006
0.7337966324651913,0.7221494502071126
1.4710817829172103,1.5507148052301376
0.39760161281955797,0.4001068923630703
0.19725859951947905,0.21202324188058222
1.4710817829172103,1.5507148052301376
0.5738051785969538,0.6245421229174646
0.6942716398052876,0.6341652428318421
0.6359130417229929,0.6103627849929705
2.1866001448962504,2.1060848567492285
0.21112290685388588,0.23911912423017245
0.4862065799889158,0.4829409798049654
0.24938748163145655,0.2775694517051517
0.42414653273765457,0.4062171827698906
0.38631268318252776,0.43166250697754555
1.4997876191459611,1.3962244944484967
0.3160027427711832,0.2843938205666489
0.940282803906965,0.8820348159966758
1.3576482338802665,1.2453465198574212
0.4628967674263843,0.49632538313112873
0.3685933893774221,0.4062171827698906
0.10931820020431084,0.1261546449137831
0.3160027427711832,0.2843938205666489
0.38631268318252776,0.43166250697754555
0.25254346663847677,0.2843938205666489
1.3058484751414612,1.3962244944484967
0.597440522508909,0.5893580133409111
0.6069644650674532,0.6669236651672302
0.597440522508909,0.5893580133409111
0.3155163121849312,0.3240044889312442
0.8203037184768788,0.8903310603298946
0.9111620545963774,0.8117328629136155
0.7818985343976035,0.8117328629136155
0.6841878360866152,0.7603533633551608
0.6116345457876369,0.5871450110758991
0.6272719539772542,0.6045968292899172
0.3478422769873517,0.3930712896804516
1.5324305890782204,1.5628623398358892
0.43709643215466604,0.40618748899498464
1.0107309933294613,1.0181757530425357
0.43709643215466604,0.40618748899498464
0.9510323235617344,0.9809429102811175
0.5376451594806967,0.5720030807180745
0.5505902063872814,0.5246308393378474
0.6258166918746474,0.588008121732493
0.25283804371732865,0.28441135956601876
1.6019991095398958,1.473253503452239
0.07548168484983592,0.06972021008766162
0.39911734793948694,0.3533381763166441
0.41379729668745213,0.3739173189571453
1.4227219857309252,1.3600681280514872
0.6977831072907104,0.6555749350337444
0.22501193052851742,0.26029862801227627
0.45663079161043424,0.4906038140233693
1.0502657255355423,0.9768608552543497
0.45663079161043424,0.4906038140233693
0.3158331919257241,0.3445311738829485
2.1232778405672907,2.2019667797941884
0.5269192261745989,0.5672118442397783
0.6381954957895005,0.6103717951580437
0.13539084292573084,0.14745967274188698
0.09840896554571373,0.11719183845176977
0.6212751722127616,0.6865449519000884
0.2833557170752004,0.26029862801227627
0.4400903164958782,0.49965796456798867
0.1891927376716747,0.1987878769568206
1.7580944087793922,1.71326492223525
0.7347192698103326,0.7747951166936817
0.4015788687965379,0.4265413192961562
0.5590066756114251,0.6238365591758248
0.6785827776504156,0.6660085499892281
0.5342328126584454,0.49965796456798867
0.5342328126584454,0.49965796456798867
0.37215154519878796,0.3621980731073594
0.4400903164958782,0.49965796456798867
0.37450859906477374,0.3342158043600382
0.7568274084632923,0.8027227348766796
0.6332804885526359,0.5944014987960385
0.7568274084632923,0.8027227348766796
0.7023029638544465,0.6238909791566069
0.26523891673165373,0.26045498878586393
0.2535606230645798,0.29415376202716453
0.693582557950253,0.6742526659718069
0.6927119926406211,0.712405584373971
0.693582557950253,0.6742526659718069
0.4207501615862804,0.4616887478299538
1.991181479125175,1.9285292497253428
0.5947475399353089,0.6238909791566069
0.9422069469433463,0.9360946530145471
0.5037610378195685,0.5371936206688717
0.3203269200354206,0.2616292854526275
0.1748038276865095,0.17911436969616998
1.2639421897348235,1.2139324160289025
0.1748038276865095,0.17911436969616998
0.2027299786188415,0.2368208034809196
0.2854943511760009,0.29737130385472654
0.06855691299871684,0.07667372390745707
0.08829617337057127,0.07456680508804127
1.5142403796888089,1.5256499019906873
0.9573921211778988,0.9824287373809989
0.17496107473825057,0.15707709528916072
0.693582557950253,0.6742526659718069
0.29044898662649693,0.26219565865540045
0.6985149832864184,0.7255423200630505
0.5247170572968465,0.5524090543637408
0.16622518600980996,0.18217737955597227
0.16622518600980996,0.18217737955597227
0.6073200623538262,0.5528199924053729
0.6200402730275331,0.6870673724735658
1.3297608544376711,1.305241430865638
0.718748215844977,0.71297542788924
1.1291964718957588,1.224768318305734
0.3477748710661943,0.3155939055846699
0.6681852310578855,0.6737044606746054
0.3477748710661943,0.3155939055846699
0.9909879448810401,0.9665774087870449
0.22884710756647555,0.2064581676389812
0.3477748710661943,0.3155939055846699
0.2794929522325707,0.3155939055846699
0.11509542056670022,0.11829305967047958
0.4639575834849175,0.478653261254884
1.253509738094295,1.3317088619833886
0.489204315392473,0.5283092576316734
1.0899486302199837,1.0243624628483745
0.15561211678392026,0.14212239666110404
0.18435646183245624,0.15829683661264426
0.9336665012312266,1.0243624628483745
0.42363796760906985,0.37789177216685754
1.0899486302199837,1.0243624628483745
0.1655710682876842,0.15008826363870065
0.6570671051967523,0.6334569785777419
1.1294681435845477,1.20609958563701
0.36223429475093605,0.38986266436425454
0.12739279362636646,0.15008826363870065
0.9136112219806444,0.8585845338867197
1.0051087840473425,0.967661942054802
0.22072920063897447,0.24693810759028686
0.6467484368421544,0.6372975990480685
0.9411740320981775,0.9963980539631719
0.18751271940198636,0.19014597909046396
0.7462504302898262,0.8111938993192432
0.27825844920228376,0.24693810759028686
0.5350090644771173,0.5875757684690709
0.18751271940198636,0.19014597909046396
0.5572918838574558,0.5086042774366741
0.4553294934484226,0.5100490737901139
1.09717679453935,1.1321028693384698
0.4240814355761413,0.4593533326102879
0.5235844362973968,0.5742542951658928
0.5158271423232264,0.4593533326102879
0.4240814355761413,0.4593533326102879
0.16131078142615812,0.17871256463549143
0.4553294934484226,0.5100490737901139
0.4240814355761413,0.4593533326102879
0.22240532204375077,0.20263420191511633
0.7265775612967551,0.7341075781227345
0.18751271940198636,0.19014597909046396
0.8039683257360645,0.8025165502417736
0.5684274138694116,0.529501147161076
0.7046305906568747,0.7442950852610624
0.4704048638994335,0.43906198025997606
0.28246802771430185,0.28957390276968537
0.8252248401394635,0.7442950852610624
0.4291431846983467,0.4703700406126995
0.6217316646362013,0.5857240820290377
0.3701163581142771,0.3622902665474601
0.650732325836567,0.6032032542810258
0.6854577948684731,0.6976357631031754
1.2436953331236476,1.29032268883453
0.7674013606983585,0.718083329652431
0.6599855866511386,0.6180270360043448
0.8028893965615342,0.7331194115492613
0.5942661989087724,0.6547115059447296
0.42294503336760575,0.4241492416314698
0.17730816698753618,0.16223014258069052
0.7794779705069231,0.6967307801087862
0.6257993568530568,0.5852847274873885
0.2782699462765595,0.3133404665782506
0.8462334813771349,0.9111063647200726
0.6741408072901577,0.6939007450055645
0.7698904238547684,0.8379647301013068
0.346336658961463,0.3133404665782506
0.5211616987225769,0.5407459074338792
0.5211616987225769,0.5407459074338792
1.2932531928797002,1.1864151640111305
0.44110153189817825,0.47670310784146197
0.462912720423452,0.5142968610380659
0.9591782724161589,0.9094989854916493
0.33418324007798333,0.2997611053612224
0.3474267293999467,0.3697338191049544
0.16995813734438084,0.19651802711237704
0.6759947706763523,0.7063817792802243
0.27197674572636044,0.30145564918207723
0.22161873372850474,0.1972779128989026
0.6885561334685855,0.6804137208245474
0.2742847132302175,0.2555285184762406
0.6080795487120092,0.5666250900167698
0.9930817489270041,0.92774912131842
0.7340435845533816,0.6783075739788649
1.98612701986021,2.1217908074757448
1.0977899848299855,1.1635666521264156
0.48322285779590735,0.5153792173850134
0.4093702228026001,0.4781192779430646
0.489118361394002,0.4483393500554954
0.11491073776093619,0.12762528785300978
0.11056553861225092,0.10811345583209273
0.11790974143218354,0.11061511542835596
0.3720250454143826,0.3400206652568179
0.6860489928499626,0.7899935829310304
0.7440618213881706,0.7997315093816881
1.057656046584198,1.0033289263921663
0.6173474161442425,0.5642061204354897
0.4204606601539118,0.46564706040553033
0.09723934495043854,0.10662421219474433
1.0008022356871873,1.0581653068046992
1.594454303597516,1.5112760638626073
0.4544887707890917,0.4107432183559538
0.48519464399991385,0.43706295901072384
0.22365317355804523,0.24614310570060163
0.379849292363307,0.3698616619846306
0.5685281716947596,0.5043890177619014
0.528192537411099,0.547689113358466
0.3530165837498249,0.3931320843736348
0.460068717602084,0.49584780062734357
1.05521594150004,1.1237442453851527
0.11478257310846271,0.12294048213311287
0.7008348791448491,0.6929173016636387
0.9221919185283464,0.8883963183970776
0.29169829284353777,0.3230219928477334
0.45033047253450714,0.4914963011804634
1.2137288830964235,1.1041680313819517
1.5705910586155358,1.6127012354558505
0.5786920267360737,0.5561099337230163
0.7008348791448491,0.6929173016636387
0.32348594931362795,0.35249129656569234
0.9261417604830028,0.9299054179940739
1.2745553360500805,1.3778890621890354
0.6269259559127489,0.5729930726174876
0.5276111228452356,0.5609883775058055
0.4763810437853874,0.4438826363943797
0.8623434492517873,0.846898548783759
0.07390905571635746,0.0627465512556561
0.6202943585555968,0.6620173108303459
0.6468360380040015,0.5861542014857128
1.5184139967816477,1.4537352480026515
0.4453716612786797,0.39616830516153223
1.1294681435845477,1.20609958563701
0.404913981738186,0.40712923058793354
1.633491470840703,1.528757573638794
0.4455174649837806,0.4824530461943757
0.25866057636502443,0.24667266731661475
0.6747174517976527,0.6062949349320305
0.5336886813348699,0.4824530461943757
0.027567521282908743,0.023189411721932413
0.46249001521608285,0.4118686785561852
0.35309417977363117,0.3688005816768674
0.8675384007799081,0.7989671719440257
0.4182291464279279,0.45531291935586066
0.7003214054000324,0.7622969672660351
0.3946889412322429,0.4316144033511828
0.0986552567938984,0.1194393319540693
0.1773160974536102,0.19458406280619964
0.2796268881152801,0.2966576502269391
0.5643341943834317,0.5875250494366099
0.4846162434866935,0.4933713414533259
0.5342328126584454,0.49965796456798867
0.9921285600095667,0.911047107920655
0.7385886686754839,0.6722280708887007
1.4738960119029163,1.5779922042196801
2.3497585156850835,2.3765498372692218
0.2620021931263016,0.30701562597742793
0.7512463785505964,0.7740752252039143
0.5216108012209807,0.5265944087543412
0.5590986595969254,0.6035932886721576
0.5172978162017491,0.4634342579788025
0.4968901896838704,0.49347609131881476
0.32028609962799787,0.36473826820858407
0.687790405677415,0.7498245894877481
0.425359502498944,0.4634342579788025
0.456806635074029,0.49438881214154046
1.3201868042296827,1.2332611050682576
0.4924942892608377,0.4733374151937695
0.12818306023948559,0.12195194999193933
0.12194673059670919,0.10130438131228037
0.44580591471022546,0.40367786817679147
2.294801779255743,2.1644845378778648
0.09469414832204984,0.0824184865525114
0.7669643485131744,0.7035248617220684
0.7043239917437519,0.6874067915963865
0.07052154482718971,0.0824184865525114
0.6652822313832747,0.6543378234154043
0.8623434492517873,0.846898548783759
0.5219890408336377,0.483581017414603
0.07250949714293169,0.06214235527876282
0.624406407803591,0.6828760904430338
0.3505306873067418,0.30086045646417325
0.4394554309280281,0.40709271895433974
0.4945171448438616,0.5381843101282636
0.1028890041399284,0.11391497983528731
0.4435392014183182,0.3940185226227295
1.04321511187631,0.9770515781779511
1.0265551277462455,1.1219061939730846
0.23185042845973097,0.24953814952612424
0.43435870233741364,0.4722771031747829
0.2667319075532198,0.29247487564158364
0.20981925596974757,0.2316272080892673
0.5675130707156272,0.5370943248025188
0.4113542872684338,0.36444688326764507
0.6948316139592217,0.7717286006226455
0.4435392014183182,0.3940185226227295
0.6747174517976527,0.6062949349320305
0.5733702428280765,0.5310333493595186
0.2460260180102295,0.2880824669992459
1.2431979168235827,1.2021746044372115
1.3268956347842875,1.3850941384745403
0.8586826514425469,0.7904106104950124
0.5887904621452943,0.6311558071525747
0.11736545115348541,0.10377435654230276
0.24990659410595584,0.27985951190828645
0.20981925596974757,0.2316272080892673
0.14632534241258915,0.16649740979123862
0.5038926923509544,0.530826508644369
0.40620248856233115,0.4299557438568012
1.1730785051800712,1.1115526611357254
0.06194180227701734,0.07041759784667521
1.1209391449766561,1.063978487961633
0.3980020056841719,0.4336612717265675
0.9459728704450385,0.8843526568243039
0.14526144170580046,0.16417616424634074
0.3287129333804559,0.3723175051190977
0.7971703293166115,0.6725767954677241
0.9265661167850788,0.8398812500260879
0.40240607956964114,0.38410241872396844
0.556420393646519,0.6232187309593316
0.08695987313414343,0.10049033566120766
0.5460067295458594,0.5781983042197741
0.6552283626085085,0.5781983042197741
0.11331830966344027,0.10049033566120766
0.8228271343928686,0.7975004027939031
0.577379413963949,0.6841654888529176
0.2905669542874781,0.325339223334497
0.20207756125359302,0.22904300508045164
0.5837371665986382,0.6438763248684936
0.6421746457113604,0.6178965100306759
0.31168845443140025,0.33147819271340984
0.3548586329425783,0.3760575986230532
0.3496136502840731,0.322292799245242
1.0165389380865317,1.0873869167199692
0.34313684450239307,0.31761480624639343
0.06544733539351241,0.05771174039147608
1.201682377110673,1.3243392857001082
0.8954289780239096,0.9478835988362284
1.071840885976703,1.1308497155478618
0.6055802665405302,0.6556950754257056
0.9261417604830028,0.9299054179940739
1.3727601624764327,1.3243392857001082
0.7899241307980284,0.8729954159580823
0.4532275019982218,0.4970712247008192
0.5083159669998008,0.5407669116845902
0.2638869863552556,0.2679883176048971
1.19188539258497,1.1755489380992903
0.7899241307980284,0.8729954159580823
0.838083728195846,0.934038398412023
0.6768318520398326,0.7401800828077749
0.7913972480502086,0.7329876126834578
0.4299211244390962,0.46336596572669253
0.5083159669998008,0.5407669116845902
0.17623808731740176,0.20383518315308094
1.0888054765541353,1.1541463071762008
0.599858386038017,0.5622072083675613
0.34308188938571843,0.4105582201664653
0.6373014027225433,0.6755824568216433
0.8586826514425469,0.7904106104950124
0.6747174517976527,0.6062949349320305
0.7262704957820557,0.7904106104950124
0.4469701557681671,0.48020593002739265
0.6393406296348803,0.7110259481296741
0.439957188110199,0.47119487521747333
2.7296559400228086,2.5773148765299414
0.3681599570612739,0.3949071857595652
0.166042713197432,0.1464834317730427
0.5277256067274105,0.4705541856713504
0.365460531531629,0.39631576187318407
0.0745893936023008,0.08294856589363228
0.6209514879504389,0.6437866618566956
0.6830701772305321,0.7236114003325991
0.5187612374955912,0.5510877060595316
0.6212139344003569,0.647633628257682
0.4805653504668326,0.5287119684785831
0.5936548024695967,0.5196461369084172
0.7404418215113635,0.647633628257682
0.312049523140235,0.2838890172888285
0.4362448226989305,0.40875445207091926
1.1656344613366056,1.0546353348943114
0.18103254531375382,0.19660972745146885
0.6556055112271572,0.7058835444444029
1.309438708268149,1.3981881830396807
0.15041656797481778,0.1753486223718022
0.8521695847751142,0.9267695378219242
0.3479807109475071,0.3597257170883631
0.4508240936257332,0.45380615844461675
0.6747174517976527,0.6062949349320305
0.1905300565334284,0.1753486223718022
1.0065682018189221,0.9057691685269372
0.15041656797481778,0.1753486223718022
0.5559775069243846,0.5039002631751035
0.5559775069243846,0.5039002631751035
0.9459827994279858,0.8702744907983533
0.8042886202218715,0.8702744907983533
0.5931318854154729,0.5427232651014332
0.3931725253723504,0.3849379781033464
0.738994854582283,0.6959224970346398
0.19820077748086565,0.17866834374061674
0.8115054705539804,0.7287545573883779
0.5792439263081378,0.623541442050003
0.3416797588393849,0.36764960613532544
1.2947653761138551,1.2253055951138379
0.1568109527432533,0.17866834374061674
0.8232644709661299,0.7602706900929873
0.25576966592445555,0.23652799281457682
1.1878681850486223,1.105481427232686
0.9863164824038942,0.9608695684437817
0.060568148244557175,0.06323943343283639
0.6835160071604863,0.6302472226468671
0.3592141312937196,0.3887200483333486
0.824920830536893,0.9015878145639189
0.4225843783257121,0.4715602067254979
0.2794929522325707,0.3155939055846699
0.25058674110456874,0.27702844642083063
0.8992515170796739,0.8487872584345457
1.312100992546387,1.4189536508465994
0.25058674110456874,0.27702844642083063
0.36637058377988385,0.4111254038239518
0.3136890225322874,0.27702844642083063
0.8648338801902279,0.7749139241024713
1.312100992546387,1.4189536508465994
0.4712073808900871,0.4310830926283609
0.8912195652620528,0.8105590218705532
0.693614434575891,0.7497877002194872
1.4377338656256309,1.531505394654841
0.41637973748856494,0.4167519773476552
0.4230668423691278,0.4740806995718645
1.312100992546387,1.4189536508465994
0.8669039273982262,0.9131955498065841
1.347081940984329,1.4239255190019815
0.3136890225322874,0.27702844642083063
0.25525670535941997,0.23248592710797789
0.769251528245126,0.832282088894625
0.12899790324261493,0.14121600698620856
0.27489124345110166,0.26995653069582043
0.1454029244560395,0.1306951500973294
0.15264234724333411,0.13397580677865106
0.5133369345073199,0.4594753386563256
0.9063464429183749,0.9424373895473732
0.13886785789793052,0.12372422151972377
0.5775741780446263,0.5512466367359302
0.9953538382768711,1.1093344383329427
0.6492919941001122,0.700692375863991
0.47182279893219553,0.42486752168818775
0.5364211539757546,0.6265233740558213
0.3817099025627573,0.4371365442515564
0.272391113556037,0.2514134957995685
0.8320378933911085,0.9007544174162775
0.3186326981614438,0.289326996784946
0.9592987079687865,0.8734650632170994
0.5349518637144537,0.5810899294331255
0.6823247730417082,0.7169551093146173
0.1505140333321219,0.16289149352309523
0.19526335287091448,0.24414123864996348
0.3853823724877367,0.4229821523875784
0.49995711528193826,0.5315715825944093
0.6529656172556628,0.7242923596195626
0.3853823724877367,0.4229821523875784
0.6571944105669885,0.7141953538404521
0.6239061887906173,0.6629427962079932
1.1879725199846156,1.1105734377215133
0.6198282658916727,0.6725329155893834
1.219213067141291,1.1661950175511318
0.5107129321329256,0.5542449338389411
0.3553640309652978,0.39228019890576404
0.2723052331424436,0.3164282757804838
0.5163943676016696,0.5481551827939548
0.4816061268808582,0.524515200094135
1.016444871674254,1.0823658988578428
0.6571944105669885,0.7141953538404521
0.032725352806729203,0.04203595887775642
0.5798567655307368,0.6067097822044524
0.44006956266812697,0.399537760159039
1.1311558345394317,1.1948930926247971
0.7702964664683742,0.8627858890580588
0.29770780871386204,0.3323380785269251
0.6571944105669885,0.7141953538404521
0.3994485494892686,0.43787604394792023
1.2047605431340649,1.130606902204633
0.47182279893219553,0.42486752168818775
0.3859322743162161,0.42486752168818775
0.5798567655307368,0.6067097822044524
0.7722701073899031,0.7141953538404521
0.40742615732607657,0.3621511360707299
0.3934935625659005,0.35352001484439727
0.5798567655307368,0.6067097822044524
0.16054538318477746,0.13756740039191784
0.35650207205604184,0.3918842850937314
0.8682648541923103,0.7975054357478307
0.6642803670627281,0.6035712350733956
0.32702228951826223,0.31078493421870773
0.1363039040037577,0.15358972961158004
0.5041454999858834,0.542127957117018
0.7708721473151033,0.7919998184008066
0.8108823062000734,0.9047905180217709
0.6132672139902773,0.6700008336245447
0.4668412492967536,0.5071894007272002
0.9936351103763073,0.9205270863388515
0.1748038276865095,0.17911436969616998
0.8094531811689266,0.6688574346958055
0.6824390426375474,0.6688574346958055
0.588969865728965,0.7180416369127621
0.7039712249621893,0.7180416369127621
0.588969865728965,0.7180416369127621
0.7039712249621893,0.7180416369127621
0.2988749369809751,0.33115001267771005
0.7818409636363076,0.7184142633862597
0.588969865728965,0.7180416369127621
0.37052396673951676,0.33115001267771005
0.7213084842229073,0.668502821117548
1.1723853286235955,1.2661937898809996
0.2988749369809751,0.33115001267771005
0.8231339020974843,0.763625384434072
0.21309357285502128,0.2287185933664867
0.7872781393222317,0.8779982425773472
0.7335989193841959,0.763625384434072
0.3940333028007927,0.44397072968223983
0.283460812780353,0.2664595923891556
0.5781298243206029,0.6273108009066066
0.20645961549810696,0.1879177763355875
0.8190065535290476,0.866692884791469
0.8517677380576568,0.767017026066869
0.3232483812127722,0.30875860938926303
1.9628786765127921,1.807294480507647
1.3656663725261615,1.2754432001613767
0.7186580524148423,0.6600705287549269
0.2946537233808065,0.3275422405239724
1.9587271352490183,1.8222985285069653
0.037654032718254696,0.03927954685518262
1.1835061651734191,1.2754432001613767
0.3996520879288583,0.4022351328235502
0.3248237942517626,0.2949282762557851
0.06757859931209907,0.08344559551733755
0.3655762361589496,0.3275422405239724
0.5575062397242811,0.5863009106125792
1.1835061651734191,1.2754432001613767
0.1800122367064375,0.15883681357782456
0.24956031448767702,0.21866554164580723
0.7034531813612691,0.7263291401276951
0.1999518744108505,0.21866554164580723
0.23477011008918483,0.26482061024390857
0.38564021545740945,0.335251211470791
0.33094583656906756,0.3575390707109208
2.2725746080959244,2.0904047705703315
0.176105294579504,0.15616601020289025
1.6026207727836406,1.5136268117334644
0.47021004658705473,0.4314699892023243
0.49783415810955195,0.4635598287611043
0.41727810476216637,0.47315087861207406
0.4084607195585601,0.4635598287611043
1.7885109974184914,1.6305559148196531
0.9360999779072928,0.9916620606281424
0.3049798710188527,0.3602285630521189
1.0926478531632915,0.9916620606281424
0.03860150871782307,0.0292855092253347
0.4084607195585601,0.4635598287611043
0.49783415810955195,0.4635598287611043
1.230464953211747,1.0953052743336322
0.4276650954039365,0.3930712896804516
0.3478422769873517,0.3930712896804516
0.9034763499283236,0.9864584565562897
0.4460278468842448,0.4020481525756877
1.0013512400504214,0.9914833398472269
0.8521165920801975,0.9250982095675716
0.3530073436576053,0.318139245838378
0.8901788891298804,0.963681415830421
0.379429411981043,0.420080166398961
0.3859311338534132,0.42427336801798626
0.2620830234527773,0.2920475865473715
0.379429411981043,0.420080166398961
0.8706228007603177,0.7894981709192654
0.31206038966741045,0.2864307338307166
0.7454066980080422,0.7894981709192654
0.31206038966741045,0.2864307338307166
0.982883346542519,0.9337128997743288
0.5424723180599225,0.6052692881869335
0.25309643004091065,0.2864307338307166
0.49264737474703657,0.5452610219624041
0.5151700483319005,0.5559334496735885
1.215140160237801,1.161207594090188
0.1905609624796501,0.21540641180922046
0.42649106865150105,0.45384004772962566
0.19713214482289945,0.2163727653084919
0.5878137959743286,0.5602421038480873
0.9553694052784306,1.0148842505549198
0.29128571099590644,0.3277744402525379
0.5196537485731005,0.5684754758601431
0.584833633022273,0.5406058570584066
1.0504751773424423,0.9879869853899673
0.7392749385725874,0.7835788214948438
0.576872547657098,0.5053571993507057
0.48354633834732447,0.5053571993507057
0.833209610921873,0.9108292649669851
0.9577537381731093,0.8801435714377672
0.5697040313747351,0.5906192799922348
0.22418108427943406,0.2618033511210881
0.520912040583785,0.471023907367434
0.1655710682876842,0.15008826363870065
0.39290176202242777,0.436407189394152
0.12739279362636646,0.15008826363870065
0.8270678089080115,0.7479504661174148
0.6532078883935525,0.6011510306347965
0.7347482188132504,0.7944720736437091
0.45103674872634697,0.436407189394152
0.5692153920897813,0.548410098555316
0.04322489106922628,0.040194510960872065
0.5003201542922091,0.548410098555316
0.7718115378971837,0.7053792774867667
0.48019442898020714,0.5157143040991388
1.361581929387294,1.2046080943369903
0.9399347318739631,0.9929907558212916
0.5003668307473315,0.44884775972077245
0.3401196238174787,0.3719112251319146
0.38528413252173493,0.43413430860159596
0.2984585646081644,0.29630215097437357
0.31945563885953515,0.3732038090479898
1.7725613371444626,1.8871615885517368
0.5534703030866102,0.5937525064415511
0.5256013948885345,0.5138063272326042
0.8391182159364722,0.7955974253533593
0.7730772864421692,0.8186236397054495
0.39989004589987637,0.4383952205790778
1.0481544413326578,0.974138468348496
0.09953903870950657,0.09101788753165944
0.4384119122066326,0.5138063272326042
0.4213985362323871,0.4523577996752234
0.612928593016701,0.6802026163604333
0.899078326383189,0.9810328826511991
0.4356597879750061,0.4698814713622945
0.016459097297614512,0.019521467845849506
0.4356597879750061,0.4698814713622945
0.191456619109513,0.16537110801006763
0.7730772864421692,0.8186236397054495
0.4066099498056511,0.45313676546196596
0.6051179090559012,0.5806353516443944
0.6269259559127489,0.5729930726174876
0.5042751480160065,0.5056451457385023
0.30717720241883795,0.31793183836691263
0.3998318720308428,0.3447946810690347
0.43836733070921224,0.40900684664109815
0.20775959364841623,0.22016209659462638
0.40659303701698163,0.3893029072113029
0.24433879324569177,0.22016209659462638
0.2432462710217743,0.27183297691296315
0.46897020942068307,0.5140864657732317
0.6269259559127489,0.5729930726174876
0.4696226309537938,0.5068946052223299
0.8453485169726044,0.9222163866362841
0.3005308964371219,0.27183297691296315
0.7292817516584036,0.7311818975581993
0.8453485169726044,0.9222163866362841
0.5971195448943961,0.5400088615414579
0.49500082756141267,0.5400088615414579
0.6178056479267551,0.5922768171229293
1.5590035771962307,1.6452452246523837
0.7115450932619366,0.712107684646892
0.8453485169726044,0.9222163866362841
0.34927381605971974,0.32263695916459817
0.37500738743158796,0.3996757213235133
0.4696226309537938,0.5068946052223299
1.3467395603862746,1.2882125137771334
0.8234177972015249,0.8339893237830551
0.8904495156952427,0.8043823913696602
0.40045205412932383,0.3639265243897425
0.15879435594214375,0.1741474955812923
0.5748876308107931,0.6032032542810258
0.8453485169726044,0.9222163866362841
0.18868638426201118,0.1741474955812923
0.1741526838932844,0.19526373095892205
0.5610802932647679,0.5068946052223299
0.543960891188168,0.5075191461099455
0.9850030648192144,1.0240231373639803
0.8250410549282655,0.7560694874735485
0.8596831336250009,0.9239051129913846
0.5641533443885931,0.5543759066839936
0.9408526944759001,0.9542326825576755
0.0551500348211216,0.04584942668868589
0.9607850723653649,1.0340911215592083
0.5050852719121595,0.5503385587906693
0.45419931183691775,0.5057813905576387
0.8453485169726044,0.9222163866362841
0.3456228038611907,0.33002399757593665
0.9785755465862236,0.9646237459751017
0.3347800643991695,0.3826062696810464
0.29886829075762,0.3153122573492796
0.4822258659149091,0.4393570852762527
1.3814001932998872,1.346535741646058
0.36521744023103325,0.3448435717238705
0.018209235436136183,0.022289737680499737
1.0339128899145305,1.0953649928330076
0.9130674797695116,0.8512258167532539
0.05594451340388194,0.06618793212064193
0.3914892263887563,0.3609138411323565
0.528519315792341,0.5808784464098223
0.25229132010815825,0.22711267240046507
1.3037171204473004,1.1941513661856307
0.94254184278837,0.8878641447282486
0.3231781378961957,0.35352001484439727
0.2558230038489711,0.22450074406802076
0.2917826535542039,0.2676599809975284
0.31679598591938324,0.3609138411323565
0.7524729329790109,0.7106359406039676
1.0553741643429,1.0463226513410202
0.8064062330548717,0.8582990856141147
0.3716655543185895,0.39420847527743114
0.4402278410454912,0.48989185949060177
0.3231781378961957,0.35352001484439727
1.3819984767569005,1.31996887885478
0.8786196213801178,0.7940773377294281
0.5089942264322583,0.47301948816490164
0.48357704480311525,0.530209932458625
0.3053258187621329,0.2647078377034932
0.22435304716338494,0.20350360792973765
0.8911899343480788,0.9692400850173891
0.42371074643928447,0.40854460636639667
0.6948402876626507,0.6559014706226981
0.13022237375500242,0.11789161737231979
0.3388918791601842,0.3043514815087712
0.40688551700026543,0.3826062696810464
0.9560306312609654,0.9813203013501903
0.6670742450765458,0.6239605192221993
0.7868159507981082,0.8275864334087505
0.28560744835404217,0.306237624997056
1.2529518940721927,1.35058999052175
0.545201230123871,0.5308240548626378
0.718135128812113,0.7442366014764283
0.6080045437804831,0.6503866936896103
0.8668462899936958,0.887023541775862
0.5862113716050569,0.5333575519234112
0.5043117742472969,0.5018510655532147
0.4854536771787592,0.5333575519234112
0.5505055714238656,0.6298144786818027
0.28560744835404217,0.306237624997056
0.26863661543158607,0.2941368404539744
0.24490900711391667,0.21691587341666735
0.5937168831261412,0.5716511975079115
0.3370226145007362,0.312900693188269
0.88674963946618,0.8782841944248192
0.3761569564136452,0.33409913886270354
0.9746020425420169,1.0370945145450303
0.3036846046731754,0.33409913886270354
0.5855975187797583,0.5808560031075459
0.2802920043481688,0.3150294165316313
0.945440103278805,0.9994667882701777
0.4381133278876837,0.4251090245184199
0.2802920043481688,0.3150294165316313
0.6177366935426859,0.6879064855490574
0.5137744478255996,0.5191569492274996
0.8027662915937465,0.739565004286543
0.6824390426375474,0.6688574346958055
0.36957713647180745,0.32447905009160877
0.4381133278876837,0.4251090245184199
1.4127669476300033,1.3878345509390435
0.41239115676867466,0.44765593195159403
0.7039712249621893,0.7180416369127621
0.2096229174153421,0.20157223793409948
0.7039712249621893,0.7180416369127621
0.7039712249621893,0.7180416369127621
0.8239839187184842,0.8930445414182264
0.7039712249621893,0.7180416369127621
0.296190208918763,0.3339403519648387
0.27425807196590074,0.25431266219407805
0.1577451946945547,0.13578028899352926
0.886017473385135,0.9493918717739155
0.5971195448943961,0.5400088615414579
1.0237519727897733,1.0449105453466465
0.7993852863247538,0.874053151805841
0.6174541012968402,0.621747269675738
0.531765423272898,0.6004467219397202
0.6245612920249086,0.6850397063350011
1.215945219059977,1.2187473746899344
0.4822971623934963,0.44251537812496444
0.0712397962486234,0.06454682584886963
0.719933988781401,0.7683357547038097
0.7835285762442443,0.8331691024760344
0.6624231691224444,0.7205124274409661
0.7154937685249395,0.7190930429514832
2.0896997682100285,2.159490511787598
0.8953048218245261,0.8102135926544879
0.48576862911388846,0.5043993360486068
0.49635987253493397,0.5385191962730441
0.5212032613623104,0.49030020802942054
0.16552777223903928,0.18478516011509716
0.08354922152005603,0.09586113757496945
0.5326499556051534,0.46292584801250614
0.050447037464571916,0.06422028404635682
0.8244318507554496,0.9006609766792321
0.40944264794052243,0.4474057086228418
0.5655201283380085,0.572111919525868
0.3730954536620086,0.29868678507452956
0.9824721902707081,0.9168065140358747
0.9182377184138154,0.9688138401392092
1.2880116899729734,1.2392289814936799
0.714522462015308,0.6688118856917853
0.4186109595948341,0.4772827909339485
0.42371074643928447,0.40854460636639667
0.06758722838567671,0.06422028404635682
0.6712733485785435,0.7255757648367817
0.9821911032767936,0.8697171067269067
0.3794182855947136,0.39661564368860824
0.5060837925890003,0.545712201726931
0.4908401867024087,0.5072936909826985
0.88674963946618,0.8782841944248192
1.0561749018649622,1.0608300722922654
1.3759221405254909,1.2772248923075187
0.25893242933339344,0.2938594132703325
0.3518908355376579,0.3809101008909264
0.4742084318961238,0.47813865807704437
0.8072590622847593,0.762508104190029
0.5930076525324296,0.5475738656032606
0.5814615982340124,0.529905878492169
0.3680984791440753,0.3331063223694791
0.327528772554209,0.270366478987616
0.319623411099275,0.3498044391458115
0.6118727052682248,0.6350092527045129
0.986003577456968,0.9023567942380414
0.718934701500999,0.762508104190029
0.7631703618835983,0.6998398900471836
0.2623030760999656,0.270366478987616
1.0944310431626025,1.1485453422340208
0.3241636112112447,0.3657399862570403
0.8901817835649692,0.8153947796358316
0.5060837925890003,0.545712201726931
0.903032800582433,0.8674097215595339
0.42371074643928447,0.40854460636639667
0.5681736843212399,0.5072328299845686
0.5939504373731566,0.6071026710781485
0.8666567160313055,0.9364698056744929
0.8032785458112788,0.7872983519835803
0.27349024027734997,0.29523046469028413
0.5735182536299633,0.5740927492753776
0.6014982102646736,0.6076589106977865
0.8032785458112788,0.7872983519835803
1.212438496848813,1.2593722750711145
0.3746286538316489,0.40202118140633797
0.7015130946709419,0.781132969162753
0.668007972496052,0.6282867248811403
1.3818280172850022,1.3857337165532577
0.4734187380191979,0.47480053292398877
0.2607641302323491,0.3016166598407713
0.8217494710914623,0.781132969162753
0.5085602254513756,0.5554673103866716
0.5085602254513756,0.5554673103866716
0.47059097427146945,0.4322637349321909
0.6681370287795882,0.7220159777612201
0.1533123136121643,0.1753108091342819
0.34125221088021823,0.3713166634464298
0.23540239570971752,0.27103797772536325
1.3339796877580232,1.3744249055652162
0.47412184796224466,0.5197387716069277
0.5859380319610529,0.6229622980227439
0.643732809476894,0.6293927012600025
1.0260924645443117,0.936438109764151
0.6162885564921369,0.5813328508541958
0.8243744024703339,0.8262303900109629
0.8828716077390961,0.9766200189325601
0.4437975588328472,0.49761607155957516
0.42371074643928447,0.40854460636639667
0.42371074643928447,0.40854460636639667
1.3339796877580232,1.3744249055652162
0.40281970986557153,0.3688107459363823
1.0630903413499904,1.0924815968878958
0.3015045572613442,0.2751962394910715
0.8692990429021805,0.8015839213244567
0.4861394675016554,0.5284300499934131
0.6675537226354517,0.7270147733119842
1.4844322722260268,1.3689886263675157
0.7933694221395002,0.7292626851531875
0.42702922823180534,0.4630544770801303
1.345937583226593,1.4247154060720795
1.65456281130859,1.5284277957240273
0.7384636965578043,0.8254980186779745
0.305746680723902,0.2916700729901389
0.7105129408484417,0.6582906685525657
0.798821726137518,0.7318299852689518
1.4647283559145068,1.339385933076774
1.1483895433140898,1.0675504956942097
0.40688551700026543,0.3826062696810464
0.8634688723666647,0.7944720736437091
0.513805392014359,0.5861012331977046
0.18033325649826218,0.20498183898525063
0.3518101072193547,0.37825020544503246
0.42371074643928447,0.40854460636639667
0.7105129408484417,0.6582906685525657
0.7378226103630279,0.7497083602012873
0.9318849908634494,0.8606463409141626
1.591787614334854,1.5760825252798623
0.9094673511339837,1.0924815968878958
0.0792296709065068,0.07413855788636974
0.6020607700351701,0.6582906685525657
0.5845212567508263,0.6173803597678923
0.42371074643928447,0.40854460636639667
0.7105129408484417,0.6582906685525657
1.338312757502534,1.3039665989647988
1.38393481779869,1.3794740392218348
0.7933694221395002,0.7292626851531875
0.8303318532884791,0.9007163292049006
0.8235628884165513,0.7482507883809918
0.7105129408484417,0.6582906685525657
0.8634688723666647,0.7944720736437091
0.29740573710560375,0.3161785881785496
0.8299735556878165,0.7828151937048877
0.36275260158877753,0.32579753388337407
0.6582128688714398,0.629337693002842
0.9705170144765287,0.9602903219347267
0.2966240779900139,0.32579753388337407
0.36275260158877753,0.32579753388337407
0.7176900161212031,0.7795963352876903
0.5949779999612358,0.7050252474336269
2.4859448076128103,2.3534314302540698
0.6109105127246399,0.6172237336145991
0.14178003970106048,0.1638173855339761
0.6959971832708131,0.63322164180147
0.5580847676699218,0.5913836087266551
0.33585494054772724,0.36725370967845367
0.6905322569572452,0.7346951859442382
0.11802014818854059,0.1410023948132642
0.05568108286010791,0.06822583853802877
0.2966240779900139,0.32579753388337407
0.32450746140109077,0.31148291791247185
1.6595565055455417,1.6135881034356654
0.46378112516613196,0.49665775261437906
0.14050207336206966,0.1444354019988959
0.8043654997662378,0.8046737363780078
0.46378112516613196,0.49665775261437906
0.4532573961984142,0.457212493968288
0.23649652568859797,0.2511783752015279
0.6624631178113216,0.6065939072425784
0.42735976648628843,0.38465934300814403
1.131153728096221,1.0681734631608233
0.5871877168507957,0.5710029444942774
1.2196681271744985,1.2945384129060904
0.35985535790220136,0.3233192180852291
0.16676845625456227,0.15630475555718606
0.4849041311329634,0.5267856823392066
0.2694382960537693,0.27408291331645046
0.5784114269067585,0.5267856823392066
0.929003538161084,0.8547651926247165
1.2574610881620953,1.2584454582584033
0.37735154025259326,0.38834794333147704
0.800769758595547,0.8642010491737018
0.38387648814930087,0.3461010233918557
0.5024393273174859,0.5540516557341308
0.7187125630726554,0.6652160093358855
0.38740297582315464,0.43217366370313554
0.17182535265671514,0.1568568703151902
0.7845916482697158,0.7218809739653128
1.02328077091824,1.1174692742270533
0.9778754773538378,0.9483357687780162
0.46750767858724573,0.44495538275385305
1.2733217320513424,1.1739386407102574
0.5625075668454373,0.525421666505708
0.6363884878551367,0.664895724097696
0.6864311758055204,0.6514892621216678
1.714231346797091,1.7829217488566236
0.13758780938867463,0.1250767316311057
0.3772740250875468,0.3391007969465367
0.6272719539772542,0.6045968292899172
1.059875069410701,1.0655468791746208
0.22240532204375077,0.20263420191511633
0.6997435429047174,0.6802116994399422
0.24670153633842254,0.251242880609969
1.0612406808654535,0.9256746396374552
0.30255848962985565,0.32434616818083944
0.9576630925762821,0.8585668111099445
0.38604959914705084,0.42462342416105026
0.4682306927937602,0.44389542213859584
0.5266847200495534,0.5135746988448768
0.6778379638847464,0.6235379758093127
0.045401206925098726,0.053706138995985045
0.19919136260162446,0.18010388473958977
0.5110350617896323,0.5917372305911047
0.7961673501121594,0.7679667788241535
0.5492867241765941,0.4982087652511653
0.34778293787079273,0.31542287914954636
0.33833501504139124,0.3742577696323245
0.7086944179825544,0.7679667788241535
0.2994588315274054,0.29050182750452563
0.2994588315274054,0.29050182750452563
0.8185789899265733,0.764974556142828
0.6387796526373357,0.687854405376071
0.27197273675537786,0.2550700128427328
1.697874554114944,1.6334124844900437
0.7506413380042308,0.6984681183373367
0.42738396535849676,0.4085553316458342
0.3328589316699734,0.3716421395670228
1.3219548740285232,1.3109170163956891
0.5879898444948941,0.5428939688089964
0.3595261311969741,0.35512166430994074
0.554657859425796,0.4636652395022758
0.544357959611845,0.5713974495009692
0.4933593163394541,0.5428939688089964
0.4913732122684427,0.5099475828137443
0.5879898444948941,0.5428939688089964
0.9430758753746992,0.8700376763739939
0.3509081041996102,0.38187781034751395
0.9430758753746992,0.8700376763739939
0.7781938983013108,0.830888017485843
0.34951066456235036,0.3230034469113068
0.4933593163394541,0.5428939688089964
0.5873321307537613,0.5491810035697432
0.99756102492996,0.9142420281363743
0.3136724645486261,0.33863282964342517
0.9341386605738361,1.0093272162639044
0.24900712842080194,0.2662379023418899
0.4844746323552465,0.4343252564107109
0.7629352984312386,0.7069917252983106
1.1237231524648819,1.0704018773325166
1.4578150696726482,1.5971021410553927
0.5251319181050514,0.5507150106264321
1.338148936022109,1.2692428390484791
1.6340912200149955,1.5357758973126245
1.687462121144026,1.8087667921266335
0.6831306985271117,0.6424997734454884
0.5328582160107422,0.4953596489497598
1.1123144524224537,1.1878174186283619
0.3425227986081185,0.37670007044855935
0.39746686428802297,0.4272147586283996
0.763379623291434,0.7902032873424626
0.3373222451909575,0.3737388893883327
0.7105989376005838,0.6800854510782072
0.4719129937611843,0.49695519155157036
0.2480696858949988,0.2091195802294544
1.0556382798591175,1.1238704883296362
0.8020975728364125,0.7355430902819563
0.31227048589830664,0.2775694517051517
0.24938748163145655,0.2775694517051517
0.6416830374429293,0.6109118902236754
0.13863779284057295,0.1556617683830416
1.1256306617141556,1.2166033466399933
1.2407875672888247,1.2946570043501038
0.37052396673951676,0.33115001267771005
0.6428627350741376,0.6006736100143271
0.6826111515529111,0.6041761395454491
1.5109731726148838,1.4232543941243665
0.6605000488030568,0.628514415179577
0.28852581267538013,0.26163896109076035
0.5611386701830021,0.548533579820875
0.16908153597897624,0.18257785617933384
0.8006835766865287,0.7949505116015744
1.6839709942716403,1.5568309454474965
0.8452709516209286,0.8622678107298741
1.8656006867338384,1.7839954296632363
0.703877698782055,0.7638605730900995
0.7544559522189941,0.6934023196793316
1.1749807442284121,1.2479804330422004
0.6336251180273198,0.6934023196793316
0.7544559522189941,0.6934023196793316
0.6336251180273198,0.6934023196793316
0.7564376023172221,0.6928921065199253
1.0190892208542204,0.9989242857848221
0.7747925792158051,0.7831708055871955
0.2681539069091247,0.2682618273749742
0.1196842310284945,0.10481299804043856
0.235735472603818,0.24712134791524354
0.6443443595315587,0.7091651213746416
0.5811617436036263,0.5965060030245547
0.14136429260130765,0.12507204324428903
0.8022032954400756,0.7063817792802243
0.5938869314342403,0.544808020148281
0.022178825084354745,0.019690072631007614
0.5858400561103583,0.5459809514852538
0.49217060318135347,0.544808020148281
0.45412113675837523,0.48357747832041953
1.176968919197662,1.1586825824113045
0.664711213859859,0.6948039530489537
0.2176114847058499,0.22290512299761375
0.6126701744278631,0.6914931484264972
0.40058313278217145,0.3899440138747048
1.6318773918905347,1.6103921945880577
0.5654694159074951,0.5668407109620895
0.36839579540937223,0.418128156137904
0.2506040759064551,0.26926023814752603
0.4524825599226239,0.4482473895615902
0.21737315085105147,0.22748515214225976
0.20948055325858442,0.17818124938975075
0.32899302096756206,0.2895894275280343
1.064726793595823,1.1467034519250507
0.563297503393085,0.5384759808393174
0.8968156271647848,0.815568536560812
0.3436999766083935,0.3822598939552336
0.42284840007969476,0.3822598939552336
1.0325898543083825,1.1735908672479654
0.6168637920744112,0.5913652636908349
0.9414606610995335,0.8835425156510015
0.2740030284174976,0.2438800884193813
0.42870124813899596,0.4748065117348893
1.301165598572178,1.4250701654439528
0.8718298325761958,0.8517701200409022
0.31655861629032434,0.26711956163456646
1.8019488640848957,1.8107682189798027
0.48167546273652306,0.5008230981936582
0.26185881293578356,0.292637437398733
0.6981827609870946,0.7296410505518997
0.7589015036067596,0.8137685494815816
0.5125419958733386,0.5024724911087817
1.0163082303907998,0.9660571880621396
1.2380349338075196,1.2970837615587716
0.21715723773020562,0.2438800884193813
1.4284913532721393,1.5305416577013213
0.32899302096756206,0.2895894275280343
1.5947827749045609,1.59422106418212
0.1500455958077702,0.14184955984191938
0.2635443266482885,0.2895894275280343
1.0162879051756815,1.1215129733111369
1.2717094622388014,1.3805940272464845
0.9954512002387156,1.0239261838005556
0.8648273036944173,0.894298065970191
0.3016392326520167,0.2901201143001962
1.0108011426517336,1.049678296501564
1.1051287179850664,1.0239261838005556
0.3450808286555955,0.3688896466102778
0.7802396174875212,0.8284932783604408
0.3505194299461584,0.38791581444149553
0.8372501693072972,0.7906411790727326
0.3716655543185895,0.39420847527743114
0.9850030648192144,1.0240231373639803
0.12932249923859068,0.1121140607100349
0.9954512002387156,1.0239261838005556
0.6400512763916206,0.5999691947274366
0.21986718311372466,0.21505220913667453
0.46732493147157517,0.5162533857040242
0.961640371224413,0.8423694605417438
0.2517167341592516,0.28064101383969636
0.2635443266482885,0.2895894275280343
1.3084833652490986,1.4077199744935573
1.0162879051756815,1.1215129733111369
0.2635443266482885,0.2895894275280343
0.20599025428356205,0.23081794160660324
0.5588232427177607,0.6191302729946608
0.9263923347635313,0.9849165959243174
0.06588116246411292,0.06729679900812062
0.6644303040342943,0.6366519717956777
0.27611403101784493,0.2881721967200027
0.219695810609434,0.20112587905830442
1.548365638303413,1.4573094008970424
0.5031671336350947,0.46418133373451803
0.219695810609434,0.20112587905830442
0.04412090591882165,0.05111699975391997
0.5162749317899513,0.4809476349260862
0.6265538996533709,0.5830419537075283
0.3663948811553056,0.3685325298696874
1.19621227826215,1.1193173844339583
0.34025200846536147,0.30395139167043084
0.379429411981043,0.420080166398961
0.8512417324585291,0.7617301219018057
1.7942597402867533,1.6796144880696986
1.3862344667089426,1.302492279242095
0.8178911581339708,0.7301210761944334
0.3927658326669052,0.35031578758222287
0.5352248420243626,0.5080910672763066
0.44886027345308566,0.4545687291572262
0.9153455926458467,0.9425826210541496
0.29955777376097525,0.32401476991058065
1.3927355108500903,1.489063984911111
0.0460482510152915,0.05134076434385523
0.9030488804271419,0.8991649238022993
0.285544209313057,0.2556457030857404
1.022343343368574,0.9574167366274201
0.1503749892329365,0.1551294542427449
0.056238426176906754,0.05851423159241025
0.44770849968910786,0.49367404546277505
1.968868655162649,1.9400575356256264
0.3760378971517538,0.35463958185821104
0.1503749892329365,0.1551294542427449
0.6996832237384141,0.7250790771493406
0.5425897459569938,0.5402312547517214
0.3954633207408106,0.3989348408230629
0.6974885423998417,0.6309765826514933
0.09299184634311117,0.07915618455838774
0.4062649470367296,0.4062760126489768
0.593506512741841,0.6195447566067277
0.4474493324672087,0.4205975952922043
0.4565636364269502,0.4076284618915321
0.10427570163352401,0.09001651781602647
0.6601361623158908,0.6446360932878443
0.44180777100150476,0.39527113514263373
0.35033173801193335,0.36302978640782657
1.5258776456203251,1.4245058629519987
0.3072814195436761,0.27526262961727344
0.810317878921895,0.7991460666809677
0.900159536918054,0.9868395976130446
0.29668811460491806,0.2898806682490274
0.3072814195436761,0.27526262961727344
0.5379207451008277,0.5824538385834506
1.3172118509689907,1.4135809331477474
1.0800761486401875,1.0469777936422708
0.5034336491580867,0.532698819920141
0.20632859714604643,0.22167699338932983
0.4914150871128627,0.5146050800879399
0.9978021127956714,1.007879462870044
0.19512874469236743,0.2300095970892494
1.3092323160979666,1.3913779038512073
0.6359130417229929,0.6103627849929705
0.6085748688746089,0.6145904204514048
0.4234926470568548,0.46895105216486627
0.7206281395122479,0.6514710347506887
0.7155622948835357,0.7772025461990394
0.5807740262261427,0.5789449517917985
0.3562626519734475,0.346800882717551
0.46996984342724635,0.5105585946781087
0.3286667601448656,0.3447946810690347
0.5121316308479958,0.5566714705287714
1.0344706718519219,1.0667945195487538
0.7720586380895952,0.8420225882690732
0.7171350594541699,0.670009481707476
0.41394193350812936,0.46826278770344265
0.6359130417229929,0.6103627849929705
0.5041516602832626,0.46826278770344265
0.9263859434893563,0.9837374070731629
0.9323221479963019,0.887107031686573
0.4920983791282338,0.5136243385829011
0.8018666539376301,0.8298943854272806
0.38307594980232734,0.36461248738855534
0.8517619196499335,0.8953242915607917
0.8799897507468131,0.9731998640001369
0.9355879713463745,0.995123376105635
0.7105989376005838,0.6800854510782072
0.6192923372118282,0.5857222872639913
1.629380338889267,1.5601717091052887
0.26615897772659985,0.2885701274887613
0.6577711082514528,0.626035966750436
0.3584191947202344,0.3984777479124558
0.5561453052118471,0.5382787229172132
0.46614750945786315,0.4013686588025241
0.46509093298267695,0.4559771758405693
0.5959900208749683,0.5471232964901794
0.48323450440877025,0.44425107476299386
0.5959900208749683,0.5471232964901794
0.49401181426172225,0.5471232964901794
0.650357379609081,0.6036120839823694
0.5959900208749683,0.5471232964901794
0.1639845706689692,0.1503988955507896
0.24077312739206053,0.22401519168316253
0.29700918571277235,0.3340996575381999
0.47528250342294087,0.4998456653361677
0.7092344947537392,0.7601595130300581
0.6189000202499343,0.6333312099692584
0.5729777563401691,0.5302905504505773
0.7205291592983118,0.6609100635376556
0.28185314854924404,0.30685320480479616
0.2790972383756877,0.2649876692439834
0.33640649504800896,0.3771851032985072
0.07543813037192149,0.09050459201077574
1.1749030272678902,1.2519348975556457
0.6833650645359745,0.6404582455386869
0.530179957448839,0.5879098714858246
0.365181638931111,0.3344860251919649
0.8848209185518497,0.9818272510032233
0.5437576219151963,0.593458991389035
0.4137534979448536,0.3991949372149427
0.6589241505427434,0.7051355094884522
0.45285855500383215,0.46359575139116665
1.0811741566648354,1.0519755121018763
0.9034882835720589,0.8294793967475738
0.663129393696166,0.7000359851020099
0.46451624234224465,0.42063242200219125
0.8450320639760235,0.7890457522473364
0.2716646851306722,0.3081645032045771
0.45285855500383215,0.46359575139116665
0.6649947708230409,0.6085252850364012
0.580382502214697,0.5656129533612048
0.31220632328642095,0.3438714466124459
0.46146850106097986,0.42063242200219125
0.27785743835880916,0.2859551103135195
0.5258717492584507,0.5630983287863189
0.6536574132558833,0.5997805379957802
0.7952035450855033,0.8016320080782973
0.947668016456414,1.0197733582341777
0.11129799952472676,0.11687212691129202
0.7835371696445039,0.8217728085946453
0.8238501152716718,0.7961373801111044
0.7576272752456794,0.776422403000235
0.4715763661314421,0.5384759808393174
1.0634412505268895,1.0826136311602876
0.902584666358414,0.8594376857474046
0.42617683185543404,0.3946926286954765
0.7334924700756675,0.7229774979281129
0.7263024104272584,0.706742299816538
0.27811523288905343,0.29047205345068405
0.3215177305876054,0.33363231915982217
0.9429173551250764,1.0336159034887196
0.23956985883073995,0.2628902027205855
1.6235168988928768,1.534562862742148
0.9483224801315155,1.0103438837210739
0.7173276520207934,0.6523721107684608
0.3761569564136452,0.33409913886270354
0.5811617436036263,0.5965060030245547
0.43226951783876655,0.47676734352080474
0.23956985883073995,0.2628902027205855
0.4102266144241221,0.43961936419508657
0.47263423707495367,0.43835254677472496
0.9318419307863965,1.0131600291215346
0.2962217323767075,0.2628902027205855
0.4102266144241221,0.43961936419508657
0.9483224801315155,1.0103438837210739
0.37888434701900214,0.4128248011280482
0.4934604350930281,0.43961936419508657
0.46206138346491676,0.478498316874139
0.28195726924814174,0.32315649515941236
0.6944690803524074,0.6579379309174297
1.2286339239478667,1.167118522477094
0.5373413238638151,0.570120005770668
0.9645434195678227,0.9016991630968543
0.06838467601190346,0.0790533181439466
1.0880710928913846,1.1772757880521947
0.42424546235859595,0.44724596037989994
0.23684353516903503,0.25076477787328394
1.0738311314766704,1.1676408555558142
0.35878230854753623,0.39072666668856343
0.9755262499482802,0.9826749864537525
0.5648612769258862,0.5103299475737292
0.2643607611704736,0.2931808802674804
0.38663407427421925,0.43835254677472496
0.3728014875044447,0.3298225617566862
1.3020294213289478,1.2166033466399933
2.2809703896903435,2.2564171344841664
0.30600254321181286,0.2775944082839858
0.9639212487276588,0.9015878145639189
0.9764602264357175,1.035914472743912
0.3922248277903021,0.3513103114388906
1.027365324179371,0.9955640279387283
1.1538747471121857,1.184574437389975
0.30200191682154,0.3363845417752825
0.8860147309706595,0.9600609883261219
0.8407681548402018,0.841861497932322
3.5359336258651783,3.3492145579859978
2.7526624694443638,2.732102310652431
0.06588116246411292,0.06729679900812062
0.06588116246411292,0.06729679900812062
1.2067430343966152,1.1836488243038181
1.1275389511092098,1.0871162204464206
0.8420445054610952,0.8645535616463321
0.4436213342738684,0.4826748263613002
0.8591614350186692,0.9194400927777855
0.2176114847058499,0.22290512299761375
0.5485615822563997,0.610530015603466
0.4720627228756899,0.43489691962208343
0.3311387521045317,0.33946530544262815
0.7488253610633714,0.8022168826163908
0.8522823030527009,0.9210716837332503
0.15163460861626646,0.16758671173559328
0.5508095668497061,0.5087315466310423
0.6841542509531364,0.7024310915173478
1.194453543918703,1.2811501383062236
0.5854931077413028,0.5314032172260189
0.6031349496624275,0.6119736125420885
0.5069986487549772,0.5573951014861265
0.3017324075121381,0.3281703772920167
0.7666097467253732,0.7246850855322062
0.7467893440185991,0.8133233739146802
0.6067094445984901,0.672071606253142
0.7129653041295606,0.6605958058427701
0.8664784089592676,0.8118285435691607
0.8967850865800204,0.8275762127432446
1.4850101849488202,1.4540590203654777
0.8447045113547577,0.785597498955798
0.9126628129685717,1.0024477581174482
0.7238678610343369,0.6682470903465096
0.6067094445984901,0.672071606253142
0.3289283659770898,0.36348218348828987
0.6631732393815563,0.7146765151140789
0.8475964389757671,0.9256643711355662
0.39517274117335366,0.3565433499018426
0.7040879952011465,0.6698929132869514
0.8848209185518497,0.9818272510032233
0.27353438425883464,0.2828761985950713
0.45285855500383215,0.46359575139116665
0.6876550843603307,0.6261350419912793
0.6350750569631928,0.6923511754478605
0.6862716465021841,0.6315565188951212
0.35938155642861885,0.401204554510229
0.674252011652025,0.730966597858689
1.1650111632579048,1.0695575873592946
0.1388103813116883,0.13007401309108763
0.3879839223039563,0.3704449621190592
0.45113575790402133,0.465061571826272
0.2033486164607199,0.1847688000316858
0.1345800361092538,0.12180223326603729
0.4238049707219989,0.3747654234531767
0.5743117436902848,0.6414674573381836
0.763379623291434,0.7902032873424626
0.5486306218557286,0.5009865860330357
0.6338701485925738,0.6034706088035556
0.627525293593348,0.6046831893468115
0.31483252455892435,0.3469889813384644
0.698967194353001,0.7476439424111817
0.5743117436902848,0.6414674573381836
0.6392440292172724,0.5756415260916641
0.698967194353001,0.7476439424111817
0.11186263098654063,0.129633185239944
0.698967194353001,0.7476439424111817
1.045525781212008,1.1041680313819517
0.2530151344631815,0.2814429677510933
0.5471817990718917,0.5757168753371757
0.6126603620565088,0.6556977235461147
0.22971690746007697,0.22108693287553396
0.12708377143846936,0.11041959052476673
0.08691705242693028,0.09986726502166565
0.8573184316824773,0.9342131970371591
0.8280332899183388,0.7476439424111817
0.5228199228834921,0.48040082062145495
0.26947796665417545,0.24178724579099575
0.8280332899183388,0.7476439424111817
0.6209154247268633,0.6022194044161079
0.6265017518995274,0.6512557246556698
0.4648175017975671,0.5082581023333316
0.429275078928885,0.39459592424801065
0.8985647874685613,0.9637372775531653
0.8065838439230789,0.737489162322982
0.6873608434233451,0.6414674573381836
0.698967194353001,0.7476439424111817
0.698967194353001,0.7476439424111817
0.8158800922977126,0.8405653539922836
0.8280332899183388,0.7476439424111817
0.6052486409840501,0.5811176496116475
0.8280332899183388,0.7476439424111817
0.698967194353001,0.7476439424111817
0.02978882293548542,0.024924278347164156
0.36692888840804616,0.4038716811853288
0.5199392140484435,0.5384132723849405
0.7769149993262087,0.8031128197663384
0.4329562292580252,0.45397666016420307
0.49804789032091235,0.4947954962477964
0.8256903274923764,0.8055679854392828
0.7339433683945401,0.6858685307482965
0.9048268655715528,0.9074935342323581
0.776128853310996,0.8343318263404477
0.40688551700026543,0.3826062696810464
0.7686668038533172,0.7123158937302595
0.6477078092840554,0.7103544011282826
0.6290284978846313,0.6762310466988022
1.806184939169666,1.6791111387548978
0.4541975120137571,0.4926364797594669
0.5519775940921154,0.5050257501736902
0.3118331677224841,0.34595073022601275
0.5852084432887865,0.6091668688338951
0.4555519073044733,0.5050257501736902
0.49783415810955195,0.4635598287611043
0.49783415810955195,0.4635598287611043
0.4084607195585601,0.4635598287611043
0.70926991081136,0.6465225985323283
0.5936494402579433,0.6465225985323283
0.8264013116083622,0.7545116698671952
0.07192189737390126,0.07667372390745707
0.4276650954039365,0.3930712896804516
0.3898219400402029,0.4390599072149671
0.4763191849446237,0.4390599072149671
0.722562706596336,0.650398670531712
0.17811282587127827,0.20663783138113856
0.13492847500865524,0.1470518628550602
0.6537693255186282,0.7037825135841881
0.7303259606053021,0.7887963060155511
1.2248909138754143,1.1238704883296362
0.1873585523366188,0.20977922966013085
1.3534483730086184,1.2661937898809996
0.3597094324108469,0.3404235945332809
0.16465243820519537,0.18562651472395833
0.519210603417606,0.5616299680910772
0.21096981714603127,0.18562651472395833
1.1692505900869579,1.0999174017790427
0.1980603842069906,0.16954420567598344
0.5756406954561879,0.5391015406541003
0.45941081004283973,0.42028611379107533
0.25634848803084637,0.26545329745776697
1.1505650464494654,1.0696134195168794
0.49516765890805414,0.5422162557865301
0.29907073343711443,0.26545329745776697
0.4096557215636557,0.4643435377209323
1.3172118509689907,1.4135809331477474
0.5879911673784677,0.5434087621356933
0.49516765890805414,0.5422162557865301
1.3336292955319575,1.2657121583068955
1.1634246377547766,1.2255017059368585
1.017319832994082,1.082819530694165
0.495943763846381,0.5218917278221047
1.1216919065993036,1.0651143116040327
1.1881082636625468,1.1616268854904537
0.3894621614549582,0.41058319341960137
0.0579463223947536,0.06558040103959928
0.09035331486056304,0.10481299804043856
0.28464071714017014,0.2543757738016965
0.41996403423189926,0.4351807635429685
1.19877847526049,1.2524392440706424
0.5517275154407251,0.4853662694906445
0.29217951212739934,0.27967558378006274
1.2052816713093883,1.1819673695632595
0.45533382267923594,0.4853662694906445
0.28594332549558477,0.30499651607142997
0.2405455994479543,0.25265610941698513
0.33221318741200384,0.30499651607142997
0.5531029108073584,0.5807437252089936
0.7863045619951393,0.8532824305954763
0.21948816133523202,0.2236057059545566
0.7915396631660448,0.7967572393189811
0.2770911426512176,0.27143505025817916
1.624194574636962,1.6075914267851155
0.7962747162513952,0.7518352894158535
0.05752914514282686,0.050503545401971627
0.8086123696918671,0.7698485887208645
0.5350653793131368,0.5686807319417813
0.29288993589156326,0.2752825062410279
1.1755256869037156,1.1212574178612382
0.039823392320937644,0.04584942668868589
0.7668483800642044,0.8148642978208039
0.06603530485824309,0.07480693472057193
1.0168297768133754,0.9932915347335579
0.7315943806791196,0.7914141062199415
0.9003583586524831,0.8547105630307131
0.5536877549089645,0.6036785093692001
1.0378755225146796,1.1819673695632595
0.5536877549089645,0.6036785093692001
0.29921204355909115,0.3008338586373824
0.6561236022256431,0.6036785093692001
0.25140436418305173,0.24291537697665586
0.5441742108445741,0.606391768802298
0.44909581170439716,0.40741167595236505
0.8971073673990758,0.8152549959555945
1.4394177966817994,1.365537843052939
0.586014273906083,0.6028723906456009
0.27605628512513863,0.29525784676766614
0.42437622881722914,0.4372476592075671
0.4194803016547029,0.47800439215704055
0.41351167367466635,0.3691821648817227
0.2748832130659288,0.2981592675931373
1.9561008618007678,1.8168281829020037
1.0354589536475025,1.0869758148946165
0.8712990749382231,0.9085982549589503
0.6840768818473218,0.7062485991804452
0.7263685444264972,0.7507332513217285
0.22020114562393395,0.2608349256191861
0.6952334303981031,0.7803741318633065
0.28372644895879406,0.253790049936226
1.0986259611320366,1.0360481354384776
0.5215384574078611,0.574076682030207
0.2349798802168248,0.20997034663477368
0.5223993387253839,0.5809367596246046
0.48801279659070385,0.43827901968533917
0.33611934441406865,0.38099223113725217
1.2912471684985531,1.3617696778762174
0.8022032954400756,0.7063817792802243
1.1005635367901152,1.0389181073687213
0.45506605706378506,0.4289597303262349
0.23200842784352033,0.2509885427087292
0.3134932753694981,0.3572764322012981
0.951516481989,1.0360481354384776
0.5923862331026138,0.6273957042064049
0.38229653033847716,0.3572764322012981
0.38562681561965917,0.41810462109783314
0.4054582719463013,0.43827901968533917
0.7475462895775049,0.7805582881446449
0.9431469514314115,0.8698433184808675
0.6900301126405055,0.7179340539685812
0.04647330249040423,0.05226399218468577
1.0804617456578642,1.0108545719546695
0.47763873290427783,0.5203728207413062
0.6962739949802208,0.6689598650327855
1.0014501003866372,0.9405000173271275
0.463821828854271,0.5055667857881769
0.22478615142093228,0.21059804644775398
0.9677608041660855,0.9202527606969334
0.07221585871762468,0.061833742783284094
0.8087319104026204,0.7686323180065345
0.9350240310956794,1.0108545719546695
0.08499750476322024,0.09656476780118889
0.42792396057085563,0.39978061655022146
0.6542501212186335,0.5997844729725403
0.6858839155064659,0.6302296940059888
0.09660609415320351,0.08087150122503779
0.42120725078066645,0.46866740431973547
0.7566029603801891,0.7957784264877222
0.25964930578846024,0.27562425302957777
0.2791873856286662,0.2892591671897711
0.5418863551240717,0.4800583232456916
0.661822757210509,0.7066321253939867
0.09444759249821105,0.08353076734749319
0.6571578298127592,0.6728381501987375
0.8772780534552629,0.9476697341632296
0.6657877964127509,0.6293919056333114
0.5367396139752078,0.5419271861622794
1.1941569170655923,1.1513707189762368
0.5367396139752078,0.5419271861622794
0.44951048893445167,0.5012677398192898
0.5367396139752078,0.5419271861622794
0.5367396139752078,0.5419271861622794
0.6663863238726504,0.6688563129308013
1.0208184870171577,0.9642928780435814
0.644420419522819,0.6483319227851948
0.4530113884876337,0.4316144033511828
0.6969906804567456,0.6420923367587746
0.9116294005957345,0.8844200325663208
0.42974003854713055,0.4298687713819554
0.49845291947556086,0.4506937948154635
0.6362736980296386,0.637717671561739
1.3346253008997944,1.395022034334903
0.7474285911274198,0.7137646699951832
0.3951222301432462,0.4091414038725198
0.30372657182872037,0.37176066539140834
0.6424968455325931,0.6011379356771366
0.5128121050644959,0.47186436648504654
0.7404848587413996,0.8173643978888331
0.6995951464843381,0.6240986756215353
0.4731754253084596,0.42979464843171766
0.2065541225693828,0.2255839492768038
0.5743366531362388,0.5260184304462124
0.4648279513508289,0.5415307356005321
0.841041085217341,0.8112573318250805
0.5116298928046326,0.4714384279979856
0.5643341943834317,0.5875250494366099
0.3370226145007362,0.312900693188269
0.33938068453155185,0.305848308170225
1.2758402758389715,1.1909929195807083
0.7301450647760516,0.7695250030882858
0.519662232437023,0.5730914611382195
0.26615897772659985,0.2885701274887613
0.17299567793918608,0.1536854094568472
0.9256077477865718,1.0260527278700513
0.6747174517976527,0.6062949349320305
0.548556048103183,0.5934819010627733
0.5561767056537231,0.6063180415367911
0.4960450290612976,0.5104937994206632
0.22788610345514546,0.2561220646267105
2.289194569614022,2.326341223870631
0.539989158732092,0.5507694501441461
1.2758402758389715,1.1909929195807083
0.8228271343928686,0.7975004027939031
0.6747174517976527,0.6062949349320305
1.025491721992407,0.9637756409996807
1.2341291630624698,1.175413999471453
0.2050705161010558,0.208233984065958
0.7005824160083783,0.6214998424888053
1.1808063983855248,1.268819953057112
0.9297085342802569,0.8647198803529115
0.36930440681411736,0.43001634136621614
0.16066234791968478,0.18382941480861886
0.9818291212234169,0.9946395227335707
0.7125646533321226,0.7691634446004357
0.23344528966101705,0.2113381115996186
0.3244144634506814,0.2927726007558755
0.49622972374605506,0.4815831005681638
0.22020114562393395,0.2608349256191861
1.3772880229733113,1.4724776400978232
0.5141956923227906,0.46565195084073924
1.1768643961779177,1.2705130621476828
0.042757547576026705,0.04684183658757415
0.7121689571368323,0.7081572286146375
0.7520509926565037,0.7475062083738138
0.9243456599404184,1.0003252323399143
1.7060759638797938,1.83507173172117
0.13803104557724488,0.13516780346629384
0.29897109798359794,0.33506033517947276
0.23119229347623038,0.26052942186301475
0.1154103393586789,0.12257739067422493
0.2907023011681846,0.26052942186301475
0.334915310121649,0.3245248644311153
0.7933108186914296,0.75232343102425
0.24563367896944055,0.27886649035731775
0.6687684379906697,0.6445415091624889
1.3531723701429155,1.2563014682173963
0.5232496216661748,0.5051144152798935
0.2794770080524629,0.2984851341767898
0.30782794880767694,0.27886649035731775
0.6868205080850639,0.6503866936896103
0.16586079763239023,0.14427630879278058
0.0895238440919278,0.10267692966533408
0.3960565274199738,0.406312993786354
0.3903870201107546,0.35576484906609473
0.30782794880767694,0.27886649035731775
0.975173952720027,0.9344305592399321
0.6067825132951475,0.5454244511240111
0.4407798067409106,0.45892758331104344
0.5034656641055029,0.5454244511240111
0.2542512581119093,0.28205454967385185
1.1462587461019746,1.0675730236560823
1.1294681435845477,1.20609958563701
1.2125545912428208,1.33049646176519
0.23119229347623038,0.26052942186301475
0.38246701333749183,0.4213536684141182
1.5778755351374198,1.4724776400978232
0.5207957300415186,0.4719518445652869
0.334915310121649,0.3245248644311153
0.5631662378704645,0.6062949349320305
0.5048257000401488,0.5263985986523354
0.6474784672954214,0.6491894102729653
0.26615897772659985,0.2885701274887613
0.15223677804105792,0.16273192419322718
0.5491885089928541,0.5809853340094776
0.45022791386605115,0.40871485992250806
0.3523525216404211,0.32285852922005664
0.334915310121649,0.3245248644311153
0.7410017484093002,0.7391264368760715
0.3039827879602446,0.32285852922005664
0.7030741506539941,0.7797098906977982
0.27117187118408514,0.23326950633441773
0.33141006519713473,0.3727286309284096
0.6945944169437613,0.6862540378817356
1.1847736176068246,1.1248231778694413
0.36377876011197374,0.38588766130037644
0.31727751791696074,0.3560131569423617
0.8049324286578546,0.8896569461988661
0.3920516830965316,0.3560131569423617
0.40776924240908163,0.4188676159613921
0.4880223322697201,0.5416010252853676
0.21889352686238608,0.24522283051290794
0.34072173647856213,0.30244862476356416
0.37200277349881145,0.40234044307793465
0.5819447501190693,0.5416010252853676
0.26185881293578356,0.292637437398733
0.3218440378967375,0.36319744250266645
0.5376028663458593,0.49078818803275753
0.6037018356604553,0.549539489162164
0.5819447501190693,0.5416010252853676
1.1341110501576912,1.0375159678967854
0.6021091719021162,0.6372779713859889
0.7405398949805176,0.7540232637153068
0.39743999898969395,0.3932004038994341
1.0982004419101807,1.0335980130037856
0.27025048268079316,0.30000907590290615
1.1119119388612009,1.1832196551227552
0.8187299568521959,0.747430027347111
0.32312730491551706,0.3657027118574509
1.3708315508604598,1.4244431388178427
0.39888103048541923,0.3657027118574509
0.38404501807721175,0.3941963394902066
3.1279431304600425,2.9751033430230915
0.9764602264357175,1.035914472743912
0.524894507917532,0.4841490495576937
0.4641971822143699,0.48781557737055903
0.3147581926509947,0.3377253773311113
0.3404676602938595,0.380579652971629
0.20016139713114237,0.22926130312699225
0.711373852981554,0.6677377719700122
0.6466770553379408,0.6767433208291229
0.6305702375577534,0.6677377719700122
0.8617061389853043,0.8131297611639615
0.6197982591206386,0.6634616732537201
1.3420953171548893,1.3598274090353646
0.538154736209347,0.5676494927058948
0.6752467817151153,0.71921909771893
0.7833973306190337,0.7947470159647135
0.23573896150324158,0.22926130312699225
0.2867000802735067,0.2909848118633138
0.7838113549699663,0.8148330545034758
0.41386588937194685,0.43675929131241437
0.42940061288707515,0.48161888708845385
0.5728088657407133,0.6108620494118386
0.7833973306190337,0.7947470159647135
0.18405441182492757,0.18132264831553488
0.23247209735006055,0.22654296846685254
0.5363860724585899,0.5698318896442884
0.7006942183259102,0.7828151937048877
0.9132848187013911,0.8148330545034758
0.7599029499430248,0.71921909771893
0.6103721419571027,0.6009244752265552
0.2493094511717752,0.2742041705354726
0.8451420664759768,0.8751686485918895
0.759625400570158,0.7585923215121282
1.0630903413499904,1.0924815968878958
0.1488137304344188,0.12479940449565917
0.46487816026986584,0.5209925752912878
0.6144853211904938,0.6403356115759341
1.215200076676257,1.3068465394240283
0.07943486040995235,0.08242618026051568
0.4638287905713515,0.42543551773025984
0.3398894147509446,0.33633937243982404
0.1503749892329365,0.1551294542427449
1.11900768004901,1.042049827623532
0.4112211177757306,0.421918687279233
0.34864079842912216,0.38141200031677247
0.46908244848857117,0.5210307152231696
1.3801454481955253,1.312863375777084
1.3397681712268623,1.2587204686708127
0.545201230123871,0.5308240548626378
0.958003932517023,0.8779239876240259
0.8369053538279081,0.9011757466893394
0.11022737836112587,0.12477239607566436
0.5027998623123003,0.4778713497069569
0.14060491086959173,0.14392246126616576
0.9823664425064624,0.9011757466893394
0.4467558353542664,0.4800583232456916
0.5016445513596919,0.45570914081851055
0.5418863551240717,0.4800583232456916
1.0630903413499904,1.0924815968878958
0.5674816651552018,0.5210307152231696
0.5567264863394745,0.5998744326824691
0.5037543546566153,0.4603129321315828
1.154457738879293,1.0884868402635286
0.2449581466925677,0.2728168047528012
0.42371074643928447,0.40854460636639667
0.9095289333909906,0.9915248694288236
0.31953972907111194,0.3231264454730426
0.9269922841185463,0.9971920699810723
0.9503977014689202,1.0511421698950736
0.3653767624459161,0.3432003718856021
0.3070280867154208,0.2728168047528012
0.5323700829186001,0.5191147890735146
0.5468130674990554,0.592312243112169
0.1503749892329365,0.1551294542427449
0.5674816651552018,0.5210307152231696
1.0973941731402166,1.0511421698950736
0.9437889969732771,0.867686515849529
0.48304023742390656,0.42455924855753724
1.0208184870171577,0.9642928780435814
0.6537949424307684,0.6028036986763595
0.6968402480802702,0.7085001053266823
0.4479046948486609,0.4752029029284929
0.9823664425064624,0.9011757466893394
0.5418863551240717,0.4800583232456916
0.12628999897172327,0.11144051097638559
1.0023073234129698,0.9281889967963813
0.5494083248120929,0.49336048807361205
0.9391008411072971,0.9732014664443472
0.16089577469408295,0.18271011694048642
1.5676500522272674,1.691812032084324
0.9243425464036232,0.9334571341561408
1.38393481779869,1.3794740392218348
1.1604078244435718,1.0422693284124445
0.28846982572602425,0.2899658894644297
1.38393481779869,1.3794740392218348
0.28846982572602425,0.2899658894644297
0.9751687903501685,0.972806471496119
0.04776452685027557,0.04958183073704675
0.8714369201688218,0.9642928780435814
0.7862697995086485,0.7168329383726674
0.4467558353542664,0.4800583232456916
0.30640721434870094,0.2805288907796459
0.39140606513738807,0.4541775373855084
0.4467558353542664,0.4800583232456916
1.12733761069994,1.0077757159735807
0.2915019596737964,0.27717215963821645
0.6277124810524838,0.6708837690516745
0.7440542623933272,0.7118013079606781
0.3670966958806026,0.35433974509808486
0.5310379893834509,0.4999300416283485
0.30016542335490304,0.3279059420128727
1.2061940432695646,1.2585498003303683
0.4467558353542664,0.4800583232456916
1.5713720726576568,1.496122585426262
0.16614863517091125,0.20012603842150872
0.5418863551240717,0.4800583232456916
0.8164745659672453,0.7743720523389757
0.4467558353542664,0.4800583232456916
0.801715114929944,0.7688780713813912
0.5418863551240717,0.4800583232456916
0.4467558353542664,0.4800583232456916
0.5728088657407133,0.6108620494118386
0.21583571865140375,0.24440241216868733
0.5418863551240717,0.4800583232456916
0.9448467681131888,0.9776541419082978
0.3473272035272756,0.3839193793745741
1.0208184870171577,0.9642928780435814
0.8133795628337349,0.7504691099250721
0.8714369201688218,0.9642928780435814
0.5088607835020831,0.5472095935761803
0.37076312621684226,0.42669232871835494
0.058367547412074186,0.05136779900704174
0.8786061635303575,0.8113542633405738
1.5674519130266904,1.6923396450659594
1.0493042815548148,0.974831866079261
0.9748066955880352,1.0153294616064332
0.5418863551240717,0.4800583232456916
0.5582086501171234,0.6038567821426117
0.6277090601719368,0.6752167204758668
0.29675998130503284,0.33157216635839093
0.6040256445192057,0.5708279280260156
1.1779338263682562,1.2651192317656246
0.6447158697646654,0.5874475566226551
0.8786061635303575,0.8113542633405738
0.7724964917942159,0.7516210260931304
0.3640560550920905,0.3264215616429426
0.8147403909469372,0.8325446151210381
0.6447158697646654,0.5874475566226551
0.16519258908134005,0.18729462660398344
1.187229360767907,1.2833088076576014
0.22665427933173535,0.2157722336093004
0.536761493367645,0.5874475566226551
0.2116234082755017,0.18729462660398344
0.8321648116740206,0.8605543309002676
1.6568933405893973,1.7672584624494065
0.16519258908134005,0.18729462660398344
0.3615346837157465,0.35091223392617865
0.3407445958115367,0.35435258696259464
0.7699244483138574,0.8156135410143536
0.7532235474526204,0.7981498957738096
0.8810779951862223,0.8111938993192432
1.0773182241085104,1.1843239519347206
0.416284629107356,0.36521552321850287
1.2488061239603285,1.1843239519347206
0.5954186374196596,0.664992484726667
0.20129705532100362,0.22758660991258436
1.2488061239603285,1.1843239519347206
1.2488061239603285,1.1843239519347206
0.416284629107356,0.36521552321850287
0.30708977767219997,0.3344076688406514
0.26421850776797623,0.25837299937949126
0.47399745679375827,0.48485274223198466
0.604879384927757,0.5635149978562168
0.18309677455270826,0.16251560223957776
0.30708977767219997,0.3344076688406514
0.4594613867228503,0.4227414632324497
1.7550427732717468,1.69305717963959
0.22402508597271564,0.2032873422119641
0.9103864499104646,0.8192425801195049
0.4060054680580369,0.3865209909009119
0.11556035496150048,0.1286185033238789
0.8090012322795237,0.8139951655098532
0.4257121624654377,0.45466775088564393
0.4198907154792059,0.4957689324779525
0.5662494225467822,0.6085272258772733
0.27926762703801866,0.3113618957082658
1.9649856280080267,2.1145246614449054
0.5633081484781032,0.5315647874884712
0.1510065123474952,0.1286185033238789
0.11556035496150048,0.1286185033238789
0.8299735556878165,0.7828151937048877
0.2424721064675437,0.23014636165802205
0.8423958254680866,0.8859668054916575
0.4111933221297254,0.43994518089796497
0.8423958254680866,0.8859668054916575
0.1503749892329365,0.1551294542427449
0.399998789053967,0.3727481048526424
0.6645489809925885,0.5949236998106558
0.5542100606448738,0.5949236998106558
1.3516146065170274,1.4125465428732118
0.3683951177189737,0.3984389588249558
0.27353438425883464,0.2828761985950713
0.7255576357143922,0.7106255364513958
0.6409266772651953,0.7101533956950307
1.0973978053181481,1.1594993629033574
0.1503749892329365,0.1551294542427449
0.40466955747986344,0.3716421395670228
0.1503749892329365,0.1551294542427449
0.42371074643928447,0.40854460636639667
1.5835540243104609,1.6414429749992285
0.7635298031703004,0.6841860578342458
0.31093069749044144,0.34754752567561104
0.47377524492284556,0.5070704353731197
0.8384337893761985,0.8881322706517056
1.4604086946751236,1.4371578669815441
0.4268043227150211,0.38823087761728575
1.0630903413499904,1.0924815968878958
0.41839139618395577,0.44148864819246775
0.42371074643928447,0.40854460636639667
0.3820434963530538,0.34508032785513015
0.5387497114939936,0.565855173205988
0.18265757237258884,0.1609582191310021
1.0343905430255746,1.1338961157179273
1.0630903413499904,1.0924815968878958
0.34173928242000473,0.3663686240541393
0.25020829358405233,0.2802010851402711
0.28217719386815887,0.3181880527494887
0.44915242220488216,0.47146931177509016
0.18265757237258884,0.1609582191310021
0.42371074643928447,0.40854460636639667
0.14135292337767844,0.1609582191310021
0.21102220150887843,0.20035556122015472
0.14135292337767844,0.1609582191310021
1.176805451347139,1.162613345319054
0.3685478994430194,0.37493784700703725
0.49694690147146,0.47401630971574527
0.16305864765663142,0.1895727567563769
0.18265757237258884,0.1609582191310021
1.667926955516817,1.756271804461084
0.14135292337767844,0.1609582191310021
1.2618537668906427,1.169896645568367
0.18265757237258884,0.1609582191310021
0.7279057365297684,0.756111582452344
0.3291455275720015,0.3251158558285813
0.4922487647524708,0.5106762781531381
0.28897771451653076,0.2727420429783404
0.39304567282483827,0.4295835085395403
0.22915489905085584,0.25898735279238805
0.4738176036560084,0.4295835085395403
0.3685478994430194,0.37493784700703725
1.176805451347139,1.162613345319054
1.182197108364147,1.2642311087202953
0.2684922683922567,0.25898735279238805
0.21287253759763033,0.18217737955597227
0.4692224235921396,0.4175715294400019
1.2221237924727528,1.2085105749047969
0.7875154017491608,0.7292348016795309
0.5027020202319339,0.512558648983147
0.42371074643928447,0.40854460636639667
1.5551870232407279,1.4910350577791718
0.29780851115470447,0.2550722690614545
0.23717894958203795,0.2550722690614545
0.5978197816234275,0.660535088948387
0.47295478384965695,0.5112121304293862
0.5147220559230813,0.46698949354878744
0.5719572852171453,0.556944302336069
0.2649350906289687,0.22625141844206934
1.3638734872787777,1.4872801884912925
0.2095563962486431,0.22625141844206934
0.3903870201107546,0.35576484906609473
0.32048969814900663,0.35576484906609473
0.2095563962486431,0.22625141844206934
0.2095563962486431,0.22625141844206934
0.7734288937625734,0.8502138388604689
0.2095563962486431,0.22625141844206934
1.4770670372332935,1.3914467555268015
0.889849289911488,0.8924030353895059
1.4578150696726482,1.5971021410553927
0.2591675969562525,0.28597049018128107
0.2095563962486431,0.22625141844206934
0.1302295772919817,0.14900933776131559
0.4075813836138969,0.4233784416975138
0.9136112219806444,0.8585845338867197
0.4848955757073461,0.5263646204479971
0.3492928830890748,0.3927807230238308
0.7804994102333218,0.7554320178818124
0.46655254173690597,0.460046565013764
0.6942371654517153,0.7554320178818124
1.1675186423350021,1.0799381861409914
0.6103113689201288,0.5545983833213705
0.5736654684185859,0.6041761395454491
0.49499713067766943,0.5153792173850134
0.8022837578322843,0.7412136193406577
1.0943931263174682,1.0637204632174424
0.09446606890015552,0.08396957538178584
0.0717831768544953,0.08396957538178584
0.6080102941969318,0.6188069409211715
0.16344495332692957,0.18891487155406414
1.480000778030103,1.4816117482663373
0.6696700633315197,0.773460935168155
0.2161582999827168,0.23782252640659074
1.0026263476885064,1.0049799580533254
0.71230417892455,0.737668770074367
0.5352498596307453,0.5190928252671624
0.057146743475171284,0.06757708563590561
0.5014128278318587,0.5217946619075476
0.17959188821922775,0.1862893643864634
0.3170188737073265,0.34709463498368176
0.37949996251205625,0.3860393873387844
0.2297205809179536,0.23419826823001913
0.13777681029246372,0.15513100550103354
0.530239338701008,0.49650940196934273
0.530239338701008,0.49650940196934273
0.5731539662373862,0.5785697182208871
0.7972447696757726,0.8212454036524808
0.6100380074239332,0.6546447018322838
0.3153101464567365,0.30955687235686674
0.6930037174450405,0.7404630627657092
0.49021736216419676,0.45023790720018236
0.7797235934559856,0.8236542869793549
0.12902626069078632,0.14236784864975846
0.2517670195876056,0.22564684737911203
0.19854562955507657,0.22564684737911203
0.23963424534525607,0.2751205423227377
0.21775806240618742,0.24224769529738108
0.8266302198984964,0.8437100869212268
1.6358996280345641,1.5510559954933818
1.1178046882467996,1.203467505022828
0.5401848035763552,0.49064175586821396
0.8040141781712065,0.7369433254651573
0.900855173717897,0.9572559962360013
0.4814576195538854,0.5261984687171878
0.942784797697661,0.8666151343375262
0.4836837819303016,0.43988012433952445
0.9620260741896997,0.8936656904367387
0.9030177543574947,0.9726559986578455
0.567667672256838,0.6204627801314383
0.4275111056854889,0.4749398402630913
0.6127877728341504,0.5781224559670657
0.7303337747966001,0.6642907993625299
0.5428185196339959,0.4965437053831328
0.1655457636132928,0.17156620659341829
1.0088763629243866,0.9381034982727717
0.5464040848704411,0.48678089663470187
0.8701423338632832,0.9381034982727717
0.1655457636132928,0.17156620659341829
1.1526520529070143,1.1093450558809237
1.0393606280441217,1.007208484753583
1.5024949383648427,1.5994869264043035
0.5218209864185005,0.4720508622878786
0.590817260612418,0.5909010436361571
1.721911279639251,1.6059670881926509
0.4990796705533109,0.4545037716020707
0.3925326720123754,0.4354530094033078
0.9652786645380215,1.041206535509232
0.4735675499193723,0.5108346600018119
0.6368818001143227,0.6221357963710105
0.9944759578475368,1.0273894435811382
0.3385180782872646,0.35579801151274537
0.30008797913062707,0.33012094547502235
0.6006572240737567,0.5444787000898603
0.5900176103748871,0.6420923367587746
0.9896114363571569,0.924870261780206
0.1212335537757164,0.1380414990925978
1.8514067068078632,1.7465487187923694
0.34728006559870367,0.3277744402525379
0.6969906804567456,0.6420923367587746
0.4647711032486992,0.5051465597082266
0.21244732314827697,0.23900235567656444
0.5900472930334586,0.5364833704713678
0.21841055540443602,0.1916142673881913
0.3683079853372619,0.3413084228446244
0.19274628309323535,0.20323920015265962
1.1763831038342685,1.1856983359712074
0.4647711032486992,0.5051465597082266
1.2081796564061944,1.1857043667343146
0.07003578483162394,0.07655412425504647
0.5708055537669133,0.5219376070075613
0.10556768988046254,0.1198010145859453
0.3674335017403468,0.38082991102321395
1.2446039715397332,1.2754978452688037
0.7475999124331384,0.6908385255436454
1.2162710141358917,1.1133978545501393
0.5107033220217785,0.5558141606673147
0.6150383274380335,0.5558141606673147
0.7305575772406073,0.7071469684895304
0.3441980572734963,0.2957856626347705
0.5451108270016122,0.5743078602902632
0.5041834709286235,0.46429362043032224
0.7564823481172016,0.6798584175207144
0.07351120749089009,0.06435187240054081
0.39643038177538936,0.34400664622988036
0.5048088770426732,0.45556965292584434
0.3920701024243044,0.4075098392533185
0.22393353181049716,0.25798887746678656
0.5252555528077736,0.4951606472819231
0.5352498596307453,0.5190928252671624
0.4618723917657195,0.4572252923216027
0.7218871947290357,0.7708584420189081
0.7724964917942159,0.7516210260931304
0.846895053138566,0.8285244423088476
0.03220066920016009,0.038319318927679764
0.49597898482747066,0.5244504885454542
0.051698083292716815,0.04277535209960828
0.4925115824319641,0.5332678540582269
0.9591331763876859,0.9808014607498364
0.5046969101046082,0.5615732383860202
0.6825269605290509,0.6486299792974287
0.53584975901301,0.5702424020604867
0.7966073702708849,0.7433549120178784
1.064571967383837,1.113418583241849
0.9697414911625853,1.0501645159376023
0.22218584989100768,0.22086344271391584
0.14034996119305093,0.15778987319861948
0.13235627565947433,0.14314542865573562
0.608818119538296,0.5560801472535474
0.46165225887079864,0.41810192237663546
0.9255548102213096,0.8446938725165224
0.5103205580343555,0.4717495503291945
0.580802443242754,0.6237682327439293
0.5869844923454042,0.5405626620100512
0.5373984023142135,0.5883768174297958
0.7966073702708849,0.7433549120178784
0.2005411709872701,0.19382462673235973
0.46461676914679556,0.4733163298620713
0.8119338376548428,0.8732802242152243
0.6010792884366397,0.565588246442491
0.568020801312163,0.5318808899532537
0.35167909976761325,0.4010391963703795
0.6122163827103595,0.6071929373772138
0.5908049535635834,0.5346091054849051
0.047748451284591736,0.05654548561100044
0.21680669831415086,0.2259613775056261
0.2005411709872701,0.19382462673235973
1.2485111601996488,1.2694597463921733
0.37624154575215907,0.3914717392818394
0.8215751621095202,0.877475154166803
0.8843530448828311,0.8439137047317378
1.169622332132948,1.129833344908218
0.28011156424191413,0.2719984505072012
1.2516429142654248,1.3569077795253108
0.32831839081919045,0.3611285502401098
0.33995786738089,0.3750009348800762
0.8941038050678556,0.8947707332675062
0.7937788536318158,0.7486630916980046
1.0311072898732752,0.9930980999223787
0.6814287511332129,0.7246850855322062
0.5421761944832748,0.5959683083798868
1.4537910257794362,1.3836349180770855
0.636012673519462,0.6079023320769585
0.6113043500171192,0.7114047708713667
0.5359278317509811,0.5313294658539509
0.30717720241883795,0.31793183836691263
0.6839251364354528,0.6897927065246955
1.1896735772456428,1.1132443377734325
0.17972828122462448,0.20308865533275877
0.6708514489126322,0.7246730861462776
0.1228405573025665,0.11120057663081234
0.3286594459394411,0.31365946637612585
0.3401466942228394,0.369144881813778
0.43894796799850594,0.41879647208370974
0.8515642896132055,0.7978389141897959
0.6563219549914293,0.6414454305555768
0.4189083398374145,0.37358729359881093
0.6699102034566313,0.741117421195315
0.498168691520756,0.48574155461649954
0.2613082241197023,0.290237200920797
0.3692129463165665,0.33163937163314317
0.3136853444100678,0.27468402376050527
0.7160485668134323,0.7536970087952888
0.6893183966119008,0.7469495234032776
0.5882768048500308,0.5973150005911333
0.8219842683117663,0.7180261158022696
1.3341695291628233,1.2560663609180167
0.7469249652142558,0.813430005714968
0.6927103189583008,0.6688722111061138
0.20332162537251283,0.2174303452966802
0.8916543460300531,0.8861876734692655
0.25757618591609266,0.2263073096332071
0.26977135307748196,0.30964100824223095
0.9342888185809981,0.8745503340390224
0.476715780757006,0.43059860001757816
1.1299329725672613,1.0501645159376023
0.3031340596582751,0.2921837106185074
0.2546138469198701,0.25763092745118715
0.6176675147291734,0.6105627156227195
0.07888910218451095,0.0891642059592745
0.3136853444100678,0.27468402376050527
0.4476065546609794,0.476978193453815
0.3901651160619629,0.43059860001757816
0.1212335537757164,0.1380414990925978
0.9697414911625853,1.0501645159376023
0.25058363114723586,0.27468402376050527
0.39255690248213454,0.4180216254945379
0.823815327020611,0.8749355935785043
0.3136853444100678,0.27468402376050527
0.6317017954351908,0.6978201026101182
1.1299329725672613,1.0501645159376023
0.37851683668638675,0.42090763893168104
0.8332799281623879,0.8944060657669861
0.4766907715009545,0.501193140701791
0.7767148539837321,0.7217728891970878
0.379429411981043,0.420080166398961
0.3637130000373958,0.36998376235800023
0.5068212871047075,0.5152780764612083
1.1299329725672613,1.0501645159376023
0.3889095135521131,0.4061808687945838
0.7997363469695311,0.8159720478942377
0.476715780757006,0.43059860001757816
0.5388387227210393,0.5641793153957714
0.26977135307748196,0.30964100824223095
0.35166597629821666,0.39575950716543085
0.32970452457348515,0.32393510113515767
0.4321086925021132,0.39575950716543085
0.26977135307748196,0.30964100824223095
0.7863177098549565,0.8606281306951558
0.11460972079533165,0.1304070440083613
1.3883050417506366,1.4223416672119742
0.9525858133509941,0.9820821278793421
0.8519210406423212,0.8066694295253104
0.3255770987624247,0.35106998639727816
0.29886829075762,0.3153122573492796
0.03937882453874388,0.03324704489634676
0.3764113566890332,0.40971743568088925
1.4726666290369745,1.5618300444544053
0.6214620013648424,0.5750608951829251
1.2274248093096378,1.2421245882636507
1.1347180238527086,1.2147745988457084
0.2635443266482885,0.2895894275280343
1.3284121911395714,1.4014791826656765
0.5261815369785499,0.4967195097456525
0.7005454687098481,0.765017923746859
0.3955015032373357,0.41444055844238314
0.7537662319425379,0.7471973418713321
0.46452729681399335,0.512620052689932
0.39255690248213454,0.4180216254945379
0.42102321553785593,0.3903543903153932
0.44457689126061317,0.4538809389318697
0.2145117120027157,0.19021945106089072
0.8979964032405741,0.817513087885201
0.5026278528330129,0.48348123693961015
0.09390930807684388,0.07838805025582171
0.04058646133721221,0.03312686987794467
0.4761744917187504,0.5249113045124258
0.2919479398879664,0.2823631878296914
0.36386526771341243,0.3693269121018298
0.5427344518621694,0.5249113045124258
0.9407712874859838,1.0078349232984547
0.5034593158465883,0.45393349724220583
0.8768294046086944,0.8807927454917794
0.2073679165790309,0.24652618337927854
0.453748599456868,0.45618322622197216
1.7504411341174602,1.6537225835849034
1.6175816729238628,1.635549677402325
0.2690369143347154,0.24452999650752502
1.1785454897763592,1.1315377331124061
0.7549585670002366,0.8200510093051195
0.6747174517976527,0.6062949349320305
0.3462896153601006,0.3749748993129832
0.3746361044785698,0.4094640254151238
0.6747174517976527,0.6062949349320305
0.623178766263767,0.6693136917496846
0.6241530294648568,0.7027089995392448
0.2952995947095462,0.2709813086515679
1.163276980300451,1.0906621106797774
0.45272476330323935,0.4094640254151238
0.1979150276093771,0.18309427352173524
0.3499560964333335,0.3655007342869414
0.2203843940154559,0.24002292719073043
0.4647711032486992,0.5051465597082266
1.1077859150660172,1.0535465320760717
0.5226820081254702,0.5841662700430532
0.3243005059202245,0.3363087489587351
0.35185404711412105,0.31905180213633993
0.7707320434848037,0.8154742200880167
0.2555101470508681,0.2902129904256437
1.261161896056158,1.1573280369474102
0.1953875782671194,0.17893083356168482
1.2269497868056851,1.1495354603920382
0.3514702938948729,0.32666828084731836
0.41877275157745764,0.3833724121827882
0.588397720312763,0.5776438265620794
0.9957675968958771,1.0196383337634014
0.5877407440217229,0.5269261725263277
0.7137680627899948,0.7608760761524381
0.6408605524136073,0.6014764959929992
1.1414903675116521,1.0363970010920183
0.5743900905972484,0.5969514383073921
0.2189745359982401,0.2471852823110917
0.810412760200776,0.8030388153422862
0.6201603698965376,0.5581957842342274
0.11543050481082656,0.09787738762441385
0.3357943157517746,0.3052610863449064
0.7218094251845221,0.6521327127369574
0.26315441696373826,0.25870541299269884
0.3279076877241879,0.2981536524131643
0.1728574033356935,0.1890036735138973
0.8048800582608117,0.7291343466632222
0.4024778004159207,0.44256212015688473
0.15085077380163808,0.16673788977581525
0.10528118450816822,0.0891642059592745
0.18099920571075023,0.19970888676528667
0.5391397564426036,0.505063931004629
0.34123945130668787,0.29972944738012974
1.0250806278203992,0.9249959978474309
0.06621891724034475,0.054720615988450606
0.5233277960178679,0.5866058718198359
0.5837604422905455,0.5300048461427015
0.5233277960178679,0.5866058718198359
1.0250806278203992,0.9249959978474309
0.7612076696911796,0.8124081709697257
0.5095227378605116,0.5443870552223897
0.8101669216568688,0.8237551695788004
0.4896250584833219,0.5300048461427015
0.38365582575285717,0.4025281489861516
0.9349227253057408,0.9851862379498212
0.6308141786744587,0.6317232821098686
0.8978257467074579,0.8124081709697257
0.06804817535238208,0.07392675661102542
0.24875517188360347,0.27790550074342185
0.4742084318961238,0.47813865807704437
0.5095227378605116,0.5443870552223897
2.025186101731539,2.0484857456075005
0.42403082791586844,0.40814837187549335
1.4391969352400837,1.4876348205252454
2.9610401397582167,2.800572723833195
0.503347938587859,0.48573076212955635
0.17820066489267963,0.201581093279038
0.08350937325895331,0.07392675661102542
1.1770323963262506,1.2916825313382798
0.2770490891043423,0.3100510162992005
0.7894235061579266,0.7943820214040811
0.3769575579361016,0.39743378095364834
0.318205765332222,0.3116307047949848
0.23494062204341545,0.20089923455860206
0.18923707598641626,0.20161520803101915
0.7341093224524807,0.6850248362496533
0.30061200747327155,0.2828910554981235
0.5783203379168431,0.520240424970219
0.9568735180683228,0.8912326241024493
0.8408949582790064,0.859519096815963
1.4631607972404925,1.3715996053926298
0.4048477632667464,0.44252700336230316
1.0343463725156685,0.9962448078561761
0.2810569996945978,0.322292799245242
0.7055068889298687,0.7193068921155146
1.284635894124597,1.3715996053926298
0.27160282160381244,0.2835140416068177
1.4299795351112987,1.400852134944773
0.5306811933675819,0.4745245387337104
0.30061200747327155,0.2828910554981235
0.5849647155875348,0.6514384894644961
0.48483547734520477,0.5263009630122943
0.06804817535238208,0.07392675661102542
1.0524398534693362,0.9836397648033308
0.18078419448068297,0.18756738941327958
0.23934471460539494,0.2321619202999373
0.6790740008383478,0.6539911439425014
0.37247749055018886,0.3319608906692577
0.8250265026893464,0.762141582059237
0.7977457681708376,0.7308543786064617
0.3050123196519122,0.3319608906692577
0.37247749055018886,0.3319608906692577
0.5589925970546409,0.6217896587351833
0.3794182855947136,0.39661564368860824
1.2658083147976156,1.210553620842383
0.4084131195563831,0.353867797507279
0.19689632980844202,0.22401314293107133
0.38958306625625605,0.42103916809817993
0.331301378747319,0.353867797507279
0.30277127090103567,0.3319608906692577
0.7483714719911534,0.7693070349702573
0.8314523598273577,0.8723882960562805
0.3920373694625691,0.3469192807352896
0.6615132079164019,0.643010273273048
0.18397452739211662,0.2041390820039228
0.05962742509256729,0.06452005098937763
0.19689632980844202,0.22401314293107133
0.045930639981213606,0.04960968427539358
0.7051224504531466,0.7387350212844118
0.43281457361799397,0.4359284555376778
0.315807073578004,0.2823156550884978
1.721911279639251,1.6059670881926509
0.4030697089065412,0.39292365096875637
0.053146912679581874,0.058087037248757314
0.826556385821649,0.7611992944139723
0.25630156931352727,0.2823156550884978
0.6824390426375474,0.6688574346958055
0.6824390426375474,0.6688574346958055
0.5600852170195196,0.6300564601577323
0.37293242584038866,0.38168653193073715
0.23115949473782973,0.25019164330367255
1.2107921465014537,1.1447161415961198
0.7058251775970119,0.7611992944139723
0.3276670780340516,0.36619539811710033
1.010417730737434,1.0944225852376455
0.3032800469445847,0.247925631408486
0.24179403660880874,0.247925631408486
0.547603849170131,0.5789526956906847
0.40722859175266496,0.38482596601687824
0.1716334887472381,0.14854966576355355
0.6570435317145885,0.5789526956906847
1.0551239734979114,0.9816617452740511
0.3416355849977345,0.31108691359822527
0.27814225642427,0.2960548719803767
0.32338185029852123,0.3567034635879746
0.8635415738279161,0.8220835640410689
0.5127226267607173,0.4740386443032373
0.3937289045849784,0.3567034635879746
0.47149105720944906,0.4695273471034169
1.3146399680878993,1.4483748008912432
0.31843541704932726,0.2952426907452392
0.7565889723995823,0.7032382339662883
0.39936149413015753,0.3921335726676958
0.35738542220680025,0.3179941047846469
0.2876726552772138,0.3179941047846469
0.08462035838118732,0.07811521424072096
0.6299225383283482,0.5854840540050664
1.2825561818950795,1.2158086549805438
1.3966641142631862,1.504923397117636
0.2933716783603615,0.2786105698581489
0.3247991250354715,0.35164500851438435
0.8728987556151698,0.9350673817015537
1.3014769144706295,1.2635159943048162
1.0224448084286417,0.9350673817015537
0.5851202876323341,0.5273205346264292
0.8737785320639895,0.9544258362073724
1.0208012425224422,0.9483080109792921
0.5163943676016696,0.5481551827939548
0.4452915776285716,0.48618692026259486
0.5220750696006144,0.4738988847951425
0.6507503000958332,0.704732220483895
0.3565876588034243,0.3162591598482918
0.7399471913508864,0.7943252778507311
0.46727215157806157,0.49086241700983535
0.609305544832495,0.5626302664104059
0.09423069724000922,0.09933258457030425
0.5048266932412233,0.47528074137995435
0.5461311385891199,0.5049399998576601
0.7613828603766427,0.8504776132102027
1.0142846585395386,0.925184632953672
0.21761969306471265,0.23209815785749868
0.2862514887368424,0.25485128292101433
0.7399471913508864,0.7943252778507311
0.5461311385891199,0.5049399998576601
0.5298745318650029,0.5572375910165319
0.7316639409778786,0.7777402613844594
0.3817197075941865,0.40604376467570835
0.22696689254511174,0.21554162640280272
0.5044037214675177,0.4518476409464814
0.454130749797675,0.5098946875514644
0.4049964738354395,0.3949182622735282
1.5697615614416176,1.6630091365710749
0.49297210785036244,0.5300228865179358
0.415035200638767,0.37588202367226253
0.2701206691209563,0.2926390055103816
0.4333903918714114,0.3855611851948595
0.5755798459560884,0.6353315659625296
0.3704580693340492,0.3268878983533355
0.5478085155951168,0.4892332878547712
0.39094989271392866,0.3894226981885519
0.9436832690443167,0.8881686376946052
0.8036497546790727,0.7420523803917034
0.7456044205107996,0.6973884514453405
0.45793585675599924,0.4892332878547712
0.5598781943392518,0.5190639584243
0.07068077885543526,0.06988675604667514
0.9436832690443167,0.8881686376946052
0.30227675539441334,0.3342158043600382
0.5374604288149444,0.5914852228336213
0.24553904632785653,0.24179730127685567
0.4849478871767771,0.4841043259766903
0.8144124110593524,0.7770330253553526
0.33113926288641066,0.27408291331645046
0.24473638660883526,0.2748733217453047
0.6933598866547832,0.6463571469103155
0.26583133666309755,0.24917327111296186
0.12000476153388387,0.13415429009768814
1.4604086946751236,1.4371578669815441
1.255075813546267,1.1644127628532002
1.0202208263768016,0.9586773018089219
0.41336111359943406,0.3741203604520913
0.7944014930750207,0.7698314239452883
0.37893220611577944,0.3501607975538125
0.7944014930750207,0.7698314239452883
1.1419175332269158,1.0661415549576418
0.4405593148231191,0.3964685101380959
0.34770452309473876,0.3411182429936809
0.3878698851168267,0.38338289509611656
0.503347938587859,0.48573076212955635
0.6071195511217625,0.5371936206688717
1.2294422109505658,1.3221853203221936
0.7985287422264453,0.7268587786240436
0.41637187685728305,0.45580499119715384
0.5978197816234275,0.660535088948387
0.500476753995613,0.45580499119715384
1.094219223951283,1.1226756012135461
0.41637187685728305,0.45580499119715384
0.43818779399903085,0.4895022263324773
1.0695255065376836,1.1293800218116499
0.715454097660761,0.6870440760050809
0.29914203505348985,0.283009749590501
0.8634491654018975,0.8034410131869146
0.5890832358003963,0.6151079588154376
0.2010834576361496,0.2368208034809196
1.4552550056353164,1.374599331408145
0.09719705862443236,0.0964935966993002
0.038186761278937255,0.042665954998753405
1.1926022766058304,1.2945161770787297
0.6294761439034989,0.6237823869110724
0.007994582364244702,0.0065373594941541754
0.44046440320276414,0.4945992461013317
0.8219320705291148,0.8947198272486088
0.5476712299852534,0.593818674750136
0.688532646509074,0.7321863963867549
0.7746301824653876,0.7098542311589656
0.9107139261210411,0.8656306049048805
0.8369315179340078,0.7804469979263821
0.5523648718517548,0.5976920603167883
0.24704871295045686,0.2646801901778222
0.20348176526575779,0.17908188695710373
0.24704871295045686,0.2646801901778222
0.28933514725802667,0.27508402895534406
1.9203722280633477,1.8081171457046923
0.4035621786365563,0.44299917974787545
0.12924425276935808,0.11899406292591558
0.6696129973394865,0.7281290465986773
0.4035621786365563,0.44299917974787545
0.24579856299517866,0.22261303543942942
0.9915099857497398,1.0392895104988562
0.41638230050134534,0.435257692479106
0.892106615345195,0.9534225691831949
0.3276719251293105,0.3636891415612205
0.47193549794882245,0.4401322869564879
0.42197814089002855,0.4051434618440917
0.08379414202414567,0.07512884561414065
0.5411770175672094,0.5773539904637376
0.4769556409216767,0.435257692479106
0.647074593915738,0.7233393533886165
0.590817260612418,0.5909010436361571
0.10427678781845312,0.11440873081451018
0.5279541132511624,0.5594286069893142
0.35495999536179407,0.32978434928086064
0.2061389421811193,0.24346432913345042
0.8375844847050794,0.783681146346598
0.4773797566210856,0.505439527303967
0.5438494165227193,0.5697197256980653
0.7708165585044856,0.7060175207613024
0.9853097566450434,0.9082039309887253
0.4309556230423504,0.3931338929441261
0.4748310752432676,0.5199188561296825
0.47509934960655803,0.4464059418778963
1.3323747496972875,1.2696810282150508
0.6093397526129966,0.5553374583172457
0.46655254173690597,0.460046565013764
0.4114275486915221,0.45414350200913106
0.9595792017975562,0.8907011655115229
1.3952274131163347,1.4292214615860068
1.4220053643796042,1.3639054229778518
0.25402410949167487,0.24362652582346442
0.7595666121804225,0.7958779341612644
0.49114614900015274,0.5010967856310174
0.4383550295105549,0.41589420212598094
0.5591593382046837,0.5010967856310174
0.5279792474749008,0.5575425086008464
0.12078632151316901,0.12906665403841253
1.9659415855881117,1.8735430381738802
1.5026420664125333,1.529749415469791
0.6280295070109309,0.660118309439418
0.2505675887686481,0.2184229078011245
0.6379512601012004,0.6727606485367877
0.35165155273653814,0.38976389186159366
0.40461306136792685,0.4385321142953613
1.0473956256203183,1.1307742398742662
0.2608133718999026,0.23325816469640345
0.20610645400728256,0.23325816469640345
0.40760055097108594,0.3690923564750013
0.1379957602753153,0.1245641019733089
0.33679523201248057,0.32483911615468664
0.5306505378459521,0.6007366661600002
0.5535455454289823,0.5881118267372349
0.09978905350198389,0.11242496495858073
0.6966646054049482,0.7753396401029868
2.3247546089580706,2.4331836534254507
0.5763238241082582,0.6172002350907374
0.8254460516599982,0.7753396401029868
1.272950003889589,1.177648171009342
0.16739121138917917,0.19062512369273815
0.25869070922341014,0.2486156779153897
1.6202319910008822,1.5135807947998146
0.7271090316523737,0.7177844170272649
0.19653330961817855,0.2033667614096015
0.509307284580677,0.4434511232100346
1.2067734400018526,1.1774596409463063
0.464198641034113,0.4189898469230459
0.5629452079184862,0.5259864864414143
0.3134932753694981,0.3572764322012981
1.4154559504055084,1.4682090554933998
0.14844653287538237,0.1599399824806317
0.7011771122709312,0.7392437567581557
0.6935032851522763,0.722103675533023
0.6559634021207248,0.5881118267372349
0.36396719848140013,0.34112568113272884
0.07921665000252774,0.06994236518150253
0.07805380319193071,0.0906669204452665
1.7131887221142874,1.6296947829338821
0.7696952816392715,0.8109686219349349
0.9186959069390446,0.8701701012946762
0.1294970467601332,0.12504370662300654
0.8281978412975451,0.7801128132075233
0.1294970467601332,0.12504370662300654
1.231591712754518,1.3185010252354246
0.6970347597077603,0.6510748083875268
0.12172715073667299,0.12929541101560554
0.42771932662334555,0.38860117672704886
0.6579941867270513,0.6922653200049406
0.4846634144731623,0.5283513937439054
0.6116034042314527,0.6940298194794481
0.4394554309280281,0.40709271895433974
0.5486062285050773,0.5877559413891981
0.5457950559440335,0.5210084611033312
1.4282585618396348,1.4611910939309944
0.8575195248343312,0.9403223115146312
0.11074588314185967,0.0973638965272338
0.35831614700346337,0.32436667520312773
0.68207963342358,0.6813561806602986
0.521084358003962,0.578369296816481
0.4359716359890435,0.434216465751894
0.14549493396670676,0.16665496489084314
0.7556303511115579,0.6953337109304285
0.18530490596701604,0.16242470163190026
0.6028085082679665,0.5703610838056291
0.6948523211210643,0.6817085875599528
0.18307876813592697,0.21732053266969334
0.08166721949881728,0.09382849797866004
0.4953568386910275,0.5680422278159823
0.6945495994270814,0.7830792689894153
0.2142618916161091,0.20830240109521966
0.643732809476894,0.6293927012600025
0.3939620631436253,0.37844216316633633
1.4391969352400837,1.4876348205252454
0.75172832854589,0.6728583129595714
0.34632508871914747,0.37437168082067085
0.39214444393637254,0.4236927900884597
0.6312085856147343,0.6728583129595714
0.5721378776410758,0.6045723138192662
0.6312085856147343,0.6728583129595714
0.2733924386077,0.29443486569759886
0.9015041921410702,0.8123865586022958
0.5356727191663516,0.4775162135179985
0.43742804127173307,0.3929009817364124
0.994247804193829,0.929398136941245
0.4672569822347685,0.4409649955594559
0.19479688495038974,0.20974835214717819
0.7073984412376433,0.7088756190176626
0.37385198044488543,0.4079727668853013
0.873172201118384,0.8705498663271196
1.1214005903890414,1.2103663604679877
0.7678439015190165,0.8486828478725292
0.3977725871869209,0.363027072242968
0.6413064627345456,0.600425792532592
0.14034996119305093,0.15778987319861948
0.3963546166976017,0.436897504262146
0.5675234761938881,0.5186645538771024
0.6875297577141429,0.6344206888910984
0.3043104344752643,0.3496291980621404
1.1330187166234988,1.0533414362301812
0.3960052945221797,0.35689157896882306
1.2759022040738148,1.385812856339268
0.5148314400177666,0.5018333572809539
0.2177897626656144,0.2560726520315485
0.24251290543956155,0.2575396388261461
0.3810914010776153,0.36929114070414776
0.3879606606387071,0.34978312890081603
0.7568402632904331,0.7807200936028051
0.04225376909583642,0.03723728003297335
0.2542512581119093,0.28205454967385185
0.20414649409470925,0.2232757946755563
0.35196380881785866,0.35047174291176003
0.7534899651934813,0.7845892476385947
0.22229909811515391,0.24960809165149242
0.9158483723656716,0.9473184229516702
1.348478376843799,1.4008066941440114
0.8254460516599982,0.7753396401029868
0.2395430218302394,0.2828910554981235
1.0070344484037193,0.9665768682584619
1.2178255320965181,1.1582728374429434
0.30061200747327155,0.2828910554981235
0.8505206085789038,0.7673733443217505
0.9875455960328545,0.9309006878668274
0.33437474906772235,0.3694513926647407
0.24979119021315996,0.22401314293107133
0.19689632980844202,0.22401314293107133
0.3450863532525286,0.3503928761513323
0.759480601019248,0.7015092815606901
0.26608544969300535,0.2982310275379938
0.43925164409252504,0.5109745690474
1.3549465245226875,1.2484568823565527
0.24148870456440236,0.21909560899602393
0.19689632980844202,0.22401314293107133
0.5611785554484104,0.5941539649039039
0.3387919231804508,0.3736318410122761
0.10706203805663854,0.11595042091830893
0.4171373944109342,0.3736318410122761
0.7954421666054523,0.7537701867299044
0.33048396850157136,0.3515227096274603
0.5824749207782214,0.5866406811436805
0.5379985348422327,0.5896573295862767
1.1885148610358478,1.0841048060488763
0.4514907768656178,0.47915427119297505
0.6175670980465066,0.5928909827166243
0.37017296162560126,0.40550647771038834
0.12914967480120207,0.11595042091830893
0.8478993974515384,0.823856662015073
0.2249632507590012,0.20383518315308094
0.5139899807979262,0.5306692216700991
1.017046559762607,1.1136423044253818
1.1892821869496564,1.2051918079953114
0.11129799952472676,0.11687212691129202
0.6224709274174263,0.6817584308242395
1.2678924278520476,1.2160989326289644
0.30221475742714543,0.34454788902487843
0.3304369921324347,0.30921047208148494
0.37443600050259024,0.34454788902487843
0.37443600050259024,0.34454788902487843
0.9103738796419651,0.9806923209715748
0.7848160932590214,0.7330867988178899
0.9640555874131418,0.9928328756824149
0.4334880140903693,0.4766918358221641
0.7325606986696894,0.8230464171845668
0.45949678291723367,0.413395647187719
0.14168061188102812,0.16127298781692384
0.37443600050259024,0.34454788902487843
0.3188701444668692,0.28847738852606153
0.3084329072306391,0.3455427199396463
0.6175670980465066,0.5928909827166243
0.23076925411214025,0.2546945157223531
1.0152250592771142,1.0698483382726225
0.4205987237761905,0.38621035028864464
0.6373121638988853,0.6884959931851817
0.15045628956242377,0.12695953803265786
0.9581022791978516,1.0128861571426093
1.1058758240233257,1.0128861571426093
0.7001569271547916,0.6406856663564732
0.46357132349461033,0.4285052578140069
0.6861862286722993,0.748514026477143
0.5856023267978328,0.6406856663564732
1.154176604884005,1.0540658741171829
0.6620847970835592,0.6221255747551258
0.9694470777966548,0.9797748863416459
0.9581022791978516,1.0128861571426093
0.3787994100213328,0.4285052578140069
0.32082649665193963,0.3586101391412208
1.0310733346442544,0.9802289440580924
0.6627789718994684,0.6360458047721016
0.3519082638492357,0.3815936437161929
0.483891946466893,0.4512514387329367
0.5048577140448547,0.456691615082665
1.0960357224497603,1.054952841963219
0.3811384707460922,0.349418083485899
0.3036846046731754,0.33409913886270354
0.4018530297070371,0.4512514387329367
0.6983926653593155,0.7660676897042166
0.6404405020939281,0.6011967545239263
0.9916425691819363,1.0540658741171829
0.6500228093306566,0.5970391561049609
0.8081293477311511,0.8711224269233132
0.3787994100213328,0.4285052578140069
0.4707189618461194,0.5216218777637941
0.8344575799895508,0.9003118022439103
0.5870159649203155,0.6443231269118029
1.3027868530502462,1.3996850676968058
0.8777443606512294,0.9537557496737749
0.7767864970202053,0.842838463929843
0.6036171472441005,0.5629564079819205
0.7382154054489759,0.799483704931248
0.3417661632012892,0.38621035028864464
1.0778323642147214,1.0654169251715537
0.12172588777409106,0.10923485543782392
0.8707388086437312,0.8236777425337128
1.969263687114174,2.0660946198682426
0.12535763662386026,0.1354527214193211
0.5388375859699445,0.6073768476014115
1.3670884269864543,1.281193266702785
0.4473294054470833,0.505063931004629
0.24931552457202968,0.2703398306312378
1.1241230671427722,1.0697270870130717
0.3626470548971794,0.4011230991419292
0.12535763662386026,0.1354527214193211
0.6100428321385079,0.6214667573777383
0.5548270476323258,0.6352193658731067
1.2618003342985886,1.1616295944953974
0.5488842049432924,0.5098815690650619
0.45108970770891665,0.42022673936120214
0.6309414950601951,0.6848544248209909
0.7323437287179418,0.8161715329982853
1.3704238999408132,1.2820076425331859
0.23276575660332324,0.25373013656781496
1.310630322297142,1.2234711996548424
0.9850030648192144,1.0240231373639803
0.38315055889836075,0.34843348491018944
0.7342139161906515,0.78005753281202
0.5741870464252469,0.6329129043709931
0.5870159649203155,0.6443231269118029
1.310630322297142,1.2234711996548424
1.1432336416928908,1.2095114762325598
0.46904270980430335,0.5061860028372215
0.2347761279636025,0.20818900114321734
0.8237994517743581,0.78005753281202
0.999713747120887,0.9364354821947264
0.3022326080785513,0.344249017520015
0.31627296404431116,0.3472126191526428
0.3061809428264447,0.3633282435749597
1.3859253496324657,1.3059090945792013
1.3467837158453984,1.4386478231897926
1.02835332101656,1.0828245332086546
0.5422455249377621,0.5934610668750324
0.563973150654898,0.5783745673868829
0.7294437396839467,0.7257870493186521
1.2365939857367036,1.286402308417022
0.5422455249377621,0.5934610668750324
0.767397696400738,0.7269127866842452
0.43850117222692647,0.47756762993745144
0.2011665366834878,0.22191212598333254
0.7468752995770147,0.7086482660954438
0.8426148025130529,0.7828552211260658
0.6220350498282953,0.6480454767633644
0.11059765093831728,0.11717467763158755
0.8426148025130529,0.7828552211260658
0.31150896746210566,0.3165598311317697
0.07791786601479159,0.08835881274554877
1.5328476701341185,1.415819754172396
0.6125090875950332,0.5661641406091319
0.9100123876969379,0.8386328979252671
0.80564671905427,0.7394032193289117
0.6689834618729751,0.7235661362430653
0.6051172235038583,0.5403882968569572
0.030252793579877268,0.035871681909854874
0.4542245307324957,0.42873546199613066
0.6689834618729751,0.7235661362430653
0.31363935659422365,0.29840449314835626
0.23311401849376798,0.22865875136291464
0.6012830880734075,0.6636262868362905
0.13914532532901258,0.129684240995886
0.6051057884377218,0.6584449704010576
1.4517423568591774,1.3542162184437816
0.5086852212165303,0.5512871356871123
0.7581573989624312,0.8127674439507656
0.7139300397689439,0.6584449704010576
0.09054118653493846,0.10288997651393282
0.8944115396833952,0.8127674439507656
0.3445785276495519,0.2914068354911737
0.18270834297991329,0.1839794972145699
0.5366162514439569,0.49981507995120955
1.8293971483752094,1.9285292497253428
0.4377252560419671,0.3918842850937314
0.7040879952011465,0.6698929132869514
0.3433917866219911,0.38825517023240264
0.39467205204141415,0.4440775236425289
0.16054538318477746,0.13756740039191784
0.8601487292033639,0.8942303843818102
0.6446410861907748,0.722668159763923
0.7403421924675576,0.7319598134246426
1.1768265025215316,1.0880743307313063
0.5131022199409545,0.48675386001306215
0.36304347070087944,0.32211012764985497
1.2133166724316857,1.284870396259814
0.19663317179043194,0.21800294067313905
0.40521511342615746,0.4200917636350855
0.29687480071060274,0.32211012764985497
0.14680077768084157,0.15707709528916072
0.7654000982523663,0.7690395600046974
0.44920499835427447,0.48675386001306215
0.8163896988102045,0.765611775187826
0.4316820526300118,0.4740396939885908
0.254756842173053,0.24097751859595123
0.3458793113828296,0.36227916862186665
0.5179360708515505,0.4740396939885908
1.8293971483752094,1.9285292497253428
0.400388954953854,0.4350997406395102
1.6035407829283723,1.6248786849114305
0.21868947095904562,0.2328802225591176
0.11962695765016064,0.12630571285974246
0.9428986983491819,0.9901404017346422
0.9902532344898097,0.9544559746845224
0.8313796510899267,0.7513951877538579
0.9783551124049973,0.9816235610286096
0.1263283228158284,0.13341416820277552
1.0103846034579784,0.9479342854930537
0.3416494424548753,0.3795220626766556
0.4204629172131536,0.3795220626766556
0.3211653954501651,0.3578459389529289
0.3965913190411743,0.3578459389529289
0.3905843727841436,0.3495295786871806
1.1493028428988596,1.1523721016537085
0.22645876235323198,0.21890611734555043
0.17324766531158386,0.19878743263542883
0.2183795082337549,0.2359340358733668
0.17324766531158386,0.19878743263542883
0.2910866642811757,0.3179709987049781
0.5641074022777454,0.496211110906203
0.7435026914321844,0.8045832833388489
0.9465543206470403,0.8610712906556888
0.538590332457333,0.5010944732860664
0.6786350881519007,0.7362333627115
0.839013515189817,0.7720094980898871
0.11982866999142903,0.10660428104777409
0.21671932992569232,0.21816585982126
0.5934061655015871,0.6144115217812901
0.1853380707208572,0.1661458793670977
0.7325606986696894,0.8230464171845668
1.0172725914028065,1.0304481377354513
0.5629450721516418,0.5191723879904523
0.13584252591229765,0.11769342946229544
0.8022967120753215,0.7675590811153246
0.34303808559037,0.30932756408244616
0.4247627215219765,0.4652049742310971
1.7447205969321782,1.7138851258981158
0.12856505861633333,0.13018182473054854
0.28989206580068255,0.32254356640320536
0.5726318953010091,0.6210184989557267
0.553504670893866,0.6071917510568059
0.83241541258615,0.7683450051286944
0.4958737793327956,0.5480094040025769
0.2575221417367542,0.23083773841157068
0.9805654638924559,1.0661415549576418
0.9355665822813493,0.9701231524526702
0.4981784316210674,0.47648274300085974
0.4087593243938383,0.47648274300085974
1.8038015308139295,1.6719898490015597
0.17993044854767742,0.20809836836656134
0.9805654638924559,1.0661415549576418
0.47016193612441587,0.42210461022751494
0.5151142990366917,0.5407271660502107
0.47016193612441587,0.42210461022751494
0.5144261895175075,0.5679805019838617
0.6921187199961872,0.7528185947235303
0.6192826897460318,0.5679805019838617
0.7807541910820962,0.873050826845078
1.0957141551696474,1.1787597029323407
0.8614327813643704,0.910072545071879
0.3644550228366684,0.4047421104610951
0.24659766967850813,0.28431948108845034
1.3250239858920483,1.3964505143369463
1.3250239858920483,1.3964505143369463
0.99937203323232,0.9267695378219242
0.3089691547625697,0.28431948108845034
1.3250239858920483,1.3964505143369463
0.31742575871687106,0.3513103114388906
1.2569365999353053,1.1787597029323407
0.3922248277903021,0.3513103114388906
0.24659766967850813,0.28431948108845034
0.848697130956801,0.9286165708944094
0.24659766967850813,0.28431948108845034
0.24659766967850813,0.28431948108845034
1.3067140617292632,1.2303199069034032
0.4794513960106167,0.4354530094033078
1.0366331937558741,0.9905928957000941
0.3089691547625697,0.28431948108845034
0.6192826897460318,0.5679805019838617
0.8214883798692528,0.893229458449779
0.7729059015774383,0.8362526477252745
0.27182990161252407,0.3057634897968084
1.2470717563922766,1.333932689060096
0.5295963234352328,0.49426454064288033
0.578441287642348,0.6439370711761342
1.1651656316774834,1.129238100826121
0.5152618629158413,0.5651180876895118
0.0684719681195808,0.07909097486461972
0.25020829358405233,0.2802010851402711
0.42766384155499226,0.46825840651546224
0.5419622171029416,0.5920783041172764
0.5571939707297101,0.5054896082414524
0.5503182397092957,0.6069958685798623
0.49067519167061857,0.449116895236359
0.5332694176163367,0.5109745690474
0.7538208612931956,0.8189191822661028
0.8505361007310276,0.9243485249852947
0.5290539273992356,0.5814411292086585
0.46010209749741215,0.5054896082414524
0.4981784316210674,0.47648274300085974
0.4625045392695027,0.432684211120945
0.4981784316210674,0.47648274300085974
0.6620269760994697,0.6095896753773223
0.5290539273992356,0.5814411292086585
0.37665492309789905,0.4168904724635817
0.4205987237761905,0.38621035028864464
1.0690152774603323,1.1382710562241398
1.0690152774603323,1.1382710562241398
0.29006616901901167,0.30079200074676704
0.42859304444937013,0.47902025862795944
1.2669288135765728,1.3867708556439753
0.3417661632012892,0.38621035028864464
0.3417661632012892,0.38621035028864464
0.15155669385519888,0.16618065833589687
0.29845228008303,0.2838990278614324
1.060408890947806,0.9703461076014627
0.39140764977872505,0.44318264190848644
0.7779505537574718,0.7422381585803224
0.13378232361236422,0.11497665645874654
0.7333939851433448,0.646353776289136
0.5004812137941956,0.5206211210582659
0.1787054404287176,0.15699205630335017
0.1550702575778733,0.1603693053067637
0.5898445725848962,0.6414833069680367
0.4205987237761905,0.38621035028864464
0.9511296215249256,1.0663790524220307
0.18091092478956478,0.20329624112316735
0.024056991278537387,0.028767590114611972
0.44211837748480953,0.4852644536786827
0.25851009343671844,0.2488982772931271
1.2396494812309269,1.1382710562241398
0.24894584318310015,0.2729336215596971
0.7049618069284768,0.6414833069680367
0.07008482072997045,0.07975919324072628
0.48825623781610844,0.4219799067295106
0.07008482072997045,0.07975919324072628
0.42756890836487055,0.3852536753362648
0.4522434987147618,0.4183480731501252
0.3655116285030436,0.3902649281593386
0.4043190974688979,0.4389766866423826
0.2395430218302394,0.2828910554981235
0.2109200959010172,0.1996441107590637
1.348478376843799,1.4008066941440114
1.3038867497476792,1.210714411786773
0.05761487061111553,0.06716133382709931
0.07821983336402247,0.06716133382709931
0.02528260075970119,0.021207954719579557
0.1851950706300663,0.16961524650463136
0.1550702575778733,0.1603693053067637
0.1550702575778733,0.1603693053067637
1.949693785747049,2.0410286685535484
0.3606049731231787,0.39509997806018093
0.724614845636802,0.7769304602807726
0.27192293148181407,0.24522283051290794
0.5197731702724128,0.4749398402630913
1.055926891020341,0.9726559986578455
0.4424872259721927,0.39509997806018093
0.8996915468402494,0.8491417854466778
0.05417442916689966,0.06320153948310482
0.05417442916689966,0.06320153948310482
0.21874017589816486,0.2477549300809155
0.7889185181844154,0.8340919397885938
0.5049552401955861,0.5353262656892496
0.11951068217271929,0.10709642175003041
0.357522462364466,0.3921097449789935
0.2748832130659288,0.2981592675931373
1.0859063371461037,1.1258703250503548
0.33748313737365004,0.2981592675931373
0.29449920176599287,0.3262150092602029
0.35382651269989396,0.3601025146974572
0.7658185861924873,0.7321679073788891
0.7366860873080103,0.6555920607760942
0.6696540534726539,0.6168519676262391
0.7038261316644547,0.6840241420052549
0.9869025890248291,1.0713873477206406
0.6016620268076422,0.5692677051738495
0.6070154774704438,0.6622772389317054
0.6467347702742706,0.700629977766757
1.5427086414909166,1.4993956381362512
0.5454021898637099,0.49773046020312584
0.18837233860820646,0.19967571771852755
0.32895008412597154,0.3679502778150929
0.4542611447010258,0.41987066368477
0.6913855485092631,0.6300817164225417
0.5778618038569808,0.6300817164225417
0.565429315423407,0.5665919067832584
0.23403161191385455,0.21592331027339723
1.1784449031521262,1.0869215290049172
1.4513293268253131,1.5381219661598484
0.7594446270170765,0.6916684934086144
0.16174038853645123,0.14472027078217
1.9519163239709283,1.9339853122240744
0.03533776446965277,0.03189517935450291
0.724105302730056,0.6883622698695284
0.2942375314060221,0.29509051729528973
0.2224518005852398,0.2403668242456298
1.6131014075750654,1.5927882914616551
0.27611260173260777,0.2403668242456298
0.683004505881244,0.730344657124876
0.8075095266810566,0.7688722850562458
0.26432927983236915,0.30006741629312533
0.6748644923939694,0.592669796093466
0.5632957983218589,0.592669796093466
0.41624150875227306,0.4567597016816824
0.5632957983218589,0.592669796093466
0.19049677770599072,0.1653723324854686
0.3892355549299821,0.39530080069866447
0.9158018559794465,0.9824025858501172
0.1648522961709793,0.14268195605261083
0.4815615237530173,0.48972983337104
0.4739517920591992,0.5231251378786376
0.27728657317416106,0.24092946696785592
0.6330726895359383,0.687851452431915
0.9618580846322472,0.9487930760489915
0.11930623411980545,0.13482599530869935
0.7591253131558795,0.7997662177039285
0.03449632374017467,0.039498551271490774
0.6868976891192045,0.6459549192798728
0.22759642415352704,0.25556110978374047
0.6053646303899124,0.5470712871106044
0.36401167038526144,0.328837354788627
0.2637045904217193,0.29113353418408344
0.25968845435037907,0.23696563323552458
0.7570625857765791,0.6984711027989703
0.6330726895359383,0.687851452431915
0.8272921977908974,0.7655660897317469
0.6736995253970539,0.5973567180856669
0.721386189307625,0.7093008505779445
1.515421404135476,1.6382619957602673
0.9428024182111875,0.8440437134210174
2.042853277842753,2.007295992820063
0.2199131380150851,0.24092946696785592
1.1664682302236593,1.1774269919164497
0.5954440191499626,0.5620633664011175
0.4269651193979905,0.47168004744689684
0.03552447220807095,0.032390728103739844
0.8108741922016983,0.7808123067249199
0.29883534728168143,0.32897226230161575
1.7657832878276,1.8411932761516934
0.10708206191033995,0.09141619055315435
1.1502162598798462,1.1840725653104693
0.5954440191499626,0.5620633664011175
0.35414484373906496,0.325854835209427
1.5453801658004336,1.5163688451644866
0.8101669216568688,0.8237551695788004
0.2778600929137746,0.30838105443108615
1.060408996732008,1.0154478231547874
0.9428024182111875,0.8440437134210174
0.8618799599859037,0.8496955663824732
0.9428024182111875,0.8440437134210174
0.5934109163211342,0.6555095835207841
0.7089998778252697,0.6555095835207841
1.4465761296876907,1.376293742818644
0.2778600929137746,0.30838105443108615
0.588397720312763,0.5776438265620794
0.48659676552130593,0.44979351473549534
0.25841397985120557,0.27518297362104055
0.35918887589333526,0.3389710727095924
0.4873612115547882,0.4609184098821993
0.2832516849043115,0.2426747889138303
0.3514146874047716,0.3242420484141839
1.0679559956119942,1.1196982444075567
0.5933601614806324,0.6661686236085166
0.025086590216465306,0.03017701140648129
0.1442656959701176,0.13071109621867655
0.5044029994738796,0.474671797473389
0.2599818463120009,0.29299427124123295
0.5735402656486013,0.52732817816999
0.35896861634652,0.37376301108147547
2.320389795818987,2.43650399506783
0.446341003364554,0.42015566984618935
0.37443600050259024,0.34454788902487843
0.6778635882821983,0.706745192248427
0.555577569216269,0.5160674445578601
0.40721374790774023,0.43170660275689987
0.2119624310705602,0.18859637022513615
2.073325092761068,2.169003686841344
0.4319820116781105,0.4692316649296383
0.8725217141281322,0.8855053930290264
0.46684122376600373,0.43170660275689987
0.46477542811902384,0.5160674445578601
0.8672908292965719,0.8471427896495178
1.27173920112869,1.2266291590674203
0.6002779960708516,0.6382747860082567
0.367895506854967,0.37583081826626813
0.5165583608392998,0.5215325364293252
0.5681126038438481,0.6122750968328509
0.9038722418903884,0.8278429687204569
0.9624457948754334,1.0371114654397275
0.5068606795461265,0.479294085650891
0.6474932013630413,0.6967714089207689
0.3289814358823886,0.3471200405221345
0.4062851024102051,0.42543058993990057
0.8341119396632233,0.7936029058208179
0.43742804127173307,0.3929009817364124
0.9624457948754334,1.0371114654397275
0.8357279629906857,0.8015393639802767
0.7395931723450218,0.6608948345771394
0.4811981390927741,0.4376946301162298
0.49836256676723895,0.526906309994459
1.2131554031617804,1.2961477030131758
0.8358198364109622,0.9113880475352885
0.4743012728807884,0.42526360074284747
0.7105208453417667,0.7141317301994119
1.3240801847560917,1.4163885058784418
0.40969812749526624,0.44299340414890526
0.9567562425519205,0.9672094350283582
1.0538653758695609,1.1005549695542876
0.7203781979349713,0.7878380827001636
0.49291230455929264,0.5309668166709399
0.36490498740355987,0.3795465002144151
1.3925076589158407,1.2961762362264162
0.6460463442559649,0.7176757851170111
1.246987185078083,1.1654903230304534
0.48641535092886784,0.5624192358006742
1.3834101429844834,1.471100149152929
0.7590851561833389,0.7672874432102759
0.46640104463652404,0.4225539896238692
1.1249899847058724,1.041206535509232
1.1488872537427965,1.065286426089771
1.028717906510598,1.0213686160377848
0.3812447560820378,0.4225539896238692
0.4474810392450779,0.464294002044267
0.745423823461281,0.7129708719023459
0.2200127998135817,0.22913877103505656
0.9342141326546131,1.024245192842006
0.5744991337830598,0.5247444799317386
0.7535811986025615,0.7453163706248976
0.7517819725634993,0.7534302513550748
1.0795694246555052,1.024245192842006
0.9540941247133777,0.8748869105475571
1.5094270765746312,1.6059670881926509
0.29653489784901144,0.25969274789023394
0.6909902571992815,0.7035503157126255
0.43707191213690755,0.38247600422593514
0.7719583276108067,0.8102428716000728
0.4575311579603871,0.4120419425151625
0.8206217265682981,0.8748869105475571
0.7309943564259,0.8001824503298398
0.4138280994754423,0.3804243712395456
0.2843384916641111,0.28759000618944486
0.8617213980054638,0.8714470655852541
0.6427789941489127,0.6874395976973302
0.44917430385875873,0.4111254038239518
0.7812091365220617,0.7871902731730458
0.36637058377988385,0.4111254038239518
0.3966711762958256,0.42914544490541073
0.9040973168706873,0.9075254439636747
0.7561454928660367,0.6874395976973302
1.3707347973432777,1.4449040525288617
0.3259724559854248,0.34639645369972105
0.6554923446556599,0.6013714673754209
0.5259729830948163,0.47768480790702567
0.47796593683631255,0.42914544490541073
0.5390485732184894,0.5882783034522819
1.4352371104047954,1.5319813716109252
0.24201889375917293,0.2536090017667148
0.25422513986979856,0.28096767378954457
0.8676530410310674,0.9028758918443996
0.2718860374093353,0.24348281700251106
0.6507815908639323,0.6602116484821934
0.7404733191483057,0.7905400823895755
0.4849478871767771,0.4841043259766903
0.9430154195653802,0.8819134093139241
0.6689834618729751,0.7235661362430653
1.0106677872251335,1.0459848523323536
0.4836728746822374,0.5394643344701394
0.8305723887886813,0.7905400823895755
0.2632132244184413,0.22227170919916162
0.7455002279299824,0.8019987364179604
2.1662292207750995,2.2683753775217257
0.4394554309280281,0.40709271895433974
0.6479599597832181,0.6044035093048601
0.3735824083764749,0.4120419425151625
0.37648205945148766,0.37139094832018366
0.5309796700452125,0.4799563522415787
0.44080845246370537,0.4038772687625908
1.0101979980525275,0.9454243674212793
0.3617327644689012,0.38833524796645147
0.9138294765625448,0.8950731255998573
1.1904295059662051,1.2103201151788552
0.7543792752672572,0.8153947796358316
1.199404137680855,1.279482128393703
0.36941998786150604,0.3333453537680874
0.23807511926300345,0.2036083476447894
0.3041788444735432,0.27505209409366693
0.5697038346164534,0.6158020433489522
0.0814902310415465,0.08556913823307094
0.4925649911592759,0.4474057086228418
0.8459537746298968,0.7668263008127253
0.3023923335898883,0.2665899570543874
0.6173474161442425,0.5642061204354897
1.2851459650941666,1.1798926760652972
0.7232370971902341,0.7668263008127253
0.4679496452710323,0.49643295815521343
0.8890550440073914,0.8379568616030197
0.8248980865278165,0.818628731890231
0.5757598100575906,0.5553410348621459
0.5016445513596919,0.45570914081851055
0.45082664646103987,0.4401792824373377
0.6251779179668531,0.6764850469781911
1.9659415855881117,1.8735430381738802
0.5361879117894293,0.6034294550826714
0.5728088657407133,0.6108620494118386
0.644063381254672,0.6034294550826714
0.7232370971902341,0.7668263008127253
0.11852580774941039,0.1382279533278797
0.09212864335821688,0.09898650353041424
0.8794140613333314,0.7917146764083564
0.29811146521548526,0.32616688420061785
1.021449809863589,1.1059036251447227
0.5361879117894293,0.6034294550826714
1.168199462160357,1.1928165141740574
1.230850373116307,1.2139919972094
0.1546642558750018,0.1382279533278797
0.1347619621977155,0.1424294264932639
1.1290935169177154,1.0485787071586425
0.556697579588429,0.5202949245112051
0.5240955420849265,0.4767827962510568
1.0481544413326578,0.974138468348496
0.905718968903593,0.974138468348496
0.4709792653552357,0.4314530894490117
0.8060247409608107,0.7712268465532404
1.0919533045226244,1.0224167176307248
0.2771485542447587,0.2795876127175659
0.20625906948406333,0.2269793687793472
0.529909751800626,0.5888628867296772
0.06155196274690761,0.06741439589145219
0.7231526514136892,0.6910153449937414
0.529909751800626,0.5888628867296772
0.6794585727568828,0.6407817297709627
0.30628029040146576,0.3025102732164029
0.5364831562198922,0.48361943714419536
1.0657619311822897,1.1073747135921994
0.34861529819608267,0.35326555131475945
0.47023875423522404,0.5121997501440065
0.9353343635520988,0.9824888203058703
0.7269195365696514,0.7686051650903091
0.2800846237868039,0.29610219344591426
0.5286181580729594,0.5842293101411851
0.33213739499385664,0.30645211080868756
0.8171428147913851,0.7619933023523536
0.6052007157233211,0.6043650382995505
0.34696111811200225,0.3649873377363565
0.7543792752672572,0.8153947796358316
0.13689191546408702,0.14892863560495812
0.667982915592825,0.6855254442816117
1.34882679994232,1.2676353944168732
0.5841882275180383,0.5538359128448862
0.9836621704983968,1.0240656645933752
0.545481749244717,0.5254756164838814
0.9997703062240102,0.9501065464333328
0.443087225123012,0.461265865318597
0.1638461891082074,0.1468371662852804
0.9823664425064624,0.9011757466893394
0.14112215206494547,0.12786645071853633
0.2655229282238384,0.2862198250599513
1.2601643722191436,1.2241325454517793
0.5030583963573947,0.5336543448404018
0.6889305005384009,0.6287370830732937
0.5838251014943084,0.6229857707626795
1.0237544472731221,1.1055514216310822
0.6696474806005767,0.6821675906654305
0.23909475051825957,0.21495471226041413
0.42865498759250104,0.4238827112477531
0.5053409867453607,0.5586241317866502
0.3605296772375844,0.33359503568603305
0.8154465489266969,0.855056696858543
1.2451699213213105,1.2342366739970012
0.9144575725590789,0.8795018420762725
0.5084013280662041,0.4960128899952725
0.6547019893806975,0.6487466631405416
0.5053409867453607,0.5586241317866502
0.11763053969402759,0.10194746789339941
0.44728885538491575,0.4889020460909754
0.7834695882487998,0.8540271350765587
0.3700812591803894,0.4162129995900065
0.20670570560617624,0.1808715535776334
0.3465256373507181,0.31340085890066394
0.87058695367887,0.9501045265176908
0.275786045431349,0.257105642725775
0.8171428147913851,0.7619933023523536
0.5185418697255462,0.5167337133438751
0.6889305005384009,0.6287370830732937
0.5424981378822554,0.4889020460909754
0.87058695367887,0.9501045265176908
0.8089523428581845,0.8875915625001087
1.0198728277787872,0.9501045265176908
0.14935648230741355,0.16993464359730606
1.7308638827954,1.7669418572193276
0.4882188255409818,0.5304264432790246
1.2706357745541927,1.3354682015024641
0.8154465489266969,0.855056696858543
0.28521094308147943,0.3100991307104851
0.6956400346054301,0.6438826765573837
0.599791018344907,0.630192695007582
1.0077378404274744,0.9239051129913846
0.33139459040380315,0.3100991307104851
0.12246039113368815,0.11753425895542224
0.4663720420802938,0.500667528657813
1.2808872109231986,1.3726563989322276
0.7025617505457261,0.7050252474336269
0.6669377411097794,0.6293212283210315
0.264551598543011,0.29226970737597213
0.3922069828050529,0.3570792154125633
0.3171982301849925,0.2874726279173887
0.5524382445949078,0.6056746054988872
0.12273510109524133,0.1381256138053567
0.3220645832597731,0.3570792154125633
0.4842669554828488,0.5026341317182557
0.17471355591453588,0.19066084240499714
0.4469877706604621,0.5086970595822022
0.35993788772233015,0.36579073623047814
0.7599038643324652,0.7923582904619484
0.2884716824243627,0.28506151306520583
0.29514693502092687,0.33192155399612683
0.5353613778452471,0.5086970595822022
0.17471355591453588,0.19066084240499714
0.25477576004437685,0.28776527891443743
0.3361824560570143,0.3668494189514994
0.24433362144221493,0.22188711373008824
0.18771236116301362,0.16157155281084964
0.5326985469118939,0.5621614416455196
0.31864113476835737,0.28776527891443743
0.09592496537303023,0.10939157192247728
0.25477576004437685,0.28776527891443743
0.41964575467699944,0.39478985203429195
0.31864113476835737,0.28776527891443743
0.1897600424028806,0.14851769738025367
0.6267501110662966,0.6593082702313292
0.6913553691789167,0.7234914453451509
1.9755665332917467,2.094495756883635
0.138087507404483,0.12351493639430347
0.10711311418406426,0.12351493639430347
0.6864102432012014,0.6337645010296796
0.19130365794584772,0.21559019651240366
0.7468684905813513,0.8096210458041442
0.8374386125691925,0.9092528099908141
0.6390575056470363,0.6663877352558182
0.982960763212552,0.9092528099908141
0.8374386125691925,0.9092528099908141
1.5552848107649682,1.4478472821628308
1.050929984243476,1.0091953289437574
0.31502963895854075,0.34159771500073144
1.0296643850534224,1.1193173844339583
0.06789944849481827,0.05565380528169102
0.3728014875044447,0.3298225617566862
1.035670232124979,1.031767252880908
0.6401415039107118,0.7424473036085789
0.18839534675038017,0.1656366846501388
0.1625008078677058,0.1623538769402551
0.11403223992262879,0.13233144024236015
0.755228974213701,0.7862478881751799
0.08752418873845816,0.09935416341013614
0.8815425116542365,0.7862478881751799
1.175214456792153,1.1181191896742888
1.1878681850486223,1.105481427232686
0.752294644731379,0.6937393106824351
1.19621227826215,1.1193173844339583
0.16238596408228162,0.16992766188322234
1.5552848107649682,1.4478472821628308
0.6373036300449173,0.6925554008480589
1.3023289075905138,1.2731660498793929
0.7586070862133334,0.6925554008480589
0.29777746486693607,0.26797852934453176
0.6552444864262161,0.6429510601475648
0.7763939802263605,0.8485034199196663
1.5195442245529456,1.4876267863518298
0.5825562004582997,0.5453844366782117
0.9212934804302977,0.9649564296019383
1.5142854274516386,1.4158217655680827
0.5375915835617634,0.5868948225398513
0.24841688576757534,0.2780302251439729
0.3111221547470311,0.2780302251439729
0.4835538038861303,0.4170047117228148
0.8927475709023459,0.9619365638073012
0.28587363630678175,0.30838505419899
0.28587363630678175,0.30838505419899
0.44180777100150476,0.39527113514263373
0.5687702398540863,0.6068375283851604
1.0296643850534224,1.1193173844339583
0.44180777100150476,0.39527113514263373
0.3316724363929507,0.2937479231978665
1.0490719555169261,1.0912680848341603
0.19073062585879924,0.20635303473012248
0.19130365794584772,0.21559019651240366
0.5113579879758052,0.5001236662667423
1.6066846542633646,1.5933033400146852
0.775998581703968,0.8305345438613172
0.3661545264440477,0.33192155399612683
0.33554859431588974,0.3741203604520913
0.3710202842907954,0.33609127745290346
0.27812664284790184,0.24633275718944214
0.24308447494194144,0.21559019651240366
0.3186443696911626,0.3061688823178631
0.19130365794584772,0.21559019651240366
1.5604218973414719,1.6578856823451755
0.598518394966913,0.5799750454759417
0.7048378734662328,0.6493919786041826
1.337122542578879,1.3626866643527435
0.5193469151229129,0.5599755359168028
0.681591582127133,0.7389048527724396
0.12378870481139277,0.136427608683448
1.0296643850534224,1.1193173844339583
0.37457696392579615,0.41835514803347323
0.6108213401439406,0.6678419799596567
0.24239669417144719,0.20635303473012248
1.3195514851955934,1.4013185972260631
0.31095771814901324,0.282723740194798
1.1256306617141556,1.2166033466399933
0.5241924330401568,0.5451258972098785
0.31742575871687106,0.3513103114388906
0.9672050497581033,1.0275438225894349
0.18122616527411747,0.15913513254675532
0.3922248277903021,0.3513103114388906
1.3020294213289478,1.2166033466399933
0.142679791147256,0.15913513254675532
0.3922248277903021,0.3513103114388906
0.18122616527411747,0.15913513254675532
0.6910077811551015,0.7272432367525199
0.7098907359077282,0.64473249424578
1.9993460621418124,1.8761838621051623
0.5071823573865887,0.5528199924053729
0.39585123280274653,0.35807157280524904
0.6535439499194216,0.7083774547441759
2.1660220006257087,2.2358741498355994
0.052085745642327576,0.06339472568828218
0.08581237196149895,0.10015996843240696
0.6936771023737195,0.7455639601712838
0.5789487098860396,0.6433416162428043
0.08581237196149895,0.10015996843240696
0.6936771023737195,0.7455639601712838
0.1217527144146345,0.11305520350144113
0.5873949687950589,0.6301746349719223
0.7012185434970023,0.6884635806960175
0.5274987822649986,0.4959057850118978
0.5274987822649986,0.4959057850118978
0.5274987822649986,0.4959057850118978
0.9255762009743896,0.8923803626590943
0.5274987822649986,0.4959057850118978
0.4342297603729663,0.4959057850118978
0.4342297603729663,0.4959057850118978
0.2083651258330713,0.1623538769402551
1.3546627088969438,1.3977301289752042
0.5739953696323944,0.5270895093614862
0.4419497710026971,0.49111094801658367
0.29192438924790254,0.3043877682966022
1.5277387661500448,1.4671011331172168
1.4695318413567815,1.3833983856207268
0.34738984597524025,0.3200481925117091
1.4695318413567815,1.3833983856207268
1.0218571979549664,1.0540015880769265
0.32647244858732466,0.2886492643267759
0.35983881006434415,0.38906731422841895
1.0218571979549664,1.0540015880769265
1.4695318413567815,1.3833983856207268
0.26140781959441833,0.2886492643267759
0.44617127415242924,0.4285396500632854
0.4506966656938088,0.46065117848333237
0.46532861621444827,0.5119143212577846
0.4927847298460977,0.5244504885454542
0.5945884489746068,0.5244504885454542
0.4173149335072226,0.4240852841162232
1.5765286193633166,1.683275846923187
1.1433963195379937,1.1820568794050186
0.39626425949447625,0.4218312205111839
0.9739705824450956,1.0379751108828095
0.968545162537951,0.9195564528706389
0.36704886347035603,0.39496640975405906
0.3249933486537625,0.33848619492082427
0.10937707376504818,0.10000520632313813
0.7033937841050545,0.6572838767079402
0.2722232073221479,0.23912531034102077
0.21566421458801766,0.23912531034102077
0.4837613984574482,0.4218312205111839
0.3236148986602937,0.33965420845775135
0.21774032470982255,0.19965374511863915
1.1234101328729484,1.1398680577853466
0.7662008131909378,0.7473118695050336
0.39626425949447625,0.4218312205111839
0.08544918726312699,0.09199980921763523
1.212215448892724,1.1920782683953726
0.2999979883468297,0.3327901118748868
0.32689542843088043,0.3063376362199055
1.212215448892724,1.1920782683953726
1.0441549611395402,1.1920782683953726
0.5915100794955496,0.6573301350299974
0.7318844552030102,0.7353397520116353
0.5915100794955496,0.6573301350299974
0.25745278088351264,0.2660789404305164
0.6876575570107211,0.7302948949997854
0.2645320742649548,0.24619923103376928
0.5915100794955496,0.6573301350299974
0.2136164240323795,0.22600165250235918
0.368883661210023,0.40097082915474347
1.0114220716346878,1.1076618999019259
0.6615605145746973,0.6126528882017948
0.1263801981781422,0.1346237534621148
0.6373647367977213,0.6859879805633277
0.16125958158046186,0.1920338647741695
0.2126236816324315,0.24619923103376928
0.45494254217972596,0.4503823862394584
0.7187612059292943,0.6859879805633277
1.0415775690874811,1.1266083033432344
0.01039324395944156,0.011567696638279846
0.3818452859396732,0.3766116041970647
0.4917115847988457,0.5240013351910913
0.9065564495595825,0.8499539821839516
0.7284090794986062,0.7842882944088957
1.173959955999683,1.1686827432269895
0.30421178893811823,0.27269831475585526
0.4328814732147081,0.3982506805054265
0.5494683275517016,0.5762074997824822
0.8609899986194994,0.8255953038188902
0.6513695976838154,0.5762074997824822
0.8609899986194994,0.8255953038188902
0.28553181732114846,0.2679556174723583
0.2983102205443539,0.2814462308107929
0.12920203891215357,0.1476183801232178
0.4594859555539616,0.4231289910112933
0.9202995326297636,0.9840538235500689
0.3498361397814317,0.3604872705300001
0.37316224012388827,0.33896252644951685
0.15718407664814935,0.17346034912012392
0.19486166252677567,0.20166730104256306
0.47609810789101076,0.529501147161076
0.5346285028586865,0.562934568621764
0.07527054937970772,0.06471118124813974
0.0612488049434649,0.07194989214443615
0.12164022697921466,0.13916766351628984
0.08125753265308319,0.07194989214443615
0.891364620409701,0.9308418734200826
0.3424686191967973,0.3460095862230909
0.08125753265308319,0.07194989214443615
0.3931725253723504,0.3849379781033464
0.37957495225133725,0.347199016839787
0.34200073640856893,0.37521852425607516
0.37957495225133725,0.347199016839787
0.2868809507098284,0.3112712201225548
0.9361766065322712,0.9040427053430202
0.8531692702306274,0.8119265085608314
0.8169277409075778,0.8824123849842367
0.42790711000540405,0.41340983125562536
0.3870860757363334,0.4070644282974619
0.3296716339468795,0.30224435659468807
0.6606848027355301,0.6035491794742884
0.595457045021113,0.5453035753062809
1.9958224799917625,1.897654110569881
0.792980845085658,0.7443752986639386
0.4850748424250591,0.5150403406158578
0.3376884354467267,0.3977137161311435
1.652660277444542,1.5221894926939732
0.21443357556466017,0.18540597975418158
0.6417480906917681,0.6103146709758587
0.28173911069048435,0.24614310570060163
0.6371198981820768,0.6707037415150054
0.4850959136158067,0.44459486916385843
1.0297627850189033,1.0855036133515168
0.44175311236089965,0.4120844530437464
1.5828092011245836,1.5316511885611475
0.9124286326739529,0.8463801676241076
0.22991301842213543,0.24357386249151902
0.3252824825699037,0.33803748345656265
0.6181227836475781,0.5603046105982431
0.5134086680982276,0.5603046105982431
0.5892619741134797,0.5652893613798148
0.5838989102816278,0.526704137328236
0.5838989102816278,0.526704137328236
0.4834309182857549,0.526704137328236
0.6002383290021874,0.632417546419342
0.3439159211186505,0.32165908109393476
0.054851289291011185,0.04881107251116234
0.7487106350267462,0.7242044546320051
0.17972828122462448,0.20308865533275877
0.039595566169194456,0.04881107251116234
2.4143435126473456,2.461832725675908
0.2119672798214816,0.21635687760625444
0.9518132064427364,0.902599833285657
0.7197172093884745,0.8000592309000615
0.7487106350267462,0.7242044546320051
0.7861317590906027,0.7277794617061851
0.6672648844950897,0.596569351374397
0.9416518099724402,0.8730437536732409
0.6848702164098165,0.730220797909239
0.5379703295610688,0.5140424974166158
0.5566014996211628,0.596569351374397
0.4915813341657803,0.46223266087974413
0.32449975629276995,0.3552270616101308
0.1454462308442114,0.1322169082106967
0.518940818562734,0.5584136192405581
0.1454462308442114,0.1322169082106967
0.5940264602030259,0.6573990230990852
0.7727773463077127,0.8480318947222504
2.1089618495230678,1.9679634408828754
1.2098597266384452,1.1463603413908126
0.4583530521347262,0.41337618864607295
0.47331707102000475,0.5003475038186576
0.8517041920655117,0.790436625396989
0.1454462308442114,0.1322169082106967
0.30802450257985736,0.33449850059219594
0.40721374790774023,0.43170660275689987
0.3795442765546926,0.41337618864607295
0.14529027815744255,0.13105366669192836
0.1959179762298131,0.21408646037829923
0.5595088481793891,0.528879806006908
1.3824268655510257,1.323822038608343
0.0377561046270497,0.036118651060645046
1.3559282533943158,1.2693569253811783
1.4637077271838073,1.478630839275509
0.4583530521347262,0.41337618864607295
0.6993045525732996,0.7384159429195977
0.1758132907256346,0.19410440320221903
0.8706012550509298,0.988277293542702
0.28472203408067626,0.27377299501592883
0.47432981385503126,0.5491975204838372
0.49082319625081927,0.5216896634836001
0.5606541569692481,0.52741248950483
0.7841829628064427,0.7290046651361095
0.15312127524620295,0.13559494002809386
0.3927339809345997,0.35765925377182456
0.16961570118988126,0.1544223553072095
0.641266236671171,0.707256386656796
0.671134763726392,0.6971412088199925
1.2683755105797654,1.201083727130866
0.1226225851127311,0.12647045652006458
0.9085247169839205,0.8402704991437253
0.7590851561833389,0.7672874432102759
0.6136431579265514,0.5649189079686309
0.09612755177689913,0.1120474773571653
0.36771435514967477,0.3933312844277973
0.9582716046798286,0.9625350599569615
0.09612755177689913,0.1120474773571653
1.1059076956512388,1.1253844669259923
1.3661792626081974,1.3448054522038801
0.30200191682154,0.3363845417752825
0.09612755177689913,0.1120474773571653
0.6005426804545204,0.5905820004825545
0.12689863667443715,0.1120474773571653
0.47336400722046434,0.5214739202224777
0.9043634295665491,0.9830585091151531
0.3484690573291562,0.39234308942824375
1.2908266148563514,1.2057158394935106
1.1671214993793992,1.287227222380117
2.9296696230846253,2.8054034911330903
0.6548631760119701,0.6033596115221598
0.631504117708682,0.6466808171606385
0.3791671842340393,0.41085600741973916
0.11129799952472676,0.11687212691129202
1.0094142077432897,1.0688627416290097
0.9269668750416069,0.8760594464371765
0.9814125887178285,0.9680491421498224
0.8065291015703362,0.8579369637904274
0.08144939930958142,0.08749544418203341
0.3396652599577098,0.303174312670823
0.8063747629263008,0.8711780905864411
0.5054495891821643,0.5503740326984174
0.43186878106044785,0.4495116270361003
0.13406084582567468,0.11687212691129202
0.322045306670332,0.3100727648418977
0.5259715632158399,0.492653332050869
0.5244975010603152,0.5502232630222926
0.578495738385491,0.6106171724067021
0.6568407335754602,0.6929699831047893
0.0548609383352869,0.062462688446577055
0.7203182334302598,0.7330555273573807
0.9813674047483564,1.0987702402336104
0.9522858567316796,0.9912795647185891
0.21889352686238608,0.24522283051290794
0.08894416971288116,0.09628045707762979
0.32744542112859376,0.3291900205397591
0.46067648859358434,0.4415689317286943
0.6439778891450947,0.6916850089507633
1.2102971576041182,1.3414839754349748
0.2568825862145078,0.23367274218177875
0.22550045067601274,0.21072647544245646
0.6217091796081178,0.5807067312975427
0.7394954223572735,0.8048506917562288
0.6117640268253989,0.6451608470661209
0.31239536376754806,0.2742672372586888
1.5094270765746312,1.6059670881926509
0.8640481486480567,0.8048506917562288
0.046085395485385545,0.04194241763394906
0.31239536376754806,0.2742672372586888
0.3469870144933258,0.3809440622389569
0.4953679314183164,0.4627770933024969
0.31239536376754806,0.2742672372586888
0.5199686845045981,0.5070286353395499
0.5154403188676036,0.45240752141375656
0.4266708340287793,0.3809440622389569
0.27668199371653995,0.29291426122888814
0.46638247805822103,0.5237957469473636
0.5119264964971236,0.5404974347014858
0.2254159373829879,0.2618940044484719
0.4294919324610652,0.45240752141375656
0.9978503730938096,1.0887430155008642
0.2203843940154559,0.24002292719073043
0.337688762017404,0.3577153249753544
0.4294919324610652,0.45240752141375656
0.5742248265120917,0.5901431800034734
0.08496712892209446,0.09153004297393404
0.06387855407404741,0.07321167647021089
0.547162796309241,0.6053448382390197
0.5375683190085487,0.4919228750547363
0.5826363177569125,0.5213229360302248
0.5070354622809702,0.49639566906072696
0.48232667689638886,0.5213229360302248
1.0169734298518027,0.94533218717668
0.47624240574980525,0.48253257355571166
0.9315930371600173,0.9009605973625692
0.547162796309241,0.6053448382390197
0.5443105380983099,0.5209495491557677
0.6565422887696646,0.6053448382390197
0.32691781997888203,0.34288864178873757
0.6443443595315587,0.7091651213746416
0.8369381687598028,0.7676696689246508
0.35653008029238326,0.3344467918348428
1.6411784635114142,1.6094031663051318
0.8836935622831427,0.8078974988933662
0.34967894109962,0.3112410786252727
0.45675662077662244,0.4859100183898332
0.16449988195308482,0.15196219859795584
0.8737370304828483,0.9356352082472189
0.3288231545077134,0.3178592941317033
0.6116865346101945,0.5898910249072948
0.7523438946207324,0.7128961342320096
0.6827607987827181,0.6533706284074716
0.20355676459057176,0.21074596790567812
0.2935243169794511,0.3040600693331326
0.6916429940231718,0.6643348744922939
0.10951126151337356,0.10447659196033646
0.7890870906763227,0.8547651926247165
1.4007463706410732,1.300869879114368
0.16238596408228162,0.16992766188322234
0.10951126151337356,0.10447659196033646
1.5792533338330053,1.496229497322775
0.8653233653551239,0.8970604713377601
0.5755798459560884,0.6353315659625296
0.9077527797035653,0.9004422880023965
0.22485146061570488,0.21259772849016897
0.8707388086437312,0.8236777425337128
0.6291506049588064,0.6002406804022963
0.7368580792649547,0.6781967654918634
0.2449487639306179,0.26015598937250667
0.625554508846248,0.6781967654918634
0.5352721239778799,0.5811741280960199
0.4469433892592429,0.46170199668304374
1.5974071264558984,1.4893026961703184
0.35792376842247997,0.3816751894727825
1.672596439487104,1.5669040715801643
0.29011758348622585,0.3226683629467254
0.6056113310687872,0.5540516557341308
0.6876589408658151,0.7461753614538484
1.136810362572441,1.0681734631608233
0.2449487639306179,0.26015598937250667
0.6512671738643134,0.7083245072523128
0.4469433892592429,0.46170199668304374
1.2074228226340924,1.2881300427576574
0.5320711947986919,0.5804002006108092
0.6094919557880968,0.5856530194259797
0.3429365061084152,0.3387803062381825
0.5841339856005049,0.6173432188701845
0.8231603107325237,0.778767515741697
1.5824764803757936,1.6905414628897304
0.36322311188128303,0.37375213969742216
0.7585609899826,0.8202406888541773
0.8806846644562041,0.9092105166516696
1.7860977550528365,1.6905414628897304
0.991873545107386,0.9985253430738535
0.8852454519018098,0.8202406888541773
0.32629853063908154,0.3519319463184828
1.017705308189704,1.0319706250242344
2.267144088236882,2.3521189589495957
0.722622392781945,0.6774997981211822
0.3552000005599199,0.3226683629467254
0.23811039419705662,0.2128102348925313
0.333080131621936,0.2960295256366693
1.1236592840100208,1.0544280221665685
0.9742643972310481,1.0544280221665685
0.11909835285410099,0.13457887459352857
0.43588206352475184,0.4293242887691286
0.664515939592258,0.7090433008275325
0.15712851150068555,0.1756503205019142
0.8231603107325237,0.778767515741697
0.9744782530374078,0.8526738800728828
0.3743751437133464,0.42279646579909425
0.49341716912729855,0.5183017341529801
0.18678246885364586,0.1756503205019142
0.3743751437133464,0.42279646579909425
0.375406360655709,0.3423498657440029
0.21350704167382867,0.23743371231261876
0.6180447867676596,0.6728940706200288
0.6512642357228605,0.7138189731958907
0.6766704964966377,0.7265788887809098
0.1551482792176257,0.13413966090228366
0.44189487331845195,0.46955423396907203
0.7027785832377264,0.778767515741697
0.2833251761681237,0.26313970873300446
1.0652567893804663,1.1920123604541255
0.49080581427524594,0.5377700492969225
0.5936071245178904,0.6182888893934618
0.5450995244270576,0.5409351032519664
0.3234897988123231,0.2960548719803767
0.2624507857258922,0.2337849861606052
0.20525288040336365,0.21536804916242985
0.7806358566816546,0.6929699831047893
1.0828586659983233,0.9803084418514239
0.30815285347929494,0.3238319734817186
0.2424394168811704,0.21766906304838277
1.4660487186518416,1.567969668851293
0.20747662054162236,0.2337849861606052
0.9272758540888338,0.9803084418514239
0.29545550933755255,0.26771358833991726
0.6963765525507442,0.7582185736490143
0.6838204186692395,0.6814085475739969
0.6231014229183964,0.6850248362496533
0.2624507857258922,0.2337849861606052
1.6746819648144466,1.567969668851293
0.26642306949371714,0.23322859019356743
0.9771602616137799,0.9112597277085306
0.4134359738073172,0.4703162461889099
0.19954534909775998,0.22242813849260953
0.5933175868452776,0.5476250258245748
1.0930309304896446,1.0224160256338997
0.29834935521207456,0.279279199384768
0.07988542673790974,0.0705146472828733
0.178203099117676,0.17620525532094397
0.9507421924581022,0.8905460909494413
0.11962695765016064,0.12630571285974246
0.3078395163198535,0.3269091040232388
0.36759893854446196,0.36664180907603716
0.701204855667555,0.653379044064596
0.2677862471304116,0.24379599600157378
0.7877465063509831,0.7999358502045677
0.1883660210783995,0.1728405396292408
0.5865274230791843,0.653379044064596
0.37293242584038866,0.38168653193073715
0.70926991081136,0.6465225985323283
0.8548916207129287,0.7836585047933626
0.7203781979349713,0.7878380827001636
0.7302044406075657,0.7044558956773894
0.70926991081136,0.6465225985323283
0.70926991081136,0.6465225985323283
0.597440522508909,0.5893580133409111
0.8014435831813401,0.8824635323327608
0.5831966696264381,0.5311991315711821
0.7250943104498533,0.6663823651807331
0.6168372387524096,0.6412419922449115
0.15379968330027066,0.13415429009768814
0.12000476153388387,0.13415429009768814
0.8264013116083622,0.7545116698671952
0.6825764069651941,0.7420128624661994
0.697514726752566,0.7545116698671952
0.7303163584693653,0.7772428569431686
0.5045220102282862,0.4984921521695079
0.5865274230791843,0.653379044064596
0.2662824329414565,0.2730476497685111
0.7228907776300713,0.7836585047933626
0.6193289105606041,0.5703955532703788
0.5045220102282862,0.4984921521695079
0.46398776883911746,0.5072840276360826
0.31497801442705914,0.3430133764533748
0.25611881519110097,0.25872650689365656
0.6034415692422735,0.531107547949761
0.697514726752566,0.7545116698671952
1.0552265452081988,0.9754288655505491
0.2021843038674021,0.2287712206976063
0.7665962319715338,0.8312239917456575
0.7248708513645465,0.6630250940792218
0.6807967892463644,0.6346581560023348
0.6693974022699547,0.6058488202343535
0.5881976230053984,0.5434080434979268
0.36377054950310705,0.3292917945571408
0.12636726635099083,0.1453842576120014
0.4935428032228114,0.5434080434979268
0.1615208778659723,0.1453842576120014
0.5330495936498048,0.5534649210189415
0.7808853742763251,0.8435798646998611
0.12636726635099083,0.1453842576120014
0.9237633016756311,0.893723368512762
0.15290302820768517,0.17411357538316252
0.816697496853363,0.8864882163466153
0.8264013116083622,0.7545116698671952
0.8264013116083622,0.7545116698671952
0.8130724249343434,0.774547415899118
1.3455744226440358,1.2798382010032816
0.3737540102246064,0.32584412199914514
0.24636917276499826,0.2139791880078145
0.9598322935248998,0.8864882163466153
0.09551442894968523,0.11398095685897268
0.6155359865239337,0.5638841063292928
0.7732452706918228,0.8243830429033756
0.09551442894968523,0.11398095685897268
0.18541897413345151,0.16541452379963514
0.14361653703653124,0.16541452379963514
0.18541897413345151,0.16541452379963514
0.28443020617046466,0.2563566656016383
1.1499681758658038,1.1127356215339945
0.5759791505371825,0.6289643980302825
0.35792376842247997,0.3816751894727825
0.3383242653254333,0.3662286804827958
0.4245321415799839,0.47074196863651313
0.024279070019940122,0.019355763364153095
0.35505122160250246,0.30826117460360564
0.8031575910706974,0.7739473011238199
0.6172190732463319,0.5512336033386681
0.36950088957086935,0.33430674514675834
0.5677635465373503,0.6195739348957623
0.2981766372528812,0.31603045604192964
0.6172190732463319,0.5512336033386681
0.13372413003799916,0.15064786576119205
0.4831101858523192,0.5375823712598641
0.7797030423649778,0.8585845338867197
0.4522434987147618,0.4183480731501252
0.42068958737309636,0.3892447168927066
0.4852739824844239,0.46373035733058104
0.1765036221520836,0.18209338968373015
0.7133971296376105,0.6479587067529232
0.7368580792649547,0.6781967654918634
0.625554508846248,0.6781967654918634
0.27760309377382886,0.24825461987129843
0.6666569428570656,0.7047618247227826
0.6351512642724116,0.5961716033828868
0.2623228845539045,0.2746623117666525
0.5350847147915974,0.5961716033828868
0.24969442284011736,0.22744663027305137
0.7547148317959043,0.8005469556599719
0.6353810262179198,0.6928921065199253
0.6512671738643134,0.7083245072523128
0.7544559522189941,0.6934023196793316
0.6336251180273198,0.6934023196793316
0.7656419700340535,0.7083245072523128
0.6353810262179198,0.6928921065199253
1.390209880525864,1.440537094790869
0.42393754929615396,0.38703359057807013
1.0626606219246886,1.1365269019928461
1.215140160237801,1.161207594090188
0.3446364074814621,0.38703359057807013
0.7544559522189941,0.6934023196793316
0.034281556397320896,0.02850978320938421
0.3446364074814621,0.38703359057807013
1.842076390371107,1.7220528964438129
0.07784618758406583,0.06754591511846347
0.3582446369633891,0.3792006604012038
0.1725550066986081,0.19686551412739808
0.07784618758406583,0.06754591511846347
0.3903180405762284,0.3723555233698065
0.05732391077704133,0.06754591511846347
0.05732391077704133,0.06754591511846347
0.42141236664433807,0.4632206534828423
0.41910333980186154,0.4496978611359423
0.80260679838508,0.7698645566397665
0.4879626672755278,0.47953120845021646
1.2351278487336725,1.2957744558164563
0.285544209313057,0.2556457030857404
0.050148826804647675,0.0428975182073227
1.243482583881623,1.1635975934806047
1.083429423505864,1.1635975934806047
1.0107914584750173,1.0823807604355775
0.49917453729038336,0.5432637104743773
0.25726308784111607,0.241420843065751
0.9322858131500386,1.0103592506991066
0.8319291600718328,0.7653027209041944
0.5073013427646738,0.5634852952483068
1.0884170316972328,1.0103592506991066
0.3093925288267708,0.33581590995779675
0.4370471373460715,0.41645784619225074
0.3750749555229149,0.35172193174886
0.6349842773368212,0.6829105924226556
1.276831790753345,1.3715739182890125
0.32700460517260843,0.292637437398733
0.7582332683795685,0.8507429803457047
0.6275462670586299,0.59842744262183
0.26185881293578356,0.292637437398733
0.37745344807362113,0.40382205652625297
1.1593205217691065,1.230440306948386
0.38910427873301,0.3812382027769776
0.8435007808348617,0.7811514175777742
0.9149348465948242,0.8474794438852696
0.635002535777399,0.5928757897619233
0.7549030603154739,0.7034896411405933
0.1009624816526508,0.11480338527177264
0.8103503995870326,0.8846063167936893
0.1329205404943437,0.11480338527177264
0.4872379166316549,0.532520402690748
0.1944668273817602,0.20279028543707328
0.8226092213137333,0.8853539230553826
0.8226092213137333,0.8853539230553826
0.47874556301662274,0.5319950057537653
0.19843529206806026,0.22744663027305137
0.8904983252009467,0.8212825121575068
0.48886323219718547,0.4299557438568012
0.6706393221642581,0.7034896411405933
0.3735880685562975,0.41655183707516663
0.1795397917588665,0.1909929789974884
0.3735880685562975,0.41655183707516663
0.007506723009926541,0.00790952229900514
0.162072718412301,0.15570111251091284
0.11301099265615505,0.11306297537796701
0.8706817138456632,0.919754424861463
0.7393834760305649,0.8111546244603157
0.6042887176876335,0.5335777244999736
0.48731918212388126,0.45878443697569404
0.6321207260698205,0.6616780140564846
0.20363075759087232,0.22414983646066433
0.6047812456650434,0.5724439080204992
0.5654303642690807,0.5706038713086842
0.4753656970021138,0.47534740256071273
0.4914147373221065,0.4605574198330884
0.19865145290919192,0.19845505123163112
0.9618580846322472,0.9487930760489915
0.47333886073328524,0.4234567262829843
0.2900303311574876,0.2860223902631728
0.9358444848635625,0.9579650135251933
0.3800270311302111,0.3410198839456234
0.8989631638308676,0.9081140832940866
0.1261070132628162,0.11834129985057486
0.4299798573392298,0.47728139274607234
0.8988667040542749,0.9688161259251352
0.31332760554482897,0.34584583114007117
0.18661601856415097,0.1684834368837141
0.7633555984126059,0.7977865181639849
0.6632916831907777,0.6793899632886008
0.32929693195675563,0.3240478481537915
0.767598585121563,0.7066196571326089
0.4520873324156864,0.40097082915474347
1.2709297620487796,1.2845165489547494
0.6433139260703836,0.7097890300822169
0.8675358265670987,0.8123789276038408
0.767598585121563,0.7066196571326089
0.358322881278507,0.36520477912125543
0.358322881278507,0.36520477912125543
0.31679975781957076,0.2947595454918812
0.2856245128315238,0.2529904874760926
0.22691960158473581,0.2529904874760926
0.21079477871304597,0.2011934953931706
0.9826510564944252,0.9820350621979526
0.2856245128315238,0.2529904874760926
0.767598585121563,0.7066196571326089
0.8576849439767708,0.9069131769722012
0.5762461269011268,0.5500306777494067
0.5914459839249071,0.6138049157509639
0.5600819579950933,0.5276335844460981
0.4743751123620088,0.52732817816999
0.6187797570842548,0.6607976179372438
0.9452303359671943,0.8915969071030815
0.32903347709615266,0.31636197144628553
0.30369758066953584,0.3244608951677856
0.6187797570842548,0.6607976179372438
0.23686886689762635,0.22617553916411742
0.039324439457881895,0.04589589633524012
0.43751224781157494,0.47702215109532453
0.41857878792389014,0.45748834755873236
0.771182940218526,0.7608078369449836
0.71099825672779,0.7191244441952954
0.18037041573167278,0.20464691809166521
0.3052875922406191,0.3187824638758916
0.43751224781157494,0.47702215109532453
0.15732488439135664,0.1771632455758964
0.22994191210542803,0.20464691809166521
0.48679167870516993,0.5269261725263277
0.46209856538452715,0.5120499364834147
0.7832796373226157,0.7322410147338075
0.34993418902611556,0.3171426719141766
0.6576951400416557,0.7316316849970576
0.490109668260865,0.5535498897265927
0.3017536286710453,0.29623016240826994
1.0838648950649075,1.1383623571673342
0.45272476330323935,0.4094640254151238
0.40743380168121623,0.39008067192056245
0.3811420535947604,0.32472851932112307
0.8459543388372901,0.8613710070227761
0.8331739155429488,0.795781608639996
0.2744701658427925,0.24878246611282132
1.187226430910248,1.2586094691781389
0.3746361044785698,0.4094640254151238
0.6487630097682814,0.7264745073002968
1.2510702899422783,1.3140231754738518
1.1185826574198203,1.024839129880249
0.3625705629724772,0.3768253530978995
0.7789796587195238,0.7806183659452227
0.508601698149481,0.46581492000390684
0.6530166421013749,0.7066196571326089
0.09279159218924098,0.10386908583098878
0.22236752807979848,0.22637506486631942
0.334915310121649,0.3245248644311153
0.46781507719999454,0.4213536684141182
1.0588657669198307,0.9770640101199731
0.75186966151935,0.8209076580028714
0.27688898914787846,0.25553570659307057
0.5882768048500308,0.5973150005911333
0.5259266515574854,0.553902030599784
0.4815684329796297,0.5430341204263027
0.8873716484945084,0.8209076580028714
0.6275462670586299,0.59842744262183
0.4199923149842889,0.4413495126850716
0.1836070061672454,0.1778928693643647
0.5346999602017123,0.4843026746809058
0.5431425233854488,0.5260922169950348
0.3905605966235639,0.3526544173830275
0.6646046141018186,0.7217448706791454
0.9420902636920959,1.0356175289604237
0.9090400598122336,0.8927180470105172
1.2525228600364826,1.194015639799189
0.6769713865271324,0.6283533726506834
0.07962352352261846,0.09331821161583763
0.21435370716636626,0.24254718201886907
0.4939884560117823,0.4385159483934666
0.3930963820824454,0.43071955933488154
0.6651651867202515,0.6908171050737159
0.4545974939055927,0.5018961817580752
0.25931375788043437,0.2654963265843728
0.4801026166835148,0.43071955933488154
1.1103406954669501,1.105103706959071
0.6995486249705533,0.7668078620079921
0.12000476153388387,0.13415429009768814
0.694834150383523,0.6943812778535198
1.7307891286305157,1.794422150369055
1.5033536159736598,1.3762700675743893
0.4924482467959475,0.5551126983520958
0.42294503336760575,0.4241492416314698
0.5951370330067438,0.5594796219468462
0.8199128567116188,0.7599647332074051
0.5380257278232049,0.5352109174428333
0.27378241163798267,0.2953706416047526
0.11301099265615505,0.11306297537796701
0.5458290577077383,0.4951075766240767
0.10117861229305403,0.1074657331625547
1.4333946426268194,1.3443398591533429
0.573357187023901,0.6243792648608636
0.26654248343065107,0.2738262823182976
0.6040546220470779,0.6612689668451008
0.0903608193897769,0.10359303532147751
0.5208071535735932,0.5078914674687734
0.703048628141717,0.6496749367608575
1.362851131581179,1.2945161770787297
0.09149390971649642,0.08173552761917152
0.5963244281908261,0.6441217788839207
0.8307801497315872,0.7616676179446276
0.20317088929872482,0.18768529290462488
1.6595565055455417,1.6135881034356654
0.6630279659352234,0.693432461284733
1.3362335612413179,1.313168688517845
0.10117861229305403,0.1074657331625547
1.2007977031172954,1.2683645416861362
0.41807979096189546,0.3816420725404436
0.37650680255636315,0.3889433069216517
0.42371074643928447,0.40854460636639667
0.28087495729024736,0.2527749145613544
1.610304441759264,1.4989824271922287
0.47855293466557547,0.520240424970219
0.22292703625602497,0.2527749145613544
0.43452809747357285,0.47591757117766365
0.48679167870516993,0.5269261725263277
0.12231576841847741,0.1074657331625547
0.8109876202823804,0.892615767030473
0.42371074643928447,0.40854460636639667
1.0630903413499904,1.0924815968878958
0.413693099405445,0.3840910955689388
1.2123781233624478,1.1762386660802195
0.2109967784495361,0.22210868925360877
0.8466766381599736,0.8915969071030815
0.34068525096282015,0.3840910955689388
0.8040593068751523,0.8635125298261093
2.8479506607954876,3.0370542929390014
0.5227789871938702,0.5060380807428062
1.9440827406843804,2.0651147241321137
0.42371074643928447,0.40854460636639667
0.2430958047952853,0.2528760582489812
0.10374519073563777,0.11933372472683128
0.11410724603085079,0.10516075900124343
2.0597324196293623,2.184904878438805
0.6046824694351542,0.6700074206555887
0.6512671738643134,0.7083245072523128
0.4667508405022337,0.45168122136556216
0.4257801855854725,0.39612983494545867
0.8459543388372901,0.8613710070227761
0.09149390971649642,0.08173552761917152
0.7134550394634797,0.6700074206555887
0.12172588777409106,0.10923485543782392
0.9221811707427837,0.9506823070797461
0.6512671738643134,0.7083245072523128
0.951516481989,1.0360481354384776
0.7394117344436927,0.817127609102875
0.24919529888163638,0.22002198551053917
0.2287050525596527,0.24757636999415583
0.9862741911552866,1.0121329631736546
0.4054582719463013,0.43827901968533917
0.938251041867708,0.8923217213336347
0.9451256205803165,0.8907521835771496
0.768471400466825,0.7013360379581963
0.6669569563815764,0.6878053167137423
0.6512671738643134,0.7083245072523128
0.3577991418088227,0.3855611851948595
0.3195611986389344,0.37852974209283785
0.32045424749055523,0.3356531969761518
0.3013995605994969,0.2792720775691994
0.9051963441632169,0.8323269511166056
0.951516481989,1.0360481354384776
0.17386169557760572,0.1523683180669674
0.7294695872697412,0.6543774590293888
1.0373483233039926,0.9645912693473575
1.075513056722389,1.14231899287275
0.650084245948671,0.6934597328596235
0.8754920337337346,0.8045526394750215
1.349323865564631,1.2401674751341245
0.6525091707567575,0.6065344501636728
0.38007041591752355,0.42150378969655194
0.9603137691745993,0.9908120378030554
0.5511208647840665,0.49510881657108874
0.07831313440126315,0.09016538833379771
0.09690183168729952,0.08879543163673254
0.1897016056761345,0.1701805519854211
0.859610718488317,0.7879791941307329
0.3673112028870868,0.39931222001558725
1.9728724678587277,1.8547791762788564
1.176805451347139,1.162613345319054
1.0756708382880464,1.0400791233531244
0.26315441696373826,0.25870541299269884
0.29449909377066946,0.3087484772616793
0.5641823553612733,0.6046474263273106
0.42169709382056264,0.4159545289938363
1.7556547442343822,1.8547791762788564
0.04503429712355239,0.0416922286398568
0.5707218402592861,0.5279799804116002
0.14972679956985835,0.1701805519854211
0.6790397968421646,0.6254528546192664
1.2318682102980212,1.217342760535331
0.9109518197786096,0.8548213659671179
0.49761260761398074,0.4678036330973778
0.3628262672023584,0.3930703729516169
0.9569466630343471,0.9993372826304109
0.7229386613882528,0.6459969783039731
0.6373036300449173,0.6925554008480589
0.6749506702977731,0.6704726008326517
0.8018666539376301,0.8298943854272806
0.5846377638673541,0.5540100732137792
0.48514168844787053,0.48325745538038073
0.48461184942065344,0.45906103373341844
0.17553743014714307,0.18217233559551638
0.7391213429601865,0.7896764174817351
0.5864920383369175,0.5901991178565476
0.16694638925526534,0.17169714002757838
0.26315441696373826,0.25870541299269884
0.4220923942016626,0.4700203049736337
0.7732802969817312,0.7334808302368925
0.7614214009435719,0.7873807048127678
0.1878380511570599,0.20698422608737718
0.558684024550919,0.5179490018520703
0.3162743063304275,0.352063632917807
0.7440439972986417,0.8113542633405738
0.5142205126394058,0.5588314747145496
0.32348594931362795,0.35249129656569234
0.10160631505461708,0.11819991481053889
0.4907126694785435,0.5179490018520703
0.6823247730417082,0.7169551093146173
0.3433863529365643,0.3480893840863376
1.4311365884494245,1.3358050674657724
0.9063694198857551,0.9800028562209449
0.05119868111392836,0.05723102938763142
0.4653835781770932,0.42963055442970205
0.9963833093475329,1.1209887354125525
0.8845419568100983,0.8156399227747082
0.5701967283659014,0.5902884241199602
0.8344821148750334,0.8836914259529638
0.8093227295151165,0.8201037446627515
0.9714417170639663,1.0255914834616888
0.03896456090517058,0.04477042138270487
0.6430911667967443,0.6629575090339658
0.9158020360480917,0.8513170320474452
0.24398772184415732,0.2792720775691994
0.1405199777616568,0.1624819671652143
0.1405199777616568,0.1624819671652143
0.2626174640425274,0.2913390145632718
0.21613829983163588,0.20645395630497482
1.0488719795368358,0.9800028562209449
0.47084878957197995,0.4353436500361947
1.2349881593204106,1.178339123627266
0.35175641213747577,0.3958554285055907
0.6205790669566714,0.6681950242927112
0.4879647799980936,0.4390482906637793
0.5667711904642738,0.5868155775665749
0.5531495352934055,0.6032023038624416
1.590746509530445,1.6787964577453578
0.3353243210078217,0.2992967474755964
0.503019155958386,0.4766622627892068
0.18166828280653016,0.20653034308596785
0.22787150565782968,0.20653034308596785
0.8901696941160671,0.9412663357124267
0.655517283854094,0.6032023038624416
0.3692184831927703,0.4000053573495352
0.6758844399101401,0.7486801470229981
0.34473549334573034,0.3153813564775488
0.7107131659221192,0.6405365498793442
0.6729402552733025,0.6403180767858789
0.4352109968939672,0.4945151694565214
1.219401323762782,1.1803959002699007
0.3095867563986687,0.27694463823163235
1.1617291551340267,1.0976889136519656
0.5286265795034901,0.4945151694565214
0.44253683230895097,0.41345345038574016
0.8016665016218119,0.748923627664525
0.030829190901742663,0.02570378286136313
0.37534032484825075,0.40592711554621624
0.6423543165838779,0.6061347849695922
0.3286677225050689,0.3589439537341354
0.6687684379906697,0.6445415091624889
0.3037821640248144,0.2973615813667009
0.1847790511700476,0.20158689341302832
0.6270381304905074,0.5880837196160394
0.663747778741494,0.6071917510568059
0.7996397819186576,0.9001070603322607
0.5076838630351764,0.48827086993108043
0.39293171022475865,0.4276809875806331
0.5076838630351764,0.48827086993108043
0.5240823790117726,0.572526751310212
0.6302845960322739,0.572526751310212
0.0586607144970628,0.0654260734858366
1.2821178930450008,1.2333487478162544
0.5503182397092957,0.6069958685798623
0.29878397474637924,0.33489398246150687
0.3150455605516258,0.2820954723730964
0.20708723158189507,0.22837715032452807
0.500244497392203,0.4511098938467304
0.39076224873668136,0.4176759167529008
0.25173387363322963,0.2820954723730964
0.686793903294911,0.6070301791677368
0.4007766618587299,0.4554172259648961
0.5006083407643985,0.47923748723805226
0.25416565342293335,0.27055038503623785
0.19266602630999088,0.21213321745334426
0.25173387363322963,0.2820954723730964
0.6601279272062203,0.6069958685798623
0.41086721266516163,0.47923748723805226
0.28343763165816543,0.2613834497229279
0.15704482319345972,0.17593054361883348
1.0519955265782022,1.116522200002196
0.3177218758360728,0.3591657651691146
1.55289674979754,1.4852444819011743
0.3691393564825657,0.406373400713617
0.3794523855518171,0.4070126532677966
0.7313844745412624,0.6700977553318785
0.9560975277269508,0.9591225883444434
0.7039070249255678,0.64584114781949
0.7100817572414853,0.7820713074291897
0.4310114508536105,0.479479593771698
0.51019455409141,0.4649716565029953
0.06699599448575248,0.07219392132755599
0.4160142913756625,0.4371272996407913
0.854301778158973,0.8391027426608095
0.48514168844787053,0.48325745538038073
0.6283668639562142,0.5658065031477216
0.9248382503639606,0.9855260931325086
0.43135925410515336,0.42702809702933797
0.4148237283337695,0.4671960777797392
1.933889650859853,1.989321373820436
0.23598255609660754,0.2136017719999361
0.9978397960785774,0.9781633611228527
0.9560975277269508,0.9591225883444434
1.217830681943511,1.1322920288158185
0.19940116729762458,0.20231060672541445
0.35079414155571964,0.3890412747967569
0.5499278640281641,0.5677199396122793
0.3685312207862691,0.4169587539206676
1.0121370933884897,1.0760138747980827
0.23994445310768592,0.2134428385586236
0.4811981390927741,0.4376946301162298
0.7718292412461619,0.7205768146705545
0.2235911624689837,0.2015648297621519
1.1343271803714015,1.2238394610358583
0.32782043392930765,0.35310360850336825
0.33197357797212723,0.29844444266109216
0.4952170594613801,0.5097667000310997
1.111965322662166,1.212355858060957
0.2950553997134396,0.32457081471511057
0.5564043323275195,0.49146321069977444
0.36093246702189086,0.32457081471511057
0.03731888671769353,0.044672574724329166
0.15704482319345972,0.17593054361883348
0.3816881701607649,0.4090443806674396
1.868516633057593,1.9367768079038135
0.15704482319345972,0.17593054361883348
0.08706706494367299,0.10334968297934997
0.4017576664174435,0.37768008905996836
0.7662879125339305,0.7049280084796
0.4095117700597836,0.4512307568514819
0.4693770590329759,0.4512307568514819
0.5214262300583937,0.4850461355484539
0.42894826432002947,0.4850461355484539
0.9005975890959719,0.9562505770365626
0.5728226499568403,0.6243607313776509
0.2832707721079519,0.24881388741357457
0.6988795367852589,0.6437931070974218
0.2644814193157506,0.2964687430645201
2.090003169210149,2.2896692123007267
0.6438207579164267,0.6902208849472427
0.33009822401589783,0.2964687430645201
1.266766072303231,1.200608688596782
0.7985287422264453,0.7268587786240436
0.013409324806417964,0.017771998399710536
0.4670323427855484,0.44634754215158073
0.25598120451591194,0.28420467125836635
0.7682690067749097,0.8805953522655071
0.9889025935584996,0.9238103002841397
0.3843316578510344,0.4260980230334161
0.18663525377344622,0.1717361386292046
0.32754624184202896,0.3638852218893381
1.3133167888733324,1.4090790922802885
0.23612439060159246,0.2702695967210551
0.1569997328041498,0.1717361386292046
0.2683141814830463,0.23475410123854945
0.6145214571419187,0.5622312190148326
0.3002667836595396,0.2693631289489575
0.845943050141942,0.8609437096276844
0.05595685272225722,0.06334935919439834
0.4849349442776409,0.4405708621405891
0.6471416086573755,0.708606310878233
0.5671367532690573,0.5998591172002194
0.08648456460114538,0.08813795719544976
0.5789900186228869,0.5463964116903061
0.25623974691122214,0.2886905223498291
0.3537152091761876,0.3155619794616604
0.32037077751690557,0.2886905223498291
0.6725855272258675,0.7154250844299129
1.4278237497924824,1.503336100350127
0.5481365244184303,0.53108968150628
0.5693956005080727,0.612810987305905
0.35685912372409084,0.3309268741870143
0.30513493973207895,0.3395883795157154
0.27769510365380395,0.29635871070211556
0.29154629126031295,0.3309268741870143
0.22685206512706074,0.2556457030857404
0.28188055076076035,0.26393630767305726
0.35685912372409084,0.3309268741870143
1.5450469821650452,1.5964723791403697
0.6336251180273198,0.6934023196793316
0.25578541509342584,0.2888263697674512
0.4442621280171114,0.48291503291960375
1.1115596032184827,1.1523836192138017
0.7544559522189941,0.6934023196793316
0.6052933603685906,0.6713547852203882
0.23079732206220355,0.25154091079618374
0.42995451940091417,0.4573897763484264
0.6634293590373977,0.6130638447044243
0.26743431356885417,0.2695106613767096
0.2524326001955205,0.23392338742675509
0.8144452077774359,0.7467617005888881
0.20857390623053715,0.20427487655131382
0.42138454563765004,0.3871436045303334
0.2817342044187299,0.2639882141109526
1.1305141268458272,1.1071926403610375
1.019133663244324,1.1071926403610375
0.6394063398517883,0.693837994413774
0.7523706973072131,0.693837994413774
0.4507072844657212,0.4942874205987375
0.24985822807747393,0.28106117907060885
0.7564376023172221,0.6928921065199253
0.49803334613883377,0.5460429667457309
0.3615878860774066,0.3202471582292455
0.3231781378961957,0.35352001484439727
0.5023033786318826,0.4531800565819534
1.3341234414991143,1.2582534190349186
0.43195499820406097,0.4803649036497714
0.5275643506256993,0.55977668455359
1.469963851774004,1.4320990128491398
0.7814058520533138,0.7962275243985001
0.37148436326571876,0.34040864782166574
0.3687327775784251,0.4118119619626055
0.2707826638371445,0.28811104855217096
0.6292750512379723,0.5921874568653753
0.683004505881244,0.730344657124876
0.20489034247655372,0.2076218446445275
0.4181705756151773,0.477941134869612
0.31525184138403517,0.28811104855217096
0.5345903708223317,0.5691678193804449
0.18556467710463295,0.2112805566949748
0.14935648230741355,0.16993464359730606
0.18668911889179898,0.21599952475921985
0.5957189862363169,0.6572838767079402
0.2969085333545045,0.2741652667497478
0.6251718625298048,0.6222077294683174
0.7564376023172221,0.6928921065199253
0.25442196114356863,0.2741652667497478
0.49762523429503336,0.48198775071234057
0.14935648230741355,0.16993464359730606
0.3938827383525257,0.43931593251437046
0.20348176526575779,0.17908188695710373
1.51402737171679,1.4634940168505886
0.37013670244819513,0.36354771125917423
0.20348176526575779,0.17908188695710373
1.3786397006406914,1.4634940168505886
0.1492923425548007,0.13139917213830266
0.9279615860211075,0.9192790087203752
1.1330494480113231,1.109120368517861
1.5691180229010033,1.5528607123039384
0.5556372096849996,0.5415307356005321
0.8356954478317415,0.9307940156393644
0.16263232488221133,0.19269568479003443
0.6831599565990065,0.6397311921016771
0.9810179320403097,0.9307940156393644
0.9319807913092497,0.865778472497158
0.8727670679130634,0.8422023337692944
0.2612787895645445,0.27286851900160974
0.8918551945240291,0.8498069314585396
0.3636744693283967,0.3342844693050519
0.7161740756794319,0.6789764540146975
0.9810179320403097,0.9307940156393644
0.10579132989974542,0.11392623149257836
1.0297144971617476,0.963577227013076
1.4475845418359674,1.5284277957240273
0.24477588310878573,0.2723922766552568
0.5296170142472194,0.5884311284905235
0.10582100796519028,0.11162097648539669
0.1276749508023548,0.11392623149257836
0.17187188949922366,0.20112587905830442
0.3080681930767894,0.3439310678853445
1.0350164709285072,1.1215193350647434
0.5327104517619542,0.5244782145249797
0.2187336519377703,0.2393255769868708
0.41676481268480303,0.4551476748119333
0.5074035906851195,0.4551476748119333
0.6289810016362273,0.5884311284905235
0.26826633290194013,0.25882926728367295
0.437204913100958,0.4234871431533188
0.05291402387378442,0.045382819767500714
0.5740642318532555,0.546283458407142
0.09437149517924008,0.09535823668272986
1.0853459696011862,1.1661987147990054
0.5359841437187617,0.4989139313284503
0.5296170142472194,0.5884311284905235
0.4151565731211865,0.3687490785793044
1.1469787175216466,1.20976805759745
0.49631599787890435,0.4557514128951202
0.3643693486414567,0.38473394066961825
2.1088640759809207,2.13187293075282
0.6027566661354119,0.6563300206556512
0.4700260512753148,0.4989139313284503
0.4978586070057965,0.45694861583160384
1.9634674044069895,2.0360750997774626
0.46000118134313783,0.4887906917669927
0.49840806231479584,0.4483160604338774
0.9384577163219968,1.0050438465278646
0.12939796052208868,0.12626066356017088
1.0210831219742538,1.051247324192967
0.5101593882988581,0.5399611070933232
0.506294882917906,0.45494211621737796
0.12755538136696812,0.1462130570905129
0.7695579132558924,0.6989180828571063
0.12755538136696812,0.1462130570905129
0.5906560873966175,0.5569978662622398
0.28745023775819023,0.29806876030404783
0.16577065134867103,0.1462130570905129
0.4406065120153614,0.481523059988936
1.0480450486854795,1.1570896145727017
0.45108419640008973,0.4774699497047792
0.06352382331156542,0.07482089545192551
0.6372388061386182,0.6448262426857234
0.8611862339608196,0.9379440618778183
0.5457430966585607,0.6034610775721447
0.8192336418526427,0.814667025879766
0.5606662133353033,0.5156306391560458
1.2930307889550494,1.3258254538361018
0.5806740533001804,0.6051487318842523
0.32080841907563057,0.30867916534251155
0.6204313042264368,0.6096139900156949
0.32080841907563057,0.30867916534251155
0.2630902216283095,0.28977372539814916
0.7910737615140303,0.8354695002195842
0.3728256110994657,0.40095475940967895
0.4280028546070545,0.4738586025091819
0.8094760640406679,0.7642951509013447
1.2399999698596171,1.161819878728716
0.4975968292797295,0.5103518566557049
0.524310218301234,0.523413306332023
0.9444097497923829,0.8919151532718058
0.576842699715216,0.539136196727613
0.41235613500783735,0.4555619633203429
1.0113684060312813,0.9572369430431918
1.3702289028434411,1.4022255829430859
0.3489275515058936,0.366371716902655
0.4268043227150211,0.38823087761728575
0.38487532576728517,0.3528590277158227
0.5553551993152531,0.558084066808284
0.13452059407266662,0.1399413327484524
0.7835162148628158,0.838194519857813
1.364432525224969,1.269442438380394
0.45371027242700385,0.4870781029378935
0.3985955521167929,0.3574766848901325
0.7130700278816049,0.790916530046854
0.3985955521167929,0.3574766848901325
0.656669357847757,0.6101616910168041
0.5692232693004996,0.6040911050568416
0.658975775952288,0.6673375528227148
0.7031545528562825,0.6635044118531049
0.6023818010188505,0.6444159890695565
1.182197108364147,1.2642311087202953
0.7130700278816049,0.790916530046854
0.4508996199851053,0.5168571942331234
0.2852166736042045,0.28104165365668005
0.49084797737262237,0.5420280634763424
0.7376853123840426,0.7358672386863236
0.9030200226375666,0.8559149670636593
0.9963274967202553,0.9617222640936041
1.0418256572833073,0.9690654106816012
0.1349606059063196,0.15503411698916997
1.0850253420139022,1.1213697319973779
0.575343018184993,0.5287790157947461
0.5902516268110188,0.5680422278159823
0.6736135121526272,0.6040911050568416
0.9488023308825319,0.8986551639558773
0.4821969684579298,0.5287790157947461
0.3070512113548736,0.2756534378403311
0.947668016456414,1.0197733582341777
1.10547510164748,1.0197733582341777
1.131780234267719,1.1263251732818649
0.7877296375937882,0.8298077255698808
1.3667029692923887,1.4640875400346332
0.3012224864164359,0.29698413514361305
0.33089871244517755,0.3592065342365439
0.556294925065431,0.5951218335674463
1.4484732143282424,1.5308461885171314
0.4141026191138723,0.3926616644364397
0.11778756569284576,0.11599212821929653
0.2172433533426816,0.20923445871420163
0.2502298744679329,0.26802866878863507
0.45603187577423526,0.40267406002036615
0.08314116637010836,0.0798609294827293
0.25994080749658516,0.28896452706283116
1.1348233962599492,1.2473818213198875
0.6479952727521752,0.6361109261153
0.47986009885569203,0.5004365163785559
1.151432071862441,1.243241961857836
0.16444997728679084,0.18773692083407942
0.87056474875754,0.81615359678878
0.4709792653552357,0.4314530894490117
0.29675998130503284,0.33157216635839093
0.8287777727751338,0.8320334087760168
0.12599163522938728,0.11318470290868346
0.7083868950735391,0.6608891482986275
0.380773950336884,0.4024062828595842
0.23454937476120186,0.2171791314045405
0.6151576056852253,0.6654169263747651
0.6086991845482937,0.6106152416059188
1.533766391048038,1.6166921664964091
0.6542686963302059,0.7216683871827593
0.16831328599300677,0.1836912079215009
0.4913732122684427,0.5099475828137443
0.30720528329467434,0.35435087276806526
1.28341803293428,1.3122054603550932
0.7777375500706536,0.7216683871827593
0.09691028666318822,0.09326967110320103
1.224577597584596,1.2347340923494177
0.09691028666318822,0.09326967110320103
0.8515320398548687,0.7931323732073077
0.47216678603477025,0.42978309200187487
0.6151576056852253,0.6654169263747651
0.2502298744679329,0.26802866878863507
0.6040905105014702,0.6671224617490285
0.8649343828164444,0.85845745951404
0.806115079079521,0.7380000975577962
1.948079507372566,1.8273055515683903
1.2424734433824238,1.3071443525117246
0.7777375500706536,0.7216683871827593
0.9588032020143007,1.018821624563762
0.200591072347215,0.2103241675841669
0.7313406475771312,0.7270440136799136
1.2634057944466932,1.178829611746327
0.6977594026173313,0.7060448748134991
0.30348846853994826,0.2718336663836053
0.4881758101059484,0.5423643116427429
0.5318920086166439,0.5698320092726059
0.9813500145650389,0.9891834324511759
1.7115354177754134,1.6285465380863944
0.22493887482193925,0.25383533375500766
0.39594313767584965,0.3709062356017609
1.6022886777091343,1.4953039390469836
1.2362390657193794,1.1715335143749106
0.3661545264440477,0.33192155399612683
0.4213985362323871,0.4523577996752234
0.3942627843250361,0.3539473126589431
0.3938511671608629,0.43089944928953067
0.3661545264440477,0.33192155399612683
0.5772123206506289,0.6136685364948817
0.5391173679930774,0.5705484525387059
0.21270961155701398,0.19147110233631207
0.5795536432192623,0.6322779201730985
0.4268997407837659,0.4128634671812496
0.14135292337767844,0.1609582191310021
0.2932697180285169,0.30980517257482815
0.4008316119632111,0.35164500851438435
1.2825561818950795,1.2158086549805438
0.6103423401106065,0.6773693603937995
0.6059265983240435,0.578542628041204
0.5330447266020284,0.5712476808715846
0.4567582232347033,0.41219236775391643
0.5076809710640953,0.46725184143817633
0.4521180083882487,0.4844308895000804
0.7573153136277734,0.8319961916569013
0.30993857288854126,0.3093909666815512
1.1923559746143553,1.2862601827610394
0.6397884161545553,0.66636314135862
0.5717425605797728,0.5511932456495863
1.3625823053390664,1.2862601827610394
0.4001005853686613,0.35995395731028723
0.6328494857123148,0.5712476808715846
0.11835650807170194,0.13559494002809386
0.9364228136622815,0.9127907346438807
0.8064443596457519,0.7318698309615185
0.295712705801326,0.3233813396188437
0.6768318520398326,0.7401800828077749
0.7573153136277734,0.8319961916569013
0.48357704480311525,0.530209932458625
0.5348519975043474,0.5086151776708198
1.1412235486116955,1.1969637173947405
0.5330447266020284,0.5712476808715846
0.16564232154783246,0.14553850214948683
0.37682971281740996,0.37973324288038923
1.8796027027201732,1.9992014539467926
0.6328494857123148,0.5712476808715846
0.788667280527795,0.7483422330320547
0.4008316119632111,0.35164500851438435
0.725871057285524,0.664659427631224
1.2248909138754143,1.1238704883296362
1.6723181252244754,1.745174839186226
1.5094270765746312,1.6059670881926509
0.7308897980831718,0.6558582362405555
0.38836759376404584,0.39701453670021475
0.40390274020755784,0.42058072646019423
0.2571679784832221,0.23409229022908473
0.40390274020755784,0.42058072646019423
0.7937172736236873,0.7184059083630792
0.5574514140671102,0.5079654342976918
0.15378957720597183,0.1753614864038358
0.37221182906835515,0.34155519325647865
0.3847522984895969,0.4250277107325823
0.6415070536528198,0.6954611777999592
1.155700659590356,1.128533144597326
0.7499409421400957,0.6924568436004709
0.19449901156074662,0.17338921680046976
0.4442768176093133,0.46725184143817633
0.8993260966006169,0.8517978714358833
0.1510736589005196,0.17338921680046976
0.9323146078155291,0.8461548802578984
0.4101017896882248,0.3784183263097459
0.7920504797082792,0.8461548802578984
0.5709652162168353,0.6204353043206087
0.20044973523336188,0.23173798004396767
1.9645737953041504,1.8376586663118342
0.6207163664232128,0.5562540191405029
1.1941147605894662,1.127770110436985
0.26072483523965984,0.2407041087160689
1.0949125736063208,1.0061259450699662
0.11893805082462056,0.10357848566509993
0.5251987214301805,0.554790092628338
0.6199189854249563,0.7001870441659981
0.5769789253679215,0.5567312076256442
0.490140230530101,0.45512718721733614
0.9585157421417522,0.9050198331251286
0.5875565424493453,0.5473789092619773
0.8133731316522079,0.7675547400070938
0.15933648187886837,0.13737382672266107
0.6201603698965376,0.5581957842342274
0.24841688576757534,0.2780302251439729
0.8748258565559092,0.8113324901489343
0.4491804601142344,0.482153334593904
0.22449526100580636,0.2511004694083365
0.7718834532305895,0.8491943407482485
0.5531495352934055,0.6032023038624416
0.37727554417474224,0.33145842697303973
0.27851712328672135,0.2511004694083365
1.2832037679612556,1.3313115715607071
1.320713610736753,1.3006716191316834
1.2977628216912305,1.2339234065415496
0.7897932215189986,0.8380654237494374
0.8087415280680232,0.8357752119034926
1.303460980917382,1.2405850534544929
0.7411217423559954,0.7721861208174329
0.7583280430898398,0.7592340551735423
0.5562764427835359,0.6243607313776509
0.699772086675111,0.7692161264684856
0.8721616009293901,0.916305911672526
0.699772086675111,0.7692161264684856
1.4593120843567433,1.3603882978257766
0.27103475427379004,0.29991148845941923
0.4427935470787575,0.4795739044760331
0.264492978653828,0.29093899796844863
0.55134529280857,0.6061407727908482
1.0273085847086174,1.0927744335041951
0.795527067825055,0.8394706455013848
0.6698800169202941,0.624909179872034
0.699772086675111,0.7692161264684856
0.8044539979484755,0.7759170463806534
0.6865658751337604,0.6224579034546327
0.5659053633115774,0.624909179872034
0.2430958047952853,0.2528760582489812
0.6377115331767473,0.6071574340647076
0.34782723241097613,0.37590849730596365
0.3729882761529021,0.40909424944061085
0.41066558269082226,0.3885010837853787
1.2685285863444093,1.2225602977463286
0.8389728266440903,0.76638485542944
0.4717368688021319,0.4184960907308093
0.25431709606972813,0.2798216214854703
0.7595514673598059,0.7253110106667437
0.9214412516750011,0.8511569567498393
0.13683414274461048,0.1604833427984637
0.4486888875339716,0.4815242726869918
0.17713763111053374,0.1604833427984637
0.6239769237726326,0.7046767298558717
0.3663242897566076,0.33600815579655263
0.13683414274461048,0.1604833427984637
0.39542131024150085,0.4349931557300086
0.3930963820824454,0.43071955933488154
0.34133956790330816,0.32245377102529127
0.17713763111053374,0.1604833427984637
0.1419689847710396,0.13360377860854744
1.11900768004901,1.042049827623532
0.8683605706413757,0.9619183059171426
0.9156062582793062,0.9271538796853795
0.6005997646047924,0.6272536253170438
0.661473780553312,0.6031157360270936
0.4959191890742037,0.4884270638445645
0.6235401737875479,0.6713759284230184
0.21959590282213184,0.2046278587315154
0.3654615165905199,0.336882267757138
0.17578761769182347,0.1934314879748926
0.28825002903309954,0.3047963368882511
1.20295231896545,1.282414823453361
0.3773078907464697,0.3316662117598392
1.1574229865641281,1.2648800657068004
0.4245736616982746,0.46002512579289073
0.9243946573631615,0.8640156296861341
0.6601279272062203,0.6069958685798623
1.1480491680561695,1.243892480389278
0.23192857563213354,0.2536769952604729
0.5503182397092957,0.6069958685798623
0.7462504302898262,0.8111938993192432
0.25422513986979856,0.28096767378954457
0.12015105938426643,0.13847829417415003
0.5503182397092957,0.6069958685798623
0.5703287058806025,0.6014289834380415
0.527779160833471,0.5693057208293321
0.5197157036864047,0.5615351689422686
0.6475907742184944,0.7013306346611227
0.3898219400402029,0.4390599072149671
1.053602501254129,1.1447161415961198
0.5367952692332216,0.490090413579055
0.4423214205637702,0.490090413579055
0.4423214205637702,0.490090413579055
0.4468063861418326,0.40080327898323903
0.70926991081136,0.6465225985323283
0.8036497546790727,0.7420523803917034
0.44332972684491806,0.4826450160381818
0.47763835226583384,0.44540913927120096
1.3546627088969438,1.3977301289752042
1.3045887649250716,1.2346065090443585
0.2948882466099178,0.3144242483737825
0.60341634103658,0.5413839471672959
0.3273718839187088,0.3618800205955734
0.41700142269116386,0.44540913927120096
0.39110994807301563,0.34382814110034454
0.3667288572076917,0.38121406466741126
0.5264836429863398,0.5583100066166351
0.5005160769085132,0.5413839471672959
0.4220814234598835,0.38121406466741126
0.46977707914999234,0.5205625030011364
1.0173955993454067,0.9619183059171426
0.5947712045807274,0.651311586590597
1.3614332892345034,1.32999295685766
0.29356705716169257,0.3051802063078553
0.342988005778335,0.3859005733989479
0.4141554347624981,0.396716671157505
0.06631205249845706,0.07219392132755599
1.3082377434053973,1.2531481706774201
0.8877441248612092,0.9456870530460312
0.2186253950151684,0.21483680841423491
0.8022967120753215,0.7675590811153246
0.25978249222744937,0.28471599253178925
1.3082377434053973,1.2531481706774201
0.5705909489001249,0.5364688274694401
0.6661015396603894,0.6022021684360411
1.0437451704000718,1.1442534139306628
1.2244187281900485,1.2326379986400262
0.4285718463146865,0.4742182709025992
0.4229369430266182,0.482797048674371
0.26228380468450785,0.23207878003829782
0.5705909489001249,0.5364688274694401
1.4666053148347074,1.5744746022564022
0.20733687032319445,0.23207878003829782
1.176360155017859,1.2188584808164074
0.3184682662105596,0.3335380720457468
0.2608325943116629,0.2757062183994395
1.023423520545934,0.9544258362073724
0.15574325900713457,0.16591433739095196
0.03824427207940444,0.03187010954082051
0.627525293593348,0.6046831893468115
0.37426217643881354,0.41593229487039407
1.6516258172454858,1.7143476086918974
0.4375645877945832,0.479874508199305
1.0365854613706365,0.9798959273097856
0.2684641515970638,0.23240832864590505
0.6142178705960052,0.5709694465694933
0.4375645877945832,0.479874508199305
0.7664888244264155,0.7146300235829016
0.43728167779393634,0.486816213259627
0.26079800520728824,0.24437654837781378
0.20177974532197146,0.22392216684132638
0.5313311939057399,0.479874508199305
0.8867636182695946,0.9534215633137045
0.43055051976375025,0.3809609059529455
0.40167193014757785,0.3749693256567108
0.8049525415671472,0.8701720533355647
0.701204855667555,0.653379044064596
0.3334517614238404,0.3719917639661456
0.5310061280790112,0.486816213259627
0.5310061280790112,0.486816213259627
1.6311938156639971,1.5503063147270395
0.43728167779393634,0.486816213259627
1.4011359162168155,1.3459596935223432
1.3794300950972271,1.39294250009709
0.8590730429338993,0.9323052812685089
0.8329017131359403,0.8786633964587295
0.613490070944503,0.5512336033386681
0.43728167779393634,0.486816213259627
0.9087253275126446,0.8585845338867197
0.8001553603212604,0.7147777212019037
0.624818935614512,0.672116160647369
0.36475733744737254,0.419883497655863
0.6442907180512092,0.7146300235829016
0.5481752658020951,0.5008393155864593
0.4606344776148586,0.5002899868140815
0.5310061280790112,0.486816213259627
0.2856848325344805,0.30826117460360564
1.20777177428636,1.3269822307570098
0.5310061280790112,0.486816213259627
0.7462422436861591,0.6967749037341388
0.9018985537543951,0.8429969418513754
0.6427296372891488,0.6895325702058279
0.8917153271660015,0.845400214622304
0.7648470529751694,0.8429969418513754
0.6262460298639587,0.5628536597593452
0.5205367876240103,0.5628536597593452
0.5310061280790112,0.486816213259627
0.5310061280790112,0.486816213259627
0.43728167779393634,0.486816213259627
0.12774845870722462,0.14125376568883308
1.3474233213434166,1.2573328323420967
0.5310061280790112,0.486816213259627
0.5205367876240103,0.5628536597593452
0.9018985537543951,0.8429969418513754
0.5205367876240103,0.5628536597593452
0.6262460298639587,0.5628536597593452
0.37092122130525096,0.3404992227439317
0.8702352243396925,0.9504944015406934
0.37092122130525096,0.3404992227439317
0.4534864504745519,0.48865629825679463
1.754481668516114,1.7422379876553125
0.6262460298639587,0.5628536597593452
0.5494104677368741,0.4961019462320897
0.8219320705291148,0.8947198272486088
0.5205367876240103,0.5628536597593452
0.9018985537543951,0.8429969418513754
0.7976458712192097,0.7514064926772046
0.27475533871094243,0.24930350318753883
0.700201618248722,0.6356192292331406
0.8669452518691853,0.913117163648579
1.0158206740818148,0.913117163648579
0.5451294932947973,0.5129469450609024
0.8136893334387463,0.7435215593251446
0.5708078949746606,0.5244004701619238
0.4495818016275441,0.5129469450609024
0.4495818016275441,0.5129469450609024
0.7414325864549374,0.7810869691376479
0.5381246060192099,0.5052307634015654
0.5281091486270112,0.5943798893186109
1.0158206740818148,0.913117163648579
0.5451294932947973,0.5129469450609024
0.6259220414101948,0.57648010351198
0.6877748188744685,0.6709968446390575
1.1821526172074563,1.2545779309668017
0.5667982930154796,0.6312299257790787
0.37666831051255484,0.40342519165842033
0.5667982930154796,0.6312299257790787
0.3660737070597083,0.3700086651840795
0.8378007377812801,0.7591527085037852
0.8990763365043173,0.8602860778424705
0.6708848875818743,0.6312299257790787
0.22129941665114428,0.1963820189943002
1.0776888539967187,1.1674576440600677
0.3378950391379077,0.3727419125906711
0.4670258505521438,0.442041783724562
0.37092122130525096,0.3404992227439317
0.07965080529430371,0.07068435811976885
0.41609332020746775,0.3727419125906711
0.18663825989543956,0.20953528217707046
0.21553181977307595,0.19946705457290853
1.328487513114474,1.2905747731218222
0.39121501892545607,0.4463006454737435
0.5498716174530839,0.5213230296298553
0.6856837594013622,0.7424666349513844
0.694285222826006,0.7435215593251446
0.631468946602222,0.5942497120959376
0.06895833635528442,0.05897401175001948
0.5277950361262486,0.5012411781095518
0.8136893334387463,0.7435215593251446
0.935519129191087,0.8559251163523643
1.147708392712739,1.070465308284581
0.7712248633354508,0.7424666349513844
1.0601903720705812,0.9897502757474536
0.4629056575697222,0.4641114071558921
0.5783203379168431,0.520240424970219
0.42524422316027843,0.4646889680232639
1.2544725129972834,1.2425457400092146
0.5109508047576073,0.5749504653264856
0.580966813450359,0.6419422091327821
0.16378394779872502,0.1758969375875781
0.49732452643179703,0.530216096317944
1.1872813042326489,1.276250109498077
0.7599643799756719,0.6946251630838691
1.0830065307224352,1.074991996589854
0.4107887497686084,0.3797047591316207
0.10497286673721688,0.10902259610000749
0.8478993974515384,0.823856662015073
0.22857218433500634,0.2186274336335409
0.7166590644166672,0.823856662015073
0.13965961964189716,0.15630475555718606
0.8862971930504194,0.853007180406725
0.669731938614712,0.7209402461935372
0.14328070327098097,0.15267155796004758
0.10383991023313655,0.11201673410750629
0.6451701436536793,0.6970858796839112
0.7674805723621296,0.6970858796839112
0.18409555735465893,0.2039456011203663
1.1986412730115326,1.165200826629386
0.4553294934484226,0.5100490737901139
0.6451701436536793,0.6970858796839112
0.4134823438927761,0.37376301108147547
0.6727777462486241,0.7126894551185219
0.18019685279440775,0.18462333845247858
0.8646301033105255,0.8513319688120964
0.32204095566209595,0.28701061134305805
0.6157312244325894,0.5920263653631634
0.8049178806681273,0.7613806582464812
0.3267030692194649,0.3470952016188739
0.41981320545942336,0.38562911275525813
0.06623813022475404,0.05991603572821242
0.6256740164503021,0.7054204511255765
0.5735651002236897,0.6053669183432976
0.44906543413130573,0.4961668939406928
1.3257980029974854,1.433227320345063
0.3976540372933914,0.4350541962034849
1.521609928818157,1.433227320345063
0.7885515550933959,0.8287360123102805
0.6886687665951476,0.6688722111061138
0.4266791212729084,0.4508354349731045
0.30673144897814786,0.28950525227083396
1.237662492730088,1.1774984112390439
0.3086890924497345,0.27251480009858053
1.521609928818157,1.433227320345063
0.36961621759686947,0.3891819418861887
1.3376290270894549,1.3960890229449114
0.8708193324872283,0.8116864519467383
0.30224124066642494,0.3401145686454236
0.5493244941802448,0.4905814719054331
0.9982446104067759,1.0469464276304783
0.4532384981531466,0.4905814719054331
0.12101559884174552,0.13890118757687606
0.86118643670457,0.9474467611937072
0.22998745963097894,0.25208227433050295
0.3634306667827516,0.40531146500312365
0.4641422932728341,0.45051762488007635
0.4248110125862718,0.4577524164211775
1.1721045696554588,1.13478719661232
0.3364776364364684,0.37573516783340577
0.758747505873706,0.7112533291578469
0.7802310718509506,0.8435175610967172
0.3129219217294087,0.3309176695893495
1.19319651243301,1.1542428091836479
0.9093114016063428,0.8435175610967172
0.8328189368514478,0.7942721519803145
0.42632897852505286,0.4792816178851149
0.6140807783476798,0.6707052534177754
0.5685088486065035,0.5363059822603222
0.2941721525947336,0.30172549678061844
0.6712890667407809,0.6678575161996758
0.2146848448574304,0.23346411873728243
0.4553294934484226,0.5100490737901139
0.6460706247188445,0.6013158395856818
0.3613291430523287,0.3787689224266411
1.1725890475901217,1.1135422230479128
0.9022213027560368,0.8510144565703737
0.8771672821496314,0.9343147717807211
0.498168691520756,0.48574155461649954
0.09784166893773785,0.11588246259166012
1.25079209091557,1.1557135031076164
0.8328189368514478,0.7942721519803145
0.9153370845264411,0.9504359982313625
0.09784166893773785,0.11588246259166012
0.43900163155014227,0.4061272737881139
0.4632074834668033,0.4652623359118276
0.12903548751205562,0.11588246259166012
1.9826395166257231,2.128485765180905
0.6067906662577571,0.5753110115323523
0.15888104392553143,0.18219051467174144
0.7954434402171177,0.8512998426780167
0.36268174666875447,0.4061272737881139
0.38514655886631577,0.4080167221797265
0.36865359581818796,0.32911759559070614
0.4632074834668033,0.4652623359118276
0.3957165846012865,0.3555848542504526
0.30805941689874144,0.32143929519787506
0.23394728722262134,0.2568961543477014
0.6263015144850906,0.6059944896685933
0.787126426724812,0.7523733697409366
0.4632074834668033,0.4652623359118276
0.08069620028687967,0.07676684591061977
0.42273855537163696,0.4419692922996622
0.5708644257806227,0.6296582181294533
0.5451294932947973,0.5129469450609024
0.7236541561114639,0.6816890775676963
0.4495818016275441,0.5129469450609024
0.2876014817328387,0.32137412256535863
0.7130012194915017,0.768718034492943
1.325773260432342,1.3454538807249148
0.19501747234187017,0.2192905933327301
0.9556905016776942,0.9042406317640522
0.04365404740294632,0.03644741113992012
0.8669452518691853,0.913117163648579
0.2144272731273844,0.1874783153733378
0.4563077764907831,0.471023907367434
0.8669452518691853,0.913117163648579
0.7130012194915017,0.768718034492943
0.34279794479192377,0.3680496192337729
0.8669452518691853,0.913117163648579
0.41214241032339577,0.4439462190592218
0.8669452518691853,0.913117163648579
1.034993408191995,1.0790356124136469
0.17631689523806968,0.15832953274464426
0.3794735722275626,0.41149111733839117
0.5668831997856016,0.5535779857215091
0.3548744243188941,0.33245512107590697
0.3885715866487464,0.3633786822965206
0.6741777637234918,0.6988825528181342
0.3794735722275626,0.41149111733839117
0.5964883121245775,0.6874445152990367
0.6698836319675632,0.7204116932362057
1.0228492756471546,1.0381188742602163
0.3879951480398348,0.4371418612811539
0.36514194210808293,0.3306040786589775
0.35724426184620095,0.3327044041479696
0.6114317113345138,0.674329708880196
1.074714955465319,1.042034155282799
0.5439340206138766,0.5857422268892062
1.1468359321366568,1.2134725608674366
0.9121335629380273,0.9464483996218322
0.9665222727822863,0.8972938438488928
0.8228905496710559,0.9023326693670366
0.17631689523806968,0.15832953274464426
0.4956796409582878,0.4642106062688879
0.17631689523806968,0.15832953274464426
0.920397445799834,0.8581968967845716
0.14798390195101604,0.15832953274464426
0.24931552457202968,0.2703398306312378
0.7544377060015378,0.8156531234047685
0.4579231791958515,0.5311629847126603
1.2921774035905633,1.375952473670563
0.9438668497838689,0.9744883327219621
0.0837241397005678,0.09027739718372463
0.2608597612450995,0.29115327330364854
1.1556058821287352,1.2029146746011328
0.162853509217269,0.18961303044845434
0.5939504373731566,0.6071026710781485
0.883956140297364,0.8766844899918799
0.4579231791958515,0.5311629847126603
0.863280681123079,0.8865397854636557
0.8100113458497659,0.7451568138358288
0.5648612769258862,0.5103299475737292
0.17631689523806968,0.15832953274464426
0.4729545381982587,0.5103299475737292
0.6242912928718686,0.6633802145552475
0.41126893427121924,0.3916264317733701
0.4045716777070244,0.439711892001621
0.6245983504311384,0.5891242819707202
0.8665535843033466,0.7863818622069372
0.6403984917477361,0.6329132810070206
0.4045716777070244,0.439711892001621
0.7974923059143156,0.8039385469337447
0.4425716279840171,0.4862167749647901
0.491399680330125,0.443147857886617
0.11891657177893045,0.10055254013298671
0.3987321179456855,0.3991631035423982
0.8209802163319047,0.8801960363227022
0.278914973172028,0.30950820416723235
1.257299389929701,1.3443398591533429
0.2049151651151298,0.18653825432030297
0.047981615585868644,0.054282946917210556
0.7079268443085011,0.7210429108102648
0.7079268443085011,0.7210429108102648
0.21418203571085917,0.2448133988731067
0.6823247730417082,0.7169551093146173
0.635611292329581,0.6890643093393279
0.278914973172028,0.30950820416723235
0.45074487730088636,0.49147499128471805
1.0863234391798366,1.1305444962711433
0.2659617086466974,0.25879141453389715
0.23666649997552028,0.2680125522007868
0.3421765139537539,0.30950820416723235
1.5094270765746312,1.6059670881926509
0.5730788624991986,0.5387866630887396
1.3315424316714413,1.2585862139150763
1.4741236016065442,1.3902845871588374
0.545201230123871,0.5308240548626378
0.8668462899936958,0.887023541775862
0.32485826125731154,0.2863555274800368
0.4418949841036179,0.48979415991273717
0.7810235568728305,0.8465980212530634
0.5730788624991986,0.5387866630887396
0.38808690891191694,0.4168684906844911
0.397767313658445,0.43839401813591156
1.3269646506571995,1.3166653346870345
0.7406616116574027,0.6949958343257198
0.3514055049192029,0.3948699375161034
1.0039008588684453,1.035839095411507
0.7225417856667202,0.6989569228070381
1.3269646506571995,1.3166653346870345
0.3648231269077399,0.40842832121529293
0.48285247762191236,0.4368630505254054
0.8668437427791172,0.7798099738706892
0.8629330820147989,0.7880649033664698
0.7335485503945769,0.7798099738706892
0.5939504373731566,0.6071026710781485
1.4780402680745168,1.3948594720885206
0.3005996603351159,0.2892959999701782
0.2791403350216476,0.3147006320073505
1.055286158860271,1.001315140289107
0.4307314992662409,0.4866331931706289
0.6626710245361007,0.6238947393320509
0.34243875815965874,0.3147006320073505
0.6199189854249563,0.7001870441659981
1.38393481779869,1.3794740392218348
1.3919278013767373,1.3115923849542428
0.6790615414741461,0.739489302844907
0.35917123201591294,0.3828289879774981
1.1309440599756533,1.059328382552354
0.5452030767450454,0.6133995232443775
0.42294503336760575,0.4241492416314698
1.784013593452253,1.9034670683840704
1.1037989634599104,1.027256576665462
1.3472543663784367,1.2392235152572175
1.2192538029617062,1.3115923849542428
0.7667857627264005,0.7013209235615558
0.6824390426375474,0.6688574346958055
0.5694563155969719,0.6011491393668561
0.24168398116504208,0.2604346518948467
1.037561581383489,1.1542428091836479
0.3162264399609557,0.3605386197149612
0.14011565910303292,0.11743552601051263
0.3254406941060588,0.3543801525519756
0.8022625311121436,0.7441765881720223
0.30022681898108833,0.33712788555673856
1.1688630088223757,1.2511257243994165
0.9280882175472619,0.8635308675739614
0.6135786706316765,0.5734675274117342
0.8845749618642328,1.0184822588848579
0.30022681898108833,0.33712788555673856
0.3172179294451547,0.346211769769185
0.3721077427968603,0.33712788555673856
0.32389039071700115,0.2920723531587154
1.4768893838119987,1.3732379950933105
1.0440775171004661,1.0684268703866213
0.8278254817226108,0.7760747018216719
0.6795188435145415,0.6165731175563834
1.3874865334671909,1.3413016643756615
0.4030697089065412,0.39292365096875637
0.4030697089065412,0.39292365096875637
0.8325928289349769,0.7487674015473009
1.0506376009028278,1.1017136112968056
0.6830087823221728,0.6903901594416502
0.7069638183567689,0.7760747018216719
0.4030697089065412,0.39292365096875637
0.33371259909638373,0.3031410221687307
0.748122107525833,0.6890643093393279
0.7237453087254047,0.6719666475057561
0.22543930995295422,0.22498628844158894
0.10567825512103815,0.10976977884927124
0.4030697089065412,0.39292365096875637
1.103420369912607,1.1241771651545491
0.9925391782772057,0.9409081798910448
1.0405909746180662,1.1018350665789067
0.6318943762455536,0.5997272385613212
0.25342181557176946,0.2935482782839622
0.49783415810955195,0.4635598287611043
0.8900090422319981,0.8416944400488457
0.8946810032952589,0.796202247281454
0.6846587520734545,0.7231267772719787
0.6141843213530587,0.5882496886440726
0.38433070867426844,0.41930525212690095
0.47073113068524797,0.426866065168956
0.5082982753958677,0.4982768449004445
0.7887566978307821,0.78722399212703
0.15541851977721632,0.13519268011077326
0.0961964600974469,0.11555315209527237
0.4125654434848173,0.47484135704166974
0.3347161940729926,0.36723730103519325
0.9749174663651197,0.9162771776735219
0.2613833360772889,0.26242978555853597
0.8413402527220424,0.9386209461337802
0.556128825331503,0.5786278680795498
0.38968296029613547,0.42570134800705745
0.050692895691231026,0.06372022458676624
0.34080720542866344,0.2993325032740662
0.04678271358758301,0.05183549142621691
0.6033349999618879,0.6060448102914362
0.06631205249845706,0.07219392132755599
0.4458054566210449,0.47703610368240995
0.4125654434848173,0.47484135704166974
0.27280464514689007,0.3169592848485723
0.9873086659489992,0.9386209461337802
0.6015309770553934,0.5515206026265684
0.4336918042830211,0.4682912086720579
1.0845610955792115,0.9728180207347481
0.9705009991019005,0.989210319496143
0.91848902936332,0.9692172598333327
0.7041189888399157,0.6479611790430622
0.724859580837445,0.6913297372629537
0.823520588178098,0.8836637956894307
0.8458043268648135,0.8548424459367252
0.3136724645486261,0.33863282964342517
0.6188927391258322,0.6707486622988995
0.3451038432024063,0.36622653716553494
0.4875054394296178,0.5378845014548245
0.8190231888972648,0.8770276166647393
0.7877465063509831,0.7999358502045677
0.7249884516278934,0.6470149819715089
0.248617342642434,0.2556052028443912
0.6075415809998395,0.6470149819715089
0.6418504322988561,0.6828492964755546
0.3418210436727006,0.3649891459283321
0.4875054394296178,0.5378845014548245
0.1735234044913857,0.1935452842902626
0.31499333815241715,0.34995604527228563
0.8190231888972648,0.8770276166647393
0.7249884516278934,0.6470149819715089
0.3453725397703555,0.34637315422236103
0.19967662856308757,0.22558802280986417
0.3043467659867137,0.27247982694776746
0.9246647456287896,0.9492476310031135
0.49890071332532415,0.5282962866570518
0.10429174366306052,0.11769342946229544
0.3453725397703555,0.34637315422236103
0.2531214149864468,0.22558802280986417
0.272471971574403,0.30570861237862135
0.5940379077389996,0.5571237784570324
0.712374500560911,0.7582985809972926
0.19967662856308757,0.22558802280986417
0.5627830780856722,0.6319820946491144
0.712374500560911,0.7582985809972926
0.3453725397703555,0.34637315422236103
0.8767420277275739,0.8200339872337533
0.8651070868196408,0.9460374140886165
0.6071195511217625,0.5371936206688717
1.5994471985105763,1.6132748987293861
0.6859617723244911,0.6469701804368193
0.4232934971372303,0.48033970293992867
0.43588206352475184,0.4293242887691286
0.722562706596336,0.650398670531712
1.4825111983208072,1.362815943554337
0.787162888380629,0.741560163513617
1.620895481411595,1.7145293872556948
0.7007123547672627,0.7689420513348147
0.8299939303415896,0.7689420513348147
1.3349612985509336,1.4184075675346297
0.7007123547672627,0.7689420513348147
0.7007123547672627,0.7689420513348147
0.8299939303415896,0.7689420513348147
0.059167879049702776,0.05031508479457048
0.6186664923061577,0.6235045081878658
0.6135259829155029,0.6569101874430624
0.9832125020586902,0.8887394689938524
0.6928309872787093,0.6569101874430624
0.14625448017860226,0.16527977763045015
0.9802543286897452,0.9157361950299678
0.6393513854796551,0.7091407352714135
0.6296796572696833,0.6774053981883582
0.19832267138850687,0.21866554164580723
0.7785545042446174,0.824568662396113
1.7060014037436477,1.5996695421556395
0.12612036827336892,0.14783337978405953
0.3778371636764269,0.3437306312047014
0.8350141865110668,0.8539485538273374
0.10429174366306052,0.11769342946229544
0.316312231651212,0.2778876580962383
0.13705761079093357,0.11769342946229544
0.48471148430079136,0.5294088732798691
0.8139681620328741,0.8890477465974557
0.9981326827482594,0.9111553882630206
0.8139681620328741,0.8890477465974557
1.3133167888733324,1.4090790922802885
1.4484732143282424,1.5308461885171314
1.3082787269207137,1.2314920521284787
0.9567868958883915,0.8890477465974557
0.2644814193157506,0.2964687430645201
0.23717250578787527,0.2231889408249519
1.1114832511978152,1.1982593223245792
0.7839461946608736,0.8643124230206861
0.8139681620328741,0.8890477465974557
0.2437801426088928,0.21714323850468414
1.0629100038749075,0.9741770274991086
0.14090772642728525,0.1418970578516186
0.21096981714603127,0.18562651472395833
1.023823010089516,0.9550252586354688
0.8228052223998688,0.7756127045009983
0.3357078193197499,0.37858133790719467
0.2988186951292284,0.3268878983533355
0.3704580693340492,0.3268878983533355
0.4135465468550583,0.37858133790719467
0.3357078193197499,0.37858133790719467
0.8776232097564202,0.8063261727454123
0.4135465468550583,0.37858133790719467
0.8359731937088017,0.862759866156224
0.2704957734318539,0.24156337475419487
0.21421567419514584,0.24156337475419487
0.2531214149864468,0.22558802280986417
0.4848362167123213,0.517276220142701
0.722562706596336,0.650398670531712
0.722562706596336,0.650398670531712
1.20777177428636,1.3269822307570098
0.19967662856308757,0.22558802280986417
0.09670014931670047,0.10028487074446953
0.24602472387901755,0.26430965860897054
0.3361338534985474,0.3580172166306736
0.5126159607890992,0.5512336033386681
0.5126159607890992,0.5512336033386681
0.4045078172010876,0.44139853490798536
1.8585328143523945,1.8786537945447803
0.8132096300751405,0.8572700760064019
0.9151998280586665,0.8303798480935092
0.7200861259614967,0.6684927155537167
1.4829986736534895,1.515976575561277
0.5621093436985167,0.5523918260883307
1.20777177428636,1.3269822307570098
0.469912740518039,0.5088077646263183
0.2856848325344805,0.30826117460360564
0.35505122160250246,0.30826117460360564
0.3745184736038814,0.4089068125122991
0.35505122160250246,0.30826117460360564
0.18505387328680978,0.20629145204292457
0.7171238687261576,0.6661057268948891
0.5103187022228545,0.5105008464813947
0.2856848325344805,0.30826117460360564
0.5247542473963974,0.49368648569841467
1.2816972474448787,1.2303746672843259
0.2856848325344805,0.30826117460360564
0.9673209956829945,0.8962678489169928
1.20777177428636,1.3269822307570098
0.2856848325344805,0.30826117460360564
1.20777177428636,1.3269822307570098
0.247410738010645,0.23651988347784245
0.6241345794507562,0.6592269696351374
1.0385299839533277,1.1128355945373838
0.35505122160250246,0.30826117460360564
0.2856848325344805,0.30826117460360564
0.6616191404289258,0.6930017107099633
0.7970881266293567,0.8603573341684476
0.7153144357333291,0.6720304527008726
0.2612787895645445,0.27286851900160974
1.0005177747951988,0.9334383676692156
0.6145214571419187,0.5622312190148326
0.4054340291608952,0.36905190439504015
0.24979119021315996,0.22401314293107133
0.24979119021315996,0.22401314293107133
0.5674179730915794,0.5970448664448968
0.19689632980844202,0.22401314293107133
0.22430632673354048,0.24138192749341839
1.0021850264937835,1.0697741396899518
0.4200827927606397,0.45822158999249196
0.8613722177469052,0.8194974509801082
0.4525976434989908,0.5186614774014233
0.7689584953675934,0.8194974509801082
0.7416863228566007,0.782075178735606
0.6202775872835196,0.5898061311708145
0.20726324110967068,0.21208898531498327
0.4781970474364348,0.5244004701619238
0.4414862195542915,0.3948245507173177
0.5722561750894294,0.6132667705163554
0.4509687665605046,0.43334778233095955
0.22759642415352704,0.25556110978374047
0.04071123539036379,0.04555635835335677
0.3175409731420473,0.33334946338168886
1.3900623933028466,1.4893544434652795
0.614629142680771,0.5674860007085842
1.664067753877539,1.7116168007596686
0.7570194005440551,0.7104629318427104
0.6096042298520727,0.6629020907271317
0.7284090794986062,0.7842882944088957
0.5396625347672697,0.5047259062607017
0.3830346684786133,0.38917787586491065
0.6096042298520727,0.6629020907271317
0.0551500348211216,0.04584942668868589
0.44912428690035877,0.45824307826608957
0.47337613320945265,0.5047259062607017
0.1812388713357123,0.20308865533275877
0.6679679880481016,0.7243356423753428
0.5396625347672697,0.5047259062607017
1.8048276927967024,1.6939390457104087
0.7966999792210567,0.8696325119882529
0.5665845702372874,0.6001680338503887
1.5856939879971255,1.6939390457104087
0.27274929841153894,0.25149200863225624
0.15349421811030453,0.1651401972952257
0.8692586331727656,0.8079135812174956
0.6058008850167299,0.5730995407357689
0.3930085373934203,0.3504915868820533
0.39954855814928786,0.41905474326157355
0.46062513304419445,0.4700240553745076
0.9333633897928088,1.0049152913944015
0.07008482072997045,0.07975919324072628
0.28628438501982484,0.3203961837616759
0.35575533616689076,0.3203961837616759
0.28628438501982484,0.3203961837616759
1.5357086812908693,1.698430323908394
0.5413846758281755,0.5366841114841315
0.6773577200515973,0.6781071645924813
0.4462308620890995,0.4625000803068742
0.4916946221156518,0.5330346075176733
1.6360776558863424,1.72008839096618
0.3406886581018392,0.3016424160124214
0.6268651343686449,0.5769665047595276
0.3460789397844158,0.3842494241385447
0.764136381532714,0.8246221617820156
0.18100341339494172,0.15755798097184148
0.5210802444068454,0.5769665047595276
0.861354995588342,0.9025955673433478
0.20950831064455067,0.18891487155406414
0.16344495332692957,0.18891487155406414
0.5822072630081134,0.629975588964699
1.161773249447847,1.0975118886132729
0.41883304281390527,0.4125608398018672
1.8918886527214318,1.7594296236997642
0.07390905571635746,0.0627465512556561
0.06263867754803945,0.07047316722834551
0.9581151433412713,1.049314537896546
1.1170537089704806,1.049314537896546
0.5873722092322237,0.5618840336745472
0.6199672821550604,0.6746790977976163
0.40106978060526627,0.4262749470441784
0.9013166952852518,0.855714124399232
0.48886323219718547,0.4299557438568012
0.1491692941807752,0.15451556479263726
0.4586123806419094,0.4159929467270993
0.4653851279548472,0.4330240906128546
0.5523867766143765,0.584422689245498
0.718764959356322,0.7815008436456918
1.0078365074952758,1.0762241440854392
1.0484062621248633,1.016391375623779
0.3230832716712906,0.3595631234794114
0.3634306667827516,0.40531146500312365
0.5483838677880319,0.5866589580449367
0.37065726621316997,0.41684999057359434
0.5165583608392998,0.5215325364293252
0.48749012698207417,0.539336350821323
0.5209989045486421,0.5497161382974202
0.2702572838395957,0.2836466008917369
0.6995410801795819,0.7873851644564593
0.8011024875635202,0.730344657124876
1.2383934424666434,1.1939135223474988
1.0078365074952758,1.0762241440854392
1.2383934424666434,1.1939135223474988
0.9077527797035653,0.9004422880023965
0.2509974937315003,0.22191212598333254
0.42294503336760575,0.4241492416314698
0.6644545847249518,0.7163964690109964
1.1230164828252212,1.0913170340595975
0.3643448437267877,0.4093278824889876
0.9451692907833101,0.8991103994757629
0.5787695794501393,0.6341221415082325
0.0964545051531039,0.10010615355407418
0.5171381222914584,0.5395273648155067
0.8340667453683563,0.7691634446004357
0.5876342585314593,0.5395273648155067
0.6843501774926567,0.6341221415082325
0.4184151242398665,0.39047340622575044
0.43935585991047676,0.42659686047800605
0.4271804022830258,0.4550955535631057
0.23889315683303905,0.28103047663201236
0.28636505525213873,0.32404650528103995
0.3558500693517857,0.32404650528103995
0.9630842426988278,0.9253211998352738
0.3186044045507244,0.28076624169419545
0.4854933571784559,0.4713681015332068
0.2166553868674309,0.2341545569867228
0.6953663238454032,0.6692172579869679
0.35303108483945994,0.38301412315681294
0.7879309329022463,0.7684392551238137
0.5757009160348867,0.5161184972391024
0.16654710081688906,0.1518493072764431
0.7348643912900695,0.6991438033182515
0.3854129069563512,0.35186763497794177
0.6443443595315587,0.7091651213746416
0.35544603157233895,0.32810080364172944
0.255793255342045,0.2746460301847469
0.025820892136215218,0.029714205803497856
0.025820892136215218,0.029714205803497856
0.9068960753344153,0.8747260007718382
0.8982796573879019,0.8403443326283491
1.032346934873534,1.0197562588442894
0.9620260741896997,0.8936656904367387
0.7616132371903972,0.8403443326283491
1.0472361857128318,1.1318543245347485
0.47547871281523885,0.5186638586122909
1.3164831748307946,1.3822167356535373
0.6531008246910808,0.6871863030418998
0.5965625283574181,0.641378848231308
0.836587071113847,0.9046473854947601
1.330373843236966,1.4081466489674495
0.4744612801128442,0.4609545709414414
0.23507916514725344,0.24634021962725225
1.5266135305341104,1.4081466489674495
0.2679502328756061,0.2890449842250355
0.24869509791759023,0.22438382459520909
0.06792297490941812,0.07482444638794657
0.178201053029763,0.16822041513160008
0.07978646846584456,0.06648646326324878
0.6849293351898694,0.6985430646943973
0.6466309472395325,0.6971703344658237
0.07978646846584456,0.06648646326324878
0.058835720159047415,0.06648646326324878
0.07978646846584456,0.06648646326324878
0.47388334702674684,0.42934836135640103
0.3722129578189474,0.39276764277947634
2.8622797519823164,2.743815965000395
0.06792297490941812,0.07482444638794657
0.4792663401172675,0.49451964394375153
0.5961313727391654,0.6236730998485908
0.8081370239399894,0.8760241238503566
0.18663525377344622,0.1717361386292046
1.0007602132120774,1.0265416032719068
0.6769722862229646,0.678145267129805
0.7253406096145556,0.7607248499416152
0.3517041846974473,0.3867909549352325
0.5441637071682724,0.5106755877461253
0.7556303511115579,0.6953337109304285
0.8038253333122538,0.8416621720282551
0.07876306749837281,0.0833965669669453
0.3584557246304511,0.3311924005783859
0.6886091795165886,0.7345701581820392
0.7527335710036197,0.8202958791927069
0.5718469233842903,0.5411613213372297
1.4190529543363155,1.5075611447728756
0.4655749799925551,0.506452124027495
0.5860822658781378,0.6457088905029502
1.243963038244842,1.3186609924418518
0.4698221332496961,0.420469706201314
0.7130206212913857,0.6840876001433891
0.8342183911795442,0.8933904890280737
0.47306928195091685,0.4644309608209513
0.6871995304407108,0.6930305162080977
1.0738602473897174,1.0611801270964178
0.2548995512686241,0.2482468404551328
0.4268534985023104,0.445477319972724
0.19854562955507657,0.22564684737911203
1.0724008677391903,1.0845701103018166
0.4683442197993544,0.5290594317027456
0.8655646644499628,0.8256368808347516
1.329912513990109,1.2094167348030131
1.0724008677391903,1.0845701103018166
2.755220929022992,2.8961184602294794
0.38027733467909725,0.35435087276806526
1.329912513990109,1.2094167348030131
0.8472799122898611,0.8895486435636408
0.7647833234918695,0.7886269634104563
0.9836010693279379,0.8895486435636408
0.4583980345944643,0.4625723319299276
0.590817260612418,0.5909010436361571
0.8602785071414362,0.8994925690824971
0.7038295186243404,0.7591430427833036
0.37107552849228675,0.4040556096447974
0.38555397603556674,0.4232420592529954
0.34209125579577754,0.3066640937064039
1.2388520209193663,1.3314189480964906
0.4652397624919438,0.4232420592529954
1.426405382125598,1.3314189480964906
0.7562502027790848,0.7683128991676756
1.2388520209193663,1.3314189480964906
0.32834085507774224,0.2983901584048698
0.24842951041788994,0.2803161981711911
0.6149697021198169,0.6646471838527583
0.9911523736121632,1.0651157901294845
0.6018412289702146,0.5468259714390498
1.426405382125598,1.3314189480964906
1.2388520209193663,1.3314189480964906
0.39161422346010794,0.43334632866707135
1.3368672559603383,1.4061110200097158
0.1635678878810354,0.16894188369237972
0.7857371062082401,0.8951541886299537
0.651535298199345,0.5973670252179567
0.27081969994513017,0.27761096814842917
0.4652397624919438,0.4232420592529954
0.3563297889398789,0.3185258577319347
0.16665143771346547,0.1826161345171288
0.5322749652445041,0.5824478659957538
0.622147159280928,0.5585564972720566
0.18244139641168278,0.1958730605091099
0.9063694198857551,0.9800028562209449
0.8380810570532594,0.7956660151964875
0.5192518448955714,0.5598804596857644
0.4729545381982587,0.5103299475737292
0.6708194976352992,0.7164382094084137
0.6483658574112242,0.6928030359856673
0.5531845194948646,0.512309558115026
0.7862483718713682,0.7066321253939867
0.22045754524161526,0.2304098103464916
0.28846982572602425,0.2899658894644297
0.6046715893221298,0.569512385871177
0.6673069522246801,0.6845370565281501
0.3255867584754097,0.3571104527733551
0.8559377347803236,0.9140689510637411
0.3408472480515155,0.3095344791752689
3.0882391038092742,3.189482900321013
0.6787789344437424,0.7445683877176446
0.7077248863974435,0.6442412998857585
0.7159847961930086,0.6703862994693072
0.5468858108766179,0.6060082574320649
0.20574360579523102,0.23517766893608866
0.595457045021113,0.5453035753062809
1.4190737993466216,1.3630748874120124
0.3530630136157251,0.32957183294619447
0.49783415810955195,0.4635598287611043
0.7581033921799156,0.7102183196412152
0.22397313195116864,0.24760744492659956
0.4481912590512558,0.4107226657904509
0.3915703380138437,0.35763007068306196
0.5008720208823785,0.5172023961373714
0.34663782457163345,0.3536373645512018
0.8675204145268501,0.7892281215497622
1.3417361539605934,1.4438260359841515
0.9063694198857551,0.9800028562209449
0.9813500145650389,0.9891834324511759
0.8794613876924795,0.8302940759393963
0.33505876322158673,0.29868658287577426
0.8675204145268501,0.7892281215497622
1.9924880674867649,2.068970356115436
0.7331262430463441,0.7623426701645469
1.5137224805451153,1.569086507134635
0.32457908864308505,0.3653847102985222
0.5968893070745916,0.5611396083716954
1.2850699454175627,1.367602440716127
0.3866685118191765,0.3411061273886123
0.7771726132013299,0.7328762354128596
0.46561174770898556,0.4427346485186082
0.5567374606687088,0.5099778196232908
1.3870105866370153,1.3732878122015675
0.14235798682343032,0.16790112354514442
1.4572254766057842,1.4098459481567616
1.0922590020324545,1.1792280839244156
0.660785052933451,0.7031689338798621
0.5009842136124915,0.43994518089796497
0.5231154483725764,0.55581625946712
0.5846143756414692,0.5464050557241787
1.6152770446084566,1.7374560715979082
0.5009842136124915,0.43994518089796497
0.27682189688534525,0.2915359427973579
0.4119352993851816,0.3652800786548942
0.8603768682979834,0.952230935057726
0.4086569524128906,0.3674701799167252
0.8842801047057542,0.8090393313962906
0.48902516738745033,0.5375253308789294
0.5812841526495113,0.6242987878188324
0.8191182713882947,0.7670884724025783
0.17907938387331043,0.1905924018467989
1.0578964502807575,1.1164662343803906
0.1794409109985967,0.1918308758045818
0.9613273184126866,0.9702108189215795
0.1536954517468495,0.1333430590119112
0.7885183694945673,0.7704238534844627
0.5299566333881556,0.5705531715793387
0.8378828790057067,0.7630838381690961
0.5225649462381636,0.5560029558948841
0.4333315375663347,0.43250406496739624
0.8802844226416393,0.9653067696708484
0.37474946175512686,0.4066157577651042
0.3361430773268324,0.30365304621503303
0.37208252030085753,0.3365335009517345
0.30298721230490383,0.26921759037573817
0.8392310662044831,0.8877189548719578
0.264926561810793,0.2874726279173887
0.716250788047595,0.6709380484250876
0.5838963123951276,0.5250238395097713
0.769761124460448,0.7196337564956736
0.4778813447089829,0.5268705933039881
0.7443942081192506,0.6807471880061667
0.6573714185509301,0.6086554056148344
0.3331323183198737,0.37735141422555635
0.5313583945619077,0.46982685608405034
1.0885261982857395,1.1573280369474102
0.5285166166032566,0.5693062326286187
1.0266799842426575,0.9811239444072726
0.3331323183198737,0.37735141422555635
0.28428485237335693,0.29968459669047115
1.2404567754715,1.1669462545375207
1.3731246412585352,1.3060167422441795
0.22195568215242298,0.2497485078029842
0.9777874406494564,0.9281582780398513
1.0088270837769129,0.9524331038062369
0.18450779885687885,0.20657768914522223
0.6373036300449173,0.6925554008480589
0.4488720890612321,0.48033046893434284
0.32682384910435025,0.3566816538339677
1.4079499072519566,1.5161615427455002
0.8587985824351992,0.8262200134560947
0.607389492444083,0.6473957346309381
0.1690513001536496,0.14900933776131559
0.607389492444083,0.6473957346309381
0.6264716432918004,0.6509388940604977
0.9269820796995935,0.8779982425773472
0.7457213847819142,0.7404249645258775
0.6431995100560951,0.648004043685171
0.5510762228753309,0.575720947903594
0.6247424148266909,0.575720947903594
0.27391858937315117,0.2451337553650265
0.02444543324339258,0.028009296021844925
0.8756232267657045,0.9156658698184256
0.8441092995816947,0.8398775587563388
0.352476021979334,0.33565969616258334
0.052070901144893496,0.06133959334337675
0.47814942801974397,0.4992403283373042
0.3373222451909575,0.3737388893883327
0.3373222451909575,0.3737388893883327
0.38958188855074366,0.43457333398407616
1.1294681435845477,1.20609958563701
0.38958188855074366,0.43457333398407616
0.47604175579889224,0.43457333398407616
0.2700653312789151,0.23360817948135915
0.213854809514944,0.23360817948135915
0.49314229508414376,0.5355603235471554
0.7551354899982281,0.7284002883287909
0.6427222557754286,0.5875757684690709
1.143439145619407,1.178680005120038
0.7462504302898262,0.8111938993192432
0.5124942292230047,0.46785074148870726
0.4899508977648881,0.4544577951044027
0.6387702457506775,0.5762259491724956
0.3795442765546926,0.41337618864607295
0.6617821901805307,0.7171414671392664
0.6080185959273221,0.669715155058459
0.6617821901805307,0.7171414671392664
0.4634351324474475,0.45953436348913174
0.2596081587463623,0.28349220748357
0.4915159609521248,0.532698819920141
0.8375474446093439,0.7954883164802339
0.42578398316548444,0.45878443697569404
0.5896169960814099,0.5611686529243565
1.819763067128839,1.8859805222039305
0.30157629743069025,0.3224319903762897
0.40228187930319514,0.3509359087622474
0.6468109905313943,0.7221215885426719
0.14874534725765062,0.1531901809908041
0.14874534725765062,0.1531901809908041
0.4114960097502003,0.4418933606465863
0.3654288757789415,0.31709974726678947
0.5242060548209128,0.5492613797778355
0.4328142857778998,0.49037475018953414
2.114838262844388,2.1751275782204083
0.14000121481175068,0.1475784971340724
0.4846634144731623,0.5283513937439054
0.6428360225922983,0.6466315051855167
2.069811792874073,2.0962010880304756
0.5840391459057792,0.5365987698476157
0.3904753169628084,0.42061707309930585
0.39388396199981696,0.4392155056780153
0.9223274634222671,0.9096490042252487
0.7764732591192663,0.7768212415487871
0.6013662249511784,0.6045990731574283
0.34060847488897633,0.3291835707693288
1.4028728854989778,1.3053815387381167
0.4112374950445108,0.45143758031956943
0.1821493067633998,0.18503719068275756
1.2976252633774912,1.1938902477318636
1.2708697809026928,1.2047671907469457
0.9568639719448407,0.890564867513676
0.9217461626555569,0.8680143009878599
0.11148677755888452,0.09644809105376884
1.0416492408856604,1.018575889126738
2.068969582825906,2.0836813575109634
0.3461040823529865,0.3689059221885216
0.8553168855081991,0.7977865181639849
0.1254399447703907,0.1395892915525047
0.5789705354151138,0.5335568029288489
0.28553181732114846,0.2679556174723583
0.3927989579663922,0.36318212877594536
0.5789705354151138,0.5335568029288489
1.3721814938101349,1.274265183764851
0.5086967087569811,0.5473569069344365
0.5008615703831365,0.5442530215791783
0.16777542380266708,0.16509229281844354
0.04950165570780174,0.05936675853571817
0.43842210655525143,0.46989138900965916
0.7256183524652136,0.6607841707407583
0.7773037476866748,0.7265926852100252
1.4384415767978298,1.401348960637047
0.4143784198911614,0.4267850142976679
0.13193998941046228,0.16000774460243702
0.8079338835744815,0.7625612913308619
0.8531485120801028,0.7883136591618854
0.07731378585206485,0.08641148197988299
0.5901902120153412,0.6282402205510518
0.660347588317973,0.6366145483553127
0.2501759379836582,0.27696244119431124
0.31320314768961494,0.27696244119431124
0.5717387065661337,0.6132172467645227
0.6945261985196173,0.6564498794794187
0.17696845243999404,0.1585018614787132
0.06510976163732173,0.07599950137328812
0.614037984255995,0.6508884907351347
0.3980930692802704,0.36300284632312746
0.7263090347871468,0.7977530337842739
0.15732488439135664,0.1771632455758964
0.5053680903809967,0.47858875511831417
0.2771485542447587,0.2795876127175659
0.7924485900872664,0.7129930428566841
0.8741316565876127,0.8868860150393564
0.26496338783794693,0.2875779088782396
1.168539122408075,1.2497994539387405
0.688557437983376,0.6221840776300472
0.24527322184827263,0.2666322033053085
0.42294503336760575,0.4241492416314698
0.2602280559826587,0.24670413203812874
0.6899346202111385,0.6672413637210278
0.3908137837086987,0.43433721057455166
0.15732488439135664,0.1771632455758964
0.8165329669466834,0.7586698185737019
0.27004762659265735,0.29975679082699
0.6887348119285263,0.7586698185737019
0.8380810570532594,0.7956660151964875
0.5665845702372874,0.6001680338503887
0.21993723046968072,0.21896188387845525
0.7367465147303656,0.8255953038188902
0.6785964426483231,0.6001680338503887
0.7710118355114828,0.8602860778424705
0.09805182916982776,0.09180401068987987
0.5231225404598692,0.5740076322018244
0.24814091072119063,0.26290523421947165
0.3351547397632118,0.37304825014748133
1.6771029300171252,1.580591911263761
1.0916585437688038,0.996677199329754
0.30803924168626234,0.3273175671409586
1.2600181557127679,1.1678235611406331
1.044540317535226,1.0011392525336187
0.7864902459221148,0.8572434952137064
1.044540317535226,1.0011392525336187
0.8293696775851622,0.7550737852128814
1.3898656410951813,1.471100149152929
0.7467955659863695,0.6971265434141449
0.25689681681811943,0.23415683088836717
0.7286100493075452,0.7040319689065421
0.5604784467388376,0.5195947692113118
0.4844739743313803,0.5473858176059909
0.7427644967501367,0.7718732632225304
0.9035132136851632,0.920514931510617
1.1618867897098157,1.2109786553456394
0.6185015778585514,0.5810551107828016
0.6473277618254379,0.5874341414809489
1.1303364192515595,1.090361233116829
0.6473277618254379,0.5874341414809489
0.5635889051118985,0.5029914547721611
0.5390578184155898,0.5874341414809489
0.5453635217148647,0.5810551107828016
1.0137106460422936,1.056442242193446
0.8663340810881156,0.7925961692924958
0.8520941189915788,0.7876386261279387
0.44342268263926315,0.49362212199332167
0.5390578184155898,0.5874341414809489
0.6473277618254379,0.5874341414809489
0.8753828989139072,0.8113710453232703
0.6351865665194677,0.6296380694285213
0.6051275009592019,0.5576159388925868
0.8591094377312376,0.9375533825821023
0.3012278769474647,0.31550907001197664
0.013398806280957656,0.011381198638461583
0.6886687665951476,0.6688722111061138
0.6473277618254379,0.5874341414809489
0.9966824897252613,0.9375533825821023
0.6473277618254379,0.5874341414809489
0.5641216739197272,0.611479598718489
0.6196101721557752,0.5730995407357689
0.16309469332822768,0.1725732038631928
0.0677918238571661,0.08403351287379891
0.2374369157565769,0.20376548679840964
2.032980654179386,1.8791394462638442
0.18143141479803537,0.16572580043881174
0.4581127677227424,0.4289669778341887
0.7195352061595819,0.6810629015263618
0.17435311703747552,0.16875394423813073
0.3083903569499329,0.33140972698446963
0.23411349886363053,0.25745297896420904
0.8441092995816947,0.8398775587563388
0.857306787012196,0.9455192257458117
1.0597907515344145,1.039258046312915
0.28982011025198556,0.25745297896420904
0.16326189966432136,0.15042475713862224
0.9715798296110453,0.9176432602254007
0.3773862768769074,0.35126078426261087
0.9276715832038639,0.987445501465215
0.13194288721056985,0.13594247774438004
0.8364150527585396,0.9176432602254007
0.4193074317692254,0.45339842995760193
0.2957929362053408,0.28455529473161156
0.20900023022753747,0.1961422085554924
0.6174541012968402,0.621747269675738
0.29455588663673865,0.336882267757138
0.842121606235846,0.8368343251906699
0.93603248406038,0.875561152720207
0.32663582468641034,0.29463037682585363
1.4043260918646525,1.4133220581577914
1.6120398462979764,1.5584545010655757
1.1528548207995724,1.1235052176374045
0.7924697431807162,0.79567767133647
0.38705000590508964,0.3486968875116715
0.4215579661236086,0.38484106368120913
0.21385138528463674,0.22525026885154015
0.3841267264255866,0.39980286896808515
0.3277099792678595,0.31997720323905615
0.0992562040157715,0.10493997781065462
0.6776041631948309,0.7369433254651573
0.6643397577260357,0.6817398196521591
0.8246934476795156,0.8677743816857661
1.537100673036446,1.6069678762095747
0.42128857644996653,0.3544917311636677
0.8892514265454315,0.9677474688539284
0.4978777044704044,0.538930494985301
0.007215701582750361,0.00821848111301093
1.2974782882357492,1.4389201954733546
0.41740485815607203,0.3873772101912012
0.8403457456183152,0.850697552674993
0.21612692123768357,0.20119362329753096
0.6741544122328651,0.5906192799922348
0.44972715300729577,0.49842859305757825
0.6252496732438197,0.5730914611382195
0.4195759963665044,0.3820853136501601
0.17180647453407444,0.20119362329753096
0.12786676598397434,0.1387546496802738
0.5717387065661337,0.6132172467645227
0.3457923233770476,0.3820853136501601
0.9922598203792198,0.9887817085486392
0.21612692123768357,0.20119362329753096
0.19854562955507657,0.22564684737911203
0.20093723896518192,0.22614307712916268
0.9754508553251737,1.0551601182061712
0.3764535838660248,0.41889779218624446
0.723650770499568,0.6455572643898854
0.8737785320639895,0.9544258362073724
1.023423520545934,0.9544258362073724
0.3975836220197388,0.37210669889932446
0.6377626644385186,0.5964020376277394
0.17820066489267963,0.201581093279038
0.4657277895021521,0.5101447334428133
0.17820066489267963,0.201581093279038
0.12101559884174552,0.13890118757687606
0.49864340958646663,0.563892022705385
0.32245218023103683,0.3461105391956793
0.7322873474559325,0.6858577303850387
0.4471513955048408,0.4774748940527795
0.9853983614271988,0.9470032769109851
0.8608433519054975,0.8592231113472109
0.19343195419098883,0.22173864330153054
0.7078198193843503,0.6994447511608718
0.24563797193899822,0.22173864330153054
0.9430758753746992,0.8700376763739939
0.8004327588415645,0.8412472438874867
0.5962647012926278,0.5641778973905537
0.6927728557741941,0.6466999230877577
0.7456246771331876,0.7071552818742195
0.729341036976881,0.7794427324584478
0.3729545748623619,0.40048125178676747
0.47105333025226165,0.461175775055756
0.4297369558785717,0.4189616474343016
0.5962647012926278,0.5641778973905537
0.46979988679941687,0.4164316318534931
0.3297249172994236,0.37215528567841866
0.5329971500447772,0.4842713139418924
1.6382856084489672,1.6127058275486938
0.49425231604493314,0.5641778973905537
0.8004327588415645,0.8412472438874867
0.37708998852436665,0.43558057632312147
0.21929100759227926,0.2514134957995685
0.14989312730860155,0.1680097993805102
0.19306325499743263,0.1680097993805102
0.6880667340525408,0.7196656343216997
0.6909880799133299,0.7451568138358288
0.1683434681437391,0.179224075933143
1.2160374555727207,1.161605939682051
0.3297249172994236,0.37215528567841866
0.40657571068945275,0.37215528567841866
0.5933051709098821,0.5410528205881181
0.17820066489267963,0.201581093279038
0.394112917449114,0.36071166986168135
1.1897467796864236,1.3256338111372148
0.9772343576455609,1.0516815969689708
0.29330612821652174,0.2618362594666938
0.06313001524527977,0.07129122855025036
0.11842504258393653,0.13177457134239107
0.08528266967051198,0.07129122855025036
0.18349618974122203,0.20057945056100307
1.1217107587428268,1.19461666809721
1.5555418833009884,1.4680991016618772
0.285234176010926,0.3030170579684817
0.14230764177461003,0.13177457134239107
0.132641508595015,0.13077142225285956
0.3492647926241329,0.3795502557439467
0.6896660766549723,0.6301721119627715
0.8253199848308258,0.788031662550269
0.3219036523828697,0.34898330887566814
0.33056585463849547,0.36384697703348223
1.2090146296850026,1.3416518244888558
0.5840823751401775,0.5496147912745994
0.7481779872988497,0.6944192887706847
0.6966404448933534,0.7603562371509293
0.5959455034758515,0.6427310684519486
0.09968173629503616,0.08421828427974763
0.8552287734538505,0.9193421244902029
0.7189591155984969,0.6395732213000201
1.3168665202210255,1.244308948336982
0.1919223658174561,0.1818343990659128
0.9678228200077964,0.9028758918443996
0.23492036792931908,0.20657768914522223
0.26110333312952055,0.32098678870891395
0.613254320530626,0.676041914329435
1.2436040554432863,1.2235237805995411
1.0042618591098738,1.0807179108967049
0.33130464276976546,0.32492919278222926
0.4877682075985361,0.45906103373341844
0.3751469626831076,0.4061807721428241
0.4032333767727079,0.3692435979891645
0.45006907427866744,0.48528227224798787
0.7455175542122516,0.8026833037173613
1.520584487293987,1.4257354370084951
0.4742084318961238,0.47813865807704437
0.7688383059539727,0.7191357201247386
0.4742084318961238,0.47813865807704437
0.37740429768942807,0.3812291761106595
0.34015941962954127,0.34841156755445557
0.36761171468716897,0.4051676838376669
0.8452279824649424,0.8541523832211585
0.05086876372822773,0.04261322011357555
0.2569041214069715,0.2770059404540461
1.064326195104079,1.09920740272432
0.7427781976393417,0.7266665014956103
0.46747275259273846,0.4999698952923706
0.44673065109143745,0.4521535181559856
1.0734243814411946,1.0169539377101873
0.7595843415276969,0.7689372235340339
0.6558641429165881,0.5814380987003859
0.6206824116618572,0.6061730763545655
0.6856566741947195,0.6108620494118386
1.867157255556511,1.7638865986714043
0.21951683155336477,0.21972720339499713
0.7006942183259102,0.7828151937048877
0.5728088657407133,0.6108620494118386
0.2696885271748179,0.30178800238852477
1.0784097314560148,1.166346118735887
0.560768160942441,0.6152702591600231
1.5283426827671085,1.702882726491891
0.27926762703801866,0.3113618957082658
0.8661853584761207,0.9147278890591021
0.47136892600467206,0.4887906917669927
0.8489667628097002,0.9211403300654257
0.5158549577129363,0.46879088636086214
0.9958049408773118,0.9211403300654257
0.06988842464424805,0.06203294129268334
1.1753790738611345,1.2584746558830753
0.3368802515937356,0.37680900328575706
0.6543148934440672,0.6133995232443775
0.2746408168804801,0.2537961003002646
1.4228558595553358,1.4840682497246092
0.5868841442766367,0.5473397839033239
0.10381720603955119,0.09767604024996568
0.13845090163659532,0.12869253518188306
0.45207059736237404,0.49397521101382275
0.26864363081576204,0.255265750928101
0.3859507334002176,0.4115343865642382
0.47747709790887966,0.501145165824853
0.3859507334002176,0.4115343865642382
0.35650207205604184,0.3918842850937314
0.45207059736237404,0.49397521101382275
0.32889955001413196,0.35995395731028723
0.6377054297225709,0.6886753500859866
0.702633690861986,0.6992313496685327
0.6537977290688296,0.7133422288570624
1.141064160919244,1.0886020275103876
0.9788950433865689,0.9242289591929299
0.7335485503945769,0.7798099738706892
0.5452030767450454,0.6133995232443775
0.7530079573257972,0.7827070437531174
1.3863226131757025,1.3005096881661093
0.3328452037226779,0.3682116352106581
1.1789907971202918,1.1496402196951452
0.6543148934440672,0.6133995232443775
1.1891943164155017,1.201962217526999
0.4693770590329759,0.4512307568514819
1.3146338847714645,1.3129391099776013
0.29211080568778675,0.3159402162074737
0.9256230884308788,0.8613350525547913
0.4898685038418759,0.5379930460033835
0.8169328002388514,0.8264047203713485
0.281899323488022,0.2923547142445359
0.4898685038418759,0.5379930460033835
0.3435717127170954,0.36670998697501683
0.5471817990718917,0.5757168753371757
0.6065392415110037,0.6662078839080936
0.41993142403081724,0.46003944115073214
0.9485736567291226,0.8768752677560059
0.4138078801854015,0.4468684330803148
0.6477007162750889,0.7049446948549742
0.5045386148033971,0.46003944115073214
0.8066093391552489,0.8768752677560059
0.9735551158828089,0.8930234366152227
0.24303962541735658,0.2741846278760099
0.19260064188569903,0.18072707221761325
0.664572259729393,0.7378050517711636
0.5625963174186244,0.5933506701201603
0.4898685038418759,0.5379930460033835
0.7832110672983101,0.7347680237620282
0.4898685038418759,0.5379930460033835
0.6477007162750889,0.7049446948549742
0.3758374956057534,0.3688400187156049
0.6967386118805113,0.7347680237620282
0.21245838712117024,0.18806996044114674
0.4733479817128595,0.43149067388584317
0.5402055416796322,0.48618692026259486
0.49783415810955195,0.4635598287611043
1.2266627858990786,1.3126855521178575
0.9360999779072928,0.9916620606281424
0.9360999779072928,0.9916620606281424
0.7993826397263843,0.7178482497268498
0.7993826397263843,0.7178482497268498
0.2991358968279791,0.3151162394192607
0.4084607195585601,0.4635598287611043
0.26728449169324986,0.26261487896376445
0.4248910644628618,0.44327579918734056
0.6205629426495178,0.5988969030003568
0.63589024200105,0.6814578011252835
0.7893449965370315,0.7378050517711636
0.9411740320981775,0.9963980539631719
0.9461769521821324,0.9963980539631719
0.3065654065399306,0.2960427024780153
0.09423069724000922,0.09933258457030425
1.4288525007093225,1.4904302369641045
0.6319610463893087,0.700657062194282
0.1488015398283438,0.1628620015664829
0.6370513812736573,0.6856932771192897
0.07245579622293655,0.08226866231625474
0.7032650084903594,0.7464972382392837
1.7153829653493737,1.6275532118894147
0.5705815956177313,0.6424997734454884
0.9461769521821324,0.9963980539631719
0.6785192479937066,0.6343417073417598
0.9360999779072928,0.9916620606281424
1.4378358324538796,1.5262353876539962
0.6873034633444728,0.7503930030416968
0.3922248277903021,0.3513103114388906
0.5593935262480203,0.6157724878190909
0.3922248277903021,0.3513103114388906
0.505874753198714,0.5261585294050266
0.16465243820519537,0.18562651472395833
1.6596712873797321,1.7753965619322272
1.293873917263368,1.20609958563701
0.16465243820519537,0.18562651472395833
0.5637589565050821,0.5183994525910492
0.16465243820519537,0.18562651472395833
0.5179986084335482,0.5613139208148183
0.4286108108104485,0.39377246265863897
0.515862586039945,0.5510299203050567
1.038028149763331,1.0412423812145293
1.1948623583925073,1.1196705334621573
0.938982346814701,0.8961953046680605
0.5208528945042505,0.48166080053344756
0.5067089572197313,0.5433561792210047
1.0541695809733773,0.9616976192230527
0.5943744048852959,0.5500942563819615
0.9014358658524174,0.9616976192230527
0.8948618926219291,0.9308032895242024
0.7273702725200427,0.756337438144377
0.6600566555562425,0.6337137145371515
0.9286004361239332,0.8975860056762068
0.10138310875076888,0.10135070127403152
0.25648250677856277,0.2810564609366177
0.1300507547196903,0.14933859460081922
0.40974481850947037,0.3885172844721333
0.16883204310965547,0.14933859460081922
0.1300507547196903,0.14933859460081922
2.104151243841769,1.975279323434736
0.8433622792377142,0.8015607927512842
0.016235629894913645,0.014957725931043213
1.1234101328729484,1.1398680577853466
0.7960268735983065,0.8639755058653732
0.20641433345994026,0.22003961922652743
0.15074102798149927,0.16705465668520833
0.5193700539114003,0.48287959238127015
0.031173351219831863,0.026121577445414955
0.4444718587499692,0.44277273650655813
0.08898899551293393,0.07480693472057193
0.3332415357056562,0.30401316084626234
0.15074102798149927,0.16705465668520833
1.128053690787172,1.237321435095129
0.06603530485824309,0.07480693472057193
0.5448208312767844,0.48398480219429857
1.0571608331188334,1.0230924822665564
0.4553068707647151,0.48398480219429857
0.8277140146879157,0.84404365863284
0.5448208312767844,0.48398480219429857
1.0058142733946285,0.9579531017852878
0.3447462824434635,0.38251873017058485
0.356744705274229,0.38924949907121786
0.17681372642791693,0.16449766310950859
0.4321781194335546,0.38924949907121786
1.9810168676427933,1.8859805222039305
0.6330726895359383,0.687851452431915
0.48976720676824453,0.4468411358936728
1.0472361857128318,1.1318543245347485
0.14556302458015902,0.12575254933954366
0.31741929447483913,0.33831776166229066
2.2518915319062462,2.1356566542894737
0.470721702211874,0.5160696365101043
0.6898009332690296,0.7292881795747753
0.11115510189237587,0.12575254933954366
0.22486398058753776,0.20743159342995893
0.6073868420706107,0.6246905861598561
0.31843143457018397,0.3316148741284199
1.1321282289194197,1.1422274402130936
0.3664808024306821,0.32722969483857195
0.31502114445677637,0.28931914667085107
0.48616011231586215,0.518105706884713
0.26068412358778087,0.23456465747854352
0.7269060517162372,0.779519816998443
0.36533406318599115,0.33973083221770944
0.35944871084228786,0.36282169334441594
0.37470258048044114,0.32654301743728653
0.5536601424478924,0.5348438424328582
0.6878102755241903,0.7358491685562498
0.8926755479191067,0.94234793869223
0.46174228694947556,0.49382387775721037
0.22222982015627513,0.23456465747854352
0.8926755479191067,0.94234793869223
1.6431906246711707,1.7441058733756238
0.07761066880381673,0.08136065520061372
0.1678857563701259,0.19213096837885557
0.4031130180644604,0.3837025326736253
0.42665790778781715,0.4434617239950422
0.25109295963517586,0.2844136120412421
0.9642209969696023,1.0499397976991125
0.5562263071944074,0.5193990219988874
0.1578068648581511,0.13821162581828558
0.3930963820824454,0.43071955933488154
1.2305197095976692,1.2044416213452867
0.12107696960341308,0.13821162581828558
0.22356104086103054,0.24842805641831464
0.5436941663491855,0.4988157789175459
0.41857460719597595,0.3807674154216329
1.094814958211375,1.1513026641769388
0.6109063329465719,0.5506621908136253
0.6100833583425436,0.6665075359740297
0.6595966386916184,0.720515964111759
0.6100833583425436,0.6665075359740297
0.5429758964186516,0.5942371914472294
0.036265518569218703,0.044364332735325904
0.3268587014270008,0.2918042408663035
0.8705471389148195,0.8185027933896161
0.8831520402143687,0.9631503584920806
0.507080281721497,0.5506621908136253
0.7252807763620152,0.6929324965092963
0.8926429755383862,0.8252455967538476
0.7827626041439268,0.8593620752207415
0.6754598754083595,0.6296582181294533
0.4583530521347262,0.41337618864607295
1.0206404742993462,0.9534264729359841
2.187763996273045,2.2420390062684277
1.8604947978996498,1.7735111879356127
0.22104554270108281,0.24568902467892145
0.5857130823738613,0.6095089937044267
0.9195604079329793,0.8494515921351226
1.1891927167880352,1.0953649928330076
0.6120836982806466,0.5640385819458387
0.548040942417524,0.5631724193117634
0.4292538969235057,0.4922119561288896
0.9000842272662631,0.9448774386514494
0.1605917706140998,0.13781156244205842
0.12334028194341244,0.13781156244205842
1.1543535636339002,1.0697741396899518
0.6120836982806466,0.5640385819458387
1.052667949060585,0.9448774386514494
0.23985266023324653,0.22438628876075323
0.12334028194341244,0.13781156244205842
0.9000842272662631,0.9448774386514494
0.4292538969235057,0.4922119561288896
0.5665675255579848,0.5463103287367251
0.7144849941554258,0.7731412944037233
1.008674851565961,0.9135540538959932
0.4292538969235057,0.4922119561288896
1.3594249756424206,1.3080947243940722
1.3031193664745049,1.226690381865155
0.5900957763789842,0.5813277075746152
0.5117746333644994,0.4885008702032689
0.6752801875266244,0.700299845727653
0.45864075017006606,0.48757013375601804
0.2679502328756061,0.2890449842250355
0.4262760979645796,0.4885008702032689
0.08264210952307913,0.07220707363076914
0.46781507719999454,0.4213536684141182
0.11410724603085079,0.10516075900124343
0.46781507719999454,0.4213536684141182
0.5247602618365151,0.5687580628059465
0.10181306785442903,0.1217320428778295
1.338006588078922,1.2206085403093638
0.10181306785442903,0.1217320428778295
0.1339782358124625,0.1217320428778295
2.9160555575800933,2.7698319901664554
0.1339782358124625,0.1217320428778295
0.8646734308548616,0.9320796151830364
0.48285247762191236,0.4368630505254054
0.3043104344752643,0.3496291980621404
0.472900030465349,0.5001230145805985
1.158336254261011,1.2206085403093638
0.3956275154153146,0.4444983747302566
0.7860490744871271,0.722744738780715
1.6221592137423535,1.5075559201709012
0.6042760746250201,0.6533706284074716
0.8238442600270994,0.8585668111099445
0.2246300145223873,0.19445277544528022
1.1855815270407177,1.129297125952849
1.3134498454123231,1.4034810158814002
0.4407334439165084,0.47700281968122105
1.1100422489761723,1.0473085874884829
0.17045244807890622,0.19021945106089072
0.24439449292574106,0.25450258051124053
0.5318126153951069,0.47056404307978283
0.23829547081786545,0.20736454894381062
0.32571903473452546,0.3684136281380563
0.3795442765546926,0.41337618864607295
0.547714778029044,0.6049668693012288
0.1904444094055797,0.20736454894381062
1.387990778699216,1.320351965389133
0.5649665321841979,0.5315323733259161
0.5528003419349671,0.5554425273976292
0.39642845880966454,0.3684136281380563
0.6799444740023677,0.6232062080751181
0.8988813725473664,0.8624439054509829
0.62859918300811,0.5484049246883551
0.31044619100534415,0.2773927676439837
0.45611446307990433,0.5022455466257134
0.8650383340878407,0.8001478675707917
0.976312937408247,1.0239261838005556
1.0019099259024582,1.0355692018923235
0.4389852801538319,0.424102719504441
1.5174573954968575,1.4901686116819997
0.7394132215407498,0.7529478119350145
0.09255244794350433,0.0898039008607416
0.38474177993640696,0.41596435224413547
0.21004651476617542,0.19580445730463514
0.8341672177150018,0.8951998889719794
0.48520480813148165,0.4443399031394441
0.3479039227675554,0.2966867692147189
1.4109316561820113,1.3597567903474108
0.2485947979953992,0.27926966422343136
0.9852929471673423,1.044160392869262
1.4479743739064967,1.3574860266994326
0.6520141080673755,0.7221739546743446
1.513654775220879,1.4119647193428737
0.2796027072358968,0.2966867692147189
0.5786201558782245,0.5701390566369815
0.25695562537891536,0.2896999093392658
0.26814703656753036,0.3097263394966137
0.41788558056363956,0.3649460284902768
1.4371776969390893,1.5277663299866506
0.26814703656753036,0.3097263394966137
0.26814703656753036,0.3097263394966137
0.3344194396078407,0.3097263394966137
0.3543271680214764,0.341218881476865
0.6389226501988992,0.6675776440412765
0.12687265035458087,0.11476423274255532
0.44567496499649717,0.4817208902671811
0.7070257699375311,0.7484070364769121
1.6045407746981097,1.665544827064384
0.7477351405804618,0.7772614973118903
0.8370850259290883,0.7484070364769121
1.4524361181978427,1.5353826001028
0.5270929980247089,0.5456053898243205
0.2430958047952853,0.2528760582489812
0.14127085198684544,0.12932547577224937
0.604879384927757,0.5635149978562168
0.11656255014789768,0.1308445261363543
0.8046791248633829,0.7633906152619742
1.1251915869550964,1.1580488792383172
0.04609222863122629,0.05358152891559581
0.7305425992063405,0.7001870441659981
0.38579667797937817,0.408138058985936
0.9518744522367606,0.9155147255917055
0.6199189854249563,0.7001870441659981
0.6816073040670648,0.6273435880324283
0.4142784734041619,0.4145352283513302
1.3517740492783155,1.3778824904835898
0.26380278375284855,0.24637118561949392
0.3079790335749016,0.3053101496278741
0.4416434426399699,0.4713330888671818
0.36054468018894187,0.40725680246932877
0.06011583471371561,0.06864286148978907
0.630850276710028,0.6226987994999965
0.7595843415276969,0.7689372235340339
0.0224801226846196,0.01964071205970272
0.06297062596831601,0.07249086551852009
0.24886132853031706,0.2778981868969668
0.08507905787060364,0.07249086551852009
0.39198441573614556,0.36436361452638627
0.06297062596831601,0.07249086551852009
0.6342389302856009,0.6550464744833258
1.3478619998885237,1.3260774470055694
0.630850276710028,0.6226987994999965
0.46592504844181165,0.4372226584784985
0.630850276710028,0.6226987994999965
0.2979181891544501,0.3238182703292883
0.7595843415276969,0.7689372235340339
0.7595843415276969,0.7689372235340339
0.630850276710028,0.6226987994999965
0.13054651648230386,0.14572515424998309
0.36822843419498164,0.39616830516153223
0.2162832915077763,0.24429818749366097
0.4063836037613392,0.4372226584784985
0.480351665922345,0.5360802990176808
0.6741337503124772,0.6184955903814761
0.3775938000448284,0.40506358866322534
0.27296128503895334,0.24429818749366097
1.0280872404046397,1.0004212769691547
0.29438801442264473,0.2519651347804376
1.5521022538269948,1.5018032526773955
0.32608396247719657,0.3316583268776636
0.48448253407776853,0.5112869595363412
0.7883984230665065,0.8600403346166946
0.6053141251927436,0.656749300452024
0.12569809373375265,0.1330837137914849
0.15625674917456153,0.13844130149281572
0.24352081120125613,0.2647078377034932
0.6638529696447363,0.7095894009702657
0.676957406497886,0.7406945235533756
0.087610660930782,0.09450449359376507
0.46490957639834757,0.5069252439439682
0.29438801442264473,0.2519651347804376
1.5729333382870327,1.688950785245488
2.124179485659396,2.2788835503259843
0.9749217145055438,1.0046307118319417
0.6000714145042445,0.5652145680468343
1.1691375174441032,1.1586821993548213
0.5003195712129809,0.47063575007874525
1.8692734137210174,1.7606180857703955
0.7860190327228923,0.7315184744387659
0.4891740932022279,0.5429982057021284
0.32708000263613696,0.3480201536462804
0.6201092759428448,0.5966672399239596
0.9528379708445398,1.0119935326714802
0.44181687572982165,0.39237330405989373
0.4161360455226698,0.43279164349704
0.9304799327708658,0.852606866769517
0.7365660769730751,0.7990824108821853
0.21244709900359288,0.23619673322962426
0.14127085198684544,0.12932547577224937
0.20765850647762657,0.23714533644555782
0.9969488196183415,1.0176303266592646
0.2502298744679329,0.26802866878863507
0.14127085198684544,0.12932547577224937
1.50788262502235,1.4476841484610308
0.18867823514086743,0.21187019376012659
0.657597947996577,0.597527666655582
0.9511475235926319,0.9943200404728187
1.0004089220302959,0.935393403713379
0.4730421299250103,0.44409601071084925
0.28191037745780656,0.3045357100283295
0.16623260806885198,0.16535486703252542
0.6692381286616931,0.6425635611809799
0.14127085198684544,0.12932547577224937
0.449437325720908,0.49145261719086825
0.5353758440783769,0.4885770262198266
0.47133636269860146,0.4928822220389219
0.3436293600012743,0.39381339717713726
0.43307220216535564,0.46550377259126713
0.8597326865141077,0.9401834695331913
0.31506744064335535,0.30870697316322343
0.644840944645373,0.6541313424693651
0.3817688731896484,0.40396980932253634
0.6374236541665134,0.5887056109595779
0.4430410312505936,0.4142954871397799
0.40984949226260625,0.38978151666981753
0.4031602248789261,0.42287086204554186
0.4853862927342182,0.42287086204554186
0.26454108416915034,0.25384523312186
0.4609121537018489,0.47630273067856704
0.6211068482745111,0.5657028910752523
0.39049671109258305,0.42757779085894243
0.2897524420614297,0.3150183979104315
0.37115361142432385,0.37075956533514837
0.21470172989553465,0.2450727181243858
0.7220145060064934,0.7772246702533647
1.4378358324538796,1.5262353876539962
0.1575410225210137,0.15385909344104748
0.27107548206266646,0.2450727181243858
0.5984225492108057,0.6362781745622237
0.25895974684984074,0.28730507842534403
0.7811618429499749,0.7064364427226676
0.27107548206266646,0.2450727181243858
0.31250457350097643,0.3316200795773287
0.5101994525309845,0.5770082699049728
0.5089856747364143,0.4780682796442119
0.3371022077561533,0.3361633535735439
0.42173427178815937,0.39244824192549527
0.4370886105974497,0.4814648083713208
0.8870803297107226,0.9620144500292107
1.0868207402372465,0.9957786853144502
0.7108951588392224,0.65127395239544
0.8018813978914809,0.7368506950526077
0.5012379074998053,0.46114008023396397
0.7108951588392224,0.65127395239544
0.9308468992031587,0.9957786853144502
0.4063158721636124,0.4250769599663532
1.304921810344761,1.2193200147737902
0.4114134357815194,0.46114008023396397
0.47371859859372634,0.4938693835053017
0.47371859859372634,0.4938693835053017
0.9746681427129814,0.9422766808892479
0.41606962303596656,0.4081203794310536
0.39096514454528536,0.35016899267617274
0.41601227162090026,0.38551850712432145
0.9010824102573108,0.9645498038435518
0.31634734191189023,0.35016899267617274
0.4114134357815194,0.46114008023396397
1.304921810344761,1.2193200147737902
0.5012379074998053,0.46114008023396397
0.39096514454528536,0.35016899267617274
0.4114134357815194,0.46114008023396397
0.39096514454528536,0.35016899267617274
0.42208959776902455,0.4736497156986971
0.713653316836258,0.7114988790811252
0.9308468992031587,0.9957786853144502
0.2058433531243677,0.21958323085005318
0.03546599039465985,0.02946970062870674
0.42371074643928447,0.40854460636639667
0.8500111777192827,0.8960141380933948
0.34401442267919624,0.377314270866316
0.23713369663149594,0.2603412068638578
1.3597103244782895,1.350959855516765
0.42371074643928447,0.40854460636639667
1.0093570638766964,1.0204651879884916
0.6941750712137006,0.7561106297593482
0.36377876011197374,0.38588766130037644
0.627525293593348,0.6046831893468115
0.3448030486132874,0.3767796154584501
0.42413135115385237,0.3767796154584501
0.42413135115385237,0.3767796154584501
0.3666550694831902,0.3753202113635334
0.5361543361490395,0.5725610967980673
0.435252305640055,0.4318320942253305
0.8794613876924795,0.8302940759393963
0.6440251856129184,0.5725610967980673
1.8106709902883236,1.7029009309689171
0.6440251856129184,0.5725610967980673
0.3721440356786726,0.40443679607244426
0.607681551135491,0.5618435095251709
0.5126159607890992,0.5512336033386681
0.3659013015177287,0.32973984946026047
0.29933874056734444,0.32973984946026047
0.1985405995334593,0.17997087428776018
0.7037335765284318,0.7668637255805383
0.8276048740269909,0.7659833859587989
0.6985858890486667,0.7659833859587989
0.5746442814331948,0.6252578167343946
0.687737891688652,0.6252578167343946
0.40390274020755784,0.42058072646019423
0.5746442814331948,0.6252578167343946
0.14199945377545492,0.12636464414575843
0.5205367876240103,0.5628536597593452
0.6262460298639587,0.5628536597593452
0.5205367876240103,0.5628536597593452
0.6985858890486667,0.7659833859587989
0.6985858890486667,0.7659833859587989
1.1017443665736288,1.0690496984105942
0.6985858890486667,0.7659833859587989
0.5746442814331948,0.6252578167343946
0.3478422769873517,0.3930712896804516
0.200591072347215,0.2103241675841669
0.4947167074176456,0.4679646042239371
0.6985858890486667,0.7659833859587989
0.862554840579719,0.9141206377776603
0.687737891688652,0.6252578167343946
0.687737891688652,0.6252578167343946
0.854876250184826,0.8999842308151271
0.5746442814331948,0.6252578167343946
0.40808309126967296,0.4483170662680514
1.0023860832310048,0.8999842308151271
0.44006956266812697,0.399537760159039
0.4572891169016087,0.5218462468007334
0.687737891688652,0.6252578167343946
1.150760899801909,1.2354294725261727
0.6985858890486667,0.7659833859587989
0.5055290732569012,0.466118408523386
0.8276048740269909,0.7659833859587989
0.18567447280887395,0.21522045440104903
0.0736050551476406,0.08410712615416992
0.6985858890486667,0.7659833859587989
0.687737891688652,0.6252578167343946
0.8276048740269909,0.7659833859587989
0.09860343247622297,0.08410712615416992
0.5364402435386906,0.5803937602949427
0.5118194863416966,0.4991795222387387
0.6965591258861502,0.6282222563224338
0.2596124623695174,0.2863467331684352
0.3662179209085183,0.4096216294876028
0.817670742962881,0.7625818384924271
0.6897468370311677,0.7625818384924271
0.6897468370311677,0.7625818384924271
0.5824267665732038,0.6282222563224338
0.6897468370311677,0.7625818384924271
0.7274090753200796,0.6645083940152525
0.5824267665732038,0.6282222563224338
0.5690834024298279,0.5278037381713546
0.775429337808309,0.7226303898564589
0.5824267665732038,0.6282222563224338
0.6965591258861502,0.6282222563224338
0.4142600380687901,0.4501637971748778
0.7238053104600647,0.7764893051039661
0.41306296772748374,0.42419600242287037
0.6965591258861502,0.6282222563224338
0.3500392208437557,0.3876026419757925
0.2009426294158691,0.2247774986887013
0.6897468370311677,0.7625818384924271
0.43584998021136534,0.4738407694092454
1.0001442844636697,1.0659024926776448
0.43173640047560574,0.39036476339574633
0.47201186770210346,0.4331883400514878
1.2165196643501583,1.129514750984075
0.30523843061075756,0.3292807871775554
1.1674630995902202,1.2709711611151868
0.8739402051458391,0.8314618055040348
0.5664185395315321,0.589197066065305
0.2432395013269159,0.21496097374861137
0.7483901298738954,0.8314618055040348
0.4240653332476563,0.38251873017058485
0.8739402051458391,0.8314618055040348
0.6965591258861502,0.6282222563224338
0.43173640047560574,0.39036476339574633
0.43173640047560574,0.39036476339574633
0.6965591258861502,0.6282222563224338
1.2165196643501583,1.129514750984075
0.42079961203278454,0.466118408523386
0.817670742962881,0.7625818384924271
0.7791283481957697,0.8331691024760344
0.6077780266817008,0.5522209419128125
0.41609332020746775,0.3727419125906711
0.817670742962881,0.7625818384924271
0.127362790256299,0.11875898824328038
0.41609332020746775,0.3727419125906711
0.3378950391379077,0.3727419125906711
0.38299662393405787,0.42084506687555684
0.4014564806869764,0.43241947833828265
0.4985425882464132,0.5404010596311549
1.0342377711247868,1.0573820681846609
0.6011012844814839,0.6249627731156036
1.0327697082641705,1.0685443127481464
0.127362790256299,0.11875898824328038
0.4278353259420507,0.45283433970199066
0.45569088517994893,0.4776068216856424
0.1661758718226324,0.14462168117104127
0.519107083370159,0.5649736165528011
0.2640083268887012,0.23530280703307982
0.12944757516741454,0.11388116417628306
0.5202339077998929,0.4776068216856424
2.3697145301488702,2.229000062619353
0.5612817573536959,0.6012283132678625
0.8288673245715991,0.7952078868830291
0.8252957801265718,0.7688451453260491
0.3532954485059134,0.3198723458099416
0.90399573193301,0.8401984528527541
0.19673019649275347,0.21977108979388787
1.1428249577086678,1.0792436405897166
1.218363131297791,1.1511926822705603
0.722420937609945,0.7835782540371637
0.892080623056313,0.8778658775113529
0.1704566466779132,0.15235053587148503
0.5946291310132694,0.5462109675295125
0.2985972548382474,0.27624406498141946
0.6689642967357119,0.6707954305935114
0.44358180267946046,0.4040571216634996
0.5946291310132694,0.5462109675295125
0.8272293072581154,0.8686586102775342
0.7179293998452531,0.7160099757709226
0.8528980564485731,0.799772377442798
0.5278265326290064,0.5712725131098578
0.8857553143714776,0.845939311669795
0.4201747224202327,0.43836944377983805
1.1198260982684387,1.1944151173394062
0.5366499370853464,0.4926604639398949
0.1545006086983943,0.1502796269687323
1.0665860118043005,1.1298396878410817
0.9640470747050154,0.9954762805281994
0.6797044766313284,0.7562637944218155
1.1198260982684387,1.1944151173394062
0.6468554213202916,0.6114855807653985
0.12899285472421151,0.1502796269687323
0.2993464748422244,0.2750505724864974
1.083307457205216,1.1774632481582463
1.0078365074952758,1.0762241440854392
1.0994287563632636,1.0384630662424132
0.5742563388119928,0.5669848744289023
0.8063523413015018,0.7387580306987503
0.7067957107099713,0.6495262481267597
0.5914641139505162,0.6495262481267597
0.5803246301682762,0.6370799729560466
0.31024414063094136,0.33888230457804547
0.40953235156445755,0.4425208318830345
1.4026175302115858,1.498860353573381
0.4288631247802086,0.3801707009344496
0.7067957107099713,0.6495262481267597
1.2105670775504114,1.1512054276782575
1.027192955537005,0.9343147717807211
0.7067957107099713,0.6495262481267597
1.1772307356288993,1.2754045872256103
0.5914641139505162,0.6495262481267597
0.26538780074779694,0.2836409864845742
0.39947942848242207,0.4258973642321904
1.0738663931609815,1.1279758604501795
0.2545944884251619,0.2358713702561226
0.7067957107099713,0.6495262481267597
0.718764959356322,0.7815008436456918
0.13638896010864957,0.14960705203775043
0.8502626002980878,0.7815008436456918
0.557397987017867,0.6119700979204462
0.33437474906772235,0.3694513926647407
0.5954440191499626,0.5620633664011175
0.49353376881949457,0.5620633664011175
0.37348786334645784,0.34711106119548757
0.96461466645764,0.9320796151830364
0.5954440191499626,0.5620633664011175
0.9641441327327087,1.0120697475459453
0.7819639562086449,0.7437923249998087
0.5954440191499626,0.5620633664011175
1.0696266428461436,1.1298304298606585
0.801440249483572,0.8440437134210174
0.19213062732588893,0.2217113668810167
0.3136906484846035,0.3317554301092899
0.1179275683757232,0.1486786450166381
0.5847602251403629,0.6504832102597131
0.9571540853985508,0.9155991270308786
0.33816528285212377,0.3797047591316207
0.5010750802943911,0.4503988476387579
0.33816528285212377,0.3797047591316207
0.4107887497686084,0.3797047591316207
0.11410724603085079,0.10516075900124343
1.0571608331188334,1.0230924822665564
0.6669168920360347,0.7540669442761678
0.616259908159963,0.5961005688998782
0.8502626002980878,0.7815008436456918
0.627580456501595,0.6744734988730802
0.25757289281964807,0.29331357586377016
0.26377098384371905,0.29260477673075425
0.25757289281964807,0.29331357586377016
0.6315321842113385,0.6005622316078585
0.555430500716081,0.5764872160478016
0.5649942717020732,0.58857322575919
0.354014314065844,0.3218964838138742
0.2276080044397387,0.22721668262112782
0.3147481050258738,0.2859932847916281
1.031005361615737,0.963681415830421
0.32194537693802167,0.29331357586377016
0.3173500029964206,0.2958335840702696
0.49645048936637104,0.47056233211290904
0.2703328747329206,0.2859932847916281
0.2507043470978226,0.27866816278700923
0.32194537693802167,0.29331357586377016
0.24201889375917293,0.2536090017667148
0.1658216295327875,0.18254465392423333
0.35080091936408603,0.31781530174806993
0.4693997681839332,0.4425208318830345
1.1525611013437738,1.0829754432704408
0.0891816812597733,0.09865480062199608
0.3025915475827333,0.31781530174806993
0.40953235156445755,0.4425208318830345
0.6100724385378429,0.5585740324730291
0.8651766286093044,0.8056500997453847
0.08286055783557233,0.09762756044941343
0.15539778797200143,0.15855543055586507
0.655481438230049,0.7004901572362245
0.3956329692787575,0.3705328060099771
0.40953235156445755,0.4425208318830345
0.30805941689874144,0.32143929519787506
0.5217285986598947,0.4701362451001183
0.4223689261497207,0.4586432223222514
0.7263780860136777,0.7892417639825665
0.13452059407266662,0.1399413327484524
0.59454728334216,0.5280374429622355
0.47705932056375183,0.4983676761988379
0.8168768118992099,0.8734640996543317
0.37882672015556157,0.3467777173209649
1.238865371474969,1.1950731312087728
0.12607195275992422,0.11763635263882236
1.238865371474969,1.1950731312087728
0.5556543175590857,0.5292416511917677
0.6241108651375795,0.593755083092093
0.34208581030525553,0.36051347007075424
0.06794597945108043,0.07656055638144493
1.243783606917761,1.1087699218065703
0.34208581030525553,0.36051347007075424
0.34208581030525553,0.36051347007075424
0.34208581030525553,0.36051347007075424
0.5875127880796488,0.636836825864651
0.3484112177937165,0.3354486769907126
0.7923619838385495,0.8574681799039168
0.06569842417518082,0.06711137462976834
0.5065284577076006,0.5520553576252327
0.480351665922345,0.5360802990176808
0.5227789871938702,0.5060380807428062
0.06569842417518082,0.06711137462976834
0.4696343032489656,0.46047575029935917
1.298003090330171,1.229254252807197
1.9406635727517134,2.042639304891716
0.43091701825406153,0.448751972687351
0.4321781194335546,0.38924949907121786
0.4192237735850103,0.4499507880052491
0.2937801871693036,0.2663494423708244
0.5881589061308035,0.5373108854569839
0.28661497110423684,0.28056627733358275
0.7493187946057905,0.7837423812551405
0.19419727052674077,0.19492131119178172
0.5247851519903735,0.5759500539044091
0.5780578862969528,0.6065595160059186
0.7569476682969594,0.8223721806374631
0.27350776380391556,0.29134890824963755
0.5884340710183468,0.5886924544279234
0.03587649159432036,0.044141042429052764
1.109625720362946,1.1835513207702795
0.5140287018400108,0.5034966993763087
0.6079803621442132,0.6798416625845592
0.8023526629187059,0.851320971127017
0.6079803621442132,0.6798416625845592
0.4940122579379998,0.526759732181743
0.7497618986217013,0.8153339364180116
1.529049820211648,1.4501646788128846
0.5396303197654397,0.5650013201161219
0.5061584128981482,0.4945402568799222
0.5396303197654397,0.5650013201161219
0.687653016077441,0.7024354583012052
0.09817242975445063,0.11388116417628306
0.3461878071248359,0.309194866789514
1.0387407925858574,1.020424498318114
0.5396303197654397,0.5650013201161219
0.2677515934359992,0.2562091089624123
1.2770616112404516,1.235594064273546
0.5735594807868357,0.5657207409967528
1.4535010319734476,1.5356025014391526
0.40229352829656956,0.3639351562201942
1.3284824811629905,1.250571122206004
0.3099110915252855,0.29491184947508364
0.5396303197654397,0.5650013201161219
0.1019338126498195,0.11532128236853696
0.13412834013931424,0.11532128236853696
0.6402787842326269,0.5650013201161219
0.47288184796172705,0.47076374963690504
0.8683743853217075,0.9480755375442196
1.2064416161504035,1.151237864492511
0.5883709356116501,0.5280456406498465
0.7936953405603745,0.8029914439753878
0.2884980593464374,0.31356286008044226
0.4546681889342214,0.490183493807576
0.9988350325203426,0.9401898115566975
0.5242599455125332,0.4952044335602027
1.4489931732576091,1.506467231008538
0.22337804783120854,0.19869854837978562
0.2631365328552462,0.2694510262608462
0.5754914394359157,0.5383109297259672
0.13471450979221883,0.12335926848193152
0.5346738371209052,0.4823774682860961
0.9586748728980554,0.9509177130242259
0.5085777987780472,0.5442338222296565
0.36605413761076927,0.40440324547178724
1.1750011793506907,1.2698866749933875
1.3243034215299914,1.4477329085679442
0.03835486363140537,0.04403742430418047
0.7092344947537392,0.7601595130300581
0.6992210368203637,0.7077718129234458
1.0853459696011862,1.1661987147990054
0.2067488054542137,0.2285135760398897
0.2885366249445549,0.3156648067878474
0.30923014179046104,0.26801368115939056
0.11277622808025893,0.13761069087951694
0.35839967248038695,0.3156648067878474
0.5551086724784718,0.5955615094032968
0.11277622808025893,0.13761069087951694
0.4307601247480286,0.42393931967400156
1.4665410570628585,1.4401162520300872
0.5363860724585899,0.5698318896442884
0.6465283040377151,0.5994038964710031
0.5465622114748759,0.5949908254969889
0.3323190109940112,0.3183757330474472
0.8031931341240867,0.8174618832898412
0.41353233786048815,0.4519434562831706
0.7115323346951267,0.7723229084896049
0.5823135356956148,0.577138775237851
0.13698733721852213,0.12236800138836801
1.0290561802207727,0.9341552080772216
0.2410074771142078,0.26902502096840913
0.709532089690782,0.7182640407184728
0.7507353808175129,0.7388805650058601
1.0613775557538385,1.0310580598699257
0.29790717450863974,0.26902502096840913
0.728300112895974,0.775510575713646
0.42461562944076703,0.4410343997481039
1.0613775557538385,1.0310580598699257
0.5705391504079427,0.6197829326257741
0.44455992547773193,0.4484749394291771
0.28846982572602425,0.2899658894644297
0.5848238937925471,0.5129639153416896
1.3854216834585489,1.4573402181051336
1.529397175730695,1.5701588199666936
0.8403241890197117,0.7833709269246033
1.2832889577818267,1.2166814724892105
0.27809076994556414,0.30630554156171086
0.568583729797043,0.6287282495571871
2.1426657330217878,2.0495228350776844
0.6300969686777721,0.6608177489204418
0.33503236139415865,0.3649064684317958
0.9872850550131976,0.9440405144973144
0.4130738902730078,0.4381526593488554
0.15964153414469565,0.13787951318714556
0.3406076965472025,0.31096312474955756
0.49238689672281116,0.5378342631308931
0.26558957514801024,0.2768252107354448
1.0260214602888371,0.9403309632262515
0.1635678878810354,0.16894188369237972
0.6361582228011984,0.6435651998808041
1.1548054572014763,1.073662198152797
0.08370205736649051,0.09856511215668567
0.6381634041347222,0.678160603802147
0.08370205736649051,0.09856511215668567
0.8975135472740453,0.8860154031369838
0.4541474590821813,0.47910947334560844
0.5866477543600245,0.5237899510495124
1.0755160270426032,1.176202640192567
0.13359365842262294,0.12287807443511209
0.16741896137617443,0.1840726491406876
0.19114442535558923,0.21354799793481774
0.706824350930452,0.6408454304072407
0.8142768805998936,0.8746853176909977
0.8717246721685054,0.8183297370900587
0.6956400346054301,0.6438826765573837
0.45902380808852566,0.4773568729832984
0.2610297564720059,0.2706692814468258
0.13053831979654473,0.12579604167119363
0.47527135600272263,0.5015650099764768
1.052311035424556,0.9645577656090503
0.14946069068674958,0.12893333757811035
0.48417806156943116,0.43958895055630925
0.47527135600272263,0.5015650099764768
0.4782035790375114,0.44549140995315933
0.47527135600272263,0.5015650099764768
1.165050202461886,1.18861845199695
1.1371344651011863,1.0291269250639035
0.4197615277420291,0.3921143647878695
0.17660075056176058,0.20216449165088032
0.5074301930063497,0.46429362043032224
0.7481967721412909,0.6842400686931
0.8913505671778057,0.9437170665474455
0.4164718950108025,0.4510952896766337
0.8010051634538592,0.9005694688194897
0.8114197962714121,0.9635163068374322
1.0114173797510848,0.962851266621104
0.2456313633704705,0.21800294067313905
0.44457362365769143,0.46812402617516735
0.8114197962714121,0.9635163068374322
1.1817086598172688,1.0873869167199692
0.4924958231555521,0.5141444450853637
0.44457362365769143,0.46812402617516735
0.26947796665417545,0.24178724579099575
0.22964232332984236,0.21633047395317118
0.8281936669368171,0.8762158627773386
0.26947796665417545,0.24178724579099575
0.9187880462810573,0.8863857293459038
0.4273286695361585,0.38919961646377
0.2179763211164487,0.194932492941161
0.9253093371109213,0.8762158627773386
0.21100481818653666,0.18866792227413282
0.458479657637825,0.48591285176133725
1.0234901797692713,1.1037605332721225
0.0961964600974469,0.11555315209527237
0.582683027279621,0.665005621828227
0.055109346221648946,0.05194271805587828
0.4787035642920451,0.4327380274692157
0.6894585227897175,0.722103675533023
0.0966688830578569,0.10665609472240258
0.13482331175025214,0.15044039360743175
0.31742575871687106,0.3513103114388906
0.694628694416921,0.6339825859915574
0.11115014284520527,0.13185894874335702
1.3020294213289478,1.2166033466399933
0.47439364604245204,0.5266434623603881
0.6393331773272374,0.6535685891237392
0.694628694416921,0.6339825859915574
1.9627157549475371,2.056069701266849
0.8951208656466964,0.977462409687379
0.06754140569342497,0.07706098993273926
0.6325008791648628,0.5900103592768957
0.33905155082676514,0.3033156813992167
0.8534010795730399,0.9212154123780435
0.4784103388395784,0.43842120728828354
0.13412834013931424,0.11532128236853696
0.4859089785671785,0.4462432146340514
1.4194055676522643,1.3097173910604174
0.5613185106961518,0.6056457413250126
0.15556944364905262,0.1323340559808374
1.775161474870511,1.6417733850078602
0.12146156581115274,0.1323340559808374
0.5738051785969538,0.6245421229174646
0.15556944364905262,0.1323340559808374
0.6867864541241889,0.6245421229174646
0.41307622986030185,0.4314491969471869
1.7400692941445521,1.5967306137007147
0.5580041166130059,0.6054826035733899
1.6780323935938655,1.799041191631616
0.2768842358045392,0.31456872851447376
0.012526610834708025,0.014327744158893709
0.6734883098492154,0.7178482497268498
0.9121306910740765,0.8331371337295892
0.1442968957777784,0.1293584822398637
0.5971217068471029,0.6690415751649584
0.927887603757956,0.8573424908886534
0.5154175372517765,0.5647616262624303
1.5604218973414719,1.6578856823451755
0.5554734020650135,0.4976168348928811
1.7622632956067994,1.6578856823451755
0.5277965254772552,0.5729930726174876
0.6904126603242118,0.7551050890165815
0.16660407929251084,0.16417780648835595
1.3159787209415281,1.3877815817111046
0.8424034768049422,0.8161604398255015
1.2831953075771272,1.1795543443213854
0.24036092859221123,0.2625286193055045
0.5277965254772552,0.5729930726174876
0.18672691658896545,0.1715976573900406
0.323220093581354,0.35581606426000617
0.5519825440662675,0.5025318880635464
0.14725144292042439,0.1715976573900406
0.9367458919327941,0.9444452148850137
0.4483499672184493,0.38280038155044993
0.46209856538452715,0.5120499364834147
0.46209856538452715,0.5120499364834147
0.27179125958879385,0.24403097424699857
0.2976394725140816,0.3187848495759807
0.593741252078512,0.6293564277349764
0.27033443522659295,0.23828851452320712
0.42397891454933045,0.4532560018898804
0.46209856538452715,0.5120499364834147
1.1717185337609908,1.1455435798237945
0.7011729376450034,0.6293564277349764
1.1717185337609908,1.1455435798237945
0.847476363498569,0.9144570687338766
0.4762832340546596,0.4338227506896899
0.559481931509119,0.5120499364834147
0.559481931509119,0.5120499364834147
0.10429174366306052,0.11769342946229544
0.3960231342945215,0.4386573835065322
0.7172959303197577,0.6855958125971335
0.56770137301528,0.6272268880520414
0.7228926555482755,0.7371063040445837
0.08648456460114538,0.08813795719544976
0.18567447280887395,0.21522045440104903
0.0684719681195808,0.07909097486461972
0.10517766936617395,0.08813795719544976
0.0684719681195808,0.07909097486461972
0.2768842358045392,0.31456872851447376
0.09209033916068111,0.07909097486461972
0.6642610002507399,0.6510393652687023
0.26539879787766535,0.23609274696076604
1.0274481872741126,1.0811820698955548
0.36108228651946167,0.4142954871397799
0.559481931509119,0.5120499364834147
0.892360370462139,0.8731817250689901
0.18056886826875534,0.16526489399590477
0.4430410312505936,0.4142954871397799
0.1010957527627602,0.11365524139196068
0.4288631247802086,0.3801707009344496
0.13308629496170593,0.11365524139196068
0.1010957527627602,0.11365524139196068
0.38897131165574916,0.36003614876748247
0.4430410312505936,0.4142954871397799
0.2744877666736774,0.312900693188269
0.4949655338955624,0.4432259476741049
0.297587610567931,0.26870551518383345
0.33949256390961496,0.381880267422138
1.3440151461793337,1.4671011331172168
0.33949256390961496,0.381880267422138
0.2369927270662373,0.26870551518383345
1.0683012977608388,0.9852623388902763
0.4520871332641549,0.4819727489892445
0.5262356570205718,0.5636223495149495
0.757443156640921,0.841980627266637
0.6349858498738749,0.592968964797363
0.4511628443562122,0.4951182650053557
0.8811783093575921,0.8044898810867239
0.22357563574141334,0.2321619632358014
0.25885660609823974,0.2883573422569318
0.15616984657578142,0.18258580411222877
1.886613540358581,1.8271963127704218
0.6329055522051857,0.5740612867158148
0.9951275297720841,0.9491869105265085
0.31742575871687106,0.3513103114388906
0.8933977948388322,0.8283561746406067
1.293873917263368,1.20609958563701
0.7616763661599963,0.8099889610330171
0.3922248277903021,0.3513103114388906
0.6039913970452631,0.5605407359595237
0.16835896595314426,0.140513875580403
1.0210174036467234,1.080075925645682
0.10478395922008743,0.12578836437155871
0.8241740712094178,0.762218901267767
0.9690455156619339,1.0485853504393556
0.6511469048020192,0.6217108744521478
1.5610637674641337,1.4767617155322856
0.7572518196916816,0.8283561746406067
0.13847422747086,0.11937915952449364
0.5263840247407396,0.5740612867158148
0.6216835190807034,0.5534209155683096
0.36024032979302795,0.33600865427371956
0.4169419650742105,0.45094847174619906
0.8980789346636445,0.8556178426824245
0.4189808582960982,0.43236606516338993
0.5011274009276679,0.45094847174619906
2.158180180674756,2.3262583390870706
0.4169419650742105,0.45094847174619906
0.02118187347041396,0.019510004446058687
0.9310167336562195,1.0134176425711001
1.0600895279537805,1.127900456360257
0.3168547223283277,0.3259791871272728
0.4769658894369269,0.44528455810051126
0.20702937421885828,0.20596654760342756
0.3517924050429505,0.3899808704776148
0.9876100204972043,0.9046724785577694
0.49433858953593307,0.5584954830877973
0.31227323427059667,0.31493490215020914
0.6576866032602797,0.6905707217591622
0.36125126652766737,0.3573122609254829
0.4193340457281203,0.42093900359075925
0.22638901683544713,0.23718311466249334
0.6432039986792384,0.7034582274459285
0.4596690045198291,0.5202949245112051
0.693011170785656,0.6703247187258831
0.9245914754571312,0.9448543984075501
0.29287191518835143,0.2552720941476809
1.5708825709845202,1.49034762671265
0.49698216109619553,0.4454276497679725
0.31227323427059667,0.31493490215020914
0.3531630747268673,0.3618162337048713
0.7226086416537091,0.6730997272458757
0.7296372486020516,0.6916812949083595
0.35896861634652,0.37376301108147547
0.4380712289773961,0.4627139289148282
0.19635848672764838,0.1738895563495074
0.22613591829035756,0.21431647093489903
0.8697966638045984,0.8902726839984755
1.0364260217213577,0.9930980999223787
0.40620248856233115,0.4299557438568012
1.026478814973474,1.1014342228275213
0.6345950463941703,0.6819478174425576
0.7755960322071398,0.7743194315745153
0.44348311884899483,0.4138666498950936
0.2077656943887875,0.22473775155930684
0.29096469628980304,0.24476359598106937
0.8545620918647208,0.8121522616129515
0.723812884471368,0.7147081583305399
0.48995538343963485,0.44588329988572734
0.2114816490916348,0.22771203199306783
0.6581220479211989,0.6615390846056233
0.7791999802720426,0.6720412838170342
1.0183466424813705,0.980752032469987
0.7700223080908405,0.8033373784699513
0.3343095911249832,0.3581838432076816
0.14924880861845755,0.1356034239509111
0.5241695567896444,0.49338054365674955
0.6666182483233432,0.712429268686446
0.23851014113570504,0.22348666263108607
0.4028872789524511,0.3636371578858082
0.5483842222375332,0.4792986326740631
0.3795841175144439,0.4116038277986235
0.42735702895161015,0.4539311456273233
0.28361552524779643,0.3110501539293544
0.6472755694896941,0.6904410203943266
1.167036012691646,1.14793603067871
0.43030243561817333,0.4213873522088064
0.6162974579314805,0.5577614837068515
0.6494542114373222,0.6044257399728377
1.142111781673699,1.099595381862577
0.3551135279979809,0.4213873522088064
1.0299586315084337,1.099595381862577
0.41333324698179613,0.4210822587001394
0.4934604350930281,0.43961936419508657
0.11382304686351671,0.09753257402539567
0.5828713808905456,0.5308600263920491
0.1565063910430805,0.16447993595601484
0.6264619588966579,0.5744901737043232
0.3479460694583054,0.32277107397371396
0.5309965193141577,0.48522533663169376
0.6759347213481995,0.6223859746750989
1.0272500088441172,0.9559635777056116
0.14270932255291585,0.158240260628376
0.6867382191277867,0.7188582444693059
0.6460210639936143,0.5967193775318289
0.7466359451237423,0.7901612296831245
0.09975469377923937,0.11729851707749694
0.44573241751583076,0.4182360959067757
0.1314178011654773,0.11729851707749694
0.6009863101728024,0.5854987628994752
0.2162413276117842,0.2501885105243209
0.20884745223455223,0.1886712811403674
0.18741165450544908,0.1988645052779683
0.5672270012636357,0.6047181268177036
0.1314178011654773,0.11729851707749694
0.7739484442234091,0.7804784916487738
0.6829880787025335,0.6564272973119266
0.4704976308355567,0.5017355920138675
0.09975469377923937,0.11729851707749694
0.22128040085896897,0.1988645052779683
0.1314178011654773,0.11729851707749694
0.4379113175871188,0.38833524796645147
0.6236557074460024,0.6493018629202172
0.49102960198496065,0.5096923637399126
0.6423747834561732,0.6047181268177036
0.1881387909198032,0.19718722364459176
0.32061389684210573,0.29645645176643404
0.4877682075985361,0.45906103373341844
0.7174923992544557,0.7415018443182981
0.5167877969747772,0.5466320257691676
0.5668493884813608,0.5283514853390567
0.8086470033009753,0.8452311176813954
0.7643305640598246,0.8075901056687954
1.1101720793729408,0.9993372826304109
0.19667968260628968,0.20497580381069605
1.028574113188649,0.9543445766617163
0.4530820477615496,0.4248071400328107
0.9241333387451323,0.9543445766617163
0.13673299685827148,0.14782564470822818
0.13673299685827148,0.14782564470822818
0.3997349404045811,0.45906103373341844
0.8116004590641279,0.8648760110451439
0.08695842925093498,0.09787738762441385
0.44345741725654636,0.4151350671867675
0.388022902049327,0.40799718641557015
0.10073818345974854,0.10662421219474433
0.0801726292524772,0.0893511851154927
0.3515121924947204,0.3232615534039416
0.2747928672723273,0.289758803246375
0.16138169355827928,0.18076138670368772
0.628564816123083,0.6733884520539953
1.2850493827696305,1.2103663604679877
0.56801548801752,0.5186672471236481
0.49841001972354776,0.4606140327717839
0.44733680855399366,0.48591285176133725
0.49382669380932004,0.5292748299693304
0.590833484658091,0.6261582117567183
0.7483470365834184,0.8075901056687954
0.44233394293934547,0.4464461179546966
0.6565009607039995,0.5823852074913031
0.38174169704272404,0.3470534844753017
0.36907907099004217,0.33414604963930794
1.096326529774022,1.0095887245259527
0.6565009607039995,0.5823852074913031
1.0051581014432025,0.9743736684840338
1.1765683099134332,1.2713897570721746
1.5537989449165885,1.5461340676385606
1.1743323342504632,1.2504368103623098
0.5314616916415483,0.4949747331354928
0.864196744139468,0.8177233267121532
0.5041734006422206,0.46117838012898776
0.44929191506986654,0.406584680490886
0.0911916800034609,0.10920062898869479
0.7344338812328445,0.7033200688211242
0.37794540316675385,0.3798231142902274
1.4993172929645078,1.60255167670471
0.8025432145569303,0.8910160321203433
0.38445972096659364,0.41516049105774655
0.49274869134911087,0.5280374429622355
0.12037165755496142,0.10726223594870897
0.2678826491747073,0.2665178085643726
0.8025432145569303,0.8910160321203433
1.2038100467997874,1.1318543245347485
0.8570684032317312,0.8164180089785067
0.49274869134911087,0.5280374429622355
0.40593758106664407,0.4469056166795453
0.27998423888576607,0.2631698472988096
0.963381741107735,0.9032795328873398
0.59454728334216,0.5280374429622355
1.1609773558339582,1.191581885344985
0.498066127333555,0.4501637971748778
0.8562315250989389,0.8281018071281757
0.40932568717747897,0.44228837063504656
0.4003715711550833,0.43737077715631506
0.1155451303438467,0.12161962248839654
1.2169881594872463,1.3224777959713154
0.7014438100209092,0.6923506543630147
0.6849188191530192,0.6939443417166541
0.7014438100209092,0.6923506543630147
1.2885218156740323,1.2026021959132225
0.2654768803638441,0.26205394955440015
0.8029161555813933,0.773550210275689
0.8434594273050928,0.8009094078246181
0.42371074643928447,0.40854460636639667
0.5063810150969151,0.5678206478187166
0.3490650860123573,0.3180135204729025
0.026252113050903438,0.021022190773797578
0.6027267923623466,0.5678206478187166
0.443087225123012,0.461265865318597
0.6718339111174878,0.6187304642434508
0.06339955867820457,0.055669456535548244
0.24982580846407834,0.22564684737911203
0.7739484442234091,0.7804784916487738
0.6880648609829236,0.7484036289832617
0.8274908384274147,0.761911027362086
0.9861212712253988,1.0271074649869543
0.9531772622643166,1.0118433617260871
0.45450697649762023,0.4159945768123022
0.8305705131759916,0.7675233716765409
0.4970316116908586,0.4589454073937538
2.2830547742054375,2.3698205691578296
0.35714898037933324,0.36478827569086214
2.4684951664082653,2.3698205691578296
2.235727803727503,2.319998491763822
0.6725966234657763,0.7511998728639909
0.4101341323490053,0.4420597009467247
0.3667024467037267,0.34542674781283916
1.1456181671694088,1.1019351856865984
0.6955982786520349,0.7396807442511472
0.35605012169245775,0.3249866677522076
0.6251718625298048,0.6222077294683174
0.24084724964768395,0.22055159369008193
0.2753958758217165,0.2753471226900786
0.7272275697718192,0.7981083579463647
0.7819749437887961,0.7396807442511472
0.492431392035578,0.44228837063504656
0.6445066118208048,0.7009659270283627
1.1547134821962284,1.2184355307246395
0.5188120534635577,0.47680532202131787
0.7667322984803832,0.7009659270283627
0.23930118009282342,0.254738065187633
0.3975809963852057,0.4379357672392253
1.026228005221844,1.0815271752935038
0.29390423167722646,0.28283146510674007
0.5078916624464623,0.5166335050865944
0.2766968387448778,0.2932526442275822
0.5024063810359503,0.5316765144641272
0.39302681169048653,0.34675267260959125
0.5078916624464623,0.5166335050865944
0.7171238687261576,0.6661057268948891
0.3616691161311715,0.4141183893276275
0.5078916624464623,0.5166335050865944
0.5503729494524527,0.5981638507250655
0.2766968387448778,0.2932526442275822
0.5413517150160652,0.4909544885361355
0.8875891630495417,0.9564671506159205
1.0443917859079217,1.1045986379354042
1.727364098520947,1.7342728213856113
0.42844978306069764,0.48166080053344756
0.88469121545408,0.8453266630876396
0.49446358921418065,0.47676734352080474
1.6652064683365486,1.745631178920064
0.4242621947434128,0.4579707677955333
0.38437332725918577,0.36777206920291233
0.5160351556865875,0.4579707677955333
0.228102052861094,0.24545633510257467
0.06618984841139644,0.0779681414708452
0.5026442276162213,0.5721894022095203
0.08131340993079283,0.0779681414708452
0.788806246646771,0.8307752513722134
0.9286897154035261,0.8307752513722134
0.6480587937628827,0.6440591110298975
0.788806246646771,0.8307752513722134
0.7953842715796133,0.7941547848143979
0.6543913323185426,0.7010009932733632
0.47033823962294724,0.5367781661371587
0.28346726434393726,0.24757636999415583
0.788806246646771,0.8307752513722134
0.590833484658091,0.6261582117567183
0.9804536025237902,1.0559148918737542
0.2998648134505757,0.3708446655102431
0.42125802197178264,0.4434511232100346
0.701748132070999,0.6459269317041239
1.0512687484906194,0.975674473882763
0.2978879681138709,0.34159719805051914
0.5999674586136781,0.5715847722456283
0.5226413452374469,0.4731092995677787
0.12167080481285995,0.11782034716087388
0.42317801401374927,0.3902929792425003
0.898824867056128,0.975674473882763
0.5244113595294313,0.5513182062846506
0.1644614138826085,0.1845762230109738
0.6692621821998792,0.6802862062005395
0.4881048547850629,0.43983479195190744
0.43457256950368117,0.45489307544056823
1.6229638719310766,1.5004195030706844
0.9293530139513008,0.8687585950792276
0.22705427861585725,0.21785463212477515
0.443544887066946,0.41061919299500593
0.2884980593464374,0.31356286008044226
0.453754986123044,0.4789987607427698
1.1862256698018305,1.2583572350846286
0.37450714608185737,0.34175392091887224
0.6170790376542084,0.6429299560909119
0.5485208667483055,0.5879017384232078
0.3788160746419647,0.3559479321515218
0.7614961171454502,0.7328453138137596
0.15777150723762579,0.1404622506204274
1.1700169975972834,1.0823658988578428
0.8467447234516766,0.829361890739717
0.275786045431349,0.257105642725775
0.4097538261989309,0.36556265249620234
1.0142390199321825,0.9465437975137911
0.8467447234516766,0.829361890739717
1.2354550397507371,1.3091676467728046
0.6291783659424665,0.6613878280725687
1.5033890773247907,1.572368282874547
0.08321964920720357,0.09196318998910522
0.10314053614490684,0.09838150883357187
0.8128735192803761,0.7297498121252387
0.35316128916092876,0.3225933798043261
0.5283459782244795,0.5651510900099086
0.7494363730609549,0.6613878280725687
0.7485516663478213,0.6874669865976213
0.6283947723147159,0.6874669865976213
0.6774443078216262,0.6453402088496729
0.44259674871184257,0.4882151623958035
0.7494363730609549,0.6613878280725687
0.31594955658052004,0.278518613554707
0.7485516663478213,0.6874669865976213
0.40851067347958075,0.3713395232638565
0.6537970439186849,0.6076435317936856
0.8681666606258279,0.8036616658575052
1.0342507985566165,0.9607242569716267
0.09984127766795871,0.08832026052787716
0.5332893565672462,0.4822635535850347
0.4891782655521779,0.43948696549433147
1.139023885411721,1.16659781451211
0.07622186976469367,0.06682313022366076
0.17738293092234006,0.1982776925308219
0.5776976365592744,0.6076435317936856
0.23324965669166425,0.25351412601226764
0.8681666606258279,0.8036616658575052
0.5217037441961941,0.4549395019504303
0.6734061267033752,0.7089683200248439
0.7347286356772174,0.8036616658575052
0.252498477645093,0.278518613554707
0.40647819075187297,0.43948696549433147
0.5442451091115703,0.5936397853515004
0.252498477645093,0.278518613554707
0.19792563899664042,0.1879471509416304
0.31594955658052004,0.278518613554707
0.31594955658052004,0.278518613554707
0.8163896988102045,0.765611775187826
0.33681393020654576,0.3164249694956143
0.8332525128420546,0.7876309981233371
0.31594955658052004,0.278518613554707
0.252498477645093,0.278518613554707
0.2743085808697468,0.3164249694956143
0.7983790605329371,0.7511998728639909
0.38437332725918577,0.36777206920291233
0.09228493844225161,0.09442554606331907
0.7141289399930101,0.6382804927284091
0.588040505970263,0.6259385706585842
0.6348146783082387,0.7241896523992023
0.24974734565099307,0.2777047208143491
1.2431389508458368,1.1496498914375106
0.9635389443658731,1.0271555632726823
0.5979422604433026,0.6382804927284091
0.6846667836866225,0.6304417639205661
0.696678534111185,0.7069710051094464
0.4569289570637029,0.48573500997453456
0.8008900690281127,0.7570686946322103
0.7141289399930101,0.6382804927284091
1.282940206460516,1.3186673096053632
0.6686755701559065,0.6586453016072671
0.45849487298708674,0.5038404064163431
0.5979422604433026,0.6382804927284091
0.28394254757618753,0.3151693532593523
1.2175352688763341,1.2745796638893445
0.6725966234657763,0.7511998728639909
0.3530046376947492,0.3151693532593523
0.24398772184415732,0.2792720775691994
0.6283947723147159,0.6874669865976213
0.38179234496688635,0.4198413780044296
0.7485516663478213,0.6874669865976213
0.6061073003042501,0.6032067723780328
0.5435562233464347,0.5631560811301548
0.41602924666549823,0.4608878888936909
1.0336188027682007,0.926498866016568
0.39180423488756344,0.3547777248502208
0.41602924666549823,0.4608878888936909
0.37830587615988615,0.34847940866143
0.3530046376947492,0.3151693532593523
1.2125896060467745,1.3080944307216138
0.33681393020654576,0.3164249694956143
0.5065563324952093,0.4608878888936909
0.621946225290976,0.5672289785877571
0.9070355481880129,0.958386806812251
0.8757596983039242,0.9202168468721538
0.018071199273143244,0.021157910446165856
1.0778130326370057,0.9962092803601946
0.4735458215070864,0.4747572815791349
0.3530046376947492,0.3151693532593523
0.7890078328539417,0.8006529997172569
0.42254885653485075,0.4048880451583248
0.28394254757618753,0.3151693532593523
0.42254885653485075,0.4048880451583248
1.0527723794497292,0.9873408410433657
0.28394254757618753,0.3151693532593523
0.2126128533596831,0.19897211900210765
0.5065563324952093,0.4608878888936909
1.06960568866207,1.0115267430135124
0.042594262369721914,0.04787000441937778
0.9333802164731219,0.9222765786736099
0.7293417127448124,0.6509458580928598
0.23531521625072485,0.2634183713845252
0.25600664007238966,0.24637179064398762
1.0760558954027786,1.1423400400276889
0.42146162350270155,0.462788897374266
0.5517699477308942,0.5141695640142061
0.11725631752313909,0.10482683456067722
1.0057033762367493,0.911295694609958
0.6315463208760651,0.6425719972541393
0.6765952985859378,0.7211248223936172
1.1074584904917169,1.0806785679195718
0.538784994935328,0.4922164098681442
0.6765952985859378,0.7211248223936172
0.4440542405045506,0.4922164098681442
0.2995972215453483,0.32224062321909736
1.225809059216142,1.2892541590188897
0.5346213558994943,0.5855482380556667
0.9360999779072928,0.9916620606281424
0.8767766468772522,0.8486635267821822
0.4084607195585601,0.4635598287611043
0.6015838226308258,0.6659310307357468
1.0561623199168124,1.029268441084153
0.4553708259936169,0.5141695640142061
0.8578556643230647,0.911295694609958
1.1435742999387897,1.0357830442383122
0.23331233114717,0.2555198486776064
0.809467315901332,0.7910878492042394
1.3827106035336822,1.4894961566425067
1.6146169971521342,1.6948877366544988
0.4726209572477559,0.47649889233337234
0.23638958993412676,0.24772068326691826
0.5979422604433026,0.6382804927284091
1.2914281063282078,1.23516664453029
1.1817086598172688,1.0873869167199692
0.44917430385875873,0.4111254038239518
0.8025899706476853,0.7470237464802517
0.19861558643373983,0.17752370196857975
0.990440187364891,0.98729872724461
0.5841235716964777,0.557388727308294
0.6741226224868935,0.7462862851149598
0.6765952985859378,0.7211248223936172
0.5508504269568447,0.6493711909214861
0.4602080628361323,0.49520849776339737
0.6069644650674532,0.6669236651672302
0.6610174372060329,0.6717829031485396
0.7243358017199067,0.6669236651672302
0.34061995650965227,0.3907963737844669
0.3042916971088771,0.3239124591473551
1.2422180525533137,1.3293455010955215
0.5093746084183115,0.4960741670121574
0.7983790605329371,0.7511998728639909
0.5979422604433026,0.6382804927284091
0.23486020383689357,0.2679935649302637
0.39334277061812134,0.44071243126708876
0.39334277061812134,0.44071243126708876
0.3995911463117684,0.42317364849325406
0.5418473019958421,0.5599453729968167
1.0212583307556946,1.1096220388744458
0.4044116557214598,0.4767158150375861
0.9433812840519534,0.969741435036276
0.3454943154622336,0.3955216719800251
0.570052508362916,0.6271056279693444
0.9433812840519534,0.969741435036276
0.6099558408250139,0.6620443533947588
0.7457213847819142,0.7404249645258775
0.5446026138237152,0.5944090953460328
0.9433812840519534,0.969741435036276
0.6431995100560951,0.648004043685171
0.7440560093930652,0.7940773377294281
0.31945416393148085,0.34138613274452256
0.20272031457636364,0.22556849068168375
0.7235487342555533,0.8017979130943752
0.07810284166026313,0.07605373909035956
1.1212866704973554,1.0748223564406842
0.2890261140684846,0.2784019737293767
0.7425375788208839,0.750947824306623
0.665016827795998,0.6183937819460935
1.0898843002848466,1.1615017340239884
0.3668660868441083,0.3612559047420209
0.499127916225709,0.4884270638445645
0.4939825719293689,0.44880717361191164
0.4743813532526045,0.5235272152128215
0.3947438204387467,0.4203869523625226
0.33348705156699787,0.3511646729149895
0.9433812840519534,0.969741435036276
0.2060935977078918,0.24437654837781378
0.1585993436225037,0.18315344703874512
0.20034319573261236,0.18315344703874512
0.2871296221842604,0.34667026371268245
0.8517677380576568,0.767017026066869
1.3847931644179445,1.5032907047872097
0.4803872398107689,0.44071243126708876
0.5444743600630066,0.5913669975226412
0.8310996916969543,0.7514470449300594
0.6457408061408861,0.5913669975226412
0.4803872398107689,0.44071243126708876
0.6099558408250139,0.6620443533947588
0.3762877132413523,0.3989591149387887
0.26894586624209843,0.2913735676048344
0.48694304538931166,0.43703327560408733
0.5609588032910953,0.5029459700134256
0.3762877132413523,0.3989591149387887
0.4429624210900046,0.4119532047151937
0.21951683155336477,0.21972720339499713
1.3460966166137927,1.2473613397741175
0.6055785015051389,0.5678239814250544
0.8791292171377966,0.9079081597006705
1.1475033768497065,1.0733953093727138
0.8384107191412089,0.802618287745852
0.3053661587766649,0.29225309722224424
0.6783114196323066,0.5944863122692735
0.2731026298262644,0.2623842543157248
0.7959161976613534,0.7246085166182327
0.6055785015051389,0.5678239814250544
0.8778516059475762,0.8339457562913334
0.5089025864217809,0.5678239814250544
0.39095062474884473,0.39965747569561105
0.12000476153388387,0.13415429009768814
0.7891265330745847,0.8364573670989679
0.8778516059475762,0.8339457562913334
1.2306392885554989,1.1337564570328715
0.5972451764373093,0.5612412997683602
0.5512562189588983,0.5182014179556242
2.0247028325632668,2.0505480959909836
0.9191822396058422,0.8364573670989679
0.6353810262179198,0.6928921065199253
1.050929984243476,1.0091953289437574
0.6353810262179198,0.6928921065199253
0.7544559522189941,0.6934023196793316
0.6336251180273198,0.6934023196793316
0.5326122635452464,0.510474489074378
0.3247991250354715,0.35164500851438435
0.6336251180273198,0.6934023196793316
0.3465398274820965,0.37520346853230985
0.6827770458115594,0.6422896219455
0.4596374574984836,0.4924531281415886
0.5702697965505125,0.6422896219455
0.49666603987720814,0.4572684826302274
0.14142266640413928,0.15649987127466533
0.6827770458115594,0.6422896219455
0.7834036052724201,0.7204507706862726
0.45585774465452933,0.501143278665782
0.7198322026723133,0.6665693057190132
0.6827770458115594,0.6422896219455
1.0298562160644928,1.1068362691295208
0.6103668642735445,0.6665693057190132
0.6988647677457966,0.7382996079092843
0.7834036052724201,0.7204507706862726
0.980375410016287,0.9162382934899946
0.5743154504225829,0.6457843474329706
0.3966625434644319,0.4468036417532312
0.7601211547871589,0.7156714719823903
0.1962386364161642,0.186816668668411
1.2815558979546324,1.3785417310593144
1.999591206822336,2.118833120782365
0.9677141415750423,1.0207336140349532
0.6411351153383715,0.6759691895181225
0.9784437697707908,0.9391866844223234
0.3579295828850603,0.31032235729389956
0.3579295828850603,0.31032235729389956
0.20792854091783908,0.1860778032140735
0.0927255201916611,0.10342245889151679
1.2010514205554295,1.3212955547496472
0.3579295828850603,0.31032235729389956
0.1257800823803516,0.14284529831462972
0.44180777100150476,0.39527113514263373
0.3868395706434573,0.3577288214311973
0.9986425370397154,1.0683510870660757
1.4971636806631106,1.460788992451502
0.4330217696874719,0.4570387438925248
0.08402175147771432,0.06835808538176098
0.544278166033489,0.5555572073808841
0.5242599455125332,0.4952044335602027
0.7011807775484086,0.6396276333835313
1.3344425837812863,1.4303045517375141
0.2437364031254294,0.27343215503659457
0.7480136424842703,0.7106254201571275
0.7189767766943765,0.6629020907271317
0.6012612003538129,0.5497362702781637
0.8795342745987899,0.9448769286389535
0.6279182614676175,0.7106254201571275
0.44763940737031116,0.49221228046169363
0.30366918297371176,0.3404992227439317
0.7480136424842703,0.7106254201571275
0.8345267053902028,0.7284945369974979
0.4517943567875923,0.41743238814102207
0.4045272267176114,0.3775704765634917
1.0993436788433837,1.2041847128469476
0.6468339276583301,0.7093295724579197
0.13907801231613443,0.1231592612243769
0.23827277300592095,0.23410406312161017
1.2165888210924702,1.152839511084535
1.212215448892724,1.1920782683953726
0.8301005657013139,0.8948751463263009
0.7544253463289642,0.6965881416818068
0.2677609091037402,0.2461884118404112
0.22736081072069053,0.20308865533275877
0.4085102271231001,0.4364928209983398
0.6236121932026649,0.5939243433149063
0.2815091130152436,0.25883060225143173
0.6257824822299524,0.6619809827339819
0.6038181487860484,0.6536106943487936
1.4107717937079876,1.4557050817875612
0.7003269211355712,0.7378747842452119
0.6591526948055048,0.5924883140550299
0.642474326739292,0.7085875788218713
1.5420788799474916,1.478206947769182
0.8492445312193125,0.8032085713690832
1.7577203041657086,1.731431198963985
0.6443443595315587,0.7091651213746416
1.0247801789005848,1.0569684263732941
0.7043000626863334,0.6368289167118306
0.32002025837785514,0.2923878344374311
0.6341853568036886,0.677941567611298
0.5981615173314058,0.5691398934372776
0.9791807438002504,0.9571506395030259
1.1976027194129635,1.1266083033432344
0.5580312375646528,0.5912352955360941
0.1046333390412004,0.12028405852569463
0.24377248750035815,0.258257439077163
0.5275884047121574,0.5611725637891455
0.6266909999013154,0.5611725637891455
0.40592836496782764,0.4505309128030209
0.31876164315136984,0.34437111395653475
0.7865871838499376,0.8556759172715631
1.0163447445061755,1.034642364297429
1.3456698354146173,1.2705130621476828
1.6620822137578912,1.704163951905742
1.8400616712368107,1.9253542872935059
0.3286667601448656,0.3447946810690347
1.274512680438433,1.3156061334407965
0.15803379065606335,0.14392221800650865
0.498799447303698,0.4735970804515893
0.9126058373584786,0.9692559753062594
0.2654840812632763,0.2481410471639305
0.516814194235812,0.5421476803251767
0.2901589614608173,0.26290540819704683
0.2344021559300411,0.26290540819704683
0.32168388112841506,0.28823775601931073
0.8404445476099552,0.7752617842619555
0.5434050007621634,0.5287684521784409
0.3873832291357817,0.4338448703750424
0.9126058373584786,0.9692559753062594
0.6364537142372223,0.6583527881696307
0.4424482335197836,0.4807651842368125
0.66714128525423,0.6178368703474445
0.3589286995646612,0.3999869227235867
0.46238519382043874,0.44204647280203635
0.1365690375474989,0.12296050137270298
0.2613329782727395,0.28823775601931073
0.034882551224916965,0.028148743181021237
0.5324683464821451,0.5664802587957228
0.09468367941589334,0.10555593854794061
0.6853302671699638,0.72603328286572
0.9855752321243758,1.0319478793432248
0.6764701662614006,0.6304630749026122
0.48566603636986916,0.4651037589293033
0.8781313008476281,0.8097827198973334
0.14000121481175068,0.1475784971340724
0.23815741707940769,0.22793144288186004
0.2498536682536658,0.2698926738646476
0.32655985310940155,0.3563109010695608
1.149336107512245,1.102138577290029
0.657844421374096,0.6931467206412443
0.19022265681075995,0.21119864849562842
0.9083052283335528,0.9658717868301386
0.6456137073913473,0.7035009865971827
0.4497927124672198,0.49321564677025337
0.3150787780942349,0.29334207003645163
0.25357570723059764,0.26992972193078535
1.0153322495059314,1.1120229984417165
0.3824227737350654,0.41810192237663546
0.5453856662335634,0.498201082615182
0.8327943961835027,0.8090886968451297
0.1175310398550025,0.10447398344036819
0.5052197517214956,0.5563501860901696
0.5090520924995466,0.46294849855916576
0.6429290668040083,0.6268004177307059
0.9153405710443862,0.8500834122980133
0.46165225887079864,0.41810192237663546
0.4566303805174865,0.5088016508144939
0.82955415387359,0.7814668647082176
0.4566303805174865,0.5088016508144939
0.46165225887079864,0.41810192237663546
0.4326135852929072,0.3914717392818394
0.7725748574540631,0.7086569034687557
0.7793633954679163,0.8397313047489673
0.5999674586136781,0.5715847722456283
0.3074011652951048,0.2666322033053085
0.7959099521143262,0.8315588497328307
0.6014578489672411,0.6481913756430673
0.5371064415686035,0.5025352454533104
0.6767320637460266,0.7402195342351682
0.6864102432012014,0.6337645010296796
0.16470347264649526,0.1468537406407288
0.6014578489672411,0.6481913756430673
0.48612925267948337,0.4643167042750257
0.4492276451174641,0.4136883666128473
0.09113565642292741,0.1031524970057412
0.6228306538397614,0.6753637617358659
2.191718479012945,2.3226797684774416
0.4879006375081886,0.5145493723240187
0.06260959443999393,0.07003642505724542
0.22824451325185924,0.27381198892185105
0.6557229114382745,0.7177025732608239
0.4534864504745519,0.48865629825679463
0.23348276018128866,0.23780254768371747
0.270652047929099,0.2560623961657684
0.600399806347619,0.6014126212882606
0.45903114530653893,0.4396263147891277
0.40623617591256544,0.3819034763683238
0.10713976734882494,0.107267852648848
0.3992367405545785,0.37656319662019516
0.9120376672327697,0.9816617452740511
0.140798572524479,0.1544670299005777
0.13682337929734262,0.1565682945664084
0.7958168394245777,0.801950790351983
0.7630439112263354,0.7294565026275038
0.18741165450544908,0.1988645052779683
0.5913898952159716,0.655868243080546
0.33048115125083277,0.346885204331044
0.21434669637716555,0.2560623961657684
0.2855908874431936,0.31178097020962736
0.3980920061292557,0.35164500851438435
0.5371064415686035,0.5025352454533104
0.6379503647880691,0.5983453943075046
0.6553576889032978,0.62811651590233
0.5238286444737366,0.5436360450553543
0.8837872585403436,0.8902479649429222
0.27201799359921847,0.24148467335146265
0.24900029003937577,0.2787495344181483
1.0624456539800413,1.1424545696867596
0.622445730194375,0.5436360450553543
0.3876932301454067,0.39912659828806085
0.7105208453417667,0.7141317301994119
0.7497842023181006,0.6825698445651899
0.7012481713769,0.7604770363991874
0.5411607032113678,0.4819727489892445
0.7670523789105078,0.7170262341579415
1.550462306170252,1.6473948188864949
0.5281633264325489,0.48803096836379545
0.08695842925093498,0.09787738762441385
0.6879552552721381,0.72715163469931
0.5232672368828419,0.5160634252182051
0.7407868825928172,0.7813726582147197
0.5461894624085923,0.6120783070075053
0.6537516363715864,0.6330781986132968
0.3667391526311283,0.33378874455407864
1.0063174572007012,1.063184978987565
0.7041189888399157,0.6479611790430622
0.3335693623185988,0.3050587710354807
0.45585774465452933,0.501143278665782
0.25600664007238966,0.24637179064398762
0.8148448835778447,0.8572444081274558
1.0709697741763058,1.1447673220726788
0.8148448835778447,0.8572444081274558
0.5538584510515424,0.5893231887421075
0.08025038774788659,0.09452265219433381
0.19715050360993774,0.22262175476318063
0.10699733907060015,0.09452265219433381
0.268097689617864,0.29254913896386603
0.5956275583498714,0.5735602774192405
0.10699733907060015,0.09452265219433381
0.01039324395944156,0.011567696638279846
0.3681648727310799,0.40335040816226264
0.2631654615935738,0.2519148926372581
1.106006642439908,1.2117639868660324
1.1647698127683417,1.1283104246146385
0.47794475971829403,0.520276587346944
0.8564719887311136,0.7986079423028928
0.8950253002566281,0.8403225245423959
0.45006907427866744,0.48528227224798787
0.8640956567586616,0.7894424947399343
2.6252621306617,2.4736661412574326
0.8670990341249836,0.9657755261542582
0.6860061385643059,0.7446788130837523
0.0905798519039975,0.09753257402539567
0.6097622326945997,0.5602976545436062
0.5450180418187786,0.47914585528253567
0.409407811944181,0.4442182607531729
0.5890111893815853,0.623352460964546
0.7677613145726936,0.7139964832531231
1.2661951864113319,1.3677290508499675
0.3485491185255451,0.39498811311387166
0.3876932301454067,0.39912659828806085
0.3764535838660248,0.41889779218624446
0.6860061385643059,0.7446788130837523
0.8094016662252114,0.7681811617214509
0.0905798519039975,0.09753257402539567
0.5356561828104146,0.4983056807096069
0.5268744736808592,0.5466250858390785
0.06699599448575248,0.07219392132755599
0.4774810171232305,0.5202748244494158
1.5374884151772794,1.435404749692051
0.6420720390520686,0.5739781673755772
0.7026592235298076,0.7375447841378144
0.28982985562721186,0.2692093031567078
0.7707524141975332,0.7123188632549794
0.861648739865647,0.8976321434100036
0.24320986346414225,0.21637183943468227
0.6258849822359261,0.5466250858390785
0.9971684833003486,0.9205964136013233
1.0405830578324289,1.0965286446077718
0.18078419448068297,0.18756738941327958
0.6287074536597376,0.5900103592768957
0.6775476589571693,0.6273577831923268
0.3741126627059555,0.3366474750905784
0.9473728261709623,1.024894005604018
0.3457006358203414,0.33917088889410807
0.12190697442160084,0.10775726988605173
1.082670483230971,1.011673833911219
0.11543050481082656,0.09787738762441385
0.2419699287571968,0.2718336663836053
0.568016535923863,0.6182246341326322
0.6988241256793378,0.6644555621793835
0.43403480811798684,0.4417465763689575
0.4830759677971392,0.4287474145162752
0.3762060868058825,0.37176066539140834
0.6565009607039995,0.5823852074913031
0.7343599671515041,0.7580536886148467
0.3762060868058825,0.37176066539140834
0.17573197863289217,0.20350360792973765
0.3762060868058825,0.37176066539140834
1.106441480943028,1.1828482083326977
0.848255314814618,0.9317144104225297
0.42607996644683216,0.41838977731774285
0.5147994215031584,0.5520119521177599
0.5740321718161722,0.6316337133562839
0.3762060868058825,0.37176066539140834
0.903032800582433,0.8674097215595339
0.4673656916561517,0.49299109495492055
0.19873323017250635,0.22161573947359636
0.8146827098192155,0.7902409268938466
0.6912810828859465,0.7538983612623695
0.5810656712302292,0.6358762833773728
0.41428179319582425,0.4417577407695506
0.6950167670659886,0.6358762833773728
1.4353936368369027,1.528791798934928
0.3667391526311283,0.33378874455407864
0.7046612709370331,0.6572915636295261
0.4295592007851541,0.445796468066135
0.3709748945261816,0.4111602606988724
0.5233641277492558,0.5755320780003212
0.4217354464562986,0.47654746212309135
0.61780009304598,0.5615351689422686
0.9271238464789154,0.865321943247315
0.14472128602973705,0.16308877008346132
0.2734461125405002,0.26116101589532387
0.09395487288462256,0.10130438131228037
0.9427886488458265,0.8469714146688443
0.5349973496297376,0.5741334793548386
1.202567739898166,1.1639878975442401
0.6963525937693218,0.748898231714212
0.41601227162090026,0.38551850712432145
1.8524483611167062,1.752870995543934
0.7229386613882528,0.6459969783039731
0.21101729627091187,0.24053217002909566
0.18977612959465293,0.20695759354217688
0.26667934057409515,0.24053217002909566
0.389446723764869,0.44199644248969316
0.7429506901375114,0.7876309981233371
0.9958049408773118,0.9211403300654257
1.1314400028441916,1.0293248423071404
0.5145583525556326,0.48426428793954274
0.3452433053600553,0.3065404447959814
0.28696600736835876,0.3222962719799541
0.4094995574647875,0.46452811943665184
0.5253599139266618,0.5301702034913421
0.3579420591606452,0.32236017471809053
0.04606673798890897,0.050726788741641236
0.7029736312561544,0.6631583911804129
0.34488004615969153,0.34138569251313383
0.4426571925140679,0.38981051857348986
0.1927335903176235,0.17801341337763746
0.34488004615969153,0.34138569251313383
0.9030435703185178,0.9317867396660718
0.9264134301515938,1.0088798569989061
0.5517699477308942,0.5141695640142061
0.1737943385407131,0.17623845976093303
0.35822480616361213,0.39729696560684064
0.16519258908134005,0.18729462660398344
0.34488004615969153,0.34138569251313383
0.6470282811160097,0.597816693134707
0.16519258908134005,0.18729462660398344
0.4077577448361228,0.3719663856525345
0.16519258908134005,0.18729462660398344
0.34771797971353585,0.3870646963828585
1.2211088619244652,1.130764768626585
0.3499425145252184,0.3123148711969015
0.3753271613660665,0.41392592421964447
0.2116234082755017,0.18729462660398344
0.40544015882352596,0.34815793447012405
1.3859619568011297,1.4688655587275126
0.2116234082755017,0.18729462660398344
0.16519258908134005,0.18729462660398344
0.4807681388194018,0.4988153049430304
0.16519258908134005,0.18729462660398344
0.24999545642123638,0.27768939822013594
0.412674560828004,0.4126218919364909
0.6113916782947035,0.6509458580928598
0.9125355513406159,0.9986265360489681
0.30857617232104206,0.3422131133518891
0.401701933845831,0.35780972890577867
0.3762877132413523,0.3989591149387887
0.8610459778621821,0.8810970096975984
0.8876214279923368,0.9365519694852679
0.9240576864695761,0.9464678110782377
0.8238442600270994,0.8585668111099445
0.34488004615969153,0.34138569251313383
0.4054739536155067,0.3686899303938649
1.6250742182955447,1.7506086777322982
0.34488004615969153,0.34138569251313383
0.20211588877322312,0.2253716774568697
0.37052396673951676,0.33115001267771005
1.3871960502293905,1.4791346676534
0.43583525947519586,0.40257951499651684
1.0404207144247546,1.0525366614208727
0.4326646773529467,0.3989591149387887
0.3599261457386285,0.40257951499651684
0.6259081198817931,0.605119081303415
0.30047290004779353,0.34295006267584277
0.5945478234122822,0.6109518423492468
0.18281022777729794,0.18714109651079525
1.5513763149860675,1.3655341661849005
0.6721644160296963,0.6109518423492468
1.5371041470513545,1.5817582284466323
0.46540259133918765,0.5025425639898766
0.9939858058715785,0.9713512888618409
0.35738542220680025,0.3179941047846469
0.53452044347199,0.5842245796894125
0.41128028523374555,0.4467867928473164
2.0281119498842206,1.9888786966591092
0.536761493367645,0.5874475566226551
0.7554328191130315,0.8154007403572979
2.000554886160631,1.8512212162724333
0.53452044347199,0.5842245796894125
0.5912774156643773,0.6506882091365886
1.7662449270447347,1.8512212162724333
0.14810390701259432,0.13042164038006848
1.3086110596616007,1.2365948961741786
0.8786061635303575,0.8113542633405738
0.5986257191014595,0.5516528016997637
0.6447158697646654,0.5874475566226551
1.304921810344761,1.2193200147737902
0.23571631097963042,0.21777616523169488
0.8786061635303575,0.8113542633405738
1.099208447257536,1.07169685346152
0.1153225678783159,0.13042164038006848
0.5056809670736828,0.49120190334855873
0.7323363335422182,0.7521761426711524
0.6140135479789678,0.5674493915892206
0.7040334635243923,0.643138653060622
0.14810390701259432,0.13042164038006848
0.5980761461760785,0.5992147392376023
0.9263175657177517,0.9941308301826095
0.5041964899496267,0.46210679023296825
0.8923105109339606,0.9053730198763295
0.9263175657177517,0.9941308301826095
0.278281500387751,0.30715509122464035
0.48464583702406955,0.5332304394978866
0.980884056394739,1.0714937244032612
0.6863981353865518,0.6615731205500696
0.1510639927520181,0.13148308164025288
0.7210322533160635,0.7574299707900394
0.11560692335168392,0.13148308164025288
0.1510639927520181,0.13148308164025288
1.1562692308111442,1.2348441830057924
0.2007994178499536,0.20175410103369146
0.1510639927520181,0.13148308164025288
1.3357340236120105,1.2348441830057924
1.1562692308111442,1.2348441830057924
0.30512000937753164,0.3437306312047014
0.49804374499347837,0.5441015547706786
0.1510639927520181,0.13148308164025288
0.11560692335168392,0.13148308164025288
0.9440706069915119,0.9933944798106216
0.348992771937876,0.35274097256014675
1.0499922890149747,0.9933944798106216
0.7036259828844776,0.746730473549002
0.6411351153383715,0.6759691895181225
0.32042905243047737,0.295780333787885
0.7403390533785308,0.7084438207593982
1.226131465443638,1.2570732661998674
0.34488004615969153,0.34138569251313383
0.20039239498279557,0.22560062658758662
0.8980644724457029,0.9535871929354607
0.24046673452513037,0.2573568902329421
0.6741749139408538,0.7147777212019037
0.27691979245188403,0.30236873539033665
0.3398543457018635,0.30236873539033665
0.27691979245188403,0.30236873539033665
0.0939711348112702,0.11370567746224972
0.12420733520782708,0.11370567746224972
0.8139636512902424,0.7668049773946948
0.2286564216494238,0.2099182253772055
0.17930294339142872,0.2099182253772055
0.6062598155829759,0.6464930778244052
1.0450980044895755,0.9320671354246612
0.30227675539441334,0.3342158043600382
0.4806566516193303,0.43165446616766423
0.3005564388458255,0.29810788483814
0.28695470802185574,0.30431342303546427
0.3990236110685056,0.43165446616766423
0.30480087831390623,0.3361369868024165
1.0160752377941953,0.9460726651274881
0.4803256958942312,0.5029321212240945
0.20786848829914212,0.23430157613026778
1.0476080263822733,1.1423296329969257
0.4519022993149288,0.4191557358059133
0.27781068113141905,0.2497550952967744
0.4803316929648766,0.4944448042936096
0.23742969262089522,0.2497550952967744
1.0378191921568771,0.9749475265474747
0.5775038867751255,0.6406472376178023
0.8450153330075387,0.7981273740477169
0.2667883639316781,0.23819113008168377
0.21110862733983193,0.23819113008168377
0.28021561783503834,0.30779282271464675
1.3815968380527792,1.3445347374990686
0.5775038867751255,0.6406472376178023
0.260012940039748,0.211974051700074
0.8239341869877836,0.7485568323179173
0.4985227223470918,0.462466537225069
0.18198093961658843,0.1544670299005777
0.08516545730704851,0.0836383017709999
0.4146600010876665,0.462466537225069
0.4854235396463457,0.5160696365101043
0.8443928676177548,0.8362356079533053
0.09390930807684388,0.07838805025582171
0.2940639175788697,0.29151062135044536
0.060725223513568155,0.06930720434600328
0.6422245332939486,0.6044931046610628
0.08220752397046655,0.06930720434600328
0.297625776320381,0.32722969483857195
0.9104688503526442,0.8085345839757982
0.6360378976412994,0.6506952592982026
0.7577152422157294,0.7515702129777742
0.1678857563701259,0.19213096837885557
0.21488042405287747,0.19213096837885557
0.03778057547750507,0.04500741941691379
0.1678857563701259,0.19213096837885557
0.47942737084849085,0.4516879175512137
0.5999674586136781,0.5715847722456283
0.14215354019754206,0.134065734221352
0.42482968487059564,0.4394201146661536
1.5927445088438452,1.6939390457104087
0.48755192874435405,0.44813759181474233
1.7971905497509353,1.6939390457104087
0.9158020360480917,0.8513170320474452
0.1648155448100035,0.15998611726314502
0.7604375385437858,0.6968993377954985
0.38807205781601445,0.38450940417285345
0.8470591662389264,0.8922188373756685
1.1343331290814778,1.1418889946149149
0.08031762561609379,0.09141619055315435
1.516278672285734,1.5019577413973835
0.41520882789069485,0.37521852425607516
0.8470591662389264,0.8922188373756685
1.1105216178683963,1.1880310365459508
0.8470591662389264,0.8922188373756685
0.08031762561609379,0.09141619055315435
0.2926718129426503,0.31560174790580064
1.4477425275987885,1.4852896473851087
0.5597948459438453,0.5272016224017703
0.9224576250451436,0.8640346958848403
0.3562856118820678,0.3356000037952238
1.5532957240417349,1.6509820719127122
0.6600631634352073,0.6127565715448924
0.980126801041395,0.9773278116554714
0.739330691504648,0.7916399281188077
0.6629439385477884,0.7192125436834982
0.030178469022030398,0.025413715329808545
0.021078085389010077,0.025413715329808545
0.7686527708842383,0.8148498054559897
0.21825524922896958,0.22551312380850783
0.6666802446854938,0.7163801455997372
0.2775596286377718,0.30357045087714707
1.1277282378049007,1.2184090861176815
0.614342803499419,0.667743997172813
0.7189767766943765,0.6629020907271317
0.26576739587028164,0.2918042408663035
0.656683836121951,0.607718837020714
0.1539998684996554,0.16773494464786376
0.6096042298520727,0.6629020907271317
0.579028270445771,0.6407526248849534
0.3941007320435408,0.3578219550748527
1.0661432172529914,0.9524238077943991
0.20063159376910022,0.2263838658533127
0.029851082125370628,0.02547214030559764
0.5135509632191473,0.4874424415230192
1.2517160372839993,1.3275487617282309
0.4776432945054393,0.5043065811117662
0.5584280064110814,0.6350211383893033
0.7033937841050545,0.6572838767079402
1.747542221806702,1.6494468742125274
0.8455900531201104,0.8830516850976904
0.2809265178464511,0.2423942289423544
0.9817317694757165,0.8830516850976904
0.4079437540451668,0.43446621252094286
0.3070182809158949,0.265286464593248
0.683004505881244,0.730344657124876
0.7928077718657549,0.7508988456733013
0.4160067912787408,0.4104251207259683
0.5957189862363169,0.6572838767079402
0.03138917267336804,0.03673329866292781
0.44129406070380917,0.4123566038550033
1.3304326977593197,1.4566576173480925
0.6657877964127509,0.6293919056333114
1.056498062143956,1.1202990671758852
0.8554635983546954,0.8769313325183595
0.04860955008933316,0.0451152128176963
0.5525067458849245,0.5193259684855089
0.21325731444072452,0.24317791847253442
0.6390101993925164,0.5911553485776319
0.850418017849876,0.8069194804079618
0.4203860843765006,0.4560921011749013
0.786797478711723,0.7418120441429966
1.0694220784270991,1.0044540396839634
0.850418017849876,0.8069194804079618
1.0694220784270991,1.0044540396839634
0.9215205934307128,0.8801843543028551
0.558643060499526,0.5187928302158328
0.39673358434837785,0.35831875476466796
0.6700308383324914,0.712960715796543
0.20283680451932276,0.22525206877130655
0.8622215166029013,0.9063168707072562
0.6860050892522007,0.756677872622406
0.30679413213458356,0.27926966422343136
0.6985773496212727,0.7047334350951653
1.1122843257412267,1.041305667165109
0.678137002102324,0.6898542285162208
0.4865719112320538,0.43539892106047556
0.26997766268793927,0.2939934333271003
0.33746782919228485,0.31516516398242866
0.37278950625823654,0.34840444207815374
1.1251194993409768,1.2002677521005094
0.23648179825253382,0.2617044326637086
0.557397987017867,0.6119700979204462
0.23944741352101395,0.21413657701603195
0.6073225278551871,0.6007164637523784
0.17771445893096252,0.1693152393920031
0.8713330188896193,0.8208128308984104
1.1122843257412267,1.041305667165109
0.8123190699078834,0.8884299486428018
0.35500423526796626,0.3703383905475789
1.1122843257412267,1.041305667165109
0.6435066771520863,0.5864137735450156
0.2981307601535413,0.33740421707527785
0.4353005860771669,0.4590561702345785
1.138344705633215,1.1891024396501788
0.28150084185634633,0.3172321933530073
0.6504717102227598,0.706464475311879
0.3533187990436912,0.31356286008044226
0.25670901103914684,0.2816183215106787
0.25861047605523557,0.2854869703889614
1.4364854641420903,1.3350304287492984
0.5311550371467306,0.5937388411227057
0.6259454120784972,0.6038664857808862
1.4099595832144212,1.4921861385582533
0.3709872064129829,0.38504974280013865
0.2616326262733037,0.28596690125152907
0.32203369780020336,0.28596690125152907
0.23005785845649493,0.262416682816642
0.9011033148396217,0.8246221617820156
0.7804415315105321,0.875443978871211
0.764136381532714,0.8246221617820156
0.9559947189983158,1.0487810762870724
0.6582176902944198,0.6137105715198176
0.7564357698313531,0.7917978009090461
0.6268651343686449,0.5769665047595276
1.1594126727882406,1.1220681559305927
0.22736081072069053,0.20308865533275877
1.5514161599107452,1.516088704364613
0.15499983709814613,0.15649218259062495
0.8401221994411755,0.8541303279285652
0.43134598169427424,0.3908697503103367
0.3147581926509947,0.3377253773311113
0.5932648694592657,0.5582027524253235
0.6420286119261187,0.6858235783878868
0.6198681342352328,0.6163484830813769
0.22504129722664906,0.19706435278768106
0.22504129722664906,0.19706435278768106
0.3968756151134488,0.35212592281267757
0.7016843400560541,0.7674129696647515
0.2786670578918049,0.24790895925474926
0.6095884849690951,0.6395732213000201
1.2850493827696305,1.2103663604679877
0.735249369281897,0.8172958591115004
0.2381907059120307,0.24790895925474926
0.39330290743834506,0.4345307969595356
0.864655950510862,0.8418859339444588
0.8304530209743552,0.9344305592399321
0.41554401192869483,0.39500336753938403
1.0462465660340812,0.9793790453629088
0.9160233433026668,0.8802143184608017
0.22951052957141357,0.24790895925474926
1.338941103938679,1.2044794264897936
0.46451624234224465,0.42063242200219125
0.5072533005053974,0.458504828874064
0.5757517971163355,0.5636004870079666
0.7719974080463209,0.8418859339444588
1.2025908787644919,1.1838738094617682
0.5304891314170741,0.476356864686249
0.7124863665912241,0.6719746310884167
0.9559947189983158,1.0487810762870724
0.9852413386433486,0.9436534708794544
0.22044289865013014,0.22617311259753642
0.3500392208437557,0.3876026419757925
0.34722085221824944,0.3639265243897425
0.8370850259290883,0.7484070364769121
1.3511753589647915,1.2785119361992616
0.6918812731364032,0.7074504728806962
0.663594442427866,0.7337894092660362
0.4742643367690844,0.5238342981771693
0.5775967958790733,0.5393774918161442
1.1451384590003493,1.1876529366102528
0.687653016077441,0.7024354583012052
0.1034213833133007,0.11484481689538419
1.1311712177778548,1.0603502678937156
0.5040159410484278,0.5438351867240976
0.09795057710771513,0.08362063144203746
0.5261640686003282,0.586043211693729
0.7881563262561071,0.7582862384820456
0.5644400698365796,0.6038956749897024
0.3063995347865142,0.3189699479640532
0.07577527567448868,0.08812573548521749
0.8001553603212604,0.7147777212019037
0.8549667140968891,0.787034388045955
0.13644753529373924,0.15494891910397515
0.8448167153105177,0.9162451752237006
0.8937153687866314,0.8131138159190359
1.6907725630741084,1.6258017467725185
0.8157200141742994,0.8100026559590789
0.4878658559148862,0.4768498626386721
0.7124863665912241,0.6719746310884167
0.4000451690231452,0.4261993681512489
0.49233618946900676,0.4607331743122283
0.9545122373194677,0.9018989320373392
0.7124863665912241,0.6719746310884167
1.0630195900068204,1.1392027730657865
0.4071830210358785,0.44462778381505047
0.6629065483066008,0.7244996802100899
0.40953235156445755,0.4425208318830345
0.7867730318974466,0.741510919620828
1.5556667940217872,1.4487098723147644
0.4131994879174073,0.37270787388528037
0.32394142712032054,0.2980190166175276
0.4507717006749935,0.4773485404805557
0.3872899814677932,0.35209954836392493
1.141393591688098,1.0779388260261011
0.43742804127173307,0.3929009817364124
1.262687407338307,1.2435126169387087
1.2508709399567228,1.1456762677088763
0.28674785622438514,0.27541146188842813
2.2271276807155576,2.3043847008006977
0.468622446076191,0.42701330985404334
1.141393591688098,1.0779388260261011
0.2199883522978562,0.25032278288344706
1.016444871674254,1.0823658988578428
1.4915161088875646,1.393018675270323
0.6439778891450947,0.6916850089507633
0.16759744325417986,0.1755155171919232
0.43416367146400214,0.48016730583790707
0.27450717240757605,0.3136834850635809
0.42848671897073937,0.39498811311387166
1.0989679516531048,1.0821194748469716
0.6740546549132823,0.698035858398253
0.2938381447978715,0.2733863531562435
0.8330376837030049,0.7683742925476145
1.086503721735604,1.019385922565983
0.7535544251019609,0.7988064973325325
0.9099337580337079,0.8582721006818645
1.038609943347815,1.0452753335296154
0.5197629142007265,0.5447929657336793
0.402938716052726,0.3739903705660117
0.595011431055248,0.5748503274128908
0.4368313681373417,0.46989590306931706
0.813936568149888,0.8582721006818645
0.28386557063713147,0.31770110130799883
0.19804953034249556,0.2232757946755563
0.09212864335821688,0.09898650353041424
0.43759952966722854,0.47908646176600256
0.275786045431349,0.257105642725775
0.517519613517757,0.5586357333593602
0.4463729823277688,0.48701684237416504
0.534661993716121,0.48701684237416504
0.2799220630530187,0.2561637488131445
0.06269476231160553,0.06327670852360277
0.22212647977695235,0.2561637488131445
0.9323561505089323,0.9005694688194897
0.18612937331098467,0.16799092010485264
0.0961441173667879,0.0999638817772135
0.3311313907381038,0.3629269823426813
1.0825440172590857,0.9971920699810723
0.5576394987459826,0.5383186286821973
0.4609601171335224,0.4254358534351261
0.48623708081676786,0.4538124591974517
0.38833266668580496,0.4291666318398903
0.577179403893511,0.6231611938160788
0.30878235012928806,0.32027828067261976
0.4688143711454278,0.4579491610554108
0.4398030922617569,0.4583270639570002
0.3876932301454067,0.39912659828806085
0.3663266737760622,0.39107045455375417
0.6291724428063935,0.6549650000659913
0.7331810917246542,0.7895071358444768
0.6546544806284483,0.6052618317127624
0.8645491806392535,0.7978601311516061
0.5455018324586763,0.6052618317127624
0.8385667193998952,0.9090543494677017
1.4512531520869343,1.5759049846132516
0.5186028475397013,0.4842560958840443
0.4132371230088291,0.38601038806138643
0.5475873351405164,0.5900547476858186
0.42308963339738487,0.4854816492026579
0.4741473327770814,0.5156791352149961
0.31594955658052004,0.278518613554707
0.6137717262188959,0.6455572643898854
0.47714268529340204,0.45915964832785733
0.9138524050193265,0.9601294671351485
0.4915466550364121,0.5149372341215123
0.7457910284616347,0.6822223796314582
0.5195094639944685,0.5928909827166243
0.7749100937928016,0.8045862406989175
0.4163930706364051,0.4155995246187395
0.6083357399850643,0.6492361134397266
0.6767650371253245,0.7251181772764225
0.8409774527208549,0.9370509260653255
0.3442064557958828,0.37328643626881824
0.6463403175902568,0.6054865640486379
0.5008024212243345,0.588357771766626
0.8420445054610952,0.8645535616463321
0.3477145480418505,0.35666133979064607
0.2310467221622258,0.23038323820353157
0.7376829052928412,0.7767594598380202
0.9777456968634657,1.0301709807975745
0.7206658832762188,0.670085563053735
0.3126017878105922,0.350028520164905
0.62048280119878,0.5872452177859693
0.7024574396145168,0.6702357171244335
0.7913643352604562,0.7167532161266933
0.4834607464474876,0.4532350234112027
0.61432544130309,0.589830393806846
0.8529036489169454,0.9351824749508573
0.9317517404795822,0.9918415490286485
0.9573485238976498,0.9082426094062911
0.0783410695297793,0.08634072934515725
0.6663655196726502,0.7167532161266933
0.7206658832762188,0.670085563053735
0.8144714718843874,0.9082426094062911
0.5483636566648521,0.49741617684181977
0.8836992809077223,0.8309238794017603
0.500649509286971,0.4634539954105018
0.6329781422554994,0.572074655267175
0.6960633277575198,0.7530589737421872
0.6434346246997542,0.6449588027696218
0.6857854299974705,0.7252631496132356
0.649243259533352,0.7118152191504483
0.743041228931052,0.7029907098958721
0.38928475853693273,0.39189144576586044
0.8187303675302328,0.7636870129156869
0.500649509286971,0.4634539954105018
0.17192091240334895,0.1503254097917712
0.5215504353633132,0.49245646781343
0.8133628311411112,0.8877296325528388
0.8864014720519761,0.9697028760232508
1.771227845008087,1.6829423496598683
0.4348547197118101,0.49245646781343
0.4797687729102219,0.43093199381368336
1.2650669011191145,1.2932670325465907
0.8452521068322347,0.7684210162157521
0.5653114512784019,0.622211516411174
0.14522572978832676,0.12589378508518456
1.2317196197449294,1.1656650218427256
0.3378248939399369,0.36449097493412447
0.2799220630530187,0.2561637488131445
0.4036871191635619,0.3780240594185611
0.3079790335749016,0.3053101496278741
0.5653114512784019,0.622211516411174
0.8171428147913851,0.7619933023523536
0.25239425696498374,0.23905439860954525
0.6733085397271998,0.7278830235740992
0.8171428147913851,0.7619933023523536
0.6417480906917681,0.6103146709758587
0.6417480906917681,0.6103146709758587
1.5556667940217872,1.4487098723147644
0.4243780183085974,0.3735527121237309
0.016668318715331278,0.015249016241108864
0.5092444100848524,0.47090798088982266
0.4946682774797201,0.5379107950280692
1.0402610097600085,0.9637372775531653
0.2540975005548953,0.2928230939476087
0.3025161714718179,0.2741846278760099
0.43178949595958993,0.4706367027369811
0.5160479222252297,0.468508672984033
1.310867812878254,1.3762646794535456
0.5327924948499954,0.5156005157382408
0.40593758106664407,0.4469056166795453
0.947668016456414,1.0197733582341777
0.5250144263589238,0.4767749700570842
0.7135322614092334,0.6528614905258653
0.5653114512784019,0.622211516411174
0.8953780112497369,0.969644590297283
0.16668505464572472,0.18126574677253798
0.8993819387308629,0.8550548784662336
0.32867829708945073,0.3229014700164109
1.0800365813568302,1.109985915351338
0.8041567387183719,0.8550548784662336
0.43206864501810344,0.4767749700570842
0.3124743941313708,0.3488135904155586
0.4030599951760324,0.44295268374716096
0.8953780112497369,0.969644590297283
0.5250144263589238,0.4767749700570842
0.6583629559982894,0.6099682118095332
0.4036871191635619,0.3780240594185611
1.205828928862692,1.2616488452849033
0.8953780112497369,0.969644590297283
0.8869491212642442,0.933655963268036
0.5250144263589238,0.4767749700570842
0.16703834737769255,0.1900906305523873
0.3616691161311715,0.4141183893276275
0.6645791687784469,0.6127936736109214
1.04743871913934,0.969644590297283
0.14670372935453993,0.17601662731021112
0.32098518000204296,0.2901171569952897
0.5250144263589238,0.4767749700570842
0.2846171594487816,0.3069285125893724
0.7258144727773619,0.6688022417802469
0.43206864501810344,0.4767749700570842
0.3801923221784458,0.41579563955434834
0.35010558747617354,0.3751546280821807
0.8953780112497369,0.969644590297283
1.0402690982819196,0.9214134230929271
0.4491804601142344,0.482153334593904
0.3661508755170473,0.33525205970638183
0.421816934641792,0.3863059462932028
0.4491804601142344,0.482153334593904
0.5094420284034078,0.5455513245310843
0.5446689671870668,0.482153334593904
0.6621035677077369,0.695562982709775
0.7652353395472827,0.7896787931747462
0.5250144263589238,0.4767749700570842
0.7643042933289947,0.7748193006836941
0.03805359211992715,0.04349946780722933
0.9263175657177517,0.9941308301826095
0.4085835156322589,0.4355626656301789
0.44660681515255796,0.43001634136621614
0.7191745555358552,0.7659199471838349
0.703877698782055,0.7638605730900995
1.04743871913934,0.969644590297283
0.8953780112497369,0.969644590297283
0.8335495406863579,0.7638605730900995
0.15537405946519464,0.17781349438549676
0.5744452005249758,0.6460550271830555
0.8278613152962524,0.7425670745560047
0.43206864501810344,0.4767749700570842
0.36637058377988385,0.4111254038239518
0.5744452005249758,0.6460550271830555
0.44917430385875873,0.4111254038239518
0.6895079757695691,0.6473090002563767
0.5744452005249758,0.6460550271830555
0.43206864501810344,0.4767749700570842
0.8278613152962524,0.7425670745560047
0.36275260158877753,0.32579753388337407
0.3955995798570943,0.3566201923847323
0.8518504557377993,0.9114484210703876
0.3748867492530957,0.4327148472649323
0.45585774465452933,0.501143278665782
0.43206864501810344,0.4767749700570842
0.305076399164209,0.33682933017556643
0.7420006875199767,0.6652462303499743
0.305076399164209,0.33682933017556643
1.5565340919302153,1.6845848320403458
0.5646768965849708,0.6049498211765169
0.46025935241167454,0.4211363925911099
1.9386011354064667,1.814609754862942
0.4325029053294031,0.48034227708498833
0.5702697965505125,0.6422896219455
1.2120137099021564,1.1243370862775572
1.045366780600038,0.9580074107475852
1.8851153349903618,1.7753965619322272
0.23681869011918427,0.20520717237501235
1.148967830630364,1.067987784879234
0.18608676617049158,0.20520717237501235
0.21096981714603127,0.18562651472395833
0.23681869011918427,0.20520717237501235
0.7442753079025562,0.6939811859067523
0.38120736207803635,0.4211363925911099
0.6717458435198836,0.7115609176606003
0.5437090665759832,0.5021869711675716
0.6445064767510408,0.6923138701984756
0.6445064767510408,0.6923138701984756
0.5360490391896385,0.5919280752725286
0.8109118287626774,0.7361394108706742
0.8796098332782792,0.8057774563189652
1.919625926785224,1.7876103670691192
1.5565340919302153,1.6845848320403458
1.773143183279213,1.6845848320403458
0.18608676617049158,0.20520717237501235
0.5806315892640268,0.629701146730099
1.0074820710713954,1.0004799340174766
0.7544559522189941,0.6934023196793316
1.0352930685468644,0.9488760037974362
0.405120807311157,0.44880717361191164
0.41800717687577826,0.4017573377139868
0.28276077788578924,0.31178843803951684
0.405120807311157,0.44880717361191164
0.4939825719293689,0.44880717361191164
0.3286554354986413,0.31178843803951684
1.0993012460954432,1.0171867424683112
0.5667356849841858,0.6297438680393374
0.7077362491528826,0.7608442468093511
0.5207528647023543,0.5880238583214383
0.5207528647023543,0.5880238583214383
0.35324853622527086,0.3928466892024034
0.7645643742787319,0.8106338035369274
0.6787678960030682,0.6297438680393374
0.7645643742787319,0.8106338035369274
0.5667356849841858,0.6297438680393374
0.738743215244772,0.6931928541553442
0.76509001654885,0.8179845490981742
0.9021704215797546,0.8179845490981742
0.6260345598331297,0.5821788107654137
0.12832443578686434,0.14790457899276918
1.7507431972294465,1.679569730409846
0.687365046362776,0.6457843474329706
0.9021704215797546,0.8179845490981742
0.45252792466963404,0.4288605269120739
0.7958504940324945,0.8531731948117285
0.9492927480744017,0.8708853682344472
0.6126132429859698,0.6390462566218624
0.5203511631824,0.5821788107654137
0.19073062585879924,0.20635303473012248
0.511121477671488,0.4909771722942821
0.19073062585879924,0.20635303473012248
0.5203511631824,0.5821788107654137
1.0074820710713954,1.0004799340174766
0.5203511631824,0.5821788107654137
0.4088204738784495,0.3780141283195144
0.20034319573261236,0.18315344703874512
0.16009888503984093,0.168391524816266
0.6950167670659886,0.6358762833773728
0.18381547951961916,0.18612140340441538
0.8193954834939612,0.7538983612623695
0.4894142316441538,0.5422832453231105
0.511121477671488,0.4909771722942821
0.18381547951961916,0.18612140340441538
0.5810656712302292,0.6358762833773728
0.10712669886614093,0.08765874796005847
0.3310318116655452,0.35561304992940335
0.8193954834939612,0.7538983612623695
0.5835216169142562,0.5422832453231105
0.3758555645392627,0.34314251634621334
0.1585993436225037,0.18315344703874512
0.5764448316632248,0.6350716165888044
0.5432384165967739,0.5922271107419584
0.8029260492616308,0.7417905618802075
0.6766370852659368,0.7417905618802075
0.4230044667101495,0.4434716075674058
0.5274828297316251,0.4800439987953439
1.0861373119766349,1.0265832661428558
0.3617803969760733,0.41144714744776206
0.32774719393243146,0.3023712092919458
0.16465243820519537,0.18562651472395833
1.8851153349903618,1.7753965619322272
0.36732938663060194,0.3909310091560499
0.7411668472876759,0.6820316786719968
1.1280207715239228,1.0999104476633121
0.16883161627695684,0.1549782342009968
0.5278048059138377,0.49295057352693306
0.4631778185116121,0.4179794899270231
0.5453856662335634,0.498201082615182
0.6737436987208437,0.7333197610693186
0.4457105829019388,0.4964616203622533
0.6884027307643957,0.6711177589005479
0.39107895607697757,0.40481666002042216
0.8412117307772234,0.7938995844778394
0.3869485373321833,0.4215464524472338
1.0721185059978073,1.0055500994754203
0.5088463104791626,0.5451210690561067
0.5717763708508528,0.5780280246338441
0.19256314470071348,0.17914846532819606
0.36887601487222155,0.33883661868238024
0.6677672352570034,0.7016558391506756
0.6079524582405684,0.6661057268948891
0.7669580920634588,0.72408494885352
0.6933079701575444,0.7348190500308523
0.10026926613872243,0.07960935799436986
0.45252792466963404,0.4288605269120739
0.5545816906272675,0.5015051366085651
0.7296573053165198,0.7881686363895787
0.1678857563701259,0.19213096837885557
0.8624808357719604,0.7881686363895787
0.17696845243999404,0.1585018614787132
0.20017623387316047,0.22564684737911203
1.1321595596084064,1.148901374168015
1.660999707875884,1.534387229207746
0.6579232246567055,0.6063764705778549
0.2662504895725984,0.24282057614215874
0.8624808357719604,0.7881686363895787
0.8624808357719604,0.7881686363895787
0.6579232246567055,0.6063764705778549
0.6704725851969016,0.701728256014332
0.2827828678194476,0.3436403522357927
0.5235330741197138,0.49765557583816045
0.9492921447009322,1.0029363928199606
0.5468634123370072,0.5755916059849258
0.728922213099415,0.79565286603338
0.6668520650808722,0.6252591084717636
0.31499333815241715,0.34995604527228563
0.389383234404253,0.34995604527228563
1.5262280668934296,1.520311886077735
0.4505308737134503,0.47861988535989547
0.6997435429047174,0.6802116994399422
0.7567215133681491,0.7922266859513316
0.2450747512132256,0.24672400321686938
0.1812388713357123,0.20308865533275877
0.15324403722320296,0.17603618986376876
0.3736453518901793,0.4006611710534722
0.11864854474280095,0.10227066305922425
0.28355451822942096,0.3173708229417034
0.07916109782441767,0.08803836916853378
0.11864854474280095,0.10227066305922425
0.17101726738299255,0.1921438317325426
0.48013171319866677,0.5053376822693914
0.5120495995713923,0.5361256379782423
0.11382304686351671,0.09753257402539567
0.4013146904873272,0.4213192706081989
0.648433838202635,0.5755916059849258
0.7089768408827252,0.7186349769917179
0.4140782627272186,0.45694861583160384
0.8781313008476281,0.8097827198973334
0.2581465635622224,0.22754524119357997
0.4037643557967195,0.380001052006212
0.35896861634652,0.37376301108147547
0.5132560171295255,0.5481924754365044
0.37846813553346587,0.3881645300188587
0.20387596872773314,0.22754524119357997
0.3484020961887885,0.31764439232270725
0.6661350808345958,0.7113792323207848
0.6666235786373983,0.7078053993695373
1.2315602330706226,1.1760389973970276
1.5367320915993732,1.6565270899149762
0.9182228734265524,0.8785641785220694
0.3310732937522999,0.3656728532853914
0.46708943666973596,0.42244353441754684
0.07712948844313465,0.09151000854549801
0.46717291856109594,0.5152394303470831
0.32738577307269295,0.3691057648478718
0.9857051927134991,1.065496509106503
0.03388352722309028,0.03857386533926626
0.401570306180253,0.43326851780272996
0.5095396002698062,0.5367913230469066
0.958621848256632,1.0452223344744387
0.5504264707854094,0.5057813905576387
0.11843358303451412,0.12161574342758137
0.5066274149663488,0.48345709887493943
0.7604375385437858,0.6968993377954985
0.18442333321348883,0.20228597466562578
0.38941528703938927,0.3567075274892913
0.958621848256632,1.0452223344744387
0.7870351477010332,0.7949995752634845
0.401570306180253,0.43326851780272996
0.6284111366816518,0.6685300182560463
1.166749753891182,1.0883196732106373
1.3158893110284546,1.460788992451502
0.36822843419498164,0.39616830516153223
0.718750125786231,0.6626632943536278
1.2244584642054708,1.2966245681097268
0.4887877181043408,0.5060792733777618
0.4438250124276855,0.48287959238127015
0.4409469804288752,0.5069264444875142
0.28560744835404217,0.306237624997056
0.88419277083161,0.830445737812231
0.786797478711723,0.7418120441429966
0.5854620726194124,0.5301589935104017
0.0577684184724596,0.06519851076009364
0.6094021717193199,0.6626632943536278
1.2704949353050214,1.2363019643539044
0.7764499376405252,0.734579076383727
0.718750125786231,0.6626632943536278
0.718750125786231,0.6626632943536278
0.16607012316039857,0.14831677545981362
0.7845517499530753,0.724589631421092
0.22308533748916448,0.23614242286208587
0.2581465635622224,0.22754524119357997
0.2581465635622224,0.22754524119357997
0.1835734782995749,0.20628970944049113
0.20387596872773314,0.22754524119357997
1.4805259496316996,1.5920223804527165
0.20387596872773314,0.22754524119357997
0.7639947146950937,0.6975881678646496
1.4805259496316996,1.5920223804527165
0.5921847357833111,0.5839284473372669
0.9061151848811594,0.8702367286087055
0.20615205980128498,0.18122710243931656
0.8811787505606554,0.8363280339533792
0.2681152084077664,0.28718682336561985
0.4794047185458762,0.4431120186726762
0.550390100906056,0.49520849776339737
0.27781068113141905,0.2497550952967744
0.9427886488458265,0.8469714146688443
0.5954540546460204,0.5598606921776895
0.22435304716338494,0.20350360792973765
0.5425897459569938,0.5402312547517214
0.0635224304381219,0.05292903227882022
0.6883180826546933,0.6757578314031145
0.04623685546613902,0.05292903227882022
0.9427886488458265,0.8469714146688443
0.0635224304381219,0.05292903227882022
0.5227789871938702,0.5060380807428062
0.04623685546613902,0.05292903227882022
0.47898301938705234,0.4442932640660412
0.3393642338972353,0.29966461771883435
0.3741981465482464,0.3204668241516113
0.23348276018128866,0.23780254768371747
1.0681841179206002,0.9635308962936963
0.3020116387776964,0.3204668241516113
0.26581570467515553,0.23184163929218127
0.4895848542146256,0.4591812440026397
0.26581570467515553,0.23184163929218127
0.7770211409841257,0.8273263457274166
0.26581570467515553,0.23184163929218127
0.5372353875507543,0.4816459074671707
0.18585947813370327,0.19091180987960085
0.6995253529402053,0.7506324432953374
0.7934999580559425,0.7353909300216193
0.325697805565411,0.36929945281097404
1.2802181468886935,1.1751210227258246
0.5047076292949466,0.5575284313404325
0.6927103189583008,0.6688722111061138
0.2587400565827798,0.2935913657814306
0.4258390942175691,0.39435088138299906
0.6885561334685855,0.6804137208245474
0.13440048948642513,0.12831203298032148
0.9233631736502672,0.8806155387992813
0.45336521798464136,0.41178236482084146
0.9101845385419546,0.8531901808476151
0.9605421208908591,0.8985906180918207
0.6348719941558644,0.6089591453397529
0.4258390942175691,0.39435088138299906
0.20400313094992012,0.1838768688670234
0.22084961833006,0.24449204123711038
0.5738792491943862,0.5362385265196782
0.0570869785829735,0.06748197181269576
0.14168061188102812,0.16127298781692384
0.1666369483361118,0.13289789775818597
1.162049465905815,1.0860962524534654
0.6301066881613204,0.6573936179582749
0.2440375787007879,0.245739451165058
0.3647496667789267,0.324430804863949
0.4696343032489656,0.46047575029935917
0.3603412409078173,0.35645111801411256
0.3332415357056562,0.30401316084626234
0.4469680648546903,0.5277955193302137
0.3756570549114284,0.3985231480387514
1.4822135976403297,1.4185401767101593
1.215758899757622,1.118310741579626
0.4321086925021132,0.39575950716543085
0.09090603361208922,0.08555644865513815
0.9446821131754989,0.9964735877840811
0.2113242658700365,0.24076447991642805
0.9428525551267228,0.8859417599680419
0.5449496550004218,0.5380348319976663
0.6468634986862742,0.5835079149717546
0.8487796958691626,0.8180696152144382
0.26937209468083395,0.2771626244453801
0.8553168855081991,0.7977865181639849
0.33901159584761015,0.34726691824693345
1.1087806209764073,1.0297555674503411
0.5245790093178045,0.4950408508527422
0.7251603382600951,0.8026864968029291
1.4558756458437851,1.356668066748289
0.8750122066153303,0.9146580633086843
0.287381690001096,0.2585567050888176
0.4329354716765991,0.4539796109404516
0.22839768562273402,0.2585567050888176
0.6374236541665134,0.5887056109595779
0.02989456428463978,0.03748312024627589
0.2027718138651518,0.19253791949998111
1.219138473864382,1.2702012988563502
0.4363011958454839,0.4790968000341754
0.8369395702041694,0.8810500322159585
0.1920873402566307,0.1859692730433306
0.7025488957070404,0.6644119341023391
0.25905659595162245,0.28390127715665503
2.743851812613985,2.875828528526643
0.4160269052544207,0.4043872661692088
0.3541520306020499,0.3235687732007278
0.36282649768564007,0.40796663030119634
0.6465482071537564,0.6120607553598615
1.1042132067840373,1.1895349516858735
1.222554375075007,1.3034915989176286
1.1712191338787015,1.176183089105954
0.5292267643622466,0.5491293516158983
0.9113586969188211,0.9014039951200324
0.5945478234122822,0.6109518423492468
0.3144999585328606,0.3442329938592497
0.3856865626224776,0.432718240110934
0.43970989755065915,0.4155422406354994
0.9810905525207246,0.9879206652432181
0.24969775764353713,0.23784472678130253
0.786797478711723,0.7418120441429966
0.7582319209700356,0.8110712199066854
0.627167098730708,0.663481331011872
0.9087558124448482,0.9354220205212915
0.5605650394063765,0.526801546141828
0.0840922282611736,0.07896141250905273
0.6579941867270513,0.6922653200049406
1.014428209776274,1.099340359583907
0.7808623594409426,0.8518516097236362
1.4251912780500262,1.537525636163558
0.31516389755061347,0.339435418028035
1.1688157825914864,1.2429430889548665
0.44101428499293066,0.5062273066069274
0.449284431825764,0.4390530895610195
0.9931720757045513,0.9824165335813316
0.6848702164098165,0.730220797909239
0.9496797916500277,0.9805156044795312
1.085888242935358,1.0835314057582859
0.3697268783229717,0.4232380112852441
0.7304802756028793,0.7138772329554428
0.5760117338462383,0.644375863866302
0.7671004492994014,0.7079031862399533
0.07373030003884799,0.07836952407077706
0.26079800520728824,0.24437654837781378
0.9671643664537498,0.9256523019633961
0.22976125632652783,0.23825281870497098
0.22296455455824668,0.1985962159353852
0.32623963277799706,0.29285126342856427
0.36463708683155416,0.39536896109007086
0.6103638415230391,0.6495873547739023
0.904682084528421,0.8322725976480412
0.7886853891929531,0.7254474928597223
0.7808623594409426,0.8518516097236362
1.003709942462804,0.9301599628939995
0.7936453311252132,0.72809564760265
0.7063779110790405,0.7730380908092181
0.600399806347619,0.6014126212882606
0.6162727922344797,0.6030262385867307
0.275786045431349,0.257105642725775
0.7943980700566899,0.8879305747178509
0.4060686559343497,0.43969064597748586
0.6804895268321197,0.6396353301306494
0.6013659573388117,0.6482273598371289
0.6003886708734515,0.5413438024509112
0.5898049243836612,0.5187407543236048
1.2318438935838818,1.1594226434244284
0.709408092335805,0.7880511875074985
0.6242884047273428,0.6786057521174693
0.8886208891682695,0.8895432641206235
0.7038829597488618,0.6391312628771382
1.3829303477966466,1.4964163371848942
0.4192179267976802,0.4385016649756754
0.08400405741494243,0.08067701740390122
0.7839511860829423,0.835296046841366
0.5037245608615118,0.4385016649756754
0.4629086574853008,0.49391360463737916
0.23944741352101395,0.21413657701603195
0.9576427365804807,1.0336709914080255
0.4491833112773243,0.4233379470676036
0.4827782300303529,0.5160931830919897
0.5828442266677147,0.6287370830732937
0.5957565336142131,0.5461174170830457
0.8604128468871091,0.8835305643692665
0.4624499107488104,0.4972940731622655
0.30689503526930495,0.28434497136428766
0.6971013601494342,0.7392437567581557
0.3738001781575403,0.3361432707287421
0.6973817162902731,0.7619933023523536
0.5684484679636994,0.6203092943750874
0.4894952977717374,0.48665703431509877
0.7700816880780498,0.7144992492537042
0.5356385474840812,0.5102642796305886
0.3061540922409268,0.3361432707287421
0.8171428147913851,0.7619933023523536
0.5710931252488473,0.6246255043530714
0.3738001781575403,0.3361432707287421
0.3689561332773451,0.39241059832571473
0.6268190852475941,0.5711797154474308
0.6889305005384009,0.6287370830732937
0.1567898618064483,0.18701107723496488
0.37204354766938513,0.4010128005498255
0.30689503526930495,0.28434497136428766
0.3061540922409268,0.3361432707287421
0.8346948589941877,0.7567712650208306
0.8137105404053979,0.8137645830699367
0.6708848875818743,0.6312299257790787
0.4260370490473836,0.3948699375161034
1.100358040753135,1.186589112139306
0.09363024433504957,0.11088668810063823
1.310630322297142,1.2234711996548424
0.49021190649200125,0.5052400069829588
0.4140974697682862,0.37157788033314476
0.46263987717295857,0.4300700865873908
0.3774167430742033,0.35718381586387893
0.7643938931374353,0.8175761746390596
0.3774167430742033,0.35718381586387893
0.6274543133414068,0.5822564462293748
0.04862314138588868,0.04630510843692226
0.41027471876179644,0.3737342855818661
1.1571855420152612,1.2027864425639203
0.10081489456224713,0.08736729554077759
0.6274543133414068,0.5822564462293748
1.1571855420152612,1.2027864425639203
0.6947884436712463,0.6679301841507772
1.2732379536803196,1.3535634629875153
0.05444571407563113,0.046894939787450685
0.8284105983558574,0.7652820360346818
0.6661112261459069,0.7594780854458049
0.2823301297720272,0.23477690233769458
0.23092645393080172,0.2328305161081378
1.1179638214735566,1.0350109297231416
0.6629019408770681,0.7200769302173115
0.02051370443606709,0.024974509385508735
0.9564253223828367,1.028409161901179
0.4862004839439705,0.5103983224823649
1.2342622017478708,1.1516077291007691
0.699683779308342,0.6743134350231461
0.5734873664553954,0.5285197150425038
0.02979246684975479,0.03499485321448086
0.7512565341605189,0.6921034121405523
0.6069644650674532,0.6669236651672302
0.200591072347215,0.2103241675841669
0.6266407069012382,0.5825015176232861
0.02979246684975479,0.03499485321448086
1.1074584904917169,1.0806785679195718
1.2880116899729734,1.2392289814936799
0.3721077427968603,0.33712788555673856
0.293728194226684,0.28553466963380725
1.2880116899729734,1.2392289814936799
0.6084785158579085,0.5622661418056187
0.6069644650674532,0.6669236651672302
0.5903829072925145,0.5960187810895456
0.2273094946159876,0.2544640347559745
0.4192179267976802,0.4385016649756754
0.3583804660530798,0.3379527974665725
0.9009121407529288,0.9676143377859382
0.9438997655719883,0.9635163068374322
0.30022681898108833,0.33712788555673856
0.5295753656785271,0.4773958253738982
0.45046204287002983,0.48999057543187563
0.34086766676624924,0.34659044223740615
0.43457256950368117,0.45489307544056823
0.27942310896143746,0.30997575284340767
0.3829459777638575,0.39479612393850705
0.4622518049652486,0.39479612393850705
0.5276346124185328,0.5746000072500042
1.042822073185862,1.006532255569382
0.7475786599878156,0.808654966707496
0.5757177566855828,0.6542329004550366
0.4873150974777585,0.44252700336230316
0.5933849155348446,0.5648027420210211
1.8208649608923022,1.698053486563539
1.4117885245229302,1.3494718317058338
0.9973714911698395,0.9401834695331913
0.23092645393080172,0.2328305161081378
0.5155920605456138,0.5672231873874071
0.6069089437181543,0.6455718156046762
0.6206115676492541,0.5672231873874071
0.29120204635384345,0.24952814291620112
0.09027906462816603,0.08682629393891289
0.605655835140112,0.6761530313545697
0.5359504552823743,0.5151984859954398
0.4824586835035695,0.4700280259499243
0.35977304747100325,0.3623075519444679
0.5478049273939668,0.5131478611486313
0.4347667722735064,0.40100309156065694
0.47130105153036117,0.4716065824120838
0.15756662075329342,0.1700200663624319
0.3589965008409616,0.40100309156065694
0.7384136257776377,0.7970318383754762
0.6836557677613241,0.6356679936306201
0.29922967053534294,0.301737580440343
1.088759529605874,1.100883896194786
0.6806345391841103,0.6481074228881207
0.6836557677613241,0.6356679936306201
0.6866709198422558,0.685459926934201
0.27184801519393914,0.26705425214898176
1.1589747295398098,1.1451572177359695
0.5838332418226523,0.5364688274694401
0.6081082357665807,0.605820941268429
0.5701287087426186,0.5542223432006501
0.43569831110655505,0.42465067292831304
0.1000334184886194,0.08039161827158459
0.8885544904681146,0.8759993967833204
0.4555143216614037,0.3948359524308648
0.3666695120495664,0.4040571216634996
0.6645801340281317,0.6795715278644289
0.28495845708793954,0.325356291258028
1.3922176810362377,1.4595155330547485
0.7017150728992354,0.6780510016937804
1.3275438850144192,1.3416789498568709
0.6480795147054556,0.6557848532368953
0.6841733301915718,0.7324533415507384
0.745067689003558,0.7716854880181194
0.39443448209593845,0.38607374927709925
1.0293145027404087,0.9633050593921216
0.7764445013811523,0.8108007290025171
0.6107365191427001,0.5930498785703738
0.4046135432847171,0.41493515724284824
0.2280333195884051,0.2573456237887781
0.41501423086028777,0.38675903465535877
1.2394883172093085,1.1371080910705793
0.07791023097726137,0.06591353601104623
0.5278928089407352,0.45489307544056823
0.40210329637424175,0.43958895055630925
0.43457256950368117,0.45489307544056823
0.43457256950368117,0.45489307544056823
0.43457256950368117,0.45489307544056823
1.3884041302567782,1.2956660930793247
0.8155369681356907,0.8118126006786732
0.5780224408188902,0.5964977817056114
0.47133636269860146,0.4928822220389219
0.1979179269680821,0.16881432354008336
0.9550942851333699,0.9260082654458677
0.3407978625992857,0.3742809546312214
1.1454047570545298,1.1718279521213322
0.15657492129196685,0.16881432354008336
0.8144124110593524,0.7770330253553526
0.2448178682654806,0.26689897607454405
0.21650117930931614,0.20732014585164102
1.0891054572776073,1.1616295944953974
0.6447300887429788,0.5964357453700505
0.7462504302898262,0.8111938993192432
0.2664094350414329,0.23445501942539193
0.869089905896353,0.8002230124906864
0.5236107225493053,0.4881963060775114
0.756707255971084,0.7299693183425323
0.4193471589954572,0.4424903679682155
1.2424985268641353,1.319536661837559
0.0853870340250339,0.10102159548432658
0.8144124110593524,0.7770330253553526
0.3728014875044447,0.3298225617566862
0.3406076965472025,0.31096312474955756
0.5122934092238569,0.4834737288386538
0.5685670241314109,0.5684559784691195
0.36404798983094433,0.3799599024768372
0.8144124110593524,0.7770330253553526
0.7745650267092777,0.8553527021970256
0.7021875211050663,0.6301746349719223
0.5873949687950589,0.6301746349719223
0.34898064592769434,0.3338933237398838
0.4820646274732675,0.4351766628424
0.5873949687950589,0.6301746349719223
0.6841878360866152,0.7603533633551608
0.4540609378187391,0.429630881654786
1.5630760583886771,1.4643623983196465
0.38371229583876804,0.31589503542546626
0.8144124110593524,0.7770330253553526
0.24299083143925118,0.23844868049502435
0.5789065579630793,0.5015203721916821
0.05270573022550958,0.046112225340066475
0.3950328511462482,0.36140516486942154
0.32451066158673736,0.36140516486942154
0.22803769440069666,0.1888918900822374
0.4360877339648551,0.4624994405409721
0.3759134722774733,0.34531967236042027
0.3355098111799993,0.31491264460187884
1.1244982026660775,1.0864870681843535
0.1035173542186846,0.08921926181050453
0.07749138762319044,0.08921926181050453
0.4735011531514788,0.41158330062805654
0.6729074012092762,0.6217905048480513
0.8441129685724768,0.7572048770453442
0.6980888642498421,0.6452615109415352
0.6882297970730309,0.7434417213415606
0.5900337150071191,0.6289217136948237
0.6487408849655205,0.5953294526406703
0.5004388678744586,0.46434396847528264
0.5764245196622528,0.6260026290757418
0.6965496582013024,0.7651267122457183
0.5830549867671678,0.6306010146358529
1.364513727348356,1.3245308849031412
0.3643576438507187,0.39866022674409723
0.4036174317889283,0.3664385992675159
0.5356411298469113,0.5600558216851582
1.343746410148926,1.258426425435526
0.4036174317889283,0.3664385992675159
0.3271875943502584,0.3664385992675159
1.343746410148926,1.258426425435526
0.35178296455990565,0.39472656778313453
0.49783415810955195,0.4635598287611043
0.9292948760547268,0.9839214626640091
0.49783415810955195,0.4635598287611043
0.3271875943502584,0.3664385992675159
0.28276094416454833,0.28891157364526265
0.3271875943502584,0.3664385992675159
0.28276094416454833,0.28891157364526265
0.4036174317889283,0.3664385992675159
0.3271875943502584,0.3664385992675159
0.4036174317889283,0.3664385992675159
1.102317914677108,1.1815549659638291
0.8185020064569657,0.8890477465974557
0.5728088657407133,0.6108620494118386
0.5728088657407133,0.6108620494118386
0.8775195653628275,0.9391866844223234
0.8299735556878165,0.7828151937048877
0.7761498461654631,0.845731756352449
0.5119931972295765,0.5607919776375068
0.5728088657407133,0.6108620494118386
0.7982698480320322,0.7448812109349553
0.8403546972913417,0.8165312601491059
0.7008979231803641,0.7700905941919105
0.3594628200733446,0.3942304167085818
0.4421209732892882,0.44959749643997454
0.28601053514187774,0.3130234001635039
0.08476409815427688,0.09519027639970297
0.7851969971129801,0.7544575075056499
0.6837535562912169,0.6590312138177904
0.25156281723027313,0.2643599886902859
0.9799548631756274,0.9262877586519895
1.6830834793788545,1.5891519237543885
0.2310467221622258,0.23038323820353157
0.3502317270773468,0.3221098247794808
0.8943888170550028,0.8318337770008225
0.3153101464567365,0.30955687235686674
0.605849176725818,0.5675389615359681
1.8918401980509458,1.7972497808858352
0.39506238009985173,0.41586523453524543
0.13491467234733756,0.13115993725541655
0.4315759971873817,0.3911004501190274
0.7061929613871106,0.6616070700772665
0.36588019454421133,0.37943024625521843
0.42294503336760575,0.4241492416314698
0.9908207924520198,1.001804160074253
0.9568639719448407,0.890564867513676
0.3009370504391913,0.2616389209580886
0.6041475566537468,0.612029763641075
0.7709431460277698,0.7239155145020632
1.1357442715082398,1.1736145680211112
0.8140372338772935,0.890564867513676
0.19343219617053142,0.18014701653642715
2.2619066999652815,2.316943505422854
0.6917751539994353,0.7666134977155212
1.478974099664553,1.4809468302645543
0.5760524580043365,0.5386269521677484
0.4488939147216085,0.4879291200540972
0.5287385049493732,0.5638390550334693
1.6185036788761373,1.5603207561229975
0.5107969314370964,0.5593053482976774
0.9605328879516735,0.939642807909935
1.3838394528017752,1.4468549912224282
0.6712890667407809,0.6678575161996758
1.056498062143956,1.1202990671758852
1.17083849959147,1.2365255486048499
0.6161326577484353,0.6417247743981767
0.8519661387029782,0.822497948872315
0.683004505881244,0.730344657124876
0.534902289272709,0.49735513647146584
0.2710183521549579,0.2898961649562727
0.3428460309448616,0.3817105420632435
0.7856419457102345,0.8531121384680169
0.21612692123768357,0.20119362329753096
0.9452085251511883,0.9249183531905292
0.954062993187005,0.9851234064056608
0.5781441510012334,0.6283777753440176
0.5957189862363169,0.6572838767079402
0.043046403041299496,0.049267696646862036
1.7698107171730395,1.8669794545011174
1.0116544426206644,0.9380255324903902
0.15228765216492465,0.13710873399798718
0.6136687875174377,0.6531426080192843
0.382262421201485,0.42063242200219125
0.9123772766270407,0.8393529132487794
0.14145668720471785,0.1549782342009968
0.7746301824653876,0.7098542311589656
0.1303903946084395,0.14693090288528451
0.4131994879174073,0.37270787388528037
0.12539698535247729,0.13638554724722746
0.3354098152311844,0.37270787388528037
0.20667740502853119,0.23338369195098302
0.1503562778193437,0.13638554724722746
0.635677588012246,0.6723976229623629
0.25582457793767005,0.28832385419192363
0.21029388718728242,0.23184163929218127
0.13720565731390102,0.14186101344432073
1.3816081493693302,1.358333432402527
0.2927104669260999,0.33990716518322983
0.9536680497346502,1.0185788457035625
0.9299352631090602,0.9148549321792541
0.44129406070380917,0.4123566038550033
0.4582213747290267,0.420080166398961
1.080086646298523,1.0075221239454542
0.5286633369876723,0.47670310784146197
1.0077497873997485,1.0721868666338192
0.530377910072979,0.5074942939566338
0.867052359179965,0.8225437885964044
1.0619617072443723,1.042143021214835
1.0985133269653706,1.0170859671209465
0.3731169177569203,0.3554547550995048
0.6396672284377041,0.5864137735450156
1.5470523680191064,1.442491242416912
0.5390880777345927,0.5864137735450156
0.17696845243999404,0.1585018614787132
0.13669577872272362,0.1585018614787132
0.8884459649449572,0.9583284675601353
0.13669577872272362,0.1585018614787132
0.334915310121649,0.3245248644311153
0.6174552559073411,0.6569077696256642
0.3342014669057436,0.352094335063447
0.6396672284377041,0.5864137735450156
0.4192179267976802,0.4385016649756754
0.6741541908664634,0.6158020433489522
0.16829026659852087,0.1921591381794059
0.7386788496810892,0.7514902103477791
0.05691375600736562,0.04857709775052256
0.524319534522882,0.5348623363602691
0.7176166608834552,0.7061757169312634
0.4937641475362521,0.5474000881290272
0.6460706247188445,0.6013158395856818
1.0808831897892435,1.1179874568508987
0.19787354032153884,0.18487069309313717
0.044548589054963325,0.04742452520050669
0.19787354032153884,0.18487069309313717
0.6969906804567456,0.6420923367587746
0.7851969971129801,0.7544575075056499
0.602425974715654,0.6682685754378576
0.7929273986606223,0.7186605564614037
0.12065596517872818,0.12606894263539833
1.7068214136484468,1.80755396304751
0.08031762561609379,0.09141619055315435
0.4850959136158067,0.44459486916385843
0.8113838294979957,0.8855564411481476
0.9436815736335834,0.9189015032729401
0.7302234146201083,0.812607372620062
0.4140707677556234,0.40991498961981626
1.0689229662756672,1.0187064905173806
0.3603412409078173,0.35645111801411256
0.46750767858724573,0.44495538275385305
0.6314658829280119,0.59040610309549
0.4261623186976606,0.3806804546968232
0.18648496402900658,0.19923702895095716
0.5755850661461716,0.637136513858594
0.681764156778949,0.7303363876319552
0.601906610293568,0.5654224565798112
0.24310877014559074,0.2849954639085629
0.4065149612058827,0.36442441920422675
0.5153481977395682,0.5390141857384818
0.18382292074709075,0.1832077038618343
0.8856652449691115,0.7979623781274892
0.842446950820755,0.9255121610827136
0.14327943693737066,0.15450745591668047
0.6128650959083163,0.5390141857384818
0.5478582746613065,0.6018246877886514
0.17043651055022357,0.17759181281898642
0.8299513204008573,0.7728109671346788
0.20610624842407388,0.22915602582204014
1.0962261650610883,1.156702679718986
0.5805958976689972,0.5406839029851366
0.9589759856560163,1.0389233942926384
0.5075920882275237,0.4713731777507649
0.42398867347203867,0.46920667744802375
0.7203991212417801,0.674229868793976
0.9238916141622047,0.841027269326174
0.8576875130805354,0.9138930462130843
0.5795191776639795,0.5644543605753923
0.5075920882275237,0.4713731777507649
0.7845129180718654,0.841027269326174
0.4582695328514794,0.42003834443526744
0.01623666916244974,0.01925620357003241
0.5057902766768876,0.5643446707793497
0.7773399754452885,0.8447652024434539
0.8253742400147147,0.7728109671346788
0.5057902766768876,0.5643446707793497
0.5057902766768876,0.5643446707793497
0.44940162738091605,0.4174096504873279
0.4858816361401792,0.5644543605753923
0.8213616313481509,0.8408826345497145
0.5086165038804833,0.5100895077292137
1.3811710569620146,1.4545494718402023
0.32290120567072117,0.29725787594703584
0.8065291015703362,0.8579369637904274
0.34149297614271384,0.3674843610799793
0.8374171740035111,0.8826673173706314
0.732222301921896,0.6857698539731159
0.275786045431349,0.257105642725775
0.5205071670160182,0.5517100892472987
1.0786569773337156,1.1702841249101221
1.00591789654317,0.955465226746258
1.2873593056553903,1.276125668617714
0.7816237370192425,0.7272649075340257
0.6584159080630307,0.7149741321024644
0.3715879721667061,0.4136883666128473
0.6655628610117889,0.7272649075340257
0.021636490991867242,0.020072133608422006
0.7175538424158142,0.6492361134397266
0.6374236541665134,0.5887056109595779
0.7191167439479992,0.657400608141146
1.2656933228246896,1.2044097177794388
2.2676867877540805,2.347573727811222
0.10059283180540658,0.08803953449134677
0.07517706587534119,0.08803953449134677
0.40715754200710663,0.36389670998847085
0.5181268344373724,0.47847047146549104
0.6514257761613359,0.6531086136726685
0.22895354133230367,0.25019017965003143
1.3083205939619642,1.30792521357695
0.6205794725928219,0.578254547779121
0.22895354133230367,0.25019017965003143
1.484571205831728,1.5512900724775454
0.5035534841912243,0.4645231819716275
0.8995028284342951,0.8229745747290399
0.5567799843110632,0.5931200268188387
0.3574316616506466,0.3600812957525209
0.06084238720463468,0.06911166915062367
0.3760170278502555,0.3439310678853445
0.5221762067143628,0.578254547779121
0.5946136321522782,0.6266981923008775
0.1697260765607451,0.1921591381794059
0.23685886680546556,0.2563874311141917
0.09618990041030089,0.107329431261906
0.42735702895161015,0.4539311456273233
0.8176408647533551,0.8859969904339615
0.23675730783609067,0.2688847828623037
1.4637268941866002,1.4404934281933373
1.1891943164155017,1.201962217526999
0.5489442003561598,0.5860305056758351
1.2094445257522182,1.29901935599662
0.5810429750776802,0.6174658107130305
0.2806576392975103,0.2978772012593256
0.3419922446427508,0.3689800507228637
0.5901902120153412,0.6282402205510518
1.5026725628543194,1.4178131660485715
1.5927445088438452,1.6939390457104087
1.8917830296887703,1.9045927520100383
0.5463067346227818,0.5238543657219037
0.6306372749250159,0.6775885365060362
0.5901902120153412,0.6282402205510518
0.5953475822716428,0.6382180192932094
0.35122885979664886,0.39999462533991487
0.8306250429822594,0.8451744379337511
1.8917830296887703,1.9045927520100383
0.6210125712200184,0.6008741997910191
0.6445088027230682,0.6959636774233021
0.9652231933569257,0.9988409583874547
0.6710438282289918,0.7044733913657298
0.8619424533698448,0.9314846541893734
0.8287547538516818,0.8613487911975487
0.7679642393313227,0.7154029890806647
0.34258687794140585,0.3113618957082658
1.4217823645743417,1.3915024052526623
0.6284357436807165,0.6852258008064038
0.8302401784146328,0.761772485979584
0.6514098363252828,0.6820921387338662
0.42730889422149726,0.4476013755965588
0.41098005466476306,0.4434487396819064
0.6609527651685714,0.657503109768181
0.39083604476566214,0.42885580591331984
0.4258337979570671,0.39999462533991487
0.05192426915624588,0.059263703996541496
0.42678388876086726,0.4643072468017572
0.2455986755303044,0.24905266147325641
0.30864344053349446,0.32061837024482875
0.7065265333870939,0.7683502335432157
0.5371064415686035,0.5025352454533104
0.695092598910818,0.7609995149104783
0.4895985585515665,0.5222521321633435
0.6044003079466226,0.6636854246030907
0.7442727379063798,0.6903385940768231
0.6749740962764138,0.6055660936460078
0.509893208350567,0.5224413372370627
0.31120772323284734,0.2817205783255364
0.917690987148872,0.8991162931990644
0.3355362538760189,0.306290943746145
0.917690987148872,0.8991162931990644
0.269094847679033,0.306290943746145
0.6912055395143823,0.6296076976165977
0.401088980815379,0.3530818624188278
0.7060620139925557,0.6566569889671082
0.632173699920368,0.6903385940768231
0.4362071622976717,0.4735970804515893
0.7442727379063798,0.6903385940768231
0.4591822946893608,0.4179814158680704
0.3899016003048918,0.3756811111815545
0.7654905557991655,0.7310194994868183
0.4972227358385836,0.4936782701469425
0.4129211720709185,0.386167314449191
1.1304853817111724,1.160981381559562
0.34854369736044094,0.36267152430871896
1.2924942206989736,1.2196069316196607
0.4386316822516271,0.4712123283228194
0.8377998949762868,0.9006327816896976
0.38351047789537734,0.40885343352894987
0.5205567808742612,0.5801707861020503
0.474662476377686,0.5214021439645122
0.7940784950671619,0.7428467752227575
0.5613273719134814,0.5982890611427232
1.0579029455770919,0.9871008106692213
1.0819277728723242,1.1293267949454713
0.5089667778052005,0.55231711000959
1.1139057674672794,1.1698228249058655
0.9272990705999239,0.9900306099514854
0.06842492629957161,0.07254328102727395
0.7006927189457193,0.716881350832849
0.8308284932649237,0.7776248994327504
0.8870388541715143,0.9228347862996988
1.0712464343107169,0.9828156236895282
0.3013401134706376,0.27699605876220723
0.5639385991248664,0.5211801176826799
0.3241268304860076,0.35775562833056845
0.2904775037307683,0.27158211166518476
1.0022988611384611,0.9841628611420643
0.38498123791188216,0.4096977154014879
0.8440296435207151,0.8750478071060361
0.3945894934145163,0.35775562833056845
0.9938840091623576,1.1202979332095322
0.5636857101251511,0.5090405695844238
0.2490438028135831,0.2691417094528528
0.524942323569446,0.49631210669591574
0.39652729882045284,0.4262180225030039
0.44090142249564807,0.41144714744776206
0.5399276999351768,0.5017276128508498
0.6035193342372441,0.621288011300828
0.44228160114921655,0.4096977154014879
0.36433556210203355,0.41144714744776206
2.353067050602786,2.1945153875051626
0.9346835757795796,1.0075221239454542
0.45998574439391243,0.4440022449360387
0.44090142249564807,0.41144714744776206
0.6306372749250159,0.6775885365060362
0.36433556210203355,0.41144714744776206
0.36412019148400554,0.3498937889130961
0.3421765139537539,0.30950820416723235
0.6986250086287445,0.748262449166649
0.363619575593213,0.34620351843602126
0.6479823866326115,0.7027091121613543
0.7989924943134468,0.8089694965375477
0.6595490550106385,0.658400491653268
0.687699195689804,0.6409115817866885
0.8548092969425006,0.93839155055096
0.281899323488022,0.2923547142445359
0.24538290945039776,0.2804648405922976
0.6467890173275609,0.6239623274160767
0.4945006972768872,0.41081685713783644
0.3643592317914073,0.32753777493659153
0.32680869070588275,0.3628510973797417
0.3585726007283914,0.3277971003750264
1.0750956839137138,0.9670436334468794
0.3205434422023026,0.35930699287152745
0.2071701269588182,0.1846207776243097
0.4290071388920141,0.4439737028369746
0.17002711847726829,0.17990932457871614
0.21965204140564,0.24623936389475035
0.8471277556322051,0.8982119972267145
0.5659917301358132,0.562525331071165
0.5225752083008461,0.6031933111715397
0.6407641522644162,0.6042597846531155
0.3453725397703555,0.34637315422236103
0.8471277556322051,0.8982119972267145
0.7393454156040729,0.6743884555575081
3.056329941276083,3.1367284264127653
0.6219875350594884,0.6673440793484274
0.6216511351215293,0.5862061350295886
0.24148890422064062,0.2416463302525873
0.7007236744843054,0.7430995168269975
0.6018576274510269,0.5513052022086599
0.6414011889316528,0.637548353988618
0.24814091072119063,0.26290523421947165
0.6148393806772814,0.6581370573515248
0.3147170427392534,0.31589503542546626
1.0369822561648168,1.0490214937195323
0.7132002856214745,0.6690415751649584
0.7993826397263843,0.7178482497268498
0.29804663687419797,0.271955963115902
0.4421557791844703,0.47789308102503786
0.7634516025730392,0.8066597866290003
1.029038231574093,0.9678169288125018
0.5366050497745665,0.47789308102503786
0.4421557791844703,0.47789308102503786
0.5366050497745665,0.47789308102503786
0.5225752083008461,0.6031933111715397
1.029038231574093,0.9678169288125018
0.8986426257680954,0.9517140743313857
0.7553132651071337,0.8312322830263674
0.6261199346730018,0.5700564714848174
0.6346205695400712,0.5718366513890267
0.1923354512109519,0.2282861915347995
0.6346205695400712,0.5718366513890267
0.9541436794231637,0.8950167029428786
0.7553132651071337,0.8312322830263674
0.5278903652732363,0.5718366513890267
1.3079662518827717,1.3583014354841174
0.5278903652732363,0.5718366513890267
0.24053831011093774,0.2282861915347995
0.5068760972135283,0.48306770483520944
0.4841627281483336,0.4531214322475434
0.2248651338619199,0.25245695134024715
1.40063910850922,1.2985671048292455
1.0373483233039926,0.9645912693473575
0.6346205695400712,0.5718366513890267
0.8912275096625818,0.8312322830263674
0.8862998473266696,0.9645912693473575
0.6256393192811025,0.6063062104750204
0.5278903652732363,0.5718366513890267
0.5278903652732363,0.5718366513890267
0.9269820796995935,0.8779982425773472
0.5037610378195685,0.5371936206688717
0.6346205695400712,0.5718366513890267
0.18223066745187563,0.21253523897313217
0.7383170729099721,0.7370625283557166
0.6346205695400712,0.5718366513890267
1.8786155253103196,1.9340512426803627
0.5337185222191437,0.5568304291364987
0.5247910740109963,0.5716020760287248
0.3908816749330109,0.4365605973259033
0.3908816749330109,0.4365605973259033
0.9683872450845147,1.0391799124125896
0.3908816749330109,0.4365605973259033
0.3908816749330109,0.4365605973259033
0.6417154156510141,0.7097150048422224
0.474220341976222,0.5142638959140999
0.29120917012705594,0.2619486801451878
0.4775438242334066,0.4365605973259033
0.3020762371130164,0.335383912341899
1.1640746749067596,1.2554889724680094
1.3443147726975955,1.2554889724680094
0.37427379275091227,0.335383912341899
1.775161474870511,1.6417733850078602
1.5583909719727747,1.6417733850078602
0.5873949687950589,0.6301746349719223
1.1778070230130895,1.2009786494552532
0.6403984917477361,0.6329132810070206
0.4392487509242502,0.3943352103931586
0.5048888914925508,0.5541408962961
0.1445117009803533,0.14442887047551856
0.5851911499174072,0.6125755278656642
1.5965582548015824,1.736405841967556
0.3512385728759716,0.31489239776329403
0.3631135202092656,0.398797259579671
0.800704228791057,0.8001527708517888
0.5027025390233771,0.523492683558429
0.9432497169383779,0.8823464416702891
0.3712068184170801,0.3999211690596118
0.39680209837049796,0.3581692581242309
0.26136660799342876,0.23518187667365487
0.2680107246243136,0.2567478338590774
0.5854620726194124,0.5301589935104017
1.0470188456557818,1.0707855800694817
0.9908207924520198,1.001804160074253
1.1986412730115326,1.165200826629386
0.20098667394530143,0.22044285469489236
0.25078470955921417,0.22044285469489236
0.9285057584410958,1.0117570074975908
0.6388663484807647,0.6787007247968124
0.08830361269781667,0.08631874971904387
0.1678857563701259,0.19213096837885557
0.4711910488030416,0.5167528077501536
0.7104796141481108,0.6762004198603947
0.35627852560085627,0.38375932905716115
0.7934053783963678,0.7103860920801478
0.1678857563701259,0.19213096837885557
1.2754267828932997,1.2896819064469183
0.21488042405287747,0.19213096837885557
0.2203857493786207,0.23566440386284862
0.9970460030193831,1.004725793243908
0.1678857563701259,0.19213096837885557
0.1678857563701259,0.19213096837885557
0.20655151489029894,0.2321260806016034
0.3912473751286207,0.3881010545489029
0.24637735412034414,0.21675984351568775
0.28756497204878695,0.29915355582045716
0.21488042405287747,0.19213096837885557
0.6996656567776139,0.7008939861405106
1.0353780865574969,0.9697999318565034
0.4998718868411307,0.5023323040372462
0.3500392208437557,0.3876026419757925
0.21488042405287747,0.19213096837885557
0.14546033153180082,0.13839538921809486
1.1285397833558417,1.266708765577822
0.379429411981043,0.420080166398961
1.6431906246711707,1.7441058733756238
0.6434346246997542,0.6449588027696218
0.7832448702067772,0.8627348095920715
1.0031685741463472,0.931897666552291
0.9005009608250171,0.931897666552291
0.6723854708034199,0.6370165673275097
0.6374236541665134,0.5887056109595779
0.1974648161703424,0.1807819535376466
1.2631363159354336,1.3170989045623211
0.46358246346343646,0.48886021228441134
0.3921168815813421,0.3779686247368566
0.6020686202562069,0.5728839858225518
1.030645630437844,1.0021133483423752
0.44126308852384294,0.4574472787243591
1.030645630437844,1.0021133483423752
0.5542228662121376,0.48886021228441134
0.28756497204878695,0.29915355582045716
0.6393056245556361,0.6165214503668073
0.8308569877076792,0.8513706332747413
0.3088983942579542,0.321573656944674
0.8726567107391456,0.9380255324903902
0.3587965161795987,0.3275005026929705
0.7828213573265038,0.8160942858159342
0.6641089588593717,0.6800122761953821
0.5796716528422536,0.6353855057293465
1.044928372813963,1.101949347057778
0.541009943541956,0.49659384313737825
0.33816528285212377,0.3797047591316207
0.3766436972323261,0.35863602798293076
0.15871037200851926,0.16830782223991297
0.25781006733994044,0.2483209390061271
0.5505904445868395,0.5275223845501021
0.04591633781317957,0.03822361891818272
0.5310857219641404,0.6089103545330261
0.5296314331004804,0.5297135095888957
0.7574139456936537,0.7194362110213384
0.3334523478506557,0.3348306627954299
0.46717291856109594,0.5152394303470831
0.46702587086825903,0.44166358094067154
0.39590222879808235,0.4306083499648421
0.6372630695435999,0.6750363343795618
0.9855649837861338,0.9097063365815532
1.0806303007345426,1.0963786687467352
0.8231603107325237,0.778767515741697
0.8253036948420995,0.8678793333005919
0.4006310350775187,0.4469275049649634
0.1678857563701259,0.19213096837885557
0.4357575978543698,0.41141037368878247
0.21488042405287747,0.19213096837885557
1.118016844678115,1.050146399605474
0.4541975120137571,0.4926364797594669
0.1678857563701259,0.19213096837885557
0.5436233991669117,0.6028447164153254
0.1678857563701259,0.19213096837885557
0.25234808714355744,0.26170618906382037
0.24908156986360871,0.23946095362153663
0.21488042405287747,0.19213096837885557
0.3231781378961957,0.35352001484439727
0.6091707305839034,0.6628585805396691
0.31474894830344724,0.30400839824950016
0.7540456581657886,0.7684210162157521
0.53073555720319,0.5752448030664419
0.6073225278551871,0.6007164637523784
0.8443928676177548,0.8362356079533053
0.13272969806344503,0.14044612631482895
0.419537969019395,0.4573558125484855
1.2988603253561655,1.2651615606084528
1.1895932564350646,1.2238998850824947
1.0529898114223888,1.0568591825733877
0.5857741746056085,0.5817637437310139
0.38432232331102667,0.42543551773025984
0.14680371296945569,0.17529408300712795
0.47209376719113644,0.45900110821860246
0.2814172819288246,0.3184265311886581
1.7138975132015903,1.642061934141294
0.37043261361076046,0.3980829059874588
0.06294923933499542,0.052681143796017134
0.27668199371653995,0.29291426122888814
1.3269932377401898,1.3795633054567613
0.24599624934900427,0.28993586370945257
0.34183183389176264,0.38675903465535877
0.38866388051757156,0.36214336608296027
0.11458543765966354,0.1120547246843547
0.6143778905552711,0.6510189423844108
1.2314041300259329,1.3300265156676259
1.5755529456739616,1.4981583946223334
0.5327970416203242,0.4931574093117445
0.5250437822218433,0.5258980936387913
0.09508758241598135,0.10363010979981115
1.1658119405629446,1.2516106458037526
0.5217285986598947,0.4701362451001183
1.4100729481935124,1.3938277137193642
1.1571843156751915,1.0696775127983535
0.11522431789873593,0.10363010979981115
0.1467899020985591,0.1616010573804386
0.37348618162456687,0.33693353775242074
0.5037049854953752,0.5234007810599629
0.4131994879174073,0.37270787388528037
3.1063672700841796,2.9697226271445984
0.69146017626243,0.7568344480939406
0.4608698349636677,0.5151351239493018
1.1571843156751915,1.0696775127983535
1.1343835214493174,1.2388451257057114
0.7759786655212194,0.7401722288999782
0.33611934441406865,0.38099223113725217
1.5197191096085272,1.5491469796461346
0.1713766855699016,0.15657346956690618
0.6528112580316515,0.6835785789008398
0.5062122904558117,0.4523577996752234
0.8579288158053919,0.9086349514188138
0.025035623266257193,0.023278236495158092
0.7489577906767687,0.747775708960082
0.061549424541913256,0.06740337112382921
0.045796087768683706,0.052681143796017134
0.7592558189711455,0.7163980003041007
1.2572944841014788,1.3414240466759906
0.7870351477010332,0.7949995752634845
0.5241941646338109,0.4904799400831455
0.4520568880756414,0.5011970870716007
0.5411240993466967,0.5314008464336842
0.35433905475695504,0.3185526095893211
0.11789799430006415,0.11488934128901865
1.0114753364875986,0.9309096294297537
0.7114150294458015,0.7874911519386908
0.8429542337219285,0.8784659915860886
1.8156697469679828,1.9622614541717487
0.03521078979566154,0.03312223268610533
0.3844049578569076,0.4049739237006439
0.5342107646776111,0.5769294679367742
0.4549134141689973,0.39170382166231515
2.0374526580156784,1.9622614541717487
0.33324499765877635,0.32117794469842054
0.5791459213185685,0.532970152837411
0.25582457793767005,0.28832385419192363
0.4103753891446018,0.4445455529819742
0.7870351477010332,0.7949995752634845
0.978455003018552,0.920538741940214
0.8748346827741561,0.986574299611193
1.0245983847731617,0.986574299611193
1.2471429448600226,1.1363481224857568
0.25472582047526154,0.24805753893843105
0.6692621821998792,0.6802862062005395
0.2984585646081644,0.29630215097437357
0.2684602332233813,0.30583322367361726
0.1142624883452118,0.13042164038006848
0.8438287604554261,0.8936730729230223
0.2885366249445549,0.3156648067878474
0.3836364858025498,0.4361865228470941
0.35839967248038695,0.3156648067878474
1.446281447241228,1.3337377429630368
0.16120994066427877,0.18204670941098725
0.29044546996790394,0.2574053695489883
0.1494039992880943,0.13042164038006848
0.4932940536010806,0.5284100886039697
0.5676824972556861,0.6108340536559855
0.8701805841756433,0.8901589796716571
0.44970809663001005,0.48773461188850253
0.39595936149485034,0.45289406947651784
0.7441567679719718,0.7819253287879516
0.6944146925365225,0.6790455907900953
0.39595936149485034,0.45289406947651784
0.5121692452486968,0.46591381545487504
0.39595936149485034,0.45289406947651784
0.5720465874803687,0.6247688066867547
0.36294387737088485,0.4018008601383951
0.2019668603924672,0.22576132995601278
0.4049714507101682,0.4431817664360129
0.9998393460189626,1.0713635871800358
0.26312597203630705,0.28969287235697144
0.48609378051916036,0.4473505952091607
0.5384135085615062,0.5396632542572366
1.0511163817502667,1.12869665604514
0.148116705697174,0.1391456757233494
1.0511163817502667,1.12869665604514
1.3092300364442724,1.3388562333473495
0.7633555984126059,0.7977865181639849
0.7245666417245695,0.7876386261279387
0.17293636212423977,0.1523976399706151
0.48960202933469604,0.434534684188376
0.33816528285212377,0.3797047591316207
1.3864844351675083,1.2936899954988668
0.3211065291918249,0.30003191559927195
0.5697567296209539,0.5275960579143768
1.345008809523851,1.2685375324037984
0.6255043143945285,0.6475687850775578
0.5356226008750804,0.5036108196818211
0.8339346199297971,0.8916509110580052
1.2037200545654272,1.1170090189272857
0.49393293053717147,0.5210941238692698
0.6971845659995539,0.6282402205510518
1.0607451362650968,0.9649058641505872
0.2742121803926051,0.2752845497746431
0.25873970150591197,0.29623016240826994
1.3894569232995104,1.3224777959713154
0.32025327128599207,0.28758303263294155
0.2901823524015318,0.3006697741217775
0.7674344012215808,0.7659891653814109
0.3536806701846787,0.3778691163669947
1.1320285346261494,1.1249316410222143
0.7914611644881895,0.8416739513355221
1.20396413073658,1.1024346774368152
0.24571589851308448,0.25312537579357014
1.1427566444108836,1.2017147687546013
0.3609297518009116,0.3911989385031873
0.6488132757531924,0.6053155989550203
0.3760170278502555,0.3439310678853445
0.5691923484115321,0.540386975358159
0.4696913024365017,0.4650244179647973
0.08502661602603387,0.08363879734961303
0.29589071453749616,0.31682178331288335
0.3951598687202965,0.38114694608966393
0.49439513460878737,0.5103518566557049
0.3485491185255451,0.39498811311387166
0.44310327554748874,0.49635446655791976
0.5376930890143224,0.49635446655791976
0.5622031380303759,0.5122802701580879
0.32713715618343614,0.2984625535601183
0.5376930890143224,0.49635446655791976
0.6370958392395151,0.6825698445651899
0.5788216445763269,0.5887986660242182
0.42848671897073937,0.39498811311387166
0.17418421570105055,0.20224170058459495
0.6158344831216853,0.6038872766988032
0.18889598050718281,0.213998538640728
0.4455062392431422,0.39934222451578405
0.4518798414589713,0.43135883222304683
0.5376930890143224,0.49635446655791976
0.33112913231821217,0.3028739533663509
0.5526140582571312,0.4909850753620639
0.6794439706887478,0.6447061521429124
0.26942960538249555,0.3028739533663509
1.0273365352482915,0.9383978606059121
0.5376930890143224,0.49635446655791976
0.8606860679611074,0.9244025315934344
0.8210545154353276,0.7963820258286669
0.4376941910742564,0.48435620516326394
0.9161708572340335,0.8767946468487414
0.579760385017587,0.59957955275901
1.0208697498918242,1.007459585583448
0.48921112526886895,0.4658655143237119
0.6007711326645994,0.5492157091051358
0.8665535843033466,0.7863818622069372
0.16148569251903447,0.14810885315364322
0.7949331871651496,0.8613350525547913
0.6988031609287576,0.6654667280027381
0.6467994841845612,0.6078686820494256
0.8979277951624878,0.8132720639878852
0.33589082009552124,0.33372636579302484
0.24821323920971247,0.23347345360300584
0.7200215404537492,0.7554371633559696
0.2804193108725524,0.3046223447439978
0.21433017631034296,0.23600550420061056
0.29939701685005254,0.2698666407734275
0.632077265782099,0.6296991485025775
0.45242599522471644,0.50001696102558
0.41235665065803934,0.4532867031273546
1.234365992345252,1.3371301925386825
1.0346122125348207,1.0906421758323925
0.5366162514439569,0.49981507995120955
0.29939701685005254,0.2698666407734275
0.8302574142214106,0.890110548078103
0.5896362377031491,0.5478562413325145
0.6775807978661329,0.67389574731934
0.5612030816177908,0.51704014948373
0.2578269918381899,0.2862458866365443
0.6151760673505029,0.5656670416658007
0.2578269918381899,0.2862458866365443
0.2192925639551502,0.19874792456270815
0.8581775542280616,0.8022039553506727
0.5173932150622046,0.5656670416658007
0.04286411233110721,0.037035683829394886
0.24738522939786775,0.21662365053761942
1.056445772146331,1.1831724093676843
0.5142414200149782,0.4529894872082754
0.8025899706476853,0.7470237464802517
0.3425180292625046,0.37811978757292825
1.0013607642191853,1.0117710323406583
0.5454134822951918,0.6078686820494256
0.4263335392785841,0.46021738208480534
1.2378064922651637,1.1556539368606535
0.352446229489603,0.36572357282685314
3.504619831671445,3.314334094101228
0.6686460575092193,0.6478412893082586
0.14928757806947365,0.14417608265306284
0.29675534452174196,0.3334736902937305
0.4876515771223579,0.5377586871807871
0.6915300978387368,0.7296231402176627
0.7385501721904119,0.7800663001514888
0.5989603332835892,0.618574392693713
1.214708081506391,1.1020790160722738
0.7006927189457193,0.716881350832849
0.45876865414444373,0.4193730479069438
0.2887494089874355,0.3164333745033442
0.8665535843033466,0.7863818622069372
0.810331379340198,0.8776301602549399
0.3339516993823211,0.30218963880761
0.7835162148628158,0.838194519857813
0.0881425658991523,0.09781375893807946
0.597101624593256,0.5814405576094822
0.41115857637761116,0.4507817256820486
0.4708485093969284,0.4465142020566206
0.4110963104781062,0.3974406343080089
1.0780690634040453,1.0889726602743837
0.583907558675628,0.6037245559915068
1.0528378080196492,1.0152583166717615
0.6097220807193677,0.5584630694242861
1.1095788242865474,1.0332258361430162
0.41363019176012206,0.37897580164771805
1.2544965527470553,1.1537936932616966
0.297865944815649,0.3265889481124071
0.35500151019311466,0.3942549820400866
0.7830179873115696,0.8285795619332796
0.597101624593256,0.5814405576094822
0.19076621800258003,0.21766906304838277
0.19076621800258003,0.21766906304838277
0.2902240447974145,0.28273969583781733
0.6028085082679665,0.5703610838056291
0.40080062363469515,0.3974406343080089
0.6984167101114485,0.764710129910678
0.5291379015688092,0.5609609250867469
0.6769722862229646,0.678145267129805
0.5969117011407804,0.5217621005905803
0.9995670189253325,0.9367478991990565
0.46206674196418407,0.50434159012798
0.8046876241568397,0.7966877150506982
0.12687225011105221,0.11978258288953703
0.661453751544204,0.6813575978459431
0.14217265054141803,0.14909890991561373
0.14736105816132966,0.13754674377180778
0.546022379891943,0.5114413063446793
0.5140815220988816,0.523518261292125
0.14736105816132966,0.13754674377180778
0.6524882721943187,0.6107088970019208
0.37177712979785726,0.3145252267594172
0.5728088657407133,0.6108620494118386
0.6550974159705373,0.7537713799176097
0.4048045116068994,0.3699102457730668
0.5104942523753845,0.5569684287342028
0.0843348772841822,0.07426291831592081
0.41475087956785917,0.4043987354323939
0.296309873027193,0.28756031991096603
0.5744696152321017,0.5984040228962818
2.526367711617931,2.493873695271133
1.016577530026061,0.9783912125469993
1.016577530026061,0.9783912125469993
1.016577530026061,0.9783912125469993
0.3720149400394628,0.40396980932253634
0.31299419600752987,0.30491191730678235
1.509630753319862,1.4782336756168977
0.8568607367607205,0.8367789341396329
0.6783946616205633,0.6197095950061727
0.7382339598024082,0.6779811567194125
0.18851151074145694,0.17227586572310358
0.7382339598024082,0.6779811567194125
0.32051427433199653,0.3416807621061332
0.7729327561858841,0.7085467593246753
0.10882158567688695,0.08620016416337208
0.2976277690226395,0.28181887848134535
0.38833266668580496,0.4291666318398903
0.3747360094092635,0.418249469089034
0.45886714843123877,0.418249469089034
0.3747360094092635,0.418249469089034
0.45886714843123877,0.418249469089034
1.3144720752147443,1.201518067489089
0.9996701707282195,1.073523680009479
0.3747360094092635,0.418249469089034
1.163057184251871,1.073523680009479
0.3747360094092635,0.418249469089034
1.8855392151394599,1.8644113042728048
0.45886714843123877,0.418249469089034
0.48513047979074475,0.4708503226454444
0.3747360094092635,0.418249469089034
0.4785271081831387,0.5001683555270878
0.45886714843123877,0.418249469089034
0.3209268481345132,0.34898384034776925
0.6535508107483124,0.577778590112758
1.3294142283870731,1.2497217253024868
0.7343762957709127,0.8235828278060299
0.4785271081831387,0.5001683555270878
0.7343762957709127,0.8235828278060299
0.7343762957709127,0.8235828278060299
0.7343762957709127,0.8235828278060299
0.4089214642067827,0.44254586775798954
0.6535508107483124,0.577778590112758
0.35505122160250246,0.30826117460360564
0.7343762957709127,0.8235828278060299
0.8677716850293071,0.8235828278060299
0.17359921981490303,0.20298595423751492
1.3456472817654244,1.2998257764898957
0.4364605561010157,0.4889461689139897
0.03113094194843049,0.037348688003858044
1.542207271377634,1.6117271651381837
0.6693508442581525,0.6205267911133842
0.3209268481345132,0.34898384034776925
0.404344340966783,0.44324578552109584
0.4815417173031989,0.5255172679729461
0.08287386148179961,0.07029824839791789
0.5519695943624091,0.6170356672197057
0.6620040250613868,0.6170356672197057
0.857584588298421,0.7755324377470132
0.8912275096625818,0.8312322830263674
0.7553132651071337,0.8312322830263674
0.9465440109352193,1.0743755704050182
0.3564455206929327,0.33623199083474603
0.8912275096625818,0.8312322830263674
0.6249650917048152,0.5895527094925854
0.5491016970971612,0.5740696840001194
0.4348427713123965,0.4826441630517087
0.6346205695400712,0.5718366513890267
0.8912275096625818,0.8312322830263674
0.38433070867426844,0.41930525212690095
0.8912275096625818,0.8312322830263674
0.980884056394739,1.0714937244032612
0.7553132651071337,0.8312322830263674
0.7001108224057149,0.7356843869277564
0.6346205695400712,0.5718366513890267
0.5278903652732363,0.5718366513890267
0.5278903652732363,0.5718366513890267
0.7553132651071337,0.8312322830263674
0.6346205695400712,0.5718366513890267
0.09108176334579787,0.07986187219418903
0.8912275096625818,0.8312322830263674
0.8912275096625818,0.8312322830263674
0.6346205695400712,0.5718366513890267
0.8912275096625818,0.8312322830263674
0.21866392287312286,0.1921438317325426
1.1182160802390106,1.1962654844274228
0.7886323873211744,0.7407929393657242
1.0284424428577257,1.1196705334621573
0.6346205695400712,0.5718366513890267
1.1948623583925073,1.1196705334621573
0.6346205695400712,0.5718366513890267
0.4424872259721927,0.39509997806018093
0.2760135258297279,0.2793291823432729
0.5278903652732363,0.5718366513890267
0.9836065485491269,0.9182020153809597
0.5445308949787814,0.577778590112758
0.8677716850293071,0.8235828278060299
1.020356597367704,0.9418625217465574
0.5451086258894172,0.49422514258572536
0.5445308949787814,0.577778590112758
0.23585924869070515,0.2528191256841235
0.7343762957709127,0.8235828278060299
0.29624285546783385,0.2528191256841235
0.908473659232856,0.9516890331091812
0.6535508107483124,0.577778590112758
0.857584588298421,0.7755324377470132
0.3368125244750774,0.33203296435790935
0.9831832030952501,1.076827698697547
0.6062598155829759,0.6464930778244052
1.3839926771226057,1.47636008082811
1.029345632831707,1.0692263360109473
0.2329469350551142,0.2593768465324477
0.4556854528282997,0.47389707892869215
0.7076386157750089,0.7507133143005792
0.9424008773568074,0.9428194889375829
0.5034530361819921,0.4554592402723574
0.2885366249445549,0.3156648067878474
0.2885366249445549,0.3156648067878474
0.10104349316283115,0.11530647251983799
0.5352206400135449,0.5746210460433819
0.7459835308371309,0.8276347981131023
0.5352206400135449,0.5746210460433819
0.6202775872835196,0.5898061311708145
0.3334523478506557,0.3348306627954299
0.5263840247407396,0.5740612867158148
0.560710344503356,0.5158548917071223
0.6547815521737707,0.6192627790154367
0.08748286340737951,0.09880150086498635
0.13050621361171422,0.1241327551658936
0.733043657610156,0.7729291190143688
0.3108151435978933,0.27822018059119097
1.0125857735874442,1.0071823368706267
0.8606847944558991,0.7940676640640926
0.6332986330908152,0.6482277654742503
0.7568068782592193,0.7401796381027185
0.7852360999995309,0.7346639956633036
1.3906853940611075,1.4594914348093568
0.7568068782592193,0.7401796381027185
1.0308281149550897,1.1214675671634675
1.1974978272021022,1.1214675671634675
0.4411618842541034,0.3942304167085818
0.1807797424975115,0.17930082027937844
0.9820918405553052,1.058488587822338
0.5433149109978931,0.4985372035241979
0.1807797424975115,0.17930082027937844
0.9820918405553052,1.058488587822338
0.4252897951881968,0.43657146384645173
0.33068700734389783,0.3013438203655479
1.3085696709989916,1.2198280530091299
0.808133704029331,0.7460746494031124
2.176120082962355,2.1477995597328854
0.18005156533100225,0.21258180663767978
0.9742418473188188,1.040219734333956
0.12045269216680239,0.12413652737584942
0.28666925130569115,0.2598740152057984
0.3854380589571767,0.41170614286669865
0.14827315696075466,0.1546268568223256
0.7277729067504135,0.722061700475796
0.8129430332103378,0.8657400308215792
0.9355069568536898,0.9630437720265936
0.7199682786807279,0.6742371168218981
0.45263870661397704,0.4652824350572016
1.0601043869318765,1.0391600606954512
1.4076466550527809,1.3482094135004863
0.9676784994111713,0.9506959068407114
0.35896861634652,0.37376301108147547
0.34187136204470836,0.36769424100498316
0.5047041269688329,0.48685572202656463
0.4514989011915347,0.4948809786555727
0.8391982393297679,0.8312983513658887
0.4252897951881968,0.43657146384645173
0.6092304024648624,0.6771825150775983
0.6112646892701171,0.6212352934090256
1.003041681428381,0.9068748412801297
0.12101559884174552,0.13890118757687606
0.4261971139555336,0.47063595209261594
0.32399337680672213,0.35967868258013813
0.4722626461960115,0.43166250697754555
0.5182615370810255,0.47063595209261594
0.45585774465452933,0.501143278665782
1.0845115794574935,1.022138584152216
0.724072455563533,0.6747712075208648
0.45585774465452933,0.501143278665782
0.17575071204904377,0.15506710266863183
0.5523282892104893,0.501143278665782
0.3884313464795138,0.39193437687650173
0.13570007260305333,0.15506710266863183
0.6332986330908152,0.6482277654742503
0.6141477766074162,0.6747712075208648
0.906817561563267,0.9766722275128167
0.4787251006245961,0.5296119404319122
0.2942375314060221,0.29509051729528973
1.090938733189539,1.0270099637883445
0.5861793232590179,0.5460039846398442
0.6332986330908152,0.6482277654742503
0.258694174259672,0.2934787334965513
0.5377246558367081,0.5201266646376007
0.40932408070322357,0.44328539628878627
0.12147095243335469,0.1345648081384393
0.7013970531845743,0.7706769446706442
0.253057064014958,0.28328599506323854
0.4260827293248134,0.45695877607703944
1.1106609470506226,1.1016616488696402
1.7820709031450288,1.7415931722368643
0.8216200959170561,0.7706769446706442
0.26817734098678014,0.23669919340853646
0.3117644359730983,0.27802850057831396
0.5470362286453202,0.5999272044356221
2.4603956365118584,2.6358776826137973
1.004953050610984,0.935531504671617
0.21842031803789688,0.23545212740879545
0.396193399828656,0.3467796242101714
0.3593739820636568,0.39562626606457163
0.1812388713357123,0.20308865533275877
0.7098362567635126,0.6481913756430673
0.32082450714190963,0.3467796242101714
0.5272710273607839,0.553498466748876
0.06478422956486009,0.07068435811976885
0.3920516830965316,0.3560131569423617
0.19667968260628968,0.20497580381069605
1.1725890475901217,1.1135422230479128
0.7953842715796133,0.7941547848143979
0.027418459898551503,0.03172026019064412
1.2039832251130562,1.2891903242483302
0.2615245061591858,0.23167313004481813
0.24568645000597725,0.20497580381069605
0.6528112580316515,0.6835785789008398
0.921373857052849,0.8504260822816139
1.0610386350653334,1.0823722488506662
0.2517670195876056,0.22564684737911203
0.18928610672226637,0.1616010573804386
0.47681774094473894,0.5044101816681837
0.7881563262561071,0.7582862384820456
0.1467899020985591,0.1616010573804386
0.4640562759603277,0.4576266626943988
0.8459216132739871,0.7945905268748144
0.3321545672745562,0.3028650524314162
0.28303757464773327,0.3077354706790841
0.20794436561980295,0.18890311630842843
0.28636505525213873,0.32404650528103995
0.12147095243335469,0.1345648081384393
0.8502626002980878,0.7815008436456918
0.7013012409564788,0.7582862384820456
0.49352289928580034,0.5353586219092773
0.21566421458801766,0.23912531034102077
0.4193206438565555,0.4639433101266556
0.5277543426144808,0.5777930486348029
0.6850590714560003,0.631992972676847
0.5303414599528219,0.5781763358044105
1.3661423034557507,1.2391387091319104
0.7219683910697097,0.7440399602484858
0.6941769660869052,0.6370799729560466
0.8422530099500409,0.9022313722424146
0.4832086079511746,0.43800566320280143
0.4151635768936966,0.40288613619083763
0.4217151790104744,0.4694219380229621
0.4025785534612327,0.4439472875089133
0.8211830197277966,0.8600181832173213
0.7295485257944939,0.8021181648626573
0.4077232604159553,0.44640392865375406
0.14826985505024856,0.16713404264570805
0.0684719681195808,0.07909097486461972
0.6446137730286747,0.6116119468281468
0.0684719681195808,0.07909097486461972
0.27661278216756247,0.31004961550737503
0.7582603745094404,0.8254675061541887
0.5256025886252114,0.5763071009776671
0.4672143118808392,0.5214309870871988
0.4758439738728422,0.4612671381610605
0.20474697877159218,0.22502211464413543
0.6241345794507562,0.6592269696351374
0.15215983029886893,0.1614540426873268
0.4223541361037671,0.46984061548990635
0.7582603745094404,0.8254675061541887
1.0329361315531334,0.9848322203472099
1.0731992411041684,1.1420410593025334
0.5858400561103583,0.5459809514852538
1.1304853817111724,1.160981381559562
0.4832086079511746,0.43800566320280143
0.6705586096871036,0.5898825688848544
0.6272468102183201,0.6220770779909086
0.5279792474749008,0.5575425086008464
0.22304091975908785,0.19988861987708126
0.84744908048189,0.8083164985671121
0.5616647608732381,0.5758194211347681
0.6984649309728025,0.7268189447895627
0.4758439738728422,0.4612671381610605
0.33901159584761015,0.34726691824693345
0.5645825342287608,0.5068946052223299
0.46052522376568183,0.4403808841371994
1.5927445088438452,1.6939390457104087
0.4834309182857549,0.526704137328236
0.2822996941089768,0.2528100248908861
0.5915480515208882,0.5956193635819408
0.3144306863841254,0.2943099511986284
0.8209760901224724,0.8288889284616046
0.36181405171320263,0.31562428074656185
0.4871168944781763,0.4604541014166802
0.9138997575788007,0.8497682102235551
0.09267289009270091,0.10640253766319067
0.3313605573349473,0.2948054192791246
0.7205229497613284,0.7334339742957792
0.7506227654947778,0.7000942423507291
0.12258538694450848,0.10640253766319067
1.2656576644155393,1.3652238048655754
1.3100909080040446,1.3666702905366364
0.5522423275229622,0.49765313313328924
0.13896848900198994,0.11702692744632054
0.18922717004589443,0.21581719272425648
0.8550390774463176,0.8929025050481388
0.2914461003190158,0.31562428074656185
0.02057372120896412,0.01666012689026531
0.09305957328279738,0.09599513819116134
0.3434912508681191,0.3932895373900484
0.7853516614622663,0.8391217399886615
1.116781293508105,1.17847693040695
0.21446135278555448,0.19058644521429619
0.3862911857590526,0.3528404421793119
0.10664469926445103,0.1221685357202093
0.2607287468825904,0.2505864597592211
0.5565337696279187,0.6156610388119281
0.4656079540031203,0.4214874163224798
0.307956812812936,0.3178859359683912
1.0581177560547077,0.9907652711952805
0.9542390456801647,0.8929025050481388
0.4287969777036505,0.413990364197805
0.5374587277990657,0.4887906917669927
0.2506040759064551,0.26926023814752603
0.405333680303944,0.4249715250553451
0.9275028383415519,0.9906237602131222
0.8153912894593077,0.7787255940652639
0.3498751042941552,0.394350260512153
0.8065616859669105,0.8746264480842865
0.3049077517903508,0.3322572469107874
0.2012656169502706,0.2192183316277085
0.5610108810059775,0.6004618042907012
0.7235154168450558,0.7762676489034614
0.3222625892582495,0.3770211416785153
0.30574732573357827,0.32912532216780394
1.3486164883706184,1.2758840392273112
0.6836076575728877,0.6142830215104201
1.275693065378114,1.2712039527876748
0.8343471780744927,0.9091768563778841
0.27045565085849727,0.2448133988731067
0.2696714575126257,0.3233728348300859
0.05406485808839987,0.05332691776916755
0.8231603107325237,0.778767515741697
0.883928758598436,0.9574930336754462
0.4052873240404817,0.4138146542953763
0.9542573631483143,1.0021877562507828
0.5194280592165184,0.5440903478447758
1.085888242935358,1.0835314057582859
0.6181986369882958,0.5506066659972282
0.44358180267946046,0.4040571216634996
0.38915248339136077,0.4229834120815214
0.3693679176163406,0.35830832148558905
0.724105302730056,0.6883622698695284
0.7824399447383991,0.7194589540274811
0.5307403493183503,0.4554259255890598
0.4589508972091315,0.40880183165879597
0.6915300978387368,0.7296231402176627
1.2363583241418916,1.325382969825084
0.6890921495548405,0.6459342792061934
0.8079146788372956,0.7423591329237277
0.23146709413808902,0.2482942296737747
0.6915300978387368,0.7296231402176627
0.15953633706580134,0.1751732685860979
0.6820064033054407,0.6865848061353415
1.2024287547604138,1.3282949442069825
0.899060388272157,0.958147092304335
1.5427610228669622,1.450852448685464
0.21851940323726501,0.2011425708264551
1.0612887471964805,1.0501599678540694
0.8164745659672453,0.7743720523389757
0.7730590710577251,0.8517196481049853
0.3941204391753059,0.36791491601622206
0.8181714466743534,0.735618811066823
0.10160631505461708,0.11819991481053889
0.0002623850538610854,0.00035051210915964663
0.21060029339817468,0.1870157282484674
0.44386473112079416,0.500212579606682
0.47222306404153463,0.4278046965851166
0.4303963062929747,0.47829319639398116
0.5640609551578762,0.5271863449641615
0.8300234535600954,0.7943275308133182
0.4853210004366422,0.49171963411110864
0.2110215990041198,0.18339463238796921
0.9474670772829461,0.9728141606520436
0.8758038384818849,0.9360761210886271
0.45998574439391243,0.4440022449360387
0.952576276446623,0.9907311630661966
0.5452612299579264,0.5249930135337108
0.23632329756333983,0.24144217831553969
0.6018280927089905,0.556965767874541
0.48187122831055834,0.5234609460606819
0.15760382913745616,0.1559104704184412
0.5172112711672964,0.5079030560670349
0.9558104221904655,0.9456521046537654
1.2006919018206614,1.2906833590588709
0.5137430998694286,0.4738586025091819
1.2515987956911605,1.199306031045179
0.582683027279621,0.665005621828227
0.7004493715628217,0.7582185736490143
0.34881590820403474,0.31688005587798235
0.948540027066135,0.8792228644211754
0.10969565737772384,0.10522232417245352
1.1524199942308144,1.2149641233630608
0.5393827760097585,0.533423725782893
0.4573116744498882,0.390294844628154
0.15085077380163808,0.16673788977581525
0.16037719853733265,0.14610293332813487
0.15656010340627058,0.14534907886664375
0.2958450379979113,0.2610937366407089
1.787233234318435,1.8987063327024165
0.19340846277884136,0.22340819258000222
0.40592836496782764,0.4505309128030209
0.5323949009415015,0.5145112214496367
0.49394278837776007,0.5261933564805452
0.12542375466567635,0.14610293332813487
0.7770986815098242,0.7353909300216193
0.36264368847066436,0.39825338794358317
0.7638208405322026,0.8421360773182127
1.455671338108767,1.36799633280022
0.7326579325426986,0.6757657862823351
0.8550560876141475,0.9241595037188682
1.455671338108767,1.36799633280022
0.7364626124508861,0.6973213005774335
0.6106224216535268,0.6668325291610654
0.6966942516899288,0.7308843239505767
0.6584545170534176,0.5940911743511332
0.9086462664814958,0.9697564576398428
0.6845643688737235,0.7472650800946107
0.33816528285212377,0.3797047591316207
0.1953035264610824,0.22206249903659522
0.3007083245722547,0.28689428131088307
0.40688551700026543,0.3826062696810464
0.44546123467754883,0.39697074149637407
0.22144337980889445,0.20697434999049247
1.2777557339088985,1.36799633280022
0.24866915354448432,0.2644852517401694
0.2843338421893619,0.2983820882249732
0.33683014136157,0.30828687375313263
0.7856533309970873,0.8437749467633675
0.3035996303311855,0.2997150967564445
0.26256433065313417,0.23024504501984544
0.8613078728742725,0.7790722417981705
1.2051520756988485,1.236390711967526
0.6084785158579085,0.5622661418056187
0.828018286064869,0.7504461541600431
0.5051565249714617,0.461144057286876
0.7856533309970873,0.8437749467633675
0.1953035264610824,0.22206249903659522
1.5357752977034598,1.6316405802145224
0.3536651561949402,0.3472147328667379
0.32664744553604935,0.29385658324135655
0.9989652915321368,0.9755970091198657
0.43040904186982587,0.3769959125399388
0.6989538402319937,0.7504461541600431
0.47698474242042904,0.4792238454232376
0.9350612098573817,0.8679611504036473
0.8039635491299523,0.8776790994355735
1.2695451707451746,1.3660126060704336
0.30473722754973703,0.31282757428005176
1.0981422226844857,1.0304929664030573
0.29963766709194595,0.34072043785310335
0.38358062629545964,0.3634593881722161
0.6545280178099536,0.691824169793095
0.35708976119035096,0.4049341968019192
0.4622518049652486,0.39479612393850705
0.19775660115063678,0.21274016253910674
1.4144670043891576,1.314887536876975
0.35708976119035096,0.4049341968019192
0.4090999789209485,0.4142965343076044
0.7325574441473296,0.8208414776498307
0.3829459777638575,0.39479612393850705
1.1811112083133735,1.0707122584670963
0.39000016056945885,0.42300641990497023
1.4144670043891576,1.314887536876975
0.3448030486132874,0.3767796154584501
0.9631933726890162,0.8785356316825326
0.5620067608138684,0.5780752675614121
0.4867729839348385,0.44439593226396507
0.337768711203831,0.3497265266147008
0.6494125930065419,0.6647333012880201
0.15224716364568464,0.1820691732933283
1.1328309916997872,1.1828233771157666
1.145231471140433,1.1202979332095322
0.5560156415349479,0.4987720386993468
0.47512253190492787,0.44231071562269014
0.9993149273339905,0.9346479833181011
0.13631458697411833,0.1231670038428955
0.5560156415349479,0.4987720386993468
0.16630598851474232,0.18289358077097065
0.5984257244904226,0.5692150517047465
1.0449358073269976,1.029375729623307
0.9993149273339905,0.9346479833181011
1.4346656333916739,1.3847011855722053
0.9993149273339905,0.9346479833181011
0.39418596592138505,0.44231071562269014
0.26671765389921026,0.26319172371721483
2.2824009527882776,2.3240652605473517
0.313649700760555,0.334760388674136
1.1729776993623726,1.1088476840575021
0.8521183063728617,0.9346479833181011
0.1681051784409101,0.16537888024496034
0.5560156415349479,0.4987720386993468
0.10369335484911237,0.1231670038428955
0.30587286529734337,0.3393801739819618
0.6923899465496915,0.7275017412142593
0.4504897450105006,0.486175733889321
0.9993149273339905,0.9346479833181011
0.9993149273339905,0.9346479833181011
0.4044445542351252,0.4171613063276338
0.46984953025979337,0.5110282208330249
0.34245381381390744,0.34405033383546496
0.8521183063728617,0.9346479833181011
0.459074057875392,0.4987720386993468
0.5581386844236046,0.5590063102542663
0.313649700760555,0.334760388674136
1.0957775092769064,1.1459599118383446
0.19135304739570358,0.18891493230012513
0.8521183063728617,0.9346479833181011
0.9993149273339905,0.9346479833181011
0.529783291156595,0.4887934604938049
0.4471513955048408,0.4774748940527795
1.1021777784874314,1.1558622825428775
0.8885115204246375,0.9502767652801113
0.459074057875392,0.4987720386993468
0.8397348121897792,0.9005279143554377
0.5418256038000827,0.5800745544290375
0.398239506802381,0.4254965640346519
0.5315087188120828,0.4847560264057123
0.02648611584555399,0.03299946124717689
0.03747632636727403,0.03299946124717689
1.0436676675054006,1.1133439868033792
0.6220656787350807,0.5675461708357218
0.09896598784750182,0.11580534504600946
1.2680986021326497,1.2923676784059546
0.3771345676439518,0.4334355709757809
0.09896598784750182,0.11580534504600946
0.6143253631039495,0.6757657862823351
0.8056827016120761,0.8653266208864904
0.83070526641564,0.7227361778018433
0.1659321781617752,0.17747132485346465
0.7166023056941841,0.7550972058029662
0.8478356993308035,0.7550972058029662
0.47613560377489517,0.4920835091202119
0.7796847121609727,0.7391450328000782
0.6553910170122413,0.699781753459805
0.5138244260564439,0.49570879031616866
0.7790023046500432,0.699781753459805
0.5791125255175408,0.5829153091874301
0.4532695866623154,0.44695487983652554
0.11269526648135753,0.13113088854629926
0.8183932495654415,0.8763346132522233
0.11864142963288364,0.14472743915571357
0.3921256679690613,0.3623217516946359
0.39443448209593845,0.38607374927709925
0.32199421031334713,0.3623217516946359
0.9569814064124522,0.9006525365464425
0.5149645993565651,0.4797797450382738
0.8658565182831205,0.9360028394365928
0.6335264134729147,0.6747999960082282
0.3983798318234487,0.45264180004782606
0.6416867216610767,0.5882789541563955
0.5683536757037048,0.5851498492550348
0.5947393840746895,0.6500601041186381
0.7152208515263934,0.6817874838622522
0.11050608761168501,0.10181129251337076
0.5666509437078223,0.5835099776999808
0.783892495000904,0.7252485336384737
0.714935351092403,0.6551553707026376
0.35538740035983174,0.3348829264748626
0.3753533821169778,0.38644900990989206
1.0872533679971648,1.033026050309938
0.5009842136124915,0.43994518089796497
0.4111933221297254,0.43994518089796497
0.6165090563061378,0.5607919776375068
0.9550942851333699,0.9260082654458677
0.36759893854446196,0.36664180907603716
0.821199202884821,0.7461855176048615
0.5009842136124915,0.43994518089796497
0.6853363074896552,0.6427807879506343
0.08303765375616899,0.10181129251337076
0.4228383780461504,0.42679286783527426
0.5796467317166374,0.6427807879506343
0.6165090563061378,0.5607919776375068
1.0647458362029596,1.0572747188302614
0.7761498461654631,0.845731756352449
1.0647458362029596,1.0572747188302614
0.5674250774490823,0.606708735005261
0.2368124086341466,0.26973851295203
0.22651046844745024,0.24631696479293996
0.4775305057021149,0.49037814368991745
0.7761498461654631,0.845731756352449
0.38682608477613933,0.3451089276508829
1.4035668841308355,1.4292324629401394
0.22651046844745024,0.24631696479293996
0.49694690147146,0.47401630971574527
0.6165090563061378,0.5607919776375068
0.5791125255175408,0.5829153091874301
0.5119931972295765,0.5607919776375068
0.9145419237585277,0.845731756352449
0.9145419237585277,0.845731756352449
1.193763922248312,1.0811820698955548
0.5829101454721407,0.6369592184812698
1.193763922248312,1.0811820698955548
0.36108228651946167,0.4142954871397799
0.6025530903500607,0.5636349443459424
1.0274481872741126,1.0811820698955548
0.344612975528554,0.3665337805380176
0.6437898757894167,0.6203304980989143
0.915257367006553,0.8564502455064412
0.27585821395078014,0.27301085088234717
1.292112408535376,1.2429892035015901
0.4426532786266234,0.4679153149382207
0.3211560086328832,0.34040864782166574
0.44538619845140626,0.4139262571767083
0.348992771937876,0.35274097256014675
0.3190764368030531,0.3074180735104254
0.5068859657223457,0.45602017590518096
0.5082221042505765,0.4652989426638981
1.1589747295398098,1.1451572177359695
0.348992771937876,0.35274097256014675
0.7083555513180804,0.6653929870711299
1.8129598680792174,1.9076520682907887
0.14957089798466533,0.16067178677305602
0.8253168842979673,0.7651267122457183
0.23766894531316504,0.20520680511968428
0.5764245196622528,0.6260026290757418
0.18991632854009524,0.20520680511968428
0.821621761864926,0.8785641785220694
0.08569017453547241,0.08797740285646567
0.15999783397092757,0.16672602445313423
0.6713270236341413,0.6992877618414398
0.0313347435545817,0.03457207915828286
0.3813256010005347,0.3555810435845952
0.8218296037619139,0.8442420964938591
0.715454097660761,0.6870440760050809
0.3813256010005347,0.3555810435845952
0.9461769521821324,0.9963980539631719
0.42811312442658817,0.46423390500012734
0.2095563962486431,0.22625141844206934
1.0927465689196187,0.9963980539631719
0.5454422892773032,0.5988862196304734
1.0927465689196187,0.9963980539631719
0.753202604296684,0.7118374213786537
0.6468319571709308,0.5988862196304734
0.4673656916561517,0.49299109495492055
0.5152393783662469,0.5426168256969347
1.1870311930512136,1.2232019944929249
0.6447465895557095,0.6472300261998132
0.6379543867681693,0.6939491941195552
0.545115424567757,0.5839738593311988
0.4551252449814501,0.42459859125548294
0.6130386928390479,0.653897431586278
0.4550968964665027,0.45034882651554814
0.43392801799397074,0.42799174451458694
0.908516172759776,0.8842986344819757
0.933042395411355,0.8663544337149676
0.8387377607329219,0.7604849249527442
0.42466586739238965,0.4616035169092198
0.5952943900035963,0.5455579553437039
1.0150451518555899,0.944368364541256
0.4998117434202348,0.5455579553437039
0.5023290807903201,0.4672496706715025
0.6176675147291734,0.6105627156227195
0.9032742786777623,0.7831708055871955
1.1238183799543928,1.0499397976991125
0.2647246621908657,0.23345711277788644
0.2258123973999366,0.23345711277788644
0.11591749404221142,0.1142434231341644
0.03786972795139657,0.03297823209242811
0.7197423998260419,0.7460746494031124
0.5756093773054501,0.5392306489950011
0.7065110594947425,0.7022805753255924
0.15682984256892166,0.16327558660410163
0.5950730110383243,0.6375512330788452
0.9332547020864849,0.9244180628004391
0.8908100888309344,0.8821721112770898
0.6322808103130447,0.5836754723624371
1.0469975426776672,1.0540207187750352
0.5352940826697677,0.5062273066069274
0.2512368663458928,0.2315923022534614
0.5761029562999429,0.5455512067831126
0.3541230873748807,0.32067216164180135
0.3408961356474761,0.35510727328616576
0.31922248195895064,0.34468406439014615
0.39348042269950195,0.4254243744772736
0.281406510138956,0.26665425258007125
1.0696266428461436,1.1298304298606585
1.019364490792889,0.9323517870065926
0.3870985687931995,0.35389818184289396
0.6857439344369414,0.6464266276434021
0.11067039704710706,0.12558824436925675
0.5592426166850517,0.5648127453972819
0.4232292368192964,0.4321154842003232
0.6755584222335648,0.6614732814465156
0.11782585066658047,0.10383508824664332
0.6546491328697759,0.704600006593197
0.557038194370708,0.5551121632053542
0.5575773266103257,0.5464607101310174
0.557038194370708,0.5551121632053542
0.48261097402013137,0.5313054440011629
1.1827145037227305,1.245101979947729
0.26952254615906257,0.2590683070533763
1.4972805539380099,1.5161681122041735
0.4952156758217563,0.512429595285231
0.8306887806196643,0.7799667852131397
0.5575773266103257,0.5464607101310174
0.6400512763916206,0.5999691947274366
0.7448754182276333,0.8137195119461593
0.5934690343902749,0.6381445707955574
0.46408444490956585,0.42692950245271644
0.061636349660209734,0.055040721051827626
0.6449112324518661,0.6694423454462887
0.30303979535763464,0.3009682100076092
0.698339444885234,0.7016062449071847
0.13682337929734262,0.1565682945664084
0.7937632490947222,0.7319378059387922
0.6959050405814448,0.6841975183294319
1.177171794924323,1.2299453451953906
0.3167466475454035,0.31911993875319333
0.3457923233770476,0.3820853136501601
0.2939408967397539,0.25684659851523634
0.23762508471766122,0.25684659851523634
0.26343636714524604,0.23543342981429805
1.0709741718713057,1.147078518376274
0.6629065483066008,0.7244996802100899
0.5975767755467234,0.5655118257137297
0.2697814619351392,0.2839165211422594
0.5990548193018411,0.5601635011641081
0.5814885098612641,0.6277372267188759
0.4524638538237477,0.4255583466094562
0.5108099052214226,0.5567318384395523
0.6517172003576376,0.6258618164853292
0.45867388060668784,0.4894807300609338
1.2095024514541024,1.2646813853676107
0.46317162762754543,0.45202877727371804
0.5962048171971194,0.6434366953062194
0.4407798067409106,0.45892758331104344
0.42479496583301085,0.41368511298267624
0.48893388420740885,0.44067839896635125
0.2828100453430947,0.31044968042930365
0.6286627376406223,0.6955979015603432
0.3467075769599329,0.31044968042930365
0.5132560956020735,0.5117653676124767
0.5667324514304712,0.567176641290561
0.11843358303451412,0.12161574342758137
0.04629761773146437,0.05472348781590347
0.5355526404675863,0.5837084850038702
0.7455650002887999,0.8160514410685672
0.7155926508772636,0.7719265059116083
0.7097658872951076,0.6443770107702341
0.29675375136938414,0.3099616067522341
0.8388165940131342,0.7827811684324582
0.10532881245306937,0.09085750549148862
0.557038194370708,0.5551121632053542
0.45419931183691775,0.5057813905576387
0.4769605936198773,0.46215096327008054
0.4532275436761144,0.4689453274382148
0.5378245602309478,0.5526271796018244
0.9063240365422667,0.982595582063626
0.1316133581416631,0.14529591543185982
0.8317198407536402,0.773309597717867
0.6363657787938389,0.6293594382118882
0.8297112654139781,0.7649047170680787
0.3850530747787561,0.4139567207685056
0.39739395894091883,0.43162182822675565
0.7785352916087774,0.8468736172787579
0.08912785640063009,0.10282338601334289
0.21408921380666235,0.18721250888349275
0.37513863042931367,0.41916454336008335
0.7116765859668678,0.7121701794410772
0.9872893482053687,1.106855876306616
1.0093019729814954,1.071763903803831
0.44032067304974404,0.44735461395474574
0.5416833878257614,0.5599340884218587
0.09277833895680648,0.08278753573568526
1.0477425917772614,1.1590298517024742
1.092984329757987,1.0202240289607183
0.030232863474202648,0.03612340085229251
0.8519920789300676,0.8472254355917532
0.6144800667089406,0.5599340884218587
1.4253481927397578,1.4378406007278888
1.6472804779371713,1.5603065083682985
1.025587434082249,1.073824852267009
0.7453226658317078,0.8046760865116835
0.24684453830646436,0.2096450165490608
0.37026978606018485,0.3590201318634584
0.5761853772741994,0.5330282397807161
0.19765761139987906,0.2096450165490608
0.7643666162250891,0.831004386765257
1.4253481927397578,1.4378406007278888
2.2396712878552774,2.1534625050989398
0.0947187436262622,0.11007462099009845
0.05709463667779651,0.0668006392305419
0.234928967056009,0.27107399735050985
0.6099638246603152,0.552681025943215
0.6177338574245708,0.6771449773036788
2.4088350487782715,2.450501507360271
0.24257963366945512,0.23773122018561668
0.6935363957756848,0.7526682375751627
0.6935363957756848,0.7526682375751627
0.5004520010962785,0.5444517859812192
0.12285974893556015,0.13573120922335932
0.22124367639194079,0.24216573300579705
0.5591648724801885,0.5775644833804434
0.30120077465155903,0.315347956356221
0.2615204250136482,0.2769238094499218
0.7329339430126519,0.7901607089639543
1.4656336989039758,1.459220156566273
0.2929236809199654,0.32922065672424355
1.0163447445061755,1.034642364297429
0.7999768079279188,0.7428649890161981
0.6925178331312033,0.6436248074701367
0.6848263668510761,0.6196636462583358
0.6423739653757599,0.5805628538383203
0.5460962838531086,0.5821972862805733
0.08463163559109538,0.09697138739754892
0.525732375414827,0.5053833602214142
0.7409021750954669,0.8179611609090404
0.5687594318460517,0.5162564238942665
0.305076399164209,0.33682933017556643
0.1314178011654773,0.11729851707749694
0.2601644519652442,0.2941926892608126
0.09829235737922118,0.11140467987459764
0.40563798427501757,0.45151462208367066
1.6053424939918206,1.5007185985983915
0.6423739653757599,0.5805628538383203
0.9137781764445254,0.9043033592624157
0.4500389479665201,0.4854792211725697
0.5004520010962785,0.5444517859812192
1.4154964997346793,1.5007185985983915
0.4828464523434802,0.49572492491235176
0.45414259137595825,0.41684999057359434
0.19160791173077873,0.18553307070845823
0.4553005392085266,0.4192503152797511
0.8615208720852574,0.7988242384645464
0.7232499571865886,0.6971313449889498
0.7372236748761528,0.7988242384645464
0.5776580744423429,0.5866264404344332
0.8302574142214106,0.890110548078103
0.23464923382497788,0.26219565865540045
0.3712791938375144,0.36131367952314153
0.33297591519650444,0.3699102457730668
1.619565707285087,1.495624827248355
0.4920541616227993,0.5282210174223415
0.484900977129628,0.48297944307017776
0.34488004615969153,0.34138569251313383
0.6035489091914517,0.5655860273655506
0.4084109211422817,0.46077738205601254
0.8987243169717645,0.9295372471560915
0.7181354453095211,0.7506793656816769
0.4828464523434802,0.49572492491235176
0.9461769521821324,0.9963980539631719
0.40246583854987894,0.43462960336604756
1.0008425915601304,0.9552951620893301
0.5351598365155034,0.5314777589179754
0.4048045116068994,0.3699102457730668
0.790362611971074,0.7383162313793336
0.4698468823072258,0.46577279535982313
0.3986700389848112,0.4160661889559219
1.2274214356390047,1.3330581371738204
1.5547425735277094,1.4489741544754227
0.8857963696464862,0.8393925856195849
1.0169834838163627,1.0962917977949294
1.0927465689196187,0.9963980539631719
0.6416634319168488,0.5944261755021726
0.46160038319019875,0.43462960336604756
0.4815780645112418,0.43998612043647245
0.4386010522536744,0.40496870431028054
0.394373711748008,0.43998612043647245
0.38429941342846846,0.42797708283063246
1.1423369851163019,1.0550539370005858
0.12899478164323394,0.1468537406407288
0.14715556071166705,0.12647045652006458
0.9127715532269017,0.878984667011858
0.6780415394869157,0.717743987939121
0.5055723732809543,0.4753941462338592
0.2258123973999366,0.23345711277788644
0.40418466130581016,0.3716562153706772
0.5271379889617119,0.5181708860771729
0.9882226526391721,0.9254407032541184
0.7481603023232056,0.6788382840981569
0.7672566291866293,0.6836759246981675
0.9667916383328021,0.914640558588099
1.1333104647992664,1.068570504946307
0.13249323479885086,0.1568568703151902
1.8459595237472517,1.9298250188498187
1.2320476138425187,1.240583923533446
0.5361705162965911,0.491430821671574
0.6532078883935525,0.6011510306347965
0.9663276142859892,1.0336564072809558
0.6050239475035895,0.5665964866990687
0.8287877703756528,0.774336160784372
0.22044289865013014,0.22617311259753642
0.5488862211640351,0.57518720034862
0.5735554245830025,0.5195947692113118
0.15672242999494795,0.17355719568050074
1.0497118095462883,1.1348602148465836
1.223250746080971,1.1651811765443914
0.8533677058993393,0.881576481761117
0.6543913323185426,0.7010009932733632
0.49274869134911087,0.5280374429622355
0.53234609086376,0.5759263532969382
0.59454728334216,0.5280374429622355
0.34488004615969153,0.34138569251313383
0.728009051623174,0.6837238097804371
0.49071353913681165,0.44953784353652987
0.4775159329848702,0.5525870825158985
0.8544748969052818,0.8964256947704726
0.7124175183312602,0.7434694006493462
0.9339202544278166,0.9441368339483663
0.8273913955508192,0.7584814477896793
0.8025432145569303,0.8910160321203433
0.3829459777638575,0.39479612393850705
0.6050239475035895,0.5665964866990687
1.1027683589288766,1.1681613788124894
0.2785221053746213,0.3074867442876575
0.2785221053746213,0.3074867442876575
0.2070659409719693,0.1899427210882391
0.09395487288462256,0.10130438131228037
1.5031479907401757,1.414302707476843
0.438818936445501,0.47400794745632807
0.16494665910962755,0.18504658429700777
1.3680951167126827,1.4443562250715094
1.4616206021182994,1.5205205166996445
0.8177026824070709,0.8096666533211879
0.39257612409557163,0.3677351996094136
0.48967629850054845,0.49503051946006976
0.6193795284684739,0.6477783816611473
0.2515801315962551,0.2785176116782194
0.2529475473395739,0.2279603449381868
0.7074888149755606,0.7652820360346818
0.4729379844171276,0.4388957784864364
0.6871660800695161,0.7068503168849277
0.9239372192837401,0.8317335305025748
1.1729523047964723,1.1985219934110918
0.13848074397135052,0.16049717279831113
0.26378355319472574,0.24666563077186687
0.4579390683684974,0.5148716726363382
1.1998071287376986,1.1013731493748535
0.30715981524622893,0.3064328389460198
1.134186226632162,1.09920082237252
1.1248996023391091,1.1786315528993652
0.34069963841506257,0.3079482732904405
0.13448386875558854,0.1439071926902485
1.562909809510401,1.4785474493314337
0.8447818351927153,0.9206339756355898
0.20438445384600035,0.23157798218710332
0.4638659637051689,0.5079405725192416
0.9162595777397933,0.8446688575584318
0.10433811077993217,0.10776248645919086
0.8447818351927153,0.9206339756355898
0.7061337550248188,0.7123811419803896
0.4638659637051689,0.5079405725192416
0.7525307244850591,0.7095191427318742
0.7871452116354987,0.7778880688503218
0.2109941334910124,0.22960941827762332
0.918646184866806,0.9382311646225413
1.2081975781501533,1.1030422875018708
0.32797186052028826,0.29808563350355094
0.28214944337565717,0.29808563350355094
0.4612094426664701,0.45202464613604043
0.32797186052028826,0.29808563350355094
1.260090370996526,1.1764868080746635
0.7802439194983369,0.715471388611982
0.36685565022202266,0.34074744155820363
0.4098740430899412,0.4447072566185671
0.7083011784842652,0.6539467905334603
0.9048268655715528,0.9074935342323581
0.37209688468647995,0.38487030892564345
0.9232163149417788,0.9429600870245678
0.22181078631738735,0.2605679292969443
1.1806133049156198,1.2421542424078769
0.7897932215189986,0.8380654237494374
0.5027912462723028,0.5168755245706576
0.3001617754044977,0.34074744155820363
0.3629900832332048,0.4029008909720731
0.616259908159963,0.5961005688998782
0.41998088204661327,0.40305517783254974
0.14551584939624632,0.16625947324565624
0.6354953521728693,0.592052038147719
0.24517209088550598,0.27526262961727344
0.16595384745147398,0.19157316697715243
0.481011917576702,0.5257513309108546
0.21254434194656222,0.19157316697715243
0.3072814195436761,0.27526262961727344
0.631340117249027,0.6609958484388244
0.7856419457102345,0.8531121384680169
0.4431912224577915,0.4874045386559379
0.5380879991998984,0.5805628538383203
0.20214332899375068,0.23388469529942013
0.9153161258396033,0.8531121384680169
0.3622605255776169,0.3513032666240899
0.5997452711199855,0.6076296926086039
0.2644822732090531,0.29557230318890504
0.22214406759895214,0.22964663729100168
1.5551870232407279,1.4910350577791718
0.7544559522189941,0.6934023196793316
0.3300992309986417,0.29557230318890504
0.2644822732090531,0.29557230318890504
1.3565161491034308,1.4910350577791718
0.8284740190351599,0.7731232447078957
0.7544559522189941,0.6934023196793316
1.6529952277544457,1.7467433429758104
0.7564376023172221,0.6928921065199253
0.6609851438988377,0.6054826035733899
0.7075457202551534,0.7731232447078957
0.16333706874832074,0.18242922864779304
0.5580041166130059,0.6054826035733899
0.7186967846332946,0.6898088140152702
0.44105449187126466,0.48304503827950035
0.5353402617652241,0.48304503827950035
0.6465695840515105,0.7218489920250626
0.8994117229578462,0.8531908280030033
0.3001617754044977,0.34074744155820363
0.6217279491409706,0.6654941937334504
0.20925563133847808,0.23261892547681245
0.6084880526535347,0.5552771575103058
0.6336251180273198,0.6934023196793316
0.5161205764008887,0.5512373248508593
0.6513363344906461,0.608490058818811
0.3537537220502338,0.39301924438149494
0.7564376023172221,0.6928921065199253
0.7564376023172221,0.6928921065199253
0.7544559522189941,0.6934023196793316
0.5114758892209788,0.5552771575103058
0.6336251180273198,0.6934023196793316
0.7564376023172221,0.6928921065199253
0.8024164725900612,0.7558070016383676
0.7544559522189941,0.6934023196793316
0.21254434194656222,0.19157316697715243
0.16595384745147398,0.19157316697715243
0.2497334029992767,0.25882270659846823
1.1728770159681259,1.3073763696727874
1.6529952277544457,1.7467433429758104
0.33001540789230915,0.3000692849569617
0.5159757382512996,0.48876764929769506
0.49196965209111393,0.44254586775798954
0.521724128213612,0.4910149723105666
0.11151344213211123,0.10069797619029723
0.24907343542589172,0.23331476189402403
0.7943487813889322,0.8354151772403452
0.4186034144615647,0.4431120186726762
0.3881094734709871,0.3449746436719031
0.5642038893149995,0.6172664809510223
0.37305451608219525,0.38994818280467836
0.4569197333170891,0.38994818280467836
0.6966360157925102,0.7201730504524462
0.23717894958203795,0.2550722690614545
0.29780851115470447,0.2550722690614545
1.3565161491034308,1.4910350577791718
1.5551870232407279,1.4910350577791718
0.3600194091448729,0.39527113514263373
0.4262244277459174,0.4535399774461689
0.36493817796150185,0.3876579583140875
0.44180777100150476,0.39527113514263373
0.6679650440208412,0.6172664809510223
0.7964897201479533,0.7412181201738418
0.8412129548705302,0.7752620499547369
1.3893218447808175,1.3794595850919498
1.624077771192035,1.6232212285584526
0.8418007385681372,0.7974691508032868
0.22714012477719664,0.25360055531757103
0.2816276658782664,0.25360055531757103
0.22714012477719664,0.25360055531757103
0.5696614118306511,0.5907016953292346
0.22714012477719664,0.25360055531757103
0.3753533821169778,0.38644900990989206
0.6670314470839499,0.6159696282713916
0.4286200475154225,0.4017573377139868
0.3735236447145224,0.40635854254830667
0.40452761619966415,0.4369590825983406
0.24624537589222073,0.27191320622812015
0.24403988772205568,0.24786353883766332
1.487385968255976,1.6143832260016064
0.6336251180273198,0.6934023196793316
0.6353810262179198,0.6928921065199253
0.030210411316730128,0.02862996203382512
0.4169903959439872,0.40278381107554695
0.5933951557363076,0.5374206565773604
1.1401860664534604,1.0792645873569604
1.2147449327013422,1.1589453281268558
0.2629284630084531,0.24079271875235878
0.8502970892925052,0.9109126162426797
0.7724137256010204,0.7212337744937881
0.30488091017036734,0.27055038503623785
0.8114200522038866,0.7603533633551608
0.8114200522038866,0.7603533633551608
1.293873917263368,1.20609958563701
0.5873949687950589,0.6301746349719223
0.8002913784392197,0.7998798882972201
0.6675639024123857,0.6923458097106571
0.31213092967613204,0.3138400795575282
0.28901853962196855,0.25964431425525825
0.8057679045059924,0.8739414396302019
0.6027482059217064,0.553352647128293
0.5314992015016884,0.4914138721237186
0.7652372713760826,0.82563271910298
0.6780582980173213,0.7075957788139365
0.5337185222191437,0.5568304291364987
0.5337185222191437,0.5568304291364987
0.44359324630259933,0.4914138721237186
0.7084672299818839,0.6789043744189969
0.07327573114205997,0.0800078529327838
0.44359324630259933,0.4914138721237186
0.30037795022086544,0.33316763969146435
0.6379543867681693,0.6939491941195552
0.8829050223235667,0.8510237817056532
0.10699733907060015,0.09452265219433381
0.010052363452361398,0.00925050830322181
0.5445308949787814,0.577778590112758
2.5158148943557896,2.6603212050213614
0.5445308949787814,0.577778590112758
0.12147095243335469,0.1345648081384393
0.7734962534077792,0.7034660529886416
0.12147095243335469,0.1345648081384393
0.6412538964001543,0.5568304291364987
0.47250765671155925,0.42770483131277204
0.07327573114205997,0.0800078529327838
0.47250765671155925,0.42770483131277204
0.36900240295406683,0.37908292055852794
0.6216185532490168,0.6601875502096978
0.07916109782441767,0.08803836916853378
1.449444367122595,1.3575034080516988
1.485335840478101,1.3184766104471235
0.8272208339183208,0.917379521543392
0.5804408311618875,0.6399061005730091
0.2266217642685784,0.2626364003781987
0.9561069250742433,0.892783412213179
0.07200314341674727,0.08346062741107953
0.4157700208178207,0.4451995559094001
0.6694914953198802,0.72201271356533
0.2266217642685784,0.2626364003781987
0.6451204126707999,0.5865643575721724
0.6346205695400712,0.5718366513890267
0.7553132651071337,0.8312322830263674
0.3725556778148547,0.3414921798184236
0.3557542598014815,0.3319586015898444
0.7553132651071337,0.8312322830263674
0.7860131161044271,0.72201271356533
0.725085829316298,0.7778885494757901
0.22524736012376345,0.2231823310019844
0.4483382346371187,0.48860558584278707
0.7553132651071337,0.8312322830263674
0.6182254716008813,0.5743078602902632
0.5873949687950589,0.6301746349719223
0.04730069316365939,0.05149050079089353
0.6346205695400712,0.5718366513890267
0.5873949687950589,0.6301746349719223
0.485135820740592,0.52680989053733
0.19571591897109414,0.2203774888722081
0.2768209178029634,0.3075731701440094
0.4311642968069492,0.39891411637063967
0.7606746157632985,0.696077132365871
0.8565074570543761,0.8003026461149783
0.6629062547751503,0.5963707980252335
1.0520376733450734,0.9726349893305526
0.8565074570543761,0.8003026461149783
0.5479383776553589,0.5953250550955641
0.724331214512948,0.8003026461149783
0.649968766482556,0.6816792672755183
0.10562421924635446,0.08803836916853378
0.3728765072990652,0.3872488804262321
0.8045218189369331,0.8434966158464461
0.4913444222650465,0.5624762339384729
0.8045218189369331,0.8434966158464461
0.4913444222650465,0.5624762339384729
0.5521395682245192,0.6150292819449632
0.040226097130801775,0.04080805847078418
0.16344495332692957,0.18891487155406414
0.4717691369678531,0.44486737820434646
0.12490609546436747,0.1388019124899506
0.8502626002980878,0.7815008436456918
0.718764959356322,0.7815008436456918
1.1276510043628145,1.024180189651967
0.6478325022671265,0.5925885302288054
0.23834996870618827,0.21889251335992654
0.46212652294689693,0.47924581971279767
0.6645801340281317,0.6795715278644289
0.31742575871687106,0.3513103114388906
0.25663651058263626,0.2546011327636365
0.1684246722347323,0.19946705457290853
0.140798572524479,0.1544670299005777
0.6690512073335766,0.7089948159128948
0.20316532343074198,0.22152351540540224
0.2699643112501118,0.2278933276228436
0.19953484466890006,0.2243978056180017
0.5929431165700152,0.5624762339384729
0.066842522907277,0.07919907659984464
1.498368142059175,1.6044365678118953
0.9462431580627019,0.8434966158464461
2.4524263900766408,2.5751288373767363
0.692758116773753,0.6369707366528402
0.4567135469092747,0.3872488804262321
0.7542249964069642,0.8416944400488457
0.066842522907277,0.07919907659984464
0.568997478464452,0.546374641192477
0.7476753794733377,0.7366582963344089
0.1423040528503331,0.11526865941837527
0.8045218189369331,0.8434966158464461
0.30507980676713115,0.3414921798184236
0.19928277823377955,0.21838124238985884
0.8502626002980878,0.7815008436456918
0.718764959356322,0.7815008436456918
0.1475137722092779,0.17205934479326465
0.1475137722092779,0.17205934479326465
1.4631607972404925,1.3715996053926298
0.880124565451733,0.8606281306951558
0.6477807961593472,0.6368603054270929
1.3020294213289478,1.2166033466399933
3.015981167100998,3.2115075238139417
0.28076494039464733,0.2852255756278455
0.6570767200754405,0.6945740864035685
0.4936652107959063,0.501194597647867
0.02308298639814122,0.028596732107682817
0.8808649176708321,0.8860908628494985
0.6887348119285263,0.7586698185737019
0.7546193216855137,0.8860908628494985
0.9308224534570851,0.829822373012794
0.044791408418758984,0.04000355430961975
1.1562692308111442,1.2348441830057924
0.8126666424723696,0.737177606080275
0.46212652294689693,0.47924581971279767
0.0319693648232701,0.04000355430961975
0.46212652294689693,0.47924581971279767
0.044791408418758984,0.04000355430961975
1.3357340236120105,1.2348441830057924
0.3729002793061802,0.4040539535832949
0.6975791045054255,0.6316550238736848
0.044791408418758984,0.04000355430961975
0.2398696457484105,0.26751162348972224
0.30512000937753164,0.3437306312047014
0.3707498879532857,0.3738422174746614
0.0319693648232701,0.04000355430961975
0.3778371636764269,0.3437306312047014
0.6554090306109054,0.6551252246680914
0.40978366013468354,0.4165822862172373
1.069335680114427,1.1544139674795328
1.7633754562564736,1.6890574899398
0.05356708460736266,0.0640730378099289
0.2355089809018879,0.20419118426317323
0.499359333194023,0.4165822862172373
0.5833269565260402,0.6316550238736848
0.6946295977500012,0.7148106824345832
0.45490847315559824,0.48645050538898993
0.140798572524479,0.1544670299005777
0.140798572524479,0.1544670299005777
0.19403651111936351,0.22306042409057195
0.2947708796934267,0.30062376565209
0.066842522907277,0.07919907659984464
0.17100359439557855,0.20559655357764112
0.20920120091418123,0.1874449257914018
0.8013641827541033,0.7236955560306146
0.9559832391741059,0.9418639188519907
0.9052120249058551,0.9541111304815866
0.9359486346298151,1.0342675080668313
0.42344225771378324,0.47921874559323796
0.9099257623168345,0.9656569577957648
0.45490847315559824,0.48645050538898993
0.18563283588036064,0.19274359416574435
0.6024292360573182,0.5501257600987448
0.3707874114758938,0.4121731043514031
1.1421102579034443,1.172985038241347
0.7275299456312714,0.746017858532027
1.5302866681263647,1.6097340754123945
0.06360245970720445,0.07792685827793372
1.344933518711698,1.445575042112435
0.31531647218738307,0.37025511772480496
0.07029710050588962,0.08338153833982934
0.5833014947404626,0.642932000626542
0.5496781371010748,0.49466763739051844
0.10789961920247056,0.09932903365291844
0.8566577724248307,0.9441759710413956
0.1051869037341391,0.11653170030284948
0.9638961642519271,0.8991103994757629
0.020783784347143123,0.024478151694330316
0.3217216504704276,0.28024399438014796
0.5911864739319982,0.5425414726361817
1.4831212676329661,1.40894642061413
0.07253103105283162,0.06195574658247582
0.6086401863932694,0.636134190060252
0.6736384418437417,0.6604158496783018
0.484900977129628,0.48297944307017776
0.22662660875958965,0.23524851319167925
0.1253544176824315,0.11156455872969857
0.6421014116588483,0.6929715755440957
0.20629281054795237,0.21356369684527116
0.45253620270963335,0.406365379972046
1.009378322406139,1.002518254395781
1.4372664068447032,1.3781847944766425
0.1253544176824315,0.11156455872969857
0.6527735993964114,0.6375093197086451
0.09488990062701343,0.11156455872969857
0.4532573961984142,0.457212493968288
0.546655251098983,0.5268124268111253
0.5988173939419201,0.672664665951263
0.3584205662250443,0.3623088730182454
0.22662660875958965,0.23524851319167925
0.28883282860368253,0.34426037993521347
0.09488990062701343,0.11156455872969857
0.6153047100145205,0.6579550258407832
0.7791283100638641,0.8327936201388622
0.8648440837945905,0.8927797551280433
0.5408962234505742,0.6240181303456315
1.057016790135592,0.975015070027341
0.1722192698974899,0.19716453252082838
0.13973971567335722,0.15437318295666905
0.2337434533265074,0.22938436685084543
0.21013158186864114,0.19173893107604636
0.34663321659104573,0.3074867442876575
0.2719025482482196,0.30655662922703664
0.5275617407319098,0.5689857827916714
0.6028163019539664,0.5503159017581047
1.3775883091582017,1.2881377625688664
0.9228748788909659,0.8598337938723936
0.421669035829541,0.4144765469774836
1.4672693722858847,1.3741348205473127
0.5088012120221387,0.5682103854446158
0.48328492025952713,0.5255036705519841
0.8336823414379857,0.8534846827477249
1.194361555220085,1.2881377625688664
0.6128691928306249,0.5682103854446158
0.3377422351601894,0.32202091125461163
1.2064416161504035,1.151237864492511
0.15893764075416777,0.19339494903042018
0.662514371899994,0.6298491485233957
0.919335054498582,0.8359521081567878
0.48328492025952713,0.5255036705519841
0.23125134199106384,0.25064511470735296
0.2933413684585415,0.3162278857740471
0.20078060051960653,0.21834713285160345
2.6638776090124767,2.5762514634031324
0.3796700212487938,0.39763330826342136
0.6755445499430645,0.699919227737898
0.4339521238643003,0.42086970492868125
0.9169574663328515,0.8634703246510423
0.919335054498582,0.8359521081567878
0.7046806781611055,0.6208444406221407
0.25360190875183647,0.2289894198615513
0.34490862194854505,0.3195072743202119
2.4613390996094733,2.365050285651663
0.7827276722537556,0.7210969961424387
0.6049859804798997,0.5609859418042409
2.4613390996094733,2.365050285651663
0.626991165744158,0.6473122900920506
0.5103813809626604,0.5476558004909547
0.3495849466161383,0.33307489950901437
0.4217716706598195,0.45720893344700425
0.3795442765546926,0.41337618864607295
0.41342781047661964,0.4179613337861303
0.4583530521347262,0.41337618864607295
0.17100359439557855,0.20559655357764112
0.2819170102101592,0.260947920803028
0.9051056622439064,0.800634104710677
0.5215378193655217,0.4833281135097354
0.36114936746173865,0.408396865837279
0.39578137763328997,0.4207894929385902
0.33065489965448674,0.29232269633389213
0.34930322404081887,0.33536607707278715
0.6423702155568483,0.6928619811970391
0.568997478464452,0.546374641192477
1.008964868377503,1.0391650894750346
1.1306313804027295,1.0967199984950857
0.7764421983605915,0.800634104710677
0.3695519636803998,0.34175862586705286
1.2221307631378304,1.2132127067863514
0.6037248781602619,0.6179276503637573
0.8029260492616308,0.7417905618802075
0.9198686496838675,0.8571719289118075
0.5835196361189526,0.6374394047603481
0.7099344415338562,0.6467606225776735
1.7578177197834666,1.664173430628797
0.3645646007499151,0.397896235667799
0.7959332126918431,0.8545932396272333
0.030998514682913748,0.03695231808166388
1.0273085847086174,1.0927744335041951
0.43952718803885954,0.43243115841153834
0.9368007972354616,0.9529135374782733
0.44128635708266567,0.40889295121113467
0.5468825764043272,0.5159171864619319
0.14532663625543749,0.1708420151016332
0.6150323036258938,0.6359326992551348
0.33326424925665576,0.3556195950171198
0.3831874307174351,0.41428311383497146
0.4507334208204823,0.4040539535832949
0.46864842211922514,0.41428311383497146
1.1773905834344927,1.2670555386645943
0.6735136600255198,0.6100979826000098
1.0724935971317162,0.9854344163501281
0.29734106116534026,0.30492400642470885
0.45595850844665986,0.46242414160219625
0.5531431546170599,0.5007994872926548
0.45595850844665986,0.46242414160219625
0.733107281660847,0.6588541129321933
0.17065015219238464,0.19110325463264508
0.5455897245141832,0.5615199073157252
0.47026410284628867,0.4434138063647254
0.4911173189654283,0.5490141930469049
0.5097299284347288,0.4672506766001776
0.1209219443195176,0.14115876560124835
0.974463359632613,0.9635012464175374
0.693440594460285,0.6380110454330558
0.17836121040095343,0.16219866496810428
0.733107281660847,0.6588541129321933
1.5403657472026575,1.478692155503696
0.24118368347483077,0.25868730996127887
0.30255675195327997,0.25868730996127887
0.21474759320176734,0.19110325463264508
0.28291369389155224,0.30322614315979113
0.4932703592298017,0.49311063884418666
0.26109130494925015,0.2882416676402669
0.9462431580627019,0.8434966158464461
0.15797167703008747,0.1495444078160614
0.6379543867681693,0.6939491941195552
0.7440542623933272,0.7118013079606781
0.3919723235344941,0.3658380361453521
0.33674178533921234,0.32224637207050677
0.18082431103617283,0.16662120715053844
0.5791792064427872,0.6372952592659877
0.33358908729533193,0.3078169621284277
0.7402017698226915,0.7749139241024713
0.32186150225809085,0.3658380361453521
0.6346205695400712,0.5718366513890267
0.5278903652732363,0.5718366513890267
0.44451640069508747,0.4833164675957573
0.453527993241742,0.4963470282293042
0.6346205695400712,0.5718366513890267
0.5084824546608946,0.5613573480337095
0.8701697034964209,0.9384094338868634
0.5278903652732363,0.5718366513890267
1.6026737376551399,1.4719067091035636
1.4984675127225289,1.5196777580949965
0.9431907481408436,0.8527486392683595
0.5278903652732363,0.5718366513890267
0.616264173150825,0.6113822272960187
0.5278903652732363,0.5718366513890267
0.2342104555966968,0.26394740842899195
0.2942861097952647,0.26394740842899195
0.7508669727303876,0.826627931200938
0.7402017698226915,0.7749139241024713
0.7865331612469477,0.7747245123685579
0.37861688050163,0.3411935319837475
0.5736831490765041,0.6184888577016711
0.5398354035911547,0.5703332542832463
0.6346205695400712,0.5718366513890267
0.8912275096625818,0.8312322830263674
0.6346205695400712,0.5718366513890267
0.97015159246997,0.8311254744039346
0.16800593027692046,0.14572515424998309
0.8912275096625818,0.8312322830263674
0.4569209689229451,0.5268124268111253
0.37861688050163,0.3411935319837475
1.0220570754138336,1.0234928255064266
0.4215419142525761,0.3682392476432993
0.3451441557041689,0.3145586668473489
0.9431907481408436,0.8527486392683595
0.6988241256793378,0.6644555621793835
0.6794585727568828,0.6407817297709627
0.08886924124354888,0.10383508824664332
0.5587861597433255,0.5377700492969225
0.5951610830975604,0.5555471134729278
0.8017880164048655,0.8527486392683595
0.37861688050163,0.3411935319837475
0.9431907481408436,0.8527486392683595
0.8017880164048655,0.8527486392683595
0.6643397577260357,0.6817398196521591
0.9431907481408436,0.8527486392683595
1.0647458362029596,1.0572747188302614
0.559570428860334,0.5179901406384605
0.7074888149755606,0.7652820360346818
0.5136321263821298,0.5042782036094446
0.33069181746571424,0.37745539665950806
0.489832237876624,0.5260815457738556
0.25571781022814194,0.2980312120262292
0.5912154219868435,0.5260815457738556
1.093268024370925,1.119746660036119
0.40303970187583743,0.4422035263569089
0.6069644650674532,0.6669236651672302
1.0103016441379684,0.9419679884599272
1.4222266348185608,1.316482252122562
0.6101829752556746,0.5900961882697126
0.11201213928248081,0.0977029809666031
0.57728531229831,0.5234246458146574
0.2759859486314193,0.31207951283826957
0.34364985896265293,0.31207951283826957
1.2350411203784222,1.316482252122562
1.1037355703374356,1.17254967249582
0.30503452727412705,0.27423487534401036
0.8264335110623223,0.9450794547012067
0.7583760800367794,0.7273518354611268
0.2759859486314193,0.31207951283826957
2.03282723835535,1.8110853911776796
0.34364985896265293,0.31207951283826957
0.2759859486314193,0.31207951283826957
0.353619444199269,0.3827778149661593
0.9265712638680775,0.9913029488408749
1.094453293522251,1.1455919676818833
0.516814194235812,0.5421476803251767
0.5848685675337861,0.6296076976165977
0.4009618098951674,0.43587040693804596
0.11027515071702178,0.11757598552588008
0.7051921562506352,0.7843819996254371
0.31497801442705914,0.3430133764533748
0.5689196519337949,0.6095446707565438
0.8169748045458086,0.8251703535042391
0.14195015970172495,0.11757598552588008
0.4088204738784495,0.3780141283195144
0.4075511101826925,0.3827778149661593
0.4385933601749028,0.4842219690826376
0.6993979079946626,0.7364366468107301
0.3636650470268447,0.37776089278968233
0.6689776701983047,0.5998902078334452
0.7331810917246542,0.7895071358444768
0.9072951523105683,0.8368209086532543
0.353619444199269,0.3827778149661593
0.39197894111081,0.42629421255582467
0.5837687807077908,0.5498267176646139
0.698339444885234,0.7016062449071847
0.4271685670078945,0.4085880103124287
0.7260204337601842,0.7628880452890217
2.0261277718786537,1.8578447763711492
0.2606744804648099,0.23081794160660324
1.0031041628578825,1.0193607684773087
0.5556741472541996,0.5093630965696451
1.1782884812292427,1.1871197420276205
0.14135292337767844,0.1609582191310021
0.7225250256921154,0.733851485527165
0.20592794010020413,0.184984577401394
0.4587761406336148,0.5093630965696451
0.28346726434393726,0.24757636999415583
0.5714453538240044,0.5940160454234875
0.449351181726204,0.403994323835517
0.6241107656984111,0.6235692842768156
0.9169306626438084,0.8428331573964609
0.3975573519103474,0.3665337805380176
0.5954540546460204,0.5598606921776895
0.4836864826479443,0.47667538890335465
0.344612975528554,0.3665337805380176
0.4545209858678476,0.48850777299870435
0.5124636977393949,0.5417270390311932
0.25631925950150386,0.27384513655688586
0.9138386411137566,0.8716584663874041
0.9839813714062156,1.0203447881966095
0.18622695618600302,0.16748855846703614
0.38096572163764447,0.3361296245094255
0.9420994743397088,1.0171867424683112
0.935730813706938,1.0172096299686502
0.31580150972605936,0.3060550711743787
1.438252062790984,1.3934397966849144
0.5859356498172201,0.6360458047721016
1.3341602155436427,1.3989691680771945
0.9726963792985166,0.9061736354835132
0.5747521740227027,0.5796552518006363
0.8282309151666912,0.9061736354835132
0.6069644650674532,0.6669236651672302
0.5578834010860696,0.5245653825309018
1.2591778477589222,1.1992181176920387
0.8130648082596951,0.7429484214769047
0.5693123117367128,0.5189515845820855
0.7007006012540756,0.6457088905029502
0.7583435142064194,0.7470097324002077
1.1295835294472345,1.0924007931774036
0.6130072887560886,0.6676441102388802
1.2514807116396067,1.1638590602611691
0.5859356498172201,0.6360458047721016
1.1396596195964461,1.05119623110428
0.344612975528554,0.3665337805380176
0.6516822809083399,0.6850059168305893
0.45756355567429374,0.41513810395455575
0.7748225095025056,0.6850059168305893
0.8217329871103694,0.7555026929581317
1.6147844700979486,1.6554202331566064
0.35460036436020065,0.32639006821157546
0.9305445343979394,0.8947685752775376
0.8217329871103694,0.7555026929581317
0.7129039969283719,0.7631839984410882
0.200549855238227,0.20870912407296952
0.7749486607958741,0.8242567067362412
0.5045220102282862,0.4984921521695079
0.6870208799133591,0.7392195955447297
0.5843362484025576,0.5842397059356583
0.4656142793336725,0.45993784422717426
0.25419204349282304,0.24943057488235737
0.013322403650774538,0.01239258287622771
0.8482391807121633,0.8531991479827608
0.452177482542174,0.4076861466639333
0.3689614479751366,0.4076861466639333
0.053426473966210156,0.04451662775190634
1.0161000103267204,0.9669626966871637
0.4768782985213712,0.5189515845820855
1.0803035452548593,1.1412056318772252
0.476650101719366,0.5237375876963806
0.5124702193310126,0.47335227618559733
0.5638874095743563,0.6049136642788515
1.2611793662475874,1.3381358142202178
0.8323947403941805,0.8804968956750598
0.262465245438121,0.24091127391742448
0.5709407174696876,0.5354203753455005
0.5337185222191437,0.5568304291364987
0.6322794795941228,0.6675783719248778
0.9949187255134845,1.044914356440663
0.7790752053092967,0.7961308035832696
1.390205139975357,1.3232812145170685
0.3253059057143671,0.30321768266078536
0.6088132620802084,0.6196183857624119
0.613436295787602,0.6618091893328246
0.8936543657116074,0.9072160158422141
0.613436295787602,0.6618091893328246
0.5271379889617119,0.5181708860771729
0.6786185114377213,0.7254991016664507
0.828561412570513,0.8473729372089451
0.37379810383112133,0.4055041154104705
0.8233604351373136,0.8817078243961762
0.29464190312507216,0.3320722084132479
0.8691839425671597,0.8143690094855808
0.5003571895950675,0.5434286251528069
0.32849753635975293,0.3639301280102298
0.3249933486537625,0.33848619492082427
0.7868453250778109,0.7475820814890705
0.5337185222191437,0.5568304291364987
0.8144148304750606,0.7624133148396
1.03928648259265,1.1093485618769556
1.6502237309752268,1.5318520153922504
0.7564376023172221,0.6928921065199253
1.4436035466905972,1.5318520153922504
0.393110394047651,0.38425751797121843
0.6455808377446556,0.6069224543389061
1.0317276751856175,1.0752145919865235
0.7544559522189941,0.6934023196793316
0.7564376023172221,0.6928921065199253
1.0758575655406661,0.9809193136439907
0.6353810262179198,0.6928921065199253
0.20792854091783908,0.1860778032140735
0.1621403167499862,0.1860778032140735
0.1621403167499862,0.1860778032140735
0.20792854091783908,0.1860778032140735
0.7613807245068956,0.8190012644499857
0.8667912578134008,0.7972117551519781
0.39429338413410525,0.35827092880350747
0.7054592353743269,0.7509080805633171
0.17056903969491824,0.18890692814451637
1.1663524744878364,1.0988460809954732
0.6929345196993687,0.742234448780586
0.6429110988206173,0.698248980681768
0.4772114265344642,0.5310173445774268
0.2817699979647052,0.25959433200473336
0.6603184274455567,0.697861192231394
0.6094003917812096,0.6884552865722815
0.6603184274455567,0.697861192231394
0.0612458543153766,0.07029824839791789
0.784553870618932,0.697861192231394
0.3600194091448729,0.39527113514263373
0.16456595253735604,0.17955345491225463
0.4935857559017492,0.45375149161103695
0.21086515708419912,0.17955345491225463
0.3218508539888583,0.2859742139065366
0.5378345695512354,0.5191663977502989
0.4437218517841703,0.4141183893276275
0.3371093694322918,0.2979502708656492
0.46401353741172874,0.4984798372284911
0.5421752291415883,0.48273270561463555
1.251171910187518,1.356107618864992
0.4935857559017492,0.45375149161103695
1.020371794603589,0.9599677023692578
0.6336251180273198,0.6934023196793316
2.144493373251428,2.0435574145479594
0.4047767860654168,0.45375149161103695
1.0999903557479784,1.0085172557092013
0.7049777099759301,0.7789957036688959
0.6353810262179198,0.6928921065199253
0.5691042627729813,0.6140894834524903
0.5734186702210237,0.5374498870271309
1.0889202604161925,1.102595411233901
0.5763895809673273,0.609384120460952
0.6523704811675242,0.609384120460952
0.29507209416041724,0.33852963605850905
1.1801774812946324,1.1199462541081062
0.23632309393252343,0.21522045440104903
0.6552070308260175,0.6928347259186846
1.0995143228189945,1.0333099431383184
0.4868653921927706,0.5185665714318961
0.5764511136667703,0.6012490092123393
0.412163379455448,0.4363947176853912
0.9961041970572675,1.0504216406283244
0.6566096647607698,0.7173818188921124
1.0404794426305692,0.9744665583722684
1.015859463334941,0.9708498430617761
0.4241080161492734,0.4037223912405402
0.74044359166375,0.7604400644872709
0.36549959241605773,0.32088919852505565
0.7862026788516125,0.7171414671392664
0.2989923380061538,0.32088919852505565
0.9145720648813476,0.9809140645334481
0.6388663484807647,0.6787007247968124
0.529909751800626,0.5888628867296772
0.5760683824617244,0.6027791226020615
0.0903608193897769,0.10359303532147751
0.8257738530286479,0.7925003071876396
0.9613691671875979,0.9093733484978164
0.18575121778382217,0.2137653741507369
0.7332584280038648,0.7865004095128416
0.8471596381987275,0.8991653162483125
0.31031162485224806,0.33765784859128484
0.6407295018669852,0.5851852728225244
0.9031805265190919,0.8296082052857686
0.3831216937468648,0.426707601222471
0.23641534961572563,0.2137653741507369
0.5523202230126915,0.6077695264769921
1.1448549860873165,1.0574349131456382
0.2750522692639626,0.26912140082013347
0.4322497778147123,0.47108168068127865
0.410271406067859,0.45827907027107895
0.410271406067859,0.45827907027107895
1.318956984978511,1.256198218226586
0.7390166311746647,0.781657692124626
0.6172903182545747,0.559998244458855
0.509934800000159,0.46864776365141764
0.17827660980427068,0.2050166600349432
0.3466759726255614,0.3436403522357927
0.410271406067859,0.45827907027107895
0.6993819207739358,0.6717363678097588
1.3131229563805102,1.2594291515612885
0.2900255805265647,0.3211341774288143
0.2900255805265647,0.3211341774288143
0.2731794409605697,0.26407627648641496
0.2656426176113791,0.23524851319167925
0.3517041846974473,0.3867909549352325
0.39745531647593024,0.46021069033517925
0.28088136631052973,0.27158928816784755
0.9662359830534213,0.9973669951508884
0.45585774465452933,0.501143278665782
0.47886292008310244,0.46021069033517925
1.1074224171707523,1.21240721101792
0.08831184214701232,0.0836383017709999
0.5214923705661125,0.5005546990353081
0.5382033648213241,0.5376546747713289
0.9682729491150373,1.0207671809603307
2.1309851590652413,2.0718282455059436
0.5523282892104893,0.501143278665782
0.45490847315559824,0.48645050538898993
0.6259454120784972,0.6038664857808862
0.8515258342356841,0.9244069810977043
0.5403029314788013,0.5825539349606799
0.5564564973410562,0.5054511578495836
0.7576272752456794,0.776422403000235
0.175765144136455,0.19515052588469872
0.4373062078234534,0.4735493425321974
1.8873049874892267,1.9944520729662762
0.4568357202198922,0.5005546990353081
0.07538415857056677,0.0859195091031385
0.13747679119957093,0.14628459889119783
1.0898774918616476,1.1134858729093706
1.0855074071191406,0.9907170891581087
0.44110153189817825,0.47670310784146197
0.1602964747611523,0.17852816000157923
0.6140785907938687,0.6503306820361179
1.091871079110551,1.0244436564931685
0.16426103239427461,0.14628459889119783
0.15257413280261042,0.1662420938056253
0.15257413280261042,0.1662420938056253
0.9928573803632154,0.9356807209625575
0.2682469392174309,0.2879385645396194
0.3818027633068556,0.4208111362052301
0.9801361514740081,1.0735665387836222
0.4619896321057218,0.4981796812219334
0.6128485312670605,0.5746888200471743
0.7705327749501456,0.7141836911545658
0.6128485312670605,0.5746888200471743
0.4955774370228884,0.5368628581249357
0.8592751127862207,0.9172308253636664
1.3269932377401898,1.3795633054567613
0.18427058535317936,0.19266404322501182
0.061804304334889835,0.07143066460964118
0.30825720049147726,0.28993586370945257
0.7924485900872664,0.7129930428566841
0.4117141678175417,0.38133165413827236
0.9367828846335411,0.9334539763123859
0.33413459207868057,0.38133165413827236
0.21314873068221576,0.1891960796722342
0.9299869076507411,0.8421224521160573
0.33413459207868057,0.38133165413827236
1.559292876863006,1.4666427189949425
0.793688152962497,0.7424216255037166
0.5465378549655312,0.5270503800498926
0.5909780193719528,0.5256611683203108
0.7101070413662525,0.7600249223810661
1.7878619342086544,1.6871309341363274
1.0862301152730307,1.148700041847417
0.26414645415093285,0.26959572383675584
0.7289041655712203,0.7721030410889054
1.6781556522056427,1.5694948106364566
0.4117141678175417,0.38133165413827236
0.5511046608903851,0.5628793873424389
0.13865379823393434,0.12083495498397752
0.5062246345348546,0.46012475643789885
0.13870684362356733,0.16136082675258148
0.8424246451882607,0.7591527085037852
0.3815146718817441,0.41700086938225245
0.42140935770890137,0.46012475643789885
0.23762508471766122,0.25684659851523634
0.711781489193534,0.7591527085037852
0.10557787674452618,0.12083495498397752
0.7376853123840426,0.7358672386863236
0.8424246451882607,0.7591527085037852
0.6748537667293041,0.6312299257790787
0.1656638683729466,0.15882149750494862
0.34771821715328066,0.38143303868792855
0.4275208809589545,0.38143303868792855
0.2523200631581412,0.22105483607425278
0.2546138469198701,0.25763092745118715
0.22732857330208206,0.201581093279038
0.8424246451882607,0.7591527085037852
0.17820066489267963,0.201581093279038
0.470515029713689,0.4945596286872188
0.1427907516887252,0.15341387196379472
0.10557787674452618,0.12083495498397752
0.13865379823393434,0.12083495498397752
1.0480537761632474,1.129514750984075
0.11048765548551971,0.12089640578926322
0.1881387909198032,0.19718722364459176
0.7881563262561071,0.7582862384820456
0.9506464130371142,1.0205526107020662
0.3513455377678031,0.39036476339574633
0.4325313212774908,0.389837291019543
1.0480537761632474,1.129514750984075
0.2656426176113791,0.23524851319167925
0.5904746091839728,0.5901058312114889
0.43173640047560574,0.39036476339574633
0.7793776279836845,0.7379560114553138
0.05047329611092946,0.044364332735325904
0.82512231838207,0.8946698820062066
0.7781159850960357,0.8281924836727573
0.7248901468834938,0.7618704666916946
0.7248901468834938,0.7618704666916946
0.5170923209889853,0.5741882414682854
0.7248901468834938,0.7618704666916946
0.6546491328697759,0.704600006593197
0.77814764547208,0.8162149938649054
0.148116705697174,0.1391456757233494
0.4368727223508311,0.4332397781039257
0.410271406067859,0.45827907027107895
0.5961477493615631,0.5747390843639701
0.4453716612786797,0.39616830516153223
0.18730432400493105,0.17313412718506369
0.410271406067859,0.45827907027107895
0.707001671501692,0.7141496092524873
0.4672914519039069,0.4205556855674835
0.24044478329768526,0.2703581965633696
0.30168099128002557,0.2703581965633696
0.3144306863841254,0.2943099511986284
1.5430794543138688,1.440142931729725
0.148116705697174,0.1391456757233494
0.3620566203546885,0.3446109755893918
1.5430794543138688,1.440142931729725
0.14752967276609016,0.15492974732546058
0.5658388371950182,0.6405496184229975
0.5507184074945517,0.5747822447234137
0.7473806963763476,0.8124073394053354
0.2551238901760243,0.2943099511986284
0.27131131717993473,0.2447401287804759
0.449284431825764,0.4390530895610195
1.0215234547505323,0.9595559280064193
0.6657877964127509,0.6293919056333114
0.7953842715796133,0.7941547848143979
0.3063028274523408,0.2724191756809276
1.1247920635390756,1.1706961579496904
0.3144306863841254,0.2943099511986284
0.5613087734759951,0.610219989639079
0.33454977990207135,0.32411415844110636
0.3180195734930299,0.3600250464067103
0.3180195734930299,0.3600250464067103
0.7587792161450424,0.8205807963718306
0.3144306863841254,0.2943099511986284
0.6041044340772583,0.6506285763612255
0.6076865022333562,0.583870623155917
0.5354684101877585,0.583870623155917
0.7909004632574526,0.7375542066269241
0.1738523345420836,0.2055357349864815
1.1852175130459033,1.2134170711537866
0.5613087734759951,0.610219989639079
0.5978405708646655,0.6426749171561692
0.153706939275537,0.13840405286526697
1.1172265260196055,1.0351391015523448
0.9439234710585405,0.9914613710642609
0.8104651094508587,0.8778333823376493
0.9684168894443539,1.0351391015523448
1.8239734458764725,1.8851806453741078
0.8019480282949434,0.8727382125221561
0.22549541805428328,0.23511367803829625
0.5426703796255877,0.4905949288794571
0.7191526502853471,0.8091502551086572
0.22921684513195634,0.24038742737935076
0.5539111516944175,0.505873101213856
0.4931721352751067,0.5409514504808894
1.2246410724042078,1.2982847875380532
0.44456468587778536,0.40277242677081326
0.4532193613969457,0.39776072333881624
1.4108201250707049,1.2982847875380532
0.15450093151198635,0.14028618864946257
0.3815287812955913,0.4355391261482632
0.5950309606221696,0.5409514504808894
0.7731793203113148,0.7275858344282381
0.5830547184981113,0.54043084915375
0.9482079170792582,0.8740172501629869
0.48900208177351234,0.54043084915375
0.21488042405287747,0.19213096837885557
0.4163529938946268,0.3797082792218735
0.46445752318344447,0.420236295299853
1.032346934873534,1.0197562588442894
0.8168768118992099,0.8734640996543317
0.8478993974515384,0.823856662015073
0.33150563242390524,0.2968611797977078
0.7261619800207825,0.7033799684088126
0.44085047081388756,0.41479717927365434
2.0932859868423814,2.1638992351890587
0.30703851117810116,0.32709562861831204
0.7250687046219145,0.8016561116048124
0.5903829072925145,0.5960187810895456
0.36475150251908367,0.3317305759943823
0.6094104228937267,0.6615194784722617
0.5031590832473818,0.5117664957247041
0.32521767467807555,0.2931808802674804
0.7836756802504067,0.7227198455636558
0.7625227729455127,0.7058684556695887
0.6891432211603548,0.6644239967761637
1.0604521807125085,1.0719433010379447
0.7580102183783215,0.8030790266985897
0.6784710944127031,0.7031270725350525
2.2271276807155576,2.3043847008006977
0.9341248994972331,0.934174641576033
0.4902720763923568,0.47326108480911533
0.8592855326526917,0.8274272284500591
0.7953842715796133,0.7941547848143979
0.5196119529498315,0.5194340100872864
0.24488317262383447,0.2178990224325108
1.0541005295803523,1.1199014448995406
0.33170078898177485,0.3656988499423562
1.0801885599129968,1.0580790457132876
0.4640872053287615,0.4373565864760181
0.6753924921488212,0.6680070719544874
0.6479267435184335,0.5862087424777955
0.26857635142485925,0.25439092281925896
0.895335497823594,0.894099613099386
0.5291321164443549,0.5469427645584855
0.9684898611412194,0.9022822643221655
0.45452970467943854,0.49294776553795416
0.9432153642876604,0.9434658933233458
0.5680146631176702,0.6261204840165828
0.2834910659749224,0.3164682995504554
0.5770940954938601,0.5202748244494158
0.47165318286534924,0.4475636066868362
0.6189034635443802,0.5841180652816133
0.8165417244608186,0.8880006077807674
0.5770940954938601,0.5202748244494158
0.7480616811430408,0.8095669805410964
1.22571541676806,1.3045968211675028
1.3332354635177543,1.2819091308539208
0.6630429050364521,0.7231522493113896
0.641091948095199,0.5888785930814643
1.2184595940438352,1.1523726434524884
0.8831068648697306,0.8095669805410964
0.5442269660599104,0.5061924471300849
0.24804008575509748,0.28337330668623967
0.6142489706657703,0.664016251021294
0.5285115955829169,0.5418277527012846
0.4009999610034613,0.35666133979064607
0.25239425696498374,0.23905439860954525
0.8641207243087339,0.8262252453696313
0.8571922368744312,0.7798334173058186
0.4507815566414564,0.4272363072943663
0.7241859278443139,0.664016251021294
0.9544041729625814,0.9169320263442402
0.47217035904931,0.4352808757187561
0.509795895240325,0.4706433509751955
1.0549455230391305,1.0368638549540945
0.3992831609180127,0.38959264518416975
0.8740160336803695,0.8309686445741163
0.203899054400075,0.18567823747785928
0.7752519339724472,0.6931318918134264
0.602655444360659,0.6488835762812282
0.4245406612128164,0.4706433509751955
0.2830641651754236,0.3119913467222729
0.27822318615786623,0.29924042293852954
0.5793240434234264,0.6326694867536117
0.9385978351673894,0.8889071631706063
0.1615699180356254,0.18567823747785928
0.21094498989766958,0.2414529776664509
1.1344368114065693,1.0935672855222118
0.43759980052060105,0.4766659066411309
0.6409291711750336,0.615725997740209
0.28082612191697603,0.3025706770050813
0.20761062410582465,0.19160304345246726
0.8102232921420643,0.7551334149800584
0.3172041041143535,0.3467174914399198
1.9025147949311763,1.7751430235519885
1.2332139846592536,1.3429140879626384
0.8198620178024516,0.8551399663204723
0.5041007017988947,0.4699741378772419
0.7457755697630142,0.8078293340569267
0.9006663350845954,0.8422759594634036
0.7579056523117113,0.7089683200248439
0.21671932992569232,0.21816585982126
0.9550942851333699,0.9260082654458677
0.48576862911388846,0.5043993360486068
0.46631185363773514,0.42758045825072727
0.5504600391194381,0.5739033412310507
0.4939683522778844,0.5255708462031065
0.3227134362397473,0.3419375386027108
0.5037084719067496,0.5473232003080222
0.21588118653678862,0.2534245493669213
1.757787110833244,1.8561057355406017
0.20761062410582465,0.19160304345246726
0.4170849698028021,0.39381339717713726
0.5663670718323449,0.6210696493698481
1.9751682723905188,1.8561057355406017
0.6605445703539459,0.598220694550753
0.6251517024617429,0.5675078446490558
0.9048268655715528,0.9074935342323581
0.5297532749190355,0.5386176306168857
0.6856566741947195,0.6108620494118386
0.6605445703539459,0.598220694550753
0.6724374018356303,0.6952179531522408
0.36172463036843816,0.3288116581628412
0.6867864541241889,0.6245421229174646
0.5359474907509528,0.6203304980989143
0.5342328126584454,0.49965796456798867
0.5317271840739355,0.4927445465788304
0.4400903164958782,0.49965796456798867
0.741429946226987,0.6785647356576937
0.5359474907509528,0.6203304980989143
0.275786045431349,0.257105642725775
0.8516113141205361,0.9052205141891735
0.4661500589447923,0.4927445465788304
0.5350462655408763,0.5396313772605609
0.4946164973710128,0.4673325180838493
0.372202786030184,0.3962272321618221
0.647698197361816,0.6258657093133839
0.5168679494935252,0.5675461708357218
0.8788307680162303,0.8228086074871378
1.0547430946692768,1.1173480659582715
0.6220656787350807,0.5675461708357218
0.6937769243163142,0.7452503827324964
0.5537818488800662,0.5944506399613637
0.5197519538618564,0.5224079712484979
0.6937769243163142,0.7452503827324964
0.3752008570834386,0.34676744726730774
0.6319424950738387,0.642038124481837
0.20593857615704764,0.21144807796606596
0.5064601536354402,0.5503159017581047
0.046377020324529464,0.04235509805445852
0.2041775220097138,0.19683215391038367
0.8900090422319981,0.8416944400488457
0.5168679494935252,0.5675461708357218
1.4856599446146674,1.6576376087397953
0.5945478234122822,0.6109518423492468
0.776600848301804,0.7446529911650329
0.1586087784159376,0.17422318616417262
0.812141706234498,0.7471543443986672
0.5202447017861195,0.5341168536392823
0.8110991465351783,0.7552977680630228
0.055685905451316714,0.06467776681702432
0.35694433308046924,0.38707696664778407
0.4727643131557773,0.44210646385208374
0.4033333805616271,0.3656988499423562
0.7889071558919284,0.8528533883354585
0.4093483034311008,0.4437623523675382
0.745067689003558,0.7716854880181194
0.28924673608724516,0.3141977706337934
0.9189388638492015,0.8528533883354585
0.47091175213045694,0.42239793586427177
0.29042163719754127,0.271526152700656
0.23098890892275997,0.2247924876502467
0.44387962791492097,0.4038716811853288
0.2943643050925308,0.324118431792824
0.6914449425545959,0.7047181304056821
0.4946164973710128,0.4673325180838493
0.22013728683809985,0.22257188612653603
0.3304032336844586,0.32105934966973776
1.1796260146440347,1.1867526516027542
0.23091416936764164,0.25574317865541574
0.25419204349282304,0.24943057488235737
0.3000284259484064,0.27232415020528034
0.04531606012625118,0.040404933198878376
1.3782679418826136,1.4887294289909427
1.0582077929475648,0.9830137176130552
0.49083567423423624,0.49471750531277436
0.44252223425246967,0.42384416652204915
0.5727931115105364,0.6226946285321112
0.432881824920743,0.467210456884131
1.6101239740312776,1.5789536260918922
0.5387572115161544,0.4978495497399163
0.36231142193663235,0.39001968915295765
0.1821058870639815,0.16454908837178475
0.7120567249874729,0.7706038985594601
0.7696705440151378,0.8368209086532543
0.7711833279107541,0.8147101413932164
0.8121827045753505,0.742234448780586
0.4000800277438957,0.4357256104532607
0.9072951523105683,0.8368209086532543
0.6929345196993687,0.742234448780586
0.9686980173813988,0.8901665775229661
0.7321973278797093,0.7881248311159182
0.8338113116617013,0.8901665775229661
0.6293830617293653,0.6243314297476156
0.5351127003519811,0.49240578979564775
0.8653288559386617,0.7881248311159182
0.5501325612395654,0.6070210484681019
0.35356306180398495,0.3201707412740861
0.7696705440151378,0.8368209086532543
0.5501325612395654,0.6070210484681019
0.17737718308372194,0.17954209988767522
0.8653288559386617,0.7881248311159182
0.6939142901315951,0.7504294201653847
0.09871933733241714,0.0902140761993463
0.32098518000204296,0.2901171569952897
0.5633744613656809,0.6159696282713916
0.42343560358578697,0.35848936938085146
0.5915683359938728,0.5427431744366293
1.2699210053889163,1.307158318609859
0.8697243610100949,0.9187619309944897
0.6418533686270357,0.5992792474484154
0.5633744613656809,0.6159696282713916
0.8697243610100949,0.9187619309944897
0.0731184919870991,0.08080275458611967
0.7347180784457811,0.6825654786157906
0.19766918734599845,0.2316100175440317
0.6220656787350807,0.5675461708357218
0.7826188784062033,0.7704976129769434
0.5168679494935252,0.5675461708357218
0.7360071075371749,0.7038420535294848
0.4338626501331638,0.46768414670578107
0.47565397857678976,0.47626763734041183
0.24299083143925118,0.23844868049502435
0.44386473112079416,0.500212579606682
0.2346498636413623,0.25607968090105504
0.974104909168499,0.9050728171290466
0.6259064393032703,0.5761783438561505
0.5463027437371485,0.6064129957697996
0.7464125478298789,0.787017303921945
0.5463027437371485,0.6064129957697996
0.453870899612449,0.42100662287629803
0.655564809848632,0.6064129957697996
0.4118883635342733,0.4130917034108061
0.5463027437371485,0.6064129957697996
1.1610817467757708,1.0682356294087965
0.1046333390412004,0.12028405852569463
0.37302241387363483,0.42100662287629803
1.076522458398753,1.0244126409627448
0.22854221316020107,0.253992857572355
0.3450151521520748,0.3735527121237309
0.41669574480311816,0.4447371632416484
0.7696705440151378,0.8368209086532543
0.42277671780779785,0.4067502046439461
0.5168679494935252,0.5675461708357218
0.3304032336844586,0.32105934966973776
0.6159639772205281,0.5528060547433529
0.7089919765458259,0.7412181201738418
0.6989629423665736,0.742865265153204
0.5115151274010221,0.5528060547433529
0.8280285126542773,0.742865265153204
0.6158484912966825,0.6713583999733419
0.7343793744566395,0.6713583999733419
0.7539460327469502,0.7925842781651579
0.653547971116644,0.7154213068252675
0.687365046362776,0.6457843474329706
0.687365046362776,0.6457843474329706
0.329755878770152,0.3530818624188278
0.655564809848632,0.6064129957697996
1.0461233064202147,1.1289930072769565
0.6062598155829759,0.6464930778244052
0.27400894168497736,0.3076885737046539
0.45665009510112575,0.4263349251663987
0.37111512062684343,0.3499306864651215
1.0199453426257319,0.9685107224141685
0.5209049372033326,0.563965627830732
0.6220656787350807,0.5675461708357218
0.8407514177681067,0.7866510820609395
0.7696705440151378,0.8368209086532543
0.6341041224649298,0.6004260094814348
1.1375381653811996,1.0703686190614992
0.47254398918863694,0.41989182643249984
0.40290324152735324,0.40713052854386317
0.7033190341225601,0.6699826126408703
0.6220656787350807,0.5675461708357218
0.4189808582960982,0.43236606516338993
1.3363968016215684,1.4166719417520803
0.9382265885217687,0.8620920363098564
0.5825754043866291,0.6057324141386519
0.9830847537582832,0.9495498455156614
0.39255003877162786,0.4236740010520785
1.0353367324277156,0.9700541092615608
0.25071717104733604,0.2316100175440317
0.7851969971129801,0.7544575075056499
0.19766918734599845,0.2316100175440317
0.6776055699566939,0.6110166860172078
0.17681372642791693,0.16449766310950859
0.4501751614090808,0.4990602105605495
0.4629005848539439,0.41909827305614883
0.23275193973693742,0.2533225176375343
0.221633218137609,0.23203980282798845
0.3350659741564314,0.30257308640449543
0.10947390621246021,0.113479055140268
0.3350659741564314,0.30257308640449543
0.5623678555392854,0.6010962406317008
0.6658983378420721,0.6010962406317008
0.268695711863554,0.30257308640449543
0.6537575947317092,0.6054939560773371
0.268695711863554,0.30257308640449543
0.3350659741564314,0.30257308640449543
0.3566222661325165,0.3346043898882427
1.2328631912914112,1.3449077435976102
0.5447128038508479,0.6054939560773371
0.5447128038508479,0.6054939560773371
0.5447128038508479,0.6054939560773371
0.7341521526655543,0.7892281215497622
0.6537575947317092,0.6054939560773371
1.120390680850582,1.1407623578936148
0.5447128038508479,0.6054939560773371
0.8828809900170645,0.9601483247683608
0.1801007069848684,0.20105943820307817
0.29255456070075414,0.2533225176375343
0.4945888433462435,0.5186521888208182
0.8828809900170645,0.9601483247683608
0.4894146125904208,0.45697019398442196
0.30822842131185474,0.2649658566065617
0.18575121778382217,0.2137653741507369
0.757555282221517,0.7025510881988837
0.3153101464567365,0.30955687235686674
0.2596579473127467,0.23881719901491666
0.3888100979123164,0.42896250175028733
1.354245957787052,1.421414946671117
1.3636451600236228,1.2700297345477725
0.6073861022688998,0.6483694328819966
0.5660086451735699,0.5547678703796144
0.9464120453755134,1.017203857586248
0.17961928869280028,0.20032773598365752
1.1163596308114554,1.0562702759503613
0.19884348730267423,0.19239411259233777
0.8307663540949264,0.7608536697816024
4.788273438805499,4.734800803613269
0.12001881606173738,0.13819620391151072
0.8302401784146328,0.761772485979584
0.241833069356249,0.26861180743076857
0.742832803615085,0.6741573645748891
0.7750423610672486,0.7700397244710302
1.0640732218981939,0.969895255352953
0.9201537852342795,0.969895255352953
0.4568357202198922,0.5005546990353081
1.3514811483557918,1.4553906719992318
0.27632726893170945,0.29213097974424584
0.6618670871320882,0.6156812466354411
0.5587873179327976,0.6156812466354411
0.5510603169373925,0.5794665728242634
0.6181097185426243,0.6161740528995969
0.28475394570481943,0.3020719478604452
0.7711320517430393,0.7675283735463314
0.30113070861413566,0.27454855077725693
1.737071172561948,1.8964291375881592
0.3442229930434074,0.3218720262428807
0.6952967345078332,0.6574531481390499
0.2966960645613655,0.3218720262428807
0.385008398859993,0.3423022215595553
0.4272065557030278,0.39479557500673246
1.0716046374408184,1.09469974199421
1.213967241400151,1.1202990671758852
0.7856533309970873,0.8437749467633675
0.45247050745951517,0.4039373906423264
0.7268733848009297,0.6528743047845085
0.17236817541764704,0.15301208867636895
0.6018451747388475,0.5783634277015298
0.9908207924520198,1.001804160074253
0.24888679780634607,0.22880195606682624
0.9908207924520198,1.001804160074253
0.07264959087709878,0.08394313076487543
1.1999645584199015,1.160707874053904
0.37634884365980825,0.41932923318461424
0.6819325528640131,0.6069331657665105
1.453490989109964,1.534387229207746
0.807154841806085,0.8070508331537211
0.5766193776819994,0.6069331657665105
0.2106580600241889,0.24282057614215874
1.453490989109964,1.534387229207746
0.4260482674834878,0.4496367505628559
0.2106580600241889,0.24282057614215874
0.2662504895725984,0.24282057614215874
0.29135632122400057,0.3284828828443967
1.0182823626121285,0.9891550969467161
0.3015842872554704,0.3253515501366244
1.0444478185948345,1.1177270392279768
0.644511140533443,0.6502827357880857
0.7355461044299633,0.6835785789008398
0.5408101236846221,0.4924764587403651
0.6026532261152643,0.5535555842107158
0.5772240235101754,0.5644978910040297
0.49984751986524717,0.5535555842107158
0.6051463707659398,0.5527371325580674
0.5521123680053189,0.6063519121184502
0.49984751986524717,0.5535555842107158
0.7465304225871612,0.6887225457002378
0.3731244148892211,0.40124942077796777
0.4646336257120647,0.4270448397150691
0.19521452625581953,0.20716035017510706
0.15688097761944023,0.17596642251175318
0.4464360405816138,0.3942151184278077
0.3800164711689388,0.39602161055472956
0.49468708865365535,0.4671048934772301
0.7350553160371024,0.6855871415026834
1.4554862022511497,1.5624322288080856
0.4727446468228534,0.4982344172430828
0.7762231047183799,0.7007648094656382
0.5389692307030518,0.4982344172430828
0.6164466112940512,0.6855871415026834
0.5493160022342727,0.5000862967537668
0.7521638041570295,0.7403453181968723
0.9521845180365537,1.044945908143773
0.37946803759727527,0.33916147818681397
0.3065136074078256,0.33916147818681397
0.4727446468228534,0.4982344172430828
0.5389692307030518,0.4982344172430828
0.3377422351601894,0.32202091125461163
0.23000142750601607,0.2044166536567746
1.801322652905193,1.6880627905158208
0.23000142750601607,0.2044166536567746
0.8165191756356214,0.7553644574956283
0.34078620264894854,0.3124217459486593
0.23000142750601607,0.2044166536567746
0.3249812630605562,0.29969513042892126
0.3733217156320967,0.4112869365286856
0.9389977022749708,0.8812873755860425
0.42944169092108336,0.38484241565543786
0.37307114858154256,0.353029916194372
0.29228403829994865,0.31473207328464253
0.6502022764619272,0.6799517335656052
0.4542159253271264,0.4112869365286856
0.2768413370649742,0.3126658971487238
0.22623904941027506,0.20260357228848103
0.8092711412325687,0.8048520608679588
0.933293399847813,0.984148712554528
0.37634884365980825,0.41932923318461424
0.40682480296503115,0.4470294399913295
0.6643280867120578,0.715471388611982
0.7071910952817412,0.7550721867513029
0.5600791639104226,0.499351139656949
0.3365825371483117,0.30647186647560387
0.6527010156322268,0.7102529993806248
0.05434751859808849,0.04899677507021175
0.3850403049134622,0.43207261299668803
0.37634884365980825,0.41932923318461424
0.7218044024614387,0.6717399986517691
0.6721501282558383,0.7274625582508495
0.7978765141008531,0.7274625582508495
1.110435554988893,1.1473725240139876
0.5829639425857509,0.5170954545563938
0.9212662659622172,0.8570129403270661
0.32463177412110583,0.3565433499018426
0.3601728931579652,0.3802329172154426
0.3464580948659117,0.3819485313862236
0.9964711053686854,1.0714476886784876
0.7100926651807756,0.7618920735587528
0.9250296084855163,0.8879305747178509
0.37634884365980825,0.41932923318461424
0.4624443052556178,0.5068333080362231
0.19727775222229457,0.18446364708090043
1.1595185598396183,1.0714476886784876
0.8818532049296106,0.9411650320777545
0.4336376911421287,0.40246844998316034
0.37634884365980825,0.41932923318461424
0.44619630272173194,0.49457997908510126
0.5539426213714544,0.6103282440726534
1.0445419246499594,1.1046326800975759
0.2572923053360822,0.23137898807914928
0.37634884365980825,0.41932923318461424
0.7213663299443216,0.6859737216688766
0.5646719311694096,0.5113295244317447
0.6645191115122185,0.7666044726409919
0.49502050923619656,0.45085311233058356
0.1932957331664481,0.21124799056105523
0.871582514123247,0.8374847400931658
0.6254455361457031,0.6224838648118715
0.45480725866794913,0.41599901133831574
0.7006882844061464,0.6829424549652181
0.4467066046077607,0.44991782280348874
1.3289933195297232,1.4244391533082157
0.4311756367668604,0.4421080576991074
0.24538714166468886,0.27528376926292686
0.9769893981576664,0.8958796663758457
0.8904028178872724,0.8261451738101674
0.6326629657931004,0.7100369826445853
0.28621366475283017,0.25834987225683315
0.32877806036798723,0.29549791462022634
0.8709941860849566,0.8066253062181538
1.1829537406829516,1.2819980151017596
0.7527681582608718,0.7110357154092405
0.4311756367668604,0.4421080576991074
0.28621366475283017,0.25834987225683315
0.7457406699721244,0.8066253062181538
1.1118650476002745,1.1440546221828785
0.3087500584365884,0.282210490565496
0.43913666783516336,0.48975713263341686
0.5960981120512344,0.6484643620933936
0.3102182764376178,0.291045959006655
0.42820303588979397,0.4061272737881139
0.5666509437078223,0.5835099776999808
0.2702572838395957,0.2836466008917369
0.24538714166468886,0.27528376926292686
0.7188941222534708,0.7225300262008445
1.0546310606973093,1.0972892712484728
1.3289933195297232,1.4244391533082157
1.3099504791420642,1.3113142118763745
0.45239778310653356,0.46293361660988785
0.8860680682627914,0.909784243661783
0.30454219102778535,0.3189560178586607
1.030115293808641,1.0184822588848579
0.5075761297289819,0.5484698269233588
0.3722568708311569,0.4061272737881139
0.7181818882396522,0.7833709269246033
0.7477351117250595,0.7117677836737804
0.2827749477454613,0.2729836382207973
2.0276014785397916,1.988053209006195
0.4026932588449661,0.46022970469191216
0.44273764336249055,0.4746110233163899
0.4778763611974316,0.45769911861881063
0.6368817412451431,0.6755730297558545
0.6030979657656037,0.6600968046881076
0.5621359927338927,0.5078264818101523
0.6953873272661047,0.759128725001037
0.4743721767422567,0.5108254229134814
0.789383615729716,0.8339111731004211
0.9678442193805554,1.0016793170321263
0.4165893653022328,0.38018127288059284
0.519385172703293,0.4807440131378621
0.7898895779535717,0.8999135719845158
0.6619149369692867,0.6770143785983971
1.2481556154578775,1.1511825714896904
0.3616691161311715,0.4141183893276275
0.4165893653022328,0.38018127288059284
0.9025707201145494,0.8680153984619833
0.42328783415850574,0.4012437487118488
0.5242862982920291,0.5818150646416265
0.9200287352168165,0.8999135719845158
0.3616691161311715,0.4141183893276275
0.4703863152663224,0.4725850515671279
0.8706725145812586,0.774688010784424
0.7440542623933272,0.7118013079606781
0.3710077687180147,0.39692213945578303
0.6394332870033834,0.7125622034578624
0.3616691161311715,0.4141183893276275
0.40659303701698163,0.3893029072113029
0.5968651389250844,0.6208444406221407
0.21298669143939689,0.2442674545317636
0.9564432329877955,0.901615648241621
1.0244488301584274,0.9605096474701008
0.508341361632036,0.5218946605885156
0.21298669143939689,0.2442674545317636
1.1285978899670763,1.0419486353011218
0.44670033114032687,0.43245287581071956
0.34995725076882844,0.3375451464222618
0.4295638748728151,0.4006081364255544
0.3958756733481762,0.3715589312543296
1.4756158613212629,1.479602681544432
0.8025925136749181,0.8350520265765112
0.712591749122091,0.7703922148366777
1.590410171249398,1.6584878064655975
0.4437218517841703,0.4141183893276275
0.7637843210869569,0.8042403196837008
0.45654004581274177,0.43001538476952755
0.569228663721777,0.6368034281515567
1.1159637367265012,1.0463751875770337
1.135553321672548,1.0673456646988058
0.14977353185879055,0.13652236424572156
0.45082664646103987,0.4401792824373377
0.8557802762477653,0.8042403196837008
0.42857408668539504,0.38496542586925797
0.6332869898951294,0.6828591265299642
1.080086646298523,1.0075221239454542
1.394354463612816,1.4632547790687749
0.643381771679687,0.7035421798574343
0.6271721384887737,0.5931709935180434
0.5160309567358461,0.47827961591245777
1.5824045550365795,1.4632547790687749
0.43876096531427894,0.4439825360996402
0.6662933174240274,0.7194589540274811
0.501349149488256,0.4360687330497563
0.9399533698394031,0.8739322435059294
0.14520558821533205,0.15662713992888583
1.2320476138425187,1.240583923533446
0.45824194959660086,0.4631939815879623
0.6271721384887737,0.5931709935180434
0.3687989262432588,0.38179029487705457
0.6073861022688998,0.6483694328819966
0.3247991250354715,0.35164500851438435
0.37785908478089436,0.34757306122423276
1.0545883703432668,1.0236472327806576
1.0872533679971648,1.033026050309938
0.40805661095211765,0.3857084362003751
0.3786334684511121,0.4276100323013332
0.6757696271142476,0.735077814531505
1.323120555995102,1.2255383499743813
0.457308875959952,0.4276100323013332
0.9128363755612389,0.8557417236219391
0.34060676926963124,0.2982518770990877
1.2425008119191667,1.355239182248346
0.33528374435101255,0.37538567667778455
0.5939230839964472,0.5459778876991538
0.377419541572505,0.4235653313564326
0.5939230839964472,0.5459778876991538
0.42562821952559077,0.4024095719986777
0.49220225115761657,0.5459778876991538
1.1562214871130196,1.2255383499743813
1.0971177096264013,1.011642319592361
0.36993137125027986,0.4024095719986777
0.8169163510302567,0.826324629517345
0.8669646618399626,0.8157167579026859
0.31742575871687106,0.3513103114388906
1.5673536678832694,1.4847831142338794
0.4487280618936046,0.44989148257939515
1.3327818695909672,1.4276024396865337
0.9379076081720213,0.9735805708392192
0.8310413446191474,0.7788048254339149
0.46806429943882905,0.5300483068185653
0.5663157878090666,0.5300483068185653
0.4440251380541655,0.44075449899007474
0.5342328126584454,0.49965796456798867
0.4400903164958782,0.49965796456798867
0.38181615332158,0.35600068315281597
1.3798801258707358,1.2889536998156466
0.32887106471894245,0.3601825170910978
0.6305283100011292,0.5746000072500042
0.10374519073563777,0.11933372472683128
0.10575042358494834,0.12372422151972377
0.9379076081720213,0.9735805708392192
0.5741943977939072,0.5092422632873514
0.2954439564489712,0.31622723159195404
0.27747756587793304,0.2603412068638578
0.5775941407803028,0.5471336317800295
0.3958756733481762,0.3715589312543296
0.06762406990068855,0.08050788304262739
0.6133067135009078,0.6246754596838391
0.2573257125783605,0.2892522226200451
0.4072634319406015,0.4465441961271338
1.1528662673340726,1.0913860129159518
0.8049182987873273,0.743770493736732
0.44336775925198596,0.4525104417589639
1.3081175266474123,1.4010938462794518
0.3340671797241868,0.29759714827823697
0.38570093056154897,0.4091146814119272
0.8481633825643963,0.9425880533003588
0.5545867574644039,0.5680296493767366
0.3096591293374224,0.34757306122423276
0.8540428195939637,0.8361883811777499
0.39734200476864057,0.38138759021964225
0.11202022895868463,0.12804078125894244
0.133104444943605,0.11378160284974936
0.8073882718260419,0.7330006881353296
0.02320835517129543,0.019690072631007614
2.0699309463254276,2.1187438444151065
0.742466128863611,0.6840173424910342
0.44431859671930213,0.39931222001558725
0.2598147258405263,0.26564448382819855
0.8532245584160467,0.8246627765363725
1.104895990168334,1.191541523514048
0.3436999766083935,0.3822598939552336
0.5144321622470795,0.4702114517952686
0.5353711215372046,0.5777646018126301
0.5558437376527455,0.5045225311656311
0.8982739995992277,0.9626082031270702
1.1819121225906168,1.3492530893343373
1.095856266542406,1.1865657499819855
0.5357234070567312,0.5662513703083327
0.12013726429302797,0.133470714497849
0.6068127795121319,0.6275536347714419
0.7544559522189941,0.6934023196793316
0.7234685151380769,0.6582914191571543
0.18829884240979655,0.16353076394904567
0.37427379275091227,0.335383912341899
0.2205204158046145,0.19686551412739808
1.304279628395655,1.1688939521538604
0.1725550066986081,0.19686551412739808
0.712108806012535,0.6569101874430624
1.2837218169133977,1.1450840698501665
0.16161631919890074,0.141785699677387
0.7553132651071337,0.8312322830263674
0.5278903652732363,0.5718366513890267
0.6346205695400712,0.5718366513890267
0.6225939278509792,0.6652462303499743
0.5961573497987057,0.6569101874430624
0.671011352288573,0.7238052857854838
0.6834419051855399,0.6233585295637797
1.4356237834483196,1.4438183275090093
0.8677716850293071,0.8235828278060299
0.6140220731421043,0.5997859420857548
0.388022902049327,0.40799718641557015
0.5445308949787814,0.577778590112758
0.2416241682276183,0.2662990670532577
0.8677716850293071,0.8235828278060299
0.09989527511878547,0.09167878992392303
0.12605840077344926,0.11219949544134397
0.8677716850293071,0.8235828278060299
0.24964237946521062,0.2740447991108119
0.8412129548705302,0.7752620499547369
1.238865371474969,1.1950731312087728
0.2641000147544853,0.26124709703482596
0.6833817994449901,0.660260351329028
0.13850465121973482,0.1533567062151955
0.4466694149186531,0.39231088979196055
1.8229710424709984,1.950687274727376
1.5180980996049807,1.4303263055957454
0.7161590626423713,0.6784180215267948
0.2952917308313473,0.33600815579655263
0.35127672328161746,0.3804879051682414
0.32042905243047737,0.295780333787885
0.8315654342168506,0.7920375391630414
0.4965800287760043,0.5408776266900616
0.35127672328161746,0.3804879051682414
0.4316564481195938,0.3804879051682414
0.5709867599981487,0.6139314956057046
0.9818364991515101,1.0283820657395701
0.628340676316316,0.6722922440488569
1.0522113925022822,1.130764768626585
0.42949874777251995,0.3897684061939077
1.2211088619244652,1.130764768626585
0.8108581138812226,0.7442018310438859
1.0522113925022822,1.130764768626585
0.2555593681696914,0.26793290461579317
1.0135041486785241,0.9302637903346018
0.12883221229093303,0.10946697975315613
0.8794613876924795,0.8302940759393963
1.3595448535678456,1.2651192317656246
0.5874659566927994,0.5569379205864556
0.43918590914861133,0.48063983927226256
0.18265757237258884,0.1609582191310021
0.5124942292230047,0.46785074148870726
0.20599025428356205,0.23081794160660324
0.5117289893943031,0.465867320196308
0.13850465121973482,0.1533567062151955
0.6269259559127489,0.5729930726174876
0.6336251180273198,0.6934023196793316
0.7564376023172221,0.6928921065199253
1.1516219283814022,1.0450941075657272
0.4893664559602781,0.4520229652267172
0.7564376023172221,0.6928921065199253
0.6735248312573965,0.7181482203349538
0.33328411140113484,0.3158882018648761
0.7069437928171189,0.7691519192097865
0.28690156355255786,0.3158882018648761
0.33486823270780636,0.3649272434732277
0.7564376023172221,0.6928921065199253
0.5305891306274322,0.4795739044760331
0.5305891306274322,0.4795739044760331
0.4551044255339389,0.4937993337323654
0.9871396613443941,0.9700031690547786
0.7646492217389058,0.8431730326614566
0.5305891306274322,0.4795739044760331
0.5919357881414927,0.5400888575921631
0.26529349285750214,0.2491932403599218
0.8999967827428278,0.8387467515437607
0.5218376471146935,0.566077450088214
0.4427935470787575,0.4795739044760331
0.5305891306274322,0.4795739044760331
0.47974964338899,0.43773315295362863
0.5751820879458892,0.5459927810269969
0.7299312646195979,0.6891950738993224
0.6365851153930989,0.5863736039925658
0.4769986330417218,0.43963731099435477
0.8478993974515384,0.823856662015073
0.0461206119620485,0.04307048145845447
1.0104671453045326,1.0723249933349783
0.8873340677392865,0.9713120234996886
0.17101726738299255,0.1921438317325426
0.49752584496417973,0.4629843005227414
0.4428089329400503,0.47575774990541203
1.1518498255616028,1.066776751181868
0.08854761042855769,0.08368140011656527
0.40125533906706784,0.43800566320280143
0.3629092098338303,0.3237398422288607
1.146698023929881,1.0689508324261687
0.17101726738299255,0.1921438317325426
0.4821553880860444,0.5352943323159131
0.45872963446403825,0.42177118697102733
0.3949476960654807,0.3482442799516992
0.4506742882364614,0.4935613672370013
1.0110828189955272,1.0010684325744053
0.4506742882364614,0.4935613672370013
0.8621402839015154,0.7805185030338162
0.38081797235844195,0.42179289694727956
0.23781906251272608,0.25542699625561166
0.6849648118149577,0.6211981976202252
0.22292091694435784,0.25410070016170455
0.3338373112179013,0.35058912843088846
0.5793162832961126,0.6211981976202252
0.5445308949787814,0.577778590112758
0.6534554989704523,0.6769946652268494
0.5445308949787814,0.577778590112758
0.5445308949787814,0.577778590112758
0.13902708399868488,0.15445193916521927
1.3017229556927241,1.372816911705951
0.34809218032813083,0.3223548865620781
0.9009563787260441,0.9923923917839875
0.24111301107698518,0.2524800038429365
0.4509321130340624,0.4921502563464057
0.5211807384582686,0.463129385522663
0.35762095503412084,0.3267839239010305
1.3857209661270344,1.277402535646404
0.9066672556643536,0.9786643014504077
0.5445308949787814,0.577778590112758
0.28787327720197414,0.3267839239010305
0.35762095503412084,0.3267839239010305
0.8677716850293071,0.8235828278060299
0.31742575871687106,0.3513103114388906
0.28787327720197414,0.3267839239010305
0.6879785038376806,0.6571928014644632
0.21582953145826642,0.1998441632282497
0.011320035080911568,0.013716946449931397
1.2051627985753706,1.3294089335014756
0.28118380911228175,0.3163271272080183
0.469890438914114,0.5012723236950472
0.3004372801033764,0.3254919516413314
0.4911947286975118,0.4475749614424006
0.9810179320403097,0.9307940156393644
0.7343762957709127,0.8235828278060299
0.9194415707150164,1.0143426951256245
0.9194415707150164,1.0143426951256245
0.9194415707150164,1.0143426951256245
1.0741642419766442,1.0143426951256245
0.5445308949787814,0.577778590112758
0.38916660789500146,0.3925607205637768
0.9194415707150164,1.0143426951256245
1.0741642419766442,1.0143426951256245
0.8677716850293071,0.8235828278060299
0.5445308949787814,0.577778590112758
0.9194415707150164,1.0143426951256245
0.9592012086980396,1.0365453049869848
0.4631646416560899,0.509673795966327
0.430431448821376,0.46573345334517946
0.5064029214173411,0.5495489262234212
0.10216126039468283,0.09099908952648449
0.37305451608219525,0.38994818280467836
0.3014522613146357,0.31353322365024855
0.4142600380687901,0.4501637971748778
1.1156393626766485,1.1444654515403665
0.5941581404068988,0.5823188159920517
0.7015757060442019,0.665206826139337
0.7992975180651269,0.8426732585765002
0.3310732937522999,0.3656728532853914
1.7183355190898544,1.79918803010269
1.233788145449923,1.1444654515403665
0.599391342175996,0.6537972392567176
1.4442721104319927,1.3822784088416535
1.1156393626766485,1.1444654515403665
1.2827656476727562,1.2408302749839268
1.0485529600074133,0.9559319707299565
0.5243226594014545,0.4852450769918223
0.12171348864990618,0.1417160009134238
0.4292054135576148,0.403694242912429
1.2481556154578775,1.1511825714896904
0.3491674710439612,0.403694242912429
0.23832736342862174,0.21356503365526092
0.22582027971756774,0.25613085054786655
0.08216775538711386,0.090795371015537
0.4326225074489205,0.3973610613421347
0.6086651923339427,0.6731494369087735
0.5317864004910813,0.563744061108323
1.6621345033649808,1.5682213542568995
0.5103957491934478,0.5275303712363648
1.3450078445112246,1.2932855719940866
0.98453790847197,0.9025129201865724
0.8315712943038547,0.8503385951576053
0.6164916692508648,0.5972112948512732
0.4677850200454654,0.5201174346741408
0.5735651002236897,0.6053669183432976
0.6738462681036094,0.6947886008132634
0.5459942964022612,0.5869544175495705
0.565995964538177,0.5201174346741408
0.6176675147291734,0.6105627156227195
1.015705285030417,1.0463776725117795
0.5265362471360365,0.51110740445732
0.18770859955114,0.16665496489084314
0.3790194001745228,0.4030454364207541
0.3241330754431243,0.351196333476274
0.12457432645934575,0.1387644516767589
0.48659676552130593,0.44979351473549534
1.167014312736429,1.056442242193446
0.5715751766964093,0.5573412892557801
0.4852558334422348,0.4622719754646651
0.22148498646695697,0.25057657725593147
0.7557141194937027,0.7077025239076911
0.4368727223508311,0.4332397781039257
0.3112318248981347,0.3556761158747055
0.9565775092565993,1.0085456330539746
0.4610189704191195,0.45814381894412226
1.298312213965408,1.2359607126073
1.019619357666463,0.9227083155221181
0.39960548619522157,0.3819485313862236
0.2952050332554295,0.2774438105295021
0.3692877524719929,0.3348304913248693
0.1567898618064483,0.18701107723496488
0.8263886583629084,0.8806155387992813
0.27280320234356625,0.24917018067764685
0.2258123973999366,0.23345711277788644
0.47886292008310244,0.46021069033517925
0.5651260476433521,0.5896381308687574
0.4084109211422817,0.46077738205601254
1.024680823154171,1.1177414581679521
0.07321480657804535,0.084342312616311
0.07321480657804535,0.084342312616311
0.130043475963735,0.14358997945249186
1.031950171334236,1.0739426878202565
1.0940634681170585,1.024894005604018
0.671246377810372,0.7208323423531557
0.8139006907737132,0.8016561116048124
0.49352289928580034,0.5353586219092773
1.070072231985974,1.1587558775932654
0.4221986812924586,0.393249479412541
0.4542934008463158,0.473073789362279
0.35525814670810235,0.3610754800156509
0.9108997515628127,0.8227853075811578
0.896398768357764,0.8977014054295134
0.44760987302986904,0.49455795234756506
0.5636612943257233,0.5569522999274623
0.5699504815703427,0.5550006614965819
0.37351731283937445,0.3846889209342169
0.08124502740516357,0.0940233059883831
0.3656964361800438,0.323479405505687
0.7816621869171996,0.8227853075811578
0.5144358245681205,0.578402754521723
0.36847506123637513,0.3767310807332447
0.9235816456639084,0.9240696890423111
0.38460962283455313,0.4239992086151216
0.2897401409214282,0.3134082581462389
0.3511545888536782,0.3376733343044408
0.3389554867766517,0.3008142223261866
0.2761476942029311,0.3008142223261866
0.8901169295319836,0.9697622404001747
0.7902698410942419,0.7504330776495626
0.12954220260462526,0.13314155313218054
0.4863463859309334,0.5198367509312448
0.5209564850621459,0.5312706124189001
0.8554903887538905,0.9144696793342563
0.6121006578033732,0.577603054901966
0.519733442694343,0.5738959481983316
0.5222133453612202,0.5556688251698209
0.2789050113987254,0.26310046315205754
0.5299344670922266,0.5058117421236715
1.1932355086669055,1.1242242662849642
0.5980349830416539,0.6285306147418241
0.9269645255239881,0.8678937151651929
0.6272468102183201,0.6220770779909086
0.3861520050582418,0.40728073076906657
0.8267503605184584,0.839723471994704
0.3580582232690485,0.3250794309238846
0.22658593407997135,0.2524113489696777
0.5315087188120828,0.4847560264057123
0.9269645255239881,0.8678937151651929
0.22521642808712203,0.244760512918689
0.7887566978307821,0.78722399212703
0.7023918828466338,0.6273953377535252
0.718984463103559,0.6371960132550203
0.5226431362425552,0.5657028910752523
0.6838204186692395,0.6814085475739969
0.34396945716996696,0.3799846774863127
1.0266799842426575,0.9811239444072726
0.6527108743782699,0.6836759246981675
0.25028222765192515,0.27396236812782204
0.8712387638283614,0.9410251439953451
0.47200940238890743,0.5059097167277185
0.22054380390553918,0.2597955120376609
0.7352877371757355,0.7027089995392448
0.34396945716996696,0.3799846774863127
1.6228984177901649,1.5227508102696714
0.4145879224465229,0.4103114125478491
0.8545620918647208,0.8121522616129515
0.06064838400971147,0.06878343552008068
0.5213180537721269,0.5730995407357689
0.32680869070588275,0.3628510973797417
0.604311536658253,0.6746059053883269
0.6657319175076563,0.7120387395496309
0.7319166161523296,0.6737330179076514
0.3982496899865287,0.4199613791479704
0.11399240766518218,0.10015996843240696
0.5038636939927712,0.5367896373361986
0.5998792450666428,0.5367896373361986
0.1883821423451301,0.1779727708188596
0.4142784734041619,0.4145352283513302
0.6443484213537395,0.6967385028747328
0.27502505683377076,0.29320986828935447
0.6989629423665736,0.742865265153204
0.8414998311468302,0.8198984337013636
0.764174576168503,0.7662076129031877
0.03449106542757166,0.029469096622308365
0.6468348359923686,0.6832704503082089
1.3679109225056396,1.3262683395517185
0.5743154504225829,0.6457843474329706
0.6434576718977709,0.6510539512816544
0.3834540899581474,0.35164794956834194
0.5325571996218165,0.4712123283228194
0.3099211244297462,0.35164794956834194
0.7108951588392224,0.65127395239544
0.3297249172994236,0.37215528567841866
0.5325571996218165,0.4712123283228194
0.5844083055302183,0.6305648445619728
0.15953633706580134,0.1751732685860979
0.7290533838893285,0.6832704503082089
0.5263045897517027,0.48689943290549115
0.7956627629648415,0.8551866322974558
0.358265886080056,0.3791610149891138
0.5831966696264381,0.5311991315711821
0.27758764792584784,0.23957795888086122
0.7497859033961215,0.8045526394750215
0.5368081684665696,0.5235960192800728
0.46330136449714454,0.4211363925911099
0.2201659262282075,0.23957795888086122
0.3874336346220424,0.4343804226869741
0.4460278468842448,0.4020481525756877
0.5041007017988947,0.4699741378772419
0.3636571188106191,0.4020481525756877
0.5529775910128875,0.5711797154474308
0.5389798607936487,0.5929181740318756
0.33352694593676646,0.34815793447012405
0.41389770603919734,0.4699741378772419
0.5706349081469071,0.6254596126431642
0.40353892010994064,0.41702021957371443
0.3520038688369753,0.3664636683136381
0.5164179907676824,0.5614752550047737
0.5054440826199111,0.5370715972517373
0.6969722141723789,0.6449021434823367
0.27931223395369337,0.2450748814864152
1.0365313587709273,0.994920132324401
1.55020847960181,1.4598758390967852
0.4641872169905536,0.48476865383116025
1.0321797452295058,1.1200716564089954
0.2736146419901302,0.2948284122768302
0.5524286883629385,0.6284314022403691
0.8996915468402494,0.8491417854466778
0.5717873805130175,0.5276613219898635
0.7628748169386933,0.8491417854466778
0.0742560072155727,0.06733577060129615
0.13591149245411654,0.14824453488685815
0.5351598365155034,0.5314777589179754
0.4790608115136801,0.5276613219898635
0.8484845052009111,0.9204478128495924
0.7013969839424242,0.766875316992941
0.8312961489125403,0.8915569935332073
0.629287120888174,0.6862971446044205
0.9471297699017336,0.8490704048373046
0.8053159641975383,0.8490704048373046
0.31001430836644894,0.34859469776997165
0.7110277144056809,0.7453079025775087
0.3835630624958926,0.34859469776997165
0.06415235499234233,0.06104650659601983
0.31001430836644894,0.34859469776997165
0.41397743018662986,0.3887807965822892
0.7118778188344873,0.7587285809201916
0.7431716472530379,0.7692376437544509
0.52519201968639,0.4720291898136777
0.0858299153474355,0.07451970922678851
0.6221746274426764,0.557918279998508
0.8334915399570497,0.7692376437544509
0.2507034676586812,0.23344621524503514
0.3151966449179274,0.31289575930325014
1.726705201148064,1.8274849297824847
0.7749486607958741,0.8242567067362412
0.8195493110534158,0.7429258281571034
0.6527142091357517,0.6901152301872601
0.6175341471551122,0.5772518823092062
0.7293879747576554,0.7915308198147711
0.8528012718381638,0.7915308198147711
0.36094543038099425,0.3315576398673704
0.654429597178637,0.7100269549971061
0.7551200524038585,0.8095283634490222
0.7302982382478974,0.6652223015091844
0.5271704354867476,0.5628589191372148
0.9764822054862362,0.9700966960598161
0.3132822175108624,0.33637775374567075
0.07559491861285203,0.08720465119644762
0.6444187025344963,0.5851981486565654
0.9170298777168324,0.8533027249502753
0.39735425085721343,0.35710921645870647
0.776925304565504,0.7154213068252675
0.3056308200793202,0.2968039454575185
0.34867681241695697,0.3402496695433734
0.5640109407558883,0.502788906882925
0.5582893979361487,0.5792576267600243
0.46812708893481497,0.4964704744396748
0.3441851646153796,0.3731501512292145
0.49192713165275403,0.4683222467092102
0.6573714185509301,0.6086554056148344
0.4886408586578201,0.4539099601684103
0.5728088657407133,0.6108620494118386
0.19763502704166688,0.1787440823110691
0.778733424744319,0.6862575853291139
1.04939784131409,0.9652328302328039
0.5171719494831042,0.479479593771698
0.34010193818369083,0.3729792179126891
0.2995137533808511,0.3325792831739877
0.6609404135978236,0.5986989973073783
0.4310114508536105,0.479479593771698
0.9178985163110565,0.822870763428529
0.8424406468359826,0.8877996569214858
0.4654086639806378,0.5302808743118318
1.04939784131409,0.9652328302328039
0.4654086639806378,0.5302808743118318
0.6819125890715225,0.627401639565826
0.5632742436323206,0.5302808743118318
0.5171719494831042,0.479479593771698
0.9885347615135109,0.8877996569214858
0.5765347618426977,0.5133005044173875
0.6310749482277356,0.5808559555553003
1.348021836223195,1.4448859091993353
0.476992115903757,0.5133005044173875
0.5913078720491763,0.5315577218630139
0.4908819827349571,0.447552687749072
0.476992115903757,0.5133005044173875
0.5765347618426977,0.5133005044173875
0.3979434777413655,0.4503266667437046
0.6965496582013024,0.7651267122457183
0.5764245196622528,0.6260026290757418
0.5764245196622528,0.6260026290757418
0.6965496582013024,0.7651267122457183
0.3012764633623443,0.3325344019881459
0.3012764633623443,0.3325344019881459
0.48340931712836976,0.45289406947651784
0.49901781547247126,0.5406477344656299
0.601706102629078,0.5406477344656299
0.1954665886609923,0.2072209786795667
0.8179146310772853,0.8585451004398699
0.49901781547247126,0.5406477344656299
0.07351618869769343,0.06279885854925715
0.053958322562516266,0.06279885854925715
0.14841754133608445,0.16449766310950859
0.20617104037265285,0.208707961729628
0.8803873948401982,0.7915904733563435
0.4093274649614471,0.3761185747781784
0.8723416611051105,0.8021523440776613
0.06843814190095199,0.05908042298863477
0.7458215282505914,0.6882670404212206
0.05002645145449698,0.05908042298863477
0.06843814190095199,0.05908042298863477
0.508831312029687,0.5466420164788488
0.06843814190095199,0.05908042298863477
0.5129470992556718,0.5654074679267855
0.4350751678763583,0.4246003506715467
0.7622075453867835,0.6932534928482413
0.48960202933469604,0.434534684188376
0.5491951029573815,0.5109025390791004
0.32961109621754986,0.3110501539293544
0.6350477578800091,0.584194662324221
0.7468027327549023,0.790432167667108
0.20017623387316047,0.22564684737911203
0.6902411170712015,0.6627901459149307
0.025148785588899707,0.02088966075149311
0.20748872244415018,0.24091127391742448
0.3912658379203884,0.40733557970302203
1.001564775405499,0.9365256140544065
0.4418683353729354,0.47884009471916433
0.7458193104951649,0.6892494968533518
0.4163212593736699,0.3768764042723037
0.576335820981079,0.6075446929386887
0.8478941900450558,0.9245599230102554
0.04698585662207839,0.04087445646426172
0.19730554561605787,0.21598342234895498
0.40125533906706784,0.43800566320280143
0.1700930524994405,0.1872177616036206
0.3000555853646782,0.27416620247674084
0.6454767365915818,0.6972491528659572
1.3500667504290362,1.4279738760710219
0.13421952229722875,0.15027892429681988
0.23907371374410086,0.27416620247674084
1.2243285009930378,1.2031303277082817
0.23907371374410086,0.27416620247674084
0.17820066489267963,0.201581093279038
1.0013999214431797,0.9208343459402987
0.11995314586417447,0.1217480498013495
0.269094847679033,0.306290943746145
0.3688862687716303,0.36822063315546216
0.6894447388275592,0.6287536813771433
0.39072487707905584,0.35185458033579675
0.5572205990364851,0.5999778141402036
0.4578542757377613,0.43532513540033807
0.5114595662487863,0.5575317042516041
0.49805831948026547,0.5295075493908931
1.8823145711503235,2.008064331466428
0.5453856662335634,0.498201082615182
0.16626820905059272,0.14720209051165098
0.2110552593464235,0.2126542864690252
0.49805831948026547,0.5295075493908931
0.3219997794580242,0.355183060473182
0.8665919355408479,0.935531504671617
0.3985735983687262,0.42701330985404334
0.7617171141480639,0.7839045886840305
0.41389770603919734,0.4699741378772419
0.49805831948026547,0.5295075493908931
0.33816528285212377,0.3797047591316207
0.593309834402099,0.5295075493908931
0.4718527128139417,0.42255533925620886
0.5832354698163803,0.587065176577205
0.25781006733994044,0.2483209390061271
0.4758858035268677,0.4527743737222713
0.8363792090680745,0.8121443375424676
0.560748383682444,0.5898013790566518
0.28674867645558066,0.31101307433251413
0.7185654747887319,0.7866510820609395
0.8888654413636629,0.9662731446332575
0.3945684668455246,0.42254172450313154
0.22582027971756774,0.25613085054786655
0.46238105796588014,0.48375519708526943
0.858706242456905,0.788657179698925
0.059047209512856434,0.0673231653878948
1.1105534814491709,1.018369920380348
0.5511441092220962,0.605969317953064
1.139571156049373,1.071605332938718
0.036515407903679,0.04214301927820852
0.7089268183428693,0.7373634462205275
0.1921280318380928,0.21563600018456866
0.6899316876220278,0.6710574275301735
0.7203240778790234,0.6612234943847569
0.31378031999907874,0.31756508780575166
0.1841858373453874,0.19373828881976762
0.5915480515208882,0.5956193635819408
0.37782385711587796,0.3484793303814419
1.1712887336724251,1.2372931504254598
0.807154841806085,0.8070508331537211
0.39441570541266757,0.436170950943736
0.4893096605092279,0.5304250983346169
0.5324607045962344,0.5610967400434621
0.5597948459438453,0.5272016224017703
0.662060800750263,0.7231038199863092
0.5707210073795228,0.6269393099401642
0.702090241048903,0.692248059379405
1.2414130396394318,1.2284885413989033
0.8277844378178867,0.8936656904367387
2.497306803944957,2.4045479550114597
1.03652465186481,1.0804691679176315
0.9661728962557944,0.9059908578516082
0.377787009806294,0.4210233971680061
0.26370136391043647,0.26953256750509114
0.7417931075050873,0.7862559801338314
0.5453856662335634,0.498201082615182
1.2788081314492388,1.3427008200099317
2.0726247957315773,2.0207446782546024
0.7465304225871612,0.6887225457002378
0.5857454630378652,0.540735317700012
0.01091762382031126,0.013214887253438565
1.6238442878411354,1.7397715494034374
0.7465304225871612,0.6887225457002378
0.5408101236846221,0.4924764587403651
0.1953035264610824,0.22206249903659522
1.2788081314492388,1.3427008200099317
0.49083567423423624,0.49471750531277436
0.4022678105764576,0.44601308011231355
1.4167891596813158,1.3155484572346403
0.8570978803199528,0.9309923286764379
0.3385178226942767,0.32641165194332117
0.45585774465452933,0.501143278665782
0.33205268226809936,0.3386721631028266
0.5791221859033011,0.6149180791829201
0.6484518477580442,0.7099079219848631
1.242058777701232,1.3155484572346403
0.7624928147361247,0.7099079219848631
0.3698712722227471,0.35645111801411256
0.12635459847716868,0.14474041392535647
0.766238774861682,0.8483736787663646
0.5300588784672813,0.5075518091730343
0.8218674657715204,0.7780194366298159
0.4352294465634164,0.484557517052123
0.8101215475343703,0.8097991318556086
0.27950189139495263,0.29707121524306124
0.08745736268795976,0.09526422485744443
1.0783021932904793,1.1524278071082368
0.5510997350092883,0.6011510306347965
0.8072678798281719,0.8105752939285008
0.4221651261700665,0.4413179281872762
0.2824985687758865,0.25130569126509844
1.9153274618272191,2.0383319798302413
0.599435525690298,0.6561330684990662
0.4750185581313805,0.5255963201209728
0.12232264962213159,0.1395446157296624
0.15933997791043175,0.1395446157296624
0.14787885301010362,0.16944795883364028
0.8218674657715204,0.7780194366298159
0.8583424773916567,0.9326300709172184
1.9319062304549526,2.0473833067191545
1.0377435714992458,1.0626271378427896
0.4134084282421723,0.37441181260919726
0.8676857560286992,0.9377828555184177
0.29492400570596533,0.2676498417318079
0.47866854117555224,0.4339267650632426
0.22892853833414276,0.2615204336569279
0.5472899962911527,0.566466608618959
0.7739484442234091,0.7804784916487738
0.4632074834668033,0.4652623359118276
1.3982859057793158,1.3637896631307074
1.1917863726622575,1.283373573462978
0.5300767618204002,0.549836147169632
0.5884340710183468,0.5886924544279234
1.8028378568209174,1.885176807060526
0.8280785839099204,0.8945358769965891
0.2267893371943882,0.25013894556848076
0.9725265243800175,0.8945358769965891
0.8863895911864232,0.9268189643980717
0.6055516655399037,0.6203029633825043
0.6968294735423008,0.6549293061979092
0.519796367972148,0.5475399484898983
0.6232113824809303,0.5971492606107238
1.0592940228472314,1.006208465891495
0.5035844322298224,0.5568362421899101
0.12001881606173738,0.13819620391151072
0.7739484442234091,0.7804784916487738
0.8702289581686674,0.9598274704525659
0.631340117249027,0.6609958484388244
0.4508038662912714,0.47200875856826285
0.40443641889145593,0.4228506197842331
0.9995894047207814,0.917117419346662
1.2992442249176992,1.2601362682078194
0.40275367041241406,0.3846695156064959
0.7964018024975072,0.8510159803889906
0.579336520230636,0.5292056694983976
0.8697629175542474,0.8880610094455811
0.6834109397133995,0.6606812768565207
0.6478618947326409,0.6132667705163554
0.41693865496136556,0.46235364415789193
0.5824749207782214,0.5866406811436805
0.2809014068880104,0.30246386036955797
0.1928027074122814,0.2178990224325108
0.3983494201707495,0.36623948741065776
0.5091396077016671,0.5713629679432625
0.47866085757843807,0.5054673548452373
0.9063330224672105,0.848606095735991
0.39084526275411613,0.40149781239806626
0.6228083030907317,0.5586357333593602
0.5325867395163911,0.4930733695843477
0.44029154902777556,0.4110769040989825
0.3262547096831973,0.30431730551337416
0.8890599490845483,0.8610932423017384
0.9824045774019178,0.8810500322159585
1.3169370031909897,1.292418029226889
0.6846734460307782,0.6674367266625715
0.5204054274033706,0.5727260661388495
0.32678642074824193,0.3476548638513181
0.6764840671159225,0.6288256910547173
0.7885470161842975,0.7676514568117216
0.27005436670314115,0.3026885241361705
0.36612241815445506,0.3980339730955826
0.9731824760693505,0.9029812603304607
0.6654133502737647,0.634779998881107
0.6041479766590593,0.5607971548940357
1.2643941920655077,1.3425806335902761
0.9568604523448473,0.9763396377306611
0.3123911523929768,0.3288116581628412
0.26004007859219924,0.2863555274800368
1.0390316793839127,1.1286256739681915
0.36172463036843816,0.3288116581628412
0.376913587758541,0.3875513159122631
0.813936568149888,0.8582721006818645
0.7384909557464518,0.7806145330172094
0.8779216094976803,0.8015433018727116
1.736750837839446,1.64785165565037
0.3123911523929768,0.3288116581628412
0.2421512039256994,0.21376633201740455
1.0867112713537124,1.1650526989080783
0.5738204212162201,0.5197980470491129
1.0199245090833502,0.9448586626548234
0.003939373853301647,0.005067012275622547
0.9936640967483336,0.9583220397393445
0.04369182495291723,0.04053475557042364
0.41699671726023385,0.39172099632230295
0.21750574615538443,0.19243796486305798
0.14116146809620875,0.14729632708722046
0.4015028023047454,0.37668994939986933
0.18337634215601537,0.1771437095146781
2.079755448835984,2.2069722856031615
0.5738204212162201,0.5197980470491129
0.4571887749752748,0.48119243158975633
1.1749677788613804,1.200171933402086
0.42637352362797415,0.4144350608396504
0.4746199208666272,0.5197980470491129
0.828666868903439,0.9029812603304607
1.488551033132143,1.432544897728281
0.47336400722046434,0.5214739202224777
0.9749174663651197,0.9162771776735219
0.05146697690455384,0.04672414663887362
1.3546698608851098,1.432544897728281
0.7253864121763514,0.7095445234384674
1.253876075477591,1.24483669542472
0.34470264430731073,0.3814718842179663
0.28723720119976837,0.2812883356072128
0.5660217428679797,0.5761583512687793
1.0576465444803107,1.141549815205317
1.0589819635688424,1.1286256739681915
0.15875332463840286,0.17159860274161703
0.9099337580337079,0.8582721006818645
0.3518904308332539,0.38466848282405613
0.7514248677253944,0.7044519414287828
0.8315163989615637,0.8598035009077772
0.2678031166180303,0.25539137305103343
0.15631431461215692,0.14266135280592657
1.235114697517412,1.2936604050035916
0.3109740512822449,0.3467061679709171
0.6866766205439829,0.7180754530280308
0.7688104911505238,0.848606095735991
0.9684898611412194,0.9022822643221655
0.1726517370417387,0.2009016337903534
0.18271067079775574,0.179021159192264
0.15039678334539539,0.16214680295855233
1.0406458451780263,1.0180865026961234
0.8244587394402852,0.9022822643221655
0.5350462655408763,0.5396313772605609
0.22063716643981504,0.2009016337903534
0.463163202116982,0.48796697592365723
0.28630265127713334,0.3149306043842139
0.9726121745292318,0.8997472206927842
0.6053967081517125,0.650398670531712
0.13578522039930213,0.1537570437128753
0.7686320198931674,0.8184452154828079
0.8244587394402852,0.9022822643221655
0.9084093183538189,0.9513362409243785
0.13578522039930213,0.1537570437128753
0.4315712647805729,0.4789240727081315
0.7763558273579815,0.7648522937977333
0.49197664708945066,0.49183424750089233
0.350992697811818,0.33135346089022744
0.6244911353722327,0.6595207662136502
0.7313427994531502,0.8113225206843343
0.43336221246293705,0.4709588203872451
0.15147575774482472,0.1470125363667908
0.6350380538338615,0.6167221416348672
0.12686694359410505,0.11152498105699017
0.5063936100666478,0.4670215282397271
0.7334891643526162,0.6999163312183596
0.8043760820868249,0.8622683859876136
0.21772269129084795,0.24584264238702738
0.491447677459843,0.5485331594726589
1.218836902201272,1.150980521197399
1.2561556820765725,1.3332552485278055
0.7226101001356877,0.7470780425193746
0.7006927189457193,0.716881350832849
0.7619940299014148,0.8610932423017384
0.5065034946530117,0.46091168639479096
1.039195371412673,1.1046326800975759
1.3077378882364439,1.4006828897357329
0.37073982847290843,0.3995107698198299
0.5503438178516978,0.537182975999229
0.4323029128197342,0.46348830881409986
0.11016874260822522,0.12190292884299019
0.6870772884714182,0.671680848579422
1.1748977647334147,1.260155544588317
0.16922274754324526,0.18323572205919145
0.3848215800482773,0.3596939428496326
1.2611232054981463,1.1969637173947405
0.35826681774207825,0.42799174451458694
0.2990807083202922,0.26721599744411484
0.5534317755960936,0.5956549909355905
0.9742613790315054,0.9177651505826401
0.7273642631807857,0.7073769062092565
1.3834574264053197,1.286982359877999
0.336456149058626,0.3668219118665133
0.42637352362797415,0.4144350608396504
0.4685847524613252,0.424161366082398
0.3331476143451203,0.3596939428496326
0.29909815989515476,0.26699229518971096
2.975556370903642,2.851507723878178
0.5163943676016696,0.5481551827939548
0.2563429903885912,0.23357234636811106
0.5581641597488927,0.5192061976490825
0.2622432688344382,0.2372518291563598
0.6452803240262415,0.7073769062092565
1.4228558595553358,1.4840682497246092
0.4936411980067913,0.43946169211775765
0.2608830393786312,0.2708180391118602
1.3920608208840346,1.3711885430335091
1.0225080895288061,1.1045966668509928
0.4806466275817522,0.5178732068383856
1.726705201148064,1.8274849297824847
0.9604338453262776,1.0371887899184207
1.0434658594867958,1.1070881827480274
0.368606302245824,0.402486295450237
0.6612371521578,0.6173803597678923
0.863967527896562,0.8209273748139609
1.0531725407907229,0.9788038878592361
0.4553294912255317,0.40910285051623724
0.3751432989304063,0.33656983614407443
0.9102682868802573,0.9788038878592361
1.7530212995329322,1.7094105833078044
