subject,run,block,condition,trial_in_block,dominant_color,alternative_color,response,correct,confidence,rt_choice,rt_confidence
1,1,1,2,1,4,1,4,1,1,2.4147,4.3191
1,1,1,2,2,2,3,2,1,4,1.568,1.9519
1,1,1,2,3,2,4,2,1,4,1.4891,1.921
1,1,1,2,4,2,4,2,1,4,1.1563,1.7001
1,1,1,2,5,3,2,3,1,3,1.7274,2.3998
1,1,1,2,6,3,2,3,1,4,1.2475,1.6476
1,1,1,2,7,1,2,1,1,3,2.3023,2.7502
1,1,1,2,8,2,1,2,1,2,1.967,2.5276
1,1,1,2,9,1,4,1,1,2,1.6414,2.8731
1,1,1,2,10,1,3,1,1,2,1.6372,2.2778
1,1,1,2,11,2,1,2,1,3,1.5459,3.3058
1,1,1,2,12,2,4,2,1,3,1.7001,2.019
1,1,1,2,13,1,2,1,1,1,2.0503,2.4502
1,1,1,2,14,3,1,3,1,3,2.2722,3.6959
1,1,1,2,15,1,3,1,1,1,2.8097,3.2584
1,1,1,2,16,1,4,1,1,1,1.6865,2.4229
1,1,1,2,17,2,4,2,1,2,1.1571,2.1973
1,1,1,2,18,3,4,3,1,3,1.9172,2.733
1,1,1,2,19,2,1,2,1,4,1.6949,2.0192
1,1,1,2,20,3,4,3,1,3,2.0612,2.5736
1,1,1,2,21,2,1,2,1,4,1.462,2.0052
1,1,1,2,22,2,4,2,1,4,1.3492,1.7169
1,1,1,2,23,2,1,2,1,4,1.2799,2.6399
1,1,1,2,24,2,4,2,1,3,1.83,5.6057
1,1,1,2,25,4,2,4,1,1,2.5929,3.041
1,1,1,2,26,4,1,4,1,1,3.5902,4.0543
1,1,1,2,27,2,3,3,0,1,2.8973,3.217
1,1,1,2,28,2,4,2,1,3,1.4717,1.9193
1,1,1,2,29,4,2,2,0,2,1.9052,2.354
1,1,1,2,30,1,2,2,0,2,2.8662,3.3464
1,1,1,2,31,4,1,1,0,1,1.7231,2.2353
1,1,1,2,32,2,4,2,1,3,1.5688,2.2735
1,1,1,2,33,3,2,3,1,4,1.5892,3.7176
1,1,1,2,34,2,3,2,1,3,1.647,2.0316
1,1,1,2,35,4,1,1,0,1,3.1504,3.534
1,1,2,3,1,2,3,2,1,4,2.7082,3.2365
1,1,2,3,2,2,3,2,1,2,1.9217,2.3693
1,1,2,3,3,2,3,2,1,1,1.1371,1.5373
1,1,2,3,4,2,3,2,1,1,1.0916,1.8114
1,1,2,3,5,2,3,2,1,3,1.3555,1.8029
1,1,2,3,6,3,2,3,1,2,1.6506,2.2751
1,1,2,3,7,3,2,3,1,3,1.1591,1.5917
1,1,2,3,8,3,2,3,1,4,1.0155,1.8317
1,1,2,3,9,3,2,3,1,4,0.7992,1.1508
1,1,2,3,10,3,2,3,1,3,0.8973,1.585
1,1,2,3,11,2,3,2,1,2,1.5053,1.9217
1,1,2,3,12,3,2,3,1,1,1.7165,2.164
1,1,2,3,13,2,3,3,0,2,1.677,2.3171
1,1,2,3,14,3,2,3,1,2,1.6317,3.2957
1,1,2,3,15,2,3,2,1,2,1.3864,2.2348
1,1,2,3,16,3,2,3,1,4,1.4244,2.0007
1,1,2,3,17,3,2,3,1,3,1.1193,1.4552
1,1,2,3,18,2,3,2,1,2,1.2533,1.5896
1,1,2,3,19,2,3,2,1,2,1.3175,1.7012
1,1,2,3,20,3,2,3,1,1,2.0979,2.4336
1,1,2,3,21,2,3,2,1,2,1.44,2.2077
1,1,2,3,22,2,3,3,0,2,1.5751,2.0234
1,1,2,3,23,2,3,2,1,1,1.189,1.6047
1,1,2,3,24,3,2,3,1,3,1.3643,1.6852
1,1,2,3,25,2,3,3,0,1,1.3609,2.5452
1,1,2,3,26,3,2,3,1,4,1.3066,1.6745
1,1,2,3,27,2,3,3,0,2,1.3192,1.6399
1,1,2,3,28,3,2,3,1,3,1.0783,1.7343
1,1,2,3,29,2,3,3,0,2,1.5046,1.9363
1,1,2,3,30,2,3,2,1,1,1.2668,1.7789
1,1,2,3,31,2,3,2,1,1,1.1954,1.5798
1,1,2,3,32,2,3,2,1,3,1.0053,1.3729
1,1,2,3,33,3,2,3,1,3,1.3509,1.8309
1,1,2,3,34,3,2,3,1,4,0.9419,1.4537
1,1,2,3,35,2,3,2,1,2,1.0268,1.4593
1,1,3,1,1,4,,4,1,1,1.6152,2.1119
1,1,3,1,2,1,,3,0,2,1.2752,1.6106
1,1,3,1,3,2,,2,1,2,1.4511,1.8351
1,1,3,1,4,2,,2,1,3,1.5371,1.9371
1,1,3,1,5,2,,2,1,2,1.7951,2.1789
1,1,3,1,6,2,,2,1,3,1.3405,1.7079
1,1,3,1,7,2,,2,1,3,1.3354,1.6708
1,1,3,1,8,2,,2,1,2,1.2532,1.6851
1,1,3,1,9,4,,3,0,1,2.0329,2.4807
1,1,3,1,10,4,,4,1,2,1.5811,2.077
1,1,3,1,11,3,,3,1,2,1.4333,1.8657
1,1,3,1,12,1,,1,1,2,1.6634,2.3356
1,1,3,1,13,1,,1,1,1,1.2319,1.9204
1,1,3,1,14,1,,1,1,3,1.1069,1.6186
1,1,3,1,15,1,,3,0,2,1.3781,1.746
1,1,3,1,16,2,,3,0,2,1.6293,1.9525
1,1,3,1,17,2,,2,1,2,1.2292,1.5515
1,1,3,1,18,3,,3,1,3,1.2952,1.6798
1,1,3,1,19,4,,4,1,1,1.5164,2.2043
1,1,3,1,20,2,,2,1,2,1.2837,1.6018
1,1,3,1,21,3,,3,1,4,1.2999,2.5796
1,1,3,1,22,2,,3,0,4,1.4845,1.9639
1,1,3,1,23,3,,3,1,4,1.1497,1.5331
1,1,3,1,24,1,,1,1,1,1.2964,1.7598
1,1,3,1,25,1,,1,1,2,3.0823,3.5297
1,1,3,1,26,3,,3,1,3,1.083,1.4017
1,1,3,1,27,2,,2,1,2,1.3153,1.6666
1,1,3,1,28,3,,3,1,3,1.1838,2.2719
1,1,3,1,29,1,,1,1,2,1.5725,1.9562
1,1,3,1,30,1,,1,1,2,1.7984,2.119
1,1,3,1,31,3,,3,1,3,1.0091,1.3445
1,1,3,1,32,3,,3,1,3,0.9234,1.2917
1,1,3,1,33,1,,3,0,3,1.1928,2.4564
1,1,3,1,34,2,,2,1,2,2.1498,3.1259
1,1,3,1,35,3,,3,1,4,1.0951,1.6394
1,2,1,1,1,2,,2,1,2,1.5726,1.9245
1,2,1,1,2,4,,3,0,2,1.2389,1.9593
1,2,1,1,3,1,,3,0,3,1.5607,2.1051
1,2,1,1,4,1,,1,1,1,1.3964,1.7188
1,2,1,1,5,4,,3,0,3,1.7275,2.1428
1,2,1,1,6,3,,3,1,4,1.0009,1.4495
1,2,1,1,7,3,,3,1,4,0.975,1.4074
1,2,1,1,8,4,,4,1,1,1.5907,1.9015
1,2,1,1,9,3,,3,1,4,1.0193,1.499
1,2,1,1,10,1,,1,1,3,1.8556,2.2398
1,2,1,1,11,3,,3,1,4,1.0294,1.4777
1,2,1,1,12,2,,2,1,3,2.1547,2.715
1,2,1,1,13,3,,3,1,4,1.2618,1.7417
1,2,1,1,14,3,,1,0,1,4.2164,4.9516
1,2,1,1,15,3,,3,1,3,1.4066,1.7186
1,2,1,1,16,4,,2,0,1,1.5938,2.1698
1,2,1,1,17,2,,2,1,2,1.3786,1.7469
1,2,1,1,18,1,,1,1,2,1.4368,1.9008
1,2,1,1,19,1,,1,1,1,2.4325,2.7532
1,2,1,1,20,2,,2,1,2,1.1371,1.4516
1,2,1,1,21,2,,2,1,3,1.2384,1.7181
1,2,1,1,22,3,,3,1,3,1.3934,1.8259
1,2,1,1,23,3,,3,1,3,1.1604,1.4684
1,2,1,1,24,4,,1,0,1,1.9017,2.219
1,2,1,1,25,1,,4,0,1,1.8604,2.6603
1,2,1,1,26,4,,3,0,2,1.2894,1.6017
1,2,1,1,27,1,,1,1,1,1.1766,2.4399
1,2,1,1,28,1,,1,1,3,1.2703,1.6861
1,2,1,1,29,1,,1,1,2,1.3295,1.6512
1,2,1,1,30,3,,3,1,2,1.4563,1.8406
1,2,1,1,31,2,,2,1,3,1.1901,1.5011
1,2,1,1,32,3,,3,1,1,1.5628,1.9783
1,2,1,1,33,1,,1,1,3,1.2111,1.5351
1,2,1,1,34,1,,1,1,2,1.0858,1.4383
1,2,1,1,35,2,,2,1,3,1.7173,2.3408
1,2,2,3,1,4,2,4,1,2,6.3817,7.8056
1,2,2,3,2,4,2,4,1,3,1.631,2.1912
1,2,2,3,3,4,2,2,0,1,3.7184,4.0373
1,2,2,3,4,4,2,2,0,2,1.315,1.6351
1,2,2,3,5,4,2,4,1,2,1.5849,1.9217
1,2,2,3,6,4,2,2,0,2,1.2844,1.7007
1,2,2,3,7,2,4,2,1,4,1.4722,1.8081
1,2,2,3,8,4,2,2,0,4,1.592,1.9121
1,2,2,3,9,4,2,2,0,3,1.2271,1.5351
1,2,2,3,10,4,2,4,1,3,1.5017,2.2541
1,2,2,3,11,4,2,4,1,2,1.7305,2.3705
1,2,2,3,12,4,2,4,1,1,1.5387,1.852
1,2,2,3,13,4,2,4,1,1,2.4395,2.7599
1,2,2,3,14,4,2,4,1,1,1.4964,2.2644
1,2,2,3,15,4,2,4,1,2,1.4378,1.8058
1,2,2,3,16,4,2,2,0,1,1.7653,2.0858
1,2,2,3,17,2,4,2,1,4,1.089,1.5854
1,2,2,3,18,4,2,2,0,4,0.8658,1.1846
1,2,2,3,19,2,4,2,1,4,0.7383,1.0509
1,2,2,3,20,2,4,2,1,4,0.7605,1.0965
1,2,2,3,21,4,2,4,1,1,3.9497,4.7339
1,2,2,3,22,4,2,2,0,2,1.358,1.6686
1,2,2,3,23,4,2,2,0,2,1.5308,1.8524
1,2,2,3,24,4,2,2,0,1,2.6567,2.97
1,2,2,3,25,4,2,4,1,1,1.512,1.8355
1,2,2,3,26,2,4,2,1,4,1.1823,1.5341
1,2,2,3,27,4,2,2,0,3,1.2006,1.5373
1,2,2,3,28,4,2,2,0,2,1.6517,1.9688
1,2,2,3,29,2,4,2,1,4,1.4125,1.9408
1,2,2,3,30,4,2,4,1,3,1.3504,1.8309
1,2,2,3,31,4,2,4,1,2,1.3571,1.8056
1,2,2,3,32,2,4,2,1,4,1.3331,1.6848
1,2,2,3,33,4,2,4,1,3,1.4415,1.8578
1,2,2,3,34,2,4,2,1,4,1.1596,1.4789
1,2,2,3,35,4,2,2,0,2,1.7248,2.2371
1,2,3,2,1,1,4,1,1,4,7.0169,10.217
1,2,3,2,2,3,2,3,1,4,1.8961,2.5514
1,2,3,2,3,1,3,3,0,2,3.1844,4.6085
1,2,3,2,4,2,1,2,1,3,1.7651,2.1171
1,2,3,2,5,4,2,2,0,3,1.8558,2.3839
1,2,3,2,6,2,3,2,1,4,1.1682,1.664
1,2,3,2,7,2,4,2,1,4,1.5979,1.9821
1,2,3,2,8,1,3,1,1,4,1.7108,2.1431
1,2,3,2,9,2,3,2,1,3,1.2723,1.7047
1,2,3,2,10,3,2,3,1,3,1.7965,2.2288
1,2,3,2,11,2,1,2,1,3,2.1075,3.3389
1,2,3,2,12,3,4,3,1,4,1.892,2.4357
1,2,3,2,13,4,1,4,1,1,3.3927,3.7034
1,2,3,2,14,3,1,3,1,4,1.5465,2.0431
1,2,3,2,15,3,1,3,1,4,1.2727,2.0092
1,2,3,2,16,4,2,2,0,1,3.3685,4.2001
1,2,3,2,17,1,3,1,1,1,11.2462,12.0939
1,2,3,2,18,1,3,1,1,3,1.5667,2.1907
1,2,3,2,19,4,3,3,0,3,1.7979,2.3106
1,2,3,2,20,3,2,3,1,3,1.3371,1.9766
1,2,3,2,21,4,1,4,1,1,2.393,2.9049
1,2,3,2,22,3,4,3,1,3,2.1792,3.3792
1,2,3,2,23,1,3,1,1,1,2.2831,2.619
1,2,3,2,24,2,1,2,1,4,5.4723,9.6163
1,2,3,2,25,4,3,4,1,1,2.7595,3.0795
1,2,3,2,26,2,1,2,1,3,1.7077,2.203
1,2,3,2,27,2,4,2,1,3,1.4097,1.7183
1,2,3,2,28,3,2,3,1,3,1.7247,2.1091
1,2,3,2,29,4,2,2,0,4,2.0725,2.6166
1,2,3,2,30,1,3,3,0,1,2.2871,2.6233
1,2,3,2,31,1,2,1,1,1,1.4774,1.8611
1,2,3,2,32,3,1,3,1,3,1.3068,1.6185
1,2,3,2,33,1,4,4,0,1,2.6019,2.9201
1,2,3,2,34,4,2,4,1,1,3.5718,4.2116
1,2,3,2,35,3,2,3,1,2,1.7694,2.1691
1,3,1,3,1,1,2,2,0,3,1.8562,2.2396
1,3,1,3,2,1,2,1,1,4,1.8458,2.1978
1,3,1,3,3,1,2,2,0,2,2.2378,2.8141
1,3,1,3,4,1,2,1,1,2,1.5004,1.8362
1,3,1,3,5,1,2,2,0,1,1.5549,1.9866
1,3,1,3,6,2,1,2,1,4,1.0743,1.3842
1,3,1,3,7,2,1,2,1,4,1.6276,1.9354
1,3,1,3,8,2,1,2,1,4,1.7736,2.0854
1,3,1,3,9,1,2,1,1,3,1.849,4.7774
1,3,1,3,10,2,1,2,1,3,1.0789,1.4311
1,3,1,3,11,1,2,1,1,3,1.7098,2.3022
1,3,1,3,12,1,2,2,0,2,1.665,1.9851
1,3,1,3,13,2,1,2,1,3,1.0251,2.0491
1,3,1,3,14,1,2,1,1,1,2.0796,2.4029
1,3,1,3,15,1,2,1,1,1,3.8064,4.1212
1,3,1,3,16,1,2,1,1,3,1.8628,2.3105
1,3,1,3,17,2,1,2,1,2,1.6425,1.9523
1,3,1,3,18,2,1,2,1,3,0.9232,1.2439
1,3,1,3,19,2,1,2,1,4,0.7786,1.1013
1,3,1,3,20,2,1,2,1,4,0.5105,0.8312
1,3,1,3,21,2,1,2,1,4,0.501,0.8177
1,3,1,3,22,2,1,2,1,4,0.6872,1.0011
1,3,1,3,23,1,2,1,1,3,1.0958,1.992
1,3,1,3,24,1,2,1,1,3,1.1921,1.5762
1,3,1,3,25,2,1,2,1,4,0.8568,1.1679
1,3,1,3,26,2,1,2,1,4,0.7949,1.118
1,3,1,3,27,1,2,1,1,3,1.439,1.7518
1,3,1,3,28,2,1,2,1,4,1.1441,1.5761
1,3,1,3,29,2,1,2,1,4,0.794,1.1182
1,3,1,3,30,2,1,2,1,4,0.7333,1.0511
1,3,1,3,31,1,2,1,1,1,1.62,2.004
1,3,1,3,32,1,2,1,1,1,1.0912,1.427
1,3,1,3,33,2,1,2,1,3,0.8744,1.1847
1,3,1,3,34,1,2,2,0,1,0.6193,1.2596
1,3,1,3,35,1,2,1,1,2,1.3378,1.6518
1,3,2,2,1,1,2,2,0,1,2.4785,2.7865
1,3,2,2,2,4,3,2,0,1,1.6461,1.9689
1,3,2,2,3,2,3,2,1,3,1.9025,2.2192
1,3,2,2,4,2,3,2,1,4,0.8533,1.2853
1,3,2,2,5,3,4,3,1,3,1.4897,1.8019
1,3,2,2,6,2,1,2,1,3,1.0011,1.5131
1,3,2,2,7,3,2,3,1,3,1.1335,1.4536
1,3,2,2,8,3,1,3,1,3,1.5389,2.0033
1,3,2,2,9,4,1,4,1,1,2.8665,3.1871
1,3,2,2,10,4,1,4,1,1,1.2812,1.6019
1,3,2,2,11,3,1,3,1,2,1.4889,1.857
1,3,2,2,12,4,1,1,0,1,2.039,2.3526
1,3,2,2,13,2,1,2,1,2,1.4478,1.7686
1,3,2,2,14,3,2,3,1,4,1.3929,1.7018
1,3,2,2,15,3,2,3,1,3,1.2929,1.6017
1,3,2,2,16,2,3,2,1,3,1.6608,1.9687
1,3,2,2,17,4,3,3,0,3,2.4295,2.7531
1,3,2,2,18,3,2,3,1,3,0.8141,1.2623
1,3,2,2,19,3,2,3,1,3,0.7803,1.1015
1,3,2,2,20,4,2,3,0,3,0.9608,1.6812
1,3,2,2,21,4,1,4,1,1,1.8382,2.254
1,3,2,2,22,4,3,3,0,2,1.2033,1.5184
1,3,2,2,23,1,4,1,1,1,1.3497,1.6686
1,3,2,2,24,3,2,2,0,1,1.5868,2.0673
1,3,2,2,25,1,2,2,0,1,2.639,3.2795
1,3,2,2,26,2,1,2,1,1,1.4832,1.802
1,3,2,2,27,1,3,1,1,1,1.4264,1.7782
1,3,2,2,28,1,4,4,0,1,1.7394,2.0748
1,3,2,2,29,4,2,4,1,1,1.5918,1.902
1,3,2,2,30,2,3,2,1,1,1.2434,1.5517
1,3,2,2,31,4,3,4,1,3,1.3255,2.0935
1,3,2,2,32,3,2,4,0,3,1.001,1.337
1,3,2,2,33,3,1,4,0,3,1.0285,1.492
1,3,2,2,34,1,3,1,1,1,1.0647,1.3849
1,3,2,2,35,3,1,4,0,3,0.8648,1.3288
1,3,3,1,1,4,,2,0,3,1.2673,2.275
1,3,3,1,2,1,,3,0,2,1.1596,2.0719
1,3,3,1,3,2,,2,1,2,1.2522,1.5687
1,3,3,1,4,2,,2,1,2,0.8372,1.1513
1,3,3,1,5,2,,2,1,3,0.6961,1.0179
1,3,3,1,6,3,,3,1,4,1.1042,1.4182
1,3,3,1,7,2,,3,0,1,0.9193,2.1511
1,3,3,1,8,1,,1,1,2,1.8563,2.2891
1,3,3,1,9,1,,1,1,1,0.9803,1.3017
1,3,3,1,10,4,,2,0,1,1.5849,2.6727
1,3,3,1,11,1,,1,1,1,1.7644,2.0858
1,3,3,1,12,3,,3,1,2,1.1848,1.5686
1,3,3,1,13,1,,1,1,1,1.2977,2.3379
1,3,3,1,14,1,,1,1,1,1.0598,1.3682
1,3,3,1,15,3,,3,1,2,2.0453,2.3694
1,3,3,1,16,2,,2,1,4,1.4853,1.8019
1,3,3,1,17,1,,1,1,2,1.5088,2.1168
1,3,3,1,18,1,,1,1,3,1.5358,1.8521
1,3,3,1,19,1,,1,1,3,0.9338,1.2539
1,3,3,1,20,3,,3,1,3,1.3959,1.7315
1,3,3,1,21,4,,3,0,3,1.4553,1.7686
1,3,3,1,22,2,,2,1,3,1.2081,1.5182
1,3,3,1,23,3,,3,1,4,1.2106,1.5186
1,3,3,1,24,2,,2,1,3,1.3264,1.6352
1,3,3,1,25,3,,2,0,1,2.4921,2.8762
1,3,3,1,26,4,,4,1,2,1.4807,1.8023
1,3,3,1,27,1,,1,1,1,2.4482,2.8163
1,3,3,1,28,3,,3,1,3,1.2309,4.3829
1,3,3,1,29,2,,2,1,2,1.3571,1.8208
1,3,3,1,30,1,,1,1,2,1.4278,1.7352
1,3,3,1,31,1,,2,0,2,1.3417,1.6517
1,3,3,1,32,4,,1,0,1,2.8114,3.12
1,3,3,1,33,1,,1,1,1,0.9257,1.2345
1,3,3,1,34,2,,2,1,3,1.5803,1.9321
1,3,3,1,35,2,,2,1,3,1.087,1.439
1,4,1,2,1,3,1,3,1,4,1.7432,2.5596
1,4,1,2,2,2,1,2,1,1,1.4163,1.7363
1,4,1,2,3,2,3,2,1,4,0.7868,1.5069
1,4,1,2,4,3,1,3,1,1,1.7348,2.0524
1,4,1,2,5,4,3,4,1,1,2.2756,2.723
1,4,1,2,6,4,3,3,0,1,3.3493,3.671
1,4,1,2,7,2,4,2,1,3,1.423,1.7352
1,4,1,2,8,3,4,3,1,4,1.1457,1.4683
1,4,1,2,9,1,4,1,1,3,1.7588,2.6868
1,4,1,2,10,1,2,1,1,2,2.7391,3.139
1,4,1,2,11,1,2,1,1,2,1.1715,1.9718
1,4,1,2,12,4,1,4,1,1,2.6603,2.9963
1,4,1,2,13,3,2,3,1,3,1.723,2.1398
1,4,1,2,14,4,3,3,0,2,5.6693,6.0849
1,4,1,2,15,1,3,1,1,1,1.1972,1.5185
1,4,1,2,16,1,4,1,1,1,2.6892,3.2013
1,4,1,2,17,2,4,2,1,3,1.5674,2.1276
1,4,1,2,18,2,4,2,1,3,0.7465,1.3065
1,4,1,2,19,3,2,3,1,2,1.6707,2.2142
1,4,1,2,20,3,4,3,1,2,1.8702,2.3022
1,4,1,2,21,2,3,2,1,2,1.3134,1.9205
1,4,1,2,22,4,2,2,0,1,2.0355,2.5003
1,4,1,2,23,1,2,1,1,1,1.7917,2.1271
1,4,1,2,24,1,2,2,0,1,1.4503,1.9296
1,4,1,2,25,2,3,2,1,4,1.6451,2.3809
1,4,1,2,26,2,1,2,1,4,0.9732,1.2847
1,4,1,2,27,4,2,2,0,1,1.2093,2.8094
1,4,1,2,28,4,2,4,1,1,1.9125,2.7449
1,4,1,2,29,2,4,2,1,4,1.3061,1.8823
1,4,1,2,30,3,1,3,1,1,1.5352,2.0314
1,4,1,2,31,3,2,3,1,1,1.3576,1.6687
1,4,1,2,32,2,3,2,1,2,1.131,2.1384
1,4,1,2,33,3,2,2,0,1,3.0613,3.3704
1,4,1,2,34,3,4,3,1,4,1.4518,1.8359
1,4,1,2,35,1,2,1,1,3,1.1383,1.8106
1,4,2,1,1,4,,3,0,1,2.6092,2.9609
1,4,2,1,2,1,,1,1,1,1.4016,1.7188
1,4,2,1,3,2,,2,1,2,1.1874,1.5017
1,4,2,1,4,2,,3,0,2,1.3196,1.7193
1,4,2,1,5,3,,3,1,2,1.2825,1.6019
1,4,2,1,6,4,,1,0,1,1.7469,2.563
1,4,2,1,7,3,,3,1,1,1.5479,2.252
1,4,2,1,8,4,,2,0,1,1.7448,2.129
1,4,2,1,9,4,,4,1,1,1.323,1.635
1,4,2,1,10,3,,3,1,3,1.1938,1.594
1,4,2,1,11,2,,2,1,3,1.3388,1.8345
1,4,2,1,12,3,,3,1,3,1.2011,1.5365
1,4,2,1,13,4,,3,0,3,1.5232,1.9717
1,4,2,1,14,2,,2,1,3,1.2838,1.6839
1,4,2,1,15,3,,3,1,2,1.1685,1.5525
1,4,2,1,16,1,,1,1,1,1.3628,1.7147
1,4,2,1,17,4,,3,0,2,1.3262,1.635
1,4,2,1,18,1,,2,0,1,1.7885,2.1568
1,4,2,1,19,3,,3,1,2,1.2381,1.5745
1,4,2,1,20,1,,1,1,1,1.3676,1.7035
1,4,2,1,21,2,,2,1,2,1.4912,1.8432
1,4,2,1,22,2,,2,1,3,1.4016,1.754
1,4,2,1,23,1,,1,1,3,1.4112,1.7634
1,4,2,1,24,1,,1,1,2,1.245,1.5808
1,4,2,1,25,4,,4,1,1,1.5981,1.9189
1,4,2,1,26,2,,2,1,3,1.1047,1.4182
1,4,2,1,27,3,,2,0,1,3.3364,3.6541
1,4,2,1,28,4,,4,1,1,1.3157,1.6351
1,4,2,1,29,1,,1,1,1,1.8269,2.1356
1,4,2,1,30,3,,3,1,2,1.4522,1.7687
1,4,2,1,31,1,,1,1,1,1.4615,2.8059
1,4,2,1,32,3,,3,1,2,1.1724,1.6684
1,4,2,1,33,3,,2,0,2,1.5214,2.0815
1,4,2,1,34,2,,2,1,1,1.182,1.5018
1,4,2,1,35,3,,3,1,3,1.2502,1.6177
1,4,3,3,1,4,1,4,1,1,1.7842,2.184
1,4,3,3,2,1,4,1,1,1,1.5196,1.8356
1,4,3,3,3,1,4,1,1,3,1.2058,1.5424
1,4,3,3,4,1,4,1,1,2,0.9847,1.3015
1,4,3,3,5,1,4,1,1,1,1.3972,2.0368
1,4,3,3,6,1,4,2,0,2,1.1229,1.435
1,4,3,3,7,4,1,4,1,1,1.3858,1.7019
1,4,3,3,8,4,1,4,1,1,1.4776,1.7852
1,4,3,3,9,4,1,2,0,2,1.1659,1.485
1,4,3,3,10,4,1,2,0,2,1.3464,1.6686
1,4,3,3,11,1,4,4,0,1,3.3921,4.1762
1,4,3,3,12,4,1,1,0,1,1.638,1.9522
1,4,3,3,13,1,4,1,1,1,1.2873,1.6016
1,4,3,3,14,1,4,1,1,1,1.0788,1.4016
1,4,3,3,15,1,4,1,1,3,1.5827,2.8945
1,4,3,3,16,4,1,4,1,4,1.2579,1.7213
1,4,3,3,17,1,4,1,1,4,1.3487,1.6686
1,4,3,3,18,4,1,4,1,3,1.5375,2.2899
1,4,3,3,19,4,1,4,1,3,1.8616,2.186
1,4,3,3,20,4,1,4,1,3,0.7819,1.1012
1,4,3,3,21,1,4,1,1,4,0.7863,1.6339
1,4,3,3,22,4,1,4,1,3,1.2809,1.6647
1,4,3,3,23,1,4,1,1,3,0.7341,1.3262
1,4,3,3,24,4,1,4,1,4,1.0979,1.4184
1,4,3,3,25,4,1,4,1,4,1.0092,1.6171
1,4,3,3,26,4,1,1,0,1,2.6886,3.0409
1,4,3,3,27,1,4,1,1,4,0.8379,1.2211
1,4,3,3,28,4,1,4,1,3,0.8212,1.3812
1,4,3,3,29,1,4,1,1,4,1.1345,2.255
1,4,3,3,30,4,1,4,1,3,1.2677,2.148
1,4,3,3,31,1,4,1,1,4,1.0221,1.4858
1,4,3,3,32,4,1,4,1,1,1.6187,1.9356
1,4,3,3,33,4,1,1,0,1,1.3808,1.7022
1,4,3,3,34,4,1,1,0,1,0.8326,1.1512
1,4,3,3,35,4,1,1,0,1,0.787,1.1012
1,5,1,3,1,4,3,3,0,1,2.6094,3.7451
1,5,1,3,2,4,3,3,0,2,2.2493,2.6814
1,5,1,3,3,3,4,3,1,4,1.4217,1.7353
1,5,1,3,4,3,4,3,1,4,1.0634,1.3848
1,5,1,3,5,3,4,3,1,4,0.7529,1.0676
1,5,1,3,6,4,3,4,1,1,2.1498,2.5973
1,5,1,3,7,4,3,4,1,3,0.8622,1.5344
1,5,1,3,8,3,4,3,1,4,0.9603,1.3124
1,5,1,3,9,4,3,4,1,2,1.405,1.7889
1,5,1,3,10,4,3,4,1,1,1.7015,2.1656
1,5,1,3,11,4,3,4,1,2,1.8068,2.3505
1,5,1,3,12,4,3,4,1,1,1.1676,1.5197
1,5,1,3,13,3,4,3,1,2,1.1388,1.4518
1,5,1,3,14,4,3,3,0,2,1.465,1.8006
1,5,1,3,15,3,4,4,0,1,0.9926,2.3201
1,5,1,3,16,3,4,3,1,3,0.6906,1.3312
1,5,1,3,17,3,4,3,1,3,1.7585,2.0691
1,5,1,3,18,3,4,3,1,4,0.7154,1.0347
1,5,1,3,19,3,4,3,1,4,0.7547,1.2502
1,5,1,3,20,4,3,3,0,3,1.1203,2.3846
1,5,1,3,21,4,3,3,0,1,0.7684,1.1524
1,5,1,3,22,3,4,3,1,3,0.8348,1.1712
1,5,1,3,23,4,3,3,0,2,1.4125,1.7355
1,5,1,3,24,4,3,4,1,1,1.295,1.6187
1,5,1,3,25,4,3,3,0,1,1.3584,1.6685
1,5,1,3,26,4,3,4,1,1,1.5633,2.2348
1,5,1,3,27,4,3,3,0,2,1.1851,1.5533
1,5,1,3,28,3,4,3,1,4,1.267,1.5851
1,5,1,3,29,3,4,3,1,4,0.8518,1.2512
1,5,1,3,30,4,3,3,0,3,0.9456,1.3299
1,5,1,3,31,4,3,3,0,1,1.5018,1.8187
1,5,1,3,32,3,4,3,1,4,0.8842,1.2013
1,5,1,3,33,4,3,3,0,3,1.0285,1.3516
1,5,1,3,34,3,4,3,1,4,0.8625,1.6307
1,5,1,3,35,3,4,3,1,4,0.8143,1.3419
1,5,2,1,1,2,,2,1,3,1.5194,1.9199
1,5,2,1,2,4,,2,0,1,1.1063,1.523
1,5,2,1,3,1,,1,1,3,1.3495,2.0538
1,5,2,1,4,4,,1,0,1,1.6673,1.9857
1,5,2,1,5,3,,3,1,2,1.1551,1.4683
1,5,2,1,6,1,,1,1,1,1.0647,1.3847
1,5,2,1,7,4,,2,0,2,1.0095,1.6812
1,5,2,1,8,3,,3,1,3,0.7992,1.4869
1,5,2,1,9,4,,3,0,3,1.5071,2.2916
1,5,2,1,10,4,,3,0,3,1.5277,1.9108
1,5,2,1,11,3,,3,1,3,0.8272,1.5467
1,5,2,1,12,3,,3,1,3,0.8936,1.4378
1,5,2,1,13,3,,3,1,2,0.8526,1.6042
1,5,2,1,14,1,,2,0,2,1.2044,1.5556
1,5,2,1,15,1,,1,1,3,1.1264,1.606
1,5,2,1,16,4,,3,0,2,1.1419,1.4517
1,5,2,1,17,1,,1,1,4,1.0989,1.4994
1,5,2,1,18,3,,3,1,4,2.2717,2.767
1,5,2,1,19,2,,2,1,3,1.0721,1.4237
1,5,2,1,20,2,,2,1,4,2.087,2.5355
1,5,2,1,21,1,,1,1,1,1.0253,1.3612
1,5,2,1,22,2,,2,1,4,1.0194,1.4674
1,5,2,1,23,1,,1,1,1,1.5205,1.8883
1,5,2,1,24,1,,2,0,1,1.7328,2.1166
1,5,2,1,25,1,,1,1,1,1.6636,2.1114
1,5,2,1,26,2,,2,1,3,1.0506,1.5304
1,5,2,1,27,2,,2,1,2,0.8459,1.294
1,5,2,1,28,4,,2,0,1,0.811,1.2429
1,5,2,1,29,4,,1,0,1,2.2823,2.6182
1,5,2,1,30,1,,1,1,1,0.8003,1.1516
1,5,2,1,31,3,,3,1,2,1.4905,1.8019
1,5,2,1,32,3,,3,1,1,2.4262,2.7365
1,5,2,1,33,3,,3,1,1,1.3234,1.8352
1,5,2,1,34,1,,1,1,2,1.4418,1.7939
1,5,2,1,35,4,,2,0,1,1.5298,1.8522
1,5,3,2,1,2,4,2,1,4,1.4138,1.7978
1,5,3,2,2,3,2,2,0,3,1.183,1.631
1,5,3,2,3,1,2,1,1,4,1.326,1.6942
1,5,3,2,4,1,3,1,1,4,1.0821,1.6419
1,5,3,2,5,4,3,4,1,1,2.169,2.5206
1,5,3,2,6,3,2,2,0,1,2.2275,2.5472
1,5,3,2,7,3,2,2,0,2,1.021,1.6606
1,5,3,2,8,4,2,4,1,1,1.8824,2.2025
1,5,3,2,9,3,2,3,1,3,1.5379,1.852
1,5,3,2,10,1,2,1,1,2,1.0796,1.6551
1,5,3,2,11,1,3,1,1,2,1.1252,1.4348
1,5,3,2,12,1,3,1,1,1,1.2437,1.8358
1,5,3,2,13,2,3,2,1,3,1.0903,1.7306
1,5,3,2,14,2,3,2,1,3,1.1325,1.6762
1,5,3,2,15,2,1,2,1,3,1.1299,1.6582
1,5,3,2,16,3,2,2,0,3,1.3515,1.9434
1,5,3,2,17,1,2,1,1,1,0.9058,1.2179
1,5,3,2,18,4,1,1,0,1,2.4578,2.7778
1,5,3,2,19,2,1,2,1,3,1.0977,1.4336
1,5,3,2,20,3,1,3,1,1,2.1284,2.56
1,5,3,2,21,2,1,2,1,3,1.3208,1.9287
1,5,3,2,22,2,4,2,1,2,1.0041,1.9639
1,5,3,2,23,4,2,2,0,1,1.0049,1.4536
1,5,3,2,24,1,2,1,1,1,1.0751,1.3957
1,5,3,2,25,3,4,3,1,1,1.5326,1.9163
1,5,3,2,26,1,4,1,1,1,1.0395,1.3516
1,5,3,2,27,1,4,1,1,1,0.7942,1.1181
1,5,3,2,28,2,3,2,1,1,1.1177,1.4349
1,5,3,2,29,2,1,2,1,1,1.0767,1.3848
1,5,3,2,30,1,4,1,1,1,2.4607,2.7697
1,5,3,2,31,4,1,1,0,2,1.757,2.4289
1,5,3,2,32,1,4,1,1,3,1.1156,1.5155
1,5,3,2,33,2,3,2,1,4,1.183,1.5018
1,5,3,2,34,3,1,3,1,2,2.3395,2.867
1,5,3,2,35,1,2,1,1,1,1.2797,1.6019
1,6,1,1,1,3,,3,1,1,1.4849,1.8053
1,6,1,1,2,3,,3,1,3,1.5887,1.9021
1,6,1,1,3,3,,3,1,1,1.2239,1.8166
1,6,1,1,4,4,,4,1,2,1.5195,1.984
1,6,1,1,5,3,,3,1,3,1.0401,1.3516
1,6,1,1,6,2,,2,1,3,1.2584,1.5684
1,6,1,1,7,3,,4,0,1,1.9949,2.3025
1,6,1,1,8,1,,1,1,2,1.6786,1.9855
1,6,1,1,9,1,,4,0,1,2.6384,2.9534
1,6,1,1,10,3,,3,1,3,2.7429,3.0535
1,6,1,1,11,1,,1,1,1,32.9236,33.2379
1,6,1,1,12,2,,2,1,2,1.128,1.5272
1,6,1,1,13,4,,4,1,1,1.6583,1.9702
1,6,1,1,14,3,,3,1,1,1.2109,1.6595
1,6,1,1,15,1,,1,1,2,1.3209,1.635
1,6,1,1,16,2,,2,1,2,1.0796,1.4018
1,6,1,1,17,4,,2,0,3,1.5837,2.224
1,6,1,1,18,1,,1,1,1,0.9986,1.3182
1,6,1,1,19,3,,3,1,2,1.522,1.9853
1,6,1,1,20,1,,2,0,1,1.1222,1.5376
1,6,1,1,21,3,,1,0,1,1.8281,2.1526
1,6,1,1,22,3,,3,1,2,2.2696,2.5862
1,6,1,1,23,2,,2,1,3,1.2211,2.8211
1,6,1,1,24,2,,2,1,4,0.9311,1.5551
1,6,1,1,25,3,,3,1,1,1.8126,2.1488
1,6,1,1,26,1,,1,1,3,1.2471,2.4788
1,6,1,1,27,2,,2,1,3,1.7713,2.5713
1,6,1,1,28,2,,2,1,3,1.2193,1.8596
1,6,1,1,29,2,,2,1,4,1.0012,1.4329
1,6,1,1,30,3,,3,1,3,1.5519,2.3355
1,6,1,1,31,2,,2,1,3,1.1533,1.6176
1,6,1,1,32,1,,1,1,1,1.2167,1.5353
1,6,1,1,33,2,,2,1,3,0.9632,1.2849
1,6,1,1,34,4,,2,0,2,1.2798,1.6019
1,6,1,1,35,3,,3,1,1,2.1918,3.0401
1,6,2,2,1,2,4,2,1,4,1.2281,1.9162
1,6,2,2,2,3,4,3,1,3,1.3756,2.2391
1,6,2,2,3,2,4,2,1,3,1.5896,2.2613
1,6,2,2,4,3,2,3,1,2,1.9788,2.6187
1,6,2,2,5,2,4,2,1,4,1.4569,2.0002
1,6,2,2,6,3,4,3,1,4,2.128,3.152
1,6,2,2,7,2,1,2,1,4,1.8725,2.4484
1,6,2,2,8,1,4,1,1,4,1.5663,1.9176
1,6,2,2,9,2,4,2,1,2,1.7451,2.3371
1,6,2,2,10,4,2,4,1,2,1.8425,2.8028
1,6,2,2,11,2,1,2,1,3,2.6888,3.1373
1,6,2,2,12,1,4,1,1,1,2.1304,2.5616
1,6,2,2,13,1,4,1,1,3,1.3552,2.0105
1,6,2,2,14,4,1,4,1,1,2.2178,2.5863
1,6,2,2,15,4,2,4,1,1,2.1141,2.4819
1,6,2,2,16,4,3,4,1,1,1.9337,2.2864
1,6,2,2,17,2,3,2,1,2,1.7939,2.2253
1,6,2,2,18,2,3,2,1,2,0.9848,1.4806
1,6,2,2,19,4,3,3,0,2,1.5816,1.95
1,6,2,2,20,2,4,2,1,1,1.0723,1.5679
1,6,2,2,21,4,2,4,1,1,13.4254,14.3048
1,6,2,2,22,3,4,3,1,1,1.5913,2.0232
1,6,2,2,23,4,2,2,0,2,32.4367,32.7538
1,6,2,2,24,3,2,3,1,3,1.6694,1.9865
1,6,2,2,25,2,1,2,1,2,2.0045,2.3203
1,6,2,2,26,3,1,3,1,4,2.2307,2.6475
1,6,2,2,27,3,2,3,1,2,1.7721,2.3005
1,6,2,2,28,2,1,2,1,3,1.7118,2.1279
1,6,2,2,29,2,3,2,1,2,0.9544,1.3226
1,6,2,2,30,1,2,2,0,1,1.5738,1.8855
1,6,2,2,31,4,3,3,0,1,1.7541,2.0689
1,6,2,2,32,1,4,1,1,1,1.303,1.6389
1,6,2,2,33,4,3,3,0,1,1.5576,1.8688
1,6,2,2,34,4,2,2,0,1,1.6262,1.9356
1,6,2,2,35,3,4,3,1,2,2.0919,3.1
1,6,3,3,1,1,3,1,1,1,37.045,37.3589
1,6,3,3,2,1,3,1,1,3,0.9359,1.7847
1,6,3,3,3,1,3,1,1,1,1.4085,1.7187
1,6,3,3,4,3,1,3,1,3,1.2275,2.4437
1,6,3,3,5,3,1,3,1,3,0.8101,1.1177
1,6,3,3,6,3,1,3,1,4,1.229,1.5517
1,6,3,3,7,1,3,3,0,1,2.6715,2.9868
1,6,3,3,8,3,1,3,1,2,1.2859,1.6021
1,6,3,3,9,1,3,1,1,1,0.8702,1.1848
1,6,3,3,10,3,1,3,1,1,2.0073,2.3191
1,6,3,3,11,1,3,1,1,1,1.3537,1.6687
1,6,3,3,12,3,1,3,1,3,1.6224,2.247
1,6,3,3,13,3,1,3,1,3,0.9725,1.3407
1,6,3,3,14,1,3,1,1,1,1.2552,1.5684
1,6,3,3,15,1,3,1,1,1,0.6964,1.0178
1,6,3,3,16,1,3,1,1,1,0.9919,1.3014
1,6,3,3,17,1,3,3,0,3,1.1641,2.7485
1,6,3,3,18,1,3,1,1,1,0.7492,1.0681
1,6,3,3,19,1,3,1,1,1,1.8116,2.1358
1,6,3,3,20,1,3,1,1,2,1.3889,1.702
1,6,3,3,21,1,3,1,1,2,0.9854,1.4494
1,6,3,3,22,1,3,3,0,1,1.2952,1.6308
1,6,3,3,23,1,3,1,1,2,0.8143,1.294
1,6,3,3,24,3,1,3,1,3,1.275,1.5852
1,6,3,3,25,3,1,3,1,4,0.732,1.0513
1,6,3,3,26,1,3,1,1,2,1.9866,2.354
1,6,3,3,27,3,1,3,1,3,1.0591,1.3683
1,6,3,3,28,1,3,1,1,2,1.3891,1.8046
1,6,3,3,29,3,1,3,1,2,1.365,1.7168
1,6,3,3,30,3,1,3,1,2,0.8161,1.3434
1,6,3,3,31,1,3,1,1,1,2.9867,3.3063
1,6,3,3,32,1,3,3,0,1,1.6366,1.9725
1,6,3,3,33,3,1,3,1,3,1.189,1.5414
1,6,3,3,34,1,3,1,1,4,1.0804,1.8161
1,6,3,3,35,3,1,1,0,4,1.6153,2.0316
2,1,1,3,1,2,1,2,1,3,1.2262,2.1066
2,1,1,3,2,1,2,1,1,3,1.4454,2.1496
2,1,1,3,3,2,1,2,1,1,1.7276,2.9435
2,1,1,3,4,1,2,1,1,4,1.1763,1.5931
2,1,1,3,5,1,2,1,1,3,1.209,1.9296
2,1,1,3,6,1,2,1,1,3,1.4357,2.2198
2,1,1,3,7,1,2,1,1,2,1.1386,1.8906
2,1,1,3,8,1,2,1,1,4,1.1749,1.5106
2,1,1,3,9,1,2,1,1,4,1.0506,1.3708
2,1,1,3,10,1,2,1,1,3,1.4285,1.8123
2,1,1,3,11,2,1,2,1,4,1.1797,1.5798
2,1,1,3,12,2,1,2,1,4,1.0695,1.4697
2,1,1,3,13,1,2,1,1,3,1.1542,1.5064
2,1,1,3,14,2,1,2,1,4,1.1589,1.5108
2,1,1,3,15,2,1,2,1,4,1.1949,1.5951
2,1,1,3,16,2,1,2,1,4,0.8917,1.2594
2,1,1,3,17,1,2,2,0,2,1.5928,2.2972
2,1,1,3,18,2,1,2,1,2,0.9896,1.4375
2,1,1,3,19,1,2,1,1,3,1.2993,1.618
2,1,1,3,20,1,2,1,1,3,1.2356,1.6993
2,1,1,3,21,1,2,1,1,2,1.1676,2.0802
2,1,1,3,22,1,2,1,1,2,1.357,1.9325
2,1,1,3,23,2,1,2,1,3,1.2793,1.7274
2,1,1,3,24,2,1,2,1,4,0.9542,1.3381
2,1,1,3,25,2,1,2,1,4,0.9974,1.4768
2,1,1,3,26,1,2,1,1,1,1.643,2.4908
2,1,1,3,27,2,1,2,1,3,1.0461,1.5582
2,1,1,3,28,2,1,2,1,2,1.3519,2.1193
2,1,1,3,29,2,1,2,1,3,1.0588,1.5063
2,1,1,3,30,1,2,1,1,3,1.0309,1.415
2,1,1,3,31,2,1,2,1,4,1.0707,1.3851
2,1,1,3,32,2,1,2,1,4,0.839,1.2555
2,1,1,3,33,2,1,2,1,4,0.869,1.2214
2,1,1,3,34,1,2,1,1,3,0.9647,1.4292
2,1,1,3,35,1,2,1,1,2,1.1167,1.8206
2,1,2,1,1,1,,1,1,2,1.2904,1.9779
2,1,2,1,2,3,,3,1,4,1.659,2.475
2,1,2,1,3,2,,2,1,2,1.3513,1.7835
2,1,2,1,4,4,,3,0,3,1.4548,1.7912
2,1,2,1,5,2,,2,1,1,1.3996,2.1033
2,1,2,1,6,3,,3,1,3,1.4588,1.9061
2,1,2,1,7,1,,1,1,1,1.5265,2.1026
2,1,2,1,8,4,,3,0,3,1.3607,1.7131
2,1,2,1,9,1,,1,1,3,1.3405,1.7411
2,1,2,1,10,3,,3,1,3,1.3346,1.7822
2,1,2,1,11,3,,3,1,4,1.3603,1.6962
2,1,2,1,12,2,,2,1,2,1.3247,2.1725
2,1,2,1,13,2,,2,1,4,1.2852,1.6215
2,1,2,1,14,1,,1,1,2,1.1083,1.892
2,1,2,1,15,4,,4,1,1,1.7202,2.105
2,1,2,1,16,3,,3,1,3,1.9714,2.2861
2,1,2,1,17,4,,2,0,2,1.848,2.7916
2,1,2,1,18,4,,2,0,3,1.1909,1.5426
2,1,2,1,19,1,,1,1,1,1.2258,1.8658
2,1,2,1,20,4,,3,0,2,1.4397,2.0631
2,1,2,1,21,4,,1,0,1,1.5485,2.0925
2,1,2,1,22,1,,1,1,2,1.2242,1.7047
2,1,2,1,23,3,,3,1,2,1.556,2.4205
2,1,2,1,24,3,,3,1,3,1.2185,1.6345
2,1,2,1,25,2,,2,1,4,1.1053,1.4569
2,1,2,1,26,1,,1,1,2,1.2715,1.9109
2,1,2,1,27,2,,2,1,3,1.2271,1.6748
2,1,2,1,28,3,,3,1,4,1.2401,1.6084
2,1,2,1,29,3,,3,1,4,1.0957,1.4641
2,1,2,1,30,2,,2,1,4,1.054,1.3681
2,1,2,1,31,2,,2,1,4,0.8875,1.255
2,1,2,1,32,1,,1,1,2,1.0459,1.7499
2,1,2,1,33,2,,2,1,4,1.3282,1.7444
2,1,2,1,34,4,,4,1,4,1.4982,1.8664
2,1,2,1,35,1,,1,1,4,1.1206,1.4349
2,1,3,2,1,1,4,1,1,4,1.5331,2.2375
2,1,3,2,2,2,3,2,1,4,1.6038,2.0034
2,1,3,2,3,4,3,2,0,3,1.7948,3.571
2,1,3,2,4,1,2,1,1,1,3.1221,3.4583
2,1,3,2,5,2,4,2,1,4,1.4135,1.974
2,1,3,2,6,2,3,2,1,3,1.5265,2.3429
2,1,3,2,7,1,4,1,1,3,1.0964,1.6728
2,1,3,2,8,4,2,4,1,1,2.1173,2.6136
2,1,3,2,9,3,2,3,1,4,1.4529,1.8526
2,1,3,2,10,4,2,2,0,4,1.5224,2.3699
2,1,3,2,11,2,3,2,1,3,1.1702,1.7622
2,1,3,2,12,1,3,3,0,3,1.7077,2.7164
2,1,3,2,13,3,1,3,1,3,1.7743,2.399
2,1,3,2,14,4,1,1,0,1,2.3502,3.0389
2,1,3,2,15,3,4,3,1,4,1.3472,1.9393
2,1,3,2,16,4,3,3,0,3,1.7018,2.3739
2,1,3,2,17,3,2,3,1,3,1.1893,1.8139
2,1,3,2,18,2,4,2,1,4,1.1333,1.4699
2,1,3,2,19,3,4,3,1,4,1.1549,1.7314
2,1,3,2,20,4,1,4,1,3,1.3264,1.966
2,1,3,2,21,3,2,3,1,4,1.3917,1.9195
2,1,3,2,22,1,2,2,0,2,1.4427,2.5789
2,1,3,2,23,1,2,2,0,1,1.9307,2.9063
2,1,3,2,24,4,2,2,0,3,1.2691,1.7654
2,1,3,2,25,2,3,2,1,3,1.4385,2.0949
2,1,3,2,26,3,2,3,1,4,1.339,2.0587
2,1,3,2,27,1,2,2,0,1,2.1682,3.4003
2,1,3,2,28,1,4,1,1,1,2.9111,3.9027
2,1,3,2,29,4,3,3,0,3,2.0959,3.5839
2,1,3,2,30,2,3,2,1,4,1.2314,1.5996
2,1,3,2,31,4,2,2,0,2,1.6306,2.3666
2,1,3,2,32,1,2,1,1,2,1.5038,2.2714
2,1,3,2,33,2,1,2,1,4,1.4602,1.8436
2,1,3,2,34,4,1,4,1,1,2.0908,2.7465
2,1,3,2,35,3,2,3,1,4,1.596,2.0599
2,2,1,2,1,2,3,2,1,4,1.5668,2.2064
2,2,1,2,2,3,4,3,1,4,1.4457,1.8614
2,2,1,2,3,2,3,2,1,4,1.0351,1.467
2,2,1,2,4,4,3,3,0,4,1.3597,1.7442
2,2,1,2,5,2,3,2,1,4,1.0668,1.4504
2,2,1,2,6,3,4,3,1,4,1.616,1.9841
2,2,1,2,7,4,3,3,0,2,1.8246,2.6881
2,2,1,2,8,2,4,2,1,4,1.1877,1.7317
2,2,1,2,9,1,4,1,1,1,2.3192,2.7988
2,2,1,2,10,3,2,3,1,4,1.4702,1.8065
2,2,1,2,11,2,3,2,1,3,1.3016,1.6219
2,2,1,2,12,3,4,3,1,4,1.3169,1.6534
2,2,1,2,13,1,4,1,1,4,1.4107,1.9706
2,2,1,2,14,1,2,1,1,2,1.4753,2.276
2,2,1,2,15,4,3,3,0,1,1.8167,2.6165
2,2,1,2,16,4,3,3,0,3,2.4152,3.0872
2,2,1,2,17,2,3,2,1,3,1.2336,1.8424
2,2,1,2,18,1,3,1,1,2,1.4965,2.5685
2,2,1,2,19,1,4,1,1,2,3.1683,3.7603
2,2,1,2,20,1,2,1,1,4,1.304,1.7197
2,2,1,2,21,2,3,2,1,2,1.5871,2.1472
2,2,1,2,22,4,1,4,1,2,1.725,2.4609
2,2,1,2,23,3,4,4,0,2,1.7056,2.4741
2,2,1,2,24,4,1,4,1,4,1.222,1.6704
2,2,1,2,25,1,4,4,0,1,1.9878,2.6911
2,2,1,2,26,2,4,2,1,4,1.1268,1.4951
2,2,1,2,27,4,2,2,0,1,2.0594,2.7475
2,2,1,2,28,4,2,4,1,4,1.2125,1.597
2,2,1,2,29,2,1,2,1,4,1.2129,2.1095
2,2,1,2,30,2,1,2,1,2,1.2247,1.5608
2,2,1,2,31,4,1,4,1,3,1.1627,1.6903
2,2,1,2,32,2,1,3,0,1,1.2552,4.1195
2,2,1,2,33,2,3,2,1,4,1.5512,1.9195
2,2,1,2,34,4,2,4,1,2,1.4746,2.3541
2,2,1,2,35,1,2,2,0,1,2.0838,2.7078
2,2,2,1,1,1,,1,1,2,1.3245,1.8048
2,2,2,1,2,2,,2,1,4,1.2529,1.5685
2,2,2,1,3,1,,3,0,2,1.9261,2.6934
2,2,2,1,4,1,,1,1,2,1.0815,1.4975
2,2,2,1,5,1,,3,0,3,1.3739,1.8222
2,2,2,1,6,3,,3,1,3,1.3011,1.717
2,2,2,1,7,3,,3,1,3,1.1354,1.5838
2,2,2,1,8,2,,2,1,4,1.1681,1.7447
2,2,2,1,9,4,,2,0,2,1.3074,1.899
2,2,2,1,10,3,,3,1,3,1.6634,2.159
2,2,2,1,11,3,,3,1,4,1.3847,1.7365
2,2,2,1,12,2,,2,1,4,1.1233,1.4348
2,2,2,1,13,2,,2,1,4,1.0498,1.4014
2,2,2,1,14,2,,2,1,2,1.2337,1.874
2,2,2,1,15,3,,2,0,3,1.223,1.7345
2,2,2,1,16,3,,3,1,4,1.2489,1.7294
2,2,2,1,17,4,,4,1,2,2.4283,3.0839
2,2,2,1,18,4,,2,0,3,1.408,2.0475
2,2,2,1,19,4,,2,0,3,1.5023,1.9821
2,2,2,1,20,4,,1,0,1,1.6788,2.2865
2,2,2,1,21,2,,2,1,4,1.1228,1.4582
2,2,2,1,22,3,,3,1,3,1.2408,1.7682
2,2,2,1,23,2,,2,1,4,1.042,1.4096
2,2,2,1,24,4,,4,1,2,1.5135,2.6016
2,2,2,1,25,1,,1,1,1,1.6327,2.2407
2,2,2,1,26,3,,3,1,3,1.1743,1.558
2,2,2,1,27,1,,1,1,3,1.0961,1.6562
2,2,2,1,28,1,,1,1,2,1.3183,1.766
2,2,2,1,29,2,,2,1,4,1.1995,1.5842
2,2,2,1,30,4,,4,1,3,2.4159,3.3446
2,2,2,1,31,3,,3,1,4,1.3051,1.753
2,2,2,1,32,4,,4,1,4,1.0592,1.5223
2,2,2,1,33,1,,1,1,3,0.9661,1.4942
2,2,2,1,34,4,,4,1,1,1.3064,1.7711
2,2,2,1,35,2,,2,1,4,1.4595,1.8916
2,2,3,3,1,3,1,3,1,4,1.9509,2.3029
2,2,3,3,2,3,1,3,1,4,1.4739,1.842
2,2,3,3,3,3,1,3,1,3,1.0643,1.4959
2,2,3,3,4,3,1,3,1,3,1.0534,1.3733
2,2,3,3,5,1,3,1,1,2,1.1905,1.6381
2,2,3,3,6,1,3,1,1,3,1.125,1.6045
2,2,3,3,7,1,3,1,1,3,1.3008,1.6848
2,2,3,3,8,1,3,1,1,4,0.9929,1.3292
2,2,3,3,9,1,3,1,1,3,1.0046,1.3182
2,2,3,3,10,1,3,1,1,2,0.9354,1.4315
2,2,3,3,11,1,3,1,1,2,1.455,2.0146
2,2,3,3,12,1,3,1,1,3,0.9108,1.235
2,2,3,3,13,1,3,1,1,4,0.8136,1.1653
2,2,3,3,14,1,3,1,1,3,1.0241,1.3595
2,2,3,3,15,3,1,3,1,4,1.53,2.0899
2,2,3,3,16,3,1,1,0,4,1.0305,1.4623
2,2,3,3,17,1,3,3,0,4,1.0045,1.6124
2,2,3,3,18,1,3,3,0,2,1.4841,2.0756
2,2,3,3,19,1,3,1,1,3,1.0806,1.801
2,2,3,3,20,3,1,3,1,3,1.9361,2.4485
2,2,3,3,21,3,1,3,1,4,1.0057,1.7261
2,2,3,3,22,3,1,3,1,2,1.2572,1.7852
2,2,3,3,23,1,3,1,1,4,0.9619,1.3135
2,2,3,3,24,3,1,3,1,4,0.942,1.2939
2,2,3,3,25,1,3,1,1,4,0.8267,1.2102
2,2,3,3,26,3,1,3,1,4,0.9074,1.3073
2,2,3,3,27,3,1,3,1,4,0.6471,1.1435
2,2,3,3,28,3,1,3,1,4,0.7781,1.1299
2,2,3,3,29,3,1,3,1,4,0.8621,1.2304
2,2,3,3,30,1,3,1,1,3,1.0059,1.4857
2,2,3,3,31,3,1,3,1,4,0.8346,1.2985
2,2,3,3,32,3,1,3,1,4,1.0073,1.5194
2,2,3,3,33,1,3,1,1,3,1.0101,1.3621
2,2,3,3,34,3,1,3,1,2,1.1163,1.629
2,2,3,3,35,3,1,3,1,4,1.084,1.4042
2,3,1,3,1,4,3,3,0,4,2.0425,2.4904
2,3,1,3,2,3,4,3,1,3,1.3185,1.9425
2,3,1,3,3,4,3,3,0,2,1.2404,1.8807
2,3,1,3,4,4,3,3,0,3,1.31,1.6776
2,3,1,3,5,4,3,3,0,2,1.1787,2.027
2,3,1,3,6,4,3,3,0,1,1.5614,2.2816
2,3,1,3,7,4,3,4,1,2,1.3579,2.2058
2,3,1,3,8,4,3,3,0,3,1.2694,1.8294
2,3,1,3,9,4,3,4,1,4,1.132,1.6121
2,3,1,3,10,3,4,3,1,3,1.4842,2.1403
2,3,1,3,11,3,4,3,1,4,1.2221,1.9257
2,3,1,3,12,3,4,3,1,4,1.0494,1.433
2,3,1,3,13,4,3,4,1,1,1.2315,1.9038
2,3,1,3,14,3,4,3,1,2,1.0429,1.3955
2,3,1,3,15,4,3,4,1,1,1.5478,2.2364
2,3,1,3,16,4,3,4,1,3,1.1221,1.5856
2,3,1,3,17,4,3,4,1,1,1.1067,1.6345
2,3,1,3,18,3,4,3,1,4,0.9772,1.297
2,3,1,3,19,3,4,3,1,3,1.4061,1.9015
2,3,1,3,20,4,3,4,1,2,1.6334,2.6574
2,3,1,3,21,3,4,3,1,3,0.9505,1.2864
2,3,1,3,22,4,3,4,1,2,1.362,1.8266
2,3,1,3,23,4,3,4,1,2,1.1136,1.6416
2,3,1,3,24,4,3,4,1,2,1.176,1.5922
2,3,1,3,25,3,4,3,1,4,1.0328,1.3845
2,3,1,3,26,3,4,3,1,3,1.201,1.6171
2,3,1,3,27,3,4,3,1,3,1.4407,1.7768
2,3,1,3,28,4,3,4,1,2,1.53,1.9936
2,3,1,3,29,4,3,4,1,4,1.0818,1.6735
2,3,1,3,30,3,4,3,1,3,1.3669,1.8311
2,3,1,3,31,3,4,3,1,3,1.0861,1.5019
2,3,1,3,32,3,4,4,0,1,1.0258,2.4502
2,3,1,3,33,4,3,4,1,2,1.3278,1.8396
2,3,1,3,34,3,4,3,1,4,0.9499,1.4774
2,3,1,3,35,4,3,3,0,3,1.387,1.702
2,3,2,2,1,4,3,4,1,3,1.7098,2.3813
2,3,2,2,2,2,3,2,1,3,1.7105,2.4622
2,3,2,2,3,3,1,3,1,3,2.3791,2.7473
2,3,2,2,4,4,3,4,1,4,1.084,1.4359
2,3,2,2,5,3,4,3,1,3,1.3474,1.7792
2,3,2,2,6,2,1,2,1,4,1.1955,1.5315
2,3,2,2,7,1,3,1,1,3,1.1509,1.6142
2,3,2,2,8,2,4,2,1,4,1.167,1.4869
2,3,2,2,9,2,3,2,1,3,1.1234,1.5073
2,3,2,2,10,2,4,2,1,4,0.9837,1.3678
2,3,2,2,11,1,3,1,1,1,2.0971,2.4194
2,3,2,2,12,4,2,2,0,3,2.0315,2.4948
2,3,2,2,13,2,1,2,1,4,1.4345,1.7866
2,3,2,2,14,4,2,4,1,4,1.2027,1.539
2,3,2,2,15,2,1,2,1,3,0.9655,1.4621
2,3,2,2,16,2,3,2,1,4,1.2597,1.5684
2,3,2,2,17,1,2,2,0,1,1.7252,2.125
2,3,2,2,18,4,1,4,1,3,1.3994,2.072
2,3,2,2,19,2,4,2,1,2,1.3002,2.0524
2,3,2,2,20,2,3,2,1,3,1.1375,1.6819
2,3,2,2,21,2,3,2,1,4,1.023,1.3347
2,3,2,2,22,3,2,3,1,3,1.4809,2.0411
2,3,2,2,23,2,3,2,1,4,1.0632,1.385
2,3,2,2,24,2,1,2,1,4,1.12,1.4724
2,3,2,2,25,2,1,2,1,3,1.0937,1.6376
2,3,2,2,26,1,4,1,1,3,1.0437,1.4116
2,3,2,2,27,4,2,4,1,2,1.2279,2.3642
2,3,2,2,28,2,3,2,1,4,1.1172,1.4528
2,3,2,2,29,2,4,2,1,3,1.0908,1.4017
2,3,2,2,30,1,3,1,1,4,0.9391,1.3392
2,3,2,2,31,3,4,3,1,3,1.7023,2.1821
2,3,2,2,32,2,3,2,1,4,1.0545,1.4705
2,3,2,2,33,2,3,2,1,4,0.9644,1.2848
2,3,2,2,34,3,2,2,0,3,1.1213,1.4888
2,3,2,2,35,4,3,3,0,2,1.3496,2.0055
2,3,3,1,1,1,,1,1,2,1.3877,2.0601
2,3,3,1,2,3,,3,1,3,1.4493,1.7687
2,3,3,1,3,2,,2,1,4,1.186,1.5018
2,3,3,1,4,1,,3,0,2,1.462,1.9105
2,3,3,1,5,1,,1,1,2,1.2102,1.5616
2,3,3,1,6,1,,1,1,3,1.4836,2.0117
2,3,3,1,7,3,,2,0,4,1.2753,1.7076
2,3,3,1,8,2,,2,1,3,1.6553,2.1352
2,3,3,1,9,1,,1,1,2,1.169,1.485
2,3,3,1,10,2,,2,1,3,1.0289,1.4131
2,3,3,1,11,2,,2,1,3,1.1821,1.5176
2,3,3,1,12,3,,3,1,3,1.2169,1.633
2,3,3,1,13,3,,3,1,3,1.3605,1.7447
2,3,3,1,14,3,,3,1,2,1.4505,1.8665
2,3,3,1,15,4,,2,0,2,1.3766,1.7925
2,3,3,1,16,3,,3,1,4,1.0961,1.5601
2,3,3,1,17,2,,2,1,4,0.9856,1.3539
2,3,3,1,18,4,,3,0,3,1.1719,1.5564
2,3,3,1,19,3,,3,1,3,0.9339,1.3025
2,3,3,1,20,1,,1,1,2,1.3466,1.7779
2,3,3,1,21,2,,2,1,4,0.987,1.3716
2,3,3,1,22,4,,2,0,2,1.3332,1.9084
2,3,3,1,23,3,,3,1,2,1.1761,1.5928
2,3,3,1,24,1,,1,1,3,1.113,1.435
2,3,3,1,25,4,,3,0,2,1.1998,1.6958
2,3,3,1,26,1,,2,0,1,1.34,1.8844
2,3,3,1,27,2,,2,1,3,1.3288,1.665
2,3,3,1,28,4,,4,1,2,1.5335,2.2854
2,3,3,1,29,4,,4,1,3,1.3776,1.841
2,3,3,1,30,3,,3,1,4,1.4316,1.7522
2,3,3,1,31,3,,3,1,4,1.0249,1.3772
2,3,3,1,32,2,,2,1,4,1.0664,1.4032
2,3,3,1,33,3,,3,1,4,1.4273,1.7946
2,3,3,1,34,2,,2,1,3,1.0357,1.4193
2,3,3,1,35,2,,2,1,4,0.9151,1.2347
2,4,1,1,1,1,,1,1,4,1.0663,1.4497
2,4,1,1,2,2,,2,1,4,1.0078,1.3183
2,4,1,1,3,3,,3,1,4,1.0678,1.3849
2,4,1,1,4,4,,4,1,1,1.1883,1.6682
2,4,1,1,5,4,,4,1,2,0.8979,1.2654
2,4,1,1,6,2,,2,1,3,1.2795,1.7599
2,4,1,1,7,4,,4,1,2,1.2896,1.6731
2,4,1,1,8,2,,2,1,3,1.1903,1.5017
2,4,1,1,9,2,,2,1,2,1.1464,1.4992
2,4,1,1,10,1,,1,1,3,1.1516,1.4683
2,4,1,1,11,2,,4,0,2,1.3646,2.3572
2,4,1,1,12,4,,3,0,2,2.0058,2.5182
2,4,1,1,13,1,,1,1,3,1.1205,1.4717
2,4,1,1,14,1,,1,1,3,1.3012,1.7494
2,4,1,1,15,1,,1,1,2,1.3442,1.7919
2,4,1,1,16,1,,1,1,2,1.7203,2.3124
2,4,1,1,17,3,,1,0,3,1.5476,2.0749
2,4,1,1,18,3,,2,0,2,1.6405,2.0883
2,4,1,1,19,3,,3,1,4,1.3482,1.7165
2,4,1,1,20,3,,4,0,1,1.4234,1.8078
2,4,1,1,21,2,,2,1,3,1.5271,1.8354
2,4,1,1,22,4,,4,1,2,1.054,1.5334
2,4,1,1,23,4,,4,1,3,1.0727,1.6485
2,4,1,1,24,1,,1,1,3,1.4549,1.8386
2,4,1,1,25,2,,2,1,4,1.0129,1.3494
2,4,1,1,26,1,,1,1,3,1.2323,1.6961
2,4,1,1,27,4,,4,1,3,1.0363,1.5329
2,4,1,1,28,3,,2,0,2,1.1989,1.9837
2,4,1,1,29,4,,4,1,2,1.3273,1.7111
2,4,1,1,30,2,,2,1,3,1.1475,1.5153
2,4,1,1,31,4,,3,0,2,1.4711,2.1275
2,4,1,1,32,2,,2,1,3,1.3055,1.6893
2,4,1,1,33,2,,2,1,4,0.966,1.3024
2,4,1,1,34,4,,4,1,2,1.0745,1.6024
2,4,1,1,35,3,,3,1,3,1.3464,1.7785
2,4,2,2,1,3,1,3,1,3,1.5058,2.0496
2,4,2,2,2,2,3,3,0,2,1.7117,2.0956
2,4,2,2,3,3,4,3,1,3,0.9716,2.0111
2,4,2,2,4,2,4,2,1,4,1.3386,1.659
2,4,2,2,5,4,2,4,1,2,2.2973,2.8252
2,4,2,2,6,2,4,2,1,3,0.9666,1.3351
2,4,2,2,7,4,2,2,0,3,1.0898,1.4097
2,4,2,2,8,3,1,3,1,3,1.9781,2.6657
2,4,2,2,9,4,2,4,1,1,1.9343,2.6223
2,4,2,2,10,2,3,2,1,4,0.9965,1.3646
2,4,2,2,11,2,3,2,1,4,1.1187,1.6629
2,4,2,2,12,3,2,3,1,3,1.1802,1.549
2,4,2,2,13,3,1,3,1,4,1.2635,1.6308
2,4,2,2,14,3,2,3,1,4,1.0225,1.358
2,4,2,2,15,1,3,1,1,3,1.1927,1.6886
2,4,2,2,16,2,3,2,1,3,1.0452,1.7013
2,4,2,2,17,4,3,4,1,1,1.8087,2.2411
2,4,2,2,18,1,3,1,1,3,1.1263,1.4629
2,4,2,2,19,2,4,2,1,4,1.0685,1.5166
2,4,2,2,20,1,3,1,1,2,1.3919,1.8876
2,4,2,2,21,4,1,4,1,2,1.7,2.3565
2,4,2,2,22,4,2,2,0,2,1.9413,2.4695
2,4,2,2,23,3,1,3,1,4,1.4095,1.8417
2,4,2,2,24,3,1,3,1,4,1.0323,1.4794
2,4,2,2,25,3,1,3,1,4,1.0533,1.4212
2,4,2,2,26,3,1,3,1,4,1.1244,1.4925
2,4,2,2,27,2,4,2,1,3,1.1774,1.6254
2,4,2,2,28,1,2,2,0,2,2.1842,2.7448
2,4,2,2,29,3,4,4,0,1,1.8339,2.5537
2,4,2,2,30,3,1,3,1,3,1.3945,1.8103
2,4,2,2,31,2,3,2,1,4,1.2102,1.7546
2,4,2,2,32,4,3,4,1,2,1.6521,2.34
2,4,2,2,33,3,2,3,1,4,1.3499,1.7819
2,4,2,2,34,1,4,4,0,1,1.6146,2.2231
2,4,2,2,35,2,4,2,1,4,1.1417,1.4517
2,4,3,3,1,1,4,1,1,3,1.4577,1.7943
2,4,3,3,2,4,1,4,1,2,1.099,1.4507
2,4,3,3,3,4,1,1,0,1,1.7923,2.3044
2,4,3,3,4,4,1,4,1,3,0.9959,1.3183
2,4,3,3,5,4,1,4,1,2,1.2314,1.5996
2,4,3,3,6,1,4,1,1,3,1.1515,1.4684
2,4,3,3,7,1,4,1,1,3,1.0935,1.4016
2,4,3,3,8,4,1,4,1,3,1.1812,1.8211
2,4,3,3,9,4,1,4,1,3,1.22,1.7801
2,4,3,3,10,1,4,1,1,4,0.8774,1.3578
2,4,3,3,11,1,4,1,1,4,0.8552,1.224
2,4,3,3,12,1,4,1,1,3,0.9673,1.2848
2,4,3,3,13,1,4,1,1,3,1.3323,1.9401
2,4,3,3,14,4,1,4,1,4,1.078,1.4016
2,4,3,3,15,4,1,4,1,4,0.9749,1.3103
2,4,3,3,16,1,4,1,1,4,1.2102,1.5791
2,4,3,3,17,1,4,1,1,4,1.1155,1.6275
2,4,3,3,18,4,1,4,1,2,1.0341,1.7861
2,4,3,3,19,4,1,4,1,3,0.9148,1.3468
2,4,3,3,20,4,1,4,1,2,1.3733,2.2218
2,4,3,3,21,1,4,1,1,4,1.1243,1.4442
2,4,3,3,22,1,4,1,1,4,1.1469,1.4685
2,4,3,3,23,4,1,4,1,2,1.5682,2.1764
2,4,3,3,24,4,1,4,1,4,0.9531,1.4325
2,4,3,3,25,4,1,4,1,4,0.8804,1.2166
2,4,3,3,26,4,1,4,1,4,0.7997,1.1362
2,4,3,3,27,1,4,1,1,2,0.9634,1.395
2,4,3,3,28,1,4,1,1,3,1.116,1.435
2,4,3,3,29,4,1,4,1,3,1.075,1.4268
2,4,3,3,30,1,4,1,1,1,1.1461,1.6262
2,4,3,3,31,4,1,4,1,3,0.9693,1.5774
2,4,3,3,32,1,4,1,1,4,0.8587,1.4821
2,4,3,3,33,1,4,1,1,4,0.8478,1.1682
2,4,3,3,34,1,4,1,1,4,0.7855,1.1014
2,4,3,3,35,1,4,1,1,4,0.9181,1.2348
2,5,1,1,1,3,,3,1,3,1.5648,1.9004
2,5,1,1,2,4,,2,0,2,1.264,1.5852
2,5,1,1,3,2,,2,1,3,0.9127,1.2493
2,5,1,1,4,1,,1,1,3,0.8958,1.2182
2,5,1,1,5,1,,1,1,4,0.8793,1.2014
2,5,1,1,6,1,,1,1,4,0.8957,1.2181
2,5,1,1,7,2,,2,1,4,1.0717,1.3848
2,5,1,1,8,3,,3,1,4,1.0156,1.335
2,5,1,1,9,2,,2,1,3,1.0748,1.3849
2,5,1,1,10,4,,4,1,1,1.1793,1.8036
2,5,1,1,11,1,,1,1,3,1.1387,1.4517
2,5,1,1,12,4,,2,0,3,1.417,1.7355
2,5,1,1,13,4,,4,1,1,1.1073,1.7155
2,5,1,1,14,4,,4,1,3,0.9748,1.3751
2,5,1,1,15,1,,1,1,3,1.2245,1.5607
2,5,1,1,16,1,,1,1,2,1.0022,1.5149
2,5,1,1,17,3,,2,0,2,1.4866,1.9667
2,5,1,1,18,4,,4,1,3,1.0241,1.5201
2,5,1,1,19,3,,3,1,4,1.4758,1.8912
2,5,1,1,20,2,,2,1,2,1.512,1.9276
2,5,1,1,21,3,,3,1,3,1.0985,1.4668
2,5,1,1,22,3,,3,1,1,1.2003,1.5677
2,5,1,1,23,4,,2,0,1,1.6171,2.0973
2,5,1,1,24,2,,2,1,3,1.3897,1.7021
2,5,1,1,25,1,,1,1,1,1.6091,1.9454
2,5,1,1,26,2,,2,1,3,1.4031,1.7188
2,5,1,1,27,4,,4,1,1,1.1742,1.526
2,5,1,1,28,4,,4,1,1,1.082,1.4494
2,5,1,1,29,4,,3,0,2,1.7605,2.2085
2,5,1,1,30,4,,4,1,3,1.1597,1.56
2,5,1,1,31,1,,3,0,1,1.3054,1.6575
2,5,1,1,32,2,,3,0,1,1.6235,1.9915
2,5,1,1,33,3,,3,1,3,1.1593,1.4685
2,5,1,1,34,4,,3,0,2,1.805,2.1192
2,5,1,1,35,4,,4,1,4,1.0638,1.385
2,5,2,3,1,2,3,4,0,1,1.2391,2.7912
2,5,2,3,2,2,3,2,1,3,2.2946,2.7582
2,5,2,3,3,2,3,2,1,4,0.9665,1.2849
2,5,2,3,4,3,2,3,1,4,1.0598,1.3686
2,5,2,3,5,2,3,2,1,3,1.0698,1.3848
2,5,2,3,6,3,2,3,1,4,1.0944,1.4186
2,5,2,3,7,2,3,2,1,3,0.9573,1.2682
2,5,2,3,8,2,3,2,1,4,0.8751,1.1848
2,5,2,3,9,3,2,2,0,1,1.564,1.9966
2,5,2,3,10,2,3,2,1,3,1.2447,1.6445
2,5,2,3,11,2,3,2,1,3,1.1632,1.4852
2,5,2,3,12,2,3,2,1,2,0.9913,1.3016
2,5,2,3,13,3,2,3,1,3,1.1641,1.4853
2,5,2,3,14,3,2,3,1,4,0.8966,1.3769
2,5,2,3,15,3,2,3,1,3,0.9543,1.2682
2,5,2,3,16,3,2,3,1,3,0.9032,1.2179
2,5,2,3,17,2,3,2,1,4,0.9991,1.3183
2,5,2,3,18,3,2,3,1,2,1.2826,1.6664
2,5,2,3,19,3,2,3,1,4,0.896,1.2181
2,5,2,3,20,3,2,3,1,3,1.0877,1.4015
2,5,2,3,21,2,3,2,1,4,1.0158,1.3351
2,5,2,3,22,2,3,2,1,4,1.0753,1.3849
2,5,2,3,23,3,2,3,1,4,1.1643,1.485
2,5,2,3,24,2,3,2,1,4,0.9128,1.2485
2,5,2,3,25,3,2,3,1,2,1.2796,1.6475
2,5,2,3,26,2,3,2,1,3,0.8778,1.2015
2,5,2,3,27,2,3,2,1,3,1.3581,1.6685
2,5,2,3,28,3,2,3,1,4,1.1316,1.4516
2,5,2,3,29,3,2,3,1,3,0.8019,1.3134
2,5,2,3,30,3,2,3,1,3,0.8301,1.1515
2,5,2,3,31,2,3,2,1,4,0.7363,1.0559
2,5,2,3,32,2,3,2,1,2,1.079,1.4786
2,5,2,3,33,3,2,3,1,4,1.5161,1.8354
2,5,2,3,34,2,3,2,1,4,0.8347,1.1514
2,5,2,3,35,2,3,2,1,2,0.9807,1.3166
2,5,3,2,1,1,3,1,1,3,1.2868,1.6869
2,5,3,2,2,3,2,3,1,3,1.4113,1.7353
2,5,3,2,3,1,2,1,1,4,1.1982,1.6135
2,5,3,2,4,1,2,1,1,3,0.9579,1.2782
2,5,3,2,5,1,2,1,1,3,0.9556,1.2683
2,5,3,2,6,4,2,4,1,2,1.5452,2.1528
2,5,3,2,7,2,3,2,1,4,0.9787,1.3016
2,5,3,2,8,4,1,1,0,2,1.2302,1.6469
2,5,3,2,9,3,4,4,0,2,1.3571,1.9811
2,5,3,2,10,1,2,1,1,3,1.4059,1.8057
2,5,3,2,11,2,1,2,1,4,1.1416,1.4772
2,5,3,2,12,2,1,1,0,1,1.2272,2.043
2,5,3,2,13,4,2,4,1,1,1.8813,2.2967
2,5,3,2,14,3,2,3,1,4,1.149,1.4852
2,5,3,2,15,1,2,1,1,3,0.9779,1.3015
2,5,3,2,16,3,2,3,1,4,1.0375,1.3899
2,5,3,2,17,3,4,3,1,2,1.6707,2.6302
2,5,3,2,18,1,2,1,1,3,1.229,1.6123
2,5,3,2,19,1,2,1,1,4,1.1486,1.6127
2,5,3,2,20,2,1,2,1,2,1.436,1.9484
2,5,3,2,21,3,4,3,1,2,1.5985,2.0146
2,5,3,2,22,2,1,2,1,3,1.4055,1.7256
2,5,3,2,23,1,3,1,1,2,1.3847,1.702
2,5,3,2,24,3,2,2,0,2,1.5404,2.1642
2,5,3,2,25,2,4,2,1,4,1.0217,1.3351
2,5,3,2,26,3,1,3,1,4,1.1283,1.4803
2,5,3,2,27,1,3,1,1,2,0.9901,1.342
2,5,3,2,28,3,2,3,1,4,1.0649,1.385
2,5,3,2,29,1,4,1,1,3,0.929,1.2515
2,5,3,2,30,3,4,3,1,4,1.3121,1.6793
2,5,3,2,31,2,3,2,1,3,1.245,1.6124
2,5,3,2,32,2,1,2,1,4,1.1329,1.4517
2,5,3,2,33,2,3,2,1,2,1.1708,1.8912
2,5,3,2,34,3,1,3,1,4,1.223,1.5429
2,5,3,2,35,2,4,2,1,2,1.178,1.5778
2,6,1,2,1,2,3,2,1,4,1.6866,2.0023
2,6,1,2,2,4,1,4,1,2,1.3177,1.7016
2,6,1,2,3,4,3,4,1,1,1.074,1.4736
2,6,1,2,4,4,2,4,1,2,1.7826,2.4709
2,6,1,2,5,3,1,3,1,4,1.1716,1.4852
2,6,1,2,6,1,4,1,1,3,1.1603,1.4851
2,6,1,2,7,2,3,2,1,3,1.101,1.4684
2,6,1,2,8,2,3,2,1,4,0.9619,1.2849
2,6,1,2,9,2,1,2,1,2,1.583,2.1747
2,6,1,2,10,2,4,2,1,4,1.0474,1.3684
2,6,1,2,11,4,3,4,1,1,1.3447,1.8406
2,6,1,2,12,4,3,4,1,2,1.0953,1.4313
2,6,1,2,13,4,2,4,1,3,1.1985,1.7908
2,6,1,2,14,4,2,4,1,1,1.6712,2.119
2,6,1,2,15,1,2,2,0,3,2.7375,3.074
2,6,1,2,16,2,1,1,0,3,0.9496,1.2681
2,6,1,2,17,3,4,3,1,3,1.7308,2.0826
2,6,1,2,18,2,4,2,1,4,1.0719,1.3912
2,6,1,2,19,4,1,4,1,2,1.2086,1.6722
2,6,1,2,20,3,1,3,1,4,1.6855,2.022
2,6,1,2,21,3,4,3,1,4,1.1883,1.54
2,6,1,2,22,2,3,2,1,4,1.0952,1.4184
2,6,1,2,23,4,3,3,0,1,1.9665,2.286
2,6,1,2,24,3,4,3,1,3,1.138,1.7458
2,6,1,2,25,2,1,2,1,4,1.0847,1.4017
2,6,1,2,26,4,2,4,1,3,1.1883,1.5891
2,6,1,2,27,3,1,3,1,4,1.5257,1.8455
2,6,1,2,28,4,1,4,1,4,1.2121,1.6439
2,6,1,2,29,4,1,4,1,2,1.4659,1.93
2,6,1,2,30,4,3,3,0,1,1.7887,2.5889
2,6,1,2,31,2,1,2,1,4,1.2205,1.5352
2,6,1,2,32,3,1,3,1,4,1.1914,1.5109
2,6,1,2,33,3,1,3,1,4,1.1471,1.4684
2,6,1,2,34,3,4,3,1,2,1.0247,1.7925
2,6,1,2,35,3,2,3,1,4,1.0331,1.3691
2,6,2,3,1,2,4,2,1,3,1.2728,1.5929
2,6,2,3,2,2,4,2,1,4,0.9218,1.2348
2,6,2,3,3,4,2,4,1,2,1.4805,1.9129
2,6,2,3,4,2,4,2,1,3,1.1804,1.5163
2,6,2,3,5,2,4,2,1,3,1.1045,1.4185
2,6,2,3,6,2,4,2,1,3,1.0952,1.512
2,6,2,3,7,4,2,4,1,1,0.9876,1.6916
2,6,2,3,8,4,2,4,1,2,1.1278,1.4517
2,6,2,3,9,4,2,4,1,3,0.798,1.1181
2,6,2,3,10,2,4,2,1,4,0.9138,1.2502
2,6,2,3,11,4,2,2,0,1,1.2477,1.5685
2,6,2,3,12,4,2,4,1,3,1.1218,1.5052
2,6,2,3,13,2,4,2,1,4,0.9497,1.2692
2,6,2,3,14,2,4,2,1,4,0.8835,1.2015
2,6,2,3,15,4,2,2,0,1,0.8997,1.2677
2,6,2,3,16,2,4,2,1,3,0.7208,1.0345
2,6,2,3,17,2,4,2,1,3,0.824,1.144
2,6,2,3,18,2,4,2,1,4,0.7794,1.1014
2,6,2,3,19,4,2,2,0,1,0.9113,1.296
2,6,2,3,20,2,4,2,1,3,0.9088,1.2181
2,6,2,3,21,4,2,2,0,1,1.0843,1.5646
2,6,2,3,22,4,2,4,1,3,0.9105,1.3739
2,6,2,3,23,4,2,4,1,3,0.8713,1.3198
2,6,2,3,24,2,4,2,1,3,0.8829,1.2668
2,6,2,3,25,2,4,2,1,4,0.6407,0.9512
2,6,2,3,26,2,4,2,1,3,0.6834,1.1634
2,6,2,3,27,2,4,2,1,3,0.5576,0.9896
2,6,2,3,28,4,2,2,0,1,0.7268,1.1753
2,6,2,3,29,4,2,2,0,1,0.8888,1.9766
2,6,2,3,30,2,4,2,1,3,0.9538,1.2738
2,6,2,3,31,4,2,4,1,4,0.6473,0.9678
2,6,2,3,32,2,4,2,1,3,1.041,1.3515
2,6,2,3,33,2,4,2,1,1,1.0993,1.4183
2,6,2,3,34,2,4,2,1,4,0.7707,1.1228
2,6,2,3,35,4,2,2,0,1,1.3022,1.7343
2,6,3,1,1,4,,3,0,3,1.2717,1.5852
2,6,3,1,2,2,,2,1,4,1.1121,1.4644
2,6,3,1,3,3,,3,1,3,1.3102,1.6625
2,6,3,1,4,3,,3,1,4,1.1,1.4184
2,6,3,1,5,3,,3,1,4,0.899,1.2513
2,6,3,1,6,2,,2,1,3,0.9933,1.3617
2,6,3,1,7,2,,2,1,3,1.1643,1.4851
2,6,3,1,8,1,,2,0,1,1.4089,1.7187
2,6,3,1,9,2,,2,1,3,1.0995,1.4184
2,6,3,1,10,4,,2,0,3,0.8506,1.2186
2,6,3,1,11,1,,1,1,1,1.4426,1.8268
2,6,3,1,12,2,,2,1,4,0.9539,1.4333
2,6,3,1,13,1,,1,1,3,1.1207,1.5208
2,6,3,1,14,2,,2,1,4,0.9316,1.2673
2,6,3,1,15,2,,2,1,3,1.0411,1.3516
2,6,3,1,16,4,,4,1,4,1.42,1.8355
2,6,3,1,17,3,,4,0,1,1.1214,1.4349
2,6,3,1,18,1,,3,0,3,1.289,1.6563
2,6,3,1,19,1,,1,1,2,1.2548,1.6389
2,6,3,1,20,4,,2,0,2,1.1891,1.7653
2,6,3,1,21,2,,2,1,3,1.1026,1.4182
2,6,3,1,22,1,,1,1,3,1.3024,1.6218
2,6,3,1,23,1,,1,1,4,0.8209,1.1349
2,6,3,1,24,2,,2,1,3,0.9848,1.3206
2,6,3,1,25,4,,4,1,2,1.2197,1.5402
2,6,3,1,26,1,,1,1,3,1.3186,1.6353
2,6,3,1,27,2,,2,1,3,1.253,1.5686
2,6,3,1,28,3,,2,0,2,1.4785,1.9267
2,6,3,1,29,2,,2,1,2,1.2412,1.5519
2,6,3,1,30,4,,4,1,4,1.1472,1.5155
2,6,3,1,31,2,,2,1,3,1.087,1.4073
2,6,3,1,32,2,,2,1,2,1.0955,1.4314
2,6,3,1,33,2,,2,1,3,0.8147,1.1352
2,6,3,1,34,4,,1,0,3,1.2821,1.602
2,6,3,1,35,2,,2,1,4,0.9139,1.235
3,1,1,2,1,2,1,1,0,3,1.8979,2.2191
3,1,1,2,2,1,2,1,1,2,0.7849,1.6649
3,1,1,2,3,4,3,3,0,2,1.1184,1.5981
3,1,1,2,4,4,3,4,1,2,1.7433,2.0523
3,1,1,2,5,1,3,2,0,3,1.8035,2.2516
3,1,1,2,6,3,4,4,0,2,2.161,2.4697
3,1,1,2,7,4,2,2,0,2,1.7254,2.0358
3,1,1,2,8,2,3,3,0,3,1.4832,1.8195
3,1,1,2,9,3,2,2,0,2,1.762,2.7064
3,1,1,2,10,2,4,2,1,2,1.812,3.4126
3,1,1,2,11,2,4,4,0,2,2.49,2.9702
3,1,1,2,12,2,4,4,0,2,1.3943,1.7018
3,1,1,2,13,3,4,3,1,2,1.1977,1.5499
3,1,1,2,14,1,2,1,1,2,1.0233,1.4553
3,1,1,2,15,1,3,3,0,2,2.4531,2.7696
3,1,1,2,16,3,1,3,1,2,1.1736,1.485
3,1,1,2,17,2,3,2,1,2,1.8652,2.5537
3,1,1,2,18,3,4,3,1,2,1.4105,1.7461
3,1,1,2,19,1,4,1,1,2,1.3569,1.6687
3,1,1,2,20,3,4,3,1,2,1.2901,1.93
3,1,1,2,21,1,3,1,1,2,2.3167,2.7645
3,1,1,2,22,4,2,4,1,2,1.5977,2.2853
3,1,1,2,23,3,2,2,0,2,2.5612,4.8332
3,1,1,2,24,4,3,3,0,2,3.0531,3.5173
3,1,1,2,25,3,1,3,1,2,3.1984,3.727
3,1,1,2,26,3,4,3,1,2,2.8878,3.336
3,1,1,2,27,3,2,3,1,2,1.4721,2.0002
3,1,1,2,28,1,3,1,1,2,1.328,1.6797
3,1,1,2,29,2,3,2,1,2,1.3565,1.6685
3,1,1,2,30,2,4,2,1,2,1.3222,1.6353
3,1,1,2,31,4,3,4,1,2,2.2647,2.8405
3,1,1,2,32,2,3,2,1,2,1.461,1.9572
3,1,1,2,33,1,4,4,0,2,2.4066,2.951
3,1,1,2,34,3,1,3,1,2,2.448,2.9115
3,1,1,2,35,1,3,3,0,2,2.1058,2.5541
3,1,2,1,1,3,,3,1,2,1.5125,2.3441
3,1,2,1,2,2,,2,1,2,1.5139,2.0582
3,1,2,1,3,3,,3,1,2,1.2715,1.7678
3,1,2,1,4,2,,2,1,2,1.6963,2.1444
3,1,2,1,5,2,,2,1,2,1.7226,2.2509
3,1,2,1,6,2,,2,1,3,1.1998,1.9677
3,1,2,1,7,3,,3,1,3,1.3276,1.8718
3,1,2,1,8,4,,2,0,2,1.348,1.7165
3,1,2,1,9,2,,2,1,2,1.1996,1.5185
3,1,2,1,10,3,,3,1,2,1.2834,1.6018
3,1,2,1,11,1,,1,1,2,2.2418,2.8179
3,1,2,1,12,3,,2,0,2,1.5684,1.8856
3,1,2,1,13,2,,2,1,2,1.0286,1.3517
3,1,2,1,14,4,,2,0,2,1.1346,1.4516
3,1,2,1,15,1,,2,0,2,1.1242,1.4349
3,1,2,1,16,4,,3,0,2,1.4037,1.7187
3,1,2,1,17,1,,3,0,2,0.9348,1.5905
3,1,2,1,18,1,,2,0,2,1.7507,2.5032
3,1,2,1,19,1,,1,1,2,1.1526,1.6653
3,1,2,1,20,1,,2,0,2,0.9911,1.3015
3,1,2,1,21,2,,2,1,2,1.259,1.5684
3,1,2,1,22,4,,3,0,2,1.0048,1.3182
3,1,2,1,23,4,,2,0,2,1.1602,1.4681
3,1,2,1,24,3,,3,1,2,1.2297,1.5518
3,1,2,1,25,1,,2,0,2,1.2476,1.8394
3,1,2,1,26,4,,3,0,2,1.7015,2.0187
3,1,2,1,27,4,,1,0,2,1.0762,2.2284
3,1,2,1,28,1,,2,0,2,1.0827,1.4352
3,1,2,1,29,3,,3,1,2,1.1857,1.57
3,1,2,1,30,4,,3,0,2,1.139,2.0509
3,1,2,1,31,4,,2,0,2,1.8401,2.3684
3,1,2,1,32,4,,3,0,2,1.0887,1.5205
3,1,2,1,33,1,,2,0,2,1.5556,1.8686
3,1,2,1,34,1,,2,0,2,1.7213,2.0356
3,1,2,1,35,1,,1,1,2,1.2226,1.7825
3,1,3,3,1,1,3,3,0,1,2.3585,3.2378
3,1,3,3,2,1,3,3,0,1,2.2105,3.0907
3,1,3,3,3,1,3,3,0,1,2.6615,3.3817
3,1,3,3,4,3,1,3,1,1,1.149,1.5495
3,1,3,3,5,3,1,3,1,1,2.4798,2.8796
3,1,3,3,6,3,1,3,1,1,1.0837,1.4033
3,1,3,3,7,3,1,3,1,1,1.8598,2.169
3,1,3,3,8,1,3,1,1,1,1.388,1.7245
3,1,3,3,9,1,3,3,0,1,1.2712,1.5854
3,1,3,3,10,1,3,3,0,1,1.4805,1.8021
3,1,3,3,11,3,1,3,1,1,1.36,1.6686
3,1,3,3,12,1,3,3,0,1,1.2768,1.8851
3,1,3,3,13,3,1,3,1,1,1.3445,1.6685
3,1,3,3,14,3,1,3,1,1,1.1822,1.5017
3,1,3,3,15,1,3,3,0,1,1.2021,1.586
3,1,3,3,16,3,1,3,1,1,1.283,1.6019
3,1,3,3,17,1,3,1,1,1,1.1858,1.5017
3,1,3,3,18,3,1,3,1,1,1.7337,2.3102
3,1,3,3,19,1,3,3,0,1,1.529,1.9293
3,1,3,3,20,1,3,3,0,1,1.644,1.9529
3,1,3,3,21,3,1,3,1,1,1.1018,1.4183
3,1,3,3,22,1,3,1,1,1,0.9969,1.3182
3,1,3,3,23,1,3,1,1,1,0.9925,1.3016
3,1,3,3,24,3,1,3,1,1,1.4048,1.7883
3,1,3,3,25,1,3,3,0,1,1.1733,1.4852
3,1,3,3,26,3,1,1,0,1,1.3537,1.6686
3,1,3,3,27,1,3,3,0,1,1.0627,1.385
3,1,3,3,28,1,3,2,0,1,1.3596,1.9358
3,1,3,3,29,3,1,3,1,1,1.1221,1.4349
3,1,3,3,30,1,3,3,0,1,1.1284,1.5289
3,1,3,3,31,1,3,1,1,1,1.2283,1.5519
3,1,3,3,32,3,1,3,1,1,0.8777,1.2014
3,1,3,3,33,3,1,3,1,1,0.8624,1.3899
3,1,3,3,34,1,3,1,1,1,1.4629,2.0234
3,1,3,3,35,1,3,1,1,1,1.1421,1.4517
3,2,1,1,1,2,,2,1,1,1.6957,2.2242
3,2,1,1,2,4,,2,0,1,1.6228,1.9358
3,2,1,1,3,2,,2,1,1,1.4641,1.8322
3,2,1,1,4,4,,3,0,1,1.5514,2.1753
3,2,1,1,5,3,,3,1,1,1.4478,1.9593
3,2,1,1,6,2,,2,1,1,1.7692,2.5529
3,2,1,1,7,4,,2,0,1,2.1778,2.4983
3,2,1,1,8,2,,2,1,1,1.4531,1.7689
3,2,1,1,9,2,,2,1,1,1.414,1.7352
3,2,1,1,10,3,,3,1,1,1.0403,1.3516
3,2,1,1,11,4,,2,0,1,1.1941,1.5013
3,2,1,1,12,3,,3,1,1,1.2145,1.5352
3,2,1,1,13,4,,3,0,1,1.2168,1.5351
3,2,1,1,14,2,,2,1,1,1.4916,1.8021
3,2,1,1,15,4,,3,0,1,1.387,1.702
3,2,1,1,16,3,,3,1,1,1.6395,1.9522
3,2,1,1,17,1,,2,0,1,1.1764,1.485
3,2,1,1,18,3,,3,1,1,1.6448,2.1091
3,2,1,1,19,2,,2,1,1,1.4963,2.1204
3,2,1,1,20,4,,4,1,1,1.5395,1.8522
3,2,1,1,21,4,,3,0,1,1.7046,2.019
3,2,1,1,22,2,,2,1,1,1.2877,1.6018
3,2,1,1,23,2,,2,1,1,1.2715,1.5853
3,2,1,1,24,3,,3,1,1,1.4324,1.752
3,2,1,1,25,1,,3,0,1,2.2418,3.0255
3,2,1,1,26,3,,3,1,1,1.2234,1.5751
3,2,1,1,27,2,,2,1,1,1.4965,1.8805
3,2,1,1,28,3,,3,1,1,0.9734,1.3095
3,2,1,1,29,4,,2,0,1,1.6738,1.9857
3,2,1,1,30,3,,3,1,1,1.0976,1.4183
3,2,1,1,31,3,,3,1,1,1.1216,1.4351
3,2,1,1,32,4,,3,0,1,2.2958,2.9038
3,2,1,1,33,3,,2,0,1,1.4742,2.3547
3,2,1,1,34,3,,3,1,1,0.9637,1.285
3,2,1,1,35,1,,3,0,1,1.9204,2.4485
3,2,2,2,1,1,3,3,0,1,2.7253,3.9252
3,2,2,2,2,3,4,3,1,2,1.7018,2.5811
3,2,2,2,3,4,2,2,0,2,2.222,3.1342
3,2,2,2,4,1,2,2,0,1,2.7831,3.887
3,2,2,2,5,4,3,3,0,1,2.0013,2.3191
3,2,2,2,6,4,1,1,0,1,1.9718,2.2859
3,2,2,2,7,3,2,2,0,1,1.752,2.152
3,2,2,2,8,3,4,3,1,1,1.4247,1.8414
3,2,2,2,9,4,1,1,0,1,2.5836,3.1589
3,2,2,2,10,1,3,3,0,1,2.4238,2.7598
3,2,2,2,11,1,2,2,0,2,1.9124,2.236
3,2,2,2,12,4,1,1,0,1,1.8699,2.1858
3,2,2,2,13,3,2,3,1,1,1.9414,2.2525
3,2,2,2,14,3,1,3,1,1,2.043,2.3525
3,2,2,2,15,3,1,3,1,1,1.2921,1.6017
3,2,2,2,16,2,1,2,1,1,1.1803,1.7719
3,2,2,2,17,2,1,2,1,3,1.1891,1.5728
3,2,2,2,18,4,3,4,1,2,2.5976,2.9821
3,2,2,2,19,2,1,2,1,2,1.358,1.6684
3,2,2,2,20,2,3,2,1,2,1.3067,1.6185
3,2,2,2,21,3,1,3,1,1,1.626,1.9355
3,2,2,2,22,2,3,2,1,2,1.7409,2.3
3,2,2,2,23,2,4,2,1,2,1.7754,2.0857
3,2,2,2,24,1,2,2,0,2,1.3553,1.6686
3,2,2,2,25,3,2,2,0,2,1.7364,2.0524
3,2,2,2,26,1,3,3,0,2,2.2139,3.6384
3,2,2,2,27,3,1,3,1,2,1.4739,4.4659
3,2,2,2,28,1,4,4,0,1,2.8135,3.137
3,2,2,2,29,3,1,3,1,2,1.374,1.6853
3,2,2,2,30,4,2,2,0,2,1.9307,2.267
3,2,2,2,31,2,4,2,1,2,1.2628,1.5851
3,2,2,2,32,4,2,2,0,2,1.4553,1.8076
3,2,2,2,33,4,1,1,0,2,1.3835,1.702
3,2,2,2,34,1,2,2,0,2,1.3951,1.7186
3,2,2,2,35,1,3,1,1,2,2.3344,2.653
3,2,3,3,1,3,2,3,1,3,1.194,1.994
3,2,3,3,2,3,2,3,1,3,1.1455,1.7058
3,2,3,3,3,3,2,3,1,3,1.4936,1.9737
3,2,3,3,4,3,2,3,1,4,1.1108,1.6066
3,2,3,3,5,2,3,2,1,1,1.5907,1.9425
3,2,3,3,6,3,2,3,1,2,1.4804,1.8165
3,2,3,3,7,2,3,3,0,2,1.5356,1.8523
3,2,3,3,8,3,2,3,1,2,1.3487,1.8132
3,2,3,3,9,2,3,2,1,2,1.3565,1.6687
3,2,3,3,10,2,3,2,1,2,1.0497,1.3682
3,2,3,3,11,2,3,3,0,1,1.4583,2.0185
3,2,3,3,12,3,2,3,1,1,2.0009,2.319
3,2,3,3,13,2,3,2,1,2,1.187,1.6192
3,2,3,3,14,3,2,3,1,1,1.2503,1.5685
3,2,3,3,15,3,2,3,1,2,0.9476,1.3474
3,2,3,3,16,2,3,2,1,1,1.3587,1.7429
3,2,3,3,17,3,2,3,1,2,0.9366,1.2513
3,2,3,3,18,2,3,2,1,2,1.0787,1.4152
3,2,3,3,19,2,3,2,1,2,1.2634,1.5852
3,2,3,3,20,2,3,2,1,3,0.9921,1.3276
3,2,3,3,21,2,3,2,1,2,0.9711,1.4353
3,2,3,3,22,2,3,2,1,2,1.4263,1.7353
3,2,3,3,23,3,2,3,1,2,1.1489,1.4684
3,2,3,3,24,3,2,3,1,2,1.0099,1.3181
3,2,3,3,25,2,3,2,1,2,1.1963,1.5183
3,2,3,3,26,3,2,2,0,1,1.3118,1.92
3,2,3,3,27,3,2,3,1,2,1.219,1.5353
3,2,3,3,28,3,2,3,1,2,1.1732,1.4851
3,2,3,3,29,3,2,3,1,2,1.0659,1.5462
3,2,3,3,30,3,2,2,0,2,1.0367,1.6773
3,2,3,3,31,3,2,3,1,2,1.1461,1.4683
3,2,3,3,32,3,2,3,1,2,1.6799,2.0024
3,2,3,3,33,2,3,2,1,2,1.0865,1.5508
3,2,3,3,34,3,2,3,1,2,1.0892,1.4019
3,2,3,3,35,2,3,2,1,2,0.9366,1.2726
3,3,1,3,1,4,3,4,1,2,2.3701,2.9455
3,3,1,3,2,3,4,3,1,2,1.6113,1.9356
3,3,1,3,3,3,4,3,1,2,1.0048,1.3182
3,3,1,3,4,3,4,3,1,2,0.8731,1.1846
3,3,1,3,5,3,4,3,1,2,0.9697,1.2849
3,3,1,3,6,4,3,4,1,2,0.8384,1.1515
3,3,1,3,7,4,3,3,0,2,0.9532,1.268
3,3,1,3,8,3,4,3,1,3,0.8548,1.2705
3,3,1,3,9,4,3,4,1,2,1.3633,2.0352
3,3,1,3,10,3,4,3,1,2,0.818,1.1696
3,3,1,3,11,4,3,4,1,1,1.5073,1.8269
3,3,1,3,12,4,3,4,1,3,1.0824,1.5782
3,3,1,3,13,4,3,4,1,1,1.5634,1.8852
3,3,1,3,14,4,3,3,0,1,1.44,1.752
3,3,1,3,15,3,4,3,1,2,1.0817,1.5133
3,3,1,3,16,3,4,3,1,2,1.0692,1.4206
3,3,1,3,17,4,3,3,0,1,1.8921,2.4523
3,3,1,3,18,3,4,3,1,1,1.1211,1.5048
3,3,1,3,19,4,3,3,0,1,1.6047,1.9186
3,3,1,3,20,4,3,4,1,1,1.8803,2.2025
3,3,1,3,21,4,3,3,0,2,1.1516,1.5353
3,3,1,3,22,3,4,3,1,2,1.0739,1.3849
3,3,1,3,23,3,4,3,1,2,0.9226,1.2348
3,3,1,3,24,4,3,4,1,1,1.194,1.5019
3,3,1,3,25,4,3,4,1,1,1.4694,2.0301
3,3,1,3,26,4,3,4,1,1,1.1007,1.6127
3,3,1,3,27,3,4,3,1,1,0.9728,1.356
3,3,1,3,28,3,4,4,0,1,1.2863,1.8784
3,3,1,3,29,3,4,3,1,2,0.7957,1.3391
3,3,1,3,30,4,3,4,1,1,1.1586,1.4683
3,3,1,3,31,3,4,3,1,1,0.8117,1.1641
3,3,1,3,32,3,4,3,1,2,1.0385,1.3519
3,3,1,3,33,4,3,4,1,1,1.1443,1.4683
3,3,1,3,34,3,4,3,1,2,1.1172,1.4348
3,3,1,3,35,3,4,4,0,2,1.5878,2.66
3,3,2,2,1,1,4,1,1,1,1.9991,2.8307
3,3,2,2,2,1,2,2,0,1,2.1729,2.4863
3,3,2,2,3,4,3,3,0,1,2.0874,2.4027
3,3,2,2,4,4,2,4,1,1,1.5592,1.8687
3,3,2,2,5,2,4,2,1,1,1.6278,1.9524
3,3,2,2,6,2,4,2,1,1,1.1335,1.4534
3,3,2,2,7,4,2,2,0,1,1.3316,1.6517
3,3,2,2,8,1,3,3,0,1,1.553,1.9216
3,3,2,2,9,4,2,2,0,1,2.6281,3.5879
3,3,2,2,10,1,2,2,0,1,2.1464,2.6426
3,3,2,2,11,3,4,3,1,1,2.1675,2.4861
3,3,2,2,12,2,4,2,1,2,1.4747,1.8589
3,3,2,2,13,1,2,2,0,1,1.9286,2.3768
3,3,2,2,14,1,4,1,1,1,2.0885,2.4026
3,3,2,2,15,2,3,2,1,2,1.1598,1.4682
3,3,2,2,16,1,3,2,0,2,1.3887,1.7019
3,3,2,2,17,1,2,2,0,1,1.529,1.9132
3,3,2,2,18,3,4,3,1,2,1.1962,1.5185
3,3,2,2,19,1,3,3,0,2,1.4723,1.7858
3,3,2,2,20,1,3,1,1,1,2.4559,2.9043
3,3,2,2,21,4,3,3,0,1,2.2423,2.7386
3,3,2,2,22,2,3,2,1,2,1.2834,1.6016
3,3,2,2,23,2,1,2,1,2,1.4274,1.7353
3,3,2,2,24,1,2,2,0,1,2.0144,2.5904
3,3,2,2,25,3,1,3,1,2,1.1901,1.5017
3,3,2,2,26,1,2,2,0,1,1.4021,1.7188
3,3,2,2,27,3,2,3,1,3,1.3807,1.7019
3,3,2,2,28,3,4,3,1,3,1.3929,2.0325
3,3,2,2,29,3,2,3,1,3,1.5673,1.8855
3,3,2,2,30,3,1,3,1,3,1.3954,1.7186
3,3,2,2,31,2,1,2,1,3,2.0951,2.4197
3,3,2,2,32,4,1,4,1,1,2.461,2.7697
3,3,2,2,33,2,1,2,1,3,1.2126,1.5351
3,3,2,2,34,4,1,4,1,1,2.3188,2.7665
3,3,2,2,35,3,1,3,1,2,1.8558,2.1692
3,3,3,1,1,3,,3,1,1,1.5668,1.9509
3,3,3,1,2,1,,2,0,1,1.5688,1.8854
3,3,3,1,3,3,,3,1,1,1.3808,2.1002
3,3,3,1,4,2,,2,1,1,1.2481,1.9683
3,3,3,1,5,4,,3,0,1,2.017,2.5931
3,3,3,1,6,4,,4,1,1,2.0237,2.3361
3,3,3,1,7,4,,2,0,1,2.3774,2.6969
3,3,3,1,8,1,,2,0,1,1.4528,1.7688
3,3,3,1,9,3,,3,1,2,1.4457,1.9098
3,3,3,1,10,2,,2,1,1,1.0978,1.6412
3,3,3,1,11,3,,3,1,1,1.8474,2.2798
3,3,3,1,12,4,,3,0,1,2.0921,2.5081
3,3,3,1,13,4,,2,0,1,1.7671,2.0857
3,3,3,1,14,1,,2,0,1,1.7316,2.0525
3,3,3,1,15,4,,4,1,1,1.7125,2.0357
3,3,3,1,16,2,,2,1,1,1.3748,1.6853
3,3,3,1,17,1,,1,1,1,1.7075,2.0191
3,3,3,1,18,1,,2,0,1,1.4982,2.0738
3,3,3,1,19,1,,3,0,1,1.8465,2.169
3,3,3,1,20,3,,3,1,2,1.3113,1.6351
3,3,3,1,21,3,,3,1,2,1.4218,1.7415
3,3,3,1,22,4,,4,1,1,1.976,2.286
3,3,3,1,23,2,,2,1,1,1.3082,1.6185
3,3,3,1,24,3,,3,1,1,1.4674,1.7854
3,3,3,1,25,4,,2,0,1,1.8266,2.1357
3,3,3,1,26,4,,2,0,1,1.6604,3.4371
3,3,3,1,27,4,,2,0,1,1.8573,2.169
3,3,3,1,28,3,,3,1,1,1.3381,1.652
3,3,3,1,29,4,,2,0,1,1.3999,1.7186
3,3,3,1,30,4,,4,1,1,1.5388,2.2911
3,3,3,1,31,1,,3,0,1,1.4145,1.7667
3,3,3,1,32,3,,3,1,1,1.6162,1.9355
3,3,3,1,33,1,,2,0,1,1.6653,1.9856
3,3,3,1,34,4,,3,0,1,1.9054,2.2192
3,3,3,1,35,1,,2,0,1,1.4156,1.752
3,4,1,2,1,2,4,2,1,1,1.3928,1.7019
3,4,1,2,2,1,2,2,0,1,2.0447,2.3525
3,4,1,2,3,2,3,2,1,1,1.2296,1.5517
3,4,1,2,4,4,2,2,0,1,1.0873,1.4878
3,4,1,2,5,1,2,2,0,1,1.5403,1.8519
3,4,1,2,6,2,1,2,1,1,1.2093,1.5182
3,4,1,2,7,3,1,3,1,1,1.2295,2.237
3,4,1,2,8,1,2,2,0,1,1.9072,2.2912
3,4,1,2,9,3,1,3,1,2,1.3672,1.6854
3,4,1,2,10,1,2,2,0,1,1.7792,2.1308
3,4,1,2,11,4,1,4,1,1,2.478,2.7978
3,4,1,2,12,4,1,1,0,1,2.4135,3.1809
3,4,1,2,13,4,1,4,1,1,1.613,1.9358
3,4,1,2,14,1,3,1,1,1,2.8304,3.1535
3,4,1,2,15,1,3,3,0,1,2.4952,2.8031
3,4,1,2,16,2,4,2,1,2,2.2858,2.9891
3,4,1,2,17,2,4,2,1,3,1.4127,1.7809
3,4,1,2,18,3,1,3,1,3,1.3259,1.6352
3,4,1,2,19,2,4,2,1,3,1.4844,1.8021
3,4,1,2,20,3,2,3,1,3,1.2679,2.1157
3,4,1,2,21,2,1,2,1,3,1.1834,1.5018
3,4,1,2,22,3,4,3,1,3,1.1873,1.5019
3,4,1,2,23,2,4,2,1,3,1.5752,1.8854
3,4,1,2,24,4,2,4,1,3,1.8035,2.1191
3,4,1,2,25,1,3,3,0,2,3.078,3.3871
3,4,1,2,26,3,2,3,1,3,1.3563,1.6685
3,4,1,2,27,1,2,2,0,2,1.8808,2.2026
3,4,1,2,28,1,4,1,1,2,1.7607,2.0689
3,4,1,2,29,3,4,2,0,3,1.8052,2.1191
3,4,1,2,30,2,4,4,0,2,1.7358,2.5994
3,4,1,2,31,4,2,2,0,2,1.5195,2.2392
3,4,1,2,32,4,2,2,0,1,2.0211,2.3361
3,4,1,2,33,1,2,2,0,1,2.5185,2.8366
3,4,1,2,34,1,2,2,0,1,1.8917,2.2024
3,4,1,2,35,1,4,1,1,1,2.4751,2.7865
3,4,2,3,1,1,2,1,1,1,1.8571,2.4333
3,4,2,3,2,2,1,2,1,1,1.5032,1.84
3,4,2,3,3,1,2,1,1,1,1.1096,1.418
3,4,2,3,4,2,1,2,1,1,0.5892,1.0057
3,4,2,3,5,1,2,2,0,1,1.3022,1.6188
3,4,2,3,6,2,1,2,1,1,0.9172,1.2348
3,4,2,3,7,2,1,2,1,1,0.9476,1.2682
3,4,2,3,8,1,2,2,0,1,1.3136,1.6352
3,4,2,3,9,1,2,1,1,1,1.1363,1.4517
3,4,2,3,10,2,1,2,1,2,0.8061,1.118
3,4,2,3,11,2,1,2,1,3,0.8581,1.3542
3,4,2,3,12,2,1,2,1,4,1.4919,1.802
3,4,2,3,13,2,1,2,1,4,0.9549,1.8669
3,4,2,3,14,1,2,2,0,2,1.8237,2.7837
3,4,2,3,15,1,2,1,1,1,1.5188,1.8356
3,4,2,3,16,1,2,2,0,1,1.1566,1.4682
3,4,2,3,17,1,2,1,1,1,1.4973,2.4893
3,4,2,3,18,1,2,1,1,1,1.4769,1.8455
3,4,2,3,19,2,1,2,1,4,1.1312,1.4676
3,4,2,3,20,2,1,2,1,4,0.9292,1.2517
3,4,2,3,21,2,1,2,1,4,0.9751,1.2846
3,4,2,3,22,2,1,2,1,4,0.9883,1.3015
3,4,2,3,23,1,2,1,1,1,2.0395,2.3525
3,4,2,3,24,2,1,2,1,2,1.0644,1.4008
3,4,2,3,25,1,2,1,1,1,1.3128,2.081
3,4,2,3,26,1,2,1,1,1,1.3414,1.662
3,4,2,3,27,2,1,2,1,3,0.9556,1.3069
3,4,2,3,28,2,1,2,1,2,0.8395,1.1514
3,4,2,3,29,1,2,1,1,1,1.0971,1.4182
3,4,2,3,30,1,2,1,1,1,1.1205,1.435
3,4,2,3,31,1,2,1,1,1,1.175,1.8637
3,4,2,3,32,2,1,2,1,3,1.0531,1.3683
3,4,2,3,33,2,1,2,1,3,0.8213,1.1346
3,4,2,3,34,1,2,1,1,1,1.0652,1.6728
3,4,2,3,35,2,1,1,0,3,0.8861,1.2062
3,4,3,1,1,3,,3,1,3,1.4208,1.7354
3,4,3,1,2,1,,3,0,1,1.3838,1.7019
3,4,3,1,3,4,,3,0,1,1.2831,1.6023
3,4,3,1,4,4,,3,0,1,1.1706,1.4851
3,4,3,1,5,3,,3,1,1,1.0468,1.3681
3,4,3,1,6,3,,3,1,1,1.1037,1.4181
3,4,3,1,7,3,,3,1,1,1.2073,1.5182
3,4,3,1,8,1,,1,1,1,1.4823,2.4107
3,4,3,1,9,2,,2,1,1,1.2738,1.6898
3,4,3,1,10,3,,3,1,2,0.9025,1.2384
3,4,3,1,11,2,,2,1,1,1.189,1.5016
3,4,3,1,12,2,,2,1,1,1.0807,1.4016
3,4,3,1,13,3,,3,1,2,1.0732,1.425
3,4,3,1,14,2,,2,1,2,1.209,1.5184
3,4,3,1,15,3,,3,1,2,1.1157,1.4349
3,4,3,1,16,1,,3,0,1,1.9071,2.5789
3,4,3,1,17,2,,3,0,1,1.0508,2.2984
3,4,3,1,18,2,,2,1,1,1.4385,1.7747
3,4,3,1,19,4,,2,0,1,1.6399,1.9754
3,4,3,1,20,1,,1,1,2,1.0966,1.4646
3,4,3,1,21,1,,3,0,1,1.6786,2.0023
3,4,3,1,22,4,,4,1,1,1.5499,1.8688
3,4,3,1,23,4,,3,0,1,1.7627,2.0858
3,4,3,1,24,3,,3,1,1,1.3429,1.6519
3,4,3,1,25,1,,2,0,1,1.7086,2.0191
3,4,3,1,26,4,,4,1,1,1.2272,1.5349
3,4,3,1,27,3,,3,1,2,1.5027,2.1898
3,4,3,1,28,4,,2,0,1,1.9582,2.2695
3,4,3,1,29,1,,2,0,1,1.9469,2.2693
3,4,3,1,30,2,,2,1,3,1.7747,2.6709
3,4,3,1,31,1,,3,0,2,1.1226,1.4348
3,4,3,1,32,2,,2,1,3,1.2415,1.5943
3,4,3,1,33,2,,3,0,1,1.6585,1.9688
3,4,3,1,34,3,,3,1,2,1.1469,1.4683
3,4,3,1,35,2,,2,1,3,0.9124,1.2347
3,5,1,1,1,2,,2,1,2,1.0811,1.4015
3,5,1,1,2,1,,2,0,2,1.3449,1.6686
3,5,1,1,3,2,,2,1,1,0.9743,1.2847
3,5,1,1,4,2,,2,1,1,0.7954,1.118
3,5,1,1,5,4,,4,1,1,1.1674,1.485
3,5,1,1,6,1,,1,1,1,1.1236,1.4349
3,5,1,1,7,3,,3,1,1,1.5946,1.9189
3,5,1,1,8,4,,1,0,1,1.7732,2.0857
3,5,1,1,9,2,,2,1,1,1.2893,1.6018
3,5,1,1,10,2,,2,1,1,1.0009,1.3182
3,5,1,1,11,1,,2,0,1,1.237,1.5518
3,5,1,1,12,2,,2,1,1,0.7748,1.0845
3,5,1,1,13,1,,3,0,1,1.7872,2.1024
3,5,1,1,14,4,,2,0,1,0.9506,2.4545
3,5,1,1,15,4,,2,0,1,1.0116,1.6195
3,5,1,1,16,2,,3,0,1,1.8582,2.3224
3,5,1,1,17,2,,2,1,1,1.2048,1.5573
3,5,1,1,18,3,,3,1,1,1.3356,1.6519
3,5,1,1,19,3,,3,1,1,0.9323,1.2514
3,5,1,1,20,1,,2,0,1,1.0426,1.3515
3,5,1,1,21,1,,3,0,1,1.1167,1.435
3,5,1,1,22,3,,3,1,1,0.931,1.2515
3,5,1,1,23,1,,3,0,1,1.0892,1.4016
3,5,1,1,24,2,,2,1,1,0.9536,1.2682
3,5,1,1,25,2,,2,1,1,1.0634,1.5915
3,5,1,1,26,1,,3,0,1,1.7681,2.0858
3,5,1,1,27,2,,2,1,1,1.188,1.5018
3,5,1,1,28,2,,2,1,1,1.0796,1.8477
3,5,1,1,29,4,,2,0,1,1.918,2.2359
3,5,1,1,30,2,,2,1,1,0.7722,1.6686
3,5,1,1,31,3,,3,1,1,0.9136,1.2348
3,5,1,1,32,1,,2,0,1,1.7122,2.0358
3,5,1,1,33,1,,2,0,1,1.2145,1.79
3,5,1,1,34,3,,4,0,1,1.3506,1.6687
3,5,1,1,35,1,,2,0,1,0.9323,1.2514
3,5,2,3,1,4,1,4,1,1,1.0013,1.3182
3,5,2,3,2,4,1,4,1,1,1.2681,1.585
3,5,2,3,3,1,4,1,1,1,0.7569,1.0679
3,5,2,3,4,4,1,4,1,1,0.5703,0.8845
3,5,2,3,5,1,4,1,1,1,0.7281,1.0513
3,5,2,3,6,4,1,4,1,1,0.5269,0.851
3,5,2,3,7,4,1,4,1,1,0.6856,1.2452
3,5,2,3,8,4,1,4,1,1,1.0847,1.4017
3,5,2,3,9,4,1,4,1,1,0.5007,0.8176
3,5,2,3,10,4,1,4,1,1,0.5962,0.9178
3,5,2,3,11,4,1,4,1,1,0.4962,0.8177
3,5,2,3,12,4,1,4,1,1,0.768,1.0845
3,5,2,3,13,4,1,4,1,1,0.8051,1.118
3,5,2,3,14,1,4,1,1,1,0.8567,1.168
3,5,2,3,15,4,1,4,1,1,0.6825,1.2906
3,5,2,3,16,1,4,1,1,1,0.8712,1.2074
3,5,2,3,17,1,4,4,0,1,0.6482,0.968
3,5,2,3,18,4,1,4,1,1,0.6254,0.9344
3,5,2,3,19,4,1,4,1,1,0.5253,0.8343
3,5,2,3,20,4,1,4,1,1,0.6687,1.0039
3,5,2,3,21,4,1,4,1,1,0.5331,0.8511
3,5,2,3,22,4,1,4,1,1,0.5009,0.8176
3,5,2,3,23,4,1,4,1,1,0.8199,1.1347
3,5,2,3,24,1,4,1,1,1,0.6466,0.9988
3,5,2,3,25,1,4,4,0,1,0.896,1.2643
3,5,2,3,26,4,1,4,1,1,0.6863,1.0013
3,5,2,3,27,1,4,1,1,1,0.8233,1.1431
3,5,2,3,28,4,1,4,1,1,0.5858,0.9012
3,5,2,3,29,1,4,1,1,1,0.8865,1.2015
3,5,2,3,30,4,1,4,1,1,0.727,1.0511
3,5,2,3,31,1,4,4,0,1,0.9563,1.2682
3,5,2,3,32,4,1,1,0,1,0.9065,1.218
3,5,2,3,33,1,4,4,0,1,0.7452,1.068
3,5,2,3,34,1,4,1,1,1,0.7031,1.018
3,5,2,3,35,4,1,4,1,3,0.6953,1.0471
3,5,3,2,1,1,3,1,1,3,1.3966,1.7186
3,5,3,2,2,4,1,4,1,2,2.2879,2.6031
3,5,3,2,3,2,1,2,1,2,1.4632,1.7859
3,5,3,2,4,1,3,1,1,1,1.9035,2.2552
3,5,3,2,5,2,3,2,1,2,1.3484,1.6685
3,5,3,2,6,1,2,2,0,2,2.1135,2.4361
3,5,3,2,7,4,3,4,1,1,2.1109,2.4194
3,5,3,2,8,2,4,2,1,2,1.1338,1.4517
3,5,3,2,9,4,1,1,0,1,2.0517,2.3693
3,5,3,2,10,2,1,2,1,2,1.0439,1.3517
3,5,3,2,11,4,2,2,0,2,1.8058,2.119
3,5,3,2,12,1,3,3,0,2,2.5849,3.049
3,5,3,2,13,4,3,3,0,1,2.2219,3.0857
3,5,3,2,14,1,3,1,1,1,2.0007,2.3367
3,5,3,2,15,1,2,1,1,1,2.0022,2.3545
3,5,3,2,16,2,3,2,1,2,1.2196,1.5353
3,5,3,2,17,1,2,1,1,1,1.542,1.852
3,5,3,2,18,4,2,2,0,1,2.4595,2.7697
3,5,3,2,19,4,1,1,0,1,2.2667,2.5862
3,5,3,2,20,2,4,2,1,1,1.6506,2.3383
3,5,3,2,21,2,4,2,1,2,1.7162,2.2444
3,5,3,2,22,3,2,3,1,3,1.258,2.1863
3,5,3,2,23,1,3,3,0,2,2.0817,2.4498
3,5,3,2,24,4,2,4,1,3,1.4713,1.968
3,5,3,2,25,1,2,2,0,1,1.4084,1.7184
3,5,3,2,26,4,1,1,0,1,2.2354,2.6198
3,5,3,2,27,4,2,1,0,2,1.0096,1.3181
3,5,3,2,28,3,2,3,1,2,1.133,1.5811
3,5,3,2,29,2,3,2,1,1,1.0068,1.6624
3,5,3,2,30,3,2,3,1,2,1.1004,1.4185
3,5,3,2,31,1,2,1,1,1,1.7639,2.0858
3,5,3,2,32,3,4,3,1,2,1.1837,1.5017
3,5,3,2,33,4,2,2,0,1,1.2039,1.5184
3,5,3,2,34,3,4,3,1,3,1.2874,1.6017
3,5,3,2,35,1,3,3,0,1,1.7029,2.3751
3,6,1,3,1,4,2,4,1,2,0.935,1.2708
3,6,1,3,2,4,2,4,1,2,1.0611,1.3849
3,6,1,3,3,2,4,2,1,1,0.7817,1.1013
3,6,1,3,4,2,4,2,1,1,0.6257,0.9346
3,6,1,3,5,4,2,4,1,2,0.7972,1.1179
3,6,1,3,6,4,2,2,0,1,1.0093,1.3181
3,6,1,3,7,4,2,4,1,1,0.8608,1.1848
3,6,1,3,8,4,2,2,0,1,1.2142,1.5351
3,6,1,3,9,2,4,2,1,1,0.8005,1.1179
3,6,1,3,10,4,2,4,1,1,1.0442,1.3684
3,6,1,3,11,2,4,2,1,2,0.7179,1.1333
3,6,1,3,12,2,4,2,1,2,0.7528,1.0679
3,6,1,3,13,2,4,2,1,2,0.8229,1.3346
3,6,1,3,14,2,4,2,1,2,0.6417,0.9512
3,6,1,3,15,4,2,4,1,1,1.1475,1.4684
3,6,1,3,16,4,2,4,1,1,0.9776,1.3014
3,6,1,3,17,2,4,2,1,2,0.6698,1.0372
3,6,1,3,18,4,2,4,1,1,0.9642,1.2846
3,6,1,3,19,2,4,2,1,1,0.833,1.1515
3,6,1,3,20,2,4,4,0,1,1.1394,1.4758
3,6,1,3,21,2,4,2,1,1,0.5048,0.8175
3,6,1,3,22,2,4,2,1,1,0.5008,0.8176
3,6,1,3,23,2,4,2,1,1,0.5009,1.1126
3,6,1,3,24,2,4,2,1,1,0.5414,0.851
3,6,1,3,25,2,4,2,1,1,0.5009,0.8175
3,6,1,3,26,4,2,4,1,1,0.9559,1.2681
3,6,1,3,27,2,4,4,0,1,0.6655,2.2021
3,6,1,3,28,4,2,4,1,1,0.8804,1.2012
3,6,1,3,29,4,2,2,0,1,0.9614,1.2849
3,6,1,3,30,2,4,2,1,1,0.5006,1.022
3,6,1,3,31,2,4,2,1,2,0.5008,0.8178
3,6,1,3,32,4,2,2,0,1,1.2219,1.535
3,6,1,3,33,4,2,2,0,1,1.1611,1.4851
3,6,1,3,34,4,2,2,0,1,1.3098,1.6185
3,6,1,3,35,4,2,3,0,2,1.1488,2.3962
3,6,2,1,1,2,,3,0,1,1.1551,1.4683
3,6,2,1,2,2,,3,0,1,1.1447,1.4684
3,6,2,1,3,4,,2,0,1,1.1339,1.4517
3,6,2,1,4,4,,2,0,1,1.0761,1.385
3,6,2,1,5,1,,1,1,1,1.2284,1.5519
3,6,2,1,6,1,,1,1,1,1.1827,1.5017
3,6,2,1,7,3,,3,1,1,0.9146,1.2348
3,6,2,1,8,3,,3,1,1,1.266,1.5851
3,6,2,1,9,1,,1,1,1,1.682,2.8022
3,6,2,1,10,4,,3,0,1,1.6327,1.9521
3,6,2,1,11,2,,2,1,1,1.2506,1.5684
3,6,2,1,12,1,,1,1,1,1.2355,1.5517
3,6,2,1,13,4,,2,0,1,1.5412,1.8606
3,6,2,1,14,4,,2,0,1,1.9784,2.3028
3,6,2,1,15,1,,3,0,1,1.0533,1.3682
3,6,2,1,16,4,,4,1,1,1.2231,1.5352
3,6,2,1,17,4,,4,1,1,1.0973,1.4183
3,6,2,1,18,2,,2,1,2,0.9288,1.3443
3,6,2,1,19,2,,2,1,2,0.9065,1.218
3,6,2,1,20,1,,1,1,1,1.306,1.6187
3,6,2,1,21,2,,3,0,1,1.273,1.5851
3,6,2,1,22,3,,3,1,1,1.1612,1.4851
3,6,2,1,23,3,,2,0,1,1.8702,2.186
3,6,2,1,24,3,,3,1,1,1.3015,1.6185
3,6,2,1,25,2,,2,1,2,1.2369,1.5518
3,6,2,1,26,1,,1,1,1,1.1431,1.4515
3,6,2,1,27,1,,2,0,1,1.5174,1.8354
3,6,2,1,28,1,,2,0,1,1.6195,1.9355
3,6,2,1,29,4,,4,1,2,1.158,1.4938
3,6,2,1,30,3,,3,1,1,1.2744,1.5849
3,6,2,1,31,2,,2,1,2,0.7788,1.1015
3,6,2,1,32,3,,3,1,2,0.9433,1.2514
3,6,2,1,33,4,,4,1,1,1.214,1.5351
3,6,2,1,34,1,,2,0,2,1.1201,1.4351
3,6,2,1,35,3,,2,0,1,1.2865,1.6019
3,6,3,2,1,2,1,2,1,1,1.294,1.6185
3,6,3,2,2,1,4,1,1,1,2.1243,2.4361
3,6,3,2,3,2,3,2,1,2,1.1456,2.2501
3,6,3,2,4,1,4,1,1,1,1.952,2.2693
3,6,3,2,5,1,4,1,1,1,1.8918,2.2023
3,6,3,2,6,2,3,2,1,3,1.1788,1.5018
3,6,3,2,7,2,1,2,1,3,1.1989,1.5182
3,6,3,2,8,4,1,4,1,2,1.6178,1.9699
3,6,3,2,9,2,4,2,1,3,1.0426,1.3514
3,6,3,2,10,2,1,2,1,2,1.5965,1.9189
3,6,3,2,11,4,2,4,1,2,1.4563,1.7754
3,6,3,2,12,1,2,1,1,2,1.1604,1.4682
3,6,3,2,13,3,1,3,1,3,1.1498,1.4683
3,6,3,2,14,4,3,3,0,3,1.4919,1.802
3,6,3,2,15,4,2,2,0,1,2.619,3.1629
3,6,3,2,16,2,3,2,1,2,1.3878,1.7021
3,6,3,2,17,1,3,1,1,3,1.3672,1.6852
3,6,3,2,18,3,2,3,1,2,1.5075,2.02
3,6,3,2,19,3,1,3,1,2,1.4588,1.7687
3,6,3,2,20,4,1,1,0,1,2.4917,2.8032
3,6,3,2,21,4,1,1,0,1,1.6262,2.6661
3,6,3,2,22,3,4,3,1,2,1.1349,1.4518
3,6,3,2,23,1,3,1,1,2,1.637,2.0531
3,6,3,2,24,2,3,2,1,3,1.3145,1.6351
3,6,3,2,25,3,4,3,1,3,1.2958,2.5764
3,6,3,2,26,2,4,2,1,3,1.5923,1.9022
3,6,3,2,27,1,2,2,0,2,1.6277,1.9353
3,6,3,2,28,4,3,3,0,2,1.7102,2.0187
3,6,3,2,29,3,1,4,0,1,1.6609,2.7009
3,6,3,2,30,4,1,1,0,1,2.6399,2.9534
3,6,3,2,31,4,2,4,1,1,1.6567,1.9689
3,6,3,2,32,3,4,3,1,3,1.5772,1.8854
3,6,3,2,33,3,4,3,1,2,1.454,1.7686
3,6,3,2,34,1,4,1,1,1,2.0548,2.3692
3,6,3,2,35,4,3,4,1,2,1.5754,1.9431
4,1,1,2,1,4,2,4,1,4,1.7649,2.0857
4,1,1,2,2,1,3,1,1,4,1.4888,1.8021
4,1,1,2,3,4,3,4,1,4,3.0479,3.3704
4,1,1,2,4,4,3,4,1,4,1.5832,1.9026
4,1,1,2,5,2,1,2,1,4,2.4662,2.7863
4,1,1,2,6,4,3,3,0,4,3.2174,3.5374
4,1,1,2,7,1,3,1,1,4,2.0021,2.3193
4,1,1,2,8,4,3,4,1,4,1.4121,1.7353
4,1,1,2,9,2,4,2,1,4,1.6308,1.9523
4,1,1,2,10,4,2,4,1,4,1.4567,1.7687
4,1,1,2,11,3,4,4,0,4,2.1365,2.4528
4,1,1,2,12,1,4,1,1,4,2.0696,2.386
4,1,1,2,13,2,1,2,1,4,1.653,1.9688
4,1,1,2,14,4,3,3,0,4,3.9577,4.2714
4,1,1,2,15,2,3,2,1,4,1.1591,1.5108
4,1,1,2,16,4,3,4,1,4,1.9144,2.2352
4,1,1,2,17,4,1,1,0,4,2.0812,2.4026
4,1,1,2,18,3,4,4,0,4,3.0877,3.4037
4,1,1,2,19,4,1,4,1,4,1.8298,2.1525
4,1,1,2,20,4,3,4,1,4,2.2712,2.5863
4,1,1,2,21,1,2,1,1,4,2.1187,2.4363
4,1,1,2,22,2,4,2,1,4,1.2521,1.6205
4,1,1,2,23,1,3,1,1,4,1.3628,1.6851
4,1,1,2,24,4,3,3,0,4,4.0801,4.9275
4,1,1,2,25,1,2,1,1,4,1.3349,1.6552
4,1,1,2,26,1,3,1,1,4,1.2527,1.5732
4,1,1,2,27,3,1,3,1,4,1.5428,1.8518
4,1,1,2,28,3,1,3,1,4,1.2601,1.5682
4,1,1,2,29,3,1,3,1,4,1.1965,1.5186
4,1,1,2,30,2,4,2,1,4,1.7602,2.0688
4,1,1,2,31,1,2,1,1,4,1.5317,1.8522
4,1,1,2,32,3,4,3,1,4,1.7457,2.069
4,1,1,2,33,2,3,2,1,4,1.2945,1.6185
4,1,1,2,34,3,2,2,0,4,2.2854,2.6029
4,1,1,2,35,4,1,1,0,4,1.7803,2.1024
4,1,2,1,1,4,,3,0,3,4.1502,5.4466
4,1,2,1,2,2,,2,1,4,2.9843,3.6728
4,1,2,1,3,4,,2,0,4,2.82,3.1368
4,1,2,1,4,3,,3,1,4,1.3643,1.6853
4,1,2,1,5,4,,4,1,4,1.697,2.019
4,1,2,1,6,3,,3,1,4,1.3441,2.1916
4,1,2,1,7,2,,2,1,4,1.1918,1.5438
4,1,2,1,8,3,,3,1,4,1.3067,1.7067
4,1,2,1,9,2,,2,1,4,1.2382,1.5741
4,1,2,1,10,4,,2,0,4,2.7754,3.1751
4,1,2,1,11,1,,1,1,4,1.8307,2.1521
4,1,2,1,12,3,,3,1,4,1.2162,1.5525
4,1,2,1,13,3,,3,1,4,1.2343,1.5516
4,1,2,1,14,1,,1,1,4,1.06,1.3679
4,1,2,1,15,2,,2,1,4,1.2296,1.5655
4,1,2,1,16,2,,2,1,4,0.9756,1.2954
4,1,2,1,17,2,,2,1,4,1.1488,1.5323
4,1,2,1,18,1,,2,0,4,2.4319,2.7839
4,1,2,1,19,1,,3,0,4,1.3917,1.7021
4,1,2,1,20,1,,3,0,4,6.0116,6.3237
4,1,2,1,21,4,,3,0,4,1.7857,2.1023
4,1,2,1,22,4,,4,1,4,1.461,1.7854
4,1,2,1,23,1,,1,1,4,1.2773,1.6017
4,1,2,1,24,1,,1,1,4,1.1809,1.5016
4,1,2,1,25,3,,4,0,4,1.4407,1.7519
4,1,2,1,26,3,,3,1,4,2.6512,2.97
4,1,2,1,27,4,,3,0,3,2.2581,2.7061
4,1,2,1,28,4,,2,0,3,3.4775,3.941
4,1,2,1,29,2,,2,1,4,1.0611,1.3848
4,1,2,1,30,2,,2,1,4,1.0701,1.3851
4,1,2,1,31,2,,2,1,4,0.8544,1.174
4,1,2,1,32,4,,1,0,4,1.2395,1.6719
4,1,2,1,33,3,,2,0,4,1.2212,1.573
4,1,2,1,34,4,,1,0,3,3.0141,3.6068
4,1,2,1,35,3,,3,1,3,3.316,3.6519
4,1,3,3,1,1,3,1,1,4,1.4145,2.0868
4,1,3,3,2,3,1,3,1,4,1.2506,1.7312
4,1,3,3,3,3,1,3,1,4,1.1345,1.4543
4,1,3,3,4,3,1,3,1,4,0.8524,1.1681
4,1,3,3,5,3,1,3,1,4,0.8851,1.2014
4,1,3,3,6,3,1,3,1,4,0.9174,1.2346
4,1,3,3,7,1,3,1,1,4,0.8197,1.1347
4,1,3,3,8,3,1,3,1,4,1.1105,1.4349
4,1,3,3,9,3,1,3,1,4,0.9572,1.2682
4,1,3,3,10,1,3,1,1,4,1.0347,1.3516
4,1,3,3,11,1,3,1,1,4,1.5084,1.8186
4,1,3,3,12,1,3,1,1,4,1.2593,1.5686
4,1,3,3,13,1,3,3,0,4,1.3091,1.6187
4,1,3,3,14,3,1,3,1,4,0.8443,1.1681
4,1,3,3,15,3,1,3,1,4,0.8615,1.1848
4,1,3,3,16,1,3,1,1,4,1.3425,1.6517
4,1,3,3,17,3,1,3,1,4,0.8291,1.1514
4,1,3,3,18,1,3,1,1,4,0.9115,1.2355
4,1,3,3,19,3,1,3,1,4,0.9262,1.2347
4,1,3,3,20,3,1,3,1,4,0.8772,1.2014
4,1,3,3,21,1,3,1,1,4,0.9573,1.2681
4,1,3,3,22,1,3,1,1,4,0.875,1.1847
4,1,3,3,23,1,3,1,1,4,0.7481,1.0678
4,1,3,3,24,3,1,3,1,4,0.8337,1.7462
4,1,3,3,25,1,3,1,1,4,0.9406,1.2515
4,1,3,3,26,1,3,1,1,4,1.2105,1.5183
4,1,3,3,27,1,3,1,1,4,0.9577,1.268
4,1,3,3,28,3,1,3,1,4,0.8755,1.1847
4,1,3,3,29,1,3,1,1,4,0.828,1.1512
4,1,3,3,30,1,3,1,1,4,0.9269,1.2515
4,1,3,3,31,3,1,3,1,4,0.7172,1.0345
4,1,3,3,32,1,3,3,0,1,1.0763,2.6601
4,1,3,3,33,1,3,1,1,4,1.1927,1.5014
4,1,3,3,34,1,3,1,1,4,0.8449,1.168
4,1,3,3,35,1,3,1,1,4,0.7502,1.0678
4,2,1,2,1,3,2,3,1,4,1.8127,2.1358
4,2,1,2,2,4,2,2,0,4,2.0142,2.3984
4,2,1,2,3,3,1,3,1,4,1.566,1.8855
4,2,1,2,4,1,4,1,1,4,1.3308,1.6518
4,2,1,2,5,1,2,1,1,4,1.5359,1.856
4,2,1,2,6,3,1,3,1,4,1.4451,1.7687
4,2,1,2,7,4,3,4,1,4,1.9816,2.3025
4,2,1,2,8,3,1,3,1,4,1.4886,1.8887
4,2,1,2,9,2,1,2,1,4,1.2853,1.6017
4,2,1,2,10,4,2,4,1,4,2.0526,2.3693
4,2,1,2,11,3,1,3,1,4,1.509,1.8189
4,2,1,2,12,4,1,4,1,4,1.3726,1.6853
4,2,1,2,13,2,3,2,1,4,1.1604,1.4682
4,2,1,2,14,2,1,2,1,4,1.3254,1.6353
4,2,1,2,15,1,2,1,1,4,1.5955,1.9188
4,2,1,2,16,1,3,1,1,4,1.7426,2.0522
4,2,1,2,17,3,2,2,0,4,1.3877,1.7019
4,2,1,2,18,4,3,3,0,4,3.2872,3.604
4,2,1,2,19,2,1,2,1,4,1.0283,1.3516
4,2,1,2,20,4,3,3,0,4,2.8947,3.2035
4,2,1,2,21,3,2,2,0,4,2.6368,3.0046
4,2,1,2,22,3,2,3,1,4,2.0829,2.4514
4,2,1,2,23,3,2,2,0,4,3.4398,3.8879
4,2,1,2,24,1,4,1,1,4,1.3942,1.7187
4,2,1,2,25,1,3,1,1,4,1.165,1.485
4,2,1,2,26,4,2,4,1,4,1.6175,1.9536
4,2,1,2,27,2,1,2,1,4,1.0418,1.3622
4,2,1,2,28,2,4,2,1,4,1.1644,1.4852
4,2,1,2,29,3,2,2,0,4,2.3209,2.6362
4,2,1,2,30,2,3,2,1,4,0.8857,1.2014
4,2,1,2,31,2,3,2,1,4,1.0454,1.3819
4,2,1,2,32,1,2,2,0,4,2.6072,3.0871
4,2,1,2,33,4,1,1,0,4,1.7778,2.1023
4,2,1,2,34,2,1,2,1,4,4.7335,5.0556
4,2,1,2,35,4,1,1,0,4,4.5589,4.9108
4,2,2,3,1,2,4,2,1,4,1.438,1.752
4,2,2,3,2,2,4,2,1,4,0.8236,1.1346
4,2,2,3,3,2,4,2,1,4,0.9552,1.2682
4,2,2,3,4,2,4,2,1,4,0.7446,1.068
4,2,2,3,5,4,2,4,1,4,0.8143,1.1347
4,2,2,3,6,2,4,2,1,4,0.7372,1.0512
4,2,2,3,7,4,2,4,1,4,0.7592,1.0679
4,2,2,3,8,2,4,2,1,4,0.9412,1.5975
4,2,2,3,9,2,4,2,1,4,0.7497,1.0679
4,2,2,3,10,2,4,2,1,4,0.8519,1.1681
4,2,2,3,11,4,2,4,1,4,0.9171,1.2348
4,2,2,3,12,4,2,4,1,4,0.7716,1.0845
4,2,2,3,13,4,2,4,1,4,0.9523,1.2681
4,2,2,3,14,2,4,2,1,4,0.8216,1.1347
4,2,2,3,15,4,2,2,0,4,1.1602,1.4851
4,2,2,3,16,4,2,4,1,4,1.7248,2.0611
4,2,2,3,17,4,2,4,1,4,1.881,2.2022
4,2,2,3,18,2,4,2,1,4,0.7692,1.0845
4,2,2,3,19,2,4,2,1,4,0.774,1.0845
4,2,2,3,20,2,4,2,1,4,0.7315,1.3712
4,2,2,3,21,4,2,4,1,4,0.8687,1.1846
4,2,2,3,22,2,4,2,1,4,0.7735,1.0845
4,2,2,3,23,2,4,2,1,4,0.7144,1.0347
4,2,2,3,24,4,2,4,1,4,0.722,1.0344
4,2,2,3,25,4,2,4,1,4,0.9536,1.268
4,2,2,3,26,4,2,4,1,4,0.9027,1.2181
4,2,2,3,27,4,2,2,0,4,0.9663,1.2849
4,2,2,3,28,4,2,4,1,4,0.8033,1.1181
4,2,2,3,29,4,2,4,1,4,0.9035,1.6074
4,2,2,3,30,4,2,4,1,4,0.8062,1.1175
4,2,2,3,31,4,2,4,1,4,0.9391,1.2583
4,2,2,3,32,2,4,2,1,4,0.7606,1.0848
4,2,2,3,33,4,2,4,1,4,0.8301,1.1512
4,2,2,3,34,4,2,4,1,4,0.8006,1.1178
4,2,2,3,35,4,2,4,1,4,1.0278,1.3516
4,2,3,1,1,1,,4,0,4,2.5644,2.8866
4,2,3,1,2,3,,3,1,4,1.6794,3.0079
4,2,3,1,3,4,,4,1,4,1.606,1.9187
4,2,3,1,4,2,,2,1,4,1.3525,1.6684
4,2,3,1,5,4,,4,1,4,1.2697,1.5851
4,2,3,1,6,3,,3,1,4,1.3826,1.7018
4,2,3,1,7,1,,3,0,4,2.8656,3.1869
4,2,3,1,8,4,,4,1,4,1.3288,1.6519
4,2,3,1,9,1,,1,1,4,1.3102,1.6352
4,2,3,1,10,2,,2,1,4,1.2288,1.5518
4,2,3,1,11,1,,1,1,4,1.4712,1.8064
4,2,3,1,12,3,,3,1,4,1.3348,1.6544
4,2,3,1,13,3,,3,1,4,1.2999,1.6184
4,2,3,1,14,1,,1,1,4,1.5395,1.8521
4,2,3,1,15,1,,1,1,4,1.3531,1.6686
4,2,3,1,16,1,,1,1,4,1.1266,1.4349
4,2,3,1,17,4,,2,0,4,1.517,1.8354
4,2,3,1,18,4,,4,1,4,1.4431,1.7797
4,2,3,1,19,2,,2,1,4,1.4048,1.7187
4,2,3,1,20,2,,2,1,4,0.9997,1.318
4,2,3,1,21,4,,2,0,4,2.9145,3.2506
4,2,3,1,22,2,,2,1,4,1.0229,1.335
4,2,3,1,23,3,,3,1,4,1.4817,1.818
4,2,3,1,24,1,,3,0,2,3.9048,4.7528
4,2,3,1,25,4,,4,1,3,1.5509,2.8792
4,2,3,1,26,4,,2,0,3,1.9469,2.6674
4,2,3,1,27,1,,1,1,4,0.8951,1.2181
4,2,3,1,28,3,,4,0,4,1.5351,2.1748
4,2,3,1,29,4,,3,0,3,3.6552,4.4073
4,2,3,1,30,1,,1,1,4,1.0922,1.4015
4,2,3,1,31,2,,2,1,4,0.9885,1.3016
4,2,3,1,32,2,,2,1,4,1.2241,1.535
4,2,3,1,33,2,,2,1,4,1.1952,1.5187
4,2,3,1,34,3,,3,1,4,1.2785,1.6021
4,2,3,1,35,1,,1,1,4,1.3744,2.3348
4,3,1,3,1,2,3,2,1,4,1.8987,3.1945
4,3,1,3,2,3,2,3,1,4,1.21,1.5353
4,3,1,3,3,2,3,2,1,4,1.1161,1.435
4,3,1,3,4,2,3,2,1,4,0.9794,1.3016
4,3,1,3,5,2,3,2,1,4,1.0076,1.3188
4,3,1,3,6,2,3,2,1,4,0.8109,1.1346
4,3,1,3,7,3,2,3,1,4,1.0703,1.3851
4,3,1,3,8,2,3,2,1,4,0.7904,1.1011
4,3,1,3,9,3,2,3,1,4,0.8111,1.1348
4,3,1,3,10,3,2,3,1,4,0.7826,1.1022
4,3,1,3,11,3,2,3,1,4,0.9624,1.2846
4,3,1,3,12,2,3,2,1,4,1.0556,1.3682
4,3,1,3,13,2,3,2,1,4,1.0012,1.3182
4,3,1,3,14,3,2,3,1,4,0.7725,1.0845
4,3,1,3,15,2,3,2,1,4,0.842,1.1512
4,3,1,3,16,2,3,2,1,4,0.9885,1.3014
4,3,1,3,17,3,2,3,1,4,0.8408,1.1513
4,3,1,3,18,3,2,3,1,4,1.3384,1.6519
4,3,1,3,19,3,2,3,1,4,1.0325,1.3515
4,3,1,3,20,2,3,2,1,4,0.9469,1.2681
4,3,1,3,21,2,3,2,1,4,0.864,1.1848
4,3,1,3,22,3,2,3,1,4,0.913,1.2349
4,3,1,3,23,3,2,3,1,4,1.1364,1.4516
4,3,1,3,24,3,2,3,1,4,1.0464,1.3682
4,3,1,3,25,2,3,2,1,4,0.6721,1.0403
4,3,1,3,26,3,2,3,1,4,0.9031,1.2177
4,3,1,3,27,2,3,2,1,4,0.7905,1.1013
4,3,1,3,28,2,3,2,1,4,0.8584,1.1679
4,3,1,3,29,2,3,2,1,4,0.7326,1.0517
4,3,1,3,30,2,3,2,1,4,0.8023,1.118
4,3,1,3,31,3,2,2,0,4,2.182,2.5029
4,3,1,3,32,3,2,3,1,4,0.9775,1.3017
4,3,1,3,33,2,3,2,1,4,1.1656,1.485
4,3,1,3,34,2,3,2,1,4,1.1705,1.4851
4,3,1,3,35,3,2,3,1,4,1.0148,1.3349
4,3,2,1,1,4,,4,1,4,1.8645,2.1857
4,3,2,1,2,3,,3,1,4,1.0405,1.3521
4,3,2,1,3,4,,1,0,4,5.4018,6.154
4,3,2,1,4,4,,3,0,4,1.7598,2.0689
4,3,2,1,5,1,,1,1,4,1.1794,1.5024
4,3,2,1,6,3,,3,1,4,0.8797,1.2015
4,3,2,1,7,1,,2,0,4,2.6244,2.9436
4,3,2,1,8,2,,2,1,4,0.8887,1.2012
4,3,2,1,9,2,,2,1,4,0.7775,1.1013
4,3,2,1,10,1,,1,1,4,1.1341,1.4515
4,3,2,1,11,3,,3,1,4,1.0602,1.3957
4,3,2,1,12,2,,2,1,4,1.3569,1.6686
4,3,2,1,13,1,,1,1,4,0.8582,1.1681
4,3,2,1,14,1,,1,1,4,0.7154,1.0345
4,3,2,1,15,2,,2,1,4,1.0095,1.318
4,3,2,1,16,3,,3,1,4,1.9491,2.2692
4,3,2,1,17,1,,1,1,4,0.9782,1.3016
4,3,2,1,18,3,,3,1,4,4.7186,5.039
4,3,2,1,19,2,,2,1,4,0.9447,1.2682
4,3,2,1,20,1,,1,1,4,1.1189,1.4349
4,3,2,1,21,4,,2,0,4,1.4129,1.7353
4,3,2,1,22,4,,2,0,4,1.3282,1.6524
4,3,2,1,23,3,,3,1,4,1.4051,1.7186
4,3,2,1,24,4,,2,0,4,1.321,1.6357
4,3,2,1,25,1,,1,1,4,1.4312,1.7521
4,3,2,1,26,1,,1,1,4,0.7845,1.1013
4,3,2,1,27,4,,2,0,4,1.4454,1.7687
4,3,2,1,28,4,,2,0,4,0.8304,1.1514
4,3,2,1,29,3,,2,0,4,1.089,1.4016
4,3,2,1,30,4,,2,0,4,0.8887,1.2014
4,3,2,1,31,1,,1,1,4,0.7772,1.1013
4,3,2,1,32,3,,3,1,4,2.5579,2.8698
4,3,2,1,33,1,,1,1,4,1.7851,2.1027
4,3,2,1,34,2,,2,1,4,0.9649,1.2848
4,3,2,1,35,4,,4,1,4,1.1695,1.4851
4,3,3,2,1,3,1,3,1,4,3.0049,3.7253
4,3,3,2,2,1,4,1,1,4,1.0941,1.6863
4,3,3,2,3,3,1,1,0,4,1.7303,2.0528
4,3,3,2,4,4,1,4,1,4,1.0556,1.3681
4,3,3,2,5,2,4,2,1,4,1.0966,1.4184
4,3,3,2,6,4,3,4,1,4,2.16,2.4799
4,3,3,2,7,4,2,2,0,4,2.1405,2.4531
4,3,3,2,8,4,1,4,1,4,1.4649,1.7854
4,3,3,2,9,2,1,2,1,4,1.1217,1.435
4,3,3,2,10,4,2,4,1,4,1.2563,1.5684
4,3,3,2,11,3,4,4,0,4,1.881,2.2025
4,3,3,2,12,1,2,1,1,4,1.4083,1.7186
4,3,3,2,13,2,1,2,1,4,1.0032,1.3185
4,3,3,2,14,3,1,3,1,4,2.8871,3.2035
4,3,3,2,15,1,3,1,1,4,1.1241,1.4348
4,3,3,2,16,2,3,2,1,4,1.3234,1.6354
4,3,3,2,17,1,4,1,1,4,1.6414,1.9523
4,3,3,2,18,4,2,2,0,4,1.1953,1.5186
4,3,3,2,19,1,3,1,1,4,1.5506,1.8707
4,3,3,2,20,4,3,4,1,4,2.0989,2.4194
4,3,3,2,21,2,3,2,1,4,1.0736,1.385
4,3,3,2,22,2,4,2,1,4,1.0502,1.3683
4,3,3,2,23,2,4,2,1,4,1.0921,1.4018
4,3,3,2,24,1,2,2,0,4,2.14,2.4526
4,3,3,2,25,3,1,3,1,4,1.3202,1.6352
4,3,3,2,26,3,4,3,1,4,1.5909,1.9021
4,3,3,2,27,3,1,3,1,4,1.546,1.8688
4,3,3,2,28,1,4,1,1,4,1.3916,1.7023
4,3,3,2,29,3,1,1,0,4,3.0663,3.3871
4,3,3,2,30,4,2,2,0,4,1.1051,1.4183
4,3,3,2,31,2,4,2,1,4,0.7927,1.1012
4,3,3,2,32,4,2,2,0,4,1.3086,1.6183
4,3,3,2,33,2,4,2,1,4,0.8924,1.2012
4,3,3,2,34,4,3,3,0,4,1.2601,2.0605
4,3,3,2,35,2,3,2,1,4,1.1296,1.4516
4,4,1,1,1,3,,2,0,4,1.1602,1.4851
4,4,1,1,2,1,,1,1,4,1.0372,1.7896
4,4,1,1,3,2,,2,1,4,0.9658,1.2849
4,4,1,1,4,3,,3,1,4,0.9628,1.5545
4,4,1,1,5,1,,1,1,4,2.2602,2.6123
4,4,1,1,6,2,,2,1,4,0.9223,1.234
4,4,1,1,7,4,,4,1,4,0.9698,1.2903
4,4,1,1,8,2,,2,1,4,1.3344,1.6517
4,4,1,1,9,3,,3,1,4,0.9486,1.2684
4,4,1,1,10,3,,3,1,4,0.8022,1.1181
4,4,1,1,11,3,,1,0,4,1.5097,1.8189
4,4,1,1,12,3,,3,1,4,1.277,1.6019
4,4,1,1,13,1,,1,1,4,0.8761,1.2013
4,4,1,1,14,2,,2,1,4,1.1485,1.4683
4,4,1,1,15,2,,2,1,4,1.2664,1.5851
4,4,1,1,16,3,,2,0,4,1.667,1.9855
4,4,1,1,17,3,,2,0,4,1.2669,1.5852
4,4,1,1,18,3,,3,1,4,0.9155,1.2347
4,4,1,1,19,4,,2,0,4,1.6983,2.0193
4,4,1,1,20,2,,1,0,4,1.3292,1.6519
4,4,1,1,21,3,,3,1,4,1.4391,1.752
4,4,1,1,22,4,,4,1,4,2.7132,4.4569
4,4,1,1,23,4,,4,1,4,1.0439,1.3683
4,4,1,1,24,1,,1,1,4,0.9894,1.3014
4,4,1,1,25,3,,3,1,4,2.0246,2.3359
4,4,1,1,26,1,,3,0,3,2.0742,2.5865
4,4,1,1,27,4,,4,1,3,1.314,2.226
4,4,1,1,28,1,,1,1,4,0.9368,1.2515
4,4,1,1,29,1,,1,1,4,1.1107,1.4349
4,4,1,1,30,4,,1,0,4,1.5333,2.1574
4,4,1,1,31,4,,4,1,4,1.1108,1.4347
4,4,1,1,32,2,,2,1,4,1.2453,1.5683
4,4,1,1,33,3,,3,1,4,2.5581,2.8698
4,4,1,1,34,1,,1,1,4,0.7939,1.118
4,4,1,1,35,4,,2,0,4,0.9731,1.2848
4,4,2,3,1,1,4,1,1,4,1.2815,1.602
4,4,2,3,2,1,4,1,1,4,0.7691,1.0847
4,4,2,3,3,1,4,1,1,4,0.7102,1.4463
4,4,2,3,4,4,1,4,1,4,1.005,1.3183
4,4,2,3,5,4,1,4,1,3,1.1124,1.7204
4,4,2,3,6,1,4,1,1,4,0.739,1.051
4,4,2,3,7,1,4,1,1,4,0.682,1.0021
4,4,2,3,8,4,1,4,1,4,0.9304,1.6183
4,4,2,3,9,4,1,4,1,4,0.7539,1.0736
4,4,2,3,10,4,1,4,1,4,0.808,1.118
4,4,2,3,11,4,1,1,0,4,0.5007,0.9077
4,4,2,3,12,1,4,1,1,4,0.616,0.9346
4,4,2,3,13,1,4,1,1,4,0.5632,0.8844
4,4,2,3,14,4,1,4,1,4,0.6889,1.0011
4,4,2,3,15,4,1,4,1,4,0.5217,0.8345
4,4,2,3,16,1,4,1,1,4,0.6489,0.9678
4,4,2,3,17,4,1,4,1,4,0.7387,1.0512
4,4,2,3,18,4,1,1,0,1,0.9047,2.025
4,4,2,3,19,4,1,4,1,4,0.856,1.3521
4,4,2,3,20,4,1,4,1,4,0.8177,1.1543
4,4,2,3,21,1,4,1,1,4,0.7077,1.0595
4,4,2,3,22,1,4,1,1,4,2.0583,2.3695
4,4,2,3,23,4,1,4,1,4,0.7308,1.0514
4,4,2,3,24,4,1,4,1,4,1.0888,1.4411
4,4,2,3,25,1,4,1,1,4,0.6476,0.9679
4,4,2,3,26,1,4,1,1,4,0.7215,1.0346
4,4,2,3,27,1,4,1,1,4,0.7285,1.0513
4,4,2,3,28,4,1,4,1,4,0.7513,1.068
4,4,2,3,29,1,4,1,1,4,0.6766,1.0012
4,4,2,3,30,1,4,1,1,4,0.5256,0.8343
4,4,2,3,31,4,1,4,1,4,0.6365,0.951
4,4,2,3,32,4,1,4,1,4,1.0473,1.3683
4,4,2,3,33,1,4,1,1,4,0.6408,0.9511
4,4,2,3,34,1,4,1,1,4,1.3876,1.702
4,4,2,3,35,4,1,4,1,4,0.7266,1.0512
4,4,3,2,1,3,4,3,1,4,1.5378,2.3059
4,4,3,2,2,1,2,2,0,4,1.0138,1.335
4,4,3,2,3,4,2,2,0,4,3.0082,3.3203
4,4,3,2,4,4,3,4,1,4,1.9296,2.2525
4,4,3,2,5,3,1,1,0,4,1.3906,1.7019
4,4,3,2,6,3,2,3,1,4,1.3387,1.6519
4,4,3,2,7,3,4,3,1,4,1.2721,1.6247
4,4,3,2,8,3,2,3,1,4,1.1117,1.435
4,4,3,2,9,4,2,2,0,4,1.6614,1.986
4,4,3,2,10,1,4,1,1,4,2.622,2.9368
4,4,3,2,11,4,1,4,1,4,2.7102,3.1264
4,4,3,2,12,3,4,3,1,4,1.1118,1.4349
4,4,3,2,13,2,4,2,1,4,1.1017,1.4181
4,4,3,2,14,3,1,3,1,4,1.0451,1.3683
4,4,3,2,15,1,4,4,0,4,1.7109,2.0357
4,4,3,2,16,4,2,3,0,1,1.789,3.9331
4,4,3,2,17,3,4,3,1,4,2.717,3.0537
4,4,3,2,18,4,3,3,0,4,6.0336,6.5933
4,4,3,2,19,4,3,4,1,4,1.3807,1.7016
4,4,3,2,20,3,4,4,0,4,1.8886,2.2025
4,4,3,2,21,4,1,4,1,4,1.0802,1.4016
4,4,3,2,22,2,3,1,0,1,1.2321,3.2321
4,4,3,2,23,1,4,1,1,4,1.1973,1.5185
4,4,3,2,24,3,4,3,1,4,1.329,1.6519
4,4,3,2,25,1,4,1,1,4,0.8307,1.5028
4,4,3,2,26,4,2,2,0,4,3.0584,3.3704
4,4,3,2,27,1,2,1,1,4,1.2094,1.5183
4,4,3,2,28,4,2,2,0,4,1.084,1.4017
4,4,3,2,29,1,2,1,1,4,1.012,1.3348
4,4,3,2,30,1,3,1,1,4,1.0707,1.3848
4,4,3,2,31,2,1,2,1,4,1.2544,1.5685
4,4,3,2,32,1,2,1,1,4,0.9837,1.3016
4,4,3,2,33,3,4,3,1,4,1.2356,1.5519
4,4,3,2,34,1,2,1,1,4,1.1417,1.477
4,4,3,2,35,1,4,1,1,4,1.4823,1.8022
4,5,1,3,1,2,1,2,1,4,1.259,1.6109
4,5,1,3,2,1,2,1,1,4,0.9862,1.301
4,5,1,3,3,2,1,2,1,4,1.1905,1.5017
4,5,1,3,4,2,1,2,1,4,1.0033,1.3183
4,5,1,3,5,2,1,2,1,4,0.774,1.0848
4,5,1,3,6,1,2,1,1,4,0.6193,0.9345
4,5,1,3,7,2,1,2,1,4,0.7104,1.3501
4,5,1,3,8,2,1,2,1,4,0.8007,1.118
4,5,1,3,9,1,2,1,1,4,0.8517,1.1681
4,5,1,3,10,2,1,2,1,4,0.8702,1.1849
4,5,1,3,11,2,1,2,1,4,0.6472,0.9684
4,5,1,3,12,1,2,1,1,4,0.7524,1.068
4,5,1,3,13,2,1,2,1,4,0.7429,1.0681
4,5,1,3,14,2,1,1,0,4,0.732,1.0512
4,5,1,3,15,1,2,1,1,4,0.7545,1.0679
4,5,1,3,16,1,2,2,0,4,0.9199,1.2349
4,5,1,3,17,2,1,2,1,4,0.567,0.8849
4,5,1,3,18,2,1,2,1,4,0.5484,0.8677
4,5,1,3,19,1,2,1,1,4,0.546,0.8677
4,5,1,3,20,1,2,2,0,4,0.8961,1.218
4,5,1,3,21,2,1,2,1,4,1.1043,1.4184
4,5,1,3,22,1,2,2,0,4,0.6634,0.9848
4,5,1,3,23,2,1,2,1,4,0.6728,0.9847
4,5,1,3,24,1,2,1,1,4,0.5009,0.8177
4,5,1,3,25,1,2,1,1,4,0.5223,0.8344
4,5,1,3,26,1,2,1,1,4,0.5534,0.8677
4,5,1,3,27,2,1,2,1,4,0.5997,0.9177
4,5,1,3,28,1,2,1,1,4,1.0434,1.3515
4,5,1,3,29,2,1,2,1,4,0.8773,1.2013
4,5,1,3,30,1,2,2,0,4,0.6217,0.9346
4,5,1,3,31,2,1,2,1,4,0.5682,0.8845
4,5,1,3,32,2,1,2,1,4,0.5181,0.8348
4,5,1,3,33,1,2,1,1,4,0.6613,0.9845
4,5,1,3,34,1,2,2,0,4,0.6228,0.9902
4,5,1,3,35,1,2,2,0,4,0.5519,0.8679
4,5,2,2,1,2,1,2,1,4,1.4346,2.3627
4,5,2,2,2,2,3,2,1,4,1.0994,1.4189
4,5,2,2,3,4,1,1,0,4,1.171,1.4856
4,5,2,2,4,4,2,2,0,4,1.0317,1.3516
4,5,2,2,5,3,1,1,0,4,1.4575,1.7686
4,5,2,2,6,3,1,4,0,1,1.3393,3.2591
4,5,2,2,7,4,1,1,0,4,2.1511,2.4691
4,5,2,2,8,1,4,1,1,4,1.2034,1.5183
4,5,2,2,9,2,4,2,1,4,1.0467,1.3683
4,5,2,2,10,2,1,2,1,4,0.8158,1.1345
4,5,2,2,11,4,1,4,1,4,1.3628,1.6851
4,5,2,2,12,2,4,2,1,4,1.0233,1.3748
4,5,2,2,13,4,2,2,0,4,1.7207,2.0724
4,5,2,2,14,2,4,2,1,4,0.8688,1.2045
4,5,2,2,15,3,2,3,1,4,0.9972,1.3489
4,5,2,2,16,1,2,2,0,4,1.7919,2.1024
4,5,2,2,17,1,2,2,0,4,1.4499,1.7858
4,5,2,2,18,1,3,1,1,4,0.9788,1.3308
4,5,2,2,19,3,1,3,1,4,1.422,1.7579
4,5,2,2,20,3,4,3,1,4,1.0637,1.4319
4,5,2,2,21,1,3,1,1,4,1.5673,1.8858
4,5,2,2,22,3,2,3,1,4,1.0116,1.3634
4,5,2,2,23,1,4,1,1,4,1.0054,1.3418
4,5,2,2,24,4,3,4,1,4,1.5447,1.8689
4,5,2,2,25,3,1,3,1,4,1.9495,2.2694
4,5,2,2,26,2,1,2,1,4,1.3461,2.1941
4,5,2,2,27,2,3,2,1,4,1.4822,1.802
4,5,2,2,28,1,4,1,1,4,1.0575,1.3688
4,5,2,2,29,4,3,3,0,4,1.6259,1.9522
4,5,2,2,30,4,3,3,0,4,1.8841,2.2024
4,5,2,2,31,4,1,4,1,4,1.2674,1.5855
4,5,2,2,32,2,4,2,1,4,1.3316,1.6518
4,5,2,2,33,3,4,3,1,4,1.2973,1.6186
4,5,2,2,34,1,3,1,1,4,2.3203,3.2809
4,5,2,2,35,1,2,1,1,4,1.8047,2.1192
4,5,3,1,1,2,,2,1,4,3.3248,4.1567
4,5,3,1,2,3,,3,1,4,1.5563,1.8689
4,5,3,1,3,4,,3,0,4,1.1452,1.4683
4,5,3,1,4,2,,2,1,4,0.8784,1.2014
4,5,3,1,5,2,,2,1,4,1.0382,1.3516
4,5,3,1,6,2,,2,1,4,0.6165,0.9364
4,5,3,1,7,3,,3,1,4,0.8521,1.2199
4,5,3,1,8,4,,2,0,4,1.1072,1.4182
4,5,3,1,9,1,,1,1,4,1.2109,1.5356
4,5,3,1,10,2,,2,1,4,0.9736,1.2852
4,5,3,1,11,4,,1,0,4,1.0507,1.3683
4,5,3,1,12,2,,2,1,4,1.0918,1.4015
4,5,3,1,13,2,,2,1,4,1.244,1.5685
4,5,3,1,14,4,,2,0,4,1.3412,1.6519
4,5,3,1,15,4,,1,0,4,0.7953,1.1179
4,5,3,1,16,1,,1,1,4,0.7669,1.0843
4,5,3,1,17,1,,1,1,4,0.6753,0.9845
4,5,3,1,18,3,,3,1,4,1.3725,1.7245
4,5,3,1,19,4,,3,0,4,2.2003,2.5197
4,5,3,1,20,3,,3,1,4,0.8339,1.1519
4,5,3,1,21,2,,2,1,4,3.2193,3.5372
4,5,3,1,22,2,,2,1,4,1.0767,1.4017
4,5,3,1,23,3,,3,1,4,1.1642,1.4851
4,5,3,1,24,2,,2,1,4,0.8968,1.2181
4,5,3,1,25,2,,2,1,4,0.8168,1.1353
4,5,3,1,26,4,,3,0,4,0.9956,1.3182
4,5,3,1,27,2,,2,1,4,0.9433,1.6316
4,5,3,1,28,3,,2,0,4,1.2941,1.6192
4,5,3,1,29,3,,3,1,4,0.974,1.2847
4,5,3,1,30,3,,3,1,4,0.9223,1.2346
4,5,3,1,31,3,,3,1,4,0.6817,1.2739
4,5,3,1,32,2,,2,1,4,0.7595,1.0847
4,5,3,1,33,4,,2,0,4,0.9726,1.2849
4,5,3,1,34,2,,2,1,4,1.0488,1.3684
4,5,3,1,35,4,,2,0,4,1.0107,1.3349
4,6,1,1,1,1,,2,0,4,1.0832,1.4014
4,6,1,1,2,3,,3,1,4,1.1874,1.5235
4,6,1,1,3,1,,2,0,4,1.0466,1.3681
4,6,1,1,4,1,,1,1,4,1.2798,1.6018
4,6,1,1,5,4,,4,1,4,1.344,1.6687
4,6,1,1,6,3,,3,1,4,1.0854,1.4015
4,6,1,1,7,1,,1,1,4,0.8525,1.1678
4,6,1,1,8,4,,4,1,4,1.3024,1.6189
4,6,1,1,9,3,,3,1,4,2.2299,2.553
4,6,1,1,10,2,,2,1,4,0.9902,1.3019
4,6,1,1,11,4,,2,0,4,1.2256,1.5518
4,6,1,1,12,3,,3,1,4,1.0682,1.3849
4,6,1,1,13,4,,3,0,4,2.0367,2.3527
4,6,1,1,14,2,,2,1,4,0.9333,1.2514
4,6,1,1,15,4,,3,0,4,1.1401,1.4517
4,6,1,1,16,4,,2,0,4,1.0341,1.3516
4,6,1,1,17,2,,2,1,4,1.0598,2.004
4,6,1,1,18,2,,2,1,4,1.4595,1.7854
4,6,1,1,19,4,,1,0,4,0.9404,1.2599
4,6,1,1,20,1,,1,1,4,0.7462,1.068
4,6,1,1,21,1,,1,1,4,0.6558,0.9678
4,6,1,1,22,4,,4,1,4,1.0971,1.4182
4,6,1,1,23,1,,3,0,4,1.0245,1.5521
4,6,1,1,24,4,,3,0,4,2.0981,2.4195
4,6,1,1,25,3,,3,1,4,0.864,1.1846
4,6,1,1,26,3,,3,1,4,0.7536,1.068
4,6,1,1,27,2,,2,1,4,1.2063,1.5183
4,6,1,1,28,1,,1,1,4,0.9054,1.218
4,6,1,1,29,3,,3,1,4,0.9053,1.2181
4,6,1,1,30,2,,2,1,4,1.0017,1.3183
4,6,1,1,31,4,,3,0,4,2.0839,2.4028
4,6,1,1,32,2,,2,1,4,1.3314,1.6521
4,6,1,1,33,3,,3,1,4,0.8489,1.1681
4,6,1,1,34,2,,2,1,4,1.0589,1.3681
4,6,1,1,35,1,,1,1,4,0.8116,1.1347
4,6,2,2,1,2,4,2,1,4,2.2296,3.0614
4,6,2,2,2,4,2,4,1,4,1.0504,1.3684
4,6,2,2,3,3,1,3,1,4,1.0599,1.46
4,6,2,2,4,3,1,3,1,4,0.9061,1.2258
4,6,2,2,5,1,2,1,1,4,0.6971,1.0179
4,6,2,2,6,4,1,1,0,4,1.825,2.1356
4,6,2,2,7,2,4,4,0,4,1.1785,1.5017
4,6,2,2,8,3,4,3,1,4,1.1665,1.4849
4,6,2,2,9,4,3,4,1,4,1.2028,1.5185
4,6,2,2,10,3,4,3,1,4,0.902,1.2178
4,6,2,2,11,1,4,1,1,4,0.8218,1.1347
4,6,2,2,12,4,1,4,1,4,1.8487,2.1692
4,6,2,2,13,2,3,2,1,4,1.1367,1.4517
4,6,2,2,14,1,4,1,1,4,0.7755,1.1013
4,6,2,2,15,3,4,3,1,4,1.4192,1.7354
4,6,2,2,16,3,2,3,1,4,0.9664,1.2847
4,6,2,2,17,4,3,3,0,4,1.474,1.7854
4,6,2,2,18,3,1,3,1,4,0.8267,1.1514
4,6,2,2,19,3,4,3,1,4,0.9244,1.2351
4,6,2,2,20,3,4,3,1,4,0.7637,1.0845
4,6,2,2,21,4,1,1,0,4,1.776,2.1027
4,6,2,2,22,4,2,4,1,4,2.2195,2.5559
4,6,2,2,23,4,1,1,0,4,2.8037,3.1395
4,6,2,2,24,2,3,2,1,4,1.0766,1.4015
4,6,2,2,25,1,4,1,1,4,0.829,1.1514
4,6,2,2,26,4,3,4,1,4,1.2636,1.5851
4,6,2,2,27,4,3,3,0,4,2.3194,2.6878
4,6,2,2,28,1,2,1,1,4,1.1553,1.4683
4,6,2,2,29,1,3,1,1,4,1.4314,1.7519
4,6,2,2,30,1,3,1,1,4,1.122,1.4893
4,6,2,2,31,4,3,3,0,4,1.9905,2.3263
4,6,2,2,32,4,3,3,0,4,1.5452,1.8812
4,6,2,2,33,4,2,2,0,4,1.6774,2.0026
4,6,2,2,34,4,3,3,0,4,2.141,2.5092
4,6,2,2,35,2,4,2,1,4,1.1119,1.4346
4,6,3,3,1,3,4,3,1,4,1.1573,1.4683
4,6,3,3,2,3,4,3,1,4,1.1153,1.435
4,6,3,3,3,3,4,3,1,4,1.1537,1.9374
4,6,3,3,4,4,3,4,1,4,0.7876,1.1402
4,6,3,3,5,4,3,4,1,4,0.5993,0.9177
4,6,3,3,6,4,3,3,0,4,1.0588,1.385
4,6,3,3,7,3,4,3,1,4,0.9557,1.2682
4,6,3,3,8,3,4,3,1,4,0.6974,1.0179
4,6,3,3,9,3,4,4,0,4,0.849,1.168
4,6,3,3,10,3,4,3,1,4,0.8187,1.1346
4,6,3,3,11,4,3,4,1,4,0.6782,1.0013
4,6,3,3,12,4,3,4,1,4,0.8462,1.168
4,6,3,3,13,3,4,3,1,4,0.7041,1.0178
4,6,3,3,14,3,4,3,1,4,1.1755,1.4849
4,6,3,3,15,3,4,3,1,4,0.8599,1.1846
4,6,3,3,16,3,4,3,1,4,1.549,1.8688
4,6,3,3,17,4,3,4,1,4,1.0742,1.3855
4,6,3,3,18,3,4,3,1,4,0.7787,1.1013
4,6,3,3,19,4,3,4,1,4,0.9271,1.2515
4,6,3,3,20,4,3,4,1,4,1.6451,1.9691
4,6,3,3,21,4,3,4,1,4,0.782,1.1015
4,6,3,3,22,4,3,4,1,4,1.1865,1.9065
4,6,3,3,23,4,3,4,1,4,0.8211,1.1344
4,6,3,3,24,3,4,3,1,4,0.9048,1.2184
4,6,3,3,25,3,4,3,1,4,0.8559,1.168
4,6,3,3,26,4,3,3,0,4,1.0975,1.4183
4,6,3,3,27,3,4,3,1,4,1.1046,1.7286
4,6,3,3,28,4,3,4,1,4,1.0202,1.335
4,6,3,3,29,4,3,4,1,4,1.0948,1.4183
4,6,3,3,30,4,3,3,0,4,1.166,1.4852
4,6,3,3,31,3,4,3,1,4,1.0107,1.335
4,6,3,3,32,3,4,3,1,4,0.7335,1.0512
4,6,3,3,33,3,4,3,1,4,0.7875,1.5236
4,6,3,3,34,4,3,4,1,4,0.9348,1.2515
4,6,3,3,35,4,3,3,0,4,0.885,1.2015
5,1,1,1,1,3,,3,1,4,1.6543,2.679
5,1,1,1,2,3,,3,1,4,1.4183,1.7351
5,1,1,1,3,1,,4,0,2,1.4607,2.0532
5,1,1,1,4,3,,3,1,3,1.6664,2.7065
5,1,1,1,5,1,,1,1,2,1.7485,3.2528
5,1,1,1,6,2,,2,1,3,1.1365,2.1765
5,1,1,1,7,2,,2,1,1,1.3528,2.1204
5,1,1,1,8,2,,2,1,3,1.0911,1.971
5,1,1,1,9,3,,3,1,2,2.9797,4.3077
5,1,1,1,10,2,,2,1,4,2.4692,2.9169
5,1,1,1,11,3,,3,1,4,1.1195,1.5673
5,1,1,1,12,2,,2,1,3,1.7126,2.0961
5,1,1,1,13,3,,2,0,1,1.469,2.6522
5,1,1,1,14,2,,2,1,4,1.713,2.0492
5,1,1,1,15,4,,4,1,4,1.4395,2.9118
5,1,1,1,16,1,,1,1,3,1.5303,3.2897
5,1,1,1,17,2,,2,1,2,2.9647,3.3804
5,1,1,1,18,1,,3,0,2,2.012,2.5237
5,1,1,1,19,4,,4,1,3,1.3651,2.1817
5,1,1,1,20,1,,1,1,4,1.4224,1.8378
5,1,1,1,21,4,,4,1,4,1.1391,1.5231
5,1,1,1,22,4,,4,1,4,1.1427,1.4948
5,1,1,1,23,3,,3,1,4,1.1155,1.4833
5,1,1,1,24,4,,4,1,3,1.1684,1.6966
5,1,1,1,25,2,,2,1,4,1.3719,1.7077
5,1,1,1,26,3,,4,0,4,0.9042,1.218
5,1,1,1,27,1,,2,0,1,2.4066,3.7988
5,1,1,1,28,4,,4,1,2,1.7252,2.0926
5,1,1,1,29,3,,3,1,3,1.689,2.1213
5,1,1,1,30,2,,2,1,3,1.9555,3.6355
5,1,1,1,31,3,,3,1,4,1.5033,4.047
5,1,1,1,32,2,,2,1,2,1.9314,2.2989
5,1,1,1,33,1,,3,0,1,1.6787,3.1031
5,1,1,1,34,4,,4,1,1,1.1531,1.5854
5,1,1,1,35,2,,2,1,2,1.6646,3.0888
5,1,2,2,1,1,4,4,0,4,2.1861,2.6182
5,1,2,2,2,1,4,4,0,2,2.0805,3.5205
5,1,2,2,3,1,4,1,1,1,2.6728,3.1849
5,1,2,2,4,1,2,1,1,4,1.2637,2.0471
5,1,2,2,5,4,3,4,1,3,4.3331,5.6454
5,1,2,2,6,3,2,3,1,4,2.4076,2.8232
5,1,2,2,7,3,2,3,1,4,1.4286,1.8126
5,1,2,2,8,3,1,3,1,4,1.2608,1.9643
5,1,2,2,9,1,2,1,1,2,1.422,2.3497
5,1,2,2,10,1,2,2,0,3,2.7035,3.9196
5,1,2,2,11,2,4,2,1,4,1.4236,2.3675
5,1,2,2,12,4,1,1,0,1,3.4876,3.8236
5,1,2,2,13,3,1,3,1,4,1.6523,2.7564
5,1,2,2,14,4,2,4,1,4,1.7964,2.1486
5,1,2,2,15,1,2,2,0,3,2.8148,4.687
5,1,2,2,16,4,1,4,1,3,1.3757,2.6554
5,1,2,2,17,2,3,2,1,4,1.2049,1.6049
5,1,2,2,18,1,4,4,0,2,1.7961,3.7325
5,1,2,2,19,2,4,2,1,3,1.501,4.1258
5,1,2,2,20,3,1,3,1,4,1.7498,2.0691
5,1,2,2,21,3,1,3,1,4,1.9546,2.6103
5,1,2,2,22,4,2,4,1,3,1.785,3.145
5,1,2,2,23,3,1,3,1,4,1.8812,3.2578
5,1,2,2,24,1,3,1,1,4,1.3823,1.9739
5,1,2,2,25,2,1,2,1,3,1.1426,2.1347
5,1,2,2,26,2,4,2,1,4,1.4408,2.0973
5,1,2,2,27,2,1,2,1,4,1.7575,2.2851
5,1,2,2,28,3,1,3,1,3,1.2006,2.1288
5,1,2,2,29,2,1,2,1,4,1.1477,1.5632
5,1,2,2,30,2,1,1,0,1,2.4297,3.3419
5,1,2,2,31,1,3,1,1,1,3.3334,3.6854
5,1,2,2,32,4,1,4,1,2,1.5677,3.0233
5,1,2,2,33,4,2,4,1,3,1.2686,2.2288
5,1,2,2,34,2,1,2,1,4,1.1471,1.9628
5,1,2,2,35,1,4,4,0,1,3.9642,4.7162
5,1,3,3,1,2,1,1,0,2,1.4593,3.3153
5,1,3,3,2,1,2,2,0,3,1.6453,3.0853
5,1,3,3,3,1,2,1,1,3,1.1031,2.3997
5,1,3,3,4,1,2,1,1,2,1.8871,3.9992
5,1,3,3,5,2,1,2,1,3,1.1648,2.1093
5,1,3,3,6,2,1,2,1,3,1.4483,2.6807
5,1,3,3,7,2,1,2,1,4,1.0686,1.4684
5,1,3,3,8,2,1,2,1,4,1.3781,1.698
5,1,3,3,9,1,2,1,1,2,1.3906,1.8546
5,1,3,3,10,2,1,2,1,4,1.1721,1.4851
5,1,3,3,11,2,1,2,1,1,2.1522,2.5517
5,1,3,3,12,2,1,2,1,4,1.0249,1.3347
5,1,3,3,13,1,2,1,1,4,1.179,1.5025
5,1,3,3,14,1,2,1,1,3,1.7271,2.6227
5,1,3,3,15,2,1,2,1,4,1.0129,1.3349
5,1,3,3,16,2,1,2,1,4,1.3594,1.9841
5,1,3,3,17,2,1,2,1,4,0.9594,1.268
5,1,3,3,18,1,2,1,1,4,0.9732,1.2933
5,1,3,3,19,2,1,2,1,3,1.2418,1.5519
5,1,3,3,20,2,1,2,1,4,1.8353,2.3319
5,1,3,3,21,2,1,2,1,4,0.9106,1.2183
5,1,3,3,22,1,2,1,1,4,1.1177,1.4853
5,1,3,3,23,2,1,2,1,4,0.77,1.0836
5,1,3,3,24,1,2,2,0,2,2.2,3.3517
5,1,3,3,25,1,2,1,1,3,1.3591,2.3358
5,1,3,3,26,2,1,2,1,4,1.8257,2.3217
5,1,3,3,27,1,2,1,1,2,1.4116,2.1797
5,1,3,3,28,1,2,1,1,3,1.5003,3.7725
5,1,3,3,29,2,1,2,1,4,1.3786,1.6988
5,1,3,3,30,1,2,1,1,4,1.0709,1.6311
5,1,3,3,31,2,1,2,1,4,0.9744,1.2845
5,1,3,3,32,1,2,2,0,2,1.851,3.1952
5,1,3,3,33,1,2,1,1,3,1.4014,1.9611
5,1,3,3,34,2,1,3,0,1,1.0999,4.3157
5,1,3,3,35,1,2,2,0,4,1.7726,2.2687
5,2,1,1,1,3,,3,1,3,1.9082,2.7395
5,2,1,1,2,1,,2,0,3,1.9574,2.8368
5,2,1,1,3,2,,1,0,3,2.9147,5.3465
5,2,1,1,4,2,,2,1,4,1.4322,1.9439
5,2,1,1,5,1,,1,1,4,1.3233,2.4114
5,2,1,1,6,1,,1,1,3,1.3377,1.7698
5,2,1,1,7,4,,4,1,1,2.2113,2.8035
5,2,1,1,8,2,,2,1,4,1.1218,1.8577
5,2,1,1,9,2,,2,1,4,1.1114,1.6233
5,2,1,1,10,3,,3,1,4,1.5422,1.8519
5,2,1,1,11,3,,4,0,3,1.3551,1.9475
5,2,1,1,12,3,,3,1,3,1.9819,3.6774
5,2,1,1,13,3,,4,0,2,1.4004,1.8485
5,2,1,1,14,2,,2,1,2,1.1349,1.9825
5,2,1,1,15,4,,4,1,3,1.1819,1.6305
5,2,1,1,16,3,,3,1,3,2.2377,3.3254
5,2,1,1,17,3,,4,0,1,1.0309,2.4868
5,2,1,1,18,1,,1,1,4,1.234,2.7221
5,2,1,1,19,3,,3,1,1,2.5162,2.8518
5,2,1,1,20,2,,2,1,4,1.5687,2.2731
5,2,1,1,21,1,,1,1,4,1.125,1.4928
5,2,1,1,22,4,,4,1,3,1.5619,2.3614
5,2,1,1,23,4,,4,1,3,0.9382,1.2749
5,2,1,1,24,1,,1,1,4,0.9522,1.3038
5,2,1,1,25,4,,1,0,3,0.98,1.9081
5,2,1,1,26,2,,2,1,2,1.3838,3.0159
5,2,1,1,27,4,,4,1,4,0.8622,1.1847
5,2,1,1,28,1,,1,1,4,0.9911,1.3014
5,2,1,1,29,4,,4,1,4,0.7954,1.1181
5,2,1,1,30,2,,2,1,2,1.2947,2.1591
5,2,1,1,31,1,,1,1,2,1.5125,2.7122
5,2,1,1,32,3,,2,0,1,2.4751,3.0191
5,2,1,1,33,2,,2,1,3,1.4082,1.9037
5,2,1,1,34,1,,4,0,1,3.8596,4.5159
5,2,1,1,35,4,,4,1,3,1.3086,1.9165
5,2,2,3,1,2,3,2,1,4,1.6062,5.5581
5,2,2,3,2,3,2,3,1,3,1.7154,2.3878
5,2,2,3,3,3,2,3,1,3,0.9307,1.5706
5,2,2,3,4,2,3,2,1,3,0.9153,1.2993
5,2,2,3,5,2,3,3,0,1,0.8788,2.4148
5,2,2,3,6,3,2,3,1,3,1.0861,1.6937
5,2,2,3,7,2,3,2,1,4,1.2101,3.1941
5,2,2,3,8,3,2,3,1,3,1.6087,3.353
5,2,2,3,9,3,2,3,1,4,1.152,4.4961
5,2,2,3,10,2,3,2,1,4,1.0018,1.9778
5,2,2,3,11,3,2,3,1,3,1.6428,2.0105
5,2,2,3,12,3,2,3,1,4,1.706,2.8739
5,2,2,3,13,3,2,3,1,4,0.9976,1.3182
5,2,2,3,14,2,3,2,1,4,0.897,1.2182
5,2,2,3,15,2,3,2,1,4,1.1037,1.4184
5,2,2,3,16,3,2,3,1,3,1.0637,1.5113
5,2,2,3,17,3,2,3,1,2,1.1796,2.5079
5,2,2,3,18,2,3,2,1,3,1.0789,1.8466
5,2,2,3,19,3,2,3,1,2,2.5088,3.9489
5,2,2,3,20,3,2,3,1,2,1.1332,1.869
5,2,2,3,21,2,3,2,1,4,0.961,2.513
5,2,2,3,22,2,3,2,1,2,1.8841,2.6041
5,2,2,3,23,3,2,3,1,2,1.411,2.0669
5,2,2,3,24,3,2,3,1,1,2.863,3.187
5,2,2,3,25,2,3,2,1,3,1.1335,1.7737
5,2,2,3,26,3,2,3,1,2,1.6706,2.1502
5,2,2,3,27,3,2,3,1,2,1.5833,2.2066
5,2,2,3,28,3,2,2,0,2,2.2464,2.8867
5,2,2,3,29,2,3,2,1,4,1.2658,1.8573
5,2,2,3,30,3,2,3,1,2,1.3831,2.4072
5,2,2,3,31,2,3,2,1,1,1.5577,1.9578
5,2,2,3,32,2,3,2,1,3,2.1518,2.52
5,2,2,3,33,2,3,2,1,4,1.1221,2.3213
5,2,2,3,34,3,2,3,1,4,1.5245,1.8354
5,2,2,3,35,3,2,3,1,4,2.4417,2.753
5,2,3,2,1,3,4,4,0,2,2.3854,4.2576
5,2,3,2,2,1,3,1,1,3,2.0839,2.8359
5,2,3,2,3,4,1,4,1,3,1.1213,1.9213
5,2,3,2,4,4,2,4,1,4,1.0921,1.4284
5,2,3,2,5,4,2,4,1,2,1.1477,2.2678
5,2,3,2,6,3,1,3,1,4,1.2644,2.0806
5,2,3,2,7,3,1,3,1,4,0.8611,1.168
5,2,3,2,8,4,2,4,1,4,1.2301,2.3342
5,2,3,2,9,3,1,3,1,3,1.4721,2.9121
5,2,3,2,10,4,2,4,1,3,0.9052,1.6257
5,2,3,2,11,2,3,2,1,3,2.0562,3.7677
5,2,3,2,12,3,2,3,1,1,2.1278,3.5523
5,2,3,2,13,2,4,2,1,3,1.6949,2.7674
5,2,3,2,14,1,3,3,0,1,1.8239,2.8803
5,2,3,2,15,2,3,2,1,4,1.74,2.3637
5,2,3,2,16,4,3,4,1,3,1.2928,2.0133
5,2,3,2,17,1,3,1,1,2,1.4527,3.2122
5,2,3,2,18,2,1,2,1,4,0.9865,1.4345
5,2,3,2,19,1,3,1,1,4,1.0882,1.7607
5,2,3,2,20,2,1,2,1,4,1.0185,1.4023
5,2,3,2,21,1,3,1,1,4,1.6336,2.1137
5,2,3,2,22,2,1,2,1,4,1.1488,1.4683
5,2,3,2,23,3,4,3,1,4,2.098,2.4195
5,2,3,2,24,2,4,2,1,3,1.1844,2.2562
5,2,3,2,25,4,2,4,1,3,1.2061,2.3417
5,2,3,2,26,4,2,4,1,2,1.1434,2.104
5,2,3,2,27,4,3,4,1,2,2.0341,3.25
5,2,3,2,28,3,1,3,1,4,1.1027,2.623
5,2,3,2,29,1,2,1,1,3,1.093,1.8446
5,2,3,2,30,3,2,3,1,3,1.3557,2.2833
5,2,3,2,31,4,3,4,1,2,1.279,2.2716
5,2,3,2,32,1,3,3,0,4,1.3317,1.8117
5,2,3,2,33,2,4,2,1,4,1.0674,1.3876
5,2,3,2,34,2,1,2,1,1,1.252,1.5685
5,2,3,2,35,4,3,4,1,1,1.2049,1.5185
5,3,1,3,1,4,2,2,0,1,2.7442,3.1436
5,3,1,3,2,4,2,4,1,3,1.6087,2.5688
5,3,1,3,3,4,2,4,1,3,1.3292,2.6406
5,3,1,3,4,4,2,4,1,3,0.9976,1.5415
5,3,1,3,5,2,4,2,1,4,1.0974,1.4974
5,3,1,3,6,4,2,4,1,3,0.9421,1.486
5,3,1,3,7,4,2,4,1,4,0.9299,1.282
5,3,1,3,8,4,2,4,1,4,0.9755,1.2849
5,3,1,3,9,4,2,4,1,2,1.0367,2.1883
5,3,1,3,10,4,2,4,1,4,1.2045,2.0684
5,3,1,3,11,4,2,2,0,1,2.4007,2.8008
5,3,1,3,12,2,4,4,0,1,1.135,2.0478
5,3,1,3,13,4,2,4,1,3,1.102,2.2219
5,3,1,3,14,2,4,2,1,4,1.2198,1.5403
5,3,1,3,15,4,2,4,1,2,1.0304,2.3897
5,3,1,3,16,4,2,4,1,2,1.6861,2.3906
5,3,1,3,17,2,4,2,1,4,0.9981,1.3503
5,3,1,3,18,4,2,4,1,4,0.9919,1.4406
5,3,1,3,19,4,2,4,1,4,1.031,1.3995
5,3,1,3,20,2,4,2,1,4,0.9432,1.2513
5,3,1,3,21,4,2,4,1,4,0.9565,1.4848
5,3,1,3,22,2,4,2,1,3,1.0575,1.4091
5,3,1,3,23,4,2,4,1,1,2.7611,3.2253
5,3,1,3,24,2,4,2,1,3,0.9186,1.6702
5,3,1,3,25,2,4,2,1,4,1.3804,1.7481
5,3,1,3,26,4,2,4,1,4,1.5825,1.9189
5,3,1,3,27,2,4,2,1,4,1.1376,1.4517
5,3,1,3,28,2,4,2,1,4,0.8877,1.2014
5,3,1,3,29,4,2,4,1,3,0.9346,1.3034
5,3,1,3,30,4,2,4,1,3,1.0434,1.5068
5,3,1,3,31,2,4,2,1,4,0.9514,1.6714
5,3,1,3,32,2,4,2,1,4,1.0447,1.3683
5,3,1,3,33,4,2,4,1,4,1.1013,1.4182
5,3,1,3,34,4,2,4,1,4,1.8769,2.1857
5,3,1,3,35,4,2,4,1,2,1.1641,1.7233
5,3,2,1,1,2,,2,1,3,1.4375,2.0941
5,3,2,1,2,1,,2,0,1,1.4816,1.818
5,3,2,1,3,4,,4,1,3,1.1525,1.9516
5,3,2,1,4,2,,2,1,4,1.3777,1.7459
5,3,2,1,5,4,,4,1,4,0.9401,1.7721
5,3,2,1,6,4,,4,1,3,1.3169,1.9088
5,3,2,1,7,2,,2,1,4,0.9207,1.2404
5,3,2,1,8,1,,2,0,1,2.5351,3.3359
5,3,2,1,9,2,,2,1,3,1.1835,1.6479
5,3,2,1,10,3,,3,1,3,1.7102,3.3263
5,3,2,1,11,1,,1,1,3,0.9992,2.023
5,3,2,1,12,2,,3,0,1,1.558,2.3899
5,3,2,1,13,3,,3,1,4,2.1338,2.4529
5,3,2,1,14,2,,2,1,4,1.3303,2.1785
5,3,2,1,15,1,,4,0,1,1.5157,2.1552
5,3,2,1,16,3,,3,1,3,1.2525,1.8924
5,3,2,1,17,1,,1,1,4,1.3047,1.8645
5,3,2,1,18,1,,1,1,4,1.0061,1.6781
5,3,2,1,19,2,,2,1,4,1.0358,1.3719
5,3,2,1,20,3,,3,1,1,1.2363,1.5884
5,3,2,1,21,4,,2,0,1,1.2379,1.75
5,3,2,1,22,3,,3,1,4,1.5359,2.1272
5,3,2,1,23,2,,2,1,4,1.5939,2.0099
5,3,2,1,24,3,,3,1,3,1.2894,1.9613
5,3,2,1,25,4,,4,1,4,1.019,1.3351
5,3,2,1,26,4,,4,1,2,1.0141,1.7175
5,3,2,1,27,3,,3,1,4,1.3926,2.0011
5,3,2,1,28,3,,4,0,1,0.8808,2.2566
5,3,2,1,29,2,,2,1,4,1.0619,1.4296
5,3,2,1,30,2,,2,1,4,1.1174,1.4351
5,3,2,1,31,4,,4,1,3,1.1074,1.7152
5,3,2,1,32,2,,2,1,4,1.039,1.8869
5,3,2,1,33,4,,3,0,1,1.6511,1.969
5,3,2,1,34,3,,3,1,1,2.0356,2.3526
5,3,2,1,35,3,,3,1,4,1.3334,1.6854
5,3,3,2,1,3,2,3,1,4,1.976,3.0005
5,3,3,2,2,2,3,2,1,3,1.2632,1.9356
5,3,3,2,3,2,3,2,1,1,1.3603,1.7445
5,3,3,2,4,1,4,1,1,1,3.7235,4.2508
5,3,3,2,5,4,1,4,1,3,1.231,2.2229
5,3,3,2,6,3,2,3,1,4,1.1411,2.1011
5,3,3,2,7,3,4,3,1,4,0.9289,1.5047
5,3,3,2,8,3,2,3,1,4,0.9168,1.2846
5,3,3,2,9,2,4,2,1,3,1.1055,1.9692
5,3,3,2,10,1,4,1,1,4,0.9943,2.0668
5,3,3,2,11,1,4,4,0,1,1.6626,2.846
5,3,3,2,12,1,2,2,0,3,1.4195,2.3158
5,3,3,2,13,2,1,2,1,3,1.7266,2.7511
5,3,3,2,14,2,4,2,1,4,1.2953,2.1911
5,3,3,2,15,1,4,4,0,1,2.1512,3.3029
5,3,3,2,16,3,1,3,1,4,1.4574,2.5135
5,3,3,2,17,1,4,1,1,2,1.5482,2.2686
5,3,3,2,18,1,2,2,0,1,2.1443,2.4695
5,3,3,2,19,2,4,2,1,4,1.0371,1.3727
5,3,3,2,20,1,2,1,1,3,1.0306,1.8467
5,3,3,2,21,4,2,2,0,3,1.1809,1.8051
5,3,3,2,22,3,2,3,1,4,1.3805,1.8442
5,3,3,2,23,1,4,1,1,3,1.0664,1.5626
5,3,3,2,24,3,4,3,1,4,2.4767,2.7865
5,3,3,2,25,4,3,4,1,3,3.0041,3.4838
5,3,3,2,26,3,4,4,0,2,3.0071,3.6792
5,3,3,2,27,3,2,3,1,4,1.2422,1.5523
5,3,3,2,28,2,3,2,1,4,1.2921,1.6439
5,3,3,2,29,4,3,4,1,4,1.035,1.3541
5,3,3,2,30,4,3,4,1,2,1.4125,2.2284
5,3,3,2,31,2,3,2,1,4,1.0835,1.4017
5,3,3,2,32,3,2,2,0,4,1.843,2.3713
5,3,3,2,33,2,1,2,1,4,0.8834,1.2015
5,3,3,2,34,1,3,1,1,3,1.1716,2.0035
5,3,3,2,35,3,1,3,1,3,1.6672,1.9856
5,4,1,2,1,1,3,1,1,4,1.0018,1.3855
5,4,1,2,2,4,1,4,1,4,1.9385,2.2524
5,4,1,2,3,1,2,1,1,4,0.9193,1.2348
5,4,1,2,4,4,3,4,1,4,1.3662,1.6852
5,4,1,2,5,2,4,2,1,4,0.9307,1.2514
5,4,1,2,6,2,1,2,1,4,1.0885,1.5688
5,4,1,2,7,1,2,1,1,3,1.1382,1.4515
5,4,1,2,8,1,4,2,0,1,0.8882,2.5199
5,4,1,2,9,4,3,4,1,4,1.2025,1.5184
5,4,1,2,10,4,2,2,0,1,1.4775,1.9572
5,4,1,2,11,2,4,2,1,4,1.1427,1.4631
5,4,1,2,12,2,4,2,1,4,0.9735,1.6771
5,4,1,2,13,2,4,2,1,4,1.0822,1.8506
5,4,1,2,14,4,3,4,1,1,3.2642,4.0314
5,4,1,2,15,2,3,2,1,4,1.0036,1.3876
5,4,1,2,16,1,4,4,0,1,1.8764,2.4848
5,4,1,2,17,4,2,4,1,1,1.744,2.9756
5,4,1,2,18,3,1,3,1,3,1.608,3.7358
5,4,1,2,19,3,2,3,1,4,1.0083,1.3182
5,4,1,2,20,1,4,1,1,3,1.2919,1.8991
5,4,1,2,21,1,2,1,1,4,2.1274,2.8001
5,4,1,2,22,2,4,2,1,4,0.8469,1.2473
5,4,1,2,23,1,2,2,0,4,1.6777,2.0624
5,4,1,2,24,3,4,3,1,4,1.1309,1.4517
5,4,1,2,25,4,1,4,1,4,1.1687,1.485
5,4,1,2,26,4,1,1,0,1,1.9094,2.2614
5,4,1,2,27,3,1,3,1,3,2.3308,2.6531
5,4,1,2,28,3,1,3,1,3,1.0711,1.5032
5,4,1,2,29,4,3,4,1,2,1.3944,1.7787
5,4,1,2,30,1,3,1,1,1,2.204,2.7639
5,4,1,2,31,2,4,2,1,4,1.6603,2.0926
5,4,1,2,32,2,4,2,1,4,0.9685,1.3684
5,4,1,2,33,1,3,1,1,4,1.5694,1.9058
5,4,1,2,34,3,2,3,1,4,1.173,1.485
5,4,1,2,35,2,3,2,1,4,1.1774,1.5017
5,4,2,3,1,1,4,1,1,1,10.7556,11.2845
5,4,2,3,2,1,4,1,1,4,0.9175,1.4775
5,4,2,3,3,4,1,4,1,2,1.1462,2.3945
5,4,2,3,4,1,4,1,1,3,1.0497,1.5616
5,4,2,3,5,4,1,4,1,4,1.067,1.9153
5,4,2,3,6,1,4,1,1,4,1.2301,1.6465
5,4,2,3,7,1,4,1,1,3,1.2759,1.628
5,4,2,3,8,1,4,1,1,4,0.9239,1.2348
5,4,2,3,9,1,4,1,1,2,1.466,2.3781
5,4,2,3,10,1,4,1,1,2,1.2104,2.0906
5,4,2,3,11,1,4,1,1,1,1.2706,2.0546
5,4,2,3,12,1,4,1,1,4,0.9958,1.3183
5,4,2,3,13,4,1,4,1,4,1.0701,1.3848
5,4,2,3,14,1,4,1,1,4,1.191,1.5115
5,4,2,3,15,4,1,4,1,4,1.2436,1.5632
5,4,2,3,16,4,1,4,1,4,0.8454,1.3414
5,4,2,3,17,1,4,1,1,4,0.8072,1.1431
5,4,2,3,18,4,1,4,1,4,1.5943,1.9946
5,4,2,3,19,1,4,1,1,4,1.4508,1.7706
5,4,2,3,20,1,4,4,0,2,2.1956,2.8352
5,4,2,3,21,1,4,1,1,2,1.4893,2.2568
5,4,2,3,22,1,4,4,0,1,1.0622,1.8302
5,4,2,3,23,1,4,1,1,3,1.4363,6.0446
5,4,2,3,24,4,1,4,1,2,1.3502,1.7981
5,4,2,3,25,4,1,4,1,4,1.6462,2.2705
5,4,2,3,26,4,1,4,1,4,1.0271,1.539
5,4,2,3,27,1,4,1,1,3,1.0771,1.749
5,4,2,3,28,4,1,4,1,2,1.3274,2.3519
5,4,2,3,29,1,4,1,1,4,1.2328,1.7134
5,4,2,3,30,4,1,4,1,4,1.2612,2.0448
5,4,2,3,31,1,4,1,1,4,1.1305,1.5788
5,4,2,3,32,1,4,1,1,4,1.1641,1.7243
5,4,2,3,33,1,4,1,1,1,1.4628,2.5027
5,4,2,3,34,4,1,4,1,3,1.5856,3.1382
5,4,2,3,35,1,4,1,1,3,1.3787,2.099
5,4,3,1,1,3,,1,0,1,4.1334,4.7258
5,4,3,1,2,3,,4,0,3,1.5093,2.7092
5,4,3,1,3,1,,1,1,4,0.8406,1.1757
5,4,3,1,4,3,,4,0,4,1.1618,1.9778
5,4,3,1,5,2,,2,1,4,1.339,2.4906
5,4,3,1,6,3,,4,0,2,0.8542,1.4782
5,4,3,1,7,4,,4,1,4,0.8592,1.1679
5,4,3,1,8,2,,2,1,4,1.1013,1.533
5,4,3,1,9,1,,1,1,3,1.024,1.3439
5,4,3,1,10,1,,4,0,1,1.8829,2.3945
5,4,3,1,11,3,,4,0,1,1.8506,2.1692
5,4,3,1,12,1,,1,1,3,1.059,1.443
5,4,3,1,13,1,,1,1,1,1.4495,1.9299
5,4,3,1,14,1,,1,1,3,1.0205,1.3889
5,4,3,1,15,1,,1,1,2,1.8927,2.9653
5,4,3,1,16,4,,4,1,2,1.9816,3.5976
5,4,3,1,17,2,,2,1,4,1.0677,1.7714
5,4,3,1,18,3,,3,1,1,1.7485,2.4369
5,4,3,1,19,1,,4,0,3,1.3294,1.9222
5,4,3,1,20,4,,4,1,4,0.949,1.3488
5,4,3,1,21,1,,1,1,4,0.9119,1.2964
5,4,3,1,22,4,,4,1,4,0.9251,1.2609
5,4,3,1,23,2,,2,1,4,0.9391,1.3233
5,4,3,1,24,2,,2,1,4,1.095,1.4184
5,4,3,1,25,1,,1,1,2,1.3422,2.366
5,4,3,1,26,4,,4,1,4,1.1352,1.7915
5,4,3,1,27,1,,1,1,2,1.1594,2.3751
5,4,3,1,28,1,,1,1,4,0.8557,1.1679
5,4,3,1,29,3,,3,1,1,1.418,1.8019
5,4,3,1,30,4,,4,1,3,0.9295,1.7773
5,4,3,1,31,2,,2,1,4,1.6747,2.0101
5,4,3,1,32,1,,1,1,4,1.3858,1.8021
5,4,3,1,33,2,,2,1,3,1.4095,2.0971
5,4,3,1,34,1,,1,1,4,1.0056,1.3181
5,4,3,1,35,4,,4,1,4,1.0484,1.3681
5,5,1,3,1,4,3,4,1,1,1.0938,1.7337
5,5,1,3,2,4,3,4,1,3,1.2316,1.9515
5,5,1,3,3,3,4,3,1,4,0.9616,1.3295
5,5,1,3,4,4,3,3,0,4,1.517,1.8691
5,5,1,3,5,3,4,3,1,4,1.074,1.4744
5,5,1,3,6,3,4,3,1,4,0.9837,1.3997
5,5,1,3,7,3,4,3,1,4,1.0874,1.6154
5,5,1,3,8,3,4,3,1,4,0.9756,1.3432
5,5,1,3,9,4,3,4,1,3,1.1624,1.5781
5,5,1,3,10,4,3,4,1,3,1.4516,2.1073
5,5,1,3,11,4,3,4,1,1,1.1587,2.2312
5,5,1,3,12,4,3,4,1,3,1.3256,1.9014
5,5,1,3,13,3,4,3,1,4,1.4252,1.8889
5,5,1,3,14,3,4,3,1,3,0.9808,1.5892
5,5,1,3,15,4,3,4,1,4,1.1422,1.7821
5,5,1,3,16,3,4,3,1,3,1.0548,1.4866
5,5,1,3,17,4,3,4,1,4,1.3139,1.8744
5,5,1,3,18,3,4,3,1,3,1.1592,1.6553
5,5,1,3,19,4,3,4,1,3,0.9497,1.4134
5,5,1,3,20,3,4,3,1,4,0.9737,1.4693
5,5,1,3,21,3,4,3,1,4,0.9621,1.2987
5,5,1,3,22,3,4,3,1,4,1.424,1.7598
5,5,1,3,23,4,3,4,1,4,1.4333,1.8332
5,5,1,3,24,4,3,4,1,3,1.1517,1.6799
5,5,1,3,25,4,3,4,1,2,1.2129,1.901
5,5,1,3,26,3,4,3,1,4,1.361,1.6854
5,5,1,3,27,3,4,3,1,4,1.0843,1.4204
5,5,1,3,28,3,4,3,1,2,1.1876,2.1157
5,5,1,3,29,4,3,3,0,1,1.1673,2.3673
5,5,1,3,30,3,4,3,1,4,0.9919,1.6798
5,5,1,3,31,4,3,4,1,2,1.1966,2.0605
5,5,1,3,32,4,3,4,1,3,1.6102,2.2181
5,5,1,3,33,3,4,3,1,4,0.9445,1.5521
5,5,1,3,34,3,4,3,1,4,1.2667,1.6829
5,5,1,3,35,4,3,4,1,4,1.0397,1.3515
5,5,2,2,1,3,4,3,1,4,1.9043,2.2189
5,5,2,2,2,3,1,3,1,4,0.9509,1.2681
5,5,2,2,3,1,4,1,1,4,0.9006,1.2179
5,5,2,2,4,1,4,1,1,4,1.0283,1.8283
5,5,2,2,5,4,2,4,1,4,1.5312,1.8523
5,5,2,2,6,2,3,2,1,2,1.4409,2.2246
5,5,2,2,7,3,4,3,1,4,1.0954,1.4185
5,5,2,2,8,4,2,4,1,2,2.559,3.4391
5,5,2,2,9,1,2,1,1,3,1.0755,1.732
5,5,2,2,10,3,4,3,1,2,1.2788,1.775
5,5,2,2,11,3,2,3,1,4,1.6395,2.1998
5,5,2,2,12,3,2,3,1,4,2.2075,2.5195
5,5,2,2,13,4,3,4,1,4,1.5939,1.9615
5,5,2,2,14,2,4,2,1,4,1.3714,1.771
5,5,2,2,15,2,3,2,1,4,1.4604,1.8601
5,5,2,2,16,3,4,3,1,4,2.0102,3.4824
5,5,2,2,17,1,4,1,1,1,1.8052,2.7337
5,5,2,2,18,2,4,2,1,4,1.0395,1.4396
5,5,2,2,19,2,4,2,1,2,1.3496,2.2618
5,5,2,2,20,1,3,1,1,4,1.1791,2.491
5,5,2,2,21,3,1,1,0,1,2.775,3.3183
5,5,2,2,22,2,1,2,1,4,1.6317,2.1439
5,5,2,2,23,3,1,1,0,1,2.0579,2.5701
5,5,2,2,24,1,2,1,1,4,1.7944,2.2583
5,5,2,2,25,2,1,2,1,4,1.3355,2.2157
5,5,2,2,26,4,1,4,1,2,1.5665,3.4383
5,5,2,2,27,1,4,1,1,3,1.0269,1.7787
5,5,2,2,28,1,3,1,1,4,1.2605,1.7883
5,5,2,2,29,3,1,4,0,1,1.2521,2.6602
5,5,2,2,30,2,3,2,1,3,1.3212,3.4489
5,5,2,2,31,4,3,4,1,3,1.4218,2.0933
5,5,2,2,32,2,3,2,1,4,1.1934,1.61
5,5,2,2,33,3,1,1,0,1,3.3219,3.6373
5,5,2,2,34,2,1,2,1,4,1.0461,1.3683
5,5,2,2,35,4,3,4,1,4,1.4709,2.3186
5,5,3,1,1,3,,3,1,4,1.5761,1.8853
5,5,3,1,2,2,,2,1,3,1.2922,1.6921
5,5,3,1,3,1,,1,1,3,0.9047,1.3842
5,5,3,1,4,1,,1,1,1,1.5856,1.9021
5,5,3,1,5,3,,3,1,1,1.3644,1.9403
5,5,3,1,6,1,,1,1,1,1.6703,1.9856
5,5,3,1,7,2,,2,1,4,1.398,2.2133
5,5,3,1,8,4,,4,1,4,1.1495,2.1569
5,5,3,1,9,4,,4,1,2,1.4467,1.7688
5,5,3,1,10,2,,2,1,3,1.2795,1.6018
5,5,3,1,11,3,,3,1,3,2.7824,3.3901
5,5,3,1,12,3,,3,1,3,1.7016,2.0216
5,5,3,1,13,4,,4,1,1,1.3641,1.6854
5,5,3,1,14,3,,3,1,3,1.4568,2.1125
5,5,3,1,15,4,,4,1,2,1.9157,2.2359
5,5,3,1,16,4,,4,1,1,1.2012,1.5182
5,5,3,1,17,1,,3,0,1,3.204,3.5205
5,5,3,1,18,2,,2,1,1,1.4289,1.7519
5,5,3,1,19,3,,3,1,3,1.2789,1.6948
5,5,3,1,20,1,,1,1,3,1.3713,1.6907
5,5,3,1,21,2,,2,1,4,0.999,1.3834
5,5,3,1,22,3,,3,1,3,2.1118,2.4323
5,5,3,1,23,4,,4,1,2,1.4384,1.9507
5,5,3,1,24,3,,3,1,3,1.6804,2.3684
5,5,3,1,25,3,,3,1,1,1.6161,1.9356
5,5,3,1,26,3,,3,1,3,1.2189,1.9861
5,5,3,1,27,2,,2,1,3,1.4905,1.9391
5,5,3,1,28,3,,3,1,4,1.2533,1.6211
5,5,3,1,29,2,,2,1,4,1.3803,2.1325
5,5,3,1,30,4,,4,1,4,1.2784,1.6018
5,5,3,1,31,3,,3,1,4,1.246,2.2061
5,5,3,1,32,1,,3,0,2,1.8616,2.1974
5,5,3,1,33,3,,3,1,4,1.4374,1.8851
5,5,3,1,34,1,,4,0,1,1.0732,1.4258
5,5,3,1,35,1,,2,0,1,2.0088,2.6652
5,6,1,2,1,4,1,4,1,4,2.4653,2.7864
5,6,1,2,2,4,3,3,0,2,1.0563,1.9522
5,6,1,2,3,2,4,2,1,4,1.0424,2.4978
5,6,1,2,4,4,2,4,1,3,1.2133,2.0614
5,6,1,2,5,4,3,3,0,4,1.0989,1.6751
5,6,1,2,6,2,1,2,1,4,1.3687,2.1043
5,6,1,2,7,2,3,2,1,4,1.092,1.4016
5,6,1,2,8,4,3,2,0,1,0.9878,2.0916
5,6,1,2,9,4,1,4,1,3,2.0241,3.1117
5,6,1,2,10,3,1,3,1,4,1.5782,2.0902
5,6,1,2,11,4,2,4,1,1,2.5021,2.838
5,6,1,2,12,3,4,3,1,4,1.4269,1.7352
5,6,1,2,13,4,1,4,1,4,1.3732,1.6851
5,6,1,2,14,3,2,3,1,4,1.3853,1.7216
5,6,1,2,15,2,4,2,1,4,1.0448,1.3968
5,6,1,2,16,2,3,2,1,4,1.1649,1.501
5,6,1,2,17,3,2,3,1,4,1.0574,1.3775
5,6,1,2,18,1,3,3,0,1,2.5866,2.9066
5,6,1,2,19,2,3,2,1,4,1.3814,2.5329
5,6,1,2,20,2,1,2,1,4,0.8955,1.2181
5,6,1,2,21,1,2,1,1,1,1.7424,2.0522
5,6,1,2,22,4,1,4,1,3,1.4201,2.124
5,6,1,2,23,1,4,4,0,1,2.9508,3.2704
5,6,1,2,24,1,4,1,1,1,2.7379,3.6498
5,6,1,2,25,3,4,4,0,2,2.1099,2.4625
5,6,1,2,26,4,1,4,1,4,1.1474,1.4685
5,6,1,2,27,4,2,4,1,2,1.5516,2.4638
5,6,1,2,28,3,2,3,1,4,1.5651,1.8856
5,6,1,2,29,1,4,1,1,4,1.3925,1.7281
5,6,1,2,30,3,1,3,1,4,1.2917,1.6435
5,6,1,2,31,3,2,3,1,4,1.1618,1.4853
5,6,1,2,32,2,3,2,1,4,0.9267,1.6629
5,6,1,2,33,4,2,4,1,4,1.5167,1.8354
5,6,1,2,34,2,4,2,1,4,1.1866,1.5226
5,6,1,2,35,1,2,1,1,3,1.0621,1.4462
5,6,2,1,1,1,,1,1,4,0.8677,1.2349
5,6,2,1,2,3,,3,1,4,1.2826,1.6019
5,6,2,1,3,1,,1,1,4,0.946,1.3934
5,6,2,1,4,2,,2,1,4,0.8101,1.1348
5,6,2,1,5,4,,4,1,3,0.9733,1.6297
5,6,2,1,6,2,,1,0,4,1.3411,1.6519
5,6,2,1,7,4,,3,0,4,1.2102,1.6579
5,6,2,1,8,1,,1,1,4,1.7515,2.0717
5,6,2,1,9,2,,2,1,4,1.3801,1.7019
5,6,2,1,10,1,,1,1,4,0.896,1.632
5,6,2,1,11,1,,1,1,3,0.7675,1.1999
5,6,2,1,12,2,,2,1,4,0.9915,1.7759
5,6,2,1,13,3,,3,1,2,1.0326,1.5126
5,6,2,1,14,1,,1,1,3,0.9408,2.0287
5,6,2,1,15,4,,2,0,1,1.1474,1.6432
5,6,2,1,16,1,,3,0,1,2.6823,3.0036
5,6,2,1,17,4,,4,1,4,0.9923,1.3013
5,6,2,1,18,4,,4,1,3,0.9242,2.2371
5,6,2,1,19,1,,1,1,3,1.0265,1.3624
5,6,2,1,20,3,,3,1,3,1.565,2.861
5,6,2,1,21,3,,3,1,4,1.8013,2.1536
5,6,2,1,22,3,,3,1,3,0.9783,1.3625
5,6,2,1,23,1,,1,1,3,1.053,1.4365
5,6,2,1,24,1,,2,0,3,0.9157,1.3957
5,6,2,1,25,1,,1,1,2,1.5159,2.1234
5,6,2,1,26,3,,3,1,3,1.2378,1.6383
5,6,2,1,27,3,,3,1,4,1.6683,2.0206
5,6,2,1,28,4,,4,1,2,1.7475,2.1797
5,6,2,1,29,4,,3,0,2,1.084,1.7242
5,6,2,1,30,2,,2,1,1,1.1909,1.5596
5,6,2,1,31,2,,2,1,2,1.3052,1.817
5,6,2,1,32,1,,1,1,3,1.1998,2.2558
5,6,2,1,33,1,,1,1,3,1.1734,1.9094
5,6,2,1,34,4,,4,1,3,1.4491,2.0888
5,6,2,1,35,2,,2,1,4,1.1087,1.5728
5,6,3,3,1,1,3,3,0,2,2.1565,2.5406
5,6,3,3,2,3,1,3,1,4,1.0468,1.398
5,6,3,3,3,3,1,3,1,4,1.1674,1.5195
5,6,3,3,4,3,1,1,0,1,1.8269,2.3709
5,6,3,3,5,3,1,3,1,2,0.931,1.4589
5,6,3,3,6,3,1,3,1,4,0.9053,1.218
5,6,3,3,7,1,3,1,1,2,0.8881,1.4474
5,6,3,3,8,1,3,1,1,4,1.0066,1.391
5,6,3,3,9,3,1,3,1,4,0.8231,1.1347
5,6,3,3,10,1,3,3,0,1,1.0348,2.8741
5,6,3,3,11,1,3,1,1,4,0.9822,1.5908
5,6,3,3,12,1,3,1,1,4,0.9669,1.3345
5,6,3,3,13,1,3,1,1,3,0.9457,1.3299
5,6,3,3,14,3,1,3,1,4,0.9571,1.268
5,6,3,3,15,3,1,3,1,4,0.955,1.3069
5,6,3,3,16,1,3,3,0,1,1.0313,2.2471
5,6,3,3,17,3,1,3,1,4,0.877,1.6289
5,6,3,3,18,1,3,1,1,4,0.7801,1.2759
5,6,3,3,19,3,1,3,1,3,0.89,1.3378
5,6,3,3,20,1,3,1,1,4,0.8846,1.2524
5,6,3,3,21,3,1,3,1,4,1.0588,1.4112
5,6,3,3,22,3,1,3,1,3,0.8433,1.4189
5,6,3,3,23,3,1,1,0,1,1.7942,2.1306
5,6,3,3,24,1,3,1,1,3,1.1175,1.4349
5,6,3,3,25,1,3,1,1,4,0.9153,1.2356
5,6,3,3,26,1,3,1,1,3,1.4269,2.1945
5,6,3,3,27,1,3,1,1,4,1.0024,1.4348
5,6,3,3,28,1,3,1,1,2,0.9291,1.6491
5,6,3,3,29,1,3,1,1,2,0.9597,1.6156
5,6,3,3,30,1,3,1,1,3,0.8795,1.2312
5,6,3,3,31,3,1,3,1,3,0.8149,1.231
5,6,3,3,32,1,3,1,1,4,1.3267,1.6945
5,6,3,3,33,1,3,1,1,4,1.6588,1.9687
5,6,3,3,34,1,3,1,1,1,1.4836,2.764
5,6,3,3,35,1,3,1,1,4,1.5799,1.9152
6,1,1,3,1,3,4,3,1,4,1.8942,3.126
6,1,1,3,2,4,3,4,1,3,3.6875,4.5358
6,1,1,3,3,4,3,3,0,1,5.4064,6.2389
6,1,1,3,4,3,4,3,1,4,1.4883,1.8083
6,1,1,3,5,3,4,3,1,3,1.6876,2.0393
6,1,1,3,6,4,3,4,1,3,1.7821,2.1501
6,1,1,3,7,3,4,3,1,4,1.406,1.7184
6,1,1,3,8,3,4,3,1,1,1.7374,2.0894
6,1,1,3,9,3,4,3,1,4,1.5251,1.9252
6,1,1,3,10,3,4,3,1,3,1.4483,1.88
6,1,1,3,11,4,3,4,1,3,1.3561,1.836
6,1,1,3,12,3,4,3,1,3,1.2027,1.5185
6,1,1,3,13,4,3,4,1,4,1.9734,2.3732
6,1,1,3,14,3,4,4,0,3,1.4301,1.8302
6,1,1,3,15,4,3,4,1,4,1.341,1.6519
6,1,1,3,16,3,4,3,1,2,1.1462,1.6743
6,1,1,3,17,3,4,3,1,1,1.4793,2.1037
6,1,1,3,18,3,4,3,1,2,1.6351,2.259
6,1,1,3,19,4,3,4,1,3,1.2085,1.5188
6,1,1,3,20,3,4,3,1,3,1.0833,1.4193
6,1,1,3,21,4,3,4,1,4,1.1862,1.6344
6,1,1,3,22,4,3,3,0,1,1.1529,1.7609
6,1,1,3,23,3,4,3,1,4,1.0983,1.4348
6,1,1,3,24,3,4,3,1,4,0.9936,1.3182
6,1,1,3,25,4,3,4,1,4,1.1173,1.4351
6,1,1,3,26,4,3,4,1,2,1.7479,2.1632
6,1,1,3,27,4,3,4,1,3,1.292,1.7085
6,1,1,3,28,4,3,3,0,1,1.5444,2.1677
6,1,1,3,29,3,4,3,1,4,1.2647,1.5852
6,1,1,3,30,3,4,3,1,3,1.5854,2.0011
6,1,1,3,31,4,3,4,1,4,1.2642,1.616
6,1,1,3,32,4,3,4,1,4,1.1202,1.435
6,1,1,3,33,3,4,3,1,4,0.8699,1.1846
6,1,1,3,34,3,4,3,1,4,0.7265,1.2068
6,1,1,3,35,4,3,4,1,3,1.1903,1.7023
6,1,2,1,1,4,,3,0,3,2.5691,3.0173
6,1,2,1,2,4,,4,1,3,1.7759,2.3195
6,1,2,1,3,4,,1,0,1,2.1291,2.4811
6,1,2,1,4,3,,3,1,3,1.086,1.4853
6,1,2,1,5,1,,1,1,4,1.5858,1.9538
6,1,2,1,6,1,,2,0,1,1.3788,1.702
6,1,2,1,7,1,,1,1,4,1.3258,1.6357
6,1,2,1,8,3,,3,1,3,1.3722,2.2369
6,1,2,1,9,1,,1,1,4,1.234,1.5517
6,1,2,1,10,3,,4,0,1,1.7477,2.132
6,1,2,1,11,1,,1,1,3,1.2306,1.5524
6,1,2,1,12,2,,1,0,3,1.3922,1.7019
6,1,2,1,13,3,,3,1,3,2.2514,2.9389
6,1,2,1,14,2,,2,1,4,1.5882,2.5642
6,1,2,1,15,2,,4,0,3,1.6297,2.0931
6,1,2,1,16,1,,1,1,4,1.2734,1.5849
6,1,2,1,17,2,,2,1,3,1.1447,1.6732
6,1,2,1,18,1,,1,1,4,1.27,1.5854
6,1,2,1,19,3,,2,0,2,1.079,1.4015
6,1,2,1,20,4,,4,1,4,1.5666,1.8855
6,1,2,1,21,3,,1,0,3,1.2507,1.5685
6,1,2,1,22,2,,2,1,4,1.108,1.4181
6,1,2,1,23,4,,1,0,1,1.2109,1.5359
6,1,2,1,24,3,,3,1,2,1.3732,1.7735
6,1,2,1,25,1,,1,1,4,1.4942,1.8194
6,1,2,1,26,1,,1,1,3,1.2455,1.5685
6,1,2,1,27,4,,4,1,4,1.4546,1.7688
6,1,2,1,28,3,,3,1,4,1.3996,1.7186
6,1,2,1,29,4,,3,0,1,1.7947,2.1201
6,1,2,1,30,4,,4,1,1,1.7415,2.0527
6,1,2,1,31,2,,2,1,4,1.147,1.5303
6,1,2,1,32,3,,3,1,4,1.4226,1.7353
6,1,2,1,33,3,,3,1,4,1.0009,1.3184
6,1,2,1,34,1,,1,1,1,1.2202,1.5356
6,1,2,1,35,4,,3,0,1,1.3984,1.7187
6,1,3,2,1,2,3,2,1,4,1.3366,1.6518
6,1,3,2,2,1,4,1,1,4,1.5583,1.8688
6,1,3,2,3,4,3,4,1,4,2.5546,2.8698
6,1,3,2,4,1,3,3,0,2,1.5099,2.0384
6,1,3,2,5,3,2,3,1,4,1.6035,2.2437
6,1,3,2,6,1,4,1,1,1,1.4978,1.8187
6,1,3,2,7,1,4,1,1,3,1.3915,1.7025
6,1,3,2,8,1,3,1,1,3,1.4997,1.819
6,1,3,2,9,4,2,4,1,1,2.3701,2.7856
6,1,3,2,10,1,4,1,1,3,1.1688,1.4859
6,1,3,2,11,2,3,2,1,4,1.0776,1.4016
6,1,3,2,12,4,1,4,1,1,3.4054,3.9334
6,1,3,2,13,3,1,1,0,3,1.8065,2.1196
6,1,3,2,14,3,1,3,1,4,1.4805,1.802
6,1,3,2,15,1,2,1,1,4,1.0872,1.4015
6,1,3,2,16,2,4,2,1,2,1.1114,1.8161
6,1,3,2,17,3,4,3,1,4,1.2302,1.7583
6,1,3,2,18,3,2,3,1,3,1.7838,2.1023
6,1,3,2,19,3,2,3,1,4,1.107,1.4184
6,1,3,2,20,2,3,2,1,4,1.2268,1.7706
6,1,3,2,21,3,4,3,1,1,1.3952,1.7192
6,1,3,2,22,3,4,3,1,3,1.3583,1.6689
6,1,3,2,23,4,1,1,0,1,1.322,1.635
6,1,3,2,24,3,4,3,1,4,1.1762,1.5012
6,1,3,2,25,2,4,2,1,4,1.02,1.3347
6,1,3,2,26,2,1,2,1,4,0.9832,1.4311
6,1,3,2,27,3,4,3,1,4,1.1025,1.4182
6,1,3,2,28,4,2,2,0,1,1.0463,1.3983
6,1,3,2,29,3,2,3,1,4,1.0229,1.3347
6,1,3,2,30,3,1,1,0,1,1.8975,2.3293
6,1,3,2,31,2,3,2,1,4,1.1792,1.5015
6,1,3,2,32,3,4,3,1,4,1.3596,1.9669
6,1,3,2,33,4,3,4,1,1,2.1271,2.4528
6,1,3,2,34,4,1,1,0,2,1.7081,2.0188
6,1,3,2,35,4,1,4,1,4,1.4994,1.819
6,2,1,1,1,2,,2,1,4,1.3981,1.7187
6,2,1,1,2,1,,1,1,4,1.2811,1.7609
6,2,1,1,3,2,,2,1,4,0.9224,1.2346
6,2,1,1,4,1,,1,1,3,1.5135,1.8654
6,2,1,1,5,2,,2,1,4,1.0065,1.3181
6,2,1,1,6,3,,4,0,1,2.5062,2.874
6,2,1,1,7,1,,1,1,4,1.3814,1.7019
6,2,1,1,8,3,,2,0,3,1.2971,1.6184
6,2,1,1,9,2,,2,1,4,1.1047,1.4184
6,2,1,1,10,1,,1,1,4,1.0958,1.6081
6,2,1,1,11,2,,2,1,4,1.0633,1.3849
6,2,1,1,12,4,,4,1,1,1.936,2.2526
6,2,1,1,13,4,,4,1,1,2.0852,2.4026
6,2,1,1,14,2,,2,1,4,1.0279,1.3515
6,2,1,1,15,2,,2,1,3,1.0858,1.4014
6,2,1,1,16,4,,4,1,3,1.7818,2.166
6,2,1,1,17,3,,3,1,3,1.4238,1.7354
6,2,1,1,18,2,,2,1,4,1.0497,1.3682
6,2,1,1,19,2,,2,1,4,0.9627,1.2847
6,2,1,1,20,4,,4,1,4,1.4879,1.802
6,2,1,1,21,3,,3,1,4,1.5755,1.8859
6,2,1,1,22,2,,2,1,3,1.0037,1.3182
6,2,1,1,23,2,,1,0,1,1.4152,1.9749
6,2,1,1,24,2,,2,1,4,1.0642,1.3851
6,2,1,1,25,1,,1,1,4,1.1368,1.4522
6,2,1,1,26,2,,3,0,1,2.8868,3.4785
6,2,1,1,27,3,,4,0,3,1.3857,2.6019
6,2,1,1,28,2,,2,1,3,1.2483,1.7289
6,2,1,1,29,2,,2,1,4,1.0517,1.3683
6,2,1,1,30,3,,3,1,4,1.5896,1.9021
6,2,1,1,31,1,,2,0,1,1.3841,1.7019
6,2,1,1,32,2,,2,1,4,1.0284,1.3522
6,2,1,1,33,2,,1,0,2,1.5498,2.4458
6,2,1,1,34,1,,1,1,4,1.1958,1.5186
6,2,1,1,35,3,,3,1,2,1.5512,1.9832
6,2,2,2,1,1,4,1,1,2,1.3498,1.8141
6,2,2,2,2,4,2,2,0,1,1.9176,2.51
6,2,2,2,3,1,2,1,1,4,0.9996,1.5118
6,2,2,2,4,1,4,1,1,3,1.0038,1.3181
6,2,2,2,5,3,4,3,1,3,1.1429,1.4516
6,2,2,2,6,2,3,2,1,4,1.1011,1.4183
6,2,2,2,7,4,3,4,1,1,2.6284,2.9536
6,2,2,2,8,3,4,3,1,4,1.0846,1.4015
6,2,2,2,9,2,1,3,0,4,1.1083,3.5717
6,2,2,2,10,4,3,4,1,3,1.986,2.5146
6,2,2,2,11,1,4,1,1,3,1.086,1.4017
6,2,2,2,12,3,1,3,1,4,1.3184,1.6351
6,2,2,2,13,3,2,3,1,3,1.5562,1.869
6,2,2,2,14,3,2,2,0,1,2.1844,2.5046
6,2,2,2,15,4,1,4,1,1,1.843,2.4507
6,2,2,2,16,3,2,3,1,4,1.0879,1.424
6,2,2,2,17,3,1,3,1,1,1.4475,2.3431
6,2,2,2,18,3,1,3,1,1,1.3852,1.7019
6,2,2,2,19,4,2,2,0,3,1.572,1.8852
6,2,2,2,20,2,1,2,1,4,1.2888,1.6023
6,2,2,2,21,4,3,4,1,1,1.6717,2.5032
6,2,2,2,22,3,2,3,1,4,1.0746,1.3847
6,2,2,2,23,3,4,3,1,4,1.0991,1.4182
6,2,2,2,24,3,1,3,1,2,1.1379,1.4904
6,2,2,2,25,1,2,2,0,3,1.3982,1.7817
6,2,2,2,26,3,4,3,1,2,2.2074,2.7353
6,2,2,2,27,4,2,4,1,1,2.0967,2.7043
6,2,2,2,28,2,1,1,0,2,2.8827,3.2987
6,2,2,2,29,2,3,2,1,3,1.1812,1.5021
6,2,2,2,30,3,4,3,1,3,1.4096,1.8413
6,2,2,2,31,4,2,4,1,4,1.3196,1.6354
6,2,2,2,32,4,3,4,1,1,1.9585,2.2691
6,2,2,2,33,4,1,1,0,4,1.1949,1.5184
6,2,2,2,34,2,1,2,1,3,1.1339,1.4516
6,2,2,2,35,3,1,3,1,4,1.2043,1.5184
6,2,3,3,1,1,4,1,1,3,1.1497,1.5019
6,2,3,3,2,1,4,1,1,4,1.09,1.4013
6,2,3,3,3,4,1,4,1,1,2.3292,2.8577
6,2,3,3,4,1,4,1,1,4,0.9658,1.2851
6,2,3,3,5,1,4,1,1,3,0.9952,1.5393
6,2,3,3,6,4,1,1,0,1,1.7652,2.3577
6,2,3,3,7,1,4,1,1,4,0.9503,1.2706
6,2,3,3,8,4,1,4,1,1,1.892,2.4518
6,2,3,3,9,1,4,1,1,4,0.8805,1.2015
6,2,3,3,10,4,1,4,1,1,2.0648,2.3861
6,2,3,3,11,4,1,1,0,3,1.1035,1.4182
6,2,3,3,12,1,4,1,1,3,0.9993,1.3181
6,2,3,3,13,4,1,1,0,1,1.1055,1.4182
6,2,3,3,14,1,4,4,0,3,1.3371,1.6519
6,2,3,3,15,1,4,1,1,4,0.902,1.2229
6,2,3,3,16,1,4,1,1,3,0.9178,1.2346
6,2,3,3,17,1,4,1,1,1,0.9001,1.2179
6,2,3,3,18,4,1,4,1,1,1.8282,2.5
6,2,3,3,19,4,1,4,1,1,1.4546,1.8065
6,2,3,3,20,4,1,4,1,3,1.4939,1.8189
6,2,3,3,21,1,4,1,1,4,0.9246,1.2514
6,2,3,3,22,1,4,1,1,4,1.0028,1.3183
6,2,3,3,23,1,4,1,1,4,1.0455,1.5094
6,2,3,3,24,4,1,4,1,1,1.7533,2.0895
6,2,3,3,25,4,1,4,1,3,1.7811,2.4689
6,2,3,3,26,1,4,1,1,4,0.9453,1.281
6,2,3,3,27,4,1,4,1,1,2.0945,2.4196
6,2,3,3,28,4,1,4,1,4,1.4052,2.013
6,2,3,3,29,1,4,1,1,4,1.0524,1.4684
6,2,3,3,30,4,1,4,1,1,1.3779,2.0341
6,2,3,3,31,4,1,4,1,3,1.247,1.5828
6,2,3,3,32,4,1,4,1,3,1.296,1.6185
6,2,3,3,33,4,1,4,1,4,1.2306,1.5519
6,2,3,3,34,1,4,1,1,4,1.0412,1.3514
6,2,3,3,35,4,1,4,1,4,1.1142,1.435
6,3,1,1,1,3,,4,0,1,1.2644,2.1919
6,3,1,1,2,3,,4,0,3,1.3682,1.6853
6,3,1,1,3,2,,1,0,3,1.7163,2.0356
6,3,1,1,4,1,,1,1,4,1.2826,1.6017
6,3,1,1,5,1,,1,1,4,1.123,1.4351
6,3,1,1,6,4,,1,0,1,0.6975,1.5135
6,3,1,1,7,4,,4,1,4,1.4371,1.9657
6,3,1,1,8,3,,1,0,1,1.2149,1.5353
6,3,1,1,9,1,,1,1,4,1.0096,1.3351
6,3,1,1,10,3,,3,1,1,1.7561,2.0688
6,3,1,1,11,4,,4,1,3,1.8484,2.1692
6,3,1,1,12,4,,2,0,3,1.4089,1.7187
6,3,1,1,13,3,,3,1,4,1.4361,1.7521
6,3,1,1,14,3,,2,0,3,1.5414,1.8518
6,3,1,1,15,3,,3,1,4,1.2588,1.5688
6,3,1,1,16,2,,4,0,1,1.5318,2.0438
6,3,1,1,17,2,,2,1,4,1.1619,1.4853
6,3,1,1,18,4,,4,1,4,1.455,1.7687
6,3,1,1,19,4,,2,0,1,1.7347,2.0522
6,3,1,1,20,3,,4,0,1,1.3806,1.702
6,3,1,1,21,3,,3,1,4,1.2807,1.6018
6,3,1,1,22,2,,2,1,3,1.0557,1.4398
6,3,1,1,23,2,,2,1,1,1.2546,1.5684
6,3,1,1,24,3,,3,1,3,1.2084,1.5183
6,3,1,1,25,4,,2,0,3,1.2118,1.5351
6,3,1,1,26,4,,4,1,1,1.5338,1.8521
6,3,1,1,27,4,,4,1,4,1.5719,1.8855
6,3,1,1,28,3,,3,1,3,1.2883,1.602
6,3,1,1,29,3,,3,1,4,1.2875,1.6019
6,3,1,1,30,4,,2,0,1,1.3032,1.6182
6,3,1,1,31,2,,2,1,4,1.0625,1.4942
6,3,1,1,32,4,,4,1,4,1.6111,1.9356
6,3,1,1,33,3,,3,1,4,1.1329,1.4515
6,3,1,1,34,3,,3,1,1,1.4267,1.7943
6,3,1,1,35,2,,2,1,4,1.4981,1.8185
6,3,2,3,1,1,3,1,1,3,1.6867,2.0023
6,3,2,3,2,1,3,1,1,4,1.1735,1.4849
6,3,2,3,3,1,3,1,1,4,1.0669,1.3849
6,3,2,3,4,3,1,3,1,4,0.8999,1.2181
6,3,2,3,5,3,1,1,0,1,1.6661,2.1143
6,3,2,3,6,3,1,3,1,4,1.2779,1.6018
6,3,2,3,7,1,3,1,1,4,1.1172,1.4349
6,3,2,3,8,3,1,3,1,4,1.0277,1.3516
6,3,2,3,9,1,3,1,1,4,1.1812,1.5018
6,3,2,3,10,3,1,3,1,4,1.0731,1.3848
6,3,2,3,11,3,1,3,1,2,1.177,1.9936
6,3,2,3,12,1,3,1,1,4,1.1454,1.4684
6,3,2,3,13,3,1,3,1,4,1.1508,1.4685
6,3,2,3,14,1,3,1,1,4,0.9319,1.2514
6,3,2,3,15,3,1,1,0,2,1.7149,2.1626
6,3,2,3,16,3,1,3,1,1,1.2441,1.5686
6,3,2,3,17,1,3,1,1,4,1.0679,1.3848
6,3,2,3,18,1,3,1,1,4,0.8855,1.2018
6,3,2,3,19,3,1,3,1,4,1.0929,1.4017
6,3,2,3,20,3,1,3,1,4,1.4212,1.7351
6,3,2,3,21,1,3,1,1,3,0.8863,1.2015
6,3,2,3,22,3,1,3,1,2,1.2551,1.5686
6,3,2,3,23,3,1,1,0,1,1.5436,2.0551
6,3,2,3,24,3,1,3,1,4,1.077,1.3847
6,3,2,3,25,3,1,3,1,1,1.2771,1.5851
6,3,2,3,26,1,3,1,1,1,1.246,1.5685
6,3,2,3,27,3,1,3,1,4,1.0234,1.3349
6,3,2,3,28,1,3,1,1,4,0.9218,1.2348
6,3,2,3,29,1,3,1,1,4,1.1289,1.4523
6,3,2,3,30,3,1,3,1,4,1.0385,1.3516
6,3,2,3,31,3,1,3,1,4,1.1613,1.4852
6,3,2,3,32,1,3,1,1,4,1.0214,1.3348
6,3,2,3,33,3,1,3,1,4,1.3201,1.6352
6,3,2,3,34,1,3,1,1,4,1.0301,1.3517
6,3,2,3,35,3,1,3,1,4,0.992,1.3015
6,3,3,2,1,3,2,3,1,4,2.4511,2.7699
6,3,3,2,2,4,2,4,1,4,1.1706,1.4851
6,3,3,2,3,1,3,1,1,4,1.1269,1.4516
6,3,3,2,4,4,2,4,1,4,1.1327,1.6927
6,3,3,2,5,4,2,4,1,2,1.4816,2.4254
6,3,3,2,6,1,4,1,1,4,1.192,1.5017
6,3,3,2,7,1,3,1,1,4,0.9713,1.2848
6,3,3,2,8,4,3,4,1,2,1.2558,1.7353
6,3,3,2,9,1,3,1,1,3,1.0897,1.5054
6,3,3,2,10,3,2,3,1,4,1.1579,1.7172
6,3,3,2,11,2,4,2,1,1,1.4558,2.0636
6,3,3,2,12,3,2,3,1,4,1.1498,1.4685
6,3,3,2,13,2,4,4,0,1,1.1548,1.4908
6,3,3,2,14,4,2,4,1,1,1.7831,2.1024
6,3,3,2,15,4,1,4,1,4,1.2181,1.5351
6,3,3,2,16,4,2,4,1,4,1.0927,1.5245
6,3,3,2,17,4,2,4,1,3,1.0628,1.385
6,3,3,2,18,2,1,2,1,4,1.2641,1.5851
6,3,3,2,19,2,4,2,1,1,1.1039,1.4395
6,3,3,2,20,2,1,2,1,4,1.3191,1.6353
6,3,3,2,21,3,2,3,1,4,1.1881,1.5015
6,3,3,2,22,4,1,4,1,1,1.6246,2.1366
6,3,3,2,23,3,4,3,1,4,1.1385,1.4516
6,3,3,2,24,2,3,2,1,4,1.1445,1.5929
6,3,3,2,25,4,2,4,1,4,1.0812,1.4017
6,3,3,2,26,2,3,2,1,4,1.377,1.702
6,3,3,2,27,2,3,2,1,4,0.9732,1.6288
6,3,3,2,28,3,1,3,1,4,0.9567,1.2681
6,3,3,2,29,3,1,3,1,4,1.1452,1.4684
6,3,3,2,30,3,1,3,1,4,0.8949,1.2181
6,3,3,2,31,4,2,2,0,1,1.2779,1.6019
6,3,3,2,32,2,1,2,1,4,1.2458,1.5684
6,3,3,2,33,4,2,4,1,1,1.6137,1.9978
6,3,3,2,34,4,3,4,1,4,1.3898,1.7104
6,3,3,2,35,4,2,2,0,1,1.546,1.8689
6,4,1,3,1,2,1,2,1,4,1.2133,1.5816
6,4,1,3,2,2,1,2,1,4,1.0712,1.5514
6,4,1,3,3,1,2,2,0,3,1.0245,1.3603
6,4,1,3,4,1,2,1,1,4,1.1451,1.4675
6,4,1,3,5,1,2,2,0,1,1.3112,1.6354
6,4,1,3,6,1,2,1,1,4,1.0054,1.3181
6,4,1,3,7,1,2,1,1,2,1.4012,1.9287
6,4,1,3,8,2,1,2,1,4,1.2436,1.5682
6,4,1,3,9,2,1,2,1,4,0.8929,1.218
6,4,1,3,10,1,2,1,1,2,1.2446,1.6598
6,4,1,3,11,2,1,2,1,2,1.2585,1.6578
6,4,1,3,12,2,1,2,1,4,1.0637,1.385
6,4,1,3,13,1,2,1,1,4,1.0564,1.4083
6,4,1,3,14,1,2,1,1,4,0.9839,1.3013
6,4,1,3,15,2,1,2,1,4,1.0758,1.3847
6,4,1,3,16,2,1,2,1,4,0.9085,1.218
6,4,1,3,17,1,2,1,1,4,1.0354,1.3515
6,4,1,3,18,1,2,1,1,4,0.8857,1.2013
6,4,1,3,19,1,2,1,1,4,1.2063,1.5184
6,4,1,3,20,1,2,1,1,4,1.0013,1.3183
6,4,1,3,21,1,2,1,1,2,1.3651,1.7647
6,4,1,3,22,2,1,1,0,2,1.4548,1.9028
6,4,1,3,23,2,1,2,1,4,1.1536,1.4683
6,4,1,3,24,2,1,2,1,4,0.8549,1.1681
6,4,1,3,25,1,2,1,1,2,1.0636,1.4793
6,4,1,3,26,2,1,2,1,4,0.9731,1.2848
6,4,1,3,27,1,2,1,1,4,0.8261,1.1346
6,4,1,3,28,1,2,1,1,1,1.3573,1.6684
6,4,1,3,29,2,1,2,1,4,0.922,1.2349
6,4,1,3,30,1,2,1,1,4,1.1295,1.4519
6,4,1,3,31,1,2,2,0,1,1.0865,1.5666
6,4,1,3,32,1,2,1,1,4,1.04,1.3516
6,4,1,3,33,1,2,1,1,4,0.9054,1.218
6,4,1,3,34,2,1,2,1,4,1.0648,1.3854
6,4,1,3,35,2,1,2,1,4,0.9618,1.2854
6,4,2,2,1,1,4,1,1,3,1.349,1.6685
6,4,2,2,2,4,2,2,0,1,1.2982,1.6185
6,4,2,2,3,4,2,2,0,1,1.9692,2.3534
6,4,2,2,4,3,4,3,1,4,1.2985,1.7306
6,4,2,2,5,4,2,4,1,4,1.2932,1.6187
6,4,2,2,6,1,3,3,0,2,1.7086,2.1724
6,4,2,2,7,1,4,1,1,3,1.3166,1.6351
6,4,2,2,8,2,1,2,1,3,1.0597,1.4113
6,4,2,2,9,4,2,4,1,4,1.1794,1.5014
6,4,2,2,10,1,3,1,1,3,1.1676,1.5039
6,4,2,2,11,3,2,2,0,3,1.0906,1.5074
6,4,2,2,12,4,3,3,0,2,1.3673,1.7675
6,4,2,2,13,2,4,2,1,4,1.0709,1.4017
6,4,2,2,14,2,3,3,0,2,1.1432,1.5751
6,4,2,2,15,1,2,1,1,4,1.049,1.3684
6,4,2,2,16,2,1,2,1,4,1.3304,1.6519
6,4,2,2,17,4,2,2,0,2,1.3605,1.6965
6,4,2,2,18,2,1,2,1,4,1.0849,1.4017
6,4,2,2,19,4,2,4,1,1,1.3637,1.6852
6,4,2,2,20,1,4,4,0,1,1.3926,2.176
6,4,2,2,21,3,1,3,1,4,1.096,1.4184
6,4,2,2,22,4,1,4,1,1,2.08,2.4028
6,4,2,2,23,3,1,3,1,1,2.8629,3.4225
6,4,2,2,24,1,2,1,1,1,1.172,1.4849
6,4,2,2,25,1,4,1,1,1,2.1042,2.6163
6,4,2,2,26,2,3,2,1,4,1.0385,1.3514
6,4,2,2,27,2,1,1,0,1,1.1924,1.7201
6,4,2,2,28,3,1,3,1,4,1.1712,1.4851
6,4,2,2,29,3,1,3,1,4,1.3513,1.669
6,4,2,2,30,3,1,3,1,3,1.1729,2.2124
6,4,2,2,31,2,3,3,0,3,1.2591,1.5684
6,4,2,2,32,2,1,1,0,1,1.7719,2.0858
6,4,2,2,33,2,1,2,1,1,2.1993,2.7754
6,4,2,2,34,4,3,3,0,1,3.2557,3.5708
6,4,2,2,35,3,4,3,1,4,1.5269,1.8357
6,4,3,1,1,2,,3,0,1,1.6677,2.2918
6,4,3,1,2,1,,1,1,4,1.4632,2.0075
6,4,3,1,3,2,,2,1,3,1.3345,1.6522
6,4,3,1,4,3,,3,1,4,1.1077,1.7001
6,4,3,1,5,3,,3,1,4,0.9754,1.2846
6,4,3,1,6,1,,1,1,4,1.388,1.7018
6,4,3,1,7,4,,4,1,3,1.671,2.2795
6,4,3,1,8,2,,2,1,3,1.1795,1.7238
6,4,3,1,9,4,,4,1,3,1.6706,1.9903
6,4,3,1,10,3,,1,0,1,1.5586,1.8686
6,4,3,1,11,2,,2,1,4,1.1153,1.6907
6,4,3,1,12,2,,4,0,1,1.736,2.0522
6,4,3,1,13,1,,1,1,2,1.8601,2.1689
6,4,3,1,14,3,,3,1,4,1.2446,1.5685
6,4,3,1,15,3,,3,1,4,0.9422,1.2513
6,4,3,1,16,4,,4,1,3,1.5487,2.0446
6,4,3,1,17,3,,3,1,4,1.2748,1.585
6,4,3,1,18,2,,2,1,3,1.1155,1.4351
6,4,3,1,19,2,,2,1,4,0.9943,1.3183
6,4,3,1,20,1,,1,1,2,1.5009,1.9972
6,4,3,1,21,2,,2,1,4,1.2776,2.1094
6,4,3,1,22,1,,1,1,4,1.1446,1.4685
6,4,3,1,23,4,,4,1,3,1.5338,1.8521
6,4,3,1,24,4,,4,1,3,1.6994,2.0191
6,4,3,1,25,4,,4,1,3,1.522,2.0179
6,4,3,1,26,2,,2,1,4,1.0566,1.3679
6,4,3,1,27,2,,2,1,4,1.0812,1.9457
6,4,3,1,28,3,,2,0,1,1.2115,1.7233
6,4,3,1,29,4,,1,0,2,1.2383,1.5517
6,4,3,1,30,3,,3,1,4,1.3045,1.6185
6,4,3,1,31,2,,2,1,4,0.9676,1.2875
6,4,3,1,32,4,,1,0,1,1.5557,2.2924
6,4,3,1,33,1,,4,0,2,2.2318,2.8075
6,4,3,1,34,2,,2,1,4,1.0465,1.3683
6,4,3,1,35,2,,2,1,4,1.0076,1.3181
6,5,1,2,1,3,1,3,1,4,1.2468,1.8391
6,5,1,2,2,1,2,1,1,1,1.7177,2.0356
6,5,1,2,3,4,3,3,0,3,1.2191,1.535
6,5,1,2,4,2,1,2,1,4,0.9659,1.2848
6,5,1,2,5,1,4,1,1,4,1.0901,1.4014
6,5,1,2,6,2,1,1,0,1,1.1618,1.6261
6,5,1,2,7,2,3,2,1,4,1.0331,1.3517
6,5,1,2,8,3,4,3,1,3,1.0113,1.3349
6,5,1,2,9,2,4,2,1,4,1.0213,1.3348
6,5,1,2,10,1,3,1,1,1,1.8963,2.2197
6,5,1,2,11,3,4,3,1,4,0.9904,1.3013
6,5,1,2,12,2,1,2,1,4,1.0019,1.318
6,5,1,2,13,2,3,2,1,3,0.9173,1.5094
6,5,1,2,14,2,1,2,1,4,1.0648,1.5932
6,5,1,2,15,4,2,2,0,1,2.0735,2.3855
6,5,1,2,16,3,1,1,0,2,1.1614,1.5454
6,5,1,2,17,2,4,2,1,3,1.228,1.5515
6,5,1,2,18,1,2,1,1,4,1.4538,1.8384
6,5,1,2,19,2,4,2,1,4,0.9,1.4917
6,5,1,2,20,4,1,4,1,1,2.68,3.0035
6,5,1,2,21,1,3,1,1,4,1.1191,1.435
6,5,1,2,22,4,2,2,0,1,2.1816,2.5498
6,5,1,2,23,2,3,2,1,4,0.9907,1.3015
6,5,1,2,24,2,3,2,1,3,2.2836,2.683
6,5,1,2,25,4,1,1,0,3,1.3276,1.6635
6,5,1,2,26,2,3,2,1,4,1.0691,1.3851
6,5,1,2,27,2,4,2,1,4,0.9491,1.2683
6,5,1,2,28,3,1,3,1,4,1.0748,1.4017
6,5,1,2,29,1,3,1,1,4,1.2745,1.585
6,5,1,2,30,2,3,1,0,3,0.8271,2.4749
6,5,1,2,31,2,4,2,1,4,0.9352,1.2514
6,5,1,2,32,4,1,4,1,1,2.5973,3.1891
6,5,1,2,33,2,1,2,1,4,0.8998,1.2182
6,5,1,2,34,4,1,1,0,4,1.3153,1.6352
6,5,1,2,35,1,4,1,1,4,0.9288,1.2514
6,5,2,1,1,4,,4,1,3,1.4935,1.8776
6,5,2,1,2,4,,4,1,2,1.7871,2.3785
6,5,2,1,3,3,,3,1,1,1.5144,1.8352
6,5,2,1,4,4,,2,0,4,1.1048,1.4182
6,5,2,1,5,4,,4,1,4,1.4007,1.7191
6,5,2,1,6,1,,1,1,4,1.3634,1.9551
6,5,2,1,7,1,,3,0,1,1.5564,1.8687
6,5,2,1,8,2,,2,1,4,1.0335,1.3514
6,5,2,1,9,1,,1,1,4,0.9308,1.2515
6,5,2,1,10,1,,1,1,4,0.897,1.2181
6,5,2,1,11,4,,2,0,1,2.0477,2.5281
6,5,2,1,12,4,,4,1,3,1.513,2.3293
6,5,2,1,13,4,,1,0,2,1.9327,2.2533
6,5,2,1,14,1,,1,1,3,1.1373,1.5058
6,5,2,1,15,3,,4,0,2,1.9736,2.2857
6,5,2,1,16,4,,4,1,1,1.5297,1.8522
6,5,2,1,17,1,,1,1,3,1.5191,1.8355
6,5,2,1,18,2,,4,0,2,1.445,1.7687
6,5,2,1,19,3,,3,1,4,1.6306,1.9523
6,5,2,1,20,4,,4,1,2,1.5363,1.8878
6,5,2,1,21,2,,3,0,3,1.7964,2.1192
6,5,2,1,22,3,,3,1,4,1.3269,1.6625
6,5,2,1,23,4,,4,1,2,1.6755,1.9856
6,5,2,1,24,3,,3,1,4,1.2285,1.8201
6,5,2,1,25,1,,1,1,4,2.2424,2.7708
6,5,2,1,26,2,,3,0,4,1.4746,1.954
6,5,2,1,27,4,,4,1,2,1.3316,1.6518
6,5,2,1,28,1,,1,1,3,1.4413,1.7518
6,5,2,1,29,4,,4,1,3,1.4823,1.8019
6,5,2,1,30,4,,4,1,3,1.5056,1.8186
6,5,2,1,31,1,,1,1,3,1.3036,1.6182
6,5,2,1,32,4,,2,0,1,1.4952,1.8187
6,5,2,1,33,1,,1,1,3,1.1339,1.4517
6,5,2,1,34,1,,1,1,3,1.3154,1.6352
6,5,2,1,35,3,,3,1,3,1.2665,1.5857
6,5,3,3,1,3,2,3,1,3,1.6413,2.1693
6,5,3,3,2,2,3,2,1,3,1.4418,1.7519
6,5,3,3,3,2,3,2,1,4,1.1149,1.4349
6,5,3,3,4,3,2,3,1,4,1.1223,1.4351
6,5,3,3,5,2,3,2,1,3,1.0799,1.4015
6,5,3,3,6,2,3,2,1,4,1.1041,1.6
6,5,3,3,7,3,2,3,1,4,1.0564,1.5677
6,5,3,3,8,3,2,2,0,1,1.3289,1.652
6,5,3,3,9,3,2,3,1,3,1.3111,1.8229
6,5,3,3,10,2,3,2,1,3,1.062,1.3849
6,5,3,3,11,2,3,2,1,3,1.1826,1.5017
6,5,3,3,12,2,3,2,1,4,0.931,1.2515
6,5,3,3,13,3,2,3,1,4,1.4894,1.802
6,5,3,3,14,3,2,4,0,1,1.5766,1.9449
6,5,3,3,15,3,2,3,1,1,1.4825,1.9141
6,5,3,3,16,2,3,2,1,3,0.9422,1.4862
6,5,3,3,17,3,2,3,1,3,1.0579,1.6177
6,5,3,3,18,2,3,2,1,2,1.1369,1.457
6,5,3,3,19,3,2,3,1,4,0.9513,1.2682
6,5,3,3,20,3,2,3,1,3,1.141,1.7005
6,5,3,3,21,2,3,2,1,4,0.9606,1.285
6,5,3,3,22,3,2,3,1,3,1.1333,1.4516
6,5,3,3,23,2,3,2,1,4,1.2191,1.5349
6,5,3,3,24,3,2,3,1,4,1.1736,1.5097
6,5,3,3,25,3,2,3,1,4,0.9697,1.2848
6,5,3,3,26,3,2,3,1,4,1.0306,1.3517
6,5,3,3,27,3,2,3,1,4,0.8803,1.2015
6,5,3,3,28,2,3,2,1,4,0.8169,1.1526
6,5,3,3,29,3,2,2,0,1,1.3304,1.6986
6,5,3,3,30,3,2,3,1,2,1.4069,1.9673
6,5,3,3,31,3,2,2,0,1,0.9266,2.0792
6,5,3,3,32,2,3,2,1,2,1.4035,1.7188
6,5,3,3,33,3,2,3,1,2,1.1419,1.4514
6,5,3,3,34,2,3,3,0,1,1.8366,2.3003
6,5,3,3,35,3,2,3,1,3,1.4229,1.7354
6,6,1,2,1,2,3,2,1,3,1.7567,2.2852
6,6,1,2,2,3,2,3,1,3,1.2168,1.5357
6,6,1,2,3,2,1,1,0,3,1.2831,1.907
6,6,1,2,4,2,1,2,1,3,1.2064,1.5186
6,6,1,2,5,2,3,2,1,4,1.273,1.585
6,6,1,2,6,2,1,2,1,4,1.0658,1.5776
6,6,1,2,7,1,4,4,0,1,2.1218,2.4365
6,6,1,2,8,4,3,4,1,1,1.8478,2.1691
6,6,1,2,9,2,4,2,1,4,1.4887,1.802
6,6,1,2,10,3,4,3,1,4,1.1601,1.6402
6,6,1,2,11,3,4,4,0,1,1.7985,2.1192
6,6,1,2,12,2,3,2,1,4,1.0887,1.4016
6,6,1,2,13,4,1,1,0,3,1.1616,1.4851
6,6,1,2,14,1,2,1,1,3,1.3744,1.6851
6,6,1,2,15,1,2,1,1,3,1.1147,1.7541
6,6,1,2,16,2,3,2,1,3,1.4125,2.2921
6,6,1,2,17,1,3,3,0,2,1.4004,2.0558
6,6,1,2,18,4,2,2,0,2,1.2375,1.5519
6,6,1,2,19,1,3,1,1,2,1.2391,1.5519
6,6,1,2,20,1,3,4,0,1,2.9535,3.2704
6,6,1,2,21,3,1,3,1,4,1.2686,1.5851
6,6,1,2,22,2,3,2,1,1,1.1888,1.5019
6,6,1,2,23,2,1,2,1,4,1.0489,1.4165
6,6,1,2,24,4,2,4,1,1,1.6958,2.1763
6,6,1,2,25,1,3,1,1,4,1.0487,1.3687
6,6,1,2,26,1,2,1,1,3,1.3456,1.714
6,6,1,2,27,4,2,2,0,2,1.0849,1.4529
6,6,1,2,28,1,4,1,1,4,0.9954,1.5873
6,6,1,2,29,2,3,2,1,4,1.139,1.6188
6,6,1,2,30,3,4,4,0,1,1.618,1.938
6,6,1,2,31,2,1,2,1,2,1.3806,2.1327
6,6,1,2,32,2,1,2,1,3,1.3108,1.6353
6,6,1,2,33,1,3,1,1,4,0.9566,1.268
6,6,1,2,34,2,1,1,0,1,1.5622,1.8855
6,6,1,2,35,3,4,3,1,4,1.2792,1.6018
6,6,2,3,1,4,2,4,1,1,2.1011,2.4193
6,6,2,3,2,2,4,2,1,3,1.0279,1.3515
6,6,2,3,3,4,2,2,0,1,1.8053,2.1189
6,6,2,3,4,2,4,4,0,1,1.5759,2.1676
6,6,2,3,5,4,2,4,1,3,1.2642,1.5851
6,6,2,3,6,2,4,2,1,2,1.3122,2.6564
6,6,2,3,7,2,4,2,1,4,1.1246,1.4351
6,6,2,3,8,4,2,2,0,2,1.0831,1.4016
6,6,2,3,9,4,2,4,1,1,1.2666,1.5851
6,6,2,3,10,4,2,2,0,1,1.5715,1.8853
6,6,2,3,11,2,4,2,1,4,0.9826,1.3014
6,6,2,3,12,2,4,2,1,3,1.0746,1.731
6,6,2,3,13,2,4,4,0,1,1.2464,1.5687
6,6,2,3,14,2,4,2,1,3,1.0713,1.3848
6,6,2,3,15,4,2,4,1,3,1.2389,1.8157
6,6,2,3,16,4,2,4,1,3,1.3433,1.6518
6,6,2,3,17,2,4,2,1,4,0.8447,1.168
6,6,2,3,18,4,2,4,1,1,1.1822,1.5021
6,6,2,3,19,2,4,2,1,4,1.0256,1.3348
6,6,2,3,20,4,2,2,0,1,1.5329,1.8522
6,6,2,3,21,4,2,4,1,4,1.09,1.4014
6,6,2,3,22,4,2,2,0,4,0.9061,1.2256
6,6,2,3,23,4,2,4,1,3,1.2895,1.6097
6,6,2,3,24,4,2,4,1,3,1.1773,1.5018
6,6,2,3,25,2,4,2,1,4,0.9088,1.2182
6,6,2,3,26,4,2,2,0,2,1.5001,1.8187
6,6,2,3,27,4,2,4,1,1,1.3783,1.7022
6,6,2,3,28,2,4,2,1,4,1.0864,1.4017
6,6,2,3,29,4,2,4,1,4,1.2543,1.5684
6,6,2,3,30,4,2,4,1,2,1.5115,2.1511
6,6,2,3,31,2,4,2,1,4,0.8967,1.2178
6,6,2,3,32,2,4,2,1,2,1.3441,1.6517
6,6,2,3,33,4,2,4,1,4,1.2299,1.5519
6,6,2,3,34,2,4,2,1,3,1.1042,1.4183
6,6,2,3,35,4,2,4,1,3,1.3676,1.959
6,6,3,1,1,4,,2,0,2,1.8715,2.3991
6,6,3,1,2,1,,1,1,4,1.2151,1.5352
6,6,3,1,3,1,,1,1,4,0.9449,1.457
6,6,3,1,4,1,,1,1,4,0.8875,1.2017
6,6,3,1,5,3,,3,1,4,1.4628,1.7856
6,6,3,1,6,4,,4,1,4,1.3755,1.887
6,6,3,1,7,4,,2,0,2,1.2828,1.6021
6,6,3,1,8,1,,1,1,3,1.3306,1.6518
6,6,3,1,9,3,,3,1,4,1.2645,1.5852
6,6,3,1,10,4,,4,1,1,1.6331,1.9522
6,6,3,1,11,1,,1,1,2,1.3947,2.0188
6,6,3,1,12,4,,4,1,1,1.441,1.9688
6,6,3,1,13,3,,3,1,4,1.2014,1.5186
6,6,3,1,14,4,,4,1,2,1.5572,1.8687
6,6,3,1,15,3,,3,1,3,1.4167,1.8812
6,6,3,1,16,3,,3,1,4,1.086,1.4017
6,6,3,1,17,2,,2,1,3,1.0457,1.3683
6,6,3,1,18,2,,2,1,2,1.6149,1.9358
6,6,3,1,19,4,,1,0,1,3.5692,4.0015
6,6,3,1,20,2,,4,0,1,1.983,2.3027
6,6,3,1,21,2,,2,1,2,1.3296,1.652
6,6,3,1,22,1,,1,1,4,1.5676,1.8854
6,6,3,1,23,4,,4,1,3,1.6667,1.9855
6,6,3,1,24,4,,4,1,2,1.7313,2.0523
6,6,3,1,25,2,,2,1,4,1.1681,1.5034
6,6,3,1,26,1,,3,0,3,1.3159,1.6351
6,6,3,1,27,3,,3,1,3,1.3294,1.6519
6,6,3,1,28,4,,2,0,1,1.2955,1.6184
6,6,3,1,29,2,,2,1,3,1.4703,1.7852
6,6,3,1,30,3,,3,1,4,1.4792,1.8021
6,6,3,1,31,4,,4,1,2,1.6785,2.0025
6,6,3,1,32,1,,1,1,4,1.5015,1.8186
6,6,3,1,33,3,,3,1,4,1.2367,1.5517
6,6,3,1,34,1,,1,1,3,1.7342,2.0522
6,6,3,1,35,1,,1,1,4,1.1871,1.6827
7,1,1,2,1,1,3,1,1,3,4.5696,6.0741
7,1,1,2,2,2,1,2,1,4,3.1698,3.8904
7,1,1,2,3,3,4,3,1,4,3.172,3.9395
7,1,1,2,4,1,2,2,0,2,6.1474,8.1155
7,1,1,2,5,2,4,2,1,4,2.5516,3.8798
7,1,1,2,6,2,4,2,1,2,3.386,4.5699
7,1,1,2,7,1,2,2,0,1,4.2553,4.5753
7,1,1,2,8,4,1,4,1,4,3.3335,4.2777
7,1,1,2,9,1,3,3,0,4,2.2799,2.904
7,1,1,2,10,2,4,2,1,4,2.1937,2.9145
7,1,1,2,11,2,4,2,1,4,2.0611,2.5406
7,1,1,2,12,3,2,3,1,4,1.7186,2.0545
7,1,1,2,13,4,1,4,1,4,1.9071,2.3229
7,1,1,2,14,3,1,3,1,4,3.4776,3.7973
7,1,1,2,15,3,1,3,1,4,1.7235,2.1875
7,1,1,2,16,3,2,3,1,4,1.5074,3.4116
7,1,1,2,17,2,1,2,1,3,2.6326,3.6249
7,1,1,2,18,3,2,3,1,4,1.9572,2.3256
7,1,1,2,19,1,3,1,1,4,2.5519,3.7045
7,1,1,2,20,2,1,2,1,3,2.2738,3.634
7,1,1,2,21,4,3,4,1,3,5.6944,6.8147
7,1,1,2,22,1,3,1,1,2,2.6973,3.2564
7,1,1,2,23,4,2,4,1,2,1.7333,3.0612
7,1,1,2,24,3,1,3,1,4,1.9456,3.4328
7,1,1,2,25,4,2,4,1,2,1.9823,3.0708
7,1,1,2,26,3,2,3,1,3,1.8583,3.6979
7,1,1,2,27,2,3,3,0,2,2.8441,4.6685
7,1,1,2,28,1,2,1,1,3,2.4784,3.7911
7,1,1,2,29,2,3,2,1,3,1.6209,2.5485
7,1,1,2,30,3,4,3,1,3,3.9504,5.4709
7,1,1,2,31,1,3,1,1,2,2.559,3.2789
7,1,1,2,32,2,1,2,1,2,2.4898,3.0817
7,1,1,2,33,1,4,4,0,2,3.0692,3.79
7,1,1,2,34,3,1,4,0,2,2.3083,7.3162
7,1,1,2,35,1,4,4,0,2,3.6416,4.3458
7,1,2,1,1,4,,1,0,3,2.4946,3.6145
7,1,2,1,2,4,,4,1,3,1.3239,1.9799
7,1,2,1,3,3,,3,1,3,1.4211,1.9332
7,1,2,1,4,3,,2,0,3,2.3837,3.1193
7,1,2,1,5,2,,3,0,1,2.4813,4.0652
7,1,2,1,6,1,,3,0,3,2.2522,3.5481
7,1,2,1,7,4,,1,0,2,1.789,2.429
7,1,2,1,8,4,,4,1,2,1.6917,2.3631
7,1,2,1,9,4,,4,1,2,2.5402,3.2439
7,1,2,1,10,4,,3,0,3,3.3523,4.5044
7,1,2,1,11,1,,1,1,4,2.0812,4.1286
7,1,2,1,12,3,,3,1,4,1.6894,3.2413
7,1,2,1,13,3,,3,1,3,2.3904,3.0463
7,1,2,1,14,2,,1,0,2,3.6111,4.6514
7,1,2,1,15,3,,3,1,3,2.3022,4.7346
7,1,2,1,16,1,,1,1,3,2.0463,2.8622
7,1,2,1,17,2,,2,1,4,2.2828,2.9063
7,1,2,1,18,3,,3,1,4,1.7649,2.1491
7,1,2,1,19,1,,2,0,4,2.8955,3.5032
7,1,2,1,20,2,,2,1,4,1.5051,1.8884
7,1,2,1,21,2,,1,0,1,2.4374,2.8693
7,1,2,1,22,1,,2,0,3,4.0809,4.9612
7,1,2,1,23,3,,3,1,4,1.6392,1.9524
7,1,2,1,24,2,,2,1,4,2.0888,2.6002
7,1,2,1,25,1,,2,0,2,1.8884,2.272
7,1,2,1,26,1,,3,0,2,1.4603,1.8286
7,1,2,1,27,3,,2,0,3,1.2599,2.2032
7,1,2,1,28,1,,1,1,3,2.3551,3.4745
7,1,2,1,29,2,,2,1,4,1.4937,1.99
7,1,2,1,30,3,,3,1,4,1.3818,1.702
7,1,2,1,31,4,,4,1,4,1.3941,1.7019
7,1,2,1,32,2,,2,1,4,1.4699,1.7856
7,1,2,1,33,4,,4,1,4,1.4449,1.752
7,1,2,1,34,4,,4,1,4,1.2952,1.6017
7,1,2,1,35,3,,3,1,4,1.7588,2.0691
7,1,3,3,1,2,3,3,0,4,2.3701,3.6984
7,1,3,3,2,2,3,2,1,3,2.3489,3.1643
7,1,3,3,3,3,2,3,1,4,1.9485,3.1813
7,1,3,3,4,2,3,2,1,4,2.1246,2.8446
7,1,3,3,5,2,3,2,1,4,1.7059,2.3941
7,1,3,3,6,2,3,2,1,4,1.1453,1.6408
7,1,3,3,7,3,2,2,0,1,2.9675,3.3358
7,1,3,3,8,3,2,3,1,4,1.9685,2.4486
7,1,3,3,9,3,2,3,1,4,2.3344,2.7661
7,1,3,3,10,3,2,3,1,4,1.2791,1.6021
7,1,3,3,11,3,2,2,0,4,2.0139,2.4622
7,1,3,3,12,3,2,3,1,4,1.5953,2.411
7,1,3,3,13,2,3,2,1,4,1.4504,1.9457
7,1,3,3,14,2,3,2,1,4,1.0039,1.3182
7,1,3,3,15,2,3,2,1,4,0.9188,1.3985
7,1,3,3,16,2,3,2,1,4,1.1839,1.5521
7,1,3,3,17,2,3,2,1,4,1.2644,1.5844
7,1,3,3,18,3,2,1,0,4,1.5538,1.8688
7,1,3,3,19,2,3,2,1,4,1.4461,1.7686
7,1,3,3,20,3,2,3,1,4,1.2155,1.6953
7,1,3,3,21,3,2,4,0,4,1.3717,1.7237
7,1,3,3,22,2,3,2,1,2,3.9592,4.3913
7,1,3,3,23,2,3,2,1,4,2.1489,2.6924
7,1,3,3,24,3,2,3,1,4,2.0711,2.4235
7,1,3,3,25,2,3,2,1,3,2.0543,2.9504
7,1,3,3,26,3,2,3,1,3,2.0152,2.3511
7,1,3,3,27,3,2,2,0,2,2.9595,3.2705
7,1,3,3,28,2,3,2,1,4,1.2434,1.6106
7,1,3,3,29,3,2,3,1,2,2.1871,2.5029
7,1,3,3,30,3,2,3,1,2,1.1742,1.5418
7,1,3,3,31,2,3,2,1,2,1.8969,2.4087
7,1,3,3,32,3,2,2,0,3,1.7515,3.0792
7,1,3,3,33,3,2,3,1,4,1.7871,2.1072
7,1,3,3,34,3,2,3,1,4,1.4464,1.7689
7,1,3,3,35,3,2,3,1,4,1.0871,1.6155
7,2,1,1,1,1,,3,0,3,2.1297,2.4528
7,2,1,1,2,2,,2,1,3,1.63,1.9667
7,2,1,1,3,4,,4,1,4,1.3281,1.7918
7,2,1,1,4,3,,3,1,2,1.7842,2.2963
7,2,1,1,5,1,,1,1,4,1.4201,1.7881
7,2,1,1,6,3,,3,1,2,1.7162,2.0357
7,2,1,1,7,4,,4,1,2,1.3783,1.7023
7,2,1,1,8,1,,1,1,4,1.63,3.0218
7,2,1,1,9,1,,2,0,3,2.2595,2.5953
7,2,1,1,10,2,,2,1,4,1.0837,1.4017
7,2,1,1,11,3,,4,0,1,1.6355,2.1315
7,2,1,1,12,2,,3,0,1,2.0304,2.6218
7,2,1,1,13,1,,1,1,4,1.6679,2.0522
7,2,1,1,14,4,,3,0,4,1.5376,1.9372
7,2,1,1,15,2,,2,1,4,2.8201,3.2842
7,2,1,1,16,4,,3,0,3,2.8311,3.3753
7,2,1,1,17,3,,3,1,2,2.2466,2.7106
7,2,1,1,18,2,,2,1,4,1.9134,2.3928
7,2,1,1,19,3,,3,1,2,2.201,2.889
7,2,1,1,20,4,,4,1,4,1.7321,2.6279
7,2,1,1,21,4,,4,1,3,1.9465,2.3462
7,2,1,1,22,3,,1,0,1,3.036,3.3556
7,2,1,1,23,4,,3,0,3,2.02,2.7396
7,2,1,1,24,2,,2,1,2,2.1013,2.7734
7,2,1,1,25,2,,2,1,3,1.1409,2.7885
7,2,1,1,26,2,,2,1,3,1.0922,1.4015
7,2,1,1,27,2,,2,1,4,0.8126,1.2124
7,2,1,1,28,3,,3,1,4,1.2284,1.5963
7,2,1,1,29,3,,3,1,4,3.1976,3.8376
7,2,1,1,30,4,,2,0,3,1.6658,2.2412
7,2,1,1,31,2,,4,0,3,1.7674,2.1835
7,2,1,1,32,1,,1,1,4,1.6158,2.1276
7,2,1,1,33,2,,3,0,1,2.0107,2.4583
7,2,1,1,34,3,,4,0,4,1.0797,1.5432
7,2,1,1,35,2,,2,1,4,1.8658,2.2341
7,2,2,3,1,4,1,4,1,1,2.5504,3.6711
7,2,2,3,2,4,1,4,1,4,1.2814,1.7609
7,2,2,3,3,4,1,1,0,3,2.4917,3.6114
7,2,2,3,4,4,1,4,1,2,2.137,2.5689
7,2,2,3,5,1,4,4,0,1,1.4412,1.8088
7,2,2,3,6,4,1,1,0,2,1.8167,2.4253
7,2,2,3,7,4,1,1,0,3,2.8076,3.7836
7,2,2,3,8,4,1,4,1,3,2.1102,3.7904
7,2,2,3,9,1,4,1,1,3,1.6999,2.6117
7,2,2,3,10,4,1,1,0,3,1.8192,2.4593
7,2,2,3,11,1,4,1,1,3,2.1359,2.5204
7,2,2,3,12,1,4,1,1,3,1.1062,2.5781
7,2,2,3,13,4,1,4,1,3,2.0902,2.6505
7,2,2,3,14,1,4,1,1,3,2.1595,3.1517
7,2,2,3,15,1,4,4,0,3,3.5999,4.3201
7,2,2,3,16,1,4,1,1,3,1.8244,2.5604
7,2,2,3,17,4,1,1,0,3,1.7691,2.1212
7,2,2,3,18,1,4,1,1,3,1.3159,1.9717
7,2,2,3,19,1,4,1,1,3,2.0356,2.3879
7,2,2,3,20,4,1,4,1,1,1.6357,2.0841
7,2,2,3,21,4,1,4,1,4,1.4239,1.7355
7,2,2,3,22,4,1,4,1,4,1.0505,1.368
7,2,2,3,23,1,4,1,1,4,1.9239,2.3879
7,2,2,3,24,1,4,4,0,4,2.3558,2.7238
7,2,2,3,25,4,1,4,1,4,1.5893,1.9261
7,2,2,3,26,4,1,4,1,4,1.5125,1.8187
7,2,2,3,27,4,1,4,1,4,1.1829,1.5016
7,2,2,3,28,4,1,1,0,1,2.4512,2.8348
7,2,2,3,29,4,1,4,1,4,1.888,2.2025
7,2,2,3,30,1,4,1,1,4,1.2554,1.5682
7,2,2,3,31,1,4,1,1,4,0.7922,1.1011
7,2,2,3,32,1,4,1,1,4,1.0044,1.3405
7,2,2,3,33,1,4,1,1,4,0.6796,1.0013
7,2,2,3,34,4,1,1,0,2,1.392,1.8393
7,2,2,3,35,1,4,1,1,2,0.8861,1.7819
7,2,3,2,1,4,2,2,0,1,7.414,7.725
7,2,3,2,2,1,3,1,1,2,2.9385,3.2738
7,2,3,2,3,4,2,4,1,2,2.358,2.8061
7,2,3,2,4,3,2,3,1,4,1.7482,2.3563
7,2,3,2,5,4,3,4,1,3,1.7817,3.0131
7,2,3,2,6,1,4,1,1,4,1.148,1.7238
7,2,3,2,7,2,4,2,1,4,1.2067,1.543
7,2,3,2,8,1,4,4,0,1,3.7858,4.1047
7,2,3,2,9,2,3,2,1,4,1.3784,2.1302
7,2,3,2,10,1,2,2,0,3,2.6217,3.5334
7,2,3,2,11,3,4,3,1,4,1.6625,2.4459
7,2,3,2,12,1,3,1,1,1,2.6843,3.0363
7,2,3,2,13,1,2,1,1,1,3.8727,4.2729
7,2,3,2,14,2,3,2,1,2,1.5069,2.2271
7,2,3,2,15,3,1,3,1,3,2.3293,4.1374
7,2,3,2,16,2,4,2,1,2,1.6811,2.0336
7,2,3,2,17,4,3,4,1,4,1.5038,2.191
7,2,3,2,18,3,1,3,1,4,1.7835,2.1025
7,2,3,2,19,4,1,4,1,1,3.6021,4.0821
7,2,3,2,20,3,2,3,1,3,2.0924,2.8123
7,2,3,2,21,3,2,3,1,2,1.4035,2.1394
7,2,3,2,22,4,2,4,1,4,1.9889,2.3025
7,2,3,2,23,1,3,1,1,4,1.8635,2.4396
7,2,3,2,24,2,3,2,1,4,1.9414,2.3574
7,2,3,2,25,1,4,4,0,1,2.6144,3.3664
7,2,3,2,26,2,1,2,1,4,1.6782,2.1258
7,2,3,2,27,4,3,4,1,2,2.2811,2.7773
7,2,3,2,28,1,2,2,0,2,3.0971,3.7689
7,2,3,2,29,4,3,3,0,4,2.2078,3.3281
7,2,3,2,30,2,1,2,1,2,1.529,1.9611
7,2,3,2,31,3,2,3,1,1,1.8825,2.4264
7,2,3,2,32,3,2,3,1,3,1.737,2.4729
7,2,3,2,33,1,4,2,0,3,1.3329,2.5652
7,2,3,2,34,2,1,2,1,3,2.1895,2.9415
7,2,3,2,35,3,2,3,1,3,1.4793,2.1351
7,3,1,1,1,4,,4,1,4,2.4418,3.4817
7,3,1,1,2,4,,4,1,3,0.9567,1.741
7,3,1,1,3,3,,3,1,4,1.0147,1.3669
7,3,1,1,4,2,,2,1,3,2.2719,2.8645
7,3,1,1,5,1,,1,1,4,1.6607,2.1403
7,3,1,1,6,3,,3,1,3,1.3183,1.6352
7,3,1,1,7,4,,2,0,2,2.6122,3.4603
7,3,1,1,8,4,,4,1,4,1.4807,1.8021
7,3,1,1,9,2,,2,1,4,1.3119,1.6354
7,3,1,1,10,4,,1,0,1,3.1987,3.6143
7,3,1,1,11,4,,4,1,2,1.0197,1.7405
7,3,1,1,12,4,,4,1,3,1.575,2.1346
7,3,1,1,13,4,,3,0,3,1.4887,1.8882
7,3,1,1,14,2,,2,1,3,1.7172,2.0844
7,3,1,1,15,3,,3,1,4,1.2492,1.777
7,3,1,1,16,2,,2,1,4,1.3698,1.7861
7,3,1,1,17,4,,1,0,1,3.1543,3.4706
7,3,1,1,18,4,,3,0,3,3.717,4.4696
7,3,1,1,19,3,,3,1,3,0.9272,1.407
7,3,1,1,20,2,,2,1,3,1.3517,1.8631
7,3,1,1,21,1,,1,1,3,3.1172,3.6456
7,3,1,1,22,2,,3,0,4,1.5452,2.1854
7,3,1,1,23,4,,3,0,3,1.4257,1.9053
7,3,1,1,24,2,,2,1,2,1.3485,2.0212
7,3,1,1,25,2,,1,0,1,2.404,3.0435
7,3,1,1,26,3,,3,1,2,1.273,1.7047
7,3,1,1,27,4,,3,0,2,1.4607,1.7685
7,3,1,1,28,3,,3,1,2,0.8614,1.2131
7,3,1,1,29,4,,4,1,2,1.4695,1.7902
7,3,1,1,30,1,,1,1,3,1.7025,2.1505
7,3,1,1,31,1,,1,1,3,1.1676,1.4877
7,3,1,1,32,4,,3,0,2,2.2281,2.8366
7,3,1,1,33,1,,1,1,3,1.2163,1.5351
7,3,1,1,34,4,,4,1,3,1.9869,2.4515
7,3,1,1,35,3,,3,1,2,1.9525,3.1041
7,3,2,2,1,3,1,3,1,4,1.8655,3.2409
7,3,2,2,2,2,3,2,1,4,1.51,1.8301
7,3,2,2,3,2,1,2,1,4,2.0925,2.4127
7,3,2,2,4,2,3,2,1,4,1.1162,1.4351
7,3,2,2,5,1,2,2,0,4,1.3142,1.6354
7,3,2,2,6,4,1,1,0,2,2.0006,2.8806
7,3,2,2,7,2,1,2,1,3,2.2686,2.6365
7,3,2,2,8,3,4,3,1,1,1.6181,2.29
7,3,2,2,9,2,1,2,1,4,1.3654,1.7656
7,3,2,2,10,3,4,4,0,2,2.991,3.5836
7,3,2,2,11,2,1,2,1,3,1.8704,2.3983
7,3,2,2,12,1,4,2,0,1,1.0862,2.8781
7,3,2,2,13,1,3,1,1,1,1.6255,4.33
7,3,2,2,14,3,1,3,1,4,2.9702,3.2903
7,3,2,2,15,4,2,4,1,1,5.4132,5.723
7,3,2,2,16,3,4,3,1,4,1.5955,1.9189
7,3,2,2,17,3,2,3,1,1,1.7421,11.5982
7,3,2,2,18,2,3,2,1,4,1.6199,2.0837
7,3,2,2,19,4,3,3,0,2,1.9034,2.975
7,3,2,2,20,1,4,1,1,3,1.6218,2.0058
7,3,2,2,21,3,2,3,1,1,1.5566,2.4045
7,3,2,2,22,2,4,2,1,2,1.2683,1.7959
7,3,2,2,23,2,1,2,1,2,2.8288,3.1367
7,3,2,2,24,4,1,1,0,1,3.293,3.6035
7,3,2,2,25,3,2,3,1,2,2.2665,2.6832
7,3,2,2,26,3,1,3,1,4,2.0791,3.1513
7,3,2,2,27,1,4,1,1,2,2.0956,2.447
7,3,2,2,28,4,3,4,1,3,1.5485,3.0528
7,3,2,2,29,3,1,3,1,1,6.8961,8.0962
7,3,2,2,30,1,4,4,0,1,2.5341,3.4294
7,3,2,2,31,3,1,3,1,3,1.4987,2.1547
7,3,2,2,32,1,4,1,1,1,2.2125,2.5363
7,3,2,2,33,4,1,4,1,1,3.6933,4.0044
7,3,2,2,34,2,3,2,1,4,2.9868,3.7545
7,3,2,2,35,4,3,3,0,1,3.219,3.8104
7,3,3,3,1,1,2,2,0,4,3.2466,3.8389
7,3,3,3,2,1,2,1,1,4,1.6505,1.969
7,3,3,3,3,2,1,2,1,4,2.2265,2.5629
7,3,3,3,4,2,1,2,1,4,0.9083,1.218
7,3,3,3,5,1,2,1,1,4,1.0186,1.3347
7,3,3,3,6,2,1,2,1,4,0.9011,1.2182
7,3,3,3,7,2,1,2,1,4,0.8048,1.2533
7,3,3,3,8,1,2,1,1,1,0.8678,1.1848
7,3,3,3,9,1,2,1,1,4,0.9962,1.3183
7,3,3,3,10,1,2,1,1,2,1.2797,2.015
7,3,3,3,11,2,1,2,1,4,1.3752,1.823
7,3,3,3,12,2,1,2,1,3,1.8943,2.3735
7,3,3,3,13,1,2,2,0,4,1.3987,2.0062
7,3,3,3,14,1,2,1,1,4,2.1502,3.3818
7,3,3,3,15,2,1,2,1,3,1.8692,2.4928
7,3,3,3,16,1,2,1,1,3,1.8006,2.2646
7,3,3,3,17,2,1,2,1,3,2.926,3.237
7,3,3,3,18,2,1,2,1,3,1.0344,2.0904
7,3,3,3,19,1,2,1,1,4,1.6707,1.9857
7,3,3,3,20,1,2,2,0,2,2.2146,3.7348
7,3,3,3,21,2,1,2,1,4,1.4074,2.2398
7,3,3,3,22,2,1,2,1,4,2.0858,2.6453
7,3,3,3,23,2,1,2,1,4,1.4347,1.8829
7,3,3,3,24,2,1,2,1,4,0.7677,1.2959
7,3,3,3,25,1,2,1,1,4,2.4755,2.8756
7,3,3,3,26,2,1,2,1,4,1.6081,3.4637
7,3,3,3,27,2,1,1,0,4,2.364,2.8598
7,3,3,3,28,2,1,2,1,4,0.8083,1.118
7,3,3,3,29,2,1,2,1,4,0.9073,1.2755
7,3,3,3,30,2,1,2,1,3,1.0492,1.5287
7,3,3,3,31,1,2,2,0,3,0.9083,1.3886
7,3,3,3,32,2,1,2,1,3,0.6768,1.1573
7,3,3,3,33,2,1,2,1,3,0.8871,1.287
7,3,3,3,34,1,2,1,1,4,0.8844,1.3159
7,3,3,3,35,2,1,2,1,4,1.2008,1.9363
7,4,1,2,1,3,4,3,1,2,2.0524,2.4685
7,4,1,2,2,3,1,3,1,3,1.0086,1.9046
7,4,1,2,3,1,2,3,0,4,1.1237,2.116
7,4,1,2,4,4,2,2,0,1,1.5354,2.1592
7,4,1,2,5,2,3,2,1,4,1.4171,1.8487
7,4,1,2,6,3,2,3,1,4,1.4869,1.903
7,4,1,2,7,4,2,4,1,4,1.507,1.8264
7,4,1,2,8,3,2,3,1,4,1.2096,1.5183
7,4,1,2,9,2,1,2,1,3,1.3889,2.0612
7,4,1,2,10,4,3,4,1,4,2.4745,2.8742
7,4,1,2,11,2,4,2,1,4,1.7818,2.1026
7,4,1,2,12,3,2,2,0,3,1.249,1.5684
7,4,1,2,13,4,2,2,0,3,0.9139,1.3455
7,4,1,2,14,3,4,4,0,4,2.5249,2.9891
7,4,1,2,15,2,1,2,1,4,1.3797,1.7319
7,4,1,2,16,2,3,2,1,4,1.7591,2.1588
7,4,1,2,17,2,4,2,1,4,0.7605,1.1918
7,4,1,2,18,1,2,2,0,4,1.2253,1.6415
7,4,1,2,19,4,2,2,0,4,2.2001,2.584
7,4,1,2,20,2,1,2,1,3,1.1357,1.4516
7,4,1,2,21,3,4,3,1,4,1.4771,2.2292
7,4,1,2,22,2,3,2,1,3,1.9003,2.4439
7,4,1,2,23,2,1,2,1,3,2.1378,2.8413
7,4,1,2,24,4,3,4,1,2,2.1023,2.7105
7,4,1,2,25,1,3,3,0,3,1.2258,1.8493
7,4,1,2,26,3,1,3,1,3,1.376,1.8394
7,4,1,2,27,4,2,4,1,2,2.4699,2.9343
7,4,1,2,28,4,2,4,1,2,3.3271,3.6635
7,4,1,2,29,2,1,2,1,4,2.3623,2.9708
7,4,1,2,30,2,3,2,1,4,1.634,2.0026
7,4,1,2,31,1,4,1,1,4,1.506,1.8895
7,4,1,2,32,1,3,3,0,4,1.8937,2.2465
7,4,1,2,33,1,3,3,0,4,1.3718,1.6854
7,4,1,2,34,4,2,4,1,4,1.3839,1.702
7,4,1,2,35,1,2,1,1,3,2.0521,2.6437
7,4,2,3,1,2,4,2,1,4,1.8723,2.1857
7,4,2,3,2,4,2,4,1,4,1.1605,1.4682
7,4,2,3,3,2,4,2,1,4,1.5168,1.8355
7,4,2,3,4,2,4,2,1,4,0.7552,1.0678
7,4,2,3,5,2,4,2,1,4,0.76,1.1607
7,4,2,3,6,4,2,4,1,2,1.963,2.4586
7,4,2,3,7,4,2,4,1,4,1.816,2.1358
7,4,2,3,8,4,2,4,1,2,1.5215,1.8353
7,4,2,3,9,2,4,2,1,4,1.2068,1.7037
7,4,2,3,10,2,4,2,1,4,0.7873,1.3948
7,4,2,3,11,2,4,2,1,4,0.9234,1.2347
7,4,2,3,12,4,2,4,1,3,1.6739,2.3621
7,4,2,3,13,2,4,2,1,4,4.0909,4.4272
7,4,2,3,14,4,2,2,0,3,1.5591,1.9274
7,4,2,3,15,4,2,2,0,1,3.1303,3.6581
7,4,2,3,16,4,2,2,0,2,1.4138,1.8296
7,4,2,3,17,4,2,4,1,3,1.9802,2.3028
7,4,2,3,18,4,2,4,1,4,1.7756,2.0855
7,4,2,3,19,4,2,2,0,3,1.371,1.8346
7,4,2,3,20,2,4,2,1,4,3.3611,3.6707
7,4,2,3,21,2,4,2,1,4,1.6443,1.9522
7,4,2,3,22,2,4,2,1,4,0.7332,1.0511
7,4,2,3,23,2,4,2,1,4,0.7873,1.1551
7,4,2,3,24,4,2,2,0,3,0.9817,1.4291
7,4,2,3,25,4,2,4,1,3,1.5487,2.3968
7,4,2,3,26,2,4,2,1,4,1.0519,1.6604
7,4,2,3,27,4,2,2,0,4,6.9062,7.5456
7,4,2,3,28,2,4,4,0,1,1.8616,3.0459
7,4,2,3,29,4,2,4,1,2,1.9632,2.363
7,4,2,3,30,2,4,2,1,3,1.1159,1.5801
7,4,2,3,31,4,2,2,0,2,1.2612,2.1251
7,4,2,3,32,4,2,2,0,1,1.7837,2.6322
7,4,2,3,33,2,4,2,1,3,1.2142,2.3343
7,4,2,3,34,2,4,2,1,3,1.1197,2.3039
7,4,2,3,35,4,2,2,0,4,1.6987,2.7389
7,4,3,1,1,4,,3,0,2,8.6512,9.0826
7,4,3,1,2,4,,1,0,1,2.5994,3.1747
7,4,3,1,3,1,,1,1,2,1.6218,1.9578
7,4,3,1,4,2,,2,1,3,1.2874,1.6028
7,4,3,1,5,1,,1,1,4,1.3822,1.7026
7,4,3,1,6,4,,4,1,4,1.2827,1.6018
7,4,3,1,7,2,,2,1,4,1.0582,1.368
7,4,3,1,8,2,,2,1,4,1.0999,1.4356
7,4,3,1,9,3,,3,1,4,1.0742,1.3851
7,4,3,1,10,4,,4,1,4,1.2754,1.5851
7,4,3,1,11,2,,2,1,3,2.2201,2.6523
7,4,3,1,12,4,,1,0,3,1.8566,2.2882
7,4,3,1,13,3,,3,1,2,1.7166,2.0356
7,4,3,1,14,2,,2,1,2,1.5226,2.0022
7,4,3,1,15,4,,4,1,1,1.394,1.8424
7,4,3,1,16,1,,2,0,2,1.9604,4.1044
7,4,3,1,17,4,,2,0,2,1.3297,1.652
7,4,3,1,18,3,,4,0,3,1.9195,2.2358
7,4,3,1,19,3,,3,1,2,1.4611,1.7967
7,4,3,1,20,1,,2,0,1,1.8539,2.1692
7,4,3,1,21,4,,4,1,2,1.5585,1.942
7,4,3,1,22,3,,3,1,3,1.3523,2.1038
7,4,3,1,23,4,,3,0,2,1.1719,1.5716
7,4,3,1,24,3,,3,1,1,2.3732,2.7087
7,4,3,1,25,4,,4,1,2,1.3037,1.6185
7,4,3,1,26,2,,2,1,2,1.1905,1.5424
7,4,3,1,27,1,,1,1,1,1.2416,1.5518
7,4,3,1,28,4,,2,0,3,1.4036,3.1469
7,4,3,1,29,2,,2,1,4,1.9321,2.2526
7,4,3,1,30,2,,2,1,4,0.8653,1.1848
7,4,3,1,31,2,,2,1,4,1.4413,2.4012
7,4,3,1,32,1,,1,1,4,1.0567,1.409
7,4,3,1,33,3,,3,1,4,1.4805,1.8021
7,4,3,1,34,2,,1,0,2,3.3601,4.0162
7,4,3,1,35,4,,4,1,4,1.5818,1.9023
7,5,1,3,1,1,3,1,1,3,1.7043,2.019
7,5,1,3,2,3,1,3,1,4,0.8392,1.1511
7,5,1,3,3,3,1,3,1,4,0.5853,0.9012
7,5,1,3,4,3,1,3,1,4,0.5018,0.8175
7,5,1,3,5,1,3,1,1,4,0.7095,1.0177
7,5,1,3,6,1,3,1,1,3,1.1016,1.4377
7,5,1,3,7,3,1,3,1,4,0.5639,0.8845
7,5,1,3,8,1,3,3,0,3,0.8968,1.2812
7,5,1,3,9,3,1,3,1,4,0.6222,0.9343
7,5,1,3,10,1,3,3,0,1,0.618,1.4662
7,5,1,3,11,3,1,3,1,4,1.2475,1.5686
7,5,1,3,12,3,1,3,1,4,0.8323,1.1513
7,5,1,3,13,3,1,3,1,3,1.0903,1.5381
7,5,1,3,14,1,3,1,1,1,1.3968,1.7188
7,5,1,3,15,3,1,3,1,3,0.8312,1.5512
7,5,1,3,16,3,1,3,1,4,0.7856,1.1013
7,5,1,3,17,3,1,3,1,4,0.9173,1.2348
7,5,1,3,18,3,1,3,1,3,0.7242,1.0345
7,5,1,3,19,1,3,3,0,3,1.644,5.0197
7,5,1,3,20,1,3,3,0,1,1.3919,1.7442
7,5,1,3,21,1,3,3,0,3,1.3541,1.6685
7,5,1,3,22,3,1,3,1,3,0.8236,1.1437
7,5,1,3,23,1,3,3,0,3,1.1465,1.4685
7,5,1,3,24,1,3,3,0,3,1.2476,1.5684
7,5,1,3,25,3,1,3,1,3,0.7373,1.1375
7,5,1,3,26,3,1,3,1,3,0.6441,1.4439
7,5,1,3,27,1,3,3,0,4,1.3233,2.0594
7,5,1,3,28,1,3,3,0,3,1.4321,1.7521
7,5,1,3,29,1,3,1,1,4,1.2015,1.5184
7,5,1,3,30,1,3,1,1,3,0.8845,1.4608
7,5,1,3,31,1,3,1,1,3,1.3071,1.6585
7,5,1,3,32,3,1,1,0,2,1.3205,1.8323
7,5,1,3,33,1,3,1,1,3,1.6157,1.9357
7,5,1,3,34,3,1,3,1,2,1.5692,2.0337
7,5,1,3,35,1,3,3,0,2,1.8561,2.3834
7,5,2,1,1,3,,3,1,4,2.2311,2.5529
7,5,2,1,2,2,,2,1,4,1.8074,2.1187
7,5,2,1,3,1,,4,0,1,1.4336,1.8342
7,5,2,1,4,3,,4,0,1,1.0557,2.0324
7,5,2,1,5,1,,1,1,4,1.5029,1.819
7,5,2,1,6,1,,3,0,2,1.3658,1.734
7,5,2,1,7,2,,2,1,4,1.344,1.6687
7,5,2,1,8,3,,3,1,4,1.9016,2.2372
7,5,2,1,9,4,,4,1,2,1.683,2.0829
7,5,2,1,10,1,,1,1,3,1.7122,2.176
7,5,2,1,11,2,,2,1,2,1.5766,1.8856
7,5,2,1,12,3,,3,1,2,1.1486,1.6449
7,5,2,1,13,3,,3,1,2,1.7072,2.1391
7,5,2,1,14,4,,2,0,2,1.6849,2.2616
7,5,2,1,15,4,,4,1,4,1.3062,1.6185
7,5,2,1,16,2,,2,1,4,1.4177,1.7352
7,5,2,1,17,1,,2,0,3,1.4763,1.7852
7,5,2,1,18,2,,2,1,3,0.7799,1.1014
7,5,2,1,19,1,,2,0,2,0.8004,1.2317
7,5,2,1,20,4,,1,0,4,0.9922,1.3015
7,5,2,1,21,1,,1,1,4,0.6679,1.5962
7,5,2,1,22,3,,3,1,4,1.2125,2.4289
7,5,2,1,23,2,,2,1,4,1.6752,1.9947
7,5,2,1,24,4,,2,0,4,1.499,1.8188
7,5,2,1,25,2,,2,1,4,1.249,1.5694
7,5,2,1,26,4,,4,1,4,1.4103,1.7186
7,5,2,1,27,2,,2,1,4,2.7167,3.0367
7,5,2,1,28,1,,1,1,2,1.538,2.0978
7,5,2,1,29,1,,1,1,2,1.5817,1.9659
7,5,2,1,30,4,,4,1,2,1.8238,2.2394
7,5,2,1,31,1,,1,1,3,1.6052,2.1175
7,5,2,1,32,1,,2,0,2,1.9204,2.2398
7,5,2,1,33,3,,2,0,2,1.4939,1.8941
7,5,2,1,34,2,,2,1,4,1.9145,2.362
7,5,2,1,35,4,,4,1,4,1.8672,2.2672
7,5,3,2,1,2,4,2,1,4,3.8142,4.138
7,5,3,2,2,4,2,4,1,4,2.6704,2.9865
7,5,3,2,3,4,3,4,1,4,1.6854,2.0022
7,5,3,2,4,4,3,4,1,2,1.6689,1.9854
7,5,3,2,5,3,2,3,1,4,1.397,1.9249
7,5,3,2,6,1,4,4,0,2,1.6396,1.952
7,5,3,2,7,4,3,4,1,1,1.1447,1.5444
7,5,3,2,8,2,4,2,1,4,1.2754,2.219
7,5,3,2,9,1,4,1,1,1,1.3775,1.7022
7,5,3,2,10,1,4,4,0,1,1.3572,1.6685
7,5,3,2,11,1,4,2,0,3,1.1782,1.5018
7,5,3,2,12,3,1,2,0,2,1.3899,1.7019
7,5,3,2,13,2,1,2,1,2,2.6328,2.9845
7,5,3,2,14,3,2,3,1,4,1.8885,2.2564
7,5,3,2,15,1,2,1,1,4,1.3172,2.1169
7,5,3,2,16,1,4,1,1,2,1.3275,1.6636
7,5,3,2,17,4,3,4,1,3,1.7416,2.2215
7,5,3,2,18,1,4,1,1,1,2.2287,2.5644
7,5,3,2,19,4,1,4,1,1,1.4695,1.9488
7,5,3,2,20,2,4,2,1,3,1.3909,1.7435
7,5,3,2,21,2,3,2,1,3,1.434,2.1055
7,5,3,2,22,3,2,3,1,3,1.349,1.9575
7,5,3,2,23,4,3,4,1,2,1.9109,2.3268
7,5,3,2,24,2,1,2,1,3,1.7369,2.0733
7,5,3,2,25,3,2,3,1,3,1.1414,1.4515
7,5,3,2,26,2,4,2,1,3,1.6911,2.4586
7,5,3,2,27,1,4,1,1,3,1.1441,1.576
7,5,3,2,28,1,4,1,1,2,1.1611,1.4853
7,5,3,2,29,2,1,2,1,3,2.0301,2.3818
7,5,3,2,30,1,3,1,1,4,2.0941,2.4786
7,5,3,2,31,1,4,1,1,1,2.331,2.6531
7,5,3,2,32,2,1,2,1,2,1.8556,2.8154
7,5,3,2,33,2,4,2,1,1,1.4384,2.0137
7,5,3,2,34,2,4,2,1,4,3.229,3.9813
7,5,3,2,35,4,3,4,1,1,1.8515,2.1691
7,6,1,3,1,4,3,4,1,4,1.035,1.3515
7,6,1,3,2,4,3,3,0,3,0.7092,1.1093
7,6,1,3,3,3,4,3,1,3,0.9054,1.218
7,6,1,3,4,4,3,4,1,4,1.0653,2.0093
7,6,1,3,5,4,3,3,0,4,0.7448,1.0681
7,6,1,3,6,4,3,4,1,4,0.9737,1.2843
7,6,1,3,7,3,4,4,0,1,0.9221,1.9942
7,6,1,3,8,3,4,3,1,3,0.9069,1.2181
7,6,1,3,9,3,4,3,1,3,1.2588,1.5684
7,6,1,3,10,4,3,4,1,4,1.8678,2.8755
7,6,1,3,11,4,3,4,1,4,1.0636,1.5912
7,6,1,3,12,3,4,3,1,4,1.1599,1.4683
7,6,1,3,13,3,4,3,1,4,1.2763,1.5852
7,6,1,3,14,3,4,3,1,4,0.9893,1.3015
7,6,1,3,15,4,3,4,1,4,0.8251,1.1345
7,6,1,3,16,4,3,3,0,1,1.3238,1.7878
7,6,1,3,17,3,4,3,1,4,1.4927,1.8022
7,6,1,3,18,3,4,3,1,4,1.1481,1.4682
7,6,1,3,19,4,3,4,1,3,1.9858,2.3695
7,6,1,3,20,4,3,4,1,2,2.258,2.5695
7,6,1,3,21,4,3,3,0,1,1.5293,1.852
7,6,1,3,22,4,3,3,0,2,1.6147,1.9355
7,6,1,3,23,4,3,4,1,3,1.6651,1.9858
7,6,1,3,24,3,4,4,0,2,1.3611,1.7609
7,6,1,3,25,3,4,3,1,3,1.1471,1.5626
7,6,1,3,26,3,4,3,1,3,1.2933,1.6018
7,6,1,3,27,3,4,3,1,3,0.9877,1.3015
7,6,1,3,28,3,4,3,1,3,0.9525,1.2681
7,6,1,3,29,4,3,4,1,4,1.2054,1.5182
7,6,1,3,30,3,4,3,1,3,1.1768,2.5684
7,6,1,3,31,3,4,3,1,3,1.7611,2.2563
7,6,1,3,32,3,4,3,1,3,1.1574,1.4684
7,6,1,3,33,3,4,3,1,3,1.3706,1.962
7,6,1,3,34,3,4,3,1,3,0.7641,1.0848
7,6,1,3,35,4,3,4,1,3,1.089,1.5529
7,6,2,2,1,3,2,2,0,3,2.0256,2.3941
7,6,2,2,2,4,3,4,1,2,2.1058,2.6654
7,6,2,2,3,4,3,4,1,3,1.5506,1.8687
7,6,2,2,4,4,2,2,0,2,2.2109,2.5316
7,6,2,2,5,3,2,3,1,3,2.1097,2.4193
7,6,2,2,6,2,1,1,0,2,1.6119,2.1073
7,6,2,2,7,3,1,1,0,1,2.2947,2.6199
7,6,2,2,8,3,4,3,1,1,1.9329,2.3329
7,6,2,2,9,3,2,3,1,4,1.9192,2.3037
7,6,2,2,10,3,2,3,1,4,1.443,1.7626
7,6,2,2,11,1,4,4,0,1,2.1887,2.5028
7,6,2,2,12,3,2,3,1,4,1.319,1.6351
7,6,2,2,13,1,3,3,0,3,1.9095,2.39
7,6,2,2,14,3,4,3,1,2,2.214,2.7896
7,6,2,2,15,4,3,4,1,1,1.1249,1.435
7,6,2,2,16,2,4,2,1,2,1.7074,2.0189
7,6,2,2,17,4,3,3,0,2,1.8667,2.8108
7,6,2,2,18,4,1,2,0,3,1.6729,2.041
7,6,2,2,19,3,4,3,1,1,2.0549,3.2073
7,6,2,2,20,4,3,3,0,1,1.9092,2.2191
7,6,2,2,21,3,1,1,0,2,1.4679,1.8833
7,6,2,2,22,3,1,1,0,2,1.408,1.7916
7,6,2,2,23,1,4,4,0,1,1.6886,2.0022
7,6,2,2,24,2,4,2,1,4,1.5596,2.0396
7,6,2,2,25,3,2,2,0,1,2.5338,2.8533
7,6,2,2,26,4,2,4,1,1,1.9865,2.9462
7,6,2,2,27,3,4,4,0,2,2.6195,2.9367
7,6,2,2,28,3,2,2,0,2,2.132,2.4848
7,6,2,2,29,4,1,4,1,4,1.1841,1.536
7,6,2,2,30,4,2,2,0,3,2.5631,3.3787
7,6,2,2,31,2,4,2,1,4,1.3215,1.7063
7,6,2,2,32,1,2,1,1,4,1.5259,1.8613
7,6,2,2,33,4,1,4,1,4,1.4671,1.8357
7,6,2,2,34,3,1,3,1,2,2.3861,3.2177
7,6,2,2,35,3,2,2,0,2,1.9193,5.6472
7,6,3,1,1,2,,2,1,3,1.792,3.0721
7,6,3,1,2,3,,4,0,1,1.6357,1.9879
7,6,3,1,3,4,,1,0,1,1.4277,1.7522
7,6,3,1,4,3,,3,1,4,1.4376,1.7521
7,6,3,1,5,1,,2,0,2,1.8632,2.1858
7,6,3,1,6,3,,3,1,3,1.1192,1.4389
7,6,3,1,7,1,,3,0,2,1.5737,1.9579
7,6,3,1,8,2,,2,1,3,1.431,1.752
7,6,3,1,9,3,,3,1,3,1.4569,1.7687
7,6,3,1,10,4,,2,0,3,1.242,1.5518
7,6,3,1,11,2,,2,1,2,1.6429,2.0274
7,6,3,1,12,2,,1,0,1,2.01,2.3942
7,6,3,1,13,3,,3,1,4,1.3858,1.702
7,6,3,1,14,2,,2,1,4,1.3656,1.6854
7,6,3,1,15,4,,3,0,2,1.9059,2.29
7,6,3,1,16,4,,4,1,2,1.4455,1.7688
7,6,3,1,17,2,,2,1,3,1.3107,1.6466
7,6,3,1,18,4,,1,0,3,1.7734,2.1095
7,6,3,1,19,3,,3,1,3,1.401,1.7186
7,6,3,1,20,3,,3,1,4,1.0921,1.5396
7,6,3,1,21,3,,3,1,2,1.3185,1.7503
7,6,3,1,22,3,,2,0,3,1.3764,1.6853
7,6,3,1,23,1,,3,0,2,1.7247,2.0357
7,6,3,1,24,4,,4,1,4,1.1791,1.5017
7,6,3,1,25,4,,1,0,3,2.2229,2.7823
7,6,3,1,26,3,,3,1,3,1.3103,1.6185
7,6,3,1,27,1,,1,1,4,1.4216,1.95
7,6,3,1,28,3,,4,0,1,2.0954,2.4477
7,6,3,1,29,4,,3,0,2,1.485,1.8023
7,6,3,1,30,4,,3,0,2,1.1568,1.5405
7,6,3,1,31,1,,2,0,3,0.9357,1.2716
7,6,3,1,32,1,,1,1,4,1.7972,2.1487
7,6,3,1,33,3,,3,1,4,2.0624,3.8229
7,6,3,1,34,3,,3,1,4,1.4438,4.8354
7,6,3,1,35,1,,2,0,3,1.7754,2.3189
8,1,1,2,1,3,2,3,1,3,1.8575,2.1691
8,1,1,2,2,4,1,4,1,2,3.066,3.7223
8,1,1,2,3,3,2,3,1,3,2.1306,2.8183
8,1,1,2,4,3,4,3,1,4,2.4807,2.8965
8,1,1,2,5,1,3,1,1,3,1.7396,2.7798
8,1,1,2,6,4,2,2,0,2,2.6833,3.6271
8,1,1,2,7,4,3,4,1,4,1.9921,2.4875
8,1,1,2,8,4,2,2,0,3,2.0835,3.4276
8,1,1,2,9,4,3,3,0,2,1.7046,2.0409
8,1,1,2,10,1,4,1,1,4,1.5905,2.4868
8,1,1,2,11,3,1,3,1,3,2.0971,2.6577
8,1,1,2,12,2,3,2,1,2,1.4944,1.8301
8,1,1,2,13,2,3,2,1,4,3.5016,3.9013
8,1,1,2,14,1,2,1,1,2,1.7595,2.4312
8,1,1,2,15,1,2,2,0,1,2.5095,2.8199
8,1,1,2,16,2,3,2,1,3,1.4993,1.9956
8,1,1,2,17,2,4,2,1,3,1.6919,2.4117
8,1,1,2,18,3,4,3,1,4,1.9787,2.7149
8,1,1,2,19,2,4,2,1,3,1.9817,3.8858
8,1,1,2,20,4,2,2,0,2,1.7109,2.6556
8,1,1,2,21,3,1,3,1,4,2.1154,3.2037
8,1,1,2,22,2,4,2,1,4,1.3292,2.1294
8,1,1,2,23,1,4,1,1,2,3.6762,4.1884
8,1,1,2,24,1,4,1,1,1,2.4982,3.458
8,1,1,2,25,3,1,3,1,2,1.637,2.0854
8,1,1,2,26,2,4,2,1,3,1.8095,2.6413
8,1,1,2,27,1,3,1,1,4,2.3911,3.2235
8,1,1,2,28,1,4,1,1,2,1.3649,2.0841
8,1,1,2,29,3,4,3,1,2,2.0963,2.7369
8,1,1,2,30,4,2,2,0,3,1.9054,2.8019
8,1,1,2,31,2,4,2,1,1,1.1996,1.9679
8,1,1,2,32,4,3,3,0,2,2.3049,3.2009
8,1,1,2,33,3,4,3,1,4,1.3736,2.0936
8,1,1,2,34,2,1,2,1,4,1.2904,2.0263
8,1,1,2,35,1,3,1,1,3,2.7768,3.4328
8,1,2,1,1,3,,3,1,2,1.2993,2.0351
8,1,2,1,2,4,,4,1,4,1.2651,1.8573
8,1,2,1,3,2,,2,1,3,1.1907,2.0547
8,1,2,1,4,4,,3,0,2,1.9561,2.3082
8,1,2,1,5,2,,2,1,3,1.304,1.7838
8,1,2,1,6,1,,1,1,4,1.3122,2.3841
8,1,2,1,7,4,,3,0,1,2.9273,3.4231
8,1,2,1,8,2,,2,1,2,1.4604,2.1479
8,1,2,1,9,3,,3,1,1,1.8387,2.5587
8,1,2,1,10,4,,2,0,1,1.7035,2.1029
8,1,2,1,11,3,,3,1,1,3.1857,3.5857
8,1,2,1,12,4,,2,0,2,1.9522,2.7517
8,1,2,1,13,1,,4,0,1,3.025,3.8089
8,1,2,1,14,1,,2,0,2,2.7745,3.2383
8,1,2,1,15,3,,3,1,2,1.986,2.6906
8,1,2,1,16,2,,2,1,4,1.2862,1.9741
8,1,2,1,17,4,,3,0,3,1.8628,2.1859
8,1,2,1,18,2,,2,1,3,1.119,1.5673
8,1,2,1,19,2,,2,1,3,2.0643,2.6404
8,1,2,1,20,1,,1,1,3,1.3975,1.9731
8,1,2,1,21,2,,2,1,2,3.0621,3.3868
8,1,2,1,22,4,,4,1,1,1.3891,1.8851
8,1,2,1,23,3,,3,1,2,1.889,3.0251
8,1,2,1,24,2,,2,1,4,1.2706,2.087
8,1,2,1,25,3,,3,1,2,3.8269,4.8831
8,1,2,1,26,3,,3,1,2,1.0368,1.9325
8,1,2,1,27,4,,2,0,3,2.3194,3.2631
8,1,2,1,28,1,,2,0,3,2.2518,2.9239
8,1,2,1,29,3,,3,1,4,1.8617,2.7895
8,1,2,1,30,2,,2,1,4,1.6846,2.0526
8,1,2,1,31,2,,2,1,3,1.154,1.6976
8,1,2,1,32,1,,1,1,1,2.7343,3.2625
8,1,2,1,33,4,,4,1,1,1.8821,2.2028
8,1,2,1,34,2,,2,1,2,1.8258,2.6093
8,1,2,1,35,3,,3,1,3,1.6562,2.2649
8,1,3,3,1,3,4,3,1,3,1.1402,2.4844
8,1,3,3,2,4,3,4,1,2,1.1045,1.7602
8,1,3,3,3,4,3,4,1,3,1.4654,2.5059
8,1,3,3,4,3,4,3,1,4,1.445,1.9726
8,1,3,3,5,4,3,4,1,2,1.4936,2.2137
8,1,3,3,6,4,3,3,0,1,1.5967,2.7323
8,1,3,3,7,3,4,3,1,4,1.0064,1.3589
8,1,3,3,8,4,3,4,1,3,1.2412,2.2491
8,1,3,3,9,4,3,3,0,4,1.3431,2.0787
8,1,3,3,10,3,4,3,1,4,0.8756,1.2755
8,1,3,3,11,3,4,3,1,3,0.9371,1.257
8,1,3,3,12,4,3,4,1,4,0.9838,1.3015
8,1,3,3,13,3,4,3,1,4,0.9959,1.3318
8,1,3,3,14,4,3,4,1,3,1.3911,2.0468
8,1,3,3,15,4,3,4,1,4,1.1169,1.4376
8,1,3,3,16,3,4,3,1,4,0.9161,1.3955
8,1,3,3,17,4,3,4,1,3,1.0199,1.6763
8,1,3,3,18,3,4,3,1,4,1.1452,1.785
8,1,3,3,19,3,4,3,1,4,0.9296,1.4412
8,1,3,3,20,4,3,4,1,4,1.0481,1.3684
8,1,3,3,21,4,3,4,1,1,3.0257,3.337
8,1,3,3,22,3,4,3,1,3,1.2425,1.5622
8,1,3,3,23,4,3,4,1,4,1.0682,1.5804
8,1,3,3,24,4,3,4,1,2,1.3421,1.8052
8,1,3,3,25,4,3,4,1,2,0.9011,1.2846
8,1,3,3,26,3,4,3,1,3,1.0257,1.6503
8,1,3,3,27,4,3,4,1,3,1.279,1.8229
8,1,3,3,28,4,3,4,1,3,1.2707,1.585
8,1,3,3,29,3,4,3,1,4,1.1742,1.9098
8,1,3,3,30,3,4,3,1,4,1.386,2.1214
8,1,3,3,31,3,4,3,1,3,1.4448,1.8285
8,1,3,3,32,3,4,3,1,2,1.3713,2.267
8,1,3,3,33,3,4,3,1,4,0.9434,1.359
8,1,3,3,34,3,4,3,1,4,1.7852,2.3137
8,1,3,3,35,3,4,3,1,4,1.676,2.0599
8,2,1,3,1,1,4,1,1,2,3.2243,3.6724
8,2,1,3,2,1,4,1,1,2,0.851,1.1713
8,2,1,3,3,1,4,1,1,3,1.3326,1.7325
8,2,1,3,4,1,4,1,1,3,1.0716,1.6481
8,2,1,3,5,1,4,1,1,2,1.6624,2.2065
8,2,1,3,6,1,4,4,0,1,1.0939,1.8301
8,2,1,3,7,1,4,1,1,3,1.3411,2.0449
8,2,1,3,8,1,4,1,1,2,1.0191,1.7224
8,2,1,3,9,1,4,1,1,4,1.4939,1.802
8,2,1,3,10,1,4,1,1,1,1.2293,1.693
8,2,1,3,11,4,1,4,1,2,1.0977,1.8502
8,2,1,3,12,1,4,1,1,3,1.4712,2.128
8,2,1,3,13,4,1,1,0,2,1.1779,1.8827
8,2,1,3,14,1,4,1,1,4,1.3753,2.2716
8,2,1,3,15,1,4,4,0,2,1.1871,1.9712
8,2,1,3,16,4,1,4,1,3,1.1724,1.8929
8,2,1,3,17,1,4,1,1,2,1.2732,2.1052
8,2,1,3,18,1,4,1,1,2,1.1084,1.5882
8,2,1,3,19,4,1,4,1,4,0.8845,1.2012
8,2,1,3,20,1,4,1,1,4,0.9649,1.2848
8,2,1,3,21,4,1,4,1,3,0.8502,1.2658
8,2,1,3,22,1,4,1,1,3,0.8158,1.9359
8,2,1,3,23,4,1,4,1,3,1.0096,1.7617
8,2,1,3,24,1,4,1,1,4,0.8276,1.1514
8,2,1,3,25,1,4,1,1,1,1.4855,1.8375
8,2,1,3,26,1,4,4,0,3,0.9318,1.6364
8,2,1,3,27,1,4,4,0,1,2.3226,3.6347
8,2,1,3,28,4,1,4,1,2,1.312,1.6957
8,2,1,3,29,1,4,1,1,3,0.8924,1.4201
8,2,1,3,30,4,1,4,1,4,0.8996,1.2677
8,2,1,3,31,4,1,4,1,3,0.9131,1.681
8,2,1,3,32,4,1,4,1,4,1.0066,1.9821
8,2,1,3,33,4,1,4,1,3,0.8791,1.4712
8,2,1,3,34,1,4,1,1,4,1.5567,2.0524
8,2,1,3,35,4,1,4,1,2,1.0887,1.7127
8,2,2,1,1,4,,2,0,3,1.7632,2.7076
8,2,2,1,2,2,,2,1,3,0.9182,1.3665
8,2,2,1,3,2,,2,1,3,1.6642,2.4317
8,2,2,1,4,2,,3,0,2,1.5821,2.8619
8,2,2,1,5,1,,1,1,1,1.5311,2.1863
8,2,2,1,6,1,,1,1,2,2.3229,3.2505
8,2,2,1,7,1,,1,1,1,1.9194,2.3191
8,2,2,1,8,4,,2,0,2,1.3936,2.0974
8,2,2,1,9,1,,1,1,3,1.9019,2.7179
8,2,2,1,10,1,,3,0,2,1.4079,1.7277
8,2,2,1,11,4,,4,1,1,1.1312,1.5154
8,2,2,1,12,2,,2,1,3,1.167,1.6147
8,2,2,1,13,4,,2,0,1,3.0232,3.631
8,2,2,1,14,1,,3,0,2,1.5322,1.8521
8,2,2,1,15,4,,4,1,2,1.7129,2.0357
8,2,2,1,16,4,,2,0,2,1.1355,1.4515
8,2,2,1,17,1,,3,0,2,2.2608,2.6929
8,2,2,1,18,4,,4,1,2,1.8485,2.648
8,2,2,1,19,4,,4,1,3,1.3416,1.8216
8,2,2,1,20,1,,2,0,2,1.9251,2.6286
8,2,2,1,21,2,,3,0,3,1.1625,1.485
8,2,2,1,22,1,,1,1,1,2.4789,2.8477
8,2,2,1,23,3,,4,0,1,1.4844,4.2371
8,2,2,1,24,2,,2,1,2,1.3126,2.3037
8,2,2,1,25,2,,2,1,2,1.1557,2.0191
8,2,2,1,26,4,,4,1,1,1.9385,2.69
8,2,2,1,27,4,,2,0,1,2.2459,2.7573
8,2,2,1,28,3,,3,1,3,1.2697,2.038
8,2,2,1,29,4,,2,0,2,1.3802,1.9084
8,2,2,1,30,2,,3,0,2,2.1996,2.6959
8,2,2,1,31,1,,1,1,3,1.2753,1.5851
8,2,2,1,32,3,,3,1,2,2.6995,3.1311
8,2,2,1,33,4,,2,0,1,1.9484,2.2693
8,2,2,1,34,4,,2,0,3,2.321,3.0409
8,2,2,1,35,1,,3,0,2,2.4377,2.9504
8,2,3,2,1,1,2,1,1,2,1.4135,1.9893
8,2,3,2,2,3,2,3,1,3,1.8782,2.5179
8,2,3,2,3,2,3,2,1,2,1.2321,1.8236
8,2,3,2,4,2,1,2,1,4,1.4788,1.8311
8,2,3,2,5,1,4,1,1,4,1.8384,2.4298
8,2,3,2,6,4,1,4,1,2,1.3087,1.9482
8,2,3,2,7,4,1,1,0,1,2.9903,3.3586
8,2,3,2,8,3,1,3,1,4,1.3029,2.4543
8,2,3,2,9,2,1,2,1,3,1.4914,2.3073
8,2,3,2,10,4,2,4,1,2,2.8867,3.4148
8,2,3,2,11,2,4,2,1,4,1.3568,1.6684
8,2,3,2,12,3,2,2,0,3,3.3541,4.1057
8,2,3,2,13,2,4,2,1,4,1.1548,1.859
8,2,3,2,14,2,1,2,1,2,2.4406,3.2566
8,2,3,2,15,1,3,1,1,3,1.5727,2.1483
8,2,3,2,16,4,1,4,1,4,1.1345,2.2385
8,2,3,2,17,3,2,3,1,4,1.1728,1.4849
8,2,3,2,18,2,4,2,1,4,1.2408,1.5607
8,2,3,2,19,3,4,4,0,1,6.2031,7.0674
8,2,3,2,20,1,4,1,1,2,2.9707,3.4671
8,2,3,2,21,3,4,3,1,3,2.1267,2.8624
8,2,3,2,22,1,2,1,1,4,1.4834,2.2195
8,2,3,2,23,4,1,1,0,3,2.9299,3.3297
8,2,3,2,24,1,4,1,1,3,2.3632,3.035
8,2,3,2,25,3,2,3,1,3,1.7281,3.1044
8,2,3,2,26,3,2,2,0,2,3.0908,3.4038
8,2,3,2,27,2,4,2,1,4,1.1767,1.7363
8,2,3,2,28,1,3,1,1,3,1.5545,2.2269
8,2,3,2,29,3,4,3,1,2,2.1054,2.8417
8,2,3,2,30,3,1,3,1,3,1.4948,2.1987
8,2,3,2,31,4,3,3,0,3,1.5828,1.9343
8,2,3,2,32,2,4,2,1,4,1.1524,1.8086
8,2,3,2,33,4,3,3,0,3,2.4402,2.7532
8,2,3,2,34,2,1,2,1,3,2.1198,3.0158
8,2,3,2,35,3,2,2,0,2,1.5506,1.8689
8,3,1,1,1,2,,2,1,2,1.4868,1.8021
8,3,1,1,2,1,,1,1,3,1.1427,1.4515
8,3,1,1,3,1,,1,1,2,2.5564,2.8769
8,3,1,1,4,3,,3,1,4,1.673,2.2642
8,3,1,1,5,1,,1,1,2,1.2618,1.9021
8,3,1,1,6,4,,4,1,3,1.6974,2.0191
8,3,1,1,7,1,,3,0,2,2.6877,3.1362
8,3,1,1,8,4,,1,0,2,3.313,3.8571
8,3,1,1,9,4,,4,1,1,2.5163,2.9
8,3,1,1,10,1,,2,0,2,4.3833,4.7055
8,3,1,1,11,2,,2,1,2,1.1513,1.6312
8,3,1,1,12,2,,2,1,3,1.1827,1.5028
8,3,1,1,13,4,,4,1,2,1.7624,2.8343
8,3,1,1,14,4,,1,0,1,5.3927,5.7063
8,3,1,1,15,3,,3,1,2,1.4471,1.7687
8,3,1,1,16,2,,3,0,3,2.096,2.5122
8,3,1,1,17,4,,4,1,1,1.3549,1.6687
8,3,1,1,18,1,,1,1,2,1.4637,2.1356
8,3,1,1,19,2,,2,1,3,1.4583,2.3537
8,3,1,1,20,1,,1,1,2,1.4116,1.8433
8,3,1,1,21,2,,2,1,3,1.1775,1.4851
8,3,1,1,22,1,,1,1,3,1.1979,1.5818
8,3,1,1,23,3,,3,1,4,1.7595,2.2878
8,3,1,1,24,2,,2,1,4,1.0914,1.4017
8,3,1,1,25,2,,2,1,4,1.0189,1.3348
8,3,1,1,26,3,,4,0,1,1.1414,3.1093
8,3,1,1,27,4,,2,0,4,1.5748,2.1995
8,3,1,1,28,2,,2,1,2,1.2791,2.0149
8,3,1,1,29,4,,4,1,2,2.2224,2.5363
8,3,1,1,30,4,,2,0,2,2.9997,3.912
8,3,1,1,31,2,,2,1,1,1.6416,2.2489
8,3,1,1,32,3,,3,1,3,1.7109,2.0189
8,3,1,1,33,2,,2,1,3,1.4688,3.1329
8,3,1,1,34,3,,3,1,3,1.6313,1.9523
8,3,1,1,35,2,,2,1,2,1.6165,1.9356
8,3,2,3,1,2,4,2,1,4,1.2416,1.7855
8,3,2,3,2,4,2,4,1,3,0.962,1.4576
8,3,2,3,3,2,4,2,1,2,1.0156,1.4797
8,3,2,3,4,4,2,4,1,4,0.8128,1.1349
8,3,2,3,5,2,4,2,1,3,0.7841,1.1014
8,3,2,3,6,4,2,4,1,4,0.8042,1.1178
8,3,2,3,7,4,2,4,1,3,1.0152,1.3676
8,3,2,3,8,2,4,2,1,4,0.8492,1.1681
8,3,2,3,9,4,2,4,1,1,1.8417,2.1624
8,3,2,3,10,4,2,2,0,2,1.3233,1.8514
8,3,2,3,11,4,2,4,1,1,1.7285,2.1764
8,3,2,3,12,4,2,2,0,3,1.4167,2.0888
8,3,2,3,13,4,2,2,0,3,1.5085,2.4852
8,3,2,3,14,2,4,2,1,3,1.0086,1.3442
8,3,2,3,15,4,2,4,1,3,1.3551,1.9952
8,3,2,3,16,4,2,4,1,2,1.2915,1.7553
8,3,2,3,17,2,4,2,1,4,1.0289,1.3514
8,3,2,3,18,2,4,2,1,4,0.991,1.3013
8,3,2,3,19,4,2,4,1,3,1.2273,1.6917
8,3,2,3,20,4,2,4,1,1,1.7199,2.4086
8,3,2,3,21,2,4,2,1,4,0.9032,1.7512
8,3,2,3,22,4,2,4,1,2,2.0812,2.5124
8,3,2,3,23,2,4,2,1,2,1.052,1.5161
8,3,2,3,24,4,2,4,1,2,1.2959,1.808
8,3,2,3,25,4,2,4,1,3,2.0071,2.3194
8,3,2,3,26,4,2,2,0,3,1.3216,1.6899
8,3,2,3,27,4,2,2,0,2,1.4467,1.9903
8,3,2,3,28,2,4,2,1,4,0.9826,1.3016
8,3,2,3,29,2,4,2,1,4,0.8655,1.1846
8,3,2,3,30,2,4,2,1,4,0.8508,1.168
8,3,2,3,31,2,4,2,1,4,0.8359,1.1514
8,3,2,3,32,2,4,2,1,4,0.8381,1.1512
8,3,2,3,33,2,4,2,1,4,0.7758,1.0847
8,3,2,3,34,4,2,2,0,3,0.9253,1.6775
8,3,2,3,35,4,2,2,0,2,1.1304,1.4984
8,3,3,2,1,4,1,4,1,2,1.4133,1.9253
8,3,3,2,2,3,1,3,1,3,1.9126,2.236
8,3,3,2,3,2,3,2,1,3,1.4866,3.1506
8,3,3,2,4,3,1,3,1,3,1.3905,1.7743
8,3,3,2,5,4,3,4,1,2,2.0394,2.3527
8,3,3,2,6,1,2,2,0,2,2.649,2.9701
8,3,3,2,7,2,3,2,1,3,1.6487,1.9848
8,3,3,2,8,1,3,3,0,3,2.2724,2.5863
8,3,3,2,9,1,2,1,1,2,1.4632,2.3112
8,3,3,2,10,3,1,3,1,2,1.5949,1.9626
8,3,3,2,11,3,2,3,1,3,1.356,1.6687
8,3,3,2,12,3,4,3,1,4,2.2171,6.985
8,3,3,2,13,1,3,1,1,3,1.7084,2.0189
8,3,3,2,14,4,1,1,0,2,2.6356,2.9534
8,3,3,2,15,1,2,1,1,3,2.0986,2.6109
8,3,3,2,16,4,2,4,1,2,2.5857,2.9034
8,3,3,2,17,3,4,3,1,2,1.9556,2.4197
8,3,3,2,18,4,2,2,0,4,2.274,2.7538
8,3,3,2,19,2,3,2,1,4,1.5382,1.8523
8,3,3,2,20,3,2,2,0,2,3.0318,3.3681
8,3,3,2,21,4,2,4,1,2,2.0153,2.8636
8,3,3,2,22,3,4,3,1,4,1.3079,1.7563
8,3,3,2,23,3,4,3,1,3,1.862,2.6298
8,3,3,2,24,3,1,1,0,1,1.9959,2.572
8,3,3,2,25,3,4,3,1,2,2.98,3.3635
8,3,3,2,26,2,1,2,1,3,1.4996,1.8187
8,3,3,2,27,4,1,1,0,4,2.515,2.8367
8,3,3,2,28,4,1,4,1,4,1.6472,2.0148
8,3,3,2,29,1,4,1,1,3,1.8074,2.1191
8,3,3,2,30,2,3,2,1,2,1.2104,1.6104
8,3,3,2,31,1,4,1,1,1,4.0416,5.0344
8,3,3,2,32,3,2,3,1,2,1.5813,1.9021
8,3,3,2,33,3,2,3,1,3,2.0173,2.3371
8,3,3,2,34,3,4,3,1,4,1.4264,2.9631
8,3,3,2,35,2,3,2,1,3,1.5316,1.8834
8,4,1,1,1,4,,3,0,2,2.3753,2.7277
8,4,1,1,2,3,,3,1,4,1.4654,1.7855
8,4,1,1,3,1,,1,1,3,1.426,1.7352
8,4,1,1,4,1,,2,0,2,1.5645,1.9167
8,4,1,1,5,2,,2,1,4,1.1034,1.4184
8,4,1,1,6,1,,1,1,2,2.1824,2.5508
8,4,1,1,7,3,,3,1,4,1.3121,2.7676
8,4,1,1,8,2,,2,1,3,1.4877,1.8399
8,4,1,1,9,1,,1,1,3,1.11,1.4296
8,4,1,1,10,3,,3,1,3,1.261,1.5811
8,4,1,1,11,1,,2,0,3,1.5822,2.0787
8,4,1,1,12,2,,2,1,4,1.4352,1.9794
8,4,1,1,13,4,,4,1,2,2.156,2.6042
8,4,1,1,14,3,,1,0,2,1.8589,2.1789
8,4,1,1,15,4,,4,1,2,1.8833,2.2027
8,4,1,1,16,3,,3,1,2,2.6746,3.0908
8,4,1,1,17,4,,4,1,4,1.7341,2.0523
8,4,1,1,18,4,,1,0,1,2.1788,3.1551
8,4,1,1,19,3,,3,1,4,1.6675,2.0835
8,4,1,1,20,1,,1,1,3,1.6803,2.0638
8,4,1,1,21,2,,2,1,2,1.2615,1.8369
8,4,1,1,22,1,,1,1,3,1.3634,2.9635
8,4,1,1,23,1,,1,1,4,1.3081,1.6602
8,4,1,1,24,2,,2,1,4,1.13,1.4976
8,4,1,1,25,2,,2,1,4,0.9905,1.327
8,4,1,1,26,4,,4,1,2,1.3703,1.8983
8,4,1,1,27,2,,2,1,3,1.0706,1.385
8,4,1,1,28,1,,1,1,3,1.0791,1.4016
8,4,1,1,29,2,,2,1,4,1.0075,1.3591
8,4,1,1,30,3,,3,1,4,2.0258,2.3775
8,4,1,1,31,3,,3,1,4,1.4342,1.85
8,4,1,1,32,1,,1,1,2,1.2632,1.8237
8,4,1,1,33,4,,4,1,2,1.2545,1.6388
8,4,1,1,34,4,,3,0,1,2.5966,3.765
8,4,1,1,35,4,,4,1,2,1.7406,2.0525
8,4,2,2,1,4,2,4,1,2,3.0244,3.9688
8,4,2,2,2,4,1,4,1,1,1.3122,1.904
8,4,2,2,3,4,2,4,1,1,1.7799,2.8994
8,4,2,2,4,4,2,4,1,1,1.3106,1.6782
8,4,2,2,5,3,2,3,1,3,1.8517,2.3153
8,4,2,2,6,4,3,3,0,1,4.015,4.3511
8,4,2,2,7,2,3,2,1,2,1.278,1.7427
8,4,2,2,8,4,3,3,0,3,2.3611,2.8091
8,4,2,2,9,1,3,1,1,2,2.3752,2.6864
8,4,2,2,10,3,2,2,0,3,2.0588,2.5546
8,4,2,2,11,3,2,3,1,4,1.5716,1.8856
8,4,2,2,12,4,1,4,1,4,1.2553,1.6238
8,4,2,2,13,1,4,1,1,2,1.6708,2.4711
8,4,2,2,14,1,4,1,1,3,1.1074,1.475
8,4,2,2,15,3,2,3,1,1,2.1204,2.8248
8,4,2,2,16,2,4,2,1,4,1.3029,1.6185
8,4,2,2,17,2,3,2,1,4,0.9808,1.3015
8,4,2,2,18,3,2,3,1,3,1.3618,1.7774
8,4,2,2,19,4,2,4,1,2,1.9787,2.8583
8,4,2,2,20,2,1,2,1,3,1.0953,1.879
8,4,2,2,21,4,3,4,1,3,1.18,1.5018
8,4,2,2,22,1,3,1,1,3,1.3917,1.9038
8,4,2,2,23,4,3,4,1,1,2.9311,3.2539
8,4,2,2,24,3,1,1,0,4,3.3274,3.7436
8,4,2,2,25,1,3,1,1,3,1.6395,1.9523
8,4,2,2,26,4,2,2,0,3,2.8091,3.2247
8,4,2,2,27,2,4,2,1,4,1.0944,1.4183
8,4,2,2,28,3,1,3,1,3,1.4536,2.3821
8,4,2,2,29,2,4,2,1,3,1.2619,2.2386
8,4,2,2,30,3,2,3,1,4,1.2044,3.0446
8,4,2,2,31,4,1,1,0,1,2.7768,3.2249
8,4,2,2,32,4,3,3,0,3,2.3588,2.9348
8,4,2,2,33,2,4,2,1,4,1.1996,1.936
8,4,2,2,34,2,1,2,1,4,1.4741,1.9381
8,4,2,2,35,4,2,2,0,3,1.8597,2.3562
8,4,3,3,1,1,2,1,1,4,1.2439,1.6116
8,4,3,3,2,1,2,2,0,3,0.9074,1.3402
8,4,3,3,3,2,1,2,1,4,0.8864,1.2386
8,4,3,3,4,2,1,2,1,4,0.7254,1.0344
8,4,3,3,5,2,1,2,1,2,0.8444,1.2451
8,4,3,3,6,2,1,2,1,3,1.0038,1.5958
8,4,3,3,7,2,1,2,1,2,0.9246,1.4199
8,4,3,3,8,1,2,1,1,4,0.9321,1.2515
8,4,3,3,9,2,1,2,1,3,0.8184,1.2339
8,4,3,3,10,1,2,1,1,1,1.0573,1.4573
8,4,3,3,11,1,2,2,0,2,1.1109,1.783
8,4,3,3,12,1,2,1,1,3,1.0713,1.3849
8,4,3,3,13,2,1,2,1,4,0.9838,1.4804
8,4,3,3,14,1,2,1,1,3,0.9893,1.3416
8,4,3,3,15,1,2,1,1,3,0.9205,1.2404
8,4,3,3,16,1,2,1,1,1,1.2876,1.6713
8,4,3,3,17,1,2,2,0,2,0.8045,1.1181
8,4,3,3,18,2,1,2,1,2,0.8083,1.2407
8,4,3,3,19,1,2,1,1,1,1.2707,1.7825
8,4,3,3,20,1,2,1,1,2,1.5352,2.2077
8,4,3,3,21,1,2,2,0,3,1.111,1.5592
8,4,3,3,22,2,1,2,1,4,1.0488,1.6411
8,4,3,3,23,1,2,1,1,1,1.3353,1.7836
8,4,3,3,24,1,2,1,1,2,1.6319,2.032
8,4,3,3,25,1,2,1,1,4,1.1669,1.4851
8,4,3,3,26,2,1,2,1,4,0.8671,1.2028
8,4,3,3,27,2,1,2,1,4,0.9791,1.3016
8,4,3,3,28,2,1,2,1,4,0.9754,1.285
8,4,3,3,29,2,1,2,1,4,0.8111,1.1347
8,4,3,3,30,1,2,1,1,3,0.7982,1.1506
8,4,3,3,31,2,1,2,1,4,0.8323,1.1514
8,4,3,3,32,2,1,2,1,4,0.9153,1.2347
8,4,3,3,33,1,2,1,1,4,0.8822,1.2014
8,4,3,3,34,2,1,2,1,4,0.8822,1.2014
8,4,3,3,35,1,2,2,0,1,0.8499,1.8261
8,5,1,2,1,2,4,2,1,4,0.9665,1.3029
8,5,1,2,2,2,1,2,1,4,0.7554,1.3632
8,5,1,2,3,3,4,3,1,4,1.4051,1.8057
8,5,1,2,4,3,1,3,1,4,0.9808,1.3495
8,5,1,2,5,2,1,2,1,4,0.9755,1.3923
8,5,1,2,6,1,3,1,1,4,1.0812,1.4018
8,5,1,2,7,2,1,2,1,4,2.0962,2.4194
8,5,1,2,8,1,2,1,1,4,1.1983,1.5184
8,5,1,2,9,2,1,2,1,3,0.9617,1.4735
8,5,1,2,10,2,1,2,1,4,1.319,1.7196
8,5,1,2,11,2,1,2,1,4,0.8664,1.1848
8,5,1,2,12,2,1,2,1,4,1.1389,1.4519
8,5,1,2,13,4,1,4,1,1,1.705,2.1216
8,5,1,2,14,2,3,2,1,3,1.0281,1.588
8,5,1,2,15,3,2,3,1,4,1.2689,1.8929
8,5,1,2,16,4,1,4,1,2,1.3204,1.9288
8,5,1,2,17,2,3,2,1,3,1.0196,1.3721
8,5,1,2,18,4,1,4,1,2,1.8289,2.4369
8,5,1,2,19,4,2,4,1,3,1.4748,1.7854
8,5,1,2,20,4,1,1,0,4,2.2671,3.019
8,5,1,2,21,3,2,3,1,3,2.0809,2.4807
8,5,1,2,22,1,2,2,0,3,1.5006,2.2686
8,5,1,2,23,3,4,3,1,4,1.362,1.7136
8,5,1,2,24,2,3,2,1,3,1.293,2.5416
8,5,1,2,25,1,3,1,1,1,2.7269,3.0468
8,5,1,2,26,1,2,2,0,3,2.4759,2.8278
8,5,1,2,27,1,4,1,1,2,2.89,3.2573
8,5,1,2,28,4,1,1,0,3,2.1019,2.6296
8,5,1,2,29,4,1,1,0,2,2.5392,2.9234
8,5,1,2,30,1,3,3,0,2,1.701,2.0191
8,5,1,2,31,4,1,4,1,2,2.4838,3.076
8,5,1,2,32,3,1,3,1,3,1.4151,1.9433
8,5,1,2,33,1,4,1,1,4,3.0333,3.3694
8,5,1,2,34,1,3,1,1,4,1.0725,1.3928
8,5,1,2,35,4,1,1,0,4,2.8896,3.2038
8,5,2,3,1,1,3,3,0,2,1.0704,1.5505
8,5,2,3,2,1,3,1,1,2,1.5524,1.9528
8,5,2,3,3,3,1,3,1,2,0.9941,1.3143
8,5,2,3,4,1,3,3,0,3,1.71,2.019
8,5,2,3,5,1,3,1,1,3,1.4197,1.8684
8,5,2,3,6,3,1,3,1,3,0.9454,1.2682
8,5,2,3,7,3,1,3,1,4,0.8143,1.1345
8,5,2,3,8,3,1,3,1,4,1.1368,1.4518
8,5,2,3,9,3,1,3,1,4,0.7277,1.0513
8,5,2,3,10,3,1,3,1,4,0.6375,0.9511
8,5,2,3,11,1,3,1,1,3,0.9197,1.3511
8,5,2,3,12,1,3,1,1,2,1.5374,1.8523
8,5,2,3,13,1,3,1,1,2,1.3355,1.7995
8,5,2,3,14,1,3,3,0,3,1.0237,1.6958
8,5,2,3,15,3,1,3,1,3,1.0207,1.335
8,5,2,3,16,3,1,3,1,2,1.0308,1.3667
8,5,2,3,17,3,1,3,1,4,0.961,1.4242
8,5,2,3,18,3,1,3,1,2,2.2001,3.1276
8,5,2,3,19,1,3,1,1,1,1.2255,1.5352
8,5,2,3,20,1,3,1,1,4,0.9566,1.268
8,5,2,3,21,1,3,1,1,2,1.0486,1.5453
8,5,2,3,22,3,1,3,1,4,0.8277,1.1959
8,5,2,3,23,1,3,1,1,2,1.4849,1.9808
8,5,2,3,24,1,3,1,1,4,0.9097,1.2183
8,5,2,3,25,3,1,3,1,2,1.0373,1.4217
8,5,2,3,26,1,3,3,0,3,1.4604,2.3722
8,5,2,3,27,1,3,3,0,3,1.5093,1.8773
8,5,2,3,28,1,3,1,1,3,1.258,1.5784
8,5,2,3,29,3,1,3,1,2,1.0353,1.3872
8,5,2,3,30,1,3,1,1,4,1.428,1.7521
8,5,2,3,31,1,3,1,1,2,2.5091,3.341
8,5,2,3,32,3,1,3,1,3,1.8618,2.186
8,5,2,3,33,3,1,3,1,1,1.0697,1.4052
8,5,2,3,34,3,1,3,1,4,0.9494,1.2682
8,5,2,3,35,3,1,3,1,3,1.5384,2.1628
8,5,3,1,1,4,,3,0,3,1.3946,1.9062
8,5,3,1,2,4,,2,0,3,1.0624,1.3986
8,5,3,1,3,3,,3,1,2,1.1031,1.6307
8,5,3,1,4,4,,4,1,1,1.3743,2.4459
8,5,3,1,5,3,,3,1,4,1.0683,1.3849
8,5,3,1,6,3,,2,0,2,1.5406,2.1967
8,5,3,1,7,4,,2,0,2,1.6127,1.981
8,5,3,1,8,4,,2,0,1,3.1336,3.6937
8,5,3,1,9,1,,1,1,2,1.191,1.5749
8,5,3,1,10,1,,2,0,3,1.0801,1.5126
8,5,3,1,11,3,,2,0,3,1.3566,1.7883
8,5,3,1,12,2,,2,1,4,0.917,1.4284
8,5,3,1,13,3,,3,1,3,1.6281,1.9961
8,5,3,1,14,1,,1,1,2,1.7244,2.0358
8,5,3,1,15,1,,1,1,2,1.7704,2.0898
8,5,3,1,16,4,,4,1,4,1.1743,1.4851
8,5,3,1,17,1,,2,0,3,2.3151,3.4665
8,5,3,1,18,4,,4,1,2,1.1505,1.8545
8,5,3,1,19,2,,2,1,3,2.6923,3.0127
8,5,3,1,20,3,,3,1,2,1.6907,2.155
8,5,3,1,21,2,,2,1,4,1.4441,1.7689
8,5,3,1,22,1,,3,0,1,1.7095,2.2372
8,5,3,1,23,2,,2,1,4,1.5386,1.8753
8,5,3,1,24,1,,1,1,3,1.4319,1.7839
8,5,3,1,25,1,,1,1,1,1.5359,2.1438
8,5,3,1,26,1,,3,0,1,1.6585,2.0104
8,5,3,1,27,2,,2,1,2,1.3535,1.6687
8,5,3,1,28,2,,2,1,3,0.9986,1.3984
8,5,3,1,29,1,,3,0,1,1.5839,1.9022
8,5,3,1,30,1,,1,1,4,1.5394,1.8753
8,5,3,1,31,2,,3,0,1,2.4562,2.7762
8,5,3,1,32,4,,4,1,2,2.2001,2.6161
8,5,3,1,33,1,,2,0,2,1.8699,2.1899
8,5,3,1,34,1,,1,1,2,1.6057,1.919
8,5,3,1,35,1,,2,0,3,2.1852,2.503
8,6,1,3,1,2,3,2,1,2,1.177,1.4849
8,6,1,3,2,3,2,3,1,2,1.6938,2.622
8,6,1,3,3,3,2,3,1,1,1.476,1.8759
8,6,1,3,4,2,3,2,1,4,1.3209,1.6351
8,6,1,3,5,3,2,3,1,2,1.239,1.552
8,6,1,3,6,3,2,3,1,2,1.4328,1.7847
8,6,1,3,7,3,2,3,1,3,1.3127,2.2091
8,6,1,3,8,3,2,3,1,3,0.9843,1.3015
8,6,1,3,9,3,2,3,1,4,1.0288,1.9407
8,6,1,3,10,3,2,3,1,3,1.3026,1.735
8,6,1,3,11,3,2,3,1,2,1.0892,1.5369
8,6,1,3,12,2,3,2,1,3,1.1233,1.6674
8,6,1,3,13,3,2,3,1,4,1.0727,1.3849
8,6,1,3,14,3,2,3,1,3,1.354,1.7855
8,6,1,3,15,3,2,2,0,3,1.3299,1.9217
8,6,1,3,16,2,3,2,1,4,1.0445,1.3683
8,6,1,3,17,2,3,2,1,4,0.926,1.2346
8,6,1,3,18,3,2,2,0,4,1.0527,1.3684
8,6,1,3,19,3,2,3,1,2,1.1578,1.5737
8,6,1,3,20,3,2,3,1,3,1.5437,1.9272
8,6,1,3,21,3,2,3,1,2,1.3383,1.8821
8,6,1,3,22,3,2,3,1,3,1.1667,1.5672
8,6,1,3,23,2,3,2,1,4,1.0566,1.3683
8,6,1,3,24,3,2,3,1,4,1.2899,1.642
8,6,1,3,25,3,2,3,1,2,1.3366,1.7687
8,6,1,3,26,2,3,2,1,3,1.1378,1.4894
8,6,1,3,27,3,2,3,1,4,1.0623,1.3851
8,6,1,3,28,2,3,2,1,4,1.1031,1.4184
8,6,1,3,29,3,2,2,0,4,1.0305,1.3518
8,6,1,3,30,3,2,2,0,4,1.8405,2.1926
8,6,1,3,31,3,2,3,1,4,1.0325,1.3526
8,6,1,3,32,3,2,3,1,4,1.4105,1.7186
8,6,1,3,33,2,3,3,0,4,1.614,1.9359
8,6,1,3,34,3,2,3,1,4,1.0714,1.3851
8,6,1,3,35,3,2,2,0,2,1.5608,1.8688
8,6,2,2,1,3,1,3,1,3,1.5239,1.9399
8,6,2,2,2,1,4,1,1,3,1.4787,1.8021
8,6,2,2,3,4,3,4,1,2,1.6623,1.9984
8,6,2,2,4,1,2,2,0,3,2.5587,2.8782
8,6,2,2,5,2,1,2,1,4,1.2097,1.5186
8,6,2,2,6,1,2,1,1,3,1.1972,1.5185
8,6,2,2,7,4,3,3,0,2,2.7689,3.0868
8,6,2,2,8,4,2,2,0,3,2.196,2.5194
8,6,2,2,9,2,3,2,1,2,1.4376,1.7735
8,6,2,2,10,1,3,1,1,3,2.5186,2.8868
8,6,2,2,11,2,3,2,1,3,1.4098,1.7186
8,6,2,2,12,3,1,3,1,4,1.5493,1.9493
8,6,2,2,13,1,4,1,1,4,2.2234,3.2158
8,6,2,2,14,2,4,2,1,4,1.2612,1.7893
8,6,2,2,15,3,4,3,1,3,1.462,1.7977
8,6,2,2,16,3,1,3,1,4,1.0065,1.3904
8,6,2,2,17,1,2,1,1,4,1.2706,1.5906
8,6,2,2,18,1,2,1,1,4,1.1277,1.4519
8,6,2,2,19,1,4,1,1,4,1.9819,2.3028
8,6,2,2,20,1,3,3,0,2,1.841,2.1524
8,6,2,2,21,1,3,3,0,1,1.9145,2.2359
8,6,2,2,22,4,3,3,0,3,1.4239,1.7353
8,6,2,2,23,2,3,2,1,3,0.9868,1.4822
8,6,2,2,24,1,4,1,1,4,1.0238,1.3351
8,6,2,2,25,3,2,3,1,4,1.7706,2.0857
8,6,2,2,26,3,1,3,1,2,1.9108,2.2782
8,6,2,2,27,2,1,2,1,3,2.2035,3.2912
8,6,2,2,28,4,2,4,1,1,1.3976,1.9417
8,6,2,2,29,4,1,4,1,4,1.1588,2.279
8,6,2,2,30,3,4,3,1,4,1.3874,1.8038
8,6,2,2,31,1,4,1,1,4,1.1229,1.4351
8,6,2,2,32,1,4,1,1,3,2.409,2.9379
8,6,2,2,33,2,1,2,1,3,1.0586,1.3683
8,6,2,2,34,3,1,3,1,4,1.0362,1.4684
8,6,2,2,35,3,1,3,1,2,1.8091,2.2894
8,6,3,1,1,2,,2,1,3,1.0363,1.4837
8,6,3,1,2,4,,4,1,2,1.1526,1.5364
8,6,3,1,3,3,,3,1,4,1.0594,1.7476
8,6,3,1,4,1,,2,0,2,1.55,1.9981
8,6,3,1,5,4,,3,0,2,1.63,1.9524
8,6,3,1,6,4,,4,1,3,1.807,2.3674
8,6,3,1,7,1,,1,1,3,1.2638,1.7919
8,6,3,1,8,3,,2,0,1,1.2564,2.2161
8,6,3,1,9,1,,1,1,4,1.0073,1.3184
8,6,3,1,10,4,,3,0,4,1.0029,1.4991
8,6,3,1,11,2,,2,1,2,1.0079,1.3598
8,6,3,1,12,2,,2,1,3,0.938,1.3213
8,6,3,1,13,4,,2,0,3,0.9814,1.6211
8,6,3,1,14,3,,3,1,4,1.5085,1.844
8,6,3,1,15,4,,2,0,2,1.2588,1.835
8,6,3,1,16,3,,3,1,4,1.3932,1.8252
8,6,3,1,17,4,,2,0,4,1.1445,1.4686
8,6,3,1,18,1,,1,1,4,1.0377,1.3517
8,6,3,1,19,4,,2,0,3,1.2707,1.8307
8,6,3,1,20,4,,4,1,4,1.1979,1.694
8,6,3,1,21,1,,2,0,4,1.0827,1.5146
8,6,3,1,22,4,,3,0,2,2.0622,2.3693
8,6,3,1,23,4,,3,0,2,1.135,1.4517
8,6,3,1,24,4,,2,0,1,1.237,1.552
8,6,3,1,25,2,,2,1,3,0.9507,1.2682
8,6,3,1,26,4,,4,1,3,1.1883,2.2125
8,6,3,1,27,2,,2,1,3,0.8758,1.2439
8,6,3,1,28,2,,2,1,3,1.2588,1.6263
8,6,3,1,29,2,,2,1,3,1.4339,1.752
8,6,3,1,30,4,,4,1,3,1.2835,1.8118
8,6,3,1,31,2,,2,1,2,1.8673,2.5711
8,6,3,1,32,2,,2,1,3,1.3474,1.6991
8,6,3,1,33,4,,4,1,1,1.5514,1.9513
8,6,3,1,34,1,,3,0,2,2.5293,3.1215
8,6,3,1,35,2,,2,1,2,1.2668,1.8425
9,1,1,3,1,4,2,2,0,2,2.2403,2.8485
9,1,1,3,2,4,2,4,1,1,2.1096,2.4194
9,1,1,3,3,2,4,2,1,4,1.6917,2.0023
9,1,1,3,4,2,4,2,1,3,1.3387,1.6519
9,1,1,3,5,4,2,4,1,3,1.7212,2.0356
9,1,1,3,6,4,2,4,1,4,1.8313,2.1524
9,1,1,3,7,4,2,2,0,1,2.0167,2.336
9,1,1,3,8,2,4,2,1,4,1.5856,1.9023
9,1,1,3,9,2,4,2,1,4,1.7176,2.0357
9,1,1,3,10,2,4,2,1,4,1.5394,1.8521
9,1,1,3,11,4,2,4,1,2,2.1373,2.4529
9,1,1,3,12,4,2,4,1,3,1.8626,2.1979
9,1,1,3,13,4,2,4,1,1,2.2227,2.5366
9,1,1,3,14,4,2,4,1,2,2.1359,2.8554
9,1,1,3,15,4,2,2,0,3,1.9722,2.4843
9,1,1,3,16,2,4,2,1,4,1.568,1.8855
9,1,1,3,17,4,2,4,1,2,2.0836,2.6114
9,1,1,3,18,2,4,2,1,4,1.6902,2.0024
9,1,1,3,19,2,4,2,1,4,1.7531,2.1369
9,1,1,3,20,2,4,2,1,3,2.227,2.5952
9,1,1,3,21,4,2,2,0,4,1.5783,1.9023
9,1,1,3,22,4,2,4,1,2,2.0943,2.4461
9,1,1,3,23,4,2,4,1,4,1.8354,2.3476
9,1,1,3,24,2,4,2,1,1,1.981,2.3811
9,1,1,3,25,4,2,4,1,3,2.3981,3.214
9,1,1,3,26,2,4,2,1,3,1.9322,2.3482
9,1,1,3,27,2,4,2,1,3,2.1897,2.5575
9,1,1,3,28,2,4,2,1,4,1.766,2.1023
9,1,1,3,29,4,2,4,1,3,1.6499,2.002
9,1,1,3,30,2,4,2,1,4,1.5853,1.9022
9,1,1,3,31,2,4,2,1,4,2.468,2.7865
9,1,1,3,32,4,2,4,1,2,2.2117,2.8197
9,1,1,3,33,2,4,2,1,2,1.9374,2.2731
9,1,1,3,34,4,2,4,1,3,1.6858,2.0021
9,1,1,3,35,4,2,4,1,1,2.8054,3.1202
9,1,2,2,1,4,2,4,1,3,3.132,5.3079
9,1,2,2,2,1,2,2,0,3,2.404,3.4437
9,1,2,2,3,2,3,2,1,4,1.9273,2.2796
9,1,2,2,4,2,3,2,1,4,1.6442,2.2679
9,1,2,2,5,3,4,3,1,4,1.9366,2.2525
9,1,2,2,6,3,1,3,1,3,1.654,2.022
9,1,2,2,7,2,3,2,1,3,1.5722,2.3243
9,1,2,2,8,3,4,3,1,3,1.7192,2.1025
9,1,2,2,9,3,1,3,1,3,2.3225,3.0585
9,1,2,2,10,2,4,2,1,1,3.5749,3.9266
9,1,2,2,11,2,3,2,1,2,3.1434,3.7993
9,1,2,2,12,4,3,4,1,1,2.5893,2.9252
9,1,2,2,13,3,1,3,1,4,1.6232,1.9355
9,1,2,2,14,2,1,2,1,3,2.4735,3.0177
9,1,2,2,15,4,2,2,0,1,2.6072,3.9351
9,1,2,2,16,1,4,1,1,3,2.0801,3.2959
9,1,2,2,17,3,1,3,1,3,1.8027,2.2348
9,1,2,2,18,4,2,2,0,2,1.872,2.2079
9,1,2,2,19,2,3,2,1,2,2.0078,2.8877
9,1,2,2,20,3,2,3,1,4,1.4746,1.785
9,1,2,2,21,1,2,1,1,1,2.4904,2.8905
9,1,2,2,22,1,4,1,1,1,3.8775,4.188
9,1,2,2,23,3,2,3,1,4,1.6275,1.9354
9,1,2,2,24,4,1,4,1,3,1.9175,2.2358
9,1,2,2,25,2,3,2,1,4,1.6671,2.5475
9,1,2,2,26,3,1,3,1,4,1.5486,1.8689
9,1,2,2,27,3,2,3,1,4,2.0661,2.3862
9,1,2,2,28,1,3,1,1,1,2.0178,2.3378
9,1,2,2,29,1,3,3,0,2,2.3551,3.9231
9,1,2,2,30,3,4,3,1,4,1.5556,1.8685
9,1,2,2,31,2,1,2,1,4,1.6563,2.1203
9,1,2,2,32,3,2,3,1,4,1.4903,1.802
9,1,2,2,33,3,4,3,1,4,1.4817,1.8019
9,1,2,2,34,4,3,4,1,3,1.8896,2.3213
9,1,2,2,35,3,4,3,1,3,2.0033,2.3559
9,1,3,1,1,3,,3,1,4,2.5399,4.0278
9,1,3,1,2,2,,3,0,3,1.7042,2.0192
9,1,3,1,3,3,,3,1,3,1.6389,2.183
9,1,3,1,4,1,,1,1,4,2.1432,2.4527
9,1,3,1,5,2,,2,1,3,2.4601,3.0525
9,1,3,1,6,1,,1,1,3,2.0172,2.7691
9,1,3,1,7,4,,3,0,4,2.1449,2.4524
9,1,3,1,8,2,,2,1,4,1.8698,2.3018
9,1,3,1,9,3,,3,1,4,1.7129,2.0356
9,1,3,1,10,2,,2,1,4,1.9026,2.219
9,1,3,1,11,1,,1,1,3,1.9248,2.6291
9,1,3,1,12,1,,1,1,3,1.4352,2.0587
9,1,3,1,13,1,,1,1,2,2.184,2.5686
9,1,3,1,14,4,,4,1,2,1.76,2.1123
9,1,3,1,15,1,,1,1,1,2.4759,2.7866
9,1,3,1,16,4,,4,1,2,2.0586,2.3692
9,1,3,1,17,4,,4,1,1,2.1066,2.4194
9,1,3,1,18,2,,2,1,3,1.7531,2.069
9,1,3,1,19,4,,2,0,1,2.1017,2.4195
9,1,3,1,20,3,,3,1,4,1.6841,2.0022
9,1,3,1,21,4,,3,0,2,2.1639,2.4862
9,1,3,1,22,1,,3,0,1,1.9989,2.3828
9,1,3,1,23,1,,1,1,4,1.5517,1.9833
9,1,3,1,24,2,,2,1,3,1.6963,2.019
9,1,3,1,25,1,,1,1,3,1.4073,2.1907
9,1,3,1,26,1,,4,0,1,2.4713,2.7867
9,1,3,1,27,3,,3,1,3,2.1021,2.5346
9,1,3,1,28,4,,3,0,3,1.3113,1.9039
9,1,3,1,29,1,,2,0,1,2.2912,2.627
9,1,3,1,30,4,,3,0,1,1.9613,2.8735
9,1,3,1,31,4,,1,0,1,1.9726,2.5171
9,1,3,1,32,3,,3,1,3,2.5438,3.3761
9,1,3,1,33,1,,1,1,4,2.022,2.8863
9,1,3,1,34,4,,3,0,1,2.4814,2.8028
9,1,3,1,35,1,,1,1,2,1.8246,2.6407
9,2,1,1,1,3,,3,1,4,2.2121,3.6685
9,2,1,1,2,4,,4,1,4,1.9028,2.2201
9,2,1,1,3,1,,2,0,2,2.2621,3.8773
9,2,1,1,4,4,,3,0,3,1.9122,2.2191
9,2,1,1,5,2,,2,1,4,2.1274,2.4361
9,2,1,1,6,3,,3,1,3,1.5646,1.8854
9,2,1,1,7,4,,4,1,4,1.4081,1.7185
9,2,1,1,8,1,,1,1,1,1.3553,1.6757
9,2,1,1,9,1,,3,0,3,1.3045,1.6186
9,2,1,1,10,1,,1,1,2,1.2398,1.5915
9,2,1,1,11,2,,2,1,3,1.4483,1.8158
9,2,1,1,12,4,,3,0,3,1.5363,1.852
9,2,1,1,13,4,,1,0,1,1.2047,1.5566
9,2,1,1,14,1,,1,1,1,1.6391,3.7511
9,2,1,1,15,4,,3,0,2,1.5671,1.8859
9,2,1,1,16,2,,2,1,2,1.5234,1.8433
9,2,1,1,17,2,,2,1,4,1.5456,1.869
9,2,1,1,18,4,,4,1,3,1.5024,1.8185
9,2,1,1,19,1,,1,1,4,1.7016,2.0191
9,2,1,1,20,3,,3,1,3,1.524,1.8439
9,2,1,1,21,2,,2,1,3,1.755,2.0747
9,2,1,1,22,3,,3,1,4,1.143,1.4516
9,2,1,1,23,2,,2,1,4,1.4053,1.7187
9,2,1,1,24,4,,4,1,1,1.6563,1.9923
9,2,1,1,25,3,,3,1,3,1.4966,2.2167
9,2,1,1,26,4,,1,0,3,1.8873,2.2557
9,2,1,1,27,4,,1,0,1,2.1487,3.0933
9,2,1,1,28,2,,2,1,3,1.7681,2.2003
9,2,1,1,29,3,,3,1,4,1.4873,2.0624
9,2,1,1,30,1,,1,1,2,1.6766,2.0761
9,2,1,1,31,2,,2,1,3,1.7848,2.1215
9,2,1,1,32,1,,3,0,3,1.5718,1.8855
9,2,1,1,33,1,,3,0,2,1.5597,1.8686
9,2,1,1,34,3,,3,1,4,1.292,1.6017
9,2,1,1,35,3,,3,1,1,1.6439,1.9644
9,2,2,2,1,2,4,2,1,4,1.7964,2.4201
9,2,2,2,2,3,1,3,1,3,1.779,2.1025
9,2,2,2,3,2,3,2,1,4,1.6942,2.3664
9,2,2,2,4,4,3,4,1,3,1.9196,2.4791
9,2,2,2,5,4,2,4,1,4,1.4192,1.7355
9,2,2,2,6,4,3,4,1,3,1.7334,2.1179
9,2,2,2,7,4,1,4,1,1,2.3681,2.736
9,2,2,2,8,1,3,1,1,1,1.9699,2.4177
9,2,2,2,9,2,3,2,1,4,1.6159,1.9356
9,2,2,2,10,4,2,2,0,4,1.7144,2.114
9,2,2,2,11,3,2,3,1,4,1.5496,1.8698
9,2,2,2,12,1,2,2,0,2,2.1305,2.4667
9,2,2,2,13,1,4,1,1,3,1.3276,1.8234
9,2,2,2,14,1,2,1,1,4,1.8787,2.3425
9,2,2,2,15,2,1,2,1,4,1.7682,2.0858
9,2,2,2,16,2,4,2,1,4,1.4606,1.8118
9,2,2,2,17,2,1,1,0,1,2.3799,2.7318
9,2,2,2,18,1,3,1,1,4,1.4861,1.8219
9,2,2,2,19,2,1,2,1,3,2.1334,2.9489
9,2,2,2,20,1,4,1,1,4,1.3897,1.8224
9,2,2,2,21,4,2,2,0,1,3.4608,3.7808
9,2,2,2,22,1,3,1,1,4,1.2278,1.8363
9,2,2,2,23,2,4,2,1,4,1.5696,1.8856
9,2,2,2,24,4,1,4,1,4,2.4543,2.7699
9,2,2,2,25,3,4,4,0,3,1.317,2.7096
9,2,2,2,26,4,3,4,1,3,1.7846,2.3444
9,2,2,2,27,4,1,4,1,1,2.4423,2.753
9,2,2,2,28,3,4,3,1,3,1.8827,2.2024
9,2,2,2,29,1,2,1,1,4,1.5056,1.8888
9,2,2,2,30,2,1,2,1,3,1.5254,1.8354
9,2,2,2,31,4,1,1,0,3,1.5631,1.9629
9,2,2,2,32,3,2,3,1,4,1.8847,2.2044
9,2,2,2,33,3,1,3,1,4,1.1883,1.502
9,2,2,2,34,1,3,1,1,3,1.8471,2.2148
9,2,2,2,35,3,2,3,1,4,1.5029,1.8188
9,2,3,3,1,4,1,1,0,1,1.6761,1.9854
9,2,3,3,2,1,4,1,1,1,1.1322,1.4515
9,2,3,3,3,1,4,1,1,4,1.2507,1.5685
9,2,3,3,4,4,1,4,1,4,1.3319,1.6519
9,2,3,3,5,4,1,4,1,4,0.9926,1.7127
9,2,3,3,6,4,1,1,0,1,1.5488,1.869
9,2,3,3,7,1,4,1,1,3,1.2654,1.5852
9,2,3,3,8,1,4,1,1,4,1.17,1.4851
9,2,3,3,9,1,4,1,1,1,1.4303,1.7521
9,2,3,3,10,1,4,1,1,4,1.264,1.5997
9,2,3,3,11,4,1,4,1,3,1.6639,1.9856
9,2,3,3,12,1,4,2,0,3,1.3287,1.6961
9,2,3,3,13,4,1,4,1,4,1.2613,1.6294
9,2,3,3,14,4,1,4,1,1,1.9484,2.2694
9,2,3,3,15,4,1,4,1,2,1.6167,1.9843
9,2,3,3,16,1,4,1,1,4,1.3927,2.2242
9,2,3,3,17,1,4,1,1,3,1.1592,1.4683
9,2,3,3,18,1,4,1,1,3,1.1804,1.5327
9,2,3,3,19,4,1,4,1,3,1.4084,1.9203
9,2,3,3,20,4,1,4,1,1,1.9225,2.9629
9,2,3,3,21,1,4,1,1,2,1.6595,1.9796
9,2,3,3,22,4,1,4,1,3,2.0763,3.4361
9,2,3,3,23,4,1,4,1,3,1.4879,1.9362
9,2,3,3,24,4,1,4,1,4,1.1869,1.5019
9,2,3,3,25,4,1,1,0,1,1.5745,2.0226
9,2,3,3,26,4,1,4,1,3,1.4939,1.9095
9,2,3,3,27,4,1,4,1,3,1.2087,1.6573
9,2,3,3,28,1,4,1,1,2,1.495,1.9746
9,2,3,3,29,4,1,4,1,4,1.1442,1.5281
9,2,3,3,30,1,4,4,0,3,1.035,1.4834
9,2,3,3,31,4,1,4,1,4,1.216,1.5362
9,2,3,3,32,4,1,4,1,4,1.1705,1.4851
9,2,3,3,33,1,4,1,1,4,1.1433,1.5426
9,2,3,3,34,1,4,1,1,3,1.4494,1.7689
9,2,3,3,35,1,4,1,1,3,1.1551,1.4912
9,3,1,2,1,2,3,2,1,3,1.8092,2.129
9,3,1,2,2,4,1,4,1,4,1.3239,1.7239
9,3,1,2,3,3,4,3,1,3,1.9433,2.2525
9,3,1,2,4,4,3,4,1,3,2.2684,2.5861
9,3,1,2,5,2,4,2,1,3,1.7155,2.2915
9,3,1,2,6,2,1,2,1,4,1.2079,1.8312
9,3,1,2,7,4,1,4,1,2,2.4464,2.8148
9,3,1,2,8,1,3,1,1,3,2.4775,2.877
9,3,1,2,9,4,3,3,0,1,2.0093,2.441
9,3,1,2,10,4,3,4,1,3,1.8943,2.4228
9,3,1,2,11,3,1,3,1,3,1.9088,2.2931
9,3,1,2,12,4,1,4,1,4,1.7366,2.2322
9,3,1,2,13,2,1,2,1,1,2.3994,2.7351
9,3,1,2,14,4,1,4,1,3,1.7603,2.2089
9,3,1,2,15,3,4,3,1,4,1.4638,1.7854
9,3,1,2,16,3,1,3,1,2,2.4323,2.7841
9,3,1,2,17,2,3,2,1,2,1.8232,2.3193
9,3,1,2,18,4,3,4,1,1,3.6971,4.4163
9,3,1,2,19,1,4,1,1,1,2.5267,2.8366
9,3,1,2,20,4,3,3,0,3,1.6597,1.9796
9,3,1,2,21,2,4,2,1,4,1.4686,1.7854
9,3,1,2,22,1,2,1,1,3,1.3326,1.813
9,3,1,2,23,4,3,3,0,4,2.1568,2.4696
9,3,1,2,24,1,4,4,0,1,2.9372,3.4329
9,3,1,2,25,1,2,1,1,4,1.4705,1.806
9,3,1,2,26,4,2,2,0,3,1.4621,1.8454
9,3,1,2,27,2,1,2,1,4,1.3561,1.6685
9,3,1,2,28,1,2,1,1,4,1.369,1.6854
9,3,1,2,29,2,4,2,1,4,1.2051,1.5888
9,3,1,2,30,1,2,1,1,4,1.4616,1.7855
9,3,1,2,31,4,3,3,0,3,1.8852,2.2025
9,3,1,2,32,4,1,1,0,1,2.6606,3.7485
9,3,1,2,33,1,3,1,1,1,2.9412,3.2538
9,3,1,2,34,1,2,1,1,1,1.2564,1.5685
9,3,1,2,35,3,1,4,0,1,1.5609,4.8575
9,3,2,3,1,4,3,3,0,4,1.386,1.7019
9,3,2,3,2,4,3,4,1,4,1.4305,2.1184
9,3,2,3,3,3,4,3,1,4,1.0567,1.3684
9,3,2,3,4,4,3,4,1,1,1.3538,1.6686
9,3,2,3,5,4,3,4,1,2,1.4637,2.2636
9,3,2,3,6,4,3,4,1,3,1.3569,1.7568
9,3,2,3,7,4,3,3,0,3,1.3503,1.7025
9,3,2,3,8,4,3,3,0,1,1.9219,2.4339
9,3,2,3,9,3,4,3,1,4,1.1996,1.6161
9,3,2,3,10,3,4,3,1,4,1.0557,1.376
9,3,2,3,11,3,4,3,1,3,0.8729,1.1847
9,3,2,3,12,3,4,3,1,3,0.8581,1.1677
9,3,2,3,13,4,3,4,1,3,0.8923,1.8039
9,3,2,3,14,4,3,4,1,3,1.2517,1.6514
9,3,2,3,15,3,4,3,1,2,1.3611,1.6854
9,3,2,3,16,3,4,3,1,4,1.0853,1.6613
9,3,2,3,17,4,3,4,1,2,1.4194,2.1074
9,3,2,3,18,4,3,4,1,3,1.3826,1.8468
9,3,2,3,19,4,3,4,1,3,1.3256,1.8215
9,3,2,3,20,4,3,4,1,3,1.2527,1.6203
9,3,2,3,21,3,4,3,1,4,1.4437,2.1637
9,3,2,3,22,3,4,3,1,4,1.2769,1.7572
9,3,2,3,23,4,3,3,0,3,1.1108,1.4622
9,3,2,3,24,4,3,3,0,4,1.7246,2.0609
9,3,2,3,25,4,3,4,1,4,0.8736,1.4496
9,3,2,3,26,4,3,4,1,4,1.3123,1.7279
9,3,2,3,27,3,4,3,1,3,1.0349,1.3708
9,3,2,3,28,3,4,3,1,4,1.316,1.6353
9,3,2,3,29,4,3,4,1,4,1.266,1.7455
9,3,2,3,30,4,3,3,0,3,1.1483,1.5166
9,3,2,3,31,3,4,3,1,4,1.0719,1.4234
9,3,2,3,32,4,3,4,1,4,1.3193,1.7349
9,3,2,3,33,3,4,3,1,4,1.1844,1.5526
9,3,2,3,34,3,4,3,1,4,1.1542,1.4904
9,3,2,3,35,4,3,4,1,3,1.3668,1.7357
9,3,3,1,1,3,,3,1,3,1.3364,1.7045
9,3,3,1,2,3,,3,1,3,0.8679,1.1849
9,3,3,1,3,4,,4,1,3,1.0607,1.4288
9,3,3,1,4,4,,3,0,1,1.4839,1.9001
9,3,3,1,5,1,,2,0,3,1.503,1.8188
9,3,3,1,6,2,,2,1,3,1.0616,1.385
9,3,3,1,7,4,,2,0,3,1.2621,1.5851
9,3,3,1,8,2,,2,1,3,0.9424,1.2512
9,3,3,1,9,3,,3,1,1,1.6445,2.1086
9,3,3,1,10,1,,1,1,4,1.3524,1.8159
9,3,3,1,11,1,,2,0,3,1.3277,1.6801
9,3,3,1,12,1,,1,1,3,1.1652,1.4851
9,3,3,1,13,3,,3,1,3,1.6018,1.919
9,3,3,1,14,2,,3,0,4,1.7319,2.1165
9,3,3,1,15,1,,2,0,3,1.5353,1.8522
9,3,3,1,16,4,,2,0,2,1.4606,1.8764
9,3,3,1,17,2,,2,1,3,1.0501,1.3685
9,3,3,1,18,2,,2,1,3,1.0752,1.3849
9,3,3,1,19,4,,2,0,3,1.0671,1.3851
9,3,3,1,20,4,,2,0,3,0.9163,1.2347
9,3,3,1,21,3,,3,1,4,1.1703,1.4851
9,3,3,1,22,2,,2,1,2,1.0472,1.447
9,3,3,1,23,1,,1,1,3,1.0537,1.3683
9,3,3,1,24,4,,4,1,1,2.0876,2.4029
9,3,3,1,25,2,,2,1,4,1.0935,1.4015
9,3,3,1,26,3,,3,1,3,1.2938,1.6017
9,3,3,1,27,2,,2,1,4,1.214,1.5351
9,3,3,1,28,4,,2,0,3,0.9275,1.2513
9,3,3,1,29,4,,1,0,1,1.8544,2.558
9,3,3,1,30,3,,3,1,3,1.5591,1.8689
9,3,3,1,31,4,,2,0,1,1.6286,1.9521
9,3,3,1,32,3,,3,1,4,1.1174,1.4351
9,3,3,1,33,3,,3,1,3,1.1873,1.7955
9,3,3,1,34,4,,2,0,1,1.9485,2.2694
9,3,3,1,35,3,,3,1,4,1.52,1.8354
9,4,1,2,1,3,1,3,1,3,2.1165,3.508
9,4,1,2,2,1,2,2,0,2,1.8621,2.1858
9,4,1,2,3,4,2,2,0,2,2.0304,2.6378
9,4,1,2,4,2,4,2,1,3,1.1559,1.9072
9,4,1,2,5,4,1,4,1,2,1.9913,2.4395
9,4,1,2,6,1,3,1,1,1,1.5251,2.5805
9,4,1,2,7,1,2,1,1,4,1.3089,1.7092
9,4,1,2,8,2,4,2,1,4,1.465,1.8008
9,4,1,2,9,4,1,4,1,2,1.8725,2.384
9,4,1,2,10,1,4,1,1,3,1.0083,1.5688
9,4,1,2,11,1,3,1,1,4,1.1702,1.7303
9,4,1,2,12,3,2,2,0,3,1.3735,1.8212
9,4,1,2,13,2,3,2,1,3,0.9317,1.364
9,4,1,2,14,3,2,3,1,4,2.2225,2.6382
9,4,1,2,15,1,2,1,1,3,1.3158,2.1956
9,4,1,2,16,1,4,1,1,1,1.2757,1.6116
9,4,1,2,17,2,1,2,1,3,1.4835,1.9313
9,4,1,2,18,1,3,1,1,2,1.4864,2.3501
9,4,1,2,19,4,3,4,1,3,2.0471,2.6076
9,4,1,2,20,4,1,4,1,1,2.5664,2.9185
9,4,1,2,21,4,2,4,1,3,1.1684,1.7118
9,4,1,2,22,4,1,4,1,4,1.4197,1.9155
9,4,1,2,23,4,3,4,1,4,1.7434,2.2717
9,4,1,2,24,2,4,2,1,3,2.6119,2.9322
9,4,1,2,25,3,2,2,0,2,1.486,1.9659
9,4,1,2,26,1,2,1,1,3,1.2954,1.9675
9,4,1,2,27,3,1,3,1,4,1.4239,1.7354
9,4,1,2,28,4,1,4,1,1,2.1866,2.6821
9,4,1,2,29,4,1,1,0,1,2.0939,2.4463
9,4,1,2,30,3,2,3,1,3,1.5796,1.9022
9,4,1,2,31,3,4,3,1,4,1.0237,1.3347
9,4,1,2,32,4,3,3,0,1,1.1465,1.5787
9,4,1,2,33,2,4,2,1,3,1.5476,1.8833
9,4,1,2,34,2,4,2,1,3,1.3923,1.8409
9,4,1,2,35,3,4,3,1,4,1.479,1.8021
9,4,2,1,1,4,,4,1,4,1.4777,1.7852
9,4,2,1,2,2,,2,1,3,1.5659,1.8853
9,4,2,1,3,4,,2,0,1,1.8264,2.1359
9,4,2,1,4,1,,1,1,2,1.5641,1.964
9,4,2,1,5,2,,2,1,4,1.4055,1.7188
9,4,2,1,6,1,,3,0,1,2.0726,2.386
9,4,2,1,7,3,,3,1,3,1.4641,1.7854
9,4,2,1,8,1,,1,1,3,1.0884,1.4087
9,4,2,1,9,3,,3,1,3,1.465,1.7856
9,4,2,1,10,3,,3,1,4,1.3929,1.793
9,4,2,1,11,3,,3,1,4,1.0658,1.4657
9,4,2,1,12,1,,1,1,2,1.5036,1.9192
9,4,2,1,13,3,,3,1,3,1.6343,1.9861
9,4,2,1,14,3,,3,1,3,0.9306,1.2515
9,4,2,1,15,4,,2,0,2,1.745,2.081
9,4,2,1,16,4,,2,0,2,1.7096,2.0189
9,4,2,1,17,4,,3,0,3,1.7397,2.0758
9,4,2,1,18,1,,1,1,4,1.32,1.9439
9,4,2,1,19,2,,2,1,3,1.5465,1.8688
9,4,2,1,20,2,,2,1,4,1.6791,2.0021
9,4,2,1,21,2,,2,1,4,0.879,1.2015
9,4,2,1,22,3,,3,1,4,1.4874,1.802
9,4,2,1,23,1,,3,0,3,1.1426,1.4517
9,4,2,1,24,2,,2,1,4,1.4366,1.752
9,4,2,1,25,1,,2,0,1,1.2856,1.6019
9,4,2,1,26,2,,2,1,4,1.0133,1.3349
9,4,2,1,27,4,,4,1,1,1.7448,2.4969
9,4,2,1,28,1,,1,1,4,1.244,1.5687
9,4,2,1,29,3,,3,1,4,1.3096,1.6183
9,4,2,1,30,4,,2,0,2,1.2447,1.5685
9,4,2,1,31,4,,4,1,2,1.3418,1.6519
9,4,2,1,32,4,,2,0,3,1.2274,1.5799
9,4,2,1,33,1,,1,1,1,1.4371,1.7521
9,4,2,1,34,1,,1,1,1,1.0947,1.4471
9,4,2,1,35,2,,2,1,3,1.1178,1.4351
9,4,3,3,1,2,3,2,1,3,1.115,1.531
9,4,3,3,2,3,2,3,1,4,1.2301,1.5519
9,4,3,3,3,2,3,2,1,4,1.0083,1.36
9,4,3,3,4,3,2,3,1,3,0.8425,1.1514
9,4,3,3,5,2,3,2,1,3,1.0369,1.3517
9,4,3,3,6,2,3,2,1,4,1.0153,1.3832
9,4,3,3,7,2,3,2,1,4,1.0396,1.5035
9,4,3,3,8,3,2,2,0,2,2.0839,2.5159
9,4,3,3,9,3,2,3,1,3,0.9267,1.3267
9,4,3,3,10,2,3,2,1,4,1.1784,1.594
9,4,3,3,11,2,3,2,1,4,1.1465,1.4684
9,4,3,3,12,3,2,3,1,4,0.9282,1.2803
9,4,3,3,13,2,3,2,1,2,1.5658,1.9175
9,4,3,3,14,3,2,3,1,4,1.025,1.3348
9,4,3,3,15,2,3,2,1,4,1.0514,1.3682
9,4,3,3,16,2,3,2,1,4,1.1411,1.4516
9,4,3,3,17,2,3,2,1,4,1.1309,1.4516
9,4,3,3,18,2,3,2,1,2,1.1049,1.4568
9,4,3,3,19,2,3,3,0,1,2.7593,3.0702
9,4,3,3,20,3,2,3,1,2,2.0107,2.3191
9,4,3,3,21,2,3,2,1,2,0.956,1.2924
9,4,3,3,22,3,2,3,1,3,0.7931,1.1011
9,4,3,3,23,3,2,3,1,3,1.0381,1.3518
9,4,3,3,24,2,3,2,1,2,0.9679,1.3038
9,4,3,3,25,3,2,3,1,3,0.8518,1.1681
9,4,3,3,26,2,3,2,1,1,0.9813,1.3015
9,4,3,3,27,2,3,2,1,4,1.0099,1.3179
9,4,3,3,28,3,2,3,1,3,1.0375,1.3517
9,4,3,3,29,2,3,2,1,3,1.2076,1.5184
9,4,3,3,30,2,3,2,1,1,0.9552,1.2682
9,4,3,3,31,3,2,3,1,2,0.9689,1.2849
9,4,3,3,32,2,3,2,1,3,1.1099,1.7181
9,4,3,3,33,2,3,2,1,3,1.0725,1.4084
9,4,3,3,34,3,2,3,1,3,0.9209,1.235
9,4,3,3,35,2,3,2,1,3,1.1274,1.4518
9,5,1,1,1,2,,2,1,3,1.1632,1.4849
9,5,1,1,2,4,,2,0,3,1.3118,1.6352
9,5,1,1,3,2,,2,1,1,1.1503,1.4685
9,5,1,1,4,3,,1,0,1,1.5716,1.8851
9,5,1,1,5,2,,2,1,3,1.2238,1.5758
9,5,1,1,6,1,,1,1,3,1.5938,1.9777
9,5,1,1,7,2,,2,1,3,1.0985,1.4183
9,5,1,1,8,1,,1,1,4,1.4256,1.7453
9,5,1,1,9,4,,3,0,2,2.0122,2.3193
9,5,1,1,10,4,,3,0,3,1.8384,2.5903
9,5,1,1,11,3,,3,1,1,1.1583,1.4785
9,5,1,1,12,2,,2,1,3,1.435,1.7521
9,5,1,1,13,3,,3,1,2,1.7013,2.0207
9,5,1,1,14,1,,1,1,3,1.2681,1.62
9,5,1,1,15,3,,3,1,3,2.0035,2.3194
9,5,1,1,16,1,,3,0,3,1.4939,1.8019
9,5,1,1,17,3,,3,1,3,1.4686,1.7853
9,5,1,1,18,1,,1,1,2,1.2213,1.7169
9,5,1,1,19,4,,2,0,2,1.6321,1.984
9,5,1,1,20,4,,1,0,3,1.6964,2.0192
9,5,1,1,21,1,,1,1,1,1.6307,2.3987
9,5,1,1,22,2,,2,1,3,1.1987,1.5185
9,5,1,1,23,2,,2,1,3,1.5219,1.8354
9,5,1,1,24,2,,2,1,3,1.3524,1.6683
9,5,1,1,25,3,,3,1,4,1.9244,2.2765
9,5,1,1,26,3,,3,1,3,1.6728,2.0094
9,5,1,1,27,2,,2,1,3,1.5601,1.9608
9,5,1,1,28,1,,1,1,3,1.45,1.882
9,5,1,1,29,4,,4,1,2,1.6951,2.0786
9,5,1,1,30,4,,3,0,1,1.9633,2.2998
9,5,1,1,31,3,,1,0,1,2.0635,2.3861
9,5,1,1,32,1,,1,1,3,1.2791,1.7591
9,5,1,1,33,2,,2,1,3,1.2408,1.5517
9,5,1,1,34,3,,3,1,3,1.4506,1.7686
9,5,1,1,35,1,,1,1,1,1.7478,2.0692
9,5,2,3,1,2,1,1,0,2,1.9753,2.6637
9,5,2,3,2,2,1,2,1,3,2.1242,2.476
9,5,2,3,3,1,2,1,1,1,1.7687,2.1048
9,5,2,3,4,2,1,2,1,3,1.1714,1.4853
9,5,2,3,5,1,2,1,1,3,1.0485,1.4964
9,5,2,3,6,2,1,2,1,3,0.9896,1.3416
9,5,2,3,7,1,2,1,1,3,1.0322,1.4637
9,5,2,3,8,2,1,2,1,4,0.8942,1.2183
9,5,2,3,9,1,2,1,1,2,1.07,1.5495
9,5,2,3,10,2,1,2,1,4,0.96,1.268
9,5,2,3,11,2,1,2,1,4,1.1494,1.4684
9,5,2,3,12,1,2,1,1,1,1.8582,2.2103
9,5,2,3,13,1,2,1,1,4,1.0656,1.4019
9,5,2,3,14,1,2,1,1,3,1.1699,1.5221
9,5,2,3,15,2,1,2,1,4,1.2056,1.5186
9,5,2,3,16,1,2,1,1,4,1.0648,1.6244
9,5,2,3,17,1,2,1,1,1,1.9756,2.2861
9,5,2,3,18,2,1,2,1,4,1.0355,1.3516
9,5,2,3,19,2,1,2,1,4,1.1567,1.9245
9,5,2,3,20,1,2,1,1,2,1.6238,2.1521
9,5,2,3,21,2,1,2,1,3,1.8576,2.1935
9,5,2,3,22,1,2,1,1,1,1.4973,1.8189
9,5,2,3,23,1,2,1,1,3,1.5684,1.9678
9,5,2,3,24,2,1,2,1,4,1.0247,1.345
9,5,2,3,25,2,1,2,1,4,1.0354,1.3517
9,5,2,3,26,2,1,2,1,4,1.0937,1.4021
9,5,2,3,27,2,1,2,1,3,1.1817,1.5014
9,5,2,3,28,2,1,2,1,3,1.1222,1.4352
9,5,2,3,29,1,2,1,1,4,1.2087,1.5182
9,5,2,3,30,1,2,1,1,2,1.1482,1.6284
9,5,2,3,31,1,2,1,1,3,1.2435,1.6433
9,5,2,3,32,1,2,1,1,3,1.1622,1.6103
9,5,2,3,33,1,2,1,1,3,1.0178,1.335
9,5,2,3,34,1,2,1,1,3,1.0926,1.4015
9,5,2,3,35,2,1,3,0,3,1.1803,1.5017
9,5,3,2,1,1,3,1,1,3,1.639,1.9592
9,5,3,2,2,2,3,2,1,3,1.5285,1.8353
9,5,3,2,3,2,3,2,1,4,1.0231,1.3348
9,5,3,2,4,2,3,2,1,4,1.05,1.3701
9,5,3,2,5,1,2,1,1,3,1.3958,1.7187
9,5,3,2,6,2,4,2,1,4,1.3428,1.6516
9,5,3,2,7,2,4,2,1,4,1.0203,1.3349
9,5,3,2,8,3,2,2,0,2,1.0312,1.3833
9,5,3,2,9,4,2,2,0,4,1.1198,1.435
9,5,3,2,10,4,1,4,1,1,2.3109,2.7267
9,5,3,2,11,1,3,1,1,4,1.353,1.6728
9,5,3,2,12,2,4,2,1,3,1.1421,1.5102
9,5,3,2,13,1,2,1,1,1,1.226,1.6098
9,5,3,2,14,2,1,2,1,4,1.7863,2.1025
9,5,3,2,15,4,2,2,0,3,1.0128,1.3972
9,5,3,2,16,4,3,3,0,1,1.7265,2.0355
9,5,3,2,17,4,1,4,1,1,2.4118,2.7196
9,5,3,2,18,2,4,2,1,4,1.166,1.4852
9,5,3,2,19,1,4,1,1,3,1.2506,1.5869
9,5,3,2,20,2,4,2,1,4,1.1073,1.4184
9,5,3,2,21,1,3,1,1,4,1.1621,1.4849
9,5,3,2,22,4,2,2,0,1,1.5185,1.9669
9,5,3,2,23,3,1,1,0,4,1.712,2.0956
9,5,3,2,24,4,2,2,0,4,1.0358,1.3872
9,5,3,2,25,3,1,3,1,3,1.7328,2.0524
9,5,3,2,26,2,4,2,1,4,1.4742,1.9222
9,5,3,2,27,1,4,1,1,3,1.4128,1.7804
9,5,3,2,28,2,4,2,1,4,1.2142,1.5353
9,5,3,2,29,1,3,1,1,3,1.2483,1.6001
9,5,3,2,30,1,4,1,1,4,1.7923,2.1125
9,5,3,2,31,1,3,1,1,4,1.2112,1.5351
9,5,3,2,32,2,1,2,1,3,1.0699,1.3851
9,5,3,2,33,1,2,1,1,4,1.3349,1.652
9,5,3,2,34,2,4,2,1,4,0.9328,1.2514
9,5,3,2,35,2,4,2,1,4,0.9791,1.3016
9,6,1,3,1,1,3,1,1,1,1.8366,2.4919
9,6,1,3,2,3,1,3,1,4,1.0954,1.4183
9,6,1,3,3,3,1,3,1,2,1.0715,1.4713
9,6,1,3,4,3,1,3,1,3,0.9646,1.285
9,6,1,3,5,1,3,1,1,1,1.0259,1.3456
9,6,1,3,6,1,3,1,1,3,1.4523,1.772
9,6,1,3,7,1,3,1,1,3,1.0619,1.385
9,6,1,3,8,3,1,3,1,3,0.8783,1.4538
9,6,1,3,9,1,3,1,1,2,0.9164,1.6202
9,6,1,3,10,1,3,1,1,4,1.0755,1.3848
9,6,1,3,11,1,3,1,1,4,0.956,1.2689
9,6,1,3,12,3,1,3,1,3,0.8577,1.168
9,6,1,3,13,3,1,3,1,2,0.8597,1.2114
9,6,1,3,14,1,3,1,1,4,0.9883,1.3014
9,6,1,3,15,1,3,1,1,3,0.9511,1.2683
9,6,1,3,16,3,1,1,0,3,1.1089,1.4766
9,6,1,3,17,1,3,1,1,4,1.5622,1.8856
9,6,1,3,18,1,3,1,1,3,0.927,1.2347
9,6,1,3,19,3,1,3,1,4,0.8446,1.1681
9,6,1,3,20,1,3,1,1,2,0.8787,1.2015
9,6,1,3,21,1,3,1,1,3,1.0228,1.3351
9,6,1,3,22,1,3,1,1,4,1.018,1.3347
9,6,1,3,23,3,1,3,1,3,1.7479,2.0689
9,6,1,3,24,3,1,3,1,4,1.0562,1.3682
9,6,1,3,25,1,3,1,1,3,0.8731,1.1846
9,6,1,3,26,3,1,3,1,4,1.1946,1.5185
9,6,1,3,27,3,1,3,1,4,0.9741,1.2848
9,6,1,3,28,1,3,1,1,3,1.274,1.5848
9,6,1,3,29,1,3,1,1,4,1.0516,1.3683
9,6,1,3,30,1,3,1,1,3,0.9008,1.2372
9,6,1,3,31,1,3,1,1,4,1.0601,1.3681
9,6,1,3,32,1,3,1,1,4,0.9891,1.3016
9,6,1,3,33,1,3,1,1,1,1.3057,1.6413
9,6,1,3,34,1,3,1,1,4,1.1116,1.4352
9,6,1,3,35,3,1,1,0,1,1.1027,1.5346
9,6,2,1,1,1,,1,1,4,1.1605,1.4681
9,6,2,1,2,1,,1,1,3,0.8776,1.4536
9,6,2,1,3,2,,2,1,2,1.1556,1.4684
9,6,2,1,4,1,,2,0,3,0.857,1.1681
9,6,2,1,5,2,,2,1,1,1.7386,2.0523
9,6,2,1,6,3,,3,1,4,1.0802,1.4016
9,6,2,1,7,2,,2,1,3,1.0724,1.3849
9,6,2,1,8,3,,3,1,4,1.4008,1.7186
9,6,2,1,9,1,,1,1,4,1.4919,1.9081
9,6,2,1,10,3,,3,1,4,1.4478,1.7688
9,6,2,1,11,2,,2,1,4,1.712,2.0357
9,6,2,1,12,1,,1,1,4,1.358,1.6685
9,6,2,1,13,2,,2,1,4,1.2276,1.5519
9,6,2,1,14,3,,3,1,4,1.437,1.7568
9,6,2,1,15,1,,1,1,4,1.2224,1.5352
9,6,2,1,16,3,,3,1,4,1.3214,1.6352
9,6,2,1,17,1,,1,1,4,1.9283,2.2526
9,6,2,1,18,3,,3,1,4,1.4691,1.7854
9,6,2,1,19,4,,2,0,4,1.3971,1.7187
9,6,2,1,20,1,,1,1,4,1.792,2.1024
9,6,2,1,21,1,,2,0,3,1.4355,1.8517
9,6,2,1,22,2,,2,1,4,1.201,1.5528
9,6,2,1,23,4,,2,0,1,1.1386,1.4517
9,6,2,1,24,2,,2,1,4,0.9684,1.2849
9,6,2,1,25,1,,1,1,4,1.0302,1.4462
9,6,2,1,26,3,,3,1,3,1.2449,1.5685
9,6,2,1,27,1,,1,1,4,1.0862,1.4018
9,6,2,1,28,3,,3,1,1,1.5734,1.8853
9,6,2,1,29,3,,3,1,4,1.1139,1.4352
9,6,2,1,30,4,,3,0,4,1.0409,1.3514
9,6,2,1,31,4,,3,0,4,1.547,1.9473
9,6,2,1,32,3,,3,1,4,0.9575,1.2682
9,6,2,1,33,4,,3,0,3,1.0189,1.3391
9,6,2,1,34,1,,1,1,2,1.1418,1.4781
9,6,2,1,35,4,,4,1,2,1.2432,1.6108
9,6,3,2,1,4,2,2,0,4,1.3452,1.6686
9,6,3,2,2,4,3,3,0,2,1.247,1.7272
9,6,3,2,3,4,3,4,1,3,1.2743,1.6258
9,6,3,2,4,4,1,4,1,3,1.4496,1.8492
9,6,3,2,5,2,3,2,1,3,1.8876,2.2026
9,6,3,2,6,2,3,2,1,4,0.9344,1.3506
9,6,3,2,7,1,4,1,1,4,1.1042,1.4184
9,6,3,2,8,3,2,3,1,3,1.1276,1.4953
9,6,3,2,9,4,1,4,1,3,1.4042,1.7187
9,6,3,2,10,4,2,2,0,2,1.4309,1.8629
9,6,3,2,11,2,4,2,1,4,1.2925,1.6766
9,6,3,2,12,3,4,3,1,3,1.3693,2.249
9,6,3,2,13,1,2,1,1,4,1.1513,1.5354
9,6,3,2,14,2,4,2,1,4,0.994,1.3185
9,6,3,2,15,3,4,3,1,2,1.4218,1.7354
9,6,3,2,16,4,3,4,1,4,1.3199,1.6354
9,6,3,2,17,2,4,2,1,3,1.2223,1.9264
9,6,3,2,18,3,4,3,1,4,1.3694,1.7857
9,6,3,2,19,3,2,3,1,3,0.8975,1.2188
9,6,3,2,20,2,4,2,1,4,1.233,1.5518
9,6,3,2,21,1,4,1,1,4,1.346,1.6685
9,6,3,2,22,3,4,3,1,4,1.2475,1.5686
9,6,3,2,23,4,1,4,1,4,1.4248,1.7354
9,6,3,2,24,3,4,3,1,4,1.1472,1.6113
9,6,3,2,25,1,3,1,1,2,1.2591,1.6595
9,6,3,2,26,1,2,1,1,3,1.2572,1.6574
9,6,3,2,27,3,1,3,1,4,1.2072,1.5274
9,6,3,2,28,2,4,2,1,2,1.2427,1.6579
9,6,3,2,29,3,4,4,0,4,1.8965,2.2644
9,6,3,2,30,3,4,3,1,4,1.2936,1.6132
9,6,3,2,31,4,2,4,1,4,1.1975,1.5185
9,6,3,2,32,2,4,2,1,4,1.136,1.4516
9,6,3,2,33,2,4,2,1,4,0.9022,1.2183
9,6,3,2,34,2,4,2,1,4,1.4623,1.8945
9,6,3,2,35,3,4,4,0,3,1.3068,1.6427
10,1,1,2,1,1,2,1,1,2,1.3267,1.9829
10,1,1,2,2,1,3,1,1,3,1.1198,1.8079
10,1,1,2,3,3,4,3,1,3,1.7838,2.3437
10,1,1,2,4,4,3,3,0,3,1.5296,2.953
10,1,1,2,5,4,3,3,0,2,1.6179,2.1619
10,1,1,2,6,3,4,4,0,2,1.3546,2.1871
10,1,1,2,7,2,4,2,1,4,1.4432,1.955
10,1,1,2,8,4,1,4,1,4,1.4284,2.1804
10,1,1,2,9,3,1,3,1,2,2.2054,2.765
10,1,1,2,10,1,3,1,1,1,2.0457,2.4138
10,1,1,2,11,1,4,1,1,2,2.2688,2.8443
10,1,1,2,12,2,1,2,1,3,1.4339,2.1534
10,1,1,2,13,4,1,1,0,3,2.2579,2.7866
10,1,1,2,14,1,2,1,1,4,1.2818,1.9533
10,1,1,2,15,4,3,4,1,1,2.3712,2.7873
10,1,1,2,16,3,2,3,1,4,1.3306,1.6663
10,1,1,2,17,1,2,2,0,2,1.935,2.4147
10,1,1,2,18,1,3,1,1,4,1.1816,1.7259
10,1,1,2,19,4,2,4,1,2,2.4886,3.0965
10,1,1,2,20,1,4,1,1,1,3.6921,4.4757
10,1,1,2,21,1,4,1,1,1,2.5983,2.9338
10,1,1,2,22,2,1,2,1,2,2.1119,2.6557
10,1,1,2,23,2,1,2,1,4,1.6525,2.0368
10,1,1,2,24,1,3,1,1,4,2.1786,3.0101
10,1,1,2,25,4,1,1,0,3,2.2811,3.1128
10,1,1,2,26,3,2,3,1,1,2.5071,3.291
10,1,1,2,27,3,4,3,1,2,1.6696,2.1014
10,1,1,2,28,3,4,3,1,2,1.8895,2.4334
10,1,1,2,29,3,4,3,1,3,1.231,1.6158
10,1,1,2,30,4,2,4,1,4,1.4076,1.8715
10,1,1,2,31,2,4,4,0,2,1.892,2.6447
10,1,1,2,32,1,3,3,0,2,1.7699,2.4573
10,1,1,2,33,1,3,3,0,3,2.1827,2.5187
10,1,1,2,34,3,1,1,0,1,1.9691,2.2858
10,1,1,2,35,4,3,3,0,3,2.5326,2.8532
10,1,2,1,1,3,,4,0,2,1.9903,2.4704
10,1,2,1,2,1,,1,1,2,1.2825,1.6508
10,1,2,1,3,1,,1,1,3,1.296,1.6181
10,1,2,1,4,1,,1,1,4,1.1358,1.4515
10,1,2,1,5,2,,2,1,4,1.6054,1.9415
10,1,2,1,6,3,,3,1,3,1.2723,1.6079
10,1,2,1,7,4,,3,0,3,1.4164,1.7356
10,1,2,1,8,4,,1,0,1,1.8425,2.3061
10,1,2,1,9,4,,1,0,2,1.4614,1.9575
10,1,2,1,10,1,,2,0,2,1.671,1.9858
10,1,2,1,11,4,,4,1,4,1.6226,1.9354
10,1,2,1,12,2,,2,1,3,1.5771,2.0408
10,1,2,1,13,4,,1,0,3,1.7032,2.0874
10,1,2,1,14,4,,3,0,2,1.6994,2.0189
10,1,2,1,15,2,,2,1,2,1.6661,2.0343
10,1,2,1,16,1,,3,0,2,1.2322,1.5518
10,1,2,1,17,2,,2,1,3,1.8422,2.2741
10,1,2,1,18,1,,1,1,1,1.2225,2.4866
10,1,2,1,19,4,,1,0,1,2.0983,2.4195
10,1,2,1,20,2,,2,1,3,1.6321,2.2564
10,1,2,1,21,4,,4,1,2,1.7336,2.1659
10,1,2,1,22,2,,2,1,3,1.3915,1.7112
10,1,2,1,23,4,,4,1,2,1.8028,2.1233
10,1,2,1,24,1,,3,0,2,1.8617,2.1689
10,1,2,1,25,4,,3,0,2,1.47,2.5581
10,1,2,1,26,1,,2,0,3,1.5912,2.119
10,1,2,1,27,2,,2,1,4,1.2659,1.5853
10,1,2,1,28,2,,2,1,4,0.93,1.2514
10,1,2,1,29,3,,2,0,2,1.6805,2.1287
10,1,2,1,30,4,,3,0,1,2.7791,3.2755
10,1,2,1,31,3,,4,0,1,3.1105,3.4781
10,1,2,1,32,1,,1,1,1,1.8333,2.1525
10,1,2,1,33,1,,1,1,1,1.1545,1.4746
10,1,2,1,34,3,,3,1,2,1.4646,1.8485
10,1,2,1,35,1,,1,1,3,1.2622,1.5982
10,1,3,3,1,3,4,3,1,2,1.3494,1.846
10,1,3,3,2,3,4,3,1,3,1.3084,1.8205
10,1,3,3,3,3,4,4,0,3,1.0908,1.5075
10,1,3,3,4,4,3,4,1,3,0.9989,1.3193
10,1,3,3,5,3,4,3,1,4,1.1059,1.6337
10,1,3,3,6,3,4,3,1,4,1.1361,1.5204
10,1,3,3,7,3,4,3,1,4,0.8676,1.1847
10,1,3,3,8,4,3,4,1,4,0.9644,1.2847
10,1,3,3,9,3,4,3,1,4,1.0901,1.4015
10,1,3,3,10,4,3,3,0,2,1.5461,1.946
10,1,3,3,11,4,3,3,0,3,1.1482,1.5799
10,1,3,3,12,3,4,3,1,4,0.8451,1.1812
10,1,3,3,13,4,3,4,1,2,1.4547,2.1433
10,1,3,3,14,4,3,4,1,2,1.3051,2.0569
10,1,3,3,15,4,3,4,1,1,1.9589,2.5824
10,1,3,3,16,4,3,4,1,4,1.871,2.1859
10,1,3,3,17,3,4,3,1,3,0.9179,1.4299
10,1,3,3,18,4,3,3,0,2,1.3581,1.7737
10,1,3,3,19,4,3,4,1,2,1.1109,1.5588
10,1,3,3,20,3,4,3,1,3,1.0645,1.4173
10,1,3,3,21,3,4,3,1,4,1.1363,1.4518
10,1,3,3,22,4,3,4,1,2,1.1739,1.4848
10,1,3,3,23,3,4,3,1,3,0.8911,1.2113
10,1,3,3,24,4,3,4,1,1,1.0832,1.7231
10,1,3,3,25,3,4,3,1,3,0.8707,1.2709
10,1,3,3,26,3,4,3,1,4,0.836,1.1513
10,1,3,3,27,4,3,4,1,2,1.1104,1.5901
10,1,3,3,28,3,4,3,1,2,1.1751,1.5594
10,1,3,3,29,4,3,3,0,1,0.9533,1.7526
10,1,3,3,30,4,3,3,0,1,0.8502,1.168
10,1,3,3,31,3,4,3,1,3,1.2997,1.9239
10,1,3,3,32,3,4,3,1,2,0.9507,1.3989
10,1,3,3,33,3,4,3,1,3,0.7838,1.1012
10,1,3,3,34,4,3,4,1,3,1.1555,1.7798
10,1,3,3,35,4,3,3,0,1,1.0847,1.4016
10,2,1,3,1,1,3,1,1,1,1.4995,2.0757
10,2,1,3,2,1,3,1,1,3,1.1602,1.7842
10,2,1,3,3,3,1,3,1,3,1.1688,1.9686
10,2,1,3,4,1,3,3,0,2,1.6816,2.1134
10,2,1,3,5,3,1,3,1,4,1.2929,1.7245
10,2,1,3,6,1,3,1,1,3,1.1755,1.9117
10,2,1,3,7,1,3,1,1,3,1.2114,1.8357
10,2,1,3,8,1,3,1,1,2,0.9615,1.298
10,2,1,3,9,3,1,3,1,2,0.8942,1.4382
10,2,1,3,10,1,3,1,1,4,0.8209,1.1409
10,2,1,3,11,3,1,3,1,4,1.1442,1.4514
10,2,1,3,12,3,1,3,1,3,0.9266,1.3744
10,2,1,3,13,3,1,3,1,3,0.84,1.1921
10,2,1,3,14,3,1,3,1,1,0.8254,1.2249
10,2,1,3,15,1,3,1,1,3,0.9367,1.3369
10,2,1,3,16,1,3,1,1,2,1.4118,1.7797
10,2,1,3,17,3,1,3,1,3,0.8763,1.2444
10,2,1,3,18,1,3,1,1,3,0.8432,1.6274
10,2,1,3,19,3,1,3,1,4,0.9229,1.3066
10,2,1,3,20,1,3,1,1,2,1.3351,1.767
10,2,1,3,21,3,1,3,1,3,1.5991,1.9188
10,2,1,3,22,3,1,3,1,3,0.8345,1.2016
10,2,1,3,23,1,3,1,1,1,1.0103,1.5225
10,2,1,3,24,3,1,3,1,2,0.9015,1.333
10,2,1,3,25,1,3,1,1,1,1.1047,1.7924
10,2,1,3,26,3,1,3,1,3,1.1932,1.561
10,2,1,3,27,1,3,1,1,2,1.2745,1.787
10,2,1,3,28,1,3,1,1,3,1.1553,1.6029
10,2,1,3,29,3,1,3,1,2,1.2033,1.5555
10,2,1,3,30,1,3,1,1,2,0.9655,1.3007
10,2,1,3,31,1,3,1,1,3,1.5697,2.0334
10,2,1,3,32,1,3,1,1,4,1.0404,1.4561
10,2,1,3,33,3,1,3,1,4,1.0305,1.4622
10,2,1,3,34,1,3,1,1,4,1.0844,1.484
10,2,1,3,35,3,1,3,1,4,1.0251,1.5849
10,2,2,1,1,1,,1,1,2,1.2084,2.376
10,2,2,1,2,4,,3,0,3,1.9449,2.2804
10,2,2,1,3,2,,2,1,4,1.4054,2.045
10,2,2,1,4,3,,3,1,4,1.3232,1.6595
10,2,2,1,5,4,,3,0,4,1.2408,1.5518
10,2,2,1,6,2,,1,0,2,1.1302,1.4984
10,2,2,1,7,3,,3,1,4,1.3115,1.6185
10,2,2,1,8,3,,3,1,4,1.1831,1.5017
10,2,2,1,9,4,,2,0,2,1.6989,2.1148
10,2,2,1,10,3,,3,1,2,2.0303,2.3823
10,2,2,1,11,3,,3,1,1,1.9027,2.3662
10,2,2,1,12,3,,3,1,1,1.3593,1.7434
10,2,2,1,13,4,,4,1,2,1.2417,1.8979
10,2,2,1,14,3,,3,1,3,1.4705,1.8223
10,2,2,1,15,4,,4,1,3,1.0613,1.7651
10,2,2,1,16,2,,4,0,3,1.7271,2.0356
10,2,2,1,17,4,,4,1,1,2.124,2.436
10,2,2,1,18,4,,2,0,1,2.602,2.9199
10,2,2,1,19,2,,2,1,3,1.2515,1.5718
10,2,2,1,20,4,,3,0,3,1.8452,2.1966
10,2,2,1,21,3,,2,0,2,1.4526,1.7687
10,2,2,1,22,4,,4,1,3,1.8137,2.166
10,2,2,1,23,4,,4,1,3,1.0555,1.3682
10,2,2,1,24,2,,2,1,4,1.8805,2.2024
10,2,2,1,25,1,,1,1,4,1.1363,1.4518
10,2,2,1,26,1,,1,1,4,0.9655,1.2848
10,2,2,1,27,3,,4,0,4,1.3632,1.6852
10,2,2,1,28,1,,1,1,4,1.5993,1.9188
10,2,2,1,29,3,,2,0,2,1.2178,1.5863
10,2,2,1,30,2,,2,1,3,2.1311,2.4529
10,2,2,1,31,4,,3,0,2,2.2722,2.7521
10,2,2,1,32,1,,1,1,2,0.9921,1.4725
10,2,2,1,33,1,,2,0,1,1.6699,2.1815
10,2,2,1,34,3,,3,1,3,1.4548,1.7686
10,2,2,1,35,1,,1,1,2,1.3198,1.767
10,2,3,2,1,2,4,2,1,2,4.0073,4.5193
10,2,3,2,2,4,1,4,1,2,1.888,2.5921
10,2,3,2,3,2,1,2,1,4,1.4315,2.2155
10,2,3,2,4,1,2,1,1,4,1.9505,2.287
10,2,3,2,5,1,3,1,1,2,1.4427,1.7939
10,2,3,2,6,4,3,3,0,1,1.7873,2.6673
10,2,3,2,7,1,3,1,1,1,2.5113,2.9592
10,2,3,2,8,4,3,4,1,2,2.5033,3.0795
10,2,3,2,9,1,2,2,0,1,1.4185,1.8509
10,2,3,2,10,2,3,2,1,4,1.6168,2.2086
10,2,3,2,11,4,3,3,0,2,1.8802,2.4554
10,2,3,2,12,3,2,3,1,3,1.7806,2.4849
10,2,3,2,13,4,1,4,1,4,2.1927,2.8001
10,2,3,2,14,3,1,3,1,3,2.3192,3.3593
10,2,3,2,15,2,3,2,1,4,1.2238,1.7036
10,2,3,2,16,2,1,2,1,4,1.0591,1.3955
10,2,3,2,17,1,2,2,0,4,1.6439,2.0121
10,2,3,2,18,3,4,3,1,4,2.0112,2.4281
10,2,3,2,19,1,4,1,1,3,1.4019,1.7187
10,2,3,2,20,4,3,4,1,1,3.0924,3.5728
10,2,3,2,21,2,3,2,1,3,1.2836,1.668
10,2,3,2,22,2,4,2,1,3,1.5367,1.8522
10,2,3,2,23,1,3,1,1,1,1.8787,2.2025
10,2,3,2,24,1,4,1,1,3,1.1658,1.8221
10,2,3,2,25,2,3,2,1,4,1.6693,1.989
10,2,3,2,26,2,4,2,1,4,1.1086,1.4934
10,2,3,2,27,2,1,2,1,2,1.4816,2.1694
10,2,3,2,28,3,4,3,1,3,1.8265,2.3224
10,2,3,2,29,4,1,1,0,1,2.4526,2.7698
10,2,3,2,30,3,1,3,1,4,1.6204,2.0208
10,2,3,2,31,4,3,3,0,4,1.2517,1.5685
10,2,3,2,32,4,3,4,1,4,1.5087,1.8188
10,2,3,2,33,1,3,3,0,2,2.0433,2.5238
10,2,3,2,34,3,1,3,1,4,1.2538,1.5897
10,2,3,2,35,1,4,4,0,2,1.3186,2.3582
10,3,1,1,1,2,,2,1,3,1.4134,1.7498
10,3,1,1,2,1,,3,0,2,1.6004,1.9189
10,3,1,1,3,1,,3,0,1,1.1068,1.4431
10,3,1,1,4,2,,2,1,2,2.106,2.4194
10,3,1,1,5,1,,3,0,3,1.1918,2.136
10,3,1,1,6,2,,2,1,4,1.0901,1.4016
10,3,1,1,7,3,,3,1,1,1.5461,2.154
10,3,1,1,8,2,,2,1,3,1.8119,2.1359
10,3,1,1,9,4,,3,0,2,1.0697,1.3897
10,3,1,1,10,2,,2,1,4,1.3987,1.7826
10,3,1,1,11,4,,4,1,4,1.5033,1.8188
10,3,1,1,12,4,,4,1,3,1.3344,1.8943
10,3,1,1,13,4,,1,0,2,1.6907,2.0421
10,3,1,1,14,1,,4,0,3,1.7049,2.2004
10,3,1,1,15,4,,4,1,2,1.2319,1.6482
10,3,1,1,16,3,,1,0,2,2.4303,2.7532
10,3,1,1,17,1,,2,0,2,2.2225,2.5361
10,3,1,1,18,4,,3,0,3,2.2167,2.9528
10,3,1,1,19,2,,2,1,3,1.3291,1.6973
10,3,1,1,20,1,,3,0,3,2.4458,2.753
10,3,1,1,21,1,,4,0,1,1.7581,2.7817
10,3,1,1,22,2,,2,1,2,1.454,2.174
10,3,1,1,23,2,,2,1,1,1.8302,2.3749
10,3,1,1,24,3,,3,1,3,1.7034,2.4712
10,3,1,1,25,3,,3,1,4,1.0272,1.427
10,3,1,1,26,4,,4,1,3,1.5785,2.0586
10,3,1,1,27,1,,2,0,2,1.7836,2.4396
10,3,1,1,28,4,,4,1,2,1.6536,2.2141
10,3,1,1,29,3,,3,1,3,1.2129,1.5352
10,3,1,1,30,1,,4,0,2,1.8075,2.3034
10,3,1,1,31,1,,1,1,3,1.1065,1.6826
10,3,1,1,32,3,,3,1,4,1.2636,1.7921
10,3,1,1,33,1,,2,0,3,2.0726,3.5762
10,3,1,1,34,2,,2,1,3,1.2074,1.863
10,3,1,1,35,1,,2,0,2,2.2211,2.7171
10,3,2,3,1,3,2,2,0,3,1.7505,2.07
10,3,2,3,2,3,2,3,1,3,1.7788,2.3224
10,3,2,3,3,3,2,3,1,4,1.141,1.4934
10,3,2,3,4,2,3,2,1,3,0.9385,1.6262
10,3,2,3,5,2,3,2,1,3,1.0013,1.3182
10,3,2,3,6,3,2,3,1,4,0.8205,1.1348
10,3,2,3,7,2,3,2,1,3,1.0146,1.3349
10,3,2,3,8,3,2,3,1,2,0.8821,1.2503
10,3,2,3,9,3,2,3,1,2,0.9283,1.2515
10,3,2,3,10,2,3,2,1,3,0.9905,1.3104
10,3,2,3,11,3,2,3,1,3,1.1151,1.435
10,3,2,3,12,3,2,3,1,4,0.9138,1.2347
10,3,2,3,13,3,2,3,1,4,0.8806,1.2014
10,3,2,3,14,2,3,2,1,2,0.9607,1.3928
10,3,2,3,15,2,3,2,1,3,0.8092,1.1774
10,3,2,3,16,3,2,3,1,3,0.8425,1.1513
10,3,2,3,17,2,3,2,1,2,1.1169,1.4353
10,3,2,3,18,3,2,3,1,2,0.7716,1.3475
10,3,2,3,19,3,2,3,1,3,1.0707,1.4069
10,3,2,3,20,3,2,3,1,3,0.7744,1.1431
10,3,2,3,21,2,3,2,1,3,0.8256,1.2253
10,3,2,3,22,2,3,2,1,4,0.809,1.1288
10,3,2,3,23,3,2,3,1,2,1.2128,1.5351
10,3,2,3,24,2,3,3,0,1,2.6708,2.9868
10,3,2,3,25,2,3,2,1,1,0.7898,1.1012
10,3,2,3,26,2,3,2,1,3,0.8268,1.1344
10,3,2,3,27,3,2,3,1,2,0.8937,1.2457
10,3,2,3,28,2,3,2,1,3,0.8603,1.2926
10,3,2,3,29,3,2,2,0,1,0.9532,1.3536
10,3,2,3,30,2,3,2,1,2,0.9159,1.3638
10,3,2,3,31,3,2,3,1,3,0.6379,0.9581
10,3,2,3,32,3,2,3,1,4,1.0489,1.3683
10,3,2,3,33,2,3,2,1,2,0.9136,1.794
10,3,2,3,34,3,2,3,1,3,1.594,1.9022
10,3,2,3,35,3,2,3,1,4,0.7819,1.2302
10,3,3,2,1,2,3,2,1,3,1.4447,1.7518
10,3,3,2,2,4,3,3,0,1,1.47,2.3341
10,3,3,2,3,1,2,2,0,2,1.9361,2.2527
10,3,3,2,4,1,4,4,0,1,1.9089,2.2191
10,3,3,2,5,4,2,4,1,3,1.4355,1.9799
10,3,3,2,6,4,1,4,1,3,1.484,1.8021
10,3,3,2,7,1,3,1,1,1,1.7475,2.1636
10,3,3,2,8,3,1,3,1,2,2.109,2.4936
10,3,3,2,9,1,3,1,1,1,1.513,1.8357
10,3,3,2,10,1,3,1,1,1,1.5028,1.8186
10,3,3,2,11,3,4,4,0,3,1.0465,1.4141
10,3,3,2,12,2,1,2,1,3,1.3106,1.7105
10,3,3,2,13,4,2,4,1,3,1.4336,1.8982
10,3,3,2,14,4,2,4,1,3,1.3103,1.6185
10,3,3,2,15,1,3,1,1,1,2.3495,2.7657
10,3,3,2,16,3,4,3,1,4,1.3419,2.1583
10,3,3,2,17,2,1,2,1,4,1.2552,1.9597
10,3,3,2,18,1,2,1,1,3,1.3369,1.9126
10,3,3,2,19,3,1,3,1,1,2.7003,3.1807
10,3,3,2,20,4,3,3,0,1,2.1396,2.8603
10,3,3,2,21,4,3,3,0,3,2.553,3.0802
10,3,3,2,22,2,3,2,1,4,1.0517,1.4685
10,3,3,2,23,4,3,3,0,3,1.2334,2.0179
10,3,3,2,24,3,2,3,1,4,1.0405,1.3515
10,3,3,2,25,3,1,3,1,2,1.7861,2.2026
10,3,3,2,26,4,3,3,0,4,1.4093,1.8419
10,3,3,2,27,4,2,4,1,4,2.2159,2.7439
10,3,3,2,28,2,3,2,1,4,1.2733,1.5851
10,3,3,2,29,3,1,3,1,4,1.0968,1.5286
10,3,3,2,30,2,1,2,1,2,1.4527,1.9804
10,3,3,2,31,3,1,3,1,3,1.1816,1.5493
10,3,3,2,32,4,1,1,0,1,3.0564,3.3761
10,3,3,2,33,3,4,3,1,1,1.3833,1.7354
10,3,3,2,34,1,3,1,1,3,1.5053,2.05
10,3,3,2,35,4,3,3,0,2,1.967,2.2859
10,4,1,1,1,2,,2,1,3,1.4094,1.7295
10,4,1,1,2,1,,3,0,3,1.213,1.5351
10,4,1,1,3,4,,2,0,2,1.839,2.1519
10,4,1,1,4,1,,2,0,2,1.0809,1.4016
10,4,1,1,5,1,,3,0,2,0.9767,1.2848
10,4,1,1,6,4,,4,1,2,1.0855,1.4214
10,4,1,1,7,4,,4,1,4,1.6529,1.9689
10,4,1,1,8,1,,2,0,2,1.5737,1.8939
10,4,1,1,9,3,,4,0,3,1.0337,1.3515
10,4,1,1,10,1,,1,1,3,0.9958,1.318
10,4,1,1,11,2,,2,1,3,1.1839,1.5518
10,4,1,1,12,2,,1,0,1,0.7695,2.2574
10,4,1,1,13,1,,1,1,3,1.0297,1.4302
10,4,1,1,14,2,,2,1,4,1.038,1.3515
10,4,1,1,15,1,,1,1,3,1.0477,1.432
10,4,1,1,16,1,,2,0,3,1.0397,1.3514
10,4,1,1,17,2,,2,1,4,1.2094,1.5187
10,4,1,1,18,2,,2,1,4,1.2283,1.5518
10,4,1,1,19,1,,1,1,3,1.1505,1.9345
10,4,1,1,20,4,,1,0,3,1.3291,1.6519
10,4,1,1,21,1,,1,1,2,0.8145,1.1346
10,4,1,1,22,4,,3,0,2,1.4578,1.7684
10,4,1,1,23,4,,2,0,1,1.5149,2.315
10,4,1,1,24,4,,1,0,1,1.4544,1.7687
10,4,1,1,25,1,,1,1,2,1.5592,2.6311
10,4,1,1,26,3,,2,0,2,1.4534,1.7688
10,4,1,1,27,1,,1,1,4,0.8055,1.1574
10,4,1,1,28,1,,2,0,3,1.3681,1.6853
10,4,1,1,29,3,,3,1,3,1.1551,1.4685
10,4,1,1,30,4,,2,0,3,1.4329,1.7529
10,4,1,1,31,4,,3,0,3,1.3949,1.7186
10,4,1,1,32,1,,1,1,3,1.6138,1.9355
10,4,1,1,33,2,,3,0,3,1.9842,2.3027
10,4,1,1,34,3,,3,1,3,1.5391,1.8519
10,4,1,1,35,4,,4,1,4,1.3522,1.6685
10,4,2,2,1,3,1,3,1,3,1.5958,1.9188
10,4,2,2,2,1,3,3,0,1,1.4072,2.0148
10,4,2,2,3,4,2,4,1,3,1.5343,2.0144
10,4,2,2,4,2,3,2,1,3,1.6135,2.0612
10,4,2,2,5,2,4,2,1,3,1.7553,2.1233
10,4,2,2,6,2,1,1,0,1,2.0541,2.8536
10,4,2,2,7,1,2,3,0,3,2.002,2.6259
10,4,2,2,8,2,3,2,1,2,1.9928,2.5046
10,4,2,2,9,2,3,2,1,3,1.3317,2.1476
10,4,2,2,10,1,4,1,1,1,1.5972,1.9814
10,4,2,2,11,3,1,3,1,3,2.3178,2.9584
10,4,2,2,12,3,2,3,1,3,1.1428,1.4945
10,4,2,2,13,1,3,1,1,1,1.7716,2.2835
10,4,2,2,14,1,3,1,1,3,1.4236,2.1434
10,4,2,2,15,2,1,1,0,1,2.5855,3.3378
10,4,2,2,16,2,1,2,1,3,1.2181,1.7147
10,4,2,2,17,1,4,1,1,3,1.2943,1.6937
10,4,2,2,18,4,3,4,1,4,1.1949,1.5016
10,4,2,2,19,3,2,3,1,2,1.9824,2.4945
10,4,2,2,20,3,1,3,1,2,2.5697,3.0656
10,4,2,2,21,1,2,1,1,1,1.1659,1.8056
10,4,2,2,22,3,1,3,1,2,1.509,1.8452
10,4,2,2,23,4,2,4,1,4,1.4199,1.7351
10,4,2,2,24,3,2,3,1,2,2.1343,2.4539
10,4,2,2,25,3,2,3,1,2,2.5314,2.8533
10,4,2,2,26,1,2,2,0,1,2.3833,2.7354
10,4,2,2,27,3,1,1,0,1,1.3768,1.6851
10,4,2,2,28,3,1,3,1,3,2.4137,2.7496
10,4,2,2,29,4,3,3,0,1,2.2225,2.6704
10,4,2,2,30,1,2,1,1,4,1.0911,1.5549
10,4,2,2,31,2,1,2,1,4,1.1561,1.4682
10,4,2,2,32,2,3,2,1,4,1.4183,1.7354
10,4,2,2,33,2,3,2,1,4,1.044,1.4119
10,4,2,2,34,1,3,1,1,4,1.0524,1.3682
10,4,2,2,35,4,1,1,0,4,1.0144,1.335
10,4,3,3,1,4,2,2,0,3,2.1841,2.5028
10,4,3,3,2,2,4,2,1,3,1.1226,1.5548
10,4,3,3,3,4,2,4,1,3,1.4604,1.7686
10,4,3,3,4,4,2,4,1,3,1.0698,1.581
10,4,3,3,5,2,4,2,1,2,0.879,1.2143
10,4,3,3,6,2,4,2,1,1,1.5189,1.8872
10,4,3,3,7,4,2,4,1,3,1.0118,1.4435
10,4,3,3,8,4,2,4,1,1,1.0981,1.4657
10,4,3,3,9,2,4,2,1,4,1.0561,1.376
10,4,3,3,10,2,4,2,1,4,0.9377,1.4338
10,4,3,3,11,2,4,2,1,2,1.0085,1.4726
10,4,3,3,12,2,4,2,1,3,1.4778,1.9901
10,4,3,3,13,4,2,4,1,3,0.9498,1.2681
10,4,3,3,14,2,4,2,1,3,0.8676,1.347
10,4,3,3,15,2,4,2,1,3,1.3739,1.6851
10,4,3,3,16,2,4,2,1,4,0.7946,1.118
10,4,3,3,17,4,2,4,1,1,1.0707,1.4385
10,4,3,3,18,2,4,2,1,4,0.9014,1.381
10,4,3,3,19,2,4,2,1,2,0.8307,1.3104
10,4,3,3,20,4,2,4,1,3,1.083,1.6586
10,4,3,3,21,2,4,2,1,3,0.9212,1.4007
10,4,3,3,22,2,4,2,1,2,0.7845,1.1047
10,4,3,3,23,2,4,2,1,3,0.7889,1.2689
10,4,3,3,24,2,4,2,1,2,0.8194,1.1345
10,4,3,3,25,2,4,2,1,1,1.3663,1.6863
10,4,3,3,26,2,4,2,1,3,0.7709,1.4427
10,4,3,3,27,2,4,2,1,4,0.7931,1.1293
10,4,3,3,28,4,2,4,1,4,1.0373,1.4049
10,4,3,3,29,4,2,4,1,2,0.7731,1.0846
10,4,3,3,30,4,2,4,1,3,1.2744,1.6257
10,4,3,3,31,4,2,4,1,4,0.873,1.1849
10,4,3,3,32,4,2,4,1,2,0.8584,1.2268
10,4,3,3,33,4,2,4,1,2,0.6021,1.2577
10,4,3,3,34,2,4,2,1,3,1.1765,1.5443
10,4,3,3,35,2,4,2,1,3,1.0981,1.658
10,5,1,3,1,4,1,1,0,1,1.2221,1.6388
10,5,1,3,2,4,1,4,1,2,0.8051,1.3174
10,5,1,3,3,1,4,1,1,1,1.1049,1.4887
10,5,1,3,4,1,4,1,1,3,0.6937,1.0011
10,5,1,3,5,4,1,4,1,4,0.5421,0.8509
10,5,1,3,6,4,1,4,1,4,0.6207,0.9342
10,5,1,3,7,4,1,4,1,3,0.5009,0.8176
10,5,1,3,8,4,1,4,1,2,0.6477,0.9677
10,5,1,3,9,4,1,4,1,3,0.5008,0.8177
10,5,1,3,10,4,1,4,1,2,0.5007,0.8177
10,5,1,3,11,4,1,4,1,3,0.6737,0.9844
10,5,1,3,12,1,4,1,1,2,0.635,0.9708
10,5,1,3,13,1,4,1,1,3,0.7255,1.0345
10,5,1,3,14,1,4,4,0,3,1.0683,1.5008
10,5,1,3,15,4,1,4,1,2,1.1681,1.5364
10,5,1,3,16,4,1,4,1,3,1.0755,1.3849
10,5,1,3,17,4,1,4,1,2,0.7163,1.0348
10,5,1,3,18,4,1,4,1,2,0.675,0.9845
10,5,1,3,19,1,4,1,1,2,0.6361,0.9511
10,5,1,3,20,4,1,4,1,3,0.8709,1.1845
10,5,1,3,21,4,1,4,1,3,0.7438,1.0513
10,5,1,3,22,4,1,4,1,2,1.0543,1.4222
10,5,1,3,23,1,4,1,1,4,0.7577,1.0679
10,5,1,3,24,4,1,4,1,3,0.9241,1.2347
10,5,1,3,25,4,1,4,1,2,0.9067,1.2742
10,5,1,3,26,4,1,4,1,2,1.6406,2.2324
10,5,1,3,27,1,4,1,1,2,0.8306,1.5184
10,5,1,3,28,4,1,4,1,2,1.3143,1.7778
10,5,1,3,29,4,1,1,0,3,1.1635,1.5949
10,5,1,3,30,4,1,1,0,3,1.804,2.119
10,5,1,3,31,1,4,1,1,3,0.7423,1.4304
10,5,1,3,32,1,4,1,1,3,0.8297,1.1515
10,5,1,3,33,1,4,1,1,3,0.7204,1.0346
10,5,1,3,34,4,1,4,1,2,0.935,2.0235
10,5,1,3,35,4,1,1,0,1,2.5178,2.8366
10,5,2,2,1,2,1,1,0,3,10.57,11.4183
10,5,2,2,2,1,2,1,1,1,1.4628,1.7875
10,5,2,2,3,3,2,3,1,4,3.1985,3.5227
10,5,2,2,4,3,2,3,1,3,0.9111,1.2358
10,5,2,2,5,1,4,1,1,2,0.8619,1.2137
10,5,2,2,6,4,3,4,1,3,0.9574,1.2679
10,5,2,2,7,3,2,3,1,3,1.1143,1.4351
10,5,2,2,8,2,4,2,1,4,0.9924,1.3607
10,5,2,2,9,4,3,3,0,1,1.5311,2.1226
10,5,2,2,10,4,1,4,1,4,1.11,1.4298
10,5,2,2,11,3,2,3,1,2,2.333,2.989
10,5,2,2,12,2,3,2,1,3,1.028,1.4283
10,5,2,2,13,4,1,1,0,1,1.4833,1.8023
10,5,2,2,14,1,4,1,1,3,0.9954,1.3181
10,5,2,2,15,2,4,2,1,3,1.087,1.455
10,5,2,2,16,2,3,2,1,3,1.9091,2.2608
10,5,2,2,17,4,3,3,0,1,1.0016,1.4023
10,5,2,2,18,2,3,2,1,4,1.1219,1.4348
10,5,2,2,19,3,2,3,1,4,1.1929,1.502
10,5,2,2,20,2,3,2,1,4,0.9725,1.2849
10,5,2,2,21,4,3,3,0,2,1.0972,1.9766
10,5,2,2,22,2,3,2,1,3,0.9697,1.3861
10,5,2,2,23,3,2,3,1,4,1.0583,1.3681
10,5,2,2,24,3,4,3,1,2,1.0684,1.9799
10,5,2,2,25,1,3,3,0,3,1.2771,1.8051
10,5,2,2,26,2,4,2,1,3,1.0444,1.7327
10,5,2,2,27,2,4,2,1,2,0.864,1.2634
10,5,2,2,28,4,2,3,0,1,0.9261,2.4459
10,5,2,2,29,3,1,3,1,2,1.036,1.6917
10,5,2,2,30,4,1,4,1,3,1.2885,1.6722
10,5,2,2,31,3,4,3,1,3,1.0455,1.4289
10,5,2,2,32,2,3,2,1,4,1.133,1.4849
10,5,2,2,33,2,1,2,1,2,1.4731,1.8096
10,5,2,2,34,3,1,3,1,3,0.9693,1.2848
10,5,2,2,35,2,4,2,1,3,1.318,1.702
10,5,3,1,1,3,,2,0,3,1.4001,1.7185
10,5,3,1,2,2,,2,1,3,1.1553,1.4686
10,5,3,1,3,4,,3,0,2,1.0969,1.4183
10,5,3,1,4,2,,2,1,3,1.2481,1.5685
10,5,3,1,5,3,,3,1,4,1.0244,1.3348
10,5,3,1,6,4,,3,0,2,1.3078,1.6184
10,5,3,1,7,4,,4,1,3,0.8593,1.3387
10,5,3,1,8,2,,2,1,3,0.9502,1.268
10,5,3,1,9,4,,2,0,2,1.6195,1.9358
10,5,3,1,10,2,,2,1,4,0.9656,1.285
10,5,3,1,11,1,,1,1,4,0.9469,1.2681
10,5,3,1,12,1,,1,1,2,0.7199,1.1359
10,5,3,1,13,4,,2,0,2,1.5396,1.8524
10,5,3,1,14,4,,4,1,1,0.777,1.241
10,5,3,1,15,2,,2,1,4,0.9994,1.3202
10,5,3,1,16,1,,2,0,2,2.0353,2.3528
10,5,3,1,17,3,,2,0,2,1.3486,2.6444
10,5,3,1,18,4,,1,0,2,1.3222,1.7222
10,5,3,1,19,4,,2,0,1,2.5326,2.8688
10,5,3,1,20,1,,1,1,3,1.0887,1.5852
10,5,3,1,21,3,,2,0,2,1.3611,1.6817
10,5,3,1,22,3,,1,0,1,1.3268,1.6352
10,5,3,1,23,3,,3,1,3,1.6293,1.9524
10,5,3,1,24,4,,2,0,1,1.5663,1.8855
10,5,3,1,25,4,,4,1,3,1.539,1.8522
10,5,3,1,26,2,,2,1,2,1.1128,1.4803
10,5,3,1,27,4,,4,1,3,1.0859,1.4017
10,5,3,1,28,3,,3,1,4,1.4454,1.7689
10,5,3,1,29,3,,3,1,2,1.2149,1.5825
10,5,3,1,30,3,,3,1,3,0.8636,1.3277
10,5,3,1,31,2,,2,1,3,1.0195,1.5639
10,5,3,1,32,2,,4,0,1,2.526,3.0535
10,5,3,1,33,2,,2,1,2,1.5863,2.114
10,5,3,1,34,1,,1,1,3,1.1009,1.533
10,5,3,1,35,1,,1,1,3,0.8166,1.1845
10,6,1,2,1,1,3,3,0,2,1.9237,2.2359
10,6,1,2,2,3,1,3,1,3,1.2258,1.6265
10,6,1,2,3,1,3,1,1,4,0.8412,1.1512
10,6,1,2,4,2,4,2,1,2,2.3959,3.2434
10,6,1,2,5,3,1,3,1,2,2.2802,2.6032
10,6,1,2,6,2,3,2,1,4,1.0393,1.4392
10,6,1,2,7,4,2,2,0,3,2.1822,2.5502
10,6,1,2,8,4,1,4,1,4,1.0873,1.4074
10,6,1,2,9,4,2,4,1,3,0.9032,1.3515
10,6,1,2,10,2,1,2,1,4,1.0094,1.5377
10,6,1,2,11,3,1,3,1,2,1.9247,2.2599
10,6,1,2,12,4,2,4,1,2,1.3059,1.6411
10,6,1,2,13,1,2,1,1,4,1.0637,1.4318
10,6,1,2,14,3,1,3,1,4,1.2798,1.6018
10,6,1,2,15,3,2,4,0,1,0.9756,2.5431
10,6,1,2,16,1,4,1,1,4,0.921,1.4972
10,6,1,2,17,4,2,4,1,4,1.326,1.6352
10,6,1,2,18,4,2,4,1,3,1.7559,2.1724
10,6,1,2,19,3,4,4,0,3,1.4604,1.8125
10,6,1,2,20,1,4,4,0,2,1.3562,1.669
10,6,1,2,21,1,3,3,0,1,1.8012,2.2813
10,6,1,2,22,2,4,2,1,1,2.3501,2.8942
10,6,1,2,23,4,2,4,1,3,1.1292,1.4971
10,6,1,2,24,1,3,3,0,2,1.5656,1.9181
10,6,1,2,25,1,4,4,0,2,1.521,2.0486
10,6,1,2,26,1,3,3,0,4,1.4552,2.0311
10,6,1,2,27,1,2,1,1,4,1.2135,1.8699
10,6,1,2,28,2,1,1,0,1,1.6341,2.0184
10,6,1,2,29,2,1,2,1,4,1.153,1.6169
10,6,1,2,30,3,4,3,1,4,1.1201,1.5049
10,6,1,2,31,3,4,3,1,3,0.8846,1.2014
10,6,1,2,32,1,4,1,1,3,1.1092,1.4769
10,6,1,2,33,4,2,2,0,1,3.3545,3.671
10,6,1,2,34,1,3,1,1,3,0.9814,1.3334
10,6,1,2,35,2,4,2,1,2,1.1841,1.6639
10,6,2,3,1,1,2,1,1,4,0.9808,1.604
10,6,2,3,2,1,2,1,1,2,0.7406,1.1084
10,6,2,3,3,1,2,1,1,3,0.7451,1.068
10,6,2,3,4,2,1,2,1,4,0.8458,1.4062
10,6,2,3,5,2,1,2,1,3,0.7745,1.0847
10,6,2,3,6,2,1,2,1,3,0.7476,1.0681
10,6,2,3,7,2,1,2,1,3,0.8181,1.2496
10,6,2,3,8,1,2,1,1,4,0.7521,1.0721
10,6,2,3,9,2,1,2,1,4,0.7414,1.0513
10,6,2,3,10,1,2,1,1,2,0.9241,1.5
10,6,2,3,11,1,2,1,1,3,1.0562,1.584
10,6,2,3,12,2,1,2,1,4,1.137,1.5527
10,6,2,3,13,2,1,2,1,4,1.0428,1.3515
10,6,2,3,14,2,1,2,1,3,1.1011,1.5973
10,6,2,3,15,2,1,2,1,3,0.8135,1.23
10,6,2,3,16,2,1,2,1,4,1.0371,1.3518
10,6,2,3,17,1,2,1,1,4,1.1436,1.4685
10,6,2,3,18,1,2,1,1,2,0.7968,1.2448
10,6,2,3,19,1,2,1,1,3,0.8273,1.1515
10,6,2,3,20,2,1,2,1,3,0.9256,1.6294
10,6,2,3,21,2,1,2,1,4,0.845,1.1682
10,6,2,3,22,2,1,2,1,4,0.8462,1.168
10,6,2,3,23,1,2,1,1,2,1.312,2.1597
10,6,2,3,24,1,2,1,1,3,1.2412,1.8813
10,6,2,3,25,2,1,2,1,4,0.9747,1.5342
10,6,2,3,26,1,2,2,0,3,0.8811,1.3125
10,6,2,3,27,2,1,2,1,4,0.8292,1.181
10,6,2,3,28,1,2,1,1,2,1.0065,1.3907
10,6,2,3,29,1,2,1,1,2,1.1436,1.4518
10,6,2,3,30,1,2,1,1,3,1.3741,1.6851
10,6,2,3,31,2,1,1,0,1,1.0976,2.1697
10,6,2,3,32,2,1,2,1,4,0.802,1.1378
10,6,2,3,33,1,2,1,1,2,0.8056,1.1413
10,6,2,3,34,2,1,1,0,2,1.3205,2.2158
10,6,2,3,35,1,2,2,0,2,0.9751,1.2848
10,6,3,1,1,2,,2,1,2,1.1074,1.5065
10,6,3,1,2,4,,2,0,3,1.543,1.8522
10,6,3,1,3,4,,4,1,3,1.517,1.9007
10,6,3,1,4,2,,2,1,2,1.0245,1.3349
10,6,3,1,5,4,,4,1,2,1.819,2.1361
10,6,3,1,6,2,,2,1,3,1.0926,1.4013
10,6,3,1,7,2,,2,1,3,1.8535,2.169
10,6,3,1,8,2,,2,1,3,2.0373,2.3525
10,6,3,1,9,2,,2,1,2,0.8071,1.1273
10,6,3,1,10,2,,2,1,1,1.8667,2.5706
10,6,3,1,11,3,,3,1,2,1.4108,2.019
10,6,3,1,12,3,,3,1,3,0.9933,1.3615
10,6,3,1,13,2,,2,1,2,1.6598,2.2356
10,6,3,1,14,4,,4,1,2,1.2176,1.5536
10,6,3,1,15,1,,1,1,3,1.0111,1.4596
10,6,3,1,16,3,,3,1,2,1.3059,1.6739
10,6,3,1,17,1,,1,1,2,1.1268,1.7663
10,6,3,1,18,1,,1,1,1,1.6481,2.4165
10,6,3,1,19,1,,1,1,1,1.8078,2.1191
10,6,3,1,20,3,,3,1,2,1.3065,1.6263
10,6,3,1,21,4,,2,0,1,1.7057,2.0189
10,6,3,1,22,2,,2,1,1,1.368,1.6852
10,6,3,1,23,4,,4,1,2,1.3167,1.6354
10,6,3,1,24,1,,3,0,2,1.8109,2.119
10,6,3,1,25,1,,1,1,2,1.4206,1.9493
10,6,3,1,26,3,,1,0,1,2.591,2.9032
10,6,3,1,27,4,,3,0,2,1.2255,1.5353
10,6,3,1,28,3,,3,1,2,0.7638,1.1806
10,6,3,1,29,2,,2,1,2,1.102,1.4181
10,6,3,1,30,1,,1,1,1,0.9177,1.2851
10,6,3,1,31,3,,3,1,2,1.074,1.4265
10,6,3,1,32,3,,3,1,2,0.8101,1.1179
10,6,3,1,33,3,,3,1,2,0.7177,1.0345
10,6,3,1,34,2,,2,1,3,1.6691,2.0368
10,6,3,1,35,2,,2,1,3,0.8664,1.3152
11,1,1,2,1,2,3,2,1,3,1.3854,2.0094
11,1,1,2,2,2,4,2,1,3,1.9452,3.0014
11,1,1,2,3,2,1,2,1,4,1.6956,2.3834
11,1,1,2,4,3,2,3,1,4,2.2718,3.7439
11,1,1,2,5,4,2,2,0,1,3.5601,4.6482
11,1,1,2,6,3,1,3,1,4,1.451,1.9951
11,1,1,2,7,2,4,2,1,4,1.8028,2.5394
11,1,1,2,8,2,1,2,1,4,1.5409,2.1169
11,1,1,2,9,1,4,1,1,1,3.9677,4.927
11,1,1,2,10,4,3,4,1,3,1.719,2.4712
11,1,1,2,11,1,3,3,0,2,2.6916,3.7149
11,1,1,2,12,1,3,1,1,3,2.3008,2.9564
11,1,1,2,13,4,2,2,0,3,3.6857,4.3571
11,1,1,2,14,2,1,2,1,3,1.4119,2.1798
11,1,1,2,15,2,1,2,1,3,1.0686,1.485
11,1,1,2,16,3,2,3,1,2,1.7773,3.4569
11,1,1,2,17,3,2,3,1,1,1.4935,2.2287
11,1,1,2,18,2,4,2,1,4,1.3878,2.0281
11,1,1,2,19,1,2,2,0,4,2.1225,2.6983
11,1,1,2,20,1,4,1,1,3,1.2138,1.8697
11,1,1,2,21,4,3,3,0,3,1.4426,2.0027
11,1,1,2,22,3,1,3,1,4,1.6345,2.3382
11,1,1,2,23,4,1,1,0,2,2.6596,3.9081
11,1,1,2,24,1,2,1,1,3,2.0696,2.7253
11,1,1,2,25,2,1,1,0,2,4.8232,5.607
11,1,1,2,26,1,4,1,1,2,1.4106,2.243
11,1,1,2,27,1,4,1,1,4,1.3355,1.8473
11,1,1,2,28,3,1,3,1,4,1.3105,1.8222
11,1,1,2,29,1,4,1,1,3,1.349,1.8615
11,1,1,2,30,3,4,3,1,4,1.1943,2.0261
11,1,1,2,31,4,3,3,0,4,1.2572,1.753
11,1,1,2,32,4,1,4,1,1,3.7148,4.2433
11,1,1,2,33,4,3,4,1,2,2.0549,2.9354
11,1,1,2,34,2,4,2,1,3,1.3604,2.0321
11,1,1,2,35,3,2,3,1,4,1.6469,2.2552
11,1,2,1,1,4,,3,0,3,2.075,2.811
11,1,2,1,2,1,,1,1,2,1.657,2.5693
11,1,2,1,3,2,,2,1,4,1.5051,2.0814
11,1,2,1,4,1,,1,1,2,1.7099,2.3982
11,1,2,1,5,4,,3,0,4,1.8384,2.5903
11,1,2,1,6,1,,3,0,4,1.5574,2.0693
11,1,2,1,7,4,,4,1,1,1.7943,2.626
11,1,2,1,8,3,,3,1,3,1.6238,2.1361
11,1,2,1,9,4,,2,0,3,1.3781,1.8258
11,1,2,1,10,2,,2,1,2,1.1773,1.8815
11,1,2,1,11,2,,2,1,2,1.2618,1.9022
11,1,2,1,12,2,,2,1,3,1.3932,1.9051
11,1,2,1,13,3,,3,1,3,3.1416,3.7812
11,1,2,1,14,2,,2,1,2,2.0763,2.7161
11,1,2,1,15,4,,4,1,1,2.3824,3.0865
11,1,2,1,16,4,,3,0,2,2.4331,3.2812
11,1,2,1,17,2,,3,0,3,1.5171,1.9491
11,1,2,1,18,1,,1,1,3,2.5914,3.5516
11,1,2,1,19,3,,1,0,2,4.4311,9.1024
11,1,2,1,20,3,,3,1,2,1.4189,1.931
11,1,2,1,21,1,,1,1,1,3.5664,4.3982
11,1,2,1,22,2,,2,1,3,1.7399,2.3792
11,1,2,1,23,4,,1,0,4,4.1082,5.1482
11,1,2,1,24,4,,2,0,3,2.475,3.0348
11,1,2,1,25,2,,2,1,4,1.3599,1.6684
11,1,2,1,26,3,,3,1,4,2.7646,3.1326
11,1,2,1,27,4,,2,0,3,1.7418,2.19
11,1,2,1,28,4,,3,0,2,2.1507,2.6463
11,1,2,1,29,2,,2,1,1,1.548,2.2357
11,1,2,1,30,3,,3,1,3,1.8735,2.3371
11,1,2,1,31,1,,1,1,1,1.8748,2.4513
11,1,2,1,32,4,,4,1,2,1.9204,2.6398
11,1,2,1,33,3,,3,1,3,4.438,5.4135
11,1,2,1,34,4,,2,0,2,1.5131,1.9771
11,1,2,1,35,1,,2,0,2,5.9465,6.6659
11,1,3,3,1,1,3,1,1,3,1.2655,2.2091
11,1,3,3,2,1,3,3,0,1,1.5445,2.8726
11,1,3,3,3,1,3,1,1,1,1.4286,2.6443
11,1,3,3,4,1,3,1,1,3,1.3215,1.7698
11,1,3,3,5,1,3,1,1,3,0.8822,1.283
11,1,3,3,6,1,3,1,1,3,3.1675,3.8234
11,1,3,3,7,3,1,3,1,3,1.0286,1.6043
11,1,3,3,8,1,3,1,1,4,1.5566,1.8687
11,1,3,3,9,3,1,3,1,2,2.6648,3.5285
11,1,3,3,10,1,3,3,0,3,2.49,2.8739
11,1,3,3,11,3,1,3,1,4,1.0779,1.4936
11,1,3,3,12,1,3,1,1,2,1.1618,1.8657
11,1,3,3,13,1,3,1,1,3,2.5916,2.9595
11,1,3,3,14,3,1,3,1,4,1.7519,2.1682
11,1,3,3,15,1,3,1,1,2,1.3766,2.1124
11,1,3,3,16,3,1,3,1,3,1.3405,1.7082
11,1,3,3,17,1,3,1,1,3,1.8475,2.2794
11,1,3,3,18,1,3,1,1,3,1.8682,2.3327
11,1,3,3,19,1,3,1,1,3,1.5349,1.8522
11,1,3,3,20,1,3,3,0,2,5.956,6.6599
11,1,3,3,21,3,1,3,1,2,1.7006,2.6767
11,1,3,3,22,3,1,3,1,2,1.6725,2.2652
11,1,3,3,23,3,1,3,1,2,1.4859,1.8063
11,1,3,3,24,1,3,1,1,3,1.4462,2.5979
11,1,3,3,25,3,1,3,1,4,1.2929,1.6018
11,1,3,3,26,1,3,1,1,3,1.0373,1.901
11,1,3,3,27,1,3,3,0,4,1.5521,1.8686
11,1,3,3,28,1,3,1,1,4,1.1897,2.5337
11,1,3,3,29,3,1,3,1,3,1.2625,1.8386
11,1,3,3,30,1,3,1,1,3,1.7491,2.3253
11,1,3,3,31,1,3,1,1,4,1.4002,1.8802
11,1,3,3,32,1,3,1,1,4,1.7244,2.5411
11,1,3,3,33,1,3,1,1,2,2.9343,3.6701
11,1,3,3,34,3,1,3,1,4,1.169,1.5213
11,1,3,3,35,1,3,1,1,3,1.1397,1.476
11,2,1,2,1,3,4,3,1,4,1.2878,1.7672
11,2,1,2,2,4,3,3,0,3,2.577,3.3284
11,2,1,2,3,2,3,2,1,3,2.0093,2.3613
11,2,1,2,4,2,3,2,1,3,1.1469,1.9302
11,2,1,2,5,4,2,2,0,3,2.0617,3.085
11,2,1,2,6,1,4,1,1,2,3.4884,4.5603
11,2,1,2,7,1,3,1,1,1,3.0466,3.4787
11,2,1,2,8,3,1,3,1,3,1.7699,2.1703
11,2,1,2,9,3,1,3,1,4,1.4104,1.7353
11,2,1,2,10,1,3,3,0,3,3.2606,3.9966
11,2,1,2,11,1,4,1,1,2,1.4347,1.899
11,2,1,2,12,3,2,3,1,3,3.2309,4.2871
11,2,1,2,13,4,1,1,0,2,2.1607,2.769
11,2,1,2,14,4,3,3,0,2,1.7605,2.561
11,2,1,2,15,1,3,1,1,2,1.8973,2.6014
11,2,1,2,16,4,1,4,1,3,1.4888,2.2562
11,2,1,2,17,3,1,3,1,3,1.7656,2.294
11,2,1,2,18,1,3,1,1,3,1.9618,2.5373
11,2,1,2,19,3,1,3,1,4,1.9073,2.4352
11,2,1,2,20,1,2,1,1,4,1.5208,2.2727
11,2,1,2,21,2,3,2,1,4,1.6692,2.3087
11,2,1,2,22,1,3,1,1,3,1.224,1.7519
11,2,1,2,23,3,4,3,1,4,1.3298,2.0182
11,2,1,2,24,4,2,2,0,2,3.6482,4.5601
11,2,1,2,25,3,1,3,1,4,1.4307,1.8633
11,2,1,2,26,4,3,3,0,4,1.3573,1.7731
11,2,1,2,27,3,1,3,1,3,1.4942,1.9416
11,2,1,2,28,1,2,2,0,1,3.1281,3.8637
11,2,1,2,29,2,1,2,1,2,1.0511,1.5631
11,2,1,2,30,3,2,3,1,3,1.7091,2.2379
11,2,1,2,31,1,3,1,1,3,2.5951,3.2835
11,2,1,2,32,3,2,3,1,4,1.5027,1.8384
11,2,1,2,33,1,2,1,1,3,3.6371,4.4692
11,2,1,2,34,2,4,2,1,3,1.2162,1.8238
11,2,1,2,35,3,2,3,1,3,3.3666,4.0071
11,2,2,3,1,1,2,1,1,3,1.515,2.2351
11,2,2,3,2,2,1,2,1,4,1.2642,1.5847
11,2,2,3,3,1,2,1,1,4,1.4251,1.7354
11,2,2,3,4,2,1,1,0,4,1.5632,1.8855
11,2,2,3,5,1,2,2,0,3,1.3754,1.824
11,2,2,3,6,2,1,2,1,3,1.1907,2.6304
11,2,2,3,7,1,2,1,1,4,1.4051,1.8213
11,2,2,3,8,2,1,1,0,4,1.6041,1.9187
11,2,2,3,9,1,2,1,1,3,1.6389,2.3269
11,2,2,3,10,1,2,1,1,3,3.2411,3.9613
11,2,2,3,11,2,1,2,1,3,1.9448,2.5526
11,2,2,3,12,1,2,1,1,3,1.9217,2.6091
11,2,2,3,13,1,2,1,1,3,1.5919,2.0397
11,2,2,3,14,1,2,1,1,3,1.2862,1.7027
11,2,2,3,15,1,2,1,1,3,1.4262,1.8739
11,2,2,3,16,1,2,1,1,3,1.2713,2.1511
11,2,2,3,17,1,2,1,1,4,1.2479,1.68
11,2,2,3,18,1,2,1,1,4,1.3897,1.7019
11,2,2,3,19,2,1,2,1,3,1.1768,2.5852
11,2,2,3,20,1,2,2,0,1,2.4316,3.3441
11,2,2,3,21,2,1,2,1,2,1.3209,2.0249
11,2,2,3,22,1,2,1,1,3,1.736,2.3596
11,2,2,3,23,1,2,1,1,3,1.449,2.057
11,2,2,3,24,1,2,2,0,3,3.0627,3.7507
11,2,2,3,25,2,1,2,1,3,2.4148,3.0068
11,2,2,3,26,2,1,2,1,3,1.205,1.5412
11,2,2,3,27,2,1,2,1,3,1.4953,1.8189
11,2,2,3,28,1,2,1,1,2,1.5348,2.1107
11,2,2,3,29,2,1,1,0,2,4.8903,5.5303
11,2,2,3,30,2,1,2,1,3,1.5931,2.3608
11,2,2,3,31,1,2,1,1,2,1.5302,2.0104
11,2,2,3,32,1,2,1,1,2,1.401,1.7856
11,2,2,3,33,2,1,2,1,3,1.1061,1.4181
11,2,2,3,34,2,1,2,1,3,1.2732,1.585
11,2,2,3,35,1,2,1,1,4,1.3219,1.635
11,2,3,1,1,2,,2,1,2,1.7913,2.8153
11,2,3,1,2,1,,1,1,3,1.3098,1.8058
11,2,3,1,3,3,,3,1,4,2.2933,2.7577
11,2,3,1,4,2,,2,1,4,1.1582,1.5583
11,2,3,1,5,1,,1,1,4,1.4479,1.816
11,2,3,1,6,3,,3,1,4,1.5513,1.8715
11,2,3,1,7,4,,1,0,2,3.6208,5.2042
11,2,3,1,8,4,,3,0,4,2.1766,2.8485
11,2,3,1,9,2,,2,1,3,1.2293,1.693
11,2,3,1,10,2,,2,1,2,1.114,1.5136
11,2,3,1,11,3,,3,1,3,1.4704,1.7854
11,2,3,1,12,4,,4,1,3,1.5423,1.8521
11,2,3,1,13,1,,4,0,3,1.5162,1.8353
11,2,3,1,14,3,,3,1,3,1.4744,1.7852
11,2,3,1,15,3,,3,1,2,2.7944,3.5143
11,2,3,1,16,2,,2,1,3,1.1648,1.4852
11,2,3,1,17,2,,2,1,3,1.056,1.84
11,2,3,1,18,4,,2,0,1,2.5667,4.2791
11,2,3,1,19,2,,2,1,1,31.0965,32.6966
11,2,3,1,20,3,,3,1,3,1.4839,1.8032
11,2,3,1,21,4,,1,0,3,2.0189,2.5947
11,2,3,1,22,2,,2,1,3,1.6744,1.9856
11,2,3,1,23,3,,3,1,3,1.8981,2.2194
11,2,3,1,24,3,,1,0,2,1.8094,2.3525
11,2,3,1,25,3,,3,1,2,3.4105,3.7459
11,2,3,1,26,4,,1,0,3,1.7066,2.019
11,2,3,1,27,4,,2,0,2,3.5127,4.0726
11,2,3,1,28,3,,3,1,3,1.7469,2.115
11,2,3,1,29,3,,3,1,3,2.6061,2.9198
11,2,3,1,30,4,,2,0,3,1.2401,1.5519
11,2,3,1,31,1,,1,1,3,1.3538,1.6687
11,2,3,1,32,2,,2,1,2,3.1906,4.039
11,2,3,1,33,4,,3,0,1,3.507,4.6434
11,2,3,1,34,4,,2,0,3,2.294,2.8222
11,2,3,1,35,4,,2,0,1,2.2597,4.0205
11,3,1,3,1,3,4,3,1,4,1.3302,2.0345
11,3,1,3,2,4,3,4,1,2,1.3923,2.0645
11,3,1,3,3,4,3,3,0,3,1.3263,1.6351
11,3,1,3,4,3,4,3,1,4,0.9408,1.2607
11,3,1,3,5,3,4,3,1,4,1.8829,2.2025
11,3,1,3,6,3,4,3,1,4,0.9775,1.2846
11,3,1,3,7,4,3,3,0,4,2.5429,2.9271
11,3,1,3,8,4,3,3,0,4,1.4167,1.7353
11,3,1,3,9,4,3,4,1,4,0.7873,1.1014
11,3,1,3,10,3,4,3,1,2,1.7191,2.4717
11,3,1,3,11,3,4,3,1,3,1.1879,1.5017
11,3,1,3,12,3,4,3,1,3,1.0,1.3182
11,3,1,3,13,4,3,4,1,3,2.1629,3.299
11,3,1,3,14,3,4,3,1,3,1.2619,1.5852
11,3,1,3,15,4,3,4,1,3,1.5183,2.3019
11,3,1,3,16,3,4,3,1,3,1.1695,1.4853
11,3,1,3,17,3,4,3,1,3,1.2376,1.5517
11,3,1,3,18,4,3,3,0,3,1.6555,2.0392
11,3,1,3,19,3,4,3,1,3,1.174,1.4853
11,3,1,3,20,3,4,3,1,3,1.3067,2.0588
11,3,1,3,21,4,3,3,0,3,1.4963,1.8639
11,3,1,3,22,4,3,2,0,1,1.9493,3.3259
11,3,1,3,23,4,3,4,1,2,2.1666,2.9028
11,3,1,3,24,3,4,3,1,2,1.3773,1.6855
11,3,1,3,25,3,4,3,1,3,1.2459,1.5686
11,3,1,3,26,3,4,3,1,3,1.0389,1.951
11,3,1,3,27,3,4,3,1,3,0.9281,1.2516
11,3,1,3,28,4,3,4,1,2,1.6467,2.4467
11,3,1,3,29,4,3,3,0,2,2.5247,3.1166
11,3,1,3,30,3,4,3,1,3,1.2788,1.967
11,3,1,3,31,4,3,4,1,2,1.4879,2.5439
11,3,1,3,32,3,4,3,1,3,1.4652,1.7854
11,3,1,3,33,4,3,4,1,4,1.4254,2.6732
11,3,1,3,34,3,4,4,0,2,1.7333,2.0856
11,3,1,3,35,3,4,3,1,3,1.2017,1.5184
11,3,2,2,1,4,3,2,0,3,7.403,8.2513
11,3,2,2,2,4,1,4,1,1,4.6027,4.939
11,3,2,2,3,1,3,3,0,1,2.5612,3.5054
11,3,2,2,4,4,3,3,0,2,1.5234,2.3552
11,3,2,2,5,3,1,3,1,3,1.9564,2.6282
11,3,2,2,6,3,4,3,1,2,3.3864,4.0107
11,3,2,2,7,2,4,2,1,3,1.5917,2.2801
11,3,2,2,8,4,1,4,1,4,1.2761,1.8519
11,3,2,2,9,4,2,2,0,3,1.4419,2.1143
11,3,2,2,10,2,3,2,1,3,1.2617,1.5976
11,3,2,2,11,1,2,1,1,1,2.0777,3.1979
11,3,2,2,12,1,3,1,1,1,2.7966,3.4684
11,3,2,2,13,3,4,3,1,2,1.9679,2.3199
11,3,2,2,14,1,4,1,1,2,1.3941,1.702
11,3,2,2,15,2,4,2,1,2,1.454,1.7687
11,3,2,2,16,1,4,1,1,2,1.9752,2.855
11,3,2,2,17,1,2,1,1,3,1.5558,2.548
11,3,2,2,18,4,3,4,1,3,1.3087,1.6186
11,3,2,2,19,3,1,3,1,2,1.6126,1.9964
11,3,2,2,20,4,1,4,1,3,1.548,2.1243
11,3,2,2,21,4,2,4,1,3,1.4955,1.8188
11,3,2,2,22,2,4,2,1,3,1.4544,1.7687
11,3,2,2,23,3,1,3,1,2,1.798,2.3427
11,3,2,2,24,2,3,2,1,3,1.2405,1.5516
11,3,2,2,25,1,4,4,0,2,2.7611,3.4334
11,3,2,2,26,1,2,1,1,3,3.7588,4.1906
11,3,2,2,27,4,1,4,1,3,1.7323,2.0686
11,3,2,2,28,3,1,3,1,2,1.185,1.6647
11,3,2,2,29,3,1,3,1,3,1.1985,1.5185
11,3,2,2,30,4,1,4,1,4,1.2505,1.5685
11,3,2,2,31,3,4,3,1,3,1.0912,1.4118
11,3,2,2,32,1,2,2,0,3,1.8679,2.3159
11,3,2,2,33,1,3,3,0,4,1.4705,1.823
11,3,2,2,34,2,3,2,1,4,1.1736,1.5733
11,3,2,2,35,4,2,4,1,1,2.8707,3.6393
11,3,3,1,1,4,,2,0,2,1.4822,1.8659
11,3,3,1,2,4,,4,1,2,1.3912,1.7019
11,3,3,1,3,3,,3,1,3,2.1553,2.4695
11,3,3,1,4,3,,3,1,3,1.2718,1.96
11,3,3,1,5,2,,2,1,3,1.2095,1.7857
11,3,3,1,6,4,,4,1,3,1.6656,1.9856
11,3,3,1,7,4,,3,0,3,2.2732,2.8013
11,3,3,1,8,4,,4,1,3,2.0645,2.4486
11,3,3,1,9,4,,2,0,3,10.5736,11.2455
11,3,3,1,10,1,,1,1,4,1.7453,2.3207
11,3,3,1,11,2,,2,1,4,1.5387,1.9384
11,3,3,1,12,3,,3,1,4,1.8923,2.3723
11,3,3,1,13,1,,1,1,3,1.5085,1.8289
11,3,3,1,14,2,,2,1,4,1.4679,1.8998
11,3,3,1,15,3,,2,0,4,1.2962,1.6964
11,3,3,1,16,2,,2,1,4,1.2761,1.5852
11,3,3,1,17,4,,2,0,2,1.5973,1.9324
11,3,3,1,18,4,,4,1,2,1.568,2.0801
11,3,3,1,19,2,,2,1,3,1.101,1.4182
11,3,3,1,20,3,,3,1,2,1.7795,2.724
11,3,3,1,21,2,,2,1,2,1.9897,2.3421
11,3,3,1,22,4,,4,1,3,1.2395,1.8801
11,3,3,1,23,4,,4,1,3,1.3091,1.6186
11,3,3,1,24,2,,2,1,3,1.0676,1.3849
11,3,3,1,25,4,,1,0,1,4.3722,4.6882
11,3,3,1,26,2,,1,0,1,1.8137,2.422
11,3,3,1,27,2,,2,1,1,1.1885,1.502
11,3,3,1,28,1,,1,1,3,1.4157,1.9276
11,3,3,1,29,1,,2,0,2,1.4034,1.723
11,3,3,1,30,1,,2,0,2,1.5265,1.8353
11,3,3,1,31,4,,3,0,2,1.7088,2.2208
11,3,3,1,32,3,,2,0,3,1.2351,1.5518
11,3,3,1,33,1,,1,1,4,1.413,1.7356
11,3,3,1,34,3,,3,1,3,1.4229,1.7354
11,3,3,1,35,3,,3,1,3,1.0818,1.4332
11,4,1,1,1,3,,3,1,3,1.884,2.4118
11,4,1,1,2,3,,3,1,3,0.9867,1.3016
11,4,1,1,3,4,,4,1,3,1.7825,2.1023
11,4,1,1,4,1,,2,0,2,1.8266,2.162
11,4,1,1,5,4,,4,1,3,1.788,2.1024
11,4,1,1,6,3,,1,0,3,1.3995,1.7188
11,4,1,1,7,1,,1,1,3,1.3778,1.702
11,4,1,1,8,4,,2,0,2,13.7261,14.4937
11,4,1,1,9,4,,4,1,2,1.5642,1.8865
11,4,1,1,10,3,,3,1,3,1.4401,1.7531
11,4,1,1,11,4,,4,1,4,1.9455,2.2689
11,4,1,1,12,3,,3,1,4,1.1665,1.485
11,4,1,1,13,3,,3,1,4,1.2036,1.5182
11,4,1,1,14,2,,2,1,3,1.0784,1.4467
11,4,1,1,15,2,,2,1,2,2.0297,3.0376
11,4,1,1,16,4,,4,1,1,1.9384,2.2527
11,4,1,1,17,2,,1,0,1,3.7355,4.0544
11,4,1,1,18,4,,1,0,2,13.2667,14.1308
11,4,1,1,19,2,,2,1,2,2.0478,2.5752
11,4,1,1,20,2,,2,1,3,1.4954,1.9273
11,4,1,1,21,3,,3,1,3,1.6891,2.0024
11,4,1,1,22,2,,2,1,3,1.7203,2.7286
11,4,1,1,23,4,,4,1,1,1.626,2.2977
11,4,1,1,24,4,,3,0,3,1.7101,2.019
11,4,1,1,25,2,,2,1,2,1.9486,2.3644
11,4,1,1,26,1,,1,1,1,1.4055,1.7188
11,4,1,1,27,2,,2,1,3,5.3848,6.5529
11,4,1,1,28,3,,3,1,3,1.9334,2.6693
11,4,1,1,29,4,,2,0,3,1.2816,1.6018
11,4,1,1,30,1,,2,0,1,1.6181,2.7218
11,4,1,1,31,2,,2,1,4,3.1552,3.8916
11,4,1,1,32,4,,4,1,4,1.6697,2.5176
11,4,1,1,33,3,,3,1,4,1.6803,2.0023
11,4,1,1,34,2,,2,1,3,1.3114,1.6354
11,4,1,1,35,2,,2,1,3,0.9262,1.2346
11,4,2,2,1,3,4,3,1,3,1.2675,1.5852
11,4,2,2,2,2,4,2,1,4,1.3003,1.6184
11,4,2,2,3,1,3,3,0,4,1.2992,1.6184
11,4,2,2,4,2,1,2,1,4,1.1868,1.5018
11,4,2,2,5,1,4,4,0,3,1.8304,2.2462
11,4,2,2,6,2,4,2,1,2,1.244,1.7084
11,4,2,2,7,3,4,3,1,4,1.064,1.3851
11,4,2,2,8,3,2,3,1,4,1.3605,1.6684
11,4,2,2,9,1,3,3,0,3,1.9497,2.6219
11,4,2,2,10,4,3,4,1,2,1.7003,2.5642
11,4,2,2,11,2,4,2,1,2,1.309,1.6451
11,4,2,2,12,1,3,1,1,2,1.5152,1.9637
11,4,2,2,13,3,4,3,1,3,1.3416,1.997
11,4,2,2,14,3,1,3,1,4,1.3254,1.7249
11,4,2,2,15,2,3,3,0,3,1.3204,2.1204
11,4,2,2,16,1,3,1,1,3,1.7471,2.0691
11,4,2,2,17,3,1,3,1,4,1.1834,1.5678
11,4,2,2,18,1,3,3,0,1,2.2091,2.5453
11,4,2,2,19,2,1,2,1,2,1.3228,1.6354
11,4,2,2,20,2,4,2,1,2,1.833,2.2011
11,4,2,2,21,3,4,3,1,3,1.3284,1.652
11,4,2,2,22,1,4,1,1,2,1.3584,1.9982
11,4,2,2,23,1,4,1,1,2,1.2938,1.6301
11,4,2,2,24,3,1,3,1,3,1.2297,1.5521
11,4,2,2,25,4,1,4,1,2,1.5025,2.8627
11,4,2,2,26,2,1,2,1,3,1.3713,1.6852
11,4,2,2,27,2,1,2,1,3,3.5592,4.6637
11,4,2,2,28,1,4,1,1,2,1.2103,1.5941
11,4,2,2,29,2,1,2,1,3,1.483,1.8986
11,4,2,2,30,3,1,3,1,3,1.5672,1.9993
11,4,2,2,31,1,3,1,1,3,1.3913,1.702
11,4,2,2,32,3,1,3,1,3,1.6909,2.0023
11,4,2,2,33,4,1,4,1,3,1.4508,1.8019
11,4,2,2,34,3,1,3,1,2,1.9062,2.5136
11,4,2,2,35,2,3,2,1,3,1.4531,1.8208
11,4,3,3,1,3,2,2,0,2,1.3382,2.4589
11,4,3,3,2,3,2,2,0,1,1.3357,2.2157
11,4,3,3,3,3,2,3,1,2,1.3112,1.6185
11,4,3,3,4,3,2,3,1,3,1.2456,1.5684
11,4,3,3,5,2,3,2,1,4,1.1988,1.7913
11,4,3,3,6,3,2,3,1,4,1.3036,1.6185
11,4,3,3,7,3,2,3,1,4,0.951,1.268
11,4,3,3,8,2,3,3,0,4,1.3805,1.702
11,4,3,3,9,3,2,3,1,4,1.2317,1.5517
11,4,3,3,10,3,2,3,1,4,0.8342,1.1514
11,4,3,3,11,2,3,2,1,3,1.1403,1.4519
11,4,3,3,12,3,2,4,0,2,2.5228,2.9548
11,4,3,3,13,2,3,3,0,2,1.9554,2.2693
11,4,3,3,14,2,3,2,1,3,1.399,1.7186
11,4,3,3,15,3,2,3,1,3,2.0828,2.4029
11,4,3,3,16,2,3,2,1,3,1.4258,1.7354
11,4,3,3,17,3,2,3,1,2,1.5481,1.8691
11,4,3,3,18,3,2,2,0,2,1.6013,1.9188
11,4,3,3,19,2,3,2,1,2,1.2517,1.5684
11,4,3,3,20,3,2,3,1,3,1.2213,1.5353
11,4,3,3,21,2,3,2,1,3,1.3513,1.6685
11,4,3,3,22,3,2,3,1,4,1.3484,1.6685
11,4,3,3,23,3,2,2,0,2,1.4255,1.7353
11,4,3,3,24,3,2,3,1,3,1.4686,1.8528
11,4,3,3,25,2,3,2,1,4,1.234,1.5517
11,4,3,3,26,2,3,2,1,2,2.3883,3.1075
11,4,3,3,27,3,2,2,0,3,1.3023,1.7503
11,4,3,3,28,3,2,3,1,3,1.504,1.8188
11,4,3,3,29,3,2,2,0,3,2.7112,3.4471
11,4,3,3,30,2,3,2,1,4,1.2439,1.5517
11,4,3,3,31,3,2,3,1,4,1.4537,1.7686
11,4,3,3,32,3,2,3,1,4,1.6709,2.0061
11,4,3,3,33,2,3,4,0,4,1.35,1.6687
11,4,3,3,34,2,3,2,1,3,1.1548,1.4685
11,4,3,3,35,2,3,2,1,2,1.1765,1.5443
11,5,1,1,1,4,,3,0,2,2.782,3.1035
11,5,1,1,2,3,,3,1,3,1.1844,1.5015
11,5,1,1,3,2,,2,1,3,1.1242,1.4349
11,5,1,1,4,3,,3,1,4,1.7552,2.1713
11,5,1,1,5,3,,3,1,4,1.2838,1.6019
11,5,1,1,6,2,,2,1,2,1.0914,1.4016
11,5,1,1,7,3,,3,1,3,1.2277,1.5351
11,5,1,1,8,1,,1,1,2,1.9824,2.3818
11,5,1,1,9,3,,3,1,4,1.8067,2.2551
11,5,1,1,10,1,,1,1,3,1.8436,2.1801
11,5,1,1,11,4,,1,0,2,6.2524,6.6845
11,5,1,1,12,1,,1,1,2,1.724,2.0358
11,5,1,1,13,3,,3,1,3,1.8337,2.1528
11,5,1,1,14,1,,1,1,3,2.0347,2.3527
11,5,1,1,15,3,,3,1,3,1.5237,1.8353
11,5,1,1,16,2,,2,1,3,1.2105,1.5183
11,5,1,1,17,3,,2,0,2,1.0049,1.9335
11,5,1,1,18,1,,1,1,1,1.1514,1.7917
11,5,1,1,19,2,,2,1,3,1.3837,1.702
11,5,1,1,20,1,,1,1,3,1.3314,1.8919
11,5,1,1,21,4,,2,0,3,0.6638,1.0641
11,5,1,1,22,2,,3,0,2,2.6067,2.92
11,5,1,1,23,4,,4,1,1,1.2083,1.656
11,5,1,1,24,3,,3,1,4,1.3984,1.7188
11,5,1,1,25,4,,2,0,3,1.5373,1.889
11,5,1,1,26,1,,3,0,2,0.9972,1.3182
11,5,1,1,27,2,,1,0,1,0.5009,1.2812
11,5,1,1,28,1,,2,0,2,0.5009,0.8467
11,5,1,1,29,3,,2,0,3,2.7504,3.1017
11,5,1,1,30,3,,2,0,3,0.8487,1.1682
11,5,1,1,31,1,,2,0,2,0.4842,0.801
11,5,1,1,32,3,,3,1,3,2.658,3.0264
11,5,1,1,33,2,,2,1,2,1.1119,1.4351
11,5,1,1,34,1,,1,1,2,1.8224,2.1421
11,5,1,1,35,3,,3,1,3,0.9365,1.3205
11,5,2,3,1,1,4,1,1,3,1.8827,2.5547
11,5,2,3,2,1,4,2,0,3,1.3636,1.7
11,5,2,3,3,1,4,1,1,3,1.1197,1.4713
11,5,2,3,4,4,1,4,1,3,1.0127,1.4926
11,5,2,3,5,4,1,1,0,2,1.0013,1.4176
11,5,2,3,6,1,4,1,1,3,1.2964,1.793
11,5,2,3,7,4,1,4,1,4,1.4001,1.7184
11,5,2,3,8,1,4,1,1,1,1.5556,1.8689
11,5,2,3,9,4,1,4,1,3,1.1122,1.4348
11,5,2,3,10,1,4,1,1,2,1.3595,1.6684
11,5,2,3,11,4,1,4,1,3,1.1802,1.5017
11,5,2,3,12,4,1,1,0,2,1.4881,2.2082
11,5,2,3,13,4,1,4,1,3,1.1599,1.4684
11,5,2,3,14,4,1,4,1,3,1.357,1.6772
11,5,2,3,15,4,1,4,1,3,1.0186,1.3351
11,5,2,3,16,1,4,1,1,2,2.0212,2.3362
11,5,2,3,17,4,1,1,0,2,1.3826,1.7016
11,5,2,3,18,4,1,4,1,2,1.1868,1.5065
11,5,2,3,19,4,1,1,0,3,1.3669,1.6852
11,5,2,3,20,1,4,1,1,3,1.3312,1.6829
11,5,2,3,21,4,1,1,0,2,2.4956,2.9434
11,5,2,3,22,4,1,4,1,3,0.9683,1.2848
11,5,2,3,23,1,4,1,1,2,1.1891,1.5019
11,5,2,3,24,4,1,1,0,3,1.5132,1.8355
11,5,2,3,25,4,1,4,1,3,1.1837,1.5016
11,5,2,3,26,1,4,2,0,2,1.2194,1.535
11,5,2,3,27,1,4,1,1,2,1.078,1.4303
11,5,2,3,28,1,4,3,0,1,1.2942,2.1258
11,5,2,3,29,1,4,2,0,1,0.824,1.1348
11,5,2,3,30,1,4,2,0,1,0.7158,1.3396
11,5,2,3,31,1,4,2,0,1,0.886,1.2015
11,5,2,3,32,1,4,1,1,1,1.6546,1.9689
11,5,2,3,33,1,4,1,1,2,1.3193,1.6354
11,5,2,3,34,1,4,1,1,3,3.526,4.4057
11,5,2,3,35,4,1,4,1,3,1.2184,1.6187
11,5,3,2,1,1,2,1,1,2,1.2412,1.5519
11,5,3,2,2,4,1,1,0,2,1.5147,1.8356
11,5,3,2,3,4,1,4,1,3,1.137,1.4517
11,5,3,2,4,2,1,2,1,3,1.2227,1.5352
11,5,3,2,5,1,2,3,0,1,1.0326,2.1689
11,5,3,2,6,4,1,1,0,1,1.2661,1.5853
11,5,3,2,7,3,4,3,1,3,1.5059,1.8188
11,5,3,2,8,4,1,1,0,3,1.3216,1.6354
11,5,3,2,9,1,3,1,1,3,1.3998,2.1036
11,5,3,2,10,3,4,3,1,4,1.971,2.3711
11,5,3,2,11,1,2,1,1,3,1.8438,2.5958
11,5,3,2,12,4,2,2,0,4,1.8193,2.2032
11,5,3,2,13,2,1,1,0,3,1.4577,1.8423
11,5,3,2,14,2,3,2,1,2,1.3208,1.7205
11,5,3,2,15,3,2,3,1,3,1.6513,2.0515
11,5,3,2,16,2,4,2,1,4,1.1208,1.4726
11,5,3,2,17,4,2,4,1,4,1.8139,2.166
11,5,3,2,18,1,2,2,0,3,2.5439,3.4075
11,5,3,2,19,2,3,2,1,3,1.2535,1.5686
11,5,3,2,20,1,2,1,1,3,1.2711,1.5907
11,5,3,2,21,2,4,2,1,3,1.2873,1.6019
11,5,3,2,22,3,1,3,1,1,1.6069,2.2792
11,5,3,2,23,1,2,1,1,1,1.3713,1.6854
11,5,3,2,24,3,4,4,0,3,1.3205,1.6351
11,5,3,2,25,3,4,3,1,2,2.2308,2.9992
11,5,3,2,26,4,1,1,0,2,1.4213,1.7575
11,5,3,2,27,2,4,2,1,3,2.2955,2.6313
11,5,3,2,28,1,4,4,0,4,1.3257,1.9815
11,5,3,2,29,3,4,3,1,2,2.6548,3.3267
11,5,3,2,30,4,2,2,0,3,1.9597,2.2801
11,5,3,2,31,3,4,3,1,3,1.7241,2.0919
11,5,3,2,32,1,4,1,1,4,1.6244,2.6639
11,5,3,2,33,3,2,3,1,3,1.5487,1.9972
11,5,3,2,34,4,2,2,0,3,1.2767,1.6609
11,5,3,2,35,2,4,2,1,4,1.5153,1.8829
11,6,1,3,1,4,2,2,0,3,1.2386,1.5517
11,6,1,3,2,4,2,2,0,3,1.4483,1.7688
11,6,1,3,3,2,4,2,1,4,1.0572,1.3682
11,6,1,3,4,4,2,4,1,3,1.6424,1.9522
11,6,1,3,5,4,2,2,0,2,0.8599,1.168
11,6,1,3,6,2,4,2,1,1,1.2938,2.5421
11,6,1,3,7,2,4,2,1,3,1.2558,1.5687
11,6,1,3,8,4,2,4,1,4,1.3209,1.6353
11,6,1,3,9,2,4,2,1,1,2.1517,2.6473
11,6,1,3,10,2,4,2,1,4,1.3091,1.6451
11,6,1,3,11,4,2,4,1,4,1.2596,1.5686
11,6,1,3,12,4,2,4,1,3,1.9969,2.3325
11,6,1,3,13,2,4,2,1,2,1.2949,1.6474
11,6,1,3,14,2,4,2,1,4,1.2457,1.5686
11,6,1,3,15,4,2,2,0,4,1.2949,1.6187
11,6,1,3,16,4,2,4,1,3,1.1823,1.5661
11,6,1,3,17,2,4,2,1,2,0.9923,1.3015
11,6,1,3,18,2,4,2,1,3,1.1644,1.4853
11,6,1,3,19,2,4,2,1,4,1.0244,1.4247
11,6,1,3,20,2,4,2,1,4,1.0967,1.4184
11,6,1,3,21,2,4,2,1,4,1.2,1.5186
11,6,1,3,22,2,4,2,1,2,1.0913,1.4015
11,6,1,3,23,2,4,2,1,3,0.8113,1.1348
11,6,1,3,24,2,4,2,1,3,0.8784,1.2015
11,6,1,3,25,2,4,2,1,3,0.7346,1.0544
11,6,1,3,26,4,2,2,0,3,0.613,0.9347
11,6,1,3,27,4,2,4,1,3,1.3279,1.8565
11,6,1,3,28,4,2,4,1,3,0.9344,1.2513
11,6,1,3,29,2,4,2,1,4,0.8201,1.156
11,6,1,3,30,4,2,4,1,1,1.7349,2.2785
11,6,1,3,31,2,4,2,1,3,0.9549,1.2682
11,6,1,3,32,2,4,2,1,2,1.2083,1.7209
11,6,1,3,33,4,2,2,0,2,0.8838,1.2013
11,6,1,3,34,4,2,2,0,3,0.964,1.3958
11,6,1,3,35,4,2,4,1,2,1.3733,2.2051
11,6,2,1,1,4,,1,0,2,2.1066,2.4429
11,6,2,1,2,2,,3,0,3,1.3368,1.6521
11,6,2,1,3,3,,3,1,4,0.934,1.2704
11,6,2,1,4,2,,2,1,2,1.3641,1.8118
11,6,2,1,5,3,,2,0,3,1.2118,1.5352
11,6,2,1,6,1,,1,1,3,1.6136,1.9352
11,6,2,1,7,1,,1,1,3,1.68,2.0023
11,6,2,1,8,2,,2,1,2,1.6,2.1279
11,6,2,1,9,2,,2,1,1,1.1949,1.5185
11,6,2,1,10,3,,3,1,2,1.1338,1.4516
11,6,2,1,11,2,,2,1,3,1.3802,2.0834
11,6,2,1,12,2,,2,1,3,1.2808,1.6018
11,6,2,1,13,4,,3,0,4,1.2328,1.5527
11,6,2,1,14,2,,2,1,3,1.1869,1.5066
11,6,2,1,15,2,,2,1,2,1.3827,2.1021
11,6,2,1,16,2,,2,1,4,1.2014,1.5538
11,6,2,1,17,2,,2,1,4,1.0279,2.6598
11,6,2,1,18,3,,3,1,2,1.753,2.0691
11,6,2,1,19,3,,2,0,2,1.4293,1.7523
11,6,2,1,20,3,,2,0,3,1.231,1.5672
11,6,2,1,21,4,,1,0,4,1.6326,2.2885
11,6,2,1,22,4,,4,1,3,1.3804,1.8764
11,6,2,1,23,3,,3,1,2,1.4332,1.8489
11,6,2,1,24,3,,3,1,3,1.1828,1.5194
11,6,2,1,25,1,,3,0,2,1.1382,1.5703
11,6,2,1,26,2,,2,1,2,0.9961,1.3642
11,6,2,1,27,3,,3,1,3,2.7016,3.02
11,6,2,1,28,4,,4,1,3,1.4441,1.7687
11,6,2,1,29,1,,1,1,2,2.2208,2.5887
11,6,2,1,30,3,,1,0,1,3.4922,4.196
11,6,2,1,31,1,,2,0,1,1.3378,1.6894
11,6,2,1,32,3,,3,1,2,2.4706,3.1105
11,6,2,1,33,1,,1,1,3,2.2807,2.8247
11,6,2,1,34,3,,2,0,2,1.7184,2.0541
11,6,2,1,35,3,,3,1,3,2.2115,3.4756
11,6,3,2,1,2,1,2,1,2,1.4219,2.094
11,6,3,2,2,2,4,2,1,3,1.4978,1.882
11,6,3,2,3,2,3,2,1,4,1.6471,2.095
11,6,3,2,4,1,4,1,1,4,2.4749,2.8909
11,6,3,2,5,2,3,2,1,4,1.4935,1.8135
11,6,3,2,6,2,1,1,0,2,1.9971,2.6376
11,6,3,2,7,2,1,2,1,3,1.2353,1.8752
11,6,3,2,8,1,3,3,0,4,1.7036,2.0191
11,6,3,2,9,1,4,4,0,1,1.9743,2.3429
11,6,3,2,10,1,4,1,1,1,1.9605,2.2692
11,6,3,2,11,2,1,2,1,3,1.373,1.6852
11,6,3,2,12,1,4,1,1,1,1.2089,1.5182
11,6,3,2,13,1,3,1,1,3,1.5807,2.4447
11,6,3,2,14,3,4,3,1,3,2.3467,2.682
11,6,3,2,15,3,1,3,1,4,1.1507,1.5506
11,6,3,2,16,3,2,3,1,4,0.8167,1.1347
11,6,3,2,17,4,1,1,0,1,3.3634,3.6875
11,6,3,2,18,4,1,4,1,2,1.5653,1.9179
11,6,3,2,19,1,2,1,1,3,1.3444,1.6687
11,6,3,2,20,1,2,1,1,3,1.2299,1.5517
11,6,3,2,21,1,4,1,1,4,1.2158,1.5352
11,6,3,2,22,3,2,3,1,4,1.3302,1.6823
11,6,3,2,23,4,3,4,1,3,1.3598,1.7756
11,6,3,2,24,1,4,1,1,2,1.3368,1.6519
11,6,3,2,25,2,1,2,1,3,1.2705,1.6223
11,6,3,2,26,3,4,3,1,3,1.4776,1.8131
11,6,3,2,27,4,2,4,1,2,1.9812,2.637
11,6,3,2,28,4,1,4,1,1,1.7142,2.115
11,6,3,2,29,3,2,3,1,1,1.982,2.5422
11,6,3,2,30,1,4,3,0,1,2.7435,3.239
11,6,3,2,31,2,4,2,1,3,1.3644,1.6855
11,6,3,2,32,4,2,4,1,4,1.7283,2.0804
11,6,3,2,33,3,2,2,0,3,1.4532,1.8053
11,6,3,2,34,1,4,2,0,1,3.509,4.0533
11,6,3,2,35,1,4,2,0,1,1.1522,2.4645
12,1,1,3,1,4,3,4,1,3,1.6578,1.9687
12,1,1,3,2,4,3,3,0,2,1.6747,1.9853
12,1,1,3,3,4,3,4,1,2,2.3471,2.8751
12,1,1,3,4,4,3,4,1,1,1.895,4.8386
12,1,1,3,5,3,4,3,1,3,1.4419,2.1782
12,1,1,3,6,4,3,3,0,3,2.2504,2.9222
12,1,1,3,7,4,3,3,0,1,2.3554,2.8829
12,1,1,3,8,3,4,3,1,4,1.3909,1.7017
12,1,1,3,9,4,3,3,0,2,1.9304,2.33
12,1,1,3,10,3,4,3,1,3,1.2452,1.7409
12,1,1,3,11,4,3,3,0,3,1.6546,2.5184
12,1,1,3,12,3,4,3,1,4,1.3777,1.9058
12,1,1,3,13,4,3,4,1,1,1.6689,1.9855
12,1,1,3,14,4,3,4,1,1,1.3652,1.6854
12,1,1,3,15,3,4,3,1,3,1.3458,1.7459
12,1,1,3,16,4,3,3,0,2,1.6278,2.5243
12,1,1,3,17,3,4,3,1,3,2.3262,3.0939
12,1,1,3,18,3,4,3,1,3,1.0971,1.4815
12,1,1,3,19,4,3,3,0,1,1.7107,2.0785
12,1,1,3,20,4,3,3,0,2,1.9314,2.4275
12,1,1,3,21,3,4,3,1,4,1.2887,1.6567
12,1,1,3,22,3,4,3,1,4,0.8062,1.1907
12,1,1,3,23,3,4,3,1,4,0.7916,1.208
12,1,1,3,24,3,4,3,1,4,0.872,1.2239
12,1,1,3,25,4,3,3,0,2,2.0076,2.5515
12,1,1,3,26,3,4,3,1,4,1.0245,1.5844
12,1,1,3,27,4,3,4,1,2,1.7455,2.6253
12,1,1,3,28,4,3,3,0,1,1.5595,1.8686
12,1,1,3,29,4,3,3,0,1,3.0673,3.4029
12,1,1,3,30,3,4,3,1,4,1.2973,1.7774
12,1,1,3,31,4,3,3,0,4,1.4982,1.8339
12,1,1,3,32,3,4,3,1,3,1.2011,1.5689
12,1,1,3,33,4,3,3,0,3,0.8968,1.8732
12,1,1,3,34,3,4,3,1,3,1.2382,1.5517
12,1,1,3,35,4,3,3,0,2,1.8162,2.1358
12,1,2,1,1,3,,3,1,3,1.4485,1.865
12,1,2,1,2,3,,3,1,4,0.9746,1.4706
12,1,2,1,3,4,,4,1,2,1.5234,2.1962
12,1,2,1,4,2,,2,1,2,2.0119,2.444
12,1,2,1,5,2,,2,1,2,1.5778,2.5374
12,1,2,1,6,2,,2,1,2,1.5867,2.115
12,1,2,1,7,1,,1,1,1,1.7419,2.3185
12,1,2,1,8,1,,2,0,1,3.4409,3.7541
12,1,2,1,9,4,,3,0,2,1.4318,1.912
12,1,2,1,10,3,,3,1,4,1.2275,2.0115
12,1,2,1,11,4,,4,1,1,2.6192,3.019
12,1,2,1,12,3,,3,1,3,1.3125,2.0967
12,1,2,1,13,2,,2,1,3,1.5972,1.919
12,1,2,1,14,2,,2,1,3,1.1836,1.8074
12,1,2,1,15,1,,1,1,1,3.1114,3.4472
12,1,2,1,16,1,,3,0,1,1.5156,1.9485
12,1,2,1,17,1,,1,1,3,1.6627,2.1421
12,1,2,1,18,2,,2,1,1,1.3684,1.8963
12,1,2,1,19,4,,2,0,2,1.5163,2.2048
12,1,2,1,20,4,,4,1,2,1.6192,2.1
12,1,2,1,21,4,,4,1,2,1.71,2.094
12,1,2,1,22,1,,1,1,1,1.4657,1.85
12,1,2,1,23,1,,3,0,2,1.3443,1.8402
12,1,2,1,24,4,,3,0,2,1.542,2.2462
12,1,2,1,25,1,,1,1,1,1.5323,1.9961
12,1,2,1,26,3,,3,1,2,1.4206,1.8361
12,1,2,1,27,4,,2,0,2,1.6181,2.0824
12,1,2,1,28,1,,1,1,2,2.0314,2.5914
12,1,2,1,29,3,,3,1,3,1.3185,1.6346
12,1,2,1,30,2,,2,1,3,1.4295,1.752
12,1,2,1,31,2,,2,1,3,1.247,1.5685
12,1,2,1,32,3,,3,1,4,1.1682,1.485
12,1,2,1,33,4,,3,0,1,1.7011,2.1489
12,1,2,1,34,4,,3,0,1,1.3912,1.7745
12,1,2,1,35,1,,3,0,2,1.5116,1.8354
12,1,3,2,1,4,1,4,1,2,2.469,4.2605
12,1,3,2,2,3,2,3,1,4,1.7197,2.3921
12,1,3,2,3,3,4,3,1,4,1.7194,2.0358
12,1,3,2,4,1,3,3,0,2,2.4053,3.2054
12,1,3,2,5,3,2,2,0,2,2.3081,2.6282
12,1,3,2,6,1,4,4,0,1,3.8185,5.1303
12,1,3,2,7,3,1,3,1,3,2.4092,2.8725
12,1,3,2,8,1,4,3,0,3,1.2532,2.9009
12,1,3,2,9,3,1,3,1,4,2.3027,2.7024
12,1,3,2,10,1,2,2,0,1,2.0172,2.4497
12,1,3,2,11,4,3,3,0,1,2.0309,2.4148
12,1,3,2,12,1,2,2,0,2,2.7502,3.2939
12,1,3,2,13,3,2,3,1,3,2.3287,2.8567
12,1,3,2,14,4,3,4,1,2,2.1651,2.8853
12,1,3,2,15,4,2,4,1,2,2.6567,3.8088
12,1,3,2,16,1,3,3,0,4,2.0059,2.9497
12,1,3,2,17,4,3,3,0,1,2.8794,3.2037
12,1,3,2,18,1,2,2,0,3,2.7006,3.5812
12,1,3,2,19,3,1,3,1,4,1.7245,2.3003
12,1,3,2,20,1,2,1,1,1,2.767,3.1993
12,1,3,2,21,3,1,3,1,2,1.8382,2.6865
12,1,3,2,22,3,1,3,1,3,1.6971,6.2091
12,1,3,2,23,1,4,1,1,1,2.6599,3.1881
12,1,3,2,24,4,1,4,1,2,2.563,3.2351
12,1,3,2,25,4,1,4,1,2,1.935,2.255
12,1,3,2,26,3,2,3,1,3,1.8445,2.9642
12,1,3,2,27,3,1,3,1,4,2.4431,2.7697
12,1,3,2,28,3,4,3,1,3,2.1712,2.6994
12,1,3,2,29,4,1,4,1,1,2.0309,2.7831
12,1,3,2,30,2,4,2,1,3,1.7902,2.4782
12,1,3,2,31,1,2,2,0,1,3.5146,3.8377
12,1,3,2,32,4,3,4,1,3,2.8305,3.855
12,1,3,2,33,1,4,4,0,3,1.7776,2.6579
12,1,3,2,34,3,4,3,1,4,1.9581,2.5664
12,1,3,2,35,4,2,4,1,3,1.8869,2.6871
12,2,1,2,1,4,3,3,0,2,2.2193,3.2755
12,2,1,2,2,3,2,3,1,4,1.8624,2.5822
12,2,1,2,3,2,3,2,1,4,1.6623,2.479
12,2,1,2,4,3,4,3,1,4,1.5465,1.8991
12,2,1,2,5,4,1,4,1,2,2.6076,3.1035
12,2,1,2,6,2,4,2,1,3,1.7296,2.1609
12,2,1,2,7,4,1,4,1,1,2.3944,2.7942
12,2,1,2,8,4,2,4,1,2,2.6017,3.2089
12,2,1,2,9,4,3,4,1,1,3.56,5.3685
12,2,1,2,10,1,4,4,0,1,2.6382,2.9535
12,2,1,2,11,3,2,3,1,2,2.9502,3.3824
12,2,1,2,12,2,3,3,0,2,1.1976,1.5186
12,2,1,2,13,3,1,3,1,2,2.8485,3.1702
12,2,1,2,14,3,2,2,0,2,2.3046,2.6245
12,2,1,2,15,3,2,3,1,3,1.574,1.8939
12,2,1,2,16,2,1,2,1,2,1.6429,2.1707
12,2,1,2,17,3,1,3,1,3,1.4751,1.7852
12,2,1,2,18,2,1,2,1,3,2.2192,2.6358
12,2,1,2,19,2,3,2,1,1,2.7202,3.0368
12,2,1,2,20,2,1,2,1,4,2.0047,2.3192
12,2,1,2,21,4,2,4,1,2,2.4866,2.8071
12,2,1,2,22,3,1,3,1,3,2.2131,2.5806
12,2,1,2,23,1,4,1,1,3,1.9173,2.6219
12,2,1,2,24,4,3,3,0,2,2.308,2.996
12,2,1,2,25,2,1,2,1,4,1.723,2.1233
12,2,1,2,26,1,2,1,1,4,1.7495,2.0691
12,2,1,2,27,2,4,2,1,4,2.1466,2.4695
12,2,1,2,28,4,3,4,1,1,2.91,3.31
12,2,1,2,29,2,1,2,1,3,1.8637,2.1855
12,2,1,2,30,2,1,2,1,3,1.5841,1.9022
12,2,1,2,31,2,1,2,1,3,1.8601,2.2761
12,2,1,2,32,1,3,3,0,1,3.1766,3.4873
12,2,1,2,33,4,2,2,0,1,4.1866,5.6272
12,2,1,2,34,2,1,2,1,3,1.5419,2.0215
12,2,1,2,35,2,4,2,1,3,1.7165,2.1965
12,2,2,3,1,2,4,2,1,4,1.5874,2.0035
12,2,2,3,2,4,2,2,0,4,1.2343,2.1146
12,2,2,3,3,2,4,2,1,4,1.1021,1.6936
12,2,2,3,4,2,4,2,1,2,1.6584,2.0104
12,2,2,3,5,2,4,2,1,3,0.9049,1.2175
12,2,2,3,6,2,4,2,1,4,0.9857,1.3015
12,2,2,3,7,4,2,4,1,1,1.5735,2.1819
12,2,2,3,8,2,4,2,1,3,1.2142,1.7421
12,2,2,3,9,4,2,4,1,3,1.6569,2.6803
12,2,2,3,10,2,4,2,1,4,1.0531,1.4686
12,2,2,3,11,2,4,2,1,4,0.8502,1.1681
12,2,2,3,12,4,2,4,1,1,3.0278,3.3538
12,2,2,3,13,4,2,2,0,1,1.58,2.5398
12,2,2,3,14,2,4,2,1,3,0.901,1.3969
12,2,2,3,15,4,2,4,1,4,1.7263,2.446
12,2,2,3,16,4,2,4,1,1,2.2199,2.716
12,2,2,3,17,4,2,4,1,2,1.5023,1.9346
12,2,2,3,18,4,2,4,1,2,1.4082,2.0966
12,2,2,3,19,2,4,2,1,3,0.9889,1.3085
12,2,2,3,20,4,2,4,1,1,1.2728,1.5926
12,2,2,3,21,2,4,2,1,3,1.3059,2.1692
12,2,2,3,22,2,4,2,1,3,0.8819,1.2015
12,2,2,3,23,4,2,4,1,3,0.9296,1.4259
12,2,2,3,24,2,4,2,1,3,0.7766,1.144
12,2,2,3,25,2,4,2,1,3,0.9398,1.58
12,2,2,3,26,2,4,2,1,3,0.7174,1.0346
12,2,2,3,27,4,2,4,1,3,1.1563,2.1161
12,2,2,3,28,2,4,2,1,3,0.9283,1.4561
12,2,2,3,29,2,4,2,1,3,0.758,1.3176
12,2,2,3,30,4,2,4,1,2,1.5056,1.9859
12,2,2,3,31,4,2,4,1,3,1.1053,1.8892
12,2,2,3,32,2,4,2,1,3,0.7902,1.718
12,2,2,3,33,4,2,4,1,2,1.2802,1.6475
12,2,2,3,34,4,2,4,1,1,1.7114,2.7837
12,2,2,3,35,4,2,4,1,1,1.1831,1.5834
12,2,3,1,1,3,,4,0,2,1.4789,2.6463
12,2,3,1,2,2,,2,1,3,1.7087,2.3647
12,2,3,1,3,2,,2,1,2,1.4536,1.9015
12,2,3,1,4,4,,3,0,3,1.2168,1.5365
12,2,3,1,5,2,,2,1,2,1.4112,1.7953
12,2,3,1,6,1,,1,1,3,1.4203,1.868
12,2,3,1,7,3,,2,0,1,3.6169,4.0966
12,2,3,1,8,1,,3,0,3,2.3625,3.0989
12,2,3,1,9,1,,3,0,2,1.7096,2.0776
12,2,3,1,10,2,,2,1,3,1.37,1.8173
12,2,3,1,11,1,,1,1,3,1.265,1.7613
12,2,3,1,12,4,,3,0,2,1.1794,1.771
12,2,3,1,13,2,,2,1,1,1.8754,2.3548
12,2,3,1,14,1,,1,1,1,2.5007,2.8198
12,2,3,1,15,2,,2,1,3,1.2498,1.7304
12,2,3,1,16,4,,4,1,2,1.6457,2.3814
12,2,3,1,17,1,,1,1,1,1.2299,1.6773
12,2,3,1,18,4,,4,1,3,1.5633,2.0271
12,2,3,1,19,1,,3,0,1,4.7449,6.1373
12,2,3,1,20,3,,3,1,3,1.2156,1.5361
12,2,3,1,21,4,,4,1,3,1.4904,1.8905
12,2,3,1,22,3,,3,1,3,1.351,1.6687
12,2,3,1,23,1,,1,1,4,1.2521,1.8755
12,2,3,1,24,2,,2,1,4,1.6726,1.9854
12,2,3,1,25,4,,4,1,1,1.6729,1.9925
12,2,3,1,26,4,,3,0,2,1.2256,1.8488
12,2,3,1,27,1,,3,0,2,1.7591,2.3192
12,2,3,1,28,1,,1,1,3,1.5055,2.5463
12,2,3,1,29,1,,2,0,1,2.0598,2.3861
12,2,3,1,30,3,,3,1,3,1.2913,1.8511
12,2,3,1,31,4,,4,1,1,2.2088,2.5195
12,2,3,1,32,4,,3,0,1,3.2268,3.8828
12,2,3,1,33,2,,2,1,2,1.4213,1.7353
12,2,3,1,34,2,,2,1,2,1.56,1.912
12,2,3,1,35,2,,2,1,2,1.3877,1.7021
12,3,1,2,1,1,3,1,1,2,2.552,3.4959
12,3,1,2,2,4,3,3,0,3,2.1386,2.7785
12,3,1,2,3,3,2,3,1,4,1.8182,2.5704
12,3,1,2,4,4,2,2,0,3,2.3391,3.155
12,3,1,2,5,3,2,3,1,1,3.1873,3.8431
12,3,1,2,6,4,1,4,1,3,2.8872,3.8472
12,3,1,2,7,4,1,4,1,3,1.8509,2.3155
12,3,1,2,8,3,1,3,1,4,1.7588,2.0691
12,3,1,2,9,4,1,4,1,4,2.1227,2.7471
12,3,1,2,10,2,1,2,1,2,8.5404,8.924
12,3,1,2,11,2,4,2,1,4,1.7115,2.0368
12,3,1,2,12,4,2,4,1,1,2.3006,2.7011
12,3,1,2,13,4,3,4,1,3,1.9028,2.7512
12,3,1,2,14,2,1,2,1,3,2.4797,2.992
12,3,1,2,15,3,1,3,1,4,1.7342,2.0524
12,3,1,2,16,1,4,1,1,4,1.7003,2.052
12,3,1,2,17,4,1,1,0,1,2.6894,3.1213
12,3,1,2,18,3,2,3,1,3,1.6991,2.0826
12,3,1,2,19,1,4,1,1,3,1.9679,3.1671
12,3,1,2,20,3,1,3,1,3,1.9517,2.576
12,3,1,2,21,2,4,2,1,4,1.5119,1.8355
12,3,1,2,22,4,1,4,1,2,2.4465,3.3263
12,3,1,2,23,1,2,1,1,3,1.6556,2.1357
12,3,1,2,24,2,1,2,1,3,1.6975,2.0189
12,3,1,2,25,3,4,3,1,1,2.9925,3.6167
12,3,1,2,26,4,1,4,1,1,2.3337,2.7019
12,3,1,2,27,4,3,4,1,1,2.8638,4.9919
12,3,1,2,28,2,3,2,1,2,1.4287,2.4206
12,3,1,2,29,2,4,2,1,4,1.2988,1.6832
12,3,1,2,30,3,1,3,1,4,1.68,2.0022
12,3,1,2,31,4,1,4,1,2,1.9027,2.319
12,3,1,2,32,3,1,3,1,4,1.8579,2.1691
12,3,1,2,33,1,3,1,1,2,2.1214,3.145
12,3,1,2,34,1,3,1,1,2,1.8665,2.2661
12,3,1,2,35,2,1,2,1,2,1.5039,2.3353
12,3,2,1,1,3,,1,0,1,7.7669,8.2466
12,3,2,1,2,1,,2,0,2,1.7814,2.198
12,3,2,1,3,3,,3,1,2,1.6782,2.0139
12,3,2,1,4,2,,2,1,3,1.6296,1.9522
12,3,2,1,5,2,,2,1,3,1.3259,1.652
12,3,2,1,6,3,,3,1,3,1.5155,1.8352
12,3,2,1,7,2,,2,1,4,1.4746,1.8579
12,3,2,1,8,2,,2,1,4,1.2877,1.6234
12,3,2,1,9,1,,1,1,4,1.159,1.4946
12,3,2,1,10,3,,3,1,4,1.3717,1.6857
12,3,2,1,11,3,,3,1,4,1.2403,1.5516
12,3,2,1,12,2,,2,1,4,1.1942,1.5618
12,3,2,1,13,3,,3,1,4,1.4682,1.7854
12,3,2,1,14,1,,2,0,2,1.4286,1.8444
12,3,2,1,15,3,,3,1,3,1.2908,1.6103
12,3,2,1,16,4,,2,0,1,2.1224,2.5222
12,3,2,1,17,4,,2,0,2,1.7967,2.1188
12,3,2,1,18,1,,2,0,2,1.9189,2.2553
12,3,2,1,19,1,,3,0,3,1.3489,1.6846
12,3,2,1,20,3,,3,1,3,1.5207,1.8573
12,3,2,1,21,2,,2,1,3,1.4308,1.7663
12,3,2,1,22,2,,3,0,2,1.3289,1.652
12,3,2,1,23,2,,2,1,3,1.6781,2.0028
12,3,2,1,24,4,,4,1,2,1.5655,1.8855
12,3,2,1,25,2,,2,1,3,1.2342,1.5517
12,3,2,1,26,4,,2,0,2,1.2035,1.5882
12,3,2,1,27,3,,3,1,3,1.1088,1.4351
12,3,2,1,28,2,,2,1,1,1.7552,2.1718
12,3,2,1,29,4,,4,1,1,1.7636,2.0858
12,3,2,1,30,4,,4,1,1,2.2879,2.603
12,3,2,1,31,2,,2,1,2,1.2548,1.5685
12,3,2,1,32,1,,1,1,1,1.7194,2.0357
12,3,2,1,33,4,,3,0,1,1.4295,1.9727
12,3,2,1,34,4,,4,1,1,1.3345,1.652
12,3,2,1,35,2,,2,1,1,2.8999,3.748
12,3,3,3,1,4,1,1,0,1,15.6343,17.3631
12,3,3,3,2,1,4,4,0,1,2.2521,2.5726
12,3,3,3,3,1,4,4,0,1,2.1153,3.1873
12,3,3,3,4,1,4,4,0,1,1.6344,1.9522
12,3,3,3,5,1,4,4,0,2,1.4437,2.8038
12,3,3,3,6,4,1,4,1,2,1.4106,1.7186
12,3,3,3,7,1,4,1,1,4,1.8536,2.4455
12,3,3,3,8,1,4,1,1,4,1.2592,1.5686
12,3,3,3,9,4,1,1,0,1,1.5803,2.2848
12,3,3,3,10,4,1,1,0,1,2.4646,2.7865
12,3,3,3,11,1,4,1,1,4,0.9913,2.2078
12,3,3,3,12,4,1,4,1,3,2.1349,2.5031
12,3,3,3,13,1,4,1,1,4,1.2499,1.6493
12,3,3,3,14,1,4,4,0,1,3.856,4.5125
12,3,3,3,15,1,4,1,1,1,1.5927,2.1045
12,3,3,3,16,1,4,1,1,1,1.3486,1.6686
12,3,3,3,17,1,4,1,1,4,0.8814,1.9216
12,3,3,3,18,1,4,1,1,3,0.9639,1.3002
12,3,3,3,19,1,4,2,0,2,2.4961,3.0087
12,3,3,3,20,4,1,4,1,1,3.0306,3.4309
12,3,3,3,21,4,1,4,1,3,2.2361,2.62
12,3,3,3,22,1,4,1,1,3,1.0582,1.4581
12,3,3,3,23,4,1,1,0,2,1.3839,1.7037
12,3,3,3,24,1,4,1,1,2,1.3321,1.6518
12,3,3,3,25,1,4,1,1,3,1.9693,2.3698
12,3,3,3,26,4,1,1,0,1,1.5538,2.1617
12,3,3,3,27,4,1,1,0,1,1.5152,1.8994
12,3,3,3,28,1,4,1,1,1,1.1517,1.4682
12,3,3,3,29,4,1,4,1,3,2.1008,2.9971
12,3,3,3,30,1,4,1,1,3,1.0198,1.7401
12,3,3,3,31,4,1,4,1,3,1.8304,2.2946
12,3,3,3,32,4,1,1,0,2,1.3545,2.762
12,3,3,3,33,1,4,1,1,4,1.1291,1.6256
12,3,3,3,34,4,1,4,1,3,1.8172,2.3767
12,3,3,3,35,4,1,4,1,3,0.9532,1.3855
12,4,1,3,1,1,2,1,1,3,1.1386,1.8263
12,4,1,3,2,2,1,2,1,3,1.6575,2.0255
12,4,1,3,3,1,2,1,1,2,2.6323,3.0639
12,4,1,3,4,1,2,1,1,4,1.2928,1.6125
12,4,1,3,5,2,1,2,1,3,1.1803,1.5016
12,4,1,3,6,2,1,2,1,3,1.2643,1.6005
12,4,1,3,7,2,1,2,1,4,1.0564,1.4244
12,4,1,3,8,2,1,2,1,4,0.7752,1.0851
12,4,1,3,9,1,2,1,1,2,1.0529,1.7084
12,4,1,3,10,1,2,1,1,2,1.0006,1.3365
12,4,1,3,11,1,2,1,1,3,0.6435,1.1395
12,4,1,3,12,1,2,1,1,3,0.7105,1.3668
12,4,1,3,13,2,1,2,1,2,1.4402,1.8237
12,4,1,3,14,1,2,1,1,3,0.8073,1.2712
12,4,1,3,15,1,2,1,1,3,0.6924,1.0443
12,4,1,3,16,2,1,2,1,3,1.3875,1.9002
12,4,1,3,17,2,1,2,1,1,1.023,2.2713
12,4,1,3,18,2,1,2,1,3,0.8676,1.1847
12,4,1,3,19,2,1,2,1,3,0.7405,1.0517
12,4,1,3,20,1,2,1,1,1,1.0674,1.8195
12,4,1,3,21,2,1,2,1,3,0.8505,1.4905
12,4,1,3,22,2,1,2,1,4,1.0622,1.3844
12,4,1,3,23,1,2,2,0,4,0.9273,1.252
12,4,1,3,24,1,2,1,1,2,1.0701,1.486
12,4,1,3,25,1,2,1,1,2,0.8509,2.0188
12,4,1,3,26,1,2,1,1,2,0.8331,1.1513
12,4,1,3,27,1,2,1,1,1,0.7234,1.0759
12,4,1,3,28,1,2,1,1,3,1.1458,1.4685
12,4,1,3,29,1,2,1,1,4,0.8153,1.1347
12,4,1,3,30,2,1,2,1,4,0.8501,1.3785
12,4,1,3,31,2,1,2,1,1,1.212,2.1073
12,4,1,3,32,2,1,2,1,4,0.8071,1.118
12,4,1,3,33,1,2,1,1,4,0.779,1.2268
12,4,1,3,34,2,1,2,1,4,0.7786,1.1014
12,4,1,3,35,2,1,2,1,2,0.8626,1.6791
12,4,2,2,1,1,4,1,1,3,2.0187,2.7869
12,4,2,2,2,2,4,2,1,3,1.5058,1.8187
12,4,2,2,3,1,4,1,1,4,1.1288,1.4516
12,4,2,2,4,2,4,2,1,4,1.4708,1.7858
12,4,2,2,5,4,2,1,0,1,2.1195,4.1989
12,4,2,2,6,2,1,2,1,3,1.4208,1.7566
12,4,2,2,7,2,1,2,1,4,0.9024,1.2182
12,4,2,2,8,4,1,4,1,4,2.0862,3.0308
12,4,2,2,9,2,1,2,1,4,1.7082,2.0191
12,4,2,2,10,3,1,3,1,4,1.8988,2.2193
12,4,2,2,11,3,1,3,1,4,1.5054,1.8185
12,4,2,2,12,2,1,2,1,3,2.1046,2.7123
12,4,2,2,13,2,1,2,1,4,1.5628,2.2353
12,4,2,2,14,3,4,4,0,2,2.4965,3.5364
12,4,2,2,15,3,1,3,1,1,3.7457,4.0713
12,4,2,2,16,4,1,1,0,4,1.5318,1.9159
12,4,2,2,17,2,3,2,1,4,1.4718,1.7855
12,4,2,2,18,3,4,3,1,4,2.2955,2.6195
12,4,2,2,19,3,1,3,1,4,2.4139,2.7364
12,4,2,2,20,4,1,4,1,1,2.9913,4.1908
12,4,2,2,21,2,1,2,1,3,2.1489,2.4694
12,4,2,2,22,3,1,3,1,3,1.5688,1.8855
12,4,2,2,23,4,2,4,1,4,1.6053,2.0853
12,4,2,2,24,4,2,2,0,1,1.7617,2.2891
12,4,2,2,25,4,2,4,1,3,1.8453,2.4212
12,4,2,2,26,3,4,3,1,4,1.7637,2.0857
12,4,2,2,27,2,1,2,1,1,2.0479,2.3694
12,4,2,2,28,1,4,1,1,4,1.2155,1.5351
12,4,2,2,29,4,1,4,1,4,1.6343,1.986
12,4,2,2,30,4,1,4,1,3,1.7461,2.1307
12,4,2,2,31,1,4,1,1,4,1.3093,1.6353
12,4,2,2,32,1,2,1,1,4,0.8599,1.1848
12,4,2,2,33,2,1,2,1,1,2.6845,3.0034
12,4,2,2,34,3,4,3,1,1,3.1712,3.571
12,4,2,2,35,4,1,4,1,1,1.8584,2.6744
12,4,3,1,1,1,,2,0,3,1.8004,2.4245
12,4,3,1,2,1,,1,1,2,1.3029,1.8477
12,4,3,1,3,1,,1,1,1,1.4378,1.8695
12,4,3,1,4,2,,2,1,3,0.8989,1.5387
12,4,3,1,5,4,,2,0,3,0.8051,1.1178
12,4,3,1,6,3,,3,1,4,1.4809,1.802
12,4,3,1,7,4,,4,1,1,1.5529,1.9524
12,4,3,1,8,1,,3,0,3,1.3622,1.81
12,4,3,1,9,4,,4,1,4,1.2262,1.562
12,4,3,1,10,2,,2,1,4,1.0673,1.385
12,4,3,1,11,3,,3,1,1,1.6046,1.9244
12,4,3,1,12,4,,4,1,4,1.2072,1.5183
12,4,3,1,13,2,,2,1,4,1.0509,1.3864
12,4,3,1,14,4,,4,1,3,1.2672,1.5852
12,4,3,1,15,2,,2,1,3,1.0284,1.3798
12,4,3,1,16,2,,2,1,3,1.1176,1.435
12,4,3,1,17,4,,4,1,2,1.4287,2.1004
12,4,3,1,18,1,,1,1,1,3.6475,4.9913
12,4,3,1,19,3,,3,1,2,1.3647,1.7006
12,4,3,1,20,2,,4,0,1,2.3521,2.6695
12,4,3,1,21,3,,3,1,3,1.2199,1.7164
12,4,3,1,22,1,,3,0,2,1.7106,2.0357
12,4,3,1,23,1,,1,1,1,1.2931,1.6927
12,4,3,1,24,4,,4,1,1,1.3692,1.6855
12,4,3,1,25,2,,2,1,3,1.4773,1.8301
12,4,3,1,26,4,,4,1,4,1.2603,1.5853
12,4,3,1,27,3,,3,1,3,1.261,1.6453
12,4,3,1,28,4,,4,1,1,1.4837,2.0601
12,4,3,1,29,4,,2,0,1,1.7046,2.0404
12,4,3,1,30,2,,2,1,3,0.9345,1.2508
12,4,3,1,31,2,,4,0,1,1.5898,2.9656
12,4,3,1,32,1,,3,0,1,1.2297,1.552
12,4,3,1,33,3,,3,1,3,0.7198,1.0346
12,4,3,1,34,3,,3,1,3,0.6473,3.6549
12,4,3,1,35,2,,2,1,3,1.4744,1.8422
12,5,1,1,1,2,,2,1,3,1.7462,2.069
12,5,1,1,2,2,,2,1,3,0.8471,1.168
12,5,1,1,3,4,,4,1,1,1.2004,1.5184
12,5,1,1,4,4,,3,0,3,1.6517,2.0043
12,5,1,1,5,1,,3,0,3,1.7152,3.0917
12,5,1,1,6,2,,2,1,3,1.5743,1.9427
12,5,1,1,7,3,,3,1,3,1.081,1.4491
12,5,1,1,8,3,,3,1,3,1.2799,1.6019
12,5,1,1,9,4,,4,1,3,1.2796,1.6313
12,5,1,1,10,2,,2,1,3,1.5342,1.9823
12,5,1,1,11,3,,3,1,2,1.3118,1.6955
12,5,1,1,12,1,,4,0,1,1.7236,2.2835
12,5,1,1,13,3,,3,1,3,1.2636,1.6152
12,5,1,1,14,2,,2,1,3,1.4234,1.7354
12,5,1,1,15,3,,3,1,3,1.3054,1.6185
12,5,1,1,16,3,,3,1,3,1.1125,1.4349
12,5,1,1,17,4,,4,1,1,2.8633,3.2147
12,5,1,1,18,2,,2,1,2,1.709,2.0616
12,5,1,1,19,3,,3,1,3,1.1147,1.4511
12,5,1,1,20,2,,3,0,2,1.537,1.8524
12,5,1,1,21,3,,3,1,4,1.0457,1.4131
12,5,1,1,22,3,,3,1,4,0.7023,1.018
12,5,1,1,23,1,,4,0,1,4.9017,5.2225
12,5,1,1,24,3,,3,1,3,1.1691,1.5688
12,5,1,1,25,1,,3,0,3,1.1222,1.4348
12,5,1,1,26,4,,4,1,1,1.2089,1.5351
12,5,1,1,27,4,,4,1,2,1.3711,1.6851
12,5,1,1,28,3,,3,1,3,1.0948,1.4182
12,5,1,1,29,2,,2,1,3,1.2468,1.7907
12,5,1,1,30,4,,3,0,2,1.2552,1.6231
12,5,1,1,31,1,,4,0,2,1.3827,1.7022
12,5,1,1,32,4,,4,1,1,1.346,2.5458
12,5,1,1,33,1,,4,0,1,1.6918,2.0188
12,5,1,1,34,2,,3,0,1,1.9462,2.3623
12,5,1,1,35,1,,3,0,3,1.2756,1.9157
12,5,2,2,1,3,2,3,1,4,1.8773,2.2026
12,5,2,2,2,3,1,3,1,4,1.7246,2.0356
12,5,2,2,3,1,4,4,0,1,2.843,3.1536
12,5,2,2,4,3,1,3,1,3,1.7074,2.0189
12,5,2,2,5,3,2,3,1,3,2.2974,3.2891
12,5,2,2,6,4,3,3,0,2,2.0678,2.8515
12,5,2,2,7,2,4,2,1,2,2.6242,3.4561
12,5,2,2,8,1,3,3,0,3,2.3883,2.7399
12,5,2,2,9,3,2,2,0,2,1.7176,2.0694
12,5,2,2,10,4,3,3,0,3,1.7138,2.0363
12,5,2,2,11,4,3,3,0,4,1.4722,1.8088
12,5,2,2,12,4,2,4,1,4,1.5604,2.0083
12,5,2,2,13,3,4,4,0,1,2.3433,3.1917
12,5,2,2,14,3,1,3,1,4,1.7823,2.3265
12,5,2,2,15,1,2,2,0,3,2.1208,2.4567
12,5,2,2,16,2,3,2,1,2,1.7656,2.1821
12,5,2,2,17,1,3,3,0,3,1.8544,2.1748
12,5,2,2,18,2,1,2,1,3,1.6873,2.0393
12,5,2,2,19,1,3,3,0,3,1.589,1.9022
12,5,2,2,20,1,4,4,0,1,1.7687,2.1687
12,5,2,2,21,3,4,3,1,4,1.6817,2.0024
12,5,2,2,22,1,3,3,0,1,2.6245,2.9365
12,5,2,2,23,2,1,3,0,2,1.8171,3.2733
12,5,2,2,24,4,1,4,1,3,1.8597,2.9635
12,5,2,2,25,4,3,4,1,3,1.6132,1.9356
12,5,2,2,26,1,4,1,1,4,1.7106,2.0357
12,5,2,2,27,3,4,3,1,4,1.4853,1.9491
12,5,2,2,28,4,3,4,1,4,1.4071,1.9833
12,5,2,2,29,1,4,4,0,1,2.2389,2.6076
12,5,2,2,30,4,3,4,1,4,1.2701,1.59
12,5,2,2,31,1,2,2,0,3,1.831,2.1526
12,5,2,2,32,4,3,4,1,2,1.7763,2.2562
12,5,2,2,33,2,3,2,1,3,1.4289,1.7521
12,5,2,2,34,3,2,3,1,4,1.247,1.8552
12,5,2,2,35,3,1,3,1,4,1.589,1.9028
12,5,3,3,1,3,1,3,1,3,1.5817,1.9022
12,5,3,3,2,1,3,3,0,4,1.3934,2.4812
12,5,3,3,3,3,1,3,1,4,1.2298,1.5519
12,5,3,3,4,3,1,1,0,2,1.2634,1.7431
12,5,3,3,5,1,3,1,1,3,0.9219,1.2347
12,5,3,3,6,3,1,3,1,2,1.3522,1.7683
12,5,3,3,7,1,3,1,1,3,0.9133,1.2349
12,5,3,3,8,1,3,1,1,3,0.833,1.1845
12,5,3,3,9,3,1,3,1,1,0.9294,1.7781
12,5,3,3,10,1,3,1,1,3,0.9706,1.2848
12,5,3,3,11,1,3,1,1,3,0.8225,1.1345
12,5,3,3,12,1,3,1,1,3,0.8422,1.1512
12,5,3,3,13,1,3,1,1,3,0.7961,1.1324
12,5,3,3,14,3,1,3,1,3,1.2482,1.6002
12,5,3,3,15,1,3,1,1,2,0.8482,1.248
12,5,3,3,16,1,3,1,1,3,0.7506,1.068
12,5,3,3,17,3,1,3,1,3,0.8689,1.2209
12,5,3,3,18,1,3,1,1,3,0.9008,1.2207
12,5,3,3,19,1,3,3,0,4,1.4924,1.9561
12,5,3,3,20,1,3,3,0,4,0.822,1.1347
12,5,3,3,21,3,1,3,1,4,0.7608,1.0846
12,5,3,3,22,1,3,1,1,1,0.8619,1.1977
12,5,3,3,23,1,3,1,1,3,0.8313,1.1514
12,5,3,3,24,3,1,3,1,4,0.801,1.1175
12,5,3,3,25,3,1,1,0,4,0.693,1.0011
12,5,3,3,26,3,1,1,0,4,0.5895,0.9008
12,5,3,3,27,1,3,1,1,3,1.4022,1.9304
12,5,3,3,28,1,3,1,1,3,0.7328,3.645
12,5,3,3,29,1,3,1,1,3,0.7935,3.3213
12,5,3,3,30,3,1,3,1,1,1.0592,1.3683
12,5,3,3,31,1,3,3,0,2,1.5962,2.2679
12,5,3,3,32,3,1,3,1,3,0.7531,1.1531
12,5,3,3,33,3,1,3,1,3,0.6107,1.4748
12,5,3,3,34,3,1,3,1,3,0.7129,1.0347
12,5,3,3,35,1,3,3,0,3,0.7038,1.0177
12,6,1,1,1,1,,1,1,3,1.3275,1.8237
12,6,1,1,2,4,,1,0,2,1.1266,1.4518
12,6,1,1,3,3,,3,1,2,0.9726,1.2847
12,6,1,1,4,4,,2,0,4,0.9691,1.6415
12,6,1,1,5,1,,1,1,3,0.9845,1.3016
12,6,1,1,6,3,,3,1,4,1.0119,1.3349
12,6,1,1,7,2,,3,0,3,1.2151,1.5352
12,6,1,1,8,3,,2,0,3,1.0095,1.3349
12,6,1,1,9,2,,3,0,3,0.8763,1.2763
12,6,1,1,10,3,,3,1,3,0.6986,1.6262
12,6,1,1,11,3,,3,1,3,0.6493,0.9855
12,6,1,1,12,2,,2,1,3,1.2665,1.5852
12,6,1,1,13,4,,3,0,4,1.3953,1.7187
12,6,1,1,14,1,,3,0,2,1.2782,2.1424
12,6,1,1,15,1,,4,0,1,1.5603,1.8855
12,6,1,1,16,3,,3,1,3,1.0363,1.3516
12,6,1,1,17,1,,1,1,3,1.0789,1.4016
12,6,1,1,18,3,,3,1,4,0.9583,1.2679
12,6,1,1,19,1,,2,0,2,1.212,1.5803
12,6,1,1,20,3,,3,1,4,1.0219,1.335
12,6,1,1,21,2,,2,1,3,1.0638,1.3849
12,6,1,1,22,4,,4,1,2,1.4569,1.7686
12,6,1,1,23,4,,4,1,2,1.3847,1.7019
12,6,1,1,24,4,,4,1,2,1.3324,1.6519
12,6,1,1,25,1,,2,0,2,1.9864,2.3025
12,6,1,1,26,3,,3,1,4,1.2538,1.5684
12,6,1,1,27,2,,2,1,3,1.2708,1.585
12,6,1,1,28,2,,2,1,3,0.9997,1.3181
12,6,1,1,29,2,,2,1,3,0.6434,1.3626
12,6,1,1,30,4,,4,1,3,1.1496,1.4685
12,6,1,1,31,2,,2,1,3,1.2187,1.535
12,6,1,1,32,1,,3,0,2,1.2212,1.6053
12,6,1,1,33,3,,3,1,4,1.0772,1.4019
12,6,1,1,34,4,,4,1,3,1.4212,1.8215
12,6,1,1,35,2,,2,1,3,1.0923,1.4016
12,6,2,3,1,2,3,2,1,3,0.8492,1.1679
12,6,2,3,2,3,2,3,1,3,0.7074,1.0178
12,6,2,3,3,3,2,3,1,4,1.2594,1.6273
12,6,2,3,4,3,2,3,1,4,0.8583,1.1945
12,6,2,3,5,3,2,3,1,4,0.6515,0.9679
12,6,2,3,6,2,3,2,1,3,0.597,0.9181
12,6,2,3,7,3,2,3,1,3,0.7853,1.1014
12,6,2,3,8,2,3,2,1,3,0.6941,1.0293
12,6,2,3,9,3,2,3,1,1,0.9896,1.4861
12,6,2,3,10,2,3,3,0,2,0.8988,1.6029
12,6,2,3,11,2,3,2,1,3,0.6419,1.0107
12,6,2,3,12,2,3,2,1,3,0.795,1.1181
12,6,2,3,13,2,3,2,1,3,0.5007,0.8178
12,6,2,3,14,2,3,2,1,3,0.6385,0.951
12,6,2,3,15,3,2,3,1,3,0.8414,1.1512
12,6,2,3,16,3,2,3,1,2,1.0838,1.5794
12,6,2,3,17,2,3,2,1,2,0.877,1.2933
12,6,2,3,18,3,2,3,1,3,0.7139,1.2263
12,6,2,3,19,3,2,3,1,2,0.7775,1.2255
12,6,2,3,20,3,2,3,1,1,1.3215,1.9291
12,6,2,3,21,2,3,2,1,3,0.8759,1.2445
12,6,2,3,22,3,2,3,1,4,0.939,1.3071
12,6,2,3,23,3,2,3,1,4,0.9515,1.2681
12,6,2,3,24,2,3,2,1,1,1.7806,2.1025
12,6,2,3,25,3,2,3,1,3,0.8801,1.2014
12,6,2,3,26,2,3,2,1,3,0.6723,0.9922
12,6,2,3,27,2,3,2,1,3,0.9054,1.2181
12,6,2,3,28,3,2,2,0,3,0.5854,1.2092
12,6,2,3,29,2,3,2,1,3,0.6178,0.9345
12,6,2,3,30,2,3,2,1,3,0.7251,1.0511
12,6,2,3,31,3,2,3,1,1,0.8593,1.2595
12,6,2,3,32,2,3,3,0,1,0.9857,1.4022
12,6,2,3,33,2,3,2,1,1,0.8816,1.2659
12,6,2,3,34,3,2,3,1,3,1.0082,2.192
12,6,2,3,35,3,2,3,1,3,0.8085,1.2245
12,6,3,2,1,2,4,2,1,3,1.5492,1.9487
12,6,3,2,2,3,1,3,1,3,1.5194,1.8552
12,6,3,2,3,1,4,1,1,4,1.0925,1.4454
12,6,3,2,4,3,2,3,1,2,2.5719,2.9555
12,6,3,2,5,4,2,2,0,1,1.684,2.0042
12,6,3,2,6,2,4,2,1,3,0.8836,1.2012
12,6,3,2,7,3,1,3,1,4,1.508,1.8187
12,6,3,2,8,3,2,2,0,2,1.5944,2.027
12,6,3,2,9,1,2,2,0,2,2.5856,3.1455
12,6,3,2,10,1,4,1,1,1,1.0507,1.3684
12,6,3,2,11,4,3,4,1,3,1.6357,2.0516
12,6,3,2,12,2,3,2,1,3,1.4258,1.7353
12,6,3,2,13,4,3,3,0,3,1.7558,2.1401
12,6,3,2,14,4,2,3,0,3,1.3339,1.6519
12,6,3,2,15,1,3,1,1,3,1.092,1.5073
12,6,3,2,16,3,4,3,1,3,1.7517,2.069
12,6,3,2,17,2,3,2,1,2,1.6684,2.0046
12,6,3,2,18,2,3,2,1,2,1.2681,1.6033
12,6,3,2,19,1,2,3,0,2,1.3479,1.6686
12,6,3,2,20,1,4,4,0,1,1.5204,1.8724
12,6,3,2,21,1,4,1,1,3,1.9416,2.2525
12,6,3,2,22,4,1,4,1,1,1.947,3.0184
12,6,3,2,23,2,3,2,1,2,1.6321,1.9518
12,6,3,2,24,2,4,2,1,3,0.9615,1.2848
12,6,3,2,25,2,4,2,1,3,0.7029,1.018
12,6,3,2,26,4,2,4,1,4,1.3825,1.8145
12,6,3,2,27,3,2,3,1,4,1.5827,1.9023
12,6,3,2,28,4,1,3,0,4,0.8498,1.3617
12,6,3,2,29,2,3,2,1,3,1.4203,1.7724
12,6,3,2,30,3,4,3,1,3,1.4456,1.7689
12,6,3,2,31,3,4,3,1,3,0.6702,0.9843
12,6,3,2,32,3,1,3,1,3,0.6478,0.9677
12,6,3,2,33,2,4,2,1,3,1.8258,2.1355
12,6,3,2,34,3,2,3,1,2,1.9155,2.2358
12,6,3,2,35,4,2,4,1,4,1.4413,1.8097
13,1,1,2,1,3,4,3,1,4,1.5676,2.5275
13,1,1,2,2,3,4,3,1,4,1.0342,1.3517
13,1,1,2,3,1,2,2,0,1,2.5797,3.8752
13,1,1,2,4,1,3,1,1,1,2.5184,3.1099
13,1,1,2,5,4,1,1,0,1,2.4728,2.8247
13,1,1,2,6,1,2,2,0,1,2.0707,2.4701
13,1,1,2,7,4,2,2,0,4,1.106,1.4414
13,1,1,2,8,4,2,4,1,1,1.8489,2.1692
13,1,1,2,9,2,1,2,1,4,1.0406,1.3608
13,1,1,2,10,3,4,3,1,2,1.1786,1.7547
13,1,1,2,11,2,4,2,1,4,1.0284,1.7801
13,1,1,2,12,2,3,3,0,2,1.5335,2.67
13,1,1,2,13,1,4,1,1,2,1.8251,2.4646
13,1,1,2,14,1,3,3,0,1,2.7018,3.2778
13,1,1,2,15,3,4,3,1,3,1.092,2.7557
13,1,1,2,16,4,2,4,1,4,1.3059,1.7059
13,1,1,2,17,1,4,4,0,2,1.7176,2.3252
13,1,1,2,18,1,2,1,1,4,1.0482,1.3999
13,1,1,2,19,1,4,1,1,4,1.1198,1.435
13,1,1,2,20,2,3,2,1,4,1.1104,1.4779
13,1,1,2,21,3,4,3,1,4,1.02,1.3349
13,1,1,2,22,3,1,3,1,4,0.9821,1.3014
13,1,1,2,23,3,2,3,1,4,0.8505,1.1677
13,1,1,2,24,4,1,1,0,1,2.5479,2.9648
13,1,1,2,25,2,1,2,1,4,0.9891,2.0929
13,1,1,2,26,4,2,4,1,1,1.945,2.2648
13,1,1,2,27,2,3,2,1,4,1.0219,1.3349
13,1,1,2,28,2,4,2,1,4,0.9368,1.2514
13,1,1,2,29,1,4,1,1,3,1.3348,1.9262
13,1,1,2,30,2,3,2,1,3,1.1607,1.7207
13,1,1,2,31,2,1,2,1,1,2.0512,2.6598
13,1,1,2,32,1,4,4,0,3,1.4008,2.1686
13,1,1,2,33,3,1,3,1,4,1.121,1.4349
13,1,1,2,34,4,1,4,1,1,2.1838,2.7602
13,1,1,2,35,2,4,2,1,4,1.0163,1.5124
13,1,2,1,1,3,,3,1,4,1.1861,1.8894
13,1,2,1,2,3,,3,1,4,0.7584,1.5583
13,1,2,1,3,4,,4,1,4,1.4479,1.7686
13,1,2,1,4,3,,3,1,3,1.0411,1.4569
13,1,2,1,5,2,,2,1,3,1.0468,1.5109
13,1,2,1,6,1,,1,1,2,1.1952,1.6113
13,1,2,1,7,3,,3,1,3,1.2589,1.8347
13,1,2,1,8,4,,2,0,2,1.0574,1.5056
13,1,2,1,9,2,,2,1,2,1.0126,1.4607
13,1,2,1,10,4,,2,0,3,1.4188,1.8992
13,1,2,1,11,1,,3,0,1,2.1273,2.4365
13,1,2,1,12,4,,3,0,4,0.8449,1.168
13,1,2,1,13,4,,3,0,2,1.7578,2.4304
13,1,2,1,14,2,,2,1,2,1.549,2.0608
13,1,2,1,15,3,,3,1,3,0.8737,1.5456
13,1,2,1,16,1,,1,1,4,0.9884,1.3015
13,1,2,1,17,1,,3,0,4,0.8398,1.1512
13,1,2,1,18,2,,2,1,4,1.0346,1.3514
13,1,2,1,19,2,,2,1,4,1.0607,1.3681
13,1,2,1,20,2,,3,0,4,1.198,1.5185
13,1,2,1,21,2,,2,1,4,0.8483,1.4246
13,1,2,1,22,1,,1,1,2,1.4478,2.1843
13,1,2,1,23,2,,3,0,2,1.4724,1.7852
13,1,2,1,24,1,,1,1,2,1.0486,1.3682
13,1,2,1,25,4,,4,1,2,1.5861,1.9217
13,1,2,1,26,1,,1,1,3,1.0293,1.3516
13,1,2,1,27,1,,3,0,3,1.0544,1.4385
13,1,2,1,28,3,,3,1,3,0.9334,1.2515
13,1,2,1,29,4,,4,1,4,1.3633,1.6854
13,1,2,1,30,1,,2,0,2,1.5998,2.2242
13,1,2,1,31,2,,2,1,4,0.9826,1.3016
13,1,2,1,32,2,,2,1,4,0.9301,1.2513
13,1,2,1,33,4,,4,1,2,1.345,1.7612
13,1,2,1,34,3,,4,0,1,1.467,3.243
13,1,2,1,35,1,,1,1,3,1.5434,2.0553
13,1,3,3,1,4,3,4,1,1,1.8513,2.3636
13,1,3,3,2,3,4,3,1,4,0.9566,1.2922
13,1,3,3,3,4,3,4,1,2,1.4334,2.2655
13,1,3,3,4,3,4,4,0,4,0.7828,1.1013
13,1,3,3,5,4,3,3,0,1,2.1149,2.5952
13,1,3,3,6,4,3,3,0,3,1.1308,1.6586
13,1,3,3,7,4,3,3,0,3,1.1127,1.5126
13,1,3,3,8,3,4,3,1,4,0.7805,1.2122
13,1,3,3,9,4,3,4,1,3,1.3081,1.8683
13,1,3,3,10,4,3,3,0,3,1.0569,1.4726
13,1,3,3,11,4,3,4,1,2,1.349,2.1975
13,1,3,3,12,3,4,3,1,2,1.1656,1.7092
13,1,3,3,13,3,4,3,1,3,0.9847,1.4012
13,1,3,3,14,4,3,4,1,4,1.2658,1.8894
13,1,3,3,15,3,4,3,1,4,0.8052,1.1178
13,1,3,3,16,3,4,4,0,1,1.2574,1.8811
13,1,3,3,17,3,4,3,1,4,1.0381,1.3515
13,1,3,3,18,3,4,3,1,4,0.7927,1.1281
13,1,3,3,19,4,3,4,1,4,1.3405,1.6519
13,1,3,3,20,4,3,4,1,3,1.2103,1.5945
13,1,3,3,21,4,3,4,1,4,1.0512,1.4348
13,1,3,3,22,3,4,3,1,4,1.0578,1.3771
13,1,3,3,23,3,4,3,1,4,0.9709,1.2849
13,1,3,3,24,4,3,4,1,2,1.9121,2.536
13,1,3,3,25,3,4,3,1,4,1.057,1.3681
13,1,3,3,26,4,3,4,1,4,0.9863,1.3014
13,1,3,3,27,3,4,3,1,4,1.0627,1.3852
13,1,3,3,28,3,4,3,1,4,0.7828,1.1012
13,1,3,3,29,4,3,3,0,4,0.8348,1.1512
13,1,3,3,30,3,4,3,1,4,0.8214,1.1345
13,1,3,3,31,4,3,4,1,1,1.3836,1.9915
13,1,3,3,32,3,4,3,1,4,0.92,1.2345
13,1,3,3,33,4,3,4,1,3,1.1102,1.7821
13,1,3,3,34,3,4,3,1,4,0.8311,1.1513
13,1,3,3,35,3,4,3,1,4,0.7859,1.1216
13,2,1,3,1,1,2,1,1,4,1.2529,1.6046
13,2,1,3,2,1,2,1,1,4,0.7887,1.1013
13,2,1,3,3,2,1,2,1,4,0.696,1.0177
13,2,1,3,4,1,2,1,1,4,0.7999,1.118
13,2,1,3,5,2,1,2,1,4,0.7069,1.0177
13,2,1,3,6,1,2,2,0,2,1.3074,1.9953
13,2,1,3,7,2,1,2,1,4,0.7795,1.1015
13,2,1,3,8,1,2,1,1,2,1.136,1.7274
13,2,1,3,9,1,2,1,1,3,1.0665,1.595
13,2,1,3,10,1,2,2,0,4,0.9717,1.2848
13,2,1,3,11,1,2,1,1,3,1.128,1.8313
13,2,1,3,12,2,1,2,1,4,0.7829,1.1014
13,2,1,3,13,2,1,2,1,4,0.7063,1.0177
13,2,1,3,14,2,1,2,1,4,0.6982,1.0178
13,2,1,3,15,1,2,1,1,4,1.0904,1.6663
13,2,1,3,16,2,1,2,1,4,0.7353,1.0513
13,2,1,3,17,2,1,2,1,4,0.5811,0.9009
13,2,1,3,18,2,1,2,1,4,0.7538,1.0678
13,2,1,3,19,1,2,1,1,3,1.1431,1.5428
13,2,1,3,20,1,2,1,1,2,1.2572,1.5778
13,2,1,3,21,2,1,2,1,4,1.1792,1.5018
13,2,1,3,22,2,1,2,1,4,0.7505,1.0678
13,2,1,3,23,1,2,2,0,4,1.0449,1.3683
13,2,1,3,24,2,1,2,1,4,0.7342,1.0514
13,2,1,3,25,2,1,2,1,4,0.725,1.0346
13,2,1,3,26,1,2,1,1,3,1.0356,1.4358
13,2,1,3,27,2,1,2,1,4,0.7383,1.0511
13,2,1,3,28,1,2,1,1,3,0.8245,1.1345
13,2,1,3,29,2,1,2,1,4,0.8753,1.1847
13,2,1,3,30,1,2,1,1,3,0.8282,1.1513
13,2,1,3,31,1,2,1,1,3,0.7985,1.1179
13,2,1,3,32,1,2,1,1,4,0.8823,1.2024
13,2,1,3,33,1,2,2,0,1,1.3468,2.2424
13,2,1,3,34,2,1,2,1,3,0.7765,1.0845
13,2,1,3,35,2,1,2,1,4,0.6048,0.9892
13,2,2,2,1,2,3,2,1,4,2.0935,2.5894
13,2,2,2,2,1,3,1,1,4,1.9879,2.4521
13,2,2,2,3,2,1,2,1,3,1.1059,1.5696
13,2,2,2,4,4,3,4,1,4,1.2181,1.5346
13,2,2,2,5,1,4,1,1,3,1.413,1.7354
13,2,2,2,6,2,3,3,0,3,1.7275,2.1752
13,2,2,2,7,2,4,2,1,4,0.8874,1.2015
13,2,2,2,8,2,1,2,1,4,0.9197,1.2345
13,2,2,2,9,4,3,4,1,4,1.1425,1.4515
13,2,2,2,10,2,4,2,1,4,0.8601,1.2119
13,2,2,2,11,4,1,4,1,4,0.9729,1.2849
13,2,2,2,12,4,2,4,1,4,0.8573,1.1679
13,2,2,2,13,2,4,2,1,4,0.9702,1.2847
13,2,2,2,14,2,3,2,1,3,1.3197,2.1035
13,2,2,2,15,3,4,3,1,4,1.1069,1.4182
13,2,2,2,16,4,2,4,1,4,0.8746,1.2103
13,2,2,2,17,1,4,1,1,4,1.0667,1.4191
13,2,2,2,18,1,2,3,0,1,0.978,4.0024
13,2,2,2,19,3,4,3,1,3,1.1822,2.6869
13,2,2,2,20,1,2,3,0,3,1.0577,2.194
13,2,2,2,21,2,4,2,1,4,2.0101,2.5698
13,2,2,2,22,2,1,2,1,4,1.2497,1.5684
13,2,2,2,23,4,1,4,1,1,1.9865,2.9304
13,2,2,2,24,1,4,4,0,1,1.3246,1.6353
13,2,2,2,25,2,3,2,1,3,1.7872,2.2995
13,2,2,2,26,1,2,2,0,3,1.2789,1.7744
13,2,2,2,27,2,1,2,1,4,0.8722,1.352
13,2,2,2,28,1,4,4,0,1,1.9539,2.4178
13,2,2,2,29,1,4,4,0,1,1.4405,2.2083
13,2,2,2,30,2,4,2,1,4,1.0158,1.3836
13,2,2,2,31,2,1,1,0,1,1.7447,2.1919
13,2,2,2,32,1,2,1,1,4,1.096,1.4184
13,2,2,2,33,3,4,3,1,4,1.1508,1.4682
13,2,2,2,34,1,4,1,1,1,2.532,2.9641
13,2,2,2,35,2,1,1,0,1,1.5651,1.9646
13,2,3,1,1,3,,3,1,4,4.053,4.4053
13,2,3,1,2,3,,3,1,4,0.7692,1.0842
13,2,3,1,3,2,,2,1,4,1.6226,1.9746
13,2,3,1,4,2,,4,0,4,1.1754,1.4849
13,2,3,1,5,4,,4,1,2,1.2746,1.5851
13,2,3,1,6,2,,2,1,3,1.2759,1.8036
13,2,3,1,7,3,,3,1,4,0.8984,1.2179
13,2,3,1,8,1,,3,0,1,1.2986,2.2102
13,2,3,1,9,4,,4,1,3,1.0014,1.4493
13,2,3,1,10,1,,3,0,3,1.456,1.8398
13,2,3,1,11,1,,1,1,4,0.918,1.27
13,2,3,1,12,3,,3,1,4,1.2839,1.6019
13,2,3,1,13,2,,2,1,1,1.5709,1.891
13,2,3,1,14,1,,1,1,3,1.1426,1.4953
13,2,3,1,15,3,,3,1,4,1.0361,1.3517
13,2,3,1,16,3,,3,1,4,0.6941,1.001
13,2,3,1,17,3,,3,1,3,1.1824,1.5016
13,2,3,1,18,1,,4,0,2,1.714,2.5302
13,2,3,1,19,4,,2,0,1,1.5321,1.9163
13,2,3,1,20,2,,2,1,3,1.3595,1.6684
13,2,3,1,21,2,,4,0,3,3.1482,3.692
13,2,3,1,22,2,,2,1,3,1.0943,1.478
13,2,3,1,23,4,,4,1,4,1.2433,1.5631
13,2,3,1,24,1,,2,0,3,1.1335,1.4692
13,2,3,1,25,4,,4,1,3,1.2984,1.762
13,2,3,1,26,1,,2,0,4,1.1161,1.6121
13,2,3,1,27,3,,3,1,4,1.1477,1.5002
13,2,3,1,28,2,,2,1,4,0.8795,1.2799
13,2,3,1,29,3,,3,1,4,0.9413,1.2514
13,2,3,1,30,4,,4,1,4,1.1315,1.4516
13,2,3,1,31,2,,2,1,4,0.8648,1.1847
13,2,3,1,32,1,,4,0,1,1.3941,1.7295
13,2,3,1,33,2,,2,1,4,0.9888,1.3093
13,2,3,1,34,3,,3,1,4,0.8095,1.1178
13,2,3,1,35,1,,1,1,3,1.5159,1.8842
13,3,1,1,1,1,,1,1,1,1.2353,1.651
13,3,1,1,2,2,,2,1,1,1.0411,1.3513
13,3,1,1,3,1,,4,0,1,1.755,2.0691
13,3,1,1,4,1,,1,1,4,0.8395,1.1513
13,3,1,1,5,4,,4,1,4,0.9857,1.3014
13,3,1,1,6,2,,2,1,4,1.0776,1.4016
13,3,1,1,7,3,,3,1,4,0.8615,1.1849
13,3,1,1,8,4,,4,1,4,0.9903,1.3015
13,3,1,1,9,1,,2,0,1,1.2898,2.1537
13,3,1,1,10,1,,4,0,3,1.7788,2.3869
13,3,1,1,11,2,,2,1,4,0.8662,1.4267
13,3,1,1,12,2,,4,0,2,1.2583,1.6577
13,3,1,1,13,3,,2,0,1,1.448,2.1842
13,3,1,1,14,2,,2,1,4,1.1201,1.5675
13,3,1,1,15,4,,4,1,4,1.0092,1.3292
13,3,1,1,16,3,,3,1,4,1.1005,1.4183
13,3,1,1,17,1,,3,0,1,1.0597,1.3959
13,3,1,1,18,3,,4,0,1,2.5412,2.8532
13,3,1,1,19,4,,4,1,4,2.0565,2.3692
13,3,1,1,20,1,,1,1,4,1.2734,1.5851
13,3,1,1,21,4,,4,1,4,1.0651,1.3849
13,3,1,1,22,2,,2,1,2,1.4421,1.7774
13,3,1,1,23,4,,1,0,1,0.9868,1.6269
13,3,1,1,24,1,,4,0,2,1.1457,1.658
13,3,1,1,25,3,,3,1,3,2.0879,2.7118
13,3,1,1,26,1,,1,1,3,1.6266,2.043
13,3,1,1,27,2,,2,1,4,1.0646,1.3851
13,3,1,1,28,2,,2,1,3,1.0731,1.425
13,3,1,1,29,2,,4,0,4,1.1931,1.6727
13,3,1,1,30,3,,3,1,2,1.414,1.9097
13,3,1,1,31,2,,2,1,3,1.3058,1.7376
13,3,1,1,32,1,,1,1,4,0.9153,1.2344
13,3,1,1,33,4,,4,1,4,2.0343,2.3526
13,3,1,1,34,2,,2,1,4,1.1871,1.6029
13,3,1,1,35,3,,3,1,2,1.6183,1.9548
13,3,2,3,1,4,2,4,1,4,1.1632,1.7396
13,3,2,3,2,4,2,2,0,2,1.4618,1.8142
13,3,2,3,3,2,4,2,1,4,0.942,1.2515
13,3,2,3,4,2,4,2,1,4,0.8119,1.1346
13,3,2,3,5,2,4,4,0,1,1.1188,1.5353
13,3,2,3,6,4,2,4,1,4,1.2019,1.5217
13,3,2,3,7,4,2,4,1,4,0.7091,1.0451
13,3,2,3,8,4,2,2,0,1,1.2442,1.5519
13,3,2,3,9,2,4,2,1,2,1.0861,1.5017
13,3,2,3,10,4,2,4,1,4,0.8979,1.2343
13,3,2,3,11,4,2,2,0,1,1.6168,1.9355
13,3,2,3,12,2,4,2,1,4,1.3794,1.7314
13,3,2,3,13,2,4,2,1,4,0.9426,1.2515
13,3,2,3,14,4,2,4,1,4,1.1326,1.4516
13,3,2,3,15,4,2,4,1,4,1.1705,1.6026
13,3,2,3,16,2,4,2,1,4,1.0582,1.3677
13,3,2,3,17,2,4,2,1,4,1.1641,1.485
13,3,2,3,18,4,2,4,1,4,0.9767,1.2847
13,3,2,3,19,2,4,2,1,4,0.7963,1.1179
13,3,2,3,20,4,2,4,1,3,1.1364,1.6968
13,3,2,3,21,2,4,2,1,4,1.1015,1.4184
13,3,2,3,22,2,4,2,1,4,0.6602,0.9677
13,3,2,3,23,4,2,4,1,4,0.8939,1.2134
13,3,2,3,24,2,4,2,1,4,0.9419,1.2515
13,3,2,3,25,2,4,4,0,1,1.2276,1.5348
13,3,2,3,26,2,4,2,1,4,0.8941,1.218
13,3,2,3,27,4,2,4,1,3,1.0527,1.3734
13,3,2,3,28,2,4,2,1,3,0.9671,1.4152
13,3,2,3,29,2,4,4,0,2,1.6632,2.5591
13,3,2,3,30,4,2,4,1,3,1.1754,1.5756
13,3,2,3,31,2,4,2,1,4,0.8888,1.3213
13,3,2,3,32,4,2,2,0,1,1.0443,2.0686
13,3,2,3,33,2,4,2,1,3,1.0408,1.4087
13,3,2,3,34,2,4,2,1,2,1.705,2.3136
13,3,2,3,35,4,2,4,1,4,1.1321,1.5807
13,3,3,2,1,2,3,2,1,4,1.476,1.7959
13,3,3,2,2,4,1,4,1,4,1.2125,1.5352
13,3,3,2,3,2,4,2,1,4,0.9118,1.2348
13,3,3,2,4,1,3,1,1,4,1.0223,1.3348
13,3,3,2,5,2,1,2,1,4,0.8574,1.1681
13,3,3,2,6,3,4,4,0,1,1.6109,2.0748
13,3,3,2,7,3,4,4,0,2,2.5519,3.0476
13,3,3,2,8,2,4,2,1,4,0.9082,1.218
13,3,3,2,9,2,1,2,1,1,2.0276,2.3634
13,3,3,2,10,3,4,3,1,4,1.0205,1.4044
13,3,3,2,11,1,2,1,1,1,1.3009,2.4689
13,3,3,2,12,4,3,4,1,4,1.2808,1.6328
13,3,3,2,13,4,3,4,1,4,1.1683,1.4851
13,3,3,2,14,2,3,3,0,1,1.8131,2.2126
13,3,3,2,15,4,2,4,1,4,0.8925,1.2013
13,3,3,2,16,1,4,4,0,2,1.5483,1.9647
13,3,3,2,17,1,2,1,1,3,1.6782,2.19
13,3,3,2,18,2,3,2,1,1,1.9576,2.4542
13,3,3,2,19,4,1,4,1,4,0.9309,1.2515
13,3,3,2,20,3,2,3,1,4,1.2967,1.7452
13,3,3,2,21,3,4,3,1,4,1.1318,1.4516
13,3,3,2,22,1,3,1,1,3,1.2974,2.0014
13,3,3,2,23,1,2,1,1,2,1.2172,1.6167
13,3,3,2,24,4,1,4,1,3,1.312,1.7282
13,3,3,2,25,4,2,3,0,2,1.2598,1.6278
13,3,3,2,26,4,1,4,1,3,1.4668,2.2023
13,3,3,2,27,3,1,3,1,4,1.3297,1.9216
13,3,3,2,28,4,3,4,1,3,1.1889,1.6206
13,3,3,2,29,3,1,3,1,4,1.4108,2.6111
13,3,3,2,30,2,3,2,1,4,1.1783,1.5944
13,3,3,2,31,1,4,4,0,1,1.8027,2.2345
13,3,3,2,32,4,1,1,0,1,2.4644,2.7867
13,3,3,2,33,4,1,4,1,1,1.4392,1.8717
13,3,3,2,34,2,3,3,0,4,1.2527,1.5727
13,3,3,2,35,3,2,4,0,2,1.27,1.9258
13,4,1,1,1,2,,2,1,4,1.0569,1.6646
13,4,1,1,2,3,,4,0,4,1.1348,1.4517
13,4,1,1,3,4,,2,0,4,1.2842,1.6044
13,4,1,1,4,1,,4,0,4,1.1567,1.4683
13,4,1,1,5,4,,2,0,4,1.1288,1.4517
13,4,1,1,6,1,,1,1,2,1.0554,1.3682
13,4,1,1,7,1,,1,1,3,1.0157,1.3679
13,4,1,1,8,2,,2,1,3,0.9933,1.3015
13,4,1,1,9,3,,2,0,2,0.8612,1.293
13,4,1,1,10,4,,4,1,4,2.0743,2.3861
13,4,1,1,11,2,,3,0,4,0.9532,1.5446
13,4,1,1,12,4,,4,1,4,0.9716,1.3075
13,4,1,1,13,2,,2,1,4,0.8879,1.2242
13,4,1,1,14,1,,4,0,2,1.1275,1.4798
13,4,1,1,15,2,,2,1,3,1.1805,1.6606
13,4,1,1,16,4,,4,1,3,1.1626,1.7064
13,4,1,1,17,4,,4,1,4,1.4146,1.7982
13,4,1,1,18,3,,2,0,4,2.063,2.4307
13,4,1,1,19,2,,2,1,3,1.2295,1.5518
13,4,1,1,20,2,,2,1,3,1.0706,1.3904
13,4,1,1,21,3,,4,0,1,1.112,1.6077
13,4,1,1,22,1,,1,1,3,1.4001,2.1039
13,4,1,1,23,2,,2,1,3,1.3949,1.7474
13,4,1,1,24,4,,4,1,4,1.1179,1.435
13,4,1,1,25,3,,2,0,3,1.0282,1.3517
13,4,1,1,26,1,,4,0,4,1.0546,1.3681
13,4,1,1,27,4,,4,1,4,0.7269,1.0512
13,4,1,1,28,2,,3,0,2,1.5017,1.8852
13,4,1,1,29,1,,1,1,3,1.202,1.842
13,4,1,1,30,2,,2,1,3,1.3046,1.7525
13,4,1,1,31,2,,2,1,4,1.0421,1.3514
13,4,1,1,32,4,,4,1,4,1.0843,1.4016
13,4,1,1,33,4,,4,1,4,0.851,1.2194
13,4,1,1,34,2,,2,1,4,0.947,1.2681
13,4,1,1,35,1,,1,1,3,1.0887,1.4251
13,4,2,2,1,4,1,4,1,4,1.1028,1.663
13,4,2,2,2,3,1,3,1,1,1.9967,2.3193
13,4,2,2,3,3,1,3,1,4,0.8789,1.2015
13,4,2,2,4,3,4,3,1,1,1.6152,2.0312
13,4,2,2,5,4,1,4,1,4,0.8457,1.1682
13,4,2,2,6,1,2,1,1,2,1.7756,2.3676
13,4,2,2,7,1,2,1,1,4,0.9757,1.2958
13,4,2,2,8,3,1,3,1,3,0.9246,1.2346
13,4,2,2,9,4,1,4,1,4,1.0196,1.3349
13,4,2,2,10,2,3,2,1,3,1.5587,1.9743
13,4,2,2,11,3,1,3,1,2,1.3669,2.0874
13,4,2,2,12,2,3,2,1,4,1.1072,1.5236
13,4,2,2,13,4,1,4,1,4,1.3187,1.7671
13,4,2,2,14,1,4,1,1,1,2.5438,2.8533
13,4,2,2,15,3,4,3,1,1,2.3631,2.6862
13,4,2,2,16,3,2,3,1,1,1.7109,3.0225
13,4,2,2,17,1,4,1,1,3,1.7167,2.3562
13,4,2,2,18,3,4,3,1,4,1.0939,1.7014
13,4,2,2,19,2,3,2,1,4,1.4415,1.8895
13,4,2,2,20,3,2,3,1,3,1.6059,2.198
13,4,2,2,21,4,1,4,1,4,0.9734,1.2848
13,4,2,2,22,4,3,4,1,4,1.0023,1.3182
13,4,2,2,23,1,4,4,0,4,1.4767,1.8294
13,4,2,2,24,3,2,3,1,4,1.0044,1.3183
13,4,2,2,25,1,3,1,1,1,2.0546,2.3691
13,4,2,2,26,4,3,4,1,2,1.8792,2.4073
13,4,2,2,27,1,3,3,0,3,1.3502,1.7337
13,4,2,2,28,3,1,3,1,3,1.1359,1.6006
13,4,2,2,29,4,2,4,1,4,1.1681,1.4851
13,4,2,2,30,4,2,4,1,2,1.845,2.4048
13,4,2,2,31,1,4,1,1,1,2.3239,2.6441
13,4,2,2,32,3,4,3,1,4,1.0333,1.6092
13,4,2,2,33,4,1,4,1,4,1.1289,1.5133
13,4,2,2,34,1,2,1,1,1,1.7407,2.0607
13,4,2,2,35,3,2,3,1,3,1.0028,1.4667
13,4,3,3,1,4,1,4,1,4,1.5744,2.2306
13,4,3,3,2,4,1,4,1,4,1.0854,1.485
13,4,3,3,3,1,4,1,1,3,1.3619,1.7941
13,4,3,3,4,4,1,4,1,4,0.7779,1.1145
13,4,3,3,5,1,4,1,1,3,1.5182,1.9029
13,4,3,3,6,4,1,4,1,3,1.3463,1.7301
13,4,3,3,7,1,4,1,1,4,1.085,1.5174
13,4,3,3,8,1,4,1,1,4,1.0249,1.3348
13,4,3,3,9,1,4,1,1,3,1.3867,1.7017
13,4,3,3,10,1,4,3,0,1,1.7818,3.2539
13,4,3,3,11,1,4,4,0,4,1.1541,3.266
13,4,3,3,12,4,1,4,1,4,0.878,1.2016
13,4,3,3,13,1,4,4,0,4,1.9339,2.4619
13,4,3,3,14,4,1,4,1,4,0.9386,1.307
13,4,3,3,15,1,4,4,0,4,0.7746,1.111
13,4,3,3,16,1,4,4,0,2,0.8749,1.5789
13,4,3,3,17,4,1,4,1,2,0.9084,1.3401
13,4,3,3,18,4,1,4,1,2,1.1596,1.5755
13,4,3,3,19,1,4,1,1,2,1.0329,1.5289
13,4,3,3,20,1,4,4,0,1,1.1319,1.4841
13,4,3,3,21,1,4,4,0,1,0.9764,1.3611
13,4,3,3,22,1,4,1,1,2,1.2427,1.7869
13,4,3,3,23,1,4,1,1,3,1.2508,1.5685
13,4,3,3,24,1,4,1,1,3,1.0284,1.4279
13,4,3,3,25,1,4,4,0,2,1.1637,1.7403
13,4,3,3,26,4,1,4,1,4,1.2219,1.5351
13,4,3,3,27,4,1,4,1,4,0.7771,1.0845
13,4,3,3,28,4,1,4,1,4,0.7339,1.0513
13,4,3,3,29,4,1,4,1,2,1.6357,2.1156
13,4,3,3,30,1,4,4,0,4,0.8953,1.2183
13,4,3,3,31,4,1,4,1,4,0.5911,1.0066
13,4,3,3,32,4,1,4,1,4,0.6956,1.0179
13,4,3,3,33,1,4,1,1,1,1.4876,2.0472
13,4,3,3,34,1,4,1,1,1,0.6855,1.0694
13,4,3,3,35,4,1,4,1,4,0.8516,1.1681
13,5,1,2,1,4,3,4,1,3,1.1184,1.5178
13,5,1,2,2,3,4,4,0,3,1.3932,1.8097
13,5,1,2,3,2,3,2,1,4,1.4975,2.0096
13,5,1,2,4,2,1,2,1,1,1.7208,2.0725
13,5,1,2,5,3,1,3,1,4,1.0299,1.3517
13,5,1,2,6,4,3,3,0,1,2.111,2.4192
13,5,1,2,7,4,1,4,1,3,0.894,1.2181
13,5,1,2,8,1,3,1,1,4,1.0375,1.3514
13,5,1,2,9,3,1,3,1,4,1.0467,1.4315
13,5,1,2,10,1,2,1,1,1,2.1584,2.4694
13,5,1,2,11,4,1,4,1,3,1.1789,1.7063
13,5,1,2,12,4,1,4,1,1,1.6864,2.0064
13,5,1,2,13,2,3,2,1,4,1.078,1.6383
13,5,1,2,14,2,1,2,1,4,1.0926,1.4014
13,5,1,2,15,4,2,4,1,4,0.861,1.1968
13,5,1,2,16,4,1,4,1,4,1.5977,2.03
13,5,1,2,17,3,2,3,1,4,1.084,1.4042
13,5,1,2,18,3,1,3,1,4,1.7649,2.0858
13,5,1,2,19,4,1,4,1,4,1.3436,1.664
13,5,1,2,20,2,3,2,1,4,1.1339,1.4856
13,5,1,2,21,2,4,2,1,4,0.8186,1.1347
13,5,1,2,22,3,1,3,1,4,0.8213,1.3493
13,5,1,2,23,2,4,2,1,4,1.1041,1.4184
13,5,1,2,24,1,2,2,0,1,1.8949,2.5351
13,5,1,2,25,1,3,3,0,3,1.2803,1.9526
13,5,1,2,26,2,4,2,1,3,1.1382,1.5221
13,5,1,2,27,2,1,2,1,3,0.8852,1.4298
13,5,1,2,28,1,4,4,0,4,1.901,2.333
13,5,1,2,29,2,3,2,1,1,1.967,2.3512
13,5,1,2,30,2,4,2,1,2,1.5367,1.9362
13,5,1,2,31,3,1,3,1,3,1.2186,1.5706
13,5,1,2,32,3,2,3,1,3,0.7722,1.1082
13,5,1,2,33,2,3,2,1,3,1.0644,1.3851
13,5,1,2,34,1,4,1,1,1,2.2086,2.545
13,5,1,2,35,4,2,4,1,2,1.4506,1.9143
13,5,2,3,1,2,3,3,0,1,2.1806,2.8527
13,5,2,3,2,3,2,3,1,4,0.9616,1.329
13,5,2,3,3,2,3,3,0,4,1.1805,1.5645
13,5,2,3,4,2,3,2,1,1,1.6945,2.4951
13,5,2,3,5,3,2,3,1,3,0.9549,1.268
13,5,2,3,6,2,3,2,1,4,0.9669,1.2868
13,5,2,3,7,3,2,3,1,4,0.9164,1.2347
13,5,2,3,8,2,3,2,1,4,0.8352,1.1512
13,5,2,3,9,3,2,3,1,4,0.7574,1.0934
13,5,2,3,10,3,2,3,1,4,0.7309,1.0666
13,5,2,3,11,2,3,2,1,1,1.6959,2.1601
13,5,2,3,12,3,2,3,1,4,0.7291,1.0512
13,5,2,3,13,3,2,3,1,4,0.7197,1.0344
13,5,2,3,14,3,2,3,1,4,0.7271,1.0514
13,5,2,3,15,3,2,3,1,4,0.7012,1.0178
13,5,2,3,16,2,3,2,1,4,0.741,1.0513
13,5,2,3,17,3,2,3,1,4,0.7473,1.0681
13,5,2,3,18,2,3,2,1,2,1.0414,1.4092
13,5,2,3,19,2,3,2,1,2,1.3539,1.6687
13,5,2,3,20,2,3,2,1,3,1.3828,1.7019
13,5,2,3,21,3,2,3,1,4,1.1541,1.4683
13,5,2,3,22,3,2,3,1,4,0.7759,1.0843
13,5,2,3,23,3,2,3,1,4,0.8773,1.1846
13,5,2,3,24,3,2,3,1,3,0.7816,1.1181
13,5,2,3,25,3,2,3,1,3,0.7858,1.1014
13,5,2,3,26,3,2,3,1,4,0.7101,1.0346
13,5,2,3,27,2,3,2,1,3,0.733,1.8049
13,5,2,3,28,3,2,3,1,4,0.7249,1.1415
13,5,2,3,29,2,3,2,1,4,0.9678,1.2882
13,5,2,3,30,2,3,2,1,4,1.2374,1.5518
13,5,2,3,31,3,2,3,1,4,1.0306,1.3516
13,5,2,3,32,3,2,3,1,1,1.6643,1.9856
13,5,2,3,33,3,2,3,1,4,1.0243,1.7289
13,5,2,3,34,2,3,2,1,2,1.2281,1.7401
13,5,2,3,35,3,2,3,1,4,1.094,1.5422
13,5,3,1,1,4,,4,1,3,1.2956,1.6185
13,5,3,1,2,2,,2,1,4,1.1829,1.5026
13,5,3,1,3,4,,4,1,3,1.0426,1.3631
13,5,3,1,4,4,,4,1,3,0.9733,1.2848
13,5,3,1,5,4,,3,0,1,0.8575,1.7851
13,5,3,1,6,1,,2,0,3,1.3295,1.8418
13,5,3,1,7,1,,4,0,2,1.1439,1.4793
13,5,3,1,8,4,,4,1,1,1.5014,1.8188
13,5,3,1,9,3,,3,1,3,1.3317,1.6518
13,5,3,1,10,3,,3,1,4,1.1209,1.4349
13,5,3,1,11,2,,2,1,4,0.8236,1.1346
13,5,3,1,12,3,,4,0,2,1.4663,1.9142
13,5,3,1,13,3,,4,0,2,1.3103,1.7898
13,5,3,1,14,4,,4,1,2,1.0624,1.5101
13,5,3,1,15,2,,2,1,4,1.0341,1.4668
13,5,3,1,16,3,,3,1,4,0.944,1.2513
13,5,3,1,17,1,,4,0,4,1.2459,1.5685
13,5,3,1,18,1,,1,1,2,1.3914,1.7911
13,5,3,1,19,1,,2,0,1,2.8555,3.3038
13,5,3,1,20,1,,4,0,2,0.9776,1.3017
13,5,3,1,21,4,,4,1,3,1.3736,1.6853
13,5,3,1,22,2,,4,0,2,1.5142,1.9143
13,5,3,1,23,3,,3,1,3,0.9735,1.2847
13,5,3,1,24,3,,4,0,3,0.9228,1.2745
13,5,3,1,25,2,,2,1,4,1.2563,1.5685
13,5,3,1,26,3,,3,1,1,1.4656,1.8013
13,5,3,1,27,3,,4,0,4,1.0895,1.4097
13,5,3,1,28,3,,3,1,2,1.4178,1.7353
13,5,3,1,29,4,,4,1,3,1.2187,1.539
13,5,3,1,30,3,,3,1,3,1.318,1.7182
13,5,3,1,31,2,,2,1,3,1.2647,1.6006
13,5,3,1,32,4,,4,1,3,1.2492,1.5684
13,5,3,1,33,2,,2,1,3,1.2502,1.5705
13,5,3,1,34,2,,3,0,1,1.507,1.8272
13,5,3,1,35,3,,3,1,3,1.4505,1.8182
13,6,1,3,1,1,3,1,1,4,1.022,1.4387
13,6,1,3,2,3,1,3,1,4,0.9975,1.3327
13,6,1,3,3,3,1,3,1,4,0.7368,1.0513
13,6,1,3,4,3,1,3,1,4,0.7594,1.068
13,6,1,3,5,3,1,3,1,4,0.6998,1.0178
13,6,1,3,6,3,1,3,1,4,0.7082,1.0177
13,6,1,3,7,3,1,3,1,4,1.7713,2.0855
13,6,1,3,8,3,1,3,1,4,0.743,1.1432
13,6,1,3,9,1,3,1,1,4,0.7305,1.0513
13,6,1,3,10,3,1,3,1,4,0.705,1.0179
13,6,1,3,11,1,3,1,1,4,0.6799,1.0012
13,6,1,3,12,3,1,3,1,4,0.7365,1.0511
13,6,1,3,13,3,1,3,1,2,1.3027,1.8794
13,6,1,3,14,3,1,3,1,4,0.7957,1.1181
13,6,1,3,15,3,1,3,1,4,0.8945,1.2181
13,6,1,3,16,3,1,3,1,2,0.7504,1.1666
13,6,1,3,17,1,3,1,1,2,1.3284,2.0323
13,6,1,3,18,1,3,1,1,3,1.3269,1.7109
13,6,1,3,19,1,3,1,1,2,1.2267,1.8033
13,6,1,3,20,3,1,3,1,4,0.8347,1.1514
13,6,1,3,21,3,1,3,1,3,0.6758,1.3964
13,6,1,3,22,3,1,3,1,4,0.7009,1.0178
13,6,1,3,23,1,3,1,1,4,0.8848,1.2013
13,6,1,3,24,3,1,3,1,2,0.8533,1.2531
13,6,1,3,25,1,3,1,1,3,0.8672,1.1847
13,6,1,3,26,3,1,3,1,3,0.7891,1.1011
13,6,1,3,27,3,1,3,1,4,0.7135,1.0346
13,6,1,3,28,1,3,1,1,3,1.0559,1.3682
13,6,1,3,29,3,1,3,1,4,0.729,1.0513
13,6,1,3,30,3,1,3,1,2,1.1836,1.5017
13,6,1,3,31,3,1,3,1,4,1.0106,1.3344
13,6,1,3,32,3,1,3,1,4,0.6864,1.001
13,6,1,3,33,3,1,3,1,4,0.7586,1.068
13,6,1,3,34,1,3,1,1,2,1.4368,1.752
13,6,1,3,35,3,1,3,1,4,0.8547,1.1683
13,6,2,1,1,3,,3,1,3,1.2946,1.6308
13,6,2,1,2,2,,2,1,2,1.2939,1.6018
13,6,2,1,3,1,,3,0,2,0.9898,1.3013
13,6,2,1,4,1,,3,0,1,0.8101,1.4026
13,6,2,1,5,1,,3,0,1,0.8341,1.1513
13,6,2,1,6,2,,3,0,1,1.4611,1.7856
13,6,2,1,7,3,,3,1,4,0.8769,1.2294
13,6,2,1,8,2,,2,1,4,1.0844,1.4019
13,6,2,1,9,4,,4,1,1,1.477,1.8133
13,6,2,1,10,4,,4,1,2,1.2608,1.5852
13,6,2,1,11,4,,4,1,3,1.085,1.4855
13,6,2,1,12,3,,3,1,4,0.8976,1.2181
13,6,2,1,13,1,,2,0,1,0.8324,1.7285
13,6,2,1,14,1,,4,0,2,1.2759,2.1398
13,6,2,1,15,1,,4,0,3,1.3178,1.6534
13,6,2,1,16,1,,1,1,2,1.4755,1.7854
13,6,2,1,17,3,,3,1,3,0.972,1.2846
13,6,2,1,18,2,,2,1,3,1.2572,1.5685
13,6,2,1,19,2,,2,1,3,1.3058,1.6903
13,6,2,1,20,2,,2,1,4,0.807,1.719
13,6,2,1,21,3,,3,1,4,0.8655,1.1848
13,6,2,1,22,3,,3,1,4,0.8823,1.2013
13,6,2,1,23,1,,1,1,4,1.2031,1.5184
13,6,2,1,24,3,,1,0,3,1.7186,2.0547
13,6,2,1,25,4,,4,1,4,1.0109,1.3349
13,6,2,1,26,2,,2,1,4,0.9256,1.2345
13,6,2,1,27,3,,3,1,3,1.0052,1.3572
13,6,2,1,28,2,,1,0,1,1.4473,1.7833
13,6,2,1,29,2,,2,1,4,1.0716,1.3849
13,6,2,1,30,4,,4,1,3,1.192,1.5016
13,6,2,1,31,4,,2,0,1,1.548,1.8688
13,6,2,1,32,1,,4,0,1,2.1771,3.3454
13,6,2,1,33,4,,2,0,3,1.7214,2.1214
13,6,2,1,34,3,,3,1,4,1.1561,1.4683
13,6,2,1,35,4,,4,1,2,1.4656,2.058
13,6,3,2,1,4,1,4,1,4,1.1021,1.4182
13,6,3,2,2,2,3,2,1,4,1.2856,1.6018
13,6,3,2,3,2,1,2,1,4,0.9009,1.2181
13,6,3,2,4,3,2,3,1,4,0.9324,1.2515
13,6,3,2,5,4,2,4,1,4,0.7711,1.0844
13,6,3,2,6,1,3,3,0,4,0.952,1.268
13,6,3,2,7,4,3,4,1,3,0.9013,1.2854
13,6,3,2,8,2,1,3,0,1,0.8346,1.8098
13,6,3,2,9,4,2,4,1,4,1.1456,1.5301
13,6,3,2,10,1,4,4,0,4,1.6295,1.9973
13,6,3,2,11,4,2,4,1,4,0.7973,1.1181
13,6,3,2,12,2,1,2,1,4,1.2814,1.6018
13,6,3,2,13,1,4,1,1,1,1.9372,2.3847
13,6,3,2,14,1,2,1,1,1,1.5682,2.033
13,6,3,2,15,3,2,3,1,4,0.8795,1.231
13,6,3,2,16,2,4,2,1,4,1.0231,1.3349
13,6,3,2,17,1,3,3,0,4,1.6423,2.0582
13,6,3,2,18,2,1,2,1,2,2.1516,2.4869
13,6,3,2,19,3,4,3,1,3,1.1387,1.7625
13,6,3,2,20,3,1,3,1,4,1.1158,1.484
13,6,3,2,21,3,4,4,0,1,2.2887,2.6084
13,6,3,2,22,2,4,2,1,4,1.0639,1.3851
13,6,3,2,23,2,1,2,1,1,1.4722,1.7855
13,6,3,2,24,4,2,4,1,3,1.1923,1.6886
13,6,3,2,25,3,1,3,1,4,0.9813,1.3015
13,6,3,2,26,2,1,2,1,1,2.0813,2.4028
13,6,3,2,27,4,3,4,1,4,0.8791,1.2015
13,6,3,2,28,3,4,3,1,2,1.9199,3.2321
13,6,3,2,29,3,4,4,0,2,1.1497,1.5171
13,6,3,2,30,2,3,2,1,3,1.1524,1.6327
13,6,3,2,31,2,1,2,1,4,1.7914,2.3041
13,6,3,2,32,3,1,3,1,4,1.0433,1.3786
13,6,3,2,33,3,2,3,1,4,0.8769,1.2016
13,6,3,2,34,1,3,1,1,1,1.9009,2.2211
13,6,3,2,35,2,1,2,1,4,1.0431,1.3515
14,1,1,2,1,2,3,2,1,3,1.754,2.4573
14,1,1,2,2,4,1,4,1,1,1.7028,2.5665
14,1,1,2,3,1,2,1,1,3,1.7592,2.4792
14,1,1,2,4,2,3,2,1,4,1.2119,1.9315
14,1,1,2,5,4,2,4,1,1,1.5828,2.2067
14,1,1,2,6,2,3,3,0,3,1.5425,2.5664
14,1,1,2,7,2,3,2,1,3,1.0552,1.823
14,1,1,2,8,1,2,1,1,4,1.2858,1.75
14,1,1,2,9,3,4,3,1,1,2.1763,3.0083
14,1,1,2,10,1,2,1,1,4,2.2623,3.0622
14,1,1,2,11,4,2,4,1,1,2.138,2.5063
14,1,1,2,12,1,3,1,1,3,1.7015,2.2775
14,1,1,2,13,1,2,1,1,3,1.4021,2.0738
14,1,1,2,14,1,2,1,1,4,1.4951,2.4383
14,1,1,2,15,2,3,2,1,4,1.3648,2.1642
14,1,1,2,16,3,2,3,1,4,1.2622,2.302
14,1,1,2,17,3,4,3,1,4,1.3932,2.0812
14,1,1,2,18,1,4,4,0,2,1.6141,2.7498
14,1,1,2,19,1,4,1,1,2,1.4392,2.1432
14,1,1,2,20,4,1,4,1,1,1.689,2.4248
14,1,1,2,21,3,4,4,0,4,1.8154,2.3749
14,1,1,2,22,4,2,2,0,3,1.7835,2.4398
14,1,1,2,23,2,1,2,1,3,1.1252,1.909
14,1,1,2,24,4,1,4,1,2,1.6889,2.5529
14,1,1,2,25,3,1,3,1,3,1.5694,2.9298
14,1,1,2,26,3,2,3,1,2,1.4516,2.2828
14,1,1,2,27,4,1,4,1,1,2.0482,2.5438
14,1,1,2,28,2,4,2,1,3,2.0567,2.633
14,1,1,2,29,2,4,2,1,4,1.2155,1.8392
14,1,1,2,30,2,1,2,1,4,1.2698,1.7337
14,1,1,2,31,3,1,3,1,4,1.392,1.904
14,1,1,2,32,3,2,3,1,4,1.0916,1.6837
14,1,1,2,33,1,3,1,1,1,2.5764,2.8866
14,1,1,2,34,2,4,2,1,4,1.1311,1.6117
14,1,1,2,35,4,2,4,1,4,1.9309,2.3155
14,1,2,3,1,1,3,1,1,3,1.6197,2.4357
14,1,2,3,2,3,1,1,0,2,1.4733,2.0971
14,1,2,3,3,1,3,3,0,1,1.2135,1.9978
14,1,2,3,4,1,3,1,1,3,1.5175,2.1898
14,1,2,3,5,3,1,3,1,4,1.5898,2.0532
14,1,2,3,6,1,3,1,1,1,1.5387,1.923
14,1,2,3,7,3,1,3,1,3,1.2057,1.7176
14,1,2,3,8,3,1,3,1,3,1.3613,1.8732
14,1,2,3,9,3,1,3,1,3,1.3661,1.9255
14,1,2,3,10,3,1,3,1,2,2.1682,2.8407
14,1,2,3,11,3,1,3,1,4,1.5901,2.006
14,1,2,3,12,3,1,3,1,4,1.0297,1.4613
14,1,2,3,13,3,1,3,1,2,1.1313,1.9631
14,1,2,3,14,1,3,1,1,3,1.261,2.2369
14,1,2,3,15,3,1,3,1,2,1.1228,1.9706
14,1,2,3,16,3,1,1,0,2,1.3475,2.2913
14,1,2,3,17,1,3,1,1,3,1.1275,1.9109
14,1,2,3,18,1,3,1,1,3,1.3068,2.0753
14,1,2,3,19,3,1,1,0,1,1.7356,2.4076
14,1,2,3,20,1,3,1,1,3,1.4623,2.1669
14,1,2,3,21,3,1,3,1,1,1.1983,1.7426
14,1,2,3,22,3,1,3,1,3,1.225,1.9131
14,1,2,3,23,3,1,3,1,2,1.0043,1.6128
14,1,2,3,24,3,1,3,1,3,1.0522,1.7087
14,1,2,3,25,1,3,1,1,2,1.1923,1.7366
14,1,2,3,26,3,1,3,1,3,1.1542,1.7471
14,1,2,3,27,1,3,3,0,2,1.1814,1.7893
14,1,2,3,28,1,3,3,0,1,0.9651,2.6131
14,1,2,3,29,3,1,3,1,4,1.0047,1.5483
14,1,2,3,30,1,3,1,1,3,1.215,1.8547
14,1,2,3,31,3,1,3,1,3,1.717,2.5961
14,1,2,3,32,3,1,3,1,2,1.0678,1.7559
14,1,2,3,33,3,1,1,0,1,2.0536,2.8051
14,1,2,3,34,1,3,1,1,2,0.8679,1.4598
14,1,2,3,35,3,1,3,1,2,2.4424,3.0987
14,1,3,1,1,4,,3,0,2,2.9319,3.6837
14,1,3,1,2,3,,3,1,2,1.2954,1.871
14,1,3,1,3,2,,3,0,3,1.5879,2.2282
14,1,3,1,4,2,,3,0,2,1.6743,2.2988
14,1,3,1,5,1,,1,1,3,1.4865,2.0458
14,1,3,1,6,1,,1,1,2,0.9883,1.8368
14,1,3,1,7,4,,3,0,3,2.5308,3.0421
14,1,3,1,8,3,,2,0,3,1.1751,1.832
14,1,3,1,9,3,,3,1,1,1.5508,1.9341
14,1,3,1,10,2,,2,1,2,1.4726,2.0806
14,1,3,1,11,4,,1,0,2,1.629,2.3658
14,1,3,1,12,4,,1,0,2,1.4704,1.8863
14,1,3,1,13,1,,3,0,3,1.7626,2.5944
14,1,3,1,14,1,,2,0,1,1.8986,2.8739
14,1,3,1,15,3,,3,1,3,1.1739,1.8459
14,1,3,1,16,3,,3,1,3,0.956,1.4525
14,1,3,1,17,1,,1,1,3,1.1219,2.1461
14,1,3,1,18,1,,2,0,3,2.124,2.8122
14,1,3,1,19,1,,1,1,3,1.5954,2.7151
14,1,3,1,20,4,,1,0,3,2.2219,2.9577
14,1,3,1,21,1,,1,1,2,1.8136,2.726
14,1,3,1,22,3,,3,1,3,1.9119,2.68
14,1,3,1,23,2,,2,1,4,1.2443,2.0922
14,1,3,1,24,3,,3,1,3,1.224,1.9117
14,1,3,1,25,3,,3,1,2,1.8673,2.2992
14,1,3,1,26,2,,2,1,3,1.1038,1.6799
14,1,3,1,27,3,,3,1,3,1.1009,1.533
14,1,3,1,28,3,,3,1,2,1.6962,2.6242
14,1,3,1,29,3,,3,1,2,1.1899,1.9101
14,1,3,1,30,4,,1,0,3,1.8658,2.2333
14,1,3,1,31,4,,2,0,2,2.0794,2.6712
14,1,3,1,32,3,,3,1,2,1.0274,1.7632
14,1,3,1,33,4,,4,1,2,2.3647,3.4689
14,1,3,1,34,3,,3,1,3,1.3924,2.1921
14,1,3,1,35,4,,3,0,1,2.8716,3.1869
14,2,1,2,1,3,4,3,1,3,1.3685,2.3443
14,2,1,2,2,4,3,3,0,1,2.3948,3.6745
14,2,1,2,3,1,3,1,1,3,1.3327,2.0055
14,2,1,2,4,2,1,2,1,3,1.4288,2.0846
14,2,1,2,5,1,4,1,1,2,1.6653,3.0405
14,2,1,2,6,3,2,3,1,3,2.0375,2.5659
14,2,1,2,7,1,4,1,1,3,1.3911,2.1585
14,2,1,2,8,4,3,4,1,4,0.8242,1.4636
14,2,1,2,9,4,2,2,0,3,1.3266,2.03
14,2,1,2,10,1,2,2,0,2,1.1326,1.8049
14,2,1,2,11,1,4,1,1,4,1.0602,1.5879
14,2,1,2,12,1,2,1,1,4,1.0131,1.5255
14,2,1,2,13,3,4,4,0,2,2.1364,3.0805
14,2,1,2,14,3,4,3,1,3,1.4197,1.884
14,2,1,2,15,1,4,1,1,3,1.4883,2.1601
14,2,1,2,16,3,2,3,1,3,1.3215,2.2656
14,2,1,2,17,2,1,2,1,4,0.9746,1.5189
14,2,1,2,18,2,4,2,1,2,1.5381,3.2495
14,2,1,2,19,1,3,1,1,1,2.7029,3.0202
14,2,1,2,20,3,1,3,1,3,1.46,2.1488
14,2,1,2,21,3,1,3,1,3,1.0385,1.4863
14,2,1,2,22,3,1,3,1,2,2.0664,2.8664
14,2,1,2,23,3,1,1,0,3,1.5356,2.8637
14,2,1,2,24,1,2,1,1,3,1.3402,1.804
14,2,1,2,25,1,2,1,1,3,2.6436,3.1391
14,2,1,2,26,1,4,1,1,4,1.0123,1.749
14,2,1,2,27,4,3,3,0,2,2.527,3.4071
14,2,1,2,28,2,4,2,1,4,1.1574,1.8131
14,2,1,2,29,2,3,2,1,3,1.4043,1.9805
14,2,1,2,30,4,2,4,1,3,1.6617,2.2536
14,2,1,2,31,2,4,2,1,3,1.2185,1.7304
14,2,1,2,32,3,2,3,1,3,1.3097,1.806
14,2,1,2,33,4,3,3,0,3,1.9099,2.4217
14,2,1,2,34,4,1,4,1,3,1.9074,2.4994
14,2,1,2,35,1,3,1,1,3,1.0875,1.7435
14,2,2,1,1,4,,1,0,3,1.8726,2.4963
14,2,2,1,2,2,,3,0,2,1.3883,1.9796
14,2,2,1,3,3,,3,1,4,1.0851,1.6606
14,2,2,1,4,3,,3,1,4,0.8905,1.2014
14,2,2,1,5,2,,2,1,4,1.018,1.4818
14,2,2,1,6,1,,1,1,2,1.2797,1.7594
14,2,2,1,7,3,,3,1,2,1.1611,1.8334
14,2,2,1,8,2,,2,1,3,1.4563,2.4321
14,2,2,1,9,1,,2,0,2,1.4072,2.1427
14,2,2,1,10,1,,1,1,3,1.1445,1.6084
14,2,2,1,11,2,,2,1,3,1.0648,1.6085
14,2,2,1,12,4,,4,1,1,2.2806,2.6169
14,2,2,1,13,1,,3,0,3,1.2634,2.031
14,2,2,1,14,1,,2,0,3,1.1502,1.9497
14,2,2,1,15,2,,2,1,3,0.8635,1.3918
14,2,2,1,16,4,,4,1,3,1.2888,2.392
14,2,2,1,17,4,,3,0,2,1.6881,2.4724
14,2,2,1,18,2,,2,1,1,1.3328,1.7321
14,2,2,1,19,1,,1,1,3,1.2313,1.9036
14,2,2,1,20,3,,3,1,4,1.4911,2.3392
14,2,2,1,21,4,,3,0,1,2.5803,3.1724
14,2,2,1,22,1,,1,1,1,1.1564,1.8921
14,2,2,1,23,1,,1,1,2,1.2567,1.6406
14,2,2,1,24,3,,2,0,3,1.031,1.5746
14,2,2,1,25,2,,2,1,2,0.9842,1.4319
14,2,2,1,26,3,,3,1,4,1.1357,1.7755
14,2,2,1,27,3,,3,1,4,0.8729,1.2405
14,2,2,1,28,1,,1,1,1,1.7675,2.3119
14,2,2,1,29,2,,2,1,2,1.5304,2.0911
14,2,2,1,30,3,,3,1,1,1.7828,2.1508
14,2,2,1,31,3,,3,1,2,0.9597,1.5678
14,2,2,1,32,2,,2,1,2,0.8969,1.8895
14,2,2,1,33,4,,3,0,1,2.0695,2.3858
14,2,2,1,34,4,,2,0,1,1.2368,1.7656
14,2,2,1,35,4,,2,0,1,0.9274,2.2548
14,2,3,3,1,2,4,2,1,3,1.8668,2.5385
14,2,3,3,2,2,4,2,1,3,1.1244,1.7646
14,2,3,3,3,4,2,4,1,4,1.4866,2.0618
14,2,3,3,4,4,2,3,0,2,2.1232,2.8599
14,2,3,3,5,4,2,4,1,1,1.6878,2.1523
14,2,3,3,6,4,2,2,0,1,1.5377,2.1454
14,2,3,3,7,2,4,2,1,3,0.7155,1.1791
14,2,3,3,8,4,2,4,1,2,1.2608,2.1411
14,2,3,3,9,2,4,2,1,2,0.9831,1.4632
14,2,3,3,10,2,4,2,1,3,0.9892,1.5331
14,2,3,3,11,2,4,4,0,1,1.3756,1.7439
14,2,3,3,12,2,4,2,1,3,1.3065,1.8341
14,2,3,3,13,4,2,4,1,2,1.3117,1.888
14,2,3,3,14,4,2,4,1,1,1.7011,2.197
14,2,3,3,15,2,4,2,1,2,1.3084,1.917
14,2,3,3,16,4,2,4,1,3,1.8391,2.367
14,2,3,3,17,2,4,2,1,2,1.4237,2.2238
14,2,3,3,18,2,4,4,0,3,1.7184,2.5822
14,2,3,3,19,2,4,2,1,2,1.0388,1.5504
14,2,3,3,20,2,4,2,1,3,1.5847,2.6884
14,2,3,3,21,4,2,2,0,2,1.3477,2.0513
14,2,3,3,22,2,4,2,1,2,1.2492,1.8728
14,2,3,3,23,2,4,2,1,3,1.4943,1.9259
14,2,3,3,24,2,4,2,1,3,1.0495,1.5611
14,2,3,3,25,2,4,2,1,4,0.7628,1.4825
14,2,3,3,26,2,4,2,1,3,1.2003,1.6804
14,2,3,3,27,4,2,4,1,1,1.8856,2.2537
14,2,3,3,28,2,4,2,1,2,0.8019,2.1143
14,2,3,3,29,4,2,2,0,3,1.7418,2.2863
14,2,3,3,30,2,4,2,1,2,1.1375,1.8422
14,2,3,3,31,2,4,2,1,1,1.3203,1.6352
14,2,3,3,32,2,4,2,1,4,1.0789,1.7029
14,2,3,3,33,4,2,4,1,2,1.682,2.2905
14,2,3,3,34,4,2,4,1,2,1.5103,2.3261
14,2,3,3,35,4,2,4,1,2,1.5448,2.745
14,3,1,1,1,4,,4,1,2,1.8235,2.2881
14,3,1,1,2,1,,4,0,3,1.7162,2.2917
14,3,1,1,3,2,,2,1,2,0.9993,1.5114
14,3,1,1,4,2,,2,1,3,0.9717,1.4194
14,3,1,1,5,3,,3,1,3,1.2351,1.6671
14,3,1,1,6,1,,1,1,2,1.2803,1.9682
14,3,1,1,7,3,,3,1,3,1.345,1.825
14,3,1,1,8,2,,2,1,2,1.2243,1.6719
14,3,1,1,9,3,,3,1,3,1.9406,2.3895
14,3,1,1,10,4,,4,1,4,2.3406,2.7089
14,3,1,1,11,4,,2,0,2,1.2551,1.6394
14,3,1,1,12,4,,1,0,3,2.1658,2.5983
14,3,1,1,13,4,,4,1,2,1.4852,1.9815
14,3,1,1,14,2,,3,0,4,1.1657,1.6785
14,3,1,1,15,1,,1,1,2,1.5151,2.0592
14,3,1,1,16,2,,2,1,1,2.0732,2.3861
14,3,1,1,17,2,,2,1,2,0.9688,1.3528
14,3,1,1,18,3,,3,1,3,1.3783,1.9709
14,3,1,1,19,1,,1,1,4,1.2993,1.7155
14,3,1,1,20,1,,2,0,1,2.319,2.8467
14,3,1,1,21,2,,2,1,2,1.0847,1.4042
14,3,1,1,22,2,,2,1,3,1.0287,1.4122
14,3,1,1,23,1,,3,0,2,1.9806,2.4285
14,3,1,1,24,3,,3,1,4,1.0507,1.8667
14,3,1,1,25,3,,4,0,1,2.5601,3.1354
14,3,1,1,26,2,,2,1,2,1.5692,2.2088
14,3,1,1,27,4,,4,1,2,2.76,3.2721
14,3,1,1,28,2,,3,0,1,1.7637,2.6753
14,3,1,1,29,3,,3,1,2,1.5752,1.8953
14,3,1,1,30,2,,2,1,2,2.1556,2.5875
14,3,1,1,31,2,,3,0,2,1.6675,2.0512
14,3,1,1,32,1,,1,1,2,1.2324,1.5844
14,3,1,1,33,1,,1,1,2,0.9135,1.265
14,3,1,1,34,4,,2,0,3,1.3916,2.0631
14,3,1,1,35,4,,3,0,1,2.1725,2.4861
14,3,2,2,1,1,4,1,1,3,1.2764,1.7724
14,3,2,2,2,4,3,3,0,3,1.1415,1.589
14,3,2,2,3,4,2,2,0,1,2.6305,3.3662
14,3,2,2,4,4,2,4,1,3,1.4062,2.0783
14,3,2,2,5,4,3,4,1,3,1.3384,1.9949
14,3,2,2,6,3,4,3,1,3,1.3544,1.7871
14,3,2,2,7,4,1,4,1,4,1.4429,1.7521
14,3,2,2,8,1,3,1,1,3,1.6124,2.3172
14,3,2,2,9,4,3,4,1,2,2.9595,4.2872
14,3,2,2,10,2,1,2,1,1,1.5045,2.2564
14,3,2,2,11,1,3,1,1,3,1.3983,2.1022
14,3,2,2,12,2,1,2,1,3,1.6177,2.3379
14,3,2,2,13,1,2,1,1,2,1.5234,2.1947
14,3,2,2,14,2,1,2,1,3,1.7387,2.4274
14,3,2,2,15,4,2,4,1,2,2.1215,2.8895
14,3,2,2,16,4,1,1,0,3,2.7569,3.6686
14,3,2,2,17,2,1,2,1,2,1.2316,2.0153
14,3,2,2,18,1,4,1,1,1,2.0153,2.639
14,3,2,2,19,3,2,3,1,4,1.1884,2.0044
14,3,2,2,20,2,3,2,1,3,1.0919,1.6834
14,3,2,2,21,1,3,1,1,4,1.1839,1.7446
14,3,2,2,22,3,2,3,1,4,1.0667,1.5624
14,3,2,2,23,4,1,1,0,1,2.2685,2.5863
14,3,2,2,24,4,1,4,1,2,2.0203,2.7082
14,3,2,2,25,4,2,2,0,1,2.2627,2.7272
14,3,2,2,26,4,3,3,0,3,1.2884,2.1371
14,3,2,2,27,2,3,2,1,2,1.859,2.5146
14,3,2,2,28,4,2,2,0,1,1.8858,2.3657
14,3,2,2,29,3,1,3,1,2,1.2629,1.9671
14,3,2,2,30,3,4,3,1,3,1.4873,2.1274
14,3,2,2,31,1,4,1,1,2,1.4339,1.9622
14,3,2,2,32,4,3,3,0,1,1.7877,2.6992
14,3,2,2,33,3,2,3,1,3,1.599,2.7512
14,3,2,2,34,1,4,1,1,4,1.2797,1.8076
14,3,2,2,35,3,2,3,1,2,1.6875,2.2149
14,3,3,3,1,4,3,3,0,1,2.9007,4.0374
14,3,3,3,2,4,3,3,0,3,1.0088,2.2092
14,3,3,3,3,3,4,3,1,3,1.0163,2.1045
14,3,3,3,4,3,4,4,0,3,1.3319,2.0519
14,3,3,3,5,4,3,4,1,2,1.4888,2.1449
14,3,3,3,6,3,4,3,1,3,1.5153,2.3629
14,3,3,3,7,4,3,3,0,2,1.1965,2.2204
14,3,3,3,8,3,4,3,1,4,0.7071,1.171
14,3,3,3,9,4,3,4,1,3,1.0765,1.4764
14,3,3,3,10,3,4,3,1,2,1.2261,1.6738
14,3,3,3,11,3,4,3,1,3,0.9666,1.5588
14,3,3,3,12,4,3,3,0,1,2.1048,3.193
14,3,3,3,13,3,4,3,1,2,1.1278,1.7839
14,3,3,3,14,4,3,3,0,3,1.664,2.9603
14,3,3,3,15,3,4,3,1,4,1.0002,1.8805
14,3,3,3,16,3,4,3,1,4,0.8457,1.3893
14,3,3,3,17,3,4,3,1,4,0.8539,1.2699
14,3,3,3,18,3,4,3,1,4,0.6278,1.1075
14,3,3,3,19,4,3,4,1,3,1.1598,1.7043
14,3,3,3,20,4,3,4,1,3,0.9479,1.2841
14,3,3,3,21,4,3,4,1,3,0.9287,1.2645
14,3,3,3,22,4,3,4,1,2,0.8312,1.3273
14,3,3,3,23,4,3,4,1,1,1.2911,2.6827
14,3,3,3,24,3,4,3,1,2,0.8946,1.7912
14,3,3,3,25,4,3,3,0,1,1.9749,2.3111
14,3,3,3,26,3,4,3,1,3,1.2422,1.6578
14,3,3,3,27,3,4,3,1,3,1.208,1.8005
14,3,3,3,28,3,4,3,1,2,1.1199,1.435
14,3,3,3,29,3,4,3,1,4,1.1421,1.7662
14,3,3,3,30,3,4,3,1,1,1.392,1.8403
14,3,3,3,31,4,3,3,0,2,1.7028,2.2465
14,3,3,3,32,3,4,3,1,2,1.1962,1.6446
14,3,3,3,33,4,3,4,1,2,1.0827,1.675
14,3,3,3,34,3,4,3,1,3,1.0956,1.6883
14,3,3,3,35,4,3,3,0,1,1.7968,2.6602
14,4,1,3,1,3,2,2,0,2,2.1864,2.7779
14,4,1,3,2,2,3,2,1,2,0.7941,1.2742
14,4,1,3,3,3,2,2,0,3,1.1922,1.5276
14,4,1,3,4,2,3,2,1,2,0.9069,1.4669
14,4,1,3,5,3,2,3,1,3,1.552,2.144
14,4,1,3,6,2,3,2,1,2,1.0987,1.5462
14,4,1,3,7,2,3,2,1,1,1.2935,1.7886
14,4,1,3,8,2,3,2,1,3,1.2857,2.2295
14,4,1,3,9,3,2,3,1,3,1.1957,1.7397
14,4,1,3,10,2,3,2,1,2,1.3022,1.7183
14,4,1,3,11,3,2,2,0,3,1.2176,1.6976
14,4,1,3,12,2,3,2,1,3,1.3095,1.7583
14,4,1,3,13,3,2,2,0,2,1.2078,1.6881
14,4,1,3,14,2,3,2,1,3,1.2203,1.62
14,4,1,3,15,3,2,2,0,2,1.1074,1.6032
14,4,1,3,16,3,2,3,1,2,1.4112,1.907
14,4,1,3,17,3,2,3,1,3,0.9347,1.3183
14,4,1,3,18,2,3,3,0,3,1.0103,1.3305
14,4,1,3,19,2,3,2,1,2,0.942,1.2615
14,4,1,3,20,2,3,2,1,3,0.9238,1.2602
14,4,1,3,21,3,2,3,1,2,1.3386,1.8188
14,4,1,3,22,2,3,2,1,3,1.2815,1.6019
14,4,1,3,23,3,2,2,0,3,1.3293,2.2412
14,4,1,3,24,2,3,2,1,4,0.7747,1.2387
14,4,1,3,25,3,2,3,1,4,0.7261,1.0783
14,4,1,3,26,3,2,3,1,3,1.0522,1.5159
14,4,1,3,27,2,3,2,1,3,1.0402,1.5038
14,4,1,3,28,2,3,2,1,3,0.8198,1.284
14,4,1,3,29,3,2,3,1,3,0.8809,1.377
14,4,1,3,30,3,2,2,0,2,1.1465,1.6267
14,4,1,3,31,3,2,3,1,3,0.8414,1.2739
14,4,1,3,32,2,3,2,1,1,0.9993,1.9588
14,4,1,3,33,3,2,3,1,3,1.097,1.5287
14,4,1,3,34,2,3,2,1,2,0.876,1.3883
14,4,1,3,35,2,3,2,1,2,0.9004,1.4288
14,4,2,1,1,4,,3,0,3,1.5387,2.0352
14,4,2,1,2,2,,2,1,2,1.233,2.0009
14,4,2,1,3,3,,3,1,3,1.4724,1.9848
14,4,2,1,4,1,,3,0,3,1.3124,1.7601
14,4,2,1,5,3,,3,1,3,2.2023,2.9066
14,4,2,1,6,1,,2,0,1,1.0448,3.2847
14,4,2,1,7,4,,4,1,1,2.223,2.5434
14,4,2,1,8,3,,4,0,1,1.0648,2.0572
14,4,2,1,9,2,,2,1,3,1.0947,1.4946
14,4,2,1,10,3,,3,1,2,0.8749,1.3548
14,4,2,1,11,1,,1,1,4,0.9654,1.4616
14,4,2,1,12,3,,4,0,3,1.515,1.915
14,4,2,1,13,4,,3,0,1,1.471,1.9025
14,4,2,1,14,3,,3,1,1,1.0748,1.4421
14,4,2,1,15,2,,2,1,2,0.8891,1.4012
14,4,2,1,16,3,,3,1,2,1.025,1.4732
14,4,2,1,17,1,,1,1,3,1.2708,1.9264
14,4,2,1,18,4,,3,0,2,1.9132,2.4259
14,4,2,1,19,4,,3,0,1,1.6559,2.0075
14,4,2,1,20,3,,3,1,2,1.3836,2.1994
14,4,2,1,21,1,,2,0,1,0.9433,1.9194
14,4,2,1,22,1,,1,1,3,1.1536,1.7137
14,4,2,1,23,4,,1,0,4,1.0377,1.4854
14,4,2,1,24,1,,1,1,2,1.6985,2.4661
14,4,2,1,25,3,,3,1,3,1.439,1.8876
14,4,2,1,26,2,,2,1,2,1.2998,2.0357
14,4,2,1,27,2,,2,1,2,1.0421,1.4898
14,4,2,1,28,1,,1,1,2,1.2867,1.7983
14,4,2,1,29,3,,3,1,3,1.6951,2.3346
14,4,2,1,30,2,,2,1,2,1.0403,1.4087
14,4,2,1,31,2,,4,0,2,1.8004,2.1688
14,4,2,1,32,2,,2,1,2,1.4413,1.8413
14,4,2,1,33,4,,4,1,1,1.7193,2.0712
14,4,2,1,34,2,,2,1,2,1.5247,2.0044
14,4,2,1,35,3,,3,1,3,1.3955,1.7473
14,4,3,2,1,4,3,4,1,3,1.4929,2.1327
14,4,3,2,2,4,2,2,0,1,1.9516,2.2876
14,4,3,2,3,3,4,3,1,3,1.0756,1.475
14,4,3,2,4,2,1,2,1,4,0.9845,1.5759
14,4,3,2,5,4,3,4,1,2,1.6577,2.3942
14,4,3,2,6,2,3,2,1,3,1.0497,1.4661
14,4,3,2,7,3,1,3,1,3,1.2317,1.6641
14,4,3,2,8,2,4,4,0,1,1.7099,2.1255
14,4,3,2,9,1,2,1,1,2,1.4805,1.9126
14,4,3,2,10,4,2,4,1,2,1.7718,2.22
14,4,3,2,11,1,3,1,1,3,1.3305,1.7464
14,4,3,2,12,4,1,4,1,1,1.517,1.9491
14,4,3,2,13,3,2,3,1,3,1.1031,1.5671
14,4,3,2,14,3,4,3,1,1,1.0563,1.4723
14,4,3,2,15,2,3,2,1,2,1.1893,1.5732
14,4,3,2,16,2,4,2,1,2,1.0145,1.4152
14,4,3,2,17,2,1,2,1,2,1.0234,1.3749
14,4,3,2,18,2,1,2,1,3,1.0,1.6405
14,4,3,2,19,4,3,3,0,1,2.3589,2.6698
14,4,3,2,20,3,2,3,1,2,1.3388,2.0747
14,4,3,2,21,1,4,1,1,2,1.3993,1.7677
14,4,3,2,22,4,1,4,1,1,1.3769,1.7769
14,4,3,2,23,3,4,3,1,3,1.5775,2.1378
14,4,3,2,24,4,1,4,1,2,1.4758,3.1238
14,4,3,2,25,3,1,3,1,3,1.0935,1.4015
14,4,3,2,26,2,4,2,1,4,0.8931,1.2615
14,4,3,2,27,1,4,1,1,3,1.2599,1.6601
14,4,3,2,28,1,2,1,1,3,1.0812,1.4179
14,4,3,2,29,2,4,2,1,1,1.6814,2.0652
14,4,3,2,30,3,4,3,1,3,1.326,1.7743
14,4,3,2,31,4,3,4,1,1,1.8477,2.5352
14,4,3,2,32,3,2,2,0,1,2.017,3.2006
14,4,3,2,33,1,2,1,1,4,1.6155,2.2236
14,4,3,2,34,2,4,2,1,4,1.1584,1.6862
14,4,3,2,35,1,3,1,1,2,1.4909,1.9068
14,5,1,3,1,4,1,4,1,4,1.663,1.9995
14,5,1,3,2,4,1,4,1,1,2.2078,2.5597
14,5,1,3,3,1,4,1,1,4,1.2885,1.6726
14,5,1,3,4,1,4,1,1,3,1.0611,1.3812
14,5,1,3,5,4,1,4,1,2,1.1349,1.5033
14,5,1,3,6,1,4,1,1,3,1.2991,1.9871
14,5,1,3,7,4,1,4,1,2,1.3949,1.8591
14,5,1,3,8,4,1,4,1,1,1.1123,1.4352
14,5,1,3,9,4,1,1,0,3,1.599,2.1111
14,5,1,3,10,4,1,4,1,1,1.4184,1.771
14,5,1,3,11,1,4,1,1,3,1.3799,1.7159
14,5,1,3,12,4,1,4,1,1,1.3111,1.8392
14,5,1,3,13,1,4,1,1,3,1.1256,1.4779
14,5,1,3,14,1,4,1,1,2,1.2916,1.627
14,5,1,3,15,4,1,1,0,1,1.4505,1.8821
14,5,1,3,16,1,4,1,1,3,1.2637,1.5853
14,5,1,3,17,4,1,4,1,3,1.5677,2.6236
14,5,1,3,18,1,4,1,1,2,1.3823,1.8464
14,5,1,3,19,4,1,1,0,3,1.3399,1.6606
14,5,1,3,20,1,4,1,1,3,1.2737,1.7217
14,5,1,3,21,4,1,1,0,3,1.2216,1.8616
14,5,1,3,22,1,4,1,1,2,1.0344,1.5308
14,5,1,3,23,1,4,1,1,3,1.1504,1.8378
14,5,1,3,24,4,1,4,1,1,1.7965,2.4204
14,5,1,3,25,4,1,4,1,2,2.1147,2.6591
14,5,1,3,26,4,1,4,1,3,1.5917,1.9592
14,5,1,3,27,4,1,1,0,1,1.513,2.1532
14,5,1,3,28,4,1,1,0,1,1.586,1.9706
14,5,1,3,29,4,1,4,1,3,1.0595,1.3684
14,5,1,3,30,1,4,1,1,3,0.7968,1.1483
14,5,1,3,31,4,1,1,0,4,1.1517,1.4683
14,5,1,3,32,4,1,4,1,1,1.477,1.7855
14,5,1,3,33,4,1,1,0,1,1.3895,1.7021
14,5,1,3,34,1,4,1,1,4,1.0813,1.4016
14,5,1,3,35,4,1,4,1,2,1.1682,2.0961
14,5,2,2,1,3,2,3,1,3,2.6591,3.1074
14,5,2,2,2,2,1,2,1,3,0.9015,1.2857
14,5,2,2,3,1,4,1,1,4,1.1543,1.5062
14,5,2,2,4,4,2,2,0,3,1.1265,1.5429
14,5,2,2,5,1,4,1,1,4,1.1295,1.4518
14,5,2,2,6,4,2,4,1,2,1.7588,3.0389
14,5,2,2,7,1,2,1,1,3,1.3323,1.6845
14,5,2,2,8,4,2,4,1,2,1.6007,2.1124
14,5,2,2,9,3,2,3,1,2,1.8523,3.1321
14,5,2,2,10,1,3,1,1,3,1.5491,1.8688
14,5,2,2,11,3,1,3,1,2,1.2012,1.6653
14,5,2,2,12,4,3,3,0,3,1.728,2.1758
14,5,2,2,13,4,1,4,1,1,1.5284,2.4886
14,5,2,2,14,2,1,2,1,3,0.98,1.3477
14,5,2,2,15,1,2,1,1,3,1.0228,1.4063
14,5,2,2,16,2,3,2,1,4,1.6548,1.9691
14,5,2,2,17,4,2,2,0,2,2.2473,3.2712
14,5,2,2,18,1,3,1,1,3,1.2352,1.571
14,5,2,2,19,1,3,1,1,2,1.0925,1.4017
14,5,2,2,20,2,3,2,1,2,1.212,1.7886
14,5,2,2,21,3,2,3,1,3,0.9969,1.493
14,5,2,2,22,2,1,2,1,3,0.8737,1.1848
14,5,2,2,23,4,3,3,0,1,2.4259,2.7364
14,5,2,2,24,1,3,1,1,2,2.1719,2.7152
14,5,2,2,25,2,3,2,1,3,1.1502,1.614
14,5,2,2,26,4,1,4,1,1,1.9023,2.2192
14,5,2,2,27,1,2,1,1,2,1.3004,2.116
14,5,2,2,28,4,1,4,1,1,1.6315,2.0472
14,5,2,2,29,2,1,2,1,3,1.2295,1.6291
14,5,2,2,30,1,2,1,1,2,1.3087,1.7891
14,5,2,2,31,4,1,1,0,1,1.7492,2.3573
14,5,2,2,32,1,2,2,0,1,2.4865,2.8033
14,5,2,2,33,2,4,2,1,3,1.2369,1.5567
14,5,2,2,34,1,3,1,1,3,0.9351,1.2515
14,5,2,2,35,3,1,3,1,2,1.5725,1.9729
14,5,3,1,1,3,,2,0,3,1.5802,1.9021
14,5,3,1,2,1,,1,1,3,1.1365,1.4517
14,5,3,1,3,4,,1,0,2,1.8783,2.2623
14,5,3,1,4,4,,4,1,2,1.4676,1.8514
14,5,3,1,5,2,,2,1,2,0.913,1.3286
14,5,3,1,6,2,,3,0,3,1.4206,1.7353
14,5,3,1,7,1,,1,1,2,1.6232,2.0072
14,5,3,1,8,1,,2,0,2,1.4947,1.9267
14,5,3,1,9,1,,1,1,3,1.4496,1.8175
14,5,3,1,10,4,,2,0,2,1.4403,1.8401
14,5,3,1,11,2,,2,1,2,1.0147,1.6068
14,5,3,1,12,4,,4,1,3,1.2865,1.6381
14,5,3,1,13,3,,1,0,3,0.8529,1.269
14,5,3,1,14,1,,3,0,2,1.3948,1.8104
14,5,3,1,15,2,,2,1,3,0.7623,1.0985
14,5,3,1,16,4,,1,0,1,1.1348,1.551
14,5,3,1,17,3,,3,1,2,1.1857,1.6488
14,5,3,1,18,3,,3,1,1,1.1839,1.6001
14,5,3,1,19,4,,3,0,1,1.2473,1.5686
14,5,3,1,20,4,,1,0,1,1.5209,1.9685
14,5,3,1,21,1,,1,1,1,1.5054,1.8188
14,5,3,1,22,4,,3,0,1,1.5127,3.9611
14,5,3,1,23,4,,1,0,1,1.7508,2.1349
14,5,3,1,24,3,,3,1,3,1.4739,1.7856
14,5,3,1,25,4,,2,0,2,1.6424,1.9522
14,5,3,1,26,4,,2,0,2,1.1319,1.5315
14,5,3,1,27,4,,2,0,2,2.175,2.5269
14,5,3,1,28,2,,4,0,2,1.4651,1.8657
14,5,3,1,29,2,,1,0,1,1.439,1.7592
14,5,3,1,30,4,,2,0,2,1.7048,2.089
14,5,3,1,31,4,,4,1,1,2.1167,2.4685
14,5,3,1,32,1,,1,1,2,1.249,1.617
14,5,3,1,33,2,,1,0,2,1.3125,1.6806
14,5,3,1,34,1,,1,1,1,1.2455,1.5686
14,5,3,1,35,1,,1,1,3,1.7429,2.0787
14,6,1,1,1,1,,3,0,3,1.5242,1.8354
14,6,1,1,2,4,,1,0,2,1.7379,2.0524
14,6,1,1,3,3,,3,1,3,1.0633,1.3849
14,6,1,1,4,4,,2,0,3,1.0564,1.3685
14,6,1,1,5,4,,4,1,2,1.3857,1.8176
14,6,1,1,6,3,,1,0,2,1.2647,1.6809
14,6,1,1,7,3,,3,1,2,1.1338,1.5021
14,6,1,1,8,4,,2,0,3,1.7619,2.2745
14,6,1,1,9,1,,1,1,3,1.2225,1.5908
14,6,1,1,10,4,,4,1,1,1.8153,2.1359
14,6,1,1,11,4,,3,0,2,1.217,1.5352
14,6,1,1,12,2,,2,1,3,0.9957,1.3182
14,6,1,1,13,2,,2,1,3,1.4874,1.802
14,6,1,1,14,2,,2,1,3,1.0146,1.3349
14,6,1,1,15,3,,3,1,3,1.138,1.4517
14,6,1,1,16,2,,2,1,3,0.8881,1.2078
14,6,1,1,17,1,,1,1,3,1.1284,1.4519
14,6,1,1,18,3,,2,0,2,1.3417,1.6941
14,6,1,1,19,4,,4,1,3,1.4188,1.7866
14,6,1,1,20,3,,3,1,4,1.1551,1.4683
14,6,1,1,21,2,,2,1,4,1.4327,1.7521
14,6,1,1,22,4,,4,1,2,1.3943,1.7018
14,6,1,1,23,3,,3,1,3,1.2457,1.5686
14,6,1,1,24,2,,2,1,3,0.9912,1.3273
14,6,1,1,25,2,,2,1,2,1.0027,1.3183
14,6,1,1,26,4,,1,0,1,1.4942,1.8022
14,6,1,1,27,4,,4,1,3,1.2139,1.535
14,6,1,1,28,1,,3,0,2,1.7603,2.0808
14,6,1,1,29,2,,4,0,1,1.5014,2.2697
14,6,1,1,30,4,,2,0,3,1.554,1.9215
14,6,1,1,31,3,,3,1,3,1.3808,1.781
14,6,1,1,32,3,,4,0,4,2.2702,2.6053
14,6,1,1,33,1,,2,0,2,1.4766,1.8765
14,6,1,1,34,1,,1,1,1,2.7452,3.2899
14,6,1,1,35,4,,4,1,2,1.2998,1.6361
14,6,2,3,1,1,2,1,1,3,1.3858,2.1372
14,6,2,3,2,2,1,2,1,2,1.0116,1.3181
14,6,2,3,3,2,1,2,1,1,0.8466,1.2313
14,6,2,3,4,2,1,2,1,3,0.7506,1.2782
14,6,2,3,5,2,1,2,1,3,0.8924,1.2014
14,6,2,3,6,2,1,2,1,3,0.7166,1.0529
14,6,2,3,7,1,2,1,1,2,0.8675,1.1874
14,6,2,3,8,2,1,2,1,1,0.9797,1.3962
14,6,2,3,9,1,2,1,1,2,1.0051,1.4849
14,6,2,3,10,2,1,2,1,3,0.8178,1.1348
14,6,2,3,11,1,2,2,0,4,1.6354,2.452
14,6,2,3,12,1,2,2,0,2,1.2489,1.5685
14,6,2,3,13,1,2,1,1,1,1.2661,1.8096
14,6,2,3,14,1,2,1,1,2,1.7378,2.1058
14,6,2,3,15,1,2,1,1,3,1.2208,1.7494
14,6,2,3,16,2,1,2,1,2,1.1992,1.5186
14,6,2,3,17,2,1,2,1,3,0.8666,1.1848
14,6,2,3,18,1,2,1,1,1,1.4602,1.7687
14,6,2,3,19,2,1,2,1,2,0.8446,1.229
14,6,2,3,20,2,1,1,0,3,0.9242,1.2758
14,6,2,3,21,2,1,2,1,1,1.3863,1.7021
14,6,2,3,22,2,1,2,1,3,1.4781,1.7854
14,6,2,3,23,1,2,1,1,3,1.6461,2.2865
14,6,2,3,24,2,1,2,1,3,1.2183,1.5352
14,6,2,3,25,1,2,1,1,4,0.9163,1.2347
14,6,2,3,26,2,1,2,1,2,1.1551,1.4685
14,6,2,3,27,2,1,2,1,3,0.9833,1.3015
14,6,2,3,28,2,1,2,1,4,0.852,1.2363
14,6,2,3,29,1,2,1,1,4,1.3152,1.6505
14,6,2,3,30,2,1,1,0,1,1.2324,2.2571
14,6,2,3,31,2,1,2,1,3,1.11,1.4622
14,6,2,3,32,1,2,1,1,1,0.9722,1.2849
14,6,2,3,33,2,1,2,1,3,0.7763,1.0844
14,6,2,3,34,2,1,2,1,3,0.9571,1.4052
14,6,2,3,35,1,2,1,1,2,1.077,1.3848
14,6,3,2,1,4,1,1,0,3,2.597,3.3492
14,6,3,2,2,2,3,2,1,3,1.342,1.6935
14,6,3,2,3,2,3,2,1,3,0.8422,1.2737
14,6,3,2,4,3,4,3,1,1,2.3913,2.703
14,6,3,2,5,4,2,4,1,2,1.0982,1.4184
14,6,3,2,6,2,3,2,1,3,1.2178,1.5351
14,6,3,2,7,3,2,3,1,3,1.2035,1.6517
14,6,3,2,8,2,1,2,1,2,1.1059,1.4255
14,6,3,2,9,2,1,2,1,3,1.4652,1.7855
14,6,3,2,10,2,3,2,1,2,1.3131,1.6811
14,6,3,2,11,1,4,1,1,4,1.0229,1.7105
14,6,3,2,12,1,4,1,1,4,1.3062,1.6187
14,6,3,2,13,2,1,2,1,3,1.1452,1.4685
14,6,3,2,14,3,2,3,1,4,1.3428,1.8228
14,6,3,2,15,1,3,1,1,1,1.5902,1.9023
14,6,3,2,16,1,4,1,1,1,1.4337,1.752
14,6,3,2,17,3,2,3,1,3,1.267,1.5851
14,6,3,2,18,3,1,3,1,4,1.1874,1.5018
14,6,3,2,19,2,4,2,1,3,1.3032,1.6184
14,6,3,2,20,4,2,4,1,4,1.2857,1.6019
14,6,3,2,21,3,4,3,1,3,1.446,1.7687
14,6,3,2,22,4,2,2,0,1,1.1191,1.8708
14,6,3,2,23,2,3,2,1,3,1.2044,1.5186
14,6,3,2,24,4,2,4,1,1,1.4956,1.8317
14,6,3,2,25,3,2,3,1,3,1.1184,1.454
14,6,3,2,26,4,1,1,0,1,2.1484,2.4697
14,6,3,2,27,4,3,4,1,4,1.217,1.535
14,6,3,2,28,4,2,4,1,1,1.8756,2.1859
14,6,3,2,29,1,2,2,0,3,1.2112,1.5352
14,6,3,2,30,3,4,3,1,3,1.2459,1.5685
14,6,3,2,31,4,3,3,0,3,1.679,2.4309
14,6,3,2,32,4,3,3,0,3,0.9259,1.2457
14,6,3,2,33,4,3,3,0,3,1.3723,1.7246
14,6,3,2,34,4,2,4,1,1,1.7515,2.1838
14,6,3,2,35,2,3,2,1,1,1.2797,1.7437
15,1,1,1,1,4,,2,0,1,1.3218,1.7853
15,1,1,1,2,4,,3,0,2,1.586,2.3375
15,1,1,1,3,3,,2,0,1,0.9154,2.5791
15,1,1,1,4,1,,4,0,2,1.5146,2.5071
15,1,1,1,5,3,,3,1,3,2.1022,2.9982
15,1,1,1,6,2,,2,1,3,1.3416,2.4294
15,1,1,1,7,2,,3,0,1,2.0752,2.9232
15,1,1,1,8,1,,1,1,3,1.5255,2.3897
15,1,1,1,9,3,,3,1,4,1.3645,2.004
15,1,1,1,10,4,,3,0,1,3.0755,3.9554
15,1,1,1,11,2,,2,1,2,1.267,2.2112
15,1,1,1,12,4,,3,0,1,2.4106,3.6263
15,1,1,1,13,2,,2,1,3,1.0474,1.3684
15,1,1,1,14,1,,1,1,4,0.9762,1.3122
15,1,1,1,15,4,,2,0,2,2.1092,3.1968
15,1,1,1,16,2,,2,1,3,0.9721,2.0922
15,1,1,1,17,4,,4,1,4,1.6078,2.1515
15,1,1,1,18,3,,3,1,4,1.473,1.8409
15,1,1,1,19,2,,2,1,4,1.143,1.5752
15,1,1,1,20,4,,3,0,1,1.5607,2.4089
15,1,1,1,21,4,,4,1,4,1.3677,2.0395
15,1,1,1,22,3,,3,1,3,1.4778,2.7258
15,1,1,1,23,2,,2,1,3,1.5921,2.2959
15,1,1,1,24,3,,3,1,3,1.324,2.2198
15,1,1,1,25,2,,2,1,4,1.1701,1.6979
15,1,1,1,26,3,,3,1,3,1.3905,2.7985
15,1,1,1,27,3,,3,1,4,1.182,1.5017
15,1,1,1,28,3,,3,1,4,1.5059,1.8188
15,1,1,1,29,2,,2,1,3,1.0808,1.769
15,1,1,1,30,2,,2,1,1,3.1372,3.5855
15,1,1,1,31,2,,2,1,4,1.0873,1.4718
15,1,1,1,32,2,,2,1,4,0.8369,1.1725
15,1,1,1,33,1,,3,0,3,2.0376,2.886
15,1,1,1,34,4,,4,1,1,2.2247,3.0728
15,1,1,1,35,4,,4,1,1,2.5794,3.0921
15,1,2,3,1,1,2,1,1,1,2.4619,3.1816
15,1,2,3,2,1,2,2,0,4,1.4049,2.3488
15,1,2,3,3,1,2,2,0,3,1.9192,2.8309
15,1,2,3,4,1,2,1,1,3,1.565,2.1563
15,1,2,3,5,1,2,1,1,4,1.2693,1.7331
15,1,2,3,6,1,2,2,0,4,1.1517,1.5037
15,1,2,3,7,1,2,1,1,4,1.3471,1.7627
15,1,2,3,8,1,2,1,1,4,1.0688,1.5811
15,1,2,3,9,1,2,1,1,3,1.5498,1.8693
15,1,2,3,10,2,1,2,1,4,1.2985,1.6508
15,1,2,3,11,1,2,1,1,1,1.9837,3.3763
15,1,2,3,12,2,1,2,1,4,1.479,1.8021
15,1,2,3,13,2,1,2,1,3,0.8467,1.7739
15,1,2,3,14,1,2,1,1,2,1.3824,1.7511
15,1,2,3,15,2,1,2,1,4,1.1043,1.9846
15,1,2,3,16,1,2,2,0,1,1.6163,2.0007
15,1,2,3,17,2,1,2,1,4,0.8632,1.3754
15,1,2,3,18,1,2,1,1,2,1.5767,2.1373
15,1,2,3,19,1,2,1,1,1,1.4258,1.7352
15,1,2,3,20,1,2,1,1,4,0.8286,1.1514
15,1,2,3,21,1,2,1,1,1,2.5753,3.0387
15,1,2,3,22,2,1,2,1,4,1.0599,1.9238
15,1,2,3,23,2,1,2,1,3,0.7909,1.4311
15,1,2,3,24,1,2,2,0,3,1.7262,2.5584
15,1,2,3,25,2,1,2,1,4,0.7752,1.0844
15,1,2,3,26,1,2,2,0,4,1.7558,2.069
15,1,2,3,27,2,1,2,1,3,0.7763,1.1013
15,1,2,3,28,2,1,2,1,3,1.5487,1.8689
15,1,2,3,29,2,1,2,1,3,0.9933,1.3182
15,1,2,3,30,2,1,2,1,4,0.6531,1.0046
15,1,2,3,31,2,1,2,1,4,0.677,1.0132
15,1,2,3,32,1,2,1,1,1,1.2455,1.6134
15,1,2,3,33,1,2,1,1,3,0.813,1.7736
15,1,2,3,34,1,2,1,1,3,0.7901,1.334
15,1,2,3,35,1,2,1,1,1,2.2894,2.6029
15,1,3,2,1,1,2,2,0,3,2.4626,3.4546
15,1,3,2,2,2,3,2,1,4,1.0747,1.6985
15,1,3,2,3,4,2,2,0,4,2.4473,2.9748
15,1,3,2,4,4,1,4,1,4,1.3347,1.9271
15,1,3,2,5,4,2,2,0,1,3.7542,4.3936
15,1,3,2,6,2,3,2,1,4,1.2397,1.6712
15,1,3,2,7,2,4,2,1,3,1.2047,2.5959
15,1,3,2,8,3,1,3,1,4,1.3239,1.9641
15,1,3,2,9,4,3,4,1,1,3.8537,4.5738
15,1,3,2,10,2,1,2,1,4,1.0429,1.6037
15,1,3,2,11,2,3,2,1,4,1.89,2.21
15,1,3,2,12,2,1,2,1,4,1.4661,1.8176
15,1,3,2,13,1,2,2,0,3,1.6156,2.032
15,1,3,2,14,2,3,2,1,2,2.3025,3.1345
15,1,3,2,15,1,2,1,1,4,1.1833,1.8544
15,1,3,2,16,1,4,1,1,1,2.2128,2.8685
15,1,3,2,17,2,3,3,0,3,2.1439,3.1518
15,1,3,2,18,2,3,3,0,2,1.7928,2.3688
15,1,3,2,19,3,1,3,1,3,1.2486,2.0643
15,1,3,2,20,4,3,4,1,1,1.6774,2.574
15,1,3,2,21,2,3,3,0,1,2.7088,3.2051
15,1,3,2,22,3,4,3,1,3,1.2833,1.8111
15,1,3,2,23,2,4,4,0,1,2.427,2.9071
15,1,3,2,24,3,4,3,1,4,1.4456,1.7978
15,1,3,2,25,1,4,1,1,3,1.2778,2.2536
15,1,3,2,26,3,2,3,1,3,1.3949,4.3867
15,1,3,2,27,1,2,1,1,4,1.1839,1.5207
15,1,3,2,28,3,4,3,1,4,2.4994,4.42
15,1,3,2,29,2,3,2,1,3,1.1035,1.7274
15,1,3,2,30,2,1,2,1,3,2.89,3.5941
15,1,3,2,31,1,3,1,1,4,1.2728,1.6728
15,1,3,2,32,3,1,3,1,4,2.0219,2.9978
15,1,3,2,33,2,3,2,1,3,1.4998,2.7322
15,1,3,2,34,1,3,3,0,3,1.7098,2.8462
15,1,3,2,35,3,1,1,0,1,3.563,4.3155
15,2,1,1,1,3,,3,1,3,1.7587,2.6713
15,2,1,1,2,1,,4,0,1,1.8752,2.1856
15,2,1,1,3,4,,4,1,1,1.7067,2.474
15,2,1,1,4,3,,3,1,4,1.4308,1.7987
15,2,1,1,5,4,,4,1,1,1.5674,1.8857
15,2,1,1,6,4,,4,1,1,1.811,2.5152
15,2,1,1,7,3,,3,1,3,1.1501,1.5662
15,2,1,1,8,2,,2,1,3,1.3603,2.2405
15,2,1,1,9,4,,2,0,4,1.1262,1.606
15,2,1,1,10,2,,2,1,4,1.1262,1.4354
15,2,1,1,11,4,,4,1,3,1.5161,2.0759
15,2,1,1,12,1,,2,0,1,1.7043,2.2163
15,2,1,1,13,1,,2,0,3,1.1187,1.5833
15,2,1,1,14,1,,2,0,4,1.6321,1.952
15,2,1,1,15,2,,2,1,4,1.009,1.3179
15,2,1,1,16,3,,1,0,1,1.3404,1.6517
15,2,1,1,17,1,,1,1,2,1.2258,1.7381
15,2,1,1,18,4,,4,1,1,1.3319,1.7006
15,2,1,1,19,3,,3,1,3,1.2799,1.8076
15,2,1,1,20,4,,4,1,2,1.3829,1.7025
15,2,1,1,21,1,,1,1,1,1.3145,1.6359
15,2,1,1,22,4,,3,0,3,1.3612,1.8091
15,2,1,1,23,4,,4,1,3,1.7694,2.2487
15,2,1,1,24,2,,2,1,3,1.9191,2.4955
15,2,1,1,25,3,,4,0,1,1.8347,2.2183
15,2,1,1,26,4,,1,0,1,2.0972,2.4195
15,2,1,1,27,3,,3,1,2,1.5834,2.1755
15,2,1,1,28,1,,1,1,2,1.4001,1.7202
15,2,1,1,29,3,,2,0,1,2.2114,2.675
15,2,1,1,30,4,,4,1,1,1.8308,2.2154
15,2,1,1,31,4,,1,0,1,2.558,3.31
15,2,1,1,32,1,,2,0,1,2.0568,3.0488
15,2,1,1,33,4,,4,1,3,1.4854,1.853
15,2,1,1,34,4,,4,1,2,1.7308,2.067
15,2,1,1,35,2,,3,0,4,1.2468,1.5991
15,2,2,2,1,2,4,2,1,4,1.3505,2.0221
15,2,2,2,2,3,2,3,1,4,1.4772,2.1808
15,2,2,2,3,1,2,1,1,4,1.3255,1.9655
15,2,2,2,4,4,3,3,0,2,1.9192,3.2954
15,2,2,2,5,2,4,2,1,3,1.194,1.9301
15,2,2,2,6,4,1,4,1,1,2.109,2.8449
15,2,2,2,7,4,3,3,0,2,1.9136,2.2496
15,2,2,2,8,3,2,4,0,4,1.0082,1.3182
15,2,2,2,9,3,4,3,1,1,3.3386,4.6666
15,2,2,2,10,2,3,2,1,1,1.9976,2.8449
15,2,2,2,11,1,3,1,1,4,1.034,1.7222
15,2,2,2,12,3,2,3,1,4,1.1897,1.5017
15,2,2,2,13,1,2,1,1,2,2.6487,4.0404
15,2,2,2,14,2,1,2,1,3,1.5404,2.1805
15,2,2,2,15,4,2,2,0,2,1.2767,2.1887
15,2,2,2,16,1,2,2,0,1,1.4283,2.5485
15,2,2,2,17,1,3,1,1,2,1.9022,3.3584
15,2,2,2,18,1,4,4,0,1,3.27,3.6055
15,2,2,2,19,2,1,2,1,2,1.1707,2.115
15,2,2,2,20,4,1,4,1,2,3.1824,5.2947
15,2,2,2,21,3,2,3,1,4,1.6384,2.4066
15,2,2,2,22,3,2,3,1,4,1.8772,2.5497
15,2,2,2,23,2,4,2,1,2,1.1673,2.1912
15,2,2,2,24,3,2,3,1,2,1.1589,1.9593
15,2,2,2,25,3,2,3,1,3,1.3851,2.8571
15,2,2,2,26,2,1,2,1,1,1.7334,2.469
15,2,2,2,27,3,2,3,1,3,1.2495,2.1775
15,2,2,2,28,1,3,1,1,1,2.7462,3.3379
15,2,2,2,29,1,2,1,1,1,1.7303,2.2103
15,2,2,2,30,3,1,3,1,2,1.8659,2.7784
15,2,2,2,31,3,1,3,1,4,1.0661,2.346
15,2,2,2,32,3,1,3,1,3,1.1001,1.6118
15,2,2,2,33,1,2,2,0,2,1.276,1.9635
15,2,2,2,34,4,2,2,0,1,1.0855,1.469
15,2,2,2,35,1,3,1,1,4,1.043,1.3942
15,2,3,3,1,4,2,4,1,4,1.2975,1.7458
15,2,3,3,2,4,2,4,1,3,1.2445,1.6764
15,2,3,3,3,4,2,4,1,3,1.354,2.1692
15,2,3,3,4,2,4,2,1,2,1.0417,1.5056
15,2,3,3,5,4,2,2,0,1,1.1904,1.5016
15,2,3,3,6,2,4,2,1,4,1.2264,2.6182
15,2,3,3,7,4,2,2,0,3,1.1999,2.0003
15,2,3,3,8,4,2,4,1,1,2.5916,2.9117
15,2,3,3,9,2,4,2,1,4,1.098,1.45
15,2,3,3,10,4,2,2,0,3,1.4085,2.7203
15,2,3,3,11,4,2,4,1,1,1.8263,2.1357
15,2,3,3,12,4,2,2,0,1,2.0441,2.3958
15,2,3,3,13,4,2,4,1,1,2.3484,2.6697
15,2,3,3,14,4,2,4,1,2,1.1995,1.6477
15,2,3,3,15,4,2,4,1,1,1.5026,2.2388
15,2,3,3,16,4,2,4,1,1,2.276,2.9805
15,2,3,3,17,4,2,4,1,3,1.164,2.4282
15,2,3,3,18,2,4,2,1,2,1.0986,1.4184
15,2,3,3,19,4,2,4,1,4,0.8502,1.2658
15,2,3,3,20,4,2,2,0,3,1.1203,1.6965
15,2,3,3,21,2,4,2,1,4,0.7806,1.1015
15,2,3,3,22,2,4,2,1,4,0.8808,1.2014
15,2,3,3,23,2,4,2,1,4,0.6888,1.001
15,2,3,3,24,4,2,4,1,1,1.2257,1.626
15,2,3,3,25,4,2,4,1,2,0.9367,1.3048
15,2,3,3,26,4,2,4,1,2,1.4932,1.8196
15,2,3,3,27,4,2,4,1,3,1.2279,2.8127
15,2,3,3,28,4,2,2,0,1,1.2591,1.6113
15,2,3,3,29,4,2,4,1,4,0.7469,1.0992
15,2,3,3,30,4,2,4,1,3,0.6869,1.3907
15,2,3,3,31,2,4,4,0,3,0.6163,1.016
15,2,3,3,32,2,4,4,0,4,0.5598,0.8676
15,2,3,3,33,2,4,4,0,4,0.846,1.1682
15,2,3,3,34,2,4,4,0,3,0.6239,0.9342
15,2,3,3,35,4,2,4,1,3,0.4845,0.8744
15,3,1,2,1,1,4,4,0,1,3.905,4.8815
15,3,1,2,2,4,1,4,1,4,1.2755,1.8352
15,3,1,2,3,2,3,2,1,4,1.3602,2.1285
15,3,1,2,4,2,1,2,1,3,1.0351,1.6914
15,3,1,2,5,1,3,1,1,1,2.7594,3.4797
15,3,1,2,6,2,4,2,1,4,1.1953,2.0274
15,3,1,2,7,2,3,2,1,3,0.8898,1.3056
15,3,1,2,8,2,4,2,1,2,1.1418,1.6862
15,3,1,2,9,3,2,2,0,3,1.4581,2.2256
15,3,1,2,10,1,4,4,0,3,2.1048,3.0014
15,3,1,2,11,2,4,2,1,4,1.0231,1.3588
15,3,1,2,12,2,1,2,1,3,1.1935,2.1538
15,3,1,2,13,2,1,2,1,4,1.0102,1.538
15,3,1,2,14,3,2,3,1,3,1.5733,2.389
15,3,1,2,15,4,2,4,1,1,1.5088,1.9888
15,3,1,2,16,4,1,4,1,1,1.7494,2.0691
15,3,1,2,17,2,1,2,1,4,1.5538,2.226
15,3,1,2,18,4,1,4,1,4,1.2401,1.6244
15,3,1,2,19,3,4,3,1,2,2.0716,3.3194
15,3,1,2,20,3,1,4,0,4,1.1851,1.7767
15,3,1,2,21,4,2,2,0,2,1.7864,3.4504
15,3,1,2,22,2,1,2,1,4,0.975,1.7583
15,3,1,2,23,4,1,4,1,1,1.7363,2.1688
15,3,1,2,24,2,3,2,1,1,1.0724,1.7609
15,3,1,2,25,4,3,3,0,2,1.4507,3.115
15,3,1,2,26,1,4,4,0,1,2.413,2.7644
15,3,1,2,27,1,4,1,1,3,1.3577,2.1733
15,3,1,2,28,1,2,1,1,3,1.1105,1.9102
15,3,1,2,29,4,2,4,1,4,1.4178,2.0896
15,3,1,2,30,2,4,2,1,2,2.0221,2.8056
15,3,1,2,31,1,4,4,0,2,2.3242,3.2205
15,3,1,2,32,3,1,3,1,3,1.5059,2.3694
15,3,1,2,33,3,2,2,0,1,2.4665,3.1378
15,3,1,2,34,3,2,3,1,4,1.1392,1.8269
15,3,1,2,35,4,3,1,0,1,2.6816,4.8583
15,3,2,3,1,3,4,4,0,1,1.2913,2.8109
15,3,2,3,2,4,3,3,0,3,1.2577,2.4257
15,3,2,3,3,3,4,3,1,4,0.5203,1.2076
15,3,2,3,4,3,4,3,1,4,0.5009,1.1441
15,3,2,3,5,3,4,3,1,2,0.9233,1.6435
15,3,2,3,6,3,4,3,1,4,0.9858,2.7457
15,3,2,3,7,4,3,3,0,2,0.5231,1.8512
15,3,2,3,8,3,4,3,1,4,0.6729,1.1689
15,3,2,3,9,3,4,3,1,4,0.6586,1.0426
15,3,2,3,10,4,3,4,1,3,1.5777,3.0497
15,3,2,3,11,4,3,4,1,4,1.4221,1.9987
15,3,2,3,12,4,3,4,1,1,2.479,3.1508
15,3,2,3,13,4,3,4,1,3,1.2639,1.8395
15,3,2,3,14,3,4,3,1,4,1.2061,1.8942
15,3,2,3,15,3,4,4,0,1,1.3382,1.9623
15,3,2,3,16,4,3,4,1,3,1.4676,2.6999
15,3,2,3,17,3,4,3,1,2,1.3114,1.6948
15,3,2,3,18,3,4,3,1,4,1.0678,1.5157
15,3,2,3,19,4,3,4,1,3,1.2314,1.6479
15,3,2,3,20,4,3,4,1,2,1.1497,1.5662
15,3,2,3,21,4,3,4,1,2,0.8641,1.2954
15,3,2,3,22,3,4,3,1,3,1.1173,1.8207
15,3,2,3,23,4,3,4,1,2,1.4438,2.244
15,3,2,3,24,4,3,4,1,1,2.9058,3.226
15,3,2,3,25,3,4,3,1,2,1.399,1.9592
15,3,2,3,26,3,4,3,1,3,0.697,1.049
15,3,2,3,27,4,3,4,1,3,1.1356,2.4154
15,3,2,3,28,3,4,3,1,4,1.0865,2.127
15,3,2,3,29,4,3,4,1,4,1.3537,1.6733
15,3,2,3,30,3,4,4,0,1,0.855,2.1345
15,3,2,3,31,3,4,3,1,4,1.3123,1.8569
15,3,2,3,32,4,3,4,1,4,1.1582,2.4218
15,3,2,3,33,4,3,3,0,3,1.3805,1.8928
15,3,2,3,34,4,3,4,1,2,2.169,2.9369
15,3,2,3,35,3,4,3,1,3,1.7618,2.4499
15,3,3,1,1,3,,3,1,2,1.3659,2.9181
15,3,3,1,2,4,,2,0,3,1.1036,1.4716
15,3,3,1,3,1,,1,1,4,1.045,1.461
15,3,3,1,4,2,,2,1,4,1.0676,1.3851
15,3,3,1,5,1,,1,1,1,1.8111,2.3078
15,3,3,1,6,4,,4,1,2,1.2551,2.1662
15,3,3,1,7,4,,4,1,3,1.1836,1.5837
15,3,3,1,8,3,,3,1,4,1.2481,1.6166
15,3,3,1,9,1,,1,1,2,1.5039,1.9358
15,3,3,1,10,2,,2,1,4,1.0097,1.3183
15,3,3,1,11,4,,4,1,4,1.1015,1.4183
15,3,3,1,12,3,,3,1,3,1.5571,3.1891
15,3,3,1,13,1,,1,1,2,1.2515,1.9073
15,3,3,1,14,4,,2,0,1,4.2636,5.3829
15,3,3,1,15,4,,4,1,1,2.7806,3.1035
15,3,3,1,16,3,,3,1,3,1.3909,1.9668
15,3,3,1,17,1,,1,1,4,1.8397,2.319
15,3,3,1,18,1,,1,1,1,1.586,2.5622
15,3,3,1,19,4,,4,1,1,1.2422,1.6426
15,3,3,1,20,4,,4,1,3,1.1134,1.6413
15,3,3,1,21,1,,1,1,1,1.768,2.0858
15,3,3,1,22,1,,2,0,3,1.8112,2.3876
15,3,3,1,23,2,,3,0,2,1.3635,2.3394
15,3,3,1,24,3,,3,1,3,1.4453,2.0371
15,3,3,1,25,3,,3,1,2,1.1394,2.0354
15,3,3,1,26,3,,3,1,4,1.5372,1.9211
15,3,3,1,27,2,,2,1,2,2.4365,2.9479
15,3,3,1,28,3,,3,1,1,1.2615,2.0296
15,3,3,1,29,4,,3,0,1,1.5962,1.9798
15,3,3,1,30,1,,1,1,3,1.0847,1.4686
15,3,3,1,31,1,,1,1,4,0.8182,1.1859
15,3,3,1,32,2,,2,1,3,1.1713,1.6669
15,3,3,1,33,3,,3,1,4,1.6644,2.7361
15,3,3,1,34,4,,1,0,1,1.4259,1.8421
15,3,3,1,35,4,,1,0,1,1.736,2.3443
15,4,1,3,1,3,1,3,1,3,1.9816,2.8299
15,4,1,3,2,3,1,3,1,1,1.0833,1.4017
15,4,1,3,3,3,1,3,1,2,0.9311,1.2831
15,4,1,3,4,3,1,3,1,1,1.4078,1.7185
15,4,1,3,5,1,3,1,1,1,1.4506,1.8182
15,4,1,3,6,3,1,3,1,4,1.1211,1.569
15,4,1,3,7,1,3,1,1,1,1.7467,2.0691
15,4,1,3,8,3,1,1,0,2,1.5355,1.852
15,4,1,3,9,1,3,1,1,3,1.284,1.6018
15,4,1,3,10,3,1,3,1,2,1.5879,2.2442
15,4,1,3,11,3,1,3,1,3,1.4819,2.0741
15,4,1,3,12,1,3,1,1,2,1.3025,1.8142
15,4,1,3,13,3,1,3,1,2,1.3905,2.3183
15,4,1,3,14,3,1,3,1,3,1.1205,1.5843
15,4,1,3,15,3,1,1,0,1,1.281,1.697
15,4,1,3,16,3,1,3,1,2,1.4856,2.078
15,4,1,3,17,1,3,1,1,1,2.4905,3.0183
15,4,1,3,18,1,3,1,1,3,1.5199,2.0005
15,4,1,3,19,1,3,1,1,3,1.5037,1.8554
15,4,1,3,20,3,1,3,1,3,1.1091,1.5575
15,4,1,3,21,3,1,3,1,4,1.5595,2.0868
15,4,1,3,22,1,3,3,0,2,1.3476,2.4193
15,4,1,3,23,1,3,1,1,3,0.9136,1.2348
15,4,1,3,24,3,1,3,1,1,1.2324,1.5518
15,4,1,3,25,3,1,3,1,3,1.5535,2.002
15,4,1,3,26,3,1,3,1,1,1.5693,1.9693
15,4,1,3,27,3,1,3,1,4,1.4099,2.0178
15,4,1,3,28,3,1,3,1,2,1.601,2.401
15,4,1,3,29,3,1,3,1,1,1.8716,2.4636
15,4,1,3,30,3,1,3,1,1,2.2045,2.7486
15,4,1,3,31,1,3,1,1,3,0.8619,1.5816
15,4,1,3,32,3,1,3,1,2,1.4075,1.7435
15,4,1,3,33,3,1,3,1,3,0.8579,1.1681
15,4,1,3,34,1,3,1,1,4,0.9232,1.4989
15,4,1,3,35,1,3,1,1,3,1.5681,1.8881
15,4,2,1,1,4,,1,0,3,1.2752,1.6106
15,4,2,1,2,2,,2,1,3,1.195,1.5185
15,4,2,1,3,2,,2,1,4,0.7985,1.118
15,4,2,1,4,2,,2,1,3,0.7063,1.0177
15,4,2,1,5,2,,2,1,4,0.6329,0.951
15,4,2,1,6,3,,3,1,4,1.1237,1.6838
15,4,2,1,7,4,,3,0,4,0.7041,1.2798
15,4,2,1,8,1,,1,1,3,1.2616,1.6296
15,4,2,1,9,4,,3,0,1,1.6928,2.0022
15,4,2,1,10,1,,3,0,1,3.6924,4.1568
15,4,2,1,11,1,,1,1,3,1.3641,1.8916
15,4,2,1,12,4,,4,1,1,1.5274,1.8354
15,4,2,1,13,3,,3,1,4,1.1026,1.454
15,4,2,1,14,4,,4,1,1,1.7483,2.0691
15,4,2,1,15,1,,3,0,3,1.281,1.6171
15,4,2,1,16,1,,2,0,2,1.6959,2.0191
15,4,2,1,17,4,,4,1,1,1.2944,1.6186
15,4,2,1,18,3,,3,1,4,1.214,1.8219
15,4,2,1,19,3,,3,1,4,0.6934,1.018
15,4,2,1,20,2,,2,1,2,2.0932,2.621
15,4,2,1,21,2,,4,0,1,1.4593,1.7686
15,4,2,1,22,1,,4,0,1,2.3957,2.8758
15,4,2,1,23,1,,1,1,3,2.2155,2.7441
15,4,2,1,24,2,,4,0,1,1.337,1.6518
15,4,2,1,25,3,,3,1,3,1.2542,1.7023
15,4,2,1,26,3,,3,1,3,1.1544,1.5859
15,4,2,1,27,4,,1,0,2,1.5866,2.1947
15,4,2,1,28,2,,2,1,2,1.3385,1.9789
15,4,2,1,29,1,,1,1,2,1.5157,1.9796
15,4,2,1,30,4,,4,1,3,1.1162,1.435
15,4,2,1,31,1,,1,1,2,1.5385,2.1626
15,4,2,1,32,1,,4,0,1,2.0114,2.428
15,4,2,1,33,2,,2,1,4,1.4976,2.1056
15,4,2,1,34,2,,2,1,2,1.5092,2.0377
15,4,2,1,35,3,,1,0,1,1.8276,2.1526
15,4,3,2,1,2,1,2,1,3,1.6037,2.2113
15,4,3,2,2,4,2,4,1,4,1.3224,1.9309
15,4,3,2,3,2,3,2,1,3,0.9732,1.5498
15,4,3,2,4,3,4,4,0,1,2.4153,2.8477
15,4,3,2,5,1,2,2,0,3,1.4842,1.9967
15,4,3,2,6,3,4,1,0,1,2.0605,4.6845
15,4,3,2,7,3,2,2,0,4,1.5503,3.5026
15,4,3,2,8,1,2,2,0,4,2.3839,3.2968
15,4,3,2,9,4,1,4,1,1,2.3631,2.7472
15,4,3,2,10,1,4,4,0,2,1.8524,2.1881
15,4,3,2,11,4,2,2,0,2,1.2997,1.7798
15,4,3,2,12,2,4,2,1,3,0.9246,1.4205
15,4,3,2,13,2,3,2,1,4,0.7883,1.2044
15,4,3,2,14,2,3,2,1,2,1.4766,2.4363
15,4,3,2,15,1,3,1,1,2,2.3703,3.0421
15,4,3,2,16,1,2,1,1,4,1.079,1.975
15,4,3,2,17,1,3,1,1,4,2.4721,3.3036
15,4,3,2,18,2,1,2,1,4,1.1223,2.0181
15,4,3,2,19,1,3,3,0,3,1.6962,2.4327
15,4,3,2,20,1,3,4,0,1,4.1753,5.4231
15,4,3,2,21,2,3,2,1,3,1.4102,2.6422
15,4,3,2,22,4,1,4,1,2,2.4869,3.511
15,4,3,2,23,3,1,3,1,3,3.0012,4.2008
15,4,3,2,24,2,4,2,1,4,1.0389,1.4708
15,4,3,2,25,4,2,4,1,2,1.1567,1.6525
15,4,3,2,26,2,1,2,1,4,2.3697,2.7225
15,4,3,2,27,3,2,3,1,2,2.1481,2.5641
15,4,3,2,28,1,2,1,1,3,1.3413,2.2373
15,4,3,2,29,3,1,3,1,4,1.4108,1.9224
15,4,3,2,30,1,4,1,1,2,1.2856,1.862
15,4,3,2,31,4,3,4,1,2,1.4032,2.363
15,4,3,2,32,3,2,3,1,4,1.4684,1.7854
15,4,3,2,33,1,4,4,0,1,2.0678,2.4042
15,4,3,2,34,2,3,3,0,2,2.4193,3.1871
15,4,3,2,35,4,3,4,1,1,1.218,1.5351
15,5,1,2,1,3,4,3,1,3,1.4821,2.0898
15,5,1,2,2,4,2,4,1,1,2.1179,2.5661
15,5,1,2,3,4,3,3,0,2,2.6233,3.2471
15,5,1,2,4,4,2,2,0,3,1.2916,1.8037
15,5,1,2,5,1,2,1,1,4,1.2191,1.731
15,5,1,2,6,4,1,4,1,4,1.2623,1.6467
15,5,1,2,7,2,1,2,1,3,0.9887,1.9972
15,5,1,2,8,3,1,3,1,4,1.2614,1.8373
15,5,1,2,9,2,4,2,1,4,0.9477,1.2835
15,5,1,2,10,3,2,2,0,2,2.0164,2.8642
15,5,1,2,11,3,4,3,1,1,1.3726,2.0287
15,5,1,2,12,1,3,1,1,4,1.8032,2.8272
15,5,1,2,13,2,4,2,1,4,1.1131,1.6258
15,5,1,2,14,2,4,2,1,3,1.4646,2.0564
15,5,1,2,15,4,1,4,1,1,1.478,2.4224
15,5,1,2,16,1,2,1,1,2,3.8123,4.9166
15,5,1,2,17,4,1,4,1,2,1.1488,1.6928
15,5,1,2,18,1,2,1,1,4,1.1614,1.5293
15,5,1,2,19,2,4,2,1,3,2.7641,3.612
15,5,1,2,20,4,1,4,1,3,0.9861,1.6416
15,5,1,2,21,3,2,3,1,2,1.3367,2.4881
15,5,1,2,22,1,2,1,1,4,1.2039,1.6206
15,5,1,2,23,4,2,4,1,2,1.9238,2.5471
15,5,1,2,24,3,4,3,1,4,1.6929,2.4931
15,5,1,2,25,1,3,3,0,2,1.2082,2.1364
15,5,1,2,26,4,1,4,1,2,1.0745,2.5628
15,5,1,2,27,2,4,2,1,4,1.3395,1.8836
15,5,1,2,28,3,4,3,1,4,1.0877,1.8399
15,5,1,2,29,4,3,4,1,2,1.0778,1.8456
15,5,1,2,30,2,3,2,1,4,5.0201,7.2762
15,5,1,2,31,2,4,2,1,3,1.1546,1.7151
15,5,1,2,32,1,3,1,1,4,1.023,1.8872
15,5,1,2,33,4,2,4,1,1,2.0668,2.8507
15,5,1,2,34,3,1,3,1,2,1.7446,2.9761
15,5,1,2,35,1,3,1,1,1,1.7037,2.3115
15,5,2,1,1,3,,2,0,3,2.1449,2.6887
15,5,2,1,2,1,,4,0,1,2.2923,2.6029
15,5,2,1,3,3,,3,1,2,1.7063,2.1541
15,5,2,1,4,3,,2,0,2,1.6362,2.0517
15,5,2,1,5,3,,1,0,1,1.7458,2.1289
15,5,2,1,6,4,,4,1,1,1.148,1.4684
15,5,2,1,7,3,,2,0,3,1.4258,2.1936
15,5,2,1,8,3,,3,1,4,1.4812,1.8021
15,5,2,1,9,3,,3,1,4,1.0407,1.3516
15,5,2,1,10,2,,2,1,3,1.2105,1.7711
15,5,2,1,11,2,,2,1,2,1.252,1.7959
15,5,2,1,12,3,,3,1,4,1.6125,2.2209
15,5,2,1,13,3,,1,0,1,1.2667,1.5851
15,5,2,1,14,4,,4,1,2,1.4276,2.0519
15,5,2,1,15,3,,3,1,2,1.473,2.0813
15,5,2,1,16,2,,4,0,1,1.3896,2.206
15,5,2,1,17,4,,4,1,2,1.2049,2.1645
15,5,2,1,18,1,,1,1,4,1.1982,1.8705
15,5,2,1,19,2,,2,1,3,1.3148,1.9389
15,5,2,1,20,1,,4,0,2,1.6697,2.2776
15,5,2,1,21,3,,3,1,4,1.4178,2.154
15,5,2,1,22,1,,4,0,1,1.5228,1.8354
15,5,2,1,23,4,,2,0,2,1.289,1.7047
15,5,2,1,24,1,,1,1,2,1.1243,1.7802
15,5,2,1,25,2,,2,1,4,1.1172,1.7413
15,5,2,1,26,2,,2,1,3,0.9516,1.4804
15,5,2,1,27,1,,1,1,4,1.0214,1.3347
15,5,2,1,28,2,,2,1,3,0.8725,1.1847
15,5,2,1,29,1,,4,0,2,1.2561,2.4887
15,5,2,1,30,1,,2,0,1,1.9882,2.404
15,5,2,1,31,2,,2,1,3,1.0113,1.3351
15,5,2,1,32,2,,2,1,4,0.7979,1.118
15,5,2,1,33,3,,3,1,2,1.602,2.2421
15,5,2,1,34,1,,1,1,4,1.0959,1.4185
15,5,2,1,35,4,,4,1,1,1.0871,1.4227
15,5,3,3,1,2,3,2,1,2,1.2932,2.173
15,5,3,3,2,2,3,3,0,1,1.6218,1.9355
15,5,3,3,3,3,2,3,1,4,0.9361,1.2514
15,5,3,3,4,3,2,3,1,2,1.0945,1.5102
15,5,3,3,5,3,2,3,1,4,0.8905,1.242
15,5,3,3,6,3,2,3,1,3,0.6172,0.9855
15,5,3,3,7,3,2,3,1,4,0.6429,0.9511
15,5,3,3,8,2,3,2,1,3,1.2451,1.5684
15,5,3,3,9,3,2,3,1,4,1.2132,1.535
15,5,3,3,10,3,2,3,1,3,1.0247,1.6162
15,5,3,3,11,3,2,3,1,1,1.4072,1.7186
15,5,3,3,12,2,3,2,1,2,1.1622,1.7703
15,5,3,3,13,2,3,2,1,3,1.4758,1.7854
15,5,3,3,14,3,2,2,0,1,1.1316,1.4516
15,5,3,3,15,2,3,2,1,1,0.9778,1.3015
15,5,3,3,16,3,2,3,1,2,1.134,1.9666
15,5,3,3,17,2,3,2,1,2,1.1672,1.6466
15,5,3,3,18,3,2,3,1,3,1.4379,1.8855
15,5,3,3,19,2,3,2,1,1,1.4419,1.7519
15,5,3,3,20,3,2,3,1,4,1.1634,1.485
15,5,3,3,21,3,2,3,1,4,0.7684,1.0844
15,5,3,3,22,2,3,2,1,3,1.2373,1.6689
15,5,3,3,23,2,3,2,1,2,0.8348,1.1702
15,5,3,3,24,2,3,2,1,4,0.7406,1.0513
15,5,3,3,25,2,3,2,1,4,0.6351,0.9511
15,5,3,3,26,3,2,3,1,1,1.1415,1.4515
15,5,3,3,27,2,3,2,1,3,1.1155,1.6598
15,5,3,3,28,3,2,3,1,2,1.2256,2.0415
15,5,3,3,29,3,2,3,1,4,1.047,1.3683
15,5,3,3,30,3,2,3,1,2,0.6887,1.1684
15,5,3,3,31,3,2,3,1,3,0.7065,1.0177
15,5,3,3,32,3,2,2,0,1,1.1143,1.4351
15,5,3,3,33,3,2,2,0,2,1.4735,1.8247
15,5,3,3,34,3,2,3,1,4,0.9201,1.2347
15,5,3,3,35,3,2,3,1,4,0.5832,0.901
15,6,1,3,1,1,4,1,1,1,1.5262,1.8353
15,6,1,3,2,1,4,1,1,3,2.0442,3.1643
15,6,1,3,3,4,1,4,1,1,1.3089,1.6186
15,6,1,3,4,4,1,4,1,3,0.9714,1.2847
15,6,1,3,5,1,4,1,1,3,1.3683,2.2964
15,6,1,3,6,1,4,1,1,2,0.9239,1.7556
15,6,1,3,7,1,4,1,1,4,1.1734,1.6853
15,6,1,3,8,1,4,1,1,2,0.9298,1.3302
15,6,1,3,9,4,1,4,1,2,1.0221,1.6132
15,6,1,3,10,4,1,4,1,4,1.2612,1.5851
15,6,1,3,11,1,4,1,1,3,0.846,1.3421
15,6,1,3,12,1,4,1,1,3,1.1449,1.6252
15,6,1,3,13,4,1,4,1,2,1.4484,2.0722
15,6,1,3,14,4,1,4,1,2,1.1564,1.7807
15,6,1,3,15,1,4,1,1,3,1.2621,1.9813
15,6,1,3,16,4,1,4,1,2,1.567,2.5425
15,6,1,3,17,1,4,1,1,2,1.8472,2.3115
15,6,1,3,18,1,4,4,0,2,1.2905,1.8028
15,6,1,3,19,1,4,1,1,3,0.5306,1.1226
15,6,1,3,20,4,1,4,1,4,1.4457,1.8303
15,6,1,3,21,4,1,4,1,3,0.7494,1.4853
15,6,1,3,22,4,1,4,1,4,0.914,1.5055
15,6,1,3,23,4,1,4,1,2,1.3818,1.9098
15,6,1,3,24,1,4,1,1,2,1.7054,2.1377
15,6,1,3,25,4,1,4,1,3,1.0752,1.6033
15,6,1,3,26,4,1,4,1,3,1.043,1.6032
15,6,1,3,27,1,4,4,0,2,1.7146,2.1949
15,6,1,3,28,1,4,4,0,1,0.571,1.4992
15,6,1,3,29,1,4,1,1,3,0.5275,1.2475
15,6,1,3,30,4,1,4,1,2,2.5264,3.759
15,6,1,3,31,1,4,1,1,4,1.0304,1.6222
15,6,1,3,32,1,4,1,1,2,1.6212,2.501
15,6,1,3,33,1,4,1,1,2,1.4241,1.9199
15,6,1,3,34,1,4,1,1,3,1.1066,1.5712
15,6,1,3,35,4,1,4,1,3,1.1078,1.6846
15,6,2,2,1,3,4,4,0,2,1.2394,1.9436
15,6,2,2,2,3,1,4,0,1,2.9377,3.2535
15,6,2,2,3,3,2,4,0,3,1.2215,1.6852
15,6,2,2,4,1,4,4,0,1,2.8976,3.7458
15,6,2,2,5,1,3,1,1,3,1.0978,1.5295
15,6,2,2,6,2,1,2,1,4,1.1331,1.4528
15,6,2,2,7,4,1,1,0,2,3.0908,3.795
15,6,2,2,8,1,3,3,0,4,1.4815,2.3457
15,6,2,2,9,2,1,2,1,4,1.0347,1.419
15,6,2,2,10,2,1,2,1,4,1.0583,1.3681
15,6,2,2,11,2,1,2,1,4,1.0198,1.4522
15,6,2,2,12,4,3,3,0,4,2.4181,3.6182
15,6,2,2,13,3,1,3,1,4,1.0548,1.3682
15,6,2,2,14,3,2,3,1,2,1.8968,2.3928
15,6,2,2,15,4,3,3,0,1,1.6721,2.6005
15,6,2,2,16,4,2,2,0,3,1.7436,2.24
15,6,2,2,17,4,3,2,0,2,0.7254,1.0939
15,6,2,2,18,4,1,1,0,1,2.3626,2.7947
15,6,2,2,19,1,2,2,0,2,2.7139,3.322
15,6,2,2,20,1,2,2,0,4,1.4275,1.9708
15,6,2,2,21,1,3,3,0,2,1.0445,1.9876
15,6,2,2,22,2,4,2,1,4,0.9964,1.3182
15,6,2,2,23,3,1,3,1,4,1.5201,1.9193
15,6,2,2,24,4,3,3,0,2,1.7469,2.3064
15,6,2,2,25,3,4,3,1,4,1.3501,1.9578
15,6,2,2,26,2,1,2,1,2,0.9993,1.5271
15,6,2,2,27,4,1,4,1,4,1.3065,2.6026
15,6,2,2,28,3,2,3,1,2,1.4089,2.0655
15,6,2,2,29,4,2,4,1,2,1.3267,1.8867
15,6,2,2,30,3,4,3,1,2,1.0905,1.971
15,6,2,2,31,2,1,2,1,4,1.14,2.6595
15,6,2,2,32,3,4,3,1,2,1.2248,1.8965
15,6,2,2,33,1,3,3,0,3,1.2129,2.0444
15,6,2,2,34,3,2,3,1,2,1.627,2.3468
15,6,2,2,35,2,1,3,0,4,1.6444,2.2365
15,6,3,1,1,1,,1,1,2,1.3832,2.1034
15,6,3,1,2,3,,3,1,4,1.3785,1.7022
15,6,3,1,3,2,,2,1,3,0.9744,1.2849
15,6,3,1,4,3,,3,1,1,1.515,2.0113
15,6,3,1,5,2,,3,0,1,1.5949,2.8749
15,6,3,1,6,2,,2,1,2,0.8862,1.3665
15,6,3,1,7,2,,3,0,1,1.5361,2.3518
15,6,3,1,8,3,,3,1,3,1.2007,1.6494
15,6,3,1,9,1,,1,1,4,1.3596,1.983
15,6,3,1,10,4,,4,1,3,1.4881,2.3846
15,6,3,1,11,1,,3,0,2,1.9837,2.5763
15,6,3,1,12,3,,3,1,2,1.2724,1.7678
15,6,3,1,13,1,,1,1,3,1.2813,1.6334
15,6,3,1,14,1,,1,1,3,1.6477,2.304
15,6,3,1,15,3,,3,1,4,1.2347,1.7785
15,6,3,1,16,3,,3,1,4,0.9241,1.2347
15,6,3,1,17,2,,4,0,1,1.5617,2.3624
15,6,3,1,18,2,,2,1,3,2.0908,2.5552
15,6,3,1,19,2,,2,1,3,1.012,1.492
15,6,3,1,20,3,,4,0,1,1.3043,1.9123
15,6,3,1,21,2,,2,1,3,2.0438,2.7005
15,6,3,1,22,3,,3,1,2,1.3274,1.6793
15,6,3,1,23,3,,3,1,2,0.8448,1.325
15,6,3,1,24,1,,1,1,4,1.1285,1.4518
15,6,3,1,25,3,,3,1,4,1.038,1.4377
15,6,3,1,26,4,,4,1,1,1.396,1.9564
15,6,3,1,27,2,,2,1,2,1.0944,1.4775
15,6,3,1,28,1,,1,1,3,1.1313,1.5154
15,6,3,1,29,1,,4,0,1,1.3433,1.6634
15,6,3,1,30,1,,4,0,2,1.5015,1.9814
15,6,3,1,31,2,,2,1,3,1.4704,1.8057
15,6,3,1,32,4,,2,0,2,1.3335,1.8456
15,6,3,1,33,2,,2,1,4,0.956,1.3239
15,6,3,1,34,4,,2,0,2,2.1038,2.5038
15,6,3,1,35,4,,4,1,1,1.8421,2.1523
16,1,1,1,1,4,,2,0,2,1.3874,1.9478
16,1,1,1,2,3,,3,1,3,1.1019,1.4183
16,1,1,1,3,1,,3,0,1,1.7168,2.0357
16,1,1,1,4,3,,3,1,2,1.5554,2.4193
16,1,1,1,5,1,,2,0,3,1.0095,1.3617
16,1,1,1,6,3,,3,1,3,0.9401,1.3393
16,1,1,1,7,3,,3,1,2,1.2544,1.5685
16,1,1,1,8,3,,3,1,3,0.9677,1.2847
16,1,1,1,9,2,,2,1,4,0.9483,1.2687
16,1,1,1,10,2,,2,1,4,0.9772,1.3139
16,1,1,1,11,2,,2,1,4,0.8296,1.1516
16,1,1,1,12,1,,1,1,4,1.1844,1.5363
16,1,1,1,13,4,,4,1,3,1.3141,1.6355
16,1,1,1,14,2,,2,1,4,0.9447,1.2681
16,1,1,1,15,3,,3,1,3,0.974,1.438
16,1,1,1,16,4,,4,1,4,1.1403,1.7966
16,1,1,1,17,2,,2,1,4,0.9088,1.2448
16,1,1,1,18,2,,2,1,3,0.9715,1.2852
16,1,1,1,19,1,,3,0,1,2.3915,2.8077
16,1,1,1,20,2,,2,1,3,1.1427,1.4684
16,1,1,1,21,4,,4,1,3,1.2752,1.611
16,1,1,1,22,1,,2,0,1,0.891,2.3147
16,1,1,1,23,2,,2,1,4,0.9098,1.262
16,1,1,1,24,4,,1,0,1,1.5647,2.0449
16,1,1,1,25,1,,1,1,2,1.3382,2.0582
16,1,1,1,26,4,,4,1,4,1.0802,1.4022
16,1,1,1,27,2,,2,1,4,0.8801,1.2021
16,1,1,1,28,1,,1,1,3,1.2644,1.9523
16,1,1,1,29,4,,2,0,2,1.6011,2.1138
16,1,1,1,30,1,,4,0,1,1.2776,2.0935
16,1,1,1,31,3,,3,1,2,0.9856,1.6411
16,1,1,1,32,4,,4,1,1,1.72,2.168
16,1,1,1,33,2,,2,1,3,0.96,1.3435
16,1,1,1,34,1,,1,1,3,1.2433,2.3953
16,1,1,1,35,4,,3,0,2,1.5312,2.2192
16,1,2,2,1,3,2,3,1,4,1.1285,1.5442
16,1,2,2,2,3,1,3,1,4,1.4991,2.0425
16,1,2,2,3,2,1,2,1,4,1.0488,1.6572
16,1,2,2,4,2,1,2,1,4,1.0943,1.4469
16,1,2,2,5,4,3,4,1,2,1.4691,2.11
16,1,2,2,6,3,1,3,1,3,1.0653,1.5933
16,1,2,2,7,2,1,2,1,3,1.4493,2.0098
16,1,2,2,8,3,2,3,1,3,1.097,1.6573
16,1,2,2,9,1,3,1,1,2,1.6389,2.1188
16,1,2,2,10,3,4,3,1,3,1.5376,2.2733
16,1,2,2,11,2,1,2,1,3,1.3979,1.7979
16,1,2,2,12,4,1,4,1,1,2.0623,2.3861
16,1,2,2,13,3,1,3,1,3,1.4215,1.9821
16,1,2,2,14,3,2,2,0,2,1.9024,2.2193
16,1,2,2,15,2,1,2,1,3,1.0447,1.4927
16,1,2,2,16,1,2,1,1,3,1.4491,1.9289
16,1,2,2,17,4,1,4,1,2,2.3484,2.9241
16,1,2,2,18,4,2,2,0,2,1.3497,1.6685
16,1,2,2,19,3,2,3,1,3,1.2666,1.651
16,1,2,2,20,3,2,3,1,2,1.4725,1.9207
16,1,2,2,21,2,1,2,1,4,0.9476,1.2682
16,1,2,2,22,2,4,2,1,3,1.7613,2.113
16,1,2,2,23,4,1,4,1,3,1.1002,1.469
16,1,2,2,24,3,2,3,1,4,1.0103,1.4738
16,1,2,2,25,4,2,2,0,3,1.3036,1.9593
16,1,2,2,26,1,3,1,1,2,1.465,1.9453
16,1,2,2,27,1,4,4,0,2,2.9072,3.5794
16,1,2,2,28,3,1,3,1,2,1.2263,1.6423
16,1,2,2,29,3,2,3,1,3,1.1764,1.502
16,1,2,2,30,1,3,1,1,2,1.4687,1.8042
16,1,2,2,31,1,2,1,1,3,1.0754,1.4013
16,1,2,2,32,3,2,3,1,3,1.4832,1.8505
16,1,2,2,33,2,3,2,1,4,1.1366,1.4517
16,1,2,2,34,4,3,3,0,3,1.0789,1.4021
16,1,2,2,35,3,4,3,1,2,2.1742,2.5902
16,1,3,3,1,3,2,3,1,4,1.0989,2.2026
16,1,3,3,2,2,3,2,1,4,0.8497,1.4095
16,1,3,3,3,2,3,2,1,3,0.9547,1.3229
16,1,3,3,4,2,3,2,1,2,0.8219,1.1582
16,1,3,3,5,3,2,3,1,2,1.1603,1.6085
16,1,3,3,6,2,3,2,1,4,0.9843,1.3021
16,1,3,3,7,2,3,2,1,3,1.0273,1.3521
16,1,3,3,8,2,3,2,1,2,0.9742,1.6775
16,1,3,3,9,3,2,3,1,3,0.8912,1.8511
16,1,3,3,10,3,2,3,1,4,1.0571,1.3681
16,1,3,3,11,2,3,2,1,3,0.9852,1.402
16,1,3,3,12,2,3,2,1,4,0.8655,1.1847
16,1,3,3,13,2,3,2,1,4,0.786,1.1016
16,1,3,3,14,3,2,3,1,3,0.8861,1.5903
16,1,3,3,15,3,2,3,1,3,0.855,1.1685
16,1,3,3,16,3,2,3,1,2,1.0166,1.4967
16,1,3,3,17,2,3,2,1,4,0.8295,1.1525
16,1,3,3,18,3,2,3,1,4,0.9276,1.252
16,1,3,3,19,3,2,3,1,3,1.2779,2.0464
16,1,3,3,20,3,2,3,1,4,1.1645,1.4852
16,1,3,3,21,2,3,2,1,4,0.7526,1.2171
16,1,3,3,22,3,2,3,1,3,0.7683,1.0843
16,1,3,3,23,2,3,2,1,3,1.0286,1.7169
16,1,3,3,24,2,3,2,1,3,1.2157,1.5355
16,1,3,3,25,3,2,3,1,2,1.0099,1.3354
16,1,3,3,26,2,3,2,1,2,0.8764,1.2016
16,1,3,3,27,3,2,3,1,4,0.7976,1.118
16,1,3,3,28,3,2,3,1,2,1.1689,1.7127
16,1,3,3,29,2,3,2,1,4,0.7964,1.1185
16,1,3,3,30,3,2,3,1,4,0.7847,1.2959
16,1,3,3,31,3,2,3,1,3,1.1011,1.4183
16,1,3,3,32,3,2,2,0,1,1.3162,1.8287
16,1,3,3,33,2,3,2,1,4,0.8918,1.3238
16,1,3,3,34,3,2,3,1,3,1.0795,1.4949
16,1,3,3,35,2,3,2,1,4,0.9403,1.2515
16,2,1,1,1,1,,1,1,2,1.3977,2.1332
16,2,1,1,2,1,,2,0,2,1.4879,1.8404
16,2,1,1,3,4,,2,0,2,1.687,2.0028
16,2,1,1,4,2,,2,1,3,1.0464,1.3683
16,2,1,1,5,2,,2,1,4,0.8475,1.1681
16,2,1,1,6,4,,4,1,2,0.9451,1.6976
16,2,1,1,7,2,,2,1,3,1.2779,1.7093
16,2,1,1,8,3,,3,1,3,1.1612,1.7536
16,2,1,1,9,2,,2,1,3,0.9154,1.4589
16,2,1,1,10,3,,3,1,2,1.1297,1.7214
16,2,1,1,11,3,,3,1,4,0.8688,1.2206
16,2,1,1,12,3,,3,1,4,1.1564,1.4688
16,2,1,1,13,4,,2,0,2,1.2568,1.8329
16,2,1,1,14,4,,2,0,2,1.1355,1.4521
16,2,1,1,15,2,,2,1,4,0.8534,1.1685
16,2,1,1,16,2,,2,1,4,0.5838,1.0794
16,2,1,1,17,4,,4,1,1,1.8216,2.1358
16,2,1,1,18,2,,2,1,2,1.3352,1.6551
16,2,1,1,19,2,,3,0,3,0.9815,1.3652
16,2,1,1,20,1,,3,0,1,1.4712,1.9192
16,2,1,1,21,3,,3,1,4,0.8663,1.1862
16,2,1,1,22,4,,2,0,3,1.3154,1.6358
16,2,1,1,23,3,,3,1,3,1.1535,1.5218
16,2,1,1,24,4,,4,1,2,2.0211,2.6926
16,2,1,1,25,2,,2,1,4,1.1443,1.4684
16,2,1,1,26,2,,2,1,3,0.9893,1.3014
16,2,1,1,27,3,,3,1,4,0.9058,1.386
16,2,1,1,28,2,,2,1,3,0.931,1.2516
16,2,1,1,29,1,,2,0,3,0.8169,1.1346
16,2,1,1,30,3,,3,1,4,1.0922,1.4284
16,2,1,1,31,1,,1,1,2,1.3557,2.0598
16,2,1,1,32,2,,2,1,3,1.0965,1.8973
16,2,1,1,33,1,,3,0,2,2.5734,3.2295
16,2,1,1,34,1,,1,1,2,1.4666,2.1382
16,2,1,1,35,3,,3,1,4,0.9325,1.2516
16,2,2,3,1,2,4,2,1,4,1.0975,2.3135
16,2,2,3,2,4,2,2,0,2,1.6289,1.9647
16,2,2,3,3,4,2,4,1,3,1.1822,1.6141
16,2,2,3,4,2,4,2,1,4,1.0383,1.3515
16,2,2,3,5,4,2,4,1,3,1.128,1.4522
16,2,2,3,6,4,2,4,1,4,1.1345,1.6944
16,2,2,3,7,4,2,4,1,1,1.4344,1.7551
16,2,2,3,8,4,2,4,1,1,1.4928,1.829
16,2,2,3,9,2,4,2,1,3,1.0515,1.3681
16,2,2,3,10,2,4,2,1,3,0.9492,1.2682
16,2,2,3,11,2,4,2,1,3,1.1065,1.4425
16,2,2,3,12,4,2,4,1,3,1.1298,1.6091
16,2,2,3,13,2,4,2,1,4,1.0015,1.3183
16,2,2,3,14,4,2,4,1,2,1.1565,1.605
16,2,2,3,15,4,2,4,1,2,1.2048,1.5185
16,2,2,3,16,4,2,4,1,2,1.336,1.656
16,2,2,3,17,4,2,2,0,1,1.3659,1.6857
16,2,2,3,18,2,4,2,1,4,0.8342,1.1518
16,2,2,3,19,2,4,2,1,3,0.9488,1.2681
16,2,2,3,20,4,2,2,0,2,1.1693,1.6496
16,2,2,3,21,2,4,2,1,3,1.0079,1.3924
16,2,2,3,22,2,4,2,1,4,0.7933,1.1012
16,2,2,3,23,4,2,4,1,2,1.1328,1.5012
16,2,2,3,24,4,2,2,0,2,2.001,2.5456
16,2,2,3,25,4,2,4,1,3,1.2264,1.5948
16,2,2,3,26,2,4,2,1,4,1.0675,1.5798
16,2,2,3,27,4,2,2,0,2,1.4524,1.7686
16,2,2,3,28,2,4,2,1,3,0.8541,1.2054
16,2,2,3,29,4,2,4,1,3,1.0937,1.5581
16,2,2,3,30,4,2,4,1,4,1.2717,1.5852
16,2,2,3,31,2,4,2,1,4,1.0159,1.5438
16,2,2,3,32,2,4,2,1,4,0.8429,1.1682
16,2,2,3,33,4,2,2,0,3,0.9394,1.6272
16,2,2,3,34,4,2,4,1,2,1.7226,2.0748
16,2,2,3,35,4,2,4,1,1,1.4795,1.9432
16,2,3,2,1,1,2,2,0,3,1.5365,2.4647
16,2,3,2,2,1,4,1,1,4,1.7097,2.3657
16,2,3,2,3,3,4,3,1,3,1.2308,1.8708
16,2,3,2,4,4,2,2,0,3,1.1398,1.6349
16,2,3,2,5,2,3,2,1,4,1.0735,1.3849
16,2,3,2,6,3,2,3,1,2,0.9387,1.6746
16,2,3,2,7,1,4,1,1,1,1.9276,2.2527
16,2,3,2,8,2,4,2,1,3,1.1653,1.549
16,2,3,2,9,1,3,1,1,4,1.0395,1.5031
16,2,3,2,10,2,4,2,1,4,0.9796,1.3015
16,2,3,2,11,4,3,4,1,4,1.28,1.6022
16,2,3,2,12,1,3,3,0,1,1.6798,2.176
16,2,3,2,13,3,4,3,1,1,1.4641,2.2001
16,2,3,2,14,1,3,1,1,3,1.9525,2.3845
16,2,3,2,15,4,1,1,0,1,2.4956,3.1039
16,2,3,2,16,1,2,1,1,3,1.5221,1.8582
16,2,3,2,17,2,4,2,1,3,1.3201,2.0715
16,2,3,2,18,4,2,4,1,4,1.0922,1.4016
16,2,3,2,19,4,3,3,0,3,1.1477,1.4834
16,2,3,2,20,2,4,2,1,4,1.105,1.4183
16,2,3,2,21,3,2,3,1,4,0.9196,1.2346
16,2,3,2,22,2,3,2,1,4,0.9499,1.2681
16,2,3,2,23,3,4,3,1,1,1.5718,1.8854
16,2,3,2,24,1,2,1,1,2,1.2884,1.9278
16,2,3,2,25,3,4,3,1,4,1.1151,1.7869
16,2,3,2,26,2,1,2,1,3,1.363,2.0189
16,2,3,2,27,4,3,4,1,3,1.4743,1.8424
16,2,3,2,28,1,4,1,1,2,1.7687,2.8561
16,2,3,2,29,3,2,3,1,4,1.125,1.5891
16,2,3,2,30,4,1,4,1,1,2.0534,3.1735
16,2,3,2,31,4,2,2,0,3,1.1574,1.5415
16,2,3,2,32,4,1,1,0,1,2.0233,2.3359
16,2,3,2,33,4,2,4,1,4,1.2735,1.5857
16,2,3,2,34,4,3,4,1,1,2.0741,2.3859
16,2,3,2,35,3,2,3,1,3,1.5768,1.9022
16,3,1,2,1,4,3,4,1,3,1.3312,1.7632
16,3,1,2,2,2,1,3,0,4,1.037,1.3515
16,3,1,2,3,3,1,3,1,3,1.0151,1.7513
16,3,1,2,4,2,1,2,1,4,0.9767,1.3016
16,3,1,2,5,3,4,4,0,2,1.9653,2.3967
16,3,1,2,6,1,4,1,1,2,1.2448,1.917
16,3,1,2,7,2,1,2,1,4,1.024,1.5193
16,3,1,2,8,4,2,2,0,1,2.3231,2.7868
16,3,1,2,9,4,3,3,0,3,1.5378,1.9861
16,3,1,2,10,1,2,1,1,4,1.1378,1.4579
16,3,1,2,11,1,3,3,0,2,1.9756,2.488
16,3,1,2,12,3,4,4,0,3,1.2515,1.6518
16,3,1,2,13,4,3,3,0,1,1.6817,2.0023
16,3,1,2,14,4,3,4,1,3,2.513,2.9925
16,3,1,2,15,2,3,3,0,1,1.6076,2.2318
16,3,1,2,16,1,3,1,1,2,1.2787,2.0626
16,3,1,2,17,3,1,3,1,2,1.9482,2.7956
16,3,1,2,18,2,3,2,1,3,1.2433,1.8027
16,3,1,2,19,1,4,4,0,1,2.163,2.691
16,3,1,2,20,1,2,2,0,2,1.334,1.8302
16,3,1,2,21,3,4,3,1,3,1.1491,1.5493
16,3,1,2,22,1,3,1,1,4,1.0718,1.5517
16,3,1,2,23,3,4,3,1,4,1.1056,1.5375
16,3,1,2,24,3,4,3,1,4,1.0602,1.4766
16,3,1,2,25,1,4,1,1,4,1.2571,1.6736
16,3,1,2,26,1,4,1,1,3,1.2069,1.5184
16,3,1,2,27,2,4,2,1,3,1.0178,1.3348
16,3,1,2,28,3,1,3,1,4,0.9809,1.3015
16,3,1,2,29,4,3,4,1,4,1.5527,1.937
16,3,1,2,30,3,1,3,1,3,1.3956,1.8756
16,3,1,2,31,1,2,1,1,4,1.0798,1.4017
16,3,1,2,32,3,4,3,1,4,0.9444,1.2683
16,3,1,2,33,2,3,2,1,4,0.8934,1.2181
16,3,1,2,34,2,3,2,1,3,1.0209,1.5329
16,3,1,2,35,4,3,3,0,2,1.1999,1.9039
16,3,2,1,1,1,,2,0,3,0.9852,1.529
16,3,2,1,2,3,,3,1,4,0.9886,1.3014
16,3,2,1,3,1,,1,1,3,1.0971,1.4184
16,3,2,1,4,3,,3,1,3,1.0403,1.568
16,3,2,1,5,3,,3,1,1,1.3617,1.9536
16,3,2,1,6,1,,3,0,1,2.1951,2.9309
16,3,2,1,7,4,,4,1,2,1.5485,2.1087
16,3,2,1,8,4,,4,1,2,2.3121,2.7758
16,3,2,1,9,2,,2,1,4,0.8722,1.1846
16,3,2,1,10,4,,2,0,1,2.9205,3.2885
16,3,2,1,11,3,,3,1,3,0.8994,1.3478
16,3,2,1,12,1,,1,1,2,1.1342,1.7427
16,3,2,1,13,1,,1,1,2,1.209,1.5353
16,3,2,1,14,2,,2,1,4,0.8917,1.2014
16,3,2,1,15,1,,1,1,2,1.0354,1.5161
16,3,2,1,16,1,,1,1,2,2.2878,2.6078
16,3,2,1,17,3,,3,1,3,1.223,1.6709
16,3,2,1,18,4,,4,1,3,1.2358,1.5518
16,3,2,1,19,1,,1,1,3,1.2058,1.5184
16,3,2,1,20,2,,2,1,4,0.8409,1.1513
16,3,2,1,21,3,,3,1,4,0.9074,1.2181
16,3,2,1,22,3,,3,1,4,1.0029,1.3187
16,3,2,1,23,2,,2,1,4,0.8709,1.1847
16,3,2,1,24,2,,2,1,4,1.0639,1.3849
16,3,2,1,25,3,,3,1,3,1.2804,1.6018
16,3,2,1,26,1,,1,1,3,1.1364,1.4516
16,3,2,1,27,4,,4,1,1,2.0061,2.3262
16,3,2,1,28,4,,1,0,1,1.897,2.2191
16,3,2,1,29,3,,2,0,1,0.9111,2.3834
16,3,2,1,30,3,,3,1,3,0.8802,1.2014
16,3,2,1,31,4,,4,1,3,1.2005,1.5185
16,3,2,1,32,3,,1,0,2,1.6994,2.0188
16,3,2,1,33,2,,2,1,4,0.9144,1.2348
16,3,2,1,34,4,,2,0,3,0.9294,1.2513
16,3,2,1,35,1,,1,1,4,0.8311,1.1513
16,3,3,3,1,4,3,4,1,4,1.1125,1.8323
16,3,3,3,2,3,4,3,1,4,0.9918,1.3279
16,3,3,3,3,3,4,3,1,3,1.3067,1.6185
16,3,3,3,4,3,4,3,1,4,1.1784,1.5017
16,3,3,3,5,3,4,3,1,4,0.7811,1.1012
16,3,3,3,6,4,3,4,1,3,1.1059,1.5055
16,3,3,3,7,4,3,4,1,3,0.9983,1.3502
16,3,3,3,8,4,3,4,1,3,1.328,1.652
16,3,3,3,9,4,3,4,1,2,1.7568,2.0689
16,3,3,3,10,3,4,4,0,1,1.0819,2.2816
16,3,3,3,11,3,4,3,1,4,0.9743,1.2848
16,3,3,3,12,4,3,4,1,2,1.1152,1.5635
16,3,3,3,13,4,3,3,0,2,1.6135,1.9357
16,3,3,3,14,3,4,3,1,2,1.3592,1.8394
16,3,3,3,15,4,3,4,1,4,1.2215,1.5421
16,3,3,3,16,3,4,3,1,4,1.0808,1.4162
16,3,3,3,17,3,4,3,1,3,0.8642,1.1849
16,3,3,3,18,3,4,3,1,3,1.5212,1.9694
16,3,3,3,19,4,3,4,1,3,1.0253,1.3347
16,3,3,3,20,4,3,4,1,2,1.4202,1.8205
16,3,3,3,21,4,3,4,1,1,2.7393,3.0534
16,3,3,3,22,4,3,4,1,4,0.9682,1.3193
16,3,3,3,23,3,4,3,1,4,0.8994,1.2181
16,3,3,3,24,3,4,3,1,4,0.8511,1.9551
16,3,3,3,25,4,3,4,1,3,0.8528,1.168
16,3,3,3,26,3,4,3,1,3,1.206,1.5183
16,3,3,3,27,3,4,3,1,4,1.2088,1.5182
16,3,3,3,28,3,4,3,1,2,1.6123,2.4279
16,3,3,3,29,3,4,3,1,4,0.9228,1.2746
16,3,3,3,30,4,3,4,1,3,1.1922,1.5016
16,3,3,3,31,4,3,3,0,2,1.4203,1.9483
16,3,3,3,32,4,3,4,1,3,0.9901,1.3266
16,3,3,3,33,3,4,3,1,4,0.9863,1.3056
16,3,3,3,34,3,4,3,1,3,2.2139,2.5362
16,3,3,3,35,4,3,4,1,4,0.7678,1.0845
16,4,1,3,1,2,1,2,1,4,1.1349,1.999
16,4,1,3,2,2,1,2,1,4,0.8152,1.3271
16,4,1,3,3,2,1,2,1,3,0.7947,1.1181
16,4,1,3,4,2,1,2,1,4,0.9267,1.2347
16,4,1,3,5,2,1,2,1,4,0.8442,1.212
16,4,1,3,6,2,1,2,1,3,0.8291,1.1809
16,4,1,3,7,2,1,2,1,4,0.7831,1.1014
16,4,1,3,8,1,2,2,0,2,0.9465,1.3632
16,4,1,3,9,1,2,2,0,2,1.7575,2.069
16,4,1,3,10,1,2,1,1,4,0.8103,1.178
16,4,1,3,11,1,2,2,0,1,1.4194,1.7353
16,4,1,3,12,2,1,2,1,4,0.8859,1.2013
16,4,1,3,13,2,1,2,1,3,1.2707,1.622
16,4,1,3,14,2,1,2,1,3,0.7738,1.2376
16,4,1,3,15,2,1,2,1,1,1.2688,1.6367
16,4,1,3,16,1,2,3,0,4,0.915,1.2672
16,4,1,3,17,1,2,1,1,3,2.5926,3.9043
16,4,1,3,18,2,1,2,1,4,1.0261,1.3783
16,4,1,3,19,2,1,2,1,4,1.2426,1.5693
16,4,1,3,20,1,2,1,1,2,0.844,1.564
16,4,1,3,21,1,2,1,1,4,0.9424,1.3104
16,4,1,3,22,1,2,1,1,3,0.6986,1.0338
16,4,1,3,23,2,1,2,1,3,1.0899,1.489
16,4,1,3,24,2,1,2,1,4,0.7897,1.1013
16,4,1,3,25,2,1,2,1,4,1.1146,1.4349
16,4,1,3,26,2,1,2,1,2,1.2334,1.5857
16,4,1,3,27,2,1,2,1,4,0.7859,1.1061
16,4,1,3,28,2,1,2,1,4,0.8384,1.1512
16,4,1,3,29,2,1,2,1,2,1.0489,1.3683
16,4,1,3,30,2,1,2,1,1,0.7539,1.3299
16,4,1,3,31,1,2,1,1,4,0.7821,1.1182
16,4,1,3,32,2,1,2,1,3,0.8014,1.3291
16,4,1,3,33,1,2,1,1,4,0.8291,1.1514
16,4,1,3,34,2,1,2,1,4,0.8476,1.1681
16,4,1,3,35,1,2,1,1,3,0.6728,0.9931
16,4,2,1,1,2,,2,1,2,0.9593,1.8234
16,4,2,1,2,4,,4,1,3,1.0145,1.3349
16,4,2,1,3,1,,1,1,4,1.0089,1.3932
16,4,2,1,4,3,,3,1,2,1.0494,1.4013
16,4,2,1,5,1,,3,0,1,2.1302,2.4528
16,4,2,1,6,1,,1,1,4,1.1185,1.435
16,4,2,1,7,4,,3,0,2,1.317,1.6349
16,4,2,1,8,4,,2,0,3,1.0276,1.4116
16,4,2,1,9,2,,2,1,3,0.8439,1.1682
16,4,2,1,10,2,,2,1,4,0.797,1.118
16,4,2,1,11,1,,2,0,1,1.9048,2.2413
16,4,2,1,12,2,,2,1,4,0.9186,1.2348
16,4,2,1,13,2,,2,1,2,1.046,1.5578
16,4,2,1,14,1,,1,1,3,1.64,2.0555
16,4,2,1,15,2,,2,1,3,0.8369,1.1734
16,4,2,1,16,3,,3,1,4,0.9507,1.2682
16,4,2,1,17,3,,3,1,2,1.6847,2.1643
16,4,2,1,18,2,,2,1,4,0.782,1.1013
16,4,2,1,19,3,,2,0,2,1.7457,2.0695
16,4,2,1,20,4,,4,1,3,1.151,1.679
16,4,2,1,21,2,,2,1,3,0.9403,1.2924
16,4,2,1,22,1,,1,1,2,1.4968,1.9285
16,4,2,1,23,4,,4,1,2,1.2439,1.5687
16,4,2,1,24,3,,3,1,2,2.4289,2.8448
16,4,2,1,25,4,,4,1,1,2.6018,3.0338
16,4,2,1,26,3,,3,1,2,1.3442,1.6801
16,4,2,1,27,1,,2,0,3,1.3887,1.7019
16,4,2,1,28,3,,3,1,2,0.9526,1.5284
16,4,2,1,29,4,,1,0,2,1.7884,2.1022
16,4,2,1,30,4,,2,0,2,1.0633,1.4475
16,4,2,1,31,3,,3,1,3,0.9098,1.2346
16,4,2,1,32,3,,2,0,3,2.1572,2.5892
16,4,2,1,33,4,,1,0,4,1.3803,1.7021
16,4,2,1,34,2,,2,1,4,0.8968,1.2181
16,4,2,1,35,2,,4,0,2,1.44,1.824
16,4,3,2,1,2,3,2,1,1,1.4364,1.9798
16,4,3,2,2,2,1,2,1,3,0.909,1.6135
16,4,3,2,3,4,3,4,1,3,1.3249,1.9655
16,4,3,2,4,3,1,3,1,3,1.1028,2.0142
16,4,3,2,5,4,3,4,1,1,2.0781,2.4027
16,4,3,2,6,4,2,4,1,3,1.9332,2.2692
16,4,3,2,7,3,1,3,1,2,1.009,1.3609
16,4,3,2,8,1,3,1,1,4,0.955,1.2681
16,4,3,2,9,3,2,4,0,4,1.0477,2.6001
16,4,3,2,10,4,3,4,1,3,1.6629,1.9855
16,4,3,2,11,3,4,3,1,3,1.3755,1.8238
16,4,3,2,12,1,2,2,0,2,1.1587,1.7342
16,4,3,2,13,1,3,1,1,3,1.2169,1.7125
16,4,3,2,14,3,2,2,0,1,1.1003,1.5647
16,4,3,2,15,3,2,3,1,3,0.9265,1.2622
16,4,3,2,16,4,2,2,0,2,1.0052,1.517
16,4,3,2,17,2,3,2,1,3,0.8962,1.2639
16,4,3,2,18,1,4,4,0,3,1.0867,1.5341
16,4,3,2,19,4,3,4,1,2,3.2974,3.9853
16,4,3,2,20,1,4,1,1,4,1.2958,1.7918
16,4,3,2,21,4,2,4,1,2,1.4645,2.1999
16,4,3,2,22,4,1,4,1,3,2.368,3.0883
16,4,3,2,23,2,1,2,1,3,0.9149,1.6186
16,4,3,2,24,3,1,3,1,4,1.3464,1.7146
16,4,3,2,25,3,4,3,1,2,2.2543,3.4702
16,4,3,2,26,2,1,2,1,3,1.0091,1.6013
16,4,3,2,27,4,3,4,1,2,2.0333,2.6249
16,4,3,2,28,1,4,1,1,4,1.0154,1.3509
16,4,3,2,29,4,2,4,1,4,1.2172,1.6178
16,4,3,2,30,1,2,1,1,3,1.4243,1.8409
16,4,3,2,31,2,4,2,1,4,0.8872,1.2548
16,4,3,2,32,3,1,3,1,1,3.0612,3.4294
16,4,3,2,33,4,2,4,1,1,1.2903,1.6103
16,4,3,2,34,2,3,2,1,2,0.9705,1.434
16,4,3,2,35,1,4,1,1,2,2.1612,2.9451
16,5,1,2,1,1,4,1,1,3,1.3159,1.7321
16,5,1,2,2,1,4,1,1,3,1.2949,1.6186
16,5,1,2,3,4,2,2,0,3,1.0702,1.3849
16,5,1,2,4,3,1,1,0,1,2.4393,2.7531
16,5,1,2,5,1,4,1,1,3,1.2398,1.5918
16,5,1,2,6,4,1,4,1,3,0.984,1.3205
16,5,1,2,7,4,2,4,1,2,3.0912,3.4746
16,5,1,2,8,2,4,2,1,2,0.9664,1.5104
16,5,1,2,9,3,1,3,1,3,1.85,2.6344
16,5,1,2,10,3,1,3,1,3,1.5513,2.0631
16,5,1,2,11,4,3,4,1,1,2.8126,3.5646
16,5,1,2,12,1,3,3,0,1,0.973,2.205
16,5,1,2,13,1,4,1,1,4,1.3643,1.6852
16,5,1,2,14,2,3,2,1,4,0.9285,1.2515
16,5,1,2,15,3,2,3,1,4,1.2463,1.5682
16,5,1,2,16,4,3,3,0,2,1.3603,1.8557
16,5,1,2,17,1,4,1,1,4,1.0613,1.3851
16,5,1,2,18,4,3,4,1,4,1.1667,1.485
16,5,1,2,19,3,4,3,1,2,1.5861,2.0824
16,5,1,2,20,1,3,1,1,3,1.4547,1.7687
16,5,1,2,21,4,3,4,1,2,1.6402,2.264
16,5,1,2,22,1,4,1,1,3,1.1971,1.5816
16,5,1,2,23,1,2,1,1,1,2.0786,2.4142
16,5,1,2,24,4,1,4,1,3,2.6055,3.0053
16,5,1,2,25,2,4,2,1,3,1.0118,1.364
16,5,1,2,26,3,1,3,1,3,2.0455,2.4301
16,5,1,2,27,2,4,2,1,4,0.8608,1.1848
16,5,1,2,28,3,2,3,1,2,1.2295,2.5898
16,5,1,2,29,4,2,4,1,1,2.4528,2.8688
16,5,1,2,30,2,4,2,1,4,0.8166,1.1346
16,5,1,2,31,4,2,4,1,2,1.4272,1.8265
16,5,1,2,32,2,1,2,1,4,0.7944,1.1779
16,5,1,2,33,3,4,3,1,4,0.9395,1.2514
16,5,1,2,34,2,1,2,1,4,1.082,1.4017
16,5,1,2,35,2,4,2,1,4,0.8498,1.168
16,5,2,3,1,3,1,3,1,4,1.1146,1.4347
16,5,2,3,2,3,1,3,1,4,0.8171,1.1346
16,5,2,3,3,1,3,1,1,2,1.3489,1.7964
16,5,2,3,4,1,3,1,1,3,1.0852,1.6766
16,5,2,3,5,1,3,1,1,4,0.9538,1.2681
16,5,2,3,6,3,1,3,1,4,0.9992,1.3178
16,5,2,3,7,1,3,1,1,3,0.9473,1.6033
16,5,2,3,8,3,1,3,1,2,1.0266,1.5386
16,5,2,3,9,1,3,1,1,3,1.11,1.4351
16,5,2,3,10,3,1,3,1,4,0.9406,1.2514
16,5,2,3,11,3,1,3,1,4,0.7615,1.0846
16,5,2,3,12,1,3,1,1,3,0.7829,1.1826
16,5,2,3,13,3,1,3,1,4,1.0399,1.3516
16,5,2,3,14,1,3,1,1,3,1.3704,1.6898
16,5,2,3,15,1,3,1,1,4,0.8067,1.1178
16,5,2,3,16,1,3,1,1,3,1.1143,1.5306
16,5,2,3,17,3,1,3,1,1,2.1576,2.6378
16,5,2,3,18,3,1,3,1,2,1.7469,2.0992
16,5,2,3,19,1,3,1,1,2,0.9112,1.4553
16,5,2,3,20,1,3,1,1,1,1.6213,1.9354
16,5,2,3,21,1,3,1,1,2,0.824,1.2553
16,5,2,3,22,3,1,1,0,1,2.5339,2.8533
16,5,2,3,23,1,3,1,1,2,1.218,1.5382
16,5,2,3,24,3,1,3,1,3,1.1252,1.435
16,5,2,3,25,3,1,3,1,4,0.8275,1.1514
16,5,2,3,26,1,3,1,1,4,1.1344,1.4515
16,5,2,3,27,1,3,1,1,3,0.9002,1.2179
16,5,2,3,28,1,3,1,1,3,0.8041,1.1179
16,5,2,3,29,1,3,1,1,3,0.8225,1.1345
16,5,2,3,30,1,3,1,1,2,1.1139,1.435
16,5,2,3,31,1,3,1,1,1,1.6642,2.401
16,5,2,3,32,1,3,1,1,3,1.2794,1.6019
16,5,2,3,33,1,3,1,1,3,1.1512,1.4873
16,5,2,3,34,3,1,3,1,3,0.9003,1.2181
16,5,2,3,35,3,1,3,1,3,0.8035,1.118
16,5,3,1,1,2,,2,1,2,1.0702,1.9662
16,5,3,1,2,2,,2,1,4,0.7682,1.0847
16,5,3,1,3,2,,2,1,3,1.1248,1.4349
16,5,3,1,4,2,,2,1,3,0.8442,1.1681
16,5,3,1,5,3,,3,1,4,1.0219,1.5978
16,5,3,1,6,3,,3,1,3,1.1504,1.5823
16,5,3,1,7,2,,2,1,4,0.8472,1.168
16,5,3,1,8,1,,1,1,2,0.9934,1.3933
16,5,3,1,9,1,,2,0,2,1.9297,2.3141
16,5,3,1,10,3,,3,1,4,1.0369,1.4046
16,5,3,1,11,1,,1,1,2,1.8615,2.4214
16,5,3,1,12,3,,3,1,3,1.0594,1.4755
16,5,3,1,13,3,,4,0,1,1.9927,2.3194
16,5,3,1,14,1,,1,1,4,1.259,1.5853
16,5,3,1,15,2,,2,1,3,0.9081,1.2758
16,5,3,1,16,4,,4,1,2,1.6253,1.9522
16,5,3,1,17,3,,3,1,3,0.9865,1.3014
16,5,3,1,18,3,,3,1,3,0.8234,1.1347
16,5,3,1,19,3,,3,1,3,0.7942,1.1182
16,5,3,1,20,1,,1,1,3,1.6939,2.0192
16,5,3,1,21,2,,2,1,2,0.8444,1.1681
16,5,3,1,22,3,,4,0,1,1.534,1.8547
16,5,3,1,23,1,,1,1,3,1.0439,1.412
16,5,3,1,24,3,,3,1,4,0.9237,1.2603
16,5,3,1,25,2,,2,1,2,0.8903,1.2263
16,5,3,1,26,3,,3,1,4,0.9383,1.3221
16,5,3,1,27,2,,2,1,4,1.1737,1.5893
16,5,3,1,28,3,,3,1,3,0.7904,1.1013
16,5,3,1,29,4,,2,0,3,0.8743,1.1847
16,5,3,1,30,4,,4,1,2,1.3879,1.7018
16,5,3,1,31,2,,2,1,4,0.823,1.1346
16,5,3,1,32,2,,2,1,3,0.7785,1.1302
16,5,3,1,33,3,,2,0,2,1.1499,1.7902
16,5,3,1,34,1,,4,0,2,1.5908,1.9107
16,5,3,1,35,3,,2,0,1,1.5299,1.8521
16,6,1,3,1,4,1,4,1,3,0.965,1.2846
16,6,1,3,2,1,4,1,1,2,0.8976,1.2498
16,6,1,3,3,1,4,1,1,2,1.2788,1.6148
16,6,1,3,4,4,1,1,0,4,0.7189,1.1032
16,6,1,3,5,4,1,4,1,3,0.8358,1.2193
16,6,1,3,6,4,1,4,1,4,1.0431,1.3684
16,6,1,3,7,1,4,2,0,2,0.8766,2.1242
16,6,1,3,8,4,1,4,1,2,0.9828,1.3033
16,6,1,3,9,4,1,4,1,2,0.8839,1.2032
16,6,1,3,10,1,4,1,1,2,0.8839,1.2514
16,6,1,3,11,4,1,4,1,2,0.8503,1.1679
16,6,1,3,12,4,1,4,1,4,0.8994,1.218
16,6,1,3,13,1,4,1,1,4,0.7871,1.2835
16,6,1,3,14,4,1,4,1,2,0.9125,1.4404
16,6,1,3,15,4,1,4,1,4,0.8228,1.2062
16,6,1,3,16,1,4,1,1,3,1.1108,1.9427
16,6,1,3,17,4,1,4,1,3,0.8254,1.3852
16,6,1,3,18,1,4,1,1,3,1.2013,1.6497
16,6,1,3,19,4,1,4,1,4,0.8,1.1994
16,6,1,3,20,4,1,4,1,4,0.7521,1.0883
16,6,1,3,21,1,4,1,1,3,1.2374,1.5574
16,6,1,3,22,4,1,4,1,3,0.9346,1.2548
16,6,1,3,23,4,1,4,1,4,1.1732,1.4851
16,6,1,3,24,1,4,1,1,4,0.9381,1.2514
16,6,1,3,25,1,4,4,0,2,1.48,1.8021
16,6,1,3,26,1,4,1,1,1,1.2315,1.7756
16,6,1,3,27,4,1,4,1,3,1.2894,1.6254
16,6,1,3,28,4,1,4,1,4,1.1279,1.4517
16,6,1,3,29,4,1,4,1,2,1.2618,1.5851
16,6,1,3,30,4,1,4,1,4,0.847,1.168
16,6,1,3,31,1,4,1,1,3,0.7681,1.1685
16,6,1,3,32,1,4,1,1,2,1.0422,1.6182
16,6,1,3,33,4,1,1,0,1,1.1698,1.7778
16,6,1,3,34,4,1,4,1,3,0.8108,1.1347
16,6,1,3,35,4,1,4,1,4,0.7499,1.0679
16,6,2,2,1,1,2,1,1,3,0.9065,1.3698
16,6,2,2,2,1,2,1,1,4,1.2037,1.5184
16,6,2,2,3,4,2,2,0,2,1.5268,2.2313
16,6,2,2,4,4,2,4,1,3,1.4529,1.8529
16,6,2,2,5,1,3,1,1,4,0.931,1.2675
16,6,2,2,6,3,4,3,1,4,0.9127,1.2347
16,6,2,2,7,4,2,4,1,3,1.0718,1.8076
16,6,2,2,8,1,3,1,1,3,1.2394,1.5596
16,6,2,2,9,1,4,1,1,3,1.369,2.0254
16,6,2,2,10,3,4,3,1,4,1.0963,1.4184
16,6,2,2,11,4,3,4,1,4,1.1356,1.5513
16,6,2,2,12,2,4,2,1,2,1.0889,1.505
16,6,2,2,13,1,4,4,0,1,1.9898,2.5017
16,6,2,2,14,4,1,4,1,3,1.8244,2.3205
16,6,2,2,15,4,1,1,0,1,2.7069,3.1863
16,6,2,2,16,1,4,1,1,2,1.2335,1.7773
16,6,2,2,17,1,2,2,0,2,1.9782,2.6657
16,6,2,2,18,2,4,2,1,4,0.9103,1.2348
16,6,2,2,19,2,3,2,1,4,0.8935,1.2182
16,6,2,2,20,1,4,1,1,3,1.0849,1.5333
16,6,2,2,21,4,1,4,1,4,1.0561,1.3682
16,6,2,2,22,1,4,1,1,4,1.113,1.435
16,6,2,2,23,2,3,2,1,4,0.7518,1.0679
16,6,2,2,24,4,1,4,1,2,1.8294,2.1821
16,6,2,2,25,3,2,3,1,1,1.8866,2.2025
16,6,2,2,26,3,2,3,1,4,0.9341,1.2514
16,6,2,2,27,3,4,3,1,3,1.0758,1.6361
16,6,2,2,28,2,4,2,1,4,0.8181,1.1346
16,6,2,2,29,3,1,3,1,3,0.9013,1.218
16,6,2,2,30,3,4,3,1,4,1.0935,1.4184
16,6,2,2,31,1,2,1,1,2,0.9888,1.4049
16,6,2,2,32,1,4,1,1,1,2.2445,2.5696
16,6,2,2,33,3,2,3,1,3,1.0051,1.3182
16,6,2,2,34,4,1,1,0,1,2.5525,2.8724
16,6,2,2,35,2,1,2,1,4,1.1241,1.4349
16,6,3,1,1,4,,4,1,2,1.0876,1.4235
16,6,3,1,2,1,,2,0,1,0.8549,1.8955
16,6,3,1,3,4,,4,1,3,1.0831,1.4018
16,6,3,1,4,2,,2,1,4,0.7714,1.1878
16,6,3,1,5,1,,1,1,3,1.2047,1.5247
16,6,3,1,6,3,,3,1,3,0.8883,1.2014
16,6,3,1,7,2,,2,1,2,1.5118,1.8355
16,6,3,1,8,2,,2,1,4,0.7985,1.1179
16,6,3,1,9,2,,2,1,4,0.7537,1.0678
16,6,3,1,10,4,,4,1,2,1.048,1.4317
16,6,3,1,11,1,,1,1,1,1.5193,1.9678
16,6,3,1,12,1,,1,1,3,0.8646,1.1846
16,6,3,1,13,3,,2,0,3,1.2176,1.7132
16,6,3,1,14,1,,2,0,3,1.0368,1.3571
16,6,3,1,15,1,,4,0,1,1.431,1.8142
16,6,3,1,16,2,,3,0,2,1.7583,2.2382
16,6,3,1,17,3,,3,1,3,1.2841,1.6017
16,6,3,1,18,4,,4,1,3,1.2042,1.5184
16,6,3,1,19,1,,1,1,2,1.1597,1.5593
16,6,3,1,20,4,,2,0,1,1.7054,2.1852
16,6,3,1,21,4,,4,1,1,1.2015,1.5529
16,6,3,1,22,2,,2,1,3,1.0115,1.3794
16,6,3,1,23,3,,3,1,4,0.9563,1.2681
16,6,3,1,24,1,,1,1,3,1.2745,1.5851
16,6,3,1,25,2,,2,1,2,1.0829,1.4017
16,6,3,1,26,2,,2,1,2,0.8666,1.1847
16,6,3,1,27,3,,3,1,3,0.9318,1.2514
16,6,3,1,28,1,,1,1,3,1.3625,1.6852
16,6,3,1,29,4,,4,1,2,1.2144,1.6305
16,6,3,1,30,3,,3,1,3,1.1179,1.4539
16,6,3,1,31,3,,3,1,3,0.8521,1.1681
16,6,3,1,32,4,,4,1,2,1.5572,1.8855
16,6,3,1,33,1,,1,1,2,1.514,1.8976
16,6,3,1,34,1,,1,1,2,1.6621,1.9857
16,6,3,1,35,1,,3,0,2,1.2943,1.9341
17,1,1,2,1,2,1,2,1,2,4.0955,5.1356
17,1,1,2,2,1,4,1,1,3,5.3584,5.8866
17,1,1,2,3,1,2,3,0,4,2.9272,4.0948
17,1,1,2,4,4,1,1,0,1,6.4887,7.7526
17,1,1,2,5,2,1,2,1,3,2.0284,2.6687
17,1,1,2,6,3,2,3,1,4,3.3442,4.7842
17,1,1,2,7,2,1,3,0,4,2.0306,2.5265
17,1,1,2,8,2,3,2,1,4,4.5529,6.3763
17,1,1,2,9,1,4,1,1,4,3.9086,5.1407
17,1,1,2,10,3,2,2,0,4,2.0833,2.7549
17,1,1,2,11,4,2,3,0,3,2.6279,3.3003
17,1,1,2,12,1,2,2,0,2,5.4382,6.127
17,1,1,2,13,4,3,3,0,3,3.7164,4.5967
17,1,1,2,14,1,2,2,0,3,3.5785,6.4096
17,1,1,2,15,1,4,1,1,2,3.7329,4.5005
17,1,1,2,16,1,2,1,1,3,2.3663,2.8618
17,1,1,2,17,2,3,2,1,3,2.2185,3.4342
17,1,1,2,18,1,3,3,0,4,2.1914,2.5594
17,1,1,2,19,2,3,2,1,2,4.2646,4.857
17,1,1,2,20,4,2,4,1,3,1.5549,4.4512
17,1,1,2,21,3,2,2,0,4,1.9987,2.4781
17,1,1,2,22,1,3,1,1,2,4.1706,4.667
17,1,1,2,23,4,1,4,1,2,3.4375,3.9494
17,1,1,2,24,3,4,3,1,4,2.3167,2.8934
17,1,1,2,25,3,1,3,1,4,2.0719,2.5031
17,1,1,2,26,3,4,3,1,4,2.0663,2.3859
17,1,1,2,27,2,4,2,1,4,1.7464,2.082
17,1,1,2,28,4,3,3,0,3,2.3826,2.895
17,1,1,2,29,2,4,2,1,4,2.0904,2.6821
17,1,1,2,30,2,1,2,1,4,1.6776,2.0025
17,1,1,2,31,4,1,4,1,3,2.4612,3.3571
17,1,1,2,32,2,3,2,1,4,2.0376,3.6055
17,1,1,2,33,4,1,4,1,2,4.1942,4.5467
17,1,1,2,34,2,3,2,1,3,1.5622,2.4419
17,1,1,2,35,2,3,2,1,3,3.3831,3.7042
17,1,2,1,1,1,,1,1,3,1.766,3.3176
17,1,2,1,2,3,,3,1,3,1.8718,2.5432
17,1,2,1,3,4,,2,0,2,2.4245,2.8408
17,1,2,1,4,3,,4,0,2,6.6307,7.1906
17,1,2,1,5,4,,2,0,3,2.2881,2.8163
17,1,2,1,6,1,,2,0,2,4.1268,4.7829
17,1,2,1,7,1,,2,0,2,3.4042,4.9085
17,1,2,1,8,4,,2,0,3,3.0288,4.2921
17,1,2,1,9,1,,1,1,4,1.4945,2.0541
17,1,2,1,10,1,,1,1,3,2.452,2.8036
17,1,2,1,11,3,,2,0,2,4.0012,4.3216
17,1,2,1,12,3,,3,1,3,2.6573,4.7539
17,1,2,1,13,2,,2,1,4,1.7918,2.3678
17,1,2,1,14,4,,4,1,3,1.9997,2.6562
17,1,2,1,15,1,,2,0,2,3.5881,3.9723
17,1,2,1,16,4,,3,0,3,1.5391,2.3067
17,1,2,1,17,3,,1,0,1,5.8298,6.1822
17,1,2,1,18,4,,4,1,2,2.1061,2.6823
17,1,2,1,19,3,,2,0,3,1.2629,1.6303
17,1,2,1,20,2,,2,1,4,1.3894,1.7258
17,1,2,1,21,3,,3,1,2,3.6082,3.9601
17,1,2,1,22,4,,4,1,3,2.1671,2.8078
17,1,2,1,23,1,,1,1,2,1.622,4.9343
17,1,2,1,24,2,,2,1,4,1.9654,2.6695
17,1,2,1,25,4,,2,0,3,1.6491,1.9688
17,1,2,1,26,1,,2,0,3,2.2252,3.4097
17,1,2,1,27,2,,2,1,2,1.3185,1.7511
17,1,2,1,28,2,,2,1,3,1.4089,2.3848
17,1,2,1,29,3,,3,1,3,1.936,4.8476
17,1,2,1,30,4,,2,0,2,1.6733,3.8814
17,1,2,1,31,1,,3,0,2,3.501,4.397
17,1,2,1,32,1,,3,0,2,4.33,4.7306
17,1,2,1,33,3,,3,1,3,1.7061,2.186
17,1,2,1,34,2,,2,1,3,1.3773,1.7778
17,1,2,1,35,3,,3,1,3,1.8174,2.1351
17,1,3,3,1,3,4,3,1,4,2.1549,3.5633
17,1,3,3,2,4,3,4,1,3,2.1224,4.1704
17,1,3,3,3,4,3,3,0,2,4.8007,5.5371
17,1,3,3,4,3,4,3,1,4,1.2482,1.5838
17,1,3,3,5,3,4,3,1,4,1.4088,1.7355
17,1,3,3,6,4,3,4,1,3,1.4032,1.7712
17,1,3,3,7,4,3,4,1,4,1.4753,1.9071
17,1,3,3,8,3,4,3,1,4,1.1267,1.4624
17,1,3,3,9,4,3,3,0,2,3.9012,4.5569
17,1,3,3,10,3,4,3,1,2,1.2354,1.6838
17,1,3,3,11,3,4,3,1,3,1.9034,2.3194
17,1,3,3,12,3,4,3,1,3,1.2493,1.6979
17,1,3,3,13,3,4,3,1,4,1.3581,1.6685
17,1,3,3,14,4,3,4,1,3,1.7393,4.0749
17,1,3,3,15,4,3,4,1,3,1.5739,2.3899
17,1,3,3,16,4,3,4,1,4,1.5893,2.0699
17,1,3,3,17,3,4,3,1,4,1.2176,1.6178
17,1,3,3,18,4,3,4,1,3,1.3607,2.1766
17,1,3,3,19,3,4,3,1,4,1.289,3.9284
17,1,3,3,20,4,3,4,1,3,1.545,2.5851
17,1,3,3,21,3,4,3,1,3,1.9044,2.7519
17,1,3,3,22,4,3,4,1,3,1.3928,1.7186
17,1,3,3,23,4,3,3,0,2,1.6912,2.1078
17,1,3,3,24,4,3,4,1,4,1.6223,2.0549
17,1,3,3,25,4,3,4,1,3,1.5556,2.1314
17,1,3,3,26,3,4,3,1,2,1.6309,2.3827
17,1,3,3,27,3,4,3,1,4,1.2152,1.5352
17,1,3,3,28,3,4,3,1,4,1.4415,1.7686
17,1,3,3,29,4,3,4,1,4,1.1936,1.7854
17,1,3,3,30,4,3,4,1,3,1.442,1.9863
17,1,3,3,31,4,3,4,1,3,1.4574,1.9377
17,1,3,3,32,3,4,3,1,4,2.2121,2.9322
17,1,3,3,33,4,3,4,1,3,2.3017,2.6196
17,1,3,3,34,3,4,3,1,4,1.8282,2.1525
17,1,3,3,35,4,3,3,0,3,2.6362,3.708
17,2,1,1,1,2,,2,1,3,1.7024,2.3743
17,2,1,1,2,1,,1,1,4,1.4629,1.7855
17,2,1,1,3,4,,3,0,3,2.3826,3.567
17,2,1,1,4,3,,4,0,2,2.6709,3.0866
17,2,1,1,5,3,,2,0,3,2.6567,4.417
17,2,1,1,6,2,,2,1,3,1.4375,1.8381
17,2,1,1,7,4,,2,0,2,2.5311,2.8669
17,2,1,1,8,1,,1,1,2,1.9361,4.2073
17,2,1,1,9,1,,1,1,2,4.1967,4.5218
17,2,1,1,10,4,,4,1,3,1.885,2.2528
17,2,1,1,11,1,,1,1,3,1.9368,3.2493
17,2,1,1,12,4,,4,1,3,1.4859,2.0463
17,2,1,1,13,4,,4,1,4,1.0838,1.4018
17,2,1,1,14,1,,2,0,2,1.9239,3.5241
17,2,1,1,15,1,,1,1,4,2.4536,3.1413
17,2,1,1,16,4,,2,0,2,2.1659,3.8618
17,2,1,1,17,4,,4,1,2,4.2968,4.6647
17,2,1,1,18,4,,4,1,3,1.5797,1.9318
17,2,1,1,19,3,,3,1,4,1.662,2.2225
17,2,1,1,20,1,,4,0,2,3.1569,3.5092
17,2,1,1,21,4,,4,1,2,4.0547,4.3714
17,2,1,1,22,1,,3,0,3,3.5732,4.3408
17,2,1,1,23,3,,3,1,3,1.5728,1.8854
17,2,1,1,24,2,,2,1,4,1.5921,1.9602
17,2,1,1,25,3,,3,1,3,4.9219,5.8337
17,2,1,1,26,3,,2,0,3,3.2443,4.3808
17,2,1,1,27,2,,2,1,3,2.0425,2.9221
17,2,1,1,28,3,,3,1,3,2.7876,3.5883
17,2,1,1,29,1,,1,1,4,2.465,2.7864
17,2,1,1,30,3,,3,1,4,1.9529,2.3044
17,2,1,1,31,1,,1,1,3,1.7474,2.0688
17,2,1,1,32,4,,1,0,3,2.0802,2.6082
17,2,1,1,33,2,,2,1,4,1.2386,1.879
17,2,1,1,34,4,,4,1,3,2.1397,2.715
17,2,1,1,35,4,,4,1,3,1.6466,1.969
17,2,2,3,1,3,1,3,1,4,5.2668,6.339
17,2,2,3,2,3,1,3,1,4,1.0406,1.5524
17,2,2,3,3,3,1,1,0,2,4.1305,4.4551
17,2,2,3,4,1,3,1,1,3,2.1093,4.2851
17,2,2,3,5,1,3,1,1,4,1.9193,2.2359
17,2,2,3,6,1,3,1,1,3,2.4209,3.0295
17,2,2,3,7,1,3,3,0,3,2.4749,2.8033
17,2,2,3,8,3,1,3,1,3,2.2017,3.0659
17,2,2,3,9,3,1,3,1,3,1.4215,2.3019
17,2,2,3,10,1,3,1,1,3,3.1371,3.4537
17,2,2,3,11,3,1,1,0,3,2.3082,2.6363
17,2,2,3,12,1,3,1,1,4,1.2572,1.5851
17,2,2,3,13,1,3,1,1,4,1.5615,1.8854
17,2,2,3,14,1,3,1,1,3,3.0538,3.7095
17,2,2,3,15,1,3,1,1,4,1.7826,2.199
17,2,2,3,16,3,1,3,1,4,1.327,1.652
17,2,2,3,17,1,3,3,0,1,3.7233,4.3958
17,2,2,3,18,3,1,3,1,4,2.0892,2.4026
17,2,2,3,19,1,3,1,1,4,1.0964,1.4184
17,2,2,3,20,1,3,1,1,3,1.696,2.1116
17,2,2,3,21,3,1,3,1,4,1.4823,2.7782
17,2,2,3,22,3,1,3,1,4,1.1618,1.4856
17,2,2,3,23,1,3,1,1,3,1.6307,2.2546
17,2,2,3,24,3,1,3,1,4,1.3641,2.5164
17,2,2,3,25,3,1,3,1,4,1.2946,1.6187
17,2,2,3,26,1,3,1,1,3,1.7577,2.2058
17,2,2,3,27,3,1,3,1,4,1.3009,1.6185
17,2,2,3,28,3,1,3,1,4,1.0439,1.3682
17,2,2,3,29,3,1,3,1,4,0.9096,1.235
17,2,2,3,30,1,3,1,1,4,0.9404,1.2758
17,2,2,3,31,3,1,3,1,3,1.2738,1.7541
17,2,2,3,32,3,1,3,1,4,0.9956,1.7634
17,2,2,3,33,1,3,1,1,4,2.1414,2.4701
17,2,2,3,34,1,3,4,0,2,3.3058,3.6205
17,2,2,3,35,1,3,1,1,2,2.8537,3.1702
17,2,3,2,1,3,2,3,1,4,2.3945,2.7306
17,2,3,2,2,3,1,3,1,4,2.1888,2.8452
17,2,3,2,3,2,1,2,1,4,1.4014,1.7186
17,2,3,2,4,3,2,3,1,4,2.2439,2.5696
17,2,3,2,5,4,2,4,1,4,1.5962,2.428
17,2,3,2,6,3,1,3,1,4,1.6426,1.9691
17,2,3,2,7,2,4,2,1,4,2.2821,2.603
17,2,3,2,8,1,3,1,1,2,2.7368,5.729
17,2,3,2,9,2,1,2,1,4,1.639,2.6793
17,2,3,2,10,1,3,1,1,4,1.8194,2.1357
17,2,3,2,11,2,3,2,1,3,1.381,2.0211
17,2,3,2,12,4,1,4,1,2,1.588,2.8521
17,2,3,2,13,3,2,3,1,4,1.456,1.7685
17,2,3,2,14,3,2,2,0,2,3.5456,4.3938
17,2,3,2,15,3,4,3,1,4,2.1346,2.4528
17,2,3,2,16,1,2,1,1,4,2.0843,2.4026
17,2,3,2,17,2,1,2,1,4,1.2667,1.5852
17,2,3,2,18,2,1,2,1,4,1.0754,1.4016
17,2,3,2,19,1,2,1,1,4,1.2269,1.5519
17,2,3,2,20,1,2,1,1,3,2.2048,2.5194
17,2,3,2,21,1,4,1,1,4,1.91,2.2359
17,2,3,2,22,2,4,2,1,4,1.3562,1.6686
17,2,3,2,23,3,2,2,0,3,2.2963,2.6802
17,2,3,2,24,2,3,2,1,4,1.597,1.9191
17,2,3,2,25,1,4,1,1,3,3.6796,4.3358
17,2,3,2,26,4,2,4,1,3,2.5753,3.1512
17,2,3,2,27,1,4,4,0,3,2.8634,3.1876
17,2,3,2,28,2,4,2,1,4,1.4862,1.802
17,2,3,2,29,2,3,2,1,4,1.046,2.4698
17,2,3,2,30,1,2,1,1,3,4.9776,5.874
17,2,3,2,31,1,2,1,1,4,2.0662,3.1221
17,2,3,2,32,2,4,2,1,4,1.2038,1.523
17,2,3,2,33,4,3,4,1,4,2.1025,2.4195
17,2,3,2,34,1,2,1,1,4,1.5086,1.8354
17,2,3,2,35,1,4,1,1,4,2.6343,3.0984
17,3,1,1,1,1,,1,1,4,1.8342,2.1524
17,3,1,1,2,2,,2,1,3,1.2513,1.5684
17,3,1,1,3,3,,1,0,3,2.0527,2.3693
17,3,1,1,4,3,,3,1,4,1.7009,2.0189
17,3,1,1,5,3,,3,1,3,5.5396,6.0513
17,3,1,1,6,4,,3,0,3,1.5658,1.9329
17,3,1,1,7,1,,2,0,2,1.7601,2.0858
17,3,1,1,8,3,,3,1,4,1.1963,1.5185
17,3,1,1,9,2,,2,1,4,1.055,1.3682
17,3,1,1,10,1,,2,0,2,3.3522,3.7843
17,3,1,1,11,2,,2,1,4,1.1994,1.5185
17,3,1,1,12,3,,3,1,2,1.6505,2.0185
17,3,1,1,13,4,,4,1,3,1.3921,1.7445
17,3,1,1,14,1,,3,0,3,2.8898,3.4498
17,3,1,1,15,4,,3,0,3,2.9268,3.2627
17,3,1,1,16,3,,3,1,4,1.1631,1.4849
17,3,1,1,17,1,,2,0,3,2.7351,3.0539
17,3,1,1,18,2,,2,1,4,1.1388,1.4516
17,3,1,1,19,4,,1,0,3,2.6168,3.2087
17,3,1,1,20,2,,2,1,3,1.7192,2.0355
17,3,1,1,21,2,,2,1,4,1.5566,1.9568
17,3,1,1,22,3,,3,1,4,1.638,1.9897
17,3,1,1,23,2,,2,1,4,1.2221,1.5351
17,3,1,1,24,2,,2,1,3,2.2969,2.6492
17,3,1,1,25,3,,3,1,4,3.3583,3.7105
17,3,1,1,26,4,,4,1,2,3.88,4.4717
17,3,1,1,27,1,,1,1,4,1.8577,2.169
17,3,1,1,28,4,,4,1,3,1.8341,2.6186
17,3,1,1,29,3,,3,1,4,2.5612,3.3609
17,3,1,1,30,1,,1,1,4,1.3364,1.6517
17,3,1,1,31,1,,2,0,3,1.6705,2.6627
17,3,1,1,32,4,,2,0,3,1.003,1.5951
17,3,1,1,33,2,,2,1,4,1.0362,1.8196
17,3,1,1,34,1,,1,1,4,1.6507,1.9688
17,3,1,1,35,1,,1,1,3,1.7633,2.1151
17,3,2,2,1,2,3,2,1,4,4.0811,4.4049
17,3,2,2,2,4,3,2,0,1,1.4382,5.4701
17,3,2,2,3,4,1,1,0,3,4.607,5.4871
17,3,2,2,4,1,2,1,1,4,1.5031,1.8704
17,3,2,2,5,2,3,2,1,4,1.3481,1.669
17,3,2,2,6,4,1,1,0,2,3.6486,3.9711
17,3,2,2,7,4,2,4,1,4,1.9671,2.2858
17,3,2,2,8,4,1,4,1,4,1.7468,2.069
17,3,2,2,9,2,1,2,1,4,1.0551,1.4871
17,3,2,2,10,3,4,3,1,4,1.4122,1.7354
17,3,2,2,11,1,3,1,1,4,1.3267,1.6521
17,3,2,2,12,4,2,2,0,4,1.628,1.9643
17,3,2,2,13,2,3,2,1,4,1.5177,1.8355
17,3,2,2,14,1,3,1,1,4,1.7004,2.0189
17,3,2,2,15,4,3,3,0,2,3.2827,4.1145
17,3,2,2,16,3,2,3,1,4,1.5155,1.8361
17,3,2,2,17,1,4,1,1,3,2.3526,3.1208
17,3,2,2,18,1,4,1,1,4,1.6021,1.9187
17,3,2,2,19,1,4,1,1,3,2.2617,2.6454
17,3,2,2,20,4,3,4,1,4,1.4989,1.8187
17,3,2,2,21,4,2,4,1,2,3.9854,4.3046
17,3,2,2,22,4,3,3,0,4,2.034,2.3525
17,3,2,2,23,2,3,2,1,4,1.6031,1.9549
17,3,2,2,24,4,2,2,0,3,3.7643,4.9969
17,3,2,2,25,3,4,4,0,2,4.6653,5.0178
17,3,2,2,26,4,1,4,1,4,2.766,3.0869
17,3,2,2,27,1,3,1,1,4,2.9924,3.3204
17,3,2,2,28,2,3,3,0,2,5.0182,5.8655
17,3,2,2,29,4,1,1,0,3,3.4193,4.2829
17,3,2,2,30,3,1,3,1,4,1.7253,2.0357
17,3,2,2,31,1,3,1,1,4,1.4184,1.7352
17,3,2,2,32,2,3,3,0,3,4.2766,5.7326
17,3,2,2,33,4,1,1,0,3,2.7794,3.8194
17,3,2,2,34,3,1,3,1,3,1.8879,2.4317
17,3,2,2,35,4,1,4,1,2,3.583,3.9046
17,3,3,3,1,2,3,2,1,4,1.4609,1.7854
17,3,3,3,2,3,2,3,1,4,0.9895,1.3013
17,3,3,3,3,3,2,3,1,4,0.8576,1.168
17,3,3,3,4,3,2,3,1,3,1.6594,2.0751
17,3,3,3,5,2,3,2,1,4,1.1916,1.5186
17,3,3,3,6,2,3,2,1,4,1.0675,1.4031
17,3,3,3,7,2,3,2,1,4,1.0429,1.3684
17,3,3,3,8,2,3,2,1,3,1.0676,1.772
17,3,3,3,9,2,3,2,1,4,1.5404,1.8688
17,3,3,3,10,3,2,2,0,3,1.8972,2.219
17,3,3,3,11,2,3,2,1,3,1.4392,1.7517
17,3,3,3,12,3,2,3,1,4,1.209,1.5351
17,3,3,3,13,2,3,2,1,3,1.5321,1.916
17,3,3,3,14,3,2,3,1,4,0.9592,1.285
17,3,3,3,15,3,2,2,0,2,2.9235,4.1557
17,3,3,3,16,2,3,2,1,3,1.2504,2.2588
17,3,3,3,17,2,3,2,1,4,1.1116,1.464
17,3,3,3,18,2,3,2,1,3,1.3254,1.8537
17,3,3,3,19,3,2,2,0,2,3.9866,4.451
17,3,3,3,20,3,2,2,0,3,2.1265,2.9905
17,3,3,3,21,2,3,2,1,4,1.9086,2.2364
17,3,3,3,22,3,2,3,1,4,1.4667,1.7853
17,3,3,3,23,2,3,3,0,1,1.1071,3.1223
17,3,3,3,24,3,2,3,1,3,1.7314,2.1792
17,3,3,3,25,2,3,2,1,3,1.3079,2.0763
17,3,3,3,26,2,3,2,1,3,1.9922,2.6795
17,3,3,3,27,2,3,2,1,3,1.5004,2.0286
17,3,3,3,28,2,3,2,1,3,1.4673,1.7854
17,3,3,3,29,3,2,2,0,3,1.7783,2.1024
17,3,3,3,30,2,3,2,1,4,1.0541,1.5183
17,3,3,3,31,2,3,3,0,4,1.3121,1.8883
17,3,3,3,32,3,2,3,1,3,1.6845,2.0847
17,3,3,3,33,3,2,3,1,4,1.4884,1.8018
17,3,3,3,34,2,3,2,1,3,1.2235,1.6719
17,3,3,3,35,3,2,3,1,2,3.1395,3.8119
17,4,1,3,1,1,4,1,1,4,1.3729,1.702
17,4,1,3,2,4,1,4,1,4,1.3365,1.6518
17,4,1,3,3,1,4,1,1,4,1.1421,1.4684
17,4,1,3,4,4,1,4,1,3,1.3401,1.6518
17,4,1,3,5,4,1,4,1,4,1.145,1.4683
17,4,1,3,6,4,1,4,1,2,2.2542,2.7822
17,4,1,3,7,1,4,1,1,4,1.278,1.6018
17,4,1,3,8,4,1,4,1,4,1.2778,1.6019
17,4,1,3,9,1,4,1,1,4,1.2136,1.5352
17,4,1,3,10,4,1,4,1,3,1.4717,1.7852
17,4,1,3,11,4,1,1,0,2,4.5209,11.5287
17,4,1,3,12,4,1,4,1,3,1.5842,1.902
17,4,1,3,13,4,1,4,1,4,1.1079,1.6511
17,4,1,3,14,1,4,1,1,4,1.0415,1.3682
17,4,1,3,15,4,1,4,1,3,1.2426,1.5685
17,4,1,3,16,1,4,1,1,4,2.0922,2.5885
17,4,1,3,17,4,1,4,1,3,1.9551,2.6109
17,4,1,3,18,1,4,1,1,3,0.9702,1.4977
17,4,1,3,19,4,1,4,1,3,1.1502,1.9349
17,4,1,3,20,4,1,1,0,3,1.2326,1.5518
17,4,1,3,21,1,4,1,1,3,1.4107,1.7354
17,4,1,3,22,1,4,1,1,4,1.421,1.757
17,4,1,3,23,1,4,1,1,4,1.2055,1.5183
17,4,1,3,24,1,4,1,1,4,1.369,1.6851
17,4,1,3,25,4,1,4,1,2,2.4048,2.9653
17,4,1,3,26,4,1,4,1,2,2.1413,2.622
17,4,1,3,27,4,1,4,1,3,2.0827,2.5312
17,4,1,3,28,1,4,1,1,4,1.1974,1.5186
17,4,1,3,29,1,4,1,1,4,1.1049,1.4184
17,4,1,3,30,4,1,4,1,4,1.4162,2.216
17,4,1,3,31,4,1,4,1,4,1.999,2.3194
17,4,1,3,32,1,4,1,1,4,1.3779,2.0498
17,4,1,3,33,1,4,1,1,4,1.1836,1.5017
17,4,1,3,34,1,4,1,1,4,0.9635,1.2848
17,4,1,3,35,1,4,1,1,4,1.0401,1.3683
17,4,2,1,1,3,,1,0,3,2.3682,2.9762
17,4,2,1,2,4,,4,1,3,1.3519,1.7678
17,4,2,1,3,2,,1,0,3,2.0963,2.5601
17,4,2,1,4,1,,4,0,2,1.9611,2.7612
17,4,2,1,5,3,,1,0,2,5.1607,6.4731
17,4,2,1,6,1,,1,1,4,1.1051,1.4181
17,4,2,1,7,1,,1,1,4,1.2558,1.5918
17,4,2,1,8,1,,1,1,4,0.9521,1.2682
17,4,2,1,9,4,,4,1,3,2.1806,3.3649
17,4,2,1,10,4,,4,1,4,1.4694,2.5572
17,4,2,1,11,1,,1,1,3,1.4933,1.8186
17,4,2,1,12,3,,1,0,3,3.2924,3.9159
17,4,2,1,13,4,,4,1,3,2.7492,3.0701
17,4,2,1,14,3,,4,0,2,3.585,4.0329
17,4,2,1,15,1,,1,1,4,1.2456,1.5686
17,4,2,1,16,4,,1,0,3,1.375,1.7908
17,4,2,1,17,3,,1,0,2,1.3184,1.8148
17,4,2,1,18,3,,2,0,3,2.3499,3.4858
17,4,2,1,19,4,,1,0,3,2.0798,2.4026
17,4,2,1,20,2,,3,0,3,2.047,2.6391
17,4,2,1,21,4,,4,1,4,1.7636,2.196
17,4,2,1,22,3,,1,0,4,1.3393,1.6516
17,4,2,1,23,1,,1,1,4,1.4168,1.7354
17,4,2,1,24,4,,4,1,4,1.5549,1.8686
17,4,2,1,25,3,,3,1,4,1.4958,2.1843
17,4,2,1,26,1,,1,1,3,2.3205,3.0242
17,4,2,1,27,4,,4,1,3,1.8139,2.1358
17,4,2,1,28,1,,1,1,4,1.0558,1.3681
17,4,2,1,29,1,,1,1,4,1.3696,1.6853
17,4,2,1,30,1,,3,0,3,1.7015,2.0194
17,4,2,1,31,2,,2,1,3,1.0922,1.5568
17,4,2,1,32,2,,2,1,4,0.8548,1.1679
17,4,2,1,33,4,,4,1,3,1.5598,1.8857
17,4,2,1,34,4,,4,1,3,2.3802,2.7031
17,4,2,1,35,1,,2,0,3,1.4707,1.7851
17,4,3,2,1,2,1,2,1,4,1.4855,1.8374
17,4,3,2,2,3,2,2,0,1,1.4112,2.7234
17,4,3,2,3,2,3,2,1,3,1.6371,1.9526
17,4,3,2,4,1,4,1,1,4,1.7343,2.5826
17,4,3,2,5,3,1,1,0,3,1.9347,2.2526
17,4,3,2,6,4,2,2,0,3,1.2999,1.6185
17,4,3,2,7,4,3,4,1,3,1.379,3.0907
17,4,3,2,8,4,3,3,0,2,4.3097,4.6223
17,4,3,2,9,4,1,4,1,4,1.5617,1.9298
17,4,3,2,10,3,1,1,0,2,4.9083,5.2225
17,4,3,2,11,4,1,4,1,4,2.4073,2.7201
17,4,3,2,12,2,3,2,1,4,1.2571,1.5851
17,4,3,2,13,2,4,2,1,4,1.1134,1.4351
17,4,3,2,14,1,2,1,1,4,1.52,1.8354
17,4,3,2,15,4,3,4,1,4,1.4302,1.752
17,4,3,2,16,2,3,2,1,4,1.4403,1.7689
17,4,3,2,17,1,2,1,1,4,1.5601,3.0485
17,4,3,2,18,4,1,4,1,3,4.2055,4.5416
17,4,3,2,19,3,1,3,1,4,2.9156,3.237
17,4,3,2,20,2,4,1,0,4,1.7281,2.0524
17,4,3,2,21,1,4,1,1,4,1.8056,2.1358
17,4,3,2,22,4,3,4,1,4,1.5116,1.8355
17,4,3,2,23,3,1,1,0,2,3.9652,4.6538
17,4,3,2,24,4,2,4,1,3,1.5999,2.0801
17,4,3,2,25,2,1,2,1,4,1.3093,1.8526
17,4,3,2,26,3,2,2,0,4,4.0347,4.3549
17,4,3,2,27,3,2,2,0,3,2.897,3.2203
17,4,3,2,28,1,4,1,1,3,2.6384,3.0062
17,4,3,2,29,2,4,2,1,4,1.1876,1.5557
17,4,3,2,30,3,2,3,1,4,1.7977,2.1338
17,4,3,2,31,2,1,2,1,4,2.287,2.623
17,4,3,2,32,3,1,3,1,4,1.8933,2.2192
17,4,3,2,33,2,1,2,1,3,2.011,2.336
17,4,3,2,34,3,4,3,1,4,1.5486,1.8686
17,4,3,2,35,2,4,2,1,4,1.5372,1.8521
17,5,1,2,1,4,1,4,1,4,2.234,2.922
17,5,1,2,2,1,2,1,1,3,1.908,2.9473
17,5,1,2,3,3,1,1,0,4,2.1243,2.4534
17,5,1,2,4,3,4,3,1,2,3.5459,3.8975
17,5,1,2,5,1,3,1,1,4,1.1958,1.5185
17,5,1,2,6,4,2,2,0,4,1.7907,2.1192
17,5,1,2,7,1,2,2,0,2,3.5926,4.0884
17,5,1,2,8,1,2,2,0,4,1.9067,2.219
17,5,1,2,9,2,1,2,1,4,1.273,1.5851
17,5,1,2,10,1,4,1,1,4,1.3374,1.6517
17,5,1,2,11,1,2,2,0,4,1.9589,2.5991
17,5,1,2,12,4,2,2,0,4,1.1501,1.4684
17,5,1,2,13,2,4,2,1,4,0.9955,1.6197
17,5,1,2,14,1,4,1,1,3,1.6511,2.6427
17,5,1,2,15,4,1,4,1,3,1.5128,2.1526
17,5,1,2,16,2,4,2,1,4,1.6823,2.0029
17,5,1,2,17,4,3,4,1,4,1.4252,1.7351
17,5,1,2,18,3,4,3,1,3,2.6037,3.3239
17,5,1,2,19,4,1,4,1,3,2.404,3.0921
17,5,1,2,20,2,1,2,1,3,1.4631,1.7854
17,5,1,2,21,3,2,3,1,3,2.2872,2.6029
17,5,1,2,22,3,4,3,1,4,2.0865,2.4026
17,5,1,2,23,3,4,3,1,2,1.9249,3.0452
17,5,1,2,24,1,2,1,1,4,1.3385,1.8667
17,5,1,2,25,1,4,1,1,4,0.9105,1.2348
17,5,1,2,26,3,1,3,1,2,2.3971,2.7202
17,5,1,2,27,3,2,3,1,4,1.679,2.0022
17,5,1,2,28,2,4,2,1,4,1.7272,2.0522
17,5,1,2,29,1,3,1,1,4,1.6441,1.9689
17,5,1,2,30,3,1,3,1,3,2.1571,2.6693
17,5,1,2,31,4,1,4,1,3,1.5203,1.9843
17,5,1,2,32,4,2,4,1,3,2.385,2.7688
17,5,1,2,33,1,3,1,1,4,1.5194,1.8351
17,5,1,2,34,2,3,2,1,4,1.3502,1.9097
17,5,1,2,35,4,2,2,0,3,1.2737,1.5852
17,5,2,3,1,2,4,2,1,4,1.5831,1.9021
17,5,2,3,2,4,2,4,1,2,1.7467,2.2106
17,5,2,3,3,4,2,4,1,3,1.6741,2.394
17,5,2,3,4,2,4,2,1,4,1.0019,1.3183
17,5,2,3,5,4,2,4,1,4,1.1401,1.4516
17,5,2,3,6,4,2,2,0,2,1.7219,2.1221
17,5,2,3,7,2,4,2,1,4,1.2368,1.5517
17,5,2,3,8,4,2,2,0,2,2.5346,3.0621
17,5,2,3,9,2,4,2,1,4,0.9699,1.2842
17,5,2,3,10,2,4,2,1,4,0.9351,1.2513
17,5,2,3,11,4,2,4,1,3,1.1898,1.5016
17,5,2,3,12,4,2,4,1,4,0.5538,1.1615
17,5,2,3,13,4,2,4,1,3,1.7401,2.0524
17,5,2,3,14,4,2,4,1,3,1.3217,1.6351
17,5,2,3,15,4,2,4,1,2,1.6085,2.4879
17,5,2,3,16,4,2,2,0,3,0.9955,1.476
17,5,2,3,17,2,4,2,1,4,1.0334,1.3517
17,5,2,3,18,2,4,2,1,4,0.8669,1.1846
17,5,2,3,19,4,2,4,1,2,1.9718,2.6271
17,5,2,3,20,4,2,4,1,2,2.4901,2.803
17,5,2,3,21,2,4,2,1,4,0.9035,1.218
17,5,2,3,22,4,2,4,1,3,2.1193,2.807
17,5,2,3,23,4,2,4,1,3,1.7007,2.0188
17,5,2,3,24,2,4,2,1,4,1.3317,2.0841
17,5,2,3,25,4,2,2,0,2,1.0559,1.4877
17,5,2,3,26,2,4,2,1,4,0.8203,1.1345
17,5,2,3,27,2,4,2,1,4,0.775,1.1017
17,5,2,3,28,4,2,2,0,4,0.9238,1.2516
17,5,2,3,29,2,4,2,1,4,0.8258,1.1514
17,5,2,3,30,4,2,4,1,3,1.3881,1.7401
17,5,2,3,31,4,2,4,1,3,1.4304,1.752
17,5,2,3,32,4,2,4,1,3,2.7045,3.0199
17,5,2,3,33,4,2,4,1,4,0.8849,1.2012
17,5,2,3,34,4,2,4,1,4,0.9177,1.2348
17,5,2,3,35,2,4,2,1,3,2.5164,3.3486
17,5,3,1,1,2,,2,1,4,1.3963,1.7186
17,5,3,1,2,3,,3,1,3,1.3273,1.9825
17,5,3,1,3,4,,3,0,3,1.3425,1.6686
17,5,3,1,4,2,,2,1,4,0.9231,1.2346
17,5,3,1,5,2,,2,1,3,1.3389,2.9704
17,5,3,1,6,1,,1,1,3,1.6505,2.354
17,5,3,1,7,1,,3,0,2,1.939,2.2528
17,5,3,1,8,4,,2,0,2,2.7599,3.1118
17,5,3,1,9,4,,4,1,3,2.0102,2.3617
17,5,3,1,10,4,,4,1,3,1.6584,1.9851
17,5,3,1,11,3,,2,0,3,1.7555,2.1393
17,5,3,1,12,2,,2,1,4,1.2851,1.6017
17,5,3,1,13,3,,1,0,1,1.3335,3.2531
17,5,3,1,14,1,,1,1,3,1.6009,1.9213
17,5,3,1,15,4,,2,0,3,2.5791,2.9033
17,5,3,1,16,1,,1,1,3,2.0141,2.4937
17,5,3,1,17,1,,2,0,3,2.2013,3.0335
17,5,3,1,18,2,,2,1,3,6.0307,6.7514
17,5,3,1,19,1,,1,1,4,1.2276,1.5519
17,5,3,1,20,4,,4,1,4,1.294,1.6186
17,5,3,1,21,3,,3,1,4,1.5974,1.9188
17,5,3,1,22,2,,2,1,4,1.1041,1.4181
17,5,3,1,23,4,,4,1,2,2.0383,2.6784
17,5,3,1,24,4,,4,1,3,1.3698,1.6846
17,5,3,1,25,2,,2,1,4,1.1107,1.435
17,5,3,1,26,2,,2,1,3,1.0528,1.3682
17,5,3,1,27,2,,2,1,3,1.6543,2.0858
17,5,3,1,28,2,,2,1,3,1.4905,2.0017
17,5,3,1,29,2,,3,0,3,1.5539,1.8687
17,5,3,1,30,4,,4,1,3,1.5907,2.1819
17,5,3,1,31,4,,4,1,3,2.2548,2.575
17,5,3,1,32,4,,4,1,4,0.9992,1.3182
17,5,3,1,33,2,,2,1,4,1.1704,1.6501
17,5,3,1,34,4,,2,0,2,1.36,2.176
17,5,3,1,35,4,,4,1,2,1.8153,2.2953
17,6,1,3,1,2,1,2,1,4,1.6286,1.9523
17,6,1,3,2,2,1,2,1,3,1.5821,1.9021
17,6,1,3,3,2,1,2,1,3,1.57,1.8855
17,6,1,3,4,1,2,1,1,4,0.8223,1.1346
17,6,1,3,5,1,2,1,1,4,1.0804,1.402
17,6,1,3,6,2,1,2,1,3,1.0881,1.4015
17,6,1,3,7,1,2,1,1,3,1.4314,1.752
17,6,1,3,8,1,2,1,1,4,0.8818,1.2014
17,6,1,3,9,2,1,2,1,3,1.2334,1.5517
17,6,1,3,10,2,1,2,1,4,0.7709,1.0845
17,6,1,3,11,2,1,2,1,4,0.8238,1.1512
17,6,1,3,12,2,1,2,1,3,0.9058,1.3696
17,6,1,3,13,2,1,2,1,4,0.7863,1.1009
17,6,1,3,14,2,1,2,1,4,1.4312,1.9912
17,6,1,3,15,2,1,1,0,3,2.5507,2.8699
17,6,1,3,16,2,1,2,1,3,1.3467,1.6686
17,6,1,3,17,1,2,1,1,4,1.4708,1.7852
17,6,1,3,18,1,2,1,1,3,1.6395,1.9689
17,6,1,3,19,1,2,1,1,4,1.3829,1.7016
17,6,1,3,20,1,2,1,1,4,1.1393,1.4515
17,6,1,3,21,1,2,1,1,4,0.7926,1.1179
17,6,1,3,22,1,2,1,1,4,0.8288,1.1514
17,6,1,3,23,2,1,2,1,3,1.1511,1.4683
17,6,1,3,24,1,2,1,1,3,1.4119,1.7958
17,6,1,3,25,1,2,1,1,4,1.4849,1.8022
17,6,1,3,26,2,1,2,1,4,1.7002,2.0193
17,6,1,3,27,1,2,1,1,3,1.5541,1.8687
17,6,1,3,28,1,2,2,0,2,1.5913,2.6795
17,6,1,3,29,2,1,2,1,4,1.1315,1.4515
17,6,1,3,30,2,1,2,1,4,1.073,2.4969
17,6,1,3,31,1,2,1,1,4,1.1639,1.4851
17,6,1,3,32,1,2,1,1,3,2.2253,2.553
17,6,1,3,33,1,2,1,1,3,2.2022,2.5195
17,6,1,3,34,1,2,1,1,4,1.1722,1.4849
17,6,1,3,35,1,2,1,1,3,1.8481,2.4719
17,6,2,2,1,4,3,4,1,2,5.8653,6.6644
17,6,2,2,2,4,2,2,0,4,3.0015,3.4494
17,6,2,2,3,1,3,1,1,4,2.1896,2.6058
17,6,2,2,4,3,1,3,1,4,2.1169,2.4362
17,6,2,2,5,1,2,1,1,2,3.073,3.4572
17,6,2,2,6,1,2,1,1,4,1.4136,1.7353
17,6,2,2,7,2,4,2,1,4,1.2317,1.5519
17,6,2,2,8,2,1,2,1,4,0.85,1.1679
17,6,2,2,9,2,4,2,1,3,2.7397,3.1869
17,6,2,2,10,1,2,1,1,4,1.3943,1.7188
17,6,2,2,11,4,1,1,0,3,3.2125,3.6124
17,6,2,2,12,1,4,2,0,1,2.4266,3.8021
17,6,2,2,13,2,3,3,0,3,2.4473,2.7698
17,6,2,2,14,3,2,3,1,4,1.7752,2.1024
17,6,2,2,15,3,2,3,1,4,0.9056,1.218
17,6,2,2,16,4,1,4,1,3,3.0011,3.4329
17,6,2,2,17,1,2,2,0,3,2.2861,2.603
17,6,2,2,18,1,3,1,1,4,1.3173,1.6351
17,6,2,2,19,4,3,4,1,3,1.6829,2.0191
17,6,2,2,20,1,4,1,1,4,1.074,1.4016
17,6,2,2,21,4,3,4,1,2,1.6103,2.1216
17,6,2,2,22,2,1,2,1,4,1.5571,1.8856
17,6,2,2,23,4,2,2,0,3,2.8089,3.2571
17,6,2,2,24,1,4,1,1,4,1.0605,1.3849
17,6,2,2,25,2,4,2,1,4,1.3095,2.573
17,6,2,2,26,3,1,1,0,3,2.8848,4.1013
17,6,2,2,27,1,3,1,1,3,3.3907,3.7267
17,6,2,2,28,4,3,3,0,4,2.6156,3.2555
17,6,2,2,29,4,3,4,1,4,1.38,1.7021
17,6,2,2,30,2,1,2,1,4,1.1833,1.5016
17,6,2,2,31,1,4,1,1,4,2.211,2.5362
17,6,2,2,32,3,1,1,0,4,1.725,2.1403
17,6,2,2,33,4,3,3,0,2,2.8541,3.1743
17,6,2,2,34,1,4,1,1,4,1.6377,1.9521
17,6,2,2,35,4,2,2,0,4,1.7344,2.0521
17,6,3,1,1,4,,2,0,3,1.5453,1.8689
17,6,3,1,2,2,,2,1,3,1.582,2.2701
17,6,3,1,3,2,,2,1,4,1.0106,1.3349
17,6,3,1,4,3,,3,1,4,1.197,1.5184
17,6,3,1,5,3,,2,0,3,1.569,1.9208
17,6,3,1,6,4,,4,1,3,1.4437,1.8596
17,6,3,1,7,1,,1,1,4,1.9447,2.2693
17,6,3,1,8,4,,4,1,4,1.2446,1.5685
17,6,3,1,9,4,,4,1,2,2.1417,2.9898
17,6,3,1,10,2,,2,1,4,1.2051,1.5183
17,6,3,1,11,3,,2,0,2,2.3598,3.1116
17,6,3,1,12,4,,4,1,3,1.8008,2.1183
17,6,3,1,13,1,,1,1,4,1.1409,1.541
17,6,3,1,14,1,,1,1,4,1.3509,1.6876
17,6,3,1,15,4,,4,1,3,1.7949,2.1791
17,6,3,1,16,1,,1,1,3,2.8762,3.3074
17,6,3,1,17,1,,1,1,4,1.366,1.6852
17,6,3,1,18,1,,1,1,3,1.0098,1.5544
17,6,3,1,19,1,,1,1,4,0.9633,1.3158
17,6,3,1,20,2,,4,0,2,1.5188,2.5592
17,6,3,1,21,4,,2,0,3,2.1028,2.4193
17,6,3,1,22,1,,1,1,2,2.5336,3.4453
17,6,3,1,23,3,,3,1,4,1.93,2.2528
17,6,3,1,24,4,,4,1,4,1.615,1.9355
17,6,3,1,25,2,,2,1,4,0.9134,1.3453
17,6,3,1,26,1,,1,1,4,1.548,1.869
17,6,3,1,27,4,,4,1,4,0.9611,1.2849
17,6,3,1,28,1,,1,1,3,1.7741,2.1423
17,6,3,1,29,3,,3,1,3,1.7027,2.1031
17,6,3,1,30,3,,3,1,3,1.0901,1.4183
17,6,3,1,31,3,,3,1,4,1.1613,1.485
17,6,3,1,32,3,,3,1,3,1.1343,2.3024
17,6,3,1,33,1,,4,0,3,1.3289,1.7937
17,6,3,1,34,2,,2,1,4,1.3055,1.6185
17,6,3,1,35,1,,1,1,4,1.1922,1.5184
18,1,1,2,1,1,3,1,1,3,1.9586,2.6309
18,1,1,2,2,1,2,1,1,3,1.8371,2.5882
18,1,1,2,3,3,1,4,0,1,2.0367,4.9
18,1,1,2,4,3,1,3,1,3,1.3092,2.221
18,1,1,2,5,4,2,4,1,3,1.7311,2.4514
18,1,1,2,6,3,2,3,1,4,1.3763,1.7601
18,1,1,2,7,1,3,1,1,4,1.0813,1.4168
18,1,1,2,8,3,1,3,1,4,1.1054,1.4253
18,1,1,2,9,3,2,3,1,4,1.1443,1.8648
18,1,1,2,10,1,4,1,1,4,1.2942,1.7421
18,1,1,2,11,4,2,4,1,4,1.4162,1.7353
18,1,1,2,12,3,2,3,1,3,1.795,2.483
18,1,1,2,13,1,3,1,1,3,1.1677,1.7429
18,1,1,2,14,3,2,3,1,4,1.2255,1.6255
18,1,1,2,15,4,3,3,0,1,2.6169,3.0813
18,1,1,2,16,4,1,4,1,3,1.2601,2.3326
18,1,1,2,17,2,1,2,1,3,1.2792,2.0789
18,1,1,2,18,4,3,3,0,2,1.5636,2.2994
18,1,1,2,19,1,4,1,1,3,1.5677,2.4951
18,1,1,2,20,4,2,4,1,3,1.2746,2.6986
18,1,1,2,21,4,1,4,1,2,1.4381,2.2388
18,1,1,2,22,1,2,2,0,2,1.4607,2.2443
18,1,1,2,23,2,3,2,1,2,2.1064,2.9377
18,1,1,2,24,2,1,2,1,4,1.1072,1.6669
18,1,1,2,25,4,2,4,1,2,2.7041,3.6001
18,1,1,2,26,1,4,1,1,4,1.1825,1.6631
18,1,1,2,27,1,2,2,0,2,1.9005,2.7808
18,1,1,2,28,2,4,2,1,3,1.1809,1.5647
18,1,1,2,29,1,4,1,1,4,1.1665,1.7587
18,1,1,2,30,2,1,2,1,4,1.0801,1.6886
18,1,1,2,31,3,2,3,1,2,1.8927,2.6445
18,1,1,2,32,3,4,3,1,3,1.7219,2.0358
18,1,1,2,33,3,1,3,1,2,1.6078,2.0237
18,1,1,2,34,3,1,3,1,2,1.2222,1.7505
18,1,1,2,35,4,1,1,0,2,2.3031,3.0228
18,1,2,3,1,3,1,3,1,4,1.3864,2.4586
18,1,2,3,2,3,1,3,1,4,1.1116,1.4352
18,1,2,3,3,3,1,3,1,2,1.2616,1.614
18,1,2,3,4,3,1,3,1,2,1.326,1.9339
18,1,2,3,5,3,1,3,1,4,1.1991,1.7116
18,1,2,3,6,1,3,1,1,3,1.2114,1.6595
18,1,2,3,7,1,3,1,1,4,1.0646,1.4647
18,1,2,3,8,3,1,3,1,3,1.3432,2.2714
18,1,2,3,9,1,3,1,1,3,1.1393,1.4758
18,1,2,3,10,3,1,3,1,3,1.3372,1.7209
18,1,2,3,11,1,3,1,1,4,1.0755,1.3847
18,1,2,3,12,3,1,3,1,4,1.2596,1.6596
18,1,2,3,13,1,3,1,1,3,1.5766,2.2489
18,1,2,3,14,1,3,1,1,4,1.3752,1.9188
18,1,2,3,15,1,3,1,1,4,1.1384,1.458
18,1,2,3,16,1,3,1,1,2,1.5446,3.0801
18,1,2,3,17,1,3,1,1,2,1.868,2.1857
18,1,2,3,18,3,1,3,1,3,1.2993,2.8351
18,1,2,3,19,3,1,3,1,4,1.2008,1.633
18,1,2,3,20,3,1,3,1,3,1.2641,1.6163
18,1,2,3,21,1,3,1,1,2,1.3432,2.815
18,1,2,3,22,1,3,1,1,2,1.3741,1.8375
18,1,2,3,23,1,3,3,0,3,1.5069,1.8182
18,1,2,3,24,1,3,1,1,3,1.0338,1.5944
18,1,2,3,25,1,3,1,1,3,1.1307,1.5633
18,1,2,3,26,3,1,3,1,4,1.2292,1.629
18,1,2,3,27,1,3,1,1,4,1.0359,1.3877
18,1,2,3,28,3,1,3,1,4,1.3329,1.7484
18,1,2,3,29,1,3,1,1,4,1.135,1.5675
18,1,2,3,30,3,1,3,1,4,1.313,1.6648
18,1,2,3,31,3,1,3,1,4,1.07,1.4227
18,1,2,3,32,3,1,3,1,4,0.9656,1.2849
18,1,2,3,33,1,3,1,1,4,0.9461,1.2682
18,1,2,3,34,1,3,1,1,3,1.2159,1.535
18,1,2,3,35,1,3,3,0,2,1.3459,2.1783
18,1,3,1,1,1,,1,1,2,1.4739,2.3372
18,1,3,1,2,4,,4,1,2,1.5554,2.2914
18,1,3,1,3,4,,1,0,1,1.719,2.7433
18,1,3,1,4,3,,3,1,4,1.1767,1.5929
18,1,3,1,5,2,,2,1,3,1.3369,1.8648
18,1,3,1,6,4,,4,1,1,1.967,2.8787
18,1,3,1,7,2,,2,1,4,1.3065,1.7387
18,1,3,1,8,2,,2,1,3,1.3007,1.6184
18,1,3,1,9,3,,3,1,3,1.2994,1.9235
18,1,3,1,10,3,,3,1,4,1.062,1.4777
18,1,3,1,11,1,,1,1,4,1.1474,1.6439
18,1,3,1,12,4,,4,1,3,1.3063,1.6902
18,1,3,1,13,1,,1,1,4,1.0625,1.8623
18,1,3,1,14,4,,4,1,3,1.4045,2.0443
18,1,3,1,15,2,,2,1,4,1.2265,1.5944
18,1,3,1,16,2,,2,1,4,1.067,1.6428
18,1,3,1,17,2,,2,1,2,1.6097,2.2652
18,1,3,1,18,1,,1,1,2,1.3104,2.1262
18,1,3,1,19,4,,4,1,1,1.6576,1.9689
18,1,3,1,20,1,,1,1,1,1.642,2.1542
18,1,3,1,21,1,,1,1,1,1.7958,2.1197
18,1,3,1,22,3,,3,1,3,1.3099,1.6183
18,1,3,1,23,2,,2,1,3,1.0522,1.8206
18,1,3,1,24,2,,2,1,4,1.0598,1.3953
18,1,3,1,25,1,,1,1,4,1.1644,1.5158
18,1,3,1,26,2,,2,1,3,1.1362,1.5042
18,1,3,1,27,3,,1,0,1,1.4924,2.3559
18,1,3,1,28,4,,2,0,1,1.1566,1.7333
18,1,3,1,29,4,,4,1,2,1.7761,2.4159
18,1,3,1,30,1,,3,0,1,2.6068,3.3911
18,1,3,1,31,2,,2,1,3,1.0767,1.4607
18,1,3,1,32,4,,3,0,2,1.5639,2.2998
18,1,3,1,33,4,,2,0,1,1.3738,2.0777
18,1,3,1,34,3,,3,1,2,1.0991,1.6428
18,1,3,1,35,4,,4,1,2,1.4174,1.7849
18,2,1,2,1,3,4,3,1,4,1.281,2.0322
18,2,1,2,2,3,2,3,1,3,1.504,2.0956
18,2,1,2,3,4,3,4,1,3,1.42,2.0117
18,2,1,2,4,3,1,3,1,4,1.2752,1.723
18,2,1,2,5,4,3,4,1,3,1.2382,1.8622
18,2,1,2,6,4,2,4,1,3,1.3878,2.1721
18,2,1,2,7,4,3,3,0,2,2.004,2.5005
18,2,1,2,8,3,1,3,1,4,1.056,1.8242
18,2,1,2,9,1,4,4,0,1,3.2865,3.974
18,2,1,2,10,2,3,2,1,4,1.1092,2.7414
18,2,1,2,11,3,4,3,1,2,1.8947,3.0943
18,2,1,2,12,2,3,3,0,2,2.2177,2.8418
18,2,1,2,13,2,4,2,1,4,1.0953,1.4145
18,2,1,2,14,2,3,2,1,2,1.2474,1.7587
18,2,1,2,15,4,2,2,0,2,1.5119,2.0882
18,2,1,2,16,1,4,1,1,4,1.1562,1.4762
18,2,1,2,17,1,2,2,0,1,1.2575,2.2177
18,2,1,2,18,4,3,4,1,2,2.3516,3.3757
18,2,1,2,19,4,1,1,0,1,1.9261,2.3747
18,2,1,2,20,2,1,2,1,2,1.6073,2.7908
18,2,1,2,21,3,2,2,0,2,1.0147,1.4144
18,2,1,2,22,1,2,2,0,1,2.0459,2.8783
18,2,1,2,23,2,1,2,1,4,1.4502,1.7688
18,2,1,2,24,2,1,2,1,4,1.0428,1.3514
18,2,1,2,25,1,2,1,1,4,1.2936,1.6018
18,2,1,2,26,3,4,4,0,1,2.3016,2.9728
18,2,1,2,27,4,2,4,1,4,1.4771,1.7853
18,2,1,2,28,1,3,3,0,1,3.2135,3.7256
18,2,1,2,29,2,1,2,1,4,1.1266,1.5263
18,2,1,2,30,1,4,4,0,2,1.9298,2.6173
18,2,1,2,31,1,2,1,1,4,1.0074,1.318
18,2,1,2,32,4,2,4,1,2,1.4195,2.1229
18,2,1,2,33,1,3,3,0,2,2.7737,3.654
18,2,1,2,34,2,1,2,1,4,1.0096,2.4176
18,2,1,2,35,3,1,1,0,1,3.6792,4.3514
18,2,2,1,1,1,,1,1,4,1.2538,1.8456
18,2,2,1,2,4,,4,1,1,1.4844,2.2044
18,2,2,1,3,3,,3,1,4,1.3311,1.6514
18,2,2,1,4,4,,4,1,4,1.329,1.6518
18,2,2,1,5,3,,3,1,4,1.2949,1.6185
18,2,2,1,6,3,,3,1,2,1.9813,2.3819
18,2,2,1,7,3,,3,1,3,1.5021,2.1098
18,2,2,1,8,2,,2,1,4,1.0812,1.4018
18,2,2,1,9,2,,2,1,4,1.0571,1.457
18,2,2,1,10,3,,3,1,4,1.1912,1.5018
18,2,2,1,11,1,,1,1,4,1.1949,1.7229
18,2,2,1,12,1,,2,0,2,1.2066,1.5902
18,2,2,1,13,1,,1,1,4,1.2227,1.6544
18,2,2,1,14,4,,4,1,4,1.2844,1.7803
18,2,2,1,15,2,,2,1,4,1.5814,1.9175
18,2,2,1,16,1,,2,0,4,1.1684,1.485
18,2,2,1,17,3,,3,1,3,1.7003,2.6286
18,2,2,1,18,3,,4,0,1,1.5143,2.1865
18,2,2,1,19,3,,3,1,4,1.2026,1.5225
18,2,2,1,20,3,,1,0,1,1.4773,1.9733
18,2,2,1,21,3,,2,0,1,1.2545,1.6227
18,2,2,1,22,3,,1,0,1,1.9259,2.2357
18,2,2,1,23,4,,1,0,1,1.7545,2.1707
18,2,2,1,24,4,,3,0,1,1.4272,1.8434
18,2,2,1,25,1,,1,1,3,1.2739,1.9296
18,2,2,1,26,2,,2,1,4,1.0049,1.3181
18,2,2,1,27,2,,2,1,4,1.5913,1.9277
18,2,2,1,28,1,,1,1,4,1.0181,1.3546
18,2,2,1,29,2,,2,1,4,0.933,1.2521
18,2,2,1,30,4,,4,1,1,1.7143,2.4984
18,2,2,1,31,4,,1,0,3,1.2306,1.662
18,2,2,1,32,4,,4,1,3,1.564,2.332
18,2,2,1,33,4,,4,1,3,1.055,1.839
18,2,2,1,34,3,,3,1,3,1.5409,1.9731
18,2,2,1,35,1,,2,0,2,1.7023,2.4057
18,2,3,3,1,2,1,2,1,4,1.2759,2.3478
18,2,3,3,2,1,2,1,1,4,1.0534,1.4536
18,2,3,3,3,1,2,1,1,4,1.0756,1.4114
18,2,3,3,4,2,1,2,1,4,0.9879,1.3015
18,2,3,3,5,2,1,2,1,4,0.9507,1.2679
18,2,3,3,6,2,1,2,1,4,0.9009,1.218
18,2,3,3,7,2,1,2,1,3,1.4596,1.9077
18,2,3,3,8,2,1,2,1,4,0.9191,1.2348
18,2,3,3,9,2,1,2,1,4,0.8531,1.1679
18,2,3,3,10,2,1,2,1,2,1.6234,2.3909
18,2,3,3,11,2,1,2,1,4,1.063,1.385
18,2,3,3,12,1,2,1,1,2,1.2315,2.0478
18,2,3,3,13,1,2,1,1,3,1.2141,1.6138
18,2,3,3,14,2,1,2,1,3,1.1972,2.0617
18,2,3,3,15,1,2,1,1,3,1.0669,1.385
18,2,3,3,16,2,1,2,1,3,1.0755,1.3849
18,2,3,3,17,1,2,1,1,1,1.7716,2.348
18,2,3,3,18,2,1,2,1,4,1.0213,1.3349
18,2,3,3,19,2,1,2,1,3,0.9361,1.2514
18,2,3,3,20,2,1,2,1,2,1.4941,1.8621
18,2,3,3,21,1,2,1,1,3,1.1157,1.4674
18,2,3,3,22,1,2,1,1,4,1.3295,1.6519
18,2,3,3,23,2,1,2,1,3,0.9099,1.7583
18,2,3,3,24,1,2,1,1,4,1.4319,1.768
18,2,3,3,25,2,1,2,1,4,0.8807,1.2017
18,2,3,3,26,1,2,1,1,3,1.4255,1.8736
18,2,3,3,27,2,1,2,1,3,1.0941,1.6065
18,2,3,3,28,2,1,2,1,2,1.7664,2.2302
18,2,3,3,29,2,1,2,1,3,1.0198,1.3347
18,2,3,3,30,1,2,1,1,3,1.1588,1.4947
18,2,3,3,31,2,1,2,1,4,1.004,1.3182
18,2,3,3,32,1,2,2,0,1,1.7026,2.071
18,2,3,3,33,1,2,1,1,2,1.6359,2.0519
18,2,3,3,34,2,1,2,1,4,1.0093,1.3181
18,2,3,3,35,1,2,1,1,2,1.0999,1.6435
18,3,1,1,1,1,,1,1,2,1.695,2.0792
18,3,1,1,2,1,,4,0,1,1.4038,1.8836
18,3,1,1,3,2,,2,1,4,1.0085,1.3183
18,3,1,1,4,1,,1,1,3,1.0513,1.4834
18,3,1,1,5,1,,1,1,3,1.2161,1.8404
18,3,1,1,6,3,,4,0,2,1.4948,1.9589
18,3,1,1,7,4,,4,1,2,1.3203,1.7524
18,3,1,1,8,1,,1,1,3,1.042,1.3515
18,3,1,1,9,3,,4,0,1,1.5484,1.9161
18,3,1,1,10,1,,1,1,3,1.1034,1.4184
18,3,1,1,11,2,,2,1,4,1.0778,1.446
18,3,1,1,12,3,,3,1,2,1.357,2.0132
18,3,1,1,13,1,,1,1,4,0.9563,1.2681
18,3,1,1,14,3,,3,1,2,1.4979,2.0418
18,3,1,1,15,3,,4,0,1,1.4164,1.7353
18,3,1,1,16,1,,4,0,2,1.1708,1.587
18,3,1,1,17,2,,2,1,3,1.2025,1.9864
18,3,1,1,18,3,,3,1,4,1.2344,1.6188
18,3,1,1,19,1,,2,0,1,2.2101,2.9141
18,3,1,1,20,3,,3,1,3,1.1484,1.4683
18,3,1,1,21,2,,2,1,2,1.1375,1.954
18,3,1,1,22,2,,3,0,1,2.1477,2.4696
18,3,1,1,23,2,,2,1,1,1.5669,2.1111
18,3,1,1,24,4,,4,1,3,1.0343,1.6097
18,3,1,1,25,2,,2,1,4,1.1782,1.5462
18,3,1,1,26,4,,4,1,2,1.2771,1.7891
18,3,1,1,27,3,,3,1,4,1.237,1.6215
18,3,1,1,28,2,,2,1,4,1.0604,1.3681
18,3,1,1,29,3,,3,1,4,1.1172,1.4689
18,3,1,1,30,1,,1,1,2,1.1701,2.2102
18,3,1,1,31,3,,3,1,3,1.1138,1.7058
18,3,1,1,32,2,,2,1,2,1.1415,1.7016
18,3,1,1,33,3,,3,1,1,1.2492,1.7768
18,3,1,1,34,4,,4,1,3,1.0826,1.8344
18,3,1,1,35,2,,2,1,4,1.0085,1.3181
18,3,2,2,1,3,2,3,1,1,1.6189,2.8828
18,3,2,2,2,2,4,2,1,4,1.3747,1.743
18,3,2,2,3,2,4,2,1,4,1.1613,1.4851
18,3,2,2,4,1,2,1,1,4,1.3896,1.8221
18,3,2,2,5,2,1,2,1,4,1.0449,1.3685
18,3,2,2,6,3,1,3,1,2,2.7657,3.806
18,3,2,2,7,4,1,4,1,3,2.1161,2.8675
18,3,2,2,8,1,2,1,1,4,1.2798,1.9682
18,3,2,2,9,4,3,4,1,4,1.2812,1.6814
18,3,2,2,10,2,4,2,1,4,1.166,1.5341
18,3,2,2,11,2,3,3,0,1,3.1208,4.4005
18,3,2,2,12,4,1,4,1,4,1.2145,1.566
18,3,2,2,13,3,2,3,1,4,1.3124,1.8246
18,3,2,2,14,1,2,1,1,4,1.2235,1.535
18,3,2,2,15,2,3,2,1,4,1.0821,1.4017
18,3,2,2,16,2,4,2,1,3,1.154,1.5059
18,3,2,2,17,1,4,1,1,4,1.1099,1.4182
18,3,2,2,18,2,3,2,1,2,2.541,3.0697
18,3,2,2,19,4,1,4,1,1,2.0014,3.3768
18,3,2,2,20,3,1,3,1,4,1.4641,1.9441
18,3,2,2,21,1,2,1,1,4,1.0663,1.4025
18,3,2,2,22,2,3,2,1,4,0.995,1.3627
18,3,2,2,23,3,2,3,1,3,1.3092,1.8367
18,3,2,2,24,3,2,3,1,2,1.2827,1.8273
18,3,2,2,25,1,3,1,1,4,1.0023,1.3222
18,3,2,2,26,1,2,2,0,1,2.1974,3.3496
18,3,2,2,27,4,1,4,1,4,1.1026,1.4182
18,3,2,2,28,1,3,1,1,3,1.4781,2.502
18,3,2,2,29,2,4,2,1,3,1.2323,1.6487
18,3,2,2,30,2,4,2,1,3,1.023,1.7586
18,3,2,2,31,2,4,4,0,1,1.4009,2.8729
18,3,2,2,32,4,3,4,1,2,1.6686,2.3405
18,3,2,2,33,3,1,3,1,3,1.3982,1.9105
18,3,2,2,34,2,4,2,1,4,1.0016,1.3183
18,3,2,2,35,3,2,3,1,4,1.1722,1.4849
18,3,3,3,1,4,3,3,0,2,1.5842,2.4803
18,3,3,3,2,3,4,3,1,4,1.1647,1.4851
18,3,3,3,3,4,3,4,1,3,1.3134,2.1294
18,3,3,3,4,4,3,4,1,4,1.0682,1.385
18,3,3,3,5,3,4,3,1,2,1.1397,1.9882
18,3,3,3,6,4,3,4,1,3,1.028,1.3517
18,3,3,3,7,4,3,4,1,1,1.5183,2.078
18,3,3,3,8,3,4,3,1,3,1.3545,1.7391
18,3,3,3,9,3,4,3,1,3,1.0298,1.3516
18,3,3,3,10,3,4,3,1,4,0.9279,1.2517
18,3,3,3,11,4,3,4,1,2,0.9892,1.5967
18,3,3,3,12,3,4,3,1,4,0.9893,1.3014
18,3,3,3,13,4,3,4,1,3,1.0971,1.4183
18,3,3,3,14,3,4,3,1,2,1.0727,1.7765
18,3,3,3,15,4,3,4,1,3,1.1935,1.7059
18,3,3,3,16,3,4,3,1,4,0.9812,1.3175
18,3,3,3,17,3,4,3,1,1,1.2967,1.7612
18,3,3,3,18,4,3,4,1,1,1.1629,1.6911
18,3,3,3,19,3,4,3,1,4,1.0146,1.3349
18,3,3,3,20,3,4,3,1,4,0.9613,1.3611
18,3,3,3,21,4,3,4,1,4,1.163,1.485
18,3,3,3,22,4,3,4,1,3,0.9112,1.3119
18,3,3,3,23,3,4,3,1,3,1.1002,1.8515
18,3,3,3,24,3,4,3,1,2,1.3457,1.8893
18,3,3,3,25,4,3,4,1,4,1.0297,1.3517
18,3,3,3,26,3,4,3,1,4,1.0237,1.3347
18,3,3,3,27,3,4,3,1,4,1.0498,1.3682
18,3,3,3,28,3,4,3,1,4,1.0437,1.3514
18,3,3,3,29,4,3,4,1,1,1.1808,1.8206
18,3,3,3,30,3,4,3,1,4,1.1562,1.5083
18,3,3,3,31,4,3,3,0,4,1.0162,1.3359
18,3,3,3,32,3,4,3,1,4,0.9792,1.3016
18,3,3,3,33,4,3,4,1,4,0.9112,1.2349
18,3,3,3,34,3,4,3,1,4,1.054,1.3683
18,3,3,3,35,3,4,3,1,3,2.1189,2.7586
18,4,1,3,1,4,1,4,1,3,1.2247,1.7048
18,4,1,3,2,4,1,1,0,3,1.4285,2.1169
18,4,1,3,3,4,1,4,1,2,1.2633,1.8075
18,4,1,3,4,1,4,1,1,4,0.8709,1.1846
18,4,1,3,5,4,1,4,1,4,1.0792,1.4016
18,4,1,3,6,4,1,4,1,3,1.0713,1.5193
18,4,1,3,7,4,1,1,0,2,1.3308,1.6985
18,4,1,3,8,1,4,1,1,1,1.8708,2.1858
18,4,1,3,9,1,4,1,1,3,1.0138,1.3347
18,4,1,3,10,4,1,1,0,1,2.1928,2.5026
18,4,1,3,11,4,1,4,1,1,1.6757,2.7469
18,4,1,3,12,4,1,4,1,4,1.0852,1.4017
18,4,1,3,13,4,1,4,1,2,1.4122,1.9083
18,4,1,3,14,4,1,4,1,3,1.0316,1.3517
18,4,1,3,15,4,1,4,1,3,1.0261,1.6659
18,4,1,3,16,1,4,1,1,3,1.2478,1.5838
18,4,1,3,17,4,1,4,1,4,0.9447,1.2962
18,4,1,3,18,4,1,4,1,2,1.4216,2.3169
18,4,1,3,19,1,4,1,1,2,1.3118,1.7599
18,4,1,3,20,1,4,1,1,4,0.9055,1.218
18,4,1,3,21,4,1,4,1,4,1.0492,1.3682
18,4,1,3,22,4,1,4,1,4,0.9947,1.3183
18,4,1,3,23,4,1,4,1,3,1.0053,1.3417
18,4,1,3,24,4,1,4,1,4,0.9367,1.2562
18,4,1,3,25,1,4,1,1,4,1.0946,2.3587
18,4,1,3,26,1,4,1,1,2,1.048,1.5432
18,4,1,3,27,4,1,4,1,4,0.8424,1.1621
18,4,1,3,28,4,1,4,1,4,1.0203,1.4363
18,4,1,3,29,4,1,4,1,4,1.2672,1.5851
18,4,1,3,30,4,1,4,1,2,1.1401,1.5397
18,4,1,3,31,1,4,1,1,4,0.951,1.8308
18,4,1,3,32,4,1,4,1,4,0.9098,1.2179
18,4,1,3,33,4,1,4,1,4,0.8928,1.2014
18,4,1,3,34,4,1,4,1,4,0.7973,1.1179
18,4,1,3,35,1,4,1,1,4,0.8816,1.2013
18,4,2,1,1,1,,4,0,3,1.4482,2.4085
18,4,2,1,2,4,,4,1,3,0.9838,1.3838
18,4,2,1,3,4,,4,1,1,1.7443,2.2407
18,4,2,1,4,1,,1,1,2,1.1576,1.6058
18,4,2,1,5,2,,2,1,4,0.9818,1.366
18,4,2,1,6,4,,4,1,3,1.1671,1.4852
18,4,2,1,7,4,,4,1,2,1.4118,1.7954
18,4,2,1,8,2,,2,1,4,0.9394,1.3722
18,4,2,1,9,1,,2,0,3,1.1249,1.909
18,4,2,1,10,3,,3,1,2,1.6083,3.0317
18,4,2,1,11,2,,2,1,4,1.0541,2.03
18,4,2,1,12,3,,3,1,3,1.4207,2.2687
18,4,2,1,13,2,,2,1,4,1.0091,1.3181
18,4,2,1,14,1,,1,1,4,1.0044,1.318
18,4,2,1,15,3,,3,1,1,1.7354,2.1677
18,4,2,1,16,2,,2,1,3,1.0721,1.4241
18,4,2,1,17,3,,3,1,2,1.5116,2.7437
18,4,2,1,18,4,,4,1,1,1.4169,1.7353
18,4,2,1,19,1,,1,1,4,1.0116,1.5075
18,4,2,1,20,1,,1,1,1,1.7196,2.0356
18,4,2,1,21,1,,1,1,3,1.2043,1.5246
18,4,2,1,22,4,,2,0,2,0.9997,1.5602
18,4,2,1,23,4,,4,1,2,1.2097,1.6262
18,4,2,1,24,1,,1,1,4,0.8893,1.2013
18,4,2,1,25,1,,1,1,4,0.9202,1.2346
18,4,2,1,26,1,,2,0,4,0.9679,1.2871
18,4,2,1,27,1,,1,1,3,1.0282,1.6205
18,4,2,1,28,3,,3,1,2,1.1713,1.9239
18,4,2,1,29,2,,2,1,3,1.2389,1.9747
18,4,2,1,30,4,,2,0,2,1.1597,1.6399
18,4,2,1,31,2,,2,1,3,0.9657,1.2849
18,4,2,1,32,4,,4,1,3,1.3309,2.1788
18,4,2,1,33,1,,1,1,4,1.0035,1.3239
18,4,2,1,34,1,,4,0,2,1.1434,1.687
18,4,2,1,35,4,,2,0,2,1.0431,1.3517
18,4,3,2,1,4,1,4,1,2,1.2207,1.6842
18,4,3,2,2,4,2,4,1,3,1.1207,1.6332
18,4,3,2,3,2,4,2,1,4,1.1353,1.5037
18,4,3,2,4,3,2,3,1,3,1.2354,1.8597
18,4,3,2,5,1,3,1,1,2,1.2732,1.7053
18,4,3,2,6,2,4,2,1,4,1.0444,1.4924
18,4,3,2,7,3,4,3,1,3,1.2415,1.5776
18,4,3,2,8,1,3,3,0,2,2.0903,2.9068
18,4,3,2,9,4,1,4,1,2,2.0051,2.5176
18,4,3,2,10,2,3,2,1,2,1.9197,2.4478
18,4,3,2,11,3,4,3,1,3,1.3573,2.1092
18,4,3,2,12,1,3,1,1,2,1.288,1.8001
18,4,3,2,13,4,1,4,1,2,1.6003,2.3361
18,4,3,2,14,2,4,2,1,4,1.0262,1.3349
18,4,3,2,15,3,1,3,1,4,1.1162,1.435
18,4,3,2,16,2,4,2,1,4,1.0911,1.4015
18,4,3,2,17,1,2,1,1,4,1.0821,1.4018
18,4,3,2,18,1,2,1,1,3,1.2663,2.0019
18,4,3,2,19,4,1,1,0,1,3.09,3.6657
18,4,3,2,20,3,4,3,1,4,1.1653,1.4852
18,4,3,2,21,4,2,2,0,2,1.0264,1.7619
18,4,3,2,22,1,4,1,1,4,0.9881,1.5156
18,4,3,2,23,4,2,4,1,4,1.168,1.5673
18,4,3,2,24,2,3,2,1,3,0.8809,1.2174
18,4,3,2,25,3,1,3,1,4,1.2328,1.5518
18,4,3,2,26,4,1,4,1,2,1.2505,1.7462
18,4,3,2,27,3,2,2,0,2,1.2132,1.5351
18,4,3,2,28,2,4,2,1,3,1.4396,1.7518
18,4,3,2,29,2,4,2,1,4,1.0171,1.3351
18,4,3,2,30,2,3,2,1,4,1.0441,1.3683
18,4,3,2,31,1,3,3,0,1,2.605,3.9169
18,4,3,2,32,4,1,4,1,4,1.1025,1.4184
18,4,3,2,33,4,2,2,0,1,2.0689,3.2211
18,4,3,2,34,3,4,3,1,3,1.0907,1.4908
18,4,3,2,35,2,3,2,1,4,0.8716,1.1847
18,5,1,3,1,2,3,2,1,3,1.3086,1.8692
18,5,1,3,2,2,3,2,1,2,2.21,3.7619
18,5,1,3,3,2,3,2,1,4,1.0177,1.3349
18,5,1,3,4,2,3,2,1,4,0.8678,1.1846
18,5,1,3,5,3,2,3,1,4,0.9807,1.3014
18,5,1,3,6,2,3,2,1,4,0.817,1.1346
18,5,1,3,7,3,2,3,1,4,1.2683,1.585
18,5,1,3,8,3,2,3,1,4,0.9963,1.3183
18,5,1,3,9,3,2,3,1,4,0.9115,1.2347
18,5,1,3,10,2,3,2,1,4,0.9262,1.2347
18,5,1,3,11,2,3,2,1,4,0.8932,1.2013
18,5,1,3,12,3,2,3,1,2,1.2778,1.662
18,5,1,3,13,3,2,3,1,3,1.0199,1.3557
18,5,1,3,14,2,3,2,1,3,1.11,1.7973
18,5,1,3,15,3,2,3,1,4,1.0698,1.4376
18,5,1,3,16,2,3,2,1,4,1.0131,1.335
18,5,1,3,17,3,2,3,1,4,1.0393,1.3517
18,5,1,3,18,2,3,2,1,4,0.8419,1.1511
18,5,1,3,19,3,2,3,1,4,0.971,1.2849
18,5,1,3,20,2,3,2,1,4,0.8568,1.168
18,5,1,3,21,3,2,3,1,4,1.0017,1.318
18,5,1,3,22,2,3,2,1,4,1.1885,1.5253
18,5,1,3,23,2,3,2,1,4,0.9202,1.2347
18,5,1,3,24,3,2,3,1,4,1.0465,1.3683
18,5,1,3,25,2,3,2,1,4,1.0239,1.3347
18,5,1,3,26,3,2,2,0,1,1.1792,1.6752
18,5,1,3,27,3,2,3,1,3,1.2078,1.9282
18,5,1,3,28,3,2,3,1,1,1.6426,2.4266
18,5,1,3,29,2,3,2,1,3,0.9689,1.3054
18,5,1,3,30,3,2,3,1,4,1.0617,1.3851
18,5,1,3,31,3,2,3,1,4,0.9414,1.2513
18,5,1,3,32,3,2,3,1,4,0.8916,1.2014
18,5,1,3,33,2,3,2,1,4,0.8917,1.2012
18,5,1,3,34,2,3,2,1,4,0.9082,1.2179
18,5,1,3,35,2,3,2,1,4,0.7951,1.3554
18,5,2,2,1,1,4,1,1,2,1.4202,2.0924
18,5,2,2,2,3,4,3,1,3,1.2403,1.7202
18,5,2,2,3,2,1,2,1,3,1.0279,1.3797
18,5,2,2,4,3,2,3,1,3,1.2449,1.5648
18,5,2,2,5,4,1,4,1,3,1.0229,1.335
18,5,2,2,6,2,3,2,1,4,1.018,1.335
18,5,2,2,7,4,3,4,1,2,1.22,1.6678
18,5,2,2,8,1,4,1,1,3,0.9454,1.2811
18,5,2,2,9,3,4,3,1,2,1.4065,2.0791
18,5,2,2,10,3,4,3,1,3,1.0677,1.3874
18,5,2,2,11,1,2,1,1,4,0.9962,1.3184
18,5,2,2,12,3,2,3,1,2,1.4555,2.0161
18,5,2,2,13,4,3,4,1,2,1.3752,1.7109
18,5,2,2,14,1,3,1,1,1,2.5714,2.8865
18,5,2,2,15,3,1,3,1,4,1.1414,1.4936
18,5,2,2,16,2,4,2,1,2,1.2585,2.2821
18,5,2,2,17,1,2,1,1,4,1.5028,1.9026
18,5,2,2,18,3,2,3,1,3,1.2343,1.6658
18,5,2,2,19,2,1,2,1,3,0.9912,1.3016
18,5,2,2,20,1,4,1,1,3,1.0195,1.3875
18,5,2,2,21,4,1,4,1,1,1.5886,2.1164
18,5,2,2,22,1,2,1,1,4,1.0874,1.4227
18,5,2,2,23,1,2,2,0,4,1.0628,1.4622
18,5,2,2,24,3,2,3,1,3,1.2766,1.6123
18,5,2,2,25,1,3,1,1,4,1.1968,1.5185
18,5,2,2,26,3,2,3,1,3,1.1679,1.4849
18,5,2,2,27,1,3,1,1,3,1.428,1.735
18,5,2,2,28,3,2,3,1,4,1.0862,1.4015
18,5,2,2,29,3,4,3,1,1,2.7258,3.2864
18,5,2,2,30,4,2,4,1,3,1.1212,1.4413
18,5,2,2,31,3,2,3,1,3,1.3514,1.672
18,5,2,2,32,1,3,1,1,4,0.9491,1.2682
18,5,2,2,33,2,3,2,1,3,1.2345,1.5516
18,5,2,2,34,3,1,3,1,2,1.1563,1.7003
18,5,2,2,35,3,4,4,0,1,2.3837,3.2322
18,5,3,1,1,2,,2,1,3,1.0918,1.6206
18,5,3,1,2,3,,3,1,4,1.0439,1.3685
18,5,3,1,3,2,,2,1,2,1.3087,1.7093
18,5,3,1,4,1,,1,1,4,1.0008,1.3208
18,5,3,1,5,3,,3,1,3,1.1884,1.6041
18,5,3,1,6,1,,1,1,3,0.9805,1.3017
18,5,3,1,7,4,,2,0,2,1.0719,1.5673
18,5,3,1,8,3,,3,1,4,1.1686,1.7927
18,5,3,1,9,2,,2,1,4,0.937,1.2516
18,5,3,1,10,1,,1,1,1,1.5279,1.8353
18,5,3,1,11,1,,1,1,3,1.3096,1.6303
18,5,3,1,12,4,,4,1,1,1.4215,1.8216
18,5,3,1,13,3,,1,0,1,1.8765,2.1857
18,5,3,1,14,1,,1,1,4,1.1642,1.485
18,5,3,1,15,3,,3,1,4,1.5683,1.9372
18,5,3,1,16,2,,2,1,3,1.139,1.9392
18,5,3,1,17,4,,4,1,2,1.4932,1.8127
18,5,3,1,18,2,,2,1,3,1.3884,1.8689
18,5,3,1,19,2,,2,1,4,0.9136,1.3937
18,5,3,1,20,3,,3,1,4,1.2267,1.6107
18,5,3,1,21,1,,1,1,1,1.3545,1.8184
18,5,3,1,22,1,,2,0,2,1.4256,2.4653
18,5,3,1,23,4,,4,1,2,1.2147,1.5981
18,5,3,1,24,2,,2,1,4,1.5191,1.8355
18,5,3,1,25,2,,2,1,1,1.6537,2.4049
18,5,3,1,26,2,,2,1,3,1.0606,1.6203
18,5,3,1,27,4,,1,0,1,1.3796,1.7791
18,5,3,1,28,1,,1,1,4,0.9724,1.2848
18,5,3,1,29,4,,3,0,2,1.1134,1.5618
18,5,3,1,30,1,,1,1,3,0.987,1.4034
18,5,3,1,31,3,,3,1,4,1.1715,1.5398
18,5,3,1,32,3,,3,1,4,1.3498,1.7017
18,5,3,1,33,3,,3,1,2,1.0737,1.4418
18,5,3,1,34,2,,2,1,4,1.0962,1.4184
18,5,3,1,35,2,,2,1,4,1.0565,1.3683
18,6,1,1,1,2,,2,1,1,1.3324,1.8767
18,6,1,1,2,1,,1,1,4,0.9859,1.3015
18,6,1,1,3,1,,1,1,1,1.8448,2.3408
18,6,1,1,4,4,,4,1,2,1.1588,1.5428
18,6,1,1,5,4,,4,1,2,1.1613,1.6259
18,6,1,1,6,3,,3,1,3,1.2088,1.5182
18,6,1,1,7,1,,1,1,4,1.2598,1.5685
18,6,1,1,8,2,,2,1,2,1.3098,1.7896
18,6,1,1,9,2,,2,1,4,0.9182,1.6218
18,6,1,1,10,2,,2,1,4,1.0294,1.4134
18,6,1,1,11,4,,4,1,2,1.6453,2.2207
18,6,1,1,12,3,,4,0,1,1.6517,2.9313
18,6,1,1,13,2,,2,1,3,1.181,1.9654
18,6,1,1,14,1,,1,1,4,0.9748,1.5832
18,6,1,1,15,4,,4,1,1,1.4874,1.8076
18,6,1,1,16,4,,2,0,1,1.2711,1.6235
18,6,1,1,17,3,,3,1,3,1.0301,2.0227
18,6,1,1,18,4,,4,1,3,1.1256,1.7012
18,6,1,1,19,3,,3,1,4,0.977,1.3773
18,6,1,1,20,4,,4,1,4,0.9859,1.301
18,6,1,1,21,4,,3,0,1,1.3508,1.719
18,6,1,1,22,2,,2,1,4,0.9301,1.2516
18,6,1,1,23,2,,2,1,4,1.023,1.3347
18,6,1,1,24,1,,1,1,4,1.0337,1.3515
18,6,1,1,25,2,,2,1,4,0.8676,1.1844
18,6,1,1,26,4,,4,1,3,1.0294,1.3516
18,6,1,1,27,2,,2,1,4,1.056,1.3684
18,6,1,1,28,4,,4,1,1,1.0172,1.3349
18,6,1,1,29,3,,3,1,3,1.2356,1.5518
18,6,1,1,30,2,,2,1,3,0.9181,1.2347
18,6,1,1,31,2,,2,1,3,0.9157,1.2345
18,6,1,1,32,4,,4,1,1,1.2514,1.6992
18,6,1,1,33,3,,3,1,3,1.0398,1.5357
18,6,1,1,34,3,,3,1,3,0.9623,1.2849
18,6,1,1,35,1,,4,0,1,1.311,1.6356
18,6,2,3,1,2,4,2,1,1,1.3004,1.7966
18,6,2,3,2,4,2,4,1,3,0.9888,1.3087
18,6,2,3,3,2,4,4,0,1,2.2489,3.033
18,6,2,3,4,4,2,4,1,4,0.9746,1.2849
18,6,2,3,5,4,2,4,1,4,0.8597,1.1681
18,6,2,3,6,2,4,2,1,3,0.8936,1.2182
18,6,2,3,7,2,4,2,1,4,0.8284,1.1513
18,6,2,3,8,2,4,2,1,3,0.7502,1.0679
18,6,2,3,9,2,4,2,1,3,0.9804,1.3015
18,6,2,3,10,2,4,2,1,4,0.8647,1.1849
18,6,2,3,11,2,4,2,1,4,1.0898,1.4016
18,6,2,3,12,2,4,2,1,3,0.8736,1.2097
18,6,2,3,13,4,2,4,1,2,1.0179,1.4016
18,6,2,3,14,4,2,2,0,2,0.8986,1.2181
18,6,2,3,15,4,2,4,1,2,1.026,1.3621
18,6,2,3,16,2,4,2,1,4,0.8442,1.1682
18,6,2,3,17,4,2,4,1,4,0.8621,1.1849
18,6,2,3,18,2,4,2,1,4,0.8782,1.2013
18,6,2,3,19,2,4,2,1,4,0.7349,1.0513
18,6,2,3,20,2,4,2,1,4,0.7734,1.0845
18,6,2,3,21,2,4,2,1,4,0.7308,1.0513
18,6,2,3,22,2,4,2,1,3,0.817,1.1347
18,6,2,3,23,2,4,2,1,4,0.8358,1.1513
18,6,2,3,24,4,2,4,1,2,1.0783,1.4016
18,6,2,3,25,2,4,2,1,4,0.9104,1.218
18,6,2,3,26,4,2,4,1,1,1.23,1.614
18,6,2,3,27,4,2,4,1,1,1.4224,1.7355
18,6,2,3,28,4,2,2,0,1,2.2008,2.5196
18,6,2,3,29,4,2,4,1,3,1.0578,1.5221
18,6,2,3,30,4,2,4,1,4,1.0292,1.7975
18,6,2,3,31,4,2,4,1,2,1.0862,1.5982
18,6,2,3,32,2,4,2,1,2,1.2786,1.6947
18,6,2,3,33,2,4,2,1,2,0.9546,1.2683
18,6,2,3,34,4,2,4,1,3,1.1768,1.6728
18,6,2,3,35,2,4,2,1,4,0.9972,1.3183
18,6,3,2,1,2,1,2,1,4,1.0802,1.4016
18,6,3,2,2,4,3,4,1,1,1.9517,2.6563
18,6,3,2,3,4,2,4,1,4,1.2371,1.5568
18,6,3,2,4,2,4,2,1,4,0.9828,1.3016
18,6,3,2,5,4,2,4,1,3,1.1068,1.4185
18,6,3,2,6,1,3,1,1,4,1.1785,1.5019
18,6,3,2,7,3,2,3,1,3,1.0865,1.6465
18,6,3,2,8,3,1,3,1,2,1.2289,1.7093
18,6,3,2,9,3,4,3,1,4,1.0647,1.433
18,6,3,2,10,4,3,4,1,1,1.6957,2.1275
18,6,3,2,11,3,1,3,1,3,1.4981,1.8188
18,6,3,2,12,2,4,4,0,1,1.4095,1.8887
18,6,3,2,13,4,1,4,1,3,0.8853,1.2014
18,6,3,2,14,3,4,3,1,4,1.2218,1.5415
18,6,3,2,15,1,3,1,1,4,1.1445,1.6884
18,6,3,2,16,4,3,3,0,2,1.2371,1.6845
18,6,3,2,17,3,4,3,1,4,0.9611,1.3131
18,6,3,2,18,4,1,4,1,3,1.6617,2.1736
18,6,3,2,19,3,2,3,1,3,1.1263,1.542
18,6,3,2,20,1,2,1,1,4,0.9203,1.2349
18,6,3,2,21,1,3,1,1,4,0.9674,1.2848
18,6,3,2,22,1,4,1,1,2,2.1488,2.7887
18,6,3,2,23,4,1,4,1,1,1.7315,2.0524
18,6,3,2,24,1,2,2,0,3,3.3131,3.9528
18,6,3,2,25,3,4,3,1,3,1.0889,1.4407
18,6,3,2,26,1,3,1,1,4,1.0152,1.335
18,6,3,2,27,3,2,3,1,4,1.1058,1.4262
18,6,3,2,28,4,1,4,1,4,1.2097,1.5183
18,6,3,2,29,2,3,2,1,2,1.293,1.7724
18,6,3,2,30,1,4,1,1,4,1.1258,1.4349
18,6,3,2,31,4,2,4,1,2,1.1965,1.6922
18,6,3,2,32,4,1,4,1,1,1.3854,1.9451
18,6,3,2,33,1,2,1,1,4,1.0034,1.3182
18,6,3,2,34,4,1,4,1,4,0.9988,1.3184
18,6,3,2,35,1,3,1,1,3,1.2825,1.6984
19,1,1,1,1,2,,2,1,4,1.8278,2.6121
19,1,1,1,2,4,,2,0,3,1.6427,2.0267
19,1,1,1,3,2,,2,1,4,1.3691,1.9612
19,1,1,1,4,2,,2,1,4,1.3551,1.6684
19,1,1,1,5,1,,1,1,2,1.4641,1.9602
19,1,1,1,6,4,,2,0,4,1.3685,1.6847
19,1,1,1,7,3,,3,1,3,1.2539,1.5684
19,1,1,1,8,4,,4,1,2,1.6864,2.2302
19,1,1,1,9,4,,4,1,3,2.3334,3.1172
19,1,1,1,10,3,,3,1,4,1.6149,1.9356
19,1,1,1,11,3,,3,1,1,3.2177,3.6657
19,1,1,1,12,4,,2,0,1,2.1093,2.4195
19,1,1,1,13,2,,2,1,4,1.2753,1.5852
19,1,1,1,14,3,,2,0,3,2.9559,3.2705
19,1,1,1,15,4,,4,1,2,1.9589,2.2692
19,1,1,1,16,2,,2,1,3,1.2753,1.5854
19,1,1,1,17,2,,2,1,4,2.3642,3.1323
19,1,1,1,18,4,,4,1,2,1.1817,2.0781
19,1,1,1,19,3,,3,1,3,1.4506,1.7688
19,1,1,1,20,4,,4,1,4,2.3878,2.7032
19,1,1,1,21,4,,1,0,1,1.8145,2.2304
19,1,1,1,22,2,,2,1,4,1.9489,2.2694
19,1,1,1,23,1,,1,1,4,1.457,1.7687
19,1,1,1,24,3,,3,1,4,1.5782,1.9465
19,1,1,1,25,2,,2,1,2,1.7089,2.1249
19,1,1,1,26,3,,1,0,4,2.1672,2.486
19,1,1,1,27,1,,2,0,3,1.7784,2.0856
19,1,1,1,28,3,,3,1,3,1.2948,1.6473
19,1,1,1,29,1,,2,0,4,1.8695,2.1863
19,1,1,1,30,2,,2,1,3,1.6694,1.9854
19,1,1,1,31,2,,2,1,4,3.5092,4.1811
19,1,1,1,32,1,,1,1,3,1.6119,2.7639
19,1,1,1,33,1,,1,1,3,1.2442,1.5517
19,1,1,1,34,2,,4,0,2,1.934,2.4148
19,1,1,1,35,3,,3,1,4,1.6939,2.0023
19,1,2,2,1,1,4,1,1,1,2.0821,2.4028
19,1,2,2,2,3,1,3,1,4,2.1136,2.4362
19,1,2,2,3,4,2,4,1,1,2.2711,3.0872
19,1,2,2,4,1,2,1,1,3,2.3531,3.6334
19,1,2,2,5,1,3,1,1,3,2.1586,2.9266
19,1,2,2,6,1,4,1,1,4,1.4479,1.8159
19,1,2,2,7,1,3,1,1,3,1.6154,2.4953
19,1,2,2,8,3,1,3,1,3,2.3151,3.1312
19,1,2,2,9,1,2,1,1,4,2.2523,2.7168
19,1,2,2,10,4,3,4,1,4,1.9037,2.2194
19,1,2,2,11,2,4,2,1,3,1.6218,1.9899
19,1,2,2,12,3,4,3,1,4,2.1819,2.503
19,1,2,2,13,3,1,3,1,4,1.7285,2.0522
19,1,2,2,14,4,3,4,1,4,1.9497,2.2693
19,1,2,2,15,2,1,2,1,3,2.5461,2.8699
19,1,2,2,16,2,3,2,1,4,1.2619,1.7899
19,1,2,2,17,2,4,2,1,4,1.9264,2.5988
19,1,2,2,18,3,4,3,1,4,1.934,2.2527
19,1,2,2,19,4,2,4,1,1,2.851,3.1702
19,1,2,2,20,3,1,3,1,4,1.4101,1.7186
19,1,2,2,21,1,4,1,1,4,2.3016,2.6195
19,1,2,2,22,2,3,2,1,4,1.8716,2.182
19,1,2,2,23,2,3,3,0,3,1.2753,1.5958
19,1,2,2,24,1,3,1,1,4,2.9563,3.2703
19,1,2,2,25,3,4,3,1,4,1.3677,1.6854
19,1,2,2,26,2,4,4,0,1,2.8999,4.0202
19,1,2,2,27,2,1,3,0,4,1.5529,1.8687
19,1,2,2,28,3,2,3,1,4,2.3253,2.6364
19,1,2,2,29,4,1,4,1,1,2.9551,3.3225
19,1,2,2,30,3,4,3,1,4,1.3318,1.6519
19,1,2,2,31,2,4,2,1,4,1.3617,1.6684
19,1,2,2,32,3,4,3,1,4,2.1591,2.4695
19,1,2,2,33,2,3,2,1,4,1.4355,1.7519
19,1,2,2,34,1,4,4,0,4,2.2767,2.5861
19,1,2,2,35,3,1,3,1,4,1.469,1.7886
19,1,3,3,1,3,2,3,1,4,1.5477,1.8688
19,1,3,3,2,3,2,3,1,4,1.105,1.4182
19,1,3,3,3,2,3,2,1,4,1.6245,1.9353
19,1,3,3,4,3,2,3,1,4,1.1627,1.4852
19,1,3,3,5,2,3,2,1,3,1.7432,2.0523
19,1,3,3,6,3,2,3,1,2,1.532,1.8521
19,1,3,3,7,2,3,2,1,3,1.2337,1.7136
19,1,3,3,8,2,3,2,1,4,1.0218,1.3351
19,1,3,3,9,2,3,2,1,4,0.9041,1.2181
19,1,3,3,10,2,3,2,1,4,1.7522,2.1362
19,1,3,3,11,3,2,2,0,3,1.2498,1.5703
19,1,3,3,12,2,3,2,1,4,1.0105,1.3181
19,1,3,3,13,3,2,3,1,4,1.2302,1.6467
19,1,3,3,14,2,3,2,1,3,1.357,1.6926
19,1,3,3,15,3,2,2,0,2,1.8976,2.2193
19,1,3,3,16,3,2,3,1,4,1.7283,2.0355
19,1,3,3,17,2,3,2,1,4,1.8856,2.5579
19,1,3,3,18,2,3,2,1,3,1.2553,1.975
19,1,3,3,19,2,3,2,1,4,1.5755,1.8854
19,1,3,3,20,2,3,2,1,1,2.044,2.5077
19,1,3,3,21,2,3,2,1,4,1.558,1.8939
19,1,3,3,22,2,3,2,1,2,2.0592,2.3693
19,1,3,3,23,3,2,3,1,4,1.243,1.5518
19,1,3,3,24,2,3,2,1,4,1.3573,2.0294
19,1,3,3,25,3,2,3,1,3,1.7402,2.1244
19,1,3,3,26,2,3,2,1,4,1.5113,1.819
19,1,3,3,27,2,3,2,1,4,1.5981,2.1576
19,1,3,3,28,3,2,3,1,4,1.7507,2.0689
19,1,3,3,29,2,3,2,1,4,0.9961,1.3182
19,1,3,3,30,2,3,2,1,2,2.7994,3.1203
19,1,3,3,31,3,2,3,1,3,1.9372,2.2526
19,1,3,3,32,3,2,3,1,3,2.3258,2.6363
19,1,3,3,33,2,3,2,1,4,2.651,2.9701
19,1,3,3,34,2,3,3,0,4,3.6987,4.0212
19,1,3,3,35,2,3,2,1,3,3.0073,3.3437
19,2,1,2,1,2,4,2,1,4,1.3158,1.6352
19,2,1,2,2,3,4,3,1,4,1.363,1.6854
19,2,1,2,3,3,4,3,1,4,1.6948,2.0021
19,2,1,2,4,2,3,2,1,3,1.5822,2.5587
19,2,1,2,5,3,4,3,1,4,1.3516,1.6686
19,2,1,2,6,1,2,2,0,4,1.5562,2.1325
19,2,1,2,7,2,1,2,1,4,1.1188,1.5835
19,2,1,2,8,3,1,3,1,3,2.2715,2.5863
19,2,1,2,9,2,3,2,1,4,1.2548,1.5684
19,2,1,2,10,4,1,4,1,4,1.368,1.9603
19,2,1,2,11,1,3,1,1,1,3.0981,3.4206
19,2,1,2,12,2,1,2,1,3,1.6308,1.9523
19,2,1,2,13,4,1,4,1,4,1.6327,2.2088
19,2,1,2,14,1,3,1,1,1,2.9198,3.2373
19,2,1,2,15,4,3,3,0,3,2.7885,3.1089
19,2,1,2,16,3,1,3,1,4,2.4066,2.967
19,2,1,2,17,4,1,4,1,4,1.6637,2.2714
19,2,1,2,18,1,3,1,1,4,1.5713,1.8853
19,2,1,2,19,4,3,4,1,2,2.9519,3.5438
19,2,1,2,20,2,1,2,1,4,1.5129,1.8358
19,2,1,2,21,4,3,3,0,3,2.5424,2.8533
19,2,1,2,22,4,3,4,1,3,2.9711,3.2872
19,2,1,2,23,4,3,4,1,3,2.0535,2.3694
19,2,1,2,24,3,4,3,1,1,3.0779,3.3872
19,2,1,2,25,1,2,3,0,1,3.6604,4.013
19,2,1,2,26,3,4,3,1,3,2.33,2.6531
19,2,1,2,27,3,2,2,0,2,2.7667,3.0869
19,2,1,2,28,1,2,2,0,4,2.2256,2.536
19,2,1,2,29,2,1,2,1,4,1.7394,2.3793
19,2,1,2,30,4,2,4,1,4,2.0433,2.3528
19,2,1,2,31,3,4,3,1,3,1.6608,2.2046
19,2,1,2,32,3,2,3,1,3,1.8125,2.7239
19,2,1,2,33,1,3,1,1,2,2.7417,3.926
19,2,1,2,34,1,2,1,1,3,1.9104,2.2192
19,2,1,2,35,1,4,1,1,4,1.4848,1.802
19,2,2,3,1,1,2,2,0,3,1.8513,2.524
19,2,2,3,2,2,1,2,1,3,1.3655,1.6853
19,2,2,3,3,1,2,1,1,4,1.2341,1.7466
19,2,2,3,4,1,2,2,0,4,1.3409,1.6521
19,2,2,3,5,2,1,2,1,3,1.2268,1.9307
19,2,2,3,6,2,1,2,1,4,1.1976,1.5337
19,2,2,3,7,1,2,1,1,2,1.3443,1.6519
19,2,2,3,8,2,1,2,1,4,0.9898,1.4379
19,2,2,3,9,1,2,1,1,3,1.9883,2.3027
19,2,2,3,10,2,1,2,1,3,1.5114,2.1359
19,2,2,3,11,1,2,1,1,4,1.2332,1.954
19,2,2,3,12,1,2,1,1,4,1.6189,1.9357
19,2,2,3,13,1,2,2,0,3,1.2694,1.5851
19,2,2,3,14,2,1,2,1,4,1.2857,1.7501
19,2,2,3,15,2,1,2,1,4,1.632,2.1914
19,2,2,3,16,1,2,2,0,3,1.8319,2.2318
19,2,2,3,17,2,1,2,1,3,1.39,1.702
19,2,2,3,18,1,2,1,1,4,1.338,1.6518
19,2,2,3,19,2,1,2,1,3,1.1121,1.435
19,2,2,3,20,2,1,2,1,4,1.1657,1.485
19,2,2,3,21,1,2,1,1,2,2.2901,2.9144
19,2,2,3,22,2,1,2,1,4,1.4525,1.7686
19,2,2,3,23,2,1,2,1,4,1.0301,1.3516
19,2,2,3,24,2,1,2,1,4,1.8237,2.1359
19,2,2,3,25,2,1,2,1,3,0.9215,1.5615
19,2,2,3,26,1,2,1,1,3,1.2915,1.602
19,2,2,3,27,1,2,2,0,3,1.8516,2.1689
19,2,2,3,28,1,2,2,0,4,1.7159,2.0357
19,2,2,3,29,2,1,2,1,3,2.0979,2.4195
19,2,2,3,30,2,1,2,1,4,1.0406,1.3921
19,2,2,3,31,2,1,2,1,4,1.113,2.2967
19,2,2,3,32,2,1,2,1,4,0.9094,1.218
19,2,2,3,33,1,2,1,1,2,1.4526,1.7686
19,2,2,3,34,1,2,1,1,2,2.246,2.5974
19,2,2,3,35,2,1,2,1,3,2.3973,2.7199
19,2,3,1,1,4,,4,1,4,1.8614,2.1691
19,2,3,1,2,3,,4,0,3,1.4703,1.7855
19,2,3,1,3,4,,3,0,3,1.6871,2.2622
19,2,3,1,4,3,,3,1,4,1.1159,1.4352
19,2,3,1,5,3,,3,1,3,1.1542,1.4682
19,2,3,1,6,2,,2,1,2,1.3996,1.8483
19,2,3,1,7,3,,3,1,3,1.6307,1.9524
19,2,3,1,8,2,,2,1,4,1.4394,1.7522
19,2,3,1,9,1,,1,1,3,1.8977,2.2192
19,2,3,1,10,3,,3,1,2,2.1761,2.8638
19,2,3,1,11,2,,1,0,2,1.6607,1.9689
19,2,3,1,12,1,,4,0,1,2.3651,2.9564
19,2,3,1,13,3,,3,1,3,1.3494,1.6686
19,2,3,1,14,3,,4,0,3,1.4738,1.81
19,2,3,1,15,3,,1,0,2,1.6577,2.5536
19,2,3,1,16,4,,1,0,3,2.7872,3.1037
19,2,3,1,17,2,,4,0,1,1.8611,2.169
19,2,3,1,18,4,,3,0,2,1.9179,2.2359
19,2,3,1,19,4,,3,0,3,1.1715,1.4849
19,2,3,1,20,3,,3,1,4,1.1604,1.4682
19,2,3,1,21,3,,3,1,3,1.2935,1.6019
19,2,3,1,22,1,,1,1,3,2.2057,2.5415
19,2,3,1,23,3,,3,1,3,1.2872,1.6019
19,2,3,1,24,1,,2,0,1,3.4144,4.0544
19,2,3,1,25,3,,3,1,3,1.5865,1.9217
19,2,3,1,26,3,,3,1,3,1.2849,1.6021
19,2,3,1,27,1,,2,0,4,2.7892,3.1034
19,2,3,1,28,4,,2,0,3,1.5755,1.8855
19,2,3,1,29,3,,3,1,4,1.2436,1.5516
19,2,3,1,30,1,,1,1,4,1.2133,1.5354
19,2,3,1,31,3,,3,1,3,1.3275,1.648
19,2,3,1,32,3,,3,1,4,1.1986,1.6147
19,2,3,1,33,3,,1,0,4,1.1983,1.5185
19,2,3,1,34,3,,3,1,4,1.2335,1.5517
19,2,3,1,35,3,,2,0,2,1.6513,2.0992
19,3,1,2,1,4,1,4,1,1,3.0026,3.7235
19,3,1,2,2,2,3,3,0,1,3.2044,3.7165
19,3,1,2,3,4,3,4,1,3,3.518,4.3173
19,3,1,2,4,4,2,4,1,3,2.2708,2.5863
19,3,1,2,5,2,3,2,1,3,2.0541,2.3693
19,3,1,2,6,3,1,3,1,3,2.1979,2.9022
19,3,1,2,7,1,2,1,1,4,1.9211,2.2359
19,3,1,2,8,3,2,3,1,3,2.8867,3.527
19,3,1,2,9,1,4,1,1,4,1.9602,2.2692
19,3,1,2,10,2,3,2,1,1,2.5243,3.0843
19,3,1,2,11,2,3,2,1,2,1.6159,1.9356
19,3,1,2,12,3,1,3,1,4,1.922,2.2359
19,3,1,2,13,2,1,2,1,3,1.9758,2.2859
19,3,1,2,14,2,4,2,1,4,1.4515,1.7686
19,3,1,2,15,1,3,3,0,1,2.869,3.4928
19,3,1,2,16,3,2,3,1,3,2.759,3.0703
19,3,1,2,17,2,1,2,1,4,1.9784,2.315
19,3,1,2,18,3,4,3,1,2,3.246,5.0216
19,3,1,2,19,2,1,2,1,4,1.6811,2.2251
19,3,1,2,20,3,2,3,1,3,2.1999,2.5198
19,3,1,2,21,3,1,3,1,4,1.2021,1.5182
19,3,1,2,22,2,1,2,1,3,1.3975,1.7186
19,3,1,2,23,1,4,1,1,4,1.3446,1.6517
19,3,1,2,24,4,1,4,1,4,2.1268,2.4359
19,3,1,2,25,3,1,3,1,4,1.3403,1.6517
19,3,1,2,26,1,2,1,1,3,1.2902,1.6018
19,3,1,2,27,4,3,4,1,1,3.6573,3.971
19,3,1,2,28,1,4,1,1,1,2.2482,2.8404
19,3,1,2,29,1,2,1,1,3,1.7981,2.1192
19,3,1,2,30,1,2,1,1,3,1.6167,1.9357
19,3,1,2,31,4,3,4,1,4,1.7308,2.0523
19,3,1,2,32,1,4,4,0,1,2.5916,2.9032
19,3,1,2,33,4,1,4,1,1,1.4827,1.802
19,3,1,2,34,3,1,3,1,2,2.3062,2.7861
19,3,1,2,35,1,3,1,1,1,3.6975,4.5775
19,3,2,1,1,2,,2,1,4,2.3814,3.0539
19,3,2,1,2,1,,3,0,1,2.4502,3.6817
19,3,2,1,3,3,,3,1,1,1.5655,2.1255
19,3,2,1,4,1,,3,0,1,2.792,3.1034
19,3,2,1,5,2,,2,1,3,1.2898,1.6017
19,3,2,1,6,4,,4,1,4,1.4659,2.0101
19,3,2,1,7,1,,4,0,4,1.7534,2.2973
19,3,2,1,8,3,,3,1,4,1.6133,1.9357
19,3,2,1,9,4,,3,0,1,2.3514,2.8794
19,3,2,1,10,4,,2,0,2,1.5951,2.6997
19,3,2,1,11,2,,2,1,1,1.4549,1.7687
19,3,2,1,12,3,,3,1,4,1.4479,1.7687
19,3,2,1,13,2,,2,1,1,2.0808,2.5767
19,3,2,1,14,3,,3,1,3,2.1365,2.4528
19,3,2,1,15,3,,3,1,2,2.9496,3.2704
19,3,2,1,16,3,,3,1,3,1.3289,1.652
19,3,2,1,17,2,,3,0,2,2.7352,3.0536
19,3,2,1,18,1,,1,1,3,1.7788,2.6587
19,3,2,1,19,4,,4,1,4,1.6235,1.9355
19,3,2,1,20,2,,2,1,4,1.4976,1.8187
19,3,2,1,21,4,,3,0,2,2.0968,2.4195
19,3,2,1,22,2,,2,1,3,1.4066,1.7185
19,3,2,1,23,2,,1,0,3,1.5459,1.9941
19,3,2,1,24,4,,4,1,4,1.5941,2.074
19,3,2,1,25,4,,2,0,2,2.9823,3.3039
19,3,2,1,26,3,,2,0,2,2.0808,2.4028
19,3,2,1,27,1,,1,1,3,2.2396,2.976
19,3,2,1,28,1,,1,1,3,1.6555,2.2475
19,3,2,1,29,2,,2,1,3,1.5492,1.8689
19,3,2,1,30,3,,3,1,4,1.9064,2.2193
19,3,2,1,31,2,,2,1,2,1.3209,1.6724
19,3,2,1,32,1,,1,1,3,1.4941,1.8022
19,3,2,1,33,2,,2,1,2,1.6932,2.2856
19,3,2,1,34,2,,2,1,1,2.5934,2.9033
19,3,2,1,35,4,,2,0,1,1.0998,1.4183
19,3,3,3,1,4,2,4,1,2,1.8502,2.6823
19,3,3,3,2,4,2,4,1,2,1.6785,2.0026
19,3,3,3,3,2,4,2,1,3,1.1975,1.5184
19,3,3,3,4,4,2,2,0,4,2.2887,2.6028
19,3,3,3,5,4,2,4,1,4,1.1915,1.8638
19,3,3,3,6,2,4,2,1,3,1.549,1.8691
19,3,3,3,7,2,4,2,1,4,1.3142,1.6352
19,3,3,3,8,4,2,2,0,2,1.9686,2.513
19,3,3,3,9,4,2,2,0,3,1.7554,2.0692
19,3,3,3,10,4,2,2,0,2,1.976,2.5361
19,3,3,3,11,2,4,2,1,4,2.3218,2.7539
19,3,3,3,12,2,4,2,1,3,1.8427,2.1527
19,3,3,3,13,4,2,4,1,4,1.74,2.0522
19,3,3,3,14,4,2,2,0,3,1.2252,1.5351
19,3,3,3,15,4,2,4,1,2,2.3799,2.9873
19,3,3,3,16,2,4,4,0,1,2.7711,3.087
19,3,3,3,17,2,4,2,1,4,1.2219,1.5351
19,3,3,3,18,2,4,2,1,4,1.3046,1.6186
19,3,3,3,19,4,2,4,1,2,1.6071,1.9189
19,3,3,3,20,4,2,2,0,3,1.2901,1.6265
19,3,3,3,21,2,4,2,1,4,1.0653,1.385
19,3,3,3,22,2,4,2,1,4,1.2341,1.5518
19,3,3,3,23,2,4,4,0,3,1.9401,2.2525
19,3,3,3,24,2,4,2,1,3,2.5529,3.3846
19,3,3,3,25,2,4,2,1,4,1.6164,2.4478
19,3,3,3,26,2,4,2,1,4,1.2778,1.6022
19,3,3,3,27,4,2,4,1,2,1.2776,1.585
19,3,3,3,28,2,4,2,1,3,1.4221,1.7737
19,3,3,3,29,4,2,2,0,3,0.9829,1.3016
19,3,3,3,30,2,4,2,1,4,1.0434,1.3516
19,3,3,3,31,4,2,4,1,3,1.2617,1.5852
19,3,3,3,32,4,2,4,1,3,1.8223,2.1359
19,3,3,3,33,4,2,4,1,4,1.56,1.8688
19,3,3,3,34,4,2,2,0,2,1.2921,1.6019
19,3,3,3,35,4,2,2,0,3,1.6439,1.9522
19,4,1,1,1,1,,3,0,3,1.627,1.9354
19,4,1,1,2,4,,4,1,4,1.245,1.8369
19,4,1,1,3,1,,3,0,3,1.827,2.1358
19,4,1,1,4,3,,3,1,4,1.4209,1.7352
19,4,1,1,5,3,,4,0,2,1.6233,1.9355
19,4,1,1,6,2,,2,1,2,1.6577,2.3457
19,4,1,1,7,2,,2,1,3,1.179,1.7554
19,4,1,1,8,1,,4,0,4,1.5096,1.9414
19,4,1,1,9,2,,2,1,2,1.5597,1.8686
19,4,1,1,10,1,,2,0,3,1.6926,2.1559
19,4,1,1,11,1,,1,1,4,0.7418,1.0513
19,4,1,1,12,1,,1,1,3,1.0037,1.3182
19,4,1,1,13,2,,2,1,2,1.2876,1.8799
19,4,1,1,14,2,,2,1,4,1.1649,1.4853
19,4,1,1,15,2,,2,1,3,1.9688,2.8968
19,4,1,1,16,4,,4,1,4,1.8525,2.1694
19,4,1,1,17,3,,3,1,3,1.1887,1.5016
19,4,1,1,18,4,,4,1,4,1.433,1.8811
19,4,1,1,19,1,,1,1,2,1.6775,1.9857
19,4,1,1,20,3,,4,0,4,1.8536,2.1692
19,4,1,1,21,2,,4,0,3,1.0624,1.385
19,4,1,1,22,1,,2,0,1,1.3429,2.8797
19,4,1,1,23,1,,2,0,1,1.4356,1.7518
19,4,1,1,24,2,,2,1,3,1.1408,1.4516
19,4,1,1,25,1,,4,0,4,1.083,1.4016
19,4,1,1,26,3,,3,1,3,1.2025,1.5184
19,4,1,1,27,1,,1,1,2,1.3977,1.7186
19,4,1,1,28,1,,4,0,1,1.4088,2.4649
19,4,1,1,29,4,,4,1,4,1.4855,1.802
19,4,1,1,30,1,,2,0,3,1.5578,1.8688
19,4,1,1,31,3,,3,1,3,1.2588,1.5947
19,4,1,1,32,3,,2,0,4,1.3711,1.6853
19,4,1,1,33,3,,3,1,3,3.175,3.4872
19,4,1,1,34,1,,1,1,2,1.4014,2.0261
19,4,1,1,35,3,,4,0,4,0.9843,1.5607
19,4,2,3,1,1,4,1,1,3,1.5535,1.8688
19,4,2,3,2,4,1,4,1,4,0.8386,1.3981
19,4,2,3,3,4,1,4,1,4,1.0549,1.3684
19,4,2,3,4,1,4,1,1,1,3.2718,3.8314
19,4,2,3,5,1,4,1,1,3,1.613,1.9358
19,4,2,3,6,4,1,4,1,4,1.2939,1.6184
19,4,2,3,7,1,4,4,0,3,1.5649,1.8855
19,4,2,3,8,4,1,4,1,4,1.298,1.6184
19,4,2,3,9,1,4,1,1,2,1.473,1.8021
19,4,2,3,10,4,1,4,1,1,1.8801,2.6801
19,4,2,3,11,4,1,4,1,4,1.261,1.5684
19,4,2,3,12,1,4,1,1,3,1.1662,1.7576
19,4,2,3,13,1,4,4,0,3,1.4799,1.8021
19,4,2,3,14,1,4,1,1,4,1.4067,2.127
19,4,2,3,15,1,4,1,1,3,0.9541,1.61
19,4,2,3,16,1,4,4,0,4,1.306,1.6187
19,4,2,3,17,4,1,4,1,4,1.3049,1.6185
19,4,2,3,18,4,1,4,1,3,1.4962,1.8189
19,4,2,3,19,1,4,1,1,2,1.1671,1.727
19,4,2,3,20,1,4,1,1,4,1.8187,2.6185
19,4,2,3,21,1,4,1,1,4,1.5044,1.819
19,4,2,3,22,1,4,1,1,4,0.9988,1.4145
19,4,2,3,23,1,4,4,0,3,1.1991,1.5185
19,4,2,3,24,4,1,4,1,3,1.6503,1.9688
19,4,2,3,25,4,1,4,1,4,1.7148,2.4826
19,4,2,3,26,1,4,1,1,3,1.2474,1.6635
19,4,2,3,27,1,4,1,1,3,1.3731,1.6855
19,4,2,3,28,1,4,4,0,4,1.2882,1.6018
19,4,2,3,29,4,1,4,1,4,1.2723,1.5851
19,4,2,3,30,4,1,1,0,3,1.6413,2.2494
19,4,2,3,31,4,1,4,1,3,1.9511,2.2692
19,4,2,3,32,4,1,4,1,2,1.3628,1.6852
19,4,2,3,33,4,1,4,1,3,2.127,2.4361
19,4,2,3,34,4,1,4,1,4,1.1332,1.4516
19,4,2,3,35,4,1,4,1,3,0.9634,1.2848
19,4,3,2,1,4,2,4,1,4,1.8789,2.5985
19,4,3,2,2,3,2,3,1,4,1.4223,1.7354
19,4,3,2,3,1,3,3,0,3,1.5921,1.9767
19,4,3,2,4,2,3,3,0,4,1.2097,1.5187
19,4,3,2,5,2,4,2,1,3,1.1805,1.7888
19,4,3,2,6,2,1,2,1,2,2.2613,2.5696
19,4,3,2,7,1,3,1,1,2,2.301,3.2775
19,4,3,2,8,4,3,4,1,4,1.9127,2.2361
19,4,3,2,9,2,4,3,0,3,1.9668,2.574
19,4,3,2,10,2,1,2,1,3,1.719,2.0357
19,4,3,2,11,1,3,1,1,3,1.5883,3.2048
19,4,3,2,12,4,1,1,0,1,2.7386,3.0536
19,4,3,2,13,4,2,4,1,4,1.399,1.7187
19,4,3,2,14,2,3,2,1,2,1.8583,2.1691
19,4,3,2,15,4,3,3,0,1,2.8432,3.1534
19,4,3,2,16,1,2,2,0,2,2.6823,3.4019
19,4,3,2,17,1,2,1,1,3,1.648,2.1283
19,4,3,2,18,4,3,4,1,4,2.091,2.4033
19,4,3,2,19,4,1,4,1,4,1.7221,2.2015
19,4,3,2,20,1,2,2,0,2,1.4087,1.7187
19,4,3,2,21,2,4,2,1,3,1.5317,1.8521
19,4,3,2,22,2,1,2,1,4,1.538,1.8521
19,4,3,2,23,1,2,1,1,4,1.1918,1.5017
19,4,3,2,24,2,1,2,1,2,1.8514,2.1691
19,4,3,2,25,4,3,3,0,3,2.0199,2.336
19,4,3,2,26,4,1,4,1,4,2.038,2.3525
19,4,3,2,27,2,4,2,1,3,2.3744,2.6864
19,4,3,2,28,3,1,3,1,1,2.6339,3.2582
19,4,3,2,29,3,1,3,1,3,1.7507,2.2305
19,4,3,2,30,4,1,1,0,1,2.6213,2.9366
19,4,3,2,31,1,4,4,0,2,2.3418,2.9661
19,4,3,2,32,2,3,3,0,3,1.8544,2.1691
19,4,3,2,33,1,2,2,0,3,4.5985,4.9222
19,4,3,2,34,3,2,3,1,4,1.6624,1.9856
19,4,3,2,35,2,4,4,0,3,2.2387,2.5528
19,5,1,3,1,1,3,3,0,4,1.3114,1.6184
19,5,1,3,2,1,3,3,0,3,0.9905,1.3013
19,5,1,3,3,3,1,3,1,4,1.2265,1.535
19,5,1,3,4,3,1,3,1,4,1.4528,2.333
19,5,1,3,5,3,1,3,1,4,0.928,1.2516
19,5,1,3,6,3,1,3,1,4,1.054,1.3684
19,5,1,3,7,3,1,3,1,4,1.2398,1.5517
19,5,1,3,8,3,1,3,1,3,1.3687,1.6853
19,5,1,3,9,1,3,1,1,3,1.0767,1.7171
19,5,1,3,10,3,1,3,1,4,0.9602,1.2682
19,5,1,3,11,1,3,3,0,3,2.1901,2.5029
19,5,1,3,12,3,1,3,1,4,0.9046,1.2181
19,5,1,3,13,3,1,3,1,2,2.0566,2.3694
19,5,1,3,14,1,3,1,1,4,1.3685,1.6852
19,5,1,3,15,3,1,3,1,3,1.5409,1.8521
19,5,1,3,16,1,3,3,0,2,1.4824,1.803
19,5,1,3,17,1,3,3,0,2,1.155,1.9551
19,5,1,3,18,3,1,3,1,3,1.316,1.9237
19,5,1,3,19,1,3,1,1,2,1.6066,1.9266
19,5,1,3,20,3,1,3,1,4,0.8734,1.1848
19,5,1,3,21,1,3,3,0,4,2.2829,2.6031
19,5,1,3,22,1,3,1,1,2,1.7457,2.0691
19,5,1,3,23,1,3,3,0,3,1.1825,1.5022
19,5,1,3,24,3,1,3,1,4,1.0581,1.3687
19,5,1,3,25,3,1,3,1,3,1.7238,2.0357
19,5,1,3,26,1,3,1,1,2,1.4971,2.1689
19,5,1,3,27,1,3,1,1,2,1.7935,2.1303
19,5,1,3,28,3,1,3,1,1,2.3643,3.3569
19,5,1,3,29,3,1,3,1,4,1.0607,1.3682
19,5,1,3,30,3,1,3,1,3,1.2298,1.5518
19,5,1,3,31,1,3,1,1,2,2.9603,3.7282
19,5,1,3,32,3,1,1,0,4,1.673,1.9855
19,5,1,3,33,1,3,1,1,4,1.305,1.6185
19,5,1,3,34,3,1,3,1,3,1.2565,1.5684
19,5,1,3,35,3,1,3,1,4,1.5456,2.3454
19,5,2,1,1,2,,3,0,3,1.2177,1.7454
19,5,2,1,2,4,,1,0,2,1.3564,1.6687
19,5,2,1,3,3,,4,0,3,1.4335,1.752
19,5,2,1,4,1,,1,1,3,1.5388,1.8521
19,5,2,1,5,2,,2,1,3,1.7368,2.0521
19,5,2,1,6,3,,3,1,4,1.286,1.6019
19,5,2,1,7,2,,2,1,3,1.4135,1.7353
19,5,2,1,8,3,,3,1,4,1.1682,1.485
19,5,2,1,9,1,,1,1,3,1.3646,1.685
19,5,2,1,10,3,,3,1,4,1.0896,1.4015
19,5,2,1,11,2,,2,1,2,1.722,2.0417
19,5,2,1,12,3,,3,1,3,1.0475,1.3684
19,5,2,1,13,2,,3,0,3,1.7936,2.4495
19,5,2,1,14,3,,3,1,3,1.0548,1.3683
19,5,2,1,15,2,,2,1,4,1.0804,1.4018
19,5,2,1,16,2,,4,0,4,1.3282,1.6521
19,5,2,1,17,1,,1,1,3,1.55,1.8687
19,5,2,1,18,2,,2,1,3,1.2668,1.8431
19,5,2,1,19,3,,3,1,4,1.2416,1.5518
19,5,2,1,20,1,,1,1,3,1.7872,2.1025
19,5,2,1,21,3,,3,1,4,1.2866,1.6018
19,5,2,1,22,3,,4,0,4,2.0546,2.5024
19,5,2,1,23,2,,2,1,3,1.3777,1.8417
19,5,2,1,24,2,,2,1,3,1.4156,1.9917
19,5,2,1,25,2,,2,1,2,1.8322,2.1526
19,5,2,1,26,1,,4,0,3,1.6813,2.0024
19,5,2,1,27,2,,2,1,3,1.8729,2.3684
19,5,2,1,28,3,,3,1,4,1.1048,1.4184
19,5,2,1,29,3,,4,0,4,1.4484,1.7688
19,5,2,1,30,3,,2,0,1,2.3538,2.8493
19,5,2,1,31,3,,3,1,3,1.5673,1.8856
19,5,2,1,32,1,,1,1,2,1.3471,1.6831
19,5,2,1,33,1,,2,0,3,2.3522,2.6696
19,5,2,1,34,4,,4,1,2,1.3966,1.7188
19,5,2,1,35,2,,2,1,3,2.4158,2.7366
19,5,3,2,1,3,4,3,1,3,1.3354,1.6518
19,5,3,2,2,3,4,3,1,4,1.3007,1.6184
19,5,3,2,3,2,1,2,1,3,1.6842,2.0022
19,5,3,2,4,1,2,1,1,1,2.3402,3.1562
19,5,3,2,5,2,4,2,1,4,1.2998,1.6186
19,5,3,2,6,1,3,1,1,1,2.4986,2.8198
19,5,3,2,7,4,1,4,1,4,1.7446,2.0522
19,5,3,2,8,1,4,4,0,3,1.5499,1.8688
19,5,3,2,9,1,4,1,1,2,2.675,2.9867
19,5,3,2,10,1,2,2,0,1,2.2166,2.8731
19,5,3,2,11,1,3,3,0,3,2.0207,2.5011
19,5,3,2,12,4,1,4,1,4,1.4241,1.7353
19,5,3,2,13,2,1,2,1,3,1.3064,1.7866
19,5,3,2,14,4,1,4,1,4,1.4103,1.7186
19,5,3,2,15,1,3,1,1,2,2.3336,2.6529
19,5,3,2,16,3,2,2,0,1,3.0905,3.4039
19,5,3,2,17,4,1,2,0,4,1.9448,2.2527
19,5,3,2,18,4,3,4,1,4,1.3574,1.6688
19,5,3,2,19,1,2,1,1,2,1.4187,1.7352
19,5,3,2,20,3,1,1,0,3,2.0531,2.3695
19,5,3,2,21,2,4,2,1,4,1.1576,1.4682
19,5,3,2,22,4,1,4,1,4,1.5303,2.2024
19,5,3,2,23,4,1,4,1,3,2.273,2.5864
19,5,3,2,24,2,4,2,1,3,1.4491,1.7688
19,5,3,2,25,2,3,2,1,2,1.2658,1.5852
19,5,3,2,26,1,4,2,0,3,1.7629,2.0858
19,5,3,2,27,3,4,4,0,4,1.5344,1.8521
19,5,3,2,28,1,4,4,0,2,1.8116,2.1357
19,5,3,2,29,3,1,4,0,1,2.5101,2.8199
19,5,3,2,30,1,4,1,1,2,1.7557,2.0691
19,5,3,2,31,4,3,3,0,3,1.9289,2.2527
19,5,3,2,32,1,4,1,1,2,1.8384,2.1524
19,5,3,2,33,3,2,3,1,3,1.9431,2.2525
19,5,3,2,34,3,2,2,0,2,1.6276,1.9792
19,5,3,2,35,2,1,2,1,3,1.6282,1.9648
19,6,1,3,1,3,4,3,1,3,1.5342,1.8521
19,6,1,3,2,4,3,4,1,4,1.0758,1.3849
19,6,1,3,3,3,4,3,1,3,1.085,1.4015
19,6,1,3,4,3,4,3,1,4,0.9809,1.3015
19,6,1,3,5,4,3,4,1,3,2.0333,2.3526
19,6,1,3,6,4,3,4,1,4,1.2339,1.5517
19,6,1,3,7,3,4,3,1,3,1.1563,1.4684
19,6,1,3,8,4,3,4,1,3,1.1132,2.2012
19,6,1,3,9,3,4,3,1,3,1.3125,1.6354
19,6,1,3,10,3,4,3,1,4,2.4624,2.8467
19,6,1,3,11,4,3,3,0,2,2.5875,3.1803
19,6,1,3,12,4,3,4,1,4,1.3876,1.7021
19,6,1,3,13,4,3,3,0,3,1.5593,1.8687
19,6,1,3,14,3,4,3,1,2,0.9723,1.2923
19,6,1,3,15,4,3,4,1,3,1.9607,2.2693
19,6,1,3,16,3,4,3,1,4,3.1337,3.4539
19,6,1,3,17,4,3,4,1,4,1.3453,1.6685
19,6,1,3,18,3,4,3,1,3,1.1501,1.4684
19,6,1,3,19,3,4,3,1,3,1.0274,1.3347
19,6,1,3,20,3,4,4,0,3,1.8067,2.1193
19,6,1,3,21,3,4,3,1,3,1.5774,1.8855
19,6,1,3,22,3,4,3,1,4,1.102,1.4183
19,6,1,3,23,4,3,4,1,4,1.1893,1.5018
19,6,1,3,24,4,3,4,1,3,1.3204,1.6352
19,6,1,3,25,4,3,4,1,4,1.4632,1.7855
19,6,1,3,26,3,4,3,1,3,1.1186,1.4349
19,6,1,3,27,4,3,4,1,4,1.0779,1.7496
19,6,1,3,28,4,3,4,1,3,1.7757,2.0859
19,6,1,3,29,4,3,4,1,3,1.484,1.8022
19,6,1,3,30,3,4,4,0,3,1.3629,2.0033
19,6,1,3,31,3,4,3,1,3,1.1069,1.4587
19,6,1,3,32,3,4,4,0,4,1.305,1.6187
19,6,1,3,33,4,3,4,1,2,3.1285,3.6077
19,6,1,3,34,4,3,4,1,3,1.366,1.6854
19,6,1,3,35,4,3,3,0,3,1.7784,2.0856
19,6,2,2,1,1,2,1,1,3,2.1972,2.9969
19,6,2,2,2,4,2,4,1,4,1.3084,1.6186
19,6,2,2,3,4,1,4,1,4,1.1472,1.4685
19,6,2,2,4,2,3,3,0,1,1.424,2.592
19,6,2,2,5,4,2,2,0,3,1.3515,1.6686
19,6,2,2,6,2,1,2,1,2,1.2524,1.5684
19,6,2,2,7,2,1,2,1,3,1.3337,1.6518
19,6,2,2,8,1,3,1,1,3,1.1236,1.4348
19,6,2,2,9,4,3,4,1,1,2.3941,2.703
19,6,2,2,10,2,3,2,1,3,1.4054,1.7188
19,6,2,2,11,2,1,2,1,3,1.4804,1.8022
19,6,2,2,12,4,3,4,1,1,3.3923,3.7041
19,6,2,2,13,4,1,4,1,1,2.0891,2.4027
19,6,2,2,14,2,3,2,1,3,1.1927,1.5018
19,6,2,2,15,4,3,4,1,4,1.3728,1.6854
19,6,2,2,16,4,3,4,1,1,1.7373,2.0524
19,6,2,2,17,1,3,1,1,3,1.3979,1.7187
19,6,2,2,18,1,2,1,1,3,1.3296,1.6519
19,6,2,2,19,1,4,1,1,2,1.9354,2.5911
19,6,2,2,20,4,3,4,1,4,1.1588,1.4846
19,6,2,2,21,2,4,2,1,2,1.4513,1.7687
19,6,2,2,22,1,3,1,1,1,2.6124,2.9197
19,6,2,2,23,4,1,4,1,1,1.4065,1.7187
19,6,2,2,24,1,4,4,0,2,2.1851,2.5029
19,6,2,2,25,4,1,4,1,4,1.1244,1.4351
19,6,2,2,26,4,3,4,1,2,2.2186,2.5362
19,6,2,2,27,4,3,3,0,2,2.644,2.9535
19,6,2,2,28,3,1,1,0,1,2.4607,2.7698
19,6,2,2,29,1,3,1,1,3,1.2928,1.6019
19,6,2,2,30,1,4,1,1,3,2.253,2.7163
19,6,2,2,31,1,2,1,1,4,1.3434,1.6519
19,6,2,2,32,1,4,1,1,3,1.7094,2.4132
19,6,2,2,33,2,3,2,1,3,1.3566,1.6686
19,6,2,2,34,2,1,3,0,4,1.4497,2.3933
19,6,2,2,35,2,4,2,1,3,1.4809,1.8022
19,6,3,1,1,1,,1,1,4,1.1918,1.5018
19,6,3,1,2,2,,2,1,4,1.1955,1.5185
19,6,3,1,3,2,,1,0,3,1.2469,1.5685
19,6,3,1,4,3,,3,1,3,1.0564,1.7444
19,6,3,1,5,3,,3,1,3,1.258,1.7546
19,6,3,1,6,3,,4,0,2,2.2284,2.553
19,6,3,1,7,1,,1,1,3,1.2125,1.5351
19,6,3,1,8,1,,1,1,1,1.744,2.0525
19,6,3,1,9,3,,3,1,2,2.269,2.9254
19,6,3,1,10,4,,1,0,3,1.4946,1.8311
19,6,3,1,11,3,,3,1,3,1.4382,1.7521
19,6,3,1,12,2,,3,0,2,1.5118,2.1352
19,6,3,1,13,3,,3,1,2,1.5214,1.8356
19,6,3,1,14,3,,3,1,2,0.935,1.2515
19,6,3,1,15,2,,2,1,3,1.429,1.7521
19,6,3,1,16,3,,3,1,2,3.3753,3.6877
19,6,3,1,17,4,,4,1,3,1.3217,1.6572
19,6,3,1,18,4,,3,0,2,1.6554,1.9691
19,6,3,1,19,1,,1,1,4,1.3201,1.6354
19,6,3,1,20,1,,4,0,2,2.4867,2.8032
19,6,3,1,21,3,,3,1,3,1.7648,2.0856
19,6,3,1,22,3,,3,1,3,1.6168,1.9355
19,6,3,1,23,3,,3,1,4,1.8909,2.2024
19,6,3,1,24,2,,2,1,3,2.2188,2.5364
19,6,3,1,25,1,,1,1,4,1.2677,1.5851
19,6,3,1,26,1,,1,1,3,0.8849,1.9723
19,6,3,1,27,1,,1,1,3,1.1254,1.4351
19,6,3,1,28,1,,1,1,3,0.8442,1.1513
19,6,3,1,29,1,,4,0,3,1.2785,1.6019
19,6,3,1,30,1,,4,0,2,1.8388,2.6064
19,6,3,1,31,4,,4,1,4,1.3016,1.6186
19,6,3,1,32,4,,4,1,2,1.3168,1.6353
19,6,3,1,33,1,,3,0,3,2.8186,3.1369
19,6,3,1,34,3,,4,0,1,1.2035,1.6683
19,6,3,1,35,1,,1,1,3,1.9366,2.2527
20,1,1,1,1,1,,3,0,0,2.0353,3.2147
20,1,1,1,2,2,,2,1,0,1.3514,2.1389
20,1,1,1,3,4,,2,0,0,2.0732,2.7804
20,1,1,1,4,4,,2,0,0,2.7676,3.9779
20,1,1,1,5,2,,2,1,0,1.6528,2.8072
20,1,1,1,6,3,,3,1,0,1.403,2.6213
20,1,1,1,7,3,,3,1,0,1.2718,2.9299
20,1,1,1,8,2,,2,1,0,1.4804,2.2274
20,1,1,1,9,1,,1,1,0,1.6693,3.0416
20,1,1,1,10,2,,2,1,0,2.258,4.476
20,1,1,1,11,1,,3,0,0,3.4588,5.0309
20,1,1,1,12,4,,3,0,0,2.0618,3.1841
20,1,1,1,13,2,,2,1,0,1.4434,2.1192
20,1,1,1,14,4,,2,0,0,1.9096,4.0
20,1,1,1,15,1,,2,0,0,2.4412,3.8115
20,1,1,1,16,4,,3,0,0,2.2137,3.1456
20,1,1,1,17,1,,3,0,0,2.7979,3.282
20,1,1,1,18,3,,3,1,0,1.0718,2.2515
20,1,1,1,19,3,,3,1,0,0.9882,2.0062
20,1,1,1,20,1,,1,1,0,3.4905,4.573
20,1,1,1,21,3,,3,1,0,1.1994,1.8835
20,1,1,1,22,4,,3,0,0,1.1946,1.9089
20,1,1,1,23,1,,1,1,0,2.1012,3.2176
20,1,1,1,24,3,,3,1,0,2.2502,3.4606
20,1,1,1,25,1,,2,0,0,1.6373,2.2
20,1,1,1,26,2,,2,1,0,0.931,2.2305
20,1,1,1,27,3,,3,1,0,1.5522,2.4429
20,1,1,1,28,4,,3,0,0,2.8854,3.8088
20,1,1,1,29,3,,3,1,0,0.9773,2.0924
20,1,1,1,30,1,,3,0,0,2.1967,3.8799
20,1,1,1,31,1,,1,1,0,1.4546,2.2325
20,1,1,1,32,3,,3,1,0,1.7716,3.3025
20,1,1,1,33,3,,3,1,0,3.1809,3.72
20,1,1,1,34,4,,3,0,0,2.269,3.584
20,1,1,1,35,3,,3,1,0,2.4977,3.6125
20,1,2,2,1,2,3,2,1,0,2.8598,3.5275
20,1,2,2,2,1,4,1,1,0,1.2848,2.2468
20,1,2,2,3,2,1,2,1,0,2.0967,2.9168
20,1,2,2,4,2,3,2,1,0,2.0973,2.7736
20,1,2,2,5,2,3,2,1,0,2.6965,4.2838
20,1,2,2,6,4,1,4,1,0,2.8488,5.2676
20,1,2,2,7,3,1,3,1,0,1.6655,2.5403
20,1,2,2,8,1,2,2,0,0,2.6423,3.9654
20,1,2,2,9,1,4,1,1,0,2.1038,3.235
20,1,2,2,10,2,4,2,1,0,1.7717,2.7344
20,1,2,2,11,1,3,1,1,0,1.156,1.8387
20,1,2,2,12,2,3,2,1,0,0.9453,2.6121
20,1,2,2,13,3,4,3,1,0,1.8071,2.9691
20,1,2,2,14,4,2,2,0,0,1.4377,3.0083
20,1,2,2,15,4,3,3,0,0,2.3474,3.2224
20,1,2,2,16,2,3,2,1,0,1.4396,2.6896
20,1,2,2,17,3,2,3,1,0,1.706,2.4694
20,1,2,2,18,4,3,4,1,0,4.3331,5.7754
20,1,2,2,19,1,2,1,1,0,2.7127,3.1801
20,1,2,2,20,1,3,3,0,0,1.8709,2.8413
20,1,2,2,21,2,1,2,1,0,1.4749,2.4225
20,1,2,2,22,2,3,2,1,0,1.0489,2.5567
20,1,2,2,23,2,1,2,1,0,1.4162,2.7399
20,1,2,2,24,3,2,2,0,0,1.8404,3.2518
20,1,2,2,25,2,3,2,1,0,1.3474,2.0226
20,1,2,2,26,4,2,2,0,0,1.4496,2.5325
20,1,2,2,27,1,3,1,1,0,3.4342,4.2376
20,1,2,2,28,3,4,3,1,0,1.6686,2.2794
20,1,2,2,29,3,4,3,1,0,0.9918,2.0827
20,1,2,2,30,1,3,1,1,0,2.8342,5.6131
20,1,2,2,31,3,2,3,1,0,2.8211,3.7115
20,1,2,2,32,2,1,2,1,0,1.7341,2.3611
20,1,2,2,33,3,4,3,1,0,1.8374,2.8171
20,1,2,2,34,3,1,3,1,0,2.7064,4.1102
20,1,2,2,35,1,2,1,1,0,1.2668,2.1899
20,1,3,3,1,2,3,2,1,0,2.6004,4.6522
20,1,3,3,2,2,3,2,1,0,1.0263,2.1172
20,1,3,3,3,3,2,4,0,0,1.7955,3.7024
20,1,3,3,4,3,2,3,1,0,1.5247,4.0484
20,1,3,3,5,2,3,2,1,0,1.7986,3.5691
20,1,3,3,6,3,2,3,1,0,1.1329,2.5593
20,1,3,3,7,2,3,2,1,0,0.9891,1.8629
20,1,3,3,8,3,2,3,1,0,0.9204,1.6598
20,1,3,3,9,3,2,2,0,0,2.206,3.2557
20,1,3,3,10,3,2,3,1,0,1.0409,2.2508
20,1,3,3,11,3,2,3,1,0,1.4373,2.569
20,1,3,3,12,3,2,3,1,0,1.6119,2.5355
20,1,3,3,13,2,3,2,1,0,2.269,3.5679
20,1,3,3,14,3,2,3,1,0,2.5628,3.4868
20,1,3,3,15,3,2,3,1,0,1.0048,2.2947
20,1,3,3,16,2,3,2,1,0,2.2949,3.1305
20,1,3,3,17,3,2,3,1,0,1.0391,1.7372
20,1,3,3,18,2,3,2,1,0,1.7762,2.6268
20,1,3,3,19,2,3,2,1,0,0.9578,2.0972
20,1,3,3,20,3,2,3,1,0,1.1518,2.1398
20,1,3,3,21,2,3,2,1,0,0.9453,2.8033
20,1,3,3,22,2,3,2,1,0,1.1431,2.5378
20,1,3,3,23,3,2,3,1,0,1.0638,2.5548
20,1,3,3,24,2,3,2,1,0,1.7675,3.7221
20,1,3,3,25,3,2,3,1,0,1.1112,3.3713
20,1,3,3,26,2,3,2,1,0,1.414,4.0003
20,1,3,3,27,3,2,3,1,0,1.1942,3.3808
20,1,3,3,28,2,3,2,1,0,1.1597,1.8903
20,1,3,3,29,2,3,2,1,0,1.6834,3.0222
20,1,3,3,30,3,2,3,1,0,1.008,1.9396
20,1,3,3,31,3,2,3,1,0,1.5932,3.675
20,1,3,3,32,2,3,2,1,0,1.1153,1.9097
20,1,3,3,33,2,3,2,1,0,0.7898,1.9855
20,1,3,3,34,2,3,2,1,0,1.4047,2.3429
20,1,3,3,35,3,2,3,1,0,2.1494,4.0336
20,2,1,1,1,1,,3,0,0,2.6339,4.9487
20,2,1,1,2,4,,2,0,0,4.0395,5.1313
20,2,1,1,3,4,,2,0,0,2.3172,4.9515
20,2,1,1,4,3,,3,1,0,1.0504,2.557
20,2,1,1,5,3,,3,1,0,1.4662,3.1571
20,2,1,1,6,4,,3,0,0,2.8973,3.9638
20,2,1,1,7,4,,3,0,0,10.135,10.8749
20,2,1,1,8,3,,3,1,0,1.2964,1.8676
20,2,1,1,9,2,,2,1,0,0.9717,1.592
20,2,1,1,10,4,,3,0,0,1.5389,2.2786
20,2,1,1,11,4,,2,0,0,2.797,3.9121
20,2,1,1,12,4,,2,0,0,4.0378,4.7929
20,2,1,1,13,2,,2,1,0,1.1935,1.9408
20,2,1,1,14,3,,3,1,0,3.4431,4.3263
20,2,1,1,15,3,,3,1,0,9.7544,11.1254
20,2,1,1,16,3,,3,1,0,1.0977,2.6056
20,2,1,1,17,1,,1,1,0,1.3349,3.7698
20,2,1,1,18,1,,3,0,0,2.212,3.0705
20,2,1,1,19,4,,3,0,0,1.4868,2.8176
20,2,1,1,20,2,,2,1,0,1.4758,2.4544
20,2,1,1,21,3,,3,1,0,1.8475,2.707
20,2,1,1,22,1,,3,0,0,1.7135,2.9156
20,2,1,1,23,3,,3,1,0,1.2503,2.726
20,2,1,1,24,2,,2,1,0,1.9637,3.3022
20,2,1,1,25,3,,3,1,0,1.1162,1.8389
20,2,1,1,26,4,,2,0,0,1.8974,2.4848
20,2,1,1,27,2,,3,0,0,2.0286,2.5827
20,2,1,1,28,1,,1,1,0,1.6908,2.7652
20,2,1,1,29,4,,3,0,0,1.314,3.1411
20,2,1,1,30,4,,3,0,0,2.2025,2.5254
20,2,1,1,31,3,,3,1,0,2.0754,3.2226
20,2,1,1,32,1,,1,1,0,1.3602,2.547
20,2,1,1,33,4,,3,0,0,2.6562,5.0266
20,2,1,1,34,1,,1,1,0,1.3703,2.4455
20,2,1,1,35,1,,1,1,0,1.3742,2.6253
20,2,2,3,1,4,1,4,1,0,2.4023,3.0135
20,2,2,3,2,4,1,1,0,0,1.1991,2.8823
20,2,2,3,3,1,4,1,1,0,0.8814,1.5716
20,2,2,3,4,1,4,1,1,0,1.8977,2.9086
20,2,2,3,5,4,1,1,0,0,2.0593,3.1502
20,2,2,3,6,1,4,1,1,0,1.0909,2.6614
20,2,2,3,7,1,4,1,1,0,1.3263,1.977
20,2,2,3,8,1,4,1,1,0,1.2064,2.9529
20,2,2,3,9,1,4,1,1,0,1.206,1.9283
20,2,2,3,10,1,4,1,1,0,1.0553,2.1065
20,2,2,3,11,4,1,4,1,0,0.8018,1.5648
20,2,2,3,12,1,4,1,1,0,1.1461,2.158
20,2,2,3,13,1,4,1,1,1,0.8423,2.0682
20,2,2,3,14,1,4,1,1,0,1.9973,3.2715
20,2,2,3,15,4,1,4,1,0,1.3758,2.2118
20,2,2,3,16,4,1,4,1,0,2.8935,3.8167
20,2,2,3,17,4,1,1,0,0,1.8495,3.1232
20,2,2,3,18,4,1,1,0,1,1.0257,1.79
20,2,2,3,19,4,1,1,0,0,1.105,1.772
20,2,2,3,20,1,4,1,1,0,1.7616,3.2776
20,2,2,3,21,1,4,1,1,0,3.0599,3.902
20,2,2,3,22,1,4,1,1,0,1.628,3.1426
20,2,2,3,23,1,4,1,1,0,0.9165,3.1351
20,2,2,3,24,4,1,4,1,0,1.9647,2.7683
20,2,2,3,25,4,1,4,1,0,0.9475,1.7753
20,2,2,3,26,4,1,1,0,0,1.7315,2.7355
20,2,2,3,27,1,4,1,1,0,0.9563,1.8381
20,2,2,3,28,1,4,1,1,0,0.8568,1.9877
20,2,2,3,29,4,1,4,1,0,1.1841,2.0032
20,2,2,3,30,1,4,1,1,0,1.0307,1.7295
20,2,2,3,31,4,1,4,1,0,0.889,1.6194
20,2,2,3,32,1,4,1,1,0,0.7511,2.1215
20,2,2,3,33,1,4,1,1,0,0.833,2.236
20,2,2,3,34,1,4,1,1,0,1.0216,1.7518
20,2,2,3,35,1,4,1,1,0,0.8621,1.9618
20,2,3,2,1,4,1,4,1,0,3.853,4.7032
20,2,3,2,2,1,4,1,1,0,2.3089,3.1839
20,2,3,2,3,1,3,1,1,0,0.7949,1.4128
20,2,3,2,4,1,4,1,1,0,1.2253,2.0289
20,2,3,2,5,2,1,1,0,0,1.8066,4.465
20,2,3,2,6,2,3,2,1,0,5.1356,10.3228
20,2,3,2,7,2,4,2,1,0,2.752,3.971
20,2,3,2,8,4,2,2,0,0,2.0855,2.848
20,2,3,2,9,3,2,2,0,0,5.8016,6.6756
20,2,3,2,10,2,1,1,0,0,1.8725,2.4506
20,2,3,2,11,4,1,1,0,0,1.956,2.8065
20,2,3,2,12,3,4,3,1,0,3.0017,3.9167
20,2,3,2,13,1,2,3,0,0,1.2334,3.0923
20,2,3,2,14,4,3,1,0,0,1.5958,7.1661
20,2,3,2,15,4,3,4,1,0,2.6066,4.0485
20,2,3,2,16,3,2,3,1,0,1.7603,2.6438
20,2,3,2,17,4,2,2,0,0,6.2855,7.9681
20,2,3,2,18,3,2,3,1,0,1.3427,2.2422
20,2,3,2,19,2,1,2,1,0,1.6593,3.1753
20,2,3,2,20,4,1,1,0,0,3.4905,4.9411
20,2,3,2,21,1,3,1,1,0,2.224,2.8023
20,2,3,2,22,4,2,2,0,0,1.7817,2.2729
20,2,3,2,23,2,4,2,1,0,1.777,2.8286
20,2,3,2,24,2,4,2,1,0,1.0612,1.8557
20,2,3,2,25,4,2,2,0,0,2.5301,3.4137
20,2,3,2,26,2,1,2,1,0,1.4385,2.1785
20,2,3,2,27,1,2,1,1,0,2.9892,3.9369
20,2,3,2,28,2,3,2,1,0,1.9247,2.9112
20,2,3,2,29,1,4,1,1,0,1.3825,2.0173
20,2,3,2,30,4,1,4,1,0,2.3805,3.198
20,2,3,2,31,4,2,2,0,0,1.9694,2.748
20,2,3,2,32,2,4,2,1,0,1.3369,2.3478
20,2,3,2,33,3,2,3,1,0,1.505,2.6362
20,2,3,2,34,2,1,2,1,0,2.4938,3.6176
20,2,3,2,35,2,1,2,1,0,1.9377,2.6367
20,3,1,2,1,4,3,4,1,0,2.1909,2.5451
20,3,1,2,2,1,4,1,1,0,1.5821,2.4085
20,3,1,2,3,3,2,3,1,0,1.4441,2.0713
20,3,1,2,4,4,3,3,0,0,1.8161,2.6666
20,3,1,2,5,1,3,1,1,0,1.1396,1.775
20,3,1,2,6,1,2,1,1,0,1.0119,1.8953
20,3,1,2,7,2,1,2,1,0,1.5187,2.3371
20,3,1,2,8,3,4,3,1,0,1.2394,2.8825
20,3,1,2,9,4,2,2,0,0,2.7611,3.6599
20,3,1,2,10,1,3,1,1,0,1.3078,3.4401
20,3,1,2,11,4,2,4,1,0,3.3515,4.1309
20,3,1,2,12,3,2,3,1,0,1.6223,2.1296
20,3,1,2,13,4,1,3,0,0,1.8626,2.5378
20,3,1,2,14,4,3,4,1,0,2.0076,2.8026
20,3,1,2,15,4,1,4,1,0,2.061,3.2713
20,3,1,2,16,2,4,2,1,0,2.2717,3.5311
20,3,1,2,17,2,1,2,1,0,1.5591,2.4977
20,3,1,2,18,2,1,2,1,0,1.0329,1.868
20,3,1,2,19,4,1,4,1,0,1.9089,2.8563
20,3,1,2,20,3,4,4,0,0,1.7688,2.6277
20,3,1,2,21,4,1,4,1,0,4.4862,5.0886
20,3,1,2,22,2,4,2,1,0,1.2143,2.2968
20,3,1,2,23,2,1,2,1,0,1.0158,1.9159
20,3,1,2,24,3,1,3,1,0,1.9859,2.7002
20,3,1,2,25,2,1,2,1,0,0.8922,1.6467
20,3,1,2,26,3,4,3,1,0,1.2649,3.099
20,3,1,2,27,3,2,3,1,0,1.2742,2.1163
20,3,1,2,28,4,1,4,1,0,2.0275,3.1907
20,3,1,2,29,1,3,1,1,0,1.3781,2.2446
20,3,1,2,30,1,2,1,1,0,1.1181,1.9601
20,3,1,2,31,3,4,2,0,0,1.5105,3.3447
20,3,1,2,32,4,2,4,1,0,1.974,2.9298
20,3,1,2,33,2,3,2,1,0,1.5425,3.1852
20,3,1,2,34,4,1,1,0,0,1.3881,2.2244
20,3,1,2,35,1,4,1,1,0,1.7704,3.174
20,3,2,3,1,4,3,3,0,0,10.8234,11.4342
20,3,2,3,2,4,3,3,0,0,1.5141,1.9749
20,3,2,3,3,4,3,3,0,0,1.4095,2.2921
20,3,2,3,4,4,3,4,1,0,1.8352,4.3036
20,3,2,3,5,3,4,3,1,0,0.9319,1.8937
20,3,2,3,6,3,4,3,1,0,0.7834,1.3386
20,3,2,3,7,3,4,3,1,0,0.7846,1.4116
20,3,2,3,8,4,3,4,1,0,1.0556,2.0029
20,3,2,3,9,4,3,3,0,0,2.0862,2.9286
20,3,2,3,10,4,3,4,1,0,1.3338,2.2331
20,3,2,3,11,3,4,3,1,0,0.9954,1.6224
20,3,2,3,12,4,3,3,0,0,0.8737,1.6116
20,3,2,3,13,3,4,3,1,0,0.7842,1.4343
20,3,2,3,14,3,4,3,1,0,0.7173,1.3368
20,3,2,3,15,3,4,3,1,0,0.7039,1.41
20,3,2,3,16,3,4,3,1,1,0.7988,1.6967
20,3,2,3,17,3,4,3,1,0,1.1377,1.7649
20,3,2,3,18,3,4,3,1,1,0.8017,1.548
20,3,2,3,19,3,4,3,1,0,0.7631,1.5014
20,3,2,3,20,3,4,3,1,0,0.806,1.3853
20,3,2,3,21,3,4,3,1,0,0.9014,1.7209
20,3,2,3,22,3,4,4,0,0,2.3917,4.7798
20,3,2,3,23,3,4,3,1,0,1.0689,1.6968
20,3,2,3,24,3,4,3,1,0,1.1832,2.747
20,3,2,3,25,4,3,4,1,0,4.3915,5.1937
20,3,2,3,26,3,4,3,1,0,0.7628,1.557
20,3,2,3,27,3,4,3,1,0,2.1483,3.0943
20,3,2,3,28,3,4,3,1,0,1.3423,2.0246
20,3,2,3,29,3,4,3,1,0,0.7561,1.4712
20,3,2,3,30,3,4,3,1,0,1.0889,1.9547
20,3,2,3,31,4,3,3,0,0,1.7213,2.7872
20,3,2,3,32,4,3,4,1,0,1.3117,1.9698
20,3,2,3,33,3,4,3,1,0,0.8873,2.0422
20,3,2,3,34,3,4,3,1,0,0.8288,1.4644
20,3,2,3,35,4,3,4,1,0,1.3209,2.3715
20,3,3,1,1,1,,1,1,0,1.7034,2.1775
20,3,3,1,2,3,,3,1,0,1.5909,2.1454
20,3,3,1,3,4,,2,0,0,2.1035,3.4896
20,3,3,1,4,3,,3,1,0,1.4091,2.5629
20,3,3,1,5,2,,2,1,0,2.096,2.5077
20,3,3,1,6,2,,2,1,0,0.9141,1.9807
20,3,3,1,7,2,,2,1,0,0.8089,1.4371
20,3,3,1,8,1,,1,1,0,1.1747,2.1854
20,3,3,1,9,2,,2,1,0,1.03,1.5533
20,3,3,1,10,4,,3,0,0,2.4151,3.9374
20,3,3,1,11,2,,2,1,0,1.3658,2.1452
20,3,3,1,12,4,,3,0,0,2.1822,3.5937
20,3,3,1,13,4,,3,0,0,1.7565,3.0547
20,3,3,1,14,3,,3,1,0,0.9512,1.9143
20,3,3,1,15,1,,1,1,0,1.0094,1.7955
20,3,3,1,16,4,,4,1,0,1.5043,2.3545
20,3,3,1,17,2,,2,1,0,1.4487,3.7709
20,3,3,1,18,3,,3,1,0,2.454,3.1284
20,3,3,1,19,4,,2,0,0,3.1831,3.7854
20,3,3,1,20,4,,2,0,0,2.5397,3.7028
20,3,3,1,21,1,,1,1,0,1.2288,2.1846
20,3,3,1,22,4,,2,0,0,1.5641,2.0718
20,3,3,1,23,2,,3,0,0,1.9838,3.091
20,3,3,1,24,2,,2,1,0,1.2578,1.8288
20,3,3,1,25,3,,3,1,0,1.2386,1.9211
20,3,3,1,26,1,,1,1,0,4.6892,7.7569
20,3,3,1,27,2,,2,1,0,2.6191,4.839
20,3,3,1,28,4,,2,0,0,1.7095,3.1436
20,3,3,1,29,1,,1,1,0,1.0777,4.2963
20,3,3,1,30,3,,3,1,0,1.1657,1.8414
20,3,3,1,31,4,,2,0,0,1.3876,1.7977
20,3,3,1,32,3,,3,1,0,1.018,1.7646
20,3,3,1,33,1,,2,0,0,0.9057,1.6845
20,3,3,1,34,1,,1,1,0,1.2777,1.8978
20,3,3,1,35,3,,3,1,0,1.496,2.1724
20,4,1,3,1,2,1,2,1,0,1.9604,2.7785
20,4,1,3,2,1,2,1,1,0,1.1187,2.1528
20,4,1,3,3,1,2,1,1,0,0.8149,1.8332
20,4,1,3,4,2,1,2,1,0,0.9241,1.5754
20,4,1,3,5,1,2,1,1,0,1.5886,2.2078
20,4,1,3,6,2,1,2,1,0,1.6025,2.4288
20,4,1,3,7,1,2,1,1,1,1.1278,2.2514
20,4,1,3,8,2,1,2,1,1,1.1877,1.9439
20,4,1,3,9,2,1,1,0,0,0.7965,4.6073
20,4,1,3,10,1,2,1,1,0,1.3358,2.0362
20,4,1,3,11,1,2,1,1,0,1.805,2.7045
20,4,1,3,12,1,2,1,1,0,1.1269,1.7062
20,4,1,3,13,2,1,2,1,0,1.3857,2.5081
20,4,1,3,14,2,1,2,1,0,1.8196,2.8059
20,4,1,3,15,1,2,1,1,0,2.1299,4.2053
20,4,1,3,16,1,2,1,1,0,2.0134,3.4416
20,4,1,3,17,1,2,1,1,0,1.2892,2.5013
20,4,1,3,18,2,1,2,1,0,1.2432,2.4546
20,4,1,3,19,1,2,1,1,0,0.8311,2.0029
20,4,1,3,20,2,1,2,1,0,1.4777,2.7373
20,4,1,3,21,1,2,2,0,0,1.9182,3.5454
20,4,1,3,22,1,2,1,1,0,3.3487,4.6005
20,4,1,3,23,2,1,2,1,0,1.937,2.8917
20,4,1,3,24,2,1,2,1,0,1.0751,1.9182
20,4,1,3,25,2,1,2,1,0,0.8288,1.5834
20,4,1,3,26,1,2,1,1,0,0.8371,1.5907
20,4,1,3,27,1,2,1,1,0,1.6278,3.8462
20,4,1,3,28,1,2,1,1,0,1.5586,2.6574
20,4,1,3,29,2,1,2,1,0,1.7306,3.9983
20,4,1,3,30,1,2,2,0,0,3.1746,4.5052
20,4,1,3,31,1,2,1,1,0,1.0468,2.4807
20,4,1,3,32,1,2,1,1,0,2.0413,4.0853
20,4,1,3,33,2,1,1,0,0,1.8824,2.3969
20,4,1,3,34,2,1,2,1,0,0.8644,1.2685
20,4,1,3,35,1,2,1,1,0,1.0768,1.5127
20,4,2,1,1,3,,3,1,0,1.4783,2.666
20,4,2,1,2,4,,1,0,0,1.0414,1.4764
20,4,2,1,3,2,,1,0,0,0.7818,2.7772
20,4,2,1,4,4,,4,1,0,1.2688,1.7837
20,4,2,1,5,2,,2,1,0,1.0926,1.7355
20,4,2,1,6,1,,1,1,0,1.3975,2.6808
20,4,2,1,7,1,,1,1,0,1.2164,1.8742
20,4,2,1,8,2,,2,1,0,1.5,2.9361
20,4,2,1,9,4,,4,1,0,1.8834,4.2634
20,4,2,1,10,2,,2,1,0,1.9575,2.664
20,4,2,1,11,3,,3,1,0,1.3284,1.9157
20,4,2,1,12,2,,2,1,0,1.2584,1.7647
20,4,2,1,13,2,,2,1,0,0.7625,1.2365
20,4,2,1,14,4,,2,0,0,1.7128,2.2191
20,4,2,1,15,2,,2,1,0,1.2304,1.8733
20,4,2,1,16,1,,1,1,0,1.7221,1.9883
20,4,2,1,17,4,,3,0,0,2.4172,3.4694
20,4,2,1,18,4,,3,0,0,1.1952,1.6303
20,4,2,1,19,2,,2,1,0,1.3609,2.4756
20,4,2,1,20,1,,1,1,0,1.2046,2.112
20,4,2,1,21,4,,1,0,0,3.3825,4.7926
20,4,2,1,22,3,,3,1,0,1.6581,2.4845
20,4,2,1,23,4,,1,0,0,1.9811,2.6079
20,4,2,1,24,4,,1,0,0,1.5628,3.1026
20,4,2,1,25,3,,3,1,0,1.1081,1.944
20,4,2,1,26,4,,4,1,0,1.2779,2.1614
20,4,2,1,27,4,,2,0,0,1.8049,2.4247
20,4,2,1,28,4,,3,0,0,1.315,2.3344
20,4,2,1,29,3,,3,1,0,0.8112,1.2469
20,4,2,1,30,2,,2,1,0,0.7846,1.371
20,4,2,1,31,2,,2,1,0,0.7858,1.2922
20,4,2,1,32,2,,2,1,0,0.7576,1.1444
20,4,2,1,33,1,,2,0,0,1.3269,2.1228
20,4,2,1,34,4,,1,0,0,2.3531,3.3708
20,4,2,1,35,3,,3,1,0,1.1033,1.6571
20,4,3,2,1,3,4,3,1,0,1.7707,2.3013
20,4,3,2,2,3,4,2,0,0,1.7968,2.2328
20,4,3,2,3,3,4,3,1,0,1.0097,1.6119
20,4,3,2,4,4,1,4,1,0,2.1843,2.8504
20,4,3,2,5,3,1,3,1,0,1.196,1.928
20,4,3,2,6,2,1,2,1,1,1.1095,2.0403
20,4,3,2,7,4,3,3,0,0,1.69,2.358
20,4,3,2,8,2,3,2,1,0,1.2827,1.8459
20,4,3,2,9,3,1,3,1,0,1.4068,2.083
20,4,3,2,10,2,4,2,1,0,1.4101,2.4537
20,4,3,2,11,3,4,3,1,0,1.3347,2.1772
20,4,3,2,12,1,3,1,1,0,6.6297,7.2645
20,4,3,2,13,4,3,4,1,0,2.3404,2.8782
20,4,3,2,14,4,1,1,0,0,2.9027,3.6653
20,4,3,2,15,2,1,2,1,0,1.1924,1.7156
20,4,3,2,16,1,2,1,1,0,1.1148,1.8925
20,4,3,2,17,2,4,2,1,0,1.2383,2.3533
20,4,3,2,18,2,4,2,1,0,0.7982,3.4815
20,4,3,2,19,2,3,2,1,0,11.272,13.0187
20,4,3,2,20,3,2,3,1,0,1.1774,2.1567
20,4,3,2,21,2,3,2,1,0,2.0092,2.4354
20,4,3,2,22,4,2,2,0,0,2.9086,3.4723
20,4,3,2,23,2,3,2,1,0,0.9036,1.5548
20,4,3,2,24,2,1,2,1,0,0.7523,1.2922
20,4,3,2,25,3,4,3,1,0,1.0606,1.5355
20,4,3,2,26,2,1,2,1,0,4.4303,5.177
20,4,3,2,27,2,4,2,1,0,1.8904,3.1743
20,4,3,2,28,1,3,1,1,0,2.2011,2.6052
20,4,3,2,29,4,3,3,0,0,2.6788,3.4508
20,4,3,2,30,4,2,4,1,0,3.1703,3.4044
20,4,3,2,31,1,3,1,1,0,1.1828,1.7458
20,4,3,2,32,2,1,2,1,0,1.3758,1.8508
20,4,3,2,33,1,4,1,1,0,1.1485,1.7905
20,4,3,2,34,1,4,1,1,1,1.0523,1.423
20,4,3,2,35,1,3,1,1,0,1.5307,2.2945
20,5,1,2,1,1,2,2,0,0,1.297,1.6998
20,5,1,2,2,4,3,3,0,0,0.8997,1.2717
20,5,1,2,3,2,3,2,1,0,0.8246,1.036
20,5,1,2,4,4,2,4,1,0,2.7912,3.3058
20,5,1,2,5,4,2,4,1,0,2.0565,2.4284
20,5,1,2,6,4,2,2,0,0,1.9812,2.5523
20,5,1,2,7,4,1,4,1,0,0.9405,1.4472
20,5,1,2,8,3,4,3,1,0,2.0097,3.069
20,5,1,2,9,4,1,1,0,1,1.9723,2.2238
20,5,1,2,10,1,4,1,1,0,0.8827,1.414
20,5,1,2,11,4,2,2,0,0,1.0252,1.4997
20,5,1,2,12,2,1,2,1,0,0.8283,1.4544
20,5,1,2,13,3,4,3,1,0,1.3694,1.8591
20,5,1,2,14,4,3,4,1,1,1.3661,2.0569
20,5,1,2,15,2,4,2,1,1,0.8744,1.2695
20,5,1,2,16,4,1,4,1,0,2.4152,2.922
20,5,1,2,17,3,4,3,1,0,1.3441,2.1634
20,5,1,2,18,3,1,3,1,0,0.9277,3.0501
20,5,1,2,19,4,3,4,1,0,1.6265,2.3413
20,5,1,2,20,4,3,4,1,0,1.3474,1.5269
20,5,1,2,21,3,1,2,0,0,0.8623,2.5938
20,5,1,2,22,4,2,2,0,0,1.3089,1.9674
20,5,1,2,23,1,3,1,1,0,3.445,3.887
20,5,1,2,24,4,1,1,0,0,7.2775,7.8722
20,5,1,2,25,2,4,2,1,0,1.2027,1.9577
20,5,1,2,26,1,2,1,1,0,1.1481,1.75
20,5,1,2,27,2,4,2,1,1,1.0846,1.9275
20,5,1,2,28,1,4,4,0,0,2.0539,2.5212
20,5,1,2,29,1,2,1,1,0,1.2393,1.65
20,5,1,2,30,1,3,1,1,0,1.0842,1.5023
20,5,1,2,31,3,4,3,1,0,1.4314,2.0653
20,5,1,2,32,3,2,3,1,0,0.9713,1.5667
20,5,1,2,33,1,2,1,1,1,1.3957,1.8633
20,5,1,2,34,4,1,1,0,0,1.8237,2.4506
20,5,1,2,35,3,2,3,1,0,1.9556,2.4473
20,5,2,1,1,1,,1,1,0,2.43,27.2087
20,5,2,1,2,2,,2,1,0,1.0494,1.4607
20,5,2,1,3,4,,1,0,0,1.6072,2.3051
20,5,2,1,4,3,,3,1,0,1.0092,1.6523
20,5,2,1,5,3,,3,1,0,1.046,1.3844
20,5,2,1,6,4,,4,1,0,1.5897,2.0721
20,5,2,1,7,1,,1,1,0,1.0012,1.3403
20,5,2,1,8,3,,3,1,0,1.0679,1.5181
20,5,2,1,9,1,,1,1,0,1.2698,1.648
20,5,2,1,10,2,,2,1,0,1.2749,1.709
20,5,2,1,11,2,,2,1,0,0.8458,1.2077
20,5,2,1,12,2,,2,1,1,0.7088,1.0555
20,5,2,1,13,2,,2,1,1,0.6905,1.1824
20,5,2,1,14,2,,2,1,1,0.6994,1.0866
20,5,2,1,15,1,,1,1,0,1.1753,1.6979
20,5,2,1,16,4,,4,1,0,1.2424,1.8621
20,5,2,1,17,3,,2,0,0,1.0141,1.8644
20,5,2,1,18,4,,1,0,0,2.7702,3.6373
20,5,2,1,19,2,,2,1,0,0.9495,1.2328
20,5,2,1,20,3,,3,1,0,0.7637,1.0552
20,5,2,1,21,3,,3,1,0,0.9055,1.357
20,5,2,1,22,2,,2,1,0,0.8585,1.3093
20,5,2,1,23,3,,2,0,1,1.1178,1.456
20,5,2,1,24,4,,3,0,0,0.795,1.1103
20,5,2,1,25,1,,1,1,0,0.8853,1.3932
20,5,2,1,26,3,,2,0,0,1.8457,2.0966
20,5,2,1,27,1,,1,1,0,0.8877,1.4277
20,5,2,1,28,4,,3,0,0,1.7981,2.0166
20,5,2,1,29,1,,1,1,0,1.2594,2.1192
20,5,2,1,30,4,,3,0,0,2.2373,2.9931
20,5,2,1,31,2,,2,1,0,0.844,1.2231
20,5,2,1,32,3,,3,1,0,1.026,1.6686
20,5,2,1,33,3,,3,1,0,0.9029,1.121
20,5,2,1,34,2,,2,1,0,0.9292,1.1075
20,5,2,1,35,1,,1,1,0,1.5168,2.0649
20,5,3,3,1,3,1,1,0,0,3.7034,4.5876
20,5,3,3,2,3,1,3,1,1,1.1875,1.6622
20,5,3,3,3,1,3,2,0,0,1.0159,3.0026
20,5,3,3,4,3,1,3,1,0,1.2214,2.4651
20,5,3,3,5,3,1,3,1,0,1.0649,1.7239
20,5,3,3,6,1,3,1,1,0,0.8428,1.3189
20,5,3,3,7,1,3,1,1,0,1.1495,1.7689
20,5,3,3,8,1,3,1,1,0,0.9582,1.5057
20,5,3,3,9,3,1,3,1,0,1.0326,1.4529
20,5,3,3,10,3,1,3,1,0,0.6304,1.0653
20,5,3,3,11,3,1,3,1,0,0.515,1.0696
20,5,3,3,12,1,3,2,0,0,1.8878,2.9547
20,5,3,3,13,3,1,3,1,0,2.3197,3.2025
20,5,3,3,14,1,3,1,1,0,1.0609,1.6312
20,5,3,3,15,3,1,3,1,0,0.762,1.1568
20,5,3,3,16,1,3,1,1,0,1.0918,2.1018
20,5,3,3,17,1,3,1,1,0,1.6545,2.2578
20,5,3,3,18,1,3,1,1,0,1.1546,1.6527
20,5,3,3,19,3,1,3,1,1,0.7114,1.1936
20,5,3,3,20,3,1,3,1,0,1.2467,2.1213
20,5,3,3,21,3,1,3,1,0,0.7361,1.3788
20,5,3,3,22,1,3,1,1,1,1.4089,1.8756
20,5,3,3,23,3,1,3,1,1,0.7485,1.1599
20,5,3,3,24,3,1,3,1,1,0.677,1.0879
20,5,3,3,25,1,3,1,1,0,1.8578,2.7494
20,5,3,3,26,3,1,3,1,0,1.1128,1.8528
20,5,3,3,27,1,3,1,1,0,0.9819,2.842
20,5,3,3,28,1,3,1,1,0,1.7702,2.1093
20,5,3,3,29,1,3,3,0,0,3.3249,5.1907
20,5,3,3,30,1,3,1,1,0,1.1527,1.4363
20,5,3,3,31,1,3,1,1,0,1.0062,1.3531
20,5,3,3,32,1,3,3,0,0,1.3752,1.9623
20,5,3,3,33,1,3,3,0,0,1.255,1.7707
20,5,3,3,34,3,1,3,1,0,0.7436,1.1294
20,5,3,3,35,3,1,3,1,0,0.9615,1.6364
20,6,1,3,1,2,4,2,1,0,2.5154,3.0304
20,6,1,3,2,2,4,2,1,1,0.7361,1.0668
20,6,1,3,3,4,2,4,1,1,0.6211,1.6567
20,6,1,3,4,4,2,4,1,0,1.2179,1.7962
20,6,1,3,5,2,4,2,1,0,0.7524,0.9626
20,6,1,3,6,4,2,4,1,0,0.7851,1.5566
20,6,1,3,7,4,2,4,1,0,1.0987,1.8447
20,6,1,3,8,4,2,2,0,0,0.9513,2.4592
20,6,1,3,9,2,4,4,0,0,0.6831,1.6616
20,6,1,3,10,2,4,2,1,0,0.6712,1.2751
20,6,1,3,11,2,4,2,1,0,1.2524,2.8063
20,6,1,3,12,2,4,2,1,0,0.6975,1.0123
20,6,1,3,13,4,2,4,1,0,1.0807,2.4289
20,6,1,3,14,2,4,2,1,0,0.7331,1.0959
20,6,1,3,15,4,2,2,0,0,0.9211,1.2917
20,6,1,3,16,4,2,2,0,0,1.2292,1.9203
20,6,1,3,17,2,4,2,1,0,1.0947,1.497
20,6,1,3,18,2,4,2,1,0,0.7701,1.6041
20,6,1,3,19,4,2,4,1,0,0.7772,2.9807
20,6,1,3,20,4,2,2,0,0,1.319,2.5791
20,6,1,3,21,2,4,2,1,0,0.7417,1.4332
20,6,1,3,22,4,2,4,1,0,0.7393,1.3354
20,6,1,3,23,4,2,4,1,0,1.4133,2.5372
20,6,1,3,24,2,4,2,1,0,1.2536,2.3941
20,6,1,3,25,2,4,2,1,0,1.7407,2.5033
20,6,1,3,26,2,4,2,1,0,0.558,1.1604
20,6,1,3,27,4,2,4,1,0,0.9669,1.8016
20,6,1,3,28,4,2,4,1,0,0.7575,1.1527
20,6,1,3,29,2,4,2,1,0,0.7512,1.6499
20,6,1,3,30,4,2,4,1,0,0.7083,1.1114
20,6,1,3,31,2,4,2,1,0,1.0869,1.5615
20,6,1,3,32,4,2,4,1,0,0.951,2.0584
20,6,1,3,33,4,2,2,0,0,1.1797,1.663
20,6,1,3,34,4,2,4,1,0,1.1039,1.5632
20,6,1,3,35,4,2,2,0,0,0.8245,1.2199
20,6,2,2,1,3,1,3,1,0,1.0943,1.4564
20,6,2,2,2,4,3,4,1,0,1.9393,2.7824
20,6,2,2,3,3,1,3,1,0,1.2414,1.6692
20,6,2,2,4,4,3,4,1,0,2.8775,4.2179
20,6,2,2,5,2,4,2,1,0,1.033,1.6283
20,6,2,2,6,2,4,2,1,0,0.8144,1.4347
20,6,2,2,7,2,4,2,1,0,0.9405,1.28
20,6,2,2,8,1,3,1,1,0,0.9122,1.5956
20,6,2,2,9,1,4,1,1,0,1.0791,1.4184
20,6,2,2,10,1,3,1,1,0,0.933,1.4573
20,6,2,2,11,1,4,1,1,0,2.4024,3.2774
20,6,2,2,12,3,4,3,1,0,1.2687,1.8721
20,6,2,2,13,1,3,1,1,0,1.1532,1.547
20,6,2,2,14,2,4,2,1,0,1.0822,1.5805
20,6,2,2,15,4,3,4,1,0,2.0813,2.684
20,6,2,2,16,3,4,3,1,0,1.1798,1.6069
20,6,2,2,17,1,2,1,1,0,1.0594,2.1029
20,6,2,2,18,4,1,1,0,0,1.8614,3.8318
20,6,2,2,19,1,3,1,1,0,1.0089,2.7395
20,6,2,2,20,2,4,2,1,0,1.3211,2.0443
20,6,2,2,21,1,2,1,1,0,1.3901,2.9756
20,6,2,2,22,1,4,1,1,1,1.1964,1.5828
20,6,2,2,23,1,3,1,1,0,1.2838,1.8461
20,6,2,2,24,3,2,3,1,0,1.2493,2.3879
20,6,2,2,25,3,4,3,1,0,1.224,1.7635
20,6,2,2,26,1,4,1,1,0,1.1753,1.6348
20,6,2,2,27,4,2,4,1,0,2.1252,2.6404
20,6,2,2,28,2,3,2,1,0,0.9855,1.5098
20,6,2,2,29,3,1,1,0,0,1.5734,2.4073
20,6,2,2,30,2,4,2,1,0,1.1312,1.5174
20,6,2,2,31,2,4,2,1,0,1.4135,1.9292
20,6,2,2,32,3,2,3,1,0,1.503,2.0811
20,6,2,2,33,2,1,2,1,0,0.7859,1.3976
20,6,2,2,34,4,2,2,0,0,2.465,4.4438
20,6,2,2,35,2,1,2,1,0,0.8037,1.3829
20,6,3,1,1,2,,2,1,0,1.9144,3.1814
20,6,3,1,2,4,,1,0,0,1.0086,2.1071
20,6,3,1,3,3,,2,0,0,0.771,1.3497
20,6,3,1,4,2,,2,1,0,0.8521,1.1825
20,6,3,1,5,3,,4,0,0,1.2278,1.9905
20,6,3,1,6,4,,1,0,0,1.6674,3.4058
20,6,3,1,7,1,,1,1,0,1.2323,1.5787
20,6,3,1,8,1,,1,1,0,0.8084,1.372
20,6,3,1,9,2,,2,1,0,0.7608,1.2586
20,6,3,1,10,2,,2,1,0,0.7502,1.1446
20,6,3,1,11,3,,3,1,0,0.9357,1.6739
20,6,3,1,12,2,,2,1,0,1.0833,1.9423
20,6,3,1,13,2,,2,1,0,0.7252,1.3037
20,6,3,1,14,4,,1,0,0,1.4004,2.2353
20,6,3,1,15,2,,2,1,0,1.4611,1.9205
20,6,3,1,16,1,,1,1,0,1.1194,1.7948
20,6,3,1,17,1,,1,1,0,1.8699,2.6566
20,6,3,1,18,2,,2,1,0,2.3616,3.0924
20,6,3,1,19,4,,1,0,0,1.9074,2.7263
20,6,3,1,20,4,,4,1,0,1.5808,2.1272
20,6,3,1,21,4,,1,0,0,2.3346,3.7051
20,6,3,1,22,1,,1,1,0,0.9907,2.0577
20,6,3,1,23,3,,2,0,0,1.5392,2.6217
20,6,3,1,24,3,,3,1,0,1.0405,2.4271
20,6,3,1,25,2,,2,1,0,0.998,1.5772
20,6,3,1,26,3,,2,0,0,1.7252,2.1279
20,6,3,1,27,1,,1,1,0,1.0541,2.2325
20,6,3,1,28,1,,1,1,0,1.0196,1.526
20,6,3,1,29,2,,2,1,0,1.4294,2.0799
20,6,3,1,30,2,,2,1,0,0.777,1.4923
20,6,3,1,31,1,,1,1,0,0.8689,1.3284
20,6,3,1,32,4,,1,0,0,4.1027,5.7609
20,6,3,1,33,2,,2,1,0,2.4187,3.3173
20,6,3,1,34,1,,1,1,0,2.0514,2.9818
20,6,3,1,35,4,,1,0,0,2.0177,2.8369
21,1,1,1,1,3,,3,1,0,2.3257,3.1219
21,1,1,1,2,1,,1,1,0,1.4227,2.4657
21,1,1,1,3,2,,2,1,0,1.0578,2.1179
21,1,1,1,4,3,,2,0,0,1.1722,2.2555
21,1,1,1,5,1,,1,1,0,1.1521,2.2917
21,1,1,1,6,4,,4,1,0,1.3234,2.1746
21,1,1,1,7,3,,2,0,0,1.1469,1.894
21,1,1,1,8,1,,1,1,0,0.949,2.4644
21,1,1,1,9,4,,4,1,0,1.3371,5.8127
21,1,1,1,10,3,,3,1,0,2.4349,6.1985
21,1,1,1,11,2,,2,1,0,1.1495,2.0324
21,1,1,1,12,4,,3,0,0,3.1545,4.0147
21,1,1,1,13,1,,2,0,0,1.7666,2.7845
21,1,1,1,14,3,,1,0,0,2.2051,3.4233
21,1,1,1,15,4,,4,1,0,1.4009,2.7237
21,1,1,1,16,2,,2,1,0,1.1704,2.2297
21,1,1,1,17,4,,3,0,0,2.255,3.2192
21,1,1,1,18,4,,2,0,0,1.6199,4.6383
21,1,1,1,19,2,,2,1,0,1.0545,2.0665
21,1,1,1,20,3,,4,0,0,2.7697,3.4687
21,1,1,1,21,3,,1,0,0,1.3883,2.4393
21,1,1,1,22,3,,2,0,0,4.8965,5.7388
21,1,1,1,23,4,,4,1,0,1.6779,4.5214
21,1,1,1,24,3,,1,0,0,1.021,3.1609
21,1,1,1,25,1,,2,0,0,1.4763,2.7433
21,1,1,1,26,3,,2,0,0,1.4687,2.0723
21,1,1,1,27,1,,1,1,0,1.1367,1.9476
21,1,1,1,28,2,,2,1,0,1.0487,2.2352
21,1,1,1,29,1,,1,1,0,1.7181,2.489
21,1,1,1,30,1,,1,1,0,1.4009,2.0597
21,1,1,1,31,4,,3,0,0,1.8534,3.6246
21,1,1,1,32,4,,4,1,0,3.4089,4.7395
21,1,1,1,33,4,,4,1,0,1.5111,2.2262
21,1,1,1,34,3,,4,0,0,1.6693,2.609
21,1,1,1,35,4,,4,1,0,1.0589,2.0459
21,1,2,3,1,4,3,3,0,0,2.398,3.7536
21,1,2,3,2,4,3,4,1,0,1.0848,1.8154
21,1,2,3,3,4,3,4,1,0,1.0989,2.0229
21,1,2,3,4,3,4,3,1,0,1.2332,2.0207
21,1,2,3,5,3,4,3,1,0,1.5267,2.1611
21,1,2,3,6,3,4,3,1,0,1.3503,2.2339
21,1,2,3,7,4,3,4,1,0,1.2033,1.8702
21,1,2,3,8,3,4,3,1,0,1.0711,4.9712
21,1,2,3,9,3,4,3,1,0,1.0041,1.8319
21,1,2,3,10,4,3,4,1,0,0.8094,1.7414
21,1,2,3,11,3,4,3,1,0,0.8909,2.1091
21,1,2,3,12,4,3,4,1,0,1.1495,1.7453
21,1,2,3,13,4,3,4,1,0,2.4461,3.2819
21,1,2,3,14,4,3,4,1,0,0.8959,2.6025
21,1,2,3,15,4,3,4,1,0,1.1334,1.8241
21,1,2,3,16,3,4,4,0,0,1.0363,1.8237
21,1,2,3,17,4,3,4,1,0,1.0823,2.1019
21,1,2,3,18,3,4,3,1,0,0.8444,1.6946
21,1,2,3,19,3,4,4,0,0,0.7677,4.6983
21,1,2,3,20,4,3,3,0,0,1.575,2.6508
21,1,2,3,21,4,3,4,1,0,0.8668,1.8937
21,1,2,3,22,4,3,3,0,0,1.117,1.8235
21,1,2,3,23,3,4,3,1,0,0.8749,1.8149
21,1,2,3,24,4,3,4,1,0,0.9378,1.7087
21,1,2,3,25,4,3,4,1,0,1.2126,3.5029
21,1,2,3,26,4,3,4,1,0,1.717,2.2724
21,1,2,3,27,3,4,3,1,0,1.1371,2.0601
21,1,2,3,28,3,4,3,1,0,1.4453,3.1045
21,1,2,3,29,3,4,3,1,0,1.3907,2.2823
21,1,2,3,30,3,4,3,1,0,1.241,2.1001
21,1,2,3,31,4,3,4,1,0,1.0676,1.7892
21,1,2,3,32,4,3,4,1,0,1.0831,1.8466
21,1,2,3,33,4,3,4,1,0,1.1115,2.0915
21,1,2,3,34,4,3,4,1,0,1.2426,1.8375
21,1,2,3,35,4,3,3,0,0,1.2401,2.2191
21,1,3,2,1,2,4,2,1,0,2.9243,4.2883
21,1,3,2,2,1,3,1,1,0,2.4853,3.4155
21,1,3,2,3,1,3,3,0,0,1.2333,2.3479
21,1,3,2,4,4,2,4,1,0,2.1849,3.2441
21,1,3,2,5,1,3,1,1,0,1.2598,2.6872
21,1,3,2,6,4,2,4,1,0,2.9506,4.3303
21,1,3,2,7,4,3,4,1,0,3.3253,3.928
21,1,3,2,8,3,4,3,1,0,2.4844,3.744
21,1,3,2,9,2,1,2,1,0,1.6682,2.4952
21,1,3,2,10,3,2,3,1,0,1.2382,2.0326
21,1,3,2,11,1,4,1,1,0,1.0833,2.03
21,1,3,2,12,1,4,1,1,0,0.9925,1.8751
21,1,3,2,13,3,4,3,1,0,1.8364,2.96
21,1,3,2,14,2,4,2,1,0,1.0835,2.0219
21,1,3,2,15,1,2,1,1,0,2.2416,3.0042
21,1,3,2,16,1,3,1,1,0,0.9271,1.7871
21,1,3,2,17,3,4,3,1,0,2.6706,3.7784
21,1,3,2,18,4,2,2,0,0,1.1644,2.0961
21,1,3,2,19,4,3,4,1,0,3.1992,3.7631
21,1,3,2,20,3,1,3,1,1,1.4691,2.4481
21,1,3,2,21,1,4,1,1,0,1.2968,2.5248
21,1,3,2,22,2,4,2,1,0,1.074,1.9413
21,1,3,2,23,3,4,3,1,0,2.1079,2.8701
21,1,3,2,24,4,3,3,0,0,2.2707,4.0487
21,1,3,2,25,3,1,3,1,0,2.481,3.0037
21,1,3,2,26,1,4,1,1,0,1.1664,1.8496
21,1,3,2,27,1,4,1,1,0,1.1306,1.741
21,1,3,2,28,3,1,3,1,0,1.4849,3.4402
21,1,3,2,29,4,1,1,0,0,0.952,1.8426
21,1,3,2,30,2,3,2,1,0,1.0298,2.1534
21,1,3,2,31,2,4,2,1,0,1.4939,2.4807
21,1,3,2,32,2,4,2,1,0,1.0161,2.0684
21,1,3,2,33,2,1,1,0,0,1.3239,2.0323
21,1,3,2,34,4,2,2,0,0,2.8337,3.917
21,1,3,2,35,4,2,2,0,0,1.6416,2.3248
21,2,1,2,1,1,2,1,1,0,1.0755,2.4069
21,2,1,2,2,3,2,3,1,0,1.4021,2.3896
21,2,1,2,3,1,3,1,1,0,0.8807,1.5323
21,2,1,2,4,4,3,3,0,0,1.77,2.3486
21,2,1,2,5,3,4,3,1,0,2.642,3.5254
21,2,1,2,6,3,1,1,0,0,1.8342,2.3967
21,2,1,2,7,4,2,2,0,0,2.1283,2.9559
21,2,1,2,8,1,2,1,1,0,2.6246,3.5322
21,2,1,2,9,3,1,3,1,0,2.3275,2.9141
21,2,1,2,10,2,4,2,1,0,1.1287,1.9716
21,2,1,2,11,1,2,1,1,0,1.1843,2.2756
21,2,1,2,12,4,2,2,0,0,2.86,3.48
21,2,1,2,13,2,3,2,1,0,1.0132,1.8564
21,2,1,2,14,3,4,3,1,0,2.178,3.6123
21,2,1,2,15,3,4,3,1,0,1.5754,2.3535
21,2,1,2,16,4,1,4,1,0,1.0395,1.8504
21,2,1,2,17,3,4,3,1,0,1.292,1.992
21,2,1,2,18,3,2,2,0,0,2.7555,3.7502
21,2,1,2,19,3,2,2,0,0,1.6176,2.3086
21,2,1,2,20,1,3,1,1,0,1.2598,1.7752
21,2,1,2,21,2,1,2,1,0,1.1486,2.08
21,2,1,2,22,2,3,2,1,0,0.8956,1.7473
21,2,1,2,23,4,3,3,0,0,4.7998,5.8514
21,2,1,2,24,3,2,3,1,0,2.4564,3.3306
21,2,1,2,25,2,3,2,1,0,1.0164,1.8512
21,2,1,2,26,4,2,4,1,0,1.2844,1.9126
21,2,1,2,27,2,3,2,1,0,1.3428,2.0183
21,2,1,2,28,1,4,1,1,0,0.933,1.6637
21,2,1,2,29,2,4,2,1,0,0.9052,1.5807
21,2,1,2,30,4,2,2,0,0,1.4565,2.3721
21,2,1,2,31,4,2,2,0,0,2.1037,2.9073
21,2,1,2,32,1,4,1,1,0,0.9698,2.0841
21,2,1,2,33,4,1,4,1,0,3.0682,4.3667
21,2,1,2,34,1,3,1,1,0,1.0263,1.7164
21,2,1,2,35,4,3,3,0,0,2.6758,3.3422
21,2,2,3,1,1,2,1,1,0,1.2906,4.7968
21,2,2,3,2,2,1,2,1,0,1.2937,2.0567
21,2,2,3,3,2,1,2,1,0,1.0424,2.4137
21,2,2,3,4,1,2,1,1,1,0.7597,1.5636
21,2,2,3,5,1,2,1,1,0,0.8485,1.5224
21,2,2,3,6,2,1,2,1,0,1.8831,2.5659
21,2,2,3,7,2,1,2,1,0,0.7939,1.6773
21,2,2,3,8,2,1,2,1,0,0.7655,1.6641
21,2,2,3,9,1,2,1,1,0,0.7541,1.7086
21,2,2,3,10,1,2,1,1,0,1.2371,2.2072
21,2,2,3,11,2,1,2,1,0,1.4267,3.3581
21,2,2,3,12,2,1,1,0,0,0.818,1.9565
21,2,2,3,13,1,2,1,1,0,0.7788,1.6863
21,2,2,3,14,2,1,1,0,0,1.0065,2.2741
21,2,2,3,15,2,1,2,1,0,0.7459,1.7408
21,2,2,3,16,2,1,2,1,0,1.3076,2.9893
21,2,2,3,17,2,1,2,1,0,1.7378,2.8764
21,2,2,3,18,2,1,2,1,0,0.7961,2.0784
21,2,2,3,19,1,2,1,1,0,0.9111,1.9548
21,2,2,3,20,1,2,1,1,0,1.4322,2.6505
21,2,2,3,21,1,2,1,1,0,1.2995,2.2471
21,2,2,3,22,1,2,1,1,0,0.7518,1.699
21,2,2,3,23,1,2,1,1,0,1.1234,2.1742
21,2,2,3,24,1,2,1,1,0,0.8351,1.8128
21,2,2,3,25,1,2,1,1,0,0.7853,1.9149
21,2,2,3,26,2,1,2,1,0,0.9071,2.861
21,2,2,3,27,1,2,1,1,0,1.0227,2.6487
21,2,2,3,28,2,1,2,1,0,0.8105,1.469
21,2,2,3,29,1,2,1,1,0,0.7589,1.6414
21,2,2,3,30,1,2,1,1,0,0.7642,1.9347
21,2,2,3,31,2,1,2,1,0,0.8851,2.0729
21,2,2,3,32,1,2,1,1,0,0.969,1.9636
21,2,2,3,33,1,2,1,1,0,0.7689,1.661
21,2,2,3,34,1,2,1,1,0,2.1179,2.9284
21,2,2,3,35,1,2,2,0,0,1.2056,2.184
21,2,3,1,1,4,,2,0,0,1.4197,2.4305
21,2,3,1,2,4,,2,0,0,1.3606,2.3554
21,2,3,1,3,2,,2,1,0,0.9845,2.1309
21,2,3,1,4,2,,2,1,0,0.9056,1.613
21,2,3,1,5,3,,3,1,0,1.8239,2.8597
21,2,3,1,6,4,,4,1,0,1.7472,2.6542
21,2,3,1,7,1,,2,0,0,1.0551,5.1708
21,2,3,1,8,1,,1,1,0,1.6995,2.551
21,2,3,1,9,3,,3,1,0,2.4197,3.2628
21,2,3,1,10,4,,1,0,0,4.1017,5.81
21,2,3,1,11,4,,2,0,0,1.9683,2.4281
21,2,3,1,12,1,,1,1,0,1.1569,1.8718
21,2,3,1,13,3,,2,0,0,1.1053,1.9411
21,2,3,1,14,2,,2,1,0,0.922,1.6139
21,2,3,1,15,2,,2,1,0,0.8326,2.1087
21,2,3,1,16,3,,3,1,0,2.7228,3.6382
21,2,3,1,17,4,,1,0,0,0.9823,1.7462
21,2,3,1,18,1,,1,1,0,1.3196,2.3219
21,2,3,1,19,3,,3,1,0,1.937,2.5631
21,2,3,1,20,1,,1,1,0,0.8799,2.0839
21,2,3,1,21,3,,2,0,0,2.4031,3.3335
21,2,3,1,22,2,,2,1,0,1.2353,1.8771
21,2,3,1,23,4,,3,0,0,1.5498,2.7927
21,2,3,1,24,2,,2,1,0,1.0129,1.5836
21,2,3,1,25,4,,1,0,0,2.2204,3.1043
21,2,3,1,26,1,,1,1,0,0.9812,1.9695
21,2,3,1,27,3,,3,1,0,1.9492,3.2009
21,2,3,1,28,1,,1,1,0,1.6028,2.8295
21,2,3,1,29,4,,1,0,0,2.6148,3.4659
21,2,3,1,30,3,,3,1,0,1.6655,2.5971
21,2,3,1,31,3,,2,0,0,1.2153,2.3702
21,2,3,1,32,4,,3,0,0,3.9744,5.225
21,2,3,1,33,2,,2,1,0,1.4011,2.7326
21,2,3,1,34,1,,1,1,0,1.5535,3.2845
21,2,3,1,35,3,,3,1,0,1.7155,2.8535
21,3,1,3,1,4,1,4,1,0,1.6253,4.4924
21,3,1,3,2,1,4,1,1,0,1.1294,2.2688
21,3,1,3,3,4,1,4,1,0,2.9168,3.7125
21,3,1,3,4,4,1,1,0,0,1.029,1.6312
21,3,1,3,5,1,4,1,1,0,0.8106,1.6536
21,3,1,3,6,4,1,1,0,0,1.1675,2.2748
21,3,1,3,7,1,4,1,1,0,0.8273,1.5753
21,3,1,3,8,1,4,1,1,0,0.8679,2.4301
21,3,1,3,9,4,1,4,1,0,1.2563,1.9155
21,3,1,3,10,1,4,1,1,0,0.6907,1.9326
21,3,1,3,11,4,1,1,0,0,1.2113,3.8954
21,3,1,3,12,4,1,1,0,0,1.3168,1.9357
21,3,1,3,13,1,4,4,0,0,1.4057,1.9051
21,3,1,3,14,1,4,1,1,0,1.0807,1.7631
21,3,1,3,15,4,1,4,1,0,1.2086,2.443
21,3,1,3,16,4,1,1,0,0,1.2618,2.2082
21,3,1,3,17,1,4,1,1,0,0.7319,1.4946
21,3,1,3,18,1,4,1,1,0,0.8068,1.4894
21,3,1,3,19,4,1,1,0,0,0.739,1.4866
21,3,1,3,20,1,4,1,1,0,1.5509,2.3222
21,3,1,3,21,1,4,1,1,0,0.776,1.8275
21,3,1,3,22,1,4,1,1,0,0.8058,1.5437
21,3,1,3,23,4,1,1,0,0,1.7904,2.6822
21,3,1,3,24,1,4,1,1,0,1.2728,2.1154
21,3,1,3,25,1,4,1,1,0,1.5306,2.9487
21,3,1,3,26,1,4,1,1,0,1.0506,2.4217
21,3,1,3,27,4,1,4,1,0,1.0399,3.9233
21,3,1,3,28,1,4,1,1,0,0.759,1.4023
21,3,1,3,29,1,4,1,1,0,0.7904,1.5303
21,3,1,3,30,1,4,1,1,0,0.8004,1.979
21,3,1,3,31,1,4,1,1,0,0.6155,1.6355
21,3,1,3,32,1,4,1,1,0,0.7815,1.6397
21,3,1,3,33,1,4,1,1,0,1.5226,2.0613
21,3,1,3,34,1,4,1,1,0,0.9183,1.7619
21,3,1,3,35,1,4,1,1,0,0.7587,1.5773
21,3,2,1,1,2,,1,0,0,1.1891,2.3515
21,3,2,1,2,4,,4,1,0,1.1968,3.9032
21,3,2,1,3,2,,2,1,0,1.942,2.8563
21,3,2,1,4,1,,1,1,0,0.9371,1.5813
21,3,2,1,5,2,,2,1,0,1.2648,2.1403
21,3,2,1,6,4,,4,1,0,2.0343,4.2612
21,3,2,1,7,1,,1,1,0,0.9884,1.8864
21,3,2,1,8,4,,4,1,0,1.6236,2.5222
21,3,2,1,9,2,,2,1,0,0.9687,4.3723
21,3,2,1,10,3,,2,0,0,1.8064,10.6967
21,3,2,1,11,1,,1,1,0,0.7201,1.5155
21,3,2,1,12,1,,1,1,0,0.8744,1.4369
21,3,2,1,13,3,,2,0,0,0.9839,3.0269
21,3,2,1,14,4,,4,1,0,1.6844,2.3909
21,3,2,1,15,3,,3,1,0,2.1078,2.719
21,3,2,1,16,1,,1,1,0,1.2685,2.2152
21,3,2,1,17,2,,1,0,0,1.4904,2.2459
21,3,2,1,18,3,,1,0,0,1.1027,1.6169
21,3,2,1,19,2,,2,1,0,1.3806,2.2485
21,3,2,1,20,3,,3,1,0,2.5933,3.5553
21,3,2,1,21,3,,3,1,0,1.5439,2.1234
21,3,2,1,22,2,,2,1,0,1.7694,2.7956
21,3,2,1,23,1,,1,1,0,1.0077,1.5534
21,3,2,1,24,4,,1,0,0,1.8321,2.483
21,3,2,1,25,3,,3,1,0,1.931,2.6217
21,3,2,1,26,3,,3,1,0,2.0722,3.8519
21,3,2,1,27,2,,2,1,0,1.1068,2.0857
21,3,2,1,28,4,,2,0,0,3.4618,4.1616
21,3,2,1,29,1,,1,1,0,0.9963,2.0385
21,3,2,1,30,1,,2,0,0,1.4807,2.0445
21,3,2,1,31,4,,4,1,0,1.5498,2.1281
21,3,2,1,32,2,,2,1,0,1.2949,2.33
21,3,2,1,33,3,,3,1,0,2.744,3.2753
21,3,2,1,34,3,,3,1,0,1.1297,2.742
21,3,2,1,35,4,,3,0,0,3.1225,18.4939
21,3,3,2,1,2,4,2,1,0,1.1628,2.4853
21,3,3,2,2,2,3,2,1,0,1.0697,1.8556
21,3,3,2,3,4,1,1,0,0,2.346,3.3005
21,3,3,2,4,1,2,2,0,0,1.435,1.9828
21,3,3,2,5,2,1,2,1,0,0.915,1.8054
21,3,3,2,6,1,4,1,1,0,0.9449,1.6524
21,3,3,2,7,4,1,1,0,0,2.8703,3.6247
21,3,3,2,8,2,4,2,1,0,1.0661,1.8537
21,3,3,2,9,1,4,1,1,0,2.7909,4.0411
21,3,3,2,10,3,2,2,0,0,2.6496,15.9646
21,3,3,2,11,3,4,1,0,0,1.6666,11.6376
21,3,3,2,12,1,2,1,1,0,0.9578,2.0657
21,3,3,2,13,1,4,1,1,0,1.1217,2.2846
21,3,3,2,14,1,2,1,1,0,0.9408,1.8227
21,3,3,2,15,4,1,4,1,0,1.2266,2.1576
21,3,3,2,16,3,4,3,1,0,2.2512,3.0708
21,3,3,2,17,3,4,3,1,0,1.5573,2.2813
21,3,3,2,18,4,2,2,0,0,1.4885,2.1792
21,3,3,2,19,4,2,2,0,0,1.7434,2.4989
21,3,3,2,20,1,4,1,1,0,2.5932,3.9955
21,3,3,2,21,2,3,2,1,0,1.2546,2.0262
21,3,3,2,22,1,3,3,0,0,2.8921,3.5202
21,3,3,2,23,4,3,3,0,0,3.9246,4.5746
21,3,3,2,24,2,3,2,1,0,1.1214,2.46
21,3,3,2,25,3,4,3,1,0,5.4934,6.7768
21,3,3,2,26,4,1,4,1,0,2.392,3.1082
21,3,3,2,27,3,1,3,1,0,1.9373,9.8369
21,3,3,2,28,2,4,2,1,0,1.2863,2.481
21,3,3,2,29,1,4,1,1,0,1.113,2.0036
21,3,3,2,30,1,3,1,1,0,0.7997,1.7946
21,3,3,2,31,3,4,3,1,0,1.3262,2.7379
21,3,3,2,32,2,4,2,1,0,0.998,2.0173
21,3,3,2,33,1,4,1,1,0,1.2764,2.8244
21,3,3,2,34,1,2,1,1,0,1.2813,2.8207
21,3,3,2,35,3,4,3,1,0,3.0137,4.1612
21,4,1,3,1,2,3,2,1,0,1.7389,2.5014
21,4,1,3,2,3,2,2,0,0,1.8211,2.3925
21,4,1,3,3,3,2,3,1,0,1.9076,2.6877
21,4,1,3,4,2,3,3,0,0,0.9903,1.5615
21,4,1,3,5,3,2,3,1,0,1.0309,2.2809
21,4,1,3,6,3,2,2,0,0,0.7699,1.6616
21,4,1,3,7,3,2,3,1,0,1.3975,2.7608
21,4,1,3,8,3,2,3,1,0,1.3733,2.3435
21,4,1,3,9,3,2,3,1,0,0.8545,1.9366
21,4,1,3,10,3,2,3,1,0,1.2959,2.059
21,4,1,3,11,2,3,2,1,0,1.5403,2.9668
21,4,1,3,12,2,3,2,1,0,1.2828,3.2135
21,4,1,3,13,2,3,2,1,0,0.9675,2.0341
21,4,1,3,14,2,3,2,1,0,1.7567,2.5524
21,4,1,3,15,3,2,3,1,0,1.5163,2.3276
21,4,1,3,16,2,3,2,1,0,1.0455,2.5214
21,4,1,3,17,2,3,2,1,0,0.7588,1.6496
21,4,1,3,18,3,2,3,1,0,1.5318,2.1756
21,4,1,3,19,3,2,3,1,0,1.2911,2.0938
21,4,1,3,20,3,2,3,1,0,0.7655,1.5295
21,4,1,3,21,2,3,2,1,0,0.9357,1.7551
21,4,1,3,22,3,2,3,1,0,1.3046,2.22
21,4,1,3,23,2,3,2,1,0,0.8537,1.8482
21,4,1,3,24,3,2,3,1,0,1.1549,1.8302
21,4,1,3,25,2,3,2,1,0,0.7682,1.6104
21,4,1,3,26,2,3,2,1,0,1.0467,2.2421
21,4,1,3,27,2,3,2,1,0,2.8514,3.6456
21,4,1,3,28,3,2,2,0,0,2.0381,6.8817
21,4,1,3,29,3,2,2,0,0,1.4284,2.071
21,4,1,3,30,3,2,3,1,0,1.1599,1.9962
21,4,1,3,31,3,2,3,1,0,1.487,2.1549
21,4,1,3,32,3,2,3,1,0,8.6868,11.6357
21,4,1,3,33,3,2,3,1,0,1.6904,2.5
21,4,1,3,34,3,2,3,1,0,0.7953,1.4213
21,4,1,3,35,3,2,3,1,0,0.745,1.4834
21,4,2,2,1,4,3,3,0,0,1.8831,3.3991
21,4,2,2,2,4,1,1,0,0,1.9764,3.011
21,4,2,2,3,1,2,2,0,0,2.3899,3.0325
21,4,2,2,4,3,2,3,1,0,0.9938,1.8361
21,4,2,2,5,4,2,2,0,0,1.6951,2.9061
21,4,2,2,6,4,2,2,0,0,3.5372,4.948
21,4,2,2,7,3,1,3,1,0,1.4862,2.2328
21,4,2,2,8,4,1,1,0,0,2.3475,3.0146
21,4,2,2,9,2,1,2,1,0,1.4961,2.2039
21,4,2,2,10,3,1,3,1,0,1.27,2.2172
21,4,2,2,11,2,4,2,1,0,1.4757,2.5911
21,4,2,2,12,3,1,3,1,0,1.1548,1.9894
21,4,2,2,13,4,2,2,0,0,2.2497,3.1648
21,4,2,2,14,3,2,3,1,0,1.0719,2.0434
21,4,2,2,15,3,4,3,1,0,1.0935,1.9365
21,4,2,2,16,3,1,3,1,0,1.2944,2.1052
21,4,2,2,17,4,1,4,1,0,2.9933,5.6118
21,4,2,2,18,2,4,2,1,0,2.7237,10.2457
21,4,2,2,19,3,4,3,1,0,1.4475,2.0029
21,4,2,2,20,1,2,1,1,0,1.1825,1.7935
21,4,2,2,21,2,3,2,1,0,1.213,1.96
21,4,2,2,22,4,1,1,0,0,1.8619,2.6639
21,4,2,2,23,2,4,2,1,0,1.0247,1.6925
21,4,2,2,24,2,1,2,1,0,1.9563,2.7124
21,4,2,2,25,1,2,2,0,0,3.6124,9.8793
21,4,2,2,26,4,1,4,1,0,2.6407,3.5805
21,4,2,2,27,2,1,2,1,0,1.958,2.5848
21,4,2,2,28,3,2,3,1,0,1.2684,1.8232
21,4,2,2,29,2,4,2,1,0,1.0107,1.7986
21,4,2,2,30,1,3,3,0,0,1.8254,2.5336
21,4,2,2,31,1,4,1,1,0,1.2658,2.3971
21,4,2,2,32,1,3,3,0,0,1.88,2.9704
21,4,2,2,33,4,1,4,1,0,4.9352,5.65
21,4,2,2,34,3,4,3,1,0,2.4238,3.1153
21,4,2,2,35,4,3,4,1,0,2.3527,2.9149
21,4,3,1,1,4,,1,0,0,1.0642,2.6753
21,4,3,1,2,1,,3,0,0,1.6509,5.4547
21,4,3,1,3,3,,3,1,0,1.212,1.847
21,4,3,1,4,3,,1,0,0,1.3042,2.0188
21,4,3,1,5,3,,1,0,0,2.654,3.7064
21,4,3,1,6,3,,1,0,0,1.5348,2.5453
21,4,3,1,7,4,,4,1,0,1.7751,2.3932
21,4,3,1,8,3,,2,0,0,1.574,2.8415
21,4,3,1,9,2,,2,1,0,2.1544,2.5896
21,4,3,1,10,1,,1,1,0,1.8166,2.4042
21,4,3,1,11,4,,4,1,0,3.1348,3.7533
21,4,3,1,12,1,,1,1,0,0.9736,1.4003
21,4,3,1,13,3,,3,1,0,1.8843,2.6403
21,4,3,1,14,4,,4,1,0,2.5688,3.1724
21,4,3,1,15,4,,3,0,0,2.0153,2.6103
21,4,3,1,16,3,,2,0,0,3.5817,4.5759
21,4,3,1,17,1,,4,0,0,1.7383,2.5098
21,4,3,1,18,3,,2,0,0,1.5007,2.359
21,4,3,1,19,2,,3,0,0,1.5887,2.1679
21,4,3,1,20,3,,3,1,0,1.9406,2.4959
21,4,3,1,21,4,,2,0,0,1.1583,1.7943
21,4,3,1,22,3,,4,0,0,1.5567,2.2073
21,4,3,1,23,4,,4,1,0,1.5232,2.1977
21,4,3,1,24,4,,2,0,0,1.7933,3.9965
21,4,3,1,25,2,,2,1,0,0.9976,1.9449
21,4,3,1,26,2,,2,1,0,1.1984,2.0251
21,4,3,1,27,4,,4,1,0,1.2848,2.1266
21,4,3,1,28,3,,3,1,0,1.8947,3.1292
21,4,3,1,29,2,,2,1,0,1.0859,1.9843
21,4,3,1,30,3,,2,0,0,1.6215,2.7128
21,4,3,1,31,4,,2,0,0,1.0869,4.794
21,4,3,1,32,1,,1,1,0,1.203,1.8942
21,4,3,1,33,1,,2,0,0,1.1174,1.7609
21,4,3,1,34,4,,2,0,0,2.4613,3.1925
21,4,3,1,35,2,,2,1,0,0.9954,1.999
21,5,1,2,1,3,4,3,1,0,2.3288,6.0759
21,5,1,2,2,2,4,2,1,0,1.0006,1.6443
21,5,1,2,3,2,3,2,1,0,0.765,1.432
21,5,1,2,4,3,2,2,0,0,1.1311,1.6789
21,5,1,2,5,4,3,3,0,0,1.9508,2.546
21,5,1,2,6,2,1,2,1,0,0.9269,1.738
21,5,1,2,7,4,1,1,0,0,1.824,2.5148
21,5,1,2,8,2,3,2,1,0,1.0575,1.8125
21,5,1,2,9,2,4,2,1,0,1.1995,2.3139
21,5,1,2,10,2,1,2,1,0,0.825,1.7242
21,5,1,2,11,3,1,2,0,0,0.7473,2.0066
21,5,1,2,12,2,1,2,1,0,0.7858,1.853
21,5,1,2,13,3,1,1,0,0,1.4067,2.7463
21,5,1,2,14,4,2,2,0,0,0.9182,1.7522
21,5,1,2,15,1,4,1,1,0,0.9662,1.8182
21,5,1,2,16,2,3,2,1,0,1.0293,2.0232
21,5,1,2,17,2,4,2,1,0,0.8587,1.6209
21,5,1,2,18,4,1,1,0,0,1.2647,2.5636
21,5,1,2,19,1,3,1,1,0,0.8487,1.7077
21,5,1,2,20,3,4,3,1,0,1.587,2.3814
21,5,1,2,21,3,4,3,1,0,1.2421,2.4211
21,5,1,2,22,2,4,2,1,0,0.9275,1.6338
21,5,1,2,23,2,3,2,1,0,1.6206,4.1991
21,5,1,2,24,4,2,2,0,0,2.4967,3.7714
21,5,1,2,25,2,1,2,1,0,0.9427,1.7864
21,5,1,2,26,4,2,2,0,0,2.4461,3.2497
21,5,1,2,27,4,2,2,0,0,1.1693,1.9726
21,5,1,2,28,2,3,2,1,0,0.954,1.6042
21,5,1,2,29,4,2,4,1,0,2.7051,3.3244
21,5,1,2,30,4,3,4,1,0,1.5046,2.0362
21,5,1,2,31,3,4,4,0,0,2.9501,3.7378
21,5,1,2,32,2,1,2,1,0,1.9736,2.5685
21,5,1,2,33,1,4,1,1,0,0.9486,1.7759
21,5,1,2,34,1,2,1,1,0,1.1729,1.9122
21,5,1,2,35,1,3,1,1,0,1.071,1.8729
21,5,2,1,1,1,,2,0,0,1.2654,1.9652
21,5,2,1,2,2,,2,1,0,0.745,1.4849
21,5,2,1,3,2,,2,1,0,1.5896,15.4335
21,5,2,1,4,1,,1,1,0,0.9802,1.6709
21,5,2,1,5,2,,2,1,0,0.9202,1.8279
21,5,2,1,6,2,,2,1,0,1.2701,30.3213
21,5,2,1,7,2,,2,1,0,0.898,1.4364
21,5,2,1,8,4,,3,0,0,1.5037,3.3544
21,5,2,1,9,1,,2,0,0,1.2632,1.7147
21,5,2,1,10,4,,1,0,0,3.057,3.8126
21,5,2,1,11,1,,1,1,0,1.0847,1.8636
21,5,2,1,12,3,,2,0,0,1.2254,1.7324
21,5,2,1,13,2,,2,1,0,1.0988,1.71
21,5,2,1,14,3,,3,1,0,1.1486,1.8805
21,5,2,1,15,2,,2,1,0,0.9998,1.6751
21,5,2,1,16,2,,2,1,0,0.9564,1.5761
21,5,2,1,17,3,,2,0,0,1.3167,2.0792
21,5,2,1,18,1,,2,0,0,1.6715,2.307
21,5,2,1,19,3,,2,0,0,1.7942,2.484
21,5,2,1,20,3,,2,0,0,1.0448,1.6165
21,5,2,1,21,2,,1,0,0,2.6191,3.3251
21,5,2,1,22,4,,2,0,0,0.9394,1.7343
21,5,2,1,23,3,,3,1,0,1.2771,1.751
21,5,2,1,24,1,,1,1,0,2.0454,2.6003
21,5,2,1,25,4,,2,0,0,0.9877,1.4552
21,5,2,1,26,2,,2,1,0,1.0807,1.5396
21,5,2,1,27,4,,2,0,0,1.2664,1.6944
21,5,2,1,28,3,,3,1,0,2.9176,3.4727
21,5,2,1,29,2,,2,1,0,1.1038,1.5472
21,5,2,1,30,4,,2,0,0,1.0487,1.3867
21,5,2,1,31,2,,2,1,0,1.2403,1.596
21,5,2,1,32,3,,3,1,0,1.3752,2.307
21,5,2,1,33,3,,3,1,0,1.4496,1.9172
21,5,2,1,34,4,,1,0,0,2.0839,3.0382
21,5,2,1,35,3,,3,1,0,1.2474,1.6027
21,5,3,3,1,4,2,4,1,0,1.0028,2.6531
21,5,3,3,2,4,2,2,0,0,1.6865,2.2733
21,5,3,3,3,4,2,2,0,0,0.9781,1.4536
21,5,3,3,4,2,4,2,1,0,0.7513,1.9138
21,5,3,3,5,4,2,4,1,0,1.3851,2.4359
21,5,3,3,6,4,2,2,0,0,0.9735,1.4243
21,5,3,3,7,2,4,2,1,0,1.0845,2.0554
21,5,3,3,8,4,2,2,0,0,1.2171,1.605
21,5,3,3,9,4,2,2,0,0,1.0799,1.5145
21,5,3,3,10,2,4,2,1,0,0.6585,1.2288
21,5,3,3,11,2,4,2,1,0,0.7121,1.5071
21,5,3,3,12,4,2,4,1,0,1.0758,1.5112
21,5,3,3,13,4,2,2,0,0,0.6855,1.289
21,5,3,3,14,2,4,2,1,0,0.8981,1.4124
21,5,3,3,15,4,2,2,0,0,1.6806,3.2111
21,5,3,3,16,2,4,2,1,0,0.742,1.6333
21,5,3,3,17,4,2,2,0,0,1.2915,2.1101
21,5,3,3,18,2,4,2,1,0,0.7501,1.5846
21,5,3,3,19,4,2,2,0,0,0.7415,1.5125
21,5,3,3,20,4,2,4,1,0,1.024,2.147
21,5,3,3,21,4,2,4,1,0,1.1206,1.8602
21,5,3,3,22,4,2,2,0,0,1.0692,1.6006
21,5,3,3,23,2,4,2,1,0,0.6917,1.3272
21,5,3,3,24,2,4,2,1,0,1.4136,1.7776
21,5,3,3,25,4,2,4,1,0,1.2856,1.7193
21,5,3,3,26,4,2,4,1,0,0.6959,1.2596
21,5,3,3,27,4,2,2,0,0,0.7328,1.2323
21,5,3,3,28,2,4,2,1,0,0.8509,1.5586
21,5,3,3,29,2,4,2,1,0,1.7075,2.2474
21,5,3,3,30,2,4,2,1,0,0.6487,1.6762
21,5,3,3,31,4,2,4,1,0,2.0119,2.4542
21,5,3,3,32,4,2,4,1,0,1.216,1.8022
21,5,3,3,33,4,2,2,0,0,0.6704,1.2887
21,5,3,3,34,4,2,2,0,0,0.7386,1.2536
21,5,3,3,35,2,4,2,1,0,0.6802,1.427
21,6,1,1,1,2,,2,1,0,0.9116,1.8661
21,6,1,1,2,3,,3,1,0,1.0681,1.9829
21,6,1,1,3,1,,1,1,0,1.0752,1.5263
21,6,1,1,4,3,,1,0,0,1.5019,2.1682
21,6,1,1,5,1,,1,1,0,1.3731,1.7612
21,6,1,1,6,1,,1,1,0,0.7494,1.2313
21,6,1,1,7,4,,2,0,0,1.123,1.5995
21,6,1,1,8,4,,2,0,0,1.2586,1.7337
21,6,1,1,9,4,,3,0,0,1.8843,2.3512
21,6,1,1,10,3,,3,1,0,1.6677,2.3917
21,6,1,1,11,1,,1,1,0,1.0032,2.1892
21,6,1,1,12,2,,2,1,0,0.9543,1.5568
21,6,1,1,13,1,,2,0,0,0.9629,3.5822
21,6,1,1,14,1,,1,1,0,1.3528,2.1388
21,6,1,1,15,4,,2,0,0,1.2419,1.8843
21,6,1,1,16,3,,1,0,0,1.6687,2.3519
21,6,1,1,17,3,,3,1,0,1.7887,2.2721
21,6,1,1,18,4,,3,0,0,1.0486,1.5231
21,6,1,1,19,2,,1,0,0,1.6349,2.1979
21,6,1,1,20,1,,3,0,0,2.7695,3.4843
21,6,1,1,21,2,,2,1,0,1.4831,1.9979
21,6,1,1,22,1,,1,1,0,1.9054,4.1883
21,6,1,1,23,1,,1,1,0,1.3425,1.8584
21,6,1,1,24,3,,3,1,0,1.4354,1.8627
21,6,1,1,25,4,,4,1,0,1.447,1.9151
21,6,1,1,26,3,,2,0,0,2.5445,2.9876
21,6,1,1,27,2,,2,1,0,1.3267,2.3781
21,6,1,1,28,1,,2,0,0,1.9419,3.2095
21,6,1,1,29,4,,2,0,0,1.3711,1.8071
21,6,1,1,30,1,,1,1,0,1.786,2.46
21,6,1,1,31,2,,1,0,0,1.2622,1.8095
21,6,1,1,32,1,,1,1,0,2.3167,2.8324
21,6,1,1,33,4,,2,0,0,1.2328,1.6199
21,6,1,1,34,4,,4,1,0,3.8628,5.0098
21,6,1,1,35,4,,3,0,0,2.4981,3.0208
21,6,2,2,1,1,2,1,1,0,1.1552,2.0941
21,6,2,2,2,4,1,1,0,0,1.4137,2.0088
21,6,2,2,3,4,3,4,1,0,2.14,2.5986
21,6,2,2,4,2,1,2,1,0,0.938,1.6046
21,6,2,2,5,1,4,1,1,0,1.1368,1.7082
21,6,2,2,6,2,3,2,1,0,1.1399,1.9183
21,6,2,2,7,4,3,3,0,0,1.278,1.7524
21,6,2,2,8,4,3,4,1,0,1.1984,1.6968
21,6,2,2,9,3,1,3,1,0,1.0259,1.612
21,6,2,2,10,3,4,3,1,0,2.6001,3.1234
21,6,2,2,11,2,3,2,1,0,2.0964,2.6525
21,6,2,2,12,2,3,2,1,0,1.1326,2.1041
21,6,2,2,13,4,3,3,0,0,1.535,2.0105
21,6,2,2,14,3,4,3,1,0,0.9962,1.4558
21,6,2,2,15,2,4,4,0,0,1.2335,1.7655
21,6,2,2,16,3,2,3,1,0,1.2343,1.8599
21,6,2,2,17,2,1,2,1,0,2.111,2.4971
21,6,2,2,18,1,2,2,0,0,1.1044,1.5317
21,6,2,2,19,1,4,1,1,0,0.9863,1.4367
21,6,2,2,20,3,2,2,0,0,1.4006,1.9313
21,6,2,2,21,3,4,3,1,0,1.5214,2.6042
21,6,2,2,22,3,2,3,1,0,1.0397,1.699
21,6,2,2,23,4,1,4,1,0,2.4179,3.0289
21,6,2,2,24,4,1,1,0,0,3.2143,3.6815
21,6,2,2,25,4,3,3,0,0,2.7838,3.5383
21,6,2,2,26,4,1,1,0,0,1.3193,1.9628
21,6,2,2,27,4,1,1,0,0,1.9348,2.337
21,6,2,2,28,4,2,4,1,0,1.1117,1.5707
21,6,2,2,29,4,1,4,1,0,0.9119,1.3957
21,6,2,2,30,3,1,3,1,0,1.6474,2.3063
21,6,2,2,31,2,1,2,1,0,1.1135,1.8777
21,6,2,2,32,4,2,2,0,0,2.3571,2.8647
21,6,2,2,33,2,3,3,0,0,1.7198,2.578
21,6,2,2,34,3,1,3,1,0,1.1908,1.7364
21,6,2,2,35,2,1,2,1,0,1.1438,1.8511
21,6,3,3,1,3,1,3,1,0,1.1766,1.8507
21,6,3,3,2,1,3,3,0,0,0.8695,1.5692
21,6,3,3,3,3,1,3,1,0,2.1415,2.7047
21,6,3,3,4,3,1,3,1,0,0.8392,1.4588
21,6,3,3,5,1,3,1,1,0,1.5247,1.9827
21,6,3,3,6,3,1,3,1,0,0.9081,1.3832
21,6,3,3,7,3,1,3,1,0,0.7798,1.5916
21,6,3,3,8,1,3,1,1,0,0.6596,1.6936
21,6,3,3,9,1,3,1,1,0,0.6949,1.5844
21,6,3,3,10,3,1,3,1,0,0.6385,1.5294
21,6,3,3,11,3,1,3,1,0,1.2879,1.7864
21,6,3,3,12,3,1,3,1,0,0.8548,1.8732
21,6,3,3,13,1,3,1,1,0,2.2117,2.6222
21,6,3,3,14,3,1,3,1,0,0.7049,1.2027
21,6,3,3,15,3,1,3,1,0,0.7279,1.1799
21,6,3,3,16,1,3,1,1,0,0.7842,1.2101
21,6,3,3,17,1,3,1,1,0,0.8226,1.8415
21,6,3,3,18,1,3,1,1,0,1.0604,1.9983
21,6,3,3,19,1,3,1,1,0,0.9389,1.7023
21,6,3,3,20,3,1,3,1,0,0.8139,1.7765
21,6,3,3,21,1,3,1,1,0,0.9096,2.2647
21,6,3,3,22,1,3,1,1,0,0.8892,1.9964
21,6,3,3,23,3,1,3,1,0,1.2163,2.0341
21,6,3,3,24,3,1,3,1,0,0.7572,1.5361
21,6,3,3,25,3,1,3,1,0,0.7824,1.5142
21,6,3,3,26,1,3,1,1,0,0.9848,1.404
21,6,3,3,27,1,3,3,0,0,1.6886,2.443
21,6,3,3,28,1,3,3,0,0,1.4693,2.025
21,6,3,3,29,1,3,1,1,0,0.707,1.5013
21,6,3,3,30,1,3,1,1,0,0.7181,1.2572
21,6,3,3,31,1,3,1,1,0,0.7549,1.3347
21,6,3,3,32,1,3,1,1,0,0.7733,1.3042
21,6,3,3,33,1,3,1,1,0,0.6003,1.4835
21,6,3,3,34,3,1,3,1,0,0.9325,1.7348
21,6,3,3,35,3,1,1,0,0,1.2537,1.809
22,1,1,3,1,3,2,3,1,0,1.4365,2.5516
22,1,1,3,2,2,3,2,1,0,1.0358,1.7827
22,1,1,3,3,3,2,3,1,0,1.0672,2.015
22,1,1,3,4,2,3,2,1,0,1.473,3.1895
22,1,1,3,5,2,3,2,1,0,1.383,1.9064
22,1,1,3,6,2,3,2,1,0,1.1058,1.974
22,1,1,3,7,2,3,2,1,0,1.3063,1.7724
22,1,1,3,8,2,3,2,1,0,1.0176,1.6539
22,1,1,3,9,3,2,3,1,0,1.087,1.8973
22,1,1,3,10,2,3,2,1,0,1.7217,3.7723
22,1,1,3,11,2,3,2,1,0,1.3359,2.6256
22,1,1,3,12,3,2,3,1,0,1.3797,2.3751
22,1,1,3,13,2,3,2,1,0,1.1156,2.182
22,1,1,3,14,3,2,3,1,0,1.1782,2.3246
22,1,1,3,15,2,3,2,1,0,1.1084,1.7907
22,1,1,3,16,2,3,2,1,0,1.1554,1.7822
22,1,1,3,17,3,2,2,0,0,1.9229,2.9581
22,1,1,3,18,3,2,3,1,0,1.1223,1.7181
22,1,1,3,19,3,2,3,1,0,1.0926,1.7684
22,1,1,3,20,3,2,3,1,0,1.6051,1.9758
22,1,1,3,21,2,3,2,1,0,1.2285,1.5768
22,1,1,3,22,2,3,2,1,0,0.9655,1.7444
22,1,1,3,23,3,2,3,1,0,0.9343,2.0891
22,1,1,3,24,2,3,3,0,0,1.097,1.7806
22,1,1,3,25,3,2,2,0,0,1.3366,2.6275
22,1,1,3,26,2,3,2,1,0,1.4461,2.1203
22,1,1,3,27,2,3,2,1,0,1.4629,2.3294
22,1,1,3,28,3,2,3,1,0,0.8963,4.0359
22,1,1,3,29,2,3,2,1,0,2.5955,3.438
22,1,1,3,30,2,3,2,1,0,1.0704,1.7542
22,1,1,3,31,2,3,2,1,0,1.7596,3.5557
22,1,1,3,32,3,2,3,1,0,0.9825,1.7219
22,1,1,3,33,2,3,3,0,0,1.72,2.1231
22,1,1,3,34,3,2,3,1,0,1.2898,1.5807
22,1,1,3,35,2,3,2,1,0,0.9937,1.8693
22,1,2,2,1,3,1,3,1,0,1.5549,2.3012
22,1,2,2,2,3,4,3,1,0,1.8526,2.8165
22,1,2,2,3,1,2,1,1,0,6.8502,9.5498
22,1,2,2,4,1,3,3,0,0,2.7066,7.9099
22,1,2,2,5,3,2,2,0,0,1.3025,2.7699
22,1,2,2,6,4,3,3,0,0,2.6858,3.5698
22,1,2,2,7,1,3,1,1,0,1.4284,2.4315
22,1,2,2,8,2,3,2,1,0,1.8488,2.5719
22,1,2,2,9,2,1,2,1,0,2.6,3.8919
22,1,2,2,10,2,3,2,1,0,2.7535,3.8036
22,1,2,2,11,1,4,4,0,0,3.5814,5.3929
22,1,2,2,12,2,3,2,1,0,2.2647,2.853
22,1,2,2,13,4,3,3,0,0,4.8129,5.2243
22,1,2,2,14,4,2,2,0,0,4.5271,5.3945
22,1,2,2,15,4,1,4,1,0,3.1309,4.229
22,1,2,2,16,4,2,2,0,0,1.782,2.6332
22,1,2,2,17,1,3,1,1,0,5.0269,6.1011
22,1,2,2,18,4,3,4,1,0,3.4883,4.5407
22,1,2,2,19,1,4,1,1,0,10.4148,11.3715
22,1,2,2,20,1,2,1,1,0,3.0435,3.3342
22,1,2,2,21,3,4,3,1,0,1.3312,2.6474
22,1,2,2,22,1,4,1,1,0,4.2064,4.5772
22,1,2,2,23,4,3,3,0,0,2.8434,3.8293
22,1,2,2,24,1,2,1,1,0,2.7898,3.7288
22,1,2,2,25,1,2,1,1,0,2.7256,3.6891
22,1,2,2,26,2,1,2,1,0,1.1749,2.3059
22,1,2,2,27,1,4,1,1,0,3.6971,3.9879
22,1,2,2,28,2,3,2,1,0,1.2385,2.6811
22,1,2,2,29,1,2,2,0,0,2.7048,2.9722
22,1,2,2,30,2,4,2,1,0,2.1118,3.2593
22,1,2,2,31,4,1,1,0,0,2.9141,3.2206
22,1,2,2,32,2,1,2,1,0,1.4952,3.4107
22,1,2,2,33,4,3,3,0,0,4.6282,5.3744
22,1,2,2,34,3,4,3,1,0,2.0643,3.8425
22,1,2,2,35,1,2,1,1,0,1.4678,3.2713
22,1,3,1,1,1,,1,1,0,2.1327,5.0068
22,1,3,1,2,4,,4,1,0,1.3278,4.3957
22,1,3,1,3,2,,3,0,0,1.556,2.951
22,1,3,1,4,2,,2,1,0,1.3475,2.0612
22,1,3,1,5,4,,2,0,0,1.3032,3.8348
22,1,3,1,6,4,,4,1,0,1.4266,2.1568
22,1,3,1,7,4,,2,0,0,2.1944,2.8306
22,1,3,1,8,2,,2,1,0,1.1586,2.187
22,1,3,1,9,1,,1,1,0,1.5735,9.5359
22,1,3,1,10,1,,3,0,0,3.6225,5.4733
22,1,3,1,11,4,,4,1,0,1.3428,2.0029
22,1,3,1,12,2,,2,1,0,1.1249,2.0967
22,1,3,1,13,1,,1,1,0,1.6879,2.0182
22,1,3,1,14,1,,2,0,0,1.0854,2.1924
22,1,3,1,15,3,,4,0,0,1.6765,2.1685
22,1,3,1,16,3,,3,1,0,1.2608,2.1673
22,1,3,1,17,1,,3,0,0,4.2363,5.2871
22,1,3,1,18,2,,2,1,0,1.1155,1.878
22,1,3,1,19,3,,2,0,0,2.967,4.0181
22,1,3,1,20,1,,1,1,0,1.6423,2.0372
22,1,3,1,21,1,,1,1,0,2.0958,2.3707
22,1,3,1,22,1,,1,1,0,1.7502,2.4344
22,1,3,1,23,2,,2,1,0,1.6115,1.87
22,1,3,1,24,4,,2,0,0,1.5914,1.7618
22,1,3,1,25,1,,1,1,0,1.3195,2.2178
22,1,3,1,26,3,,2,0,0,1.717,2.4243
22,1,3,1,27,1,,1,1,0,1.4025,2.0299
22,1,3,1,28,4,,3,0,0,1.392,2.2588
22,1,3,1,29,1,,2,0,0,1.26,1.6149
22,1,3,1,30,3,,2,0,0,1.2026,1.8059
22,1,3,1,31,3,,3,1,0,1.4575,2.2927
22,1,3,1,32,3,,2,0,0,1.2759,2.055
22,1,3,1,33,1,,1,1,0,3.1842,4.4115
22,1,3,1,34,1,,1,1,0,1.7484,2.1903
22,1,3,1,35,4,,2,0,0,2.6596,3.2774
22,2,1,1,1,2,,2,1,0,2.8151,4.6018
22,2,1,1,2,4,,2,0,0,1.4503,2.5564
22,2,1,1,3,3,,3,1,0,1.5779,4.0284
22,2,1,1,4,4,,3,0,0,1.4539,2.36
22,2,1,1,5,1,,1,1,0,1.2219,2.0886
22,2,1,1,6,2,,2,1,0,1.2568,2.4362
22,2,1,1,7,4,,2,0,0,1.4061,1.7061
22,2,1,1,8,3,,2,0,0,2.3685,3.2923
22,2,1,1,9,1,,1,1,0,1.6344,2.5342
22,2,1,1,10,2,,2,1,0,1.2037,1.5094
22,2,1,1,11,1,,1,1,0,1.2468,2.1131
22,2,1,1,12,4,,1,0,0,2.1763,2.4588
22,2,1,1,13,3,,3,1,0,1.3485,1.9509
22,2,1,1,14,3,,3,1,0,1.1329,1.9118
22,2,1,1,15,4,,2,0,0,1.5589,2.1934
22,2,1,1,16,4,,1,0,0,1.4142,2.4002
22,2,1,1,17,2,,2,1,0,1.0515,2.3511
22,2,1,1,18,2,,2,1,0,0.9961,1.7679
22,2,1,1,19,4,,2,0,0,1.3957,1.7267
22,2,1,1,20,1,,1,1,0,1.8788,2.5777
22,2,1,1,21,3,,3,1,0,1.3965,2.0729
22,2,1,1,22,1,,1,1,0,3.465,4.6842
22,2,1,1,23,1,,2,0,0,3.5526,4.8759
22,2,1,1,24,2,,2,1,0,1.3937,1.8698
22,2,1,1,25,4,,4,1,0,2.3498,4.0326
22,2,1,1,26,1,,2,0,0,1.5844,2.771
22,2,1,1,27,3,,3,1,0,1.3356,2.7076
22,2,1,1,28,1,,3,0,0,1.4097,2.4203
22,2,1,1,29,4,,4,1,0,1.3665,2.0172
22,2,1,1,30,3,,3,1,0,2.5089,3.0646
22,2,1,1,31,1,,3,0,0,1.5918,4.171
22,2,1,1,32,2,,2,1,0,2.5326,3.4326
22,2,1,1,33,1,,1,1,0,2.4005,2.9629
22,2,1,1,34,2,,2,1,0,2.1112,3.1711
22,2,1,1,35,1,,1,1,0,1.5584,2.7932
22,2,2,2,1,4,2,4,1,0,2.675,3.8391
22,2,2,2,2,3,1,3,1,0,1.7583,2.7614
22,2,2,2,3,3,2,3,1,0,1.1576,2.1435
22,2,2,2,4,3,4,3,1,0,1.8621,2.6975
22,2,2,2,5,3,4,3,1,0,1.3598,2.3225
22,2,2,2,6,4,2,4,1,0,2.0571,3.0689
22,2,2,2,7,1,4,1,1,0,1.3637,2.8461
22,2,2,2,8,3,1,3,1,0,1.4628,2.8974
22,2,2,2,9,2,3,2,1,0,1.9923,3.3957
22,2,2,2,10,4,1,4,1,0,1.7651,2.5286
22,2,2,2,11,3,1,3,1,0,1.6059,2.5205
22,2,2,2,12,2,3,2,1,0,1.6071,2.3221
22,2,2,2,13,1,3,3,0,0,2.7526,3.4606
22,2,2,2,14,4,1,1,0,0,7.3716,7.7098
22,2,2,2,15,4,2,2,0,0,3.0802,3.2338
22,2,2,2,16,4,1,1,0,0,2.2678,2.8477
22,2,2,2,17,1,4,1,1,0,2.3515,3.2906
22,2,2,2,18,3,1,1,0,0,1.6651,3.3647
22,2,2,2,19,1,4,1,1,0,1.3916,2.1872
22,2,2,2,20,1,2,1,1,0,1.3108,2.178
22,2,2,2,21,4,2,2,0,0,1.6296,2.3434
22,2,2,2,22,1,4,1,1,0,3.0135,4.2963
22,2,2,2,23,4,1,1,0,0,2.5422,2.8411
22,2,2,2,24,2,1,2,1,0,1.5867,2.7578
22,2,2,2,25,1,3,1,1,0,2.218,3.3648
22,2,2,2,26,2,4,2,1,0,2.5845,3.3631
22,2,2,2,27,2,1,2,1,0,2.2791,3.1214
22,2,2,2,28,1,4,1,1,0,5.3754,6.9711
22,2,2,2,29,2,1,2,1,0,1.3384,2.2536
22,2,2,2,30,2,1,2,1,0,1.1741,2.4572
22,2,2,2,31,1,4,1,1,0,1.7067,3.1817
22,2,2,2,32,1,3,1,1,0,1.5362,2.8598
22,2,2,2,33,4,1,4,1,0,3.2839,4.4794
22,2,2,2,34,4,1,4,1,0,2.1329,3.2871
22,2,2,2,35,4,1,4,1,0,2.5989,4.2338
22,2,3,3,1,1,4,1,1,0,2.7124,3.739
22,2,3,3,2,1,4,1,1,0,2.7278,3.7938
22,2,3,3,3,1,4,1,1,0,1.8127,2.7911
22,2,3,3,4,1,4,1,1,0,1.5947,2.7092
22,2,3,3,5,4,1,1,0,0,2.4053,2.7999
22,2,3,3,6,1,4,1,1,0,1.2424,2.1015
22,2,3,3,7,4,1,4,1,0,1.7094,4.9201
22,2,3,3,8,1,4,1,1,0,1.0839,2.0859
22,2,3,3,9,4,1,4,1,0,1.8229,3.0016
22,2,3,3,10,4,1,4,1,0,1.7242,2.6552
22,2,3,3,11,4,1,4,1,0,1.4482,3.0596
22,2,3,3,12,4,1,4,1,0,1.2036,1.975
22,2,3,3,13,4,1,4,1,0,0.955,1.6474
22,2,3,3,14,1,4,1,1,0,1.3124,2.3306
22,2,3,3,15,4,1,4,1,0,2.9532,8.981
22,2,3,3,16,4,1,4,1,0,1.2652,2.1317
22,2,3,3,17,1,4,1,1,0,1.3144,1.7745
22,2,3,3,18,1,4,1,1,0,2.1302,3.7343
22,2,3,3,19,4,1,4,1,0,1.2015,2.9723
22,2,3,3,20,1,4,1,1,0,1.1364,2.1625
22,2,3,3,21,4,1,4,1,0,1.1041,1.8902
22,2,3,3,22,4,1,1,0,0,2.3321,3.4543
22,2,3,3,23,1,4,1,1,0,1.1426,1.9461
22,2,3,3,24,1,4,1,1,0,1.2315,2.2908
22,2,3,3,25,4,1,4,1,0,2.0098,3.3813
22,2,3,3,26,1,4,4,0,0,1.4481,1.69
22,2,3,3,27,4,1,4,1,0,1.8354,2.7509
22,2,3,3,28,1,4,1,1,0,1.3152,2.893
22,2,3,3,29,1,4,1,1,0,1.5096,3.2321
22,2,3,3,30,4,1,4,1,0,1.8495,2.5084
22,2,3,3,31,4,1,4,1,0,1.1947,1.9826
22,2,3,3,32,4,1,4,1,0,0.9942,2.0292
22,2,3,3,33,1,4,1,1,0,1.0632,1.7794
22,2,3,3,34,1,4,1,1,0,0.999,2.154
22,2,3,3,35,1,4,1,1,0,0.9509,1.7388
22,3,1,3,1,2,1,1,0,0,7.6817,9.6447
22,3,1,3,2,2,1,2,1,0,1.2468,2.1059
22,3,1,3,3,1,2,2,0,0,1.0891,1.4843
22,3,1,3,4,1,2,1,1,0,1.5008,1.6071
22,3,1,3,5,2,1,2,1,0,1.2041,1.9347
22,3,1,3,6,2,1,2,1,0,0.8286,1.9361
22,3,1,3,7,1,2,1,1,0,1.0945,2.1124
22,3,1,3,8,2,1,2,1,0,1.4323,2.1713
22,3,1,3,9,2,1,2,1,0,1.3357,2.1313
22,3,1,3,10,2,1,2,1,0,1.2885,2.4115
22,3,1,3,11,2,1,2,1,0,1.1662,1.7855
22,3,1,3,12,1,2,1,1,0,1.0218,2.2404
22,3,1,3,13,1,2,1,1,0,1.8991,3.0776
22,3,1,3,14,2,1,2,1,0,1.4771,2.9851
22,3,1,3,15,1,2,1,1,0,1.1716,2.4378
22,3,1,3,16,2,1,2,1,0,0.9842,1.6517
22,3,1,3,17,2,1,2,1,0,1.0055,2.0729
22,3,1,3,18,2,1,2,1,0,4.5288,6.3084
22,3,1,3,19,2,1,2,1,0,0.9663,1.5458
22,3,1,3,20,1,2,1,1,0,1.2476,1.3316
22,3,1,3,21,2,1,2,1,0,1.1542,1.4841
22,3,1,3,22,1,2,2,0,0,1.3243,1.9039
22,3,1,3,23,2,1,2,1,0,0.8712,1.7715
22,3,1,3,24,1,2,1,1,0,1.0958,1.7311
22,3,1,3,25,1,2,1,1,0,1.0649,2.116
22,3,1,3,26,2,1,2,1,0,1.2106,2.2147
22,3,1,3,27,2,1,2,1,0,1.2249,1.8188
22,3,1,3,28,2,1,2,1,0,1.0944,1.9064
22,3,1,3,29,1,2,2,0,0,1.5528,2.0755
22,3,1,3,30,2,1,2,1,0,1.1243,2.0068
22,3,1,3,31,1,2,1,1,0,1.1301,1.6044
22,3,1,3,32,1,2,2,0,0,1.7613,2.4289
22,3,1,3,33,1,2,1,1,0,1.1903,2.0082
22,3,1,3,34,1,2,1,1,0,1.452,2.3844
22,3,1,3,35,1,2,1,1,0,1.3953,2.4934
22,3,2,1,1,4,,4,1,0,1.4044,2.6882
22,3,2,1,2,1,,1,1,0,1.1436,1.6739
22,3,2,1,3,1,,1,1,0,2.347,2.7269
22,3,2,1,4,1,,1,1,0,1.7803,2.7441
22,3,2,1,5,2,,2,1,0,1.4048,2.0069
22,3,2,1,6,1,,2,0,0,1.7317,11.0621
22,3,2,1,7,4,,4,1,0,1.2062,2.5287
22,3,2,1,8,3,,3,1,0,1.5428,2.4496
22,3,2,1,9,2,,2,1,0,1.9145,2.3414
22,3,2,1,10,2,,2,1,0,1.7473,1.8709
22,3,2,1,11,2,,2,1,0,1.2314,1.6421
22,3,2,1,12,4,,4,1,0,1.3331,2.1832
22,3,2,1,13,3,,2,0,0,1.5244,1.9362
22,3,2,1,14,2,,2,1,0,1.5815,2.3129
22,3,2,1,15,3,,3,1,0,1.0145,2.0499
22,3,2,1,16,2,,2,1,0,1.3872,17.7104
22,3,2,1,17,4,,4,1,0,1.1969,1.8721
22,3,2,1,18,4,,2,0,0,1.1131,1.8993
22,3,2,1,19,2,,2,1,0,1.1236,1.6958
22,3,2,1,20,4,,4,1,0,1.0952,2.2504
22,3,2,1,21,1,,4,0,0,1.8593,2.4062
22,3,2,1,22,4,,2,0,0,1.3855,1.4838
22,3,2,1,23,1,,1,1,0,2.8052,4.5594
22,3,2,1,24,3,,4,0,0,8.8028,10.6386
22,3,2,1,25,3,,3,1,0,2.934,5.1135
22,3,2,1,26,4,,4,1,0,6.4437,7.2947
22,3,2,1,27,2,,2,1,0,1.2091,2.7803
22,3,2,1,28,3,,3,1,0,1.4711,1.9937
22,3,2,1,29,4,,2,0,0,1.4627,2.73
22,3,2,1,30,4,,4,1,0,2.3025,3.3053
22,3,2,1,31,4,,4,1,0,6.4957,7.0508
22,3,2,1,32,2,,2,1,0,3.0946,4.2901
22,3,2,1,33,3,,3,1,0,1.3432,2.0592
22,3,2,1,34,2,,2,1,0,1.2204,2.0239
22,3,2,1,35,4,,4,1,0,1.53,1.918
22,3,3,2,1,3,1,3,1,0,1.6423,2.4852
22,3,3,2,2,3,4,3,1,0,1.5497,3.1922
22,3,3,2,3,3,2,3,1,0,1.4116,2.3341
22,3,3,2,4,1,4,1,1,0,2.412,10.3585
22,3,3,2,5,3,1,3,1,0,1.8032,7.4298
22,3,3,2,6,1,3,1,1,0,8.5795,10.7584
22,3,3,2,7,2,4,2,1,0,1.4096,2.2606
22,3,3,2,8,2,3,2,1,0,1.6443,2.935
22,3,3,2,9,4,1,4,1,0,7.8359,9.4794
22,3,3,2,10,2,4,2,1,0,1.3757,2.0107
22,3,3,2,11,4,1,1,0,0,3.2052,3.7036
22,3,3,2,12,1,2,1,1,0,1.7976,3.2661
22,3,3,2,13,4,3,4,1,0,1.6401,2.939
22,3,3,2,14,1,4,1,1,0,4.2004,5.4833
22,3,3,2,15,2,3,2,1,0,2.4156,2.9074
22,3,3,2,16,2,3,2,1,0,2.4011,3.1086
22,3,3,2,17,2,1,2,1,0,3.0989,4.493
22,3,3,2,18,4,2,4,1,0,1.435,2.4382
22,3,3,2,19,2,3,2,1,0,1.7596,2.7467
22,3,3,2,20,4,2,4,1,0,1.6548,2.6973
22,3,3,2,21,4,2,4,1,0,1.089,9.556
22,3,3,2,22,4,2,4,1,0,1.1686,2.62
22,3,3,2,23,3,4,3,1,0,1.646,2.5525
22,3,3,2,24,2,1,2,1,0,1.4224,2.266
22,3,3,2,25,1,2,2,0,0,2.0739,3.1177
22,3,3,2,26,1,4,1,1,0,1.2028,2.0778
22,3,3,2,27,2,4,2,1,0,1.1735,1.8172
22,3,3,2,28,1,3,1,1,0,1.1074,2.2377
22,3,3,2,29,2,1,2,1,0,1.6804,2.579
22,3,3,2,30,3,4,3,1,0,1.6315,2.5871
22,3,3,2,31,2,3,2,1,0,14.4461,15.4729
22,3,3,2,32,3,1,3,1,0,1.2904,1.8869
22,3,3,2,33,2,1,2,1,0,1.3177,2.0729
22,3,3,2,34,3,4,3,1,0,2.8405,3.0348
22,3,3,2,35,2,4,2,1,0,1.1569,1.9684
22,4,1,2,1,2,1,2,1,0,1.8623,2.6174
22,4,1,2,2,4,1,3,0,0,1.3628,20.1986
22,4,1,2,3,4,3,4,1,0,1.4706,3.4087
22,4,1,2,4,2,1,2,1,0,1.4353,2.799
22,4,1,2,5,1,2,1,1,0,1.4407,2.1403
22,4,1,2,6,3,4,4,0,0,2.4178,3.1415
22,4,1,2,7,4,1,4,1,0,0.9062,1.8849
22,4,1,2,8,4,3,3,0,0,1.3015,2.0566
22,4,1,2,9,2,3,2,1,0,1.9781,3.5244
22,4,1,2,10,3,1,3,1,0,2.0017,2.55
22,4,1,2,11,3,1,3,1,0,1.6023,3.214
22,4,1,2,12,2,1,2,1,0,4.6781,6.6501
22,4,1,2,13,2,3,2,1,0,1.5018,2.3531
22,4,1,2,14,2,1,2,1,0,1.4781,2.5692
22,4,1,2,15,2,1,2,1,0,2.3255,3.2966
22,4,1,2,16,1,2,1,1,0,1.2543,2.1777
22,4,1,2,17,3,4,3,1,0,1.8134,2.8487
22,4,1,2,18,4,3,4,1,0,1.4493,3.2843
22,4,1,2,19,3,2,3,1,0,1.3388,2.7092
22,4,1,2,20,3,2,3,1,0,16.9801,18.4165
22,4,1,2,21,1,4,1,1,0,4.6799,4.7941
22,4,1,2,22,1,2,1,1,0,1.2279,2.1183
22,4,1,2,23,3,2,3,1,0,1.7412,2.7212
22,4,1,2,24,1,3,3,0,0,5.559,5.7218
22,4,1,2,25,3,4,3,1,0,3.0767,3.6803
22,4,1,2,26,4,1,4,1,0,1.1093,1.7608
22,4,1,2,27,2,3,3,0,0,9.798,10.3785
22,4,1,2,28,2,3,2,1,0,1.1398,1.816
22,4,1,2,29,2,3,2,1,0,1.4887,5.5078
22,4,1,2,30,2,4,2,1,0,2.3592,5.3373
22,4,1,2,31,2,3,2,1,0,1.7491,3.3287
22,4,1,2,32,1,4,1,1,0,1.2847,2.2069
22,4,1,2,33,2,1,2,1,0,1.523,2.2213
22,4,1,2,34,1,2,1,1,0,1.5528,2.9242
22,4,1,2,35,4,2,4,1,0,1.2332,2.1874
22,4,2,1,1,3,,3,1,0,1.6709,2.2351
22,4,2,1,2,1,,3,0,0,1.6998,2.3906
22,4,2,1,3,3,,3,1,0,1.1312,1.5266
22,4,2,1,4,1,,1,1,0,1.8295,2.3117
22,4,2,1,5,3,,3,1,0,1.6148,2.1706
22,4,2,1,6,4,,3,0,0,1.2308,1.4582
22,4,2,1,7,2,,2,1,0,0.9865,1.5578
22,4,2,1,8,3,,3,1,0,1.2197,1.631
22,4,2,1,9,1,,1,1,0,1.3051,2.1401
22,4,2,1,10,4,,2,0,0,1.2742,1.7975
22,4,2,1,11,3,,2,0,0,2.5374,2.9634
22,4,2,1,12,2,,2,1,0,1.3201,2.1399
22,4,2,1,13,2,,2,1,0,1.0809,1.7171
22,4,2,1,14,4,,1,0,0,10.2995,11.9593
22,4,2,1,15,1,,2,0,0,1.7526,3.0429
22,4,2,1,16,4,,4,1,0,1.0765,2.0073
22,4,2,1,17,2,,1,0,0,1.9623,2.2693
22,4,2,1,18,1,,3,0,0,1.6859,2.4248
22,4,2,1,19,2,,2,1,0,2.0913,3.086
22,4,2,1,20,3,,3,1,0,4.805,5.3289
22,4,2,1,21,2,,2,1,0,1.1391,1.5991
22,4,2,1,22,1,,1,1,0,1.3383,2.2539
22,4,2,1,23,1,,1,1,0,1.8147,1.9226
22,4,2,1,24,4,,2,0,0,1.0404,1.315
22,4,2,1,25,2,,2,1,0,1.0113,1.5899
22,4,2,1,26,1,,1,1,0,1.611,2.2461
22,4,2,1,27,4,,3,0,0,1.9116,2.4501
22,4,2,1,28,3,,3,1,0,1.9476,2.5673
22,4,2,1,29,1,,2,0,0,1.1467,2.4367
22,4,2,1,30,3,,4,0,0,4.8795,5.3698
22,4,2,1,31,4,,4,1,0,1.3397,2.1737
22,4,2,1,32,3,,3,1,0,1.8513,2.3829
22,4,2,1,33,4,,2,0,0,1.2336,2.0129
22,4,2,1,34,1,,4,0,0,2.2794,2.5392
22,4,2,1,35,1,,3,0,0,3.2565,4.2028
22,4,3,3,1,4,2,4,1,0,3.0676,3.9253
22,4,3,3,2,4,2,4,1,0,1.4594,2.1426
22,4,3,3,3,4,2,2,0,0,1.2682,1.4627
22,4,3,3,4,2,4,2,1,0,1.1847,1.9722
22,4,3,3,5,4,2,4,1,0,0.9846,1.5956
22,4,3,3,6,2,4,2,1,0,1.1834,2.2342
22,4,3,3,7,2,4,4,0,0,1.4687,1.9598
22,4,3,3,8,4,2,4,1,0,0.8365,1.3598
22,4,3,3,9,4,2,4,1,0,1.0296,1.6475
22,4,3,3,10,4,2,4,1,0,1.05,1.5251
22,4,3,3,11,4,2,4,1,0,1.7166,3.6885
22,4,3,3,12,2,4,2,1,0,1.0462,1.7041
22,4,3,3,13,2,4,2,1,0,0.9052,1.7965
22,4,3,3,14,4,2,2,0,0,1.1119,1.2421
22,4,3,3,15,4,2,4,1,0,0.9579,1.5443
22,4,3,3,16,2,4,2,1,0,1.0465,10.9463
22,4,3,3,17,2,4,2,1,0,2.6541,2.9123
22,4,3,3,18,4,2,2,0,0,2.9752,3.1228
22,4,3,3,19,4,2,4,1,0,12.4717,12.8755
22,4,3,3,20,4,2,4,1,0,1.6625,1.7543
22,4,3,3,21,2,4,2,1,0,1.151,1.6677
22,4,3,3,22,4,2,4,1,0,1.0265,1.7169
22,4,3,3,23,4,2,2,0,0,1.5564,1.8546
22,4,3,3,24,4,2,2,0,0,2.4967,8.2515
22,4,3,3,25,2,4,2,1,0,1.7026,2.6653
22,4,3,3,26,4,2,4,1,0,1.5533,2.7097
22,4,3,3,27,4,2,2,0,0,1.6595,1.7984
22,4,3,3,28,4,2,4,1,0,1.3701,1.9971
22,4,3,3,29,4,2,2,0,0,1.1209,1.4114
22,4,3,3,30,2,4,2,1,0,1.1835,1.3619
22,4,3,3,31,2,4,4,0,0,10.3678,17.5796
22,4,3,3,32,4,2,2,0,0,3.6072,3.9377
22,4,3,3,33,4,2,2,0,0,1.293,1.9042
22,4,3,3,34,4,2,2,0,0,1.1758,1.4505
22,4,3,3,35,4,2,2,0,0,0.9485,1.167
22,5,1,1,1,3,,3,1,0,1.2881,1.8265
22,5,1,1,2,2,,3,0,0,1.6546,1.7206
22,5,1,1,3,2,,2,1,0,1.2407,1.5387
22,5,1,1,4,2,,2,1,0,0.8822,1.2302
22,5,1,1,5,4,,4,1,0,1.1766,1.7878
22,5,1,1,6,4,,4,1,0,1.7682,1.8354
22,5,1,1,7,2,,2,1,0,1.1256,1.5773
22,5,1,1,8,4,,4,1,0,1.2774,2.0409
22,5,1,1,9,2,,2,1,0,1.1219,1.9495
22,5,1,1,10,3,,3,1,0,1.819,2.4067
22,5,1,1,11,2,,2,1,0,0.9131,1.4039
22,5,1,1,12,1,,1,1,0,1.4077,2.5877
22,5,1,1,13,4,,4,1,0,1.3105,1.9307
22,5,1,1,14,3,,3,1,0,1.4158,2.1233
22,5,1,1,15,1,,1,1,0,1.3698,1.7572
22,5,1,1,16,4,,4,1,0,1.5948,1.7247
22,5,1,1,17,1,,1,1,0,2.3328,2.511
22,5,1,1,18,1,,1,1,0,1.4705,1.6972
22,5,1,1,19,3,,4,0,0,3.8091,5.4534
22,5,1,1,20,3,,4,0,0,3.2587,3.4929
22,5,1,1,21,4,,4,1,0,2.196,3.1183
22,5,1,1,22,4,,4,1,0,1.1483,1.9516
22,5,1,1,23,3,,3,1,0,2.6286,3.823
22,5,1,1,24,4,,4,1,0,1.3446,2.0193
22,5,1,1,25,4,,4,1,0,1.4309,2.5865
22,5,1,1,26,3,,3,1,0,1.8777,2.3931
22,5,1,1,27,1,,2,0,0,1.26,2.0942
22,5,1,1,28,4,,3,0,0,12.1912,13.4822
22,5,1,1,29,3,,3,1,0,1.0377,1.7364
22,5,1,1,30,2,,4,0,0,1.3416,1.6666
22,5,1,1,31,1,,1,1,0,1.2339,2.4862
22,5,1,1,32,4,,1,0,0,6.7088,7.647
22,5,1,1,33,3,,3,1,0,1.652,2.9982
22,5,1,1,34,4,,4,1,0,1.4254,1.7484
22,5,1,1,35,1,,1,1,0,1.3619,2.3493
22,5,2,3,1,1,3,3,0,0,1.4728,1.8111
22,5,2,3,2,1,3,1,1,0,1.6308,2.9389
22,5,2,3,3,3,1,3,1,0,1.2314,1.9304
22,5,2,3,4,1,3,1,1,0,1.4962,2.0765
22,5,2,3,5,1,3,1,1,0,1.3568,1.5106
22,5,2,3,6,3,1,3,1,0,0.9509,1.4653
22,5,2,3,7,3,1,3,1,0,1.3477,1.9181
22,5,2,3,8,1,3,1,1,0,1.2133,1.9443
22,5,2,3,9,1,3,1,1,0,1.4618,2.3286
22,5,2,3,10,3,1,1,0,0,1.3424,2.0021
22,5,2,3,11,3,1,3,1,0,0.9811,1.6651
22,5,2,3,12,3,1,3,1,0,1.049,9.4356
22,5,2,3,13,3,1,3,1,0,1.6947,1.9848
22,5,2,3,14,1,3,3,0,0,1.2857,1.3687
22,5,2,3,15,3,1,3,1,0,1.0308,1.6655
22,5,2,3,16,3,1,3,1,0,0.9546,1.4608
22,5,2,3,17,1,3,1,1,0,1.3348,1.4577
22,5,2,3,18,1,3,1,1,0,0.9642,1.1102
22,5,2,3,19,3,1,3,1,0,1.0545,1.7292
22,5,2,3,20,3,1,3,1,0,0.9764,1.1164
22,5,2,3,21,3,1,3,1,0,1.2435,1.6701
22,5,2,3,22,3,1,3,1,0,1.9999,9.8501
22,5,2,3,23,3,1,3,1,0,0.9642,1.8159
22,5,2,3,24,3,1,3,1,0,0.898,1.5889
22,5,2,3,25,3,1,3,1,0,1.1457,1.8937
22,5,2,3,26,1,3,1,1,0,1.3329,2.7922
22,5,2,3,27,1,3,1,1,0,9.019,10.1276
22,5,2,3,28,3,1,1,0,0,1.3787,1.543
22,5,2,3,29,3,1,3,1,0,0.9396,1.8141
22,5,2,3,30,3,1,3,1,0,0.9368,1.5315
22,5,2,3,31,3,1,3,1,0,1.1858,1.8691
22,5,2,3,32,1,3,1,1,0,1.1502,1.2897
22,5,2,3,33,1,3,1,1,0,1.1856,1.3964
22,5,2,3,34,1,3,1,1,0,1.0412,1.7956
22,5,2,3,35,1,3,1,1,0,0.8797,1.7788
22,5,3,2,1,3,1,3,1,0,1.6379,2.2881
22,5,3,2,2,1,2,1,1,0,2.0001,2.8442
22,5,3,2,3,3,1,3,1,0,1.4589,2.1745
22,5,3,2,4,2,3,2,1,0,2.5151,3.2778
22,5,3,2,5,3,1,3,1,0,1.8291,2.7914
22,5,3,2,6,3,2,3,1,0,1.0513,1.9037
22,5,3,2,7,2,3,2,1,0,1.1902,1.937
22,5,3,2,8,4,2,2,0,0,3.3599,3.6193
22,5,3,2,9,4,1,4,1,0,1.2198,2.0954
22,5,3,2,10,2,1,3,0,0,10.6779,14.8821
22,5,3,2,11,3,2,3,1,0,5.3231,6.0545
22,5,3,2,12,1,4,1,1,0,2.4581,2.6139
22,5,3,2,13,2,1,2,1,0,1.3841,2.7714
22,5,3,2,14,1,4,4,0,0,1.2301,1.6741
22,5,3,2,15,2,3,2,1,0,1.2181,2.8463
22,5,3,2,16,4,1,1,0,0,1.8296,3.1779
22,5,3,2,17,1,2,1,1,0,1.4681,2.1267
22,5,3,2,18,1,4,4,0,0,3.6618,4.0583
22,5,3,2,19,1,3,1,1,0,1.0559,1.8759
22,5,3,2,20,4,2,4,1,0,8.9397,9.8223
22,5,3,2,21,2,3,2,1,0,1.0886,2.4275
22,5,3,2,22,4,1,4,1,0,2.6761,3.4569
22,5,3,2,23,2,3,2,1,0,1.439,2.4331
22,5,3,2,24,4,3,4,1,0,1.4592,2.3575
22,5,3,2,25,1,3,1,1,0,3.2759,3.6634
22,5,3,2,26,2,3,2,1,0,2.2056,3.3538
22,5,3,2,27,1,2,1,1,0,2.7647,3.2403
22,5,3,2,28,3,2,3,1,0,1.8243,2.2604
22,5,3,2,29,2,4,2,1,0,1.3245,1.9282
22,5,3,2,30,4,3,4,1,0,2.3898,3.0717
22,5,3,2,31,4,1,1,0,0,4.2244,4.8599
22,5,3,2,32,2,1,2,1,0,1.8416,2.7089
22,5,3,2,33,4,1,4,1,0,2.4273,3.1834
22,5,3,2,34,3,4,3,1,0,1.7776,3.0112
22,5,3,2,35,1,2,2,0,0,1.9666,2.3695
22,6,1,2,1,4,2,4,1,0,1.1487,1.6707
22,6,1,2,2,3,4,3,1,0,1.1365,1.5715
22,6,1,2,3,2,1,2,1,0,1.4495,2.3155
22,6,1,2,4,2,1,2,1,0,1.2989,1.7415
22,6,1,2,5,4,3,4,1,0,5.2366,8.8706
22,6,1,2,6,2,3,2,1,0,1.6804,4.523
22,6,1,2,7,1,3,1,1,0,1.6312,1.8738
22,6,1,2,8,3,2,2,0,0,1.4673,2.8077
22,6,1,2,9,3,2,2,0,0,2.2253,2.3894
22,6,1,2,10,4,2,4,1,0,1.0964,2.6985
22,6,1,2,11,4,2,4,1,0,1.1216,2.1496
22,6,1,2,12,4,2,2,0,0,2.5787,3.4863
22,6,1,2,13,3,2,3,1,0,1.4363,2.2707
22,6,1,2,14,2,3,2,1,0,1.2395,2.6417
22,6,1,2,15,1,2,1,1,0,1.2041,2.0149
22,6,1,2,16,2,3,2,1,0,2.41,3.4773
22,6,1,2,17,3,4,4,0,0,2.1644,2.7501
22,6,1,2,18,3,4,3,1,0,1.6917,2.7189
22,6,1,2,19,4,1,4,1,0,1.0448,1.8808
22,6,1,2,20,3,1,1,0,0,2.512,2.6278
22,6,1,2,21,1,4,1,1,0,1.3089,1.9751
22,6,1,2,22,2,3,2,1,0,1.6205,1.8148
22,6,1,2,23,2,4,2,1,0,1.1225,1.5663
22,6,1,2,24,4,2,4,1,0,1.1149,1.9576
22,6,1,2,25,4,2,4,1,0,1.0439,1.7179
22,6,1,2,26,2,3,2,1,0,1.014,1.648
22,6,1,2,27,4,3,4,1,0,1.2746,1.83
22,6,1,2,28,3,4,3,1,0,1.2078,1.7793
22,6,1,2,29,2,1,2,1,0,1.2558,1.8832
22,6,1,2,30,3,1,1,0,0,1.4112,2.0699
22,6,1,2,31,1,2,1,1,0,1.6064,1.7052
22,6,1,2,32,4,3,4,1,0,3.4179,3.5653
22,6,1,2,33,4,2,4,1,0,2.4159,5.667
22,6,1,2,34,1,2,1,1,0,1.1518,2.0582
22,6,1,2,35,2,1,2,1,0,1.1884,2.0388
22,6,2,3,1,4,3,4,1,0,1.3122,1.9702
22,6,2,3,2,4,3,4,1,0,1.496,2.2356
22,6,2,3,3,3,4,3,1,0,1.2373,2.0636
22,6,2,3,4,4,3,4,1,0,0.9692,1.5468
22,6,2,3,5,3,4,3,1,0,1.1379,1.6774
22,6,2,3,6,3,4,3,1,0,0.9814,1.5513
22,6,2,3,7,3,4,4,0,0,1.3259,1.7766
22,6,2,3,8,4,3,4,1,0,1.1185,1.345
22,6,2,3,9,4,3,4,1,0,0.7993,0.8983
22,6,2,3,10,4,3,4,1,0,0.9788,1.1167
22,6,2,3,11,4,3,4,1,0,1.3893,1.7916
22,6,2,3,12,4,3,4,1,0,1.2773,1.4471
22,6,2,3,13,4,3,3,0,0,1.066,1.1978
22,6,2,3,14,3,4,3,1,0,1.0405,1.5793
22,6,2,3,15,3,4,3,1,0,0.9529,1.8357
22,6,2,3,16,4,3,4,1,0,4.4703,5.4327
22,6,2,3,17,3,4,3,1,0,0.9919,1.6355
22,6,2,3,18,4,3,4,1,0,1.0774,1.3751
22,6,2,3,19,3,4,3,1,0,1.2857,2.1284
22,6,2,3,20,3,4,3,1,0,0.9183,1.8568
22,6,2,3,21,4,3,4,1,0,0.947,1.7751
22,6,2,3,22,4,3,4,1,0,1.0758,1.1754
22,6,2,3,23,3,4,4,0,0,0.9724,7.8304
22,6,2,3,24,3,4,3,1,0,1.7955,2.871
22,6,2,3,25,4,3,3,0,0,1.6545,2.7532
22,6,2,3,26,3,4,3,1,0,1.6946,2.7296
22,6,2,3,27,3,4,3,1,0,1.3509,1.906
22,6,2,3,28,4,3,3,0,0,0.9778,1.0839
22,6,2,3,29,4,3,3,0,0,0.8132,0.9753
22,6,2,3,30,3,4,3,1,0,0.9259,1.184
22,6,2,3,31,4,3,3,0,0,1.0291,1.2164
22,6,2,3,32,4,3,3,0,0,0.8116,0.9497
22,6,2,3,33,4,3,4,1,0,1.0529,1.5442
22,6,2,3,34,4,3,4,1,0,1.4454,1.8332
22,6,2,3,35,3,4,3,1,0,0.7871,1.8691
22,6,3,1,1,1,,1,1,0,1.4774,2.3045
22,6,3,1,2,1,,1,1,0,1.504,1.6912
22,6,3,1,3,2,,4,0,0,1.6199,1.7195
22,6,3,1,4,1,,1,1,0,1.7335,2.1209
22,6,3,1,5,2,,2,1,0,1.895,3.0831
22,6,3,1,6,3,,1,0,0,2.5139,3.8686
22,6,3,1,7,2,,1,0,0,1.195,2.6152
22,6,3,1,8,4,,4,1,0,1.5289,2.7795
22,6,3,1,9,2,,2,1,0,1.2787,2.1067
22,6,3,1,10,2,,2,1,0,0.929,1.8527
22,6,3,1,11,2,,2,1,0,0.9582,1.521
22,6,3,1,12,3,,4,0,0,1.9446,3.3788
22,6,3,1,13,4,,4,1,0,1.3019,2.5454
22,6,3,1,14,4,,4,1,0,1.0777,1.6341
22,6,3,1,15,4,,3,0,0,1.5316,2.1501
22,6,3,1,16,2,,2,1,0,1.2601,2.534
22,6,3,1,17,3,,3,1,0,1.5808,1.6867
22,6,3,1,18,1,,3,0,0,1.8243,2.2755
22,6,3,1,19,3,,3,1,0,1.2759,1.4948
22,6,3,1,20,2,,3,0,0,2.567,3.6578
22,6,3,1,21,1,,1,1,0,1.2417,2.2996
22,6,3,1,22,4,,3,0,0,1.7158,2.2866
22,6,3,1,23,3,,3,1,0,1.0862,1.5861
22,6,3,1,24,4,,2,0,0,1.1104,1.3777
22,6,3,1,25,1,,1,1,0,2.5663,3.5849
22,6,3,1,26,1,,1,1,0,1.4356,1.9431
22,6,3,1,27,2,,2,1,0,1.1253,1.3921
22,6,3,1,28,3,,3,1,0,1.0768,1.695
22,6,3,1,29,2,,2,1,0,1.0317,1.6338
22,6,3,1,30,3,,3,1,0,0.9412,2.4641
22,6,3,1,31,3,,3,1,0,1.3925,1.6526
22,6,3,1,32,3,,3,1,0,0.9177,1.4655
22,6,3,1,33,1,,3,0,0,1.2178,1.3565
22,6,3,1,34,2,,2,1,0,1.107,1.9981
22,6,3,1,35,4,,4,1,0,1.5614,2.5657
23,1,1,3,1,4,2,4,1,0,2.4913,4.3673
23,1,1,3,2,2,4,2,1,0,2.321,4.4587
23,1,1,3,3,4,2,4,1,0,3.5868,5.1971
23,1,1,3,4,2,4,2,1,0,6.6458,8.2566
23,1,1,3,5,4,2,4,1,0,2.1391,3.0223
23,1,1,3,6,4,2,4,1,0,2.1199,3.1464
23,1,1,3,7,4,2,4,1,0,1.3267,2.5632
23,1,1,3,8,4,2,4,1,0,1.1656,2.817
23,1,1,3,9,4,2,4,1,0,1.4108,2.2386
23,1,1,3,10,2,4,2,1,0,1.6312,3.3945
23,1,1,3,11,4,2,4,1,0,2.5408,3.7766
23,1,1,3,12,2,4,2,1,0,1.0334,2.2613
23,1,1,3,13,4,2,4,1,0,3.0454,4.1855
23,1,1,3,14,4,2,2,0,0,2.8986,3.5968
23,1,1,3,15,4,2,4,1,0,1.7189,3.0907
23,1,1,3,16,2,4,2,1,0,1.0095,2.0929
23,1,1,3,17,2,4,2,1,1,1.0759,2.5036
23,1,1,3,18,4,2,4,1,0,1.3496,3.0796
23,1,1,3,19,4,2,4,1,0,1.0712,2.6034
23,1,1,3,20,4,2,4,1,0,1.4378,2.5118
23,1,1,3,21,4,2,4,1,0,1.2311,2.4808
23,1,1,3,22,4,2,4,1,0,1.3455,3.2116
23,1,1,3,23,2,4,2,1,0,3.6056,7.5292
23,1,1,3,24,2,4,2,1,1,0.9536,1.8998
23,1,1,3,25,4,2,4,1,0,1.3486,3.1189
23,1,1,3,26,4,2,4,1,0,1.3885,2.3753
23,1,1,3,27,2,4,2,1,0,0.9808,2.352
23,1,1,3,28,2,4,2,1,0,1.6763,3.0303
23,1,1,3,29,2,4,2,1,0,1.1123,1.6263
23,1,1,3,30,2,4,2,1,0,1.0221,2.2817
23,1,1,3,31,4,2,4,1,0,1.0176,2.2051
23,1,1,3,32,4,2,2,0,0,2.0871,3.9311
23,1,1,3,33,2,4,2,1,0,1.407,2.2586
23,1,1,3,34,4,2,4,1,0,1.4025,2.6864
23,1,1,3,35,4,2,4,1,0,1.2848,2.3034
23,1,2,2,1,1,2,2,0,0,3.1907,4.6493
23,1,2,2,2,1,2,1,1,0,3.2157,4.5707
23,1,2,2,3,1,4,1,1,0,2.8292,4.6236
23,1,2,2,4,1,2,2,0,0,2.3281,3.4433
23,1,2,2,5,1,2,2,0,0,2.2911,3.3903
23,1,2,2,6,2,3,2,1,0,2.9293,5.0052
23,1,2,2,7,1,2,2,0,0,3.8366,5.5995
23,1,2,2,8,3,4,3,1,1,1.7914,3.7946
23,1,2,2,9,4,2,2,0,0,2.4445,3.9826
23,1,2,2,10,1,4,1,1,0,1.6334,4.0292
23,1,2,2,11,1,3,1,1,0,2.3405,3.4639
23,1,2,2,12,4,1,4,1,0,2.494,4.4818
23,1,2,2,13,2,4,2,1,0,1.855,4.5786
23,1,2,2,14,3,1,3,1,0,1.8678,4.9192
23,1,2,2,15,1,3,3,0,0,4.8749,7.4698
23,1,2,2,16,1,3,3,0,0,3.1528,4.0672
23,1,2,2,17,2,4,2,1,0,1.6184,3.116
23,1,2,2,18,2,3,2,1,0,2.1229,3.8304
23,1,2,2,19,1,4,4,0,0,4.1181,5.6081
23,1,2,2,20,1,2,1,1,0,4.0728,5.7869
23,1,2,2,21,3,4,3,1,0,2.3397,3.559
23,1,2,2,22,4,3,4,1,0,2.7148,4.1582
23,1,2,2,23,1,4,1,1,0,1.6249,3.764
23,1,2,2,24,1,2,2,0,0,4.7106,6.3298
23,1,2,2,25,3,2,3,1,0,3.2595,5.9188
23,1,2,2,26,2,1,2,1,0,1.9849,3.5169
23,1,2,2,27,2,3,2,1,1,1.3855,3.4203
23,1,2,2,28,1,4,1,1,0,3.046,4.5767
23,1,2,2,29,3,1,3,1,0,3.1069,4.374
23,1,2,2,30,3,2,3,1,0,2.4079,3.6586
23,1,2,2,31,2,1,2,1,0,2.0588,3.8547
23,1,2,2,32,3,1,3,1,0,1.4927,2.7356
23,1,2,2,33,4,2,3,0,0,3.2131,8.2477
23,1,2,2,34,3,2,3,1,0,2.0037,4.4399
23,1,2,2,35,1,2,1,1,0,3.9265,5.0084
23,1,3,1,1,4,,2,0,0,3.3039,4.7945
23,1,3,1,2,3,,3,1,0,1.8529,2.9679
23,1,3,1,3,2,,1,0,0,4.4589,5.8854
23,1,3,1,4,2,,2,1,0,2.1621,4.1658
23,1,3,1,5,3,,3,1,0,2.0638,2.7307
23,1,3,1,6,3,,3,1,0,3.9438,5.0359
23,1,3,1,7,2,,2,1,0,1.1857,8.6444
23,1,3,1,8,2,,2,1,0,1.9603,2.8983
23,1,3,1,9,1,,1,1,0,1.3851,2.164
23,1,3,1,10,3,,4,0,0,2.0093,2.6922
23,1,3,1,11,2,,2,1,0,1.2515,2.5901
23,1,3,1,12,4,,3,0,0,2.5617,4.5963
23,1,3,1,13,4,,4,1,0,3.4061,4.7123
23,1,3,1,14,4,,4,1,0,1.9578,7.76
23,1,3,1,15,3,,3,1,0,2.5277,3.5793
23,1,3,1,16,3,,3,1,0,1.0129,1.4969
23,1,3,1,17,2,,2,1,0,1.248,2.5144
23,1,3,1,18,2,,2,1,0,1.361,2.7494
23,1,3,1,19,3,,3,1,0,1.8647,4.0347
23,1,3,1,20,3,,3,1,0,4.0278,4.854
23,1,3,1,21,4,,3,0,0,3.629,4.3124
23,1,3,1,22,3,,3,1,0,1.6849,2.8084
23,1,3,1,23,4,,3,0,0,1.9942,3.7334
23,1,3,1,24,1,,1,1,0,2.1697,3.2764
23,1,3,1,25,1,,1,1,0,1.068,3.0876
23,1,3,1,26,1,,1,1,0,1.4941,2.3463
23,1,3,1,27,3,,3,1,0,2.4628,3.5624
23,1,3,1,28,2,,2,1,0,1.4928,2.672
23,1,3,1,29,1,,1,1,0,1.4713,2.6334
23,1,3,1,30,2,,2,1,0,1.4831,2.3592
23,1,3,1,31,1,,1,1,0,1.4598,2.1829
23,1,3,1,32,4,,3,0,0,2.579,4.3586
23,1,3,1,33,3,,3,1,0,1.0807,2.3882
23,1,3,1,34,3,,3,1,0,1.5837,2.4993
23,1,3,1,35,2,,2,1,0,2.0333,2.7413
23,2,1,1,1,2,,2,1,0,2.0851,3.4411
23,2,1,1,2,4,,4,1,0,1.3607,2.3249
23,2,1,1,3,3,,3,1,0,2.0748,3.2865
23,2,1,1,4,1,,1,1,0,1.5005,3.9508
23,2,1,1,5,1,,1,1,0,1.7466,2.5187
23,2,1,1,6,1,,1,1,0,2.2763,3.4952
23,2,1,1,7,1,,2,0,0,2.5088,3.9834
23,2,1,1,8,4,,4,1,0,1.4897,4.2051
23,2,1,1,9,1,,1,1,0,1.3103,2.5378
23,2,1,1,10,4,,2,0,0,2.4628,3.3388
23,2,1,1,11,2,,2,1,0,1.8864,2.6654
23,2,1,1,12,2,,2,1,0,2.0577,2.4848
23,2,1,1,13,4,,3,0,0,2.0121,2.9513
23,2,1,1,14,1,,1,1,0,1.1481,1.6149
23,2,1,1,15,2,,2,1,0,1.6023,2.3721
23,2,1,1,16,2,,2,1,0,2.0251,2.5875
23,2,1,1,17,3,,3,1,0,2.2318,4.3551
23,2,1,1,18,3,,3,1,0,1.3262,2.12
23,2,1,1,19,2,,2,1,0,1.2158,1.6426
23,2,1,1,20,3,,3,1,0,1.7331,1.9516
23,2,1,1,21,2,,2,1,0,1.1018,2.9773
23,2,1,1,22,3,,3,1,0,1.309,3.5688
23,2,1,1,23,4,,3,0,0,1.4428,2.5422
23,2,1,1,24,4,,4,1,0,1.3317,3.1346
23,2,1,1,25,4,,2,0,0,2.6995,3.9193
23,2,1,1,26,3,,3,1,0,1.1077,2.3096
23,2,1,1,27,2,,2,1,0,1.2776,2.1525
23,2,1,1,28,1,,1,1,0,1.486,2.369
23,2,1,1,29,1,,1,1,0,1.3974,1.6396
23,2,1,1,30,4,,4,1,0,1.3071,2.4214
23,2,1,1,31,2,,2,1,0,1.4086,2.1785
23,2,1,1,32,2,,3,0,0,4.5598,6.2271
23,2,1,1,33,4,,4,1,0,1.2567,2.0122
23,2,1,1,34,4,,4,1,0,2.1263,2.7623
23,2,1,1,35,3,,2,0,0,1.0131,2.0968
23,2,2,2,1,3,1,3,1,0,2.991,4.4816
23,2,2,2,2,3,4,3,1,1,1.9669,4.5309
23,2,2,2,3,1,2,2,0,0,2.8778,6.1847
23,2,2,2,4,1,4,1,1,0,2.0883,3.6262
23,2,2,2,5,3,4,3,1,0,1.42,4.0396
23,2,2,2,6,1,3,1,1,0,2.1753,3.4338
23,2,2,2,7,4,3,3,0,0,2.7787,4.3338
23,2,2,2,8,4,3,4,1,0,1.6657,3.9571
23,2,2,2,9,3,2,3,1,0,3.5753,4.8594
23,2,2,2,10,1,3,1,1,0,1.625,3.0829
23,2,2,2,11,4,3,4,1,0,2.2744,3.2214
23,2,2,2,12,3,2,3,1,0,2.3912,3.6653
23,2,2,2,13,1,4,1,1,0,1.4335,2.3807
23,2,2,2,14,3,2,3,1,0,2.4148,3.9068
23,2,2,2,15,1,3,1,1,0,1.3839,2.5794
23,2,2,2,16,4,1,4,1,0,2.694,4.1293
23,2,2,2,17,3,4,3,1,0,2.1166,3.8079
23,2,2,2,18,1,3,1,1,0,1.9694,3.4191
23,2,2,2,19,1,2,1,1,0,1.645,2.9999
23,2,2,2,20,2,4,2,1,0,1.4349,2.2854
23,2,2,2,21,3,2,3,1,0,2.1174,3.296
23,2,2,2,22,1,4,1,1,0,2.679,4.3783
23,2,2,2,23,1,3,1,1,0,1.404,2.2479
23,2,2,2,24,4,3,3,0,0,1.9606,3.7397
23,2,2,2,25,2,3,2,1,0,1.5755,3.8262
23,2,2,2,26,2,4,2,1,0,1.7793,3.1176
23,2,2,2,27,2,4,2,1,0,1.34,2.5912
23,2,2,2,28,1,4,1,1,0,1.2749,2.5505
23,2,2,2,29,3,2,2,0,0,1.7068,2.9174
23,2,2,2,30,4,3,3,0,0,2.1391,3.8073
23,2,2,2,31,4,2,4,1,0,2.8716,4.275
23,2,2,2,32,1,3,3,0,0,2.1612,3.3327
23,2,2,2,33,4,1,4,1,0,3.3447,5.0512
23,2,2,2,34,3,2,3,1,0,2.2817,3.8855
23,2,2,2,35,2,1,2,1,0,1.5392,3.8934
23,2,3,3,1,1,4,1,1,0,2.787,4.2785
23,2,3,3,2,4,1,4,1,0,2.2358,3.7993
23,2,3,3,3,1,4,4,0,0,2.6969,3.8914
23,2,3,3,4,1,4,1,1,0,6.6252,7.9647
23,2,3,3,5,4,1,4,1,0,1.5393,18.7344
23,2,3,3,6,4,1,4,1,0,1.6266,2.8071
23,2,3,3,7,1,4,1,1,0,1.2647,2.4839
23,2,3,3,8,4,1,4,1,0,2.7874,3.9995
23,2,3,3,9,4,1,4,1,0,1.32,2.3149
23,2,3,3,10,4,1,4,1,0,1.745,2.708
23,2,3,3,11,1,4,1,1,0,0.9065,2.3977
23,2,3,3,12,4,1,4,1,0,1.3607,2.5005
23,2,3,3,13,1,4,4,0,0,1.2353,2.4373
23,2,3,3,14,1,4,1,1,0,2.0241,2.8266
23,2,3,3,15,4,1,4,1,0,1.8531,3.0151
23,2,3,3,16,4,1,4,1,0,1.4335,2.1078
23,2,3,3,17,4,1,1,0,0,1.9483,2.6305
23,2,3,3,18,1,4,1,1,0,1.7521,2.6836
23,2,3,3,19,1,4,1,1,0,1.2988,2.4936
23,2,3,3,20,1,4,1,1,0,1.5886,2.4889
23,2,3,3,21,4,1,1,0,0,1.6237,2.6915
23,2,3,3,22,4,1,4,1,0,1.3298,2.3089
23,2,3,3,23,4,1,4,1,0,1.8847,3.1282
23,2,3,3,24,4,1,1,0,0,1.2199,2.1761
23,2,3,3,25,1,4,1,1,0,1.2999,2.2386
23,2,3,3,26,1,4,1,1,0,1.2168,2.1809
23,2,3,3,27,1,4,1,1,0,1.3601,2.2984
23,2,3,3,28,4,1,4,1,0,1.4337,2.4123
23,2,3,3,29,4,1,4,1,0,1.4074,2.3699
23,2,3,3,30,1,4,4,0,0,1.7034,3.0186
23,2,3,3,31,4,1,4,1,0,2.1157,3.5741
23,2,3,3,32,4,1,4,1,0,1.4021,2.7093
23,2,3,3,33,1,4,1,1,0,1.3635,2.3355
23,2,3,3,34,1,4,1,1,0,1.4205,2.4144
23,2,3,3,35,1,4,1,1,0,1.2821,2.0607
23,3,1,3,1,3,4,3,1,0,5.3566,9.0806
23,3,1,3,2,3,4,3,1,0,1.76,2.8745
23,3,1,3,3,3,4,3,1,0,1.2346,2.0544
23,3,1,3,4,3,4,3,1,0,1.0474,1.9948
23,3,1,3,5,3,4,3,1,0,1.3415,2.2338
23,3,1,3,6,4,3,4,1,0,1.2589,2.5423
23,3,1,3,7,3,4,3,1,0,1.0193,1.8136
23,3,1,3,8,4,3,4,1,0,1.1935,1.9408
23,3,1,3,9,3,4,3,1,0,1.5225,2.4771
23,3,1,3,10,4,3,4,1,0,1.5891,2.3207
23,3,1,3,11,3,4,3,1,0,1.4068,4.745
23,3,1,3,12,4,3,4,1,0,1.6212,2.7043
23,3,1,3,13,3,4,3,1,0,2.7026,3.7305
23,3,1,3,14,4,3,4,1,0,1.8222,2.7376
23,3,1,3,15,3,4,3,1,0,1.6709,3.3773
23,3,1,3,16,3,4,3,1,0,2.4049,3.3672
23,3,1,3,17,3,4,3,1,0,1.6994,2.9192
23,3,1,3,18,3,4,3,1,0,0.9324,1.9839
23,3,1,3,19,3,4,3,1,0,1.0832,2.1906
23,3,1,3,20,4,3,4,1,0,1.6103,2.6537
23,3,1,3,21,3,4,4,0,0,1.5426,5.049
23,3,1,3,22,4,3,4,1,0,1.3434,2.4509
23,3,1,3,23,3,4,3,1,0,1.6026,2.421
23,3,1,3,24,3,4,3,1,0,1.7038,2.6831
23,3,1,3,25,3,4,3,1,0,1.0411,2.4276
23,3,1,3,26,3,4,3,1,0,1.3981,2.5928
23,3,1,3,27,3,4,3,1,0,2.5969,4.3995
23,3,1,3,28,3,4,3,1,0,0.8248,2.2122
23,3,1,3,29,4,3,3,0,0,1.4298,2.8565
23,3,1,3,30,4,3,4,1,0,1.6893,2.7639
23,3,1,3,31,4,3,4,1,0,1.5851,2.8354
23,3,1,3,32,4,3,3,0,0,4.7725,5.5123
23,3,1,3,33,3,4,3,1,0,2.5226,3.1895
23,3,1,3,34,4,3,4,1,0,0.9444,2.0439
23,3,1,3,35,4,3,4,1,0,1.2367,1.9508
23,3,2,1,1,2,,2,1,0,2.3564,4.671
23,3,2,1,2,3,,3,1,0,1.565,3.2883
23,3,2,1,3,2,,2,1,0,1.1344,1.9051
23,3,2,1,4,4,,4,1,0,1.2097,2.1249
23,3,2,1,5,2,,2,1,0,1.8835,2.5108
23,3,2,1,6,1,,1,1,0,1.6129,3.0711
23,3,2,1,7,2,,2,1,0,2.1195,3.578
23,3,2,1,8,3,,3,1,0,1.5015,2.6562
23,3,2,1,9,4,,2,0,0,1.5775,2.2687
23,3,2,1,10,2,,2,1,0,1.8123,2.4962
23,3,2,1,11,1,,1,1,0,2.0547,3.0489
23,3,2,1,12,4,,4,1,0,1.3619,2.5885
23,3,2,1,13,3,,3,1,0,2.225,3.5164
23,3,2,1,14,3,,3,1,0,2.2326,3.5148
23,3,2,1,15,2,,2,1,0,2.0646,3.228
23,3,2,1,16,1,,4,0,0,2.7413,3.7831
23,3,2,1,17,3,,3,1,0,1.6338,2.6365
23,3,2,1,18,1,,1,1,0,1.0867,2.1289
23,3,2,1,19,1,,3,0,0,2.3677,3.8424
23,3,2,1,20,3,,3,1,0,1.9948,3.3107
23,3,2,1,21,2,,2,1,0,1.7884,2.4944
23,3,2,1,22,1,,1,1,0,2.3822,3.8242
23,3,2,1,23,4,,2,0,0,2.553,3.5249
23,3,2,1,24,2,,2,1,0,1.1858,2.0856
23,3,2,1,25,1,,1,1,0,1.4768,2.4073
23,3,2,1,26,4,,2,0,0,1.5142,2.1412
23,3,2,1,27,3,,1,0,0,1.3238,1.7353
23,3,2,1,28,3,,3,1,0,2.525,3.5926
23,3,2,1,29,4,,2,0,0,1.2509,2.1972
23,3,2,1,30,4,,4,1,0,1.4566,2.0764
23,3,2,1,31,2,,2,1,0,2.4358,3.2234
23,3,2,1,32,3,,3,1,0,1.5765,2.107
23,3,2,1,33,4,,4,1,0,1.3868,1.9909
23,3,2,1,34,2,,2,1,0,1.1065,1.5485
23,3,2,1,35,2,,2,1,0,1.4194,2.7104
23,3,3,2,1,1,2,1,1,0,6.5867,9.3887
23,3,3,2,2,3,2,3,1,0,2.6417,5.1407
23,3,3,2,3,1,4,1,1,0,2.8552,3.1538
23,3,3,2,4,2,4,2,1,0,1.4869,3.0096
23,3,3,2,5,2,3,2,1,0,2.0115,4.1678
23,3,3,2,6,2,4,2,1,0,2.3295,3.6445
23,3,3,2,7,3,4,4,0,0,4.9725,6.0471
23,3,3,2,8,1,2,1,1,0,1.6134,2.6798
23,3,3,2,9,1,2,2,0,0,1.4162,3.2521
23,3,3,2,10,1,2,1,1,0,1.5313,2.6062
23,3,3,2,11,3,1,3,1,0,1.8969,3.1795
23,3,3,2,12,3,4,3,1,0,1.6788,2.8577
23,3,3,2,13,1,3,1,1,0,1.4905,3.7891
23,3,3,2,14,3,2,3,1,0,1.4391,2.4904
23,3,3,2,15,3,2,3,1,0,1.2664,2.1165
23,3,3,2,16,3,2,3,1,0,1.9233,2.918
23,3,3,2,17,2,1,2,1,0,2.2768,3.7119
23,3,3,2,18,2,3,2,1,0,1.1566,3.1523
23,3,3,2,19,1,2,1,1,0,1.0997,2.1978
23,3,3,2,20,4,3,2,0,0,3.9463,7.1566
23,3,3,2,21,3,2,3,1,0,1.2605,3.7758
23,3,3,2,22,4,2,4,1,0,2.234,3.7735
23,3,3,2,23,2,1,2,1,0,1.7842,4.2037
23,3,3,2,24,1,2,1,1,0,1.1561,2.5592
23,3,3,2,25,3,2,3,1,0,1.3322,2.7583
23,3,3,2,26,3,4,3,1,0,1.5959,3.1039
23,3,3,2,27,1,4,1,1,0,1.4933,2.5361
23,3,3,2,28,3,2,3,1,0,2.07,3.2492
23,3,3,2,29,1,3,1,1,0,1.7367,3.0111
23,3,3,2,30,4,1,4,1,0,1.6058,2.6965
23,3,3,2,31,1,2,1,1,0,2.0798,3.2734
23,3,3,2,32,3,2,3,1,0,3.8099,5.7491
23,3,3,2,33,1,4,4,0,0,3.7425,5.8648
23,3,3,2,34,2,4,2,1,0,1.4782,2.9139
23,3,3,2,35,4,3,3,0,0,2.1185,3.8342
23,4,1,1,1,3,,3,1,0,2.3162,4.6477
23,4,1,1,2,1,,2,0,0,1.7337,2.5605
23,4,1,1,3,4,,4,1,0,1.2541,2.658
23,4,1,1,4,2,,2,1,0,1.7462,2.9094
23,4,1,1,5,3,,3,1,0,1.1715,1.9744
23,4,1,1,6,1,,1,1,0,1.4511,2.574
23,4,1,1,7,4,,4,1,0,1.2751,1.8542
23,4,1,1,8,2,,2,1,0,1.0957,1.9387
23,4,1,1,9,4,,2,0,0,2.1285,3.1006
23,4,1,1,10,2,,2,1,0,1.3224,2.2045
23,4,1,1,11,2,,2,1,0,1.192,3.451
23,4,1,1,12,4,,4,1,0,1.2671,2.2868
23,4,1,1,13,4,,4,1,0,1.5026,3.6901
23,4,1,1,14,4,,4,1,0,2.7837,3.8981
23,4,1,1,15,3,,4,0,0,1.272,3.868
23,4,1,1,16,4,,3,0,0,1.4579,2.8614
23,4,1,1,17,1,,3,0,0,2.0046,2.8235
23,4,1,1,18,1,,3,0,0,1.4972,2.7077
23,4,1,1,19,4,,1,0,0,1.1878,2.3341
23,4,1,1,20,4,,4,1,0,1.3407,1.944
23,4,1,1,21,3,,3,1,0,1.6847,3.1676
23,4,1,1,22,2,,2,1,0,2.2677,2.9511
23,4,1,1,23,3,,3,1,0,1.7712,3.5176
23,4,1,1,24,2,,2,1,0,3.2193,3.8304
23,4,1,1,25,4,,2,0,0,2.0145,2.5775
23,4,1,1,26,1,,1,1,0,1.2771,1.7048
23,4,1,1,27,1,,3,0,0,1.92,2.2989
23,4,1,1,28,4,,2,0,0,2.5383,3.0376
23,4,1,1,29,3,,3,1,0,1.8143,3.4179
23,4,1,1,30,1,,2,0,0,1.65,2.701
23,4,1,1,31,1,,1,1,0,1.9159,3.0542
23,4,1,1,32,1,,1,1,0,1.5438,2.099
23,4,1,1,33,4,,4,1,0,1.1461,2.3883
23,4,1,1,34,3,,3,1,0,1.4891,2.3475
23,4,1,1,35,4,,3,0,0,1.4172,1.7643
23,4,2,3,1,2,1,2,1,0,3.5181,6.7462
23,4,2,3,2,1,2,1,1,0,1.3941,2.4687
23,4,2,3,3,2,1,2,1,0,1.6699,3.5208
23,4,2,3,4,2,1,2,1,0,1.9339,3.5126
23,4,2,3,5,2,1,1,0,0,1.8297,3.0661
23,4,2,3,6,2,1,2,1,1,1.8564,3.7704
23,4,2,3,7,1,2,1,1,0,1.3102,2.0017
23,4,2,3,8,1,2,1,1,0,1.3002,2.0942
23,4,2,3,9,1,2,2,0,0,1.1269,3.3305
23,4,2,3,10,2,1,1,0,0,1.7981,2.9457
23,4,2,3,11,1,2,2,0,0,2.854,3.6399
23,4,2,3,12,1,2,1,1,0,1.5932,2.6355
23,4,2,3,13,2,1,2,1,0,1.3977,2.4813
23,4,2,3,14,1,2,1,1,0,1.3521,2.4033
23,4,2,3,15,1,2,1,1,0,1.3906,3.0009
23,4,2,3,16,1,2,1,1,0,0.9713,5.4473
23,4,2,3,17,1,2,1,1,0,1.1084,2.223
23,4,2,3,18,1,2,1,1,0,1.313,2.5966
23,4,2,3,19,2,1,2,1,0,2.9911,3.6983
23,4,2,3,20,2,1,2,1,0,1.0557,1.9232
23,4,2,3,21,2,1,2,1,0,1.2256,2.685
23,4,2,3,22,1,2,2,0,0,1.9727,3.1673
23,4,2,3,23,1,2,1,1,0,1.1626,1.5575
23,4,2,3,24,1,2,1,1,0,2.1963,4.1343
23,4,2,3,25,2,1,1,0,0,1.4906,3.1408
23,4,2,3,26,1,2,1,1,0,1.4666,2.3581
23,4,2,3,27,2,1,2,1,0,1.3792,2.5506
23,4,2,3,28,1,2,1,1,0,1.3152,2.5422
23,4,2,3,29,1,2,1,1,0,1.9546,3.31
23,4,2,3,30,2,1,2,1,0,2.275,3.9988
23,4,2,3,31,2,1,2,1,0,1.3839,2.9077
23,4,2,3,32,1,2,1,1,0,1.1132,2.0283
23,4,2,3,33,2,1,2,1,0,1.7419,3.0022
23,4,2,3,34,2,1,2,1,0,1.132,2.2956
23,4,2,3,35,1,2,2,0,0,1.1741,1.5521
23,4,3,2,1,4,3,4,1,0,2.5631,5.7663
23,4,3,2,2,3,2,3,1,0,2.2229,3.41
23,4,3,2,3,1,2,1,1,0,2.2196,3.3989
23,4,3,2,4,1,4,1,1,0,2.0412,2.995
23,4,3,2,5,3,2,3,1,0,1.8783,3.4812
23,4,3,2,6,4,2,2,0,0,1.5839,2.6425
23,4,3,2,7,2,1,2,1,0,1.6926,2.751
23,4,3,2,8,3,2,3,1,0,1.5084,2.7426
23,4,3,2,9,3,1,3,1,0,2.0922,3.4237
23,4,3,2,10,4,3,3,0,0,3.4162,4.2361
23,4,3,2,11,2,4,2,1,0,1.667,2.7824
23,4,3,2,12,3,1,3,1,0,1.7059,2.5483
23,4,3,2,13,1,2,1,1,0,2.7619,4.06
23,4,3,2,14,1,4,1,1,0,2.1563,4.0399
23,4,3,2,15,3,1,3,1,0,2.3514,3.7852
23,4,3,2,16,4,2,2,0,0,1.7085,2.9583
23,4,3,2,17,2,4,2,1,0,3.6598,5.8459
23,4,3,2,18,4,3,3,0,0,3.1085,4.5668
23,4,3,2,19,4,2,4,1,0,3.0254,4.0857
23,4,3,2,20,4,3,3,0,0,2.4989,3.853
23,4,3,2,21,3,1,3,1,0,1.4375,3.5205
23,4,3,2,22,3,1,3,1,0,1.3974,3.0243
23,4,3,2,23,4,2,2,0,0,1.6505,2.5734
23,4,3,2,24,1,4,1,1,0,2.7375,4.3169
23,4,3,2,25,2,4,2,1,0,1.4645,2.3242
23,4,3,2,26,4,1,1,0,0,1.6663,2.3802
23,4,3,2,27,4,1,4,1,0,2.1851,3.6197
23,4,3,2,28,3,2,3,1,0,2.14,3.0629
23,4,3,2,29,1,4,1,1,0,2.1194,3.3138
23,4,3,2,30,1,2,1,1,0,1.9279,3.1786
23,4,3,2,31,1,2,1,1,0,1.4696,3.0473
23,4,3,2,32,2,4,2,1,0,3.7689,5.1084
23,4,3,2,33,1,3,1,1,0,1.5355,2.786
23,4,3,2,34,2,4,2,1,0,3.2538,5.2979
23,4,3,2,35,3,1,3,1,0,7.3008,8.4004
23,5,1,2,1,2,3,2,1,0,1.8891,3.0293
23,5,1,2,2,3,1,3,1,0,2.2855,3.1757
23,5,1,2,3,3,2,3,1,0,1.6367,2.4864
23,5,1,2,4,4,1,4,1,0,2.6307,3.4106
23,5,1,2,5,3,2,3,1,0,2.4043,3.4796
23,5,1,2,6,3,4,3,1,0,1.3576,2.4877
23,5,1,2,7,4,3,4,1,0,1.776,4.1631
23,5,1,2,8,2,1,2,1,0,1.9172,3.6961
23,5,1,2,9,3,4,3,1,0,1.4386,3.0977
23,5,1,2,10,1,2,3,0,0,2.0239,5.8908
23,5,1,2,11,2,1,2,1,0,1.0862,2.7052
23,5,1,2,12,3,4,3,1,0,9.1441,10.0751
23,5,1,2,13,3,1,3,1,0,1.5543,2.9746
23,5,1,2,14,3,2,3,1,0,3.2011,5.2204
23,5,1,2,15,2,4,2,1,0,1.7301,2.8448
23,5,1,2,16,1,4,1,1,0,1.3168,2.9845
23,5,1,2,17,3,4,3,1,0,2.8992,5.8315
23,5,1,2,18,2,3,2,1,0,2.2204,11.0789
23,5,1,2,19,3,2,3,1,0,1.8386,2.8018
23,5,1,2,20,1,3,1,1,0,1.6839,2.6867
23,5,1,2,21,3,1,3,1,0,3.5341,4.5769
23,5,1,2,22,1,4,1,1,0,3.6751,5.6773
23,5,1,2,23,4,2,4,1,0,3.3061,4.5966
23,5,1,2,24,4,2,2,0,0,1.8946,3.5215
23,5,1,2,25,1,4,1,1,0,1.3747,2.1134
23,5,1,2,26,4,2,2,0,0,2.4644,4.6907
23,5,1,2,27,4,1,1,0,0,1.9928,4.7875
23,5,1,2,28,1,2,2,0,0,2.3962,3.303
23,5,1,2,29,4,1,1,0,0,3.7101,4.2318
23,5,1,2,30,3,4,3,1,0,1.4808,3.2603
23,5,1,2,31,1,2,1,1,0,1.5477,2.6786
23,5,1,2,32,1,3,1,1,0,2.2144,5.169
23,5,1,2,33,3,1,3,1,0,1.5461,2.9104
23,5,1,2,34,4,3,4,1,0,1.3555,3.462
23,5,1,2,35,3,1,3,1,0,2.0064,3.6101
23,5,2,3,1,1,3,1,1,0,2.2407,4.2428
23,5,2,3,2,1,3,1,1,0,1.6592,2.9734
23,5,2,3,3,1,3,1,1,0,2.1056,2.9495
23,5,2,3,4,3,1,3,1,0,3.0178,4.7241
23,5,2,3,5,3,1,3,1,0,1.8881,4.7706
23,5,2,3,6,1,3,3,0,0,2.7895,4.5207
23,5,2,3,7,1,3,1,1,0,2.9481,4.0547
23,5,2,3,8,3,1,3,1,0,2.1186,4.769
23,5,2,3,9,1,3,3,0,0,4.0757,4.847
23,5,2,3,10,3,1,4,0,0,1.1166,3.112
23,5,2,3,11,3,1,3,1,0,1.3975,2.9131
23,5,2,3,12,1,3,1,1,0,1.3186,3.0643
23,5,2,3,13,3,1,3,1,0,1.7293,3.0364
23,5,2,3,14,1,3,1,1,0,1.6132,2.9202
23,5,2,3,15,1,3,1,1,0,1.134,2.5439
23,5,2,3,16,3,1,3,1,0,2.7981,3.681
23,5,2,3,17,1,3,3,0,0,1.3747,2.2652
23,5,2,3,18,3,1,3,1,0,0.9711,3.6788
23,5,2,3,19,1,3,3,0,0,1.3877,2.2949
23,5,2,3,20,1,3,1,1,0,3.6547,5.3131
23,5,2,3,21,3,1,3,1,0,3.9086,4.6566
23,5,2,3,22,3,1,3,1,0,1.4221,3.025
23,5,2,3,23,3,1,3,1,0,1.1312,2.2051
23,5,2,3,24,3,1,3,1,0,0.8576,2.2192
23,5,2,3,25,3,1,3,1,0,1.6538,3.409
23,5,2,3,26,3,1,3,1,0,1.0274,1.9185
23,5,2,3,27,3,1,3,1,0,0.8609,1.7435
23,5,2,3,28,1,3,1,1,0,1.5021,2.89
23,5,2,3,29,1,3,1,1,0,1.68,2.7558
23,5,2,3,30,3,1,3,1,0,2.2958,3.3475
23,5,2,3,31,3,1,3,1,0,0.8389,2.2329
23,5,2,3,32,1,3,3,0,0,1.7799,3.0781
23,5,2,3,33,1,3,1,1,0,1.4703,2.8176
23,5,2,3,34,1,3,1,1,0,1.4753,2.7821
23,5,2,3,35,3,1,3,1,0,1.6256,4.9561
23,5,3,1,1,1,,1,1,0,1.6762,3.8392
23,5,3,1,2,4,,3,0,0,3.3351,5.7384
23,5,3,1,3,4,,2,0,0,1.9563,3.0953
23,5,3,1,4,3,,3,1,0,1.9018,2.8006
23,5,3,1,5,1,,2,0,0,1.5872,2.4712
23,5,3,1,6,1,,1,1,0,2.6942,3.8171
23,5,3,1,7,4,,2,0,0,1.698,3.6847
23,5,3,1,8,4,,2,0,0,2.0519,3.1429
23,5,3,1,9,3,,2,0,0,2.2678,3.3897
23,5,3,1,10,4,,3,0,0,1.8972,5.94
23,5,3,1,11,1,,1,1,0,3.9985,4.7702
23,5,3,1,12,1,,1,1,0,1.9234,3.1989
23,5,3,1,13,1,,1,1,0,1.0482,1.9947
23,5,3,1,14,3,,3,1,0,1.2632,2.2333
23,5,3,1,15,4,,1,0,0,8.6033,9.7673
23,5,3,1,16,2,,3,0,0,1.9067,3.31
23,5,3,1,17,2,,2,1,0,1.5388,4.7093
23,5,3,1,18,4,,2,0,0,3.0492,4.0529
23,5,3,1,19,1,,2,0,0,1.4357,2.6061
23,5,3,1,20,1,,2,0,0,2.9216,3.8523
23,5,3,1,21,3,,3,1,0,2.0523,2.967
23,5,3,1,22,3,,3,1,0,2.0989,2.6933
23,5,3,1,23,3,,3,1,0,1.1174,3.8091
23,5,3,1,24,2,,3,0,0,1.5624,2.5328
23,5,3,1,25,1,,3,0,0,1.3225,1.9824
23,5,3,1,26,1,,1,1,0,1.8259,2.3244
23,5,3,1,27,3,,3,1,0,1.7073,2.6553
23,5,3,1,28,2,,3,0,0,3.0793,3.8355
23,5,3,1,29,2,,3,0,0,4.2587,8.7654
23,5,3,1,30,1,,1,1,0,1.3958,2.7418
23,5,3,1,31,4,,3,0,0,1.7881,3.111
23,5,3,1,32,3,,3,1,0,2.1017,4.1834
23,5,3,1,33,2,,2,1,0,1.7944,2.709
23,5,3,1,34,4,,1,0,0,6.9717,8.5521
23,5,3,1,35,4,,3,0,0,2.6605,4.1364
23,6,1,2,1,4,2,2,0,0,2.617,4.4842
23,6,1,2,2,3,2,3,1,0,2.1053,3.8458
23,6,1,2,3,1,4,1,1,0,2.8844,3.3743
23,6,1,2,4,1,4,1,1,0,2.0508,3.1812
23,6,1,2,5,4,3,3,0,0,5.2566,7.668
23,6,1,2,6,4,3,3,0,0,3.4782,4.5209
23,6,1,2,7,2,1,2,1,0,1.6209,3.8156
23,6,1,2,8,3,1,3,1,0,2.1448,3.3569
23,6,1,2,9,2,4,2,1,0,2.0966,3.9956
23,6,1,2,10,4,2,4,1,0,1.2522,2.8318
23,6,1,2,11,4,1,3,0,0,2.1371,3.4044
23,6,1,2,12,3,4,3,1,0,1.5098,2.5288
23,6,1,2,13,2,4,2,1,0,1.3506,2.4333
23,6,1,2,14,1,3,1,1,0,2.0911,3.3102
23,6,1,2,15,4,1,1,0,0,2.8285,4.52
23,6,1,2,16,2,3,2,1,0,1.7072,2.6228
23,6,1,2,17,3,2,3,1,0,2.0404,2.9953
23,6,1,2,18,1,2,2,0,0,3.1098,4.4485
23,6,1,2,19,1,2,2,0,0,1.6714,2.5783
23,6,1,2,20,1,4,1,1,0,1.7822,3.3048
23,6,1,2,21,3,1,3,1,0,1.7678,3.1632
23,6,1,2,22,4,1,4,1,0,2.3983,3.1454
23,6,1,2,23,3,1,3,1,0,2.1012,3.5677
23,6,1,2,24,2,3,2,1,0,1.5799,3.0076
23,6,1,2,25,1,2,1,1,0,1.609,3.2358
23,6,1,2,26,4,1,4,1,0,3.4203,4.5526
23,6,1,2,27,1,4,1,1,0,2.1223,3.0056
23,6,1,2,28,4,1,1,0,0,1.8319,2.723
23,6,1,2,29,2,4,2,1,0,1.8574,3.1154
23,6,1,2,30,4,2,2,0,0,2.4736,3.0453
23,6,1,2,31,2,1,2,1,0,1.5091,2.1522
23,6,1,2,32,1,4,4,0,0,4.6617,5.4722
23,6,1,2,33,4,2,2,0,0,2.0132,2.6077
23,6,1,2,34,1,2,2,0,0,4.0754,5.7181
23,6,1,2,35,1,2,1,1,0,3.4648,4.0354
23,6,2,1,1,4,,3,0,0,2.4869,3.77
23,6,2,1,2,4,,2,0,0,2.5009,3.7853
23,6,2,1,3,3,,3,1,0,2.562,3.7898
23,6,2,1,4,4,,3,0,0,1.6953,2.8269
23,6,2,1,5,2,,2,1,0,1.1404,2.0394
23,6,2,1,6,4,,3,0,0,2.9053,3.6442
23,6,2,1,7,1,,3,0,0,2.9093,4.2153
23,6,2,1,8,4,,3,0,0,2.0725,2.8273
23,6,2,1,9,4,,2,0,0,2.1255,2.6096
23,6,2,1,10,4,,3,0,0,2.4597,3.2782
23,6,2,1,11,4,,3,0,0,2.2051,2.7515
23,6,2,1,12,3,,3,1,0,2.0693,4.0003
23,6,2,1,13,1,,1,1,0,2.2496,3.4119
23,6,2,1,14,4,,3,0,0,1.4459,2.2977
23,6,2,1,15,1,,1,1,0,1.536,2.3952
23,6,2,1,16,4,,2,0,0,1.8776,2.6338
23,6,2,1,17,2,,1,0,0,3.0588,5.2938
23,6,2,1,18,4,,3,0,0,2.6419,3.8449
23,6,2,1,19,3,,3,1,0,1.7891,2.473
23,6,2,1,20,4,,3,0,0,3.0568,4.4676
23,6,2,1,21,1,,2,0,0,2.9782,5.2374
23,6,2,1,22,3,,3,1,0,3.1229,5.2389
23,6,2,1,23,3,,3,1,0,2.7408,3.5994
23,6,2,1,24,3,,3,1,0,1.6736,3.261
23,6,2,1,25,4,,3,0,0,1.3245,2.5354
23,6,2,1,26,1,,3,0,0,2.0134,3.2573
23,6,2,1,27,3,,3,1,0,0.9448,1.8041
23,6,2,1,28,2,,2,1,0,2.0151,3.0355
23,6,2,1,29,1,,1,1,0,2.7152,3.9515
23,6,2,1,30,1,,1,1,0,1.2977,1.9575
23,6,2,1,31,4,,2,0,0,2.3147,3.4209
23,6,2,1,32,3,,3,1,0,2.087,2.8815
23,6,2,1,33,4,,1,0,0,1.6413,2.1
23,6,2,1,34,2,,2,1,0,1.4353,2.1419
23,6,2,1,35,4,,4,1,0,1.5647,2.2804
23,6,3,3,1,3,2,3,1,0,2.2865,3.53
23,6,3,3,2,3,2,3,1,0,1.9895,3.0887
23,6,3,3,3,3,2,3,1,0,1.376,2.3869
23,6,3,3,4,3,2,3,1,0,1.7183,2.5606
23,6,3,3,5,3,2,3,1,0,1.4618,3.0724
23,6,3,3,6,2,3,2,1,0,1.0086,2.1711
23,6,3,3,7,2,3,2,1,0,0.8805,1.4827
23,6,3,3,8,2,3,2,1,0,1.1961,1.7188
23,6,3,3,9,3,2,2,0,0,4.1899,6.1613
23,6,3,3,10,3,2,3,1,0,1.6582,3.021
23,6,3,3,11,3,2,3,1,0,1.4312,2.0904
23,6,3,3,12,3,2,3,1,0,1.7057,3.6376
23,6,3,3,13,3,2,3,1,0,2.1417,3.4808
23,6,3,3,14,3,2,3,1,0,2.3905,3.3305
23,6,3,3,15,3,2,3,1,0,1.1907,2.1466
23,6,3,3,16,3,2,3,1,0,2.8073,5.034
23,6,3,3,17,2,3,2,1,0,1.777,3.8848
23,6,3,3,18,2,3,2,1,0,1.5457,2.35
23,6,3,3,19,2,3,2,1,0,1.3141,2.0763
23,6,3,3,20,2,3,2,1,0,1.6856,2.5273
23,6,3,3,21,2,3,2,1,0,1.1103,1.5141
23,6,3,3,22,3,2,2,0,0,2.672,3.9064
23,6,3,3,23,3,2,2,0,0,2.2811,4.5168
23,6,3,3,24,2,3,2,1,0,1.2875,1.9462
23,6,3,3,25,3,2,3,1,0,1.9684,2.603
23,6,3,3,26,2,3,2,1,0,1.5823,1.9055
23,6,3,3,27,2,3,2,1,0,1.4493,1.869
23,6,3,3,28,3,2,3,1,0,0.9329,1.8884
23,6,3,3,29,2,3,2,1,0,0.9125,1.6045
23,6,3,3,30,3,2,3,1,0,1.2391,1.8593
23,6,3,3,31,3,2,3,1,0,1.5403,2.0792
23,6,3,3,32,2,3,3,0,0,1.3992,1.7151
23,6,3,3,33,2,3,3,0,0,1.2098,3.2769
23,6,3,3,34,2,3,2,1,0,1.1954,1.5993
23,6,3,3,35,2,3,2,1,0,1.3146,2.7101
24,1,1,3,1,4,3,4,1,0,1.1473,2.2311
24,1,1,3,2,4,3,4,1,0,1.0964,2.2741
24,1,1,3,3,3,4,3,1,0,1.8762,3.3028
24,1,1,3,4,4,3,4,1,0,1.3169,2.143
24,1,1,3,5,3,4,3,1,0,1.4141,2.2901
24,1,1,3,6,3,4,3,1,0,1.4559,2.1542
24,1,1,3,7,3,4,3,1,0,1.3445,2.2843
24,1,1,3,8,3,4,3,1,0,1.0678,1.839
24,1,1,3,9,4,3,4,1,1,1.2085,2.7727
24,1,1,3,10,4,3,4,1,0,2.2562,3.8907
24,1,1,3,11,3,4,3,1,0,1.2413,2.9081
24,1,1,3,12,3,4,3,1,0,1.6103,2.6215
24,1,1,3,13,4,3,3,0,0,1.736,2.2914
24,1,1,3,14,4,3,4,1,0,2.1942,3.2617
24,1,1,3,15,3,4,3,1,0,1.1422,1.8169
24,1,1,3,16,4,3,4,1,0,1.1879,1.8459
24,1,1,3,17,3,4,3,1,0,0.9445,1.7085
24,1,1,3,18,3,4,3,1,0,1.0433,2.4152
24,1,1,3,19,4,3,3,0,0,1.7053,3.2523
24,1,1,3,20,4,3,4,1,0,1.0836,1.6793
24,1,1,3,21,4,3,4,1,0,1.1675,1.8752
24,1,1,3,22,4,3,4,1,0,3.1636,3.854
24,1,1,3,23,3,4,3,1,0,1.061,1.6802
24,1,1,3,24,3,4,3,1,0,1.049,1.8193
24,1,1,3,25,4,3,3,0,0,1.9907,3.0188
24,1,1,3,26,4,3,4,1,0,1.1068,1.7099
24,1,1,3,27,3,4,3,1,1,1.8453,3.1519
24,1,1,3,28,4,3,4,1,0,1.4207,2.3446
24,1,1,3,29,4,3,3,0,0,2.1322,2.9102
24,1,1,3,30,3,4,3,1,0,1.0775,1.8328
24,1,1,3,31,4,3,3,0,0,1.4907,2.1657
24,1,1,3,32,3,4,3,1,0,0.9943,1.885
24,1,1,3,33,4,3,4,1,0,1.2934,2.5052
24,1,1,3,34,3,4,3,1,0,0.9429,1.442
24,1,1,3,35,4,3,4,1,0,1.4519,2.2948
24,1,2,2,1,1,4,1,1,0,2.6532,3.9927
24,1,2,2,2,1,4,1,1,0,1.2336,1.797
24,1,2,2,3,4,1,4,1,0,1.1687,2.075
24,1,2,2,4,4,1,4,1,0,1.5566,2.4072
24,1,2,2,5,3,2,3,1,0,1.6587,2.4385
24,1,2,2,6,3,4,3,1,0,0.9754,2.1135
24,1,2,2,7,2,4,2,1,0,1.2967,2.1476
24,1,2,2,8,4,1,4,1,0,2.5612,3.7078
24,1,2,2,9,4,1,4,1,0,2.8664,3.6528
24,1,2,2,10,3,4,3,1,0,1.2208,2.7442
24,1,2,2,11,4,1,4,1,0,3.5807,4.8001
24,1,2,2,12,2,4,2,1,0,1.4076,2.5943
24,1,2,2,13,4,3,4,1,0,1.2457,2.0489
24,1,2,2,14,2,4,2,1,0,1.2665,1.9326
24,1,2,2,15,2,1,2,1,0,1.4674,2.6788
24,1,2,2,16,1,3,1,1,0,1.4463,2.4008
24,1,2,2,17,3,1,3,1,0,1.468,2.5508
24,1,2,2,18,4,1,4,1,0,3.0516,4.1756
24,1,2,2,19,3,1,3,1,0,1.5293,2.4046
24,1,2,2,20,1,4,1,1,1,1.5196,2.4581
24,1,2,2,21,2,3,2,1,0,1.1555,1.7258
24,1,2,2,22,1,4,4,0,0,1.7173,2.6484
24,1,2,2,23,4,3,4,1,0,1.2166,2.1162
24,1,2,2,24,3,4,2,0,0,1.2669,2.1186
24,1,2,2,25,3,4,3,1,0,1.3002,2.1755
24,1,2,2,26,1,2,1,1,1,1.2686,2.1919
24,1,2,2,27,2,3,2,1,0,2.3231,3.967
24,1,2,2,28,4,3,4,1,0,1.3526,1.885
24,1,2,2,29,1,2,2,0,0,1.6202,2.3503
24,1,2,2,30,2,1,2,1,0,1.1645,1.6163
24,1,2,2,31,3,4,3,1,0,1.1227,2.2287
24,1,2,2,32,3,1,3,1,0,1.0073,2.0819
24,1,2,2,33,1,3,3,0,0,1.7468,3.0221
24,1,2,2,34,3,1,3,1,0,3.5359,4.53
24,1,2,2,35,2,4,2,1,0,1.4535,2.4175
24,1,3,1,1,4,,2,0,0,2.3607,17.7007
24,1,3,1,2,2,,2,1,0,3.2108,4.1655
24,1,3,1,3,3,,2,0,0,2.1198,3.3637
24,1,3,1,4,4,,2,0,0,1.1106,2.6018
24,1,3,1,5,4,,4,1,0,1.7323,3.3521
24,1,3,1,6,4,,4,1,0,1.4277,2.4624
24,1,3,1,7,4,,4,1,0,1.0306,2.1224
24,1,3,1,8,2,,2,1,0,1.6883,2.4524
24,1,3,1,9,1,,1,1,0,1.2768,1.7991
24,1,3,1,10,3,,2,0,0,1.1631,1.5574
24,1,3,1,11,1,,2,0,0,0.9484,2.3027
24,1,3,1,12,1,,1,1,0,1.1188,2.1784
24,1,3,1,13,3,,3,1,0,1.6136,2.5449
24,1,3,1,14,3,,3,1,0,1.2135,1.9766
24,1,3,1,15,1,,2,0,0,2.741,4.1673
24,1,3,1,16,2,,2,1,0,1.2978,3.4213
24,1,3,1,17,4,,1,0,0,1.5185,2.2979
24,1,3,1,18,2,,2,1,0,1.2249,1.892
24,1,3,1,19,2,,3,0,0,2.0043,3.871
24,1,3,1,20,4,,3,0,0,1.4221,2.2419
24,1,3,1,21,3,,3,1,0,1.0348,2.1265
24,1,3,1,22,4,,2,0,0,1.5162,2.3988
24,1,3,1,23,1,,1,1,0,1.0587,2.3985
24,1,3,1,24,3,,3,1,0,1.1928,2.5167
24,1,3,1,25,3,,3,1,0,1.6261,2.8052
24,1,3,1,26,1,,1,1,0,1.1034,2.5951
24,1,3,1,27,2,,2,1,0,1.1015,1.9759
24,1,3,1,28,3,,2,0,0,1.6368,2.2708
24,1,3,1,29,2,,2,1,0,0.8486,1.2445
24,1,3,1,30,3,,2,0,0,1.4936,2.4171
24,1,3,1,31,3,,2,0,0,1.5631,2.2068
24,1,3,1,32,1,,2,0,0,1.3536,2.9636
24,1,3,1,33,4,,4,1,0,1.7681,2.8037
24,1,3,1,34,3,,3,1,0,1.1976,1.7377
24,1,3,1,35,3,,3,1,0,0.9271,1.4019
24,2,1,1,1,1,,1,1,0,1.1656,2.7762
24,2,1,1,2,1,,2,0,0,1.1889,1.7037
24,2,1,1,3,3,,3,1,0,1.208,1.6426
24,2,1,1,4,3,,3,1,1,0.8938,1.9118
24,2,1,1,5,3,,3,1,0,1.0154,2.378
24,2,1,1,6,1,,3,0,0,1.4385,2.2005
24,2,1,1,7,1,,3,0,0,1.8049,2.6477
24,2,1,1,8,4,,2,0,0,1.2399,2.283
24,2,1,1,9,1,,2,0,0,2.4509,3.2857
24,2,1,1,10,3,,3,1,0,1.157,1.9687
24,2,1,1,11,2,,2,1,0,1.2284,2.8887
24,2,1,1,12,4,,1,0,0,3.6633,4.7065
24,2,1,1,13,1,,2,0,0,1.3509,1.9697
24,2,1,1,14,2,,2,1,1,0.8625,1.897
24,2,1,1,15,1,,1,1,0,1.4336,2.2273
24,2,1,1,16,4,,2,0,0,1.0943,2.2002
24,2,1,1,17,1,,1,1,0,1.4767,3.0954
24,2,1,1,18,1,,2,0,0,0.9903,1.8887
24,2,1,1,19,3,,3,1,0,1.0489,2.077
24,2,1,1,20,2,,2,1,0,1.212,1.8867
24,2,1,1,21,1,,1,1,0,1.0959,2.4746
24,2,1,1,22,2,,2,1,0,1.2587,2.1186
24,2,1,1,23,2,,2,1,0,1.1492,2.2312
24,2,1,1,24,1,,1,1,0,0.8579,1.6766
24,2,1,1,25,1,,1,1,0,0.8934,1.8083
24,2,1,1,26,2,,2,1,0,1.2599,2.3265
24,2,1,1,27,3,,2,0,0,1.4609,2.1286
24,2,1,1,28,2,,2,1,0,1.0298,2.3287
24,2,1,1,29,3,,4,0,0,2.1749,3.458
24,2,1,1,30,2,,2,1,0,1.0819,1.5806
24,2,1,1,31,4,,2,0,0,0.8658,1.7636
24,2,1,1,32,1,,2,0,0,0.9458,1.8215
24,2,1,1,33,3,,4,0,1,1.3598,2.9456
24,2,1,1,34,4,,3,0,0,1.4715,2.2342
24,2,1,1,35,4,,1,0,0,1.356,2.8546
24,2,2,2,1,2,3,2,1,0,2.4195,3.3905
24,2,2,2,2,2,3,2,1,0,0.9452,1.7234
24,2,2,2,3,3,1,4,0,0,1.4916,2.7984
24,2,2,2,4,2,1,2,1,0,1.0161,1.9066
24,2,2,2,5,3,2,2,0,0,1.4753,2.3652
24,2,2,2,6,2,4,2,1,0,1.3227,3.805
24,2,2,2,7,2,3,2,1,0,2.1193,3.3216
24,2,2,2,8,1,2,1,1,0,0.936,2.6818
24,2,2,2,9,2,1,2,1,0,1.4903,2.6604
24,2,2,2,10,2,1,2,1,0,1.246,3.8655
24,2,2,2,11,1,2,1,1,0,1.063,1.9617
24,2,2,2,12,2,1,2,1,0,1.1989,1.753
24,2,2,2,13,2,3,2,1,0,1.8557,4.6753
24,2,2,2,14,1,3,1,1,0,0.8887,1.5714
24,2,2,2,15,2,1,2,1,0,1.2011,2.1962
24,2,2,2,16,2,3,2,1,0,1.0077,1.4742
24,2,2,2,17,1,2,1,1,0,0.9399,1.6152
24,2,2,2,18,1,4,1,1,0,0.8983,1.717
24,2,2,2,19,3,4,3,1,0,1.1245,2.2075
24,2,2,2,20,3,2,3,1,0,1.0587,1.7252
24,2,2,2,21,3,1,3,1,0,1.1894,2.1192
24,2,2,2,22,2,4,2,1,0,1.1748,1.9937
24,2,2,2,23,4,3,4,1,0,1.1972,1.833
24,2,2,2,24,4,3,4,1,0,1.3865,1.8452
24,2,2,2,25,2,1,2,1,0,1.1913,2.4019
24,2,2,2,26,4,1,4,1,0,1.5017,2.2092
24,2,2,2,27,2,1,2,1,1,1.1317,2.0779
24,2,2,2,28,1,2,2,0,0,1.215,1.8733
24,2,2,2,29,1,3,1,1,0,3.467,4.805
24,2,2,2,30,2,1,2,1,0,0.9904,1.7287
24,2,2,2,31,3,2,3,1,0,1.3754,2.3627
24,2,2,2,32,3,4,3,1,0,1.1107,1.8666
24,2,2,2,33,4,1,4,1,0,2.0181,2.813
24,2,2,2,34,1,4,4,0,0,3.1914,4.2116
24,2,2,2,35,3,2,2,0,0,1.9561,2.4621
24,2,3,3,1,1,2,2,0,0,3.1533,8.3554
24,2,3,3,2,2,1,2,1,0,1.1865,1.8452
24,2,3,3,3,1,2,1,1,0,1.3918,2.5063
24,2,3,3,4,1,2,2,0,0,1.2659,2.9966
24,2,3,3,5,2,1,2,1,0,0.9429,2.065
24,2,3,3,6,2,1,2,1,0,1.0275,1.7975
24,2,3,3,7,1,2,1,1,0,1.4414,2.1721
24,2,3,3,8,2,1,2,1,0,1.2334,1.9473
24,2,3,3,9,1,2,2,0,0,1.098,2.0613
24,2,3,3,10,2,1,2,1,0,1.0856,2.1441
24,2,3,3,11,1,2,1,1,0,1.7741,2.4007
24,2,3,3,12,2,1,2,1,0,1.0125,2.5111
24,2,3,3,13,2,1,2,1,0,1.1734,3.0176
24,2,3,3,14,1,2,2,0,0,1.1859,1.8615
24,2,3,3,15,2,1,2,1,0,0.846,1.7293
24,2,3,3,16,1,2,2,0,0,1.0237,2.4099
24,2,3,3,17,2,1,2,1,0,1.2212,1.7434
24,2,3,3,18,1,2,1,1,0,1.0621,1.9137
24,2,3,3,19,1,2,2,0,0,1.4242,1.9955
24,2,3,3,20,2,1,2,1,0,1.0948,1.6186
24,2,3,3,21,1,2,1,1,0,1.213,1.6878
24,2,3,3,22,1,2,2,0,0,1.0408,1.9229
24,2,3,3,23,2,1,2,1,0,0.8905,1.8291
24,2,3,3,24,2,1,2,1,0,0.9037,1.515
24,2,3,3,25,1,2,1,1,0,1.0421,1.4537
24,2,3,3,26,2,1,2,1,0,1.0557,1.7297
24,2,3,3,27,2,1,1,0,0,4.5765,8.5072
24,2,3,3,28,1,2,1,1,0,0.9559,2.1192
24,2,3,3,29,2,1,3,0,0,1.4218,4.6501
24,2,3,3,30,1,2,3,0,0,2.0234,4.6116
24,2,3,3,31,2,1,2,1,0,1.6034,2.7986
24,2,3,3,32,1,2,1,1,0,1.0009,2.5245
24,2,3,3,33,2,1,1,0,0,2.6343,4.1178
24,2,3,3,34,2,1,2,1,0,1.2742,2.3799
24,2,3,3,35,1,2,1,1,1,1.2009,2.3238
24,3,1,2,1,2,4,2,1,0,0.9707,2.1807
24,3,1,2,2,3,2,3,1,0,1.4964,2.1473
24,3,1,2,3,2,3,2,1,1,0.9372,1.9248
24,3,1,2,4,2,4,2,1,0,0.9473,1.7024
24,3,1,2,5,1,4,1,1,0,1.2214,1.7914
24,3,1,2,6,2,4,2,1,0,1.141,1.5433
24,3,1,2,7,1,3,3,0,0,3.3097,4.2332
24,3,1,2,8,3,1,3,1,0,1.513,2.4432
24,3,1,2,9,1,2,1,1,0,1.0213,2.9035
24,3,1,2,10,3,2,2,0,0,1.0068,1.602
24,3,1,2,11,3,4,3,1,0,1.0288,2.832
24,3,1,2,12,4,1,4,1,0,1.241,1.8207
24,3,1,2,13,3,4,3,1,0,1.4315,2.0821
24,3,1,2,14,3,2,3,1,0,1.8828,3.2135
24,3,1,2,15,4,3,3,0,0,1.0233,1.6269
24,3,1,2,16,2,4,2,1,0,1.157,1.8802
24,3,1,2,17,1,4,1,1,0,1.2484,2.0741
24,3,1,2,18,3,4,4,0,0,3.124,4.1346
24,3,1,2,19,3,4,3,1,0,1.4264,2.3022
24,3,1,2,20,1,4,1,1,0,1.6935,2.8567
24,3,1,2,21,4,1,4,1,0,8.3208,9.7087
24,3,1,2,22,4,3,4,1,0,1.9468,2.8848
24,3,1,2,23,4,2,2,0,0,4.0451,4.6648
24,3,1,2,24,1,2,1,1,0,1.078,1.9219
24,3,1,2,25,1,4,1,1,0,1.0242,1.6275
24,3,1,2,26,2,4,2,1,0,1.0293,1.5927
24,3,1,2,27,2,4,2,1,0,0.924,1.3605
24,3,1,2,28,3,2,2,0,0,1.5011,2.5681
24,3,1,2,29,1,4,4,0,0,1.2919,1.9352
24,3,1,2,30,2,3,2,1,0,1.2527,1.9126
24,3,1,2,31,2,3,2,1,0,1.4069,2.1305
24,3,1,2,32,1,2,1,1,0,1.0563,1.7956
24,3,1,2,33,3,4,3,1,0,3.567,4.6652
24,3,1,2,34,3,2,2,0,0,1.2235,1.9381
24,3,1,2,35,3,4,3,1,0,5.3132,6.132
24,3,2,1,1,3,,2,0,0,1.0762,2.2963
24,3,2,1,2,3,,3,1,0,1.5347,2.1369
24,3,2,1,3,1,,1,1,1,1.023,2.3617
24,3,2,1,4,1,,2,0,0,0.9185,2.5221
24,3,2,1,5,4,,2,0,0,1.4647,2.4036
24,3,2,1,6,1,,2,0,0,5.038,5.8327
24,3,2,1,7,1,,1,1,0,1.0951,1.7935
24,3,2,1,8,4,,2,0,0,0.9504,1.5376
24,3,2,1,9,4,,1,0,0,1.0719,1.8112
24,3,2,1,10,1,,2,0,0,1.4059,1.8401
24,3,2,1,11,3,,2,0,0,0.827,1.7905
24,3,2,1,12,4,,1,0,0,1.1789,1.797
24,3,2,1,13,4,,3,0,0,1.3056,2.0214
24,3,2,1,14,4,,3,0,0,1.0075,1.6432
24,3,2,1,15,2,,2,1,0,1.4281,1.9504
24,3,2,1,16,2,,2,1,0,3.7569,4.3032
24,3,2,1,17,3,,3,1,0,1.0933,1.6725
24,3,2,1,18,3,,3,1,0,0.8894,1.4916
24,3,2,1,19,3,,3,1,0,2.9331,3.5277
24,3,2,1,20,4,,2,0,0,4.1086,4.6877
24,3,2,1,21,1,,1,1,0,1.2045,1.7202
24,3,2,1,22,3,,3,1,0,1.4308,1.9539
24,3,2,1,23,2,,2,1,0,0.9593,1.3858
24,3,2,1,24,3,,3,1,0,1.9995,6.5634
24,3,2,1,25,1,,2,0,0,1.1792,1.4855
24,3,2,1,26,1,,1,1,0,1.1107,2.1543
24,3,2,1,27,1,,2,0,0,0.8873,3.1711
24,3,2,1,28,3,,1,0,0,2.3176,3.2562
24,3,2,1,29,3,,3,1,0,1.1208,1.8525
24,3,2,1,30,2,,2,1,0,1.7095,2.3526
24,3,2,1,31,1,,3,0,0,2.0853,2.5603
24,3,2,1,32,3,,1,0,0,1.1565,1.6566
24,3,2,1,33,4,,2,0,0,3.5622,4.2447
24,3,2,1,34,3,,3,1,0,1.6527,2.5277
24,3,2,1,35,2,,2,1,0,1.1409,1.5932
24,3,3,3,1,2,3,2,1,1,1.9526,3.4921
24,3,3,3,2,3,2,3,1,0,1.9459,2.5477
24,3,3,3,3,3,2,3,1,0,1.0021,1.6762
24,3,3,3,4,3,2,3,1,0,0.8609,1.7528
24,3,3,3,5,3,2,3,1,0,0.6866,1.0164
24,3,3,3,6,2,3,2,1,0,1.0375,1.6167
24,3,3,3,7,2,3,2,1,0,2.691,3.7271
24,3,3,3,8,2,3,2,1,0,0.9791,1.5427
24,3,3,3,9,3,2,3,1,0,1.164,2.0484
24,3,3,3,10,3,2,2,0,0,4.0808,4.6122
24,3,3,3,11,2,3,2,1,0,0.7958,1.0388
24,3,3,3,12,2,3,3,0,0,2.9861,3.3582
24,3,3,3,13,2,3,2,1,0,0.9054,1.1723
24,3,3,3,14,3,2,3,1,0,0.818,1.4855
24,3,3,3,15,2,3,2,1,0,0.8301,0.9937
24,3,3,3,16,2,3,2,1,0,1.1173,1.3924
24,3,3,3,17,3,2,3,1,0,0.7816,1.5441
24,3,3,3,18,3,2,2,0,0,1.4782,1.8262
24,3,3,3,19,3,2,3,1,0,0.8829,1.2776
24,3,3,3,20,3,2,2,0,0,1.7344,3.2982
24,3,3,3,21,3,2,3,1,0,1.2236,1.6196
24,3,3,3,22,3,2,2,0,0,3.4057,4.0416
24,3,3,3,23,3,2,3,1,0,1.3443,1.9248
24,3,3,3,24,2,3,2,1,0,2.1701,2.6443
24,3,3,3,25,2,3,2,1,0,0.7901,0.9458
24,3,3,3,26,2,3,2,1,0,0.8081,1.9706
24,3,3,3,27,3,2,2,0,0,1.8226,2.322
24,3,3,3,28,3,2,3,1,0,0.84,1.8439
24,3,3,3,29,3,2,2,0,0,1.0926,1.7026
24,3,3,3,30,2,3,2,1,0,0.8075,1.2657
24,3,3,3,31,2,3,2,1,0,0.8603,1.391
24,3,3,3,32,3,2,3,1,0,1.1482,1.9027
24,3,3,3,33,2,3,2,1,0,0.854,1.337
24,3,3,3,34,3,2,3,1,0,1.1446,1.5628
24,3,3,3,35,3,2,3,1,0,0.9451,1.3712
24,4,1,2,1,3,2,3,1,0,0.9061,1.2359
24,4,1,2,2,4,2,3,0,0,0.9121,1.1383
24,4,1,2,3,3,2,3,1,0,1.0503,1.1895
24,4,1,2,4,4,3,4,1,0,1.8425,2.2135
24,4,1,2,5,1,2,3,0,0,1.056,2.4117
24,4,1,2,6,3,1,3,1,0,0.9654,1.2574
24,4,1,2,7,1,2,1,1,0,1.0669,1.4926
24,4,1,2,8,1,3,3,0,0,2.2936,2.705
24,4,1,2,9,4,1,1,0,0,0.9595,1.3551
24,4,1,2,10,3,2,3,1,0,0.9932,1.3557
24,4,1,2,11,3,4,3,1,0,0.9305,1.5016
24,4,1,2,12,1,4,1,1,0,5.9654,7.0718
24,4,1,2,13,1,3,1,1,0,0.8832,1.2152
24,4,1,2,14,4,2,2,0,0,1.3538,1.8922
24,4,1,2,15,2,1,2,1,0,5.7335,6.2009
24,4,1,2,16,1,4,1,1,0,0.8315,1.178
24,4,1,2,17,2,4,2,1,0,1.1596,1.6899
24,4,1,2,18,2,4,2,1,0,0.8428,1.0932
24,4,1,2,19,2,1,2,1,0,0.7905,1.0887
24,4,1,2,20,1,3,1,1,0,0.8991,1.2861
24,4,1,2,21,4,1,2,0,0,1.4305,1.8828
24,4,1,2,22,2,4,2,1,0,1.1705,1.5565
24,4,1,2,23,1,4,2,0,0,0.9709,1.5907
24,4,1,2,24,2,3,2,1,0,1.3632,1.9183
24,4,1,2,25,4,1,4,1,0,2.301,2.919
24,4,1,2,26,2,3,2,1,0,1.1498,1.5842
24,4,1,2,27,3,4,3,1,0,2.1009,2.4808
24,4,1,2,28,4,2,3,0,0,2.1523,2.5959
24,4,1,2,29,1,2,2,0,0,1.7019,2.2817
24,4,1,2,30,2,4,2,1,0,1.2488,1.5629
24,4,1,2,31,3,4,2,0,0,0.8735,1.3173
24,4,1,2,32,4,3,4,1,0,1.6593,2.7741
24,4,1,2,33,1,4,1,1,0,2.4186,2.9171
24,4,1,2,34,4,2,4,1,0,1.8122,2.3989
24,4,1,2,35,2,4,2,1,0,1.0501,1.4123
24,4,2,3,1,1,4,1,1,0,1.119,1.2342
24,4,2,3,2,4,1,4,1,0,1.0935,1.2569
24,4,2,3,3,1,4,1,1,0,0.6187,0.7984
24,4,2,3,4,4,1,4,1,0,0.5945,0.7024
24,4,2,3,5,1,4,1,1,0,0.7976,1.0172
24,4,2,3,6,1,4,4,0,0,2.237,2.768
24,4,2,3,7,1,4,4,0,0,1.588,1.7035
24,4,2,3,8,4,1,4,1,0,1.6226,1.7694
24,4,2,3,9,4,1,4,1,0,1.7663,2.2668
24,4,2,3,10,4,1,1,0,0,2.0184,2.1416
24,4,2,3,11,1,4,1,1,0,0.8033,0.9752
24,4,2,3,12,4,1,4,1,0,0.8364,1.3509
24,4,2,3,13,4,1,4,1,0,1.3494,1.7519
24,4,2,3,14,4,1,3,0,0,2.3574,2.8562
24,4,2,3,15,1,4,1,1,0,3.6096,3.9559
24,4,2,3,16,4,1,4,1,0,1.0717,1.4912
24,4,2,3,17,1,4,4,0,0,7.9792,8.2475
24,4,2,3,18,1,4,2,0,0,0.9133,1.7488
24,4,2,3,19,4,1,4,1,0,1.1224,1.5022
24,4,2,3,20,4,1,1,0,0,5.2939,5.5437
24,4,2,3,21,4,1,4,1,0,0.8347,1.2525
24,4,2,3,22,4,1,4,1,0,1.3042,2.3155
24,4,2,3,23,4,1,4,1,0,1.2653,1.8439
24,4,2,3,24,4,1,2,0,0,1.0378,1.9609
24,4,2,3,25,4,1,4,1,0,1.0943,4.2169
24,4,2,3,26,4,1,4,1,0,1.2811,1.6525
24,4,2,3,27,4,1,2,0,0,1.462,2.161
24,4,2,3,28,1,4,4,0,0,6.8054,8.0641
24,4,2,3,29,1,4,4,0,0,1.1547,1.7499
24,4,2,3,30,4,1,4,1,0,2.0993,2.5982
24,4,2,3,31,1,4,1,1,0,0.8494,1.3885
24,4,2,3,32,1,4,1,1,0,1.217,1.5403
24,4,2,3,33,4,1,4,1,0,0.8263,1.1653
24,4,2,3,34,1,4,1,1,0,0.884,1.2699
24,4,2,3,35,1,4,1,1,0,1.0961,1.2355
24,4,3,1,1,1,,1,1,0,1.6837,1.9038
24,4,3,1,2,4,,2,0,0,0.9586,1.3523
24,4,3,1,3,2,,2,1,0,1.0235,1.3698
24,4,3,1,4,3,,3,1,0,1.6957,1.9873
24,4,3,1,5,4,,4,1,0,0.9991,1.4106
24,4,3,1,6,4,,2,0,0,1.0783,1.2814
24,4,3,1,7,2,,2,1,0,0.7775,1.3495
24,4,3,1,8,1,,1,1,0,1.2911,1.7431
24,4,3,1,9,4,,3,0,0,1.7236,9.1437
24,4,3,1,10,1,,1,1,0,0.8769,1.1051
24,4,3,1,11,3,,3,1,0,1.2885,1.4914
24,4,3,1,12,4,,3,0,0,1.1087,1.7027
24,4,3,1,13,2,,2,1,0,1.1757,1.4338
24,4,3,1,14,2,,2,1,0,6.4057,6.9115
24,4,3,1,15,3,,3,1,0,1.1549,1.9167
24,4,3,1,16,3,,1,0,0,1.1005,1.4386
24,4,3,1,17,1,,2,0,0,5.3703,5.6367
24,4,3,1,18,1,,1,1,0,0.9399,1.0938
24,4,3,1,19,1,,1,1,0,1.2391,1.6109
24,4,3,1,20,2,,2,1,0,1.0533,1.4485
24,4,3,1,21,4,,2,0,0,1.1941,1.606
24,4,3,1,22,2,,2,1,0,0.8658,1.5494
24,4,3,1,23,1,,2,0,0,9.194,9.317
24,4,3,1,24,4,,2,0,0,1.0431,1.238
24,4,3,1,25,4,,4,1,1,1.0652,1.893
24,4,3,1,26,4,,2,0,0,0.9633,1.1997
24,4,3,1,27,3,,3,1,0,0.954,1.238
24,4,3,1,28,1,,2,0,0,5.2942,5.5777
24,4,3,1,29,1,,1,1,0,1.0747,1.7252
24,4,3,1,30,4,,2,0,0,1.0291,1.4004
24,4,3,1,31,2,,2,1,0,0.8202,1.2151
24,4,3,1,32,4,,4,1,0,1.0673,1.4867
24,4,3,1,33,4,,2,0,0,1.3669,1.5129
24,4,3,1,34,2,,2,1,0,1.1697,1.5394
24,4,3,1,35,3,,2,0,0,5.1473,5.3811
24,5,1,1,1,4,,1,0,0,1.0222,1.522
24,5,1,1,2,3,,2,0,0,1.0318,1.1858
24,5,1,1,3,4,,2,0,0,0.7355,1.0277
24,5,1,1,4,1,,2,0,0,0.7979,0.9049
24,5,1,1,5,4,,4,1,0,1.3615,1.5481
24,5,1,1,6,1,,1,1,0,0.907,1.0779
24,5,1,1,7,4,,4,1,0,1.0786,1.4028
24,5,1,1,8,4,,1,0,0,1.3978,1.6658
24,5,1,1,9,3,,2,0,0,1.5467,1.9497
24,5,1,1,10,3,,2,0,0,1.3789,1.6619
24,5,1,1,11,2,,2,1,0,0.9344,1.226
24,5,1,1,12,2,,2,1,0,1.2131,1.4886
24,5,1,1,13,2,,2,1,0,0.8243,1.395
24,5,1,1,14,4,,2,0,0,0.9519,1.2749
24,5,1,1,15,2,,2,1,0,0.7319,1.2298
24,5,1,1,16,3,,3,1,0,1.3776,1.5169
24,5,1,1,17,2,,2,1,0,2.2192,2.4635
24,5,1,1,18,2,,2,1,0,1.263,1.9388
24,5,1,1,19,1,,1,1,0,1.0957,1.6035
24,5,1,1,20,3,,2,0,0,0.8154,1.0102
24,5,1,1,21,4,,2,0,0,0.8777,1.3363
24,5,1,1,22,4,,2,0,0,1.1204,1.3384
24,5,1,1,23,4,,2,0,0,0.7696,1.3493
24,5,1,1,24,2,,2,1,0,1.0111,1.2472
24,5,1,1,25,3,,3,1,0,0.8724,1.2041
24,5,1,1,26,4,,2,0,0,4.1444,4.3473
24,5,1,1,27,4,,2,0,0,1.1091,1.6893
24,5,1,1,28,4,,4,1,0,1.1932,1.7471
24,5,1,1,29,2,,2,1,0,0.9215,1.4537
24,5,1,1,30,3,,3,1,0,1.047,1.5774
24,5,1,1,31,4,,3,0,0,1.1507,1.4023
24,5,1,1,32,4,,4,1,0,1.0697,1.4719
24,5,1,1,33,4,,1,0,0,1.6425,2.7883
24,5,1,1,34,1,,2,0,0,1.1046,1.3387
24,5,1,1,35,3,,3,1,0,1.6186,2.15
24,5,2,3,1,3,1,3,1,0,4.7491,7.9449
24,5,2,3,2,3,1,2,0,0,0.9601,1.8419
24,5,2,3,3,1,3,1,1,0,1.1975,1.4805
24,5,2,3,4,3,1,3,1,0,0.8728,1.2437
24,5,2,3,5,3,1,3,1,0,0.7345,1.225
24,5,2,3,6,3,1,3,1,0,0.9326,1.4801
24,5,2,3,7,1,3,1,1,0,1.0082,1.5145
24,5,2,3,8,1,3,3,0,0,1.5948,3.8527
24,5,2,3,9,3,1,3,1,0,1.9255,2.3119
24,5,2,3,10,1,3,3,0,0,2.463,3.0975
24,5,2,3,11,1,3,1,1,0,0.9839,1.2675
24,5,2,3,12,3,1,3,1,0,1.773,2.6878
24,5,2,3,13,1,3,3,0,0,5.367,5.7777
24,5,2,3,14,1,3,1,1,0,1.7788,2.4459
24,5,2,3,15,1,3,1,1,0,1.2549,1.7052
24,5,2,3,16,3,1,3,1,0,0.794,1.3574
24,5,2,3,17,1,3,1,1,0,1.0834,1.5414
24,5,2,3,18,3,1,2,0,0,3.8288,4.4717
24,5,2,3,19,1,3,3,0,0,1.302,1.7684
24,5,2,3,20,3,1,1,0,0,1.8938,2.402
24,5,2,3,21,3,1,1,0,0,1.3726,1.6877
24,5,2,3,22,3,1,3,1,0,1.1833,1.57
24,5,2,3,23,3,1,1,0,0,4.9837,5.7076
24,5,2,3,24,1,3,1,1,0,0.8867,1.2406
24,5,2,3,25,1,3,1,1,0,0.6525,0.9745
24,5,2,3,26,3,1,3,1,0,1.214,1.6642
24,5,2,3,27,1,3,3,0,0,6.9779,7.4697
24,5,2,3,28,3,1,3,1,0,0.7915,1.3618
24,5,2,3,29,1,3,1,1,0,1.8643,2.8747
24,5,2,3,30,1,3,1,1,0,2.2188,3.4699
24,5,2,3,31,3,1,3,1,0,1.0612,1.5292
24,5,2,3,32,1,3,1,1,0,1.0072,1.5616
24,5,2,3,33,3,1,3,1,0,1.0319,1.4911
24,5,2,3,34,1,3,3,0,0,12.5789,13.1186
24,5,2,3,35,1,3,1,1,0,0.8811,1.1476
24,5,3,2,1,1,2,1,1,0,2.6546,3.3604
24,5,3,2,2,3,4,3,1,0,1.0533,1.4081
24,5,3,2,3,2,3,3,0,0,1.421,1.647
24,5,3,2,4,4,2,4,1,0,2.0174,2.4529
24,5,3,2,5,3,1,3,1,0,1.5565,1.7911
24,5,3,2,6,3,1,3,1,0,0.7406,1.3036
24,5,3,2,7,1,2,2,0,0,9.2234,9.3861
24,5,3,2,8,2,4,2,1,0,0.8778,1.2003
24,5,3,2,9,2,3,2,1,0,0.7723,0.8479
24,5,3,2,10,2,3,2,1,0,0.6182,1.0844
24,5,3,2,11,4,1,1,0,0,2.5656,3.5222
24,5,3,2,12,3,2,3,1,0,1.1173,1.4791
24,5,3,2,13,2,1,3,0,0,1.4489,1.7395
24,5,3,2,14,2,4,3,0,0,0.8896,1.5571
24,5,3,2,15,4,1,2,0,0,1.0903,1.3028
24,5,3,2,16,1,3,3,0,0,1.5904,1.8179
24,5,3,2,17,4,2,2,0,0,1.475,1.6061
24,5,3,2,18,4,2,2,0,0,1.3067,1.5323
24,5,3,2,19,2,3,2,1,0,6.2281,7.472
24,5,3,2,20,2,4,2,1,0,1.0655,1.4047
24,5,3,2,21,4,2,2,0,0,1.6571,1.9561
24,5,3,2,22,4,3,4,1,0,1.3781,1.636
24,5,3,2,23,4,3,3,0,0,1.8465,3.4972
24,5,3,2,24,4,1,4,1,0,1.8398,2.4581
24,5,3,2,25,4,2,3,0,0,1.6993,1.9976
24,5,3,2,26,4,1,4,1,0,0.9214,5.8438
24,5,3,2,27,2,1,2,1,0,1.4583,1.6046
24,5,3,2,28,2,3,2,1,0,0.6011,0.7815
24,5,3,2,29,4,1,4,1,0,1.6338,1.7813
24,5,3,2,30,3,1,2,0,0,1.5204,1.7388
24,5,3,2,31,2,1,2,1,0,0.7547,0.9166
24,5,3,2,32,1,3,1,1,0,0.8696,1.2412
24,5,3,2,33,2,3,2,1,0,8.7472,9.0153
24,5,3,2,34,1,3,1,1,0,1.2168,1.4845
24,5,3,2,35,4,2,2,0,0,1.0844,1.3359
24,6,1,3,1,2,4,2,1,0,1.0625,1.3126
24,6,1,3,2,2,4,2,1,0,1.3368,1.597
24,6,1,3,3,2,4,2,1,0,1.2639,1.7551
24,6,1,3,4,4,2,2,0,0,1.089,1.5477
24,6,1,3,5,2,4,2,1,0,0.8582,1.1899
24,6,1,3,6,4,2,2,0,0,0.8183,1.3656
24,6,1,3,7,2,4,2,1,0,0.7865,1.1101
24,6,1,3,8,4,2,4,1,0,0.8935,1.3687
24,6,1,3,9,2,4,2,1,0,0.8617,1.3134
24,6,1,3,10,4,2,4,1,0,1.0406,1.4126
24,6,1,3,11,4,2,2,0,0,2.9113,3.1059
24,6,1,3,12,2,4,2,1,0,0.8246,1.0744
24,6,1,3,13,4,2,4,1,0,1.541,1.9849
24,6,1,3,14,4,2,2,0,0,3.9485,4.2313
24,6,1,3,15,2,4,2,1,0,0.8556,1.0734
24,6,1,3,16,2,4,2,1,0,1.0284,1.5524
24,6,1,3,17,2,4,2,1,0,1.0373,1.9127
24,6,1,3,18,4,2,4,1,0,0.9033,1.3468
24,6,1,3,19,2,4,2,1,1,0.8088,1.2765
24,6,1,3,20,2,4,2,1,0,0.892,1.2388
24,6,1,3,21,2,4,2,1,0,1.1062,1.7345
24,6,1,3,22,2,4,2,1,0,0.8839,1.3196
24,6,1,3,23,2,4,2,1,0,0.743,1.1624
24,6,1,3,24,2,4,2,1,0,0.5114,1.0669
24,6,1,3,25,4,2,4,1,0,0.9882,1.5184
24,6,1,3,26,2,4,2,1,0,0.5672,0.9854
24,6,1,3,27,4,2,2,0,0,1.3355,1.8575
24,6,1,3,28,2,4,2,1,0,0.6921,1.1595
24,6,1,3,29,4,2,4,1,0,1.2606,1.8319
24,6,1,3,30,4,2,2,0,0,3.402,8.4839
24,6,1,3,31,2,4,2,1,0,1.0145,1.3293
24,6,1,3,32,2,4,2,1,0,5.3202,5.6342
24,6,1,3,33,2,4,2,1,0,0.8412,1.0673
24,6,1,3,34,2,4,2,1,0,0.5822,1.0021
24,6,1,3,35,2,4,2,1,0,0.9016,1.097
24,6,2,1,1,4,,4,1,0,1.2069,1.8107
24,6,2,1,2,1,,1,1,0,1.557,1.9994
24,6,2,1,3,3,,3,1,0,1.6276,2.0786
24,6,2,1,4,4,,4,1,0,1.9187,2.6493
24,6,2,1,5,3,,2,0,0,3.3386,4.0614
24,6,2,1,6,4,,2,0,0,1.0047,1.4707
24,6,2,1,7,3,,3,1,0,1.2734,1.7482
24,6,2,1,8,4,,4,1,0,0.9693,1.4197
24,6,2,1,9,3,,3,1,0,9.0474,9.3721
24,6,2,1,10,1,,3,0,0,1.1829,1.4352
24,6,2,1,11,1,,2,0,0,1.0515,1.2559
24,6,2,1,12,1,,2,0,0,1.1682,1.436
24,6,2,1,13,3,,1,0,0,1.2777,1.4575
24,6,2,1,14,4,,2,0,0,1.3058,1.7322
24,6,2,1,15,2,,2,1,0,0.9237,1.3669
24,6,2,1,16,2,,2,1,0,0.8763,1.2308
24,6,2,1,17,2,,2,1,0,1.0581,1.3662
24,6,2,1,18,4,,2,0,0,1.1392,1.5188
24,6,2,1,19,3,,4,0,0,0.9569,1.2879
24,6,2,1,20,3,,3,1,0,0.9453,1.3094
24,6,2,1,21,2,,2,1,0,1.0749,1.4541
24,6,2,1,22,4,,4,1,0,1.6485,2.0677
24,6,2,1,23,4,,2,0,0,1.2201,2.0141
24,6,2,1,24,3,,3,1,0,7.034,7.2855
24,6,2,1,25,4,,2,0,0,1.0635,1.2585
24,6,2,1,26,2,,2,1,0,0.94,1.2629
24,6,2,1,27,3,,4,0,0,1.1046,1.6357
24,6,2,1,28,2,,2,1,0,0.8384,1.0653
24,6,2,1,29,1,,1,1,0,1.395,1.6766
24,6,2,1,30,4,,2,0,0,3.3974,5.393
24,6,2,1,31,4,,3,0,0,1.2165,1.684
24,6,2,1,32,4,,3,0,0,1.0599,1.3102
24,6,2,1,33,2,,2,1,0,0.9026,1.2661
24,6,2,1,34,1,,2,0,0,6.6991,6.9824
24,6,2,1,35,3,,3,1,0,1.2532,1.7684
24,6,3,2,1,1,2,2,0,0,2.8095,4.3
24,6,3,2,2,4,1,4,1,0,2.7697,3.1732
24,6,3,2,3,1,2,2,0,0,0.8565,1.0038
24,6,3,2,4,4,1,4,1,0,0.952,1.1707
24,6,3,2,5,3,4,3,1,0,2.1127,2.2595
24,6,3,2,6,2,3,2,1,0,1.0692,1.6804
24,6,3,2,7,2,4,2,1,0,5.873,6.587
24,6,3,2,8,3,2,3,1,0,1.4024,1.6932
24,6,3,2,9,2,3,2,1,0,0.9097,1.1364
24,6,3,2,10,3,4,3,1,0,1.0158,1.4598
24,6,3,2,11,3,1,3,1,0,0.9483,1.0721
24,6,3,2,12,1,2,2,0,0,3.0571,3.3882
24,6,3,2,13,4,1,1,0,0,3.0708,3.994
24,6,3,2,14,1,3,1,1,0,1.2197,1.7672
24,6,3,2,15,1,4,1,1,0,1.444,2.1105
24,6,3,2,16,3,1,3,1,0,0.9816,1.3455
24,6,3,2,17,2,3,2,1,0,0.9034,1.2269
24,6,3,2,18,3,1,3,1,0,1.1487,1.3523
24,6,3,2,19,2,1,2,1,0,1.2467,1.5865
24,6,3,2,20,1,2,1,1,0,0.9336,1.192
24,6,3,2,21,1,4,1,1,0,0.9897,1.1441
24,6,3,2,22,4,3,4,1,0,1.7346,1.8817
24,6,3,2,23,4,2,2,0,0,1.2179,1.334
24,6,3,2,24,1,3,2,0,0,1.508,2.5025
24,6,3,2,25,1,4,1,1,0,3.222,3.4402
24,6,3,2,26,3,1,1,0,0,1.9539,2.4213
24,6,3,2,27,2,3,2,1,0,1.0632,1.2583
24,6,3,2,28,2,4,2,1,0,0.8765,1.0227
24,6,3,2,29,3,2,3,1,0,1.2111,1.3674
24,6,3,2,30,2,3,2,1,0,1.756,1.9438
24,6,3,2,31,1,3,3,0,0,3.1566,3.6247
24,6,3,2,32,1,2,1,1,0,1.1771,1.8689
24,6,3,2,33,2,3,2,1,0,1.4764,2.3589
24,6,3,2,34,4,1,1,0,0,1.9654,3.3201
24,6,3,2,35,3,4,3,1,0,6.3018,6.4797
25,1,1,3,1,3,1,3,1,0,1.4732,2.1886
25,1,1,3,2,3,1,3,1,0,0.7514,1.6495
25,1,1,3,3,1,3,1,1,0,1.1241,2.3024
25,1,1,3,4,1,3,3,0,0,1.1338,1.8641
25,1,1,3,5,3,1,3,1,0,0.8742,1.7737
25,1,1,3,6,3,1,3,1,0,0.7939,1.6923
25,1,1,3,7,3,1,3,1,0,1.0527,1.6722
25,1,1,3,8,3,1,3,1,0,0.7691,1.3801
25,1,1,3,9,3,1,3,1,0,0.6402,1.5633
25,1,1,3,10,1,3,1,1,0,0.8405,1.386
25,1,1,3,11,1,3,1,1,0,1.2561,1.8589
25,1,1,3,12,1,3,1,1,0,1.1568,1.6631
25,1,1,3,13,1,3,1,1,0,0.985,1.6449
25,1,1,3,14,3,1,3,1,0,0.6371,1.4883
25,1,1,3,15,3,1,3,1,0,0.7931,1.5154
25,1,1,3,16,3,1,3,1,0,0.7877,1.3505
25,1,1,3,17,3,1,3,1,0,0.581,1.3288
25,1,1,3,18,3,1,3,1,0,0.5978,1.2886
25,1,1,3,19,1,3,1,1,0,1.5772,2.0117
25,1,1,3,20,1,3,1,1,0,0.8953,1.4034
25,1,1,3,21,3,1,3,1,0,0.9259,1.4498
25,1,1,3,22,1,3,3,0,0,0.7476,1.1582
25,1,1,3,23,1,3,3,0,0,0.7407,1.1611
25,1,1,3,24,1,3,3,0,0,0.6854,1.1132
25,1,1,3,25,3,1,3,1,0,0.6003,1.1309
25,1,1,3,26,1,3,1,1,0,0.8171,1.5954
25,1,1,3,27,1,3,1,1,0,0.9361,1.4522
25,1,1,3,28,1,3,1,1,0,0.7736,1.2647
25,1,1,3,29,1,3,1,1,0,1.0495,1.7157
25,1,1,3,30,3,1,3,1,0,0.7474,1.2145
25,1,1,3,31,1,3,1,1,0,0.7224,1.269
25,1,1,3,32,1,3,1,1,0,0.9671,1.49
25,1,1,3,33,1,3,1,1,0,0.9467,1.3179
25,1,1,3,34,3,1,3,1,0,0.7738,1.2244
25,1,1,3,35,3,1,3,1,0,0.6192,1.1994
25,1,2,2,1,4,3,3,0,0,1.7047,2.5945
25,1,2,2,2,2,1,1,0,0,5.9259,8.5689
25,1,2,2,3,4,3,3,0,0,1.5508,2.0103
25,1,2,2,4,1,2,1,1,0,1.2847,1.912
25,1,2,2,5,1,3,3,0,0,2.0472,2.602
25,1,2,2,6,3,4,3,1,0,1.0206,1.4631
25,1,2,2,7,4,3,3,0,0,1.3373,1.8689
25,1,2,2,8,1,4,1,1,0,1.0133,1.5929
25,1,2,2,9,2,3,2,1,0,1.3722,1.8306
25,1,2,2,10,2,3,2,1,0,1.0978,1.6211
25,1,2,2,11,2,3,2,1,0,1.2,1.6662
25,1,2,2,12,2,1,2,1,0,1.3161,2.0384
25,1,2,2,13,2,4,2,1,0,1.0491,1.6835
25,1,2,2,14,1,4,1,1,0,1.3089,1.7681
25,1,2,2,15,1,4,1,1,0,1.2924,1.6562
25,1,2,2,16,4,3,4,1,0,1.874,2.508
25,1,2,2,17,4,3,4,1,0,1.1078,1.4944
25,1,2,2,18,1,3,1,1,0,1.1033,1.5388
25,1,2,2,19,1,3,1,1,0,1.1446,1.5563
25,1,2,2,20,1,2,1,1,0,1.3935,1.9256
25,1,2,2,21,3,2,3,1,0,1.4037,1.9273
25,1,2,2,22,4,2,2,0,0,1.1573,1.527
25,1,2,2,23,1,4,1,1,0,1.055,1.394
25,1,2,2,24,2,3,2,1,0,1.1021,1.4727
25,1,2,2,25,2,1,2,1,0,1.0507,1.3888
25,1,2,2,26,3,2,3,1,0,1.6586,2.1169
25,1,2,2,27,1,3,1,1,0,2.0922,2.6866
25,1,2,2,28,1,2,1,1,0,1.27,1.6422
25,1,2,2,29,3,2,3,1,0,1.0522,1.494
25,1,2,2,30,4,1,4,1,0,0.9832,1.459
25,1,2,2,31,4,2,2,0,0,2.0363,2.4544
25,1,2,2,32,2,1,2,1,0,1.5127,1.947
25,1,2,2,33,1,3,1,1,0,2.3849,2.9965
25,1,2,2,34,1,2,1,1,0,2.3507,2.6901
25,1,2,2,35,4,2,4,1,0,1.7687,2.1708
25,1,3,1,1,2,,3,0,0,1.2474,1.778
25,1,3,1,2,3,,3,1,0,0.767,1.3454
25,1,3,1,3,3,,3,1,0,0.5918,1.0357
25,1,3,1,4,3,,3,1,0,0.7659,1.1615
25,1,3,1,5,1,,2,0,0,1.2226,1.8017
25,1,3,1,6,4,,4,1,0,1.19,1.5202
25,1,3,1,7,4,,4,1,0,1.1046,1.3231
25,1,3,1,8,4,,4,1,0,1.747,2.2054
25,1,3,1,9,4,,3,0,0,1.3772,1.8202
25,1,3,1,10,1,,2,0,0,2.0941,2.7946
25,1,3,1,11,4,,2,0,0,1.1878,1.9757
25,1,3,1,12,4,,3,0,0,1.1154,1.6059
25,1,3,1,13,4,,2,0,0,1.1059,1.9178
25,1,3,1,14,2,,2,1,0,0.8927,1.2883
25,1,3,1,15,2,,2,1,0,1.632,2.3631
25,1,3,1,16,1,,3,0,0,2.0555,2.7631
25,1,3,1,17,1,,1,1,0,0.9582,1.4009
25,1,3,1,18,3,,3,1,0,0.8448,1.4002
25,1,3,1,19,2,,2,1,0,1.0042,1.4706
25,1,3,1,20,4,,1,0,0,1.2558,1.7381
25,1,3,1,21,1,,2,0,0,1.0806,4.5321
25,1,3,1,22,3,,3,1,0,1.0148,1.5223
25,1,3,1,23,4,,4,1,0,1.3923,1.8042
25,1,3,1,24,1,,1,1,0,0.9274,1.3063
25,1,3,1,25,3,,3,1,0,1.1707,1.5895
25,1,3,1,26,2,,3,0,0,1.3868,1.8687
25,1,3,1,27,1,,1,1,0,1.1256,1.4895
25,1,3,1,28,3,,3,1,0,1.3778,1.8697
25,1,3,1,29,2,,2,1,0,1.0205,1.616
25,1,3,1,30,4,,3,0,0,2.9952,3.9654
25,1,3,1,31,1,,1,1,0,1.0973,1.773
25,1,3,1,32,4,,3,0,0,2.8734,3.6442
25,1,3,1,33,1,,1,1,0,1.3566,1.9832
25,1,3,1,34,4,,4,1,0,1.523,2.1427
25,1,3,1,35,1,,1,1,0,1.2043,2.0233
25,2,1,2,1,2,1,2,1,0,1.2253,1.7872
25,2,1,2,2,3,1,3,1,0,0.8079,1.1636
25,2,1,2,3,4,3,3,0,0,1.9372,2.3243
25,2,1,2,4,3,2,3,1,0,0.8904,1.3103
25,2,1,2,5,3,4,3,1,0,1.1817,1.7688
25,2,1,2,6,1,3,1,1,0,1.1337,2.2244
25,2,1,2,7,1,4,1,1,0,1.067,1.607
25,2,1,2,8,4,3,4,1,0,2.3862,3.2845
25,2,1,2,9,3,4,3,1,0,1.1398,1.7187
25,2,1,2,10,2,3,2,1,0,1.1745,1.6814
25,2,1,2,11,1,2,1,1,0,1.0978,1.7399
25,2,1,2,12,3,1,3,1,0,1.275,1.7589
25,2,1,2,13,2,1,2,1,0,1.2601,1.7589
25,2,1,2,14,4,2,4,1,0,1.5958,2.0708
25,2,1,2,15,4,1,4,1,0,2.5119,3.2119
25,2,1,2,16,2,1,2,1,0,1.1245,1.5828
25,2,1,2,17,1,4,4,0,0,1.5324,2.3989
25,2,1,2,18,3,2,3,1,0,1.0744,1.5023
25,2,1,2,19,2,4,2,1,0,1.1177,1.5674
25,2,1,2,20,1,2,1,1,0,2.4376,3.1277
25,2,1,2,21,1,2,2,0,0,1.6944,2.3448
25,2,1,2,22,3,4,3,1,0,1.2228,1.7541
25,2,1,2,23,4,2,4,1,0,1.6717,2.4505
25,2,1,2,24,4,1,4,1,0,2.6351,3.6143
25,2,1,2,25,4,3,3,0,0,1.1033,1.5229
25,2,1,2,26,2,3,2,1,0,1.0498,1.4453
25,2,1,2,27,3,1,3,1,0,0.919,1.3859
25,2,1,2,28,1,2,2,0,0,1.5269,2.0095
25,2,1,2,29,3,2,3,1,0,1.4534,1.9515
25,2,1,2,30,1,3,1,1,0,1.0299,1.3936
25,2,1,2,31,1,2,2,0,0,1.4772,1.7839
25,2,1,2,32,4,1,4,1,0,1.5244,1.9521
25,2,1,2,33,4,3,3,0,0,1.4212,1.7529
25,2,1,2,34,2,3,2,1,0,1.5821,1.9443
25,2,1,2,35,2,1,2,1,0,1.1907,1.6089
25,2,2,1,1,4,,3,0,0,1.1404,1.6315
25,2,2,1,2,3,,3,1,0,0.6975,1.1324
25,2,2,1,3,2,,2,1,0,1.3478,1.6791
25,2,2,1,4,1,,3,0,0,1.302,1.7048
25,2,2,1,5,2,,2,1,0,0.9209,1.2527
25,2,2,1,6,2,,2,1,0,1.1509,1.3785
25,2,2,1,7,3,,3,1,0,0.8305,1.1371
25,2,2,1,8,3,,3,1,0,0.7446,1.1073
25,2,2,1,9,4,,3,0,0,1.5403,2.0946
25,2,2,1,10,2,,2,1,0,1.0467,1.514
25,2,2,1,11,2,,2,1,0,0.8655,1.355
25,2,2,1,12,1,,1,1,0,2.8977,3.8052
25,2,2,1,13,3,,3,1,0,0.8134,1.2893
25,2,2,1,14,4,,4,1,0,1.2332,1.6199
25,2,2,1,15,4,,4,1,0,1.2864,1.9861
25,2,2,1,16,4,,4,1,0,1.998,2.8086
25,2,2,1,17,2,,2,1,0,0.9462,1.4944
25,2,2,1,18,2,,3,0,0,1.1179,1.41
25,2,2,1,19,4,,3,0,0,1.1163,1.3263
25,2,2,1,20,3,,3,1,0,0.6065,0.7928
25,2,2,1,21,4,,3,0,0,1.5901,1.9457
25,2,2,1,22,3,,3,1,0,0.7504,1.2331
25,2,2,1,23,2,,2,1,0,0.8203,1.3664
25,2,2,1,24,3,,3,1,0,0.8212,1.4315
25,2,2,1,25,1,,1,1,0,1.6669,2.4285
25,2,2,1,26,1,,1,1,0,0.9034,1.3225
25,2,2,1,27,1,,1,1,0,0.9539,1.2773
25,2,2,1,28,1,,1,1,0,0.7975,1.1685
25,2,2,1,29,1,,1,1,0,0.9346,2.1539
25,2,2,1,30,3,,3,1,0,0.7904,1.2901
25,2,2,1,31,2,,3,0,0,0.6498,1.0836
25,2,2,1,32,3,,3,1,0,0.6934,1.1274
25,2,2,1,33,1,,3,0,0,0.8157,1.4737
25,2,2,1,34,3,,3,1,0,0.7953,1.5737
25,2,2,1,35,2,,2,1,0,1.4755,2.0223
25,2,3,3,1,1,2,1,1,0,1.1518,1.8824
25,2,3,3,2,2,1,2,1,0,1.8835,2.3664
25,2,3,3,3,2,1,2,1,0,0.8992,1.4615
25,2,3,3,4,1,2,1,1,0,1.0229,1.5306
25,2,3,3,5,2,1,2,1,0,1.0971,1.517
25,2,3,3,6,1,2,1,1,0,0.8031,1.2787
25,2,3,3,7,1,2,1,1,0,0.7751,1.3623
25,2,3,3,8,1,2,1,1,0,1.032,1.6513
25,2,3,3,9,1,2,1,1,0,0.9735,1.5516
25,2,3,3,10,2,1,2,1,0,0.838,1.2647
25,2,3,3,11,2,1,2,1,0,0.6991,1.3105
25,2,3,3,12,1,2,1,1,0,1.0853,1.513
25,2,3,3,13,2,1,2,1,0,0.9197,1.3062
25,2,3,3,14,2,1,2,1,0,0.715,1.2069
25,2,3,3,15,1,2,1,1,0,0.8188,1.3325
25,2,3,3,16,2,1,2,1,0,0.7724,1.6803
25,2,3,3,17,2,1,2,1,0,0.7119,1.3625
25,2,3,3,18,2,1,2,1,0,0.8089,1.3001
25,2,3,3,19,1,2,1,1,0,0.7,1.4304
25,2,3,3,20,2,1,2,1,0,0.5375,0.9317
25,2,3,3,21,2,1,2,1,0,0.9245,1.3919
25,2,3,3,22,2,1,2,1,0,0.7324,1.1761
25,2,3,3,23,2,1,2,1,0,0.6117,1.1027
25,2,3,3,24,2,1,2,1,0,0.5009,1.163
25,2,3,3,25,2,1,2,1,0,0.6808,1.3632
25,2,3,3,26,1,2,1,1,1,0.6486,1.2271
25,2,3,3,27,1,2,1,1,0,0.8474,1.6974
25,2,3,3,28,1,2,1,1,0,0.5778,1.1322
25,2,3,3,29,1,2,2,0,0,1.6119,2.2224
25,2,3,3,30,2,1,2,1,0,0.7138,1.445
25,2,3,3,31,2,1,2,1,0,1.1434,1.7141
25,2,3,3,32,1,2,1,1,0,0.5007,1.1392
25,2,3,3,33,1,2,1,1,0,1.4596,1.9593
25,2,3,3,34,1,2,1,1,0,0.9708,1.3978
25,2,3,3,35,1,2,1,1,0,0.7304,1.2293
25,3,1,1,1,1,,1,1,0,1.8192,2.383
25,3,1,1,2,3,,3,1,0,0.9934,1.3174
25,3,1,1,3,4,,4,1,0,1.0763,1.4306
25,3,1,1,4,1,,1,1,0,0.8821,1.2216
25,3,1,1,5,2,,4,0,0,0.7924,2.4676
25,3,1,1,6,1,,2,0,0,1.0201,1.5344
25,3,1,1,7,2,,2,1,0,1.1735,1.6245
25,3,1,1,8,4,,3,0,0,1.1641,1.5901
25,3,1,1,9,1,,1,1,0,1.2197,1.5187
25,3,1,1,10,3,,3,1,0,0.9425,1.3842
25,3,1,1,11,4,,4,1,0,1.2454,1.6565
25,3,1,1,12,2,,2,1,0,0.9781,1.2784
25,3,1,1,13,1,,3,0,0,1.2386,1.5129
25,3,1,1,14,2,,3,0,0,1.0242,1.3161
25,3,1,1,15,1,,1,1,0,1.1067,1.5807
25,3,1,1,16,2,,2,1,0,1.1295,1.5008
25,3,1,1,17,1,,3,0,0,1.0129,1.2716
25,3,1,1,18,4,,3,0,0,0.9535,1.1882
25,3,1,1,19,2,,2,1,0,1.1053,1.4595
25,3,1,1,20,1,,1,1,0,0.9103,1.3047
25,3,1,1,21,2,,2,1,0,0.9609,1.4051
25,3,1,1,22,4,,2,0,0,1.6481,2.0262
25,3,1,1,23,2,,2,1,0,1.0449,1.3438
25,3,1,1,24,4,,3,0,0,1.686,1.897
25,3,1,1,25,2,,2,1,0,0.7052,1.107
25,3,1,1,26,3,,3,1,0,0.8441,1.2707
25,3,1,1,27,1,,1,1,0,1.1045,1.5705
25,3,1,1,28,1,,1,1,0,1.0644,1.6589
25,3,1,1,29,3,,3,1,0,1.1008,1.5508
25,3,1,1,30,2,,3,0,0,0.901,1.9755
25,3,1,1,31,1,,3,0,0,1.565,2.1033
25,3,1,1,32,3,,3,1,0,0.9591,1.4911
25,3,1,1,33,1,,3,0,0,0.8586,1.5975
25,3,1,1,34,3,,3,1,0,0.7859,1.8848
25,3,1,1,35,2,,2,1,0,1.3723,2.0385
25,3,2,3,1,4,3,3,0,0,1.0165,1.4272
25,3,2,3,2,4,3,3,0,0,3.1098,3.6339
25,3,2,3,3,4,3,3,0,0,0.8416,1.1645
25,3,2,3,4,3,4,3,1,0,0.5301,1.1886
25,3,2,3,5,3,4,3,1,0,0.7146,1.3171
25,3,2,3,6,4,3,4,1,0,1.1973,1.9286
25,3,2,3,7,4,3,3,0,0,0.774,1.178
25,3,2,3,8,3,4,3,1,0,0.6862,1.0906
25,3,2,3,9,4,3,3,0,0,1.3063,1.9023
25,3,2,3,10,3,4,3,1,0,0.5492,1.2154
25,3,2,3,11,4,3,4,1,0,0.8606,1.6795
25,3,2,3,12,4,3,3,0,0,0.8475,1.7397
25,3,2,3,13,3,4,3,1,0,0.6891,1.396
25,3,2,3,14,3,4,3,1,0,0.6403,1.2046
25,3,2,3,15,3,4,3,1,0,0.5681,1.098
25,3,2,3,16,4,3,3,0,0,0.5955,1.3109
25,3,2,3,17,3,4,3,1,1,0.5498,1.0007
25,3,2,3,18,3,4,3,1,0,0.5815,1.1359
25,3,2,3,19,4,3,4,1,0,1.0237,1.6277
25,3,2,3,20,3,4,3,1,0,0.5018,1.1369
25,3,2,3,21,3,4,3,1,0,0.5007,0.9307
25,3,2,3,22,3,4,3,1,0,0.5143,1.0611
25,3,2,3,23,4,3,4,1,0,1.1193,1.5458
25,3,2,3,24,4,3,3,0,0,0.5196,1.2759
25,3,2,3,25,4,3,3,0,0,0.7168,1.1914
25,3,2,3,26,4,3,3,0,0,0.6131,0.9529
25,3,2,3,27,4,3,3,0,0,1.1423,1.3943
25,3,2,3,28,3,4,3,1,0,0.6938,1.2717
25,3,2,3,29,4,3,3,0,0,1.0825,1.4457
25,3,2,3,30,4,3,4,1,0,0.8558,1.1947
25,3,2,3,31,3,4,3,1,0,1.1513,1.4501
25,3,2,3,32,3,4,3,1,0,0.6521,1.0154
25,3,2,3,33,4,3,3,0,0,0.5712,0.9663
25,3,2,3,34,4,3,4,1,0,2.3641,3.0552
25,3,2,3,35,4,3,4,1,0,1.0954,1.458
25,3,3,2,1,3,2,3,1,0,2.2514,2.75
25,3,3,2,2,4,3,4,1,0,1.1071,1.4941
25,3,3,2,3,3,4,3,1,0,0.7025,1.1044
25,3,3,2,4,3,2,3,1,0,0.8565,1.3569
25,3,3,2,5,3,2,3,1,0,0.9862,1.3488
25,3,3,2,6,2,3,2,1,0,1.0833,1.4059
25,3,3,2,7,4,2,4,1,0,1.2751,1.5817
25,3,3,2,8,1,3,3,0,0,1.6176,1.9491
25,3,3,2,9,4,2,2,0,0,1.6744,2.0532
25,3,3,2,10,3,2,3,1,0,0.9103,1.3204
25,3,3,2,11,1,3,1,1,0,1.2491,1.6198
25,3,3,2,12,1,4,1,1,0,1.1755,1.8017
25,3,3,2,13,3,4,3,1,0,1.0449,1.424
25,3,3,2,14,1,4,1,1,0,0.9472,1.3182
25,3,3,2,15,1,3,1,1,0,2.0057,2.3052
25,3,3,2,16,2,3,2,1,0,0.9599,1.4437
25,3,3,2,17,2,1,2,1,0,1.2281,1.6723
25,3,3,2,18,2,4,2,1,0,1.1843,1.6351
25,3,3,2,19,3,4,3,1,0,1.0299,1.4015
25,3,3,2,20,3,1,3,1,0,1.0126,1.4489
25,3,3,2,21,1,4,1,1,0,1.1702,1.6537
25,3,3,2,22,2,3,2,1,0,1.0627,1.6177
25,3,3,2,23,4,2,4,1,0,2.6214,3.0401
25,3,3,2,24,3,1,3,1,0,1.3048,1.7386
25,3,3,2,25,3,4,3,1,0,0.8409,1.3489
25,3,3,2,26,4,1,4,1,0,1.4028,1.9423
25,3,3,2,27,1,3,1,1,0,1.6034,1.9501
25,3,3,2,28,3,1,3,1,0,2.5713,3.1022
25,3,3,2,29,2,3,2,1,0,1.1088,1.5211
25,3,3,2,30,2,4,2,1,0,1.1675,1.5552
25,3,3,2,31,3,1,3,1,0,0.9683,1.4764
25,3,3,2,32,3,4,3,1,0,0.8208,1.2063
25,3,3,2,33,4,3,3,0,0,1.2921,1.7911
25,3,3,2,34,1,2,2,0,0,1.5945,1.9653
25,3,3,2,35,2,1,2,1,0,1.0422,1.4211
25,4,1,1,1,2,,2,1,0,1.2946,1.7303
25,4,1,1,2,2,,3,0,0,0.8475,1.1555
25,4,1,1,3,3,,3,1,0,1.0333,1.3332
25,4,1,1,4,2,,2,1,0,0.8918,1.2623
25,4,1,1,5,2,,2,1,0,0.7836,1.1158
25,4,1,1,6,4,,3,0,0,0.7945,1.1491
25,4,1,1,7,1,,1,1,0,0.9963,1.3753
25,4,1,1,8,1,,1,1,0,1.3489,2.0875
25,4,1,1,9,1,,1,1,0,0.9679,1.539
25,4,1,1,10,1,,1,1,0,0.8654,1.1897
25,4,1,1,11,4,,1,0,0,1.4975,2.1482
25,4,1,1,12,2,,3,0,0,1.1463,1.9583
25,4,1,1,13,1,,1,1,0,1.1072,1.4531
25,4,1,1,14,2,,3,0,0,0.9437,1.2432
25,4,1,1,15,4,,3,0,0,0.8054,1.1528
25,4,1,1,16,2,,2,1,0,0.991,1.4731
25,4,1,1,17,4,,2,0,0,0.8118,1.2785
25,4,1,1,18,3,,3,1,0,0.9436,1.3301
25,4,1,1,19,2,,2,1,0,1.153,1.6688
25,4,1,1,20,2,,3,0,0,1.1737,1.5918
25,4,1,1,21,2,,2,1,0,0.7809,1.2171
25,4,1,1,22,1,,1,1,0,1.284,1.7901
25,4,1,1,23,3,,3,1,0,0.9477,1.3104
25,4,1,1,24,4,,3,0,0,4.8539,5.872
25,4,1,1,25,1,,1,1,0,0.8298,1.321
25,4,1,1,26,3,,3,1,0,1.2168,1.6987
25,4,1,1,27,3,,3,1,0,0.7395,1.2227
25,4,1,1,28,4,,4,1,0,2.33,2.838
25,4,1,1,29,1,,1,1,0,0.9586,1.4575
25,4,1,1,30,1,,2,0,0,1.3717,1.7977
25,4,1,1,31,1,,1,1,0,0.8097,1.1894
25,4,1,1,32,4,,3,0,0,0.9941,1.6222
25,4,1,1,33,2,,2,1,0,0.9367,1.2912
25,4,1,1,34,2,,2,1,0,0.9084,1.3588
25,4,1,1,35,2,,2,1,0,0.8461,1.4094
25,4,2,2,1,1,4,1,1,0,1.2034,2.5495
25,4,2,2,2,1,2,1,1,0,1.9551,3.2779
25,4,2,2,3,2,4,2,1,0,1.7652,2.1281
25,4,2,2,4,3,4,3,1,0,1.2223,1.6025
25,4,2,2,5,3,4,3,1,0,0.8138,1.2961
25,4,2,2,6,2,4,2,1,0,0.977,1.5081
25,4,2,2,7,3,4,3,1,0,0.8118,1.24
25,4,2,2,8,3,1,3,1,0,1.0577,1.5979
25,4,2,2,9,3,4,3,1,0,0.9208,1.3548
25,4,2,2,10,4,2,3,0,0,0.4842,1.1312
25,4,2,2,11,2,4,3,0,0,0.8823,3.9813
25,4,2,2,12,3,4,3,1,0,1.0635,1.4424
25,4,2,2,13,3,1,3,1,0,1.3645,1.7184
25,4,2,2,14,2,3,2,1,0,0.9019,1.3449
25,4,2,2,15,4,2,4,1,0,1.4466,1.8497
25,4,2,2,16,4,2,2,0,0,1.7474,2.1989
25,4,2,2,17,2,1,2,1,0,1.1221,1.5495
25,4,2,2,18,3,2,3,1,0,0.9704,1.4681
25,4,2,2,19,1,4,1,1,0,1.1263,1.6975
25,4,2,2,20,4,1,4,1,0,1.9774,2.6933
25,4,2,2,21,2,4,2,1,0,1.5073,1.8781
25,4,2,2,22,1,4,4,0,0,1.8379,2.2502
25,4,2,2,23,4,3,3,0,0,0.9059,1.214
25,4,2,2,24,1,4,1,1,0,1.697,2.0509
25,4,2,2,25,4,3,4,1,0,1.0609,1.375
25,4,2,2,26,3,1,3,1,0,1.0776,1.4957
25,4,2,2,27,4,3,4,1,0,1.0079,1.3149
25,4,2,2,28,4,1,4,1,0,1.3312,1.6689
25,4,2,2,29,3,2,3,1,0,0.8387,1.1066
25,4,2,2,30,4,3,3,0,0,0.8987,1.1979
25,4,2,2,31,1,2,3,0,0,0.9697,2.5099
25,4,2,2,32,4,2,4,1,0,1.7245,2.1362
25,4,2,2,33,3,2,3,1,0,1.0375,1.3522
25,4,2,2,34,1,2,1,1,0,1.0535,1.4562
25,4,2,2,35,3,4,3,1,0,0.9391,1.6308
25,4,3,3,1,1,4,4,0,0,1.2556,1.8415
25,4,3,3,2,1,4,1,1,0,0.9808,1.4878
25,4,3,3,3,1,4,1,1,0,0.8006,1.2667
25,4,3,3,4,1,4,1,1,0,0.5969,1.049
25,4,3,3,5,4,1,4,1,0,0.6745,1.221
25,4,3,3,6,4,1,4,1,0,0.8091,1.2132
25,4,3,3,7,4,1,4,1,0,0.7682,1.2108
25,4,3,3,8,4,1,4,1,0,0.7589,1.066
25,4,3,3,9,4,1,4,1,0,0.756,1.0617
25,4,3,3,10,1,4,1,1,0,0.5609,1.0911
25,4,3,3,11,4,1,4,1,0,0.7969,1.3121
25,4,3,3,12,1,4,1,1,0,0.8153,1.2415
25,4,3,3,13,1,4,1,1,0,1.5096,1.9769
25,4,3,3,14,1,4,1,1,0,1.133,1.5834
25,4,3,3,15,4,1,4,1,0,0.7246,1.1265
25,4,3,3,16,1,4,1,1,0,0.8307,1.1699
25,4,3,3,17,1,4,1,1,0,0.7756,1.0982
25,4,3,3,18,1,4,1,1,0,0.6747,1.1342
25,4,3,3,19,4,1,4,1,0,0.6529,1.057
25,4,3,3,20,1,4,1,1,0,0.635,0.9256
25,4,3,3,21,4,1,1,0,0,0.9413,1.2474
25,4,3,3,22,4,1,4,1,0,0.7382,1.3896
25,4,3,3,23,1,4,1,1,0,0.6908,0.9887
25,4,3,3,24,4,1,4,1,0,0.7707,1.0784
25,4,3,3,25,1,4,1,1,0,0.6865,1.0102
25,4,3,3,26,4,1,4,1,0,1.1183,1.4242
25,4,3,3,27,1,4,1,1,0,0.6048,1.0071
25,4,3,3,28,4,1,4,1,0,1.2284,1.6073
25,4,3,3,29,1,4,1,1,0,0.6752,1.158
25,4,3,3,30,4,1,1,0,0,0.6048,0.9831
25,4,3,3,31,4,1,4,1,0,0.6692,1.1192
25,4,3,3,32,1,4,1,1,0,0.5842,0.9954
25,4,3,3,33,1,4,4,0,0,0.5352,1.5789
25,4,3,3,34,4,1,4,1,0,1.0391,1.4672
25,4,3,3,35,1,4,1,1,0,0.5555,0.9116
25,5,1,3,1,4,2,4,1,0,0.9393,1.3341
25,5,1,3,2,4,2,4,1,0,0.7482,1.1443
25,5,1,3,3,4,2,2,0,0,0.7739,1.0978
25,5,1,3,4,2,4,2,1,0,0.5452,0.8686
25,5,1,3,5,4,2,4,1,0,0.886,1.2321
25,5,1,3,6,2,4,2,1,0,0.5074,0.8138
25,5,1,3,7,2,4,2,1,0,0.501,0.8774
25,5,1,3,8,2,4,2,1,0,0.5025,0.9229
25,5,1,3,9,4,2,4,1,0,0.7128,0.9967
25,5,1,3,10,4,2,4,1,0,0.6486,0.9622
25,5,1,3,11,4,2,2,0,0,0.5057,0.8209
25,5,1,3,12,2,4,2,1,0,0.6079,0.9482
25,5,1,3,13,4,2,4,1,0,1.1703,1.4937
25,5,1,3,14,4,2,2,0,0,0.7486,1.2627
25,5,1,3,15,2,4,2,1,0,0.5283,0.8282
25,5,1,3,16,4,2,4,1,0,0.7746,1.1306
25,5,1,3,17,2,4,2,1,0,0.5136,0.917
25,5,1,3,18,4,2,2,0,0,0.7558,1.0296
25,5,1,3,19,2,4,2,1,0,0.5451,0.8685
25,5,1,3,20,2,4,2,1,0,0.534,0.8648
25,5,1,3,21,2,4,2,1,0,0.5008,1.0144
25,5,1,3,22,4,2,4,1,0,0.922,1.2055
25,5,1,3,23,4,2,4,1,0,0.9927,1.2207
25,5,1,3,24,4,2,2,0,0,0.584,1.0436
25,5,1,3,25,2,4,2,1,0,0.8211,1.0559
25,5,1,3,26,2,4,2,1,0,0.5476,0.8628
25,5,1,3,27,2,4,2,1,0,0.4839,0.7627
25,5,1,3,28,2,4,2,1,0,0.5929,0.8908
25,5,1,3,29,4,2,4,1,0,0.5657,0.8571
25,5,1,3,30,2,4,2,1,0,0.484,0.845
25,5,1,3,31,4,2,2,0,0,0.6873,0.9865
25,5,1,3,32,4,2,4,1,0,1.2318,1.5224
25,5,1,3,33,2,4,2,1,0,0.7617,1.101
25,5,1,3,34,4,2,4,1,0,0.9001,1.2557
25,5,1,3,35,2,4,2,1,0,0.5007,0.812
25,5,2,1,1,4,,2,0,0,1.7361,3.1067
25,5,2,1,2,2,,2,1,0,0.8013,1.2127
25,5,2,1,3,2,,2,1,0,0.6636,0.9229
25,5,2,1,4,2,,2,1,0,0.5708,0.8455
25,5,2,1,5,3,,2,0,0,0.9284,1.1725
25,5,2,1,6,4,,2,0,0,0.7298,1.0607
25,5,2,1,7,4,,4,1,0,0.9185,1.1529
25,5,2,1,8,1,,1,1,0,1.1681,1.7071
25,5,2,1,9,3,,3,1,0,1.0749,1.3662
25,5,2,1,10,2,,2,1,0,0.9475,1.3101
25,5,2,1,11,2,,2,1,0,0.5017,0.857
25,5,2,1,12,2,,2,1,0,0.508,0.8316
25,5,2,1,13,2,,2,1,0,0.562,1.7166
25,5,2,1,14,2,,3,0,0,0.788,1.1122
25,5,2,1,15,3,,3,1,0,0.5273,0.8508
25,5,2,1,16,4,,1,0,0,1.0769,1.9355
25,5,2,1,17,1,,1,1,0,1.2302,2.1129
25,5,2,1,18,4,,3,0,0,0.8646,1.1469
25,5,2,1,19,4,,3,0,0,0.8256,1.1482
25,5,2,1,20,2,,2,1,0,0.8191,1.1502
25,5,2,1,21,1,,1,1,0,1.2282,1.6325
25,5,2,1,22,4,,4,1,0,1.3944,1.8542
25,5,2,1,23,1,,1,1,0,1.6147,2.0906
25,5,2,1,24,1,,1,1,0,1.1856,1.71
25,5,2,1,25,3,,3,1,0,0.8517,1.2076
25,5,2,1,26,3,,3,1,0,0.6358,0.9344
25,5,2,1,27,3,,3,1,0,0.7177,1.0004
25,5,2,1,28,4,,3,0,0,0.6695,1.017
25,5,2,1,29,3,,3,1,0,0.5885,0.8885
25,5,2,1,30,1,,1,1,0,1.041,1.4364
25,5,2,1,31,2,,2,1,0,1.1985,1.5626
25,5,2,1,32,1,,1,1,0,0.9194,1.3784
25,5,2,1,33,4,,3,0,0,1.6873,2.2828
25,5,2,1,34,1,,3,0,0,0.7702,1.0781
25,5,2,1,35,1,,1,1,0,1.5984,1.9371
25,5,3,2,1,4,2,2,0,0,2.2544,3.7059
25,5,3,2,2,3,4,3,1,0,1.231,1.5226
25,5,3,2,3,2,1,2,1,0,1.529,1.9246
25,5,3,2,4,3,4,3,1,0,0.9141,1.3809
25,5,3,2,5,4,1,3,0,0,0.7538,2.2218
25,5,3,2,6,2,1,2,1,0,1.951,2.4095
25,5,3,2,7,3,2,3,1,0,1.1412,1.4649
25,5,3,2,8,1,2,2,0,0,1.9056,2.9164
25,5,3,2,9,3,1,3,1,0,0.9461,1.3496
25,5,3,2,10,2,4,2,1,0,1.1553,1.5341
25,5,3,2,11,2,3,2,1,0,0.9728,1.4477
25,5,3,2,12,2,3,2,1,0,1.13,1.9402
25,5,3,2,13,2,4,2,1,0,1.3786,1.903
25,5,3,2,14,2,1,2,1,0,1.1972,1.7924
25,5,3,2,15,2,3,2,1,0,1.1007,1.5611
25,5,3,2,16,3,1,3,1,0,0.9494,1.5437
25,5,3,2,17,3,1,3,1,0,0.9745,1.314
25,5,3,2,18,1,4,4,0,0,2.1134,2.8995
25,5,3,2,19,1,3,3,0,0,1.2015,1.5411
25,5,3,2,20,1,4,1,1,0,1.0665,1.4614
25,5,3,2,21,2,1,2,1,0,0.9998,1.2741
25,5,3,2,22,2,1,2,1,0,1.4837,1.8964
25,5,3,2,23,4,1,1,0,0,2.1177,2.777
25,5,3,2,24,4,2,4,1,0,2.1092,2.5048
25,5,3,2,25,1,3,1,1,0,1.2792,1.5615
25,5,3,2,26,4,1,4,1,0,1.5423,2.0185
25,5,3,2,27,1,2,1,1,0,1.0362,1.351
25,5,3,2,28,4,2,4,1,0,2.3488,2.8248
25,5,3,2,29,2,4,2,1,0,1.1212,1.3487
25,5,3,2,30,2,1,2,1,0,1.1381,1.6212
25,5,3,2,31,1,2,1,1,0,1.2568,1.6122
25,5,3,2,32,4,2,2,0,0,1.8063,2.3932
25,5,3,2,33,1,3,1,1,0,1.0129,1.4071
25,5,3,2,34,3,2,3,1,0,1.6036,2.2477
25,5,3,2,35,3,4,3,1,0,0.9606,1.5152
25,6,1,2,1,1,4,1,1,0,1.4545,2.2578
25,6,1,2,2,2,1,2,1,0,0.9709,1.3987
25,6,1,2,3,1,2,2,0,0,1.8178,2.4201
25,6,1,2,4,3,1,3,1,0,0.8958,1.1874
25,6,1,2,5,1,4,1,1,0,1.88,2.2036
25,6,1,2,6,1,2,1,1,0,1.4941,2.1057
25,6,1,2,7,2,4,2,1,0,1.0166,1.3642
25,6,1,2,8,2,4,2,1,0,0.9377,1.324
25,6,1,2,9,3,4,3,1,0,1.0521,1.3429
25,6,1,2,10,3,4,3,1,0,1.0213,1.3268
25,6,1,2,11,2,4,2,1,0,1.1993,1.5533
25,6,1,2,12,4,1,1,0,0,1.8478,2.8739
25,6,1,2,13,4,2,4,1,0,2.1385,2.7261
25,6,1,2,14,1,4,1,1,0,1.2035,1.5119
25,6,1,2,15,4,2,2,0,0,1.2141,1.5448
25,6,1,2,16,3,1,3,1,0,1.0952,1.4668
25,6,1,2,17,3,1,3,1,0,0.9157,1.3272
25,6,1,2,18,2,4,2,1,0,1.3015,1.6164
25,6,1,2,19,1,4,1,1,0,1.7878,2.3196
25,6,1,2,20,3,2,3,1,0,1.0773,1.3768
25,6,1,2,21,4,1,4,1,0,1.8291,2.0895
25,6,1,2,22,1,2,1,1,0,0.9682,1.2826
25,6,1,2,23,3,4,3,1,0,1.165,1.5444
25,6,1,2,24,4,2,4,1,0,1.8301,2.1453
25,6,1,2,25,2,1,2,1,0,1.1097,1.4017
25,6,1,2,26,4,2,4,1,0,1.8615,2.1119
25,6,1,2,27,2,3,2,1,0,0.9506,1.2342
25,6,1,2,28,3,1,3,1,0,1.5647,1.895
25,6,1,2,29,3,4,3,1,0,0.9995,1.259
25,6,1,2,30,1,4,1,1,0,1.0679,1.3924
25,6,1,2,31,1,4,1,1,0,1.3878,1.7755
25,6,1,2,32,1,2,2,0,0,1.2112,1.7829
25,6,1,2,33,3,2,3,1,0,0.955,1.4147
25,6,1,2,34,4,3,3,0,0,1.1133,1.5643
25,6,1,2,35,4,1,4,1,0,1.2497,1.613
25,6,2,3,1,2,3,2,1,0,0.9752,1.6971
25,6,2,3,2,3,2,3,1,0,0.7855,1.2921
25,6,2,3,3,2,3,3,0,0,1.1093,1.5042
25,6,2,3,4,2,3,2,1,0,0.7847,1.2047
25,6,2,3,5,3,2,3,1,0,0.7914,1.2026
25,6,2,3,6,3,2,3,1,0,0.7505,1.1858
25,6,2,3,7,2,3,2,1,0,0.8226,1.122
25,6,2,3,8,2,3,2,1,0,1.0259,1.4609
25,6,2,3,9,3,2,3,1,0,0.6848,0.9928
25,6,2,3,10,2,3,2,1,0,0.7321,1.087
25,6,2,3,11,3,2,3,1,0,0.7922,1.0908
25,6,2,3,12,2,3,2,1,0,0.8689,1.1828
25,6,2,3,13,3,2,3,1,0,0.5413,0.8488
25,6,2,3,14,2,3,2,1,0,0.6742,0.9889
25,6,2,3,15,2,3,3,0,0,0.5308,0.9972
25,6,2,3,16,3,2,3,1,0,0.6569,1.085
25,6,2,3,17,3,2,3,1,0,0.6373,1.1531
25,6,2,3,18,2,3,2,1,0,0.9023,1.3765
25,6,2,3,19,3,2,3,1,0,0.5985,1.0323
25,6,2,3,20,3,2,3,1,0,0.5646,0.9434
25,6,2,3,21,2,3,2,1,1,0.5009,0.9049
25,6,2,3,22,2,3,2,1,0,0.8263,1.2043
25,6,2,3,23,2,3,2,1,0,0.8973,1.1414
25,6,2,3,24,3,2,3,1,0,0.6199,0.9349
25,6,2,3,25,3,2,3,1,0,0.5095,0.8569
25,6,2,3,26,3,2,3,1,0,0.6266,1.0707
25,6,2,3,27,2,3,2,1,0,0.5114,0.8741
25,6,2,3,28,2,3,2,1,0,0.6433,1.0554
25,6,2,3,29,3,2,3,1,0,0.6407,0.8995
25,6,2,3,30,3,2,3,1,0,0.5962,1.0163
25,6,2,3,31,3,2,3,1,0,0.5146,0.8546
25,6,2,3,32,3,2,3,1,0,0.8722,1.187
25,6,2,3,33,2,3,2,1,0,0.7209,1.0027
25,6,2,3,34,2,3,2,1,0,0.7038,1.2275
25,6,2,3,35,3,2,2,0,0,0.565,2.0407
25,6,3,1,1,3,,3,1,0,1.5532,1.9631
25,6,3,1,2,2,,3,0,0,0.7769,0.9876
25,6,3,1,3,2,,2,1,0,0.8892,1.1647
25,6,3,1,4,2,,2,1,0,0.5455,0.892
25,6,3,1,5,3,,3,1,0,0.7258,1.0885
25,6,3,1,6,1,,1,1,0,0.8819,1.1418
25,6,3,1,7,4,,4,1,0,1.1643,1.5105
25,6,3,1,8,3,,3,1,0,0.7099,0.9444
25,6,3,1,9,2,,2,1,0,1.8321,2.4679
25,6,3,1,10,4,,4,1,0,1.3556,2.1257
25,6,3,1,11,1,,1,1,0,0.8451,1.1688
25,6,3,1,12,2,,2,1,0,1.0141,1.2646
25,6,3,1,13,2,,2,1,0,0.8266,1.4939
25,6,3,1,14,4,,4,1,0,1.1581,1.4641
25,6,3,1,15,4,,4,1,0,0.7386,0.9499
25,6,3,1,16,3,,3,1,0,1.252,1.5351
25,6,3,1,17,1,,2,0,0,1.4219,1.6411
25,6,3,1,18,4,,4,1,0,1.523,2.1433
25,6,3,1,19,2,,2,1,0,1.108,1.3976
25,6,3,1,20,3,,3,1,0,0.9945,1.2691
25,6,3,1,21,3,,3,1,0,0.6955,1.0423
25,6,3,1,22,3,,3,1,0,0.9809,1.2393
25,6,3,1,23,3,,3,1,0,0.6194,0.9253
25,6,3,1,24,1,,1,1,0,1.2294,1.6001
25,6,3,1,25,1,,1,1,0,0.693,1.0639
25,6,3,1,26,2,,2,1,0,0.817,1.2355
25,6,3,1,27,1,,2,0,0,1.3354,2.1952
25,6,3,1,28,3,,3,1,0,0.9979,1.5768
25,6,3,1,29,3,,3,1,0,0.8299,1.0882
25,6,3,1,30,1,,3,0,0,1.2096,1.6853
25,6,3,1,31,1,,1,1,0,1.373,1.8652
25,6,3,1,32,1,,1,1,0,0.9691,1.3329
25,6,3,1,33,1,,1,1,0,0.6995,1.2308
25,6,3,1,34,1,,1,1,0,0.8493,1.2768
25,6,3,1,35,2,,2,1,0,0.8693,1.369
26,1,1,2,1,1,4,1,1,0,2.3141,5.565
26,1,1,2,2,3,1,3,1,0,1.614,2.7858
26,1,1,2,3,4,2,4,1,0,1.9722,3.1358
26,1,1,2,4,3,2,3,1,0,1.5957,2.8471
26,1,1,2,5,4,2,2,0,0,2.0156,3.1865
26,1,1,2,6,4,3,3,0,0,2.5011,3.712
26,1,1,2,7,1,3,3,0,0,2.3249,3.4646
26,1,1,2,8,3,1,3,1,0,2.1272,2.9468
26,1,1,2,9,1,2,2,0,0,2.9259,4.2252
26,1,1,2,10,4,2,2,0,0,2.4737,4.9579
26,1,1,2,11,1,2,1,1,0,1.1907,3.2905
26,1,1,2,12,2,3,2,1,0,1.6247,3.0129
26,1,1,2,13,1,3,1,1,0,1.9092,4.1196
26,1,1,2,14,4,1,1,0,0,1.9409,3.5042
26,1,1,2,15,2,3,2,1,0,1.8858,3.0817
26,1,1,2,16,4,1,4,1,0,1.6555,3.0033
26,1,1,2,17,2,3,2,1,0,1.5719,3.4948
26,1,1,2,18,2,4,2,1,0,2.1409,4.583
26,1,1,2,19,3,1,3,1,0,1.4336,3.1888
26,1,1,2,20,1,3,1,1,0,2.3836,3.1151
26,1,1,2,21,2,3,2,1,0,1.4324,3.219
26,1,1,2,22,4,2,4,1,0,3.4038,3.9187
26,1,1,2,23,3,2,3,1,0,1.4117,2.7985
26,1,1,2,24,4,2,2,0,0,2.4572,4.1249
26,1,1,2,25,2,1,2,1,0,1.5124,3.3964
26,1,1,2,26,4,1,4,1,0,1.9898,3.609
26,1,1,2,27,2,4,2,1,0,1.6907,2.8132
26,1,1,2,28,2,3,2,1,0,1.5191,2.7773
26,1,1,2,29,2,3,2,1,0,1.6693,2.7038
26,1,1,2,30,1,3,1,1,0,1.5349,3.2973
26,1,1,2,31,4,3,3,0,0,2.1119,3.9784
26,1,1,2,32,1,4,1,1,0,1.9262,2.9371
26,1,1,2,33,1,4,1,1,0,1.7022,4.1301
26,1,1,2,34,4,3,3,0,0,2.2284,3.5123
26,1,1,2,35,3,1,3,1,0,1.3247,3.0237
26,1,2,3,1,3,1,3,1,0,1.5687,4.052
26,1,2,3,2,3,1,3,1,0,1.1548,2.8697
26,1,2,3,3,3,1,3,1,0,1.5417,3.2242
26,1,2,3,4,3,1,3,1,0,1.4343,2.7178
26,1,2,3,5,1,3,3,0,0,2.2751,3.6619
26,1,2,3,6,1,3,1,1,0,2.1811,3.4232
26,1,2,3,7,3,1,3,1,0,1.3454,2.1414
26,1,2,3,8,3,1,3,1,0,1.3307,2.8847
26,1,2,3,9,1,3,1,1,0,1.4611,3.8329
26,1,2,3,10,1,3,3,0,0,1.9202,3.6342
26,1,2,3,11,3,1,3,1,0,1.3951,2.4871
26,1,2,3,12,1,3,1,1,0,1.7027,4.6343
26,1,2,3,13,3,1,1,0,0,1.6483,2.9152
26,1,2,3,14,3,1,3,1,0,1.4575,2.9326
26,1,2,3,15,1,3,1,1,0,1.4417,2.293
26,1,2,3,16,3,1,3,1,0,1.372,2.6001
26,1,2,3,17,1,3,1,1,0,1.5784,2.7403
26,1,2,3,18,1,3,1,1,0,1.491,2.8447
26,1,2,3,19,3,1,3,1,0,1.2379,2.1123
26,1,2,3,20,1,3,1,1,0,1.6883,2.7708
26,1,2,3,21,3,1,3,1,0,1.3746,2.3947
26,1,2,3,22,3,1,3,1,0,1.2854,2.7522
26,1,2,3,23,1,3,1,1,0,1.6769,2.7914
26,1,2,3,24,3,1,3,1,0,1.251,2.6144
26,1,2,3,25,1,3,1,1,0,1.2167,2.2839
26,1,2,3,26,1,3,1,1,0,1.3717,2.4549
26,1,2,3,27,3,1,3,1,0,1.4389,3.0994
26,1,2,3,28,1,3,1,1,0,1.3362,2.6447
26,1,2,3,29,1,3,1,1,0,2.4209,3.6965
26,1,2,3,30,3,1,3,1,0,2.0852,3.4474
26,1,2,3,31,1,3,1,1,0,1.5842,2.9225
26,1,2,3,32,3,1,3,1,0,2.3374,4.731
26,1,2,3,33,3,1,3,1,0,1.6072,2.3854
26,1,2,3,34,1,3,1,1,0,2.1261,3.592
26,1,2,3,35,1,3,1,1,0,2.0995,3.7744
26,1,3,1,1,4,,2,0,0,2.1685,3.6753
26,1,3,1,2,2,,2,1,0,1.6582,3.1258
26,1,3,1,3,3,,3,1,0,1.5392,3.2691
26,1,3,1,4,4,,2,0,0,1.7491,5.3204
26,1,3,1,5,4,,2,0,0,5.4271,7.0631
26,1,3,1,6,1,,1,1,0,1.8182,3.5736
26,1,3,1,7,2,,2,1,0,1.5844,2.9954
26,1,3,1,8,3,,3,1,0,1.6297,4.3684
26,1,3,1,9,1,,1,1,0,10.3396,12.5832
26,1,3,1,10,4,,3,0,0,1.703,4.3609
26,1,3,1,11,2,,2,1,0,1.6269,3.3579
26,1,3,1,12,4,,2,0,0,1.6421,3.7889
26,1,3,1,13,1,,1,1,0,1.7034,4.0261
26,1,3,1,14,3,,3,1,0,1.5476,3.6057
26,1,3,1,15,2,,2,1,0,1.7284,5.4831
26,1,3,1,16,1,,3,0,0,1.5111,2.5697
26,1,3,1,17,2,,2,1,0,1.7671,2.7047
26,1,3,1,18,4,,2,0,0,1.9525,3.4922
26,1,3,1,19,4,,3,0,0,1.2581,3.1734
26,1,3,1,20,4,,3,0,0,1.3125,2.1547
26,1,3,1,21,4,,3,0,0,2.2411,3.2362
26,1,3,1,22,2,,2,1,0,1.5567,3.0086
26,1,3,1,23,4,,4,1,0,1.762,2.934
26,1,3,1,24,4,,4,1,0,2.0021,3.2295
26,1,3,1,25,4,,3,0,0,1.4467,3.2412
26,1,3,1,26,4,,4,1,0,2.378,4.7331
26,1,3,1,27,1,,3,0,0,1.9207,4.3069
26,1,3,1,28,3,,3,1,0,1.6072,2.8577
26,1,3,1,29,4,,3,0,0,1.3389,2.3734
26,1,3,1,30,1,,1,1,0,1.6343,3.0788
26,1,3,1,31,3,,3,1,0,1.4046,2.2877
26,1,3,1,32,1,,1,1,0,1.704,3.3624
26,1,3,1,33,3,,3,1,0,2.3258,3.5293
26,1,3,1,34,2,,2,1,0,1.6612,7.6249
26,1,3,1,35,1,,1,1,0,2.0121,3.3842
26,2,1,1,1,2,,2,1,0,1.6466,3.0806
26,2,1,1,2,4,,4,1,0,1.6724,2.4826
26,2,1,1,3,4,,4,1,0,1.6115,2.4864
26,2,1,1,4,4,,1,0,0,1.4539,2.4086
26,2,1,1,5,1,,1,1,0,1.3002,2.2707
26,2,1,1,6,1,,1,1,0,1.5194,2.5306
26,2,1,1,7,1,,1,1,0,3.0244,4.6267
26,2,1,1,8,3,,3,1,0,1.275,2.3747
26,2,1,1,9,1,,1,1,0,1.4106,2.853
26,2,1,1,10,2,,2,1,0,1.5901,3.2902
26,2,1,1,11,1,,2,0,0,2.0401,2.7397
26,2,1,1,12,4,,4,1,0,1.4404,3.0667
26,2,1,1,13,3,,3,1,0,1.2591,3.2619
26,2,1,1,14,4,,2,0,0,2.2376,3.3686
26,2,1,1,15,3,,3,1,0,1.6596,2.9439
26,2,1,1,16,2,,2,1,0,1.4047,3.0465
26,2,1,1,17,1,,2,0,0,1.3996,2.4672
26,2,1,1,18,1,,1,1,0,2.8271,3.9181
26,2,1,1,19,1,,1,1,0,1.4588,2.4375
26,2,1,1,20,2,,2,1,0,1.1916,2.5304
26,2,1,1,21,4,,1,0,0,1.6241,2.4829
26,2,1,1,22,3,,3,1,0,1.3867,2.9173
26,2,1,1,23,4,,3,0,0,1.6271,3.7508
26,2,1,1,24,2,,2,1,0,1.9623,3.4772
26,2,1,1,25,3,,1,0,0,1.8445,3.0002
26,2,1,1,26,1,,1,1,0,1.5218,2.6363
26,2,1,1,27,1,,1,1,0,1.6302,2.7464
26,2,1,1,28,3,,4,0,0,2.086,3.1052
26,2,1,1,29,3,,3,1,0,1.4879,4.8498
26,2,1,1,30,1,,3,0,0,1.633,4.0108
26,2,1,1,31,1,,1,1,0,1.3647,2.8879
26,2,1,1,32,3,,3,1,0,1.5434,3.0108
26,2,1,1,33,1,,1,1,0,1.3642,3.1192
26,2,1,1,34,1,,1,1,0,1.5965,3.3448
26,2,1,1,35,1,,1,1,0,1.4999,2.9182
26,2,2,2,1,1,4,1,1,0,1.7155,3.8225
26,2,2,2,2,3,2,3,1,0,1.5352,2.5786
26,2,2,2,3,3,1,3,1,0,1.5495,3.0082
26,2,2,2,4,4,1,1,0,0,1.5957,3.1026
26,2,2,2,5,1,2,1,1,0,1.4451,2.5607
26,2,2,2,6,3,1,3,1,0,1.4434,3.6383
26,2,2,2,7,2,1,2,1,0,1.6716,3.018
26,2,2,2,8,1,2,1,1,0,1.7804,3.1191
26,2,2,2,9,2,1,2,1,0,1.6286,3.7208
26,2,2,2,10,1,3,1,1,0,1.2129,2.1522
26,2,2,2,11,2,3,2,1,0,1.4527,2.3442
26,2,2,2,12,4,2,2,0,0,1.3168,3.5116
26,2,2,2,13,1,4,2,0,0,1.3733,2.8402
26,2,2,2,14,1,2,1,1,0,1.5538,2.5562
26,2,2,2,15,3,2,3,1,0,1.5693,3.7328
26,2,2,2,16,3,4,3,1,0,1.4085,3.0919
26,2,2,2,17,1,3,1,1,0,1.547,2.9971
26,2,2,2,18,3,2,3,1,0,1.432,2.6913
26,2,2,2,19,1,3,1,1,0,1.3625,2.9087
26,2,2,2,20,4,1,1,0,0,2.0037,3.0545
26,2,2,2,21,4,3,3,0,0,1.5029,3.2653
26,2,2,2,22,3,4,3,1,0,1.4255,2.1889
26,2,2,2,23,1,2,1,1,0,2.1288,3.2527
26,2,2,2,24,1,3,1,1,0,1.6194,4.6864
26,2,2,2,25,1,4,1,1,0,2.1243,3.0632
26,2,2,2,26,3,2,3,1,0,1.655,3.6338
26,2,2,2,27,1,4,1,1,0,1.8817,3.4604
26,2,2,2,28,4,3,3,0,0,1.9089,2.8726
26,2,2,2,29,3,1,3,1,0,1.4956,2.7292
26,2,2,2,30,2,4,2,1,0,1.3753,2.3063
26,2,2,2,31,2,3,3,0,0,1.5942,3.3323
26,2,2,2,32,4,2,2,0,0,2.0571,3.4931
26,2,2,2,33,3,2,3,1,0,2.2423,3.8849
26,2,2,2,34,2,4,2,1,0,2.3157,3.6858
26,2,2,2,35,1,4,1,1,0,1.8051,2.8876
26,2,3,3,1,4,3,3,0,0,2.55,3.9284
26,2,3,3,2,3,4,3,1,0,1.8367,4.4647
26,2,3,3,3,4,3,3,0,0,2.5744,3.3215
26,2,3,3,4,4,3,3,0,0,1.4702,2.6653
26,2,3,3,5,4,3,4,1,0,1.4342,1.9323
26,2,3,3,6,4,3,3,0,0,1.7792,2.4227
26,2,3,3,7,4,3,4,1,0,1.7846,2.7476
26,2,3,3,8,4,3,3,0,0,1.504,2.3635
26,2,3,3,9,4,3,4,1,0,1.3836,2.1071
26,2,3,3,10,4,3,4,1,0,1.0663,1.9004
26,2,3,3,11,4,3,4,1,0,2.7564,3.6475
26,2,3,3,12,3,4,3,1,0,1.5434,2.6503
26,2,3,3,13,3,4,3,1,0,1.5549,2.358
26,2,3,3,14,4,3,4,1,0,1.6277,2.9679
26,2,3,3,15,4,3,4,1,0,0.9859,1.9653
26,2,3,3,16,4,3,4,1,0,1.3625,2.1975
26,2,3,3,17,4,3,4,1,0,1.1847,2.2842
26,2,3,3,18,4,3,4,1,0,1.6438,2.575
26,2,3,3,19,4,3,4,1,0,1.243,1.9891
26,2,3,3,20,3,4,3,1,0,1.2499,2.4198
26,2,3,3,21,4,3,3,0,0,1.4632,2.3942
26,2,3,3,22,4,3,3,0,0,1.4216,2.3052
26,2,3,3,23,3,4,3,1,0,1.1919,2.0418
26,2,3,3,24,3,4,3,1,0,1.0049,1.9364
26,2,3,3,25,4,3,3,0,0,1.3817,2.2971
26,2,3,3,26,3,4,3,1,1,1.2166,2.2584
26,2,3,3,27,4,3,3,0,0,1.2925,2.5596
26,2,3,3,28,3,4,3,1,0,1.116,1.9178
26,2,3,3,29,4,3,4,1,0,1.5255,2.4721
26,2,3,3,30,3,4,3,1,1,1.2729,2.4595
26,2,3,3,31,3,4,3,1,0,1.3089,2.0234
26,2,3,3,32,3,4,3,1,0,1.2499,2.8217
26,2,3,3,33,4,3,4,1,0,1.4473,2.4179
26,2,3,3,34,4,3,3,0,0,1.3084,2.271
26,2,3,3,35,4,3,4,1,0,1.5764,2.3482
26,3,1,3,1,4,2,2,0,0,1.5503,2.3691
26,3,1,3,2,2,4,2,1,0,1.1261,1.7856
26,3,1,3,3,2,4,2,1,0,1.5897,2.5531
26,3,1,3,4,2,4,2,1,0,1.2694,2.2492
26,3,1,3,5,4,2,4,1,0,1.1378,2.4369
26,3,1,3,6,2,4,2,1,0,1.3501,2.0342
26,3,1,3,7,2,4,2,1,0,1.2755,1.9832
26,3,1,3,8,4,2,4,1,0,2.1631,2.8704
26,3,1,3,9,2,4,2,1,0,1.2854,2.2808
26,3,1,3,10,4,2,4,1,0,1.2325,1.8685
26,3,1,3,11,4,2,4,1,0,1.309,2.0318
26,3,1,3,12,4,2,4,1,0,1.314,1.8761
26,3,1,3,13,4,2,4,1,0,1.1496,2.1136
26,3,1,3,14,4,2,2,0,0,2.3199,3.2675
26,3,1,3,15,4,2,4,1,0,1.4423,3.6688
26,3,1,3,16,4,2,4,1,0,1.4284,2.8145
26,3,1,3,17,4,2,4,1,0,1.145,2.1872
26,3,1,3,18,4,2,2,0,0,1.7193,4.8586
26,3,1,3,19,4,2,2,0,0,1.2571,2.5481
26,3,1,3,20,2,4,2,1,0,1.3846,2.3792
26,3,1,3,21,4,2,4,1,0,1.536,3.051
26,3,1,3,22,4,2,2,0,0,2.0745,2.7171
26,3,1,3,23,4,2,2,0,0,1.5717,2.232
26,3,1,3,24,2,4,2,1,0,1.361,2.2682
26,3,1,3,25,4,2,4,1,0,1.3568,2.3669
26,3,1,3,26,4,2,2,0,0,1.6521,2.5671
26,3,1,3,27,4,2,2,0,0,1.5714,2.1497
26,3,1,3,28,2,4,2,1,0,1.6519,3.39
26,3,1,3,29,2,4,2,1,0,1.5856,3.0129
26,3,1,3,30,2,4,2,1,0,1.518,3.2573
26,3,1,3,31,2,4,2,1,0,1.4572,4.5969
26,3,1,3,32,4,2,4,1,0,1.149,2.3927
26,3,1,3,33,2,4,2,1,0,1.3158,2.1029
26,3,1,3,34,2,4,2,1,0,1.1424,2.097
26,3,1,3,35,4,2,4,1,0,1.3524,2.3549
26,3,2,2,1,2,3,2,1,0,1.7014,3.6886
26,3,2,2,2,4,2,4,1,0,1.3186,2.7465
26,3,2,2,3,2,4,2,1,0,1.4216,2.1199
26,3,2,2,4,4,2,4,1,0,1.4074,2.1793
26,3,2,2,5,4,3,4,1,0,1.4549,2.6092
26,3,2,2,6,3,4,3,1,0,1.5166,2.3519
26,3,2,2,7,1,2,1,1,0,2.2926,2.9759
26,3,2,2,8,3,1,3,1,0,1.4106,2.2539
26,3,2,2,9,2,1,2,1,0,1.1835,2.7781
26,3,2,2,10,4,2,2,0,0,2.5489,3.1527
26,3,2,2,11,3,2,3,1,0,1.5163,2.9748
26,3,2,2,12,2,1,2,1,0,1.3718,2.3593
26,3,2,2,13,4,3,3,0,0,1.3148,2.6291
26,3,2,2,14,1,2,1,1,0,1.7757,2.6186
26,3,2,2,15,3,4,3,1,0,1.4522,2.2387
26,3,2,2,16,1,3,1,1,0,1.8175,4.0763
26,3,2,2,17,4,3,4,1,0,1.6909,2.9255
26,3,2,2,18,1,3,3,0,0,1.4997,2.5195
26,3,2,2,19,1,2,1,1,0,1.4853,2.6562
26,3,2,2,20,2,1,2,1,0,1.3375,2.2513
26,3,2,2,21,4,1,4,1,0,1.8291,2.5686
26,3,2,2,22,2,4,2,1,0,1.2688,2.5207
26,3,2,2,23,2,1,2,1,0,1.3504,2.2255
26,3,2,2,24,1,3,1,1,0,1.3953,2.5352
26,3,2,2,25,4,1,4,1,0,1.7158,2.6073
26,3,2,2,26,2,4,2,1,0,1.3942,2.9171
26,3,2,2,27,1,4,1,1,0,1.7786,2.8542
26,3,2,2,28,3,2,3,1,0,1.3666,2.129
26,3,2,2,29,1,2,1,1,0,1.8478,3.6902
26,3,2,2,30,1,2,1,1,0,2.137,6.1323
26,3,2,2,31,1,4,1,1,0,1.5419,2.5772
26,3,2,2,32,3,4,3,1,0,2.0367,2.7431
26,3,2,2,33,1,2,1,1,0,1.3722,2.6227
26,3,2,2,34,2,1,2,1,0,1.417,2.0838
26,3,2,2,35,4,2,2,0,0,1.6602,2.5361
26,3,3,1,1,2,,2,1,0,1.2649,2.1311
26,3,3,1,2,4,,4,1,0,1.4739,2.7173
26,3,3,1,3,3,,3,1,0,1.0029,2.0619
26,3,3,1,4,2,,2,1,0,1.4069,2.3697
26,3,3,1,5,2,,2,1,0,1.2707,2.0174
26,3,3,1,6,1,,1,1,0,1.3399,2.5283
26,3,3,1,7,3,,3,1,0,1.309,2.1273
26,3,3,1,8,1,,1,1,0,1.3899,2.1611
26,3,3,1,9,2,,2,1,0,1.2299,1.7216
26,3,3,1,10,3,,3,1,0,1.1202,1.8344
26,3,3,1,11,2,,2,1,0,1.2614,1.895
26,3,3,1,12,1,,1,1,0,1.688,2.2987
26,3,3,1,13,3,,3,1,0,1.2502,1.9649
26,3,3,1,14,2,,2,1,0,1.2262,1.9179
26,3,3,1,15,4,,4,1,0,1.3963,2.1581
26,3,3,1,16,2,,2,1,0,1.4282,1.9995
26,3,3,1,17,4,,4,1,0,1.2271,2.0626
26,3,3,1,18,3,,3,1,0,1.2627,1.7698
26,3,3,1,19,3,,3,1,0,1.3267,2.0892
26,3,3,1,20,2,,2,1,0,1.2499,1.8679
26,3,3,1,21,1,,1,1,0,1.5822,2.4655
26,3,3,1,22,4,,4,1,0,1.3772,1.9321
26,3,3,1,23,4,,1,0,0,1.7549,2.4608
26,3,3,1,24,1,,1,1,0,0.8933,1.8071
26,3,3,1,25,1,,2,0,0,1.3881,2.0157
26,3,3,1,26,3,,2,0,0,1.5858,2.8366
26,3,3,1,27,4,,4,1,0,1.3498,2.1297
26,3,3,1,28,4,,3,0,0,1.2705,2.3132
26,3,3,1,29,2,,2,1,0,1.4715,2.4518
26,3,3,1,30,4,,4,1,0,1.5245,2.5602
26,3,3,1,31,3,,3,1,0,1.2513,2.2393
26,3,3,1,32,4,,3,0,0,1.3443,2.0743
26,3,3,1,33,4,,3,0,0,1.2195,2.0545
26,3,3,1,34,2,,2,1,0,1.9434,2.9388
26,3,3,1,35,2,,2,1,0,1.528,2.6032
26,4,1,3,1,2,1,2,1,0,1.5072,2.9414
26,4,1,3,2,2,1,2,1,0,0.7064,2.0283
26,4,1,3,3,1,2,1,1,0,1.1597,3.563
26,4,1,3,4,2,1,2,1,0,1.4538,2.2405
26,4,1,3,5,1,2,1,1,0,1.5146,2.6214
26,4,1,3,6,1,2,1,1,0,1.1439,1.666
26,4,1,3,7,1,2,1,1,0,0.956,1.6232
26,4,1,3,8,2,1,2,1,0,0.9145,1.99
26,4,1,3,9,1,2,1,1,0,0.8414,1.4594
26,4,1,3,10,1,2,1,1,0,1.1742,1.9044
26,4,1,3,11,1,2,1,1,0,0.8646,1.5876
26,4,1,3,12,2,1,2,1,0,1.0164,1.6344
26,4,1,3,13,1,2,1,1,0,0.9743,1.8168
26,4,1,3,14,1,2,1,1,0,0.7157,1.7833
26,4,1,3,15,1,2,2,0,0,0.8117,2.9265
26,4,1,3,16,2,1,2,1,0,1.4527,2.5921
26,4,1,3,17,1,2,1,1,0,0.6353,1.4308
26,4,1,3,18,1,2,2,0,0,1.1603,2.6993
26,4,1,3,19,2,1,2,1,0,0.9786,1.7889
26,4,1,3,20,1,2,1,1,0,1.2823,2.2213
26,4,1,3,21,2,1,2,1,0,1.1033,2.0823
26,4,1,3,22,1,2,1,1,0,0.8669,1.869
26,4,1,3,23,1,2,1,1,0,0.9263,2.1056
26,4,1,3,24,1,2,2,0,0,1.7932,2.6845
26,4,1,3,25,1,2,1,1,0,1.2438,3.9659
26,4,1,3,26,1,2,2,0,0,1.2173,3.9234
26,4,1,3,27,2,1,2,1,0,1.2574,2.5003
26,4,1,3,28,2,1,2,1,0,0.9073,1.7822
26,4,1,3,29,1,2,1,1,0,0.826,1.5176
26,4,1,3,30,1,2,1,1,0,1.0931,1.8233
26,4,1,3,31,2,1,2,1,0,1.1234,1.9499
26,4,1,3,32,2,1,2,1,1,0.908,1.5992
26,4,1,3,33,2,1,2,1,1,0.8349,1.7244
26,4,1,3,34,1,2,1,1,0,0.8205,1.7208
26,4,1,3,35,2,1,2,1,1,0.6948,1.4743
26,4,2,1,1,2,,2,1,0,1.3511,2.305
26,4,2,1,2,3,,3,1,0,1.0721,2.3786
26,4,2,1,3,2,,2,1,0,1.1107,3.3373
26,4,2,1,4,3,,3,1,0,1.2386,2.1536
26,4,2,1,5,4,,4,1,0,1.735,4.0823
26,4,2,1,6,3,,2,0,0,1.544,2.9552
26,4,2,1,7,2,,3,0,0,1.7036,2.4343
26,4,2,1,8,4,,4,1,0,1.4524,2.5434
26,4,2,1,9,2,,2,1,0,1.3731,2.2718
26,4,2,1,10,2,,2,1,0,1.1449,1.7547
26,4,2,1,11,3,,3,1,0,1.4977,2.3492
26,4,2,1,12,2,,2,1,0,1.1861,1.9088
26,4,2,1,13,3,,2,0,0,1.4844,2.2544
26,4,2,1,14,1,,1,1,0,1.4647,2.0824
26,4,2,1,15,3,,3,1,0,1.3071,2.239
26,4,2,1,16,4,,4,1,0,1.5283,2.6918
26,4,2,1,17,1,,2,0,0,2.0507,3.6787
26,4,2,1,18,4,,4,1,0,1.3963,2.1826
26,4,2,1,19,3,,3,1,0,1.3783,2.4701
26,4,2,1,20,4,,2,0,0,1.4449,2.0484
26,4,2,1,21,1,,1,1,0,1.4338,2.5401
26,4,2,1,22,2,,2,1,0,1.2746,1.9166
26,4,2,1,23,3,,1,0,0,1.3799,2.3921
26,4,2,1,24,3,,3,1,0,1.2431,1.9178
26,4,2,1,25,4,,2,0,0,1.8287,2.9678
26,4,2,1,26,1,,1,1,0,1.4118,2.0865
26,4,2,1,27,3,,3,1,0,1.3673,2.3309
26,4,2,1,28,4,,3,0,0,2.4958,3.1388
26,4,2,1,29,3,,3,1,0,1.4795,2.5317
26,4,2,1,30,4,,4,1,0,1.6565,3.7306
26,4,2,1,31,4,,2,0,0,1.3677,2.2742
26,4,2,1,32,2,,2,1,0,1.1871,2.1983
26,4,2,1,33,1,,2,0,0,0.9779,2.0934
26,4,2,1,34,1,,1,1,0,1.2044,2.1437
26,4,2,1,35,1,,1,1,0,0.9321,1.5993
26,4,3,2,1,3,2,3,1,0,1.9495,2.785
26,4,3,2,2,3,1,3,1,0,1.028,2.3909
26,4,3,2,3,4,1,4,1,0,2.9865,4.2619
26,4,3,2,4,2,1,2,1,0,1.2356,1.943
26,4,3,2,5,2,1,2,1,0,1.3084,1.9519
26,4,3,2,6,1,2,2,0,0,0.9488,1.9997
26,4,3,2,7,1,3,1,1,0,4.4917,11.8223
26,4,3,2,8,4,2,4,1,0,2.2545,3.5858
26,4,3,2,9,4,2,2,0,0,5.1719,7.0622
26,4,3,2,10,1,3,1,1,0,1.5634,2.8309
26,4,3,2,11,1,3,1,1,0,1.0235,1.9874
26,4,3,2,12,1,4,1,1,0,1.4467,2.8336
26,4,3,2,13,2,3,3,0,0,1.6745,3.6469
26,4,3,2,14,4,1,4,1,0,1.6617,2.6416
26,4,3,2,15,1,2,1,1,0,1.0017,2.5659
26,4,3,2,16,1,2,2,0,0,1.9131,2.8529
26,4,3,2,17,1,3,1,1,0,1.069,2.265
26,4,3,2,18,3,2,3,1,0,1.2564,2.7474
26,4,3,2,19,2,1,2,1,0,1.2965,2.076
26,4,3,2,20,4,2,4,1,0,2.0678,2.9745
26,4,3,2,21,2,1,1,0,0,1.5703,2.909
26,4,3,2,22,1,2,1,1,0,1.4119,2.0782
26,4,3,2,23,3,1,3,1,0,1.2864,2.3695
26,4,3,2,24,4,2,4,1,0,1.6779,2.4897
26,4,3,2,25,1,3,1,1,0,1.8731,3.3407
26,4,3,2,26,2,3,2,1,0,1.457,2.3807
26,4,3,2,27,3,4,3,1,0,1.3673,2.1076
26,4,3,2,28,2,1,1,0,0,1.7218,3.2299
26,4,3,2,29,3,1,3,1,0,1.3416,1.9936
26,4,3,2,30,3,2,3,1,0,1.2205,2.4156
26,4,3,2,31,2,3,2,1,0,1.338,2.4845
26,4,3,2,32,2,3,2,1,0,1.9164,3.1445
26,4,3,2,33,4,3,4,1,0,2.2274,3.3757
26,4,3,2,34,4,3,4,1,0,1.4261,2.1658
26,4,3,2,35,3,2,3,1,0,1.8742,2.7811
26,5,1,1,1,4,,4,1,0,1.5785,2.2708
26,5,1,1,2,4,,4,1,0,1.5584,2.5779
26,5,1,1,3,1,,1,1,0,1.1576,2.2493
26,5,1,1,4,2,,2,1,0,1.4893,2.7406
26,5,1,1,5,3,,3,1,0,1.1772,1.8527
26,5,1,1,6,3,,3,1,0,1.2697,2.3854
26,5,1,1,7,2,,2,1,0,1.5483,2.3349
26,5,1,1,8,1,,1,1,0,1.8605,2.5912
26,5,1,1,9,2,,2,1,0,1.6024,2.6454
26,5,1,1,10,3,,3,1,0,1.3907,2.0181
26,5,1,1,11,2,,2,1,0,1.3806,2.4244
26,5,1,1,12,2,,2,1,0,1.3213,1.9471
26,5,1,1,13,1,,2,0,0,1.8573,2.4526
26,5,1,1,14,1,,3,0,0,1.6695,2.3444
26,5,1,1,15,1,,1,1,0,1.6461,3.129
26,5,1,1,16,4,,4,1,0,1.5574,2.2391
26,5,1,1,17,1,,1,1,0,1.5225,2.1254
26,5,1,1,18,1,,4,0,0,1.7796,2.376
26,5,1,1,19,2,,2,1,0,1.4354,2.4937
26,5,1,1,20,2,,1,0,0,1.5493,2.2245
26,5,1,1,21,2,,2,1,0,1.5313,3.1178
26,5,1,1,22,1,,3,0,0,1.796,2.5436
26,5,1,1,23,1,,1,1,0,1.7316,2.8138
26,5,1,1,24,2,,2,1,0,1.3682,2.011
26,5,1,1,25,3,,3,1,0,1.6142,2.3059
26,5,1,1,26,2,,3,0,0,1.7368,3.2124
26,5,1,1,27,4,,3,0,0,1.3896,1.8972
26,5,1,1,28,2,,2,1,0,1.5273,2.2423
26,5,1,1,29,4,,4,1,0,1.5398,2.1749
26,5,1,1,30,4,,4,1,0,1.3638,1.9197
26,5,1,1,31,2,,2,1,0,1.5336,2.2251
26,5,1,1,32,2,,2,1,0,1.6104,2.0946
26,5,1,1,33,4,,3,0,0,1.3087,1.8161
26,5,1,1,34,4,,1,0,0,1.467,2.1258
26,5,1,1,35,4,,4,1,0,1.8212,3.1527
26,5,2,3,1,4,1,4,1,0,1.291,2.3022
26,5,2,3,2,1,4,1,1,0,1.157,2.2471
26,5,2,3,3,1,4,1,1,0,0.8335,1.8998
26,5,2,3,4,1,4,1,1,0,0.8917,2.2311
26,5,2,3,5,1,4,1,1,0,0.9528,2.5726
26,5,2,3,6,4,1,4,1,0,0.8244,1.7643
26,5,2,3,7,1,4,1,1,0,1.0007,1.8917
26,5,2,3,8,4,1,4,1,0,1.2679,2.2059
26,5,2,3,9,1,4,1,1,0,0.8977,2.0281
26,5,2,3,10,4,1,4,1,0,1.1269,1.9454
26,5,2,3,11,4,1,4,1,0,0.8481,1.6267
26,5,2,3,12,1,4,1,1,0,1.0937,1.8082
26,5,2,3,13,4,1,1,0,0,0.9643,2.0318
26,5,2,3,14,4,1,4,1,0,1.0495,2.0518
26,5,2,3,15,1,4,1,1,0,0.9098,1.7052
26,5,2,3,16,4,1,4,1,0,0.8651,1.7474
26,5,2,3,17,1,4,1,1,0,1.1377,1.8682
26,5,2,3,18,4,1,4,1,0,0.8773,2.1037
26,5,2,3,19,4,1,4,1,0,1.4237,2.8992
26,5,2,3,20,4,1,4,1,0,1.0253,2.8685
26,5,2,3,21,1,4,1,1,0,0.6443,1.4724
26,5,2,3,22,4,1,4,1,0,0.897,1.7549
26,5,2,3,23,4,1,4,1,0,1.3621,3.2922
26,5,2,3,24,4,1,4,1,0,1.0594,2.895
26,5,2,3,25,1,4,1,1,0,1.0293,1.9684
26,5,2,3,26,4,1,4,1,0,1.0373,1.8231
26,5,2,3,27,1,4,1,1,0,0.8591,1.5813
26,5,2,3,28,1,4,1,1,1,0.7229,1.5575
26,5,2,3,29,1,4,1,1,1,0.7154,1.3513
26,5,2,3,30,4,1,4,1,0,2.0453,2.7524
26,5,2,3,31,4,1,4,1,0,0.8691,1.4787
26,5,2,3,32,1,4,1,1,0,0.8807,1.6672
26,5,2,3,33,4,1,4,1,0,0.9487,1.7833
26,5,2,3,34,1,4,1,1,0,1.2524,2.9116
26,5,2,3,35,1,4,1,1,0,0.7248,1.4152
26,5,3,2,1,1,2,1,1,0,3.3999,4.7705
26,5,3,2,2,1,2,1,1,0,1.4691,2.4233
26,5,3,2,3,2,3,2,1,0,1.747,2.5891
26,5,3,2,4,3,1,3,1,0,1.6013,2.7646
26,5,3,2,5,2,1,2,1,0,1.6085,2.6203
26,5,3,2,6,4,3,3,0,0,1.6697,2.6802
26,5,3,2,7,1,2,1,1,0,1.2801,2.3939
26,5,3,2,8,4,2,2,0,0,2.5814,3.8491
26,5,3,2,9,3,4,3,1,0,1.4399,2.9717
26,5,3,2,10,4,3,3,0,0,1.9664,2.6824
26,5,3,2,11,4,1,4,1,0,1.7371,2.9805
26,5,3,2,12,3,2,3,1,0,1.479,2.0826
26,5,3,2,13,4,2,4,1,0,2.0095,2.7176
26,5,3,2,14,3,4,3,1,0,1.9229,3.2301
26,5,3,2,15,2,4,2,1,0,1.5424,2.2659
26,5,3,2,16,4,3,4,1,0,1.7612,2.8452
26,5,3,2,17,1,3,1,1,0,1.6687,3.151
26,5,3,2,18,3,4,3,1,0,1.3713,3.2872
26,5,3,2,19,4,1,4,1,0,1.3893,2.0094
26,5,3,2,20,1,4,1,1,0,2.1792,3.1823
26,5,3,2,21,4,1,4,1,0,1.8327,2.5165
26,5,3,2,22,1,4,1,1,0,1.2902,2.8691
26,5,3,2,23,2,3,2,1,0,1.613,2.4799
26,5,3,2,24,3,4,3,1,0,1.824,3.1066
26,5,3,2,25,2,4,2,1,0,1.2893,2.1003
26,5,3,2,26,1,2,1,1,0,1.4834,3.5185
26,5,3,2,27,2,4,2,1,0,4.0522,5.2
26,5,3,2,28,3,1,3,1,0,1.463,2.1306
26,5,3,2,29,2,1,2,1,0,1.5119,2.3467
26,5,3,2,30,1,3,1,1,0,1.7278,2.7061
26,5,3,2,31,4,1,1,0,0,2.0896,2.8119
26,5,3,2,32,4,2,4,1,0,2.0305,2.7213
26,5,3,2,33,1,3,1,1,0,1.463,2.5154
26,5,3,2,34,4,2,4,1,0,1.5767,2.491
26,5,3,2,35,4,1,1,0,0,2.3316,3.2054
26,6,1,2,1,2,4,2,1,0,2.6144,3.4409
26,6,1,2,2,4,1,1,0,0,2.3379,2.9316
26,6,1,2,3,3,1,3,1,0,1.3937,1.8037
26,6,1,2,4,3,1,3,1,0,1.4728,2.0427
26,6,1,2,5,3,2,3,1,0,1.3009,1.9517
26,6,1,2,6,2,4,2,1,0,1.3259,2.2083
26,6,1,2,7,3,2,3,1,0,1.3721,2.3581
26,6,1,2,8,1,4,1,1,0,1.5084,2.3119
26,6,1,2,9,1,2,1,1,0,1.8699,2.3937
26,6,1,2,10,4,3,3,0,0,1.8755,2.7437
26,6,1,2,11,1,3,3,0,0,2.3318,3.3574
26,6,1,2,12,1,4,4,0,0,3.5306,4.1732
26,6,1,2,13,4,1,4,1,0,2.1355,2.788
26,6,1,2,14,3,1,3,1,0,1.5347,2.45
26,6,1,2,15,2,4,2,1,0,1.6183,2.9083
26,6,1,2,16,4,3,3,0,0,1.7315,2.304
26,6,1,2,17,1,4,4,0,0,2.5738,3.2091
26,6,1,2,18,3,2,3,1,0,1.8755,3.0619
26,6,1,2,19,1,4,1,1,0,4.238,4.8324
26,6,1,2,20,3,4,3,1,0,1.5203,2.2504
26,6,1,2,21,4,3,4,1,0,1.5483,2.2786
26,6,1,2,22,1,2,1,1,0,1.7997,2.6908
26,6,1,2,23,2,4,2,1,0,1.7299,2.3967
26,6,1,2,24,4,2,2,0,0,2.6001,4.5471
26,6,1,2,25,1,2,2,0,0,1.9732,2.8484
26,6,1,2,26,3,1,1,0,0,1.7533,2.6362
26,6,1,2,27,4,3,4,1,0,1.7178,2.7848
26,6,1,2,28,2,1,2,1,0,1.884,2.5839
26,6,1,2,29,4,2,2,0,0,1.7709,2.4535
26,6,1,2,30,3,2,3,1,0,1.2782,1.7929
26,6,1,2,31,1,2,1,1,0,1.6137,2.4647
26,6,1,2,32,4,1,4,1,0,1.841,3.3163
26,6,1,2,33,4,2,4,1,0,1.7774,2.9166
26,6,1,2,34,3,4,3,1,0,1.9384,2.6616
26,6,1,2,35,4,1,1,0,0,2.0132,2.8972
26,6,2,1,1,1,,1,1,0,1.3019,2.4401
26,6,2,1,2,4,,3,0,0,1.4499,2.5567
26,6,2,1,3,3,,3,1,0,1.3217,2.0918
26,6,2,1,4,1,,1,1,0,1.3249,2.1043
26,6,2,1,5,3,,3,1,0,1.4236,2.6824
26,6,2,1,6,1,,3,0,0,1.561,2.124
26,6,2,1,7,4,,2,0,0,1.3716,2.2696
26,6,2,1,8,3,,3,1,0,1.3023,2.0321
26,6,2,1,9,1,,1,1,0,1.1956,1.9583
26,6,2,1,10,3,,3,1,0,1.284,2.3436
26,6,2,1,11,3,,3,1,0,1.3239,2.3273
26,6,2,1,12,3,,3,1,0,1.2843,2.1436
26,6,2,1,13,4,,4,1,0,1.461,2.3748
26,6,2,1,14,4,,4,1,0,1.2922,1.8079
26,6,2,1,15,4,,4,1,0,1.9468,3.2625
26,6,2,1,16,2,,2,1,0,1.2132,1.9513
26,6,2,1,17,3,,3,1,0,1.3341,2.0413
26,6,2,1,18,1,,1,1,0,1.4672,2.5024
26,6,2,1,19,2,,2,1,0,1.3249,2.2796
26,6,2,1,20,4,,2,0,0,1.7034,2.4671
26,6,2,1,21,2,,2,1,0,1.7226,3.0061
26,6,2,1,22,3,,3,1,0,1.0646,1.6674
26,6,2,1,23,2,,2,1,0,1.4842,2.479
26,6,2,1,24,3,,3,1,0,1.2953,2.3455
26,6,2,1,25,1,,1,1,0,1.5114,2.3463
26,6,2,1,26,4,,1,0,0,1.8873,2.8344
26,6,2,1,27,2,,2,1,0,1.3477,2.0547
26,6,2,1,28,4,,2,0,0,3.4319,4.2421
26,6,2,1,29,3,,3,1,0,1.3467,2.2536
26,6,2,1,30,3,,3,1,0,1.422,2.2328
26,6,2,1,31,2,,2,1,0,1.4034,2.0151
26,6,2,1,32,2,,3,0,0,1.489,2.3801
26,6,2,1,33,3,,3,1,0,1.304,1.9304
26,6,2,1,34,4,,2,0,0,1.2171,2.6361
26,6,2,1,35,3,,3,1,0,1.1501,1.8165
26,6,3,3,1,2,3,2,1,0,2.0317,6.0099
26,6,3,3,2,3,2,3,1,0,1.0262,1.9082
26,6,3,3,3,2,3,2,1,0,1.2923,2.1192
26,6,3,3,4,2,3,2,1,0,1.1183,2.1051
26,6,3,3,5,3,2,3,1,0,0.9291,1.7955
26,6,3,3,6,2,3,2,1,0,0.848,1.7064
26,6,3,3,7,2,3,2,1,0,1.1227,1.8931
26,6,3,3,8,3,2,3,1,0,0.7652,2.3365
26,6,3,3,9,2,3,2,1,0,0.838,1.5539
26,6,3,3,10,3,2,3,1,0,0.8474,1.5865
26,6,3,3,11,2,3,2,1,0,0.9665,2.1135
26,6,3,3,12,3,2,2,0,0,1.4164,2.4844
26,6,3,3,13,2,3,2,1,0,1.2267,2.3417
26,6,3,3,14,2,3,2,1,0,0.8036,1.3991
26,6,3,3,15,3,2,3,1,0,0.9474,3.3432
26,6,3,3,16,3,2,3,1,0,0.8982,1.7181
26,6,3,3,17,3,2,3,1,0,0.8199,1.519
26,6,3,3,18,3,2,3,1,0,0.7192,1.4828
26,6,3,3,19,2,3,2,1,0,0.8749,2.069
26,6,3,3,20,3,2,3,1,0,0.9581,1.8809
26,6,3,3,21,2,3,2,1,0,0.7941,1.5014
26,6,3,3,22,2,3,2,1,0,0.9331,1.8401
26,6,3,3,23,3,2,3,1,0,0.9302,1.6694
26,6,3,3,24,2,3,2,1,0,0.9185,1.7925
26,6,3,3,25,2,3,2,1,0,0.9491,2.313
26,6,3,3,26,2,3,3,0,0,1.3425,2.409
26,6,3,3,27,3,2,3,1,0,1.0761,1.6708
26,6,3,3,28,3,2,3,1,0,0.8244,1.5163
26,6,3,3,29,2,3,2,1,0,1.0424,2.2053
26,6,3,3,30,3,2,3,1,0,0.9928,1.7322
26,6,3,3,31,2,3,2,1,0,1.1866,2.2294
26,6,3,3,32,2,3,2,1,0,1.0077,1.6995
26,6,3,3,33,3,2,3,1,0,0.7229,1.5815
26,6,3,3,34,2,3,2,1,0,1.5303,2.7324
26,6,3,3,35,2,3,2,1,0,0.9624,1.7095
27,1,1,1,1,4,,4,1,0,1.7951,3.1832
27,1,1,1,2,4,,3,0,0,3.6408,4.6358
27,1,1,1,3,3,,3,1,1,1.0439,2.0699
27,1,1,1,4,1,,1,1,0,1.1111,2.3393
27,1,1,1,5,1,,1,1,0,3.8241,5.4745
27,1,1,1,6,1,,1,1,0,1.3199,2.7318
27,1,1,1,7,2,,2,1,0,1.6488,2.8678
27,1,1,1,8,2,,2,1,0,1.2836,2.9182
27,1,1,1,9,3,,3,1,0,1.3005,4.1512
27,1,1,1,10,1,,2,0,0,2.4983,5.8136
27,1,1,1,11,3,,3,1,0,3.0045,5.0795
27,1,1,1,12,4,,2,0,0,6.8682,7.9035
27,1,1,1,13,2,,1,0,0,2.1052,3.5719
27,1,1,1,14,4,,2,0,0,1.9508,6.6969
27,1,1,1,15,2,,2,1,0,3.8445,4.7925
27,1,1,1,16,2,,2,1,0,1.4324,2.3804
27,1,1,1,17,3,,3,1,0,1.695,3.458
27,1,1,1,18,4,,4,1,0,1.4658,3.0045
27,1,1,1,19,1,,1,1,0,2.5193,3.5856
27,1,1,1,20,2,,2,1,0,1.2933,2.6491
27,1,1,1,21,4,,2,0,0,2.841,4.0271
27,1,1,1,22,1,,1,1,0,1.1329,1.9193
27,1,1,1,23,4,,4,1,0,1.4141,3.8565
27,1,1,1,24,2,,2,1,0,1.1843,2.2744
27,1,1,1,25,1,,4,0,0,1.916,2.942
27,1,1,1,26,1,,1,1,0,4.9882,5.8141
27,1,1,1,27,2,,2,1,0,3.1577,7.4976
27,1,1,1,28,2,,2,1,0,3.6749,6.8058
27,1,1,1,29,2,,2,1,0,3.0365,4.8866
27,1,1,1,30,4,,3,0,0,1.8684,2.5988
27,1,1,1,31,3,,3,1,1,1.0503,2.5258
27,1,1,1,32,4,,4,1,0,2.0116,3.2773
27,1,1,1,33,3,,3,1,0,1.0856,2.5452
27,1,1,1,34,2,,2,1,0,1.3257,2.6577
27,1,1,1,35,3,,3,1,0,1.3054,3.2689
27,1,2,2,1,4,3,4,1,0,2.4643,3.8504
27,1,2,2,2,4,1,4,1,0,3.3543,4.7495
27,1,2,2,3,3,1,3,1,0,1.2479,2.5477
27,1,2,2,4,2,3,2,1,0,1.2481,2.702
27,1,2,2,5,2,3,2,1,0,1.2098,2.3493
27,1,2,2,6,3,4,4,0,0,7.0422,9.3009
27,1,2,2,7,4,3,4,1,0,1.3884,5.6147
27,1,2,2,8,2,3,2,1,0,1.3258,2.5539
27,1,2,2,9,3,4,3,1,0,2.8304,4.2165
27,1,2,2,10,2,4,2,1,0,1.2897,2.6115
27,1,2,2,11,3,4,3,1,0,1.3192,2.7772
27,1,2,2,12,1,4,1,1,0,1.853,3.2244
27,1,2,2,13,1,4,4,0,0,4.6099,6.6853
27,1,2,2,14,1,2,1,1,0,8.1999,9.882
27,1,2,2,15,4,1,1,0,0,4.3627,5.3507
27,1,2,2,16,1,4,1,1,0,3.1601,4.2665
27,1,2,2,17,4,2,2,0,0,1.5369,8.045
27,1,2,2,18,2,4,2,1,0,1.2638,2.3228
27,1,2,2,19,3,2,3,1,0,1.5296,3.1799
27,1,2,2,20,2,3,2,1,0,1.3595,2.6095
27,1,2,2,21,4,1,4,1,0,3.1009,4.8792
27,1,2,2,22,4,2,2,0,0,6.0291,7.6808
27,1,2,2,23,4,1,1,0,0,2.5223,3.8053
27,1,2,2,24,4,1,4,1,0,2.9195,4.4498
27,1,2,2,25,3,2,2,0,0,2.8253,3.66
27,1,2,2,26,3,2,3,1,0,1.8675,2.8383
27,1,2,2,27,4,1,4,1,0,1.7121,3.0986
27,1,2,2,28,4,3,4,1,0,3.6089,6.0675
27,1,2,2,29,3,1,3,1,0,1.2246,2.4668
27,1,2,2,30,3,4,3,1,0,1.1963,2.8878
27,1,2,2,31,2,1,2,1,0,1.2782,2.9043
27,1,2,2,32,2,3,2,1,0,0.9919,2.1147
27,1,2,2,33,1,4,1,1,0,3.634,5.6208
27,1,2,2,34,3,2,3,1,0,1.3797,2.7748
27,1,2,2,35,1,4,1,1,0,1.4667,2.277
27,1,3,3,1,2,1,2,1,0,1.3689,2.8853
27,1,3,3,2,1,2,2,0,0,2.6513,3.4068
27,1,3,3,3,1,2,2,0,0,1.8319,2.986
27,1,3,3,4,2,1,2,1,0,1.1264,2.1922
27,1,3,3,5,1,2,1,1,0,2.5168,3.4727
27,1,3,3,6,1,2,1,1,0,3.0227,5.2332
27,1,3,3,7,1,2,1,1,0,3.9847,6.3554
27,1,3,3,8,1,2,1,1,0,0.9804,2.1195
27,1,3,3,9,1,2,2,0,0,1.2694,2.4649
27,1,3,3,10,2,1,2,1,0,0.9697,2.2769
27,1,3,3,11,2,1,2,1,0,0.9807,1.8155
27,1,3,3,12,2,1,2,1,0,1.0267,3.326
27,1,3,3,13,1,2,1,1,0,1.4744,2.4689
27,1,3,3,14,1,2,1,1,0,1.4144,2.7132
27,1,3,3,15,1,2,1,1,0,12.2867,13.6251
27,1,3,3,16,1,2,1,1,0,1.3196,2.2916
27,1,3,3,17,1,2,2,0,0,0.8809,1.6455
27,1,3,3,18,2,1,2,1,0,0.885,1.9357
27,1,3,3,19,1,2,2,0,0,3.6145,6.2012
27,1,3,3,20,2,1,2,1,0,0.8564,1.8194
27,1,3,3,21,1,2,1,1,0,2.9508,5.2821
27,1,3,3,22,1,2,1,1,0,1.5415,2.4732
27,1,3,3,23,2,1,2,1,0,1.1291,4.1092
27,1,3,3,24,1,2,1,1,0,1.9292,3.077
27,1,3,3,25,1,2,1,1,0,1.0441,2.1737
27,1,3,3,26,2,1,2,1,1,0.8993,2.1513
27,1,3,3,27,2,1,2,1,0,0.868,1.7512
27,1,3,3,28,2,1,2,1,0,1.3491,2.5989
27,1,3,3,29,2,1,2,1,0,1.0742,2.118
27,1,3,3,30,2,1,2,1,0,0.9639,2.0229
27,1,3,3,31,1,2,1,1,0,0.9852,2.2681
27,1,3,3,32,1,2,2,0,0,2.8843,3.7357
27,1,3,3,33,2,1,2,1,0,1.2199,2.0474
27,1,3,3,34,1,2,1,1,0,1.6878,3.0116
27,1,3,3,35,1,2,1,1,0,2.453,3.1353
27,2,1,2,1,1,4,1,1,0,2.0679,3.8152
27,2,1,2,2,1,3,1,1,0,3.0719,5.4174
27,2,1,2,3,4,1,4,1,0,1.8015,2.8293
27,2,1,2,4,3,4,3,1,0,1.6618,2.5121
27,2,1,2,5,2,3,2,1,0,1.2315,2.2573
27,2,1,2,6,1,2,1,1,0,1.403,7.1748
27,2,1,2,7,2,3,2,1,0,1.2294,2.2253
27,2,1,2,8,2,4,2,1,0,1.1949,2.1421
27,2,1,2,9,4,1,1,0,0,1.4525,2.8156
27,2,1,2,10,4,1,4,1,0,4.545,6.7889
27,2,1,2,11,4,2,4,1,0,1.8114,3.5171
27,2,1,2,12,3,4,3,1,0,4.3314,6.1823
27,2,1,2,13,1,4,1,1,0,1.9261,3.0966
27,2,1,2,14,3,4,3,1,0,1.3436,2.3869
27,2,1,2,15,2,3,2,1,0,1.2857,2.3696
27,2,1,2,16,4,2,2,0,0,3.2291,4.5841
27,2,1,2,17,4,1,4,1,0,6.5541,8.6684
27,2,1,2,18,2,4,2,1,0,1.31,2.6656
27,2,1,2,19,4,2,4,1,0,1.7219,3.2922
27,2,1,2,20,3,2,3,1,0,1.8512,3.2857
27,2,1,2,21,3,4,3,1,0,1.0368,2.2231
27,2,1,2,22,2,1,2,1,0,1.5464,2.3001
27,2,1,2,23,4,1,4,1,0,1.3323,2.1995
27,2,1,2,24,3,1,3,1,1,1.2026,2.0053
27,2,1,2,25,3,1,3,1,0,1.0333,2.165
27,2,1,2,26,1,4,1,1,0,2.0888,3.3889
27,2,1,2,27,1,3,3,0,0,1.5267,4.5543
27,2,1,2,28,2,4,2,1,0,1.4761,3.2558
27,2,1,2,29,1,2,3,0,0,2.3914,5.8496
27,2,1,2,30,3,4,3,1,0,1.4877,8.3312
27,2,1,2,31,3,1,3,1,0,1.2188,2.2769
27,2,1,2,32,1,4,4,0,0,3.6458,4.9453
27,2,1,2,33,3,4,2,0,0,1.8357,2.8474
27,2,1,2,34,4,1,4,1,0,3.9509,5.5375
27,2,1,2,35,2,3,2,1,0,1.2686,3.1033
27,2,2,1,1,3,,3,1,0,1.3923,2.3964
27,2,2,1,2,3,,3,1,0,1.1744,2.4815
27,2,2,1,3,4,,3,0,0,2.2812,3.172
27,2,2,1,4,1,,2,0,0,4.3674,5.2582
27,2,2,1,5,1,,1,1,0,1.0247,1.947
27,2,2,1,6,3,,3,1,0,1.2572,2.5078
27,2,2,1,7,4,,4,1,0,2.4596,3.839
27,2,2,1,8,1,,1,1,0,1.5426,2.9129
27,2,2,1,9,3,,3,1,0,1.7031,4.1225
27,2,2,1,10,3,,2,0,0,2.1345,3.9948
27,2,2,1,11,3,,3,1,0,1.3711,2.2774
27,2,2,1,12,4,,4,1,0,1.3345,2.1058
27,2,2,1,13,1,,1,1,0,1.6409,2.4672
27,2,2,1,14,1,,1,1,0,1.6598,2.4947
27,2,2,1,15,3,,2,0,0,1.8222,2.7047
27,2,2,1,16,4,,2,0,0,2.2474,2.8668
27,2,2,1,17,4,,4,1,0,2.5856,3.3098
27,2,2,1,18,3,,3,1,0,2.3147,3.469
27,2,2,1,19,2,,2,1,0,1.4934,2.9525
27,2,2,1,20,2,,4,0,0,3.2051,4.4553
27,2,2,1,21,1,,1,1,0,1.4945,2.8011
27,2,2,1,22,2,,2,1,0,1.3407,3.0308
27,2,2,1,23,2,,2,1,0,2.2007,3.1384
27,2,2,1,24,2,,2,1,0,1.3125,2.3385
27,2,2,1,25,4,,4,1,0,1.6255,2.5392
27,2,2,1,26,3,,1,0,0,2.7937,3.6683
27,2,2,1,27,2,,2,1,0,2.8914,4.5343
27,2,2,1,28,2,,1,0,0,2.4425,4.454
27,2,2,1,29,1,,1,1,1,1.1479,2.0312
27,2,2,1,30,3,,1,0,0,4.5775,6.5478
27,2,2,1,31,4,,4,1,0,4.4284,5.4629
27,2,2,1,32,2,,1,0,0,1.0458,3.0656
27,2,2,1,33,2,,2,1,0,1.4884,2.7882
27,2,2,1,34,4,,4,1,0,3.5262,4.5691
27,2,2,1,35,3,,3,1,0,1.6352,3.67
27,2,3,3,1,4,2,4,1,0,1.9163,3.4066
27,2,3,3,2,4,2,4,1,0,1.2089,2.9086
27,2,3,3,3,4,2,4,1,0,2.4271,3.5819
27,2,3,3,4,2,4,2,1,0,0.944,2.4265
27,2,3,3,5,2,4,2,1,0,0.9169,2.3684
27,2,3,3,6,4,2,2,0,0,2.1884,3.4006
27,2,3,3,7,4,2,4,1,0,0.9697,2.0195
27,2,3,3,8,2,4,2,1,0,1.1995,2.0591
27,2,3,3,9,4,2,2,0,0,2.6922,3.9357
27,2,3,3,10,4,2,4,1,0,1.2753,3.4949
27,2,3,3,11,4,2,2,0,0,1.6356,2.4779
27,2,3,3,12,4,2,2,0,0,1.1744,2.3937
27,2,3,3,13,2,4,2,1,0,0.9244,1.7924
27,2,3,3,14,2,4,2,1,0,0.9395,2.0145
27,2,3,3,15,2,4,2,1,0,1.4416,2.7239
27,2,3,3,16,2,4,2,1,0,1.0668,2.0299
27,2,3,3,17,2,4,2,1,0,0.8633,2.2256
27,2,3,3,18,4,2,4,1,0,1.8533,2.7033
27,2,3,3,19,2,4,2,1,0,0.9193,2.2011
27,2,3,3,20,4,2,4,1,0,1.7332,3.8087
27,2,3,3,21,4,2,4,1,0,2.0018,2.9724
27,2,3,3,22,4,2,4,1,0,1.1207,2.2346
27,2,3,3,23,2,4,4,0,0,1.3253,2.2558
27,2,3,3,24,2,4,2,1,0,1.2576,2.1091
27,2,3,3,25,4,2,4,1,0,0.9231,1.6696
27,2,3,3,26,4,2,4,1,0,2.0961,3.4273
27,2,3,3,27,2,4,2,1,0,0.9555,6.7989
27,2,3,3,28,2,4,2,1,0,1.1491,3.0873
27,2,3,3,29,2,4,2,1,1,0.9825,2.1137
27,2,3,3,30,2,4,2,1,0,0.8725,1.8358
27,2,3,3,31,2,4,2,1,0,1.0138,2.7617
27,2,3,3,32,2,4,2,1,1,0.8288,1.6802
27,2,3,3,33,4,2,4,1,0,1.0884,2.1243
27,2,3,3,34,2,4,2,1,0,0.7864,1.6134
27,2,3,3,35,4,2,2,0,0,1.144,1.9564
27,3,1,3,1,4,1,4,1,0,1.3128,2.3084
27,3,1,3,2,1,4,1,1,0,0.859,2.1026
27,3,1,3,3,4,1,4,1,1,1.1655,2.089
27,3,1,3,4,4,1,4,1,1,1.1355,2.0834
27,3,1,3,5,4,1,4,1,0,1.027,2.8537
27,3,1,3,6,4,1,4,1,0,1.5907,2.8824
27,3,1,3,7,4,1,4,1,0,1.176,1.9554
27,3,1,3,8,1,4,1,1,0,1.5689,2.8043
27,3,1,3,9,4,1,4,1,0,1.238,2.1705
27,3,1,3,10,4,1,4,1,0,1.7985,2.9702
27,3,1,3,11,4,1,4,1,0,1.5561,2.7515
27,3,1,3,12,4,1,1,0,0,5.1478,6.4707
27,3,1,3,13,4,1,4,1,0,1.2272,2.0782
27,3,1,3,14,4,1,4,1,0,1.1983,2.1613
27,3,1,3,15,4,1,4,1,0,1.4378,2.3053
27,3,1,3,16,1,4,4,0,0,2.712,3.788
27,3,1,3,17,1,4,1,1,0,1.2844,2.1105
27,3,1,3,18,1,4,1,1,0,1.3978,2.0806
27,3,1,3,19,4,1,4,1,0,1.2572,2.0774
27,3,1,3,20,1,4,1,1,0,1.2446,2.1444
27,3,1,3,21,1,4,1,1,0,1.6127,2.8409
27,3,1,3,22,4,1,4,1,0,1.5362,3.8267
27,3,1,3,23,1,4,1,1,0,1.1636,1.8539
27,3,1,3,24,4,1,4,1,0,1.0323,2.0748
27,3,1,3,25,1,4,1,1,0,1.3871,2.3514
27,3,1,3,26,4,1,1,0,0,1.2517,2.0058
27,3,1,3,27,1,4,1,1,0,1.658,2.8447
27,3,1,3,28,1,4,1,1,0,1.3256,2.4808
27,3,1,3,29,1,4,1,1,0,2.5766,3.4125
27,3,1,3,30,4,1,4,1,0,0.7644,1.8555
27,3,1,3,31,4,1,1,0,0,2.9214,3.861
27,3,1,3,32,4,1,4,1,0,1.3153,2.9344
27,3,1,3,33,1,4,1,1,0,1.4592,2.3746
27,3,1,3,34,1,4,1,1,0,1.227,2.4374
27,3,1,3,35,4,1,4,1,0,1.1839,3.4269
27,3,2,1,1,2,,2,1,0,2.9441,5.3791
27,3,2,1,2,3,,3,1,0,1.2591,2.1658
27,3,2,1,3,2,,2,1,0,1.0669,1.8391
27,3,2,1,4,4,,4,1,0,1.2248,2.6996
27,3,2,1,5,2,,2,1,0,2.9948,3.7494
27,3,2,1,6,3,,3,1,0,0.9606,1.7072
27,3,2,1,7,2,,2,1,0,1.0601,2.0067
27,3,2,1,8,1,,4,0,0,3.7707,4.7171
27,3,2,1,9,1,,1,1,0,1.2655,2.5631
27,3,2,1,10,4,,4,1,0,1.4087,2.8122
27,3,2,1,11,1,,1,1,0,2.5175,3.8005
27,3,2,1,12,4,,4,1,0,1.1699,2.1576
27,3,2,1,13,4,,4,1,0,2.8023,3.8057
27,3,2,1,14,1,,1,1,0,1.2467,2.2092
27,3,2,1,15,2,,2,1,0,1.2127,2.24
27,3,2,1,16,1,,1,1,0,1.8014,2.6515
27,3,2,1,17,3,,3,1,0,1.3971,2.8718
27,3,2,1,18,3,,3,1,0,1.7364,3.0998
27,3,2,1,19,2,,2,1,0,1.3619,2.0924
27,3,2,1,20,2,,2,1,0,1.1239,2.2718
27,3,2,1,21,1,,2,0,0,2.3514,4.674
27,3,2,1,22,1,,1,1,0,2.8243,3.6363
27,3,2,1,23,4,,2,0,0,3.34,4.6062
27,3,2,1,24,3,,3,1,0,3.24,5.3466
27,3,2,1,25,3,,3,1,0,1.444,2.7429
27,3,2,1,26,1,,1,1,0,1.2443,2.0625
27,3,2,1,27,2,,1,0,0,1.6483,4.363
27,3,2,1,28,4,,3,0,0,1.429,2.9445
27,3,2,1,29,2,,2,1,0,2.5812,4.3989
27,3,2,1,30,3,,2,0,0,1.2884,3.8508
27,3,2,1,31,4,,4,1,0,2.8994,4.4949
27,3,2,1,32,4,,4,1,0,3.22,5.063
27,3,2,1,33,2,,2,1,0,1.4839,2.5595
27,3,2,1,34,3,,2,0,0,2.6677,3.6533
27,3,2,1,35,3,,2,0,0,6.6376,7.9295
27,3,3,2,1,3,2,3,1,0,1.3984,2.5061
27,3,3,2,2,1,4,1,1,0,2.3601,3.8509
27,3,3,2,3,1,4,1,1,0,3.635,5.0288
27,3,3,2,4,4,3,3,0,0,1.8847,2.8796
27,3,3,2,5,4,2,2,0,0,1.8389,3.3529
27,3,3,2,6,4,1,1,0,0,3.2938,4.281
27,3,3,2,7,3,4,3,1,0,1.2221,2.3294
27,3,3,2,8,3,1,3,1,0,1.1662,2.1524
27,3,3,2,9,2,1,2,1,0,1.4862,2.6886
27,3,3,2,10,1,2,3,0,0,1.4808,4.1473
27,3,3,2,11,2,4,2,1,0,1.4632,3.7065
27,3,3,2,12,3,1,3,1,0,1.5111,2.5056
27,3,3,2,13,3,2,3,1,0,1.1129,3.8441
27,3,3,2,14,3,4,3,1,1,1.2521,2.8561
27,3,3,2,15,3,4,3,1,0,5.3837,6.8425
27,3,3,2,16,1,4,1,1,0,2.9519,4.0509
27,3,3,2,17,4,3,4,1,0,2.6181,4.5401
27,3,3,2,18,2,1,1,0,0,1.5439,2.5639
27,3,3,2,19,3,2,3,1,0,1.3188,3.53
27,3,3,2,20,4,3,4,1,0,1.2624,2.9778
27,3,3,2,21,3,4,3,1,0,1.1645,2.3513
27,3,3,2,22,1,3,1,1,0,1.765,3.3994
27,3,3,2,23,3,4,3,1,0,1.1213,2.7884
27,3,3,2,24,2,4,2,1,0,1.9441,4.1399
27,3,3,2,25,1,2,2,0,0,4.9507,6.8653
27,3,3,2,26,1,2,2,0,0,3.3008,5.0076
27,3,3,2,27,1,2,1,1,0,3.2804,5.091
27,3,3,2,28,2,3,2,1,0,1.9923,4.2757
27,3,3,2,29,2,3,2,1,0,1.0893,2.7958
27,3,3,2,30,4,2,4,1,0,2.1197,3.1306
27,3,3,2,31,1,3,3,0,0,4.7676,5.8815
27,3,3,2,32,1,3,3,0,0,2.9976,3.7924
27,3,3,2,33,2,1,2,1,0,1.2021,2.1811
27,3,3,2,34,4,1,4,1,0,2.5289,3.492
27,3,3,2,35,2,1,2,1,0,1.0336,1.9331
27,4,1,2,1,1,4,1,1,0,1.2425,2.3741
27,4,1,2,2,2,1,2,1,0,0.9461,1.7662
27,4,1,2,3,3,2,3,1,0,1.0904,2.9098
27,4,1,2,4,4,2,2,0,0,1.2351,2.2543
27,4,1,2,5,3,2,2,0,0,2.4475,3.4346
27,4,1,2,6,3,4,3,1,0,1.3871,2.7747
27,4,1,2,7,4,3,4,1,0,1.4581,2.3486
27,4,1,2,8,4,1,1,0,0,3.7223,6.0451
27,4,1,2,9,3,4,3,1,0,1.3545,5.1415
27,4,1,2,10,3,4,3,1,0,1.3928,2.3788
27,4,1,2,11,4,3,4,1,0,4.4073,5.4976
27,4,1,2,12,1,2,1,1,0,2.4942,3.4086
27,4,1,2,13,4,1,4,1,0,2.9235,4.3653
27,4,1,2,14,1,4,1,1,1,2.3046,3.3163
27,4,1,2,15,4,1,4,1,0,1.5049,2.5628
27,4,1,2,16,4,3,4,1,0,10.7683,12.3
27,4,1,2,17,1,4,1,1,0,3.2148,6.019
27,4,1,2,18,1,4,4,0,0,6.6568,8.915
27,4,1,2,19,2,1,2,1,0,2.2036,3.6797
27,4,1,2,20,2,1,2,1,0,0.9732,1.8071
27,4,1,2,21,2,1,2,1,0,1.1157,2.4391
27,4,1,2,22,2,1,1,0,0,2.0008,3.444
27,4,1,2,23,3,4,3,1,0,6.4438,7.4948
27,4,1,2,24,1,2,2,0,0,1.1526,2.2603
27,4,1,2,25,3,2,3,1,0,1.2441,2.5505
27,4,1,2,26,4,3,4,1,1,1.6765,2.9823
27,4,1,2,27,3,2,3,1,0,3.7546,4.8523
27,4,1,2,28,4,3,4,1,0,1.58,2.4953
27,4,1,2,29,1,2,1,1,0,3.7099,4.8092
27,4,1,2,30,4,3,3,0,0,7.5691,9.6751
27,4,1,2,31,3,2,2,0,0,1.5807,4.0557
27,4,1,2,32,4,2,2,0,0,2.6067,4.1944
27,4,1,2,33,4,2,2,0,0,6.4904,7.9411
27,4,1,2,34,4,2,2,0,0,1.2777,2.6408
27,4,1,2,35,3,4,3,1,0,1.4503,2.318
27,4,2,3,1,3,2,3,1,0,1.3526,2.3713
27,4,2,3,2,3,2,3,1,0,0.7846,1.8603
27,4,2,3,3,2,3,2,1,0,1.1161,2.0154
27,4,2,3,4,2,3,2,1,0,1.3143,2.1741
27,4,2,3,5,2,3,2,1,0,1.1369,2.2993
27,4,2,3,6,3,2,2,0,0,4.6516,7.9187
27,4,2,3,7,2,3,2,1,0,1.1831,4.3223
27,4,2,3,8,2,3,3,0,0,5.0623,6.5539
27,4,2,3,9,3,2,3,1,1,0.9618,1.932
27,4,2,3,10,2,3,2,1,0,3.611,7.0944
27,4,2,3,11,2,3,2,1,0,2.3523,3.8588
27,4,2,3,12,2,3,2,1,0,1.1795,2.1734
27,4,2,3,13,2,3,2,1,0,1.5151,2.5332
27,4,2,3,14,2,3,2,1,0,1.067,3.6694
27,4,2,3,15,2,3,2,1,0,1.9174,5.0727
27,4,2,3,16,2,3,2,1,1,3.2223,5.2337
27,4,2,3,17,2,3,3,0,0,3.352,4.2751
27,4,2,3,18,2,3,2,1,0,1.5687,2.7719
27,4,2,3,19,3,2,2,0,0,1.1115,2.9707
27,4,2,3,20,2,3,2,1,0,3.9911,5.5053
27,4,2,3,21,2,3,3,0,0,2.5897,4.7595
27,4,2,3,22,2,3,2,1,0,1.6029,2.9661
27,4,2,3,23,2,3,3,0,0,6.8014,8.157
27,4,2,3,24,2,3,2,1,0,0.9074,1.9429
27,4,2,3,25,3,2,3,1,0,1.2519,2.1357
27,4,2,3,26,3,2,3,1,0,1.0294,1.9513
27,4,2,3,27,3,2,3,1,0,1.2297,2.1537
27,4,2,3,28,2,3,3,0,0,3.054,4.33
27,4,2,3,29,3,2,3,1,0,1.3485,2.5275
27,4,2,3,30,2,3,3,0,0,7.0132,9.6155
27,4,2,3,31,2,3,2,1,0,0.947,1.8545
27,4,2,3,32,2,3,2,1,0,0.7991,2.1149
27,4,2,3,33,2,3,2,1,0,0.8817,1.7473
27,4,2,3,34,3,2,3,1,0,0.9141,2.75
27,4,2,3,35,2,3,2,1,0,1.1935,2.4298
27,4,3,1,1,3,,3,1,0,1.6354,3.1427
27,4,3,1,2,1,,1,1,0,1.3394,2.1346
27,4,3,1,3,2,,2,1,0,1.1002,2.351
27,4,3,1,4,3,,3,1,0,1.1084,1.9587
27,4,3,1,5,2,,2,1,0,1.0201,1.943
27,4,3,1,6,2,,2,1,0,1.0614,2.0718
27,4,3,1,7,4,,4,1,0,1.1609,1.7801
27,4,3,1,8,1,,1,1,0,0.9846,2.1704
27,4,3,1,9,4,,4,1,0,2.4561,3.1219
27,4,3,1,10,1,,1,1,0,1.6963,3.6505
27,4,3,1,11,4,,4,1,0,1.0915,1.8711
27,4,3,1,12,4,,4,1,0,2.4477,4.6092
27,4,3,1,13,2,,2,1,0,1.2269,1.9505
27,4,3,1,14,4,,4,1,0,1.6358,2.5106
27,4,3,1,15,2,,2,1,0,1.4447,2.4808
27,4,3,1,16,1,,1,1,0,1.2874,2.0582
27,4,3,1,17,3,,4,0,0,2.2201,2.9107
27,4,3,1,18,4,,4,1,0,1.8849,2.8877
27,4,3,1,19,4,,4,1,1,1.1352,1.9392
27,4,3,1,20,4,,2,0,0,3.0166,4.164
27,4,3,1,21,1,,1,1,0,1.6857,3.0253
27,4,3,1,22,4,,1,0,0,2.6585,4.1665
27,4,3,1,23,2,,2,1,0,1.6326,3.4919
27,4,3,1,24,4,,3,0,0,1.9614,3.7398
27,4,3,1,25,2,,2,1,0,2.4408,3.8835
27,4,3,1,26,3,,3,1,0,1.2184,2.6929
27,4,3,1,27,2,,2,1,0,2.1401,3.134
27,4,3,1,28,1,,1,1,0,1.0918,1.9661
27,4,3,1,29,3,,2,0,0,1.8997,2.9179
27,4,3,1,30,1,,1,1,0,2.173,3.6956
27,4,3,1,31,3,,3,1,0,1.3895,2.5518
27,4,3,1,32,2,,2,1,0,1.3573,2.1998
27,4,3,1,33,3,,3,1,1,1.0519,1.7978
27,4,3,1,34,4,,3,0,0,1.5942,2.3661
27,4,3,1,35,3,,3,1,0,2.2899,3.1167
27,5,1,1,1,4,,4,1,0,1.9548,2.8456
27,5,1,1,2,2,,2,1,0,1.1418,2.4574
27,5,1,1,3,4,,2,0,0,0.858,1.869
27,5,1,1,4,1,,1,1,1,1.1265,1.9523
27,5,1,1,5,3,,3,1,0,1.1513,2.0979
27,5,1,1,6,1,,1,1,0,1.6811,3.4434
27,5,1,1,7,4,,3,0,0,2.4134,3.5673
27,5,1,1,8,2,,2,1,0,1.5708,2.8543
27,5,1,1,9,3,,3,1,0,1.0632,1.9931
27,5,1,1,10,4,,3,0,0,2.3646,3.144
27,5,1,1,11,4,,4,1,0,1.3789,2.2461
27,5,1,1,12,1,,1,1,0,1.2148,1.8813
27,5,1,1,13,2,,2,1,0,1.4343,2.4375
27,5,1,1,14,4,,2,0,0,3.839,4.8579
27,5,1,1,15,1,,4,0,0,3.3121,5.3233
27,5,1,1,16,2,,2,1,0,0.8625,1.5526
27,5,1,1,17,1,,1,1,0,1.0313,1.7307
27,5,1,1,18,3,,3,1,1,0.9693,1.6528
27,5,1,1,19,1,,1,1,0,1.3103,2.1446
27,5,1,1,20,2,,2,1,0,1.0385,1.9535
27,5,1,1,21,2,,2,1,0,1.1112,2.379
27,5,1,1,22,3,,3,1,0,1.9338,3.6257
27,5,1,1,23,1,,2,0,0,1.4575,2.1416
27,5,1,1,24,2,,2,1,0,1.5711,2.4931
27,5,1,1,25,1,,1,1,0,1.9084,2.6324
27,5,1,1,26,4,,4,1,0,1.1691,2.1727
27,5,1,1,27,3,,3,1,0,1.1373,2.7646
27,5,1,1,28,3,,3,1,0,1.0641,2.1146
27,5,1,1,29,4,,2,0,0,4.6179,6.3158
27,5,1,1,30,3,,3,1,0,1.8231,3.0745
27,5,1,1,31,1,,3,0,0,2.5375,4.7326
27,5,1,1,32,3,,3,1,0,0.9593,1.826
27,5,1,1,33,2,,2,1,1,1.4214,2.7366
27,5,1,1,34,3,,3,1,0,2.0537,3.369
27,5,1,1,35,2,,2,1,1,2.2758,4.0459
27,5,2,3,1,3,1,3,1,0,2.0292,4.3681
27,5,2,3,2,1,3,1,1,0,0.9465,1.9173
27,5,2,3,3,3,1,3,1,0,0.8919,1.8142
27,5,2,3,4,3,1,3,1,0,5.2743,6.3964
27,5,2,3,5,1,3,1,1,1,0.8129,1.7195
27,5,2,3,6,1,3,1,1,1,1.4384,2.3858
27,5,2,3,7,1,3,1,1,0,1.814,3.2896
27,5,2,3,8,3,1,3,1,0,2.3596,3.3054
27,5,2,3,9,1,3,1,1,0,2.937,3.844
27,5,2,3,10,3,1,3,1,0,1.0112,2.0946
27,5,2,3,11,1,3,3,0,0,3.2218,4.0972
27,5,2,3,12,3,1,3,1,0,1.3336,2.0165
27,5,2,3,13,3,1,3,1,0,1.4036,2.4472
27,5,2,3,14,1,3,1,1,0,1.3919,2.3463
27,5,2,3,15,1,3,1,1,0,1.6721,2.5477
27,5,2,3,16,3,1,3,1,0,1.1277,2.2996
27,5,2,3,17,1,3,1,1,0,1.2502,3.5015
27,5,2,3,18,1,3,1,1,0,1.0666,2.1427
27,5,2,3,19,3,1,3,1,0,2.5716,3.1679
27,5,2,3,20,3,1,3,1,1,0.8505,1.629
27,5,2,3,21,3,1,3,1,1,0.7437,1.6421
27,5,2,3,22,3,1,3,1,0,0.8445,1.8235
27,5,2,3,23,3,1,3,1,1,1.0509,1.9736
27,5,2,3,24,3,1,3,1,0,0.9634,1.9102
27,5,2,3,25,1,3,1,1,0,0.973,2.7353
27,5,2,3,26,1,3,3,0,0,6.773,7.9519
27,5,2,3,27,3,1,3,1,0,1.2877,2.8349
27,5,2,3,28,3,1,3,1,0,0.8121,1.5985
27,5,2,3,29,1,3,1,1,0,2.451,3.7741
27,5,2,3,30,3,1,3,1,0,0.9928,2.0669
27,5,2,3,31,3,1,3,1,0,1.2845,3.5828
27,5,2,3,32,1,3,1,1,0,1.098,1.9728
27,5,2,3,33,3,1,3,1,1,0.9137,1.9642
27,5,2,3,34,1,3,3,0,0,4.4895,7.7726
27,5,2,3,35,3,1,3,1,0,1.363,2.0948
27,5,3,2,1,2,4,2,1,0,1.1696,1.9158
27,5,3,2,2,2,4,4,0,0,1.739,2.5418
27,5,3,2,3,3,2,3,1,0,4.8912,6.0299
27,5,3,2,4,4,2,4,1,1,1.1969,1.8869
27,5,3,2,5,2,1,2,1,0,1.5444,2.3308
27,5,3,2,6,3,4,4,0,0,4.2405,5.98
27,5,3,2,7,3,2,3,1,1,2.5631,3.445
27,5,3,2,8,4,3,4,1,0,1.4375,2.01
27,5,3,2,9,2,3,2,1,0,1.3471,2.9897
27,5,3,2,10,2,3,2,1,0,2.9769,4.1485
27,5,3,2,11,4,3,4,1,0,1.5352,2.611
27,5,3,2,12,2,4,2,1,0,2.0123,3.1518
27,5,3,2,13,4,1,4,1,0,2.5154,3.5903
27,5,3,2,14,4,1,4,1,0,1.2897,2.1638
27,5,3,2,15,1,3,1,1,0,2.36,3.4035
27,5,3,2,16,3,4,3,1,0,1.3179,2.6726
27,5,3,2,17,1,3,1,1,0,4.1768,5.6439
27,5,3,2,18,1,3,1,1,0,2.0339,4.2533
27,5,3,2,19,3,2,3,1,0,1.1475,2.1914
27,5,3,2,20,2,4,2,1,0,1.3872,2.6862
27,5,3,2,21,2,3,2,1,0,0.901,1.7202
27,5,3,2,22,4,1,1,0,0,5.4477,10.459
27,5,3,2,23,4,3,4,1,0,1.1705,1.877
27,5,3,2,24,3,4,4,0,0,2.0779,3.7449
27,5,3,2,25,2,1,2,1,0,1.6766,4.511
27,5,3,2,26,1,3,1,1,1,0.9403,1.8395
27,5,3,2,27,4,1,1,0,0,3.13,4.2138
27,5,3,2,28,1,3,1,1,0,1.9894,2.9921
27,5,3,2,29,1,3,1,1,1,1.6677,2.5023
27,5,3,2,30,4,3,3,0,0,3.1093,4.0094
27,5,3,2,31,2,4,2,1,0,1.2256,2.0997
27,5,3,2,32,2,3,2,1,0,1.0513,2.4149
27,5,3,2,33,1,4,1,1,0,1.0887,1.9728
27,5,3,2,34,1,3,1,1,1,1.0486,1.9314
27,5,3,2,35,4,3,4,1,0,1.8096,2.9085
27,6,1,3,1,4,3,4,1,0,1.0368,2.1846
27,6,1,3,2,3,4,3,1,1,0.6677,1.519
27,6,1,3,3,4,3,4,1,0,0.7901,1.6487
27,6,1,3,4,4,3,4,1,0,1.3549,2.0537
27,6,1,3,5,3,4,3,1,0,0.7836,1.6596
27,6,1,3,6,4,3,4,1,0,0.9795,2.1825
27,6,1,3,7,3,4,3,1,0,0.8831,1.7742
27,6,1,3,8,3,4,3,1,0,1.2511,1.8783
27,6,1,3,9,4,3,4,1,0,1.2785,1.8965
27,6,1,3,10,3,4,3,1,0,1.0332,1.9243
27,6,1,3,11,3,4,3,1,0,1.059,1.9654
27,6,1,3,12,4,3,4,1,0,2.5228,3.8375
27,6,1,3,13,4,3,3,0,0,1.4623,2.2406
27,6,1,3,14,3,4,3,1,0,0.9631,1.7331
27,6,1,3,15,3,4,3,1,0,0.9322,1.6485
27,6,1,3,16,3,4,3,1,0,1.0338,1.8612
27,6,1,3,17,4,3,4,1,0,1.1259,3.0088
27,6,1,3,18,3,4,3,1,0,1.2193,1.8532
27,6,1,3,19,4,3,4,1,0,1.0716,2.1636
27,6,1,3,20,3,4,3,1,0,1.0228,1.906
27,6,1,3,21,3,4,3,1,0,0.9217,1.9008
27,6,1,3,22,3,4,3,1,0,0.7729,2.3677
27,6,1,3,23,3,4,3,1,0,0.7964,1.6961
27,6,1,3,24,4,3,4,1,0,0.9273,1.6265
27,6,1,3,25,3,4,3,1,0,1.1726,1.8714
27,6,1,3,26,4,3,4,1,0,1.0722,2.2364
27,6,1,3,27,4,3,4,1,0,1.6292,2.2487
27,6,1,3,28,4,3,4,1,1,0.954,1.701
27,6,1,3,29,3,4,3,1,0,0.8123,1.7106
27,6,1,3,30,3,4,3,1,0,0.9752,1.7222
27,6,1,3,31,4,3,4,1,1,0.9446,2.1317
27,6,1,3,32,3,4,3,1,0,1.9064,2.8209
27,6,1,3,33,3,4,3,1,0,0.855,1.5861
27,6,1,3,34,3,4,3,1,0,2.463,3.2259
27,6,1,3,35,3,4,3,1,0,1.0755,1.8152
27,6,2,2,1,4,3,4,1,0,1.3491,2.5927
27,6,2,2,2,2,4,2,1,0,1.1083,1.8553
27,6,2,2,3,2,3,2,1,0,0.7515,1.4271
27,6,2,2,4,3,2,2,0,0,2.6693,3.6572
27,6,2,2,5,3,4,4,0,0,3.0401,3.835
27,6,2,2,6,4,2,2,0,0,1.1161,1.8548
27,6,2,2,7,1,4,1,1,0,1.1447,1.8605
27,6,2,2,8,4,2,4,1,0,1.2202,2.4625
27,6,2,2,9,4,2,4,1,0,1.8317,2.7394
27,6,2,2,10,1,2,2,0,0,3.9687,5.0283
27,6,2,2,11,3,2,3,1,0,1.531,2.7008
27,6,2,2,12,4,1,4,1,0,1.3808,2.215
27,6,2,2,13,3,4,3,1,0,1.7942,2.8854
27,6,2,2,14,4,1,1,0,0,1.9406,2.6642
27,6,2,2,15,4,2,2,0,0,2.0,2.8665
27,6,2,2,16,4,3,4,1,0,2.1946,3.1567
27,6,2,2,17,2,4,2,1,1,1.6261,2.5325
27,6,2,2,18,4,3,4,1,0,1.0183,1.6769
27,6,2,2,19,4,2,2,0,0,1.5661,2.8481
27,6,2,2,20,2,3,2,1,0,1.7605,2.6118
27,6,2,2,21,4,2,4,1,0,2.3181,3.2484
27,6,2,2,22,2,1,2,1,0,1.1527,2.2991
27,6,2,2,23,4,2,4,1,0,2.5705,3.4054
27,6,2,2,24,2,4,2,1,1,0.9192,1.9231
27,6,2,2,25,2,1,2,1,0,1.2815,2.4215
27,6,2,2,26,3,2,2,0,0,2.3421,3.3055
27,6,2,2,27,1,4,1,1,1,1.5108,2.4898
27,6,2,2,28,4,3,4,1,0,3.3372,4.4278
27,6,2,2,29,1,4,1,1,0,1.3716,2.1744
27,6,2,2,30,3,1,1,0,0,2.8758,4.1343
27,6,2,2,31,1,3,1,1,0,1.1621,1.8929
27,6,2,2,32,2,1,2,1,1,0.9809,1.7438
27,6,2,2,33,3,2,3,1,1,1.1584,2.217
27,6,2,2,34,2,1,2,1,0,1.0118,2.0229
27,6,2,2,35,2,4,2,1,1,2.185,2.9553
27,6,3,1,1,1,,1,1,0,1.1176,2.0016
27,6,3,1,2,3,,3,1,0,2.4686,3.3432
27,6,3,1,3,1,,1,1,0,1.0115,1.8136
27,6,3,1,4,1,,2,0,0,3.6813,4.2843
27,6,3,1,5,3,,3,1,0,0.938,1.7964
27,6,3,1,6,2,,2,1,0,1.4007,2.1408
27,6,3,1,7,4,,2,0,0,2.3455,3.1959
27,6,3,1,8,3,,3,1,0,1.119,1.8026
27,6,3,1,9,2,,2,1,0,1.022,1.7939
27,6,3,1,10,3,,3,1,0,1.9009,3.1038
27,6,3,1,11,2,,2,1,1,1.1737,1.8894
27,6,3,1,12,3,,3,1,0,1.153,1.8515
27,6,3,1,13,4,,1,0,0,1.4701,2.6734
27,6,3,1,14,1,,1,1,0,1.1294,2.0124
27,6,3,1,15,2,,2,1,0,3.871,4.5622
27,6,3,1,16,4,,4,1,0,1.34,2.0394
27,6,3,1,17,2,,2,1,1,0.9933,1.7966
27,6,3,1,18,3,,3,1,0,1.7756,2.4749
27,6,3,1,19,3,,3,1,0,0.883,1.9347
27,6,3,1,20,3,,3,1,0,0.7324,1.9267
27,6,3,1,21,1,,1,1,1,0.918,1.7365
27,6,3,1,22,4,,2,0,0,4.9671,5.9632
27,6,3,1,23,3,,2,0,0,1.2109,2.094
27,6,3,1,24,4,,4,1,0,1.229,1.8559
27,6,3,1,25,2,,2,1,0,0.698,1.6221
27,6,3,1,26,4,,3,0,1,1.0566,1.6346
27,6,3,1,27,3,,3,1,0,0.7419,1.7605
27,6,3,1,28,4,,4,1,1,1.3981,2.0807
27,6,3,1,29,1,,3,0,0,1.5772,2.4132
27,6,3,1,30,2,,2,1,0,0.9266,1.5293
27,6,3,1,31,1,,1,1,0,1.0323,1.9398
27,6,3,1,32,1,,2,0,0,1.1856,2.1639
27,6,3,1,33,4,,4,1,0,1.4093,2.6362
27,6,3,1,34,4,,3,0,0,2.3343,3.1604
27,6,3,1,35,3,,3,1,0,0.9808,1.8077
28,1,1,1,1,3,,3,1,0,1.8341,1.9326
28,1,1,1,2,3,,3,1,0,0.8516,0.9268
28,1,1,1,3,4,,1,0,0,2.0221,2.1285
28,1,1,1,4,3,,3,1,0,1.2552,1.3458
28,1,1,1,5,4,,3,0,0,1.4964,1.6508
28,1,1,1,6,2,,2,1,0,1.228,1.2865
28,1,1,1,7,4,,4,1,0,1.6963,1.8357
28,1,1,1,8,1,,3,0,0,1.9335,2.0175
28,1,1,1,9,3,,3,1,0,1.316,1.3981
28,1,1,1,10,1,,1,1,0,1.3463,1.4291
28,1,1,1,11,2,,2,1,0,1.376,1.4842
28,1,1,1,12,1,,1,1,0,1.2593,1.3111
28,1,1,1,13,3,,3,1,0,1.597,1.6644
28,1,1,1,14,4,,3,0,0,1.345,1.397
28,1,1,1,15,1,,1,1,0,1.2647,1.3545
28,1,1,1,16,3,,2,0,0,1.1377,1.292
28,1,1,1,17,1,,1,1,0,1.4612,1.505
28,1,1,1,18,3,,3,1,0,1.1687,1.2521
28,1,1,1,19,4,,2,0,0,1.4934,2.6482
28,1,1,1,20,4,,2,0,0,2.0818,2.2194
28,1,1,1,21,3,,1,0,0,1.5191,1.7062
28,1,1,1,22,3,,3,1,0,1.3942,1.6284
28,1,1,1,23,1,,1,1,0,1.095,1.2266
28,1,1,1,24,4,,1,0,0,1.0214,1.1294
28,1,1,1,25,2,,1,0,0,0.6476,0.7155
28,1,1,1,26,3,,2,0,0,0.7867,1.0538
28,1,1,1,27,1,,1,1,0,0.9601,1.0261
28,1,1,1,28,1,,1,1,0,1.4552,1.6411
28,1,1,1,29,1,,1,1,0,1.3166,1.439
28,1,1,1,30,3,,3,1,0,2.6907,2.8782
28,1,1,1,31,3,,2,0,0,1.8133,2.4322
28,1,1,1,32,1,,1,1,0,1.4172,1.7253
28,1,1,1,33,2,,2,1,0,1.4035,1.5423
28,1,1,1,34,2,,2,1,0,1.1093,1.1436
28,1,1,1,35,4,,2,0,0,0.9263,1.0422
28,1,2,3,1,4,3,4,1,0,2.0184,2.246
28,1,2,3,2,4,3,4,1,0,1.6943,1.8984
28,1,2,3,3,4,3,4,1,0,1.3856,1.4126
28,1,2,3,4,3,4,3,1,0,1.5277,1.6194
28,1,2,3,5,4,3,4,1,0,1.2465,1.4179
28,1,2,3,6,3,4,3,1,0,1.5328,1.6712
28,1,2,3,7,3,4,3,1,0,1.2971,1.5244
28,1,2,3,8,4,3,4,1,0,2.091,2.2296
28,1,2,3,9,4,3,4,1,0,1.3523,1.5964
28,1,2,3,10,3,4,3,1,0,1.1995,1.6576
28,1,2,3,11,3,4,3,1,0,1.3798,2.2642
28,1,2,3,12,4,3,4,1,0,1.728,2.027
28,1,2,3,13,3,4,4,0,0,1.6205,1.9125
28,1,2,3,14,3,4,3,1,0,0.9432,1.0892
28,1,2,3,15,3,4,3,1,0,1.6273,1.6631
28,1,2,3,16,3,4,3,1,0,1.7915,2.1311
28,1,2,3,17,4,3,4,1,0,1.3446,1.7228
28,1,2,3,18,4,3,3,0,0,1.5866,1.9011
28,1,2,3,19,4,3,4,1,0,1.5012,2.0724
28,1,2,3,20,3,4,3,1,0,1.3451,1.8514
28,1,2,3,21,3,4,3,1,0,1.6455,2.0736
28,1,2,3,22,4,3,3,0,0,1.3937,1.8755
28,1,2,3,23,3,4,3,1,0,1.1658,1.7516
28,1,2,3,24,4,3,3,0,0,2.1262,2.6008
28,1,2,3,25,3,4,3,1,0,7.0841,7.4717
28,1,2,3,26,4,3,4,1,0,2.0979,2.8768
28,1,2,3,27,4,3,4,1,0,1.6046,1.9842
28,1,2,3,28,3,4,3,1,0,1.3403,1.752
28,1,2,3,29,4,3,4,1,0,1.2932,1.5998
28,1,2,3,30,4,3,3,0,0,1.2358,1.5506
28,1,2,3,31,4,3,4,1,0,1.4052,1.8168
28,1,2,3,32,4,3,4,1,0,1.2915,1.5586
28,1,2,3,33,4,3,4,1,0,1.3159,1.7989
28,1,2,3,34,4,3,4,1,0,1.395,1.8791
28,1,2,3,35,4,3,4,1,0,1.3421,1.5611
28,1,3,2,1,3,1,1,0,0,3.6134,4.1295
28,1,3,2,2,1,4,4,0,0,3.4844,4.0389
28,1,3,2,3,2,4,2,1,0,1.8067,1.9614
28,1,3,2,4,4,2,4,1,0,2.7261,3.0168
28,1,3,2,5,2,1,2,1,0,1.923,2.2787
28,1,3,2,6,1,3,1,1,0,1.7574,2.0882
28,1,3,2,7,1,4,4,0,0,3.3435,3.7637
28,1,3,2,8,3,4,3,1,0,2.2534,2.7372
28,1,3,2,9,1,4,1,1,0,1.6524,1.855
28,1,3,2,10,4,2,4,1,0,3.0085,3.355
28,1,3,2,11,3,4,4,0,0,2.816,3.4259
28,1,3,2,12,2,3,2,1,0,1.9806,2.4244
28,1,3,2,13,1,4,1,1,0,1.634,2.0219
28,1,3,2,14,1,2,1,1,0,1.6718,2.1475
28,1,3,2,15,1,2,1,1,0,1.3353,1.6911
28,1,3,2,16,3,4,3,1,0,1.3228,1.5668
28,1,3,2,17,2,1,2,1,0,1.4753,1.5823
28,1,3,2,18,1,2,1,1,0,1.1149,1.6611
28,1,3,2,19,3,4,3,1,0,1.6946,1.8422
28,1,3,2,20,1,3,1,1,0,2.4928,3.1518
28,1,3,2,21,4,3,3,0,0,3.3478,3.9598
28,1,3,2,22,1,4,1,1,0,1.7705,2.5645
28,1,3,2,23,3,2,3,1,0,2.585,3.0038
28,1,3,2,24,4,1,4,1,0,3.5433,4.1622
28,1,3,2,25,4,1,4,1,0,3.5251,4.031
28,1,3,2,26,4,3,3,0,0,2.664,3.1551
28,1,3,2,27,4,2,4,1,0,2.8149,3.1706
28,1,3,2,28,1,3,1,1,0,3.5256,4.1839
28,1,3,2,29,3,1,3,1,0,2.4025,2.781
28,1,3,2,30,3,2,3,1,0,2.0891,2.5648
28,1,3,2,31,3,4,3,1,0,2.6647,3.1719
28,1,3,2,32,2,4,2,1,0,2.7983,3.5776
28,1,3,2,33,4,1,1,0,0,2.8692,3.2154
28,1,3,2,34,3,1,3,1,0,1.6098,1.9083
28,1,3,2,35,2,3,2,1,0,1.7475,2.0782
28,2,1,2,1,2,4,2,1,0,2.1332,2.5119
28,2,1,2,2,4,1,1,0,0,3.431,4.2499
28,2,1,2,3,2,3,2,1,0,1.9844,2.4204
28,2,1,2,4,4,2,2,0,0,1.9901,2.3761
28,2,1,2,5,4,1,1,0,0,0.83,1.7053
28,2,1,2,6,1,3,1,1,0,2.2721,2.6915
28,2,1,2,7,2,1,1,0,0,3.195,3.6299
28,2,1,2,8,2,3,2,1,0,2.0145,2.3539
28,2,1,2,9,3,4,3,1,0,2.0063,2.4261
28,2,1,2,10,1,4,1,1,0,1.628,2.1268
28,2,1,2,11,3,4,3,1,0,2.6372,3.2642
28,2,1,2,12,3,2,3,1,0,2.1919,2.7155
28,2,1,2,13,2,1,2,1,0,1.7682,2.1474
28,2,1,2,14,1,4,1,1,0,1.753,2.4921
28,2,1,2,15,3,1,3,1,0,2.1877,2.7431
28,2,1,2,16,4,3,4,1,0,3.0436,3.6785
28,2,1,2,17,2,4,2,1,0,1.7484,2.1109
28,2,1,2,18,2,4,2,1,0,2.8222,3.0505
28,2,1,2,19,4,3,4,1,0,2.6097,3.2131
28,2,1,2,20,4,2,2,0,0,4.1667,4.6734
28,2,1,2,21,4,1,4,1,0,3.4708,3.859
28,2,1,2,22,4,3,2,0,0,3.1778,3.557
28,2,1,2,23,2,4,2,1,0,2.0808,2.5228
28,2,1,2,24,2,4,2,1,0,2.8661,3.2522
28,2,1,2,25,4,2,2,0,0,2.8534,3.1127
28,2,1,2,26,2,3,2,1,0,1.9013,2.4091
28,2,1,2,27,4,3,3,0,0,2.6436,3.2626
28,2,1,2,28,1,2,1,1,0,1.5104,2.1449
28,2,1,2,29,2,4,2,1,0,1.8629,2.2105
28,2,1,2,30,2,3,2,1,0,1.9084,2.2471
28,2,1,2,31,3,4,3,1,0,1.6646,2.116
28,2,1,2,32,3,2,2,0,0,2.2106,2.7325
28,2,1,2,33,1,3,1,1,0,1.8983,2.333
28,2,1,2,34,4,2,4,1,0,6.6595,7.0702
28,2,1,2,35,2,4,2,1,0,1.6258,1.8603
28,2,2,3,1,1,4,1,1,0,1.5495,1.8726
28,2,2,3,2,1,4,4,0,0,1.4496,1.7654
28,2,2,3,3,1,4,1,1,0,1.4014,1.6686
28,2,2,3,4,4,1,4,1,0,1.3246,1.6164
28,2,2,3,5,4,1,4,1,0,1.1073,1.3266
28,2,2,3,6,4,1,4,1,0,1.1571,1.2954
28,2,2,3,7,1,4,1,1,0,0.713,0.9555
28,2,2,3,8,1,4,1,1,0,0.8414,1.1557
28,2,2,3,9,4,1,4,1,0,1.4903,1.6615
28,2,2,3,10,4,1,4,1,0,1.4943,1.5362
28,2,2,3,11,1,4,1,1,0,0.9598,1.3633
28,2,2,3,12,1,4,1,1,0,2.8162,3.7392
28,2,2,3,13,4,1,1,0,0,2.7832,3.331
28,2,2,3,14,1,4,1,1,0,1.2947,1.6347
28,2,2,3,15,1,4,1,1,0,1.1231,1.3985
28,2,2,3,16,1,4,1,1,0,1.0904,1.2288
28,2,2,3,17,1,4,1,1,0,1.2391,1.5693
28,2,2,3,18,1,4,1,1,0,1.2318,1.7311
28,2,2,3,19,4,1,4,1,0,1.4247,1.627
28,2,2,3,20,1,4,4,0,0,1.3021,1.4723
28,2,2,3,21,1,4,1,1,0,2.771,3.0938
28,2,2,3,22,4,1,4,1,0,1.1475,1.4308
28,2,2,3,23,1,4,1,1,0,7.8173,8.3794
28,2,2,3,24,1,4,1,1,0,1.5457,2.0936
28,2,2,3,25,1,4,1,1,0,1.1962,1.5746
28,2,2,3,26,4,1,4,1,0,4.1796,4.622
28,2,2,3,27,4,1,4,1,0,1.2628,1.5685
28,2,2,3,28,1,4,4,0,0,2.07,3.258
28,2,2,3,29,4,1,1,0,0,2.0888,2.5557
28,2,2,3,30,4,1,4,1,0,1.2723,1.5953
28,2,2,3,31,1,4,1,1,0,1.2478,1.9296
28,2,2,3,32,4,1,4,1,0,1.6399,2.0185
28,2,2,3,33,4,1,4,1,0,2.0782,2.5845
28,2,2,3,34,4,1,4,1,0,3.5008,4.0715
28,2,2,3,35,1,4,1,1,0,1.5658,2.0719
28,2,3,1,1,4,,4,1,0,3.3681,3.9228
28,2,3,1,2,4,,4,1,0,2.16,2.3141
28,2,3,1,3,3,,3,1,0,1.3531,1.6517
28,2,3,1,4,3,,1,0,0,3.022,3.3528
28,2,3,1,5,1,,2,0,0,1.9489,2.0409
28,2,3,1,6,3,,3,1,0,2.6582,3.4444
28,2,3,1,7,4,,2,0,0,2.0304,2.1524
28,2,3,1,8,3,,3,1,0,1.5025,1.8648
28,2,3,1,9,2,,2,1,0,1.4825,1.6935
28,2,3,1,10,3,,3,1,0,1.6459,1.8574
28,2,3,1,11,2,,2,1,0,3.4666,3.7582
28,2,3,1,12,1,,1,1,0,1.417,1.7491
28,2,3,1,13,1,,1,1,0,1.3859,1.845
28,2,3,1,14,2,,2,1,0,2.2791,2.7948
28,2,3,1,15,1,,1,1,0,1.7247,2.1986
28,2,3,1,16,1,,1,1,0,2.1552,2.5895
28,2,3,1,17,3,,1,0,0,2.4737,2.7649
28,2,3,1,18,3,,2,0,0,2.2245,3.6506
28,2,3,1,19,2,,2,1,0,1.731,2.0148
28,2,3,1,20,1,,1,1,0,2.313,2.659
28,2,3,1,21,1,,1,1,0,1.7491,2.1597
28,2,3,1,22,3,,1,0,0,3.0611,3.4232
28,2,3,1,23,4,,4,1,0,3.1217,3.5089
28,2,3,1,24,2,,2,1,0,1.1783,1.6765
28,2,3,1,25,3,,3,1,0,1.2622,1.6011
28,2,3,1,26,3,,3,1,0,1.4291,1.8161
28,2,3,1,27,1,,1,1,0,1.5873,2.0068
28,2,3,1,28,1,,2,0,0,2.01,2.4203
28,2,3,1,29,2,,2,1,0,1.487,1.9697
28,2,3,1,30,4,,4,1,0,1.4466,1.8107
28,2,3,1,31,4,,3,0,0,3.2052,3.7918
28,2,3,1,32,1,,1,1,0,1.3781,1.8051
28,2,3,1,33,4,,4,1,0,1.6173,2.3961
28,2,3,1,34,1,,1,1,0,1.4468,1.9934
28,2,3,1,35,3,,3,1,0,2.5579,2.8963
28,3,1,2,1,3,4,3,1,0,2.4824,4.1182
28,3,1,2,2,4,2,2,0,0,1.9538,2.3169
28,3,1,2,3,2,1,2,1,0,1.7071,2.0215
28,3,1,2,4,3,1,3,1,0,5.2334,5.7073
28,3,1,2,5,2,3,2,1,0,1.775,3.0099
28,3,1,2,6,2,1,2,1,0,1.5803,2.1588
28,3,1,2,7,4,2,4,1,0,2.4445,3.0077
28,3,1,2,8,3,1,3,1,0,2.6497,3.0362
28,3,1,2,9,3,1,3,1,0,1.8301,2.1042
28,3,1,2,10,3,2,3,1,0,1.7678,2.0585
28,3,1,2,11,3,4,3,1,0,1.8684,1.9595
28,3,1,2,12,1,4,3,0,0,0.8997,1.0868
28,3,1,2,13,1,4,1,1,0,1.6805,1.9232
28,3,1,2,14,2,4,2,1,0,1.6262,1.9013
28,3,1,2,15,4,1,4,1,0,3.1881,3.6147
28,3,1,2,16,2,3,2,1,0,1.5594,2.5534
28,3,1,2,17,1,2,1,1,0,1.5913,1.9069
28,3,1,2,18,1,4,1,1,0,2.2577,2.5958
28,3,1,2,19,3,4,4,0,0,5.0064,5.3383
28,3,1,2,20,1,2,1,1,0,1.7561,2.1105
28,3,1,2,21,1,2,1,1,0,2.1095,2.7856
28,3,1,2,22,3,1,1,0,0,1.4605,1.7754
28,3,1,2,23,3,2,2,0,0,1.9404,2.2872
28,3,1,2,24,1,2,1,1,0,2.1269,2.523
28,3,1,2,25,2,4,2,1,0,1.8408,3.3643
28,3,1,2,26,4,3,3,0,0,3.1027,3.5464
28,3,1,2,27,1,3,1,1,0,2.5019,2.8557
28,3,1,2,28,2,3,2,1,0,2.1204,2.4905
28,3,1,2,29,2,1,2,1,0,1.7551,2.0628
28,3,1,2,30,2,1,2,1,0,1.6953,2.1217
28,3,1,2,31,1,4,1,1,0,2.1609,2.9074
28,3,1,2,32,4,2,2,0,0,1.7616,2.2056
28,3,1,2,33,1,3,1,1,0,1.1029,1.6578
28,3,1,2,34,3,2,3,1,0,1.9873,2.6459
28,3,1,2,35,1,3,3,0,0,2.5753,3.0106
28,3,2,1,1,2,,2,1,0,1.9397,2.4139
28,3,2,1,2,4,,4,1,0,1.4968,1.6684
28,3,2,1,3,4,,2,0,0,1.4213,1.6323
28,3,2,1,4,2,,2,1,0,1.347,1.5028
28,3,2,1,5,4,,3,0,0,0.9423,1.0247
28,3,2,1,6,4,,1,0,0,1.5972,1.7596
28,3,2,1,7,1,,1,1,0,0.7501,0.9283
28,3,2,1,8,4,,2,0,0,2.3525,2.4023
28,3,2,1,9,4,,4,1,0,2.2626,2.5858
28,3,2,1,10,2,,2,1,0,1.7805,2.0794
28,3,2,1,11,3,,3,1,0,1.384,1.5555
28,3,2,1,12,4,,4,1,0,1.6645,1.9239
28,3,2,1,13,3,,3,1,0,1.4192,1.6627
28,3,2,1,14,1,,1,1,0,1.4714,1.6822
28,3,2,1,15,1,,1,1,0,2.1628,2.7808
28,3,2,1,16,3,,1,0,0,1.7849,2.0753
28,3,2,1,17,4,,2,0,0,1.3878,1.5596
28,3,2,1,18,2,,2,1,0,1.0135,1.169
28,3,2,1,19,1,,1,1,0,0.9576,1.1778
28,3,2,1,20,3,,3,1,0,1.174,1.2883
28,3,2,1,21,1,,1,1,0,1.21,1.6367
28,3,2,1,22,1,,1,1,0,1.072,1.3618
28,3,2,1,23,1,,1,1,0,1.0082,1.2353
28,3,2,1,24,3,,1,0,0,1.1586,1.2807
28,3,2,1,25,1,,4,0,0,0.6667,0.8778
28,3,2,1,26,3,,1,0,0,0.7188,0.8813
28,3,2,1,27,2,,3,0,0,0.5007,1.4386
28,3,2,1,28,3,,3,1,0,0.5928,0.6914
28,3,2,1,29,3,,2,0,0,1.5016,1.6013
28,3,2,1,30,2,,2,1,0,0.997,1.12
28,3,2,1,31,1,,1,1,0,0.8633,1.0429
28,3,2,1,32,3,,3,1,0,0.7171,0.8318
28,3,2,1,33,1,,1,1,0,0.9315,1.2697
28,3,2,1,34,1,,1,1,0,0.7925,1.0284
28,3,2,1,35,3,,3,1,0,1.0788,1.2185
28,3,3,3,1,3,1,3,1,0,1.7642,1.9112
28,3,3,3,2,1,3,1,1,0,0.8133,0.9211
28,3,3,3,3,1,3,1,1,0,1.1203,1.2992
28,3,3,3,4,3,1,3,1,0,0.5956,0.8001
28,3,3,3,5,1,3,1,1,0,0.5006,0.7037
28,3,3,3,6,3,1,3,1,0,0.7918,0.9393
28,3,3,3,7,1,3,3,0,0,0.5381,1.4782
28,3,3,3,8,3,1,3,1,0,1.0455,1.1529
28,3,3,3,9,3,1,3,1,0,0.8954,1.4817
28,3,3,3,10,1,3,1,1,0,0.8589,1.0386
28,3,3,3,11,1,3,1,1,0,0.8413,0.9487
28,3,3,3,12,3,1,3,1,0,1.2744,1.4449
28,3,3,3,13,1,3,1,1,0,0.8712,1.1142
28,3,3,3,14,3,1,3,1,0,0.9616,1.2122
28,3,3,3,15,1,3,1,1,0,0.9357,1.2181
28,3,3,3,16,1,3,1,1,0,1.0056,1.2885
28,3,3,3,17,3,1,3,1,0,1.0421,1.2462
28,3,3,3,18,1,3,1,1,0,0.9838,1.1143
28,3,3,3,19,3,1,1,0,0,1.3459,1.5882
28,3,3,3,20,1,3,1,1,0,0.8251,1.2917
28,3,3,3,21,1,3,1,1,0,0.5408,0.9276
28,3,3,3,22,3,1,3,1,0,1.375,1.7381
28,3,3,3,23,3,1,1,0,0,0.9274,1.314
28,3,3,3,24,1,3,1,1,0,0.8502,1.1652
28,3,3,3,25,3,1,3,1,0,0.9875,1.3903
28,3,3,3,26,1,3,1,1,0,0.8581,1.2203
28,3,3,3,27,3,1,3,1,0,0.753,1.3
28,3,3,3,28,1,3,1,1,0,1.1726,1.488
28,3,3,3,29,3,1,3,1,0,1.1363,1.4347
28,3,3,3,30,1,3,3,0,0,0.9899,2.3039
28,3,3,3,31,1,3,1,1,0,0.6483,1.1398
28,3,3,3,32,1,3,3,0,0,0.6746,1.0379
28,3,3,3,33,1,3,1,1,0,0.6245,0.9246
28,3,3,3,34,1,3,1,1,0,0.6753,1.0155
28,3,3,3,35,3,1,3,1,0,0.6583,1.0223
28,4,1,3,1,2,3,2,1,0,1.8535,2.697
28,4,1,3,2,2,3,2,1,0,0.8711,1.2431
28,4,1,3,3,3,2,3,1,0,0.7644,0.88
28,4,1,3,4,3,2,3,1,0,0.6729,0.8831
28,4,1,3,5,3,2,2,0,0,0.7414,1.0724
28,4,1,3,6,2,3,2,1,0,0.6903,0.8303
28,4,1,3,7,2,3,2,1,0,1.433,1.7159
28,4,1,3,8,3,2,3,1,0,0.8265,1.1263
28,4,1,3,9,2,3,2,1,0,0.9811,1.3201
28,4,1,3,10,3,2,3,1,0,1.0478,1.3637
28,4,1,3,11,2,3,2,1,0,0.8561,1.0753
28,4,1,3,12,2,3,2,1,0,0.613,0.9123
28,4,1,3,13,3,2,2,0,0,0.536,1.0664
28,4,1,3,14,3,2,3,1,0,0.9808,1.3521
28,4,1,3,15,3,2,2,0,0,1.3029,3.0103
28,4,1,3,16,2,3,2,1,0,0.8675,1.142
28,4,1,3,17,2,3,2,1,0,1.2943,1.7843
28,4,1,3,18,2,3,2,1,0,1.2459,1.6
28,4,1,3,19,2,3,2,1,0,0.9643,1.2471
28,4,1,3,20,2,3,2,1,0,1.4175,1.7888
28,4,1,3,21,2,3,2,1,0,0.5008,0.7163
28,4,1,3,22,3,2,2,0,0,0.741,0.9042
28,4,1,3,23,3,2,3,1,0,0.5524,0.7554
28,4,1,3,24,3,2,3,1,0,1.1067,1.2368
28,4,1,3,25,2,3,2,1,0,0.5204,0.7152
28,4,1,3,26,2,3,2,1,0,0.5638,0.8073
28,4,1,3,27,2,3,2,1,0,0.5397,0.6868
28,4,1,3,28,3,2,3,1,0,0.5846,0.7718
28,4,1,3,29,3,2,3,1,0,0.5774,0.7075
28,4,1,3,30,3,2,3,1,0,0.5091,0.7837
28,4,1,3,31,2,3,2,1,0,0.9177,1.0574
28,4,1,3,32,2,3,2,1,0,0.5638,0.7186
28,4,1,3,33,3,2,3,1,0,0.7831,1.0652
28,4,1,3,34,2,3,2,1,0,0.5007,0.7906
28,4,1,3,35,2,3,2,1,0,0.5642,0.8785
28,4,2,2,1,4,3,3,0,0,2.1751,2.3868
28,4,2,2,2,2,1,2,1,0,1.6856,1.9535
28,4,2,2,3,2,1,2,1,0,1.6622,1.8414
28,4,2,2,4,4,3,4,1,0,2.0435,2.4309
28,4,2,2,5,3,1,2,0,0,1.3921,1.7238
28,4,2,2,6,3,2,3,1,0,1.4582,1.8206
28,4,2,2,7,3,4,3,1,0,1.265,1.779
28,4,2,2,8,3,4,3,1,0,2.1441,3.091
28,4,2,2,9,2,3,2,1,0,1.7223,2.0619
28,4,2,2,10,1,4,1,1,0,1.358,1.665
28,4,2,2,11,1,3,3,0,0,2.1297,2.4296
28,4,2,2,12,2,4,4,0,0,2.231,2.593
28,4,2,2,13,2,3,2,1,0,1.3812,1.7207
28,4,2,2,14,3,1,3,1,0,1.5916,1.9957
28,4,2,2,15,3,1,3,1,0,2.9573,3.5286
28,4,2,2,16,1,3,1,1,0,1.8926,2.2091
28,4,2,2,17,4,1,4,1,0,2.595,2.8454
28,4,2,2,18,4,2,2,0,0,2.2308,2.5864
28,4,2,2,19,4,3,3,0,0,4.3416,6.0645
28,4,2,2,20,4,1,1,0,0,1.9891,2.2402
28,4,2,2,21,2,1,2,1,0,1.5701,1.7893
28,4,2,2,22,2,3,2,1,0,0.9771,1.3162
28,4,2,2,23,2,4,2,1,0,1.123,1.3812
28,4,2,2,24,3,2,3,1,0,0.9947,1.7178
28,4,2,2,25,2,1,2,1,0,1.9412,2.1361
28,4,2,2,26,2,3,3,0,0,2.6624,2.9455
28,4,2,2,27,4,2,2,0,0,3.7499,4.0641
28,4,2,2,28,4,2,4,1,0,2.5836,2.8744
28,4,2,2,29,3,4,3,1,0,2.4896,2.8212
28,4,2,2,30,1,4,1,1,0,2.4146,3.034
28,4,2,2,31,1,4,1,1,0,2.0111,2.3505
28,4,2,2,32,3,1,3,1,0,3.3313,3.7575
28,4,2,2,33,4,1,1,0,0,1.7779,2.1172
28,4,2,2,34,1,4,1,1,0,0.9473,1.2626
28,4,2,2,35,2,1,2,1,0,2.5037,2.8433
28,4,3,1,1,2,,2,1,0,3.1386,3.2464
28,4,3,1,2,1,,1,1,0,1.2859,1.5373
28,4,3,1,3,4,,3,0,0,1.8081,1.9225
28,4,3,1,4,3,,3,1,0,0.7457,0.8761
28,4,3,1,5,2,,2,1,0,0.67,1.0086
28,4,3,1,6,2,,2,1,0,0.6219,0.688
28,4,3,1,7,1,,1,1,0,0.6667,0.7817
28,4,3,1,8,3,,3,1,0,0.7552,0.9492
28,4,3,1,9,1,,1,1,0,0.7571,2.1031
28,4,3,1,10,2,,2,1,0,1.0309,1.2667
28,4,3,1,11,1,,1,1,0,0.6524,0.8316
28,4,3,1,12,2,,2,1,0,1.2341,1.4445
28,4,3,1,13,4,,1,0,0,1.4078,1.5458
28,4,3,1,14,4,,2,0,0,1.4968,1.6681
28,4,3,1,15,1,,1,1,0,1.3892,1.6482
28,4,3,1,16,4,,2,0,0,1.7295,1.9566
28,4,3,1,17,4,,1,0,0,2.2348,2.7023
28,4,3,1,18,2,,2,1,0,1.7324,1.9428
28,4,3,1,19,3,,2,0,0,1.7416,1.9531
28,4,3,1,20,3,,1,0,0,0.9505,1.2801
28,4,3,1,21,3,,1,0,0,1.0019,1.1655
28,4,3,1,22,3,,2,0,0,1.4108,1.7581
28,4,3,1,23,2,,2,1,0,0.8681,1.1833
28,4,3,1,24,1,,1,1,0,1.3562,1.7187
28,4,3,1,25,2,,3,0,0,1.358,2.649
28,4,3,1,26,3,,1,0,0,2.0255,2.3082
28,4,3,1,27,4,,4,1,0,2.1643,2.4308
28,4,3,1,28,1,,1,1,0,1.4968,1.7959
28,4,3,1,29,4,,2,0,0,1.6553,2.8105
28,4,3,1,30,2,,2,1,0,1.3733,1.6712
28,4,3,1,31,3,,1,0,0,1.7616,2.2356
28,4,3,1,32,4,,2,0,0,1.7586,2.1926
28,4,3,1,33,4,,3,0,0,1.901,2.5993
28,4,3,1,34,4,,4,1,0,1.5955,2.0071
28,4,3,1,35,1,,1,1,0,2.4498,2.8773
28,5,1,1,1,2,,2,1,0,1.391,1.5465
28,5,1,1,2,4,,4,1,0,1.6082,1.8111
28,5,1,1,3,3,,3,1,0,1.574,1.7365
28,5,1,1,4,2,,1,0,0,0.6946,2.051
28,5,1,1,5,2,,2,1,0,0.8917,1.2301
28,5,1,1,6,3,,3,1,0,1.2659,1.4277
28,5,1,1,7,4,,4,1,0,1.4399,1.6895
28,5,1,1,8,4,,3,0,0,1.8593,2.167
28,5,1,1,9,2,,2,1,0,1.715,2.0216
28,5,1,1,10,4,,2,0,0,1.7202,1.947
28,5,1,1,11,3,,3,1,0,1.1847,1.4212
28,5,1,1,12,4,,2,0,0,1.5839,1.7951
28,5,1,1,13,4,,2,0,0,1.9507,2.4085
28,5,1,1,14,2,,2,1,0,0.7888,1.0151
28,5,1,1,15,3,,3,1,0,0.8515,1.1583
28,5,1,1,16,2,,2,1,0,1.021,1.2729
28,5,1,1,17,1,,1,1,0,0.9133,1.1815
28,5,1,1,18,1,,1,1,0,1.0822,1.3009
28,5,1,1,19,4,,2,0,0,1.5493,1.6726
28,5,1,1,20,2,,1,0,0,2.4809,3.7331
28,5,1,1,21,4,,3,0,0,2.0476,4.8742
28,5,1,1,22,3,,3,1,0,1.072,1.1946
28,5,1,1,23,1,,1,1,0,1.0957,1.2896
28,5,1,1,24,2,,2,1,0,1.5471,1.6143
28,5,1,1,25,2,,1,0,0,0.9939,1.1807
28,5,1,1,26,1,,1,1,0,0.5701,0.7004
28,5,1,1,27,3,,3,1,0,0.7418,0.9282
28,5,1,1,28,2,,3,0,0,1.3675,1.7789
28,5,1,1,29,1,,1,1,0,0.6948,0.8258
28,5,1,1,30,1,,1,1,0,0.7335,0.9598
28,5,1,1,31,2,,3,0,0,0.5743,0.7855
28,5,1,1,32,3,,1,0,0,1.2222,1.4249
28,5,1,1,33,3,,2,0,0,1.7328,1.9125
28,5,1,1,34,2,,3,0,0,0.8148,1.3859
28,5,1,1,35,1,,1,1,0,0.7664,0.9534
28,5,2,2,1,4,2,2,0,0,1.8953,2.0101
28,5,2,2,2,2,1,2,1,0,0.9578,1.1211
28,5,2,2,3,3,1,3,1,0,1.5288,1.5868
28,5,2,2,4,1,3,1,1,0,0.8323,1.6674
28,5,2,2,5,1,2,1,1,0,1.2687,1.4624
28,5,2,2,6,4,2,1,0,0,1.3929,3.645
28,5,2,2,7,2,1,2,1,0,1.6995,2.2231
28,5,2,2,8,3,2,3,1,0,1.4415,1.8998
28,5,2,2,9,1,2,1,1,0,1.0835,3.1673
28,5,2,2,10,2,1,2,1,0,1.603,1.9175
28,5,2,2,11,2,1,1,0,0,1.5485,2.1511
28,5,2,2,12,2,3,2,1,0,1.9805,2.2239
28,5,2,2,13,2,1,2,1,0,1.0344,1.4048
28,5,2,2,14,2,3,2,1,0,1.1778,1.5893
28,5,2,2,15,4,3,4,1,0,3.0571,3.4917
28,5,2,2,16,2,4,2,1,0,1.6114,1.8454
28,5,2,2,17,1,3,1,1,0,1.6075,2.0499
28,5,2,2,18,1,3,1,1,0,2.0762,2.4795
28,5,2,2,19,1,4,1,1,0,1.9828,2.3945
28,5,2,2,20,1,2,1,1,0,1.989,2.2792
28,5,2,2,21,1,4,1,1,0,1.8722,2.1946
28,5,2,2,22,4,1,1,0,0,2.046,2.5216
28,5,2,2,23,1,2,2,0,0,2.8311,3.3229
28,5,2,2,24,2,1,2,1,0,1.5203,2.8756
28,5,2,2,25,1,4,1,1,0,0.8503,1.342
28,5,2,2,26,3,1,3,1,0,2.5487,2.8642
28,5,2,2,27,4,3,4,1,0,3.7199,4.5863
28,5,2,2,28,1,3,1,1,0,1.2683,1.7181
28,5,2,2,29,1,2,1,1,0,3.2384,3.5607
28,5,2,2,30,4,3,4,1,0,3.8046,4.5442
28,5,2,2,31,2,4,2,1,0,2.2997,2.7895
28,5,2,2,32,1,3,1,1,0,2.0978,2.5659
28,5,2,2,33,2,1,2,1,0,3.313,3.6839
28,5,2,2,34,3,1,1,0,0,4.9462,5.5501
28,5,2,2,35,4,1,4,1,0,2.6147,3.0742
28,5,3,3,1,2,1,2,1,0,2.5209,2.6685
28,5,3,3,2,2,1,2,1,0,0.6439,0.735
28,5,3,3,3,1,2,1,1,0,0.5574,0.7037
28,5,3,3,4,1,2,1,1,0,0.634,0.7486
28,5,3,3,5,1,2,1,1,0,0.547,0.6455
28,5,3,3,6,1,2,1,1,0,0.5287,0.6442
28,5,3,3,7,2,1,2,1,0,0.591,0.6894
28,5,3,3,8,2,1,2,1,0,0.6505,0.6941
28,5,3,3,9,2,1,2,1,0,0.7262,0.784
28,5,3,3,10,1,2,1,1,0,0.591,0.713
28,5,3,3,11,1,2,1,1,0,0.5856,0.7239
28,5,3,3,12,1,2,1,1,0,0.6118,0.8469
28,5,3,3,13,2,1,2,1,0,0.73,0.853
28,5,3,3,14,2,1,2,1,0,0.5436,0.6979
28,5,3,3,15,1,2,2,0,0,0.5224,0.7419
28,5,3,3,16,1,2,1,1,0,0.6131,0.8076
28,5,3,3,17,1,2,1,1,0,0.6363,0.8152
28,5,3,3,18,2,1,2,1,0,1.2677,1.3502
28,5,3,3,19,2,1,2,1,0,1.3168,1.3678
28,5,3,3,20,2,1,1,0,0,0.6139,1.1846
28,5,3,3,21,1,2,1,1,0,0.7174,0.7931
28,5,3,3,22,2,1,2,1,0,0.8042,1.0315
28,5,3,3,23,1,2,1,1,0,1.0587,1.4054
28,5,3,3,24,2,1,2,1,0,1.2336,1.5246
28,5,3,3,25,2,1,2,1,0,0.6993,1.0148
28,5,3,3,26,2,1,2,1,0,0.5062,0.7728
28,5,3,3,27,2,1,2,1,0,0.6432,1.0792
28,5,3,3,28,2,1,2,1,0,0.6711,1.3704
28,5,3,3,29,2,1,2,1,0,0.7031,1.0659
28,5,3,3,30,1,2,1,1,0,0.7475,1.1426
28,5,3,3,31,2,1,2,1,0,0.6294,1.0174
28,5,3,3,32,2,1,2,1,0,0.6127,1.0804
28,5,3,3,33,1,2,1,1,0,0.9285,1.3002
28,5,3,3,34,1,2,1,1,0,0.6602,0.9746
28,5,3,3,35,2,1,2,1,0,0.613,1.1044
28,6,1,3,1,4,2,4,1,0,1.6117,1.7504
28,6,1,3,2,4,2,2,0,0,0.8441,1.0476
28,6,1,3,3,4,2,2,0,0,1.4975,1.7093
28,6,1,3,4,2,4,2,1,0,0.781,0.9766
28,6,1,3,5,4,2,4,1,0,0.8768,1.0719
28,6,1,3,6,4,2,2,0,0,0.5856,0.757
28,6,1,3,7,4,2,2,0,0,0.7404,0.8781
28,6,1,3,8,2,4,2,1,0,0.5846,0.7631
28,6,1,3,9,4,2,4,1,0,0.9139,1.0838
28,6,1,3,10,4,2,2,0,0,0.5743,0.7135
28,6,1,3,11,2,4,4,0,0,1.7849,2.7312
28,6,1,3,12,4,2,4,1,0,1.3452,1.5481
28,6,1,3,13,4,2,2,0,0,0.7786,1.0701
28,6,1,3,14,4,2,2,0,0,0.8877,1.1152
28,6,1,3,15,2,4,2,1,0,0.5307,0.7097
28,6,1,3,16,2,4,2,1,0,0.5733,0.6574
28,6,1,3,17,4,2,2,0,0,0.5395,0.847
28,6,1,3,18,2,4,2,1,0,0.6255,1.0216
28,6,1,3,19,2,4,2,1,0,0.5011,0.7797
28,6,1,3,20,2,4,2,1,0,0.5007,0.7792
28,6,1,3,21,4,2,2,0,0,0.5777,0.9563
28,6,1,3,22,2,4,2,1,0,0.5007,0.862
28,6,1,3,23,4,2,2,0,0,0.5007,0.7471
28,6,1,3,24,2,4,2,1,0,0.5945,0.8212
28,6,1,3,25,4,2,2,0,0,0.682,1.0518
28,6,1,3,26,4,2,2,0,0,0.5829,1.0737
28,6,1,3,27,2,4,2,1,0,0.724,1.1021
28,6,1,3,28,2,4,2,1,0,0.5916,0.8668
28,6,1,3,29,2,4,2,1,0,0.565,1.1189
28,6,1,3,30,4,2,4,1,0,0.8792,1.1634
28,6,1,3,31,4,2,4,1,0,0.7766,1.1
28,6,1,3,32,4,2,2,0,0,0.9315,1.2157
28,6,1,3,33,4,2,2,0,0,0.7783,2.0927
28,6,1,3,34,4,2,2,0,0,1.7895,2.064
28,6,1,3,35,4,2,2,0,0,0.7531,1.0035
28,6,2,1,1,1,,1,1,0,1.4316,1.6835
28,6,2,1,2,2,,2,1,0,1.1627,1.2695
28,6,2,1,3,3,,1,0,0,1.2478,1.4177
28,6,2,1,4,3,,3,1,0,1.1339,1.2336
28,6,2,1,5,3,,1,0,0,0.7404,0.959
28,6,2,1,6,3,,3,1,0,1.2537,1.3761
28,6,2,1,7,2,,2,1,0,1.1104,1.2498
28,6,2,1,8,2,,2,1,0,0.6361,0.8872
28,6,2,1,9,1,,1,1,0,0.9437,1.1394
28,6,2,1,10,2,,2,1,0,1.1307,1.3724
28,6,2,1,11,3,,3,1,0,1.131,1.311
28,6,2,1,12,4,,2,0,0,1.4218,1.5926
28,6,2,1,13,1,,1,1,0,0.7722,0.9989
28,6,2,1,14,2,,2,1,0,1.0604,1.2237
28,6,2,1,15,4,,3,0,0,1.1949,1.2944
28,6,2,1,16,2,,2,1,0,1.118,1.3304
28,6,2,1,17,3,,1,0,0,1.0398,1.2522
28,6,2,1,18,4,,4,1,0,1.1418,1.4001
28,6,2,1,19,1,,1,1,0,0.677,0.896
28,6,2,1,20,2,,2,1,0,1.0322,1.2266
28,6,2,1,21,4,,1,0,0,1.5026,1.6095
28,6,2,1,22,1,,1,1,0,0.5821,0.7137
28,6,2,1,23,2,,2,1,0,1.1369,1.3246
28,6,2,1,24,4,,4,1,0,1.3801,1.5189
28,6,2,1,25,3,,3,1,0,1.2618,1.5041
28,6,2,1,26,4,,4,1,0,2.3931,2.645
28,6,2,1,27,4,,1,0,0,0.7563,0.9597
28,6,2,1,28,1,,1,1,0,0.6284,0.7745
28,6,2,1,29,2,,2,1,0,1.2775,1.5449
28,6,2,1,30,3,,3,1,0,1.2871,1.4095
28,6,2,1,31,3,,3,1,0,0.7891,1.0873
28,6,2,1,32,2,,2,1,0,1.1212,1.293
28,6,2,1,33,3,,1,0,0,0.8368,1.9439
28,6,2,1,34,1,,1,1,0,1.4531,1.7037
28,6,2,1,35,2,,2,1,0,1.1352,1.331
28,6,3,2,1,2,3,2,1,0,2.4556,5.6099
28,6,3,2,2,4,2,4,1,0,2.2345,2.3569
28,6,3,2,3,4,3,2,0,0,1.6347,1.7647
28,6,3,2,4,3,2,3,1,0,1.3305,1.9014
28,6,3,2,5,1,4,1,1,0,1.1492,1.4412
28,6,3,2,6,4,3,3,0,0,1.4826,1.8852
28,6,3,2,7,2,1,2,1,0,1.5419,1.7445
28,6,3,2,8,3,4,3,1,0,0.9994,1.4333
28,6,3,2,9,4,3,4,1,0,2.1489,2.5201
28,6,3,2,10,4,3,4,1,0,1.4461,1.7691
28,6,3,2,11,1,4,1,1,0,1.4784,1.9218
28,6,3,2,12,3,4,3,1,0,1.3765,1.7957
28,6,3,2,13,4,1,1,0,0,1.9832,2.2735
28,6,3,2,14,1,3,1,1,0,1.3869,1.7087
28,6,3,2,15,1,2,1,1,0,1.2779,1.5055
28,6,3,2,16,2,4,2,1,0,1.6566,1.8351
28,6,3,2,17,2,4,2,1,0,2.4064,2.7047
28,6,3,2,18,3,2,3,1,0,1.5837,1.7315
28,6,3,2,19,4,1,4,1,0,1.889,2.0683
28,6,3,2,20,4,3,4,1,0,2.2615,2.4635
28,6,3,2,21,2,3,2,1,0,1.6562,1.8111
28,6,3,2,22,4,3,3,0,0,1.7024,1.8334
28,6,3,2,23,2,4,2,1,0,1.3964,1.7343
28,6,3,2,24,2,1,1,0,0,2.3732,2.5373
28,6,3,2,25,3,1,3,1,0,1.6061,2.0976
28,6,3,2,26,1,2,1,1,0,1.481,1.9392
28,6,3,2,27,4,3,4,1,0,2.2578,2.7478
28,6,3,2,28,2,3,2,1,0,1.5134,1.8602
28,6,3,2,29,2,3,2,1,0,1.5895,2.0496
28,6,3,2,30,4,3,3,0,0,2.73,3.125
28,6,3,2,31,3,2,3,1,0,2.5151,2.9971
28,6,3,2,32,3,4,3,1,0,1.4724,1.8352
28,6,3,2,33,3,1,3,1,0,1.4378,1.9372
28,6,3,2,34,1,4,4,0,0,1.6071,1.9209
28,6,3,2,35,1,4,1,1,0,1.121,1.5885
29,1,1,1,1,3,,2,0,0,1.8576,2.885
29,1,1,1,2,3,,3,1,0,1.9881,2.7183
29,1,1,1,3,2,,2,1,0,1.4367,2.8628
29,1,1,1,4,3,,3,1,0,1.3431,2.6101
29,1,1,1,5,4,,4,1,0,2.1252,4.017
29,1,1,1,6,3,,3,1,0,2.0969,5.2517
29,1,1,1,7,2,,2,1,0,1.3455,2.9253
29,1,1,1,8,3,,3,1,0,5.0902,5.9495
29,1,1,1,9,3,,3,1,0,1.6866,3.7386
29,1,1,1,10,4,,2,0,0,1.9421,3.5208
29,1,1,1,11,3,,3,1,0,1.4539,3.4887
29,1,1,1,12,4,,4,1,0,1.8788,3.4975
29,1,1,1,13,4,,1,0,0,2.1759,3.5636
29,1,1,1,14,2,,3,0,0,2.3264,3.2813
29,1,1,1,15,4,,3,0,0,1.8315,2.5384
29,1,1,1,16,1,,3,0,0,2.6156,3.346
29,1,1,1,17,1,,2,0,0,2.1986,2.8653
29,1,1,1,18,1,,1,1,0,1.9293,2.7639
29,1,1,1,19,4,,4,1,0,1.5686,2.875
29,1,1,1,20,4,,4,1,0,2.6755,3.7509
29,1,1,1,21,1,,2,0,0,4.8181,5.3719
29,1,1,1,22,1,,1,1,0,1.6301,2.4247
29,1,1,1,23,1,,1,1,0,2.0665,2.9327
29,1,1,1,24,2,,2,1,0,1.795,2.557
29,1,1,1,25,2,,2,1,0,2.0666,3.605
29,1,1,1,26,4,,4,1,0,2.5837,4.5695
29,1,1,1,27,1,,3,0,0,3.1569,4.9106
29,1,1,1,28,1,,1,1,0,2.6754,3.6388
29,1,1,1,29,3,,3,1,0,1.5264,3.1855
29,1,1,1,30,3,,3,1,0,1.6126,2.9526
29,1,1,1,31,2,,2,1,0,1.5799,2.6146
29,1,1,1,32,3,,3,1,0,1.4651,2.4116
29,1,1,1,33,3,,3,1,0,1.2784,2.8495
29,1,1,1,34,4,,4,1,0,1.3462,3.2696
29,1,1,1,35,4,,2,0,0,2.1331,3.1668
29,1,2,2,1,1,3,1,1,0,1.6664,2.7246
29,1,2,2,2,3,2,3,1,0,1.8192,2.9271
29,1,2,2,3,2,3,2,1,0,1.6436,2.3334
29,1,2,2,4,3,4,3,1,0,1.572,2.4942
29,1,2,2,5,4,2,4,1,0,1.5105,2.9136
29,1,2,2,6,3,1,3,1,0,1.1754,1.9546
29,1,2,2,7,4,3,4,1,0,2.7035,3.826
29,1,2,2,8,3,1,3,1,0,1.8838,2.8063
29,1,2,2,9,4,3,4,1,0,1.8252,2.4437
29,1,2,2,10,2,4,2,1,0,1.429,2.8485
29,1,2,2,11,1,2,3,0,0,1.4969,4.603
29,1,2,2,12,2,3,2,1,0,1.1888,2.096
29,1,2,2,13,1,3,1,1,0,1.527,2.6414
29,1,2,2,14,3,1,3,1,0,1.1556,1.9746
29,1,2,2,15,4,2,4,1,0,1.3711,2.0863
29,1,2,2,16,2,4,2,1,0,1.1504,2.4821
29,1,2,2,17,3,4,3,1,0,2.2091,3.1238
29,1,2,2,18,1,2,1,1,0,2.9699,3.9888
29,1,2,2,19,1,2,1,1,0,1.3906,2.3297
29,1,2,2,20,3,4,3,1,0,1.7839,2.5474
29,1,2,2,21,2,4,1,0,0,1.1119,3.0358
29,1,2,2,22,3,4,3,1,0,1.3955,2.0622
29,1,2,2,23,2,1,2,1,0,2.0075,2.7072
29,1,2,2,24,3,1,3,1,0,1.5534,2.2047
29,1,2,2,25,3,1,3,1,0,1.2796,2.0509
29,1,2,2,26,4,3,4,1,0,5.0278,9.4787
29,1,2,2,27,3,4,3,1,0,1.7837,2.5314
29,1,2,2,28,3,4,3,1,0,1.4644,2.8911
29,1,2,2,29,1,2,2,0,0,4.3142,5.4846
29,1,2,2,30,4,1,1,0,0,3.442,4.237
29,1,2,2,31,1,3,3,0,0,1.7566,2.9518
29,1,2,2,32,4,1,4,1,0,1.4682,4.1354
29,1,2,2,33,2,4,2,1,0,1.7229,2.6071
29,1,2,2,34,4,3,4,1,0,2.1048,5.123
29,1,2,2,35,2,1,1,0,0,10.0314,11.6186
29,1,3,3,1,4,2,4,1,0,2.4178,7.4374
29,1,3,3,2,4,2,2,0,0,2.7775,3.9253
29,1,3,3,3,4,2,4,1,0,1.6812,2.7167
29,1,3,3,4,4,2,4,1,0,1.1617,2.5004
29,1,3,3,5,2,4,2,1,0,1.3074,2.2783
29,1,3,3,6,4,2,4,1,0,1.5267,3.1286
29,1,3,3,7,2,4,2,1,0,1.1978,2.5764
29,1,3,3,8,2,4,2,1,0,1.5491,2.4484
29,1,3,3,9,4,2,4,1,0,1.2497,2.0694
29,1,3,3,10,2,4,2,1,0,1.0292,2.8638
29,1,3,3,11,2,4,2,1,0,1.0802,2.0922
29,1,3,3,12,4,2,4,1,0,1.1303,2.0133
29,1,3,3,13,2,4,2,1,0,1.1849,2.2114
29,1,3,3,14,4,2,4,1,0,1.3414,2.4489
29,1,3,3,15,4,2,4,1,0,0.9612,1.8288
29,1,3,3,16,2,4,2,1,0,1.3103,2.4503
29,1,3,3,17,2,4,2,1,0,1.0746,2.2529
29,1,3,3,18,2,4,2,1,0,1.8549,2.9379
29,1,3,3,19,2,4,2,1,0,1.3106,2.5209
29,1,3,3,20,4,2,4,1,0,1.1842,2.4827
29,1,3,3,21,4,2,4,1,0,1.331,2.7813
29,1,3,3,22,2,4,2,1,0,1.208,2.4124
29,1,3,3,23,2,4,2,1,0,1.0537,3.1134
29,1,3,3,24,2,4,2,1,0,1.3499,2.5541
29,1,3,3,25,4,2,4,1,0,1.3027,3.7684
29,1,3,3,26,2,4,2,1,0,1.1885,2.6078
29,1,3,3,27,2,4,2,1,0,2.034,3.4444
29,1,3,3,28,2,4,2,1,0,0.9736,1.9998
29,1,3,3,29,4,2,4,1,0,1.2842,2.9364
29,1,3,3,30,2,4,2,1,0,1.172,2.2797
29,1,3,3,31,4,2,4,1,0,1.2464,2.8573
29,1,3,3,32,4,2,4,1,0,1.138,2.077
29,1,3,3,33,4,2,4,1,0,1.461,2.4555
29,1,3,3,34,2,4,2,1,0,1.097,2.3557
29,1,3,3,35,2,4,2,1,0,1.5693,2.8519
29,2,1,3,1,3,4,3,1,0,1.3348,2.5546
29,2,1,3,2,4,3,4,1,0,1.1901,2.5056
29,2,1,3,3,3,4,2,0,0,0.9682,2.0445
29,2,1,3,4,3,4,2,0,0,1.2293,3.6793
29,2,1,3,5,4,3,3,0,0,1.5664,5.3209
29,2,1,3,6,3,4,3,1,0,1.8526,3.5267
29,2,1,3,7,4,3,4,1,0,1.4451,3.2956
29,2,1,3,8,4,3,4,1,0,1.4935,2.8166
29,2,1,3,9,3,4,2,0,0,1.2745,5.5742
29,2,1,3,10,3,4,3,1,0,2.0624,3.5546
29,2,1,3,11,3,4,3,1,0,1.1891,1.9679
29,2,1,3,12,4,3,4,1,0,1.4851,2.6328
29,2,1,3,13,4,3,4,1,0,1.386,9.4441
29,2,1,3,14,3,4,3,1,0,1.6634,3.1696
29,2,1,3,15,3,4,3,1,0,1.4618,2.0486
29,2,1,3,16,3,4,3,1,0,1.3224,1.9894
29,2,1,3,17,3,4,3,1,0,1.6336,2.1809
29,2,1,3,18,3,4,3,1,0,1.1686,2.4109
29,2,1,3,19,3,4,3,1,0,0.9654,1.9364
29,2,1,3,20,3,4,3,1,0,0.7033,1.9057
29,2,1,3,21,3,4,3,1,0,1.018,2.0288
29,2,1,3,22,4,3,4,1,0,0.9913,1.9143
29,2,1,3,23,4,3,4,1,0,1.4326,2.6601
29,2,1,3,24,3,4,4,0,0,1.5083,2.463
29,2,1,3,25,3,4,3,1,0,1.399,2.0986
29,2,1,3,26,4,3,4,1,0,1.1135,2.1176
29,2,1,3,27,4,3,3,0,0,1.1797,1.8301
29,2,1,3,28,4,3,4,1,0,1.1449,1.8607
29,2,1,3,29,3,4,3,1,0,1.6209,2.4476
29,2,1,3,30,3,4,3,1,0,0.8571,1.6363
29,2,1,3,31,4,3,4,1,0,1.1343,2.1212
29,2,1,3,32,4,3,4,1,0,1.2004,2.0426
29,2,1,3,33,3,4,3,1,0,1.2055,2.1928
29,2,1,3,34,3,4,3,1,0,1.3649,2.48
29,2,1,3,35,3,4,3,1,0,1.0629,1.899
29,2,2,1,1,1,,3,0,0,1.8329,2.4526
29,2,2,1,2,4,,4,1,0,1.0845,2.119
29,2,2,1,3,1,,3,0,0,2.3653,3.4889
29,2,2,1,4,2,,2,1,0,1.3361,2.3142
29,2,2,1,5,4,,4,1,0,1.3605,2.3954
29,2,2,1,6,2,,2,1,0,1.5908,2.3138
29,2,2,1,7,2,,4,0,0,2.1927,3.2925
29,2,2,1,8,2,,2,1,0,1.2024,1.8062
29,2,2,1,9,4,,4,1,0,1.1207,1.821
29,2,2,1,10,2,,2,1,0,2.5593,3.4669
29,2,2,1,11,4,,4,1,0,1.1615,1.9966
29,2,2,1,12,3,,3,1,0,2.4955,4.1717
29,2,2,1,13,4,,4,1,0,1.3416,2.4012
29,2,2,1,14,3,,3,1,0,1.4432,2.1351
29,2,2,1,15,3,,2,0,0,1.797,2.3437
29,2,2,1,16,2,,2,1,0,1.1004,1.9048
29,2,2,1,17,3,,3,1,0,1.3672,2.6496
29,2,2,1,18,3,,3,1,0,1.1554,2.4772
29,2,2,1,19,4,,4,1,0,1.878,2.8651
29,2,2,1,20,1,,1,1,0,1.8165,2.564
29,2,2,1,21,4,,2,0,0,1.9601,3.0354
29,2,2,1,22,4,,1,0,0,2.4519,3.6703
29,2,2,1,23,3,,3,1,0,1.2697,2.2163
29,2,2,1,24,3,,3,1,0,1.1233,2.5499
29,2,2,1,25,1,,1,1,0,1.299,2.1665
29,2,2,1,26,1,,1,1,0,1.5861,2.4364
29,2,2,1,27,3,,3,1,0,1.4944,2.938
29,2,2,1,28,3,,3,1,0,1.2549,2.0819
29,2,2,1,29,4,,4,1,0,1.2422,2.0605
29,2,2,1,30,1,,2,0,0,2.0943,3.0001
29,2,2,1,31,3,,3,1,0,1.8982,2.8695
29,2,2,1,32,4,,4,1,0,1.2454,2.0238
29,2,2,1,33,1,,1,1,0,1.8756,3.8866
29,2,2,1,34,2,,3,0,0,1.9163,2.6068
29,2,2,1,35,4,,4,1,0,1.3543,2.7663
29,2,3,2,1,2,4,2,1,0,1.8154,2.6104
29,2,3,2,2,1,2,2,0,0,6.1008,6.9527
29,2,3,2,3,2,4,2,1,0,1.3921,2.6104
29,2,3,2,4,2,3,2,1,0,1.4373,2.8794
29,2,3,2,5,4,1,4,1,0,1.8713,3.2658
29,2,3,2,6,4,3,4,1,0,1.0094,2.3329
29,2,3,2,7,1,2,1,1,0,1.4987,3.3343
29,2,3,2,8,3,1,3,1,0,1.7864,2.5336
29,2,3,2,9,1,4,4,0,0,2.8265,3.9329
29,2,3,2,10,3,2,3,1,0,2.1615,3.509
29,2,3,2,11,2,4,2,1,0,4.1872,5.886
29,2,3,2,12,3,2,3,1,0,1.73,2.7891
29,2,3,2,13,3,4,3,1,0,1.016,1.6042
29,2,3,2,14,4,2,4,1,0,0.9906,1.6337
29,2,3,2,15,1,4,1,1,0,1.4604,2.1198
29,2,3,2,16,4,1,4,1,0,1.206,2.2339
29,2,3,2,17,1,3,1,1,0,1.6993,2.9661
29,2,3,2,18,1,4,1,1,0,3.3464,3.9489
29,2,3,2,19,3,4,3,1,0,1.6086,2.7233
29,2,3,2,20,2,3,3,0,0,2.3537,3.0919
29,2,3,2,21,2,1,2,1,0,1.2596,3.8468
29,2,3,2,22,3,1,3,1,0,1.5743,2.3769
29,2,3,2,23,1,2,1,1,0,1.7086,2.3032
29,2,3,2,24,3,4,3,1,0,1.8476,2.5054
29,2,3,2,25,1,3,1,1,0,1.3853,2.1651
29,2,3,2,26,4,2,2,0,0,3.9448,4.8353
29,2,3,2,27,4,3,4,1,0,1.3389,2.0789
29,2,3,2,28,2,3,2,1,0,1.1502,1.7292
29,2,3,2,29,4,2,4,1,0,1.1673,1.9225
29,2,3,2,30,3,4,3,1,0,1.6896,2.7716
29,2,3,2,31,4,1,4,1,0,4.6884,5.6043
29,2,3,2,32,2,3,2,1,0,1.2356,2.4371
29,2,3,2,33,4,1,4,1,0,1.6878,2.8509
29,2,3,2,34,4,1,4,1,0,1.3555,2.2307
29,2,3,2,35,2,3,2,1,0,1.3206,2.8909
29,3,1,1,1,3,,3,1,0,1.64,4.0187
29,3,1,1,2,3,,3,1,0,1.1639,2.2868
29,3,1,1,3,2,,2,1,0,1.3347,2.0326
29,3,1,1,4,3,,3,1,0,1.6433,2.9194
29,3,1,1,5,1,,1,1,0,1.2124,2.3841
29,3,1,1,6,2,,2,1,0,1.2516,2.2953
29,3,1,1,7,3,,3,1,0,1.4537,2.1373
29,3,1,1,8,3,,3,1,0,1.2309,1.873
29,3,1,1,9,1,,4,0,0,1.4026,2.7096
29,3,1,1,10,4,,4,1,0,1.1886,2.4
29,3,1,1,11,4,,4,1,0,1.0501,1.7641
29,3,1,1,12,1,,1,1,0,1.2103,2.1485
29,3,1,1,13,1,,2,0,0,2.2986,3.1424
29,3,1,1,14,1,,2,0,0,1.5385,2.4931
29,3,1,1,15,2,,2,1,0,1.349,2.4633
29,3,1,1,16,4,,4,1,0,1.3686,2.371
29,3,1,1,17,2,,2,1,0,1.1359,2.644
29,3,1,1,18,2,,2,1,0,1.2119,2.2623
29,3,1,1,19,4,,4,1,0,1.3995,2.2031
29,3,1,1,20,3,,3,1,0,1.8455,2.8493
29,3,1,1,21,3,,3,1,0,0.9521,1.7073
29,3,1,1,22,4,,3,0,0,0.9875,2.0228
29,3,1,1,23,4,,4,1,0,1.2969,2.6772
29,3,1,1,24,2,,2,1,0,1.2106,2.0786
29,3,1,1,25,3,,3,1,0,1.7418,2.48
29,3,1,1,26,4,,4,1,0,1.328,1.9709
29,3,1,1,27,4,,4,1,0,1.112,2.0435
29,3,1,1,28,4,,4,1,0,1.7084,2.599
29,3,1,1,29,2,,2,1,0,1.8667,2.5411
29,3,1,1,30,3,,3,1,0,1.403,2.6786
29,3,1,1,31,1,,1,1,0,0.9179,1.8324
29,3,1,1,32,1,,1,1,0,1.2829,1.9574
29,3,1,1,33,3,,2,0,0,2.7154,4.3183
29,3,1,1,34,1,,1,1,0,1.4906,9.9251
29,3,1,1,35,4,,4,1,0,1.4276,1.9997
29,3,2,3,1,1,3,1,1,0,1.5036,2.5063
29,3,2,3,2,3,1,3,1,0,2.0974,2.7559
29,3,2,3,3,1,3,3,0,0,1.1292,2.1404
29,3,2,3,4,3,1,3,1,0,0.8581,1.7241
29,3,2,3,5,1,3,1,1,0,1.3561,2.3268
29,3,2,3,6,3,1,3,1,0,1.2048,2.2391
29,3,2,3,7,3,1,3,1,0,1.0263,2.1248
29,3,2,3,8,3,1,3,1,0,0.7719,1.6469
29,3,2,3,9,3,1,3,1,0,0.9845,1.8995
29,3,2,3,10,1,3,1,1,0,1.2354,2.3181
29,3,2,3,11,3,1,3,1,0,1.5324,2.2948
29,3,2,3,12,3,1,3,1,0,0.8712,1.8493
29,3,2,3,13,1,3,1,1,0,1.0918,1.9273
29,3,2,3,14,1,3,1,1,0,0.7486,1.5834
29,3,2,3,15,1,3,1,1,0,1.1085,1.7281
29,3,2,3,16,1,3,1,1,0,0.9658,1.8329
29,3,2,3,17,3,1,3,1,0,1.5553,2.3911
29,3,2,3,18,1,3,1,1,0,0.8265,1.5407
29,3,2,3,19,1,3,1,1,0,0.7723,1.3599
29,3,2,3,20,1,3,1,1,0,0.7405,1.5025
29,3,2,3,21,3,1,3,1,0,1.2639,1.9633
29,3,2,3,22,1,3,1,1,0,1.0473,2.1376
29,3,2,3,23,1,3,1,1,0,0.793,1.8836
29,3,2,3,24,3,1,3,1,0,1.4119,2.4233
29,3,2,3,25,3,1,3,1,0,1.0332,1.8115
29,3,2,3,26,3,1,3,1,0,0.7919,1.5954
29,3,2,3,27,3,1,3,1,0,1.0062,1.9527
29,3,2,3,28,1,3,1,1,0,1.0151,1.7864
29,3,2,3,29,1,3,1,1,0,0.7425,1.3378
29,3,2,3,30,3,1,3,1,0,1.2889,2.2036
29,3,2,3,31,1,3,1,1,0,1.063,1.9289
29,3,2,3,32,1,3,1,1,0,0.7681,1.6754
29,3,2,3,33,1,3,1,1,0,0.7246,1.44
29,3,2,3,34,3,1,3,1,0,0.9302,1.686
29,3,2,3,35,1,3,3,0,0,1.5258,2.1691
29,3,3,2,1,2,1,2,1,0,3.3871,4.6068
29,3,3,2,2,3,4,3,1,0,3.3181,4.1921
29,3,3,2,3,1,3,1,1,0,1.8271,3.4129
29,3,3,2,4,1,4,1,1,0,1.199,2.4103
29,3,3,2,5,1,4,1,1,0,1.5892,2.5125
29,3,3,2,6,4,3,3,0,0,2.9821,3.7223
29,3,3,2,7,4,1,4,1,0,1.4468,3.0418
29,3,3,2,8,2,3,3,0,0,3.938,5.5012
29,3,3,2,9,4,3,4,1,0,1.4007,2.7076
29,3,3,2,10,1,2,1,1,0,2.2907,3.5742
29,3,3,2,11,1,2,1,1,0,1.5455,2.7
29,3,3,2,12,1,4,1,1,0,2.0176,3.3101
29,3,3,2,13,2,3,2,1,0,2.5305,4.2935
29,3,3,2,14,1,2,1,1,0,1.8515,3.3029
29,3,3,2,15,1,2,1,1,0,1.6605,2.3915
29,3,3,2,16,2,3,2,1,0,1.3626,2.3413
29,3,3,2,17,3,1,3,1,0,1.7868,2.7905
29,3,3,2,18,1,2,2,0,0,2.8817,4.1319
29,3,3,2,19,2,3,2,1,0,1.4405,2.4185
29,3,3,2,20,4,1,4,1,0,1.4611,2.2796
29,3,3,2,21,1,2,1,1,0,1.4083,2.7311
29,3,3,2,22,1,4,1,1,0,1.1768,2.5797
29,3,3,2,23,1,2,1,1,0,1.7833,3.3777
29,3,3,2,24,3,4,3,1,0,1.5083,3.3442
29,3,3,2,25,2,4,2,1,0,1.2199,2.2386
29,3,3,2,26,4,1,4,1,0,5.5051,6.6286
29,3,3,2,27,3,1,3,1,0,1.641,3.043
29,3,3,2,28,3,1,3,1,0,1.2845,2.0163
29,3,3,2,29,2,1,2,1,0,1.6588,2.4861
29,3,3,2,30,1,2,1,1,0,3.8857,5.5359
29,3,3,2,31,1,3,1,1,0,1.4424,2.0946
29,3,3,2,32,3,4,3,1,0,1.3164,2.0881
29,3,3,2,33,4,1,4,1,0,1.4152,2.1064
29,3,3,2,34,3,4,3,1,0,1.5615,2.2436
29,3,3,2,35,1,3,1,1,0,1.3018,1.9288
29,4,1,2,1,4,1,4,1,0,2.5906,3.6101
29,4,1,2,2,1,2,2,0,0,4.2119,4.7591
29,4,1,2,3,4,2,4,1,0,2.7129,3.4834
29,4,1,2,4,1,2,1,1,0,1.7147,2.3817
29,4,1,2,5,4,3,4,1,0,1.1135,1.8044
29,4,1,2,6,3,1,3,1,0,3.1918,4.1559
29,4,1,2,7,4,2,2,0,0,2.5824,3.2804
29,4,1,2,8,3,1,3,1,0,2.04,2.74
29,4,1,2,9,3,1,3,1,0,1.5684,2.6284
29,4,1,2,10,3,2,3,1,0,1.6927,2.6393
29,4,1,2,11,1,3,1,1,0,1.993,2.6215
29,4,1,2,12,4,1,4,1,0,2.1031,2.8174
29,4,1,2,13,4,2,4,1,0,1.8196,2.4067
29,4,1,2,14,2,1,2,1,0,2.5134,4.9725
29,4,1,2,15,4,2,2,0,0,3.5666,4.3701
29,4,1,2,16,4,1,4,1,0,4.0196,4.6784
29,4,1,2,17,4,2,4,1,0,1.1642,3.119
29,4,1,2,18,2,3,2,1,0,1.7651,2.7919
29,4,1,2,19,1,2,1,1,0,1.6436,2.4542
29,4,1,2,20,2,3,2,1,0,1.7113,2.914
29,4,1,2,21,2,1,2,1,0,1.7601,2.5866
29,4,1,2,22,4,3,4,1,0,1.1188,1.7533
29,4,1,2,23,1,4,1,1,0,1.3761,2.3226
29,4,1,2,24,4,3,4,1,0,1.7372,2.492
29,4,1,2,25,2,1,2,1,0,1.8997,2.9035
29,4,1,2,26,3,1,3,1,0,1.5179,2.2399
29,4,1,2,27,3,1,3,1,0,1.3223,1.8849
29,4,1,2,28,4,2,2,0,0,4.4059,5.081
29,4,1,2,29,4,3,4,1,0,1.4854,2.129
29,4,1,2,30,2,3,2,1,0,1.183,1.8816
29,4,1,2,31,1,4,1,1,0,2.2016,2.8845
29,4,1,2,32,1,3,1,1,0,1.292,1.9116
29,4,1,2,33,2,3,2,1,0,1.2861,1.8023
29,4,1,2,34,1,2,1,1,0,1.3332,2.1356
29,4,1,2,35,3,1,3,1,0,2.5979,3.5698
29,4,2,3,1,2,3,2,1,0,1.4894,2.0518
29,4,2,3,2,3,2,3,1,0,1.1097,2.0094
29,4,2,3,3,3,2,3,1,0,0.8128,1.4946
29,4,2,3,4,3,2,3,1,0,0.7754,1.482
29,4,2,3,5,3,2,3,1,0,0.5469,1.3428
29,4,2,3,6,3,2,3,1,0,0.5007,1.1901
29,4,2,3,7,2,3,2,1,0,0.9082,1.576
29,4,2,3,8,3,2,3,1,0,1.0752,1.8224
29,4,2,3,9,3,2,3,1,0,0.8976,1.7238
29,4,2,3,10,3,2,3,1,0,0.6114,1.3659
29,4,2,3,11,3,2,3,1,0,0.5157,1.3741
29,4,2,3,12,2,3,2,1,0,0.5008,1.1989
29,4,2,3,13,3,2,3,1,0,0.5237,1.2309
29,4,2,3,14,3,2,3,1,0,3.042,4.0941
29,4,2,3,15,3,2,3,1,0,1.1545,2.0531
29,4,2,3,16,3,2,3,1,0,0.6472,1.5859
29,4,2,3,17,3,2,3,1,0,0.5009,1.1371
29,4,2,3,18,3,2,3,1,0,0.4842,1.6262
29,4,2,3,19,2,3,2,1,0,0.8617,1.8975
29,4,2,3,20,2,3,2,1,0,0.6324,1.6444
29,4,2,3,21,3,2,3,1,0,0.717,1.5442
29,4,2,3,22,2,3,2,1,0,0.484,1.2321
29,4,2,3,23,3,2,3,1,0,0.5007,2.1187
29,4,2,3,24,2,3,2,1,0,0.6373,1.4488
29,4,2,3,25,2,3,2,1,0,0.6666,1.4525
29,4,2,3,26,3,2,3,1,0,0.8552,1.4829
29,4,2,3,27,3,2,3,1,0,0.9136,1.5257
29,4,2,3,28,2,3,2,1,0,1.4206,2.0715
29,4,2,3,29,2,3,3,0,0,1.7598,2.3555
29,4,2,3,30,2,3,2,1,0,0.8079,1.3779
29,4,2,3,31,3,2,3,1,0,0.5008,1.242
29,4,2,3,32,2,3,2,1,0,0.5009,1.1853
29,4,2,3,33,3,2,2,0,0,0.5008,2.1618
29,4,2,3,34,3,2,3,1,0,1.5416,2.337
29,4,2,3,35,2,3,2,1,0,2.7187,3.7609
29,4,3,1,1,3,,3,1,0,0.9158,1.5346
29,4,3,1,2,3,,3,1,0,0.8776,1.4968
29,4,3,1,3,2,,2,1,0,1.0484,1.6117
29,4,3,1,4,3,,3,1,0,1.2625,1.9788
29,4,3,1,5,1,,3,0,0,1.8144,2.6409
29,4,3,1,6,1,,2,0,0,0.8666,1.6059
29,4,3,1,7,3,,3,1,0,3.9457,4.4199
29,4,3,1,8,4,,4,1,0,1.2444,3.1833
29,4,3,1,9,2,,2,1,0,1.1227,2.5585
29,4,3,1,10,4,,4,1,0,1.6173,2.7173
29,4,3,1,11,4,,3,0,0,4.5228,5.5335
29,4,3,1,12,2,,3,0,0,1.1999,2.4106
29,4,3,1,13,3,,3,1,0,1.0614,2.1996
29,4,3,1,14,4,,4,1,0,1.7312,2.2936
29,4,3,1,15,2,,2,1,0,1.1333,1.7767
29,4,3,1,16,2,,2,1,0,1.165,2.0314
29,4,3,1,17,2,,2,1,0,0.8985,1.8046
29,4,3,1,18,1,,4,0,0,3.5366,4.1242
29,4,3,1,19,1,,1,1,0,1.2806,2.0506
29,4,3,1,20,1,,1,1,0,1.3487,1.9207
29,4,3,1,21,1,,1,1,0,1.023,1.9297
29,4,3,1,22,2,,2,1,0,1.1924,2.2278
29,4,3,1,23,2,,2,1,0,2.0052,3.2325
29,4,3,1,24,3,,3,1,0,1.8166,2.5223
29,4,3,1,25,4,,4,1,0,1.2898,2.372
29,4,3,1,26,3,,3,1,0,2.1931,2.9565
29,4,3,1,27,1,,3,0,0,1.569,2.0677
29,4,3,1,28,1,,4,0,0,1.6844,2.1601
29,4,3,1,29,3,,3,1,0,1.4762,2.3994
29,4,3,1,30,1,,3,0,0,1.1621,1.6861
29,4,3,1,31,2,,3,0,0,1.1653,1.6658
29,4,3,1,32,4,,3,0,0,1.4421,1.8447
29,4,3,1,33,2,,2,1,0,1.3263,1.7134
29,4,3,1,34,2,,2,1,0,1.2166,1.5489
29,4,3,1,35,3,,3,1,0,1.9619,3.005
29,5,1,2,1,1,4,4,0,0,3.7514,4.8658
29,5,1,2,2,3,1,3,1,0,2.9675,4.0027
29,5,1,2,3,4,1,4,1,0,1.388,2.2389
29,5,1,2,4,4,3,4,1,0,1.5439,3.0588
29,5,1,2,5,3,1,3,1,0,2.02,2.8384
29,5,1,2,6,3,2,3,1,0,0.9999,1.9315
29,5,1,2,7,1,2,2,0,0,1.4576,2.4771
29,5,1,2,8,3,1,3,1,0,1.2837,2.1508
29,5,1,2,9,1,3,1,1,0,1.4433,2.3037
29,5,1,2,10,1,2,1,1,0,2.6849,3.5047
29,5,1,2,11,1,3,3,0,0,2.6138,3.4891
29,5,1,2,12,1,4,1,1,0,1.1834,1.8033
29,5,1,2,13,4,2,4,1,0,1.1662,1.9852
29,5,1,2,14,1,4,1,1,0,1.7975,2.5932
29,5,1,2,15,3,4,3,1,0,1.4594,2.8457
29,5,1,2,16,2,4,2,1,0,2.6309,3.2183
29,5,1,2,17,2,4,2,1,0,1.2117,1.7976
29,5,1,2,18,4,3,4,1,0,1.7869,2.4626
29,5,1,2,19,3,4,3,1,0,1.182,1.7125
29,5,1,2,20,2,4,2,1,0,1.536,1.98
29,5,1,2,21,4,1,4,1,0,1.7993,2.2583
29,5,1,2,22,3,1,1,0,0,3.1232,3.6386
29,5,1,2,23,4,2,2,0,0,2.7266,3.2254
29,5,1,2,24,2,1,2,1,0,1.5309,2.1971
29,5,1,2,25,3,2,3,1,0,2.1051,2.7246
29,5,1,2,26,1,2,2,0,0,1.6503,2.2603
29,5,1,2,27,4,2,4,1,0,1.3738,1.9125
29,5,1,2,28,2,4,2,1,0,1.2553,2.0341
29,5,1,2,29,2,4,2,1,0,2.0121,2.4714
29,5,1,2,30,4,2,4,1,0,1.855,2.1932
29,5,1,2,31,1,4,1,1,0,1.5496,2.0567
29,5,1,2,32,4,1,4,1,0,1.0261,1.7481
29,5,1,2,33,4,3,3,0,0,2.2587,2.9099
29,5,1,2,34,4,1,4,1,0,1.1564,1.8946
29,5,1,2,35,4,2,4,1,0,1.1498,1.6011
29,5,2,1,1,2,,2,1,0,1.354,1.9807
29,5,2,1,2,1,,2,0,0,0.9609,1.6128
29,5,2,1,3,4,,4,1,0,1.2236,2.0414
29,5,2,1,4,1,,4,0,0,1.3883,1.7751
29,5,2,1,5,2,,2,1,0,1.2286,1.7516
29,5,2,1,6,2,,2,1,0,0.7971,1.3849
29,5,2,1,7,2,,2,1,0,2.8614,3.3679
29,5,2,1,8,3,,3,1,0,1.5958,2.2457
29,5,2,1,9,4,,4,1,0,2.0238,2.5459
29,5,2,1,10,4,,4,1,0,1.1275,1.9867
29,5,2,1,11,4,,3,0,0,1.8552,2.6175
29,5,2,1,12,1,,3,0,0,1.9805,2.4551
29,5,2,1,13,3,,3,1,0,1.8559,2.2104
29,5,2,1,14,4,,4,1,0,1.6779,2.6737
29,5,2,1,15,3,,3,1,0,1.2251,2.2444
29,5,2,1,16,4,,4,1,0,2.7571,3.2649
29,5,2,1,17,1,,3,0,0,6.6794,7.0914
29,5,2,1,18,3,,3,1,0,1.2295,1.6956
29,5,2,1,19,2,,2,1,0,1.2484,1.8037
29,5,2,1,20,1,,1,1,0,1.7271,2.3853
29,5,2,1,21,1,,1,1,0,1.0939,1.9214
29,5,2,1,22,4,,4,1,0,1.472,2.0436
29,5,2,1,23,1,,1,1,0,1.6364,2.1278
29,5,2,1,24,2,,2,1,0,1.3017,2.465
29,5,2,1,25,3,,3,1,0,1.209,2.4028
29,5,2,1,26,4,,2,0,0,0.9906,1.3688
29,5,2,1,27,2,,2,1,0,1.2631,1.9064
29,5,2,1,28,1,,1,1,0,2.0256,2.5732
29,5,2,1,29,1,,2,0,0,1.8332,2.4285
29,5,2,1,30,2,,3,0,0,2.1102,2.6086
29,5,2,1,31,2,,2,1,0,1.2122,1.935
29,5,2,1,32,2,,2,1,0,0.6291,1.9601
29,5,2,1,33,3,,3,1,0,1.0534,1.6713
29,5,2,1,34,3,,3,1,0,0.7853,1.4453
29,5,2,1,35,3,,3,1,0,0.7025,1.4332
29,5,3,3,1,1,4,1,1,0,1.5074,2.5746
29,5,3,3,2,4,1,4,1,0,1.3308,2.1982
29,5,3,3,3,1,4,1,1,0,3.3927,4.9638
29,5,3,3,4,4,1,4,1,0,1.0051,1.9597
29,5,3,3,5,1,4,1,1,0,0.7575,2.3114
29,5,3,3,6,4,1,4,1,0,0.6062,2.0175
29,5,3,3,7,1,4,2,0,0,0.8844,3.6318
29,5,3,3,8,4,1,4,1,0,2.8075,3.7639
29,5,3,3,9,1,4,1,1,0,1.2064,2.2175
29,5,3,3,10,1,4,2,0,0,0.7233,3.0705
29,5,3,3,11,1,4,1,1,0,1.1506,2.09
29,5,3,3,12,1,4,1,1,0,0.6731,1.8279
29,5,3,3,13,1,4,1,1,0,0.8466,1.7779
29,5,3,3,14,4,1,4,1,0,1.3255,2.2805
29,5,3,3,15,4,1,4,1,0,0.9842,1.8753
29,5,3,3,16,4,1,4,1,0,0.9801,1.7829
29,5,3,3,17,1,4,1,1,0,1.0268,1.9496
29,5,3,3,18,1,4,1,1,0,0.779,2.142
29,5,3,3,19,1,4,4,0,0,1.4361,1.9503
29,5,3,3,20,1,4,1,1,0,0.7565,1.9675
29,5,3,3,21,1,4,1,1,0,0.7485,2.0555
29,5,3,3,22,1,4,4,0,0,1.5524,2.2284
29,5,3,3,23,4,1,4,1,0,0.8458,1.4485
29,5,3,3,24,4,1,4,1,0,0.5707,1.4213
29,5,3,3,25,4,1,4,1,0,0.484,1.1243
29,5,3,3,26,4,1,4,1,0,0.5008,1.238
29,5,3,3,27,1,4,1,1,0,0.8414,2.052
29,5,3,3,28,4,1,4,1,0,1.1019,1.7214
29,5,3,3,29,1,4,1,1,0,2.2069,3.4671
29,5,3,3,30,4,1,4,1,0,0.6813,2.0684
29,5,3,3,31,4,1,4,1,0,0.8613,1.6721
29,5,3,3,32,1,4,1,1,0,1.1052,1.7885
29,5,3,3,33,1,4,1,1,0,0.9124,1.8193
29,5,3,3,34,4,1,4,1,0,1.1185,1.8246
29,5,3,3,35,1,4,4,0,0,0.4917,1.343
29,6,1,3,1,2,1,2,1,0,2.5548,4.6927
29,6,1,3,2,2,1,2,1,0,0.9469,2.582
29,6,1,3,3,1,2,1,1,0,0.8018,1.7889
29,6,1,3,4,2,1,2,1,0,0.5007,1.1409
29,6,1,3,5,2,1,2,1,0,0.5006,1.087
29,6,1,3,6,1,2,1,1,0,0.5836,1.706
29,6,1,3,7,1,2,2,0,0,0.9378,3.2685
29,6,1,3,8,2,1,2,1,0,1.4687,2.3672
29,6,1,3,9,2,1,2,1,0,0.5009,1.2463
29,6,1,3,10,2,1,2,1,0,0.5053,1.3722
29,6,1,3,11,2,1,2,1,0,0.5009,1.3481
29,6,1,3,12,1,2,1,1,0,0.5007,1.7334
29,6,1,3,13,2,1,2,1,0,0.5007,1.5348
29,6,1,3,14,2,1,2,1,0,0.5024,1.3213
29,6,1,3,15,2,1,2,1,0,0.5007,1.2917
29,6,1,3,16,1,2,1,1,0,0.733,3.4563
29,6,1,3,17,2,1,2,1,0,1.624,2.6433
29,6,1,3,18,2,1,2,1,0,0.5008,1.232
29,6,1,3,19,2,1,2,1,0,1.498,2.3483
29,6,1,3,20,1,2,1,1,0,1.4265,2.3404
29,6,1,3,21,2,1,2,1,0,0.5008,1.3661
29,6,1,3,22,2,1,2,1,0,0.9719,1.7036
29,6,1,3,23,2,1,2,1,0,0.5007,1.2903
29,6,1,3,24,1,2,2,0,0,0.5007,1.2692
29,6,1,3,25,2,1,2,1,0,0.5033,1.323
29,6,1,3,26,1,2,1,1,0,0.6501,1.7818
29,6,1,3,27,2,1,2,1,0,0.5008,1.2521
29,6,1,3,28,1,2,1,1,0,1.119,2.0407
29,6,1,3,29,2,1,2,1,0,0.5009,1.3198
29,6,1,3,30,1,2,2,0,0,0.5012,1.914
29,6,1,3,31,1,2,1,1,0,1.1527,1.9234
29,6,1,3,32,1,2,1,1,0,0.9065,1.5807
29,6,1,3,33,1,2,1,1,0,1.7305,2.6698
29,6,1,3,34,1,2,1,1,0,1.3093,2.464
29,6,1,3,35,2,1,2,1,0,0.5007,1.4512
29,6,2,2,1,2,4,2,1,0,1.3946,2.3907
29,6,2,2,2,4,2,4,1,0,1.5942,2.3731
29,6,2,2,3,3,4,3,1,0,1.4418,2.2615
29,6,2,2,4,2,3,3,0,0,1.9813,2.7039
29,6,2,2,5,3,2,3,1,0,1.2059,1.7378
29,6,2,2,6,4,3,4,1,0,1.2074,1.7942
29,6,2,2,7,1,2,2,0,0,2.3743,3.1371
29,6,2,2,8,2,3,3,0,0,1.9334,2.8004
29,6,2,2,9,1,2,1,1,0,1.2353,2.1983
29,6,2,2,10,1,3,1,1,0,2.2896,2.9411
29,6,2,2,11,1,4,1,1,0,1.2497,1.9577
29,6,2,2,12,3,2,3,1,0,1.2417,2.0052
29,6,2,2,13,4,1,4,1,0,1.2647,2.3798
29,6,2,2,14,1,3,1,1,0,1.2069,2.0099
29,6,2,2,15,1,2,1,1,0,1.7731,2.3919
29,6,2,2,16,2,1,2,1,0,2.836,3.5435
29,6,2,2,17,4,1,1,0,0,2.2828,2.6951
29,6,2,2,18,3,2,3,1,0,1.589,2.0237
29,6,2,2,19,2,1,2,1,0,1.7712,3.2541
29,6,2,2,20,3,4,3,1,0,1.1819,1.9682
29,6,2,2,21,2,3,2,1,0,1.3809,2.2083
29,6,2,2,22,1,4,1,1,0,1.3631,2.0071
29,6,2,2,23,3,2,3,1,0,1.1617,1.7486
29,6,2,2,24,3,4,3,1,0,0.65,1.2213
29,6,2,2,25,1,2,1,1,0,1.553,2.2286
29,6,2,2,26,4,1,3,0,0,1.0215,2.8392
29,6,2,2,27,2,3,3,0,0,1.0096,1.6932
29,6,2,2,28,1,3,1,1,0,0.9313,1.5427
29,6,2,2,29,1,3,1,1,0,2.8757,3.4149
29,6,2,2,30,1,2,1,1,0,1.2391,2.2356
29,6,2,2,31,4,2,4,1,0,1.9241,11.158
29,6,2,2,32,3,1,3,1,0,1.0747,1.4696
29,6,2,2,33,3,1,3,1,0,0.7351,1.4568
29,6,2,2,34,1,4,1,1,0,1.3562,1.9186
29,6,2,2,35,2,3,3,0,0,1.2214,1.8406
29,6,3,1,1,4,,4,1,0,1.2569,1.8525
29,6,3,1,2,4,,3,0,0,1.398,1.8821
29,6,3,1,3,4,,4,1,0,1.1694,1.7883
29,6,3,1,4,4,,3,0,0,1.2653,2.1553
29,6,3,1,5,1,,1,1,0,1.089,1.7725
29,6,3,1,6,4,,2,0,0,1.6494,2.5486
29,6,3,1,7,2,,2,1,0,1.2977,2.1735
29,6,3,1,8,2,,2,1,0,0.9126,1.7403
29,6,3,1,9,3,,3,1,0,1.4263,2.1905
29,6,3,1,10,3,,3,1,0,0.7377,1.7241
29,6,3,1,11,1,,3,0,0,1.892,2.4553
29,6,3,1,12,4,,3,0,0,0.6161,1.5635
29,6,3,1,13,2,,2,1,0,1.1999,2.0038
29,6,3,1,14,2,,2,1,0,1.1262,1.9943
29,6,3,1,15,4,,2,0,0,0.9887,1.7841
29,6,3,1,16,3,,3,1,0,1.7086,2.4629
29,6,3,1,17,1,,1,1,0,1.4885,2.1144
29,6,3,1,18,1,,2,0,0,2.3053,2.8689
29,6,3,1,19,4,,3,0,0,1.3487,2.1591
29,6,3,1,20,3,,3,1,0,0.9005,1.6483
29,6,3,1,21,1,,1,1,0,1.3853,2.2754
29,6,3,1,22,3,,3,1,0,1.1408,1.9282
29,6,3,1,23,1,,3,0,0,0.9423,1.5122
29,6,3,1,24,2,,2,1,0,1.3527,2.1964
29,6,3,1,25,2,,2,1,0,1.3513,2.0731
29,6,3,1,26,4,,3,0,0,1.7229,2.4067
29,6,3,1,27,2,,2,1,0,1.1692,1.9879
29,6,3,1,28,4,,2,0,0,1.1437,1.9065
29,6,3,1,29,1,,1,1,0,1.5067,2.4467
29,6,3,1,30,1,,4,0,0,1.5104,2.5136
29,6,3,1,31,3,,3,1,0,2.1364,3.0512
29,6,3,1,32,3,,3,1,0,1.0757,1.7906
29,6,3,1,33,1,,1,1,0,1.0906,1.7013
29,6,3,1,34,1,,3,0,0,1.5741,2.3293
29,6,3,1,35,2,,2,1,0,1.1347,1.649
30,1,1,1,1,4,,3,0,0,1.1921,2.5557
30,1,1,1,2,1,,1,1,0,1.2555,2.2435
30,1,1,1,3,4,,3,0,0,1.1563,1.8227
30,1,1,1,4,1,,1,1,0,1.571,2.5008
30,1,1,1,5,2,,2,1,0,1.1566,2.2401
30,1,1,1,6,1,,1,1,0,1.5217,2.1497
30,1,1,1,7,4,,4,1,0,0.994,1.5822
30,1,1,1,8,4,,4,1,0,0.7934,1.6518
30,1,1,1,9,3,,3,1,0,1.1502,1.6576
30,1,1,1,10,3,,3,1,0,0.9622,1.4136
30,1,1,1,11,4,,4,1,0,0.9608,1.716
30,1,1,1,12,4,,4,1,0,0.8665,1.4696
30,1,1,1,13,2,,3,0,0,1.2477,1.8268
30,1,1,1,14,3,,3,1,0,0.8133,1.4013
30,1,1,1,15,2,,2,1,0,1.3569,1.8394
30,1,1,1,16,2,,2,1,0,1.1779,1.8688
30,1,1,1,17,4,,4,1,0,1.1101,2.202
30,1,1,1,18,4,,4,1,0,0.9485,1.3364
30,1,1,1,19,1,,1,1,0,1.2222,1.73
30,1,1,1,20,1,,2,0,0,1.5443,2.9716
30,1,1,1,21,3,,3,1,0,1.0308,1.6902
30,1,1,1,22,1,,1,1,0,0.9059,1.4696
30,1,1,1,23,1,,1,1,0,1.3019,2.0086
30,1,1,1,24,2,,2,1,0,1.1009,1.5605
30,1,1,1,25,2,,2,1,0,0.9969,1.4714
30,1,1,1,26,1,,1,1,0,1.0097,1.4529
30,1,1,1,27,4,,1,0,0,1.3742,1.6346
30,1,1,1,28,3,,2,0,0,1.0602,1.5039
30,1,1,1,29,4,,2,0,0,0.9754,1.6337
30,1,1,1,30,4,,4,1,0,1.3324,1.7115
30,1,1,1,31,3,,2,0,0,1.0151,1.9055
30,1,1,1,32,4,,4,1,0,1.1538,1.5818
30,1,1,1,33,4,,3,0,0,1.6257,2.3
30,1,1,1,34,4,,4,1,0,1.1073,1.4796
30,1,1,1,35,3,,3,1,0,1.1671,1.6185
30,1,2,3,1,2,1,2,1,0,1.1473,1.9976
30,1,2,3,2,2,1,2,1,0,0.7692,1.348
30,1,2,3,3,1,2,1,1,0,0.867,1.4781
30,1,2,3,4,1,2,1,1,0,0.9904,1.7865
30,1,2,3,5,1,2,1,1,0,0.7331,1.4091
30,1,2,3,6,1,2,1,1,0,0.9249,1.5125
30,1,2,3,7,1,2,1,1,0,1.5588,2.2581
30,1,2,3,8,1,2,1,1,0,0.7554,1.2937
30,1,2,3,9,1,2,1,1,0,1.2223,1.8584
30,1,2,3,10,1,2,1,1,0,0.9957,1.6395
30,1,2,3,11,2,1,2,1,0,0.9368,1.4759
30,1,2,3,12,1,2,1,1,0,0.7414,1.264
30,1,2,3,13,1,2,1,1,0,1.1619,1.558
30,1,2,3,14,2,1,2,1,0,0.8674,1.4698
30,1,2,3,15,1,2,1,1,0,1.0715,1.6755
30,1,2,3,16,2,1,2,1,1,1.108,1.7028
30,1,2,3,17,1,2,1,1,0,0.8063,1.3056
30,1,2,3,18,1,2,1,1,0,1.0819,1.6283
30,1,2,3,19,1,2,1,1,0,0.9759,1.5235
30,1,2,3,20,2,1,2,1,1,0.8095,1.4451
30,1,2,3,21,1,2,1,1,0,0.8075,1.4347
30,1,2,3,22,2,1,2,1,1,0.965,1.5909
30,1,2,3,23,2,1,2,1,0,0.8289,1.455
30,1,2,3,24,1,2,1,1,0,0.7614,1.1807
30,1,2,3,25,2,1,2,1,0,0.7855,1.2285
30,1,2,3,26,1,2,1,1,0,0.6962,1.266
30,1,2,3,27,1,2,2,0,0,0.7003,2.6314
30,1,2,3,28,2,1,2,1,0,0.7609,1.5001
30,1,2,3,29,1,2,1,1,0,1.1401,1.6718
30,1,2,3,30,2,1,1,0,0,1.0966,1.7465
30,1,2,3,31,2,1,2,1,0,0.8095,1.4283
30,1,2,3,32,1,2,2,0,0,0.9509,1.6028
30,1,2,3,33,1,2,1,1,0,0.83,1.4251
30,1,2,3,34,1,2,1,1,0,0.9403,1.4317
30,1,2,3,35,2,1,2,1,0,0.8907,1.4055
30,1,3,2,1,2,1,2,1,0,1.0087,1.6584
30,1,3,2,2,3,2,3,1,0,1.2214,1.7132
30,1,3,2,3,2,1,2,1,0,1.1432,1.6675
30,1,3,2,4,4,1,4,1,0,0.8921,1.4151
30,1,3,2,5,4,3,3,0,0,1.2419,1.8531
30,1,3,2,6,1,4,1,1,0,1.0951,1.8751
30,1,3,2,7,2,1,2,1,0,0.8666,1.5823
30,1,3,2,8,2,3,2,1,0,1.0174,1.509
30,1,3,2,9,4,1,1,0,0,2.0996,2.83
30,1,3,2,10,1,4,1,1,0,0.9525,1.6747
30,1,3,2,11,4,1,4,1,0,0.924,1.4953
30,1,3,2,12,4,2,4,1,0,0.9183,1.5208
30,1,3,2,13,1,4,1,1,0,0.8971,1.8451
30,1,3,2,14,3,1,3,1,0,1.6781,2.3772
30,1,3,2,15,4,2,2,0,0,2.2138,3.1199
30,1,3,2,16,4,1,1,0,0,2.9258,3.8321
30,1,3,2,17,3,1,3,1,0,1.1609,1.8191
30,1,3,2,18,2,3,2,1,0,1.0308,1.593
30,1,3,2,19,4,1,1,0,0,1.1983,1.7304
30,1,3,2,20,3,2,3,1,0,0.9759,2.027
30,1,3,2,21,2,4,2,1,0,1.1086,1.9927
30,1,3,2,22,2,1,2,1,0,0.8598,1.5187
30,1,3,2,23,1,2,1,1,0,1.0614,1.6493
30,1,3,2,24,2,4,2,1,0,2.5547,3.2367
30,1,3,2,25,4,2,2,0,0,2.8147,3.6666
30,1,3,2,26,1,4,1,1,0,0.9931,1.5486
30,1,3,2,27,2,4,2,1,0,0.9378,1.4533
30,1,3,2,28,3,2,2,0,0,0.8709,1.2834
30,1,3,2,29,4,3,3,0,0,1.7546,3.0373
30,1,3,2,30,2,3,2,1,0,0.9827,1.4892
30,1,3,2,31,1,2,1,1,0,1.0903,1.7186
30,1,3,2,32,4,1,1,0,0,3.0929,3.7522
30,1,3,2,33,4,3,3,0,0,1.6832,2.4152
30,1,3,2,34,2,3,2,1,0,1.0489,2.5638
30,1,3,2,35,3,4,3,1,0,1.0478,1.6187
30,2,1,2,1,4,1,4,1,0,1.928,3.1073
30,2,1,2,2,1,3,1,1,0,0.9453,1.4523
30,2,1,2,3,4,3,4,1,0,1.0066,1.4972
30,2,1,2,4,4,2,4,1,0,0.8904,1.4056
30,2,1,2,5,3,2,3,1,0,1.5128,2.0121
30,2,1,2,6,1,4,1,1,0,0.9109,1.4507
30,2,1,2,7,4,2,2,0,0,1.3401,1.9683
30,2,1,2,8,1,4,1,1,0,1.9397,2.543
30,2,1,2,9,1,3,1,1,0,0.9006,1.4399
30,2,1,2,10,3,2,3,1,0,1.0748,3.8377
30,2,1,2,11,4,1,4,1,0,0.9259,1.4495
30,2,1,2,12,1,3,1,1,0,1.163,1.6773
30,2,1,2,13,2,1,2,1,0,0.9584,1.5285
30,2,1,2,14,1,4,1,1,0,1.1602,1.7226
30,2,1,2,15,4,1,4,1,0,1.2904,2.7898
30,2,1,2,16,4,1,4,1,0,0.881,1.4522
30,2,1,2,17,1,4,1,1,0,0.8458,1.344
30,2,1,2,18,3,4,3,1,0,1.4713,1.9622
30,2,1,2,19,3,4,3,1,0,2.7428,3.2102
30,2,1,2,20,3,2,3,1,0,1.1639,2.4872
30,2,1,2,21,2,3,2,1,0,1.311,1.8184
30,2,1,2,22,1,3,1,1,0,1.197,1.7991
30,2,1,2,23,4,3,3,0,0,2.844,3.6067
30,2,1,2,24,2,3,2,1,0,0.8801,1.6508
30,2,1,2,25,2,4,2,1,0,0.9491,1.464
30,2,1,2,26,4,2,4,1,0,2.0495,2.5726
30,2,1,2,27,3,1,3,1,0,1.6333,2.221
30,2,1,2,28,3,2,3,1,0,0.9746,1.4412
30,2,1,2,29,2,4,2,1,0,1.0526,1.8147
30,2,1,2,30,1,2,1,1,0,1.1789,1.8146
30,2,1,2,31,3,2,3,1,0,1.1291,1.6759
30,2,1,2,32,1,2,1,1,0,1.2774,2.1119
30,2,1,2,33,4,3,4,1,0,0.9112,1.6024
30,2,1,2,34,3,4,3,1,0,1.0302,1.808
30,2,1,2,35,1,4,1,1,0,1.1089,1.6066
30,2,2,3,1,3,4,4,0,0,1.6825,2.1805
30,2,2,3,2,4,3,4,1,0,0.9137,1.5644
30,2,2,3,3,3,4,3,1,0,1.0015,1.5334
30,2,2,3,4,3,4,3,1,0,0.9152,1.4458
30,2,2,3,5,3,4,3,1,0,1.0083,1.5625
30,2,2,3,6,3,4,3,1,0,1.0005,1.7063
30,2,2,3,7,3,4,3,1,0,2.2675,2.7093
30,2,2,3,8,4,3,4,1,0,0.7401,1.4711
30,2,2,3,9,3,4,3,1,0,1.345,1.7718
30,2,2,3,10,4,3,4,1,0,1.2165,1.9793
30,2,2,3,11,3,4,3,1,0,0.9837,1.5707
30,2,2,3,12,4,3,4,1,0,1.3119,1.82
30,2,2,3,13,3,4,3,1,0,0.8454,1.3687
30,2,2,3,14,3,4,3,1,0,0.9587,1.5781
30,2,2,3,15,4,3,4,1,0,0.9178,1.4739
30,2,2,3,16,3,4,3,1,0,1.1225,1.6303
30,2,2,3,17,3,4,3,1,0,0.8242,1.3465
30,2,2,3,18,3,4,3,1,0,0.9691,1.5079
30,2,2,3,19,4,3,4,1,0,1.1399,1.8553
30,2,2,3,20,4,3,4,1,0,1.2955,2.0099
30,2,2,3,21,3,4,3,1,0,1.0303,1.7445
30,2,2,3,22,4,3,4,1,0,0.8706,1.2829
30,2,2,3,23,4,3,4,1,0,0.7299,1.2048
30,2,2,3,24,3,4,3,1,0,0.7525,1.2033
30,2,2,3,25,4,3,4,1,0,0.7284,1.1637
30,2,2,3,26,4,3,3,0,0,0.9611,1.5006
30,2,2,3,27,3,4,3,1,0,0.7321,1.1108
30,2,2,3,28,3,4,3,1,0,0.7271,1.2412
30,2,2,3,29,3,4,3,1,0,0.7321,1.1748
30,2,2,3,30,4,3,4,1,0,0.7572,1.5768
30,2,2,3,31,4,3,4,1,0,0.7643,1.2552
30,2,2,3,32,4,3,4,1,0,0.6738,1.2129
30,2,2,3,33,4,3,4,1,0,2.0235,2.538
30,2,2,3,34,4,3,4,1,0,0.7123,1.1308
30,2,2,3,35,4,3,4,1,0,0.6418,1.3174
30,2,3,1,1,2,,4,0,0,1.6596,3.351
30,2,3,1,2,1,,1,1,0,1.2426,1.8445
30,2,3,1,3,2,,2,1,0,1.111,1.7772
30,2,3,1,4,4,,4,1,0,0.9188,1.3053
30,2,3,1,5,1,,1,1,0,0.9384,1.4218
30,2,3,1,6,4,,1,0,0,2.2804,3.0674
30,2,3,1,7,1,,3,0,0,1.3476,2.0231
30,2,3,1,8,1,,4,0,0,1.3531,2.4529
30,2,3,1,9,2,,2,1,0,1.0055,1.4799
30,2,3,1,10,2,,2,1,0,1.385,2.117
30,2,3,1,11,1,,1,1,0,0.9384,1.293
30,2,3,1,12,2,,2,1,0,1.1179,1.6244
30,2,3,1,13,3,,2,0,0,2.3879,3.3348
30,2,3,1,14,3,,3,1,0,0.98,1.4634
30,2,3,1,15,3,,3,1,0,0.7841,1.1158
30,2,3,1,16,3,,3,1,0,0.9875,1.4303
30,2,3,1,17,2,,2,1,0,0.9529,2.3234
30,2,3,1,18,2,,1,0,0,0.835,2.7566
30,2,3,1,19,3,,3,1,0,1.0503,1.973
30,2,3,1,20,4,,4,1,0,0.898,1.4054
30,2,3,1,21,3,,2,0,0,1.1377,2.5958
30,2,3,1,22,1,,1,1,0,1.1029,1.8911
30,2,3,1,23,2,,3,0,0,1.2581,1.894
30,2,3,1,24,1,,1,1,0,1.781,2.4388
30,2,3,1,25,3,,3,1,0,0.8899,1.5555
30,2,3,1,26,4,,4,1,0,0.9303,1.3263
30,2,3,1,27,4,,4,1,0,1.1081,1.4879
30,2,3,1,28,4,,4,1,0,0.8801,1.2113
30,2,3,1,29,2,,3,0,0,1.8313,2.434
30,2,3,1,30,1,,2,0,0,1.7877,2.4061
30,2,3,1,31,4,,4,1,0,0.9621,1.301
30,2,3,1,32,1,,1,1,0,1.7329,2.1605
30,2,3,1,33,1,,1,1,0,0.9172,1.5043
30,2,3,1,34,3,,3,1,0,1.0718,1.644
30,2,3,1,35,3,,3,1,0,0.9809,1.8162
30,3,1,3,1,1,4,1,1,0,1.102,3.5615
30,3,1,3,2,1,4,1,1,0,0.9642,1.4398
30,3,1,3,3,1,4,1,1,0,0.7546,1.4702
30,3,1,3,4,1,4,1,1,0,2.6707,3.4664
30,3,1,3,5,1,4,1,1,0,0.8085,1.2514
30,3,1,3,6,1,4,1,1,0,0.8451,1.3755
30,3,1,3,7,4,1,4,1,0,1.1167,1.616
30,3,1,3,8,4,1,4,1,0,0.7071,1.679
30,3,1,3,9,1,4,1,1,0,1.2705,1.8908
30,3,1,3,10,1,4,1,1,0,0.7065,1.2527
30,3,1,3,11,1,4,1,1,0,0.7917,1.2341
30,3,1,3,12,1,4,4,0,0,1.1647,1.6559
30,3,1,3,13,4,1,4,1,0,0.7375,1.1472
30,3,1,3,14,4,1,4,1,0,1.2108,1.9175
30,3,1,3,15,1,4,4,0,0,1.044,1.5026
30,3,1,3,16,1,4,1,1,0,0.8619,1.4984
30,3,1,3,17,1,4,1,1,0,0.9215,1.8045
30,3,1,3,18,4,1,4,1,0,0.8074,1.3698
30,3,1,3,19,4,1,4,1,0,0.7595,1.2743
30,3,1,3,20,4,1,4,1,0,0.9083,1.6621
30,3,1,3,21,4,1,4,1,0,1.0558,1.5311
30,3,1,3,22,1,4,1,1,0,0.8414,1.4767
30,3,1,3,23,4,1,4,1,0,0.7086,1.1513
30,3,1,3,24,1,4,1,1,0,1.1662,1.8564
30,3,1,3,25,4,1,1,0,0,1.9629,3.1665
30,3,1,3,26,1,4,1,1,0,0.7855,1.2286
30,3,1,3,27,4,1,4,1,0,0.7275,1.2028
30,3,1,3,28,4,1,4,1,0,0.735,1.2022
30,3,1,3,29,4,1,4,1,0,0.7897,1.3852
30,3,1,3,30,1,4,1,1,0,0.7413,1.448
30,3,1,3,31,1,4,1,1,0,0.9628,1.5726
30,3,1,3,32,4,1,4,1,0,0.9066,1.6067
30,3,1,3,33,4,1,4,1,0,0.69,1.5173
30,3,1,3,34,1,4,1,1,0,0.6842,1.431
30,3,1,3,35,4,1,1,0,0,0.7138,1.2286
30,3,2,2,1,3,4,3,1,0,1.3031,1.8736
30,3,2,2,2,1,3,1,1,0,0.883,1.3892
30,3,2,2,3,4,2,4,1,0,0.8507,1.3664
30,3,2,2,4,2,3,2,1,0,1.0915,1.5176
30,3,2,2,5,2,4,2,1,0,0.9256,1.4498
30,3,2,2,6,3,2,3,1,0,0.9711,1.4932
30,3,2,2,7,2,1,2,1,0,1.1897,1.8661
30,3,2,2,8,1,2,1,1,0,1.1864,1.654
30,3,2,2,9,2,4,2,1,0,0.983,1.489
30,3,2,2,10,2,4,2,1,0,2.1307,3.0624
30,3,2,2,11,2,3,2,1,0,0.8778,2.5456
30,3,2,2,12,1,2,1,1,0,1.6132,2.1119
30,3,2,2,13,2,1,2,1,0,0.9591,1.6732
30,3,2,2,14,3,2,3,1,0,0.9155,1.4794
30,3,2,2,15,4,3,3,0,0,2.2708,2.8257
30,3,2,2,16,3,1,3,1,0,0.9964,1.5024
30,3,2,2,17,2,3,2,1,0,1.2633,2.0907
30,3,2,2,18,2,1,1,0,0,2.3381,2.8686
30,3,2,2,19,1,2,1,1,0,0.9016,1.3517
30,3,2,2,20,1,3,1,1,0,0.8706,1.3049
30,3,2,2,21,2,3,2,1,0,1.178,2.877
30,3,2,2,22,3,4,3,1,0,1.133,1.7367
30,3,2,2,23,1,3,1,1,0,0.8786,1.3543
30,3,2,2,24,3,2,3,1,0,1.2477,1.7153
30,3,2,2,25,1,4,1,1,0,0.8813,1.4218
30,3,2,2,26,4,1,4,1,0,1.1679,1.6275
30,3,2,2,27,2,3,2,1,0,1.0622,1.4887
30,3,2,2,28,3,4,3,1,0,1.1058,1.5406
30,3,2,2,29,3,2,3,1,0,1.7549,2.2776
30,3,2,2,30,3,1,3,1,0,0.8544,1.3051
30,3,2,2,31,3,1,3,1,0,0.9371,1.4295
30,3,2,2,32,4,2,4,1,0,1.1115,1.5941
30,3,2,2,33,1,3,1,1,0,0.9747,1.4565
30,3,2,2,34,4,3,3,0,0,2.6837,3.4465
30,3,2,2,35,3,2,3,1,0,0.9826,1.4808
30,3,3,1,1,1,,1,1,0,1.1182,2.4412
30,3,3,1,2,2,,2,1,0,1.4586,2.2388
30,3,3,1,3,2,,2,1,0,1.2474,2.179
30,3,3,1,4,4,,4,1,0,1.0701,1.8817
30,3,3,1,5,1,,4,0,0,1.1775,1.6915
30,3,3,1,6,2,,2,1,0,1.0855,1.5763
30,3,3,1,7,1,,3,0,0,1.1251,1.544
30,3,3,1,8,2,,2,1,0,0.8787,1.2415
30,3,3,1,9,4,,4,1,0,1.6368,2.3275
30,3,3,1,10,2,,2,1,0,0.9585,1.5614
30,3,3,1,11,1,,2,0,0,1.8141,2.2485
30,3,3,1,12,3,,2,0,0,0.8664,2.3335
30,3,3,1,13,3,,3,1,0,1.0993,1.8788
30,3,3,1,14,3,,3,1,0,1.0301,1.3701
30,3,3,1,15,3,,3,1,0,0.8706,1.2733
30,3,3,1,16,1,,1,1,0,0.9863,1.8625
30,3,3,1,17,2,,2,1,0,1.1576,1.5845
30,3,3,1,18,2,,2,1,0,1.357,1.8405
30,3,3,1,19,3,,3,1,0,0.9867,1.3408
30,3,3,1,20,4,,3,0,0,1.3721,2.2711
30,3,3,1,21,2,,4,0,0,2.0233,3.0656
30,3,3,1,22,4,,2,0,0,1.0096,1.9252
30,3,3,1,23,4,,4,1,0,0.7803,1.2546
30,3,3,1,24,2,,2,1,0,1.0417,1.924
30,3,3,1,25,4,,4,1,0,1.0196,1.3979
30,3,3,1,26,1,,1,1,0,1.5308,2.1008
30,3,3,1,27,1,,3,0,0,1.2767,1.84
30,3,3,1,28,3,,3,1,0,1.226,1.9082
30,3,3,1,29,3,,3,1,0,1.0287,1.7036
30,3,3,1,30,4,,4,1,0,0.9996,1.6676
30,3,3,1,31,4,,4,1,0,0.732,1.2474
30,3,3,1,32,1,,1,1,0,1.4571,1.8037
30,3,3,1,33,1,,1,1,0,0.975,1.3941
30,3,3,1,34,1,,1,1,0,1.3108,1.6414
30,3,3,1,35,3,,3,1,0,0.9483,1.2304
30,4,1,2,1,2,3,3,0,0,1.3549,2.1176
30,4,1,2,2,2,1,2,1,0,1.0209,1.3841
30,4,1,2,3,4,2,4,1,0,0.8449,1.2087
30,4,1,2,4,1,3,1,1,0,0.9641,1.3422
30,4,1,2,5,1,4,1,1,0,1.1898,1.7532
30,4,1,2,6,1,2,1,1,0,0.8865,1.2343
30,4,1,2,7,2,4,2,1,0,1.3087,1.7922
30,4,1,2,8,2,4,2,1,0,0.9087,1.3356
30,4,1,2,9,3,1,4,0,0,1.1022,5.0483
30,4,1,2,10,4,1,4,1,0,1.2075,2.1385
30,4,1,2,11,3,2,3,1,0,1.561,2.8521
30,4,1,2,12,2,4,2,1,0,1.0361,1.5192
30,4,1,2,13,2,1,2,1,0,1.9583,2.4007
30,4,1,2,14,2,3,2,1,0,1.0841,2.0085
30,4,1,2,15,1,4,1,1,0,1.4911,1.8951
30,4,1,2,16,4,3,4,1,0,0.8458,1.258
30,4,1,2,17,4,1,1,0,0,2.5796,3.2228
30,4,1,2,18,1,3,1,1,0,0.8878,1.2905
30,4,1,2,19,3,4,3,1,0,1.0836,1.4158
30,4,1,2,20,4,3,3,0,0,1.258,1.8135
30,4,1,2,21,2,1,2,1,0,1.176,2.9228
30,4,1,2,22,1,2,1,1,0,1.081,1.557
30,4,1,2,23,1,3,1,1,0,0.9617,1.3402
30,4,1,2,24,4,1,4,1,0,0.8038,1.1362
30,4,1,2,25,4,3,4,1,0,1.982,2.3687
30,4,1,2,26,1,4,1,1,0,1.7174,2.1282
30,4,1,2,27,1,3,1,1,0,0.8868,1.3866
30,4,1,2,28,2,1,2,1,0,0.919,1.2739
30,4,1,2,29,1,2,1,1,0,0.7158,1.2534
30,4,1,2,30,2,4,2,1,0,1.0084,1.3884
30,4,1,2,31,3,4,3,1,0,0.9923,1.5317
30,4,1,2,32,1,3,1,1,0,1.226,1.6374
30,4,1,2,33,4,3,4,1,0,0.848,1.2998
30,4,1,2,34,4,1,4,1,0,0.7069,1.3265
30,4,1,2,35,2,4,2,1,0,1.0454,1.561
30,4,2,1,1,2,,2,1,0,1.3481,1.8866
30,4,2,1,2,1,,1,1,0,0.9919,1.5077
30,4,2,1,3,2,,2,1,0,1.0186,1.4066
30,4,2,1,4,2,,3,0,0,1.2578,2.0849
30,4,2,1,5,3,,3,1,0,0.9577,1.8009
30,4,2,1,6,1,,2,0,0,2.1723,2.671
30,4,2,1,7,4,,4,1,0,0.7592,1.6737
30,4,2,1,8,1,,1,1,0,2.8435,3.382
30,4,2,1,9,3,,3,1,0,1.2249,1.581
30,4,2,1,10,3,,3,1,0,1.6167,2.0516
30,4,2,1,11,2,,2,1,0,2.1815,2.9525
30,4,2,1,12,3,,3,1,0,0.9315,1.2547
30,4,2,1,13,4,,3,0,0,2.4728,2.9948
30,4,2,1,14,2,,2,1,0,1.3504,2.4168
30,4,2,1,15,1,,2,0,0,1.3877,2.7434
30,4,2,1,16,1,,1,1,0,1.0921,1.687
30,4,2,1,17,3,,3,1,0,1.1112,1.6114
30,4,2,1,18,2,,3,0,0,1.0541,1.4646
30,4,2,1,19,4,,2,0,0,1.0022,2.0623
30,4,2,1,20,3,,3,1,0,0.8621,1.5282
30,4,2,1,21,2,,3,0,0,1.3195,2.0036
30,4,2,1,22,2,,3,0,0,1.7265,3.186
30,4,2,1,23,4,,3,0,0,1.3484,2.1829
30,4,2,1,24,1,,3,0,0,1.1075,1.7025
30,4,2,1,25,2,,2,1,0,1.3658,2.2082
30,4,2,1,26,3,,3,1,0,0.9647,1.5831
30,4,2,1,27,3,,3,1,0,1.0518,2.3922
30,4,2,1,28,3,,3,1,0,0.9312,2.4621
30,4,2,1,29,1,,3,0,0,3.9745,5.6483
30,4,2,1,30,2,,2,1,0,1.2865,1.977
30,4,2,1,31,4,,4,1,0,1.3581,2.5287
30,4,2,1,32,4,,2,0,0,1.2624,2.1706
30,4,2,1,33,3,,3,1,0,0.9106,1.7054
30,4,2,1,34,4,,3,0,0,1.2014,2.1402
30,4,2,1,35,4,,4,1,0,1.1861,1.9497
30,4,3,3,1,4,2,2,0,0,1.1057,2.3881
30,4,3,3,2,2,4,2,1,0,1.1119,1.7864
30,4,3,3,3,2,4,2,1,0,1.1118,1.722
30,4,3,3,4,4,2,2,0,0,1.6261,2.246
30,4,3,3,5,4,2,4,1,0,0.9339,1.4243
30,4,3,3,6,2,4,2,1,0,1.0927,1.6238
30,4,3,3,7,4,2,4,1,0,0.9707,1.3588
30,4,3,3,8,4,2,4,1,0,0.7804,1.2307
30,4,3,3,9,2,4,2,1,0,0.9146,1.4696
30,4,3,3,10,2,4,2,1,0,1.3427,1.8585
30,4,3,3,11,4,2,4,1,0,1.4991,2.0146
30,4,3,3,12,4,2,4,1,0,0.8334,1.2758
30,4,3,3,13,4,2,4,1,0,0.9982,1.4017
30,4,3,3,14,4,2,4,1,0,0.8049,1.1765
30,4,3,3,15,2,4,2,1,0,0.9416,1.2885
30,4,3,3,16,4,2,4,1,0,0.9457,1.46
30,4,3,3,17,4,2,2,0,0,1.9657,2.3936
30,4,3,3,18,2,4,2,1,0,0.6919,1.104
30,4,3,3,19,2,4,2,1,0,1.2638,1.6109
30,4,3,3,20,4,2,2,0,0,0.87,1.4408
30,4,3,3,21,4,2,4,1,0,0.82,1.2549
30,4,3,3,22,4,2,4,1,0,0.793,1.2431
30,4,3,3,23,4,2,4,1,0,1.038,1.4574
30,4,3,3,24,2,4,2,1,0,0.6353,1.1426
30,4,3,3,25,4,2,4,1,0,0.9817,1.305
30,4,3,3,26,4,2,4,1,0,0.7291,1.4364
30,4,3,3,27,2,4,2,1,0,0.8706,1.298
30,4,3,3,28,2,4,2,1,0,0.714,1.157
30,4,3,3,29,2,4,2,1,0,0.6599,1.1916
30,4,3,3,30,4,2,2,0,0,0.7799,1.5658
30,4,3,3,31,4,2,4,1,0,0.7882,1.4401
30,4,3,3,32,2,4,2,1,0,0.7377,1.182
30,4,3,3,33,2,4,2,1,0,0.7136,1.0856
30,4,3,3,34,4,2,2,0,0,0.7739,1.4657
30,4,3,3,35,2,4,2,1,0,0.5945,1.0063
30,5,1,3,1,3,1,3,1,0,1.0534,1.576
30,5,1,3,2,3,1,3,1,0,0.6937,1.1608
30,5,1,3,3,1,3,1,1,0,1.0707,1.457
30,5,1,3,4,1,3,1,1,0,0.9237,1.2955
30,5,1,3,5,1,3,1,1,0,0.8149,1.1536
30,5,1,3,6,3,1,3,1,0,0.9518,1.2669
30,5,1,3,7,3,1,3,1,0,0.941,1.3192
30,5,1,3,8,3,1,3,1,0,0.8305,1.2663
30,5,1,3,9,3,1,3,1,0,1.1558,1.4863
30,5,1,3,10,1,3,1,1,0,0.6549,0.9945
30,5,1,3,11,1,3,1,1,0,0.831,1.1853
30,5,1,3,12,1,3,3,0,0,1.271,1.7223
30,5,1,3,13,3,1,3,1,0,0.9364,1.3867
30,5,1,3,14,3,1,3,1,0,0.7447,1.1715
30,5,1,3,15,3,1,3,1,0,0.6568,1.1161
30,5,1,3,16,3,1,3,1,0,0.8441,1.2865
30,5,1,3,17,1,3,1,1,0,0.5924,1.1384
30,5,1,3,18,1,3,1,1,0,0.7938,1.1174
30,5,1,3,19,3,1,3,1,0,0.6126,1.7274
30,5,1,3,20,3,1,3,1,0,0.7261,1.1936
30,5,1,3,21,3,1,3,1,0,0.8285,1.2712
30,5,1,3,22,3,1,3,1,0,0.5764,0.8831
30,5,1,3,23,3,1,3,1,0,0.741,1.0651
30,5,1,3,24,3,1,3,1,0,0.6101,1.1241
30,5,1,3,25,1,3,1,1,0,0.8125,1.1689
30,5,1,3,26,1,3,1,1,0,0.6454,1.0166
30,5,1,3,27,3,1,3,1,0,0.725,1.1756
30,5,1,3,28,1,3,1,1,0,0.7969,1.1515
30,5,1,3,29,3,1,3,1,0,0.9503,1.3535
30,5,1,3,30,1,3,1,1,0,0.6157,1.0425
30,5,1,3,31,1,3,1,1,0,0.6768,0.9912
30,5,1,3,32,3,1,3,1,0,0.6138,0.921
30,5,1,3,33,3,1,3,1,0,0.7119,1.0338
30,5,1,3,34,1,3,1,1,0,0.6944,1.0731
30,5,1,3,35,3,1,1,0,0,0.9312,1.5498
30,5,2,1,1,2,,3,0,0,1.0106,1.4462
30,5,2,1,2,1,,1,1,0,0.7363,1.196
30,5,2,1,3,4,,3,0,0,1.4792,1.9616
30,5,2,1,4,2,,1,0,0,0.9434,1.475
30,5,2,1,5,4,,4,1,0,0.9075,1.3512
30,5,2,1,6,2,,2,1,0,0.8609,1.1359
30,5,2,1,7,1,,1,1,0,0.8235,1.0812
30,5,2,1,8,2,,3,0,0,0.9796,1.2379
30,5,2,1,9,2,,3,0,0,1.049,2.1885
30,5,2,1,10,2,,2,1,0,1.096,1.4669
30,5,2,1,11,3,,3,1,0,0.9965,1.3043
30,5,2,1,12,4,,4,1,0,0.696,0.9228
30,5,2,1,13,1,,1,1,0,0.8752,1.0707
30,5,2,1,14,4,,4,1,0,0.7762,0.9964
30,5,2,1,15,1,,3,0,0,1.0001,1.2911
30,5,2,1,16,4,,4,1,0,0.9394,1.1435
30,5,2,1,17,3,,3,1,0,0.853,1.0956
30,5,2,1,18,4,,4,1,0,0.9287,1.2447
30,5,2,1,19,2,,2,1,0,1.2382,1.6171
30,5,2,1,20,3,,3,1,0,1.0687,1.273
30,5,2,1,21,4,,3,0,0,0.8015,1.2138
30,5,2,1,22,4,,4,1,0,0.9355,1.2109
30,5,2,1,23,4,,4,1,0,0.719,1.0741
30,5,2,1,24,2,,2,1,0,1.0357,1.2545
30,5,2,1,25,4,,4,1,0,1.025,1.4763
30,5,2,1,26,3,,3,1,0,1.1171,1.5031
30,5,2,1,27,2,,1,0,0,1.5279,2.107
30,5,2,1,28,3,,3,1,0,1.1467,1.4133
30,5,2,1,29,3,,3,1,0,0.9691,1.2031
30,5,2,1,30,4,,2,0,0,1.4083,1.6909
30,5,2,1,31,2,,2,1,0,1.0756,1.3751
30,5,2,1,32,1,,1,1,0,1.2844,1.5354
30,5,2,1,33,3,,3,1,0,1.0222,1.2643
30,5,2,1,34,2,,3,0,0,0.7551,1.2855
30,5,2,1,35,2,,2,1,0,1.0788,1.291
30,5,3,2,1,1,3,1,1,0,1.7135,3.7076
30,5,3,2,2,2,3,2,1,0,0.8826,1.5012
30,5,3,2,3,3,4,3,1,0,0.8453,1.3364
30,5,3,2,4,1,4,1,1,0,0.9107,1.2811
30,5,3,2,5,2,1,1,0,0,2.0018,2.3335
30,5,3,2,6,1,2,1,1,0,0.9866,1.5016
30,5,3,2,7,3,4,3,1,0,0.9656,1.393
30,5,3,2,8,4,1,4,1,0,1.3654,1.7371
30,5,3,2,9,4,2,4,1,0,0.7105,1.1448
30,5,3,2,10,2,1,2,1,0,0.8798,1.1793
30,5,3,2,11,2,1,2,1,0,0.8399,1.3555
30,5,3,2,12,2,3,2,1,0,0.7285,1.1719
30,5,3,2,13,2,1,2,1,0,1.1532,1.8133
30,5,3,2,14,1,4,1,1,0,0.7679,1.1949
30,5,3,2,15,3,4,4,0,0,1.0955,1.8829
30,5,3,2,16,4,3,4,1,0,0.7694,1.1961
30,5,3,2,17,4,3,3,0,0,1.1611,1.6357
30,5,3,2,18,3,1,4,0,0,0.7661,2.274
30,5,3,2,19,2,4,2,1,0,1.1454,1.5401
30,5,3,2,20,4,1,4,1,0,0.9634,1.3029
30,5,3,2,21,1,3,1,1,0,0.759,1.1942
30,5,3,2,22,1,3,1,1,0,0.8939,1.3851
30,5,3,2,23,1,3,1,1,0,1.0218,1.4975
30,5,3,2,24,1,2,1,1,0,0.9694,1.389
30,5,3,2,25,1,2,1,1,0,1.6566,1.9408
30,5,3,2,26,2,1,2,1,0,1.6664,2.1332
30,5,3,2,27,4,2,2,0,0,0.9155,2.0143
30,5,3,2,28,2,4,2,1,0,1.1132,1.3795
30,5,3,2,29,1,2,1,1,0,0.8734,1.0354
30,5,3,2,30,4,3,3,0,0,2.2158,2.5865
30,5,3,2,31,2,3,2,1,0,1.014,1.2726
30,5,3,2,32,2,1,2,1,0,0.9231,1.2542
30,5,3,2,33,3,4,3,1,0,0.9123,1.3065
30,5,3,2,34,2,4,2,1,0,0.8674,1.2392
30,5,3,2,35,3,1,3,1,0,0.6973,1.285
30,6,1,1,1,3,,3,1,0,0.928,1.4984
30,6,1,1,2,3,,3,1,0,1.0509,1.4772
30,6,1,1,3,1,,4,0,0,0.9339,1.2408
30,6,1,1,4,4,,4,1,0,0.7648,1.1672
30,6,1,1,5,2,,2,1,0,0.9812,1.2956
30,6,1,1,6,4,,4,1,0,0.9844,1.3238
30,6,1,1,7,4,,4,1,0,0.7148,1.0546
30,6,1,1,8,3,,3,1,0,0.8725,1.2608
30,6,1,1,9,4,,3,0,0,1.2613,2.3603
30,6,1,1,10,1,,3,0,0,1.3336,2.057
30,6,1,1,11,3,,3,1,0,2.5859,3.3019
30,6,1,1,12,1,,4,0,0,2.3155,3.0068
30,6,1,1,13,4,,4,1,0,0.9051,1.2202
30,6,1,1,14,2,,2,1,0,1.1195,1.4746
30,6,1,1,15,4,,4,1,0,0.764,1.2797
30,6,1,1,16,3,,3,1,0,0.9279,1.1959
30,6,1,1,17,3,,3,1,0,0.9831,1.2351
30,6,1,1,18,2,,2,1,0,0.9576,1.2572
30,6,1,1,19,3,,3,1,0,0.9147,1.1898
30,6,1,1,20,2,,1,0,0,1.0832,1.6615
30,6,1,1,21,3,,3,1,0,1.0387,1.3471
30,6,1,1,22,2,,2,1,0,1.04,1.3149
30,6,1,1,23,4,,4,1,0,0.707,1.0137
30,6,1,1,24,2,,3,0,0,1.1219,1.5819
30,6,1,1,25,3,,3,1,0,0.8735,1.1328
30,6,1,1,26,1,,1,1,0,0.8674,1.174
30,6,1,1,27,4,,3,0,0,0.989,1.215
30,6,1,1,28,3,,3,1,0,0.6911,0.9513
30,6,1,1,29,2,,2,1,0,1.0126,1.2728
30,6,1,1,30,2,,2,1,0,0.9058,1.1813
30,6,1,1,31,1,,1,1,0,2.05,2.4523
30,6,1,1,32,3,,3,1,0,0.8696,1.4015
30,6,1,1,33,1,,1,1,0,0.8368,1.2322
30,6,1,1,34,2,,2,1,0,0.8426,1.1425
30,6,1,1,35,2,,2,1,0,0.7575,1.0401
30,6,2,2,1,3,4,3,1,0,0.9547,1.318
30,6,2,2,2,3,2,3,1,0,0.685,0.952
30,6,2,2,3,4,1,4,1,0,0.6231,0.8889
30,6,2,2,4,3,2,3,1,0,0.7229,0.9412
30,6,2,2,5,1,3,4,0,0,0.6936,1.088
30,6,2,2,6,3,4,3,1,0,0.6899,0.908
30,6,2,2,7,1,3,3,0,0,0.7259,0.8895
30,6,2,2,8,4,1,4,1,0,0.5063,0.7094
30,6,2,2,9,3,2,3,1,0,0.7096,0.9055
30,6,2,2,10,4,3,4,1,0,0.6973,0.9016
30,6,2,2,11,3,2,3,1,0,0.5895,0.8318
30,6,2,2,12,1,2,3,0,0,0.7561,0.9511
30,6,2,2,13,2,1,3,0,0,0.8696,1.1055
30,6,2,2,14,3,4,3,1,0,0.6093,0.9241
30,6,2,2,15,3,4,3,1,0,0.6125,0.8399
30,6,2,2,16,3,2,3,1,0,0.6031,0.8533
30,6,2,2,17,3,2,3,1,0,0.7847,1.0757
30,6,2,2,18,2,4,4,0,0,0.7489,0.9775
30,6,2,2,19,3,2,3,1,0,0.7174,0.9529
30,6,2,2,20,4,2,4,1,0,0.6392,1.0744
30,6,2,2,21,1,4,4,0,0,1.4203,1.6404
30,6,2,2,22,2,1,3,0,0,0.706,0.9484
30,6,2,2,23,1,3,4,0,0,0.7561,1.0138
30,6,2,2,24,4,2,4,1,0,0.7064,0.9247
30,6,2,2,25,1,3,3,0,0,0.6934,0.9448
30,6,2,2,26,3,4,3,1,0,0.5514,0.8034
30,6,2,2,27,3,2,3,1,0,0.9113,1.778
30,6,2,2,28,4,1,4,1,0,0.8152,1.0507
30,6,2,2,29,2,3,4,0,0,0.8607,1.2242
30,6,2,2,30,1,2,3,0,0,0.7711,0.9829
30,6,2,2,31,2,3,4,0,0,0.6591,0.9178
30,6,2,2,32,2,4,4,0,0,0.8867,1.1375
30,6,2,2,33,1,2,3,0,0,1.0244,5.7721
30,6,2,2,34,3,4,3,1,0,1.3885,2.3444
30,6,2,2,35,2,1,1,0,0,7.6362,8.7924
30,6,3,3,1,3,2,3,1,0,1.0805,1.8927
30,6,3,3,2,3,2,3,1,0,0.8686,1.0705
30,6,3,3,3,2,3,2,1,0,2.9611,3.2924
30,6,3,3,4,2,3,2,1,0,1.9069,2.151
30,6,3,3,5,2,3,2,1,0,0.8831,1.1577
30,6,3,3,6,3,2,3,1,0,0.6052,0.8647
30,6,3,3,7,3,2,3,1,0,0.5619,0.8772
30,6,3,3,8,3,2,3,1,0,0.5501,0.8496
30,6,3,3,9,2,3,2,1,0,1.2765,1.5601
30,6,3,3,10,2,3,3,0,0,0.6928,0.9669
30,6,3,3,11,3,2,3,1,0,0.6297,0.9125
30,6,3,3,12,3,2,3,1,0,0.6008,0.8841
30,6,3,3,13,3,2,3,1,0,0.7013,1.1122
30,6,3,3,14,2,3,2,1,0,0.9358,1.2197
30,6,3,3,15,3,2,3,1,0,0.9588,1.3771
30,6,3,3,16,3,2,3,1,0,0.7985,1.1061
30,6,3,3,17,3,2,3,1,0,0.7139,0.9728
30,6,3,3,18,2,3,2,1,0,0.5232,0.9108
30,6,3,3,19,2,3,2,1,0,0.5261,0.9452
30,6,3,3,20,3,2,3,1,0,0.736,0.9633
30,6,3,3,21,3,2,3,1,0,0.5285,0.7554
30,6,3,3,22,2,3,2,1,0,0.6352,0.83
30,6,3,3,23,3,2,3,1,0,0.6414,0.8367
30,6,3,3,24,2,3,3,0,0,0.7437,0.9068
30,6,3,3,25,2,3,2,1,0,0.5713,0.7676
30,6,3,3,26,3,2,3,1,0,0.6924,0.8631
30,6,3,3,27,3,2,3,1,0,0.7943,0.974
30,6,3,3,28,2,3,2,1,0,0.699,0.9011
30,6,3,3,29,3,2,3,1,0,0.9909,1.2416
30,6,3,3,30,3,2,3,1,0,0.6447,0.9028
30,6,3,3,31,2,3,2,1,0,0.6649,0.8909
30,6,3,3,32,3,2,3,1,0,0.7168,0.8647
30,6,3,3,33,3,2,3,1,0,0.8664,1.0761
30,6,3,3,34,3,2,3,1,0,0.9103,1.121
30,6,3,3,35,2,3,2,1,0,0.7292,0.9405
31,1,1,1,1,3,,2,0,0,2.0261,4.2693
31,1,1,1,2,1,,2,0,0,1.3479,2.4227
31,1,1,1,3,4,,4,1,0,2.0887,3.9548
31,1,1,1,4,4,,1,0,0,1.791,2.6666
31,1,1,1,5,3,,2,0,0,1.1941,1.933
31,1,1,1,6,3,,2,0,0,1.4755,3.0072
31,1,1,1,7,2,,2,1,0,1.185,2.364
31,1,1,1,8,2,,2,1,0,1.7361,2.324
31,1,1,1,9,2,,2,1,0,2.2573,3.5159
31,1,1,1,10,3,,3,1,0,1.6736,3.2282
31,1,1,1,11,4,,2,0,0,2.2059,3.0415
31,1,1,1,12,2,,1,0,0,1.6571,3.1491
31,1,1,1,13,1,,3,0,0,3.0244,4.0676
31,1,1,1,14,4,,4,1,0,1.3619,2.7486
31,1,1,1,15,2,,4,0,0,3.4657,4.7641
31,1,1,1,16,3,,3,1,0,3.0229,3.8422
31,1,1,1,17,2,,1,0,0,2.2176,3.2284
31,1,1,1,18,4,,2,0,0,1.47,2.6575
31,1,1,1,19,4,,4,1,0,1.9618,3.5324
31,1,1,1,20,3,,1,0,0,3.1213,4.9963
31,1,1,1,21,4,,2,0,0,1.7571,2.7518
31,1,1,1,22,2,,3,0,0,1.8295,3.0558
31,1,1,1,23,4,,4,1,0,1.5848,2.9158
31,1,1,1,24,1,,4,0,0,2.8171,3.6601
31,1,1,1,25,4,,4,1,0,1.3164,2.1681
31,1,1,1,26,4,,4,1,0,4.2588,5.5496
31,1,1,1,27,2,,2,1,0,1.3832,2.9694
31,1,1,1,28,3,,1,0,0,2.2138,3.0979
31,1,1,1,29,4,,2,0,0,1.439,2.4493
31,1,1,1,30,1,,1,1,0,1.4591,4.8457
31,1,1,1,31,2,,2,1,0,1.1572,2.9846
31,1,1,1,32,1,,1,1,0,1.7953,3.3437
31,1,1,1,33,1,,1,1,0,1.6676,2.9734
31,1,1,1,34,3,,2,0,0,2.1771,3.2438
31,1,1,1,35,3,,3,1,0,1.5887,2.7917
31,1,2,2,1,1,3,1,1,0,3.4743,6.8536
31,1,2,2,2,3,1,1,0,0,3.4255,4.844
31,1,2,2,3,2,3,2,1,0,2.1154,3.4224
31,1,2,2,4,2,1,2,1,0,1.312,3.1476
31,1,2,2,5,1,3,3,0,0,1.5747,2.8269
31,1,2,2,6,2,1,2,1,0,1.4675,2.7734
31,1,2,2,7,1,4,1,1,0,2.258,3.7579
31,1,2,2,8,2,4,2,1,0,1.2974,2.3079
31,1,2,2,9,3,4,3,1,0,1.3712,2.7975
31,1,2,2,10,4,3,3,0,0,3.073,4.2834
31,1,2,2,11,2,1,2,1,0,1.4012,2.8037
31,1,2,2,12,4,2,2,0,0,3.1509,4.043
31,1,2,2,13,2,3,2,1,0,1.6183,2.5247
31,1,2,2,14,1,4,1,1,0,1.7634,3.3097
31,1,2,2,15,3,2,3,1,0,3.0129,4.0723
31,1,2,2,16,1,2,2,0,0,1.9107,5.3763
31,1,2,2,17,2,4,2,1,0,2.7225,3.7579
31,1,2,2,18,3,4,3,1,0,1.9855,2.8753
31,1,2,2,19,3,1,3,1,0,2.8037,4.3275
31,1,2,2,20,3,2,2,0,0,2.8269,3.6628
31,1,2,2,21,2,1,2,1,0,2.1728,2.9997
31,1,2,2,22,1,4,1,1,0,3.0349,3.7981
31,1,2,2,23,3,2,3,1,0,3.9917,4.7939
31,1,2,2,24,1,3,1,1,0,1.7877,4.1976
31,1,2,2,25,1,3,1,1,0,4.2635,5.4748
31,1,2,2,26,2,1,2,1,0,9.7592,10.9954
31,1,2,2,27,1,4,1,1,0,1.8604,2.9115
31,1,2,2,28,3,4,3,1,0,3.1565,4.1764
31,1,2,2,29,1,2,1,1,1,1.4731,2.5731
31,1,2,2,30,4,1,4,1,0,3.6647,4.6843
31,1,2,2,31,4,1,4,1,0,1.4969,2.644
31,1,2,2,32,4,1,4,1,0,4.2285,5.6869
31,1,2,2,33,2,3,2,1,0,2.0515,3.3417
31,1,2,2,34,4,3,4,1,0,3.3472,5.1899
31,1,2,2,35,2,4,2,1,0,3.2554,5.2586
31,1,3,3,1,4,1,4,1,0,4.2226,6.0425
31,1,3,3,2,1,4,1,1,0,1.9032,3.3396
31,1,3,3,3,4,1,4,1,0,1.87,4.0561
31,1,3,3,4,4,1,4,1,0,1.9365,3.8101
31,1,3,3,5,4,1,1,0,0,3.7249,4.7349
31,1,3,3,6,1,4,1,1,0,1.5545,2.6139
31,1,3,3,7,4,1,1,0,0,4.0796,5.4894
31,1,3,3,8,1,4,1,1,0,1.4468,3.2501
31,1,3,3,9,4,1,4,1,0,1.4822,2.3089
31,1,3,3,10,1,4,1,1,0,1.4917,3.1576
31,1,3,3,11,4,1,4,1,0,2.4271,3.1412
31,1,3,3,12,1,4,1,1,0,1.4258,2.2534
31,1,3,3,13,4,1,1,0,0,1.2452,2.576
31,1,3,3,14,1,4,1,1,0,1.5163,2.3827
31,1,3,3,15,4,1,4,1,0,1.2988,2.0452
31,1,3,3,16,4,1,1,0,0,1.3354,2.466
31,1,3,3,17,4,1,4,1,0,1.3391,2.3821
31,1,3,3,18,1,4,1,1,0,1.5858,3.2297
31,1,3,3,19,1,4,1,1,0,1.6057,2.7524
31,1,3,3,20,4,1,4,1,0,1.4361,2.2954
31,1,3,3,21,1,4,1,1,0,1.479,2.9611
31,1,3,3,22,4,1,4,1,0,1.0934,2.5929
31,1,3,3,23,1,4,1,1,0,1.1391,2.3825
31,1,3,3,24,1,4,1,1,0,1.3065,2.7485
31,1,3,3,25,4,1,1,0,0,1.4255,2.6058
31,1,3,3,26,4,1,4,1,0,1.1838,1.9557
31,1,3,3,27,1,4,1,1,0,0.9999,2.4191
31,1,3,3,28,1,4,1,1,0,1.2127,3.5761
31,1,3,3,29,4,1,1,0,0,1.4111,3.0221
31,1,3,3,30,1,4,1,1,0,1.3275,2.2025
31,1,3,3,31,4,1,4,1,0,1.8219,4.1378
31,1,3,3,32,4,1,4,1,0,1.4535,2.5524
31,1,3,3,33,1,4,1,1,0,1.1007,2.1206
31,1,3,3,34,4,1,4,1,0,1.311,2.3308
31,1,3,3,35,4,1,4,1,0,3.1113,4.1459
31,2,1,2,1,2,1,2,1,0,3.5818,5.5363
31,2,1,2,2,3,2,2,0,0,1.8267,2.8132
31,2,1,2,3,1,4,1,1,0,3.496,4.5867
31,2,1,2,4,2,3,2,1,0,2.4524,3.583
31,2,1,2,5,1,4,1,1,0,1.2893,2.4678
31,2,1,2,6,3,4,3,1,0,1.5326,3.3435
31,2,1,2,7,4,3,4,1,0,3.0049,4.095
31,2,1,2,8,4,2,2,0,0,1.7572,2.8565
31,2,1,2,9,1,3,1,1,0,2.1615,3.1323
31,2,1,2,10,2,3,2,1,0,1.1616,2.2846
31,2,1,2,11,3,4,4,0,0,3.7,6.6706
31,2,1,2,12,2,3,2,1,0,1.5149,2.3188
31,2,1,2,13,1,2,2,0,0,1.4923,2.2627
31,2,1,2,14,1,3,1,1,0,1.3598,2.4748
31,2,1,2,15,4,3,4,1,0,4.0029,5.4461
31,2,1,2,16,2,4,2,1,0,1.356,2.0395
31,2,1,2,17,3,2,2,0,0,1.9054,2.7884
31,2,1,2,18,2,3,2,1,0,3.1436,4.1379
31,2,1,2,19,1,3,1,1,0,3.8142,4.9849
31,2,1,2,20,1,3,1,1,0,1.41,2.9984
31,2,1,2,21,3,2,3,1,0,2.672,5.235
31,2,1,2,22,2,3,2,1,0,1.7139,2.7077
31,2,1,2,23,1,3,1,1,0,1.4831,3.591
31,2,1,2,24,2,4,2,1,0,2.7688,3.6829
31,2,1,2,25,1,2,1,1,0,1.81,4.1738
31,2,1,2,26,1,2,2,0,0,3.2635,4.1856
31,2,1,2,27,1,2,1,1,0,1.7727,2.9425
31,2,1,2,28,2,1,2,1,0,2.4606,3.9109
31,2,1,2,29,2,4,2,1,0,1.1252,3.2407
31,2,1,2,30,4,3,4,1,0,2.8086,3.5728
31,2,1,2,31,4,2,4,1,0,3.8229,5.5455
31,2,1,2,32,2,3,2,1,0,1.0438,1.9522
31,2,1,2,33,3,4,3,1,0,1.5009,2.4715
31,2,1,2,34,2,4,2,1,0,1.6161,2.5159
31,2,1,2,35,2,4,2,1,0,1.1374,2.3004
31,2,2,1,1,2,,2,1,0,1.6011,3.5399
31,2,2,1,2,4,,2,0,0,1.4803,2.604
31,2,2,1,3,2,,2,1,0,1.5899,2.4243
31,2,2,1,4,4,,1,0,0,1.4193,3.0696
31,2,2,1,5,2,,2,1,0,1.1417,1.7605
31,2,2,1,6,1,,1,1,0,1.5261,2.8019
31,2,2,1,7,4,,2,0,0,3.788,5.6785
31,2,2,1,8,1,,2,0,0,2.3159,3.3584
31,2,2,1,9,3,,3,1,0,2.3782,4.0539
31,2,2,1,10,2,,2,1,0,1.2772,2.3128
31,2,2,1,11,1,,4,0,0,1.8949,3.4731
31,2,2,1,12,4,,4,1,0,2.4963,3.9407
31,2,2,1,13,1,,1,1,0,1.976,3.3624
31,2,2,1,14,4,,3,0,0,2.7252,3.9847
31,2,2,1,15,4,,1,0,0,2.2188,3.0366
31,2,2,1,16,4,,2,0,0,3.9588,6.1849
31,2,2,1,17,2,,1,0,0,2.3691,3.501
31,2,2,1,18,4,,4,1,0,1.5944,2.5419
31,2,2,1,19,4,,4,1,0,1.5948,4.1745
31,2,2,1,20,3,,3,1,0,1.7205,2.7461
31,2,2,1,21,4,,1,0,0,1.424,2.6995
31,2,2,1,22,4,,4,1,0,2.6336,3.301
31,2,2,1,23,2,,2,1,0,1.1623,2.1822
31,2,2,1,24,4,,2,0,0,5.162,6.0683
31,2,2,1,25,1,,1,1,0,1.2252,2.7872
31,2,2,1,26,1,,1,1,0,1.439,2.4751
31,2,2,1,27,1,,1,1,0,2.3227,3.8383
31,2,2,1,28,1,,1,1,0,1.6137,2.5442
31,2,2,1,29,1,,1,1,0,1.3577,2.4163
31,2,2,1,30,1,,1,1,0,1.8757,2.9352
31,2,2,1,31,2,,2,1,0,1.2199,3.0934
31,2,2,1,32,1,,1,1,0,1.5331,2.3367
31,2,2,1,33,3,,4,0,0,2.8382,3.8808
31,2,2,1,34,1,,2,0,0,1.8393,3.1468
31,2,2,1,35,3,,3,1,0,2.7107,4.3627
31,2,3,3,1,4,3,3,0,0,2.8027,4.8946
31,2,3,3,2,4,3,4,1,0,2.1471,3.1663
31,2,3,3,3,4,3,4,1,0,1.1457,1.9394
31,2,3,3,4,4,3,4,1,0,1.3151,2.4047
31,2,3,3,5,4,3,4,1,0,1.7524,2.7166
31,2,3,3,6,3,4,3,1,0,1.3299,2.4778
31,2,3,3,7,3,4,3,1,0,1.6367,2.9034
31,2,3,3,8,4,3,4,1,0,2.6625,3.7929
31,2,3,3,9,3,4,3,1,1,1.6513,2.8696
31,2,3,3,10,3,4,3,1,0,2.326,3.4814
31,2,3,3,11,3,4,3,1,0,2.592,5.5538
31,2,3,3,12,4,3,4,1,0,2.964,3.9199
31,2,3,3,13,3,4,3,1,0,1.2763,2.4711
31,2,3,3,14,3,4,3,1,0,1.0714,2.4658
31,2,3,3,15,4,3,4,1,0,1.2828,2.7415
31,2,3,3,16,3,4,3,1,0,1.5632,2.3735
31,2,3,3,17,3,4,3,1,0,1.6343,2.4786
31,2,3,3,18,4,3,4,1,0,2.0213,2.9517
31,2,3,3,19,4,3,4,1,0,1.5411,2.3441
31,2,3,3,20,4,3,3,0,0,2.4131,3.1912
31,2,3,3,21,4,3,3,0,0,2.8826,3.71
31,2,3,3,22,4,3,4,1,0,1.2201,2.6953
31,2,3,3,23,3,4,3,1,0,1.5975,2.6556
31,2,3,3,24,3,4,3,1,0,1.6248,2.8113
31,2,3,3,25,4,3,4,1,0,1.9341,3.5764
31,2,3,3,26,4,3,4,1,0,2.0684,3.0145
31,2,3,3,27,4,3,3,0,0,2.0967,3.0832
31,2,3,3,28,3,4,3,1,0,1.3712,2.3018
31,2,3,3,29,4,3,4,1,0,1.1894,2.4074
31,2,3,3,30,4,3,4,1,0,2.2511,3.6221
31,2,3,3,31,3,4,3,1,0,2.0951,2.7535
31,2,3,3,32,4,3,4,1,0,1.2233,1.9775
31,2,3,3,33,4,3,4,1,0,1.4386,2.2506
31,2,3,3,34,3,4,3,1,0,1.2109,2.0627
31,2,3,3,35,4,3,4,1,0,1.4707,2.7784
31,3,1,2,1,3,1,3,1,0,1.9965,3.4704
31,3,1,2,2,4,1,4,1,0,4.1504,7.5623
31,3,1,2,3,2,1,2,1,0,3.4648,4.3711
31,3,1,2,4,1,3,2,0,0,1.5025,2.5287
31,3,1,2,5,3,1,3,1,0,1.8868,2.7938
31,3,1,2,6,4,2,2,0,0,1.7815,2.7353
31,3,1,2,7,2,4,2,1,0,1.2298,2.3528
31,3,1,2,8,2,3,2,1,0,1.6537,2.7772
31,3,1,2,9,1,3,1,1,0,2.7317,3.5423
31,3,1,2,10,3,4,3,1,0,1.603,2.9571
31,3,1,2,11,4,3,4,1,0,2.2907,3.1823
31,3,1,2,12,3,2,3,1,0,1.9278,2.8836
31,3,1,2,13,1,2,1,1,0,1.898,2.7093
31,3,1,2,14,1,3,1,1,0,2.516,4.0137
31,3,1,2,15,2,1,2,1,0,1.5917,2.3061
31,3,1,2,16,4,1,1,0,0,3.3613,4.4919
31,3,1,2,17,1,2,1,1,0,1.314,2.3962
31,3,1,2,18,1,3,1,1,0,2.7436,3.5712
31,3,1,2,19,2,4,2,1,0,1.2938,2.41
31,3,1,2,20,3,4,3,1,0,3.124,4.6158
31,3,1,2,21,2,1,2,1,0,1.3911,2.6895
31,3,1,2,22,4,2,2,0,0,1.2901,2.7179
31,3,1,2,23,4,1,4,1,0,1.5551,2.5898
31,3,1,2,24,4,1,1,0,0,1.2015,2.2285
31,3,1,2,25,3,4,3,1,0,1.8699,2.8484
31,3,1,2,26,3,2,2,0,0,1.6662,2.638
31,3,1,2,27,4,2,2,0,0,1.3262,2.5686
31,3,1,2,28,3,1,3,1,0,2.2374,3.3368
31,3,1,2,29,2,1,2,1,0,1.165,1.9687
31,3,1,2,30,3,2,3,1,0,1.7332,2.6154
31,3,1,2,31,1,3,1,1,0,2.8022,4.9571
31,3,1,2,32,1,3,1,1,0,1.216,3.5224
31,3,1,2,33,4,3,3,0,0,2.52,3.331
31,3,1,2,34,2,1,2,1,0,1.288,2.3381
31,3,1,2,35,2,4,2,1,0,1.1043,1.9546
31,3,2,3,1,3,1,1,0,0,2.3186,3.6581
31,3,2,3,2,3,1,3,1,0,1.6814,2.5814
31,3,2,3,3,3,1,1,0,0,1.8077,2.6756
31,3,2,3,4,3,1,3,1,0,1.7873,2.8624
31,3,2,3,5,1,3,1,1,0,1.4539,2.4177
31,3,2,3,6,3,1,3,1,0,1.5234,2.3904
31,3,2,3,7,3,1,3,1,0,2.6662,3.4766
31,3,2,3,8,3,1,3,1,0,1.508,2.2225
31,3,2,3,9,1,3,1,1,0,2.4498,3.5892
31,3,2,3,10,3,1,3,1,0,1.8633,2.8752
31,3,2,3,11,3,1,3,1,0,3.3707,4.541
31,3,2,3,12,3,1,3,1,0,1.2249,1.9968
31,3,2,3,13,3,1,3,1,0,1.3435,3.4826
31,3,2,3,14,1,3,1,1,0,2.6653,3.8674
31,3,2,3,15,3,1,3,1,0,1.779,3.5502
31,3,2,3,16,1,3,1,1,0,1.0013,1.6766
31,3,2,3,17,1,3,1,1,0,1.3727,2.4652
31,3,2,3,18,1,3,1,1,0,1.2802,2.3477
31,3,2,3,19,1,3,3,0,0,2.1686,4.1154
31,3,2,3,20,1,3,1,1,0,1.2561,2.5078
31,3,2,3,21,3,1,3,1,0,1.45,2.6139
31,3,2,3,22,1,3,1,1,0,1.3674,2.0271
31,3,2,3,23,3,1,3,1,0,1.9805,2.9679
31,3,2,3,24,3,1,3,1,0,1.435,2.5098
31,3,2,3,25,3,1,3,1,0,2.3004,3.7837
31,3,2,3,26,3,1,3,1,0,0.9221,1.7087
31,3,2,3,27,3,1,3,1,0,1.0212,2.1838
31,3,2,3,28,3,1,3,1,0,1.3561,2.0937
31,3,2,3,29,1,3,1,1,0,0.8943,1.6499
31,3,2,3,30,3,1,3,1,0,1.411,2.5096
31,3,2,3,31,3,1,3,1,0,1.1891,2.0166
31,3,2,3,32,1,3,1,1,0,1.3071,3.3019
31,3,2,3,33,1,3,1,1,0,1.116,1.8151
31,3,2,3,34,1,3,1,1,0,1.0018,2.173
31,3,2,3,35,1,3,1,1,0,1.3543,2.6293
31,3,3,1,1,4,,3,0,0,2.3631,3.6467
31,3,3,1,2,2,,2,1,0,1.1823,2.7445
31,3,3,1,3,3,,2,0,0,5.2859,7.2965
31,3,3,1,4,4,,4,1,0,1.8433,3.2612
31,3,3,1,5,1,,2,0,0,1.3337,4.6168
31,3,3,1,6,1,,1,1,0,1.6333,3.1242
31,3,3,1,7,2,,2,1,0,1.7856,3.8206
31,3,3,1,8,4,,4,1,0,1.4297,2.5452
31,3,3,1,9,4,,1,0,0,3.0772,4.0628
31,3,3,1,10,4,,4,1,0,2.0067,3.0576
31,3,3,1,11,3,,3,1,0,1.6815,2.7892
31,3,3,1,12,4,,4,1,0,2.5361,3.46
31,3,3,1,13,4,,2,0,0,1.5228,3.6542
31,3,3,1,14,1,,1,1,0,1.2215,2.8876
31,3,3,1,15,4,,4,1,0,1.6552,3.2107
31,3,3,1,16,1,,1,1,0,1.6602,2.6406
31,3,3,1,17,1,,4,0,0,2.0251,3.4925
31,3,3,1,18,1,,2,0,0,1.5067,2.622
31,3,3,1,19,3,,4,0,0,1.5194,3.6671
31,3,3,1,20,4,,4,1,0,1.8256,2.805
31,3,3,1,21,1,,2,0,0,1.752,2.8903
31,3,3,1,22,3,,2,0,0,3.1302,4.9641
31,3,3,1,23,4,,2,0,0,1.9105,3.1138
31,3,3,1,24,1,,2,0,0,1.3754,2.2897
31,3,3,1,25,1,,1,1,0,1.4343,3.3178
31,3,3,1,26,1,,1,1,0,0.9386,1.8299
31,3,3,1,27,2,,2,1,0,1.112,2.7314
31,3,3,1,28,4,,1,0,0,1.3278,2.6756
31,3,3,1,29,3,,3,1,0,1.9957,3.5813
31,3,3,1,30,2,,2,1,0,1.5043,3.1868
31,3,3,1,31,2,,2,1,0,1.335,2.0815
31,3,3,1,32,3,,2,0,0,1.1137,2.1487
31,3,3,1,33,3,,2,0,0,1.1462,2.2295
31,3,3,1,34,4,,2,0,0,1.671,2.4751
31,3,3,1,35,4,,1,0,0,1.6267,2.8061
31,4,1,3,1,1,2,1,1,0,2.6586,4.4766
31,4,1,3,2,2,1,2,1,0,1.2994,2.479
31,4,1,3,3,1,2,1,1,0,1.3025,2.409
31,4,1,3,4,2,1,2,1,0,1.3882,3.6866
31,4,1,3,5,1,2,1,1,0,1.1342,2.8168
31,4,1,3,6,2,1,2,1,0,1.9391,3.1337
31,4,1,3,7,1,2,1,1,0,1.4509,2.6459
31,4,1,3,8,2,1,2,1,0,1.5743,3.5708
31,4,1,3,9,2,1,2,1,0,0.8933,1.8474
31,4,1,3,10,1,2,1,1,0,1.4495,2.3172
31,4,1,3,11,2,1,1,0,0,4.787,5.9832
31,4,1,3,12,2,1,2,1,0,1.8144,2.6802
31,4,1,3,13,2,1,2,1,0,0.9761,1.8825
31,4,1,3,14,1,2,2,0,0,1.3718,2.4147
31,4,1,3,15,2,1,2,1,0,1.3295,2.4193
31,4,1,3,16,1,2,1,1,0,1.1906,2.2015
31,4,1,3,17,1,2,1,1,0,1.0127,2.023
31,4,1,3,18,1,2,1,1,0,1.6432,2.6307
31,4,1,3,19,1,2,1,1,0,0.919,1.5549
31,4,1,3,20,2,1,2,1,0,1.2968,2.7719
31,4,1,3,21,2,1,2,1,0,0.7436,1.6823
31,4,1,3,22,1,2,1,1,0,1.8034,2.5651
31,4,1,3,23,1,2,1,1,0,2.0422,2.8527
31,4,1,3,24,2,1,2,1,0,0.9576,2.1682
31,4,1,3,25,2,1,2,1,0,2.0295,3.9997
31,4,1,3,26,2,1,2,1,0,1.3134,3.1652
31,4,1,3,27,1,2,1,1,0,1.4168,2.8593
31,4,1,3,28,2,1,1,0,0,2.6194,3.8462
31,4,1,3,29,1,2,1,1,0,1.7814,2.6967
31,4,1,3,30,1,2,1,1,0,0.9272,1.8666
31,4,1,3,31,2,1,2,1,0,1.1637,2.6618
31,4,1,3,32,2,1,2,1,0,1.0949,2.3139
31,4,1,3,33,2,1,2,1,0,1.9044,3.051
31,4,1,3,34,1,2,1,1,0,1.2275,2.4779
31,4,1,3,35,2,1,2,1,0,1.1819,2.098
31,4,2,1,1,2,,1,0,0,4.853,6.6804
31,4,2,1,2,3,,3,1,0,1.964,2.8949
31,4,2,1,3,3,,1,0,0,1.7093,2.4651
31,4,2,1,4,4,,3,0,0,1.7447,3.1388
31,4,2,1,5,2,,2,1,0,1.1755,2.0419
31,4,2,1,6,2,,2,1,0,1.1651,2.3991
31,4,2,1,7,2,,2,1,0,1.1225,2.1581
31,4,2,1,8,3,,3,1,0,2.1627,3.3744
31,4,2,1,9,4,,2,0,0,2.0164,3.1949
31,4,2,1,10,1,,1,1,0,1.6056,2.8489
31,4,2,1,11,3,,3,1,0,1.5454,3.3725
31,4,2,1,12,4,,4,1,0,1.7837,2.6184
31,4,2,1,13,1,,3,0,0,3.9726,4.8148
31,4,2,1,14,1,,2,0,0,1.7674,2.795
31,4,2,1,15,3,,3,1,0,1.1813,2.1045
31,4,2,1,16,2,,2,1,0,1.0551,2.0657
31,4,2,1,17,4,,2,0,0,1.2193,2.8787
31,4,2,1,18,4,,2,0,0,1.5575,2.5449
31,4,2,1,19,1,,1,1,0,0.9976,2.0963
31,4,2,1,20,4,,2,0,0,1.2721,2.042
31,4,2,1,21,4,,4,1,0,2.9254,4.7612
31,4,2,1,22,1,,3,0,0,1.6026,6.7172
31,4,2,1,23,4,,2,0,0,1.5434,3.178
31,4,2,1,24,2,,2,1,0,1.3094,2.0645
31,4,2,1,25,4,,2,0,0,3.9365,4.6593
31,4,2,1,26,1,,4,0,0,2.0091,7.4839
31,4,2,1,27,3,,4,0,0,2.6707,3.9216
31,4,2,1,28,3,,3,1,0,1.7983,2.5622
31,4,2,1,29,2,,2,1,0,1.0612,2.1835
31,4,2,1,30,1,,1,1,0,1.4122,3.7199
31,4,2,1,31,4,,1,0,0,2.3245,3.16
31,4,2,1,32,1,,1,1,0,0.9077,2.0948
31,4,2,1,33,2,,2,1,0,0.9265,1.7848
31,4,2,1,34,2,,2,1,0,0.8457,1.9601
31,4,2,1,35,3,,4,0,0,2.7404,4.1519
31,4,3,2,1,3,2,3,1,0,3.1614,5.756
31,4,3,2,2,2,3,2,1,0,2.5825,6.2416
31,4,3,2,3,1,3,3,0,0,2.319,4.4343
31,4,3,2,4,2,1,2,1,0,1.7453,2.8601
31,4,3,2,5,3,1,3,1,0,1.7651,3.1839
31,4,3,2,6,1,4,1,1,0,3.8667,6.9423
31,4,3,2,7,3,1,3,1,0,1.958,2.8977
31,4,3,2,8,2,3,2,1,0,1.2082,2.6184
31,4,3,2,9,3,4,3,1,0,1.5412,3.0002
31,4,3,2,10,1,4,1,1,0,2.1467,4.0928
31,4,3,2,11,4,3,4,1,0,4.3399,5.863
31,4,3,2,12,4,1,4,1,0,2.6837,4.5197
31,4,3,2,13,2,1,2,1,0,1.8028,3.0939
31,4,3,2,14,3,4,4,0,0,1.7162,5.2642
31,4,3,2,15,1,2,2,0,0,1.8925,4.2705
31,4,3,2,16,2,1,2,1,0,2.0621,3.1533
31,4,3,2,17,3,4,3,1,0,1.3811,2.5756
31,4,3,2,18,4,1,4,1,0,2.8845,6.4804
31,4,3,2,19,1,3,1,1,0,2.5949,4.1424
31,4,3,2,20,4,1,1,0,0,2.5465,3.2372
31,4,3,2,21,1,4,3,0,0,2.0539,7.5366
31,4,3,2,22,1,3,1,1,0,2.6495,4.8613
31,4,3,2,23,1,2,1,1,0,1.403,3.1009
31,4,3,2,24,2,1,2,1,0,1.1714,2.2147
31,4,3,2,25,3,1,3,1,0,1.6337,3.0204
31,4,3,2,26,1,2,1,1,0,1.1012,2.1446
31,4,3,2,27,3,1,3,1,0,1.8217,3.1694
31,4,3,2,28,2,3,2,1,0,1.0606,2.5029
31,4,3,2,29,1,2,2,0,0,2.5509,3.6181
31,4,3,2,30,3,1,1,0,0,1.1148,2.0057
31,4,3,2,31,2,3,2,1,0,1.2492,2.3633
31,4,3,2,32,1,2,1,1,0,1.7845,2.7469
31,4,3,2,33,4,2,2,0,0,2.2719,3.3785
31,4,3,2,34,2,1,2,1,0,1.9824,3.1603
31,4,3,2,35,3,1,3,1,0,1.9415,2.9046
31,5,1,3,1,3,2,3,1,0,2.651,6.5171
31,5,1,3,2,3,2,3,1,0,1.1599,2.7077
31,5,1,3,3,3,2,2,0,0,2.4175,4.1641
31,5,1,3,4,3,2,3,1,0,1.4386,3.065
31,5,1,3,5,3,2,3,1,0,1.2733,2.3407
31,5,1,3,6,3,2,3,1,0,1.538,2.6924
31,5,1,3,7,2,3,2,1,0,1.2601,2.8645
31,5,1,3,8,3,2,3,1,0,1.3749,2.4501
31,5,1,3,9,2,3,3,0,0,1.8115,3.9417
31,5,1,3,10,2,3,2,1,0,1.6257,3.1006
31,5,1,3,11,3,2,3,1,0,1.2184,3.0133
31,5,1,3,12,2,3,2,1,0,1.6794,3.0988
31,5,1,3,13,2,3,2,1,0,1.5121,2.7326
31,5,1,3,14,3,2,3,1,1,1.3931,2.5394
31,5,1,3,15,3,2,3,1,0,2.2735,3.2447
31,5,1,3,16,3,2,3,1,0,1.2367,2.5193
31,5,1,3,17,3,2,3,1,0,1.35,3.0401
31,5,1,3,18,2,3,2,1,0,2.3062,4.125
31,5,1,3,19,2,3,2,1,0,2.8497,4.1736
31,5,1,3,20,3,2,3,1,0,1.2475,1.9937
31,5,1,3,21,2,3,2,1,0,1.2206,3.7522
31,5,1,3,22,3,2,3,1,0,1.2999,2.3272
31,5,1,3,23,2,3,2,1,0,1.7883,3.1359
31,5,1,3,24,3,2,3,1,0,1.5408,2.5757
31,5,1,3,25,3,2,2,0,0,0.9793,2.6155
31,5,1,3,26,2,3,2,1,0,1.3447,2.1955
31,5,1,3,27,3,2,3,1,0,2.2701,3.6656
31,5,1,3,28,2,3,2,1,0,1.2804,2.6597
31,5,1,3,29,2,3,2,1,0,1.5486,2.7122
31,5,1,3,30,2,3,3,0,0,2.6932,3.2636
31,5,1,3,31,2,3,2,1,0,1.4151,2.6256
31,5,1,3,32,3,2,3,1,0,2.0838,3.6863
31,5,1,3,33,2,3,2,1,0,2.1487,3.3035
31,5,1,3,34,2,3,3,0,0,1.206,2.2723
31,5,1,3,35,2,3,2,1,0,1.1379,2.3735
31,5,2,2,1,1,3,1,1,0,5.0847,6.7599
31,5,2,2,2,2,3,2,1,0,1.9685,2.8445
31,5,2,2,3,1,2,2,0,0,3.4917,5.0703
31,5,2,2,4,1,3,1,1,0,1.7727,2.6387
31,5,2,2,5,3,2,3,1,0,2.0888,3.9314
31,5,2,2,6,1,3,3,0,0,3.0558,3.8669
31,5,2,2,7,4,2,4,1,0,1.5302,2.2451
31,5,2,2,8,2,1,2,1,0,1.9903,3.2094
31,5,2,2,9,3,1,3,1,0,1.3396,2.5267
31,5,2,2,10,2,1,2,1,0,2.46,3.359
31,5,2,2,11,1,3,1,1,0,5.2268,9.2307
31,5,2,2,12,2,1,2,1,0,2.3128,4.1791
31,5,2,2,13,2,1,2,1,0,1.9099,3.2816
31,5,2,2,14,1,4,4,0,0,3.064,4.6025
31,5,2,2,15,1,4,1,1,0,3.5555,4.4312
31,5,2,2,16,3,4,3,1,0,2.4055,6.6491
31,5,2,2,17,1,2,2,0,0,2.669,3.6812
31,5,2,2,18,2,1,2,1,0,2.1268,3.7538
31,5,2,2,19,1,2,1,1,0,4.5253,5.4173
31,5,2,2,20,1,2,1,1,0,2.7117,3.65
31,5,2,2,21,3,1,1,0,0,6.2345,8.2051
31,5,2,2,22,1,2,1,1,0,4.3054,5.9968
31,5,2,2,23,1,4,1,1,0,4.0048,5.0469
31,5,2,2,24,2,3,2,1,0,2.3017,3.0248
31,5,2,2,25,1,3,3,0,0,2.4586,3.3725
31,5,2,2,26,2,3,2,1,0,2.5691,3.3633
31,5,2,2,27,1,3,3,0,0,3.1593,4.5063
31,5,2,2,28,2,4,2,1,0,2.4706,5.5864
31,5,2,2,29,1,3,1,1,0,2.1063,4.3404
31,5,2,2,30,2,4,2,1,0,1.553,3.1876
31,5,2,2,31,4,3,3,0,0,6.103,8.6491
31,5,2,2,32,2,1,2,1,0,1.8048,3.2716
31,5,2,2,33,2,4,2,1,0,1.6155,2.2336
31,5,2,2,34,2,1,2,1,0,2.0921,3.1826
31,5,2,2,35,4,3,3,0,0,2.6101,3.5889
31,5,3,1,1,1,,1,1,0,2.0764,3.5038
31,5,3,1,2,2,,2,1,0,1.6853,2.3768
31,5,3,1,3,4,,3,0,0,2.059,3.4303
31,5,3,1,4,1,,4,0,0,5.9592,8.3614
31,5,3,1,5,1,,1,1,0,1.7999,2.7947
31,5,3,1,6,1,,1,1,0,4.4143,5.9928
31,5,3,1,7,4,,2,0,0,1.8729,2.8448
31,5,3,1,8,2,,2,1,0,7.6363,9.8471
31,5,3,1,9,1,,1,1,0,7.7524,9.4289
31,5,3,1,10,2,,2,1,0,2.2063,3.3377
31,5,3,1,11,3,,3,1,0,1.5985,2.601
31,5,3,1,12,3,,3,1,0,1.3083,2.3682
31,5,3,1,13,1,,3,0,0,1.3481,2.2873
31,5,3,1,14,1,,2,0,0,1.7102,3.5382
31,5,3,1,15,3,,3,1,0,1.2698,2.2649
31,5,3,1,16,2,,2,1,0,1.4576,2.5329
31,5,3,1,17,3,,3,1,0,1.1383,2.2541
31,5,3,1,18,2,,2,1,0,1.9344,2.9785
31,5,3,1,19,4,,1,0,0,13.0524,14.2234
31,5,3,1,20,4,,3,0,0,1.548,2.8064
31,5,3,1,21,1,,1,1,0,1.9209,2.8213
31,5,3,1,22,2,,2,1,0,1.1893,3.2091
31,5,3,1,23,4,,3,0,0,1.355,3.3028
31,5,3,1,24,4,,4,1,0,4.4921,5.1677
31,5,3,1,25,2,,2,1,0,2.1758,3.2663
31,5,3,1,26,1,,2,0,0,6.6739,8.7253
31,5,3,1,27,2,,2,1,0,2.4842,4.3203
31,5,3,1,28,2,,2,1,0,2.4436,3.5113
31,5,3,1,29,1,,4,0,0,1.637,4.1926
31,5,3,1,30,4,,4,1,0,1.2338,3.3973
31,5,3,1,31,2,,2,1,0,1.6148,2.7307
31,5,3,1,32,2,,2,1,0,1.8623,2.8495
31,5,3,1,33,2,,4,0,0,2.1379,3.117
31,5,3,1,34,3,,3,1,0,2.083,2.9101
31,5,3,1,35,3,,4,0,0,4.3397,6.0958
31,6,1,1,1,2,,2,1,0,1.6727,3.8998
31,6,1,1,2,3,,2,0,0,2.2567,3.3171
31,6,1,1,3,2,,2,1,0,1.6334,2.7087
31,6,1,1,4,1,,4,0,0,2.7309,3.3582
31,6,1,1,5,4,,4,1,0,1.5625,2.677
31,6,1,1,6,4,,4,1,0,1.5088,3.2637
31,6,1,1,7,4,,4,1,0,2.3437,3.322
31,6,1,1,8,1,,1,1,0,1.2075,2.3789
31,6,1,1,9,2,,2,1,0,1.2782,2.3778
31,6,1,1,10,3,,4,0,0,2.6773,3.8961
31,6,1,1,11,1,,1,1,0,2.7977,3.8004
31,6,1,1,12,2,,2,1,0,1.7384,2.765
31,6,1,1,13,1,,4,0,0,1.4412,2.2206
31,6,1,1,14,1,,2,0,0,2.7033,4.0576
31,6,1,1,15,1,,1,1,0,1.6335,2.6286
31,6,1,1,16,3,,3,1,0,1.6137,2.657
31,6,1,1,17,2,,2,1,0,1.4016,2.2681
31,6,1,1,18,3,,3,1,0,1.8612,2.8806
31,6,1,1,19,2,,2,1,0,1.8478,2.9054
31,6,1,1,20,3,,3,1,0,1.7205,2.78
31,6,1,1,21,2,,2,1,0,1.455,2.6425
31,6,1,1,22,1,,1,1,0,1.7394,2.862
31,6,1,1,23,4,,2,0,0,1.5189,2.8661
31,6,1,1,24,4,,4,1,0,2.0973,3.5078
31,6,1,1,25,1,,3,0,0,2.7463,3.6449
31,6,1,1,26,4,,3,0,0,1.5969,3.1367
31,6,1,1,27,1,,2,0,0,1.269,2.4075
31,6,1,1,28,4,,3,0,0,1.7392,3.5734
31,6,1,1,29,3,,3,1,0,1.4897,2.1797
31,6,1,1,30,2,,2,1,0,1.8402,3.4284
31,6,1,1,31,3,,3,1,0,2.0441,2.6152
31,6,1,1,32,4,,2,0,0,1.2412,3.2202
31,6,1,1,33,1,,1,1,0,1.1182,2.2086
31,6,1,1,34,4,,4,1,0,1.5957,4.3752
31,6,1,1,35,3,,3,1,0,1.665,5.124
31,6,2,3,1,2,4,2,1,0,7.1312,7.9333
31,6,2,3,2,4,2,4,1,0,3.0373,4.8879
31,6,2,3,3,4,2,2,0,0,2.2048,3.1125
31,6,2,3,4,2,4,2,1,0,2.597,3.7913
31,6,2,3,5,4,2,2,0,0,4.0176,5.0279
31,6,2,3,6,2,4,2,1,0,1.0839,2.0551
31,6,2,3,7,4,2,4,1,0,1.9848,3.1167
31,6,2,3,8,2,4,2,1,0,1.9127,2.9563
31,6,2,3,9,4,2,2,0,0,1.8797,2.739
31,6,2,3,10,2,4,2,1,0,1.4236,2.5698
31,6,2,3,11,2,4,4,0,0,2.1107,2.8591
31,6,2,3,12,2,4,2,1,0,4.9624,5.3881
31,6,2,3,13,2,4,2,1,0,1.0693,1.8491
31,6,2,3,14,4,2,4,1,0,1.5141,2.5415
31,6,2,3,15,4,2,4,1,0,2.0584,2.8138
31,6,2,3,16,4,2,4,1,0,2.0467,3.8644
31,6,2,3,17,2,4,2,1,0,2.472,3.8666
31,6,2,3,18,2,4,2,1,0,2.2585,3.6287
31,6,2,3,19,2,4,2,1,0,1.6851,3.0975
31,6,2,3,20,2,4,2,1,0,2.1264,5.0975
31,6,2,3,21,2,4,2,1,0,1.7019,2.8175
31,6,2,3,22,4,2,4,1,0,2.0742,3.3888
31,6,2,3,23,2,4,2,1,0,1.6556,2.8917
31,6,2,3,24,2,4,2,1,0,1.8986,2.7573
31,6,2,3,25,4,2,4,1,0,2.7541,3.7975
31,6,2,3,26,2,4,2,1,0,1.3256,3.185
31,6,2,3,27,2,4,2,1,1,1.5719,2.4793
31,6,2,3,28,2,4,2,1,0,4.2781,5.4336
31,6,2,3,29,2,4,2,1,0,2.1596,2.7946
31,6,2,3,30,2,4,2,1,0,1.8125,2.3448
31,6,2,3,31,2,4,2,1,0,1.6764,2.4006
31,6,2,3,32,4,2,2,0,0,2.3712,3.1093
31,6,2,3,33,4,2,4,1,0,1.9643,3.3523
31,6,2,3,34,4,2,4,1,0,1.8346,3.2293
31,6,2,3,35,4,2,2,0,0,1.7588,2.6905
31,6,3,2,1,1,4,1,1,0,2.2686,4.1674
31,6,3,2,2,3,2,3,1,0,1.9467,2.6536
31,6,3,2,3,2,4,2,1,0,2.5821,3.6258
31,6,3,2,4,3,2,3,1,0,4.7144,5.8451
31,6,3,2,5,2,3,2,1,0,2.0191,4.2858
31,6,3,2,6,1,3,3,0,0,2.7321,3.8785
31,6,3,2,7,1,3,1,1,0,2.2613,3.8713
31,6,3,2,8,1,4,4,0,0,2.2067,4.1369
31,6,3,2,9,1,3,1,1,0,6.638,7.3844
31,6,3,2,10,4,2,4,1,0,2.1031,2.7708
31,6,3,2,11,3,2,3,1,0,2.1896,3.306
31,6,3,2,12,2,3,2,1,0,2.3671,3.0259
31,6,3,2,13,2,1,2,1,0,1.7402,3.6301
31,6,3,2,14,1,2,1,1,0,2.7675,4.1224
31,6,3,2,15,3,2,3,1,0,5.9669,7.6507
31,6,3,2,16,2,1,2,1,0,1.9807,2.5288
31,6,3,2,17,3,4,3,1,0,2.4459,3.6248
31,6,3,2,18,2,1,2,1,0,1.874,2.5088
31,6,3,2,19,4,2,2,0,0,5.8763,8.0151
31,6,3,2,20,3,2,3,1,0,2.564,5.3596
31,6,3,2,21,1,4,1,1,0,4.1927,4.9229
31,6,3,2,22,2,4,2,1,0,2.2392,3.0273
31,6,3,2,23,2,4,2,1,0,1.9793,3.0617
31,6,3,2,24,3,4,4,0,0,2.5344,3.6332
31,6,3,2,25,1,3,1,1,0,5.9932,7.9569
31,6,3,2,26,3,4,3,1,0,2.0273,2.8779
31,6,3,2,27,1,4,1,1,0,3.7098,5.6413
31,6,3,2,28,4,3,4,1,0,2.7991,3.4905
31,6,3,2,29,1,3,3,0,0,3.4802,4.1315
31,6,3,2,30,2,4,2,1,0,2.1831,2.7058
31,6,3,2,31,1,4,1,1,0,3.0246,3.9
31,6,3,2,32,4,1,4,1,0,2.8097,4.3961
31,6,3,2,33,3,4,3,1,0,2.5414,4.1203
31,6,3,2,34,3,2,3,1,0,2.8453,4.1845
31,6,3,2,35,1,2,2,0,0,2.7142,3.8362
32,1,1,3,1,1,2,2,0,0,0.9991,1.6413
32,1,1,3,2,1,2,1,1,0,0.9721,2.1033
32,1,1,3,3,1,2,1,1,0,1.2465,2.0811
32,1,1,3,4,2,1,2,1,0,0.9612,2.1893
32,1,1,3,5,2,1,2,1,0,1.0081,1.8745
32,1,1,3,6,2,1,2,1,0,1.739,2.7668
32,1,1,3,7,2,1,2,1,0,1.2818,2.0379
32,1,1,3,8,2,1,2,1,0,1.0473,1.9294
32,1,1,3,9,1,2,1,1,0,0.8963,1.587
32,1,1,3,10,2,1,2,1,0,0.8247,1.6109
32,1,1,3,11,1,2,1,1,0,1.6465,2.4009
32,1,1,3,12,2,1,2,1,0,0.9807,1.6726
32,1,1,3,13,1,2,1,1,0,2.4726,2.893
32,1,1,3,14,1,2,1,1,0,1.3557,1.8705
32,1,1,3,15,1,2,1,1,0,1.5107,1.9142
32,1,1,3,16,2,1,2,1,0,1.2322,2.379
32,1,1,3,17,2,1,2,1,0,1.0311,2.1618
32,1,1,3,18,1,2,2,0,0,1.5431,2.9071
32,1,1,3,19,1,2,1,1,0,1.1445,1.803
32,1,1,3,20,2,1,2,1,0,0.8548,1.3694
32,1,1,3,21,2,1,2,1,0,0.9028,1.3939
32,1,1,3,22,2,1,2,1,0,1.1897,1.7364
32,1,1,3,23,1,2,1,1,0,1.0157,1.9143
32,1,1,3,24,2,1,2,1,0,1.0729,1.8372
32,1,1,3,25,2,1,1,0,0,0.9426,2.1691
32,1,1,3,26,1,2,2,0,0,1.0851,1.5601
32,1,1,3,27,1,2,1,1,0,0.9971,1.7452
32,1,1,3,28,2,1,2,1,0,0.8701,1.9448
32,1,1,3,29,2,1,2,1,0,0.9427,1.5777
32,1,1,3,30,2,1,2,1,0,1.0304,2.0489
32,1,1,3,31,2,1,2,1,0,1.1466,1.7988
32,1,1,3,32,2,1,2,1,0,0.7938,1.5479
32,1,1,3,33,2,1,2,1,0,0.7387,1.7416
32,1,1,3,34,2,1,2,1,0,0.7719,1.5349
32,1,1,3,35,1,2,1,1,0,1.3101,3.1762
32,1,2,2,1,2,3,2,1,0,1.2575,1.9164
32,1,2,2,2,1,4,1,1,0,1.3468,3.8147
32,1,2,2,3,2,4,2,1,0,1.0071,2.0495
32,1,2,2,4,3,2,3,1,0,1.2995,1.9014
32,1,2,2,5,1,4,1,1,0,1.2778,1.8804
32,1,2,2,6,2,4,2,1,0,1.1459,2.052
32,1,2,2,7,3,1,3,1,0,1.2616,1.7612
32,1,2,2,8,3,1,3,1,0,1.1342,1.8721
32,1,2,2,9,1,4,4,0,0,1.6743,4.3726
32,1,2,2,10,4,1,4,1,0,1.1834,1.8914
32,1,2,2,11,3,1,1,0,0,1.8029,3.1905
32,1,2,2,12,1,2,2,0,0,2.3206,3.0669
32,1,2,2,13,2,4,2,1,0,1.1958,2.3825
32,1,2,2,14,1,3,1,1,0,3.6339,4.6846
32,1,2,2,15,3,1,3,1,0,3.274,4.6769
32,1,2,2,16,1,3,3,0,0,3.1714,5.8313
32,1,2,2,17,4,3,3,0,0,1.4366,3.4077
32,1,2,2,18,2,1,2,1,0,1.1454,1.9888
32,1,2,2,19,3,1,3,1,0,1.3281,2.3705
32,1,2,2,20,2,1,2,1,0,1.016,2.0106
32,1,2,2,21,4,2,2,0,0,2.6217,3.28
32,1,2,2,22,2,1,2,1,0,0.9912,1.6176
32,1,2,2,23,3,4,3,1,0,2.1981,3.3457
32,1,2,2,24,3,1,3,1,0,1.6367,3.1606
32,1,2,2,25,4,1,1,0,0,2.2836,4.0616
32,1,2,2,26,2,1,2,1,0,1.1812,2.0478
32,1,2,2,27,1,2,2,0,0,1.1857,2.2534
32,1,2,2,28,4,2,2,0,0,5.1184,6.3688
32,1,2,2,29,1,4,4,0,0,2.3525,3.6049
32,1,2,2,30,3,2,3,1,0,1.2861,2.3201
32,1,2,2,31,3,4,3,1,0,1.2628,2.3311
32,1,2,2,32,1,2,2,0,0,2.9359,3.7304
32,1,2,2,33,2,4,2,1,0,1.1268,1.745
32,1,2,2,34,3,2,3,1,0,1.0315,1.3156
32,1,2,2,35,4,2,2,0,0,1.5625,2.2764
32,1,3,1,1,2,,2,1,0,1.0666,2.0527
32,1,3,1,2,3,,3,1,0,1.1831,2.163
32,1,3,1,3,1,,1,1,0,1.1184,2.1224
32,1,3,1,4,1,,1,1,0,1.792,2.6758
32,1,3,1,5,3,,3,1,0,1.0837,1.7113
32,1,3,1,6,4,,3,0,0,3.5019,4.1048
32,1,3,1,7,4,,2,0,0,1.4376,2.1927
32,1,3,1,8,3,,3,1,0,1.469,2.4152
32,1,3,1,9,4,,2,0,0,1.3458,1.813
32,1,3,1,10,4,,4,1,0,1.328,2.0838
32,1,3,1,11,3,,2,0,0,1.187,2.0301
32,1,3,1,12,2,,2,1,0,1.1283,1.8519
32,1,3,1,13,4,,4,1,0,1.477,2.6647
32,1,3,1,14,4,,4,1,0,1.568,2.6592
32,1,3,1,15,2,,1,0,0,1.292,2.5824
32,1,3,1,16,1,,2,0,0,1.3378,2.4537
32,1,3,1,17,2,,2,1,0,1.246,1.9289
32,1,3,1,18,3,,3,1,0,1.2239,2.0745
32,1,3,1,19,4,,4,1,0,1.5314,2.4233
32,1,3,1,20,4,,3,0,0,1.3769,2.3722
32,1,3,1,21,3,,3,1,0,1.208,2.3785
32,1,3,1,22,3,,2,0,0,1.4074,3.5229
32,1,3,1,23,2,,2,1,0,1.2233,1.9624
32,1,3,1,24,1,,1,1,0,1.4238,2.4265
32,1,3,1,25,2,,2,1,0,1.1402,1.7753
32,1,3,1,26,4,,3,0,0,1.4762,2.5107
32,1,3,1,27,1,,1,1,0,1.1413,1.9761
32,1,3,1,28,2,,2,1,0,0.8928,1.7681
32,1,3,1,29,2,,2,1,0,0.8449,1.6388
32,1,3,1,30,4,,3,0,0,1.3938,2.0291
32,1,3,1,31,3,,3,1,0,1.095,2.1145
32,1,3,1,32,4,,3,0,0,2.3131,3.172
32,1,3,1,33,4,,2,0,0,3.6467,4.7865
32,1,3,1,34,2,,2,1,0,0.995,1.5987
32,1,3,1,35,3,,3,1,0,1.2744,2.2615
32,2,1,1,1,1,,3,0,0,1.028,2.0712
32,2,1,1,2,3,,3,1,0,1.1758,1.8513
32,2,1,1,3,2,,2,1,0,1.3492,2.2953
32,2,1,1,4,1,,1,1,0,1.3432,2.1372
32,2,1,1,5,1,,1,1,0,1.0558,2.0747
32,2,1,1,6,1,,3,0,0,1.4761,2.07
32,2,1,1,7,4,,3,0,0,1.3995,2.0353
32,2,1,1,8,4,,1,0,0,2.6207,3.4889
32,2,1,1,9,3,,3,1,0,1.0786,1.5136
32,2,1,1,10,2,,2,1,0,1.2651,1.939
32,2,1,1,11,2,,2,1,0,1.0182,1.5087
32,2,1,1,12,1,,3,0,0,1.2213,2.416
32,2,1,1,13,3,,3,1,0,1.0668,1.5814
32,2,1,1,14,1,,2,0,0,1.4267,1.9244
32,2,1,1,15,4,,3,0,0,1.7246,2.6641
32,2,1,1,16,2,,2,1,0,2.247,3.1228
32,2,1,1,17,1,,1,1,0,2.1122,2.8682
32,2,1,1,18,3,,3,1,0,1.3628,2.2371
32,2,1,1,19,3,,3,1,0,1.0715,1.5479
32,2,1,1,20,3,,3,1,0,0.8886,1.3882
32,2,1,1,21,3,,3,1,0,0.8885,1.3238
32,2,1,1,22,3,,3,1,0,0.7795,1.4297
32,2,1,1,23,1,,1,1,0,1.0814,1.8208
32,2,1,1,24,3,,3,1,0,1.0316,1.4993
32,2,1,1,25,3,,3,1,0,1.1383,1.9893
32,2,1,1,26,3,,3,1,0,0.8737,1.5078
32,2,1,1,27,4,,2,0,0,0.8206,1.897
32,2,1,1,28,2,,2,1,0,1.3114,2.6521
32,2,1,1,29,1,,2,0,0,1.3074,1.8464
32,2,1,1,30,4,,1,0,0,2.5683,3.5945
32,2,1,1,31,3,,1,0,0,2.1885,3.0711
32,2,1,1,32,4,,3,0,0,0.9511,2.2024
32,2,1,1,33,4,,1,0,0,1.4619,3.5775
32,2,1,1,34,2,,2,1,0,1.0989,1.5425
32,2,1,1,35,4,,3,0,0,1.8286,2.6317
32,2,2,3,1,2,4,2,1,0,1.3178,2.3289
32,2,2,3,2,4,2,4,1,0,1.0554,1.8252
32,2,2,3,3,4,2,4,1,0,0.8132,1.8472
32,2,2,3,4,2,4,2,1,0,1.8977,2.8053
32,2,2,3,5,4,2,4,1,0,1.0878,1.8027
32,2,2,3,6,2,4,2,1,0,0.9746,1.7943
32,2,2,3,7,2,4,2,1,0,1.0842,1.6557
32,2,2,3,8,2,4,2,1,0,0.9762,1.6924
32,2,2,3,9,2,4,2,1,0,0.868,1.6309
32,2,2,3,10,2,4,2,1,0,1.178,1.8773
32,2,2,3,11,4,2,4,1,0,1.9087,2.8642
32,2,2,3,12,2,4,2,1,0,1.0953,1.6753
32,2,2,3,13,4,2,2,0,0,1.1319,2.382
32,2,2,3,14,2,4,2,1,0,0.9781,1.7418
32,2,2,3,15,4,2,4,1,0,1.0442,1.7745
32,2,2,3,16,4,2,2,0,0,1.4113,1.9902
32,2,2,3,17,2,4,2,1,0,0.8898,1.6046
32,2,2,3,18,2,4,2,1,0,0.9285,1.6925
32,2,2,3,19,4,2,4,1,0,0.8846,1.7351
32,2,2,3,20,4,2,4,1,0,0.7731,1.4956
32,2,2,3,21,2,4,2,1,0,0.8316,1.9942
32,2,2,3,22,4,2,2,0,0,1.3175,2.1356
32,2,2,3,23,2,4,2,1,0,0.791,1.625
32,2,2,3,24,4,2,4,1,0,0.8131,1.8005
32,2,2,3,25,4,2,4,1,0,1.6277,2.4149
32,2,2,3,26,4,2,4,1,0,1.5203,2.5398
32,2,2,3,27,4,2,2,0,0,1.0892,2.1084
32,2,2,3,28,2,4,2,1,0,1.1074,2.0705
32,2,2,3,29,2,4,2,1,0,1.0311,1.9153
32,2,2,3,30,4,2,2,0,0,1.1696,2.0614
32,2,2,3,31,2,4,2,1,0,1.0933,1.808
32,2,2,3,32,4,2,4,1,0,1.4754,2.1498
32,2,2,3,33,2,4,2,1,0,0.7077,1.2461
32,2,2,3,34,4,2,2,0,0,1.2882,2.2037
32,2,2,3,35,2,4,2,1,0,0.8864,1.4251
32,2,3,2,1,1,2,2,0,0,2.2167,2.9249
32,2,3,2,2,4,2,2,0,0,1.1143,1.5161
32,2,3,2,3,2,1,2,1,0,0.8685,1.5271
32,2,3,2,4,4,1,1,0,0,0.8621,2.2811
32,2,3,2,5,1,4,1,1,0,1.641,2.9552
32,2,3,2,6,3,4,3,1,0,1.2566,1.9865
32,2,3,2,7,4,2,4,1,0,1.5672,2.219
32,2,3,2,8,2,1,2,1,0,1.0054,1.4725
32,2,3,2,9,3,1,3,1,0,1.1133,1.6689
32,2,3,2,10,2,3,2,1,0,0.9897,1.4498
32,2,3,2,11,3,2,2,0,0,0.8754,2.2063
32,2,3,2,12,2,3,2,1,0,1.1458,1.9395
32,2,3,2,13,3,4,3,1,0,1.027,1.6384
32,2,3,2,14,3,1,3,1,0,1.3844,1.9719
32,2,3,2,15,3,2,3,1,0,1.4084,1.996
32,2,3,2,16,2,3,2,1,0,1.0945,1.6495
32,2,3,2,17,1,2,1,1,0,1.8678,3.4226
32,2,3,2,18,4,2,2,0,0,1.6241,2.0839
32,2,3,2,19,1,3,1,1,0,1.9947,2.5029
32,2,3,2,20,2,1,2,1,0,0.9893,1.7442
32,2,3,2,21,1,2,1,1,0,1.0697,1.7042
32,2,3,2,22,2,4,2,1,0,0.9771,1.7398
32,2,3,2,23,4,3,3,0,0,1.2661,1.8929
32,2,3,2,24,4,3,3,0,0,1.5486,2.7848
32,2,3,2,25,2,1,2,1,0,0.9953,1.5495
32,2,3,2,26,4,2,2,0,0,1.3405,1.9441
32,2,3,2,27,3,1,3,1,0,1.061,1.7766
32,2,3,2,28,3,4,3,1,0,1.2524,1.8482
32,2,3,2,29,3,2,2,0,0,1.6487,2.5632
32,2,3,2,30,3,4,3,1,0,1.3608,2.1393
32,2,3,2,31,1,3,1,1,0,1.6013,2.532
32,2,3,2,32,2,1,2,1,0,1.1217,1.6931
32,2,3,2,33,2,3,2,1,0,1.8292,2.8
32,2,3,2,34,1,4,1,1,0,1.1941,2.1169
32,2,3,2,35,2,1,2,1,0,1.0208,1.7359
32,3,1,2,1,2,3,2,1,0,1.0517,1.9506
32,3,1,2,2,4,1,1,0,0,1.4591,2.31
32,3,1,2,3,3,1,3,1,0,1.9013,3.1993
32,3,1,2,4,1,3,3,0,0,2.737,3.4198
32,3,1,2,5,2,4,2,1,0,1.2456,2.2015
32,3,1,2,6,3,2,2,0,0,1.723,2.7343
32,3,1,2,7,1,3,1,1,0,1.4594,2.2148
32,3,1,2,8,3,4,3,1,0,1.3936,2.5236
32,3,1,2,9,4,1,1,0,0,2.1463,3.1328
32,3,1,2,10,2,4,2,1,0,1.0826,1.9414
32,3,1,2,11,2,3,2,1,0,1.0276,1.7758
32,3,1,2,12,4,1,1,0,0,1.2993,2.1428
32,3,1,2,13,4,3,4,1,0,1.5396,2.5754
32,3,1,2,14,3,2,2,0,0,1.8262,2.9738
32,3,1,2,15,4,3,3,0,0,1.7615,2.3639
32,3,1,2,16,3,2,3,1,0,1.2566,1.6593
32,3,1,2,17,1,4,1,1,0,1.2282,1.7353
32,3,1,2,18,4,1,1,0,0,1.6775,2.4245
32,3,1,2,19,4,3,3,0,0,1.027,2.3026
32,3,1,2,20,2,4,2,1,0,1.3097,2.4957
32,3,1,2,21,4,1,4,1,0,2.1593,3.2012
32,3,1,2,22,4,2,4,1,0,2.0357,2.7346
32,3,1,2,23,1,3,1,1,0,1.0845,1.783
32,3,1,2,24,4,2,2,0,0,1.0995,2.3114
32,3,1,2,25,3,1,3,1,0,1.204,2.7752
32,3,1,2,26,1,2,2,0,0,1.6118,2.4151
32,3,1,2,27,4,1,4,1,0,2.3844,3.4198
32,3,1,2,28,3,4,3,1,0,1.0525,1.6231
32,3,1,2,29,2,4,2,1,0,1.0269,1.6133
32,3,1,2,30,3,2,3,1,0,1.1444,1.6759
32,3,1,2,31,4,2,4,1,0,1.7877,3.0313
32,3,1,2,32,3,1,3,1,0,1.2072,1.8584
32,3,1,2,33,2,3,2,1,0,1.0758,1.6622
32,3,1,2,34,2,4,2,1,0,1.5591,2.6508
32,3,1,2,35,1,3,3,0,0,1.6667,2.7495
32,3,2,1,1,4,,2,0,0,1.3274,1.8979
32,3,2,1,2,1,,3,0,0,1.178,1.7893
32,3,2,1,3,3,,3,1,0,0.8414,1.4596
32,3,2,1,4,1,,1,1,0,2.4376,3.0892
32,3,2,1,5,3,,3,1,0,0.9597,1.4984
32,3,2,1,6,1,,1,1,0,1.131,1.8378
32,3,2,1,7,3,,3,1,0,0.9526,1.6663
32,3,2,1,8,1,,1,1,0,1.4841,2.1275
32,3,2,1,9,1,,1,1,0,1.2457,1.8164
32,3,2,1,10,1,,2,0,0,1.3873,1.8303
32,3,2,1,11,4,,2,0,0,1.897,2.5646
32,3,2,1,12,4,,4,1,0,1.3043,3.9313
32,3,2,1,13,3,,3,1,0,1.3274,1.8901
32,3,2,1,14,1,,1,1,0,1.3231,1.8134
32,3,2,1,15,2,,2,1,0,1.097,1.5474
32,3,2,1,16,3,,3,1,0,1.5856,2.0366
32,3,2,1,17,3,,3,1,0,0.9032,1.6254
32,3,2,1,18,2,,2,1,0,1.1494,2.8074
32,3,2,1,19,4,,3,0,0,1.0587,1.8623
32,3,2,1,20,2,,2,1,0,1.1187,1.8744
32,3,2,1,21,4,,2,0,0,1.0187,1.5172
32,3,2,1,22,1,,1,1,0,1.3331,1.9369
32,3,2,1,23,2,,2,1,0,1.0066,2.1132
32,3,2,1,24,3,,3,1,0,1.1849,2.1387
32,3,2,1,25,3,,3,1,0,0.9133,1.6603
32,3,2,1,26,1,,2,0,0,2.4699,2.9456
32,3,2,1,27,2,,2,1,0,1.2855,1.8565
32,3,2,1,28,4,,4,1,0,1.33,2.2847
32,3,2,1,29,1,,1,1,0,1.4372,2.1445
32,3,2,1,30,2,,2,1,0,1.0214,2.0238
32,3,2,1,31,3,,3,1,0,1.4432,2.2392
32,3,2,1,32,2,,2,1,0,1.3126,1.8033
32,3,2,1,33,4,,1,0,0,1.4707,2.0329
32,3,2,1,34,1,,3,0,0,1.284,2.2469
32,3,2,1,35,4,,3,0,0,1.6958,2.4592
32,3,3,3,1,2,3,3,0,0,1.2747,1.7657
32,3,3,3,2,2,3,2,1,0,1.3545,1.862
32,3,3,3,3,3,2,3,1,0,1.015,1.529
32,3,3,3,4,2,3,2,1,0,1.6476,2.2906
32,3,3,3,5,3,2,3,1,0,1.2902,1.7174
32,3,3,3,6,3,2,3,1,0,0.9401,1.5201
32,3,3,3,7,3,2,3,1,0,0.8061,1.7941
32,3,3,3,8,2,3,2,1,0,1.0776,1.6482
32,3,3,3,9,2,3,2,1,0,0.8894,1.5156
32,3,3,3,10,2,3,2,1,0,1.3638,2.6539
32,3,3,3,11,3,2,3,1,0,1.248,1.8038
32,3,3,3,12,3,2,3,1,0,0.8626,1.6487
32,3,3,3,13,2,3,2,1,0,1.2185,1.5983
32,3,3,3,14,3,2,3,1,0,1.2901,1.884
32,3,3,3,15,3,2,3,1,0,1.0134,1.583
32,3,3,3,16,3,2,3,1,0,1.1958,1.7991
32,3,3,3,17,2,3,3,0,0,0.715,1.5251
32,3,3,3,18,2,3,2,1,0,0.9649,1.4733
32,3,3,3,19,2,3,3,0,0,1.5204,2.291
32,3,3,3,20,2,3,2,1,0,1.0986,1.4613
32,3,3,3,21,3,2,2,0,0,1.0478,1.4257
32,3,3,3,22,2,3,2,1,0,0.9812,1.3523
32,3,3,3,23,2,3,2,1,0,1.0461,1.8084
32,3,3,3,24,2,3,2,1,0,1.1885,1.8547
32,3,3,3,25,2,3,2,1,0,1.5849,2.2513
32,3,3,3,26,3,2,3,1,0,1.0374,1.5601
32,3,3,3,27,2,3,3,0,0,0.9654,2.7754
32,3,3,3,28,3,2,3,1,0,1.2764,1.7827
32,3,3,3,29,3,2,3,1,0,0.7955,1.2709
32,3,3,3,30,3,2,3,1,0,0.8641,1.4265
32,3,3,3,31,3,2,2,0,0,1.7888,2.9276
32,3,3,3,32,3,2,2,0,0,1.165,1.5532
32,3,3,3,33,2,3,2,1,0,1.382,1.9296
32,3,3,3,34,2,3,2,1,0,2.3828,3.5789
32,3,3,3,35,3,2,3,1,0,1.0124,1.696
32,4,1,2,1,2,1,2,1,0,1.471,2.1063
32,4,1,2,2,4,3,4,1,0,2.3375,3.237
32,4,1,2,3,2,3,2,1,0,4.0696,5.384
32,4,1,2,4,4,2,2,0,0,2.0807,2.8189
32,4,1,2,5,3,2,3,1,0,0.982,1.5042
32,4,1,2,6,1,4,4,0,0,1.425,2.2589
32,4,1,2,7,2,3,2,1,0,1.2451,1.7448
32,4,1,2,8,3,1,2,0,0,0.7821,2.3458
32,4,1,2,9,2,3,3,0,0,1.4937,1.9218
32,4,1,2,10,4,2,3,0,0,0.72,2.5711
32,4,1,2,11,1,2,1,1,0,1.8396,3.1626
32,4,1,2,12,3,4,2,0,0,1.2697,2.4879
32,4,1,2,13,4,2,4,1,0,1.7202,2.6034
32,4,1,2,14,4,3,3,0,0,1.7184,3.2254
32,4,1,2,15,4,3,4,1,0,1.851,3.7737
32,4,1,2,16,3,2,3,1,0,1.2731,2.9087
32,4,1,2,17,3,2,3,1,0,1.0342,1.5498
32,4,1,2,18,3,1,3,1,0,0.6596,1.1834
32,4,1,2,19,3,1,3,1,0,0.5231,1.0317
32,4,1,2,20,2,3,2,1,0,1.2739,1.6857
32,4,1,2,21,2,4,2,1,0,1.0689,1.6876
32,4,1,2,22,1,2,1,1,0,3.4731,4.5477
32,4,1,2,23,4,3,4,1,0,2.2226,2.8902
32,4,1,2,24,3,1,3,1,0,1.3768,1.8445
32,4,1,2,25,2,1,2,1,0,1.0056,1.5377
32,4,1,2,26,3,4,3,1,0,1.2075,1.8509
32,4,1,2,27,3,2,3,1,0,1.2843,1.8229
32,4,1,2,28,3,4,3,1,0,0.9141,1.4526
32,4,1,2,29,1,2,1,1,0,1.2633,2.162
32,4,1,2,30,1,4,1,1,0,2.1905,2.8175
32,4,1,2,31,3,2,3,1,0,1.1241,1.9426
32,4,1,2,32,4,3,3,0,0,1.2123,1.7029
32,4,1,2,33,3,1,3,1,0,2.3677,2.8099
32,4,1,2,34,1,3,1,1,0,1.2684,1.6163
32,4,1,2,35,1,2,1,1,0,2.6988,3.2857
32,4,2,3,1,3,1,3,1,0,1.0566,1.4997
32,4,2,3,2,1,3,1,1,0,1.4192,1.9828
32,4,2,3,3,1,3,1,1,0,1.5226,2.1895
32,4,2,3,4,3,1,3,1,0,0.9621,1.3399
32,4,2,3,5,1,3,1,1,0,1.3312,1.7416
32,4,2,3,6,1,3,1,1,0,1.0287,1.5765
32,4,2,3,7,1,3,1,1,0,1.66,2.4868
32,4,2,3,8,1,3,3,0,0,1.119,1.4984
32,4,2,3,9,3,1,3,1,0,1.0662,1.8779
32,4,2,3,10,3,1,3,1,0,0.8054,1.4805
32,4,2,3,11,1,3,1,1,0,1.1213,1.7154
32,4,2,3,12,3,1,3,1,0,0.8662,1.5183
32,4,2,3,13,3,1,3,1,0,0.7491,1.2168
32,4,2,3,14,3,1,1,0,0,0.724,1.8862
32,4,2,3,15,3,1,3,1,0,0.9272,1.4347
32,4,2,3,16,3,1,3,1,0,1.0208,1.6161
32,4,2,3,17,1,3,1,1,0,1.6829,2.2381
32,4,2,3,18,1,3,1,1,0,0.9599,1.4748
32,4,2,3,19,3,1,3,1,0,0.6835,1.1493
32,4,2,3,20,1,3,1,1,0,1.4917,2.3841
32,4,2,3,21,3,1,3,1,0,1.0673,1.5261
32,4,2,3,22,3,1,3,1,0,0.7879,1.4946
32,4,2,3,23,1,3,3,0,0,0.8952,2.0656
32,4,2,3,24,3,1,3,1,0,1.0751,1.4944
32,4,2,3,25,3,1,3,1,0,0.701,1.2005
32,4,2,3,26,3,1,3,1,0,0.7083,1.1188
32,4,2,3,27,3,1,3,1,0,0.7191,1.1309
32,4,2,3,28,1,3,1,1,0,0.5521,1.5223
32,4,2,3,29,3,1,3,1,0,0.4839,1.0056
32,4,2,3,30,3,1,3,1,0,0.5007,1.1977
32,4,2,3,31,1,3,1,1,0,0.5009,1.2372
32,4,2,3,32,1,3,1,1,0,1.4711,1.9307
32,4,2,3,33,3,1,3,1,0,0.76,1.1711
32,4,2,3,34,3,1,3,1,0,0.5765,1.2364
32,4,2,3,35,3,1,3,1,0,0.7909,1.3127
32,4,3,1,1,1,,3,0,0,1.0696,1.4154
32,4,3,1,2,3,,2,0,0,0.5009,1.4225
32,4,3,1,3,1,,2,0,0,1.3385,1.8366
32,4,3,1,4,2,,2,1,0,0.9834,1.5385
32,4,3,1,5,1,,3,0,0,0.8015,1.2528
32,4,3,1,6,1,,3,0,0,0.7431,1.1928
32,4,3,1,7,3,,3,1,0,0.5008,1.0653
32,4,3,1,8,3,,3,1,0,0.5069,1.1652
32,4,3,1,9,2,,2,1,0,0.628,1.2555
32,4,3,1,10,4,,3,0,0,1.625,2.2292
32,4,3,1,11,2,,2,1,0,1.1906,1.6086
32,4,3,1,12,4,,2,0,0,0.5256,1.6565
32,4,3,1,13,2,,2,1,0,0.7218,1.2366
32,4,3,1,14,4,,3,0,0,1.8483,2.1795
32,4,3,1,15,4,,4,1,0,1.0791,1.9072
32,4,3,1,16,3,,3,1,0,0.9781,1.4136
32,4,3,1,17,4,,2,0,0,1.4407,1.924
32,4,3,1,18,4,,3,0,0,0.8745,1.2853
32,4,3,1,19,4,,4,1,0,1.1339,2.3053
32,4,3,1,20,4,,4,1,0,1.0321,1.7081
32,4,3,1,21,4,,2,0,0,1.6274,2.0555
32,4,3,1,22,3,,3,1,0,0.7518,1.7379
32,4,3,1,23,3,,3,1,0,0.5774,2.3164
32,4,3,1,24,3,,3,1,0,0.5867,1.0383
32,4,3,1,25,1,,2,0,0,1.0491,1.9408
32,4,3,1,26,3,,1,0,0,1.0582,2.1903
32,4,3,1,27,2,,2,1,0,1.3778,2.3007
32,4,3,1,28,2,,2,1,0,1.0201,1.3744
32,4,3,1,29,4,,1,0,0,1.3403,2.1033
32,4,3,1,30,1,,3,0,0,1.4551,1.9708
32,4,3,1,31,3,,3,1,0,1.0148,1.5048
32,4,3,1,32,2,,3,0,0,0.8975,1.4529
32,4,3,1,33,2,,2,1,0,1.1028,1.6187
32,4,3,1,34,2,,2,1,0,1.3332,1.6714
32,4,3,1,35,4,,3,0,0,1.9613,2.6915
32,5,1,3,1,4,1,4,1,0,1.0688,1.7121
32,5,1,3,2,1,4,1,1,0,1.1187,1.7148
32,5,1,3,3,1,4,1,1,0,0.8977,1.5554
32,5,1,3,4,4,1,4,1,0,0.8425,1.4052
32,5,1,3,5,1,4,1,1,0,0.5009,1.0852
32,5,1,3,6,4,1,4,1,0,0.598,1.0409
32,5,1,3,7,4,1,4,1,0,0.5961,1.8306
32,5,1,3,8,4,1,4,1,0,0.8494,1.34
32,5,1,3,9,4,1,1,0,0,0.4842,1.5092
32,5,1,3,10,4,1,1,0,0,0.5009,1.8014
32,5,1,3,11,1,4,1,1,0,0.6993,1.3981
32,5,1,3,12,4,1,4,1,0,0.7147,1.3649
32,5,1,3,13,4,1,4,1,0,0.6341,1.1333
32,5,1,3,14,4,1,4,1,0,0.9161,1.6472
32,5,1,3,15,1,4,1,1,0,0.5007,1.2367
32,5,1,3,16,1,4,1,1,0,0.5907,1.2745
32,5,1,3,17,4,1,4,1,0,1.1556,1.6231
32,5,1,3,18,1,4,1,1,0,1.2099,1.7158
32,5,1,3,19,1,4,1,1,0,0.668,1.2547
32,5,1,3,20,4,1,4,1,0,0.9457,1.9164
32,5,1,3,21,1,4,1,1,0,0.5396,1.0147
32,5,1,3,22,1,4,1,1,0,0.9223,1.3891
32,5,1,3,23,4,1,1,0,0,1.3378,1.7566
32,5,1,3,24,4,1,4,1,0,1.0024,1.6124
32,5,1,3,25,4,1,1,0,0,1.056,1.62
32,5,1,3,26,4,1,1,0,0,1.062,1.9524
32,5,1,3,27,1,4,1,1,0,0.863,1.6184
32,5,1,3,28,4,1,4,1,0,0.9653,1.4237
32,5,1,3,29,1,4,4,0,0,0.7556,2.6463
32,5,1,3,30,1,4,1,1,0,1.0076,1.4273
32,5,1,3,31,4,1,1,0,0,0.6053,1.6473
32,5,1,3,32,4,1,4,1,0,1.4904,1.8929
32,5,1,3,33,4,1,4,1,0,1.4211,2.0717
32,5,1,3,34,1,4,1,1,0,0.928,1.6099
32,5,1,3,35,1,4,1,1,0,1.0306,1.5524
32,5,2,1,1,3,,3,1,0,0.6444,1.8566
32,5,2,1,2,4,,3,0,0,0.8333,1.2363
32,5,2,1,3,2,,3,0,0,0.6633,1.1458
32,5,2,1,4,4,,4,1,0,1.4091,2.2048
32,5,2,1,5,3,,2,0,0,0.7035,1.0502
32,5,2,1,6,4,,3,0,0,0.5728,1.0315
32,5,2,1,7,2,,2,1,0,1.2271,1.6471
32,5,2,1,8,1,,2,0,0,0.7043,1.4501
32,5,2,1,9,2,,2,1,0,0.5091,1.529
32,5,2,1,10,4,,4,1,0,0.5007,0.9543
32,5,2,1,11,1,,2,0,0,1.0644,1.3788
32,5,2,1,12,2,,2,1,0,0.5847,1.0505
32,5,2,1,13,1,,1,1,0,0.9663,1.4254
32,5,2,1,14,4,,2,0,0,1.2364,1.5751
32,5,2,1,15,4,,4,1,0,1.1955,1.83
32,5,2,1,16,2,,2,1,0,0.9853,1.2762
32,5,2,1,17,1,,2,0,0,0.5092,1.3282
32,5,2,1,18,2,,4,0,0,0.7351,1.9373
32,5,2,1,19,4,,2,0,0,1.3842,1.8667
32,5,2,1,20,4,,1,0,0,1.4602,2.1036
32,5,2,1,21,3,,3,1,0,1.1429,1.4019
32,5,2,1,22,3,,3,1,0,0.5658,0.8973
32,5,2,1,23,4,,2,0,0,1.2577,1.668
32,5,2,1,24,2,,2,1,0,0.7024,1.2084
32,5,2,1,25,4,,4,1,0,1.0292,1.5207
32,5,2,1,26,4,,2,0,0,1.0717,1.4498
32,5,2,1,27,4,,2,0,0,1.3088,2.0076
32,5,2,1,28,3,,3,1,0,1.1231,1.9193
32,5,2,1,29,2,,2,1,0,1.0858,1.4081
32,5,2,1,30,4,,4,1,0,1.2928,1.8632
32,5,2,1,31,1,,3,0,0,1.321,1.7801
32,5,2,1,32,1,,1,1,0,1.112,1.5955
32,5,2,1,33,1,,1,1,0,0.9587,1.4347
32,5,2,1,34,1,,1,1,0,0.7488,1.633
32,5,2,1,35,1,,1,1,0,1.3306,1.8209
32,5,3,2,1,1,2,1,1,0,1.2686,1.8471
32,5,3,2,2,1,2,1,1,0,1.7131,2.3239
32,5,3,2,3,1,2,2,0,0,1.8668,2.4375
32,5,3,2,4,4,1,1,0,0,1.9841,2.7228
32,5,3,2,5,4,2,2,0,0,1.7371,2.2843
32,5,3,2,6,3,4,3,1,0,1.1401,1.8063
32,5,3,2,7,1,3,1,1,0,1.0899,1.789
32,5,3,2,8,2,1,2,1,0,1.922,2.437
32,5,3,2,9,3,2,3,1,0,1.079,1.6337
32,5,3,2,10,4,1,1,0,0,2.0118,2.6703
32,5,3,2,11,2,3,2,1,0,1.2718,1.7299
32,5,3,2,12,4,3,3,0,0,1.6412,2.028
32,5,3,2,13,1,2,1,1,0,1.678,2.3775
32,5,3,2,14,3,4,3,1,0,1.0125,1.5431
32,5,3,2,15,1,3,1,1,0,1.1661,1.6174
32,5,3,2,16,4,2,2,0,0,2.1962,2.6001
32,5,3,2,17,1,3,1,1,0,1.2021,1.646
32,5,3,2,18,1,2,2,0,0,2.007,2.7865
32,5,3,2,19,3,4,3,1,0,1.3093,1.9687
32,5,3,2,20,2,3,2,1,0,1.4129,1.8875
32,5,3,2,21,4,1,1,0,0,1.4884,2.163
32,5,3,2,22,1,4,1,1,0,1.1519,1.9161
32,5,3,2,23,2,4,2,1,0,1.6103,2.4682
32,5,3,2,24,3,2,3,1,1,1.0056,1.3916
32,5,3,2,25,1,3,3,0,0,1.5655,2.6255
32,5,3,2,26,1,2,3,0,0,0.7785,1.7981
32,5,3,2,27,1,3,1,1,0,1.1613,2.2773
32,5,3,2,28,2,3,2,1,0,1.7322,2.2802
32,5,3,2,29,4,2,2,0,0,1.6314,2.491
32,5,3,2,30,2,3,3,0,0,1.1697,1.5405
32,5,3,2,31,4,1,4,1,0,1.3873,2.0544
32,5,3,2,32,2,3,2,1,0,1.0882,1.5636
32,5,3,2,33,2,4,2,1,0,1.4968,2.5245
32,5,3,2,34,1,3,1,1,0,1.1613,1.661
32,5,3,2,35,2,1,3,0,0,1.1181,4.2403
32,6,1,1,1,3,,3,1,0,0.9684,1.3087
32,6,1,1,2,1,,3,0,0,1.1152,1.4632
32,6,1,1,3,4,,3,0,0,0.7437,1.1799
32,6,1,1,4,1,,1,1,0,1.1843,2.4033
32,6,1,1,5,1,,2,0,0,1.4303,2.0008
32,6,1,1,6,4,,3,0,0,1.0205,1.4563
32,6,1,1,7,3,,2,0,0,0.5855,1.5007
32,6,1,1,8,2,,3,0,0,0.5008,1.4391
32,6,1,1,9,1,,1,1,0,1.2827,1.6453
32,6,1,1,10,4,,3,0,0,0.584,1.4497
32,6,1,1,11,4,,3,0,0,0.5972,1.2246
32,6,1,1,12,3,,3,1,0,0.7951,1.1427
32,6,1,1,13,4,,3,0,0,1.2212,1.6637
32,6,1,1,14,2,,2,1,0,1.5295,1.9074
32,6,1,1,15,4,,3,0,0,1.9717,2.4792
32,6,1,1,16,3,,3,1,0,0.7268,1.1392
32,6,1,1,17,2,,2,1,0,1.2645,1.8035
32,6,1,1,18,1,,3,0,0,1.5359,1.9389
32,6,1,1,19,2,,1,0,0,1.0967,2.0528
32,6,1,1,20,4,,3,0,0,2.9097,3.4314
32,6,1,1,21,3,,3,1,0,0.6971,1.5885
32,6,1,1,22,1,,1,1,0,1.0247,1.5155
32,6,1,1,23,2,,2,1,0,1.1149,1.5578
32,6,1,1,24,2,,2,1,0,1.4279,1.9917
32,6,1,1,25,4,,3,0,0,1.8036,2.2776
32,6,1,1,26,3,,3,1,0,0.8224,1.545
32,6,1,1,27,1,,1,1,0,1.3595,1.9621
32,6,1,1,28,4,,3,0,0,1.2392,1.6976
32,6,1,1,29,3,,3,1,0,1.2257,1.8045
32,6,1,1,30,2,,3,0,0,1.0967,1.5951
32,6,1,1,31,1,,3,0,0,0.9602,1.6184
32,6,1,1,32,3,,3,1,0,0.7577,1.2731
32,6,1,1,33,2,,2,1,0,1.3871,1.8133
32,6,1,1,34,2,,2,1,0,1.5604,2.0282
32,6,1,1,35,1,,3,0,0,2.3183,2.9935
32,6,2,2,1,1,4,1,1,0,1.1845,1.4676
32,6,2,2,2,2,3,3,0,0,0.7646,1.1674
32,6,2,2,3,3,1,3,1,0,0.8376,1.2406
32,6,2,2,4,2,3,2,1,0,0.8111,1.2297
32,6,2,2,5,1,2,2,0,0,1.0407,1.4189
32,6,2,2,6,4,2,2,0,0,1.8556,2.3711
32,6,2,2,7,2,3,2,1,0,1.2385,2.1042
32,6,2,2,8,3,1,3,1,0,1.2244,1.5638
32,6,2,2,9,3,2,3,1,0,1.1847,1.6931
32,6,2,2,10,4,2,2,0,0,1.6187,2.0787
32,6,2,2,11,1,3,1,1,0,1.1097,1.4883
32,6,2,2,12,1,3,3,0,0,1.073,1.8854
32,6,2,2,13,1,3,1,1,0,1.1649,1.5036
32,6,2,2,14,3,4,3,1,0,1.0639,1.4424
32,6,2,2,15,2,1,2,1,0,1.205,1.6471
32,6,2,2,16,4,1,4,1,0,1.0336,1.6216
32,6,2,2,17,1,3,1,1,0,1.2795,2.2417
32,6,2,2,18,3,2,3,1,0,1.0848,1.5513
32,6,2,2,19,2,3,2,1,0,1.2217,1.5055
32,6,2,2,20,4,1,4,1,0,2.4637,3.0915
32,6,2,2,21,2,1,3,0,0,1.0977,4.2449
32,6,2,2,22,1,2,2,0,0,1.5406,2.7203
32,6,2,2,23,2,3,2,1,0,1.1971,1.7514
32,6,2,2,24,1,3,3,0,0,1.1979,1.6563
32,6,2,2,25,1,3,3,0,0,1.2829,1.9815
32,6,2,2,26,2,4,2,1,0,1.3864,2.006
32,6,2,2,27,1,3,3,0,0,1.3927,2.1006
32,6,2,2,28,3,4,3,1,0,1.0751,1.6214
32,6,2,2,29,1,3,1,1,0,2.137,3.1313
32,6,2,2,30,3,4,3,1,0,0.961,1.3403
32,6,2,2,31,2,4,3,0,0,1.2032,2.6629
32,6,2,2,32,3,2,3,1,0,0.9427,1.6095
32,6,2,2,33,1,3,1,1,0,2.0212,2.7439
32,6,2,2,34,2,3,3,0,0,2.0279,3.03
32,6,2,2,35,1,3,1,1,0,1.512,2.4038
32,6,3,3,1,3,4,3,1,0,1.6365,2.4398
32,6,3,3,2,4,3,3,0,0,0.5842,1.1875
32,6,3,3,3,3,4,3,1,0,0.5612,1.219
32,6,3,3,4,4,3,4,1,0,0.5007,1.3859
32,6,3,3,5,3,4,3,1,0,0.5008,1.1219
32,6,3,3,6,4,3,4,1,0,0.9304,1.4453
32,6,3,3,7,4,3,3,0,0,0.5432,1.1781
32,6,3,3,8,3,4,3,1,0,0.5677,1.1315
32,6,3,3,9,3,4,3,1,0,0.5008,1.3406
32,6,3,3,10,3,4,3,1,0,2.0673,2.5977
32,6,3,3,11,4,3,4,1,0,0.913,1.8529
32,6,3,3,12,4,3,3,0,0,0.8626,2.1056
32,6,3,3,13,3,4,3,1,0,0.673,1.1558
32,6,3,3,14,3,4,3,1,0,0.6018,1.254
32,6,3,3,15,4,3,4,1,0,0.7839,1.7227
32,6,3,3,16,4,3,4,1,0,1.1055,2.0364
32,6,3,3,17,4,3,4,1,0,1.0629,1.6091
32,6,3,3,18,4,3,3,0,0,0.7015,1.0876
32,6,3,3,19,4,3,4,1,0,2.0731,2.517
32,6,3,3,20,3,4,3,1,0,1.3066,1.9421
32,6,3,3,21,4,3,3,0,0,0.756,1.2399
32,6,3,3,22,3,4,3,1,0,1.754,3.0531
32,6,3,3,23,4,3,3,0,0,2.3252,2.7036
32,6,3,3,24,4,3,4,1,0,1.039,1.5864
32,6,3,3,25,3,4,3,1,0,1.2865,1.8103
32,6,3,3,26,4,3,3,0,0,0.9652,1.8329
32,6,3,3,27,3,4,3,1,0,1.1064,1.6057
32,6,3,3,28,3,4,3,1,0,0.7455,1.2361
32,6,3,3,29,3,4,3,1,0,0.7197,1.115
32,6,3,3,30,3,4,3,1,0,0.5008,0.8365
32,6,3,3,31,4,3,3,0,0,1.0729,1.5789
32,6,3,3,32,4,3,3,0,0,0.7605,2.2593
32,6,3,3,33,4,3,4,1,0,1.3158,2.0304
32,6,3,3,34,3,4,3,1,0,0.8409,1.3318
32,6,3,3,35,3,4,3,1,0,0.6191,1.1828
