subject,session,run,block,trial_in_block,n_options,dominant_symbol,alternative_symbol,response,correct,rt
1,1,1,1,1,6,3,,2,0,2.6917
1,1,1,1,2,6,5,,6,0,1.2231
1,1,1,1,3,6,3,,5,0,1.7347
1,1,1,1,4,6,5,,1,0,3.5526
1,1,1,1,5,6,3,,6,0,2.4962
1,1,1,1,6,6,4,,1,0,2.5242
1,1,1,1,7,6,4,,4,1,2.1819
1,1,1,1,8,6,6,,6,1,1.1384
1,1,1,1,9,6,5,,6,0,1.8984
1,1,1,1,10,6,6,,6,1,1.1181
1,1,1,1,11,6,5,,5,1,1.9906
1,1,1,1,12,6,6,,6,1,1.0834
1,1,1,1,13,6,3,,1,0,3.8767
1,1,1,1,14,6,4,,2,0,2.0556
1,1,1,1,15,6,5,,6,0,1.0454
1,1,1,1,16,6,4,,4,1,1.5316
1,1,1,1,17,6,1,,5,0,2.1462
1,1,1,1,18,6,5,,2,0,2.6035
1,1,1,1,19,6,1,,6,0,1.0094
1,1,1,1,20,6,1,,1,1,2.6822
1,1,1,1,21,6,2,,2,1,1.4268
1,1,1,1,22,6,4,,2,0,1.4706
1,1,1,1,23,6,4,,5,0,2.0838
1,1,1,1,24,6,3,,6,0,1.0233
1,1,1,1,25,6,2,,1,0,2.6797
1,1,1,1,26,6,1,,6,0,1.1153
1,1,1,1,27,6,2,,2,1,1.4227
1,1,1,1,28,6,1,,5,0,2.0749
1,1,1,1,29,6,3,,1,0,1.6394
1,1,1,1,30,6,4,,2,0,3.67
1,1,1,1,31,6,3,,6,0,2.977
1,1,1,1,32,6,6,,6,1,1.3847
1,1,1,1,33,6,2,,2,1,1.3822
1,1,1,1,34,6,5,,3,0,1.6194
1,1,1,1,35,6,6,,1,0,3.5382
1,1,1,1,36,6,6,,6,1,1.8753
1,1,1,1,37,6,6,,6,1,1.2444
1,1,1,1,38,6,2,,1,0,3.28
1,1,1,1,39,6,6,,6,1,1.1317
1,1,1,1,40,6,5,,5,1,1.3946
1,1,1,1,41,6,1,,1,1,1.7124
1,1,1,1,42,6,1,,5,0,2.5283
1,1,1,1,43,6,3,,6,0,1.3391
1,1,1,1,44,6,1,,1,1,1.3975
1,1,1,1,45,6,6,,6,1,1.9857
1,1,1,1,46,6,2,,2,1,1.1907
1,1,1,1,47,6,6,,5,0,2.9402
1,1,1,1,48,6,2,,2,1,1.3491
1,1,1,1,49,6,2,,6,0,1.5072
1,1,1,1,50,6,4,,1,0,1.9759
1,1,1,2,1,2,6,3,6,1,2.8701
1,1,1,2,2,2,1,4,1,1,2.1185
1,1,1,2,3,2,3,6,3,1,2.9494
1,1,1,2,4,2,6,2,6,1,1.3627
1,1,1,2,5,2,1,3,1,1,3.569
1,1,1,2,6,2,5,1,1,0,3.2684
1,1,1,2,7,2,3,5,5,0,3.008
1,1,1,2,8,2,2,3,2,1,1.9741
1,1,1,2,9,2,3,4,3,1,2.5717
1,1,1,2,10,2,1,2,1,1,3.8
1,1,1,2,11,2,3,4,3,1,2.1938
1,1,1,2,12,2,2,5,2,1,1.6786
1,1,1,2,13,2,4,2,2,0,5.1359
1,1,1,2,14,2,1,6,1,1,2.5902
1,1,1,2,15,2,5,1,5,1,1.7062
1,1,1,2,16,2,4,2,4,1,2.8427
1,1,1,2,17,2,2,4,4,0,3.5166
1,1,1,2,18,2,6,5,6,1,1.4216
1,1,1,2,19,2,6,2,6,1,1.2894
1,1,1,2,20,2,5,1,5,1,1.6908
1,1,1,2,21,2,1,6,1,1,2.3635
1,1,1,2,22,2,4,5,4,1,2.9612
1,1,1,2,23,2,6,3,6,1,1.3105
1,1,1,2,24,2,1,2,1,1,2.3834
1,1,1,2,25,2,4,1,4,1,2.724
1,1,1,2,26,2,4,1,1,0,3.8362
1,1,1,2,27,2,3,1,3,1,1.5813
1,1,1,2,28,2,6,3,6,1,1.2348
1,1,1,2,29,2,2,5,5,0,2.4384
1,1,1,2,30,2,4,6,4,1,2.3878
1,1,1,2,31,2,5,2,2,0,3.9283
1,1,1,2,32,2,4,5,5,0,2.2489
1,1,1,2,33,2,2,6,2,1,1.9179
1,1,1,2,34,2,2,1,1,0,1.7652
1,1,1,2,35,2,4,6,4,1,2.0787
1,1,1,2,36,2,6,4,6,1,1.3278
1,1,1,2,37,2,1,5,5,0,1.6634
1,1,1,2,38,2,5,2,5,1,2.6525
1,1,1,2,39,2,2,4,4,0,2.534
1,1,1,2,40,2,5,1,5,1,1.2792
1,1,1,2,41,2,2,4,2,1,1.3932
1,1,1,2,42,2,5,2,2,0,3.3584
1,1,1,2,43,2,6,3,6,1,1.2542
1,1,1,2,44,2,3,4,3,1,2.201
1,1,1,2,45,2,3,6,3,1,2.3092
1,1,1,2,46,2,6,3,6,1,1.5645
1,1,1,2,47,2,5,1,1,0,2.0503
1,1,1,2,48,2,6,4,6,1,1.3437
1,1,1,2,49,2,1,3,1,1,1.4229
1,1,1,2,50,2,3,2,3,1,2.7788
1,1,1,3,1,6,5,,5,1,2.6216
1,1,1,3,2,6,4,,2,0,2.0083
1,1,1,3,3,6,2,,2,1,1.4793
1,1,1,3,4,6,2,,2,1,2.0497
1,1,1,3,5,6,3,,6,0,1.3958
1,1,1,3,6,6,2,,6,0,1.1479
1,1,1,3,7,6,1,,3,0,2.3501
1,1,1,3,8,6,4,,2,0,1.4392
1,1,1,3,9,6,3,,6,0,1.5101
1,1,1,3,10,6,3,,1,0,2.4256
1,1,1,3,11,6,5,,5,1,1.3045
1,1,1,3,12,6,5,,4,0,2.3448
1,1,1,3,13,6,5,,2,0,2.4904
1,1,1,3,14,6,6,,6,1,1.19
1,1,1,3,15,6,5,,5,1,2.6673
1,1,1,3,16,6,1,,6,0,3.124
1,1,1,3,17,6,3,,1,0,2.486
1,1,1,3,18,6,2,,2,1,1.5856
1,1,1,3,19,6,3,,3,1,1.9103
1,1,1,3,20,6,4,,2,0,1.5031
1,1,1,3,21,6,1,,6,0,1.2828
1,1,1,3,22,6,6,,6,1,2.0954
1,1,1,3,23,6,6,,6,1,1.2478
1,1,1,3,24,6,5,,1,0,1.6513
1,1,1,3,25,6,1,,1,1,1.3607
1,1,1,3,26,6,4,,5,0,2.2879
1,1,1,3,27,6,2,,6,0,1.187
1,1,1,3,28,6,4,,5,0,2.6762
1,1,1,3,29,6,1,,6,0,1.9604
1,1,1,3,30,6,6,,6,1,1.0979
1,1,1,3,31,6,1,,1,1,1.7792
1,1,1,3,32,6,6,,6,1,1.7599
1,1,1,3,33,6,5,,1,0,2.414
1,1,1,3,34,6,6,,6,1,1.0526
1,1,1,3,35,6,4,,1,0,2.4225
1,1,1,3,36,6,5,,2,0,1.7175
1,1,1,3,37,6,2,,2,1,1.3121
1,1,1,3,38,6,2,,2,1,2.3356
1,1,1,3,39,6,1,,1,1,2.7101
1,1,1,3,40,6,6,,6,1,1.1329
1,1,1,3,41,6,4,,2,0,1.4132
1,1,1,3,42,6,4,,1,0,2.5238
1,1,1,3,43,6,6,,6,1,1.2865
1,1,1,3,44,6,2,,2,1,1.2239
1,1,1,3,45,6,6,,6,1,1.0356
1,1,1,3,46,6,3,,3,1,2.7121
1,1,1,3,47,6,1,,4,0,2.9273
1,1,1,3,48,6,3,,5,0,2.329
1,1,1,3,49,6,3,,2,0,1.4982
1,1,1,3,50,6,6,,3,0,3.0862
1,1,1,4,1,2,5,6,5,1,2.4311
1,1,1,4,2,2,6,1,6,1,1.5849
1,1,1,4,3,2,6,4,6,1,1.1578
1,1,1,4,4,2,6,3,3,0,1.6609
1,1,1,4,5,2,4,5,4,1,2.7301
1,1,1,4,6,2,1,5,1,1,1.6646
1,1,1,4,7,2,4,6,4,1,1.9224
1,1,1,4,8,2,3,2,3,1,2.3135
1,1,1,4,9,2,6,5,6,1,0.9611
1,1,1,4,10,2,3,1,1,0,2.4006
1,1,1,4,11,2,4,5,5,0,2.8634
1,1,1,4,12,2,4,1,4,1,2.5074
1,1,1,4,13,2,3,4,3,1,1.7709
1,1,1,4,14,2,4,2,2,0,1.2879
1,1,1,4,15,2,2,4,2,1,1.1572
1,1,1,4,16,2,2,5,2,1,1.2437
1,1,1,4,17,2,3,1,1,0,3.6794
1,1,1,4,18,2,2,6,2,1,1.306
1,1,1,4,19,2,2,5,2,1,1.3227
1,1,1,4,20,2,3,6,3,1,1.4816
1,1,1,4,21,2,5,2,2,0,1.843
1,1,1,4,22,2,2,6,2,1,1.1132
1,1,1,4,23,2,1,2,1,1,2.1296
1,1,1,4,24,2,5,6,5,1,2.4003
1,1,1,4,25,2,5,2,5,1,2.1318
1,1,1,4,26,2,4,6,6,0,1.1705
1,1,1,4,27,2,6,4,6,1,1.012
1,1,1,4,28,2,6,1,1,0,2.7685
1,1,1,4,29,2,1,2,1,1,2.1289
1,1,1,4,30,2,2,5,2,1,2.3988
1,1,1,4,31,2,6,5,6,1,1.0586
1,1,1,4,32,2,4,1,1,0,1.5338
1,1,1,4,33,2,6,2,6,1,1.2804
1,1,1,4,34,2,6,3,3,0,2.4819
1,1,1,4,35,2,3,4,4,0,2.3494
1,1,1,4,36,2,1,3,3,0,3.2464
1,1,1,4,37,2,5,4,5,1,1.8024
1,1,1,4,38,2,5,4,5,1,2.1668
1,1,1,4,39,2,2,5,5,0,1.7475
1,1,1,4,40,2,1,2,1,1,1.1807
1,1,1,4,41,2,4,3,3,0,1.5224
1,1,1,4,42,2,2,6,2,1,1.3818
1,1,1,4,43,2,1,5,1,1,1.3472
1,1,1,4,44,2,1,4,1,1,1.3938
1,1,1,4,45,2,6,5,6,1,1.3425
1,1,1,4,46,2,5,3,5,1,1.982
1,1,1,4,47,2,3,4,3,1,1.4429
1,1,1,4,48,2,3,5,5,0,1.8702
1,1,1,4,49,2,5,6,6,0,1.1391
1,1,1,4,50,2,1,2,2,0,1.2698
1,1,2,1,1,2,2,1,2,1,1.6121
1,1,2,1,2,2,2,3,3,0,1.4886
1,1,2,1,3,2,4,5,4,1,2.501
1,1,2,1,4,2,1,6,6,0,1.2841
1,1,2,1,5,2,6,1,6,1,1.3132
1,1,2,1,6,2,4,2,2,0,1.4412
1,1,2,1,7,2,3,2,2,0,1.2242
1,1,2,1,8,2,5,6,5,1,1.6879
1,1,2,1,9,2,6,1,6,1,1.0968
1,1,2,1,10,2,3,5,3,1,1.6494
1,1,2,1,11,2,5,4,5,1,1.8606
1,1,2,1,12,2,4,6,6,0,1.3104
1,1,2,1,13,2,6,3,3,0,2.4741
1,1,2,1,14,2,4,3,3,0,1.6544
1,1,2,1,15,2,4,5,4,1,1.9083
1,1,2,1,16,2,5,6,6,0,1.164
1,1,2,1,17,2,1,4,1,1,1.3101
1,1,2,1,18,2,1,3,3,0,1.391
1,1,2,1,19,2,5,6,6,0,1.3183
1,1,2,1,20,2,6,3,6,1,1.2986
1,1,2,1,21,2,2,5,2,1,1.2189
1,1,2,1,22,2,1,3,1,1,1.7673
1,1,2,1,23,2,5,2,5,1,3.4449
1,1,2,1,24,2,6,1,6,1,1.1342
1,1,2,1,25,2,3,4,4,0,2.0054
1,1,2,1,26,2,4,6,4,1,3.7493
1,1,2,1,27,2,6,3,6,1,1.2327
1,1,2,1,28,2,3,2,2,0,4.1168
1,1,2,1,29,2,5,2,5,1,2.5253
1,1,2,1,30,2,2,4,2,1,1.1797
1,1,2,1,31,2,1,4,1,1,1.9216
1,1,2,1,32,2,3,5,3,1,1.6564
1,1,2,1,33,2,6,5,6,1,1.2915
1,1,2,1,34,2,4,6,6,0,1.4042
1,1,2,1,35,2,3,1,3,1,3.1731
1,1,2,1,36,2,3,6,3,1,2.9688
1,1,2,1,37,2,6,5,5,0,1.3806
1,1,2,1,38,2,5,1,1,0,2.6058
1,1,2,1,39,2,6,3,6,1,1.1887
1,1,2,1,40,2,2,1,1,0,1.5622
1,1,2,1,41,2,1,6,1,1,1.3075
1,1,2,1,42,2,1,5,5,0,2.9079
1,1,2,1,43,2,6,3,6,1,0.967
1,1,2,1,44,2,3,5,5,0,2.0372
1,1,2,1,45,2,1,2,1,1,1.6836
1,1,2,1,46,2,2,1,1,0,2.2603
1,1,2,1,47,2,2,5,2,1,1.3217
1,1,2,1,48,2,2,6,2,1,2.7457
1,1,2,1,49,2,4,2,2,0,2.3032
1,1,2,1,50,2,5,2,5,1,2.6262
1,1,2,2,1,6,2,,3,0,2.1868
1,1,2,2,2,6,2,,2,1,1.1229
1,1,2,2,3,6,6,,6,1,0.9715
1,1,2,2,4,6,4,,3,0,2.3772
1,1,2,2,5,6,1,,6,0,1.3371
1,1,2,2,6,6,1,,1,1,1.1883
1,1,2,2,7,6,1,,4,0,2.6653
1,1,2,2,8,6,2,,4,0,1.9341
1,1,2,2,9,6,2,,2,1,0.9437
1,1,2,2,10,6,5,,5,1,1.7756
1,1,2,2,11,6,5,,6,0,2.2048
1,1,2,2,12,6,4,,1,0,1.4284
1,1,2,2,13,6,4,,5,0,2.2352
1,1,2,2,14,6,6,,6,1,0.9132
1,1,2,2,15,6,2,,1,0,1.474
1,1,2,2,16,6,5,,6,0,1.255
1,1,2,2,17,6,3,,6,0,1.4774
1,1,2,2,18,6,6,,4,0,2.538
1,1,2,2,19,6,6,,6,1,1.2033
1,1,2,2,20,6,5,,5,1,1.3527
1,1,2,2,21,6,6,,6,1,1.3187
1,1,2,2,22,6,4,,1,0,1.3507
1,1,2,2,23,6,5,,6,0,2.273
1,1,2,2,24,6,1,,1,1,1.1091
1,1,2,2,25,6,6,,2,0,1.5184
1,1,2,2,26,6,4,,2,0,2.0818
1,1,2,2,27,6,3,,5,0,3.0535
1,1,2,2,28,6,1,,1,1,1.6019
1,1,2,2,29,6,5,,5,1,1.9425
1,1,2,2,30,6,2,,2,1,1.1974
1,1,2,2,31,6,3,,3,1,1.9701
1,1,2,2,32,6,4,,1,0,1.4308
1,1,2,2,33,6,6,,6,1,1.1489
1,1,2,2,34,6,3,,1,0,2.4205
1,1,2,2,35,6,4,,3,0,1.7143
1,1,2,2,36,6,2,,2,1,1.2617
1,1,2,2,37,6,5,,1,0,1.5197
1,1,2,2,38,6,1,,3,0,1.3475
1,1,2,2,39,6,1,,3,0,1.7249
1,1,2,2,40,6,3,,3,1,1.0804
1,1,2,2,41,6,3,,3,1,1.4265
1,1,2,2,42,6,3,,2,0,1.1499
1,1,2,2,43,6,2,,3,0,1.1842
1,1,2,2,44,6,3,,3,1,1.4253
1,1,2,2,45,6,4,,6,0,1.1174
1,1,2,2,46,6,6,,6,1,1.0248
1,1,2,2,47,6,6,,1,0,1.6132
1,1,2,2,48,6,6,,3,0,1.5811
1,1,2,2,49,6,5,,5,1,2.5258
1,1,2,2,50,6,1,,1,1,2.4444
1,1,2,3,1,2,3,1,1,0,2.4596
1,1,2,3,2,2,4,2,2,0,1.4004
1,1,2,3,3,2,1,5,1,1,1.5046
1,1,2,3,4,2,3,5,5,0,2.7134
1,1,2,3,5,2,2,1,1,0,1.4028
1,1,2,3,6,2,5,2,5,1,1.4273
1,1,2,3,7,2,4,2,4,1,2.4308
1,1,2,3,8,2,2,3,2,1,1.5528
1,1,2,3,9,2,3,1,3,1,2.1988
1,1,2,3,10,2,1,2,1,1,2.1626
1,1,2,3,11,2,2,4,2,1,1.4556
1,1,2,3,12,2,1,3,1,1,1.4663
1,1,2,3,13,2,1,5,1,1,1.7164
1,1,2,3,14,2,6,4,6,1,1.3003
1,1,2,3,15,2,3,6,3,1,2.0198
1,1,2,3,16,2,5,4,5,1,2.6633
1,1,2,3,17,2,5,1,5,1,1.4563
1,1,2,3,18,2,3,5,3,1,1.6751
1,1,2,3,19,2,1,2,2,0,2.6206
1,1,2,3,20,2,2,5,2,1,1.5228
1,1,2,3,21,2,2,3,3,0,2.2503
1,1,2,3,22,2,6,1,6,1,1.1677
1,1,2,3,23,2,6,2,6,1,1.5739
1,1,2,3,24,2,3,2,3,1,1.8675
1,1,2,3,25,2,4,1,4,1,2.3252
1,1,2,3,26,2,3,4,3,1,1.4832
1,1,2,3,27,2,2,1,2,1,1.3485
1,1,2,3,28,2,1,6,1,1,2.1954
1,1,2,3,29,2,5,3,5,1,2.4943
1,1,2,3,30,2,4,6,4,1,1.5829
1,1,2,3,31,2,3,4,4,0,2.3717
1,1,2,3,32,2,6,5,6,1,1.2201
1,1,2,3,33,2,5,2,5,1,2.04
1,1,2,3,34,2,2,3,2,1,1.2273
1,1,2,3,35,2,6,4,6,1,1.1827
1,1,2,3,36,2,6,3,6,1,2.0201
1,1,2,3,37,2,6,4,6,1,1.2878
1,1,2,3,38,2,4,6,4,1,2.1371
1,1,2,3,39,2,5,4,5,1,2.3115
1,1,2,3,40,2,6,3,6,1,1.1826
1,1,2,3,41,2,5,2,2,0,1.5408
1,1,2,3,42,2,5,3,5,1,2.8393
1,1,2,3,43,2,6,3,6,1,1.1609
1,1,2,3,44,2,1,4,1,1,1.8395
1,1,2,3,45,2,6,3,6,1,1.0819
1,1,2,3,46,2,1,2,1,1,1.9719
1,1,2,3,47,2,4,1,4,1,1.9932
1,1,2,3,48,2,4,5,5,0,2.1419
1,1,2,3,49,2,2,5,2,1,1.2561
1,1,2,3,50,2,4,3,3,0,2.1544
1,1,2,4,1,6,2,,6,0,1.2978
1,1,2,4,2,6,3,,3,1,1.63
1,1,2,4,3,6,6,,6,1,1.1211
1,1,2,4,4,6,1,,1,1,2.1213
1,1,2,4,5,6,6,,6,1,1.3843
1,1,2,4,6,6,6,,5,0,1.238
1,1,2,4,7,6,1,,1,1,1.3486
1,1,2,4,8,6,5,,3,0,1.4914
1,1,2,4,9,6,3,,3,1,1.2079
1,1,2,4,10,6,3,,2,0,1.7246
1,1,2,4,11,6,2,,2,1,0.9838
1,1,2,4,12,6,4,,5,0,2.5011
1,1,2,4,13,6,4,,2,0,2.0163
1,1,2,4,14,6,5,,5,1,1.2626
1,1,2,4,15,6,1,,1,1,1.3292
1,1,2,4,16,6,5,,5,1,2.2728
1,1,2,4,17,6,6,,6,1,1.0654
1,1,2,4,18,6,6,,6,1,1.1559
1,1,2,4,19,6,2,,2,1,1.3069
1,1,2,4,20,6,5,,4,0,2.075
1,1,2,4,21,6,1,,2,0,1.9598
1,1,2,4,22,6,2,,5,0,3.0179
1,1,2,4,23,6,4,,1,0,1.5031
1,1,2,4,24,6,4,,5,0,1.3794
1,1,2,4,25,6,6,,5,0,2.044
1,1,2,4,26,6,3,,1,0,1.3538
1,1,2,4,27,6,3,,3,1,1.5878
1,1,2,4,28,6,3,,2,0,1.8652
1,1,2,4,29,6,1,,5,0,1.3735
1,1,2,4,30,6,5,,3,0,2.3914
1,1,2,4,31,6,4,,4,1,1.9587
1,1,2,4,32,6,2,,1,0,3.3087
1,1,2,4,33,6,3,,2,0,1.5108
1,1,2,4,34,6,6,,6,1,1.0344
1,1,2,4,35,6,1,,1,1,1.5426
1,1,2,4,36,6,1,,6,0,2.1254
1,1,2,4,37,6,6,,6,1,1.0474
1,1,2,4,38,6,6,,6,1,1.1865
1,1,2,4,39,6,4,,4,1,3.7507
1,1,2,4,40,6,4,,4,1,2.8672
1,1,2,4,41,6,5,,6,0,1.6195
1,1,2,4,42,6,3,,6,0,1.1544
1,1,2,4,43,6,2,,5,0,1.5569
1,1,2,4,44,6,2,,5,0,2.1827
1,1,2,4,45,6,6,,6,1,1.7904
1,1,2,4,46,6,5,,5,1,2.6998
1,1,2,4,47,6,2,,2,1,2.275
1,1,2,4,48,6,1,,6,0,1.2279
1,1,2,4,49,6,4,,4,1,1.6742
1,1,2,4,50,6,5,,1,0,1.5318
1,1,3,1,1,6,1,,2,0,2.3311
1,1,3,1,2,6,3,,1,0,1.2932
1,1,3,1,3,6,6,,6,1,1.066
1,1,3,1,4,6,3,,2,0,1.1717
1,1,3,1,5,6,1,,6,0,1.2062
1,1,3,1,6,6,4,,5,0,1.35
1,1,3,1,7,6,5,,5,1,1.3126
1,1,3,1,8,6,6,,6,1,0.9286
1,1,3,1,9,6,3,,4,0,2.0
1,1,3,1,10,6,6,,6,1,1.5995
1,1,3,1,11,6,6,,6,1,0.9157
1,1,3,1,12,6,5,,5,1,1.3483
1,1,3,1,13,6,4,,1,0,1.3788
1,1,3,1,14,6,5,,5,1,1.3554
1,1,3,1,15,6,3,,3,1,1.9303
1,1,3,1,16,6,3,,5,0,2.529
1,1,3,1,17,6,4,,2,0,1.2588
1,1,3,1,18,6,2,,2,1,1.0647
1,1,3,1,19,6,2,,1,0,1.4275
1,1,3,1,20,6,3,,5,0,1.066
1,1,3,1,21,6,5,,1,0,1.2318
1,1,3,1,22,6,6,,6,1,0.9429
1,1,3,1,23,6,1,,1,1,1.1182
1,1,3,1,24,6,4,,4,1,1.8784
1,1,3,1,25,6,2,,3,0,1.6639
1,1,3,1,26,6,2,,2,1,1.133
1,1,3,1,27,6,4,,6,0,0.948
1,1,3,1,28,6,1,,4,0,2.2708
1,1,3,1,29,6,1,,2,0,1.1395
1,1,3,1,30,6,3,,5,0,1.4948
1,1,3,1,31,6,5,,3,0,2.0587
1,1,3,1,32,6,2,,2,1,1.1753
1,1,3,1,33,6,2,,1,0,3.2296
1,1,3,1,34,6,6,,6,1,0.8582
1,1,3,1,35,6,2,,2,1,1.3253
1,1,3,1,36,6,5,,4,0,2.3649
1,1,3,1,37,6,1,,1,1,1.2289
1,1,3,1,38,6,1,,1,1,1.9693
1,1,3,1,39,6,6,,6,1,1.9106
1,1,3,1,40,6,2,,3,0,2.0307
1,1,3,1,41,6,1,,2,0,1.2923
1,1,3,1,42,6,5,,1,0,1.337
1,1,3,1,43,6,4,,4,1,1.6197
1,1,3,1,44,6,6,,2,0,1.6396
1,1,3,1,45,6,3,,4,0,2.966
1,1,3,1,46,6,6,,6,1,0.8777
1,1,3,1,47,6,6,,6,1,1.5195
1,1,3,1,48,6,4,,1,0,2.1993
1,1,3,1,49,6,4,,5,0,1.5342
1,1,3,1,50,6,5,,6,0,1.1213
1,1,3,2,1,2,1,2,2,0,1.6984
1,1,3,2,2,2,5,1,5,1,1.6306
1,1,3,2,3,2,2,5,2,1,1.2334
1,1,3,2,4,2,4,1,1,0,2.4527
1,1,3,2,5,2,1,3,1,1,1.4096
1,1,3,2,6,2,1,3,1,1,1.8061
1,1,3,2,7,2,4,1,4,1,1.803
1,1,3,2,8,2,3,1,3,1,2.7579
1,1,3,2,9,2,6,5,6,1,1.179
1,1,3,2,10,2,4,6,4,1,1.2337
1,1,3,2,11,2,5,2,5,1,1.8774
1,1,3,2,12,2,1,6,1,1,2.3187
1,1,3,2,13,2,5,6,5,1,2.1338
1,1,3,2,14,2,2,5,2,1,1.1398
1,1,3,2,15,2,5,6,5,1,1.2595
1,1,3,2,16,2,5,6,5,1,2.3504
1,1,3,2,17,2,2,5,2,1,1.172
1,1,3,2,18,2,6,5,6,1,1.3544
1,1,3,2,19,2,5,1,1,0,2.3932
1,1,3,2,20,2,3,6,3,1,1.8964
1,1,3,2,21,2,3,2,2,0,1.5521
1,1,3,2,22,2,4,1,4,1,2.146
1,1,3,2,23,2,2,4,4,0,2.0155
1,1,3,2,24,2,6,3,6,1,0.9584
1,1,3,2,25,2,2,1,2,1,1.5016
1,1,3,2,26,2,3,6,3,1,1.7656
1,1,3,2,27,2,2,6,2,1,1.2194
1,1,3,2,28,2,6,1,1,0,1.3197
1,1,3,2,29,2,6,1,6,1,0.9634
1,1,3,2,30,2,4,3,4,1,1.9693
1,1,3,2,31,2,3,1,3,1,2.5029
1,1,3,2,32,2,3,2,3,1,2.2944
1,1,3,2,33,2,6,4,6,1,1.0548
1,1,3,2,34,2,2,6,2,1,1.6741
1,1,3,2,35,2,2,6,2,1,1.2756
1,1,3,2,36,2,3,1,3,1,1.7418
1,1,3,2,37,2,4,3,4,1,2.3328
1,1,3,2,38,2,1,3,1,1,1.1708
1,1,3,2,39,2,4,5,5,0,2.1855
1,1,3,2,40,2,4,5,4,1,1.4094
1,1,3,2,41,2,6,2,6,1,1.3575
1,1,3,2,42,2,1,5,5,0,1.372
1,1,3,2,43,2,5,2,5,1,1.7173
1,1,3,2,44,2,6,3,6,1,1.1411
1,1,3,2,45,2,6,2,6,1,1.1008
1,1,3,2,46,2,3,6,3,1,2.1658
1,1,3,2,47,2,1,4,1,1,1.2667
1,1,3,2,48,2,6,1,6,1,1.2051
1,1,3,2,49,2,5,6,5,1,1.5142
1,1,3,2,50,2,1,5,5,0,2.4498
1,1,3,3,1,6,4,,5,0,1.4838
1,1,3,3,2,6,5,,1,0,1.8887
1,1,3,3,3,6,4,,5,0,1.4448
1,1,3,3,4,6,3,,3,1,1.2592
1,1,3,3,5,6,6,,6,1,0.9252
1,1,3,3,6,6,1,,2,0,1.2463
1,1,3,3,7,6,3,,3,1,1.2758
1,1,3,3,8,6,3,,4,0,1.8696
1,1,3,3,9,6,5,,5,1,1.0098
1,1,3,3,10,6,3,,1,0,2.1112
1,1,3,3,11,6,1,,4,0,2.1057
1,1,3,3,12,6,5,,5,1,2.4531
1,1,3,3,13,6,3,,3,1,1.3669
1,1,3,3,14,6,6,,2,0,2.3569
1,1,3,3,15,6,1,,1,1,1.7019
1,1,3,3,16,6,2,,6,0,0.9659
1,1,3,3,17,6,6,,6,1,0.9121
1,1,3,3,18,6,2,,2,1,0.8803
1,1,3,3,19,6,2,,5,0,2.8821
1,1,3,3,20,6,3,,3,1,1.7255
1,1,3,3,21,6,6,,6,1,1.245
1,1,3,3,22,6,6,,6,1,1.0079
1,1,3,3,23,6,5,,4,0,2.1414
1,1,3,3,24,6,6,,6,1,0.8542
1,1,3,3,25,6,5,,5,1,2.2179
1,1,3,3,26,6,6,,6,1,0.9327
1,1,3,3,27,6,4,,6,0,1.9087
1,1,3,3,28,6,2,,3,0,2.6802
1,1,3,3,29,6,2,,2,1,0.8599
1,1,3,3,30,6,1,,1,1,1.8543
1,1,3,3,31,6,1,,4,0,2.6164
1,1,3,3,32,6,4,,3,0,1.4074
1,1,3,3,33,6,6,,6,1,0.7752
1,1,3,3,34,6,3,,5,0,1.7738
1,1,3,3,35,6,1,,4,0,2.0386
1,1,3,3,36,6,6,,6,1,0.8367
1,1,3,3,37,6,1,,1,1,1.2567
1,1,3,3,38,6,2,,2,1,1.2592
1,1,3,3,39,6,2,,2,1,1.3581
1,1,3,3,40,6,5,,5,1,1.965
1,1,3,3,41,6,5,,1,0,1.2504
1,1,3,3,42,6,4,,3,0,2.0643
1,1,3,3,43,6,4,,1,0,1.4213
1,1,3,3,44,6,4,,2,0,1.092
1,1,3,3,45,6,4,,6,0,1.2892
1,1,3,3,46,6,3,,3,1,1.2061
1,1,3,3,47,6,1,,1,1,1.3389
1,1,3,3,48,6,5,,4,0,1.6101
1,1,3,3,49,6,6,,6,1,1.0643
1,1,3,3,50,6,2,,6,0,1.2831
1,1,3,4,1,2,6,2,6,1,1.4535
1,1,3,4,2,2,3,1,3,1,1.831
1,1,3,4,3,2,5,1,1,0,1.3625
1,1,3,4,4,2,1,4,1,1,1.1158
1,1,3,4,5,2,3,5,5,0,2.0042
1,1,3,4,6,2,4,6,4,1,2.0512
1,1,3,4,7,2,6,1,6,1,0.9975
1,1,3,4,8,2,5,4,4,0,2.1307
1,1,3,4,9,2,5,1,5,1,1.3404
1,1,3,4,10,2,3,6,3,1,2.0119
1,1,3,4,11,2,4,1,1,0,1.9991
1,1,3,4,12,2,3,6,3,1,1.8069
1,1,3,4,13,2,6,2,6,1,1.051
1,1,3,4,14,2,2,6,6,0,1.9581
1,1,3,4,15,2,2,5,2,1,2.1352
1,1,3,4,16,2,2,1,2,1,1.3342
1,1,3,4,17,2,2,6,2,1,1.1896
1,1,3,4,18,2,2,6,2,1,1.4832
1,1,3,4,19,2,6,3,6,1,0.9646
1,1,3,4,20,2,5,3,5,1,1.3307
1,1,3,4,21,2,4,3,4,1,1.5862
1,1,3,4,22,2,6,2,2,0,1.1753
1,1,3,4,23,2,5,4,4,0,1.8808
1,1,3,4,24,2,5,4,5,1,1.7734
1,1,3,4,25,2,4,3,3,0,1.7068
1,1,3,4,26,2,2,5,2,1,2.3262
1,1,3,4,27,2,3,6,3,1,1.5017
1,1,3,4,28,2,1,6,6,0,1.3338
1,1,3,4,29,2,4,2,2,0,1.2811
1,1,3,4,30,2,1,3,1,1,1.9499
1,1,3,4,31,2,6,4,6,1,1.1721
1,1,3,4,32,2,5,2,5,1,1.1301
1,1,3,4,33,2,5,2,2,0,1.2501
1,1,3,4,34,2,3,1,3,1,1.9037
1,1,3,4,35,2,1,3,1,1,1.9921
1,1,3,4,36,2,1,2,1,1,1.3405
1,1,3,4,37,2,2,4,2,1,1.1485
1,1,3,4,38,2,2,1,1,0,1.8594
1,1,3,4,39,2,6,2,6,1,0.9038
1,1,3,4,40,2,1,6,1,1,1.2249
1,1,3,4,41,2,1,5,1,1,1.2611
1,1,3,4,42,2,3,5,3,1,1.1199
1,1,3,4,43,2,4,6,4,1,1.1441
1,1,3,4,44,2,6,2,2,0,1.2949
1,1,3,4,45,2,6,1,1,0,1.2753
1,1,3,4,46,2,1,4,4,0,1.7997
1,1,3,4,47,2,4,6,4,1,1.5837
1,1,3,4,48,2,3,1,1,0,1.1884
1,1,3,4,49,2,4,6,4,1,2.006
1,1,3,4,50,2,6,2,6,1,1.3859
1,1,4,1,1,2,1,3,1,1,1.6659
1,1,4,1,2,2,5,3,3,0,1.9398
1,1,4,1,3,2,2,1,2,1,2.3263
1,1,4,1,4,2,6,3,6,1,1.245
1,1,4,1,5,2,6,3,6,1,1.0237
1,1,4,1,6,2,3,1,1,0,1.34
1,1,4,1,7,2,4,6,4,1,1.7825
1,1,4,1,8,2,1,3,1,1,2.0356
1,1,4,1,9,2,3,2,3,1,1.6542
1,1,4,1,10,2,3,5,3,1,1.4968
1,1,4,1,11,2,6,2,6,1,1.0888
1,1,4,1,12,2,6,1,6,1,1.1305
1,1,4,1,13,2,2,4,2,1,1.1056
1,1,4,1,14,2,6,5,6,1,1.115
1,1,4,1,15,2,1,2,1,1,1.2992
1,1,4,1,16,2,6,5,6,1,0.98
1,1,4,1,17,2,4,5,4,1,1.9533
1,1,4,1,18,2,1,2,2,0,2.1516
1,1,4,1,19,2,1,4,4,0,1.6809
1,1,4,1,20,2,4,3,3,0,1.7089
1,1,4,1,21,2,4,6,4,1,1.7035
1,1,4,1,22,2,2,4,2,1,2.184
1,1,4,1,23,2,5,3,5,1,1.8928
1,1,4,1,24,2,2,6,6,0,1.1811
1,1,4,1,25,2,5,6,5,1,1.4704
1,1,4,1,26,2,3,4,4,0,1.8799
1,1,4,1,27,2,2,5,2,1,1.0848
1,1,4,1,28,2,5,3,5,1,1.4943
1,1,4,1,29,2,3,2,3,1,1.4074
1,1,4,1,30,2,1,5,1,1,1.4841
1,1,4,1,31,2,6,5,6,1,1.4453
1,1,4,1,32,2,4,3,3,0,1.8563
1,1,4,1,33,2,1,3,1,1,1.3818
1,1,4,1,34,2,2,1,2,1,1.1712
1,1,4,1,35,2,3,1,3,1,1.7054
1,1,4,1,36,2,4,2,2,0,1.3856
1,1,4,1,37,2,5,6,5,1,2.0184
1,1,4,1,38,2,3,4,4,0,2.2608
1,1,4,1,39,2,6,4,6,1,1.0497
1,1,4,1,40,2,3,6,3,1,1.7482
1,1,4,1,41,2,2,3,2,1,1.1068
1,1,4,1,42,2,2,3,2,1,2.8918
1,1,4,1,43,2,6,5,6,1,1.0505
1,1,4,1,44,2,5,2,5,1,1.3821
1,1,4,1,45,2,4,3,3,0,2.0348
1,1,4,1,46,2,1,5,1,1,1.9374
1,1,4,1,47,2,5,2,5,1,1.2881
1,1,4,1,48,2,6,2,6,1,1.0494
1,1,4,1,49,2,5,3,5,1,1.3486
1,1,4,1,50,2,4,1,4,1,2.4033
1,1,4,2,1,6,3,,5,0,1.397
1,1,4,2,2,6,6,,6,1,0.941
1,1,4,2,3,6,4,,1,0,1.0361
1,1,4,2,4,6,5,,2,0,1.8431
1,1,4,2,5,6,4,,5,0,1.3854
1,1,4,2,6,6,6,,6,1,1.0416
1,1,4,2,7,6,5,,5,1,0.9898
1,1,4,2,8,6,1,,1,1,0.86
1,1,4,2,9,6,4,,4,1,1.9184
1,1,4,2,10,6,2,,4,0,1.6546
1,1,4,2,11,6,1,,6,0,1.2198
1,1,4,2,12,6,6,,6,1,0.9477
1,1,4,2,13,6,6,,6,1,0.9791
1,1,4,2,14,6,1,,1,1,1.1684
1,1,4,2,15,6,6,,6,1,0.8866
1,1,4,2,16,6,6,,6,1,0.8085
1,1,4,2,17,6,4,,5,0,1.4383
1,1,4,2,18,6,2,,5,0,1.4928
1,1,4,2,19,6,2,,2,1,0.8572
1,1,4,2,20,6,4,,1,0,2.1237
1,1,4,2,21,6,3,,1,0,1.3828
1,1,4,2,22,6,5,,5,1,1.0874
1,1,4,2,23,6,1,,1,1,1.0974
1,1,4,2,24,6,3,,4,0,2.3704
1,1,4,2,25,6,3,,2,0,2.0983
1,1,4,2,26,6,3,,3,1,1.7418
1,1,4,2,27,6,4,,5,0,1.3731
1,1,4,2,28,6,2,,6,0,2.4698
1,1,4,2,29,6,1,,1,1,1.0256
1,1,4,2,30,6,5,,5,1,1.1341
1,1,4,2,31,6,5,,3,0,1.4305
1,1,4,2,32,6,6,,1,0,1.4528
1,1,4,2,33,6,1,,5,0,2.1625
1,1,4,2,34,6,2,,2,1,0.9391
1,1,4,2,35,6,6,,4,0,2.3631
1,1,4,2,36,6,2,,2,1,1.5481
1,1,4,2,37,6,2,,2,1,1.2332
1,1,4,2,38,6,5,,5,1,0.9646
1,1,4,2,39,6,4,,6,0,1.6834
1,1,4,2,40,6,5,,4,0,1.968
1,1,4,2,41,6,6,,6,1,1.2165
1,1,4,2,42,6,4,,4,1,2.1492
1,1,4,2,43,6,3,,3,1,1.2669
1,1,4,2,44,6,5,,6,0,0.8855
1,1,4,2,45,6,1,,2,0,1.2347
1,1,4,2,46,6,2,,2,1,0.9452
1,1,4,2,47,6,3,,3,1,1.2167
1,1,4,2,48,6,1,,4,0,1.7808
1,1,4,2,49,6,6,,6,1,0.8292
1,1,4,2,50,6,3,,2,0,1.3612
1,1,4,3,1,2,4,3,4,1,2.1358
1,1,4,3,2,2,1,2,1,1,1.0622
1,1,4,3,3,2,4,2,4,1,2.6088
1,1,4,3,4,2,3,2,2,0,1.9002
1,1,4,3,5,2,2,3,2,1,2.0801
1,1,4,3,6,2,5,4,5,1,2.0633
1,1,4,3,7,2,1,3,1,1,1.2659
1,1,4,3,8,2,4,6,4,1,1.572
1,1,4,3,9,2,6,5,6,1,0.8894
1,1,4,3,10,2,5,2,2,0,1.1955
1,1,4,3,11,2,6,2,6,1,0.9881
1,1,4,3,12,2,3,6,3,1,1.4333
1,1,4,3,13,2,5,2,2,0,1.188
1,1,4,3,14,2,4,2,4,1,1.7169
1,1,4,3,15,2,2,3,2,1,1.1732
1,1,4,3,16,2,3,1,3,1,1.2434
1,1,4,3,17,2,1,2,1,1,1.3742
1,1,4,3,18,2,2,6,2,1,0.9558
1,1,4,3,19,2,2,1,1,0,1.5955
1,1,4,3,20,2,3,2,2,0,1.4513
1,1,4,3,21,2,1,5,1,1,0.9131
1,1,4,3,22,2,5,3,5,1,1.3932
1,1,4,3,23,2,1,2,1,1,1.2461
1,1,4,3,24,2,4,5,4,1,2.0165
1,1,4,3,25,2,5,6,5,1,1.076
1,1,4,3,26,2,5,1,5,1,1.4221
1,1,4,3,27,2,3,1,3,1,1.61
1,1,4,3,28,2,3,1,3,1,1.1507
1,1,4,3,29,2,1,4,1,1,1.2858
1,1,4,3,30,2,6,2,6,1,1.1751
1,1,4,3,31,2,6,2,6,1,1.0205
1,1,4,3,32,2,3,4,3,1,1.7207
1,1,4,3,33,2,4,1,4,1,1.9599
1,1,4,3,34,2,6,4,6,1,0.9737
1,1,4,3,35,2,5,2,5,1,1.4356
1,1,4,3,36,2,6,3,3,0,1.6069
1,1,4,3,37,2,2,3,2,1,1.0777
1,1,4,3,38,2,5,6,5,1,2.1269
1,1,4,3,39,2,1,3,1,1,1.2625
1,1,4,3,40,2,6,2,6,1,1.2647
1,1,4,3,41,2,4,5,4,1,1.7468
1,1,4,3,42,2,6,3,6,1,1.0086
1,1,4,3,43,2,6,2,6,1,0.9882
1,1,4,3,44,2,2,1,2,1,1.0496
1,1,4,3,45,2,6,3,3,0,1.2691
1,1,4,3,46,2,3,1,3,1,1.2507
1,1,4,3,47,2,4,1,4,1,1.6376
1,1,4,3,48,2,2,1,2,1,1.112
1,1,4,3,49,2,1,6,1,1,1.8083
1,1,4,3,50,2,2,5,2,1,1.0843
1,1,4,4,1,6,4,,1,0,1.0757
1,1,4,4,2,6,5,,5,1,1.2412
1,1,4,4,3,6,2,,1,0,1.2928
1,1,4,4,4,6,4,,3,0,1.1926
1,1,4,4,5,6,6,,6,1,0.8408
1,1,4,4,6,6,2,,2,1,0.9886
1,1,4,4,7,6,2,,2,1,0.8744
1,1,4,4,8,6,4,,5,0,1.5643
1,1,4,4,9,6,6,,6,1,0.8938
1,1,4,4,10,6,1,,1,1,1.2477
1,1,4,4,11,6,2,,6,0,2.0188
1,1,4,4,12,6,6,,6,1,0.7208
1,1,4,4,13,6,5,,5,1,1.6582
1,1,4,4,14,6,3,,2,0,1.2593
1,1,4,4,15,6,5,,2,0,0.9694
1,1,4,4,16,6,6,,5,0,1.1393
1,1,4,4,17,6,6,,5,0,1.8619
1,1,4,4,18,6,2,,2,1,2.7468
1,1,4,4,19,6,5,,5,1,1.5036
1,1,4,4,20,6,4,,5,0,1.1926
1,1,4,4,21,6,3,,3,1,1.2728
1,1,4,4,22,6,1,,4,0,1.1468
1,1,4,4,23,6,1,,6,0,1.0047
1,1,4,4,24,6,3,,3,1,1.4939
1,1,4,4,25,6,2,,2,1,1.0549
1,1,4,4,26,6,3,,3,1,1.1616
1,1,4,4,27,6,1,,1,1,2.0472
1,1,4,4,28,6,5,,6,0,0.9771
1,1,4,4,29,6,2,,2,1,1.1936
1,1,4,4,30,6,3,,1,0,1.7277
1,1,4,4,31,6,6,,6,1,0.9544
1,1,4,4,32,6,1,,2,0,2.1687
1,1,4,4,33,6,2,,2,1,1.0736
1,1,4,4,34,6,4,,1,0,1.2761
1,1,4,4,35,6,5,,2,0,1.4812
1,1,4,4,36,6,4,,1,0,1.8539
1,1,4,4,37,6,3,,5,0,1.7476
1,1,4,4,38,6,4,,5,0,1.1011
1,1,4,4,39,6,4,,6,0,1.2017
1,1,4,4,40,6,6,,6,1,0.8182
1,1,4,4,41,6,3,,4,0,2.3262
1,1,4,4,42,6,5,,5,1,1.2566
1,1,4,4,43,6,1,,3,0,1.787
1,1,4,4,44,6,3,,3,1,1.2359
1,1,4,4,45,6,5,,1,0,1.1738
1,1,4,4,46,6,1,,1,1,0.8232
1,1,4,4,47,6,1,,1,1,0.9879
1,1,4,4,48,6,6,,6,1,0.9378
1,1,4,4,49,6,6,,6,1,1.0337
1,1,4,4,50,6,6,,6,1,0.8849
1,1,5,1,1,6,2,,1,0,1.0665
1,1,5,1,2,6,6,,6,1,0.9125
1,1,5,1,3,6,6,,6,1,1.1043
1,1,5,1,4,6,5,,3,0,1.5453
1,1,5,1,5,6,2,,2,1,1.0197
1,1,5,1,6,6,1,,1,1,1.2876
1,1,5,1,7,6,4,,2,0,1.129
1,1,5,1,8,6,2,,2,1,1.1798
1,1,5,1,9,6,3,,3,1,1.3452
1,1,5,1,10,6,3,,3,1,1.1685
1,1,5,1,11,6,1,,5,0,1.6387
1,1,5,1,12,6,5,,5,1,1.0135
1,1,5,1,13,6,6,,6,1,0.9145
1,1,5,1,14,6,1,,1,1,1.0746
1,1,5,1,15,6,4,,4,1,1.9172
1,1,5,1,16,6,4,,3,0,1.156
1,1,5,1,17,6,2,,2,1,1.2536
1,1,5,1,18,6,6,,6,1,0.8733
1,1,5,1,19,6,3,,6,0,1.6914
1,1,5,1,20,6,5,,5,1,1.1591
1,1,5,1,21,6,3,,3,1,1.2304
1,1,5,1,22,6,5,,6,0,0.9613
1,1,5,1,23,6,6,,6,1,0.9556
1,1,5,1,24,6,1,,5,0,1.355
1,1,5,1,25,6,4,,5,0,1.0453
1,1,5,1,26,6,3,,4,0,1.5312
1,1,5,1,27,6,3,,5,0,1.4226
1,1,5,1,28,6,5,,5,1,0.9332
1,1,5,1,29,6,6,,6,1,0.9327
1,1,5,1,30,6,5,,1,0,1.2044
1,1,5,1,31,6,2,,2,1,1.1252
1,1,5,1,32,6,6,,6,1,1.6922
1,1,5,1,33,6,6,,6,1,0.8615
1,1,5,1,34,6,5,,2,0,1.2484
1,1,5,1,35,6,6,,2,0,1.4863
1,1,5,1,36,6,2,,1,0,1.3313
1,1,5,1,37,6,4,,4,1,1.2769
1,1,5,1,38,6,1,,1,1,1.2308
1,1,5,1,39,6,1,,1,1,1.1545
1,1,5,1,40,6,6,,6,1,1.8016
1,1,5,1,41,6,2,,3,0,1.5737
1,1,5,1,42,6,4,,3,0,1.2385
1,1,5,1,43,6,1,,2,0,1.1418
1,1,5,1,44,6,4,,5,0,1.7359
1,1,5,1,45,6,4,,6,0,0.7061
1,1,5,1,46,6,2,,2,1,0.8557
1,1,5,1,47,6,3,,3,1,1.2736
1,1,5,1,48,6,5,,2,0,1.051
1,1,5,1,49,6,1,,1,1,1.7939
1,1,5,1,50,6,3,,5,0,1.1498
1,1,5,2,1,2,5,1,5,1,1.5975
1,1,5,2,2,2,2,6,2,1,0.9622
1,1,5,2,3,2,2,3,2,1,1.0246
1,1,5,2,4,2,2,3,2,1,1.277
1,1,5,2,5,2,5,3,3,0,1.7896
1,1,5,2,6,2,6,1,6,1,0.8855
1,1,5,2,7,2,4,3,4,1,1.7347
1,1,5,2,8,2,4,2,4,1,1.2544
1,1,5,2,9,2,1,3,1,1,1.8652
1,1,5,2,10,2,1,6,1,1,1.4427
1,1,5,2,11,2,4,5,5,0,1.6604
1,1,5,2,12,2,6,4,6,1,0.8572
1,1,5,2,13,2,3,1,3,1,1.3091
1,1,5,2,14,2,3,2,3,1,1.0848
1,1,5,2,15,2,3,5,3,1,1.3025
1,1,5,2,16,2,6,4,4,0,1.5591
1,1,5,2,17,2,5,2,5,1,1.8163
1,1,5,2,18,2,3,1,3,1,0.9803
1,1,5,2,19,2,6,1,6,1,1.2007
1,1,5,2,20,2,3,5,3,1,1.3342
1,1,5,2,21,2,1,3,1,1,1.4617
1,1,5,2,22,2,4,2,2,0,1.4404
1,1,5,2,23,2,6,4,4,0,1.4778
1,1,5,2,24,2,2,5,2,1,1.1147
1,1,5,2,25,2,5,6,5,1,1.8269
1,1,5,2,26,2,1,5,1,1,1.086
1,1,5,2,27,2,4,6,4,1,1.6396
1,1,5,2,28,2,1,4,1,1,1.6268
1,1,5,2,29,2,2,5,2,1,1.1335
1,1,5,2,30,2,2,1,1,0,1.8134
1,1,5,2,31,2,1,6,1,1,2.732
1,1,5,2,32,2,4,6,4,1,1.8903
1,1,5,2,33,2,5,2,2,0,1.0993
1,1,5,2,34,2,1,5,1,1,1.3914
1,1,5,2,35,2,5,6,5,1,2.076
1,1,5,2,36,2,6,1,6,1,1.0055
1,1,5,2,37,2,6,4,4,0,1.3381
1,1,5,2,38,2,3,5,3,1,1.1403
1,1,5,2,39,2,6,1,1,0,1.4998
1,1,5,2,40,2,3,4,4,0,2.1437
1,1,5,2,41,2,3,2,2,0,1.9127
1,1,5,2,42,2,6,4,6,1,0.9396
1,1,5,2,43,2,4,5,5,0,2.9234
1,1,5,2,44,2,4,1,4,1,1.4926
1,1,5,2,45,2,5,6,5,1,1.2942
1,1,5,2,46,2,2,1,2,1,0.9752
1,1,5,2,47,2,6,4,6,1,0.845
1,1,5,2,48,2,2,4,2,1,1.1521
1,1,5,2,49,2,5,2,5,1,1.8469
1,1,5,2,50,2,1,4,1,1,1.0892
1,1,5,3,1,6,1,,5,0,1.5123
1,1,5,3,2,6,4,,1,0,1.0352
1,1,5,3,3,6,2,,2,1,0.8503
1,1,5,3,4,6,5,,1,0,2.6303
1,1,5,3,5,6,6,,5,0,1.2596
1,1,5,3,6,6,2,,2,1,0.873
1,1,5,3,7,6,2,,5,0,1.9155
1,1,5,3,8,6,3,,3,1,1.1824
1,1,5,3,9,6,4,,5,0,1.4916
1,1,5,3,10,6,3,,6,0,0.9519
1,1,5,3,11,6,4,,3,0,1.1217
1,1,5,3,12,6,4,,4,1,2.0059
1,1,5,3,13,6,1,,4,0,2.2174
1,1,5,3,14,6,5,,2,0,1.1835
1,1,5,3,15,6,5,,5,1,0.785
1,1,5,3,16,6,5,,3,0,2.358
1,1,5,3,17,6,3,,3,1,1.9267
1,1,5,3,18,6,3,,3,1,2.0937
1,1,5,3,19,6,6,,2,0,1.4546
1,1,5,3,20,6,6,,6,1,0.8041
1,1,5,3,21,6,2,,2,1,0.8573
1,1,5,3,22,6,4,,1,0,1.6125
1,1,5,3,23,6,5,,1,0,2.3796
1,1,5,3,24,6,6,,6,1,0.9073
1,1,5,3,25,6,5,,5,1,3.276
1,1,5,3,26,6,3,,3,1,2.4435
1,1,5,3,27,6,6,,4,0,2.3981
1,1,5,3,28,6,4,,3,0,1.1487
1,1,5,3,29,6,1,,1,1,1.1192
1,1,5,3,30,6,6,,6,1,0.8396
1,1,5,3,31,6,2,,2,1,0.9395
1,1,5,3,32,6,6,,6,1,0.8743
1,1,5,3,33,6,6,,1,0,0.9573
1,1,5,3,34,6,2,,2,1,1.2723
1,1,5,3,35,6,6,,3,0,1.7702
1,1,5,3,36,6,5,,5,1,0.8994
1,1,5,3,37,6,3,,3,1,1.0601
1,1,5,3,38,6,1,,1,1,1.0547
1,1,5,3,39,6,3,,3,1,1.1621
1,1,5,3,40,6,1,,2,0,1.7921
1,1,5,3,41,6,4,,1,0,1.7196
1,1,5,3,42,6,2,,5,0,1.4577
1,1,5,3,43,6,1,,5,0,0.8882
1,1,5,3,44,6,5,,5,1,0.7243
1,1,5,3,45,6,4,,1,0,1.4528
1,1,5,3,46,6,1,,1,1,1.4597
1,1,5,3,47,6,1,,2,0,1.2459
1,1,5,3,48,6,2,,3,0,1.4521
1,1,5,3,49,6,3,,5,0,1.4728
1,1,5,3,50,6,6,,6,1,0.9655
1,1,5,4,1,2,4,2,2,0,1.1694
1,1,5,4,2,2,1,4,1,1,1.1862
1,1,5,4,3,2,3,6,3,1,1.224
1,1,5,4,4,2,1,2,2,0,1.1481
1,1,5,4,5,2,6,5,6,1,0.8622
1,1,5,4,6,2,4,3,3,0,1.3609
1,1,5,4,7,2,6,4,6,1,0.8264
1,1,5,4,8,2,1,5,5,0,1.7264
1,1,5,4,9,2,5,4,5,1,1.401
1,1,5,4,10,2,3,2,3,1,1.1577
1,1,5,4,11,2,4,5,4,1,1.1805
1,1,5,4,12,2,1,3,3,0,4.546
1,1,5,4,13,2,2,4,2,1,1.5764
1,1,5,4,14,2,6,2,2,0,1.374
1,1,5,4,15,2,5,6,5,1,1.6069
1,1,5,4,16,2,5,2,5,1,1.8831
1,1,5,4,17,2,2,4,2,1,2.4356
1,1,5,4,18,2,6,3,6,1,1.0457
1,1,5,4,19,2,6,3,3,0,3.3935
1,1,5,4,20,2,3,4,3,1,1.7187
1,1,5,4,21,2,2,4,2,1,1.2384
1,1,5,4,22,2,4,6,4,1,1.2421
1,1,5,4,23,2,5,6,5,1,1.1818
1,1,5,4,24,2,2,1,2,1,1.0436
1,1,5,4,25,2,5,1,5,1,2.286
1,1,5,4,26,2,2,3,2,1,0.9988
1,1,5,4,27,2,6,2,6,1,1.1235
1,1,5,4,28,2,4,2,2,0,3.7231
1,1,5,4,29,2,1,3,1,1,1.2202
1,1,5,4,30,2,1,6,1,1,2.0726
1,1,5,4,31,2,6,5,6,1,0.9688
1,1,5,4,32,2,1,5,1,1,1.0955
1,1,5,4,33,2,2,4,2,1,0.8643
1,1,5,4,34,2,6,4,6,1,0.9953
1,1,5,4,35,2,6,5,6,1,1.1844
1,1,5,4,36,2,2,5,2,1,1.1411
1,1,5,4,37,2,5,2,2,0,1.5158
1,1,5,4,38,2,4,1,1,0,1.1833
1,1,5,4,39,2,3,5,5,0,2.1124
1,1,5,4,40,2,2,1,2,1,1.243
1,1,5,4,41,2,3,5,5,0,2.2708
1,1,5,4,42,2,5,4,5,1,2.0991
1,1,5,4,43,2,4,3,3,0,1.9868
1,1,5,4,44,2,5,6,5,1,1.9712
1,1,5,4,45,2,3,2,3,1,2.7447
1,1,5,4,46,2,3,6,3,1,1.2458
1,1,5,4,47,2,4,2,4,1,1.8886
1,1,5,4,48,2,6,5,6,1,0.9693
1,1,5,4,49,2,1,4,1,1,1.9914
1,1,5,4,50,2,3,6,3,1,1.2764
1,2,1,1,1,6,4,,2,0,1.1683
1,2,1,1,2,6,3,,1,0,1.8088
1,2,1,1,3,6,1,,5,0,1.5765
1,2,1,1,4,6,4,,4,1,1.5132
1,2,1,1,5,6,5,,6,0,2.4323
1,2,1,1,6,6,3,,1,0,1.4865
1,2,1,1,7,6,2,,2,1,1.1554
1,2,1,1,8,6,3,,5,0,3.4023
1,2,1,1,9,6,4,,6,0,1.1196
1,2,1,1,10,6,1,,1,1,0.8835
1,2,1,1,11,6,6,,6,1,1.2698
1,2,1,1,12,6,2,,2,1,0.9673
1,2,1,1,13,6,5,,5,1,1.3338
1,2,1,1,14,6,1,,3,0,1.3495
1,2,1,1,15,6,1,,1,1,0.9121
1,2,1,1,16,6,2,,2,1,0.8009
1,2,1,1,17,6,6,,5,0,1.1898
1,2,1,1,18,6,4,,4,1,1.6233
1,2,1,1,19,6,1,,1,1,0.8589
1,2,1,1,20,6,4,,1,0,1.7739
1,2,1,1,21,6,2,,5,0,1.4631
1,2,1,1,22,6,2,,1,0,1.1338
1,2,1,1,23,6,3,,5,0,1.504
1,2,1,1,24,6,4,,6,0,1.0608
1,2,1,1,25,6,6,,6,1,0.8744
1,2,1,1,26,6,5,,5,1,0.8126
1,2,1,1,27,6,2,,1,0,1.9384
1,2,1,1,28,6,3,,4,0,1.3806
1,2,1,1,29,6,1,,5,0,3.0857
1,2,1,1,30,6,5,,2,0,0.9279
1,2,1,1,31,6,6,,6,1,0.9242
1,2,1,1,32,6,2,,4,0,2.941
1,2,1,1,33,6,5,,5,1,1.1419
1,2,1,1,34,6,5,,3,0,1.5172
1,2,1,1,35,6,4,,4,1,2.4648
1,2,1,1,36,6,6,,2,0,3.0737
1,2,1,1,37,6,3,,5,0,1.606
1,2,1,1,38,6,5,,6,0,1.1898
1,2,1,1,39,6,6,,6,1,0.8545
1,2,1,1,40,6,1,,4,0,2.3296
1,2,1,1,41,6,6,,6,1,0.8763
1,2,1,1,42,6,6,,6,1,0.8468
1,2,1,1,43,6,4,,6,0,1.3307
1,2,1,1,44,6,5,,5,1,1.2775
1,2,1,1,45,6,3,,3,1,1.9514
1,2,1,1,46,6,6,,6,1,1.829
1,2,1,1,47,6,2,,2,1,1.0886
1,2,1,1,48,6,1,,1,1,2.4583
1,2,1,1,49,6,6,,6,1,1.2602
1,2,1,1,50,6,3,,5,0,2.8308
1,2,1,2,1,2,4,5,5,0,4.1537
1,2,1,2,2,2,1,2,2,0,1.1531
1,2,1,2,3,2,4,1,1,0,2.3073
1,2,1,2,4,2,6,2,2,0,1.2065
1,2,1,2,5,2,5,3,5,1,1.271
1,2,1,2,6,2,3,6,3,1,1.1924
1,2,1,2,7,2,1,4,1,1,1.1983
1,2,1,2,8,2,5,2,5,1,1.4113
1,2,1,2,9,2,1,6,6,0,1.2003
1,2,1,2,10,2,5,2,2,0,1.1203
1,2,1,2,11,2,4,6,4,1,1.5083
1,2,1,2,12,2,6,3,6,1,1.5967
1,2,1,2,13,2,3,4,3,1,2.2412
1,2,1,2,14,2,1,4,1,1,2.2362
1,2,1,2,15,2,6,4,6,1,1.2227
1,2,1,2,16,2,6,1,6,1,0.971
1,2,1,2,17,2,1,6,1,1,1.4655
1,2,1,2,18,2,4,3,3,0,2.2114
1,2,1,2,19,2,3,4,4,0,1.4985
1,2,1,2,20,2,4,5,4,1,1.9506
1,2,1,2,21,2,2,6,2,1,2.0207
1,2,1,2,22,2,4,5,5,0,1.5917
1,2,1,2,23,2,4,3,3,0,2.0721
1,2,1,2,24,2,2,4,2,1,1.0771
1,2,1,2,25,2,5,1,1,0,1.5833
1,2,1,2,26,2,6,1,6,1,0.7682
1,2,1,2,27,2,2,6,2,1,1.0781
1,2,1,2,28,2,6,2,6,1,0.9447
1,2,1,2,29,2,2,6,2,1,1.9529
1,2,1,2,30,2,6,1,6,1,0.9505
1,2,1,2,31,2,5,2,2,0,1.7022
1,2,1,2,32,2,1,4,4,0,2.658
1,2,1,2,33,2,5,3,5,1,1.6702
1,2,1,2,34,2,2,6,6,0,1.2884
1,2,1,2,35,2,3,6,3,1,1.2535
1,2,1,2,36,2,1,3,3,0,2.4395
1,2,1,2,37,2,6,4,4,0,1.621
1,2,1,2,38,2,6,5,5,0,1.4765
1,2,1,2,39,2,3,2,3,1,2.1376
1,2,1,2,40,2,3,5,3,1,1.2877
1,2,1,2,41,2,5,6,5,1,1.7059
1,2,1,2,42,2,2,5,2,1,1.0977
1,2,1,2,43,2,2,4,2,1,1.3307
1,2,1,2,44,2,1,3,1,1,1.731
1,2,1,2,45,2,3,2,3,1,2.2098
1,2,1,2,46,2,3,4,3,1,1.2778
1,2,1,2,47,2,2,3,2,1,1.5356
1,2,1,2,48,2,5,1,5,1,2.0547
1,2,1,2,49,2,6,2,6,1,1.2408
1,2,1,2,50,2,4,6,6,0,1.2602
1,2,1,3,1,6,1,,1,1,1.0479
1,2,1,3,2,6,4,,2,0,0.9798
1,2,1,3,3,6,5,,5,1,1.5319
1,2,1,3,4,6,3,,4,0,2.3555
1,2,1,3,5,6,3,,3,1,1.2207
1,2,1,3,6,6,3,,3,1,1.1444
1,2,1,3,7,6,1,,6,0,1.8565
1,2,1,3,8,6,6,,6,1,1.366
1,2,1,3,9,6,5,,5,1,2.4033
1,2,1,3,10,6,1,,1,1,2.7745
1,2,1,3,11,6,6,,6,1,1.0193
1,2,1,3,12,6,2,,2,1,0.9195
1,2,1,3,13,6,4,,1,0,2.7602
1,2,1,3,14,6,5,,5,1,1.4968
1,2,1,3,15,6,3,,1,0,1.2014
1,2,1,3,16,6,5,,2,0,1.3458
1,2,1,3,17,6,3,,3,1,1.4209
1,2,1,3,18,6,6,,6,1,1.2082
1,2,1,3,19,6,5,,2,0,2.4933
1,2,1,3,20,6,3,,5,0,1.1604
1,2,1,3,21,6,6,,6,1,0.8428
1,2,1,3,22,6,2,,2,1,1.151
1,2,1,3,23,6,6,,5,0,1.4306
1,2,1,3,24,6,2,,2,1,2.2524
1,2,1,3,25,6,2,,2,1,1.1583
1,2,1,3,26,6,6,,6,1,1.2619
1,2,1,3,27,6,1,,6,0,1.6645
1,2,1,3,28,6,4,,1,0,1.9975
1,2,1,3,29,6,5,,5,1,2.5084
1,2,1,3,30,6,2,,2,1,0.9715
1,2,1,3,31,6,6,,6,1,0.8423
1,2,1,3,32,6,1,,1,1,1.3584
1,2,1,3,33,6,4,,5,0,2.8929
1,2,1,3,34,6,5,,1,0,1.416
1,2,1,3,35,6,5,,5,1,0.9913
1,2,1,3,36,6,6,,6,1,0.8288
1,2,1,3,37,6,3,,3,1,1.6653
1,2,1,3,38,6,3,,6,0,1.6993
1,2,1,3,39,6,4,,4,1,1.4386
1,2,1,3,40,6,4,,5,0,1.674
1,2,1,3,41,6,2,,6,0,1.2232
1,2,1,3,42,6,1,,1,1,1.1751
1,2,1,3,43,6,2,,2,1,0.8134
1,2,1,3,44,6,4,,6,0,1.0586
1,2,1,3,45,6,2,,2,1,0.7925
1,2,1,3,46,6,6,,6,1,1.3269
1,2,1,3,47,6,1,,6,0,1.087
1,2,1,3,48,6,1,,2,0,1.6365
1,2,1,3,49,6,4,,6,0,0.9305
1,2,1,3,50,6,6,,6,1,0.7175
1,2,1,4,1,2,4,1,4,1,2.2764
1,2,1,4,2,2,1,3,1,1,1.4373
1,2,1,4,3,2,4,1,1,0,2.0568
1,2,1,4,4,2,1,3,3,0,2.678
1,2,1,4,5,2,6,4,6,1,0.8741
1,2,1,4,6,2,1,6,1,1,3.5168
1,2,1,4,7,2,6,3,6,1,0.8019
1,2,1,4,8,2,6,4,6,1,0.9033
1,2,1,4,9,2,5,1,5,1,1.961
1,2,1,4,10,2,2,4,4,0,5.0072
1,2,1,4,11,2,3,5,3,1,1.2988
1,2,1,4,12,2,6,3,6,1,0.9961
1,2,1,4,13,2,6,2,2,0,2.6571
1,2,1,4,14,2,5,4,5,1,1.5902
1,2,1,4,15,2,3,4,3,1,1.8986
1,2,1,4,16,2,1,3,3,0,1.3626
1,2,1,4,17,2,6,2,6,1,1.116
1,2,1,4,18,2,2,6,2,1,1.0602
1,2,1,4,19,2,2,6,2,1,1.4708
1,2,1,4,20,2,1,4,1,1,1.8813
1,2,1,4,21,2,2,1,2,1,1.1057
1,2,1,4,22,2,1,4,1,1,1.8824
1,2,1,4,23,2,4,6,4,1,1.5388
1,2,1,4,24,2,6,5,6,1,1.0505
1,2,1,4,25,2,3,5,3,1,1.2359
1,2,1,4,26,2,5,6,5,1,1.3042
1,2,1,4,27,2,4,1,4,1,1.497
1,2,1,4,28,2,2,1,2,1,1.0889
1,2,1,4,29,2,4,5,5,0,1.9791
1,2,1,4,30,2,6,5,5,0,1.5781
1,2,1,4,31,2,4,2,4,1,1.8825
1,2,1,4,32,2,3,1,3,1,1.6358
1,2,1,4,33,2,3,6,3,1,1.3185
1,2,1,4,34,2,1,3,1,1,1.8471
1,2,1,4,35,2,6,5,5,0,1.4573
1,2,1,4,36,2,2,6,2,1,1.0629
1,2,1,4,37,2,5,2,5,1,1.1692
1,2,1,4,38,2,4,3,4,1,1.9427
1,2,1,4,39,2,6,3,6,1,1.134
1,2,1,4,40,2,3,4,3,1,1.7498
1,2,1,4,41,2,5,2,5,1,1.3156
1,2,1,4,42,2,2,6,6,0,2.3398
1,2,1,4,43,2,3,2,2,0,1.8137
1,2,1,4,44,2,3,1,1,0,1.8043
1,2,1,4,45,2,5,3,3,0,1.4442
1,2,1,4,46,2,5,2,5,1,1.3224
1,2,1,4,47,2,1,6,1,1,1.226
1,2,1,4,48,2,4,1,4,1,1.8225
1,2,1,4,49,2,2,6,2,1,1.594
1,2,1,4,50,2,5,6,5,1,1.3435
1,2,2,1,1,2,3,4,3,1,1.214
1,2,2,1,2,2,6,3,6,1,0.9454
1,2,2,1,3,2,2,1,2,1,0.8173
1,2,2,1,4,2,4,5,5,0,1.4778
1,2,2,1,5,2,1,2,1,1,1.9143
1,2,2,1,6,2,4,5,5,0,1.4577
1,2,2,1,7,2,3,6,3,1,1.3039
1,2,2,1,8,2,5,4,4,0,1.9612
1,2,2,1,9,2,4,5,4,1,2.0583
1,2,2,1,10,2,2,4,2,1,1.1803
1,2,2,1,11,2,2,6,2,1,1.0423
1,2,2,1,12,2,2,3,2,1,0.8614
1,2,2,1,13,2,6,4,6,1,0.8492
1,2,2,1,14,2,3,2,3,1,1.2523
1,2,2,1,15,2,2,4,2,1,1.1586
1,2,2,1,16,2,1,5,5,0,1.5818
1,2,2,1,17,2,2,1,2,1,1.1346
1,2,2,1,18,2,3,2,3,1,1.3978
1,2,2,1,19,2,5,6,5,1,1.0745
1,2,2,1,20,2,5,3,5,1,1.6934
1,2,2,1,21,2,3,1,3,1,1.2946
1,2,2,1,22,2,6,1,1,0,3.6957
1,2,2,1,23,2,5,6,5,1,1.161
1,2,2,1,24,2,5,1,5,1,2.0487
1,2,2,1,25,2,3,6,3,1,1.1858
1,2,2,1,26,2,4,2,4,1,2.9839
1,2,2,1,27,2,2,6,2,1,1.1553
1,2,2,1,28,2,6,4,4,0,1.3701
1,2,2,1,29,2,6,5,6,1,0.7876
1,2,2,1,30,2,6,1,6,1,0.986
1,2,2,1,31,2,1,3,3,0,2.0556
1,2,2,1,32,2,4,6,4,1,1.6848
1,2,2,1,33,2,1,3,1,1,1.094
1,2,2,1,34,2,5,6,5,1,1.7755
1,2,2,1,35,2,4,2,2,0,8.157
1,2,2,1,36,2,4,3,4,1,2.5436
1,2,2,1,37,2,1,6,6,0,1.2776
1,2,2,1,38,2,4,3,4,1,3.2428
1,2,2,1,39,2,1,4,1,1,2.3642
1,2,2,1,40,2,6,2,6,1,0.9769
1,2,2,1,41,2,3,4,3,1,2.0794
1,2,2,1,42,2,6,4,6,1,0.977
1,2,2,1,43,2,1,3,1,1,1.5676
1,2,2,1,44,2,1,5,1,1,1.4933
1,2,2,1,45,2,6,4,4,0,2.206
1,2,2,1,46,2,5,6,5,1,1.3977
1,2,2,1,47,2,2,3,3,0,4.8177
1,2,2,1,48,2,6,5,6,1,0.9569
1,2,2,1,49,2,3,6,3,1,1.3081
1,2,2,1,50,2,5,1,1,0,1.6133
1,2,2,2,1,6,5,,5,1,5.1942
1,2,2,2,2,6,3,,2,0,1.0192
1,2,2,2,3,6,2,,2,1,1.0113
1,2,2,2,4,6,1,,6,0,0.6886
1,2,2,2,5,6,4,,1,0,2.3259
1,2,2,2,6,6,1,,3,0,2.1207
1,2,2,2,7,6,3,,5,0,1.4908
1,2,2,2,8,6,2,,2,1,0.9037
1,2,2,2,9,6,5,,1,0,1.305
1,2,2,2,10,6,4,,5,0,1.5566
1,2,2,2,11,6,3,,1,0,2.0068
1,2,2,2,12,6,5,,5,1,1.43
1,2,2,2,13,6,5,,5,1,1.0574
1,2,2,2,14,6,6,,1,0,1.5483
1,2,2,2,15,6,3,,3,1,1.1348
1,2,2,2,16,6,1,,5,0,1.1903
1,2,2,2,17,6,1,,1,1,0.9988
1,2,2,2,18,6,2,,2,1,0.8205
1,2,2,2,19,6,4,,3,0,2.2969
1,2,2,2,20,6,5,,1,0,3.1801
1,2,2,2,21,6,2,,2,1,1.1468
1,2,2,2,22,6,4,,5,0,3.0255
1,2,2,2,23,6,2,,2,1,1.1598
1,2,2,2,24,6,6,,1,0,1.7588
1,2,2,2,25,6,5,,5,1,2.0083
1,2,2,2,26,6,2,,2,1,1.1319
1,2,2,2,27,6,6,,6,1,0.8359
1,2,2,2,28,6,1,,2,0,1.6557
1,2,2,2,29,6,6,,6,1,0.9502
1,2,2,2,30,6,6,,1,0,0.8854
1,2,2,2,31,6,3,,5,0,1.6018
1,2,2,2,32,6,1,,1,1,1.0736
1,2,2,2,33,6,6,,6,1,1.356
1,2,2,2,34,6,2,,2,1,1.1634
1,2,2,2,35,6,3,,5,0,1.4095
1,2,2,2,36,6,5,,3,0,2.0099
1,2,2,2,37,6,6,,6,1,1.2086
1,2,2,2,38,6,4,,1,0,1.1171
1,2,2,2,39,6,6,,5,0,1.4733
1,2,2,2,40,6,4,,1,0,1.1424
1,2,2,2,41,6,1,,2,0,1.3051
1,2,2,2,42,6,1,,1,1,1.1407
1,2,2,2,43,6,5,,5,1,1.0842
1,2,2,2,44,6,4,,3,0,1.4943
1,2,2,2,45,6,6,,6,1,0.7787
1,2,2,2,46,6,6,,6,1,0.7844
1,2,2,2,47,6,4,,4,1,1.0464
1,2,2,2,48,6,3,,3,1,1.249
1,2,2,2,49,6,3,,1,0,1.7484
1,2,2,2,50,6,2,,2,1,1.0699
1,2,2,3,1,2,1,5,1,1,1.6858
1,2,2,3,2,2,6,5,6,1,0.8546
1,2,2,3,3,2,5,1,5,1,1.1142
1,2,2,3,4,2,6,2,6,1,0.9308
1,2,2,3,5,2,6,2,2,0,1.0894
1,2,2,3,6,2,1,5,1,1,1.2225
1,2,2,3,7,2,6,2,6,1,0.763
1,2,2,3,8,2,2,3,2,1,0.978
1,2,2,3,9,2,2,4,2,1,0.8475
1,2,2,3,10,2,4,2,2,0,1.475
1,2,2,3,11,2,6,1,6,1,0.7754
1,2,2,3,12,2,1,5,1,1,1.7742
1,2,2,3,13,2,5,3,5,1,1.7394
1,2,2,3,14,2,4,3,3,0,2.2503
1,2,2,3,15,2,5,3,5,1,0.9275
1,2,2,3,16,2,3,5,5,0,1.4567
1,2,2,3,17,2,1,4,1,1,1.2695
1,2,2,3,18,2,6,3,6,1,0.7759
1,2,2,3,19,2,3,5,5,0,1.5348
1,2,2,3,20,2,4,6,4,1,1.8095
1,2,2,3,21,2,2,6,2,1,1.3895
1,2,2,3,22,2,3,4,3,1,1.1949
1,2,2,3,23,2,5,6,5,1,1.2149
1,2,2,3,24,2,1,3,1,1,1.7475
1,2,2,3,25,2,1,2,1,1,2.1135
1,2,2,3,26,2,3,5,3,1,1.1847
1,2,2,3,27,2,3,5,5,0,1.638
1,2,2,3,28,2,2,5,2,1,1.0927
1,2,2,3,29,2,5,1,5,1,1.7424
1,2,2,3,30,2,3,4,3,1,2.0455
1,2,2,3,31,2,4,6,4,1,2.24
1,2,2,3,32,2,4,3,4,1,2.5224
1,2,2,3,33,2,5,6,5,1,1.7848
1,2,2,3,34,2,4,3,4,1,2.6939
1,2,2,3,35,2,2,3,2,1,1.2139
1,2,2,3,36,2,1,5,1,1,1.4102
1,2,2,3,37,2,2,5,2,1,1.1024
1,2,2,3,38,2,4,6,4,1,1.6074
1,2,2,3,39,2,3,6,3,1,1.6436
1,2,2,3,40,2,5,6,5,1,1.2625
1,2,2,3,41,2,2,3,2,1,1.0886
1,2,2,3,42,2,6,4,6,1,1.3385
1,2,2,3,43,2,6,1,1,0,1.3855
1,2,2,3,44,2,3,4,3,1,2.5147
1,2,2,3,45,2,1,5,1,1,1.8575
1,2,2,3,46,2,6,5,5,0,1.2276
1,2,2,3,47,2,6,1,1,0,1.4188
1,2,2,3,48,2,5,2,2,0,1.1541
1,2,2,3,49,2,2,5,2,1,1.0446
1,2,2,3,50,2,4,2,4,1,1.6318
1,2,2,4,1,6,6,,3,0,1.1679
1,2,2,4,2,6,5,,2,0,1.2016
1,2,2,4,3,6,3,,3,1,1.1703
1,2,2,4,4,6,5,,3,0,1.5761
1,2,2,4,5,6,4,,1,0,2.0096
1,2,2,4,6,6,3,,3,1,1.3847
1,2,2,4,7,6,1,,1,1,0.9657
1,2,2,4,8,6,5,,5,1,1.1242
1,2,2,4,9,6,4,,3,0,1.3565
1,2,2,4,10,6,3,,1,0,1.0306
1,2,2,4,11,6,4,,6,0,1.4864
1,2,2,4,12,6,6,,6,1,0.6589
1,2,2,4,13,6,3,,5,0,1.8705
1,2,2,4,14,6,1,,6,0,1.8755
1,2,2,4,15,6,2,,2,1,0.8084
1,2,2,4,16,6,2,,2,1,1.3416
1,2,2,4,17,6,4,,3,0,1.1805
1,2,2,4,18,6,2,,2,1,0.7977
1,2,2,4,19,6,5,,5,1,1.2356
1,2,2,4,20,6,5,,6,0,0.807
1,2,2,4,21,6,2,,5,0,3.3993
1,2,2,4,22,6,6,,6,1,0.7656
1,2,2,4,23,6,2,,2,1,1.3318
1,2,2,4,24,6,1,,4,0,1.2357
1,2,2,4,25,6,1,,1,1,1.1068
1,2,2,4,26,6,5,,5,1,1.9795
1,2,2,4,27,6,2,,2,1,0.8326
1,2,2,4,28,6,6,,6,1,0.7716
1,2,2,4,29,6,1,,1,1,1.3068
1,2,2,4,30,6,2,,2,1,0.844
1,2,2,4,31,6,1,,6,0,0.8633
1,2,2,4,32,6,6,,6,1,0.6051
1,2,2,4,33,6,6,,6,1,0.8755
1,2,2,4,34,6,5,,5,1,1.8855
1,2,2,4,35,6,6,,6,1,0.9185
1,2,2,4,36,6,6,,6,1,0.8227
1,2,2,4,37,6,6,,1,0,1.0676
1,2,2,4,38,6,1,,1,1,1.025
1,2,2,4,39,6,3,,2,0,1.3098
1,2,2,4,40,6,4,,5,0,1.2251
1,2,2,4,41,6,4,,5,0,1.6245
1,2,2,4,42,6,3,,3,1,1.24
1,2,2,4,43,6,5,,3,0,2.059
1,2,2,4,44,6,4,,1,0,1.3842
1,2,2,4,45,6,3,,5,0,1.4082
1,2,2,4,46,6,1,,5,0,1.3849
1,2,2,4,47,6,3,,6,0,0.9776
1,2,2,4,48,6,2,,2,1,1.2588
1,2,2,4,49,6,4,,2,0,1.3735
1,2,2,4,50,6,6,,6,1,1.3985
1,2,3,1,1,6,2,,2,1,0.9925
1,2,3,1,2,6,6,,6,1,0.7669
1,2,3,1,3,6,1,,1,1,0.8697
1,2,3,1,4,6,2,,2,1,0.9676
1,2,3,1,5,6,5,,1,0,2.3255
1,2,3,1,6,6,4,,6,0,2.0881
1,2,3,1,7,6,3,,5,0,1.4124
1,2,3,1,8,6,4,,6,0,1.0836
1,2,3,1,9,6,6,,6,1,1.2011
1,2,3,1,10,6,3,,3,1,1.5095
1,2,3,1,11,6,6,,6,1,0.9584
1,2,3,1,12,6,6,,6,1,1.3892
1,2,3,1,13,6,2,,3,0,2.395
1,2,3,1,14,6,2,,6,0,1.1298
1,2,3,1,15,6,4,,6,0,0.8778
1,2,3,1,16,6,4,,2,0,0.9388
1,2,3,1,17,6,2,,2,1,0.9021
1,2,3,1,18,6,5,,5,1,1.1431
1,2,3,1,19,6,4,,1,0,1.5665
1,2,3,1,20,6,6,,6,1,0.832
1,2,3,1,21,6,5,,1,0,1.2518
1,2,3,1,22,6,4,,6,0,1.0264
1,2,3,1,23,6,3,,2,0,0.9702
1,2,3,1,24,6,2,,2,1,0.756
1,2,3,1,25,6,1,,1,1,1.26
1,2,3,1,26,6,5,,5,1,0.8779
1,2,3,1,27,6,6,,1,0,1.6645
1,2,3,1,28,6,5,,2,0,1.8857
1,2,3,1,29,6,3,,1,0,1.2976
1,2,3,1,30,6,4,,1,0,1.3415
1,2,3,1,31,6,1,,5,0,0.8731
1,2,3,1,32,6,1,,1,1,1.2224
1,2,3,1,33,6,5,,3,0,1.9792
1,2,3,1,34,6,2,,2,1,1.1949
1,2,3,1,35,6,6,,5,0,1.2484
1,2,3,1,36,6,1,,1,1,1.5025
1,2,3,1,37,6,3,,3,1,1.4148
1,2,3,1,38,6,3,,2,0,1.7472
1,2,3,1,39,6,1,,1,1,1.2114
1,2,3,1,40,6,6,,6,1,2.0635
1,2,3,1,41,6,6,,6,1,1.1049
1,2,3,1,42,6,4,,5,0,1.7545
1,2,3,1,43,6,5,,5,1,1.2683
1,2,3,1,44,6,6,,2,0,1.3501
1,2,3,1,45,6,3,,3,1,1.2804
1,2,3,1,46,6,2,,2,1,1.0742
1,2,3,1,47,6,5,,5,1,1.0044
1,2,3,1,48,6,1,,1,1,0.9215
1,2,3,1,49,6,3,,4,0,1.8814
1,2,3,1,50,6,1,,1,1,0.9257
1,2,3,2,1,2,4,3,4,1,2.9866
1,2,3,2,2,2,6,3,6,1,1.0947
1,2,3,2,3,2,5,1,5,1,1.4866
1,2,3,2,4,2,1,5,1,1,1.1283
1,2,3,2,5,2,6,2,6,1,0.8957
1,2,3,2,6,2,5,4,4,0,1.6807
1,2,3,2,7,2,2,5,5,0,2.2693
1,2,3,2,8,2,5,1,5,1,1.442
1,2,3,2,9,2,3,1,1,0,1.8209
1,2,3,2,10,2,2,3,2,1,1.2363
1,2,3,2,11,2,3,6,3,1,1.6395
1,2,3,2,12,2,3,2,2,0,1.2589
1,2,3,2,13,2,6,4,6,1,1.0646
1,2,3,2,14,2,4,3,4,1,1.3313
1,2,3,2,15,2,6,2,2,0,1.1544
1,2,3,2,16,2,4,1,1,0,1.5094
1,2,3,2,17,2,2,6,2,1,1.0167
1,2,3,2,18,2,1,6,1,1,1.5721
1,2,3,2,19,2,2,5,2,1,1.0339
1,2,3,2,20,2,1,5,5,0,1.7017
1,2,3,2,21,2,6,3,6,1,1.0574
1,2,3,2,22,2,2,4,2,1,0.9084
1,2,3,2,23,2,6,2,2,0,2.4933
1,2,3,2,24,2,6,5,6,1,0.6156
1,2,3,2,25,2,5,1,5,1,0.9648
1,2,3,2,26,2,6,3,6,1,0.9313
1,2,3,2,27,2,3,4,3,1,1.8904
1,2,3,2,28,2,5,1,5,1,1.7713
1,2,3,2,29,2,1,5,5,0,1.3205
1,2,3,2,30,2,3,5,5,0,1.2202
1,2,3,2,31,2,3,1,3,1,1.2041
1,2,3,2,32,2,3,1,1,0,1.5767
1,2,3,2,33,2,1,5,1,1,1.1455
1,2,3,2,34,2,5,6,5,1,1.2334
1,2,3,2,35,2,4,2,2,0,1.0928
1,2,3,2,36,2,4,1,1,0,1.4007
1,2,3,2,37,2,4,5,5,0,1.4091
1,2,3,2,38,2,5,3,5,1,1.2241
1,2,3,2,39,2,3,4,3,1,1.5007
1,2,3,2,40,2,4,5,5,0,1.9415
1,2,3,2,41,2,6,5,6,1,0.8232
1,2,3,2,42,2,1,6,1,1,3.2122
1,2,3,2,43,2,1,2,1,1,2.5423
1,2,3,2,44,2,6,2,6,1,0.9719
1,2,3,2,45,2,2,3,2,1,1.9631
1,2,3,2,46,2,2,1,1,0,2.7368
1,2,3,2,47,2,2,1,2,1,2.1943
1,2,3,2,48,2,4,2,4,1,2.0308
1,2,3,2,49,2,1,2,1,1,1.1527
1,2,3,2,50,2,5,6,6,0,1.6724
1,2,3,3,1,6,6,,5,0,4.6587
1,2,3,3,2,6,2,,2,1,0.9808
1,2,3,3,3,6,3,,3,1,1.4107
1,2,3,3,4,6,5,,5,1,1.2314
1,2,3,3,5,6,1,,1,1,1.4269
1,2,3,3,6,6,4,,1,0,1.631
1,2,3,3,7,6,2,,2,1,0.9573
1,2,3,3,8,6,2,,5,0,0.8765
1,2,3,3,9,6,3,,1,0,1.1618
1,2,3,3,10,6,1,,1,1,0.9235
1,2,3,3,11,6,1,,1,1,1.2439
1,2,3,3,12,6,4,,2,0,0.8631
1,2,3,3,13,6,3,,3,1,1.2925
1,2,3,3,14,6,5,,5,1,1.1337
1,2,3,3,15,6,6,,3,0,1.3336
1,2,3,3,16,6,5,,5,1,1.0884
1,2,3,3,17,6,6,,2,0,1.3056
1,2,3,3,18,6,1,,2,0,1.0941
1,2,3,3,19,6,2,,1,0,1.4821
1,2,3,3,20,6,2,,2,1,1.0391
1,2,3,3,21,6,4,,1,0,1.6426
1,2,3,3,22,6,5,,6,0,1.5934
1,2,3,3,23,6,4,,5,0,1.2415
1,2,3,3,24,6,5,,6,0,1.2238
1,2,3,3,25,6,3,,3,1,2.0069
1,2,3,3,26,6,2,,2,1,1.419
1,2,3,3,27,6,3,,3,1,1.4793
1,2,3,3,28,6,1,,1,1,1.2647
1,2,3,3,29,6,1,,5,0,2.4028
1,2,3,3,30,6,3,,3,1,1.6178
1,2,3,3,31,6,6,,6,1,0.9333
1,2,3,3,32,6,5,,1,0,1.6848
1,2,3,3,33,6,2,,2,1,1.0897
1,2,3,3,34,6,1,,2,0,1.5628
1,2,3,3,35,6,3,,6,0,1.3883
1,2,3,3,36,6,4,,5,0,2.3416
1,2,3,3,37,6,1,,6,0,1.8632
1,2,3,3,38,6,4,,1,0,2.6838
1,2,3,3,39,6,3,,3,1,1.6313
1,2,3,3,40,6,6,,6,1,0.8987
1,2,3,3,41,6,6,,2,0,1.348
1,2,3,3,42,6,4,,4,1,2.0135
1,2,3,3,43,6,6,,6,1,0.9772
1,2,3,3,44,6,5,,3,0,3.3106
1,2,3,3,45,6,4,,3,0,1.6406
1,2,3,3,46,6,6,,6,1,0.8072
1,2,3,3,47,6,5,,5,1,1.0039
1,2,3,3,48,6,6,,6,1,1.7037
1,2,3,3,49,6,2,,2,1,1.0318
1,2,3,3,50,6,6,,3,0,1.444
1,2,3,4,1,2,6,1,6,1,1.7518
1,2,3,4,2,2,4,2,4,1,2.6303
1,2,3,4,3,2,6,2,6,1,1.1832
1,2,3,4,4,2,6,2,6,1,0.9969
1,2,3,4,5,2,4,1,4,1,1.7292
1,2,3,4,6,2,4,1,4,1,1.3761
1,2,3,4,7,2,6,4,6,1,1.0704
1,2,3,4,8,2,5,2,5,1,1.4001
1,2,3,4,9,2,3,5,5,0,1.2848
1,2,3,4,10,2,4,3,4,1,1.2501
1,2,3,4,11,2,3,1,3,1,1.8123
1,2,3,4,12,2,3,2,3,1,1.3756
1,2,3,4,13,2,3,1,3,1,1.6942
1,2,3,4,14,2,1,2,1,1,1.0382
1,2,3,4,15,2,1,4,1,1,1.2419
1,2,3,4,16,2,3,2,2,0,1.5974
1,2,3,4,17,2,4,1,4,1,1.2132
1,2,3,4,18,2,2,3,2,1,2.0332
1,2,3,4,19,2,2,3,2,1,0.9802
1,2,3,4,20,2,1,6,1,1,1.313
1,2,3,4,21,2,1,2,1,1,1.2333
1,2,3,4,22,2,5,2,5,1,1.8612
1,2,3,4,23,2,2,5,5,0,2.0463
1,2,3,4,24,2,5,1,5,1,1.4674
1,2,3,4,25,2,2,1,1,0,2.6939
1,2,3,4,26,2,4,2,4,1,1.8488
1,2,3,4,27,2,4,1,4,1,1.4262
1,2,3,4,28,2,3,5,3,1,1.2788
1,2,3,4,29,2,2,3,2,1,1.2317
1,2,3,4,30,2,6,3,3,0,2.2272
1,2,3,4,31,2,6,5,6,1,1.4011
1,2,3,4,32,2,6,1,6,1,0.8376
1,2,3,4,33,2,5,6,5,1,1.1138
1,2,3,4,34,2,1,6,1,1,1.6185
1,2,3,4,35,2,4,1,4,1,1.9742
1,2,3,4,36,2,2,4,4,0,1.7392
1,2,3,4,37,2,6,4,6,1,1.2701
1,2,3,4,38,2,1,5,1,1,1.3198
1,2,3,4,39,2,1,3,1,1,1.1758
1,2,3,4,40,2,3,6,6,0,1.1504
1,2,3,4,41,2,6,3,3,0,2.5928
1,2,3,4,42,2,5,1,5,1,0.7436
1,2,3,4,43,2,3,1,3,1,1.8078
1,2,3,4,44,2,1,6,1,1,0.9546
1,2,3,4,45,2,6,4,6,1,0.8105
1,2,3,4,46,2,2,5,2,1,0.8311
1,2,3,4,47,2,2,5,2,1,0.8356
1,2,3,4,48,2,5,1,5,1,1.1593
1,2,3,4,49,2,5,4,5,1,1.3905
1,2,3,4,50,2,5,2,2,0,2.0426
1,2,4,1,1,2,6,3,6,1,1.6753
1,2,4,1,2,2,5,4,4,0,1.7407
1,2,4,1,3,2,5,2,5,1,0.663
1,2,4,1,4,2,6,5,6,1,0.8188
1,2,4,1,5,2,2,1,2,1,1.143
1,2,4,1,6,2,2,1,1,0,2.2547
1,2,4,1,7,2,4,3,4,1,2.068
1,2,4,1,8,2,1,3,3,0,1.4777
1,2,4,1,9,2,1,4,1,1,1.4503
1,2,4,1,10,2,1,6,1,1,1.1568
1,2,4,1,11,2,2,3,2,1,1.3883
1,2,4,1,12,2,3,6,3,1,1.6096
1,2,4,1,13,2,6,1,6,1,1.2462
1,2,4,1,14,2,3,2,3,1,1.4886
1,2,4,1,15,2,3,2,3,1,1.2416
1,2,4,1,16,2,5,2,5,1,1.0849
1,2,4,1,17,2,5,1,5,1,1.0787
1,2,4,1,18,2,1,3,1,1,0.976
1,2,4,1,19,2,3,5,3,1,1.2944
1,2,4,1,20,2,2,3,2,1,0.7991
1,2,4,1,21,2,1,2,1,1,1.7325
1,2,4,1,22,2,2,4,2,1,1.1391
1,2,4,1,23,2,6,2,6,1,1.7866
1,2,4,1,24,2,3,6,3,1,2.3913
1,2,4,1,25,2,5,4,5,1,1.1149
1,2,4,1,26,2,5,3,5,1,1.5397
1,2,4,1,27,2,6,5,6,1,1.0824
1,2,4,1,28,2,1,3,1,1,1.1869
1,2,4,1,29,2,4,6,6,0,1.5286
1,2,4,1,30,2,2,6,2,1,0.8588
1,2,4,1,31,2,1,3,3,0,1.9826
1,2,4,1,32,2,5,2,5,1,1.1666
1,2,4,1,33,2,4,6,4,1,1.6845
1,2,4,1,34,2,4,1,4,1,1.7181
1,2,4,1,35,2,6,5,5,0,1.7978
1,2,4,1,36,2,4,2,2,0,1.2932
1,2,4,1,37,2,6,1,1,0,2.2657
1,2,4,1,38,2,6,4,6,1,0.9267
1,2,4,1,39,2,1,6,1,1,1.1028
1,2,4,1,40,2,2,3,2,1,1.2081
1,2,4,1,41,2,3,4,4,0,2.1886
1,2,4,1,42,2,5,2,5,1,1.1564
1,2,4,1,43,2,6,2,6,1,0.9388
1,2,4,1,44,2,2,6,2,1,2.3791
1,2,4,1,45,2,4,3,4,1,2.336
1,2,4,1,46,2,3,2,3,1,1.6707
1,2,4,1,47,2,3,5,3,1,1.1119
1,2,4,1,48,2,4,1,4,1,1.7283
1,2,4,1,49,2,4,2,4,1,1.7756
1,2,4,1,50,2,6,3,6,1,1.7728
1,2,4,2,1,6,6,,6,1,0.7923
1,2,4,2,2,6,3,,5,0,1.4855
1,2,4,2,3,6,4,,5,0,1.1063
1,2,4,2,4,6,3,,4,0,1.8466
1,2,4,2,5,6,6,,6,1,1.0206
1,2,4,2,6,6,2,,6,0,1.3522
1,2,4,2,7,6,3,,3,1,1.2025
1,2,4,2,8,6,4,,2,0,0.9997
1,2,4,2,9,6,6,,6,1,0.7682
1,2,4,2,10,6,3,,1,0,1.2232
1,2,4,2,11,6,4,,6,0,1.2699
1,2,4,2,12,6,2,,2,1,1.1874
1,2,4,2,13,6,2,,3,0,1.1612
1,2,4,2,14,6,1,,1,1,1.1307
1,2,4,2,15,6,5,,6,0,1.314
1,2,4,2,16,6,6,,6,1,0.8454
1,2,4,2,17,6,2,,2,1,1.1688
1,2,4,2,18,6,2,,2,1,1.0634
1,2,4,2,19,6,3,,4,0,1.282
1,2,4,2,20,6,5,,5,1,1.3744
1,2,4,2,21,6,6,,6,1,1.5489
1,2,4,2,22,6,1,,1,1,1.3637
1,2,4,2,23,6,6,,6,1,1.4413
1,2,4,2,24,6,4,,5,0,2.3482
1,2,4,2,25,6,5,,5,1,1.662
1,2,4,2,26,6,3,,2,0,2.5273
1,2,4,2,27,6,5,,5,1,1.4972
1,2,4,2,28,6,6,,2,0,2.2096
1,2,4,2,29,6,2,,2,1,0.9358
1,2,4,2,30,6,1,,3,0,1.8635
1,2,4,2,31,6,3,,2,0,1.6129
1,2,4,2,32,6,1,,1,1,4.284
1,2,4,2,33,6,4,,5,0,2.0342
1,2,4,2,34,6,5,,2,0,1.2639
1,2,4,2,35,6,5,,5,1,1.0698
1,2,4,2,36,6,5,,2,0,2.7919
1,2,4,2,37,6,4,,3,0,1.7026
1,2,4,2,38,6,1,,6,0,1.1386
1,2,4,2,39,6,1,,2,0,0.9978
1,2,4,2,40,6,6,,6,1,0.7985
1,2,4,2,41,6,6,,6,1,0.8837
1,2,4,2,42,6,4,,5,0,1.4935
1,2,4,2,43,6,1,,3,0,1.5776
1,2,4,2,44,6,2,,2,1,0.8423
1,2,4,2,45,6,2,,5,0,1.4537
1,2,4,2,46,6,6,,6,1,1.0909
1,2,4,2,47,6,5,,6,0,1.0045
1,2,4,2,48,6,1,,6,0,0.9655
1,2,4,2,49,6,4,,5,0,1.215
1,2,4,2,50,6,3,,2,0,1.2466
1,2,4,3,1,2,4,1,1,0,1.6909
1,2,4,3,2,2,6,1,1,0,2.1824
1,2,4,3,3,2,1,2,1,1,1.2305
1,2,4,3,4,2,5,4,5,1,2.5457
1,2,4,3,5,2,4,1,1,0,1.1995
1,2,4,3,6,2,6,5,6,1,0.9277
1,2,4,3,7,2,3,6,3,1,1.136
1,2,4,3,8,2,3,4,4,0,1.9123
1,2,4,3,9,2,5,6,5,1,1.1148
1,2,4,3,10,2,6,5,5,0,1.7152
1,2,4,3,11,2,6,5,6,1,0.9264
1,2,4,3,12,2,6,3,6,1,1.0057
1,2,4,3,13,2,1,2,2,0,1.4991
1,2,4,3,14,2,4,3,4,1,2.1916
1,2,4,3,15,2,4,2,2,0,1.5793
1,2,4,3,16,2,5,2,5,1,1.2125
1,2,4,3,17,2,4,6,6,0,1.1686
1,2,4,3,18,2,1,3,1,1,1.0741
1,2,4,3,19,2,5,3,5,1,1.2927
1,2,4,3,20,2,3,4,4,0,1.9336
1,2,4,3,21,2,3,5,3,1,2.0792
1,2,4,3,22,2,5,2,5,1,0.9928
1,2,4,3,23,2,2,1,2,1,1.7407
1,2,4,3,24,2,2,3,2,1,0.9883
1,2,4,3,25,2,2,1,2,1,0.9383
1,2,4,3,26,2,6,4,6,1,1.0322
1,2,4,3,27,2,2,4,2,1,1.1402
1,2,4,3,28,2,4,3,3,0,1.8839
1,2,4,3,29,2,6,2,6,1,0.607
1,2,4,3,30,2,1,2,2,0,1.7251
1,2,4,3,31,2,6,4,4,0,1.8952
1,2,4,3,32,2,3,1,3,1,1.3385
1,2,4,3,33,2,2,1,1,0,2.7299
1,2,4,3,34,2,5,3,5,1,1.4999
1,2,4,3,35,2,4,1,4,1,1.6683
1,2,4,3,36,2,2,1,2,1,1.4939
1,2,4,3,37,2,6,5,6,1,0.8471
1,2,4,3,38,2,1,5,5,0,1.4903
1,2,4,3,39,2,5,4,5,1,1.1904
1,2,4,3,40,2,3,2,3,1,2.6043
1,2,4,3,41,2,2,1,1,0,2.9353
1,2,4,3,42,2,3,1,1,0,2.6563
1,2,4,3,43,2,6,2,6,1,0.9008
1,2,4,3,44,2,1,6,1,1,2.1341
1,2,4,3,45,2,1,5,1,1,1.1887
1,2,4,3,46,2,5,1,1,0,1.2744
1,2,4,3,47,2,3,5,3,1,1.4154
1,2,4,3,48,2,1,2,1,1,1.2349
1,2,4,3,49,2,4,6,4,1,1.959
1,2,4,3,50,2,2,6,2,1,0.9721
1,2,4,4,1,6,5,,3,0,1.2719
1,2,4,4,2,6,2,,2,1,0.8532
1,2,4,4,3,6,1,,1,1,1.0801
1,2,4,4,4,6,3,,5,0,1.0425
1,2,4,4,5,6,6,,5,0,1.5125
1,2,4,4,6,6,6,,6,1,1.2602
1,2,4,4,7,6,1,,5,0,1.5337
1,2,4,4,8,6,3,,3,1,1.6485
1,2,4,4,9,6,3,,1,0,1.6021
1,2,4,4,10,6,2,,2,1,0.8025
1,2,4,4,11,6,3,,3,1,0.9673
1,2,4,4,12,6,4,,5,0,1.3984
1,2,4,4,13,6,6,,6,1,0.8146
1,2,4,4,14,6,5,,6,0,1.9709
1,2,4,4,15,6,4,,1,0,1.4426
1,2,4,4,16,6,4,,4,1,1.2094
1,2,4,4,17,6,5,,5,1,1.7257
1,2,4,4,18,6,2,,2,1,1.6132
1,2,4,4,19,6,1,,6,0,1.1529
1,2,4,4,20,6,4,,6,0,1.1868
1,2,4,4,21,6,4,,2,0,1.2517
1,2,4,4,22,6,6,,6,1,1.0417
1,2,4,4,23,6,1,,2,0,1.3578
1,2,4,4,24,6,1,,3,0,1.3827
1,2,4,4,25,6,5,,6,0,1.0241
1,2,4,4,26,6,1,,3,0,1.6078
1,2,4,4,27,6,6,,6,1,1.0467
1,2,4,4,28,6,4,,5,0,1.1541
1,2,4,4,29,6,2,,2,1,0.9483
1,2,4,4,30,6,5,,5,1,1.5712
1,2,4,4,31,6,4,,3,0,1.4169
1,2,4,4,32,6,6,,6,1,0.7521
1,2,4,4,33,6,2,,2,1,1.1757
1,2,4,4,34,6,5,,5,1,1.1816
1,2,4,4,35,6,3,,1,0,1.0591
1,2,4,4,36,6,6,,6,1,0.729
1,2,4,4,37,6,2,,2,1,0.8168
1,2,4,4,38,6,3,,3,1,0.934
1,2,4,4,39,6,5,,3,0,1.2375
1,2,4,4,40,6,5,,3,0,0.9646
1,2,4,4,41,6,1,,5,0,1.0709
1,2,4,4,42,6,4,,3,0,1.6035
1,2,4,4,43,6,6,,6,1,0.7878
1,2,4,4,44,6,2,,2,1,0.8896
1,2,4,4,45,6,3,,5,0,1.1149
1,2,4,4,46,6,6,,6,1,0.9903
1,2,4,4,47,6,2,,6,0,1.1962
1,2,4,4,48,6,3,,2,0,1.3564
1,2,4,4,49,6,1,,6,0,1.2223
1,2,4,4,50,6,6,,6,1,0.8695
1,2,5,1,1,6,1,,3,0,1.6545
1,2,5,1,2,6,3,,2,0,1.5404
1,2,5,1,3,6,6,,5,0,1.2868
1,2,5,1,4,6,1,,5,0,0.9477
1,2,5,1,5,6,5,,5,1,0.8144
1,2,5,1,6,6,6,,6,1,0.9147
1,2,5,1,7,6,3,,1,0,1.5878
1,2,5,1,8,6,6,,6,1,1.4605
1,2,5,1,9,6,5,,3,0,1.295
1,2,5,1,10,6,6,,6,1,0.6008
1,2,5,1,11,6,2,,2,1,0.793
1,2,5,1,12,6,1,,1,1,1.6475
1,2,5,1,13,6,3,,4,0,1.3142
1,2,5,1,14,6,6,,6,1,0.8619
1,2,5,1,15,6,6,,6,1,0.8325
1,2,5,1,16,6,2,,2,1,1.2199
1,2,5,1,17,6,4,,4,1,1.913
1,2,5,1,18,6,6,,6,1,0.672
1,2,5,1,19,6,1,,2,0,1.275
1,2,5,1,20,6,2,,2,1,0.9522
1,2,5,1,21,6,5,,4,0,1.7988
1,2,5,1,22,6,6,,6,1,0.6868
1,2,5,1,23,6,1,,4,0,1.9768
1,2,5,1,24,6,1,,1,1,1.1459
1,2,5,1,25,6,3,,3,1,1.3449
1,2,5,1,26,6,4,,3,0,1.4877
1,2,5,1,27,6,1,,1,1,1.3329
1,2,5,1,28,6,5,,6,0,1.1722
1,2,5,1,29,6,3,,2,0,1.2686
1,2,5,1,30,6,2,,2,1,1.123
1,2,5,1,31,6,4,,3,0,1.1626
1,2,5,1,32,6,6,,6,1,1.0684
1,2,5,1,33,6,2,,2,1,1.2713
1,2,5,1,34,6,6,,6,1,0.7452
1,2,5,1,35,6,5,,3,0,1.6487
1,2,5,1,36,6,5,,5,1,0.6058
1,2,5,1,37,6,1,,6,0,1.228
1,2,5,1,38,6,4,,1,0,1.0032
1,2,5,1,39,6,2,,2,1,1.075
1,2,5,1,40,6,2,,1,0,1.3892
1,2,5,1,41,6,3,,3,1,1.013
1,2,5,1,42,6,2,,2,1,1.0258
1,2,5,1,43,6,4,,3,0,1.2139
1,2,5,1,44,6,3,,1,0,1.0054
1,2,5,1,45,6,4,,2,0,1.0611
1,2,5,1,46,6,4,,5,0,1.7548
1,2,5,1,47,6,4,,5,0,1.8279
1,2,5,1,48,6,5,,5,1,1.0022
1,2,5,1,49,6,3,,4,0,1.4481
1,2,5,1,50,6,5,,6,0,0.9574
1,2,5,2,1,2,2,1,2,1,1.1579
1,2,5,2,2,2,1,2,1,1,1.9319
1,2,5,2,3,2,4,3,3,0,1.9545
1,2,5,2,4,2,4,1,4,1,1.2677
1,2,5,2,5,2,6,2,6,1,0.9017
1,2,5,2,6,2,3,1,3,1,1.6072
1,2,5,2,7,2,1,3,1,1,1.6275
1,2,5,2,8,2,6,5,6,1,0.9587
1,2,5,2,9,2,3,1,3,1,1.1969
1,2,5,2,10,2,5,6,5,1,0.9942
1,2,5,2,11,2,5,1,5,1,1.0393
1,2,5,2,12,2,5,3,3,0,2.3306
1,2,5,2,13,2,4,3,3,0,1.5003
1,2,5,2,14,2,4,5,5,0,1.5362
1,2,5,2,15,2,6,3,6,1,0.979
1,2,5,2,16,2,4,1,4,1,1.1527
1,2,5,2,17,2,5,2,2,0,1.7351
1,2,5,2,18,2,2,5,2,1,0.8981
1,2,5,2,19,2,5,4,5,1,0.7708
1,2,5,2,20,2,6,2,6,1,0.969
1,2,5,2,21,2,2,1,2,1,1.6075
1,2,5,2,22,2,2,3,2,1,0.8439
1,2,5,2,23,2,3,5,3,1,1.279
1,2,5,2,24,2,2,6,2,1,0.8327
1,2,5,2,25,2,6,2,2,0,1.7808
1,2,5,2,26,2,6,2,6,1,0.9559
1,2,5,2,27,2,3,1,3,1,1.1635
1,2,5,2,28,2,6,5,6,1,0.994
1,2,5,2,29,2,6,2,6,1,0.8312
1,2,5,2,30,2,1,3,1,1,1.7304
1,2,5,2,31,2,4,5,4,1,1.0737
1,2,5,2,32,2,5,1,5,1,0.9547
1,2,5,2,33,2,1,4,1,1,1.3856
1,2,5,2,34,2,5,3,5,1,1.2872
1,2,5,2,35,2,4,2,2,0,1.3045
1,2,5,2,36,2,1,5,5,0,1.6048
1,2,5,2,37,2,2,1,2,1,1.2851
1,2,5,2,38,2,3,4,4,0,1.4464
1,2,5,2,39,2,1,5,1,1,1.4364
1,2,5,2,40,2,3,6,3,1,1.9753
1,2,5,2,41,2,6,2,6,1,0.8121
1,2,5,2,42,2,2,5,2,1,0.8493
1,2,5,2,43,2,1,4,1,1,1.2363
1,2,5,2,44,2,6,5,6,1,1.0312
1,2,5,2,45,2,1,3,1,1,1.1708
1,2,5,2,46,2,2,5,2,1,1.1289
1,2,5,2,47,2,3,4,4,0,1.9043
1,2,5,2,48,2,5,3,5,1,1.5712
1,2,5,2,49,2,3,6,3,1,1.4817
1,2,5,2,50,2,4,1,4,1,1.2023
1,2,5,3,1,6,4,,5,0,1.3644
1,2,5,3,2,6,3,,3,1,1.438
1,2,5,3,3,6,1,,1,1,0.9851
1,2,5,3,4,6,6,,6,1,0.7753
1,2,5,3,5,6,6,,6,1,0.8291
1,2,5,3,6,6,6,,6,1,0.7526
1,2,5,3,7,6,5,,5,1,0.8229
1,2,5,3,8,6,5,,5,1,1.3233
1,2,5,3,9,6,5,,4,0,1.212
1,2,5,3,10,6,4,,5,0,2.267
1,2,5,3,11,6,4,,2,0,0.8959
1,2,5,3,12,6,4,,5,0,1.0209
1,2,5,3,13,6,5,,3,0,2.5158
1,2,5,3,14,6,1,,2,0,1.5663
1,2,5,3,15,6,1,,1,1,1.7116
1,2,5,3,16,6,3,,5,0,1.5503
1,2,5,3,17,6,1,,3,0,1.169
1,2,5,3,18,6,6,,6,1,0.7387
1,2,5,3,19,6,3,,1,0,1.9615
1,2,5,3,20,6,6,,5,0,1.1943
1,2,5,3,21,6,4,,3,0,1.2107
1,2,5,3,22,6,6,,6,1,0.8588
1,2,5,3,23,6,2,,2,1,1.4041
1,2,5,3,24,6,1,,6,0,1.9127
1,2,5,3,25,6,3,,5,0,1.1955
1,2,5,3,26,6,3,,1,0,1.3397
1,2,5,3,27,6,4,,2,0,1.254
1,2,5,3,28,6,2,,6,0,1.2673
1,2,5,3,29,6,2,,2,1,0.9279
1,2,5,3,30,6,2,,2,1,1.1364
1,2,5,3,31,6,1,,2,0,1.7831
1,2,5,3,32,6,3,,3,1,1.1519
1,2,5,3,33,6,2,,2,1,0.8383
1,2,5,3,34,6,1,,1,1,1.0659
1,2,5,3,35,6,6,,6,1,0.7402
1,2,5,3,36,6,1,,5,0,1.3082
1,2,5,3,37,6,5,,5,1,0.9673
1,2,5,3,38,6,6,,5,0,0.9822
1,2,5,3,39,6,6,,5,0,0.8634
1,2,5,3,40,6,4,,4,1,1.102
1,2,5,3,41,6,2,,5,0,1.1748
1,2,5,3,42,6,5,,6,0,1.0476
1,2,5,3,43,6,4,,4,1,1.7902
1,2,5,3,44,6,2,,2,1,0.9711
1,2,5,3,45,6,5,,1,0,1.3537
1,2,5,3,46,6,6,,6,1,0.8344
1,2,5,3,47,6,3,,1,0,2.0384
1,2,5,3,48,6,3,,2,0,1.7493
1,2,5,3,49,6,5,,5,1,0.9581
1,2,5,3,50,6,2,,2,1,1.0208
1,2,5,4,1,2,6,3,6,1,2.3256
1,2,5,4,2,2,2,5,5,0,2.4918
1,2,5,4,3,2,6,3,3,0,1.3988
1,2,5,4,4,2,5,6,5,1,1.6149
1,2,5,4,5,2,4,2,4,1,1.8426
1,2,5,4,6,2,1,4,1,1,1.2937
1,2,5,4,7,2,1,5,5,0,1.7751
1,2,5,4,8,2,2,1,2,1,1.0315
1,2,5,4,9,2,1,4,1,1,1.1548
1,2,5,4,10,2,5,1,5,1,1.21
1,2,5,4,11,2,3,2,3,1,2.0785
1,2,5,4,12,2,4,5,4,1,2.0468
1,2,5,4,13,2,5,1,5,1,1.857
1,2,5,4,14,2,3,2,3,1,1.5952
1,2,5,4,15,2,6,4,6,1,1.0236
1,2,5,4,16,2,1,6,1,1,1.7073
1,2,5,4,17,2,3,4,4,0,1.9476
1,2,5,4,18,2,6,1,6,1,0.7974
1,2,5,4,19,2,6,4,6,1,1.0585
1,2,5,4,20,2,1,3,1,1,1.3733
1,2,5,4,21,2,3,6,3,1,1.3541
1,2,5,4,22,2,2,6,2,1,1.1769
1,2,5,4,23,2,4,3,4,1,1.5353
1,2,5,4,24,2,4,3,4,1,1.4941
1,2,5,4,25,2,6,2,6,1,0.9907
1,2,5,4,26,2,6,1,1,0,2.0597
1,2,5,4,27,2,5,2,5,1,1.481
1,2,5,4,28,2,4,6,4,1,1.3458
1,2,5,4,29,2,6,5,6,1,0.8967
1,2,5,4,30,2,5,2,5,1,1.1062
1,2,5,4,31,2,1,5,1,1,1.0189
1,2,5,4,32,2,1,3,1,1,1.3669
1,2,5,4,33,2,4,5,5,0,1.2847
1,2,5,4,34,2,2,1,2,1,1.3294
1,2,5,4,35,2,2,6,2,1,1.2485
1,2,5,4,36,2,3,5,5,0,1.6193
1,2,5,4,37,2,6,1,1,0,1.3151
1,2,5,4,38,2,1,2,1,1,1.4542
1,2,5,4,39,2,2,5,2,1,1.0008
1,2,5,4,40,2,3,4,3,1,1.189
1,2,5,4,41,2,2,5,2,1,1.1148
1,2,5,4,42,2,4,3,4,1,1.4429
1,2,5,4,43,2,2,1,1,0,1.6295
1,2,5,4,44,2,5,6,5,1,1.34
1,2,5,4,45,2,5,2,5,1,1.7228
1,2,5,4,46,2,5,3,5,1,1.6259
1,2,5,4,47,2,3,6,3,1,1.1823
1,2,5,4,48,2,6,4,6,1,0.9952
1,2,5,4,49,2,3,1,1,0,1.456
1,2,5,4,50,2,4,2,4,1,1.9095
1,3,1,1,1,6,2,,2,1,1.2238
1,3,1,1,2,6,1,,1,1,1.5469
1,3,1,1,3,6,6,,5,0,1.1542
1,3,1,1,4,6,2,,4,0,2.8027
1,3,1,1,5,6,5,,6,0,1.2493
1,3,1,1,6,6,1,,5,0,1.952
1,3,1,1,7,6,6,,6,1,0.8649
1,3,1,1,8,6,5,,6,0,1.8442
1,3,1,1,9,6,6,,6,1,0.9064
1,3,1,1,10,6,3,,3,1,1.0996
1,3,1,1,11,6,5,,5,1,1.1722
1,3,1,1,12,6,6,,6,1,0.8106
1,3,1,1,13,6,1,,3,0,1.1198
1,3,1,1,14,6,3,,1,0,1.812
1,3,1,1,15,6,1,,1,1,1.4031
1,3,1,1,16,6,4,,2,0,1.5444
1,3,1,1,17,6,2,,1,0,1.2906
1,3,1,1,18,6,3,,2,0,1.5915
1,3,1,1,19,6,2,,2,1,0.9205
1,3,1,1,20,6,3,,5,0,1.9128
1,3,1,1,21,6,4,,6,0,1.6606
1,3,1,1,22,6,2,,1,0,2.138
1,3,1,1,23,6,3,,1,0,1.1882
1,3,1,1,24,6,6,,5,0,1.1569
1,3,1,1,25,6,3,,2,0,1.5911
1,3,1,1,26,6,5,,4,0,1.3043
1,3,1,1,27,6,5,,5,1,2.1326
1,3,1,1,28,6,4,,2,0,1.1067
1,3,1,1,29,6,4,,4,1,1.3676
1,3,1,1,30,6,1,,1,1,1.1569
1,3,1,1,31,6,5,,2,0,0.8922
1,3,1,1,32,6,6,,1,0,1.3538
1,3,1,1,33,6,4,,3,0,1.732
1,3,1,1,34,6,4,,5,0,1.0221
1,3,1,1,35,6,2,,2,1,1.0944
1,3,1,1,36,6,6,,6,1,0.8478
1,3,1,1,37,6,6,,1,0,1.3151
1,3,1,1,38,6,2,,2,1,0.9741
1,3,1,1,39,6,4,,5,0,1.4053
1,3,1,1,40,6,6,,6,1,0.805
1,3,1,1,41,6,3,,5,0,1.1788
1,3,1,1,42,6,1,,1,1,1.0997
1,3,1,1,43,6,5,,5,1,1.093
1,3,1,1,44,6,4,,3,0,1.919
1,3,1,1,45,6,1,,2,0,1.1373
1,3,1,1,46,6,3,,2,0,1.0927
1,3,1,1,47,6,2,,3,0,1.706
1,3,1,1,48,6,5,,5,1,1.1252
1,3,1,1,49,6,1,,4,0,1.8857
1,3,1,1,50,6,6,,3,0,1.2983
1,3,1,2,1,2,3,5,5,0,2.2669
1,3,1,2,2,2,6,1,6,1,3.2476
1,3,1,2,3,2,6,4,6,1,1.0571
1,3,1,2,4,2,1,5,1,1,1.116
1,3,1,2,5,2,6,1,6,1,1.4288
1,3,1,2,6,2,3,1,3,1,1.3441
1,3,1,2,7,2,1,5,5,0,1.0559
1,3,1,2,8,2,2,4,2,1,1.0624
1,3,1,2,9,2,6,4,4,0,2.1294
1,3,1,2,10,2,2,1,2,1,1.1322
1,3,1,2,11,2,4,3,4,1,1.8754
1,3,1,2,12,2,1,3,1,1,1.1333
1,3,1,2,13,2,3,6,3,1,2.0209
1,3,1,2,14,2,2,6,2,1,1.0963
1,3,1,2,15,2,5,2,5,1,1.1694
1,3,1,2,16,2,3,4,3,1,2.9524
1,3,1,2,17,2,6,5,6,1,0.9173
1,3,1,2,18,2,6,3,3,0,1.6051
1,3,1,2,19,2,5,2,5,1,0.9011
1,3,1,2,20,2,4,5,4,1,1.383
1,3,1,2,21,2,3,5,5,0,1.5882
1,3,1,2,22,2,4,2,4,1,1.2529
1,3,1,2,23,2,2,3,2,1,1.2071
1,3,1,2,24,2,2,5,2,1,1.0524
1,3,1,2,25,2,5,4,4,0,1.415
1,3,1,2,26,2,5,6,6,0,1.2783
1,3,1,2,27,2,2,3,2,1,1.98
1,3,1,2,28,2,1,2,1,1,1.217
1,3,1,2,29,2,4,3,4,1,1.6369
1,3,1,2,30,2,2,6,2,1,1.0485
1,3,1,2,31,2,5,3,5,1,1.1235
1,3,1,2,32,2,3,2,2,0,1.2279
1,3,1,2,33,2,3,5,3,1,1.1956
1,3,1,2,34,2,6,3,6,1,1.0088
1,3,1,2,35,2,1,3,1,1,1.7421
1,3,1,2,36,2,3,6,3,1,1.3252
1,3,1,2,37,2,2,4,2,1,1.2449
1,3,1,2,38,2,4,5,5,0,1.4886
1,3,1,2,39,2,6,3,3,0,1.6854
1,3,1,2,40,2,5,2,5,1,1.0419
1,3,1,2,41,2,4,6,4,1,1.485
1,3,1,2,42,2,5,1,1,0,1.2551
1,3,1,2,43,2,1,2,1,1,1.1085
1,3,1,2,44,2,5,2,2,0,1.1658
1,3,1,2,45,2,6,4,6,1,0.8473
1,3,1,2,46,2,4,1,4,1,1.9232
1,3,1,2,47,2,1,6,1,1,1.0816
1,3,1,2,48,2,6,3,6,1,0.8187
1,3,1,2,49,2,1,6,1,1,1.5752
1,3,1,2,50,2,4,3,4,1,1.6612
1,3,1,3,1,6,6,,3,0,1.2772
1,3,1,3,2,6,5,,5,1,0.8749
1,3,1,3,3,6,6,,2,0,1.3249
1,3,1,3,4,6,4,,6,0,1.1921
1,3,1,3,5,6,3,,3,1,1.5135
1,3,1,3,6,6,1,,1,1,1.3298
1,3,1,3,7,6,5,,5,1,1.1369
1,3,1,3,8,6,6,,6,1,0.8882
1,3,1,3,9,6,6,,6,1,0.8744
1,3,1,3,10,6,1,,6,0,1.0208
1,3,1,3,11,6,1,,1,1,1.077
1,3,1,3,12,6,3,,3,1,1.759
1,3,1,3,13,6,1,,1,1,1.0688
1,3,1,3,14,6,1,,1,1,1.6709
1,3,1,3,15,6,1,,1,1,1.1768
1,3,1,3,16,6,5,,5,1,1.1032
1,3,1,3,17,6,6,,6,1,0.8871
1,3,1,3,18,6,5,,1,0,1.8975
1,3,1,3,19,6,5,,1,0,1.1807
1,3,1,3,20,6,3,,6,0,1.7419
1,3,1,3,21,6,6,,6,1,0.8719
1,3,1,3,22,6,3,,5,0,2.219
1,3,1,3,23,6,2,,2,1,1.0251
1,3,1,3,24,6,3,,6,0,1.2935
1,3,1,3,25,6,6,,6,1,0.7464
1,3,1,3,26,6,2,,2,1,1.1378
1,3,1,3,27,6,2,,6,0,1.2257
1,3,1,3,28,6,6,,6,1,0.8734
1,3,1,3,29,6,6,,6,1,1.0354
1,3,1,3,30,6,3,,3,1,1.1598
1,3,1,3,31,6,4,,1,0,1.2786
1,3,1,3,32,6,1,,6,0,1.179
1,3,1,3,33,6,5,,3,0,1.3078
1,3,1,3,34,6,6,,3,0,1.3203
1,3,1,3,35,6,2,,2,1,0.916
1,3,1,3,36,6,4,,3,0,1.173
1,3,1,3,37,6,4,,4,1,1.1898
1,3,1,3,38,6,4,,5,0,1.4989
1,3,1,3,39,6,4,,2,0,1.2796
1,3,1,3,40,6,1,,2,0,1.0684
1,3,1,3,41,6,2,,2,1,0.9456
1,3,1,3,42,6,3,,1,0,1.4565
1,3,1,3,43,6,2,,2,1,0.9015
1,3,1,3,44,6,4,,6,0,1.255
1,3,1,3,45,6,2,,2,1,0.9645
1,3,1,3,46,6,4,,1,0,1.9701
1,3,1,3,47,6,5,,5,1,2.258
1,3,1,3,48,6,5,,5,1,1.6282
1,3,1,3,49,6,2,,2,1,1.0877
1,3,1,3,50,6,3,,6,0,1.4815
1,3,1,4,1,2,1,6,1,1,1.3081
1,3,1,4,2,2,1,5,1,1,1.053
1,3,1,4,3,2,2,3,2,1,0.8875
1,3,1,4,4,2,3,6,3,1,1.3217
1,3,1,4,5,2,5,4,5,1,1.5458
1,3,1,4,6,2,3,2,2,0,1.4077
1,3,1,4,7,2,2,1,2,1,1.0958
1,3,1,4,8,2,5,2,5,1,1.2961
1,3,1,4,9,2,4,2,4,1,1.8574
1,3,1,4,10,2,1,4,4,0,2.4912
1,3,1,4,11,2,5,4,5,1,1.3192
1,3,1,4,12,2,2,1,2,1,0.9674
1,3,1,4,13,2,6,3,3,0,2.3254
1,3,1,4,14,2,3,5,5,0,1.9277
1,3,1,4,15,2,6,2,6,1,1.0673
1,3,1,4,16,2,1,3,1,1,1.5089
1,3,1,4,17,2,6,3,6,1,1.3572
1,3,1,4,18,2,1,5,1,1,1.8843
1,3,1,4,19,2,3,2,3,1,2.2613
1,3,1,4,20,2,5,6,5,1,1.5185
1,3,1,4,21,2,6,4,6,1,1.0627
1,3,1,4,22,2,5,6,5,1,1.6176
1,3,1,4,23,2,4,6,6,0,1.4615
1,3,1,4,24,2,4,3,4,1,1.6434
1,3,1,4,25,2,3,6,3,1,1.7268
1,3,1,4,26,2,4,3,4,1,1.9823
1,3,1,4,27,2,6,4,6,1,1.3149
1,3,1,4,28,2,3,1,3,1,2.1306
1,3,1,4,29,2,1,4,4,0,1.8893
1,3,1,4,30,2,5,1,5,1,1.1249
1,3,1,4,31,2,6,5,6,1,1.1972
1,3,1,4,32,2,2,1,1,0,1.5543
1,3,1,4,33,2,5,4,5,1,1.4443
1,3,1,4,34,2,2,1,2,1,1.1353
1,3,1,4,35,2,2,3,2,1,1.159
1,3,1,4,36,2,1,2,1,1,1.47
1,3,1,4,37,2,2,4,4,0,1.8156
1,3,1,4,38,2,3,4,3,1,1.6943
1,3,1,4,39,2,4,1,4,1,1.7593
1,3,1,4,40,2,5,2,5,1,1.581
1,3,1,4,41,2,1,3,1,1,1.5218
1,3,1,4,42,2,6,5,6,1,1.0015
1,3,1,4,43,2,4,2,4,1,1.9743
1,3,1,4,44,2,4,2,4,1,1.3392
1,3,1,4,45,2,2,6,2,1,1.003
1,3,1,4,46,2,4,5,4,1,1.2402
1,3,1,4,47,2,3,1,1,0,1.6275
1,3,1,4,48,2,6,5,5,0,1.3544
1,3,1,4,49,2,6,3,6,1,0.9331
1,3,1,4,50,2,6,1,1,0,1.6048
1,3,2,1,1,2,4,6,4,1,1.5711
1,3,2,1,2,2,6,2,2,0,1.6884
1,3,2,1,3,2,6,4,6,1,0.7882
1,3,2,1,4,2,2,4,2,1,0.8426
1,3,2,1,5,2,2,6,2,1,1.1344
1,3,2,1,6,2,4,6,4,1,1.1584
1,3,2,1,7,2,2,6,2,1,1.0692
1,3,2,1,8,2,2,1,2,1,1.0943
1,3,2,1,9,2,5,4,4,0,1.136
1,3,2,1,10,2,2,5,2,1,1.0591
1,3,2,1,11,2,1,5,5,0,1.2302
1,3,2,1,12,2,6,4,6,1,1.0212
1,3,2,1,13,2,5,3,5,1,2.0741
1,3,2,1,14,2,2,1,2,1,1.0995
1,3,2,1,15,2,4,1,4,1,1.6363
1,3,2,1,16,2,3,1,3,1,1.1913
1,3,2,1,17,2,3,2,3,1,1.6769
1,3,2,1,18,2,6,4,6,1,0.9103
1,3,2,1,19,2,5,1,5,1,1.4396
1,3,2,1,20,2,1,2,1,1,1.227
1,3,2,1,21,2,4,5,5,0,1.6629
1,3,2,1,22,2,2,6,2,1,1.6767
1,3,2,1,23,2,4,5,5,0,1.4544
1,3,2,1,24,2,6,4,6,1,0.884
1,3,2,1,25,2,3,6,3,1,1.4939
1,3,2,1,26,2,5,4,5,1,1.2312
1,3,2,1,27,2,2,3,2,1,1.0907
1,3,2,1,28,2,6,4,6,1,0.9405
1,3,2,1,29,2,6,2,6,1,0.8447
1,3,2,1,30,2,6,3,3,0,1.9519
1,3,2,1,31,2,5,6,6,0,0.9614
1,3,2,1,32,2,3,2,3,1,1.2915
1,3,2,1,33,2,1,6,1,1,1.4688
1,3,2,1,34,2,4,5,4,1,1.6071
1,3,2,1,35,2,1,5,5,0,1.4196
1,3,2,1,36,2,3,5,3,1,1.2186
1,3,2,1,37,2,6,3,6,1,0.8232
1,3,2,1,38,2,4,1,4,1,1.1959
1,3,2,1,39,2,4,5,4,1,1.4249
1,3,2,1,40,2,1,6,1,1,1.7088
1,3,2,1,41,2,5,3,5,1,1.1487
1,3,2,1,42,2,3,2,3,1,1.284
1,3,2,1,43,2,1,4,1,1,1.1413
1,3,2,1,44,2,5,1,5,1,1.4526
1,3,2,1,45,2,6,5,6,1,0.9506
1,3,2,1,46,2,1,6,1,1,1.366
1,3,2,1,47,2,3,2,3,1,1.8283
1,3,2,1,48,2,3,5,5,0,1.2954
1,3,2,1,49,2,1,3,1,1,1.1321
1,3,2,1,50,2,5,6,5,1,1.3311
1,3,2,2,1,6,1,,4,0,1.2158
1,3,2,2,2,6,3,,3,1,2.0793
1,3,2,2,3,6,3,,1,0,1.4545
1,3,2,2,4,6,2,,2,1,0.9169
1,3,2,2,5,6,5,,5,1,0.9484
1,3,2,2,6,6,4,,2,0,1.188
1,3,2,2,7,6,3,,3,1,1.2211
1,3,2,2,8,6,4,,3,0,1.9121
1,3,2,2,9,6,1,,5,0,1.8831
1,3,2,2,10,6,3,,3,1,1.4396
1,3,2,2,11,6,1,,1,1,1.163
1,3,2,2,12,6,2,,2,1,1.1051
1,3,2,2,13,6,1,,1,1,1.4657
1,3,2,2,14,6,1,,1,1,1.3795
1,3,2,2,15,6,2,,2,1,0.9455
1,3,2,2,16,6,4,,3,0,1.5371
1,3,2,2,17,6,4,,1,0,1.4602
1,3,2,2,18,6,5,,2,0,0.9056
1,3,2,2,19,6,6,,6,1,0.9176
1,3,2,2,20,6,2,,2,1,1.4783
1,3,2,2,21,6,4,,5,0,1.6321
1,3,2,2,22,6,6,,6,1,0.9102
1,3,2,2,23,6,4,,2,0,1.407
1,3,2,2,24,6,2,,2,1,1.1595
1,3,2,2,25,6,5,,3,0,2.1906
1,3,2,2,26,6,6,,5,0,1.4781
1,3,2,2,27,6,6,,6,1,1.3391
1,3,2,2,28,6,5,,5,1,2.2346
1,3,2,2,29,6,3,,3,1,1.3166
1,3,2,2,30,6,1,,3,0,2.0203
1,3,2,2,31,6,4,,2,0,1.1551
1,3,2,2,32,6,5,,5,1,1.1882
1,3,2,2,33,6,2,,2,1,1.0013
1,3,2,2,34,6,6,,4,0,2.1825
1,3,2,2,35,6,4,,4,1,1.9821
1,3,2,2,36,6,1,,1,1,1.1871
1,3,2,2,37,6,3,,6,0,1.4797
1,3,2,2,38,6,1,,1,1,1.4053
1,3,2,2,39,6,3,,1,0,1.3052
1,3,2,2,40,6,5,,3,0,1.4776
1,3,2,2,41,6,2,,2,1,0.938
1,3,2,2,42,6,3,,3,1,1.3059
1,3,2,2,43,6,6,,6,1,0.8426
1,3,2,2,44,6,6,,5,0,1.5345
1,3,2,2,45,6,5,,5,1,1.2172
1,3,2,2,46,6,6,,6,1,0.949
1,3,2,2,47,6,2,,6,0,1.3168
1,3,2,2,48,6,6,,6,1,1.0557
1,3,2,2,49,6,5,,2,0,1.0668
1,3,2,2,50,6,6,,1,0,1.2329
1,3,2,3,1,2,2,4,2,1,0.8613
1,3,2,3,2,2,6,2,6,1,0.88
1,3,2,3,3,2,1,2,1,1,2.1141
1,3,2,3,4,2,1,2,2,0,1.1692
1,3,2,3,5,2,4,5,5,0,1.2663
1,3,2,3,6,2,1,6,1,1,1.2798
1,3,2,3,7,2,6,4,6,1,1.0104
1,3,2,3,8,2,2,6,2,1,0.9904
1,3,2,3,9,2,3,4,3,1,1.5641
1,3,2,3,10,2,5,6,5,1,1.0259
1,3,2,3,11,2,4,3,4,1,1.3424
1,3,2,3,12,2,1,5,1,1,1.0219
1,3,2,3,13,2,4,6,4,1,1.6901
1,3,2,3,14,2,1,3,1,1,1.2273
1,3,2,3,15,2,1,3,1,1,0.943
1,3,2,3,16,2,3,4,3,1,1.4394
1,3,2,3,17,2,5,4,5,1,1.0184
1,3,2,3,18,2,5,6,5,1,1.863
1,3,2,3,19,2,2,3,2,1,1.0891
1,3,2,3,20,2,4,3,4,1,1.8669
1,3,2,3,21,2,5,3,5,1,1.8121
1,3,2,3,22,2,2,3,2,1,1.0401
1,3,2,3,23,2,2,3,2,1,1.1642
1,3,2,3,24,2,3,2,3,1,1.9863
1,3,2,3,25,2,3,4,4,0,1.7348
1,3,2,3,26,2,5,3,5,1,1.6497
1,3,2,3,27,2,4,1,4,1,1.6835
1,3,2,3,28,2,2,6,2,1,1.3652
1,3,2,3,29,2,5,4,5,1,1.7151
1,3,2,3,30,2,4,1,4,1,1.811
1,3,2,3,31,2,5,4,5,1,1.935
1,3,2,3,32,2,3,5,3,1,1.3497
1,3,2,3,33,2,6,2,6,1,1.2039
1,3,2,3,34,2,6,1,6,1,1.3212
1,3,2,3,35,2,6,4,6,1,1.1132
1,3,2,3,36,2,1,4,1,1,2.0815
1,3,2,3,37,2,6,1,6,1,1.2184
1,3,2,3,38,2,4,5,4,1,1.7825
1,3,2,3,39,2,3,5,5,0,2.1467
1,3,2,3,40,2,4,6,4,1,1.7248
1,3,2,3,41,2,6,2,6,1,1.0359
1,3,2,3,42,2,1,2,1,1,2.5999
1,3,2,3,43,2,5,3,5,1,2.1623
1,3,2,3,44,2,6,5,6,1,0.9601
1,3,2,3,45,2,6,2,6,1,1.0226
1,3,2,3,46,2,3,6,3,1,1.4833
1,3,2,3,47,2,2,6,2,1,1.2845
1,3,2,3,48,2,3,1,3,1,1.1578
1,3,2,3,49,2,6,4,6,1,0.8772
1,3,2,3,50,2,2,6,2,1,1.2311
1,3,2,4,1,6,6,,6,1,1.3119
1,3,2,4,2,6,3,,5,0,1.1037
1,3,2,4,3,6,2,,2,1,0.8201
1,3,2,4,4,6,5,,5,1,1.1768
1,3,2,4,5,6,4,,3,0,1.4699
1,3,2,4,6,6,3,,1,0,1.4596
1,3,2,4,7,6,3,,3,1,1.5453
1,3,2,4,8,6,5,,5,1,0.991
1,3,2,4,9,6,6,,6,1,2.6205
1,3,2,4,10,6,4,,5,0,1.4318
1,3,2,4,11,6,2,,4,0,3.4546
1,3,2,4,12,6,3,,2,0,1.0583
1,3,2,4,13,6,2,,2,1,0.9532
1,3,2,4,14,6,4,,4,1,1.5602
1,3,2,4,15,6,6,,5,0,0.8626
1,3,2,4,16,6,2,,2,1,1.708
1,3,2,4,17,6,1,,1,1,2.0604
1,3,2,4,18,6,3,,3,1,1.9672
1,3,2,4,19,6,6,,6,1,1.5562
1,3,2,4,20,6,2,,2,1,1.3063
1,3,2,4,21,6,3,,3,1,1.4515
1,3,2,4,22,6,1,,3,0,1.6856
1,3,2,4,23,6,6,,6,1,0.8187
1,3,2,4,24,6,2,,2,1,1.0316
1,3,2,4,25,6,3,,3,1,1.5068
1,3,2,4,26,6,2,,2,1,1.2752
1,3,2,4,27,6,5,,5,1,1.1972
1,3,2,4,28,6,6,,6,1,1.1543
1,3,2,4,29,6,2,,1,0,1.2097
1,3,2,4,30,6,6,,1,0,1.3535
1,3,2,4,31,6,4,,5,0,1.6033
1,3,2,4,32,6,1,,1,1,1.219
1,3,2,4,33,6,3,,3,1,1.3036
1,3,2,4,34,6,5,,3,0,1.6558
1,3,2,4,35,6,6,,6,1,1.5261
1,3,2,4,36,6,5,,3,0,1.5975
1,3,2,4,37,6,4,,3,0,1.47
1,3,2,4,38,6,4,,4,1,1.1866
1,3,2,4,39,6,5,,5,1,0.8887
1,3,2,4,40,6,1,,3,0,1.2748
1,3,2,4,41,6,6,,1,0,1.8797
1,3,2,4,42,6,1,,1,1,1.6593
1,3,2,4,43,6,4,,5,0,1.5489
1,3,2,4,44,6,4,,4,1,1.2148
1,3,2,4,45,6,1,,6,0,1.4439
1,3,2,4,46,6,6,,6,1,0.602
1,3,2,4,47,6,5,,5,1,1.2389
1,3,2,4,48,6,1,,6,0,1.179
1,3,2,4,49,6,1,,3,0,1.7397
1,3,2,4,50,6,5,,5,1,0.8544
1,3,3,1,1,6,5,,5,1,1.0967
1,3,3,1,2,6,4,,2,0,0.9779
1,3,3,1,3,6,5,,5,1,1.1792
1,3,3,1,4,6,5,,3,0,1.5533
1,3,3,1,5,6,6,,6,1,1.2347
1,3,3,1,6,6,1,,1,1,1.1102
1,3,3,1,7,6,2,,2,1,1.0068
1,3,3,1,8,6,5,,5,1,0.9239
1,3,3,1,9,6,3,,3,1,1.3248
1,3,3,1,10,6,5,,5,1,1.0203
1,3,3,1,11,6,2,,6,0,1.6886
1,3,3,1,12,6,3,,1,0,1.1405
1,3,3,1,13,6,5,,5,1,0.8236
1,3,3,1,14,6,4,,3,0,1.293
1,3,3,1,15,6,3,,2,0,1.289
1,3,3,1,16,6,6,,4,0,1.7181
1,3,3,1,17,6,6,,4,0,1.9536
1,3,3,1,18,6,3,,3,1,1.2028
1,3,3,1,19,6,2,,2,1,1.5599
1,3,3,1,20,6,1,,1,1,1.2625
1,3,3,1,21,6,3,,5,0,1.4723
1,3,3,1,22,6,6,,1,0,2.6134
1,3,3,1,23,6,1,,1,1,1.1648
1,3,3,1,24,6,1,,1,1,1.4106
1,3,3,1,25,6,2,,2,1,2.0152
1,3,3,1,26,6,4,,5,0,1.6663
1,3,3,1,27,6,6,,6,1,0.9434
1,3,3,1,28,6,2,,2,1,1.119
1,3,3,1,29,6,2,,2,1,1.7194
1,3,3,1,30,6,6,,6,1,0.8554
1,3,3,1,31,6,4,,4,1,1.6423
1,3,3,1,32,6,4,,2,0,1.2772
1,3,3,1,33,6,6,,6,1,0.8103
1,3,3,1,34,6,1,,3,0,1.2632
1,3,3,1,35,6,6,,3,0,2.1242
1,3,3,1,36,6,5,,5,1,0.7414
1,3,3,1,37,6,2,,2,1,0.9256
1,3,3,1,38,6,1,,5,0,1.3744
1,3,3,1,39,6,2,,2,1,1.1749
1,3,3,1,40,6,4,,2,0,1.6292
1,3,3,1,41,6,5,,5,1,0.9396
1,3,3,1,42,6,1,,1,1,1.3079
1,3,3,1,43,6,3,,2,0,1.2606
1,3,3,1,44,6,6,,1,0,1.8824
1,3,3,1,45,6,4,,4,1,1.2302
1,3,3,1,46,6,6,,6,1,1.5534
1,3,3,1,47,6,3,,3,1,1.7841
1,3,3,1,48,6,1,,5,0,1.2689
1,3,3,1,49,6,3,,5,0,1.0432
1,3,3,1,50,6,4,,1,0,1.4972
1,3,3,2,1,2,6,3,3,0,1.3868
1,3,3,2,2,2,3,2,3,1,1.5875
1,3,3,2,3,2,3,2,3,1,2.1849
1,3,3,2,4,2,6,4,4,0,1.3173
1,3,3,2,5,2,2,1,2,1,1.0252
1,3,3,2,6,2,5,3,5,1,1.8694
1,3,3,2,7,2,4,6,4,1,1.9429
1,3,3,2,8,2,5,6,5,1,1.4369
1,3,3,2,9,2,6,3,6,1,0.9526
1,3,3,2,10,2,4,5,4,1,1.2398
1,3,3,2,11,2,4,3,4,1,1.6269
1,3,3,2,12,2,2,1,2,1,1.0066
1,3,3,2,13,2,5,3,5,1,1.6276
1,3,3,2,14,2,2,4,2,1,1.1823
1,3,3,2,15,2,5,2,5,1,1.3162
1,3,3,2,16,2,1,6,1,1,1.2041
1,3,3,2,17,2,6,2,2,0,2.3286
1,3,3,2,18,2,3,1,1,0,1.4183
1,3,3,2,19,2,1,2,1,1,1.234
1,3,3,2,20,2,6,1,1,0,1.4299
1,3,3,2,21,2,2,6,2,1,1.8204
1,3,3,2,22,2,6,4,6,1,0.7595
1,3,3,2,23,2,6,4,6,1,0.9105
1,3,3,2,24,2,1,3,1,1,1.119
1,3,3,2,25,2,3,2,3,1,2.0554
1,3,3,2,26,2,3,6,3,1,1.4963
1,3,3,2,27,2,2,5,2,1,1.1051
1,3,3,2,28,2,6,1,6,1,1.1302
1,3,3,2,29,2,5,4,4,0,1.2817
1,3,3,2,30,2,1,2,1,1,0.8454
1,3,3,2,31,2,4,3,4,1,1.5698
1,3,3,2,32,2,1,6,1,1,1.0956
1,3,3,2,33,2,3,2,3,1,1.4084
1,3,3,2,34,2,6,4,6,1,1.0051
1,3,3,2,35,2,3,4,4,0,1.4181
1,3,3,2,36,2,4,1,1,0,1.7934
1,3,3,2,37,2,4,3,4,1,1.3219
1,3,3,2,38,2,3,5,3,1,1.2737
1,3,3,2,39,2,5,1,5,1,1.4675
1,3,3,2,40,2,2,5,2,1,1.1096
1,3,3,2,41,2,4,5,5,0,1.6136
1,3,3,2,42,2,1,2,1,1,1.0205
1,3,3,2,43,2,1,4,1,1,1.7209
1,3,3,2,44,2,4,3,4,1,1.3683
1,3,3,2,45,2,6,3,6,1,0.8707
1,3,3,2,46,2,5,2,5,1,1.945
1,3,3,2,47,2,2,5,2,1,0.9593
1,3,3,2,48,2,1,5,1,1,1.1181
1,3,3,2,49,2,5,3,3,0,2.1503
1,3,3,2,50,2,2,3,2,1,1.1354
1,3,3,3,1,6,6,,1,0,1.4288
1,3,3,3,2,6,1,,4,0,2.6996
1,3,3,3,3,6,3,,3,1,1.5813
1,3,3,3,4,6,1,,1,1,0.9467
1,3,3,3,5,6,2,,2,1,0.8333
1,3,3,3,6,6,1,,1,1,0.8059
1,3,3,3,7,6,1,,3,0,1.067
1,3,3,3,8,6,2,,2,1,0.8802
1,3,3,3,9,6,3,,3,1,1.3462
1,3,3,3,10,6,3,,2,0,1.1691
1,3,3,3,11,6,4,,4,1,1.1392
1,3,3,3,12,6,4,,4,1,2.2826
1,3,3,3,13,6,5,,1,0,2.8515
1,3,3,3,14,6,2,,2,1,0.9274
1,3,3,3,15,6,4,,3,0,1.4873
1,3,3,3,16,6,3,,3,1,1.1244
1,3,3,3,17,6,5,,4,0,1.1947
1,3,3,3,18,6,1,,2,0,1.0832
1,3,3,3,19,6,6,,2,0,1.8083
1,3,3,3,20,6,5,,5,1,1.2073
1,3,3,3,21,6,5,,5,1,0.9405
1,3,3,3,22,6,3,,3,1,1.3406
1,3,3,3,23,6,5,,5,1,1.532
1,3,3,3,24,6,6,,6,1,0.915
1,3,3,3,25,6,6,,6,1,0.8352
1,3,3,3,26,6,3,,3,1,1.9118
1,3,3,3,27,6,6,,2,0,2.703
1,3,3,3,28,6,4,,4,1,1.0098
1,3,3,3,29,6,6,,3,0,1.4543
1,3,3,3,30,6,6,,1,0,1.2998
1,3,3,3,31,6,5,,5,1,0.8485
1,3,3,3,32,6,6,,3,0,1.7305
1,3,3,3,33,6,6,,3,0,1.3895
1,3,3,3,34,6,2,,2,1,0.9178
1,3,3,3,35,6,1,,6,0,1.4142
1,3,3,3,36,6,2,,2,1,0.9733
1,3,3,3,37,6,1,,2,0,1.3399
1,3,3,3,38,6,4,,3,0,1.2864
1,3,3,3,39,6,5,,5,1,0.9472
1,3,3,3,40,6,2,,2,1,0.931
1,3,3,3,41,6,3,,1,0,1.314
1,3,3,3,42,6,2,,2,1,1.3893
1,3,3,3,43,6,2,,2,1,0.8747
1,3,3,3,44,6,1,,1,1,1.9158
1,3,3,3,45,6,6,,6,1,0.979
1,3,3,3,46,6,3,,3,1,1.9686
1,3,3,3,47,6,4,,4,1,1.2229
1,3,3,3,48,6,5,,1,0,1.0026
1,3,3,3,49,6,4,,1,0,1.2506
1,3,3,3,50,6,4,,4,1,1.3131
1,3,3,4,1,2,5,4,5,1,1.7425
1,3,3,4,2,2,4,1,4,1,1.9964
1,3,3,4,3,2,6,5,5,0,1.3599
1,3,3,4,4,2,2,3,2,1,0.8889
1,3,3,4,5,2,3,4,4,0,1.9628
1,3,3,4,6,2,1,5,1,1,1.9313
1,3,3,4,7,2,6,1,6,1,1.2342
1,3,3,4,8,2,6,5,6,1,0.9657
1,3,3,4,9,2,2,6,2,1,0.8684
1,3,3,4,10,2,1,5,1,1,1.1269
1,3,3,4,11,2,1,6,1,1,1.2629
1,3,3,4,12,2,4,6,4,1,1.3768
1,3,3,4,13,2,3,6,3,1,1.9826
1,3,3,4,14,2,4,6,4,1,1.2994
1,3,3,4,15,2,3,2,2,0,1.7961
1,3,3,4,16,2,2,3,3,0,1.3716
1,3,3,4,17,2,5,6,5,1,0.8369
1,3,3,4,18,2,4,1,4,1,0.9207
1,3,3,4,19,2,5,1,1,0,1.1931
1,3,3,4,20,2,3,1,1,0,1.4807
1,3,3,4,21,2,1,6,1,1,1.8532
1,3,3,4,22,2,2,3,2,1,0.9516
1,3,3,4,23,2,1,4,1,1,1.2867
1,3,3,4,24,2,6,5,6,1,1.0165
1,3,3,4,25,2,1,6,1,1,1.3007
1,3,3,4,26,2,4,3,4,1,1.6049
1,3,3,4,27,2,5,3,3,0,1.5621
1,3,3,4,28,2,2,4,4,0,1.8354
1,3,3,4,29,2,6,3,6,1,0.8497
1,3,3,4,30,2,3,1,3,1,1.1403
1,3,3,4,31,2,4,3,4,1,1.4363
1,3,3,4,32,2,3,6,3,1,1.2877
1,3,3,4,33,2,2,1,2,1,0.9214
1,3,3,4,34,2,5,6,5,1,1.4175
1,3,3,4,35,2,4,2,4,1,1.3974
1,3,3,4,36,2,5,3,5,1,1.2979
1,3,3,4,37,2,6,1,6,1,0.8033
1,3,3,4,38,2,2,1,2,1,0.872
1,3,3,4,39,2,6,3,6,1,0.7945
1,3,3,4,40,2,6,2,6,1,0.8004
1,3,3,4,41,2,1,4,4,0,1.3496
1,3,3,4,42,2,2,5,2,1,1.1837
1,3,3,4,43,2,6,3,3,0,1.861
1,3,3,4,44,2,1,6,1,1,1.2103
1,3,3,4,45,2,6,5,6,1,0.8794
1,3,3,4,46,2,5,4,5,1,1.5213
1,3,3,4,47,2,3,1,1,0,1.5132
1,3,3,4,48,2,3,2,3,1,1.8202
1,3,3,4,49,2,4,5,4,1,1.4158
1,3,3,4,50,2,5,4,5,1,1.9078
1,3,4,1,1,2,2,5,2,1,1.084
1,3,4,1,2,2,1,2,1,1,1.1577
1,3,4,1,3,2,4,6,4,1,1.2124
1,3,4,1,4,2,6,5,5,0,1.4577
1,3,4,1,5,2,1,2,1,1,1.782
1,3,4,1,6,2,6,3,6,1,1.1391
1,3,4,1,7,2,4,3,4,1,1.3708
1,3,4,1,8,2,4,3,4,1,1.2732
1,3,4,1,9,2,2,5,5,0,1.1794
1,3,4,1,10,2,5,4,5,1,1.1328
1,3,4,1,11,2,4,3,3,0,1.9246
1,3,4,1,12,2,1,3,1,1,1.2556
1,3,4,1,13,2,5,2,5,1,1.5783
1,3,4,1,14,2,6,3,3,0,1.4393
1,3,4,1,15,2,1,5,1,1,2.1661
1,3,4,1,16,2,2,5,5,0,1.3948
1,3,4,1,17,2,2,3,2,1,0.9069
1,3,4,1,18,2,3,2,3,1,1.7721
1,3,4,1,19,2,4,2,2,0,2.1378
1,3,4,1,20,2,6,5,5,0,1.3959
1,3,4,1,21,2,6,4,6,1,1.0044
1,3,4,1,22,2,5,6,5,1,1.8014
1,3,4,1,23,2,1,4,1,1,2.5812
1,3,4,1,24,2,4,6,6,0,2.5605
1,3,4,1,25,2,2,6,2,1,0.9379
1,3,4,1,26,2,2,1,2,1,1.5295
1,3,4,1,27,2,3,6,3,1,1.2161
1,3,4,1,28,2,6,1,6,1,0.9797
1,3,4,1,29,2,2,6,2,1,0.9943
1,3,4,1,30,2,6,3,6,1,1.024
1,3,4,1,31,2,5,3,5,1,1.7241
1,3,4,1,32,2,3,5,5,0,2.0116
1,3,4,1,33,2,1,5,5,0,1.2108
1,3,4,1,34,2,3,4,3,1,1.4507
1,3,4,1,35,2,6,5,6,1,0.8217
1,3,4,1,36,2,3,1,3,1,1.6903
1,3,4,1,37,2,4,6,4,1,1.259
1,3,4,1,38,2,4,3,4,1,1.9656
1,3,4,1,39,2,6,3,3,0,1.7791
1,3,4,1,40,2,3,5,3,1,2.3317
1,3,4,1,41,2,5,3,5,1,2.5781
1,3,4,1,42,2,3,1,1,0,1.487
1,3,4,1,43,2,5,1,5,1,1.139
1,3,4,1,44,2,1,2,1,1,0.9714
1,3,4,1,45,2,5,3,3,0,1.2571
1,3,4,1,46,2,1,3,3,0,1.3994
1,3,4,1,47,2,2,4,2,1,0.9433
1,3,4,1,48,2,5,4,5,1,1.3914
1,3,4,1,49,2,6,3,3,0,3.2765
1,3,4,1,50,2,3,4,3,1,1.1756
1,3,4,2,1,6,1,,1,1,1.1147
1,3,4,2,2,6,2,,2,1,1.0589
1,3,4,2,3,6,2,,2,1,0.9579
1,3,4,2,4,6,2,,2,1,0.9724
1,3,4,2,5,6,5,,5,1,0.9064
1,3,4,2,6,6,1,,5,0,1.5639
1,3,4,2,7,6,4,,4,1,1.037
1,3,4,2,8,6,3,,3,1,1.1128
1,3,4,2,9,6,3,,4,0,1.0888
1,3,4,2,10,6,4,,4,1,1.1418
1,3,4,2,11,6,6,,6,1,1.3091
1,3,4,2,12,6,3,,5,0,1.3265
1,3,4,2,13,6,1,,3,0,1.9287
1,3,4,2,14,6,1,,4,0,2.6992
1,3,4,2,15,6,4,,4,1,1.2778
1,3,4,2,16,6,3,,3,1,1.2475
1,3,4,2,17,6,6,,6,1,1.3945
1,3,4,2,18,6,1,,5,0,1.1354
1,3,4,2,19,6,6,,6,1,1.6507
1,3,4,2,20,6,5,,5,1,1.0769
1,3,4,2,21,6,3,,1,0,1.1351
1,3,4,2,22,6,4,,4,1,1.1387
1,3,4,2,23,6,3,,3,1,1.1303
1,3,4,2,24,6,4,,2,0,1.1213
1,3,4,2,25,6,5,,4,0,1.3168
1,3,4,2,26,6,1,,1,1,1.1845
1,3,4,2,27,6,6,,6,1,1.2538
1,3,4,2,28,6,6,,6,1,1.2249
1,3,4,2,29,6,6,,6,1,1.0523
1,3,4,2,30,6,4,,2,0,1.7197
1,3,4,2,31,6,1,,3,0,1.2674
1,3,4,2,32,6,2,,2,1,0.9285
1,3,4,2,33,6,4,,6,0,1.1362
1,3,4,2,34,6,2,,2,1,0.8352
1,3,4,2,35,6,5,,1,0,1.2712
1,3,4,2,36,6,6,,5,0,3.0124
1,3,4,2,37,6,6,,6,1,0.8583
1,3,4,2,38,6,4,,2,0,2.3494
1,3,4,2,39,6,3,,3,1,1.0224
1,3,4,2,40,6,5,,1,0,1.6103
1,3,4,2,41,6,5,,5,1,1.1777
1,3,4,2,42,6,2,,2,1,0.9758
1,3,4,2,43,6,2,,2,1,0.8772
1,3,4,2,44,6,5,,5,1,1.0551
1,3,4,2,45,6,6,,3,0,1.0666
1,3,4,2,46,6,3,,3,1,1.2482
1,3,4,2,47,6,6,,4,0,1.2509
1,3,4,2,48,6,1,,1,1,0.9611
1,3,4,2,49,6,5,,3,0,1.3117
1,3,4,2,50,6,2,,3,0,1.499
1,3,4,3,1,2,5,1,5,1,1.1159
1,3,4,3,2,2,3,6,3,1,1.3963
1,3,4,3,3,2,2,4,2,1,1.1534
1,3,4,3,4,2,6,4,4,0,1.7361
1,3,4,3,5,2,1,5,1,1,1.1378
1,3,4,3,6,2,6,5,6,1,1.0971
1,3,4,3,7,2,5,1,5,1,1.3307
1,3,4,3,8,2,1,3,1,1,1.4423
1,3,4,3,9,2,3,1,1,0,1.8203
1,3,4,3,10,2,6,5,6,1,1.6189
1,3,4,3,11,2,1,3,1,1,0.9987
1,3,4,3,12,2,3,4,3,1,1.0756
1,3,4,3,13,2,6,3,3,0,1.3103
1,3,4,3,14,2,1,6,1,1,1.7372
1,3,4,3,15,2,6,2,6,1,0.6965
1,3,4,3,16,2,5,3,3,0,2.3057
1,3,4,3,17,2,1,3,3,0,1.3643
1,3,4,3,18,2,5,1,5,1,1.582
1,3,4,3,19,2,2,3,2,1,0.9952
1,3,4,3,20,2,3,1,1,0,2.0633
1,3,4,3,21,2,5,1,5,1,1.6116
1,3,4,3,22,2,3,4,3,1,1.9209
1,3,4,3,23,2,4,5,5,0,2.0721
1,3,4,3,24,2,4,5,4,1,1.4288
1,3,4,3,25,2,6,5,5,0,1.2157
1,3,4,3,26,2,2,4,4,0,3.2795
1,3,4,3,27,2,4,1,4,1,1.1625
1,3,4,3,28,2,6,5,6,1,1.232
1,3,4,3,29,2,6,5,6,1,0.9638
1,3,4,3,30,2,2,3,2,1,0.9776
1,3,4,3,31,2,2,4,2,1,0.896
1,3,4,3,32,2,4,2,2,0,2.1134
1,3,4,3,33,2,2,4,2,1,0.8446
1,3,4,3,34,2,3,4,4,0,1.5672
1,3,4,3,35,2,6,4,6,1,2.0969
1,3,4,3,36,2,4,2,2,0,2.0642
1,3,4,3,37,2,1,6,1,1,1.5974
1,3,4,3,38,2,1,6,1,1,1.1854
1,3,4,3,39,2,2,5,2,1,1.2712
1,3,4,3,40,2,5,4,5,1,1.4816
1,3,4,3,41,2,4,2,4,1,1.298
1,3,4,3,42,2,5,1,5,1,1.4426
1,3,4,3,43,2,4,2,4,1,3.3103
1,3,4,3,44,2,6,3,6,1,0.7633
1,3,4,3,45,2,2,6,2,1,1.5378
1,3,4,3,46,2,1,5,1,1,2.4413
1,3,4,3,47,2,4,2,4,1,3.5616
1,3,4,3,48,2,3,6,3,1,2.2049
1,3,4,3,49,2,3,1,3,1,1.4968
1,3,4,3,50,2,5,1,5,1,1.0085
1,3,4,4,1,6,3,,6,0,1.1138
1,3,4,4,2,6,6,,6,1,0.9742
1,3,4,4,3,6,2,,2,1,0.8759
1,3,4,4,4,6,5,,3,0,1.3586
1,3,4,4,5,6,2,,2,1,0.856
1,3,4,4,6,6,3,,3,1,1.3872
1,3,4,4,7,6,6,,5,0,1.3373
1,3,4,4,8,6,2,,2,1,0.8341
1,3,4,4,9,6,4,,2,0,0.9826
1,3,4,4,10,6,1,,1,1,2.2557
1,3,4,4,11,6,6,,6,1,0.7615
1,3,4,4,12,6,6,,3,0,2.6877
1,3,4,4,13,6,5,,6,0,1.1222
1,3,4,4,14,6,3,,3,1,1.0929
1,3,4,4,15,6,4,,4,1,1.8537
1,3,4,4,16,6,1,,2,0,1.1282
1,3,4,4,17,6,2,,2,1,0.827
1,3,4,4,18,6,3,,3,1,1.0393
1,3,4,4,19,6,2,,2,1,1.0034
1,3,4,4,20,6,5,,4,0,1.3682
1,3,4,4,21,6,5,,3,0,1.1689
1,3,4,4,22,6,6,,6,1,0.7069
1,3,4,4,23,6,4,,5,0,1.4837
1,3,4,4,24,6,1,,1,1,1.3922
1,3,4,4,25,6,4,,1,0,1.6457
1,3,4,4,26,6,3,,3,1,1.0027
1,3,4,4,27,6,6,,6,1,1.5279
1,3,4,4,28,6,6,,6,1,1.4402
1,3,4,4,29,6,6,,6,1,1.2272
1,3,4,4,30,6,3,,3,1,1.0703
1,3,4,4,31,6,1,,1,1,1.5602
1,3,4,4,32,6,6,,6,1,1.3262
1,3,4,4,33,6,3,,3,1,1.0374
1,3,4,4,34,6,4,,3,0,1.3693
1,3,4,4,35,6,2,,2,1,0.85
1,3,4,4,36,6,1,,5,0,1.014
1,3,4,4,37,6,5,,2,0,2.0938
1,3,4,4,38,6,6,,5,0,1.2569
1,3,4,4,39,6,5,,5,1,0.9349
1,3,4,4,40,6,1,,1,1,1.1251
1,3,4,4,41,6,2,,2,1,1.2774
1,3,4,4,42,6,4,,4,1,1.2467
1,3,4,4,43,6,4,,1,0,1.3933
1,3,4,4,44,6,2,,4,0,0.9852
1,3,4,4,45,6,1,,1,1,2.2909
1,3,4,4,46,6,3,,6,0,1.6753
1,3,4,4,47,6,5,,5,1,2.0556
1,3,4,4,48,6,1,,1,1,1.2736
1,3,4,4,49,6,5,,1,0,1.5797
1,3,4,4,50,6,4,,4,1,1.1324
1,3,5,1,1,6,1,,1,1,1.1283
1,3,5,1,2,6,4,,4,1,2.8641
1,3,5,1,3,6,2,,4,0,1.2154
1,3,5,1,4,6,6,,6,1,1.4711
1,3,5,1,5,6,5,,2,0,1.001
1,3,5,1,6,6,6,,6,1,0.9618
1,3,5,1,7,6,5,,5,1,2.3045
1,3,5,1,8,6,3,,1,0,1.4157
1,3,5,1,9,6,5,,5,1,1.3275
1,3,5,1,10,6,3,,3,1,1.2947
1,3,5,1,11,6,2,,2,1,1.2153
1,3,5,1,12,6,5,,5,1,1.4912
1,3,5,1,13,6,4,,4,1,1.0034
1,3,5,1,14,6,6,,6,1,1.2566
1,3,5,1,15,6,1,,6,0,1.1794
1,3,5,1,16,6,4,,4,1,3.0528
1,3,5,1,17,6,4,,3,0,1.3009
1,3,5,1,18,6,3,,1,0,1.6329
1,3,5,1,19,6,3,,3,1,1.2631
1,3,5,1,20,6,1,,1,1,0.994
1,3,5,1,21,6,6,,6,1,0.7835
1,3,5,1,22,6,6,,1,0,1.7971
1,3,5,1,23,6,5,,5,1,1.1804
1,3,5,1,24,6,6,,6,1,0.8502
1,3,5,1,25,6,2,,2,1,1.494
1,3,5,1,26,6,1,,2,0,1.0391
1,3,5,1,27,6,5,,5,1,1.1418
1,3,5,1,28,6,4,,3,0,1.3078
1,3,5,1,29,6,2,,2,1,0.8564
1,3,5,1,30,6,6,,6,1,0.8274
1,3,5,1,31,6,5,,4,0,1.8236
1,3,5,1,32,6,3,,3,1,0.8382
1,3,5,1,33,6,1,,4,0,1.0179
1,3,5,1,34,6,2,,1,0,1.7457
1,3,5,1,35,6,5,,5,1,1.1481
1,3,5,1,36,6,1,,5,0,2.0505
1,3,5,1,37,6,6,,5,0,1.2955
1,3,5,1,38,6,4,,4,1,2.0274
1,3,5,1,39,6,4,,2,0,1.0067
1,3,5,1,40,6,6,,6,1,1.1107
1,3,5,1,41,6,3,,1,0,1.3112
1,3,5,1,42,6,3,,3,1,1.8346
1,3,5,1,43,6,4,,4,1,1.1739
1,3,5,1,44,6,1,,4,0,1.4837
1,3,5,1,45,6,6,,1,0,1.4885
1,3,5,1,46,6,2,,2,1,1.0443
1,3,5,1,47,6,1,,1,1,1.4237
1,3,5,1,48,6,2,,2,1,1.5315
1,3,5,1,49,6,2,,2,1,0.947
1,3,5,1,50,6,3,,2,0,1.1218
1,3,5,2,1,2,6,5,5,0,3.8106
1,3,5,2,2,2,2,1,1,0,2.0869
1,3,5,2,3,2,4,1,4,1,1.8915
1,3,5,2,4,2,3,1,1,0,1.3246
1,3,5,2,5,2,2,3,2,1,1.2394
1,3,5,2,6,2,5,3,5,1,1.1307
1,3,5,2,7,2,3,6,6,0,2.7065
1,3,5,2,8,2,3,6,3,1,1.2842
1,3,5,2,9,2,4,6,4,1,1.286
1,3,5,2,10,2,3,5,3,1,1.4312
1,3,5,2,11,2,5,4,5,1,0.9941
1,3,5,2,12,2,2,1,1,0,2.0795
1,3,5,2,13,2,2,5,2,1,1.0838
1,3,5,2,14,2,4,2,4,1,2.2283
1,3,5,2,15,2,4,1,4,1,1.1993
1,3,5,2,16,2,3,5,3,1,1.1398
1,3,5,2,17,2,2,3,3,0,1.275
1,3,5,2,18,2,5,4,5,1,1.6237
1,3,5,2,19,2,1,5,1,1,1.0836
1,3,5,2,20,2,6,5,5,0,1.7635
1,3,5,2,21,2,3,4,3,1,1.2286
1,3,5,2,22,2,5,1,5,1,3.5199
1,3,5,2,23,2,4,1,4,1,1.2855
1,3,5,2,24,2,1,5,1,1,2.0394
1,3,5,2,25,2,1,3,1,1,0.9862
1,3,5,2,26,2,1,2,1,1,1.2561
1,3,5,2,27,2,6,4,6,1,0.939
1,3,5,2,28,2,5,2,5,1,1.1466
1,3,5,2,29,2,5,6,5,1,1.4097
1,3,5,2,30,2,1,6,1,1,0.8939
1,3,5,2,31,2,6,5,5,0,1.2786
1,3,5,2,32,2,6,1,6,1,0.7316
1,3,5,2,33,2,6,4,6,1,0.8674
1,3,5,2,34,2,6,1,6,1,0.8225
1,3,5,2,35,2,1,2,1,1,1.9299
1,3,5,2,36,2,5,4,5,1,0.9452
1,3,5,2,37,2,4,1,4,1,1.1844
1,3,5,2,38,2,1,2,1,1,0.789
1,3,5,2,39,2,3,1,3,1,1.1792
1,3,5,2,40,2,6,1,6,1,1.4568
1,3,5,2,41,2,2,5,2,1,1.3224
1,3,5,2,42,2,4,5,5,0,1.6904
1,3,5,2,43,2,3,5,3,1,2.2459
1,3,5,2,44,2,2,1,2,1,1.0244
1,3,5,2,45,2,6,4,6,1,1.0361
1,3,5,2,46,2,1,2,1,1,1.7836
1,3,5,2,47,2,4,5,4,1,1.7809
1,3,5,2,48,2,5,2,5,1,2.3209
1,3,5,2,49,2,6,3,6,1,1.0326
1,3,5,2,50,2,2,3,2,1,1.1233
1,3,5,3,1,6,2,,2,1,0.905
1,3,5,3,2,6,6,,6,1,0.8254
1,3,5,3,3,6,5,,1,0,1.4534
1,3,5,3,4,6,4,,4,1,1.2508
1,3,5,3,5,6,6,,2,0,1.7824
1,3,5,3,6,6,3,,3,1,1.3269
1,3,5,3,7,6,2,,2,1,1.2619
1,3,5,3,8,6,1,,4,0,1.2156
1,3,5,3,9,6,3,,3,1,1.1837
1,3,5,3,10,6,2,,2,1,0.9816
1,3,5,3,11,6,5,,5,1,1.0913
1,3,5,3,12,6,4,,4,1,1.373
1,3,5,3,13,6,1,,1,1,1.1298
1,3,5,3,14,6,4,,1,0,1.8257
1,3,5,3,15,6,6,,2,0,1.3035
1,3,5,3,16,6,5,,4,0,2.5955
1,3,5,3,17,6,3,,3,1,1.0334
1,3,5,3,18,6,3,,2,0,1.2213
1,3,5,3,19,6,6,,6,1,2.4364
1,3,5,3,20,6,6,,6,1,2.1341
1,3,5,3,21,6,1,,1,1,1.4451
1,3,5,3,22,6,4,,1,0,1.0718
1,3,5,3,23,6,1,,1,1,1.0609
1,3,5,3,24,6,4,,3,0,1.5187
1,3,5,3,25,6,3,,3,1,1.9861
1,3,5,3,26,6,5,,3,0,2.2622
1,3,5,3,27,6,6,,6,1,0.9711
1,3,5,3,28,6,4,,5,0,1.2082
1,3,5,3,29,6,6,,6,1,1.1767
1,3,5,3,30,6,5,,1,0,3.2786
1,3,5,3,31,6,1,,3,0,2.8575
1,3,5,3,32,6,1,,6,0,1.8288
1,3,5,3,33,6,3,,3,1,1.3535
1,3,5,3,34,6,2,,2,1,0.9031
1,3,5,3,35,6,3,,3,1,1.0651
1,3,5,3,36,6,1,,1,1,1.0272
1,3,5,3,37,6,6,,6,1,1.0546
1,3,5,3,38,6,2,,5,0,2.2335
1,3,5,3,39,6,5,,3,0,1.3266
1,3,5,3,40,6,6,,3,0,1.8821
1,3,5,3,41,6,5,,5,1,1.7255
1,3,5,3,42,6,4,,1,0,2.6206
1,3,5,3,43,6,2,,2,1,0.9783
1,3,5,3,44,6,3,,1,0,1.4562
1,3,5,3,45,6,5,,2,0,1.1734
1,3,5,3,46,6,4,,4,1,1.5261
1,3,5,3,47,6,2,,2,1,1.1822
1,3,5,3,48,6,2,,2,1,1.0912
1,3,5,3,49,6,1,,1,1,1.2602
1,3,5,3,50,6,6,,3,0,1.3422
1,3,5,4,1,2,3,6,3,1,1.1258
1,3,5,4,2,2,6,5,6,1,1.3735
1,3,5,4,3,2,4,2,2,0,1.7228
1,3,5,4,4,2,4,3,4,1,2.1817
1,3,5,4,5,2,3,1,3,1,1.3621
1,3,5,4,6,2,3,4,3,1,1.3445
1,3,5,4,7,2,2,6,2,1,1.0229
1,3,5,4,8,2,5,2,5,1,2.9862
1,3,5,4,9,2,5,3,5,1,1.3332
1,3,5,4,10,2,1,4,1,1,1.1727
1,3,5,4,11,2,2,4,2,1,1.0029
1,3,5,4,12,2,4,2,4,1,1.5276
1,3,5,4,13,2,3,1,3,1,1.247
1,3,5,4,14,2,5,2,5,1,2.0819
1,3,5,4,15,2,3,6,3,1,1.1538
1,3,5,4,16,2,5,4,5,1,1.241
1,3,5,4,17,2,2,4,4,0,1.132
1,3,5,4,18,2,3,5,3,1,1.2787
1,3,5,4,19,2,3,1,1,0,1.888
1,3,5,4,20,2,6,4,6,1,0.9804
1,3,5,4,21,2,1,4,1,1,1.2814
1,3,5,4,22,2,4,3,3,0,1.5712
1,3,5,4,23,2,4,1,1,0,1.2361
1,3,5,4,24,2,2,5,5,0,1.7791
1,3,5,4,25,2,5,3,5,1,2.251
1,3,5,4,26,2,5,2,5,1,2.1171
1,3,5,4,27,2,2,1,2,1,1.7163
1,3,5,4,28,2,2,6,2,1,1.1881
1,3,5,4,29,2,4,3,4,1,1.7691
1,3,5,4,30,2,6,5,5,0,1.5265
1,3,5,4,31,2,3,4,3,1,1.3535
1,3,5,4,32,2,4,2,4,1,1.8804
1,3,5,4,33,2,1,3,1,1,1.4571
1,3,5,4,34,2,2,1,2,1,1.019
1,3,5,4,35,2,6,5,5,0,1.7518
1,3,5,4,36,2,6,3,6,1,1.041
1,3,5,4,37,2,6,3,6,1,0.9082
1,3,5,4,38,2,1,3,1,1,1.3089
1,3,5,4,39,2,1,3,1,1,1.1334
1,3,5,4,40,2,1,2,1,1,1.3653
1,3,5,4,41,2,6,5,5,0,1.4429
1,3,5,4,42,2,6,3,6,1,1.2573
1,3,5,4,43,2,6,4,6,1,1.0195
1,3,5,4,44,2,1,3,1,1,2.0722
1,3,5,4,45,2,6,2,2,0,1.6891
1,3,5,4,46,2,4,2,4,1,2.053
1,3,5,4,47,2,1,3,1,1,1.671
1,3,5,4,48,2,5,6,5,1,1.0488
1,3,5,4,49,2,5,4,4,0,1.9556
1,3,5,4,50,2,2,6,2,1,1.3163
2,1,1,1,1,6,3,,3,1,1.6075
2,1,1,1,2,6,2,,5,0,1.7079
2,1,1,1,3,6,6,,6,1,1.8795
2,1,1,1,4,6,3,,5,0,1.2169
2,1,1,1,5,6,1,,1,1,1.5044
2,1,1,1,6,6,1,,5,0,1.0971
2,1,1,1,7,6,1,,1,1,2.1733
2,1,1,1,8,6,4,,3,0,1.7062
2,1,1,1,9,6,5,,4,0,1.8148
2,1,1,1,10,6,6,,6,1,1.5649
2,1,1,1,11,6,1,,4,0,2.4506
2,1,1,1,12,6,5,,1,0,1.3434
2,1,1,1,13,6,3,,3,1,1.4828
2,1,1,1,14,6,5,,3,0,1.1398
2,1,1,1,15,6,1,,5,0,1.4146
2,1,1,1,16,6,2,,2,1,1.7576
2,1,1,1,17,6,6,,6,1,0.8444
2,1,1,1,18,6,6,,6,1,1.3122
2,1,1,1,19,6,5,,2,0,1.8894
2,1,1,1,20,6,1,,4,0,1.9575
2,1,1,1,21,6,3,,6,0,1.3347
2,1,1,1,22,6,2,,3,0,1.666
2,1,1,1,23,6,6,,6,1,0.8143
2,1,1,1,24,6,5,,5,1,1.363
2,1,1,1,25,6,2,,2,1,1.6171
2,1,1,1,26,6,6,,5,0,1.4128
2,1,1,1,27,6,2,,1,0,1.3241
2,1,1,1,28,6,6,,6,1,0.7753
2,1,1,1,29,6,6,,6,1,0.9266
2,1,1,1,30,6,4,,1,0,4.1747
2,1,1,1,31,6,6,,6,1,1.3335
2,1,1,1,32,6,4,,4,1,1.9563
2,1,1,1,33,6,3,,3,1,1.8344
2,1,1,1,34,6,3,,5,0,2.1013
2,1,1,1,35,6,4,,6,0,0.8803
2,1,1,1,36,6,6,,6,1,0.797
2,1,1,1,37,6,5,,1,0,2.0345
2,1,1,1,38,6,1,,6,0,1.4251
2,1,1,1,39,6,3,,5,0,0.9685
2,1,1,1,40,6,4,,6,0,0.6901
2,1,1,1,41,6,5,,2,0,2.056
2,1,1,1,42,6,3,,5,0,1.5893
2,1,1,1,43,6,2,,4,0,1.4938
2,1,1,1,44,6,1,,2,0,2.4904
2,1,1,1,45,6,4,,5,0,1.7981
2,1,1,1,46,6,2,,1,0,1.7577
2,1,1,1,47,6,4,,4,1,1.4313
2,1,1,1,48,6,4,,5,0,1.3151
2,1,1,1,49,6,5,,6,0,1.0707
2,1,1,1,50,6,2,,2,1,1.5883
2,1,1,2,1,2,4,3,3,0,2.1186
2,1,1,2,2,2,6,3,6,1,1.4096
2,1,1,2,3,2,4,3,4,1,1.294
2,1,1,2,4,2,3,5,5,0,1.7595
2,1,1,2,5,2,1,5,5,0,1.625
2,1,1,2,6,2,6,3,6,1,1.0965
2,1,1,2,7,2,1,4,4,0,1.794
2,1,1,2,8,2,4,6,4,1,1.6906
2,1,1,2,9,2,2,4,2,1,1.3556
2,1,1,2,10,2,4,5,5,0,1.8025
2,1,1,2,11,2,5,2,5,1,2.0818
2,1,1,2,12,2,1,6,6,0,1.4265
2,1,1,2,13,2,3,1,3,1,1.5302
2,1,1,2,14,2,2,6,2,1,1.3127
2,1,1,2,15,2,2,1,1,0,1.8253
2,1,1,2,16,2,6,3,6,1,0.7445
2,1,1,2,17,2,1,5,5,0,3.456
2,1,1,2,18,2,1,6,1,1,1.3323
2,1,1,2,19,2,6,2,2,0,2.4999
2,1,1,2,20,2,4,1,4,1,1.2308
2,1,1,2,21,2,6,5,6,1,1.4574
2,1,1,2,22,2,1,5,1,1,1.212
2,1,1,2,23,2,4,3,4,1,1.5369
2,1,1,2,24,2,3,2,2,0,4.2635
2,1,1,2,25,2,5,2,5,1,1.6911
2,1,1,2,26,2,2,4,2,1,1.6437
2,1,1,2,27,2,5,1,5,1,1.8232
2,1,1,2,28,2,5,6,6,0,1.7536
2,1,1,2,29,2,6,1,6,1,1.7951
2,1,1,2,30,2,4,2,2,0,1.5043
2,1,1,2,31,2,5,3,3,0,1.5406
2,1,1,2,32,2,1,4,4,0,1.3994
2,1,1,2,33,2,3,4,3,1,1.9034
2,1,1,2,34,2,3,6,3,1,1.9106
2,1,1,2,35,2,2,6,2,1,1.1665
2,1,1,2,36,2,4,3,4,1,8.437
2,1,1,2,37,2,6,2,2,0,3.3296
2,1,1,2,38,2,5,4,5,1,7.3703
2,1,1,2,39,2,6,1,6,1,1.1852
2,1,1,2,40,2,1,6,1,1,1.0947
2,1,1,2,41,2,3,5,3,1,1.3609
2,1,1,2,42,2,2,5,2,1,1.2309
2,1,1,2,43,2,5,4,5,1,1.811
2,1,1,2,44,2,2,1,2,1,10.031
2,1,1,2,45,2,3,6,3,1,1.4168
2,1,1,2,46,2,3,2,3,1,1.4445
2,1,1,2,47,2,6,1,6,1,0.9424
2,1,1,2,48,2,2,5,2,1,1.23
2,1,1,2,49,2,6,3,3,0,1.2967
2,1,1,2,50,2,5,3,5,1,1.5321
2,1,1,3,1,6,1,,3,0,13.0247
2,1,1,3,2,6,4,,3,0,1.2429
2,1,1,3,3,6,1,,4,0,1.3211
2,1,1,3,4,6,6,,6,1,1.2037
2,1,1,3,5,6,5,,2,0,1.464
2,1,1,3,6,6,5,,3,0,1.2763
2,1,1,3,7,6,6,,6,1,0.9703
2,1,1,3,8,6,2,,2,1,1.0969
2,1,1,3,9,6,3,,3,1,1.2975
2,1,1,3,10,6,6,,5,0,1.4266
2,1,1,3,11,6,2,,6,0,2.0728
2,1,1,3,12,6,2,,2,1,1.3017
2,1,1,3,13,6,4,,3,0,1.3346
2,1,1,3,14,6,6,,6,1,1.0251
2,1,1,3,15,6,6,,6,1,1.1012
2,1,1,3,16,6,1,,5,0,4.3431
2,1,1,3,17,6,2,,6,0,1.606
2,1,1,3,18,6,6,,6,1,1.318
2,1,1,3,19,6,3,,4,0,1.5266
2,1,1,3,20,6,3,,4,0,1.1771
2,1,1,3,21,6,4,,4,1,1.0814
2,1,1,3,22,6,4,,2,0,1.3309
2,1,1,3,23,6,1,,5,0,8.2695
2,1,1,3,24,6,4,,3,0,1.2119
2,1,1,3,25,6,6,,2,0,1.2436
2,1,1,3,26,6,1,,5,0,0.9212
2,1,1,3,27,6,2,,6,0,1.0772
2,1,1,3,28,6,6,,6,1,0.8107
2,1,1,3,29,6,5,,5,1,1.2472
2,1,1,3,30,6,4,,5,0,1.4416
2,1,1,3,31,6,5,,3,0,1.113
2,1,1,3,32,6,3,,3,1,1.6283
2,1,1,3,33,6,5,,6,0,1.792
2,1,1,3,34,6,1,,6,0,0.7763
2,1,1,3,35,6,3,,4,0,2.0257
2,1,1,3,36,6,5,,6,0,0.6332
2,1,1,3,37,6,3,,3,1,1.4408
2,1,1,3,38,6,6,,6,1,1.1159
2,1,1,3,39,6,6,,5,0,10.7725
2,1,1,3,40,6,2,,6,0,1.0982
2,1,1,3,41,6,2,,2,1,1.1499
2,1,1,3,42,6,1,,5,0,1.1722
2,1,1,3,43,6,5,,3,0,1.6212
2,1,1,3,44,6,3,,3,1,1.2524
2,1,1,3,45,6,3,,6,0,1.5261
2,1,1,3,46,6,2,,4,0,1.7691
2,1,1,3,47,6,5,,5,1,1.2176
2,1,1,3,48,6,1,,3,0,1.4619
2,1,1,3,49,6,4,,1,0,1.9473
2,1,1,3,50,6,4,,4,1,2.3329
2,1,1,4,1,2,5,4,5,1,1.7126
2,1,1,4,2,2,6,4,6,1,1.6477
2,1,1,4,3,2,4,3,4,1,1.4259
2,1,1,4,4,2,3,6,6,0,1.4864
2,1,1,4,5,2,2,5,2,1,2.3391
2,1,1,4,6,2,5,3,5,1,2.5047
2,1,1,4,7,2,6,2,2,0,2.6802
2,1,1,4,8,2,6,5,6,1,1.0356
2,1,1,4,9,2,2,3,3,0,1.3991
2,1,1,4,10,2,6,2,6,1,1.0709
2,1,1,4,11,2,4,1,4,1,2.9213
2,1,1,4,12,2,3,4,3,1,1.0321
2,1,1,4,13,2,4,2,4,1,1.1718
2,1,1,4,14,2,1,3,1,1,1.6579
2,1,1,4,15,2,4,3,4,1,1.2441
2,1,1,4,16,2,2,1,2,1,1.6159
2,1,1,4,17,2,2,6,6,0,2.1639
2,1,1,4,18,2,5,6,5,1,9.9643
2,1,1,4,19,2,1,3,1,1,2.2323
2,1,1,4,20,2,1,2,2,0,1.5384
2,1,1,4,21,2,4,1,4,1,1.2048
2,1,1,4,22,2,3,1,1,0,1.3848
2,1,1,4,23,2,6,4,6,1,1.6967
2,1,1,4,24,2,1,5,1,1,2.256
2,1,1,4,25,2,4,1,4,1,2.8417
2,1,1,4,26,2,2,5,2,1,1.1799
2,1,1,4,27,2,1,3,1,1,1.4734
2,1,1,4,28,2,3,2,3,1,1.2914
2,1,1,4,29,2,1,5,1,1,1.2128
2,1,1,4,30,2,4,1,1,0,2.6249
2,1,1,4,31,2,4,5,5,0,1.6711
2,1,1,4,32,2,5,1,5,1,6.8206
2,1,1,4,33,2,6,3,6,1,1.3942
2,1,1,4,34,2,5,1,5,1,9.4398
2,1,1,4,35,2,3,1,3,1,1.7774
2,1,1,4,36,2,5,1,5,1,13.1184
2,1,1,4,37,2,6,1,6,1,0.7451
2,1,1,4,38,2,3,4,4,0,1.9842
2,1,1,4,39,2,2,4,4,0,1.9038
2,1,1,4,40,2,5,1,1,0,1.3785
2,1,1,4,41,2,6,5,6,1,0.7942
2,1,1,4,42,2,2,6,2,1,1.4076
2,1,1,4,43,2,1,3,1,1,1.2765
2,1,1,4,44,2,5,2,2,0,1.4702
2,1,1,4,45,2,3,6,3,1,1.3315
2,1,1,4,46,2,6,3,6,1,0.9788
2,1,1,4,47,2,2,6,6,0,27.4725
2,1,1,4,48,2,1,5,5,0,1.3211
2,1,1,4,49,2,3,2,3,1,1.7635
2,1,1,4,50,2,6,5,6,1,0.7371
2,1,2,1,1,2,4,5,5,0,5.1158
2,1,2,1,2,2,6,2,6,1,1.3382
2,1,2,1,3,2,6,1,1,0,1.3528
2,1,2,1,4,2,1,6,1,1,1.123
2,1,2,1,5,2,6,1,6,1,1.2753
2,1,2,1,6,2,5,1,5,1,1.389
2,1,2,1,7,2,5,6,5,1,1.9468
2,1,2,1,8,2,2,1,2,1,1.1054
2,1,2,1,9,2,5,1,5,1,1.4022
2,1,2,1,10,2,5,1,5,1,1.5111
2,1,2,1,11,2,4,6,6,0,1.3118
2,1,2,1,12,2,3,6,6,0,1.1478
2,1,2,1,13,2,6,2,6,1,0.8143
2,1,2,1,14,2,4,2,4,1,1.2989
2,1,2,1,15,2,5,2,2,0,1.8115
2,1,2,1,16,2,3,6,6,0,1.7073
2,1,2,1,17,2,2,1,2,1,1.2071
2,1,2,1,18,2,4,3,4,1,1.3556
2,1,2,1,19,2,2,1,2,1,1.9465
2,1,2,1,20,2,1,4,4,0,1.6496
2,1,2,1,21,2,4,2,4,1,1.2311
2,1,2,1,22,2,1,2,1,1,1.3304
2,1,2,1,23,2,6,4,6,1,1.2179
2,1,2,1,24,2,5,6,5,1,1.2383
2,1,2,1,25,2,6,5,6,1,1.3056
2,1,2,1,26,2,6,2,6,1,1.1146
2,1,2,1,27,2,1,6,6,0,1.299
2,1,2,1,28,2,4,1,4,1,1.1829
2,1,2,1,29,2,2,5,2,1,1.2043
2,1,2,1,30,2,1,2,1,1,1.4017
2,1,2,1,31,2,4,1,4,1,1.1899
2,1,2,1,32,2,6,1,6,1,0.94
2,1,2,1,33,2,3,1,3,1,1.4998
2,1,2,1,34,2,1,3,1,1,1.6683
2,1,2,1,35,2,2,6,2,1,1.2061
2,1,2,1,36,2,3,4,4,0,1.3071
2,1,2,1,37,2,3,6,3,1,2.0546
2,1,2,1,38,2,5,4,5,1,1.3851
2,1,2,1,39,2,3,2,3,1,1.3985
2,1,2,1,40,2,2,3,2,1,1.1059
2,1,2,1,41,2,3,4,4,0,1.2912
2,1,2,1,42,2,4,1,4,1,1.1443
2,1,2,1,43,2,6,1,6,1,1.1197
2,1,2,1,44,2,1,5,1,1,1.576
2,1,2,1,45,2,2,4,2,1,1.3102
2,1,2,1,46,2,2,3,2,1,1.1664
2,1,2,1,47,2,6,5,6,1,1.1886
2,1,2,1,48,2,5,4,5,1,1.1948
2,1,2,1,49,2,1,3,3,0,1.5679
2,1,2,1,50,2,3,4,3,1,1.3771
2,1,2,2,1,6,3,,4,0,1.3095
2,1,2,2,2,6,3,,2,0,1.2732
2,1,2,2,3,6,6,,6,1,0.7909
2,1,2,2,4,6,4,,5,0,1.3727
2,1,2,2,5,6,5,,6,0,1.0302
2,1,2,2,6,6,2,,2,1,1.7095
2,1,2,2,7,6,2,,3,0,1.5179
2,1,2,2,8,6,5,,3,0,1.5217
2,1,2,2,9,6,1,,1,1,1.061
2,1,2,2,10,6,3,,4,0,1.3912
2,1,2,2,11,6,4,,6,0,1.0161
2,1,2,2,12,6,1,,1,1,1.6003
2,1,2,2,13,6,2,,2,1,1.3323
2,1,2,2,14,6,6,,6,1,1.044
2,1,2,2,15,6,6,,1,0,1.2638
2,1,2,2,16,6,5,,4,0,1.3414
2,1,2,2,17,6,5,,5,1,1.272
2,1,2,2,18,6,1,,1,1,1.3866
2,1,2,2,19,6,4,,4,1,1.2082
2,1,2,2,20,6,2,,6,0,1.3562
2,1,2,2,21,6,5,,1,0,1.3512
2,1,2,2,22,6,5,,5,1,1.2172
2,1,2,2,23,6,4,,4,1,1.205
2,1,2,2,24,6,6,,6,1,0.8257
2,1,2,2,25,6,6,,3,0,1.5658
2,1,2,2,26,6,3,,6,0,1.1197
2,1,2,2,27,6,4,,4,1,1.5231
2,1,2,2,28,6,3,,1,0,1.0186
2,1,2,2,29,6,5,,6,0,0.6912
2,1,2,2,30,6,1,,1,1,2.0239
2,1,2,2,31,6,2,,2,1,1.6278
2,1,2,2,32,6,6,,6,1,0.7192
2,1,2,2,33,6,4,,4,1,1.288
2,1,2,2,34,6,1,,6,0,1.1135
2,1,2,2,35,6,6,,6,1,1.1017
2,1,2,2,36,6,2,,2,1,1.2222
2,1,2,2,37,6,2,,4,0,1.4182
2,1,2,2,38,6,6,,6,1,0.6903
2,1,2,2,39,6,1,,1,1,1.7724
2,1,2,2,40,6,4,,4,1,1.3213
2,1,2,2,41,6,6,,6,1,0.6013
2,1,2,2,42,6,1,,4,0,1.4474
2,1,2,2,43,6,3,,6,0,0.7176
2,1,2,2,44,6,5,,6,0,1.2494
2,1,2,2,45,6,3,,3,1,1.2959
2,1,2,2,46,6,6,,6,1,1.3774
2,1,2,2,47,6,3,,5,0,1.3742
2,1,2,2,48,6,1,,6,0,1.1759
2,1,2,2,49,6,4,,4,1,1.1935
2,1,2,2,50,6,2,,6,0,0.9116
2,1,2,3,1,2,6,5,6,1,0.9374
2,1,2,3,2,2,2,6,2,1,1.3537
2,1,2,3,3,2,6,4,6,1,1.0163
2,1,2,3,4,2,3,6,3,1,1.3969
2,1,2,3,5,2,3,5,3,1,1.2018
2,1,2,3,6,2,2,4,2,1,1.3985
2,1,2,3,7,2,2,4,2,1,1.3312
2,1,2,3,8,2,6,2,6,1,0.9628
2,1,2,3,9,2,6,5,6,1,0.8824
2,1,2,3,10,2,5,1,1,0,2.3723
2,1,2,3,11,2,5,6,5,1,1.3648
2,1,2,3,12,2,2,4,2,1,4.6104
2,1,2,3,13,2,3,2,2,0,1.372
2,1,2,3,14,2,4,2,4,1,1.8135
2,1,2,3,15,2,6,3,6,1,0.7856
2,1,2,3,16,2,1,2,1,1,1.2706
2,1,2,3,17,2,2,1,2,1,1.5447
2,1,2,3,18,2,5,1,5,1,1.4557
2,1,2,3,19,2,1,3,3,0,1.3865
2,1,2,3,20,2,5,4,5,1,1.2354
2,1,2,3,21,2,6,3,6,1,0.807
2,1,2,3,22,2,5,2,2,0,1.1959
2,1,2,3,23,2,3,6,3,1,1.1643
2,1,2,3,24,2,1,5,5,0,1.5225
2,1,2,3,25,2,1,6,6,0,1.3824
2,1,2,3,26,2,1,3,3,0,1.5826
2,1,2,3,27,2,5,2,2,0,1.5355
2,1,2,3,28,2,4,3,4,1,1.5699
2,1,2,3,29,2,5,1,5,1,1.352
2,1,2,3,30,2,1,4,1,1,2.7111
2,1,2,3,31,2,3,1,3,1,1.374
2,1,2,3,32,2,6,1,6,1,0.9079
2,1,2,3,33,2,4,2,4,1,1.4855
2,1,2,3,34,2,4,1,1,0,1.1587
2,1,2,3,35,2,2,4,2,1,1.3368
2,1,2,3,36,2,1,2,1,1,1.3523
2,1,2,3,37,2,3,5,5,0,1.3992
2,1,2,3,38,2,1,2,2,0,1.4713
2,1,2,3,39,2,4,6,6,0,1.3163
2,1,2,3,40,2,3,6,3,1,1.4239
2,1,2,3,41,2,2,4,2,1,1.5156
2,1,2,3,42,2,5,3,3,0,1.4441
2,1,2,3,43,2,6,2,6,1,0.7786
2,1,2,3,44,2,4,1,1,0,1.4249
2,1,2,3,45,2,3,5,3,1,1.5606
2,1,2,3,46,2,6,1,6,1,0.7989
2,1,2,3,47,2,6,2,2,0,1.3642
2,1,2,3,48,2,2,6,2,1,1.3579
2,1,2,3,49,2,4,3,4,1,1.2288
2,1,2,3,50,2,4,3,4,1,1.1531
2,1,2,4,1,6,4,,5,0,1.1899
2,1,2,4,2,6,6,,6,1,0.79
2,1,2,4,3,6,1,,2,0,2.2688
2,1,2,4,4,6,6,,4,0,1.1534
2,1,2,4,5,6,5,,5,1,1.1391
2,1,2,4,6,6,2,,2,1,1.4034
2,1,2,4,7,6,2,,2,1,1.2074
2,1,2,4,8,6,6,,1,0,2.2847
2,1,2,4,9,6,1,,1,1,1.5203
2,1,2,4,10,6,1,,1,1,1.2407
2,1,2,4,11,6,4,,4,1,1.3719
2,1,2,4,12,6,3,,2,0,1.2897
2,1,2,4,13,6,3,,3,1,1.3349
2,1,2,4,14,6,5,,5,1,1.3025
2,1,2,4,15,6,1,,6,0,0.9031
2,1,2,4,16,6,5,,5,1,1.1239
2,1,2,4,17,6,1,,6,0,1.4515
2,1,2,4,18,6,3,,3,1,1.5063
2,1,2,4,19,6,6,,3,0,1.3541
2,1,2,4,20,6,6,,6,1,0.7888
2,1,2,4,21,6,6,,6,1,0.795
2,1,2,4,22,6,4,,4,1,1.4086
2,1,2,4,23,6,5,,6,0,1.0693
2,1,2,4,24,6,3,,2,0,1.203
2,1,2,4,25,6,2,,2,1,1.1876
2,1,2,4,26,6,5,,5,1,1.6894
2,1,2,4,27,6,3,,3,1,1.2744
2,1,2,4,28,6,6,,6,1,0.8446
2,1,2,4,29,6,4,,6,0,1.2965
2,1,2,4,30,6,2,,1,0,1.6446
2,1,2,4,31,6,6,,6,1,0.6186
2,1,2,4,32,6,2,,2,1,1.2235
2,1,2,4,33,6,5,,6,0,1.2276
2,1,2,4,34,6,5,,2,0,1.6754
2,1,2,4,35,6,6,,5,0,1.2244
2,1,2,4,36,6,2,,2,1,1.1764
2,1,2,4,37,6,1,,5,0,1.9026
2,1,2,4,38,6,1,,1,1,2.018
2,1,2,4,39,6,2,,6,0,1.0938
2,1,2,4,40,6,6,,6,1,0.7308
2,1,2,4,41,6,5,,4,0,1.3468
2,1,2,4,42,6,4,,6,0,1.181
2,1,2,4,43,6,2,,2,1,1.262
2,1,2,4,44,6,3,,4,0,1.4876
2,1,2,4,45,6,1,,2,0,1.4451
2,1,2,4,46,6,3,,6,0,0.6995
2,1,2,4,47,6,4,,2,0,1.536
2,1,2,4,48,6,4,,3,0,1.3623
2,1,2,4,49,6,4,,6,0,0.9242
2,1,2,4,50,6,3,,6,0,0.9362
2,1,3,1,1,6,4,,5,0,1.4076
2,1,3,1,2,6,3,,3,1,1.1916
2,1,3,1,3,6,3,,1,0,2.3493
2,1,3,1,4,6,4,,2,0,1.31
2,1,3,1,5,6,3,,3,1,1.3703
2,1,3,1,6,6,1,,6,0,1.032
2,1,3,1,7,6,1,,2,0,1.5513
2,1,3,1,8,6,5,,4,0,1.6336
2,1,3,1,9,6,4,,4,1,1.2485
2,1,3,1,10,6,3,,6,0,0.9474
2,1,3,1,11,6,5,,3,0,1.5487
2,1,3,1,12,6,2,,6,0,2.095
2,1,3,1,13,6,3,,4,0,1.3391
2,1,3,1,14,6,3,,2,0,1.5416
2,1,3,1,15,6,1,,3,0,1.32
2,1,3,1,16,6,3,,6,0,0.9
2,1,3,1,17,6,3,,5,0,1.2801
2,1,3,1,18,6,4,,6,0,1.7898
2,1,3,1,19,6,5,,6,0,0.9821
2,1,3,1,20,6,6,,6,1,0.8792
2,1,3,1,21,6,1,,5,0,0.8973
2,1,3,1,22,6,2,,2,1,1.3424
2,1,3,1,23,6,4,,2,0,1.5337
2,1,3,1,24,6,6,,6,1,1.4241
2,1,3,1,25,6,5,,2,0,2.2518
2,1,3,1,26,6,6,,6,1,0.8655
2,1,3,1,27,6,4,,6,0,1.4759
2,1,3,1,28,6,6,,6,1,1.2257
2,1,3,1,29,6,2,,2,1,1.15
2,1,3,1,30,6,4,,4,1,2.4209
2,1,3,1,31,6,1,,1,1,1.3515
2,1,3,1,32,6,2,,2,1,1.3665
2,1,3,1,33,6,2,,2,1,1.2045
2,1,3,1,34,6,5,,5,1,1.4807
2,1,3,1,35,6,6,,6,1,0.93
2,1,3,1,36,6,4,,2,0,1.2985
2,1,3,1,37,6,2,,2,1,1.4544
2,1,3,1,38,6,2,,6,0,1.1768
2,1,3,1,39,6,5,,3,0,1.2267
2,1,3,1,40,6,6,,6,1,0.8101
2,1,3,1,41,6,1,,5,0,1.7268
2,1,3,1,42,6,1,,4,0,1.2262
2,1,3,1,43,6,5,,4,0,1.0341
2,1,3,1,44,6,2,,2,1,0.9933
2,1,3,1,45,6,6,,6,1,0.9106
2,1,3,1,46,6,6,,6,1,0.8635
2,1,3,1,47,6,6,,6,1,0.8669
2,1,3,1,48,6,5,,5,1,1.9409
2,1,3,1,49,6,6,,6,1,0.7795
2,1,3,1,50,6,1,,1,1,1.2509
2,1,3,2,1,2,4,6,4,1,1.2352
2,1,3,2,2,2,1,2,1,1,1.5105
2,1,3,2,3,2,6,5,6,1,0.719
2,1,3,2,4,2,1,3,1,1,1.1594
2,1,3,2,5,2,5,1,5,1,1.2309
2,1,3,2,6,2,2,3,2,1,1.2665
2,1,3,2,7,2,5,6,5,1,1.4925
2,1,3,2,8,2,1,3,1,1,2.19
2,1,3,2,9,2,4,6,4,1,2.3304
2,1,3,2,10,2,6,4,6,1,0.8012
2,1,3,2,11,2,6,1,6,1,0.7904
2,1,3,2,12,2,2,4,2,1,1.1801
2,1,3,2,13,2,3,4,3,1,1.1547
2,1,3,2,14,2,6,4,6,1,0.7936
2,1,3,2,15,2,6,2,6,1,0.9756
2,1,3,2,16,2,6,5,6,1,0.9423
2,1,3,2,17,2,5,2,2,0,1.2623
2,1,3,2,18,2,4,2,2,0,1.0035
2,1,3,2,19,2,4,3,4,1,1.3324
2,1,3,2,20,2,2,5,2,1,0.9636
2,1,3,2,21,2,2,3,2,1,1.3142
2,1,3,2,22,2,2,4,2,1,2.8023
2,1,3,2,23,2,2,5,2,1,0.9329
2,1,3,2,24,2,1,4,4,0,1.7808
2,1,3,2,25,2,3,5,5,0,2.0935
2,1,3,2,26,2,5,3,5,1,1.5615
2,1,3,2,27,2,4,2,2,0,1.5675
2,1,3,2,28,2,5,6,5,1,2.1125
2,1,3,2,29,2,5,4,5,1,2.304
2,1,3,2,30,2,1,5,5,0,1.3842
2,1,3,2,31,2,1,6,1,1,2.3526
2,1,3,2,32,2,3,6,3,1,1.1908
2,1,3,2,33,2,6,3,6,1,1.3241
2,1,3,2,34,2,3,2,2,0,1.2758
2,1,3,2,35,2,3,2,3,1,1.1776
2,1,3,2,36,2,2,5,5,0,1.3921
2,1,3,2,37,2,2,1,2,1,1.3365
2,1,3,2,38,2,5,3,3,0,1.3998
2,1,3,2,39,2,6,4,6,1,0.8799
2,1,3,2,40,2,6,4,4,0,2.6592
2,1,3,2,41,2,5,2,2,0,1.3359
2,1,3,2,42,2,4,6,4,1,1.1388
2,1,3,2,43,2,1,3,3,0,1.2741
2,1,3,2,44,2,6,4,4,0,1.5113
2,1,3,2,45,2,4,5,5,0,2.1558
2,1,3,2,46,2,3,2,3,1,1.1885
2,1,3,2,47,2,3,4,4,0,2.5707
2,1,3,2,48,2,3,6,6,0,1.5544
2,1,3,2,49,2,1,3,1,1,1.2526
2,1,3,2,50,2,4,2,4,1,1.4635
2,1,3,3,1,6,4,,4,1,3.024
2,1,3,3,2,6,3,,1,0,1.4342
2,1,3,3,3,6,6,,6,1,0.9289
2,1,3,3,4,6,6,,6,1,0.8963
2,1,3,3,5,6,6,,6,1,0.8338
2,1,3,3,6,6,2,,2,1,1.3821
2,1,3,3,7,6,1,,6,0,1.1235
2,1,3,3,8,6,4,,4,1,1.3828
2,1,3,3,9,6,4,,4,1,1.0282
2,1,3,3,10,6,5,,2,0,1.7284
2,1,3,3,11,6,5,,6,0,0.8913
2,1,3,3,12,6,6,,6,1,1.7365
2,1,3,3,13,6,1,,6,0,3.0158
2,1,3,3,14,6,1,,6,0,1.2451
2,1,3,3,15,6,3,,6,0,1.707
2,1,3,3,16,6,2,,5,0,1.8468
2,1,3,3,17,6,4,,3,0,1.613
2,1,3,3,18,6,6,,6,1,0.7636
2,1,3,3,19,6,5,,5,1,0.7064
2,1,3,3,20,6,3,,1,0,1.5639
2,1,3,3,21,6,5,,5,1,1.7094
2,1,3,3,22,6,6,,6,1,0.7015
2,1,3,3,23,6,5,,5,1,2.4554
2,1,3,3,24,6,4,,2,0,1.2884
2,1,3,3,25,6,1,,1,1,1.7653
2,1,3,3,26,6,5,,6,0,0.7875
2,1,3,3,27,6,3,,3,1,1.3802
2,1,3,3,28,6,3,,3,1,1.2341
2,1,3,3,29,6,4,,4,1,1.8777
2,1,3,3,30,6,4,,4,1,0.9268
2,1,3,3,31,6,2,,2,1,1.1196
2,1,3,3,32,6,6,,6,1,1.0154
2,1,3,3,33,6,4,,3,0,1.492
2,1,3,3,34,6,2,,5,0,1.1287
2,1,3,3,35,6,5,,6,0,0.8599
2,1,3,3,36,6,2,,2,1,1.6107
2,1,3,3,37,6,2,,3,0,1.2628
2,1,3,3,38,6,2,,6,0,1.3724
2,1,3,3,39,6,6,,6,1,1.0776
2,1,3,3,40,6,2,,2,1,0.9926
2,1,3,3,41,6,5,,5,1,1.0865
2,1,3,3,42,6,1,,2,0,1.368
2,1,3,3,43,6,3,,3,1,1.5689
2,1,3,3,44,6,3,,1,0,1.7035
2,1,3,3,45,6,1,,6,0,1.1388
2,1,3,3,46,6,6,,6,1,1.1259
2,1,3,3,47,6,1,,1,1,1.3423
2,1,3,3,48,6,1,,1,1,1.2621
2,1,3,3,49,6,3,,2,0,1.0729
2,1,3,3,50,6,6,,6,1,0.8388
2,1,3,4,1,2,6,1,6,1,0.744
2,1,3,4,2,2,5,2,5,1,0.7837
2,1,3,4,3,2,1,4,1,1,1.2062
2,1,3,4,4,2,3,6,6,0,0.6666
2,1,3,4,5,2,5,2,5,1,0.8334
2,1,3,4,6,2,3,6,3,1,0.9974
2,1,3,4,7,2,2,1,2,1,1.1866
2,1,3,4,8,2,4,3,4,1,1.2081
2,1,3,4,9,2,5,4,5,1,1.8043
2,1,3,4,10,2,5,6,6,0,1.3208
2,1,3,4,11,2,6,1,6,1,2.5168
2,1,3,4,12,2,6,3,6,1,0.9157
2,1,3,4,13,2,6,3,3,0,1.156
2,1,3,4,14,2,1,2,1,1,1.2698
2,1,3,4,15,2,1,3,1,1,2.856
2,1,3,4,16,2,4,6,6,0,1.3537
2,1,3,4,17,2,3,1,3,1,1.2834
2,1,3,4,18,2,6,4,6,1,1.5573
2,1,3,4,19,2,6,4,6,1,0.8595
2,1,3,4,20,2,4,1,4,1,1.1506
2,1,3,4,21,2,2,3,2,1,1.2695
2,1,3,4,22,2,4,3,4,1,1.8958
2,1,3,4,23,2,3,5,5,0,1.1365
2,1,3,4,24,2,2,3,2,1,1.2517
2,1,3,4,25,2,2,6,6,0,1.6867
2,1,3,4,26,2,1,5,1,1,1.139
2,1,3,4,27,2,5,2,5,1,1.1784
2,1,3,4,28,2,3,2,3,1,2.1449
2,1,3,4,29,2,6,2,6,1,0.8316
2,1,3,4,30,2,6,5,6,1,1.4754
2,1,3,4,31,2,6,4,6,1,0.7655
2,1,3,4,32,2,4,5,5,0,1.9877
2,1,3,4,33,2,2,6,2,1,1.2038
2,1,3,4,34,2,4,6,4,1,1.4008
2,1,3,4,35,2,6,4,6,1,0.7574
2,1,3,4,36,2,1,4,1,1,1.4372
2,1,3,4,37,2,1,5,1,1,2.5523
2,1,3,4,38,2,5,3,5,1,1.2057
2,1,3,4,39,2,1,5,5,0,1.1308
2,1,3,4,40,2,2,3,2,1,1.053
2,1,3,4,41,2,5,1,1,0,1.4323
2,1,3,4,42,2,4,5,4,1,1.3264
2,1,3,4,43,2,2,6,2,1,1.2308
2,1,3,4,44,2,1,4,4,0,2.0185
2,1,3,4,45,2,2,1,1,0,1.345
2,1,3,4,46,2,5,1,5,1,1.5956
2,1,3,4,47,2,3,5,5,0,1.5368
2,1,3,4,48,2,3,4,3,1,1.1707
2,1,3,4,49,2,3,6,6,0,1.0495
2,1,3,4,50,2,4,3,4,1,1.4077
2,1,4,1,1,2,5,6,5,1,1.1586
2,1,4,1,2,2,3,1,3,1,1.1501
2,1,4,1,3,2,5,4,5,1,1.3965
2,1,4,1,4,2,1,4,1,1,1.2025
2,1,4,1,5,2,2,1,2,1,1.3672
2,1,4,1,6,2,6,5,6,1,0.9011
2,1,4,1,7,2,5,3,3,0,1.1103
2,1,4,1,8,2,2,4,2,1,1.5623
2,1,4,1,9,2,6,3,6,1,0.9768
2,1,4,1,10,2,6,5,6,1,2.3513
2,1,4,1,11,2,4,6,4,1,1.5403
2,1,4,1,12,2,6,2,2,0,1.2917
2,1,4,1,13,2,5,1,5,1,1.1129
2,1,4,1,14,2,1,6,6,0,1.1529
2,1,4,1,15,2,4,6,4,1,1.4432
2,1,4,1,16,2,6,1,6,1,0.8627
2,1,4,1,17,2,4,1,1,0,2.4812
2,1,4,1,18,2,6,5,6,1,1.213
2,1,4,1,19,2,3,4,4,0,2.3855
2,1,4,1,20,2,3,5,3,1,1.2171
2,1,4,1,21,2,4,1,4,1,1.8301
2,1,4,1,22,2,6,5,6,1,0.9614
2,1,4,1,23,2,1,6,1,1,1.6794
2,1,4,1,24,2,1,3,3,0,1.3134
2,1,4,1,25,2,6,5,5,0,1.1812
2,1,4,1,26,2,5,2,5,1,0.8464
2,1,4,1,27,2,3,5,5,0,1.9535
2,1,4,1,28,2,1,6,6,0,1.251
2,1,4,1,29,2,5,3,3,0,1.2011
2,1,4,1,30,2,1,5,5,0,1.1851
2,1,4,1,31,2,2,1,2,1,1.2502
2,1,4,1,32,2,4,2,2,0,1.2209
2,1,4,1,33,2,5,2,5,1,1.2371
2,1,4,1,34,2,2,6,2,1,2.9527
2,1,4,1,35,2,6,2,6,1,1.1253
2,1,4,1,36,2,5,2,2,0,1.1656
2,1,4,1,37,2,2,3,2,1,1.2478
2,1,4,1,38,2,4,5,5,0,3.5705
2,1,4,1,39,2,1,5,5,0,1.4895
2,1,4,1,40,2,4,2,4,1,1.4304
2,1,4,1,41,2,1,6,6,0,0.9613
2,1,4,1,42,2,6,5,6,1,0.9555
2,1,4,1,43,2,3,4,4,0,1.5941
2,1,4,1,44,2,3,4,3,1,1.6582
2,1,4,1,45,2,3,1,3,1,1.3086
2,1,4,1,46,2,2,1,2,1,1.1658
2,1,4,1,47,2,2,5,2,1,1.0439
2,1,4,1,48,2,2,5,2,1,1.0069
2,1,4,1,49,2,4,6,4,1,1.0361
2,1,4,1,50,2,3,5,3,1,1.0965
2,1,4,2,1,6,2,,2,1,1.1989
2,1,4,2,2,6,2,,2,1,1.1876
2,1,4,2,3,6,5,,5,1,1.1772
2,1,4,2,4,6,4,,4,1,2.1119
2,1,4,2,5,6,1,,6,0,1.088
2,1,4,2,6,6,2,,2,1,1.4446
2,1,4,2,7,6,5,,2,0,1.1359
2,1,4,2,8,6,1,,6,0,1.2031
2,1,4,2,9,6,2,,2,1,0.979
2,1,4,2,10,6,3,,3,1,1.217
2,1,4,2,11,6,2,,2,1,1.2049
2,1,4,2,12,6,5,,5,1,1.0823
2,1,4,2,13,6,3,,1,0,1.5239
2,1,4,2,14,6,2,,2,1,1.2227
2,1,4,2,15,6,4,,3,0,1.4514
2,1,4,2,16,6,4,,2,0,0.9136
2,1,4,2,17,6,3,,2,0,2.0454
2,1,4,2,18,6,6,,6,1,0.8273
2,1,4,2,19,6,4,,4,1,1.3599
2,1,4,2,20,6,6,,2,0,1.3745
2,1,4,2,21,6,1,,4,0,1.3837
2,1,4,2,22,6,3,,3,1,1.2642
2,1,4,2,23,6,5,,4,0,1.475
2,1,4,2,24,6,5,,2,0,1.2243
2,1,4,2,25,6,6,,6,1,0.7917
2,1,4,2,26,6,6,,6,1,1.0533
2,1,4,2,27,6,6,,6,1,1.1925
2,1,4,2,28,6,5,,5,1,1.0545
2,1,4,2,29,6,3,,4,0,1.2252
2,1,4,2,30,6,2,,2,1,1.1445
2,1,4,2,31,6,4,,5,0,1.2803
2,1,4,2,32,6,6,,6,1,1.1019
2,1,4,2,33,6,1,,4,0,1.1591
2,1,4,2,34,6,5,,5,1,1.4012
2,1,4,2,35,6,4,,4,1,1.3975
2,1,4,2,36,6,4,,2,0,1.3141
2,1,4,2,37,6,1,,3,0,1.7902
2,1,4,2,38,6,6,,6,1,0.8222
2,1,4,2,39,6,6,,1,0,1.5466
2,1,4,2,40,6,1,,5,0,1.4368
2,1,4,2,41,6,3,,2,0,1.3638
2,1,4,2,42,6,1,,1,1,1.3246
2,1,4,2,43,6,5,,3,0,1.469
2,1,4,2,44,6,4,,6,0,1.4581
2,1,4,2,45,6,6,,6,1,1.0326
2,1,4,2,46,6,2,,2,1,1.2202
2,1,4,2,47,6,3,,1,0,1.9603
2,1,4,2,48,6,3,,3,1,1.2422
2,1,4,2,49,6,1,,1,1,1.5178
2,1,4,2,50,6,6,,6,1,0.8697
2,1,4,3,1,2,6,1,6,1,1.0616
2,1,4,3,2,2,2,3,2,1,1.1528
2,1,4,3,3,2,4,6,4,1,2.6632
2,1,4,3,4,2,4,2,4,1,1.249
2,1,4,3,5,2,2,3,2,1,1.1717
2,1,4,3,6,2,3,1,3,1,1.29
2,1,4,3,7,2,6,4,6,1,0.601
2,1,4,3,8,2,3,6,3,1,1.6569
2,1,4,3,9,2,5,1,5,1,1.2435
2,1,4,3,10,2,3,6,3,1,1.167
2,1,4,3,11,2,3,2,2,0,1.0931
2,1,4,3,12,2,4,2,2,0,1.1624
2,1,4,3,13,2,5,6,5,1,0.8279
2,1,4,3,14,2,6,4,6,1,0.6559
2,1,4,3,15,2,6,2,6,1,0.6032
2,1,4,3,16,2,1,5,5,0,1.2411
2,1,4,3,17,2,6,3,6,1,0.6008
2,1,4,3,18,2,2,4,2,1,0.741
2,1,4,3,19,2,6,1,6,1,0.8454
2,1,4,3,20,2,5,1,5,1,1.3927
2,1,4,3,21,2,3,1,1,0,1.5342
2,1,4,3,22,2,2,3,2,1,2.6885
2,1,4,3,23,2,2,6,6,0,1.5925
2,1,4,3,24,2,4,5,5,0,1.481
2,1,4,3,25,2,6,5,6,1,1.1496
2,1,4,3,26,2,4,6,4,1,1.1729
2,1,4,3,27,2,4,5,5,0,1.8829
2,1,4,3,28,2,5,3,5,1,0.9594
2,1,4,3,29,2,2,5,2,1,0.8618
2,1,4,3,30,2,1,5,5,0,0.8651
2,1,4,3,31,2,3,4,3,1,1.6953
2,1,4,3,32,2,5,6,6,0,0.831
2,1,4,3,33,2,2,1,2,1,1.3751
2,1,4,3,34,2,1,2,2,0,1.3725
2,1,4,3,35,2,4,3,4,1,1.3825
2,1,4,3,36,2,1,4,4,0,2.2439
2,1,4,3,37,2,4,6,6,0,1.2414
2,1,4,3,38,2,6,4,6,1,0.8086
2,1,4,3,39,2,6,2,2,0,1.278
2,1,4,3,40,2,2,4,2,1,1.2431
2,1,4,3,41,2,1,2,2,0,1.1986
2,1,4,3,42,2,1,4,4,0,1.455
2,1,4,3,43,2,1,3,1,1,1.4776
2,1,4,3,44,2,6,1,6,1,0.7514
2,1,4,3,45,2,5,6,6,0,1.3668
2,1,4,3,46,2,5,1,1,0,1.632
2,1,4,3,47,2,3,4,3,1,1.3109
2,1,4,3,48,2,1,6,1,1,2.7193
2,1,4,3,49,2,5,3,5,1,1.5098
2,1,4,3,50,2,3,2,3,1,1.3586
2,1,4,4,1,6,3,,3,1,1.1629
2,1,4,4,2,6,5,,4,0,1.169
2,1,4,4,3,6,4,,5,0,0.9309
2,1,4,4,4,6,3,,2,0,1.0058
2,1,4,4,5,6,3,,6,0,0.8701
2,1,4,4,6,6,1,,1,1,1.3489
2,1,4,4,7,6,3,,4,0,1.0433
2,1,4,4,8,6,5,,5,1,1.8186
2,1,4,4,9,6,1,,6,0,1.1258
2,1,4,4,10,6,5,,2,0,1.1612
2,1,4,4,11,6,6,,3,0,1.3228
2,1,4,4,12,6,2,,2,1,1.0948
2,1,4,4,13,6,4,,2,0,1.2321
2,1,4,4,14,6,3,,5,0,0.8953
2,1,4,4,15,6,4,,2,0,0.9402
2,1,4,4,16,6,1,,1,1,1.4461
2,1,4,4,17,6,2,,4,0,1.7767
2,1,4,4,18,6,5,,5,1,0.7763
2,1,4,4,19,6,2,,2,1,1.3596
2,1,4,4,20,6,3,,1,0,1.5176
2,1,4,4,21,6,1,,6,0,1.0736
2,1,4,4,22,6,4,,2,0,1.3516
2,1,4,4,23,6,5,,3,0,1.0253
2,1,4,4,24,6,6,,6,1,0.7772
2,1,4,4,25,6,2,,2,1,1.7596
2,1,4,4,26,6,4,,5,0,1.1502
2,1,4,4,27,6,6,,6,1,0.977
2,1,4,4,28,6,6,,6,1,0.8154
2,1,4,4,29,6,3,,1,0,1.2841
2,1,4,4,30,6,6,,6,1,0.8329
2,1,4,4,31,6,1,,1,1,1.3962
2,1,4,4,32,6,2,,6,0,0.8809
2,1,4,4,33,6,5,,6,0,1.1027
2,1,4,4,34,6,6,,6,1,0.627
2,1,4,4,35,6,1,,1,1,1.2802
2,1,4,4,36,6,1,,2,0,1.3933
2,1,4,4,37,6,3,,3,1,1.3225
2,1,4,4,38,6,2,,4,0,1.3547
2,1,4,4,39,6,6,,6,1,0.6012
2,1,4,4,40,6,4,,3,0,1.4738
2,1,4,4,41,6,4,,6,0,0.9029
2,1,4,4,42,6,5,,6,0,0.8843
2,1,4,4,43,6,2,,6,0,1.0413
2,1,4,4,44,6,2,,2,1,0.8405
2,1,4,4,45,6,6,,6,1,0.7963
2,1,4,4,46,6,6,,6,1,0.6894
2,1,4,4,47,6,1,,4,0,2.4596
2,1,4,4,48,6,4,,2,0,1.3849
2,1,4,4,49,6,6,,6,1,0.6008
2,1,4,4,50,6,5,,5,1,1.6952
2,1,5,1,1,6,4,,4,1,1.4012
2,1,5,1,2,6,2,,2,1,0.7897
2,1,5,1,3,6,1,,1,1,1.1313
2,1,5,1,4,6,1,,4,0,1.4596
2,1,5,1,5,6,6,,6,1,0.6973
2,1,5,1,6,6,3,,4,0,1.3148
2,1,5,1,7,6,1,,1,1,0.8306
2,1,5,1,8,6,5,,5,1,1.298
2,1,5,1,9,6,4,,4,1,1.3955
2,1,5,1,10,6,1,,6,0,0.8484
2,1,5,1,11,6,1,,6,0,1.0075
2,1,5,1,12,6,6,,6,1,1.048
2,1,5,1,13,6,5,,5,1,2.2272
2,1,5,1,14,6,6,,6,1,1.0224
2,1,5,1,15,6,2,,2,1,1.0341
2,1,5,1,16,6,2,,2,1,0.9657
2,1,5,1,17,6,2,,2,1,1.2682
2,1,5,1,18,6,1,,3,0,1.9263
2,1,5,1,19,6,5,,5,1,1.0981
2,1,5,1,20,6,6,,4,0,3.6504
2,1,5,1,21,6,6,,6,1,0.7818
2,1,5,1,22,6,3,,2,0,1.6847
2,1,5,1,23,6,2,,2,1,1.1527
2,1,5,1,24,6,4,,4,1,1.4797
2,1,5,1,25,6,2,,2,1,0.9447
2,1,5,1,26,6,2,,6,0,1.2008
2,1,5,1,27,6,5,,6,0,0.8487
2,1,5,1,28,6,3,,3,1,1.6955
2,1,5,1,29,6,5,,5,1,0.7691
2,1,5,1,30,6,3,,3,1,1.3518
2,1,5,1,31,6,3,,3,1,1.0299
2,1,5,1,32,6,5,,5,1,1.0575
2,1,5,1,33,6,6,,6,1,0.7972
2,1,5,1,34,6,3,,4,0,1.522
2,1,5,1,35,6,4,,1,0,1.4133
2,1,5,1,36,6,4,,4,1,1.5485
2,1,5,1,37,6,3,,1,0,1.7153
2,1,5,1,38,6,4,,6,0,1.1025
2,1,5,1,39,6,4,,6,0,0.8665
2,1,5,1,40,6,4,,2,0,1.4888
2,1,5,1,41,6,5,,3,0,1.445
2,1,5,1,42,6,6,,6,1,0.9712
2,1,5,1,43,6,5,,6,0,0.8421
2,1,5,1,44,6,6,,2,0,1.2254
2,1,5,1,45,6,6,,6,1,1.0803
2,1,5,1,46,6,1,,6,0,1.4109
2,1,5,1,47,6,2,,2,1,1.2574
2,1,5,1,48,6,1,,6,0,0.9087
2,1,5,1,49,6,3,,6,0,0.9843
2,1,5,1,50,6,6,,6,1,0.8977
2,1,5,2,1,2,3,2,3,1,2.4647
2,1,5,2,2,2,3,1,1,0,1.794
2,1,5,2,3,2,4,3,4,1,1.3215
2,1,5,2,4,2,6,5,6,1,0.7136
2,1,5,2,5,2,4,6,4,1,1.0746
2,1,5,2,6,2,6,1,1,0,2.0447
2,1,5,2,7,2,4,1,4,1,1.5628
2,1,5,2,8,2,4,2,2,0,1.1687
2,1,5,2,9,2,2,4,2,1,0.9945
2,1,5,2,10,2,6,3,6,1,1.1843
2,1,5,2,11,2,2,5,2,1,1.1419
2,1,5,2,12,2,6,2,6,1,0.9259
2,1,5,2,13,2,5,2,5,1,1.0544
2,1,5,2,14,2,2,5,2,1,1.0334
2,1,5,2,15,2,5,1,5,1,1.205
2,1,5,2,16,2,5,4,5,1,1.0982
2,1,5,2,17,2,5,6,5,1,0.8033
2,1,5,2,18,2,6,1,6,1,0.8086
2,1,5,2,19,2,4,2,4,1,1.6937
2,1,5,2,20,2,6,4,4,0,3.5026
2,1,5,2,21,2,3,5,3,1,1.2323
2,1,5,2,22,2,2,4,4,0,3.428
2,1,5,2,23,2,2,1,2,1,1.3201
2,1,5,2,24,2,1,5,5,0,1.4966
2,1,5,2,25,2,5,3,3,0,1.2441
2,1,5,2,26,2,6,4,6,1,0.715
2,1,5,2,27,2,4,2,4,1,1.2038
2,1,5,2,28,2,6,3,6,1,0.8567
2,1,5,2,29,2,5,6,5,1,1.9797
2,1,5,2,30,2,6,5,6,1,0.8334
2,1,5,2,31,2,5,6,5,1,1.9571
2,1,5,2,32,2,1,6,1,1,1.6434
2,1,5,2,33,2,1,6,1,1,1.4221
2,1,5,2,34,2,1,6,1,1,1.8661
2,1,5,2,35,2,4,5,4,1,1.4758
2,1,5,2,36,2,1,2,2,0,1.3097
2,1,5,2,37,2,3,4,4,0,1.2577
2,1,5,2,38,2,3,6,3,1,1.3993
2,1,5,2,39,2,2,6,2,1,0.9642
2,1,5,2,40,2,5,1,1,0,1.2347
2,1,5,2,41,2,1,2,2,0,1.1217
2,1,5,2,42,2,2,3,2,1,1.4613
2,1,5,2,43,2,2,1,1,0,1.5038
2,1,5,2,44,2,1,3,3,0,1.3797
2,1,5,2,45,2,3,5,5,0,1.2446
2,1,5,2,46,2,6,3,6,1,0.9231
2,1,5,2,47,2,3,4,3,1,1.1475
2,1,5,2,48,2,4,3,4,1,1.3946
2,1,5,2,49,2,3,4,4,0,1.6637
2,1,5,2,50,2,1,5,5,0,1.3887
2,1,5,3,1,6,2,,1,0,2.259
2,1,5,3,2,6,5,,2,0,1.0163
2,1,5,3,3,6,4,,4,1,1.3601
2,1,5,3,4,6,6,,2,0,1.5027
2,1,5,3,5,6,2,,4,0,1.2997
2,1,5,3,6,6,1,,6,0,1.6155
2,1,5,3,7,6,6,,6,1,0.9904
2,1,5,3,8,6,3,,3,1,1.5644
2,1,5,3,9,6,4,,4,1,1.4423
2,1,5,3,10,6,6,,6,1,1.0534
2,1,5,3,11,6,3,,6,0,1.5285
2,1,5,3,12,6,3,,6,0,1.0346
2,1,5,3,13,6,1,,5,0,1.4581
2,1,5,3,14,6,5,,6,0,1.2405
2,1,5,3,15,6,2,,2,1,0.7597
2,1,5,3,16,6,4,,4,1,1.2307
2,1,5,3,17,6,5,,6,0,0.9786
2,1,5,3,18,6,3,,5,0,0.7634
2,1,5,3,19,6,2,,2,1,1.1177
2,1,5,3,20,6,1,,4,0,1.3503
2,1,5,3,21,6,6,,6,1,0.8001
2,1,5,3,22,6,3,,3,1,1.877
2,1,5,3,23,6,6,,6,1,0.783
2,1,5,3,24,6,5,,2,0,1.3166
2,1,5,3,25,6,6,,6,1,0.7205
2,1,5,3,26,6,2,,2,1,1.2094
2,1,5,3,27,6,2,,2,1,0.83
2,1,5,3,28,6,6,,2,0,0.8185
2,1,5,3,29,6,1,,1,1,1.4581
2,1,5,3,30,6,3,,4,0,1.8043
2,1,5,3,31,6,4,,5,0,0.7882
2,1,5,3,32,6,5,,6,0,2.1823
2,1,5,3,33,6,5,,5,1,0.7017
2,1,5,3,34,6,1,,1,1,1.2708
2,1,5,3,35,6,4,,4,1,1.6256
2,1,5,3,36,6,5,,6,0,1.1815
2,1,5,3,37,6,4,,4,1,1.5176
2,1,5,3,38,6,2,,2,1,0.9498
2,1,5,3,39,6,4,,2,0,1.269
2,1,5,3,40,6,3,,6,0,1.1868
2,1,5,3,41,6,6,,6,1,0.7075
2,1,5,3,42,6,6,,2,0,1.2129
2,1,5,3,43,6,6,,6,1,1.0203
2,1,5,3,44,6,1,,2,0,1.6087
2,1,5,3,45,6,1,,5,0,4.2648
2,1,5,3,46,6,2,,2,1,1.1632
2,1,5,3,47,6,4,,5,0,0.9934
2,1,5,3,48,6,5,,5,1,1.2587
2,1,5,3,49,6,3,,6,0,1.1492
2,1,5,3,50,6,1,,1,1,1.1035
2,1,5,4,1,2,2,3,2,1,0.9183
2,1,5,4,2,2,4,3,3,0,1.495
2,1,5,4,3,2,3,1,1,0,1.4508
2,1,5,4,4,2,2,4,2,1,1.2809
2,1,5,4,5,2,5,4,5,1,2.4985
2,1,5,4,6,2,4,5,4,1,2.4974
2,1,5,4,7,2,6,1,6,1,0.7539
2,1,5,4,8,2,1,2,1,1,0.8893
2,1,5,4,9,2,6,5,6,1,2.8273
2,1,5,4,10,2,6,3,6,1,0.7975
2,1,5,4,11,2,3,5,3,1,1.9387
2,1,5,4,12,2,1,6,1,1,2.5695
2,1,5,4,13,2,2,4,4,0,2.1984
2,1,5,4,14,2,3,5,5,0,1.437
2,1,5,4,15,2,5,4,5,1,1.1723
2,1,5,4,16,2,4,6,6,0,1.3064
2,1,5,4,17,2,2,3,2,1,1.1591
2,1,5,4,18,2,6,5,5,0,1.0534
2,1,5,4,19,2,2,3,2,1,1.0764
2,1,5,4,20,2,5,3,5,1,1.1983
2,1,5,4,21,2,1,2,2,0,2.4677
2,1,5,4,22,2,1,5,5,0,1.7277
2,1,5,4,23,2,5,3,5,1,1.6101
2,1,5,4,24,2,3,5,3,1,0.8303
2,1,5,4,25,2,2,6,2,1,1.2024
2,1,5,4,26,2,6,2,6,1,0.8235
2,1,5,4,27,2,1,5,5,0,0.8597
2,1,5,4,28,2,6,1,6,1,0.7785
2,1,5,4,29,2,2,1,2,1,1.0891
2,1,5,4,30,2,4,2,2,0,1.4824
2,1,5,4,31,2,3,1,3,1,1.5191
2,1,5,4,32,2,4,3,4,1,1.319
2,1,5,4,33,2,6,1,6,1,1.1111
2,1,5,4,34,2,6,1,6,1,1.2149
2,1,5,4,35,2,5,1,5,1,1.3952
2,1,5,4,36,2,4,6,4,1,1.3445
2,1,5,4,37,2,3,4,4,0,1.4553
2,1,5,4,38,2,1,5,1,1,1.5098
2,1,5,4,39,2,5,4,5,1,1.1182
2,1,5,4,40,2,3,6,6,0,1.2548
2,1,5,4,41,2,4,3,3,0,1.1091
2,1,5,4,42,2,5,2,2,0,1.2251
2,1,5,4,43,2,5,4,5,1,1.1762
2,1,5,4,44,2,6,3,6,1,0.9907
2,1,5,4,45,2,6,4,6,1,1.0993
2,1,5,4,46,2,1,4,4,0,2.4688
2,1,5,4,47,2,2,1,2,1,1.0889
2,1,5,4,48,2,4,5,5,0,1.4826
2,1,5,4,49,2,3,2,3,1,2.2872
2,1,5,4,50,2,1,6,1,1,1.3197
2,2,1,1,1,6,3,,6,0,1.1372
2,2,1,1,2,6,3,,2,0,1.0753
2,2,1,1,3,6,5,,4,0,1.3535
2,2,1,1,4,6,6,,6,1,0.8037
2,2,1,1,5,6,5,,5,1,0.9034
2,2,1,1,6,6,5,,1,0,1.0169
2,2,1,1,7,6,1,,6,0,0.9443
2,2,1,1,8,6,2,,2,1,0.7798
2,2,1,1,9,6,6,,6,1,0.6739
2,2,1,1,10,6,3,,3,1,1.2768
2,2,1,1,11,6,1,,1,1,1.2791
2,2,1,1,12,6,2,,2,1,0.8817
2,2,1,1,13,6,6,,6,1,0.8513
2,2,1,1,14,6,5,,1,0,0.9509
2,2,1,1,15,6,2,,2,1,0.9294
2,2,1,1,16,6,5,,3,0,1.2019
2,2,1,1,17,6,1,,6,0,0.9142
2,2,1,1,18,6,4,,4,1,1.15
2,2,1,1,19,6,3,,3,1,1.2054
2,2,1,1,20,6,3,,3,1,1.0814
2,2,1,1,21,6,6,,6,1,1.1712
2,2,1,1,22,6,6,,2,0,1.4815
2,2,1,1,23,6,3,,3,1,1.2306
2,2,1,1,24,6,2,,2,1,1.4272
2,2,1,1,25,6,2,,1,0,1.4392
2,2,1,1,26,6,1,,3,0,1.3337
2,2,1,1,27,6,5,,5,1,1.1364
2,2,1,1,28,6,4,,6,0,0.8401
2,2,1,1,29,6,4,,2,0,0.9198
2,2,1,1,30,6,4,,4,1,1.8594
2,2,1,1,31,6,6,,6,1,0.9095
2,2,1,1,32,6,6,,4,0,1.2783
2,2,1,1,33,6,5,,4,0,1.5959
2,2,1,1,34,6,1,,6,0,0.9567
2,2,1,1,35,6,4,,4,1,1.1597
2,2,1,1,36,6,3,,6,0,1.0863
2,2,1,1,37,6,1,,4,0,1.1074
2,2,1,1,38,6,6,,6,1,0.8559
2,2,1,1,39,6,3,,3,1,1.0676
2,2,1,1,40,6,4,,4,1,1.5574
2,2,1,1,41,6,4,,3,0,1.1477
2,2,1,1,42,6,2,,2,1,1.0228
2,2,1,1,43,6,6,,6,1,1.1305
2,2,1,1,44,6,5,,5,1,1.2821
2,2,1,1,45,6,2,,3,0,1.1562
2,2,1,1,46,6,6,,6,1,0.9187
2,2,1,1,47,6,2,,2,1,1.335
2,2,1,1,48,6,1,,1,1,1.1738
2,2,1,1,49,6,1,,1,1,1.1162
2,2,1,1,50,6,4,,2,0,0.9648
2,2,1,2,1,2,1,3,3,0,1.7075
2,2,1,2,2,2,1,6,1,1,1.7672
2,2,1,2,3,2,6,2,6,1,0.7887
2,2,1,2,4,2,6,1,6,1,0.6993
2,2,1,2,5,2,5,2,2,0,1.9565
2,2,1,2,6,2,5,4,5,1,2.2142
2,2,1,2,7,2,1,3,1,1,0.898
2,2,1,2,8,2,5,4,5,1,1.699
2,2,1,2,9,2,4,2,2,0,1.5711
2,2,1,2,10,2,6,3,6,1,0.9002
2,2,1,2,11,2,3,6,3,1,2.5657
2,2,1,2,12,2,4,1,4,1,1.2828
2,2,1,2,13,2,4,5,4,1,2.612
2,2,1,2,14,2,1,6,1,1,1.1673
2,2,1,2,15,2,2,3,3,0,1.5739
2,2,1,2,16,2,4,3,4,1,1.2709
2,2,1,2,17,2,1,5,1,1,2.6967
2,2,1,2,18,2,6,1,6,1,1.409
2,2,1,2,19,2,6,1,6,1,0.6378
2,2,1,2,20,2,3,6,3,1,1.1607
2,2,1,2,21,2,6,1,6,1,0.9916
2,2,1,2,22,2,6,3,6,1,0.8141
2,2,1,2,23,2,3,5,5,0,2.179
2,2,1,2,24,2,3,2,2,0,1.5797
2,2,1,2,25,2,3,4,3,1,1.4847
2,2,1,2,26,2,3,2,3,1,1.8139
2,2,1,2,27,2,2,5,5,0,1.4094
2,2,1,2,28,2,2,3,2,1,1.466
2,2,1,2,29,2,5,6,6,0,0.9476
2,2,1,2,30,2,3,1,3,1,1.4065
2,2,1,2,31,2,1,2,2,0,2.2828
2,2,1,2,32,2,2,5,2,1,1.1029
2,2,1,2,33,2,3,6,6,0,1.5435
2,2,1,2,34,2,5,2,5,1,0.8906
2,2,1,2,35,2,1,5,5,0,1.7722
2,2,1,2,36,2,6,3,6,1,1.0131
2,2,1,2,37,2,2,5,2,1,1.2028
2,2,1,2,38,2,2,3,2,1,1.1271
2,2,1,2,39,2,5,4,5,1,1.1841
2,2,1,2,40,2,1,4,1,1,1.125
2,2,1,2,41,2,5,2,2,0,2.8455
2,2,1,2,42,2,6,4,6,1,0.6988
2,2,1,2,43,2,4,5,4,1,1.1564
2,2,1,2,44,2,2,5,2,1,1.067
2,2,1,2,45,2,4,6,4,1,1.1894
2,2,1,2,46,2,6,3,6,1,1.0193
2,2,1,2,47,2,4,6,4,1,1.0152
2,2,1,2,48,2,5,1,5,1,1.252
2,2,1,2,49,2,2,6,2,1,0.9026
2,2,1,2,50,2,4,2,4,1,1.0161
2,2,1,3,1,6,1,,4,0,1.1703
2,2,1,3,2,6,4,,6,0,0.9962
2,2,1,3,3,6,1,,6,0,0.828
2,2,1,3,4,6,4,,4,1,1.18
2,2,1,3,5,6,5,,6,0,1.0744
2,2,1,3,6,6,6,,6,1,1.1598
2,2,1,3,7,6,6,,5,0,0.8791
2,2,1,3,8,6,4,,2,0,1.8359
2,2,1,3,9,6,1,,3,0,1.3787
2,2,1,3,10,6,1,,6,0,0.7319
2,2,1,3,11,6,3,,1,0,1.5829
2,2,1,3,12,6,3,,3,1,2.9276
2,2,1,3,13,6,1,,1,1,1.0863
2,2,1,3,14,6,2,,2,1,1.2074
2,2,1,3,15,6,4,,2,0,1.2443
2,2,1,3,16,6,5,,5,1,1.3391
2,2,1,3,17,6,2,,2,1,1.7063
2,2,1,3,18,6,3,,3,1,1.1787
2,2,1,3,19,6,6,,6,1,0.9133
2,2,1,3,20,6,5,,6,0,0.9769
2,2,1,3,21,6,4,,3,0,1.2903
2,2,1,3,22,6,4,,2,0,1.1434
2,2,1,3,23,6,5,,5,1,1.114
2,2,1,3,24,6,5,,5,1,1.0582
2,2,1,3,25,6,5,,5,1,0.9415
2,2,1,3,26,6,6,,6,1,0.877
2,2,1,3,27,6,3,,1,0,3.3604
2,2,1,3,28,6,2,,6,0,2.6318
2,2,1,3,29,6,5,,6,0,0.8616
2,2,1,3,30,6,4,,4,1,1.1151
2,2,1,3,31,6,2,,2,1,0.772
2,2,1,3,32,6,1,,5,0,1.5297
2,2,1,3,33,6,4,,3,0,1.6921
2,2,1,3,34,6,6,,6,1,0.617
2,2,1,3,35,6,6,,6,1,1.8447
2,2,1,3,36,6,3,,5,0,1.584
2,2,1,3,37,6,2,,2,1,1.4568
2,2,1,3,38,6,6,,5,0,1.3541
2,2,1,3,39,6,2,,2,1,1.1084
2,2,1,3,40,6,1,,6,0,1.4216
2,2,1,3,41,6,2,,2,1,1.1732
2,2,1,3,42,6,5,,5,1,0.9549
2,2,1,3,43,6,6,,6,1,0.8422
2,2,1,3,44,6,6,,6,1,0.6546
2,2,1,3,45,6,2,,2,1,1.1777
2,2,1,3,46,6,3,,5,0,0.8802
2,2,1,3,47,6,6,,6,1,0.8455
2,2,1,3,48,6,1,,1,1,1.1056
2,2,1,3,49,6,3,,3,1,1.274
2,2,1,3,50,6,3,,6,0,1.2283
2,2,1,4,1,2,6,5,6,1,0.8251
2,2,1,4,2,2,6,5,6,1,0.6216
2,2,1,4,3,2,4,2,4,1,2.8589
2,2,1,4,4,2,6,4,6,1,0.7475
2,2,1,4,5,2,3,4,3,1,1.4105
2,2,1,4,6,2,2,4,2,1,1.1031
2,2,1,4,7,2,6,2,6,1,0.8082
2,2,1,4,8,2,1,4,4,0,1.8052
2,2,1,4,9,2,2,5,2,1,0.9332
2,2,1,4,10,2,6,5,6,1,0.8209
2,2,1,4,11,2,6,4,6,1,0.7456
2,2,1,4,12,2,6,5,6,1,0.8005
2,2,1,4,13,2,6,4,6,1,0.7416
2,2,1,4,14,2,6,4,6,1,3.2617
2,2,1,4,15,2,2,6,2,1,0.9741
2,2,1,4,16,2,3,6,3,1,1.4204
2,2,1,4,17,2,3,5,5,0,1.6085
2,2,1,4,18,2,4,3,3,0,2.473
2,2,1,4,19,2,5,3,5,1,1.5572
2,2,1,4,20,2,2,5,2,1,1.0835
2,2,1,4,21,2,1,6,6,0,1.2199
2,2,1,4,22,2,5,3,3,0,2.2762
2,2,1,4,23,2,1,6,6,0,0.8086
2,2,1,4,24,2,3,6,6,0,1.7849
2,2,1,4,25,2,1,6,6,0,0.738
2,2,1,4,26,2,1,3,3,0,1.4929
2,2,1,4,27,2,4,6,6,0,1.306
2,2,1,4,28,2,2,6,2,1,1.078
2,2,1,4,29,2,1,6,1,1,1.4241
2,2,1,4,30,2,4,6,4,1,1.2923
2,2,1,4,31,2,5,2,2,0,1.87
2,2,1,4,32,2,5,2,2,0,1.7625
2,2,1,4,33,2,2,4,2,1,1.2114
2,2,1,4,34,2,2,6,2,1,1.2169
2,2,1,4,35,2,4,3,4,1,1.5887
2,2,1,4,36,2,1,5,5,0,1.1943
2,2,1,4,37,2,5,4,4,0,1.6271
2,2,1,4,38,2,2,3,2,1,1.226
2,2,1,4,39,2,4,6,6,0,2.8947
2,2,1,4,40,2,4,3,3,0,1.7052
2,2,1,4,41,2,1,5,5,0,1.3493
2,2,1,4,42,2,5,2,5,1,1.2477
2,2,1,4,43,2,6,1,6,1,1.0744
2,2,1,4,44,2,3,6,3,1,1.1806
2,2,1,4,45,2,3,5,3,1,1.1221
2,2,1,4,46,2,4,3,4,1,2.4267
2,2,1,4,47,2,5,4,5,1,1.6936
2,2,1,4,48,2,3,4,3,1,1.2947
2,2,1,4,49,2,3,2,3,1,1.2962
2,2,1,4,50,2,5,6,6,0,4.4326
2,2,2,1,1,2,6,5,6,1,1.0136
2,2,2,1,2,2,1,5,5,0,2.5311
2,2,2,1,3,2,5,6,5,1,1.9005
2,2,2,1,4,2,6,4,6,1,1.013
2,2,2,1,5,2,2,1,2,1,1.058
2,2,2,1,6,2,2,6,2,1,0.9239
2,2,2,1,7,2,1,6,1,1,2.8124
2,2,2,1,8,2,2,4,2,1,1.248
2,2,2,1,9,2,3,2,2,0,9.043
2,2,2,1,10,2,3,2,3,1,1.5048
2,2,2,1,11,2,3,6,3,1,1.6089
2,2,2,1,12,2,3,6,3,1,2.6367
2,2,2,1,13,2,3,6,3,1,1.1742
2,2,2,1,14,2,3,4,3,1,1.2753
2,2,2,1,15,2,5,6,5,1,2.5568
2,2,2,1,16,2,5,3,3,0,1.674
2,2,2,1,17,2,4,3,4,1,1.3357
2,2,2,1,18,2,3,4,4,0,2.0546
2,2,2,1,19,2,5,3,5,1,2.0837
2,2,2,1,20,2,2,6,6,0,12.6274
2,2,2,1,21,2,6,1,1,0,1.9975
2,2,2,1,22,2,4,3,4,1,1.4849
2,2,2,1,23,2,1,6,1,1,1.1567
2,2,2,1,24,2,4,6,4,1,1.0995
2,2,2,1,25,2,2,1,2,1,1.1714
2,2,2,1,26,2,6,4,6,1,0.8093
2,2,2,1,27,2,1,6,1,1,1.2149
2,2,2,1,28,2,5,1,5,1,0.9951
2,2,2,1,29,2,5,2,2,0,1.1196
2,2,2,1,30,2,4,2,4,1,1.1236
2,2,2,1,31,2,1,2,1,1,0.9558
2,2,2,1,32,2,2,6,6,0,0.8436
2,2,2,1,33,2,6,5,6,1,0.9063
2,2,2,1,34,2,4,2,4,1,1.244
2,2,2,1,35,2,2,1,2,1,1.9989
2,2,2,1,36,2,6,4,6,1,2.6595
2,2,2,1,37,2,4,3,4,1,1.2448
2,2,2,1,38,2,1,4,1,1,1.487
2,2,2,1,39,2,3,6,6,0,1.6406
2,2,2,1,40,2,1,4,1,1,1.8949
2,2,2,1,41,2,4,3,4,1,1.2157
2,2,2,1,42,2,6,5,6,1,0.8354
2,2,2,1,43,2,2,4,4,0,8.0073
2,2,2,1,44,2,6,4,6,1,0.6085
2,2,2,1,45,2,6,4,6,1,0.6699
2,2,2,1,46,2,1,2,1,1,1.9925
2,2,2,1,47,2,6,1,6,1,1.5014
2,2,2,1,48,2,5,2,5,1,1.1256
2,2,2,1,49,2,4,5,4,1,1.23
2,2,2,1,50,2,5,1,5,1,0.994
2,2,2,2,1,6,3,,5,0,1.0696
2,2,2,2,2,6,6,,6,1,0.6273
2,2,2,2,3,6,5,,2,0,1.7439
2,2,2,2,4,6,2,,5,0,1.3864
2,2,2,2,5,6,4,,4,1,1.9072
2,2,2,2,6,6,3,,2,0,1.2909
2,2,2,2,7,6,4,,6,0,1.1761
2,2,2,2,8,6,6,,6,1,1.8816
2,2,2,2,9,6,6,,4,0,2.594
2,2,2,2,10,6,3,,2,0,5.3378
2,2,2,2,11,6,1,,1,1,1.4402
2,2,2,2,12,6,6,,2,0,0.859
2,2,2,2,13,6,5,,5,1,2.6659
2,2,2,2,14,6,2,,2,1,1.2507
2,2,2,2,15,6,5,,6,0,0.9174
2,2,2,2,16,6,1,,5,0,3.4576
2,2,2,2,17,6,5,,5,1,1.3013
2,2,2,2,18,6,6,,6,1,0.7899
2,2,2,2,19,6,1,,3,0,1.7239
2,2,2,2,20,6,3,,2,0,6.1511
2,2,2,2,21,6,4,,5,0,0.9078
2,2,2,2,22,6,1,,1,1,2.3603
2,2,2,2,23,6,6,,6,1,0.6382
2,2,2,2,24,6,6,,6,1,0.7145
2,2,2,2,25,6,2,,1,0,1.3149
2,2,2,2,26,6,3,,2,0,1.1823
2,2,2,2,27,6,4,,4,1,1.2634
2,2,2,2,28,6,5,,2,0,1.3469
2,2,2,2,29,6,1,,1,1,1.4364
2,2,2,2,30,6,3,,6,0,1.064
2,2,2,2,31,6,6,,6,1,0.7176
2,2,2,2,32,6,4,,4,1,1.3664
2,2,2,2,33,6,5,,6,0,0.9489
2,2,2,2,34,6,5,,5,1,1.1832
2,2,2,2,35,6,2,,2,1,2.1648
2,2,2,2,36,6,2,,2,1,0.6901
2,2,2,2,37,6,1,,3,0,1.5002
2,2,2,2,38,6,5,,3,0,0.9435
2,2,2,2,39,6,2,,2,1,0.7621
2,2,2,2,40,6,2,,2,1,0.7219
2,2,2,2,41,6,6,,3,0,2.907
2,2,2,2,42,6,3,,6,0,0.693
2,2,2,2,43,6,1,,3,0,1.1146
2,2,2,2,44,6,3,,5,0,0.9741
2,2,2,2,45,6,1,,3,0,0.9993
2,2,2,2,46,6,2,,2,1,0.9925
2,2,2,2,47,6,4,,3,0,0.9106
2,2,2,2,48,6,4,,4,1,2.4424
2,2,2,2,49,6,6,,6,1,0.6365
2,2,2,2,50,6,4,,5,0,1.9766
2,2,2,3,1,2,3,4,4,0,1.4788
2,2,2,3,2,2,2,4,2,1,0.8273
2,2,2,3,3,2,6,4,4,0,1.1198
2,2,2,3,4,2,1,4,1,1,2.3718
2,2,2,3,5,2,2,5,2,1,0.7291
2,2,2,3,6,2,6,5,5,0,2.4171
2,2,2,3,7,2,5,3,5,1,13.8554
2,2,2,3,8,2,4,6,6,0,1.3404
2,2,2,3,9,2,4,3,4,1,1.174
2,2,2,3,10,2,6,1,1,0,1.4518
2,2,2,3,11,2,6,4,6,1,1.0731
2,2,2,3,12,2,3,2,3,1,1.2585
2,2,2,3,13,2,6,4,6,1,1.1821
2,2,2,3,14,2,5,4,5,1,1.1716
2,2,2,3,15,2,1,6,1,1,1.0816
2,2,2,3,16,2,1,4,4,0,11.4273
2,2,2,3,17,2,6,5,6,1,0.5842
2,2,2,3,18,2,6,5,6,1,0.5843
2,2,2,3,19,2,1,5,5,0,1.5457
2,2,2,3,20,2,3,4,3,1,1.243
2,2,2,3,21,2,3,6,3,1,1.4545
2,2,2,3,22,2,2,4,2,1,1.0
2,2,2,3,23,2,1,5,1,1,1.6362
2,2,2,3,24,2,2,4,2,1,1.1269
2,2,2,3,25,2,4,3,3,0,13.8228
2,2,2,3,26,2,5,6,5,1,1.7038
2,2,2,3,27,2,4,6,4,1,1.1919
2,2,2,3,28,2,5,3,5,1,1.3723
2,2,2,3,29,2,6,4,6,1,0.6183
2,2,2,3,30,2,4,3,4,1,1.1903
2,2,2,3,31,2,5,1,5,1,1.6435
2,2,2,3,32,2,4,3,4,1,1.3426
2,2,2,3,33,2,3,6,6,0,1.1824
2,2,2,3,34,2,4,1,1,0,1.5032
2,2,2,3,35,2,6,3,6,1,0.6273
2,2,2,3,36,2,1,2,2,0,1.7764
2,2,2,3,37,2,5,1,1,0,1.4806
2,2,2,3,38,2,5,2,5,1,1.2773
2,2,2,3,39,2,2,3,3,0,1.7914
2,2,2,3,40,2,6,4,6,1,1.0472
2,2,2,3,41,2,2,1,2,1,0.7382
2,2,2,3,42,2,2,6,2,1,1.3858
2,2,2,3,43,2,3,1,3,1,1.3836
2,2,2,3,44,2,5,6,6,0,11.5245
2,2,2,3,45,2,1,4,4,0,2.2367
2,2,2,3,46,2,3,4,3,1,1.5059
2,2,2,3,47,2,3,4,4,0,1.7215
2,2,2,3,48,2,1,4,4,0,2.7883
2,2,2,3,49,2,2,6,2,1,1.3312
2,2,2,3,50,2,4,5,5,0,1.7468
2,2,2,4,1,6,5,,4,0,2.3938
2,2,2,4,2,6,1,,1,1,1.1931
2,2,2,4,3,6,2,,2,1,0.8786
2,2,2,4,4,6,5,,5,1,3.2327
2,2,2,4,5,6,1,,5,0,18.8664
2,2,2,4,6,6,2,,3,0,0.7487
2,2,2,4,7,6,3,,3,1,1.5183
2,2,2,4,8,6,5,,6,0,0.6623
2,2,2,4,9,6,2,,2,1,0.8605
2,2,2,4,10,6,6,,6,1,0.9756
2,2,2,4,11,6,5,,4,0,1.245
2,2,2,4,12,6,1,,5,0,1.0999
2,2,2,4,13,6,4,,4,1,1.2156
2,2,2,4,14,6,4,,2,0,0.852
2,2,2,4,15,6,6,,4,0,1.6194
2,2,2,4,16,6,1,,4,0,1.2817
2,2,2,4,17,6,2,,2,1,0.8945
2,2,2,4,18,6,2,,3,0,1.5207
2,2,2,4,19,6,3,,2,0,1.0605
2,2,2,4,20,6,1,,4,0,1.2258
2,2,2,4,21,6,2,,2,1,1.9294
2,2,2,4,22,6,6,,6,1,1.4559
2,2,2,4,23,6,3,,3,1,1.3388
2,2,2,4,24,6,4,,3,0,1.5301
2,2,2,4,25,6,6,,6,1,0.9729
2,2,2,4,26,6,1,,5,0,1.4681
2,2,2,4,27,6,3,,2,0,1.2173
2,2,2,4,28,6,4,,2,0,1.4569
2,2,2,4,29,6,2,,2,1,0.9029
2,2,2,4,30,6,5,,6,0,1.2069
2,2,2,4,31,6,2,,2,1,0.9198
2,2,2,4,32,6,6,,6,1,0.8878
2,2,2,4,33,6,6,,5,0,1.9302
2,2,2,4,34,6,6,,2,0,1.6279
2,2,2,4,35,6,3,,6,0,1.1629
2,2,2,4,36,6,5,,6,0,1.0687
2,2,2,4,37,6,1,,5,0,1.346
2,2,2,4,38,6,5,,2,0,1.5323
2,2,2,4,39,6,4,,4,1,1.2465
2,2,2,4,40,6,5,,6,0,0.9138
2,2,2,4,41,6,6,,5,0,0.926
2,2,2,4,42,6,1,,1,1,1.2888
2,2,2,4,43,6,3,,3,1,1.3698
2,2,2,4,44,6,3,,3,1,0.8237
2,2,2,4,45,6,6,,6,1,0.7643
2,2,2,4,46,6,3,,2,0,3.8108
2,2,2,4,47,6,6,,6,1,0.8081
2,2,2,4,48,6,4,,1,0,2.3329
2,2,2,4,49,6,4,,5,0,1.8231
2,2,2,4,50,6,4,,4,1,0.8541
2,2,3,1,1,6,6,,3,0,1.3195
2,2,3,1,2,6,4,,6,0,1.0917
2,2,3,1,3,6,1,,5,0,1.8642
2,2,3,1,4,6,6,,1,0,1.1975
2,2,3,1,5,6,4,,3,0,2.766
2,2,3,1,6,6,4,,6,0,1.742
2,2,3,1,7,6,3,,2,0,10.68
2,2,3,1,8,6,5,,6,0,1.059
2,2,3,1,9,6,1,,1,1,1.1128
2,2,3,1,10,6,6,,6,1,0.5847
2,2,3,1,11,6,1,,1,1,1.0861
2,2,3,1,12,6,5,,5,1,1.1273
2,2,3,1,13,6,6,,6,1,0.8468
2,2,3,1,14,6,2,,4,0,1.2977
2,2,3,1,15,6,2,,2,1,1.1816
2,2,3,1,16,6,4,,2,0,1.5077
2,2,3,1,17,6,2,,2,1,0.8552
2,2,3,1,18,6,3,,3,1,1.1948
2,2,3,1,19,6,6,,6,1,0.7847
2,2,3,1,20,6,3,,5,0,39.8139
2,2,3,1,21,6,1,,1,1,0.9489
2,2,3,1,22,6,6,,2,0,0.8202
2,2,3,1,23,6,4,,2,0,0.6926
2,2,3,1,24,6,5,,3,0,1.5296
2,2,3,1,25,6,3,,3,1,1.2292
2,2,3,1,26,6,6,,6,1,1.2006
2,2,3,1,27,6,5,,5,1,0.9503
2,2,3,1,28,6,6,,6,1,0.7243
2,2,3,1,29,6,4,,1,0,1.069
2,2,3,1,30,6,3,,3,1,1.4426
2,2,3,1,31,6,3,,3,1,0.9106
2,2,3,1,32,6,5,,5,1,1.1677
2,2,3,1,33,6,1,,2,0,2.0859
2,2,3,1,34,6,2,,6,0,12.2413
2,2,3,1,35,6,4,,4,1,1.2913
2,2,3,1,36,6,3,,3,1,0.9243
2,2,3,1,37,6,3,,3,1,0.8439
2,2,3,1,38,6,1,,2,0,1.3917
2,2,3,1,39,6,2,,2,1,0.9511
2,2,3,1,40,6,6,,6,1,0.7413
2,2,3,1,41,6,5,,4,0,1.5967
2,2,3,1,42,6,5,,5,1,0.8931
2,2,3,1,43,6,2,,6,0,8.0313
2,2,3,1,44,6,1,,1,1,1.111
2,2,3,1,45,6,5,,4,0,5.6629
2,2,3,1,46,6,4,,4,1,6.8565
2,2,3,1,47,6,2,,5,0,1.0928
2,2,3,1,48,6,6,,6,1,0.9382
2,2,3,1,49,6,2,,2,1,1.4171
2,2,3,1,50,6,1,,2,0,1.1738
2,2,3,2,1,2,2,1,2,1,0.9
2,2,3,2,2,2,2,1,2,1,0.7254
2,2,3,2,3,2,1,3,3,0,1.5344
2,2,3,2,4,2,3,4,3,1,0.9612
2,2,3,2,5,2,1,6,6,0,0.9269
2,2,3,2,6,2,4,2,4,1,1.9784
2,2,3,2,7,2,5,3,5,1,2.0483
2,2,3,2,8,2,6,1,6,1,2.2261
2,2,3,2,9,2,5,6,5,1,0.5843
2,2,3,2,10,2,5,4,5,1,0.5843
2,2,3,2,11,2,4,2,4,1,3.0164
2,2,3,2,12,2,3,2,2,0,0.7693
2,2,3,2,13,2,2,3,3,0,2.0358
2,2,3,2,14,2,1,4,4,0,7.7615
2,2,3,2,15,2,4,6,4,1,1.9727
2,2,3,2,16,2,6,1,1,0,1.4183
2,2,3,2,17,2,6,2,6,1,1.5696
2,2,3,2,18,2,4,3,4,1,1.0476
2,2,3,2,19,2,5,3,5,1,0.9628
2,2,3,2,20,2,1,5,1,1,1.1693
2,2,3,2,21,2,2,3,2,1,1.2233
2,2,3,2,22,2,1,3,3,0,1.4356
2,2,3,2,23,2,6,4,4,0,11.922
2,2,3,2,24,2,6,2,6,1,0.8731
2,2,3,2,25,2,6,5,6,1,0.9227
2,2,3,2,26,2,4,6,4,1,1.3543
2,2,3,2,27,2,1,4,4,0,1.1124
2,2,3,2,28,2,2,5,2,1,1.1637
2,2,3,2,29,2,4,6,4,1,1.0891
2,2,3,2,30,2,5,2,2,0,1.1945
2,2,3,2,31,2,3,4,3,1,1.4829
2,2,3,2,32,2,6,4,6,1,1.1724
2,2,3,2,33,2,4,2,2,0,1.2423
2,2,3,2,34,2,3,1,1,0,1.1929
2,2,3,2,35,2,5,2,5,1,1.7055
2,2,3,2,36,2,3,5,3,1,1.0177
2,2,3,2,37,2,1,2,2,0,1.2862
2,2,3,2,38,2,5,3,5,1,1.0272
2,2,3,2,39,2,4,2,2,0,1.4065
2,2,3,2,40,2,6,4,6,1,1.1109
2,2,3,2,41,2,6,2,6,1,1.6159
2,2,3,2,42,2,3,1,3,1,1.0911
2,2,3,2,43,2,2,3,2,1,1.0856
2,2,3,2,44,2,1,6,1,1,1.0945
2,2,3,2,45,2,6,3,3,0,1.0076
2,2,3,2,46,2,2,3,2,1,1.1606
2,2,3,2,47,2,5,1,5,1,1.1671
2,2,3,2,48,2,2,6,6,0,9.5577
2,2,3,2,49,2,3,5,3,1,1.0058
2,2,3,2,50,2,3,1,3,1,1.1626
2,2,3,3,1,6,2,,3,0,1.2145
2,2,3,3,2,6,3,,3,1,1.2463
2,2,3,3,3,6,3,,3,1,0.9926
2,2,3,3,4,6,2,,2,1,0.8787
2,2,3,3,5,6,4,,4,1,1.4882
2,2,3,3,6,6,6,,6,1,1.1782
2,2,3,3,7,6,1,,3,0,1.2481
2,2,3,3,8,6,1,,5,0,1.054
2,2,3,3,9,6,2,,6,0,1.3013
2,2,3,3,10,6,5,,1,0,1.8253
2,2,3,3,11,6,6,,6,1,0.7278
2,2,3,3,12,6,4,,1,0,1.4238
2,2,3,3,13,6,5,,5,1,1.6064
2,2,3,3,14,6,4,,4,1,1.1792
2,2,3,3,15,6,3,,3,1,1.3928
2,2,3,3,16,6,5,,5,1,1.0699
2,2,3,3,17,6,2,,4,0,1.5762
2,2,3,3,18,6,1,,3,0,1.4809
2,2,3,3,19,6,1,,1,1,1.166
2,2,3,3,20,6,3,,2,0,3.5081
2,2,3,3,21,6,3,,5,0,1.6219
2,2,3,3,22,6,6,,5,0,0.6017
2,2,3,3,23,6,6,,5,0,0.7018
2,2,3,3,24,6,5,,1,0,0.8193
2,2,3,3,25,6,6,,2,0,0.9634
2,2,3,3,26,6,1,,5,0,1.213
2,2,3,3,27,6,5,,2,0,1.4211
2,2,3,3,28,6,2,,2,1,1.3165
2,2,3,3,29,6,1,,2,0,1.3963
2,2,3,3,30,6,4,,4,1,1.2919
2,2,3,3,31,6,3,,4,0,1.0535
2,2,3,3,32,6,6,,5,0,1.4114
2,2,3,3,33,6,3,,3,1,1.4507
2,2,3,3,34,6,2,,2,1,1.3501
2,2,3,3,35,6,3,,2,0,1.06
2,2,3,3,36,6,1,,4,0,1.4502
2,2,3,3,37,6,6,,6,1,0.8003
2,2,3,3,38,6,2,,5,0,18.9332
2,2,3,3,39,6,5,,5,1,0.6848
2,2,3,3,40,6,6,,6,1,0.7103
2,2,3,3,41,6,4,,4,1,1.4379
2,2,3,3,42,6,4,,2,0,0.6334
2,2,3,3,43,6,1,,2,0,1.0574
2,2,3,3,44,6,5,,2,0,2.199
2,2,3,3,45,6,6,,2,0,1.6782
2,2,3,3,46,6,4,,4,1,1.2107
2,2,3,3,47,6,5,,3,0,1.5352
2,2,3,3,48,6,6,,5,0,1.106
2,2,3,3,49,6,2,,2,1,1.414
2,2,3,3,50,6,4,,3,0,1.0585
2,2,3,4,1,2,4,1,4,1,1.5727
2,2,3,4,2,2,4,5,4,1,1.1309
2,2,3,4,3,2,5,2,5,1,1.09
2,2,3,4,4,2,3,4,3,1,0.8921
2,2,3,4,5,2,2,1,1,0,3.005
2,2,3,4,6,2,6,5,6,1,0.7233
2,2,3,4,7,2,4,3,4,1,1.3885
2,2,3,4,8,2,3,1,3,1,1.0178
2,2,3,4,9,2,4,1,4,1,1.6384
2,2,3,4,10,2,5,2,5,1,16.9209
2,2,3,4,11,2,2,1,2,1,0.9357
2,2,3,4,12,2,3,5,3,1,0.9509
2,2,3,4,13,2,3,2,3,1,1.0459
2,2,3,4,14,2,3,1,3,1,2.0159
2,2,3,4,15,2,5,4,5,1,1.5395
2,2,3,4,16,2,6,3,6,1,0.987
2,2,3,4,17,2,2,5,5,0,1.4322
2,2,3,4,18,2,6,5,6,1,1.0551
2,2,3,4,19,2,6,5,6,1,1.0019
2,2,3,4,20,2,5,3,3,0,1.6386
2,2,3,4,21,2,2,1,2,1,1.0133
2,2,3,4,22,2,4,2,2,0,1.2657
2,2,3,4,23,2,1,4,1,1,2.2873
2,2,3,4,24,2,4,1,1,0,1.5437
2,2,3,4,25,2,6,3,6,1,0.7938
2,2,3,4,26,2,5,3,3,0,1.9188
2,2,3,4,27,2,4,6,6,0,1.0897
2,2,3,4,28,2,1,4,4,0,1.3026
2,2,3,4,29,2,1,5,5,0,1.2981
2,2,3,4,30,2,6,1,6,1,1.3743
2,2,3,4,31,2,4,3,4,1,2.7322
2,2,3,4,32,2,6,4,4,0,1.538
2,2,3,4,33,2,2,6,2,1,1.2051
2,2,3,4,34,2,3,1,3,1,1.2261
2,2,3,4,35,2,5,3,3,0,1.357
2,2,3,4,36,2,2,5,2,1,1.1584
2,2,3,4,37,2,1,4,1,1,1.3575
2,2,3,4,38,2,5,2,5,1,1.1968
2,2,3,4,39,2,1,3,1,1,1.2654
2,2,3,4,40,2,6,5,6,1,0.9476
2,2,3,4,41,2,6,4,6,1,1.0586
2,2,3,4,42,2,6,4,6,1,0.9738
2,2,3,4,43,2,2,3,2,1,1.0364
2,2,3,4,44,2,1,4,1,1,1.1439
2,2,3,4,45,2,2,4,2,1,1.2157
2,2,3,4,46,2,3,6,3,1,1.0759
2,2,3,4,47,2,5,6,6,0,1.3252
2,2,3,4,48,2,3,1,3,1,1.0963
2,2,3,4,49,2,1,6,1,1,1.0571
2,2,3,4,50,2,1,6,1,1,1.0842
2,2,4,1,1,2,3,6,6,0,1.6484
2,2,4,1,2,2,1,4,1,1,1.0378
2,2,4,1,3,2,3,5,5,0,1.3697
2,2,4,1,4,2,5,6,5,1,1.2193
2,2,4,1,5,2,2,3,2,1,1.3679
2,2,4,1,6,2,3,2,3,1,1.1251
2,2,4,1,7,2,3,2,2,0,1.261
2,2,4,1,8,2,4,6,4,1,1.307
2,2,4,1,9,2,6,3,6,1,1.1316
2,2,4,1,10,2,3,5,3,1,1.204
2,2,4,1,11,2,2,3,2,1,1.0005
2,2,4,1,12,2,5,6,5,1,2.2616
2,2,4,1,13,2,2,4,2,1,1.5836
2,2,4,1,14,2,1,6,1,1,1.3004
2,2,4,1,15,2,6,4,4,0,1.2212
2,2,4,1,16,2,6,4,6,1,1.3975
2,2,4,1,17,2,2,6,2,1,1.5059
2,2,4,1,18,2,4,3,3,0,2.1222
2,2,4,1,19,2,1,4,4,0,8.5485
2,2,4,1,20,2,2,4,2,1,1.5754
2,2,4,1,21,2,2,3,2,1,0.7648
2,2,4,1,22,2,3,2,2,0,1.4761
2,2,4,1,23,2,1,3,3,0,1.4807
2,2,4,1,24,2,6,5,6,1,0.8133
2,2,4,1,25,2,6,3,6,1,0.6907
2,2,4,1,26,2,4,5,4,1,2.4444
2,2,4,1,27,2,3,5,5,0,1.4232
2,2,4,1,28,2,2,3,2,1,1.0624
2,2,4,1,29,2,5,4,5,1,0.7843
2,2,4,1,30,2,6,1,6,1,2.3583
2,2,4,1,31,2,2,4,2,1,0.8278
2,2,4,1,32,2,1,4,4,0,1.231
2,2,4,1,33,2,5,3,5,1,1.4225
2,2,4,1,34,2,4,5,5,0,1.4025
2,2,4,1,35,2,5,2,5,1,1.0108
2,2,4,1,36,2,1,2,2,0,1.2155
2,2,4,1,37,2,5,1,5,1,1.3755
2,2,4,1,38,2,6,3,6,1,1.6443
2,2,4,1,39,2,1,5,1,1,1.4233
2,2,4,1,40,2,6,2,6,1,0.9075
2,2,4,1,41,2,1,4,1,1,1.1161
2,2,4,1,42,2,6,2,2,0,1.1567
2,2,4,1,43,2,6,4,6,1,1.543
2,2,4,1,44,2,4,1,4,1,1.1337
2,2,4,1,45,2,4,2,2,0,1.2214
2,2,4,1,46,2,5,1,5,1,1.3488
2,2,4,1,47,2,3,1,1,0,1.4432
2,2,4,1,48,2,5,3,5,1,1.1462
2,2,4,1,49,2,4,3,4,1,1.1059
2,2,4,1,50,2,4,5,4,1,1.0831
2,2,4,2,1,6,6,,3,0,1.202
2,2,4,2,2,6,2,,2,1,1.0902
2,2,4,2,3,6,2,,6,0,1.2282
2,2,4,2,4,6,2,,2,1,1.0355
2,2,4,2,5,6,2,,2,1,1.1266
2,2,4,2,6,6,5,,6,0,1.1183
2,2,4,2,7,6,1,,6,0,1.3139
2,2,4,2,8,6,5,,5,1,1.0373
2,2,4,2,9,6,3,,6,0,1.0019
2,2,4,2,10,6,1,,6,0,1.17
2,2,4,2,11,6,1,,3,0,0.9477
2,2,4,2,12,6,3,,6,0,1.198
2,2,4,2,13,6,2,,2,1,1.1342
2,2,4,2,14,6,1,,6,0,0.9982
2,2,4,2,15,6,4,,6,0,1.7593
2,2,4,2,16,6,3,,3,1,1.161
2,2,4,2,17,6,6,,6,1,1.1029
2,2,4,2,18,6,3,,4,0,1.3035
2,2,4,2,19,6,1,,1,1,0.932
2,2,4,2,20,6,6,,2,0,1.076
2,2,4,2,21,6,6,,6,1,0.9208
2,2,4,2,22,6,5,,1,0,1.4339
2,2,4,2,23,6,5,,4,0,1.28
2,2,4,2,24,6,4,,4,1,1.1812
2,2,4,2,25,6,3,,4,0,1.1389
2,2,4,2,26,6,3,,3,1,1.2216
2,2,4,2,27,6,4,,3,0,1.017
2,2,4,2,28,6,3,,3,1,1.1213
2,2,4,2,29,6,6,,6,1,0.9372
2,2,4,2,30,6,5,,4,0,1.1938
2,2,4,2,31,6,2,,2,1,1.1773
2,2,4,2,32,6,4,,4,1,1.2318
2,2,4,2,33,6,2,,1,0,1.5712
2,2,4,2,34,6,6,,6,1,0.8204
2,2,4,2,35,6,4,,1,0,1.4651
2,2,4,2,36,6,4,,4,1,1.2145
2,2,4,2,37,6,6,,6,1,1.7463
2,2,4,2,38,6,4,,5,0,1.4409
2,2,4,2,39,6,1,,2,0,2.2623
2,2,4,2,40,6,5,,5,1,1.0672
2,2,4,2,41,6,5,,3,0,2.1017
2,2,4,2,42,6,2,,2,1,0.8012
2,2,4,2,43,6,1,,1,1,0.9341
2,2,4,2,44,6,6,,6,1,1.462
2,2,4,2,45,6,5,,3,0,1.4234
2,2,4,2,46,6,6,,6,1,0.9507
2,2,4,2,47,6,1,,2,0,1.2538
2,2,4,2,48,6,6,,6,1,0.7243
2,2,4,2,49,6,4,,1,0,1.5007
2,2,4,2,50,6,3,,3,1,1.296
2,2,4,3,1,2,2,4,2,1,1.2146
2,2,4,3,2,2,4,1,4,1,1.522
2,2,4,3,3,2,3,1,3,1,0.9057
2,2,4,3,4,2,4,5,5,0,1.6435
2,2,4,3,5,2,1,4,4,0,1.7371
2,2,4,3,6,2,2,3,2,1,0.8838
2,2,4,3,7,2,4,3,4,1,1.621
2,2,4,3,8,2,2,5,2,1,1.033
2,2,4,3,9,2,6,1,6,1,0.8205
2,2,4,3,10,2,6,3,6,1,0.6818
2,2,4,3,11,2,2,4,2,1,1.0277
2,2,4,3,12,2,5,1,1,0,1.1202
2,2,4,3,13,2,5,4,5,1,1.1399
2,2,4,3,14,2,5,2,5,1,1.4508
2,2,4,3,15,2,6,2,6,1,0.9332
2,2,4,3,16,2,3,1,3,1,1.3172
2,2,4,3,17,2,4,3,4,1,2.2136
2,2,4,3,18,2,1,4,1,1,1.1521
2,2,4,3,19,2,5,6,6,0,1.1589
2,2,4,3,20,2,1,4,4,0,1.4329
2,2,4,3,21,2,2,1,2,1,1.1515
2,2,4,3,22,2,6,3,6,1,1.0466
2,2,4,3,23,2,6,4,6,1,1.4417
2,2,4,3,24,2,4,1,4,1,1.2134
2,2,4,3,25,2,5,6,6,0,1.1694
2,2,4,3,26,2,6,3,6,1,0.7551
2,2,4,3,27,2,5,1,5,1,1.274
2,2,4,3,28,2,4,2,2,0,1.3719
2,2,4,3,29,2,6,5,5,0,3.4772
2,2,4,3,30,2,1,2,2,0,1.1286
2,2,4,3,31,2,3,4,3,1,1.0037
2,2,4,3,32,2,3,1,3,1,1.2404
2,2,4,3,33,2,1,6,6,0,3.7079
2,2,4,3,34,2,3,2,3,1,1.685
2,2,4,3,35,2,4,5,5,0,1.5421
2,2,4,3,36,2,3,2,3,1,1.7207
2,2,4,3,37,2,6,3,6,1,0.7925
2,2,4,3,38,2,2,6,2,1,0.9736
2,2,4,3,39,2,6,5,6,1,0.9245
2,2,4,3,40,2,2,6,2,1,1.1317
2,2,4,3,41,2,1,5,1,1,1.1228
2,2,4,3,42,2,5,3,5,1,0.9229
2,2,4,3,43,2,1,3,3,0,1.5153
2,2,4,3,44,2,1,4,1,1,0.99
2,2,4,3,45,2,4,6,6,0,1.388
2,2,4,3,46,2,3,4,3,1,1.0124
2,2,4,3,47,2,6,2,6,1,1.0885
2,2,4,3,48,2,5,4,5,1,2.0265
2,2,4,3,49,2,2,6,2,1,1.021
2,2,4,3,50,2,3,6,3,1,0.9375
2,2,4,4,1,6,1,,1,1,1.6857
2,2,4,4,2,6,3,,3,1,1.1908
2,2,4,4,3,6,6,,6,1,0.8131
2,2,4,4,4,6,4,,4,1,1.3138
2,2,4,4,5,6,2,,5,0,0.7692
2,2,4,4,6,6,3,,6,0,1.3145
2,2,4,4,7,6,1,,4,0,0.9909
2,2,4,4,8,6,6,,6,1,1.1114
2,2,4,4,9,6,5,,1,0,1.4558
2,2,4,4,10,6,3,,4,0,1.9414
2,2,4,4,11,6,1,,3,0,1.2391
2,2,4,4,12,6,6,,6,1,1.1895
2,2,4,4,13,6,6,,2,0,1.1155
2,2,4,4,14,6,3,,3,1,1.1033
2,2,4,4,15,6,5,,5,1,1.4963
2,2,4,4,16,6,2,,2,1,1.1211
2,2,4,4,17,6,3,,3,1,1.1293
2,2,4,4,18,6,4,,2,0,1.1691
2,2,4,4,19,6,4,,4,1,1.2659
2,2,4,4,20,6,5,,6,0,1.5245
2,2,4,4,21,6,6,,6,1,1.0794
2,2,4,4,22,6,6,,6,1,0.6008
2,2,4,4,23,6,6,,6,1,0.9585
2,2,4,4,24,6,4,,4,1,1.1177
2,2,4,4,25,6,5,,2,0,1.1898
2,2,4,4,26,6,5,,2,0,1.1902
2,2,4,4,27,6,2,,2,1,1.2554
2,2,4,4,28,6,2,,3,0,1.0178
2,2,4,4,29,6,2,,2,1,1618.2738
2,2,4,4,30,6,1,,2,0,1.0186
2,2,4,4,31,6,5,,5,1,0.7861
2,2,4,4,32,6,5,,6,0,1.127
2,2,4,4,33,6,6,,6,1,0.7462
2,2,4,4,34,6,5,,6,0,0.8979
2,2,4,4,35,6,1,,6,0,0.7981
2,2,4,4,36,6,1,,1,1,1.2624
2,2,4,4,37,6,2,,2,1,0.7694
2,2,4,4,38,6,6,,1,0,1.384
2,2,4,4,39,6,3,,3,1,1.2652
2,2,4,4,40,6,1,,2,0,1.1068
2,2,4,4,41,6,3,,2,0,0.9986
2,2,4,4,42,6,2,,2,1,0.8473
2,2,4,4,43,6,4,,2,0,1.09
2,2,4,4,44,6,1,,1,1,0.6627
2,2,4,4,45,6,3,,6,0,1.1206
2,2,4,4,46,6,6,,6,1,0.6011
2,2,4,4,47,6,4,,2,0,1.1066
2,2,4,4,48,6,4,,3,0,1.111
2,2,4,4,49,6,2,,1,0,1.3387
2,2,4,4,50,6,4,,3,0,1.4125
2,2,5,1,1,6,6,,6,1,0.6419
2,2,5,1,2,6,2,,2,1,1.4225
2,2,5,1,3,6,6,,6,1,0.7941
2,2,5,1,4,6,4,,2,0,1.3128
2,2,5,1,5,6,6,,6,1,1.3879
2,2,5,1,6,6,2,,2,1,1.065
2,2,5,1,7,6,1,,6,0,0.8842
2,2,5,1,8,6,3,,6,0,1.0409
2,2,5,1,9,6,2,,2,1,1.2562
2,2,5,1,10,6,6,,6,1,0.7949
2,2,5,1,11,6,4,,4,1,1.4569
2,2,5,1,12,6,1,,2,0,1.0668
2,2,5,1,13,6,5,,5,1,1.536
2,2,5,1,14,6,6,,1,0,1.0318
2,2,5,1,15,6,4,,4,1,1.4867
2,2,5,1,16,6,2,,2,1,0.9675
2,2,5,1,17,6,4,,4,1,1.1733
2,2,5,1,18,6,2,,2,1,0.7478
2,2,5,1,19,6,6,,6,1,1.0115
2,2,5,1,20,6,5,,5,1,0.9275
2,2,5,1,21,6,6,,6,1,0.8007
2,2,5,1,22,6,3,,3,1,1.2696
2,2,5,1,23,6,5,,2,0,1.1759
2,2,5,1,24,6,3,,3,1,1.2736
2,2,5,1,25,6,5,,5,1,0.7633
2,2,5,1,26,6,6,,6,1,1.1706
2,2,5,1,27,6,3,,2,0,1.2726
2,2,5,1,28,6,5,,2,0,1.1738
2,2,5,1,29,6,5,,6,0,0.7107
2,2,5,1,30,6,3,,3,1,1.0839
2,2,5,1,31,6,4,,4,1,1.2694
2,2,5,1,32,6,2,,2,1,1.2868
2,2,5,1,33,6,1,,3,0,1.0482
2,2,5,1,34,6,1,,1,1,1.3112
2,2,5,1,35,6,6,,6,1,0.7511
2,2,5,1,36,6,6,,6,1,0.8871
2,2,5,1,37,6,2,,3,0,1.4486
2,2,5,1,38,6,4,,3,0,1.4387
2,2,5,1,39,6,3,,2,0,1.1575
2,2,5,1,40,6,4,,6,0,1.1119
2,2,5,1,41,6,1,,4,0,2.0274
2,2,5,1,42,6,5,,4,0,1.2258
2,2,5,1,43,6,2,,2,1,1.0481
2,2,5,1,44,6,4,,6,0,0.9
2,2,5,1,45,6,1,,6,0,0.8161
2,2,5,1,46,6,1,,2,0,1.0406
2,2,5,1,47,6,3,,3,1,1.0953
2,2,5,1,48,6,1,,2,0,1.0714
2,2,5,1,49,6,3,,2,0,1.1419
2,2,5,1,50,6,5,,2,0,1.016
2,2,5,2,1,2,4,1,4,1,1.1974
2,2,5,2,2,2,6,3,6,1,0.9786
2,2,5,2,3,2,2,5,2,1,0.8478
2,2,5,2,4,2,1,4,1,1,1.0592
2,2,5,2,5,2,1,6,1,1,1.5979
2,2,5,2,6,2,5,3,3,0,0.9299
2,2,5,2,7,2,4,3,4,1,1.5813
2,2,5,2,8,2,4,3,3,0,1.347
2,2,5,2,9,2,6,4,6,1,0.7811
2,2,5,2,10,2,5,4,4,0,1.2669
2,2,5,2,11,2,2,3,2,1,0.9121
2,2,5,2,12,2,3,1,3,1,1.0732
2,2,5,2,13,2,6,5,6,1,1.3395
2,2,5,2,14,2,4,1,4,1,1.2419
2,2,5,2,15,2,5,1,5,1,1.2299
2,2,5,2,16,2,3,6,6,0,1.2967
2,2,5,2,17,2,4,3,4,1,1.1655
2,2,5,2,18,2,6,4,6,1,1.2037
2,2,5,2,19,2,6,1,1,0,1.0002
2,2,5,2,20,2,1,6,6,0,1.5202
2,2,5,2,21,2,2,6,2,1,0.7878
2,2,5,2,22,2,1,3,3,0,1.3856
2,2,5,2,23,2,1,5,5,0,1.4264
2,2,5,2,24,2,4,2,4,1,1.081
2,2,5,2,25,2,6,2,6,1,0.9784
2,2,5,2,26,2,6,4,6,1,1.4088
2,2,5,2,27,2,3,4,4,0,1.2289
2,2,5,2,28,2,6,4,4,0,3.1323
2,2,5,2,29,2,1,6,1,1,2.0131
2,2,5,2,30,2,5,1,5,1,1.3602
2,2,5,2,31,2,3,4,3,1,1.2467
2,2,5,2,32,2,5,1,1,0,1.3608
2,2,5,2,33,2,2,5,2,1,1.0503
2,2,5,2,34,2,3,5,3,1,1.1094
2,2,5,2,35,2,4,2,2,0,1.1816
2,2,5,2,36,2,5,2,2,0,1.0216
2,2,5,2,37,2,3,6,3,1,1.1251
2,2,5,2,38,2,2,1,2,1,0.9238
2,2,5,2,39,2,3,2,2,0,1.1004
2,2,5,2,40,2,5,3,3,0,1.0564
2,2,5,2,41,2,1,4,4,0,1.2382
2,2,5,2,42,2,3,5,3,1,1.2206
2,2,5,2,43,2,2,5,2,1,1.1127
2,2,5,2,44,2,6,4,6,1,1.2002
2,2,5,2,45,2,4,3,4,1,1.1247
2,2,5,2,46,2,5,3,5,1,1.5647
2,2,5,2,47,2,1,5,1,1,1.3141
2,2,5,2,48,2,6,2,2,0,1.2665
2,2,5,2,49,2,2,1,2,1,1.1038
2,2,5,2,50,2,2,5,2,1,1.1289
2,2,5,3,1,6,2,,2,1,1.2294
2,2,5,3,2,6,4,,4,1,1.2977
2,2,5,3,3,6,5,,1,0,1.0898
2,2,5,3,4,6,5,,5,1,0.9833
2,2,5,3,5,6,1,,1,1,1.0928
2,2,5,3,6,6,5,,6,0,1.3256
2,2,5,3,7,6,2,,3,0,1.6084
2,2,5,3,8,6,2,,2,1,1.0312
2,2,5,3,9,6,4,,2,0,1.2834
2,2,5,3,10,6,6,,6,1,0.9122
2,2,5,3,11,6,2,,2,1,0.9769
2,2,5,3,12,6,6,,6,1,1.5671
2,2,5,3,13,6,5,,5,1,0.9967
2,2,5,3,14,6,4,,2,0,1.1222
2,2,5,3,15,6,1,,1,1,1.4292
2,2,5,3,16,6,1,,2,0,1.457
2,2,5,3,17,6,2,,2,1,0.8705
2,2,5,3,18,6,6,,3,0,1.0812
2,2,5,3,19,6,3,,2,0,1.0849
2,2,5,3,20,6,4,,2,0,0.898
2,2,5,3,21,6,6,,2,0,1.2467
2,2,5,3,22,6,1,,5,0,1.5492
2,2,5,3,23,6,4,,4,1,1.263
2,2,5,3,24,6,6,,6,1,1.1838
2,2,5,3,25,6,6,,6,1,0.9016
2,2,5,3,26,6,2,,2,1,1.1432
2,2,5,3,27,6,6,,6,1,0.8612
2,2,5,3,28,6,5,,2,0,1.4727
2,2,5,3,29,6,4,,6,0,0.9977
2,2,5,3,30,6,3,,3,1,1.4706
2,2,5,3,31,6,1,,5,0,3.1279
2,2,5,3,32,6,1,,5,0,1.6095
2,2,5,3,33,6,5,,1,0,1.1286
2,2,5,3,34,6,3,,4,0,1.1152
2,2,5,3,35,6,3,,3,1,1.1188
2,2,5,3,36,6,3,,2,0,1.1593
2,2,5,3,37,6,1,,1,1,1.7539
2,2,5,3,38,6,5,,5,1,1.1276
2,2,5,3,39,6,6,,6,1,0.8148
2,2,5,3,40,6,4,,5,0,2.0832
2,2,5,3,41,6,4,,5,0,1.0229
2,2,5,3,42,6,5,,5,1,0.9667
2,2,5,3,43,6,3,,4,0,1.1242
2,2,5,3,44,6,6,,6,1,0.7755
2,2,5,3,45,6,2,,2,1,1.1337
2,2,5,3,46,6,3,,3,1,1.3494
2,2,5,3,47,6,6,,6,1,0.8997
2,2,5,3,48,6,1,,6,0,1.301
2,2,5,3,49,6,3,,3,1,1.1212
2,2,5,3,50,6,2,,2,1,0.8723
2,2,5,4,1,2,6,2,6,1,1.6076
2,2,5,4,2,2,2,6,2,1,0.8112
2,2,5,4,3,2,2,3,2,1,0.7361
2,2,5,4,4,2,5,6,5,1,1.4957
2,2,5,4,5,2,4,1,4,1,1.4073
2,2,5,4,6,2,3,2,3,1,1.6598
2,2,5,4,7,2,5,3,5,1,1.2622
2,2,5,4,8,2,4,6,4,1,1.4242
2,2,5,4,9,2,1,2,1,1,2.2845
2,2,5,4,10,2,5,4,5,1,1.4608
2,2,5,4,11,2,5,3,5,1,1.6139
2,2,5,4,12,2,6,2,6,1,1.2333
2,2,5,4,13,2,4,1,1,0,1.5088
2,2,5,4,14,2,1,3,1,1,1.3688
2,2,5,4,15,2,1,6,6,0,1.6866
2,2,5,4,16,2,5,4,4,0,1.8586
2,2,5,4,17,2,4,3,4,1,1.4959
2,2,5,4,18,2,3,4,3,1,1.3434
2,2,5,4,19,2,4,1,4,1,1.9671
2,2,5,4,20,2,1,6,1,1,2.0528
2,2,5,4,21,2,2,4,2,1,1.254
2,2,5,4,22,2,1,3,3,0,1.2575
2,2,5,4,23,2,2,3,2,1,1.1747
2,2,5,4,24,2,6,4,4,0,1.7734
2,2,5,4,25,2,1,2,1,1,1.6061
2,2,5,4,26,2,1,2,2,0,1.3539
2,2,5,4,27,2,6,4,4,0,1.8115
2,2,5,4,28,2,5,4,5,1,1.2581
2,2,5,4,29,2,6,3,6,1,1.3565
2,2,5,4,30,2,5,6,5,1,1.3552
2,2,5,4,31,2,2,4,2,1,1.2419
2,2,5,4,32,2,6,3,6,1,1.1326
2,2,5,4,33,2,2,1,2,1,1.2204
2,2,5,4,34,2,5,2,5,1,1.4323
2,2,5,4,35,2,4,2,4,1,1.4601
2,2,5,4,36,2,3,1,3,1,1.1659
2,2,5,4,37,2,6,2,2,0,1.1718
2,2,5,4,38,2,4,2,4,1,1.1084
2,2,5,4,39,2,6,3,3,0,2.1091
2,2,5,4,40,2,2,6,2,1,0.9671
2,2,5,4,41,2,3,5,3,1,1.3341
2,2,5,4,42,2,1,6,1,1,2.1174
2,2,5,4,43,2,3,1,3,1,1.1408
2,2,5,4,44,2,3,1,3,1,1.3705
2,2,5,4,45,2,3,1,3,1,2.2482
2,2,5,4,46,2,2,3,2,1,0.8334
2,2,5,4,47,2,6,1,1,0,1.9736
2,2,5,4,48,2,6,4,4,0,1.8301
2,2,5,4,49,2,4,5,5,0,1.3726
2,2,5,4,50,2,3,6,3,1,1.3018
2,3,1,1,1,6,2,,2,1,1.289
2,3,1,1,2,6,2,,2,1,0.9858
2,3,1,1,3,6,6,,2,0,2.3596
2,3,1,1,4,6,4,,6,0,1.591
2,3,1,1,5,6,4,,4,1,2.1838
2,3,1,1,6,6,2,,2,1,0.8685
2,3,1,1,7,6,2,,2,1,0.9832
2,3,1,1,8,6,1,,6,0,1.1569
2,3,1,1,9,6,1,,1,1,1.2228
2,3,1,1,10,6,4,,3,0,1.355
2,3,1,1,11,6,4,,4,1,1.3496
2,3,1,1,12,6,1,,3,0,2.4521
2,3,1,1,13,6,3,,3,1,1.1533
2,3,1,1,14,6,5,,2,0,1.4321
2,3,1,1,15,6,6,,6,1,1.2469
2,3,1,1,16,6,2,,2,1,1.0423
2,3,1,1,17,6,6,,6,1,1.1824
2,3,1,1,18,6,3,,3,1,1.156
2,3,1,1,19,6,4,,2,0,1.0988
2,3,1,1,20,6,6,,6,1,0.8473
2,3,1,1,21,6,5,,2,0,1.6656
2,3,1,1,22,6,5,,2,0,1.1828
2,3,1,1,23,6,6,,6,1,0.7368
2,3,1,1,24,6,4,,2,0,1.1768
2,3,1,1,25,6,3,,2,0,0.938
2,3,1,1,26,6,1,,5,0,1.7495
2,3,1,1,27,6,1,,3,0,1.1034
2,3,1,1,28,6,6,,5,0,1.5879
2,3,1,1,29,6,3,,3,1,1.3641
2,3,1,1,30,6,6,,6,1,1.0269
2,3,1,1,31,6,1,,3,0,1.2788
2,3,1,1,32,6,2,,2,1,0.9733
2,3,1,1,33,6,6,,6,1,0.891
2,3,1,1,34,6,5,,5,1,1.3256
2,3,1,1,35,6,5,,1,0,1.3256
2,3,1,1,36,6,4,,2,0,1.2728
2,3,1,1,37,6,4,,5,0,1.5585
2,3,1,1,38,6,5,,2,0,1.5279
2,3,1,1,39,6,5,,5,1,1.0997
2,3,1,1,40,6,3,,3,1,2.1324
2,3,1,1,41,6,6,,6,1,0.8356
2,3,1,1,42,6,3,,6,0,1.3356
2,3,1,1,43,6,6,,5,0,1.7303
2,3,1,1,44,6,3,,5,0,2.1246
2,3,1,1,45,6,3,,3,1,1.4155
2,3,1,1,46,6,5,,5,1,1.5706
2,3,1,1,47,6,2,,5,0,1.2731
2,3,1,1,48,6,2,,2,1,1.191
2,3,1,1,49,6,1,,1,1,1.0357
2,3,1,1,50,6,1,,2,0,1.1441
2,3,1,2,1,2,4,5,4,1,1.2233
2,3,1,2,2,2,6,4,6,1,0.7803
2,3,1,2,3,2,4,1,4,1,1.8427
2,3,1,2,4,2,6,1,6,1,1.0698
2,3,1,2,5,2,1,2,1,1,1.0958
2,3,1,2,6,2,3,1,3,1,1.2177
2,3,1,2,7,2,2,1,2,1,1.0615
2,3,1,2,8,2,6,3,6,1,1.121
2,3,1,2,9,2,3,2,3,1,1.5774
2,3,1,2,10,2,5,1,5,1,1.407
2,3,1,2,11,2,6,5,5,0,2.3159
2,3,1,2,12,2,5,4,4,0,1.4856
2,3,1,2,13,2,1,3,3,0,1.363
2,3,1,2,14,2,3,5,3,1,1.1651
2,3,1,2,15,2,4,5,4,1,1.5712
2,3,1,2,16,2,6,3,6,1,0.9366
2,3,1,2,17,2,1,6,6,0,0.9686
2,3,1,2,18,2,3,5,5,0,1.731
2,3,1,2,19,2,4,3,4,1,1.0852
2,3,1,2,20,2,2,4,2,1,0.9992
2,3,1,2,21,2,5,3,5,1,1.7477
2,3,1,2,22,2,5,4,5,1,1.842
2,3,1,2,23,2,6,1,6,1,0.9088
2,3,1,2,24,2,4,5,4,1,2.0626
2,3,1,2,25,2,1,6,6,0,2.8161
2,3,1,2,26,2,2,5,2,1,1.1335
2,3,1,2,27,2,3,1,3,1,1.6371
2,3,1,2,28,2,1,4,4,0,1.416
2,3,1,2,29,2,6,4,6,1,0.8159
2,3,1,2,30,2,4,3,3,0,1.636
2,3,1,2,31,2,4,1,4,1,1.0584
2,3,1,2,32,2,2,4,2,1,1.0214
2,3,1,2,33,2,1,5,5,0,1.3385
2,3,1,2,34,2,5,3,5,1,1.1088
2,3,1,2,35,2,1,5,1,1,1.7742
2,3,1,2,36,2,1,3,1,1,1.5954
2,3,1,2,37,2,6,4,6,1,1.361
2,3,1,2,38,2,3,6,3,1,1.7595
2,3,1,2,39,2,6,3,3,0,1.374
2,3,1,2,40,2,5,2,5,1,1.2869
2,3,1,2,41,2,6,2,6,1,0.8247
2,3,1,2,42,2,2,3,2,1,1.1654
2,3,1,2,43,2,3,2,3,1,1.0914
2,3,1,2,44,2,2,6,2,1,1.3573
2,3,1,2,45,2,3,2,2,0,1.2437
2,3,1,2,46,2,4,5,5,0,1.1311
2,3,1,2,47,2,5,6,5,1,1.3737
2,3,1,2,48,2,5,3,5,1,1.5005
2,3,1,2,49,2,2,5,2,1,1.1888
2,3,1,2,50,2,2,5,5,0,1.3383
2,3,1,3,1,6,5,,5,1,1.0904
2,3,1,3,2,6,5,,2,0,1.2124
2,3,1,3,3,6,3,,3,1,0.9405
2,3,1,3,4,6,4,,2,0,1.1643
2,3,1,3,5,6,6,,6,1,0.862
2,3,1,3,6,6,4,,5,0,1.8251
2,3,1,3,7,6,4,,1,0,1.272
2,3,1,3,8,6,1,,1,1,0.8698
2,3,1,3,9,6,6,,6,1,0.7917
2,3,1,3,10,6,3,,4,0,2.8459
2,3,1,3,11,6,1,,4,0,1.5792
2,3,1,3,12,6,3,,3,1,0.8598
2,3,1,3,13,6,2,,5,0,1.7434
2,3,1,3,14,6,6,,6,1,0.6972
2,3,1,3,15,6,2,,2,1,1.1712
2,3,1,3,16,6,6,,6,1,0.8896
2,3,1,3,17,6,1,,1,1,1.3076
2,3,1,3,18,6,3,,3,1,1.036
2,3,1,3,19,6,2,,2,1,1.3039
2,3,1,3,20,6,2,,4,0,2.0567
2,3,1,3,21,6,3,,3,1,1.2533
2,3,1,3,22,6,5,,5,1,1.3209
2,3,1,3,23,6,6,,6,1,0.8089
2,3,1,3,24,6,2,,2,1,1.0065
2,3,1,3,25,6,4,,2,0,2.4108
2,3,1,3,26,6,5,,5,1,2.1704
2,3,1,3,27,6,6,,6,1,0.7756
2,3,1,3,28,6,1,,4,0,1.1663
2,3,1,3,29,6,2,,2,1,0.8321
2,3,1,3,30,6,6,,6,1,0.8351
2,3,1,3,31,6,5,,4,0,2.2155
2,3,1,3,32,6,5,,6,0,0.7822
2,3,1,3,33,6,6,,6,1,0.6714
2,3,1,3,34,6,3,,2,0,0.9545
2,3,1,3,35,6,2,,2,1,1.3488
2,3,1,3,36,6,5,,3,0,2.6597
2,3,1,3,37,6,4,,4,1,0.9689
2,3,1,3,38,6,3,,3,1,1.3347
2,3,1,3,39,6,2,,6,0,0.8704
2,3,1,3,40,6,4,,3,0,1.0764
2,3,1,3,41,6,4,,6,0,1.0026
2,3,1,3,42,6,1,,1,1,1.2672
2,3,1,3,43,6,6,,6,1,1.1251
2,3,1,3,44,6,4,,4,1,1.1013
2,3,1,3,45,6,6,,6,1,0.8862
2,3,1,3,46,6,5,,5,1,1.0962
2,3,1,3,47,6,1,,1,1,1.1215
2,3,1,3,48,6,3,,3,1,1.0025
2,3,1,3,49,6,1,,1,1,0.8554
2,3,1,3,50,6,1,,1,1,0.9388
2,3,1,4,1,2,3,1,3,1,1.6397
2,3,1,4,2,2,6,3,6,1,0.7314
2,3,1,4,3,2,6,2,6,1,2.3388
2,3,1,4,4,2,6,3,6,1,0.7933
2,3,1,4,5,2,6,2,6,1,0.8472
2,3,1,4,6,2,4,6,4,1,1.2186
2,3,1,4,7,2,1,6,1,1,1.5905
2,3,1,4,8,2,2,4,2,1,0.9721
2,3,1,4,9,2,5,1,5,1,1.5944
2,3,1,4,10,2,6,2,6,1,1.2156
2,3,1,4,11,2,2,3,3,0,1.3794
2,3,1,4,12,2,2,1,2,1,0.7962
2,3,1,4,13,2,4,2,4,1,1.6987
2,3,1,4,14,2,2,3,2,1,1.4752
2,3,1,4,15,2,3,5,3,1,1.3572
2,3,1,4,16,2,4,6,4,1,1.1958
2,3,1,4,17,2,3,1,3,1,2.385
2,3,1,4,18,2,3,4,4,0,1.1894
2,3,1,4,19,2,6,3,6,1,1.1267
2,3,1,4,20,2,6,5,6,1,0.6708
2,3,1,4,21,2,3,5,3,1,1.0814
2,3,1,4,22,2,4,2,4,1,1.6514
2,3,1,4,23,2,3,1,3,1,4.2294
2,3,1,4,24,2,5,6,6,0,1.3426
2,3,1,4,25,2,1,3,1,1,1.0809
2,3,1,4,26,2,1,2,1,1,3.1394
2,3,1,4,27,2,1,2,1,1,0.9532
2,3,1,4,28,2,6,3,6,1,0.8083
2,3,1,4,29,2,5,1,5,1,1.0377
2,3,1,4,30,2,2,6,2,1,1.1295
2,3,1,4,31,2,3,1,1,0,1.4734
2,3,1,4,32,2,1,3,3,0,1.4791
2,3,1,4,33,2,5,3,5,1,0.9726
2,3,1,4,34,2,1,3,1,1,1.5307
2,3,1,4,35,2,6,2,2,0,1.0431
2,3,1,4,36,2,2,3,2,1,1.0662
2,3,1,4,37,2,2,4,4,0,1.2362
2,3,1,4,38,2,5,4,5,1,0.7714
2,3,1,4,39,2,4,5,4,1,1.1296
2,3,1,4,40,2,5,6,5,1,0.9612
2,3,1,4,41,2,1,6,6,0,1.169
2,3,1,4,42,2,4,3,4,1,1.1863
2,3,1,4,43,2,4,6,4,1,1.0002
2,3,1,4,44,2,2,1,2,1,1.4131
2,3,1,4,45,2,3,1,3,1,1.2814
2,3,1,4,46,2,5,3,5,1,1.2508
2,3,1,4,47,2,6,1,6,1,1.1902
2,3,1,4,48,2,1,2,1,1,1.4196
2,3,1,4,49,2,4,2,4,1,1.4151
2,3,1,4,50,2,5,3,5,1,1.1545
2,3,2,1,1,2,2,6,2,1,1.1207
2,3,2,1,2,2,2,3,2,1,1.2731
2,3,2,1,3,2,1,3,3,0,1.3871
2,3,2,1,4,2,1,4,1,1,0.9959
2,3,2,1,5,2,2,1,2,1,1.0894
2,3,2,1,6,2,4,1,4,1,1.2272
2,3,2,1,7,2,6,1,6,1,1.0232
2,3,2,1,8,2,3,1,3,1,1.244
2,3,2,1,9,2,4,5,4,1,2.2714
2,3,2,1,10,2,6,3,6,1,0.8089
2,3,2,1,11,2,5,1,5,1,0.9418
2,3,2,1,12,2,5,2,5,1,1.2453
2,3,2,1,13,2,6,4,6,1,1.0889
2,3,2,1,14,2,3,6,3,1,1.403
2,3,2,1,15,2,2,4,2,1,0.9036
2,3,2,1,16,2,4,2,4,1,1.2085
2,3,2,1,17,2,6,4,6,1,0.8298
2,3,2,1,18,2,5,3,3,0,1.2825
2,3,2,1,19,2,6,5,6,1,0.8475
2,3,2,1,20,2,5,2,2,0,1.0908
2,3,2,1,21,2,6,1,6,1,1.0637
2,3,2,1,22,2,3,1,3,1,1.1067
2,3,2,1,23,2,2,3,2,1,1.4675
2,3,2,1,24,2,2,5,2,1,2.6773
2,3,2,1,25,2,5,3,5,1,0.99
2,3,2,1,26,2,2,3,2,1,1.452
2,3,2,1,27,2,4,5,4,1,2.1342
2,3,2,1,28,2,6,2,6,1,1.0771
2,3,2,1,29,2,6,1,6,1,0.8955
2,3,2,1,30,2,6,5,6,1,1.0094
2,3,2,1,31,2,1,5,5,0,1.8709
2,3,2,1,32,2,1,4,4,0,1.2677
2,3,2,1,33,2,4,3,3,0,1.2969
2,3,2,1,34,2,3,1,3,1,1.2294
2,3,2,1,35,2,5,1,5,1,1.1847
2,3,2,1,36,2,1,3,1,1,1.6067
2,3,2,1,37,2,3,1,3,1,1.2583
2,3,2,1,38,2,1,5,5,0,1.6458
2,3,2,1,39,2,1,4,4,0,1.5635
2,3,2,1,40,2,5,4,5,1,0.8129
2,3,2,1,41,2,2,3,2,1,1.089
2,3,2,1,42,2,5,4,4,0,1.1153
2,3,2,1,43,2,6,1,6,1,0.601
2,3,2,1,44,2,3,2,3,1,1.3404
2,3,2,1,45,2,1,6,1,1,1.7713
2,3,2,1,46,2,4,6,4,1,1.1775
2,3,2,1,47,2,4,3,3,0,1.4398
2,3,2,1,48,2,4,6,4,1,1.8787
2,3,2,1,49,2,3,5,3,1,1.3602
2,3,2,1,50,2,3,2,3,1,1.4545
2,3,2,2,1,6,5,,4,0,1.1267
2,3,2,2,2,6,6,,2,0,1.9789
2,3,2,2,3,6,4,,4,1,1.1788
2,3,2,2,4,6,2,,2,1,0.8646
2,3,2,2,5,6,6,,6,1,0.9629
2,3,2,2,6,6,6,,4,0,1.1059
2,3,2,2,7,6,4,,2,0,1.5907
2,3,2,2,8,6,3,,3,1,1.6866
2,3,2,2,9,6,3,,3,1,1.0962
2,3,2,2,10,6,2,,2,1,0.7697
2,3,2,2,11,6,1,,5,0,1.5125
2,3,2,2,12,6,3,,6,0,0.9719
2,3,2,2,13,6,2,,2,1,1.094
2,3,2,2,14,6,6,,6,1,1.119
2,3,2,2,15,6,6,,4,0,1.5118
2,3,2,2,16,6,4,,2,0,0.9554
2,3,2,2,17,6,2,,2,1,1.0779
2,3,2,2,18,6,6,,6,1,0.8958
2,3,2,2,19,6,5,,2,0,1.0735
2,3,2,2,20,6,6,,3,0,2.2785
2,3,2,2,21,6,3,,2,0,1.2598
2,3,2,2,22,6,5,,5,1,0.8097
2,3,2,2,23,6,1,,6,0,2.2716
2,3,2,2,24,6,1,,4,0,2.6758
2,3,2,2,25,6,2,,2,1,1.2715
2,3,2,2,26,6,6,,6,1,1.0496
2,3,2,2,27,6,2,,2,1,0.9007
2,3,2,2,28,6,4,,4,1,2.9022
2,3,2,2,29,6,6,,6,1,0.7414
2,3,2,2,30,6,4,,4,1,1.6453
2,3,2,2,31,6,2,,2,1,1.0079
2,3,2,2,32,6,3,,3,1,1.3408
2,3,2,2,33,6,6,,6,1,0.717
2,3,2,2,34,6,1,,2,0,0.8045
2,3,2,2,35,6,5,,5,1,1.0938
2,3,2,2,36,6,5,,5,1,0.8634
2,3,2,2,37,6,3,,2,0,1.0579
2,3,2,2,38,6,4,,3,0,1.2561
2,3,2,2,39,6,5,,5,1,1.0148
2,3,2,2,40,6,5,,6,0,1.267
2,3,2,2,41,6,1,,6,0,1.8242
2,3,2,2,42,6,4,,2,0,1.8951
2,3,2,2,43,6,3,,1,0,1.4513
2,3,2,2,44,6,1,,3,0,1.281
2,3,2,2,45,6,4,,3,0,1.2141
2,3,2,2,46,6,2,,2,1,1.1175
2,3,2,2,47,6,3,,3,1,1.27
2,3,2,2,48,6,1,,1,1,1.4806
2,3,2,2,49,6,1,,4,0,1.857
2,3,2,2,50,6,5,,3,0,1.1588
2,3,2,3,1,2,2,3,2,1,1.1113
2,3,2,3,2,2,5,2,5,1,0.9122
2,3,2,3,3,2,5,3,5,1,2.401
2,3,2,3,4,2,3,6,3,1,0.9804
2,3,2,3,5,2,1,5,5,0,1.3787
2,3,2,3,6,2,3,4,4,0,1.2277
2,3,2,3,7,2,5,2,5,1,1.1952
2,3,2,3,8,2,6,3,6,1,0.7517
2,3,2,3,9,2,2,4,2,1,0.8077
2,3,2,3,10,2,2,3,2,1,0.8284
2,3,2,3,11,2,3,6,3,1,1.1688
2,3,2,3,12,2,4,2,4,1,1.0145
2,3,2,3,13,2,4,2,2,0,1.2671
2,3,2,3,14,2,6,4,4,0,2.4649
2,3,2,3,15,2,5,4,5,1,1.0535
2,3,2,3,16,2,1,5,5,0,1.8799
2,3,2,3,17,2,6,5,6,1,1.2608
2,3,2,3,18,2,6,4,4,0,1.2791
2,3,2,3,19,2,4,1,4,1,1.0997
2,3,2,3,20,2,4,2,4,1,1.6995
2,3,2,3,21,2,5,1,5,1,1.2041
2,3,2,3,22,2,6,2,6,1,0.7448
2,3,2,3,23,2,6,1,6,1,0.8808
2,3,2,3,24,2,2,1,2,1,0.9145
2,3,2,3,25,2,2,3,2,1,1.1068
2,3,2,3,26,2,6,1,6,1,1.004
2,3,2,3,27,2,6,4,4,0,2.8891
2,3,2,3,28,2,4,6,4,1,1.156
2,3,2,3,29,2,6,4,4,0,3.0348
2,3,2,3,30,2,3,2,2,0,1.4242
2,3,2,3,31,2,1,2,2,0,1.3834
2,3,2,3,32,2,5,4,5,1,1.392
2,3,2,3,33,2,2,3,2,1,2.8777
2,3,2,3,34,2,3,1,3,1,1.1337
2,3,2,3,35,2,2,4,2,1,1.2059
2,3,2,3,36,2,1,3,3,0,4.6346
2,3,2,3,37,2,1,6,1,1,0.9412
2,3,2,3,38,2,1,2,1,1,1.533
2,3,2,3,39,2,2,4,2,1,1.044
2,3,2,3,40,2,4,5,4,1,1.1833
2,3,2,3,41,2,3,1,1,0,1.3816
2,3,2,3,42,2,3,5,3,1,1.1979
2,3,2,3,43,2,5,2,5,1,1.3474
2,3,2,3,44,2,4,3,4,1,1.218
2,3,2,3,45,2,3,5,3,1,0.9982
2,3,2,3,46,2,1,6,1,1,1.7954
2,3,2,3,47,2,1,2,2,0,1.5362
2,3,2,3,48,2,6,1,6,1,1.3461
2,3,2,3,49,2,4,6,4,1,1.1535
2,3,2,3,50,2,5,1,5,1,1.225
2,3,2,4,1,6,4,,1,0,1.2591
2,3,2,4,2,6,6,,3,0,1.2093
2,3,2,4,3,6,3,,1,0,1.8334
2,3,2,4,4,6,1,,3,0,0.8793
2,3,2,4,5,6,3,,6,0,1.0689
2,3,2,4,6,6,6,,6,1,1.0103
2,3,2,4,7,6,3,,4,0,1.1204
2,3,2,4,8,6,3,,2,0,1.1402
2,3,2,4,9,6,4,,2,0,1.2711
2,3,2,4,10,6,1,,3,0,1.4122
2,3,2,4,11,6,2,,1,0,1.2762
2,3,2,4,12,6,6,,6,1,1.3213
2,3,2,4,13,6,6,,6,1,0.9695
2,3,2,4,14,6,3,,3,1,0.904
2,3,2,4,15,6,5,,5,1,1.0973
2,3,2,4,16,6,2,,6,0,1.0903
2,3,2,4,17,6,2,,6,0,1.0152
2,3,2,4,18,6,5,,3,0,1.3752
2,3,2,4,19,6,1,,6,0,0.9363
2,3,2,4,20,6,5,,5,1,1.2044
2,3,2,4,21,6,3,,3,1,0.8248
2,3,2,4,22,6,5,,5,1,1.2295
2,3,2,4,23,6,4,,2,0,0.9766
2,3,2,4,24,6,4,,3,0,1.4674
2,3,2,4,25,6,6,,6,1,1.1045
2,3,2,4,26,6,4,,4,1,1.7372
2,3,2,4,27,6,3,,2,0,1.2405
2,3,2,4,28,6,3,,3,1,0.8388
2,3,2,4,29,6,5,,6,0,1.2434
2,3,2,4,30,6,2,,2,1,1.0342
2,3,2,4,31,6,6,,6,1,0.8214
2,3,2,4,32,6,1,,1,1,1.3545
2,3,2,4,33,6,1,,2,0,1.0172
2,3,2,4,34,6,5,,5,1,1.5692
2,3,2,4,35,6,4,,4,1,0.887
2,3,2,4,36,6,1,,3,0,1.0646
2,3,2,4,37,6,6,,6,1,0.9267
2,3,2,4,38,6,2,,6,0,11.8711
2,3,2,4,39,6,2,,2,1,0.6967
2,3,2,4,40,6,2,,2,1,0.6417
2,3,2,4,41,6,5,,5,1,0.6531
2,3,2,4,42,6,6,,1,0,1.16
2,3,2,4,43,6,5,,5,1,0.8417
2,3,2,4,44,6,4,,2,0,1.2773
2,3,2,4,45,6,6,,5,0,1.1773
2,3,2,4,46,6,1,,2,0,0.9071
2,3,2,4,47,6,2,,6,0,0.968
2,3,2,4,48,6,1,,1,1,1.8099
2,3,2,4,49,6,4,,4,1,1.4217
2,3,2,4,50,6,6,,6,1,0.8256
2,3,3,1,1,6,3,,3,1,1.0696
2,3,3,1,2,6,6,,3,0,1.5603
2,3,3,1,3,6,4,,3,0,0.9377
2,3,3,1,4,6,2,,2,1,0.9495
2,3,3,1,5,6,4,,2,0,1.6051
2,3,3,1,6,6,3,,3,1,1.0284
2,3,3,1,7,6,4,,4,1,1.2644
2,3,3,1,8,6,1,,4,0,1.1229
2,3,3,1,9,6,6,,6,1,0.9027
2,3,3,1,10,6,2,,4,0,1.1602
2,3,3,1,11,6,3,,6,0,1.082
2,3,3,1,12,6,2,,2,1,1.8876
2,3,3,1,13,6,5,,5,1,0.9207
2,3,3,1,14,6,1,,1,1,1.1768
2,3,3,1,15,6,4,,3,0,0.8951
2,3,3,1,16,6,4,,2,0,1.0368
2,3,3,1,17,6,5,,5,1,0.7871
2,3,3,1,18,6,1,,6,0,0.6651
2,3,3,1,19,6,6,,6,1,0.7032
2,3,3,1,20,6,1,,1,1,1.273
2,3,3,1,21,6,1,,5,0,2.5393
2,3,3,1,22,6,3,,3,1,1.2367
2,3,3,1,23,6,5,,2,0,0.9838
2,3,3,1,24,6,4,,3,0,0.8649
2,3,3,1,25,6,6,,6,1,1.1829
2,3,3,1,26,6,6,,6,1,0.853
2,3,3,1,27,6,2,,2,1,1.4
2,3,3,1,28,6,6,,5,0,1.2204
2,3,3,1,29,6,5,,2,0,1.1085
2,3,3,1,30,6,5,,5,1,1.4172
2,3,3,1,31,6,1,,1,1,1.2207
2,3,3,1,32,6,3,,3,1,1.0005
2,3,3,1,33,6,2,,4,0,1.1263
2,3,3,1,34,6,4,,2,0,1.4493
2,3,3,1,35,6,6,,6,1,1.2959
2,3,3,1,36,6,6,,1,0,1.121
2,3,3,1,37,6,2,,2,1,0.885
2,3,3,1,38,6,5,,6,0,1.2552
2,3,3,1,39,6,2,,2,1,1.1892
2,3,3,1,40,6,5,,6,0,1.2432
2,3,3,1,41,6,3,,6,0,1.0821
2,3,3,1,42,6,4,,5,0,1.0071
2,3,3,1,43,6,6,,6,1,0.7275
2,3,3,1,44,6,1,,2,0,2.3039
2,3,3,1,45,6,3,,4,0,1.1545
2,3,3,1,46,6,1,,3,0,1.3654
2,3,3,1,47,6,3,,4,0,1.2622
2,3,3,1,48,6,6,,1,0,1.4677
2,3,3,1,49,6,5,,3,0,1.1217
2,3,3,1,50,6,2,,6,0,1.9087
2,3,3,2,1,2,1,6,6,0,1.1264
2,3,3,2,2,2,5,1,5,1,0.9862
2,3,3,2,3,2,4,2,4,1,1.2559
2,3,3,2,4,2,2,1,2,1,0.8909
2,3,3,2,5,2,4,5,5,0,1.5485
2,3,3,2,6,2,3,6,6,0,1.3904
2,3,3,2,7,2,1,6,6,0,2.375
2,3,3,2,8,2,1,3,3,0,1.3995
2,3,3,2,9,2,4,6,4,1,1.184
2,3,3,2,10,2,6,5,6,1,1.5251
2,3,3,2,11,2,5,1,5,1,1.3575
2,3,3,2,12,2,2,4,2,1,1.3882
2,3,3,2,13,2,6,2,6,1,1.0172
2,3,3,2,14,2,6,5,5,0,1.7178
2,3,3,2,15,2,6,5,5,0,1.2172
2,3,3,2,16,2,3,5,3,1,2.6244
2,3,3,2,17,2,6,2,2,0,2.4588
2,3,3,2,18,2,2,3,2,1,1.2244
2,3,3,2,19,2,5,3,5,1,1.3079
2,3,3,2,20,2,6,4,6,1,1.1332
2,3,3,2,21,2,3,2,2,0,1.0929
2,3,3,2,22,2,4,5,4,1,1.1452
2,3,3,2,23,2,3,6,3,1,1.3444
2,3,3,2,24,2,4,3,3,0,1.2479
2,3,3,2,25,2,5,6,6,0,1.1187
2,3,3,2,26,2,1,2,2,0,1.3622
2,3,3,2,27,2,1,6,1,1,1.8516
2,3,3,2,28,2,3,5,3,1,1.174
2,3,3,2,29,2,2,1,2,1,0.8758
2,3,3,2,30,2,3,4,3,1,1.1825
2,3,3,2,31,2,4,6,4,1,1.1567
2,3,3,2,32,2,5,4,5,1,1.6428
2,3,3,2,33,2,2,1,1,0,1.4225
2,3,3,2,34,2,2,4,4,0,1.9415
2,3,3,2,35,2,4,3,4,1,1.4802
2,3,3,2,36,2,2,6,6,0,2.562
2,3,3,2,37,2,4,5,5,0,1.2422
2,3,3,2,38,2,1,6,1,1,1.3369
2,3,3,2,39,2,3,6,3,1,1.2565
2,3,3,2,40,2,5,1,5,1,1.0193
2,3,3,2,41,2,1,4,1,1,1.464
2,3,3,2,42,2,6,1,6,1,1.058
2,3,3,2,43,2,1,3,1,1,1.5172
2,3,3,2,44,2,5,6,5,1,1.1575
2,3,3,2,45,2,5,2,2,0,3.324
2,3,3,2,46,2,3,2,3,1,1.3973
2,3,3,2,47,2,6,2,6,1,0.9463
2,3,3,2,48,2,6,3,6,1,1.0261
2,3,3,2,49,2,6,2,6,1,0.862
2,3,3,2,50,2,2,1,2,1,1.0897
2,3,3,3,1,6,6,,6,1,0.9693
2,3,3,3,2,6,3,,3,1,1.2077
2,3,3,3,3,6,4,,4,1,1.3404
2,3,3,3,4,6,2,,2,1,1.084
2,3,3,3,5,6,1,,2,0,1.2532
2,3,3,3,6,6,6,,6,1,0.8355
2,3,3,3,7,6,1,,1,1,1.2877
2,3,3,3,8,6,4,,4,1,1.2729
2,3,3,3,9,6,6,,3,0,1.2272
2,3,3,3,10,6,1,,1,1,0.9711
2,3,3,3,11,6,5,,5,1,0.9538
2,3,3,3,12,6,1,,1,1,1.3679
2,3,3,3,13,6,6,,6,1,0.9495
2,3,3,3,14,6,5,,5,1,0.9651
2,3,3,3,15,6,3,,6,0,1.1879
2,3,3,3,16,6,5,,5,1,0.9325
2,3,3,3,17,6,1,,3,0,1.9409
2,3,3,3,18,6,4,,4,1,0.8548
2,3,3,3,19,6,6,,6,1,0.7782
2,3,3,3,20,6,3,,3,1,1.7441
2,3,3,3,21,6,1,,4,0,1.5352
2,3,3,3,22,6,5,,3,0,1.4898
2,3,3,3,23,6,6,,5,0,4.7745
2,3,3,3,24,6,6,,2,0,1.5239
2,3,3,3,25,6,5,,5,1,0.8229
2,3,3,3,26,6,2,,2,1,0.812
2,3,3,3,27,6,5,,6,0,1.8412
2,3,3,3,28,6,6,,4,0,1.5592
2,3,3,3,29,6,4,,4,1,1.3372
2,3,3,3,30,6,5,,3,0,3.4644
2,3,3,3,31,6,2,,2,1,1.0044
2,3,3,3,32,6,2,,2,1,0.8887
2,3,3,3,33,6,4,,4,1,0.9228
2,3,3,3,34,6,3,,6,0,1.5155
2,3,3,3,35,6,3,,3,1,1.0545
2,3,3,3,36,6,3,,4,0,2.5064
2,3,3,3,37,6,4,,4,1,1.2532
2,3,3,3,38,6,1,,4,0,2.6153
2,3,3,3,39,6,4,,5,0,1.1498
2,3,3,3,40,6,1,,1,1,1.5361
2,3,3,3,41,6,2,,3,0,1.3191
2,3,3,3,42,6,3,,2,0,1.0113
2,3,3,3,43,6,2,,4,0,1.4029
2,3,3,3,44,6,6,,6,1,0.803
2,3,3,3,45,6,2,,2,1,1.2232
2,3,3,3,46,6,3,,4,0,1.3882
2,3,3,3,47,6,6,,6,1,0.7887
2,3,3,3,48,6,2,,2,1,1.2908
2,3,3,3,49,6,4,,2,0,2.4442
2,3,3,3,50,6,5,,3,0,1.2572
2,3,3,4,1,2,1,3,3,0,1.7651
2,3,3,4,2,2,3,4,4,0,1.9659
2,3,3,4,3,2,6,5,6,1,1.7908
2,3,3,4,4,2,4,3,3,0,1.1639
2,3,3,4,5,2,6,5,5,0,2.2213
2,3,3,4,6,2,1,4,1,1,1.252
2,3,3,4,7,2,2,5,2,1,1.143
2,3,3,4,8,2,2,1,2,1,1.1179
2,3,3,4,9,2,5,3,5,1,1.2708
2,3,3,4,10,2,2,6,2,1,0.8088
2,3,3,4,11,2,3,2,3,1,1.006
2,3,3,4,12,2,3,6,3,1,1.0515
2,3,3,4,13,2,4,3,4,1,1.2224
2,3,3,4,14,2,4,2,4,1,1.2425
2,3,3,4,15,2,6,1,1,0,1.8857
2,3,3,4,16,2,4,5,4,1,1.3937
2,3,3,4,17,2,4,1,4,1,1.4231
2,3,3,4,18,2,3,5,3,1,1.0197
2,3,3,4,19,2,6,4,4,0,1.4479
2,3,3,4,20,2,6,3,6,1,0.7662
2,3,3,4,21,2,5,2,2,0,1.1563
2,3,3,4,22,2,5,6,5,1,1.0145
2,3,3,4,23,2,3,1,1,0,1.9391
2,3,3,4,24,2,4,2,2,0,1.349
2,3,3,4,25,2,1,4,1,1,1.6628
2,3,3,4,26,2,3,1,3,1,1.1689
2,3,3,4,27,2,5,6,5,1,0.9833
2,3,3,4,28,2,4,2,4,1,1.2206
2,3,3,4,29,2,1,6,6,0,1.161
2,3,3,4,30,2,2,6,2,1,1.0669
2,3,3,4,31,2,5,4,5,1,1.2535
2,3,3,4,32,2,3,2,2,0,1.8642
2,3,3,4,33,2,4,5,5,0,1.3406
2,3,3,4,34,2,6,2,6,1,0.8396
2,3,3,4,35,2,2,3,2,1,1.1958
2,3,3,4,36,2,5,1,5,1,1.1694
2,3,3,4,37,2,1,4,1,1,1.8153
2,3,3,4,38,2,1,3,3,0,1.107
2,3,3,4,39,2,2,4,2,1,1.2394
2,3,3,4,40,2,5,2,2,0,1.1309
2,3,3,4,41,2,3,1,3,1,1.1977
2,3,3,4,42,2,5,4,5,1,1.3627
2,3,3,4,43,2,2,5,2,1,1.41
2,3,3,4,44,2,6,1,6,1,3.5183
2,3,3,4,45,2,1,6,6,0,1.3803
2,3,3,4,46,2,6,5,6,1,1.1331
2,3,3,4,47,2,6,1,6,1,1.0922
2,3,3,4,48,2,1,4,4,0,1.3263
2,3,3,4,49,2,2,3,2,1,1.1937
2,3,3,4,50,2,6,3,6,1,0.9917
2,3,4,1,1,2,6,3,6,1,0.6637
2,3,4,1,2,2,4,2,4,1,1.0429
2,3,4,1,3,2,4,6,4,1,1.2302
2,3,4,1,4,2,2,5,2,1,1.01
2,3,4,1,5,2,5,2,5,1,0.8793
2,3,4,1,6,2,1,3,1,1,1.3134
2,3,4,1,7,2,5,2,5,1,0.8647
2,3,4,1,8,2,6,5,6,1,0.8522
2,3,4,1,9,2,2,3,2,1,1.2548
2,3,4,1,10,2,1,6,1,1,1.1777
2,3,4,1,11,2,3,6,6,0,1.072
2,3,4,1,12,2,3,6,3,1,2.6781
2,3,4,1,13,2,6,5,5,0,0.7827
2,3,4,1,14,2,1,4,1,1,1.1838
2,3,4,1,15,2,6,2,6,1,1.9733
2,3,4,1,16,2,4,6,4,1,1.4031
2,3,4,1,17,2,6,5,6,1,0.9032
2,3,4,1,18,2,5,6,5,1,8.7447
2,3,4,1,19,2,4,6,4,1,1.3191
2,3,4,1,20,2,1,5,5,0,2.1983
2,3,4,1,21,2,6,1,6,1,23.7415
2,3,4,1,22,2,2,6,6,0,0.5844
2,3,4,1,23,2,1,3,1,1,8.974
2,3,4,1,24,2,5,3,5,1,0.6106
2,3,4,1,25,2,3,1,1,0,1.8383
2,3,4,1,26,2,4,5,5,0,1.412
2,3,4,1,27,2,2,4,2,1,0.8274
2,3,4,1,28,2,1,5,1,1,1.2946
2,3,4,1,29,2,2,4,2,1,1.0241
2,3,4,1,30,2,1,3,1,1,2.1556
2,3,4,1,31,2,5,1,5,1,1.2734
2,3,4,1,32,2,3,2,3,1,7.1955
2,3,4,1,33,2,6,1,6,1,20.1703
2,3,4,1,34,2,3,2,2,0,1.3476
2,3,4,1,35,2,5,2,2,0,1.037
2,3,4,1,36,2,2,3,2,1,1.4603
2,3,4,1,37,2,5,6,5,1,1.1988
2,3,4,1,38,2,6,2,6,1,0.8999
2,3,4,1,39,2,3,4,3,1,1.6209
2,3,4,1,40,2,2,5,5,0,11.4166
2,3,4,1,41,2,3,2,3,1,84.8049
2,3,4,1,42,2,4,1,4,1,1.3609
2,3,4,1,43,2,4,3,4,1,1.4062
2,3,4,1,44,2,6,5,5,0,1.3223
2,3,4,1,45,2,2,4,4,0,1.1092
2,3,4,1,46,2,3,4,3,1,1.0177
2,3,4,1,47,2,1,3,3,0,0.8061
2,3,4,1,48,2,6,2,2,0,1.3035
2,3,4,1,49,2,4,6,4,1,1.2036
2,3,4,1,50,2,5,4,5,1,1.4161
2,3,4,2,1,6,5,,5,1,1.2337
2,3,4,2,2,6,1,,1,1,1.3013
2,3,4,2,3,6,1,,2,0,2.4702
2,3,4,2,4,6,6,,4,0,1.6507
2,3,4,2,5,6,5,,6,0,1.2961
2,3,4,2,6,6,3,,1,0,1.3884
2,3,4,2,7,6,4,,6,0,1.0774
2,3,4,2,8,6,3,,4,0,1.2428
2,3,4,2,9,6,5,,2,0,1.2896
2,3,4,2,10,6,6,,6,1,1.0461
2,3,4,2,11,6,5,,5,1,1.6334
2,3,4,2,12,6,4,,4,1,1.2521
2,3,4,2,13,6,1,,1,1,1.223
2,3,4,2,14,6,2,,3,0,1.338
2,3,4,2,15,6,4,,4,1,1.4931
2,3,4,2,16,6,6,,5,0,1.5178
2,3,4,2,17,6,1,,5,0,1.6331
2,3,4,2,18,6,1,,3,0,1.4397
2,3,4,2,19,6,3,,6,0,1.3508
2,3,4,2,20,6,3,,1,0,1.4089
2,3,4,2,21,6,3,,5,0,1.1128
2,3,4,2,22,6,4,,5,0,1.5165
2,3,4,2,23,6,5,,6,0,1.3439
2,3,4,2,24,6,1,,1,1,1.0824
2,3,4,2,25,6,2,,3,0,1.2368
2,3,4,2,26,6,6,,6,1,0.8995
2,3,4,2,27,6,4,,6,0,1.1404
2,3,4,2,28,6,6,,6,1,0.7598
2,3,4,2,29,6,6,,6,1,0.8795
2,3,4,2,30,6,2,,2,1,0.9609
2,3,4,2,31,6,6,,6,1,0.7518
2,3,4,2,32,6,5,,5,1,1.6234
2,3,4,2,33,6,2,,1,0,1.7871
2,3,4,2,34,6,4,,4,1,1.3153
2,3,4,2,35,6,2,,2,1,1.5718
2,3,4,2,36,6,6,,6,1,0.9214
2,3,4,2,37,6,6,,6,1,0.9535
2,3,4,2,38,6,1,,1,1,1.0644
2,3,4,2,39,6,3,,4,0,1.4111
2,3,4,2,40,6,2,,4,0,1.7548
2,3,4,2,41,6,4,,3,0,1.0443
2,3,4,2,42,6,3,,5,0,1.8509
2,3,4,2,43,6,3,,2,0,2.0321
2,3,4,2,44,6,6,,6,1,0.7822
2,3,4,2,45,6,1,,3,0,1.0922
2,3,4,2,46,6,5,,1,0,1.2097
2,3,4,2,47,6,4,,4,1,1.3374
2,3,4,2,48,6,2,,2,1,1.1606
2,3,4,2,49,6,2,,2,1,0.88
2,3,4,2,50,6,5,,5,1,1.0091
2,3,4,3,1,2,5,1,5,1,1.0684
2,3,4,3,2,2,3,4,4,0,2.9821
2,3,4,3,3,2,5,1,5,1,1.5655
2,3,4,3,4,2,2,5,2,1,1.6352
2,3,4,3,5,2,4,5,4,1,1.4143
2,3,4,3,6,2,6,3,6,1,1.0744
2,3,4,3,7,2,2,1,2,1,0.957
2,3,4,3,8,2,2,1,2,1,1.3723
2,3,4,3,9,2,5,3,3,0,2.2022
2,3,4,3,10,2,6,2,6,1,0.7209
2,3,4,3,11,2,6,2,2,0,1.322
2,3,4,3,12,2,5,3,5,1,1.5578
2,3,4,3,13,2,3,4,4,0,1.4524
2,3,4,3,14,2,6,1,6,1,1.0738
2,3,4,3,15,2,4,6,4,1,1.1803
2,3,4,3,16,2,1,4,1,1,1.6017
2,3,4,3,17,2,4,2,2,0,1.1585
2,3,4,3,18,2,4,2,4,1,1.177
2,3,4,3,19,2,4,6,4,1,1.0393
2,3,4,3,20,2,1,4,1,1,1.4186
2,3,4,3,21,2,6,5,5,0,1.1586
2,3,4,3,22,2,1,4,4,0,1.8013
2,3,4,3,23,2,3,2,2,0,1.2008
2,3,4,3,24,2,3,2,3,1,1.2335
2,3,4,3,25,2,6,1,6,1,1.4128
2,3,4,3,26,2,3,6,3,1,1.3289
2,3,4,3,27,2,4,6,4,1,1.1684
2,3,4,3,28,2,2,4,2,1,1.0785
2,3,4,3,29,2,2,4,2,1,1.0082
2,3,4,3,30,2,5,2,5,1,1.0853
2,3,4,3,31,2,6,4,4,0,2.4228
2,3,4,3,32,2,1,4,4,0,1.2049
2,3,4,3,33,2,6,4,6,1,1.2697
2,3,4,3,34,2,2,3,2,1,1.1758
2,3,4,3,35,2,1,3,3,0,1.2936
2,3,4,3,36,2,5,1,1,0,1.3539
2,3,4,3,37,2,1,6,6,0,1.2203
2,3,4,3,38,2,5,3,3,0,1.2199
2,3,4,3,39,2,6,2,6,1,0.9474
2,3,4,3,40,2,1,4,1,1,1.2346
2,3,4,3,41,2,4,1,4,1,1.0617
2,3,4,3,42,2,3,2,3,1,1.2968
2,3,4,3,43,2,1,2,1,1,1.3297
2,3,4,3,44,2,2,6,2,1,0.8807
2,3,4,3,45,2,3,6,3,1,1.0745
2,3,4,3,46,2,2,1,2,1,0.8772
2,3,4,3,47,2,4,5,5,0,1.4712
2,3,4,3,48,2,6,3,6,1,0.821
2,3,4,3,49,2,5,2,5,1,1.242
2,3,4,3,50,2,3,5,5,0,1.5973
2,3,4,4,1,6,4,,4,1,1.5149
2,3,4,4,2,6,1,,1,1,1.4423
2,3,4,4,3,6,6,,6,1,1.3738
2,3,4,4,4,6,2,,2,1,1.1796
2,3,4,4,5,6,6,,5,0,2.4179
2,3,4,4,6,6,3,,2,0,1.3122
2,3,4,4,7,6,5,,5,1,0.9553
2,3,4,4,8,6,1,,2,0,1.3228
2,3,4,4,9,6,5,,6,0,0.9497
2,3,4,4,10,6,4,,5,0,1.6646
2,3,4,4,11,6,6,,6,1,1.0858
2,3,4,4,12,6,6,,5,0,2.0878
2,3,4,4,13,6,2,,2,1,0.8038
2,3,4,4,14,6,4,,4,1,1.1128
2,3,4,4,15,6,6,,6,1,1.0255
2,3,4,4,16,6,5,,3,0,1.23
2,3,4,4,17,6,3,,3,1,1.405
2,3,4,4,18,6,1,,2,0,1.0971
2,3,4,4,19,6,5,,1,0,1.2141
2,3,4,4,20,6,1,,2,0,1.5175
2,3,4,4,21,6,5,,5,1,1.089
2,3,4,4,22,6,1,,1,1,1.4665
2,3,4,4,23,6,5,,5,1,1.0751
2,3,4,4,24,6,5,,5,1,1.0374
2,3,4,4,25,6,3,,3,1,1.1614
2,3,4,4,26,6,1,,3,0,1.248
2,3,4,4,27,6,1,,2,0,1.1662
2,3,4,4,28,6,6,,6,1,1.1042
2,3,4,4,29,6,5,,5,1,0.889
2,3,4,4,30,6,3,,2,0,1.1148
2,3,4,4,31,6,3,,3,1,1.1667
2,3,4,4,32,6,2,,2,1,0.7883
2,3,4,4,33,6,2,,2,1,1.0188
2,3,4,4,34,6,3,,3,1,0.8874
2,3,4,4,35,6,2,,2,1,0.761
2,3,4,4,36,6,6,,6,1,0.9284
2,3,4,4,37,6,2,,4,0,0.8972
2,3,4,4,38,6,6,,2,0,1.0541
2,3,4,4,39,6,1,,1,1,1.1078
2,3,4,4,40,6,3,,4,0,1.7093
2,3,4,4,41,6,2,,2,1,1.0002
2,3,4,4,42,6,6,,2,0,1.0294
2,3,4,4,43,6,4,,2,0,1.1484
2,3,4,4,44,6,2,,2,1,0.9752
2,3,4,4,45,6,4,,6,0,1.101
2,3,4,4,46,6,4,,5,0,1.1373
2,3,4,4,47,6,6,,6,1,0.8041
2,3,4,4,48,6,4,,4,1,1.3215
2,3,4,4,49,6,3,,3,1,1.1937
2,3,4,4,50,6,4,,4,1,1.2461
2,3,5,1,1,6,2,,2,1,1.106
2,3,5,1,2,6,6,,6,1,0.8747
2,3,5,1,3,6,5,,2,0,1.1178
2,3,5,1,4,6,3,,3,1,1.0093
2,3,5,1,5,6,1,,3,0,1.6297
2,3,5,1,6,6,5,,5,1,0.8764
2,3,5,1,7,6,2,,2,1,1.2149
2,3,5,1,8,6,5,,4,0,1.6833
2,3,5,1,9,6,2,,2,1,1.2635
2,3,5,1,10,6,4,,6,0,1.107
2,3,5,1,11,6,4,,4,1,1.0308
2,3,5,1,12,6,4,,4,1,0.931
2,3,5,1,13,6,4,,3,0,1.107
2,3,5,1,14,6,1,,3,0,1.2072
2,3,5,1,15,6,1,,5,0,0.7595
2,3,5,1,16,6,3,,2,0,0.8745
2,3,5,1,17,6,2,,2,1,0.7284
2,3,5,1,18,6,5,,2,0,0.8653
2,3,5,1,19,6,6,,5,0,0.6555
2,3,5,1,20,6,2,,2,1,0.8062
2,3,5,1,21,6,4,,3,0,1.339
2,3,5,1,22,6,1,,5,0,0.9185
2,3,5,1,23,6,1,,4,0,0.9942
2,3,5,1,24,6,5,,5,1,0.8438
2,3,5,1,25,6,5,,5,1,0.6231
2,3,5,1,26,6,2,,2,1,2.0273
2,3,5,1,27,6,5,,5,1,0.9432
2,3,5,1,28,6,3,,3,1,1.1506
2,3,5,1,29,6,6,,2,0,1.4619
2,3,5,1,30,6,3,,6,0,1.2111
2,3,5,1,31,6,4,,3,0,1.0839
2,3,5,1,32,6,1,,3,0,1.1369
2,3,5,1,33,6,3,,6,0,1.0279
2,3,5,1,34,6,6,,6,1,0.6008
2,3,5,1,35,6,1,,2,0,1.5768
2,3,5,1,36,6,6,,6,1,0.6333
2,3,5,1,37,6,6,,6,1,0.9975
2,3,5,1,38,6,6,,6,1,0.7071
2,3,5,1,39,6,5,,2,0,0.988
2,3,5,1,40,6,4,,3,0,1.1566
2,3,5,1,41,6,1,,4,0,1.2874
2,3,5,1,42,6,6,,4,0,1.2518
2,3,5,1,43,6,3,,3,1,1.6343
2,3,5,1,44,6,4,,4,1,1.301
2,3,5,1,45,6,3,,2,0,1.2068
2,3,5,1,46,6,2,,2,1,1.2709
2,3,5,1,47,6,6,,1,0,1.8651
2,3,5,1,48,6,2,,2,1,0.878
2,3,5,1,49,6,6,,6,1,1.0407
2,3,5,1,50,6,3,,3,1,1.0841
2,3,5,2,1,2,2,1,2,1,1.2674
2,3,5,2,2,2,6,5,5,0,0.8851
2,3,5,2,3,2,1,3,1,1,1.6506
2,3,5,2,4,2,4,5,4,1,1.205
2,3,5,2,5,2,3,4,4,0,1.3703
2,3,5,2,6,2,1,2,1,1,1.4597
2,3,5,2,7,2,3,4,3,1,1.358
2,3,5,2,8,2,1,5,1,1,1.1968
2,3,5,2,9,2,1,4,1,1,1.9861
2,3,5,2,10,2,5,1,5,1,1.9906
2,3,5,2,11,2,4,1,4,1,1.7391
2,3,5,2,12,2,6,2,6,1,1.0984
2,3,5,2,13,2,5,6,6,0,1.3792
2,3,5,2,14,2,1,6,1,1,1.4681
2,3,5,2,15,2,4,3,4,1,1.2374
2,3,5,2,16,2,5,4,5,1,1.2253
2,3,5,2,17,2,3,6,6,0,1.566
2,3,5,2,18,2,5,1,1,0,2.1108
2,3,5,2,19,2,4,1,4,1,1.658
2,3,5,2,20,2,6,3,6,1,1.0364
2,3,5,2,21,2,6,4,6,1,1.2405
2,3,5,2,22,2,4,6,6,0,1.3234
2,3,5,2,23,2,4,5,4,1,1.1277
2,3,5,2,24,2,2,1,1,0,1.6961
2,3,5,2,25,2,3,1,1,0,1.2592
2,3,5,2,26,2,2,1,2,1,1.3534
2,3,5,2,27,2,2,4,2,1,0.9518
2,3,5,2,28,2,6,1,6,1,1.879
2,3,5,2,29,2,5,6,5,1,1.6479
2,3,5,2,30,2,3,5,3,1,1.7944
2,3,5,2,31,2,2,3,2,1,1.2312
2,3,5,2,32,2,1,2,2,0,1.6348
2,3,5,2,33,2,5,4,5,1,1.0734
2,3,5,2,34,2,3,6,3,1,1.1792
2,3,5,2,35,2,4,2,4,1,1.2813
2,3,5,2,36,2,4,5,4,1,1.2981
2,3,5,2,37,2,5,1,5,1,1.0595
2,3,5,2,38,2,2,3,3,0,2.8782
2,3,5,2,39,2,3,6,3,1,1.6091
2,3,5,2,40,2,2,5,2,1,1.3419
2,3,5,2,41,2,2,4,4,0,1.2133
2,3,5,2,42,2,5,3,5,1,0.7166
2,3,5,2,43,2,6,5,6,1,0.8532
2,3,5,2,44,2,1,2,1,1,1.5125
2,3,5,2,45,2,6,2,2,0,1.4409
2,3,5,2,46,2,6,1,1,0,1.4478
2,3,5,2,47,2,1,3,3,0,1.2297
2,3,5,2,48,2,6,3,6,1,0.7961
2,3,5,2,49,2,3,2,2,0,2.898
2,3,5,2,50,2,6,5,6,1,1.3399
2,3,5,3,1,6,2,,2,1,1.3215
2,3,5,3,2,6,4,,4,1,1.3056
2,3,5,3,3,6,4,,4,1,1.1626
2,3,5,3,4,6,1,,6,0,0.817
2,3,5,3,5,6,2,,2,1,0.9136
2,3,5,3,6,6,5,,4,0,2.9622
2,3,5,3,7,6,1,,5,0,0.9057
2,3,5,3,8,6,5,,5,1,1.0304
2,3,5,3,9,6,1,,6,0,1.4099
2,3,5,3,10,6,6,,2,0,0.8424
2,3,5,3,11,6,6,,2,0,1.0166
2,3,5,3,12,6,4,,4,1,2.0007
2,3,5,3,13,6,2,,2,1,0.9166
2,3,5,3,14,6,1,,6,0,0.9012
2,3,5,3,15,6,4,,5,0,0.802
2,3,5,3,16,6,3,,3,1,1.2029
2,3,5,3,17,6,3,,5,0,1.4634
2,3,5,3,18,6,6,,3,0,1.0529
2,3,5,3,19,6,3,,3,1,0.7717
2,3,5,3,20,6,3,,4,0,1.1785
2,3,5,3,21,6,1,,1,1,1.3551
2,3,5,3,22,6,6,,6,1,1.0181
2,3,5,3,23,6,2,,1,0,1.5422
2,3,5,3,24,6,6,,6,1,0.7125
2,3,5,3,25,6,2,,5,0,1.4414
2,3,5,3,26,6,4,,4,1,1.4156
2,3,5,3,27,6,3,,5,0,1.3157
2,3,5,3,28,6,5,,5,1,0.7351
2,3,5,3,29,6,4,,3,0,0.8874
2,3,5,3,30,6,2,,2,1,0.9963
2,3,5,3,31,6,5,,1,0,0.7853
2,3,5,3,32,6,4,,2,0,1.2193
2,3,5,3,33,6,6,,6,1,1.1392
2,3,5,3,34,6,4,,3,0,2.0589
2,3,5,3,35,6,6,,6,1,1.0473
2,3,5,3,36,6,6,,6,1,1.1221
2,3,5,3,37,6,3,,3,1,1.2746
2,3,5,3,38,6,2,,2,1,1.2766
2,3,5,3,39,6,6,,4,0,1.3263
2,3,5,3,40,6,3,,5,0,1.1307
2,3,5,3,41,6,1,,3,0,1.2134
2,3,5,3,42,6,1,,4,0,1.1496
2,3,5,3,43,6,3,,6,0,0.9595
2,3,5,3,44,6,5,,2,0,1.2096
2,3,5,3,45,6,5,,4,0,1.2088
2,3,5,3,46,6,1,,1,1,1.5609
2,3,5,3,47,6,5,,1,0,1.3113
2,3,5,3,48,6,2,,2,1,1.3872
2,3,5,3,49,6,6,,6,1,0.8556
2,3,5,3,50,6,5,,3,0,1.3719
2,3,5,4,1,2,2,4,2,1,1.3468
2,3,5,4,2,2,3,2,3,1,1.1364
2,3,5,4,3,2,4,2,2,0,0.8562
2,3,5,4,4,2,6,2,6,1,1.1427
2,3,5,4,5,2,3,6,6,0,1.1018
2,3,5,4,6,2,2,6,2,1,0.9298
2,3,5,4,7,2,3,1,3,1,1.1537
2,3,5,4,8,2,6,5,5,0,3.0806
2,3,5,4,9,2,4,1,4,1,1.1161
2,3,5,4,10,2,6,3,6,1,0.9002
2,3,5,4,11,2,2,3,2,1,0.9333
2,3,5,4,12,2,3,6,3,1,1.4454
2,3,5,4,13,2,6,1,6,1,1.0883
2,3,5,4,14,2,4,3,4,1,1.8814
2,3,5,4,15,2,1,4,1,1,2.3066
2,3,5,4,16,2,3,4,4,0,1.4182
2,3,5,4,17,2,2,5,2,1,0.9459
2,3,5,4,18,2,1,2,1,1,2.5922
2,3,5,4,19,2,4,3,4,1,1.4526
2,3,5,4,20,2,5,1,5,1,2.9196
2,3,5,4,21,2,1,2,1,1,2.3251
2,3,5,4,22,2,1,3,1,1,1.1159
2,3,5,4,23,2,6,5,5,0,2.0682
2,3,5,4,24,2,3,4,3,1,1.0889
2,3,5,4,25,2,5,2,5,1,1.7864
2,3,5,4,26,2,1,3,3,0,1.2074
2,3,5,4,27,2,6,5,6,1,0.7917
2,3,5,4,28,2,5,1,5,1,1.0856
2,3,5,4,29,2,2,6,2,1,1.1119
2,3,5,4,30,2,6,2,2,0,1.024
2,3,5,4,31,2,2,1,2,1,1.0793
2,3,5,4,32,2,4,5,5,0,1.1211
2,3,5,4,33,2,6,2,6,1,1.0295
2,3,5,4,34,2,2,5,2,1,1.0091
2,3,5,4,35,2,5,1,5,1,1.6296
2,3,5,4,36,2,1,3,3,0,3.12
2,3,5,4,37,2,6,5,6,1,1.6339
2,3,5,4,38,2,1,5,5,0,2.2126
2,3,5,4,39,2,4,2,4,1,1.0838
2,3,5,4,40,2,4,6,4,1,0.9813
2,3,5,4,41,2,5,2,2,0,1.6192
2,3,5,4,42,2,5,1,5,1,1.3139
2,3,5,4,43,2,1,2,2,0,1.1702
2,3,5,4,44,2,5,2,5,1,1.2362
2,3,5,4,45,2,6,2,6,1,0.9358
2,3,5,4,46,2,4,2,4,1,1.3192
2,3,5,4,47,2,2,4,2,1,1.0955
2,3,5,4,48,2,3,6,3,1,1.3281
2,3,5,4,49,2,5,6,6,0,1.2168
2,3,5,4,50,2,3,1,3,1,1.2003
3,1,1,1,1,6,6,,6,1,1.2338
3,1,1,1,2,6,6,,6,1,2.4216
3,1,1,1,3,6,6,,6,1,1.5287
3,1,1,1,4,6,3,,6,0,1.44
3,1,1,1,5,6,6,,6,1,0.9669
3,1,1,1,6,6,2,,2,1,1.1894
3,1,1,1,7,6,6,,6,1,1.0349
3,1,1,1,8,6,6,,1,0,1.2386
3,1,1,1,9,6,3,,5,0,2.7739
3,1,1,1,10,6,2,,2,1,1.8939
3,1,1,1,11,6,4,,6,0,1.2945
3,1,1,1,12,6,5,,4,0,1.7867
3,1,1,1,13,6,2,,5,0,2.2759
3,1,1,1,14,6,1,,1,1,1.3678
3,1,1,1,15,6,5,,6,0,1.4623
3,1,1,1,16,6,3,,3,1,3.4359
3,1,1,1,17,6,2,,1,0,2.101
3,1,1,1,18,6,3,,6,0,1.056
3,1,1,1,19,6,2,,2,1,1.8792
3,1,1,1,20,6,4,,6,0,0.9609
3,1,1,1,21,6,1,,1,1,1.2912
3,1,1,1,22,6,2,,2,1,1.581
3,1,1,1,23,6,1,,1,1,1.25
3,1,1,1,24,6,2,,2,1,2.3726
3,1,1,1,25,6,5,,1,0,1.2729
3,1,1,1,26,6,5,,2,0,1.8628
3,1,1,1,27,6,1,,5,0,1.8528
3,1,1,1,28,6,5,,2,0,1.6338
3,1,1,1,29,6,2,,5,0,1.9689
3,1,1,1,30,6,5,,6,0,1.0416
3,1,1,1,31,6,6,,2,0,2.3121
3,1,1,1,32,6,3,,2,0,1.2589
3,1,1,1,33,6,4,,3,0,1.6574
3,1,1,1,34,6,3,,6,0,3.0476
3,1,1,1,35,6,1,,1,1,1.3712
3,1,1,1,36,6,3,,1,0,1.7533
3,1,1,1,37,6,1,,1,1,1.0914
3,1,1,1,38,6,4,,6,0,1.0366
3,1,1,1,39,6,6,,6,1,0.8194
3,1,1,1,40,6,1,,6,0,1.5285
3,1,1,1,41,6,4,,5,0,1.8994
3,1,1,1,42,6,4,,6,0,1.5989
3,1,1,1,43,6,5,,4,0,2.4626
3,1,1,1,44,6,1,,1,1,1.4201
3,1,1,1,45,6,6,,6,1,0.9362
3,1,1,1,46,6,3,,3,1,1.1282
3,1,1,1,47,6,4,,5,0,1.0562
3,1,1,1,48,6,4,,4,1,1.2068
3,1,1,1,49,6,6,,6,1,0.9875
3,1,1,1,50,6,5,,6,0,0.9694
3,1,1,2,1,2,5,4,4,0,3.8248
3,1,1,2,2,2,4,3,4,1,2.3098
3,1,1,2,3,2,6,2,6,1,1.1969
3,1,1,2,4,2,1,2,1,1,1.1708
3,1,1,2,5,2,2,1,2,1,2.8252
3,1,1,2,6,2,4,3,4,1,1.5475
3,1,1,2,7,2,2,5,2,1,1.4588
3,1,1,2,8,2,3,4,3,1,1.7254
3,1,1,2,9,2,2,3,2,1,1.3405
3,1,1,2,10,2,4,6,6,0,1.2923
3,1,1,2,11,2,1,2,1,1,1.3534
3,1,1,2,12,2,4,2,2,0,3.0801
3,1,1,2,13,2,6,3,6,1,1.2434
3,1,1,2,14,2,3,2,2,0,1.5671
3,1,1,2,15,2,2,6,2,1,1.2165
3,1,1,2,16,2,6,3,6,1,0.9966
3,1,1,2,17,2,6,5,6,1,1.7459
3,1,1,2,18,2,2,6,2,1,1.1849
3,1,1,2,19,2,3,5,5,0,2.0549
3,1,1,2,20,2,1,5,5,0,2.5006
3,1,1,2,21,2,1,4,1,1,1.8394
3,1,1,2,22,2,2,6,2,1,1.1936
3,1,1,2,23,2,1,4,4,0,2.1596
3,1,1,2,24,2,3,6,3,1,1.4967
3,1,1,2,25,2,3,1,3,1,1.7617
3,1,1,2,26,2,1,5,5,0,1.9845
3,1,1,2,27,2,1,5,1,1,1.7285
3,1,1,2,28,2,1,3,1,1,2.7683
3,1,1,2,29,2,5,3,5,1,2.2929
3,1,1,2,30,2,6,4,4,0,1.5489
3,1,1,2,31,2,3,4,3,1,2.5272
3,1,1,2,32,2,2,5,2,1,1.2138
3,1,1,2,33,2,4,1,1,0,2.0986
3,1,1,2,34,2,4,2,2,0,1.2461
3,1,1,2,35,2,4,1,4,1,2.1719
3,1,1,2,36,2,4,2,2,0,1.1451
3,1,1,2,37,2,6,3,3,0,1.4366
3,1,1,2,38,2,5,3,3,0,2.0034
3,1,1,2,39,2,6,2,6,1,0.9942
3,1,1,2,40,2,5,4,4,0,1.6004
3,1,1,2,41,2,5,1,5,1,2.4165
3,1,1,2,42,2,6,2,6,1,1.1229
3,1,1,2,43,2,6,3,3,0,1.5796
3,1,1,2,44,2,5,4,4,0,2.3637
3,1,1,2,45,2,5,3,5,1,2.7643
3,1,1,2,46,2,3,4,3,1,1.6013
3,1,1,2,47,2,5,2,5,1,1.9572
3,1,1,2,48,2,6,2,2,0,1.3232
3,1,1,2,49,2,2,4,2,1,1.1907
3,1,1,2,50,2,3,6,3,1,1.9166
3,1,1,3,1,6,4,,2,0,2.1612
3,1,1,3,2,6,4,,1,0,1.5145
3,1,1,3,3,6,3,,3,1,1.2462
3,1,1,3,4,6,5,,5,1,1.2973
3,1,1,3,5,6,2,,2,1,1.0909
3,1,1,3,6,6,6,,6,1,1.037
3,1,1,3,7,6,3,,1,0,1.9931
3,1,1,3,8,6,5,,2,0,1.2407
3,1,1,3,9,6,5,,5,1,2.1516
3,1,1,3,10,6,6,,6,1,1.0455
3,1,1,3,11,6,1,,1,1,1.361
3,1,1,3,12,6,3,,2,0,1.4402
3,1,1,3,13,6,3,,2,0,0.9984
3,1,1,3,14,6,5,,6,0,0.9431
3,1,1,3,15,6,1,,2,0,1.3706
3,1,1,3,16,6,2,,2,1,0.9157
3,1,1,3,17,6,2,,2,1,0.933
3,1,1,3,18,6,2,,2,1,0.9485
3,1,1,3,19,6,5,,3,0,1.8436
3,1,1,3,20,6,2,,2,1,1.1939
3,1,1,3,21,6,2,,2,1,1.0557
3,1,1,3,22,6,2,,2,1,0.9546
3,1,1,3,23,6,3,,1,0,1.1937
3,1,1,3,24,6,3,,2,0,1.0511
3,1,1,3,25,6,6,,6,1,0.993
3,1,1,3,26,6,5,,2,0,1.3754
3,1,1,3,27,6,6,,3,0,1.4969
3,1,1,3,28,6,6,,6,1,0.8123
3,1,1,3,29,6,1,,1,1,0.9937
3,1,1,3,30,6,1,,6,0,2.1759
3,1,1,3,31,6,6,,6,1,0.8719
3,1,1,3,32,6,1,,1,1,1.2589
3,1,1,3,33,6,6,,6,1,0.8612
3,1,1,3,34,6,3,,3,1,1.2804
3,1,1,3,35,6,1,,6,0,0.8825
3,1,1,3,36,6,6,,6,1,0.9116
3,1,1,3,37,6,5,,1,0,1.6331
3,1,1,3,38,6,1,,1,1,1.3118
3,1,1,3,39,6,4,,3,0,2.6722
3,1,1,3,40,6,2,,3,0,1.4764
3,1,1,3,41,6,3,,3,1,1.2099
3,1,1,3,42,6,4,,6,0,1.3426
3,1,1,3,43,6,4,,4,1,1.6898
3,1,1,3,44,6,1,,1,1,1.5461
3,1,1,3,45,6,4,,4,1,1.3454
3,1,1,3,46,6,4,,3,0,1.7122
3,1,1,3,47,6,4,,6,0,1.0516
3,1,1,3,48,6,5,,6,0,1.3623
3,1,1,3,49,6,6,,6,1,0.8271
3,1,1,3,50,6,6,,6,1,0.8965
3,1,1,4,1,2,2,5,2,1,1.7592
3,1,1,4,2,2,5,1,1,0,1.7416
3,1,1,4,3,2,2,5,2,1,1.1444
3,1,1,4,4,2,3,5,3,1,1.2316
3,1,1,4,5,2,5,3,5,1,1.299
3,1,1,4,6,2,6,1,6,1,0.9164
3,1,1,4,7,2,1,3,1,1,1.301
3,1,1,4,8,2,1,4,4,0,1.8776
3,1,1,4,9,2,2,3,3,0,2.5704
3,1,1,4,10,2,1,5,1,1,0.8986
3,1,1,4,11,2,3,1,3,1,1.4601
3,1,1,4,12,2,3,2,2,0,2.1587
3,1,1,4,13,2,6,4,6,1,0.9833
3,1,1,4,14,2,6,3,6,1,1.1738
3,1,1,4,15,2,4,3,4,1,1.1955
3,1,1,4,16,2,5,6,5,1,1.5526
3,1,1,4,17,2,1,2,1,1,1.5753
3,1,1,4,18,2,4,5,4,1,1.165
3,1,1,4,19,2,4,3,3,0,2.467
3,1,1,4,20,2,5,3,5,1,1.7272
3,1,1,4,21,2,3,2,3,1,1.7752
3,1,1,4,22,2,6,5,6,1,1.4209
3,1,1,4,23,2,6,3,6,1,1.1922
3,1,1,4,24,2,5,1,5,1,1.486
3,1,1,4,25,2,1,6,6,0,1.0798
3,1,1,4,26,2,2,4,2,1,1.1486
3,1,1,4,27,2,2,3,2,1,1.6834
3,1,1,4,28,2,3,4,3,1,1.2365
3,1,1,4,29,2,6,5,6,1,0.9999
3,1,1,4,30,2,1,4,1,1,1.3815
3,1,1,4,31,2,1,6,1,1,0.9628
3,1,1,4,32,2,6,5,6,1,0.8814
3,1,1,4,33,2,1,3,1,1,1.8113
3,1,1,4,34,2,3,4,3,1,2.1442
3,1,1,4,35,2,2,4,4,0,1.3106
3,1,1,4,36,2,4,2,2,0,1.3218
3,1,1,4,37,2,4,3,4,1,1.5575
3,1,1,4,38,2,4,1,4,1,1.3881
3,1,1,4,39,2,5,3,3,0,2.1214
3,1,1,4,40,2,4,3,3,0,1.9235
3,1,1,4,41,2,2,1,2,1,2.1186
3,1,1,4,42,2,4,2,2,0,1.9902
3,1,1,4,43,2,2,4,4,0,1.7184
3,1,1,4,44,2,3,5,5,0,1.4411
3,1,1,4,45,2,5,1,5,1,1.6396
3,1,1,4,46,2,6,3,6,1,0.9711
3,1,1,4,47,2,6,2,2,0,1.4011
3,1,1,4,48,2,6,1,6,1,1.1219
3,1,1,4,49,2,3,6,3,1,1.5783
3,1,1,4,50,2,5,3,3,0,2.3036
3,1,2,1,1,2,2,4,2,1,1.2878
3,1,2,1,2,2,1,3,3,0,1.5125
3,1,2,1,3,2,1,2,1,1,1.3726
3,1,2,1,4,2,2,4,2,1,1.2109
3,1,2,1,5,2,6,4,6,1,0.8634
3,1,2,1,6,2,4,2,4,1,1.5539
3,1,2,1,7,2,5,2,5,1,0.9691
3,1,2,1,8,2,3,5,3,1,1.1752
3,1,2,1,9,2,3,5,5,0,1.805
3,1,2,1,10,2,3,6,3,1,1.4928
3,1,2,1,11,2,5,6,5,1,1.6144
3,1,2,1,12,2,4,6,4,1,1.9061
3,1,2,1,13,2,3,5,3,1,2.1383
3,1,2,1,14,2,5,4,5,1,1.4171
3,1,2,1,15,2,5,2,2,0,1.3172
3,1,2,1,16,2,6,4,6,1,1.52
3,1,2,1,17,2,4,6,4,1,1.4638
3,1,2,1,18,2,6,5,6,1,1.5381
3,1,2,1,19,2,5,6,5,1,2.0737
3,1,2,1,20,2,6,3,3,0,1.995
3,1,2,1,21,2,3,4,4,0,1.9791
3,1,2,1,22,2,6,1,6,1,1.019
3,1,2,1,23,2,4,2,4,1,1.1915
3,1,2,1,24,2,4,2,2,0,2.7971
3,1,2,1,25,2,6,4,6,1,1.2757
3,1,2,1,26,2,6,1,6,1,0.9898
3,1,2,1,27,2,1,2,1,1,2.6994
3,1,2,1,28,2,5,1,1,0,2.3877
3,1,2,1,29,2,2,5,2,1,1.0586
3,1,2,1,30,2,5,6,5,1,1.9662
3,1,2,1,31,2,2,1,2,1,1.0912
3,1,2,1,32,2,2,1,2,1,1.2614
3,1,2,1,33,2,5,1,5,1,1.5356
3,1,2,1,34,2,1,4,1,1,1.6712
3,1,2,1,35,2,6,5,6,1,0.9045
3,1,2,1,36,2,1,5,1,1,1.0821
3,1,2,1,37,2,4,3,4,1,2.0521
3,1,2,1,38,2,2,5,2,1,1.1576
3,1,2,1,39,2,4,6,4,1,1.1963
3,1,2,1,40,2,2,1,1,0,1.0248
3,1,2,1,41,2,3,2,3,1,1.321
3,1,2,1,42,2,2,5,2,1,1.337
3,1,2,1,43,2,6,3,3,0,1.159
3,1,2,1,44,2,1,6,1,1,1.8337
3,1,2,1,45,2,4,5,5,0,1.461
3,1,2,1,46,2,3,6,6,0,2.154
3,1,2,1,47,2,3,6,3,1,1.7629
3,1,2,1,48,2,1,2,1,1,1.2173
3,1,2,1,49,2,6,1,6,1,0.9003
3,1,2,1,50,2,1,2,1,1,1.254
3,1,2,2,1,6,4,,2,0,1.3504
3,1,2,2,2,6,2,,2,1,1.2806
3,1,2,2,3,6,5,,6,0,1.0733
3,1,2,2,4,6,4,,5,0,1.4947
3,1,2,2,5,6,3,,3,1,1.2905
3,1,2,2,6,6,1,,1,1,0.9241
3,1,2,2,7,6,4,,4,1,1.0054
3,1,2,2,8,6,5,,5,1,1.9785
3,1,2,2,9,6,3,,3,1,1.2463
3,1,2,2,10,6,2,,2,1,1.2013
3,1,2,2,11,6,2,,6,0,1.2863
3,1,2,2,12,6,6,,6,1,1.0431
3,1,2,2,13,6,5,,5,1,1.6155
3,1,2,2,14,6,6,,6,1,1.4909
3,1,2,2,15,6,5,,5,1,1.1963
3,1,2,2,16,6,4,,1,0,1.5207
3,1,2,2,17,6,1,,2,0,1.0758
3,1,2,2,18,6,2,,2,1,1.0182
3,1,2,2,19,6,1,,6,0,1.0304
3,1,2,2,20,6,3,,1,0,1.7736
3,1,2,2,21,6,1,,2,0,1.4304
3,1,2,2,22,6,1,,1,1,0.9419
3,1,2,2,23,6,3,,3,1,1.6288
3,1,2,2,24,6,6,,6,1,0.9278
3,1,2,2,25,6,6,,6,1,0.9123
3,1,2,2,26,6,3,,1,0,1.1687
3,1,2,2,27,6,4,,2,0,1.6181
3,1,2,2,28,6,5,,5,1,1.394
3,1,2,2,29,6,5,,4,0,1.4073
3,1,2,2,30,6,6,,6,1,0.8389
3,1,2,2,31,6,1,,6,0,1.0669
3,1,2,2,32,6,4,,4,1,0.9124
3,1,2,2,33,6,6,,6,1,1.0091
3,1,2,2,34,6,5,,4,0,1.551
3,1,2,2,35,6,1,,1,1,1.0085
3,1,2,2,36,6,4,,1,0,1.5805
3,1,2,2,37,6,6,,6,1,1.0051
3,1,2,2,38,6,3,,3,1,1.1942
3,1,2,2,39,6,3,,2,0,1.136
3,1,2,2,40,6,2,,2,1,1.3951
3,1,2,2,41,6,2,,2,1,1.0086
3,1,2,2,42,6,2,,2,1,1.0701
3,1,2,2,43,6,3,,3,1,1.1443
3,1,2,2,44,6,6,,6,1,1.1515
3,1,2,2,45,6,6,,6,1,0.9186
3,1,2,2,46,6,5,,5,1,1.0467
3,1,2,2,47,6,2,,2,1,1.3628
3,1,2,2,48,6,1,,1,1,1.3445
3,1,2,2,49,6,6,,2,0,1.1521
3,1,2,2,50,6,4,,2,0,1.378
3,1,2,3,1,2,1,4,4,0,2.3765
3,1,2,3,2,2,4,3,4,1,2.0247
3,1,2,3,3,2,1,5,1,1,1.5479
3,1,2,3,4,2,4,5,4,1,2.1945
3,1,2,3,5,2,4,2,4,1,1.6954
3,1,2,3,6,2,2,3,2,1,1.1358
3,1,2,3,7,2,1,5,1,1,0.9034
3,1,2,3,8,2,1,4,1,1,1.273
3,1,2,3,9,2,3,6,6,0,0.9707
3,1,2,3,10,2,4,6,4,1,1.0929
3,1,2,3,11,2,4,3,4,1,2.5266
3,1,2,3,12,2,2,3,2,1,1.0059
3,1,2,3,13,2,6,3,6,1,0.987
3,1,2,3,14,2,2,1,2,1,1.1122
3,1,2,3,15,2,3,6,3,1,1.6959
3,1,2,3,16,2,6,3,6,1,2.0654
3,1,2,3,17,2,4,6,6,0,1.5067
3,1,2,3,18,2,5,3,3,0,1.7982
3,1,2,3,19,2,6,2,6,1,1.214
3,1,2,3,20,2,3,5,3,1,1.202
3,1,2,3,21,2,2,1,2,1,1.7507
3,1,2,3,22,2,1,6,1,1,0.9334
3,1,2,3,23,2,2,1,2,1,1.253
3,1,2,3,24,2,6,2,6,1,0.9204
3,1,2,3,25,2,2,6,2,1,1.1762
3,1,2,3,26,2,4,1,4,1,1.0864
3,1,2,3,27,2,5,6,6,0,1.3355
3,1,2,3,28,2,3,2,3,1,1.859
3,1,2,3,29,2,1,4,4,0,1.7884
3,1,2,3,30,2,1,3,3,0,1.924
3,1,2,3,31,2,3,5,5,0,2.1673
3,1,2,3,32,2,5,6,5,1,1.1998
3,1,2,3,33,2,6,2,6,1,1.141
3,1,2,3,34,2,2,4,2,1,1.1967
3,1,2,3,35,2,2,4,2,1,0.9614
3,1,2,3,36,2,3,1,3,1,1.3287
3,1,2,3,37,2,6,4,6,1,0.9283
3,1,2,3,38,2,6,2,6,1,1.3926
3,1,2,3,39,2,5,6,5,1,1.2138
3,1,2,3,40,2,6,5,6,1,0.9944
3,1,2,3,41,2,6,3,3,0,1.5038
3,1,2,3,42,2,1,2,1,1,1.2039
3,1,2,3,43,2,3,4,3,1,1.2876
3,1,2,3,44,2,4,5,4,1,1.6254
3,1,2,3,45,2,6,1,6,1,0.973
3,1,2,3,46,2,5,6,5,1,1.5959
3,1,2,3,47,2,5,2,2,0,1.4393
3,1,2,3,48,2,3,6,3,1,1.9899
3,1,2,3,49,2,5,4,5,1,1.675
3,1,2,3,50,2,5,1,1,0,1.6762
3,1,2,4,1,6,4,,3,0,2.2314
3,1,2,4,2,6,6,,6,1,0.8617
3,1,2,4,3,6,4,,3,0,1.4729
3,1,2,4,4,6,1,,1,1,0.9823
3,1,2,4,5,6,6,,6,1,0.9313
3,1,2,4,6,6,1,,3,0,1.3476
3,1,2,4,7,6,6,,6,1,1.1653
3,1,2,4,8,6,5,,6,0,1.2519
3,1,2,4,9,6,4,,2,0,1.5061
3,1,2,4,10,6,1,,4,0,1.7667
3,1,2,4,11,6,6,,6,1,0.8314
3,1,2,4,12,6,3,,5,0,1.3147
3,1,2,4,13,6,4,,4,1,1.5016
3,1,2,4,14,6,5,,5,1,1.5742
3,1,2,4,15,6,5,,6,0,1.02
3,1,2,4,16,6,3,,3,1,1.3806
3,1,2,4,17,6,2,,2,1,1.089
3,1,2,4,18,6,3,,3,1,1.2416
3,1,2,4,19,6,4,,2,0,1.4214
3,1,2,4,20,6,1,,1,1,0.9334
3,1,2,4,21,6,2,,2,1,1.2677
3,1,2,4,22,6,5,,5,1,1.0627
3,1,2,4,23,6,6,,6,1,1.1363
3,1,2,4,24,6,2,,2,1,1.2404
3,1,2,4,25,6,3,,3,1,1.4672
3,1,2,4,26,6,4,,4,1,1.0608
3,1,2,4,27,6,1,,1,1,1.4076
3,1,2,4,28,6,4,,6,0,1.4523
3,1,2,4,29,6,5,,2,0,1.266
3,1,2,4,30,6,6,,6,1,1.072
3,1,2,4,31,6,5,,2,0,1.4815
3,1,2,4,32,6,2,,2,1,1.1825
3,1,2,4,33,6,3,,3,1,1.3957
3,1,2,4,34,6,6,,2,0,1.0716
3,1,2,4,35,6,3,,3,1,1.253
3,1,2,4,36,6,3,,2,0,1.2083
3,1,2,4,37,6,6,,2,0,1.2402
3,1,2,4,38,6,2,,2,1,1.064
3,1,2,4,39,6,1,,1,1,1.042
3,1,2,4,40,6,5,,2,0,1.358
3,1,2,4,41,6,1,,6,0,1.0798
3,1,2,4,42,6,3,,2,0,1.261
3,1,2,4,43,6,2,,2,1,1.4665
3,1,2,4,44,6,5,,3,0,1.5405
3,1,2,4,45,6,1,,6,0,1.2874
3,1,2,4,46,6,6,,6,1,0.8843
3,1,2,4,47,6,6,,6,1,0.9655
3,1,2,4,48,6,2,,2,1,1.0763
3,1,2,4,49,6,2,,6,0,0.9416
3,1,2,4,50,6,4,,4,1,1.1447
3,1,3,1,1,6,3,,5,0,1.1716
3,1,3,1,2,6,3,,4,0,1.4623
3,1,3,1,3,6,1,,2,0,1.2915
3,1,3,1,4,6,3,,1,0,1.3845
3,1,3,1,5,6,3,,3,1,1.2651
3,1,3,1,6,6,5,,1,0,1.6186
3,1,3,1,7,6,5,,5,1,1.2981
3,1,3,1,8,6,4,,6,0,1.0108
3,1,3,1,9,6,6,,6,1,0.9225
3,1,3,1,10,6,2,,2,1,1.0358
3,1,3,1,11,6,1,,4,0,1.7509
3,1,3,1,12,6,3,,3,1,1.3771
3,1,3,1,13,6,2,,2,1,1.1028
3,1,3,1,14,6,3,,5,0,1.336
3,1,3,1,15,6,2,,2,1,1.1061
3,1,3,1,16,6,6,,6,1,0.922
3,1,3,1,17,6,5,,6,0,1.0022
3,1,3,1,18,6,4,,2,0,1.2671
3,1,3,1,19,6,6,,6,1,1.0247
3,1,3,1,20,6,4,,2,0,1.1804
3,1,3,1,21,6,3,,3,1,1.0534
3,1,3,1,22,6,1,,6,0,1.0808
3,1,3,1,23,6,4,,2,0,1.2777
3,1,3,1,24,6,1,,2,0,2.3153
3,1,3,1,25,6,1,,2,0,1.5337
3,1,3,1,26,6,5,,4,0,1.8395
3,1,3,1,27,6,5,,3,0,1.4463
3,1,3,1,28,6,6,,6,1,0.7483
3,1,3,1,29,6,1,,3,0,1.2351
3,1,3,1,30,6,2,,2,1,1.154
3,1,3,1,31,6,6,,6,1,0.9046
3,1,3,1,32,6,5,,2,0,1.5937
3,1,3,1,33,6,6,,6,1,1.0171
3,1,3,1,34,6,3,,3,1,1.0941
3,1,3,1,35,6,1,,4,0,1.2158
3,1,3,1,36,6,6,,6,1,0.9912
3,1,3,1,37,6,6,,6,1,1.0527
3,1,3,1,38,6,2,,2,1,1.0161
3,1,3,1,39,6,4,,6,0,1.2848
3,1,3,1,40,6,4,,6,0,1.9212
3,1,3,1,41,6,5,,5,1,1.3959
3,1,3,1,42,6,2,,5,0,1.713
3,1,3,1,43,6,2,,2,1,1.2436
3,1,3,1,44,6,4,,1,0,1.9668
3,1,3,1,45,6,4,,6,0,1.1995
3,1,3,1,46,6,2,,2,1,1.1198
3,1,3,1,47,6,6,,3,0,1.4958
3,1,3,1,48,6,1,,4,0,1.259
3,1,3,1,49,6,6,,6,1,0.9054
3,1,3,1,50,6,5,,2,0,1.2743
3,1,3,2,1,2,4,3,4,1,1.2214
3,1,3,2,2,2,4,5,4,1,1.8333
3,1,3,2,3,2,2,5,2,1,1.0916
3,1,3,2,4,2,1,2,1,1,2.2374
3,1,3,2,5,2,1,4,1,1,0.9835
3,1,3,2,6,2,6,5,6,1,1.2374
3,1,3,2,7,2,5,4,4,0,1.6246
3,1,3,2,8,2,6,5,6,1,1.032
3,1,3,2,9,2,6,1,6,1,1.0431
3,1,3,2,10,2,6,2,6,1,1.0551
3,1,3,2,11,2,6,4,4,0,1.3219
3,1,3,2,12,2,1,4,1,1,1.0298
3,1,3,2,13,2,2,6,2,1,1.5056
3,1,3,2,14,2,2,3,2,1,1.3381
3,1,3,2,15,2,4,5,4,1,1.8331
3,1,3,2,16,2,3,6,6,0,1.7475
3,1,3,2,17,2,1,6,1,1,1.1973
3,1,3,2,18,2,2,3,2,1,1.3614
3,1,3,2,19,2,5,3,5,1,1.4082
3,1,3,2,20,2,2,3,2,1,1.132
3,1,3,2,21,2,4,3,3,0,1.1563
3,1,3,2,22,2,5,2,2,0,1.8943
3,1,3,2,23,2,1,4,4,0,1.1297
3,1,3,2,24,2,2,5,5,0,1.5327
3,1,3,2,25,2,3,2,2,0,2.1916
3,1,3,2,26,2,3,5,5,0,2.2312
3,1,3,2,27,2,3,6,3,1,1.6612
3,1,3,2,28,2,5,1,1,0,2.1112
3,1,3,2,29,2,6,3,6,1,0.9537
3,1,3,2,30,2,6,3,6,1,0.9837
3,1,3,2,31,2,5,1,1,0,1.4462
3,1,3,2,32,2,5,6,6,0,1.4676
3,1,3,2,33,2,6,1,6,1,0.9135
3,1,3,2,34,2,2,6,2,1,1.089
3,1,3,2,35,2,5,1,5,1,2.1549
3,1,3,2,36,2,4,3,4,1,1.6252
3,1,3,2,37,2,5,2,2,0,1.2921
3,1,3,2,38,2,2,1,2,1,1.1617
3,1,3,2,39,2,1,2,1,1,1.2961
3,1,3,2,40,2,6,3,6,1,1.216
3,1,3,2,41,2,1,3,1,1,1.2205
3,1,3,2,42,2,1,4,4,0,1.6086
3,1,3,2,43,2,4,1,4,1,1.2409
3,1,3,2,44,2,6,2,6,1,0.988
3,1,3,2,45,2,3,1,3,1,1.1775
3,1,3,2,46,2,4,3,4,1,1.0075
3,1,3,2,47,2,3,6,3,1,1.1804
3,1,3,2,48,2,3,5,3,1,1.1861
3,1,3,2,49,2,3,5,3,1,1.2879
3,1,3,2,50,2,4,2,4,1,1.5605
3,1,3,3,1,6,6,,6,1,1.1807
3,1,3,3,2,6,3,,3,1,1.2502
3,1,3,3,3,6,4,,4,1,1.1416
3,1,3,3,4,6,2,,2,1,1.2124
3,1,3,3,5,6,2,,2,1,1.1207
3,1,3,3,6,6,6,,6,1,1.0336
3,1,3,3,7,6,2,,2,1,1.1254
3,1,3,3,8,6,5,,5,1,1.2776
3,1,3,3,9,6,6,,6,1,1.0398
3,1,3,3,10,6,4,,2,0,1.0513
3,1,3,3,11,6,4,,6,0,1.1539
3,1,3,3,12,6,4,,4,1,1.1085
3,1,3,3,13,6,4,,4,1,1.5641
3,1,3,3,14,6,6,,6,1,0.9939
3,1,3,3,15,6,1,,6,0,1.2793
3,1,3,3,16,6,2,,2,1,1.3247
3,1,3,3,17,6,1,,1,1,1.1487
3,1,3,3,18,6,5,,3,0,1.2185
3,1,3,3,19,6,3,,2,0,1.4264
3,1,3,3,20,6,2,,2,1,1.0334
3,1,3,3,21,6,1,,2,0,1.429
3,1,3,3,22,6,6,,6,1,1.0512
3,1,3,3,23,6,5,,5,1,1.2547
3,1,3,3,24,6,3,,3,1,1.3537
3,1,3,3,25,6,1,,3,0,1.2081
3,1,3,3,26,6,3,,1,0,1.1928
3,1,3,3,27,6,6,,6,1,1.2408
3,1,3,3,28,6,4,,4,1,1.0846
3,1,3,3,29,6,1,,2,0,1.7504
3,1,3,3,30,6,6,,6,1,0.9438
3,1,3,3,31,6,6,,1,0,1.7598
3,1,3,3,32,6,4,,1,0,1.6086
3,1,3,3,33,6,3,,3,1,1.0324
3,1,3,3,34,6,4,,5,0,1.3966
3,1,3,3,35,6,5,,5,1,1.1808
3,1,3,3,36,6,1,,1,1,1.2822
3,1,3,3,37,6,3,,6,0,1.1394
3,1,3,3,38,6,2,,2,1,0.9826
3,1,3,3,39,6,2,,2,1,0.9803
3,1,3,3,40,6,1,,5,0,1.1219
3,1,3,3,41,6,3,,3,1,1.349
3,1,3,3,42,6,6,,6,1,0.9958
3,1,3,3,43,6,3,,2,0,1.7288
3,1,3,3,44,6,1,,1,1,1.0036
3,1,3,3,45,6,2,,2,1,0.9201
3,1,3,3,46,6,5,,5,1,1.3051
3,1,3,3,47,6,5,,5,1,0.9699
3,1,3,3,48,6,5,,6,0,1.5604
3,1,3,3,49,6,5,,6,0,0.9203
3,1,3,3,50,6,6,,6,1,0.9648
3,1,3,4,1,2,5,1,1,0,1.1688
3,1,3,4,2,2,5,4,4,0,0.9949
3,1,3,4,3,2,1,6,1,1,1.275
3,1,3,4,4,2,5,1,5,1,1.5013
3,1,3,4,5,2,2,4,2,1,1.0135
3,1,3,4,6,2,1,6,1,1,1.474
3,1,3,4,7,2,6,2,6,1,1.0041
3,1,3,4,8,2,4,6,4,1,1.0329
3,1,3,4,9,2,4,6,4,1,1.2051
3,1,3,4,10,2,3,1,3,1,1.2419
3,1,3,4,11,2,6,5,6,1,1.053
3,1,3,4,12,2,3,2,3,1,1.4163
3,1,3,4,13,2,4,5,4,1,1.2525
3,1,3,4,14,2,4,5,4,1,1.0152
3,1,3,4,15,2,5,3,5,1,1.0278
3,1,3,4,16,2,6,5,6,1,1.8393
3,1,3,4,17,2,5,1,5,1,0.9702
3,1,3,4,18,2,3,5,3,1,1.2249
3,1,3,4,19,2,6,5,5,0,1.7247
3,1,3,4,20,2,3,5,3,1,1.544
3,1,3,4,21,2,3,1,3,1,1.2151
3,1,3,4,22,2,6,5,6,1,1.5875
3,1,3,4,23,2,5,6,5,1,1.545
3,1,3,4,24,2,1,3,3,0,1.343
3,1,3,4,25,2,2,3,2,1,1.0974
3,1,3,4,26,2,6,5,6,1,0.8973
3,1,3,4,27,2,2,6,2,1,1.0108
3,1,3,4,28,2,4,6,4,1,1.4719
3,1,3,4,29,2,1,5,1,1,1.2097
3,1,3,4,30,2,2,4,2,1,0.991
3,1,3,4,31,2,4,1,4,1,1.2921
3,1,3,4,32,2,6,1,6,1,0.9419
3,1,3,4,33,2,3,1,3,1,1.0218
3,1,3,4,34,2,1,2,1,1,0.9537
3,1,3,4,35,2,3,4,3,1,1.1134
3,1,3,4,36,2,1,6,6,0,1.8733
3,1,3,4,37,2,5,4,5,1,0.9987
3,1,3,4,38,2,2,5,2,1,1.171
3,1,3,4,39,2,4,3,4,1,1.129
3,1,3,4,40,2,2,4,2,1,1.057
3,1,3,4,41,2,4,5,4,1,1.0998
3,1,3,4,42,2,1,6,1,1,1.2529
3,1,3,4,43,2,1,4,4,0,1.3834
3,1,3,4,44,2,6,3,6,1,1.1207
3,1,3,4,45,2,6,5,5,0,1.6089
3,1,3,4,46,2,3,6,3,1,1.3998
3,1,3,4,47,2,6,1,6,1,0.9647
3,1,3,4,48,2,2,6,2,1,1.2355
3,1,3,4,49,2,2,3,2,1,1.2071
3,1,3,4,50,2,5,6,5,1,1.7716
3,1,4,1,1,2,1,4,1,1,1.3136
3,1,4,1,2,2,5,1,1,0,1.5052
3,1,4,1,3,2,6,2,6,1,3.2535
3,1,4,1,4,2,1,3,1,1,2.486
3,1,4,1,5,2,1,3,3,0,1.7185
3,1,4,1,6,2,5,6,6,0,1.1373
3,1,4,1,7,2,4,2,4,1,1.7327
3,1,4,1,8,2,6,3,6,1,0.9316
3,1,4,1,9,2,3,4,3,1,1.4433
3,1,4,1,10,2,5,1,5,1,1.2147
3,1,4,1,11,2,3,5,3,1,1.6349
3,1,4,1,12,2,2,3,2,1,1.1422
3,1,4,1,13,2,6,5,6,1,1.1017
3,1,4,1,14,2,1,6,6,0,1.2694
3,1,4,1,15,2,1,3,1,1,0.9475
3,1,4,1,16,2,4,6,4,1,0.8987
3,1,4,1,17,2,2,3,2,1,1.1879
3,1,4,1,18,2,5,3,3,0,1.8816
3,1,4,1,19,2,6,5,6,1,1.1172
3,1,4,1,20,2,5,3,5,1,1.4461
3,1,4,1,21,2,5,1,1,0,1.4084
3,1,4,1,22,2,4,2,4,1,0.9847
3,1,4,1,23,2,4,2,4,1,1.926
3,1,4,1,24,2,6,5,6,1,1.102
3,1,4,1,25,2,6,2,6,1,1.1427
3,1,4,1,26,2,4,1,4,1,2.4148
3,1,4,1,27,2,4,1,4,1,1.7927
3,1,4,1,28,2,4,1,4,1,1.4213
3,1,4,1,29,2,5,4,5,1,1.1618
3,1,4,1,30,2,2,4,2,1,1.3439
3,1,4,1,31,2,6,4,6,1,1.1829
3,1,4,1,32,2,2,5,2,1,1.061
3,1,4,1,33,2,3,5,3,1,1.311
3,1,4,1,34,2,1,5,1,1,1.5356
3,1,4,1,35,2,4,1,4,1,1.3672
3,1,4,1,36,2,1,5,5,0,1.6688
3,1,4,1,37,2,3,1,3,1,1.234
3,1,4,1,38,2,3,4,3,1,1.0127
3,1,4,1,39,2,6,4,6,1,1.0413
3,1,4,1,40,2,5,3,5,1,1.1013
3,1,4,1,41,2,6,3,6,1,0.9185
3,1,4,1,42,2,2,6,2,1,1.6378
3,1,4,1,43,2,3,2,3,1,1.6093
3,1,4,1,44,2,1,5,1,1,1.0379
3,1,4,1,45,2,3,1,3,1,1.5933
3,1,4,1,46,2,2,4,2,1,1.1495
3,1,4,1,47,2,2,1,2,1,1.2207
3,1,4,1,48,2,6,1,6,1,1.0332
3,1,4,1,49,2,2,5,2,1,1.1245
3,1,4,1,50,2,3,5,3,1,1.0368
3,1,4,2,1,6,2,,2,1,1.1425
3,1,4,2,2,6,1,,1,1,1.0057
3,1,4,2,3,6,6,,6,1,1.0182
3,1,4,2,4,6,4,,4,1,0.9353
3,1,4,2,5,6,5,,6,0,1.046
3,1,4,2,6,6,1,,4,0,1.2605
3,1,4,2,7,6,6,,6,1,0.9062
3,1,4,2,8,6,3,,3,1,1.1954
3,1,4,2,9,6,6,,5,0,1.1358
3,1,4,2,10,6,2,,2,1,1.0593
3,1,4,2,11,6,2,,2,1,0.9747
3,1,4,2,12,6,1,,3,0,1.6132
3,1,4,2,13,6,5,,5,1,1.0525
3,1,4,2,14,6,2,,3,0,1.1907
3,1,4,2,15,6,3,,1,0,1.496
3,1,4,2,16,6,2,,2,1,1.0203
3,1,4,2,17,6,4,,4,1,1.0642
3,1,4,2,18,6,4,,6,0,1.2827
3,1,4,2,19,6,4,,4,1,1.1034
3,1,4,2,20,6,6,,1,0,1.6405
3,1,4,2,21,6,5,,1,0,2.279
3,1,4,2,22,6,5,,5,1,1.2104
3,1,4,2,23,6,3,,3,1,1.1676
3,1,4,2,24,6,5,,5,1,1.51
3,1,4,2,25,6,4,,4,1,1.1343
3,1,4,2,26,6,3,,3,1,1.1886
3,1,4,2,27,6,4,,3,0,1.4018
3,1,4,2,28,6,6,,6,1,0.946
3,1,4,2,29,6,6,,6,1,1.0247
3,1,4,2,30,6,6,,2,0,1.5173
3,1,4,2,31,6,1,,3,0,1.2651
3,1,4,2,32,6,6,,2,0,1.5668
3,1,4,2,33,6,2,,4,0,1.2321
3,1,4,2,34,6,3,,3,1,1.1672
3,1,4,2,35,6,6,,6,1,0.9479
3,1,4,2,36,6,1,,5,0,1.2675
3,1,4,2,37,6,3,,3,1,1.0251
3,1,4,2,38,6,4,,6,0,1.7256
3,1,4,2,39,6,5,,2,0,1.6083
3,1,4,2,40,6,5,,5,1,1.0478
3,1,4,2,41,6,1,,1,1,1.0583
3,1,4,2,42,6,2,,2,1,1.2934
3,1,4,2,43,6,1,,3,0,1.359
3,1,4,2,44,6,2,,2,1,1.1445
3,1,4,2,45,6,1,,5,0,1.1183
3,1,4,2,46,6,6,,6,1,1.0738
3,1,4,2,47,6,4,,2,0,1.2769
3,1,4,2,48,6,5,,6,0,1.1293
3,1,4,2,49,6,3,,3,1,1.2762
3,1,4,2,50,6,3,,3,1,1.3591
3,1,4,3,1,2,3,5,3,1,1.3233
3,1,4,3,2,2,2,4,2,1,1.0348
3,1,4,3,3,2,6,3,6,1,1.0788
3,1,4,3,4,2,4,6,4,1,0.9606
3,1,4,3,5,2,4,1,1,0,0.9744
3,1,4,3,6,2,2,1,1,0,1.1446
3,1,4,3,7,2,4,3,3,0,1.9143
3,1,4,3,8,2,1,3,1,1,2.0611
3,1,4,3,9,2,2,5,2,1,2.4318
3,1,4,3,10,2,6,5,6,1,0.9453
3,1,4,3,11,2,1,3,1,1,1.2323
3,1,4,3,12,2,3,5,3,1,1.2197
3,1,4,3,13,2,6,4,6,1,0.8874
3,1,4,3,14,2,1,4,4,0,1.4967
3,1,4,3,15,2,5,6,5,1,1.1491
3,1,4,3,16,2,2,4,4,0,1.7161
3,1,4,3,17,2,2,4,2,1,1.2154
3,1,4,3,18,2,1,6,6,0,1.4916
3,1,4,3,19,2,3,6,3,1,1.4482
3,1,4,3,20,2,6,3,6,1,0.9147
3,1,4,3,21,2,1,3,3,0,1.6355
3,1,4,3,22,2,3,5,3,1,1.6496
3,1,4,3,23,2,5,2,5,1,1.0442
3,1,4,3,24,2,5,4,4,0,1.4239
3,1,4,3,25,2,5,6,5,1,1.5434
3,1,4,3,26,2,4,3,4,1,1.4861
3,1,4,3,27,2,2,4,4,0,1.6078
3,1,4,3,28,2,4,2,2,0,1.8634
3,1,4,3,29,2,1,2,1,1,1.74
3,1,4,3,30,2,6,2,6,1,1.0195
3,1,4,3,31,2,6,3,6,1,0.9991
3,1,4,3,32,2,6,1,6,1,1.0599
3,1,4,3,33,2,5,1,5,1,1.8555
3,1,4,3,34,2,3,1,3,1,1.4177
3,1,4,3,35,2,3,4,3,1,1.3654
3,1,4,3,36,2,5,2,5,1,1.4916
3,1,4,3,37,2,6,2,6,1,1.0845
3,1,4,3,38,2,5,3,3,0,1.4144
3,1,4,3,39,2,2,1,2,1,1.2455
3,1,4,3,40,2,6,3,3,0,1.6967
3,1,4,3,41,2,6,3,6,1,1.0037
3,1,4,3,42,2,1,4,1,1,1.0485
3,1,4,3,43,2,2,5,2,1,1.0439
3,1,4,3,44,2,3,1,3,1,1.1361
3,1,4,3,45,2,4,2,4,1,1.4632
3,1,4,3,46,2,4,5,4,1,1.0573
3,1,4,3,47,2,1,4,1,1,1.0679
3,1,4,3,48,2,4,2,4,1,1.1426
3,1,4,3,49,2,3,6,3,1,1.0859
3,1,4,3,50,2,5,4,5,1,1.8319
3,1,4,4,1,6,4,,4,1,1.3767
3,1,4,4,2,6,1,,1,1,1.038
3,1,4,4,3,6,2,,2,1,1.0506
3,1,4,4,4,6,6,,6,1,1.0134
3,1,4,4,5,6,6,,4,0,1.2336
3,1,4,4,6,6,6,,6,1,1.0246
3,1,4,4,7,6,5,,5,1,1.1009
3,1,4,4,8,6,2,,2,1,1.062
3,1,4,4,9,6,3,,3,1,0.9605
3,1,4,4,10,6,1,,6,0,1.1194
3,1,4,4,11,6,5,,5,1,1.187
3,1,4,4,12,6,6,,2,0,1.1126
3,1,4,4,13,6,3,,6,0,1.1332
3,1,4,4,14,6,4,,4,1,0.8474
3,1,4,4,15,6,3,,3,1,1.2187
3,1,4,4,16,6,4,,4,1,1.0632
3,1,4,4,17,6,6,,6,1,1.2173
3,1,4,4,18,6,2,,2,1,1.044
3,1,4,4,19,6,1,,2,0,1.3601
3,1,4,4,20,6,6,,6,1,1.0179
3,1,4,4,21,6,4,,4,1,1.0297
3,1,4,4,22,6,2,,2,1,1.1536
3,1,4,4,23,6,1,,3,0,1.9608
3,1,4,4,24,6,3,,2,0,1.2896
3,1,4,4,25,6,1,,1,1,1.1585
3,1,4,4,26,6,6,,3,0,1.5171
3,1,4,4,27,6,1,,1,1,0.8967
3,1,4,4,28,6,5,,5,1,1.0262
3,1,4,4,29,6,5,,3,0,1.1658
3,1,4,4,30,6,1,,1,1,1.135
3,1,4,4,31,6,5,,5,1,1.3993
3,1,4,4,32,6,2,,2,1,0.9637
3,1,4,4,33,6,2,,2,1,0.9466
3,1,4,4,34,6,1,,5,0,1.4733
3,1,4,4,35,6,2,,2,1,1.0622
3,1,4,4,36,6,4,,4,1,0.993
3,1,4,4,37,6,4,,3,0,1.7592
3,1,4,4,38,6,3,,2,0,1.3198
3,1,4,4,39,6,6,,6,1,0.8835
3,1,4,4,40,6,5,,4,0,1.125
3,1,4,4,41,6,6,,6,1,0.8401
3,1,4,4,42,6,3,,3,1,1.0044
3,1,4,4,43,6,4,,4,1,1.4016
3,1,4,4,44,6,5,,5,1,1.3018
3,1,4,4,45,6,3,,6,0,1.2871
3,1,4,4,46,6,2,,2,1,1.1562
3,1,4,4,47,6,6,,3,0,1.3706
3,1,4,4,48,6,4,,4,1,1.0125
3,1,4,4,49,6,5,,5,1,1.4084
3,1,4,4,50,6,3,,3,1,1.4056
3,1,5,1,1,6,3,,2,0,1.4069
3,1,5,1,2,6,4,,2,0,1.3506
3,1,5,1,3,6,1,,6,0,0.9451
3,1,5,1,4,6,4,,4,1,0.9882
3,1,5,1,5,6,5,,3,0,1.0503
3,1,5,1,6,6,4,,4,1,0.9604
3,1,5,1,7,6,3,,2,0,1.28
3,1,5,1,8,6,6,,2,0,1.0688
3,1,5,1,9,6,6,,6,1,1.1387
3,1,5,1,10,6,3,,3,1,1.0502
3,1,5,1,11,6,2,,5,0,1.0929
3,1,5,1,12,6,1,,6,0,0.9378
3,1,5,1,13,6,6,,6,1,0.8528
3,1,5,1,14,6,1,,1,1,1.0644
3,1,5,1,15,6,4,,1,0,1.0262
3,1,5,1,16,6,5,,4,0,1.0667
3,1,5,1,17,6,3,,3,1,1.4242
3,1,5,1,18,6,6,,6,1,0.9082
3,1,5,1,19,6,5,,5,1,1.1659
3,1,5,1,20,6,5,,3,0,1.2361
3,1,5,1,21,6,1,,3,0,1.1389
3,1,5,1,22,6,3,,3,1,1.4616
3,1,5,1,23,6,3,,3,1,1.1192
3,1,5,1,24,6,4,,4,1,1.0311
3,1,5,1,25,6,4,,3,0,1.6514
3,1,5,1,26,6,2,,2,1,1.0089
3,1,5,1,27,6,2,,2,1,0.9255
3,1,5,1,28,6,4,,4,1,0.9258
3,1,5,1,29,6,4,,4,1,0.8776
3,1,5,1,30,6,3,,5,0,1.4237
3,1,5,1,31,6,2,,2,1,0.9507
3,1,5,1,32,6,6,,6,1,0.9654
3,1,5,1,33,6,6,,6,1,1.0117
3,1,5,1,34,6,2,,2,1,1.0075
3,1,5,1,35,6,5,,5,1,1.4846
3,1,5,1,36,6,2,,2,1,1.0619
3,1,5,1,37,6,6,,6,1,0.9763
3,1,5,1,38,6,1,,6,0,1.0386
3,1,5,1,39,6,5,,5,1,1.3649
3,1,5,1,40,6,5,,5,1,1.0112
3,1,5,1,41,6,5,,4,0,1.3916
3,1,5,1,42,6,1,,1,1,1.031
3,1,5,1,43,6,1,,1,1,0.8834
3,1,5,1,44,6,2,,2,1,0.9967
3,1,5,1,45,6,6,,6,1,0.946
3,1,5,1,46,6,2,,2,1,0.9777
3,1,5,1,47,6,1,,1,1,1.1193
3,1,5,1,48,6,3,,6,0,1.1108
3,1,5,1,49,6,6,,6,1,0.8905
3,1,5,1,50,6,6,,2,0,1.7888
3,1,5,2,1,2,6,1,6,1,1.0104
3,1,5,2,2,2,6,3,6,1,1.1511
3,1,5,2,3,2,2,6,2,1,1.3337
3,1,5,2,4,2,3,2,2,0,1.2053
3,1,5,2,5,2,6,1,6,1,0.9814
3,1,5,2,6,2,4,3,4,1,1.0112
3,1,5,2,7,2,6,2,6,1,0.9269
3,1,5,2,8,2,4,5,5,0,1.1665
3,1,5,2,9,2,2,4,2,1,1.1521
3,1,5,2,10,2,5,3,3,0,1.1435
3,1,5,2,11,2,2,6,2,1,1.0175
3,1,5,2,12,2,5,4,5,1,0.9978
3,1,5,2,13,2,5,2,5,1,1.2031
3,1,5,2,14,2,5,4,5,1,1.1277
3,1,5,2,15,2,4,5,4,1,1.6468
3,1,5,2,16,2,1,4,4,0,1.4733
3,1,5,2,17,2,4,2,4,1,0.951
3,1,5,2,18,2,2,1,2,1,1.1262
3,1,5,2,19,2,4,5,4,1,1.6944
3,1,5,2,20,2,4,1,4,1,1.0707
3,1,5,2,21,2,6,2,6,1,1.5927
3,1,5,2,22,2,4,1,1,0,1.8061
3,1,5,2,23,2,1,6,1,1,1.1261
3,1,5,2,24,2,5,4,5,1,1.5503
3,1,5,2,25,2,6,1,1,0,1.2676
3,1,5,2,26,2,3,2,3,1,1.5698
3,1,5,2,27,2,5,4,4,0,1.3673
3,1,5,2,28,2,5,6,5,1,1.0407
3,1,5,2,29,2,6,4,6,1,1.1481
3,1,5,2,30,2,1,4,4,0,1.5388
3,1,5,2,31,2,1,2,2,0,1.2857
3,1,5,2,32,2,2,4,2,1,1.0747
3,1,5,2,33,2,3,6,6,0,1.1648
3,1,5,2,34,2,1,5,1,1,1.7582
3,1,5,2,35,2,3,1,3,1,1.5806
3,1,5,2,36,2,1,2,1,1,0.9297
3,1,5,2,37,2,2,5,2,1,0.9137
3,1,5,2,38,2,3,1,3,1,1.2978
3,1,5,2,39,2,6,2,2,0,1.522
3,1,5,2,40,2,5,3,5,1,1.4927
3,1,5,2,41,2,3,2,3,1,1.0379
3,1,5,2,42,2,2,4,2,1,1.2741
3,1,5,2,43,2,6,1,6,1,1.0362
3,1,5,2,44,2,1,6,1,1,1.8793
3,1,5,2,45,2,1,5,1,1,1.0558
3,1,5,2,46,2,6,2,6,1,1.0988
3,1,5,2,47,2,3,1,3,1,1.2997
3,1,5,2,48,2,2,1,2,1,1.2368
3,1,5,2,49,2,4,2,4,1,1.6246
3,1,5,2,50,2,3,2,2,0,1.2912
3,1,5,3,1,6,3,,1,0,1.2695
3,1,5,3,2,6,4,,4,1,1.1224
3,1,5,3,3,6,1,,3,0,1.1309
3,1,5,3,4,6,1,,5,0,2.126
3,1,5,3,5,6,6,,6,1,1.0319
3,1,5,3,6,6,4,,4,1,0.8837
3,1,5,3,7,6,3,,3,1,1.2371
3,1,5,3,8,6,4,,4,1,1.0322
3,1,5,3,9,6,1,,1,1,1.0286
3,1,5,3,10,6,5,,5,1,1.3926
3,1,5,3,11,6,6,,6,1,0.9571
3,1,5,3,12,6,4,,4,1,0.9726
3,1,5,3,13,6,3,,3,1,1.0194
3,1,5,3,14,6,4,,4,1,1.0152
3,1,5,3,15,6,6,,6,1,0.9963
3,1,5,3,16,6,1,,1,1,1.2811
3,1,5,3,17,6,2,,3,0,1.4898
3,1,5,3,18,6,5,,5,1,1.7024
3,1,5,3,19,6,6,,6,1,0.9503
3,1,5,3,20,6,2,,3,0,1.0295
3,1,5,3,21,6,5,,1,0,1.2447
3,1,5,3,22,6,5,,5,1,1.0193
3,1,5,3,23,6,2,,2,1,1.031
3,1,5,3,24,6,6,,6,1,1.0443
3,1,5,3,25,6,5,,1,0,1.1663
3,1,5,3,26,6,1,,3,0,1.2795
3,1,5,3,27,6,3,,4,0,1.1481
3,1,5,3,28,6,3,,3,1,1.4228
3,1,5,3,29,6,2,,2,1,1.2584
3,1,5,3,30,6,2,,1,0,1.1016
3,1,5,3,31,6,2,,2,1,1.1213
3,1,5,3,32,6,4,,5,0,1.6576
3,1,5,3,33,6,5,,5,1,0.9666
3,1,5,3,34,6,3,,3,1,1.1564
3,1,5,3,35,6,6,,6,1,0.9556
3,1,5,3,36,6,1,,6,0,1.5307
3,1,5,3,37,6,2,,5,0,1.5652
3,1,5,3,38,6,3,,3,1,2.0309
3,1,5,3,39,6,4,,4,1,1.2173
3,1,5,3,40,6,4,,3,0,2.0852
3,1,5,3,41,6,1,,1,1,1.154
3,1,5,3,42,6,2,,2,1,1.0327
3,1,5,3,43,6,6,,6,1,0.9952
3,1,5,3,44,6,1,,6,0,0.9761
3,1,5,3,45,6,5,,3,0,1.2574
3,1,5,3,46,6,5,,2,0,1.3828
3,1,5,3,47,6,3,,2,0,1.0072
3,1,5,3,48,6,6,,4,0,1.2874
3,1,5,3,49,6,6,,6,1,0.9168
3,1,5,3,50,6,6,,6,1,0.933
3,1,5,4,1,2,6,2,6,1,0.8981
3,1,5,4,2,2,6,1,6,1,0.9154
3,1,5,4,3,2,6,3,6,1,0.9632
3,1,5,4,4,2,6,5,6,1,1.0416
3,1,5,4,5,2,4,2,2,0,1.1332
3,1,5,4,6,2,4,6,4,1,1.0399
3,1,5,4,7,2,2,5,2,1,1.0038
3,1,5,4,8,2,2,5,2,1,1.0646
3,1,5,4,9,2,1,4,4,0,1.4435
3,1,5,4,10,2,6,4,6,1,0.9534
3,1,5,4,11,2,3,6,3,1,1.0165
3,1,5,4,12,2,3,4,3,1,1.0439
3,1,5,4,13,2,5,4,5,1,1.327
3,1,5,4,14,2,3,1,3,1,1.4223
3,1,5,4,15,2,2,4,2,1,1.0988
3,1,5,4,16,2,4,5,5,0,1.1719
3,1,5,4,17,2,1,4,4,0,1.4938
3,1,5,4,18,2,5,3,3,0,1.6568
3,1,5,4,19,2,2,4,2,1,1.1584
3,1,5,4,20,2,1,2,1,1,1.757
3,1,5,4,21,2,3,5,3,1,1.1147
3,1,5,4,22,2,5,2,5,1,1.7476
3,1,5,4,23,2,3,2,3,1,1.0574
3,1,5,4,24,2,4,3,3,0,2.0443
3,1,5,4,25,2,3,2,3,1,1.0182
3,1,5,4,26,2,4,6,4,1,2.1508
3,1,5,4,27,2,2,4,4,0,1.8125
3,1,5,4,28,2,5,6,5,1,1.3069
3,1,5,4,29,2,6,2,6,1,1.8038
3,1,5,4,30,2,6,2,6,1,0.9512
3,1,5,4,31,2,6,4,6,1,1.1591
3,1,5,4,32,2,4,3,4,1,0.9417
3,1,5,4,33,2,6,2,6,1,1.0694
3,1,5,4,34,2,3,6,3,1,1.735
3,1,5,4,35,2,5,1,5,1,1.5101
3,1,5,4,36,2,6,3,3,0,1.5982
3,1,5,4,37,2,4,2,4,1,1.1661
3,1,5,4,38,2,2,6,2,1,0.9801
3,1,5,4,39,2,5,4,4,0,1.4579
3,1,5,4,40,2,1,3,1,1,1.1277
3,1,5,4,41,2,2,4,2,1,1.0068
3,1,5,4,42,2,1,4,4,0,1.4038
3,1,5,4,43,2,5,3,3,0,1.6676
3,1,5,4,44,2,3,5,5,0,1.6649
3,1,5,4,45,2,1,4,4,0,1.0859
3,1,5,4,46,2,1,6,1,1,1.6669
3,1,5,4,47,2,5,2,2,0,1.3008
3,1,5,4,48,2,1,6,1,1,1.2006
3,1,5,4,49,2,2,6,2,1,0.998
3,1,5,4,50,2,4,3,4,1,0.9627
3,2,1,1,1,6,5,,2,0,1.3601
3,2,1,1,2,6,3,,3,1,1.5129
3,2,1,1,3,6,4,,2,0,1.2804
3,2,1,1,4,6,5,,5,1,1.3405
3,2,1,1,5,6,6,,6,1,0.8442
3,2,1,1,6,6,2,,2,1,0.9922
3,2,1,1,7,6,3,,3,1,1.0224
3,2,1,1,8,6,5,,5,1,1.1943
3,2,1,1,9,6,1,,3,0,1.4561
3,2,1,1,10,6,5,,6,0,1.1738
3,2,1,1,11,6,6,,6,1,0.8078
3,2,1,1,12,6,4,,3,0,1.3567
3,2,1,1,13,6,5,,5,1,1.0469
3,2,1,1,14,6,6,,4,0,1.6823
3,2,1,1,15,6,2,,2,1,1.0066
3,2,1,1,16,6,6,,6,1,0.8599
3,2,1,1,17,6,4,,1,0,1.439
3,2,1,1,18,6,1,,6,0,1.366
3,2,1,1,19,6,3,,2,0,1.8717
3,2,1,1,20,6,3,,5,0,1.4124
3,2,1,1,21,6,5,,5,1,1.4039
3,2,1,1,22,6,3,,1,0,1.1776
3,2,1,1,23,6,1,,1,1,1.211
3,2,1,1,24,6,3,,4,0,1.3114
3,2,1,1,25,6,3,,1,0,1.5802
3,2,1,1,26,6,5,,5,1,1.3882
3,2,1,1,27,6,2,,2,1,0.9859
3,2,1,1,28,6,6,,6,1,0.8394
3,2,1,1,29,6,1,,1,1,0.9232
3,2,1,1,30,6,5,,2,0,1.4843
3,2,1,1,31,6,1,,6,0,0.7845
3,2,1,1,32,6,2,,2,1,0.8339
3,2,1,1,33,6,2,,2,1,0.9507
3,2,1,1,34,6,4,,4,1,0.9977
3,2,1,1,35,6,6,,2,0,1.6665
3,2,1,1,36,6,6,,6,1,1.2792
3,2,1,1,37,6,2,,2,1,0.8659
3,2,1,1,38,6,3,,5,0,1.7322
3,2,1,1,39,6,1,,1,1,0.8631
3,2,1,1,40,6,2,,2,1,1.0091
3,2,1,1,41,6,6,,6,1,0.7985
3,2,1,1,42,6,4,,4,1,0.8362
3,2,1,1,43,6,1,,6,0,1.3514
3,2,1,1,44,6,4,,5,0,1.1849
3,2,1,1,45,6,4,,6,0,1.3298
3,2,1,1,46,6,1,,1,1,0.9569
3,2,1,1,47,6,2,,2,1,1.2443
3,2,1,1,48,6,6,,6,1,0.7356
3,2,1,1,49,6,4,,4,1,1.5763
3,2,1,1,50,6,6,,6,1,0.7973
3,2,1,2,1,2,3,6,6,0,1.6482
3,2,1,2,2,2,1,4,4,0,1.1665
3,2,1,2,3,2,3,6,3,1,1.3283
3,2,1,2,4,2,5,4,5,1,1.5683
3,2,1,2,5,2,5,3,5,1,1.9583
3,2,1,2,6,2,5,6,5,1,1.2923
3,2,1,2,7,2,3,2,3,1,1.8853
3,2,1,2,8,2,6,3,3,0,2.3739
3,2,1,2,9,2,3,6,3,1,2.2464
3,2,1,2,10,2,4,6,4,1,1.0568
3,2,1,2,11,2,1,3,3,0,2.2205
3,2,1,2,12,2,1,2,1,1,1.2668
3,2,1,2,13,2,3,6,3,1,1.8129
3,2,1,2,14,2,2,6,2,1,1.0254
3,2,1,2,15,2,2,6,2,1,0.8774
3,2,1,2,16,2,1,5,1,1,1.5202
3,2,1,2,17,2,1,5,1,1,0.8879
3,2,1,2,18,2,2,1,2,1,1.4657
3,2,1,2,19,2,1,5,1,1,1.012
3,2,1,2,20,2,6,3,6,1,0.9926
3,2,1,2,21,2,6,4,6,1,1.0704
3,2,1,2,22,2,3,5,3,1,1.2573
3,2,1,2,23,2,2,6,2,1,1.0998
3,2,1,2,24,2,4,1,4,1,1.5885
3,2,1,2,25,2,4,3,4,1,0.9537
3,2,1,2,26,2,4,2,4,1,1.8975
3,2,1,2,27,2,4,5,4,1,1.1215
3,2,1,2,28,2,4,1,1,0,2.0258
3,2,1,2,29,2,4,6,6,0,1.1287
3,2,1,2,30,2,5,1,5,1,2.0112
3,2,1,2,31,2,3,2,3,1,1.551
3,2,1,2,32,2,6,2,6,1,1.0144
3,2,1,2,33,2,6,1,1,0,1.3625
3,2,1,2,34,2,4,1,4,1,1.7716
3,2,1,2,35,2,6,4,6,1,1.1775
3,2,1,2,36,2,1,4,1,1,0.9599
3,2,1,2,37,2,1,6,1,1,0.9266
3,2,1,2,38,2,6,1,6,1,0.8313
3,2,1,2,39,2,2,5,2,1,1.0913
3,2,1,2,40,2,5,3,5,1,1.3733
3,2,1,2,41,2,6,1,6,1,0.8908
3,2,1,2,42,2,2,6,6,0,1.1171
3,2,1,2,43,2,5,1,1,0,1.6808
3,2,1,2,44,2,3,4,4,0,1.5167
3,2,1,2,45,2,6,1,6,1,0.9442
3,2,1,2,46,2,2,4,2,1,1.0879
3,2,1,2,47,2,5,3,5,1,1.3697
3,2,1,2,48,2,6,4,6,1,0.9676
3,2,1,2,49,2,2,4,2,1,1.5579
3,2,1,2,50,2,5,6,5,1,1.9325
3,2,1,3,1,6,4,,6,0,0.9611
3,2,1,3,2,6,1,,1,1,1.0354
3,2,1,3,3,6,2,,2,1,0.9034
3,2,1,3,4,6,4,,3,0,1.7201
3,2,1,3,5,6,1,,1,1,1.3474
3,2,1,3,6,6,5,,6,0,1.1549
3,2,1,3,7,6,1,,5,0,1.3333
3,2,1,3,8,6,5,,3,0,1.3283
3,2,1,3,9,6,1,,6,0,1.1477
3,2,1,3,10,6,3,,5,0,1.2144
3,2,1,3,11,6,2,,2,1,1.6933
3,2,1,3,12,6,5,,2,0,1.0704
3,2,1,3,13,6,5,,5,1,1.3005
3,2,1,3,14,6,6,,1,0,1.0298
3,2,1,3,15,6,3,,3,1,1.0366
3,2,1,3,16,6,4,,2,0,1.1606
3,2,1,3,17,6,4,,4,1,1.4345
3,2,1,3,18,6,2,,2,1,0.8863
3,2,1,3,19,6,4,,2,0,0.9198
3,2,1,3,20,6,5,,4,0,1.6994
3,2,1,3,21,6,1,,6,0,1.1038
3,2,1,3,22,6,3,,3,1,1.1397
3,2,1,3,23,6,1,,3,0,1.4832
3,2,1,3,24,6,6,,6,1,0.8805
3,2,1,3,25,6,6,,6,1,0.8181
3,2,1,3,26,6,2,,2,1,0.8389
3,2,1,3,27,6,5,,5,1,0.9231
3,2,1,3,28,6,6,,6,1,0.9232
3,2,1,3,29,6,3,,3,1,1.2602
3,2,1,3,30,6,3,,5,0,1.0066
3,2,1,3,31,6,6,,6,1,1.3187
3,2,1,3,32,6,2,,1,0,1.9106
3,2,1,3,33,6,2,,2,1,0.9063
3,2,1,3,34,6,3,,2,0,1.4515
3,2,1,3,35,6,4,,5,0,1.5215
3,2,1,3,36,6,1,,1,1,1.717
3,2,1,3,37,6,3,,3,1,1.6208
3,2,1,3,38,6,4,,4,1,1.3363
3,2,1,3,39,6,5,,1,0,1.3993
3,2,1,3,40,6,6,,6,1,0.8641
3,2,1,3,41,6,3,,5,0,0.9613
3,2,1,3,42,6,5,,5,1,0.924
3,2,1,3,43,6,2,,2,1,0.86
3,2,1,3,44,6,1,,4,0,1.2314
3,2,1,3,45,6,4,,6,0,1.0866
3,2,1,3,46,6,6,,6,1,1.1717
3,2,1,3,47,6,2,,2,1,0.9219
3,2,1,3,48,6,6,,6,1,0.9861
3,2,1,3,49,6,6,,6,1,0.9035
3,2,1,3,50,6,6,,6,1,0.8891
3,2,1,4,1,2,3,5,5,0,0.9683
3,2,1,4,2,2,5,6,5,1,2.307
3,2,1,4,3,2,1,5,1,1,1.0025
3,2,1,4,4,2,1,6,6,0,1.7514
3,2,1,4,5,2,5,6,5,1,1.377
3,2,1,4,6,2,2,6,2,1,1.0233
3,2,1,4,7,2,1,2,1,1,0.9397
3,2,1,4,8,2,3,5,3,1,1.4039
3,2,1,4,9,2,5,1,1,0,1.1759
3,2,1,4,10,2,3,6,3,1,1.6895
3,2,1,4,11,2,5,3,3,0,1.4187
3,2,1,4,12,2,5,1,1,0,1.2984
3,2,1,4,13,2,1,3,1,1,1.3904
3,2,1,4,14,2,2,5,2,1,1.1802
3,2,1,4,15,2,2,3,2,1,1.1049
3,2,1,4,16,2,2,4,2,1,0.9857
3,2,1,4,17,2,6,1,6,1,0.8395
3,2,1,4,18,2,4,1,4,1,1.8832
3,2,1,4,19,2,6,3,6,1,0.8838
3,2,1,4,20,2,4,3,3,0,1.3662
3,2,1,4,21,2,5,3,5,1,1.3756
3,2,1,4,22,2,6,2,6,1,1.0377
3,2,1,4,23,2,3,5,5,0,1.3855
3,2,1,4,24,2,2,6,2,1,1.1223
3,2,1,4,25,2,6,4,6,1,0.9548
3,2,1,4,26,2,2,4,2,1,0.9059
3,2,1,4,27,2,3,5,3,1,1.163
3,2,1,4,28,2,3,5,3,1,1.329
3,2,1,4,29,2,1,2,1,1,1.0568
3,2,1,4,30,2,1,2,2,0,1.1482
3,2,1,4,31,2,4,2,2,0,1.1348
3,2,1,4,32,2,6,3,3,0,0.8979
3,2,1,4,33,2,5,4,5,1,1.1822
3,2,1,4,34,2,5,1,5,1,0.9641
3,2,1,4,35,2,6,4,6,1,1.0422
3,2,1,4,36,2,6,3,6,1,0.9418
3,2,1,4,37,2,6,5,6,1,1.0379
3,2,1,4,38,2,4,5,4,1,1.6417
3,2,1,4,39,2,4,2,4,1,1.117
3,2,1,4,40,2,2,5,2,1,0.9011
3,2,1,4,41,2,4,5,4,1,1.3024
3,2,1,4,42,2,3,6,3,1,1.1433
3,2,1,4,43,2,1,4,1,1,1.2144
3,2,1,4,44,2,1,2,1,1,1.0749
3,2,1,4,45,2,3,5,5,0,1.5495
3,2,1,4,46,2,6,3,6,1,0.8793
3,2,1,4,47,2,6,5,6,1,0.9295
3,2,1,4,48,2,2,4,2,1,0.994
3,2,1,4,49,2,4,1,4,1,1.0076
3,2,1,4,50,2,4,1,4,1,1.0367
3,2,2,1,1,2,1,5,1,1,1.1763
3,2,2,1,2,2,3,2,3,1,0.9902
3,2,2,1,3,2,1,3,1,1,0.9084
3,2,2,1,4,2,1,5,1,1,1.0538
3,2,2,1,5,2,6,4,6,1,0.8404
3,2,2,1,6,2,5,6,5,1,0.8602
3,2,2,1,7,2,6,4,4,0,0.9599
3,2,2,1,8,2,2,6,2,1,0.9221
3,2,2,1,9,2,5,2,2,0,1.5787
3,2,2,1,10,2,4,1,4,1,1.7084
3,2,2,1,11,2,3,2,3,1,1.3406
3,2,2,1,12,2,1,4,1,1,0.9875
3,2,2,1,13,2,3,5,3,1,1.7541
3,2,2,1,14,2,6,1,6,1,0.9039
3,2,2,1,15,2,4,2,4,1,1.5772
3,2,2,1,16,2,6,5,5,0,1.7104
3,2,2,1,17,2,6,5,6,1,1.2258
3,2,2,1,18,2,2,6,2,1,1.2942
3,2,2,1,19,2,2,5,2,1,0.9438
3,2,2,1,20,2,1,5,1,1,1.8556
3,2,2,1,21,2,5,3,5,1,1.1453
3,2,2,1,22,2,3,5,3,1,2.0005
3,2,2,1,23,2,4,6,4,1,1.6031
3,2,2,1,24,2,3,5,3,1,1.3521
3,2,2,1,25,2,1,4,4,0,1.9903
3,2,2,1,26,2,3,2,3,1,1.1587
3,2,2,1,27,2,6,3,6,1,0.9096
3,2,2,1,28,2,6,4,6,1,0.9428
3,2,2,1,29,2,5,4,4,0,1.3906
3,2,2,1,30,2,4,3,4,1,1.3037
3,2,2,1,31,2,2,6,2,1,1.1119
3,2,2,1,32,2,4,6,4,1,1.1044
3,2,2,1,33,2,4,3,4,1,1.3377
3,2,2,1,34,2,6,1,6,1,1.0489
3,2,2,1,35,2,2,4,2,1,1.0277
3,2,2,1,36,2,1,6,1,1,1.0719
3,2,2,1,37,2,6,5,6,1,0.9703
3,2,2,1,38,2,3,4,3,1,1.1607
3,2,2,1,39,2,6,4,4,0,1.2791
3,2,2,1,40,2,4,1,4,1,1.3565
3,2,2,1,41,2,5,3,5,1,1.2751
3,2,2,1,42,2,3,2,3,1,1.3254
3,2,2,1,43,2,2,1,2,1,0.9414
3,2,2,1,44,2,5,2,5,1,1.1974
3,2,2,1,45,2,4,5,4,1,1.1224
3,2,2,1,46,2,5,1,1,0,1.1146
3,2,2,1,47,2,2,4,2,1,0.9899
3,2,2,1,48,2,5,4,5,1,1.1148
3,2,2,1,49,2,2,1,2,1,1.2509
3,2,2,1,50,2,1,2,1,1,1.3015
3,2,2,2,1,6,3,,3,1,1.2357
3,2,2,2,2,6,6,,5,0,1.2398
3,2,2,2,3,6,4,,5,0,0.8703
3,2,2,2,4,6,3,,3,1,0.9002
3,2,2,2,5,6,2,,2,1,0.8692
3,2,2,2,6,6,6,,6,1,0.8556
3,2,2,2,7,6,1,,1,1,0.9545
3,2,2,2,8,6,1,,6,0,2.0734
3,2,2,2,9,6,3,,3,1,1.1264
3,2,2,2,10,6,6,,6,1,1.007
3,2,2,2,11,6,6,,6,1,0.9551
3,2,2,2,12,6,5,,5,1,0.9063
3,2,2,2,13,6,2,,2,1,0.9395
3,2,2,2,14,6,5,,3,0,1.3706
3,2,2,2,15,6,2,,2,1,1.2204
3,2,2,2,16,6,5,,5,1,1.4163
3,2,2,2,17,6,1,,1,1,0.8367
3,2,2,2,18,6,6,,6,1,0.8878
3,2,2,2,19,6,4,,6,0,1.5464
3,2,2,2,20,6,1,,1,1,1.4358
3,2,2,2,21,6,6,,1,0,1.5598
3,2,2,2,22,6,5,,5,1,0.8895
3,2,2,2,23,6,3,,3,1,1.3709
3,2,2,2,24,6,4,,6,0,0.9371
3,2,2,2,25,6,3,,3,1,1.316
3,2,2,2,26,6,4,,4,1,0.9642
3,2,2,2,27,6,6,,6,1,0.9947
3,2,2,2,28,6,6,,6,1,0.9922
3,2,2,2,29,6,2,,2,1,1.4694
3,2,2,2,30,6,2,,2,1,1.11
3,2,2,2,31,6,3,,3,1,1.0555
3,2,2,2,32,6,3,,4,0,1.6907
3,2,2,2,33,6,6,,6,1,0.8389
3,2,2,2,34,6,4,,2,0,2.3634
3,2,2,2,35,6,6,,6,1,0.8757
3,2,2,2,36,6,5,,5,1,0.9743
3,2,2,2,37,6,5,,5,1,0.9405
3,2,2,2,38,6,1,,2,0,1.2602
3,2,2,2,39,6,3,,5,0,1.498
3,2,2,2,40,6,5,,5,1,0.8934
3,2,2,2,41,6,2,,2,1,1.3595
3,2,2,2,42,6,1,,1,1,0.926
3,2,2,2,43,6,5,,5,1,1.3594
3,2,2,2,44,6,1,,1,1,1.1325
3,2,2,2,45,6,1,,1,1,1.0286
3,2,2,2,46,6,2,,2,1,0.8644
3,2,2,2,47,6,4,,5,0,0.9465
3,2,2,2,48,6,2,,2,1,0.958
3,2,2,2,49,6,4,,4,1,0.8447
3,2,2,2,50,6,4,,4,1,1.0391
3,2,2,3,1,2,2,3,2,1,1.2883
3,2,2,3,2,2,3,5,3,1,1.1939
3,2,2,3,3,2,4,2,4,1,1.6316
3,2,2,3,4,2,1,3,1,1,1.9386
3,2,2,3,5,2,4,1,4,1,1.6577
3,2,2,3,6,2,5,3,5,1,1.4515
3,2,2,3,7,2,5,2,5,1,0.9334
3,2,2,3,8,2,3,5,3,1,1.062
3,2,2,3,9,2,2,4,2,1,1.3119
3,2,2,3,10,2,1,2,1,1,1.2971
3,2,2,3,11,2,3,4,4,0,0.9929
3,2,2,3,12,2,1,3,3,0,2.8091
3,2,2,3,13,2,4,1,4,1,1.2243
3,2,2,3,14,2,2,4,2,1,0.8922
3,2,2,3,15,2,6,5,6,1,0.8457
3,2,2,3,16,2,3,5,5,0,1.5846
3,2,2,3,17,2,1,6,1,1,0.8813
3,2,2,3,18,2,5,6,5,1,1.0102
3,2,2,3,19,2,3,6,3,1,1.3754
3,2,2,3,20,2,1,6,1,1,0.9092
3,2,2,3,21,2,5,4,5,1,0.943
3,2,2,3,22,2,2,1,2,1,1.0227
3,2,2,3,23,2,4,6,4,1,2.0752
3,2,2,3,24,2,2,1,2,1,1.2439
3,2,2,3,25,2,2,4,2,1,1.4393
3,2,2,3,26,2,6,4,6,1,0.8268
3,2,2,3,27,2,2,5,2,1,0.8475
3,2,2,3,28,2,1,2,1,1,1.1065
3,2,2,3,29,2,3,6,3,1,1.5469
3,2,2,3,30,2,3,2,3,1,1.1523
3,2,2,3,31,2,6,3,6,1,0.8711
3,2,2,3,32,2,4,3,4,1,1.6569
3,2,2,3,33,2,6,3,6,1,1.9312
3,2,2,3,34,2,6,2,6,1,2.1459
3,2,2,3,35,2,2,1,2,1,1.1681
3,2,2,3,36,2,6,2,6,1,0.8371
3,2,2,3,37,2,5,2,2,0,1.1135
3,2,2,3,38,2,4,3,4,1,1.0208
3,2,2,3,39,2,3,2,2,0,1.0807
3,2,2,3,40,2,6,3,6,1,1.15
3,2,2,3,41,2,6,3,6,1,0.9166
3,2,2,3,42,2,1,3,1,1,0.8373
3,2,2,3,43,2,4,3,4,1,1.4332
3,2,2,3,44,2,5,6,5,1,1.2514
3,2,2,3,45,2,5,3,5,1,1.2215
3,2,2,3,46,2,1,2,1,1,1.0024
3,2,2,3,47,2,5,3,5,1,1.3997
3,2,2,3,48,2,4,1,4,1,1.0277
3,2,2,3,49,2,6,1,6,1,0.9599
3,2,2,3,50,2,6,2,6,1,0.8792
3,2,2,4,1,6,1,,4,0,1.2782
3,2,2,4,2,6,6,,6,1,0.7471
3,2,2,4,3,6,4,,5,0,1.1868
3,2,2,4,4,6,3,,3,1,1.4921
3,2,2,4,5,6,1,,1,1,0.9242
3,2,2,4,6,6,6,,6,1,0.8129
3,2,2,4,7,6,2,,2,1,0.7846
3,2,2,4,8,6,5,,5,1,0.9507
3,2,2,4,9,6,5,,5,1,1.0294
3,2,2,4,10,6,4,,4,1,0.9933
3,2,2,4,11,6,5,,5,1,0.9431
3,2,2,4,12,6,2,,2,1,0.8629
3,2,2,4,13,6,1,,1,1,0.9295
3,2,2,4,14,6,5,,5,1,1.4735
3,2,2,4,15,6,6,,6,1,0.9553
3,2,2,4,16,6,3,,3,1,1.0026
3,2,2,4,17,6,1,,4,0,1.4788
3,2,2,4,18,6,4,,5,0,1.1314
3,2,2,4,19,6,6,,6,1,0.7824
3,2,2,4,20,6,6,,6,1,0.852
3,2,2,4,21,6,2,,2,1,1.1596
3,2,2,4,22,6,1,,1,1,0.879
3,2,2,4,23,6,5,,5,1,0.8649
3,2,2,4,24,6,4,,4,1,1.3469
3,2,2,4,25,6,4,,4,1,1.202
3,2,2,4,26,6,5,,5,1,1.1736
3,2,2,4,27,6,6,,6,1,0.8766
3,2,2,4,28,6,2,,2,1,1.0391
3,2,2,4,29,6,1,,1,1,1.5614
3,2,2,4,30,6,4,,4,1,1.0395
3,2,2,4,31,6,4,,4,1,1.1316
3,2,2,4,32,6,3,,3,1,1.1875
3,2,2,4,33,6,6,,6,1,1.0327
3,2,2,4,34,6,3,,2,0,1.3798
3,2,2,4,35,6,4,,4,1,1.0042
3,2,2,4,36,6,6,,6,1,1.2084
3,2,2,4,37,6,6,,6,1,0.9739
3,2,2,4,38,6,5,,3,0,1.1158
3,2,2,4,39,6,3,,3,1,1.2641
3,2,2,4,40,6,2,,2,1,0.9938
3,2,2,4,41,6,1,,6,0,0.975
3,2,2,4,42,6,3,,3,1,0.9696
3,2,2,4,43,6,5,,4,0,1.0315
3,2,2,4,44,6,3,,4,0,0.9752
3,2,2,4,45,6,2,,2,1,1.0649
3,2,2,4,46,6,6,,6,1,0.963
3,2,2,4,47,6,2,,2,1,0.9766
3,2,2,4,48,6,2,,2,1,1.0879
3,2,2,4,49,6,3,,4,0,1.1455
3,2,2,4,50,6,1,,5,0,1.0352
3,2,3,1,1,6,3,,3,1,1.138
3,2,3,1,2,6,1,,1,1,0.809
3,2,3,1,3,6,3,,4,0,0.9578
3,2,3,1,4,6,2,,2,1,0.8085
3,2,3,1,5,6,1,,1,1,0.6865
3,2,3,1,6,6,2,,2,1,1.0806
3,2,3,1,7,6,2,,4,0,1.3301
3,2,3,1,8,6,5,,5,1,0.8292
3,2,3,1,9,6,5,,3,0,1.1205
3,2,3,1,10,6,5,,5,1,1.2368
3,2,3,1,11,6,4,,5,0,0.7764
3,2,3,1,12,6,2,,2,1,0.7139
3,2,3,1,13,6,3,,2,0,1.2509
3,2,3,1,14,6,1,,5,0,1.2647
3,2,3,1,15,6,3,,5,0,1.4542
3,2,3,1,16,6,5,,5,1,0.9171
3,2,3,1,17,6,1,,4,0,0.8854
3,2,3,1,18,6,6,,6,1,0.8188
3,2,3,1,19,6,6,,6,1,0.8551
3,2,3,1,20,6,5,,5,1,1.0344
3,2,3,1,21,6,6,,6,1,1.1422
3,2,3,1,22,6,2,,2,1,0.9418
3,2,3,1,23,6,3,,4,0,0.7961
3,2,3,1,24,6,3,,3,1,1.7255
3,2,3,1,25,6,4,,4,1,0.8932
3,2,3,1,26,6,6,,6,1,0.8464
3,2,3,1,27,6,5,,4,0,1.2339
3,2,3,1,28,6,3,,5,0,1.2328
3,2,3,1,29,6,6,,6,1,0.6404
3,2,3,1,30,6,2,,6,0,0.9883
3,2,3,1,31,6,6,,5,0,0.6615
3,2,3,1,32,6,1,,1,1,0.9237
3,2,3,1,33,6,6,,6,1,0.7639
3,2,3,1,34,6,5,,5,1,0.963
3,2,3,1,35,6,4,,4,1,0.8976
3,2,3,1,36,6,2,,5,0,1.0907
3,2,3,1,37,6,6,,6,1,0.7599
3,2,3,1,38,6,4,,4,1,0.943
3,2,3,1,39,6,5,,5,1,0.9911
3,2,3,1,40,6,1,,1,1,0.9882
3,2,3,1,41,6,4,,4,1,0.7944
3,2,3,1,42,6,4,,4,1,0.8155
3,2,3,1,43,6,4,,5,0,0.9325
3,2,3,1,44,6,1,,1,1,1.2635
3,2,3,1,45,6,3,,5,0,1.0254
3,2,3,1,46,6,2,,2,1,0.8407
3,2,3,1,47,6,4,,4,1,0.8127
3,2,3,1,48,6,1,,4,0,1.1057
3,2,3,1,49,6,6,,4,0,1.0297
3,2,3,1,50,6,6,,6,1,1.5009
3,2,3,2,1,2,5,2,5,1,1.0917
3,2,3,2,2,2,5,2,5,1,0.8773
3,2,3,2,3,2,3,1,3,1,1.1513
3,2,3,2,4,2,3,1,3,1,1.0458
3,2,3,2,5,2,6,3,6,1,0.8004
3,2,3,2,6,2,2,4,2,1,1.0459
3,2,3,2,7,2,1,3,1,1,0.8646
3,2,3,2,8,2,2,6,2,1,1.6987
3,2,3,2,9,2,2,6,2,1,1.3461
3,2,3,2,10,2,6,1,1,0,2.0491
3,2,3,2,11,2,4,2,4,1,1.6147
3,2,3,2,12,2,6,2,6,1,0.7055
3,2,3,2,13,2,5,1,5,1,1.1946
3,2,3,2,14,2,4,3,3,0,1.0395
3,2,3,2,15,2,1,5,1,1,0.8547
3,2,3,2,16,2,6,5,6,1,0.89
3,2,3,2,17,2,3,4,3,1,1.2122
3,2,3,2,18,2,6,4,6,1,0.8162
3,2,3,2,19,2,4,6,4,1,0.8847
3,2,3,2,20,2,2,3,2,1,1.1112
3,2,3,2,21,2,4,3,4,1,0.9743
3,2,3,2,22,2,1,6,1,1,1.1648
3,2,3,2,23,2,4,5,4,1,1.363
3,2,3,2,24,2,3,4,3,1,1.3448
3,2,3,2,25,2,5,4,4,0,1.3906
3,2,3,2,26,2,4,1,4,1,1.0792
3,2,3,2,27,2,6,5,5,0,1.6972
3,2,3,2,28,2,5,3,5,1,1.4525
3,2,3,2,29,2,6,5,6,1,0.9184
3,2,3,2,30,2,1,3,3,0,1.3191
3,2,3,2,31,2,2,5,2,1,1.1068
3,2,3,2,32,2,4,2,4,1,0.812
3,2,3,2,33,2,6,3,6,1,0.7048
3,2,3,2,34,2,1,3,3,0,1.6101
3,2,3,2,35,2,1,6,6,0,0.9695
3,2,3,2,36,2,5,2,5,1,0.9471
3,2,3,2,37,2,5,4,4,0,1.6017
3,2,3,2,38,2,2,4,2,1,0.9455
3,2,3,2,39,2,3,4,3,1,0.8969
3,2,3,2,40,2,3,2,2,0,1.2327
3,2,3,2,41,2,5,6,5,1,0.8643
3,2,3,2,42,2,2,1,2,1,1.6663
3,2,3,2,43,2,2,5,2,1,0.9474
3,2,3,2,44,2,6,3,6,1,0.8192
3,2,3,2,45,2,3,5,3,1,1.0633
3,2,3,2,46,2,6,1,6,1,1.3458
3,2,3,2,47,2,1,5,1,1,1.392
3,2,3,2,48,2,4,3,4,1,0.9093
3,2,3,2,49,2,3,5,3,1,1.1345
3,2,3,2,50,2,1,6,1,1,1.0144
3,2,3,3,1,6,2,,5,0,0.8965
3,2,3,3,2,6,4,,4,1,1.485
3,2,3,3,3,6,6,,6,1,0.9015
3,2,3,3,4,6,4,,4,1,1.7829
3,2,3,3,5,6,4,,6,0,0.9479
3,2,3,3,6,6,1,,6,0,0.7502
3,2,3,3,7,6,6,,6,1,0.9611
3,2,3,3,8,6,6,,6,1,0.8471
3,2,3,3,9,6,2,,2,1,0.9149
3,2,3,3,10,6,1,,6,0,0.8509
3,2,3,3,11,6,5,,5,1,1.2335
3,2,3,3,12,6,5,,5,1,1.0601
3,2,3,3,13,6,6,,6,1,0.8955
3,2,3,3,14,6,4,,4,1,0.8801
3,2,3,3,15,6,5,,2,0,1.0732
3,2,3,3,16,6,1,,1,1,0.9194
3,2,3,3,17,6,5,,5,1,0.8403
3,2,3,3,18,6,6,,4,0,1.4519
3,2,3,3,19,6,3,,4,0,1.1696
3,2,3,3,20,6,6,,6,1,0.7715
3,2,3,3,21,6,5,,4,0,1.4663
3,2,3,3,22,6,3,,3,1,1.3598
3,2,3,3,23,6,4,,4,1,0.9901
3,2,3,3,24,6,3,,2,0,1.1486
3,2,3,3,25,6,1,,5,0,1.1827
3,2,3,3,26,6,6,,6,1,0.9435
3,2,3,3,27,6,5,,5,1,1.0708
3,2,3,3,28,6,2,,2,1,0.9212
3,2,3,3,29,6,5,,5,1,1.2254
3,2,3,3,30,6,2,,5,0,0.8779
3,2,3,3,31,6,3,,1,0,1.3552
3,2,3,3,32,6,1,,1,1,0.9656
3,2,3,3,33,6,4,,6,0,1.6039
3,2,3,3,34,6,2,,2,1,1.1233
3,2,3,3,35,6,2,,5,0,1.6437
3,2,3,3,36,6,3,,3,1,1.0983
3,2,3,3,37,6,3,,2,0,1.4741
3,2,3,3,38,6,2,,2,1,1.4468
3,2,3,3,39,6,6,,5,0,1.2816
3,2,3,3,40,6,2,,4,0,1.0065
3,2,3,3,41,6,4,,4,1,1.0625
3,2,3,3,42,6,6,,1,0,1.0094
3,2,3,3,43,6,1,,1,1,1.1293
3,2,3,3,44,6,4,,4,1,1.0725
3,2,3,3,45,6,3,,1,0,1.1954
3,2,3,3,46,6,5,,5,1,0.9073
3,2,3,3,47,6,1,,1,1,1.7411
3,2,3,3,48,6,3,,1,0,0.8919
3,2,3,3,49,6,1,,1,1,0.7924
3,2,3,3,50,6,6,,5,0,1.5187
3,2,3,4,1,2,1,5,1,1,1.5677
3,2,3,4,2,2,6,2,6,1,0.7728
3,2,3,4,3,2,6,4,6,1,1.1319
3,2,3,4,4,2,2,1,2,1,0.8671
3,2,3,4,5,2,4,6,4,1,1.1895
3,2,3,4,6,2,1,5,1,1,0.9711
3,2,3,4,7,2,3,1,3,1,1.5935
3,2,3,4,8,2,2,1,2,1,1.1181
3,2,3,4,9,2,6,3,3,0,2.0546
3,2,3,4,10,2,6,4,6,1,0.964
3,2,3,4,11,2,3,1,3,1,1.138
3,2,3,4,12,2,5,2,5,1,1.3055
3,2,3,4,13,2,2,4,2,1,0.9543
3,2,3,4,14,2,2,4,2,1,1.1933
3,2,3,4,15,2,5,1,5,1,1.3425
3,2,3,4,16,2,2,1,1,0,2.0135
3,2,3,4,17,2,5,3,3,0,1.7245
3,2,3,4,18,2,1,5,1,1,1.224
3,2,3,4,19,2,6,1,6,1,1.0359
3,2,3,4,20,2,1,5,5,0,1.2395
3,2,3,4,21,2,6,1,6,1,0.8383
3,2,3,4,22,2,3,1,3,1,1.1623
3,2,3,4,23,2,5,4,5,1,1.2488
3,2,3,4,24,2,4,5,4,1,1.2999
3,2,3,4,25,2,4,1,4,1,1.4603
3,2,3,4,26,2,6,1,1,0,1.2312
3,2,3,4,27,2,3,6,3,1,1.0537
3,2,3,4,28,2,4,5,5,0,1.4013
3,2,3,4,29,2,3,5,3,1,1.5851
3,2,3,4,30,2,2,1,2,1,1.0459
3,2,3,4,31,2,5,3,5,1,1.2656
3,2,3,4,32,2,5,4,5,1,1.3474
3,2,3,4,33,2,4,6,4,1,0.85
3,2,3,4,34,2,6,4,6,1,0.8696
3,2,3,4,35,2,1,5,1,1,1.2403
3,2,3,4,36,2,6,4,6,1,0.8752
3,2,3,4,37,2,3,2,2,0,1.6778
3,2,3,4,38,2,3,1,3,1,1.2586
3,2,3,4,39,2,3,2,3,1,1.2297
3,2,3,4,40,2,1,4,1,1,1.1534
3,2,3,4,41,2,1,2,1,1,0.9041
3,2,3,4,42,2,4,3,4,1,0.8247
3,2,3,4,43,2,5,4,5,1,1.0701
3,2,3,4,44,2,2,1,2,1,1.0319
3,2,3,4,45,2,4,1,4,1,1.3319
3,2,3,4,46,2,4,1,4,1,0.8677
3,2,3,4,47,2,1,4,1,1,0.9015
3,2,3,4,48,2,5,6,5,1,1.2548
3,2,3,4,49,2,2,3,2,1,0.9382
3,2,3,4,50,2,6,4,4,0,1.2738
3,2,4,1,1,2,1,5,1,1,1.1455
3,2,4,1,2,2,2,1,2,1,0.7841
3,2,4,1,3,2,3,2,3,1,0.9979
3,2,4,1,4,2,1,6,1,1,0.8516
3,2,4,1,5,2,4,3,4,1,0.9182
3,2,4,1,6,2,4,1,4,1,1.3821
3,2,4,1,7,2,6,4,6,1,1.1077
3,2,4,1,8,2,3,4,4,0,1.4686
3,2,4,1,9,2,4,3,3,0,1.506
3,2,4,1,10,2,1,5,5,0,1.0945
3,2,4,1,11,2,6,3,6,1,0.7623
3,2,4,1,12,2,2,5,2,1,0.929
3,2,4,1,13,2,3,5,3,1,1.137
3,2,4,1,14,2,5,1,1,0,1.2406
3,2,4,1,15,2,2,1,2,1,0.8238
3,2,4,1,16,2,6,3,6,1,0.8753
3,2,4,1,17,2,1,2,2,0,1.7585
3,2,4,1,18,2,5,3,3,0,1.7044
3,2,4,1,19,2,2,6,2,1,1.1715
3,2,4,1,20,2,2,4,2,1,0.9214
3,2,4,1,21,2,4,2,4,1,0.9701
3,2,4,1,22,2,2,1,2,1,0.9682
3,2,4,1,23,2,6,4,6,1,0.8709
3,2,4,1,24,2,4,2,4,1,0.9534
3,2,4,1,25,2,5,3,5,1,0.9042
3,2,4,1,26,2,6,1,1,0,1.4659
3,2,4,1,27,2,1,3,1,1,1.167
3,2,4,1,28,2,5,4,5,1,1.0614
3,2,4,1,29,2,3,5,3,1,1.4248
3,2,4,1,30,2,6,3,6,1,0.7484
3,2,4,1,31,2,3,1,3,1,1.492
3,2,4,1,32,2,3,6,3,1,1.213
3,2,4,1,33,2,6,3,3,0,1.3614
3,2,4,1,34,2,3,2,3,1,1.275
3,2,4,1,35,2,1,6,6,0,0.9246
3,2,4,1,36,2,6,4,4,0,1.2884
3,2,4,1,37,2,5,3,3,0,1.446
3,2,4,1,38,2,4,1,4,1,0.7799
3,2,4,1,39,2,5,3,5,1,1.2019
3,2,4,1,40,2,2,6,2,1,0.9506
3,2,4,1,41,2,6,2,2,0,0.9016
3,2,4,1,42,2,6,3,6,1,0.8188
3,2,4,1,43,2,5,3,5,1,1.1588
3,2,4,1,44,2,1,5,1,1,0.91
3,2,4,1,45,2,1,2,1,1,1.3752
3,2,4,1,46,2,4,5,4,1,1.3251
3,2,4,1,47,2,5,1,1,0,1.2618
3,2,4,1,48,2,2,3,2,1,1.2273
3,2,4,1,49,2,3,4,3,1,1.5833
3,2,4,1,50,2,4,1,4,1,0.7085
3,2,4,2,1,6,3,,4,0,1.9155
3,2,4,2,2,6,1,,3,0,1.5023
3,2,4,2,3,6,2,,3,0,1.17
3,2,4,2,4,6,1,,1,1,0.9325
3,2,4,2,5,6,3,,3,1,1.363
3,2,4,2,6,6,3,,4,0,0.9772
3,2,4,2,7,6,1,,3,0,1.2267
3,2,4,2,8,6,6,,6,1,1.0814
3,2,4,2,9,6,5,,5,1,1.1073
3,2,4,2,10,6,4,,4,1,1.3237
3,2,4,2,11,6,3,,3,1,1.2763
3,2,4,2,12,6,2,,2,1,0.9746
3,2,4,2,13,6,1,,1,1,0.9093
3,2,4,2,14,6,6,,4,0,1.6944
3,2,4,2,15,6,6,,6,1,0.9857
3,2,4,2,16,6,1,,1,1,1.2078
3,2,4,2,17,6,5,,4,0,1.1321
3,2,4,2,18,6,4,,2,0,1.0711
3,2,4,2,19,6,2,,2,1,0.9495
3,2,4,2,20,6,2,,2,1,0.7249
3,2,4,2,21,6,4,,4,1,0.8135
3,2,4,2,22,6,5,,6,0,0.8176
3,2,4,2,23,6,4,,4,1,0.8504
3,2,4,2,24,6,3,,3,1,0.998
3,2,4,2,25,6,2,,2,1,0.8493
3,2,4,2,26,6,1,,2,0,0.9014
3,2,4,2,27,6,5,,5,1,0.9141
3,2,4,2,28,6,4,,4,1,1.2496
3,2,4,2,29,6,3,,3,1,1.0926
3,2,4,2,30,6,2,,2,1,1.1662
3,2,4,2,31,6,6,,6,1,0.8845
3,2,4,2,32,6,6,,6,1,0.8217
3,2,4,2,33,6,6,,3,0,1.2585
3,2,4,2,34,6,3,,3,1,1.0633
3,2,4,2,35,6,5,,6,0,1.0423
3,2,4,2,36,6,1,,4,0,0.8727
3,2,4,2,37,6,4,,3,0,0.9983
3,2,4,2,38,6,4,,6,0,1.1675
3,2,4,2,39,6,6,,4,0,0.8004
3,2,4,2,40,6,3,,3,1,1.2335
3,2,4,2,41,6,6,,6,1,0.8055
3,2,4,2,42,6,1,,1,1,1.3381
3,2,4,2,43,6,2,,2,1,1.0009
3,2,4,2,44,6,5,,5,1,1.0148
3,2,4,2,45,6,4,,4,1,0.9951
3,2,4,2,46,6,2,,2,1,0.8316
3,2,4,2,47,6,5,,4,0,1.1079
3,2,4,2,48,6,6,,3,0,1.3354
3,2,4,2,49,6,6,,6,1,0.7226
3,2,4,2,50,6,5,,4,0,0.9231
3,2,4,3,1,2,3,5,3,1,1.0445
3,2,4,3,2,2,4,1,4,1,0.8316
3,2,4,3,3,2,6,5,5,0,1.1233
3,2,4,3,4,2,6,2,6,1,0.855
3,2,4,3,5,2,1,2,1,1,1.6904
3,2,4,3,6,2,6,4,4,0,1.2433
3,2,4,3,7,2,4,6,6,0,1.0819
3,2,4,3,8,2,6,1,1,0,1.7263
3,2,4,3,9,2,2,5,2,1,0.9373
3,2,4,3,10,2,1,3,1,1,1.3211
3,2,4,3,11,2,5,2,5,1,1.2889
3,2,4,3,12,2,3,5,3,1,1.6102
3,2,4,3,13,2,1,4,4,0,1.0387
3,2,4,3,14,2,6,1,6,1,1.0141
3,2,4,3,15,2,2,4,2,1,1.1227
3,2,4,3,16,2,4,3,4,1,0.8109
3,2,4,3,17,2,5,2,5,1,0.9275
3,2,4,3,18,2,6,1,6,1,1.4071
3,2,4,3,19,2,2,4,4,0,1.6283
3,2,4,3,20,2,2,3,2,1,0.922
3,2,4,3,21,2,5,6,5,1,1.0986
3,2,4,3,22,2,1,2,1,1,1.2031
3,2,4,3,23,2,4,6,4,1,0.9034
3,2,4,3,24,2,3,4,3,1,1.0961
3,2,4,3,25,2,4,1,4,1,1.3134
3,2,4,3,26,2,1,4,1,1,1.1049
3,2,4,3,27,2,2,3,3,0,2.0741
3,2,4,3,28,2,3,5,3,1,1.0306
3,2,4,3,29,2,4,5,4,1,0.8501
3,2,4,3,30,2,3,4,3,1,1.1254
3,2,4,3,31,2,3,4,3,1,1.3732
3,2,4,3,32,2,3,1,1,0,1.5792
3,2,4,3,33,2,6,2,6,1,1.1477
3,2,4,3,34,2,1,6,1,1,1.0588
3,2,4,3,35,2,2,6,2,1,1.2297
3,2,4,3,36,2,3,1,3,1,1.3938
3,2,4,3,37,2,5,3,5,1,1.359
3,2,4,3,38,2,6,1,6,1,0.9898
3,2,4,3,39,2,2,5,2,1,1.1317
3,2,4,3,40,2,1,2,1,1,1.0751
3,2,4,3,41,2,6,3,6,1,0.7974
3,2,4,3,42,2,4,3,4,1,1.699
3,2,4,3,43,2,5,6,5,1,1.3466
3,2,4,3,44,2,2,1,2,1,1.0251
3,2,4,3,45,2,5,6,5,1,1.1974
3,2,4,3,46,2,5,4,4,0,1.3788
3,2,4,3,47,2,4,5,4,1,0.7313
3,2,4,3,48,2,1,4,4,0,1.1394
3,2,4,3,49,2,6,2,6,1,1.174
3,2,4,3,50,2,5,6,6,0,1.4688
3,2,4,4,1,6,1,,1,1,1.1197
3,2,4,4,2,6,1,,1,1,0.8238
3,2,4,4,3,6,3,,3,1,1.0207
3,2,4,4,4,6,5,,5,1,1.2251
3,2,4,4,5,6,2,,2,1,0.8453
3,2,4,4,6,6,1,,1,1,1.2
3,2,4,4,7,6,6,,5,0,0.901
3,2,4,4,8,6,6,,5,0,1.2342
3,2,4,4,9,6,1,,6,0,1.585
3,2,4,4,10,6,1,,6,0,1.266
3,2,4,4,11,6,4,,5,0,1.1994
3,2,4,4,12,6,6,,6,1,1.1511
3,2,4,4,13,6,2,,2,1,0.8546
3,2,4,4,14,6,4,,4,1,0.9053
3,2,4,4,15,6,5,,5,1,1.5465
3,2,4,4,16,6,3,,4,0,1.1689
3,2,4,4,17,6,6,,6,1,1.0275
3,2,4,4,18,6,2,,2,1,0.8946
3,2,4,4,19,6,4,,3,0,1.2482
3,2,4,4,20,6,4,,4,1,1.2463
3,2,4,4,21,6,2,,2,1,1.3451
3,2,4,4,22,6,3,,3,1,1.2638
3,2,4,4,23,6,1,,6,0,1.0579
3,2,4,4,24,6,1,,1,1,0.7764
3,2,4,4,25,6,5,,5,1,0.7976
3,2,4,4,26,6,4,,5,0,0.9787
3,2,4,4,27,6,3,,3,1,1.3718
3,2,4,4,28,6,3,,5,0,1.3541
3,2,4,4,29,6,2,,2,1,1.012
3,2,4,4,30,6,6,,2,0,1.4405
3,2,4,4,31,6,3,,1,0,1.1908
3,2,4,4,32,6,5,,5,1,1.0149
3,2,4,4,33,6,4,,1,0,2.1315
3,2,4,4,34,6,6,,4,0,1.0854
3,2,4,4,35,6,5,,5,1,0.7544
3,2,4,4,36,6,5,,1,0,1.0341
3,2,4,4,37,6,4,,4,1,1.3612
3,2,4,4,38,6,2,,2,1,0.8633
3,2,4,4,39,6,5,,3,0,1.2979
3,2,4,4,40,6,6,,6,1,0.9575
3,2,4,4,41,6,6,,3,0,1.2927
3,2,4,4,42,6,3,,3,1,1.2732
3,2,4,4,43,6,2,,2,1,0.7956
3,2,4,4,44,6,5,,6,0,1.8082
3,2,4,4,45,6,1,,1,1,1.4633
3,2,4,4,46,6,6,,1,0,1.7777
3,2,4,4,47,6,3,,5,0,1.0498
3,2,4,4,48,6,4,,4,1,0.9445
3,2,4,4,49,6,6,,6,1,1.1199
3,2,4,4,50,6,2,,2,1,1.7677
3,2,5,1,1,6,3,,3,1,1.0661
3,2,5,1,2,6,3,,3,1,1.0604
3,2,5,1,3,6,4,,4,1,0.9429
3,2,5,1,4,6,6,,6,1,1.023
3,2,5,1,5,6,6,,5,0,1.0511
3,2,5,1,6,6,1,,1,1,0.8178
3,2,5,1,7,6,2,,2,1,0.999
3,2,5,1,8,6,1,,3,0,0.9157
3,2,5,1,9,6,6,,6,1,0.8321
3,2,5,1,10,6,4,,4,1,0.9158
3,2,5,1,11,6,5,,5,1,0.7242
3,2,5,1,12,6,6,,6,1,0.7006
3,2,5,1,13,6,2,,2,1,0.9501
3,2,5,1,14,6,2,,2,1,0.9818
3,2,5,1,15,6,1,,2,0,0.8503
3,2,5,1,16,6,2,,2,1,0.7375
3,2,5,1,17,6,5,,5,1,0.7296
3,2,5,1,18,6,4,,5,0,0.7694
3,2,5,1,19,6,1,,4,0,0.9146
3,2,5,1,20,6,5,,5,1,0.735
3,2,5,1,21,6,4,,4,1,0.9185
3,2,5,1,22,6,3,,3,1,1.0632
3,2,5,1,23,6,2,,6,0,0.7694
3,2,5,1,24,6,6,,5,0,1.0284
3,2,5,1,25,6,1,,1,1,1.3236
3,2,5,1,26,6,3,,3,1,1.2273
3,2,5,1,27,6,5,,5,1,0.7995
3,2,5,1,28,6,2,,2,1,1.7486
3,2,5,1,29,6,3,,1,0,1.219
3,2,5,1,30,6,2,,5,0,0.9309
3,2,5,1,31,6,5,,5,1,0.6011
3,2,5,1,32,6,6,,5,0,0.8914
3,2,5,1,33,6,2,,2,1,1.097
3,2,5,1,34,6,6,,6,1,0.7696
3,2,5,1,35,6,6,,6,1,0.9206
3,2,5,1,36,6,3,,6,0,1.2731
3,2,5,1,37,6,6,,6,1,0.9662
3,2,5,1,38,6,1,,5,0,0.9165
3,2,5,1,39,6,6,,5,0,0.7522
3,2,5,1,40,6,1,,1,1,0.9957
3,2,5,1,41,6,4,,4,1,1.1364
3,2,5,1,42,6,5,,5,1,0.6482
3,2,5,1,43,6,4,,5,0,0.9319
3,2,5,1,44,6,3,,3,1,1.0226
3,2,5,1,45,6,3,,3,1,0.9713
3,2,5,1,46,6,5,,5,1,0.6817
3,2,5,1,47,6,1,,3,0,0.8357
3,2,5,1,48,6,4,,4,1,1.0753
3,2,5,1,49,6,5,,5,1,0.7967
3,2,5,1,50,6,4,,5,0,0.8023
3,2,5,2,1,2,1,4,1,1,0.9123
3,2,5,2,2,2,3,1,3,1,1.3931
3,2,5,2,3,2,6,4,6,1,0.9741
3,2,5,2,4,2,5,1,5,1,0.957
3,2,5,2,5,2,2,1,2,1,1.0844
3,2,5,2,6,2,1,5,1,1,0.7255
3,2,5,2,7,2,2,1,2,1,0.7824
3,2,5,2,8,2,4,3,4,1,0.7886
3,2,5,2,9,2,6,2,6,1,0.9707
3,2,5,2,10,2,4,3,3,0,1.4971
3,2,5,2,11,2,4,2,4,1,0.9093
3,2,5,2,12,2,2,6,2,1,0.8301
3,2,5,2,13,2,2,5,2,1,1.0417
3,2,5,2,14,2,6,4,6,1,0.9878
3,2,5,2,15,2,6,2,6,1,2.0096
3,2,5,2,16,2,5,2,5,1,0.8458
3,2,5,2,17,2,1,6,1,1,1.617
3,2,5,2,18,2,2,6,2,1,0.8049
3,2,5,2,19,2,1,4,4,0,1.402
3,2,5,2,20,2,6,2,6,1,1.1383
3,2,5,2,21,2,1,3,1,1,0.7934
3,2,5,2,22,2,5,3,3,0,1.4718
3,2,5,2,23,2,4,5,4,1,1.0444
3,2,5,2,24,2,5,4,5,1,1.7126
3,2,5,2,25,2,3,6,3,1,1.2641
3,2,5,2,26,2,2,5,2,1,0.9141
3,2,5,2,27,2,5,1,5,1,1.0103
3,2,5,2,28,2,3,6,3,1,1.0713
3,2,5,2,29,2,4,5,4,1,0.937
3,2,5,2,30,2,1,4,1,1,0.8091
3,2,5,2,31,2,2,6,6,0,0.9094
3,2,5,2,32,2,3,1,3,1,1.034
3,2,5,2,33,2,4,2,4,1,2.0534
3,2,5,2,34,2,6,2,6,1,0.9032
3,2,5,2,35,2,5,4,5,1,0.9044
3,2,5,2,36,2,3,5,3,1,1.2737
3,2,5,2,37,2,3,5,3,1,1.4679
3,2,5,2,38,2,6,2,6,1,1.1581
3,2,5,2,39,2,5,1,5,1,0.9247
3,2,5,2,40,2,5,1,1,0,1.6448
3,2,5,2,41,2,3,6,6,0,1.2746
3,2,5,2,42,2,6,1,6,1,0.7123
3,2,5,2,43,2,4,2,4,1,0.8491
3,2,5,2,44,2,1,3,1,1,1.0121
3,2,5,2,45,2,1,6,6,0,1.2487
3,2,5,2,46,2,6,5,6,1,0.7187
3,2,5,2,47,2,4,6,4,1,1.2075
3,2,5,2,48,2,6,4,6,1,0.8921
3,2,5,2,49,2,2,6,2,1,1.1021
3,2,5,2,50,2,3,1,3,1,1.2708
3,2,5,3,1,6,4,,2,0,1.1268
3,2,5,3,2,6,1,,4,0,1.0817
3,2,5,3,3,6,2,,2,1,0.8788
3,2,5,3,4,6,3,,6,0,0.9451
3,2,5,3,5,6,6,,6,1,0.8109
3,2,5,3,6,6,1,,1,1,0.944
3,2,5,3,7,6,5,,2,0,1.2156
3,2,5,3,8,6,1,,1,1,0.9274
3,2,5,3,9,6,5,,6,0,0.7514
3,2,5,3,10,6,6,,4,0,0.9942
3,2,5,3,11,6,2,,2,1,1.0507
3,2,5,3,12,6,5,,5,1,0.886
3,2,5,3,13,6,6,,6,1,0.7434
3,2,5,3,14,6,3,,1,0,0.896
3,2,5,3,15,6,6,,6,1,0.7166
3,2,5,3,16,6,6,,6,1,0.8531
3,2,5,3,17,6,3,,3,1,1.4
3,2,5,3,18,6,1,,1,1,0.7566
3,2,5,3,19,6,6,,6,1,0.8441
3,2,5,3,20,6,4,,4,1,0.8807
3,2,5,3,21,6,5,,5,1,1.0573
3,2,5,3,22,6,2,,4,0,0.989
3,2,5,3,23,6,4,,3,0,1.4296
3,2,5,3,24,6,3,,1,0,1.0678
3,2,5,3,25,6,4,,2,0,1.4255
3,2,5,3,26,6,5,,3,0,0.8885
3,2,5,3,27,6,4,,2,0,1.2858
3,2,5,3,28,6,2,,2,1,0.818
3,2,5,3,29,6,3,,3,1,0.8867
3,2,5,3,30,6,6,,4,0,1.0803
3,2,5,3,31,6,3,,5,0,1.5015
3,2,5,3,32,6,1,,1,1,0.9141
3,2,5,3,33,6,1,,3,0,1.5224
3,2,5,3,34,6,5,,5,1,1.1253
3,2,5,3,35,6,2,,2,1,1.2614
3,2,5,3,36,6,1,,1,1,1.5197
3,2,5,3,37,6,3,,3,1,1.3676
3,2,5,3,38,6,5,,5,1,1.2858
3,2,5,3,39,6,4,,4,1,1.0797
3,2,5,3,40,6,5,,5,1,1.1694
3,2,5,3,41,6,2,,2,1,1.2867
3,2,5,3,42,6,6,,6,1,0.9838
3,2,5,3,43,6,1,,5,0,1.6375
3,2,5,3,44,6,4,,2,0,1.0765
3,2,5,3,45,6,2,,2,1,0.9537
3,2,5,3,46,6,3,,3,1,1.0968
3,2,5,3,47,6,6,,6,1,1.5209
3,2,5,3,48,6,2,,2,1,0.8889
3,2,5,3,49,6,6,,6,1,0.9712
3,2,5,3,50,6,4,,2,0,1.625
3,2,5,4,1,2,2,4,2,1,0.8376
3,2,5,4,2,2,2,1,2,1,0.9528
3,2,5,4,3,2,5,3,5,1,1.0471
3,2,5,4,4,2,4,1,4,1,0.7864
3,2,5,4,5,2,4,6,4,1,0.9199
3,2,5,4,6,2,6,1,6,1,0.793
3,2,5,4,7,2,6,2,6,1,0.7345
3,2,5,4,8,2,1,5,5,0,1.2866
3,2,5,4,9,2,6,5,6,1,0.9799
3,2,5,4,10,2,1,5,1,1,0.8018
3,2,5,4,11,2,2,3,2,1,0.7737
3,2,5,4,12,2,1,2,1,1,1.2925
3,2,5,4,13,2,2,5,5,0,0.8143
3,2,5,4,14,2,5,3,5,1,0.894
3,2,5,4,15,2,4,1,4,1,1.1506
3,2,5,4,16,2,6,4,4,0,1.3017
3,2,5,4,17,2,1,2,1,1,0.9304
3,2,5,4,18,2,5,6,5,1,1.4576
3,2,5,4,19,2,3,1,3,1,1.7726
3,2,5,4,20,2,4,1,4,1,0.9864
3,2,5,4,21,2,1,6,1,1,1.3999
3,2,5,4,22,2,2,4,2,1,1.1568
3,2,5,4,23,2,5,4,4,0,1.3558
3,2,5,4,24,2,6,3,6,1,0.8701
3,2,5,4,25,2,2,6,2,1,1.0164
3,2,5,4,26,2,3,5,3,1,1.0123
3,2,5,4,27,2,3,6,3,1,0.9294
3,2,5,4,28,2,1,6,1,1,1.4253
3,2,5,4,29,2,3,6,3,1,1.5326
3,2,5,4,30,2,3,2,3,1,1.9714
3,2,5,4,31,2,4,3,4,1,0.8409
3,2,5,4,32,2,2,5,2,1,1.7084
3,2,5,4,33,2,4,3,4,1,1.5165
3,2,5,4,34,2,3,1,3,1,1.2356
3,2,5,4,35,2,4,6,4,1,0.9353
3,2,5,4,36,2,5,1,5,1,0.7267
3,2,5,4,37,2,5,3,5,1,1.1194
3,2,5,4,38,2,6,4,4,0,1.6396
3,2,5,4,39,2,6,3,3,0,1.255
3,2,5,4,40,2,6,5,5,0,1.653
3,2,5,4,41,2,1,2,1,1,2.4505
3,2,5,4,42,2,6,1,6,1,1.3638
3,2,5,4,43,2,2,3,2,1,2.0977
3,2,5,4,44,2,3,6,6,0,1.345
3,2,5,4,45,2,5,3,5,1,1.1639
3,2,5,4,46,2,6,4,4,0,1.282
3,2,5,4,47,2,1,2,1,1,0.9909
3,2,5,4,48,2,4,6,4,1,1.1009
3,2,5,4,49,2,3,1,3,1,1.8294
3,2,5,4,50,2,5,4,5,1,0.8323
3,3,1,1,1,6,4,,4,1,2.3818
3,3,1,1,2,6,2,,2,1,0.8976
3,3,1,1,3,6,2,,2,1,1.1063
3,3,1,1,4,6,1,,1,1,0.9554
3,3,1,1,5,6,3,,3,1,1.2746
3,3,1,1,6,6,1,,2,0,0.9245
3,3,1,1,7,6,3,,2,0,1.2238
3,3,1,1,8,6,4,,3,0,1.3026
3,3,1,1,9,6,6,,6,1,1.0755
3,3,1,1,10,6,6,,6,1,0.878
3,3,1,1,11,6,5,,5,1,1.1845
3,3,1,1,12,6,5,,5,1,1.4618
3,3,1,1,13,6,5,,5,1,1.3608
3,3,1,1,14,6,5,,3,0,1.0075
3,3,1,1,15,6,5,,5,1,1.3997
3,3,1,1,16,6,4,,4,1,1.0279
3,3,1,1,17,6,5,,5,1,0.8483
3,3,1,1,18,6,6,,2,0,1.6523
3,3,1,1,19,6,4,,1,0,1.2975
3,3,1,1,20,6,2,,2,1,0.9102
3,3,1,1,21,6,6,,4,0,1.3118
3,3,1,1,22,6,6,,6,1,0.86
3,3,1,1,23,6,2,,2,1,0.7666
3,3,1,1,24,6,4,,4,1,0.8215
3,3,1,1,25,6,6,,6,1,0.8099
3,3,1,1,26,6,1,,4,0,2.1278
3,3,1,1,27,6,6,,6,1,1.1304
3,3,1,1,28,6,2,,2,1,0.8017
3,3,1,1,29,6,3,,3,1,1.0314
3,3,1,1,30,6,1,,1,1,0.8512
3,3,1,1,31,6,6,,3,0,0.9185
3,3,1,1,32,6,4,,1,0,0.994
3,3,1,1,33,6,5,,6,0,1.2274
3,3,1,1,34,6,1,,1,1,0.8753
3,3,1,1,35,6,6,,4,0,1.0058
3,3,1,1,36,6,4,,2,0,1.0778
3,3,1,1,37,6,1,,1,1,0.8116
3,3,1,1,38,6,6,,6,1,0.8974
3,3,1,1,39,6,2,,2,1,0.8824
3,3,1,1,40,6,1,,1,1,0.9647
3,3,1,1,41,6,4,,3,0,1.4105
3,3,1,1,42,6,3,,3,1,1.0193
3,3,1,1,43,6,2,,2,1,1.0478
3,3,1,1,44,6,1,,1,1,1.0746
3,3,1,1,45,6,2,,2,1,1.0364
3,3,1,1,46,6,5,,5,1,0.9047
3,3,1,1,47,6,3,,3,1,0.9692
3,3,1,1,48,6,3,,3,1,0.9525
3,3,1,1,49,6,3,,2,0,1.6871
3,3,1,1,50,6,3,,3,1,0.9158
3,3,1,2,1,2,2,5,2,1,0.8649
3,3,1,2,2,2,5,3,3,0,1.6036
3,3,1,2,3,2,4,5,4,1,1.3801
3,3,1,2,4,2,6,1,1,0,1.2337
3,3,1,2,5,2,1,3,1,1,1.0087
3,3,1,2,6,2,4,1,4,1,1.6135
3,3,1,2,7,2,3,2,3,1,1.1541
3,3,1,2,8,2,5,3,5,1,1.2894
3,3,1,2,9,2,4,5,4,1,0.8907
3,3,1,2,10,2,3,4,3,1,0.8916
3,3,1,2,11,2,4,3,4,1,0.8622
3,3,1,2,12,2,2,3,2,1,0.9613
3,3,1,2,13,2,1,4,1,1,1.1042
3,3,1,2,14,2,2,3,2,1,1.0011
3,3,1,2,15,2,6,3,6,1,2.0702
3,3,1,2,16,2,1,3,1,1,0.8076
3,3,1,2,17,2,2,5,2,1,1.117
3,3,1,2,18,2,6,5,6,1,1.0136
3,3,1,2,19,2,6,5,6,1,1.0733
3,3,1,2,20,2,5,3,5,1,0.9564
3,3,1,2,21,2,4,6,4,1,0.9236
3,3,1,2,22,2,4,1,4,1,1.0515
3,3,1,2,23,2,2,1,2,1,0.9985
3,3,1,2,24,2,5,4,5,1,1.1242
3,3,1,2,25,2,6,1,6,1,0.9721
3,3,1,2,26,2,2,3,3,0,1.8823
3,3,1,2,27,2,4,2,4,1,1.0546
3,3,1,2,28,2,3,6,6,0,1.0181
3,3,1,2,29,2,4,5,4,1,1.2498
3,3,1,2,30,2,3,2,3,1,0.9647
3,3,1,2,31,2,3,1,3,1,1.3315
3,3,1,2,32,2,5,1,5,1,0.8343
3,3,1,2,33,2,5,2,5,1,1.6223
3,3,1,2,34,2,6,4,4,0,1.1466
3,3,1,2,35,2,6,2,6,1,1.4362
3,3,1,2,36,2,1,5,5,0,0.9683
3,3,1,2,37,2,5,2,5,1,1.3139
3,3,1,2,38,2,1,2,1,1,1.2186
3,3,1,2,39,2,6,4,6,1,0.9345
3,3,1,2,40,2,1,6,1,1,0.8543
3,3,1,2,41,2,6,1,6,1,0.9216
3,3,1,2,42,2,3,1,3,1,1.1143
3,3,1,2,43,2,2,3,2,1,0.9794
3,3,1,2,44,2,6,3,6,1,0.8816
3,3,1,2,45,2,2,3,2,1,1.6522
3,3,1,2,46,2,1,6,6,0,2.1991
3,3,1,2,47,2,3,4,4,0,1.3584
3,3,1,2,48,2,3,5,3,1,0.9681
3,3,1,2,49,2,1,5,1,1,1.1427
3,3,1,2,50,2,5,1,5,1,1.1341
3,3,1,3,1,6,1,,3,0,1.508
3,3,1,3,2,6,3,,3,1,0.8721
3,3,1,3,3,6,6,,4,0,0.9223
3,3,1,3,4,6,5,,5,1,0.9019
3,3,1,3,5,6,2,,3,0,0.9839
3,3,1,3,6,6,6,,6,1,1.0888
3,3,1,3,7,6,3,,1,0,1.1944
3,3,1,3,8,6,4,,4,1,0.6836
3,3,1,3,9,6,1,,1,1,0.8857
3,3,1,3,10,6,1,,6,0,0.6797
3,3,1,3,11,6,6,,6,1,0.8293
3,3,1,3,12,6,4,,4,1,0.7055
3,3,1,3,13,6,3,,4,0,1.1791
3,3,1,3,14,6,3,,4,0,1.0363
3,3,1,3,15,6,4,,4,1,0.8994
3,3,1,3,16,6,1,,6,0,0.8366
3,3,1,3,17,6,5,,5,1,0.8194
3,3,1,3,18,6,3,,3,1,0.9371
3,3,1,3,19,6,5,,5,1,0.904
3,3,1,3,20,6,2,,6,0,0.8096
3,3,1,3,21,6,6,,6,1,0.794
3,3,1,3,22,6,4,,1,0,1.3283
3,3,1,3,23,6,5,,5,1,0.8431
3,3,1,3,24,6,4,,5,0,1.2949
3,3,1,3,25,6,2,,2,1,1.0998
3,3,1,3,26,6,6,,6,1,0.8844
3,3,1,3,27,6,6,,6,1,0.7901
3,3,1,3,28,6,2,,2,1,0.9086
3,3,1,3,29,6,6,,6,1,0.7495
3,3,1,3,30,6,6,,6,1,0.9009
3,3,1,3,31,6,5,,5,1,1.2058
3,3,1,3,32,6,5,,5,1,0.9706
3,3,1,3,33,6,4,,6,0,1.0173
3,3,1,3,34,6,4,,4,1,0.8338
3,3,1,3,35,6,1,,6,0,1.0618
3,3,1,3,36,6,4,,4,1,0.8592
3,3,1,3,37,6,5,,5,1,1.198
3,3,1,3,38,6,3,,6,0,0.8997
3,3,1,3,39,6,1,,1,1,1.152
3,3,1,3,40,6,1,,1,1,1.0145
3,3,1,3,41,6,2,,2,1,1.1713
3,3,1,3,42,6,2,,1,0,1.7213
3,3,1,3,43,6,6,,6,1,0.7236
3,3,1,3,44,6,2,,2,1,1.0208
3,3,1,3,45,6,1,,1,1,0.8256
3,3,1,3,46,6,3,,3,1,0.9416
3,3,1,3,47,6,2,,2,1,1.31
3,3,1,3,48,6,6,,6,1,0.7348
3,3,1,3,49,6,3,,6,0,0.9022
3,3,1,3,50,6,5,,1,0,1.5068
3,3,1,4,1,2,5,4,5,1,0.9971
3,3,1,4,2,2,1,5,1,1,1.3781
3,3,1,4,3,2,3,5,5,0,1.5837
3,3,1,4,4,2,6,4,6,1,0.8488
3,3,1,4,5,2,6,5,5,0,1.7636
3,3,1,4,6,2,6,5,6,1,1.1971
3,3,1,4,7,2,3,2,3,1,1.2976
3,3,1,4,8,2,4,6,6,0,1.1699
3,3,1,4,9,2,3,5,3,1,1.2677
3,3,1,4,10,2,5,2,5,1,0.8861
3,3,1,4,11,2,2,3,2,1,1.4956
3,3,1,4,12,2,5,4,5,1,1.3282
3,3,1,4,13,2,5,2,5,1,0.9765
3,3,1,4,14,2,4,5,4,1,1.775
3,3,1,4,15,2,2,6,2,1,1.0521
3,3,1,4,16,2,6,3,6,1,0.8715
3,3,1,4,17,2,1,5,1,1,0.9697
3,3,1,4,18,2,4,3,4,1,1.2872
3,3,1,4,19,2,6,4,6,1,0.9203
3,3,1,4,20,2,3,1,3,1,1.3371
3,3,1,4,21,2,2,3,2,1,1.1762
3,3,1,4,22,2,6,4,6,1,0.9584
3,3,1,4,23,2,4,5,4,1,1.1015
3,3,1,4,24,2,1,6,1,1,1.0791
3,3,1,4,25,2,5,2,5,1,0.9288
3,3,1,4,26,2,1,4,4,0,1.6481
3,3,1,4,27,2,5,2,5,1,0.862
3,3,1,4,28,2,5,3,5,1,0.8802
3,3,1,4,29,2,1,4,1,1,0.9142
3,3,1,4,30,2,2,5,5,0,0.9948
3,3,1,4,31,2,4,6,4,1,0.9392
3,3,1,4,32,2,3,5,3,1,2.2671
3,3,1,4,33,2,2,1,1,0,1.8761
3,3,1,4,34,2,1,6,6,0,0.9528
3,3,1,4,35,2,6,3,6,1,0.8358
3,3,1,4,36,2,1,5,1,1,1.0634
3,3,1,4,37,2,2,3,3,0,1.6822
3,3,1,4,38,2,4,1,4,1,1.1345
3,3,1,4,39,2,2,1,2,1,1.3499
3,3,1,4,40,2,2,6,6,0,2.1009
3,3,1,4,41,2,6,2,6,1,1.2318
3,3,1,4,42,2,6,3,6,1,1.0596
3,3,1,4,43,2,4,5,5,0,1.8546
3,3,1,4,44,2,3,4,3,1,1.1083
3,3,1,4,45,2,4,5,4,1,1.7735
3,3,1,4,46,2,1,3,3,0,1.5144
3,3,1,4,47,2,3,1,3,1,1.0539
3,3,1,4,48,2,3,2,3,1,1.273
3,3,1,4,49,2,5,2,5,1,0.9715
3,3,1,4,50,2,6,1,1,0,1.1939
3,3,2,1,1,2,6,1,6,1,0.9545
3,3,2,1,2,2,5,1,5,1,0.9058
3,3,2,1,3,2,3,4,4,0,1.7706
3,3,2,1,4,2,6,1,1,0,1.3158
3,3,2,1,5,2,2,3,2,1,1.1197
3,3,2,1,6,2,5,2,5,1,0.9999
3,3,2,1,7,2,3,6,3,1,1.1248
3,3,2,1,8,2,1,6,1,1,0.8295
3,3,2,1,9,2,2,4,2,1,0.9609
3,3,2,1,10,2,3,1,3,1,1.0563
3,3,2,1,11,2,1,5,1,1,0.8432
3,3,2,1,12,2,1,5,1,1,0.8474
3,3,2,1,13,2,6,5,6,1,0.8344
3,3,2,1,14,2,3,1,3,1,1.0147
3,3,2,1,15,2,3,1,3,1,1.2663
3,3,2,1,16,2,3,2,3,1,1.8122
3,3,2,1,17,2,6,1,6,1,0.9286
3,3,2,1,18,2,1,3,1,1,1.2002
3,3,2,1,19,2,4,5,4,1,1.1895
3,3,2,1,20,2,2,3,2,1,0.9707
3,3,2,1,21,2,4,6,4,1,1.1449
3,3,2,1,22,2,5,4,5,1,1.5531
3,3,2,1,23,2,5,2,5,1,1.0637
3,3,2,1,24,2,5,3,5,1,1.2021
3,3,2,1,25,2,3,5,3,1,1.5586
3,3,2,1,26,2,5,4,4,0,1.7568
3,3,2,1,27,2,2,5,2,1,0.9186
3,3,2,1,28,2,4,6,6,0,1.2232
3,3,2,1,29,2,2,1,2,1,0.9994
3,3,2,1,30,2,6,5,6,1,0.8686
3,3,2,1,31,2,2,1,2,1,1.047
3,3,2,1,32,2,4,6,4,1,0.8657
3,3,2,1,33,2,6,2,6,1,1.4608
3,3,2,1,34,2,2,5,2,1,2.2874
3,3,2,1,35,2,1,3,1,1,0.9035
3,3,2,1,36,2,1,4,1,1,1.0805
3,3,2,1,37,2,1,5,1,1,0.8822
3,3,2,1,38,2,2,6,2,1,0.932
3,3,2,1,39,2,4,2,4,1,0.9005
3,3,2,1,40,2,6,4,4,0,1.3172
3,3,2,1,41,2,6,5,6,1,0.8477
3,3,2,1,42,2,5,3,5,1,0.9475
3,3,2,1,43,2,5,4,5,1,0.8985
3,3,2,1,44,2,4,1,4,1,1.092
3,3,2,1,45,2,3,5,3,1,1.1498
3,3,2,1,46,2,6,3,6,1,0.916
3,3,2,1,47,2,1,4,4,0,1.6525
3,3,2,1,48,2,4,5,5,0,1.5871
3,3,2,1,49,2,6,5,6,1,0.7705
3,3,2,1,50,2,4,6,4,1,1.6411
3,3,2,2,1,6,5,,5,1,1.5144
3,3,2,2,2,6,5,,5,1,1.2181
3,3,2,2,3,6,3,,3,1,0.9823
3,3,2,2,4,6,3,,3,1,1.4116
3,3,2,2,5,6,2,,2,1,0.8649
3,3,2,2,6,6,5,,5,1,0.9155
3,3,2,2,7,6,4,,3,0,1.06
3,3,2,2,8,6,4,,4,1,1.0824
3,3,2,2,9,6,5,,5,1,0.852
3,3,2,2,10,6,3,,3,1,1.3355
3,3,2,2,11,6,6,,6,1,1.1262
3,3,2,2,12,6,4,,5,0,0.9428
3,3,2,2,13,6,2,,2,1,1.0658
3,3,2,2,14,6,1,,1,1,1.0115
3,3,2,2,15,6,4,,5,0,1.6328
3,3,2,2,16,6,6,,6,1,0.8623
3,3,2,2,17,6,6,,6,1,0.9305
3,3,2,2,18,6,2,,2,1,1.0419
3,3,2,2,19,6,3,,3,1,0.9413
3,3,2,2,20,6,4,,4,1,0.9577
3,3,2,2,21,6,6,,6,1,0.8607
3,3,2,2,22,6,2,,2,1,0.9441
3,3,2,2,23,6,4,,4,1,0.8956
3,3,2,2,24,6,1,,2,0,1.2334
3,3,2,2,25,6,6,,6,1,0.8638
3,3,2,2,26,6,6,,2,0,1.0107
3,3,2,2,27,6,1,,1,1,1.3383
3,3,2,2,28,6,4,,4,1,1.002
3,3,2,2,29,6,5,,4,0,1.3191
3,3,2,2,30,6,6,,5,0,1.2184
3,3,2,2,31,6,1,,4,0,1.3939
3,3,2,2,32,6,3,,3,1,1.8022
3,3,2,2,33,6,5,,5,1,0.79
3,3,2,2,34,6,6,,6,1,0.7799
3,3,2,2,35,6,3,,3,1,1.7949
3,3,2,2,36,6,1,,4,0,0.9911
3,3,2,2,37,6,2,,2,1,1.0
3,3,2,2,38,6,2,,2,1,0.7894
3,3,2,2,39,6,3,,1,0,1.3069
3,3,2,2,40,6,2,,2,1,0.9988
3,3,2,2,41,6,3,,2,0,0.9805
3,3,2,2,42,6,6,,2,0,1.3896
3,3,2,2,43,6,5,,5,1,0.9188
3,3,2,2,44,6,1,,1,1,0.8711
3,3,2,2,45,6,5,,5,1,0.9699
3,3,2,2,46,6,4,,4,1,1.0154
3,3,2,2,47,6,6,,6,1,1.0271
3,3,2,2,48,6,2,,2,1,1.0232
3,3,2,2,49,6,1,,1,1,0.9881
3,3,2,2,50,6,1,,1,1,1.4972
3,3,2,3,1,2,5,2,5,1,0.8958
3,3,2,3,2,2,3,5,3,1,0.9941
3,3,2,3,3,2,6,1,6,1,0.8633
3,3,2,3,4,2,3,1,1,0,1.1383
3,3,2,3,5,2,2,5,2,1,0.869
3,3,2,3,6,2,1,5,5,0,1.5597
3,3,2,3,7,2,6,5,5,0,1.1139
3,3,2,3,8,2,2,3,3,0,1.7896
3,3,2,3,9,2,4,6,4,1,0.918
3,3,2,3,10,2,6,4,4,0,1.3989
3,3,2,3,11,2,5,2,5,1,1.9023
3,3,2,3,12,2,5,4,5,1,1.2869
3,3,2,3,13,2,5,2,5,1,1.2561
3,3,2,3,14,2,2,3,2,1,1.1626
3,3,2,3,15,2,3,1,3,1,1.4422
3,3,2,3,16,2,4,6,4,1,1.5649
3,3,2,3,17,2,1,2,1,1,0.979
3,3,2,3,18,2,6,3,6,1,0.8497
3,3,2,3,19,2,2,6,2,1,1.0762
3,3,2,3,20,2,6,1,6,1,1.6144
3,3,2,3,21,2,5,6,5,1,1.0737
3,3,2,3,22,2,2,5,5,0,1.2435
3,3,2,3,23,2,2,5,2,1,1.3543
3,3,2,3,24,2,3,2,2,0,1.6892
3,3,2,3,25,2,3,5,3,1,1.0933
3,3,2,3,26,2,5,3,5,1,0.847
3,3,2,3,27,2,4,3,4,1,1.0583
3,3,2,3,28,2,4,5,4,1,1.1332
3,3,2,3,29,2,4,3,4,1,1.765
3,3,2,3,30,2,1,5,1,1,0.9627
3,3,2,3,31,2,1,5,1,1,1.1361
3,3,2,3,32,2,1,4,1,1,1.0801
3,3,2,3,33,2,6,1,6,1,0.9133
3,3,2,3,34,2,1,2,1,1,0.8818
3,3,2,3,35,2,6,3,3,0,2.4837
3,3,2,3,36,2,6,2,6,1,1.2306
3,3,2,3,37,2,1,3,1,1,1.1229
3,3,2,3,38,2,4,1,1,0,1.5627
3,3,2,3,39,2,4,6,4,1,0.8762
3,3,2,3,40,2,2,4,4,0,1.3267
3,3,2,3,41,2,5,6,5,1,2.0087
3,3,2,3,42,2,5,6,5,1,1.0848
3,3,2,3,43,2,2,1,2,1,1.2388
3,3,2,3,44,2,4,5,4,1,1.482
3,3,2,3,45,2,1,5,5,0,1.4588
3,3,2,3,46,2,3,2,3,1,1.0006
3,3,2,3,47,2,6,1,6,1,0.8696
3,3,2,3,48,2,6,5,6,1,1.0005
3,3,2,3,49,2,3,2,3,1,0.9812
3,3,2,3,50,2,3,2,3,1,0.9952
3,3,2,4,1,6,6,,6,1,0.8781
3,3,2,4,2,6,5,,5,1,0.9279
3,3,2,4,3,6,5,,1,0,0.9113
3,3,2,4,4,6,2,,2,1,0.8591
3,3,2,4,5,6,6,,6,1,0.8774
3,3,2,4,6,6,1,,1,1,0.9127
3,3,2,4,7,6,1,,6,0,0.9766
3,3,2,4,8,6,3,,3,1,1.4661
3,3,2,4,9,6,4,,4,1,0.9482
3,3,2,4,10,6,3,,4,0,0.8663
3,3,2,4,11,6,1,,1,1,0.7687
3,3,2,4,12,6,4,,1,0,0.9835
3,3,2,4,13,6,5,,5,1,1.0239
3,3,2,4,14,6,3,,4,0,1.0207
3,3,2,4,15,6,5,,6,0,1.1723
3,3,2,4,16,6,5,,5,1,0.9181
3,3,2,4,17,6,6,,6,1,0.9017
3,3,2,4,18,6,6,,6,1,0.8236
3,3,2,4,19,6,2,,2,1,0.812
3,3,2,4,20,6,3,,3,1,1.2012
3,3,2,4,21,6,2,,2,1,1.5898
3,3,2,4,22,6,3,,3,1,1.0027
3,3,2,4,23,6,3,,3,1,1.2082
3,3,2,4,24,6,5,,5,1,1.2131
3,3,2,4,25,6,2,,2,1,1.1201
3,3,2,4,26,6,4,,2,0,1.0002
3,3,2,4,27,6,2,,2,1,0.9613
3,3,2,4,28,6,4,,4,1,0.8795
3,3,2,4,29,6,6,,5,0,1.1054
3,3,2,4,30,6,1,,1,1,1.3814
3,3,2,4,31,6,6,,1,0,1.1551
3,3,2,4,32,6,5,,5,1,0.8853
3,3,2,4,33,6,3,,1,0,1.2877
3,3,2,4,34,6,4,,4,1,0.7884
3,3,2,4,35,6,4,,4,1,0.7781
3,3,2,4,36,6,6,,6,1,0.8483
3,3,2,4,37,6,5,,5,1,0.8036
3,3,2,4,38,6,6,,6,1,1.0013
3,3,2,4,39,6,1,,1,1,0.9824
3,3,2,4,40,6,6,,6,1,0.8994
3,3,2,4,41,6,3,,3,1,0.901
3,3,2,4,42,6,1,,1,1,0.8219
3,3,2,4,43,6,2,,2,1,0.9059
3,3,2,4,44,6,4,,6,0,1.0199
3,3,2,4,45,6,2,,2,1,0.7557
3,3,2,4,46,6,2,,2,1,1.0831
3,3,2,4,47,6,1,,6,0,0.8041
3,3,2,4,48,6,4,,4,1,0.8211
3,3,2,4,49,6,6,,6,1,0.6344
3,3,2,4,50,6,1,,1,1,0.9818
3,3,3,1,1,6,4,,4,1,0.9592
3,3,3,1,2,6,6,,6,1,0.798
3,3,3,1,3,6,2,,2,1,0.8518
3,3,3,1,4,6,3,,3,1,0.903
3,3,3,1,5,6,4,,4,1,0.728
3,3,3,1,6,6,2,,3,0,0.9436
3,3,3,1,7,6,2,,3,0,1.1793
3,3,3,1,8,6,6,,6,1,0.8446
3,3,3,1,9,6,6,,6,1,0.8805
3,3,3,1,10,6,5,,5,1,0.9469
3,3,3,1,11,6,3,,1,0,0.9141
3,3,3,1,12,6,4,,4,1,1.1658
3,3,3,1,13,6,5,,5,1,0.8525
3,3,3,1,14,6,6,,6,1,0.8397
3,3,3,1,15,6,1,,1,1,1.0999
3,3,3,1,16,6,1,,1,1,0.9967
3,3,3,1,17,6,6,,6,1,0.8964
3,3,3,1,18,6,1,,6,0,1.1212
3,3,3,1,19,6,5,,4,0,1.1256
3,3,3,1,20,6,4,,4,1,1.0808
3,3,3,1,21,6,2,,2,1,1.0734
3,3,3,1,22,6,1,,1,1,1.1316
3,3,3,1,23,6,5,,5,1,0.9157
3,3,3,1,24,6,2,,2,1,1.1876
3,3,3,1,25,6,5,,2,0,1.4974
3,3,3,1,26,6,2,,6,0,0.7017
3,3,3,1,27,6,3,,3,1,0.818
3,3,3,1,28,6,1,,6,0,0.9032
3,3,3,1,29,6,5,,5,1,0.7559
3,3,3,1,30,6,1,,5,0,1.1473
3,3,3,1,31,6,6,,6,1,0.8451
3,3,3,1,32,6,5,,5,1,1.0083
3,3,3,1,33,6,3,,4,0,1.1809
3,3,3,1,34,6,1,,5,0,1.0858
3,3,3,1,35,6,3,,3,1,1.3308
3,3,3,1,36,6,6,,6,1,0.8028
3,3,3,1,37,6,4,,4,1,1.2884
3,3,3,1,38,6,3,,3,1,0.9377
3,3,3,1,39,6,4,,4,1,0.9365
3,3,3,1,40,6,5,,5,1,0.7445
3,3,3,1,41,6,6,,6,1,0.7841
3,3,3,1,42,6,6,,6,1,1.0135
3,3,3,1,43,6,2,,2,1,0.8026
3,3,3,1,44,6,3,,4,0,1.6703
3,3,3,1,45,6,4,,4,1,0.7877
3,3,3,1,46,6,6,,2,0,1.7225
3,3,3,1,47,6,1,,6,0,0.9646
3,3,3,1,48,6,3,,3,1,0.8141
3,3,3,1,49,6,2,,2,1,1.4595
3,3,3,1,50,6,4,,4,1,0.8772
3,3,3,2,1,2,5,6,5,1,1.3261
3,3,3,2,2,2,2,3,2,1,1.1492
3,3,3,2,3,2,4,2,4,1,0.8993
3,3,3,2,4,2,3,5,3,1,1.0289
3,3,3,2,5,2,1,2,1,1,1.552
3,3,3,2,6,2,5,6,5,1,1.8465
3,3,3,2,7,2,2,4,2,1,1.0901
3,3,3,2,8,2,3,5,5,0,2.1077
3,3,3,2,9,2,3,2,3,1,1.2548
3,3,3,2,10,2,6,1,6,1,1.2097
3,3,3,2,11,2,2,4,2,1,1.0529
3,3,3,2,12,2,4,1,4,1,0.808
3,3,3,2,13,2,2,4,2,1,0.8771
3,3,3,2,14,2,1,4,1,1,1.0076
3,3,3,2,15,2,3,5,3,1,1.0848
3,3,3,2,16,2,4,5,5,0,1.4782
3,3,3,2,17,2,1,3,1,1,1.0825
3,3,3,2,18,2,5,6,6,0,1.9089
3,3,3,2,19,2,4,1,4,1,1.1597
3,3,3,2,20,2,5,4,5,1,1.1827
3,3,3,2,21,2,3,1,3,1,1.5403
3,3,3,2,22,2,4,6,6,0,1.7233
3,3,3,2,23,2,4,2,4,1,1.03
3,3,3,2,24,2,5,1,5,1,1.4575
3,3,3,2,25,2,1,2,1,1,0.8437
3,3,3,2,26,2,3,2,3,1,1.7108
3,3,3,2,27,2,6,1,6,1,1.8708
3,3,3,2,28,2,6,3,3,0,1.9761
3,3,3,2,29,2,2,6,2,1,0.9366
3,3,3,2,30,2,1,4,1,1,0.8722
3,3,3,2,31,2,6,1,1,0,1.1148
3,3,3,2,32,2,5,3,5,1,1.2625
3,3,3,2,33,2,6,3,6,1,0.9289
3,3,3,2,34,2,5,2,5,1,1.1683
3,3,3,2,35,2,5,2,5,1,1.0632
3,3,3,2,36,2,4,1,4,1,1.2334
3,3,3,2,37,2,6,3,6,1,0.7889
3,3,3,2,38,2,1,6,1,1,1.131
3,3,3,2,39,2,6,5,6,1,0.8499
3,3,3,2,40,2,6,5,6,1,0.9166
3,3,3,2,41,2,2,1,2,1,1.1736
3,3,3,2,42,2,4,2,4,1,1.2437
3,3,3,2,43,2,2,5,2,1,1.1508
3,3,3,2,44,2,1,4,1,1,0.8063
3,3,3,2,45,2,1,3,1,1,0.9555
3,3,3,2,46,2,3,6,3,1,1.5786
3,3,3,2,47,2,2,3,2,1,1.0234
3,3,3,2,48,2,6,3,6,1,0.8921
3,3,3,2,49,2,6,2,6,1,1.086
3,3,3,2,50,2,3,2,3,1,1.1122
3,3,3,3,1,6,4,,5,0,1.3582
3,3,3,3,2,6,6,,6,1,0.8072
3,3,3,3,3,6,5,,5,1,0.8443
3,3,3,3,4,6,3,,3,1,0.9125
3,3,3,3,5,6,2,,2,1,0.8641
3,3,3,3,6,6,5,,4,0,1.2992
3,3,3,3,7,6,4,,4,1,0.8308
3,3,3,3,8,6,2,,2,1,0.8352
3,3,3,3,9,6,2,,5,0,1.3509
3,3,3,3,10,6,6,,5,0,1.0251
3,3,3,3,11,6,5,,5,1,0.8721
3,3,3,3,12,6,6,,6,1,0.7942
3,3,3,3,13,6,4,,6,0,0.9128
3,3,3,3,14,6,6,,6,1,0.6999
3,3,3,3,15,6,2,,2,1,0.9338
3,3,3,3,16,6,5,,5,1,1.0932
3,3,3,3,17,6,6,,6,1,1.4549
3,3,3,3,18,6,1,,1,1,0.7928
3,3,3,3,19,6,4,,5,0,1.5349
3,3,3,3,20,6,3,,3,1,0.9938
3,3,3,3,21,6,1,,1,1,0.9113
3,3,3,3,22,6,5,,5,1,0.8007
3,3,3,3,23,6,1,,1,1,0.9336
3,3,3,3,24,6,6,,6,1,0.757
3,3,3,3,25,6,5,,5,1,1.2132
3,3,3,3,26,6,1,,1,1,0.945
3,3,3,3,27,6,5,,6,0,0.8485
3,3,3,3,28,6,6,,6,1,0.751
3,3,3,3,29,6,3,,4,0,0.8707
3,3,3,3,30,6,4,,3,0,1.9406
3,3,3,3,31,6,6,,6,1,0.7102
3,3,3,3,32,6,4,,5,0,1.4394
3,3,3,3,33,6,2,,3,0,1.9735
3,3,3,3,34,6,6,,6,1,0.6461
3,3,3,3,35,6,3,,6,0,1.0576
3,3,3,3,36,6,2,,2,1,0.7918
3,3,3,3,37,6,3,,6,0,0.9263
3,3,3,3,38,6,2,,2,1,0.953
3,3,3,3,39,6,3,,3,1,1.0649
3,3,3,3,40,6,1,,4,0,1.2987
3,3,3,3,41,6,3,,3,1,1.3264
3,3,3,3,42,6,3,,2,0,1.2781
3,3,3,3,43,6,6,,6,1,0.7793
3,3,3,3,44,6,1,,6,0,1.4257
3,3,3,3,45,6,1,,4,0,2.3764
3,3,3,3,46,6,1,,1,1,0.888
3,3,3,3,47,6,5,,2,0,1.0494
3,3,3,3,48,6,2,,2,1,1.1045
3,3,3,3,49,6,4,,4,1,0.9533
3,3,3,3,50,6,4,,4,1,0.8406
3,3,3,4,1,2,2,6,6,0,0.8582
3,3,3,4,2,2,3,2,2,0,1.2084
3,3,3,4,3,2,4,5,4,1,0.9678
3,3,3,4,4,2,1,3,3,0,0.8862
3,3,3,4,5,2,2,3,2,1,1.0118
3,3,3,4,6,2,6,5,5,0,0.88
3,3,3,4,7,2,6,2,6,1,1.0535
3,3,3,4,8,2,4,2,4,1,1.1607
3,3,3,4,9,2,1,4,1,1,0.9586
3,3,3,4,10,2,5,1,1,0,1.4698
3,3,3,4,11,2,4,3,4,1,1.3633
3,3,3,4,12,2,5,4,5,1,0.9293
3,3,3,4,13,2,5,3,5,1,1.5368
3,3,3,4,14,2,2,4,2,1,1.0485
3,3,3,4,15,2,1,4,1,1,0.8189
3,3,3,4,16,2,3,5,3,1,1.2072
3,3,3,4,17,2,3,5,3,1,1.0038
3,3,3,4,18,2,3,5,3,1,1.5444
3,3,3,4,19,2,5,3,5,1,2.5594
3,3,3,4,20,2,3,2,3,1,1.1488
3,3,3,4,21,2,1,6,1,1,1.1392
3,3,3,4,22,2,5,3,5,1,1.1306
3,3,3,4,23,2,5,3,5,1,1.7943
3,3,3,4,24,2,6,1,6,1,1.3592
3,3,3,4,25,2,2,6,2,1,1.1338
3,3,3,4,26,2,3,1,1,0,0.9812
3,3,3,4,27,2,1,4,4,0,1.3906
3,3,3,4,28,2,2,3,2,1,1.5109
3,3,3,4,29,2,6,3,6,1,0.8952
3,3,3,4,30,2,3,4,4,0,1.3927
3,3,3,4,31,2,4,6,4,1,1.5762
3,3,3,4,32,2,4,1,4,1,1.3573
3,3,3,4,33,2,1,5,1,1,1.0686
3,3,3,4,34,2,1,5,1,1,1.0949
3,3,3,4,35,2,5,1,5,1,1.3118
3,3,3,4,36,2,6,3,6,1,1.7921
3,3,3,4,37,2,2,6,2,1,0.9724
3,3,3,4,38,2,6,4,6,1,0.8107
3,3,3,4,39,2,4,3,4,1,1.1836
3,3,3,4,40,2,6,5,6,1,1.0293
3,3,3,4,41,2,5,3,5,1,1.3455
3,3,3,4,42,2,4,2,4,1,0.8795
3,3,3,4,43,2,2,6,2,1,1.0255
3,3,3,4,44,2,2,4,2,1,0.9415
3,3,3,4,45,2,4,1,4,1,1.1808
3,3,3,4,46,2,6,1,1,0,1.1388
3,3,3,4,47,2,1,5,1,1,0.9661
3,3,3,4,48,2,6,5,6,1,0.8204
3,3,3,4,49,2,3,1,3,1,0.9532
3,3,3,4,50,2,6,3,6,1,0.8558
3,3,4,1,1,2,3,5,3,1,1.2473
3,3,4,1,2,2,4,2,4,1,0.8338
3,3,4,1,3,2,5,3,5,1,1.4136
3,3,4,1,4,2,4,6,4,1,1.0429
3,3,4,1,5,2,5,4,5,1,0.862
3,3,4,1,6,2,6,2,6,1,1.1679
3,3,4,1,7,2,6,1,6,1,0.7584
3,3,4,1,8,2,1,2,1,1,0.893
3,3,4,1,9,2,6,2,6,1,0.7349
3,3,4,1,10,2,1,3,1,1,1.495
3,3,4,1,11,2,1,5,5,0,1.5036
3,3,4,1,12,2,2,1,2,1,1.4598
3,3,4,1,13,2,5,3,5,1,1.4223
3,3,4,1,14,2,5,1,5,1,1.0977
3,3,4,1,15,2,1,6,1,1,1.2669
3,3,4,1,16,2,6,5,6,1,0.9165
3,3,4,1,17,2,3,4,3,1,1.0452
3,3,4,1,18,2,6,1,6,1,0.8325
3,3,4,1,19,2,5,1,5,1,0.9803
3,3,4,1,20,2,2,6,2,1,1.1072
3,3,4,1,21,2,4,1,1,0,1.0196
3,3,4,1,22,2,1,3,1,1,1.4114
3,3,4,1,23,2,3,5,3,1,1.5047
3,3,4,1,24,2,3,1,3,1,1.289
3,3,4,1,25,2,5,2,5,1,1.1305
3,3,4,1,26,2,5,2,5,1,0.899
3,3,4,1,27,2,2,5,2,1,1.0119
3,3,4,1,28,2,2,6,6,0,1.2793
3,3,4,1,29,2,4,2,4,1,0.8294
3,3,4,1,30,2,3,2,2,0,1.1376
3,3,4,1,31,2,4,6,4,1,0.8841
3,3,4,1,32,2,2,6,2,1,1.0625
3,3,4,1,33,2,6,1,6,1,0.9927
3,3,4,1,34,2,1,6,1,1,0.9422
3,3,4,1,35,2,6,4,4,0,1.07
3,3,4,1,36,2,3,5,3,1,1.5241
3,3,4,1,37,2,6,5,6,1,0.9394
3,3,4,1,38,2,4,1,4,1,0.9225
3,3,4,1,39,2,6,3,6,1,1.2909
3,3,4,1,40,2,4,6,4,1,1.2603
3,3,4,1,41,2,2,3,2,1,1.1988
3,3,4,1,42,2,6,5,6,1,0.804
3,3,4,1,43,2,2,4,2,1,0.8411
3,3,4,1,44,2,3,5,5,0,1.4694
3,3,4,1,45,2,1,3,3,0,1.6987
3,3,4,1,46,2,4,2,4,1,1.2307
3,3,4,1,47,2,2,6,6,0,2.1149
3,3,4,1,48,2,1,5,1,1,1.501
3,3,4,1,49,2,5,2,5,1,1.1902
3,3,4,1,50,2,3,6,3,1,1.6437
3,3,4,2,1,6,5,,5,1,0.9394
3,3,4,2,2,6,5,,6,0,1.1633
3,3,4,2,3,6,3,,6,0,0.8931
3,3,4,2,4,6,6,,6,1,1.1615
3,3,4,2,5,6,3,,2,0,0.9597
3,3,4,2,6,6,4,,4,1,1.05
3,3,4,2,7,6,6,,6,1,0.8214
3,3,4,2,8,6,1,,1,1,0.7935
3,3,4,2,9,6,2,,5,0,0.9269
3,3,4,2,10,6,1,,4,0,0.9223
3,3,4,2,11,6,1,,6,0,0.9502
3,3,4,2,12,6,2,,2,1,1.0406
3,3,4,2,13,6,5,,1,0,0.8918
3,3,4,2,14,6,2,,4,0,0.8727
3,3,4,2,15,6,3,,5,0,1.4149
3,3,4,2,16,6,4,,4,1,1.038
3,3,4,2,17,6,4,,4,1,0.9539
3,3,4,2,18,6,3,,3,1,0.9364
3,3,4,2,19,6,2,,2,1,0.889
3,3,4,2,20,6,3,,3,1,1.0664
3,3,4,2,21,6,6,,6,1,0.8686
3,3,4,2,22,6,6,,6,1,0.9673
3,3,4,2,23,6,6,,6,1,0.8543
3,3,4,2,24,6,6,,6,1,1.1292
3,3,4,2,25,6,5,,5,1,0.9448
3,3,4,2,26,6,6,,6,1,0.8483
3,3,4,2,27,6,1,,1,1,1.0592
3,3,4,2,28,6,6,,6,1,0.9101
3,3,4,2,29,6,5,,5,1,0.8787
3,3,4,2,30,6,3,,4,0,0.9446
3,3,4,2,31,6,4,,4,1,0.8908
3,3,4,2,32,6,2,,2,1,1.1165
3,3,4,2,33,6,3,,3,1,1.0612
3,3,4,2,34,6,2,,2,1,1.3594
3,3,4,2,35,6,3,,6,0,1.1821
3,3,4,2,36,6,4,,2,0,1.2299
3,3,4,2,37,6,2,,2,1,0.9097
3,3,4,2,38,6,6,,3,0,1.3587
3,3,4,2,39,6,4,,5,0,1.3364
3,3,4,2,40,6,1,,1,1,0.9304
3,3,4,2,41,6,1,,1,1,0.8831
3,3,4,2,42,6,1,,1,1,0.9962
3,3,4,2,43,6,2,,2,1,0.8499
3,3,4,2,44,6,4,,4,1,0.8375
3,3,4,2,45,6,6,,3,0,1.0807
3,3,4,2,46,6,1,,1,1,0.8618
3,3,4,2,47,6,5,,1,0,1.2005
3,3,4,2,48,6,4,,4,1,0.705
3,3,4,2,49,6,5,,5,1,0.9702
3,3,4,2,50,6,5,,5,1,0.8733
3,3,4,3,1,2,3,2,3,1,1.0965
3,3,4,3,2,2,3,2,3,1,1.1056
3,3,4,3,3,2,4,3,4,1,0.9867
3,3,4,3,4,2,6,4,6,1,1.1445
3,3,4,3,5,2,5,2,5,1,1.0873
3,3,4,3,6,2,1,2,1,1,1.3364
3,3,4,3,7,2,4,6,4,1,0.9364
3,3,4,3,8,2,1,6,1,1,1.3204
3,3,4,3,9,2,5,2,5,1,0.8721
3,3,4,3,10,2,3,4,4,0,1.3391
3,3,4,3,11,2,3,6,3,1,1.0772
3,3,4,3,12,2,2,6,2,1,0.895
3,3,4,3,13,2,2,6,2,1,0.8799
3,3,4,3,14,2,5,2,5,1,0.7528
3,3,4,3,15,2,4,3,4,1,1.2888
3,3,4,3,16,2,6,4,6,1,1.274
3,3,4,3,17,2,5,3,5,1,0.7467
3,3,4,3,18,2,5,6,5,1,0.8177
3,3,4,3,19,2,6,3,6,1,0.6787
3,3,4,3,20,2,6,2,6,1,0.8973
3,3,4,3,21,2,1,4,1,1,1.2818
3,3,4,3,22,2,3,6,3,1,1.9076
3,3,4,3,23,2,3,6,6,0,1.2418
3,3,4,3,24,2,1,4,1,1,0.9363
3,3,4,3,25,2,4,5,5,0,0.9847
3,3,4,3,26,2,4,1,4,1,0.8175
3,3,4,3,27,2,3,4,3,1,1.3024
3,3,4,3,28,2,6,5,5,0,1.4791
3,3,4,3,29,2,3,1,3,1,1.5954
3,3,4,3,30,2,6,5,6,1,1.7911
3,3,4,3,31,2,6,5,6,1,1.7242
3,3,4,3,32,2,1,5,5,0,1.1475
3,3,4,3,33,2,2,6,6,0,1.6775
3,3,4,3,34,2,4,1,4,1,1.1943
3,3,4,3,35,2,2,1,2,1,1.983
3,3,4,3,36,2,5,1,5,1,0.8836
3,3,4,3,37,2,2,1,2,1,1.9739
3,3,4,3,38,2,2,1,1,0,1.7382
3,3,4,3,39,2,6,2,6,1,1.2199
3,3,4,3,40,2,6,1,6,1,1.1758
3,3,4,3,41,2,4,5,4,1,1.5021
3,3,4,3,42,2,1,5,5,0,1.0145
3,3,4,3,43,2,2,1,2,1,1.0382
3,3,4,3,44,2,5,6,5,1,0.8097
3,3,4,3,45,2,2,5,2,1,0.8779
3,3,4,3,46,2,1,3,1,1,0.8796
3,3,4,3,47,2,5,4,5,1,0.6898
3,3,4,3,48,2,1,2,1,1,1.4991
3,3,4,3,49,2,4,1,4,1,0.8999
3,3,4,3,50,2,6,3,3,0,1.7652
3,3,4,4,1,6,5,,5,1,0.9066
3,3,4,4,2,6,4,,4,1,0.8272
3,3,4,4,3,6,2,,2,1,0.9278
3,3,4,4,4,6,5,,5,1,0.7834
3,3,4,4,5,6,1,,1,1,0.7413
3,3,4,4,6,6,4,,4,1,0.8451
3,3,4,4,7,6,2,,2,1,1.0396
3,3,4,4,8,6,5,,5,1,1.0341
3,3,4,4,9,6,6,,6,1,0.8701
3,3,4,4,10,6,6,,6,1,0.8887
3,3,4,4,11,6,5,,5,1,1.0181
3,3,4,4,12,6,4,,6,0,1.3178
3,3,4,4,13,6,3,,3,1,1.0263
3,3,4,4,14,6,4,,4,1,1.1823
3,3,4,4,15,6,3,,3,1,1.3639
3,3,4,4,16,6,6,,6,1,0.9935
3,3,4,4,17,6,4,,3,0,1.0711
3,3,4,4,18,6,2,,2,1,0.837
3,3,4,4,19,6,6,,6,1,0.9529
3,3,4,4,20,6,6,,6,1,0.8722
3,3,4,4,21,6,2,,2,1,0.8586
3,3,4,4,22,6,2,,2,1,1.037
3,3,4,4,23,6,3,,3,1,1.3048
3,3,4,4,24,6,3,,3,1,0.8901
3,3,4,4,25,6,3,,3,1,0.8751
3,3,4,4,26,6,1,,3,0,0.8777
3,3,4,4,27,6,6,,6,1,0.6983
3,3,4,4,28,6,2,,2,1,0.9643
3,3,4,4,29,6,6,,6,1,0.7062
3,3,4,4,30,6,5,,3,0,1.1143
3,3,4,4,31,6,2,,2,1,0.8294
3,3,4,4,32,6,5,,3,0,0.9296
3,3,4,4,33,6,4,,1,0,1.0686
3,3,4,4,34,6,5,,5,1,0.7385
3,3,4,4,35,6,1,,3,0,0.9074
3,3,4,4,36,6,3,,3,1,0.9353
3,3,4,4,37,6,2,,2,1,0.8708
3,3,4,4,38,6,3,,3,1,1.0804
3,3,4,4,39,6,4,,3,0,0.9139
3,3,4,4,40,6,1,,1,1,0.8609
3,3,4,4,41,6,6,,6,1,0.9117
3,3,4,4,42,6,1,,1,1,0.9284
3,3,4,4,43,6,1,,1,1,0.9281
3,3,4,4,44,6,6,,6,1,0.736
3,3,4,4,45,6,6,,6,1,0.7434
3,3,4,4,46,6,1,,1,1,0.8319
3,3,4,4,47,6,1,,1,1,0.8683
3,3,4,4,48,6,4,,3,0,0.8707
3,3,4,4,49,6,3,,5,0,1.3321
3,3,4,4,50,6,5,,5,1,0.8638
3,3,5,1,1,6,6,,6,1,0.9602
3,3,5,1,2,6,1,,1,1,1.1664
3,3,5,1,3,6,6,,6,1,0.9164
3,3,5,1,4,6,2,,2,1,1.0292
3,3,5,1,5,6,1,,5,0,0.9449
3,3,5,1,6,6,5,,5,1,0.8915
3,3,5,1,7,6,1,,1,1,1.0061
3,3,5,1,8,6,3,,5,0,0.7296
3,3,5,1,9,6,6,,6,1,0.7333
3,3,5,1,10,6,4,,5,0,0.726
3,3,5,1,11,6,2,,6,0,1.0329
3,3,5,1,12,6,1,,3,0,1.1846
3,3,5,1,13,6,6,,6,1,0.7212
3,3,5,1,14,6,2,,2,1,1.1462
3,3,5,1,15,6,5,,5,1,0.8647
3,3,5,1,16,6,4,,4,1,0.9796
3,3,5,1,17,6,3,,3,1,0.8815
3,3,5,1,18,6,2,,3,0,0.995
3,3,5,1,19,6,6,,6,1,0.8287
3,3,5,1,20,6,4,,4,1,0.785
3,3,5,1,21,6,6,,4,0,0.8068
3,3,5,1,22,6,6,,6,1,0.9194
3,3,5,1,23,6,2,,2,1,1.1918
3,3,5,1,24,6,3,,3,1,1.005
3,3,5,1,25,6,1,,6,0,0.8572
3,3,5,1,26,6,5,,5,1,0.6633
3,3,5,1,27,6,5,,5,1,0.8981
3,3,5,1,28,6,4,,4,1,0.9627
3,3,5,1,29,6,1,,4,0,0.9769
3,3,5,1,30,6,4,,4,1,0.6499
3,3,5,1,31,6,4,,2,0,1.0609
3,3,5,1,32,6,3,,4,0,1.1307
3,3,5,1,33,6,4,,5,0,1.7893
3,3,5,1,34,6,5,,5,1,0.9975
3,3,5,1,35,6,5,,5,1,0.675
3,3,5,1,36,6,6,,6,1,0.9415
3,3,5,1,37,6,2,,2,1,1.1496
3,3,5,1,38,6,1,,1,1,0.8522
3,3,5,1,39,6,5,,4,0,0.9196
3,3,5,1,40,6,5,,4,0,0.8511
3,3,5,1,41,6,1,,1,1,1.2666
3,3,5,1,42,6,3,,3,1,1.1877
3,3,5,1,43,6,3,,1,0,0.9852
3,3,5,1,44,6,2,,2,1,1.2981
3,3,5,1,45,6,3,,3,1,1.0902
3,3,5,1,46,6,6,,6,1,1.4045
3,3,5,1,47,6,2,,2,1,1.0959
3,3,5,1,48,6,6,,1,0,1.265
3,3,5,1,49,6,4,,4,1,0.9429
3,3,5,1,50,6,3,,3,1,1.2143
3,3,5,2,1,2,3,6,3,1,0.9746
3,3,5,2,2,2,5,4,4,0,1.0372
3,3,5,2,3,2,1,5,1,1,1.284
3,3,5,2,4,2,4,5,4,1,0.9971
3,3,5,2,5,2,4,3,4,1,0.9466
3,3,5,2,6,2,6,1,1,0,1.4261
3,3,5,2,7,2,4,1,4,1,1.6244
3,3,5,2,8,2,2,3,2,1,0.9071
3,3,5,2,9,2,2,3,2,1,1.1172
3,3,5,2,10,2,6,4,4,0,1.413
3,3,5,2,11,2,4,2,4,1,1.1967
3,3,5,2,12,2,5,2,2,0,1.2974
3,3,5,2,13,2,5,3,5,1,0.8293
3,3,5,2,14,2,5,1,5,1,0.6008
3,3,5,2,15,2,3,4,4,0,1.2629
3,3,5,2,16,2,6,4,6,1,0.7649
3,3,5,2,17,2,2,3,2,1,0.851
3,3,5,2,18,2,2,6,2,1,0.9023
3,3,5,2,19,2,1,5,1,1,1.6401
3,3,5,2,20,2,1,3,3,0,1.0986
3,3,5,2,21,2,5,1,5,1,0.8785
3,3,5,2,22,2,1,2,1,1,1.168
3,3,5,2,23,2,3,4,3,1,0.9984
3,3,5,2,24,2,1,2,1,1,1.1238
3,3,5,2,25,2,6,3,6,1,0.7638
3,3,5,2,26,2,6,4,6,1,0.9457
3,3,5,2,27,2,5,2,5,1,0.7531
3,3,5,2,28,2,4,3,4,1,0.9844
3,3,5,2,29,2,4,6,4,1,0.9024
3,3,5,2,30,2,3,1,3,1,0.9673
3,3,5,2,31,2,5,6,5,1,1.2216
3,3,5,2,32,2,6,4,6,1,0.8574
3,3,5,2,33,2,2,3,3,0,1.4194
3,3,5,2,34,2,6,3,6,1,0.7389
3,3,5,2,35,2,4,2,4,1,1.4827
3,3,5,2,36,2,6,5,6,1,0.9481
3,3,5,2,37,2,6,4,6,1,0.7071
3,3,5,2,38,2,6,2,6,1,0.7473
3,3,5,2,39,2,3,5,3,1,1.3953
3,3,5,2,40,2,3,1,3,1,1.3279
3,3,5,2,41,2,2,1,2,1,1.2152
3,3,5,2,42,2,1,4,4,0,1.2357
3,3,5,2,43,2,1,6,1,1,1.2182
3,3,5,2,44,2,1,6,1,1,0.9187
3,3,5,2,45,2,3,5,3,1,1.1273
3,3,5,2,46,2,4,1,4,1,1.263
3,3,5,2,47,2,2,6,2,1,1.2335
3,3,5,2,48,2,3,2,3,1,1.1411
3,3,5,2,49,2,5,2,5,1,1.7248
3,3,5,2,50,2,2,6,2,1,1.1479
3,3,5,3,1,6,1,,4,0,1.1199
3,3,5,3,2,6,1,,1,1,1.0584
3,3,5,3,3,6,6,,6,1,0.9095
3,3,5,3,4,6,4,,4,1,0.8784
3,3,5,3,5,6,2,,2,1,1.0561
3,3,5,3,6,6,1,,1,1,0.8271
3,3,5,3,7,6,3,,1,0,0.9915
3,3,5,3,8,6,1,,1,1,1.048
3,3,5,3,9,6,5,,5,1,1.2031
3,3,5,3,10,6,5,,4,0,0.9837
3,3,5,3,11,6,2,,6,0,0.8163
3,3,5,3,12,6,2,,2,1,1.1366
3,3,5,3,13,6,4,,4,1,0.776
3,3,5,3,14,6,3,,6,0,1.07
3,3,5,3,15,6,1,,1,1,0.7716
3,3,5,3,16,6,4,,4,1,1.0826
3,3,5,3,17,6,3,,4,0,1.0123
3,3,5,3,18,6,3,,4,0,1.0517
3,3,5,3,19,6,1,,4,0,1.3949
3,3,5,3,20,6,6,,5,0,0.9061
3,3,5,3,21,6,4,,4,1,0.9337
3,3,5,3,22,6,3,,3,1,1.1894
3,3,5,3,23,6,6,,6,1,0.7626
3,3,5,3,24,6,6,,5,0,0.9451
3,3,5,3,25,6,3,,3,1,1.2756
3,3,5,3,26,6,3,,5,0,1.2612
3,3,5,3,27,6,2,,2,1,1.0345
3,3,5,3,28,6,2,,2,1,0.7744
3,3,5,3,29,6,1,,4,0,1.0687
3,3,5,3,30,6,1,,1,1,1.1219
3,3,5,3,31,6,5,,5,1,0.7131
3,3,5,3,32,6,5,,4,0,0.9618
3,3,5,3,33,6,5,,5,1,0.7476
3,3,5,3,34,6,2,,6,0,1.0583
3,3,5,3,35,6,3,,3,1,1.0802
3,3,5,3,36,6,6,,6,1,0.6732
3,3,5,3,37,6,6,,4,0,0.9876
3,3,5,3,38,6,4,,3,0,1.0768
3,3,5,3,39,6,5,,5,1,0.8095
3,3,5,3,40,6,6,,6,1,0.9742
3,3,5,3,41,6,5,,6,0,0.9883
3,3,5,3,42,6,4,,4,1,0.8047
3,3,5,3,43,6,6,,6,1,0.65
3,3,5,3,44,6,2,,2,1,0.9013
3,3,5,3,45,6,2,,3,0,1.095
3,3,5,3,46,6,6,,6,1,0.8265
3,3,5,3,47,6,4,,4,1,0.9433
3,3,5,3,48,6,6,,6,1,0.8631
3,3,5,3,49,6,4,,4,1,0.8496
3,3,5,3,50,6,5,,3,0,1.0116
3,3,5,4,1,2,3,4,4,0,1.2729
3,3,5,4,2,2,5,6,5,1,0.693
3,3,5,4,3,2,1,6,1,1,1.0863
3,3,5,4,4,2,2,3,3,0,1.3844
3,3,5,4,5,2,5,3,3,0,1.2803
3,3,5,4,6,2,6,1,1,0,1.3409
3,3,5,4,7,2,6,5,6,1,0.7914
3,3,5,4,8,2,4,5,4,1,0.7645
3,3,5,4,9,2,3,2,3,1,0.8993
3,3,5,4,10,2,6,1,6,1,0.9326
3,3,5,4,11,2,6,4,6,1,0.8844
3,3,5,4,12,2,4,1,4,1,0.7105
3,3,5,4,13,2,6,3,6,1,0.9429
3,3,5,4,14,2,4,5,4,1,1.3102
3,3,5,4,15,2,2,4,2,1,1.3578
3,3,5,4,16,2,3,4,3,1,1.1012
3,3,5,4,17,2,2,3,2,1,0.9813
3,3,5,4,18,2,1,2,1,1,1.2991
3,3,5,4,19,2,5,4,5,1,1.1876
3,3,5,4,20,2,6,1,6,1,1.3847
3,3,5,4,21,2,2,6,2,1,0.9016
3,3,5,4,22,2,3,5,3,1,1.3036
3,3,5,4,23,2,5,1,5,1,1.383
3,3,5,4,24,2,3,4,3,1,0.9965
3,3,5,4,25,2,5,3,3,0,1.3616
3,3,5,4,26,2,3,4,4,0,1.3068
3,3,5,4,27,2,3,2,3,1,1.1587
3,3,5,4,28,2,1,6,6,0,1.0218
3,3,5,4,29,2,1,4,4,0,1.0771
3,3,5,4,30,2,4,3,4,1,0.7617
3,3,5,4,31,2,4,3,4,1,0.7212
3,3,5,4,32,2,3,2,3,1,0.8891
3,3,5,4,33,2,6,1,6,1,0.8588
3,3,5,4,34,2,6,4,6,1,0.9256
3,3,5,4,35,2,6,5,6,1,0.7658
3,3,5,4,36,2,4,3,4,1,1.2042
3,3,5,4,37,2,1,2,1,1,1.3528
3,3,5,4,38,2,5,3,5,1,0.9992
3,3,5,4,39,2,5,6,5,1,0.8036
3,3,5,4,40,2,1,6,1,1,0.857
3,3,5,4,41,2,6,1,6,1,0.956
3,3,5,4,42,2,1,5,1,1,1.1298
3,3,5,4,43,2,1,5,1,1,0.9779
3,3,5,4,44,2,2,1,1,0,1.4559
3,3,5,4,45,2,5,6,5,1,1.445
3,3,5,4,46,2,2,1,1,0,1.3593
3,3,5,4,47,2,2,3,2,1,1.353
3,3,5,4,48,2,4,5,4,1,1.0958
3,3,5,4,49,2,4,2,4,1,0.8808
3,3,5,4,50,2,2,4,4,0,1.3629
4,1,1,1,1,6,6,,6,1,1.1625
4,1,1,1,2,6,1,,1,1,1.3767
4,1,1,1,3,6,1,,6,0,0.8304
4,1,1,1,4,6,2,,6,0,1.3901
4,1,1,1,5,6,2,,2,1,1.4139
4,1,1,1,6,6,6,,6,1,0.7707
4,1,1,1,7,6,1,,2,0,1.0977
4,1,1,1,8,6,6,,6,1,1.47
4,1,1,1,9,6,1,,1,1,1.3359
4,1,1,1,10,6,4,,2,0,1.479
4,1,1,1,11,6,5,,5,1,1.6447
4,1,1,1,12,6,6,,6,1,0.8952
4,1,1,1,13,6,3,,2,0,1.3131
4,1,1,1,14,6,3,,4,0,5.5163
4,1,1,1,15,6,2,,2,1,1.099
4,1,1,1,16,6,4,,1,0,2.7725
4,1,1,1,17,6,5,,5,1,2.42
4,1,1,1,18,6,1,,1,1,1.3191
4,1,1,1,19,6,2,,2,1,1.5588
4,1,1,1,20,6,6,,6,1,0.9412
4,1,1,1,21,6,3,,3,1,1.3417
4,1,1,1,22,6,6,,6,1,1.4684
4,1,1,1,23,6,6,,6,1,0.8702
4,1,1,1,24,6,4,,3,0,1.4009
4,1,1,1,25,6,4,,3,0,1.425
4,1,1,1,26,6,3,,3,1,2.7604
4,1,1,1,27,6,1,,4,0,1.5655
4,1,1,1,28,6,1,,3,0,1.407
4,1,1,1,29,6,4,,5,0,3.3188
4,1,1,1,30,6,4,,2,0,1.6796
4,1,1,1,31,6,4,,1,0,1.4045
4,1,1,1,32,6,5,,2,0,1.4282
4,1,1,1,33,6,2,,2,1,1.1956
4,1,1,1,34,6,5,,3,0,1.3771
4,1,1,1,35,6,6,,2,0,2.3148
4,1,1,1,36,6,3,,2,0,1.3573
4,1,1,1,37,6,3,,3,1,1.5908
4,1,1,1,38,6,5,,5,1,2.1082
4,1,1,1,39,6,5,,5,1,1.2282
4,1,1,1,40,6,1,,3,0,1.3282
4,1,1,1,41,6,5,,2,0,1.5002
4,1,1,1,42,6,3,,2,0,0.9283
4,1,1,1,43,6,2,,2,1,0.8435
4,1,1,1,44,6,4,,1,0,1.5348
4,1,1,1,45,6,6,,6,1,1.2814
4,1,1,1,46,6,5,,3,0,1.6034
4,1,1,1,47,6,2,,2,1,1.4747
4,1,1,1,48,6,2,,2,1,0.9253
4,1,1,1,49,6,6,,1,0,2.0776
4,1,1,1,50,6,3,,2,0,1.3065
4,1,1,2,1,2,2,4,2,1,1.5722
4,1,1,2,2,2,6,3,6,1,1.1461
4,1,1,2,3,2,4,3,4,1,1.7458
4,1,1,2,4,2,6,5,6,1,1.0884
4,1,1,2,5,2,6,3,3,0,1.9296
4,1,1,2,6,2,6,5,5,0,2.2356
4,1,1,2,7,2,6,2,6,1,1.4892
4,1,1,2,8,2,2,3,2,1,1.899
4,1,1,2,9,2,1,3,1,1,3.5707
4,1,1,2,10,2,4,5,4,1,4.5177
4,1,1,2,11,2,2,3,2,1,1.5225
4,1,1,2,12,2,2,6,2,1,1.3703
4,1,1,2,13,2,4,1,4,1,3.2721
4,1,1,2,14,2,3,4,3,1,2.4874
4,1,1,2,15,2,6,2,6,1,1.2399
4,1,1,2,16,2,4,6,4,1,1.8821
4,1,1,2,17,2,5,2,2,0,2.5155
4,1,1,2,18,2,6,5,5,0,3.1815
4,1,1,2,19,2,5,3,5,1,2.2202
4,1,1,2,20,2,1,6,6,0,2.1834
4,1,1,2,21,2,1,5,1,1,1.903
4,1,1,2,22,2,5,2,2,0,1.4797
4,1,1,2,23,2,4,6,6,0,2.0441
4,1,1,2,24,2,4,5,5,0,4.042
4,1,1,2,25,2,2,5,2,1,1.6222
4,1,1,2,26,2,5,2,2,0,1.6098
4,1,1,2,27,2,3,6,6,0,1.6736
4,1,1,2,28,2,2,4,2,1,1.2706
4,1,1,2,29,2,1,3,1,1,2.0086
4,1,1,2,30,2,3,6,3,1,1.5332
4,1,1,2,31,2,6,5,6,1,1.1085
4,1,1,2,32,2,3,2,3,1,3.4694
4,1,1,2,33,2,1,6,1,1,1.7008
4,1,1,2,34,2,6,1,6,1,1.2534
4,1,1,2,35,2,2,1,2,1,1.832
4,1,1,2,36,2,1,6,6,0,1.4271
4,1,1,2,37,2,1,5,1,1,1.4823
4,1,1,2,38,2,6,5,6,1,1.0918
4,1,1,2,39,2,4,6,4,1,3.5649
4,1,1,2,40,2,3,4,4,0,2.4972
4,1,1,2,41,2,5,4,4,0,2.6845
4,1,1,2,42,2,1,4,4,0,2.9437
4,1,1,2,43,2,3,4,4,0,3.6409
4,1,1,2,44,2,5,6,6,0,1.5893
4,1,1,2,45,2,4,2,4,1,4.9658
4,1,1,2,46,2,3,2,3,1,4.4806
4,1,1,2,47,2,5,3,3,0,5.1513
4,1,1,2,48,2,2,5,5,0,1.7252
4,1,1,2,49,2,3,5,5,0,2.2803
4,1,1,2,50,2,5,2,5,1,3.5803
4,1,1,3,1,6,5,,6,0,1.4854
4,1,1,3,2,6,3,,1,0,2.7382
4,1,1,3,3,6,5,,6,0,1.3153
4,1,1,3,4,6,5,,3,0,2.4469
4,1,1,3,5,6,3,,1,0,4.9714
4,1,1,3,6,6,5,,6,0,1.1693
4,1,1,3,7,6,3,,3,1,1.4269
4,1,1,3,8,6,6,,6,1,0.7825
4,1,1,3,9,6,6,,5,0,1.7645
4,1,1,3,10,6,2,,2,1,1.4209
4,1,1,3,11,6,2,,2,1,0.9853
4,1,1,3,12,6,4,,6,0,1.255
4,1,1,3,13,6,1,,2,0,1.7487
4,1,1,3,14,6,4,,2,0,1.1661
4,1,1,3,15,6,6,,2,0,1.04
4,1,1,3,16,6,2,,2,1,0.8874
4,1,1,3,17,6,3,,3,1,1.3854
4,1,1,3,18,6,1,,5,0,1.3985
4,1,1,3,19,6,1,,1,1,1.5505
4,1,1,3,20,6,3,,3,1,1.2532
4,1,1,3,21,6,6,,6,1,0.8075
4,1,1,3,22,6,6,,6,1,1.0534
4,1,1,3,23,6,2,,2,1,1.576
4,1,1,3,24,6,3,,4,0,1.6942
4,1,1,3,25,6,2,,3,0,1.1131
4,1,1,3,26,6,3,,3,1,0.925
4,1,1,3,27,6,5,,6,0,1.2292
4,1,1,3,28,6,6,,2,0,1.5161
4,1,1,3,29,6,2,,2,1,0.8641
4,1,1,3,30,6,6,,3,0,1.2174
4,1,1,3,31,6,5,,6,0,1.2487
4,1,1,3,32,6,2,,2,1,1.3748
4,1,1,3,33,6,1,,1,1,1.3726
4,1,1,3,34,6,6,,2,0,1.3873
4,1,1,3,35,6,4,,2,0,0.7882
4,1,1,3,36,6,4,,4,1,1.6217
4,1,1,3,37,6,1,,3,0,1.4649
4,1,1,3,38,6,6,,6,1,1.1025
4,1,1,3,39,6,1,,2,0,1.4155
4,1,1,3,40,6,4,,2,0,1.0864
4,1,1,3,41,6,4,,1,0,1.8279
4,1,1,3,42,6,6,,3,0,1.7222
4,1,1,3,43,6,5,,2,0,1.4291
4,1,1,3,44,6,4,,6,0,1.3883
4,1,1,3,45,6,1,,1,1,1.4923
4,1,1,3,46,6,2,,2,1,1.101
4,1,1,3,47,6,3,,2,0,1.1265
4,1,1,3,48,6,1,,3,0,1.1612
4,1,1,3,49,6,5,,4,0,2.2353
4,1,1,3,50,6,4,,2,0,2.721
4,1,1,4,1,2,6,4,6,1,1.7922
4,1,1,4,2,2,3,1,1,0,1.8692
4,1,1,4,3,2,1,2,1,1,1.8265
4,1,1,4,4,2,6,4,4,0,2.6054
4,1,1,4,5,2,1,5,5,0,3.2044
4,1,1,4,6,2,4,5,4,1,3.2345
4,1,1,4,7,2,4,1,1,0,2.5157
4,1,1,4,8,2,2,3,2,1,1.4853
4,1,1,4,9,2,5,6,5,1,3.4792
4,1,1,4,10,2,5,1,1,0,2.0787
4,1,1,4,11,2,6,2,6,1,1.4189
4,1,1,4,12,2,6,4,6,1,1.2388
4,1,1,4,13,2,2,3,2,1,1.9143
4,1,1,4,14,2,5,3,3,0,2.1452
4,1,1,4,15,2,1,4,1,1,1.5941
4,1,1,4,16,2,3,6,3,1,1.7757
4,1,1,4,17,2,5,3,5,1,3.5329
4,1,1,4,18,2,6,1,6,1,1.2017
4,1,1,4,19,2,4,3,4,1,2.2625
4,1,1,4,20,2,1,4,4,0,2.5922
4,1,1,4,21,2,4,6,6,0,1.4629
4,1,1,4,22,2,3,4,3,1,1.6129
4,1,1,4,23,2,4,1,4,1,2.3523
4,1,1,4,24,2,5,4,5,1,4.1498
4,1,1,4,25,2,6,1,1,0,1.4424
4,1,1,4,26,2,1,3,3,0,2.4883
4,1,1,4,27,2,2,4,2,1,1.812
4,1,1,4,28,2,3,4,3,1,1.2963
4,1,1,4,29,2,5,2,5,1,3.1201
4,1,1,4,30,2,2,4,4,0,2.2142
4,1,1,4,31,2,2,1,2,1,1.6443
4,1,1,4,32,2,4,5,4,1,1.9834
4,1,1,4,33,2,4,6,6,0,1.3161
4,1,1,4,34,2,3,6,6,0,1.167
4,1,1,4,35,2,1,5,1,1,1.4087
4,1,1,4,36,2,2,6,2,1,1.149
4,1,1,4,37,2,5,1,5,1,2.9322
4,1,1,4,38,2,3,5,3,1,3.473
4,1,1,4,39,2,2,5,5,0,3.6407
4,1,1,4,40,2,5,3,5,1,2.4215
4,1,1,4,41,2,2,6,6,0,1.3998
4,1,1,4,42,2,4,3,3,0,2.1442
4,1,1,4,43,2,3,6,6,0,1.6898
4,1,1,4,44,2,6,4,6,1,1.1584
4,1,1,4,45,2,3,2,3,1,1.2779
4,1,1,4,46,2,6,1,6,1,1.2158
4,1,1,4,47,2,6,5,6,1,0.9799
4,1,1,4,48,2,1,5,1,1,2.2418
4,1,1,4,49,2,1,3,1,1,8.3002
4,1,1,4,50,2,6,4,6,1,1.1498
4,1,2,1,1,2,4,2,4,1,5.2124
4,1,2,1,2,2,2,6,2,1,2.4602
4,1,2,1,3,2,6,2,6,1,1.4698
4,1,2,1,4,2,3,6,3,1,1.5116
4,1,2,1,5,2,1,3,1,1,1.6802
4,1,2,1,6,2,1,4,1,1,1.0734
4,1,2,1,7,2,3,1,3,1,1.4997
4,1,2,1,8,2,5,3,3,0,2.7243
4,1,2,1,9,2,3,2,3,1,1.222
4,1,2,1,10,2,5,2,2,0,2.5699
4,1,2,1,11,2,3,4,3,1,1.1386
4,1,2,1,12,2,5,2,5,1,2.6023
4,1,2,1,13,2,5,3,5,1,2.7253
4,1,2,1,14,2,6,5,6,1,1.4196
4,1,2,1,15,2,3,1,3,1,1.544
4,1,2,1,16,2,1,2,1,1,1.4389
4,1,2,1,17,2,6,1,1,0,1.2421
4,1,2,1,18,2,6,2,6,1,1.3205
4,1,2,1,19,2,2,1,1,0,1.625
4,1,2,1,20,2,2,4,2,1,1.3042
4,1,2,1,21,2,3,1,3,1,1.3843
4,1,2,1,22,2,4,1,1,0,1.3815
4,1,2,1,23,2,4,5,5,0,2.2695
4,1,2,1,24,2,4,2,4,1,1.9378
4,1,2,1,25,2,6,2,6,1,1.3045
4,1,2,1,26,2,4,6,4,1,1.8817
4,1,2,1,27,2,2,5,2,1,1.1861
4,1,2,1,28,2,2,5,2,1,1.048
4,1,2,1,29,2,4,2,4,1,1.6349
4,1,2,1,30,2,2,5,2,1,1.0302
4,1,2,1,31,2,4,1,4,1,2.5128
4,1,2,1,32,2,5,2,2,0,1.2966
4,1,2,1,33,2,1,4,1,1,1.0688
4,1,2,1,34,2,1,3,3,0,2.6789
4,1,2,1,35,2,3,2,3,1,1.7222
4,1,2,1,36,2,2,6,2,1,0.9218
4,1,2,1,37,2,4,6,4,1,2.6022
4,1,2,1,38,2,1,5,1,1,1.7343
4,1,2,1,39,2,5,6,5,1,1.7332
4,1,2,1,40,2,3,1,3,1,1.1077
4,1,2,1,41,2,1,2,1,1,1.0372
4,1,2,1,42,2,6,2,6,1,1.2726
4,1,2,1,43,2,6,1,1,0,1.4669
4,1,2,1,44,2,6,4,4,0,3.104
4,1,2,1,45,2,5,2,2,0,1.5066
4,1,2,1,46,2,6,3,6,1,1.1744
4,1,2,1,47,2,5,2,5,1,1.4685
4,1,2,1,48,2,6,5,6,1,1.3987
4,1,2,1,49,2,2,6,2,1,1.2673
4,1,2,1,50,2,1,4,4,0,1.6692
4,1,2,2,1,6,2,,2,1,1.4238
4,1,2,2,2,6,6,,6,1,0.8591
4,1,2,2,3,6,4,,6,0,1.039
4,1,2,2,4,6,4,,3,0,1.5581
4,1,2,2,5,6,3,,6,0,1.4802
4,1,2,2,6,6,4,,2,0,1.388
4,1,2,2,7,6,3,,1,0,1.1097
4,1,2,2,8,6,3,,2,0,1.3847
4,1,2,2,9,6,1,,1,1,1.2501
4,1,2,2,10,6,3,,6,0,0.8844
4,1,2,2,11,6,2,,4,0,1.8575
4,1,2,2,12,6,4,,2,0,2.2948
4,1,2,2,13,6,5,,6,0,1.3861
4,1,2,2,14,6,2,,3,0,1.2983
4,1,2,2,15,6,2,,2,1,1.23
4,1,2,2,16,6,2,,2,1,1.5228
4,1,2,2,17,6,4,,1,0,1.5309
4,1,2,2,18,6,6,,6,1,0.988
4,1,2,2,19,6,1,,1,1,1.3066
4,1,2,2,20,6,6,,6,1,0.7629
4,1,2,2,21,6,1,,4,0,1.4733
4,1,2,2,22,6,3,,2,0,1.206
4,1,2,2,23,6,1,,6,0,0.8222
4,1,2,2,24,6,5,,3,0,1.2865
4,1,2,2,25,6,6,,6,1,1.2509
4,1,2,2,26,6,3,,2,0,1.4617
4,1,2,2,27,6,4,,3,0,1.5468
4,1,2,2,28,6,1,,6,0,1.6928
4,1,2,2,29,6,6,,4,0,2.1853
4,1,2,2,30,6,5,,2,0,1.2966
4,1,2,2,31,6,2,,2,1,1.1967
4,1,2,2,32,6,5,,1,0,1.0258
4,1,2,2,33,6,1,,3,0,1.1771
4,1,2,2,34,6,5,,1,0,1.5142
4,1,2,2,35,6,5,,1,0,1.3578
4,1,2,2,36,6,6,,6,1,0.8877
4,1,2,2,37,6,2,,1,0,1.8339
4,1,2,2,38,6,3,,3,1,1.424
4,1,2,2,39,6,1,,4,0,1.2435
4,1,2,2,40,6,6,,5,0,1.7711
4,1,2,2,41,6,6,,6,1,0.8196
4,1,2,2,42,6,2,,2,1,1.3205
4,1,2,2,43,6,5,,5,1,1.8483
4,1,2,2,44,6,3,,1,0,0.9936
4,1,2,2,45,6,4,,3,0,1.1791
4,1,2,2,46,6,6,,6,1,0.924
4,1,2,2,47,6,6,,6,1,0.8447
4,1,2,2,48,6,1,,1,1,1.6797
4,1,2,2,49,6,5,,6,0,1.3943
4,1,2,2,50,6,4,,2,0,1.2899
4,1,2,3,1,2,2,1,1,0,3.2204
4,1,2,3,2,2,3,6,3,1,1.634
4,1,2,3,3,2,1,6,1,1,2.2128
4,1,2,3,4,2,5,6,5,1,1.2648
4,1,2,3,5,2,4,1,4,1,1.7312
4,1,2,3,6,2,3,5,5,0,2.1302
4,1,2,3,7,2,6,2,6,1,1.0678
4,1,2,3,8,2,1,3,3,0,1.142
4,1,2,3,9,2,6,4,4,0,2.4395
4,1,2,3,10,2,3,5,3,1,3.0132
4,1,2,3,11,2,3,4,3,1,2.5748
4,1,2,3,12,2,6,4,6,1,1.8356
4,1,2,3,13,2,2,5,2,1,1.3183
4,1,2,3,14,2,6,5,6,1,1.063
4,1,2,3,15,2,6,2,2,0,1.4412
4,1,2,3,16,2,6,3,6,1,0.984
4,1,2,3,17,2,1,5,1,1,1.99
4,1,2,3,18,2,1,3,1,1,1.2425
4,1,2,3,19,2,4,3,4,1,5.1649
4,1,2,3,20,2,5,1,5,1,1.7601
4,1,2,3,21,2,5,2,5,1,1.6458
4,1,2,3,22,2,2,4,2,1,1.4882
4,1,2,3,23,2,5,6,5,1,2.0096
4,1,2,3,24,2,2,1,2,1,1.8855
4,1,2,3,25,2,1,3,1,1,1.8133
4,1,2,3,26,2,4,2,4,1,2.641
4,1,2,3,27,2,6,5,6,1,1.3395
4,1,2,3,28,2,2,5,2,1,1.3067
4,1,2,3,29,2,2,3,2,1,1.0511
4,1,2,3,30,2,4,6,4,1,1.7986
4,1,2,3,31,2,1,6,1,1,1.0428
4,1,2,3,32,2,3,2,3,1,2.2067
4,1,2,3,33,2,5,6,5,1,1.6418
4,1,2,3,34,2,6,3,6,1,1.1652
4,1,2,3,35,2,6,4,6,1,1.0918
4,1,2,3,36,2,3,2,3,1,1.3255
4,1,2,3,37,2,4,3,4,1,2.7653
4,1,2,3,38,2,1,2,2,0,2.098
4,1,2,3,39,2,4,6,4,1,1.4692
4,1,2,3,40,2,5,3,3,0,1.5421
4,1,2,3,41,2,5,1,1,0,1.9125
4,1,2,3,42,2,2,4,2,1,1.1314
4,1,2,3,43,2,4,1,1,0,1.3149
4,1,2,3,44,2,4,5,4,1,1.3107
4,1,2,3,45,2,1,4,4,0,2.1115
4,1,2,3,46,2,5,6,5,1,2.6176
4,1,2,3,47,2,3,5,3,1,1.7314
4,1,2,3,48,2,2,3,2,1,1.4107
4,1,2,3,49,2,3,1,1,0,1.375
4,1,2,3,50,2,6,3,3,0,1.8323
4,1,2,4,1,6,3,,6,0,1.0364
4,1,2,4,2,6,4,,3,0,1.3634
4,1,2,4,3,6,3,,3,1,1.4047
4,1,2,4,4,6,1,,4,0,1.4167
4,1,2,4,5,6,6,,6,1,1.2486
4,1,2,4,6,6,5,,5,1,1.1876
4,1,2,4,7,6,6,,6,1,1.0004
4,1,2,4,8,6,5,,1,0,1.1737
4,1,2,4,9,6,3,,2,0,1.159
4,1,2,4,10,6,4,,6,0,0.7454
4,1,2,4,11,6,1,,1,1,1.4044
4,1,2,4,12,6,1,,2,0,1.4172
4,1,2,4,13,6,2,,2,1,0.8808
4,1,2,4,14,6,3,,6,0,1.075
4,1,2,4,15,6,6,,6,1,1.3041
4,1,2,4,16,6,5,,1,0,1.8647
4,1,2,4,17,6,2,,2,1,1.2778
4,1,2,4,18,6,4,,2,0,1.8885
4,1,2,4,19,6,6,,6,1,1.2526
4,1,2,4,20,6,1,,6,0,0.8713
4,1,2,4,21,6,5,,5,1,1.7976
4,1,2,4,22,6,6,,2,0,1.3293
4,1,2,4,23,6,2,,2,1,0.8927
4,1,2,4,24,6,5,,6,0,1.4384
4,1,2,4,25,6,3,,5,0,1.2054
4,1,2,4,26,6,4,,4,1,1.8778
4,1,2,4,27,6,2,,2,1,1.0868
4,1,2,4,28,6,4,,1,0,1.0969
4,1,2,4,29,6,5,,6,0,1.5815
4,1,2,4,30,6,2,,2,1,1.0061
4,1,2,4,31,6,6,,6,1,1.1467
4,1,2,4,32,6,3,,2,0,1.2176
4,1,2,4,33,6,6,,6,1,1.2811
4,1,2,4,34,6,6,,2,0,1.267
4,1,2,4,35,6,4,,1,0,1.6488
4,1,2,4,36,6,2,,2,1,1.0859
4,1,2,4,37,6,2,,5,0,1.4641
4,1,2,4,38,6,1,,6,0,1.117
4,1,2,4,39,6,6,,6,1,0.7367
4,1,2,4,40,6,4,,2,0,1.2412
4,1,2,4,41,6,3,,1,0,1.8475
4,1,2,4,42,6,5,,1,0,1.2132
4,1,2,4,43,6,4,,2,0,1.0521
4,1,2,4,44,6,1,,3,0,1.1396
4,1,2,4,45,6,5,,3,0,0.9821
4,1,2,4,46,6,2,,2,1,1.0398
4,1,2,4,47,6,3,,5,0,2.1387
4,1,2,4,48,6,1,,2,0,1.5249
4,1,2,4,49,6,1,,6,0,1.8001
4,1,2,4,50,6,6,,2,0,1.2801
4,1,3,1,1,6,4,,6,0,0.9972
4,1,3,1,2,6,1,,6,0,0.7173
4,1,3,1,3,6,2,,2,1,1.1529
4,1,3,1,4,6,6,,6,1,0.7764
4,1,3,1,5,6,5,,5,1,1.7744
4,1,3,1,6,6,6,,6,1,0.7635
4,1,3,1,7,6,6,,6,1,0.6008
4,1,3,1,8,6,1,,1,1,1.1356
4,1,3,1,9,6,3,,2,0,1.0796
4,1,3,1,10,6,2,,2,1,1.0526
4,1,3,1,11,6,2,,6,0,1.4314
4,1,3,1,12,6,1,,1,1,0.9267
4,1,3,1,13,6,6,,6,1,0.8476
4,1,3,1,14,6,6,,6,1,0.674
4,1,3,1,15,6,6,,6,1,0.8611
4,1,3,1,16,6,6,,6,1,0.7046
4,1,3,1,17,6,6,,6,1,0.6178
4,1,3,1,18,6,2,,2,1,1.4312
4,1,3,1,19,6,1,,6,0,1.2338
4,1,3,1,20,6,4,,1,0,2.1449
4,1,3,1,21,6,6,,6,1,1.0984
4,1,3,1,22,6,4,,2,0,1.0749
4,1,3,1,23,6,4,,1,0,1.7047
4,1,3,1,24,6,2,,2,1,1.1884
4,1,3,1,25,6,5,,1,0,0.9702
4,1,3,1,26,6,4,,3,0,1.108
4,1,3,1,27,6,2,,2,1,1.576
4,1,3,1,28,6,4,,2,0,2.7334
4,1,3,1,29,6,3,,6,0,1.4381
4,1,3,1,30,6,1,,2,0,1.1732
4,1,3,1,31,6,5,,3,0,1.4145
4,1,3,1,32,6,1,,3,0,1.2453
4,1,3,1,33,6,3,,2,0,1.5484
4,1,3,1,34,6,2,,2,1,1.1982
4,1,3,1,35,6,3,,1,0,1.57
4,1,3,1,36,6,4,,3,0,1.0755
4,1,3,1,37,6,5,,4,0,4.3128
4,1,3,1,38,6,5,,1,0,1.2886
4,1,3,1,39,6,5,,2,0,1.3486
4,1,3,1,40,6,5,,3,0,1.5032
4,1,3,1,41,6,3,,1,0,1.3152
4,1,3,1,42,6,4,,2,0,1.2949
4,1,3,1,43,6,5,,3,0,1.2111
4,1,3,1,44,6,1,,2,0,1.1622
4,1,3,1,45,6,1,,6,0,1.2438
4,1,3,1,46,6,3,,2,0,1.403
4,1,3,1,47,6,3,,3,1,1.2028
4,1,3,1,48,6,3,,4,0,1.4316
4,1,3,1,49,6,6,,2,0,1.1978
4,1,3,1,50,6,2,,6,0,0.847
4,1,3,2,1,2,2,1,2,1,1.979
4,1,3,2,2,2,4,2,4,1,1.6158
4,1,3,2,3,2,1,2,2,0,3.1711
4,1,3,2,4,2,6,3,6,1,1.1058
4,1,3,2,5,2,4,2,2,0,2.059
4,1,3,2,6,2,3,6,6,0,1.208
4,1,3,2,7,2,5,3,5,1,2.6799
4,1,3,2,8,2,3,4,3,1,1.5035
4,1,3,2,9,2,1,3,1,1,2.6638
4,1,3,2,10,2,5,3,3,0,1.2809
4,1,3,2,11,2,1,5,1,1,1.3252
4,1,3,2,12,2,2,3,2,1,1.1336
4,1,3,2,13,2,2,4,2,1,1.221
4,1,3,2,14,2,4,3,4,1,3.1137
4,1,3,2,15,2,2,1,1,0,1.5359
4,1,3,2,16,2,2,5,2,1,1.4905
4,1,3,2,17,2,6,1,6,1,1.1634
4,1,3,2,18,2,2,5,5,0,2.6733
4,1,3,2,19,2,3,2,3,1,1.8135
4,1,3,2,20,2,6,4,4,0,1.617
4,1,3,2,21,2,1,3,1,1,1.3282
4,1,3,2,22,2,6,3,3,0,2.0643
4,1,3,2,23,2,6,3,6,1,1.0854
4,1,3,2,24,2,3,5,5,0,1.3507
4,1,3,2,25,2,3,4,4,0,1.8255
4,1,3,2,26,2,5,6,5,1,1.7517
4,1,3,2,27,2,4,6,6,0,1.2695
4,1,3,2,28,2,5,4,5,1,3.2357
4,1,3,2,29,2,4,3,4,1,2.9322
4,1,3,2,30,2,6,2,6,1,0.946
4,1,3,2,31,2,4,3,3,0,1.4735
4,1,3,2,32,2,1,4,1,1,1.5256
4,1,3,2,33,2,3,1,3,1,1.4694
4,1,3,2,34,2,6,4,6,1,1.3514
4,1,3,2,35,2,3,4,4,0,2.086
4,1,3,2,36,2,2,6,2,1,1.0741
4,1,3,2,37,2,3,2,3,1,1.0996
4,1,3,2,38,2,5,3,3,0,3.0124
4,1,3,2,39,2,5,1,1,0,1.402
4,1,3,2,40,2,1,3,3,0,4.4667
4,1,3,2,41,2,6,4,6,1,1.3404
4,1,3,2,42,2,2,6,2,1,1.8839
4,1,3,2,43,2,5,1,5,1,2.053
4,1,3,2,44,2,6,5,5,0,2.1022
4,1,3,2,45,2,4,3,3,0,2.8182
4,1,3,2,46,2,1,5,1,1,1.2639
4,1,3,2,47,2,1,3,1,1,1.1537
4,1,3,2,48,2,5,6,6,0,3.1927
4,1,3,2,49,2,6,2,6,1,0.7434
4,1,3,2,50,2,4,2,2,0,1.4544
4,1,3,3,1,6,3,,3,1,1.57
4,1,3,3,2,6,6,,6,1,0.9997
4,1,3,3,3,6,6,,6,1,0.7252
4,1,3,3,4,6,3,,3,1,1.5175
4,1,3,3,5,6,5,,6,0,0.886
4,1,3,3,6,6,3,,3,1,1.0913
4,1,3,3,7,6,1,,6,0,0.6845
4,1,3,3,8,6,5,,1,0,1.1058
4,1,3,3,9,6,5,,2,0,1.2056
4,1,3,3,10,6,1,,2,0,0.6145
4,1,3,3,11,6,4,,4,1,1.1027
4,1,3,3,12,6,2,,2,1,1.2233
4,1,3,3,13,6,3,,3,1,1.0683
4,1,3,3,14,6,5,,5,1,1.4786
4,1,3,3,15,6,3,,3,1,1.0072
4,1,3,3,16,6,5,,3,0,0.9409
4,1,3,3,17,6,2,,2,1,0.9668
4,1,3,3,18,6,1,,2,0,1.078
4,1,3,3,19,6,6,,6,1,1.3233
4,1,3,3,20,6,2,,1,0,0.8903
4,1,3,3,21,6,2,,2,1,1.1912
4,1,3,3,22,6,2,,2,1,0.7806
4,1,3,3,23,6,5,,5,1,1.2825
4,1,3,3,24,6,1,,2,0,0.9321
4,1,3,3,25,6,1,,2,0,0.6009
4,1,3,3,26,6,4,,6,0,1.7685
4,1,3,3,27,6,3,,3,1,1.6335
4,1,3,3,28,6,5,,1,0,1.2527
4,1,3,3,29,6,2,,2,1,1.5548
4,1,3,3,30,6,6,,3,0,1.177
4,1,3,3,31,6,4,,2,0,1.5304
4,1,3,3,32,6,1,,2,0,1.1809
4,1,3,3,33,6,2,,2,1,0.7176
4,1,3,3,34,6,2,,2,1,0.775
4,1,3,3,35,6,6,,6,1,0.7329
4,1,3,3,36,6,3,,3,1,1.1578
4,1,3,3,37,6,4,,4,1,1.9485
4,1,3,3,38,6,1,,2,0,1.3783
4,1,3,3,39,6,6,,2,0,1.0508
4,1,3,3,40,6,1,,3,0,1.8259
4,1,3,3,41,6,4,,4,1,2.5196
4,1,3,3,42,6,3,,3,1,1.2071
4,1,3,3,43,6,5,,5,1,1.5633
4,1,3,3,44,6,6,,6,1,0.9606
4,1,3,3,45,6,4,,1,0,2.1115
4,1,3,3,46,6,4,,2,0,1.354
4,1,3,3,47,6,4,,6,0,1.0597
4,1,3,3,48,6,6,,2,0,3.786
4,1,3,3,49,6,6,,6,1,1.103
4,1,3,3,50,6,6,,6,1,0.6007
4,1,3,4,1,2,6,3,6,1,1.2353
4,1,3,4,2,2,6,1,6,1,0.6786
4,1,3,4,3,2,1,4,1,1,1.1688
4,1,3,4,4,2,4,1,1,0,1.1593
4,1,3,4,5,2,2,5,2,1,1.0333
4,1,3,4,6,2,4,1,4,1,1.4927
4,1,3,4,7,2,6,4,6,1,0.9737
4,1,3,4,8,2,2,4,2,1,1.0838
4,1,3,4,9,2,4,5,4,1,1.6694
4,1,3,4,10,2,4,5,4,1,1.2874
4,1,3,4,11,2,5,4,4,0,1.3367
4,1,3,4,12,2,6,1,6,1,1.0593
4,1,3,4,13,2,2,3,2,1,1.0706
4,1,3,4,14,2,3,4,3,1,1.0647
4,1,3,4,15,2,5,3,3,0,2.3875
4,1,3,4,16,2,4,3,3,0,2.0353
4,1,3,4,17,2,2,1,2,1,1.0251
4,1,3,4,18,2,6,5,6,1,0.9578
4,1,3,4,19,2,4,6,4,1,1.5481
4,1,3,4,20,2,5,3,3,0,1.4752
4,1,3,4,21,2,1,3,3,0,1.128
4,1,3,4,22,2,3,4,4,0,1.6269
4,1,3,4,23,2,2,1,2,1,0.9693
4,1,3,4,24,2,1,5,1,1,1.7196
4,1,3,4,25,2,3,1,3,1,1.6071
4,1,3,4,26,2,1,5,1,1,1.4985
4,1,3,4,27,2,3,2,2,0,1.4912
4,1,3,4,28,2,1,5,1,1,1.2555
4,1,3,4,29,2,5,3,3,0,1.8347
4,1,3,4,30,2,5,2,5,1,1.5532
4,1,3,4,31,2,3,4,3,1,1.1276
4,1,3,4,32,2,5,3,5,1,1.2792
4,1,3,4,33,2,2,3,2,1,1.3606
4,1,3,4,34,2,1,5,1,1,3.375
4,1,3,4,35,2,6,2,2,0,4.0093
4,1,3,4,36,2,2,6,2,1,1.0468
4,1,3,4,37,2,2,4,2,1,1.218
4,1,3,4,38,2,3,2,3,1,1.1104
4,1,3,4,39,2,6,2,6,1,1.1984
4,1,3,4,40,2,5,4,4,0,1.6032
4,1,3,4,41,2,6,4,4,0,2.1791
4,1,3,4,42,2,3,1,3,1,1.4033
4,1,3,4,43,2,6,4,6,1,1.912
4,1,3,4,44,2,4,6,4,1,1.4873
4,1,3,4,45,2,3,6,3,1,1.3206
4,1,3,4,46,2,5,6,6,0,1.2408
4,1,3,4,47,2,4,1,1,0,2.135
4,1,3,4,48,2,1,3,3,0,2.4487
4,1,3,4,49,2,1,5,5,0,2.1262
4,1,3,4,50,2,6,5,6,1,1.4956
4,1,4,1,1,2,6,3,6,1,1.0285
4,1,4,1,2,2,5,2,5,1,2.4171
4,1,4,1,3,2,1,4,1,1,1.1874
4,1,4,1,4,2,4,2,4,1,2.0087
4,1,4,1,5,2,3,5,3,1,1.7715
4,1,4,1,6,2,2,3,2,1,1.4975
4,1,4,1,7,2,6,2,6,1,2.8498
4,1,4,1,8,2,6,5,5,0,1.475
4,1,4,1,9,2,5,3,3,0,1.191
4,1,4,1,10,2,1,2,1,1,1.1759
4,1,4,1,11,2,3,2,2,0,1.0532
4,1,4,1,12,2,2,3,2,1,1.1882
4,1,4,1,13,2,3,1,3,1,1.2896
4,1,4,1,14,2,2,4,2,1,1.4181
4,1,4,1,15,2,3,2,3,1,1.6386
4,1,4,1,16,2,1,6,1,1,1.1291
4,1,4,1,17,2,6,4,6,1,1.1853
4,1,4,1,18,2,5,6,5,1,1.799
4,1,4,1,19,2,2,1,1,0,3.8908
4,1,4,1,20,2,2,4,2,1,1.156
4,1,4,1,21,2,6,3,6,1,1.0828
4,1,4,1,22,2,5,6,5,1,1.4612
4,1,4,1,23,2,4,3,3,0,1.5343
4,1,4,1,24,2,2,1,2,1,1.5855
4,1,4,1,25,2,5,3,5,1,3.1426
4,1,4,1,26,2,3,1,3,1,1.4349
4,1,4,1,27,2,2,5,2,1,1.1107
4,1,4,1,28,2,4,2,4,1,1.7911
4,1,4,1,29,2,1,6,1,1,1.8356
4,1,4,1,30,2,5,6,5,1,2.3095
4,1,4,1,31,2,1,2,1,1,1.4212
4,1,4,1,32,2,5,2,5,1,1.3856
4,1,4,1,33,2,1,5,1,1,1.3829
4,1,4,1,34,2,3,5,3,1,1.5885
4,1,4,1,35,2,5,1,5,1,1.3365
4,1,4,1,36,2,4,1,4,1,1.7679
4,1,4,1,37,2,6,5,5,0,1.7016
4,1,4,1,38,2,6,5,6,1,1.2975
4,1,4,1,39,2,6,1,1,0,0.9941
4,1,4,1,40,2,3,1,3,1,2.0266
4,1,4,1,41,2,1,4,4,0,1.7564
4,1,4,1,42,2,4,5,4,1,1.1426
4,1,4,1,43,2,6,1,6,1,0.9265
4,1,4,1,44,2,4,1,1,0,2.5089
4,1,4,1,45,2,1,4,1,1,0.7915
4,1,4,1,46,2,2,5,2,1,1.6938
4,1,4,1,47,2,6,3,6,1,1.134
4,1,4,1,48,2,3,2,2,0,1.0937
4,1,4,1,49,2,4,1,1,0,1.7698
4,1,4,1,50,2,4,5,4,1,1.9707
4,1,4,2,1,6,6,,6,1,1.3816
4,1,4,2,2,6,4,,2,0,0.9783
4,1,4,2,3,6,5,,1,0,1.1798
4,1,4,2,4,6,5,,2,0,1.0526
4,1,4,2,5,6,4,,1,0,1.203
4,1,4,2,6,6,2,,2,1,0.9802
4,1,4,2,7,6,6,,6,1,0.7056
4,1,4,2,8,6,4,,3,0,1.2585
4,1,4,2,9,6,2,,2,1,1.0643
4,1,4,2,10,6,2,,2,1,0.7872
4,1,4,2,11,6,2,,2,1,0.9213
4,1,4,2,12,6,1,,1,1,0.9857
4,1,4,2,13,6,4,,4,1,1.6396
4,1,4,2,14,6,5,,2,0,1.1139
4,1,4,2,15,6,3,,3,1,1.4052
4,1,4,2,16,6,6,,6,1,0.9376
4,1,4,2,17,6,2,,2,1,0.9857
4,1,4,2,18,6,5,,6,0,1.0479
4,1,4,2,19,6,1,,5,0,1.3581
4,1,4,2,20,6,1,,4,0,2.5679
4,1,4,2,21,6,3,,3,1,1.3441
4,1,4,2,22,6,6,,6,1,1.2474
4,1,4,2,23,6,5,,5,1,0.9777
4,1,4,2,24,6,6,,1,0,1.3121
4,1,4,2,25,6,1,,6,0,1.2271
4,1,4,2,26,6,4,,2,0,1.1942
4,1,4,2,27,6,2,,2,1,0.7624
4,1,4,2,28,6,1,,1,1,0.673
4,1,4,2,29,6,5,,6,0,0.9552
4,1,4,2,30,6,2,,2,1,1.4133
4,1,4,2,31,6,1,,1,1,0.9123
4,1,4,2,32,6,3,,2,0,1.1857
4,1,4,2,33,6,3,,1,0,1.3306
4,1,4,2,34,6,1,,6,0,1.9014
4,1,4,2,35,6,4,,2,0,1.2968
4,1,4,2,36,6,3,,6,0,1.3885
4,1,4,2,37,6,6,,6,1,0.7408
4,1,4,2,38,6,6,,6,1,0.6009
4,1,4,2,39,6,3,,4,0,3.8344
4,1,4,2,40,6,5,,2,0,1.0539
4,1,4,2,41,6,2,,2,1,0.788
4,1,4,2,42,6,5,,6,0,0.7463
4,1,4,2,43,6,6,,6,1,0.6686
4,1,4,2,44,6,1,,3,0,1.6077
4,1,4,2,45,6,6,,6,1,0.8225
4,1,4,2,46,6,3,,3,1,1.2273
4,1,4,2,47,6,4,,1,0,1.3427
4,1,4,2,48,6,6,,1,0,1.1922
4,1,4,2,49,6,4,,6,0,1.9931
4,1,4,2,50,6,3,,3,1,1.9597
4,1,4,3,1,2,2,1,2,1,1.0187
4,1,4,3,2,2,3,4,3,1,1.1112
4,1,4,3,3,2,4,5,4,1,1.4241
4,1,4,3,4,2,6,1,6,1,0.9075
4,1,4,3,5,2,5,2,2,0,1.212
4,1,4,3,6,2,6,4,4,0,1.9309
4,1,4,3,7,2,4,6,4,1,1.5812
4,1,4,3,8,2,6,2,2,0,1.251
4,1,4,3,9,2,1,5,1,1,1.3286
4,1,4,3,10,2,1,4,1,1,1.4074
4,1,4,3,11,2,3,6,3,1,1.3721
4,1,4,3,12,2,1,4,1,1,1.2098
4,1,4,3,13,2,4,2,2,0,1.3739
4,1,4,3,14,2,2,5,2,1,0.7586
4,1,4,3,15,2,6,1,6,1,1.2615
4,1,4,3,16,2,4,2,4,1,3.3445
4,1,4,3,17,2,1,6,1,1,1.0203
4,1,4,3,18,2,5,2,2,0,1.2892
4,1,4,3,19,2,4,5,5,0,1.2382
4,1,4,3,20,2,4,5,4,1,1.4123
4,1,4,3,21,2,6,5,6,1,1.1352
4,1,4,3,22,2,6,5,6,1,1.1109
4,1,4,3,23,2,5,4,4,0,2.4158
4,1,4,3,24,2,5,4,5,1,0.9418
4,1,4,3,25,2,3,4,3,1,1.8696
4,1,4,3,26,2,2,1,2,1,1.1752
4,1,4,3,27,2,1,2,1,1,2.2199
4,1,4,3,28,2,3,6,6,0,1.1751
4,1,4,3,29,2,6,1,6,1,0.7278
4,1,4,3,30,2,6,5,6,1,1.0558
4,1,4,3,31,2,6,4,6,1,1.2264
4,1,4,3,32,2,5,2,5,1,1.3105
4,1,4,3,33,2,4,5,5,0,2.3183
4,1,4,3,34,2,2,6,2,1,1.1366
4,1,4,3,35,2,3,6,3,1,1.3364
4,1,4,3,36,2,2,5,5,0,1.7193
4,1,4,3,37,2,2,5,2,1,1.059
4,1,4,3,38,2,4,1,1,0,1.9488
4,1,4,3,39,2,5,6,5,1,2.1749
4,1,4,3,40,2,2,5,2,1,1.2441
4,1,4,3,41,2,1,6,1,1,1.1669
4,1,4,3,42,2,1,3,3,0,1.5247
4,1,4,3,43,2,5,2,2,0,1.256
4,1,4,3,44,2,3,6,6,0,1.4943
4,1,4,3,45,2,6,1,6,1,0.6986
4,1,4,3,46,2,1,2,1,1,1.1882
4,1,4,3,47,2,3,1,3,1,1.2415
4,1,4,3,48,2,2,5,2,1,1.0844
4,1,4,3,49,2,5,6,5,1,3.1581
4,1,4,3,50,2,3,1,3,1,1.3864
4,1,4,4,1,6,5,,6,0,1.0295
4,1,4,4,2,6,6,,6,1,0.6846
4,1,4,4,3,6,2,,2,1,1.2067
4,1,4,4,4,6,5,,1,0,1.1639
4,1,4,4,5,6,3,,3,1,0.7333
4,1,4,4,6,6,2,,1,0,0.8221
4,1,4,4,7,6,1,,1,1,1.0461
4,1,4,4,8,6,6,,6,1,0.7687
4,1,4,4,9,6,1,,2,0,1.0315
4,1,4,4,10,6,4,,1,0,1.0062
4,1,4,4,11,6,6,,6,1,0.7585
4,1,4,4,12,6,3,,1,0,1.0054
4,1,4,4,13,6,1,,1,1,0.8216
4,1,4,4,14,6,6,,5,0,2.1694
4,1,4,4,15,6,6,,6,1,0.6107
4,1,4,4,16,6,3,,2,0,0.8322
4,1,4,4,17,6,2,,2,1,0.8635
4,1,4,4,18,6,5,,5,1,1.0895
4,1,4,4,19,6,3,,1,0,0.8905
4,1,4,4,20,6,4,,3,0,1.8478
4,1,4,4,21,6,6,,2,0,1.0372
4,1,4,4,22,6,4,,2,0,1.3168
4,1,4,4,23,6,3,,6,0,0.6875
4,1,4,4,24,6,1,,1,1,0.981
4,1,4,4,25,6,5,,2,0,1.0909
4,1,4,4,26,6,4,,2,0,0.6467
4,1,4,4,27,6,1,,5,0,1.4542
4,1,4,4,28,6,2,,2,1,0.6436
4,1,4,4,29,6,1,,5,0,0.8315
4,1,4,4,30,6,2,,2,1,0.783
4,1,4,4,31,6,5,,5,1,0.7406
4,1,4,4,32,6,5,,5,1,0.8276
4,1,4,4,33,6,6,,6,1,0.96
4,1,4,4,34,6,4,,3,0,2.127
4,1,4,4,35,6,4,,6,0,1.3208
4,1,4,4,36,6,3,,3,1,1.3967
4,1,4,4,37,6,3,,5,0,2.1613
4,1,4,4,38,6,4,,6,0,1.3378
4,1,4,4,39,6,2,,6,0,1.3964
4,1,4,4,40,6,6,,4,0,2.3003
4,1,4,4,41,6,2,,2,1,1.1519
4,1,4,4,42,6,5,,5,1,0.9663
4,1,4,4,43,6,4,,4,1,1.7652
4,1,4,4,44,6,2,,2,1,0.899
4,1,4,4,45,6,5,,5,1,0.9314
4,1,4,4,46,6,1,,6,0,0.9794
4,1,4,4,47,6,6,,6,1,0.8926
4,1,4,4,48,6,1,,2,0,1.2784
4,1,4,4,49,6,3,,3,1,1.3235
4,1,4,4,50,6,6,,1,0,1.2105
4,1,5,1,1,6,1,,1,1,1.0549
4,1,5,1,2,6,2,,3,0,1.0822
4,1,5,1,3,6,6,,6,1,0.9268
4,1,5,1,4,6,5,,5,1,1.0718
4,1,5,1,5,6,2,,1,0,1.3853
4,1,5,1,6,6,6,,3,0,1.2497
4,1,5,1,7,6,6,,6,1,1.0558
4,1,5,1,8,6,4,,5,0,1.1156
4,1,5,1,9,6,4,,1,0,0.8467
4,1,5,1,10,6,2,,2,1,0.8941
4,1,5,1,11,6,6,,6,1,0.7986
4,1,5,1,12,6,5,,2,0,1.3645
4,1,5,1,13,6,3,,3,1,1.4378
4,1,5,1,14,6,5,,5,1,0.9201
4,1,5,1,15,6,3,,3,1,1.3046
4,1,5,1,16,6,2,,2,1,1.1453
4,1,5,1,17,6,5,,2,0,0.8641
4,1,5,1,18,6,2,,2,1,0.8947
4,1,5,1,19,6,1,,3,0,1.1674
4,1,5,1,20,6,3,,5,0,1.329
4,1,5,1,21,6,5,,3,0,1.1156
4,1,5,1,22,6,5,,5,1,1.1035
4,1,5,1,23,6,3,,3,1,1.1608
4,1,5,1,24,6,1,,2,0,1.1189
4,1,5,1,25,6,2,,2,1,0.8349
4,1,5,1,26,6,6,,1,0,0.9183
4,1,5,1,27,6,5,,5,1,1.1868
4,1,5,1,28,6,1,,2,0,1.3044
4,1,5,1,29,6,5,,5,1,0.8675
4,1,5,1,30,6,6,,6,1,0.9981
4,1,5,1,31,6,6,,6,1,0.9796
4,1,5,1,32,6,1,,1,1,1.0088
4,1,5,1,33,6,4,,2,0,1.405
4,1,5,1,34,6,3,,3,1,1.6376
4,1,5,1,35,6,4,,4,1,1.1122
4,1,5,1,36,6,1,,5,0,1.1202
4,1,5,1,37,6,6,,1,0,1.0596
4,1,5,1,38,6,4,,4,1,1.4814
4,1,5,1,39,6,1,,6,0,0.8991
4,1,5,1,40,6,6,,6,1,0.6242
4,1,5,1,41,6,3,,3,1,1.1154
4,1,5,1,42,6,3,,1,0,0.9956
4,1,5,1,43,6,4,,3,0,1.1317
4,1,5,1,44,6,6,,1,0,1.1193
4,1,5,1,45,6,3,,3,1,1.0581
4,1,5,1,46,6,4,,5,0,0.8776
4,1,5,1,47,6,2,,2,1,1.1466
4,1,5,1,48,6,1,,3,0,1.1217
4,1,5,1,49,6,2,,2,1,1.0777
4,1,5,1,50,6,4,,2,0,1.0548
4,1,5,2,1,2,3,4,3,1,2.6267
4,1,5,2,2,2,4,2,4,1,2.0273
4,1,5,2,3,2,1,2,2,0,1.6145
4,1,5,2,4,2,3,2,3,1,1.4852
4,1,5,2,5,2,4,5,4,1,1.1424
4,1,5,2,6,2,4,3,3,0,1.9181
4,1,5,2,7,2,5,2,5,1,2.3685
4,1,5,2,8,2,6,2,6,1,2.0212
4,1,5,2,9,2,1,4,4,0,1.9764
4,1,5,2,10,2,5,2,5,1,1.08
4,1,5,2,11,2,4,6,4,1,2.5449
4,1,5,2,12,2,3,6,6,0,2.1271
4,1,5,2,13,2,3,5,3,1,1.4644
4,1,5,2,14,2,1,3,1,1,2.0345
4,1,5,2,15,2,6,3,6,1,1.1416
4,1,5,2,16,2,1,5,5,0,1.229
4,1,5,2,17,2,6,5,6,1,1.2752
4,1,5,2,18,2,6,1,1,0,2.2364
4,1,5,2,19,2,3,6,3,1,2.9147
4,1,5,2,20,2,4,1,4,1,1.6811
4,1,5,2,21,2,4,5,4,1,1.3454
4,1,5,2,22,2,2,3,2,1,1.0728
4,1,5,2,23,2,6,3,6,1,0.9058
4,1,5,2,24,2,5,3,5,1,1.0994
4,1,5,2,25,2,1,2,1,1,1.364
4,1,5,2,26,2,6,2,6,1,1.1546
4,1,5,2,27,2,2,4,2,1,1.4491
4,1,5,2,28,2,1,3,1,1,1.1243
4,1,5,2,29,2,4,1,4,1,1.1947
4,1,5,2,30,2,2,3,3,0,1.7595
4,1,5,2,31,2,3,1,1,0,1.4168
4,1,5,2,32,2,3,2,2,0,1.2316
4,1,5,2,33,2,5,1,1,0,2.7501
4,1,5,2,34,2,5,6,5,1,1.6633
4,1,5,2,35,2,1,6,6,0,1.1847
4,1,5,2,36,2,6,4,6,1,0.9608
4,1,5,2,37,2,3,2,3,1,1.3445
4,1,5,2,38,2,5,6,5,1,1.6312
4,1,5,2,39,2,2,4,2,1,1.2184
4,1,5,2,40,2,2,3,2,1,0.9825
4,1,5,2,41,2,6,5,6,1,1.012
4,1,5,2,42,2,4,5,5,0,1.3123
4,1,5,2,43,2,2,5,2,1,1.0038
4,1,5,2,44,2,5,4,4,0,2.2325
4,1,5,2,45,2,2,6,2,1,1.1987
4,1,5,2,46,2,2,4,2,1,1.0272
4,1,5,2,47,2,6,4,4,0,1.8712
4,1,5,2,48,2,6,4,6,1,0.756
4,1,5,2,49,2,1,4,1,1,1.7234
4,1,5,2,50,2,5,6,5,1,1.338
4,1,5,3,1,6,1,,6,0,1.0623
4,1,5,3,2,6,3,,3,1,1.1483
4,1,5,3,3,6,2,,2,1,0.7871
4,1,5,3,4,6,1,,1,1,0.8406
4,1,5,3,5,6,2,,2,1,0.9245
4,1,5,3,6,6,6,,6,1,0.8277
4,1,5,3,7,6,4,,3,0,2.8642
4,1,5,3,8,6,2,,2,1,1.0355
4,1,5,3,9,6,4,,2,0,1.2228
4,1,5,3,10,6,2,,6,0,0.9172
4,1,5,3,11,6,5,,4,0,1.5215
4,1,5,3,12,6,6,,6,1,0.8521
4,1,5,3,13,6,1,,2,0,1.1595
4,1,5,3,14,6,6,,6,1,0.9532
4,1,5,3,15,6,2,,2,1,0.6798
4,1,5,3,16,6,6,,1,0,0.9129
4,1,5,3,17,6,5,,6,0,1.0209
4,1,5,3,18,6,3,,3,1,1.2527
4,1,5,3,19,6,3,,3,1,0.6633
4,1,5,3,20,6,5,,2,0,0.9139
4,1,5,3,21,6,3,,4,0,0.6694
4,1,5,3,22,6,4,,2,0,0.9322
4,1,5,3,23,6,6,,6,1,0.767
4,1,5,3,24,6,6,,6,1,0.6774
4,1,5,3,25,6,3,,2,0,0.6876
4,1,5,3,26,6,2,,2,1,0.7577
4,1,5,3,27,6,3,,1,0,0.6678
4,1,5,3,28,6,3,,3,1,1.33
4,1,5,3,29,6,5,,4,0,0.7051
4,1,5,3,30,6,1,,4,0,2.8056
4,1,5,3,31,6,2,,2,1,1.0442
4,1,5,3,32,6,4,,4,1,1.2316
4,1,5,3,33,6,5,,5,1,0.8351
4,1,5,3,34,6,2,,2,1,0.8388
4,1,5,3,35,6,1,,1,1,1.211
4,1,5,3,36,6,5,,5,1,1.4709
4,1,5,3,37,6,4,,2,0,1.0487
4,1,5,3,38,6,1,,1,1,0.9589
4,1,5,3,39,6,5,,5,1,1.0216
4,1,5,3,40,6,4,,4,1,2.138
4,1,5,3,41,6,6,,1,0,1.1917
4,1,5,3,42,6,3,,2,0,0.7435
4,1,5,3,43,6,4,,4,1,1.6264
4,1,5,3,44,6,6,,6,1,1.1815
4,1,5,3,45,6,6,,4,0,1.4588
4,1,5,3,46,6,1,,3,0,0.7446
4,1,5,3,47,6,4,,4,1,2.0438
4,1,5,3,48,6,6,,6,1,0.9731
4,1,5,3,49,6,5,,1,0,1.0349
4,1,5,3,50,6,1,,6,0,0.9784
4,1,5,4,1,2,6,5,6,1,0.9205
4,1,5,4,2,2,6,2,6,1,0.7293
4,1,5,4,3,2,5,3,5,1,1.3774
4,1,5,4,4,2,4,6,4,1,1.5823
4,1,5,4,5,2,4,3,3,0,2.1477
4,1,5,4,6,2,2,4,2,1,1.2445
4,1,5,4,7,2,6,1,6,1,0.9428
4,1,5,4,8,2,1,3,3,0,1.8219
4,1,5,4,9,2,2,4,2,1,1.0608
4,1,5,4,10,2,2,5,2,1,0.8166
4,1,5,4,11,2,1,6,6,0,1.0452
4,1,5,4,12,2,3,2,3,1,1.1628
4,1,5,4,13,2,5,2,5,1,1.8569
4,1,5,4,14,2,1,5,1,1,1.2413
4,1,5,4,15,2,6,3,6,1,1.3731
4,1,5,4,16,2,4,3,3,0,1.3394
4,1,5,4,17,2,2,4,2,1,1.4295
4,1,5,4,18,2,4,3,4,1,2.0164
4,1,5,4,19,2,3,6,3,1,2.6111
4,1,5,4,20,2,6,4,6,1,1.2783
4,1,5,4,21,2,1,2,1,1,1.6157
4,1,5,4,22,2,3,2,3,1,1.4113
4,1,5,4,23,2,6,1,6,1,0.8473
4,1,5,4,24,2,4,1,4,1,1.8262
4,1,5,4,25,2,3,5,3,1,1.2127
4,1,5,4,26,2,5,6,5,1,1.6488
4,1,5,4,27,2,6,1,1,0,1.2033
4,1,5,4,28,2,2,4,2,1,1.1388
4,1,5,4,29,2,5,2,2,0,1.8025
4,1,5,4,30,2,5,1,5,1,1.2978
4,1,5,4,31,2,2,1,2,1,1.267
4,1,5,4,32,2,2,5,2,1,1.173
4,1,5,4,33,2,6,2,6,1,1.1955
4,1,5,4,34,2,3,6,6,0,2.9446
4,1,5,4,35,2,3,4,3,1,1.0804
4,1,5,4,36,2,2,4,2,1,1.2333
4,1,5,4,37,2,3,2,3,1,1.5411
4,1,5,4,38,2,1,3,3,0,3.1956
4,1,5,4,39,2,5,3,5,1,1.2261
4,1,5,4,40,2,5,1,5,1,1.8849
4,1,5,4,41,2,6,3,6,1,1.0944
4,1,5,4,42,2,5,4,4,0,1.2633
4,1,5,4,43,2,3,1,1,0,1.0041
4,1,5,4,44,2,4,1,4,1,2.3244
4,1,5,4,45,2,1,3,1,1,1.0826
4,1,5,4,46,2,4,6,6,0,1.0286
4,1,5,4,47,2,1,3,3,0,2.4601
4,1,5,4,48,2,4,5,5,0,1.848
4,1,5,4,49,2,1,6,1,1,1.2938
4,1,5,4,50,2,6,5,5,0,1.4868
4,2,1,1,1,6,1,,6,0,1.1994
4,2,1,1,2,6,3,,3,1,1.5522
4,2,1,1,3,6,4,,4,1,2.2465
4,2,1,1,4,6,5,,1,0,1.2325
4,2,1,1,5,6,4,,3,0,1.8402
4,2,1,1,6,6,5,,2,0,1.1746
4,2,1,1,7,6,5,,5,1,2.7119
4,2,1,1,8,6,2,,2,1,1.1192
4,2,1,1,9,6,5,,5,1,1.1749
4,2,1,1,10,6,6,,6,1,0.8939
4,2,1,1,11,6,6,,3,0,1.2958
4,2,1,1,12,6,4,,4,1,1.5489
4,2,1,1,13,6,3,,3,1,1.3628
4,2,1,1,14,6,6,,6,1,1.0416
4,2,1,1,15,6,6,,4,0,1.3255
4,2,1,1,16,6,1,,3,0,2.0249
4,2,1,1,17,6,4,,4,1,1.8799
4,2,1,1,18,6,3,,1,0,1.7293
4,2,1,1,19,6,1,,4,0,1.708
4,2,1,1,20,6,1,,3,0,1.1917
4,2,1,1,21,6,5,,1,0,1.4488
4,2,1,1,22,6,5,,2,0,1.0863
4,2,1,1,23,6,4,,1,0,1.1553
4,2,1,1,24,6,2,,2,1,1.0461
4,2,1,1,25,6,2,,2,1,0.8981
4,2,1,1,26,6,5,,5,1,1.075
4,2,1,1,27,6,1,,1,1,1.6129
4,2,1,1,28,6,6,,3,0,0.8819
4,2,1,1,29,6,2,,2,1,0.8473
4,2,1,1,30,6,6,,6,1,0.7539
4,2,1,1,31,6,4,,3,0,1.2094
4,2,1,1,32,6,4,,3,0,1.7063
4,2,1,1,33,6,1,,6,0,1.1899
4,2,1,1,34,6,2,,2,1,1.1592
4,2,1,1,35,6,6,,3,0,1.0544
4,2,1,1,36,6,3,,3,1,1.1565
4,2,1,1,37,6,3,,4,0,1.4514
4,2,1,1,38,6,1,,2,0,1.2335
4,2,1,1,39,6,1,,1,1,1.1364
4,2,1,1,40,6,3,,3,1,1.0961
4,2,1,1,41,6,4,,4,1,1.2169
4,2,1,1,42,6,3,,2,0,1.013
4,2,1,1,43,6,6,,6,1,0.9573
4,2,1,1,44,6,2,,2,1,0.9246
4,2,1,1,45,6,3,,1,0,1.2611
4,2,1,1,46,6,6,,2,0,0.8591
4,2,1,1,47,6,2,,2,1,0.6658
4,2,1,1,48,6,2,,6,0,1.9727
4,2,1,1,49,6,6,,3,0,1.3177
4,2,1,1,50,6,5,,1,0,2.161
4,2,1,2,1,2,2,3,2,1,1.1757
4,2,1,2,2,2,5,1,5,1,1.294
4,2,1,2,3,2,6,5,6,1,1.3757
4,2,1,2,4,2,1,2,2,0,0.9575
4,2,1,2,5,2,1,6,1,1,1.928
4,2,1,2,6,2,6,1,1,0,1.7594
4,2,1,2,7,2,6,5,6,1,0.8736
4,2,1,2,8,2,2,6,2,1,0.8759
4,2,1,2,9,2,3,1,3,1,2.9903
4,2,1,2,10,2,3,5,5,0,1.5781
4,2,1,2,11,2,1,6,1,1,0.795
4,2,1,2,12,2,4,6,6,0,1.7456
4,2,1,2,13,2,1,3,1,1,3.9635
4,2,1,2,14,2,4,1,1,0,1.1998
4,2,1,2,15,2,5,3,3,0,1.6321
4,2,1,2,16,2,3,2,3,1,1.4864
4,2,1,2,17,2,1,5,1,1,1.6875
4,2,1,2,18,2,4,6,4,1,2.2004
4,2,1,2,19,2,4,3,4,1,1.9722
4,2,1,2,20,2,6,2,6,1,1.1614
4,2,1,2,21,2,4,5,5,0,1.5208
4,2,1,2,22,2,2,6,2,1,1.0283
4,2,1,2,23,2,5,1,5,1,2.8965
4,2,1,2,24,2,3,5,3,1,3.3764
4,2,1,2,25,2,6,1,6,1,1.148
4,2,1,2,26,2,6,2,2,0,1.4431
4,2,1,2,27,2,5,1,5,1,1.5775
4,2,1,2,28,2,4,5,4,1,1.6154
4,2,1,2,29,2,2,4,2,1,1.0589
4,2,1,2,30,2,5,6,5,1,1.2785
4,2,1,2,31,2,1,3,3,0,1.9201
4,2,1,2,32,2,3,4,3,1,3.8435
4,2,1,2,33,2,2,6,2,1,1.1476
4,2,1,2,34,2,2,3,3,0,2.1626
4,2,1,2,35,2,6,4,6,1,1.6118
4,2,1,2,36,2,5,4,4,0,2.705
4,2,1,2,37,2,2,3,2,1,1.0592
4,2,1,2,38,2,6,2,6,1,0.9586
4,2,1,2,39,2,3,1,3,1,1.0218
4,2,1,2,40,2,5,1,1,0,1.6097
4,2,1,2,41,2,2,1,2,1,1.146
4,2,1,2,42,2,3,1,3,1,1.569
4,2,1,2,43,2,4,3,4,1,1.7351
4,2,1,2,44,2,4,6,4,1,2.15
4,2,1,2,45,2,6,2,6,1,1.0762
4,2,1,2,46,2,5,6,5,1,1.6305
4,2,1,2,47,2,1,2,1,1,1.2335
4,2,1,2,48,2,6,5,6,1,1.2851
4,2,1,2,49,2,1,4,1,1,1.3824
4,2,1,2,50,2,3,6,6,0,1.1715
4,2,1,3,1,6,5,,5,1,1.3787
4,2,1,3,2,6,2,,2,1,0.9937
4,2,1,3,3,6,4,,4,1,1.6473
4,2,1,3,4,6,5,,3,0,1.2017
4,2,1,3,5,6,5,,3,0,1.266
4,2,1,3,6,6,1,,1,1,0.9437
4,2,1,3,7,6,3,,2,0,1.0236
4,2,1,3,8,6,4,,2,0,1.0953
4,2,1,3,9,6,6,,2,0,1.6914
4,2,1,3,10,6,2,,2,1,1.1604
4,2,1,3,11,6,6,,6,1,1.1829
4,2,1,3,12,6,2,,2,1,1.1245
4,2,1,3,13,6,6,,6,1,0.909
4,2,1,3,14,6,4,,6,0,0.7979
4,2,1,3,15,6,6,,3,0,1.2943
4,2,1,3,16,6,4,,4,1,1.4826
4,2,1,3,17,6,6,,6,1,1.1886
4,2,1,3,18,6,1,,1,1,1.4661
4,2,1,3,19,6,4,,4,1,1.4438
4,2,1,3,20,6,4,,6,0,0.9751
4,2,1,3,21,6,5,,6,0,0.7929
4,2,1,3,22,6,6,,6,1,0.826
4,2,1,3,23,6,5,,2,0,1.1831
4,2,1,3,24,6,4,,4,1,1.104
4,2,1,3,25,6,2,,2,1,0.9048
4,2,1,3,26,6,6,,6,1,0.6821
4,2,1,3,27,6,3,,5,0,1.0768
4,2,1,3,28,6,1,,1,1,1.2421
4,2,1,3,29,6,1,,6,0,0.782
4,2,1,3,30,6,1,,2,0,0.9913
4,2,1,3,31,6,4,,4,1,1.3206
4,2,1,3,32,6,1,,1,1,1.0165
4,2,1,3,33,6,5,,3,0,1.2525
4,2,1,3,34,6,3,,3,1,1.0276
4,2,1,3,35,6,3,,3,1,0.6396
4,2,1,3,36,6,2,,2,1,0.812
4,2,1,3,37,6,3,,3,1,0.6257
4,2,1,3,38,6,6,,6,1,0.9584
4,2,1,3,39,6,3,,6,0,0.7493
4,2,1,3,40,6,3,,6,0,0.8159
4,2,1,3,41,6,1,,1,1,0.8962
4,2,1,3,42,6,2,,2,1,0.6736
4,2,1,3,43,6,5,,1,0,0.8596
4,2,1,3,44,6,6,,6,1,0.7471
4,2,1,3,45,6,1,,1,1,0.8504
4,2,1,3,46,6,5,,4,0,1.3818
4,2,1,3,47,6,2,,2,1,1.2141
4,2,1,3,48,6,3,,4,0,2.6427
4,2,1,3,49,6,6,,6,1,0.92
4,2,1,3,50,6,2,,2,1,1.6721
4,2,1,4,1,2,2,5,2,1,1.1594
4,2,1,4,2,2,1,4,4,0,2.4628
4,2,1,4,3,2,6,5,6,1,1.7392
4,2,1,4,4,2,3,5,3,1,1.7699
4,2,1,4,5,2,4,3,3,0,1.3031
4,2,1,4,6,2,6,5,6,1,1.0919
4,2,1,4,7,2,3,5,3,1,1.3412
4,2,1,4,8,2,2,4,2,1,1.0212
4,2,1,4,9,2,2,3,3,0,1.1612
4,2,1,4,10,2,5,1,5,1,0.9705
4,2,1,4,11,2,5,1,1,0,1.4177
4,2,1,4,12,2,4,2,4,1,1.217
4,2,1,4,13,2,3,2,3,1,1.0612
4,2,1,4,14,2,3,1,3,1,1.9681
4,2,1,4,15,2,6,3,6,1,0.9657
4,2,1,4,16,2,5,2,2,0,1.7637
4,2,1,4,17,2,6,2,2,0,1.7406
4,2,1,4,18,2,5,6,5,1,1.4311
4,2,1,4,19,2,2,3,2,1,0.9625
4,2,1,4,20,2,2,1,2,1,1.3127
4,2,1,4,21,2,5,1,1,0,1.4576
4,2,1,4,22,2,4,6,4,1,1.2403
4,2,1,4,23,2,5,3,5,1,1.4195
4,2,1,4,24,2,3,4,3,1,1.16
4,2,1,4,25,2,3,2,3,1,1.7262
4,2,1,4,26,2,2,6,2,1,0.8944
4,2,1,4,27,2,2,4,4,0,1.2962
4,2,1,4,28,2,1,4,4,0,2.2039
4,2,1,4,29,2,6,1,6,1,1.1392
4,2,1,4,30,2,3,2,3,1,2.3314
4,2,1,4,31,2,4,5,4,1,2.2095
4,2,1,4,32,2,6,2,2,0,2.4773
4,2,1,4,33,2,4,6,4,1,2.025
4,2,1,4,34,2,1,2,2,0,1.3083
4,2,1,4,35,2,4,2,4,1,1.6083
4,2,1,4,36,2,3,4,4,0,1.549
4,2,1,4,37,2,4,6,4,1,1.1028
4,2,1,4,38,2,1,3,1,1,1.6556
4,2,1,4,39,2,1,2,2,0,1.0184
4,2,1,4,40,2,2,3,2,1,1.0099
4,2,1,4,41,2,6,5,6,1,1.0551
4,2,1,4,42,2,4,5,4,1,1.3056
4,2,1,4,43,2,6,4,6,1,1.1306
4,2,1,4,44,2,6,4,6,1,1.7941
4,2,1,4,45,2,6,2,6,1,1.0557
4,2,1,4,46,2,5,4,5,1,1.1142
4,2,1,4,47,2,1,2,1,1,2.355
4,2,1,4,48,2,1,4,4,0,2.6006
4,2,1,4,49,2,1,4,1,1,1.1507
4,2,1,4,50,2,5,2,2,0,2.0543
4,2,2,1,1,2,3,5,3,1,1.5011
4,2,2,1,2,2,1,5,5,0,2.326
4,2,2,1,3,2,2,6,2,1,1.1442
4,2,2,1,4,2,1,6,1,1,1.232
4,2,2,1,5,2,5,6,6,0,1.1555
4,2,2,1,6,2,4,3,4,1,1.6212
4,2,2,1,7,2,5,4,4,0,2.2336
4,2,2,1,8,2,1,6,1,1,1.791
4,2,2,1,9,2,2,5,2,1,1.0042
4,2,2,1,10,2,6,3,6,1,0.9373
4,2,2,1,11,2,4,5,5,0,2.0094
4,2,2,1,12,2,1,2,2,0,1.7045
4,2,2,1,13,2,3,2,3,1,1.5081
4,2,2,1,14,2,5,2,5,1,0.9566
4,2,2,1,15,2,3,1,3,1,1.5478
4,2,2,1,16,2,6,4,6,1,1.1869
4,2,2,1,17,2,3,2,3,1,1.1282
4,2,2,1,18,2,6,3,6,1,0.9927
4,2,2,1,19,2,5,3,5,1,0.8622
4,2,2,1,20,2,2,6,2,1,1.0406
4,2,2,1,21,2,5,6,6,0,1.0366
4,2,2,1,22,2,2,1,2,1,1.0115
4,2,2,1,23,2,1,5,1,1,1.2489
4,2,2,1,24,2,4,2,4,1,1.3956
4,2,2,1,25,2,2,1,2,1,0.8812
4,2,2,1,26,2,3,1,3,1,1.1067
4,2,2,1,27,2,3,5,3,1,2.6841
4,2,2,1,28,2,1,2,2,0,1.2518
4,2,2,1,29,2,4,5,4,1,1.3941
4,2,2,1,30,2,6,3,6,1,1.1029
4,2,2,1,31,2,6,2,6,1,1.6886
4,2,2,1,32,2,1,4,4,0,2.4574
4,2,2,1,33,2,4,3,4,1,1.3185
4,2,2,1,34,2,1,2,2,0,1.6863
4,2,2,1,35,2,6,3,3,0,2.3551
4,2,2,1,36,2,6,1,1,0,1.956
4,2,2,1,37,2,2,1,2,1,1.4451
4,2,2,1,38,2,5,4,4,0,1.4889
4,2,2,1,39,2,5,3,5,1,1.9096
4,2,2,1,40,2,2,5,2,1,1.5499
4,2,2,1,41,2,6,2,6,1,1.3798
4,2,2,1,42,2,3,6,3,1,1.4256
4,2,2,1,43,2,3,1,3,1,3.1658
4,2,2,1,44,2,4,6,4,1,1.7294
4,2,2,1,45,2,2,4,2,1,2.3533
4,2,2,1,46,2,4,2,4,1,1.5589
4,2,2,1,47,2,4,2,2,0,1.4212
4,2,2,1,48,2,5,1,5,1,1.3807
4,2,2,1,49,2,6,4,4,0,3.65
4,2,2,1,50,2,6,2,6,1,1.8373
4,2,2,2,1,6,6,,6,1,1.8466
4,2,2,2,2,6,6,,4,0,3.8728
4,2,2,2,3,6,5,,3,0,1.6834
4,2,2,2,4,6,6,,1,0,1.1836
4,2,2,2,5,6,1,,1,1,1.0564
4,2,2,2,6,6,1,,3,0,1.0678
4,2,2,2,7,6,2,,2,1,0.8979
4,2,2,2,8,6,6,,6,1,0.8663
4,2,2,2,9,6,3,,3,1,1.0936
4,2,2,2,10,6,6,,6,1,0.9587
4,2,2,2,11,6,4,,3,0,1.5664
4,2,2,2,12,6,2,,6,0,1.0391
4,2,2,2,13,6,1,,1,1,1.2706
4,2,2,2,14,6,2,,2,1,1.1285
4,2,2,2,15,6,3,,1,0,1.8729
4,2,2,2,16,6,6,,1,0,1.174
4,2,2,2,17,6,6,,3,0,1.2556
4,2,2,2,18,6,2,,2,1,0.966
4,2,2,2,19,6,6,,6,1,1.0121
4,2,2,2,20,6,1,,1,1,1.361
4,2,2,2,21,6,4,,3,0,1.3757
4,2,2,2,22,6,6,,6,1,1.049
4,2,2,2,23,6,1,,6,0,0.7719
4,2,2,2,24,6,4,,4,1,1.4621
4,2,2,2,25,6,1,,6,0,0.7683
4,2,2,2,26,6,3,,1,0,1.1551
4,2,2,2,27,6,5,,2,0,1.2211
4,2,2,2,28,6,3,,3,1,1.1408
4,2,2,2,29,6,6,,6,1,0.9887
4,2,2,2,30,6,3,,1,0,1.1466
4,2,2,2,31,6,5,,3,0,1.165
4,2,2,2,32,6,2,,2,1,0.9739
4,2,2,2,33,6,2,,2,1,1.2451
4,2,2,2,34,6,2,,2,1,0.9764
4,2,2,2,35,6,4,,6,0,1.0549
4,2,2,2,36,6,4,,1,0,1.3493
4,2,2,2,37,6,4,,2,0,0.9917
4,2,2,2,38,6,3,,2,0,1.2889
4,2,2,2,39,6,2,,2,1,0.7413
4,2,2,2,40,6,3,,3,1,1.278
4,2,2,2,41,6,5,,1,0,0.9284
4,2,2,2,42,6,5,,6,0,1.9794
4,2,2,2,43,6,1,,1,1,1.1155
4,2,2,2,44,6,5,,1,0,1.2038
4,2,2,2,45,6,5,,3,0,1.4123
4,2,2,2,46,6,4,,6,0,0.9075
4,2,2,2,47,6,5,,5,1,0.984
4,2,2,2,48,6,4,,2,0,1.9414
4,2,2,2,49,6,3,,3,1,1.2236
4,2,2,2,50,6,1,,6,0,0.9726
4,2,2,3,1,2,3,1,3,1,2.0994
4,2,2,3,2,2,6,5,6,1,1.3799
4,2,2,3,3,2,6,2,6,1,1.8895
4,2,2,3,4,2,5,3,5,1,1.0989
4,2,2,3,5,2,2,4,2,1,1.6351
4,2,2,3,6,2,5,3,3,0,1.4625
4,2,2,3,7,2,5,2,2,0,3.1476
4,2,2,3,8,2,4,1,4,1,1.2917
4,2,2,3,9,2,2,5,2,1,1.0216
4,2,2,3,10,2,3,1,1,0,1.6901
4,2,2,3,11,2,6,3,6,1,1.7021
4,2,2,3,12,2,5,4,4,0,2.1668
4,2,2,3,13,2,3,5,3,1,1.1675
4,2,2,3,14,2,1,5,1,1,1.7659
4,2,2,3,15,2,3,1,1,0,1.1552
4,2,2,3,16,2,4,5,4,1,1.5898
4,2,2,3,17,2,4,5,4,1,1.3705
4,2,2,3,18,2,6,2,6,1,2.2965
4,2,2,3,19,2,3,2,2,0,1.4574
4,2,2,3,20,2,1,6,1,1,1.1912
4,2,2,3,21,2,4,2,4,1,1.5808
4,2,2,3,22,2,2,1,2,1,1.0901
4,2,2,3,23,2,6,2,6,1,1.0035
4,2,2,3,24,2,1,4,1,1,1.3844
4,2,2,3,25,2,6,2,6,1,1.3978
4,2,2,3,26,2,2,4,2,1,1.139
4,2,2,3,27,2,1,4,1,1,1.6585
4,2,2,3,28,2,5,6,5,1,1.9325
4,2,2,3,29,2,6,3,3,0,2.0194
4,2,2,3,30,2,6,2,2,0,1.6339
4,2,2,3,31,2,2,6,2,1,0.9445
4,2,2,3,32,2,1,2,1,1,1.9843
4,2,2,3,33,2,2,4,2,1,1.061
4,2,2,3,34,2,4,6,4,1,1.5673
4,2,2,3,35,2,4,5,4,1,1.6048
4,2,2,3,36,2,3,6,3,1,2.1536
4,2,2,3,37,2,1,2,2,0,1.2708
4,2,2,3,38,2,6,2,2,0,1.2529
4,2,2,3,39,2,4,2,4,1,1.123
4,2,2,3,40,2,5,6,5,1,1.0674
4,2,2,3,41,2,6,5,6,1,1.2055
4,2,2,3,42,2,5,2,5,1,1.0669
4,2,2,3,43,2,5,4,5,1,1.4772
4,2,2,3,44,2,3,6,3,1,1.1179
4,2,2,3,45,2,2,3,2,1,1.2865
4,2,2,3,46,2,2,1,1,0,2.3122
4,2,2,3,47,2,3,5,3,1,1.5303
4,2,2,3,48,2,1,3,3,0,2.2093
4,2,2,3,49,2,4,6,4,1,1.8325
4,2,2,3,50,2,1,5,1,1,1.4117
4,2,2,4,1,6,6,,3,0,1.4065
4,2,2,4,2,6,1,,6,0,1.3023
4,2,2,4,3,6,5,,2,0,1.074
4,2,2,4,4,6,3,,1,0,1.1597
4,2,2,4,5,6,5,,5,1,0.9862
4,2,2,4,6,6,1,,1,1,0.7754
4,2,2,4,7,6,4,,4,1,0.942
4,2,2,4,8,6,6,,6,1,1.0223
4,2,2,4,9,6,6,,6,1,0.6184
4,2,2,4,10,6,3,,3,1,0.9191
4,2,2,4,11,6,6,,6,1,0.9842
4,2,2,4,12,6,6,,6,1,0.8699
4,2,2,4,13,6,4,,2,0,1.0644
4,2,2,4,14,6,3,,3,1,0.9741
4,2,2,4,15,6,2,,2,1,0.7484
4,2,2,4,16,6,4,,1,0,1.1399
4,2,2,4,17,6,2,,2,1,1.335
4,2,2,4,18,6,6,,6,1,0.9505
4,2,2,4,19,6,6,,6,1,0.6779
4,2,2,4,20,6,4,,1,0,1.0394
4,2,2,4,21,6,1,,3,0,1.7513
4,2,2,4,22,6,3,,3,1,1.1849
4,2,2,4,23,6,2,,2,1,1.2539
4,2,2,4,24,6,3,,3,1,1.0972
4,2,2,4,25,6,3,,3,1,1.1858
4,2,2,4,26,6,6,,1,0,1.5598
4,2,2,4,27,6,1,,1,1,0.9217
4,2,2,4,28,6,4,,5,0,0.922
4,2,2,4,29,6,1,,3,0,1.2058
4,2,2,4,30,6,3,,3,1,1.2703
4,2,2,4,31,6,5,,5,1,0.8087
4,2,2,4,32,6,2,,1,0,1.5176
4,2,2,4,33,6,3,,4,0,1.4095
4,2,2,4,34,6,2,,2,1,0.985
4,2,2,4,35,6,1,,1,1,1.3355
4,2,2,4,36,6,4,,4,1,1.1909
4,2,2,4,37,6,4,,4,1,0.7956
4,2,2,4,38,6,5,,5,1,1.0419
4,2,2,4,39,6,5,,6,0,0.8136
4,2,2,4,40,6,2,,2,1,0.926
4,2,2,4,41,6,6,,6,1,0.7333
4,2,2,4,42,6,4,,1,0,0.8696
4,2,2,4,43,6,1,,3,0,1.3962
4,2,2,4,44,6,2,,2,1,1.1483
4,2,2,4,45,6,2,,3,0,1.2029
4,2,2,4,46,6,6,,6,1,2.5314
4,2,2,4,47,6,5,,5,1,1.1053
4,2,2,4,48,6,5,,6,0,1.4342
4,2,2,4,49,6,1,,3,0,1.4886
4,2,2,4,50,6,5,,3,0,1.046
4,2,3,1,1,6,2,,2,1,1.0859
4,2,3,1,2,6,5,,1,0,1.3679
4,2,3,1,3,6,3,,3,1,1.2169
4,2,3,1,4,6,6,,6,1,1.3492
4,2,3,1,5,6,1,,1,1,0.8037
4,2,3,1,6,6,6,,6,1,1.4015
4,2,3,1,7,6,4,,4,1,1.798
4,2,3,1,8,6,2,,2,1,1.4099
4,2,3,1,9,6,6,,6,1,1.1992
4,2,3,1,10,6,1,,1,1,1.6362
4,2,3,1,11,6,4,,3,0,0.9824
4,2,3,1,12,6,6,,6,1,0.976
4,2,3,1,13,6,6,,5,0,1.5346
4,2,3,1,14,6,6,,6,1,0.6727
4,2,3,1,15,6,2,,2,1,1.2121
4,2,3,1,16,6,3,,3,1,1.3444
4,2,3,1,17,6,3,,1,0,1.4713
4,2,3,1,18,6,5,,5,1,0.9805
4,2,3,1,19,6,3,,2,0,1.3951
4,2,3,1,20,6,4,,2,0,0.9705
4,2,3,1,21,6,6,,6,1,1.157
4,2,3,1,22,6,3,,4,0,4.0281
4,2,3,1,23,6,5,,2,0,1.5122
4,2,3,1,24,6,1,,6,0,1.3399
4,2,3,1,25,6,5,,1,0,2.1664
4,2,3,1,26,6,6,,1,0,0.7348
4,2,3,1,27,6,5,,5,1,1.667
4,2,3,1,28,6,3,,1,0,0.98
4,2,3,1,29,6,1,,2,0,1.4532
4,2,3,1,30,6,4,,4,1,1.5557
4,2,3,1,31,6,2,,3,0,2.1861
4,2,3,1,32,6,6,,2,0,0.9303
4,2,3,1,33,6,4,,1,0,1.2614
4,2,3,1,34,6,4,,1,0,1.4828
4,2,3,1,35,6,2,,2,1,1.0238
4,2,3,1,36,6,2,,2,1,0.9882
4,2,3,1,37,6,4,,1,0,1.194
4,2,3,1,38,6,5,,3,0,1.7545
4,2,3,1,39,6,1,,1,1,0.7242
4,2,3,1,40,6,3,,2,0,1.0841
4,2,3,1,41,6,4,,6,0,1.0737
4,2,3,1,42,6,5,,4,0,1.3034
4,2,3,1,43,6,1,,1,1,1.3961
4,2,3,1,44,6,5,,3,0,0.8805
4,2,3,1,45,6,6,,6,1,0.686
4,2,3,1,46,6,3,,1,0,0.7918
4,2,3,1,47,6,2,,2,1,0.9362
4,2,3,1,48,6,2,,2,1,0.7765
4,2,3,1,49,6,1,,1,1,0.8145
4,2,3,1,50,6,1,,1,1,0.6429
4,2,3,2,1,2,1,4,1,1,2.4438
4,2,3,2,2,2,3,2,3,1,2.99
4,2,3,2,3,2,3,2,3,1,2.7462
4,2,3,2,4,2,4,1,4,1,1.8872
4,2,3,2,5,2,6,3,6,1,2.6318
4,2,3,2,6,2,5,3,5,1,1.3777
4,2,3,2,7,2,2,3,2,1,1.1841
4,2,3,2,8,2,6,3,3,0,2.3899
4,2,3,2,9,2,4,6,6,0,1.4455
4,2,3,2,10,2,6,4,6,1,1.2434
4,2,3,2,11,2,1,5,1,1,1.919
4,2,3,2,12,2,3,2,2,0,1.3505
4,2,3,2,13,2,4,3,4,1,1.5205
4,2,3,2,14,2,5,6,5,1,1.3685
4,2,3,2,15,2,2,3,2,1,1.6226
4,2,3,2,16,2,5,3,5,1,1.0176
4,2,3,2,17,2,4,5,5,0,1.5588
4,2,3,2,18,2,2,3,2,1,1.1926
4,2,3,2,19,2,5,2,5,1,1.0528
4,2,3,2,20,2,4,1,4,1,4.3602
4,2,3,2,21,2,5,3,5,1,0.9237
4,2,3,2,22,2,6,2,6,1,1.6439
4,2,3,2,23,2,2,1,2,1,1.0383
4,2,3,2,24,2,1,4,1,1,1.5627
4,2,3,2,25,2,3,2,2,0,1.3279
4,2,3,2,26,2,5,2,5,1,0.9707
4,2,3,2,27,2,6,3,6,1,1.5938
4,2,3,2,28,2,3,2,3,1,1.7428
4,2,3,2,29,2,5,4,5,1,1.6292
4,2,3,2,30,2,6,3,6,1,1.1845
4,2,3,2,31,2,6,5,6,1,1.0781
4,2,3,2,32,2,1,6,1,1,0.9608
4,2,3,2,33,2,1,3,1,1,1.3271
4,2,3,2,34,2,4,5,5,0,1.7269
4,2,3,2,35,2,4,1,1,0,1.3218
4,2,3,2,36,2,2,4,2,1,1.1407
4,2,3,2,37,2,3,6,3,1,1.2129
4,2,3,2,38,2,4,2,2,0,1.2333
4,2,3,2,39,2,2,1,1,0,1.3921
4,2,3,2,40,2,6,2,6,1,0.8568
4,2,3,2,41,2,3,6,3,1,2.1399
4,2,3,2,42,2,2,5,2,1,1.2902
4,2,3,2,43,2,2,6,2,1,1.0678
4,2,3,2,44,2,6,5,5,0,1.9746
4,2,3,2,45,2,1,3,1,1,1.2061
4,2,3,2,46,2,3,2,3,1,1.1636
4,2,3,2,47,2,6,1,1,0,0.8336
4,2,3,2,48,2,1,5,1,1,1.0727
4,2,3,2,49,2,5,6,5,1,1.0675
4,2,3,2,50,2,1,4,1,1,1.1257
4,2,3,3,1,6,6,,3,0,1.819
4,2,3,3,2,6,2,,3,0,1.1699
4,2,3,3,3,6,6,,6,1,0.8358
4,2,3,3,4,6,4,,4,1,1.3516
4,2,3,3,5,6,3,,1,0,0.8221
4,2,3,3,6,6,6,,6,1,1.2377
4,2,3,3,7,6,4,,1,0,1.3211
4,2,3,3,8,6,4,,4,1,1.2372
4,2,3,3,9,6,1,,3,0,1.4328
4,2,3,3,10,6,5,,3,0,1.0869
4,2,3,3,11,6,3,,3,1,0.9319
4,2,3,3,12,6,2,,5,0,1.268
4,2,3,3,13,6,6,,2,0,1.3617
4,2,3,3,14,6,1,,1,1,1.5791
4,2,3,3,15,6,1,,5,0,1.2321
4,2,3,3,16,6,2,,2,1,1.087
4,2,3,3,17,6,6,,6,1,1.3369
4,2,3,3,18,6,3,,3,1,1.2407
4,2,3,3,19,6,4,,4,1,1.6277
4,2,3,3,20,6,1,,1,1,1.1509
4,2,3,3,21,6,3,,3,1,1.3822
4,2,3,3,22,6,2,,2,1,1.0751
4,2,3,3,23,6,2,,2,1,1.0218
4,2,3,3,24,6,3,,3,1,1.1779
4,2,3,3,25,6,2,,2,1,0.9763
4,2,3,3,26,6,6,,6,1,1.3256
4,2,3,3,27,6,2,,2,1,1.1344
4,2,3,3,28,6,4,,5,0,1.8462
4,2,3,3,29,6,6,,6,1,1.1797
4,2,3,3,30,6,6,,3,0,1.4087
4,2,3,3,31,6,4,,3,0,0.9522
4,2,3,3,32,6,2,,2,1,1.203
4,2,3,3,33,6,5,,5,1,1.0798
4,2,3,3,34,6,3,,3,1,1.4253
4,2,3,3,35,6,5,,1,0,1.0856
4,2,3,3,36,6,5,,4,0,1.4431
4,2,3,3,37,6,6,,4,0,1.2883
4,2,3,3,38,6,1,,6,0,1.4132
4,2,3,3,39,6,1,,1,1,0.9095
4,2,3,3,40,6,3,,3,1,1.3572
4,2,3,3,41,6,4,,4,1,1.2607
4,2,3,3,42,6,1,,1,1,1.1501
4,2,3,3,43,6,1,,1,1,1.3497
4,2,3,3,44,6,4,,2,0,1.1403
4,2,3,3,45,6,6,,6,1,0.8555
4,2,3,3,46,6,5,,4,0,1.6587
4,2,3,3,47,6,3,,3,1,1.1759
4,2,3,3,48,6,5,,2,0,1.1337
4,2,3,3,49,6,5,,2,0,1.1374
4,2,3,3,50,6,5,,4,0,1.4441
4,2,3,4,1,2,2,3,2,1,1.2708
4,2,3,4,2,2,1,4,4,0,1.2732
4,2,3,4,3,2,2,3,2,1,0.9816
4,2,3,4,4,2,3,4,4,0,2.1479
4,2,3,4,5,2,1,3,1,1,1.2134
4,2,3,4,6,2,1,5,1,1,2.1129
4,2,3,4,7,2,1,3,3,0,1.4246
4,2,3,4,8,2,6,2,2,0,1.2393
4,2,3,4,9,2,5,2,5,1,1.2064
4,2,3,4,10,2,4,6,4,1,1.3232
4,2,3,4,11,2,3,2,3,1,1.2272
4,2,3,4,12,2,5,3,3,0,2.4627
4,2,3,4,13,2,2,6,2,1,1.2912
4,2,3,4,14,2,6,1,6,1,0.9243
4,2,3,4,15,2,2,1,2,1,1.709
4,2,3,4,16,2,3,6,3,1,2.1564
4,2,3,4,17,2,4,5,4,1,1.3065
4,2,3,4,18,2,6,1,6,1,1.1309
4,2,3,4,19,2,1,5,5,0,1.1869
4,2,3,4,20,2,4,1,4,1,1.0598
4,2,3,4,21,2,4,3,4,1,1.775
4,2,3,4,22,2,4,3,3,0,1.7725
4,2,3,4,23,2,1,2,1,1,1.7496
4,2,3,4,24,2,3,5,5,0,2.9798
4,2,3,4,25,2,4,3,3,0,1.1312
4,2,3,4,26,2,6,2,6,1,2.7501
4,2,3,4,27,2,6,5,6,1,0.9474
4,2,3,4,28,2,1,2,2,0,2.0345
4,2,3,4,29,2,2,1,2,1,0.9926
4,2,3,4,30,2,5,6,5,1,1.3412
4,2,3,4,31,2,2,4,2,1,1.2448
4,2,3,4,32,2,6,4,6,1,1.0235
4,2,3,4,33,2,6,4,6,1,0.9721
4,2,3,4,34,2,5,3,3,0,1.7065
4,2,3,4,35,2,5,4,5,1,1.1426
4,2,3,4,36,2,3,6,3,1,2.7974
4,2,3,4,37,2,3,6,6,0,1.2485
4,2,3,4,38,2,2,4,2,1,1.0383
4,2,3,4,39,2,6,5,6,1,0.9869
4,2,3,4,40,2,4,6,4,1,2.0565
4,2,3,4,41,2,2,4,2,1,1.5622
4,2,3,4,42,2,3,2,2,0,1.552
4,2,3,4,43,2,5,1,5,1,1.3781
4,2,3,4,44,2,6,5,6,1,1.3755
4,2,3,4,45,2,3,6,6,0,1.2615
4,2,3,4,46,2,5,2,2,0,1.5465
4,2,3,4,47,2,6,5,6,1,1.005
4,2,3,4,48,2,1,6,1,1,1.0662
4,2,3,4,49,2,4,5,4,1,1.3968
4,2,3,4,50,2,5,6,6,0,1.153
4,2,4,1,1,2,6,5,6,1,1.4092
4,2,4,1,2,2,5,2,2,0,1.2778
4,2,4,1,3,2,4,2,2,0,1.2109
4,2,4,1,4,2,5,4,4,0,1.3226
4,2,4,1,5,2,1,5,1,1,2.0066
4,2,4,1,6,2,6,4,6,1,0.8583
4,2,4,1,7,2,5,2,5,1,1.6299
4,2,4,1,8,2,1,2,1,1,1.2816
4,2,4,1,9,2,3,5,3,1,1.3314
4,2,4,1,10,2,6,3,6,1,1.0911
4,2,4,1,11,2,6,4,6,1,0.9405
4,2,4,1,12,2,5,1,5,1,1.0368
4,2,4,1,13,2,6,3,3,0,2.0405
4,2,4,1,14,2,2,4,2,1,1.126
4,2,4,1,15,2,6,3,6,1,1.1983
4,2,4,1,16,2,6,3,6,1,0.9156
4,2,4,1,17,2,1,2,1,1,1.8123
4,2,4,1,18,2,1,3,1,1,1.9839
4,2,4,1,19,2,4,6,4,1,2.052
4,2,4,1,20,2,2,4,2,1,1.2546
4,2,4,1,21,2,3,4,3,1,1.1613
4,2,4,1,22,2,1,5,1,1,1.0877
4,2,4,1,23,2,2,3,2,1,0.9688
4,2,4,1,24,2,1,6,1,1,1.1114
4,2,4,1,25,2,1,2,1,1,1.3919
4,2,4,1,26,2,1,5,1,1,1.0852
4,2,4,1,27,2,5,1,5,1,1.0311
4,2,4,1,28,2,5,1,5,1,0.9147
4,2,4,1,29,2,4,3,3,0,1.9232
4,2,4,1,30,2,4,3,4,1,1.3344
4,2,4,1,31,2,4,6,4,1,1.0135
4,2,4,1,32,2,5,1,5,1,0.9782
4,2,4,1,33,2,2,5,2,1,1.1358
4,2,4,1,34,2,2,3,2,1,1.5589
4,2,4,1,35,2,4,2,2,0,1.1661
4,2,4,1,36,2,6,5,5,0,2.4632
4,2,4,1,37,2,2,4,2,1,1.2277
4,2,4,1,38,2,4,3,3,0,1.6159
4,2,4,1,39,2,2,4,2,1,1.1995
4,2,4,1,40,2,5,1,1,0,1.268
4,2,4,1,41,2,6,4,6,1,1.5377
4,2,4,1,42,2,3,5,3,1,1.2244
4,2,4,1,43,2,3,2,3,1,1.0693
4,2,4,1,44,2,4,3,3,0,2.0074
4,2,4,1,45,2,3,4,3,1,1.5263
4,2,4,1,46,2,3,4,3,1,1.0702
4,2,4,1,47,2,3,5,3,1,2.1205
4,2,4,1,48,2,6,3,3,0,1.1912
4,2,4,1,49,2,3,6,3,1,1.0473
4,2,4,1,50,2,2,1,2,1,1.6501
4,2,4,2,1,6,4,,4,1,1.4734
4,2,4,2,2,6,4,,2,0,1.0828
4,2,4,2,3,6,5,,2,0,0.6082
4,2,4,2,4,6,6,,6,1,0.6807
4,2,4,2,5,6,3,,3,1,0.963
4,2,4,2,6,6,4,,2,0,1.1048
4,2,4,2,7,6,5,,5,1,1.0458
4,2,4,2,8,6,2,,2,1,0.8164
4,2,4,2,9,6,4,,1,0,0.6128
4,2,4,2,10,6,5,,5,1,1.6293
4,2,4,2,11,6,1,,1,1,0.8806
4,2,4,2,12,6,1,,2,0,0.9622
4,2,4,2,13,6,6,,6,1,1.1007
4,2,4,2,14,6,1,,1,1,1.2533
4,2,4,2,15,6,1,,5,0,1.0803
4,2,4,2,16,6,1,,5,0,0.7969
4,2,4,2,17,6,6,,6,1,0.7822
4,2,4,2,18,6,1,,1,1,1.5725
4,2,4,2,19,6,2,,2,1,0.8899
4,2,4,2,20,6,6,,1,0,1.3227
4,2,4,2,21,6,2,,2,1,0.8219
4,2,4,2,22,6,6,,6,1,0.8105
4,2,4,2,23,6,5,,5,1,0.927
4,2,4,2,24,6,2,,2,1,0.9593
4,2,4,2,25,6,3,,3,1,1.0697
4,2,4,2,26,6,3,,4,0,0.6482
4,2,4,2,27,6,3,,3,1,1.5835
4,2,4,2,28,6,3,,3,1,0.9326
4,2,4,2,29,6,2,,2,1,0.9964
4,2,4,2,30,6,6,,6,1,1.1058
4,2,4,2,31,6,2,,2,1,0.9709
4,2,4,2,32,6,4,,1,0,1.2566
4,2,4,2,33,6,4,,2,0,1.3826
4,2,4,2,34,6,2,,2,1,0.8959
4,2,4,2,35,6,4,,4,1,1.4247
4,2,4,2,36,6,6,,3,0,0.9875
4,2,4,2,37,6,5,,5,1,0.9015
4,2,4,2,38,6,6,,2,0,1.1907
4,2,4,2,39,6,5,,5,1,0.7744
4,2,4,2,40,6,3,,3,1,1.1165
4,2,4,2,41,6,3,,3,1,1.3975
4,2,4,2,42,6,5,,5,1,0.93
4,2,4,2,43,6,1,,1,1,0.8819
4,2,4,2,44,6,6,,6,1,1.2355
4,2,4,2,45,6,1,,2,0,1.1591
4,2,4,2,46,6,4,,5,0,1.9288
4,2,4,2,47,6,5,,5,1,0.923
4,2,4,2,48,6,2,,2,1,1.2431
4,2,4,2,49,6,3,,3,1,1.0695
4,2,4,2,50,6,6,,5,0,1.2244
4,2,4,3,1,2,4,5,5,0,1.1238
4,2,4,3,2,2,4,5,4,1,1.2871
4,2,4,3,3,2,5,3,5,1,0.76
4,2,4,3,4,2,6,5,6,1,1.2639
4,2,4,3,5,2,6,4,6,1,1.0418
4,2,4,3,6,2,3,1,3,1,1.9656
4,2,4,3,7,2,4,3,3,0,1.5071
4,2,4,3,8,2,1,5,1,1,1.2859
4,2,4,3,9,2,5,3,5,1,0.8719
4,2,4,3,10,2,2,3,2,1,1.4665
4,2,4,3,11,2,2,1,2,1,0.9162
4,2,4,3,12,2,1,5,1,1,1.1569
4,2,4,3,13,2,3,2,2,0,1.9794
4,2,4,3,14,2,1,3,1,1,1.3561
4,2,4,3,15,2,3,2,3,1,1.4989
4,2,4,3,16,2,2,4,2,1,1.2353
4,2,4,3,17,2,3,2,2,0,1.4304
4,2,4,3,18,2,2,1,2,1,1.0534
4,2,4,3,19,2,3,4,3,1,1.8004
4,2,4,3,20,2,5,4,4,0,1.3804
4,2,4,3,21,2,4,6,4,1,1.8213
4,2,4,3,22,2,6,5,6,1,1.193
4,2,4,3,23,2,3,6,6,0,1.0217
4,2,4,3,24,2,2,4,2,1,1.4935
4,2,4,3,25,2,1,6,6,0,0.9751
4,2,4,3,26,2,5,1,5,1,1.608
4,2,4,3,27,2,6,5,6,1,0.9407
4,2,4,3,28,2,6,2,6,1,1.0046
4,2,4,3,29,2,3,4,3,1,2.1852
4,2,4,3,30,2,6,3,3,0,1.4295
4,2,4,3,31,2,6,5,6,1,1.2763
4,2,4,3,32,2,4,3,4,1,1.5179
4,2,4,3,33,2,6,5,6,1,1.2211
4,2,4,3,34,2,2,4,2,1,1.3056
4,2,4,3,35,2,3,1,1,0,1.3214
4,2,4,3,36,2,1,6,1,1,1.3653
4,2,4,3,37,2,1,6,1,1,0.9789
4,2,4,3,38,2,5,2,5,1,0.9615
4,2,4,3,39,2,4,5,5,0,1.0718
4,2,4,3,40,2,2,5,2,1,1.1253
4,2,4,3,41,2,5,3,5,1,1.1649
4,2,4,3,42,2,4,3,3,0,1.7155
4,2,4,3,43,2,4,5,5,0,0.9585
4,2,4,3,44,2,6,2,2,0,1.6081
4,2,4,3,45,2,5,6,6,0,1.7518
4,2,4,3,46,2,1,4,1,1,1.6976
4,2,4,3,47,2,6,4,6,1,1.6972
4,2,4,3,48,2,5,4,5,1,1.0738
4,2,4,3,49,2,2,4,2,1,1.3403
4,2,4,3,50,2,1,4,4,0,1.9153
4,2,4,4,1,6,1,,3,0,1.355
4,2,4,4,2,6,4,,4,1,1.2046
4,2,4,4,3,6,6,,2,0,1.1294
4,2,4,4,4,6,6,,3,0,0.7799
4,2,4,4,5,6,5,,5,1,1.1338
4,2,4,4,6,6,1,,5,0,1.0773
4,2,4,4,7,6,5,,2,0,1.0985
4,2,4,4,8,6,1,,1,1,1.0074
4,2,4,4,9,6,2,,2,1,0.9244
4,2,4,4,10,6,6,,5,0,0.9727
4,2,4,4,11,6,2,,2,1,0.8059
4,2,4,4,12,6,2,,2,1,1.0991
4,2,4,4,13,6,4,,6,0,1.5237
4,2,4,4,14,6,1,,5,0,0.9027
4,2,4,4,15,6,3,,2,0,1.2839
4,2,4,4,16,6,5,,5,1,0.9284
4,2,4,4,17,6,1,,2,0,1.2322
4,2,4,4,18,6,3,,6,0,1.199
4,2,4,4,19,6,4,,2,0,1.2311
4,2,4,4,20,6,3,,3,1,1.1023
4,2,4,4,21,6,3,,5,0,1.0159
4,2,4,4,22,6,4,,4,1,1.3914
4,2,4,4,23,6,6,,6,1,1.5004
4,2,4,4,24,6,4,,5,0,0.965
4,2,4,4,25,6,6,,6,1,1.1028
4,2,4,4,26,6,4,,3,0,1.0799
4,2,4,4,27,6,6,,6,1,0.9403
4,2,4,4,28,6,4,,6,0,0.8926
4,2,4,4,29,6,2,,2,1,1.4173
4,2,4,4,30,6,6,,6,1,0.821
4,2,4,4,31,6,4,,5,0,1.2579
4,2,4,4,32,6,3,,2,0,0.983
4,2,4,4,33,6,5,,5,1,1.4086
4,2,4,4,34,6,5,,5,1,0.7168
4,2,4,4,35,6,2,,2,1,1.0456
4,2,4,4,36,6,3,,6,0,1.0884
4,2,4,4,37,6,6,,2,0,1.2053
4,2,4,4,38,6,3,,1,0,1.2529
4,2,4,4,39,6,6,,1,0,0.7232
4,2,4,4,40,6,1,,4,0,1.3026
4,2,4,4,41,6,2,,2,1,1.1872
4,2,4,4,42,6,5,,5,1,0.8567
4,2,4,4,43,6,1,,5,0,0.9716
4,2,4,4,44,6,2,,2,1,0.9974
4,2,4,4,45,6,1,,6,0,1.2185
4,2,4,4,46,6,2,,2,1,1.1051
4,2,4,4,47,6,5,,5,1,0.9068
4,2,4,4,48,6,5,,1,0,1.3395
4,2,4,4,49,6,3,,1,0,1.2699
4,2,4,4,50,6,6,,6,1,1.043
4,2,5,1,1,6,2,,2,1,1.2389
4,2,5,1,2,6,2,,3,0,1.0024
4,2,5,1,3,6,3,,2,0,1.2989
4,2,5,1,4,6,5,,6,0,0.9275
4,2,5,1,5,6,1,,1,1,1.4028
4,2,5,1,6,6,4,,3,0,1.3827
4,2,5,1,7,6,6,,3,0,1.4561
4,2,5,1,8,6,4,,4,1,1.2853
4,2,5,1,9,6,6,,6,1,0.6784
4,2,5,1,10,6,4,,3,0,1.5373
4,2,5,1,11,6,2,,2,1,1.0606
4,2,5,1,12,6,5,,5,1,0.8151
4,2,5,1,13,6,2,,2,1,1.284
4,2,5,1,14,6,5,,3,0,1.0457
4,2,5,1,15,6,2,,2,1,1.0518
4,2,5,1,16,6,5,,4,0,1.6872
4,2,5,1,17,6,6,,3,0,1.0272
4,2,5,1,18,6,3,,3,1,1.1462
4,2,5,1,19,6,6,,6,1,1.2011
4,2,5,1,20,6,5,,5,1,1.1741
4,2,5,1,21,6,4,,6,0,1.3235
4,2,5,1,22,6,3,,3,1,1.1915
4,2,5,1,23,6,4,,6,0,1.4369
4,2,5,1,24,6,4,,4,1,1.5067
4,2,5,1,25,6,3,,1,0,0.9557
4,2,5,1,26,6,6,,6,1,0.9346
4,2,5,1,27,6,2,,2,1,0.9505
4,2,5,1,28,6,3,,3,1,1.1571
4,2,5,1,29,6,6,,6,1,0.9726
4,2,5,1,30,6,4,,2,0,1.3061
4,2,5,1,31,6,6,,6,1,1.1896
4,2,5,1,32,6,2,,2,1,1.1466
4,2,5,1,33,6,1,,1,1,0.8496
4,2,5,1,34,6,1,,2,0,1.1257
4,2,5,1,35,6,3,,3,1,1.3208
4,2,5,1,36,6,1,,1,1,1.0001
4,2,5,1,37,6,4,,2,0,1.1251
4,2,5,1,38,6,2,,1,0,1.3677
4,2,5,1,39,6,6,,6,1,1.297
4,2,5,1,40,6,5,,5,1,0.9615
4,2,5,1,41,6,5,,5,1,0.72
4,2,5,1,42,6,3,,2,0,1.481
4,2,5,1,43,6,1,,1,1,1.2617
4,2,5,1,44,6,6,,6,1,1.1998
4,2,5,1,45,6,6,,5,0,1.0603
4,2,5,1,46,6,5,,5,1,1.1467
4,2,5,1,47,6,3,,1,0,1.9694
4,2,5,1,48,6,1,,1,1,0.8493
4,2,5,1,49,6,1,,3,0,1.9411
4,2,5,1,50,6,1,,1,1,1.4139
4,2,5,2,1,2,5,2,5,1,1.2953
4,2,5,2,2,2,1,2,1,1,1.8082
4,2,5,2,3,2,5,3,3,0,2.4435
4,2,5,2,4,2,6,4,6,1,1.0162
4,2,5,2,5,2,3,6,3,1,1.0447
4,2,5,2,6,2,1,6,1,1,1.3596
4,2,5,2,7,2,2,3,2,1,1.3425
4,2,5,2,8,2,2,5,2,1,1.0051
4,2,5,2,9,2,1,4,1,1,1.1783
4,2,5,2,10,2,6,2,6,1,1.0398
4,2,5,2,11,2,1,5,1,1,1.1308
4,2,5,2,12,2,4,5,5,0,1.3465
4,2,5,2,13,2,6,5,6,1,0.941
4,2,5,2,14,2,6,3,6,1,1.1794
4,2,5,2,15,2,4,2,2,0,2.0017
4,2,5,2,16,2,6,4,6,1,1.1691
4,2,5,2,17,2,3,2,3,1,1.1264
4,2,5,2,18,2,4,3,3,0,1.0382
4,2,5,2,19,2,3,2,3,1,1.2211
4,2,5,2,20,2,2,5,2,1,0.9529
4,2,5,2,21,2,4,2,4,1,1.3681
4,2,5,2,22,2,3,6,3,1,1.2383
4,2,5,2,23,2,1,6,1,1,1.497
4,2,5,2,24,2,2,4,2,1,0.9457
4,2,5,2,25,2,4,3,4,1,1.6965
4,2,5,2,26,2,5,4,4,0,1.3605
4,2,5,2,27,2,6,4,4,0,1.3228
4,2,5,2,28,2,4,3,3,0,1.6699
4,2,5,2,29,2,3,1,3,1,1.0904
4,2,5,2,30,2,2,6,2,1,1.0677
4,2,5,2,31,2,6,1,1,0,1.846
4,2,5,2,32,2,2,3,2,1,1.1796
4,2,5,2,33,2,1,3,3,0,1.7935
4,2,5,2,34,2,3,5,3,1,1.7213
4,2,5,2,35,2,6,3,3,0,1.1124
4,2,5,2,36,2,2,5,2,1,1.1959
4,2,5,2,37,2,5,1,1,0,1.2332
4,2,5,2,38,2,4,1,4,1,1.4389
4,2,5,2,39,2,1,3,1,1,2.2828
4,2,5,2,40,2,5,3,5,1,2.0184
4,2,5,2,41,2,4,5,4,1,1.4298
4,2,5,2,42,2,5,6,5,1,1.7934
4,2,5,2,43,2,5,1,5,1,1.3424
4,2,5,2,44,2,2,6,2,1,0.9891
4,2,5,2,45,2,5,2,2,0,2.0108
4,2,5,2,46,2,3,1,1,0,0.8734
4,2,5,2,47,2,6,2,6,1,2.0389
4,2,5,2,48,2,3,1,3,1,1.1294
4,2,5,2,49,2,6,1,1,0,1.3294
4,2,5,2,50,2,1,4,1,1,1.1479
4,2,5,3,1,6,3,,2,0,1.8715
4,2,5,3,2,6,6,,1,0,1.0439
4,2,5,3,3,6,6,,2,0,1.0352
4,2,5,3,4,6,4,,3,0,1.5224
4,2,5,3,5,6,6,,6,1,1.2048
4,2,5,3,6,6,5,,3,0,1.1292
4,2,5,3,7,6,2,,6,0,1.6284
4,2,5,3,8,6,5,,6,0,1.1468
4,2,5,3,9,6,5,,1,0,1.3894
4,2,5,3,10,6,2,,2,1,1.3024
4,2,5,3,11,6,1,,3,0,1.351
4,2,5,3,12,6,6,,6,1,1.0732
4,2,5,3,13,6,6,,1,0,1.0511
4,2,5,3,14,6,6,,6,1,0.9452
4,2,5,3,15,6,4,,3,0,1.0561
4,2,5,3,16,6,4,,4,1,0.9668
4,2,5,3,17,6,2,,3,0,0.9169
4,2,5,3,18,6,1,,6,0,1.969
4,2,5,3,19,6,3,,3,1,1.0415
4,2,5,3,20,6,6,,5,0,1.0043
4,2,5,3,21,6,2,,2,1,1.0127
4,2,5,3,22,6,1,,2,0,1.2172
4,2,5,3,23,6,5,,5,1,1.0884
4,2,5,3,24,6,3,,3,1,1.306
4,2,5,3,25,6,1,,1,1,2.0587
4,2,5,3,26,6,5,,5,1,1.0045
4,2,5,3,27,6,3,,3,1,1.4656
4,2,5,3,28,6,2,,1,0,1.747
4,2,5,3,29,6,3,,3,1,1.4688
4,2,5,3,30,6,1,,1,1,1.2874
4,2,5,3,31,6,4,,2,0,1.1128
4,2,5,3,32,6,2,,2,1,0.8917
4,2,5,3,33,6,1,,1,1,1.1172
4,2,5,3,34,6,2,,2,1,0.9976
4,2,5,3,35,6,5,,5,1,1.1072
4,2,5,3,36,6,3,,3,1,1.8043
4,2,5,3,37,6,3,,3,1,0.9039
4,2,5,3,38,6,1,,1,1,1.225
4,2,5,3,39,6,4,,4,1,1.0684
4,2,5,3,40,6,6,,6,1,0.9189
4,2,5,3,41,6,5,,5,1,1.0628
4,2,5,3,42,6,3,,3,1,1.8735
4,2,5,3,43,6,6,,5,0,0.8585
4,2,5,3,44,6,5,,5,1,0.8568
4,2,5,3,45,6,1,,1,1,1.1956
4,2,5,3,46,6,4,,4,1,1.4249
4,2,5,3,47,6,2,,2,1,1.0999
4,2,5,3,48,6,4,,4,1,1.365
4,2,5,3,49,6,6,,2,0,1.1716
4,2,5,3,50,6,4,,2,0,1.0603
4,2,5,4,1,2,2,5,2,1,1.7512
4,2,5,4,2,2,5,6,5,1,0.9977
4,2,5,4,3,2,5,4,5,1,0.9304
4,2,5,4,4,2,2,1,2,1,1.3304
4,2,5,4,5,2,2,6,2,1,1.7938
4,2,5,4,6,2,3,1,3,1,1.0862
4,2,5,4,7,2,3,4,3,1,1.1114
4,2,5,4,8,2,5,2,2,0,1.136
4,2,5,4,9,2,3,5,3,1,1.123
4,2,5,4,10,2,4,5,4,1,1.3075
4,2,5,4,11,2,6,1,6,1,1.2756
4,2,5,4,12,2,6,3,6,1,0.989
4,2,5,4,13,2,6,5,6,1,0.8269
4,2,5,4,14,2,3,6,6,0,1.6627
4,2,5,4,15,2,4,2,4,1,1.3554
4,2,5,4,16,2,5,1,1,0,1.6103
4,2,5,4,17,2,2,3,2,1,1.0653
4,2,5,4,18,2,3,6,3,1,1.1724
4,2,5,4,19,2,6,2,6,1,1.0344
4,2,5,4,20,2,6,3,6,1,0.934
4,2,5,4,21,2,6,4,6,1,0.598
4,2,5,4,22,2,1,4,1,1,1.2037
4,2,5,4,23,2,3,6,3,1,2.2959
4,2,5,4,24,2,2,4,2,1,1.0395
4,2,5,4,25,2,1,4,1,1,1.4994
4,2,5,4,26,2,2,1,2,1,1.1233
4,2,5,4,27,2,6,1,6,1,0.9403
4,2,5,4,28,2,1,3,3,0,1.1957
4,2,5,4,29,2,5,3,5,1,1.196
4,2,5,4,30,2,2,3,3,0,2.2248
4,2,5,4,31,2,1,6,1,1,1.1589
4,2,5,4,32,2,1,6,6,0,1.5333
4,2,5,4,33,2,3,2,3,1,0.9916
4,2,5,4,34,2,4,2,4,1,3.1174
4,2,5,4,35,2,5,4,4,0,1.8915
4,2,5,4,36,2,3,6,3,1,1.0149
4,2,5,4,37,2,6,5,5,0,1.2835
4,2,5,4,38,2,6,1,6,1,1.1674
4,2,5,4,39,2,4,6,4,1,1.43
4,2,5,4,40,2,1,4,1,1,1.3135
4,2,5,4,41,2,2,4,2,1,2.0972
4,2,5,4,42,2,6,1,1,0,1.3135
4,2,5,4,43,2,4,2,4,1,1.3087
4,2,5,4,44,2,4,3,4,1,1.1172
4,2,5,4,45,2,4,5,4,1,1.173
4,2,5,4,46,2,1,3,1,1,1.1632
4,2,5,4,47,2,1,6,1,1,1.3457
4,2,5,4,48,2,5,6,5,1,1.0883
4,2,5,4,49,2,4,6,4,1,2.2497
4,2,5,4,50,2,5,2,5,1,1.2999
4,3,1,1,1,6,5,,1,0,1.1546
4,3,1,1,2,6,5,,3,0,1.0923
4,3,1,1,3,6,4,,3,0,1.4333
4,3,1,1,4,6,2,,2,1,0.992
4,3,1,1,5,6,1,,3,0,1.2143
4,3,1,1,6,6,3,,3,1,1.0855
4,3,1,1,7,6,6,,1,0,0.7756
4,3,1,1,8,6,6,,5,0,1.6579
4,3,1,1,9,6,3,,3,1,1.2558
4,3,1,1,10,6,4,,6,0,1.0979
4,3,1,1,11,6,4,,4,1,1.7109
4,3,1,1,12,6,5,,3,0,1.2952
4,3,1,1,13,6,2,,2,1,1.4844
4,3,1,1,14,6,1,,1,1,1.3015
4,3,1,1,15,6,5,,5,1,1.1741
4,3,1,1,16,6,2,,2,1,1.1642
4,3,1,1,17,6,1,,1,1,1.0108
4,3,1,1,18,6,2,,2,1,1.1677
4,3,1,1,19,6,3,,4,0,1.5258
4,3,1,1,20,6,2,,3,0,1.3211
4,3,1,1,21,6,3,,1,0,1.2851
4,3,1,1,22,6,2,,2,1,1.0418
4,3,1,1,23,6,1,,4,0,1.5492
4,3,1,1,24,6,4,,3,0,1.6158
4,3,1,1,25,6,1,,5,0,35.6305
4,3,1,1,26,6,3,,1,0,1.1458
4,3,1,1,27,6,2,,2,1,0.9883
4,3,1,1,28,6,1,,3,0,1.0817
4,3,1,1,29,6,4,,3,0,1.1189
4,3,1,1,30,6,6,,6,1,1.0589
4,3,1,1,31,6,6,,3,0,1.1014
4,3,1,1,32,6,6,,3,0,1.1384
4,3,1,1,33,6,3,,5,0,1.1735
4,3,1,1,34,6,4,,2,0,1.4784
4,3,1,1,35,6,6,,3,0,1.1962
4,3,1,1,36,6,3,,1,0,1.021
4,3,1,1,37,6,5,,3,0,1.1404
4,3,1,1,38,6,6,,1,0,1.2872
4,3,1,1,39,6,5,,3,0,1.3005
4,3,1,1,40,6,1,,6,0,1.0887
4,3,1,1,41,6,6,,3,0,1.1253
4,3,1,1,42,6,4,,3,0,3.2739
4,3,1,1,43,6,4,,6,0,1.1565
4,3,1,1,44,6,1,,1,1,2.6468
4,3,1,1,45,6,3,,5,0,1.0097
4,3,1,1,46,6,2,,1,0,0.6976
4,3,1,1,47,6,5,,5,1,1.3271
4,3,1,1,48,6,5,,5,1,0.6228
4,3,1,1,49,6,6,,3,0,1.2273
4,3,1,1,50,6,6,,2,0,2.9236
4,3,1,2,1,2,3,4,4,0,1.9071
4,3,1,2,2,2,6,3,6,1,0.9182
4,3,1,2,3,2,5,6,5,1,0.7432
4,3,1,2,4,2,3,2,3,1,2.799
4,3,1,2,5,2,5,4,5,1,0.9777
4,3,1,2,6,2,4,3,4,1,1.3282
4,3,1,2,7,2,1,3,1,1,1.3123
4,3,1,2,8,2,6,3,6,1,1.2014
4,3,1,2,9,2,4,5,5,0,1.3824
4,3,1,2,10,2,6,1,6,1,1.0547
4,3,1,2,11,2,4,2,4,1,2.4421
4,3,1,2,12,2,5,2,5,1,1.1164
4,3,1,2,13,2,5,3,5,1,1.9087
4,3,1,2,14,2,2,3,2,1,1.2767
4,3,1,2,15,2,3,4,4,0,2.1587
4,3,1,2,16,2,4,6,4,1,2.0082
4,3,1,2,17,2,2,3,2,1,1.3882
4,3,1,2,18,2,4,3,4,1,2.6492
4,3,1,2,19,2,3,6,3,1,1.7788
4,3,1,2,20,2,4,3,4,1,1.6961
4,3,1,2,21,2,1,3,1,1,1.0572
4,3,1,2,22,2,3,6,6,0,1.9483
4,3,1,2,23,2,5,2,5,1,1.3901
4,3,1,2,24,2,6,2,2,0,1.2909
4,3,1,2,25,2,6,4,6,1,0.9684
4,3,1,2,26,2,5,3,5,1,1.2383
4,3,1,2,27,2,1,5,1,1,1.0177
4,3,1,2,28,2,2,6,2,1,1.0307
4,3,1,2,29,2,3,4,3,1,2.05
4,3,1,2,30,2,3,1,3,1,1.8124
4,3,1,2,31,2,1,5,5,0,1.1681
4,3,1,2,32,2,1,5,1,1,1.2023
4,3,1,2,33,2,4,6,4,1,1.8793
4,3,1,2,34,2,4,5,4,1,1.4247
4,3,1,2,35,2,5,1,1,0,1.5486
4,3,1,2,36,2,2,3,2,1,1.5348
4,3,1,2,37,2,2,1,2,1,1.0298
4,3,1,2,38,2,2,6,2,1,0.7696
4,3,1,2,39,2,2,1,2,1,0.8877
4,3,1,2,40,2,6,2,6,1,0.8103
4,3,1,2,41,2,5,2,5,1,1.1353
4,3,1,2,42,2,1,2,1,1,0.9188
4,3,1,2,43,2,3,1,1,0,1.8794
4,3,1,2,44,2,6,1,6,1,1.2756
4,3,1,2,45,2,1,4,1,1,1.0694
4,3,1,2,46,2,6,3,6,1,0.8721
4,3,1,2,47,2,6,1,6,1,1.2744
4,3,1,2,48,2,2,4,2,1,1.0212
4,3,1,2,49,2,1,3,1,1,1.7851
4,3,1,2,50,2,6,1,1,0,2.2463
4,3,1,3,1,6,6,,5,0,4.4581
4,3,1,3,2,6,6,,1,0,1.2682
4,3,1,3,3,6,5,,6,0,1.266
4,3,1,3,4,6,6,,6,1,0.7999
4,3,1,3,5,6,2,,2,1,0.9489
4,3,1,3,6,6,4,,4,1,1.476
4,3,1,3,7,6,3,,3,1,1.0544
4,3,1,3,8,6,1,,3,0,1.1771
4,3,1,3,9,6,2,,2,1,1.0987
4,3,1,3,10,6,3,,5,0,1.06
4,3,1,3,11,6,4,,2,0,1.3059
4,3,1,3,12,6,5,,1,0,1.3019
4,3,1,3,13,6,4,,1,0,1.0103
4,3,1,3,14,6,2,,2,1,1.1296
4,3,1,3,15,6,3,,3,1,1.0416
4,3,1,3,16,6,3,,1,0,1.4698
4,3,1,3,17,6,5,,5,1,1.0105
4,3,1,3,18,6,1,,2,0,1.2959
4,3,1,3,19,6,4,,4,1,1.7878
4,3,1,3,20,6,4,,4,1,0.9691
4,3,1,3,21,6,6,,6,1,0.9353
4,3,1,3,22,6,3,,5,0,0.9989
4,3,1,3,23,6,5,,6,0,0.9921
4,3,1,3,24,6,6,,6,1,0.8723
4,3,1,3,25,6,4,,3,0,1.2751
4,3,1,3,26,6,1,,2,0,1.7044
4,3,1,3,27,6,6,,1,0,1.4128
4,3,1,3,28,6,4,,4,1,2.796
4,3,1,3,29,6,1,,3,0,1.312
4,3,1,3,30,6,5,,3,0,1.1153
4,3,1,3,31,6,5,,5,1,1.487
4,3,1,3,32,6,6,,6,1,0.8885
4,3,1,3,33,6,4,,2,0,1.2578
4,3,1,3,34,6,3,,3,1,1.1928
4,3,1,3,35,6,2,,5,0,0.9579
4,3,1,3,36,6,1,,4,0,1.4163
4,3,1,3,37,6,6,,3,0,1.504
4,3,1,3,38,6,6,,5,0,1.348
4,3,1,3,39,6,5,,5,1,0.8777
4,3,1,3,40,6,5,,5,1,1.361
4,3,1,3,41,6,3,,3,1,1.0873
4,3,1,3,42,6,1,,4,0,1.1135
4,3,1,3,43,6,2,,2,1,1.0527
4,3,1,3,44,6,2,,2,1,0.8395
4,3,1,3,45,6,1,,3,0,1.4518
4,3,1,3,46,6,3,,3,1,1.1059
4,3,1,3,47,6,2,,1,0,0.7954
4,3,1,3,48,6,6,,6,1,0.9399
4,3,1,3,49,6,1,,5,0,1.0833
4,3,1,3,50,6,2,,2,1,1.361
4,3,1,4,1,2,2,3,2,1,1.3413
4,3,1,4,2,2,6,3,6,1,1.004
4,3,1,4,3,2,3,1,3,1,1.1299
4,3,1,4,4,2,6,5,6,1,0.9449
4,3,1,4,5,2,5,4,5,1,2.9603
4,3,1,4,6,2,3,2,3,1,1.0532
4,3,1,4,7,2,5,3,5,1,1.6886
4,3,1,4,8,2,5,3,3,0,1.1294
4,3,1,4,9,2,1,3,1,1,1.692
4,3,1,4,10,2,2,5,2,1,1.1493
4,3,1,4,11,2,4,3,3,0,1.9399
4,3,1,4,12,2,2,5,2,1,1.3989
4,3,1,4,13,2,1,6,1,1,1.0595
4,3,1,4,14,2,4,2,2,0,1.3419
4,3,1,4,15,2,4,1,4,1,1.8813
4,3,1,4,16,2,1,3,3,0,1.2661
4,3,1,4,17,2,4,5,5,0,1.8075
4,3,1,4,18,2,6,3,6,1,2.5671
4,3,1,4,19,2,5,2,2,0,1.3963
4,3,1,4,20,2,3,5,3,1,1.4996
4,3,1,4,21,2,2,1,2,1,1.0286
4,3,1,4,22,2,5,2,5,1,1.5371
4,3,1,4,23,2,4,3,4,1,2.6001
4,3,1,4,24,2,2,3,2,1,0.9636
4,3,1,4,25,2,4,3,4,1,1.2818
4,3,1,4,26,2,2,5,2,1,1.3793
4,3,1,4,27,2,1,2,1,1,1.5211
4,3,1,4,28,2,1,3,3,0,1.6406
4,3,1,4,29,2,1,6,1,1,1.5911
4,3,1,4,30,2,3,5,3,1,1.9647
4,3,1,4,31,2,3,4,3,1,1.3299
4,3,1,4,32,2,5,6,5,1,1.1528
4,3,1,4,33,2,6,2,6,1,0.7282
4,3,1,4,34,2,6,2,6,1,1.1521
4,3,1,4,35,2,3,5,5,0,1.7833
4,3,1,4,36,2,1,4,1,1,2.8957
4,3,1,4,37,2,6,2,6,1,1.0069
4,3,1,4,38,2,1,4,4,0,1.4681
4,3,1,4,39,2,3,1,3,1,2.7054
4,3,1,4,40,2,2,1,1,0,1.7368
4,3,1,4,41,2,5,4,4,0,2.7711
4,3,1,4,42,2,4,3,3,0,1.7473
4,3,1,4,43,2,6,5,5,0,2.4451
4,3,1,4,44,2,4,2,4,1,1.6897
4,3,1,4,45,2,2,5,2,1,1.0191
4,3,1,4,46,2,6,1,6,1,0.9515
4,3,1,4,47,2,5,1,5,1,1.0465
4,3,1,4,48,2,3,6,3,1,1.2014
4,3,1,4,49,2,6,3,3,0,1.302
4,3,1,4,50,2,6,3,6,1,1.5544
4,3,2,1,1,2,3,1,3,1,1.2048
4,3,2,1,2,2,1,5,1,1,2.554
4,3,2,1,3,2,6,4,4,0,1.447
4,3,2,1,4,2,6,5,6,1,1.0536
4,3,2,1,5,2,3,6,3,1,1.1766
4,3,2,1,6,2,4,5,4,1,1.2788
4,3,2,1,7,2,6,4,4,0,1.921
4,3,2,1,8,2,3,2,3,1,1.1875
4,3,2,1,9,2,1,3,3,0,1.2733
4,3,2,1,10,2,1,2,2,0,1.1907
4,3,2,1,11,2,1,6,1,1,1.1122
4,3,2,1,12,2,4,5,5,0,1.9359
4,3,2,1,13,2,6,1,6,1,1.1704
4,3,2,1,14,2,2,4,2,1,1.6886
4,3,2,1,15,2,2,5,2,1,0.9856
4,3,2,1,16,2,3,2,3,1,2.3752
4,3,2,1,17,2,4,1,4,1,2.9562
4,3,2,1,18,2,6,1,1,0,1.3537
4,3,2,1,19,2,5,6,6,0,2.0834
4,3,2,1,20,2,6,1,1,0,1.183
4,3,2,1,21,2,1,4,1,1,1.0244
4,3,2,1,22,2,1,5,1,1,1.1329
4,3,2,1,23,2,6,3,6,1,2.0846
4,3,2,1,24,2,2,4,2,1,1.461
4,3,2,1,25,2,6,5,5,0,1.9037
4,3,2,1,26,2,3,1,1,0,1.3314
4,3,2,1,27,2,1,2,1,1,1.4699
4,3,2,1,28,2,5,6,5,1,1.5121
4,3,2,1,29,2,3,4,3,1,1.584
4,3,2,1,30,2,4,5,4,1,1.3009
4,3,2,1,31,2,4,3,4,1,1.3814
4,3,2,1,32,2,4,1,4,1,1.0909
4,3,2,1,33,2,5,2,2,0,1.1006
4,3,2,1,34,2,5,3,5,1,1.1694
4,3,2,1,35,2,2,5,2,1,0.9996
4,3,2,1,36,2,3,4,3,1,1.3165
4,3,2,1,37,2,5,4,4,0,1.1564
4,3,2,1,38,2,4,1,4,1,2.3915
4,3,2,1,39,2,2,6,2,1,1.0356
4,3,2,1,40,2,1,4,1,1,1.4473
4,3,2,1,41,2,3,4,3,1,1.3295
4,3,2,1,42,2,2,1,2,1,0.9932
4,3,2,1,43,2,5,2,5,1,1.0549
4,3,2,1,44,2,6,2,2,0,1.77
4,3,2,1,45,2,4,1,4,1,1.6994
4,3,2,1,46,2,5,4,5,1,1.0914
4,3,2,1,47,2,2,6,2,1,1.1014
4,3,2,1,48,2,2,6,2,1,1.062
4,3,2,1,49,2,5,1,5,1,1.2166
4,3,2,1,50,2,6,2,6,1,0.9482
4,3,2,2,1,6,4,,4,1,1.5537
4,3,2,2,2,6,5,,5,1,1.2396
4,3,2,2,3,6,1,,3,0,1.0356
4,3,2,2,4,6,4,,4,1,1.3468
4,3,2,2,5,6,3,,5,0,0.7369
4,3,2,2,6,6,6,,6,1,0.8048
4,3,2,2,7,6,6,,6,1,1.2261
4,3,2,2,8,6,1,,3,0,1.0861
4,3,2,2,9,6,6,,5,0,1.0754
4,3,2,2,10,6,4,,3,0,1.5452
4,3,2,2,11,6,3,,5,0,1.0036
4,3,2,2,12,6,3,,3,1,1.1076
4,3,2,2,13,6,4,,1,0,0.7971
4,3,2,2,14,6,2,,2,1,1.2618
4,3,2,2,15,6,2,,2,1,0.8639
4,3,2,2,16,6,4,,5,0,0.8181
4,3,2,2,17,6,1,,3,0,1.1065
4,3,2,2,18,6,5,,5,1,0.6952
4,3,2,2,19,6,5,,5,1,0.6246
4,3,2,2,20,6,2,,2,1,1.0534
4,3,2,2,21,6,5,,1,0,1.4799
4,3,2,2,22,6,3,,6,0,0.7804
4,3,2,2,23,6,2,,2,1,1.0225
4,3,2,2,24,6,1,,1,1,0.8747
4,3,2,2,25,6,2,,2,1,0.9092
4,3,2,2,26,6,5,,6,0,1.3268
4,3,2,2,27,6,3,,5,0,0.8255
4,3,2,2,28,6,6,,6,1,0.8088
4,3,2,2,29,6,6,,6,1,0.7503
4,3,2,2,30,6,1,,1,1,1.3979
4,3,2,2,31,6,3,,3,1,1.9058
4,3,2,2,32,6,2,,2,1,0.9225
4,3,2,2,33,6,6,,6,1,0.7472
4,3,2,2,34,6,5,,5,1,0.9142
4,3,2,2,35,6,3,,6,0,0.7225
4,3,2,2,36,6,1,,5,0,0.7273
4,3,2,2,37,6,3,,3,1,1.3539
4,3,2,2,38,6,6,,6,1,0.8575
4,3,2,2,39,6,6,,2,0,1.1325
4,3,2,2,40,6,4,,2,0,0.9273
4,3,2,2,41,6,6,,6,1,0.7148
4,3,2,2,42,6,2,,2,1,1.3798
4,3,2,2,43,6,4,,4,1,1.2327
4,3,2,2,44,6,5,,5,1,0.7401
4,3,2,2,45,6,4,,4,1,1.4526
4,3,2,2,46,6,1,,5,0,1.1591
4,3,2,2,47,6,2,,2,1,1.305
4,3,2,2,48,6,6,,1,0,1.082
4,3,2,2,49,6,5,,5,1,1.0867
4,3,2,2,50,6,1,,1,1,1.3847
4,3,2,3,1,2,2,5,5,0,15.4754
4,3,2,3,2,2,5,1,1,0,1.8169
4,3,2,3,3,2,4,3,4,1,1.3759
4,3,2,3,4,2,6,2,6,1,1.4546
4,3,2,3,5,2,1,3,1,1,1.0649
4,3,2,3,6,2,5,4,4,0,1.2033
4,3,2,3,7,2,4,2,4,1,1.5077
4,3,2,3,8,2,3,4,3,1,1.1162
4,3,2,3,9,2,6,1,6,1,0.9161
4,3,2,3,10,2,3,2,3,1,1.141
4,3,2,3,11,2,1,3,3,0,1.7406
4,3,2,3,12,2,2,6,2,1,1.1108
4,3,2,3,13,2,4,3,3,0,1.4396
4,3,2,3,14,2,4,1,1,0,1.5257
4,3,2,3,15,2,5,6,5,1,1.7687
4,3,2,3,16,2,3,1,3,1,1.6221
4,3,2,3,17,2,2,4,2,1,1.098
4,3,2,3,18,2,6,4,4,0,1.4906
4,3,2,3,19,2,6,4,6,1,0.888
4,3,2,3,20,2,6,4,6,1,1.2253
4,3,2,3,21,2,4,6,4,1,1.726
4,3,2,3,22,2,3,5,3,1,1.2455
4,3,2,3,23,2,3,4,3,1,1.8084
4,3,2,3,24,2,2,3,2,1,1.2121
4,3,2,3,25,2,6,5,6,1,1.1529
4,3,2,3,26,2,6,1,6,1,0.936
4,3,2,3,27,2,6,5,5,0,1.1597
4,3,2,3,28,2,2,4,2,1,1.5451
4,3,2,3,29,2,1,6,1,1,1.5998
4,3,2,3,30,2,5,2,5,1,1.0603
4,3,2,3,31,2,1,5,1,1,1.1186
4,3,2,3,32,2,1,6,1,1,1.2387
4,3,2,3,33,2,1,2,1,1,1.2585
4,3,2,3,34,2,4,3,4,1,2.349
4,3,2,3,35,2,5,6,5,1,1.7626
4,3,2,3,36,2,3,6,3,1,1.4083
4,3,2,3,37,2,5,1,5,1,1.0049
4,3,2,3,38,2,6,5,6,1,1.0825
4,3,2,3,39,2,2,6,2,1,1.1878
4,3,2,3,40,2,2,6,2,1,1.1774
4,3,2,3,41,2,2,4,2,1,1.5345
4,3,2,3,42,2,4,1,4,1,1.4779
4,3,2,3,43,2,3,2,3,1,1.3437
4,3,2,3,44,2,5,2,5,1,1.0379
4,3,2,3,45,2,5,3,5,1,1.0496
4,3,2,3,46,2,3,4,3,1,1.1089
4,3,2,3,47,2,1,2,1,1,1.0859
4,3,2,3,48,2,4,5,4,1,1.1917
4,3,2,3,49,2,1,3,3,0,1.5811
4,3,2,3,50,2,6,2,6,1,1.0693
4,3,2,4,1,6,2,,2,1,1.2534
4,3,2,4,2,6,3,,1,0,1.4169
4,3,2,4,3,6,4,,3,0,1.3123
4,3,2,4,4,6,6,,6,1,0.8275
4,3,2,4,5,6,3,,3,1,1.04
4,3,2,4,6,6,3,,1,0,1.1633
4,3,2,4,7,6,4,,4,1,1.6452
4,3,2,4,8,6,5,,5,1,1.2789
4,3,2,4,9,6,6,,6,1,0.9132
4,3,2,4,10,6,3,,3,1,1.2492
4,3,2,4,11,6,2,,2,1,1.4118
4,3,2,4,12,6,4,,5,0,0.9764
4,3,2,4,13,6,6,,6,1,1.2254
4,3,2,4,14,6,4,,3,0,1.3416
4,3,2,4,15,6,3,,3,1,1.3195
4,3,2,4,16,6,6,,6,1,0.9679
4,3,2,4,17,6,2,,2,1,1.1898
4,3,2,4,18,6,3,,1,0,1.2597
4,3,2,4,19,6,6,,5,0,1.1138
4,3,2,4,20,6,3,,6,0,1.4693
4,3,2,4,21,6,1,,1,1,1.1066
4,3,2,4,22,6,6,,6,1,1.0677
4,3,2,4,23,6,3,,1,0,1.2379
4,3,2,4,24,6,2,,2,1,1.0928
4,3,2,4,25,6,5,,5,1,0.8301
4,3,2,4,26,6,1,,6,0,0.9302
4,3,2,4,27,6,6,,6,1,0.8136
4,3,2,4,28,6,2,,2,1,1.2658
4,3,2,4,29,6,5,,2,0,2.0195
4,3,2,4,30,6,6,,1,0,0.8188
4,3,2,4,31,6,5,,2,0,1.2984
4,3,2,4,32,6,6,,5,0,1.0388
4,3,2,4,33,6,6,,6,1,0.9026
4,3,2,4,34,6,2,,6,0,2.9836
4,3,2,4,35,6,5,,4,0,1.63
4,3,2,4,36,6,2,,2,1,2.1892
4,3,2,4,37,6,5,,5,1,0.7769
4,3,2,4,38,6,4,,4,1,1.2957
4,3,2,4,39,6,5,,3,0,1.1044
4,3,2,4,40,6,4,,3,0,1.045
4,3,2,4,41,6,1,,1,1,1.0509
4,3,2,4,42,6,1,,2,0,1.2221
4,3,2,4,43,6,1,,1,1,1.0454
4,3,2,4,44,6,1,,5,0,0.9285
4,3,2,4,45,6,1,,1,1,0.9561
4,3,2,4,46,6,2,,2,1,1.1631
4,3,2,4,47,6,4,,1,0,0.7693
4,3,2,4,48,6,4,,4,1,1.4281
4,3,2,4,49,6,1,,3,0,1.2148
4,3,2,4,50,6,5,,6,0,1.6469
4,3,3,1,1,6,2,,3,0,1.4118
4,3,3,1,2,6,4,,5,0,0.9876
4,3,3,1,3,6,2,,2,1,0.997
4,3,3,1,4,6,6,,3,0,1.25
4,3,3,1,5,6,6,,6,1,0.7519
4,3,3,1,6,6,2,,2,1,1.2557
4,3,3,1,7,6,4,,5,0,1.3222
4,3,3,1,8,6,1,,1,1,0.8536
4,3,3,1,9,6,5,,5,1,0.7776
4,3,3,1,10,6,1,,5,0,1.8074
4,3,3,1,11,6,3,,3,1,1.1584
4,3,3,1,12,6,4,,3,0,0.8136
4,3,3,1,13,6,4,,4,1,1.2296
4,3,3,1,14,6,4,,1,0,1.0258
4,3,3,1,15,6,1,,1,1,0.8411
4,3,3,1,16,6,5,,6,0,1.0849
4,3,3,1,17,6,1,,5,0,1.394
4,3,3,1,18,6,4,,2,0,1.5465
4,3,3,1,19,6,6,,6,1,0.7646
4,3,3,1,20,6,1,,1,1,1.1551
4,3,3,1,21,6,5,,1,0,1.1784
4,3,3,1,22,6,3,,1,0,1.0834
4,3,3,1,23,6,4,,4,1,1.6163
4,3,3,1,24,6,1,,1,1,1.3638
4,3,3,1,25,6,6,,3,0,1.6816
4,3,3,1,26,6,5,,5,1,0.9269
4,3,3,1,27,6,6,,1,0,1.1659
4,3,3,1,28,6,5,,5,1,0.7523
4,3,3,1,29,6,2,,2,1,0.9193
4,3,3,1,30,6,3,,3,1,1.4637
4,3,3,1,31,6,4,,1,0,1.1375
4,3,3,1,32,6,6,,6,1,1.3482
4,3,3,1,33,6,6,,6,1,0.7073
4,3,3,1,34,6,3,,1,0,1.3724
4,3,3,1,35,6,1,,6,0,2.0378
4,3,3,1,36,6,6,,6,1,0.7076
4,3,3,1,37,6,6,,6,1,0.7652
4,3,3,1,38,6,5,,5,1,0.6758
4,3,3,1,39,6,6,,5,0,0.6223
4,3,3,1,40,6,3,,6,0,0.8222
4,3,3,1,41,6,2,,6,0,0.694
4,3,3,1,42,6,3,,1,0,1.5632
4,3,3,1,43,6,3,,6,0,0.7324
4,3,3,1,44,6,1,,3,0,1.5353
4,3,3,1,45,6,3,,3,1,1.0743
4,3,3,1,46,6,2,,2,1,1.0686
4,3,3,1,47,6,2,,4,0,1.8151
4,3,3,1,48,6,5,,5,1,1.0855
4,3,3,1,49,6,5,,5,1,1.6081
4,3,3,1,50,6,2,,3,0,0.9719
4,3,3,2,1,2,3,5,3,1,1.1076
4,3,3,2,2,2,2,6,2,1,1.0364
4,3,3,2,3,2,1,3,1,1,0.9841
4,3,3,2,4,2,4,1,4,1,0.9022
4,3,3,2,5,2,2,5,2,1,0.9356
4,3,3,2,6,2,2,4,2,1,0.9351
4,3,3,2,7,2,2,4,2,1,0.9351
4,3,3,2,8,2,4,3,3,0,1.3192
4,3,3,2,9,2,6,3,3,0,1.8584
4,3,3,2,10,2,6,1,1,0,1.1755
4,3,3,2,11,2,6,2,2,0,1.3686
4,3,3,2,12,2,4,2,2,0,1.2496
4,3,3,2,13,2,2,4,2,1,1.5519
4,3,3,2,14,2,6,5,5,0,1.6387
4,3,3,2,15,2,3,2,3,1,1.1415
4,3,3,2,16,2,5,6,5,1,1.0357
4,3,3,2,17,2,5,6,5,1,1.6076
4,3,3,2,18,2,1,5,1,1,1.9481
4,3,3,2,19,2,3,4,3,1,1.8102
4,3,3,2,20,2,5,6,5,1,2.2378
4,3,3,2,21,2,5,6,6,0,2.2645
4,3,3,2,22,2,6,4,6,1,1.5009
4,3,3,2,23,2,2,4,4,0,2.2294
4,3,3,2,24,2,5,4,4,0,1.451
4,3,3,2,25,2,4,3,3,0,1.4412
4,3,3,2,26,2,6,5,6,1,1.1595
4,3,3,2,27,2,4,2,4,1,2.3811
4,3,3,2,28,2,6,4,4,0,1.4579
4,3,3,2,29,2,2,5,2,1,1.0794
4,3,3,2,30,2,5,4,4,0,1.249
4,3,3,2,31,2,2,3,2,1,1.119
4,3,3,2,32,2,3,2,3,1,1.2869
4,3,3,2,33,2,3,4,3,1,2.1044
4,3,3,2,34,2,1,3,1,1,2.5529
4,3,3,2,35,2,3,2,3,1,1.0945
4,3,3,2,36,2,6,4,4,0,2.0794
4,3,3,2,37,2,4,5,4,1,1.3228
4,3,3,2,38,2,1,3,1,1,1.1956
4,3,3,2,39,2,5,1,5,1,0.8165
4,3,3,2,40,2,1,2,1,1,1.8925
4,3,3,2,41,2,3,2,3,1,2.5413
4,3,3,2,42,2,6,3,6,1,1.2913
4,3,3,2,43,2,1,4,1,1,1.7573
4,3,3,2,44,2,1,6,1,1,1.2594
4,3,3,2,45,2,6,3,6,1,1.0215
4,3,3,2,46,2,1,4,1,1,1.2895
4,3,3,2,47,2,4,1,4,1,1.9947
4,3,3,2,48,2,3,1,3,1,1.4703
4,3,3,2,49,2,5,1,1,0,1.3848
4,3,3,2,50,2,4,2,4,1,1.5056
4,3,3,3,1,6,6,,2,0,1.7038
4,3,3,3,2,6,2,,2,1,0.9627
4,3,3,3,3,6,1,,1,1,0.8814
4,3,3,3,4,6,3,,3,1,0.8352
4,3,3,3,5,6,5,,5,1,0.9191
4,3,3,3,6,6,5,,3,0,1.4158
4,3,3,3,7,6,5,,3,0,0.9589
4,3,3,3,8,6,5,,1,0,1.2252
4,3,3,3,9,6,5,,5,1,1.1762
4,3,3,3,10,6,6,,6,1,1.1017
4,3,3,3,11,6,2,,2,1,1.1586
4,3,3,3,12,6,1,,1,1,0.7483
4,3,3,3,13,6,6,,6,1,0.8363
4,3,3,3,14,6,3,,3,1,1.4962
4,3,3,3,15,6,6,,6,1,0.9129
4,3,3,3,16,6,5,,2,0,1.1056
4,3,3,3,17,6,2,,2,1,0.8534
4,3,3,3,18,6,4,,6,0,1.1286
4,3,3,3,19,6,3,,2,0,1.1957
4,3,3,3,20,6,2,,2,1,0.972
4,3,3,3,21,6,4,,4,1,1.4338
4,3,3,3,22,6,6,,2,0,1.0775
4,3,3,3,23,6,2,,2,1,0.8264
4,3,3,3,24,6,3,,3,1,2.2709
4,3,3,3,25,6,6,,6,1,0.7592
4,3,3,3,26,6,6,,6,1,0.8621
4,3,3,3,27,6,1,,3,0,1.5853
4,3,3,3,28,6,2,,2,1,0.9616
4,3,3,3,29,6,4,,5,0,1.4563
4,3,3,3,30,6,2,,1,0,1.0933
4,3,3,3,31,6,4,,2,0,1.1781
4,3,3,3,32,6,4,,4,1,1.3548
4,3,3,3,33,6,1,,2,0,1.2251
4,3,3,3,34,6,2,,2,1,0.9524
4,3,3,3,35,6,6,,3,0,1.3035
4,3,3,3,36,6,3,,3,1,1.764
4,3,3,3,37,6,1,,3,0,1.2014
4,3,3,3,38,6,5,,1,0,1.4413
4,3,3,3,39,6,1,,1,1,1.0159
4,3,3,3,40,6,3,,3,1,1.4602
4,3,3,3,41,6,4,,4,1,1.038
4,3,3,3,42,6,3,,1,0,1.1134
4,3,3,3,43,6,1,,1,1,1.0692
4,3,3,3,44,6,6,,6,1,1.2559
4,3,3,3,45,6,5,,5,1,0.7463
4,3,3,3,46,6,1,,1,1,1.1862
4,3,3,3,47,6,4,,4,1,1.2712
4,3,3,3,48,6,6,,5,0,1.0016
4,3,3,3,49,6,4,,4,1,1.3463
4,3,3,3,50,6,3,,1,0,1.1051
4,3,3,4,1,2,1,3,1,1,1.3301
4,3,3,4,2,2,6,3,6,1,0.994
4,3,3,4,3,2,6,5,6,1,0.9269
4,3,3,4,4,2,3,5,3,1,1.9507
4,3,3,4,5,2,5,4,5,1,0.9649
4,3,3,4,6,2,4,3,4,1,1.3154
4,3,3,4,7,2,6,3,3,0,1.2038
4,3,3,4,8,2,1,2,1,1,1.1397
4,3,3,4,9,2,5,4,5,1,1.1955
4,3,3,4,10,2,3,4,3,1,1.1847
4,3,3,4,11,2,4,3,4,1,1.3821
4,3,3,4,12,2,1,5,1,1,1.3316
4,3,3,4,13,2,1,4,4,0,1.8102
4,3,3,4,14,2,6,3,3,0,1.4013
4,3,3,4,15,2,2,3,3,0,1.9055
4,3,3,4,16,2,3,6,3,1,1.2212
4,3,3,4,17,2,5,4,4,0,1.5136
4,3,3,4,18,2,4,3,4,1,1.3246
4,3,3,4,19,2,5,1,1,0,1.2131
4,3,3,4,20,2,5,6,5,1,1.1484
4,3,3,4,21,2,1,2,1,1,1.4436
4,3,3,4,22,2,6,4,6,1,1.246
4,3,3,4,23,2,1,5,1,1,1.5529
4,3,3,4,24,2,5,4,4,0,1.3195
4,3,3,4,25,2,6,2,6,1,1.0909
4,3,3,4,26,2,2,1,1,0,1.4206
4,3,3,4,27,2,3,2,3,1,1.2193
4,3,3,4,28,2,4,6,4,1,1.2236
4,3,3,4,29,2,3,5,5,0,1.2115
4,3,3,4,30,2,1,4,4,0,2.5071
4,3,3,4,31,2,5,6,6,0,1.5738
4,3,3,4,32,2,6,2,6,1,1.3658
4,3,3,4,33,2,2,1,2,1,1.2683
4,3,3,4,34,2,2,1,2,1,1.2547
4,3,3,4,35,2,2,5,2,1,1.561
4,3,3,4,36,2,1,6,1,1,0.96
4,3,3,4,37,2,3,4,3,1,1.7432
4,3,3,4,38,2,3,1,3,1,1.0059
4,3,3,4,39,2,6,1,6,1,1.0031
4,3,3,4,40,2,4,1,4,1,2.3279
4,3,3,4,41,2,2,3,2,1,1.1667
4,3,3,4,42,2,6,3,6,1,1.0926
4,3,3,4,43,2,5,4,5,1,1.0213
4,3,3,4,44,2,4,2,2,0,1.6902
4,3,3,4,45,2,3,1,3,1,1.5258
4,3,3,4,46,2,4,5,5,0,1.2771
4,3,3,4,47,2,2,1,2,1,1.0979
4,3,3,4,48,2,2,3,2,1,0.9151
4,3,3,4,49,2,4,2,4,1,1.8755
4,3,3,4,50,2,6,1,6,1,0.9245
4,3,4,1,1,2,3,2,3,1,1.3763
4,3,4,1,2,2,3,1,3,1,1.3096
4,3,4,1,3,2,1,4,1,1,0.7346
4,3,4,1,4,2,6,4,6,1,1.0145
4,3,4,1,5,2,3,2,3,1,2.2104
4,3,4,1,6,2,5,1,5,1,1.0382
4,3,4,1,7,2,2,6,2,1,1.1625
4,3,4,1,8,2,6,1,6,1,0.8807
4,3,4,1,9,2,4,5,4,1,1.5068
4,3,4,1,10,2,4,3,3,0,1.4508
4,3,4,1,11,2,3,4,3,1,1.377
4,3,4,1,12,2,5,2,2,0,1.5506
4,3,4,1,13,2,6,1,6,1,1.8246
4,3,4,1,14,2,2,6,2,1,1.0356
4,3,4,1,15,2,1,2,2,0,2.0713
4,3,4,1,16,2,1,3,1,1,1.0911
4,3,4,1,17,2,6,3,6,1,2.1081
4,3,4,1,18,2,6,3,6,1,1.1479
4,3,4,1,19,2,3,6,3,1,1.1228
4,3,4,1,20,2,5,6,5,1,0.7631
4,3,4,1,21,2,5,1,5,1,1.0096
4,3,4,1,22,2,4,6,4,1,1.3905
4,3,4,1,23,2,4,2,4,1,2.0588
4,3,4,1,24,2,4,3,3,0,1.1323
4,3,4,1,25,2,4,6,4,1,1.8875
4,3,4,1,26,2,2,5,5,0,1.752
4,3,4,1,27,2,3,4,3,1,1.1857
4,3,4,1,28,2,1,3,1,1,1.1275
4,3,4,1,29,2,2,1,2,1,1.0869
4,3,4,1,30,2,3,2,3,1,1.4009
4,3,4,1,31,2,2,5,2,1,1.0294
4,3,4,1,32,2,6,1,1,0,1.1534
4,3,4,1,33,2,6,2,2,0,1.1551
4,3,4,1,34,2,2,4,2,1,1.1094
4,3,4,1,35,2,5,6,5,1,0.8611
4,3,4,1,36,2,3,2,3,1,1.2644
4,3,4,1,37,2,6,4,6,1,1.6183
4,3,4,1,38,2,2,4,4,0,1.3178
4,3,4,1,39,2,1,4,4,0,1.3937
4,3,4,1,40,2,5,6,5,1,0.9695
4,3,4,1,41,2,6,2,6,1,1.752
4,3,4,1,42,2,4,3,4,1,1.6383
4,3,4,1,43,2,5,4,5,1,1.0334
4,3,4,1,44,2,1,6,1,1,1.2854
4,3,4,1,45,2,1,6,6,0,1.6386
4,3,4,1,46,2,5,3,5,1,1.0764
4,3,4,1,47,2,4,5,5,0,2.2537
4,3,4,1,48,2,1,5,1,1,1.747
4,3,4,1,49,2,2,4,4,0,1.6173
4,3,4,1,50,2,6,4,6,1,0.9771
4,3,4,2,1,6,4,,5,0,22.3328
4,3,4,2,2,6,5,,3,0,1.0329
4,3,4,2,3,6,4,,1,0,1.0074
4,3,4,2,4,6,3,,3,1,0.9998
4,3,4,2,5,6,2,,2,1,0.9488
4,3,4,2,6,6,2,,1,0,1.0435
4,3,4,2,7,6,5,,2,0,1.0346
4,3,4,2,8,6,5,,5,1,1.0421
4,3,4,2,9,6,2,,2,1,1.1968
4,3,4,2,10,6,4,,3,0,1.0094
4,3,4,2,11,6,2,,2,1,0.8251
4,3,4,2,12,6,3,,3,1,1.1333
4,3,4,2,13,6,5,,2,0,1.3327
4,3,4,2,14,6,6,,3,0,1.1523
4,3,4,2,15,6,3,,3,1,1.1858
4,3,4,2,16,6,6,,6,1,0.8715
4,3,4,2,17,6,2,,2,1,1.4024
4,3,4,2,18,6,4,,4,1,1.2713
4,3,4,2,19,6,1,,1,1,1.0012
4,3,4,2,20,6,6,,6,1,1.1908
4,3,4,2,21,6,4,,4,1,1.6755
4,3,4,2,22,6,4,,2,0,1.2284
4,3,4,2,23,6,3,,1,0,1.0357
4,3,4,2,24,6,5,,3,0,1.6345
4,3,4,2,25,6,6,,6,1,0.9133
4,3,4,2,26,6,3,,3,1,1.585
4,3,4,2,27,6,6,,1,0,0.9989
4,3,4,2,28,6,5,,5,1,0.9754
4,3,4,2,29,6,1,,4,0,1.3086
4,3,4,2,30,6,3,,3,1,1.2565
4,3,4,2,31,6,1,,1,1,1.1467
4,3,4,2,32,6,1,,1,1,0.7059
4,3,4,2,33,6,1,,5,0,0.7306
4,3,4,2,34,6,2,,2,1,1.2301
4,3,4,2,35,6,5,,1,0,0.7544
4,3,4,2,36,6,2,,2,1,1.1243
4,3,4,2,37,6,3,,6,0,0.9082
4,3,4,2,38,6,1,,3,0,1.0314
4,3,4,2,39,6,6,,2,0,1.1828
4,3,4,2,40,6,3,,5,0,1.0398
4,3,4,2,41,6,6,,3,0,1.2701
4,3,4,2,42,6,2,,2,1,0.9316
4,3,4,2,43,6,6,,5,0,0.8036
4,3,4,2,44,6,1,,2,0,1.1243
4,3,4,2,45,6,4,,4,1,1.207
4,3,4,2,46,6,5,,1,0,1.0508
4,3,4,2,47,6,4,,2,0,0.8818
4,3,4,2,48,6,6,,3,0,1.247
4,3,4,2,49,6,1,,2,0,0.9413
4,3,4,2,50,6,6,,6,1,0.6639
4,3,4,3,1,2,6,1,6,1,0.752
4,3,4,3,2,2,3,5,3,1,1.1911
4,3,4,3,3,2,4,5,4,1,1.292
4,3,4,3,4,2,2,5,2,1,1.1646
4,3,4,3,5,2,3,5,3,1,1.2032
4,3,4,3,6,2,3,1,1,0,1.2401
4,3,4,3,7,2,2,6,6,0,0.902
4,3,4,3,8,2,6,1,6,1,1.1708
4,3,4,3,9,2,1,3,1,1,0.921
4,3,4,3,10,2,5,1,5,1,1.4658
4,3,4,3,11,2,2,4,2,1,1.1714
4,3,4,3,12,2,4,1,4,1,1.2579
4,3,4,3,13,2,6,5,6,1,1.1798
4,3,4,3,14,2,5,4,4,0,1.1376
4,3,4,3,15,2,3,2,3,1,1.3
4,3,4,3,16,2,4,6,4,1,1.2689
4,3,4,3,17,2,1,3,1,1,1.1584
4,3,4,3,18,2,3,1,3,1,1.0372
4,3,4,3,19,2,6,1,1,0,1.9926
4,3,4,3,20,2,2,5,2,1,1.2881
4,3,4,3,21,2,6,4,6,1,0.8258
4,3,4,3,22,2,6,2,6,1,1.0694
4,3,4,3,23,2,4,2,4,1,1.656
4,3,4,3,24,2,6,4,6,1,0.8265
4,3,4,3,25,2,3,6,3,1,1.1667
4,3,4,3,26,2,2,3,3,0,2.3884
4,3,4,3,27,2,4,1,1,0,1.4601
4,3,4,3,28,2,4,6,4,1,1.1296
4,3,4,3,29,2,5,3,3,0,1.4735
4,3,4,3,30,2,2,4,2,1,0.9982
4,3,4,3,31,2,2,6,2,1,1.3948
4,3,4,3,32,2,5,2,5,1,1.0875
4,3,4,3,33,2,4,1,1,0,1.1296
4,3,4,3,34,2,6,2,6,1,1.9322
4,3,4,3,35,2,3,2,2,0,1.2351
4,3,4,3,36,2,1,2,1,1,0.9619
4,3,4,3,37,2,5,2,5,1,1.2488
4,3,4,3,38,2,5,2,5,1,1.0595
4,3,4,3,39,2,5,2,5,1,0.654
4,3,4,3,40,2,1,4,4,0,2.3935
4,3,4,3,41,2,6,2,2,0,1.6882
4,3,4,3,42,2,4,3,3,0,2.2603
4,3,4,3,43,2,1,3,3,0,1.1766
4,3,4,3,44,2,1,6,1,1,1.0658
4,3,4,3,45,2,3,5,3,1,1.0604
4,3,4,3,46,2,6,1,6,1,0.878
4,3,4,3,47,2,5,1,5,1,1.0083
4,3,4,3,48,2,1,5,1,1,1.101
4,3,4,3,49,2,2,1,2,1,0.966
4,3,4,3,50,2,1,4,4,0,2.052
4,3,4,4,1,6,3,,1,0,1.5027
4,3,4,4,2,6,1,,1,1,1.091
4,3,4,4,3,6,1,,2,0,1.1483
4,3,4,4,4,6,4,,3,0,1.4388
4,3,4,4,5,6,5,,5,1,0.9324
4,3,4,4,6,6,2,,2,1,1.2208
4,3,4,4,7,6,2,,3,0,1.2252
4,3,4,4,8,6,4,,1,0,1.2233
4,3,4,4,9,6,6,,3,0,1.191
4,3,4,4,10,6,3,,5,0,1.0168
4,3,4,4,11,6,5,,1,0,1.0236
4,3,4,4,12,6,4,,1,0,0.8068
4,3,4,4,13,6,4,,2,0,1.1914
4,3,4,4,14,6,6,,6,1,1.0475
4,3,4,4,15,6,4,,5,0,1.6191
4,3,4,4,16,6,3,,3,1,1.2026
4,3,4,4,17,6,6,,6,1,0.9669
4,3,4,4,18,6,3,,4,0,1.4773
4,3,4,4,19,6,5,,1,0,1.4024
4,3,4,4,20,6,2,,1,0,0.9459
4,3,4,4,21,6,5,,5,1,1.0684
4,3,4,4,22,6,3,,1,0,1.3665
4,3,4,4,23,6,3,,3,1,1.3756
4,3,4,4,24,6,1,,3,0,0.829
4,3,4,4,25,6,2,,2,1,1.2121
4,3,4,4,26,6,1,,1,1,0.7362
4,3,4,4,27,6,6,,6,1,0.7444
4,3,4,4,28,6,4,,2,0,1.4721
4,3,4,4,29,6,6,,6,1,0.7086
4,3,4,4,30,6,1,,1,1,0.9096
4,3,4,4,31,6,6,,6,1,0.9265
4,3,4,4,32,6,2,,2,1,1.0227
4,3,4,4,33,6,4,,2,0,1.1943
4,3,4,4,34,6,6,,6,1,1.2433
4,3,4,4,35,6,5,,5,1,0.6377
4,3,4,4,36,6,5,,6,0,0.7305
4,3,4,4,37,6,2,,2,1,1.4378
4,3,4,4,38,6,1,,6,0,1.129
4,3,4,4,39,6,1,,2,0,1.0521
4,3,4,4,40,6,6,,5,0,0.8983
4,3,4,4,41,6,2,,2,1,1.2795
4,3,4,4,42,6,5,,6,0,0.9449
4,3,4,4,43,6,5,,5,1,1.0507
4,3,4,4,44,6,1,,3,0,1.0304
4,3,4,4,45,6,2,,2,1,0.7652
4,3,4,4,46,6,6,,6,1,0.6759
4,3,4,4,47,6,3,,2,0,1.3746
4,3,4,4,48,6,3,,3,1,0.6952
4,3,4,4,49,6,6,,6,1,0.9763
4,3,4,4,50,6,4,,1,0,1.4543
4,3,5,1,1,6,3,,3,1,1.0801
4,3,5,1,2,6,6,,4,0,0.8338
4,3,5,1,3,6,3,,2,0,0.9774
4,3,5,1,4,6,2,,6,0,1.1958
4,3,5,1,5,6,4,,4,1,1.244
4,3,5,1,6,6,1,,1,1,4.2225
4,3,5,1,7,6,1,,3,0,1.5271
4,3,5,1,8,6,1,,1,1,1.6425
4,3,5,1,9,6,3,,2,0,0.8773
4,3,5,1,10,6,5,,1,0,1.0513
4,3,5,1,11,6,2,,1,0,0.8014
4,3,5,1,12,6,2,,2,1,0.9307
4,3,5,1,13,6,6,,2,0,1.1547
4,3,5,1,14,6,4,,4,1,1.6198
4,3,5,1,15,6,4,,2,0,1.0633
4,3,5,1,16,6,5,,5,1,1.2772
4,3,5,1,17,6,6,,6,1,1.3109
4,3,5,1,18,6,6,,6,1,1.0075
4,3,5,1,19,6,5,,1,0,1.1482
4,3,5,1,20,6,2,,5,0,1.2464
4,3,5,1,21,6,1,,3,0,1.5814
4,3,5,1,22,6,4,,5,0,1.0211
4,3,5,1,23,6,2,,6,0,1.4447
4,3,5,1,24,6,6,,5,0,1.291
4,3,5,1,25,6,1,,1,1,1.1916
4,3,5,1,26,6,4,,4,1,1.9644
4,3,5,1,27,6,2,,2,1,1.0896
4,3,5,1,28,6,3,,5,0,1.292
4,3,5,1,29,6,6,,6,1,1.1439
4,3,5,1,30,6,5,,6,0,1.3427
4,3,5,1,31,6,6,,2,0,1.2732
4,3,5,1,32,6,4,,3,0,1.2859
4,3,5,1,33,6,5,,5,1,1.5542
4,3,5,1,34,6,3,,3,1,1.353
4,3,5,1,35,6,1,,2,0,1.0145
4,3,5,1,36,6,5,,2,0,1.1181
4,3,5,1,37,6,4,,4,1,1.3304
4,3,5,1,38,6,6,,3,0,1.3453
4,3,5,1,39,6,2,,2,1,1.0518
4,3,5,1,40,6,3,,3,1,1.2231
4,3,5,1,41,6,5,,5,1,1.0664
4,3,5,1,42,6,6,,6,1,1.2203
4,3,5,1,43,6,4,,4,1,1.3685
4,3,5,1,44,6,5,,5,1,1.0947
4,3,5,1,45,6,1,,2,0,1.5997
4,3,5,1,46,6,3,,2,0,1.0559
4,3,5,1,47,6,2,,2,1,1.0134
4,3,5,1,48,6,1,,6,0,1.4098
4,3,5,1,49,6,3,,3,1,1.2732
4,3,5,1,50,6,6,,5,0,1.179
4,3,5,2,1,2,5,4,5,1,1.5767
4,3,5,2,2,2,6,3,6,1,1.4863
4,3,5,2,3,2,6,2,6,1,1.2714
4,3,5,2,4,2,2,1,2,1,0.969
4,3,5,2,5,2,6,5,5,0,1.5441
4,3,5,2,6,2,3,2,3,1,1.1454
4,3,5,2,7,2,4,1,1,0,2.2891
4,3,5,2,8,2,6,3,3,0,1.6199
4,3,5,2,9,2,4,6,4,1,1.2026
4,3,5,2,10,2,3,2,3,1,1.3356
4,3,5,2,11,2,6,5,6,1,0.886
4,3,5,2,12,2,5,6,5,1,1.0481
4,3,5,2,13,2,5,1,1,0,1.3953
4,3,5,2,14,2,5,6,5,1,0.9233
4,3,5,2,15,2,1,5,1,1,1.5307
4,3,5,2,16,2,2,3,2,1,1.2501
4,3,5,2,17,2,5,1,5,1,0.9329
4,3,5,2,18,2,3,2,3,1,1.7329
4,3,5,2,19,2,4,3,4,1,1.5874
4,3,5,2,20,2,3,6,3,1,1.5769
4,3,5,2,21,2,1,5,1,1,1.1028
4,3,5,2,22,2,6,5,6,1,1.0307
4,3,5,2,23,2,2,6,2,1,0.979
4,3,5,2,24,2,6,5,5,0,2.0328
4,3,5,2,25,2,3,2,3,1,1.518
4,3,5,2,26,2,1,3,1,1,1.3017
4,3,5,2,27,2,2,5,2,1,0.9667
4,3,5,2,28,2,5,3,3,0,1.6529
4,3,5,2,29,2,4,1,4,1,1.4422
4,3,5,2,30,2,4,2,4,1,1.1814
4,3,5,2,31,2,5,6,5,1,1.2674
4,3,5,2,32,2,2,6,2,1,1.1412
4,3,5,2,33,2,2,4,2,1,1.1492
4,3,5,2,34,2,4,6,4,1,1.3311
4,3,5,2,35,2,6,3,6,1,1.0425
4,3,5,2,36,2,4,1,4,1,1.326
4,3,5,2,37,2,1,6,1,1,1.0697
4,3,5,2,38,2,3,2,3,1,1.3197
4,3,5,2,39,2,4,3,4,1,2.7123
4,3,5,2,40,2,1,6,1,1,1.2146
4,3,5,2,41,2,2,6,2,1,0.9788
4,3,5,2,42,2,1,4,1,1,0.977
4,3,5,2,43,2,2,5,2,1,0.8627
4,3,5,2,44,2,1,4,1,1,0.8013
4,3,5,2,45,2,5,2,2,0,1.3026
4,3,5,2,46,2,6,3,3,0,1.5063
4,3,5,2,47,2,1,3,3,0,1.3973
4,3,5,2,48,2,3,1,3,1,1.181
4,3,5,2,49,2,3,1,3,1,1.1547
4,3,5,2,50,2,6,1,6,1,1.1135
4,3,5,3,1,6,3,,3,1,1.2154
4,3,5,3,2,6,1,,2,0,1.0277
4,3,5,3,3,6,6,,1,0,1.1303
4,3,5,3,4,6,6,,6,1,1.1492
4,3,5,3,5,6,2,,2,1,0.8845
4,3,5,3,6,6,4,,4,1,1.3984
4,3,5,3,7,6,4,,4,1,1.0431
4,3,5,3,8,6,1,,1,1,1.2301
4,3,5,3,9,6,4,,4,1,1.3938
4,3,5,3,10,6,3,,1,0,1.1663
4,3,5,3,11,6,2,,1,0,1.1195
4,3,5,3,12,6,2,,6,0,1.5391
4,3,5,3,13,6,4,,4,1,1.1097
4,3,5,3,14,6,5,,5,1,0.8461
4,3,5,3,15,6,3,,3,1,1.3612
4,3,5,3,16,6,6,,1,0,0.9912
4,3,5,3,17,6,5,,5,1,0.7755
4,3,5,3,18,6,1,,6,0,1.3741
4,3,5,3,19,6,4,,3,0,1.0946
4,3,5,3,20,6,4,,3,0,1.3228
4,3,5,3,21,6,3,,1,0,1.2539
4,3,5,3,22,6,5,,5,1,0.74
4,3,5,3,23,6,2,,2,1,1.2113
4,3,5,3,24,6,1,,5,0,0.9599
4,3,5,3,25,6,1,,5,0,1.6418
4,3,5,3,26,6,1,,3,0,1.8316
4,3,5,3,27,6,1,,2,0,1.0697
4,3,5,3,28,6,6,,6,1,1.2041
4,3,5,3,29,6,6,,1,0,1.3357
4,3,5,3,30,6,3,,6,0,1.4752
4,3,5,3,31,6,4,,3,0,1.3675
4,3,5,3,32,6,3,,3,1,1.2165
4,3,5,3,33,6,2,,4,0,1.732
4,3,5,3,34,6,1,,1,1,1.1031
4,3,5,3,35,6,5,,3,0,1.3992
4,3,5,3,36,6,6,,5,0,1.3913
4,3,5,3,37,6,5,,5,1,1.0473
4,3,5,3,38,6,3,,1,0,1.4105
4,3,5,3,39,6,6,,5,0,1.2262
4,3,5,3,40,6,5,,5,1,0.8091
4,3,5,3,41,6,6,,1,0,1.2295
4,3,5,3,42,6,2,,2,1,1.6127
4,3,5,3,43,6,6,,3,0,1.1365
4,3,5,3,44,6,5,,2,0,1.2663
4,3,5,3,45,6,6,,1,0,1.2803
4,3,5,3,46,6,4,,4,1,1.6293
4,3,5,3,47,6,3,,5,0,1.6805
4,3,5,3,48,6,5,,4,0,1.4365
4,3,5,3,49,6,2,,2,1,1.1389
4,3,5,3,50,6,2,,2,1,0.9704
4,3,5,4,1,2,3,1,1,0,1.2373
4,3,5,4,2,2,1,6,1,1,1.3002
4,3,5,4,3,2,3,4,4,0,1.4929
4,3,5,4,4,2,2,6,2,1,0.8088
4,3,5,4,5,2,3,1,3,1,1.0376
4,3,5,4,6,2,5,3,5,1,1.2414
4,3,5,4,7,2,1,6,1,1,1.2446
4,3,5,4,8,2,4,5,4,1,1.3276
4,3,5,4,9,2,6,5,5,0,1.4386
4,3,5,4,10,2,2,3,2,1,0.9818
4,3,5,4,11,2,6,3,6,1,1.5232
4,3,5,4,12,2,6,3,6,1,1.2112
4,3,5,4,13,2,2,4,2,1,1.4236
4,3,5,4,14,2,4,6,4,1,1.4509
4,3,5,4,15,2,5,6,5,1,2.4697
4,3,5,4,16,2,6,1,1,0,1.2384
4,3,5,4,17,2,2,1,1,0,1.7168
4,3,5,4,18,2,3,4,3,1,1.7272
4,3,5,4,19,2,1,5,1,1,1.3113
4,3,5,4,20,2,6,1,6,1,1.1357
4,3,5,4,21,2,4,1,4,1,1.4791
4,3,5,4,22,2,4,1,4,1,1.0721
4,3,5,4,23,2,6,5,6,1,1.3382
4,3,5,4,24,2,3,4,3,1,1.4975
4,3,5,4,25,2,6,4,6,1,1.1058
4,3,5,4,26,2,1,4,4,0,1.6584
4,3,5,4,27,2,5,2,2,0,2.3755
4,3,5,4,28,2,2,3,2,1,2.3912
4,3,5,4,29,2,5,3,5,1,1.9308
4,3,5,4,30,2,3,2,3,1,1.9692
4,3,5,4,31,2,1,3,3,0,1.3026
4,3,5,4,32,2,1,2,1,1,1.3143
4,3,5,4,33,2,5,1,1,0,1.618
4,3,5,4,34,2,5,3,5,1,0.9777
4,3,5,4,35,2,5,2,2,0,1.6474
4,3,5,4,36,2,5,4,5,1,0.973
4,3,5,4,37,2,2,1,1,0,1.3877
4,3,5,4,38,2,4,2,4,1,1.7959
4,3,5,4,39,2,3,6,3,1,1.2478
4,3,5,4,40,2,6,4,6,1,1.699
4,3,5,4,41,2,2,3,2,1,2.0672
4,3,5,4,42,2,6,5,5,0,38.1162
4,3,5,4,43,2,4,6,6,0,3.7202
4,3,5,4,44,2,2,3,2,1,2.1448
4,3,5,4,45,2,1,4,4,0,2.2385
4,3,5,4,46,2,1,4,4,0,1.6521
4,3,5,4,47,2,4,3,4,1,1.394
4,3,5,4,48,2,4,5,5,0,1.5821
4,3,5,4,49,2,3,5,5,0,1.8706
4,3,5,4,50,2,6,2,6,1,1.6032
5,1,1,1,1,2,3,1,3,1,1.5711
5,1,1,1,2,2,5,2,2,0,1.849
5,1,1,1,3,2,3,4,3,1,2.3664
5,1,1,1,4,2,5,1,1,0,1.9397
5,1,1,1,5,2,3,2,3,1,1.9892
5,1,1,1,6,2,4,5,5,0,2.9543
5,1,1,1,7,2,4,3,3,0,2.3222
5,1,1,1,8,2,6,2,6,1,1.461
5,1,1,1,9,2,5,1,5,1,1.8715
5,1,1,1,10,2,6,3,6,1,0.8411
5,1,1,1,11,2,5,6,5,1,2.1094
5,1,1,1,12,2,6,1,1,0,1.9172
5,1,1,1,13,2,3,4,4,0,2.3674
5,1,1,1,14,2,4,5,4,1,2.8005
5,1,1,1,15,2,5,2,2,0,1.2993
5,1,1,1,16,2,4,5,4,1,1.6151
5,1,1,1,17,2,1,5,1,1,1.3149
5,1,1,1,18,2,5,2,5,1,1.9871
5,1,1,1,19,2,1,5,1,1,1.9122
5,1,1,1,20,2,1,5,5,0,1.2959
5,1,1,1,21,2,2,5,2,1,3.9481
5,1,1,1,22,2,4,1,1,0,2.1126
5,1,1,1,23,2,4,3,4,1,2.4923
5,1,1,1,24,2,3,2,2,0,2.412
5,1,1,1,25,2,2,6,2,1,2.203
5,1,1,1,26,2,1,2,2,0,1.4634
5,1,1,1,27,2,2,4,2,1,2.9085
5,1,1,1,28,2,1,2,1,1,1.1794
5,1,1,1,29,2,3,4,3,1,1.8742
5,1,1,1,30,2,4,6,4,1,1.4836
5,1,1,1,31,2,3,6,6,0,1.2529
5,1,1,1,32,2,6,5,6,1,1.9386
5,1,1,1,33,2,2,4,2,1,1.6098
5,1,1,1,34,2,5,4,5,1,2.1744
5,1,1,1,35,2,6,3,6,1,1.0676
5,1,1,1,36,2,6,5,6,1,1.6854
5,1,1,1,37,2,6,4,6,1,2.5985
5,1,1,1,38,2,2,4,2,1,1.5223
5,1,1,1,39,2,6,4,4,0,2.1059
5,1,1,1,40,2,5,1,1,0,2.5972
5,1,1,1,41,2,1,2,2,0,1.5639
5,1,1,1,42,2,1,4,4,0,2.5254
5,1,1,1,43,2,3,5,3,1,2.3434
5,1,1,1,44,2,1,5,1,1,1.79
5,1,1,1,45,2,6,3,6,1,1.1782
5,1,1,1,46,2,2,3,2,1,1.5202
5,1,1,1,47,2,6,4,4,0,1.4001
5,1,1,1,48,2,2,6,2,1,2.5123
5,1,1,1,49,2,2,6,2,1,1.2154
5,1,1,1,50,2,4,5,4,1,2.0358
5,1,1,2,1,6,6,,6,1,2.1796
5,1,1,2,2,6,3,,6,0,1.1367
5,1,1,2,3,6,6,,6,1,0.9163
5,1,1,2,4,6,2,,2,1,1.3171
5,1,1,2,5,6,4,,2,0,4.0212
5,1,1,2,6,6,4,,4,1,1.2656
5,1,1,2,7,6,6,,2,0,1.4276
5,1,1,2,8,6,3,,2,0,1.4354
5,1,1,2,9,6,1,,6,0,1.874
5,1,1,2,10,6,6,,6,1,0.8549
5,1,1,2,11,6,4,,2,0,2.4578
5,1,1,2,12,6,1,,1,1,1.9588
5,1,1,2,13,6,4,,2,0,2.397
5,1,1,2,14,6,3,,4,0,1.5642
5,1,1,2,15,6,1,,3,0,3.3413
5,1,1,2,16,6,4,,5,0,1.8935
5,1,1,2,17,6,4,,2,0,2.7779
5,1,1,2,18,6,2,,6,0,0.8256
5,1,1,2,19,6,2,,2,1,1.4659
5,1,1,2,20,6,6,,6,1,1.0911
5,1,1,2,21,6,1,,1,1,1.0852
5,1,1,2,22,6,3,,2,0,1.5268
5,1,1,2,23,6,5,,1,0,1.5777
5,1,1,2,24,6,6,,6,1,0.9071
5,1,1,2,25,6,1,,1,1,1.4838
5,1,1,2,26,6,3,,3,1,1.2851
5,1,1,2,27,6,2,,2,1,1.1589
5,1,1,2,28,6,1,,1,1,1.6613
5,1,1,2,29,6,5,,3,0,1.7595
5,1,1,2,30,6,6,,6,1,0.9056
5,1,1,2,31,6,3,,3,1,1.4828
5,1,1,2,32,6,6,,6,1,0.8202
5,1,1,2,33,6,2,,2,1,1.1446
5,1,1,2,34,6,6,,6,1,0.8329
5,1,1,2,35,6,2,,2,1,0.9801
5,1,1,2,36,6,5,,5,1,2.162
5,1,1,2,37,6,5,,1,0,1.8238
5,1,1,2,38,6,2,,2,1,1.0944
5,1,1,2,39,6,2,,1,0,1.9036
5,1,1,2,40,6,6,,6,1,1.0112
5,1,1,2,41,6,5,,6,0,0.8481
5,1,1,2,42,6,3,,6,0,1.8711
5,1,1,2,43,6,5,,5,1,1.5403
5,1,1,2,44,6,5,,3,0,1.4833
5,1,1,2,45,6,4,,1,0,1.2484
5,1,1,2,46,6,1,,2,0,3.3107
5,1,1,2,47,6,3,,2,0,1.5605
5,1,1,2,48,6,4,,2,0,1.3538
5,1,1,2,49,6,5,,4,0,2.132
5,1,1,2,50,6,1,,1,1,1.1982
5,1,1,3,1,2,3,5,5,0,1.744
5,1,1,3,2,2,2,6,2,1,1.7863
5,1,1,3,3,2,1,6,1,1,1.2231
5,1,1,3,4,2,1,3,1,1,1.8511
5,1,1,3,5,2,6,4,6,1,2.3569
5,1,1,3,6,2,2,5,5,0,1.5147
5,1,1,3,7,2,1,2,2,0,2.6544
5,1,1,3,8,2,2,5,5,0,2.003
5,1,1,3,9,2,3,6,6,0,1.6823
5,1,1,3,10,2,4,6,4,1,1.9988
5,1,1,3,11,2,3,6,3,1,2.1149
5,1,1,3,12,2,5,2,5,1,2.3538
5,1,1,3,13,2,5,4,5,1,1.3679
5,1,1,3,14,2,4,1,4,1,2.0059
5,1,1,3,15,2,2,3,3,0,2.5857
5,1,1,3,16,2,1,2,1,1,1.5535
5,1,1,3,17,2,1,6,1,1,1.3675
5,1,1,3,18,2,6,2,6,1,1.0781
5,1,1,3,19,2,3,6,3,1,1.6643
5,1,1,3,20,2,5,4,5,1,1.5859
5,1,1,3,21,2,6,2,6,1,0.9348
5,1,1,3,22,2,5,3,5,1,1.3188
5,1,1,3,23,2,6,1,1,0,2.8226
5,1,1,3,24,2,3,1,3,1,1.3967
5,1,1,3,25,2,6,5,6,1,0.9784
5,1,1,3,26,2,6,3,3,0,1.4562
5,1,1,3,27,2,3,2,2,0,1.7022
5,1,1,3,28,2,2,4,2,1,1.2656
5,1,1,3,29,2,4,1,4,1,1.876
5,1,1,3,30,2,4,2,2,0,1.2297
5,1,1,3,31,2,3,4,3,1,3.0521
5,1,1,3,32,2,4,3,4,1,2.2135
5,1,1,3,33,2,2,3,2,1,1.1685
5,1,1,3,34,2,3,4,4,0,1.6707
5,1,1,3,35,2,6,1,6,1,1.0116
5,1,1,3,36,2,5,4,5,1,2.065
5,1,1,3,37,2,6,5,6,1,2.322
5,1,1,3,38,2,4,5,4,1,1.8012
5,1,1,3,39,2,2,1,2,1,1.9571
5,1,1,3,40,2,2,4,4,0,1.8357
5,1,1,3,41,2,5,4,5,1,1.7936
5,1,1,3,42,2,4,6,4,1,2.4146
5,1,1,3,43,2,1,4,1,1,1.3776
5,1,1,3,44,2,5,6,6,0,1.2305
5,1,1,3,45,2,1,4,1,1,2.0138
5,1,1,3,46,2,1,3,1,1,1.4094
5,1,1,3,47,2,6,3,6,1,1.3098
5,1,1,3,48,2,6,5,6,1,1.1347
5,1,1,3,49,2,4,6,4,1,1.3342
5,1,1,3,50,2,5,3,5,1,1.4936
5,1,1,4,1,6,6,,6,1,0.9884
5,1,1,4,2,6,2,,2,1,1.2742
5,1,1,4,3,6,4,,1,0,1.66
5,1,1,4,4,6,1,,6,0,1.3703
5,1,1,4,5,6,6,,6,1,1.4436
5,1,1,4,6,6,4,,3,0,3.151
5,1,1,4,7,6,4,,6,0,0.8789
5,1,1,4,8,6,5,,2,0,1.1327
5,1,1,4,9,6,3,,5,0,1.6633
5,1,1,4,10,6,5,,5,1,1.2923
5,1,1,4,11,6,4,,1,0,1.246
5,1,1,4,12,6,1,,1,1,0.8126
5,1,1,4,13,6,4,,6,0,0.865
5,1,1,4,14,6,1,,6,0,1.5191
5,1,1,4,15,6,6,,3,0,2.4983
5,1,1,4,16,6,5,,2,0,1.2133
5,1,1,4,17,6,3,,2,0,1.5973
5,1,1,4,18,6,6,,6,1,1.3569
5,1,1,4,19,6,2,,2,1,1.3391
5,1,1,4,20,6,1,,6,0,1.2752
5,1,1,4,21,6,5,,2,0,1.8479
5,1,1,4,22,6,3,,5,0,2.7016
5,1,1,4,23,6,4,,6,0,0.7682
5,1,1,4,24,6,1,,3,0,1.6666
5,1,1,4,25,6,6,,6,1,0.9436
5,1,1,4,26,6,2,,2,1,1.2949
5,1,1,4,27,6,1,,6,0,0.8484
5,1,1,4,28,6,2,,2,1,1.0704
5,1,1,4,29,6,5,,5,1,1.3054
5,1,1,4,30,6,4,,4,1,2.3303
5,1,1,4,31,6,5,,6,0,1.0402
5,1,1,4,32,6,1,,2,0,1.3833
5,1,1,4,33,6,2,,2,1,1.1044
5,1,1,4,34,6,1,,1,1,1.0334
5,1,1,4,35,6,5,,2,0,1.1727
5,1,1,4,36,6,3,,4,0,2.3429
5,1,1,4,37,6,5,,6,0,1.0156
5,1,1,4,38,6,2,,2,1,1.1837
5,1,1,4,39,6,6,,6,1,1.4448
5,1,1,4,40,6,6,,6,1,1.0243
5,1,1,4,41,6,2,,2,1,0.9083
5,1,1,4,42,6,6,,6,1,0.9418
5,1,1,4,43,6,6,,5,0,2.3013
5,1,1,4,44,6,6,,6,1,1.5039
5,1,1,4,45,6,4,,6,0,1.1773
5,1,1,4,46,6,3,,3,1,1.4176
5,1,1,4,47,6,3,,1,0,1.3015
5,1,1,4,48,6,3,,3,1,1.2822
5,1,1,4,49,6,2,,5,0,1.6676
5,1,1,4,50,6,3,,3,1,1.5364
5,1,2,1,1,6,6,,6,1,1.5418
5,1,2,1,2,6,2,,2,1,1.1014
5,1,2,1,3,6,4,,4,1,1.2857
5,1,2,1,4,6,6,,6,1,0.9199
5,1,2,1,5,6,2,,5,0,1.5925
5,1,2,1,6,6,1,,1,1,1.1451
5,1,2,1,7,6,2,,6,0,1.4247
5,1,2,1,8,6,5,,5,1,1.1753
5,1,2,1,9,6,4,,5,0,1.39
5,1,2,1,10,6,1,,5,0,1.1752
5,1,2,1,11,6,5,,3,0,1.9925
5,1,2,1,12,6,3,,6,0,1.1928
5,1,2,1,13,6,1,,1,1,1.5128
5,1,2,1,14,6,4,,2,0,0.9772
5,1,2,1,15,6,2,,3,0,2.2664
5,1,2,1,16,6,5,,5,1,1.1348
5,1,2,1,17,6,2,,3,0,1.2221
5,1,2,1,18,6,3,,1,0,1.6383
5,1,2,1,19,6,5,,5,1,1.4446
5,1,2,1,20,6,3,,3,1,1.183
5,1,2,1,21,6,4,,1,0,1.3164
5,1,2,1,22,6,6,,6,1,0.9761
5,1,2,1,23,6,3,,2,0,1.3742
5,1,2,1,24,6,5,,5,1,1.1758
5,1,2,1,25,6,3,,2,0,2.4452
5,1,2,1,26,6,1,,4,0,1.6424
5,1,2,1,27,6,2,,2,1,1.2571
5,1,2,1,28,6,4,,5,0,1.9159
5,1,2,1,29,6,5,,3,0,1.631
5,1,2,1,30,6,1,,5,0,1.5172
5,1,2,1,31,6,3,,3,1,3.4409
5,1,2,1,32,6,1,,1,1,1.4019
5,1,2,1,33,6,6,,6,1,1.0939
5,1,2,1,34,6,4,,2,0,1.3281
5,1,2,1,35,6,2,,2,1,1.4828
5,1,2,1,36,6,1,,1,1,1.0606
5,1,2,1,37,6,6,,3,0,1.5672
5,1,2,1,38,6,4,,5,0,2.08
5,1,2,1,39,6,3,,6,0,1.3081
5,1,2,1,40,6,4,,3,0,1.2404
5,1,2,1,41,6,6,,6,1,0.8234
5,1,2,1,42,6,6,,3,0,1.612
5,1,2,1,43,6,3,,2,0,1.5477
5,1,2,1,44,6,6,,6,1,0.8773
5,1,2,1,45,6,6,,6,1,0.8631
5,1,2,1,46,6,5,,5,1,1.0736
5,1,2,1,47,6,6,,1,0,1.3246
5,1,2,1,48,6,5,,5,1,0.9671
5,1,2,1,49,6,1,,5,0,3.6536
5,1,2,1,50,6,2,,2,1,1.7455
5,1,2,2,1,2,6,1,6,1,1.0539
5,1,2,2,2,2,5,4,5,1,1.0489
5,1,2,2,3,2,5,4,4,0,1.9244
5,1,2,2,4,2,3,5,3,1,2.5671
5,1,2,2,5,2,5,6,5,1,2.1314
5,1,2,2,6,2,3,1,3,1,1.9698
5,1,2,2,7,2,6,4,6,1,1.0472
5,1,2,2,8,2,6,3,6,1,1.2023
5,1,2,2,9,2,3,2,3,1,1.7832
5,1,2,2,10,2,2,4,2,1,1.0122
5,1,2,2,11,2,2,6,6,0,2.9925
5,1,2,2,12,2,1,4,4,0,1.5433
5,1,2,2,13,2,6,3,6,1,0.9858
5,1,2,2,14,2,4,5,4,1,1.3513
5,1,2,2,15,2,3,5,5,0,1.5418
5,1,2,2,16,2,1,5,1,1,0.9519
5,1,2,2,17,2,3,4,3,1,2.1196
5,1,2,2,18,2,2,5,2,1,1.3986
5,1,2,2,19,2,5,4,5,1,3.219
5,1,2,2,20,2,5,4,5,1,1.5888
5,1,2,2,21,2,6,2,6,1,0.9545
5,1,2,2,22,2,3,5,3,1,1.3537
5,1,2,2,23,2,5,4,5,1,1.144
5,1,2,2,24,2,1,2,2,0,1.76
5,1,2,2,25,2,4,2,4,1,1.4007
5,1,2,2,26,2,2,3,2,1,1.0456
5,1,2,2,27,2,4,5,4,1,2.1295
5,1,2,2,28,2,3,4,3,1,1.5518
5,1,2,2,29,2,2,4,2,1,1.2225
5,1,2,2,30,2,6,4,6,1,1.0827
5,1,2,2,31,2,1,4,1,1,1.3317
5,1,2,2,32,2,5,3,5,1,1.4112
5,1,2,2,33,2,6,2,6,1,1.3283
5,1,2,2,34,2,6,2,6,1,0.9117
5,1,2,2,35,2,2,6,2,1,0.9279
5,1,2,2,36,2,4,3,4,1,1.4242
5,1,2,2,37,2,6,4,6,1,1.1323
5,1,2,2,38,2,1,3,1,1,0.9963
5,1,2,2,39,2,4,2,2,0,1.4096
5,1,2,2,40,2,1,6,6,0,0.9685
5,1,2,2,41,2,2,6,2,1,1.2186
5,1,2,2,42,2,3,4,3,1,1.639
5,1,2,2,43,2,2,6,2,1,1.4662
5,1,2,2,44,2,1,3,1,1,1.22
5,1,2,2,45,2,4,6,4,1,2.0562
5,1,2,2,46,2,4,1,4,1,1.4658
5,1,2,2,47,2,1,4,4,0,1.1239
5,1,2,2,48,2,4,5,5,0,1.9114
5,1,2,2,49,2,6,2,2,0,1.0664
5,1,2,2,50,2,5,4,5,1,1.7126
5,1,2,3,1,6,5,,1,0,1.6625
5,1,2,3,2,6,1,,1,1,1.0992
5,1,2,3,3,6,3,,2,0,0.9968
5,1,2,3,4,6,5,,5,1,2.3169
5,1,2,3,5,6,6,,6,1,0.7719
5,1,2,3,6,6,5,,6,0,0.9393
5,1,2,3,7,6,4,,6,0,1.2544
5,1,2,3,8,6,6,,6,1,0.996
5,1,2,3,9,6,6,,6,1,0.7859
5,1,2,3,10,6,2,,2,1,0.8712
5,1,2,3,11,6,2,,2,1,0.7783
5,1,2,3,12,6,6,,6,1,0.8166
5,1,2,3,13,6,4,,5,0,1.5563
5,1,2,3,14,6,1,,1,1,1.0786
5,1,2,3,15,6,6,,2,0,1.2479
5,1,2,3,16,6,4,,6,0,1.5831
5,1,2,3,17,6,3,,2,0,1.1354
5,1,2,3,18,6,4,,4,1,1.1701
5,1,2,3,19,6,4,,2,0,1.2406
5,1,2,3,20,6,6,,6,1,1.1908
5,1,2,3,21,6,3,,2,0,0.9245
5,1,2,3,22,6,2,,6,0,1.5927
5,1,2,3,23,6,4,,4,1,2.4087
5,1,2,3,24,6,6,,6,1,1.8516
5,1,2,3,25,6,6,,6,1,1.4137
5,1,2,3,26,6,4,,3,0,1.2503
5,1,2,3,27,6,4,,6,0,1.5202
5,1,2,3,28,6,1,,3,0,2.1633
5,1,2,3,29,6,5,,6,0,1.3883
5,1,2,3,30,6,5,,5,1,1.0446
5,1,2,3,31,6,1,,1,1,1.0571
5,1,2,3,32,6,5,,5,1,1.3555
5,1,2,3,33,6,3,,5,0,1.562
5,1,2,3,34,6,3,,2,0,1.0996
5,1,2,3,35,6,2,,5,0,1.0399
5,1,2,3,36,6,1,,6,0,2.3278
5,1,2,3,37,6,5,,6,0,1.3048
5,1,2,3,38,6,3,,3,1,1.3815
5,1,2,3,39,6,2,,2,1,1.0272
5,1,2,3,40,6,3,,3,1,1.5028
5,1,2,3,41,6,1,,3,0,1.0957
5,1,2,3,42,6,5,,5,1,1.4519
5,1,2,3,43,6,2,,2,1,1.0308
5,1,2,3,44,6,1,,4,0,2.2902
5,1,2,3,45,6,6,,1,0,1.7664
5,1,2,3,46,6,2,,2,1,1.0712
5,1,2,3,47,6,2,,2,1,0.9694
5,1,2,3,48,6,6,,3,0,1.2562
5,1,2,3,49,6,3,,2,0,2.0545
5,1,2,3,50,6,1,,4,0,1.8589
5,1,2,4,1,2,2,4,2,1,2.9017
5,1,2,4,2,2,6,4,6,1,0.9164
5,1,2,4,3,2,5,6,5,1,1.5252
5,1,2,4,4,2,3,4,3,1,1.3249
5,1,2,4,5,2,4,1,4,1,1.5808
5,1,2,4,6,2,6,1,6,1,0.8972
5,1,2,4,7,2,1,3,1,1,0.899
5,1,2,4,8,2,4,1,4,1,1.476
5,1,2,4,9,2,6,1,6,1,0.7981
5,1,2,4,10,2,5,3,5,1,1.2029
5,1,2,4,11,2,1,3,1,1,1.5438
5,1,2,4,12,2,3,4,4,0,1.4392
5,1,2,4,13,2,6,1,6,1,1.0302
5,1,2,4,14,2,2,4,2,1,1.0578
5,1,2,4,15,2,4,5,4,1,1.6287
5,1,2,4,16,2,2,1,2,1,1.1369
5,1,2,4,17,2,6,3,6,1,1.4646
5,1,2,4,18,2,1,3,3,0,1.2825
5,1,2,4,19,2,1,6,1,1,1.9512
5,1,2,4,20,2,6,3,3,0,1.5249
5,1,2,4,21,2,2,5,2,1,1.0005
5,1,2,4,22,2,2,3,2,1,1.8137
5,1,2,4,23,2,5,2,2,0,1.5532
5,1,2,4,24,2,4,6,4,1,1.7147
5,1,2,4,25,2,6,5,6,1,0.7864
5,1,2,4,26,2,1,2,1,1,1.9926
5,1,2,4,27,2,3,2,2,0,1.7254
5,1,2,4,28,2,2,1,2,1,1.1603
5,1,2,4,29,2,1,6,1,1,1.2151
5,1,2,4,30,2,3,4,3,1,1.6831
5,1,2,4,31,2,6,3,6,1,1.7323
5,1,2,4,32,2,3,1,1,0,1.5869
5,1,2,4,33,2,1,5,1,1,1.6036
5,1,2,4,34,2,4,2,4,1,1.7518
5,1,2,4,35,2,3,2,3,1,1.2864
5,1,2,4,36,2,1,3,1,1,1.6075
5,1,2,4,37,2,6,4,6,1,1.004
5,1,2,4,38,2,5,4,4,0,1.6892
5,1,2,4,39,2,3,4,4,0,2.7738
5,1,2,4,40,2,2,1,1,0,1.7179
5,1,2,4,41,2,5,1,1,0,1.617
5,1,2,4,42,2,4,1,1,0,1.6003
5,1,2,4,43,2,4,1,4,1,1.5995
5,1,2,4,44,2,2,4,2,1,1.7484
5,1,2,4,45,2,5,4,5,1,1.7628
5,1,2,4,46,2,6,2,6,1,1.6483
5,1,2,4,47,2,5,4,4,0,1.2827
5,1,2,4,48,2,4,3,4,1,1.4075
5,1,2,4,49,2,3,4,3,1,1.9317
5,1,2,4,50,2,5,1,5,1,1.4907
5,1,3,1,1,2,2,5,2,1,1.8938
5,1,3,1,2,2,4,6,4,1,1.1191
5,1,3,1,3,2,6,1,6,1,0.839
5,1,3,1,4,2,1,3,1,1,1.4993
5,1,3,1,5,2,2,5,5,0,1.9877
5,1,3,1,6,2,5,1,1,0,1.5396
5,1,3,1,7,2,2,5,2,1,1.3024
5,1,3,1,8,2,3,1,1,0,1.8312
5,1,3,1,9,2,3,6,6,0,1.741
5,1,3,1,10,2,5,1,5,1,0.9037
5,1,3,1,11,2,1,2,1,1,1.5291
5,1,3,1,12,2,1,5,5,0,1.92
5,1,3,1,13,2,2,5,5,0,0.9152
5,1,3,1,14,2,4,5,4,1,1.727
5,1,3,1,15,2,1,2,2,0,3.1184
5,1,3,1,16,2,5,2,5,1,0.9122
5,1,3,1,17,2,5,3,5,1,1.2488
5,1,3,1,18,2,5,2,5,1,1.3473
5,1,3,1,19,2,4,2,2,0,2.2099
5,1,3,1,20,2,6,3,6,1,0.9045
5,1,3,1,21,2,2,1,1,0,1.8018
5,1,3,1,22,2,3,6,3,1,1.49
5,1,3,1,23,2,6,3,6,1,1.1954
5,1,3,1,24,2,6,2,6,1,1.5202
5,1,3,1,25,2,1,2,2,0,3.1755
5,1,3,1,26,2,6,5,6,1,0.7745
5,1,3,1,27,2,2,6,6,0,2.0134
5,1,3,1,28,2,4,6,4,1,1.2123
5,1,3,1,29,2,6,5,6,1,1.3763
5,1,3,1,30,2,5,6,5,1,1.7746
5,1,3,1,31,2,3,6,6,0,2.2042
5,1,3,1,32,2,6,2,6,1,0.8828
5,1,3,1,33,2,6,2,6,1,1.7485
5,1,3,1,34,2,4,2,4,1,2.1629
5,1,3,1,35,2,5,3,5,1,0.8954
5,1,3,1,36,2,4,3,3,0,1.5213
5,1,3,1,37,2,1,2,1,1,1.4446
5,1,3,1,38,2,6,4,6,1,1.0227
5,1,3,1,39,2,3,1,3,1,1.7074
5,1,3,1,40,2,4,2,4,1,3.0517
5,1,3,1,41,2,2,6,2,1,1.3006
5,1,3,1,42,2,1,3,3,0,1.4931
5,1,3,1,43,2,6,2,6,1,1.7693
5,1,3,1,44,2,3,6,3,1,1.8148
5,1,3,1,45,2,5,6,5,1,1.7307
5,1,3,1,46,2,3,5,3,1,1.2493
5,1,3,1,47,2,3,5,3,1,1.0119
5,1,3,1,48,2,4,5,4,1,1.5363
5,1,3,1,49,2,1,5,1,1,1.5601
5,1,3,1,50,2,2,1,1,0,1.8532
5,1,3,2,1,6,4,,6,0,1.9204
5,1,3,2,2,6,1,,2,0,1.3
5,1,3,2,3,6,5,,1,0,2.2882
5,1,3,2,4,6,2,,2,1,1.1718
5,1,3,2,5,6,6,,6,1,1.3542
5,1,3,2,6,6,5,,6,0,1.0971
5,1,3,2,7,6,6,,6,1,0.8933
5,1,3,2,8,6,6,,6,1,1.0706
5,1,3,2,9,6,1,,2,0,1.1288
5,1,3,2,10,6,6,,6,1,1.5637
5,1,3,2,11,6,6,,6,1,0.8661
5,1,3,2,12,6,4,,2,0,1.2358
5,1,3,2,13,6,2,,2,1,0.9472
5,1,3,2,14,6,4,,6,0,1.6662
5,1,3,2,15,6,5,,5,1,1.7916
5,1,3,2,16,6,3,,2,0,1.4035
5,1,3,2,17,6,2,,2,1,1.2352
5,1,3,2,18,6,4,,3,0,2.3743
5,1,3,2,19,6,6,,1,0,1.5741
5,1,3,2,20,6,5,,3,0,1.7987
5,1,3,2,21,6,1,,2,0,1.3269
5,1,3,2,22,6,6,,2,0,1.1779
5,1,3,2,23,6,3,,1,0,1.21
5,1,3,2,24,6,5,,5,1,0.8581
5,1,3,2,25,6,4,,5,0,1.4051
5,1,3,2,26,6,4,,4,1,1.5566
5,1,3,2,27,6,6,,5,0,2.2354
5,1,3,2,28,6,5,,1,0,1.2336
5,1,3,2,29,6,1,,1,1,1.2638
5,1,3,2,30,6,3,,6,0,1.4901
5,1,3,2,31,6,5,,5,1,1.2219
5,1,3,2,32,6,1,,6,0,1.6749
5,1,3,2,33,6,2,,2,1,1.2554
5,1,3,2,34,6,4,,4,1,2.1706
5,1,3,2,35,6,6,,2,0,1.5277
5,1,3,2,36,6,2,,1,0,1.9942
5,1,3,2,37,6,3,,3,1,2.3302
5,1,3,2,38,6,2,,2,1,0.8479
5,1,3,2,39,6,3,,4,0,1.3956
5,1,3,2,40,6,6,,3,0,2.1073
5,1,3,2,41,6,3,,3,1,1.3346
5,1,3,2,42,6,1,,1,1,1.174
5,1,3,2,43,6,3,,2,0,1.2592
5,1,3,2,44,6,1,,1,1,0.9048
5,1,3,2,45,6,4,,2,0,1.1464
5,1,3,2,46,6,5,,5,1,1.053
5,1,3,2,47,6,3,,3,1,2.2638
5,1,3,2,48,6,2,,2,1,0.9453
5,1,3,2,49,6,1,,5,0,1.7438
5,1,3,2,50,6,2,,2,1,0.9214
5,1,3,3,1,2,1,6,6,0,1.7517
5,1,3,3,2,2,6,5,6,1,1.1377
5,1,3,3,3,2,4,6,4,1,1.7533
5,1,3,3,4,2,2,3,2,1,1.4953
5,1,3,3,5,2,1,3,1,1,1.4082
5,1,3,3,6,2,4,5,5,0,1.5972
5,1,3,3,7,2,6,1,1,0,1.9966
5,1,3,3,8,2,4,3,3,0,1.5162
5,1,3,3,9,2,5,2,2,0,1.2793
5,1,3,3,10,2,5,3,5,1,1.0525
5,1,3,3,11,2,6,3,6,1,1.2714
5,1,3,3,12,2,6,3,6,1,1.0977
5,1,3,3,13,2,5,6,6,0,1.4908
5,1,3,3,14,2,4,6,6,0,2.3588
5,1,3,3,15,2,4,5,4,1,2.103
5,1,3,3,16,2,2,6,2,1,1.1747
5,1,3,3,17,2,6,4,6,1,1.6126
5,1,3,3,18,2,2,1,2,1,1.296
5,1,3,3,19,2,3,2,3,1,1.281
5,1,3,3,20,2,6,5,5,0,2.4985
5,1,3,3,21,2,3,2,3,1,1.2455
5,1,3,3,22,2,6,1,6,1,1.1523
5,1,3,3,23,2,3,2,3,1,1.863
5,1,3,3,24,2,3,1,3,1,1.6487
5,1,3,3,25,2,5,6,5,1,1.7626
5,1,3,3,26,2,2,5,2,1,1.1049
5,1,3,3,27,2,3,4,3,1,1.6577
5,1,3,3,28,2,2,3,2,1,1.3241
5,1,3,3,29,2,6,4,4,0,1.4353
5,1,3,3,30,2,4,5,4,1,1.1862
5,1,3,3,31,2,3,5,3,1,1.5436
5,1,3,3,32,2,4,1,1,0,1.8063
5,1,3,3,33,2,1,6,1,1,1.3169
5,1,3,3,34,2,5,6,5,1,1.2692
5,1,3,3,35,2,5,4,4,0,1.559
5,1,3,3,36,2,5,4,5,1,1.1606
5,1,3,3,37,2,1,5,5,0,2.2876
5,1,3,3,38,2,5,4,4,0,1.2676
5,1,3,3,39,2,3,2,3,1,1.153
5,1,3,3,40,2,4,3,3,0,2.0083
5,1,3,3,41,2,6,4,6,1,1.1424
5,1,3,3,42,2,6,3,6,1,0.8613
5,1,3,3,43,2,2,1,2,1,1.2651
5,1,3,3,44,2,2,1,2,1,1.1873
5,1,3,3,45,2,1,3,1,1,1.1929
5,1,3,3,46,2,1,3,3,0,1.5183
5,1,3,3,47,2,1,4,4,0,1.6009
5,1,3,3,48,2,1,5,1,1,1.8247
5,1,3,3,49,2,2,1,2,1,1.2599
5,1,3,3,50,2,3,4,3,1,1.198
5,1,3,4,1,6,5,,5,1,1.0564
5,1,3,4,2,6,4,,1,0,1.6599
5,1,3,4,3,6,1,,6,0,0.8562
5,1,3,4,4,6,3,,2,0,1.2551
5,1,3,4,5,6,2,,2,1,1.0929
5,1,3,4,6,6,2,,2,1,1.3258
5,1,3,4,7,6,5,,6,0,1.2777
5,1,3,4,8,6,1,,5,0,1.4987
5,1,3,4,9,6,6,,6,1,1.0229
5,1,3,4,10,6,3,,2,0,1.1795
5,1,3,4,11,6,2,,2,1,0.9886
5,1,3,4,12,6,1,,6,0,1.0822
5,1,3,4,13,6,6,,2,0,1.2311
5,1,3,4,14,6,5,,6,0,1.4225
5,1,3,4,15,6,3,,3,1,1.1733
5,1,3,4,16,6,4,,2,0,1.8506
5,1,3,4,17,6,3,,6,0,1.3284
5,1,3,4,18,6,5,,5,1,0.9398
5,1,3,4,19,6,2,,6,0,1.9638
5,1,3,4,20,6,3,,3,1,1.452
5,1,3,4,21,6,4,,2,0,1.399
5,1,3,4,22,6,5,,5,1,1.6954
5,1,3,4,23,6,6,,6,1,0.9913
5,1,3,4,24,6,6,,2,0,1.1335
5,1,3,4,25,6,6,,6,1,0.9762
5,1,3,4,26,6,4,,6,0,1.406
5,1,3,4,27,6,1,,1,1,1.5094
5,1,3,4,28,6,3,,2,0,0.9896
5,1,3,4,29,6,5,,5,1,1.5429
5,1,3,4,30,6,2,,2,1,1.2773
5,1,3,4,31,6,1,,1,1,1.567
5,1,3,4,32,6,6,,6,1,1.8129
5,1,3,4,33,6,5,,6,0,1.2961
5,1,3,4,34,6,3,,2,0,1.2932
5,1,3,4,35,6,6,,6,1,2.4729
5,1,3,4,36,6,4,,4,1,1.3213
5,1,3,4,37,6,2,,2,1,1.674
5,1,3,4,38,6,6,,6,1,1.2759
5,1,3,4,39,6,5,,5,1,1.006
5,1,3,4,40,6,1,,1,1,1.6592
5,1,3,4,41,6,6,,6,1,1.1646
5,1,3,4,42,6,4,,3,0,2.6591
5,1,3,4,43,6,3,,5,0,1.5267
5,1,3,4,44,6,2,,2,1,2.4896
5,1,3,4,45,6,1,,1,1,1.1138
5,1,3,4,46,6,6,,2,0,1.314
5,1,3,4,47,6,2,,3,0,1.2774
5,1,3,4,48,6,4,,4,1,1.5786
5,1,3,4,49,6,1,,1,1,2.7038
5,1,3,4,50,6,4,,5,0,0.8226
5,1,4,1,1,6,3,,2,0,1.2775
5,1,4,1,2,6,4,,6,0,0.8901
5,1,4,1,3,6,5,,6,0,0.76
5,1,4,1,4,6,3,,3,1,2.2184
5,1,4,1,5,6,5,,3,0,2.5173
5,1,4,1,6,6,2,,2,1,1.1039
5,1,4,1,7,6,5,,3,0,1.305
5,1,4,1,8,6,6,,5,0,1.2205
5,1,4,1,9,6,1,,1,1,2.7245
5,1,4,1,10,6,3,,3,1,1.2749
5,1,4,1,11,6,6,,6,1,1.0998
5,1,4,1,12,6,4,,3,0,1.3333
5,1,4,1,13,6,4,,6,0,0.9757
5,1,4,1,14,6,4,,1,0,1.2096
5,1,4,1,15,6,2,,2,1,0.9044
5,1,4,1,16,6,5,,6,0,1.0978
5,1,4,1,17,6,5,,5,1,1.9189
5,1,4,1,18,6,1,,6,0,1.942
5,1,4,1,19,6,2,,2,1,1.2553
5,1,4,1,20,6,4,,2,0,1.226
5,1,4,1,21,6,4,,2,0,0.9527
5,1,4,1,22,6,6,,6,1,0.9468
5,1,4,1,23,6,2,,2,1,0.9944
5,1,4,1,24,6,2,,1,0,1.3437
5,1,4,1,25,6,3,,3,1,1.7057
5,1,4,1,26,6,1,,3,0,1.097
5,1,4,1,27,6,4,,5,0,2.1895
5,1,4,1,28,6,1,,6,0,1.2218
5,1,4,1,29,6,6,,6,1,1.0287
5,1,4,1,30,6,1,,2,0,1.1521
5,1,4,1,31,6,2,,2,1,0.9629
5,1,4,1,32,6,2,,6,0,1.6171
5,1,4,1,33,6,4,,3,0,1.3919
5,1,4,1,34,6,6,,6,1,1.1123
5,1,4,1,35,6,5,,5,1,1.1205
5,1,4,1,36,6,6,,6,1,1.0331
5,1,4,1,37,6,1,,1,1,2.005
5,1,4,1,38,6,3,,4,0,1.7533
5,1,4,1,39,6,6,,6,1,0.8025
5,1,4,1,40,6,3,,5,0,1.7998
5,1,4,1,41,6,6,,6,1,0.7831
5,1,4,1,42,6,1,,6,0,1.0297
5,1,4,1,43,6,3,,6,0,1.2125
5,1,4,1,44,6,6,,6,1,0.9885
5,1,4,1,45,6,5,,5,1,1.258
5,1,4,1,46,6,3,,3,1,0.9735
5,1,4,1,47,6,2,,2,1,0.9387
5,1,4,1,48,6,5,,3,0,1.5949
5,1,4,1,49,6,6,,6,1,0.6987
5,1,4,1,50,6,1,,1,1,1.1882
5,1,4,2,1,2,4,6,4,1,1.4465
5,1,4,2,2,2,6,1,6,1,0.8487
5,1,4,2,3,2,1,5,1,1,1.3005
5,1,4,2,4,2,1,3,3,0,2.2771
5,1,4,2,5,2,4,2,2,0,1.4009
5,1,4,2,6,2,5,2,5,1,1.2494
5,1,4,2,7,2,2,5,2,1,0.8678
5,1,4,2,8,2,4,5,5,0,1.7983
5,1,4,2,9,2,4,2,2,0,2.6861
5,1,4,2,10,2,3,4,3,1,2.4653
5,1,4,2,11,2,5,3,5,1,1.7786
5,1,4,2,12,2,6,3,6,1,1.1353
5,1,4,2,13,2,5,3,5,1,0.9827
5,1,4,2,14,2,6,5,6,1,1.3969
5,1,4,2,15,2,3,6,3,1,1.7612
5,1,4,2,16,2,3,5,5,0,1.2955
5,1,4,2,17,2,5,3,3,0,2.7958
5,1,4,2,18,2,1,3,1,1,1.6267
5,1,4,2,19,2,2,1,2,1,1.1335
5,1,4,2,20,2,5,4,5,1,1.8773
5,1,4,2,21,2,2,6,2,1,1.0388
5,1,4,2,22,2,3,5,5,0,1.8657
5,1,4,2,23,2,6,2,2,0,2.5426
5,1,4,2,24,2,2,1,2,1,1.3036
5,1,4,2,25,2,6,4,4,0,2.1672
5,1,4,2,26,2,4,1,4,1,1.1363
5,1,4,2,27,2,6,5,5,0,1.2718
5,1,4,2,28,2,1,5,5,0,2.1804
5,1,4,2,29,2,6,3,6,1,1.4205
5,1,4,2,30,2,4,3,4,1,1.2568
5,1,4,2,31,2,3,4,4,0,1.2907
5,1,4,2,32,2,1,2,1,1,1.223
5,1,4,2,33,2,6,3,3,0,1.3391
5,1,4,2,34,2,2,1,2,1,1.3652
5,1,4,2,35,2,5,2,5,1,1.043
5,1,4,2,36,2,5,4,5,1,0.847
5,1,4,2,37,2,3,5,3,1,2.0982
5,1,4,2,38,2,1,3,1,1,1.8902
5,1,4,2,39,2,3,5,3,1,1.7537
5,1,4,2,40,2,2,3,2,1,0.9682
5,1,4,2,41,2,6,5,6,1,0.742
5,1,4,2,42,2,1,2,1,1,1.5984
5,1,4,2,43,2,3,6,3,1,1.7149
5,1,4,2,44,2,1,3,3,0,1.3467
5,1,4,2,45,2,2,1,2,1,0.9245
5,1,4,2,46,2,4,2,4,1,1.4205
5,1,4,2,47,2,4,1,1,0,1.5288
5,1,4,2,48,2,2,4,2,1,0.9711
5,1,4,2,49,2,6,4,6,1,1.049
5,1,4,2,50,2,5,4,4,0,1.8123
5,1,4,3,1,6,1,,1,1,2.6968
5,1,4,3,2,6,1,,4,0,1.4561
5,1,4,3,3,6,5,,1,0,1.3016
5,1,4,3,4,6,6,,6,1,0.8812
5,1,4,3,5,6,2,,2,1,0.9633
5,1,4,3,6,6,6,,3,0,1.4575
5,1,4,3,7,6,5,,5,1,1.3196
5,1,4,3,8,6,6,,6,1,0.92
5,1,4,3,9,6,5,,5,1,1.4329
5,1,4,3,10,6,1,,5,0,1.204
5,1,4,3,11,6,4,,6,0,1.5234
5,1,4,3,12,6,3,,2,0,1.3176
5,1,4,3,13,6,2,,2,1,0.962
5,1,4,3,14,6,4,,6,0,2.8482
5,1,4,3,15,6,3,,3,1,1.7405
5,1,4,3,16,6,6,,1,0,2.6356
5,1,4,3,17,6,4,,4,1,2.6239
5,1,4,3,18,6,4,,5,0,1.7072
5,1,4,3,19,6,2,,2,1,2.1661
5,1,4,3,20,6,1,,1,1,1.1714
5,1,4,3,21,6,6,,6,1,0.8413
5,1,4,3,22,6,6,,2,0,1.5169
5,1,4,3,23,6,6,,6,1,0.8639
5,1,4,3,24,6,6,,6,1,0.8663
5,1,4,3,25,6,4,,4,1,1.6054
5,1,4,3,26,6,2,,2,1,1.0009
5,1,4,3,27,6,1,,2,0,1.1742
5,1,4,3,28,6,2,,4,0,1.5113
5,1,4,3,29,6,2,,2,1,1.0508
5,1,4,3,30,6,5,,5,1,0.9334
5,1,4,3,31,6,4,,4,1,1.6857
5,1,4,3,32,6,4,,4,1,1.3501
5,1,4,3,33,6,4,,6,0,1.8931
5,1,4,3,34,6,6,,6,1,1.5608
5,1,4,3,35,6,1,,6,0,2.5265
5,1,4,3,36,6,5,,6,0,1.608
5,1,4,3,37,6,3,,2,0,2.2152
5,1,4,3,38,6,2,,2,1,1.0214
5,1,4,3,39,6,3,,5,0,1.0979
5,1,4,3,40,6,2,,2,1,1.1027
5,1,4,3,41,6,3,,1,0,1.3678
5,1,4,3,42,6,1,,1,1,1.5052
5,1,4,3,43,6,5,,5,1,1.434
5,1,4,3,44,6,5,,6,0,1.333
5,1,4,3,45,6,3,,2,0,1.2636
5,1,4,3,46,6,3,,6,0,1.5338
5,1,4,3,47,6,6,,6,1,1.423
5,1,4,3,48,6,3,,6,0,1.6591
5,1,4,3,49,6,1,,5,0,1.7048
5,1,4,3,50,6,5,,5,1,1.4593
5,1,4,4,1,2,4,3,3,0,2.1543
5,1,4,4,2,2,5,4,5,1,1.299
5,1,4,4,3,2,5,2,5,1,1.0119
5,1,4,4,4,2,1,4,1,1,1.3439
5,1,4,4,5,2,4,3,4,1,1.3431
5,1,4,4,6,2,2,4,2,1,0.9892
5,1,4,4,7,2,5,2,5,1,1.0676
5,1,4,4,8,2,5,1,5,1,1.7979
5,1,4,4,9,2,4,5,5,0,1.026
5,1,4,4,10,2,2,6,2,1,1.0328
5,1,4,4,11,2,4,3,4,1,1.7165
5,1,4,4,12,2,6,4,6,1,1.7009
5,1,4,4,13,2,1,3,1,1,1.9569
5,1,4,4,14,2,3,4,4,0,1.8345
5,1,4,4,15,2,2,6,2,1,1.2643
5,1,4,4,16,2,3,5,3,1,1.2508
5,1,4,4,17,2,5,2,5,1,1.5253
5,1,4,4,18,2,4,2,2,0,1.8209
5,1,4,4,19,2,3,2,3,1,2.2753
5,1,4,4,20,2,5,2,5,1,2.444
5,1,4,4,21,2,3,5,3,1,2.4454
5,1,4,4,22,2,4,3,4,1,1.3117
5,1,4,4,23,2,3,4,3,1,1.6322
5,1,4,4,24,2,1,2,1,1,1.4271
5,1,4,4,25,2,6,5,5,0,2.7032
5,1,4,4,26,2,6,4,6,1,2.1285
5,1,4,4,27,2,6,3,6,1,1.999
5,1,4,4,28,2,3,1,3,1,1.2195
5,1,4,4,29,2,1,5,1,1,1.2072
5,1,4,4,30,2,2,6,2,1,1.6112
5,1,4,4,31,2,6,4,6,1,1.3424
5,1,4,4,32,2,3,6,3,1,1.2938
5,1,4,4,33,2,2,3,3,0,1.5667
5,1,4,4,34,2,1,4,4,0,3.0234
5,1,4,4,35,2,2,6,6,0,2.2763
5,1,4,4,36,2,6,5,6,1,1.4485
5,1,4,4,37,2,5,6,5,1,1.9233
5,1,4,4,38,2,2,3,2,1,3.5294
5,1,4,4,39,2,1,4,1,1,1.0705
5,1,4,4,40,2,4,6,4,1,1.5133
5,1,4,4,41,2,1,6,6,0,1.6492
5,1,4,4,42,2,1,3,1,1,2.2708
5,1,4,4,43,2,6,2,6,1,1.4317
5,1,4,4,44,2,3,4,4,0,1.8754
5,1,4,4,45,2,5,1,5,1,1.063
5,1,4,4,46,2,6,2,6,1,0.9135
5,1,4,4,47,2,4,6,4,1,1.6342
5,1,4,4,48,2,6,3,6,1,1.8133
5,1,4,4,49,2,6,3,6,1,0.8485
5,1,4,4,50,2,2,5,2,1,1.06
5,1,5,1,1,2,6,5,6,1,2.0882
5,1,5,1,2,2,3,6,3,1,1.7687
5,1,5,1,3,2,2,3,3,0,1.43
5,1,5,1,4,2,2,3,2,1,1.0525
5,1,5,1,5,2,5,4,4,0,1.2563
5,1,5,1,6,2,4,3,4,1,1.3178
5,1,5,1,7,2,4,6,6,0,1.2862
5,1,5,1,8,2,6,4,4,0,1.2036
5,1,5,1,9,2,3,6,6,0,1.0914
5,1,5,1,10,2,4,6,4,1,2.6641
5,1,5,1,11,2,3,6,3,1,1.3766
5,1,5,1,12,2,1,4,4,0,1.4222
5,1,5,1,13,2,6,3,6,1,0.8211
5,1,5,1,14,2,2,4,2,1,1.1782
5,1,5,1,15,2,4,6,4,1,1.8079
5,1,5,1,16,2,4,2,2,0,1.5153
5,1,5,1,17,2,1,3,1,1,1.6467
5,1,5,1,18,2,4,6,6,0,1.9209
5,1,5,1,19,2,5,6,5,1,1.7629
5,1,5,1,20,2,6,4,6,1,0.8809
5,1,5,1,21,2,6,5,6,1,1.1385
5,1,5,1,22,2,2,1,2,1,1.1297
5,1,5,1,23,2,3,2,3,1,1.0733
5,1,5,1,24,2,5,1,5,1,1.4352
5,1,5,1,25,2,3,2,2,0,1.4458
5,1,5,1,26,2,6,2,6,1,1.0201
5,1,5,1,27,2,3,4,3,1,1.6249
5,1,5,1,28,2,5,1,5,1,1.8674
5,1,5,1,29,2,1,4,1,1,1.3335
5,1,5,1,30,2,6,5,6,1,1.4926
5,1,5,1,31,2,1,3,3,0,1.645
5,1,5,1,32,2,1,5,5,0,2.2671
5,1,5,1,33,2,2,6,2,1,0.9275
5,1,5,1,34,2,2,5,2,1,0.8152
5,1,5,1,35,2,5,1,5,1,1.2518
5,1,5,1,36,2,3,4,3,1,1.8627
5,1,5,1,37,2,1,6,1,1,1.2322
5,1,5,1,38,2,4,2,4,1,2.5799
5,1,5,1,39,2,4,6,4,1,1.408
5,1,5,1,40,2,5,3,5,1,2.2838
5,1,5,1,41,2,1,5,1,1,1.5723
5,1,5,1,42,2,6,5,6,1,0.8902
5,1,5,1,43,2,6,4,6,1,1.0514
5,1,5,1,44,2,3,5,5,0,1.7498
5,1,5,1,45,2,6,5,6,1,0.6715
5,1,5,1,46,2,5,2,5,1,0.8421
5,1,5,1,47,2,1,3,1,1,1.3572
5,1,5,1,48,2,2,1,2,1,0.988
5,1,5,1,49,2,2,5,5,0,1.8652
5,1,5,1,50,2,5,4,4,0,2.1902
5,1,5,2,1,6,4,,4,1,1.3474
5,1,5,2,2,6,2,,2,1,1.2498
5,1,5,2,3,6,5,,6,0,1.5563
5,1,5,2,4,6,4,,4,1,1.3973
5,1,5,2,5,6,1,,6,0,1.2348
5,1,5,2,6,6,3,,2,0,1.4253
5,1,5,2,7,6,3,,6,0,2.1682
5,1,5,2,8,6,5,,5,1,2.2564
5,1,5,2,9,6,6,,6,1,0.8256
5,1,5,2,10,6,4,,4,1,2.1741
5,1,5,2,11,6,6,,6,1,1.5789
5,1,5,2,12,6,5,,5,1,1.1361
5,1,5,2,13,6,1,,1,1,1.5751
5,1,5,2,14,6,2,,2,1,1.1161
5,1,5,2,15,6,2,,3,0,1.0766
5,1,5,2,16,6,6,,6,1,0.8258
5,1,5,2,17,6,3,,5,0,1.7575
5,1,5,2,18,6,2,,2,1,0.8706
5,1,5,2,19,6,6,,6,1,1.1767
5,1,5,2,20,6,1,,6,0,1.0219
5,1,5,2,21,6,6,,6,1,0.6783
5,1,5,2,22,6,1,,1,1,1.0082
5,1,5,2,23,6,2,,2,1,0.9882
5,1,5,2,24,6,1,,1,1,1.37
5,1,5,2,25,6,6,,6,1,0.7916
5,1,5,2,26,6,4,,2,0,1.3409
5,1,5,2,27,6,1,,6,0,1.2233
5,1,5,2,28,6,5,,5,1,1.0136
5,1,5,2,29,6,5,,6,0,2.5465
5,1,5,2,30,6,6,,6,1,0.8436
5,1,5,2,31,6,5,,5,1,0.8944
5,1,5,2,32,6,2,,2,1,1.0076
5,1,5,2,33,6,4,,5,0,1.7571
5,1,5,2,34,6,1,,2,0,1.4454
5,1,5,2,35,6,4,,3,0,1.7083
5,1,5,2,36,6,3,,4,0,2.8225
5,1,5,2,37,6,6,,6,1,1.3167
5,1,5,2,38,6,1,,2,0,1.2364
5,1,5,2,39,6,4,,2,0,1.1708
5,1,5,2,40,6,6,,6,1,0.6759
5,1,5,2,41,6,5,,5,1,1.3425
5,1,5,2,42,6,6,,6,1,1.1656
5,1,5,2,43,6,3,,2,0,1.2996
5,1,5,2,44,6,2,,5,0,1.2459
5,1,5,2,45,6,3,,3,1,1.1002
5,1,5,2,46,6,4,,1,0,2.0049
5,1,5,2,47,6,3,,3,1,2.5798
5,1,5,2,48,6,5,,6,0,2.3522
5,1,5,2,49,6,3,,3,1,1.2166
5,1,5,2,50,6,2,,2,1,0.9333
5,1,5,3,1,2,4,6,6,0,1.8892
5,1,5,3,2,2,4,5,5,0,1.7815
5,1,5,3,3,2,6,1,6,1,1.0217
5,1,5,3,4,2,4,5,5,0,1.5301
5,1,5,3,5,2,5,6,5,1,1.4841
5,1,5,3,6,2,6,5,6,1,1.1729
5,1,5,3,7,2,3,1,3,1,2.3317
5,1,5,3,8,2,2,6,2,1,1.3134
5,1,5,3,9,2,2,5,2,1,1.0097
5,1,5,3,10,2,5,6,5,1,1.1987
5,1,5,3,11,2,1,3,3,0,1.3961
5,1,5,3,12,2,1,2,1,1,1.2435
5,1,5,3,13,2,5,2,5,1,1.1023
5,1,5,3,14,2,2,1,2,1,1.0151
5,1,5,3,15,2,6,1,6,1,0.8352
5,1,5,3,16,2,2,4,2,1,1.0955
5,1,5,3,17,2,1,4,1,1,1.4883
5,1,5,3,18,2,5,2,5,1,1.8653
5,1,5,3,19,2,6,1,6,1,1.0111
5,1,5,3,20,2,6,3,6,1,0.9277
5,1,5,3,21,2,3,5,3,1,1.3115
5,1,5,3,22,2,3,6,6,0,1.2634
5,1,5,3,23,2,1,5,5,0,2.236
5,1,5,3,24,2,2,3,2,1,1.0586
5,1,5,3,25,2,3,1,1,0,1.0856
5,1,5,3,26,2,1,5,5,0,1.4741
5,1,5,3,27,2,6,2,2,0,1.3666
5,1,5,3,28,2,2,5,2,1,0.8321
5,1,5,3,29,2,1,6,6,0,0.8679
5,1,5,3,30,2,2,6,2,1,1.1219
5,1,5,3,31,2,4,1,4,1,1.5461
5,1,5,3,32,2,4,6,6,0,2.1767
5,1,5,3,33,2,5,4,4,0,1.2884
5,1,5,3,34,2,4,6,4,1,1.2532
5,1,5,3,35,2,4,1,1,0,1.4001
5,1,5,3,36,2,5,2,5,1,1.9033
5,1,5,3,37,2,3,1,3,1,1.7199
5,1,5,3,38,2,6,2,6,1,1.1105
5,1,5,3,39,2,3,6,6,0,1.6951
5,1,5,3,40,2,6,4,4,0,1.3391
5,1,5,3,41,2,3,2,2,0,1.7492
5,1,5,3,42,2,1,2,1,1,1.4385
5,1,5,3,43,2,6,5,6,1,1.2425
5,1,5,3,44,2,4,1,4,1,1.1809
5,1,5,3,45,2,5,3,5,1,2.3226
5,1,5,3,46,2,6,4,6,1,1.5616
5,1,5,3,47,2,5,3,5,1,2.239
5,1,5,3,48,2,2,1,1,0,1.6895
5,1,5,3,49,2,1,3,3,0,2.1981
5,1,5,3,50,2,3,2,3,1,1.8846
5,1,5,4,1,6,1,,1,1,1.4264
5,1,5,4,2,6,3,,2,0,1.2623
5,1,5,4,3,6,6,,6,1,1.0036
5,1,5,4,4,6,4,,5,0,0.8728
5,1,5,4,5,6,5,,5,1,0.8863
5,1,5,4,6,6,3,,5,0,0.9674
5,1,5,4,7,6,6,,6,1,0.8652
5,1,5,4,8,6,4,,4,1,1.1719
5,1,5,4,9,6,3,,6,0,1.0979
5,1,5,4,10,6,3,,3,1,1.358
5,1,5,4,11,6,6,,6,1,1.2596
5,1,5,4,12,6,5,,1,0,1.9026
5,1,5,4,13,6,5,,5,1,0.9774
5,1,5,4,14,6,4,,2,0,1.0394
5,1,5,4,15,6,1,,5,0,1.4294
5,1,5,4,16,6,4,,2,0,1.2442
5,1,5,4,17,6,6,,6,1,1.6743
5,1,5,4,18,6,6,,6,1,1.1165
5,1,5,4,19,6,1,,6,0,1.0449
5,1,5,4,20,6,5,,2,0,2.5231
5,1,5,4,21,6,1,,2,0,1.5579
5,1,5,4,22,6,3,,1,0,1.7185
5,1,5,4,23,6,2,,5,0,1.474
5,1,5,4,24,6,4,,3,0,1.5747
5,1,5,4,25,6,2,,2,1,0.9351
5,1,5,4,26,6,4,,5,0,1.1585
5,1,5,4,27,6,5,,6,0,0.8569
5,1,5,4,28,6,1,,1,1,0.9664
5,1,5,4,29,6,2,,1,0,1.1408
5,1,5,4,30,6,4,,2,0,1.0956
5,1,5,4,31,6,3,,2,0,1.1152
5,1,5,4,32,6,1,,6,0,0.7668
5,1,5,4,33,6,4,,3,0,1.2649
5,1,5,4,34,6,6,,6,1,0.8784
5,1,5,4,35,6,6,,2,0,1.1678
5,1,5,4,36,6,3,,6,0,0.8815
5,1,5,4,37,6,2,,2,1,1.2624
5,1,5,4,38,6,3,,2,0,1.0087
5,1,5,4,39,6,1,,1,1,1.3046
5,1,5,4,40,6,2,,2,1,0.9684
5,1,5,4,41,6,5,,5,1,1.2712
5,1,5,4,42,6,2,,2,1,1.1933
5,1,5,4,43,6,6,,6,1,2.0463
5,1,5,4,44,6,5,,3,0,1.3116
5,1,5,4,45,6,5,,5,1,1.2754
5,1,5,4,46,6,6,,6,1,1.0851
5,1,5,4,47,6,1,,4,0,1.4469
5,1,5,4,48,6,2,,2,1,0.9247
5,1,5,4,49,6,2,,2,1,1.0684
5,1,5,4,50,6,6,,6,1,0.983
5,2,1,1,1,2,2,1,2,1,1.6656
5,2,1,1,2,2,4,5,5,0,1.5867
5,2,1,1,3,2,3,4,3,1,2.1959
5,2,1,1,4,2,4,2,2,0,1.6321
5,2,1,1,5,2,1,2,1,1,1.9345
5,2,1,1,6,2,6,3,6,1,1.4611
5,2,1,1,7,2,3,1,3,1,1.7279
5,2,1,1,8,2,6,2,6,1,2.2556
5,2,1,1,9,2,1,3,1,1,1.4491
5,2,1,1,10,2,4,5,5,0,1.7635
5,2,1,1,11,2,5,6,5,1,1.549
5,2,1,1,12,2,3,5,5,0,1.8915
5,2,1,1,13,2,6,4,6,1,0.9194
5,2,1,1,14,2,4,1,1,0,2.7285
5,2,1,1,15,2,5,3,3,0,1.6579
5,2,1,1,16,2,5,4,5,1,1.944
5,2,1,1,17,2,4,5,4,1,1.647
5,2,1,1,18,2,4,3,3,0,1.6969
5,2,1,1,19,2,2,1,2,1,1.7732
5,2,1,1,20,2,3,6,6,0,1.0981
5,2,1,1,21,2,6,5,6,1,0.927
5,2,1,1,22,2,1,6,1,1,1.5193
5,2,1,1,23,2,1,5,1,1,1.2874
5,2,1,1,24,2,3,5,3,1,1.2568
5,2,1,1,25,2,5,6,5,1,1.8357
5,2,1,1,26,2,2,3,2,1,2.5027
5,2,1,1,27,2,3,2,3,1,2.7738
5,2,1,1,28,2,1,4,1,1,1.0666
5,2,1,1,29,2,6,5,6,1,1.3967
5,2,1,1,30,2,2,3,3,0,2.4978
5,2,1,1,31,2,3,4,3,1,2.7812
5,2,1,1,32,2,6,2,2,0,1.5693
5,2,1,1,33,2,4,5,4,1,1.5868
5,2,1,1,34,2,6,4,6,1,1.1597
5,2,1,1,35,2,2,4,2,1,1.0707
5,2,1,1,36,2,1,2,1,1,1.3691
5,2,1,1,37,2,6,5,6,1,1.0474
5,2,1,1,38,2,2,6,2,1,0.9793
5,2,1,1,39,2,2,5,2,1,1.4578
5,2,1,1,40,2,6,1,6,1,1.4522
5,2,1,1,41,2,1,2,1,1,0.9666
5,2,1,1,42,2,5,4,5,1,1.8614
5,2,1,1,43,2,5,1,1,0,1.3754
5,2,1,1,44,2,5,1,5,1,1.449
5,2,1,1,45,2,6,5,6,1,1.2674
5,2,1,1,46,2,5,3,3,0,1.6056
5,2,1,1,47,2,1,5,5,0,1.1575
5,2,1,1,48,2,3,2,2,0,1.4002
5,2,1,1,49,2,2,4,2,1,1.3757
5,2,1,1,50,2,4,6,4,1,1.4379
5,2,1,2,1,6,3,,2,0,1.4273
5,2,1,2,2,6,4,,4,1,1.8187
5,2,1,2,3,6,6,,6,1,1.5907
5,2,1,2,4,6,2,,2,1,1.3713
5,2,1,2,5,6,2,,4,0,1.2257
5,2,1,2,6,6,5,,4,0,1.4169
5,2,1,2,7,6,2,,2,1,1.1688
5,2,1,2,8,6,6,,6,1,0.8714
5,2,1,2,9,6,3,,4,0,1.3696
5,2,1,2,10,6,6,,6,1,1.1709
5,2,1,2,11,6,6,,2,0,1.177
5,2,1,2,12,6,6,,6,1,1.5308
5,2,1,2,13,6,6,,3,0,1.587
5,2,1,2,14,6,3,,1,0,1.2996
5,2,1,2,15,6,4,,6,0,1.0719
5,2,1,2,16,6,5,,5,1,1.3335
5,2,1,2,17,6,5,,6,0,1.3653
5,2,1,2,18,6,4,,2,0,1.3741
5,2,1,2,19,6,3,,4,0,1.4801
5,2,1,2,20,6,6,,6,1,1.293
5,2,1,2,21,6,4,,2,0,2.1896
5,2,1,2,22,6,6,,6,1,1.2059
5,2,1,2,23,6,1,,1,1,1.179
5,2,1,2,24,6,3,,4,0,1.5533
5,2,1,2,25,6,3,,6,0,1.2826
5,2,1,2,26,6,2,,2,1,1.1364
5,2,1,2,27,6,4,,2,0,1.6557
5,2,1,2,28,6,5,,5,1,1.0134
5,2,1,2,29,6,1,,2,0,1.5375
5,2,1,2,30,6,2,,2,1,1.2202
5,2,1,2,31,6,6,,6,1,0.8726
5,2,1,2,32,6,5,,5,1,1.1468
5,2,1,2,33,6,2,,2,1,0.9309
5,2,1,2,34,6,1,,6,0,1.027
5,2,1,2,35,6,5,,5,1,0.8584
5,2,1,2,36,6,1,,3,0,2.1895
5,2,1,2,37,6,1,,3,0,1.7816
5,2,1,2,38,6,5,,2,0,1.23
5,2,1,2,39,6,6,,6,1,0.9412
5,2,1,2,40,6,4,,5,0,1.2133
5,2,1,2,41,6,5,,2,0,1.2126
5,2,1,2,42,6,4,,2,0,1.1161
5,2,1,2,43,6,4,,6,0,1.1197
5,2,1,2,44,6,2,,2,1,1.4281
5,2,1,2,45,6,1,,5,0,1.2473
5,2,1,2,46,6,3,,6,0,1.278
5,2,1,2,47,6,1,,1,1,1.8188
5,2,1,2,48,6,2,,1,0,1.6225
5,2,1,2,49,6,1,,6,0,0.9022
5,2,1,2,50,6,3,,1,0,1.9221
5,2,1,3,1,2,3,5,3,1,1.7631
5,2,1,3,2,2,2,4,2,1,1.2966
5,2,1,3,3,2,6,4,6,1,1.1214
5,2,1,3,4,2,2,5,2,1,1.3536
5,2,1,3,5,2,5,1,1,0,1.8001
5,2,1,3,6,2,5,4,4,0,1.4239
5,2,1,3,7,2,3,2,3,1,1.8312
5,2,1,3,8,2,2,1,2,1,0.9784
5,2,1,3,9,2,3,1,3,1,1.4876
5,2,1,3,10,2,2,6,6,0,2.3775
5,2,1,3,11,2,3,1,1,0,2.4739
5,2,1,3,12,2,2,3,3,0,1.2539
5,2,1,3,13,2,3,4,4,0,1.5082
5,2,1,3,14,2,1,4,1,1,1.6559
5,2,1,3,15,2,1,4,4,0,1.2748
5,2,1,3,16,2,4,1,1,0,1.7844
5,2,1,3,17,2,6,4,6,1,2.4803
5,2,1,3,18,2,5,3,5,1,2.0971
5,2,1,3,19,2,6,2,2,0,1.1857
5,2,1,3,20,2,2,1,1,0,2.0669
5,2,1,3,21,2,3,1,3,1,1.6473
5,2,1,3,22,2,4,3,4,1,1.5223
5,2,1,3,23,2,6,3,6,1,0.9214
5,2,1,3,24,2,6,2,6,1,1.0342
5,2,1,3,25,2,1,5,1,1,0.9978
5,2,1,3,26,2,6,4,6,1,0.8351
5,2,1,3,27,2,6,4,6,1,0.7435
5,2,1,3,28,2,5,4,5,1,0.8475
5,2,1,3,29,2,2,4,2,1,0.9309
5,2,1,3,30,2,6,3,6,1,0.786
5,2,1,3,31,2,5,2,5,1,0.7442
5,2,1,3,32,2,6,3,6,1,0.8638
5,2,1,3,33,2,1,6,1,1,0.9464
5,2,1,3,34,2,1,5,5,0,1.2493
5,2,1,3,35,2,1,2,1,1,1.4559
5,2,1,3,36,2,4,3,3,0,1.8827
5,2,1,3,37,2,4,1,4,1,1.4862
5,2,1,3,38,2,5,4,5,1,1.1597
5,2,1,3,39,2,4,1,4,1,1.455
5,2,1,3,40,2,4,6,6,0,1.3377
5,2,1,3,41,2,1,5,1,1,1.1082
5,2,1,3,42,2,3,5,5,0,1.4856
5,2,1,3,43,2,3,6,6,0,1.6817
5,2,1,3,44,2,2,3,2,1,1.0545
5,2,1,3,45,2,4,6,6,0,1.9612
5,2,1,3,46,2,4,6,4,1,1.691
5,2,1,3,47,2,6,1,6,1,1.8517
5,2,1,3,48,2,5,6,5,1,0.9818
5,2,1,3,49,2,5,4,5,1,0.9959
5,2,1,3,50,2,1,2,1,1,1.457
5,2,1,4,1,6,1,,1,1,1.3211
5,2,1,4,2,6,1,,5,0,0.8418
5,2,1,4,3,6,4,,3,0,1.3206
5,2,1,4,4,6,2,,2,1,0.996
5,2,1,4,5,6,3,,2,0,0.9451
5,2,1,4,6,6,3,,5,0,1.7721
5,2,1,4,7,6,3,,2,0,1.0293
5,2,1,4,8,6,6,,6,1,0.7965
5,2,1,4,9,6,1,,2,0,1.1056
5,2,1,4,10,6,2,,2,1,0.9177
5,2,1,4,11,6,3,,6,0,1.719
5,2,1,4,12,6,1,,1,1,1.2498
5,2,1,4,13,6,6,,3,0,1.6041
5,2,1,4,14,6,1,,3,0,1.2687
5,2,1,4,15,6,1,,5,0,1.394
5,2,1,4,16,6,6,,1,0,1.3229
5,2,1,4,17,6,6,,2,0,1.5583
5,2,1,4,18,6,6,,6,1,1.0162
5,2,1,4,19,6,5,,5,1,0.9971
5,2,1,4,20,6,6,,6,1,0.8982
5,2,1,4,21,6,4,,2,0,1.0274
5,2,1,4,22,6,4,,4,1,1.4978
5,2,1,4,23,6,6,,6,1,1.2986
5,2,1,4,24,6,3,,3,1,1.8114
5,2,1,4,25,6,4,,4,1,1.664
5,2,1,4,26,6,1,,2,0,1.6176
5,2,1,4,27,6,5,,5,1,0.8327
5,2,1,4,28,6,4,,6,0,0.9008
5,2,1,4,29,6,2,,2,1,0.9613
5,2,1,4,30,6,5,,3,0,1.2796
5,2,1,4,31,6,2,,2,1,1.2291
5,2,1,4,32,6,1,,1,1,1.2644
5,2,1,4,33,6,3,,4,0,1.4425
5,2,1,4,34,6,4,,3,0,1.4015
5,2,1,4,35,6,5,,5,1,0.8647
5,2,1,4,36,6,6,,2,0,1.4593
5,2,1,4,37,6,4,,4,1,1.2256
5,2,1,4,38,6,2,,2,1,0.8782
5,2,1,4,39,6,6,,6,1,1.5051
5,2,1,4,40,6,5,,2,0,2.0093
5,2,1,4,41,6,3,,5,0,1.5116
5,2,1,4,42,6,6,,6,1,0.9392
5,2,1,4,43,6,2,,2,1,1.3549
5,2,1,4,44,6,2,,2,1,1.3223
5,2,1,4,45,6,3,,6,0,1.2419
5,2,1,4,46,6,5,,5,1,0.68
5,2,1,4,47,6,5,,6,0,1.3301
5,2,1,4,48,6,5,,2,0,1.7896
5,2,1,4,49,6,4,,4,1,1.6856
5,2,1,4,50,6,2,,6,0,1.5105
5,2,2,1,1,6,3,,3,1,1.3147
5,2,2,1,2,6,5,,5,1,0.8342
5,2,2,1,3,6,4,,4,1,1.4625
5,2,2,1,4,6,6,,6,1,0.9607
5,2,2,1,5,6,3,,3,1,1.4078
5,2,2,1,6,6,3,,5,0,0.8603
5,2,2,1,7,6,4,,2,0,2.0909
5,2,2,1,8,6,6,,6,1,0.8232
5,2,2,1,9,6,6,,2,0,1.244
5,2,2,1,10,6,3,,3,1,1.4991
5,2,2,1,11,6,4,,5,0,1.187
5,2,2,1,12,6,5,,5,1,0.8518
5,2,2,1,13,6,1,,2,0,0.8556
5,2,2,1,14,6,6,,5,0,0.9025
5,2,2,1,15,6,6,,6,1,0.8511
5,2,2,1,16,6,6,,6,1,1.1263
5,2,2,1,17,6,2,,5,0,1.5981
5,2,2,1,18,6,2,,2,1,1.3103
5,2,2,1,19,6,3,,2,0,1.1673
5,2,2,1,20,6,4,,4,1,1.6166
5,2,2,1,21,6,2,,6,0,2.0366
5,2,2,1,22,6,1,,2,0,1.363
5,2,2,1,23,6,3,,5,0,0.9719
5,2,2,1,24,6,2,,2,1,1.1103
5,2,2,1,25,6,1,,5,0,1.3595
5,2,2,1,26,6,6,,6,1,1.1928
5,2,2,1,27,6,5,,5,1,1.183
5,2,2,1,28,6,4,,2,0,1.2526
5,2,2,1,29,6,1,,2,0,1.2988
5,2,2,1,30,6,5,,5,1,0.8944
5,2,2,1,31,6,6,,6,1,1.6329
5,2,2,1,32,6,1,,4,0,1.3803
5,2,2,1,33,6,4,,5,0,2.2683
5,2,2,1,34,6,1,,2,0,1.0572
5,2,2,1,35,6,2,,2,1,1.2077
5,2,2,1,36,6,1,,1,1,1.1008
5,2,2,1,37,6,2,,2,1,0.998
5,2,2,1,38,6,6,,6,1,0.9948
5,2,2,1,39,6,5,,5,1,1.0081
5,2,2,1,40,6,3,,3,1,1.277
5,2,2,1,41,6,3,,4,0,1.2468
5,2,2,1,42,6,5,,5,1,1.7889
5,2,2,1,43,6,2,,2,1,0.9218
5,2,2,1,44,6,4,,3,0,1.2426
5,2,2,1,45,6,5,,5,1,1.1765
5,2,2,1,46,6,1,,2,0,1.3271
5,2,2,1,47,6,6,,6,1,1.8022
5,2,2,1,48,6,5,,5,1,0.8223
5,2,2,1,49,6,4,,2,0,1.467
5,2,2,1,50,6,2,,2,1,1.4083
5,2,2,2,1,2,3,4,3,1,1.5302
5,2,2,2,2,2,6,4,6,1,1.5216
5,2,2,2,3,2,5,3,5,1,0.9538
5,2,2,2,4,2,2,3,2,1,1.2565
5,2,2,2,5,2,5,4,5,1,0.7792
5,2,2,2,6,2,6,3,3,0,1.4897
5,2,2,2,7,2,2,4,2,1,1.0945
5,2,2,2,8,2,3,2,3,1,1.6475
5,2,2,2,9,2,6,4,6,1,0.7538
5,2,2,2,10,2,4,2,4,1,1.161
5,2,2,2,11,2,2,6,2,1,0.9114
5,2,2,2,12,2,6,2,6,1,0.8806
5,2,2,2,13,2,2,5,2,1,1.0421
5,2,2,2,14,2,6,5,6,1,0.7985
5,2,2,2,15,2,1,6,1,1,0.8993
5,2,2,2,16,2,4,1,1,0,1.6532
5,2,2,2,17,2,3,4,4,0,1.6189
5,2,2,2,18,2,3,6,3,1,2.4021
5,2,2,2,19,2,1,3,3,0,2.3256
5,2,2,2,20,2,3,5,3,1,3.1433
5,2,2,2,21,2,1,3,1,1,1.9002
5,2,2,2,22,2,4,1,4,1,1.4762
5,2,2,2,23,2,5,6,5,1,1.1507
5,2,2,2,24,2,5,4,5,1,1.8773
5,2,2,2,25,2,5,4,5,1,0.9584
5,2,2,2,26,2,6,5,6,1,0.9571
5,2,2,2,27,2,1,5,1,1,1.2127
5,2,2,2,28,2,4,3,3,0,1.8568
5,2,2,2,29,2,2,3,2,1,0.9668
5,2,2,2,30,2,5,1,5,1,1.301
5,2,2,2,31,2,4,2,4,1,1.2377
5,2,2,2,32,2,3,2,2,0,1.7534
5,2,2,2,33,2,2,5,2,1,1.0109
5,2,2,2,34,2,1,5,1,1,1.871
5,2,2,2,35,2,4,6,4,1,1.5771
5,2,2,2,36,2,6,4,6,1,1.1504
5,2,2,2,37,2,3,2,3,1,1.7654
5,2,2,2,38,2,2,6,2,1,1.1233
5,2,2,2,39,2,5,1,5,1,2.4916
5,2,2,2,40,2,1,2,2,0,1.2274
5,2,2,2,41,2,4,1,4,1,1.3869
5,2,2,2,42,2,5,3,5,1,0.84
5,2,2,2,43,2,1,3,1,1,1.1321
5,2,2,2,44,2,6,2,6,1,1.0913
5,2,2,2,45,2,6,1,1,0,1.6295
5,2,2,2,46,2,2,4,2,1,0.9875
5,2,2,2,47,2,6,3,6,1,1.7858
5,2,2,2,48,2,1,3,3,0,2.6787
5,2,2,2,49,2,4,6,4,1,1.514
5,2,2,2,50,2,3,1,3,1,1.7299
5,2,2,3,1,6,5,,6,0,0.9738
5,2,2,3,2,6,5,,5,1,1.2393
5,2,2,3,3,6,5,,6,0,1.531
5,2,2,3,4,6,6,,6,1,1.2141
5,2,2,3,5,6,2,,4,0,1.2334
5,2,2,3,6,6,6,,6,1,0.9125
5,2,2,3,7,6,3,,1,0,1.4729
5,2,2,3,8,6,4,,6,0,1.4145
5,2,2,3,9,6,4,,4,1,1.1983
5,2,2,3,10,6,5,,2,0,1.1866
5,2,2,3,11,6,3,,6,0,1.3958
5,2,2,3,12,6,3,,2,0,1.4362
5,2,2,3,13,6,6,,6,1,0.723
5,2,2,3,14,6,5,,5,1,0.9882
5,2,2,3,15,6,4,,2,0,1.0812
5,2,2,3,16,6,2,,2,1,1.1349
5,2,2,3,17,6,3,,6,0,1.3818
5,2,2,3,18,6,1,,2,0,1.551
5,2,2,3,19,6,6,,6,1,1.5366
5,2,2,3,20,6,3,,1,0,1.8961
5,2,2,3,21,6,5,,5,1,1.5314
5,2,2,3,22,6,3,,3,1,1.2028
5,2,2,3,23,6,5,,2,0,0.8235
5,2,2,3,24,6,6,,6,1,0.7747
5,2,2,3,25,6,4,,2,0,0.9899
5,2,2,3,26,6,2,,2,1,1.2709
5,2,2,3,27,6,1,,1,1,1.6728
5,2,2,3,28,6,1,,1,1,1.1471
5,2,2,3,29,6,2,,2,1,0.8822
5,2,2,3,30,6,3,,3,1,1.1235
5,2,2,3,31,6,6,,6,1,0.652
5,2,2,3,32,6,2,,2,1,0.9195
5,2,2,3,33,6,1,,3,0,1.3681
5,2,2,3,34,6,4,,5,0,2.3053
5,2,2,3,35,6,2,,6,0,1.0928
5,2,2,3,36,6,4,,5,0,1.0492
5,2,2,3,37,6,2,,2,1,1.072
5,2,2,3,38,6,6,,2,0,1.6101
5,2,2,3,39,6,2,,2,1,1.1138
5,2,2,3,40,6,5,,5,1,1.3774
5,2,2,3,41,6,6,,6,1,1.2629
5,2,2,3,42,6,1,,6,0,0.8166
5,2,2,3,43,6,1,,1,1,1.3447
5,2,2,3,44,6,4,,2,0,1.1039
5,2,2,3,45,6,1,,1,1,1.0601
5,2,2,3,46,6,3,,2,0,1.3596
5,2,2,3,47,6,6,,6,1,1.3851
5,2,2,3,48,6,4,,4,1,1.2538
5,2,2,3,49,6,1,,3,0,1.5766
5,2,2,3,50,6,6,,6,1,1.2573
5,2,2,4,1,2,3,4,3,1,1.7221
5,2,2,4,2,2,6,4,6,1,0.8414
5,2,2,4,3,2,1,2,2,0,1.166
5,2,2,4,4,2,5,4,5,1,0.9912
5,2,2,4,5,2,4,1,4,1,1.1168
5,2,2,4,6,2,3,6,6,0,1.0615
5,2,2,4,7,2,2,3,3,0,1.6114
5,2,2,4,8,2,4,6,4,1,1.2905
5,2,2,4,9,2,5,6,5,1,1.4837
5,2,2,4,10,2,2,1,2,1,2.0369
5,2,2,4,11,2,6,2,2,0,2.456
5,2,2,4,12,2,6,5,6,1,1.1889
5,2,2,4,13,2,5,2,2,0,1.4503
5,2,2,4,14,2,6,3,6,1,1.4244
5,2,2,4,15,2,1,6,1,1,1.3725
5,2,2,4,16,2,2,6,2,1,0.9226
5,2,2,4,17,2,3,1,3,1,1.5951
5,2,2,4,18,2,2,6,2,1,1.7432
5,2,2,4,19,2,3,1,1,0,1.9505
5,2,2,4,20,2,3,1,3,1,2.6717
5,2,2,4,21,2,6,4,6,1,0.9042
5,2,2,4,22,2,2,4,2,1,1.5779
5,2,2,4,23,2,5,2,5,1,1.615
5,2,2,4,24,2,2,5,2,1,1.0743
5,2,2,4,25,2,4,6,4,1,1.1651
5,2,2,4,26,2,5,2,5,1,0.8191
5,2,2,4,27,2,1,4,1,1,1.2399
5,2,2,4,28,2,1,2,1,1,0.8752
5,2,2,4,29,2,1,2,2,0,1.3414
5,2,2,4,30,2,3,1,3,1,1.3512
5,2,2,4,31,2,5,4,5,1,1.0779
5,2,2,4,32,2,4,5,4,1,1.1359
5,2,2,4,33,2,6,1,1,0,1.3353
5,2,2,4,34,2,4,6,4,1,1.2662
5,2,2,4,35,2,3,4,3,1,1.5886
5,2,2,4,36,2,1,5,5,0,1.4332
5,2,2,4,37,2,6,3,6,1,1.2965
5,2,2,4,38,2,4,1,4,1,1.9054
5,2,2,4,39,2,5,6,5,1,0.7769
5,2,2,4,40,2,6,3,6,1,0.6081
5,2,2,4,41,2,6,5,6,1,0.8135
5,2,2,4,42,2,6,2,6,1,2.4176
5,2,2,4,43,2,2,6,2,1,0.5842
5,2,2,4,44,2,4,3,3,0,1.1395
5,2,2,4,45,2,1,5,1,1,1.0304
5,2,2,4,46,2,2,6,2,1,0.8981
5,2,2,4,47,2,1,5,1,1,1.3153
5,2,2,4,48,2,5,1,5,1,1.2353
5,2,2,4,49,2,4,2,2,0,2.0065
5,2,2,4,50,2,3,2,2,0,2.2784
5,2,3,1,1,2,6,3,6,1,1.1686
5,2,3,1,2,2,6,2,6,1,0.8232
5,2,3,1,3,2,6,4,4,0,1.3075
5,2,3,1,4,2,1,5,1,1,1.0158
5,2,3,1,5,2,6,4,4,0,1.476
5,2,3,1,6,2,2,5,2,1,0.6977
5,2,3,1,7,2,4,1,1,0,1.3793
5,2,3,1,8,2,5,4,5,1,1.2919
5,2,3,1,9,2,3,5,3,1,1.2613
5,2,3,1,10,2,3,6,3,1,2.3198
5,2,3,1,11,2,3,4,4,0,1.6225
5,2,3,1,12,2,4,2,2,0,1.7178
5,2,3,1,13,2,4,3,3,0,1.3132
5,2,3,1,14,2,1,5,5,0,1.9166
5,2,3,1,15,2,5,3,5,1,1.8717
5,2,3,1,16,2,5,3,3,0,2.7769
5,2,3,1,17,2,6,2,6,1,0.9042
5,2,3,1,18,2,3,6,3,1,1.7054
5,2,3,1,19,2,1,2,1,1,1.0182
5,2,3,1,20,2,2,5,2,1,0.9185
5,2,3,1,21,2,5,1,1,0,1.4307
5,2,3,1,22,2,1,3,3,0,1.4858
5,2,3,1,23,2,6,5,6,1,1.41
5,2,3,1,24,2,2,1,2,1,1.0547
5,2,3,1,25,2,5,6,5,1,1.7862
5,2,3,1,26,2,4,5,4,1,1.351
5,2,3,1,27,2,3,2,2,0,1.0293
5,2,3,1,28,2,6,4,6,1,1.2445
5,2,3,1,29,2,6,4,4,0,1.3439
5,2,3,1,30,2,3,2,3,1,1.3858
5,2,3,1,31,2,2,1,2,1,0.8871
5,2,3,1,32,2,4,3,4,1,1.2573
5,2,3,1,33,2,2,3,2,1,0.8916
5,2,3,1,34,2,2,3,3,0,1.2457
5,2,3,1,35,2,2,3,3,0,1.6121
5,2,3,1,36,2,5,3,5,1,2.2515
5,2,3,1,37,2,3,6,3,1,1.637
5,2,3,1,38,2,4,3,4,1,1.3204
5,2,3,1,39,2,6,3,6,1,1.2723
5,2,3,1,40,2,6,3,6,1,0.8104
5,2,3,1,41,2,2,5,2,1,0.7828
5,2,3,1,42,2,1,6,1,1,1.1251
5,2,3,1,43,2,5,6,6,0,1.6935
5,2,3,1,44,2,1,2,1,1,1.7211
5,2,3,1,45,2,4,2,2,0,1.4165
5,2,3,1,46,2,1,4,4,0,1.3285
5,2,3,1,47,2,5,3,3,0,1.4191
5,2,3,1,48,2,1,4,1,1,1.0906
5,2,3,1,49,2,4,5,4,1,1.7403
5,2,3,1,50,2,3,6,3,1,2.3152
5,2,3,2,1,6,1,,2,0,1.8394
5,2,3,2,2,6,1,,1,1,1.2054
5,2,3,2,3,6,1,,1,1,1.0508
5,2,3,2,4,6,1,,1,1,0.8216
5,2,3,2,5,6,4,,2,0,0.9065
5,2,3,2,6,6,1,,5,0,0.9023
5,2,3,2,7,6,2,,6,0,1.6035
5,2,3,2,8,6,3,,2,0,2.8674
5,2,3,2,9,6,4,,1,0,1.6631
5,2,3,2,10,6,6,,6,1,0.8444
5,2,3,2,11,6,5,,5,1,0.8311
5,2,3,2,12,6,3,,3,1,1.8753
5,2,3,2,13,6,1,,2,0,1.3571
5,2,3,2,14,6,4,,4,1,1.4785
5,2,3,2,15,6,1,,2,0,0.8631
5,2,3,2,16,6,4,,1,0,2.7013
5,2,3,2,17,6,2,,2,1,1.4246
5,2,3,2,18,6,2,,2,1,1.3718
5,2,3,2,19,6,6,,6,1,1.1144
5,2,3,2,20,6,3,,3,1,1.5547
5,2,3,2,21,6,4,,6,0,2.4409
5,2,3,2,22,6,2,,2,1,1.2388
5,2,3,2,23,6,4,,6,0,1.6584
5,2,3,2,24,6,2,,3,0,1.6717
5,2,3,2,25,6,6,,6,1,0.9808
5,2,3,2,26,6,4,,5,0,1.7784
5,2,3,2,27,6,3,,3,1,1.4509
5,2,3,2,28,6,5,,5,1,0.7415
5,2,3,2,29,6,2,,2,1,1.1811
5,2,3,2,30,6,5,,5,1,0.8343
5,2,3,2,31,6,5,,5,1,1.6384
5,2,3,2,32,6,3,,3,1,1.8497
5,2,3,2,33,6,1,,1,1,0.9637
5,2,3,2,34,6,6,,6,1,1.6664
5,2,3,2,35,6,5,,5,1,0.8833
5,2,3,2,36,6,5,,5,1,1.1099
5,2,3,2,37,6,6,,5,0,1.167
5,2,3,2,38,6,4,,2,0,1.0243
5,2,3,2,39,6,5,,5,1,1.3992
5,2,3,2,40,6,3,,2,0,0.98
5,2,3,2,41,6,6,,6,1,0.8613
5,2,3,2,42,6,6,,6,1,0.784
5,2,3,2,43,6,2,,2,1,0.9177
5,2,3,2,44,6,6,,6,1,1.4944
5,2,3,2,45,6,2,,4,0,1.2955
5,2,3,2,46,6,3,,5,0,2.8755
5,2,3,2,47,6,5,,5,1,1.2881
5,2,3,2,48,6,6,,2,0,1.0975
5,2,3,2,49,6,3,,6,0,1.7582
5,2,3,2,50,6,6,,6,1,1.1906
5,2,3,3,1,2,5,4,5,1,2.2822
5,2,3,3,2,2,4,6,4,1,1.5699
5,2,3,3,3,2,2,3,2,1,2.4883
5,2,3,3,4,2,6,5,5,0,2.4565
5,2,3,3,5,2,2,6,2,1,1.1249
5,2,3,3,6,2,4,5,5,0,1.613
5,2,3,3,7,2,3,6,3,1,1.1157
5,2,3,3,8,2,1,5,5,0,0.6124
5,2,3,3,9,2,6,3,6,1,0.8284
5,2,3,3,10,2,6,3,3,0,1.4408
5,2,3,3,11,2,2,1,2,1,0.903
5,2,3,3,12,2,4,2,2,0,1.608
5,2,3,3,13,2,3,1,3,1,1.3995
5,2,3,3,14,2,3,4,4,0,1.9887
5,2,3,3,15,2,3,6,3,1,1.4287
5,2,3,3,16,2,6,3,6,1,1.1679
5,2,3,3,17,2,6,2,6,1,0.7423
5,2,3,3,18,2,3,1,3,1,1.8862
5,2,3,3,19,2,5,3,5,1,2.2471
5,2,3,3,20,2,4,6,4,1,1.2003
5,2,3,3,21,2,6,2,6,1,1.8293
5,2,3,3,22,2,2,1,2,1,0.8482
5,2,3,3,23,2,1,5,1,1,1.6516
5,2,3,3,24,2,6,5,6,1,1.6545
5,2,3,3,25,2,2,4,4,0,1.4647
5,2,3,3,26,2,4,5,5,0,1.4375
5,2,3,3,27,2,1,5,5,0,1.2524
5,2,3,3,28,2,1,6,6,0,0.755
5,2,3,3,29,2,3,2,2,0,1.0612
5,2,3,3,30,2,4,6,4,1,1.3868
5,2,3,3,31,2,4,2,4,1,1.0638
5,2,3,3,32,2,5,4,5,1,1.0108
5,2,3,3,33,2,4,2,4,1,1.8392
5,2,3,3,34,2,6,3,3,0,1.9134
5,2,3,3,35,2,5,3,5,1,2.0126
5,2,3,3,36,2,5,6,5,1,1.5036
5,2,3,3,37,2,3,6,6,0,0.8562
5,2,3,3,38,2,5,1,5,1,0.9825
5,2,3,3,39,2,5,6,5,1,1.7641
5,2,3,3,40,2,2,6,2,1,1.3619
5,2,3,3,41,2,1,6,1,1,1.3439
5,2,3,3,42,2,2,4,2,1,0.959
5,2,3,3,43,2,5,1,5,1,1.63
5,2,3,3,44,2,1,2,2,0,1.4733
5,2,3,3,45,2,2,3,2,1,0.8059
5,2,3,3,46,2,1,3,1,1,1.1799
5,2,3,3,47,2,6,2,2,0,1.3455
5,2,3,3,48,2,1,4,4,0,1.291
5,2,3,3,49,2,6,2,6,1,1.1603
5,2,3,3,50,2,3,6,3,1,2.0942
5,2,3,4,1,6,4,,3,0,3.34
5,2,3,4,2,6,2,,2,1,1.2372
5,2,3,4,3,6,6,,6,1,0.7122
5,2,3,4,4,6,4,,5,0,1.3129
5,2,3,4,5,6,5,,2,0,1.3083
5,2,3,4,6,6,6,,6,1,1.2722
5,2,3,4,7,6,5,,2,0,1.0503
5,2,3,4,8,6,4,,1,0,2.2077
5,2,3,4,9,6,3,,6,0,1.8475
5,2,3,4,10,6,1,,6,0,0.9732
5,2,3,4,11,6,3,,2,0,2.0709
5,2,3,4,12,6,1,,1,1,1.2035
5,2,3,4,13,6,4,,2,0,1.5928
5,2,3,4,14,6,3,,2,0,1.0485
5,2,3,4,15,6,6,,6,1,0.7828
5,2,3,4,16,6,2,,2,1,1.1084
5,2,3,4,17,6,4,,1,0,0.7973
5,2,3,4,18,6,4,,3,0,1.4708
5,2,3,4,19,6,1,,1,1,1.4756
5,2,3,4,20,6,5,,6,0,1.5982
5,2,3,4,21,6,2,,2,1,0.9579
5,2,3,4,22,6,5,,5,1,1.421
5,2,3,4,23,6,5,,5,1,0.8091
5,2,3,4,24,6,6,,6,1,1.0697
5,2,3,4,25,6,5,,1,0,1.3839
5,2,3,4,26,6,6,,6,1,1.5528
5,2,3,4,27,6,6,,2,0,0.9034
5,2,3,4,28,6,2,,2,1,0.8521
5,2,3,4,29,6,4,,4,1,1.3515
5,2,3,4,30,6,6,,3,0,1.174
5,2,3,4,31,6,3,,5,0,0.7592
5,2,3,4,32,6,3,,2,0,1.0808
5,2,3,4,33,6,3,,4,0,1.3097
5,2,3,4,34,6,2,,2,1,1.1139
5,2,3,4,35,6,2,,2,1,1.1215
5,2,3,4,36,6,4,,4,1,1.5624
5,2,3,4,37,6,1,,2,0,1.1039
5,2,3,4,38,6,3,,4,0,1.6046
5,2,3,4,39,6,6,,6,1,1.2686
5,2,3,4,40,6,1,,3,0,1.0951
5,2,3,4,41,6,2,,2,1,1.7392
5,2,3,4,42,6,5,,4,0,3.8982
5,2,3,4,43,6,1,,1,1,2.0269
5,2,3,4,44,6,6,,2,0,1.0544
5,2,3,4,45,6,3,,2,0,1.1408
5,2,3,4,46,6,1,,1,1,1.1432
5,2,3,4,47,6,5,,2,0,1.4698
5,2,3,4,48,6,1,,6,0,0.8992
5,2,3,4,49,6,2,,4,0,1.2794
5,2,3,4,50,6,6,,1,0,1.1651
5,2,4,1,1,6,2,,2,1,1.0744
5,2,4,1,2,6,5,,5,1,2.2848
5,2,4,1,3,6,4,,3,0,2.0045
5,2,4,1,4,6,4,,6,0,0.9483
5,2,4,1,5,6,5,,3,0,1.1515
5,2,4,1,6,6,3,,2,0,1.6339
5,2,4,1,7,6,3,,4,0,1.1363
5,2,4,1,8,6,6,,6,1,0.7712
5,2,4,1,9,6,6,,6,1,0.7462
5,2,4,1,10,6,1,,1,1,1.2022
5,2,4,1,11,6,2,,6,0,1.031
5,2,4,1,12,6,6,,6,1,0.7822
5,2,4,1,13,6,5,,2,0,1.0757
5,2,4,1,14,6,6,,6,1,1.2253
5,2,4,1,15,6,3,,3,1,1.2932
5,2,4,1,16,6,4,,6,0,1.3591
5,2,4,1,17,6,4,,2,0,2.0083
5,2,4,1,18,6,1,,6,0,0.7113
5,2,4,1,19,6,3,,4,0,1.2435
5,2,4,1,20,6,6,,6,1,1.0176
5,2,4,1,21,6,3,,3,1,1.4622
5,2,4,1,22,6,6,,4,0,1.4072
5,2,4,1,23,6,5,,5,1,0.9833
5,2,4,1,24,6,2,,2,1,0.9966
5,2,4,1,25,6,6,,6,1,0.9783
5,2,4,1,26,6,6,,5,0,1.0399
5,2,4,1,27,6,1,,1,1,1.222
5,2,4,1,28,6,2,,2,1,1.035
5,2,4,1,29,6,6,,6,1,1.0304
5,2,4,1,30,6,5,,2,0,1.0896
5,2,4,1,31,6,1,,1,1,2.0067
5,2,4,1,32,6,4,,4,1,1.2586
5,2,4,1,33,6,3,,1,0,1.4689
5,2,4,1,34,6,5,,5,1,1.0266
5,2,4,1,35,6,5,,5,1,0.9904
5,2,4,1,36,6,4,,4,1,1.2921
5,2,4,1,37,6,2,,1,0,1.3898
5,2,4,1,38,6,1,,3,0,1.5899
5,2,4,1,39,6,6,,6,1,1.4136
5,2,4,1,40,6,3,,4,0,1.7299
5,2,4,1,41,6,5,,6,0,0.9245
5,2,4,1,42,6,2,,4,0,1.1592
5,2,4,1,43,6,1,,5,0,1.2731
5,2,4,1,44,6,2,,2,1,1.2541
5,2,4,1,45,6,4,,4,1,1.6408
5,2,4,1,46,6,1,,1,1,1.5794
5,2,4,1,47,6,1,,1,1,0.7366
5,2,4,1,48,6,4,,4,1,1.1289
5,2,4,1,49,6,2,,2,1,0.8643
5,2,4,1,50,6,3,,3,1,1.1875
5,2,4,2,1,2,2,3,2,1,1.6868
5,2,4,2,2,2,5,1,5,1,1.4475
5,2,4,2,3,2,2,4,2,1,0.8339
5,2,4,2,4,2,5,6,5,1,1.6541
5,2,4,2,5,2,3,6,6,0,0.8246
5,2,4,2,6,2,4,1,4,1,1.3195
5,2,4,2,7,2,4,1,4,1,1.752
5,2,4,2,8,2,3,2,3,1,1.4784
5,2,4,2,9,2,3,5,5,0,1.8876
5,2,4,2,10,2,3,2,3,1,2.42
5,2,4,2,11,2,4,1,4,1,1.2538
5,2,4,2,12,2,6,2,2,0,1.049
5,2,4,2,13,2,4,2,4,1,1.9192
5,2,4,2,14,2,6,3,3,0,1.5428
5,2,4,2,15,2,5,3,5,1,1.8168
5,2,4,2,16,2,2,4,2,1,0.9319
5,2,4,2,17,2,2,3,3,0,1.4443
5,2,4,2,18,2,4,1,4,1,1.3695
5,2,4,2,19,2,2,6,2,1,1.1759
5,2,4,2,20,2,3,6,3,1,1.6453
5,2,4,2,21,2,6,3,3,0,1.2802
5,2,4,2,22,2,6,4,6,1,1.1166
5,2,4,2,23,2,5,1,5,1,1.6368
5,2,4,2,24,2,2,3,2,1,1.3523
5,2,4,2,25,2,1,6,6,0,1.2231
5,2,4,2,26,2,5,3,3,0,1.3499
5,2,4,2,27,2,3,2,3,1,1.4402
5,2,4,2,28,2,1,6,1,1,1.0354
5,2,4,2,29,2,5,3,3,0,2.1512
5,2,4,2,30,2,6,1,6,1,1.0727
5,2,4,2,31,2,4,6,4,1,1.4508
5,2,4,2,32,2,1,3,3,0,2.3578
5,2,4,2,33,2,4,2,4,1,1.2698
5,2,4,2,34,2,2,1,1,0,1.4319
5,2,4,2,35,2,1,3,3,0,1.3259
5,2,4,2,36,2,5,3,5,1,1.9287
5,2,4,2,37,2,6,5,6,1,0.7516
5,2,4,2,38,2,1,4,4,0,1.5749
5,2,4,2,39,2,4,1,4,1,1.1751
5,2,4,2,40,2,5,3,5,1,0.8618
5,2,4,2,41,2,6,1,6,1,0.9443
5,2,4,2,42,2,3,4,4,0,1.8718
5,2,4,2,43,2,1,2,1,1,1.7
5,2,4,2,44,2,1,6,6,0,1.1411
5,2,4,2,45,2,6,1,6,1,1.3191
5,2,4,2,46,2,6,3,3,0,1.8634
5,2,4,2,47,2,6,5,6,1,1.1964
5,2,4,2,48,2,2,6,2,1,1.089
5,2,4,2,49,2,1,2,1,1,1.3706
5,2,4,2,50,2,3,4,4,0,1.6408
5,2,4,3,1,6,3,,6,0,1.8919
5,2,4,3,2,6,3,,3,1,1.4154
5,2,4,3,3,6,2,,2,1,1.1552
5,2,4,3,4,6,5,,1,0,0.8105
5,2,4,3,5,6,1,,4,0,1.1142
5,2,4,3,6,6,6,,6,1,0.9099
5,2,4,3,7,6,5,,2,0,0.9589
5,2,4,3,8,6,5,,5,1,0.7605
5,2,4,3,9,6,2,,1,0,1.0549
5,2,4,3,10,6,6,,2,0,0.8052
5,2,4,3,11,6,1,,1,1,1.2695
5,2,4,3,12,6,5,,3,0,1.3039
5,2,4,3,13,6,5,,5,1,1.1241
5,2,4,3,14,6,6,,5,0,1.1957
5,2,4,3,15,6,5,,4,0,1.1799
5,2,4,3,16,6,2,,2,1,1.1651
5,2,4,3,17,6,2,,2,1,0.7234
5,2,4,3,18,6,6,,6,1,0.684
5,2,4,3,19,6,2,,2,1,0.7582
5,2,4,3,20,6,6,,6,1,0.7012
5,2,4,3,21,6,2,,3,0,1.2226
5,2,4,3,22,6,2,,2,1,0.9501
5,2,4,3,23,6,4,,5,0,1.2368
5,2,4,3,24,6,6,,6,1,0.9163
5,2,4,3,25,6,1,,1,1,2.5011
5,2,4,3,26,6,4,,2,0,0.8201
5,2,4,3,27,6,3,,6,0,1.1715
5,2,4,3,28,6,1,,6,0,0.8696
5,2,4,3,29,6,1,,4,0,1.25
5,2,4,3,30,6,2,,1,0,1.0083
5,2,4,3,31,6,3,,2,0,0.8884
5,2,4,3,32,6,6,,6,1,0.7256
5,2,4,3,33,6,4,,4,1,1.9495
5,2,4,3,34,6,5,,3,0,1.0916
5,2,4,3,35,6,4,,4,1,1.3674
5,2,4,3,36,6,3,,2,0,1.3658
5,2,4,3,37,6,6,,6,1,0.9115
5,2,4,3,38,6,1,,6,0,0.9599
5,2,4,3,39,6,3,,5,0,0.954
5,2,4,3,40,6,6,,5,0,1.8601
5,2,4,3,41,6,4,,4,1,1.1618
5,2,4,3,42,6,4,,6,0,1.6321
5,2,4,3,43,6,1,,3,0,1.3101
5,2,4,3,44,6,6,,6,1,1.2581
5,2,4,3,45,6,1,,1,1,1.2434
5,2,4,3,46,6,4,,5,0,1.2304
5,2,4,3,47,6,3,,2,0,1.0529
5,2,4,3,48,6,3,,5,0,1.6672
5,2,4,3,49,6,4,,1,0,1.4077
5,2,4,3,50,6,5,,5,1,0.8877
5,2,4,4,1,2,4,1,4,1,3.1105
5,2,4,4,2,2,4,5,5,0,1.3086
5,2,4,4,3,2,5,3,5,1,1.416
5,2,4,4,4,2,2,5,2,1,1.7476
5,2,4,4,5,2,5,4,4,0,1.5543
5,2,4,4,6,2,3,1,3,1,1.4601
5,2,4,4,7,2,5,6,5,1,0.6708
5,2,4,4,8,2,4,5,4,1,2.1216
5,2,4,4,9,2,1,4,4,0,1.3524
5,2,4,4,10,2,2,4,2,1,0.6578
5,2,4,4,11,2,4,6,4,1,1.5007
5,2,4,4,12,2,6,5,6,1,1.1257
5,2,4,4,13,2,6,3,6,1,0.8928
5,2,4,4,14,2,3,4,4,0,1.1831
5,2,4,4,15,2,1,5,1,1,1.5683
5,2,4,4,16,2,1,3,1,1,1.2214
5,2,4,4,17,2,2,6,2,1,0.7618
5,2,4,4,18,2,1,5,5,0,1.4248
5,2,4,4,19,2,5,2,2,0,0.8233
5,2,4,4,20,2,2,5,2,1,0.8393
5,2,4,4,21,2,3,4,3,1,1.0668
5,2,4,4,22,2,3,2,2,0,0.709
5,2,4,4,23,2,5,3,5,1,1.6091
5,2,4,4,24,2,2,6,2,1,0.9573
5,2,4,4,25,2,4,5,5,0,0.8766
5,2,4,4,26,2,5,1,5,1,1.4017
5,2,4,4,27,2,4,3,4,1,1.2219
5,2,4,4,28,2,3,1,1,0,1.1455
5,2,4,4,29,2,6,5,5,0,1.3724
5,2,4,4,30,2,6,5,6,1,0.8531
5,2,4,4,31,2,6,5,6,1,0.6643
5,2,4,4,32,2,2,5,2,1,1.7635
5,2,4,4,33,2,6,2,6,1,1.1527
5,2,4,4,34,2,2,6,2,1,1.4317
5,2,4,4,35,2,4,1,1,0,1.4112
5,2,4,4,36,2,6,5,6,1,1.2581
5,2,4,4,37,2,3,2,3,1,1.1488
5,2,4,4,38,2,2,3,2,1,0.9002
5,2,4,4,39,2,1,6,1,1,1.2378
5,2,4,4,40,2,4,6,4,1,1.4647
5,2,4,4,41,2,3,5,5,0,1.2828
5,2,4,4,42,2,1,6,1,1,0.7669
5,2,4,4,43,2,6,2,2,0,1.2218
5,2,4,4,44,2,6,1,1,0,1.0136
5,2,4,4,45,2,5,3,5,1,1.1973
5,2,4,4,46,2,6,2,6,1,1.2023
5,2,4,4,47,2,5,2,5,1,1.351
5,2,4,4,48,2,1,5,1,1,1.0301
5,2,4,4,49,2,3,1,3,1,1.1855
5,2,4,4,50,2,1,6,6,0,1.1269
5,2,5,1,1,2,2,6,2,1,1.6552
5,2,5,1,2,2,1,5,5,0,1.3857
5,2,5,1,3,2,5,6,6,0,1.0585
5,2,5,1,4,2,2,3,2,1,0.8087
5,2,5,1,5,2,1,3,1,1,0.9894
5,2,5,1,6,2,3,5,3,1,1.1314
5,2,5,1,7,2,3,1,1,0,1.2989
5,2,5,1,8,2,3,2,3,1,1.1351
5,2,5,1,9,2,2,4,2,1,0.8709
5,2,5,1,10,2,2,6,2,1,0.7772
5,2,5,1,11,2,3,6,6,0,0.9912
5,2,5,1,12,2,4,1,4,1,1.6078
5,2,5,1,13,2,6,4,6,1,0.7165
5,2,5,1,14,2,6,1,1,0,1.2205
5,2,5,1,15,2,4,6,4,1,1.3806
5,2,5,1,16,2,5,1,5,1,2.2101
5,2,5,1,17,2,2,6,2,1,0.861
5,2,5,1,18,2,1,3,1,1,1.5836
5,2,5,1,19,2,4,1,4,1,1.2689
5,2,5,1,20,2,6,5,5,0,0.7586
5,2,5,1,21,2,5,1,1,0,1.641
5,2,5,1,22,2,4,2,4,1,1.5277
5,2,5,1,23,2,1,2,2,0,1.8708
5,2,5,1,24,2,6,3,6,1,1.0755
5,2,5,1,25,2,1,4,4,0,1.182
5,2,5,1,26,2,6,5,5,0,1.263
5,2,5,1,27,2,4,3,4,1,1.0049
5,2,5,1,28,2,6,4,6,1,0.666
5,2,5,1,29,2,2,4,2,1,0.9804
5,2,5,1,30,2,5,1,5,1,0.9465
5,2,5,1,31,2,2,3,2,1,0.9295
5,2,5,1,32,2,6,2,6,1,0.7211
5,2,5,1,33,2,3,5,3,1,1.3863
5,2,5,1,34,2,3,4,4,0,2.2793
5,2,5,1,35,2,6,4,6,1,1.2752
5,2,5,1,36,2,3,6,3,1,1.3723
5,2,5,1,37,2,5,6,5,1,0.7307
5,2,5,1,38,2,1,6,1,1,1.2506
5,2,5,1,39,2,1,4,4,0,1.2697
5,2,5,1,40,2,4,5,4,1,1.219
5,2,5,1,41,2,6,1,6,1,0.9671
5,2,5,1,42,2,6,3,6,1,0.7261
5,2,5,1,43,2,4,6,4,1,1.2464
5,2,5,1,44,2,5,6,5,1,1.3616
5,2,5,1,45,2,5,1,5,1,0.7354
5,2,5,1,46,2,5,3,3,0,1.624
5,2,5,1,47,2,1,4,1,1,1.4139
5,2,5,1,48,2,4,6,4,1,1.1543
5,2,5,1,49,2,2,1,2,1,1.6726
5,2,5,1,50,2,3,4,3,1,1.4497
5,2,5,2,1,6,3,,2,0,1.6818
5,2,5,2,2,6,5,,5,1,1.0691
5,2,5,2,3,6,6,,4,0,0.9676
5,2,5,2,4,6,6,,4,0,0.8341
5,2,5,2,5,6,6,,3,0,1.4728
5,2,5,2,6,6,4,,2,0,0.9972
5,2,5,2,7,6,2,,2,1,0.8139
5,2,5,2,8,6,6,,4,0,1.2982
5,2,5,2,9,6,5,,5,1,1.3267
5,2,5,2,10,6,6,,6,1,0.8306
5,2,5,2,11,6,4,,5,0,1.1543
5,2,5,2,12,6,3,,1,0,1.0283
5,2,5,2,13,6,1,,2,0,0.8596
5,2,5,2,14,6,5,,2,0,1.0335
5,2,5,2,15,6,6,,6,1,0.8968
5,2,5,2,16,6,1,,1,1,2.1139
5,2,5,2,17,6,4,,4,1,1.1532
5,2,5,2,18,6,6,,1,0,1.4642
5,2,5,2,19,6,3,,1,0,1.4854
5,2,5,2,20,6,2,,2,1,0.7218
5,2,5,2,21,6,3,,4,0,1.2099
5,2,5,2,22,6,2,,5,0,1.1616
5,2,5,2,23,6,4,,4,1,1.3393
5,2,5,2,24,6,5,,4,0,0.7474
5,2,5,2,25,6,6,,6,1,0.9733
5,2,5,2,26,6,5,,5,1,1.2116
5,2,5,2,27,6,1,,1,1,1.0078
5,2,5,2,28,6,1,,1,1,1.7084
5,2,5,2,29,6,1,,4,0,1.4684
5,2,5,2,30,6,1,,1,1,0.5843
5,2,5,2,31,6,4,,2,0,0.9284
5,2,5,2,32,6,3,,2,0,1.3552
5,2,5,2,33,6,4,,6,0,1.0933
5,2,5,2,34,6,3,,4,0,1.2891
5,2,5,2,35,6,5,,6,0,1.2214
5,2,5,2,36,6,1,,1,1,1.2527
5,2,5,2,37,6,5,,6,0,1.1275
5,2,5,2,38,6,6,,6,1,1.418
5,2,5,2,39,6,3,,2,0,1.3013
5,2,5,2,40,6,2,,3,0,1.2176
5,2,5,2,41,6,2,,6,0,1.1208
5,2,5,2,42,6,2,,2,1,1.2356
5,2,5,2,43,6,6,,1,0,1.3675
5,2,5,2,44,6,1,,1,1,1.2647
5,2,5,2,45,6,4,,2,0,0.962
5,2,5,2,46,6,4,,4,1,1.2601
5,2,5,2,47,6,2,,2,1,0.9108
5,2,5,2,48,6,3,,3,1,1.263
5,2,5,2,49,6,2,,2,1,0.9455
5,2,5,2,50,6,5,,5,1,1.2004
5,2,5,3,1,2,6,5,6,1,0.9137
5,2,5,3,2,2,4,2,4,1,1.2989
5,2,5,3,3,2,4,6,4,1,1.0756
5,2,5,3,4,2,5,6,5,1,1.678
5,2,5,3,5,2,6,2,2,0,1.2788
5,2,5,3,6,2,4,2,2,0,1.5475
5,2,5,3,7,2,4,5,5,0,1.3413
5,2,5,3,8,2,6,4,4,0,1.4482
5,2,5,3,9,2,4,3,3,0,1.3899
5,2,5,3,10,2,2,4,2,1,1.2223
5,2,5,3,11,2,3,1,1,0,1.9457
5,2,5,3,12,2,3,1,3,1,1.2274
5,2,5,3,13,2,5,1,5,1,0.9104
5,2,5,3,14,2,1,2,2,0,0.7192
5,2,5,3,15,2,1,2,1,1,0.947
5,2,5,3,16,2,2,6,2,1,0.8506
5,2,5,3,17,2,4,1,4,1,2.1014
5,2,5,3,18,2,5,1,1,0,1.1888
5,2,5,3,19,2,4,1,1,0,1.4454
5,2,5,3,20,2,6,4,6,1,1.4035
5,2,5,3,21,2,5,1,5,1,1.0002
5,2,5,3,22,2,5,2,5,1,0.5841
5,2,5,3,23,2,5,2,5,1,1.155
5,2,5,3,24,2,1,3,1,1,1.2425
5,2,5,3,25,2,3,4,4,0,1.4213
5,2,5,3,26,2,6,2,6,1,0.6765
5,2,5,3,27,2,2,4,2,1,1.0387
5,2,5,3,28,2,2,4,2,1,1.0505
5,2,5,3,29,2,6,4,6,1,0.6937
5,2,5,3,30,2,6,4,6,1,1.2948
5,2,5,3,31,2,1,4,1,1,1.2478
5,2,5,3,32,2,5,4,5,1,1.1068
5,2,5,3,33,2,1,3,3,0,1.3709
5,2,5,3,34,2,1,3,3,0,1.3154
5,2,5,3,35,2,2,5,2,1,0.7827
5,2,5,3,36,2,1,5,5,0,1.1082
5,2,5,3,37,2,2,5,2,1,0.7599
5,2,5,3,38,2,5,2,5,1,0.8467
5,2,5,3,39,2,2,3,2,1,0.978
5,2,5,3,40,2,1,3,3,0,1.568
5,2,5,3,41,2,3,2,2,0,1.4241
5,2,5,3,42,2,3,2,3,1,0.983
5,2,5,3,43,2,6,1,6,1,0.677
5,2,5,3,44,2,3,1,3,1,1.0713
5,2,5,3,45,2,6,2,6,1,1.4012
5,2,5,3,46,2,4,3,4,1,1.4464
5,2,5,3,47,2,6,3,6,1,1.2492
5,2,5,3,48,2,3,2,3,1,1.4759
5,2,5,3,49,2,2,6,2,1,1.3898
5,2,5,3,50,2,3,5,5,0,1.3221
5,2,5,4,1,6,5,,5,1,1.1545
5,2,5,4,2,6,6,,6,1,0.776
5,2,5,4,3,6,4,,2,0,0.7981
5,2,5,4,4,6,2,,2,1,0.6714
5,2,5,4,5,6,2,,2,1,0.9373
5,2,5,4,6,6,3,,1,0,1.4648
5,2,5,4,7,6,4,,6,0,0.7341
5,2,5,4,8,6,3,,1,0,1.0416
5,2,5,4,9,6,4,,6,0,0.7916
5,2,5,4,10,6,3,,3,1,1.5127
5,2,5,4,11,6,4,,6,0,0.8166
5,2,5,4,12,6,1,,1,1,1.0246
5,2,5,4,13,6,1,,6,0,1.261
5,2,5,4,14,6,6,,6,1,0.7148
5,2,5,4,15,6,3,,1,0,1.0756
5,2,5,4,16,6,6,,6,1,0.7442
5,2,5,4,17,6,1,,6,0,1.2155
5,2,5,4,18,6,6,,2,0,1.1514
5,2,5,4,19,6,3,,5,0,1.4254
5,2,5,4,20,6,2,,2,1,0.824
5,2,5,4,21,6,5,,6,0,1.388
5,2,5,4,22,6,4,,6,0,0.7238
5,2,5,4,23,6,2,,2,1,0.7911
5,2,5,4,24,6,1,,1,1,1.1335
5,2,5,4,25,6,6,,6,1,1.1408
5,2,5,4,26,6,2,,5,0,1.1798
5,2,5,4,27,6,1,,1,1,1.0999
5,2,5,4,28,6,2,,2,1,0.806
5,2,5,4,29,6,1,,1,1,1.2741
5,2,5,4,30,6,1,,3,0,1.0842
5,2,5,4,31,6,6,,5,0,1.9045
5,2,5,4,32,6,3,,3,1,1.1397
5,2,5,4,33,6,3,,3,1,0.8433
5,2,5,4,34,6,4,,5,0,1.1825
5,2,5,4,35,6,5,,2,0,1.0715
5,2,5,4,36,6,5,,5,1,0.868
5,2,5,4,37,6,2,,2,1,0.8712
5,2,5,4,38,6,6,,6,1,0.7616
5,2,5,4,39,6,5,,6,0,0.8962
5,2,5,4,40,6,5,,5,1,0.9243
5,2,5,4,41,6,5,,6,0,0.9879
5,2,5,4,42,6,5,,5,1,1.3487
5,2,5,4,43,6,3,,6,0,1.1237
5,2,5,4,44,6,1,,1,1,1.3187
5,2,5,4,45,6,4,,2,0,1.0458
5,2,5,4,46,6,6,,6,1,1.2767
5,2,5,4,47,6,6,,2,0,1.0383
5,2,5,4,48,6,6,,5,0,1.4282
5,2,5,4,49,6,2,,2,1,1.1152
5,2,5,4,50,6,4,,4,1,1.1232
5,3,1,1,1,2,6,2,2,0,1.2811
5,3,1,1,2,2,6,4,6,1,1.1345
5,3,1,1,3,2,4,2,2,0,0.8381
5,3,1,1,4,2,5,1,5,1,1.5729
5,3,1,1,5,2,2,6,2,1,1.4032
5,3,1,1,6,2,5,2,5,1,1.016
5,3,1,1,7,2,4,1,1,0,2.2123
5,3,1,1,8,2,3,4,3,1,1.1158
5,3,1,1,9,2,1,6,1,1,1.2522
5,3,1,1,10,2,5,6,5,1,1.063
5,3,1,1,11,2,6,5,6,1,0.9453
5,3,1,1,12,2,1,5,1,1,1.4731
5,3,1,1,13,2,5,1,1,0,1.6114
5,3,1,1,14,2,2,4,4,0,1.8994
5,3,1,1,15,2,4,1,1,0,2.3189
5,3,1,1,16,2,6,5,6,1,1.4893
5,3,1,1,17,2,5,3,3,0,1.4825
5,3,1,1,18,2,4,5,4,1,1.1032
5,3,1,1,19,2,6,1,6,1,1.6084
5,3,1,1,20,2,6,4,4,0,1.7727
5,3,1,1,21,2,2,6,2,1,1.8296
5,3,1,1,22,2,3,2,3,1,1.3451
5,3,1,1,23,2,6,3,3,0,1.7127
5,3,1,1,24,2,1,5,1,1,1.4041
5,3,1,1,25,2,5,1,5,1,1.1763
5,3,1,1,26,2,2,1,2,1,1.7745
5,3,1,1,27,2,3,4,3,1,1.1161
5,3,1,1,28,2,5,4,5,1,1.0928
5,3,1,1,29,2,3,1,3,1,1.2621
5,3,1,1,30,2,2,6,2,1,0.7691
5,3,1,1,31,2,1,2,1,1,0.8559
5,3,1,1,32,2,4,3,4,1,1.4671
5,3,1,1,33,2,2,6,2,1,0.7406
5,3,1,1,34,2,4,2,4,1,0.8134
5,3,1,1,35,2,1,3,3,0,1.2177
5,3,1,1,36,2,3,4,3,1,1.2972
5,3,1,1,37,2,6,4,6,1,1.027
5,3,1,1,38,2,6,3,6,1,0.943
5,3,1,1,39,2,6,1,6,1,1.2949
5,3,1,1,40,2,3,5,5,0,1.2002
5,3,1,1,41,2,1,5,1,1,1.5525
5,3,1,1,42,2,2,3,2,1,1.6237
5,3,1,1,43,2,1,6,1,1,1.0675
5,3,1,1,44,2,4,2,4,1,1.8775
5,3,1,1,45,2,2,5,2,1,0.799
5,3,1,1,46,2,1,5,1,1,1.0601
5,3,1,1,47,2,3,4,3,1,1.6634
5,3,1,1,48,2,5,4,5,1,1.0739
5,3,1,1,49,2,4,3,3,0,1.3243
5,3,1,1,50,2,3,2,3,1,1.3357
5,3,1,2,1,6,1,,1,1,1.0129
5,3,1,2,2,6,5,,3,0,1.2335
5,3,1,2,3,6,5,,6,0,0.8167
5,3,1,2,4,6,1,,1,1,0.7051
5,3,1,2,5,6,5,,1,0,1.2743
5,3,1,2,6,6,1,,6,0,1.0642
5,3,1,2,7,6,6,,6,1,0.7657
5,3,1,2,8,6,6,,6,1,0.7405
5,3,1,2,9,6,3,,3,1,1.1802
5,3,1,2,10,6,4,,2,0,0.8345
5,3,1,2,11,6,2,,2,1,0.8185
5,3,1,2,12,6,4,,5,0,0.7905
5,3,1,2,13,6,1,,2,0,0.9363
5,3,1,2,14,6,5,,5,1,1.4277
5,3,1,2,15,6,2,,2,1,1.1199
5,3,1,2,16,6,1,,1,1,1.2722
5,3,1,2,17,6,5,,6,0,1.1941
5,3,1,2,18,6,2,,2,1,0.6833
5,3,1,2,19,6,2,,2,1,0.7731
5,3,1,2,20,6,3,,6,0,0.8121
5,3,1,2,21,6,2,,2,1,0.8283
5,3,1,2,22,6,1,,5,0,0.8003
5,3,1,2,23,6,4,,3,0,1.2334
5,3,1,2,24,6,4,,1,0,0.8804
5,3,1,2,25,6,6,,5,0,1.8375
5,3,1,2,26,6,2,,2,1,0.7559
5,3,1,2,27,6,6,,1,0,0.987
5,3,1,2,28,6,4,,6,0,0.9805
5,3,1,2,29,6,3,,2,0,0.7813
5,3,1,2,30,6,5,,1,0,1.0393
5,3,1,2,31,6,6,,6,1,0.7106
5,3,1,2,32,6,1,,2,0,0.8635
5,3,1,2,33,6,6,,2,0,0.8941
5,3,1,2,34,6,6,,3,0,1.2744
5,3,1,2,35,6,1,,3,0,1.5285
5,3,1,2,36,6,3,,4,0,1.7067
5,3,1,2,37,6,3,,6,0,1.0628
5,3,1,2,38,6,3,,4,0,1.4203
5,3,1,2,39,6,4,,4,1,1.1396
5,3,1,2,40,6,2,,2,1,0.8438
5,3,1,2,41,6,5,,5,1,0.6718
5,3,1,2,42,6,4,,6,0,0.7302
5,3,1,2,43,6,3,,1,0,1.1337
5,3,1,2,44,6,3,,3,1,1.1845
5,3,1,2,45,6,4,,2,0,1.1589
5,3,1,2,46,6,6,,6,1,0.6812
5,3,1,2,47,6,5,,5,1,0.7393
5,3,1,2,48,6,6,,6,1,0.7633
5,3,1,2,49,6,2,,2,1,0.7539
5,3,1,2,50,6,6,,5,0,1.5294
5,3,1,3,1,2,6,2,6,1,0.6813
5,3,1,3,2,2,6,3,3,0,1.5236
5,3,1,3,3,2,1,3,1,1,1.3988
5,3,1,3,4,2,6,4,6,1,1.1872
5,3,1,3,5,2,5,2,2,0,1.4805
5,3,1,3,6,2,4,5,4,1,2.3496
5,3,1,3,7,2,4,6,4,1,0.7549
5,3,1,3,8,2,3,6,3,1,1.6263
5,3,1,3,9,2,5,6,5,1,0.6226
5,3,1,3,10,2,3,4,3,1,1.4996
5,3,1,3,11,2,6,3,6,1,1.0754
5,3,1,3,12,2,6,3,3,0,1.3258
5,3,1,3,13,2,1,2,1,1,1.3695
5,3,1,3,14,2,3,1,3,1,1.7035
5,3,1,3,15,2,5,4,5,1,0.8083
5,3,1,3,16,2,4,6,4,1,1.1015
5,3,1,3,17,2,5,3,3,0,1.3662
5,3,1,3,18,2,5,1,5,1,1.1043
5,3,1,3,19,2,2,3,2,1,1.1445
5,3,1,3,20,2,1,2,2,0,0.8962
5,3,1,3,21,2,3,2,2,0,1.3414
5,3,1,3,22,2,6,5,6,1,0.7118
5,3,1,3,23,2,3,4,4,0,1.4094
5,3,1,3,24,2,4,5,5,0,1.3538
5,3,1,3,25,2,1,3,1,1,1.7797
5,3,1,3,26,2,4,5,5,0,1.4248
5,3,1,3,27,2,3,5,5,0,1.2399
5,3,1,3,28,2,2,4,2,1,1.3828
5,3,1,3,29,2,6,1,6,1,0.756
5,3,1,3,30,2,2,5,2,1,0.8754
5,3,1,3,31,2,4,3,4,1,1.1183
5,3,1,3,32,2,2,3,3,0,1.1263
5,3,1,3,33,2,6,3,6,1,1.2583
5,3,1,3,34,2,3,1,3,1,1.4374
5,3,1,3,35,2,1,6,1,1,1.9766
5,3,1,3,36,2,5,2,5,1,1.0218
5,3,1,3,37,2,1,3,3,0,1.7866
5,3,1,3,38,2,4,5,4,1,1.3144
5,3,1,3,39,2,1,4,1,1,1.0265
5,3,1,3,40,2,4,3,4,1,2.2549
5,3,1,3,41,2,2,6,2,1,0.7292
5,3,1,3,42,2,5,1,5,1,0.9287
5,3,1,3,43,2,2,1,2,1,0.7691
5,3,1,3,44,2,2,4,2,1,0.7271
5,3,1,3,45,2,2,3,2,1,0.7046
5,3,1,3,46,2,6,4,6,1,0.634
5,3,1,3,47,2,6,2,2,0,0.8056
5,3,1,3,48,2,3,5,3,1,1.3829
5,3,1,3,49,2,5,3,5,1,0.8521
5,3,1,3,50,2,1,5,5,0,2.5511
5,3,1,4,1,6,5,,4,0,1.3738
5,3,1,4,2,6,3,,2,0,0.8397
5,3,1,4,3,6,1,,6,0,1.6383
5,3,1,4,4,6,6,,1,0,1.7176
5,3,1,4,5,6,2,,2,1,1.1847
5,3,1,4,6,6,2,,4,0,1.3178
5,3,1,4,7,6,1,,4,0,2.0491
5,3,1,4,8,6,6,,6,1,0.6066
5,3,1,4,9,6,5,,5,1,0.7644
5,3,1,4,10,6,4,,3,0,0.7547
5,3,1,4,11,6,3,,1,0,1.0459
5,3,1,4,12,6,6,,6,1,0.9727
5,3,1,4,13,6,5,,5,1,0.7149
5,3,1,4,14,6,6,,6,1,0.7237
5,3,1,4,15,6,5,,5,1,0.7805
5,3,1,4,16,6,6,,6,1,0.7068
5,3,1,4,17,6,5,,3,0,1.9478
5,3,1,4,18,6,6,,6,1,0.6057
5,3,1,4,19,6,4,,4,1,0.7953
5,3,1,4,20,6,6,,2,0,0.9126
5,3,1,4,21,6,2,,2,1,0.6365
5,3,1,4,22,6,5,,5,1,0.6647
5,3,1,4,23,6,4,,2,0,0.819
5,3,1,4,24,6,1,,6,0,1.2516
5,3,1,4,25,6,3,,1,0,1.1857
5,3,1,4,26,6,4,,2,0,1.1225
5,3,1,4,27,6,3,,1,0,1.0626
5,3,1,4,28,6,3,,3,1,1.4681
5,3,1,4,29,6,3,,4,0,2.6136
5,3,1,4,30,6,1,,1,1,1.1646
5,3,1,4,31,6,4,,5,0,1.4741
5,3,1,4,32,6,2,,2,1,0.7594
5,3,1,4,33,6,2,,2,1,0.6229
5,3,1,4,34,6,2,,2,1,0.5841
5,3,1,4,35,6,3,,4,0,0.9699
5,3,1,4,36,6,1,,1,1,0.9002
5,3,1,4,37,6,6,,5,0,1.1096
5,3,1,4,38,6,6,,1,0,1.1134
5,3,1,4,39,6,3,,4,0,1.4209
5,3,1,4,40,6,4,,4,1,1.0599
5,3,1,4,41,6,5,,5,1,0.6716
5,3,1,4,42,6,2,,1,0,1.1304
5,3,1,4,43,6,6,,3,0,1.4534
5,3,1,4,44,6,4,,4,1,1.1397
5,3,1,4,45,6,5,,5,1,0.8908
5,3,1,4,46,6,4,,2,0,1.0052
5,3,1,4,47,6,1,,6,0,0.6771
5,3,1,4,48,6,1,,6,0,1.0828
5,3,1,4,49,6,2,,1,0,1.7437
5,3,1,4,50,6,1,,3,0,1.546
5,3,2,1,1,6,5,,6,0,1.2179
5,3,2,1,2,6,4,,2,0,0.6575
5,3,2,1,3,6,2,,2,1,0.6804
5,3,2,1,4,6,6,,6,1,0.6748
5,3,2,1,5,6,3,,1,0,0.8932
5,3,2,1,6,6,2,,2,1,0.9063
5,3,2,1,7,6,5,,5,1,0.7157
5,3,2,1,8,6,1,,1,1,1.1405
5,3,2,1,9,6,5,,5,1,1.5477
5,3,2,1,10,6,1,,4,0,1.3305
5,3,2,1,11,6,2,,2,1,0.9726
5,3,2,1,12,6,4,,5,0,0.9238
5,3,2,1,13,6,5,,6,0,1.3833
5,3,2,1,14,6,3,,5,0,0.7845
5,3,2,1,15,6,6,,1,0,0.8177
5,3,2,1,16,6,5,,2,0,1.0896
5,3,2,1,17,6,2,,1,0,0.584
5,3,2,1,18,6,2,,2,1,0.7205
5,3,2,1,19,6,1,,4,0,1.1774
5,3,2,1,20,6,3,,6,0,0.8429
5,3,2,1,21,6,6,,6,1,0.9383
5,3,2,1,22,6,4,,3,0,1.8338
5,3,2,1,23,6,3,,2,0,0.8318
5,3,2,1,24,6,3,,3,1,1.1671
5,3,2,1,25,6,6,,1,0,1.7978
5,3,2,1,26,6,4,,6,0,1.0853
5,3,2,1,27,6,6,,6,1,1.1385
5,3,2,1,28,6,6,,6,1,1.002
5,3,2,1,29,6,4,,4,1,1.1594
5,3,2,1,30,6,4,,4,1,1.326
5,3,2,1,31,6,2,,3,0,1.6946
5,3,2,1,32,6,5,,5,1,1.1456
5,3,2,1,33,6,1,,6,0,1.3126
5,3,2,1,34,6,4,,4,1,1.0684
5,3,2,1,35,6,1,,2,0,0.9347
5,3,2,1,36,6,3,,4,0,1.2341
5,3,2,1,37,6,2,,2,1,0.849
5,3,2,1,38,6,6,,1,0,1.5885
5,3,2,1,39,6,4,,3,0,1.3973
5,3,2,1,40,6,6,,4,0,1.7248
5,3,2,1,41,6,5,,5,1,0.8405
5,3,2,1,42,6,1,,2,0,1.1001
5,3,2,1,43,6,3,,3,1,1.3442
5,3,2,1,44,6,2,,2,1,1.1678
5,3,2,1,45,6,6,,6,1,0.8054
5,3,2,1,46,6,1,,1,1,1.1472
5,3,2,1,47,6,3,,3,1,1.1541
5,3,2,1,48,6,1,,1,1,1.1611
5,3,2,1,49,6,5,,4,0,1.4228
5,3,2,1,50,6,6,,4,0,1.414
5,3,2,2,1,2,5,3,3,0,1.1635
5,3,2,2,2,2,5,6,5,1,0.7816
5,3,2,2,3,2,1,4,4,0,1.6991
5,3,2,2,4,2,5,1,5,1,1.5028
5,3,2,2,5,2,6,1,6,1,1.1117
5,3,2,2,6,2,1,4,4,0,1.4235
5,3,2,2,7,2,1,2,2,0,1.7836
5,3,2,2,8,2,1,5,5,0,1.3758
5,3,2,2,9,2,5,3,5,1,0.7446
5,3,2,2,10,2,2,6,2,1,0.8955
5,3,2,2,11,2,2,5,2,1,1.1212
5,3,2,2,12,2,3,6,3,1,1.3531
5,3,2,2,13,2,3,2,3,1,1.3999
5,3,2,2,14,2,3,1,1,0,1.7646
5,3,2,2,15,2,3,5,5,0,1.2295
5,3,2,2,16,2,5,1,5,1,0.6203
5,3,2,2,17,2,2,5,2,1,0.7297
5,3,2,2,18,2,2,5,5,0,1.4574
5,3,2,2,19,2,4,2,4,1,0.9996
5,3,2,2,20,2,6,2,2,0,1.4287
5,3,2,2,21,2,3,1,1,0,1.2594
5,3,2,2,22,2,4,1,4,1,1.4487
5,3,2,2,23,2,5,1,5,1,0.7879
5,3,2,2,24,2,3,2,3,1,1.578
5,3,2,2,25,2,6,5,5,0,1.5992
5,3,2,2,26,2,4,3,4,1,1.4552
5,3,2,2,27,2,4,2,2,0,1.2894
5,3,2,2,28,2,6,5,6,1,0.9823
5,3,2,2,29,2,1,3,3,0,1.4442
5,3,2,2,30,2,6,2,6,1,2.0901
5,3,2,2,31,2,2,6,2,1,1.5628
5,3,2,2,32,2,6,3,6,1,0.7685
5,3,2,2,33,2,2,5,2,1,1.3989
5,3,2,2,34,2,1,6,1,1,1.5078
5,3,2,2,35,2,4,6,4,1,1.1645
5,3,2,2,36,2,2,3,2,1,1.2189
5,3,2,2,37,2,2,6,2,1,1.383
5,3,2,2,38,2,6,3,3,0,1.4122
5,3,2,2,39,2,5,1,5,1,1.5795
5,3,2,2,40,2,1,4,4,0,3.057
5,3,2,2,41,2,6,2,6,1,1.2366
5,3,2,2,42,2,6,2,6,1,0.8245
5,3,2,2,43,2,3,6,3,1,1.5489
5,3,2,2,44,2,4,3,3,0,1.6678
5,3,2,2,45,2,4,5,4,1,1.6166
5,3,2,2,46,2,1,3,1,1,0.9487
5,3,2,2,47,2,4,3,4,1,1.3319
5,3,2,2,48,2,3,1,3,1,1.2992
5,3,2,2,49,2,5,3,5,1,1.1398
5,3,2,2,50,2,6,5,5,0,2.108
5,3,2,3,1,6,2,,2,1,1.6047
5,3,2,3,2,6,5,,2,0,2.0248
5,3,2,3,3,6,5,,2,0,1.3995
5,3,2,3,4,6,6,,6,1,1.471
5,3,2,3,5,6,1,,2,0,1.2568
5,3,2,3,6,6,4,,3,0,1.7992
5,3,2,3,7,6,6,,1,0,0.6231
5,3,2,3,8,6,6,,6,1,0.7276
5,3,2,3,9,6,6,,6,1,0.5842
5,3,2,3,10,6,3,,2,0,0.9899
5,3,2,3,11,6,2,,2,1,0.8069
5,3,2,3,12,6,3,,4,0,1.4525
5,3,2,3,13,6,6,,6,1,1.2018
5,3,2,3,14,6,1,,1,1,1.4311
5,3,2,3,15,6,6,,5,0,0.8827
5,3,2,3,16,6,6,,6,1,0.5841
5,3,2,3,17,6,4,,4,1,1.374
5,3,2,3,18,6,5,,3,0,1.7885
5,3,2,3,19,6,3,,1,0,1.3809
5,3,2,3,20,6,3,,6,0,1.9011
5,3,2,3,21,6,1,,1,1,1.0411
5,3,2,3,22,6,2,,5,0,1.8369
5,3,2,3,23,6,6,,2,0,0.9151
5,3,2,3,24,6,4,,6,0,0.7028
5,3,2,3,25,6,5,,3,0,1.4282
5,3,2,3,26,6,5,,5,1,0.6182
5,3,2,3,27,6,5,,5,1,1.1753
5,3,2,3,28,6,6,,6,1,0.8136
5,3,2,3,29,6,5,,5,1,0.8825
5,3,2,3,30,6,1,,1,1,1.3323
5,3,2,3,31,6,1,,5,0,0.7713
5,3,2,3,32,6,2,,2,1,0.7418
5,3,2,3,33,6,1,,1,1,1.5653
5,3,2,3,34,6,2,,5,0,0.7715
5,3,2,3,35,6,4,,2,0,1.5099
5,3,2,3,36,6,2,,2,1,1.3366
5,3,2,3,37,6,4,,4,1,1.9123
5,3,2,3,38,6,2,,2,1,1.5039
5,3,2,3,39,6,3,,6,0,0.9043
5,3,2,3,40,6,4,,4,1,1.413
5,3,2,3,41,6,1,,5,0,1.1527
5,3,2,3,42,6,5,,2,0,1.2039
5,3,2,3,43,6,3,,5,0,0.692
5,3,2,3,44,6,4,,6,0,0.8728
5,3,2,3,45,6,3,,5,0,1.1427
5,3,2,3,46,6,4,,2,0,1.3847
5,3,2,3,47,6,2,,5,0,0.8495
5,3,2,3,48,6,3,,6,0,1.3449
5,3,2,3,49,6,1,,3,0,1.7705
5,3,2,3,50,6,6,,6,1,0.7238
5,3,2,4,1,2,4,2,2,0,1.3702
5,3,2,4,2,2,6,5,6,1,1.0594
5,3,2,4,3,2,3,1,3,1,1.2151
5,3,2,4,4,2,4,3,3,0,1.2191
5,3,2,4,5,2,5,1,5,1,0.7063
5,3,2,4,6,2,3,2,2,0,1.3403
5,3,2,4,7,2,4,2,2,0,1.4147
5,3,2,4,8,2,6,2,6,1,0.6225
5,3,2,4,9,2,2,5,2,1,0.6674
5,3,2,4,10,2,2,6,2,1,0.8222
5,3,2,4,11,2,6,2,6,1,0.6507
5,3,2,4,12,2,5,4,5,1,1.0618
5,3,2,4,13,2,6,3,3,0,1.6647
5,3,2,4,14,2,6,1,6,1,1.3899
5,3,2,4,15,2,3,4,4,0,1.1632
5,3,2,4,16,2,4,2,2,0,1.3403
5,3,2,4,17,2,1,4,4,0,1.7355
5,3,2,4,18,2,6,1,1,0,1.938
5,3,2,4,19,2,2,4,2,1,0.8682
5,3,2,4,20,2,5,6,5,1,0.775
5,3,2,4,21,2,3,2,3,1,1.4058
5,3,2,4,22,2,6,5,6,1,1.4176
5,3,2,4,23,2,6,3,3,0,1.51
5,3,2,4,24,2,6,1,1,0,1.4022
5,3,2,4,25,2,5,1,5,1,1.2821
5,3,2,4,26,2,3,6,3,1,1.6995
5,3,2,4,27,2,3,2,2,0,1.6357
5,3,2,4,28,2,5,1,5,1,0.6907
5,3,2,4,29,2,1,6,1,1,1.4209
5,3,2,4,30,2,5,2,2,0,1.5609
5,3,2,4,31,2,2,3,2,1,0.7779
5,3,2,4,32,2,5,2,5,1,1.2006
5,3,2,4,33,2,3,6,6,0,1.2535
5,3,2,4,34,2,4,3,4,1,1.076
5,3,2,4,35,2,3,6,6,0,1.4221
5,3,2,4,36,2,1,4,4,0,1.8137
5,3,2,4,37,2,1,4,4,0,1.3886
5,3,2,4,38,2,4,3,3,0,2.5656
5,3,2,4,39,2,2,3,2,1,2.1738
5,3,2,4,40,2,1,5,1,1,1.8827
5,3,2,4,41,2,6,4,6,1,2.019
5,3,2,4,42,2,1,2,1,1,2.807
5,3,2,4,43,2,2,1,2,1,1.0181
5,3,2,4,44,2,1,5,1,1,1.4145
5,3,2,4,45,2,4,5,5,0,0.898
5,3,2,4,46,2,1,5,5,0,1.0872
5,3,2,4,47,2,2,3,2,1,2.2601
5,3,2,4,48,2,5,6,5,1,1.7578
5,3,2,4,49,2,4,5,5,0,1.7241
5,3,2,4,50,2,2,6,2,1,1.3193
5,3,3,1,1,2,2,1,2,1,0.715
5,3,3,1,2,2,6,5,5,0,1.3639
5,3,3,1,3,2,2,3,2,1,0.8294
5,3,3,1,4,2,1,3,3,0,1.154
5,3,3,1,5,2,4,5,4,1,1.0765
5,3,3,1,6,2,6,4,6,1,0.9587
5,3,3,1,7,2,5,1,1,0,1.0378
5,3,3,1,8,2,1,2,1,1,1.4126
5,3,3,1,9,2,4,2,4,1,1.3456
5,3,3,1,10,2,3,5,5,0,1.249
5,3,3,1,11,2,1,2,2,0,1.2795
5,3,3,1,12,2,4,1,4,1,1.02
5,3,3,1,13,2,4,3,4,1,1.1444
5,3,3,1,14,2,2,6,2,1,0.7513
5,3,3,1,15,2,5,3,5,1,0.887
5,3,3,1,16,2,3,6,3,1,1.561
5,3,3,1,17,2,6,4,4,0,1.4547
5,3,3,1,18,2,3,5,3,1,1.8286
5,3,3,1,19,2,5,6,6,0,1.2481
5,3,3,1,20,2,5,4,5,1,1.7585
5,3,3,1,21,2,5,2,2,0,1.7252
5,3,3,1,22,2,6,2,6,1,0.9838
5,3,3,1,23,2,2,6,2,1,1.3497
5,3,3,1,24,2,1,5,5,0,1.3007
5,3,3,1,25,2,2,1,1,0,1.3287
5,3,3,1,26,2,3,6,6,0,1.5315
5,3,3,1,27,2,3,4,4,0,1.2298
5,3,3,1,28,2,4,5,4,1,1.5173
5,3,3,1,29,2,3,6,3,1,1.5088
5,3,3,1,30,2,1,2,2,0,1.3095
5,3,3,1,31,2,3,5,3,1,1.1776
5,3,3,1,32,2,6,3,6,1,1.391
5,3,3,1,33,2,4,1,4,1,2.4605
5,3,3,1,34,2,6,5,5,0,1.902
5,3,3,1,35,2,6,4,6,1,1.3457
5,3,3,1,36,2,5,3,5,1,0.6886
5,3,3,1,37,2,2,4,2,1,0.7147
5,3,3,1,38,2,4,1,4,1,1.315
5,3,3,1,39,2,6,2,6,1,0.7716
5,3,3,1,40,2,2,1,2,1,0.8579
5,3,3,1,41,2,6,4,6,1,0.8445
5,3,3,1,42,2,1,6,1,1,1.184
5,3,3,1,43,2,1,3,1,1,1.5894
5,3,3,1,44,2,5,4,5,1,0.811
5,3,3,1,45,2,1,4,4,0,1.3111
5,3,3,1,46,2,6,2,2,0,1.4192
5,3,3,1,47,2,2,5,5,0,1.2499
5,3,3,1,48,2,3,2,2,0,1.2962
5,3,3,1,49,2,5,2,5,1,0.6211
5,3,3,1,50,2,4,5,4,1,1.2097
5,3,3,2,1,6,5,,5,1,1.1155
5,3,3,2,2,6,6,,2,0,1.6841
5,3,3,2,3,6,5,,5,1,1.1043
5,3,3,2,4,6,5,,3,0,1.7212
5,3,3,2,5,6,4,,1,0,1.4759
5,3,3,2,6,6,6,,3,0,1.8323
5,3,3,2,7,6,6,,4,0,1.4551
5,3,3,2,8,6,4,,5,0,1.2363
5,3,3,2,9,6,4,,2,0,1.4913
5,3,3,2,10,6,5,,5,1,1.0487
5,3,3,2,11,6,6,,6,1,0.9636
5,3,3,2,12,6,2,,2,1,0.7696
5,3,3,2,13,6,2,,2,1,0.7609
5,3,3,2,14,6,2,,2,1,0.8473
5,3,3,2,15,6,1,,4,0,0.8348
5,3,3,2,16,6,1,,2,0,1.1696
5,3,3,2,17,6,6,,6,1,1.0918
5,3,3,2,18,6,3,,5,0,0.8767
5,3,3,2,19,6,2,,2,1,0.7621
5,3,3,2,20,6,1,,6,0,0.8644
5,3,3,2,21,6,5,,1,0,1.2945
5,3,3,2,22,6,6,,1,0,1.1951
5,3,3,2,23,6,3,,6,0,1.5474
5,3,3,2,24,6,2,,4,0,1.3096
5,3,3,2,25,6,1,,1,1,1.4328
5,3,3,2,26,6,6,,6,1,1.1719
5,3,3,2,27,6,3,,4,0,1.4187
5,3,3,2,28,6,1,,2,0,0.9934
5,3,3,2,29,6,4,,6,0,1.2584
5,3,3,2,30,6,1,,2,0,0.8563
5,3,3,2,31,6,2,,2,1,0.95
5,3,3,2,32,6,6,,6,1,1.3489
5,3,3,2,33,6,3,,1,0,1.6997
5,3,3,2,34,6,4,,4,1,1.1835
5,3,3,2,35,6,2,,2,1,0.8373
5,3,3,2,36,6,5,,5,1,0.7132
5,3,3,2,37,6,4,,5,0,1.234
5,3,3,2,38,6,3,,4,0,1.1209
5,3,3,2,39,6,4,,3,0,1.1888
5,3,3,2,40,6,3,,6,0,1.1409
5,3,3,2,41,6,3,,6,0,1.2719
5,3,3,2,42,6,6,,2,0,1.2853
5,3,3,2,43,6,5,,5,1,1.121
5,3,3,2,44,6,1,,1,1,1.1779
5,3,3,2,45,6,1,,1,1,0.7358
5,3,3,2,46,6,4,,2,0,0.7442
5,3,3,2,47,6,6,,6,1,1.2749
5,3,3,2,48,6,5,,5,1,0.8126
5,3,3,2,49,6,3,,4,0,1.3936
5,3,3,2,50,6,2,,2,1,1.0818
5,3,3,3,1,2,5,1,5,1,1.2648
5,3,3,3,2,2,1,4,1,1,1.6034
5,3,3,3,3,2,4,6,4,1,1.8951
5,3,3,3,4,2,4,1,4,1,1.5846
5,3,3,3,5,2,3,2,2,0,1.2215
5,3,3,3,6,2,5,6,5,1,1.2848
5,3,3,3,7,2,1,4,1,1,1.2702
5,3,3,3,8,2,6,5,5,0,1.7529
5,3,3,3,9,2,3,2,3,1,1.1864
5,3,3,3,10,2,6,5,5,0,1.3681
5,3,3,3,11,2,2,1,2,1,1.4255
5,3,3,3,12,2,2,4,2,1,1.4853
5,3,3,3,13,2,4,5,4,1,1.8144
5,3,3,3,14,2,1,6,6,0,1.5545
5,3,3,3,15,2,5,1,5,1,1.5238
5,3,3,3,16,2,5,2,2,0,1.8683
5,3,3,3,17,2,4,3,4,1,1.4888
5,3,3,3,18,2,6,4,4,0,1.4662
5,3,3,3,19,2,2,3,2,1,0.9434
5,3,3,3,20,2,4,3,4,1,1.3108
5,3,3,3,21,2,3,2,3,1,1.5027
5,3,3,3,22,2,1,3,1,1,1.2872
5,3,3,3,23,2,1,3,1,1,0.9689
5,3,3,3,24,2,3,1,3,1,1.4794
5,3,3,3,25,2,6,4,6,1,1.1204
5,3,3,3,26,2,1,4,4,0,1.3209
5,3,3,3,27,2,4,2,4,1,1.8442
5,3,3,3,28,2,5,2,5,1,1.2794
5,3,3,3,29,2,1,5,5,0,2.0807
5,3,3,3,30,2,5,4,5,1,1.2922
5,3,3,3,31,2,3,1,3,1,1.3098
5,3,3,3,32,2,2,1,1,0,1.8065
5,3,3,3,33,2,2,1,1,0,1.0935
5,3,3,3,34,2,6,1,6,1,1.0979
5,3,3,3,35,2,6,4,6,1,1.0275
5,3,3,3,36,2,2,6,6,0,2.111
5,3,3,3,37,2,3,1,3,1,1.3699
5,3,3,3,38,2,5,4,4,0,1.6717
5,3,3,3,39,2,6,5,6,1,1.013
5,3,3,3,40,2,5,6,5,1,0.6897
5,3,3,3,41,2,2,6,2,1,1.3548
5,3,3,3,42,2,1,6,6,0,1.2258
5,3,3,3,43,2,3,6,3,1,1.3683
5,3,3,3,44,2,4,5,4,1,1.0943
5,3,3,3,45,2,6,2,2,0,1.8082
5,3,3,3,46,2,4,2,2,0,2.68
5,3,3,3,47,2,3,6,3,1,1.1632
5,3,3,3,48,2,6,3,3,0,1.2494
5,3,3,3,49,2,2,6,6,0,1.264
5,3,3,3,50,2,6,1,1,0,2.2852
5,3,3,4,1,6,5,,2,0,1.4222
5,3,3,4,2,6,1,,3,0,1.6686
5,3,3,4,3,6,2,,1,0,1.5859
5,3,3,4,4,6,6,,1,0,1.5546
5,3,3,4,5,6,5,,4,0,1.9393
5,3,3,4,6,6,3,,3,1,1.0778
5,3,3,4,7,6,2,,2,1,0.6397
5,3,3,4,8,6,4,,5,0,0.7471
5,3,3,4,9,6,2,,2,1,1.0859
5,3,3,4,10,6,2,,2,1,0.8081
5,3,3,4,11,6,3,,3,1,1.0687
5,3,3,4,12,6,4,,2,0,0.7918
5,3,3,4,13,6,2,,2,1,0.712
5,3,3,4,14,6,6,,5,0,1.1206
5,3,3,4,15,6,4,,4,1,0.8363
5,3,3,4,16,6,6,,2,0,1.0002
5,3,3,4,17,6,6,,4,0,1.1205
5,3,3,4,18,6,4,,4,1,1.0915
5,3,3,4,19,6,6,,5,0,1.1495
5,3,3,4,20,6,1,,1,1,1.2801
5,3,3,4,21,6,3,,4,0,1.5854
5,3,3,4,22,6,3,,2,0,1.2972
5,3,3,4,23,6,2,,2,1,0.8455
5,3,3,4,24,6,4,,1,0,1.9533
5,3,3,4,25,6,5,,5,1,1.2831
5,3,3,4,26,6,2,,2,1,1.4281
5,3,3,4,27,6,2,,2,1,0.6072
5,3,3,4,28,6,6,,6,1,1.3094
5,3,3,4,29,6,5,,4,0,1.2773
5,3,3,4,30,6,4,,4,1,1.3388
5,3,3,4,31,6,3,,2,0,1.3223
5,3,3,4,32,6,1,,6,0,0.678
5,3,3,4,33,6,3,,2,0,0.843
5,3,3,4,34,6,6,,1,0,1.1142
5,3,3,4,35,6,4,,3,0,1.5015
5,3,3,4,36,6,3,,4,0,1.138
5,3,3,4,37,6,4,,2,0,0.7726
5,3,3,4,38,6,1,,6,0,1.0302
5,3,3,4,39,6,3,,1,0,1.2139
5,3,3,4,40,6,1,,6,0,1.0528
5,3,3,4,41,6,6,,6,1,1.0117
5,3,3,4,42,6,5,,5,1,1.4237
5,3,3,4,43,6,1,,2,0,1.1159
5,3,3,4,44,6,6,,6,1,1.1521
5,3,3,4,45,6,5,,5,1,0.5987
5,3,3,4,46,6,5,,1,0,0.804
5,3,3,4,47,6,6,,6,1,1.0291
5,3,3,4,48,6,1,,5,0,1.2489
5,3,3,4,49,6,5,,1,0,1.215
5,3,3,4,50,6,1,,1,1,1.0063
5,3,4,1,1,6,3,,6,0,1.6062
5,3,4,1,2,6,4,,4,1,1.5097
5,3,4,1,3,6,1,,1,1,1.1825
5,3,4,1,4,6,1,,5,0,1.4439
5,3,4,1,5,6,5,,2,0,1.29
5,3,4,1,6,6,5,,5,1,1.3827
5,3,4,1,7,6,2,,2,1,0.9802
5,3,4,1,8,6,3,,4,0,1.3623
5,3,4,1,9,6,6,,2,0,1.2274
5,3,4,1,10,6,4,,4,1,1.1477
5,3,4,1,11,6,2,,2,1,1.1064
5,3,4,1,12,6,6,,5,0,1.5791
5,3,4,1,13,6,2,,4,0,1.42
5,3,4,1,14,6,5,,4,0,1.203
5,3,4,1,15,6,5,,5,1,1.4117
5,3,4,1,16,6,3,,3,1,1.4396
5,3,4,1,17,6,4,,1,0,1.3545
5,3,4,1,18,6,6,,1,0,1.3485
5,3,4,1,19,6,5,,5,1,1.4069
5,3,4,1,20,6,6,,2,0,1.3548
5,3,4,1,21,6,6,,6,1,1.604
5,3,4,1,22,6,5,,2,0,0.7926
5,3,4,1,23,6,6,,1,0,1.5129
5,3,4,1,24,6,4,,2,0,2.0925
5,3,4,1,25,6,1,,2,0,1.2399
5,3,4,1,26,6,3,,3,1,1.6703
5,3,4,1,27,6,3,,3,1,0.9038
5,3,4,1,28,6,4,,4,1,1.3851
5,3,4,1,29,6,5,,1,0,2.0549
5,3,4,1,30,6,1,,1,1,1.9395
5,3,4,1,31,6,3,,2,0,1.402
5,3,4,1,32,6,1,,4,0,1.5218
5,3,4,1,33,6,3,,3,1,1.493
5,3,4,1,34,6,1,,1,1,1.5177
5,3,4,1,35,6,1,,1,1,1.5096
5,3,4,1,36,6,4,,4,1,1.774
5,3,4,1,37,6,6,,1,0,1.9635
5,3,4,1,38,6,2,,2,1,0.9557
5,3,4,1,39,6,6,,2,0,0.8752
5,3,4,1,40,6,2,,2,1,0.8726
5,3,4,1,41,6,3,,4,0,1.7872
5,3,4,1,42,6,4,,4,1,1.4425
5,3,4,1,43,6,2,,2,1,1.0061
5,3,4,1,44,6,5,,4,0,1.2746
5,3,4,1,45,6,6,,3,0,1.575
5,3,4,1,46,6,2,,2,1,1.2724
5,3,4,1,47,6,1,,1,1,1.274
5,3,4,1,48,6,2,,2,1,1.0367
5,3,4,1,49,6,4,,4,1,1.1443
5,3,4,1,50,6,6,,2,0,1.4546
5,3,4,2,1,2,3,2,3,1,1.5861
5,3,4,2,2,2,6,1,6,1,1.9755
5,3,4,2,3,2,3,1,3,1,1.5325
5,3,4,2,4,2,5,6,5,1,1.5236
5,3,4,2,5,2,6,1,6,1,1.5144
5,3,4,2,6,2,2,5,2,1,1.3788
5,3,4,2,7,2,4,2,4,1,0.8162
5,3,4,2,8,2,3,4,3,1,1.157
5,3,4,2,9,2,1,3,1,1,1.596
5,3,4,2,10,2,6,3,3,0,1.7283
5,3,4,2,11,2,5,6,5,1,1.5305
5,3,4,2,12,2,2,1,2,1,1.218
5,3,4,2,13,2,4,6,4,1,1.0297
5,3,4,2,14,2,3,4,3,1,1.6336
5,3,4,2,15,2,4,2,4,1,1.2848
5,3,4,2,16,2,4,3,4,1,1.3021
5,3,4,2,17,2,2,5,2,1,1.0629
5,3,4,2,18,2,2,6,2,1,1.2011
5,3,4,2,19,2,2,4,4,0,1.1584
5,3,4,2,20,2,5,6,6,0,1.0638
5,3,4,2,21,2,2,3,2,1,0.6541
5,3,4,2,22,2,3,6,3,1,1.4655
5,3,4,2,23,2,5,1,1,0,1.5867
5,3,4,2,24,2,5,1,5,1,1.1398
5,3,4,2,25,2,1,2,1,1,1.4997
5,3,4,2,26,2,1,4,1,1,0.6918
5,3,4,2,27,2,1,4,4,0,1.1009
5,3,4,2,28,2,4,6,4,1,1.1859
5,3,4,2,29,2,6,5,6,1,1.3506
5,3,4,2,30,2,1,4,1,1,1.6534
5,3,4,2,31,2,5,6,6,0,2.0399
5,3,4,2,32,2,1,6,1,1,1.6048
5,3,4,2,33,2,3,4,4,0,1.4334
5,3,4,2,34,2,6,2,6,1,1.568
5,3,4,2,35,2,2,5,2,1,1.2384
5,3,4,2,36,2,5,2,2,0,2.0259
5,3,4,2,37,2,1,4,4,0,1.3838
5,3,4,2,38,2,4,1,4,1,1.4567
5,3,4,2,39,2,3,4,3,1,1.3392
5,3,4,2,40,2,6,5,5,0,0.9708
5,3,4,2,41,2,6,4,4,0,1.5556
5,3,4,2,42,2,5,6,5,1,1.2056
5,3,4,2,43,2,4,5,4,1,1.6264
5,3,4,2,44,2,6,2,6,1,1.0541
5,3,4,2,45,2,6,4,4,0,1.5447
5,3,4,2,46,2,2,5,2,1,0.7788
5,3,4,2,47,2,1,2,2,0,1.6968
5,3,4,2,48,2,3,5,5,0,1.1325
5,3,4,2,49,2,4,6,4,1,1.4877
5,3,4,2,50,2,6,5,6,1,1.0487
5,3,4,3,1,6,3,,4,0,1.345
5,3,4,3,2,6,3,,5,0,0.7149
5,3,4,3,3,6,5,,1,0,1.1674
5,3,4,3,4,6,3,,4,0,1.2488
5,3,4,3,5,6,2,,2,1,0.8787
5,3,4,3,6,6,4,,6,0,1.4736
5,3,4,3,7,6,1,,1,1,0.9663
5,3,4,3,8,6,6,,6,1,0.9489
5,3,4,3,9,6,3,,3,1,1.0445
5,3,4,3,10,6,5,,5,1,0.5916
5,3,4,3,11,6,3,,6,0,0.9565
5,3,4,3,12,6,1,,5,0,0.9029
5,3,4,3,13,6,4,,3,0,1.0596
5,3,4,3,14,6,2,,2,1,0.8726
5,3,4,3,15,6,6,,6,1,0.62
5,3,4,3,16,6,6,,5,0,0.6646
5,3,4,3,17,6,2,,2,1,0.8627
5,3,4,3,18,6,6,,5,0,0.8969
5,3,4,3,19,6,3,,6,0,0.7661
5,3,4,3,20,6,6,,6,1,0.6082
5,3,4,3,21,6,5,,5,1,0.5891
5,3,4,3,22,6,1,,1,1,0.7953
5,3,4,3,23,6,4,,4,1,1.1362
5,3,4,3,24,6,5,,6,0,1.3364
5,3,4,3,25,6,1,,1,1,0.8995
5,3,4,3,26,6,3,,3,1,1.3964
5,3,4,3,27,6,3,,1,0,0.9133
5,3,4,3,28,6,5,,5,1,0.701
5,3,4,3,29,6,2,,6,0,0.9988
5,3,4,3,30,6,1,,1,1,1.0708
5,3,4,3,31,6,1,,1,1,0.8889
5,3,4,3,32,6,2,,2,1,1.0662
5,3,4,3,33,6,5,,6,0,1.4608
5,3,4,3,34,6,5,,4,0,0.9705
5,3,4,3,35,6,1,,1,1,0.9158
5,3,4,3,36,6,2,,2,1,0.6602
5,3,4,3,37,6,6,,6,1,1.1831
5,3,4,3,38,6,4,,6,0,1.0286
5,3,4,3,39,6,4,,3,0,1.052
5,3,4,3,40,6,2,,2,1,0.7382
5,3,4,3,41,6,5,,5,1,0.6971
5,3,4,3,42,6,4,,4,1,1.539
5,3,4,3,43,6,4,,3,0,1.1937
5,3,4,3,44,6,2,,2,1,0.778
5,3,4,3,45,6,1,,6,0,0.7365
5,3,4,3,46,6,6,,6,1,0.5963
5,3,4,3,47,6,4,,5,0,1.2818
5,3,4,3,48,6,6,,6,1,0.6545
5,3,4,3,49,6,6,,3,0,1.1942
5,3,4,3,50,6,6,,6,1,0.9063
5,3,4,4,1,2,5,3,5,1,0.664
5,3,4,4,2,2,4,2,2,0,1.1388
5,3,4,4,3,2,1,4,1,1,1.8138
5,3,4,4,4,2,2,1,2,1,1.1367
5,3,4,4,5,2,1,3,1,1,1.2884
5,3,4,4,6,2,3,6,3,1,1.4019
5,3,4,4,7,2,1,3,3,0,1.5427
5,3,4,4,8,2,3,2,2,0,1.1452
5,3,4,4,9,2,5,1,5,1,1.0356
5,3,4,4,10,2,5,3,5,1,0.8866
5,3,4,4,11,2,6,2,6,1,1.2724
5,3,4,4,12,2,1,5,5,0,1.1464
5,3,4,4,13,2,3,5,3,1,1.0207
5,3,4,4,14,2,6,2,6,1,1.2251
5,3,4,4,15,2,6,5,6,1,1.0533
5,3,4,4,16,2,2,4,2,1,0.9046
5,3,4,4,17,2,5,2,2,0,1.2256
5,3,4,4,18,2,2,3,2,1,1.2724
5,3,4,4,19,2,4,6,4,1,1.1629
5,3,4,4,20,2,5,3,5,1,0.6411
5,3,4,4,21,2,3,1,3,1,1.2771
5,3,4,4,22,2,6,3,6,1,0.8147
5,3,4,4,23,2,2,4,2,1,0.8031
5,3,4,4,24,2,2,4,2,1,0.665
5,3,4,4,25,2,1,6,1,1,1.0273
5,3,4,4,26,2,5,6,6,0,0.7832
5,3,4,4,27,2,2,1,2,1,0.7526
5,3,4,4,28,2,4,2,4,1,1.5438
5,3,4,4,29,2,1,3,1,1,0.8468
5,3,4,4,30,2,2,3,2,1,0.6899
5,3,4,4,31,2,6,1,6,1,0.7633
5,3,4,4,32,2,4,2,4,1,1.4743
5,3,4,4,33,2,4,5,4,1,1.8521
5,3,4,4,34,2,1,2,1,1,0.7578
5,3,4,4,35,2,1,4,1,1,1.1647
5,3,4,4,36,2,6,4,6,1,1.1712
5,3,4,4,37,2,5,2,5,1,1.3046
5,3,4,4,38,2,6,2,6,1,1.1131
5,3,4,4,39,2,3,2,3,1,1.5537
5,3,4,4,40,2,3,1,3,1,1.3192
5,3,4,4,41,2,5,6,6,0,1.2234
5,3,4,4,42,2,4,6,4,1,1.5101
5,3,4,4,43,2,6,2,6,1,0.6384
5,3,4,4,44,2,2,6,2,1,0.7466
5,3,4,4,45,2,3,2,2,0,0.9778
5,3,4,4,46,2,4,3,4,1,0.97
5,3,4,4,47,2,6,5,6,1,0.6488
5,3,4,4,48,2,6,1,6,1,1.0128
5,3,4,4,49,2,3,2,3,1,1.5206
5,3,4,4,50,2,4,2,2,0,1.113
5,3,5,1,1,2,3,4,3,1,1.3896
5,3,5,1,2,2,3,4,4,0,1.3871
5,3,5,1,3,2,3,2,3,1,1.2187
5,3,5,1,4,2,1,2,2,0,1.3829
5,3,5,1,5,2,4,6,4,1,1.0719
5,3,5,1,6,2,4,5,4,1,0.7623
5,3,5,1,7,2,3,1,3,1,1.5213
5,3,5,1,8,2,1,3,1,1,0.841
5,3,5,1,9,2,1,3,3,0,1.9173
5,3,5,1,10,2,2,4,4,0,1.7599
5,3,5,1,11,2,6,2,6,1,1.6089
5,3,5,1,12,2,5,4,5,1,1.582
5,3,5,1,13,2,5,3,5,1,1.6988
5,3,5,1,14,2,4,2,4,1,1.1234
5,3,5,1,15,2,2,5,2,1,1.6592
5,3,5,1,16,2,4,3,4,1,1.3262
5,3,5,1,17,2,2,3,2,1,0.7654
5,3,5,1,18,2,6,4,4,0,0.9963
5,3,5,1,19,2,1,6,6,0,1.4844
5,3,5,1,20,2,1,6,1,1,1.4735
5,3,5,1,21,2,4,1,1,0,1.4353
5,3,5,1,22,2,6,5,5,0,1.474
5,3,5,1,23,2,4,2,4,1,1.3027
5,3,5,1,24,2,1,2,1,1,0.9357
5,3,5,1,25,2,4,2,2,0,0.6153
5,3,5,1,26,2,6,4,6,1,1.0556
5,3,5,1,27,2,2,4,2,1,1.0343
5,3,5,1,28,2,5,6,5,1,0.6302
5,3,5,1,29,2,1,3,3,0,1.2189
5,3,5,1,30,2,6,2,2,0,0.7371
5,3,5,1,31,2,3,5,3,1,1.1409
5,3,5,1,32,2,2,1,2,1,0.6358
5,3,5,1,33,2,6,4,6,1,0.6159
5,3,5,1,34,2,2,5,5,0,0.725
5,3,5,1,35,2,1,6,1,1,0.6161
5,3,5,1,36,2,6,3,6,1,1.1734
5,3,5,1,37,2,6,2,2,0,1.2115
5,3,5,1,38,2,4,6,4,1,1.5789
5,3,5,1,39,2,3,1,3,1,1.696
5,3,5,1,40,2,5,6,5,1,1.0244
5,3,5,1,41,2,2,3,2,1,0.7007
5,3,5,1,42,2,3,1,3,1,1.3016
5,3,5,1,43,2,5,4,5,1,0.6788
5,3,5,1,44,2,5,1,5,1,1.073
5,3,5,1,45,2,5,3,5,1,0.7947
5,3,5,1,46,2,6,1,6,1,2.2234
5,3,5,1,47,2,2,5,5,0,0.65
5,3,5,1,48,2,5,4,5,1,0.929
5,3,5,1,49,2,6,2,6,1,0.7046
5,3,5,1,50,2,3,4,3,1,1.2422
5,3,5,2,1,6,3,,3,1,1.1131
5,3,5,2,2,6,6,,6,1,0.7062
5,3,5,2,3,6,2,,2,1,1.2106
5,3,5,2,4,6,1,,6,0,0.9586
5,3,5,2,5,6,5,,5,1,0.6813
5,3,5,2,6,6,4,,2,0,1.8266
5,3,5,2,7,6,6,,6,1,0.5844
5,3,5,2,8,6,1,,1,1,0.807
5,3,5,2,9,6,4,,4,1,1.3723
5,3,5,2,10,6,6,,1,0,1.1784
5,3,5,2,11,6,6,,6,1,0.9548
5,3,5,2,12,6,3,,2,0,0.7464
5,3,5,2,13,6,2,,2,1,1.069
5,3,5,2,14,6,3,,5,0,1.111
5,3,5,2,15,6,6,,4,0,1.3226
5,3,5,2,16,6,3,,2,0,0.6304
5,3,5,2,17,6,6,,6,1,1.1339
5,3,5,2,18,6,3,,2,0,0.8694
5,3,5,2,19,6,1,,1,1,1.0917
5,3,5,2,20,6,3,,1,0,1.2125
5,3,5,2,21,6,5,,6,0,1.0841
5,3,5,2,22,6,3,,3,1,1.3127
5,3,5,2,23,6,2,,2,1,0.7216
5,3,5,2,24,6,4,,2,0,1.0978
5,3,5,2,25,6,6,,6,1,0.8623
5,3,5,2,26,6,2,,2,1,1.1369
5,3,5,2,27,6,2,,6,0,1.3526
5,3,5,2,28,6,2,,2,1,0.8029
5,3,5,2,29,6,4,,4,1,1.7992
5,3,5,2,30,6,5,,5,1,0.9952
5,3,5,2,31,6,1,,3,0,2.1124
5,3,5,2,32,6,1,,5,0,1.0355
5,3,5,2,33,6,1,,4,0,1.4428
5,3,5,2,34,6,1,,5,0,1.065
5,3,5,2,35,6,6,,6,1,1.5816
5,3,5,2,36,6,4,,4,1,1.2345
5,3,5,2,37,6,5,,5,1,0.5841
5,3,5,2,38,6,6,,4,0,1.1407
5,3,5,2,39,6,5,,5,1,0.9834
5,3,5,2,40,6,5,,5,1,0.597
5,3,5,2,41,6,3,,2,0,0.8024
5,3,5,2,42,6,4,,2,0,1.4908
5,3,5,2,43,6,4,,1,0,1.2392
5,3,5,2,44,6,5,,6,0,1.2214
5,3,5,2,45,6,2,,2,1,0.8203
5,3,5,2,46,6,1,,3,0,1.0167
5,3,5,2,47,6,4,,6,0,1.1205
5,3,5,2,48,6,6,,4,0,1.2513
5,3,5,2,49,6,2,,5,0,1.1852
5,3,5,2,50,6,5,,5,1,0.8496
5,3,5,3,1,2,3,4,4,0,1.5702
5,3,5,3,2,2,2,3,2,1,0.7547
5,3,5,3,3,2,5,2,2,0,1.2261
5,3,5,3,4,2,3,6,3,1,1.0013
5,3,5,3,5,2,1,3,3,0,1.1741
5,3,5,3,6,2,4,3,3,0,1.4636
5,3,5,3,7,2,2,5,5,0,1.4043
5,3,5,3,8,2,5,1,5,1,5.2999
5,3,5,3,9,2,4,3,4,1,1.1519
5,3,5,3,10,2,6,5,6,1,0.8875
5,3,5,3,11,2,4,6,4,1,1.0975
5,3,5,3,12,2,1,5,5,0,1.6022
5,3,5,3,13,2,2,6,2,1,0.8014
5,3,5,3,14,2,6,5,6,1,0.9664
5,3,5,3,15,2,6,2,2,0,1.1412
5,3,5,3,16,2,4,1,1,0,1.4799
5,3,5,3,17,2,5,6,5,1,0.6679
5,3,5,3,18,2,2,1,2,1,0.9194
5,3,5,3,19,2,2,4,2,1,1.4793
5,3,5,3,20,2,2,4,2,1,0.7521
5,3,5,3,21,2,5,1,5,1,1.3191
5,3,5,3,22,2,3,6,6,0,1.1111
5,3,5,3,23,2,4,6,4,1,1.8824
5,3,5,3,24,2,6,3,6,1,1.4914
5,3,5,3,25,2,3,1,3,1,1.3241
5,3,5,3,26,2,1,5,1,1,1.5479
5,3,5,3,27,2,1,6,6,0,1.1703
5,3,5,3,28,2,6,4,4,0,1.1074
5,3,5,3,29,2,4,2,4,1,0.8231
5,3,5,3,30,2,1,6,1,1,1.2284
5,3,5,3,31,2,3,6,3,1,1.4073
5,3,5,3,32,2,3,5,3,1,1.2433
5,3,5,3,33,2,3,2,3,1,1.2143
5,3,5,3,34,2,2,5,5,0,1.6185
5,3,5,3,35,2,1,3,3,0,1.2181
5,3,5,3,36,2,1,5,5,0,1.3135
5,3,5,3,37,2,1,2,1,1,1.1004
5,3,5,3,38,2,2,4,2,1,0.7256
5,3,5,3,39,2,5,3,3,0,1.1976
5,3,5,3,40,2,6,3,6,1,1.0067
5,3,5,3,41,2,4,2,4,1,1.1797
5,3,5,3,42,2,6,5,6,1,0.9291
5,3,5,3,43,2,6,5,5,0,1.2325
5,3,5,3,44,2,5,4,4,0,1.4879
5,3,5,3,45,2,5,6,5,1,0.9323
5,3,5,3,46,2,3,4,4,0,1.3799
5,3,5,3,47,2,6,3,3,0,2.1567
5,3,5,3,48,2,4,2,4,1,1.109
5,3,5,3,49,2,6,1,1,0,1.6935
5,3,5,3,50,2,5,3,5,1,1.0654
5,3,5,4,1,6,5,,5,1,1.6161
5,3,5,4,2,6,6,,6,1,0.7077
5,3,5,4,3,6,6,,5,0,0.6206
5,3,5,4,4,6,5,,5,1,1.0608
5,3,5,4,5,6,1,,1,1,0.943
5,3,5,4,6,6,4,,2,0,1.0218
5,3,5,4,7,6,5,,5,1,0.8384
5,3,5,4,8,6,2,,2,1,0.9049
5,3,5,4,9,6,1,,2,0,0.9064
5,3,5,4,10,6,3,,5,0,0.7904
5,3,5,4,11,6,6,,6,1,1.2553
5,3,5,4,12,6,1,,6,0,1.4821
5,3,5,4,13,6,6,,5,0,0.8152
5,3,5,4,14,6,5,,3,0,0.9425
5,3,5,4,15,6,2,,2,1,0.8084
5,3,5,4,16,6,1,,3,0,1.2295
5,3,5,4,17,6,3,,2,0,0.7965
5,3,5,4,18,6,3,,1,0,1.5811
5,3,5,4,19,6,2,,5,0,0.7978
5,3,5,4,20,6,4,,4,1,1.0709
5,3,5,4,21,6,5,,5,1,0.6653
5,3,5,4,22,6,3,,1,0,1.0759
5,3,5,4,23,6,5,,1,0,0.8252
5,3,5,4,24,6,4,,6,0,1.4004
5,3,5,4,25,6,1,,3,0,1.3287
5,3,5,4,26,6,1,,2,0,1.4347
5,3,5,4,27,6,4,,5,0,0.9121
5,3,5,4,28,6,6,,6,1,0.6526
5,3,5,4,29,6,3,,3,1,1.0955
5,3,5,4,30,6,2,,2,1,0.7362
5,3,5,4,31,6,2,,2,1,0.6964
5,3,5,4,32,6,3,,3,1,1.4099
5,3,5,4,33,6,4,,4,1,1.15
5,3,5,4,34,6,4,,1,0,1.4612
5,3,5,4,35,6,6,,6,1,1.0982
5,3,5,4,36,6,6,,6,1,0.9633
5,3,5,4,37,6,6,,6,1,0.8334
5,3,5,4,38,6,1,,1,1,0.7085
5,3,5,4,39,6,2,,2,1,0.6701
5,3,5,4,40,6,2,,3,0,1.3049
5,3,5,4,41,6,4,,4,1,1.1563
5,3,5,4,42,6,6,,6,1,0.8906
5,3,5,4,43,6,5,,5,1,0.7644
5,3,5,4,44,6,6,,1,0,1.2358
5,3,5,4,45,6,4,,3,0,1.2661
5,3,5,4,46,6,1,,2,0,1.4876
5,3,5,4,47,6,3,,1,0,1.1556
5,3,5,4,48,6,2,,2,1,0.9655
5,3,5,4,49,6,5,,5,1,0.9317
5,3,5,4,50,6,3,,3,1,1.5065
6,1,1,1,1,2,1,3,1,1,1.6048
6,1,1,1,2,2,5,2,2,0,2.4092
6,1,1,1,3,2,5,1,1,0,1.4324
6,1,1,1,4,2,1,5,5,0,2.9109
6,1,1,1,5,2,2,6,2,1,2.2173
6,1,1,1,6,2,1,6,1,1,1.1728
6,1,1,1,7,2,6,2,6,1,1.147
6,1,1,1,8,2,4,2,4,1,2.002
6,1,1,1,9,2,5,2,2,0,2.5661
6,1,1,1,10,2,3,5,3,1,1.71
6,1,1,1,11,2,4,3,3,0,1.5503
6,1,1,1,12,2,6,5,6,1,1.5041
6,1,1,1,13,2,4,2,4,1,1.7365
6,1,1,1,14,2,1,3,1,1,1.4314
6,1,1,1,15,2,2,3,2,1,1.3793
6,1,1,1,16,2,6,5,6,1,1.0571
6,1,1,1,17,2,4,5,4,1,2.1241
6,1,1,1,18,2,1,3,1,1,1.499
6,1,1,1,19,2,6,4,4,0,1.9401
6,1,1,1,20,2,2,4,2,1,1.4617
6,1,1,1,21,2,6,4,6,1,1.3288
6,1,1,1,22,2,1,3,1,1,1.7604
6,1,1,1,23,2,2,3,2,1,1.3427
6,1,1,1,24,2,2,6,6,0,1.6937
6,1,1,1,25,2,4,2,2,0,2.1226
6,1,1,1,26,2,3,4,4,0,2.4851
6,1,1,1,27,2,4,5,5,0,2.9447
6,1,1,1,28,2,3,6,6,0,2.1694
6,1,1,1,29,2,5,6,6,0,1.6024
6,1,1,1,30,2,5,6,6,0,2.0023
6,1,1,1,31,2,6,4,4,0,1.6814
6,1,1,1,32,2,6,4,6,1,1.3582
6,1,1,1,33,2,6,4,6,1,1.1166
6,1,1,1,34,2,3,5,3,1,1.6371
6,1,1,1,35,2,3,2,2,0,1.2878
6,1,1,1,36,2,3,4,4,0,2.5171
6,1,1,1,37,2,3,4,3,1,1.7755
6,1,1,1,38,2,2,5,2,1,1.6128
6,1,1,1,39,2,3,2,3,1,1.9373
6,1,1,1,40,2,6,2,6,1,1.1916
6,1,1,1,41,2,5,2,2,0,1.8535
6,1,1,1,42,2,5,1,1,0,1.5552
6,1,1,1,43,2,5,4,4,0,2.0374
6,1,1,1,44,2,6,3,6,1,1.1075
6,1,1,1,45,2,4,2,2,0,1.5161
6,1,1,1,46,2,4,2,2,0,1.5675
6,1,1,1,47,2,2,1,2,1,1.361
6,1,1,1,48,2,1,5,1,1,1.3754
6,1,1,1,49,2,2,3,2,1,1.2454
6,1,1,1,50,2,1,4,4,0,1.9527
6,1,1,2,1,6,5,,2,0,1.6325
6,1,1,2,2,6,2,,2,1,1.3269
6,1,1,2,3,6,3,,6,0,0.9428
6,1,1,2,4,6,1,,1,1,1.3219
6,1,1,2,5,6,3,,2,0,1.1941
6,1,1,2,6,6,6,,6,1,0.9711
6,1,1,2,7,6,6,,6,1,0.9209
6,1,1,2,8,6,2,,2,1,1.3056
6,1,1,2,9,6,3,,5,0,1.5145
6,1,1,2,10,6,4,,2,0,1.214
6,1,1,2,11,6,6,,3,0,1.6772
6,1,1,2,12,6,3,,1,0,1.1785
6,1,1,2,13,6,2,,2,1,1.4675
6,1,1,2,14,6,5,,4,0,1.6055
6,1,1,2,15,6,5,,5,1,1.6374
6,1,1,2,16,6,6,,6,1,1.2408
6,1,1,2,17,6,6,,1,0,1.4204
6,1,1,2,18,6,6,,6,1,1.2352
6,1,1,2,19,6,5,,4,0,1.7989
6,1,1,2,20,6,2,,6,0,1.0706
6,1,1,2,21,6,6,,6,1,0.948
6,1,1,2,22,6,2,,6,0,1.2833
6,1,1,2,23,6,3,,3,1,2.6408
6,1,1,2,24,6,4,,6,0,1.0027
6,1,1,2,25,6,4,,4,1,1.4427
6,1,1,2,26,6,1,,1,1,1.1821
6,1,1,2,27,6,6,,2,0,2.4836
6,1,1,2,28,6,3,,6,0,1.1516
6,1,1,2,29,6,2,,6,0,0.9459
6,1,1,2,30,6,4,,6,0,0.8599
6,1,1,2,31,6,3,,5,0,1.7232
6,1,1,2,32,6,1,,3,0,1.3504
6,1,1,2,33,6,6,,6,1,0.8802
6,1,1,2,34,6,4,,3,0,1.4105
6,1,1,2,35,6,1,,1,1,1.1939
6,1,1,2,36,6,1,,2,0,1.3592
6,1,1,2,37,6,1,,1,1,1.1775
6,1,1,2,38,6,5,,5,1,1.2155
6,1,1,2,39,6,4,,6,0,1.1234
6,1,1,2,40,6,1,,1,1,1.288
6,1,1,2,41,6,1,,6,0,1.049
6,1,1,2,42,6,6,,3,0,1.5195
6,1,1,2,43,6,5,,6,0,1.1705
6,1,1,2,44,6,2,,1,0,1.0606
6,1,1,2,45,6,4,,4,1,2.026
6,1,1,2,46,6,3,,6,0,1.1177
6,1,1,2,47,6,5,,5,1,1.4579
6,1,1,2,48,6,2,,3,0,2.0758
6,1,1,2,49,6,4,,6,0,1.0966
6,1,1,2,50,6,5,,5,1,1.3732
6,1,1,3,1,2,5,2,2,0,1.9128
6,1,1,3,2,2,3,2,3,1,2.1235
6,1,1,3,3,2,2,4,2,1,1.2111
6,1,1,3,4,2,5,4,4,0,1.7275
6,1,1,3,5,2,6,4,6,1,1.0338
6,1,1,3,6,2,4,6,4,1,1.6376
6,1,1,3,7,2,2,3,2,1,1.1454
6,1,1,3,8,2,2,1,2,1,1.1516
6,1,1,3,9,2,6,4,6,1,1.2867
6,1,1,3,10,2,3,1,1,0,2.1685
6,1,1,3,11,2,3,2,2,0,1.6493
6,1,1,3,12,2,1,5,5,0,2.0144
6,1,1,3,13,2,2,5,2,1,1.3413
6,1,1,3,14,2,2,1,1,0,2.1407
6,1,1,3,15,2,5,2,5,1,2.7591
6,1,1,3,16,2,1,4,4,0,2.5877
6,1,1,3,17,2,4,5,5,0,2.7712
6,1,1,3,18,2,1,4,4,0,4.1795
6,1,1,3,19,2,5,3,3,0,1.8183
6,1,1,3,20,2,6,3,6,1,1.0246
6,1,1,3,21,2,1,4,1,1,1.0054
6,1,1,3,22,2,6,2,6,1,1.0663
6,1,1,3,23,2,6,1,1,0,1.6207
6,1,1,3,24,2,4,2,4,1,1.7638
6,1,1,3,25,2,3,5,3,1,2.7224
6,1,1,3,26,2,5,2,2,0,1.5605
6,1,1,3,27,2,1,4,1,1,1.1297
6,1,1,3,28,2,3,2,2,0,2.7539
6,1,1,3,29,2,5,4,4,0,1.3305
6,1,1,3,30,2,6,2,6,1,1.0691
6,1,1,3,31,2,1,3,1,1,1.1434
6,1,1,3,32,2,1,2,1,1,1.5356
6,1,1,3,33,2,4,3,4,1,4.534
6,1,1,3,34,2,6,1,6,1,1.0585
6,1,1,3,35,2,3,4,3,1,1.9973
6,1,1,3,36,2,4,2,2,0,1.6492
6,1,1,3,37,2,5,6,6,0,1.2473
6,1,1,3,38,2,5,3,5,1,2.6053
6,1,1,3,39,2,2,1,1,0,2.0089
6,1,1,3,40,2,2,4,4,0,3.9281
6,1,1,3,41,2,3,6,6,0,1.1125
6,1,1,3,42,2,4,6,6,0,1.3879
6,1,1,3,43,2,1,3,1,1,1.2527
6,1,1,3,44,2,2,6,6,0,1.2717
6,1,1,3,45,2,4,3,3,0,2.325
6,1,1,3,46,2,6,4,6,1,1.0636
6,1,1,3,47,2,6,2,2,0,1.7141
6,1,1,3,48,2,4,3,4,1,2.1573
6,1,1,3,49,2,6,5,6,1,1.1309
6,1,1,3,50,2,3,6,3,1,2.7228
6,1,1,4,1,6,6,,6,1,1.0947
6,1,1,4,2,6,6,,2,0,1.8078
6,1,1,4,3,6,2,,6,0,0.9191
6,1,1,4,4,6,1,,1,1,1.2832
6,1,1,4,5,6,3,,2,0,1.3168
6,1,1,4,6,6,2,,3,0,1.5682
6,1,1,4,7,6,5,,5,1,1.522
6,1,1,4,8,6,6,,6,1,1.1935
6,1,1,4,9,6,3,,6,0,0.9586
6,1,1,4,10,6,1,,1,1,1.0168
6,1,1,4,11,6,1,,6,0,1.4295
6,1,1,4,12,6,1,,6,0,0.9557
6,1,1,4,13,6,4,,2,0,1.4152
6,1,1,4,14,6,6,,6,1,0.8464
6,1,1,4,15,6,3,,3,1,1.8578
6,1,1,4,16,6,6,,6,1,1.0838
6,1,1,4,17,6,2,,5,0,1.4297
6,1,1,4,18,6,4,,6,0,1.4199
6,1,1,4,19,6,2,,2,1,1.7636
6,1,1,4,20,6,2,,5,0,1.5209
6,1,1,4,21,6,2,,1,0,1.1885
6,1,1,4,22,6,3,,6,0,1.0135
6,1,1,4,23,6,1,,4,0,2.0612
6,1,1,4,24,6,6,,6,1,0.89
6,1,1,4,25,6,6,,6,1,0.9883
6,1,1,4,26,6,5,,3,0,1.5779
6,1,1,4,27,6,3,,3,1,1.8985
6,1,1,4,28,6,1,,6,0,1.01
6,1,1,4,29,6,6,,5,0,2.2982
6,1,1,4,30,6,3,,6,0,1.0054
6,1,1,4,31,6,4,,6,0,0.7895
6,1,1,4,32,6,3,,6,0,0.8713
6,1,1,4,33,6,5,,3,0,2.0052
6,1,1,4,34,6,5,,5,1,1.7329
6,1,1,4,35,6,4,,6,0,0.9157
6,1,1,4,36,6,1,,6,0,0.7997
6,1,1,4,37,6,2,,2,1,1.4249
6,1,1,4,38,6,6,,3,0,2.1566
6,1,1,4,39,6,4,,5,0,1.2534
6,1,1,4,40,6,5,,6,0,0.9482
6,1,1,4,41,6,2,,1,0,1.1025
6,1,1,4,42,6,6,,6,1,0.851
6,1,1,4,43,6,1,,1,1,2.2145
6,1,1,4,44,6,5,,2,0,1.3296
6,1,1,4,45,6,3,,3,1,1.6126
6,1,1,4,46,6,4,,6,0,1.3447
6,1,1,4,47,6,4,,6,0,0.6985
6,1,1,4,48,6,5,,4,0,1.6947
6,1,1,4,49,6,5,,1,0,1.3066
6,1,1,4,50,6,4,,2,0,1.5747
6,1,2,1,1,6,2,,1,0,1.638
6,1,2,1,2,6,1,,6,0,0.8362
6,1,2,1,3,6,4,,4,1,1.7793
6,1,2,1,4,6,4,,1,0,1.1694
6,1,2,1,5,6,6,,6,1,0.8663
6,1,2,1,6,6,6,,2,0,1.2532
6,1,2,1,7,6,6,,4,0,1.3957
6,1,2,1,8,6,5,,6,0,0.8921
6,1,2,1,9,6,4,,5,0,1.1454
6,1,2,1,10,6,1,,1,1,0.956
6,1,2,1,11,6,5,,5,1,1.2118
6,1,2,1,12,6,6,,6,1,0.9286
6,1,2,1,13,6,5,,6,0,1.1047
6,1,2,1,14,6,3,,6,0,0.8531
6,1,2,1,15,6,4,,2,0,1.6037
6,1,2,1,16,6,1,,6,0,0.8519
6,1,2,1,17,6,2,,2,1,0.9948
6,1,2,1,18,6,2,,2,1,0.784
6,1,2,1,19,6,6,,6,1,0.9972
6,1,2,1,20,6,4,,4,1,1.747
6,1,2,1,21,6,4,,3,0,1.7128
6,1,2,1,22,6,6,,1,0,1.1003
6,1,2,1,23,6,1,,6,0,1.0722
6,1,2,1,24,6,3,,6,0,0.8705
6,1,2,1,25,6,2,,1,0,0.948
6,1,2,1,26,6,3,,6,0,0.9593
6,1,2,1,27,6,6,,6,1,2.6653
6,1,2,1,28,6,3,,1,0,1.8106
6,1,2,1,29,6,5,,4,0,1.177
6,1,2,1,30,6,4,,6,0,1.0017
6,1,2,1,31,6,6,,6,1,1.2353
6,1,2,1,32,6,4,,2,0,1.2066
6,1,2,1,33,6,3,,6,0,0.8226
6,1,2,1,34,6,2,,2,1,1.6862
6,1,2,1,35,6,1,,6,0,0.8717
6,1,2,1,36,6,6,,6,1,0.8543
6,1,2,1,37,6,2,,6,0,0.8568
6,1,2,1,38,6,3,,6,0,0.9679
6,1,2,1,39,6,6,,2,0,1.4422
6,1,2,1,40,6,1,,1,1,1.1602
6,1,2,1,41,6,1,,1,1,0.9755
6,1,2,1,42,6,1,,1,1,0.9096
6,1,2,1,43,6,5,,1,0,1.1188
6,1,2,1,44,6,5,,2,0,1.2817
6,1,2,1,45,6,2,,2,1,1.1987
6,1,2,1,46,6,5,,6,0,0.9797
6,1,2,1,47,6,2,,2,1,1.2291
6,1,2,1,48,6,3,,1,0,0.977
6,1,2,1,49,6,3,,1,0,1.1454
6,1,2,1,50,6,5,,2,0,1.0841
6,1,2,2,1,2,5,4,5,1,2.8792
6,1,2,2,2,2,1,2,1,1,2.6872
6,1,2,2,3,2,6,5,6,1,1.3515
6,1,2,2,4,2,3,6,3,1,2.7579
6,1,2,2,5,2,3,6,3,1,1.6747
6,1,2,2,6,2,2,3,2,1,1.6607
6,1,2,2,7,2,2,3,2,1,1.1995
6,1,2,2,8,2,1,5,5,0,2.1643
6,1,2,2,9,2,2,3,2,1,1.1495
6,1,2,2,10,2,3,2,3,1,2.2602
6,1,2,2,11,2,1,3,1,1,1.1662
6,1,2,2,12,2,4,2,2,0,1.5399
6,1,2,2,13,2,1,5,5,0,2.8393
6,1,2,2,14,2,6,2,6,1,1.0922
6,1,2,2,15,2,5,6,6,0,1.853
6,1,2,2,16,2,3,6,6,0,2.0186
6,1,2,2,17,2,3,4,4,0,2.3692
6,1,2,2,18,2,1,3,3,0,2.6581
6,1,2,2,19,2,4,3,3,0,3.0949
6,1,2,2,20,2,4,3,4,1,1.7377
6,1,2,2,21,2,4,2,4,1,2.1361
6,1,2,2,22,2,5,2,2,0,2.3914
6,1,2,2,23,2,4,3,4,1,2.1188
6,1,2,2,24,2,4,6,6,0,2.3096
6,1,2,2,25,2,6,1,1,0,1.2732
6,1,2,2,26,2,6,5,6,1,1.479
6,1,2,2,27,2,6,1,1,0,1.3282
6,1,2,2,28,2,3,6,3,1,1.7874
6,1,2,2,29,2,3,1,1,0,1.5923
6,1,2,2,30,2,5,3,5,1,4.9852
6,1,2,2,31,2,1,2,1,1,3.0099
6,1,2,2,32,2,2,4,2,1,2.1416
6,1,2,2,33,2,2,5,5,0,2.6195
6,1,2,2,34,2,3,5,5,0,2.3054
6,1,2,2,35,2,2,6,2,1,1.7647
6,1,2,2,36,2,2,1,1,0,2.4345
6,1,2,2,37,2,5,2,2,0,2.48
6,1,2,2,38,2,2,4,2,1,1.5797
6,1,2,2,39,2,6,5,6,1,4.5292
6,1,2,2,40,2,5,1,1,0,1.693
6,1,2,2,41,2,1,6,6,0,1.4967
6,1,2,2,42,2,4,5,5,0,1.8046
6,1,2,2,43,2,5,1,5,1,1.3645
6,1,2,2,44,2,6,4,4,0,2.1945
6,1,2,2,45,2,5,4,5,1,1.8497
6,1,2,2,46,2,1,3,1,1,2.3716
6,1,2,2,47,2,6,2,6,1,1.0648
6,1,2,2,48,2,6,4,6,1,1.0271
6,1,2,2,49,2,4,1,4,1,1.8708
6,1,2,2,50,2,6,4,6,1,1.624
6,1,2,3,1,6,1,,1,1,1.6414
6,1,2,3,2,6,2,,2,1,1.0846
6,1,2,3,3,6,3,,4,0,1.9259
6,1,2,3,4,6,6,,6,1,0.9207
6,1,2,3,5,6,1,,5,0,1.4015
6,1,2,3,6,6,5,,4,0,1.5861
6,1,2,3,7,6,5,,5,1,1.5381
6,1,2,3,8,6,3,,6,0,0.9861
6,1,2,3,9,6,4,,3,0,2.4506
6,1,2,3,10,6,5,,2,0,1.4715
6,1,2,3,11,6,6,,3,0,3.4615
6,1,2,3,12,6,2,,6,0,0.9044
6,1,2,3,13,6,3,,2,0,1.5412
6,1,2,3,14,6,4,,4,1,1.6714
6,1,2,3,15,6,6,,6,1,0.8569
6,1,2,3,16,6,5,,3,0,3.8203
6,1,2,3,17,6,6,,6,1,1.0887
6,1,2,3,18,6,5,,5,1,1.338
6,1,2,3,19,6,6,,6,1,0.9697
6,1,2,3,20,6,4,,3,0,2.1047
6,1,2,3,21,6,2,,4,0,1.988
6,1,2,3,22,6,3,,2,0,1.3953
6,1,2,3,23,6,1,,2,0,1.0683
6,1,2,3,24,6,1,,1,1,1.3619
6,1,2,3,25,6,2,,2,1,1.3285
6,1,2,3,26,6,3,,3,1,1.5996
6,1,2,3,27,6,5,,5,1,1.7807
6,1,2,3,28,6,1,,1,1,1.5054
6,1,2,3,29,6,6,,6,1,1.354
6,1,2,3,30,6,5,,3,0,2.0568
6,1,2,3,31,6,6,,3,0,1.2702
6,1,2,3,32,6,2,,6,0,1.2673
6,1,2,3,33,6,6,,6,1,0.8171
6,1,2,3,34,6,4,,1,0,1.0776
6,1,2,3,35,6,4,,6,0,1.6263
6,1,2,3,36,6,6,,4,0,2.1372
6,1,2,3,37,6,4,,5,0,2.1308
6,1,2,3,38,6,4,,1,0,1.1177
6,1,2,3,39,6,3,,1,0,1.3931
6,1,2,3,40,6,3,,3,1,2.2487
6,1,2,3,41,6,2,,2,1,1.4585
6,1,2,3,42,6,3,,4,0,5.0699
6,1,2,3,43,6,1,,1,1,1.2312
6,1,2,3,44,6,4,,5,0,1.4267
6,1,2,3,45,6,1,,4,0,1.5294
6,1,2,3,46,6,2,,2,1,2.0116
6,1,2,3,47,6,2,,6,0,0.9905
6,1,2,3,48,6,5,,4,0,5.3838
6,1,2,3,49,6,6,,6,1,0.9888
6,1,2,3,50,6,1,,3,0,2.1868
6,1,2,4,1,2,4,2,2,0,1.792
6,1,2,4,2,2,4,2,4,1,1.944
6,1,2,4,3,2,6,2,6,1,0.9263
6,1,2,4,4,2,5,6,6,0,1.2787
6,1,2,4,5,2,2,6,2,1,1.212
6,1,2,4,6,2,2,6,6,0,0.8321
6,1,2,4,7,2,1,5,5,0,1.4234
6,1,2,4,8,2,4,5,5,0,1.2861
6,1,2,4,9,2,6,4,4,0,5.043
6,1,2,4,10,2,1,2,1,1,1.6857
6,1,2,4,11,2,6,5,6,1,0.9828
6,1,2,4,12,2,3,6,3,1,2.4848
6,1,2,4,13,2,6,3,3,0,2.0525
6,1,2,4,14,2,6,4,4,0,2.2904
6,1,2,4,15,2,2,3,3,0,1.7983
6,1,2,4,16,2,2,6,6,0,0.8295
6,1,2,4,17,2,6,2,2,0,1.8534
6,1,2,4,18,2,4,1,4,1,1.8265
6,1,2,4,19,2,6,3,3,0,3.4865
6,1,2,4,20,2,4,6,6,0,1.9048
6,1,2,4,21,2,1,3,3,0,5.8446
6,1,2,4,22,2,6,2,6,1,0.8537
6,1,2,4,23,2,5,6,6,0,1.7215
6,1,2,4,24,2,1,3,3,0,1.5401
6,1,2,4,25,2,5,4,4,0,3.8632
6,1,2,4,26,2,4,1,1,0,1.5782
6,1,2,4,27,2,2,6,2,1,2.5544
6,1,2,4,28,2,3,1,3,1,3.5116
6,1,2,4,29,2,1,3,1,1,1.3098
6,1,2,4,30,2,3,5,3,1,2.3018
6,1,2,4,31,2,1,3,1,1,1.0621
6,1,2,4,32,2,1,6,6,0,1.376
6,1,2,4,33,2,6,4,6,1,1.0493
6,1,2,4,34,2,3,5,5,0,2.2279
6,1,2,4,35,2,2,1,2,1,4.2823
6,1,2,4,36,2,4,6,6,0,2.0642
6,1,2,4,37,2,1,2,2,0,3.277
6,1,2,4,38,2,5,4,5,1,1.6231
6,1,2,4,39,2,2,4,4,0,6.2675
6,1,2,4,40,2,5,1,1,0,1.5633
6,1,2,4,41,2,6,3,6,1,0.9568
6,1,2,4,42,2,3,6,3,1,4.4279
6,1,2,4,43,2,4,3,4,1,2.2367
6,1,2,4,44,2,5,4,5,1,2.983
6,1,2,4,45,2,2,6,6,0,1.5547
6,1,2,4,46,2,5,6,5,1,4.3402
6,1,2,4,47,2,3,2,2,0,5.4328
6,1,2,4,48,2,3,1,3,1,1.7388
6,1,2,4,49,2,5,3,3,0,2.1856
6,1,2,4,50,2,3,6,6,0,1.7779
6,1,3,1,1,2,2,5,2,1,1.6263
6,1,3,1,2,2,3,4,3,1,1.4864
6,1,3,1,3,2,1,3,1,1,2.1035
6,1,3,1,4,2,5,6,5,1,1.783
6,1,3,1,5,2,5,1,5,1,1.7638
6,1,3,1,6,2,2,1,2,1,1.2339
6,1,3,1,7,2,6,1,6,1,0.9971
6,1,3,1,8,2,6,1,6,1,1.3945
6,1,3,1,9,2,4,2,2,0,2.4798
6,1,3,1,10,2,3,2,3,1,1.8989
6,1,3,1,11,2,4,3,4,1,2.6273
6,1,3,1,12,2,6,5,6,1,0.9421
6,1,3,1,13,2,2,5,2,1,1.5981
6,1,3,1,14,2,4,6,4,1,2.0182
6,1,3,1,15,2,3,6,3,1,2.3579
6,1,3,1,16,2,5,3,5,1,4.2194
6,1,3,1,17,2,6,2,6,1,0.9963
6,1,3,1,18,2,2,3,2,1,1.9689
6,1,3,1,19,2,6,2,6,1,1.0785
6,1,3,1,20,2,2,5,2,1,1.6806
6,1,3,1,21,2,6,4,4,0,3.5215
6,1,3,1,22,2,3,2,2,0,1.4265
6,1,3,1,23,2,3,1,3,1,2.0092
6,1,3,1,24,2,1,5,1,1,3.6929
6,1,3,1,25,2,4,5,4,1,3.0836
6,1,3,1,26,2,1,2,2,0,4.1945
6,1,3,1,27,2,1,6,6,0,1.7205
6,1,3,1,28,2,3,2,2,0,1.5549
6,1,3,1,29,2,4,1,1,0,2.213
6,1,3,1,30,2,5,1,1,0,3.9155
6,1,3,1,31,2,1,2,2,0,2.8604
6,1,3,1,32,2,4,2,4,1,4.4561
6,1,3,1,33,2,4,5,4,1,5.6551
6,1,3,1,34,2,2,4,2,1,1.9735
6,1,3,1,35,2,5,3,5,1,2.5227
6,1,3,1,36,2,3,6,3,1,2.1854
6,1,3,1,37,2,4,6,4,1,3.0299
6,1,3,1,38,2,5,4,4,0,3.663
6,1,3,1,39,2,5,1,5,1,5.9303
6,1,3,1,40,2,1,4,1,1,2.3161
6,1,3,1,41,2,6,4,4,0,3.5556
6,1,3,1,42,2,1,2,1,1,4.4674
6,1,3,1,43,2,6,3,6,1,1.682
6,1,3,1,44,2,6,2,6,1,3.8907
6,1,3,1,45,2,1,2,2,0,1.5614
6,1,3,1,46,2,5,4,4,0,1.6583
6,1,3,1,47,2,2,5,5,0,3.1441
6,1,3,1,48,2,3,5,3,1,2.0727
6,1,3,1,49,2,2,1,2,1,2.6343
6,1,3,1,50,2,6,3,3,0,1.7317
6,1,3,2,1,6,1,,4,0,2.0279
6,1,3,2,2,6,2,,2,1,1.1467
6,1,3,2,3,6,4,,1,0,1.1375
6,1,3,2,4,6,6,,6,1,0.8518
6,1,3,2,5,6,5,,4,0,5.6878
6,1,3,2,6,6,4,,5,0,0.9755
6,1,3,2,7,6,6,,2,0,1.8645
6,1,3,2,8,6,4,,2,0,1.2133
6,1,3,2,9,6,5,,6,0,0.7974
6,1,3,2,10,6,1,,5,0,0.9905
6,1,3,2,11,6,3,,2,0,1.3189
6,1,3,2,12,6,1,,6,0,1.5057
6,1,3,2,13,6,4,,6,0,0.6943
6,1,3,2,14,6,6,,2,0,1.1306
6,1,3,2,15,6,3,,2,0,1.0862
6,1,3,2,16,6,5,,5,1,1.5393
6,1,3,2,17,6,6,,6,1,0.9064
6,1,3,2,18,6,3,,3,1,4.0113
6,1,3,2,19,6,1,,1,1,0.9897
6,1,3,2,20,6,2,,1,0,1.2422
6,1,3,2,21,6,5,,4,0,1.3367
6,1,3,2,22,6,2,,4,0,3.5237
6,1,3,2,23,6,3,,4,0,3.7324
6,1,3,2,24,6,1,,3,0,1.852
6,1,3,2,25,6,2,,2,1,1.1859
6,1,3,2,26,6,4,,4,1,1.767
6,1,3,2,27,6,6,,6,1,0.8368
6,1,3,2,28,6,2,,3,0,2.5689
6,1,3,2,29,6,4,,6,0,0.7056
6,1,3,2,30,6,3,,2,0,1.2063
6,1,3,2,31,6,4,,3,0,2.6143
6,1,3,2,32,6,2,,6,0,1.8041
6,1,3,2,33,6,6,,6,1,0.8046
6,1,3,2,34,6,1,,4,0,2.3611
6,1,3,2,35,6,1,,3,0,1.6101
6,1,3,2,36,6,6,,1,0,0.9855
6,1,3,2,37,6,2,,4,0,1.3464
6,1,3,2,38,6,4,,3,0,3.6609
6,1,3,2,39,6,5,,4,0,4.3117
6,1,3,2,40,6,5,,2,0,3.5126
6,1,3,2,41,6,6,,2,0,1.0649
6,1,3,2,42,6,1,,1,1,5.1509
6,1,3,2,43,6,3,,1,0,1.1535
6,1,3,2,44,6,3,,5,0,4.788
6,1,3,2,45,6,6,,6,1,2.1295
6,1,3,2,46,6,5,,4,0,3.5197
6,1,3,2,47,6,5,,1,0,1.3607
6,1,3,2,48,6,3,,6,0,1.0343
6,1,3,2,49,6,2,,1,0,1.0259
6,1,3,2,50,6,6,,2,0,2.649
6,1,3,3,1,2,4,3,4,1,3.467
6,1,3,3,2,2,3,4,4,0,2.4826
6,1,3,3,3,2,1,3,1,1,1.8066
6,1,3,3,4,2,6,1,6,1,1.4346
6,1,3,3,5,2,3,4,3,1,1.7335
6,1,3,3,6,2,6,5,6,1,0.8849
6,1,3,3,7,2,3,6,6,0,0.8548
6,1,3,3,8,2,2,1,1,0,1.7326
6,1,3,3,9,2,4,5,4,1,2.5912
6,1,3,3,10,2,4,1,1,0,1.5476
6,1,3,3,11,2,5,4,5,1,1.6771
6,1,3,3,12,2,6,4,6,1,1.567
6,1,3,3,13,2,1,2,1,1,3.9883
6,1,3,3,14,2,5,2,2,0,1.6711
6,1,3,3,15,2,5,4,4,0,2.4682
6,1,3,3,16,2,5,3,5,1,4.5606
6,1,3,3,17,2,3,2,2,0,1.8998
6,1,3,3,18,2,6,2,6,1,1.3593
6,1,3,3,19,2,6,1,1,0,5.838
6,1,3,3,20,2,4,5,4,1,2.0796
6,1,3,3,21,2,3,6,6,0,0.8325
6,1,3,3,22,2,2,4,2,1,1.4396
6,1,3,3,23,2,2,5,5,0,2.6193
6,1,3,3,24,2,1,5,1,1,2.1294
6,1,3,3,25,2,5,2,2,0,2.3998
6,1,3,3,26,2,2,3,2,1,5.8386
6,1,3,3,27,2,5,1,1,0,2.1175
6,1,3,3,28,2,6,1,6,1,1.0242
6,1,3,3,29,2,3,4,3,1,1.7559
6,1,3,3,30,2,1,6,1,1,1.2905
6,1,3,3,31,2,1,6,6,0,0.7318
6,1,3,3,32,2,6,2,2,0,1.2794
6,1,3,3,33,2,4,1,1,0,1.5324
6,1,3,3,34,2,1,5,5,0,1.8548
6,1,3,3,35,2,6,5,6,1,0.7564
6,1,3,3,36,2,3,2,2,0,2.603
6,1,3,3,37,2,2,6,2,1,1.3625
6,1,3,3,38,2,3,1,3,1,1.216
6,1,3,3,39,2,2,6,2,1,1.4448
6,1,3,3,40,2,4,1,4,1,4.0153
6,1,3,3,41,2,5,1,1,0,2.1921
6,1,3,3,42,2,4,3,4,1,4.4551
6,1,3,3,43,2,6,1,6,1,4.1029
6,1,3,3,44,2,4,6,6,0,1.748
6,1,3,3,45,2,2,4,2,1,1.6776
6,1,3,3,46,2,1,4,1,1,1.2154
6,1,3,3,47,2,5,4,5,1,2.1796
6,1,3,3,48,2,6,1,6,1,0.8799
6,1,3,3,49,2,2,3,2,1,1.4579
6,1,3,3,50,2,1,6,6,0,0.908
6,1,3,4,1,6,5,,2,0,1.2537
6,1,3,4,2,6,5,,5,1,1.4278
6,1,3,4,3,6,1,,4,0,1.1991
6,1,3,4,4,6,2,,3,0,1.1514
6,1,3,4,5,6,1,,2,0,1.4412
6,1,3,4,6,6,6,,2,0,1.2399
6,1,3,4,7,6,3,,5,0,1.5586
6,1,3,4,8,6,3,,3,1,1.3203
6,1,3,4,9,6,3,,4,0,1.3994
6,1,3,4,10,6,6,,1,0,1.0082
6,1,3,4,11,6,2,,2,1,1.64
6,1,3,4,12,6,6,,5,0,1.4829
6,1,3,4,13,6,3,,1,0,1.1678
6,1,3,4,14,6,4,,2,0,2.5454
6,1,3,4,15,6,1,,3,0,0.9857
6,1,3,4,16,6,1,,1,1,1.5714
6,1,3,4,17,6,2,,6,0,0.9692
6,1,3,4,18,6,5,,5,1,1.4109
6,1,3,4,19,6,5,,2,0,1.2316
6,1,3,4,20,6,5,,6,0,0.9736
6,1,3,4,21,6,6,,4,0,1.9119
6,1,3,4,22,6,1,,2,0,2.4105
6,1,3,4,23,6,6,,6,1,1.3694
6,1,3,4,24,6,6,,5,0,1.5434
6,1,3,4,25,6,6,,6,1,0.6489
6,1,3,4,26,6,3,,6,0,2.6286
6,1,3,4,27,6,2,,2,1,1.5138
6,1,3,4,28,6,5,,3,0,3.4743
6,1,3,4,29,6,3,,4,0,2.5176
6,1,3,4,30,6,2,,6,0,1.4877
6,1,3,4,31,6,1,,2,0,0.9797
6,1,3,4,32,6,1,,1,1,0.6857
6,1,3,4,33,6,6,,6,1,0.9993
6,1,3,4,34,6,2,,5,0,4.2606
6,1,3,4,35,6,4,,6,0,1.2875
6,1,3,4,36,6,4,,1,0,1.2197
6,1,3,4,37,6,2,,4,0,1.6675
6,1,3,4,38,6,4,,6,0,5.7283
6,1,3,4,39,6,4,,6,0,0.934
6,1,3,4,40,6,3,,3,1,5.2661
6,1,3,4,41,6,6,,6,1,0.9118
6,1,3,4,42,6,5,,6,0,0.8481
6,1,3,4,43,6,1,,2,0,1.1186
6,1,3,4,44,6,4,,6,0,0.6418
6,1,3,4,45,6,6,,6,1,1.337
6,1,3,4,46,6,3,,2,0,4.8246
6,1,3,4,47,6,5,,5,1,3.2674
6,1,3,4,48,6,4,,2,0,1.0591
6,1,3,4,49,6,4,,4,1,5.9133
6,1,3,4,50,6,2,,3,0,4.5395
6,1,4,1,1,6,2,,2,1,1.1939
6,1,4,1,2,6,5,,1,0,1.5675
6,1,4,1,3,6,6,,6,1,0.7685
6,1,4,1,4,6,3,,3,1,1.2877
6,1,4,1,5,6,1,,5,0,1.1607
6,1,4,1,6,6,6,,6,1,0.8744
6,1,4,1,7,6,6,,3,0,1.2134
6,1,4,1,8,6,4,,6,0,0.828
6,1,4,1,9,6,6,,6,1,0.619
6,1,4,1,10,6,1,,6,0,1.528
6,1,4,1,11,6,5,,2,0,1.3233
6,1,4,1,12,6,4,,6,0,1.1429
6,1,4,1,13,6,6,,5,0,0.8893
6,1,4,1,14,6,3,,1,0,2.0697
6,1,4,1,15,6,5,,2,0,1.49
6,1,4,1,16,6,6,,2,0,1.3028
6,1,4,1,17,6,5,,6,0,0.7386
6,1,4,1,18,6,2,,3,0,1.0621
6,1,4,1,19,6,4,,6,0,0.7954
6,1,4,1,20,6,3,,1,0,1.6928
6,1,4,1,21,6,5,,5,1,1.0806
6,1,4,1,22,6,5,,6,0,0.8015
6,1,4,1,23,6,2,,6,0,0.6592
6,1,4,1,24,6,6,,6,1,0.5841
6,1,4,1,25,6,4,,2,0,1.2075
6,1,4,1,26,6,3,,3,1,1.6711
6,1,4,1,27,6,4,,4,1,1.1928
6,1,4,1,28,6,4,,5,0,1.9822
6,1,4,1,29,6,1,,1,1,1.4067
6,1,4,1,30,6,1,,4,0,1.3389
6,1,4,1,31,6,4,,6,0,1.1262
6,1,4,1,32,6,2,,2,1,1.6408
6,1,4,1,33,6,1,,3,0,1.4364
6,1,4,1,34,6,1,,6,0,0.7389
6,1,4,1,35,6,6,,6,1,0.8213
6,1,4,1,36,6,6,,6,1,0.8903
6,1,4,1,37,6,3,,6,0,0.8275
6,1,4,1,38,6,2,,3,0,1.8678
6,1,4,1,39,6,6,,6,1,0.8004
6,1,4,1,40,6,3,,3,1,1.2378
6,1,4,1,41,6,2,,6,0,1.0654
6,1,4,1,42,6,5,,1,0,1.7111
6,1,4,1,43,6,5,,3,0,1.4504
6,1,4,1,44,6,1,,6,0,1.1204
6,1,4,1,45,6,2,,1,0,1.4443
6,1,4,1,46,6,1,,3,0,1.3701
6,1,4,1,47,6,2,,2,1,1.0595
6,1,4,1,48,6,4,,6,0,0.8308
6,1,4,1,49,6,3,,2,0,1.0063
6,1,4,1,50,6,3,,2,0,0.9661
6,1,4,2,1,2,4,6,6,0,1.2287
6,1,4,2,2,2,4,3,4,1,2.0276
6,1,4,2,3,2,6,5,6,1,0.8945
6,1,4,2,4,2,2,4,2,1,1.791
6,1,4,2,5,2,3,2,2,0,1.2435
6,1,4,2,6,2,1,5,5,0,1.3858
6,1,4,2,7,2,4,2,2,0,1.2344
6,1,4,2,8,2,5,6,6,0,1.6018
6,1,4,2,9,2,5,2,2,0,1.5056
6,1,4,2,10,2,2,4,2,1,1.0613
6,1,4,2,11,2,2,3,2,1,0.8802
6,1,4,2,12,2,3,2,3,1,1.5539
6,1,4,2,13,2,5,3,5,1,2.2646
6,1,4,2,14,2,3,5,3,1,1.7936
6,1,4,2,15,2,6,4,4,0,1.8857
6,1,4,2,16,2,5,1,1,0,2.3061
6,1,4,2,17,2,6,3,3,0,2.6444
6,1,4,2,18,2,5,2,2,0,1.2731
6,1,4,2,19,2,1,4,4,0,2.0069
6,1,4,2,20,2,2,4,2,1,1.2376
6,1,4,2,21,2,3,4,3,1,1.4492
6,1,4,2,22,2,5,3,5,1,1.5392
6,1,4,2,23,2,6,4,6,1,1.8016
6,1,4,2,24,2,3,6,6,0,1.4145
6,1,4,2,25,2,4,6,4,1,1.8855
6,1,4,2,26,2,6,1,6,1,1.3183
6,1,4,2,27,2,6,4,4,0,1.9268
6,1,4,2,28,2,5,1,1,0,1.609
6,1,4,2,29,2,6,4,6,1,1.2083
6,1,4,2,30,2,1,6,1,1,1.4204
6,1,4,2,31,2,1,2,1,1,1.2402
6,1,4,2,32,2,1,6,6,0,1.211
6,1,4,2,33,2,4,6,4,1,2.3789
6,1,4,2,34,2,4,2,4,1,1.375
6,1,4,2,35,2,4,2,2,0,1.8845
6,1,4,2,36,2,2,4,2,1,1.1845
6,1,4,2,37,2,4,6,6,0,1.174
6,1,4,2,38,2,1,6,1,1,1.5911
6,1,4,2,39,2,3,6,3,1,1.6763
6,1,4,2,40,2,2,3,2,1,1.5498
6,1,4,2,41,2,1,2,1,1,1.668
6,1,4,2,42,2,1,4,4,0,2.0222
6,1,4,2,43,2,6,5,6,1,1.077
6,1,4,2,44,2,6,2,2,0,1.5346
6,1,4,2,45,2,3,6,3,1,1.9854
6,1,4,2,46,2,6,2,2,0,1.366
6,1,4,2,47,2,2,1,2,1,1.1834
6,1,4,2,48,2,5,1,1,0,1.3009
6,1,4,2,49,2,2,3,2,1,1.2651
6,1,4,2,50,2,3,2,2,0,1.4753
6,1,4,3,1,6,6,,3,0,1.8933
6,1,4,3,2,6,1,,6,0,1.256
6,1,4,3,3,6,5,,2,0,1.11
6,1,4,3,4,6,6,,6,1,0.6817
6,1,4,3,5,6,5,,3,0,1.8917
6,1,4,3,6,6,3,,3,1,1.5117
6,1,4,3,7,6,1,,2,0,1.3755
6,1,4,3,8,6,4,,4,1,1.6082
6,1,4,3,9,6,6,,6,1,0.8915
6,1,4,3,10,6,5,,3,0,1.0541
6,1,4,3,11,6,6,,4,0,1.9882
6,1,4,3,12,6,2,,1,0,1.1882
6,1,4,3,13,6,3,,3,1,1.1725
6,1,4,3,14,6,1,,1,1,1.0348
6,1,4,3,15,6,3,,4,0,1.1257
6,1,4,3,16,6,3,,6,0,0.7615
6,1,4,3,17,6,6,,6,1,0.5842
6,1,4,3,18,6,6,,1,0,1.2894
6,1,4,3,19,6,4,,3,0,1.5103
6,1,4,3,20,6,3,,3,1,1.1457
6,1,4,3,21,6,2,,6,0,1.201
6,1,4,3,22,6,4,,3,0,1.7131
6,1,4,3,23,6,1,,6,0,0.8922
6,1,4,3,24,6,6,,6,1,1.225
6,1,4,3,25,6,2,,2,1,1.0687
6,1,4,3,26,6,6,,6,1,1.0308
6,1,4,3,27,6,2,,6,0,0.9624
6,1,4,3,28,6,5,,5,1,1.1805
6,1,4,3,29,6,6,,6,1,1.0898
6,1,4,3,30,6,3,,3,1,1.4351
6,1,4,3,31,6,4,,4,1,1.1906
6,1,4,3,32,6,6,,2,0,1.4354
6,1,4,3,33,6,4,,4,1,1.6017
6,1,4,3,34,6,2,,2,1,1.478
6,1,4,3,35,6,4,,2,0,1.6166
6,1,4,3,36,6,5,,5,1,1.6632
6,1,4,3,37,6,1,,2,0,1.6811
6,1,4,3,38,6,4,,2,0,2.4291
6,1,4,3,39,6,3,,6,0,1.3397
6,1,4,3,40,6,2,,4,0,1.1897
6,1,4,3,41,6,1,,1,1,1.5105
6,1,4,3,42,6,1,,1,1,0.9906
6,1,4,3,43,6,4,,6,0,0.5877
6,1,4,3,44,6,5,,2,0,1.253
6,1,4,3,45,6,5,,5,1,1.1864
6,1,4,3,46,6,3,,6,0,0.8718
6,1,4,3,47,6,5,,3,0,1.3987
6,1,4,3,48,6,2,,1,0,1.3266
6,1,4,3,49,6,1,,4,0,3.4014
6,1,4,3,50,6,2,,2,1,1.3595
6,1,4,4,1,2,5,2,5,1,3.2901
6,1,4,4,2,2,2,1,1,0,1.4331
6,1,4,4,3,2,4,1,4,1,1.3917
6,1,4,4,4,2,4,3,3,0,1.2455
6,1,4,4,5,2,2,4,2,1,1.1793
6,1,4,4,6,2,5,2,5,1,2.2251
6,1,4,4,7,2,2,4,2,1,1.164
6,1,4,4,8,2,5,4,4,0,2.2906
6,1,4,4,9,2,4,3,3,0,1.3977
6,1,4,4,10,2,6,1,6,1,1.3576
6,1,4,4,11,2,2,1,2,1,1.6756
6,1,4,4,12,2,3,1,3,1,1.2932
6,1,4,4,13,2,6,2,6,1,1.0864
6,1,4,4,14,2,3,2,3,1,1.4631
6,1,4,4,15,2,4,2,2,0,1.6175
6,1,4,4,16,2,1,2,2,0,1.1205
6,1,4,4,17,2,2,3,2,1,1.3164
6,1,4,4,18,2,4,5,4,1,1.3645
6,1,4,4,19,2,3,5,5,0,2.0343
6,1,4,4,20,2,1,4,1,1,1.3755
6,1,4,4,21,2,6,5,6,1,0.877
6,1,4,4,22,2,3,4,3,1,1.7915
6,1,4,4,23,2,2,6,2,1,1.2595
6,1,4,4,24,2,5,6,6,0,1.4064
6,1,4,4,25,2,4,1,4,1,1.7179
6,1,4,4,26,2,6,2,6,1,0.8694
6,1,4,4,27,2,3,5,5,0,2.616
6,1,4,4,28,2,2,6,6,0,1.8219
6,1,4,4,29,2,1,6,1,1,1.6364
6,1,4,4,30,2,1,2,1,1,0.9669
6,1,4,4,31,2,5,4,4,0,2.4695
6,1,4,4,32,2,4,6,6,0,1.3934
6,1,4,4,33,2,6,4,6,1,0.8734
6,1,4,4,34,2,5,4,4,0,1.5482
6,1,4,4,35,2,4,3,4,1,2.7014
6,1,4,4,36,2,5,6,5,1,2.388
6,1,4,4,37,2,5,2,2,0,1.689
6,1,4,4,38,2,1,4,1,1,1.7805
6,1,4,4,39,2,3,5,3,1,1.5692
6,1,4,4,40,2,1,4,1,1,1.5113
6,1,4,4,41,2,3,5,3,1,1.5829
6,1,4,4,42,2,6,2,6,1,1.1243
6,1,4,4,43,2,2,1,1,0,1.4525
6,1,4,4,44,2,1,3,3,0,1.8896
6,1,4,4,45,2,1,4,1,1,1.3812
6,1,4,4,46,2,6,2,6,1,0.8825
6,1,4,4,47,2,6,5,6,1,0.948
6,1,4,4,48,2,6,2,6,1,0.6594
6,1,4,4,49,2,6,3,6,1,0.7669
6,1,4,4,50,2,3,6,6,0,1.1736
6,1,5,1,1,2,6,1,6,1,1.406
6,1,5,1,2,2,6,3,6,1,0.9386
6,1,5,1,3,2,2,6,2,1,1.0827
6,1,5,1,4,2,3,2,2,0,1.8763
6,1,5,1,5,2,1,3,3,0,1.9929
6,1,5,1,6,2,3,6,6,0,1.1123
6,1,5,1,7,2,6,2,6,1,0.7802
6,1,5,1,8,2,1,2,1,1,2.258
6,1,5,1,9,2,1,4,4,0,2.1074
6,1,5,1,10,2,4,6,4,1,2.119
6,1,5,1,11,2,5,4,4,0,2.0544
6,1,5,1,12,2,2,5,2,1,1.2986
6,1,5,1,13,2,2,4,4,0,2.2274
6,1,5,1,14,2,4,1,1,0,1.4337
6,1,5,1,15,2,1,2,2,0,2.1923
6,1,5,1,16,2,5,1,5,1,0.9998
6,1,5,1,17,2,1,6,1,1,1.1878
6,1,5,1,18,2,3,5,5,0,2.0731
6,1,5,1,19,2,5,3,5,1,0.9502
6,1,5,1,20,2,4,2,4,1,1.4134
6,1,5,1,21,2,6,5,6,1,0.9289
6,1,5,1,22,2,2,1,2,1,1.1368
6,1,5,1,23,2,4,6,4,1,1.5922
6,1,5,1,24,2,6,5,6,1,1.0843
6,1,5,1,25,2,6,4,4,0,2.0225
6,1,5,1,26,2,3,5,3,1,1.4922
6,1,5,1,27,2,4,3,4,1,1.8209
6,1,5,1,28,2,2,5,5,0,2.3443
6,1,5,1,29,2,6,1,6,1,0.9695
6,1,5,1,30,2,4,2,2,0,1.9439
6,1,5,1,31,2,5,6,6,0,1.2096
6,1,5,1,32,2,4,5,4,1,4.1365
6,1,5,1,33,2,3,2,3,1,1.1725
6,1,5,1,34,2,2,5,2,1,1.243
6,1,5,1,35,2,6,2,6,1,1.1821
6,1,5,1,36,2,5,4,4,0,1.7794
6,1,5,1,37,2,1,6,1,1,1.3395
6,1,5,1,38,2,2,4,2,1,1.7228
6,1,5,1,39,2,1,3,1,1,1.1458
6,1,5,1,40,2,5,1,1,0,1.3774
6,1,5,1,41,2,6,3,6,1,1.1454
6,1,5,1,42,2,1,5,1,1,1.4887
6,1,5,1,43,2,5,6,6,0,1.946
6,1,5,1,44,2,3,4,4,0,1.5155
6,1,5,1,45,2,6,5,6,1,1.2788
6,1,5,1,46,2,4,1,1,0,1.5845
6,1,5,1,47,2,3,5,3,1,1.5852
6,1,5,1,48,2,5,3,5,1,1.8939
6,1,5,1,49,2,3,1,3,1,1.5823
6,1,5,1,50,2,2,3,2,1,1.5873
6,1,5,2,1,6,5,,2,0,1.269
6,1,5,2,2,6,2,,2,1,1.1225
6,1,5,2,3,6,5,,1,0,1.2101
6,1,5,2,4,6,1,,2,0,1.178
6,1,5,2,5,6,4,,4,1,1.1795
6,1,5,2,6,6,4,,4,1,1.7608
6,1,5,2,7,6,5,,2,0,1.0552
6,1,5,2,8,6,3,,6,0,0.8365
6,1,5,2,9,6,3,,2,0,1.0287
6,1,5,2,10,6,1,,4,0,1.3559
6,1,5,2,11,6,4,,3,0,2.117
6,1,5,2,12,6,1,,6,0,0.7194
6,1,5,2,13,6,6,,1,0,1.572
6,1,5,2,14,6,4,,2,0,0.9962
6,1,5,2,15,6,6,,6,1,0.8451
6,1,5,2,16,6,2,,2,1,1.0399
6,1,5,2,17,6,1,,6,0,0.6033
6,1,5,2,18,6,5,,6,0,1.1716
6,1,5,2,19,6,5,,5,1,1.4936
6,1,5,2,20,6,4,,6,0,0.9743
6,1,5,2,21,6,4,,2,0,0.8554
6,1,5,2,22,6,6,,5,0,0.9657
6,1,5,2,23,6,5,,1,0,1.6952
6,1,5,2,24,6,5,,6,0,0.5843
6,1,5,2,25,6,1,,2,0,1.333
6,1,5,2,26,6,4,,1,0,1.6475
6,1,5,2,27,6,6,,6,1,0.8764
6,1,5,2,28,6,3,,4,0,1.4228
6,1,5,2,29,6,6,,6,1,0.7888
6,1,5,2,30,6,3,,1,0,1.3076
6,1,5,2,31,6,6,,6,1,0.9189
6,1,5,2,32,6,3,,2,0,1.2711
6,1,5,2,33,6,1,,1,1,2.5012
6,1,5,2,34,6,1,,1,1,0.8364
6,1,5,2,35,6,2,,6,0,1.0798
6,1,5,2,36,6,2,,6,0,1.5655
6,1,5,2,37,6,2,,6,0,0.8461
6,1,5,2,38,6,2,,2,1,1.1009
6,1,5,2,39,6,6,,6,1,0.8378
6,1,5,2,40,6,5,,5,1,0.937
6,1,5,2,41,6,6,,4,0,2.0252
6,1,5,2,42,6,2,,1,0,1.2712
6,1,5,2,43,6,6,,5,0,1.0598
6,1,5,2,44,6,1,,2,0,1.3694
6,1,5,2,45,6,3,,2,0,1.1706
6,1,5,2,46,6,3,,6,0,0.9165
6,1,5,2,47,6,2,,1,0,1.2477
6,1,5,2,48,6,4,,4,1,1.15
6,1,5,2,49,6,3,,1,0,1.221
6,1,5,2,50,6,6,,6,1,0.7712
6,1,5,3,1,2,5,4,4,0,2.471
6,1,5,3,2,2,6,5,6,1,1.267
6,1,5,3,3,2,3,2,3,1,1.9725
6,1,5,3,4,2,3,5,3,1,1.0819
6,1,5,3,5,2,5,6,6,0,1.3797
6,1,5,3,6,2,5,1,5,1,2.6047
6,1,5,3,7,2,2,5,2,1,1.4163
6,1,5,3,8,2,5,1,1,0,1.6043
6,1,5,3,9,2,2,6,2,1,1.1549
6,1,5,3,10,2,1,5,1,1,1.8022
6,1,5,3,11,2,4,6,4,1,3.5267
6,1,5,3,12,2,5,4,5,1,1.0524
6,1,5,3,13,2,1,4,1,1,2.183
6,1,5,3,14,2,6,1,1,0,1.2833
6,1,5,3,15,2,6,1,6,1,1.6483
6,1,5,3,16,2,5,3,5,1,1.7791
6,1,5,3,17,2,2,5,2,1,1.1199
6,1,5,3,18,2,4,3,3,0,1.496
6,1,5,3,19,2,4,6,4,1,1.42
6,1,5,3,20,2,4,6,6,0,1.0001
6,1,5,3,21,2,6,5,6,1,1.5687
6,1,5,3,22,2,1,4,4,0,1.5419
6,1,5,3,23,2,3,6,3,1,1.592
6,1,5,3,24,2,3,2,3,1,1.2767
6,1,5,3,25,2,4,1,4,1,1.3902
6,1,5,3,26,2,4,6,6,0,1.6273
6,1,5,3,27,2,3,6,3,1,1.6742
6,1,5,3,28,2,4,3,4,1,1.5313
6,1,5,3,29,2,1,6,1,1,1.3783
6,1,5,3,30,2,3,4,3,1,1.744
6,1,5,3,31,2,6,1,6,1,1.0063
6,1,5,3,32,2,2,4,2,1,1.6903
6,1,5,3,33,2,1,3,1,1,1.4515
6,1,5,3,34,2,2,1,2,1,1.5734
6,1,5,3,35,2,2,4,2,1,1.0986
6,1,5,3,36,2,3,4,3,1,1.4278
6,1,5,3,37,2,4,1,4,1,1.279
6,1,5,3,38,2,2,3,2,1,1.3759
6,1,5,3,39,2,3,4,3,1,1.8065
6,1,5,3,40,2,6,1,6,1,0.9536
6,1,5,3,41,2,6,4,6,1,2.3126
6,1,5,3,42,2,1,2,1,1,1.1037
6,1,5,3,43,2,5,3,5,1,1.7839
6,1,5,3,44,2,2,4,2,1,1.6051
6,1,5,3,45,2,1,2,1,1,1.7377
6,1,5,3,46,2,1,2,1,1,1.4156
6,1,5,3,47,2,6,1,6,1,1.284
6,1,5,3,48,2,6,5,5,0,1.8614
6,1,5,3,49,2,6,5,5,0,3.8346
6,1,5,3,50,2,5,6,6,0,1.1501
6,1,5,4,1,6,4,,1,0,1.4378
6,1,5,4,2,6,2,,2,1,0.996
6,1,5,4,3,6,6,,3,0,4.1294
6,1,5,4,4,6,3,,3,1,1.4808
6,1,5,4,5,6,4,,2,0,1.2504
6,1,5,4,6,6,3,,2,0,0.8963
6,1,5,4,7,6,6,,6,1,1.1012
6,1,5,4,8,6,6,,6,1,0.5842
6,1,5,4,9,6,5,,2,0,1.1077
6,1,5,4,10,6,6,,6,1,0.7275
6,1,5,4,11,6,1,,1,1,1.4879
6,1,5,4,12,6,4,,2,0,1.0334
6,1,5,4,13,6,4,,2,0,1.0566
6,1,5,4,14,6,2,,2,1,1.014
6,1,5,4,15,6,1,,2,0,0.9629
6,1,5,4,16,6,3,,3,1,1.2925
6,1,5,4,17,6,1,,1,1,1.3257
6,1,5,4,18,6,5,,4,0,1.5487
6,1,5,4,19,6,6,,2,0,1.2464
6,1,5,4,20,6,2,,2,1,0.8121
6,1,5,4,21,6,3,,6,0,0.881
6,1,5,4,22,6,5,,6,0,1.1025
6,1,5,4,23,6,4,,6,0,1.1063
6,1,5,4,24,6,1,,6,0,0.5841
6,1,5,4,25,6,3,,3,1,1.9192
6,1,5,4,26,6,6,,6,1,0.6619
6,1,5,4,27,6,4,,2,0,0.9769
6,1,5,4,28,6,1,,6,0,0.8585
6,1,5,4,29,6,3,,6,0,1.0966
6,1,5,4,30,6,2,,2,1,1.0371
6,1,5,4,31,6,3,,3,1,1.2247
6,1,5,4,32,6,2,,2,1,1.3244
6,1,5,4,33,6,2,,4,0,1.1956
6,1,5,4,34,6,6,,6,1,1.0199
6,1,5,4,35,6,1,,2,0,1.2879
6,1,5,4,36,6,6,,6,1,1.3007
6,1,5,4,37,6,5,,1,0,1.7173
6,1,5,4,38,6,2,,2,1,1.3442
6,1,5,4,39,6,2,,2,1,0.9426
6,1,5,4,40,6,3,,2,0,0.9262
6,1,5,4,41,6,6,,6,1,0.6175
6,1,5,4,42,6,4,,3,0,1.2543
6,1,5,4,43,6,5,,2,0,1.4754
6,1,5,4,44,6,5,,6,0,0.6321
6,1,5,4,45,6,1,,5,0,1.3437
6,1,5,4,46,6,1,,6,0,0.9213
6,1,5,4,47,6,5,,1,0,1.1253
6,1,5,4,48,6,4,,3,0,1.016
6,1,5,4,49,6,6,,6,1,0.6559
6,1,5,4,50,6,5,,6,0,0.9236
6,2,1,1,1,6,1,,2,0,1.726
6,2,1,1,2,6,5,,1,0,1.4961
6,2,1,1,3,6,2,,2,1,1.437
6,2,1,1,4,6,6,,6,1,0.9359
6,2,1,1,5,6,3,,5,0,1.0486
6,2,1,1,6,6,1,,6,0,0.8296
6,2,1,1,7,6,4,,4,1,1.6305
6,2,1,1,8,6,6,,6,1,0.801
6,2,1,1,9,6,5,,5,1,1.0617
6,2,1,1,10,6,1,,1,1,1.426
6,2,1,1,11,6,1,,2,0,1.7099
6,2,1,1,12,6,2,,2,1,1.4007
6,2,1,1,13,6,6,,6,1,0.8377
6,2,1,1,14,6,3,,3,1,1.4171
6,2,1,1,15,6,1,,1,1,1.5091
6,2,1,1,16,6,6,,6,1,0.7989
6,2,1,1,17,6,3,,4,0,1.3952
6,2,1,1,18,6,4,,5,0,1.4201
6,2,1,1,19,6,2,,2,1,1.3006
6,2,1,1,20,6,6,,6,1,0.8685
6,2,1,1,21,6,2,,1,0,1.3987
6,2,1,1,22,6,2,,2,1,1.1199
6,2,1,1,23,6,5,,6,0,0.9351
6,2,1,1,24,6,6,,6,1,0.7713
6,2,1,1,25,6,1,,2,0,1.4977
6,2,1,1,26,6,6,,6,1,0.7808
6,2,1,1,27,6,6,,1,0,1.3643
6,2,1,1,28,6,5,,3,0,1.4525
6,2,1,1,29,6,3,,3,1,1.3788
6,2,1,1,30,6,3,,5,0,0.977
6,2,1,1,31,6,2,,2,1,1.4354
6,2,1,1,32,6,5,,5,1,1.4939
6,2,1,1,33,6,5,,6,0,1.215
6,2,1,1,34,6,1,,3,0,1.5515
6,2,1,1,35,6,2,,2,1,1.2485
6,2,1,1,36,6,4,,6,0,0.9645
6,2,1,1,37,6,6,,5,0,1.294
6,2,1,1,38,6,5,,3,0,1.5304
6,2,1,1,39,6,1,,5,0,1.2293
6,2,1,1,40,6,3,,2,0,1.1328
6,2,1,1,41,6,5,,6,0,0.8307
6,2,1,1,42,6,4,,3,0,2.0142
6,2,1,1,43,6,4,,2,0,1.5016
6,2,1,1,44,6,6,,6,1,0.7532
6,2,1,1,45,6,3,,2,0,1.2093
6,2,1,1,46,6,4,,2,0,1.257
6,2,1,1,47,6,3,,2,0,1.6243
6,2,1,1,48,6,4,,2,0,1.1585
6,2,1,1,49,6,2,,6,0,1.1612
6,2,1,1,50,6,4,,2,0,1.0523
6,2,1,2,1,2,4,5,5,0,2.1752
6,2,1,2,2,2,5,4,4,0,1.4636
6,2,1,2,3,2,3,6,3,1,1.9972
6,2,1,2,4,2,1,4,1,1,2.0014
6,2,1,2,5,2,2,1,2,1,1.6223
6,2,1,2,6,2,1,4,1,1,1.3059
6,2,1,2,7,2,5,1,5,1,1.6748
6,2,1,2,8,2,2,1,2,1,1.7239
6,2,1,2,9,2,3,2,3,1,1.612
6,2,1,2,10,2,6,2,6,1,0.992
6,2,1,2,11,2,3,6,3,1,1.7105
6,2,1,2,12,2,4,1,1,0,1.5662
6,2,1,2,13,2,6,4,6,1,1.4552
6,2,1,2,14,2,4,6,4,1,1.4344
6,2,1,2,15,2,3,2,2,0,1.1899
6,2,1,2,16,2,3,1,1,0,1.2707
6,2,1,2,17,2,2,3,3,0,1.1729
6,2,1,2,18,2,1,3,1,1,1.5106
6,2,1,2,19,2,1,6,6,0,1.0069
6,2,1,2,20,2,2,4,2,1,1.2077
6,2,1,2,21,2,6,3,6,1,1.5646
6,2,1,2,22,2,5,6,5,1,1.7941
6,2,1,2,23,2,6,3,6,1,1.7742
6,2,1,2,24,2,2,3,3,0,1.6277
6,2,1,2,25,2,3,2,2,0,1.1463
6,2,1,2,26,2,6,3,6,1,0.861
6,2,1,2,27,2,5,1,1,0,1.2326
6,2,1,2,28,2,5,3,5,1,1.6953
6,2,1,2,29,2,6,2,2,0,1.5842
6,2,1,2,30,2,1,5,1,1,1.3128
6,2,1,2,31,2,6,4,6,1,1.2173
6,2,1,2,32,2,3,2,3,1,1.9727
6,2,1,2,33,2,2,6,6,0,1.2269
6,2,1,2,34,2,4,6,4,1,1.7865
6,2,1,2,35,2,5,3,3,0,1.3839
6,2,1,2,36,2,2,6,2,1,1.3758
6,2,1,2,37,2,6,2,6,1,0.9744
6,2,1,2,38,2,2,5,2,1,1.4204
6,2,1,2,39,2,1,5,5,0,1.1609
6,2,1,2,40,2,4,3,3,0,1.7858
6,2,1,2,41,2,4,5,5,0,1.859
6,2,1,2,42,2,1,2,2,0,1.4485
6,2,1,2,43,2,1,6,6,0,0.8787
6,2,1,2,44,2,6,1,1,0,1.2597
6,2,1,2,45,2,6,2,2,0,1.3693
6,2,1,2,46,2,4,5,4,1,1.3309
6,2,1,2,47,2,5,6,6,0,1.0275
6,2,1,2,48,2,4,3,4,1,1.5301
6,2,1,2,49,2,3,4,3,1,2.2253
6,2,1,2,50,2,5,3,5,1,1.0838
6,2,1,3,1,6,5,,2,0,1.3646
6,2,1,3,2,6,1,,6,0,0.7972
6,2,1,3,3,6,6,,2,0,1.2307
6,2,1,3,4,6,2,,4,0,1.0847
6,2,1,3,5,6,4,,4,1,1.1696
6,2,1,3,6,6,3,,5,0,1.337
6,2,1,3,7,6,4,,2,0,1.252
6,2,1,3,8,6,4,,6,0,1.0731
6,2,1,3,9,6,6,,6,1,0.9355
6,2,1,3,10,6,5,,3,0,1.3673
6,2,1,3,11,6,6,,6,1,0.8495
6,2,1,3,12,6,4,,6,0,0.8515
6,2,1,3,13,6,2,,3,0,1.3471
6,2,1,3,14,6,6,,2,0,1.1972
6,2,1,3,15,6,5,,6,0,1.0057
6,2,1,3,16,6,3,,2,0,1.1742
6,2,1,3,17,6,3,,1,0,2.0548
6,2,1,3,18,6,6,,6,1,0.9003
6,2,1,3,19,6,2,,2,1,1.254
6,2,1,3,20,6,1,,1,1,1.3848
6,2,1,3,21,6,1,,2,0,1.3498
6,2,1,3,22,6,4,,1,0,1.6491
6,2,1,3,23,6,3,,2,0,1.4222
6,2,1,3,24,6,4,,5,0,1.8307
6,2,1,3,25,6,2,,6,0,1.1168
6,2,1,3,26,6,1,,2,0,1.1995
6,2,1,3,27,6,2,,6,0,0.7835
6,2,1,3,28,6,1,,2,0,1.1219
6,2,1,3,29,6,4,,2,0,1.4287
6,2,1,3,30,6,1,,3,0,1.4201
6,2,1,3,31,6,5,,4,0,1.4116
6,2,1,3,32,6,3,,2,0,1.1944
6,2,1,3,33,6,2,,1,0,1.4509
6,2,1,3,34,6,5,,5,1,1.3131
6,2,1,3,35,6,6,,6,1,1.1692
6,2,1,3,36,6,3,,2,0,1.2549
6,2,1,3,37,6,5,,6,0,1.0293
6,2,1,3,38,6,2,,5,0,1.2613
6,2,1,3,39,6,1,,1,1,1.2433
6,2,1,3,40,6,6,,2,0,1.1016
6,2,1,3,41,6,2,,2,1,1.2195
6,2,1,3,42,6,1,,3,0,2.5508
6,2,1,3,43,6,6,,5,0,1.1191
6,2,1,3,44,6,3,,2,0,1.2195
6,2,1,3,45,6,4,,1,0,1.3472
6,2,1,3,46,6,3,,1,0,1.0699
6,2,1,3,47,6,5,,5,1,0.9626
6,2,1,3,48,6,5,,5,1,0.8654
6,2,1,3,49,6,6,,1,0,1.1882
6,2,1,3,50,6,6,,6,1,0.8379
6,2,1,4,1,2,4,5,5,0,1.7344
6,2,1,4,2,2,1,3,3,0,2.0007
6,2,1,4,3,2,4,5,5,0,1.6649
6,2,1,4,4,2,1,4,1,1,1.341
6,2,1,4,5,2,6,1,6,1,1.1491
6,2,1,4,6,2,2,6,6,0,1.4273
6,2,1,4,7,2,1,4,4,0,3.323
6,2,1,4,8,2,6,4,6,1,1.3481
6,2,1,4,9,2,1,4,1,1,1.0585
6,2,1,4,10,2,3,4,3,1,1.7891
6,2,1,4,11,2,6,5,6,1,1.0027
6,2,1,4,12,2,6,3,3,0,2.4713
6,2,1,4,13,2,4,6,6,0,1.1396
6,2,1,4,14,2,4,3,4,1,1.5909
6,2,1,4,15,2,4,6,4,1,1.9328
6,2,1,4,16,2,5,1,5,1,2.1789
6,2,1,4,17,2,3,4,3,1,1.4724
6,2,1,4,18,2,2,4,2,1,1.7695
6,2,1,4,19,2,6,4,6,1,0.9519
6,2,1,4,20,2,5,4,5,1,1.3027
6,2,1,4,21,2,4,2,4,1,1.2718
6,2,1,4,22,2,4,5,4,1,2.0094
6,2,1,4,23,2,3,4,3,1,1.5815
6,2,1,4,24,2,1,4,4,0,1.5708
6,2,1,4,25,2,2,5,2,1,2.3077
6,2,1,4,26,2,2,3,3,0,1.7882
6,2,1,4,27,2,3,1,3,1,1.5882
6,2,1,4,28,2,5,3,5,1,1.033
6,2,1,4,29,2,2,4,4,0,1.3648
6,2,1,4,30,2,1,3,3,0,1.4544
6,2,1,4,31,2,2,3,2,1,1.6361
6,2,1,4,32,2,6,5,6,1,1.1121
6,2,1,4,33,2,6,4,4,0,1.4883
6,2,1,4,34,2,3,4,3,1,2.1007
6,2,1,4,35,2,5,3,5,1,1.2849
6,2,1,4,36,2,3,2,2,0,1.7337
6,2,1,4,37,2,2,3,3,0,2.3684
6,2,1,4,38,2,3,4,4,0,1.729
6,2,1,4,39,2,2,3,2,1,1.5472
6,2,1,4,40,2,3,2,2,0,1.4574
6,2,1,4,41,2,6,1,6,1,0.9513
6,2,1,4,42,2,5,3,5,1,1.4151
6,2,1,4,43,2,5,3,3,0,1.3792
6,2,1,4,44,2,1,2,1,1,1.5636
6,2,1,4,45,2,5,3,5,1,1.0735
6,2,1,4,46,2,5,2,2,0,2.2035
6,2,1,4,47,2,1,3,3,0,1.5875
6,2,1,4,48,2,6,2,6,1,1.0917
6,2,1,4,49,2,6,2,6,1,1.1008
6,2,1,4,50,2,4,5,4,1,1.5098
6,2,2,1,1,2,6,5,6,1,0.9632
6,2,2,1,2,2,6,3,6,1,1.5536
6,2,2,1,3,2,4,6,4,1,1.1926
6,2,2,1,4,2,3,6,6,0,1.8061
6,2,2,1,5,2,1,6,6,0,1.9736
6,2,2,1,6,2,4,6,4,1,1.4308
6,2,2,1,7,2,6,1,6,1,0.8337
6,2,2,1,8,2,1,4,4,0,1.894
6,2,2,1,9,2,4,5,4,1,1.4178
6,2,2,1,10,2,4,2,2,0,1.5267
6,2,2,1,11,2,4,5,5,0,1.5615
6,2,2,1,12,2,5,3,5,1,1.3222
6,2,2,1,13,2,6,5,6,1,1.3069
6,2,2,1,14,2,3,6,6,0,0.9878
6,2,2,1,15,2,2,6,2,1,1.1894
6,2,2,1,16,2,5,4,5,1,1.594
6,2,2,1,17,2,3,2,3,1,2.3671
6,2,2,1,18,2,5,2,5,1,1.0119
6,2,2,1,19,2,6,1,6,1,0.962
6,2,2,1,20,2,6,4,4,0,1.3114
6,2,2,1,21,2,6,3,6,1,0.8591
6,2,2,1,22,2,1,2,1,1,1.4866
6,2,2,1,23,2,3,5,3,1,1.3357
6,2,2,1,24,2,1,5,1,1,1.3191
6,2,2,1,25,2,4,6,6,0,1.2709
6,2,2,1,26,2,1,5,5,0,0.9651
6,2,2,1,27,2,6,4,4,0,1.2146
6,2,2,1,28,2,1,4,4,0,1.6943
6,2,2,1,29,2,2,3,3,0,1.6584
6,2,2,1,30,2,5,6,6,0,1.4637
6,2,2,1,31,2,2,3,2,1,1.3421
6,2,2,1,32,2,2,3,3,0,1.4207
6,2,2,1,33,2,5,2,5,1,0.9801
6,2,2,1,34,2,6,2,6,1,0.8349
6,2,2,1,35,2,3,1,3,1,1.3658
6,2,2,1,36,2,5,1,1,0,1.4447
6,2,2,1,37,2,4,1,4,1,1.2426
6,2,2,1,38,2,1,3,3,0,1.2784
6,2,2,1,39,2,1,6,6,0,1.4825
6,2,2,1,40,2,2,6,2,1,1.247
6,2,2,1,41,2,5,4,5,1,0.9471
6,2,2,1,42,2,6,4,6,1,1.5225
6,2,2,1,43,2,2,1,2,1,1.3057
6,2,2,1,44,2,2,4,4,0,1.4352
6,2,2,1,45,2,3,6,6,0,0.9942
6,2,2,1,46,2,4,5,4,1,1.2266
6,2,2,1,47,2,2,5,5,0,2.3186
6,2,2,1,48,2,5,3,5,1,0.945
6,2,2,1,49,2,3,1,3,1,1.7434
6,2,2,1,50,2,3,2,2,0,1.1822
6,2,2,2,1,6,4,,2,0,1.2924
6,2,2,2,2,6,4,,1,0,1.4328
6,2,2,2,3,6,1,,5,0,4.1929
6,2,2,2,4,6,2,,2,1,1.4444
6,2,2,2,5,6,4,,4,1,1.3434
6,2,2,2,6,6,5,,2,0,1.1196
6,2,2,2,7,6,4,,6,0,0.8513
6,2,2,2,8,6,4,,3,0,1.3622
6,2,2,2,9,6,5,,5,1,1.2583
6,2,2,2,10,6,3,,2,0,1.4066
6,2,2,2,11,6,1,,6,0,0.9987
6,2,2,2,12,6,3,,3,1,1.3111
6,2,2,2,13,6,1,,1,1,1.263
6,2,2,2,14,6,2,,2,1,1.3456
6,2,2,2,15,6,4,,5,0,1.1197
6,2,2,2,16,6,2,,2,1,1.2665
6,2,2,2,17,6,2,,6,0,0.853
6,2,2,2,18,6,3,,1,0,1.1726
6,2,2,2,19,6,6,,6,1,0.8542
6,2,2,2,20,6,1,,6,0,1.2419
6,2,2,2,21,6,1,,5,0,0.9827
6,2,2,2,22,6,4,,1,0,1.1534
6,2,2,2,23,6,3,,3,1,1.2355
6,2,2,2,24,6,6,,6,1,1.2227
6,2,2,2,25,6,6,,2,0,1.0673
6,2,2,2,26,6,5,,6,0,0.7519
6,2,2,2,27,6,3,,5,0,1.5228
6,2,2,2,28,6,3,,1,0,1.2874
6,2,2,2,29,6,6,,3,0,1.7323
6,2,2,2,30,6,6,,4,0,1.2941
6,2,2,2,31,6,5,,5,1,0.9382
6,2,2,2,32,6,2,,2,1,1.2582
6,2,2,2,33,6,3,,6,0,0.9086
6,2,2,2,34,6,5,,2,0,1.4639
6,2,2,2,35,6,6,,6,1,0.8779
6,2,2,2,36,6,6,,2,0,1.1513
6,2,2,2,37,6,5,,6,0,0.8183
6,2,2,2,38,6,6,,5,0,0.8985
6,2,2,2,39,6,5,,2,0,1.3753
6,2,2,2,40,6,1,,1,1,1.1107
6,2,2,2,41,6,6,,4,0,1.5835
6,2,2,2,42,6,2,,1,0,1.1996
6,2,2,2,43,6,1,,6,0,0.7199
6,2,2,2,44,6,5,,5,1,1.0928
6,2,2,2,45,6,4,,4,1,1.3263
6,2,2,2,46,6,2,,3,0,1.3744
6,2,2,2,47,6,1,,5,0,0.9515
6,2,2,2,48,6,2,,6,0,1.0088
6,2,2,2,49,6,3,,6,0,0.6487
6,2,2,2,50,6,6,,3,0,1.4555
6,2,2,3,1,2,4,1,1,0,1.4592
6,2,2,3,2,2,3,4,4,0,1.7693
6,2,2,3,3,2,2,5,2,1,1.2019
6,2,2,3,4,2,2,3,2,1,1.2065
6,2,2,3,5,2,4,5,5,0,1.0674
6,2,2,3,6,2,6,3,6,1,0.7851
6,2,2,3,7,2,5,1,5,1,1.7843
6,2,2,3,8,2,2,5,2,1,1.1239
6,2,2,3,9,2,2,5,2,1,1.2763
6,2,2,3,10,2,1,3,3,0,2.7184
6,2,2,3,11,2,3,4,3,1,1.2967
6,2,2,3,12,2,1,5,1,1,1.1207
6,2,2,3,13,2,4,5,4,1,1.1616
6,2,2,3,14,2,3,6,6,0,1.1036
6,2,2,3,15,2,2,1,2,1,1.4927
6,2,2,3,16,2,1,2,2,0,1.5329
6,2,2,3,17,2,4,3,4,1,1.4717
6,2,2,3,18,2,6,3,6,1,0.8256
6,2,2,3,19,2,6,5,5,0,2.6536
6,2,2,3,20,2,5,4,4,0,1.2984
6,2,2,3,21,2,5,2,2,0,1.2633
6,2,2,3,22,2,3,5,5,0,1.3566
6,2,2,3,23,2,4,2,2,0,1.254
6,2,2,3,24,2,6,2,6,1,0.9169
6,2,2,3,25,2,1,6,1,1,1.7814
6,2,2,3,26,2,6,5,5,0,1.4103
6,2,2,3,27,2,6,1,1,0,1.1612
6,2,2,3,28,2,1,5,1,1,0.8595
6,2,2,3,29,2,3,1,3,1,1.2782
6,2,2,3,30,2,6,4,6,1,1.1199
6,2,2,3,31,2,2,6,2,1,1.3673
6,2,2,3,32,2,4,5,4,1,1.1732
6,2,2,3,33,2,1,2,1,1,1.3881
6,2,2,3,34,2,6,1,6,1,1.2577
6,2,2,3,35,2,6,3,6,1,0.7966
6,2,2,3,36,2,4,6,4,1,1.4577
6,2,2,3,37,2,6,2,6,1,0.7957
6,2,2,3,38,2,2,4,2,1,1.3298
6,2,2,3,39,2,5,6,5,1,1.3293
6,2,2,3,40,2,1,3,3,0,1.7767
6,2,2,3,41,2,3,6,3,1,1.6089
6,2,2,3,42,2,1,3,3,0,1.4371
6,2,2,3,43,2,2,6,2,1,1.1716
6,2,2,3,44,2,3,6,3,1,1.1778
6,2,2,3,45,2,5,4,5,1,1.4562
6,2,2,3,46,2,5,4,4,0,1.7058
6,2,2,3,47,2,5,3,3,0,1.2859
6,2,2,3,48,2,4,1,4,1,1.3312
6,2,2,3,49,2,3,2,3,1,1.4098
6,2,2,3,50,2,5,6,5,1,2.1584
6,2,2,4,1,6,2,,2,1,1.4508
6,2,2,4,2,6,5,,5,1,0.9493
6,2,2,4,3,6,6,,1,0,1.1557
6,2,2,4,4,6,5,,2,0,1.0784
6,2,2,4,5,6,6,,4,0,1.3398
6,2,2,4,6,6,1,,2,0,1.109
6,2,2,4,7,6,4,,1,0,1.273
6,2,2,4,8,6,2,,3,0,1.3335
6,2,2,4,9,6,5,,5,1,1.1846
6,2,2,4,10,6,2,,6,0,0.8226
6,2,2,4,11,6,4,,3,0,1.5267
6,2,2,4,12,6,6,,5,0,1.0332
6,2,2,4,13,6,3,,3,1,1.5198
6,2,2,4,14,6,5,,2,0,1.0311
6,2,2,4,15,6,2,,2,1,0.9916
6,2,2,4,16,6,6,,6,1,0.6687
6,2,2,4,17,6,6,,6,1,0.7429
6,2,2,4,18,6,5,,6,0,0.585
6,2,2,4,19,6,3,,1,0,1.0804
6,2,2,4,20,6,4,,2,0,1.2128
6,2,2,4,21,6,5,,3,0,1.2607
6,2,2,4,22,6,1,,3,0,1.5471
6,2,2,4,23,6,3,,3,1,1.3565
6,2,2,4,24,6,4,,6,0,1.0517
6,2,2,4,25,6,2,,5,0,0.8974
6,2,2,4,26,6,2,,2,1,1.1018
6,2,2,4,27,6,2,,2,1,1.4943
6,2,2,4,28,6,4,,6,0,0.8798
6,2,2,4,29,6,6,,6,1,0.8123
6,2,2,4,30,6,3,,6,0,0.5849
6,2,2,4,31,6,4,,6,0,0.5867
6,2,2,4,32,6,1,,1,1,0.9497
6,2,2,4,33,6,6,,1,0,0.9313
6,2,2,4,34,6,1,,6,0,0.8951
6,2,2,4,35,6,5,,2,0,1.2281
6,2,2,4,36,6,2,,2,1,1.0826
6,2,2,4,37,6,3,,6,0,1.0928
6,2,2,4,38,6,4,,6,0,0.5849
6,2,2,4,39,6,6,,6,1,0.7863
6,2,2,4,40,6,5,,4,0,1.417
6,2,2,4,41,6,1,,3,0,1.5371
6,2,2,4,42,6,3,,4,0,1.3157
6,2,2,4,43,6,6,,2,0,1.0712
6,2,2,4,44,6,6,,6,1,0.7881
6,2,2,4,45,6,1,,3,0,1.371
6,2,2,4,46,6,4,,2,0,1.1065
6,2,2,4,47,6,3,,2,0,1.0472
6,2,2,4,48,6,3,,6,0,0.8299
6,2,2,4,49,6,1,,1,1,1.0854
6,2,2,4,50,6,1,,4,0,1.9267
6,2,3,1,1,6,6,,6,1,0.8364
6,2,3,1,2,6,6,,3,0,1.4491
6,2,3,1,3,6,5,,5,1,0.9918
6,2,3,1,4,6,5,,4,0,1.3715
6,2,3,1,5,6,5,,5,1,0.8694
6,2,3,1,6,6,6,,6,1,0.7599
6,2,3,1,7,6,1,,3,0,1.3425
6,2,3,1,8,6,3,,2,0,1.1933
6,2,3,1,9,6,6,,1,0,1.0333
6,2,3,1,10,6,2,,2,1,1.1839
6,2,3,1,11,6,5,,5,1,1.0774
6,2,3,1,12,6,4,,5,0,0.7833
6,2,3,1,13,6,4,,6,0,0.7529
6,2,3,1,14,6,1,,1,1,1.3644
6,2,3,1,15,6,2,,2,1,1.2349
6,2,3,1,16,6,4,,3,0,1.4464
6,2,3,1,17,6,4,,2,0,1.2118
6,2,3,1,18,6,1,,4,0,1.1799
6,2,3,1,19,6,4,,6,0,0.8287
6,2,3,1,20,6,2,,2,1,1.2277
6,2,3,1,21,6,5,,5,1,1.4546
6,2,3,1,22,6,1,,3,0,1.9299
6,2,3,1,23,6,6,,4,0,1.1157
6,2,3,1,24,6,2,,6,0,0.7514
6,2,3,1,25,6,3,,6,0,0.9475
6,2,3,1,26,6,3,,3,1,1.4861
6,2,3,1,27,6,3,,5,0,1.1421
6,2,3,1,28,6,2,,1,0,1.4331
6,2,3,1,29,6,3,,2,0,1.2153
6,2,3,1,30,6,1,,6,0,0.7514
6,2,3,1,31,6,1,,6,0,0.6261
6,2,3,1,32,6,5,,6,0,0.5849
6,2,3,1,33,6,6,,6,1,0.585
6,2,3,1,34,6,6,,5,0,0.9133
6,2,3,1,35,6,5,,5,1,0.7335
6,2,3,1,36,6,6,,5,0,0.7734
6,2,3,1,37,6,2,,6,0,0.585
6,2,3,1,38,6,4,,4,1,1.2811
6,2,3,1,39,6,4,,6,0,0.9469
6,2,3,1,40,6,1,,1,1,0.9892
6,2,3,1,41,6,2,,5,0,1.0192
6,2,3,1,42,6,3,,5,0,0.9468
6,2,3,1,43,6,6,,6,1,0.7019
6,2,3,1,44,6,3,,6,0,0.585
6,2,3,1,45,6,3,,4,0,3.9051
6,2,3,1,46,6,5,,5,1,0.8332
6,2,3,1,47,6,4,,6,0,0.726
6,2,3,1,48,6,1,,2,0,0.9377
6,2,3,1,49,6,2,,2,1,1.1878
6,2,3,1,50,6,6,,3,0,1.3701
6,2,3,2,1,2,3,1,3,1,1.6794
6,2,3,2,2,2,3,4,4,0,1.777
6,2,3,2,3,2,5,1,5,1,0.9531
6,2,3,2,4,2,2,6,2,1,1.1281
6,2,3,2,5,2,2,3,2,1,1.0715
6,2,3,2,6,2,1,6,6,0,1.3215
6,2,3,2,7,2,1,3,1,1,1.8302
6,2,3,2,8,2,4,5,5,0,1.7118
6,2,3,2,9,2,4,5,4,1,1.4517
6,2,3,2,10,2,3,5,5,0,1.6857
6,2,3,2,11,2,6,5,6,1,0.9631
6,2,3,2,12,2,3,2,2,0,1.0892
6,2,3,2,13,2,6,1,6,1,0.5854
6,2,3,2,14,2,4,2,4,1,1.5557
6,2,3,2,15,2,5,3,3,0,1.2579
6,2,3,2,16,2,5,2,5,1,1.2234
6,2,3,2,17,2,5,2,2,0,0.9552
6,2,3,2,18,2,1,5,5,0,1.4297
6,2,3,2,19,2,6,3,6,1,0.7958
6,2,3,2,20,2,2,4,4,0,3.0573
6,2,3,2,21,2,5,3,3,0,1.3496
6,2,3,2,22,2,2,5,2,1,1.199
6,2,3,2,23,2,6,3,6,1,0.9154
6,2,3,2,24,2,6,1,6,1,0.7406
6,2,3,2,25,2,6,2,6,1,0.5847
6,2,3,2,26,2,1,4,1,1,1.0981
6,2,3,2,27,2,1,3,1,1,1.8756
6,2,3,2,28,2,6,3,6,1,1.212
6,2,3,2,29,2,2,6,2,1,0.9596
6,2,3,2,30,2,2,6,2,1,0.9743
6,2,3,2,31,2,3,2,2,0,0.8768
6,2,3,2,32,2,6,1,6,1,1.1768
6,2,3,2,33,2,6,2,2,0,1.5833
6,2,3,2,34,2,2,1,2,1,1.2324
6,2,3,2,35,2,5,4,5,1,0.9788
6,2,3,2,36,2,2,1,2,1,1.0414
6,2,3,2,37,2,3,4,4,0,1.8205
6,2,3,2,38,2,6,3,6,1,0.6911
6,2,3,2,39,2,4,1,1,0,0.956
6,2,3,2,40,2,1,3,3,0,1.3021
6,2,3,2,41,2,5,6,6,0,0.6431
6,2,3,2,42,2,4,5,4,1,1.6571
6,2,3,2,43,2,1,2,2,0,1.4195
6,2,3,2,44,2,4,1,4,1,1.4426
6,2,3,2,45,2,3,6,3,1,1.5331
6,2,3,2,46,2,4,1,4,1,1.3479
6,2,3,2,47,2,5,1,5,1,1.2828
6,2,3,2,48,2,3,5,3,1,1.8282
6,2,3,2,49,2,1,4,1,1,1.199
6,2,3,2,50,2,4,1,4,1,1.2523
6,2,3,3,1,6,5,,6,0,0.9801
6,2,3,3,2,6,4,,5,0,1.4701
6,2,3,3,3,6,6,,1,0,0.932
6,2,3,3,4,6,4,,6,0,0.6548
6,2,3,3,5,6,5,,2,0,1.2531
6,2,3,3,6,6,6,,4,0,1.1383
6,2,3,3,7,6,5,,6,0,0.8848
6,2,3,3,8,6,2,,2,1,1.2032
6,2,3,3,9,6,6,,6,1,0.6156
6,2,3,3,10,6,4,,3,0,1.188
6,2,3,3,11,6,6,,6,1,0.5974
6,2,3,3,12,6,3,,6,0,1.0423
6,2,3,3,13,6,3,,3,1,1.2412
6,2,3,3,14,6,4,,4,1,1.2111
6,2,3,3,15,6,1,,4,0,1.8724
6,2,3,3,16,6,3,,3,1,1.2517
6,2,3,3,17,6,4,,4,1,1.1908
6,2,3,3,18,6,3,,6,0,0.9557
6,2,3,3,19,6,3,,3,1,1.5258
6,2,3,3,20,6,2,,2,1,1.3405
6,2,3,3,21,6,6,,5,0,0.9718
6,2,3,3,22,6,2,,6,0,1.3486
6,2,3,3,23,6,4,,3,0,1.056
6,2,3,3,24,6,2,,3,0,1.1243
6,2,3,3,25,6,2,,6,0,0.7442
6,2,3,3,26,6,1,,1,1,0.9867
6,2,3,3,27,6,1,,5,0,1.001
6,2,3,3,28,6,2,,2,1,1.1848
6,2,3,3,29,6,4,,2,0,0.8064
6,2,3,3,30,6,3,,4,0,1.2226
6,2,3,3,31,6,1,,3,0,1.3029
6,2,3,3,32,6,6,,6,1,1.0112
6,2,3,3,33,6,6,,3,0,1.232
6,2,3,3,34,6,4,,5,0,1.0222
6,2,3,3,35,6,6,,2,0,0.9489
6,2,3,3,36,6,2,,2,1,1.0554
6,2,3,3,37,6,2,,2,1,0.6336
6,2,3,3,38,6,5,,5,1,0.8229
6,2,3,3,39,6,1,,6,0,0.7623
6,2,3,3,40,6,5,,4,0,1.2921
6,2,3,3,41,6,1,,2,0,1.2401
6,2,3,3,42,6,6,,1,0,1.1437
6,2,3,3,43,6,5,,6,0,0.8255
6,2,3,3,44,6,1,,2,0,0.9525
6,2,3,3,45,6,3,,6,0,0.6428
6,2,3,3,46,6,6,,6,1,0.5852
6,2,3,3,47,6,1,,6,0,0.585
6,2,3,3,48,6,3,,2,0,1.0098
6,2,3,3,49,6,5,,5,1,1.3547
6,2,3,3,50,6,5,,5,1,0.9843
6,2,3,4,1,2,5,4,4,0,1.3327
6,2,3,4,2,2,4,3,3,0,1.5673
6,2,3,4,3,2,3,1,1,0,0.9597
6,2,3,4,4,2,3,6,3,1,1.1301
6,2,3,4,5,2,6,3,6,1,1.3782
6,2,3,4,6,2,6,4,4,0,1.9352
6,2,3,4,7,2,2,6,2,1,0.9457
6,2,3,4,8,2,5,4,4,0,1.3922
6,2,3,4,9,2,2,1,2,1,2.152
6,2,3,4,10,2,5,3,5,1,1.286
6,2,3,4,11,2,1,6,1,1,2.1677
6,2,3,4,12,2,1,2,2,0,2.1807
6,2,3,4,13,2,1,2,2,0,1.1173
6,2,3,4,14,2,2,3,3,0,1.5206
6,2,3,4,15,2,3,1,1,0,1.0592
6,2,3,4,16,2,1,2,2,0,1.7537
6,2,3,4,17,2,6,5,5,0,1.7777
6,2,3,4,18,2,1,4,1,1,1.1782
6,2,3,4,19,2,1,6,6,0,1.312
6,2,3,4,20,2,5,6,6,0,1.2117
6,2,3,4,21,2,4,6,4,1,1.1946
6,2,3,4,22,2,4,2,2,0,1.1367
6,2,3,4,23,2,2,6,2,1,1.011
6,2,3,4,24,2,6,3,6,1,0.7194
6,2,3,4,25,2,3,4,4,0,1.6562
6,2,3,4,26,2,5,4,5,1,1.1255
6,2,3,4,27,2,2,1,2,1,1.1485
6,2,3,4,28,2,2,6,2,1,1.2521
6,2,3,4,29,2,6,3,6,1,1.2868
6,2,3,4,30,2,2,3,3,0,1.4491
6,2,3,4,31,2,4,2,4,1,1.3907
6,2,3,4,32,2,6,4,6,1,2.0756
6,2,3,4,33,2,1,2,2,0,1.2606
6,2,3,4,34,2,6,3,6,1,0.6982
6,2,3,4,35,2,4,6,4,1,1.2197
6,2,3,4,36,2,3,1,3,1,1.4316
6,2,3,4,37,2,6,4,4,0,1.1707
6,2,3,4,38,2,4,5,4,1,1.2996
6,2,3,4,39,2,6,4,6,1,0.8203
6,2,3,4,40,2,4,1,4,1,1.3208
6,2,3,4,41,2,3,1,3,1,1.4973
6,2,3,4,42,2,6,1,6,1,1.1219
6,2,3,4,43,2,5,1,1,0,1.2412
6,2,3,4,44,2,1,4,4,0,1.2078
6,2,3,4,45,2,3,1,1,0,1.5434
6,2,3,4,46,2,5,6,6,0,1.1134
6,2,3,4,47,2,2,1,2,1,1.9328
6,2,3,4,48,2,3,2,2,0,2.1005
6,2,3,4,49,2,4,5,5,0,1.3278
6,2,3,4,50,2,5,2,5,1,1.5465
6,2,4,1,1,2,6,3,3,0,1.3398
6,2,4,1,2,2,4,1,1,0,1.1752
6,2,4,1,3,2,1,3,3,0,1.32
6,2,4,1,4,2,6,5,6,1,0.7397
6,2,4,1,5,2,5,4,4,0,1.3233
6,2,4,1,6,2,6,1,6,1,1.7183
6,2,4,1,7,2,6,2,6,1,1.3332
6,2,4,1,8,2,1,3,3,0,1.4605
6,2,4,1,9,2,4,6,6,0,1.0499
6,2,4,1,10,2,3,4,4,0,2.5768
6,2,4,1,11,2,2,1,2,1,3.353
6,2,4,1,12,2,4,1,4,1,1.333
6,2,4,1,13,2,4,6,4,1,1.252
6,2,4,1,14,2,1,3,1,1,1.4955
6,2,4,1,15,2,5,3,5,1,1.6156
6,2,4,1,16,2,6,1,6,1,0.7235
6,2,4,1,17,2,1,5,5,0,1.1961
6,2,4,1,18,2,2,1,2,1,1.2757
6,2,4,1,19,2,6,3,3,0,1.6131
6,2,4,1,20,2,6,4,4,0,1.4201
6,2,4,1,21,2,2,1,2,1,1.2198
6,2,4,1,22,2,6,4,6,1,0.8241
6,2,4,1,23,2,4,6,6,0,0.5849
6,2,4,1,24,2,6,1,1,0,1.4767
6,2,4,1,25,2,3,2,3,1,1.6572
6,2,4,1,26,2,2,4,2,1,1.0516
6,2,4,1,27,2,1,6,6,0,1.3828
6,2,4,1,28,2,2,1,2,1,1.0708
6,2,4,1,29,2,1,6,6,0,0.9534
6,2,4,1,30,2,2,5,2,1,0.9637
6,2,4,1,31,2,3,5,3,1,1.682
6,2,4,1,32,2,5,1,1,0,1.4596
6,2,4,1,33,2,6,2,6,1,1.4967
6,2,4,1,34,2,5,1,5,1,1.5052
6,2,4,1,35,2,5,6,5,1,1.5141
6,2,4,1,36,2,3,5,5,0,1.2499
6,2,4,1,37,2,3,1,3,1,1.3434
6,2,4,1,38,2,1,3,3,0,1.2304
6,2,4,1,39,2,5,3,5,1,1.4858
6,2,4,1,40,2,3,1,3,1,1.415
6,2,4,1,41,2,4,6,4,1,1.5221
6,2,4,1,42,2,4,6,4,1,1.2422
6,2,4,1,43,2,5,6,5,1,0.8929
6,2,4,1,44,2,2,1,2,1,1.0865
6,2,4,1,45,2,4,1,4,1,1.6557
6,2,4,1,46,2,1,5,5,0,1.2588
6,2,4,1,47,2,2,1,2,1,1.0803
6,2,4,1,48,2,3,5,3,1,1.4103
6,2,4,1,49,2,5,1,5,1,1.3421
6,2,4,1,50,2,3,1,3,1,1.2762
6,2,4,2,1,6,6,,6,1,0.9076
6,2,4,2,2,6,3,,5,0,1.052
6,2,4,2,3,6,3,,4,0,1.6338
6,2,4,2,4,6,1,,6,0,0.6884
6,2,4,2,5,6,1,,6,0,0.758
6,2,4,2,6,6,2,,2,1,1.0633
6,2,4,2,7,6,2,,5,0,0.9143
6,2,4,2,8,6,5,,6,0,0.5897
6,2,4,2,9,6,3,,3,1,1.5119
6,2,4,2,10,6,1,,6,0,0.7518
6,2,4,2,11,6,4,,2,0,0.8332
6,2,4,2,12,6,4,,5,0,0.5929
6,2,4,2,13,6,6,,6,1,0.8576
6,2,4,2,14,6,5,,2,0,0.9892
6,2,4,2,15,6,6,,5,0,0.9653
6,2,4,2,16,6,6,,1,0,1.0879
6,2,4,2,17,6,5,,1,0,1.8763
6,2,4,2,18,6,2,,2,1,1.1441
6,2,4,2,19,6,6,,6,1,0.8948
6,2,4,2,20,6,6,,6,1,0.9918
6,2,4,2,21,6,2,,2,1,1.4533
6,2,4,2,22,6,1,,6,0,0.585
6,2,4,2,23,6,2,,2,1,1.2803
6,2,4,2,24,6,4,,5,0,1.2188
6,2,4,2,25,6,4,,6,0,0.7701
6,2,4,2,26,6,3,,3,1,1.2666
6,2,4,2,27,6,3,,4,0,1.2207
6,2,4,2,28,6,5,,2,0,0.9638
6,2,4,2,29,6,2,,2,1,1.2132
6,2,4,2,30,6,1,,3,0,1.2488
6,2,4,2,31,6,1,,1,1,1.1835
6,2,4,2,32,6,4,,4,1,1.3012
6,2,4,2,33,6,2,,2,1,1.0629
6,2,4,2,34,6,4,,6,0,1.1211
6,2,4,2,35,6,4,,4,1,0.9315
6,2,4,2,36,6,6,,6,1,0.6759
6,2,4,2,37,6,5,,5,1,1.2458
6,2,4,2,38,6,3,,1,0,1.3762
6,2,4,2,39,6,5,,5,1,0.7606
6,2,4,2,40,6,2,,6,0,0.7199
6,2,4,2,41,6,6,,6,1,0.7393
6,2,4,2,42,6,6,,2,0,0.8586
6,2,4,2,43,6,3,,3,1,1.2889
6,2,4,2,44,6,1,,3,0,1.2097
6,2,4,2,45,6,5,,6,0,0.6805
6,2,4,2,46,6,3,,2,0,1.0233
6,2,4,2,47,6,1,,2,0,1.0772
6,2,4,2,48,6,5,,6,0,0.7942
6,2,4,2,49,6,6,,5,0,0.7956
6,2,4,2,50,6,4,,6,0,0.7319
6,2,4,3,1,2,2,4,2,1,1.0698
6,2,4,3,2,2,3,4,4,0,1.6404
6,2,4,3,3,2,2,3,2,1,0.9654
6,2,4,3,4,2,6,1,6,1,1.0924
6,2,4,3,5,2,4,2,2,0,1.0216
6,2,4,3,6,2,2,6,6,0,0.82
6,2,4,3,7,2,1,5,5,0,1.268
6,2,4,3,8,2,4,6,4,1,1.2656
6,2,4,3,9,2,4,3,4,1,1.2348
6,2,4,3,10,2,4,3,3,0,3.9593
6,2,4,3,11,2,2,3,3,0,1.6376
6,2,4,3,12,2,1,5,5,0,1.2829
6,2,4,3,13,2,5,2,5,1,0.9124
6,2,4,3,14,2,1,4,1,1,1.5365
6,2,4,3,15,2,3,1,3,1,1.9435
6,2,4,3,16,2,4,6,4,1,1.4695
6,2,4,3,17,2,4,6,6,0,0.8236
6,2,4,3,18,2,1,6,1,1,1.2879
6,2,4,3,19,2,1,4,4,0,1.2562
6,2,4,3,20,2,4,6,4,1,0.5974
6,2,4,3,21,2,5,4,5,1,1.2355
6,2,4,3,22,2,3,6,6,0,0.6789
6,2,4,3,23,2,5,6,5,1,0.8128
6,2,4,3,24,2,3,1,1,0,1.0247
6,2,4,3,25,2,6,3,6,1,0.5847
6,2,4,3,26,2,3,6,3,1,1.4947
6,2,4,3,27,2,1,5,5,0,1.2145
6,2,4,3,28,2,3,1,1,0,1.679
6,2,4,3,29,2,6,3,6,1,0.585
6,2,4,3,30,2,2,5,2,1,1.0814
6,2,4,3,31,2,5,2,5,1,1.3949
6,2,4,3,32,2,6,1,6,1,0.5848
6,2,4,3,33,2,5,1,5,1,0.8622
6,2,4,3,34,2,6,4,6,1,0.801
6,2,4,3,35,2,5,3,3,0,1.3812
6,2,4,3,36,2,5,2,5,1,1.3101
6,2,4,3,37,2,6,2,6,1,0.5851
6,2,4,3,38,2,2,4,2,1,1.5491
6,2,4,3,39,2,5,1,5,1,0.8508
6,2,4,3,40,2,6,4,6,1,0.6629
6,2,4,3,41,2,2,1,2,1,1.2169
6,2,4,3,42,2,6,3,3,0,1.5573
6,2,4,3,43,2,3,6,3,1,1.0316
6,2,4,3,44,2,4,1,4,1,1.57
6,2,4,3,45,2,3,6,3,1,1.337
6,2,4,3,46,2,6,2,6,1,0.6147
6,2,4,3,47,2,2,4,2,1,1.1077
6,2,4,3,48,2,1,5,1,1,1.3723
6,2,4,3,49,2,1,5,5,0,1.2428
6,2,4,3,50,2,6,5,5,0,1.5292
6,2,4,4,1,6,4,,2,0,1.2573
6,2,4,4,2,6,6,,6,1,0.5849
6,2,4,4,3,6,4,,4,1,1.3172
6,2,4,4,4,6,2,,2,1,1.0448
6,2,4,4,5,6,1,,1,1,1.088
6,2,4,4,6,6,5,,2,0,0.9854
6,2,4,4,7,6,5,,2,0,0.8662
6,2,4,4,8,6,5,,2,0,0.9123
6,2,4,4,9,6,5,,5,1,0.892
6,2,4,4,10,6,1,,6,0,0.6217
6,2,4,4,11,6,6,,5,0,0.6309
6,2,4,4,12,6,3,,5,0,0.7489
6,2,4,4,13,6,6,,3,0,1.6158
6,2,4,4,14,6,2,,2,1,1.1198
6,2,4,4,15,6,5,,5,1,1.1429
6,2,4,4,16,6,3,,2,0,1.055
6,2,4,4,17,6,6,,6,1,1.2353
6,2,4,4,18,6,6,,2,0,2.215
6,2,4,4,19,6,1,,3,0,1.3568
6,2,4,4,20,6,3,,3,1,1.815
6,2,4,4,21,6,4,,4,1,1.2504
6,2,4,4,22,6,1,,6,0,0.661
6,2,4,4,23,6,6,,6,1,0.6516
6,2,4,4,24,6,4,,4,1,0.8702
6,2,4,4,25,6,3,,3,1,1.0481
6,2,4,4,26,6,6,,6,1,0.9308
6,2,4,4,27,6,3,,6,0,0.5851
6,2,4,4,28,6,5,,6,0,1.9971
6,2,4,4,29,6,1,,1,1,1.1326
6,2,4,4,30,6,3,,1,0,0.708
6,2,4,4,31,6,4,,2,0,1.0166
6,2,4,4,32,6,2,,6,0,0.8485
6,2,4,4,33,6,6,,5,0,0.7667
6,2,4,4,34,6,1,,2,0,1.1359
6,2,4,4,35,6,5,,6,0,0.6744
6,2,4,4,36,6,2,,2,1,0.5857
6,2,4,4,37,6,2,,2,1,0.6457
6,2,4,4,38,6,4,,2,0,1.3624
6,2,4,4,39,6,3,,6,0,0.6351
6,2,4,4,40,6,4,,4,1,0.9145
6,2,4,4,41,6,3,,1,0,0.9953
6,2,4,4,42,6,1,,4,0,1.0037
6,2,4,4,43,6,6,,6,1,0.7869
6,2,4,4,44,6,4,,2,0,0.9526
6,2,4,4,45,6,2,,2,1,0.8997
6,2,4,4,46,6,1,,1,1,0.9486
6,2,4,4,47,6,6,,1,0,1.6029
6,2,4,4,48,6,2,,2,1,0.9637
6,2,4,4,49,6,5,,5,1,0.8648
6,2,4,4,50,6,2,,6,0,0.7073
6,2,5,1,1,6,6,,4,0,1.3313
6,2,5,1,2,6,2,,2,1,0.8788
6,2,5,1,3,6,5,,5,1,0.6878
6,2,5,1,4,6,6,,4,0,1.242
6,2,5,1,5,6,5,,5,1,0.8735
6,2,5,1,6,6,1,,6,0,0.828
6,2,5,1,7,6,2,,5,0,1.1959
6,2,5,1,8,6,6,,6,1,0.6021
6,2,5,1,9,6,3,,2,0,0.9201
6,2,5,1,10,6,3,,5,0,1.1254
6,2,5,1,11,6,6,,5,0,0.6963
6,2,5,1,12,6,4,,1,0,0.9735
6,2,5,1,13,6,3,,3,1,1.174
6,2,5,1,14,6,2,,1,0,1.4848
6,2,5,1,15,6,1,,4,0,1.1521
6,2,5,1,16,6,3,,3,1,1.1236
6,2,5,1,17,6,1,,6,0,0.8905
6,2,5,1,18,6,2,,5,0,0.7605
6,2,5,1,19,6,4,,4,1,1.3696
6,2,5,1,20,6,1,,2,0,1.4008
6,2,5,1,21,6,6,,6,1,0.7032
6,2,5,1,22,6,4,,2,0,0.9529
6,2,5,1,23,6,3,,6,0,0.585
6,2,5,1,24,6,2,,4,0,1.4523
6,2,5,1,25,6,2,,1,0,1.0425
6,2,5,1,26,6,2,,5,0,1.2408
6,2,5,1,27,6,1,,2,0,1.5098
6,2,5,1,28,6,6,,3,0,1.4344
6,2,5,1,29,6,4,,4,1,1.3287
6,2,5,1,30,6,5,,2,0,0.9113
6,2,5,1,31,6,5,,5,1,0.8921
6,2,5,1,32,6,1,,6,0,0.605
6,2,5,1,33,6,1,,2,0,1.2696
6,2,5,1,34,6,4,,6,0,0.8182
6,2,5,1,35,6,6,,2,0,1.0262
6,2,5,1,36,6,5,,1,0,1.4803
6,2,5,1,37,6,3,,2,0,1.1967
6,2,5,1,38,6,4,,6,0,0.6529
6,2,5,1,39,6,5,,2,0,1.1411
6,2,5,1,40,6,5,,2,0,1.0472
6,2,5,1,41,6,6,,6,1,0.9408
6,2,5,1,42,6,2,,2,1,0.9257
6,2,5,1,43,6,6,,6,1,0.5851
6,2,5,1,44,6,3,,2,0,1.2432
6,2,5,1,45,6,4,,2,0,1.4009
6,2,5,1,46,6,3,,1,0,1.2805
6,2,5,1,47,6,5,,5,1,0.8939
6,2,5,1,48,6,4,,4,1,1.5344
6,2,5,1,49,6,1,,4,0,1.2847
6,2,5,1,50,6,6,,6,1,0.5944
6,2,5,2,1,2,1,6,6,0,1.3567
6,2,5,2,2,2,5,4,4,0,1.2215
6,2,5,2,3,2,6,1,1,0,1.3811
6,2,5,2,4,2,2,1,2,1,0.942
6,2,5,2,5,2,6,4,6,1,0.6687
6,2,5,2,6,2,4,1,4,1,1.3521
6,2,5,2,7,2,2,4,2,1,1.0465
6,2,5,2,8,2,2,3,2,1,1.4897
6,2,5,2,9,2,1,5,5,0,1.4818
6,2,5,2,10,2,1,5,1,1,2.1104
6,2,5,2,11,2,1,2,1,1,0.7182
6,2,5,2,12,2,4,2,4,1,1.2546
6,2,5,2,13,2,4,5,5,0,1.4335
6,2,5,2,14,2,4,6,4,1,1.2791
6,2,5,2,15,2,1,2,2,0,1.0894
6,2,5,2,16,2,3,1,3,1,1.5257
6,2,5,2,17,2,6,5,6,1,1.2448
6,2,5,2,18,2,5,6,5,1,1.4556
6,2,5,2,19,2,6,4,6,1,0.9375
6,2,5,2,20,2,3,4,4,0,1.4338
6,2,5,2,21,2,4,6,4,1,1.1994
6,2,5,2,22,2,1,5,5,0,1.6364
6,2,5,2,23,2,5,6,6,0,1.1872
6,2,5,2,24,2,6,3,3,0,1.5705
6,2,5,2,25,2,5,1,5,1,1.253
6,2,5,2,26,2,3,1,3,1,1.6379
6,2,5,2,27,2,5,1,1,0,1.2582
6,2,5,2,28,2,6,5,6,1,1.1274
6,2,5,2,29,2,6,4,4,0,1.3744
6,2,5,2,30,2,6,2,6,1,1.1273
6,2,5,2,31,2,3,1,3,1,1.5831
6,2,5,2,32,2,2,1,2,1,1.396
6,2,5,2,33,2,5,1,1,0,1.1845
6,2,5,2,34,2,2,4,4,0,1.5059
6,2,5,2,35,2,1,3,1,1,1.284
6,2,5,2,36,2,2,1,2,1,1.5736
6,2,5,2,37,2,6,1,6,1,1.212
6,2,5,2,38,2,3,5,3,1,1.4881
6,2,5,2,39,2,4,5,4,1,1.2888
6,2,5,2,40,2,2,4,2,1,1.3062
6,2,5,2,41,2,1,4,1,1,1.1312
6,2,5,2,42,2,3,5,3,1,1.1383
6,2,5,2,43,2,4,6,4,1,1.6898
6,2,5,2,44,2,5,2,5,1,1.339
6,2,5,2,45,2,6,5,5,0,1.4336
6,2,5,2,46,2,3,1,3,1,1.7288
6,2,5,2,47,2,5,6,5,1,1.856
6,2,5,2,48,2,2,5,2,1,0.9538
6,2,5,2,49,2,3,5,3,1,1.5291
6,2,5,2,50,2,4,6,4,1,1.2167
6,2,5,3,1,6,4,,5,0,0.8339
6,2,5,3,2,6,4,,3,0,1.4241
6,2,5,3,3,6,6,,6,1,0.8549
6,2,5,3,4,6,6,,2,0,1.018
6,2,5,3,5,6,1,,4,0,1.6651
6,2,5,3,6,6,1,,2,0,1.2454
6,2,5,3,7,6,1,,1,1,1.2443
6,2,5,3,8,6,2,,5,0,0.8633
6,2,5,3,9,6,1,,5,0,0.925
6,2,5,3,10,6,3,,3,1,1.1608
6,2,5,3,11,6,2,,6,0,1.183
6,2,5,3,12,6,6,,6,1,0.585
6,2,5,3,13,6,4,,4,1,1.3731
6,2,5,3,14,6,3,,4,0,1.0996
6,2,5,3,15,6,3,,3,1,1.2469
6,2,5,3,16,6,6,,6,1,0.6427
6,2,5,3,17,6,4,,3,0,1.2944
6,2,5,3,18,6,4,,6,0,0.9223
6,2,5,3,19,6,3,,5,0,1.095
6,2,5,3,20,6,2,,6,0,0.9541
6,2,5,3,21,6,5,,6,0,0.676
6,2,5,3,22,6,2,,2,1,1.3375
6,2,5,3,23,6,6,,6,1,0.5849
6,2,5,3,24,6,3,,3,1,1.2224
6,2,5,3,25,6,3,,4,0,1.2744
6,2,5,3,26,6,1,,1,1,1.8483
6,2,5,3,27,6,4,,6,0,0.5849
6,2,5,3,28,6,5,,2,0,1.0192
6,2,5,3,29,6,2,,6,0,0.6578
6,2,5,3,30,6,4,,3,0,1.3369
6,2,5,3,31,6,5,,5,1,0.6277
6,2,5,3,32,6,5,,2,0,1.2003
6,2,5,3,33,6,6,,6,1,0.585
6,2,5,3,34,6,6,,3,0,1.31
6,2,5,3,35,6,1,,4,0,1.1624
6,2,5,3,36,6,5,,6,0,0.5851
6,2,5,3,37,6,2,,2,1,1.1727
6,2,5,3,38,6,2,,5,0,1.1313
6,2,5,3,39,6,5,,6,0,0.7017
6,2,5,3,40,6,4,,6,0,0.7227
6,2,5,3,41,6,1,,5,0,0.966
6,2,5,3,42,6,5,,2,0,1.0881
6,2,5,3,43,6,3,,6,0,1.2059
6,2,5,3,44,6,5,,6,0,0.9175
6,2,5,3,45,6,6,,6,1,0.7677
6,2,5,3,46,6,2,,1,0,2.7117
6,2,5,3,47,6,3,,2,0,1.3529
6,2,5,3,48,6,6,,6,1,0.6426
6,2,5,3,49,6,1,,4,0,1.1835
6,2,5,3,50,6,6,,5,0,1.0545
6,2,5,4,1,2,4,2,2,0,0.9132
6,2,5,4,2,2,1,5,5,0,1.1974
6,2,5,4,3,2,4,2,2,0,1.4845
6,2,5,4,4,2,4,6,6,0,1.5862
6,2,5,4,5,2,2,5,2,1,1.0251
6,2,5,4,6,2,6,1,6,1,1.1654
6,2,5,4,7,2,2,6,2,1,1.1236
6,2,5,4,8,2,6,3,6,1,1.3236
6,2,5,4,9,2,2,1,2,1,1.067
6,2,5,4,10,2,3,6,3,1,1.1576
6,2,5,4,11,2,3,2,2,0,1.035
6,2,5,4,12,2,2,4,4,0,1.3613
6,2,5,4,13,2,4,6,4,1,1.5311
6,2,5,4,14,2,4,1,1,0,1.4097
6,2,5,4,15,2,5,4,4,0,1.2246
6,2,5,4,16,2,3,2,2,0,1.256
6,2,5,4,17,2,2,6,2,1,1.6692
6,2,5,4,18,2,1,5,5,0,1.2556
6,2,5,4,19,2,6,1,6,1,0.9175
6,2,5,4,20,2,3,5,3,1,1.5092
6,2,5,4,21,2,3,6,3,1,1.389
6,2,5,4,22,2,3,1,3,1,1.3698
6,2,5,4,23,2,4,3,4,1,1.4002
6,2,5,4,24,2,6,3,6,1,0.9797
6,2,5,4,25,2,5,4,5,1,1.1061
6,2,5,4,26,2,6,5,6,1,0.9544
6,2,5,4,27,2,1,4,1,1,1.4819
6,2,5,4,28,2,6,1,1,0,1.4102
6,2,5,4,29,2,2,3,3,0,1.6744
6,2,5,4,30,2,6,2,2,0,1.5584
6,2,5,4,31,2,5,1,5,1,1.3192
6,2,5,4,32,2,2,4,2,1,1.1432
6,2,5,4,33,2,1,2,2,0,1.3259
6,2,5,4,34,2,5,1,5,1,1.3691
6,2,5,4,35,2,5,3,5,1,1.2068
6,2,5,4,36,2,5,3,5,1,1.0512
6,2,5,4,37,2,1,6,1,1,1.3344
6,2,5,4,38,2,6,4,4,0,1.3479
6,2,5,4,39,2,6,1,6,1,1.0707
6,2,5,4,40,2,3,4,4,0,1.3848
6,2,5,4,41,2,5,2,5,1,1.0573
6,2,5,4,42,2,4,1,4,1,1.292
6,2,5,4,43,2,1,6,1,1,1.3077
6,2,5,4,44,2,5,3,5,1,1.2599
6,2,5,4,45,2,2,3,3,0,1.486
6,2,5,4,46,2,1,2,2,0,2.1627
6,2,5,4,47,2,6,5,6,1,1.0997
6,2,5,4,48,2,1,5,1,1,1.2208
6,2,5,4,49,2,4,5,4,1,1.0007
6,2,5,4,50,2,3,2,3,1,1.5892
6,3,1,1,1,2,2,4,2,1,1.459
6,3,1,1,2,2,1,2,1,1,0.9567
6,3,1,1,3,2,6,2,2,0,1.3401
6,3,1,1,4,2,4,1,4,1,1.1588
6,3,1,1,5,2,1,2,1,1,2.0302
6,3,1,1,6,2,5,4,5,1,1.0573
6,3,1,1,7,2,2,3,3,0,1.2764
6,3,1,1,8,2,6,1,6,1,0.9699
6,3,1,1,9,2,3,1,3,1,1.3209
6,3,1,1,10,2,4,5,4,1,1.0644
6,3,1,1,11,2,5,6,6,0,1.3155
6,3,1,1,12,2,3,5,3,1,1.0706
6,3,1,1,13,2,6,4,4,0,1.4651
6,3,1,1,14,2,6,2,2,0,1.3907
6,3,1,1,15,2,1,5,5,0,1.1596
6,3,1,1,16,2,3,4,3,1,0.9374
6,3,1,1,17,2,3,2,2,0,1.2411
6,3,1,1,18,2,2,5,5,0,1.5605
6,3,1,1,19,2,5,1,5,1,1.1785
6,3,1,1,20,2,6,5,6,1,0.9762
6,3,1,1,21,2,1,3,1,1,1.1024
6,3,1,1,22,2,2,1,2,1,1.0959
6,3,1,1,23,2,2,4,2,1,0.8491
6,3,1,1,24,2,4,3,3,0,1.7324
6,3,1,1,25,2,5,4,4,0,1.375
6,3,1,1,26,2,5,3,3,0,1.2244
6,3,1,1,27,2,4,1,4,1,1.4803
6,3,1,1,28,2,1,5,1,1,0.9299
6,3,1,1,29,2,3,1,3,1,1.3469
6,3,1,1,30,2,6,5,6,1,0.8663
6,3,1,1,31,2,6,4,6,1,0.6766
6,3,1,1,32,2,3,1,3,1,1.1673
6,3,1,1,33,2,2,6,2,1,1.0776
6,3,1,1,34,2,5,2,5,1,1.0406
6,3,1,1,35,2,3,1,1,0,1.7566
6,3,1,1,36,2,1,5,1,1,1.3823
6,3,1,1,37,2,6,5,6,1,0.883
6,3,1,1,38,2,2,1,2,1,0.933
6,3,1,1,39,2,6,3,6,1,0.8203
6,3,1,1,40,2,2,1,2,1,0.9857
6,3,1,1,41,2,6,2,6,1,0.9507
6,3,1,1,42,2,5,4,5,1,0.8866
6,3,1,1,43,2,4,6,4,1,1.0169
6,3,1,1,44,2,4,2,2,0,1.2049
6,3,1,1,45,2,4,5,5,0,0.8044
6,3,1,1,46,2,5,4,5,1,0.8693
6,3,1,1,47,2,4,3,3,0,1.2564
6,3,1,1,48,2,1,2,2,0,1.0624
6,3,1,1,49,2,3,6,3,1,1.2289
6,3,1,1,50,2,1,4,1,1,1.2177
6,3,1,2,1,6,1,,4,0,1.5709
6,3,1,2,2,6,3,,3,1,1.3971
6,3,1,2,3,6,4,,4,1,1.4097
6,3,1,2,4,6,6,,6,1,0.7993
6,3,1,2,5,6,2,,2,1,0.948
6,3,1,2,6,6,6,,2,0,0.9151
6,3,1,2,7,6,5,,5,1,0.751
6,3,1,2,8,6,1,,1,1,1.0946
6,3,1,2,9,6,3,,4,0,1.1362
6,3,1,2,10,6,5,,5,1,1.0428
6,3,1,2,11,6,3,,5,0,0.8796
6,3,1,2,12,6,2,,2,1,1.1488
6,3,1,2,13,6,1,,5,0,1.2519
6,3,1,2,14,6,1,,1,1,1.1863
6,3,1,2,15,6,4,,2,0,0.9676
6,3,1,2,16,6,3,,3,1,1.1056
6,3,1,2,17,6,5,,4,0,0.8742
6,3,1,2,18,6,1,,4,0,1.5122
6,3,1,2,19,6,6,,6,1,0.8279
6,3,1,2,20,6,6,,6,1,0.6893
6,3,1,2,21,6,6,,6,1,0.7784
6,3,1,2,22,6,1,,5,0,0.9136
6,3,1,2,23,6,3,,5,0,2.3493
6,3,1,2,24,6,3,,3,1,1.0384
6,3,1,2,25,6,4,,3,0,1.0652
6,3,1,2,26,6,1,,1,1,1.2309
6,3,1,2,27,6,2,,2,1,1.2359
6,3,1,2,28,6,3,,2,0,0.9342
6,3,1,2,29,6,2,,2,1,0.9787
6,3,1,2,30,6,2,,3,0,1.2012
6,3,1,2,31,6,5,,5,1,0.6246
6,3,1,2,32,6,6,,6,1,0.653
6,3,1,2,33,6,6,,6,1,0.665
6,3,1,2,34,6,5,,5,1,0.8204
6,3,1,2,35,6,1,,2,0,1.1932
6,3,1,2,36,6,3,,6,0,0.6816
6,3,1,2,37,6,5,,5,1,0.8474
6,3,1,2,38,6,6,,6,1,0.7539
6,3,1,2,39,6,6,,2,0,1.0664
6,3,1,2,40,6,2,,6,0,0.8316
6,3,1,2,41,6,2,,2,1,0.9585
6,3,1,2,42,6,5,,5,1,0.6216
6,3,1,2,43,6,4,,4,1,1.163
6,3,1,2,44,6,4,,6,0,0.9936
6,3,1,2,45,6,4,,4,1,0.9706
6,3,1,2,46,6,5,,3,0,1.1604
6,3,1,2,47,6,4,,2,0,1.2441
6,3,1,2,48,6,4,,6,0,0.7631
6,3,1,2,49,6,6,,6,1,1.0204
6,3,1,2,50,6,2,,2,1,1.0962
6,3,1,3,1,2,2,6,6,0,14.303
6,3,1,3,2,2,4,5,5,0,1.2064
6,3,1,3,3,2,6,1,1,0,1.286
6,3,1,3,4,2,1,6,1,1,1.2354
6,3,1,3,5,2,3,2,2,0,1.2541
6,3,1,3,6,2,3,6,3,1,1.3494
6,3,1,3,7,2,3,2,3,1,1.811
6,3,1,3,8,2,3,5,5,0,1.2639
6,3,1,3,9,2,4,3,3,0,1.2133
6,3,1,3,10,2,2,4,2,1,1.101
6,3,1,3,11,2,2,6,2,1,1.2861
6,3,1,3,12,2,6,2,6,1,0.7909
6,3,1,3,13,2,1,6,6,0,1.5489
6,3,1,3,14,2,5,4,5,1,1.0393
6,3,1,3,15,2,2,6,2,1,1.3068
6,3,1,3,16,2,2,3,2,1,1.1002
6,3,1,3,17,2,4,6,4,1,1.2049
6,3,1,3,18,2,1,4,4,0,1.1138
6,3,1,3,19,2,4,2,2,0,1.2139
6,3,1,3,20,2,1,3,3,0,1.4688
6,3,1,3,21,2,3,5,3,1,1.347
6,3,1,3,22,2,4,5,4,1,1.2497
6,3,1,3,23,2,6,4,6,1,1.1246
6,3,1,3,24,2,6,3,6,1,0.8758
6,3,1,3,25,2,5,4,5,1,0.9588
6,3,1,3,26,2,1,4,4,0,1.2947
6,3,1,3,27,2,6,5,6,1,0.8274
6,3,1,3,28,2,2,4,2,1,1.1675
6,3,1,3,29,2,2,4,4,0,1.3346
6,3,1,3,30,2,1,2,2,0,0.9128
6,3,1,3,31,2,6,2,6,1,1.3088
6,3,1,3,32,2,2,6,2,1,1.0534
6,3,1,3,33,2,3,4,4,0,1.0488
6,3,1,3,34,2,5,4,4,0,0.7995
6,3,1,3,35,2,5,4,5,1,1.3282
6,3,1,3,36,2,6,2,2,0,1.0876
6,3,1,3,37,2,6,1,6,1,0.6778
6,3,1,3,38,2,1,2,1,1,1.872
6,3,1,3,39,2,3,2,3,1,1.21
6,3,1,3,40,2,3,2,2,0,1.0706
6,3,1,3,41,2,4,6,4,1,1.2516
6,3,1,3,42,2,6,1,6,1,0.9187
6,3,1,3,43,2,6,2,6,1,0.7278
6,3,1,3,44,2,5,4,4,0,1.0712
6,3,1,3,45,2,5,2,2,0,1.3169
6,3,1,3,46,2,4,6,4,1,1.5524
6,3,1,3,47,2,1,4,1,1,1.5591
6,3,1,3,48,2,5,4,4,0,1.2621
6,3,1,3,49,2,5,2,5,1,0.7633
6,3,1,3,50,2,4,2,4,1,1.6983
6,3,1,4,1,6,3,,2,0,1.2322
6,3,1,4,2,6,6,,6,1,0.7827
6,3,1,4,3,6,4,,3,0,1.3334
6,3,1,4,4,6,5,,4,0,1.1201
6,3,1,4,5,6,1,,1,1,1.2033
6,3,1,4,6,6,3,,3,1,1.0962
6,3,1,4,7,6,1,,2,0,1.3614
6,3,1,4,8,6,5,,4,0,1.2586
6,3,1,4,9,6,4,,6,0,0.6488
6,3,1,4,10,6,2,,2,1,1.1044
6,3,1,4,11,6,2,,2,1,0.8246
6,3,1,4,12,6,1,,4,0,1.2143
6,3,1,4,13,6,2,,2,1,1.1169
6,3,1,4,14,6,4,,6,0,1.0301
6,3,1,4,15,6,3,,4,0,1.1332
6,3,1,4,16,6,2,,2,1,0.9276
6,3,1,4,17,6,3,,3,1,1.3121
6,3,1,4,18,6,5,,5,1,1.0085
6,3,1,4,19,6,1,,2,0,0.9575
6,3,1,4,20,6,6,,2,0,1.0001
6,3,1,4,21,6,5,,5,1,0.8164
6,3,1,4,22,6,2,,3,0,1.1896
6,3,1,4,23,6,1,,4,0,0.9976
6,3,1,4,24,6,6,,6,1,0.7196
6,3,1,4,25,6,5,,4,0,1.543
6,3,1,4,26,6,4,,3,0,1.1302
6,3,1,4,27,6,5,,6,0,1.1339
6,3,1,4,28,6,2,,2,1,1.1204
6,3,1,4,29,6,4,,4,1,0.9213
6,3,1,4,30,6,6,,6,1,1.0007
6,3,1,4,31,6,1,,4,0,1.1579
6,3,1,4,32,6,6,,3,0,1.4973
6,3,1,4,33,6,6,,6,1,0.6854
6,3,1,4,34,6,3,,3,1,1.2388
6,3,1,4,35,6,1,,4,0,1.0353
6,3,1,4,36,6,6,,5,0,0.7061
6,3,1,4,37,6,6,,2,0,1.0312
6,3,1,4,38,6,2,,2,1,0.781
6,3,1,4,39,6,4,,1,0,1.187
6,3,1,4,40,6,3,,4,0,1.2685
6,3,1,4,41,6,4,,4,1,1.235
6,3,1,4,42,6,5,,2,0,0.9812
6,3,1,4,43,6,3,,2,0,1.5196
6,3,1,4,44,6,6,,6,1,0.8668
6,3,1,4,45,6,2,,2,1,1.1894
6,3,1,4,46,6,5,,4,0,1.2099
6,3,1,4,47,6,3,,1,0,1.5143
6,3,1,4,48,6,4,,3,0,1.2457
6,3,1,4,49,6,1,,6,0,0.7963
6,3,1,4,50,6,6,,6,1,0.6846
6,3,2,1,1,6,4,,6,0,0.7317
6,3,2,1,2,6,1,,1,1,1.1983
6,3,2,1,3,6,1,,1,1,1.5561
6,3,2,1,4,6,6,,5,0,0.8261
6,3,2,1,5,6,1,,2,0,1.0345
6,3,2,1,6,6,1,,6,0,0.9449
6,3,2,1,7,6,6,,4,0,1.4053
6,3,2,1,8,6,4,,3,0,1.445
6,3,2,1,9,6,3,,1,0,1.2438
6,3,2,1,10,6,2,,5,0,1.2263
6,3,2,1,11,6,6,,6,1,0.9064
6,3,2,1,12,6,2,,2,1,1.2444
6,3,2,1,13,6,5,,1,0,1.1184
6,3,2,1,14,6,3,,3,1,1.4274
6,3,2,1,15,6,6,,6,1,0.7992
6,3,2,1,16,6,3,,4,0,1.1249
6,3,2,1,17,6,5,,3,0,1.1598
6,3,2,1,18,6,6,,6,1,0.9229
6,3,2,1,19,6,6,,6,1,0.6836
6,3,2,1,20,6,5,,5,1,0.8202
6,3,2,1,21,6,6,,4,0,1.1613
6,3,2,1,22,6,5,,2,0,1.2918
6,3,2,1,23,6,2,,2,1,1.1438
6,3,2,1,24,6,4,,6,0,1.199
6,3,2,1,25,6,5,,6,0,1.5189
6,3,2,1,26,6,5,,2,0,0.8673
6,3,2,1,27,6,3,,2,0,0.9284
6,3,2,1,28,6,6,,6,1,0.5851
6,3,2,1,29,6,3,,5,0,1.1938
6,3,2,1,30,6,5,,5,1,0.8906
6,3,2,1,31,6,2,,2,1,1.0537
6,3,2,1,32,6,6,,4,0,1.3523
6,3,2,1,33,6,1,,1,1,1.747
6,3,2,1,34,6,4,,4,1,1.1203
6,3,2,1,35,6,4,,1,0,1.3368
6,3,2,1,36,6,2,,2,1,1.4436
6,3,2,1,37,6,3,,3,1,1.4231
6,3,2,1,38,6,3,,6,0,0.9551
6,3,2,1,39,6,3,,3,1,1.5263
6,3,2,1,40,6,1,,6,0,0.8772
6,3,2,1,41,6,2,,3,0,1.5637
6,3,2,1,42,6,1,,6,0,1.0997
6,3,2,1,43,6,4,,1,0,1.1525
6,3,2,1,44,6,6,,2,0,1.1233
6,3,2,1,45,6,2,,2,1,0.9036
6,3,2,1,46,6,2,,6,0,1.1916
6,3,2,1,47,6,1,,1,1,0.9855
6,3,2,1,48,6,4,,6,0,0.7749
6,3,2,1,49,6,5,,6,0,0.7768
6,3,2,1,50,6,4,,1,0,1.1299
6,3,2,2,1,2,1,2,2,0,2.6183
6,3,2,2,2,2,4,1,4,1,1.4723
6,3,2,2,3,2,2,3,2,1,1.0348
6,3,2,2,4,2,3,4,4,0,1.3174
6,3,2,2,5,2,3,5,3,1,1.0257
6,3,2,2,6,2,4,2,4,1,1.2454
6,3,2,2,7,2,5,1,5,1,1.0739
6,3,2,2,8,2,1,5,1,1,1.2753
6,3,2,2,9,2,6,4,6,1,1.2139
6,3,2,2,10,2,1,4,4,0,1.7621
6,3,2,2,11,2,6,1,6,1,1.0674
6,3,2,2,12,2,3,4,4,0,1.3012
6,3,2,2,13,2,4,2,2,0,1.058
6,3,2,2,14,2,6,5,6,1,0.9362
6,3,2,2,15,2,6,5,6,1,0.9034
6,3,2,2,16,2,5,1,5,1,1.3047
6,3,2,2,17,2,6,1,6,1,1.3532
6,3,2,2,18,2,5,1,1,0,1.0319
6,3,2,2,19,2,5,2,5,1,1.327
6,3,2,2,20,2,2,6,2,1,1.4873
6,3,2,2,21,2,4,5,5,0,1.2715
6,3,2,2,22,2,4,3,4,1,1.4454
6,3,2,2,23,2,1,5,5,0,1.744
6,3,2,2,24,2,6,2,6,1,0.7783
6,3,2,2,25,2,1,6,1,1,1.9207
6,3,2,2,26,2,1,2,2,0,1.2563
6,3,2,2,27,2,5,2,5,1,1.3825
6,3,2,2,28,2,5,6,5,1,1.1711
6,3,2,2,29,2,2,1,2,1,1.4826
6,3,2,2,30,2,2,3,3,0,1.987
6,3,2,2,31,2,4,1,1,0,2.243
6,3,2,2,32,2,3,1,3,1,1.8011
6,3,2,2,33,2,2,5,5,0,1.2521
6,3,2,2,34,2,4,3,4,1,1.1869
6,3,2,2,35,2,6,5,5,0,1.0479
6,3,2,2,36,2,3,5,3,1,1.3589
6,3,2,2,37,2,3,2,3,1,1.4375
6,3,2,2,38,2,3,6,3,1,1.1924
6,3,2,2,39,2,1,3,3,0,1.199
6,3,2,2,40,2,3,6,6,0,1.4553
6,3,2,2,41,2,2,5,2,1,1.0928
6,3,2,2,42,2,2,4,4,0,1.2309
6,3,2,2,43,2,6,3,3,0,2.0936
6,3,2,2,44,2,2,4,2,1,1.1764
6,3,2,2,45,2,4,5,4,1,1.2471
6,3,2,2,46,2,6,3,3,0,1.3616
6,3,2,2,47,2,5,6,5,1,1.276
6,3,2,2,48,2,5,1,1,0,2.4614
6,3,2,2,49,2,1,4,4,0,1.4976
6,3,2,2,50,2,6,4,4,0,1.4223
6,3,2,3,1,6,4,,2,0,1.4121
6,3,2,3,2,6,3,,3,1,1.2275
6,3,2,3,3,6,1,,4,0,1.0067
6,3,2,3,4,6,5,,5,1,0.7273
6,3,2,3,5,6,5,,6,0,0.8794
6,3,2,3,6,6,2,,2,1,1.101
6,3,2,3,7,6,3,,4,0,1.2699
6,3,2,3,8,6,1,,6,0,0.7225
6,3,2,3,9,6,4,,3,0,1.2547
6,3,2,3,10,6,4,,5,0,0.9021
6,3,2,3,11,6,6,,6,1,0.802
6,3,2,3,12,6,1,,3,0,1.3519
6,3,2,3,13,6,1,,1,1,1.0581
6,3,2,3,14,6,3,,1,0,0.9883
6,3,2,3,15,6,4,,4,1,1.0936
6,3,2,3,16,6,5,,6,0,0.8789
6,3,2,3,17,6,5,,5,1,1.117
6,3,2,3,18,6,4,,4,1,1.141
6,3,2,3,19,6,5,,4,0,1.1011
6,3,2,3,20,6,6,,3,0,1.8896
6,3,2,3,21,6,1,,6,0,1.2691
6,3,2,3,22,6,6,,1,0,1.5871
6,3,2,3,23,6,3,,5,0,0.915
6,3,2,3,24,6,5,,5,1,1.0237
6,3,2,3,25,6,2,,3,0,1.4037
6,3,2,3,26,6,4,,3,0,0.8685
6,3,2,3,27,6,6,,6,1,0.6261
6,3,2,3,28,6,2,,4,0,1.3263
6,3,2,3,29,6,2,,5,0,1.0651
6,3,2,3,30,6,6,,2,0,1.2157
6,3,2,3,31,6,5,,6,0,0.816
6,3,2,3,32,6,3,,4,0,1.2953
6,3,2,3,33,6,6,,5,0,0.7312
6,3,2,3,34,6,1,,5,0,1.2309
6,3,2,3,35,6,6,,6,1,1.054
6,3,2,3,36,6,6,,1,0,1.2099
6,3,2,3,37,6,6,,3,0,1.706
6,3,2,3,38,6,2,,6,0,3.5247
6,3,2,3,39,6,2,,6,0,0.8862
6,3,2,3,40,6,2,,4,0,1.0915
6,3,2,3,41,6,4,,4,1,1.2087
6,3,2,3,42,6,5,,5,1,1.0862
6,3,2,3,43,6,1,,1,1,1.3667
6,3,2,3,44,6,2,,2,1,1.3343
6,3,2,3,45,6,4,,4,1,1.3333
6,3,2,3,46,6,3,,6,0,0.9481
6,3,2,3,47,6,6,,6,1,0.6396
6,3,2,3,48,6,3,,4,0,2.6193
6,3,2,3,49,6,3,,5,0,0.769
6,3,2,3,50,6,1,,6,0,0.6907
6,3,2,4,1,2,4,6,4,1,1.2701
6,3,2,4,2,2,4,2,4,1,1.5602
6,3,2,4,3,2,6,4,6,1,0.8152
6,3,2,4,4,2,3,6,6,0,1.1713
6,3,2,4,5,2,6,5,5,0,1.4297
6,3,2,4,6,2,1,6,1,1,1.5315
6,3,2,4,7,2,3,5,3,1,1.1386
6,3,2,4,8,2,4,5,4,1,1.7069
6,3,2,4,9,2,1,3,3,0,2.3952
6,3,2,4,10,2,1,4,1,1,1.1617
6,3,2,4,11,2,2,6,2,1,0.9605
6,3,2,4,12,2,4,6,4,1,1.3902
6,3,2,4,13,2,4,3,4,1,1.2603
6,3,2,4,14,2,2,5,2,1,1.4706
6,3,2,4,15,2,2,1,2,1,1.0965
6,3,2,4,16,2,3,5,3,1,1.9051
6,3,2,4,17,2,2,3,2,1,1.7853
6,3,2,4,18,2,5,3,5,1,1.4458
6,3,2,4,19,2,2,4,4,0,1.2653
6,3,2,4,20,2,5,4,5,1,2.0145
6,3,2,4,21,2,3,1,3,1,1.3457
6,3,2,4,22,2,6,5,6,1,1.0406
6,3,2,4,23,2,4,5,4,1,1.6917
6,3,2,4,24,2,6,3,3,0,2.9405
6,3,2,4,25,2,2,3,2,1,1.2215
6,3,2,4,26,2,5,2,2,0,2.7775
6,3,2,4,27,2,6,1,6,1,1.3526
6,3,2,4,28,2,2,1,2,1,1.3522
6,3,2,4,29,2,5,2,5,1,1.7022
6,3,2,4,30,2,1,6,6,0,2.1344
6,3,2,4,31,2,1,6,1,1,1.5209
6,3,2,4,32,2,3,4,4,0,1.5289
6,3,2,4,33,2,1,2,1,1,2.0909
6,3,2,4,34,2,2,5,5,0,1.1801
6,3,2,4,35,2,3,6,3,1,1.6444
6,3,2,4,36,2,1,2,2,0,4.7036
6,3,2,4,37,2,6,4,4,0,1.712
6,3,2,4,38,2,5,1,5,1,1.7711
6,3,2,4,39,2,3,1,3,1,1.8643
6,3,2,4,40,2,6,5,5,0,1.4104
6,3,2,4,41,2,1,4,4,0,1.545
6,3,2,4,42,2,4,3,4,1,1.5792
6,3,2,4,43,2,5,3,3,0,1.4408
6,3,2,4,44,2,6,3,6,1,1.2557
6,3,2,4,45,2,4,1,4,1,5.3058
6,3,2,4,46,2,5,2,2,0,5.6541
6,3,2,4,47,2,6,1,6,1,1.2321
6,3,2,4,48,2,5,4,5,1,1.3949
6,3,2,4,49,2,3,2,3,1,1.5206
6,3,2,4,50,2,6,5,6,1,1.2083
6,3,3,1,1,2,5,4,5,1,1.5263
6,3,3,1,2,2,5,2,5,1,1.2127
6,3,3,1,3,2,3,2,3,1,2.0495
6,3,3,1,4,2,2,4,4,0,1.2836
6,3,3,1,5,2,1,4,1,1,1.1999
6,3,3,1,6,2,5,1,5,1,1.3647
6,3,3,1,7,2,6,5,6,1,0.6108
6,3,3,1,8,2,6,4,4,0,1.2311
6,3,3,1,9,2,1,6,6,0,0.9587
6,3,3,1,10,2,4,2,2,0,1.4497
6,3,3,1,11,2,5,4,4,0,1.7591
6,3,3,1,12,2,1,4,4,0,1.241
6,3,3,1,13,2,6,4,4,0,1.3836
6,3,3,1,14,2,3,1,3,1,1.3927
6,3,3,1,15,2,4,1,1,0,1.5344
6,3,3,1,16,2,6,3,3,0,1.2334
6,3,3,1,17,2,4,2,4,1,0.8472
6,3,3,1,18,2,3,5,5,0,1.2352
6,3,3,1,19,2,2,4,4,0,1.4102
6,3,3,1,20,2,1,6,6,0,1.1463
6,3,3,1,21,2,6,4,6,1,0.8129
6,3,3,1,22,2,6,1,1,0,1.313
6,3,3,1,23,2,5,2,5,1,1.485
6,3,3,1,24,2,6,1,1,0,1.4459
6,3,3,1,25,2,1,2,2,0,3.5164
6,3,3,1,26,2,3,6,3,1,2.0607
6,3,3,1,27,2,3,6,3,1,1.4705
6,3,3,1,28,2,2,6,6,0,1.2399
6,3,3,1,29,2,4,1,4,1,1.7034
6,3,3,1,30,2,6,3,3,0,3.895
6,3,3,1,31,2,1,4,1,1,5.273
6,3,3,1,32,2,1,2,1,1,1.126
6,3,3,1,33,2,4,2,4,1,1.5342
6,3,3,1,34,2,3,6,3,1,2.7091
6,3,3,1,35,2,4,5,4,1,5.2131
6,3,3,1,36,2,3,1,3,1,4.0129
6,3,3,1,37,2,6,2,2,0,1.5029
6,3,3,1,38,2,2,1,1,0,1.5538
6,3,3,1,39,2,5,2,5,1,1.5395
6,3,3,1,40,2,6,4,4,0,3.3073
6,3,3,1,41,2,5,2,5,1,1.317
6,3,3,1,42,2,2,5,5,0,3.8132
6,3,3,1,43,2,1,2,1,1,5.0339
6,3,3,1,44,2,2,3,3,0,4.241
6,3,3,1,45,2,4,5,4,1,1.1568
6,3,3,1,46,2,2,4,4,0,1.0999
6,3,3,1,47,2,2,1,2,1,1.1044
6,3,3,1,48,2,4,3,3,0,4.8738
6,3,3,1,49,2,5,4,5,1,0.9956
6,3,3,1,50,2,3,1,1,0,1.1041
6,3,3,2,1,6,1,,2,0,1.0107
6,3,3,2,2,6,1,,1,1,0.9548
6,3,3,2,3,6,2,,2,1,1.0505
6,3,3,2,4,6,5,,4,0,1.1406
6,3,3,2,5,6,2,,2,1,0.8223
6,3,3,2,6,6,3,,3,1,1.1797
6,3,3,2,7,6,6,,6,1,0.5927
6,3,3,2,8,6,3,,5,0,0.7196
6,3,3,2,9,6,4,,2,0,0.8356
6,3,3,2,10,6,3,,1,0,0.9618
6,3,3,2,11,6,4,,2,0,0.6687
6,3,3,2,12,6,6,,6,1,0.5943
6,3,3,2,13,6,5,,2,0,0.769
6,3,3,2,14,6,6,,5,0,1.3299
6,3,3,2,15,6,4,,2,0,1.0538
6,3,3,2,16,6,3,,1,0,3.0595
6,3,3,2,17,6,6,,5,0,0.9032
6,3,3,2,18,6,5,,5,1,0.7239
6,3,3,2,19,6,3,,6,0,0.6531
6,3,3,2,20,6,5,,5,1,0.7871
6,3,3,2,21,6,6,,6,1,0.6653
6,3,3,2,22,6,3,,6,0,0.6594
6,3,3,2,23,6,5,,5,1,0.7137
6,3,3,2,24,6,1,,5,0,0.5852
6,3,3,2,25,6,2,,6,0,0.8605
6,3,3,2,26,6,6,,2,0,0.9552
6,3,3,2,27,6,6,,3,0,3.1888
6,3,3,2,28,6,2,,2,1,0.8194
6,3,3,2,29,6,1,,6,0,0.5853
6,3,3,2,30,6,4,,6,0,1.186
6,3,3,2,31,6,2,,2,1,0.8518
6,3,3,2,32,6,6,,6,1,1.0633
6,3,3,2,33,6,1,,5,0,0.8657
6,3,3,2,34,6,1,,4,0,1.0718
6,3,3,2,35,6,2,,3,0,4.965
6,3,3,2,36,6,4,,6,0,1.0667
6,3,3,2,37,6,4,,5,0,1.1045
6,3,3,2,38,6,1,,1,1,1.2358
6,3,3,2,39,6,1,,5,0,1.6084
6,3,3,2,40,6,4,,4,1,1.2559
6,3,3,2,41,6,2,,5,0,1.4658
6,3,3,2,42,6,6,,3,0,4.7679
6,3,3,2,43,6,5,,3,0,1.3409
6,3,3,2,44,6,3,,6,0,0.8399
6,3,3,2,45,6,5,,5,1,0.8881
6,3,3,2,46,6,6,,6,1,0.6819
6,3,3,2,47,6,3,,1,0,0.9953
6,3,3,2,48,6,4,,4,1,1.4034
6,3,3,2,49,6,5,,2,0,5.9599
6,3,3,2,50,6,2,,2,1,5.3491
6,3,3,3,1,2,1,4,1,1,1.2928
6,3,3,3,2,2,3,4,4,0,1.5169
6,3,3,3,3,2,5,6,6,0,0.9282
6,3,3,3,4,2,4,6,4,1,1.7566
6,3,3,3,5,2,6,2,6,1,0.6023
6,3,3,3,6,2,4,2,4,1,1.3353
6,3,3,3,7,2,2,1,1,0,1.3667
6,3,3,3,8,2,2,3,3,0,1.5996
6,3,3,3,9,2,4,5,4,1,4.6079
6,3,3,3,10,2,6,3,3,0,1.4334
6,3,3,3,11,2,3,4,4,0,6.832
6,3,3,3,12,2,6,2,6,1,0.7452
6,3,3,3,13,2,5,4,4,0,6.2235
6,3,3,3,14,2,5,3,5,1,0.6583
6,3,3,3,15,2,6,3,3,0,1.6302
6,3,3,3,16,2,3,1,3,1,8.1402
6,3,3,3,17,2,4,2,2,0,1.3957
6,3,3,3,18,2,2,3,2,1,4.6206
6,3,3,3,19,2,4,1,1,0,1.7328
6,3,3,3,20,2,4,2,2,0,4.7189
6,3,3,3,21,2,3,2,2,0,1.1982
6,3,3,3,22,2,5,6,6,0,1.2632
6,3,3,3,23,2,2,6,2,1,1.0531
6,3,3,3,24,2,5,6,5,1,3.2075
6,3,3,3,25,2,5,2,5,1,1.4186
6,3,3,3,26,2,6,1,6,1,4.2939
6,3,3,3,27,2,1,5,5,0,1.2451
6,3,3,3,28,2,4,3,3,0,11.1784
6,3,3,3,29,2,6,2,6,1,1.4098
6,3,3,3,30,2,1,5,5,0,8.942
6,3,3,3,31,2,6,5,6,1,2.3684
6,3,3,3,32,2,4,6,4,1,7.4768
6,3,3,3,33,2,2,3,2,1,1.1124
6,3,3,3,34,2,1,5,5,0,4.4651
6,3,3,3,35,2,3,1,3,1,3.4672
6,3,3,3,36,2,1,5,1,1,1.4749
6,3,3,3,37,2,6,4,4,0,4.2523
6,3,3,3,38,2,2,6,6,0,13.8868
6,3,3,3,39,2,2,5,5,0,1.4782
6,3,3,3,40,2,5,3,3,0,18.0268
6,3,3,3,41,2,3,1,3,1,1.5608
6,3,3,3,42,2,1,2,1,1,5.9818
6,3,3,3,43,2,3,1,3,1,1.6629
6,3,3,3,44,2,5,2,2,0,6.4008
6,3,3,3,45,2,1,6,6,0,0.5847
6,3,3,3,46,2,3,1,3,1,2.7889
6,3,3,3,47,2,2,1,1,0,8.9042
6,3,3,3,48,2,1,4,4,0,1.612
6,3,3,3,49,2,6,4,4,0,4.2196
6,3,3,3,50,2,6,3,3,0,1.8561
6,3,3,4,1,6,4,,4,1,1.2342
6,3,3,4,2,6,5,,4,0,1.2384
6,3,3,4,3,6,2,,2,1,1.0446
6,3,3,4,4,6,6,,5,0,0.585
6,3,3,4,5,6,6,,6,1,0.8579
6,3,3,4,6,6,4,,6,0,0.7167
6,3,3,4,7,6,2,,4,0,1.0896
6,3,3,4,8,6,3,,2,0,0.6772
6,3,3,4,9,6,3,,6,0,0.6202
6,3,3,4,10,6,1,,6,0,0.7556
6,3,3,4,11,6,2,,2,1,1.1895
6,3,3,4,12,6,2,,3,0,1.116
6,3,3,4,13,6,3,,2,0,1.0554
6,3,3,4,14,6,5,,6,0,0.6607
6,3,3,4,15,6,6,,1,0,0.8115
6,3,3,4,16,6,2,,2,1,0.6831
6,3,3,4,17,6,5,,1,0,0.5853
6,3,3,4,18,6,4,,3,0,3.9507
6,3,3,4,19,6,1,,2,0,1.0707
6,3,3,4,20,6,5,,6,0,0.9312
6,3,3,4,21,6,3,,4,0,1.1992
6,3,3,4,22,6,2,,6,0,0.5851
6,3,3,4,23,6,6,,5,0,1.1605
6,3,3,4,24,6,6,,3,0,1.5314
6,3,3,4,25,6,4,,2,0,1.1173
6,3,3,4,26,6,5,,3,0,1.2809
6,3,3,4,27,6,4,,5,0,0.7013
6,3,3,4,28,6,6,,6,1,0.8824
6,3,3,4,29,6,3,,1,0,1.0772
6,3,3,4,30,6,4,,3,0,3.3223
6,3,3,4,31,6,6,,6,1,0.5851
6,3,3,4,32,6,3,,3,1,3.9699
6,3,3,4,33,6,1,,4,0,2.4841
6,3,3,4,34,6,4,,3,0,12.2719
6,3,3,4,35,6,1,,6,0,0.6341
6,3,3,4,36,6,1,,3,0,2.0327
6,3,3,4,37,6,3,,5,0,5.8069
6,3,3,4,38,6,5,,3,0,2.6265
6,3,3,4,39,6,1,,6,0,0.6003
6,3,3,4,40,6,4,,5,0,0.5852
6,3,3,4,41,6,1,,6,0,1.2271
6,3,3,4,42,6,2,,5,0,5.7377
6,3,3,4,43,6,1,,1,1,0.9444
6,3,3,4,44,6,6,,6,1,0.585
6,3,3,4,45,6,2,,2,1,1.0376
6,3,3,4,46,6,6,,5,0,0.9375
6,3,3,4,47,6,6,,6,1,0.585
6,3,3,4,48,6,5,,5,1,0.7706
6,3,3,4,49,6,3,,6,0,0.617
6,3,3,4,50,6,5,,2,0,0.8008
6,3,4,1,1,6,3,,5,0,1.0529
6,3,4,1,2,6,4,,5,0,0.7556
6,3,4,1,3,6,3,,2,0,0.7586
6,3,4,1,4,6,4,,4,1,0.5849
6,3,4,1,5,6,1,,1,1,0.8718
6,3,4,1,6,6,1,,2,0,0.6335
6,3,4,1,7,6,2,,2,1,0.8971
6,3,4,1,8,6,3,,4,0,1.2029
6,3,4,1,9,6,2,,2,1,1.2673
6,3,4,1,10,6,4,,4,1,3.2369
6,3,4,1,11,6,5,,4,0,0.5988
6,3,4,1,12,6,2,,4,0,0.7041
6,3,4,1,13,6,1,,2,0,0.7724
6,3,4,1,14,6,1,,1,1,1.1734
6,3,4,1,15,6,4,,4,1,0.6349
6,3,4,1,16,6,3,,4,0,0.6472
6,3,4,1,17,6,1,,2,0,0.959
6,3,4,1,18,6,1,,6,0,1.3047
6,3,4,1,19,6,5,,1,0,0.9486
6,3,4,1,20,6,6,,6,1,1.0391
6,3,4,1,21,6,6,,4,0,1.1475
6,3,4,1,22,6,6,,6,1,0.9418
6,3,4,1,23,6,2,,4,0,1.4046
6,3,4,1,24,6,2,,6,0,0.9332
6,3,4,1,25,6,2,,2,1,0.8805
6,3,4,1,26,6,6,,2,0,0.8659
6,3,4,1,27,6,3,,2,0,0.7047
6,3,4,1,28,6,3,,2,0,1.0614
6,3,4,1,29,6,4,,4,1,1.8673
6,3,4,1,30,6,6,,2,0,0.837
6,3,4,1,31,6,3,,6,0,0.7225
6,3,4,1,32,6,2,,3,0,2.2949
6,3,4,1,33,6,2,,6,0,0.5852
6,3,4,1,34,6,5,,5,1,0.7554
6,3,4,1,35,6,5,,4,0,1.2112
6,3,4,1,36,6,6,,6,1,0.5868
6,3,4,1,37,6,5,,5,1,0.7766
6,3,4,1,38,6,1,,6,0,0.6019
6,3,4,1,39,6,5,,5,1,0.585
6,3,4,1,40,6,5,,4,0,0.9665
6,3,4,1,41,6,1,,4,0,1.0234
6,3,4,1,42,6,3,,3,1,1.3679
6,3,4,1,43,6,4,,6,0,0.7423
6,3,4,1,44,6,5,,6,0,0.6322
6,3,4,1,45,6,6,,3,0,1.2316
6,3,4,1,46,6,6,,5,0,0.9908
6,3,4,1,47,6,6,,4,0,1.288
6,3,4,1,48,6,4,,6,0,0.9812
6,3,4,1,49,6,4,,6,0,2.606
6,3,4,1,50,6,6,,2,0,0.9494
6,3,4,2,1,2,3,2,3,1,1.4842
6,3,4,2,2,2,2,1,2,1,1.0452
6,3,4,2,3,2,6,2,6,1,0.6558
6,3,4,2,4,2,5,4,5,1,0.7
6,3,4,2,5,2,1,6,6,0,0.7087
6,3,4,2,6,2,6,4,4,0,1.1294
6,3,4,2,7,2,6,5,5,0,0.7007
6,3,4,2,8,2,3,5,3,1,1.2651
6,3,4,2,9,2,2,1,2,1,1.1396
6,3,4,2,10,2,2,4,2,1,0.8757
6,3,4,2,11,2,3,4,4,0,1.5487
6,3,4,2,12,2,5,4,4,0,1.2949
6,3,4,2,13,2,6,4,6,1,0.6985
6,3,4,2,14,2,4,6,4,1,1.1888
6,3,4,2,15,2,5,6,5,1,1.5787
6,3,4,2,16,2,3,5,3,1,0.927
6,3,4,2,17,2,6,2,2,0,1.8064
6,3,4,2,18,2,4,2,4,1,1.2228
6,3,4,2,19,2,3,6,3,1,1.8675
6,3,4,2,20,2,1,5,5,0,1.3
6,3,4,2,21,2,5,6,5,1,1.5848
6,3,4,2,22,2,2,5,2,1,0.8699
6,3,4,2,23,2,4,1,4,1,1.1601
6,3,4,2,24,2,6,5,6,1,0.6861
6,3,4,2,25,2,1,6,1,1,1.5121
6,3,4,2,26,2,2,6,6,0,1.36
6,3,4,2,27,2,2,1,2,1,1.0179
6,3,4,2,28,2,1,6,6,0,1.3027
6,3,4,2,29,2,4,6,4,1,1.442
6,3,4,2,30,2,1,5,1,1,1.2932
6,3,4,2,31,2,3,6,3,1,1.3579
6,3,4,2,32,2,5,6,6,0,0.7483
6,3,4,2,33,2,2,6,2,1,1.0867
6,3,4,2,34,2,1,2,2,0,1.209
6,3,4,2,35,2,1,3,1,1,1.1125
6,3,4,2,36,2,6,4,4,0,1.2483
6,3,4,2,37,2,6,2,6,1,1.2307
6,3,4,2,38,2,3,6,3,1,1.2506
6,3,4,2,39,2,4,2,4,1,1.4772
6,3,4,2,40,2,4,2,4,1,1.0865
6,3,4,2,41,2,2,3,3,0,1.3997
6,3,4,2,42,2,4,1,4,1,1.3272
6,3,4,2,43,2,1,4,4,0,1.2475
6,3,4,2,44,2,6,5,6,1,1.4385
6,3,4,2,45,2,5,1,1,0,2.2019
6,3,4,2,46,2,5,2,5,1,1.6803
6,3,4,2,47,2,4,2,4,1,2.7698
6,3,4,2,48,2,6,2,2,0,1.7976
6,3,4,2,49,2,5,4,4,0,1.3094
6,3,4,2,50,2,3,5,5,0,1.1608
6,3,4,3,1,6,2,,2,1,1.1133
6,3,4,3,2,6,5,,5,1,0.7059
6,3,4,3,3,6,3,,4,0,0.9391
6,3,4,3,4,6,4,,4,1,0.6141
6,3,4,3,5,6,3,,6,0,0.7707
6,3,4,3,6,6,1,,4,0,1.3635
6,3,4,3,7,6,1,,6,0,0.7976
6,3,4,3,8,6,3,,6,0,0.7659
6,3,4,3,9,6,6,,6,1,0.8007
6,3,4,3,10,6,6,,2,0,1.2208
6,3,4,3,11,6,5,,6,0,1.0447
6,3,4,3,12,6,2,,5,0,0.6018
6,3,4,3,13,6,5,,1,0,1.9708
6,3,4,3,14,6,1,,1,1,1.7324
6,3,4,3,15,6,4,,6,0,1.1227
6,3,4,3,16,6,4,,4,1,0.6939
6,3,4,3,17,6,6,,4,0,0.5849
6,3,4,3,18,6,4,,4,1,1.769
6,3,4,3,19,6,3,,3,1,1.8947
6,3,4,3,20,6,6,,6,1,0.8959
6,3,4,3,21,6,5,,3,0,1.2961
6,3,4,3,22,6,3,,2,0,1.1972
6,3,4,3,23,6,1,,1,1,0.9733
6,3,4,3,24,6,2,,2,1,1.5001
6,3,4,3,25,6,3,,2,0,4.3075
6,3,4,3,26,6,3,,4,0,0.9811
6,3,4,3,27,6,1,,6,0,0.7184
6,3,4,3,28,6,5,,6,0,0.9931
6,3,4,3,29,6,6,,6,1,0.6818
6,3,4,3,30,6,2,,2,1,1.2519
6,3,4,3,31,6,4,,4,1,1.288
6,3,4,3,32,6,6,,3,0,1.3054
6,3,4,3,33,6,1,,5,0,1.2044
6,3,4,3,34,6,5,,6,0,1.0442
6,3,4,3,35,6,3,,3,1,1.6108
6,3,4,3,36,6,4,,6,0,0.7671
6,3,4,3,37,6,6,,6,1,0.5848
6,3,4,3,38,6,2,,5,0,0.9903
6,3,4,3,39,6,6,,2,0,1.2552
6,3,4,3,40,6,1,,6,0,0.8209
6,3,4,3,41,6,5,,3,0,1.6521
6,3,4,3,42,6,2,,2,1,1.3463
6,3,4,3,43,6,6,,3,0,1.4257
6,3,4,3,44,6,4,,6,0,1.1756
6,3,4,3,45,6,5,,6,0,0.6972
6,3,4,3,46,6,2,,2,1,0.8292
6,3,4,3,47,6,2,,4,0,1.1219
6,3,4,3,48,6,6,,6,1,0.6293
6,3,4,3,49,6,4,,2,0,0.8004
6,3,4,3,50,6,1,,5,0,0.9617
6,3,4,4,1,2,3,5,3,1,1.5285
6,3,4,4,2,2,2,5,5,0,1.1833
6,3,4,4,3,2,5,6,5,1,1.4406
6,3,4,4,4,2,6,2,2,0,2.1727
6,3,4,4,5,2,2,1,2,1,1.7326
6,3,4,4,6,2,2,1,2,1,1.251
6,3,4,4,7,2,1,5,1,1,1.8137
6,3,4,4,8,2,1,5,5,0,0.9608
6,3,4,4,9,2,3,4,3,1,1.3717
6,3,4,4,10,2,4,6,6,0,0.6009
6,3,4,4,11,2,5,1,1,0,1.4738
6,3,4,4,12,2,1,5,5,0,1.4466
6,3,4,4,13,2,4,6,4,1,1.2608
6,3,4,4,14,2,5,4,4,0,1.3437
6,3,4,4,15,2,3,1,3,1,1.3219
6,3,4,4,16,2,2,1,2,1,1.4659
6,3,4,4,17,2,4,1,4,1,1.3
6,3,4,4,18,2,1,6,6,0,3.1407
6,3,4,4,19,2,1,5,1,1,0.9484
6,3,4,4,20,2,3,1,3,1,1.1873
6,3,4,4,21,2,5,4,4,0,1.129
6,3,4,4,22,2,3,5,3,1,1.228
6,3,4,4,23,2,6,5,5,0,1.3111
6,3,4,4,24,2,1,6,1,1,1.2432
6,3,4,4,25,2,6,4,6,1,1.6148
6,3,4,4,26,2,5,1,1,0,2.7229
6,3,4,4,27,2,6,1,1,0,1.2049
6,3,4,4,28,2,6,2,6,1,1.492
6,3,4,4,29,2,2,5,2,1,1.7087
6,3,4,4,30,2,4,3,4,1,2.4439
6,3,4,4,31,2,3,6,3,1,1.5667
6,3,4,4,32,2,3,1,3,1,4.5003
6,3,4,4,33,2,3,5,3,1,1.4564
6,3,4,4,34,2,4,2,4,1,1.4519
6,3,4,4,35,2,2,4,2,1,1.1581
6,3,4,4,36,2,5,6,5,1,1.4687
6,3,4,4,37,2,5,2,5,1,0.5851
6,3,4,4,38,2,4,1,4,1,1.2522
6,3,4,4,39,2,4,5,5,0,1.4639
6,3,4,4,40,2,1,2,2,0,1.0208
6,3,4,4,41,2,6,2,2,0,1.2837
6,3,4,4,42,2,2,5,5,0,1.2966
6,3,4,4,43,2,6,2,6,1,0.6206
6,3,4,4,44,2,6,4,6,1,0.5849
6,3,4,4,45,2,6,2,6,1,0.6157
6,3,4,4,46,2,4,1,4,1,1.5882
6,3,4,4,47,2,6,3,6,1,0.5849
6,3,4,4,48,2,5,6,6,0,1.2223
6,3,4,4,49,2,1,4,4,0,1.6539
6,3,4,4,50,2,2,5,2,1,0.9786
6,3,5,1,1,2,4,1,4,1,1.2166
6,3,5,1,2,2,4,5,4,1,1.2363
6,3,5,1,3,2,4,2,4,1,1.2724
6,3,5,1,4,2,3,1,1,0,1.1304
6,3,5,1,5,2,5,4,5,1,0.8612
6,3,5,1,6,2,5,2,2,0,1.1843
6,3,5,1,7,2,6,1,6,1,1.329
6,3,5,1,8,2,4,6,4,1,1.2639
6,3,5,1,9,2,6,3,3,0,1.3939
6,3,5,1,10,2,1,3,3,0,1.4518
6,3,5,1,11,2,5,6,6,0,1.0736
6,3,5,1,12,2,6,5,6,1,0.6159
6,3,5,1,13,2,6,2,2,0,1.1245
6,3,5,1,14,2,4,2,4,1,1.2388
6,3,5,1,15,2,6,2,6,1,0.6987
6,3,5,1,16,2,2,6,2,1,1.0438
6,3,5,1,17,2,6,5,6,1,0.585
6,3,5,1,18,2,5,4,4,0,1.07
6,3,5,1,19,2,5,6,6,0,1.3156
6,3,5,1,20,2,2,3,2,1,1.2784
6,3,5,1,21,2,3,2,3,1,1.4558
6,3,5,1,22,2,2,4,4,0,1.1787
6,3,5,1,23,2,1,5,1,1,1.3392
6,3,5,1,24,2,2,5,2,1,1.5956
6,3,5,1,25,2,3,5,3,1,1.0231
6,3,5,1,26,2,2,4,2,1,1.4038
6,3,5,1,27,2,6,4,4,0,1.1764
6,3,5,1,28,2,3,5,5,0,1.0975
6,3,5,1,29,2,5,1,1,0,1.4854
6,3,5,1,30,2,4,5,5,0,0.9143
6,3,5,1,31,2,1,2,2,0,1.2776
6,3,5,1,32,2,6,4,6,1,0.7637
6,3,5,1,33,2,3,5,3,1,1.3932
6,3,5,1,34,2,2,1,1,0,1.2792
6,3,5,1,35,2,6,5,6,1,0.5851
6,3,5,1,36,2,1,2,1,1,1.3547
6,3,5,1,37,2,1,6,1,1,1.1766
6,3,5,1,38,2,1,4,4,0,1.1186
6,3,5,1,39,2,2,5,5,0,1.1861
6,3,5,1,40,2,4,3,4,1,1.4597
6,3,5,1,41,2,5,1,5,1,1.2926
6,3,5,1,42,2,3,5,3,1,1.3739
6,3,5,1,43,2,2,5,2,1,1.148
6,3,5,1,44,2,1,4,4,0,1.4429
6,3,5,1,45,2,3,1,3,1,1.4485
6,3,5,1,46,2,6,2,6,1,1.2998
6,3,5,1,47,2,4,2,4,1,1.1243
6,3,5,1,48,2,1,6,1,1,1.2926
6,3,5,1,49,2,5,2,2,0,1.1174
6,3,5,1,50,2,3,2,2,0,1.2645
6,3,5,2,1,6,1,,4,0,1.2123
6,3,5,2,2,6,2,,2,1,1.0185
6,3,5,2,3,6,3,,3,1,1.1913
6,3,5,2,4,6,4,,2,0,1.4534
6,3,5,2,5,6,2,,5,0,0.9466
6,3,5,2,6,6,4,,2,0,0.8609
6,3,5,2,7,6,3,,5,0,0.7948
6,3,5,2,8,6,5,,5,1,0.7811
6,3,5,2,9,6,4,,2,0,1.0744
6,3,5,2,10,6,1,,6,0,0.8083
6,3,5,2,11,6,5,,6,0,0.7599
6,3,5,2,12,6,4,,2,0,1.2587
6,3,5,2,13,6,1,,1,1,1.4797
6,3,5,2,14,6,1,,5,0,0.9124
6,3,5,2,15,6,6,,6,1,0.9722
6,3,5,2,16,6,6,,5,0,1.388
6,3,5,2,17,6,6,,6,1,0.611
6,3,5,2,18,6,4,,2,0,1.1515
6,3,5,2,19,6,3,,2,0,1.0579
6,3,5,2,20,6,3,,6,0,0.6319
6,3,5,2,21,6,2,,5,0,0.8957
6,3,5,2,22,6,1,,2,0,0.9251
6,3,5,2,23,6,6,,2,0,1.3675
6,3,5,2,24,6,4,,6,0,0.7689
6,3,5,2,25,6,3,,5,0,0.7869
6,3,5,2,26,6,2,,6,0,0.6607
6,3,5,2,27,6,5,,2,0,1.0821
6,3,5,2,28,6,6,,6,1,0.623
6,3,5,2,29,6,5,,5,1,0.6033
6,3,5,2,30,6,6,,5,0,0.5849
6,3,5,2,31,6,5,,2,0,0.7872
6,3,5,2,32,6,6,,3,0,1.3308
6,3,5,2,33,6,2,,1,0,0.9899
6,3,5,2,34,6,4,,5,0,0.7583
6,3,5,2,35,6,2,,1,0,0.9047
6,3,5,2,36,6,6,,6,1,0.8856
6,3,5,2,37,6,5,,1,0,1.158
6,3,5,2,38,6,1,,4,0,1.2401
6,3,5,2,39,6,5,,4,0,1.2721
6,3,5,2,40,6,3,,3,1,1.3169
6,3,5,2,41,6,2,,3,0,1.0118
6,3,5,2,42,6,6,,5,0,0.8272
6,3,5,2,43,6,5,,4,0,1.1946
6,3,5,2,44,6,6,,6,1,1.0034
6,3,5,2,45,6,2,,2,1,1.1769
6,3,5,2,46,6,1,,1,1,1.0227
6,3,5,2,47,6,3,,4,0,1.6098
6,3,5,2,48,6,1,,1,1,1.1769
6,3,5,2,49,6,3,,5,0,0.9921
6,3,5,2,50,6,4,,6,0,0.8087
6,3,5,3,1,2,1,5,5,0,1.2383
6,3,5,3,2,2,2,1,2,1,1.2366
6,3,5,3,3,2,2,3,2,1,0.7605
6,3,5,3,4,2,4,6,4,1,1.3425
6,3,5,3,5,2,1,6,1,1,1.2772
6,3,5,3,6,2,6,4,6,1,0.879
6,3,5,3,7,2,3,6,3,1,1.1854
6,3,5,3,8,2,4,5,4,1,1.2541
6,3,5,3,9,2,4,5,5,0,1.4013
6,3,5,3,10,2,6,4,4,0,1.185
6,3,5,3,11,2,3,5,3,1,1.2175
6,3,5,3,12,2,2,4,4,0,1.1893
6,3,5,3,13,2,5,2,2,0,1.2227
6,3,5,3,14,2,6,2,6,1,0.5849
6,3,5,3,15,2,2,3,3,0,1.3159
6,3,5,3,16,2,6,4,6,1,0.5924
6,3,5,3,17,2,1,6,6,0,1.1968
6,3,5,3,18,2,1,3,3,0,1.3732
6,3,5,3,19,2,2,4,2,1,1.7199
6,3,5,3,20,2,1,3,3,0,1.3507
6,3,5,3,21,2,3,5,3,1,1.4085
6,3,5,3,22,2,3,4,4,0,1.6461
6,3,5,3,23,2,5,2,5,1,1.4516
6,3,5,3,24,2,6,1,6,1,1.0136
6,3,5,3,25,2,6,3,3,0,2.275
6,3,5,3,26,2,5,2,2,0,1.4466
6,3,5,3,27,2,6,5,6,1,0.5847
6,3,5,3,28,2,5,6,6,0,0.8437
6,3,5,3,29,2,4,5,4,1,1.1935
6,3,5,3,30,2,1,2,1,1,1.007
6,3,5,3,31,2,2,5,2,1,1.0189
6,3,5,3,32,2,6,2,6,1,0.8885
6,3,5,3,33,2,5,2,5,1,1.2249
6,3,5,3,34,2,4,6,4,1,1.2614
6,3,5,3,35,2,2,5,5,0,0.7994
6,3,5,3,36,2,5,4,5,1,1.2644
6,3,5,3,37,2,3,2,2,0,1.0099
6,3,5,3,38,2,3,4,3,1,1.5628
6,3,5,3,39,2,1,4,4,0,2.0804
6,3,5,3,40,2,6,4,6,1,0.8921
6,3,5,3,41,2,4,5,4,1,1.245
6,3,5,3,42,2,1,4,1,1,1.4407
6,3,5,3,43,2,6,2,6,1,1.0823
6,3,5,3,44,2,4,2,4,1,1.2842
6,3,5,3,45,2,2,5,2,1,1.0941
6,3,5,3,46,2,3,6,3,1,1.5829
6,3,5,3,47,2,5,3,5,1,0.9005
6,3,5,3,48,2,5,1,5,1,1.4615
6,3,5,3,49,2,4,5,4,1,1.4227
6,3,5,3,50,2,3,6,3,1,3.4352
6,3,5,4,1,6,4,,2,0,1.2503
6,3,5,4,2,6,1,,2,0,1.008
6,3,5,4,3,6,4,,2,0,1.0802
6,3,5,4,4,6,6,,6,1,0.7647
6,3,5,4,5,6,5,,1,0,0.9794
6,3,5,4,6,6,2,,4,0,1.2759
6,3,5,4,7,6,3,,1,0,0.9525
6,3,5,4,8,6,5,,5,1,0.5851
6,3,5,4,9,6,1,,4,0,1.1694
6,3,5,4,10,6,1,,6,0,0.8339
6,3,5,4,11,6,5,,5,1,0.7693
6,3,5,4,12,6,5,,5,1,0.6956
6,3,5,4,13,6,2,,2,1,1.505
6,3,5,4,14,6,3,,1,0,0.9376
6,3,5,4,15,6,2,,3,0,1.1894
6,3,5,4,16,6,6,,6,1,0.6125
6,3,5,4,17,6,5,,2,0,1.1061
6,3,5,4,18,6,4,,6,0,0.8852
6,3,5,4,19,6,6,,6,1,0.9627
6,3,5,4,20,6,6,,6,1,1.0098
6,3,5,4,21,6,1,,6,0,0.9902
6,3,5,4,22,6,1,,5,0,1.3663
6,3,5,4,23,6,3,,4,0,1.584
6,3,5,4,24,6,6,,6,1,0.8006
6,3,5,4,25,6,1,,2,0,1.2065
6,3,5,4,26,6,6,,6,1,0.6772
6,3,5,4,27,6,4,,3,0,1.903
6,3,5,4,28,6,3,,3,1,1.2179
6,3,5,4,29,6,3,,2,0,1.2705
6,3,5,4,30,6,4,,5,0,1.2681
6,3,5,4,31,6,3,,4,0,1.0408
6,3,5,4,32,6,2,,4,0,1.6713
6,3,5,4,33,6,6,,6,1,0.7571
6,3,5,4,34,6,2,,2,1,1.2601
6,3,5,4,35,6,1,,1,1,0.99
6,3,5,4,36,6,2,,6,0,1.2109
6,3,5,4,37,6,6,,3,0,3.8188
6,3,5,4,38,6,6,,5,0,0.6877
6,3,5,4,39,6,5,,2,0,1.5234
6,3,5,4,40,6,1,,1,1,1.4623
6,3,5,4,41,6,5,,5,1,2.1934
6,3,5,4,42,6,2,,4,0,7.1813
6,3,5,4,43,6,3,,6,0,0.8867
6,3,5,4,44,6,5,,4,0,3.5242
6,3,5,4,45,6,4,,4,1,1.2202
6,3,5,4,46,6,2,,2,1,0.952
6,3,5,4,47,6,3,,4,0,1.0152
6,3,5,4,48,6,4,,2,0,0.9262
6,3,5,4,49,6,4,,1,0,0.9844
6,3,5,4,50,6,6,,2,0,1.1051
7,1,1,1,1,2,2,3,2,1,1.7247
7,1,1,1,2,2,3,4,3,1,1.3398
7,1,1,1,3,2,6,4,6,1,1.0832
7,1,1,1,4,2,2,6,2,1,1.7169
7,1,1,1,5,2,1,2,1,1,1.4124
7,1,1,1,6,2,1,6,6,0,1.7617
7,1,1,1,7,2,4,1,4,1,1.339
7,1,1,1,8,2,3,2,3,1,1.3229
7,1,1,1,9,2,6,4,6,1,1.3386
7,1,1,1,10,2,3,2,3,1,1.6902
7,1,1,1,11,2,1,4,4,0,2.1393
7,1,1,1,12,2,5,3,3,0,2.8535
7,1,1,1,13,2,5,2,5,1,1.9216
7,1,1,1,14,2,6,4,6,1,1.0332
7,1,1,1,15,2,5,2,2,0,1.7009
7,1,1,1,16,2,6,3,6,1,1.0728
7,1,1,1,17,2,6,4,6,1,0.891
7,1,1,1,18,2,3,4,4,0,1.8367
7,1,1,1,19,2,5,2,5,1,2.4832
7,1,1,1,20,2,5,3,5,1,1.8433
7,1,1,1,21,2,1,5,1,1,1.326
7,1,1,1,22,2,6,5,6,1,0.9579
7,1,1,1,23,2,2,1,1,0,1.5815
7,1,1,1,24,2,1,2,1,1,1.7582
7,1,1,1,25,2,5,3,5,1,1.8522
7,1,1,1,26,2,4,1,1,0,1.1423
7,1,1,1,27,2,3,6,6,0,1.8016
7,1,1,1,28,2,4,5,4,1,1.9212
7,1,1,1,29,2,3,6,3,1,1.8162
7,1,1,1,30,2,6,5,6,1,1.1724
7,1,1,1,31,2,5,6,5,1,1.4184
7,1,1,1,32,2,6,1,6,1,1.2225
7,1,1,1,33,2,4,3,4,1,1.2587
7,1,1,1,34,2,4,1,4,1,1.1332
7,1,1,1,35,2,2,5,2,1,2.2293
7,1,1,1,36,2,3,5,3,1,1.7923
7,1,1,1,37,2,4,1,4,1,1.2613
7,1,1,1,38,2,4,6,6,0,1.072
7,1,1,1,39,2,4,3,4,1,1.5093
7,1,1,1,40,2,3,6,3,1,2.0305
7,1,1,1,41,2,6,3,6,1,1.0724
7,1,1,1,42,2,2,6,2,1,1.8034
7,1,1,1,43,2,1,2,1,1,1.3674
7,1,1,1,44,2,2,5,2,1,1.2215
7,1,1,1,45,2,1,6,1,1,1.1293
7,1,1,1,46,2,1,5,1,1,0.9781
7,1,1,1,47,2,6,5,6,1,0.7994
7,1,1,1,48,2,2,5,5,0,1.3489
7,1,1,1,49,2,5,2,5,1,0.9436
7,1,1,1,50,2,2,5,2,1,1.1351
7,1,1,2,1,6,3,,6,0,1.9087
7,1,1,2,2,6,3,,2,0,1.3357
7,1,1,2,3,6,3,,3,1,1.5545
7,1,1,2,4,6,1,,4,0,1.2416
7,1,1,2,5,6,1,,6,0,0.9044
7,1,1,2,6,6,2,,2,1,1.2687
7,1,1,2,7,6,5,,6,0,0.887
7,1,1,2,8,6,4,,3,0,1.6682
7,1,1,2,9,6,4,,2,0,1.4901
7,1,1,2,10,6,3,,3,1,1.878
7,1,1,2,11,6,4,,4,1,1.2159
7,1,1,2,12,6,4,,4,1,1.2836
7,1,1,2,13,6,6,,3,0,1.9738
7,1,1,2,14,6,6,,6,1,0.6786
7,1,1,2,15,6,6,,6,1,0.7369
7,1,1,2,16,6,2,,3,0,1.6091
7,1,1,2,17,6,5,,1,0,1.6565
7,1,1,2,18,6,1,,1,1,1.3028
7,1,1,2,19,6,5,,6,0,0.8234
7,1,1,2,20,6,4,,1,0,1.9114
7,1,1,2,21,6,2,,2,1,1.1463
7,1,1,2,22,6,6,,3,0,1.2493
7,1,1,2,23,6,5,,2,0,1.5043
7,1,1,2,24,6,1,,5,0,1.6839
7,1,1,2,25,6,1,,1,1,1.2642
7,1,1,2,26,6,5,,6,0,1.4265
7,1,1,2,27,6,2,,2,1,1.2896
7,1,1,2,28,6,2,,6,0,1.1154
7,1,1,2,29,6,6,,6,1,0.7352
7,1,1,2,30,6,6,,1,0,1.3035
7,1,1,2,31,6,2,,2,1,1.1874
7,1,1,2,32,6,1,,1,1,1.273
7,1,1,2,33,6,3,,6,0,0.5842
7,1,1,2,34,6,3,,1,0,1.3964
7,1,1,2,35,6,6,,6,1,1.0369
7,1,1,2,36,6,6,,6,1,1.0491
7,1,1,2,37,6,2,,1,0,1.2992
7,1,1,2,38,6,2,,2,1,1.3441
7,1,1,2,39,6,3,,3,1,1.2797
7,1,1,2,40,6,5,,1,0,1.3132
7,1,1,2,41,6,6,,6,1,0.7169
7,1,1,2,42,6,4,,6,0,0.8861
7,1,1,2,43,6,4,,4,1,1.3792
7,1,1,2,44,6,6,,6,1,0.8322
7,1,1,2,45,6,3,,2,0,1.3486
7,1,1,2,46,6,4,,5,0,1.4865
7,1,1,2,47,6,5,,5,1,0.9949
7,1,1,2,48,6,1,,4,0,1.3134
7,1,1,2,49,6,5,,5,1,0.9408
7,1,1,2,50,6,1,,1,1,0.8603
7,1,1,3,1,2,2,5,2,1,1.3895
7,1,1,3,2,2,2,3,2,1,1.0508
7,1,1,3,3,2,2,6,2,1,2.326
7,1,1,3,4,2,4,3,4,1,1.949
7,1,1,3,5,2,5,3,5,1,1.8268
7,1,1,3,6,2,5,4,5,1,1.7579
7,1,1,3,7,2,3,1,3,1,2.5726
7,1,1,3,8,2,1,6,1,1,1.0654
7,1,1,3,9,2,5,1,5,1,3.5075
7,1,1,3,10,2,6,2,6,1,1.0179
7,1,1,3,11,2,3,4,3,1,1.5746
7,1,1,3,12,2,6,2,6,1,0.7964
7,1,1,3,13,2,5,2,2,0,2.1784
7,1,1,3,14,2,1,6,1,1,1.5626
7,1,1,3,15,2,1,4,1,1,1.313
7,1,1,3,16,2,6,4,6,1,1.0729
7,1,1,3,17,2,4,6,4,1,2.2834
7,1,1,3,18,2,2,3,2,1,1.3313
7,1,1,3,19,2,4,5,5,0,2.2427
7,1,1,3,20,2,4,1,1,0,1.3843
7,1,1,3,21,2,6,2,6,1,0.8336
7,1,1,3,22,2,2,6,2,1,1.4772
7,1,1,3,23,2,6,4,6,1,0.7351
7,1,1,3,24,2,2,1,2,1,1.1758
7,1,1,3,25,2,5,1,5,1,1.2776
7,1,1,3,26,2,1,6,6,0,1.5201
7,1,1,3,27,2,1,3,1,1,1.6991
7,1,1,3,28,2,4,2,4,1,1.8117
7,1,1,3,29,2,6,1,6,1,1.1036
7,1,1,3,30,2,3,2,3,1,1.5447
7,1,1,3,31,2,5,6,6,0,0.6402
7,1,1,3,32,2,1,2,1,1,1.9278
7,1,1,3,33,2,3,1,1,0,1.3909
7,1,1,3,34,2,4,6,4,1,1.3998
7,1,1,3,35,2,6,3,6,1,0.9004
7,1,1,3,36,2,5,3,5,1,1.5899
7,1,1,3,37,2,3,4,4,0,1.7228
7,1,1,3,38,2,6,2,6,1,1.3343
7,1,1,3,39,2,2,1,1,0,1.4133
7,1,1,3,40,2,4,5,4,1,1.3564
7,1,1,3,41,2,3,5,5,0,1.5153
7,1,1,3,42,2,1,5,5,0,1.4863
7,1,1,3,43,2,3,2,3,1,2.243
7,1,1,3,44,2,4,2,2,0,1.6616
7,1,1,3,45,2,2,1,2,1,1.2431
7,1,1,3,46,2,1,5,1,1,1.198
7,1,1,3,47,2,3,2,3,1,1.3944
7,1,1,3,48,2,6,1,6,1,0.8964
7,1,1,3,49,2,6,1,6,1,1.3455
7,1,1,3,50,2,5,4,5,1,0.9439
7,1,1,4,1,6,6,,6,1,0.6691
7,1,1,4,2,6,1,,1,1,1.0324
7,1,1,4,3,6,5,,3,0,1.2522
7,1,1,4,4,6,2,,1,0,1.2187
7,1,1,4,5,6,5,,6,0,0.7534
7,1,1,4,6,6,3,,5,0,0.8852
7,1,1,4,7,6,5,,3,0,1.714
7,1,1,4,8,6,6,,6,1,0.7175
7,1,1,4,9,6,5,,4,0,1.2381
7,1,1,4,10,6,1,,5,0,1.317
7,1,1,4,11,6,2,,6,0,0.864
7,1,1,4,12,6,6,,6,1,0.7826
7,1,1,4,13,6,5,,5,1,1.4444
7,1,1,4,14,6,5,,1,0,0.9751
7,1,1,4,15,6,4,,3,0,1.561
7,1,1,4,16,6,3,,3,1,1.1939
7,1,1,4,17,6,1,,1,1,0.9427
7,1,1,4,18,6,1,,1,1,1.7115
7,1,1,4,19,6,4,,2,0,1.1351
7,1,1,4,20,6,6,,3,0,1.2504
7,1,1,4,21,6,4,,4,1,1.0089
7,1,1,4,22,6,4,,1,0,1.15
7,1,1,4,23,6,2,,1,0,1.9201
7,1,1,4,24,6,3,,3,1,1.2516
7,1,1,4,25,6,2,,5,0,1.3503
7,1,1,4,26,6,6,,6,1,0.9757
7,1,1,4,27,6,5,,6,0,0.9104
7,1,1,4,28,6,6,,6,1,1.2264
7,1,1,4,29,6,6,,4,0,1.4222
7,1,1,4,30,6,4,,4,1,0.8855
7,1,1,4,31,6,2,,2,1,1.0632
7,1,1,4,32,6,6,,6,1,0.7381
7,1,1,4,33,6,2,,2,1,1.3056
7,1,1,4,34,6,1,,1,1,0.9227
7,1,1,4,35,6,6,,2,0,1.1956
7,1,1,4,36,6,4,,4,1,1.3878
7,1,1,4,37,6,6,,4,0,1.3206
7,1,1,4,38,6,1,,1,1,0.8845
7,1,1,4,39,6,1,,1,1,0.8544
7,1,1,4,40,6,4,,2,0,1.0655
7,1,1,4,41,6,3,,3,1,1.1191
7,1,1,4,42,6,1,,5,0,1.1919
7,1,1,4,43,6,3,,4,0,1.273
7,1,1,4,44,6,3,,3,1,0.8542
7,1,1,4,45,6,4,,2,0,0.8898
7,1,1,4,46,6,2,,6,0,1.0472
7,1,1,4,47,6,5,,4,0,0.9409
7,1,1,4,48,6,3,,3,1,1.369
7,1,1,4,49,6,3,,4,0,1.3991
7,1,1,4,50,6,2,,4,0,1.0552
7,1,2,1,1,6,6,,6,1,3.1629
7,1,2,1,2,6,6,,6,1,0.9749
7,1,2,1,3,6,1,,1,1,1.1659
7,1,2,1,4,6,1,,6,0,0.7884
7,1,2,1,5,6,1,,1,1,0.982
7,1,2,1,6,6,1,,6,0,0.7071
7,1,2,1,7,6,2,,2,1,1.1439
7,1,2,1,8,6,6,,6,1,0.7359
7,1,2,1,9,6,3,,3,1,1.8315
7,1,2,1,10,6,5,,6,0,0.7073
7,1,2,1,11,6,3,,6,0,3.1286
7,1,2,1,12,6,5,,2,0,1.2095
7,1,2,1,13,6,2,,2,1,0.6986
7,1,2,1,14,6,4,,3,0,1.3797
7,1,2,1,15,6,3,,4,0,1.1485
7,1,2,1,16,6,2,,2,1,1.1829
7,1,2,1,17,6,5,,5,1,1.2362
7,1,2,1,18,6,2,,3,0,1.272
7,1,2,1,19,6,4,,4,1,1.0135
7,1,2,1,20,6,4,,4,1,0.8178
7,1,2,1,21,6,4,,2,0,1.3506
7,1,2,1,22,6,1,,1,1,1.2011
7,1,2,1,23,6,5,,6,0,1.8937
7,1,2,1,24,6,2,,2,1,1.306
7,1,2,1,25,6,5,,3,0,1.3545
7,1,2,1,26,6,6,,6,1,1.6372
7,1,2,1,27,6,6,,6,1,0.9524
7,1,2,1,28,6,6,,4,0,1.4953
7,1,2,1,29,6,1,,3,0,1.2908
7,1,2,1,30,6,3,,3,1,1.1923
7,1,2,1,31,6,6,,4,0,1.2457
7,1,2,1,32,6,2,,4,0,1.4843
7,1,2,1,33,6,6,,6,1,0.7846
7,1,2,1,34,6,4,,4,1,1.6704
7,1,2,1,35,6,6,,6,1,0.8083
7,1,2,1,36,6,5,,1,0,1.3101
7,1,2,1,37,6,1,,2,0,0.8892
7,1,2,1,38,6,6,,6,1,0.6142
7,1,2,1,39,6,5,,6,0,1.091
7,1,2,1,40,6,1,,3,0,1.7686
7,1,2,1,41,6,4,,4,1,1.2178
7,1,2,1,42,6,2,,4,0,1.3174
7,1,2,1,43,6,4,,4,1,1.0094
7,1,2,1,44,6,3,,6,0,0.7499
7,1,2,1,45,6,5,,6,0,1.152
7,1,2,1,46,6,4,,4,1,1.0752
7,1,2,1,47,6,3,,4,0,1.3409
7,1,2,1,48,6,3,,4,0,1.032
7,1,2,1,49,6,3,,1,0,0.9588
7,1,2,1,50,6,2,,3,0,2.4094
7,1,2,2,1,2,3,5,3,1,2.5339
7,1,2,2,2,2,6,5,6,1,0.804
7,1,2,2,3,2,5,2,2,0,1.8649
7,1,2,2,4,2,4,1,4,1,1.6939
7,1,2,2,5,2,1,2,1,1,0.9586
7,1,2,2,6,2,1,2,2,0,2.0773
7,1,2,2,7,2,5,6,6,0,1.0337
7,1,2,2,8,2,3,1,3,1,1.4408
7,1,2,2,9,2,6,5,6,1,0.7481
7,1,2,2,10,2,6,1,6,1,0.7557
7,1,2,2,11,2,6,4,6,1,1.3551
7,1,2,2,12,2,2,3,3,0,2.4099
7,1,2,2,13,2,5,4,4,0,1.5279
7,1,2,2,14,2,3,1,3,1,2.0264
7,1,2,2,15,2,6,3,6,1,1.3409
7,1,2,2,16,2,6,3,6,1,0.8126
7,1,2,2,17,2,3,6,3,1,1.2816
7,1,2,2,18,2,4,5,4,1,0.9946
7,1,2,2,19,2,1,6,1,1,1.1198
7,1,2,2,20,2,4,2,4,1,1.2561
7,1,2,2,21,2,1,4,1,1,1.9308
7,1,2,2,22,2,5,2,5,1,1.074
7,1,2,2,23,2,2,3,2,1,1.8684
7,1,2,2,24,2,5,3,3,0,1.5575
7,1,2,2,25,2,4,3,4,1,1.3356
7,1,2,2,26,2,2,1,2,1,1.7347
7,1,2,2,27,2,1,6,1,1,1.0781
7,1,2,2,28,2,3,2,2,0,1.1516
7,1,2,2,29,2,1,2,1,1,1.1696
7,1,2,2,30,2,4,2,4,1,1.08
7,1,2,2,31,2,1,3,1,1,1.6818
7,1,2,2,32,2,2,3,2,1,1.2509
7,1,2,2,33,2,3,4,3,1,1.2537
7,1,2,2,34,2,2,3,2,1,1.4326
7,1,2,2,35,2,6,2,6,1,0.9316
7,1,2,2,36,2,2,4,4,0,1.6195
7,1,2,2,37,2,6,5,6,1,1.3627
7,1,2,2,38,2,4,1,4,1,1.0575
7,1,2,2,39,2,5,3,5,1,1.2767
7,1,2,2,40,2,4,1,4,1,1.135
7,1,2,2,41,2,4,1,4,1,0.8707
7,1,2,2,42,2,2,4,2,1,1.017
7,1,2,2,43,2,5,6,5,1,0.9173
7,1,2,2,44,2,5,1,1,0,1.2861
7,1,2,2,45,2,3,2,3,1,1.3946
7,1,2,2,46,2,3,2,3,1,1.4399
7,1,2,2,47,2,1,3,3,0,1.4036
7,1,2,2,48,2,6,5,6,1,1.0437
7,1,2,2,49,2,2,6,2,1,1.0551
7,1,2,2,50,2,6,1,6,1,0.7466
7,1,2,3,1,6,6,,6,1,0.895
7,1,2,3,2,6,2,,3,0,1.6323
7,1,2,3,3,6,3,,3,1,1.3274
7,1,2,3,4,6,5,,5,1,0.9914
7,1,2,3,5,6,5,,2,0,1.3406
7,1,2,3,6,6,3,,3,1,1.0961
7,1,2,3,7,6,5,,5,1,0.7694
7,1,2,3,8,6,6,,6,1,0.6966
7,1,2,3,9,6,6,,1,0,1.3461
7,1,2,3,10,6,4,,1,0,0.8599
7,1,2,3,11,6,1,,6,0,0.6338
7,1,2,3,12,6,1,,1,1,1.3461
7,1,2,3,13,6,4,,5,0,1.3921
7,1,2,3,14,6,4,,1,0,1.3844
7,1,2,3,15,6,3,,2,0,1.2011
7,1,2,3,16,6,1,,4,0,1.6497
7,1,2,3,17,6,3,,4,0,1.0075
7,1,2,3,18,6,4,,4,1,0.7435
7,1,2,3,19,6,2,,3,0,1.4233
7,1,2,3,20,6,6,,6,1,0.7745
7,1,2,3,21,6,1,,1,1,1.0858
7,1,2,3,22,6,1,,5,0,1.5111
7,1,2,3,23,6,6,,6,1,0.6181
7,1,2,3,24,6,6,,6,1,0.903
7,1,2,3,25,6,4,,4,1,1.129
7,1,2,3,26,6,2,,2,1,1.1683
7,1,2,3,27,6,6,,6,1,0.8706
7,1,2,3,28,6,2,,4,0,1.0965
7,1,2,3,29,6,3,,3,1,1.4212
7,1,2,3,30,6,2,,2,1,1.1932
7,1,2,3,31,6,5,,6,0,0.7818
7,1,2,3,32,6,3,,4,0,1.7114
7,1,2,3,33,6,2,,1,0,1.4027
7,1,2,3,34,6,2,,2,1,1.1233
7,1,2,3,35,6,6,,4,0,1.2913
7,1,2,3,36,6,1,,4,0,2.0391
7,1,2,3,37,6,6,,4,0,1.1733
7,1,2,3,38,6,2,,2,1,1.063
7,1,2,3,39,6,1,,6,0,1.3131
7,1,2,3,40,6,5,,5,1,0.8122
7,1,2,3,41,6,6,,6,1,0.7847
7,1,2,3,42,6,4,,4,1,1.1916
7,1,2,3,43,6,3,,6,0,0.7488
7,1,2,3,44,6,4,,2,0,1.8559
7,1,2,3,45,6,3,,4,0,1.1571
7,1,2,3,46,6,5,,4,0,1.0958
7,1,2,3,47,6,1,,6,0,0.8119
7,1,2,3,48,6,5,,4,0,1.2764
7,1,2,3,49,6,4,,4,1,0.9851
7,1,2,3,50,6,5,,2,0,1.4945
7,1,2,4,1,2,5,6,5,1,2.0244
7,1,2,4,2,2,1,6,1,1,1.6119
7,1,2,4,3,2,6,1,6,1,0.6712
7,1,2,4,4,2,4,3,4,1,1.3065
7,1,2,4,5,2,3,5,3,1,1.6112
7,1,2,4,6,2,3,5,5,0,1.8865
7,1,2,4,7,2,2,5,2,1,1.5235
7,1,2,4,8,2,1,5,1,1,1.4511
7,1,2,4,9,2,6,2,6,1,0.6932
7,1,2,4,10,2,6,1,6,1,1.391
7,1,2,4,11,2,1,6,1,1,1.2121
7,1,2,4,12,2,2,4,2,1,1.0566
7,1,2,4,13,2,5,6,5,1,1.1478
7,1,2,4,14,2,2,6,2,1,1.1543
7,1,2,4,15,2,6,5,6,1,1.3214
7,1,2,4,16,2,4,5,4,1,1.2738
7,1,2,4,17,2,1,5,5,0,1.4679
7,1,2,4,18,2,4,1,4,1,1.1694
7,1,2,4,19,2,5,2,5,1,1.5593
7,1,2,4,20,2,5,1,5,1,1.2301
7,1,2,4,21,2,3,2,3,1,1.4734
7,1,2,4,22,2,3,2,3,1,1.4353
7,1,2,4,23,2,2,1,2,1,1.8789
7,1,2,4,24,2,4,2,2,0,1.7756
7,1,2,4,25,2,6,5,6,1,0.8879
7,1,2,4,26,2,3,4,4,0,1.7699
7,1,2,4,27,2,5,1,1,0,1.4909
7,1,2,4,28,2,4,1,4,1,1.2548
7,1,2,4,29,2,6,1,6,1,0.8418
7,1,2,4,30,2,1,4,1,1,1.0378
7,1,2,4,31,2,6,5,6,1,1.1294
7,1,2,4,32,2,5,4,4,0,1.073
7,1,2,4,33,2,2,5,2,1,1.015
7,1,2,4,34,2,4,1,4,1,1.0431
7,1,2,4,35,2,4,1,1,0,1.2617
7,1,2,4,36,2,1,3,1,1,1.1157
7,1,2,4,37,2,1,6,1,1,1.1716
7,1,2,4,38,2,4,6,4,1,1.1146
7,1,2,4,39,2,6,1,6,1,0.7224
7,1,2,4,40,2,5,3,5,1,0.9877
7,1,2,4,41,2,6,3,6,1,0.7771
7,1,2,4,42,2,2,6,2,1,1.3113
7,1,2,4,43,2,2,1,2,1,0.943
7,1,2,4,44,2,3,1,1,0,1.7104
7,1,2,4,45,2,3,6,3,1,1.4016
7,1,2,4,46,2,6,3,6,1,0.9817
7,1,2,4,47,2,2,1,1,0,1.444
7,1,2,4,48,2,1,5,1,1,1.6101
7,1,2,4,49,2,5,3,3,0,1.4067
7,1,2,4,50,2,3,1,3,1,1.5427
7,1,3,1,1,2,6,1,6,1,0.5843
7,1,3,1,2,2,4,5,4,1,1.3215
7,1,3,1,3,2,3,6,3,1,1.289
7,1,3,1,4,2,3,1,1,0,1.3551
7,1,3,1,5,2,1,3,1,1,1.4126
7,1,3,1,6,2,1,4,4,0,1.4569
7,1,3,1,7,2,6,1,1,0,1.5272
7,1,3,1,8,2,4,3,4,1,1.1456
7,1,3,1,9,2,6,2,6,1,0.7684
7,1,3,1,10,2,2,1,2,1,1.1912
7,1,3,1,11,2,1,3,1,1,1.053
7,1,3,1,12,2,2,5,2,1,1.0001
7,1,3,1,13,2,5,2,2,0,1.653
7,1,3,1,14,2,4,6,4,1,1.1867
7,1,3,1,15,2,6,1,6,1,0.6803
7,1,3,1,16,2,2,5,2,1,1.0267
7,1,3,1,17,2,3,1,1,0,1.1502
7,1,3,1,18,2,1,4,1,1,0.9288
7,1,3,1,19,2,6,3,6,1,0.8003
7,1,3,1,20,2,2,3,2,1,0.9979
7,1,3,1,21,2,5,1,5,1,0.8988
7,1,3,1,22,2,3,2,3,1,1.0436
7,1,3,1,23,2,1,3,3,0,1.8549
7,1,3,1,24,2,4,2,2,0,1.0927
7,1,3,1,25,2,6,3,3,0,1.6888
7,1,3,1,26,2,5,1,5,1,2.0856
7,1,3,1,27,2,1,3,1,1,1.4464
7,1,3,1,28,2,3,5,5,0,1.3291
7,1,3,1,29,2,1,5,1,1,1.0997
7,1,3,1,30,2,5,2,5,1,1.1083
7,1,3,1,31,2,5,1,5,1,1.1168
7,1,3,1,32,2,6,4,6,1,1.3173
7,1,3,1,33,2,3,2,2,0,1.1733
7,1,3,1,34,2,4,6,4,1,0.9184
7,1,3,1,35,2,1,3,1,1,1.1747
7,1,3,1,36,2,5,6,6,0,1.3889
7,1,3,1,37,2,2,1,2,1,2.3413
7,1,3,1,38,2,4,5,4,1,1.0999
7,1,3,1,39,2,6,1,6,1,1.2528
7,1,3,1,40,2,5,4,4,0,1.3195
7,1,3,1,41,2,5,2,5,1,1.1232
7,1,3,1,42,2,6,3,6,1,1.2432
7,1,3,1,43,2,6,3,6,1,1.3417
7,1,3,1,44,2,2,4,4,0,1.4207
7,1,3,1,45,2,2,1,2,1,1.572
7,1,3,1,46,2,4,5,4,1,0.986
7,1,3,1,47,2,2,1,2,1,1.5119
7,1,3,1,48,2,3,5,5,0,1.3916
7,1,3,1,49,2,4,3,4,1,1.064
7,1,3,1,50,2,3,4,3,1,1.7782
7,1,3,2,1,6,3,,5,0,1.2767
7,1,3,2,2,6,4,,2,0,1.2577
7,1,3,2,3,6,5,,4,0,1.0473
7,1,3,2,4,6,3,,3,1,1.3256
7,1,3,2,5,6,2,,4,0,1.005
7,1,3,2,6,6,6,,6,1,0.6292
7,1,3,2,7,6,5,,1,0,1.5542
7,1,3,2,8,6,6,,4,0,1.0277
7,1,3,2,9,6,3,,4,0,1.0993
7,1,3,2,10,6,6,,4,0,0.9116
7,1,3,2,11,6,5,,6,0,1.5635
7,1,3,2,12,6,4,,4,1,0.8769
7,1,3,2,13,6,2,,5,0,0.9905
7,1,3,2,14,6,6,,3,0,1.0308
7,1,3,2,15,6,2,,2,1,1.358
7,1,3,2,16,6,4,,4,1,0.9893
7,1,3,2,17,6,1,,4,0,0.875
7,1,3,2,18,6,2,,2,1,1.0964
7,1,3,2,19,6,1,,1,1,1.1689
7,1,3,2,20,6,3,,3,1,1.4477
7,1,3,2,21,6,4,,4,1,1.6337
7,1,3,2,22,6,1,,3,0,1.2853
7,1,3,2,23,6,1,,1,1,0.9297
7,1,3,2,24,6,1,,1,1,1.3619
7,1,3,2,25,6,4,,4,1,1.152
7,1,3,2,26,6,1,,3,0,1.4789
7,1,3,2,27,6,5,,2,0,1.2914
7,1,3,2,28,6,1,,2,0,0.8879
7,1,3,2,29,6,3,,1,0,1.1733
7,1,3,2,30,6,5,,5,1,0.9501
7,1,3,2,31,6,5,,1,0,1.0614
7,1,3,2,32,6,6,,6,1,0.5876
7,1,3,2,33,6,2,,2,1,1.0009
7,1,3,2,34,6,6,,6,1,0.5986
7,1,3,2,35,6,2,,2,1,1.1882
7,1,3,2,36,6,2,,4,0,0.8572
7,1,3,2,37,6,4,,1,0,0.8239
7,1,3,2,38,6,1,,4,0,0.967
7,1,3,2,39,6,3,,6,0,1.2809
7,1,3,2,40,6,2,,1,0,0.9099
7,1,3,2,41,6,6,,6,1,0.6815
7,1,3,2,42,6,4,,2,0,1.1237
7,1,3,2,43,6,5,,5,1,1.2069
7,1,3,2,44,6,3,,3,1,1.3563
7,1,3,2,45,6,3,,6,0,1.5622
7,1,3,2,46,6,6,,6,1,0.6198
7,1,3,2,47,6,6,,6,1,0.5843
7,1,3,2,48,6,4,,4,1,1.1428
7,1,3,2,49,6,5,,4,0,0.8142
7,1,3,2,50,6,6,,6,1,0.8776
7,1,3,3,1,2,2,3,2,1,1.3095
7,1,3,3,2,2,1,2,2,0,1.7094
7,1,3,3,3,2,6,4,6,1,0.6004
7,1,3,3,4,2,6,5,6,1,0.7262
7,1,3,3,5,2,6,4,6,1,0.5901
7,1,3,3,6,2,6,1,6,1,0.5842
7,1,3,3,7,2,1,3,1,1,0.9385
7,1,3,3,8,2,1,2,2,0,1.3068
7,1,3,3,9,2,3,6,3,1,1.6864
7,1,3,3,10,2,2,6,2,1,0.8071
7,1,3,3,11,2,6,1,6,1,1.0526
7,1,3,3,12,2,6,2,6,1,0.6158
7,1,3,3,13,2,2,5,2,1,0.8689
7,1,3,3,14,2,6,2,6,1,0.5842
7,1,3,3,15,2,1,5,1,1,1.2371
7,1,3,3,16,2,1,6,6,0,0.7446
7,1,3,3,17,2,1,4,1,1,1.4038
7,1,3,3,18,2,4,1,4,1,0.9684
7,1,3,3,19,2,3,1,3,1,1.2387
7,1,3,3,20,2,5,6,6,0,0.8423
7,1,3,3,21,2,6,4,6,1,0.7292
7,1,3,3,22,2,3,2,3,1,1.2971
7,1,3,3,23,2,1,5,5,0,1.5854
7,1,3,3,24,2,4,1,4,1,1.1062
7,1,3,3,25,2,3,2,3,1,1.8673
7,1,3,3,26,2,5,3,5,1,1.6365
7,1,3,3,27,2,1,6,6,0,0.7439
7,1,3,3,28,2,3,2,3,1,1.1465
7,1,3,3,29,2,2,3,3,0,1.7938
7,1,3,3,30,2,4,3,4,1,1.0652
7,1,3,3,31,2,4,5,4,1,0.8678
7,1,3,3,32,2,4,5,4,1,1.0948
7,1,3,3,33,2,6,4,6,1,0.6714
7,1,3,3,34,2,2,5,2,1,1.1784
7,1,3,3,35,2,4,6,4,1,1.8074
7,1,3,3,36,2,5,2,5,1,1.34
7,1,3,3,37,2,4,3,4,1,1.7552
7,1,3,3,38,2,5,6,5,1,1.4173
7,1,3,3,39,2,6,2,6,1,0.8054
7,1,3,3,40,2,3,4,3,1,1.0825
7,1,3,3,41,2,2,3,3,0,1.2847
7,1,3,3,42,2,5,3,5,1,1.4572
7,1,3,3,43,2,4,3,4,1,1.2758
7,1,3,3,44,2,2,5,5,0,1.1336
7,1,3,3,45,2,5,3,5,1,1.5523
7,1,3,3,46,2,5,1,1,0,2.1829
7,1,3,3,47,2,5,3,3,0,1.1512
7,1,3,3,48,2,3,2,2,0,1.3615
7,1,3,3,49,2,2,1,1,0,1.5789
7,1,3,3,50,2,3,6,3,1,1.3715
7,1,3,4,1,6,3,,3,1,1.7508
7,1,3,4,2,6,3,,2,0,1.2851
7,1,3,4,3,6,5,,4,0,1.1225
7,1,3,4,4,6,6,,2,0,1.0306
7,1,3,4,5,6,6,,3,0,1.3893
7,1,3,4,6,6,3,,3,1,1.1898
7,1,3,4,7,6,6,,6,1,0.6349
7,1,3,4,8,6,2,,2,1,1.2073
7,1,3,4,9,6,6,,6,1,1.003
7,1,3,4,10,6,2,,2,1,0.9688
7,1,3,4,11,6,4,,4,1,1.0795
7,1,3,4,12,6,2,,2,1,0.9608
7,1,3,4,13,6,6,,6,1,0.6073
7,1,3,4,14,6,5,,5,1,1.2285
7,1,3,4,15,6,3,,2,0,0.7518
7,1,3,4,16,6,5,,2,0,0.7552
7,1,3,4,17,6,4,,4,1,0.7407
7,1,3,4,18,6,4,,4,1,1.0693
7,1,3,4,19,6,5,,2,0,1.1919
7,1,3,4,20,6,2,,2,1,0.6959
7,1,3,4,21,6,6,,4,0,0.7374
7,1,3,4,22,6,6,,6,1,1.0606
7,1,3,4,23,6,1,,2,0,1.0706
7,1,3,4,24,6,1,,6,0,1.6682
7,1,3,4,25,6,1,,4,0,1.1517
7,1,3,4,26,6,5,,2,0,0.9779
7,1,3,4,27,6,3,,2,0,1.2755
7,1,3,4,28,6,2,,2,1,0.6959
7,1,3,4,29,6,4,,4,1,1.1531
7,1,3,4,30,6,4,,4,1,0.5841
7,1,3,4,31,6,1,,6,0,1.3027
7,1,3,4,32,6,1,,1,1,1.0591
7,1,3,4,33,6,3,,2,0,0.8134
7,1,3,4,34,6,4,,4,1,0.9255
7,1,3,4,35,6,5,,1,0,1.2771
7,1,3,4,36,6,4,,1,0,0.954
7,1,3,4,37,6,2,,6,0,0.8043
7,1,3,4,38,6,2,,4,0,1.1879
7,1,3,4,39,6,6,,6,1,0.6128
7,1,3,4,40,6,3,,2,0,1.073
7,1,3,4,41,6,5,,2,0,0.9183
7,1,3,4,42,6,2,,4,0,1.0099
7,1,3,4,43,6,3,,1,0,1.1462
7,1,3,4,44,6,4,,4,1,1.1963
7,1,3,4,45,6,5,,4,0,1.3131
7,1,3,4,46,6,6,,6,1,0.845
7,1,3,4,47,6,1,,4,0,1.3281
7,1,3,4,48,6,1,,1,1,1.4347
7,1,3,4,49,6,1,,4,0,1.4143
7,1,3,4,50,6,6,,6,1,0.8617
7,1,4,1,1,6,4,,2,0,0.8118
7,1,4,1,2,6,3,,3,1,1.2125
7,1,4,1,3,6,2,,2,1,1.0247
7,1,4,1,4,6,6,,6,1,0.7644
7,1,4,1,5,6,1,,1,1,0.8344
7,1,4,1,6,6,5,,5,1,0.8066
7,1,4,1,7,6,3,,3,1,1.0354
7,1,4,1,8,6,1,,6,0,0.8072
7,1,4,1,9,6,1,,2,0,0.7434
7,1,4,1,10,6,2,,5,0,1.0983
7,1,4,1,11,6,1,,3,0,0.8784
7,1,4,1,12,6,2,,3,0,0.8764
7,1,4,1,13,6,6,,6,1,0.5841
7,1,4,1,14,6,3,,6,0,0.9356
7,1,4,1,15,6,5,,5,1,0.6911
7,1,4,1,16,6,5,,5,1,0.9238
7,1,4,1,17,6,1,,3,0,1.4369
7,1,4,1,18,6,5,,2,0,1.0903
7,1,4,1,19,6,1,,5,0,0.9196
7,1,4,1,20,6,2,,2,1,0.947
7,1,4,1,21,6,5,,5,1,0.7536
7,1,4,1,22,6,2,,2,1,1.1769
7,1,4,1,23,6,4,,4,1,1.1667
7,1,4,1,24,6,1,,6,0,0.8206
7,1,4,1,25,6,3,,4,0,1.045
7,1,4,1,26,6,6,,6,1,0.6034
7,1,4,1,27,6,5,,4,0,1.1454
7,1,4,1,28,6,1,,2,0,1.1316
7,1,4,1,29,6,4,,2,0,1.1349
7,1,4,1,30,6,2,,2,1,1.026
7,1,4,1,31,6,3,,4,0,1.5336
7,1,4,1,32,6,5,,5,1,0.8316
7,1,4,1,33,6,4,,4,1,1.0599
7,1,4,1,34,6,5,,3,0,1.4543
7,1,4,1,35,6,6,,6,1,0.8047
7,1,4,1,36,6,6,,6,1,0.9689
7,1,4,1,37,6,6,,6,1,0.6956
7,1,4,1,38,6,3,,3,1,1.3445
7,1,4,1,39,6,2,,2,1,1.2473
7,1,4,1,40,6,4,,4,1,0.9948
7,1,4,1,41,6,4,,4,1,0.8794
7,1,4,1,42,6,3,,3,1,1.5534
7,1,4,1,43,6,6,,6,1,0.8242
7,1,4,1,44,6,4,,3,0,1.3879
7,1,4,1,45,6,3,,3,1,0.8999
7,1,4,1,46,6,4,,4,1,1.0928
7,1,4,1,47,6,6,,6,1,0.7341
7,1,4,1,48,6,2,,3,0,1.1261
7,1,4,1,49,6,6,,4,0,1.1611
7,1,4,1,50,6,6,,6,1,1.003
7,1,4,2,1,2,4,5,4,1,1.1252
7,1,4,2,2,2,1,2,2,0,1.3889
7,1,4,2,3,2,4,6,4,1,1.1734
7,1,4,2,4,2,2,6,2,1,0.8115
7,1,4,2,5,2,5,6,6,0,1.3294
7,1,4,2,6,2,4,6,4,1,0.9559
7,1,4,2,7,2,5,2,5,1,1.3709
7,1,4,2,8,2,2,1,2,1,0.7612
7,1,4,2,9,2,4,5,4,1,1.0716
7,1,4,2,10,2,5,2,2,0,1.6101
7,1,4,2,11,2,6,2,2,0,1.1614
7,1,4,2,12,2,3,2,3,1,1.3392
7,1,4,2,13,2,4,1,4,1,0.9709
7,1,4,2,14,2,2,5,2,1,0.9212
7,1,4,2,15,2,3,4,3,1,1.0818
7,1,4,2,16,2,3,1,3,1,1.4589
7,1,4,2,17,2,3,6,3,1,1.517
7,1,4,2,18,2,6,3,3,0,1.2689
7,1,4,2,19,2,3,2,2,0,1.3783
7,1,4,2,20,2,6,5,6,1,1.1797
7,1,4,2,21,2,5,1,1,0,1.1852
7,1,4,2,22,2,2,4,2,1,1.2016
7,1,4,2,23,2,5,3,3,0,1.2706
7,1,4,2,24,2,2,6,6,0,1.2994
7,1,4,2,25,2,1,5,1,1,1.0397
7,1,4,2,26,2,6,1,1,0,1.227
7,1,4,2,27,2,1,5,1,1,0.842
7,1,4,2,28,2,6,4,6,1,0.685
7,1,4,2,29,2,5,6,6,0,1.5917
7,1,4,2,30,2,2,1,2,1,1.3671
7,1,4,2,31,2,4,1,4,1,0.9493
7,1,4,2,32,2,1,2,1,1,1.3002
7,1,4,2,33,2,6,5,6,1,0.8211
7,1,4,2,34,2,3,4,3,1,1.5941
7,1,4,2,35,2,5,4,5,1,1.2144
7,1,4,2,36,2,4,1,1,0,1.1703
7,1,4,2,37,2,3,1,1,0,1.3631
7,1,4,2,38,2,1,3,1,1,0.9567
7,1,4,2,39,2,3,2,3,1,1.4999
7,1,4,2,40,2,1,5,5,0,0.8525
7,1,4,2,41,2,6,1,6,1,0.9636
7,1,4,2,42,2,1,6,1,1,1.1062
7,1,4,2,43,2,2,4,2,1,0.9707
7,1,4,2,44,2,5,2,5,1,0.9846
7,1,4,2,45,2,6,2,6,1,1.2547
7,1,4,2,46,2,1,6,1,1,0.9694
7,1,4,2,47,2,4,1,4,1,0.9994
7,1,4,2,48,2,6,3,6,1,1.0933
7,1,4,2,49,2,2,1,1,0,1.2457
7,1,4,2,50,2,6,5,6,1,0.8604
7,1,4,3,1,6,5,,6,0,0.6842
7,1,4,3,2,6,3,,3,1,1.5216
7,1,4,3,3,6,6,,6,1,1.017
7,1,4,3,4,6,6,,6,1,0.806
7,1,4,3,5,6,5,,2,0,1.0666
7,1,4,3,6,6,2,,3,0,1.2646
7,1,4,3,7,6,4,,5,0,1.1186
7,1,4,3,8,6,1,,1,1,1.3623
7,1,4,3,9,6,4,,3,0,1.2642
7,1,4,3,10,6,1,,6,0,1.0059
7,1,4,3,11,6,1,,1,1,1.0618
7,1,4,3,12,6,1,,1,1,0.9123
7,1,4,3,13,6,6,,6,1,0.768
7,1,4,3,14,6,3,,2,0,1.0791
7,1,4,3,15,6,2,,2,1,0.8768
7,1,4,3,16,6,3,,6,0,0.7822
7,1,4,3,17,6,1,,2,0,1.0232
7,1,4,3,18,6,3,,6,0,0.6787
7,1,4,3,19,6,4,,4,1,0.988
7,1,4,3,20,6,4,,4,1,0.858
7,1,4,3,21,6,3,,3,1,1.2451
7,1,4,3,22,6,6,,6,1,0.7358
7,1,4,3,23,6,6,,6,1,0.8079
7,1,4,3,24,6,1,,5,0,0.8926
7,1,4,3,25,6,1,,4,0,1.3209
7,1,4,3,26,6,3,,3,1,1.4281
7,1,4,3,27,6,5,,3,0,1.1674
7,1,4,3,28,6,2,,2,1,1.169
7,1,4,3,29,6,6,,6,1,1.111
7,1,4,3,30,6,2,,2,1,1.008
7,1,4,3,31,6,3,,6,0,1.0361
7,1,4,3,32,6,6,,6,1,0.5841
7,1,4,3,33,6,6,,3,0,1.5532
7,1,4,3,34,6,2,,2,1,0.9312
7,1,4,3,35,6,5,,5,1,0.8511
7,1,4,3,36,6,1,,4,0,1.0786
7,1,4,3,37,6,2,,2,1,1.1476
7,1,4,3,38,6,5,,4,0,1.0902
7,1,4,3,39,6,2,,4,0,1.0952
7,1,4,3,40,6,3,,6,0,1.0198
7,1,4,3,41,6,4,,4,1,1.0587
7,1,4,3,42,6,4,,4,1,0.8292
7,1,4,3,43,6,5,,4,0,0.5842
7,1,4,3,44,6,4,,4,1,0.619
7,1,4,3,45,6,6,,6,1,1.1437
7,1,4,3,46,6,5,,2,0,1.2954
7,1,4,3,47,6,4,,4,1,0.9555
7,1,4,3,48,6,5,,2,0,1.2414
7,1,4,3,49,6,6,,6,1,0.6483
7,1,4,3,50,6,2,,2,1,0.9152
7,1,4,4,1,2,4,3,4,1,1.2007
7,1,4,4,2,2,2,4,4,0,1.0782
7,1,4,4,3,2,5,3,3,0,1.2431
7,1,4,4,4,2,3,6,3,1,0.8412
7,1,4,4,5,2,1,3,1,1,1.2924
7,1,4,4,6,2,5,4,4,0,1.0849
7,1,4,4,7,2,4,3,4,1,0.9461
7,1,4,4,8,2,3,5,3,1,1.1534
7,1,4,4,9,2,6,3,3,0,2.0725
7,1,4,4,10,2,2,1,2,1,1.0775
7,1,4,4,11,2,6,3,6,1,0.7346
7,1,4,4,12,2,3,4,4,0,0.9831
7,1,4,4,13,2,4,1,1,0,1.4719
7,1,4,4,14,2,6,4,6,1,0.869
7,1,4,4,15,2,3,4,3,1,1.5272
7,1,4,4,16,2,1,4,1,1,1.487
7,1,4,4,17,2,6,4,6,1,0.7607
7,1,4,4,18,2,2,5,5,0,1.8389
7,1,4,4,19,2,1,2,1,1,1.3013
7,1,4,4,20,2,3,6,3,1,1.2224
7,1,4,4,21,2,6,1,6,1,0.7464
7,1,4,4,22,2,2,4,2,1,1.1381
7,1,4,4,23,2,6,5,6,1,0.6971
7,1,4,4,24,2,2,4,2,1,1.1699
7,1,4,4,25,2,2,5,2,1,0.8885
7,1,4,4,26,2,3,4,3,1,1.1617
7,1,4,4,27,2,1,2,2,0,1.4881
7,1,4,4,28,2,6,1,6,1,0.8367
7,1,4,4,29,2,5,4,5,1,1.5121
7,1,4,4,30,2,5,2,2,0,1.2639
7,1,4,4,31,2,4,3,4,1,1.0371
7,1,4,4,32,2,1,2,1,1,1.2887
7,1,4,4,33,2,4,3,4,1,1.0019
7,1,4,4,34,2,5,3,5,1,0.983
7,1,4,4,35,2,6,2,6,1,0.8525
7,1,4,4,36,2,5,6,6,0,1.1604
7,1,4,4,37,2,3,4,3,1,1.3858
7,1,4,4,38,2,1,3,1,1,1.7834
7,1,4,4,39,2,5,2,5,1,1.2357
7,1,4,4,40,2,4,2,4,1,1.9916
7,1,4,4,41,2,6,3,6,1,0.7793
7,1,4,4,42,2,3,1,1,0,1.4733
7,1,4,4,43,2,1,4,4,0,0.9349
7,1,4,4,44,2,4,2,4,1,0.9779
7,1,4,4,45,2,5,3,3,0,1.2953
7,1,4,4,46,2,2,4,4,0,1.1956
7,1,4,4,47,2,6,1,6,1,0.8598
7,1,4,4,48,2,1,4,1,1,1.0064
7,1,4,4,49,2,2,6,2,1,1.1315
7,1,4,4,50,2,4,5,5,0,0.9953
7,1,5,1,1,2,1,6,1,1,1.198
7,1,5,1,2,2,5,3,5,1,1.2194
7,1,5,1,3,2,1,3,1,1,1.5113
7,1,5,1,4,2,6,3,6,1,0.7516
7,1,5,1,5,2,5,1,5,1,1.4313
7,1,5,1,6,2,4,6,6,0,1.3628
7,1,5,1,7,2,1,5,1,1,0.9077
7,1,5,1,8,2,4,2,4,1,1.1003
7,1,5,1,9,2,2,6,2,1,1.0295
7,1,5,1,10,2,5,4,4,0,1.6018
7,1,5,1,11,2,2,4,2,1,1.0413
7,1,5,1,12,2,3,5,5,0,1.7567
7,1,5,1,13,2,2,3,2,1,1.1269
7,1,5,1,14,2,3,6,3,1,1.6141
7,1,5,1,15,2,6,4,4,0,1.3782
7,1,5,1,16,2,6,5,6,1,0.9229
7,1,5,1,17,2,6,3,3,0,1.1787
7,1,5,1,18,2,4,2,2,0,1.2432
7,1,5,1,19,2,6,4,4,0,1.1776
7,1,5,1,20,2,3,1,3,1,1.099
7,1,5,1,21,2,5,1,1,0,1.4917
7,1,5,1,22,2,3,2,2,0,1.2401
7,1,5,1,23,2,6,4,6,1,0.9982
7,1,5,1,24,2,1,3,3,0,1.5713
7,1,5,1,25,2,2,1,2,1,1.0123
7,1,5,1,26,2,3,6,6,0,1.7929
7,1,5,1,27,2,2,5,2,1,0.9848
7,1,5,1,28,2,2,6,2,1,1.0781
7,1,5,1,29,2,6,5,6,1,1.1525
7,1,5,1,30,2,3,6,3,1,1.1274
7,1,5,1,31,2,2,1,2,1,1.0064
7,1,5,1,32,2,4,3,4,1,0.9708
7,1,5,1,33,2,5,4,5,1,1.3857
7,1,5,1,34,2,4,1,4,1,1.1269
7,1,5,1,35,2,5,1,1,0,1.3587
7,1,5,1,36,2,1,5,5,0,1.2242
7,1,5,1,37,2,6,4,4,0,0.983
7,1,5,1,38,2,4,3,4,1,0.8637
7,1,5,1,39,2,1,4,1,1,1.6662
7,1,5,1,40,2,2,1,2,1,1.1075
7,1,5,1,41,2,5,2,2,0,1.0203
7,1,5,1,42,2,6,4,6,1,0.8356
7,1,5,1,43,2,4,3,4,1,1.2883
7,1,5,1,44,2,3,1,1,0,1.3047
7,1,5,1,45,2,6,4,6,1,0.7731
7,1,5,1,46,2,1,4,1,1,1.0673
7,1,5,1,47,2,5,1,5,1,0.7262
7,1,5,1,48,2,3,5,5,0,1.39
7,1,5,1,49,2,4,6,6,0,1.4628
7,1,5,1,50,2,1,5,1,1,0.7964
7,1,5,2,1,6,1,,1,1,0.8781
7,1,5,2,2,6,1,,2,0,0.8164
7,1,5,2,3,6,2,,4,0,1.1526
7,1,5,2,4,6,4,,4,1,0.8833
7,1,5,2,5,6,6,,6,1,0.6762
7,1,5,2,6,6,4,,4,1,1.0704
7,1,5,2,7,6,6,,6,1,0.7132
7,1,5,2,8,6,1,,3,0,1.0256
7,1,5,2,9,6,3,,2,0,0.8887
7,1,5,2,10,6,3,,6,0,0.5842
7,1,5,2,11,6,2,,2,1,1.2478
7,1,5,2,12,6,3,,1,0,0.9947
7,1,5,2,13,6,4,,6,0,1.3074
7,1,5,2,14,6,6,,6,1,0.5841
7,1,5,2,15,6,6,,6,1,0.6126
7,1,5,2,16,6,2,,3,0,1.1376
7,1,5,2,17,6,6,,4,0,0.9637
7,1,5,2,18,6,4,,4,1,0.7498
7,1,5,2,19,6,1,,1,1,0.8378
7,1,5,2,20,6,5,,6,0,0.681
7,1,5,2,21,6,4,,2,0,0.8306
7,1,5,2,22,6,5,,5,1,0.7977
7,1,5,2,23,6,4,,5,0,1.0265
7,1,5,2,24,6,2,,2,1,1.0822
7,1,5,2,25,6,2,,2,1,0.8042
7,1,5,2,26,6,4,,4,1,0.7121
7,1,5,2,27,6,3,,6,0,0.9775
7,1,5,2,28,6,5,,6,0,0.5842
7,1,5,2,29,6,1,,6,0,0.691
7,1,5,2,30,6,6,,6,1,1.4164
7,1,5,2,31,6,3,,3,1,1.5724
7,1,5,2,32,6,3,,3,1,0.9211
7,1,5,2,33,6,5,,1,0,0.8093
7,1,5,2,34,6,5,,5,1,0.7451
7,1,5,2,35,6,1,,1,1,0.641
7,1,5,2,36,6,5,,6,0,0.7157
7,1,5,2,37,6,6,,6,1,0.5924
7,1,5,2,38,6,5,,5,1,0.8615
7,1,5,2,39,6,3,,3,1,1.2643
7,1,5,2,40,6,2,,1,0,0.7867
7,1,5,2,41,6,2,,1,0,1.1874
7,1,5,2,42,6,6,,6,1,0.9958
7,1,5,2,43,6,1,,1,1,0.7691
7,1,5,2,44,6,2,,2,1,1.1115
7,1,5,2,45,6,3,,4,0,0.8157
7,1,5,2,46,6,6,,4,0,0.6082
7,1,5,2,47,6,1,,1,1,0.8244
7,1,5,2,48,6,5,,6,0,0.5842
7,1,5,2,49,6,6,,1,0,0.6622
7,1,5,2,50,6,4,,3,0,1.3238
7,1,5,3,1,2,6,2,6,1,1.396
7,1,5,3,2,2,4,5,5,0,1.1847
7,1,5,3,3,2,6,3,6,1,0.8496
7,1,5,3,4,2,2,3,2,1,0.9649
7,1,5,3,5,2,1,6,1,1,1.1071
7,1,5,3,6,2,4,2,4,1,1.0043
7,1,5,3,7,2,2,3,2,1,1.6258
7,1,5,3,8,2,4,6,4,1,0.8928
7,1,5,3,9,2,1,2,2,0,1.3418
7,1,5,3,10,2,5,6,5,1,0.9356
7,1,5,3,11,2,5,2,2,0,0.8715
7,1,5,3,12,2,3,2,3,1,0.965
7,1,5,3,13,2,2,3,2,1,1.0115
7,1,5,3,14,2,4,5,4,1,1.0071
7,1,5,3,15,2,5,6,6,0,1.388
7,1,5,3,16,2,1,3,1,1,1.2209
7,1,5,3,17,2,3,5,3,1,1.4802
7,1,5,3,18,2,6,5,6,1,1.393
7,1,5,3,19,2,2,3,2,1,0.9109
7,1,5,3,20,2,3,4,3,1,1.2791
7,1,5,3,21,2,1,5,5,0,1.7929
7,1,5,3,22,2,4,5,4,1,1.0807
7,1,5,3,23,2,1,6,6,0,1.2179
7,1,5,3,24,2,5,2,2,0,1.3296
7,1,5,3,25,2,3,5,3,1,1.1961
7,1,5,3,26,2,6,1,1,0,1.233
7,1,5,3,27,2,3,4,3,1,0.976
7,1,5,3,28,2,4,5,4,1,0.9096
7,1,5,3,29,2,6,5,6,1,0.7178
7,1,5,3,30,2,1,3,3,0,1.7347
7,1,5,3,31,2,6,4,4,0,0.8961
7,1,5,3,32,2,3,4,4,0,0.8293
7,1,5,3,33,2,2,4,2,1,0.8606
7,1,5,3,34,2,5,2,2,0,1.167
7,1,5,3,35,2,2,1,2,1,0.8971
7,1,5,3,36,2,1,6,1,1,1.0262
7,1,5,3,37,2,5,3,3,0,0.8299
7,1,5,3,38,2,3,1,3,1,1.4055
7,1,5,3,39,2,6,1,6,1,0.5842
7,1,5,3,40,2,3,4,3,1,0.9198
7,1,5,3,41,2,2,5,2,1,1.6249
7,1,5,3,42,2,4,2,4,1,1.2286
7,1,5,3,43,2,2,4,2,1,0.7993
7,1,5,3,44,2,6,1,6,1,0.5967
7,1,5,3,45,2,6,2,6,1,0.594
7,1,5,3,46,2,5,4,5,1,1.9517
7,1,5,3,47,2,5,1,1,0,1.1735
7,1,5,3,48,2,1,2,2,0,1.4949
7,1,5,3,49,2,4,6,6,0,0.7149
7,1,5,3,50,2,6,4,6,1,0.8785
7,1,5,4,1,6,1,,1,1,0.9742
7,1,5,4,2,6,6,,6,1,0.6998
7,1,5,4,3,6,4,,4,1,0.7731
7,1,5,4,4,6,5,,4,0,0.6353
7,1,5,4,5,6,3,,2,0,0.7869
7,1,5,4,6,6,6,,4,0,0.7718
7,1,5,4,7,6,6,,4,0,0.9178
7,1,5,4,8,6,2,,2,1,0.7529
7,1,5,4,9,6,2,,2,1,0.7124
7,1,5,4,10,6,3,,1,0,1.2168
7,1,5,4,11,6,4,,1,0,0.6723
7,1,5,4,12,6,4,,4,1,0.7253
7,1,5,4,13,6,3,,4,0,1.3584
7,1,5,4,14,6,6,,6,1,0.6482
7,1,5,4,15,6,1,,2,0,0.995
7,1,5,4,16,6,2,,3,0,1.3241
7,1,5,4,17,6,1,,6,0,0.9186
7,1,5,4,18,6,4,,4,1,1.1863
7,1,5,4,19,6,5,,4,0,0.7757
7,1,5,4,20,6,4,,4,1,0.7614
7,1,5,4,21,6,2,,2,1,1.0559
7,1,5,4,22,6,3,,4,0,1.0185
7,1,5,4,23,6,5,,6,0,0.9137
7,1,5,4,24,6,1,,4,0,0.8297
7,1,5,4,25,6,6,,4,0,0.8291
7,1,5,4,26,6,1,,1,1,0.7332
7,1,5,4,27,6,6,,6,1,0.7244
7,1,5,4,28,6,3,,3,1,0.9576
7,1,5,4,29,6,1,,4,0,0.8282
7,1,5,4,30,6,5,,6,0,0.6838
7,1,5,4,31,6,3,,3,1,0.8175
7,1,5,4,32,6,5,,4,0,0.5841
7,1,5,4,33,6,4,,4,1,0.8148
7,1,5,4,34,6,2,,2,1,0.6112
7,1,5,4,35,6,6,,6,1,0.5842
7,1,5,4,36,6,5,,2,0,0.8947
7,1,5,4,37,6,3,,3,1,0.8747
7,1,5,4,38,6,1,,6,0,0.6691
7,1,5,4,39,6,3,,4,0,0.6913
7,1,5,4,40,6,4,,4,1,0.8885
7,1,5,4,41,6,4,,4,1,0.6655
7,1,5,4,42,6,2,,2,1,0.9479
7,1,5,4,43,6,6,,4,0,0.7552
7,1,5,4,44,6,1,,1,1,0.7579
7,1,5,4,45,6,5,,5,1,1.1003
7,1,5,4,46,6,6,,6,1,0.629
7,1,5,4,47,6,2,,2,1,0.8173
7,1,5,4,48,6,5,,2,0,0.8537
7,1,5,4,49,6,2,,2,1,0.8359
7,1,5,4,50,6,6,,4,0,0.7755
7,2,1,1,1,2,1,6,1,1,1.3213
7,2,1,1,2,2,5,4,5,1,1.4168
7,2,1,1,3,2,6,5,6,1,1.1415
7,2,1,1,4,2,6,2,6,1,0.9569
7,2,1,1,5,2,4,3,4,1,1.0195
7,2,1,1,6,2,4,5,4,1,1.7684
7,2,1,1,7,2,6,2,6,1,0.9496
7,2,1,1,8,2,4,1,4,1,1.1728
7,2,1,1,9,2,1,4,4,0,1.1629
7,2,1,1,10,2,3,4,3,1,1.0529
7,2,1,1,11,2,5,2,2,0,1.3203
7,2,1,1,12,2,2,5,2,1,1.8118
7,2,1,1,13,2,3,2,3,1,1.1519
7,2,1,1,14,2,5,2,5,1,1.943
7,2,1,1,15,2,5,3,5,1,2.1096
7,2,1,1,16,2,4,5,4,1,1.1177
7,2,1,1,17,2,2,1,2,1,1.1262
7,2,1,1,18,2,3,4,4,0,1.8218
7,2,1,1,19,2,6,4,4,0,1.109
7,2,1,1,20,2,2,1,2,1,1.0818
7,2,1,1,21,2,1,6,6,0,1.795
7,2,1,1,22,2,5,2,5,1,1.0837
7,2,1,1,23,2,1,5,5,0,1.2693
7,2,1,1,24,2,3,2,3,1,1.2027
7,2,1,1,25,2,3,4,3,1,1.464
7,2,1,1,26,2,1,3,1,1,1.4737
7,2,1,1,27,2,6,1,1,0,1.6918
7,2,1,1,28,2,5,2,5,1,1.7037
7,2,1,1,29,2,4,2,4,1,1.0324
7,2,1,1,30,2,3,1,3,1,1.0923
7,2,1,1,31,2,1,5,1,1,1.1978
7,2,1,1,32,2,4,3,4,1,0.9463
7,2,1,1,33,2,1,4,4,0,1.5708
7,2,1,1,34,2,2,6,2,1,1.172
7,2,1,1,35,2,2,4,4,0,1.0657
7,2,1,1,36,2,6,4,6,1,1.4396
7,2,1,1,37,2,3,2,3,1,1.2751
7,2,1,1,38,2,6,3,3,0,1.5648
7,2,1,1,39,2,6,2,6,1,1.0867
7,2,1,1,40,2,2,3,2,1,1.1441
7,2,1,1,41,2,1,5,1,1,1.8241
7,2,1,1,42,2,5,3,3,0,1.691
7,2,1,1,43,2,3,4,3,1,1.0475
7,2,1,1,44,2,5,2,2,0,1.2028
7,2,1,1,45,2,4,1,4,1,1.027
7,2,1,1,46,2,6,2,2,0,1.1676
7,2,1,1,47,2,6,4,4,0,0.9932
7,2,1,1,48,2,2,3,2,1,1.2103
7,2,1,1,49,2,4,6,4,1,1.0076
7,2,1,1,50,2,2,1,2,1,1.0041
7,2,1,2,1,6,6,,4,0,1.0951
7,2,1,2,2,6,3,,3,1,1.6122
7,2,1,2,3,6,4,,2,0,1.2482
7,2,1,2,4,6,4,,4,1,1.118
7,2,1,2,5,6,1,,1,1,1.5106
7,2,1,2,6,6,6,,4,0,1.0234
7,2,1,2,7,6,5,,5,1,1.1115
7,2,1,2,8,6,4,,3,0,1.4244
7,2,1,2,9,6,6,,5,0,1.2719
7,2,1,2,10,6,3,,3,1,1.9413
7,2,1,2,11,6,3,,3,1,1.1159
7,2,1,2,12,6,5,,2,0,1.764
7,2,1,2,13,6,1,,4,0,1.4374
7,2,1,2,14,6,6,,6,1,0.8196
7,2,1,2,15,6,2,,4,0,1.0331
7,2,1,2,16,6,1,,1,1,1.3761
7,2,1,2,17,6,6,,6,1,1.2779
7,2,1,2,18,6,1,,6,0,0.9444
7,2,1,2,19,6,1,,4,0,0.9383
7,2,1,2,20,6,2,,2,1,1.0299
7,2,1,2,21,6,4,,4,1,0.834
7,2,1,2,22,6,2,,2,1,1.0936
7,2,1,2,23,6,2,,4,0,1.2313
7,2,1,2,24,6,2,,1,0,1.1824
7,2,1,2,25,6,6,,1,0,1.5355
7,2,1,2,26,6,4,,4,1,0.8816
7,2,1,2,27,6,4,,2,0,1.2521
7,2,1,2,28,6,2,,6,0,0.9621
7,2,1,2,29,6,6,,6,1,1.0204
7,2,1,2,30,6,5,,3,0,1.1921
7,2,1,2,31,6,1,,4,0,1.0498
7,2,1,2,32,6,4,,4,1,0.8
7,2,1,2,33,6,5,,4,0,1.3975
7,2,1,2,34,6,2,,2,1,1.4372
7,2,1,2,35,6,6,,6,1,0.5842
7,2,1,2,36,6,5,,4,0,0.983
7,2,1,2,37,6,2,,4,0,1.0561
7,2,1,2,38,6,1,,3,0,1.3509
7,2,1,2,39,6,6,,4,0,0.9928
7,2,1,2,40,6,5,,5,1,1.0337
7,2,1,2,41,6,3,,1,0,1.702
7,2,1,2,42,6,4,,4,1,0.994
7,2,1,2,43,6,3,,2,0,1.2958
7,2,1,2,44,6,3,,3,1,1.3076
7,2,1,2,45,6,3,,4,0,1.0525
7,2,1,2,46,6,5,,4,0,0.995
7,2,1,2,47,6,5,,4,0,0.8112
7,2,1,2,48,6,1,,6,0,0.9875
7,2,1,2,49,6,6,,6,1,0.7886
7,2,1,2,50,6,3,,4,0,1.4187
7,2,1,3,1,2,2,4,2,1,1.0722
7,2,1,3,2,2,5,4,5,1,0.8263
7,2,1,3,3,2,1,4,1,1,1.7588
7,2,1,3,4,2,1,6,1,1,1.0369
7,2,1,3,5,2,3,5,3,1,1.1289
7,2,1,3,6,2,5,6,5,1,0.7524
7,2,1,3,7,2,3,5,3,1,1.0317
7,2,1,3,8,2,6,4,6,1,0.7713
7,2,1,3,9,2,6,5,6,1,0.8746
7,2,1,3,10,2,4,1,4,1,1.0371
7,2,1,3,11,2,1,2,1,1,0.8726
7,2,1,3,12,2,2,1,2,1,1.3714
7,2,1,3,13,2,5,4,5,1,1.1931
7,2,1,3,14,2,1,2,1,1,1.2632
7,2,1,3,15,2,1,4,1,1,1.0257
7,2,1,3,16,2,4,3,4,1,1.0221
7,2,1,3,17,2,3,6,3,1,1.6107
7,2,1,3,18,2,2,3,3,0,1.519
7,2,1,3,19,2,2,1,2,1,1.8581
7,2,1,3,20,2,4,6,4,1,0.9402
7,2,1,3,21,2,4,6,4,1,0.828
7,2,1,3,22,2,6,4,6,1,0.8326
7,2,1,3,23,2,5,2,5,1,1.5091
7,2,1,3,24,2,3,1,1,0,1.7251
7,2,1,3,25,2,5,2,2,0,1.1284
7,2,1,3,26,2,6,5,6,1,0.7796
7,2,1,3,27,2,2,3,2,1,1.8097
7,2,1,3,28,2,2,6,2,1,1.0377
7,2,1,3,29,2,1,3,1,1,1.2094
7,2,1,3,30,2,3,2,2,0,1.1983
7,2,1,3,31,2,6,5,6,1,0.879
7,2,1,3,32,2,2,3,2,1,1.0083
7,2,1,3,33,2,4,5,4,1,0.814
7,2,1,3,34,2,1,6,1,1,1.3304
7,2,1,3,35,2,6,4,6,1,1.1215
7,2,1,3,36,2,4,1,4,1,1.0025
7,2,1,3,37,2,3,2,2,0,1.3508
7,2,1,3,38,2,6,5,6,1,0.7376
7,2,1,3,39,2,6,3,3,0,1.2737
7,2,1,3,40,2,5,1,5,1,0.9032
7,2,1,3,41,2,4,5,4,1,0.9526
7,2,1,3,42,2,3,5,3,1,1.1911
7,2,1,3,43,2,3,2,3,1,1.1011
7,2,1,3,44,2,5,3,3,0,1.2059
7,2,1,3,45,2,6,3,6,1,0.8222
7,2,1,3,46,2,6,5,6,1,0.7789
7,2,1,3,47,2,5,6,5,1,1.2167
7,2,1,3,48,2,4,1,4,1,1.109
7,2,1,3,49,2,1,3,1,1,1.4224
7,2,1,3,50,2,2,6,2,1,1.1623
7,2,1,4,1,6,5,,6,0,0.7982
7,2,1,4,2,6,2,,2,1,0.8146
7,2,1,4,3,6,2,,1,0,1.1878
7,2,1,4,4,6,2,,2,1,0.933
7,2,1,4,5,6,6,,6,1,1.0605
7,2,1,4,6,6,6,,6,1,0.8158
7,2,1,4,7,6,5,,4,0,1.044
7,2,1,4,8,6,2,,4,0,1.451
7,2,1,4,9,6,3,,2,0,0.9765
7,2,1,4,10,6,6,,6,1,0.8582
7,2,1,4,11,6,1,,1,1,0.9569
7,2,1,4,12,6,4,,4,1,0.7967
7,2,1,4,13,6,4,,4,1,0.8501
7,2,1,4,14,6,2,,2,1,0.7414
7,2,1,4,15,6,4,,3,0,1.2132
7,2,1,4,16,6,6,,6,1,0.7325
7,2,1,4,17,6,3,,4,0,1.0443
7,2,1,4,18,6,3,,3,1,1.0669
7,2,1,4,19,6,1,,4,0,1.1414
7,2,1,4,20,6,1,,1,1,1.2408
7,2,1,4,21,6,6,,6,1,0.7964
7,2,1,4,22,6,2,,2,1,0.9297
7,2,1,4,23,6,1,,4,0,1.2332
7,2,1,4,24,6,4,,4,1,0.9118
7,2,1,4,25,6,6,,6,1,0.9769
7,2,1,4,26,6,3,,3,1,1.039
7,2,1,4,27,6,5,,5,1,1.0353
7,2,1,4,28,6,5,,4,0,1.175
7,2,1,4,29,6,6,,6,1,0.6807
7,2,1,4,30,6,6,,6,1,0.7224
7,2,1,4,31,6,6,,1,0,1.5792
7,2,1,4,32,6,4,,4,1,0.6843
7,2,1,4,33,6,3,,6,0,0.9335
7,2,1,4,34,6,1,,1,1,1.2177
7,2,1,4,35,6,5,,4,0,0.8537
7,2,1,4,36,6,1,,4,0,1.3478
7,2,1,4,37,6,5,,5,1,0.9579
7,2,1,4,38,6,3,,2,0,1.5175
7,2,1,4,39,6,3,,3,1,1.2164
7,2,1,4,40,6,5,,6,0,0.9335
7,2,1,4,41,6,6,,5,0,1.7122
7,2,1,4,42,6,2,,2,1,0.7799
7,2,1,4,43,6,4,,4,1,0.8818
7,2,1,4,44,6,1,,2,0,0.8512
7,2,1,4,45,6,5,,5,1,0.802
7,2,1,4,46,6,3,,4,0,0.8874
7,2,1,4,47,6,4,,4,1,0.8529
7,2,1,4,48,6,1,,1,1,1.1283
7,2,1,4,49,6,2,,2,1,0.752
7,2,1,4,50,6,4,,4,1,0.8554
7,2,2,1,1,6,6,,6,1,0.9711
7,2,2,1,2,6,4,,4,1,0.8577
7,2,2,1,3,6,5,,2,0,0.861
7,2,2,1,4,6,4,,4,1,1.0191
7,2,2,1,5,6,2,,2,1,0.7112
7,2,2,1,6,6,1,,6,0,0.9765
7,2,2,1,7,6,3,,2,0,0.7618
7,2,2,1,8,6,4,,4,1,0.8922
7,2,2,1,9,6,6,,6,1,0.5844
7,2,2,1,10,6,5,,5,1,0.732
7,2,2,1,11,6,5,,5,1,0.8682
7,2,2,1,12,6,3,,3,1,1.2385
7,2,2,1,13,6,2,,2,1,1.1146
7,2,2,1,14,6,1,,1,1,0.9471
7,2,2,1,15,6,2,,4,0,0.9616
7,2,2,1,16,6,1,,1,1,0.9237
7,2,2,1,17,6,4,,6,0,0.8124
7,2,2,1,18,6,1,,1,1,0.8769
7,2,2,1,19,6,1,,4,0,0.9273
7,2,2,1,20,6,2,,2,1,0.7461
7,2,2,1,21,6,2,,2,1,0.8975
7,2,2,1,22,6,6,,3,0,1.3632
7,2,2,1,23,6,5,,2,0,0.6687
7,2,2,1,24,6,4,,3,0,1.4759
7,2,2,1,25,6,3,,3,1,1.2891
7,2,2,1,26,6,3,,4,0,1.0985
7,2,2,1,27,6,3,,4,0,1.071
7,2,2,1,28,6,3,,4,0,1.2048
7,2,2,1,29,6,2,,2,1,0.8529
7,2,2,1,30,6,5,,6,0,1.0962
7,2,2,1,31,6,6,,6,1,0.7166
7,2,2,1,32,6,3,,5,0,1.3494
7,2,2,1,33,6,5,,2,0,0.991
7,2,2,1,34,6,2,,2,1,0.7125
7,2,2,1,35,6,6,,6,1,1.2015
7,2,2,1,36,6,6,,6,1,0.7581
7,2,2,1,37,6,6,,6,1,0.7653
7,2,2,1,38,6,5,,4,0,0.8688
7,2,2,1,39,6,4,,2,0,0.6905
7,2,2,1,40,6,1,,3,0,1.192
7,2,2,1,41,6,6,,6,1,0.6011
7,2,2,1,42,6,4,,4,1,1.1425
7,2,2,1,43,6,4,,4,1,0.6705
7,2,2,1,44,6,3,,4,0,0.6973
7,2,2,1,45,6,6,,6,1,0.5841
7,2,2,1,46,6,6,,4,0,0.9404
7,2,2,1,47,6,2,,2,1,0.6319
7,2,2,1,48,6,1,,1,1,0.9798
7,2,2,1,49,6,5,,6,0,0.5841
7,2,2,1,50,6,1,,5,0,1.2111
7,2,2,2,1,2,2,6,2,1,0.8405
7,2,2,2,2,2,2,6,2,1,1.0846
7,2,2,2,3,2,6,4,6,1,1.1101
7,2,2,2,4,2,2,3,3,0,1.3432
7,2,2,2,5,2,4,1,1,0,1.5777
7,2,2,2,6,2,3,1,3,1,1.1626
7,2,2,2,7,2,3,2,2,0,1.0886
7,2,2,2,8,2,5,6,5,1,0.8539
7,2,2,2,9,2,3,4,4,0,1.3689
7,2,2,2,10,2,6,1,1,0,1.2349
7,2,2,2,11,2,2,4,2,1,0.9618
7,2,2,2,12,2,3,4,3,1,1.264
7,2,2,2,13,2,3,6,3,1,1.25
7,2,2,2,14,2,2,3,2,1,0.9333
7,2,2,2,15,2,2,3,2,1,1.3809
7,2,2,2,16,2,4,2,4,1,0.8341
7,2,2,2,17,2,5,6,5,1,0.6941
7,2,2,2,18,2,4,3,4,1,1.1038
7,2,2,2,19,2,6,1,6,1,1.3848
7,2,2,2,20,2,2,6,2,1,0.9501
7,2,2,2,21,2,1,6,6,0,1.4931
7,2,2,2,22,2,3,1,3,1,1.3052
7,2,2,2,23,2,5,2,2,0,1.3054
7,2,2,2,24,2,3,4,4,0,1.542
7,2,2,2,25,2,4,6,4,1,0.9684
7,2,2,2,26,2,5,6,5,1,1.1915
7,2,2,2,27,2,1,4,4,0,1.0527
7,2,2,2,28,2,6,4,4,0,0.8034
7,2,2,2,29,2,6,3,3,0,1.3804
7,2,2,2,30,2,4,2,4,1,0.9724
7,2,2,2,31,2,1,5,1,1,1.099
7,2,2,2,32,2,5,4,4,0,1.2524
7,2,2,2,33,2,3,4,3,1,1.2664
7,2,2,2,34,2,1,4,4,0,0.9967
7,2,2,2,35,2,5,3,5,1,0.733
7,2,2,2,36,2,4,1,4,1,0.9332
7,2,2,2,37,2,4,1,4,1,0.8532
7,2,2,2,38,2,6,5,6,1,1.4
7,2,2,2,39,2,5,1,5,1,1.0132
7,2,2,2,40,2,6,4,6,1,0.9453
7,2,2,2,41,2,4,3,4,1,0.9129
7,2,2,2,42,2,1,4,1,1,0.7694
7,2,2,2,43,2,6,1,6,1,0.7437
7,2,2,2,44,2,6,4,6,1,1.2475
7,2,2,2,45,2,2,1,2,1,0.7542
7,2,2,2,46,2,1,4,1,1,0.7935
7,2,2,2,47,2,6,5,6,1,1.0865
7,2,2,2,48,2,1,2,1,1,1.1445
7,2,2,2,49,2,1,2,1,1,1.2954
7,2,2,2,50,2,5,6,5,1,0.8485
7,2,2,3,1,6,5,,4,0,0.9773
7,2,2,3,2,6,5,,6,0,0.8906
7,2,2,3,3,6,3,,3,1,1.5922
7,2,2,3,4,6,4,,5,0,0.8132
7,2,2,3,5,6,2,,2,1,0.7012
7,2,2,3,6,6,4,,4,1,0.8382
7,2,2,3,7,6,3,,2,0,1.1143
7,2,2,3,8,6,5,,5,1,0.6225
7,2,2,3,9,6,1,,1,1,0.7152
7,2,2,3,10,6,1,,6,0,0.6758
7,2,2,3,11,6,5,,6,0,0.649
7,2,2,3,12,6,4,,4,1,0.6722
7,2,2,3,13,6,2,,1,0,0.6674
7,2,2,3,14,6,6,,6,1,0.5841
7,2,2,3,15,6,4,,3,0,1.1834
7,2,2,3,16,6,6,,6,1,0.9602
7,2,2,3,17,6,6,,6,1,0.6546
7,2,2,3,18,6,1,,1,1,1.1788
7,2,2,3,19,6,6,,6,1,0.5841
7,2,2,3,20,6,4,,4,1,1.1023
7,2,2,3,21,6,3,,3,1,0.5994
7,2,2,3,22,6,2,,2,1,0.725
7,2,2,3,23,6,6,,6,1,0.814
7,2,2,3,24,6,4,,4,1,0.8658
7,2,2,3,25,6,5,,5,1,0.6926
7,2,2,3,26,6,5,,6,0,0.6068
7,2,2,3,27,6,3,,3,1,0.9516
7,2,2,3,28,6,5,,5,1,0.584
7,2,2,3,29,6,2,,2,1,0.8369
7,2,2,3,30,6,1,,1,1,1.1604
7,2,2,3,31,6,5,,6,0,1.391
7,2,2,3,32,6,1,,3,0,1.2712
7,2,2,3,33,6,6,,6,1,0.5842
7,2,2,3,34,6,3,,6,0,0.5939
7,2,2,3,35,6,3,,3,1,1.1468
7,2,2,3,36,6,3,,3,1,1.0259
7,2,2,3,37,6,2,,6,0,0.7022
7,2,2,3,38,6,6,,6,1,0.5842
7,2,2,3,39,6,6,,6,1,1.1372
7,2,2,3,40,6,3,,3,1,1.2567
7,2,2,3,41,6,2,,5,0,1.0351
7,2,2,3,42,6,2,,2,1,0.6909
7,2,2,3,43,6,1,,1,1,1.005
7,2,2,3,44,6,6,,4,0,1.0657
7,2,2,3,45,6,2,,2,1,0.672
7,2,2,3,46,6,4,,4,1,0.7148
7,2,2,3,47,6,1,,6,0,0.627
7,2,2,3,48,6,6,,6,1,0.6026
7,2,2,3,49,6,1,,1,1,1.2405
7,2,2,3,50,6,4,,4,1,1.0839
7,2,2,4,1,2,4,1,1,0,1.219
7,2,2,4,2,2,1,2,1,1,0.835
7,2,2,4,3,2,1,2,2,0,1.127
7,2,2,4,4,2,2,4,4,0,1.3541
7,2,2,4,5,2,3,2,3,1,1.2678
7,2,2,4,6,2,4,1,4,1,1.4302
7,2,2,4,7,2,5,3,3,0,1.6656
7,2,2,4,8,2,3,5,5,0,1.6465
7,2,2,4,9,2,1,2,1,1,1.2603
7,2,2,4,10,2,6,3,6,1,1.3586
7,2,2,4,11,2,2,4,2,1,0.9415
7,2,2,4,12,2,1,4,1,1,0.9412
7,2,2,4,13,2,6,5,5,0,2.1411
7,2,2,4,14,2,5,3,5,1,1.9747
7,2,2,4,15,2,2,3,2,1,0.8123
7,2,2,4,16,2,2,1,2,1,0.705
7,2,2,4,17,2,3,1,3,1,1.9301
7,2,2,4,18,2,5,2,5,1,1.5054
7,2,2,4,19,2,6,4,6,1,1.2418
7,2,2,4,20,2,2,6,2,1,0.7165
7,2,2,4,21,2,6,3,3,0,0.9654
7,2,2,4,22,2,6,4,6,1,0.655
7,2,2,4,23,2,3,5,3,1,1.0023
7,2,2,4,24,2,6,2,6,1,0.8074
7,2,2,4,25,2,1,2,1,1,1.1332
7,2,2,4,26,2,5,4,5,1,1.3008
7,2,2,4,27,2,6,4,6,1,0.6935
7,2,2,4,28,2,3,2,3,1,1.2786
7,2,2,4,29,2,4,3,4,1,1.0567
7,2,2,4,30,2,3,4,4,0,1.6273
7,2,2,4,31,2,6,1,6,1,0.7143
7,2,2,4,32,2,5,1,5,1,0.7226
7,2,2,4,33,2,1,3,1,1,0.8274
7,2,2,4,34,2,4,2,4,1,0.9756
7,2,2,4,35,2,1,5,1,1,1.1009
7,2,2,4,36,2,5,1,5,1,1.0462
7,2,2,4,37,2,6,5,6,1,0.6411
7,2,2,4,38,2,4,3,4,1,1.0377
7,2,2,4,39,2,5,4,5,1,1.2735
7,2,2,4,40,2,2,4,4,0,1.4357
7,2,2,4,41,2,3,1,1,0,1.2663
7,2,2,4,42,2,4,2,4,1,1.168
7,2,2,4,43,2,4,6,4,1,0.6777
7,2,2,4,44,2,5,3,5,1,0.8157
7,2,2,4,45,2,1,4,1,1,1.0767
7,2,2,4,46,2,3,4,3,1,1.3745
7,2,2,4,47,2,2,5,2,1,0.9885
7,2,2,4,48,2,6,3,6,1,0.5842
7,2,2,4,49,2,4,1,4,1,0.9041
7,2,2,4,50,2,2,3,2,1,0.8099
7,2,3,1,1,2,2,5,2,1,1.0768
7,2,3,1,2,2,4,3,4,1,0.8314
7,2,3,1,3,2,3,5,3,1,1.2508
7,2,3,1,4,2,4,5,4,1,0.9177
7,2,3,1,5,2,1,6,1,1,1.3347
7,2,3,1,6,2,6,1,6,1,0.7421
7,2,3,1,7,2,2,4,2,1,0.8623
7,2,3,1,8,2,2,3,2,1,0.9287
7,2,3,1,9,2,2,5,2,1,0.7364
7,2,3,1,10,2,4,3,4,1,0.6006
7,2,3,1,11,2,3,5,5,0,1.5259
7,2,3,1,12,2,5,2,2,0,1.3204
7,2,3,1,13,2,5,1,1,0,1.1084
7,2,3,1,14,2,4,6,4,1,1.1123
7,2,3,1,15,2,1,2,2,0,1.2802
7,2,3,1,16,2,3,1,3,1,1.725
7,2,3,1,17,2,6,5,6,1,0.7971
7,2,3,1,18,2,4,6,4,1,0.9142
7,2,3,1,19,2,4,1,4,1,0.627
7,2,3,1,20,2,6,1,6,1,0.8467
7,2,3,1,21,2,3,4,3,1,1.0899
7,2,3,1,22,2,6,1,6,1,0.8435
7,2,3,1,23,2,1,2,2,0,1.0712
7,2,3,1,24,2,1,4,1,1,1.1729
7,2,3,1,25,2,5,3,5,1,1.4994
7,2,3,1,26,2,1,4,4,0,0.9795
7,2,3,1,27,2,4,6,6,0,1.3089
7,2,3,1,28,2,6,1,6,1,0.7603
7,2,3,1,29,2,2,3,3,0,1.1515
7,2,3,1,30,2,6,5,6,1,0.5844
7,2,3,1,31,2,6,3,6,1,0.8318
7,2,3,1,32,2,5,2,2,0,1.1718
7,2,3,1,33,2,1,2,1,1,1.3015
7,2,3,1,34,2,2,5,2,1,0.9022
7,2,3,1,35,2,3,4,4,0,0.9675
7,2,3,1,36,2,3,4,3,1,0.9931
7,2,3,1,37,2,5,3,5,1,1.2948
7,2,3,1,38,2,1,6,1,1,1.1193
7,2,3,1,39,2,2,6,2,1,1.1751
7,2,3,1,40,2,6,5,6,1,0.9094
7,2,3,1,41,2,5,2,2,0,1.0535
7,2,3,1,42,2,6,1,6,1,0.6765
7,2,3,1,43,2,3,1,3,1,1.0867
7,2,3,1,44,2,5,3,3,0,1.1759
7,2,3,1,45,2,5,2,2,0,1.0329
7,2,3,1,46,2,2,1,2,1,0.8478
7,2,3,1,47,2,1,4,1,1,1.0754
7,2,3,1,48,2,4,5,4,1,0.9088
7,2,3,1,49,2,3,4,4,0,1.1334
7,2,3,1,50,2,6,2,6,1,0.6565
7,2,3,2,1,6,1,,1,1,1.0014
7,2,3,2,2,6,3,,2,0,1.3512
7,2,3,2,3,6,6,,6,1,0.5842
7,2,3,2,4,6,4,,3,0,1.0875
7,2,3,2,5,6,3,,3,1,1.0923
7,2,3,2,6,6,4,,3,0,0.9095
7,2,3,2,7,6,5,,2,0,1.0815
7,2,3,2,8,6,6,,2,0,1.0871
7,2,3,2,9,6,6,,6,1,0.756
7,2,3,2,10,6,5,,5,1,0.6989
7,2,3,2,11,6,4,,4,1,0.9647
7,2,3,2,12,6,5,,1,0,1.2507
7,2,3,2,13,6,4,,4,1,0.9451
7,2,3,2,14,6,6,,4,0,0.9449
7,2,3,2,15,6,1,,3,0,1.3555
7,2,3,2,16,6,1,,6,0,0.6608
7,2,3,2,17,6,2,,2,1,0.8435
7,2,3,2,18,6,4,,4,1,0.8467
7,2,3,2,19,6,1,,1,1,0.7378
7,2,3,2,20,6,3,,3,1,0.9866
7,2,3,2,21,6,5,,5,1,1.3041
7,2,3,2,22,6,1,,3,0,1.3528
7,2,3,2,23,6,5,,1,0,1.1233
7,2,3,2,24,6,6,,6,1,0.758
7,2,3,2,25,6,1,,1,1,1.2763
7,2,3,2,26,6,3,,3,1,1.0384
7,2,3,2,27,6,6,,6,1,0.8104
7,2,3,2,28,6,5,,5,1,0.8782
7,2,3,2,29,6,6,,6,1,0.9766
7,2,3,2,30,6,5,,3,0,1.2298
7,2,3,2,31,6,1,,2,0,0.8615
7,2,3,2,32,6,2,,4,0,1.0036
7,2,3,2,33,6,4,,4,1,1.0118
7,2,3,2,34,6,5,,5,1,0.8642
7,2,3,2,35,6,3,,3,1,1.0112
7,2,3,2,36,6,3,,6,0,0.9748
7,2,3,2,37,6,2,,4,0,0.7604
7,2,3,2,38,6,2,,2,1,0.875
7,2,3,2,39,6,2,,2,1,0.6367
7,2,3,2,40,6,6,,2,0,1.225
7,2,3,2,41,6,6,,6,1,1.0637
7,2,3,2,42,6,6,,6,1,0.7379
7,2,3,2,43,6,1,,6,0,0.7941
7,2,3,2,44,6,4,,4,1,0.923
7,2,3,2,45,6,3,,3,1,1.0676
7,2,3,2,46,6,2,,2,1,0.7893
7,2,3,2,47,6,2,,2,1,0.9076
7,2,3,2,48,6,4,,4,1,0.7967
7,2,3,2,49,6,3,,3,1,1.1698
7,2,3,2,50,6,2,,2,1,1.0635
7,2,3,3,1,2,6,3,6,1,0.6399
7,2,3,3,2,2,3,5,5,0,1.3403
7,2,3,3,3,2,6,3,6,1,1.4623
7,2,3,3,4,2,5,2,5,1,0.912
7,2,3,3,5,2,2,5,2,1,0.9444
7,2,3,3,6,2,1,3,3,0,1.3757
7,2,3,3,7,2,6,5,6,1,0.7447
7,2,3,3,8,2,3,2,3,1,1.0396
7,2,3,3,9,2,3,6,6,0,0.9555
7,2,3,3,10,2,3,4,3,1,0.87
7,2,3,3,11,2,1,2,2,0,1.0491
7,2,3,3,12,2,5,6,6,0,1.2472
7,2,3,3,13,2,6,1,6,1,1.2458
7,2,3,3,14,2,2,6,6,0,1.3928
7,2,3,3,15,2,6,2,2,0,1.0648
7,2,3,3,16,2,2,6,2,1,0.6067
7,2,3,3,17,2,4,2,4,1,0.7639
7,2,3,3,18,2,1,3,3,0,1.3465
7,2,3,3,19,2,2,6,2,1,0.9244
7,2,3,3,20,2,4,5,4,1,1.0374
7,2,3,3,21,2,2,1,1,0,1.2251
7,2,3,3,22,2,4,2,4,1,1.0001
7,2,3,3,23,2,2,1,2,1,1.0292
7,2,3,3,24,2,1,2,2,0,1.3129
7,2,3,3,25,2,1,4,1,1,1.0208
7,2,3,3,26,2,5,4,4,0,0.9365
7,2,3,3,27,2,6,3,3,0,1.8114
7,2,3,3,28,2,2,1,2,1,1.1784
7,2,3,3,29,2,4,2,4,1,0.9282
7,2,3,3,30,2,6,2,6,1,1.2638
7,2,3,3,31,2,5,1,5,1,1.6662
7,2,3,3,32,2,6,4,4,0,0.9477
7,2,3,3,33,2,5,1,1,0,1.4219
7,2,3,3,34,2,4,5,4,1,0.9329
7,2,3,3,35,2,2,5,2,1,1.0292
7,2,3,3,36,2,4,1,4,1,1.0247
7,2,3,3,37,2,5,4,5,1,1.1484
7,2,3,3,38,2,4,2,4,1,0.8997
7,2,3,3,39,2,5,3,3,0,1.4608
7,2,3,3,40,2,6,3,6,1,0.5843
7,2,3,3,41,2,4,3,4,1,0.8244
7,2,3,3,42,2,3,6,3,1,1.2599
7,2,3,3,43,2,5,1,5,1,1.1024
7,2,3,3,44,2,1,5,1,1,0.9835
7,2,3,3,45,2,3,1,3,1,1.2372
7,2,3,3,46,2,1,6,6,0,1.1927
7,2,3,3,47,2,3,4,4,0,1.545
7,2,3,3,48,2,1,5,5,0,1.5947
7,2,3,3,49,2,6,4,6,1,0.6669
7,2,3,3,50,2,3,6,3,1,1.5737
7,2,3,4,1,6,3,,3,1,1.5449
7,2,3,4,2,6,2,,2,1,0.7038
7,2,3,4,3,6,1,,1,1,0.9531
7,2,3,4,4,6,6,,6,1,0.6001
7,2,3,4,5,6,6,,2,0,1.0133
7,2,3,4,6,6,2,,2,1,0.8136
7,2,3,4,7,6,4,,4,1,0.8017
7,2,3,4,8,6,3,,3,1,1.3032
7,2,3,4,9,6,2,,2,1,0.9526
7,2,3,4,10,6,5,,5,1,1.1116
7,2,3,4,11,6,6,,6,1,0.7838
7,2,3,4,12,6,2,,2,1,0.8218
7,2,3,4,13,6,3,,3,1,0.8749
7,2,3,4,14,6,6,,6,1,0.7004
7,2,3,4,15,6,2,,2,1,1.3014
7,2,3,4,16,6,4,,2,0,1.1584
7,2,3,4,17,6,4,,4,1,0.9839
7,2,3,4,18,6,1,,2,0,0.9503
7,2,3,4,19,6,3,,4,0,0.8483
7,2,3,4,20,6,4,,4,1,0.895
7,2,3,4,21,6,6,,6,1,0.8646
7,2,3,4,22,6,4,,4,1,0.9793
7,2,3,4,23,6,4,,4,1,0.769
7,2,3,4,24,6,1,,1,1,1.2715
7,2,3,4,25,6,2,,2,1,0.8743
7,2,3,4,26,6,5,,6,0,1.1639
7,2,3,4,27,6,3,,3,1,1.6457
7,2,3,4,28,6,5,,5,1,0.96
7,2,3,4,29,6,1,,6,0,0.8145
7,2,3,4,30,6,1,,1,1,1.1018
7,2,3,4,31,6,6,,6,1,0.5842
7,2,3,4,32,6,4,,2,0,0.9816
7,2,3,4,33,6,6,,6,1,0.6864
7,2,3,4,34,6,6,,4,0,1.0486
7,2,3,4,35,6,1,,6,0,0.8798
7,2,3,4,36,6,5,,3,0,1.1167
7,2,3,4,37,6,5,,5,1,0.6081
7,2,3,4,38,6,6,,6,1,0.5842
7,2,3,4,39,6,2,,2,1,1.0997
7,2,3,4,40,6,5,,4,0,1.1406
7,2,3,4,41,6,5,,2,0,0.7274
7,2,3,4,42,6,1,,1,1,0.7629
7,2,3,4,43,6,3,,3,1,1.3136
7,2,3,4,44,6,6,,4,0,1.2014
7,2,3,4,45,6,3,,3,1,1.09
7,2,3,4,46,6,5,,4,0,1.2591
7,2,3,4,47,6,3,,2,0,0.9207
7,2,3,4,48,6,2,,2,1,0.6288
7,2,3,4,49,6,4,,2,0,0.8167
7,2,3,4,50,6,1,,4,0,0.5841
7,2,4,1,1,6,6,,6,1,0.6153
7,2,4,1,2,6,4,,4,1,0.8522
7,2,4,1,3,6,5,,5,1,0.8719
7,2,4,1,4,6,4,,6,0,1.0185
7,2,4,1,5,6,4,,4,1,0.9774
7,2,4,1,6,6,1,,1,1,0.7034
7,2,4,1,7,6,6,,6,1,0.5844
7,2,4,1,8,6,2,,2,1,0.6311
7,2,4,1,9,6,2,,2,1,0.6281
7,2,4,1,10,6,3,,2,0,1.3273
7,2,4,1,11,6,1,,6,0,0.6349
7,2,4,1,12,6,1,,4,0,1.0745
7,2,4,1,13,6,3,,3,1,1.0161
7,2,4,1,14,6,6,,6,1,0.5843
7,2,4,1,15,6,1,,3,0,0.8342
7,2,4,1,16,6,2,,2,1,0.8342
7,2,4,1,17,6,5,,3,0,1.0778
7,2,4,1,18,6,4,,4,1,1.3067
7,2,4,1,19,6,1,,1,1,0.7795
7,2,4,1,20,6,5,,4,0,0.9939
7,2,4,1,21,6,2,,2,1,0.8104
7,2,4,1,22,6,4,,4,1,1.0388
7,2,4,1,23,6,3,,3,1,0.9709
7,2,4,1,24,6,6,,6,1,0.5841
7,2,4,1,25,6,2,,2,1,0.8397
7,2,4,1,26,6,6,,4,0,1.4346
7,2,4,1,27,6,3,,2,0,1.522
7,2,4,1,28,6,6,,6,1,0.5843
7,2,4,1,29,6,6,,6,1,0.6903
7,2,4,1,30,6,4,,4,1,0.6682
7,2,4,1,31,6,4,,4,1,0.5842
7,2,4,1,32,6,5,,3,0,1.045
7,2,4,1,33,6,5,,5,1,0.9551
7,2,4,1,34,6,3,,3,1,1.0508
7,2,4,1,35,6,2,,2,1,1.1256
7,2,4,1,36,6,2,,2,1,0.5841
7,2,4,1,37,6,1,,4,0,1.0834
7,2,4,1,38,6,1,,1,1,0.9612
7,2,4,1,39,6,6,,6,1,0.6555
7,2,4,1,40,6,6,,6,1,0.8749
7,2,4,1,41,6,3,,4,0,1.0685
7,2,4,1,42,6,3,,4,0,0.7541
7,2,4,1,43,6,5,,5,1,0.676
7,2,4,1,44,6,6,,6,1,0.655
7,2,4,1,45,6,1,,2,0,1.0983
7,2,4,1,46,6,2,,2,1,0.6708
7,2,4,1,47,6,4,,4,1,0.5853
7,2,4,1,48,6,3,,3,1,1.4159
7,2,4,1,49,6,5,,4,0,0.7878
7,2,4,1,50,6,5,,6,0,0.6762
7,2,4,2,1,2,2,5,2,1,0.8871
7,2,4,2,2,2,6,3,6,1,0.9055
7,2,4,2,3,2,6,2,6,1,1.2267
7,2,4,2,4,2,3,4,4,0,0.9102
7,2,4,2,5,2,4,2,4,1,0.7463
7,2,4,2,6,2,6,3,6,1,0.5842
7,2,4,2,7,2,2,3,2,1,1.264
7,2,4,2,8,2,5,2,2,0,1.026
7,2,4,2,9,2,2,6,6,0,1.1126
7,2,4,2,10,2,3,6,3,1,1.5811
7,2,4,2,11,2,4,6,4,1,0.8183
7,2,4,2,12,2,1,6,6,0,1.4945
7,2,4,2,13,2,3,2,3,1,1.5465
7,2,4,2,14,2,5,6,5,1,1.4412
7,2,4,2,15,2,4,6,4,1,0.8282
7,2,4,2,16,2,5,1,5,1,1.2161
7,2,4,2,17,2,6,1,6,1,0.8841
7,2,4,2,18,2,6,2,6,1,0.9348
7,2,4,2,19,2,2,6,2,1,1.0146
7,2,4,2,20,2,3,4,3,1,1.1868
7,2,4,2,21,2,4,5,4,1,0.9527
7,2,4,2,22,2,6,3,6,1,0.9037
7,2,4,2,23,2,5,4,4,0,1.1767
7,2,4,2,24,2,1,5,1,1,1.4019
7,2,4,2,25,2,5,2,5,1,1.2061
7,2,4,2,26,2,5,1,5,1,1.1784
7,2,4,2,27,2,3,2,3,1,1.2485
7,2,4,2,28,2,1,4,4,0,1.3951
7,2,4,2,29,2,2,4,2,1,0.9551
7,2,4,2,30,2,1,6,1,1,0.9544
7,2,4,2,31,2,1,2,1,1,0.9692
7,2,4,2,32,2,2,5,2,1,0.9842
7,2,4,2,33,2,2,1,2,1,1.1573
7,2,4,2,34,2,4,1,4,1,1.2602
7,2,4,2,35,2,3,6,6,0,1.2303
7,2,4,2,36,2,4,1,4,1,1.0048
7,2,4,2,37,2,3,4,3,1,0.986
7,2,4,2,38,2,1,5,1,1,0.9523
7,2,4,2,39,2,2,1,2,1,1.1112
7,2,4,2,40,2,6,4,6,1,0.8155
7,2,4,2,41,2,6,3,6,1,0.66
7,2,4,2,42,2,6,2,2,0,1.1028
7,2,4,2,43,2,4,3,4,1,0.8669
7,2,4,2,44,2,4,2,4,1,1.3175
7,2,4,2,45,2,3,2,2,0,1.2534
7,2,4,2,46,2,5,6,5,1,1.0595
7,2,4,2,47,2,1,6,1,1,0.8941
7,2,4,2,48,2,1,3,1,1,0.9912
7,2,4,2,49,2,6,1,6,1,1.3081
7,2,4,2,50,2,5,6,6,0,1.5645
7,2,4,3,1,6,6,,6,1,1.1309
7,2,4,3,2,6,2,,2,1,1.09
7,2,4,3,3,6,3,,3,1,1.0195
7,2,4,3,4,6,4,,2,0,0.8076
7,2,4,3,5,6,5,,5,1,0.9196
7,2,4,3,6,6,2,,4,0,1.2559
7,2,4,3,7,6,1,,6,0,1.3815
7,2,4,3,8,6,6,,3,0,1.0389
7,2,4,3,9,6,5,,3,0,1.0771
7,2,4,3,10,6,5,,5,1,0.9386
7,2,4,3,11,6,6,,5,0,1.0986
7,2,4,3,12,6,5,,5,1,0.9589
7,2,4,3,13,6,1,,5,0,1.0848
7,2,4,3,14,6,4,,4,1,1.122
7,2,4,3,15,6,1,,1,1,1.1786
7,2,4,3,16,6,3,,2,0,0.9439
7,2,4,3,17,6,4,,5,0,0.747
7,2,4,3,18,6,6,,6,1,0.7335
7,2,4,3,19,6,3,,4,0,1.1734
7,2,4,3,20,6,6,,6,1,0.6948
7,2,4,3,21,6,1,,3,0,1.5039
7,2,4,3,22,6,2,,2,1,0.8677
7,2,4,3,23,6,2,,4,0,1.0148
7,2,4,3,24,6,4,,3,0,1.0545
7,2,4,3,25,6,1,,6,0,0.8844
7,2,4,3,26,6,5,,5,1,0.7221
7,2,4,3,27,6,4,,2,0,0.9213
7,2,4,3,28,6,5,,2,0,0.9329
7,2,4,3,29,6,5,,5,1,0.9759
7,2,4,3,30,6,6,,6,1,0.6379
7,2,4,3,31,6,2,,2,1,0.7627
7,2,4,3,32,6,4,,1,0,1.521
7,2,4,3,33,6,6,,6,1,0.5843
7,2,4,3,34,6,3,,4,0,1.5215
7,2,4,3,35,6,3,,4,0,1.2688
7,2,4,3,36,6,4,,3,0,1.8731
7,2,4,3,37,6,2,,2,1,0.8054
7,2,4,3,38,6,4,,4,1,0.7467
7,2,4,3,39,6,1,,5,0,1.1061
7,2,4,3,40,6,2,,2,1,0.6617
7,2,4,3,41,6,1,,3,0,1.3126
7,2,4,3,42,6,3,,6,0,1.0684
7,2,4,3,43,6,6,,5,0,0.7698
7,2,4,3,44,6,1,,6,0,0.6752
7,2,4,3,45,6,2,,2,1,0.9217
7,2,4,3,46,6,3,,3,1,1.0493
7,2,4,3,47,6,3,,5,0,1.0921
7,2,4,3,48,6,5,,4,0,0.8088
7,2,4,3,49,6,6,,6,1,0.7928
7,2,4,3,50,6,6,,6,1,0.6383
7,2,4,4,1,2,4,2,4,1,1.0789
7,2,4,4,2,2,3,6,3,1,1.2324
7,2,4,4,3,2,2,4,2,1,0.9961
7,2,4,4,4,2,1,6,6,0,0.8494
7,2,4,4,5,2,2,3,2,1,1.1842
7,2,4,4,6,2,6,1,6,1,0.6615
7,2,4,4,7,2,4,1,4,1,1.0725
7,2,4,4,8,2,6,4,6,1,1.195
7,2,4,4,9,2,4,3,4,1,1.2959
7,2,4,4,10,2,6,4,6,1,0.6244
7,2,4,4,11,2,5,3,5,1,0.7808
7,2,4,4,12,2,3,1,3,1,1.7143
7,2,4,4,13,2,5,4,4,0,1.3463
7,2,4,4,14,2,5,1,5,1,0.8604
7,2,4,4,15,2,5,2,5,1,0.7833
7,2,4,4,16,2,4,1,4,1,0.9171
7,2,4,4,17,2,5,2,2,0,0.9021
7,2,4,4,18,2,1,3,1,1,1.6973
7,2,4,4,19,2,3,2,3,1,1.0898
7,2,4,4,20,2,3,6,3,1,1.0994
7,2,4,4,21,2,5,3,5,1,0.8046
7,2,4,4,22,2,1,5,1,1,1.081
7,2,4,4,23,2,5,6,5,1,0.8512
7,2,4,4,24,2,3,2,3,1,1.1101
7,2,4,4,25,2,2,4,2,1,1.1343
7,2,4,4,26,2,6,3,6,1,0.9343
7,2,4,4,27,2,2,4,2,1,0.7101
7,2,4,4,28,2,3,2,3,1,1.1826
7,2,4,4,29,2,6,5,6,1,0.9326
7,2,4,4,30,2,4,2,4,1,0.9482
7,2,4,4,31,2,6,5,6,1,0.9791
7,2,4,4,32,2,2,4,2,1,0.8968
7,2,4,4,33,2,6,2,6,1,1.3785
7,2,4,4,34,2,1,6,1,1,0.7839
7,2,4,4,35,2,2,3,2,1,0.726
7,2,4,4,36,2,5,2,5,1,1.0062
7,2,4,4,37,2,6,3,6,1,0.7629
7,2,4,4,38,2,4,1,4,1,1.2173
7,2,4,4,39,2,1,4,4,0,1.1733
7,2,4,4,40,2,1,2,2,0,1.5425
7,2,4,4,41,2,2,4,4,0,1.705
7,2,4,4,42,2,1,4,1,1,1.3967
7,2,4,4,43,2,1,2,1,1,0.9615
7,2,4,4,44,2,4,6,4,1,1.3117
7,2,4,4,45,2,4,2,4,1,1.2635
7,2,4,4,46,2,3,5,3,1,0.994
7,2,4,4,47,2,6,5,5,0,1.3747
7,2,4,4,48,2,6,2,6,1,0.9037
7,2,4,4,49,2,2,1,2,1,0.8081
7,2,4,4,50,2,3,4,4,0,0.9886
7,2,5,1,1,2,6,2,6,1,1.2849
7,2,5,1,2,2,5,2,5,1,0.8384
7,2,5,1,3,2,2,1,2,1,0.6823
7,2,5,1,4,2,2,3,2,1,0.5842
7,2,5,1,5,2,1,3,3,0,1.5224
7,2,5,1,6,2,6,1,6,1,0.6462
7,2,5,1,7,2,1,4,1,1,1.6827
7,2,5,1,8,2,5,2,5,1,0.7397
7,2,5,1,9,2,4,6,4,1,0.9071
7,2,5,1,10,2,3,1,3,1,0.9246
7,2,5,1,11,2,4,1,4,1,0.6687
7,2,5,1,12,2,3,4,3,1,0.9831
7,2,5,1,13,2,5,2,5,1,1.4451
7,2,5,1,14,2,6,5,6,1,0.8
7,2,5,1,15,2,3,6,3,1,1.4612
7,2,5,1,16,2,4,5,4,1,1.2475
7,2,5,1,17,2,2,3,2,1,0.8827
7,2,5,1,18,2,6,4,6,1,0.6605
7,2,5,1,19,2,6,4,4,0,0.7679
7,2,5,1,20,2,3,2,2,0,0.9302
7,2,5,1,21,2,5,3,3,0,1.5483
7,2,5,1,22,2,6,4,6,1,0.6069
7,2,5,1,23,2,4,3,4,1,0.9395
7,2,5,1,24,2,3,5,5,0,1.4996
7,2,5,1,25,2,3,5,3,1,1.1513
7,2,5,1,26,2,2,3,2,1,1.1261
7,2,5,1,27,2,6,3,6,1,1.087
7,2,5,1,28,2,2,6,2,1,0.7121
7,2,5,1,29,2,1,6,6,0,1.1691
7,2,5,1,30,2,2,4,2,1,1.1867
7,2,5,1,31,2,2,3,2,1,1.2402
7,2,5,1,32,2,6,1,6,1,0.8591
7,2,5,1,33,2,4,2,4,1,0.9099
7,2,5,1,34,2,1,2,1,1,1.5191
7,2,5,1,35,2,3,2,2,0,1.191
7,2,5,1,36,2,1,4,1,1,1.8468
7,2,5,1,37,2,6,1,6,1,0.9454
7,2,5,1,38,2,4,3,4,1,1.0085
7,2,5,1,39,2,4,5,4,1,1.2137
7,2,5,1,40,2,1,6,6,0,0.6252
7,2,5,1,41,2,5,6,5,1,0.9528
7,2,5,1,42,2,3,1,3,1,1.7037
7,2,5,1,43,2,1,2,2,0,1.3041
7,2,5,1,44,2,2,5,2,1,1.3954
7,2,5,1,45,2,5,1,5,1,1.0565
7,2,5,1,46,2,5,6,5,1,0.7308
7,2,5,1,47,2,6,3,6,1,0.7384
7,2,5,1,48,2,4,2,4,1,1.0028
7,2,5,1,49,2,1,2,1,1,1.3035
7,2,5,1,50,2,5,2,5,1,0.9205
7,2,5,2,1,6,6,,6,1,0.8068
7,2,5,2,2,6,3,,3,1,1.147
7,2,5,2,3,6,4,,2,0,1.122
7,2,5,2,4,6,3,,2,0,0.6777
7,2,5,2,5,6,6,,6,1,0.6009
7,2,5,2,6,6,5,,5,1,0.9844
7,2,5,2,7,6,1,,3,0,0.9666
7,2,5,2,8,6,4,,3,0,1.1675
7,2,5,2,9,6,4,,4,1,0.6571
7,2,5,2,10,6,5,,5,1,1.2599
7,2,5,2,11,6,6,,6,1,0.5843
7,2,5,2,12,6,1,,4,0,1.1483
7,2,5,2,13,6,3,,3,1,1.0233
7,2,5,2,14,6,3,,5,0,0.6665
7,2,5,2,15,6,2,,2,1,0.6413
7,2,5,2,16,6,6,,6,1,0.6208
7,2,5,2,17,6,2,,2,1,0.9206
7,2,5,2,18,6,5,,5,1,0.5842
7,2,5,2,19,6,6,,6,1,0.5841
7,2,5,2,20,6,3,,3,1,0.9978
7,2,5,2,21,6,1,,5,0,0.7389
7,2,5,2,22,6,4,,4,1,1.1101
7,2,5,2,23,6,3,,5,0,0.7345
7,2,5,2,24,6,2,,2,1,1.074
7,2,5,2,25,6,5,,5,1,0.5884
7,2,5,2,26,6,3,,6,0,1.0823
7,2,5,2,27,6,2,,2,1,1.0874
7,2,5,2,28,6,3,,2,0,1.0013
7,2,5,2,29,6,2,,2,1,0.5843
7,2,5,2,30,6,5,,5,1,0.6073
7,2,5,2,31,6,5,,6,0,0.8768
7,2,5,2,32,6,1,,1,1,1.1299
7,2,5,2,33,6,6,,6,1,0.769
7,2,5,2,34,6,6,,3,0,1.1126
7,2,5,2,35,6,4,,4,1,0.6524
7,2,5,2,36,6,1,,3,0,0.9514
7,2,5,2,37,6,6,,6,1,1.2824
7,2,5,2,38,6,2,,4,0,1.0437
7,2,5,2,39,6,5,,2,0,0.9535
7,2,5,2,40,6,2,,6,0,1.0127
7,2,5,2,41,6,1,,5,0,1.116
7,2,5,2,42,6,2,,2,1,0.7844
7,2,5,2,43,6,5,,5,1,0.6626
7,2,5,2,44,6,4,,4,1,0.7846
7,2,5,2,45,6,6,,4,0,0.7114
7,2,5,2,46,6,6,,6,1,0.5841
7,2,5,2,47,6,4,,4,1,0.7295
7,2,5,2,48,6,1,,6,0,1.2973
7,2,5,2,49,6,1,,1,1,0.8141
7,2,5,2,50,6,4,,4,1,0.7228
7,2,5,3,1,2,2,3,2,1,0.936
7,2,5,3,2,2,2,3,2,1,0.6153
7,2,5,3,3,2,4,1,4,1,0.98
7,2,5,3,4,2,4,6,4,1,0.7056
7,2,5,3,5,2,6,1,6,1,0.6988
7,2,5,3,6,2,3,4,3,1,1.3484
7,2,5,3,7,2,4,3,3,0,0.7865
7,2,5,3,8,2,6,2,6,1,0.6115
7,2,5,3,9,2,3,2,3,1,1.0086
7,2,5,3,10,2,6,5,6,1,0.6216
7,2,5,3,11,2,6,3,6,1,1.5619
7,2,5,3,12,2,1,3,1,1,1.4076
7,2,5,3,13,2,5,1,5,1,1.2282
7,2,5,3,14,2,1,5,5,0,1.4395
7,2,5,3,15,2,3,5,3,1,1.5259
7,2,5,3,16,2,4,5,5,0,1.2773
7,2,5,3,17,2,6,1,6,1,0.9059
7,2,5,3,18,2,4,2,4,1,1.2742
7,2,5,3,19,2,2,3,2,1,1.1166
7,2,5,3,20,2,6,2,2,0,1.1411
7,2,5,3,21,2,5,3,5,1,0.9516
7,2,5,3,22,2,2,6,6,0,1.3985
7,2,5,3,23,2,6,3,6,1,0.7342
7,2,5,3,24,2,5,1,5,1,1.1258
7,2,5,3,25,2,5,3,5,1,0.6383
7,2,5,3,26,2,2,1,2,1,1.2733
7,2,5,3,27,2,5,3,5,1,1.0188
7,2,5,3,28,2,1,6,6,0,1.6394
7,2,5,3,29,2,4,5,4,1,1.0617
7,2,5,3,30,2,1,3,1,1,1.3594
7,2,5,3,31,2,2,3,2,1,1.2304
7,2,5,3,32,2,4,1,4,1,1.0102
7,2,5,3,33,2,3,1,3,1,1.7744
7,2,5,3,34,2,5,2,5,1,1.6598
7,2,5,3,35,2,3,6,3,1,1.1817
7,2,5,3,36,2,3,2,3,1,1.1709
7,2,5,3,37,2,4,2,4,1,1.1934
7,2,5,3,38,2,2,6,2,1,1.2142
7,2,5,3,39,2,6,5,6,1,1.3466
7,2,5,3,40,2,1,5,5,0,1.2333
7,2,5,3,41,2,6,5,6,1,0.9436
7,2,5,3,42,2,3,2,2,0,1.503
7,2,5,3,43,2,1,6,6,0,1.8431
7,2,5,3,44,2,5,2,5,1,1.0804
7,2,5,3,45,2,2,6,2,1,1.0262
7,2,5,3,46,2,6,3,6,1,0.6058
7,2,5,3,47,2,3,4,3,1,1.7545
7,2,5,3,48,2,1,6,1,1,1.1452
7,2,5,3,49,2,1,6,1,1,0.8637
7,2,5,3,50,2,5,3,5,1,1.1866
7,2,5,4,1,6,4,,2,0,1.0773
7,2,5,4,2,6,5,,5,1,0.8737
7,2,5,4,3,6,6,,6,1,0.7965
7,2,5,4,4,6,1,,1,1,0.7374
7,2,5,4,5,6,6,,6,1,0.9849
7,2,5,4,6,6,4,,4,1,0.9829
7,2,5,4,7,6,6,,6,1,0.9163
7,2,5,4,8,6,1,,4,0,1.0767
7,2,5,4,9,6,4,,4,1,0.985
7,2,5,4,10,6,5,,5,1,1.1434
7,2,5,4,11,6,4,,4,1,1.1824
7,2,5,4,12,6,3,,3,1,1.0757
7,2,5,4,13,6,2,,2,1,1.1184
7,2,5,4,14,6,2,,5,0,0.742
7,2,5,4,15,6,1,,1,1,1.1127
7,2,5,4,16,6,1,,6,0,1.2967
7,2,5,4,17,6,6,,6,1,0.7968
7,2,5,4,18,6,1,,1,1,1.4417
7,2,5,4,19,6,1,,5,0,0.9091
7,2,5,4,20,6,3,,6,0,1.0653
7,2,5,4,21,6,5,,2,0,1.2949
7,2,5,4,22,6,3,,4,0,1.339
7,2,5,4,23,6,2,,2,1,1.301
7,2,5,4,24,6,6,,6,1,1.0463
7,2,5,4,25,6,4,,4,1,1.0725
7,2,5,4,26,6,4,,4,1,0.9229
7,2,5,4,27,6,5,,2,0,1.1465
7,2,5,4,28,6,2,,2,1,0.6846
7,2,5,4,29,6,5,,5,1,1.0305
7,2,5,4,30,6,3,,6,0,1.0113
7,2,5,4,31,6,2,,2,1,0.7947
7,2,5,4,32,6,6,,2,0,1.264
7,2,5,4,33,6,6,,6,1,0.7975
7,2,5,4,34,6,2,,2,1,1.0593
7,2,5,4,35,6,3,,5,0,0.7175
7,2,5,4,36,6,6,,6,1,0.7532
7,2,5,4,37,6,4,,6,0,1.0165
7,2,5,4,38,6,4,,4,1,1.0244
7,2,5,4,39,6,2,,2,1,0.7639
7,2,5,4,40,6,3,,6,0,0.6104
7,2,5,4,41,6,5,,5,1,0.7145
7,2,5,4,42,6,5,,5,1,0.8032
7,2,5,4,43,6,6,,6,1,0.7444
7,2,5,4,44,6,3,,1,0,1.3126
7,2,5,4,45,6,6,,1,0,0.8916
7,2,5,4,46,6,5,,5,1,0.6004
7,2,5,4,47,6,3,,2,0,0.5841
7,2,5,4,48,6,2,,2,1,1.1835
7,2,5,4,49,6,1,,4,0,1.8123
7,2,5,4,50,6,1,,5,0,0.6832
7,3,1,1,1,2,2,1,2,1,0.7788
7,3,1,1,2,2,5,2,5,1,0.7364
7,3,1,1,3,2,4,5,4,1,1.0812
7,3,1,1,4,2,5,1,1,0,1.2667
7,3,1,1,5,2,2,6,6,0,1.2324
7,3,1,1,6,2,2,5,2,1,0.8793
7,3,1,1,7,2,4,6,4,1,0.7539
7,3,1,1,8,2,4,1,4,1,0.9371
7,3,1,1,9,2,1,2,1,1,1.273
7,3,1,1,10,2,5,3,5,1,0.7629
7,3,1,1,11,2,5,3,5,1,0.8987
7,3,1,1,12,2,4,6,4,1,0.8198
7,3,1,1,13,2,3,1,1,0,1.2719
7,3,1,1,14,2,3,5,3,1,0.9817
7,3,1,1,15,2,6,4,6,1,0.7712
7,3,1,1,16,2,1,2,2,0,1.5782
7,3,1,1,17,2,5,4,5,1,1.0676
7,3,1,1,18,2,4,5,4,1,1.0137
7,3,1,1,19,2,3,5,5,0,1.5074
7,3,1,1,20,2,1,4,1,1,0.8393
7,3,1,1,21,2,6,4,6,1,0.8428
7,3,1,1,22,2,5,6,5,1,1.4549
7,3,1,1,23,2,2,1,2,1,0.9374
7,3,1,1,24,2,4,3,4,1,0.8413
7,3,1,1,25,2,4,6,4,1,0.7814
7,3,1,1,26,2,3,6,6,0,1.3156
7,3,1,1,27,2,6,5,6,1,1.4231
7,3,1,1,28,2,6,4,4,0,1.195
7,3,1,1,29,2,1,3,3,0,1.7716
7,3,1,1,30,2,1,5,1,1,1.061
7,3,1,1,31,2,3,1,1,0,0.9596
7,3,1,1,32,2,6,4,4,0,1.1622
7,3,1,1,33,2,6,4,6,1,0.9728
7,3,1,1,34,2,2,4,2,1,0.9238
7,3,1,1,35,2,6,1,6,1,0.7483
7,3,1,1,36,2,3,2,3,1,1.1716
7,3,1,1,37,2,1,2,1,1,0.8098
7,3,1,1,38,2,4,5,4,1,0.9747
7,3,1,1,39,2,2,3,3,0,1.2931
7,3,1,1,40,2,6,1,1,0,1.2745
7,3,1,1,41,2,2,3,2,1,1.032
7,3,1,1,42,2,2,5,2,1,0.8034
7,3,1,1,43,2,6,2,6,1,0.5851
7,3,1,1,44,2,3,5,3,1,0.9991
7,3,1,1,45,2,6,2,6,1,0.7563
7,3,1,1,46,2,5,1,1,0,1.3398
7,3,1,1,47,2,5,4,5,1,0.8548
7,3,1,1,48,2,1,4,1,1,0.9538
7,3,1,1,49,2,1,5,5,0,0.7294
7,3,1,1,50,2,3,6,3,1,1.1656
7,3,1,2,1,6,6,,6,1,0.8497
7,3,1,2,2,6,2,,2,1,0.6289
7,3,1,2,3,6,4,,4,1,0.9457
7,3,1,2,4,6,1,,1,1,0.7215
7,3,1,2,5,6,6,,5,0,1.5939
7,3,1,2,6,6,4,,4,1,0.9068
7,3,1,2,7,6,3,,3,1,1.1159
7,3,1,2,8,6,2,,2,1,0.7083
7,3,1,2,9,6,3,,2,0,1.4216
7,3,1,2,10,6,5,,2,0,0.8847
7,3,1,2,11,6,5,,1,0,1.2018
7,3,1,2,12,6,1,,1,1,1.4106
7,3,1,2,13,6,1,,1,1,0.7837
7,3,1,2,14,6,1,,6,0,0.949
7,3,1,2,15,6,2,,5,0,1.3117
7,3,1,2,16,6,6,,6,1,0.8285
7,3,1,2,17,6,6,,6,1,0.7686
7,3,1,2,18,6,4,,4,1,1.5112
7,3,1,2,19,6,2,,2,1,0.8163
7,3,1,2,20,6,6,,6,1,0.9488
7,3,1,2,21,6,1,,1,1,0.8195
7,3,1,2,22,6,3,,4,0,0.8081
7,3,1,2,23,6,3,,3,1,1.4651
7,3,1,2,24,6,4,,4,1,0.7551
7,3,1,2,25,6,4,,4,1,0.8583
7,3,1,2,26,6,4,,2,0,0.7818
7,3,1,2,27,6,4,,4,1,0.8796
7,3,1,2,28,6,2,,2,1,0.6568
7,3,1,2,29,6,6,,6,1,0.6847
7,3,1,2,30,6,1,,4,0,1.0946
7,3,1,2,31,6,3,,3,1,1.1956
7,3,1,2,32,6,5,,5,1,0.6887
7,3,1,2,33,6,1,,1,1,0.6505
7,3,1,2,34,6,5,,5,1,0.7902
7,3,1,2,35,6,2,,2,1,1.0686
7,3,1,2,36,6,5,,5,1,0.7587
7,3,1,2,37,6,3,,3,1,1.182
7,3,1,2,38,6,6,,6,1,0.756
7,3,1,2,39,6,4,,4,1,1.0193
7,3,1,2,40,6,2,,2,1,0.824
7,3,1,2,41,6,3,,4,0,1.1802
7,3,1,2,42,6,5,,6,0,0.989
7,3,1,2,43,6,1,,1,1,0.6459
7,3,1,2,44,6,6,,6,1,0.5843
7,3,1,2,45,6,2,,2,1,1.0091
7,3,1,2,46,6,6,,6,1,0.6701
7,3,1,2,47,6,3,,3,1,0.9368
7,3,1,2,48,6,6,,6,1,0.7289
7,3,1,2,49,6,5,,2,0,0.6413
7,3,1,2,50,6,5,,5,1,0.5842
7,3,1,3,1,2,6,5,6,1,0.645
7,3,1,3,2,2,2,1,2,1,0.6891
7,3,1,3,3,2,6,5,6,1,0.5843
7,3,1,3,4,2,2,1,2,1,0.6974
7,3,1,3,5,2,5,4,5,1,0.6105
7,3,1,3,6,2,2,4,4,0,0.656
7,3,1,3,7,2,2,1,2,1,1.383
7,3,1,3,8,2,2,1,2,1,0.7566
7,3,1,3,9,2,4,6,4,1,1.1159
7,3,1,3,10,2,4,5,5,0,0.9163
7,3,1,3,11,2,2,3,2,1,0.8962
7,3,1,3,12,2,1,4,4,0,1.1698
7,3,1,3,13,2,4,5,4,1,0.6428
7,3,1,3,14,2,4,6,4,1,1.2471
7,3,1,3,15,2,5,3,5,1,0.9628
7,3,1,3,16,2,1,6,1,1,0.8493
7,3,1,3,17,2,1,4,1,1,0.9968
7,3,1,3,18,2,2,6,6,0,1.3776
7,3,1,3,19,2,6,1,6,1,0.7474
7,3,1,3,20,2,6,5,5,0,1.1709
7,3,1,3,21,2,6,4,6,1,0.7564
7,3,1,3,22,2,4,2,2,0,1.4994
7,3,1,3,23,2,4,3,4,1,0.9275
7,3,1,3,24,2,5,1,5,1,1.0563
7,3,1,3,25,2,5,4,5,1,0.6355
7,3,1,3,26,2,1,6,1,1,0.9036
7,3,1,3,27,2,5,6,6,0,1.2567
7,3,1,3,28,2,3,5,3,1,1.5427
7,3,1,3,29,2,4,5,4,1,0.8459
7,3,1,3,30,2,5,4,5,1,0.6735
7,3,1,3,31,2,2,4,2,1,1.2286
7,3,1,3,32,2,6,2,6,1,0.7514
7,3,1,3,33,2,3,6,3,1,1.0635
7,3,1,3,34,2,1,4,1,1,0.9293
7,3,1,3,35,2,3,6,3,1,0.9942
7,3,1,3,36,2,6,3,6,1,1.1201
7,3,1,3,37,2,1,3,3,0,1.5918
7,3,1,3,38,2,3,6,3,1,0.8248
7,3,1,3,39,2,6,5,6,1,0.7816
7,3,1,3,40,2,3,2,3,1,1.1235
7,3,1,3,41,2,6,1,6,1,0.636
7,3,1,3,42,2,3,2,3,1,0.9835
7,3,1,3,43,2,1,5,1,1,1.3012
7,3,1,3,44,2,1,3,3,0,1.1582
7,3,1,3,45,2,5,3,5,1,0.6011
7,3,1,3,46,2,3,6,3,1,1.0462
7,3,1,3,47,2,5,3,5,1,1.5057
7,3,1,3,48,2,4,1,4,1,1.4347
7,3,1,3,49,2,3,4,3,1,1.1423
7,3,1,3,50,2,6,3,6,1,0.7977
7,3,1,4,1,6,2,,2,1,0.8966
7,3,1,4,2,6,2,,4,0,0.9618
7,3,1,4,3,6,6,,6,1,0.6998
7,3,1,4,4,6,5,,2,0,0.7411
7,3,1,4,5,6,1,,1,1,0.8247
7,3,1,4,6,6,2,,4,0,0.6692
7,3,1,4,7,6,6,,6,1,0.5842
7,3,1,4,8,6,4,,4,1,0.8019
7,3,1,4,9,6,1,,1,1,0.6146
7,3,1,4,10,6,2,,4,0,1.3476
7,3,1,4,11,6,6,,1,0,1.3741
7,3,1,4,12,6,2,,2,1,0.8554
7,3,1,4,13,6,4,,3,0,0.9866
7,3,1,4,14,6,4,,4,1,0.8362
7,3,1,4,15,6,3,,3,1,1.2239
7,3,1,4,16,6,5,,1,0,0.7483
7,3,1,4,17,6,3,,1,0,0.783
7,3,1,4,18,6,5,,5,1,0.5841
7,3,1,4,19,6,1,,4,0,0.8146
7,3,1,4,20,6,4,,4,1,1.0226
7,3,1,4,21,6,3,,6,0,0.827
7,3,1,4,22,6,3,,3,1,1.035
7,3,1,4,23,6,1,,1,1,0.8395
7,3,1,4,24,6,6,,6,1,1.0031
7,3,1,4,25,6,1,,1,1,0.8567
7,3,1,4,26,6,5,,2,0,1.2111
7,3,1,4,27,6,5,,1,0,0.94
7,3,1,4,28,6,3,,6,0,0.6311
7,3,1,4,29,6,3,,1,0,0.8631
7,3,1,4,30,6,4,,5,0,0.5892
7,3,1,4,31,6,4,,3,0,1.2541
7,3,1,4,32,6,5,,2,0,1.4604
7,3,1,4,33,6,6,,1,0,0.7464
7,3,1,4,34,6,5,,5,1,0.6057
7,3,1,4,35,6,3,,6,0,0.5844
7,3,1,4,36,6,6,,4,0,1.0606
7,3,1,4,37,6,1,,1,1,0.586
7,3,1,4,38,6,4,,4,1,0.6965
7,3,1,4,39,6,3,,2,0,0.7858
7,3,1,4,40,6,6,,6,1,0.6109
7,3,1,4,41,6,1,,3,0,0.9123
7,3,1,4,42,6,1,,1,1,0.6359
7,3,1,4,43,6,6,,6,1,0.8877
7,3,1,4,44,6,2,,1,0,1.0176
7,3,1,4,45,6,5,,1,0,0.7861
7,3,1,4,46,6,6,,6,1,0.5843
7,3,1,4,47,6,4,,5,0,0.5844
7,3,1,4,48,6,2,,1,0,1.6109
7,3,1,4,49,6,2,,6,0,1.1472
7,3,1,4,50,6,6,,1,0,0.8137
7,3,2,1,1,6,3,,5,0,0.692
7,3,2,1,2,6,2,,1,0,0.8417
7,3,2,1,3,6,4,,4,1,1.0172
7,3,2,1,4,6,6,,3,0,1.1736
7,3,2,1,5,6,6,,6,1,0.6952
7,3,2,1,6,6,3,,2,0,1.2646
7,3,2,1,7,6,3,,6,0,0.8466
7,3,2,1,8,6,4,,2,0,0.6693
7,3,2,1,9,6,6,,6,1,0.5841
7,3,2,1,10,6,5,,5,1,0.5844
7,3,2,1,11,6,3,,1,0,0.6553
7,3,2,1,12,6,2,,2,1,1.1909
7,3,2,1,13,6,6,,6,1,0.8124
7,3,2,1,14,6,1,,1,1,0.7208
7,3,2,1,15,6,5,,5,1,0.5844
7,3,2,1,16,6,5,,5,1,0.9034
7,3,2,1,17,6,3,,6,0,1.0326
7,3,2,1,18,6,4,,3,0,1.5683
7,3,2,1,19,6,1,,1,1,0.8175
7,3,2,1,20,6,6,,6,1,1.1425
7,3,2,1,21,6,1,,1,1,0.9102
7,3,2,1,22,6,5,,3,0,1.0866
7,3,2,1,23,6,6,,6,1,0.7881
7,3,2,1,24,6,6,,1,0,1.1944
7,3,2,1,25,6,1,,2,0,1.1308
7,3,2,1,26,6,4,,3,0,1.2938
7,3,2,1,27,6,1,,2,0,0.9388
7,3,2,1,28,6,2,,2,1,0.6937
7,3,2,1,29,6,3,,6,0,0.8316
7,3,2,1,30,6,5,,1,0,0.895
7,3,2,1,31,6,2,,2,1,0.8122
7,3,2,1,32,6,4,,4,1,0.7688
7,3,2,1,33,6,6,,4,0,0.9195
7,3,2,1,34,6,4,,4,1,0.9318
7,3,2,1,35,6,5,,5,1,0.7716
7,3,2,1,36,6,6,,6,1,0.6344
7,3,2,1,37,6,2,,5,0,0.9982
7,3,2,1,38,6,5,,6,0,0.9112
7,3,2,1,39,6,1,,1,1,0.7627
7,3,2,1,40,6,6,,6,1,0.5938
7,3,2,1,41,6,2,,6,0,1.3597
7,3,2,1,42,6,1,,4,0,0.825
7,3,2,1,43,6,2,,2,1,0.7933
7,3,2,1,44,6,2,,4,0,0.7837
7,3,2,1,45,6,4,,4,1,0.7052
7,3,2,1,46,6,3,,1,0,0.6188
7,3,2,1,47,6,3,,3,1,1.0586
7,3,2,1,48,6,1,,6,0,0.9741
7,3,2,1,49,6,5,,5,1,0.8876
7,3,2,1,50,6,4,,4,1,0.8257
7,3,2,2,1,2,3,5,3,1,1.4839
7,3,2,2,2,2,1,5,1,1,1.0128
7,3,2,2,3,2,5,4,5,1,0.5934
7,3,2,2,4,2,3,6,3,1,1.1199
7,3,2,2,5,2,1,5,1,1,1.0803
7,3,2,2,6,2,2,1,2,1,0.7379
7,3,2,2,7,2,5,1,5,1,0.7944
7,3,2,2,8,2,4,1,4,1,0.8312
7,3,2,2,9,2,2,6,6,0,1.1716
7,3,2,2,10,2,6,4,6,1,1.445
7,3,2,2,11,2,4,3,4,1,1.2153
7,3,2,2,12,2,2,5,2,1,1.1718
7,3,2,2,13,2,1,2,1,1,1.1621
7,3,2,2,14,2,2,6,2,1,1.0082
7,3,2,2,15,2,5,1,1,0,1.0535
7,3,2,2,16,2,1,2,1,1,0.8997
7,3,2,2,17,2,2,1,1,0,1.0766
7,3,2,2,18,2,6,4,4,0,0.8904
7,3,2,2,19,2,5,1,5,1,0.8396
7,3,2,2,20,2,5,4,5,1,1.3072
7,3,2,2,21,2,3,4,4,0,1.244
7,3,2,2,22,2,4,6,4,1,0.8106
7,3,2,2,23,2,3,1,3,1,1.2152
7,3,2,2,24,2,4,6,4,1,1.475
7,3,2,2,25,2,1,5,5,0,1.1174
7,3,2,2,26,2,1,6,6,0,1.3132
7,3,2,2,27,2,5,3,3,0,1.4846
7,3,2,2,28,2,2,6,6,0,1.6015
7,3,2,2,29,2,6,2,6,1,0.7053
7,3,2,2,30,2,6,2,6,1,1.1306
7,3,2,2,31,2,3,1,1,0,1.362
7,3,2,2,32,2,1,3,1,1,1.3877
7,3,2,2,33,2,3,4,3,1,1.0973
7,3,2,2,34,2,4,3,4,1,0.8502
7,3,2,2,35,2,2,4,4,0,0.9812
7,3,2,2,36,2,4,6,4,1,0.9742
7,3,2,2,37,2,3,6,3,1,1.0688
7,3,2,2,38,2,4,2,4,1,1.0313
7,3,2,2,39,2,6,1,6,1,0.6754
7,3,2,2,40,2,3,4,4,0,1.1661
7,3,2,2,41,2,6,3,6,1,0.5843
7,3,2,2,42,2,1,5,1,1,0.8297
7,3,2,2,43,2,2,1,2,1,0.7058
7,3,2,2,44,2,6,2,2,0,1.2432
7,3,2,2,45,2,6,4,6,1,0.8256
7,3,2,2,46,2,5,1,1,0,1.3579
7,3,2,2,47,2,4,6,4,1,0.8725
7,3,2,2,48,2,5,2,2,0,1.3389
7,3,2,2,49,2,6,5,6,1,0.7739
7,3,2,2,50,2,6,4,6,1,1.1962
7,3,2,3,1,6,4,,4,1,1.0548
7,3,2,3,2,6,1,,2,0,1.1625
7,3,2,3,3,6,6,,6,1,0.5842
7,3,2,3,4,6,1,,1,1,0.8102
7,3,2,3,5,6,5,,5,1,0.7665
7,3,2,3,6,6,5,,5,1,0.7414
7,3,2,3,7,6,6,,6,1,0.6529
7,3,2,3,8,6,5,,1,0,0.6805
7,3,2,3,9,6,2,,2,1,0.7344
7,3,2,3,10,6,1,,1,1,0.9187
7,3,2,3,11,6,2,,6,0,0.647
7,3,2,3,12,6,1,,1,1,0.9101
7,3,2,3,13,6,3,,3,1,0.9583
7,3,2,3,14,6,6,,6,1,0.766
7,3,2,3,15,6,1,,1,1,0.9164
7,3,2,3,16,6,4,,4,1,0.9965
7,3,2,3,17,6,2,,2,1,0.8018
7,3,2,3,18,6,5,,5,1,0.6949
7,3,2,3,19,6,6,,1,0,0.6252
7,3,2,3,20,6,4,,4,1,0.5843
7,3,2,3,21,6,6,,6,1,0.6149
7,3,2,3,22,6,1,,2,0,1.0914
7,3,2,3,23,6,5,,6,0,0.6003
7,3,2,3,24,6,3,,5,0,0.6009
7,3,2,3,25,6,5,,5,1,0.5842
7,3,2,3,26,6,2,,6,0,0.6164
7,3,2,3,27,6,3,,5,0,0.5843
7,3,2,3,28,6,4,,1,0,0.7145
7,3,2,3,29,6,3,,3,1,1.9821
7,3,2,3,30,6,3,,4,0,0.9629
7,3,2,3,31,6,1,,4,0,0.5842
7,3,2,3,32,6,3,,6,0,1.1431
7,3,2,3,33,6,3,,5,0,0.5841
7,3,2,3,34,6,6,,6,1,0.5842
7,3,2,3,35,6,4,,2,0,1.2171
7,3,2,3,36,6,2,,2,1,1.2322
7,3,2,3,37,6,4,,3,0,1.2199
7,3,2,3,38,6,1,,1,1,0.8677
7,3,2,3,39,6,2,,6,0,1.0301
7,3,2,3,40,6,6,,6,1,1.2771
7,3,2,3,41,6,4,,4,1,1.3594
7,3,2,3,42,6,5,,5,1,0.7977
7,3,2,3,43,6,2,,6,0,1.1874
7,3,2,3,44,6,5,,3,0,1.2362
7,3,2,3,45,6,4,,4,1,0.979
7,3,2,3,46,6,6,,6,1,0.9453
7,3,2,3,47,6,6,,4,0,1.1836
7,3,2,3,48,6,3,,5,0,0.7693
7,3,2,3,49,6,2,,3,0,1.0587
7,3,2,3,50,6,6,,6,1,0.7294
7,3,2,4,1,2,3,4,4,0,1.4862
7,3,2,4,2,2,3,2,2,0,1.5554
7,3,2,4,3,2,1,3,1,1,0.8377
7,3,2,4,4,2,2,6,2,1,1.2573
7,3,2,4,5,2,6,1,6,1,0.7479
7,3,2,4,6,2,6,2,6,1,0.7238
7,3,2,4,7,2,4,3,4,1,0.9401
7,3,2,4,8,2,3,5,5,0,0.9242
7,3,2,4,9,2,6,1,6,1,0.6316
7,3,2,4,10,2,1,6,6,0,0.9791
7,3,2,4,11,2,2,6,2,1,0.8924
7,3,2,4,12,2,5,6,6,0,0.9582
7,3,2,4,13,2,3,4,3,1,1.1601
7,3,2,4,14,2,3,5,3,1,0.9587
7,3,2,4,15,2,1,3,3,0,1.4863
7,3,2,4,16,2,3,2,2,0,1.059
7,3,2,4,17,2,6,2,6,1,0.7928
7,3,2,4,18,2,4,1,4,1,0.8782
7,3,2,4,19,2,3,4,4,0,1.2325
7,3,2,4,20,2,4,3,4,1,0.991
7,3,2,4,21,2,3,5,3,1,1.4214
7,3,2,4,22,2,6,5,5,0,1.7695
7,3,2,4,23,2,4,1,4,1,1.0421
7,3,2,4,24,2,6,3,6,1,1.3416
7,3,2,4,25,2,5,3,5,1,0.7496
7,3,2,4,26,2,5,3,5,1,0.5843
7,3,2,4,27,2,5,2,2,0,1.0271
7,3,2,4,28,2,2,4,2,1,1.0183
7,3,2,4,29,2,1,3,3,0,1.1263
7,3,2,4,30,2,2,4,2,1,1.5299
7,3,2,4,31,2,1,5,1,1,0.7205
7,3,2,4,32,2,2,6,2,1,0.8095
7,3,2,4,33,2,6,5,5,0,0.6544
7,3,2,4,34,2,2,6,6,0,1.205
7,3,2,4,35,2,1,2,1,1,0.8693
7,3,2,4,36,2,6,5,6,1,1.0805
7,3,2,4,37,2,4,6,4,1,0.7855
7,3,2,4,38,2,4,1,1,0,1.1441
7,3,2,4,39,2,5,2,5,1,0.6341
7,3,2,4,40,2,2,3,2,1,0.8545
7,3,2,4,41,2,6,4,4,0,0.9537
7,3,2,4,42,2,4,5,4,1,1.0445
7,3,2,4,43,2,6,5,5,0,1.3588
7,3,2,4,44,2,5,3,5,1,0.7769
7,3,2,4,45,2,5,4,5,1,1.1826
7,3,2,4,46,2,1,3,1,1,1.2688
7,3,2,4,47,2,4,5,4,1,1.0781
7,3,2,4,48,2,1,2,2,0,1.1525
7,3,2,4,49,2,2,4,2,1,0.8186
7,3,2,4,50,2,5,2,2,0,1.0793
7,3,3,1,1,2,1,5,1,1,0.9596
7,3,3,1,2,2,4,5,4,1,0.8786
7,3,3,1,3,2,2,1,2,1,0.6722
7,3,3,1,4,2,3,2,3,1,1.0988
7,3,3,1,5,2,2,4,2,1,0.6759
7,3,3,1,6,2,3,4,3,1,1.4701
7,3,3,1,7,2,1,2,1,1,0.9681
7,3,3,1,8,2,1,5,1,1,0.9344
7,3,3,1,9,2,4,2,2,0,0.8704
7,3,3,1,10,2,6,4,6,1,1.3968
7,3,3,1,11,2,3,2,3,1,1.6334
7,3,3,1,12,2,6,2,6,1,0.8844
7,3,3,1,13,2,6,1,1,0,1.0621
7,3,3,1,14,2,5,1,5,1,1.0678
7,3,3,1,15,2,3,4,3,1,1.3345
7,3,3,1,16,2,3,2,2,0,0.7421
7,3,3,1,17,2,1,3,3,0,1.2884
7,3,3,1,18,2,4,3,3,0,1.7018
7,3,3,1,19,2,2,3,2,1,0.6093
7,3,3,1,20,2,4,2,4,1,0.6062
7,3,3,1,21,2,4,3,4,1,0.9399
7,3,3,1,22,2,4,6,4,1,0.8436
7,3,3,1,23,2,6,3,6,1,0.7351
7,3,3,1,24,2,5,2,5,1,0.5843
7,3,3,1,25,2,1,5,1,1,1.2048
7,3,3,1,26,2,2,4,2,1,0.6664
7,3,3,1,27,2,6,1,6,1,1.0926
7,3,3,1,28,2,6,5,6,1,0.6062
7,3,3,1,29,2,2,5,2,1,1.1955
7,3,3,1,30,2,2,6,6,0,1.408
7,3,3,1,31,2,3,6,3,1,1.7513
7,3,3,1,32,2,5,1,5,1,0.9816
7,3,3,1,33,2,2,4,2,1,1.6198
7,3,3,1,34,2,6,4,6,1,0.8238
7,3,3,1,35,2,3,1,3,1,1.3081
7,3,3,1,36,2,4,2,4,1,1.0528
7,3,3,1,37,2,6,4,6,1,0.648
7,3,3,1,38,2,6,2,6,1,0.7398
7,3,3,1,39,2,1,6,1,1,0.9074
7,3,3,1,40,2,5,3,5,1,0.9083
7,3,3,1,41,2,5,6,5,1,0.7661
7,3,3,1,42,2,5,2,5,1,0.7564
7,3,3,1,43,2,5,4,4,0,1.2442
7,3,3,1,44,2,4,3,4,1,1.0503
7,3,3,1,45,2,1,3,1,1,1.0291
7,3,3,1,46,2,5,1,5,1,0.5934
7,3,3,1,47,2,2,1,1,0,0.9588
7,3,3,1,48,2,3,5,3,1,1.1454
7,3,3,1,49,2,6,2,6,1,0.6408
7,3,3,1,50,2,1,4,4,0,1.101
7,3,3,2,1,6,5,,4,0,1.0713
7,3,3,2,2,6,2,,2,1,0.6771
7,3,3,2,3,6,6,,6,1,0.7362
7,3,3,2,4,6,3,,1,0,0.904
7,3,3,2,5,6,4,,2,0,0.965
7,3,3,2,6,6,2,,2,1,0.6389
7,3,3,2,7,6,6,,6,1,0.6027
7,3,3,2,8,6,5,,5,1,0.6318
7,3,3,2,9,6,3,,1,0,0.9482
7,3,3,2,10,6,3,,1,0,0.911
7,3,3,2,11,6,3,,1,0,0.5868
7,3,3,2,12,6,1,,6,0,0.5841
7,3,3,2,13,6,6,,6,1,0.9907
7,3,3,2,14,6,6,,6,1,0.9555
7,3,3,2,15,6,5,,2,0,1.0502
7,3,3,2,16,6,6,,6,1,0.5843
7,3,3,2,17,6,4,,1,0,1.0235
7,3,3,2,18,6,2,,2,1,1.0788
7,3,3,2,19,6,6,,6,1,0.7363
7,3,3,2,20,6,3,,4,0,0.8407
7,3,3,2,21,6,4,,4,1,0.8386
7,3,3,2,22,6,4,,4,1,0.5842
7,3,3,2,23,6,4,,4,1,0.5841
7,3,3,2,24,6,6,,5,0,0.9677
7,3,3,2,25,6,5,,6,0,0.5841
7,3,3,2,26,6,4,,2,0,0.6033
7,3,3,2,27,6,6,,6,1,0.7403
7,3,3,2,28,6,2,,2,1,0.8442
7,3,3,2,29,6,1,,1,1,0.7033
7,3,3,2,30,6,2,,2,1,0.6812
7,3,3,2,31,6,4,,4,1,0.6751
7,3,3,2,32,6,1,,1,1,0.7332
7,3,3,2,33,6,5,,5,1,0.5842
7,3,3,2,34,6,3,,2,0,0.7558
7,3,3,2,35,6,6,,5,0,0.6134
7,3,3,2,36,6,1,,3,0,1.1013
7,3,3,2,37,6,1,,6,0,1.2823
7,3,3,2,38,6,3,,5,0,0.607
7,3,3,2,39,6,1,,5,0,1.8156
7,3,3,2,40,6,5,,3,0,1.5347
7,3,3,2,41,6,1,,1,1,0.6726
7,3,3,2,42,6,2,,2,1,0.8603
7,3,3,2,43,6,3,,1,0,0.8474
7,3,3,2,44,6,1,,3,0,1.0542
7,3,3,2,45,6,6,,6,1,0.6443
7,3,3,2,46,6,5,,5,1,0.7206
7,3,3,2,47,6,2,,3,0,1.6093
7,3,3,2,48,6,5,,5,1,0.6647
7,3,3,2,49,6,4,,4,1,0.8034
7,3,3,2,50,6,2,,6,0,0.7285
7,3,3,3,1,2,6,3,6,1,1.4975
7,3,3,3,2,2,4,2,4,1,1.0258
7,3,3,3,3,2,5,2,5,1,0.9422
7,3,3,3,4,2,5,1,5,1,0.8301
7,3,3,3,5,2,4,5,4,1,1.1702
7,3,3,3,6,2,4,3,4,1,1.16
7,3,3,3,7,2,2,1,2,1,0.7672
7,3,3,3,8,2,6,1,6,1,0.5843
7,3,3,3,9,2,2,4,2,1,1.3802
7,3,3,3,10,2,5,2,5,1,0.5934
7,3,3,3,11,2,4,1,1,0,0.8305
7,3,3,3,12,2,5,2,2,0,1.5504
7,3,3,3,13,2,4,5,4,1,1.1199
7,3,3,3,14,2,5,4,4,0,1.1767
7,3,3,3,15,2,4,3,4,1,0.7617
7,3,3,3,16,2,6,2,2,0,1.0569
7,3,3,3,17,2,1,5,1,1,0.6626
7,3,3,3,18,2,6,4,6,1,0.8018
7,3,3,3,19,2,2,3,2,1,0.9829
7,3,3,3,20,2,5,6,5,1,0.5965
7,3,3,3,21,2,6,5,6,1,0.7218
7,3,3,3,22,2,1,6,1,1,0.8587
7,3,3,3,23,2,2,6,2,1,1.1016
7,3,3,3,24,2,3,6,3,1,1.2706
7,3,3,3,25,2,5,6,5,1,1.5446
7,3,3,3,26,2,3,6,6,0,1.8394
7,3,3,3,27,2,2,6,2,1,0.7415
7,3,3,3,28,2,5,6,6,0,0.7651
7,3,3,3,29,2,2,1,2,1,0.9597
7,3,3,3,30,2,4,2,4,1,1.167
7,3,3,3,31,2,6,4,6,1,0.9973
7,3,3,3,32,2,3,2,2,0,1.0583
7,3,3,3,33,2,1,6,6,0,0.9522
7,3,3,3,34,2,2,6,2,1,1.3627
7,3,3,3,35,2,1,2,2,0,1.1847
7,3,3,3,36,2,3,4,4,0,1.0573
7,3,3,3,37,2,1,4,1,1,0.6479
7,3,3,3,38,2,3,6,6,0,0.6754
7,3,3,3,39,2,2,5,2,1,1.097
7,3,3,3,40,2,3,2,2,0,1.5545
7,3,3,3,41,2,4,3,4,1,0.8834
7,3,3,3,42,2,3,5,5,0,1.2693
7,3,3,3,43,2,6,5,6,1,0.9793
7,3,3,3,44,2,3,6,3,1,0.9767
7,3,3,3,45,2,1,4,1,1,0.8144
7,3,3,3,46,2,6,3,6,1,1.1552
7,3,3,3,47,2,1,3,1,1,0.7459
7,3,3,3,48,2,6,1,1,0,1.2173
7,3,3,3,49,2,1,2,1,1,0.7375
7,3,3,3,50,2,6,2,2,0,1.2417
7,3,3,4,1,6,1,,3,0,1.781
7,3,3,4,2,6,6,,4,0,0.9888
7,3,3,4,3,6,5,,5,1,0.6306
7,3,3,4,4,6,1,,1,1,0.8827
7,3,3,4,5,6,2,,2,1,0.9324
7,3,3,4,6,6,3,,3,1,1.2683
7,3,3,4,7,6,5,,5,1,0.694
7,3,3,4,8,6,2,,2,1,0.9756
7,3,3,4,9,6,1,,6,0,0.9744
7,3,3,4,10,6,3,,2,0,1.0158
7,3,3,4,11,6,3,,3,1,1.1521
7,3,3,4,12,6,4,,4,1,0.9825
7,3,3,4,13,6,1,,6,0,0.8368
7,3,3,4,14,6,6,,6,1,0.6117
7,3,3,4,15,6,3,,3,1,1.1045
7,3,3,4,16,6,3,,3,1,0.9374
7,3,3,4,17,6,5,,5,1,0.7929
7,3,3,4,18,6,6,,1,0,0.7832
7,3,3,4,19,6,2,,2,1,0.9288
7,3,3,4,20,6,6,,6,1,0.5922
7,3,3,4,21,6,2,,2,1,0.7348
7,3,3,4,22,6,4,,4,1,0.9829
7,3,3,4,23,6,5,,4,0,0.7728
7,3,3,4,24,6,2,,2,1,0.7903
7,3,3,4,25,6,6,,6,1,0.8276
7,3,3,4,26,6,6,,2,0,0.7682
7,3,3,4,27,6,6,,3,0,1.0901
7,3,3,4,28,6,4,,4,1,0.7273
7,3,3,4,29,6,6,,6,1,0.9756
7,3,3,4,30,6,3,,5,0,0.9417
7,3,3,4,31,6,2,,2,1,0.7928
7,3,3,4,32,6,5,,6,0,1.0066
7,3,3,4,33,6,5,,4,0,0.9823
7,3,3,4,34,6,4,,4,1,0.8315
7,3,3,4,35,6,5,,5,1,0.8517
7,3,3,4,36,6,3,,1,0,1.3502
7,3,3,4,37,6,4,,4,1,1.2966
7,3,3,4,38,6,1,,5,0,0.8172
7,3,3,4,39,6,6,,6,1,0.7054
7,3,3,4,40,6,2,,2,1,0.9393
7,3,3,4,41,6,3,,4,0,1.0353
7,3,3,4,42,6,6,,6,1,0.5842
7,3,3,4,43,6,5,,1,0,0.7841
7,3,3,4,44,6,1,,3,0,0.9131
7,3,3,4,45,6,2,,5,0,0.8776
7,3,3,4,46,6,1,,4,0,1.0345
7,3,3,4,47,6,4,,4,1,1.1058
7,3,3,4,48,6,1,,1,1,0.6981
7,3,3,4,49,6,4,,4,1,0.8194
7,3,3,4,50,6,4,,5,0,0.7921
7,3,4,1,1,6,1,,2,0,1.0246
7,3,4,1,2,6,5,,5,1,0.5842
7,3,4,1,3,6,4,,4,1,0.6132
7,3,4,1,4,6,2,,1,0,0.659
7,3,4,1,5,6,4,,5,0,0.9856
7,3,4,1,6,6,4,,4,1,0.7865
7,3,4,1,7,6,1,,1,1,0.7443
7,3,4,1,8,6,2,,2,1,0.6725
7,3,4,1,9,6,6,,5,0,0.5842
7,3,4,1,10,6,1,,4,0,0.9009
7,3,4,1,11,6,3,,3,1,0.7214
7,3,4,1,12,6,3,,3,1,0.7624
7,3,4,1,13,6,1,,1,1,0.7371
7,3,4,1,14,6,5,,5,1,0.5842
7,3,4,1,15,6,6,,6,1,0.5842
7,3,4,1,16,6,1,,1,1,0.7256
7,3,4,1,17,6,6,,6,1,0.5841
7,3,4,1,18,6,2,,2,1,0.7631
7,3,4,1,19,6,6,,1,0,0.7544
7,3,4,1,20,6,3,,2,0,1.1085
7,3,4,1,21,6,5,,5,1,0.8722
7,3,4,1,22,6,5,,1,0,0.6343
7,3,4,1,23,6,5,,1,0,0.9931
7,3,4,1,24,6,5,,5,1,0.5842
7,3,4,1,25,6,3,,4,0,0.9841
7,3,4,1,26,6,1,,1,1,0.6576
7,3,4,1,27,6,6,,6,1,0.7969
7,3,4,1,28,6,2,,2,1,1.1066
7,3,4,1,29,6,6,,3,0,1.1632
7,3,4,1,30,6,2,,2,1,1.1167
7,3,4,1,31,6,5,,4,0,0.9645
7,3,4,1,32,6,2,,2,1,1.0229
7,3,4,1,33,6,4,,1,0,1.2435
7,3,4,1,34,6,3,,3,1,0.9698
7,3,4,1,35,6,5,,1,0,1.4155
7,3,4,1,36,6,6,,6,1,1.2156
7,3,4,1,37,6,3,,1,0,0.7237
7,3,4,1,38,6,6,,6,1,0.5843
7,3,4,1,39,6,2,,2,1,0.9173
7,3,4,1,40,6,6,,6,1,0.9501
7,3,4,1,41,6,1,,5,0,0.885
7,3,4,1,42,6,1,,3,0,1.0746
7,3,4,1,43,6,4,,4,1,0.8067
7,3,4,1,44,6,4,,4,1,1.8515
7,3,4,1,45,6,3,,2,0,0.7097
7,3,4,1,46,6,6,,6,1,0.6499
7,3,4,1,47,6,3,,3,1,1.0935
7,3,4,1,48,6,2,,2,1,1.2789
7,3,4,1,49,6,4,,4,1,0.8803
7,3,4,1,50,6,4,,4,1,0.6585
7,3,4,2,1,2,4,6,4,1,1.05
7,3,4,2,2,2,2,6,2,1,0.8686
7,3,4,2,3,2,6,4,4,0,1.1435
7,3,4,2,4,2,6,1,6,1,0.5856
7,3,4,2,5,2,4,3,4,1,0.8564
7,3,4,2,6,2,1,2,1,1,0.6992
7,3,4,2,7,2,6,3,6,1,0.8529
7,3,4,2,8,2,6,1,6,1,0.6004
7,3,4,2,9,2,5,4,5,1,0.6937
7,3,4,2,10,2,2,5,2,1,0.7679
7,3,4,2,11,2,3,1,1,0,1.0786
7,3,4,2,12,2,4,5,4,1,0.7797
7,3,4,2,13,2,1,5,5,0,1.1217
7,3,4,2,14,2,1,2,1,1,0.853
7,3,4,2,15,2,3,4,4,0,1.3203
7,3,4,2,16,2,1,6,1,1,0.6276
7,3,4,2,17,2,4,2,4,1,0.7358
7,3,4,2,18,2,5,1,1,0,1.5596
7,3,4,2,19,2,5,1,5,1,1.1612
7,3,4,2,20,2,3,2,3,1,1.2152
7,3,4,2,21,2,6,1,6,1,0.6912
7,3,4,2,22,2,4,6,4,1,0.9419
7,3,4,2,23,2,1,6,1,1,0.7491
7,3,4,2,24,2,1,3,1,1,1.108
7,3,4,2,25,2,6,2,2,0,0.7976
7,3,4,2,26,2,3,2,3,1,1.0216
7,3,4,2,27,2,5,1,1,0,1.338
7,3,4,2,28,2,3,5,5,0,1.6853
7,3,4,2,29,2,4,2,4,1,0.8327
7,3,4,2,30,2,3,4,3,1,0.9973
7,3,4,2,31,2,3,2,3,1,1.0584
7,3,4,2,32,2,2,1,2,1,1.1648
7,3,4,2,33,2,6,4,4,0,0.6905
7,3,4,2,34,2,2,3,2,1,0.6632
7,3,4,2,35,2,2,3,2,1,1.0427
7,3,4,2,36,2,4,6,4,1,0.7185
7,3,4,2,37,2,1,6,6,0,1.4625
7,3,4,2,38,2,4,1,4,1,0.9407
7,3,4,2,39,2,5,6,5,1,0.9084
7,3,4,2,40,2,2,4,2,1,0.685
7,3,4,2,41,2,5,3,5,1,1.2071
7,3,4,2,42,2,3,1,1,0,1.4839
7,3,4,2,43,2,6,5,6,1,0.5914
7,3,4,2,44,2,6,3,6,1,1.1498
7,3,4,2,45,2,5,6,5,1,1.0771
7,3,4,2,46,2,2,4,2,1,0.9264
7,3,4,2,47,2,5,2,5,1,0.9747
7,3,4,2,48,2,6,5,6,1,0.8611
7,3,4,2,49,2,1,2,1,1,0.8474
7,3,4,2,50,2,2,3,2,1,0.755
7,3,4,3,1,6,6,,6,1,0.5841
7,3,4,3,2,6,5,,5,1,0.7729
7,3,4,3,3,6,3,,4,0,1.2439
7,3,4,3,4,6,6,,6,1,0.9225
7,3,4,3,5,6,4,,2,0,0.6024
7,3,4,3,6,6,2,,2,1,1.0432
7,3,4,3,7,6,5,,5,1,0.7029
7,3,4,3,8,6,2,,1,0,0.8079
7,3,4,3,9,6,6,,5,0,0.6164
7,3,4,3,10,6,1,,1,1,1.1848
7,3,4,3,11,6,1,,1,1,0.7423
7,3,4,3,12,6,5,,5,1,0.6063
7,3,4,3,13,6,2,,2,1,0.7642
7,3,4,3,14,6,5,,1,0,0.9308
7,3,4,3,15,6,2,,2,1,0.7981
7,3,4,3,16,6,6,,4,0,0.9313
7,3,4,3,17,6,4,,4,1,0.7186
7,3,4,3,18,6,3,,3,1,1.175
7,3,4,3,19,6,1,,1,1,0.7969
7,3,4,3,20,6,2,,2,1,0.9946
7,3,4,3,21,6,4,,2,0,0.9276
7,3,4,3,22,6,6,,5,0,0.6024
7,3,4,3,23,6,4,,4,1,0.8357
7,3,4,3,24,6,1,,4,0,0.9824
7,3,4,3,25,6,5,,5,1,0.6565
7,3,4,3,26,6,3,,3,1,1.0995
7,3,4,3,27,6,2,,2,1,0.9003
7,3,4,3,28,6,1,,1,1,0.7417
7,3,4,3,29,6,3,,3,1,1.0541
7,3,4,3,30,6,1,,6,0,0.8083
7,3,4,3,31,6,3,,3,1,0.856
7,3,4,3,32,6,1,,1,1,0.9401
7,3,4,3,33,6,6,,4,0,0.7144
7,3,4,3,34,6,5,,5,1,0.7511
7,3,4,3,35,6,5,,5,1,0.5841
7,3,4,3,36,6,1,,1,1,0.8524
7,3,4,3,37,6,6,,6,1,0.856
7,3,4,3,38,6,2,,4,0,1.3551
7,3,4,3,39,6,3,,2,0,1.077
7,3,4,3,40,6,5,,5,1,0.5843
7,3,4,3,41,6,6,,2,0,0.6641
7,3,4,3,42,6,2,,1,0,0.8459
7,3,4,3,43,6,6,,6,1,0.5892
7,3,4,3,44,6,3,,3,1,1.1792
7,3,4,3,45,6,4,,4,1,0.8489
7,3,4,3,46,6,4,,4,1,0.7884
7,3,4,3,47,6,3,,2,0,1.3701
7,3,4,3,48,6,6,,5,0,0.8026
7,3,4,3,49,6,4,,4,1,0.9631
7,3,4,3,50,6,4,,1,0,0.9457
7,3,4,4,1,2,6,4,4,0,1.0011
7,3,4,4,2,2,6,1,6,1,1.1697
7,3,4,4,3,2,5,3,3,0,1.384
7,3,4,4,4,2,5,1,5,1,0.6886
7,3,4,4,5,2,5,1,5,1,0.6498
7,3,4,4,6,2,1,2,2,0,0.965
7,3,4,4,7,2,6,3,6,1,1.1356
7,3,4,4,8,2,3,2,3,1,1.1746
7,3,4,4,9,2,4,1,4,1,1.0686
7,3,4,4,10,2,6,2,6,1,0.5992
7,3,4,4,11,2,2,3,2,1,0.7726
7,3,4,4,12,2,1,3,1,1,0.7791
7,3,4,4,13,2,3,2,2,0,1.0415
7,3,4,4,14,2,2,3,2,1,0.7755
7,3,4,4,15,2,2,4,2,1,0.6703
7,3,4,4,16,2,1,3,1,1,0.9681
7,3,4,4,17,2,3,4,4,0,0.7585
7,3,4,4,18,2,5,2,2,0,1.225
7,3,4,4,19,2,4,3,4,1,0.7922
7,3,4,4,20,2,2,4,2,1,0.893
7,3,4,4,21,2,1,5,1,1,0.7671
7,3,4,4,22,2,3,4,3,1,0.9343
7,3,4,4,23,2,3,5,3,1,0.8696
7,3,4,4,24,2,5,4,5,1,0.6805
7,3,4,4,25,2,3,6,3,1,1.2828
7,3,4,4,26,2,1,3,3,0,1.1557
7,3,4,4,27,2,3,2,2,0,1.3025
7,3,4,4,28,2,1,5,5,0,1.0576
7,3,4,4,29,2,6,4,6,1,0.6641
7,3,4,4,30,2,6,5,6,1,0.5842
7,3,4,4,31,2,2,3,2,1,0.7686
7,3,4,4,32,2,6,2,2,0,1.3191
7,3,4,4,33,2,4,2,4,1,0.6112
7,3,4,4,34,2,5,3,5,1,1.5839
7,3,4,4,35,2,6,1,6,1,1.0607
7,3,4,4,36,2,2,6,2,1,1.5844
7,3,4,4,37,2,6,2,6,1,0.5843
7,3,4,4,38,2,5,3,5,1,1.3631
7,3,4,4,39,2,1,3,1,1,1.1535
7,3,4,4,40,2,2,1,2,1,1.1923
7,3,4,4,41,2,2,1,2,1,0.7813
7,3,4,4,42,2,4,3,4,1,1.3791
7,3,4,4,43,2,3,1,1,0,1.2488
7,3,4,4,44,2,6,3,6,1,0.7027
7,3,4,4,45,2,4,2,4,1,0.9841
7,3,4,4,46,2,4,1,4,1,1.5104
7,3,4,4,47,2,4,3,4,1,1.4379
7,3,4,4,48,2,1,4,4,0,1.0651
7,3,4,4,49,2,4,6,4,1,0.7513
7,3,4,4,50,2,5,6,5,1,1.4144
7,3,5,1,1,2,6,2,6,1,0.5841
7,3,5,1,2,2,5,4,5,1,0.5842
7,3,5,1,3,2,1,6,1,1,0.9144
7,3,5,1,4,2,2,3,2,1,0.9784
7,3,5,1,5,2,3,1,1,0,1.265
7,3,5,1,6,2,3,6,3,1,1.0224
7,3,5,1,7,2,3,2,3,1,1.3228
7,3,5,1,8,2,1,5,5,0,1.5944
7,3,5,1,9,2,6,3,3,0,1.6903
7,3,5,1,10,2,5,6,6,0,1.5427
7,3,5,1,11,2,2,5,2,1,1.0801
7,3,5,1,12,2,2,5,2,1,0.7381
7,3,5,1,13,2,4,2,4,1,0.6821
7,3,5,1,14,2,6,3,3,0,1.0282
7,3,5,1,15,2,4,1,4,1,0.8277
7,3,5,1,16,2,6,5,6,1,0.6081
7,3,5,1,17,2,5,3,5,1,1.1005
7,3,5,1,18,2,4,2,4,1,1.11
7,3,5,1,19,2,1,3,1,1,1.0872
7,3,5,1,20,2,4,6,4,1,0.8399
7,3,5,1,21,2,2,6,2,1,0.7161
7,3,5,1,22,2,1,2,1,1,0.9804
7,3,5,1,23,2,1,3,1,1,0.8027
7,3,5,1,24,2,4,6,4,1,1.1916
7,3,5,1,25,2,4,2,4,1,0.7654
7,3,5,1,26,2,6,2,6,1,0.6443
7,3,5,1,27,2,1,4,1,1,0.9758
7,3,5,1,28,2,2,3,2,1,1.0697
7,3,5,1,29,2,2,6,2,1,1.2404
7,3,5,1,30,2,5,1,1,0,1.4837
7,3,5,1,31,2,3,1,1,0,1.0562
7,3,5,1,32,2,5,4,5,1,0.9341
7,3,5,1,33,2,2,4,4,0,1.0141
7,3,5,1,34,2,1,3,1,1,1.198
7,3,5,1,35,2,6,4,6,1,1.0431
7,3,5,1,36,2,3,5,3,1,1.0542
7,3,5,1,37,2,1,3,1,1,1.1286
7,3,5,1,38,2,5,6,6,0,1.777
7,3,5,1,39,2,3,4,3,1,2.1691
7,3,5,1,40,2,6,3,6,1,1.0621
7,3,5,1,41,2,5,1,1,0,1.0567
7,3,5,1,42,2,6,1,1,0,1.1105
7,3,5,1,43,2,4,5,4,1,0.7461
7,3,5,1,44,2,3,1,1,0,1.0253
7,3,5,1,45,2,6,2,2,0,1.0008
7,3,5,1,46,2,5,6,5,1,1.8092
7,3,5,1,47,2,3,5,3,1,1.4364
7,3,5,1,48,2,2,1,2,1,0.776
7,3,5,1,49,2,4,2,4,1,1.2465
7,3,5,1,50,2,6,2,6,1,0.7852
7,3,5,2,1,6,4,,4,1,0.8683
7,3,5,2,2,6,1,,6,0,0.5844
7,3,5,2,3,6,3,,4,0,1.0406
7,3,5,2,4,6,3,,2,0,1.0155
7,3,5,2,5,6,3,,6,0,0.719
7,3,5,2,6,6,3,,4,0,0.9784
7,3,5,2,7,6,5,,6,0,0.5884
7,3,5,2,8,6,2,,1,0,0.8534
7,3,5,2,9,6,6,,4,0,0.9639
7,3,5,2,10,6,6,,1,0,0.5841
7,3,5,2,11,6,3,,2,0,0.6942
7,3,5,2,12,6,1,,1,1,0.684
7,3,5,2,13,6,5,,2,0,0.8215
7,3,5,2,14,6,6,,6,1,0.9651
7,3,5,2,15,6,3,,2,0,0.66
7,3,5,2,16,6,1,,1,1,0.6499
7,3,5,2,17,6,4,,5,0,0.9329
7,3,5,2,18,6,5,,5,1,0.8809
7,3,5,2,19,6,4,,4,1,0.7704
7,3,5,2,20,6,6,,4,0,1.0323
7,3,5,2,21,6,4,,4,1,1.28
7,3,5,2,22,6,6,,6,1,0.6094
7,3,5,2,23,6,2,,2,1,0.6383
7,3,5,2,24,6,6,,6,1,0.6982
7,3,5,2,25,6,2,,1,0,0.9316
7,3,5,2,26,6,6,,6,1,0.6063
7,3,5,2,27,6,2,,2,1,0.6835
7,3,5,2,28,6,1,,4,0,0.5844
7,3,5,2,29,6,4,,4,1,0.8146
7,3,5,2,30,6,6,,4,0,0.6432
7,3,5,2,31,6,4,,2,0,1.0182
7,3,5,2,32,6,4,,2,0,0.6725
7,3,5,2,33,6,3,,1,0,0.6622
7,3,5,2,34,6,5,,5,1,0.6531
7,3,5,2,35,6,5,,5,1,0.7751
7,3,5,2,36,6,2,,2,1,0.6858
7,3,5,2,37,6,5,,1,0,1.0319
7,3,5,2,38,6,3,,1,0,0.9427
7,3,5,2,39,6,1,,1,1,0.5842
7,3,5,2,40,6,6,,5,0,0.5841
7,3,5,2,41,6,4,,1,0,0.9132
7,3,5,2,42,6,5,,6,0,0.9252
7,3,5,2,43,6,2,,6,0,0.7764
7,3,5,2,44,6,1,,1,1,0.6018
7,3,5,2,45,6,2,,4,0,1.0788
7,3,5,2,46,6,6,,2,0,0.9082
7,3,5,2,47,6,1,,4,0,1.2716
7,3,5,2,48,6,1,,1,1,0.7582
7,3,5,2,49,6,2,,2,1,0.8447
7,3,5,2,50,6,5,,6,0,0.5913
7,3,5,3,1,2,6,5,6,1,1.3493
7,3,5,3,2,2,5,6,5,1,1.4123
7,3,5,3,3,2,4,3,4,1,0.8324
7,3,5,3,4,2,6,4,6,1,1.0923
7,3,5,3,5,2,6,5,6,1,0.7336
7,3,5,3,6,2,3,5,3,1,1.013
7,3,5,3,7,2,4,6,4,1,0.7219
7,3,5,3,8,2,3,1,3,1,1.4823
7,3,5,3,9,2,5,2,5,1,0.8515
7,3,5,3,10,2,2,5,2,1,1.1899
7,3,5,3,11,2,6,3,6,1,1.0361
7,3,5,3,12,2,1,6,1,1,0.5842
7,3,5,3,13,2,4,1,4,1,0.8059
7,3,5,3,14,2,3,6,3,1,1.3865
7,3,5,3,15,2,1,5,1,1,0.7761
7,3,5,3,16,2,6,5,6,1,0.9099
7,3,5,3,17,2,5,3,5,1,0.8148
7,3,5,3,18,2,5,1,5,1,0.6277
7,3,5,3,19,2,6,3,3,0,1.4397
7,3,5,3,20,2,6,5,6,1,1.1576
7,3,5,3,21,2,3,1,1,0,1.1159
7,3,5,3,22,2,5,2,5,1,1.0879
7,3,5,3,23,2,2,3,2,1,1.1134
7,3,5,3,24,2,6,1,1,0,1.4741
7,3,5,3,25,2,5,4,5,1,0.6624
7,3,5,3,26,2,1,2,1,1,0.7536
7,3,5,3,27,2,3,2,2,0,1.0479
7,3,5,3,28,2,4,6,4,1,1.1348
7,3,5,3,29,2,2,4,2,1,1.0939
7,3,5,3,30,2,1,5,1,1,0.7516
7,3,5,3,31,2,2,1,2,1,0.7102
7,3,5,3,32,2,3,6,3,1,1.8241
7,3,5,3,33,2,3,1,3,1,1.6268
7,3,5,3,34,2,6,3,6,1,0.7499
7,3,5,3,35,2,6,1,1,0,1.2054
7,3,5,3,36,2,4,1,4,1,0.6773
7,3,5,3,37,2,1,6,1,1,1.3909
7,3,5,3,38,2,4,6,4,1,0.7969
7,3,5,3,39,2,2,1,2,1,0.8019
7,3,5,3,40,2,3,1,3,1,1.6709
7,3,5,3,41,2,2,6,2,1,1.1609
7,3,5,3,42,2,1,3,1,1,0.8788
7,3,5,3,43,2,2,1,2,1,0.8653
7,3,5,3,44,2,1,3,3,0,1.3157
7,3,5,3,45,2,5,3,5,1,0.5841
7,3,5,3,46,2,4,5,4,1,0.7178
7,3,5,3,47,2,5,1,5,1,1.2385
7,3,5,3,48,2,1,4,1,1,0.601
7,3,5,3,49,2,4,2,4,1,0.7266
7,3,5,3,50,2,2,4,2,1,0.7356
7,3,5,4,1,6,2,,2,1,1.508
7,3,5,4,2,6,4,,4,1,0.6039
7,3,5,4,3,6,2,,3,0,1.2253
7,3,5,4,4,6,6,,4,0,0.7129
7,3,5,4,5,6,1,,1,1,0.908
7,3,5,4,6,6,4,,4,1,0.6849
7,3,5,4,7,6,2,,4,0,1.0148
7,3,5,4,8,6,5,,5,1,0.798
7,3,5,4,9,6,1,,6,0,0.9479
7,3,5,4,10,6,1,,1,1,1.8695
7,3,5,4,11,6,5,,4,0,0.9029
7,3,5,4,12,6,1,,1,1,0.8673
7,3,5,4,13,6,3,,3,1,1.2856
7,3,5,4,14,6,4,,1,0,0.8238
7,3,5,4,15,6,1,,1,1,0.5993
7,3,5,4,16,6,2,,4,0,0.8202
7,3,5,4,17,6,5,,5,1,0.5954
7,3,5,4,18,6,6,,5,0,0.5931
7,3,5,4,19,6,2,,2,1,0.7457
7,3,5,4,20,6,6,,6,1,0.7374
7,3,5,4,21,6,4,,4,1,0.6492
7,3,5,4,22,6,1,,5,0,0.5842
7,3,5,4,23,6,3,,3,1,0.9747
7,3,5,4,24,6,4,,6,0,0.5843
7,3,5,4,25,6,2,,6,0,0.7417
7,3,5,4,26,6,6,,6,1,1.3529
7,3,5,4,27,6,5,,5,1,0.5841
7,3,5,4,28,6,5,,3,0,1.0137
7,3,5,4,29,6,2,,2,1,0.8775
7,3,5,4,30,6,6,,3,0,1.1194
7,3,5,4,31,6,3,,1,0,0.8503
7,3,5,4,32,6,3,,3,1,1.1529
7,3,5,4,33,6,1,,6,0,0.5844
7,3,5,4,34,6,4,,4,1,0.9449
7,3,5,4,35,6,1,,1,1,0.6883
7,3,5,4,36,6,3,,2,0,0.9387
7,3,5,4,37,6,5,,1,0,0.7891
7,3,5,4,38,6,4,,4,1,0.6941
7,3,5,4,39,6,6,,3,0,1.343
7,3,5,4,40,6,5,,2,0,0.7457
7,3,5,4,41,6,6,,2,0,0.7326
7,3,5,4,42,6,3,,1,0,1.0073
7,3,5,4,43,6,2,,2,1,0.5842
7,3,5,4,44,6,3,,5,0,1.3499
7,3,5,4,45,6,6,,6,1,0.688
7,3,5,4,46,6,4,,3,0,1.3053
7,3,5,4,47,6,3,,6,0,1.029
7,3,5,4,48,6,6,,4,0,1.0681
7,3,5,4,49,6,5,,5,1,1.2013
7,3,5,4,50,6,6,,2,0,0.7897
8,1,1,1,1,2,2,3,2,1,1.855
8,1,1,1,2,2,1,4,4,0,1.6091
8,1,1,1,3,2,2,3,2,1,1.1606
8,1,1,1,4,2,4,1,4,1,1.728
8,1,1,1,5,2,2,3,2,1,1.6957
8,1,1,1,6,2,6,4,4,0,2.9928
8,1,1,1,7,2,6,1,6,1,1.3681
8,1,1,1,8,2,3,2,3,1,2.1654
8,1,1,1,9,2,4,6,4,1,1.3316
8,1,1,1,10,2,1,5,5,0,2.0662
8,1,1,1,11,2,1,4,1,1,1.1834
8,1,1,1,12,2,6,5,6,1,1.8128
8,1,1,1,13,2,6,3,3,0,1.6647
8,1,1,1,14,2,6,3,3,0,2.2055
8,1,1,1,15,2,5,1,5,1,1.2368
8,1,1,1,16,2,3,2,3,1,1.8972
8,1,1,1,17,2,5,1,5,1,1.4259
8,1,1,1,18,2,6,4,6,1,1.0537
8,1,1,1,19,2,2,3,2,1,1.4485
8,1,1,1,20,2,3,2,3,1,1.7157
8,1,1,1,21,2,6,1,6,1,1.5062
8,1,1,1,22,2,2,1,2,1,1.5151
8,1,1,1,23,2,1,5,5,0,1.4752
8,1,1,1,24,2,5,2,5,1,1.145
8,1,1,1,25,2,4,6,4,1,1.5044
8,1,1,1,26,2,2,1,2,1,1.0491
8,1,1,1,27,2,1,4,1,1,1.3162
8,1,1,1,28,2,2,5,2,1,1.2198
8,1,1,1,29,2,3,4,3,1,1.9287
8,1,1,1,30,2,1,3,1,1,1.0071
8,1,1,1,31,2,3,2,3,1,1.0361
8,1,1,1,32,2,5,1,5,1,1.5285
8,1,1,1,33,2,6,2,2,0,1.4249
8,1,1,1,34,2,3,4,3,1,1.3202
8,1,1,1,35,2,3,4,3,1,1.6396
8,1,1,1,36,2,5,3,3,0,2.1069
8,1,1,1,37,2,4,5,4,1,2.9498
8,1,1,1,38,2,1,6,1,1,1.0434
8,1,1,1,39,2,4,2,4,1,1.1991
8,1,1,1,40,2,6,5,6,1,1.2521
8,1,1,1,41,2,5,1,5,1,1.0461
8,1,1,1,42,2,5,1,5,1,1.9224
8,1,1,1,43,2,4,1,4,1,1.2579
8,1,1,1,44,2,4,6,4,1,1.8206
8,1,1,1,45,2,1,5,1,1,1.5281
8,1,1,1,46,2,6,4,6,1,1.0886
8,1,1,1,47,2,3,4,4,0,1.3377
8,1,1,1,48,2,4,6,4,1,1.2372
8,1,1,1,49,2,2,6,2,1,1.0799
8,1,1,1,50,2,5,3,5,1,1.0267
8,1,1,2,1,6,4,,4,1,3.2613
8,1,1,2,2,6,4,,4,1,1.102
8,1,1,2,3,6,5,,4,0,1.2698
8,1,1,2,4,6,3,,2,0,0.9798
8,1,1,2,5,6,6,,5,0,1.3889
8,1,1,2,6,6,6,,6,1,0.8376
8,1,1,2,7,6,1,,6,0,0.7623
8,1,1,2,8,6,5,,5,1,0.9402
8,1,1,2,9,6,3,,3,1,1.116
8,1,1,2,10,6,3,,4,0,1.0601
8,1,1,2,11,6,1,,1,1,1.1151
8,1,1,2,12,6,2,,2,1,1.4112
8,1,1,2,13,6,2,,2,1,1.1195
8,1,1,2,14,6,4,,5,0,1.1758
8,1,1,2,15,6,1,,1,1,1.2413
8,1,1,2,16,6,1,,1,1,0.7967
8,1,1,2,17,6,6,,3,0,1.314
8,1,1,2,18,6,5,,6,0,1.1665
8,1,1,2,19,6,6,,3,0,1.1363
8,1,1,2,20,6,2,,3,0,1.1862
8,1,1,2,21,6,1,,1,1,0.9479
8,1,1,2,22,6,6,,6,1,1.028
8,1,1,2,23,6,4,,1,0,1.3433
8,1,1,2,24,6,1,,1,1,2.3462
8,1,1,2,25,6,3,,5,0,0.9607
8,1,1,2,26,6,6,,6,1,0.9852
8,1,1,2,27,6,3,,3,1,1.1115
8,1,1,2,28,6,3,,3,1,1.04
8,1,1,2,29,6,4,,2,0,1.2119
8,1,1,2,30,6,4,,4,1,1.0681
8,1,1,2,31,6,6,,4,0,1.1752
8,1,1,2,32,6,1,,1,1,0.9842
8,1,1,2,33,6,1,,1,1,0.9503
8,1,1,2,34,6,6,,1,0,0.8535
8,1,1,2,35,6,5,,5,1,0.9317
8,1,1,2,36,6,2,,2,1,1.0429
8,1,1,2,37,6,4,,3,0,1.4082
8,1,1,2,38,6,2,,3,0,1.2872
8,1,1,2,39,6,5,,5,1,1.1243
8,1,1,2,40,6,5,,5,1,0.9249
8,1,1,2,41,6,2,,2,1,0.8778
8,1,1,2,42,6,5,,2,0,1.5675
8,1,1,2,43,6,3,,3,1,1.0085
8,1,1,2,44,6,5,,3,0,1.0544
8,1,1,2,45,6,4,,5,0,1.1721
8,1,1,2,46,6,2,,2,1,1.0146
8,1,1,2,47,6,6,,6,1,0.9314
8,1,1,2,48,6,3,,3,1,1.2189
8,1,1,2,49,6,6,,6,1,1.0301
8,1,1,2,50,6,2,,2,1,1.0745
8,1,1,3,1,2,3,1,3,1,1.7062
8,1,1,3,2,2,1,2,2,0,1.5952
8,1,1,3,3,2,6,1,6,1,1.1783
8,1,1,3,4,2,4,6,4,1,1.3607
8,1,1,3,5,2,4,3,4,1,1.2793
8,1,1,3,6,2,6,5,6,1,1.3758
8,1,1,3,7,2,2,5,2,1,1.2941
8,1,1,3,8,2,4,3,4,1,1.1357
8,1,1,3,9,2,6,3,3,0,1.4957
8,1,1,3,10,2,4,2,4,1,1.5638
8,1,1,3,11,2,1,6,6,0,1.7772
8,1,1,3,12,2,5,3,5,1,1.353
8,1,1,3,13,2,4,6,4,1,1.4328
8,1,1,3,14,2,6,5,6,1,1.2358
8,1,1,3,15,2,5,1,5,1,1.2706
8,1,1,3,16,2,1,6,1,1,1.1777
8,1,1,3,17,2,6,4,6,1,1.1519
8,1,1,3,18,2,2,1,2,1,1.1429
8,1,1,3,19,2,2,5,2,1,1.1503
8,1,1,3,20,2,3,6,3,1,2.1644
8,1,1,3,21,2,3,2,3,1,1.7939
8,1,1,3,22,2,2,3,3,0,1.4551
8,1,1,3,23,2,2,3,3,0,1.7176
8,1,1,3,24,2,3,5,5,0,1.1686
8,1,1,3,25,2,5,1,1,0,1.7784
8,1,1,3,26,2,3,5,5,0,1.3869
8,1,1,3,27,2,1,2,1,1,1.1072
8,1,1,3,28,2,1,2,1,1,1.2596
8,1,1,3,29,2,6,1,6,1,1.1353
8,1,1,3,30,2,5,2,5,1,1.1265
8,1,1,3,31,2,1,3,1,1,1.151
8,1,1,3,32,2,4,1,1,0,1.1573
8,1,1,3,33,2,4,6,4,1,1.4005
8,1,1,3,34,2,2,4,4,0,1.605
8,1,1,3,35,2,5,1,1,0,0.9807
8,1,1,3,36,2,5,3,3,0,1.4545
8,1,1,3,37,2,6,2,2,0,2.0682
8,1,1,3,38,2,6,3,3,0,1.9529
8,1,1,3,39,2,1,6,1,1,1.2029
8,1,1,3,40,2,6,1,6,1,0.9995
8,1,1,3,41,2,6,1,6,1,1.0439
8,1,1,3,42,2,4,5,4,1,1.2787
8,1,1,3,43,2,1,3,1,1,0.9609
8,1,1,3,44,2,3,2,3,1,1.9841
8,1,1,3,45,2,3,6,3,1,1.8773
8,1,1,3,46,2,5,4,5,1,1.1503
8,1,1,3,47,2,5,6,6,0,1.797
8,1,1,3,48,2,2,6,2,1,1.0688
8,1,1,3,49,2,2,1,2,1,1.0786
8,1,1,3,50,2,3,6,3,1,1.5206
8,1,1,4,1,6,4,,5,0,1.558
8,1,1,4,2,6,1,,5,0,1.033
8,1,1,4,3,6,6,,1,0,1.4881
8,1,1,4,4,6,3,,3,1,1.1238
8,1,1,4,5,6,6,,1,0,1.0373
8,1,1,4,6,6,5,,5,1,1.4757
8,1,1,4,7,6,4,,4,1,1.2463
8,1,1,4,8,6,1,,1,1,0.928
8,1,1,4,9,6,4,,4,1,1.2805
8,1,1,4,10,6,6,,4,0,1.0263
8,1,1,4,11,6,6,,5,0,0.939
8,1,1,4,12,6,1,,1,1,1.0777
8,1,1,4,13,6,4,,6,0,1.0238
8,1,1,4,14,6,1,,1,1,1.0635
8,1,1,4,15,6,5,,4,0,1.2979
8,1,1,4,16,6,4,,4,1,1.6467
8,1,1,4,17,6,4,,5,0,1.1051
8,1,1,4,18,6,5,,3,0,1.2225
8,1,1,4,19,6,6,,1,0,1.5105
8,1,1,4,20,6,4,,4,1,1.785
8,1,1,4,21,6,1,,1,1,1.046
8,1,1,4,22,6,3,,3,1,1.1845
8,1,1,4,23,6,6,,6,1,1.0782
8,1,1,4,24,6,1,,1,1,1.2964
8,1,1,4,25,6,6,,6,1,0.913
8,1,1,4,26,6,4,,4,1,0.994
8,1,1,4,27,6,2,,3,0,1.4726
8,1,1,4,28,6,2,,2,1,1.0459
8,1,1,4,29,6,3,,1,0,1.6175
8,1,1,4,30,6,5,,6,0,0.8799
8,1,1,4,31,6,2,,5,0,1.0852
8,1,1,4,32,6,5,,3,0,1.4263
8,1,1,4,33,6,5,,4,0,1.6572
8,1,1,4,34,6,1,,1,1,0.9828
8,1,1,4,35,6,2,,2,1,1.7335
8,1,1,4,36,6,6,,6,1,1.1881
8,1,1,4,37,6,3,,6,0,0.9703
8,1,1,4,38,6,3,,3,1,1.0914
8,1,1,4,39,6,6,,6,1,1.2609
8,1,1,4,40,6,2,,2,1,1.0716
8,1,1,4,41,6,2,,2,1,1.3706
8,1,1,4,42,6,3,,3,1,1.0972
8,1,1,4,43,6,3,,3,1,1.1529
8,1,1,4,44,6,1,,1,1,1.0007
8,1,1,4,45,6,3,,3,1,1.3983
8,1,1,4,46,6,2,,2,1,1.091
8,1,1,4,47,6,6,,3,0,1.0518
8,1,1,4,48,6,2,,3,0,1.7949
8,1,1,4,49,6,5,,5,1,0.8909
8,1,1,4,50,6,5,,5,1,0.9238
8,1,2,1,1,6,4,,4,1,1.1327
8,1,2,1,2,6,4,,4,1,0.931
8,1,2,1,3,6,6,,6,1,0.7227
8,1,2,1,4,6,2,,3,0,0.9888
8,1,2,1,5,6,6,,6,1,0.7248
8,1,2,1,6,6,6,,6,1,0.7334
8,1,2,1,7,6,1,,1,1,0.6625
8,1,2,1,8,6,2,,2,1,1.1217
8,1,2,1,9,6,3,,3,1,1.1141
8,1,2,1,10,6,1,,1,1,0.6428
8,1,2,1,11,6,6,,6,1,0.5852
8,1,2,1,12,6,5,,5,1,0.5883
8,1,2,1,13,6,2,,2,1,0.6671
8,1,2,1,14,6,5,,5,1,0.9822
8,1,2,1,15,6,6,,6,1,0.6749
8,1,2,1,16,6,6,,6,1,0.846
8,1,2,1,17,6,3,,6,0,0.705
8,1,2,1,18,6,5,,6,0,0.6626
8,1,2,1,19,6,2,,2,1,0.9406
8,1,2,1,20,6,5,,6,0,1.1963
8,1,2,1,21,6,4,,5,0,0.9092
8,1,2,1,22,6,1,,1,1,1.1301
8,1,2,1,23,6,2,,2,1,0.7061
8,1,2,1,24,6,3,,3,1,1.1782
8,1,2,1,25,6,6,,6,1,0.5927
8,1,2,1,26,6,2,,2,1,0.8623
8,1,2,1,27,6,6,,6,1,0.7215
8,1,2,1,28,6,1,,6,0,0.7139
8,1,2,1,29,6,6,,6,1,0.7188
8,1,2,1,30,6,5,,6,0,1.3829
8,1,2,1,31,6,4,,4,1,1.1191
8,1,2,1,32,6,4,,4,1,0.8242
8,1,2,1,33,6,1,,1,1,1.0531
8,1,2,1,34,6,1,,1,1,0.759
8,1,2,1,35,6,4,,4,1,0.7829
8,1,2,1,36,6,3,,6,0,0.8846
8,1,2,1,37,6,4,,3,0,1.5228
8,1,2,1,38,6,1,,1,1,0.9666
8,1,2,1,39,6,5,,1,0,1.0438
8,1,2,1,40,6,3,,3,1,1.1312
8,1,2,1,41,6,5,,5,1,0.7549
8,1,2,1,42,6,3,,4,0,1.0016
8,1,2,1,43,6,2,,1,0,1.4585
8,1,2,1,44,6,5,,5,1,0.9363
8,1,2,1,45,6,1,,1,1,0.8559
8,1,2,1,46,6,2,,3,0,1.3396
8,1,2,1,47,6,6,,6,1,0.6307
8,1,2,1,48,6,3,,3,1,1.218
8,1,2,1,49,6,4,,1,0,0.9347
8,1,2,1,50,6,3,,3,1,1.1065
8,1,2,2,1,2,1,3,1,1,0.8565
8,1,2,2,2,2,4,6,4,1,1.6598
8,1,2,2,3,2,6,3,6,1,1.502
8,1,2,2,4,2,5,6,5,1,1.4463
8,1,2,2,5,2,6,4,4,0,1.1689
8,1,2,2,6,2,2,6,2,1,1.1871
8,1,2,2,7,2,4,1,4,1,1.4479
8,1,2,2,8,2,3,1,3,1,1.5065
8,1,2,2,9,2,5,4,4,0,1.4355
8,1,2,2,10,2,2,5,2,1,1.6342
8,1,2,2,11,2,3,2,3,1,1.5731
8,1,2,2,12,2,5,6,6,0,1.9151
8,1,2,2,13,2,2,6,2,1,1.1821
8,1,2,2,14,2,4,3,4,1,1.1074
8,1,2,2,15,2,1,6,6,0,1.1328
8,1,2,2,16,2,2,1,2,1,1.1363
8,1,2,2,17,2,2,1,2,1,1.2238
8,1,2,2,18,2,6,5,5,0,1.4356
8,1,2,2,19,2,1,4,1,1,1.1219
8,1,2,2,20,2,1,6,1,1,1.0981
8,1,2,2,21,2,6,5,5,0,2.1637
8,1,2,2,22,2,1,5,1,1,1.1479
8,1,2,2,23,2,6,2,6,1,0.9631
8,1,2,2,24,2,6,5,6,1,1.2014
8,1,2,2,25,2,4,5,4,1,1.3188
8,1,2,2,26,2,4,1,1,0,1.0947
8,1,2,2,27,2,5,4,5,1,1.1634
8,1,2,2,28,2,3,5,3,1,1.5216
8,1,2,2,29,2,2,4,4,0,1.3532
8,1,2,2,30,2,5,6,5,1,1.5709
8,1,2,2,31,2,5,1,5,1,1.1129
8,1,2,2,32,2,1,4,4,0,1.3618
8,1,2,2,33,2,3,1,3,1,1.2583
8,1,2,2,34,2,4,1,1,0,1.4378
8,1,2,2,35,2,6,2,2,0,1.3962
8,1,2,2,36,2,3,5,3,1,1.1172
8,1,2,2,37,2,6,2,6,1,1.109
8,1,2,2,38,2,1,2,1,1,1.3097
8,1,2,2,39,2,2,6,2,1,1.246
8,1,2,2,40,2,4,2,2,0,1.2336
8,1,2,2,41,2,6,5,5,0,1.2803
8,1,2,2,42,2,3,5,3,1,1.4538
8,1,2,2,43,2,4,6,4,1,1.1606
8,1,2,2,44,2,3,4,4,0,1.6788
8,1,2,2,45,2,5,6,5,1,1.0025
8,1,2,2,46,2,3,1,1,0,0.9997
8,1,2,2,47,2,5,1,1,0,1.3129
8,1,2,2,48,2,6,1,1,0,1.3236
8,1,2,2,49,2,1,6,1,1,1.0153
8,1,2,2,50,2,2,6,6,0,1.0122
8,1,2,3,1,6,3,,3,1,1.4496
8,1,2,3,2,6,6,,4,0,0.8998
8,1,2,3,3,6,5,,1,0,1.0087
8,1,2,3,4,6,6,,6,1,0.7143
8,1,2,3,5,6,4,,6,0,0.9936
8,1,2,3,6,6,3,,3,1,1.1313
8,1,2,3,7,6,6,,6,1,1.0113
8,1,2,3,8,6,5,,5,1,0.911
8,1,2,3,9,6,1,,1,1,1.0234
8,1,2,3,10,6,2,,2,1,1.0853
8,1,2,3,11,6,3,,3,1,1.0463
8,1,2,3,12,6,6,,2,0,1.2177
8,1,2,3,13,6,3,,1,0,0.9282
8,1,2,3,14,6,6,,5,0,0.8441
8,1,2,3,15,6,2,,5,0,1.8182
8,1,2,3,16,6,4,,3,0,1.4261
8,1,2,3,17,6,3,,5,0,0.9691
8,1,2,3,18,6,5,,6,0,0.9953
8,1,2,3,19,6,4,,2,0,0.8752
8,1,2,3,20,6,2,,2,1,1.1922
8,1,2,3,21,6,1,,1,1,0.9903
8,1,2,3,22,6,6,,2,0,1.1166
8,1,2,3,23,6,2,,2,1,0.7834
8,1,2,3,24,6,2,,3,0,1.0944
8,1,2,3,25,6,1,,1,1,0.8748
8,1,2,3,26,6,4,,4,1,1.0687
8,1,2,3,27,6,6,,1,0,0.9831
8,1,2,3,28,6,5,,5,1,0.8153
8,1,2,3,29,6,1,,5,0,1.6204
8,1,2,3,30,6,4,,6,0,2.2275
8,1,2,3,31,6,5,,3,0,2.1221
8,1,2,3,32,6,4,,1,0,0.7248
8,1,2,3,33,6,6,,5,0,1.2396
8,1,2,3,34,6,6,,6,1,1.1912
8,1,2,3,35,6,3,,2,0,1.2284
8,1,2,3,36,6,4,,4,1,0.8756
8,1,2,3,37,6,1,,3,0,0.8949
8,1,2,3,38,6,1,,1,1,1.0356
8,1,2,3,39,6,6,,1,0,0.918
8,1,2,3,40,6,1,,1,1,0.7549
8,1,2,3,41,6,3,,5,0,1.2574
8,1,2,3,42,6,2,,2,1,1.0331
8,1,2,3,43,6,5,,5,1,1.0433
8,1,2,3,44,6,2,,2,1,0.799
8,1,2,3,45,6,1,,1,1,0.6761
8,1,2,3,46,6,3,,3,1,0.96
8,1,2,3,47,6,2,,2,1,0.8618
8,1,2,3,48,6,5,,5,1,0.7516
8,1,2,3,49,6,5,,5,1,1.0481
8,1,2,3,50,6,4,,3,0,1.6819
8,1,2,4,1,2,5,6,5,1,0.8765
8,1,2,4,2,2,3,1,3,1,1.8707
8,1,2,4,3,2,2,4,2,1,2.376
8,1,2,4,4,2,2,5,5,0,1.101
8,1,2,4,5,2,1,4,1,1,1.2174
8,1,2,4,6,2,2,6,2,1,1.3329
8,1,2,4,7,2,4,6,4,1,1.2526
8,1,2,4,8,2,6,3,6,1,1.0155
8,1,2,4,9,2,1,2,1,1,1.1246
8,1,2,4,10,2,3,6,3,1,1.2605
8,1,2,4,11,2,3,5,3,1,1.3747
8,1,2,4,12,2,2,4,2,1,1.6759
8,1,2,4,13,2,3,2,3,1,1.3902
8,1,2,4,14,2,1,5,1,1,1.1149
8,1,2,4,15,2,1,6,1,1,1.2361
8,1,2,4,16,2,3,6,3,1,1.7678
8,1,2,4,17,2,4,1,4,1,1.573
8,1,2,4,18,2,5,2,5,1,1.0506
8,1,2,4,19,2,5,3,5,1,1.1894
8,1,2,4,20,2,6,5,6,1,1.1317
8,1,2,4,21,2,2,4,2,1,1.1547
8,1,2,4,22,2,2,5,2,1,1.0184
8,1,2,4,23,2,6,5,6,1,1.0791
8,1,2,4,24,2,5,2,5,1,1.2321
8,1,2,4,25,2,6,5,5,0,1.4278
8,1,2,4,26,2,5,2,2,0,1.6739
8,1,2,4,27,2,5,4,5,1,1.0791
8,1,2,4,28,2,4,1,4,1,1.249
8,1,2,4,29,2,2,4,4,0,1.3646
8,1,2,4,30,2,6,3,6,1,2.669
8,1,2,4,31,2,6,1,1,0,1.3027
8,1,2,4,32,2,4,2,2,0,1.1381
8,1,2,4,33,2,4,3,4,1,1.8449
8,1,2,4,34,2,4,2,2,0,1.5202
8,1,2,4,35,2,6,3,3,0,1.5878
8,1,2,4,36,2,3,6,6,0,1.316
8,1,2,4,37,2,5,4,5,1,1.472
8,1,2,4,38,2,3,6,3,1,0.8899
8,1,2,4,39,2,4,6,4,1,1.3557
8,1,2,4,40,2,1,2,2,0,1.4981
8,1,2,4,41,2,5,3,5,1,0.9419
8,1,2,4,42,2,2,6,2,1,0.9581
8,1,2,4,43,2,1,4,1,1,0.9737
8,1,2,4,44,2,3,4,4,0,1.4991
8,1,2,4,45,2,1,2,1,1,1.5038
8,1,2,4,46,2,6,3,3,0,1.4169
8,1,2,4,47,2,1,6,1,1,1.3432
8,1,2,4,48,2,6,2,2,0,1.2955
8,1,2,4,49,2,4,2,2,0,1.7874
8,1,2,4,50,2,6,4,6,1,1.204
8,1,3,1,1,2,1,4,1,1,1.1951
8,1,3,1,2,2,1,3,1,1,1.5194
8,1,3,1,3,2,4,1,4,1,1.0634
8,1,3,1,4,2,6,3,3,0,1.4101
8,1,3,1,5,2,6,1,6,1,1.0333
8,1,3,1,6,2,1,2,1,1,1.1894
8,1,3,1,7,2,3,5,3,1,1.4349
8,1,3,1,8,2,4,2,4,1,1.1588
8,1,3,1,9,2,4,2,4,1,1.261
8,1,3,1,10,2,6,1,6,1,0.9603
8,1,3,1,11,2,4,1,4,1,1.055
8,1,3,1,12,2,2,4,4,0,1.1304
8,1,3,1,13,2,2,3,3,0,1.7092
8,1,3,1,14,2,3,6,3,1,1.0802
8,1,3,1,15,2,2,5,5,0,1.6017
8,1,3,1,16,2,5,2,5,1,1.2332
8,1,3,1,17,2,2,5,2,1,1.3816
8,1,3,1,18,2,6,1,1,0,1.394
8,1,3,1,19,2,4,3,4,1,1.1949
8,1,3,1,20,2,6,5,6,1,1.1508
8,1,3,1,21,2,5,6,5,1,1.3658
8,1,3,1,22,2,6,1,1,0,1.2357
8,1,3,1,23,2,1,5,5,0,1.3151
8,1,3,1,24,2,2,6,2,1,0.9903
8,1,3,1,25,2,5,4,4,0,1.132
8,1,3,1,26,2,1,2,1,1,1.1201
8,1,3,1,27,2,3,1,1,0,2.2959
8,1,3,1,28,2,1,5,5,0,1.3556
8,1,3,1,29,2,2,5,2,1,1.1727
8,1,3,1,30,2,6,5,6,1,1.068
8,1,3,1,31,2,6,3,3,0,1.3972
8,1,3,1,32,2,5,4,4,0,1.438
8,1,3,1,33,2,4,2,4,1,1.2205
8,1,3,1,34,2,3,4,3,1,1.1454
8,1,3,1,35,2,3,6,3,1,1.0081
8,1,3,1,36,2,3,2,3,1,1.1166
8,1,3,1,37,2,2,6,2,1,1.1409
8,1,3,1,38,2,5,6,5,1,1.5474
8,1,3,1,39,2,6,1,1,0,1.4576
8,1,3,1,40,2,1,4,1,1,1.7206
8,1,3,1,41,2,3,1,1,0,1.6873
8,1,3,1,42,2,5,4,4,0,1.2365
8,1,3,1,43,2,5,4,5,1,1.0756
8,1,3,1,44,2,2,4,2,1,0.9572
8,1,3,1,45,2,4,2,4,1,1.4519
8,1,3,1,46,2,5,6,5,1,2.1027
8,1,3,1,47,2,3,2,3,1,1.063
8,1,3,1,48,2,6,4,6,1,1.6174
8,1,3,1,49,2,1,5,5,0,1.1731
8,1,3,1,50,2,4,5,4,1,1.0622
8,1,3,2,1,6,3,,3,1,1.2142
8,1,3,2,2,6,3,,3,1,1.0578
8,1,3,2,3,6,4,,4,1,1.0207
8,1,3,2,4,6,5,,1,0,1.4974
8,1,3,2,5,6,6,,4,0,1.5012
8,1,3,2,6,6,3,,3,1,1.0896
8,1,3,2,7,6,5,,5,1,1.1628
8,1,3,2,8,6,4,,2,0,1.0732
8,1,3,2,9,6,3,,3,1,1.1755
8,1,3,2,10,6,6,,3,0,1.1813
8,1,3,2,11,6,2,,2,1,1.0707
8,1,3,2,12,6,5,,4,0,1.0331
8,1,3,2,13,6,1,,1,1,0.7997
8,1,3,2,14,6,3,,3,1,1.3664
8,1,3,2,15,6,2,,2,1,0.8994
8,1,3,2,16,6,3,,6,0,0.7406
8,1,3,2,17,6,6,,6,1,0.841
8,1,3,2,18,6,1,,1,1,1.0355
8,1,3,2,19,6,6,,6,1,1.0791
8,1,3,2,20,6,6,,3,0,0.881
8,1,3,2,21,6,6,,6,1,0.75
8,1,3,2,22,6,4,,1,0,0.8213
8,1,3,2,23,6,3,,1,0,1.0941
8,1,3,2,24,6,6,,4,0,1.0979
8,1,3,2,25,6,2,,2,1,0.9433
8,1,3,2,26,6,1,,1,1,0.9104
8,1,3,2,27,6,5,,5,1,0.8633
8,1,3,2,28,6,2,,2,1,0.9784
8,1,3,2,29,6,5,,1,0,1.0399
8,1,3,2,30,6,5,,6,0,1.1264
8,1,3,2,31,6,4,,4,1,0.9704
8,1,3,2,32,6,5,,6,0,1.1121
8,1,3,2,33,6,1,,1,1,1.0835
8,1,3,2,34,6,1,,6,0,0.901
8,1,3,2,35,6,4,,4,1,1.218
8,1,3,2,36,6,2,,2,1,0.9824
8,1,3,2,37,6,6,,6,1,1.5087
8,1,3,2,38,6,6,,6,1,0.8451
8,1,3,2,39,6,1,,1,1,1.0234
8,1,3,2,40,6,4,,4,1,1.0998
8,1,3,2,41,6,3,,3,1,1.3172
8,1,3,2,42,6,6,,1,0,1.0615
8,1,3,2,43,6,2,,2,1,0.8907
8,1,3,2,44,6,4,,4,1,1.1974
8,1,3,2,45,6,4,,4,1,0.8826
8,1,3,2,46,6,1,,1,1,0.9326
8,1,3,2,47,6,1,,3,0,1.1244
8,1,3,2,48,6,5,,6,0,0.9343
8,1,3,2,49,6,2,,4,0,1.0261
8,1,3,2,50,6,2,,2,1,1.1288
8,1,3,3,1,2,6,2,2,0,1.7111
8,1,3,3,2,2,5,3,3,0,2.3452
8,1,3,3,3,2,5,3,5,1,1.0504
8,1,3,3,4,2,2,3,2,1,1.0292
8,1,3,3,5,2,6,4,6,1,1.2818
8,1,3,3,6,2,3,1,3,1,1.0744
8,1,3,3,7,2,3,2,3,1,1.2127
8,1,3,3,8,2,2,3,3,0,1.4577
8,1,3,3,9,2,5,3,3,0,1.3669
8,1,3,3,10,2,6,2,6,1,1.0724
8,1,3,3,11,2,5,4,4,0,1.2904
8,1,3,3,12,2,1,3,1,1,1.8791
8,1,3,3,13,2,1,4,1,1,1.0074
8,1,3,3,14,2,3,6,3,1,1.4196
8,1,3,3,15,2,6,3,3,0,1.7839
8,1,3,3,16,2,4,1,4,1,1.0886
8,1,3,3,17,2,4,6,4,1,1.2426
8,1,3,3,18,2,4,2,2,0,1.7257
8,1,3,3,19,2,5,3,3,0,1.192
8,1,3,3,20,2,2,3,2,1,0.9043
8,1,3,3,21,2,4,6,4,1,0.9694
8,1,3,3,22,2,1,6,1,1,1.4962
8,1,3,3,23,2,1,2,1,1,1.249
8,1,3,3,24,2,5,2,5,1,1.075
8,1,3,3,25,2,3,6,3,1,1.3416
8,1,3,3,26,2,4,5,4,1,1.2282
8,1,3,3,27,2,6,5,5,0,1.3119
8,1,3,3,28,2,6,1,1,0,1.1312
8,1,3,3,29,2,2,3,2,1,0.927
8,1,3,3,30,2,6,3,3,0,1.9025
8,1,3,3,31,2,2,5,2,1,1.2504
8,1,3,3,32,2,2,4,2,1,1.0614
8,1,3,3,33,2,3,2,3,1,1.5356
8,1,3,3,34,2,4,3,4,1,1.5268
8,1,3,3,35,2,5,4,5,1,1.0215
8,1,3,3,36,2,2,3,2,1,0.9545
8,1,3,3,37,2,3,1,3,1,1.0019
8,1,3,3,38,2,6,4,6,1,1.0941
8,1,3,3,39,2,3,5,5,0,1.4708
8,1,3,3,40,2,2,5,2,1,1.0767
8,1,3,3,41,2,1,4,1,1,1.2301
8,1,3,3,42,2,1,3,1,1,1.3446
8,1,3,3,43,2,4,1,4,1,1.6475
8,1,3,3,44,2,1,6,6,0,1.65
8,1,3,3,45,2,6,5,6,1,1.1361
8,1,3,3,46,2,5,1,5,1,1.0954
8,1,3,3,47,2,4,6,4,1,0.977
8,1,3,3,48,2,3,6,3,1,1.4712
8,1,3,3,49,2,1,2,1,1,1.1441
8,1,3,3,50,2,6,3,3,0,1.2957
8,1,3,4,1,6,6,,6,1,1.0662
8,1,3,4,2,6,5,,5,1,0.7243
8,1,3,4,3,6,4,,1,0,1.2434
8,1,3,4,4,6,1,,4,0,1.5141
8,1,3,4,5,6,1,,1,1,0.8302
8,1,3,4,6,6,6,,6,1,0.7063
8,1,3,4,7,6,4,,1,0,1.0827
8,1,3,4,8,6,1,,3,0,1.5362
8,1,3,4,9,6,5,,6,0,0.9632
8,1,3,4,10,6,5,,5,1,0.8122
8,1,3,4,11,6,2,,2,1,1.1049
8,1,3,4,12,6,1,,1,1,0.7791
8,1,3,4,13,6,2,,2,1,1.0237
8,1,3,4,14,6,6,,6,1,1.2448
8,1,3,4,15,6,5,,5,1,0.8635
8,1,3,4,16,6,3,,5,0,0.8982
8,1,3,4,17,6,6,,6,1,1.5179
8,1,3,4,18,6,3,,3,1,1.6069
8,1,3,4,19,6,3,,4,0,2.01
8,1,3,4,20,6,5,,2,0,0.9528
8,1,3,4,21,6,4,,4,1,1.2519
8,1,3,4,22,6,6,,6,1,0.7273
8,1,3,4,23,6,4,,1,0,0.8141
8,1,3,4,24,6,4,,5,0,0.9272
8,1,3,4,25,6,2,,2,1,0.714
8,1,3,4,26,6,4,,2,0,1.171
8,1,3,4,27,6,6,,6,1,0.585
8,1,3,4,28,6,4,,6,0,0.7229
8,1,3,4,29,6,2,,2,1,0.7576
8,1,3,4,30,6,2,,2,1,0.7807
8,1,3,4,31,6,6,,3,0,0.9313
8,1,3,4,32,6,6,,4,0,1.247
8,1,3,4,33,6,3,,3,1,0.9094
8,1,3,4,34,6,5,,5,1,0.6685
8,1,3,4,35,6,3,,3,1,1.1925
8,1,3,4,36,6,5,,5,1,0.7801
8,1,3,4,37,6,5,,5,1,0.7703
8,1,3,4,38,6,4,,1,0,1.2735
8,1,3,4,39,6,3,,3,1,1.2712
8,1,3,4,40,6,6,,6,1,0.6171
8,1,3,4,41,6,1,,1,1,0.9974
8,1,3,4,42,6,1,,1,1,0.7229
8,1,3,4,43,6,2,,2,1,0.7956
8,1,3,4,44,6,1,,1,1,0.785
8,1,3,4,45,6,3,,3,1,0.9665
8,1,3,4,46,6,3,,3,1,0.9007
8,1,3,4,47,6,6,,6,1,0.5849
8,1,3,4,48,6,2,,5,0,0.7411
8,1,3,4,49,6,1,,2,0,1.1749
8,1,3,4,50,6,2,,5,0,1.369
8,1,4,1,1,6,4,,4,1,1.1096
8,1,4,1,2,6,1,,4,0,1.6773
8,1,4,1,3,6,4,,3,0,1.1947
8,1,4,1,4,6,1,,1,1,0.8117
8,1,4,1,5,6,5,,5,1,0.7196
8,1,4,1,6,6,6,,6,1,0.8721
8,1,4,1,7,6,2,,2,1,0.7636
8,1,4,1,8,6,4,,2,0,1.2505
8,1,4,1,9,6,4,,2,0,0.7846
8,1,4,1,10,6,3,,4,0,1.4573
8,1,4,1,11,6,4,,2,0,1.1428
8,1,4,1,12,6,4,,5,0,1.1619
8,1,4,1,13,6,3,,3,1,1.1438
8,1,4,1,14,6,1,,6,0,1.1197
8,1,4,1,15,6,5,,5,1,0.9628
8,1,4,1,16,6,3,,3,1,1.1377
8,1,4,1,17,6,5,,3,0,1.0967
8,1,4,1,18,6,2,,3,0,1.1495
8,1,4,1,19,6,2,,2,1,0.9122
8,1,4,1,20,6,2,,2,1,0.8005
8,1,4,1,21,6,5,,6,0,1.4453
8,1,4,1,22,6,1,,3,0,0.9234
8,1,4,1,23,6,6,,5,0,0.9829
8,1,4,1,24,6,6,,6,1,1.1201
8,1,4,1,25,6,6,,6,1,1.1608
8,1,4,1,26,6,5,,5,1,0.8625
8,1,4,1,27,6,6,,6,1,0.882
8,1,4,1,28,6,3,,6,0,1.1874
8,1,4,1,29,6,1,,4,0,1.1398
8,1,4,1,30,6,6,,6,1,0.919
8,1,4,1,31,6,2,,2,1,0.8713
8,1,4,1,32,6,2,,2,1,0.8258
8,1,4,1,33,6,3,,3,1,1.1031
8,1,4,1,34,6,6,,4,0,0.9197
8,1,4,1,35,6,3,,3,1,1.0271
8,1,4,1,36,6,2,,2,1,0.8152
8,1,4,1,37,6,6,,5,0,0.963
8,1,4,1,38,6,6,,2,0,1.0377
8,1,4,1,39,6,4,,3,0,1.0119
8,1,4,1,40,6,4,,1,0,1.5488
8,1,4,1,41,6,5,,5,1,1.0374
8,1,4,1,42,6,6,,3,0,1.4345
8,1,4,1,43,6,5,,5,1,0.7531
8,1,4,1,44,6,2,,2,1,0.6806
8,1,4,1,45,6,5,,4,0,1.6499
8,1,4,1,46,6,1,,5,0,1.1518
8,1,4,1,47,6,3,,6,0,1.0423
8,1,4,1,48,6,1,,1,1,1.2563
8,1,4,1,49,6,1,,2,0,1.0031
8,1,4,1,50,6,3,,3,1,1.0275
8,1,4,2,1,2,1,2,1,1,1.2925
8,1,4,2,2,2,3,1,3,1,1.0681
8,1,4,2,3,2,1,2,1,1,1.5913
8,1,4,2,4,2,6,1,6,1,1.7243
8,1,4,2,5,2,4,1,4,1,1.0996
8,1,4,2,6,2,6,2,6,1,1.1239
8,1,4,2,7,2,1,4,1,1,0.9408
8,1,4,2,8,2,6,1,1,0,1.211
8,1,4,2,9,2,6,1,6,1,1.0034
8,1,4,2,10,2,3,6,3,1,1.4805
8,1,4,2,11,2,2,6,2,1,1.474
8,1,4,2,12,2,3,4,4,0,1.3233
8,1,4,2,13,2,1,3,3,0,1.7019
8,1,4,2,14,2,4,1,4,1,1.4576
8,1,4,2,15,2,5,1,5,1,1.1644
8,1,4,2,16,2,3,6,3,1,1.1868
8,1,4,2,17,2,2,4,2,1,1.2892
8,1,4,2,18,2,2,1,2,1,1.3536
8,1,4,2,19,2,5,6,6,0,1.385
8,1,4,2,20,2,4,5,4,1,1.5045
8,1,4,2,21,2,3,6,6,0,1.0331
8,1,4,2,22,2,5,4,5,1,1.1526
8,1,4,2,23,2,1,4,4,0,1.3191
8,1,4,2,24,2,3,4,4,0,0.9952
8,1,4,2,25,2,1,6,1,1,0.9718
8,1,4,2,26,2,5,2,5,1,1.1294
8,1,4,2,27,2,4,2,2,0,1.9703
8,1,4,2,28,2,5,3,5,1,1.2336
8,1,4,2,29,2,5,4,5,1,1.061
8,1,4,2,30,2,1,2,1,1,1.3764
8,1,4,2,31,2,2,4,2,1,1.0377
8,1,4,2,32,2,6,4,6,1,1.098
8,1,4,2,33,2,4,5,4,1,1.1067
8,1,4,2,34,2,4,6,4,1,1.0671
8,1,4,2,35,2,2,5,2,1,0.9491
8,1,4,2,36,2,4,1,4,1,1.2524
8,1,4,2,37,2,5,1,1,0,1.3038
8,1,4,2,38,2,6,4,6,1,1.0751
8,1,4,2,39,2,5,1,5,1,1.0373
8,1,4,2,40,2,2,4,4,0,1.0014
8,1,4,2,41,2,6,3,6,1,0.9448
8,1,4,2,42,2,6,4,6,1,1.1853
8,1,4,2,43,2,2,6,2,1,1.0467
8,1,4,2,44,2,3,1,3,1,1.1853
8,1,4,2,45,2,6,3,6,1,1.1754
8,1,4,2,46,2,4,5,4,1,0.8765
8,1,4,2,47,2,2,5,2,1,0.8468
8,1,4,2,48,2,1,3,1,1,1.7621
8,1,4,2,49,2,3,1,3,1,1.1987
8,1,4,2,50,2,6,5,6,1,0.7566
8,1,4,3,1,6,3,,3,1,1.7678
8,1,4,3,2,6,1,,1,1,1.1416
8,1,4,3,3,6,5,,5,1,0.7501
8,1,4,3,4,6,6,,6,1,0.8045
8,1,4,3,5,6,4,,4,1,1.2263
8,1,4,3,6,6,5,,5,1,0.942
8,1,4,3,7,6,4,,4,1,1.1166
8,1,4,3,8,6,6,,2,0,0.9985
8,1,4,3,9,6,3,,3,1,1.2781
8,1,4,3,10,6,6,,6,1,0.9284
8,1,4,3,11,6,6,,2,0,0.8959
8,1,4,3,12,6,2,,1,0,1.2124
8,1,4,3,13,6,4,,4,1,1.3873
8,1,4,3,14,6,1,,1,1,1.1922
8,1,4,3,15,6,4,,4,1,1.0534
8,1,4,3,16,6,4,,1,0,0.9839
8,1,4,3,17,6,3,,3,1,1.1368
8,1,4,3,18,6,1,,5,0,0.9692
8,1,4,3,19,6,6,,1,0,1.3476
8,1,4,3,20,6,1,,5,0,0.75
8,1,4,3,21,6,6,,6,1,0.7353
8,1,4,3,22,6,4,,4,1,1.1919
8,1,4,3,23,6,1,,5,0,0.9576
8,1,4,3,24,6,5,,5,1,1.0307
8,1,4,3,25,6,1,,1,1,1.0423
8,1,4,3,26,6,2,,2,1,1.0705
8,1,4,3,27,6,2,,4,0,1.5127
8,1,4,3,28,6,2,,2,1,0.7156
8,1,4,3,29,6,6,,1,0,0.7249
8,1,4,3,30,6,2,,2,1,1.143
8,1,4,3,31,6,4,,4,1,0.8148
8,1,4,3,32,6,5,,6,0,0.9794
8,1,4,3,33,6,6,,6,1,1.0381
8,1,4,3,34,6,2,,1,0,0.7293
8,1,4,3,35,6,3,,3,1,0.9244
8,1,4,3,36,6,4,,6,0,1.389
8,1,4,3,37,6,3,,3,1,1.7488
8,1,4,3,38,6,6,,6,1,0.6761
8,1,4,3,39,6,1,,3,0,1.5655
8,1,4,3,40,6,2,,2,1,0.8953
8,1,4,3,41,6,3,,6,0,0.7996
8,1,4,3,42,6,2,,5,0,1.1527
8,1,4,3,43,6,1,,3,0,1.427
8,1,4,3,44,6,5,,5,1,0.8262
8,1,4,3,45,6,6,,6,1,0.67
8,1,4,3,46,6,3,,3,1,1.3364
8,1,4,3,47,6,3,,3,1,1.3355
8,1,4,3,48,6,5,,5,1,0.7107
8,1,4,3,49,6,5,,5,1,1.04
8,1,4,3,50,6,5,,5,1,0.9385
8,1,4,4,1,2,5,1,5,1,2.4239
8,1,4,4,2,2,1,4,4,0,1.6745
8,1,4,4,3,2,6,3,6,1,1.3669
8,1,4,4,4,2,3,5,5,0,0.9968
8,1,4,4,5,2,4,3,3,0,3.1816
8,1,4,4,6,2,5,4,5,1,1.0033
8,1,4,4,7,2,3,1,3,1,1.1774
8,1,4,4,8,2,6,2,6,1,1.134
8,1,4,4,9,2,1,3,1,1,1.2065
8,1,4,4,10,2,5,3,5,1,1.0025
8,1,4,4,11,2,4,6,4,1,1.048
8,1,4,4,12,2,1,3,3,0,1.0099
8,1,4,4,13,2,6,3,6,1,1.0822
8,1,4,4,14,2,4,5,4,1,1.14
8,1,4,4,15,2,4,3,4,1,1.4044
8,1,4,4,16,2,4,2,4,1,1.112
8,1,4,4,17,2,6,3,6,1,1.4562
8,1,4,4,18,2,3,6,3,1,1.2266
8,1,4,4,19,2,2,5,2,1,1.1197
8,1,4,4,20,2,1,4,1,1,0.9365
8,1,4,4,21,2,1,4,1,1,1.143
8,1,4,4,22,2,3,4,3,1,1.503
8,1,4,4,23,2,6,1,1,0,1.2723
8,1,4,4,24,2,6,1,6,1,1.6681
8,1,4,4,25,2,3,1,3,1,1.0785
8,1,4,4,26,2,5,2,2,0,1.1522
8,1,4,4,27,2,2,5,2,1,1.1067
8,1,4,4,28,2,5,3,3,0,1.211
8,1,4,4,29,2,1,3,1,1,1.1148
8,1,4,4,30,2,2,3,2,1,0.9321
8,1,4,4,31,2,2,5,2,1,1.0915
8,1,4,4,32,2,6,1,6,1,1.0201
8,1,4,4,33,2,4,6,4,1,1.0492
8,1,4,4,34,2,6,5,6,1,1.0591
8,1,4,4,35,2,1,6,1,1,1.2778
8,1,4,4,36,2,5,3,5,1,1.1195
8,1,4,4,37,2,6,3,3,0,2.4718
8,1,4,4,38,2,6,3,6,1,1.1235
8,1,4,4,39,2,5,3,5,1,1.3238
8,1,4,4,40,2,5,2,5,1,1.1965
8,1,4,4,41,2,4,1,1,0,1.0726
8,1,4,4,42,2,2,6,2,1,1.0786
8,1,4,4,43,2,2,1,2,1,1.0722
8,1,4,4,44,2,3,4,3,1,1.4176
8,1,4,4,45,2,2,6,2,1,1.0936
8,1,4,4,46,2,4,2,4,1,1.0546
8,1,4,4,47,2,1,5,1,1,0.9689
8,1,4,4,48,2,3,2,3,1,1.1597
8,1,4,4,49,2,2,4,2,1,0.9907
8,1,4,4,50,2,3,1,3,1,1.0352
8,1,5,1,1,2,2,3,2,1,1.0731
8,1,5,1,2,2,6,1,6,1,1.0193
8,1,5,1,3,2,6,4,4,0,0.9993
8,1,5,1,4,2,1,6,1,1,1.2958
8,1,5,1,5,2,2,1,1,0,1.3456
8,1,5,1,6,2,5,4,5,1,0.9871
8,1,5,1,7,2,4,3,4,1,1.5769
8,1,5,1,8,2,3,4,3,1,2.5265
8,1,5,1,9,2,1,3,1,1,0.9092
8,1,5,1,10,2,5,6,5,1,1.422
8,1,5,1,11,2,6,3,6,1,1.1296
8,1,5,1,12,2,6,1,6,1,1.6812
8,1,5,1,13,2,5,3,5,1,1.0423
8,1,5,1,14,2,5,3,5,1,1.0691
8,1,5,1,15,2,1,5,5,0,1.0955
8,1,5,1,16,2,5,1,5,1,1.0999
8,1,5,1,17,2,2,5,2,1,1.4125
8,1,5,1,18,2,6,1,6,1,1.0251
8,1,5,1,19,2,6,1,6,1,1.1495
8,1,5,1,20,2,1,4,1,1,1.38
8,1,5,1,21,2,3,1,1,0,1.1695
8,1,5,1,22,2,2,5,5,0,2.035
8,1,5,1,23,2,4,2,4,1,1.0896
8,1,5,1,24,2,6,3,6,1,1.1469
8,1,5,1,25,2,6,3,6,1,1.1697
8,1,5,1,26,2,1,6,1,1,1.0792
8,1,5,1,27,2,6,2,6,1,1.0727
8,1,5,1,28,2,3,5,3,1,1.228
8,1,5,1,29,2,2,3,3,0,1.1832
8,1,5,1,30,2,4,3,4,1,1.4717
8,1,5,1,31,2,4,1,4,1,1.45
8,1,5,1,32,2,4,1,4,1,2.2605
8,1,5,1,33,2,5,1,1,0,1.2295
8,1,5,1,34,2,1,3,3,0,1.0844
8,1,5,1,35,2,3,2,3,1,1.0736
8,1,5,1,36,2,2,3,2,1,1.0511
8,1,5,1,37,2,4,1,4,1,2.5025
8,1,5,1,38,2,1,2,1,1,1.0928
8,1,5,1,39,2,2,1,2,1,0.9269
8,1,5,1,40,2,3,1,3,1,1.0224
8,1,5,1,41,2,1,3,1,1,1.2105
8,1,5,1,42,2,4,2,2,0,1.5831
8,1,5,1,43,2,5,2,5,1,0.8954
8,1,5,1,44,2,3,1,3,1,1.1044
8,1,5,1,45,2,2,5,2,1,1.0013
8,1,5,1,46,2,5,4,5,1,0.998
8,1,5,1,47,2,3,1,3,1,1.1237
8,1,5,1,48,2,3,2,3,1,2.6838
8,1,5,1,49,2,6,1,6,1,0.9476
8,1,5,1,50,2,4,3,4,1,1.5715
8,1,5,2,1,6,6,,6,1,2.4863
8,1,5,2,2,6,5,,5,1,1.1269
8,1,5,2,3,6,4,,3,0,1.1339
8,1,5,2,4,6,4,,1,0,1.1059
8,1,5,2,5,6,3,,5,0,1.0123
8,1,5,2,6,6,4,,4,1,1.4359
8,1,5,2,7,6,6,,5,0,0.8246
8,1,5,2,8,6,5,,3,0,1.2078
8,1,5,2,9,6,5,,1,0,1.5911
8,1,5,2,10,6,2,,3,0,1.6078
8,1,5,2,11,6,6,,6,1,1.4139
8,1,5,2,12,6,6,,1,0,1.4744
8,1,5,2,13,6,2,,2,1,0.9349
8,1,5,2,14,6,5,,5,1,1.0152
8,1,5,2,15,6,2,,2,1,0.9637
8,1,5,2,16,6,5,,5,1,0.9139
8,1,5,2,17,6,2,,1,0,1.1063
8,1,5,2,18,6,6,,2,0,1.5571
8,1,5,2,19,6,3,,5,0,1.4786
8,1,5,2,20,6,1,,3,0,1.1957
8,1,5,2,21,6,3,,3,1,1.0837
8,1,5,2,22,6,4,,4,1,0.9826
8,1,5,2,23,6,2,,2,1,0.9644
8,1,5,2,24,6,1,,1,1,1.2826
8,1,5,2,25,6,2,,2,1,0.8353
8,1,5,2,26,6,5,,6,0,0.9989
8,1,5,2,27,6,1,,1,1,0.9589
8,1,5,2,28,6,3,,3,1,0.8619
8,1,5,2,29,6,6,,6,1,0.6246
8,1,5,2,30,6,4,,4,1,0.909
8,1,5,2,31,6,6,,5,0,0.6384
8,1,5,2,32,6,6,,6,1,1.03
8,1,5,2,33,6,2,,2,1,0.9613
8,1,5,2,34,6,1,,1,1,0.7683
8,1,5,2,35,6,1,,1,1,0.7746
8,1,5,2,36,6,3,,4,0,1.2932
8,1,5,2,37,6,3,,3,1,1.0645
8,1,5,2,38,6,1,,2,0,1.2837
8,1,5,2,39,6,1,,2,0,1.2315
8,1,5,2,40,6,2,,1,0,1.0385
8,1,5,2,41,6,6,,6,1,0.7261
8,1,5,2,42,6,3,,3,1,1.133
8,1,5,2,43,6,4,,2,0,0.9486
8,1,5,2,44,6,6,,2,0,1.0083
8,1,5,2,45,6,5,,4,0,1.4315
8,1,5,2,46,6,4,,4,1,0.8784
8,1,5,2,47,6,4,,3,0,1.2007
8,1,5,2,48,6,3,,4,0,1.3281
8,1,5,2,49,6,1,,1,1,1.1001
8,1,5,2,50,6,5,,5,1,0.7411
8,1,5,3,1,2,1,4,1,1,1.0969
8,1,5,3,2,2,2,3,2,1,1.585
8,1,5,3,3,2,1,5,1,1,1.1426
8,1,5,3,4,2,3,1,1,0,1.1819
8,1,5,3,5,2,4,5,4,1,1.647
8,1,5,3,6,2,4,6,4,1,0.9446
8,1,5,3,7,2,5,2,5,1,1.5842
8,1,5,3,8,2,6,5,6,1,1.429
8,1,5,3,9,2,2,6,2,1,1.249
8,1,5,3,10,2,1,2,1,1,1.1549
8,1,5,3,11,2,3,4,4,0,1.3219
8,1,5,3,12,2,2,6,2,1,1.5084
8,1,5,3,13,2,6,4,6,1,0.9246
8,1,5,3,14,2,3,6,3,1,1.693
8,1,5,3,15,2,5,4,5,1,1.0846
8,1,5,3,16,2,6,2,6,1,1.2864
8,1,5,3,17,2,1,2,1,1,0.9352
8,1,5,3,18,2,4,3,4,1,1.112
8,1,5,3,19,2,3,1,1,0,1.7439
8,1,5,3,20,2,5,1,1,0,1.3693
8,1,5,3,21,2,2,1,1,0,1.5065
8,1,5,3,22,2,6,4,4,0,1.638
8,1,5,3,23,2,5,3,5,1,1.0118
8,1,5,3,24,2,2,5,2,1,1.3449
8,1,5,3,25,2,5,4,4,0,1.0713
8,1,5,3,26,2,6,4,4,0,1.0922
8,1,5,3,27,2,5,4,5,1,1.0003
8,1,5,3,28,2,4,5,4,1,1.2692
8,1,5,3,29,2,4,1,4,1,1.0633
8,1,5,3,30,2,2,3,2,1,1.1373
8,1,5,3,31,2,3,2,3,1,1.5458
8,1,5,3,32,2,3,5,3,1,1.3119
8,1,5,3,33,2,1,4,4,0,1.6483
8,1,5,3,34,2,1,4,1,1,1.0534
8,1,5,3,35,2,4,5,4,1,0.9677
8,1,5,3,36,2,6,5,5,0,1.7018
8,1,5,3,37,2,5,3,5,1,1.0426
8,1,5,3,38,2,6,3,6,1,1.2777
8,1,5,3,39,2,6,5,6,1,1.0226
8,1,5,3,40,2,4,2,4,1,1.0193
8,1,5,3,41,2,2,5,2,1,1.5427
8,1,5,3,42,2,1,6,1,1,1.1664
8,1,5,3,43,2,1,5,5,0,1.1879
8,1,5,3,44,2,2,3,3,0,1.6527
8,1,5,3,45,2,3,6,3,1,1.4101
8,1,5,3,46,2,6,3,6,1,0.9434
8,1,5,3,47,2,3,5,3,1,1.2462
8,1,5,3,48,2,4,6,4,1,1.3928
8,1,5,3,49,2,5,6,5,1,1.1024
8,1,5,3,50,2,6,3,6,1,0.8062
8,1,5,4,1,6,4,,6,0,0.9518
8,1,5,4,2,6,3,,1,0,1.1868
8,1,5,4,3,6,6,,4,0,1.3795
8,1,5,4,4,6,3,,2,0,1.2279
8,1,5,4,5,6,5,,5,1,0.7619
8,1,5,4,6,6,6,,6,1,0.7045
8,1,5,4,7,6,6,,6,1,0.7144
8,1,5,4,8,6,1,,1,1,1.0585
8,1,5,4,9,6,6,,6,1,1.0059
8,1,5,4,10,6,4,,1,0,1.3054
8,1,5,4,11,6,6,,6,1,0.8207
8,1,5,4,12,6,6,,5,0,0.7466
8,1,5,4,13,6,1,,1,1,0.9404
8,1,5,4,14,6,2,,6,0,0.8433
8,1,5,4,15,6,5,,4,0,1.2586
8,1,5,4,16,6,4,,1,0,1.0956
8,1,5,4,17,6,1,,1,1,1.2294
8,1,5,4,18,6,5,,5,1,0.8329
8,1,5,4,19,6,2,,2,1,0.9629
8,1,5,4,20,6,5,,5,1,0.6895
8,1,5,4,21,6,2,,3,0,2.0606
8,1,5,4,22,6,6,,6,1,0.7455
8,1,5,4,23,6,6,,6,1,0.8646
8,1,5,4,24,6,2,,2,1,1.3947
8,1,5,4,25,6,1,,1,1,0.7829
8,1,5,4,26,6,5,,5,1,0.709
8,1,5,4,27,6,4,,4,1,1.3898
8,1,5,4,28,6,6,,6,1,0.7317
8,1,5,4,29,6,2,,2,1,0.9155
8,1,5,4,30,6,1,,1,1,0.8839
8,1,5,4,31,6,2,,2,1,0.8215
8,1,5,4,32,6,4,,4,1,0.8087
8,1,5,4,33,6,1,,1,1,1.1986
8,1,5,4,34,6,5,,6,0,2.435
8,1,5,4,35,6,5,,5,1,0.8798
8,1,5,4,36,6,4,,3,0,1.1228
8,1,5,4,37,6,2,,4,0,1.2701
8,1,5,4,38,6,2,,2,1,0.7707
8,1,5,4,39,6,3,,3,1,0.8573
8,1,5,4,40,6,4,,4,1,0.7153
8,1,5,4,41,6,3,,2,0,1.3487
8,1,5,4,42,6,3,,3,1,0.6698
8,1,5,4,43,6,1,,6,0,1.1448
8,1,5,4,44,6,5,,5,1,0.7152
8,1,5,4,45,6,3,,3,1,1.2526
8,1,5,4,46,6,3,,1,0,1.6543
8,1,5,4,47,6,1,,1,1,1.1085
8,1,5,4,48,6,6,,2,0,0.8915
8,1,5,4,49,6,3,,3,1,0.9523
8,1,5,4,50,6,4,,4,1,1.0965
8,2,1,1,1,2,5,1,5,1,1.0318
8,2,1,1,2,2,1,3,1,1,0.8674
8,2,1,1,3,2,2,4,4,0,1.7017
8,2,1,1,4,2,5,4,5,1,1.2657
8,2,1,1,5,2,6,4,6,1,0.9316
8,2,1,1,6,2,2,4,2,1,1.0595
8,2,1,1,7,2,2,4,2,1,0.9903
8,2,1,1,8,2,1,6,1,1,1.0518
8,2,1,1,9,2,4,1,4,1,1.3991
8,2,1,1,10,2,3,2,3,1,1.2526
8,2,1,1,11,2,1,4,1,1,1.7193
8,2,1,1,12,2,1,5,5,0,1.303
8,2,1,1,13,2,3,5,3,1,1.4591
8,2,1,1,14,2,6,5,6,1,1.005
8,2,1,1,15,2,5,6,5,1,1.0502
8,2,1,1,16,2,1,2,1,1,1.1733
8,2,1,1,17,2,3,6,3,1,1.1635
8,2,1,1,18,2,3,2,3,1,1.3626
8,2,1,1,19,2,4,2,4,1,1.2325
8,2,1,1,20,2,5,6,5,1,0.7559
8,2,1,1,21,2,4,1,4,1,1.147
8,2,1,1,22,2,6,1,1,0,1.059
8,2,1,1,23,2,3,1,3,1,1.2086
8,2,1,1,24,2,4,3,3,0,1.3736
8,2,1,1,25,2,3,6,3,1,0.9514
8,2,1,1,26,2,6,5,6,1,1.0791
8,2,1,1,27,2,4,2,4,1,1.3774
8,2,1,1,28,2,4,1,4,1,1.7911
8,2,1,1,29,2,4,6,4,1,1.2115
8,2,1,1,30,2,2,3,2,1,1.0248
8,2,1,1,31,2,3,1,3,1,1.6293
8,2,1,1,32,2,5,4,5,1,1.1052
8,2,1,1,33,2,5,3,5,1,0.6344
8,2,1,1,34,2,1,5,5,0,1.5741
8,2,1,1,35,2,2,1,2,1,1.3991
8,2,1,1,36,2,1,6,1,1,1.2362
8,2,1,1,37,2,6,4,6,1,1.272
8,2,1,1,38,2,6,4,6,1,1.0823
8,2,1,1,39,2,6,2,6,1,1.9868
8,2,1,1,40,2,6,4,4,0,1.2557
8,2,1,1,41,2,6,1,6,1,0.6625
8,2,1,1,42,2,3,6,3,1,1.1694
8,2,1,1,43,2,2,6,2,1,1.0324
8,2,1,1,44,2,1,5,1,1,1.1245
8,2,1,1,45,2,2,1,2,1,1.2918
8,2,1,1,46,2,6,2,6,1,1.0536
8,2,1,1,47,2,5,1,1,0,1.3689
8,2,1,1,48,2,2,3,2,1,0.9784
8,2,1,1,49,2,4,6,4,1,1.1365
8,2,1,1,50,2,5,3,5,1,0.9838
8,2,1,2,1,6,6,,5,0,1.1235
8,2,1,2,2,6,3,,3,1,1.2231
8,2,1,2,3,6,1,,6,0,1.0044
8,2,1,2,4,6,3,,2,0,1.1557
8,2,1,2,5,6,2,,4,0,0.9351
8,2,1,2,6,6,3,,4,0,1.1222
8,2,1,2,7,6,5,,5,1,0.9173
8,2,1,2,8,6,4,,3,0,1.5898
8,2,1,2,9,6,4,,4,1,1.2228
8,2,1,2,10,6,2,,2,1,0.955
8,2,1,2,11,6,6,,6,1,1.0975
8,2,1,2,12,6,5,,5,1,0.9309
8,2,1,2,13,6,1,,1,1,0.8996
8,2,1,2,14,6,3,,3,1,1.172
8,2,1,2,15,6,6,,6,1,0.714
8,2,1,2,16,6,5,,5,1,0.7707
8,2,1,2,17,6,1,,1,1,0.8098
8,2,1,2,18,6,1,,6,0,1.008
8,2,1,2,19,6,6,,6,1,0.9842
8,2,1,2,20,6,3,,3,1,1.2861
8,2,1,2,21,6,4,,6,0,1.0319
8,2,1,2,22,6,1,,1,1,1.5832
8,2,1,2,23,6,6,,6,1,0.6908
8,2,1,2,24,6,5,,5,1,1.0372
8,2,1,2,25,6,5,,5,1,0.9055
8,2,1,2,26,6,3,,6,0,1.5941
8,2,1,2,27,6,6,,3,0,1.0509
8,2,1,2,28,6,1,,1,1,0.9141
8,2,1,2,29,6,6,,6,1,0.9301
8,2,1,2,30,6,5,,5,1,1.0909
8,2,1,2,31,6,6,,3,0,1.9805
8,2,1,2,32,6,2,,2,1,1.1001
8,2,1,2,33,6,3,,3,1,1.0934
8,2,1,2,34,6,2,,2,1,1.1348
8,2,1,2,35,6,2,,3,0,0.8222
8,2,1,2,36,6,4,,1,0,0.9831
8,2,1,2,37,6,2,,6,0,1.456
8,2,1,2,38,6,4,,4,1,1.221
8,2,1,2,39,6,2,,2,1,1.0345
8,2,1,2,40,6,1,,4,0,1.7337
8,2,1,2,41,6,5,,1,0,1.1044
8,2,1,2,42,6,1,,1,1,1.3173
8,2,1,2,43,6,4,,4,1,1.1879
8,2,1,2,44,6,4,,4,1,0.8584
8,2,1,2,45,6,6,,3,0,1.6286
8,2,1,2,46,6,2,,2,1,2.3165
8,2,1,2,47,6,3,,3,1,1.122
8,2,1,2,48,6,6,,6,1,0.7949
8,2,1,2,49,6,5,,2,0,2.0167
8,2,1,2,50,6,4,,4,1,1.2802
8,2,1,3,1,2,5,6,5,1,0.8478
8,2,1,3,2,2,4,5,4,1,1.3149
8,2,1,3,3,2,4,6,4,1,1.091
8,2,1,3,4,2,2,6,2,1,1.0842
8,2,1,3,5,2,5,1,5,1,1.1737
8,2,1,3,6,2,5,1,5,1,1.3886
8,2,1,3,7,2,6,5,5,0,1.3859
8,2,1,3,8,2,2,3,3,0,3.7944
8,2,1,3,9,2,5,6,5,1,2.0882
8,2,1,3,10,2,3,1,3,1,1.7051
8,2,1,3,11,2,6,2,6,1,1.385
8,2,1,3,12,2,6,3,3,0,1.3514
8,2,1,3,13,2,1,3,1,1,1.0572
8,2,1,3,14,2,3,6,3,1,1.0038
8,2,1,3,15,2,1,5,1,1,1.2894
8,2,1,3,16,2,1,3,3,0,1.5307
8,2,1,3,17,2,6,4,6,1,0.6527
8,2,1,3,18,2,2,1,2,1,1.0647
8,2,1,3,19,2,5,6,5,1,1.0908
8,2,1,3,20,2,6,5,6,1,0.9727
8,2,1,3,21,2,3,2,2,0,1.4988
8,2,1,3,22,2,3,2,3,1,1.2472
8,2,1,3,23,2,2,6,6,0,1.3618
8,2,1,3,24,2,4,3,3,0,1.6917
8,2,1,3,25,2,1,2,1,1,1.1915
8,2,1,3,26,2,3,5,3,1,1.614
8,2,1,3,27,2,6,5,5,0,1.5704
8,2,1,3,28,2,4,6,4,1,2.2269
8,2,1,3,29,2,4,1,4,1,1.038
8,2,1,3,30,2,3,6,3,1,1.7219
8,2,1,3,31,2,5,1,1,0,7.1625
8,2,1,3,32,2,1,4,4,0,1.3342
8,2,1,3,33,2,3,6,3,1,4.6247
8,2,1,3,34,2,6,3,6,1,1.3366
8,2,1,3,35,2,2,3,2,1,1.1129
8,2,1,3,36,2,5,2,5,1,0.8487
8,2,1,3,37,2,4,1,4,1,7.7331
8,2,1,3,38,2,2,1,1,0,0.8452
8,2,1,3,39,2,4,3,4,1,1.7402
8,2,1,3,40,2,6,5,5,0,10.9548
8,2,1,3,41,2,4,3,4,1,1.2922
8,2,1,3,42,2,1,3,1,1,1.0686
8,2,1,3,43,2,6,1,1,0,1.3196
8,2,1,3,44,2,3,5,3,1,1.2676
8,2,1,3,45,2,5,6,5,1,0.7245
8,2,1,3,46,2,1,4,1,1,0.7186
8,2,1,3,47,2,2,1,2,1,1.7503
8,2,1,3,48,2,1,6,1,1,1.4135
8,2,1,3,49,2,2,3,2,1,7.5531
8,2,1,3,50,2,6,4,6,1,1.4094
8,2,1,4,1,6,4,,6,0,0.5853
8,2,1,4,2,6,6,,6,1,1.0303
8,2,1,4,3,6,5,,5,1,0.9786
8,2,1,4,4,6,5,,5,1,0.8633
8,2,1,4,5,6,2,,6,0,0.9148
8,2,1,4,6,6,1,,1,1,1.215
8,2,1,4,7,6,6,,6,1,0.9307
8,2,1,4,8,6,4,,4,1,1.4914
8,2,1,4,9,6,6,,6,1,0.8757
8,2,1,4,10,6,1,,6,0,1.1819
8,2,1,4,11,6,5,,4,0,2.7837
8,2,1,4,12,6,3,,2,0,3.9982
8,2,1,4,13,6,3,,3,1,1.1318
8,2,1,4,14,6,5,,6,0,0.8513
8,2,1,4,15,6,4,,4,1,0.8496
8,2,1,4,16,6,6,,3,0,0.8697
8,2,1,4,17,6,1,,1,1,0.7391
8,2,1,4,18,6,3,,1,0,1.0032
8,2,1,4,19,6,2,,4,0,2.3244
8,2,1,4,20,6,3,,3,1,2.0228
8,2,1,4,21,6,6,,4,0,9.8175
8,2,1,4,22,6,5,,6,0,1.0483
8,2,1,4,23,6,2,,2,1,1.0241
8,2,1,4,24,6,4,,4,1,1.116
8,2,1,4,25,6,4,,4,1,1.0432
8,2,1,4,26,6,1,,1,1,0.7683
8,2,1,4,27,6,5,,5,1,0.8389
8,2,1,4,28,6,3,,3,1,1.1784
8,2,1,4,29,6,6,,6,1,0.9607
8,2,1,4,30,6,3,,3,1,1.1186
8,2,1,4,31,6,1,,4,0,1.0639
8,2,1,4,32,6,2,,2,1,1.1487
8,2,1,4,33,6,6,,5,0,0.8679
8,2,1,4,34,6,1,,1,1,0.6734
8,2,1,4,35,6,4,,1,0,1.1971
8,2,1,4,36,6,5,,4,0,1.9816
8,2,1,4,37,6,5,,4,0,7.0208
8,2,1,4,38,6,3,,3,1,1.1669
8,2,1,4,39,6,3,,4,0,1.0453
8,2,1,4,40,6,4,,4,1,0.8117
8,2,1,4,41,6,2,,2,1,0.9122
8,2,1,4,42,6,2,,2,1,0.9131
8,2,1,4,43,6,6,,6,1,0.6417
8,2,1,4,44,6,1,,1,1,1.0692
8,2,1,4,45,6,2,,2,1,0.743
8,2,1,4,46,6,6,,3,0,0.9914
8,2,1,4,47,6,4,,6,0,0.8252
8,2,1,4,48,6,2,,6,0,1.2407
8,2,1,4,49,6,1,,1,1,0.9205
8,2,1,4,50,6,6,,6,1,0.7281
8,2,2,1,1,6,3,,3,1,4.6592
8,2,2,1,2,6,6,,2,0,1.2105
8,2,2,1,3,6,1,,1,1,0.9391
8,2,2,1,4,6,6,,6,1,0.8906
8,2,2,1,5,6,5,,1,0,1.3565
8,2,2,1,6,6,2,,2,1,2.2144
8,2,2,1,7,6,6,,2,0,0.9453
8,2,2,1,8,6,5,,5,1,0.605
8,2,2,1,9,6,3,,3,1,1.2102
8,2,2,1,10,6,4,,4,1,1.0709
8,2,2,1,11,6,2,,5,0,0.9373
8,2,2,1,12,6,2,,2,1,0.7403
8,2,2,1,13,6,2,,4,0,1.9972
8,2,2,1,14,6,5,,5,1,1.0196
8,2,2,1,15,6,5,,5,1,1.5439
8,2,2,1,16,6,5,,6,0,1.9202
8,2,2,1,17,6,6,,6,1,0.9779
8,2,2,1,18,6,6,,6,1,0.8964
8,2,2,1,19,6,2,,2,1,1.2021
8,2,2,1,20,6,3,,3,1,0.8236
8,2,2,1,21,6,1,,4,0,1.1959
8,2,2,1,22,6,3,,3,1,1.4209
8,2,2,1,23,6,5,,6,0,1.1769
8,2,2,1,24,6,1,,1,1,1.6102
8,2,2,1,25,6,1,,6,0,0.6067
8,2,2,1,26,6,3,,3,1,2.3602
8,2,2,1,27,6,5,,1,0,1.4047
8,2,2,1,28,6,4,,6,0,0.9809
8,2,2,1,29,6,6,,6,1,1.3425
8,2,2,1,30,6,2,,2,1,1.0534
8,2,2,1,31,6,5,,5,1,1.4486
8,2,2,1,32,6,4,,4,1,0.9802
8,2,2,1,33,6,6,,6,1,0.9609
8,2,2,1,34,6,4,,6,0,0.8794
8,2,2,1,35,6,2,,2,1,0.7977
8,2,2,1,36,6,3,,3,1,1.3939
8,2,2,1,37,6,4,,6,0,0.5851
8,2,2,1,38,6,6,,3,0,1.4818
8,2,2,1,39,6,1,,6,0,0.585
8,2,2,1,40,6,4,,5,0,2.2801
8,2,2,1,41,6,6,,6,1,0.6356
8,2,2,1,42,6,1,,1,1,1.0795
8,2,2,1,43,6,6,,6,1,0.8649
8,2,2,1,44,6,2,,2,1,1.0286
8,2,2,1,45,6,4,,3,0,1.5352
8,2,2,1,46,6,4,,5,0,1.1698
8,2,2,1,47,6,3,,4,0,1.4761
8,2,2,1,48,6,3,,3,1,0.986
8,2,2,1,49,6,1,,4,0,1.1585
8,2,2,1,50,6,1,,4,0,1.7379
8,2,2,2,1,2,4,2,4,1,3.4093
8,2,2,2,2,2,5,1,1,0,1.1954
8,2,2,2,3,2,3,4,4,0,1.4847
8,2,2,2,4,2,2,3,2,1,1.5844
8,2,2,2,5,2,4,5,5,0,0.7899
8,2,2,2,6,2,3,2,3,1,1.159
8,2,2,2,7,2,6,5,5,0,1.039
8,2,2,2,8,2,2,4,4,0,1.541
8,2,2,2,9,2,2,3,2,1,4.9208
8,2,2,2,10,2,4,6,4,1,1.7168
8,2,2,2,11,2,6,1,6,1,0.7237
8,2,2,2,12,2,1,6,6,0,0.9562
8,2,2,2,13,2,6,1,1,0,1.2239
8,2,2,2,14,2,3,4,3,1,2.7426
8,2,2,2,15,2,6,2,6,1,0.7494
8,2,2,2,16,2,1,6,6,0,3.9243
8,2,2,2,17,2,1,4,4,0,1.8131
8,2,2,2,18,2,2,6,6,0,1.0521
8,2,2,2,19,2,4,2,4,1,1.235
8,2,2,2,20,2,3,4,3,1,1.6219
8,2,2,2,21,2,4,5,4,1,1.354
8,2,2,2,22,2,3,5,3,1,2.5525
8,2,2,2,23,2,5,3,5,1,0.8374
8,2,2,2,24,2,6,5,6,1,1.0334
8,2,2,2,25,2,1,5,1,1,1.2537
8,2,2,2,26,2,6,2,2,0,1.6877
8,2,2,2,27,2,5,6,6,0,1.077
8,2,2,2,28,2,5,3,3,0,1.258
8,2,2,2,29,2,1,3,1,1,1.3204
8,2,2,2,30,2,5,3,3,0,1.3681
8,2,2,2,31,2,3,2,2,0,1.4256
8,2,2,2,32,2,3,1,3,1,1.544
8,2,2,2,33,2,2,6,2,1,1.1192
8,2,2,2,34,2,6,1,6,1,0.8069
8,2,2,2,35,2,1,5,1,1,0.7805
8,2,2,2,36,2,6,4,6,1,0.7703
8,2,2,2,37,2,4,5,4,1,1.4649
8,2,2,2,38,2,1,2,2,0,3.4594
8,2,2,2,39,2,5,2,2,0,1.3185
8,2,2,2,40,2,2,4,2,1,0.9784
8,2,2,2,41,2,2,1,1,0,1.4881
8,2,2,2,42,2,2,4,4,0,3.4446
8,2,2,2,43,2,5,3,5,1,1.3849
8,2,2,2,44,2,4,5,5,0,1.158
8,2,2,2,45,2,3,2,3,1,1.6887
8,2,2,2,46,2,6,4,4,0,1.5134
8,2,2,2,47,2,1,4,4,0,1.773
8,2,2,2,48,2,6,3,6,1,0.8543
8,2,2,2,49,2,5,2,5,1,0.8255
8,2,2,2,50,2,4,6,4,1,1.6293
8,2,2,3,1,6,3,,4,0,3.2795
8,2,2,3,2,6,5,,6,0,1.0816
8,2,2,3,3,6,6,,6,1,1.1024
8,2,2,3,4,6,3,,3,1,1.8951
8,2,2,3,5,6,1,,6,0,1.4881
8,2,2,3,6,6,2,,2,1,0.7086
8,2,2,3,7,6,3,,1,0,1.3415
8,2,2,3,8,6,4,,1,0,1.1291
8,2,2,3,9,6,6,,2,0,1.5008
8,2,2,3,10,6,1,,6,0,1.3435
8,2,2,3,11,6,1,,1,1,0.8094
8,2,2,3,12,6,2,,2,1,1.0067
8,2,2,3,13,6,1,,5,0,0.957
8,2,2,3,14,6,6,,6,1,0.7115
8,2,2,3,15,6,5,,5,1,0.9591
8,2,2,3,16,6,6,,6,1,0.7354
8,2,2,3,17,6,1,,6,0,1.0637
8,2,2,3,18,6,6,,5,0,0.8935
8,2,2,3,19,6,4,,2,0,1.1784
8,2,2,3,20,6,3,,4,0,1.6914
8,2,2,3,21,6,3,,4,0,1.3027
8,2,2,3,22,6,5,,4,0,1.1715
8,2,2,3,23,6,1,,6,0,0.9169
8,2,2,3,24,6,4,,2,0,1.8246
8,2,2,3,25,6,2,,2,1,1.0314
8,2,2,3,26,6,6,,5,0,0.819
8,2,2,3,27,6,6,,6,1,0.6764
8,2,2,3,28,6,6,,4,0,1.1982
8,2,2,3,29,6,5,,6,0,0.9915
8,2,2,3,30,6,5,,5,1,1.0152
8,2,2,3,31,6,3,,6,0,1.1715
8,2,2,3,32,6,6,,6,1,1.1415
8,2,2,3,33,6,5,,6,0,0.5852
8,2,2,3,34,6,1,,4,0,1.4143
8,2,2,3,35,6,5,,5,1,1.0377
8,2,2,3,36,6,2,,2,1,0.8271
8,2,2,3,37,6,2,,2,1,1.1661
8,2,2,3,38,6,4,,4,1,1.1086
8,2,2,3,39,6,1,,1,1,0.9418
8,2,2,3,40,6,2,,3,0,1.6759
8,2,2,3,41,6,2,,5,0,1.0328
8,2,2,3,42,6,4,,4,1,1.1356
8,2,2,3,43,6,2,,6,0,1.0164
8,2,2,3,44,6,6,,5,0,1.119
8,2,2,3,45,6,5,,5,1,0.8347
8,2,2,3,46,6,3,,4,0,3.3039
8,2,2,3,47,6,4,,3,0,8.4819
8,2,2,3,48,6,3,,3,1,1.1265
8,2,2,3,49,6,4,,4,1,0.8466
8,2,2,3,50,6,4,,6,0,0.9623
8,2,2,4,1,2,6,3,6,1,0.7622
8,2,2,4,2,2,6,1,6,1,10.2878
8,2,2,4,3,2,6,5,6,1,0.8636
8,2,2,4,4,2,2,4,2,1,1.7622
8,2,2,4,5,2,2,6,6,0,1.8558
8,2,2,4,6,2,6,2,2,0,9.5419
8,2,2,4,7,2,2,3,2,1,0.7512
8,2,2,4,8,2,3,2,3,1,29.6546
8,2,2,4,9,2,1,4,1,1,1.1954
8,2,2,4,10,2,3,2,3,1,1.6316
8,2,2,4,11,2,2,3,3,0,1.7315
8,2,2,4,12,2,1,4,1,1,1.6934
8,2,2,4,13,2,3,6,3,1,1.2472
8,2,2,4,14,2,2,3,2,1,0.7212
8,2,2,4,15,2,4,5,4,1,0.9865
8,2,2,4,16,2,4,6,4,1,1.1275
8,2,2,4,17,2,1,4,1,1,1.0716
8,2,2,4,18,2,5,3,5,1,1.0496
8,2,2,4,19,2,3,6,3,1,1.2367
8,2,2,4,20,2,6,3,3,0,1.2079
8,2,2,4,21,2,6,5,6,1,2.0715
8,2,2,4,22,2,1,4,4,0,8.5856
8,2,2,4,23,2,4,6,4,1,0.714
8,2,2,4,24,2,3,5,5,0,4.3713
8,2,2,4,25,2,4,1,4,1,1.4406
8,2,2,4,26,2,6,2,6,1,6.5243
8,2,2,4,27,2,5,2,2,0,1.4152
8,2,2,4,28,2,3,5,3,1,1.5821
8,2,2,4,29,2,5,3,5,1,1.4279
8,2,2,4,30,2,5,3,5,1,0.7828
8,2,2,4,31,2,6,5,6,1,1.6531
8,2,2,4,32,2,5,2,5,1,2.1344
8,2,2,4,33,2,6,2,6,1,1.0778
8,2,2,4,34,2,4,3,4,1,10.3988
8,2,2,4,35,2,1,5,1,1,1.2268
8,2,2,4,36,2,1,3,1,1,1.1345
8,2,2,4,37,2,5,3,3,0,25.2214
8,2,2,4,38,2,2,4,4,0,1.8512
8,2,2,4,39,2,3,5,5,0,1.1529
8,2,2,4,40,2,1,3,3,0,1.6039
8,2,2,4,41,2,4,3,4,1,1.1714
8,2,2,4,42,2,2,4,2,1,1.258
8,2,2,4,43,2,2,5,2,1,1.4851
8,2,2,4,44,2,3,6,3,1,1.11
8,2,2,4,45,2,5,6,6,0,1.5187
8,2,2,4,46,2,1,3,3,0,1.7779
8,2,2,4,47,2,4,1,4,1,1.3222
8,2,2,4,48,2,5,6,5,1,1.4022
8,2,2,4,49,2,4,3,4,1,1.0469
8,2,2,4,50,2,6,2,6,1,1.202
8,2,3,1,1,2,4,6,4,1,3.4849
8,2,3,1,2,2,4,5,4,1,3.6042
8,2,3,1,3,2,2,4,2,1,2.7256
8,2,3,1,4,2,6,5,5,0,2.8605
8,2,3,1,5,2,6,5,6,1,2.5531
8,2,3,1,6,2,1,2,2,0,3.2701
8,2,3,1,7,2,2,4,4,0,2.5299
8,2,3,1,8,2,5,1,5,1,3.0994
8,2,3,1,9,2,3,2,3,1,2.3693
8,2,3,1,10,2,3,6,3,1,1.8307
8,2,3,1,11,2,3,1,3,1,1.8738
8,2,3,1,12,2,3,4,3,1,2.059
8,2,3,1,13,2,5,3,3,0,1.7896
8,2,3,1,14,2,6,2,2,0,1.8938
8,2,3,1,15,2,5,6,6,0,2.1532
8,2,3,1,16,2,2,1,2,1,1.7313
8,2,3,1,17,2,5,2,2,0,2.3215
8,2,3,1,18,2,6,4,6,1,2.4047
8,2,3,1,19,2,6,3,6,1,1.6393
8,2,3,1,20,2,5,4,5,1,2.4273
8,2,3,1,21,2,6,1,6,1,1.7251
8,2,3,1,22,2,2,3,2,1,1.2445
8,2,3,1,23,2,2,3,2,1,1.312
8,2,3,1,24,2,6,1,6,1,1.1832
8,2,3,1,25,2,1,5,1,1,1.0929
8,2,3,1,26,2,6,4,4,0,1.7745
8,2,3,1,27,2,4,5,4,1,1.6385
8,2,3,1,28,2,4,5,4,1,1.3866
8,2,3,1,29,2,1,5,1,1,1.3356
8,2,3,1,30,2,5,6,5,1,1.0792
8,2,3,1,31,2,1,2,1,1,1.4724
8,2,3,1,32,2,3,6,6,0,1.7063
8,2,3,1,33,2,2,5,2,1,1.0299
8,2,3,1,34,2,1,6,1,1,1.3287
8,2,3,1,35,2,1,6,1,1,1.0255
8,2,3,1,36,2,3,4,4,0,1.549
8,2,3,1,37,2,6,5,6,1,1.5999
8,2,3,1,38,2,2,5,2,1,1.4436
8,2,3,1,39,2,1,3,1,1,0.9577
8,2,3,1,40,2,5,3,5,1,1.1488
8,2,3,1,41,2,4,3,4,1,1.2194
8,2,3,1,42,2,6,3,6,1,0.9196
8,2,3,1,43,2,4,3,4,1,0.9998
8,2,3,1,44,2,3,2,3,1,1.9412
8,2,3,1,45,2,5,2,5,1,1.1649
8,2,3,1,46,2,4,6,4,1,1.2659
8,2,3,1,47,2,3,1,3,1,1.0609
8,2,3,1,48,2,4,2,2,0,1.0557
8,2,3,1,49,2,2,5,2,1,1.2687
8,2,3,1,50,2,1,3,3,0,1.8145
8,2,3,2,1,6,6,,6,1,1.0044
8,2,3,2,2,6,6,,6,1,1.0497
8,2,3,2,3,6,5,,4,0,1.5249
8,2,3,2,4,6,6,,2,0,1.1904
8,2,3,2,5,6,4,,4,1,1.2555
8,2,3,2,6,6,2,,2,1,0.7144
8,2,3,2,7,6,4,,4,1,1.2659
8,2,3,2,8,6,2,,5,0,1.8444
8,2,3,2,9,6,2,,2,1,0.827
8,2,3,2,10,6,1,,5,0,1.1351
8,2,3,2,11,6,1,,4,0,1.1061
8,2,3,2,12,6,3,,3,1,1.365
8,2,3,2,13,6,5,,5,1,1.011
8,2,3,2,14,6,5,,5,1,0.6232
8,2,3,2,15,6,3,,3,1,1.0692
8,2,3,2,16,6,3,,3,1,1.4462
8,2,3,2,17,6,3,,3,1,1.0741
8,2,3,2,18,6,6,,6,1,0.6523
8,2,3,2,19,6,5,,5,1,0.6629
8,2,3,2,20,6,6,,6,1,0.8987
8,2,3,2,21,6,2,,3,0,1.3638
8,2,3,2,22,6,4,,3,0,2.1084
8,2,3,2,23,6,3,,3,1,1.0469
8,2,3,2,24,6,1,,6,0,1.3468
8,2,3,2,25,6,6,,3,0,1.1006
8,2,3,2,26,6,5,,4,0,1.1532
8,2,3,2,27,6,6,,6,1,0.7399
8,2,3,2,28,6,4,,6,0,1.0844
8,2,3,2,29,6,6,,6,1,0.801
8,2,3,2,30,6,3,,3,1,1.1255
8,2,3,2,31,6,1,,1,1,0.8142
8,2,3,2,32,6,3,,6,0,0.9307
8,2,3,2,33,6,1,,4,0,1.3416
8,2,3,2,34,6,4,,1,0,1.1287
8,2,3,2,35,6,5,,2,0,1.1004
8,2,3,2,36,6,1,,1,1,1.3594
8,2,3,2,37,6,6,,6,1,0.9909
8,2,3,2,38,6,2,,2,1,1.2444
8,2,3,2,39,6,4,,4,1,0.8797
8,2,3,2,40,6,5,,6,0,1.0733
8,2,3,2,41,6,5,,5,1,1.0152
8,2,3,2,42,6,3,,3,1,1.1546
8,2,3,2,43,6,1,,1,1,1.0011
8,2,3,2,44,6,6,,3,0,1.1277
8,2,3,2,45,6,4,,4,1,1.0819
8,2,3,2,46,6,1,,6,0,1.3478
8,2,3,2,47,6,4,,6,0,1.1178
8,2,3,2,48,6,2,,2,1,0.9941
8,2,3,2,49,6,2,,2,1,0.8468
8,2,3,2,50,6,2,,2,1,0.7539
8,2,3,3,1,2,4,5,4,1,4.2629
8,2,3,3,2,2,6,2,6,1,1.39
8,2,3,3,3,2,4,2,2,0,1.1153
8,2,3,3,4,2,4,5,4,1,1.2631
8,2,3,3,5,2,3,2,2,0,1.3766
8,2,3,3,6,2,3,1,3,1,1.194
8,2,3,3,7,2,4,1,4,1,1.47
8,2,3,3,8,2,5,4,4,0,1.2723
8,2,3,3,9,2,3,6,3,1,1.2061
8,2,3,3,10,2,4,6,4,1,1.1154
8,2,3,3,11,2,2,4,2,1,0.9468
8,2,3,3,12,2,6,5,6,1,1.2496
8,2,3,3,13,2,1,5,1,1,1.5255
8,2,3,3,14,2,6,5,5,0,1.4047
8,2,3,3,15,2,2,4,2,1,0.8204
8,2,3,3,16,2,1,3,1,1,1.13
8,2,3,3,17,2,1,4,1,1,1.2656
8,2,3,3,18,2,5,4,4,0,1.1713
8,2,3,3,19,2,3,5,3,1,1.6853
8,2,3,3,20,2,2,1,2,1,0.9187
8,2,3,3,21,2,2,6,2,1,1.1273
8,2,3,3,22,2,6,4,4,0,1.2141
8,2,3,3,23,2,4,5,4,1,1.0055
8,2,3,3,24,2,3,2,2,0,0.9705
8,2,3,3,25,2,1,4,1,1,0.9004
8,2,3,3,26,2,5,6,5,1,1.0942
8,2,3,3,27,2,2,6,2,1,0.8951
8,2,3,3,28,2,6,2,6,1,0.7359
8,2,3,3,29,2,1,5,1,1,0.7922
8,2,3,3,30,2,4,5,4,1,1.0048
8,2,3,3,31,2,5,6,5,1,1.0981
8,2,3,3,32,2,6,3,3,0,2.2437
8,2,3,3,33,2,3,6,3,1,1.0329
8,2,3,3,34,2,2,5,2,1,0.8529
8,2,3,3,35,2,5,1,5,1,1.9592
8,2,3,3,36,2,5,4,5,1,1.2934
8,2,3,3,37,2,5,4,5,1,1.1669
8,2,3,3,38,2,2,4,2,1,0.7407
8,2,3,3,39,2,6,1,6,1,0.9885
8,2,3,3,40,2,1,4,1,1,1.3866
8,2,3,3,41,2,6,5,5,0,0.9993
8,2,3,3,42,2,1,4,1,1,1.0407
8,2,3,3,43,2,6,3,3,0,1.8526
8,2,3,3,44,2,2,4,2,1,1.0416
8,2,3,3,45,2,3,1,3,1,1.1496
8,2,3,3,46,2,1,4,1,1,1.1082
8,2,3,3,47,2,4,1,4,1,1.5006
8,2,3,3,48,2,3,2,2,0,1.1258
8,2,3,3,49,2,5,2,2,0,1.3684
8,2,3,3,50,2,6,4,4,0,1.4258
8,2,3,4,1,6,4,,4,1,1.0949
8,2,3,4,2,6,5,,2,0,1.1361
8,2,3,4,3,6,4,,2,0,0.803
8,2,3,4,4,6,5,,5,1,0.7866
8,2,3,4,5,6,4,,4,1,0.8248
8,2,3,4,6,6,1,,3,0,2.0934
8,2,3,4,7,6,6,,2,0,1.001
8,2,3,4,8,6,2,,2,1,0.8176
8,2,3,4,9,6,5,,6,0,0.9347
8,2,3,4,10,6,2,,2,1,0.8342
8,2,3,4,11,6,6,,5,0,1.0622
8,2,3,4,12,6,3,,3,1,1.1638
8,2,3,4,13,6,3,,3,1,0.9301
8,2,3,4,14,6,1,,4,0,1.1384
8,2,3,4,15,6,6,,4,0,1.4918
8,2,3,4,16,6,2,,2,1,0.8886
8,2,3,4,17,6,3,,3,1,0.7462
8,2,3,4,18,6,6,,6,1,1.0101
8,2,3,4,19,6,2,,2,1,1.0548
8,2,3,4,20,6,5,,5,1,0.7933
8,2,3,4,21,6,5,,5,1,0.942
8,2,3,4,22,6,2,,2,1,0.7022
8,2,3,4,23,6,2,,2,1,0.7748
8,2,3,4,24,6,6,,6,1,0.7327
8,2,3,4,25,6,5,,5,1,1.3496
8,2,3,4,26,6,2,,2,1,0.9167
8,2,3,4,27,6,3,,3,1,0.8685
8,2,3,4,28,6,6,,3,0,0.9517
8,2,3,4,29,6,1,,3,0,1.1211
8,2,3,4,30,6,1,,4,0,0.9179
8,2,3,4,31,6,5,,4,0,1.297
8,2,3,4,32,6,4,,4,1,0.8944
8,2,3,4,33,6,6,,6,1,0.9265
8,2,3,4,34,6,1,,4,0,0.9757
8,2,3,4,35,6,3,,3,1,0.9048
8,2,3,4,36,6,1,,1,1,1.1606
8,2,3,4,37,6,4,,3,0,1.1991
8,2,3,4,38,6,6,,6,1,0.8156
8,2,3,4,39,6,4,,4,1,0.8685
8,2,3,4,40,6,1,,6,0,0.599
8,2,3,4,41,6,2,,2,1,0.7522
8,2,3,4,42,6,6,,6,1,0.8717
8,2,3,4,43,6,3,,4,0,1.4661
8,2,3,4,44,6,1,,6,0,1.2002
8,2,3,4,45,6,4,,4,1,1.1839
8,2,3,4,46,6,5,,6,0,1.4134
8,2,3,4,47,6,3,,4,0,1.133
8,2,3,4,48,6,6,,4,0,1.1681
8,2,3,4,49,6,4,,4,1,1.0262
8,2,3,4,50,6,3,,3,1,1.1824
8,2,4,1,1,6,3,,4,0,2.1576
8,2,4,1,2,6,3,,3,1,1.415
8,2,4,1,3,6,6,,6,1,1.1547
8,2,4,1,4,6,6,,2,0,0.9378
8,2,4,1,5,6,6,,4,0,0.8845
8,2,4,1,6,6,5,,6,0,1.0272
8,2,4,1,7,6,2,,2,1,1.0495
8,2,4,1,8,6,4,,6,0,1.2372
8,2,4,1,9,6,4,,4,1,1.6036
8,2,4,1,10,6,1,,1,1,1.4158
8,2,4,1,11,6,4,,4,1,1.2528
8,2,4,1,12,6,4,,4,1,0.7583
8,2,4,1,13,6,3,,3,1,0.8135
8,2,4,1,14,6,6,,6,1,1.1067
8,2,4,1,15,6,6,,3,0,1.1957
8,2,4,1,16,6,2,,2,1,0.9245
8,2,4,1,17,6,6,,5,0,0.7643
8,2,4,1,18,6,3,,3,1,1.0066
8,2,4,1,19,6,2,,2,1,0.7964
8,2,4,1,20,6,5,,4,0,1.3129
8,2,4,1,21,6,1,,1,1,0.8131
8,2,4,1,22,6,3,,3,1,0.8023
8,2,4,1,23,6,3,,3,1,1.431
8,2,4,1,24,6,5,,5,1,0.8813
8,2,4,1,25,6,5,,4,0,1.4276
8,2,4,1,26,6,6,,3,0,1.019
8,2,4,1,27,6,2,,2,1,0.9785
8,2,4,1,28,6,2,,3,0,1.2005
8,2,4,1,29,6,3,,1,0,0.7206
8,2,4,1,30,6,4,,4,1,0.8694
8,2,4,1,31,6,5,,5,1,1.1918
8,2,4,1,32,6,1,,5,0,1.0527
8,2,4,1,33,6,5,,2,0,0.9302
8,2,4,1,34,6,2,,2,1,1.1022
8,2,4,1,35,6,2,,3,0,1.2549
8,2,4,1,36,6,4,,3,0,1.077
8,2,4,1,37,6,2,,2,1,1.5135
8,2,4,1,38,6,1,,5,0,1.1372
8,2,4,1,39,6,5,,5,1,0.8527
8,2,4,1,40,6,5,,5,1,0.9208
8,2,4,1,41,6,6,,4,0,1.2081
8,2,4,1,42,6,1,,6,0,1.3528
8,2,4,1,43,6,3,,3,1,1.5538
8,2,4,1,44,6,1,,4,0,0.9693
8,2,4,1,45,6,1,,2,0,0.9635
8,2,4,1,46,6,4,,4,1,0.8936
8,2,4,1,47,6,6,,1,0,0.9098
8,2,4,1,48,6,6,,6,1,1.2747
8,2,4,1,49,6,1,,1,1,0.9723
8,2,4,1,50,6,4,,5,0,1.0834
8,2,4,2,1,2,5,4,5,1,1.1647
8,2,4,2,2,2,2,4,2,1,1.0432
8,2,4,2,3,2,6,4,6,1,0.9898
8,2,4,2,4,2,3,4,3,1,1.5638
8,2,4,2,5,2,3,6,3,1,1.1065
8,2,4,2,6,2,2,6,2,1,0.875
8,2,4,2,7,2,3,1,1,0,1.0842
8,2,4,2,8,2,4,1,4,1,1.1055
8,2,4,2,9,2,2,1,2,1,1.1631
8,2,4,2,10,2,6,2,2,0,1.5051
8,2,4,2,11,2,3,6,3,1,1.413
8,2,4,2,12,2,4,3,4,1,0.9455
8,2,4,2,13,2,1,4,4,0,1.3925
8,2,4,2,14,2,2,5,2,1,0.9849
8,2,4,2,15,2,4,5,4,1,1.2228
8,2,4,2,16,2,4,1,4,1,1.3044
8,2,4,2,17,2,5,4,4,0,1.0336
8,2,4,2,18,2,4,3,3,0,2.1763
8,2,4,2,19,2,2,4,2,1,1.0014
8,2,4,2,20,2,6,4,6,1,0.9342
8,2,4,2,21,2,3,5,3,1,1.0461
8,2,4,2,22,2,5,3,5,1,1.0574
8,2,4,2,23,2,6,3,6,1,1.2758
8,2,4,2,24,2,4,1,4,1,0.8927
8,2,4,2,25,2,6,4,6,1,0.9584
8,2,4,2,26,2,1,6,6,0,1.4373
8,2,4,2,27,2,1,5,1,1,1.8594
8,2,4,2,28,2,2,6,2,1,0.9902
8,2,4,2,29,2,1,2,2,0,1.5953
8,2,4,2,30,2,5,2,5,1,0.9231
8,2,4,2,31,2,6,2,6,1,0.9713
8,2,4,2,32,2,5,1,5,1,1.0178
8,2,4,2,33,2,6,2,6,1,1.5894
8,2,4,2,34,2,5,6,6,0,1.3393
8,2,4,2,35,2,5,1,5,1,1.3335
8,2,4,2,36,2,4,3,4,1,1.0283
8,2,4,2,37,2,2,1,2,1,1.0569
8,2,4,2,38,2,3,4,3,1,1.1304
8,2,4,2,39,2,1,6,6,0,1.5862
8,2,4,2,40,2,6,4,6,1,1.0909
8,2,4,2,41,2,4,6,4,1,1.4845
8,2,4,2,42,2,3,5,3,1,1.0447
8,2,4,2,43,2,1,2,2,0,1.52
8,2,4,2,44,2,2,4,2,1,1.0271
8,2,4,2,45,2,3,1,3,1,1.7109
8,2,4,2,46,2,6,4,6,1,1.1834
8,2,4,2,47,2,1,6,1,1,0.9971
8,2,4,2,48,2,6,3,6,1,1.5529
8,2,4,2,49,2,1,4,1,1,1.0806
8,2,4,2,50,2,5,4,5,1,1.4259
8,2,4,3,1,6,3,,3,1,2.8442
8,2,4,3,2,6,1,,4,0,2.5256
8,2,4,3,3,6,2,,3,0,3.8311
8,2,4,3,4,6,5,,6,0,3.5958
8,2,4,3,5,6,1,,5,0,0.9687
8,2,4,3,6,6,3,,3,1,1.0253
8,2,4,3,7,6,5,,5,1,0.8782
8,2,4,3,8,6,3,,1,0,0.7357
8,2,4,3,9,6,4,,3,0,2.0354
8,2,4,3,10,6,6,,3,0,0.9293
8,2,4,3,11,6,2,,3,0,1.2615
8,2,4,3,12,6,6,,4,0,1.5475
8,2,4,3,13,6,3,,3,1,1.1492
8,2,4,3,14,6,5,,5,1,0.7716
8,2,4,3,15,6,4,,4,1,0.9699
8,2,4,3,16,6,2,,2,1,0.7132
8,2,4,3,17,6,2,,3,0,1.09
8,2,4,3,18,6,1,,6,0,1.0152
8,2,4,3,19,6,4,,2,0,1.2467
8,2,4,3,20,6,6,,6,1,1.1006
8,2,4,3,21,6,1,,2,0,1.4933
8,2,4,3,22,6,2,,2,1,0.9224
8,2,4,3,23,6,3,,3,1,1.0181
8,2,4,3,24,6,4,,1,0,1.1429
8,2,4,3,25,6,2,,4,0,1.0318
8,2,4,3,26,6,6,,6,1,0.7675
8,2,4,3,27,6,1,,1,1,1.4139
8,2,4,3,28,6,6,,6,1,0.7543
8,2,4,3,29,6,6,,5,0,1.13
8,2,4,3,30,6,4,,1,0,1.0045
8,2,4,3,31,6,6,,6,1,0.8689
8,2,4,3,32,6,3,,3,1,2.6641
8,2,4,3,33,6,4,,4,1,1.088
8,2,4,3,34,6,1,,6,0,0.7946
8,2,4,3,35,6,3,,3,1,0.9719
8,2,4,3,36,6,6,,6,1,0.7299
8,2,4,3,37,6,2,,3,0,1.057
8,2,4,3,38,6,5,,5,1,0.9989
8,2,4,3,39,6,5,,5,1,0.8039
8,2,4,3,40,6,5,,1,0,1.5131
8,2,4,3,41,6,4,,4,1,1.5165
8,2,4,3,42,6,4,,3,0,1.1095
8,2,4,3,43,6,5,,5,1,0.8251
8,2,4,3,44,6,3,,6,0,1.0201
8,2,4,3,45,6,5,,5,1,0.7254
8,2,4,3,46,6,6,,6,1,0.7967
8,2,4,3,47,6,1,,1,1,1.0583
8,2,4,3,48,6,2,,4,0,1.2616
8,2,4,3,49,6,6,,5,0,0.7638
8,2,4,3,50,6,1,,4,0,1.4694
8,2,4,4,1,2,6,4,6,1,2.3822
8,2,4,4,2,2,1,6,1,1,1.9874
8,2,4,4,3,2,4,1,4,1,2.2471
8,2,4,4,4,2,5,1,1,0,2.465
8,2,4,4,5,2,1,6,1,1,1.9015
8,2,4,4,6,2,5,4,5,1,2.39
8,2,4,4,7,2,2,3,2,1,2.1861
8,2,4,4,8,2,6,3,6,1,1.911
8,2,4,4,9,2,5,2,5,1,1.9016
8,2,4,4,10,2,4,3,4,1,3.5256
8,2,4,4,11,2,6,5,6,1,1.8667
8,2,4,4,12,2,3,1,1,0,2.3563
8,2,4,4,13,2,6,3,6,1,2.5657
8,2,4,4,14,2,1,6,1,1,1.5382
8,2,4,4,15,2,2,4,2,1,1.658
8,2,4,4,16,2,6,3,3,0,2.7163
8,2,4,4,17,2,5,1,5,1,2.381
8,2,4,4,18,2,4,2,4,1,2.3697
8,2,4,4,19,2,6,2,6,1,1.5899
8,2,4,4,20,2,4,1,4,1,4.0112
8,2,4,4,21,2,3,4,3,1,2.3806
8,2,4,4,22,2,1,6,6,0,1.8888
8,2,4,4,23,2,3,6,6,0,2.1005
8,2,4,4,24,2,2,1,2,1,1.9835
8,2,4,4,25,2,5,6,5,1,1.6364
8,2,4,4,26,2,3,4,4,0,2.5346
8,2,4,4,27,2,3,6,6,0,1.76
8,2,4,4,28,2,2,1,2,1,2.2811
8,2,4,4,29,2,3,5,3,1,2.7061
8,2,4,4,30,2,2,4,2,1,1.7528
8,2,4,4,31,2,1,3,3,0,2.7907
8,2,4,4,32,2,4,3,3,0,5.1262
8,2,4,4,33,2,1,6,6,0,2.0368
8,2,4,4,34,2,5,3,5,1,2.4992
8,2,4,4,35,2,4,6,4,1,1.4096
8,2,4,4,36,2,6,4,6,1,0.9581
8,2,4,4,37,2,4,6,4,1,1.1489
8,2,4,4,38,2,6,2,6,1,0.9807
8,2,4,4,39,2,1,5,1,1,1.4578
8,2,4,4,40,2,6,5,6,1,1.0363
8,2,4,4,41,2,2,6,2,1,1.9761
8,2,4,4,42,2,3,2,2,0,1.4047
8,2,4,4,43,2,2,5,2,1,1.0455
8,2,4,4,44,2,1,6,1,1,1.5836
8,2,4,4,45,2,4,2,2,0,1.6696
8,2,4,4,46,2,5,2,5,1,1.074
8,2,4,4,47,2,3,4,3,1,1.9
8,2,4,4,48,2,2,3,2,1,1.3484
8,2,4,4,49,2,6,5,6,1,0.9952
8,2,4,4,50,2,5,4,5,1,1.1044
8,2,5,1,1,2,2,4,2,1,1.1206
8,2,5,1,2,2,3,4,4,0,1.209
8,2,5,1,3,2,2,3,2,1,1.1296
8,2,5,1,4,2,4,1,4,1,1.2177
8,2,5,1,5,2,6,2,2,0,1.7499
8,2,5,1,6,2,3,5,3,1,1.6147
8,2,5,1,7,2,6,5,5,0,1.1544
8,2,5,1,8,2,4,1,4,1,1.1416
8,2,5,1,9,2,4,3,4,1,1.1176
8,2,5,1,10,2,1,4,1,1,0.7254
8,2,5,1,11,2,1,3,1,1,1.325
8,2,5,1,12,2,2,4,2,1,0.9571
8,2,5,1,13,2,2,3,2,1,1.0203
8,2,5,1,14,2,6,2,2,0,1.401
8,2,5,1,15,2,3,1,3,1,1.1047
8,2,5,1,16,2,3,4,3,1,1.7056
8,2,5,1,17,2,6,2,2,0,1.2583
8,2,5,1,18,2,6,2,2,0,1.4953
8,2,5,1,19,2,5,4,5,1,1.8035
8,2,5,1,20,2,5,4,5,1,0.8888
8,2,5,1,21,2,5,1,5,1,1.7706
8,2,5,1,22,2,2,5,2,1,1.1596
8,2,5,1,23,2,5,1,1,0,1.3899
8,2,5,1,24,2,3,1,3,1,1.2872
8,2,5,1,25,2,4,5,4,1,1.3683
8,2,5,1,26,2,6,4,6,1,0.7424
8,2,5,1,27,2,4,3,4,1,1.2777
8,2,5,1,28,2,4,3,4,1,1.36
8,2,5,1,29,2,5,1,5,1,1.0061
8,2,5,1,30,2,2,1,2,1,0.8595
8,2,5,1,31,2,2,4,2,1,0.6544
8,2,5,1,32,2,1,2,2,0,0.9697
8,2,5,1,33,2,2,1,2,1,1.0912
8,2,5,1,34,2,5,6,5,1,2.4455
8,2,5,1,35,2,6,5,6,1,1.1836
8,2,5,1,36,2,3,5,3,1,1.4925
8,2,5,1,37,2,3,2,3,1,1.0054
8,2,5,1,38,2,1,2,2,0,1.4499
8,2,5,1,39,2,4,3,4,1,1.1041
8,2,5,1,40,2,5,1,1,0,1.8493
8,2,5,1,41,2,1,5,1,1,1.2308
8,2,5,1,42,2,1,5,1,1,1.4582
8,2,5,1,43,2,1,2,1,1,1.773
8,2,5,1,44,2,6,4,6,1,1.3699
8,2,5,1,45,2,3,2,3,1,1.0956
8,2,5,1,46,2,6,1,6,1,1.1207
8,2,5,1,47,2,4,1,4,1,1.3365
8,2,5,1,48,2,1,4,4,0,1.32
8,2,5,1,49,2,6,4,6,1,1.4909
8,2,5,1,50,2,5,6,5,1,1.2282
8,2,5,2,1,6,5,,6,0,1.9483
8,2,5,2,2,6,2,,2,1,1.0707
8,2,5,2,3,6,2,,2,1,0.952
8,2,5,2,4,6,1,,1,1,0.8555
8,2,5,2,5,6,3,,3,1,0.7944
8,2,5,2,6,6,1,,1,1,1.1672
8,2,5,2,7,6,2,,2,1,0.63
8,2,5,2,8,6,1,,4,0,1.5531
8,2,5,2,9,6,3,,2,0,0.8516
8,2,5,2,10,6,2,,2,1,0.7537
8,2,5,2,11,6,4,,3,0,1.4806
8,2,5,2,12,6,5,,3,0,1.198
8,2,5,2,13,6,3,,4,0,1.1818
8,2,5,2,14,6,6,,6,1,0.7662
8,2,5,2,15,6,5,,4,0,0.902
8,2,5,2,16,6,1,,1,1,0.7374
8,2,5,2,17,6,1,,1,1,0.7619
8,2,5,2,18,6,3,,3,1,1.4724
8,2,5,2,19,6,6,,4,0,0.7461
8,2,5,2,20,6,6,,6,1,0.6201
8,2,5,2,21,6,4,,6,0,1.9132
8,2,5,2,22,6,4,,4,1,1.2602
8,2,5,2,23,6,4,,4,1,0.8952
8,2,5,2,24,6,6,,6,1,0.9763
8,2,5,2,25,6,5,,6,0,1.3427
8,2,5,2,26,6,4,,4,1,1.2094
8,2,5,2,27,6,5,,6,0,1.3407
8,2,5,2,28,6,3,,6,0,1.2247
8,2,5,2,29,6,2,,2,1,1.1431
8,2,5,2,30,6,4,,4,1,0.9743
8,2,5,2,31,6,3,,3,1,1.1318
8,2,5,2,32,6,1,,1,1,0.7388
8,2,5,2,33,6,2,,2,1,0.8104
8,2,5,2,34,6,6,,6,1,0.5851
8,2,5,2,35,6,6,,4,0,1.1025
8,2,5,2,36,6,5,,5,1,0.77
8,2,5,2,37,6,6,,6,1,0.8569
8,2,5,2,38,6,1,,1,1,1.1636
8,2,5,2,39,6,4,,4,1,0.8027
8,2,5,2,40,6,1,,1,1,0.8239
8,2,5,2,41,6,6,,6,1,0.7314
8,2,5,2,42,6,2,,2,1,1.3156
8,2,5,2,43,6,5,,6,0,1.1402
8,2,5,2,44,6,5,,5,1,0.9658
8,2,5,2,45,6,2,,2,1,0.6598
8,2,5,2,46,6,3,,4,0,1.0866
8,2,5,2,47,6,6,,6,1,0.9631
8,2,5,2,48,6,3,,3,1,1.3468
8,2,5,2,49,6,4,,2,0,0.9606
8,2,5,2,50,6,6,,6,1,1.0351
8,2,5,3,1,2,1,2,1,1,1.2825
8,2,5,3,2,2,1,3,3,0,1.9563
8,2,5,3,3,2,4,3,4,1,1.1741
8,2,5,3,4,2,1,4,4,0,2.38
8,2,5,3,5,2,6,3,6,1,0.86
8,2,5,3,6,2,2,1,2,1,1.4384
8,2,5,3,7,2,6,2,6,1,0.89
8,2,5,3,8,2,1,5,1,1,1.1307
8,2,5,3,9,2,6,1,6,1,1.0113
8,2,5,3,10,2,1,2,2,0,2.0796
8,2,5,3,11,2,2,1,2,1,0.9553
8,2,5,3,12,2,1,2,1,1,0.6821
8,2,5,3,13,2,2,3,3,0,1.9566
8,2,5,3,14,2,2,3,2,1,0.6934
8,2,5,3,15,2,4,6,4,1,1.4065
8,2,5,3,16,2,5,3,5,1,0.891
8,2,5,3,17,2,2,6,2,1,0.7971
8,2,5,3,18,2,6,4,6,1,0.8503
8,2,5,3,19,2,5,3,5,1,1.1572
8,2,5,3,20,2,6,5,5,0,1.3718
8,2,5,3,21,2,3,5,5,0,1.6374
8,2,5,3,22,2,4,1,4,1,1.1714
8,2,5,3,23,2,2,5,2,1,1.2404
8,2,5,3,24,2,4,2,4,1,1.3729
8,2,5,3,25,2,1,6,1,1,1.6745
8,2,5,3,26,2,4,6,4,1,1.3561
8,2,5,3,27,2,6,1,1,0,1.2901
8,2,5,3,28,2,6,2,6,1,1.0147
8,2,5,3,29,2,5,2,2,0,1.5871
8,2,5,3,30,2,4,2,4,1,1.7953
8,2,5,3,31,2,6,3,6,1,0.8324
8,2,5,3,32,2,3,1,3,1,1.4431
8,2,5,3,33,2,4,6,4,1,1.1351
8,2,5,3,34,2,5,2,5,1,1.206
8,2,5,3,35,2,5,1,5,1,1.0673
8,2,5,3,36,2,1,3,3,0,1.2539
8,2,5,3,37,2,3,2,3,1,1.3142
8,2,5,3,38,2,3,6,3,1,1.3464
8,2,5,3,39,2,3,6,3,1,1.1691
8,2,5,3,40,2,2,3,2,1,0.9355
8,2,5,3,41,2,5,4,4,0,1.3521
8,2,5,3,42,2,4,2,4,1,1.1539
8,2,5,3,43,2,6,5,6,1,2.0563
8,2,5,3,44,2,5,6,5,1,1.0826
8,2,5,3,45,2,3,2,3,1,2.8353
8,2,5,3,46,2,6,2,2,0,1.3816
8,2,5,3,47,2,5,6,5,1,1.1661
8,2,5,3,48,2,2,5,2,1,0.9967
8,2,5,3,49,2,3,1,3,1,1.0575
8,2,5,3,50,2,3,4,4,0,1.2605
8,2,5,4,1,6,4,,4,1,1.4309
8,2,5,4,2,6,5,,4,0,1.2665
8,2,5,4,3,6,1,,1,1,0.977
8,2,5,4,4,6,3,,3,1,1.0545
8,2,5,4,5,6,6,,4,0,1.273
8,2,5,4,6,6,4,,4,1,1.0773
8,2,5,4,7,6,6,,4,0,1.0232
8,2,5,4,8,6,2,,2,1,1.0311
8,2,5,4,9,6,2,,2,1,0.8822
8,2,5,4,10,6,5,,1,0,1.6835
8,2,5,4,11,6,2,,2,1,0.8006
8,2,5,4,12,6,5,,4,0,2.0058
8,2,5,4,13,6,3,,4,0,0.9639
8,2,5,4,14,6,5,,5,1,0.7178
8,2,5,4,15,6,4,,2,0,1.0146
8,2,5,4,16,6,5,,5,1,1.3743
8,2,5,4,17,6,5,,2,0,0.7964
8,2,5,4,18,6,2,,2,1,0.7002
8,2,5,4,19,6,6,,4,0,1.3026
8,2,5,4,20,6,6,,6,1,0.8661
8,2,5,4,21,6,1,,6,0,0.8678
8,2,5,4,22,6,6,,6,1,0.6903
8,2,5,4,23,6,2,,2,1,0.6523
8,2,5,4,24,6,3,,1,0,1.4159
8,2,5,4,25,6,4,,4,1,1.1672
8,2,5,4,26,6,3,,3,1,1.0289
8,2,5,4,27,6,4,,2,0,1.3438
8,2,5,4,28,6,3,,3,1,0.8259
8,2,5,4,29,6,1,,5,0,0.9582
8,2,5,4,30,6,2,,2,1,1.1278
8,2,5,4,31,6,6,,6,1,0.7519
8,2,5,4,32,6,4,,4,1,0.887
8,2,5,4,33,6,6,,6,1,0.841
8,2,5,4,34,6,5,,4,0,1.244
8,2,5,4,35,6,3,,1,0,1.6909
8,2,5,4,36,6,4,,4,1,0.9981
8,2,5,4,37,6,5,,1,0,1.0444
8,2,5,4,38,6,1,,1,1,1.8027
8,2,5,4,39,6,1,,1,1,1.1099
8,2,5,4,40,6,6,,6,1,1.0231
8,2,5,4,41,6,2,,2,1,1.083
8,2,5,4,42,6,6,,6,1,0.7243
8,2,5,4,43,6,4,,4,1,1.2291
8,2,5,4,44,6,1,,2,0,1.0895
8,2,5,4,45,6,1,,1,1,0.9643
8,2,5,4,46,6,6,,5,0,1.1562
8,2,5,4,47,6,1,,1,1,0.6768
8,2,5,4,48,6,2,,2,1,1.0235
8,2,5,4,49,6,3,,1,0,1.0193
8,2,5,4,50,6,3,,3,1,1.0757
8,3,1,1,1,2,5,6,5,1,1.6488
8,3,1,1,2,2,5,3,5,1,1.0597
8,3,1,1,3,2,2,3,2,1,1.1499
8,3,1,1,4,2,3,1,3,1,1.2204
8,3,1,1,5,2,4,6,4,1,1.3056
8,3,1,1,6,2,5,3,3,0,2.2018
8,3,1,1,7,2,3,6,3,1,1.2816
8,3,1,1,8,2,6,5,6,1,1.0752
8,3,1,1,9,2,5,1,5,1,0.9413
8,3,1,1,10,2,4,2,2,0,1.4848
8,3,1,1,11,2,3,1,3,1,1.506
8,3,1,1,12,2,1,2,1,1,1.0181
8,3,1,1,13,2,1,4,4,0,1.1911
8,3,1,1,14,2,6,3,3,0,1.528
8,3,1,1,15,2,4,2,4,1,1.1313
8,3,1,1,16,2,4,6,4,1,1.3301
8,3,1,1,17,2,3,2,3,1,0.9624
8,3,1,1,18,2,4,2,4,1,1.1054
8,3,1,1,19,2,6,5,6,1,1.0196
8,3,1,1,20,2,2,4,2,1,2.8711
8,3,1,1,21,2,3,2,3,1,0.9682
8,3,1,1,22,2,3,2,3,1,1.0617
8,3,1,1,23,2,1,4,1,1,0.9928
8,3,1,1,24,2,3,4,3,1,1.9671
8,3,1,1,25,2,5,2,5,1,1.1723
8,3,1,1,26,2,6,5,5,0,1.4985
8,3,1,1,27,2,1,5,1,1,1.0545
8,3,1,1,28,2,5,1,1,0,1.5936
8,3,1,1,29,2,4,6,4,1,1.0979
8,3,1,1,30,2,1,2,1,1,1.2831
8,3,1,1,31,2,2,3,2,1,0.9804
8,3,1,1,32,2,2,4,4,0,1.5868
8,3,1,1,33,2,6,1,6,1,1.2834
8,3,1,1,34,2,1,3,1,1,0.8851
8,3,1,1,35,2,6,4,4,0,1.7347
8,3,1,1,36,2,2,6,2,1,0.8333
8,3,1,1,37,2,6,1,1,0,0.9813
8,3,1,1,38,2,5,1,5,1,1.1193
8,3,1,1,39,2,6,1,6,1,0.7436
8,3,1,1,40,2,6,2,6,1,1.1192
8,3,1,1,41,2,1,2,1,1,1.2072
8,3,1,1,42,2,2,6,2,1,1.5009
8,3,1,1,43,2,6,4,4,0,1.253
8,3,1,1,44,2,4,6,4,1,1.0908
8,3,1,1,45,2,2,5,2,1,0.9884
8,3,1,1,46,2,3,2,3,1,0.971
8,3,1,1,47,2,5,4,5,1,1.0327
8,3,1,1,48,2,4,1,4,1,1.2853
8,3,1,1,49,2,2,3,2,1,0.9184
8,3,1,1,50,2,1,3,1,1,0.8861
8,3,1,2,1,6,5,,5,1,0.9661
8,3,1,2,2,6,2,,2,1,0.9324
8,3,1,2,3,6,1,,1,1,1.1086
8,3,1,2,4,6,1,,1,1,1.1015
8,3,1,2,5,6,6,,4,0,1.7348
8,3,1,2,6,6,4,,4,1,1.586
8,3,1,2,7,6,1,,1,1,2.694
8,3,1,2,8,6,3,,3,1,1.1339
8,3,1,2,9,6,3,,3,1,0.9346
8,3,1,2,10,6,2,,3,0,1.0937
8,3,1,2,11,6,1,,1,1,0.8751
8,3,1,2,12,6,3,,1,0,1.0532
8,3,1,2,13,6,6,,1,0,1.1408
8,3,1,2,14,6,5,,5,1,1.0634
8,3,1,2,15,6,6,,6,1,0.7369
8,3,1,2,16,6,5,,5,1,0.7129
8,3,1,2,17,6,4,,5,0,1.1217
8,3,1,2,18,6,5,,5,1,0.7583
8,3,1,2,19,6,5,,5,1,0.7491
8,3,1,2,20,6,5,,6,0,1.2841
8,3,1,2,21,6,2,,5,0,1.0905
8,3,1,2,22,6,3,,6,0,1.9908
8,3,1,2,23,6,2,,2,1,1.5114
8,3,1,2,24,6,2,,2,1,0.8798
8,3,1,2,25,6,6,,6,1,0.7221
8,3,1,2,26,6,3,,6,0,1.8494
8,3,1,2,27,6,4,,4,1,0.9434
8,3,1,2,28,6,4,,4,1,0.608
8,3,1,2,29,6,2,,2,1,1.1817
8,3,1,2,30,6,6,,6,1,0.7553
8,3,1,2,31,6,3,,6,0,1.0335
8,3,1,2,32,6,2,,2,1,0.977
8,3,1,2,33,6,2,,2,1,0.9923
8,3,1,2,34,6,3,,4,0,1.07
8,3,1,2,35,6,1,,1,1,1.2678
8,3,1,2,36,6,1,,4,0,0.8543
8,3,1,2,37,6,6,,4,0,1.0275
8,3,1,2,38,6,4,,3,0,1.2601
8,3,1,2,39,6,1,,4,0,1.0664
8,3,1,2,40,6,3,,4,0,1.3277
8,3,1,2,41,6,4,,4,1,1.004
8,3,1,2,42,6,6,,6,1,0.9842
8,3,1,2,43,6,1,,1,1,0.9018
8,3,1,2,44,6,5,,5,1,0.7917
8,3,1,2,45,6,6,,6,1,0.9886
8,3,1,2,46,6,5,,5,1,0.7945
8,3,1,2,47,6,4,,3,0,1.0557
8,3,1,2,48,6,6,,5,0,0.7753
8,3,1,2,49,6,4,,4,1,0.8418
8,3,1,2,50,6,6,,1,0,0.8128
8,3,1,3,1,2,5,3,3,0,1.8341
8,3,1,3,2,2,4,3,4,1,1.6961
8,3,1,3,3,2,6,1,6,1,0.8974
8,3,1,3,4,2,5,2,5,1,1.6507
8,3,1,3,5,2,6,2,6,1,0.8695
8,3,1,3,6,2,1,2,1,1,0.8882
8,3,1,3,7,2,1,6,1,1,1.0653
8,3,1,3,8,2,2,6,2,1,1.5235
8,3,1,3,9,2,6,1,6,1,1.9961
8,3,1,3,10,2,1,3,1,1,0.896
8,3,1,3,11,2,2,4,2,1,1.0094
8,3,1,3,12,2,2,6,6,0,1.1824
8,3,1,3,13,2,4,5,4,1,1.3588
8,3,1,3,14,2,3,4,3,1,1.3904
8,3,1,3,15,2,2,3,3,0,1.5471
8,3,1,3,16,2,3,5,3,1,0.9895
8,3,1,3,17,2,5,1,5,1,1.0668
8,3,1,3,18,2,4,1,4,1,1.5901
8,3,1,3,19,2,4,1,4,1,1.1941
8,3,1,3,20,2,5,2,5,1,1.2962
8,3,1,3,21,2,2,6,6,0,1.041
8,3,1,3,22,2,1,2,1,1,1.0797
8,3,1,3,23,2,2,6,6,0,1.3301
8,3,1,3,24,2,6,5,6,1,1.1004
8,3,1,3,25,2,6,5,6,1,0.9824
8,3,1,3,26,2,4,3,4,1,1.0269
8,3,1,3,27,2,2,5,2,1,1.4715
8,3,1,3,28,2,6,3,3,0,1.2739
8,3,1,3,29,2,1,3,1,1,1.2395
8,3,1,3,30,2,6,3,6,1,1.035
8,3,1,3,31,2,1,3,1,1,0.999
8,3,1,3,32,2,5,6,5,1,1.2198
8,3,1,3,33,2,3,4,4,0,1.2567
8,3,1,3,34,2,3,6,3,1,1.2064
8,3,1,3,35,2,6,4,6,1,0.9549
8,3,1,3,36,2,1,4,4,0,1.2904
8,3,1,3,37,2,5,4,5,1,0.8396
8,3,1,3,38,2,4,1,4,1,0.8909
8,3,1,3,39,2,3,5,3,1,1.5335
8,3,1,3,40,2,3,1,3,1,1.0129
8,3,1,3,41,2,5,1,5,1,1.3452
8,3,1,3,42,2,6,3,3,0,1.1998
8,3,1,3,43,2,4,3,4,1,1.2634
8,3,1,3,44,2,3,2,2,0,1.3294
8,3,1,3,45,2,4,2,4,1,1.1325
8,3,1,3,46,2,3,1,3,1,1.2364
8,3,1,3,47,2,5,3,5,1,1.2561
8,3,1,3,48,2,6,3,6,1,1.1626
8,3,1,3,49,2,2,4,2,1,0.9769
8,3,1,3,50,2,1,5,5,0,1.712
8,3,1,4,1,6,2,,2,1,1.1118
8,3,1,4,2,6,2,,2,1,0.7536
8,3,1,4,3,6,2,,2,1,0.7281
8,3,1,4,4,6,4,,4,1,1.0882
8,3,1,4,5,6,1,,5,0,0.81
8,3,1,4,6,6,5,,5,1,1.179
8,3,1,4,7,6,5,,5,1,0.8006
8,3,1,4,8,6,6,,6,1,0.7581
8,3,1,4,9,6,4,,2,0,0.7172
8,3,1,4,10,6,4,,4,1,1.089
8,3,1,4,11,6,2,,2,1,1.0194
8,3,1,4,12,6,3,,2,0,1.7041
8,3,1,4,13,6,6,,3,0,1.1706
8,3,1,4,14,6,3,,3,1,1.3003
8,3,1,4,15,6,5,,5,1,0.7739
8,3,1,4,16,6,6,,6,1,0.7479
8,3,1,4,17,6,5,,3,0,1.124
8,3,1,4,18,6,3,,2,0,0.8399
8,3,1,4,19,6,5,,4,0,1.5588
8,3,1,4,20,6,3,,3,1,0.9046
8,3,1,4,21,6,2,,2,1,0.714
8,3,1,4,22,6,1,,3,0,1.3632
8,3,1,4,23,6,4,,4,1,0.908
8,3,1,4,24,6,1,,2,0,1.261
8,3,1,4,25,6,2,,2,1,1.0198
8,3,1,4,26,6,6,,2,0,1.0157
8,3,1,4,27,6,6,,5,0,0.863
8,3,1,4,28,6,1,,4,0,0.9253
8,3,1,4,29,6,3,,2,0,0.7941
8,3,1,4,30,6,4,,4,1,1.3375
8,3,1,4,31,6,3,,3,1,1.1458
8,3,1,4,32,6,6,,3,0,0.8159
8,3,1,4,33,6,6,,6,1,1.1519
8,3,1,4,34,6,3,,3,1,1.0308
8,3,1,4,35,6,1,,1,1,0.9793
8,3,1,4,36,6,1,,1,1,0.6731
8,3,1,4,37,6,4,,6,0,1.004
8,3,1,4,38,6,5,,3,0,1.2041
8,3,1,4,39,6,6,,1,0,1.0133
8,3,1,4,40,6,2,,4,0,1.0202
8,3,1,4,41,6,6,,2,0,0.836
8,3,1,4,42,6,1,,1,1,1.1396
8,3,1,4,43,6,3,,5,0,0.8116
8,3,1,4,44,6,1,,3,0,0.9877
8,3,1,4,45,6,6,,6,1,0.8205
8,3,1,4,46,6,5,,5,1,1.2091
8,3,1,4,47,6,4,,4,1,0.9735
8,3,1,4,48,6,2,,2,1,0.8601
8,3,1,4,49,6,5,,1,0,0.687
8,3,1,4,50,6,4,,5,0,1.6516
8,3,2,1,1,6,2,,6,0,1.2192
8,3,2,1,2,6,4,,4,1,0.8522
8,3,2,1,3,6,1,,6,0,0.9824
8,3,2,1,4,6,4,,3,0,3.0555
8,3,2,1,5,6,6,,6,1,0.8837
8,3,2,1,6,6,5,,1,0,0.9031
8,3,2,1,7,6,6,,6,1,1.0594
8,3,2,1,8,6,6,,6,1,1.1018
8,3,2,1,9,6,4,,4,1,1.4946
8,3,2,1,10,6,4,,4,1,0.8809
8,3,2,1,11,6,5,,5,1,1.7463
8,3,2,1,12,6,2,,2,1,0.9288
8,3,2,1,13,6,6,,6,1,0.9119
8,3,2,1,14,6,4,,4,1,0.896
8,3,2,1,15,6,5,,5,1,0.8184
8,3,2,1,16,6,1,,3,0,2.0227
8,3,2,1,17,6,2,,2,1,1.061
8,3,2,1,18,6,1,,1,1,1.4398
8,3,2,1,19,6,6,,5,0,1.196
8,3,2,1,20,6,2,,4,0,1.0517
8,3,2,1,21,6,6,,6,1,0.9619
8,3,2,1,22,6,3,,3,1,1.1686
8,3,2,1,23,6,3,,3,1,1.511
8,3,2,1,24,6,3,,2,0,1.1683
8,3,2,1,25,6,3,,4,0,1.4093
8,3,2,1,26,6,5,,3,0,1.0971
8,3,2,1,27,6,1,,1,1,0.7817
8,3,2,1,28,6,4,,5,0,1.14
8,3,2,1,29,6,3,,3,1,1.112
8,3,2,1,30,6,3,,3,1,0.9123
8,3,2,1,31,6,4,,4,1,1.2325
8,3,2,1,32,6,5,,5,1,1.0599
8,3,2,1,33,6,2,,2,1,1.0557
8,3,2,1,34,6,5,,5,1,0.747
8,3,2,1,35,6,1,,5,0,1.0415
8,3,2,1,36,6,5,,5,1,0.9208
8,3,2,1,37,6,2,,3,0,1.4494
8,3,2,1,38,6,3,,5,0,0.8628
8,3,2,1,39,6,6,,1,0,1.3572
8,3,2,1,40,6,5,,5,1,0.7281
8,3,2,1,41,6,2,,2,1,0.7204
8,3,2,1,42,6,1,,5,0,0.8575
8,3,2,1,43,6,1,,5,0,0.8725
8,3,2,1,44,6,1,,1,1,1.1743
8,3,2,1,45,6,4,,5,0,1.164
8,3,2,1,46,6,6,,6,1,0.7665
8,3,2,1,47,6,6,,6,1,0.6933
8,3,2,1,48,6,3,,6,0,1.1182
8,3,2,1,49,6,6,,6,1,0.947
8,3,2,1,50,6,2,,6,0,1.0091
8,3,2,2,1,2,2,4,4,0,1.5906
8,3,2,2,2,2,2,5,2,1,1.0951
8,3,2,2,3,2,5,4,5,1,0.9927
8,3,2,2,4,2,4,1,4,1,0.8617
8,3,2,2,5,2,2,6,2,1,0.8161
8,3,2,2,6,2,3,4,3,1,1.1094
8,3,2,2,7,2,2,1,2,1,1.3905
8,3,2,2,8,2,4,6,4,1,1.2751
8,3,2,2,9,2,3,6,3,1,1.3424
8,3,2,2,10,2,2,4,2,1,0.9577
8,3,2,2,11,2,6,4,6,1,1.5011
8,3,2,2,12,2,6,3,6,1,1.1736
8,3,2,2,13,2,2,6,2,1,1.2113
8,3,2,2,14,2,6,2,6,1,0.6552
8,3,2,2,15,2,1,4,1,1,0.8758
8,3,2,2,16,2,6,2,2,0,1.6776
8,3,2,2,17,2,2,1,2,1,0.7301
8,3,2,2,18,2,2,1,2,1,0.6097
8,3,2,2,19,2,4,6,4,1,1.0073
8,3,2,2,20,2,4,3,4,1,0.9561
8,3,2,2,21,2,3,1,3,1,1.5479
8,3,2,2,22,2,3,6,3,1,1.2984
8,3,2,2,23,2,5,3,3,0,1.3306
8,3,2,2,24,2,1,3,1,1,1.7097
8,3,2,2,25,2,1,6,1,1,1.022
8,3,2,2,26,2,5,6,5,1,1.6906
8,3,2,2,27,2,1,3,1,1,1.052
8,3,2,2,28,2,5,4,5,1,0.7426
8,3,2,2,29,2,5,3,3,0,1.3904
8,3,2,2,30,2,5,1,5,1,0.9841
8,3,2,2,31,2,4,5,4,1,1.8456
8,3,2,2,32,2,3,4,4,0,1.3592
8,3,2,2,33,2,5,2,5,1,1.2088
8,3,2,2,34,2,3,2,3,1,1.1181
8,3,2,2,35,2,6,4,6,1,0.9821
8,3,2,2,36,2,6,4,6,1,0.7402
8,3,2,2,37,2,1,6,1,1,0.9237
8,3,2,2,38,2,1,2,1,1,1.7081
8,3,2,2,39,2,1,4,1,1,1.0056
8,3,2,2,40,2,4,2,4,1,1.0182
8,3,2,2,41,2,6,5,5,0,1.4783
8,3,2,2,42,2,5,2,5,1,1.0358
8,3,2,2,43,2,4,3,4,1,1.4146
8,3,2,2,44,2,6,5,5,0,1.3156
8,3,2,2,45,2,3,5,3,1,1.0543
8,3,2,2,46,2,6,4,6,1,1.193
8,3,2,2,47,2,1,6,1,1,1.3106
8,3,2,2,48,2,3,2,3,1,1.1984
8,3,2,2,49,2,6,3,3,0,1.3638
8,3,2,2,50,2,4,1,4,1,1.1165
8,3,2,3,1,6,5,,5,1,3.0104
8,3,2,3,2,6,1,,1,1,1.1177
8,3,2,3,3,6,1,,1,1,0.9191
8,3,2,3,4,6,5,,6,0,0.9023
8,3,2,3,5,6,6,,6,1,0.9796
8,3,2,3,6,6,3,,3,1,1.0581
8,3,2,3,7,6,1,,4,0,1.0841
8,3,2,3,8,6,6,,1,0,1.313
8,3,2,3,9,6,1,,1,1,1.0204
8,3,2,3,10,6,3,,3,1,1.0808
8,3,2,3,11,6,2,,2,1,1.1545
8,3,2,3,12,6,5,,5,1,0.9388
8,3,2,3,13,6,5,,1,0,1.194
8,3,2,3,14,6,3,,3,1,1.1297
8,3,2,3,15,6,6,,6,1,0.8174
8,3,2,3,16,6,4,,4,1,1.0467
8,3,2,3,17,6,6,,5,0,0.977
8,3,2,3,18,6,6,,6,1,0.9392
8,3,2,3,19,6,6,,5,0,0.7311
8,3,2,3,20,6,2,,2,1,1.006
8,3,2,3,21,6,3,,3,1,1.6274
8,3,2,3,22,6,3,,3,1,1.0071
8,3,2,3,23,6,4,,4,1,0.8751
8,3,2,3,24,6,6,,1,0,1.1502
8,3,2,3,25,6,4,,4,1,1.1211
8,3,2,3,26,6,4,,4,1,1.0173
8,3,2,3,27,6,5,,4,0,1.0134
8,3,2,3,28,6,6,,6,1,0.9571
8,3,2,3,29,6,1,,1,1,1.132
8,3,2,3,30,6,3,,3,1,1.1561
8,3,2,3,31,6,2,,3,0,1.1472
8,3,2,3,32,6,2,,2,1,0.846
8,3,2,3,33,6,3,,4,0,1.0892
8,3,2,3,34,6,2,,2,1,1.0137
8,3,2,3,35,6,5,,5,1,0.6733
8,3,2,3,36,6,6,,5,0,1.0051
8,3,2,3,37,6,4,,4,1,1.5099
8,3,2,3,38,6,5,,3,0,1.2619
8,3,2,3,39,6,4,,4,1,0.9381
8,3,2,3,40,6,2,,2,1,0.8582
8,3,2,3,41,6,2,,6,0,1.1172
8,3,2,3,42,6,1,,5,0,0.7371
8,3,2,3,43,6,4,,4,1,0.8529
8,3,2,3,44,6,6,,6,1,0.9357
8,3,2,3,45,6,1,,1,1,0.7752
8,3,2,3,46,6,3,,4,0,0.9738
8,3,2,3,47,6,2,,3,0,1.2406
8,3,2,3,48,6,5,,3,0,1.687
8,3,2,3,49,6,4,,4,1,0.8511
8,3,2,3,50,6,1,,1,1,0.8869
8,3,2,4,1,2,2,4,4,0,0.9985
8,3,2,4,2,2,6,3,6,1,1.3103
8,3,2,4,3,2,5,2,5,1,0.975
8,3,2,4,4,2,2,3,2,1,0.7969
8,3,2,4,5,2,5,2,2,0,1.0094
8,3,2,4,6,2,5,2,5,1,0.6185
8,3,2,4,7,2,2,1,2,1,0.9033
8,3,2,4,8,2,1,4,4,0,0.9354
8,3,2,4,9,2,3,4,3,1,1.0909
8,3,2,4,10,2,1,3,1,1,1.3249
8,3,2,4,11,2,5,1,5,1,0.9407
8,3,2,4,12,2,3,1,3,1,1.1329
8,3,2,4,13,2,1,2,1,1,0.837
8,3,2,4,14,2,4,2,4,1,1.8962
8,3,2,4,15,2,1,2,1,1,0.9772
8,3,2,4,16,2,4,6,4,1,1.054
8,3,2,4,17,2,6,1,6,1,0.9537
8,3,2,4,18,2,5,2,5,1,1.3212
8,3,2,4,19,2,6,1,6,1,1.0003
8,3,2,4,20,2,4,6,4,1,1.0463
8,3,2,4,21,2,3,6,3,1,1.0409
8,3,2,4,22,2,3,2,3,1,1.1802
8,3,2,4,23,2,2,6,2,1,0.8826
8,3,2,4,24,2,1,4,1,1,1.1557
8,3,2,4,25,2,4,6,4,1,1.0033
8,3,2,4,26,2,5,1,1,0,1.0797
8,3,2,4,27,2,3,4,4,0,1.277
8,3,2,4,28,2,4,5,4,1,1.1142
8,3,2,4,29,2,2,4,2,1,1.2343
8,3,2,4,30,2,6,5,6,1,0.9501
8,3,2,4,31,2,5,4,5,1,0.9491
8,3,2,4,32,2,6,5,5,0,1.3318
8,3,2,4,33,2,3,1,3,1,1.6467
8,3,2,4,34,2,4,2,4,1,0.9782
8,3,2,4,35,2,6,2,6,1,0.944
8,3,2,4,36,2,2,1,2,1,1.0384
8,3,2,4,37,2,1,3,3,0,1.2418
8,3,2,4,38,2,3,1,1,0,1.3843
8,3,2,4,39,2,6,5,5,0,1.3134
8,3,2,4,40,2,4,1,4,1,1.1808
8,3,2,4,41,2,5,2,2,0,1.4258
8,3,2,4,42,2,2,1,1,0,1.0651
8,3,2,4,43,2,1,5,5,0,1.1674
8,3,2,4,44,2,3,1,3,1,1.1044
8,3,2,4,45,2,2,4,2,1,1.1777
8,3,2,4,46,2,6,5,6,1,0.9281
8,3,2,4,47,2,1,3,1,1,0.9602
8,3,2,4,48,2,4,3,4,1,1.0549
8,3,2,4,49,2,6,5,6,1,0.9692
8,3,2,4,50,2,6,4,6,1,1.4316
8,3,3,1,1,2,3,4,3,1,1.3344
8,3,3,1,2,2,1,6,6,0,1.3493
8,3,3,1,3,2,4,2,4,1,0.9282
8,3,3,1,4,2,2,5,2,1,1.0571
8,3,3,1,5,2,1,3,1,1,1.1318
8,3,3,1,6,2,6,5,6,1,0.8512
8,3,3,1,7,2,1,5,1,1,1.6062
8,3,3,1,8,2,5,1,5,1,0.7465
8,3,3,1,9,2,5,1,5,1,0.8027
8,3,3,1,10,2,3,2,3,1,1.7032
8,3,3,1,11,2,6,3,6,1,0.8076
8,3,3,1,12,2,5,3,5,1,0.5849
8,3,3,1,13,2,5,3,5,1,1.0512
8,3,3,1,14,2,1,4,1,1,0.8389
8,3,3,1,15,2,2,3,3,0,1.0831
8,3,3,1,16,2,3,1,3,1,1.0395
8,3,3,1,17,2,1,2,1,1,0.8591
8,3,3,1,18,2,2,3,2,1,1.0229
8,3,3,1,19,2,6,4,6,1,0.9876
8,3,3,1,20,2,1,2,1,1,1.1133
8,3,3,1,21,2,6,1,6,1,1.4895
8,3,3,1,22,2,4,3,3,0,1.5152
8,3,3,1,23,2,1,5,5,0,1.1016
8,3,3,1,24,2,4,5,4,1,1.01
8,3,3,1,25,2,3,5,5,0,1.0081
8,3,3,1,26,2,3,1,3,1,1.0797
8,3,3,1,27,2,5,3,5,1,0.7694
8,3,3,1,28,2,5,2,5,1,1.0317
8,3,3,1,29,2,1,3,1,1,0.9789
8,3,3,1,30,2,5,4,5,1,1.0734
8,3,3,1,31,2,5,6,5,1,0.972
8,3,3,1,32,2,2,5,5,0,1.0177
8,3,3,1,33,2,6,3,6,1,0.9458
8,3,3,1,34,2,3,1,3,1,1.824
8,3,3,1,35,2,4,6,4,1,0.8914
8,3,3,1,36,2,2,4,2,1,1.1497
8,3,3,1,37,2,4,1,4,1,1.2529
8,3,3,1,38,2,2,1,2,1,1.2082
8,3,3,1,39,2,6,1,1,0,1.5005
8,3,3,1,40,2,2,6,2,1,1.0401
8,3,3,1,41,2,6,1,6,1,1.2272
8,3,3,1,42,2,3,4,4,0,1.2631
8,3,3,1,43,2,4,1,4,1,0.9086
8,3,3,1,44,2,6,2,6,1,1.5982
8,3,3,1,45,2,6,1,6,1,0.9949
8,3,3,1,46,2,4,6,4,1,0.9754
8,3,3,1,47,2,3,4,3,1,1.2776
8,3,3,1,48,2,2,1,2,1,0.8147
8,3,3,1,49,2,4,5,4,1,1.0763
8,3,3,1,50,2,6,2,2,0,1.2298
8,3,3,2,1,6,1,,4,0,1.227
8,3,3,2,2,6,1,,1,1,1.1144
8,3,3,2,3,6,3,,3,1,1.3791
8,3,3,2,4,6,6,,4,0,1.1366
8,3,3,2,5,6,5,,5,1,0.9463
8,3,3,2,6,6,4,,4,1,1.1709
8,3,3,2,7,6,3,,3,1,1.1602
8,3,3,2,8,6,1,,3,0,1.1348
8,3,3,2,9,6,2,,2,1,0.6903
8,3,3,2,10,6,5,,6,0,1.0512
8,3,3,2,11,6,4,,4,1,0.7067
8,3,3,2,12,6,2,,4,0,1.2432
8,3,3,2,13,6,4,,4,1,0.8902
8,3,3,2,14,6,5,,5,1,1.2268
8,3,3,2,15,6,5,,3,0,1.3426
8,3,3,2,16,6,5,,5,1,0.7444
8,3,3,2,17,6,6,,5,0,0.9132
8,3,3,2,18,6,1,,1,1,0.7644
8,3,3,2,19,6,3,,3,1,0.9633
8,3,3,2,20,6,3,,4,0,1.0736
8,3,3,2,21,6,3,,4,0,0.8717
8,3,3,2,22,6,6,,6,1,1.8446
8,3,3,2,23,6,4,,4,1,0.8959
8,3,3,2,24,6,3,,2,0,0.9603
8,3,3,2,25,6,4,,4,1,0.8267
8,3,3,2,26,6,4,,3,0,0.83
8,3,3,2,27,6,2,,2,1,0.7981
8,3,3,2,28,6,6,,6,1,1.0906
8,3,3,2,29,6,6,,6,1,1.0848
8,3,3,2,30,6,6,,6,1,0.9811
8,3,3,2,31,6,6,,6,1,1.1072
8,3,3,2,32,6,2,,2,1,0.7477
8,3,3,2,33,6,3,,3,1,1.0113
8,3,3,2,34,6,2,,2,1,0.7203
8,3,3,2,35,6,6,,6,1,0.7761
8,3,3,2,36,6,1,,5,0,0.863
8,3,3,2,37,6,4,,4,1,1.1002
8,3,3,2,38,6,3,,3,1,0.7902
8,3,3,2,39,6,6,,5,0,0.8598
8,3,3,2,40,6,6,,6,1,0.9703
8,3,3,2,41,6,1,,1,1,1.1123
8,3,3,2,42,6,1,,5,0,1.0082
8,3,3,2,43,6,1,,1,1,0.9037
8,3,3,2,44,6,4,,1,0,0.874
8,3,3,2,45,6,2,,1,0,1.0794
8,3,3,2,46,6,2,,2,1,0.9239
8,3,3,2,47,6,2,,2,1,0.7795
8,3,3,2,48,6,5,,4,0,1.1693
8,3,3,2,49,6,5,,5,1,0.9316
8,3,3,2,50,6,5,,5,1,0.8189
8,3,3,3,1,2,6,2,6,1,0.8366
8,3,3,3,2,2,1,2,2,0,1.5124
8,3,3,3,3,2,6,4,6,1,1.0036
8,3,3,3,4,2,4,3,4,1,1.0498
8,3,3,3,5,2,3,6,3,1,1.0282
8,3,3,3,6,2,6,3,6,1,1.1685
8,3,3,3,7,2,1,6,1,1,0.9015
8,3,3,3,8,2,5,1,1,0,1.3827
8,3,3,3,9,2,6,1,1,0,1.0237
8,3,3,3,10,2,6,2,2,0,1.3199
8,3,3,3,11,2,2,1,2,1,0.9469
8,3,3,3,12,2,3,5,3,1,1.0107
8,3,3,3,13,2,3,1,3,1,1.1672
8,3,3,3,14,2,5,3,3,0,1.99
8,3,3,3,15,2,3,6,3,1,1.0932
8,3,3,3,16,2,3,1,3,1,1.039
8,3,3,3,17,2,4,2,4,1,0.97
8,3,3,3,18,2,4,3,4,1,0.9846
8,3,3,3,19,2,6,1,6,1,1.5592
8,3,3,3,20,2,1,6,1,1,1.244
8,3,3,3,21,2,5,1,5,1,1.1031
8,3,3,3,22,2,1,6,1,1,1.0488
8,3,3,3,23,2,1,4,1,1,1.1868
8,3,3,3,24,2,1,2,2,0,1.449
8,3,3,3,25,2,1,6,6,0,1.4864
8,3,3,3,26,2,3,5,3,1,1.475
8,3,3,3,27,2,2,4,4,0,1.1965
8,3,3,3,28,2,3,4,3,1,1.3726
8,3,3,3,29,2,2,4,2,1,1.0352
8,3,3,3,30,2,6,2,6,1,0.9342
8,3,3,3,31,2,4,2,2,0,1.4945
8,3,3,3,32,2,2,6,6,0,1.1952
8,3,3,3,33,2,5,2,5,1,1.1628
8,3,3,3,34,2,3,2,3,1,1.1219
8,3,3,3,35,2,5,6,5,1,0.9539
8,3,3,3,36,2,4,1,4,1,1.0163
8,3,3,3,37,2,4,3,4,1,0.9815
8,3,3,3,38,2,6,2,6,1,0.9623
8,3,3,3,39,2,4,6,4,1,0.9932
8,3,3,3,40,2,4,6,4,1,1.0877
8,3,3,3,41,2,6,2,6,1,0.9361
8,3,3,3,42,2,5,1,5,1,1.3525
8,3,3,3,43,2,6,1,6,1,0.8868
8,3,3,3,44,2,2,5,2,1,0.9522
8,3,3,3,45,2,2,3,3,0,1.4633
8,3,3,3,46,2,5,3,5,1,1.0048
8,3,3,3,47,2,1,5,1,1,1.0829
8,3,3,3,48,2,2,5,2,1,1.0115
8,3,3,3,49,2,5,2,5,1,0.9449
8,3,3,3,50,2,2,6,2,1,0.9919
8,3,3,4,1,6,6,,6,1,1.0666
8,3,3,4,2,6,6,,6,1,1.0457
8,3,3,4,3,6,5,,5,1,0.7047
8,3,3,4,4,6,6,,5,0,0.9374
8,3,3,4,5,6,5,,5,1,1.1079
8,3,3,4,6,6,1,,1,1,0.9569
8,3,3,4,7,6,5,,5,1,0.8109
8,3,3,4,8,6,5,,5,1,0.9127
8,3,3,4,9,6,6,,4,0,0.9761
8,3,3,4,10,6,3,,3,1,1.1295
8,3,3,4,11,6,3,,4,0,1.2661
8,3,3,4,12,6,3,,3,1,0.896
8,3,3,4,13,6,2,,6,0,0.9449
8,3,3,4,14,6,5,,3,0,0.9704
8,3,3,4,15,6,3,,3,1,0.9977
8,3,3,4,16,6,3,,3,1,1.3296
8,3,3,4,17,6,4,,3,0,0.7855
8,3,3,4,18,6,3,,4,0,1.2985
8,3,3,4,19,6,6,,6,1,0.8632
8,3,3,4,20,6,1,,5,0,0.8978
8,3,3,4,21,6,2,,2,1,1.1501
8,3,3,4,22,6,1,,1,1,0.8373
8,3,3,4,23,6,6,,6,1,1.0332
8,3,3,4,24,6,4,,4,1,0.7739
8,3,3,4,25,6,2,,2,1,0.9404
8,3,3,4,26,6,1,,1,1,0.9224
8,3,3,4,27,6,2,,2,1,0.908
8,3,3,4,28,6,6,,4,0,1.4847
8,3,3,4,29,6,2,,6,0,1.2809
8,3,3,4,30,6,4,,4,1,0.9578
8,3,3,4,31,6,3,,2,0,1.2773
8,3,3,4,32,6,1,,6,0,0.9708
8,3,3,4,33,6,1,,1,1,1.0768
8,3,3,4,34,6,5,,6,0,0.9427
8,3,3,4,35,6,5,,5,1,1.1128
8,3,3,4,36,6,1,,1,1,1.2812
8,3,3,4,37,6,6,,6,1,0.9787
8,3,3,4,38,6,4,,6,0,1.0564
8,3,3,4,39,6,5,,4,0,1.0631
8,3,3,4,40,6,3,,3,1,1.1485
8,3,3,4,41,6,2,,2,1,0.9478
8,3,3,4,42,6,6,,5,0,0.946
8,3,3,4,43,6,2,,2,1,0.8447
8,3,3,4,44,6,4,,4,1,1.4252
8,3,3,4,45,6,4,,1,0,1.0685
8,3,3,4,46,6,1,,1,1,0.8985
8,3,3,4,47,6,4,,4,1,1.2031
8,3,3,4,48,6,4,,3,0,1.433
8,3,3,4,49,6,2,,2,1,0.7675
8,3,3,4,50,6,6,,6,1,0.7734
8,3,4,1,1,6,1,,1,1,1.1468
8,3,4,1,2,6,6,,4,0,1.3148
8,3,4,1,3,6,3,,3,1,1.1332
8,3,4,1,4,6,2,,2,1,0.7887
8,3,4,1,5,6,4,,3,0,0.987
8,3,4,1,6,6,2,,2,1,0.725
8,3,4,1,7,6,4,,4,1,1.197
8,3,4,1,8,6,2,,2,1,0.7706
8,3,4,1,9,6,6,,6,1,0.8889
8,3,4,1,10,6,5,,5,1,0.9861
8,3,4,1,11,6,1,,4,0,1.0327
8,3,4,1,12,6,2,,2,1,0.6869
8,3,4,1,13,6,1,,4,0,1.0653
8,3,4,1,14,6,3,,4,0,1.0395
8,3,4,1,15,6,3,,3,1,1.1587
8,3,4,1,16,6,6,,6,1,1.0207
8,3,4,1,17,6,6,,6,1,1.064
8,3,4,1,18,6,6,,6,1,0.8023
8,3,4,1,19,6,2,,2,1,0.9205
8,3,4,1,20,6,5,,3,0,1.2088
8,3,4,1,21,6,5,,5,1,0.9361
8,3,4,1,22,6,3,,3,1,1.1289
8,3,4,1,23,6,2,,3,0,1.1514
8,3,4,1,24,6,6,,6,1,0.7386
8,3,4,1,25,6,3,,3,1,1.2105
8,3,4,1,26,6,4,,3,0,1.2148
8,3,4,1,27,6,2,,2,1,0.9582
8,3,4,1,28,6,4,,4,1,0.9887
8,3,4,1,29,6,4,,2,0,1.2584
8,3,4,1,30,6,3,,3,1,1.1754
8,3,4,1,31,6,4,,3,0,1.2457
8,3,4,1,32,6,5,,5,1,0.716
8,3,4,1,33,6,1,,1,1,0.9955
8,3,4,1,34,6,1,,1,1,1.0404
8,3,4,1,35,6,5,,5,1,1.1319
8,3,4,1,36,6,3,,3,1,0.9322
8,3,4,1,37,6,5,,3,0,1.0591
8,3,4,1,38,6,2,,4,0,1.37
8,3,4,1,39,6,1,,1,1,0.7709
8,3,4,1,40,6,3,,5,0,0.9359
8,3,4,1,41,6,5,,4,0,1.1721
8,3,4,1,42,6,1,,1,1,1.668
8,3,4,1,43,6,5,,5,1,1.1587
8,3,4,1,44,6,6,,6,1,0.7321
8,3,4,1,45,6,6,,6,1,2.1329
8,3,4,1,46,6,1,,1,1,1.4589
8,3,4,1,47,6,6,,6,1,0.9089
8,3,4,1,48,6,6,,6,1,0.6217
8,3,4,1,49,6,4,,4,1,0.7293
8,3,4,1,50,6,4,,4,1,0.8988
8,3,4,2,1,2,5,4,5,1,0.7195
8,3,4,2,2,2,5,4,4,0,0.9842
8,3,4,2,3,2,1,6,1,1,1.3615
8,3,4,2,4,2,3,4,4,0,1.4561
8,3,4,2,5,2,2,3,3,0,3.8773
8,3,4,2,6,2,3,4,4,0,1.5278
8,3,4,2,7,2,6,1,6,1,0.922
8,3,4,2,8,2,2,4,2,1,1.0188
8,3,4,2,9,2,3,4,3,1,1.1756
8,3,4,2,10,2,1,5,1,1,1.0375
8,3,4,2,11,2,3,4,3,1,1.05
8,3,4,2,12,2,6,5,5,0,1.412
8,3,4,2,13,2,2,1,2,1,1.1637
8,3,4,2,14,2,5,2,5,1,1.2821
8,3,4,2,15,2,6,1,6,1,1.2991
8,3,4,2,16,2,4,6,4,1,1.0766
8,3,4,2,17,2,2,6,2,1,1.0228
8,3,4,2,18,2,4,2,4,1,1.0498
8,3,4,2,19,2,1,5,1,1,0.949
8,3,4,2,20,2,1,3,1,1,1.0763
8,3,4,2,21,2,6,5,5,0,1.1018
8,3,4,2,22,2,2,5,2,1,1.2348
8,3,4,2,23,2,3,1,3,1,1.2215
8,3,4,2,24,2,6,2,6,1,1.0666
8,3,4,2,25,2,5,3,3,0,0.9963
8,3,4,2,26,2,6,1,6,1,1.0052
8,3,4,2,27,2,3,1,3,1,1.0663
8,3,4,2,28,2,2,6,2,1,1.189
8,3,4,2,29,2,5,3,5,1,0.9694
8,3,4,2,30,2,6,3,6,1,0.9361
8,3,4,2,31,2,3,5,3,1,1.0008
8,3,4,2,32,2,1,2,1,1,0.7732
8,3,4,2,33,2,2,4,2,1,1.0679
8,3,4,2,34,2,4,6,4,1,1.0949
8,3,4,2,35,2,4,2,4,1,1.0077
8,3,4,2,36,2,4,2,4,1,0.9233
8,3,4,2,37,2,4,2,4,1,1.0031
8,3,4,2,38,2,2,3,2,1,1.3849
8,3,4,2,39,2,6,4,4,0,0.9658
8,3,4,2,40,2,5,1,5,1,1.1525
8,3,4,2,41,2,5,4,5,1,0.9676
8,3,4,2,42,2,1,5,1,1,1.0292
8,3,4,2,43,2,1,4,4,0,1.4567
8,3,4,2,44,2,1,6,1,1,0.9342
8,3,4,2,45,2,3,5,3,1,1.4308
8,3,4,2,46,2,4,3,4,1,1.1216
8,3,4,2,47,2,6,3,6,1,1.2254
8,3,4,2,48,2,5,6,5,1,0.7817
8,3,4,2,49,2,6,4,6,1,1.3321
8,3,4,2,50,2,4,3,3,0,1.7308
8,3,4,3,1,6,5,,6,0,1.0834
8,3,4,3,2,6,2,,3,0,1.1361
8,3,4,3,3,6,2,,2,1,0.9624
8,3,4,3,4,6,3,,3,1,1.041
8,3,4,3,5,6,3,,3,1,1.0516
8,3,4,3,6,6,2,,3,0,1.095
8,3,4,3,7,6,4,,4,1,0.9715
8,3,4,3,8,6,4,,4,1,1.0173
8,3,4,3,9,6,4,,4,1,1.0934
8,3,4,3,10,6,4,,4,1,1.0073
8,3,4,3,11,6,5,,6,0,0.8113
8,3,4,3,12,6,6,,6,1,0.7478
8,3,4,3,13,6,6,,6,1,0.9466
8,3,4,3,14,6,5,,4,0,0.8496
8,3,4,3,15,6,6,,3,0,1.3936
8,3,4,3,16,6,1,,5,0,1.2566
8,3,4,3,17,6,6,,6,1,0.599
8,3,4,3,18,6,6,,3,0,0.8677
8,3,4,3,19,6,4,,4,1,1.0256
8,3,4,3,20,6,6,,3,0,1.0066
8,3,4,3,21,6,1,,6,0,0.8861
8,3,4,3,22,6,4,,4,1,0.9949
8,3,4,3,23,6,3,,4,0,2.0164
8,3,4,3,24,6,1,,1,1,1.1032
8,3,4,3,25,6,3,,6,0,0.8235
8,3,4,3,26,6,5,,4,0,1.2881
8,3,4,3,27,6,4,,4,1,0.8998
8,3,4,3,28,6,1,,1,1,0.6766
8,3,4,3,29,6,1,,1,1,0.5867
8,3,4,3,30,6,2,,2,1,0.9407
8,3,4,3,31,6,2,,2,1,1.4843
8,3,4,3,32,6,2,,2,1,0.9349
8,3,4,3,33,6,4,,4,1,0.6145
8,3,4,3,34,6,3,,4,0,1.0113
8,3,4,3,35,6,5,,6,0,1.0982
8,3,4,3,36,6,1,,1,1,0.8635
8,3,4,3,37,6,3,,2,0,1.4263
8,3,4,3,38,6,5,,6,0,1.0803
8,3,4,3,39,6,5,,1,0,1.3101
8,3,4,3,40,6,6,,6,1,0.8404
8,3,4,3,41,6,6,,6,1,0.877
8,3,4,3,42,6,3,,4,0,1.0065
8,3,4,3,43,6,2,,2,1,1.0635
8,3,4,3,44,6,1,,1,1,0.9619
8,3,4,3,45,6,5,,5,1,0.7039
8,3,4,3,46,6,2,,2,1,0.7767
8,3,4,3,47,6,3,,3,1,1.0867
8,3,4,3,48,6,6,,6,1,0.6962
8,3,4,3,49,6,1,,1,1,0.6902
8,3,4,3,50,6,6,,6,1,0.9717
8,3,4,4,1,2,4,6,4,1,1.2867
8,3,4,4,2,2,6,1,6,1,1.0158
8,3,4,4,3,2,5,3,5,1,0.7081
8,3,4,4,4,2,6,3,6,1,0.9565
8,3,4,4,5,2,3,4,4,0,1.3718
8,3,4,4,6,2,2,6,2,1,1.2686
8,3,4,4,7,2,4,5,4,1,1.0306
8,3,4,4,8,2,1,2,1,1,0.9313
8,3,4,4,9,2,2,4,2,1,0.9785
8,3,4,4,10,2,3,2,3,1,1.0887
8,3,4,4,11,2,4,5,4,1,1.0339
8,3,4,4,12,2,3,2,3,1,1.9408
8,3,4,4,13,2,1,6,1,1,1.5323
8,3,4,4,14,2,2,5,2,1,1.3308
8,3,4,4,15,2,3,5,3,1,1.0423
8,3,4,4,16,2,5,6,5,1,0.7821
8,3,4,4,17,2,5,6,5,1,1.0445
8,3,4,4,18,2,2,1,2,1,1.2626
8,3,4,4,19,2,1,2,1,1,1.2016
8,3,4,4,20,2,5,1,1,0,1.1745
8,3,4,4,21,2,6,4,4,0,1.2552
8,3,4,4,22,2,1,4,1,1,0.9487
8,3,4,4,23,2,3,1,3,1,1.012
8,3,4,4,24,2,5,3,5,1,0.993
8,3,4,4,25,2,6,5,5,0,1.118
8,3,4,4,26,2,6,2,6,1,1.0737
8,3,4,4,27,2,4,1,4,1,1.3076
8,3,4,4,28,2,6,3,6,1,0.9891
8,3,4,4,29,2,4,5,5,0,0.8733
8,3,4,4,30,2,6,3,6,1,0.9667
8,3,4,4,31,2,6,5,6,1,1.0938
8,3,4,4,32,2,3,2,2,0,1.6144
8,3,4,4,33,2,2,5,5,0,1.5012
8,3,4,4,34,2,2,6,6,0,1.0414
8,3,4,4,35,2,4,2,4,1,1.0643
8,3,4,4,36,2,6,2,6,1,0.9945
8,3,4,4,37,2,2,6,6,0,1.2641
8,3,4,4,38,2,1,3,1,1,1.1978
8,3,4,4,39,2,5,1,5,1,0.6747
8,3,4,4,40,2,5,1,5,1,0.9877
8,3,4,4,41,2,1,3,1,1,1.0327
8,3,4,4,42,2,4,3,4,1,0.9967
8,3,4,4,43,2,3,2,2,0,1.3936
8,3,4,4,44,2,3,1,3,1,1.4017
8,3,4,4,45,2,5,3,5,1,0.9187
8,3,4,4,46,2,2,1,2,1,1.3198
8,3,4,4,47,2,6,5,6,1,1.0473
8,3,4,4,48,2,1,2,1,1,0.9454
8,3,4,4,49,2,4,6,4,1,1.0416
8,3,4,4,50,2,1,4,1,1,1.2116
8,3,5,1,1,2,6,4,4,0,1.0885
8,3,5,1,2,2,2,3,2,1,1.1102
8,3,5,1,3,2,4,2,4,1,1.3262
8,3,5,1,4,2,3,4,4,0,1.2789
8,3,5,1,5,2,5,1,5,1,0.955
8,3,5,1,6,2,2,4,2,1,1.1302
8,3,5,1,7,2,1,6,1,1,1.0103
8,3,5,1,8,2,3,1,3,1,1.0389
8,3,5,1,9,2,2,3,2,1,1.2596
8,3,5,1,10,2,5,4,5,1,0.9901
8,3,5,1,11,2,6,4,6,1,0.9388
8,3,5,1,12,2,4,6,4,1,1.2593
8,3,5,1,13,2,1,5,1,1,1.2771
8,3,5,1,14,2,1,6,1,1,0.9911
8,3,5,1,15,2,6,4,6,1,0.9414
8,3,5,1,16,2,5,3,3,0,1.5804
8,3,5,1,17,2,5,6,5,1,1.0858
8,3,5,1,18,2,1,5,1,1,1.1589
8,3,5,1,19,2,3,4,4,0,1.0224
8,3,5,1,20,2,4,5,4,1,1.0614
8,3,5,1,21,2,6,2,6,1,1.1352
8,3,5,1,22,2,4,1,1,0,1.0794
8,3,5,1,23,2,2,5,2,1,1.0203
8,3,5,1,24,2,4,2,4,1,1.1446
8,3,5,1,25,2,1,5,1,1,0.9286
8,3,5,1,26,2,5,2,5,1,0.7526
8,3,5,1,27,2,1,5,1,1,0.9514
8,3,5,1,28,2,3,5,3,1,1.5113
8,3,5,1,29,2,2,4,2,1,1.3901
8,3,5,1,30,2,3,4,3,1,1.0673
8,3,5,1,31,2,5,4,4,0,1.5102
8,3,5,1,32,2,5,1,5,1,0.9046
8,3,5,1,33,2,1,2,2,0,0.73
8,3,5,1,34,2,1,3,1,1,0.638
8,3,5,1,35,2,3,2,2,0,1.1453
8,3,5,1,36,2,4,2,4,1,1.067
8,3,5,1,37,2,5,4,5,1,1.3177
8,3,5,1,38,2,6,2,2,0,1.7495
8,3,5,1,39,2,6,1,6,1,1.0225
8,3,5,1,40,2,3,5,5,0,1.307
8,3,5,1,41,2,6,3,6,1,0.9827
8,3,5,1,42,2,6,5,6,1,1.1561
8,3,5,1,43,2,2,1,2,1,0.9232
8,3,5,1,44,2,2,6,2,1,1.4041
8,3,5,1,45,2,6,2,6,1,1.0161
8,3,5,1,46,2,4,6,4,1,1.7165
8,3,5,1,47,2,4,1,1,0,1.3806
8,3,5,1,48,2,6,5,5,0,1.3087
8,3,5,1,49,2,3,6,3,1,1.449
8,3,5,1,50,2,2,6,2,1,1.2517
8,3,5,2,1,6,6,,6,1,1.0437
8,3,5,2,2,6,4,,4,1,1.1496
8,3,5,2,3,6,1,,1,1,1.0128
8,3,5,2,4,6,3,,3,1,1.026
8,3,5,2,5,6,4,,4,1,1.1497
8,3,5,2,6,6,2,,2,1,0.9641
8,3,5,2,7,6,3,,3,1,1.5395
8,3,5,2,8,6,2,,2,1,0.9222
8,3,5,2,9,6,4,,3,0,1.3063
8,3,5,2,10,6,2,,2,1,0.9825
8,3,5,2,11,6,2,,6,0,1.2352
8,3,5,2,12,6,4,,4,1,0.9311
8,3,5,2,13,6,6,,5,0,0.9952
8,3,5,2,14,6,6,,6,1,0.9554
8,3,5,2,15,6,4,,4,1,1.0983
8,3,5,2,16,6,6,,6,1,0.9955
8,3,5,2,17,6,3,,4,0,1.3125
8,3,5,2,18,6,6,,5,0,1.1328
8,3,5,2,19,6,5,,5,1,0.7992
8,3,5,2,20,6,1,,5,0,0.9643
8,3,5,2,21,6,1,,1,1,0.942
8,3,5,2,22,6,5,,5,1,0.9574
8,3,5,2,23,6,1,,1,1,0.7327
8,3,5,2,24,6,2,,1,0,1.1074
8,3,5,2,25,6,6,,6,1,0.8553
8,3,5,2,26,6,5,,4,0,1.5472
8,3,5,2,27,6,3,,3,1,1.0839
8,3,5,2,28,6,6,,6,1,0.9669
8,3,5,2,29,6,5,,3,0,1.1732
8,3,5,2,30,6,3,,3,1,1.0777
8,3,5,2,31,6,3,,2,0,1.103
8,3,5,2,32,6,3,,3,1,0.9626
8,3,5,2,33,6,4,,4,1,1.0416
8,3,5,2,34,6,1,,1,1,0.8456
8,3,5,2,35,6,5,,5,1,0.7357
8,3,5,2,36,6,4,,4,1,1.0165
8,3,5,2,37,6,1,,1,1,0.9494
8,3,5,2,38,6,5,,5,1,0.6757
8,3,5,2,39,6,5,,5,1,0.8939
8,3,5,2,40,6,6,,1,0,1.5835
8,3,5,2,41,6,5,,5,1,0.8634
8,3,5,2,42,6,6,,6,1,1.0248
8,3,5,2,43,6,2,,4,0,1.1494
8,3,5,2,44,6,1,,3,0,1.2948
8,3,5,2,45,6,3,,3,1,0.6673
8,3,5,2,46,6,6,,6,1,1.1422
8,3,5,2,47,6,2,,2,1,0.9733
8,3,5,2,48,6,2,,5,0,0.7156
8,3,5,2,49,6,4,,4,1,0.9596
8,3,5,2,50,6,1,,3,0,1.0712
8,3,5,3,1,2,1,4,4,0,1.2485
8,3,5,3,2,2,6,4,4,0,1.2298
8,3,5,3,3,2,5,3,5,1,0.941
8,3,5,3,4,2,6,4,6,1,1.0207
8,3,5,3,5,2,3,1,3,1,1.4641
8,3,5,3,6,2,2,1,2,1,0.9305
8,3,5,3,7,2,6,3,6,1,0.9466
8,3,5,3,8,2,6,3,6,1,1.0258
8,3,5,3,9,2,6,4,4,0,1.3089
8,3,5,3,10,2,4,5,4,1,1.0002
8,3,5,3,11,2,5,1,5,1,1.0772
8,3,5,3,12,2,5,3,5,1,1.055
8,3,5,3,13,2,2,4,2,1,1.0189
8,3,5,3,14,2,1,3,1,1,1.0305
8,3,5,3,15,2,2,4,4,0,1.5225
8,3,5,3,16,2,3,6,3,1,1.0288
8,3,5,3,17,2,6,4,6,1,1.4728
8,3,5,3,18,2,2,5,2,1,1.3219
8,3,5,3,19,2,6,2,2,0,1.3867
8,3,5,3,20,2,6,1,6,1,0.994
8,3,5,3,21,2,4,5,4,1,1.296
8,3,5,3,22,2,5,1,5,1,0.944
8,3,5,3,23,2,3,2,3,1,1.1191
8,3,5,3,24,2,3,4,3,1,1.4001
8,3,5,3,25,2,5,3,5,1,0.8851
8,3,5,3,26,2,2,3,3,0,1.4142
8,3,5,3,27,2,3,2,3,1,1.4206
8,3,5,3,28,2,4,1,4,1,1.5449
8,3,5,3,29,2,6,5,5,0,0.5847
8,3,5,3,30,2,1,4,4,0,1.2566
8,3,5,3,31,2,3,6,3,1,1.224
8,3,5,3,32,2,4,2,4,1,1.723
8,3,5,3,33,2,1,2,1,1,1.4992
8,3,5,3,34,2,4,6,4,1,1.1558
8,3,5,3,35,2,4,1,4,1,1.0809
8,3,5,3,36,2,1,6,1,1,0.9631
8,3,5,3,37,2,4,6,4,1,1.0096
8,3,5,3,38,2,1,2,1,1,1.4707
8,3,5,3,39,2,2,6,2,1,1.2075
8,3,5,3,40,2,1,5,1,1,1.1974
8,3,5,3,41,2,1,3,1,1,1.7145
8,3,5,3,42,2,2,4,4,0,1.5851
8,3,5,3,43,2,3,5,3,1,1.1057
8,3,5,3,44,2,6,5,6,1,1.0669
8,3,5,3,45,2,5,2,5,1,0.9489
8,3,5,3,46,2,2,1,1,0,1.3323
8,3,5,3,47,2,5,3,5,1,1.2941
8,3,5,3,48,2,4,1,4,1,0.9595
8,3,5,3,49,2,3,4,3,1,1.6933
8,3,5,3,50,2,5,1,5,1,1.1826
8,3,5,4,1,6,2,,2,1,1.1049
8,3,5,4,2,6,5,,3,0,1.258
8,3,5,4,3,6,6,,4,0,1.5427
8,3,5,4,4,6,5,,4,0,1.1615
8,3,5,4,5,6,4,,4,1,0.9865
8,3,5,4,6,6,6,,6,1,0.7119
8,3,5,4,7,6,6,,6,1,0.8014
8,3,5,4,8,6,1,,4,0,0.9177
8,3,5,4,9,6,4,,4,1,1.1054
8,3,5,4,10,6,5,,5,1,1.0194
8,3,5,4,11,6,4,,4,1,0.9982
8,3,5,4,12,6,5,,5,1,1.06
8,3,5,4,13,6,1,,5,0,1.0067
8,3,5,4,14,6,3,,6,0,1.0456
8,3,5,4,15,6,3,,4,0,1.1
8,3,5,4,16,6,6,,4,0,1.025
8,3,5,4,17,6,3,,1,0,1.159
8,3,5,4,18,6,2,,4,0,1.1615
8,3,5,4,19,6,2,,2,1,0.7629
8,3,5,4,20,6,6,,4,0,1.1059
8,3,5,4,21,6,2,,2,1,0.9173
8,3,5,4,22,6,1,,3,0,1.2859
8,3,5,4,23,6,3,,6,0,1.3308
8,3,5,4,24,6,4,,4,1,0.8291
8,3,5,4,25,6,4,,4,1,0.8171
8,3,5,4,26,6,5,,4,0,1.301
8,3,5,4,27,6,3,,2,0,1.025
8,3,5,4,28,6,6,,4,0,1.111
8,3,5,4,29,6,1,,6,0,0.8438
8,3,5,4,30,6,5,,1,0,1.5622
8,3,5,4,31,6,2,,2,1,0.8754
8,3,5,4,32,6,5,,6,0,1.1484
8,3,5,4,33,6,6,,6,1,0.7188
8,3,5,4,34,6,1,,3,0,1.2729
8,3,5,4,35,6,2,,2,1,0.7257
8,3,5,4,36,6,5,,5,1,1.5006
8,3,5,4,37,6,6,,5,0,0.9023
8,3,5,4,38,6,1,,3,0,1.3622
8,3,5,4,39,6,3,,3,1,0.9705
8,3,5,4,40,6,6,,6,1,0.6981
8,3,5,4,41,6,4,,4,1,1.1071
8,3,5,4,42,6,1,,6,0,0.7962
8,3,5,4,43,6,1,,1,1,0.8597
8,3,5,4,44,6,4,,4,1,0.8782
8,3,5,4,45,6,3,,4,0,0.7689
8,3,5,4,46,6,3,,3,1,0.8192
8,3,5,4,47,6,4,,4,1,0.6467
8,3,5,4,48,6,2,,3,0,1.2187
8,3,5,4,49,6,2,,2,1,0.8171
8,3,5,4,50,6,6,,6,1,0.646
9,1,1,1,1,2,6,3,6,1,1.0137
9,1,1,1,2,2,5,3,5,1,1.4257
9,1,1,1,3,2,3,1,3,1,2.0616
9,1,1,1,4,2,1,4,1,1,1.5356
9,1,1,1,5,2,1,2,1,1,1.5911
9,1,1,1,6,2,6,2,6,1,1.436
9,1,1,1,7,2,5,4,5,1,1.7356
9,1,1,1,8,2,3,4,4,0,2.1977
9,1,1,1,9,2,4,2,4,1,3.661
9,1,1,1,10,2,6,5,6,1,1.485
9,1,1,1,11,2,5,6,5,1,1.975
9,1,1,1,12,2,5,2,5,1,2.7166
9,1,1,1,13,2,4,1,1,0,2.2743
9,1,1,1,14,2,6,4,6,1,1.0954
9,1,1,1,15,2,4,5,4,1,2.1283
9,1,1,1,16,2,3,1,3,1,1.616
9,1,1,1,17,2,1,4,1,1,1.3637
9,1,1,1,18,2,1,3,3,0,2.674
9,1,1,1,19,2,4,2,2,0,1.8461
9,1,1,1,20,2,4,5,5,0,1.8829
9,1,1,1,21,2,3,4,3,1,1.9039
9,1,1,1,22,2,1,3,3,0,1.9121
9,1,1,1,23,2,1,4,4,0,2.6354
9,1,1,1,24,2,3,6,3,1,1.5526
9,1,1,1,25,2,4,1,1,0,2.3914
9,1,1,1,26,2,5,6,5,1,2.5028
9,1,1,1,27,2,2,1,2,1,2.3748
9,1,1,1,28,2,2,1,1,0,1.8199
9,1,1,1,29,2,2,3,2,1,1.6349
9,1,1,1,30,2,6,1,1,0,1.7492
9,1,1,1,31,2,1,5,1,1,2.0631
9,1,1,1,32,2,6,3,6,1,2.3537
9,1,1,1,33,2,3,1,3,1,1.7187
9,1,1,1,34,2,3,4,3,1,1.3508
9,1,1,1,35,2,2,6,2,1,2.0366
9,1,1,1,36,2,3,2,3,1,1.5597
9,1,1,1,37,2,2,4,2,1,2.0141
9,1,1,1,38,2,2,6,6,0,2.4503
9,1,1,1,39,2,5,3,5,1,1.7428
9,1,1,1,40,2,1,3,1,1,2.0627
9,1,1,1,41,2,6,3,3,0,1.5671
9,1,1,1,42,2,4,2,4,1,4.0812
9,1,1,1,43,2,4,1,4,1,1.3597
9,1,1,1,44,2,5,6,6,0,2.2221
9,1,1,1,45,2,6,4,6,1,1.157
9,1,1,1,46,2,6,3,3,0,1.5159
9,1,1,1,47,2,2,1,2,1,1.9189
9,1,1,1,48,2,2,4,2,1,1.2703
9,1,1,1,49,2,5,3,3,0,2.0732
9,1,1,1,50,2,6,2,6,1,1.1249
9,1,1,2,1,6,4,,5,0,1.3396
9,1,1,2,2,6,4,,5,0,2.0706
9,1,1,2,3,6,5,,6,0,1.1078
9,1,1,2,4,6,1,,6,0,0.9517
9,1,1,2,5,6,3,,3,1,1.3152
9,1,1,2,6,6,4,,4,1,1.5379
9,1,1,2,7,6,1,,1,1,1.9941
9,1,1,2,8,6,3,,3,1,1.2467
9,1,1,2,9,6,5,,6,0,1.8418
9,1,1,2,10,6,6,,6,1,0.9832
9,1,1,2,11,6,6,,6,1,0.9011
9,1,1,2,12,6,3,,3,1,1.2698
9,1,1,2,13,6,6,,3,0,1.3362
9,1,1,2,14,6,5,,5,1,1.1721
9,1,1,2,15,6,3,,5,0,1.6413
9,1,1,2,16,6,3,,3,1,1.1601
9,1,1,2,17,6,3,,3,1,1.0552
9,1,1,2,18,6,2,,2,1,1.5615
9,1,1,2,19,6,5,,6,0,1.0405
9,1,1,2,20,6,6,,6,1,0.8397
9,1,1,2,21,6,3,,6,0,1.4519
9,1,1,2,22,6,4,,3,0,2.3379
9,1,1,2,23,6,6,,6,1,0.8519
9,1,1,2,24,6,1,,1,1,1.9596
9,1,1,2,25,6,1,,1,1,2.9414
9,1,1,2,26,6,6,,6,1,0.9381
9,1,1,2,27,6,6,,6,1,0.8432
9,1,1,2,28,6,4,,5,0,1.2148
9,1,1,2,29,6,5,,6,0,0.9103
9,1,1,2,30,6,4,,6,0,0.7944
9,1,1,2,31,6,2,,2,1,1.1953
9,1,1,2,32,6,2,,2,1,1.137
9,1,1,2,33,6,5,,6,0,1.928
9,1,1,2,34,6,3,,3,1,1.6442
9,1,1,2,35,6,6,,6,1,1.7265
9,1,1,2,36,6,1,,2,0,1.3422
9,1,1,2,37,6,1,,6,0,1.7528
9,1,1,2,38,6,2,,3,0,1.2667
9,1,1,2,39,6,5,,5,1,1.2011
9,1,1,2,40,6,2,,6,0,1.6698
9,1,1,2,41,6,1,,2,0,1.154
9,1,1,2,42,6,6,,6,1,0.9325
9,1,1,2,43,6,2,,2,1,1.2528
9,1,1,2,44,6,1,,5,0,1.5277
9,1,1,2,45,6,4,,3,0,1.6589
9,1,1,2,46,6,2,,4,0,1.0163
9,1,1,2,47,6,5,,2,0,1.1841
9,1,1,2,48,6,2,,5,0,1.1844
9,1,1,2,49,6,4,,2,0,2.0492
9,1,1,2,50,6,6,,6,1,0.8311
9,1,1,3,1,2,1,6,1,1,1.8729
9,1,1,3,2,2,1,6,1,1,1.7376
9,1,1,3,3,2,6,1,6,1,1.2725
9,1,1,3,4,2,3,5,3,1,1.6431
9,1,1,3,5,2,4,1,4,1,2.1907
9,1,1,3,6,2,5,1,1,0,2.2831
9,1,1,3,7,2,1,4,4,0,1.6139
9,1,1,3,8,2,4,1,4,1,1.5493
9,1,1,3,9,2,3,2,3,1,1.2368
9,1,1,3,10,2,5,3,5,1,1.8792
9,1,1,3,11,2,5,2,2,0,2.4479
9,1,1,3,12,2,6,2,2,0,2.7017
9,1,1,3,13,2,2,5,5,0,2.2242
9,1,1,3,14,2,6,4,4,0,2.7905
9,1,1,3,15,2,4,5,5,0,2.6616
9,1,1,3,16,2,3,5,3,1,1.7388
9,1,1,3,17,2,5,6,6,0,2.7932
9,1,1,3,18,2,6,3,6,1,1.1613
9,1,1,3,19,2,2,1,2,1,2.0637
9,1,1,3,20,2,2,4,2,1,1.5058
9,1,1,3,21,2,1,2,1,1,2.2188
9,1,1,3,22,2,4,6,4,1,2.309
9,1,1,3,23,2,1,6,1,1,1.8052
9,1,1,3,24,2,3,6,3,1,2.7609
9,1,1,3,25,2,4,1,4,1,1.4546
9,1,1,3,26,2,2,1,2,1,1.1611
9,1,1,3,27,2,3,4,3,1,2.1278
9,1,1,3,28,2,3,5,3,1,1.3757
9,1,1,3,29,2,4,1,4,1,3.55
9,1,1,3,30,2,5,4,5,1,2.0181
9,1,1,3,31,2,2,5,2,1,1.6047
9,1,1,3,32,2,6,4,4,0,2.0257
9,1,1,3,33,2,2,1,1,0,2.008
9,1,1,3,34,2,5,4,5,1,1.6238
9,1,1,3,35,2,3,4,3,1,1.8027
9,1,1,3,36,2,6,1,6,1,1.4479
9,1,1,3,37,2,6,1,6,1,2.018
9,1,1,3,38,2,6,1,6,1,1.3498
9,1,1,3,39,2,6,1,6,1,1.3642
9,1,1,3,40,2,1,4,1,1,3.0109
9,1,1,3,41,2,5,6,6,0,1.2937
9,1,1,3,42,2,1,5,1,1,1.673
9,1,1,3,43,2,3,2,3,1,1.4673
9,1,1,3,44,2,2,1,1,0,1.9733
9,1,1,3,45,2,5,6,5,1,1.6537
9,1,1,3,46,2,4,5,4,1,2.2486
9,1,1,3,47,2,4,5,4,1,1.3137
9,1,1,3,48,2,6,3,3,0,1.6022
9,1,1,3,49,2,2,1,2,1,1.3618
9,1,1,3,50,2,1,6,1,1,1.3916
9,1,1,4,1,6,3,,3,1,1.2588
9,1,1,4,2,6,3,,3,1,1.1654
9,1,1,4,3,6,2,,6,0,1.125
9,1,1,4,4,6,1,,1,1,1.1764
9,1,1,4,5,6,5,,3,0,1.743
9,1,1,4,6,6,4,,3,0,1.0807
9,1,1,4,7,6,6,,6,1,0.9733
9,1,1,4,8,6,6,,4,0,1.8683
9,1,1,4,9,6,2,,2,1,1.09
9,1,1,4,10,6,5,,5,1,1.5471
9,1,1,4,11,6,6,,3,0,1.1534
9,1,1,4,12,6,3,,3,1,1.2523
9,1,1,4,13,6,5,,3,0,1.5746
9,1,1,4,14,6,1,,6,0,1.4475
9,1,1,4,15,6,6,,1,0,2.5099
9,1,1,4,16,6,4,,2,0,0.9684
9,1,1,4,17,6,1,,3,0,1.0433
9,1,1,4,18,6,2,,5,0,2.1694
9,1,1,4,19,6,6,,6,1,1.1229
9,1,1,4,20,6,1,,6,0,1.3394
9,1,1,4,21,6,6,,6,1,1.0614
9,1,1,4,22,6,5,,5,1,1.7439
9,1,1,4,23,6,4,,3,0,1.1837
9,1,1,4,24,6,6,,4,0,1.9835
9,1,1,4,25,6,2,,2,1,0.9119
9,1,1,4,26,6,2,,2,1,1.2014
9,1,1,4,27,6,1,,3,0,1.0134
9,1,1,4,28,6,3,,6,0,1.3576
9,1,1,4,29,6,6,,2,0,1.1599
9,1,1,4,30,6,3,,6,0,1.3853
9,1,1,4,31,6,4,,6,0,1.2495
9,1,1,4,32,6,3,,4,0,1.6489
9,1,1,4,33,6,6,,6,1,0.7825
9,1,1,4,34,6,5,,5,1,1.1239
9,1,1,4,35,6,2,,3,0,1.6767
9,1,1,4,36,6,2,,3,0,1.6726
9,1,1,4,37,6,4,,6,0,1.1425
9,1,1,4,38,6,4,,2,0,2.7279
9,1,1,4,39,6,1,,5,0,1.2896
9,1,1,4,40,6,6,,6,1,0.9828
9,1,1,4,41,6,5,,6,0,0.9808
9,1,1,4,42,6,1,,4,0,1.5981
9,1,1,4,43,6,2,,1,0,1.3414
9,1,1,4,44,6,3,,2,0,2.0401
9,1,1,4,45,6,5,,1,0,3.0307
9,1,1,4,46,6,4,,5,0,1.355
9,1,1,4,47,6,1,,2,0,1.9894
9,1,1,4,48,6,5,,1,0,2.4707
9,1,1,4,49,6,4,,6,0,0.7548
9,1,1,4,50,6,3,,3,1,1.125
9,1,2,1,1,6,4,,4,1,1.7096
9,1,2,1,2,6,2,,2,1,1.5636
9,1,2,1,3,6,3,,3,1,1.0888
9,1,2,1,4,6,1,,1,1,1.5952
9,1,2,1,5,6,6,,6,1,2.0474
9,1,2,1,6,6,4,,4,1,1.1705
9,1,2,1,7,6,4,,3,0,1.2886
9,1,2,1,8,6,5,,5,1,1.093
9,1,2,1,9,6,6,,6,1,1.5193
9,1,2,1,10,6,3,,3,1,1.3357
9,1,2,1,11,6,6,,6,1,1.3982
9,1,2,1,12,6,4,,5,0,1.0913
9,1,2,1,13,6,2,,2,1,1.1288
9,1,2,1,14,6,2,,2,1,0.9915
9,1,2,1,15,6,5,,3,0,0.9735
9,1,2,1,16,6,4,,1,0,1.2395
9,1,2,1,17,6,1,,3,0,1.8472
9,1,2,1,18,6,5,,3,0,1.4372
9,1,2,1,19,6,3,,2,0,0.9473
9,1,2,1,20,6,3,,3,1,1.8852
9,1,2,1,21,6,4,,4,1,1.1109
9,1,2,1,22,6,6,,6,1,0.8474
9,1,2,1,23,6,4,,5,0,3.2655
9,1,2,1,24,6,1,,5,0,1.1334
9,1,2,1,25,6,6,,6,1,0.7838
9,1,2,1,26,6,1,,5,0,1.3345
9,1,2,1,27,6,1,,3,0,2.8807
9,1,2,1,28,6,5,,2,0,0.9722
9,1,2,1,29,6,5,,6,0,1.1908
9,1,2,1,30,6,1,,5,0,1.2072
9,1,2,1,31,6,1,,1,1,1.7046
9,1,2,1,32,6,2,,2,1,1.0798
9,1,2,1,33,6,6,,3,0,1.314
9,1,2,1,34,6,5,,2,0,2.1251
9,1,2,1,35,6,2,,6,0,0.9353
9,1,2,1,36,6,2,,1,0,1.9226
9,1,2,1,37,6,3,,2,0,1.1907
9,1,2,1,38,6,6,,6,1,0.9033
9,1,2,1,39,6,3,,6,0,1.1285
9,1,2,1,40,6,3,,3,1,2.14
9,1,2,1,41,6,2,,6,0,1.6907
9,1,2,1,42,6,6,,2,0,1.5429
9,1,2,1,43,6,5,,6,0,0.8886
9,1,2,1,44,6,4,,2,0,1.3185
9,1,2,1,45,6,6,,6,1,0.7535
9,1,2,1,46,6,3,,3,1,1.2094
9,1,2,1,47,6,1,,1,1,1.3264
9,1,2,1,48,6,2,,2,1,1.2305
9,1,2,1,49,6,5,,5,1,1.537
9,1,2,1,50,6,6,,6,1,1.7529
9,1,2,2,1,2,1,6,6,0,0.9477
9,1,2,2,2,2,2,4,2,1,1.7906
9,1,2,2,3,2,6,4,6,1,1.18
9,1,2,2,4,2,4,3,3,0,1.1374
9,1,2,2,5,2,5,6,5,1,1.8449
9,1,2,2,6,2,6,3,3,0,1.1661
9,1,2,2,7,2,1,3,3,0,1.4078
9,1,2,2,8,2,2,6,2,1,1.1445
9,1,2,2,9,2,4,5,5,0,2.2066
9,1,2,2,10,2,6,4,6,1,1.9745
9,1,2,2,11,2,4,2,4,1,2.0923
9,1,2,2,12,2,5,1,1,0,1.5806
9,1,2,2,13,2,1,4,4,0,1.8685
9,1,2,2,14,2,1,4,4,0,2.5778
9,1,2,2,15,2,1,3,1,1,1.3217
9,1,2,2,16,2,2,3,3,0,2.4737
9,1,2,2,17,2,1,4,4,0,1.5582
9,1,2,2,18,2,2,3,3,0,2.2152
9,1,2,2,19,2,4,1,1,0,1.934
9,1,2,2,20,2,4,3,3,0,1.5685
9,1,2,2,21,2,6,4,6,1,1.0256
9,1,2,2,22,2,2,4,2,1,1.198
9,1,2,2,23,2,6,4,4,0,2.0345
9,1,2,2,24,2,5,3,3,0,1.9849
9,1,2,2,25,2,1,4,1,1,1.8571
9,1,2,2,26,2,2,4,2,1,1.5308
9,1,2,2,27,2,6,2,2,0,1.6978
9,1,2,2,28,2,5,2,5,1,1.8386
9,1,2,2,29,2,1,2,2,0,3.2249
9,1,2,2,30,2,6,1,6,1,1.9909
9,1,2,2,31,2,3,2,2,0,2.5712
9,1,2,2,32,2,5,1,5,1,2.5152
9,1,2,2,33,2,3,5,5,0,1.5695
9,1,2,2,34,2,6,3,6,1,1.1079
9,1,2,2,35,2,2,5,2,1,1.8999
9,1,2,2,36,2,6,3,3,0,1.7319
9,1,2,2,37,2,3,2,3,1,1.4394
9,1,2,2,38,2,3,4,3,1,1.3704
9,1,2,2,39,2,2,4,2,1,1.1121
9,1,2,2,40,2,4,1,4,1,2.177
9,1,2,2,41,2,5,2,5,1,1.5817
9,1,2,2,42,2,3,6,3,1,1.1547
9,1,2,2,43,2,5,6,6,0,1.5463
9,1,2,2,44,2,3,2,3,1,1.6275
9,1,2,2,45,2,3,6,6,0,1.4222
9,1,2,2,46,2,6,4,6,1,1.2068
9,1,2,2,47,2,4,6,6,0,1.5795
9,1,2,2,48,2,3,2,3,1,1.2752
9,1,2,2,49,2,4,6,6,0,1.1178
9,1,2,2,50,2,5,3,3,0,1.4413
9,1,2,3,1,6,5,,6,0,2.134
9,1,2,3,2,6,3,,3,1,1.1193
9,1,2,3,3,6,3,,6,0,1.2721
9,1,2,3,4,6,2,,2,1,1.0458
9,1,2,3,5,6,6,,6,1,1.1211
9,1,2,3,6,6,5,,2,0,2.5203
9,1,2,3,7,6,1,,1,1,1.8744
9,1,2,3,8,6,3,,6,0,0.8599
9,1,2,3,9,6,1,,6,0,1.2753
9,1,2,3,10,6,4,,5,0,1.0956
9,1,2,3,11,6,5,,6,0,1.2759
9,1,2,3,12,6,6,,3,0,1.7367
9,1,2,3,13,6,1,,6,0,1.0589
9,1,2,3,14,6,4,,6,0,0.8891
9,1,2,3,15,6,5,,3,0,1.3512
9,1,2,3,16,6,5,,5,1,1.9525
9,1,2,3,17,6,4,,3,0,1.1745
9,1,2,3,18,6,1,,6,0,1.5284
9,1,2,3,19,6,3,,3,1,1.2594
9,1,2,3,20,6,2,,6,0,0.9895
9,1,2,3,21,6,2,,6,0,1.4796
9,1,2,3,22,6,1,,1,1,1.4683
9,1,2,3,23,6,4,,3,0,1.5894
9,1,2,3,24,6,3,,1,0,1.911
9,1,2,3,25,6,5,,5,1,1.5128
9,1,2,3,26,6,2,,6,0,1.0894
9,1,2,3,27,6,6,,6,1,1.2536
9,1,2,3,28,6,1,,1,1,1.3522
9,1,2,3,29,6,6,,2,0,2.3912
9,1,2,3,30,6,4,,2,0,1.6076
9,1,2,3,31,6,2,,2,1,1.6866
9,1,2,3,32,6,3,,3,1,1.32
9,1,2,3,33,6,4,,4,1,1.2882
9,1,2,3,34,6,6,,6,1,0.9052
9,1,2,3,35,6,6,,6,1,0.9872
9,1,2,3,36,6,2,,2,1,1.7368
9,1,2,3,37,6,5,,6,0,0.8883
9,1,2,3,38,6,2,,2,1,1.1256
9,1,2,3,39,6,2,,3,0,1.8213
9,1,2,3,40,6,4,,6,0,1.2211
9,1,2,3,41,6,4,,1,0,1.2367
9,1,2,3,42,6,6,,6,1,1.4753
9,1,2,3,43,6,3,,1,0,1.6923
9,1,2,3,44,6,6,,6,1,1.4807
9,1,2,3,45,6,6,,2,0,1.0899
9,1,2,3,46,6,3,,3,1,1.2063
9,1,2,3,47,6,6,,2,0,1.5796
9,1,2,3,48,6,5,,5,1,1.0209
9,1,2,3,49,6,1,,3,0,2.3283
9,1,2,3,50,6,1,,1,1,1.594
9,1,2,4,1,2,4,6,4,1,2.1731
9,1,2,4,2,2,2,3,3,0,1.2898
9,1,2,4,3,2,4,6,4,1,1.7663
9,1,2,4,4,2,6,5,6,1,1.0589
9,1,2,4,5,2,1,5,1,1,1.8379
9,1,2,4,6,2,1,6,1,1,2.1212
9,1,2,4,7,2,3,1,3,1,2.9199
9,1,2,4,8,2,6,5,6,1,0.9985
9,1,2,4,9,2,2,6,6,0,1.7957
9,1,2,4,10,2,1,6,1,1,1.3548
9,1,2,4,11,2,6,5,6,1,0.969
9,1,2,4,12,2,6,4,6,1,1.1604
9,1,2,4,13,2,5,1,5,1,1.0058
9,1,2,4,14,2,6,2,6,1,1.4034
9,1,2,4,15,2,6,2,2,0,1.4951
9,1,2,4,16,2,5,3,5,1,1.5638
9,1,2,4,17,2,6,2,6,1,1.105
9,1,2,4,18,2,4,1,1,0,1.722
9,1,2,4,19,2,1,6,6,0,0.9977
9,1,2,4,20,2,4,1,4,1,1.6625
9,1,2,4,21,2,4,5,5,0,2.6236
9,1,2,4,22,2,4,6,4,1,1.4458
9,1,2,4,23,2,5,2,5,1,1.0878
9,1,2,4,24,2,2,6,2,1,1.4497
9,1,2,4,25,2,1,6,1,1,1.1892
9,1,2,4,26,2,5,2,5,1,1.178
9,1,2,4,27,2,2,4,2,1,1.9999
9,1,2,4,28,2,2,5,2,1,1.4443
9,1,2,4,29,2,5,4,4,0,1.8229
9,1,2,4,30,2,5,3,3,0,1.5407
9,1,2,4,31,2,1,2,1,1,1.4
9,1,2,4,32,2,3,4,3,1,1.0915
9,1,2,4,33,2,2,1,2,1,1.1336
9,1,2,4,34,2,6,5,6,1,1.2377
9,1,2,4,35,2,5,2,5,1,1.2248
9,1,2,4,36,2,1,3,1,1,1.9488
9,1,2,4,37,2,3,5,3,1,1.571
9,1,2,4,38,2,3,1,3,1,1.1276
9,1,2,4,39,2,3,5,3,1,1.3432
9,1,2,4,40,2,1,4,4,0,1.5822
9,1,2,4,41,2,4,5,4,1,1.6797
9,1,2,4,42,2,3,4,3,1,1.1526
9,1,2,4,43,2,5,6,6,0,1.7353
9,1,2,4,44,2,2,3,2,1,1.4571
9,1,2,4,45,2,6,2,6,1,1.0682
9,1,2,4,46,2,3,5,3,1,1.255
9,1,2,4,47,2,3,5,3,1,1.2249
9,1,2,4,48,2,4,3,3,0,1.6612
9,1,2,4,49,2,6,3,6,1,1.0342
9,1,2,4,50,2,2,1,1,0,1.8937
9,1,3,1,1,2,6,4,6,1,1.1946
9,1,3,1,2,2,3,4,4,0,1.6316
9,1,3,1,3,2,1,2,1,1,1.3736
9,1,3,1,4,2,3,1,3,1,1.3243
9,1,3,1,5,2,2,3,3,0,1.1645
9,1,3,1,6,2,2,4,4,0,1.437
9,1,3,1,7,2,6,1,6,1,1.0121
9,1,3,1,8,2,5,3,5,1,2.0813
9,1,3,1,9,2,6,5,6,1,1.0888
9,1,3,1,10,2,6,5,6,1,1.1311
9,1,3,1,11,2,1,2,1,1,1.5067
9,1,3,1,12,2,6,3,6,1,1.227
9,1,3,1,13,2,1,6,1,1,2.3994
9,1,3,1,14,2,1,2,1,1,1.2346
9,1,3,1,15,2,3,6,3,1,1.2543
9,1,3,1,16,2,4,3,4,1,2.3771
9,1,3,1,17,2,4,6,4,1,1.7407
9,1,3,1,18,2,3,5,3,1,1.3067
9,1,3,1,19,2,4,6,4,1,1.9164
9,1,3,1,20,2,3,5,3,1,1.1557
9,1,3,1,21,2,3,5,3,1,1.1141
9,1,3,1,22,2,5,6,5,1,0.962
9,1,3,1,23,2,6,4,4,0,1.4886
9,1,3,1,24,2,2,3,2,1,1.3503
9,1,3,1,25,2,1,5,5,0,1.5086
9,1,3,1,26,2,4,6,4,1,1.7993
9,1,3,1,27,2,2,3,3,0,1.1074
9,1,3,1,28,2,4,5,5,0,1.6243
9,1,3,1,29,2,6,5,6,1,1.271
9,1,3,1,30,2,2,1,2,1,1.8491
9,1,3,1,31,2,1,2,2,0,1.4274
9,1,3,1,32,2,6,5,5,0,1.3054
9,1,3,1,33,2,1,3,3,0,1.3498
9,1,3,1,34,2,5,4,4,0,1.5198
9,1,3,1,35,2,2,4,2,1,1.3481
9,1,3,1,36,2,1,6,1,1,1.3624
9,1,3,1,37,2,6,3,6,1,0.9925
9,1,3,1,38,2,6,1,6,1,1.4379
9,1,3,1,39,2,3,5,5,0,1.5774
9,1,3,1,40,2,5,3,5,1,1.209
9,1,3,1,41,2,4,5,4,1,2.8297
9,1,3,1,42,2,5,4,5,1,1.3915
9,1,3,1,43,2,4,6,6,0,1.5797
9,1,3,1,44,2,3,2,2,0,1.5329
9,1,3,1,45,2,2,3,3,0,1.4068
9,1,3,1,46,2,5,4,5,1,1.0951
9,1,3,1,47,2,5,2,5,1,1.3441
9,1,3,1,48,2,2,6,2,1,1.7903
9,1,3,1,49,2,5,6,6,0,1.4997
9,1,3,1,50,2,4,6,4,1,1.423
9,1,3,2,1,6,3,,1,0,2.0893
9,1,3,2,2,6,1,,3,0,1.2371
9,1,3,2,3,6,2,,6,0,1.2993
9,1,3,2,4,6,5,,6,0,1.4713
9,1,3,2,5,6,1,,6,0,0.8686
9,1,3,2,6,6,4,,6,0,1.3945
9,1,3,2,7,6,4,,1,0,1.5957
9,1,3,2,8,6,2,,2,1,0.8908
9,1,3,2,9,6,4,,6,0,0.8128
9,1,3,2,10,6,1,,6,0,1.1809
9,1,3,2,11,6,3,,3,1,1.1337
9,1,3,2,12,6,6,,6,1,0.9011
9,1,3,2,13,6,6,,6,1,1.1597
9,1,3,2,14,6,5,,5,1,1.2296
9,1,3,2,15,6,4,,2,0,1.0248
9,1,3,2,16,6,5,,5,1,1.0157
9,1,3,2,17,6,2,,2,1,0.8518
9,1,3,2,18,6,6,,6,1,1.0319
9,1,3,2,19,6,6,,6,1,1.1716
9,1,3,2,20,6,2,,4,0,2.377
9,1,3,2,21,6,5,,2,0,1.1611
9,1,3,2,22,6,3,,6,0,1.179
9,1,3,2,23,6,1,,1,1,1.7562
9,1,3,2,24,6,3,,6,0,1.8178
9,1,3,2,25,6,2,,3,0,1.2333
9,1,3,2,26,6,4,,6,0,1.1679
9,1,3,2,27,6,6,,1,0,1.7142
9,1,3,2,28,6,1,,3,0,1.9004
9,1,3,2,29,6,5,,5,1,1.0574
9,1,3,2,30,6,4,,6,0,1.292
9,1,3,2,31,6,4,,3,0,1.0636
9,1,3,2,32,6,2,,6,0,1.5653
9,1,3,2,33,6,1,,6,0,0.991
9,1,3,2,34,6,6,,6,1,0.7599
9,1,3,2,35,6,6,,3,0,1.3104
9,1,3,2,36,6,6,,6,1,0.8743
9,1,3,2,37,6,6,,2,0,1.6759
9,1,3,2,38,6,6,,6,1,0.7126
9,1,3,2,39,6,5,,4,0,2.3703
9,1,3,2,40,6,3,,3,1,0.8504
9,1,3,2,41,6,2,,2,1,1.1249
9,1,3,2,42,6,1,,4,0,1.9008
9,1,3,2,43,6,3,,3,1,1.0728
9,1,3,2,44,6,3,,4,0,2.1392
9,1,3,2,45,6,3,,5,0,1.4284
9,1,3,2,46,6,4,,2,0,1.1945
9,1,3,2,47,6,5,,5,1,1.4193
9,1,3,2,48,6,1,,3,0,2.0556
9,1,3,2,49,6,5,,6,0,1.3322
9,1,3,2,50,6,2,,2,1,1.6314
9,1,3,3,1,2,5,6,5,1,1.0403
9,1,3,3,2,2,6,3,3,0,1.34
9,1,3,3,3,2,3,5,3,1,1.3175
9,1,3,3,4,2,2,6,2,1,1.0137
9,1,3,3,5,2,1,2,2,0,1.666
9,1,3,3,6,2,3,1,3,1,1.0551
9,1,3,3,7,2,4,2,2,0,2.5225
9,1,3,3,8,2,2,6,6,0,1.1249
9,1,3,3,9,2,2,1,1,0,2.0878
9,1,3,3,10,2,6,2,6,1,0.9311
9,1,3,3,11,2,5,6,5,1,2.4193
9,1,3,3,12,2,1,5,1,1,1.5415
9,1,3,3,13,2,2,1,2,1,1.0197
9,1,3,3,14,2,5,6,5,1,2.3132
9,1,3,3,15,2,5,4,5,1,1.5511
9,1,3,3,16,2,5,2,2,0,3.2386
9,1,3,3,17,2,5,3,3,0,1.7315
9,1,3,3,18,2,4,3,4,1,1.7252
9,1,3,3,19,2,6,3,6,1,1.1165
9,1,3,3,20,2,4,2,4,1,1.3812
9,1,3,3,21,2,1,5,1,1,2.0818
9,1,3,3,22,2,4,6,4,1,1.7945
9,1,3,3,23,2,3,5,3,1,1.1031
9,1,3,3,24,2,1,2,1,1,1.9435
9,1,3,3,25,2,3,2,3,1,1.1332
9,1,3,3,26,2,6,3,6,1,1.0934
9,1,3,3,27,2,3,5,3,1,1.0381
9,1,3,3,28,2,1,6,1,1,1.2745
9,1,3,3,29,2,5,1,1,0,1.612
9,1,3,3,30,2,2,3,2,1,1.3718
9,1,3,3,31,2,1,6,1,1,1.5302
9,1,3,3,32,2,6,1,6,1,0.993
9,1,3,3,33,2,2,5,2,1,1.4703
9,1,3,3,34,2,4,2,4,1,2.2961
9,1,3,3,35,2,2,3,2,1,1.0876
9,1,3,3,36,2,4,3,4,1,1.2407
9,1,3,3,37,2,1,5,5,0,1.6119
9,1,3,3,38,2,6,5,6,1,1.0197
9,1,3,3,39,2,6,1,1,0,1.7676
9,1,3,3,40,2,3,5,5,0,1.3606
9,1,3,3,41,2,6,2,6,1,1.0341
9,1,3,3,42,2,6,5,6,1,0.8852
9,1,3,3,43,2,2,4,2,1,2.5198
9,1,3,3,44,2,4,5,4,1,2.0071
9,1,3,3,45,2,3,1,3,1,1.0669
9,1,3,3,46,2,6,3,6,1,0.7576
9,1,3,3,47,2,4,2,4,1,1.9637
9,1,3,3,48,2,1,2,2,0,1.5212
9,1,3,3,49,2,3,2,3,1,1.3488
9,1,3,3,50,2,5,3,5,1,1.9871
9,1,3,4,1,6,5,,5,1,1.0788
9,1,3,4,2,6,4,,6,0,1.1201
9,1,3,4,3,6,4,,1,0,1.5231
9,1,3,4,4,6,6,,4,0,1.1109
9,1,3,4,5,6,4,,2,0,1.1622
9,1,3,4,6,6,6,,6,1,0.7641
9,1,3,4,7,6,5,,3,0,1.1383
9,1,3,4,8,6,1,,4,0,1.6373
9,1,3,4,9,6,2,,2,1,1.1872
9,1,3,4,10,6,6,,6,1,0.8731
9,1,3,4,11,6,2,,3,0,1.0508
9,1,3,4,12,6,2,,3,0,1.3307
9,1,3,4,13,6,1,,3,0,1.6776
9,1,3,4,14,6,3,,6,0,0.9852
9,1,3,4,15,6,4,,1,0,1.6985
9,1,3,4,16,6,5,,5,1,0.9261
9,1,3,4,17,6,3,,3,1,1.1989
9,1,3,4,18,6,6,,6,1,0.8671
9,1,3,4,19,6,3,,1,0,2.0384
9,1,3,4,20,6,6,,6,1,0.6598
9,1,3,4,21,6,1,,1,1,1.1352
9,1,3,4,22,6,6,,6,1,0.9508
9,1,3,4,23,6,3,,3,1,1.1897
9,1,3,4,24,6,5,,5,1,1.5961
9,1,3,4,25,6,1,,1,1,1.3275
9,1,3,4,26,6,2,,2,1,1.6635
9,1,3,4,27,6,4,,3,0,1.3298
9,1,3,4,28,6,1,,1,1,1.2913
9,1,3,4,29,6,6,,3,0,1.4683
9,1,3,4,30,6,4,,4,1,1.3305
9,1,3,4,31,6,6,,6,1,0.9622
9,1,3,4,32,6,1,,2,0,1.2954
9,1,3,4,33,6,4,,4,1,1.2125
9,1,3,4,34,6,5,,4,0,1.2159
9,1,3,4,35,6,6,,6,1,0.7675
9,1,3,4,36,6,3,,3,1,1.6864
9,1,3,4,37,6,1,,4,0,1.8483
9,1,3,4,38,6,3,,1,0,1.6618
9,1,3,4,39,6,4,,6,0,1.6266
9,1,3,4,40,6,2,,2,1,1.2404
9,1,3,4,41,6,5,,3,0,1.4682
9,1,3,4,42,6,6,,3,0,1.4089
9,1,3,4,43,6,5,,5,1,1.1455
9,1,3,4,44,6,3,,3,1,1.1999
9,1,3,4,45,6,5,,2,0,2.0842
9,1,3,4,46,6,2,,5,0,1.2004
9,1,3,4,47,6,2,,2,1,1.4575
9,1,3,4,48,6,1,,5,0,1.4515
9,1,3,4,49,6,3,,3,1,1.2015
9,1,3,4,50,6,2,,2,1,1.5585
9,1,4,1,1,6,3,,6,0,0.9794
9,1,4,1,2,6,6,,6,1,0.9571
9,1,4,1,3,6,4,,3,0,1.1477
9,1,4,1,4,6,4,,1,0,1.6947
9,1,4,1,5,6,3,,5,0,0.8098
9,1,4,1,6,6,2,,2,1,1.0349
9,1,4,1,7,6,1,,3,0,1.062
9,1,4,1,8,6,6,,6,1,0.7794
9,1,4,1,9,6,6,,6,1,0.7703
9,1,4,1,10,6,2,,3,0,1.1924
9,1,4,1,11,6,1,,3,0,1.0019
9,1,4,1,12,6,2,,1,0,1.1056
9,1,4,1,13,6,3,,3,1,0.7568
9,1,4,1,14,6,5,,1,0,1.0523
9,1,4,1,15,6,5,,3,0,1.0903
9,1,4,1,16,6,5,,3,0,1.7985
9,1,4,1,17,6,5,,6,0,1.2147
9,1,4,1,18,6,6,,6,1,0.7658
9,1,4,1,19,6,1,,3,0,1.0925
9,1,4,1,20,6,4,,6,0,1.1292
9,1,4,1,21,6,4,,3,0,1.1325
9,1,4,1,22,6,4,,3,0,1.1835
9,1,4,1,23,6,3,,4,0,1.5846
9,1,4,1,24,6,5,,6,0,0.833
9,1,4,1,25,6,5,,3,0,1.601
9,1,4,1,26,6,2,,3,0,0.9283
9,1,4,1,27,6,6,,2,0,2.091
9,1,4,1,28,6,1,,3,0,0.7597
9,1,4,1,29,6,6,,4,0,1.3059
9,1,4,1,30,6,6,,6,1,0.804
9,1,4,1,31,6,2,,2,1,1.1946
9,1,4,1,32,6,1,,3,0,1.5195
9,1,4,1,33,6,3,,2,0,0.8818
9,1,4,1,34,6,3,,3,1,0.8792
9,1,4,1,35,6,6,,6,1,0.8172
9,1,4,1,36,6,4,,6,0,0.9167
9,1,4,1,37,6,2,,2,1,1.1858
9,1,4,1,38,6,2,,3,0,1.9274
9,1,4,1,39,6,1,,1,1,1.3367
9,1,4,1,40,6,6,,6,1,2.0727
9,1,4,1,41,6,3,,3,1,1.3694
9,1,4,1,42,6,2,,2,1,1.1919
9,1,4,1,43,6,3,,6,0,0.8921
9,1,4,1,44,6,1,,1,1,1.0173
9,1,4,1,45,6,5,,3,0,1.5892
9,1,4,1,46,6,4,,3,0,1.3651
9,1,4,1,47,6,5,,6,0,1.0543
9,1,4,1,48,6,6,,6,1,1.0282
9,1,4,1,49,6,4,,2,0,1.3927
9,1,4,1,50,6,1,,6,0,0.8083
9,1,4,2,1,2,3,2,2,0,1.7018
9,1,4,2,2,2,2,3,2,1,1.3296
9,1,4,2,3,2,6,3,6,1,1.0564
9,1,4,2,4,2,4,1,4,1,1.5472
9,1,4,2,5,2,4,6,6,0,0.9299
9,1,4,2,6,2,2,1,1,0,1.5652
9,1,4,2,7,2,6,4,6,1,1.0866
9,1,4,2,8,2,4,6,6,0,1.5278
9,1,4,2,9,2,5,2,5,1,1.45
9,1,4,2,10,2,1,3,3,0,1.2213
9,1,4,2,11,2,2,6,2,1,1.4925
9,1,4,2,12,2,1,2,1,1,1.741
9,1,4,2,13,2,6,4,6,1,1.1004
9,1,4,2,14,2,6,2,2,0,1.3641
9,1,4,2,15,2,6,3,6,1,1.4387
9,1,4,2,16,2,3,1,1,0,1.5136
9,1,4,2,17,2,5,2,5,1,1.5014
9,1,4,2,18,2,1,3,3,0,1.1246
9,1,4,2,19,2,2,6,6,0,1.257
9,1,4,2,20,2,6,4,4,0,1.8942
9,1,4,2,21,2,5,2,5,1,1.2577
9,1,4,2,22,2,2,5,2,1,1.8993
9,1,4,2,23,2,1,5,1,1,1.7799
9,1,4,2,24,2,5,2,5,1,1.6973
9,1,4,2,25,2,3,6,3,1,1.0885
9,1,4,2,26,2,4,3,3,0,1.2742
9,1,4,2,27,2,3,2,3,1,1.048
9,1,4,2,28,2,3,2,3,1,1.7945
9,1,4,2,29,2,1,6,1,1,1.1024
9,1,4,2,30,2,4,5,4,1,1.7845
9,1,4,2,31,2,5,2,2,0,1.7326
9,1,4,2,32,2,3,2,3,1,1.0869
9,1,4,2,33,2,2,5,5,0,1.3692
9,1,4,2,34,2,1,6,1,1,1.7458
9,1,4,2,35,2,3,2,3,1,1.0244
9,1,4,2,36,2,6,1,6,1,1.149
9,1,4,2,37,2,4,2,4,1,2.1147
9,1,4,2,38,2,4,6,4,1,1.5069
9,1,4,2,39,2,6,2,2,0,1.4188
9,1,4,2,40,2,5,4,5,1,1.3148
9,1,4,2,41,2,5,2,2,0,1.3628
9,1,4,2,42,2,3,1,3,1,0.9406
9,1,4,2,43,2,5,1,5,1,1.4517
9,1,4,2,44,2,6,3,3,0,1.2382
9,1,4,2,45,2,4,5,4,1,1.6844
9,1,4,2,46,2,1,2,1,1,1.5254
9,1,4,2,47,2,1,3,3,0,1.3725
9,1,4,2,48,2,6,2,6,1,0.8525
9,1,4,2,49,2,2,1,2,1,2.1207
9,1,4,2,50,2,2,3,3,0,1.4635
9,1,4,3,1,6,1,,3,0,1.2591
9,1,4,3,2,6,5,,3,0,1.2729
9,1,4,3,3,6,4,,3,0,0.9169
9,1,4,3,4,6,2,,1,0,1.1056
9,1,4,3,5,6,6,,6,1,0.9655
9,1,4,3,6,6,6,,4,0,2.2756
9,1,4,3,7,6,4,,6,0,2.2628
9,1,4,3,8,6,5,,6,0,0.7794
9,1,4,3,9,6,6,,6,1,0.7174
9,1,4,3,10,6,4,,3,0,2.2615
9,1,4,3,11,6,2,,2,1,1.1634
9,1,4,3,12,6,1,,3,0,1.4564
9,1,4,3,13,6,3,,2,0,1.4939
9,1,4,3,14,6,6,,3,0,2.4904
9,1,4,3,15,6,3,,6,0,1.5581
9,1,4,3,16,6,2,,3,0,2.4391
9,1,4,3,17,6,5,,6,0,0.8048
9,1,4,3,18,6,2,,2,1,1.7174
9,1,4,3,19,6,4,,3,0,1.1086
9,1,4,3,20,6,6,,6,1,0.8892
9,1,4,3,21,6,2,,2,1,1.1952
9,1,4,3,22,6,2,,2,1,0.9119
9,1,4,3,23,6,1,,1,1,1.3435
9,1,4,3,24,6,6,,6,1,0.8947
9,1,4,3,25,6,4,,4,1,2.1286
9,1,4,3,26,6,3,,4,0,1.4863
9,1,4,3,27,6,5,,5,1,1.315
9,1,4,3,28,6,6,,6,1,0.7711
9,1,4,3,29,6,4,,2,0,1.194
9,1,4,3,30,6,3,,3,1,1.2582
9,1,4,3,31,6,1,,5,0,1.1965
9,1,4,3,32,6,3,,3,1,1.1009
9,1,4,3,33,6,3,,2,0,0.9812
9,1,4,3,34,6,4,,2,0,1.1665
9,1,4,3,35,6,5,,4,0,1.2486
9,1,4,3,36,6,1,,3,0,1.0867
9,1,4,3,37,6,5,,6,0,1.0126
9,1,4,3,38,6,5,,2,0,1.2926
9,1,4,3,39,6,5,,6,0,0.9851
9,1,4,3,40,6,6,,6,1,0.7856
9,1,4,3,41,6,2,,2,1,0.76
9,1,4,3,42,6,3,,3,1,0.9582
9,1,4,3,43,6,3,,1,0,1.0374
9,1,4,3,44,6,6,,5,0,1.3166
9,1,4,3,45,6,6,,2,0,1.0869
9,1,4,3,46,6,1,,1,1,1.5084
9,1,4,3,47,6,4,,4,1,1.5964
9,1,4,3,48,6,1,,6,0,0.817
9,1,4,3,49,6,1,,2,0,0.8179
9,1,4,3,50,6,2,,2,1,0.8176
9,1,4,4,1,2,5,1,1,0,1.2505
9,1,4,4,2,2,1,4,4,0,2.1128
9,1,4,4,3,2,5,2,5,1,1.2269
9,1,4,4,4,2,2,3,2,1,1.2311
9,1,4,4,5,2,4,1,1,0,1.9863
9,1,4,4,6,2,3,4,3,1,1.5383
9,1,4,4,7,2,3,1,1,0,1.1298
9,1,4,4,8,2,1,4,1,1,2.0129
9,1,4,4,9,2,3,1,3,1,0.9763
9,1,4,4,10,2,4,5,4,1,1.566
9,1,4,4,11,2,2,1,2,1,2.469
9,1,4,4,12,2,1,3,1,1,1.2213
9,1,4,4,13,2,2,5,5,0,1.3849
9,1,4,4,14,2,1,2,1,1,1.585
9,1,4,4,15,2,6,5,6,1,1.1107
9,1,4,4,16,2,3,2,3,1,1.103
9,1,4,4,17,2,4,1,4,1,2.3916
9,1,4,4,18,2,6,3,6,1,1.0995
9,1,4,4,19,2,4,5,5,0,1.4925
9,1,4,4,20,2,6,1,1,0,1.3682
9,1,4,4,21,2,4,3,3,0,1.3463
9,1,4,4,22,2,6,3,6,1,1.2924
9,1,4,4,23,2,1,6,1,1,1.7886
9,1,4,4,24,2,2,1,2,1,1.5134
9,1,4,4,25,2,5,4,4,0,2.13
9,1,4,4,26,2,2,3,2,1,1.2433
9,1,4,4,27,2,2,5,2,1,1.4389
9,1,4,4,28,2,3,1,3,1,1.1455
9,1,4,4,29,2,2,3,2,1,1.249
9,1,4,4,30,2,5,2,5,1,1.3955
9,1,4,4,31,2,6,4,6,1,1.0399
9,1,4,4,32,2,1,6,1,1,1.6754
9,1,4,4,33,2,5,2,2,0,2.0448
9,1,4,4,34,2,4,6,4,1,1.5612
9,1,4,4,35,2,3,4,3,1,1.1678
9,1,4,4,36,2,1,6,1,1,1.1903
9,1,4,4,37,2,6,4,4,0,1.7554
9,1,4,4,38,2,3,6,3,1,1.1569
9,1,4,4,39,2,5,3,5,1,1.9471
9,1,4,4,40,2,5,3,3,0,2.0484
9,1,4,4,41,2,5,3,5,1,1.0381
9,1,4,4,42,2,4,2,2,0,2.3776
9,1,4,4,43,2,4,6,4,1,1.466
9,1,4,4,44,2,1,2,1,1,1.6999
9,1,4,4,45,2,6,2,2,0,1.2679
9,1,4,4,46,2,6,2,6,1,1.1537
9,1,4,4,47,2,2,3,2,1,1.1119
9,1,4,4,48,2,6,3,6,1,1.1356
9,1,4,4,49,2,3,5,3,1,1.2561
9,1,4,4,50,2,6,1,6,1,1.2418
9,1,5,1,1,2,4,5,4,1,11.3376
9,1,5,1,2,2,5,6,5,1,1.727
9,1,5,1,3,2,4,5,5,0,1.4216
9,1,5,1,4,2,2,5,5,0,1.4923
9,1,5,1,5,2,3,4,3,1,1.0333
9,1,5,1,6,2,4,2,2,0,1.2528
9,1,5,1,7,2,5,6,5,1,1.5866
9,1,5,1,8,2,3,6,3,1,0.9356
9,1,5,1,9,2,5,1,1,0,1.3672
9,1,5,1,10,2,2,1,2,1,1.4573
9,1,5,1,11,2,6,5,6,1,1.3233
9,1,5,1,12,2,1,4,4,0,2.0595
9,1,5,1,13,2,6,5,6,1,1.1434
9,1,5,1,14,2,4,2,4,1,1.5029
9,1,5,1,15,2,2,4,2,1,1.303
9,1,5,1,16,2,2,6,2,1,1.1277
9,1,5,1,17,2,3,1,3,1,1.1835
9,1,5,1,18,2,6,3,3,0,1.4451
9,1,5,1,19,2,3,6,3,1,1.0356
9,1,5,1,20,2,3,2,2,0,1.6859
9,1,5,1,21,2,4,3,3,0,1.8899
9,1,5,1,22,2,6,5,6,1,1.1107
9,1,5,1,23,2,1,3,1,1,1.7111
9,1,5,1,24,2,4,3,3,0,1.4861
9,1,5,1,25,2,6,2,6,1,1.4909
9,1,5,1,26,2,1,5,1,1,1.5152
9,1,5,1,27,2,5,6,5,1,1.5395
9,1,5,1,28,2,2,6,2,1,1.4342
9,1,5,1,29,2,6,2,6,1,1.0614
9,1,5,1,30,2,3,6,3,1,1.0241
9,1,5,1,31,2,6,1,6,1,0.9241
9,1,5,1,32,2,1,3,1,1,1.1002
9,1,5,1,33,2,6,4,6,1,1.0935
9,1,5,1,34,2,3,6,3,1,1.4868
9,1,5,1,35,2,1,3,3,0,1.3192
9,1,5,1,36,2,2,6,6,0,1.6025
9,1,5,1,37,2,5,3,3,0,1.2335
9,1,5,1,38,2,1,5,1,1,1.3925
9,1,5,1,39,2,4,3,3,0,1.3414
9,1,5,1,40,2,5,1,5,1,1.0957
9,1,5,1,41,2,2,4,4,0,1.5835
9,1,5,1,42,2,3,4,3,1,1.0087
9,1,5,1,43,2,1,6,1,1,1.1502
9,1,5,1,44,2,5,3,3,0,1.3649
9,1,5,1,45,2,6,4,6,1,0.8778
9,1,5,1,46,2,5,2,5,1,1.6635
9,1,5,1,47,2,2,3,3,0,1.2814
9,1,5,1,48,2,6,3,3,0,1.3585
9,1,5,1,49,2,4,3,3,0,1.7044
9,1,5,1,50,2,1,2,2,0,1.5388
9,1,5,2,1,6,3,,2,0,1.2508
9,1,5,2,2,6,5,,6,0,0.8488
9,1,5,2,3,6,5,,5,1,0.927
9,1,5,2,4,6,5,,2,0,1.1346
9,1,5,2,5,6,6,,6,1,0.7051
9,1,5,2,6,6,2,,2,1,0.9711
9,1,5,2,7,6,5,,2,0,0.8261
9,1,5,2,8,6,5,,5,1,0.9847
9,1,5,2,9,6,3,,3,1,0.9189
9,1,5,2,10,6,3,,3,1,0.8065
9,1,5,2,11,6,6,,6,1,0.7962
9,1,5,2,12,6,1,,2,0,1.0253
9,1,5,2,13,6,3,,3,1,1.672
9,1,5,2,14,6,6,,6,1,0.8261
9,1,5,2,15,6,2,,2,1,0.8929
9,1,5,2,16,6,5,,6,0,0.8466
9,1,5,2,17,6,4,,4,1,2.5259
9,1,5,2,18,6,4,,6,0,0.8918
9,1,5,2,19,6,2,,2,1,0.7598
9,1,5,2,20,6,5,,1,0,1.1676
9,1,5,2,21,6,4,,2,0,2.2554
9,1,5,2,22,6,4,,2,0,1.1236
9,1,5,2,23,6,1,,3,0,1.7347
9,1,5,2,24,6,1,,4,0,1.9043
9,1,5,2,25,6,4,,1,0,2.0516
9,1,5,2,26,6,6,,6,1,0.8333
9,1,5,2,27,6,2,,2,1,0.7896
9,1,5,2,28,6,3,,3,1,1.6107
9,1,5,2,29,6,3,,6,0,1.5993
9,1,5,2,30,6,6,,6,1,0.8471
9,1,5,2,31,6,4,,2,0,0.9303
9,1,5,2,32,6,2,,2,1,1.1021
9,1,5,2,33,6,2,,4,0,2.0692
9,1,5,2,34,6,1,,1,1,1.2345
9,1,5,2,35,6,2,,2,1,1.0447
9,1,5,2,36,6,1,,2,0,1.9044
9,1,5,2,37,6,6,,6,1,1.012
9,1,5,2,38,6,4,,6,0,0.8319
9,1,5,2,39,6,6,,1,0,2.1437
9,1,5,2,40,6,1,,2,0,1.0491
9,1,5,2,41,6,1,,2,0,1.1345
9,1,5,2,42,6,6,,2,0,1.2327
9,1,5,2,43,6,6,,1,0,2.1444
9,1,5,2,44,6,2,,2,1,0.8883
9,1,5,2,45,6,1,,3,0,1.6894
9,1,5,2,46,6,3,,4,0,3.0139
9,1,5,2,47,6,3,,3,1,0.796
9,1,5,2,48,6,6,,6,1,1.4726
9,1,5,2,49,6,5,,3,0,0.8591
9,1,5,2,50,6,4,,1,0,1.0809
9,1,5,3,1,2,6,1,6,1,0.7459
9,1,5,3,2,2,4,6,6,0,1.2175
9,1,5,3,3,2,2,3,2,1,0.9127
9,1,5,3,4,2,6,1,6,1,1.1042
9,1,5,3,5,2,3,1,3,1,0.7939
9,1,5,3,6,2,6,4,4,0,1.5989
9,1,5,3,7,2,1,2,2,0,1.4069
9,1,5,3,8,2,1,5,1,1,1.3015
9,1,5,3,9,2,4,6,4,1,1.7828
9,1,5,3,10,2,1,3,3,0,1.5713
9,1,5,3,11,2,2,5,2,1,1.1397
9,1,5,3,12,2,1,3,3,0,1.0512
9,1,5,3,13,2,2,4,2,1,1.0101
9,1,5,3,14,2,6,3,6,1,0.8469
9,1,5,3,15,2,4,3,4,1,1.3778
9,1,5,3,16,2,3,1,3,1,1.0546
9,1,5,3,17,2,3,5,3,1,1.4339
9,1,5,3,18,2,3,5,3,1,1.2527
9,1,5,3,19,2,3,5,3,1,1.2552
9,1,5,3,20,2,5,3,5,1,1.7535
9,1,5,3,21,2,3,6,6,0,1.6725
9,1,5,3,22,2,5,2,5,1,1.3967
9,1,5,3,23,2,5,4,4,0,1.4264
9,1,5,3,24,2,1,2,2,0,1.1769
9,1,5,3,25,2,2,6,2,1,1.0342
9,1,5,3,26,2,6,5,6,1,1.0452
9,1,5,3,27,2,1,4,4,0,2.0639
9,1,5,3,28,2,5,4,4,0,1.4688
9,1,5,3,29,2,1,2,1,1,1.5689
9,1,5,3,30,2,2,3,2,1,1.0946
9,1,5,3,31,2,4,6,4,1,1.52
9,1,5,3,32,2,6,5,5,0,1.1757
9,1,5,3,33,2,5,3,3,0,1.4488
9,1,5,3,34,2,4,6,4,1,1.4697
9,1,5,3,35,2,6,3,3,0,1.0633
9,1,5,3,36,2,3,5,3,1,1.149
9,1,5,3,37,2,2,1,1,0,1.4917
9,1,5,3,38,2,1,3,3,0,1.6079
9,1,5,3,39,2,6,4,4,0,1.3671
9,1,5,3,40,2,5,4,5,1,1.5697
9,1,5,3,41,2,5,6,6,0,1.366
9,1,5,3,42,2,4,5,4,1,1.3115
9,1,5,3,43,2,4,1,4,1,1.2316
9,1,5,3,44,2,4,1,4,1,1.1541
9,1,5,3,45,2,3,4,3,1,1.0333
9,1,5,3,46,2,2,1,2,1,1.2849
9,1,5,3,47,2,2,5,5,0,1.9738
9,1,5,3,48,2,6,5,5,0,1.3987
9,1,5,3,49,2,5,4,4,0,1.4868
9,1,5,3,50,2,6,5,6,1,0.8665
9,1,5,4,1,6,6,,6,1,0.7533
9,1,5,4,2,6,6,,6,1,0.7291
9,1,5,4,3,6,5,,3,0,0.9609
9,1,5,4,4,6,6,,6,1,0.585
9,1,5,4,5,6,2,,3,0,0.9054
9,1,5,4,6,6,3,,3,1,0.7247
9,1,5,4,7,6,6,,6,1,0.7335
9,1,5,4,8,6,5,,5,1,1.2366
9,1,5,4,9,6,3,,3,1,0.856
9,1,5,4,10,6,3,,3,1,0.7642
9,1,5,4,11,6,3,,6,0,0.8351
9,1,5,4,12,6,4,,1,0,1.1208
9,1,5,4,13,6,2,,2,1,1.2854
9,1,5,4,14,6,4,,4,1,1.8952
9,1,5,4,15,6,2,,2,1,0.7822
9,1,5,4,16,6,5,,3,0,1.572
9,1,5,4,17,6,2,,2,1,0.965
9,1,5,4,18,6,5,,5,1,1.1873
9,1,5,4,19,6,6,,6,1,1.0175
9,1,5,4,20,6,6,,6,1,0.8536
9,1,5,4,21,6,3,,2,0,1.2568
9,1,5,4,22,6,1,,1,1,1.3173
9,1,5,4,23,6,6,,2,0,1.3646
9,1,5,4,24,6,3,,3,1,0.9108
9,1,5,4,25,6,6,,6,1,0.8155
9,1,5,4,26,6,1,,3,0,1.5074
9,1,5,4,27,6,1,,1,1,1.3997
9,1,5,4,28,6,1,,4,0,1.5392
9,1,5,4,29,6,2,,2,1,0.9019
9,1,5,4,30,6,4,,3,0,0.8545
9,1,5,4,31,6,5,,4,0,1.7181
9,1,5,4,32,6,3,,3,1,0.7686
9,1,5,4,33,6,5,,6,0,0.7747
9,1,5,4,34,6,1,,2,0,1.1921
9,1,5,4,35,6,4,,3,0,0.8565
9,1,5,4,36,6,6,,6,1,0.7112
9,1,5,4,37,6,4,,3,0,0.8318
9,1,5,4,38,6,5,,3,0,1.1336
9,1,5,4,39,6,2,,2,1,1.0727
9,1,5,4,40,6,1,,5,0,0.9382
9,1,5,4,41,6,1,,5,0,1.3022
9,1,5,4,42,6,5,,1,0,1.0417
9,1,5,4,43,6,2,,2,1,1.4482
9,1,5,4,44,6,2,,2,1,0.7864
9,1,5,4,45,6,6,,6,1,0.8241
9,1,5,4,46,6,4,,3,0,1.1489
9,1,5,4,47,6,4,,6,0,1.1186
9,1,5,4,48,6,3,,6,0,0.9623
9,1,5,4,49,6,1,,2,0,0.9244
9,1,5,4,50,6,4,,2,0,0.9666
9,2,1,1,1,2,3,6,3,1,1.4145
9,2,1,1,2,2,2,6,2,1,1.7632
9,2,1,1,3,2,5,2,5,1,1.7127
9,2,1,1,4,2,5,6,6,0,1.025
9,2,1,1,5,2,2,6,2,1,2.3134
9,2,1,1,6,2,5,1,1,0,1.3448
9,2,1,1,7,2,2,3,2,1,1.2283
9,2,1,1,8,2,5,2,5,1,1.2317
9,2,1,1,9,2,6,3,3,0,1.2839
9,2,1,1,10,2,6,5,6,1,1.2163
9,2,1,1,11,2,1,5,5,0,1.8135
9,2,1,1,12,2,5,2,5,1,1.4691
9,2,1,1,13,2,4,6,4,1,1.511
9,2,1,1,14,2,6,2,6,1,0.9915
9,2,1,1,15,2,3,6,3,1,1.1645
9,2,1,1,16,2,4,2,2,0,1.3794
9,2,1,1,17,2,4,3,4,1,1.26
9,2,1,1,18,2,4,6,4,1,1.6796
9,2,1,1,19,2,3,5,3,1,1.5207
9,2,1,1,20,2,2,1,2,1,1.0012
9,2,1,1,21,2,1,2,2,0,1.4142
9,2,1,1,22,2,5,4,5,1,1.3096
9,2,1,1,23,2,3,1,1,0,1.7098
9,2,1,1,24,2,1,2,2,0,1.8022
9,2,1,1,25,2,6,2,2,0,1.3933
9,2,1,1,26,2,4,2,4,1,1.5621
9,2,1,1,27,2,3,6,3,1,1.2494
9,2,1,1,28,2,3,1,1,0,1.22
9,2,1,1,29,2,4,5,4,1,1.38
9,2,1,1,30,2,6,5,6,1,1.4574
9,2,1,1,31,2,4,5,4,1,1.6922
9,2,1,1,32,2,5,4,4,0,1.421
9,2,1,1,33,2,2,1,2,1,1.6209
9,2,1,1,34,2,1,4,4,0,1.6401
9,2,1,1,35,2,2,5,2,1,1.5905
9,2,1,1,36,2,1,3,3,0,1.8684
9,2,1,1,37,2,3,6,3,1,1.4568
9,2,1,1,38,2,2,5,5,0,1.4675
9,2,1,1,39,2,4,1,1,0,1.2014
9,2,1,1,40,2,6,4,6,1,0.8969
9,2,1,1,41,2,6,4,6,1,0.9618
9,2,1,1,42,2,1,6,6,0,1.7292
9,2,1,1,43,2,1,2,1,1,1.3247
9,2,1,1,44,2,1,2,1,1,1.5326
9,2,1,1,45,2,6,3,6,1,1.2354
9,2,1,1,46,2,3,4,3,1,1.4152
9,2,1,1,47,2,6,1,6,1,0.9471
9,2,1,1,48,2,5,3,5,1,1.8101
9,2,1,1,49,2,6,1,6,1,0.9747
9,2,1,1,50,2,2,6,6,0,1.2614
9,2,1,2,1,6,2,,1,0,1.7539
9,2,1,2,2,6,3,,2,0,1.2518
9,2,1,2,3,6,4,,4,1,1.2175
9,2,1,2,4,6,2,,2,1,0.9971
9,2,1,2,5,6,6,,6,1,1.1389
9,2,1,2,6,6,5,,5,1,1.2577
9,2,1,2,7,6,1,,6,0,1.4053
9,2,1,2,8,6,1,,3,0,1.2046
9,2,1,2,9,6,5,,5,1,1.0462
9,2,1,2,10,6,6,,6,1,0.8818
9,2,1,2,11,6,6,,6,1,0.851
9,2,1,2,12,6,6,,4,0,1.958
9,2,1,2,13,6,3,,2,0,1.2237
9,2,1,2,14,6,2,,2,1,1.1914
9,2,1,2,15,6,2,,1,0,1.3246
9,2,1,2,16,6,2,,2,1,0.8572
9,2,1,2,17,6,4,,3,0,1.2439
9,2,1,2,18,6,6,,3,0,1.2595
9,2,1,2,19,6,5,,5,1,1.0021
9,2,1,2,20,6,1,,3,0,1.1421
9,2,1,2,21,6,3,,4,0,1.8813
9,2,1,2,22,6,6,,6,1,0.7663
9,2,1,2,23,6,4,,2,0,0.9803
9,2,1,2,24,6,2,,3,0,1.2144
9,2,1,2,25,6,6,,6,1,0.9246
9,2,1,2,26,6,5,,3,0,1.6465
9,2,1,2,27,6,5,,4,0,1.6282
9,2,1,2,28,6,1,,6,0,0.9229
9,2,1,2,29,6,2,,1,0,2.0549
9,2,1,2,30,6,6,,3,0,1.1569
9,2,1,2,31,6,3,,3,1,1.3032
9,2,1,2,32,6,4,,6,0,0.8723
9,2,1,2,33,6,1,,5,0,1.5902
9,2,1,2,34,6,3,,2,0,1.0466
9,2,1,2,35,6,4,,6,0,0.7804
9,2,1,2,36,6,6,,6,1,1.6299
9,2,1,2,37,6,3,,3,1,1.3444
9,2,1,2,38,6,4,,2,0,1.7292
9,2,1,2,39,6,1,,1,1,1.2429
9,2,1,2,40,6,3,,3,1,1.4382
9,2,1,2,41,6,4,,4,1,1.2415
9,2,1,2,42,6,5,,3,0,1.5648
9,2,1,2,43,6,5,,5,1,1.2786
9,2,1,2,44,6,3,,3,1,1.1691
9,2,1,2,45,6,5,,4,0,1.1263
9,2,1,2,46,6,4,,3,0,1.3074
9,2,1,2,47,6,1,,1,1,1.4307
9,2,1,2,48,6,2,,2,1,0.9621
9,2,1,2,49,6,6,,6,1,1.2972
9,2,1,2,50,6,1,,3,0,1.1218
9,2,1,3,1,2,6,5,5,0,1.7303
9,2,1,3,2,2,6,2,2,0,1.6606
9,2,1,3,3,2,5,2,5,1,0.8424
9,2,1,3,4,2,5,6,6,0,1.7425
9,2,1,3,5,2,2,3,2,1,1.385
9,2,1,3,6,2,4,3,3,0,1.2865
9,2,1,3,7,2,4,5,5,0,1.5073
9,2,1,3,8,2,5,3,5,1,1.095
9,2,1,3,9,2,1,2,1,1,1.4567
9,2,1,3,10,2,1,2,2,0,2.3948
9,2,1,3,11,2,5,3,5,1,1.4664
9,2,1,3,12,2,3,5,3,1,1.077
9,2,1,3,13,2,1,6,1,1,1.2469
9,2,1,3,14,2,4,6,4,1,1.7772
9,2,1,3,15,2,2,4,2,1,1.2794
9,2,1,3,16,2,5,3,3,0,1.4251
9,2,1,3,17,2,6,5,6,1,1.2728
9,2,1,3,18,2,6,5,6,1,1.5463
9,2,1,3,19,2,1,5,1,1,1.3931
9,2,1,3,20,2,2,6,6,0,1.3581
9,2,1,3,21,2,2,6,2,1,1.2244
9,2,1,3,22,2,6,3,6,1,0.9572
9,2,1,3,23,2,2,1,1,0,1.7402
9,2,1,3,24,2,3,2,3,1,1.3349
9,2,1,3,25,2,3,6,3,1,1.2374
9,2,1,3,26,2,3,5,3,1,1.2897
9,2,1,3,27,2,3,6,3,1,1.2582
9,2,1,3,28,2,1,4,4,0,1.4854
9,2,1,3,29,2,1,6,1,1,1.4575
9,2,1,3,30,2,6,2,2,0,1.6287
9,2,1,3,31,2,2,5,2,1,1.1951
9,2,1,3,32,2,5,4,5,1,1.9041
9,2,1,3,33,2,4,6,4,1,1.3518
9,2,1,3,34,2,4,6,4,1,1.3032
9,2,1,3,35,2,6,2,6,1,1.1594
9,2,1,3,36,2,3,4,3,1,1.0703
9,2,1,3,37,2,4,2,2,0,1.5447
9,2,1,3,38,2,4,3,3,0,1.1471
9,2,1,3,39,2,3,5,3,1,1.2141
9,2,1,3,40,2,6,1,1,0,1.2173
9,2,1,3,41,2,1,4,1,1,1.2327
9,2,1,3,42,2,1,4,1,1,1.3323
9,2,1,3,43,2,4,5,5,0,1.348
9,2,1,3,44,2,6,2,6,1,1.198
9,2,1,3,45,2,2,1,1,0,1.5388
9,2,1,3,46,2,5,6,5,1,1.2374
9,2,1,3,47,2,2,5,5,0,1.5776
9,2,1,3,48,2,6,1,6,1,1.0817
9,2,1,3,49,2,5,6,5,1,1.1399
9,2,1,3,50,2,3,1,3,1,1.7714
9,2,1,4,1,6,6,,6,1,1.2546
9,2,1,4,2,6,6,,6,1,1.2893
9,2,1,4,3,6,2,,2,1,1.0991
9,2,1,4,4,6,5,,5,1,1.2049
9,2,1,4,5,6,3,,3,1,1.1774
9,2,1,4,6,6,4,,2,0,1.5351
9,2,1,4,7,6,3,,3,1,1.1702
9,2,1,4,8,6,2,,2,1,0.936
9,2,1,4,9,6,6,,6,1,0.9042
9,2,1,4,10,6,4,,4,1,1.3204
9,2,1,4,11,6,1,,6,0,1.1287
9,2,1,4,12,6,4,,2,0,1.245
9,2,1,4,13,6,6,,2,0,1.3874
9,2,1,4,14,6,4,,2,0,1.4108
9,2,1,4,15,6,5,,5,1,0.8757
9,2,1,4,16,6,4,,5,0,0.9738
9,2,1,4,17,6,3,,3,1,1.1439
9,2,1,4,18,6,2,,5,0,1.0073
9,2,1,4,19,6,2,,3,0,0.9041
9,2,1,4,20,6,3,,1,0,1.2036
9,2,1,4,21,6,1,,4,0,1.428
9,2,1,4,22,6,1,,5,0,1.1307
9,2,1,4,23,6,5,,5,1,1.3105
9,2,1,4,24,6,6,,6,1,0.8307
9,2,1,4,25,6,4,,6,0,1.1064
9,2,1,4,26,6,6,,3,0,1.0643
9,2,1,4,27,6,6,,6,1,0.7815
9,2,1,4,28,6,1,,6,0,0.9469
9,2,1,4,29,6,2,,2,1,1.0857
9,2,1,4,30,6,5,,3,0,1.3522
9,2,1,4,31,6,1,,3,0,1.5697
9,2,1,4,32,6,6,,6,1,0.7543
9,2,1,4,33,6,4,,4,1,2.2985
9,2,1,4,34,6,1,,1,1,1.6829
9,2,1,4,35,6,3,,2,0,1.0274
9,2,1,4,36,6,2,,2,1,1.1778
9,2,1,4,37,6,6,,5,0,0.8964
9,2,1,4,38,6,4,,6,0,0.7965
9,2,1,4,39,6,2,,5,0,1.8527
9,2,1,4,40,6,5,,6,0,1.2194
9,2,1,4,41,6,3,,3,1,1.3152
9,2,1,4,42,6,1,,6,0,0.9941
9,2,1,4,43,6,1,,1,1,2.0597
9,2,1,4,44,6,6,,6,1,0.9568
9,2,1,4,45,6,5,,5,1,0.8288
9,2,1,4,46,6,5,,2,0,1.1199
9,2,1,4,47,6,2,,1,0,2.3714
9,2,1,4,48,6,5,,5,1,0.9009
9,2,1,4,49,6,3,,3,1,1.0293
9,2,1,4,50,6,3,,5,0,0.9446
9,2,2,1,1,6,6,,6,1,1.2284
9,2,2,1,2,6,6,,6,1,0.7679
9,2,2,1,3,6,2,,5,0,0.9502
9,2,2,1,4,6,1,,5,0,0.8335
9,2,2,1,5,6,5,,5,1,0.8814
9,2,2,1,6,6,1,,1,1,1.4591
9,2,2,1,7,6,3,,3,1,1.0047
9,2,2,1,8,6,2,,4,0,1.4344
9,2,2,1,9,6,1,,1,1,1.1372
9,2,2,1,10,6,1,,4,0,2.1363
9,2,2,1,11,6,2,,2,1,0.7548
9,2,2,1,12,6,5,,5,1,0.9697
9,2,2,1,13,6,6,,3,0,1.0163
9,2,2,1,14,6,2,,2,1,1.4079
9,2,2,1,15,6,3,,5,0,0.9405
9,2,2,1,16,6,2,,3,0,1.2569
9,2,2,1,17,6,3,,6,0,0.8556
9,2,2,1,18,6,4,,3,0,1.5251
9,2,2,1,19,6,6,,6,1,1.0166
9,2,2,1,20,6,1,,2,0,1.6536
9,2,2,1,21,6,6,,6,1,0.7388
9,2,2,1,22,6,6,,6,1,1.499
9,2,2,1,23,6,2,,6,0,0.8041
9,2,2,1,24,6,3,,4,0,1.637
9,2,2,1,25,6,5,,5,1,1.2033
9,2,2,1,26,6,4,,6,0,1.6247
9,2,2,1,27,6,3,,5,0,0.9998
9,2,2,1,28,6,4,,4,1,1.327
9,2,2,1,29,6,2,,3,0,1.4886
9,2,2,1,30,6,5,,2,0,1.844
9,2,2,1,31,6,6,,6,1,1.1949
9,2,2,1,32,6,4,,2,0,1.2481
9,2,2,1,33,6,4,,2,0,1.3414
9,2,2,1,34,6,1,,3,0,1.1446
9,2,2,1,35,6,5,,5,1,0.8427
9,2,2,1,36,6,3,,3,1,0.9917
9,2,2,1,37,6,3,,2,0,1.0369
9,2,2,1,38,6,6,,5,0,1.1074
9,2,2,1,39,6,5,,5,1,1.0974
9,2,2,1,40,6,1,,3,0,1.8729
9,2,2,1,41,6,2,,2,1,1.1258
9,2,2,1,42,6,6,,4,0,1.1676
9,2,2,1,43,6,3,,3,1,1.3598
9,2,2,1,44,6,4,,6,0,1.1346
9,2,2,1,45,6,5,,1,0,1.4425
9,2,2,1,46,6,1,,4,0,2.3596
9,2,2,1,47,6,5,,5,1,0.7775
9,2,2,1,48,6,4,,4,1,1.6954
9,2,2,1,49,6,6,,1,0,1.8392
9,2,2,1,50,6,4,,5,0,1.1101
9,2,2,2,1,2,6,3,6,1,1.2864
9,2,2,2,2,2,5,1,5,1,1.6566
9,2,2,2,3,2,4,2,2,0,1.5303
9,2,2,2,4,2,1,6,6,0,1.1487
9,2,2,2,5,2,3,2,2,0,1.3116
9,2,2,2,6,2,1,2,1,1,1.2751
9,2,2,2,7,2,3,6,3,1,1.1333
9,2,2,2,8,2,6,3,6,1,1.1891
9,2,2,2,9,2,6,3,6,1,1.3546
9,2,2,2,10,2,6,2,2,0,1.321
9,2,2,2,11,2,1,6,1,1,1.2211
9,2,2,2,12,2,2,6,2,1,1.1124
9,2,2,2,13,2,5,6,5,1,1.1053
9,2,2,2,14,2,4,6,4,1,1.4654
9,2,2,2,15,2,6,5,6,1,0.9801
9,2,2,2,16,2,5,6,5,1,1.1541
9,2,2,2,17,2,2,6,2,1,1.1447
9,2,2,2,18,2,2,4,2,1,1.407
9,2,2,2,19,2,4,2,2,0,1.1002
9,2,2,2,20,2,3,5,5,0,1.4573
9,2,2,2,21,2,6,1,6,1,1.0301
9,2,2,2,22,2,5,4,4,0,1.7304
9,2,2,2,23,2,3,1,3,1,1.053
9,2,2,2,24,2,4,1,4,1,1.7997
9,2,2,2,25,2,6,2,6,1,1.1241
9,2,2,2,26,2,1,6,6,0,1.9004
9,2,2,2,27,2,1,4,4,0,1.5998
9,2,2,2,28,2,2,3,2,1,1.6
9,2,2,2,29,2,5,4,5,1,1.0927
9,2,2,2,30,2,3,5,3,1,1.3421
9,2,2,2,31,2,5,6,5,1,1.1501
9,2,2,2,32,2,1,2,2,0,2.0841
9,2,2,2,33,2,2,5,2,1,1.5044
9,2,2,2,34,2,6,5,6,1,1.3687
9,2,2,2,35,2,3,6,3,1,1.5429
9,2,2,2,36,2,5,2,5,1,1.1181
9,2,2,2,37,2,3,4,3,1,1.1104
9,2,2,2,38,2,5,3,5,1,1.2155
9,2,2,2,39,2,4,6,4,1,1.6512
9,2,2,2,40,2,2,3,2,1,1.1257
9,2,2,2,41,2,6,2,2,0,2.046
9,2,2,2,42,2,4,5,4,1,1.4362
9,2,2,2,43,2,3,1,1,0,2.3916
9,2,2,2,44,2,1,3,1,1,1.4468
9,2,2,2,45,2,2,4,2,1,1.7136
9,2,2,2,46,2,4,6,4,1,1.9046
9,2,2,2,47,2,6,4,4,0,1.2087
9,2,2,2,48,2,2,3,2,1,1.2404
9,2,2,2,49,2,4,5,4,1,1.4684
9,2,2,2,50,2,1,3,1,1,1.8621
9,2,2,3,1,6,5,,5,1,1.2939
9,2,2,3,2,6,6,,4,0,1.6312
9,2,2,3,3,6,3,,1,0,2.8454
9,2,2,3,4,6,6,,6,1,0.889
9,2,2,3,5,6,1,,5,0,0.9552
9,2,2,3,6,6,6,,3,0,1.3813
9,2,2,3,7,6,1,,3,0,1.3116
9,2,2,3,8,6,6,,5,0,1.0022
9,2,2,3,9,6,2,,3,0,1.1712
9,2,2,3,10,6,3,,3,1,0.9653
9,2,2,3,11,6,4,,4,1,1.1706
9,2,2,3,12,6,2,,2,1,1.1136
9,2,2,3,13,6,1,,3,0,1.1864
9,2,2,3,14,6,2,,2,1,0.9147
9,2,2,3,15,6,3,,3,1,0.9312
9,2,2,3,16,6,3,,4,0,1.7624
9,2,2,3,17,6,2,,5,0,1.2597
9,2,2,3,18,6,5,,5,1,0.8092
9,2,2,3,19,6,5,,6,0,1.279
9,2,2,3,20,6,6,,6,1,1.0992
9,2,2,3,21,6,1,,3,0,1.9256
9,2,2,3,22,6,6,,6,1,0.8394
9,2,2,3,23,6,4,,1,0,1.7876
9,2,2,3,24,6,1,,1,1,1.1238
9,2,2,3,25,6,2,,4,0,2.124
9,2,2,3,26,6,3,,4,0,2.6943
9,2,2,3,27,6,4,,3,0,1.6098
9,2,2,3,28,6,5,,5,1,1.2092
9,2,2,3,29,6,6,,1,0,1.2623
9,2,2,3,30,6,3,,3,1,1.0832
9,2,2,3,31,6,5,,5,1,1.1884
9,2,2,3,32,6,1,,4,0,1.8179
9,2,2,3,33,6,2,,5,0,1.6984
9,2,2,3,34,6,5,,6,0,0.8301
9,2,2,3,35,6,4,,3,0,1.4683
9,2,2,3,36,6,2,,5,0,1.3137
9,2,2,3,37,6,4,,3,0,1.5344
9,2,2,3,38,6,3,,3,1,1.2491
9,2,2,3,39,6,1,,6,0,1.2199
9,2,2,3,40,6,1,,1,1,2.0821
9,2,2,3,41,6,6,,6,1,0.7877
9,2,2,3,42,6,6,,6,1,2.474
9,2,2,3,43,6,4,,5,0,1.1304
9,2,2,3,44,6,4,,3,0,0.9576
9,2,2,3,45,6,2,,5,0,0.8385
9,2,2,3,46,6,4,,4,1,1.1908
9,2,2,3,47,6,5,,5,1,0.9077
9,2,2,3,48,6,5,,5,1,0.7331
9,2,2,3,49,6,3,,3,1,0.9183
9,2,2,3,50,6,6,,6,1,1.0137
9,2,2,4,1,2,3,1,3,1,3.2322
9,2,2,4,2,2,4,6,6,0,1.249
9,2,2,4,3,2,1,2,1,1,1.3438
9,2,2,4,4,2,6,3,6,1,1.1662
9,2,2,4,5,2,4,5,5,0,1.1239
9,2,2,4,6,2,3,5,3,1,1.2548
9,2,2,4,7,2,6,4,6,1,1.1142
9,2,2,4,8,2,2,3,2,1,1.49
9,2,2,4,9,2,6,1,1,0,1.2116
9,2,2,4,10,2,4,3,4,1,2.6195
9,2,2,4,11,2,3,1,3,1,1.6706
9,2,2,4,12,2,3,5,5,0,1.6077
9,2,2,4,13,2,1,6,6,0,1.1596
9,2,2,4,14,2,5,1,5,1,1.1619
9,2,2,4,15,2,1,3,3,0,1.3275
9,2,2,4,16,2,6,4,4,0,1.4191
9,2,2,4,17,2,5,3,5,1,1.5705
9,2,2,4,18,2,3,1,3,1,1.0635
9,2,2,4,19,2,2,1,2,1,1.5061
9,2,2,4,20,2,5,4,4,0,1.4673
9,2,2,4,21,2,2,4,4,0,3.0401
9,2,2,4,22,2,3,2,3,1,1.2375
9,2,2,4,23,2,2,6,6,0,1.5445
9,2,2,4,24,2,2,3,2,1,2.3784
9,2,2,4,25,2,6,2,6,1,0.8309
9,2,2,4,26,2,2,6,2,1,0.8988
9,2,2,4,27,2,4,1,4,1,1.3644
9,2,2,4,28,2,5,1,1,0,1.6493
9,2,2,4,29,2,1,3,1,1,4.1761
9,2,2,4,30,2,3,6,3,1,0.9548
9,2,2,4,31,2,6,4,6,1,1.2101
9,2,2,4,32,2,1,5,5,0,1.4064
9,2,2,4,33,2,4,5,4,1,1.7022
9,2,2,4,34,2,4,1,1,0,1.4938
9,2,2,4,35,2,5,6,6,0,1.1623
9,2,2,4,36,2,2,5,2,1,1.1316
9,2,2,4,37,2,6,4,6,1,1.1712
9,2,2,4,38,2,1,6,1,1,1.3691
9,2,2,4,39,2,2,6,2,1,0.9669
9,2,2,4,40,2,6,2,2,0,1.2542
9,2,2,4,41,2,6,4,6,1,1.1879
9,2,2,4,42,2,3,1,3,1,0.8578
9,2,2,4,43,2,5,2,5,1,0.9731
9,2,2,4,44,2,1,3,1,1,2.4745
9,2,2,4,45,2,5,1,5,1,0.955
9,2,2,4,46,2,6,4,6,1,0.8743
9,2,2,4,47,2,4,6,4,1,1.6298
9,2,2,4,48,2,1,2,2,0,1.5043
9,2,2,4,49,2,5,3,5,1,0.7568
9,2,2,4,50,2,4,2,4,1,1.7401
9,2,3,1,1,2,5,2,2,0,1.5634
9,2,3,1,2,2,6,3,6,1,1.1658
9,2,3,1,3,2,3,4,3,1,1.3952
9,2,3,1,4,2,2,1,2,1,2.0164
9,2,3,1,5,2,4,2,4,1,1.252
9,2,3,1,6,2,6,5,6,1,1.3026
9,2,3,1,7,2,5,2,2,0,1.5595
9,2,3,1,8,2,4,6,4,1,1.497
9,2,3,1,9,2,1,3,1,1,1.3134
9,2,3,1,10,2,6,1,6,1,0.9928
9,2,3,1,11,2,3,6,3,1,1.1823
9,2,3,1,12,2,1,6,1,1,1.2362
9,2,3,1,13,2,5,6,5,1,1.0962
9,2,3,1,14,2,1,4,4,0,1.3455
9,2,3,1,15,2,6,2,2,0,1.4665
9,2,3,1,16,2,2,6,2,1,0.9608
9,2,3,1,17,2,4,6,4,1,1.2309
9,2,3,1,18,2,6,2,2,0,1.2027
9,2,3,1,19,2,5,2,5,1,1.2507
9,2,3,1,20,2,3,2,3,1,0.9982
9,2,3,1,21,2,6,1,6,1,1.3306
9,2,3,1,22,2,1,2,2,0,1.3617
9,2,3,1,23,2,6,2,6,1,1.228
9,2,3,1,24,2,4,3,4,1,1.6469
9,2,3,1,25,2,2,3,2,1,1.0091
9,2,3,1,26,2,2,6,2,1,1.2776
9,2,3,1,27,2,6,1,6,1,1.7921
9,2,3,1,28,2,2,4,2,1,0.9553
9,2,3,1,29,2,2,4,4,0,2.2671
9,2,3,1,30,2,3,1,3,1,1.0558
9,2,3,1,31,2,6,3,3,0,1.3382
9,2,3,1,32,2,2,5,2,1,1.3652
9,2,3,1,33,2,1,2,1,1,1.3793
9,2,3,1,34,2,1,6,1,1,1.2168
9,2,3,1,35,2,3,4,3,1,1.4923
9,2,3,1,36,2,5,4,4,0,1.469
9,2,3,1,37,2,3,4,3,1,1.0425
9,2,3,1,38,2,4,2,4,1,2.9414
9,2,3,1,39,2,1,3,1,1,2.0598
9,2,3,1,40,2,5,4,4,0,1.4846
9,2,3,1,41,2,1,3,1,1,1.8087
9,2,3,1,42,2,5,4,5,1,1.5968
9,2,3,1,43,2,3,1,3,1,1.329
9,2,3,1,44,2,4,1,4,1,2.3852
9,2,3,1,45,2,6,2,2,0,1.1403
9,2,3,1,46,2,2,1,2,1,0.8553
9,2,3,1,47,2,3,4,3,1,1.0185
9,2,3,1,48,2,4,6,4,1,1.7504
9,2,3,1,49,2,5,4,4,0,1.3333
9,2,3,1,50,2,4,1,1,0,1.5523
9,2,3,2,1,6,6,,3,0,1.2634
9,2,3,2,2,6,4,,5,0,1.0863
9,2,3,2,3,6,1,,3,0,1.3154
9,2,3,2,4,6,4,,5,0,1.0856
9,2,3,2,5,6,2,,5,0,1.3315
9,2,3,2,6,6,5,,5,1,1.0219
9,2,3,2,7,6,6,,6,1,1.4674
9,2,3,2,8,6,1,,1,1,1.3813
9,2,3,2,9,6,4,,3,0,0.8977
9,2,3,2,10,6,4,,5,0,0.9753
9,2,3,2,11,6,6,,6,1,0.904
9,2,3,2,12,6,3,,4,0,2.3439
9,2,3,2,13,6,3,,3,1,1.4647
9,2,3,2,14,6,6,,5,0,1.828
9,2,3,2,15,6,5,,5,1,1.9775
9,2,3,2,16,6,2,,5,0,1.5506
9,2,3,2,17,6,2,,2,1,1.8397
9,2,3,2,18,6,2,,2,1,1.0986
9,2,3,2,19,6,5,,6,0,0.9166
9,2,3,2,20,6,2,,4,0,2.3685
9,2,3,2,21,6,4,,5,0,0.7852
9,2,3,2,22,6,3,,5,0,0.8822
9,2,3,2,23,6,3,,3,1,1.4718
9,2,3,2,24,6,1,,6,0,0.8895
9,2,3,2,25,6,6,,2,0,1.2223
9,2,3,2,26,6,4,,5,0,1.0628
9,2,3,2,27,6,1,,5,0,1.3397
9,2,3,2,28,6,1,,1,1,1.2382
9,2,3,2,29,6,3,,3,1,0.8261
9,2,3,2,30,6,2,,5,0,0.9733
9,2,3,2,31,6,6,,6,1,0.6957
9,2,3,2,32,6,5,,5,1,0.8164
9,2,3,2,33,6,2,,2,1,0.9657
9,2,3,2,34,6,5,,3,0,1.2998
9,2,3,2,35,6,5,,6,0,0.8316
9,2,3,2,36,6,1,,4,0,1.5198
9,2,3,2,37,6,3,,3,1,0.8833
9,2,3,2,38,6,3,,3,1,1.2517
9,2,3,2,39,6,1,,1,1,0.9515
9,2,3,2,40,6,6,,5,0,1.0465
9,2,3,2,41,6,1,,1,1,0.9891
9,2,3,2,42,6,6,,6,1,0.9058
9,2,3,2,43,6,6,,5,0,1.4668
9,2,3,2,44,6,3,,3,1,0.9119
9,2,3,2,45,6,2,,2,1,1.0737
9,2,3,2,46,6,6,,5,0,1.7224
9,2,3,2,47,6,5,,3,0,1.2053
9,2,3,2,48,6,4,,1,0,0.9818
9,2,3,2,49,6,5,,3,0,1.0871
9,2,3,2,50,6,4,,5,0,1.7965
9,2,3,3,1,2,3,5,5,0,1.1767
9,2,3,3,2,2,2,3,2,1,1.7375
9,2,3,3,3,2,6,3,6,1,0.9371
9,2,3,3,4,2,6,3,6,1,1.3842
9,2,3,3,5,2,2,1,1,0,1.3015
9,2,3,3,6,2,1,5,5,0,1.3461
9,2,3,3,7,2,4,6,4,1,1.4048
9,2,3,3,8,2,1,6,1,1,1.4336
9,2,3,3,9,2,4,2,4,1,1.6848
9,2,3,3,10,2,6,1,6,1,1.3175
9,2,3,3,11,2,5,2,5,1,1.2214
9,2,3,3,12,2,5,1,5,1,1.0978
9,2,3,3,13,2,2,3,3,0,0.9315
9,2,3,3,14,2,6,2,2,0,1.4539
9,2,3,3,15,2,5,3,5,1,1.2834
9,2,3,3,16,2,6,2,2,0,1.4609
9,2,3,3,17,2,3,6,3,1,1.3063
9,2,3,3,18,2,6,1,1,0,0.9709
9,2,3,3,19,2,3,2,3,1,1.0293
9,2,3,3,20,2,6,4,6,1,1.3925
9,2,3,3,21,2,6,2,6,1,0.861
9,2,3,3,22,2,2,6,2,1,1.0876
9,2,3,3,23,2,5,4,5,1,1.1776
9,2,3,3,24,2,1,4,4,0,1.1988
9,2,3,3,25,2,3,1,3,1,0.9109
9,2,3,3,26,2,5,3,5,1,1.3921
9,2,3,3,27,2,5,6,5,1,1.3722
9,2,3,3,28,2,4,2,2,0,1.2907
9,2,3,3,29,2,2,5,2,1,1.0306
9,2,3,3,30,2,3,1,3,1,1.0904
9,2,3,3,31,2,1,4,1,1,1.4843
9,2,3,3,32,2,2,1,2,1,1.0616
9,2,3,3,33,2,5,3,3,0,2.0
9,2,3,3,34,2,4,3,3,0,1.7751
9,2,3,3,35,2,1,4,4,0,1.2398
9,2,3,3,36,2,6,2,6,1,1.0138
9,2,3,3,37,2,2,3,3,0,2.1463
9,2,3,3,38,2,3,5,5,0,1.5636
9,2,3,3,39,2,4,5,5,0,1.581
9,2,3,3,40,2,6,5,6,1,1.0058
9,2,3,3,41,2,1,2,1,1,1.098
9,2,3,3,42,2,3,4,3,1,1.5872
9,2,3,3,43,2,4,6,4,1,1.3527
9,2,3,3,44,2,1,4,4,0,1.3348
9,2,3,3,45,2,4,1,1,0,1.5388
9,2,3,3,46,2,2,5,5,0,1.2527
9,2,3,3,47,2,1,2,1,1,1.3314
9,2,3,3,48,2,4,2,4,1,1.8426
9,2,3,3,49,2,3,6,3,1,1.0694
9,2,3,3,50,2,5,1,1,0,1.5756
9,2,3,4,1,6,2,,2,1,1.2378
9,2,3,4,2,6,4,,4,1,1.2728
9,2,3,4,3,6,1,,6,0,1.2911
9,2,3,4,4,6,1,,6,0,1.2223
9,2,3,4,5,6,1,,5,0,0.9016
9,2,3,4,6,6,6,,6,1,0.6912
9,2,3,4,7,6,3,,3,1,1.2924
9,2,3,4,8,6,2,,5,0,0.9087
9,2,3,4,9,6,2,,2,1,1.1602
9,2,3,4,10,6,6,,5,0,0.8471
9,2,3,4,11,6,3,,6,0,0.958
9,2,3,4,12,6,3,,3,1,1.2236
9,2,3,4,13,6,3,,2,0,1.1166
9,2,3,4,14,6,6,,5,0,0.9123
9,2,3,4,15,6,4,,2,0,1.1789
9,2,3,4,16,6,5,,6,0,1.1004
9,2,3,4,17,6,2,,3,0,1.0092
9,2,3,4,18,6,3,,5,0,3.0014
9,2,3,4,19,6,5,,2,0,1.1189
9,2,3,4,20,6,5,,5,1,1.0905
9,2,3,4,21,6,6,,6,1,1.5641
9,2,3,4,22,6,6,,6,1,0.865
9,2,3,4,23,6,6,,2,0,1.0128
9,2,3,4,24,6,4,,4,1,1.5959
9,2,3,4,25,6,4,,5,0,2.4172
9,2,3,4,26,6,4,,4,1,0.9903
9,2,3,4,27,6,6,,3,0,1.3567
9,2,3,4,28,6,3,,3,1,1.8303
9,2,3,4,29,6,4,,2,0,1.2798
9,2,3,4,30,6,5,,5,1,0.8446
9,2,3,4,31,6,6,,2,0,1.4726
9,2,3,4,32,6,2,,2,1,1.1258
9,2,3,4,33,6,1,,1,1,1.1167
9,2,3,4,34,6,5,,5,1,2.0537
9,2,3,4,35,6,4,,2,0,1.0946
9,2,3,4,36,6,3,,5,0,0.891
9,2,3,4,37,6,6,,5,0,1.1606
9,2,3,4,38,6,4,,4,1,1.2426
9,2,3,4,39,6,2,,3,0,1.1486
9,2,3,4,40,6,1,,1,1,1.2314
9,2,3,4,41,6,5,,1,0,1.2504
9,2,3,4,42,6,1,,2,0,1.6646
9,2,3,4,43,6,5,,2,0,1.1178
9,2,3,4,44,6,2,,3,0,1.0103
9,2,3,4,45,6,6,,2,0,0.9858
9,2,3,4,46,6,1,,5,0,0.7396
9,2,3,4,47,6,3,,2,0,1.1897
9,2,3,4,48,6,1,,5,0,0.7425
9,2,3,4,49,6,2,,2,1,0.7291
9,2,3,4,50,6,5,,5,1,0.8966
9,2,4,1,1,6,6,,5,0,0.7232
9,2,4,1,2,6,2,,1,0,2.9357
9,2,4,1,3,6,5,,6,0,0.7532
9,2,4,1,4,6,3,,3,1,1.1554
9,2,4,1,5,6,5,,5,1,0.9214
9,2,4,1,6,6,1,,6,0,1.0831
9,2,4,1,7,6,3,,2,0,1.055
9,2,4,1,8,6,6,,2,0,1.0615
9,2,4,1,9,6,4,,4,1,1.1799
9,2,4,1,10,6,5,,5,1,0.9144
9,2,4,1,11,6,4,,4,1,1.3935
9,2,4,1,12,6,4,,3,0,1.3431
9,2,4,1,13,6,2,,2,1,0.7927
9,2,4,1,14,6,2,,2,1,0.735
9,2,4,1,15,6,5,,5,1,0.9509
9,2,4,1,16,6,5,,2,0,0.821
9,2,4,1,17,6,4,,4,1,1.3172
9,2,4,1,18,6,6,,2,0,1.3328
9,2,4,1,19,6,2,,2,1,1.0711
9,2,4,1,20,6,2,,2,1,1.1617
9,2,4,1,21,6,4,,1,0,1.9525
9,2,4,1,22,6,2,,6,0,1.5222
9,2,4,1,23,6,3,,6,0,1.1414
9,2,4,1,24,6,1,,2,0,0.9043
9,2,4,1,25,6,1,,1,1,1.523
9,2,4,1,26,6,2,,2,1,0.8275
9,2,4,1,27,6,3,,3,1,1.1511
9,2,4,1,28,6,1,,6,0,0.9343
9,2,4,1,29,6,3,,5,0,0.8337
9,2,4,1,30,6,2,,2,1,0.7532
9,2,4,1,31,6,5,,4,0,1.5753
9,2,4,1,32,6,1,,3,0,1.0481
9,2,4,1,33,6,6,,5,0,0.7352
9,2,4,1,34,6,6,,1,0,1.2171
9,2,4,1,35,6,3,,3,1,0.9609
9,2,4,1,36,6,6,,2,0,1.6641
9,2,4,1,37,6,6,,6,1,0.7336
9,2,4,1,38,6,4,,2,0,0.8213
9,2,4,1,39,6,6,,2,0,0.7893
9,2,4,1,40,6,6,,6,1,0.6456
9,2,4,1,41,6,1,,3,0,0.978
9,2,4,1,42,6,1,,5,0,1.0179
9,2,4,1,43,6,5,,6,0,0.6431
9,2,4,1,44,6,6,,6,1,1.1619
9,2,4,1,45,6,1,,6,0,0.6081
9,2,4,1,46,6,5,,2,0,0.9044
9,2,4,1,47,6,3,,3,1,1.0754
9,2,4,1,48,6,4,,4,1,1.2938
9,2,4,1,49,6,4,,1,0,1.5019
9,2,4,1,50,6,3,,6,0,1.267
9,2,4,2,1,2,3,5,3,1,1.4698
9,2,4,2,2,2,1,6,1,1,1.0479
9,2,4,2,3,2,1,2,1,1,1.3628
9,2,4,2,4,2,3,4,3,1,1.569
9,2,4,2,5,2,6,2,6,1,0.8068
9,2,4,2,6,2,4,6,4,1,1.3707
9,2,4,2,7,2,4,2,4,1,1.3365
9,2,4,2,8,2,1,4,4,0,1.3046
9,2,4,2,9,2,2,4,2,1,0.9966
9,2,4,2,10,2,6,2,2,0,1.681
9,2,4,2,11,2,5,4,5,1,1.1503
9,2,4,2,12,2,5,1,5,1,1.0608
9,2,4,2,13,2,3,1,3,1,0.9278
9,2,4,2,14,2,4,2,2,0,1.7758
9,2,4,2,15,2,3,6,3,1,1.2716
9,2,4,2,16,2,5,3,5,1,1.1134
9,2,4,2,17,2,2,1,2,1,1.1059
9,2,4,2,18,2,6,5,6,1,1.7707
9,2,4,2,19,2,5,2,2,0,1.9765
9,2,4,2,20,2,6,1,6,1,1.6403
9,2,4,2,21,2,4,6,4,1,1.1632
9,2,4,2,22,2,4,6,4,1,1.2808
9,2,4,2,23,2,4,2,2,0,1.7145
9,2,4,2,24,2,3,5,3,1,1.1807
9,2,4,2,25,2,3,2,3,1,3.6349
9,2,4,2,26,2,3,6,6,0,1.9557
9,2,4,2,27,2,6,1,1,0,2.1329
9,2,4,2,28,2,5,1,5,1,1.6305
9,2,4,2,29,2,2,4,2,1,1.0249
9,2,4,2,30,2,2,6,2,1,1.4049
9,2,4,2,31,2,1,4,4,0,1.2899
9,2,4,2,32,2,2,6,6,0,1.1261
9,2,4,2,33,2,2,3,3,0,1.7221
9,2,4,2,34,2,5,2,5,1,1.0758
9,2,4,2,35,2,6,2,2,0,1.4208
9,2,4,2,36,2,1,2,1,1,1.3648
9,2,4,2,37,2,5,6,5,1,1.4104
9,2,4,2,38,2,3,1,3,1,1.2627
9,2,4,2,39,2,1,3,3,0,1.6486
9,2,4,2,40,2,6,2,2,0,1.4064
9,2,4,2,41,2,6,5,6,1,1.2057
9,2,4,2,42,2,1,3,3,0,1.2258
9,2,4,2,43,2,4,6,4,1,1.289
9,2,4,2,44,2,2,4,2,1,1.3055
9,2,4,2,45,2,6,3,6,1,1.2421
9,2,4,2,46,2,5,1,5,1,1.0358
9,2,4,2,47,2,4,5,4,1,1.6407
9,2,4,2,48,2,2,5,2,1,1.5158
9,2,4,2,49,2,1,4,1,1,1.2511
9,2,4,2,50,2,6,2,6,1,1.0624
9,2,4,3,1,6,4,,1,0,2.3502
9,2,4,3,2,6,2,,5,0,1.1499
9,2,4,3,3,6,5,,3,0,1.3616
9,2,4,3,4,6,4,,5,0,1.8671
9,2,4,3,5,6,6,,6,1,0.7191
9,2,4,3,6,6,1,,2,0,1.2711
9,2,4,3,7,6,1,,2,0,1.0283
9,2,4,3,8,6,1,,4,0,1.643
9,2,4,3,9,6,1,,5,0,1.4659
9,2,4,3,10,6,6,,1,0,0.585
9,2,4,3,11,6,4,,2,0,0.8245
9,2,4,3,12,6,2,,2,1,1.1751
9,2,4,3,13,6,6,,6,1,0.7821
9,2,4,3,14,6,4,,5,0,1.3794
9,2,4,3,15,6,6,,6,1,0.6853
9,2,4,3,16,6,5,,5,1,0.7428
9,2,4,3,17,6,3,,5,0,1.0551
9,2,4,3,18,6,6,,6,1,0.9177
9,2,4,3,19,6,6,,2,0,1.1579
9,2,4,3,20,6,2,,2,1,0.7745
9,2,4,3,21,6,3,,3,1,1.198
9,2,4,3,22,6,2,,2,1,1.1393
9,2,4,3,23,6,2,,3,0,1.1937
9,2,4,3,24,6,3,,1,0,0.8263
9,2,4,3,25,6,2,,2,1,1.0026
9,2,4,3,26,6,1,,3,0,1.2877
9,2,4,3,27,6,6,,6,1,1.3157
9,2,4,3,28,6,1,,5,0,0.9642
9,2,4,3,29,6,2,,2,1,1.1969
9,2,4,3,30,6,6,,5,0,0.7698
9,2,4,3,31,6,5,,5,1,1.0594
9,2,4,3,32,6,3,,3,1,0.9422
9,2,4,3,33,6,5,,5,1,0.7503
9,2,4,3,34,6,2,,3,0,1.5581
9,2,4,3,35,6,5,,3,0,1.2859
9,2,4,3,36,6,4,,2,0,1.4438
9,2,4,3,37,6,3,,1,0,0.9694
9,2,4,3,38,6,4,,2,0,0.8515
9,2,4,3,39,6,3,,3,1,1.0107
9,2,4,3,40,6,6,,6,1,0.687
9,2,4,3,41,6,4,,3,0,1.2409
9,2,4,3,42,6,4,,1,0,1.5747
9,2,4,3,43,6,5,,2,0,1.2879
9,2,4,3,44,6,5,,5,1,0.7877
9,2,4,3,45,6,5,,5,1,1.1302
9,2,4,3,46,6,3,,3,1,1.0583
9,2,4,3,47,6,1,,6,0,0.9244
9,2,4,3,48,6,3,,3,1,0.9358
9,2,4,3,49,6,1,,5,0,0.8869
9,2,4,3,50,6,6,,6,1,0.8991
9,2,4,4,1,2,1,4,4,0,2.9293
9,2,4,4,2,2,5,4,5,1,1.3224
9,2,4,4,3,2,1,6,1,1,1.1468
9,2,4,4,4,2,6,3,6,1,1.1378
9,2,4,4,5,2,4,2,4,1,1.4492
9,2,4,4,6,2,5,6,5,1,1.1391
9,2,4,4,7,2,2,5,2,1,1.7395
9,2,4,4,8,2,5,2,2,0,1.625
9,2,4,4,9,2,2,3,3,0,1.3201
9,2,4,4,10,2,4,1,1,0,1.6991
9,2,4,4,11,2,1,3,1,1,1.6948
9,2,4,4,12,2,2,6,6,0,2.1103
9,2,4,4,13,2,1,2,1,1,1.4009
9,2,4,4,14,2,4,3,4,1,1.4621
9,2,4,4,15,2,1,2,1,1,1.2804
9,2,4,4,16,2,3,1,3,1,1.057
9,2,4,4,17,2,6,4,6,1,1.4033
9,2,4,4,18,2,2,6,6,0,1.3843
9,2,4,4,19,2,4,1,4,1,2.0811
9,2,4,4,20,2,3,4,3,1,1.0901
9,2,4,4,21,2,5,2,5,1,1.1632
9,2,4,4,22,2,5,6,5,1,1.6335
9,2,4,4,23,2,4,5,5,0,1.2198
9,2,4,4,24,2,5,2,2,0,2.0042
9,2,4,4,25,2,3,2,3,1,1.3148
9,2,4,4,26,2,3,6,3,1,0.9949
9,2,4,4,27,2,3,6,3,1,1.1842
9,2,4,4,28,2,2,5,2,1,1.3176
9,2,4,4,29,2,6,1,6,1,1.2379
9,2,4,4,30,2,6,4,6,1,1.1444
9,2,4,4,31,2,5,2,2,0,1.6004
9,2,4,4,32,2,6,2,2,0,1.3109
9,2,4,4,33,2,2,5,2,1,0.9708
9,2,4,4,34,2,6,4,4,0,1.4655
9,2,4,4,35,2,3,1,3,1,1.0541
9,2,4,4,36,2,3,2,2,0,1.2405
9,2,4,4,37,2,6,4,6,1,2.2477
9,2,4,4,38,2,4,5,4,1,1.2005
9,2,4,4,39,2,6,2,6,1,1.3016
9,2,4,4,40,2,5,1,5,1,1.2545
9,2,4,4,41,2,1,4,1,1,1.2242
9,2,4,4,42,2,2,4,2,1,1.0371
9,2,4,4,43,2,4,2,2,0,2.1532
9,2,4,4,44,2,2,4,2,1,1.0577
9,2,4,4,45,2,1,2,1,1,1.4837
9,2,4,4,46,2,3,5,5,0,1.4139
9,2,4,4,47,2,6,1,6,1,1.1485
9,2,4,4,48,2,1,4,4,0,1.2678
9,2,4,4,49,2,6,4,6,1,1.1365
9,2,4,4,50,2,4,5,5,0,3.0006
9,2,5,1,1,2,1,2,1,1,1.5664
9,2,5,1,2,2,4,3,3,0,1.4266
9,2,5,1,3,2,5,2,5,1,1.4818
9,2,5,1,4,2,4,5,4,1,1.4593
9,2,5,1,5,2,2,3,3,0,1.0371
9,2,5,1,6,2,6,3,3,0,0.9646
9,2,5,1,7,2,3,6,6,0,1.3107
9,2,5,1,8,2,5,1,5,1,1.6733
9,2,5,1,9,2,6,1,6,1,1.0674
9,2,5,1,10,2,2,1,2,1,1.1581
9,2,5,1,11,2,6,3,3,0,1.4519
9,2,5,1,12,2,2,5,5,0,1.7298
9,2,5,1,13,2,5,4,5,1,0.8439
9,2,5,1,14,2,1,3,3,0,1.4073
9,2,5,1,15,2,5,1,5,1,0.9829
9,2,5,1,16,2,1,2,1,1,1.4125
9,2,5,1,17,2,1,5,1,1,1.2326
9,2,5,1,18,2,4,5,5,0,1.6039
9,2,5,1,19,2,6,5,5,0,1.3639
9,2,5,1,20,2,6,3,3,0,1.3092
9,2,5,1,21,2,1,3,3,0,1.386
9,2,5,1,22,2,2,6,2,1,1.0424
9,2,5,1,23,2,4,1,4,1,1.2935
9,2,5,1,24,2,3,1,3,1,1.2942
9,2,5,1,25,2,3,5,5,0,1.9347
9,2,5,1,26,2,3,1,1,0,1.2798
9,2,5,1,27,2,5,6,5,1,1.1649
9,2,5,1,28,2,6,4,6,1,1.4597
9,2,5,1,29,2,3,6,3,1,1.8219
9,2,5,1,30,2,2,5,2,1,0.9362
9,2,5,1,31,2,1,3,3,0,1.1282
9,2,5,1,32,2,6,5,5,0,1.4674
9,2,5,1,33,2,5,4,5,1,1.3448
9,2,5,1,34,2,1,3,1,1,1.5514
9,2,5,1,35,2,5,3,5,1,1.2214
9,2,5,1,36,2,3,6,3,1,1.2577
9,2,5,1,37,2,6,3,3,0,1.1173
9,2,5,1,38,2,4,1,1,0,1.5831
9,2,5,1,39,2,6,4,4,0,1.8402
9,2,5,1,40,2,4,2,2,0,1.3179
9,2,5,1,41,2,2,3,3,0,1.089
9,2,5,1,42,2,1,6,6,0,1.4447
9,2,5,1,43,2,4,1,1,0,1.532
9,2,5,1,44,2,3,1,1,0,1.6777
9,2,5,1,45,2,2,6,2,1,1.626
9,2,5,1,46,2,2,3,2,1,1.0697
9,2,5,1,47,2,5,6,5,1,1.4306
9,2,5,1,48,2,6,3,3,0,1.2669
9,2,5,1,49,2,4,3,4,1,1.664
9,2,5,1,50,2,3,5,3,1,1.4903
9,2,5,2,1,6,3,,6,0,1.1758
9,2,5,2,2,6,5,,5,1,0.7448
9,2,5,2,3,6,4,,3,0,1.1044
9,2,5,2,4,6,2,,2,1,0.7557
9,2,5,2,5,6,3,,6,0,1.0997
9,2,5,2,6,6,3,,3,1,1.2311
9,2,5,2,7,6,2,,2,1,0.8026
9,2,5,2,8,6,6,,4,0,1.5279
9,2,5,2,9,6,3,,6,0,0.811
9,2,5,2,10,6,5,,5,1,0.8591
9,2,5,2,11,6,2,,2,1,1.1169
9,2,5,2,12,6,5,,5,1,0.9495
9,2,5,2,13,6,3,,1,0,1.652
9,2,5,2,14,6,6,,6,1,0.7541
9,2,5,2,15,6,2,,2,1,1.2418
9,2,5,2,16,6,2,,3,0,1.1328
9,2,5,2,17,6,4,,4,1,1.1513
9,2,5,2,18,6,1,,3,0,1.2531
9,2,5,2,19,6,3,,3,1,1.3169
9,2,5,2,20,6,1,,2,0,1.1072
9,2,5,2,21,6,1,,1,1,1.7347
9,2,5,2,22,6,3,,1,0,1.3507
9,2,5,2,23,6,1,,6,0,0.8952
9,2,5,2,24,6,6,,6,1,0.9892
9,2,5,2,25,6,6,,3,0,1.7058
9,2,5,2,26,6,2,,2,1,1.157
9,2,5,2,27,6,1,,1,1,0.8278
9,2,5,2,28,6,1,,1,1,1.4867
9,2,5,2,29,6,5,,6,0,0.7438
9,2,5,2,30,6,4,,4,1,1.4195
9,2,5,2,31,6,4,,3,0,1.3505
9,2,5,2,32,6,5,,5,1,1.0572
9,2,5,2,33,6,4,,4,1,1.2113
9,2,5,2,34,6,5,,5,1,1.8721
9,2,5,2,35,6,1,,1,1,1.0804
9,2,5,2,36,6,6,,6,1,1.1854
9,2,5,2,37,6,6,,6,1,0.7751
9,2,5,2,38,6,6,,3,0,1.374
9,2,5,2,39,6,4,,2,0,1.2703
9,2,5,2,40,6,6,,3,0,1.7489
9,2,5,2,41,6,3,,5,0,1.0849
9,2,5,2,42,6,2,,2,1,1.0891
9,2,5,2,43,6,4,,4,1,0.9867
9,2,5,2,44,6,6,,5,0,2.4719
9,2,5,2,45,6,5,,5,1,0.8679
9,2,5,2,46,6,6,,6,1,1.7197
9,2,5,2,47,6,4,,3,0,2.0552
9,2,5,2,48,6,1,,1,1,0.7861
9,2,5,2,49,6,2,,4,0,1.4655
9,2,5,2,50,6,5,,5,1,0.9894
9,2,5,3,1,2,4,1,4,1,1.8
9,2,5,3,2,2,4,6,4,1,1.0103
9,2,5,3,3,2,5,2,2,0,1.8879
9,2,5,3,4,2,4,2,4,1,1.3961
9,2,5,3,5,2,1,3,1,1,1.0402
9,2,5,3,6,2,1,6,6,0,1.0355
9,2,5,3,7,2,4,5,5,0,2.1795
9,2,5,3,8,2,6,5,6,1,1.0021
9,2,5,3,9,2,6,2,2,0,1.0953
9,2,5,3,10,2,3,4,3,1,2.4278
9,2,5,3,11,2,4,1,4,1,1.6937
9,2,5,3,12,2,6,5,6,1,1.0381
9,2,5,3,13,2,6,1,6,1,1.4507
9,2,5,3,14,2,1,4,4,0,1.5558
9,2,5,3,15,2,2,5,2,1,1.1407
9,2,5,3,16,2,6,1,1,0,1.2293
9,2,5,3,17,2,3,4,4,0,1.5965
9,2,5,3,18,2,1,5,5,0,1.5482
9,2,5,3,19,2,1,6,1,1,1.1504
9,2,5,3,20,2,1,6,1,1,1.2204
9,2,5,3,21,2,3,2,3,1,1.3049
9,2,5,3,22,2,6,4,6,1,1.2085
9,2,5,3,23,2,4,3,3,0,1.245
9,2,5,3,24,2,2,4,4,0,2.0758
9,2,5,3,25,2,1,5,1,1,1.4321
9,2,5,3,26,2,3,4,4,0,1.9702
9,2,5,3,27,2,3,5,3,1,1.3137
9,2,5,3,28,2,3,5,3,1,1.1703
9,2,5,3,29,2,6,3,6,1,1.1918
9,2,5,3,30,2,2,5,2,1,1.1331
9,2,5,3,31,2,6,3,6,1,0.9319
9,2,5,3,32,2,2,4,2,1,1.1407
9,2,5,3,33,2,6,1,6,1,1.8028
9,2,5,3,34,2,5,1,5,1,1.0479
9,2,5,3,35,2,4,2,4,1,1.1383
9,2,5,3,36,2,2,1,2,1,1.1603
9,2,5,3,37,2,5,1,1,0,1.4388
9,2,5,3,38,2,1,3,3,0,1.2368
9,2,5,3,39,2,2,5,2,1,1.155
9,2,5,3,40,2,5,1,1,0,1.4819
9,2,5,3,41,2,5,4,5,1,1.2619
9,2,5,3,42,2,2,4,2,1,1.0888
9,2,5,3,43,2,4,6,6,0,1.3855
9,2,5,3,44,2,2,1,2,1,1.0896
9,2,5,3,45,2,3,2,2,0,1.3236
9,2,5,3,46,2,5,4,5,1,1.2395
9,2,5,3,47,2,6,3,6,1,1.0666
9,2,5,3,48,2,3,1,3,1,0.9965
9,2,5,3,49,2,5,6,5,1,1.2501
9,2,5,3,50,2,5,4,4,0,1.5084
9,2,5,4,1,6,1,,5,0,1.462
9,2,5,4,2,6,3,,2,0,1.0513
9,2,5,4,3,6,6,,5,0,1.025
9,2,5,4,4,6,6,,6,1,1.0002
9,2,5,4,5,6,5,,5,1,0.9483
9,2,5,4,6,6,4,,3,0,0.8999
9,2,5,4,7,6,2,,5,0,0.7521
9,2,5,4,8,6,3,,3,1,1.122
9,2,5,4,9,6,3,,2,0,1.3875
9,2,5,4,10,6,5,,5,1,0.7223
9,2,5,4,11,6,2,,3,0,1.0663
9,2,5,4,12,6,2,,6,0,0.8171
9,2,5,4,13,6,1,,1,1,1.1056
9,2,5,4,14,6,4,,3,0,1.2415
9,2,5,4,15,6,5,,5,1,0.7269
9,2,5,4,16,6,4,,2,0,0.8639
9,2,5,4,17,6,2,,2,1,0.9743
9,2,5,4,18,6,6,,6,1,0.7788
9,2,5,4,19,6,6,,4,0,1.202
9,2,5,4,20,6,5,,5,1,1.6333
9,2,5,4,21,6,1,,3,0,1.1076
9,2,5,4,22,6,3,,3,1,0.7272
9,2,5,4,23,6,2,,2,1,1.3755
9,2,5,4,24,6,1,,1,1,1.2775
9,2,5,4,25,6,1,,5,0,0.7504
9,2,5,4,26,6,2,,6,0,1.2483
9,2,5,4,27,6,5,,5,1,0.7034
9,2,5,4,28,6,2,,2,1,1.3374
9,2,5,4,29,6,3,,3,1,1.5112
9,2,5,4,30,6,6,,6,1,1.0226
9,2,5,4,31,6,1,,1,1,1.1949
9,2,5,4,32,6,3,,3,1,1.0564
9,2,5,4,33,6,4,,4,1,1.1916
9,2,5,4,34,6,5,,5,1,1.1822
9,2,5,4,35,6,4,,4,1,1.1383
9,2,5,4,36,6,5,,5,1,0.6825
9,2,5,4,37,6,6,,6,1,0.8364
9,2,5,4,38,6,6,,6,1,0.7923
9,2,5,4,39,6,4,,3,0,1.2606
9,2,5,4,40,6,4,,4,1,0.9545
9,2,5,4,41,6,3,,3,1,1.2081
9,2,5,4,42,6,1,,1,1,1.5479
9,2,5,4,43,6,6,,5,0,1.0103
9,2,5,4,44,6,2,,2,1,1.0022
9,2,5,4,45,6,4,,1,0,1.0787
9,2,5,4,46,6,5,,5,1,0.8423
9,2,5,4,47,6,1,,1,1,1.0392
9,2,5,4,48,6,6,,6,1,1.1944
9,2,5,4,49,6,6,,3,0,1.1031
9,2,5,4,50,6,3,,3,1,1.5389
9,3,1,1,1,2,5,6,5,1,1.3626
9,3,1,1,2,2,5,1,5,1,1.2971
9,3,1,1,3,2,4,5,4,1,1.2183
9,3,1,1,4,2,2,5,2,1,1.1907
9,3,1,1,5,2,5,3,3,0,1.6118
9,3,1,1,6,2,5,2,5,1,0.9879
9,3,1,1,7,2,1,5,1,1,1.9295
9,3,1,1,8,2,4,5,4,1,1.4571
9,3,1,1,9,2,2,3,2,1,1.196
9,3,1,1,10,2,6,1,6,1,1.2489
9,3,1,1,11,2,1,2,1,1,1.5081
9,3,1,1,12,2,1,3,1,1,1.1807
9,3,1,1,13,2,2,6,2,1,1.0584
9,3,1,1,14,2,6,1,6,1,1.117
9,3,1,1,15,2,5,4,5,1,1.6533
9,3,1,1,16,2,2,4,2,1,11.5283
9,3,1,1,17,2,1,6,6,0,1.1725
9,3,1,1,18,2,6,5,5,0,1.238
9,3,1,1,19,2,3,6,3,1,0.9811
9,3,1,1,20,2,2,1,1,0,1.2671
9,3,1,1,21,2,3,6,3,1,1.3286
9,3,1,1,22,2,3,2,3,1,1.0246
9,3,1,1,23,2,4,1,4,1,1.2771
9,3,1,1,24,2,4,1,4,1,1.1678
9,3,1,1,25,2,6,1,1,0,1.2376
9,3,1,1,26,2,1,3,3,0,1.0763
9,3,1,1,27,2,4,3,4,1,1.2427
9,3,1,1,28,2,6,5,5,0,1.822
9,3,1,1,29,2,3,5,3,1,1.1413
9,3,1,1,30,2,2,6,6,0,1.4524
9,3,1,1,31,2,5,1,5,1,1.0107
9,3,1,1,32,2,1,4,4,0,1.2796
9,3,1,1,33,2,1,6,1,1,1.3247
9,3,1,1,34,2,5,6,5,1,0.9406
9,3,1,1,35,2,3,4,3,1,1.3087
9,3,1,1,36,2,6,4,4,0,1.3251
9,3,1,1,37,2,4,2,2,0,1.2572
9,3,1,1,38,2,5,6,5,1,1.3833
9,3,1,1,39,2,3,5,3,1,1.0924
9,3,1,1,40,2,1,2,1,1,0.9901
9,3,1,1,41,2,6,1,1,0,1.3396
9,3,1,1,42,2,2,4,2,1,1.1908
9,3,1,1,43,2,3,4,4,0,0.9887
9,3,1,1,44,2,4,1,4,1,1.3339
9,3,1,1,45,2,6,5,6,1,1.7651
9,3,1,1,46,2,6,3,3,0,0.9628
9,3,1,1,47,2,3,1,3,1,1.0846
9,3,1,1,48,2,2,6,2,1,0.9662
9,3,1,1,49,2,6,3,6,1,0.853
9,3,1,1,50,2,4,6,4,1,1.4319
9,3,1,2,1,6,3,,3,1,1.4407
9,3,1,2,2,6,2,,6,0,0.8924
9,3,1,2,3,6,1,,2,0,1.0179
9,3,1,2,4,6,2,,2,1,0.8017
9,3,1,2,5,6,5,,5,1,1.1909
9,3,1,2,6,6,3,,3,1,0.9082
9,3,1,2,7,6,5,,5,1,0.8614
9,3,1,2,8,6,4,,4,1,1.5365
9,3,1,2,9,6,5,,2,0,0.9359
9,3,1,2,10,6,6,,6,1,0.7875
9,3,1,2,11,6,5,,4,0,1.3213
9,3,1,2,12,6,2,,2,1,1.0447
9,3,1,2,13,6,6,,6,1,1.0248
9,3,1,2,14,6,6,,6,1,0.8609
9,3,1,2,15,6,4,,3,0,1.2485
9,3,1,2,16,6,2,,5,0,1.5988
9,3,1,2,17,6,2,,2,1,0.8305
9,3,1,2,18,6,2,,5,0,0.8985
9,3,1,2,19,6,6,,2,0,1.0709
9,3,1,2,20,6,6,,3,0,1.3169
9,3,1,2,21,6,1,,1,1,0.8485
9,3,1,2,22,6,6,,6,1,1.3796
9,3,1,2,23,6,3,,2,0,0.8816
9,3,1,2,24,6,1,,6,0,1.3428
9,3,1,2,25,6,1,,3,0,2.1694
9,3,1,2,26,6,4,,4,1,1.5541
9,3,1,2,27,6,3,,2,0,1.0002
9,3,1,2,28,6,2,,3,0,1.377
9,3,1,2,29,6,5,,5,1,1.4347
9,3,1,2,30,6,6,,5,0,2.2303
9,3,1,2,31,6,3,,5,0,0.7474
9,3,1,2,32,6,4,,1,0,0.9901
9,3,1,2,33,6,5,,5,1,0.9515
9,3,1,2,34,6,1,,3,0,1.0947
9,3,1,2,35,6,4,,5,0,1.5792
9,3,1,2,36,6,6,,6,1,1.5
9,3,1,2,37,6,4,,4,1,1.1563
9,3,1,2,38,6,5,,5,1,1.2917
9,3,1,2,39,6,4,,6,0,1.6452
9,3,1,2,40,6,6,,6,1,0.9074
9,3,1,2,41,6,1,,3,0,1.2924
9,3,1,2,42,6,3,,4,0,1.5779
9,3,1,2,43,6,1,,5,0,0.8899
9,3,1,2,44,6,1,,3,0,1.1598
9,3,1,2,45,6,4,,5,0,1.6249
9,3,1,2,46,6,3,,5,0,0.7763
9,3,1,2,47,6,5,,3,0,1.2429
9,3,1,2,48,6,3,,3,1,1.0654
9,3,1,2,49,6,2,,2,1,1.6039
9,3,1,2,50,6,6,,6,1,0.8886
9,3,1,3,1,2,6,4,6,1,0.8073
9,3,1,3,2,2,6,4,6,1,1.3409
9,3,1,3,3,2,1,2,1,1,1.6127
9,3,1,3,4,2,1,5,1,1,1.4732
9,3,1,3,5,2,5,4,4,0,1.4511
9,3,1,3,6,2,3,6,3,1,1.5048
9,3,1,3,7,2,1,2,2,0,1.2257
9,3,1,3,8,2,5,1,5,1,1.2888
9,3,1,3,9,2,3,5,3,1,1.0983
9,3,1,3,10,2,4,2,4,1,1.4112
9,3,1,3,11,2,5,6,5,1,0.9281
9,3,1,3,12,2,5,4,5,1,1.4397
9,3,1,3,13,2,4,6,4,1,1.5473
9,3,1,3,14,2,4,1,4,1,1.234
9,3,1,3,15,2,2,6,2,1,1.2215
9,3,1,3,16,2,4,3,4,1,1.1775
9,3,1,3,17,2,6,1,6,1,1.0067
9,3,1,3,18,2,6,4,4,0,1.4039
9,3,1,3,19,2,2,5,2,1,0.8681
9,3,1,3,20,2,2,1,1,0,1.3829
9,3,1,3,21,2,2,5,5,0,0.896
9,3,1,3,22,2,3,2,3,1,0.9725
9,3,1,3,23,2,6,4,4,0,1.3871
9,3,1,3,24,2,3,1,1,0,1.5399
9,3,1,3,25,2,3,5,3,1,1.4141
9,3,1,3,26,2,4,2,4,1,1.2984
9,3,1,3,27,2,3,4,4,0,1.6351
9,3,1,3,28,2,3,1,1,0,1.4099
9,3,1,3,29,2,1,4,4,0,1.3054
9,3,1,3,30,2,6,2,6,1,2.0378
9,3,1,3,31,2,5,4,5,1,1.0649
9,3,1,3,32,2,1,4,4,0,1.635
9,3,1,3,33,2,6,4,4,0,1.7611
9,3,1,3,34,2,1,2,1,1,1.4829
9,3,1,3,35,2,2,6,2,1,1.0922
9,3,1,3,36,2,6,3,6,1,1.1819
9,3,1,3,37,2,2,5,5,0,1.1554
9,3,1,3,38,2,2,4,2,1,1.0783
9,3,1,3,39,2,1,4,1,1,2.0955
9,3,1,3,40,2,4,3,4,1,1.4721
9,3,1,3,41,2,6,5,6,1,1.6902
9,3,1,3,42,2,3,2,3,1,1.3071
9,3,1,3,43,2,4,1,4,1,1.3876
9,3,1,3,44,2,5,3,3,0,1.4016
9,3,1,3,45,2,5,4,5,1,1.3297
9,3,1,3,46,2,1,6,1,1,1.713
9,3,1,3,47,2,5,4,4,0,1.3761
9,3,1,3,48,2,2,6,2,1,0.9542
9,3,1,3,49,2,4,3,4,1,1.1774
9,3,1,3,50,2,6,2,6,1,1.6314
9,3,1,4,1,6,6,,2,0,1.4404
9,3,1,4,2,6,6,,3,0,1.1747
9,3,1,4,3,6,5,,5,1,0.7767
9,3,1,4,4,6,4,,4,1,1.2628
9,3,1,4,5,6,2,,2,1,0.8494
9,3,1,4,6,6,1,,6,0,1.525
9,3,1,4,7,6,5,,6,0,0.7601
9,3,1,4,8,6,3,,3,1,1.0184
9,3,1,4,9,6,2,,4,0,1.1109
9,3,1,4,10,6,6,,6,1,0.9226
9,3,1,4,11,6,5,,5,1,0.8272
9,3,1,4,12,6,3,,3,1,1.2639
9,3,1,4,13,6,4,,4,1,1.1062
9,3,1,4,14,6,6,,6,1,0.9707
9,3,1,4,15,6,2,,2,1,0.8095
9,3,1,4,16,6,4,,1,0,1.1349
9,3,1,4,17,6,1,,5,0,0.7858
9,3,1,4,18,6,6,,6,1,1.4106
9,3,1,4,19,6,3,,5,0,1.8878
9,3,1,4,20,6,2,,2,1,1.0599
9,3,1,4,21,6,5,,5,1,0.9273
9,3,1,4,22,6,5,,4,0,1.1516
9,3,1,4,23,6,6,,3,0,1.1702
9,3,1,4,24,6,5,,5,1,1.0112
9,3,1,4,25,6,2,,2,1,1.1362
9,3,1,4,26,6,2,,2,1,0.7919
9,3,1,4,27,6,6,,6,1,0.9095
9,3,1,4,28,6,3,,3,1,0.9751
9,3,1,4,29,6,6,,4,0,1.1656
9,3,1,4,30,6,3,,4,0,0.7506
9,3,1,4,31,6,3,,5,0,1.2822
9,3,1,4,32,6,1,,5,0,0.751
9,3,1,4,33,6,4,,4,1,0.9773
9,3,1,4,34,6,1,,1,1,0.9759
9,3,1,4,35,6,1,,2,0,1.0382
9,3,1,4,36,6,3,,3,1,1.4135
9,3,1,4,37,6,4,,4,1,1.1533
9,3,1,4,38,6,1,,5,0,1.8001
9,3,1,4,39,6,3,,5,0,0.8314
9,3,1,4,40,6,1,,6,0,0.8792
9,3,1,4,41,6,4,,4,1,1.2121
9,3,1,4,42,6,4,,4,1,1.0726
9,3,1,4,43,6,1,,4,0,1.0987
9,3,1,4,44,6,4,,5,0,1.9038
9,3,1,4,45,6,5,,1,0,1.7311
9,3,1,4,46,6,5,,5,1,1.4058
9,3,1,4,47,6,2,,2,1,0.8906
9,3,1,4,48,6,6,,3,0,1.2436
9,3,1,4,49,6,2,,2,1,1.5138
9,3,1,4,50,6,6,,3,0,1.6501
9,3,2,1,1,6,3,,2,0,1.5693
9,3,2,1,2,6,2,,2,1,1.7153
9,3,2,1,3,6,4,,2,0,0.8824
9,3,2,1,4,6,3,,4,0,1.4078
9,3,2,1,5,6,2,,2,1,0.84
9,3,2,1,6,6,2,,2,1,1.2277
9,3,2,1,7,6,6,,6,1,0.7677
9,3,2,1,8,6,4,,5,0,0.9672
9,3,2,1,9,6,1,,1,1,1.009
9,3,2,1,10,6,5,,6,0,1.6455
9,3,2,1,11,6,2,,2,1,1.0996
9,3,2,1,12,6,3,,2,0,1.2844
9,3,2,1,13,6,4,,6,0,0.9458
9,3,2,1,14,6,1,,1,1,1.8365
9,3,2,1,15,6,6,,1,0,1.9111
9,3,2,1,16,6,6,,5,0,0.8582
9,3,2,1,17,6,5,,5,1,1.6729
9,3,2,1,18,6,3,,3,1,1.1474
9,3,2,1,19,6,6,,6,1,1.0102
9,3,2,1,20,6,6,,3,0,1.3753
9,3,2,1,21,6,4,,3,0,1.8809
9,3,2,1,22,6,1,,1,1,0.9887
9,3,2,1,23,6,4,,3,0,1.0823
9,3,2,1,24,6,1,,2,0,1.264
9,3,2,1,25,6,3,,3,1,0.8938
9,3,2,1,26,6,4,,5,0,1.7269
9,3,2,1,27,6,6,,2,0,1.0183
9,3,2,1,28,6,6,,3,0,1.0902
9,3,2,1,29,6,1,,6,0,0.8237
9,3,2,1,30,6,6,,3,0,1.0313
9,3,2,1,31,6,5,,6,0,1.0548
9,3,2,1,32,6,5,,5,1,1.0289
9,3,2,1,33,6,1,,3,0,0.9131
9,3,2,1,34,6,4,,4,1,1.117
9,3,2,1,35,6,1,,5,0,1.7015
9,3,2,1,36,6,5,,6,0,1.2012
9,3,2,1,37,6,2,,6,0,1.6011
9,3,2,1,38,6,2,,4,0,1.4575
9,3,2,1,39,6,3,,3,1,1.5109
9,3,2,1,40,6,5,,5,1,1.2152
9,3,2,1,41,6,6,,6,1,0.8515
9,3,2,1,42,6,1,,3,0,0.9996
9,3,2,1,43,6,3,,6,0,0.7837
9,3,2,1,44,6,2,,5,0,0.6567
9,3,2,1,45,6,6,,6,1,0.7606
9,3,2,1,46,6,4,,1,0,1.0231
9,3,2,1,47,6,5,,5,1,1.0621
9,3,2,1,48,6,3,,1,0,1.6486
9,3,2,1,49,6,2,,6,0,0.7024
9,3,2,1,50,6,5,,5,1,0.803
9,3,2,2,1,2,4,5,5,0,1.9262
9,3,2,2,2,2,2,4,2,1,1.3205
9,3,2,2,3,2,5,2,5,1,0.8248
9,3,2,2,4,2,6,4,6,1,1.038
9,3,2,2,5,2,2,6,2,1,0.9054
9,3,2,2,6,2,3,4,3,1,1.3544
9,3,2,2,7,2,1,4,1,1,1.2411
9,3,2,2,8,2,2,5,2,1,1.0204
9,3,2,2,9,2,3,1,1,0,1.6095
9,3,2,2,10,2,5,6,6,0,1.2888
9,3,2,2,11,2,6,5,6,1,1.0773
9,3,2,2,12,2,6,5,6,1,1.4871
9,3,2,2,13,2,6,1,6,1,1.3679
9,3,2,2,14,2,1,5,1,1,1.2226
9,3,2,2,15,2,3,4,3,1,1.6107
9,3,2,2,16,2,4,6,4,1,1.374
9,3,2,2,17,2,5,4,5,1,1.2445
9,3,2,2,18,2,5,4,5,1,0.9908
9,3,2,2,19,2,6,1,6,1,1.7085
9,3,2,2,20,2,5,4,5,1,1.021
9,3,2,2,21,2,1,5,1,1,1.6419
9,3,2,2,22,2,4,1,4,1,1.4048
9,3,2,2,23,2,1,4,1,1,1.3213
9,3,2,2,24,2,3,1,3,1,1.1936
9,3,2,2,25,2,1,6,1,1,1.5507
9,3,2,2,26,2,6,2,6,1,1.0292
9,3,2,2,27,2,4,5,4,1,1.2968
9,3,2,2,28,2,5,6,6,0,1.713
9,3,2,2,29,2,6,4,4,0,1.5321
9,3,2,2,30,2,2,1,2,1,1.0232
9,3,2,2,31,2,4,5,5,0,1.0354
9,3,2,2,32,2,6,1,1,0,1.7627
9,3,2,2,33,2,5,3,5,1,1.4034
9,3,2,2,34,2,5,3,3,0,1.3366
9,3,2,2,35,2,2,5,5,0,1.1872
9,3,2,2,36,2,1,4,1,1,1.0122
9,3,2,2,37,2,4,3,4,1,1.3769
9,3,2,2,38,2,4,2,4,1,1.3265
9,3,2,2,39,2,2,1,2,1,1.278
9,3,2,2,40,2,3,5,3,1,1.1834
9,3,2,2,41,2,1,6,6,0,1.8928
9,3,2,2,42,2,3,2,3,1,1.4167
9,3,2,2,43,2,6,1,6,1,1.0929
9,3,2,2,44,2,4,1,4,1,1.2624
9,3,2,2,45,2,2,1,2,1,1.1363
9,3,2,2,46,2,3,4,3,1,1.4323
9,3,2,2,47,2,6,3,3,0,1.1231
9,3,2,2,48,2,1,2,1,1,1.2717
9,3,2,2,49,2,2,3,3,0,1.145
9,3,2,2,50,2,3,6,3,1,1.1154
9,3,2,3,1,6,2,,2,1,1.1862
9,3,2,3,2,6,1,,3,0,0.9192
9,3,2,3,3,6,4,,6,0,0.8515
9,3,2,3,4,6,2,,2,1,0.8979
9,3,2,3,5,6,1,,5,0,0.9635
9,3,2,3,6,6,2,,4,0,0.9567
9,3,2,3,7,6,3,,3,1,0.856
9,3,2,3,8,6,5,,2,0,0.955
9,3,2,3,9,6,1,,6,0,1.0617
9,3,2,3,10,6,4,,3,0,1.2273
9,3,2,3,11,6,5,,6,0,1.6589
9,3,2,3,12,6,4,,5,0,0.8078
9,3,2,3,13,6,6,,6,1,0.7599
9,3,2,3,14,6,3,,1,0,1.9504
9,3,2,3,15,6,5,,5,1,0.7834
9,3,2,3,16,6,5,,5,1,0.7259
9,3,2,3,17,6,6,,1,0,2.1263
9,3,2,3,18,6,5,,1,0,1.2237
9,3,2,3,19,6,1,,1,1,1.2398
9,3,2,3,20,6,2,,2,1,0.7473
9,3,2,3,21,6,5,,3,0,1.1224
9,3,2,3,22,6,4,,5,0,1.2066
9,3,2,3,23,6,4,,3,0,1.7188
9,3,2,3,24,6,5,,5,1,0.7538
9,3,2,3,25,6,4,,5,0,0.6971
9,3,2,3,26,6,4,,6,0,1.5661
9,3,2,3,27,6,6,,5,0,1.567
9,3,2,3,28,6,6,,3,0,1.0564
9,3,2,3,29,6,5,,5,1,1.1431
9,3,2,3,30,6,2,,2,1,1.0862
9,3,2,3,31,6,6,,6,1,1.3519
9,3,2,3,32,6,6,,2,0,0.9506
9,3,2,3,33,6,1,,5,0,1.3452
9,3,2,3,34,6,6,,6,1,0.9875
9,3,2,3,35,6,2,,2,1,1.1285
9,3,2,3,36,6,6,,5,0,0.8801
9,3,2,3,37,6,1,,1,1,1.9817
9,3,2,3,38,6,1,,4,0,1.6501
9,3,2,3,39,6,6,,6,1,0.7203
9,3,2,3,40,6,3,,3,1,1.2889
9,3,2,3,41,6,3,,3,1,0.7462
9,3,2,3,42,6,1,,1,1,1.4898
9,3,2,3,43,6,3,,3,1,1.0988
9,3,2,3,44,6,4,,4,1,1.6039
9,3,2,3,45,6,3,,3,1,0.9526
9,3,2,3,46,6,2,,2,1,0.8718
9,3,2,3,47,6,6,,6,1,1.2582
9,3,2,3,48,6,2,,5,0,1.6136
9,3,2,3,49,6,3,,1,0,1.0525
9,3,2,3,50,6,3,,3,1,0.9791
9,3,2,4,1,2,5,2,5,1,1.0222
9,3,2,4,2,2,2,3,2,1,1.2425
9,3,2,4,3,2,6,2,6,1,1.0063
9,3,2,4,4,2,1,6,1,1,1.4993
9,3,2,4,5,2,5,1,5,1,1.3
9,3,2,4,6,2,4,1,1,0,1.8449
9,3,2,4,7,2,3,2,3,1,1.3062
9,3,2,4,8,2,2,4,2,1,1.2749
9,3,2,4,9,2,4,1,4,1,1.3887
9,3,2,4,10,2,6,2,6,1,0.9384
9,3,2,4,11,2,1,6,6,0,1.2744
9,3,2,4,12,2,2,6,2,1,1.5278
9,3,2,4,13,2,1,5,1,1,1.5025
9,3,2,4,14,2,3,6,3,1,1.5594
9,3,2,4,15,2,5,2,2,0,1.0049
9,3,2,4,16,2,3,4,3,1,0.9816
9,3,2,4,17,2,2,5,5,0,1.6352
9,3,2,4,18,2,3,4,3,1,0.9618
9,3,2,4,19,2,6,3,6,1,1.4082
9,3,2,4,20,2,3,6,3,1,1.341
9,3,2,4,21,2,6,5,5,0,1.4684
9,3,2,4,22,2,6,2,2,0,1.1694
9,3,2,4,23,2,4,5,4,1,1.4911
9,3,2,4,24,2,4,2,4,1,1.6927
9,3,2,4,25,2,2,3,3,0,1.3725
9,3,2,4,26,2,1,5,1,1,1.6063
9,3,2,4,27,2,4,1,4,1,1.387
9,3,2,4,28,2,1,2,2,0,1.6719
9,3,2,4,29,2,2,4,2,1,0.9974
9,3,2,4,30,2,4,3,3,0,1.2026
9,3,2,4,31,2,2,5,5,0,1.4589
9,3,2,4,32,2,5,6,5,1,1.3199
9,3,2,4,33,2,1,4,1,1,1.128
9,3,2,4,34,2,6,3,6,1,1.0878
9,3,2,4,35,2,6,1,6,1,1.6896
9,3,2,4,36,2,6,3,3,0,1.2901
9,3,2,4,37,2,4,2,4,1,2.0548
9,3,2,4,38,2,6,1,1,0,1.4643
9,3,2,4,39,2,1,2,1,1,1.3904
9,3,2,4,40,2,5,4,4,0,1.4834
9,3,2,4,41,2,1,5,1,1,1.4083
9,3,2,4,42,2,5,4,5,1,1.4366
9,3,2,4,43,2,3,5,3,1,1.5122
9,3,2,4,44,2,2,6,6,0,1.6636
9,3,2,4,45,2,5,4,4,0,1.3574
9,3,2,4,46,2,4,3,3,0,1.0315
9,3,2,4,47,2,5,4,5,1,1.3105
9,3,2,4,48,2,6,3,3,0,0.9586
9,3,2,4,49,2,3,5,3,1,0.9522
9,3,2,4,50,2,3,4,3,1,1.0152
9,3,3,1,1,2,6,5,5,0,1.2358
9,3,3,1,2,2,1,5,1,1,1.1228
9,3,3,1,3,2,4,5,4,1,1.611
9,3,3,1,4,2,3,6,3,1,0.9428
9,3,3,1,5,2,5,4,5,1,1.2935
9,3,3,1,6,2,4,1,4,1,1.6948
9,3,3,1,7,2,4,5,4,1,1.2789
9,3,3,1,8,2,3,5,3,1,1.3759
9,3,3,1,9,2,3,4,3,1,1.0064
9,3,3,1,10,2,4,5,5,0,2.4276
9,3,3,1,11,2,3,1,1,0,1.5298
9,3,3,1,12,2,1,3,1,1,1.4682
9,3,3,1,13,2,2,4,2,1,1.0146
9,3,3,1,14,2,6,2,6,1,0.9465
9,3,3,1,15,2,2,3,2,1,0.9937
9,3,3,1,16,2,6,3,6,1,1.8068
9,3,3,1,17,2,2,3,2,1,1.1956
9,3,3,1,18,2,6,1,6,1,1.3443
9,3,3,1,19,2,1,6,1,1,1.5828
9,3,3,1,20,2,6,4,6,1,1.636
9,3,3,1,21,2,1,2,1,1,1.2394
9,3,3,1,22,2,3,5,5,0,1.2427
9,3,3,1,23,2,4,5,4,1,1.4009
9,3,3,1,24,2,5,3,5,1,1.9579
9,3,3,1,25,2,3,2,2,0,0.9875
9,3,3,1,26,2,2,1,2,1,1.2686
9,3,3,1,27,2,6,5,6,1,1.8152
9,3,3,1,28,2,4,2,4,1,1.2826
9,3,3,1,29,2,5,2,5,1,0.8199
9,3,3,1,30,2,4,6,4,1,1.3848
9,3,3,1,31,2,1,3,3,0,1.0781
9,3,3,1,32,2,4,1,4,1,1.5474
9,3,3,1,33,2,6,1,1,0,1.3141
9,3,3,1,34,2,6,2,6,1,0.9254
9,3,3,1,35,2,2,1,2,1,0.9252
9,3,3,1,36,2,5,4,4,0,1.3729
9,3,3,1,37,2,3,4,3,1,1.3022
9,3,3,1,38,2,2,6,2,1,1.0634
9,3,3,1,39,2,5,4,5,1,1.0573
9,3,3,1,40,2,5,6,5,1,0.8755
9,3,3,1,41,2,1,4,4,0,1.6936
9,3,3,1,42,2,1,2,1,1,0.8252
9,3,3,1,43,2,2,1,2,1,0.9411
9,3,3,1,44,2,1,4,1,1,1.3084
9,3,3,1,45,2,3,4,3,1,1.1645
9,3,3,1,46,2,5,4,5,1,1.5232
9,3,3,1,47,2,5,1,1,0,1.339
9,3,3,1,48,2,6,1,6,1,1.2691
9,3,3,1,49,2,2,3,2,1,1.2235
9,3,3,1,50,2,6,2,6,1,1.3076
9,3,3,2,1,6,6,,6,1,1.0979
9,3,3,2,2,6,4,,2,0,1.171
9,3,3,2,3,6,4,,6,0,0.7554
9,3,3,2,4,6,3,,5,0,0.983
9,3,3,2,5,6,2,,2,1,0.9278
9,3,3,2,6,6,5,,5,1,0.8958
9,3,3,2,7,6,4,,2,0,1.0565
9,3,3,2,8,6,6,,6,1,0.7597
9,3,3,2,9,6,3,,3,1,1.1338
9,3,3,2,10,6,6,,6,1,0.7741
9,3,3,2,11,6,1,,6,0,1.4045
9,3,3,2,12,6,4,,4,1,1.3159
9,3,3,2,13,6,4,,4,1,0.9
9,3,3,2,14,6,4,,3,0,1.3015
9,3,3,2,15,6,2,,2,1,1.4093
9,3,3,2,16,6,6,,6,1,1.1812
9,3,3,2,17,6,1,,5,0,1.363
9,3,3,2,18,6,3,,3,1,1.1486
9,3,3,2,19,6,3,,5,0,0.8512
9,3,3,2,20,6,6,,6,1,1.3143
9,3,3,2,21,6,5,,5,1,1.3785
9,3,3,2,22,6,5,,6,0,1.1037
9,3,3,2,23,6,4,,4,1,0.8997
9,3,3,2,24,6,2,,2,1,0.7722
9,3,3,2,25,6,6,,4,0,1.1629
9,3,3,2,26,6,2,,5,0,1.4214
9,3,3,2,27,6,1,,1,1,1.3645
9,3,3,2,28,6,5,,5,1,0.7227
9,3,3,2,29,6,5,,5,1,0.6832
9,3,3,2,30,6,1,,3,0,1.0933
9,3,3,2,31,6,3,,3,1,1.1138
9,3,3,2,32,6,6,,4,0,1.5216
9,3,3,2,33,6,6,,6,1,0.9816
9,3,3,2,34,6,1,,3,0,1.1071
9,3,3,2,35,6,2,,1,0,1.8154
9,3,3,2,36,6,2,,2,1,0.7178
9,3,3,2,37,6,3,,3,1,1.2228
9,3,3,2,38,6,6,,6,1,0.6985
9,3,3,2,39,6,5,,5,1,0.628
9,3,3,2,40,6,1,,1,1,1.5369
9,3,3,2,41,6,1,,5,0,1.5112
9,3,3,2,42,6,5,,5,1,0.6993
9,3,3,2,43,6,3,,3,1,1.9088
9,3,3,2,44,6,4,,1,0,2.0921
9,3,3,2,45,6,1,,5,0,0.6641
9,3,3,2,46,6,2,,5,0,2.1581
9,3,3,2,47,6,3,,4,0,1.7508
9,3,3,2,48,6,5,,5,1,0.7369
9,3,3,2,49,6,2,,1,0,1.689
9,3,3,2,50,6,6,,5,0,0.6613
9,3,3,3,1,2,3,5,5,0,1.0319
9,3,3,3,2,2,2,1,2,1,1.4554
9,3,3,3,3,2,2,3,3,0,1.0021
9,3,3,3,4,2,4,3,3,0,1.2984
9,3,3,3,5,2,3,6,6,0,1.1668
9,3,3,3,6,2,4,3,4,1,1.3281
9,3,3,3,7,2,6,3,6,1,1.2329
9,3,3,3,8,2,5,1,5,1,1.1238
9,3,3,3,9,2,1,6,6,0,1.3401
9,3,3,3,10,2,6,4,6,1,1.0789
9,3,3,3,11,2,1,6,1,1,1.0727
9,3,3,3,12,2,1,4,1,1,1.4034
9,3,3,3,13,2,4,1,1,0,1.2238
9,3,3,3,14,2,1,6,1,1,1.2866
9,3,3,3,15,2,6,5,5,0,2.2162
9,3,3,3,16,2,5,2,5,1,1.007
9,3,3,3,17,2,6,3,3,0,1.7232
9,3,3,3,18,2,1,4,4,0,2.438
9,3,3,3,19,2,5,3,5,1,1.2524
9,3,3,3,20,2,2,4,2,1,0.9506
9,3,3,3,21,2,3,6,3,1,0.9662
9,3,3,3,22,2,2,1,2,1,0.8844
9,3,3,3,23,2,6,5,6,1,1.6543
9,3,3,3,24,2,3,2,3,1,1.0168
9,3,3,3,25,2,5,3,5,1,1.157
9,3,3,3,26,2,4,6,4,1,1.6273
9,3,3,3,27,2,1,4,1,1,1.4546
9,3,3,3,28,2,4,1,4,1,1.1454
9,3,3,3,29,2,6,4,6,1,1.1679
9,3,3,3,30,2,2,5,2,1,1.0464
9,3,3,3,31,2,5,2,5,1,1.169
9,3,3,3,32,2,5,6,5,1,1.4157
9,3,3,3,33,2,1,5,1,1,1.1553
9,3,3,3,34,2,4,6,6,0,1.1942
9,3,3,3,35,2,5,3,5,1,1.1467
9,3,3,3,36,2,3,6,3,1,1.2498
9,3,3,3,37,2,6,1,6,1,0.9807
9,3,3,3,38,2,3,1,3,1,1.0902
9,3,3,3,39,2,3,6,3,1,1.1161
9,3,3,3,40,2,2,1,2,1,1.8608
9,3,3,3,41,2,2,3,2,1,0.862
9,3,3,3,42,2,4,6,6,0,1.2006
9,3,3,3,43,2,2,6,6,0,1.6971
9,3,3,3,44,2,3,5,3,1,1.3244
9,3,3,3,45,2,6,1,1,0,1.0364
9,3,3,3,46,2,5,2,5,1,1.3157
9,3,3,3,47,2,4,6,6,0,1.06
9,3,3,3,48,2,6,2,6,1,2.4419
9,3,3,3,49,2,6,4,4,0,1.3556
9,3,3,3,50,2,1,6,6,0,1.3335
9,3,3,4,1,6,4,,5,0,1.1176
9,3,3,4,2,6,1,,3,0,1.2326
9,3,3,4,3,6,5,,6,0,0.9595
9,3,3,4,4,6,6,,6,1,0.9534
9,3,3,4,5,6,6,,6,1,1.096
9,3,3,4,6,6,3,,3,1,1.0411
9,3,3,4,7,6,4,,1,0,1.181
9,3,3,4,8,6,1,,1,1,1.1502
9,3,3,4,9,6,6,,5,0,1.6535
9,3,3,4,10,6,5,,6,0,0.8026
9,3,3,4,11,6,6,,6,1,1.2836
9,3,3,4,12,6,4,,2,0,1.2216
9,3,3,4,13,6,6,,6,1,0.869
9,3,3,4,14,6,5,,3,0,2.9349
9,3,3,4,15,6,1,,5,0,1.3281
9,3,3,4,16,6,2,,4,0,1.1314
9,3,3,4,17,6,3,,1,0,1.3744
9,3,3,4,18,6,5,,6,0,0.7274
9,3,3,4,19,6,3,,6,0,1.0188
9,3,3,4,20,6,1,,2,0,1.0735
9,3,3,4,21,6,4,,2,0,1.2401
9,3,3,4,22,6,2,,2,1,0.9983
9,3,3,4,23,6,6,,6,1,0.804
9,3,3,4,24,6,5,,6,0,1.1607
9,3,3,4,25,6,2,,2,1,1.8024
9,3,3,4,26,6,3,,3,1,1.0473
9,3,3,4,27,6,3,,4,0,1.3944
9,3,3,4,28,6,6,,2,0,1.338
9,3,3,4,29,6,1,,1,1,1.0446
9,3,3,4,30,6,4,,4,1,1.1037
9,3,3,4,31,6,4,,2,0,1.64
9,3,3,4,32,6,6,,6,1,1.3188
9,3,3,4,33,6,5,,5,1,1.0621
9,3,3,4,34,6,3,,5,0,1.1848
9,3,3,4,35,6,3,,3,1,1.2341
9,3,3,4,36,6,1,,4,0,1.9577
9,3,3,4,37,6,6,,3,0,1.0152
9,3,3,4,38,6,2,,1,0,1.5191
9,3,3,4,39,6,6,,6,1,0.9782
9,3,3,4,40,6,5,,5,1,1.1996
9,3,3,4,41,6,1,,3,0,1.8444
9,3,3,4,42,6,1,,1,1,0.8901
9,3,3,4,43,6,5,,5,1,0.7643
9,3,3,4,44,6,2,,5,0,1.0905
9,3,3,4,45,6,4,,4,1,1.1282
9,3,3,4,46,6,2,,5,0,0.928
9,3,3,4,47,6,4,,2,0,1.6429
9,3,3,4,48,6,3,,4,0,0.857
9,3,3,4,49,6,2,,2,1,0.6633
9,3,3,4,50,6,2,,1,0,1.2504
9,3,4,1,1,6,3,,5,0,0.8734
9,3,4,1,2,6,4,,1,0,1.3659
9,3,4,1,3,6,5,,4,0,2.2236
9,3,4,1,4,6,2,,2,1,0.6788
9,3,4,1,5,6,4,,6,0,0.9281
9,3,4,1,6,6,1,,4,0,1.2278
9,3,4,1,7,6,2,,5,0,1.4831
9,3,4,1,8,6,6,,5,0,1.4392
9,3,4,1,9,6,3,,6,0,0.6304
9,3,4,1,10,6,6,,6,1,0.6696
9,3,4,1,11,6,2,,2,1,0.7289
9,3,4,1,12,6,5,,5,1,1.4088
9,3,4,1,13,6,3,,3,1,1.1802
9,3,4,1,14,6,2,,2,1,0.8986
9,3,4,1,15,6,4,,4,1,1.2352
9,3,4,1,16,6,4,,1,0,1.287
9,3,4,1,17,6,1,,1,1,1.3801
9,3,4,1,18,6,3,,2,0,0.8014
9,3,4,1,19,6,2,,5,0,0.9617
9,3,4,1,20,6,2,,2,1,1.1315
9,3,4,1,21,6,1,,1,1,1.9235
9,3,4,1,22,6,1,,5,0,1.963
9,3,4,1,23,6,3,,4,0,1.516
9,3,4,1,24,6,6,,2,0,1.6629
9,3,4,1,25,6,5,,5,1,1.2119
9,3,4,1,26,6,3,,6,0,1.2161
9,3,4,1,27,6,6,,6,1,0.7041
9,3,4,1,28,6,6,,5,0,2.5852
9,3,4,1,29,6,6,,5,0,1.041
9,3,4,1,30,6,5,,2,0,1.3996
9,3,4,1,31,6,4,,4,1,0.9752
9,3,4,1,32,6,1,,5,0,1.469
9,3,4,1,33,6,4,,4,1,1.2345
9,3,4,1,34,6,2,,2,1,0.8065
9,3,4,1,35,6,1,,4,0,1.3872
9,3,4,1,36,6,6,,6,1,0.8037
9,3,4,1,37,6,5,,1,0,1.193
9,3,4,1,38,6,5,,5,1,0.8571
9,3,4,1,39,6,6,,2,0,1.196
9,3,4,1,40,6,5,,2,0,1.2439
9,3,4,1,41,6,4,,4,1,1.067
9,3,4,1,42,6,5,,3,0,1.0448
9,3,4,1,43,6,1,,1,1,1.2275
9,3,4,1,44,6,6,,3,0,1.3113
9,3,4,1,45,6,6,,6,1,1.3869
9,3,4,1,46,6,2,,2,1,1.1442
9,3,4,1,47,6,3,,4,0,1.9991
9,3,4,1,48,6,1,,1,1,1.2945
9,3,4,1,49,6,4,,2,0,1.4389
9,3,4,1,50,6,3,,5,0,0.9014
9,3,4,2,1,2,3,6,3,1,1.3282
9,3,4,2,2,2,1,2,1,1,1.1836
9,3,4,2,3,2,4,5,4,1,1.3969
9,3,4,2,4,2,1,2,1,1,1.4099
9,3,4,2,5,2,5,4,4,0,1.3264
9,3,4,2,6,2,2,1,1,0,1.8335
9,3,4,2,7,2,3,6,6,0,1.9682
9,3,4,2,8,2,4,1,1,0,1.2486
9,3,4,2,9,2,6,4,6,1,0.8631
9,3,4,2,10,2,6,1,6,1,0.9941
9,3,4,2,11,2,1,3,1,1,1.231
9,3,4,2,12,2,6,3,6,1,1.0906
9,3,4,2,13,2,3,5,3,1,1.1794
9,3,4,2,14,2,4,1,4,1,1.1049
9,3,4,2,15,2,2,4,4,0,1.8183
9,3,4,2,16,2,5,2,2,0,1.9206
9,3,4,2,17,2,5,2,2,0,2.6282
9,3,4,2,18,2,5,4,4,0,1.321
9,3,4,2,19,2,2,5,5,0,1.1403
9,3,4,2,20,2,3,4,3,1,1.0946
9,3,4,2,21,2,3,4,3,1,0.8154
9,3,4,2,22,2,1,6,1,1,0.916
9,3,4,2,23,2,5,1,1,0,1.5571
9,3,4,2,24,2,3,4,4,0,2.1663
9,3,4,2,25,2,5,2,5,1,1.1348
9,3,4,2,26,2,6,2,2,0,2.4064
9,3,4,2,27,2,1,4,4,0,2.4533
9,3,4,2,28,2,1,4,4,0,1.186
9,3,4,2,29,2,4,6,4,1,1.1703
9,3,4,2,30,2,2,1,1,0,1.4328
9,3,4,2,31,2,2,1,2,1,1.2631
9,3,4,2,32,2,6,1,6,1,2.114
9,3,4,2,33,2,3,1,3,1,1.6165
9,3,4,2,34,2,1,3,1,1,1.4607
9,3,4,2,35,2,5,3,5,1,1.4864
9,3,4,2,36,2,6,3,6,1,1.6878
9,3,4,2,37,2,6,2,2,0,1.6726
9,3,4,2,38,2,1,5,5,0,2.1014
9,3,4,2,39,2,4,6,4,1,1.2486
9,3,4,2,40,2,4,1,4,1,1.2036
9,3,4,2,41,2,2,5,2,1,0.9843
9,3,4,2,42,2,6,5,6,1,0.9819
9,3,4,2,43,2,3,5,3,1,1.4921
9,3,4,2,44,2,2,1,2,1,1.084
9,3,4,2,45,2,4,3,4,1,1.6066
9,3,4,2,46,2,2,6,2,1,1.2268
9,3,4,2,47,2,6,3,3,0,1.5658
9,3,4,2,48,2,6,1,6,1,1.0555
9,3,4,2,49,2,4,3,4,1,1.4182
9,3,4,2,50,2,5,2,5,1,1.0782
9,3,4,3,1,6,4,,4,1,1.5652
9,3,4,3,2,6,2,,2,1,0.8991
9,3,4,3,3,6,1,,1,1,0.9484
9,3,4,3,4,6,4,,5,0,1.6994
9,3,4,3,5,6,6,,6,1,0.6873
9,3,4,3,6,6,6,,2,0,1.4495
9,3,4,3,7,6,4,,4,1,1.1192
9,3,4,3,8,6,4,,4,1,1.0628
9,3,4,3,9,6,3,,3,1,0.8816
9,3,4,3,10,6,5,,5,1,1.0914
9,3,4,3,11,6,1,,2,0,1.7079
9,3,4,3,12,6,6,,4,0,1.0955
9,3,4,3,13,6,1,,3,0,1.3081
9,3,4,3,14,6,4,,4,1,2.1672
9,3,4,3,15,6,3,,4,0,1.0604
9,3,4,3,16,6,3,,5,0,1.1304
9,3,4,3,17,6,6,,5,0,0.9255
9,3,4,3,18,6,1,,3,0,1.2723
9,3,4,3,19,6,6,,5,0,1.2697
9,3,4,3,20,6,5,,5,1,1.0586
9,3,4,3,21,6,6,,3,0,1.1016
9,3,4,3,22,6,6,,1,0,1.2016
9,3,4,3,23,6,2,,2,1,0.962
9,3,4,3,24,6,2,,2,1,1.1197
9,3,4,3,25,6,3,,2,0,1.1764
9,3,4,3,26,6,2,,2,1,1.0651
9,3,4,3,27,6,5,,1,0,1.2197
9,3,4,3,28,6,1,,4,0,1.2669
9,3,4,3,29,6,3,,3,1,1.376
9,3,4,3,30,6,2,,2,1,0.9579
9,3,4,3,31,6,4,,4,1,1.4689
9,3,4,3,32,6,2,,2,1,0.999
9,3,4,3,33,6,6,,6,1,0.7879
9,3,4,3,34,6,4,,4,1,1.3216
9,3,4,3,35,6,3,,4,0,1.3215
9,3,4,3,36,6,4,,1,0,0.9802
9,3,4,3,37,6,5,,3,0,1.0219
9,3,4,3,38,6,2,,2,1,0.9807
9,3,4,3,39,6,2,,2,1,0.8986
9,3,4,3,40,6,6,,3,0,1.0445
9,3,4,3,41,6,1,,6,0,0.971
9,3,4,3,42,6,3,,3,1,1.1084
9,3,4,3,43,6,5,,5,1,0.8139
9,3,4,3,44,6,1,,4,0,1.1385
9,3,4,3,45,6,5,,4,0,1.3654
9,3,4,3,46,6,6,,6,1,1.279
9,3,4,3,47,6,5,,3,0,1.7445
9,3,4,3,48,6,5,,4,0,0.9855
9,3,4,3,49,6,1,,3,0,1.3952
9,3,4,3,50,6,3,,6,0,0.9071
9,3,4,4,1,2,5,6,6,0,1.2998
9,3,4,4,2,2,4,6,4,1,1.1202
9,3,4,4,3,2,6,2,6,1,1.0649
9,3,4,4,4,2,6,3,3,0,1.1389
9,3,4,4,5,2,3,2,3,1,0.9971
9,3,4,4,6,2,6,5,5,0,1.2507
9,3,4,4,7,2,2,5,2,1,1.0573
9,3,4,4,8,2,2,4,4,0,1.3711
9,3,4,4,9,2,6,2,6,1,0.9009
9,3,4,4,10,2,5,1,5,1,1.11
9,3,4,4,11,2,4,3,3,0,1.4221
9,3,4,4,12,2,2,6,2,1,0.9815
9,3,4,4,13,2,3,4,3,1,0.8516
9,3,4,4,14,2,5,6,5,1,1.2859
9,3,4,4,15,2,1,6,1,1,1.2395
9,3,4,4,16,2,6,1,6,1,1.4509
9,3,4,4,17,2,4,6,4,1,1.4126
9,3,4,4,18,2,2,4,2,1,1.1209
9,3,4,4,19,2,6,3,6,1,0.9851
9,3,4,4,20,2,1,3,1,1,2.263
9,3,4,4,21,2,3,4,4,0,1.2162
9,3,4,4,22,2,1,6,6,0,1.0879
9,3,4,4,23,2,6,4,4,0,1.3959
9,3,4,4,24,2,4,1,4,1,1.9644
9,3,4,4,25,2,1,5,5,0,1.4096
9,3,4,4,26,2,3,2,3,1,1.369
9,3,4,4,27,2,6,2,6,1,1.2069
9,3,4,4,28,2,3,2,3,1,1.7396
9,3,4,4,29,2,4,6,4,1,1.1149
9,3,4,4,30,2,4,6,4,1,1.075
9,3,4,4,31,2,5,6,5,1,1.2772
9,3,4,4,32,2,2,6,2,1,0.8943
9,3,4,4,33,2,1,6,1,1,1.2319
9,3,4,4,34,2,4,3,4,1,0.9794
9,3,4,4,35,2,3,2,3,1,1.5527
9,3,4,4,36,2,2,4,2,1,0.967
9,3,4,4,37,2,1,5,1,1,1.142
9,3,4,4,38,2,5,2,5,1,0.8771
9,3,4,4,39,2,6,3,3,0,1.1347
9,3,4,4,40,2,5,2,5,1,0.8627
9,3,4,4,41,2,1,5,1,1,1.1846
9,3,4,4,42,2,3,2,2,0,0.9661
9,3,4,4,43,2,2,3,2,1,1.1205
9,3,4,4,44,2,5,3,5,1,1.1766
9,3,4,4,45,2,3,5,3,1,1.0549
9,3,4,4,46,2,1,5,1,1,1.5295
9,3,4,4,47,2,4,6,6,0,1.4083
9,3,4,4,48,2,5,3,5,1,0.6802
9,3,4,4,49,2,6,2,2,0,1.2181
9,3,4,4,50,2,2,4,2,1,1.122
9,3,5,1,1,2,5,4,5,1,0.9429
9,3,5,1,2,2,6,2,6,1,1.134
9,3,5,1,3,2,3,2,3,1,0.9976
9,3,5,1,4,2,4,5,4,1,1.1076
9,3,5,1,5,2,3,2,3,1,1.1317
9,3,5,1,6,2,5,4,5,1,1.0277
9,3,5,1,7,2,6,4,6,1,1.0235
9,3,5,1,8,2,1,2,1,1,1.4996
9,3,5,1,9,2,6,3,6,1,1.1243
9,3,5,1,10,2,4,3,3,0,1.3884
9,3,5,1,11,2,6,2,6,1,1.0122
9,3,5,1,12,2,6,5,5,0,0.9772
9,3,5,1,13,2,1,4,4,0,1.2427
9,3,5,1,14,2,1,6,1,1,1.1293
9,3,5,1,15,2,4,5,4,1,1.7284
9,3,5,1,16,2,3,2,3,1,1.0399
9,3,5,1,17,2,3,5,3,1,1.4355
9,3,5,1,18,2,2,4,4,0,1.5749
9,3,5,1,19,2,4,1,4,1,0.9677
9,3,5,1,20,2,5,3,3,0,1.6706
9,3,5,1,21,2,6,2,6,1,1.6353
9,3,5,1,22,2,4,2,4,1,0.9183
9,3,5,1,23,2,2,1,2,1,0.855
9,3,5,1,24,2,1,4,1,1,0.7623
9,3,5,1,25,2,5,6,5,1,0.5845
9,3,5,1,26,2,2,6,6,0,0.7202
9,3,5,1,27,2,2,6,2,1,0.5843
9,3,5,1,28,2,3,1,3,1,0.7068
9,3,5,1,29,2,6,4,4,0,2.2348
9,3,5,1,30,2,1,4,4,0,1.3933
9,3,5,1,31,2,2,6,2,1,1.2575
9,3,5,1,32,2,1,4,4,0,1.5311
9,3,5,1,33,2,2,6,2,1,1.1182
9,3,5,1,34,2,6,3,6,1,1.0945
9,3,5,1,35,2,5,2,2,0,0.8796
9,3,5,1,36,2,1,2,1,1,1.6767
9,3,5,1,37,2,3,1,1,0,1.5663
9,3,5,1,38,2,4,2,2,0,1.7913
9,3,5,1,39,2,5,4,5,1,1.2706
9,3,5,1,40,2,4,2,2,0,1.2566
9,3,5,1,41,2,1,4,4,0,1.2385
9,3,5,1,42,2,5,1,5,1,0.9486
9,3,5,1,43,2,2,4,2,1,1.2361
9,3,5,1,44,2,3,2,2,0,1.6866
9,3,5,1,45,2,2,4,2,1,1.2993
9,3,5,1,46,2,5,1,5,1,1.0598
9,3,5,1,47,2,4,1,4,1,2.1581
9,3,5,1,48,2,3,2,2,0,2.363
9,3,5,1,49,2,6,2,6,1,1.1637
9,3,5,1,50,2,6,4,4,0,1.3301
9,3,5,2,1,6,6,,4,0,0.8581
9,3,5,2,2,6,6,,1,0,0.584
9,3,5,2,3,6,5,,5,1,0.9613
9,3,5,2,4,6,5,,1,0,1.4244
9,3,5,2,5,6,2,,2,1,1.3025
9,3,5,2,6,6,2,,2,1,1.0157
9,3,5,2,7,6,4,,1,0,1.0598
9,3,5,2,8,6,3,,1,0,3.6736
9,3,5,2,9,6,4,,1,0,0.7885
9,3,5,2,10,6,1,,1,1,0.9659
9,3,5,2,11,6,2,,2,1,0.8036
9,3,5,2,12,6,6,,1,0,0.8732
9,3,5,2,13,6,4,,6,0,1.7028
9,3,5,2,14,6,4,,2,0,1.0578
9,3,5,2,15,6,6,,1,0,0.9517
9,3,5,2,16,6,6,,6,1,0.6902
9,3,5,2,17,6,2,,2,1,0.9235
9,3,5,2,18,6,1,,3,0,1.2919
9,3,5,2,19,6,3,,3,1,1.352
9,3,5,2,20,6,5,,3,0,1.3654
9,3,5,2,21,6,3,,4,0,0.8633
9,3,5,2,22,6,4,,6,0,0.8134
9,3,5,2,23,6,4,,4,1,1.1648
9,3,5,2,24,6,1,,1,1,1.4905
9,3,5,2,25,6,4,,4,1,1.1643
9,3,5,2,26,6,1,,4,0,1.0742
9,3,5,2,27,6,1,,4,0,1.6556
9,3,5,2,28,6,3,,3,1,1.0933
9,3,5,2,29,6,6,,5,0,1.0867
9,3,5,2,30,6,1,,4,0,1.7144
9,3,5,2,31,6,3,,3,1,1.0375
9,3,5,2,32,6,3,,5,0,0.9528
9,3,5,2,33,6,5,,3,0,1.5552
9,3,5,2,34,6,5,,5,1,1.189
9,3,5,2,35,6,6,,6,1,0.9707
9,3,5,2,36,6,2,,2,1,0.9691
9,3,5,2,37,6,6,,6,1,1.3358
9,3,5,2,38,6,2,,2,1,0.9186
9,3,5,2,39,6,4,,3,0,1.2707
9,3,5,2,40,6,3,,3,1,1.0442
9,3,5,2,41,6,1,,5,0,1.4077
9,3,5,2,42,6,1,,1,1,1.0468
9,3,5,2,43,6,6,,6,1,0.9294
9,3,5,2,44,6,3,,3,1,1.2011
9,3,5,2,45,6,2,,5,0,1.0147
9,3,5,2,46,6,5,,5,1,0.7338
9,3,5,2,47,6,5,,1,0,1.4776
9,3,5,2,48,6,2,,3,0,1.562
9,3,5,2,49,6,5,,5,1,0.7475
9,3,5,2,50,6,6,,6,1,0.7225
9,3,5,3,1,2,6,2,6,1,0.7126
9,3,5,3,2,2,6,5,6,1,1.0098
9,3,5,3,3,2,4,2,4,1,1.2616
9,3,5,3,4,2,4,5,4,1,1.5361
9,3,5,3,5,2,6,2,6,1,1.3188
9,3,5,3,6,2,3,1,3,1,1.0146
9,3,5,3,7,2,6,3,3,0,1.0749
9,3,5,3,8,2,1,3,3,0,1.1442
9,3,5,3,9,2,4,5,4,1,1.3062
9,3,5,3,10,2,4,6,4,1,1.1313
9,3,5,3,11,2,3,1,1,0,0.9631
9,3,5,3,12,2,6,4,4,0,1.1485
9,3,5,3,13,2,3,2,3,1,0.8625
9,3,5,3,14,2,2,6,2,1,0.785
9,3,5,3,15,2,6,2,6,1,1.2868
9,3,5,3,16,2,6,2,6,1,1.4169
9,3,5,3,17,2,5,2,2,0,1.3808
9,3,5,3,18,2,4,2,4,1,1.4375
9,3,5,3,19,2,5,2,2,0,1.7689
9,3,5,3,20,2,4,6,4,1,1.0093
9,3,5,3,21,2,5,2,5,1,1.1652
9,3,5,3,22,2,1,6,1,1,1.3
9,3,5,3,23,2,5,1,5,1,1.1881
9,3,5,3,24,2,1,5,1,1,1.1304
9,3,5,3,25,2,1,6,6,0,1.4254
9,3,5,3,26,2,3,4,3,1,1.0481
9,3,5,3,27,2,1,3,1,1,1.6516
9,3,5,3,28,2,6,3,6,1,0.8697
9,3,5,3,29,2,2,6,2,1,0.9675
9,3,5,3,30,2,4,3,3,0,1.3022
9,3,5,3,31,2,1,6,1,1,1.1375
9,3,5,3,32,2,1,4,1,1,1.081
9,3,5,3,33,2,2,1,2,1,1.6344
9,3,5,3,34,2,5,3,3,0,1.1098
9,3,5,3,35,2,3,2,3,1,0.9692
9,3,5,3,36,2,3,1,3,1,1.2079
9,3,5,3,37,2,1,5,1,1,1.2603
9,3,5,3,38,2,5,1,5,1,1.1191
9,3,5,3,39,2,2,1,2,1,1.4949
9,3,5,3,40,2,2,5,2,1,1.3286
9,3,5,3,41,2,3,1,3,1,1.1207
9,3,5,3,42,2,6,3,3,0,1.1287
9,3,5,3,43,2,4,2,2,0,1.4356
9,3,5,3,44,2,2,4,2,1,2.3708
9,3,5,3,45,2,5,1,1,0,1.3997
9,3,5,3,46,2,5,2,5,1,1.1834
9,3,5,3,47,2,6,5,6,1,1.4292
9,3,5,3,48,2,2,1,1,0,1.3761
9,3,5,3,49,2,2,6,2,1,1.4815
9,3,5,3,50,2,3,6,3,1,2.1627
9,3,5,4,1,6,1,,1,1,1.437
9,3,5,4,2,6,1,,5,0,1.1441
9,3,5,4,3,6,4,,3,0,1.2431
9,3,5,4,4,6,1,,5,0,0.9694
9,3,5,4,5,6,1,,3,0,1.0748
9,3,5,4,6,6,6,,6,1,1.4157
9,3,5,4,7,6,6,,3,0,1.1713
9,3,5,4,8,6,6,,6,1,0.7085
9,3,5,4,9,6,6,,6,1,0.6705
9,3,5,4,10,6,2,,5,0,0.9849
9,3,5,4,11,6,2,,2,1,0.8984
9,3,5,4,12,6,4,,4,1,0.9471
9,3,5,4,13,6,3,,5,0,0.85
9,3,5,4,14,6,2,,5,0,1.3455
9,3,5,4,15,6,3,,3,1,1.1318
9,3,5,4,16,6,4,,4,1,0.9312
9,3,5,4,17,6,5,,5,1,0.6746
9,3,5,4,18,6,6,,6,1,1.037
9,3,5,4,19,6,3,,3,1,0.8891
9,3,5,4,20,6,2,,5,0,0.7463
9,3,5,4,21,6,5,,4,0,1.7732
9,3,5,4,22,6,6,,5,0,1.2372
9,3,5,4,23,6,1,,5,0,0.6278
9,3,5,4,24,6,4,,4,1,1.1786
9,3,5,4,25,6,6,,6,1,1.7123
9,3,5,4,26,6,1,,2,0,1.3763
9,3,5,4,27,6,3,,3,1,1.1453
9,3,5,4,28,6,5,,2,0,1.088
9,3,5,4,29,6,5,,5,1,1.444
9,3,5,4,30,6,2,,2,1,0.8631
9,3,5,4,31,6,1,,6,0,1.0572
9,3,5,4,32,6,4,,5,0,1.0634
9,3,5,4,33,6,3,,5,0,0.9881
9,3,5,4,34,6,4,,4,1,1.4773
9,3,5,4,35,6,6,,6,1,1.0065
9,3,5,4,36,6,5,,5,1,1.739
9,3,5,4,37,6,4,,3,0,1.1779
9,3,5,4,38,6,2,,2,1,1.0027
9,3,5,4,39,6,4,,4,1,0.9035
9,3,5,4,40,6,6,,6,1,1.976
9,3,5,4,41,6,2,,1,0,1.7099
9,3,5,4,42,6,5,,5,1,0.7289
9,3,5,4,43,6,1,,5,0,1.777
9,3,5,4,44,6,2,,4,0,1.6892
9,3,5,4,45,6,5,,5,1,0.7413
9,3,5,4,46,6,3,,5,0,1.26
9,3,5,4,47,6,3,,3,1,1.1302
9,3,5,4,48,6,5,,5,1,1.5377
9,3,5,4,49,6,3,,3,1,1.1441
9,3,5,4,50,6,6,,4,0,1.7432
10,1,1,1,1,6,5,,2,0,1.3754
10,1,1,1,2,6,1,,6,0,1.0963
10,1,1,1,3,6,3,,2,0,1.7575
10,1,1,1,4,6,5,,6,0,0.9989
10,1,1,1,5,6,6,,3,0,1.4559
10,1,1,1,6,6,6,,3,0,1.5407
10,1,1,1,7,6,5,,3,0,1.0792
10,1,1,1,8,6,2,,4,0,2.2683
10,1,1,1,9,6,2,,2,1,1.3941
10,1,1,1,10,6,1,,6,0,1.1981
10,1,1,1,11,6,1,,1,1,1.7752
10,1,1,1,12,6,3,,2,0,1.453
10,1,1,1,13,6,2,,2,1,1.6184
10,1,1,1,14,6,4,,6,0,1.3182
10,1,1,1,15,6,3,,6,0,1.0742
10,1,1,1,16,6,6,,6,1,1.1923
10,1,1,1,17,6,4,,1,0,1.5967
10,1,1,1,18,6,3,,2,0,1.5013
10,1,1,1,19,6,4,,6,0,1.1054
10,1,1,1,20,6,2,,2,1,1.4932
10,1,1,1,21,6,6,,6,1,1.0385
10,1,1,1,22,6,4,,6,0,0.5868
10,1,1,1,23,6,6,,6,1,4.7402
10,1,1,1,24,6,2,,2,1,1.3998
10,1,1,1,25,6,6,,6,1,1.0615
10,1,1,1,26,6,5,,6,0,1.263
10,1,1,1,27,6,4,,3,0,1.5008
10,1,1,1,28,6,3,,2,0,1.4251
10,1,1,1,29,6,2,,5,0,0.9842
10,1,1,1,30,6,6,,2,0,1.3302
10,1,1,1,31,6,3,,3,1,2.2376
10,1,1,1,32,6,2,,2,1,1.4469
10,1,1,1,33,6,5,,3,0,1.3781
10,1,1,1,34,6,3,,3,1,1.0992
10,1,1,1,35,6,4,,2,0,1.3811
10,1,1,1,36,6,1,,1,1,1.8045
10,1,1,1,37,6,5,,2,0,1.4171
10,1,1,1,38,6,1,,1,1,1.8246
10,1,1,1,39,6,5,,4,0,1.5797
10,1,1,1,40,6,4,,4,1,1.4536
10,1,1,1,41,6,1,,1,1,1.3349
10,1,1,1,42,6,6,,6,1,1.1271
10,1,1,1,43,6,4,,6,0,0.9276
10,1,1,1,44,6,6,,6,1,0.9066
10,1,1,1,45,6,1,,3,0,1.6114
10,1,1,1,46,6,5,,6,0,1.1324
10,1,1,1,47,6,3,,6,0,0.8624
10,1,1,1,48,6,2,,2,1,1.3088
10,1,1,1,49,6,6,,2,0,0.8129
10,1,1,1,50,6,1,,2,0,0.8933
10,1,1,2,1,2,3,5,3,1,2.456
10,1,1,2,2,2,1,2,2,0,1.6256
10,1,1,2,3,2,6,2,2,0,0.9207
10,1,1,2,4,2,4,3,4,1,1.6202
10,1,1,2,5,2,5,2,2,0,1.2405
10,1,1,2,6,2,4,3,4,1,1.2869
10,1,1,2,7,2,4,5,4,1,1.3841
10,1,1,2,8,2,2,1,1,0,2.2297
10,1,1,2,9,2,3,1,1,0,4.0114
10,1,1,2,10,2,6,5,6,1,2.6494
10,1,1,2,11,2,6,3,6,1,1.5219
10,1,1,2,12,2,6,1,1,0,1.4338
10,1,1,2,13,2,1,2,2,0,1.2329
10,1,1,2,14,2,5,2,2,0,1.3757
10,1,1,2,15,2,6,2,6,1,1.178
10,1,1,2,16,2,6,2,6,1,1.0555
10,1,1,2,17,2,4,3,4,1,1.6742
10,1,1,2,18,2,1,3,3,0,1.7563
10,1,1,2,19,2,4,5,5,0,1.4622
10,1,1,2,20,2,5,1,5,1,1.4995
10,1,1,2,21,2,1,6,6,0,1.5238
10,1,1,2,22,2,6,4,6,1,1.3358
10,1,1,2,23,2,1,2,1,1,1.511
10,1,1,2,24,2,2,4,2,1,1.5666
10,1,1,2,25,2,5,2,2,0,1.973
10,1,1,2,26,2,3,6,3,1,2.2933
10,1,1,2,27,2,2,1,2,1,1.2944
10,1,1,2,28,2,3,2,3,1,1.1357
10,1,1,2,29,2,3,5,5,0,1.848
10,1,1,2,30,2,4,5,5,0,2.0445
10,1,1,2,31,2,5,1,5,1,1.8668
10,1,1,2,32,2,3,5,5,0,1.4603
10,1,1,2,33,2,2,3,2,1,1.1788
10,1,1,2,34,2,3,4,4,0,2.8494
10,1,1,2,35,2,1,2,2,0,1.5974
10,1,1,2,36,2,2,4,2,1,1.5974
10,1,1,2,37,2,6,5,6,1,1.2176
10,1,1,2,38,2,4,2,2,0,1.1899
10,1,1,2,39,2,3,2,2,0,1.1586
10,1,1,2,40,2,2,1,2,1,1.2732
10,1,1,2,41,2,1,4,4,0,1.7872
10,1,1,2,42,2,2,1,2,1,1.2041
10,1,1,2,43,2,5,2,2,0,1.1128
10,1,1,2,44,2,6,3,6,1,0.9879
10,1,1,2,45,2,1,6,6,0,0.9702
10,1,1,2,46,2,4,6,4,1,1.9087
10,1,1,2,47,2,5,1,5,1,1.7077
10,1,1,2,48,2,6,1,6,1,0.925
10,1,1,2,49,2,2,1,2,1,1.6934
10,1,1,2,50,2,5,3,5,1,1.6135
10,1,1,3,1,6,3,,2,0,2.0639
10,1,1,3,2,6,4,,5,0,1.4852
10,1,1,3,3,6,2,,2,1,1.3289
10,1,1,3,4,6,1,,2,0,1.1849
10,1,1,3,5,6,6,,6,1,0.8973
10,1,1,3,6,6,5,,6,0,1.1396
10,1,1,3,7,6,5,,6,0,0.7257
10,1,1,3,8,6,6,,6,1,0.7935
10,1,1,3,9,6,4,,2,0,0.8807
10,1,1,3,10,6,2,,6,0,1.2136
10,1,1,3,11,6,6,,6,1,0.8765
10,1,1,3,12,6,5,,2,0,1.5192
10,1,1,3,13,6,5,,6,0,1.1707
10,1,1,3,14,6,2,,6,0,1.0134
10,1,1,3,15,6,3,,3,1,1.3735
10,1,1,3,16,6,6,,6,1,0.89
10,1,1,3,17,6,6,,6,1,0.9084
10,1,1,3,18,6,4,,6,0,0.8614
10,1,1,3,19,6,5,,5,1,2.06
10,1,1,3,20,6,2,,2,1,1.2937
10,1,1,3,21,6,3,,3,1,1.4229
10,1,1,3,22,6,3,,6,0,0.8433
10,1,1,3,23,6,1,,3,0,1.0183
10,1,1,3,24,6,6,,6,1,0.8506
10,1,1,3,25,6,5,,2,0,0.9819
10,1,1,3,26,6,2,,6,0,1.0556
10,1,1,3,27,6,4,,6,0,0.8218
10,1,1,3,28,6,1,,6,0,0.9175
10,1,1,3,29,6,4,,2,0,1.09
10,1,1,3,30,6,2,,3,0,0.8067
10,1,1,3,31,6,2,,3,0,1.6874
10,1,1,3,32,6,3,,3,1,1.1081
10,1,1,3,33,6,3,,3,1,0.8131
10,1,1,3,34,6,3,,2,0,1.4417
10,1,1,3,35,6,1,,6,0,0.8888
10,1,1,3,36,6,4,,6,0,0.869
10,1,1,3,37,6,5,,5,1,1.6838
10,1,1,3,38,6,4,,4,1,1.1719
10,1,1,3,39,6,1,,2,0,1.0513
10,1,1,3,40,6,4,,6,0,1.1689
10,1,1,3,41,6,3,,2,0,1.4747
10,1,1,3,42,6,1,,6,0,0.8084
10,1,1,3,43,6,2,,2,1,1.2886
10,1,1,3,44,6,6,,6,1,1.0349
10,1,1,3,45,6,6,,6,1,0.7903
10,1,1,3,46,6,6,,6,1,0.8751
10,1,1,3,47,6,1,,1,1,1.4553
10,1,1,3,48,6,5,,5,1,1.0969
10,1,1,3,49,6,1,,1,1,1.6656
10,1,1,3,50,6,6,,6,1,0.9156
10,1,1,4,1,2,5,2,5,1,1.1372
10,1,1,4,2,2,6,5,6,1,1.2098
10,1,1,4,3,2,1,2,2,0,1.3425
10,1,1,4,4,2,5,1,5,1,1.4011
10,1,1,4,5,2,4,6,6,0,1.35
10,1,1,4,6,2,4,5,5,0,1.1992
10,1,1,4,7,2,4,2,2,0,1.2645
10,1,1,4,8,2,5,3,5,1,1.0063
10,1,1,4,9,2,3,2,2,0,1.2429
10,1,1,4,10,2,2,3,2,1,0.858
10,1,1,4,11,2,1,4,4,0,2.2527
10,1,1,4,12,2,2,5,2,1,1.363
10,1,1,4,13,2,2,6,2,1,0.8327
10,1,1,4,14,2,4,5,4,1,2.5168
10,1,1,4,15,2,3,1,3,1,1.7957
10,1,1,4,16,2,6,4,6,1,0.9923
10,1,1,4,17,2,5,4,5,1,0.9897
10,1,1,4,18,2,1,2,2,0,1.6441
10,1,1,4,19,2,2,5,2,1,1.4345
10,1,1,4,20,2,2,4,4,0,2.3088
10,1,1,4,21,2,3,5,3,1,1.6248
10,1,1,4,22,2,3,6,3,1,1.1483
10,1,1,4,23,2,2,1,2,1,1.3793
10,1,1,4,24,2,6,1,6,1,1.5047
10,1,1,4,25,2,1,5,1,1,1.5454
10,1,1,4,26,2,1,4,4,0,1.7593
10,1,1,4,27,2,4,3,4,1,1.5135
10,1,1,4,28,2,5,1,1,0,1.25
10,1,1,4,29,2,6,3,6,1,1.1835
10,1,1,4,30,2,3,6,3,1,1.4298
10,1,1,4,31,2,2,5,2,1,1.2501
10,1,1,4,32,2,4,1,1,0,1.2525
10,1,1,4,33,2,6,1,6,1,1.0433
10,1,1,4,34,2,6,1,6,1,0.5849
10,1,1,4,35,2,6,2,2,0,1.7411
10,1,1,4,36,2,4,1,4,1,1.687
10,1,1,4,37,2,1,4,4,0,1.5596
10,1,1,4,38,2,5,2,2,0,1.1614
10,1,1,4,39,2,3,4,3,1,1.1631
10,1,1,4,40,2,3,5,3,1,1.1214
10,1,1,4,41,2,3,2,3,1,1.1134
10,1,1,4,42,2,6,3,6,1,1.0576
10,1,1,4,43,2,6,1,6,1,1.6452
10,1,1,4,44,2,2,6,2,1,1.0877
10,1,1,4,45,2,5,2,2,0,1.8005
10,1,1,4,46,2,1,3,1,1,1.2974
10,1,1,4,47,2,5,3,3,0,1.1214
10,1,1,4,48,2,4,6,4,1,1.7176
10,1,1,4,49,2,1,6,1,1,1.3324
10,1,1,4,50,2,6,3,6,1,1.2522
10,1,2,1,1,2,4,2,4,1,1.8294
10,1,2,1,2,2,2,5,2,1,1.1531
10,1,2,1,3,2,6,2,2,0,0.9833
10,1,2,1,4,2,2,3,2,1,0.8804
10,1,2,1,5,2,1,2,1,1,1.2506
10,1,2,1,6,2,5,4,5,1,0.9173
10,1,2,1,7,2,4,3,3,0,1.5901
10,1,2,1,8,2,5,2,2,0,1.4942
10,1,2,1,9,2,5,3,5,1,3.8672
10,1,2,1,10,2,6,1,6,1,1.8096
10,1,2,1,11,2,4,3,3,0,1.3106
10,1,2,1,12,2,3,1,3,1,1.2421
10,1,2,1,13,2,4,1,4,1,1.709
10,1,2,1,14,2,2,5,2,1,1.1499
10,1,2,1,15,2,2,5,5,0,1.6848
10,1,2,1,16,2,3,2,2,0,1.1372
10,1,2,1,17,2,1,4,4,0,1.4919
10,1,2,1,18,2,5,6,6,0,1.3514
10,1,2,1,19,2,3,6,3,1,1.0418
10,1,2,1,20,2,1,5,1,1,1.2143
10,1,2,1,21,2,4,1,1,0,1.0741
10,1,2,1,22,2,2,1,2,1,1.336
10,1,2,1,23,2,4,1,4,1,1.5274
10,1,2,1,24,2,1,2,2,0,1.3265
10,1,2,1,25,2,5,2,2,0,1.1294
10,1,2,1,26,2,6,4,6,1,1.8532
10,1,2,1,27,2,4,3,4,1,1.7198
10,1,2,1,28,2,6,4,6,1,0.9509
10,1,2,1,29,2,2,5,2,1,1.0774
10,1,2,1,30,2,6,1,6,1,1.3599
10,1,2,1,31,2,6,2,2,0,1.3416
10,1,2,1,32,2,3,2,2,0,1.1754
10,1,2,1,33,2,3,4,3,1,1.5134
10,1,2,1,34,2,6,2,6,1,0.8333
10,1,2,1,35,2,2,1,2,1,1.1408
10,1,2,1,36,2,3,4,4,0,1.7251
10,1,2,1,37,2,1,3,3,0,1.5429
10,1,2,1,38,2,6,5,6,1,0.8896
10,1,2,1,39,2,3,5,3,1,1.6116
10,1,2,1,40,2,1,4,4,0,1.871
10,1,2,1,41,2,1,4,4,0,1.7959
10,1,2,1,42,2,5,6,6,0,1.2752
10,1,2,1,43,2,4,3,3,0,1.3205
10,1,2,1,44,2,6,3,6,1,0.9478
10,1,2,1,45,2,3,2,3,1,1.1709
10,1,2,1,46,2,5,1,1,0,1.2411
10,1,2,1,47,2,2,6,6,0,1.0481
10,1,2,1,48,2,5,6,6,0,1.4394
10,1,2,1,49,2,1,4,4,0,1.75
10,1,2,1,50,2,6,4,6,1,1.039
10,1,2,2,1,6,5,,6,0,0.8737
10,1,2,2,2,6,6,,6,1,0.8385
10,1,2,2,3,6,6,,2,0,0.9074
10,1,2,2,4,6,5,,3,0,0.855
10,1,2,2,5,6,4,,1,0,1.19
10,1,2,2,6,6,6,,6,1,0.727
10,1,2,2,7,6,1,,3,0,0.9761
10,1,2,2,8,6,1,,5,0,0.9367
10,1,2,2,9,6,2,,1,0,1.1405
10,1,2,2,10,6,5,,3,0,1.4474
10,1,2,2,11,6,6,,6,1,0.9244
10,1,2,2,12,6,4,,3,0,1.1805
10,1,2,2,13,6,5,,6,0,0.8628
10,1,2,2,14,6,2,,6,0,0.7962
10,1,2,2,15,6,1,,1,1,1.0697
10,1,2,2,16,6,4,,1,0,1.7508
10,1,2,2,17,6,5,,6,0,0.9137
10,1,2,2,18,6,3,,3,1,0.9576
10,1,2,2,19,6,1,,2,0,1.1965
10,1,2,2,20,6,1,,2,0,1.325
10,1,2,2,21,6,6,,6,1,0.6637
10,1,2,2,22,6,4,,6,0,0.7555
10,1,2,2,23,6,4,,6,0,0.694
10,1,2,2,24,6,3,,3,1,0.9545
10,1,2,2,25,6,3,,6,0,0.8735
10,1,2,2,26,6,2,,2,1,0.8881
10,1,2,2,27,6,2,,3,0,0.7297
10,1,2,2,28,6,1,,3,0,0.585
10,1,2,2,29,6,2,,6,0,0.7435
10,1,2,2,30,6,5,,3,0,0.6335
10,1,2,2,31,6,1,,6,0,0.8173
10,1,2,2,32,6,2,,3,0,0.6096
10,1,2,2,33,6,6,,3,0,0.5851
10,1,2,2,34,6,3,,6,0,0.6592
10,1,2,2,35,6,6,,6,1,0.6502
10,1,2,2,36,6,1,,6,0,0.8375
10,1,2,2,37,6,3,,2,0,0.8052
10,1,2,2,38,6,5,,5,1,1.3649
10,1,2,2,39,6,2,,2,1,1.1241
10,1,2,2,40,6,2,,2,1,0.828
10,1,2,2,41,6,6,,6,1,0.784
10,1,2,2,42,6,6,,6,1,0.7737
10,1,2,2,43,6,3,,5,0,0.7482
10,1,2,2,44,6,3,,6,0,0.9425
10,1,2,2,45,6,4,,2,0,1.0499
10,1,2,2,46,6,3,,3,1,1.088
10,1,2,2,47,6,4,,6,0,0.8421
10,1,2,2,48,6,5,,3,0,0.9684
10,1,2,2,49,6,4,,6,0,0.7859
10,1,2,2,50,6,6,,6,1,0.6925
10,1,2,3,1,2,5,2,5,1,1.7074
10,1,2,3,2,2,5,1,1,0,1.4357
10,1,2,3,3,2,2,5,2,1,1.0428
10,1,2,3,4,2,3,1,3,1,1.3101
10,1,2,3,5,2,4,1,1,0,0.847
10,1,2,3,6,2,6,4,6,1,1.2775
10,1,2,3,7,2,6,1,6,1,1.2786
10,1,2,3,8,2,4,1,4,1,1.7283
10,1,2,3,9,2,2,3,2,1,1.4388
10,1,2,3,10,2,6,4,6,1,0.8739
10,1,2,3,11,2,4,3,3,0,1.0056
10,1,2,3,12,2,3,1,3,1,0.8049
10,1,2,3,13,2,5,6,6,0,0.8753
10,1,2,3,14,2,2,6,2,1,1.1605
10,1,2,3,15,2,6,1,6,1,0.8144
10,1,2,3,16,2,4,5,4,1,1.8916
10,1,2,3,17,2,3,6,6,0,1.6754
10,1,2,3,18,2,1,4,4,0,1.625
10,1,2,3,19,2,2,5,2,1,1.0147
10,1,2,3,20,2,4,3,4,1,1.3149
10,1,2,3,21,2,6,4,6,1,0.8039
10,1,2,3,22,2,2,6,2,1,1.0811
10,1,2,3,23,2,2,3,3,0,1.2984
10,1,2,3,24,2,5,4,5,1,1.2148
10,1,2,3,25,2,5,6,5,1,0.9151
10,1,2,3,26,2,1,6,6,0,1.3792
10,1,2,3,27,2,6,4,6,1,0.7644
10,1,2,3,28,2,3,1,3,1,2.3065
10,1,2,3,29,2,5,3,3,0,1.3858
10,1,2,3,30,2,1,5,5,0,1.6028
10,1,2,3,31,2,3,6,6,0,1.3945
10,1,2,3,32,2,3,5,3,1,1.1797
10,1,2,3,33,2,3,5,3,1,1.2825
10,1,2,3,34,2,5,6,6,0,1.0751
10,1,2,3,35,2,4,6,4,1,1.7377
10,1,2,3,36,2,1,3,1,1,2.2645
10,1,2,3,37,2,1,6,6,0,1.745
10,1,2,3,38,2,6,4,6,1,1.0513
10,1,2,3,39,2,2,4,2,1,1.2538
10,1,2,3,40,2,1,2,2,0,1.5928
10,1,2,3,41,2,6,5,6,1,0.9057
10,1,2,3,42,2,6,3,6,1,1.6752
10,1,2,3,43,2,4,2,2,0,1.7405
10,1,2,3,44,2,6,1,6,1,1.4637
10,1,2,3,45,2,5,2,5,1,2.033
10,1,2,3,46,2,3,2,2,0,0.9638
10,1,2,3,47,2,1,6,1,1,1.469
10,1,2,3,48,2,1,6,6,0,0.5849
10,1,2,3,49,2,4,6,6,0,1.2971
10,1,2,3,50,2,2,3,2,1,0.5849
10,1,2,4,1,6,4,,2,0,1.194
10,1,2,4,2,6,5,,6,0,0.7784
10,1,2,4,3,6,2,,2,1,0.9077
10,1,2,4,4,6,5,,6,0,1.0044
10,1,2,4,5,6,2,,2,1,0.8853
10,1,2,4,6,6,4,,6,0,0.8068
10,1,2,4,7,6,1,,1,1,1.4622
10,1,2,4,8,6,3,,3,1,0.9452
10,1,2,4,9,6,4,,6,0,1.0894
10,1,2,4,10,6,4,,1,0,1.4293
10,1,2,4,11,6,5,,2,0,1.1812
10,1,2,4,12,6,6,,6,1,0.7979
10,1,2,4,13,6,6,,6,1,0.6425
10,1,2,4,14,6,6,,2,0,0.8943
10,1,2,4,15,6,4,,5,0,0.8265
10,1,2,4,16,6,2,,3,0,1.0498
10,1,2,4,17,6,3,,2,0,0.9776
10,1,2,4,18,6,4,,6,0,0.6984
10,1,2,4,19,6,1,,3,0,1.2791
10,1,2,4,20,6,2,,6,0,0.7647
10,1,2,4,21,6,1,,6,0,1.0695
10,1,2,4,22,6,3,,6,0,0.6607
10,1,2,4,23,6,3,,3,1,1.3701
10,1,2,4,24,6,4,,2,0,1.1759
10,1,2,4,25,6,3,,6,0,0.8411
10,1,2,4,26,6,2,,2,1,1.2235
10,1,2,4,27,6,5,,6,0,0.8121
10,1,2,4,28,6,6,,6,1,0.7481
10,1,2,4,29,6,5,,2,0,1.0911
10,1,2,4,30,6,5,,1,0,0.9362
10,1,2,4,31,6,6,,6,1,0.9634
10,1,2,4,32,6,4,,2,0,1.0272
10,1,2,4,33,6,2,,4,0,1.2743
10,1,2,4,34,6,3,,4,0,0.9681
10,1,2,4,35,6,6,,6,1,0.9939
10,1,2,4,36,6,5,,4,0,0.6381
10,1,2,4,37,6,2,,2,1,0.9493
10,1,2,4,38,6,5,,3,0,1.0299
10,1,2,4,39,6,6,,6,1,0.8281
10,1,2,4,40,6,6,,6,1,0.5849
10,1,2,4,41,6,1,,5,0,0.8943
10,1,2,4,42,6,1,,6,0,0.7801
10,1,2,4,43,6,6,,2,0,0.7332
10,1,2,4,44,6,3,,1,0,1.4248
10,1,2,4,45,6,1,,2,0,0.6622
10,1,2,4,46,6,6,,6,1,1.2776
10,1,2,4,47,6,2,,5,0,0.7988
10,1,2,4,48,6,1,,6,0,0.7194
10,1,2,4,49,6,3,,2,0,0.585
10,1,2,4,50,6,1,,2,0,0.8445
10,1,3,1,1,6,6,,2,0,0.8747
10,1,3,1,2,6,1,,3,0,1.4321
10,1,3,1,3,6,3,,5,0,0.7826
10,1,3,1,4,6,6,,6,1,0.6878
10,1,3,1,5,6,3,,5,0,0.7617
10,1,3,1,6,6,5,,6,0,0.7
10,1,3,1,7,6,6,,2,0,0.8022
10,1,3,1,8,6,4,,1,0,0.626
10,1,3,1,9,6,5,,6,0,0.6338
10,1,3,1,10,6,3,,2,0,0.8174
10,1,3,1,11,6,4,,3,0,0.5849
10,1,3,1,12,6,3,,6,0,0.6667
10,1,3,1,13,6,2,,5,0,0.5928
10,1,3,1,14,6,4,,4,1,0.65
10,1,3,1,15,6,3,,2,0,0.8534
10,1,3,1,16,6,2,,6,0,0.8688
10,1,3,1,17,6,1,,3,0,0.9943
10,1,3,1,18,6,4,,5,0,1.0197
10,1,3,1,19,6,1,,6,0,0.8987
10,1,3,1,20,6,6,,1,0,0.9283
10,1,3,1,21,6,5,,3,0,1.5793
10,1,3,1,22,6,6,,4,0,2.0762
10,1,3,1,23,6,2,,2,1,1.0796
10,1,3,1,24,6,6,,6,1,0.8339
10,1,3,1,25,6,2,,6,0,0.9335
10,1,3,1,26,6,1,,2,0,0.8806
10,1,3,1,27,6,1,,6,0,0.6865
10,1,3,1,28,6,6,,1,0,1.155
10,1,3,1,29,6,1,,6,0,0.7256
10,1,3,1,30,6,6,,5,0,0.76
10,1,3,1,31,6,4,,2,0,1.1461
10,1,3,1,32,6,4,,3,0,0.6532
10,1,3,1,33,6,2,,5,0,0.8849
10,1,3,1,34,6,3,,6,0,0.7541
10,1,3,1,35,6,5,,6,0,0.6925
10,1,3,1,36,6,6,,6,1,0.73
10,1,3,1,37,6,2,,2,1,0.849
10,1,3,1,38,6,3,,3,1,1.045
10,1,3,1,39,6,5,,6,0,0.799
10,1,3,1,40,6,4,,6,0,0.8167
10,1,3,1,41,6,5,,5,1,0.8324
10,1,3,1,42,6,2,,2,1,1.1239
10,1,3,1,43,6,6,,6,1,0.7647
10,1,3,1,44,6,5,,6,0,0.8354
10,1,3,1,45,6,3,,6,0,0.8026
10,1,3,1,46,6,5,,5,1,0.7721
10,1,3,1,47,6,2,,2,1,1.1616
10,1,3,1,48,6,4,,3,0,1.1211
10,1,3,1,49,6,1,,2,0,0.9159
10,1,3,1,50,6,1,,6,0,0.801
10,1,3,2,1,2,6,3,6,1,0.5851
10,1,3,2,2,2,5,1,5,1,1.7561
10,1,3,2,3,2,2,4,2,1,0.9544
10,1,3,2,4,2,2,3,2,1,0.6022
10,1,3,2,5,2,4,2,2,0,0.5848
10,1,3,2,6,2,4,5,5,0,1.2332
10,1,3,2,7,2,1,2,1,1,1.3918
10,1,3,2,8,2,2,5,2,1,1.0052
10,1,3,2,9,2,3,5,3,1,1.8182
10,1,3,2,10,2,4,2,2,0,0.8542
10,1,3,2,11,2,1,6,6,0,1.0925
10,1,3,2,12,2,3,2,2,0,0.9051
10,1,3,2,13,2,4,6,6,0,1.7819
10,1,3,2,14,2,6,1,6,1,1.1019
10,1,3,2,15,2,6,5,6,1,0.7912
10,1,3,2,16,2,3,6,3,1,0.829
10,1,3,2,17,2,4,6,4,1,1.4414
10,1,3,2,18,2,1,5,1,1,1.1956
10,1,3,2,19,2,6,2,2,0,1.3448
10,1,3,2,20,2,5,2,5,1,1.3227
10,1,3,2,21,2,1,5,1,1,1.2267
10,1,3,2,22,2,2,3,2,1,0.9114
10,1,3,2,23,2,6,5,6,1,0.7842
10,1,3,2,24,2,3,1,1,0,1.2863
10,1,3,2,25,2,6,3,3,0,1.6187
10,1,3,2,26,2,3,2,3,1,1.2496
10,1,3,2,27,2,5,6,6,0,1.269
10,1,3,2,28,2,1,3,3,0,1.0108
10,1,3,2,29,2,1,5,1,1,1.1618
10,1,3,2,30,2,1,6,6,0,0.833
10,1,3,2,31,2,6,5,6,1,1.2963
10,1,3,2,32,2,3,6,3,1,1.5689
10,1,3,2,33,2,6,2,2,0,1.2862
10,1,3,2,34,2,5,3,5,1,1.6191
10,1,3,2,35,2,2,1,2,1,0.935
10,1,3,2,36,2,4,3,3,0,1.2231
10,1,3,2,37,2,5,3,5,1,1.1735
10,1,3,2,38,2,6,2,2,0,1.3568
10,1,3,2,39,2,3,1,3,1,1.3021
10,1,3,2,40,2,1,6,6,0,1.1435
10,1,3,2,41,2,3,6,3,1,1.6737
10,1,3,2,42,2,5,4,5,1,1.195
10,1,3,2,43,2,4,2,4,1,1.6807
10,1,3,2,44,2,2,1,2,1,1.2809
10,1,3,2,45,2,2,6,2,1,1.1064
10,1,3,2,46,2,4,2,4,1,1.5643
10,1,3,2,47,2,2,3,3,0,1.0254
10,1,3,2,48,2,5,2,2,0,1.0002
10,1,3,2,49,2,6,5,5,0,2.3858
10,1,3,2,50,2,5,3,5,1,1.1849
10,1,3,3,1,6,4,,6,0,0.8519
10,1,3,3,2,6,5,,5,1,0.9156
10,1,3,3,3,6,5,,2,0,0.7075
10,1,3,3,4,6,4,,3,0,0.9034
10,1,3,3,5,6,6,,6,1,0.7888
10,1,3,3,6,6,5,,3,0,0.8907
10,1,3,3,7,6,6,,6,1,0.5853
10,1,3,3,8,6,6,,6,1,0.585
10,1,3,3,9,6,5,,3,0,0.8039
10,1,3,3,10,6,5,,2,0,0.7723
10,1,3,3,11,6,6,,1,0,0.8688
10,1,3,3,12,6,3,,3,1,0.7391
10,1,3,3,13,6,6,,6,1,0.635
10,1,3,3,14,6,4,,6,0,0.727
10,1,3,3,15,6,6,,6,1,0.7468
10,1,3,3,16,6,4,,6,0,0.7375
10,1,3,3,17,6,3,,3,1,0.7573
10,1,3,3,18,6,2,,2,1,0.5883
10,1,3,3,19,6,4,,3,0,0.7629
10,1,3,3,20,6,2,,2,1,1.0853
10,1,3,3,21,6,4,,3,0,0.6955
10,1,3,3,22,6,3,,3,1,0.585
10,1,3,3,23,6,3,,3,1,0.5851
10,1,3,3,24,6,2,,3,0,0.5849
10,1,3,3,25,6,2,,2,1,0.7374
10,1,3,3,26,6,1,,3,0,0.585
10,1,3,3,27,6,1,,6,0,0.6108
10,1,3,3,28,6,4,,4,1,0.9393
10,1,3,3,29,6,1,,6,0,0.7316
10,1,3,3,30,6,2,,2,1,0.7829
10,1,3,3,31,6,5,,3,0,0.7886
10,1,3,3,32,6,6,,1,0,0.5851
10,1,3,3,33,6,6,,4,0,0.736
10,1,3,3,34,6,3,,5,0,0.6923
10,1,3,3,35,6,1,,1,1,1.2883
10,1,3,3,36,6,3,,2,0,0.8269
10,1,3,3,37,6,1,,1,1,1.753
10,1,3,3,38,6,1,,6,0,1.0646
10,1,3,3,39,6,3,,2,0,0.7815
10,1,3,3,40,6,1,,6,0,0.7345
10,1,3,3,41,6,2,,5,0,1.4582
10,1,3,3,42,6,5,,6,0,0.7765
10,1,3,3,43,6,2,,6,0,1.241
10,1,3,3,44,6,4,,1,0,0.7271
10,1,3,3,45,6,2,,2,1,0.8116
10,1,3,3,46,6,6,,3,0,0.8475
10,1,3,3,47,6,3,,3,1,0.7184
10,1,3,3,48,6,1,,6,0,0.7752
10,1,3,3,49,6,6,,3,0,0.6653
10,1,3,3,50,6,5,,3,0,0.6064
10,1,3,4,1,2,4,3,4,1,1.974
10,1,3,4,2,2,4,2,2,0,1.2583
10,1,3,4,3,2,3,5,3,1,0.7287
10,1,3,4,4,2,4,3,4,1,1.5199
10,1,3,4,5,2,3,2,3,1,0.7767
10,1,3,4,6,2,5,3,3,0,1.358
10,1,3,4,7,2,5,4,5,1,1.4005
10,1,3,4,8,2,5,3,5,1,1.8453
10,1,3,4,9,2,3,6,3,1,1.3593
10,1,3,4,10,2,3,5,3,1,0.9588
10,1,3,4,11,2,6,5,6,1,1.069
10,1,3,4,12,2,5,3,3,0,0.7435
10,1,3,4,13,2,4,1,4,1,1.3381
10,1,3,4,14,2,6,5,6,1,1.2734
10,1,3,4,15,2,1,6,1,1,1.0679
10,1,3,4,16,2,1,5,1,1,1.4294
10,1,3,4,17,2,4,3,3,0,1.3291
10,1,3,4,18,2,5,3,5,1,1.8035
10,1,3,4,19,2,1,4,4,0,1.8157
10,1,3,4,20,2,5,4,4,0,1.5034
10,1,3,4,21,2,3,1,3,1,1.7953
10,1,3,4,22,2,6,4,4,0,1.5033
10,1,3,4,23,2,5,6,6,0,1.1075
10,1,3,4,24,2,2,3,3,0,1.7351
10,1,3,4,25,2,3,2,3,1,1.1532
10,1,3,4,26,2,6,4,4,0,1.128
10,1,3,4,27,2,2,1,2,1,1.3236
10,1,3,4,28,2,6,2,2,0,1.0034
10,1,3,4,29,2,2,6,2,1,0.6428
10,1,3,4,30,2,2,3,2,1,0.671
10,1,3,4,31,2,5,3,3,0,1.5139
10,1,3,4,32,2,2,4,2,1,0.7654
10,1,3,4,33,2,1,6,6,0,0.9164
10,1,3,4,34,2,2,1,2,1,0.7044
10,1,3,4,35,2,6,2,6,1,0.746
10,1,3,4,36,2,4,1,4,1,1.4727
10,1,3,4,37,2,3,5,5,0,0.8099
10,1,3,4,38,2,6,4,6,1,0.747
10,1,3,4,39,2,4,1,4,1,1.3782
10,1,3,4,40,2,6,4,6,1,0.6553
10,1,3,4,41,2,4,1,1,0,1.1951
10,1,3,4,42,2,1,4,4,0,1.4987
10,1,3,4,43,2,6,2,2,0,1.1192
10,1,3,4,44,2,1,2,2,0,1.6185
10,1,3,4,45,2,2,4,2,1,1.0743
10,1,3,4,46,2,6,5,6,1,0.9875
10,1,3,4,47,2,1,5,5,0,1.6094
10,1,3,4,48,2,3,6,3,1,1.1926
10,1,3,4,49,2,1,5,5,0,3.5177
10,1,3,4,50,2,2,3,2,1,1.6302
10,1,4,1,1,2,3,6,3,1,0.5849
10,1,4,1,2,2,4,1,4,1,3.7888
10,1,4,1,3,2,6,4,6,1,0.8554
10,1,4,1,4,2,2,6,2,1,1.098
10,1,4,1,5,2,5,4,5,1,1.4279
10,1,4,1,6,2,5,3,3,0,1.3758
10,1,4,1,7,2,2,5,2,1,0.9368
10,1,4,1,8,2,5,3,5,1,1.1281
10,1,4,1,9,2,1,4,4,0,1.1996
10,1,4,1,10,2,2,3,2,1,1.0875
10,1,4,1,11,2,5,2,2,0,1.0813
10,1,4,1,12,2,4,5,5,0,1.1514
10,1,4,1,13,2,6,5,6,1,0.9297
10,1,4,1,14,2,1,2,1,1,1.233
10,1,4,1,15,2,6,3,6,1,1.1891
10,1,4,1,16,2,6,2,2,0,1.2425
10,1,4,1,17,2,1,2,2,0,1.0009
10,1,4,1,18,2,3,1,1,0,1.0566
10,1,4,1,19,2,1,4,4,0,1.7032
10,1,4,1,20,2,6,3,6,1,0.9143
10,1,4,1,21,2,4,1,1,0,1.1398
10,1,4,1,22,2,6,3,6,1,0.8859
10,1,4,1,23,2,5,6,6,0,1.0156
10,1,4,1,24,2,4,3,3,0,1.3755
10,1,4,1,25,2,2,5,2,1,1.4317
10,1,4,1,26,2,3,6,6,0,0.8513
10,1,4,1,27,2,3,6,3,1,1.2028
10,1,4,1,28,2,5,1,1,0,1.6065
10,1,4,1,29,2,2,6,2,1,0.8714
10,1,4,1,30,2,5,1,1,0,1.0817
10,1,4,1,31,2,3,4,3,1,0.9906
10,1,4,1,32,2,1,4,4,0,0.9238
10,1,4,1,33,2,2,1,1,0,0.9839
10,1,4,1,34,2,4,1,4,1,1.1686
10,1,4,1,35,2,6,1,6,1,1.2229
10,1,4,1,36,2,3,4,4,0,1.339
10,1,4,1,37,2,6,1,6,1,1.0612
10,1,4,1,38,2,6,5,6,1,1.2
10,1,4,1,39,2,5,6,6,0,1.3487
10,1,4,1,40,2,4,2,4,1,1.1996
10,1,4,1,41,2,3,4,3,1,1.4604
10,1,4,1,42,2,2,6,6,0,1.0223
10,1,4,1,43,2,1,5,5,0,1.3491
10,1,4,1,44,2,6,4,4,0,1.3122
10,1,4,1,45,2,4,6,6,0,1.0988
10,1,4,1,46,2,4,5,5,0,1.3434
10,1,4,1,47,2,2,1,2,1,1.7698
10,1,4,1,48,2,3,4,3,1,1.2391
10,1,4,1,49,2,1,5,5,0,1.307
10,1,4,1,50,2,1,6,1,1,1.0941
10,1,4,2,1,6,4,,2,0,1.0054
10,1,4,2,2,6,6,,6,1,0.7407
10,1,4,2,3,6,6,,2,0,0.7963
10,1,4,2,4,6,3,,3,1,0.653
10,1,4,2,5,6,3,,3,1,0.7135
10,1,4,2,6,6,5,,6,0,0.7226
10,1,4,2,7,6,6,,1,0,0.7905
10,1,4,2,8,6,2,,3,0,0.7271
10,1,4,2,9,6,3,,2,0,0.8416
10,1,4,2,10,6,5,,6,0,0.7285
10,1,4,2,11,6,4,,6,0,0.7965
10,1,4,2,12,6,6,,6,1,0.5852
10,1,4,2,13,6,5,,2,0,0.7798
10,1,4,2,14,6,5,,1,0,0.7315
10,1,4,2,15,6,5,,6,0,0.655
10,1,4,2,16,6,6,,6,1,0.5853
10,1,4,2,17,6,2,,2,1,0.837
10,1,4,2,18,6,1,,1,1,0.7919
10,1,4,2,19,6,5,,5,1,0.703
10,1,4,2,20,6,6,,6,1,0.6786
10,1,4,2,21,6,4,,1,0,0.7528
10,1,4,2,22,6,3,,6,0,0.585
10,1,4,2,23,6,6,,6,1,1.389
10,1,4,2,24,6,1,,1,1,0.9386
10,1,4,2,25,6,2,,6,0,1.243
10,1,4,2,26,6,6,,6,1,0.7604
10,1,4,2,27,6,4,,6,0,0.655
10,1,4,2,28,6,2,,2,1,0.6455
10,1,4,2,29,6,4,,2,0,0.588
10,1,4,2,30,6,2,,6,0,0.6034
10,1,4,2,31,6,1,,1,1,0.7401
10,1,4,2,32,6,6,,6,1,0.764
10,1,4,2,33,6,1,,5,0,0.6908
10,1,4,2,34,6,1,,2,0,0.8236
10,1,4,2,35,6,2,,2,1,0.7282
10,1,4,2,36,6,4,,6,0,0.7511
10,1,4,2,37,6,2,,6,0,0.7067
10,1,4,2,38,6,4,,6,0,0.5849
10,1,4,2,39,6,2,,2,1,0.7048
10,1,4,2,40,6,1,,6,0,0.6973
10,1,4,2,41,6,1,,1,1,0.83
10,1,4,2,42,6,4,,3,0,0.9136
10,1,4,2,43,6,3,,6,0,0.6064
10,1,4,2,44,6,5,,6,0,0.614
10,1,4,2,45,6,5,,5,1,0.6397
10,1,4,2,46,6,6,,6,1,0.7147
10,1,4,2,47,6,3,,2,0,0.8354
10,1,4,2,48,6,3,,6,0,0.5959
10,1,4,2,49,6,1,,6,0,0.5882
10,1,4,2,50,6,3,,6,0,1.237
10,1,4,3,1,2,1,4,4,0,1.7765
10,1,4,3,2,2,4,5,4,1,1.2241
10,1,4,3,3,2,3,2,2,0,0.8278
10,1,4,3,4,2,5,2,5,1,1.659
10,1,4,3,5,2,4,5,5,0,1.262
10,1,4,3,6,2,5,1,1,0,1.3391
10,1,4,3,7,2,4,2,2,0,1.5586
10,1,4,3,8,2,6,4,6,1,1.1283
10,1,4,3,9,2,5,4,5,1,1.2959
10,1,4,3,10,2,6,2,6,1,0.8004
10,1,4,3,11,2,4,1,1,0,1.4776
10,1,4,3,12,2,2,3,2,1,1.0988
10,1,4,3,13,2,6,4,6,1,1.1082
10,1,4,3,14,2,3,6,3,1,1.3562
10,1,4,3,15,2,3,5,3,1,1.4347
10,1,4,3,16,2,5,6,6,0,1.1423
10,1,4,3,17,2,5,4,5,1,1.3519
10,1,4,3,18,2,1,3,3,0,1.5113
10,1,4,3,19,2,4,3,3,0,1.1305
10,1,4,3,20,2,3,2,3,1,1.0537
10,1,4,3,21,2,4,3,3,0,1.0157
10,1,4,3,22,2,4,2,4,1,1.1202
10,1,4,3,23,2,3,2,3,1,1.1276
10,1,4,3,24,2,2,5,2,1,1.0724
10,1,4,3,25,2,2,3,3,0,1.0978
10,1,4,3,26,2,1,2,2,0,1.1185
10,1,4,3,27,2,6,5,6,1,1.1382
10,1,4,3,28,2,4,3,4,1,1.1292
10,1,4,3,29,2,2,3,3,0,1.5207
10,1,4,3,30,2,6,1,1,0,1.0749
10,1,4,3,31,2,6,3,6,1,0.9527
10,1,4,3,32,2,6,5,6,1,1.0954
10,1,4,3,33,2,3,4,4,0,1.0732
10,1,4,3,34,2,1,5,5,0,1.2053
10,1,4,3,35,2,1,6,1,1,1.0145
10,1,4,3,36,2,5,2,2,0,1.2501
10,1,4,3,37,2,1,3,3,0,1.6331
10,1,4,3,38,2,2,3,2,1,1.3433
10,1,4,3,39,2,6,3,3,0,1.0224
10,1,4,3,40,2,6,1,6,1,1.061
10,1,4,3,41,2,3,5,3,1,1.1038
10,1,4,3,42,2,3,2,3,1,1.5133
10,1,4,3,43,2,5,6,6,0,1.3778
10,1,4,3,44,2,1,6,1,1,1.0666
10,1,4,3,45,2,2,4,2,1,1.0283
10,1,4,3,46,2,6,4,4,0,1.4562
10,1,4,3,47,2,1,4,4,0,1.3336
10,1,4,3,48,2,2,3,2,1,1.1201
10,1,4,3,49,2,5,2,2,0,1.1284
10,1,4,3,50,2,2,1,2,1,1.0835
10,1,4,4,1,6,2,,2,1,0.8193
10,1,4,4,2,6,1,,6,0,0.7272
10,1,4,4,3,6,5,,1,0,0.7634
10,1,4,4,4,6,5,,3,0,0.6851
10,1,4,4,5,6,3,,6,0,0.6894
10,1,4,4,6,6,6,,6,1,0.5849
10,1,4,4,7,6,5,,6,0,0.7408
10,1,4,4,8,6,2,,2,1,0.6155
10,1,4,4,9,6,1,,3,0,0.8692
10,1,4,4,10,6,4,,3,0,0.7395
10,1,4,4,11,6,6,,6,1,0.5866
10,1,4,4,12,6,5,,2,0,0.836
10,1,4,4,13,6,4,,6,0,0.7863
10,1,4,4,14,6,6,,1,0,0.6427
10,1,4,4,15,6,5,,6,0,0.5849
10,1,4,4,16,6,6,,6,1,0.5851
10,1,4,4,17,6,1,,6,0,0.6575
10,1,4,4,18,6,4,,2,0,0.6637
10,1,4,4,19,6,4,,3,0,1.1502
10,1,4,4,20,6,1,,5,0,0.6727
10,1,4,4,21,6,1,,2,0,0.8216
10,1,4,4,22,6,4,,6,0,0.6141
10,1,4,4,23,6,4,,1,0,0.6215
10,1,4,4,24,6,4,,2,0,0.774
10,1,4,4,25,6,2,,1,0,0.6307
10,1,4,4,26,6,5,,6,0,0.6715
10,1,4,4,27,6,1,,6,0,0.6291
10,1,4,4,28,6,5,,6,0,0.8765
10,1,4,4,29,6,6,,2,0,0.5868
10,1,4,4,30,6,3,,5,0,0.6593
10,1,4,4,31,6,3,,5,0,0.5851
10,1,4,4,32,6,6,,2,0,0.5851
10,1,4,4,33,6,3,,6,0,0.6216
10,1,4,4,34,6,6,,5,0,0.6761
10,1,4,4,35,6,5,,2,0,0.6335
10,1,4,4,36,6,6,,1,0,0.7058
10,1,4,4,37,6,3,,3,1,1.0784
10,1,4,4,38,6,1,,1,1,1.456
10,1,4,4,39,6,1,,6,0,1.0186
10,1,4,4,40,6,2,,2,1,0.8166
10,1,4,4,41,6,3,,2,0,0.8053
10,1,4,4,42,6,2,,6,0,0.6942
10,1,4,4,43,6,3,,2,0,0.7946
10,1,4,4,44,6,6,,3,0,0.6508
10,1,4,4,45,6,4,,6,0,0.6895
10,1,4,4,46,6,6,,5,0,0.6954
10,1,4,4,47,6,2,,2,1,1.2596
10,1,4,4,48,6,2,,2,1,0.9253
10,1,4,4,49,6,3,,6,0,0.7332
10,1,4,4,50,6,2,,2,1,0.6245
10,1,5,1,1,6,6,,2,0,1.2317
10,1,5,1,2,6,3,,2,0,0.7666
10,1,5,1,3,6,6,,6,1,0.5928
10,1,5,1,4,6,3,,5,0,0.7497
10,1,5,1,5,6,4,,6,0,0.6562
10,1,5,1,6,6,1,,2,0,0.6954
10,1,5,1,7,6,4,,1,0,0.7015
10,1,5,1,8,6,2,,3,0,0.8332
10,1,5,1,9,6,3,,2,0,1.1214
10,1,5,1,10,6,2,,6,0,0.7409
10,1,5,1,11,6,5,,6,0,0.7268
10,1,5,1,12,6,3,,6,0,1.3554
10,1,5,1,13,6,6,,3,0,1.2355
10,1,5,1,14,6,6,,6,1,0.818
10,1,5,1,15,6,1,,1,1,1.0948
10,1,5,1,16,6,6,,6,1,0.8479
10,1,5,1,17,6,3,,2,0,1.1402
10,1,5,1,18,6,5,,2,0,0.7583
10,1,5,1,19,6,6,,1,0,0.7121
10,1,5,1,20,6,6,,6,1,0.5883
10,1,5,1,21,6,3,,3,1,1.0497
10,1,5,1,22,6,6,,6,1,0.629
10,1,5,1,23,6,4,,6,0,0.7861
10,1,5,1,24,6,2,,2,1,0.8028
10,1,5,1,25,6,2,,2,1,0.7754
10,1,5,1,26,6,2,,6,0,0.7814
10,1,5,1,27,6,1,,6,0,0.5913
10,1,5,1,28,6,5,,2,0,0.5852
10,1,5,1,29,6,2,,1,0,0.6892
10,1,5,1,30,6,2,,6,0,0.5859
10,1,5,1,31,6,1,,2,0,0.6882
10,1,5,1,32,6,3,,5,0,1.3655
10,1,5,1,33,6,1,,6,0,0.7179
10,1,5,1,34,6,4,,2,0,0.7382
10,1,5,1,35,6,6,,6,1,0.741
10,1,5,1,36,6,4,,2,0,0.8119
10,1,5,1,37,6,3,,1,0,0.6853
10,1,5,1,38,6,4,,2,0,0.6731
10,1,5,1,39,6,5,,1,0,0.5848
10,1,5,1,40,6,4,,5,0,0.6885
10,1,5,1,41,6,5,,5,1,1.1574
10,1,5,1,42,6,5,,6,0,0.7166
10,1,5,1,43,6,1,,6,0,0.7214
10,1,5,1,44,6,4,,6,0,0.5958
10,1,5,1,45,6,5,,2,0,0.9728
10,1,5,1,46,6,6,,2,0,0.7911
10,1,5,1,47,6,1,,1,1,1.2069
10,1,5,1,48,6,1,,6,0,0.8601
10,1,5,1,49,6,2,,2,1,1.0185
10,1,5,1,50,6,5,,6,0,0.7571
10,1,5,2,1,2,5,4,5,1,1.2855
10,1,5,2,2,2,6,5,6,1,1.2222
10,1,5,2,3,2,1,2,1,1,1.3062
10,1,5,2,4,2,5,1,5,1,1.3703
10,1,5,2,5,2,3,4,4,0,1.2719
10,1,5,2,6,2,2,1,2,1,1.1883
10,1,5,2,7,2,2,3,3,0,1.2109
10,1,5,2,8,2,1,4,4,0,1.4016
10,1,5,2,9,2,4,1,1,0,1.0424
10,1,5,2,10,2,2,1,2,1,1.0963
10,1,5,2,11,2,3,6,3,1,1.153
10,1,5,2,12,2,6,1,1,0,1.1128
10,1,5,2,13,2,4,2,2,0,1.0847
10,1,5,2,14,2,2,1,2,1,1.0721
10,1,5,2,15,2,1,2,2,0,1.0838
10,1,5,2,16,2,4,6,4,1,1.2476
10,1,5,2,17,2,1,5,5,0,1.2037
10,1,5,2,18,2,3,1,3,1,1.443
10,1,5,2,19,2,5,3,3,0,1.1023
10,1,5,2,20,2,2,4,4,0,1.283
10,1,5,2,21,2,6,2,2,0,1.887
10,1,5,2,22,2,6,3,6,1,1.0761
10,1,5,2,23,2,1,3,3,0,1.2767
10,1,5,2,24,2,2,1,2,1,1.1137
10,1,5,2,25,2,5,6,5,1,1.154
10,1,5,2,26,2,4,5,5,0,1.1452
10,1,5,2,27,2,5,1,5,1,1.0672
10,1,5,2,28,2,6,2,6,1,1.1419
10,1,5,2,29,2,3,2,3,1,1.5326
10,1,5,2,30,2,4,3,3,0,1.2032
10,1,5,2,31,2,5,1,5,1,1.1243
10,1,5,2,32,2,3,6,3,1,1.1795
10,1,5,2,33,2,1,2,2,0,1.2969
10,1,5,2,34,2,1,6,6,0,1.1499
10,1,5,2,35,2,1,3,3,0,1.3427
10,1,5,2,36,2,5,4,4,0,1.1779
10,1,5,2,37,2,3,4,4,0,1.0501
10,1,5,2,38,2,6,3,6,1,1.0886
10,1,5,2,39,2,4,2,4,1,1.2738
10,1,5,2,40,2,6,2,2,0,1.0035
10,1,5,2,41,2,4,5,5,0,1.0124
10,1,5,2,42,2,4,2,4,1,1.2596
10,1,5,2,43,2,6,5,6,1,1.4382
10,1,5,2,44,2,3,5,3,1,1.3375
10,1,5,2,45,2,6,3,3,0,1.0803
10,1,5,2,46,2,5,2,5,1,1.1975
10,1,5,2,47,2,6,2,2,0,1.0748
10,1,5,2,48,2,2,3,3,0,1.6244
10,1,5,2,49,2,2,3,2,1,1.0296
10,1,5,2,50,2,3,1,3,1,0.978
10,1,5,3,1,6,4,,6,0,0.7966
10,1,5,3,2,6,2,,2,1,0.813
10,1,5,3,3,6,2,,2,1,0.6261
10,1,5,3,4,6,5,,3,0,1.0698
10,1,5,3,5,6,3,,1,0,0.819
10,1,5,3,6,6,6,,6,1,0.7059
10,1,5,3,7,6,3,,2,0,0.8122
10,1,5,3,8,6,4,,6,0,0.585
10,1,5,3,9,6,5,,6,0,0.5863
10,1,5,3,10,6,1,,2,0,0.6698
10,1,5,3,11,6,1,,6,0,0.6442
10,1,5,3,12,6,6,,6,1,0.8096
10,1,5,3,13,6,6,,6,1,0.6064
10,1,5,3,14,6,3,,5,0,0.9239
10,1,5,3,15,6,5,,5,1,1.0467
10,1,5,3,16,6,6,,2,0,0.8188
10,1,5,3,17,6,6,,6,1,0.7533
10,1,5,3,18,6,2,,2,1,0.8569
10,1,5,3,19,6,1,,1,1,0.7965
10,1,5,3,20,6,3,,6,0,0.6894
10,1,5,3,21,6,1,,6,0,0.6472
10,1,5,3,22,6,4,,5,0,0.6848
10,1,5,3,23,6,1,,6,0,0.6911
10,1,5,3,24,6,5,,2,0,0.6306
10,1,5,3,25,6,6,,2,0,0.6548
10,1,5,3,26,6,2,,6,0,0.6125
10,1,5,3,27,6,4,,2,0,0.8615
10,1,5,3,28,6,2,,6,0,0.6185
10,1,5,3,29,6,6,,1,0,0.5859
10,1,5,3,30,6,3,,6,0,0.5851
10,1,5,3,31,6,2,,2,1,1.5583
10,1,5,3,32,6,1,,1,1,0.8927
10,1,5,3,33,6,1,,6,0,0.6699
10,1,5,3,34,6,1,,2,0,0.7242
10,1,5,3,35,6,5,,5,1,0.6625
10,1,5,3,36,6,5,,6,0,0.7693
10,1,5,3,37,6,4,,1,0,0.7245
10,1,5,3,38,6,5,,6,0,0.647
10,1,5,3,39,6,4,,2,0,0.7982
10,1,5,3,40,6,6,,6,1,0.5914
10,1,5,3,41,6,4,,2,0,0.7963
10,1,5,3,42,6,2,,6,0,0.7333
10,1,5,3,43,6,5,,6,0,1.058
10,1,5,3,44,6,4,,1,0,0.6155
10,1,5,3,45,6,3,,2,0,0.8158
10,1,5,3,46,6,3,,6,0,0.5912
10,1,5,3,47,6,2,,6,0,0.6803
10,1,5,3,48,6,6,,6,1,0.5851
10,1,5,3,49,6,6,,6,1,0.6999
10,1,5,3,50,6,3,,2,0,0.6624
10,1,5,4,1,2,5,6,6,0,0.8401
10,1,5,4,2,2,6,1,1,0,1.2228
10,1,5,4,3,2,4,2,2,0,1.2387
10,1,5,4,4,2,1,3,1,1,1.238
10,1,5,4,5,2,1,6,1,1,1.0486
10,1,5,4,6,2,5,6,6,0,0.8999
10,1,5,4,7,2,1,3,1,1,1.1361
10,1,5,4,8,2,4,1,4,1,1.5422
10,1,5,4,9,2,5,3,5,1,1.213
10,1,5,4,10,2,2,3,3,0,1.1706
10,1,5,4,11,2,2,5,2,1,1.1715
10,1,5,4,12,2,3,4,4,0,0.9856
10,1,5,4,13,2,2,3,3,0,1.1072
10,1,5,4,14,2,6,1,1,0,1.1263
10,1,5,4,15,2,4,6,6,0,1.7058
10,1,5,4,16,2,3,6,6,0,1.0287
10,1,5,4,17,2,3,1,3,1,1.3875
10,1,5,4,18,2,5,2,2,0,1.0965
10,1,5,4,19,2,1,3,3,0,1.3741
10,1,5,4,20,2,3,5,3,1,1.0298
10,1,5,4,21,2,2,6,2,1,0.9147
10,1,5,4,22,2,1,4,4,0,1.5871
10,1,5,4,23,2,1,3,3,0,1.1865
10,1,5,4,24,2,5,6,6,0,1.2358
10,1,5,4,25,2,6,5,6,1,0.8029
10,1,5,4,26,2,4,5,4,1,1.1905
10,1,5,4,27,2,4,2,2,0,1.2435
10,1,5,4,28,2,2,1,2,1,1.515
10,1,5,4,29,2,6,3,6,1,1.0908
10,1,5,4,30,2,5,4,5,1,0.9874
10,1,5,4,31,2,3,2,2,0,1.1935
10,1,5,4,32,2,5,6,6,0,1.0826
10,1,5,4,33,2,2,5,2,1,1.0703
10,1,5,4,34,2,6,3,6,1,0.8246
10,1,5,4,35,2,6,2,6,1,0.67
10,1,5,4,36,2,6,1,6,1,1.4796
10,1,5,4,37,2,4,2,2,0,1.3128
10,1,5,4,38,2,4,3,3,0,1.3082
10,1,5,4,39,2,3,1,3,1,1.2885
10,1,5,4,40,2,1,4,1,1,1.0975
10,1,5,4,41,2,1,3,3,0,1.2661
10,1,5,4,42,2,2,4,2,1,0.9266
10,1,5,4,43,2,6,1,1,0,1.087
10,1,5,4,44,2,4,3,4,1,1.4438
10,1,5,4,45,2,6,4,4,0,1.1194
10,1,5,4,46,2,6,2,6,1,1.0097
10,1,5,4,47,2,3,2,3,1,1.103
10,1,5,4,48,2,2,4,2,1,0.8868
10,1,5,4,49,2,5,4,5,1,1.4484
10,1,5,4,50,2,3,2,3,1,1.0758
10,2,1,1,1,6,2,,2,1,0.8559
10,2,1,1,2,6,1,,6,0,0.811
10,2,1,1,3,6,5,,3,0,1.2921
10,2,1,1,4,6,5,,6,0,0.7129
10,2,1,1,5,6,6,,6,1,0.7811
10,2,1,1,6,6,3,,2,0,0.7708
10,2,1,1,7,6,6,,6,1,0.5841
10,2,1,1,8,6,2,,2,1,0.739
10,2,1,1,9,6,1,,6,0,0.8918
10,2,1,1,10,6,6,,6,1,1.1286
10,2,1,1,11,6,6,,1,0,1.5847
10,2,1,1,12,6,2,,2,1,0.9457
10,2,1,1,13,6,2,,2,1,0.8175
10,2,1,1,14,6,5,,3,0,1.1099
10,2,1,1,15,6,1,,6,0,0.6983
10,2,1,1,16,6,2,,2,1,1.2153
10,2,1,1,17,6,1,,1,1,0.7559
10,2,1,1,18,6,3,,2,0,0.8915
10,2,1,1,19,6,2,,6,0,0.7601
10,2,1,1,20,6,2,,2,1,0.8112
10,2,1,1,21,6,4,,6,0,0.7524
10,2,1,1,22,6,3,,3,1,1.1874
10,2,1,1,23,6,1,,6,0,1.2569
10,2,1,1,24,6,1,,1,1,1.0795
10,2,1,1,25,6,5,,6,0,0.7216
10,2,1,1,26,6,3,,3,1,1.1742
10,2,1,1,27,6,2,,2,1,0.9081
10,2,1,1,28,6,5,,6,0,0.7973
10,2,1,1,29,6,4,,6,0,0.7984
10,2,1,1,30,6,6,,2,0,1.0225
10,2,1,1,31,6,5,,3,0,1.1107
10,2,1,1,32,6,3,,2,0,1.2587
10,2,1,1,33,6,3,,6,0,0.7454
10,2,1,1,34,6,4,,3,0,1.5167
10,2,1,1,35,6,4,,6,0,0.7688
10,2,1,1,36,6,6,,6,1,1.0104
10,2,1,1,37,6,4,,2,0,0.8156
10,2,1,1,38,6,3,,2,0,0.9598
10,2,1,1,39,6,5,,6,0,0.6983
10,2,1,1,40,6,4,,4,1,1.3271
10,2,1,1,41,6,6,,6,1,0.7193
10,2,1,1,42,6,5,,4,0,1.1601
10,2,1,1,43,6,1,,1,1,1.4666
10,2,1,1,44,6,6,,6,1,0.7565
10,2,1,1,45,6,6,,6,1,0.8594
10,2,1,1,46,6,4,,2,0,1.0389
10,2,1,1,47,6,6,,6,1,0.6301
10,2,1,1,48,6,3,,3,1,1.6989
10,2,1,1,49,6,4,,6,0,0.8516
10,2,1,1,50,6,1,,6,0,0.6735
10,2,1,2,1,2,5,4,4,0,1.4458
10,2,1,2,2,2,5,2,5,1,1.4689
10,2,1,2,3,2,6,5,6,1,1.4143
10,2,1,2,4,2,6,4,4,0,1.3781
10,2,1,2,5,2,5,6,6,0,1.1322
10,2,1,2,6,2,4,2,2,0,1.6313
10,2,1,2,7,2,1,4,1,1,1.6134
10,2,1,2,8,2,2,4,2,1,1.2022
10,2,1,2,9,2,2,1,2,1,1.015
10,2,1,2,10,2,1,2,2,0,1.1556
10,2,1,2,11,2,4,3,4,1,1.686
10,2,1,2,12,2,4,5,4,1,1.3508
10,2,1,2,13,2,1,3,3,0,1.2856
10,2,1,2,14,2,5,3,3,0,1.4102
10,2,1,2,15,2,2,5,5,0,1.2748
10,2,1,2,16,2,2,5,2,1,1.2402
10,2,1,2,17,2,4,5,4,1,1.2274
10,2,1,2,18,2,3,6,3,1,1.2
10,2,1,2,19,2,1,3,1,1,1.5248
10,2,1,2,20,2,5,1,5,1,1.1168
10,2,1,2,21,2,6,1,1,0,1.1885
10,2,1,2,22,2,4,6,6,0,1.1737
10,2,1,2,23,2,4,1,1,0,1.3998
10,2,1,2,24,2,3,5,3,1,1.088
10,2,1,2,25,2,3,2,3,1,1.2096
10,2,1,2,26,2,4,6,6,0,0.9583
10,2,1,2,27,2,1,6,1,1,1.0965
10,2,1,2,28,2,6,2,6,1,0.8017
10,2,1,2,29,2,2,5,2,1,1.0148
10,2,1,2,30,2,6,3,6,1,0.7395
10,2,1,2,31,2,2,5,2,1,0.9553
10,2,1,2,32,2,6,2,6,1,0.8911
10,2,1,2,33,2,4,1,1,0,1.7245
10,2,1,2,34,2,6,3,3,0,1.3516
10,2,1,2,35,2,1,5,1,1,1.1696
10,2,1,2,36,2,2,3,2,1,1.0962
10,2,1,2,37,2,6,5,6,1,0.8968
10,2,1,2,38,2,3,4,4,0,1.2987
10,2,1,2,39,2,5,6,6,0,1.2153
10,2,1,2,40,2,3,2,3,1,1.9514
10,2,1,2,41,2,3,6,3,1,1.0452
10,2,1,2,42,2,6,3,6,1,0.8011
10,2,1,2,43,2,5,3,3,0,1.5901
10,2,1,2,44,2,1,2,2,0,1.3343
10,2,1,2,45,2,3,2,3,1,1.1852
10,2,1,2,46,2,2,3,2,1,1.1111
10,2,1,2,47,2,6,3,6,1,0.8958
10,2,1,2,48,2,5,3,3,0,1.6821
10,2,1,2,49,2,1,3,1,1,1.4383
10,2,1,2,50,2,3,4,3,1,1.2899
10,2,1,3,1,6,3,,2,0,1.1134
10,2,1,3,2,6,4,,5,0,1.1007
10,2,1,3,3,6,6,,2,0,0.9296
10,2,1,3,4,6,4,,1,0,1.1321
10,2,1,3,5,6,5,,5,1,1.1198
10,2,1,3,6,6,2,,2,1,1.0322
10,2,1,3,7,6,6,,6,1,0.9154
10,2,1,3,8,6,6,,6,1,1.1083
10,2,1,3,9,6,5,,6,0,0.9892
10,2,1,3,10,6,3,,3,1,1.1584
10,2,1,3,11,6,4,,6,0,1.1017
10,2,1,3,12,6,4,,5,0,1.1377
10,2,1,3,13,6,5,,2,0,1.0608
10,2,1,3,14,6,2,,2,1,0.811
10,2,1,3,15,6,3,,6,0,1.3597
10,2,1,3,16,6,6,,6,1,0.6821
10,2,1,3,17,6,2,,2,1,0.996
10,2,1,3,18,6,3,,2,0,1.0095
10,2,1,3,19,6,2,,2,1,1.3382
10,2,1,3,20,6,1,,5,0,1.1291
10,2,1,3,21,6,1,,2,0,1.3087
10,2,1,3,22,6,4,,6,0,1.1603
10,2,1,3,23,6,5,,2,0,0.859
10,2,1,3,24,6,4,,2,0,0.7457
10,2,1,3,25,6,2,,2,1,0.844
10,2,1,3,26,6,1,,1,1,1.1046
10,2,1,3,27,6,5,,6,0,0.9698
10,2,1,3,28,6,1,,6,0,0.9793
10,2,1,3,29,6,3,,2,0,0.893
10,2,1,3,30,6,3,,6,0,0.7623
10,2,1,3,31,6,6,,6,1,0.7957
10,2,1,3,32,6,5,,2,0,0.9297
10,2,1,3,33,6,5,,6,0,0.7486
10,2,1,3,34,6,6,,6,1,0.6077
10,2,1,3,35,6,1,,6,0,0.9252
10,2,1,3,36,6,1,,2,0,0.9853
10,2,1,3,37,6,6,,6,1,0.5946
10,2,1,3,38,6,3,,6,0,0.7365
10,2,1,3,39,6,1,,1,1,1.0599
10,2,1,3,40,6,3,,5,0,1.5515
10,2,1,3,41,6,5,,3,0,1.3451
10,2,1,3,42,6,6,,6,1,0.5844
10,2,1,3,43,6,2,,2,1,0.8573
10,2,1,3,44,6,6,,6,1,0.7648
10,2,1,3,45,6,4,,1,0,1.1237
10,2,1,3,46,6,6,,6,1,0.6473
10,2,1,3,47,6,2,,2,1,0.8026
10,2,1,3,48,6,1,,6,0,1.4477
10,2,1,3,49,6,2,,6,0,0.8941
10,2,1,3,50,6,4,,2,0,0.7947
10,2,1,4,1,2,6,5,6,1,0.729
10,2,1,4,2,2,4,3,3,0,1.282
10,2,1,4,3,2,3,1,3,1,1.0705
10,2,1,4,4,2,5,3,5,1,1.1773
10,2,1,4,5,2,2,1,2,1,1.0234
10,2,1,4,6,2,1,2,2,0,0.9877
10,2,1,4,7,2,5,1,1,0,1.6694
10,2,1,4,8,2,1,5,1,1,1.5386
10,2,1,4,9,2,2,4,2,1,0.9692
10,2,1,4,10,2,4,5,4,1,1.4319
10,2,1,4,11,2,6,5,6,1,0.9634
10,2,1,4,12,2,6,4,6,1,1.3302
10,2,1,4,13,2,2,5,2,1,0.9623
10,2,1,4,14,2,4,5,5,0,1.2167
10,2,1,4,15,2,1,5,5,0,1.4724
10,2,1,4,16,2,5,6,6,0,1.1742
10,2,1,4,17,2,1,4,1,1,1.096
10,2,1,4,18,2,1,3,1,1,1.2969
10,2,1,4,19,2,3,4,3,1,1.5053
10,2,1,4,20,2,3,2,3,1,1.2902
10,2,1,4,21,2,6,3,3,0,1.2436
10,2,1,4,22,2,2,1,2,1,0.9852
10,2,1,4,23,2,3,6,6,0,1.0472
10,2,1,4,24,2,1,6,1,1,1.2617
10,2,1,4,25,2,3,5,3,1,1.1847
10,2,1,4,26,2,6,3,6,1,0.9823
10,2,1,4,27,2,6,3,6,1,1.1082
10,2,1,4,28,2,4,1,1,0,1.3889
10,2,1,4,29,2,6,5,6,1,0.8703
10,2,1,4,30,2,6,1,6,1,0.7606
10,2,1,4,31,2,1,5,1,1,1.2959
10,2,1,4,32,2,5,6,5,1,0.913
10,2,1,4,33,2,5,2,2,0,1.4888
10,2,1,4,34,2,6,4,6,1,0.982
10,2,1,4,35,2,3,2,2,0,1.0117
10,2,1,4,36,2,4,6,6,0,1.1312
10,2,1,4,37,2,3,1,1,0,1.3746
10,2,1,4,38,2,2,3,2,1,0.9522
10,2,1,4,39,2,3,5,5,0,1.383
10,2,1,4,40,2,4,1,1,0,1.1523
10,2,1,4,41,2,5,3,5,1,0.9946
10,2,1,4,42,2,5,1,1,0,1.1197
10,2,1,4,43,2,5,4,5,1,1.3154
10,2,1,4,44,2,2,3,2,1,1.1237
10,2,1,4,45,2,2,6,2,1,0.9878
10,2,1,4,46,2,1,2,1,1,1.3213
10,2,1,4,47,2,6,3,6,1,1.0021
10,2,1,4,48,2,2,4,2,1,1.0947
10,2,1,4,49,2,4,1,1,0,1.6003
10,2,1,4,50,2,4,5,5,0,1.2644
10,2,2,1,1,2,4,2,2,0,1.3654
10,2,2,1,2,2,1,3,1,1,1.375
10,2,2,1,3,2,2,4,2,1,1.3251
10,2,2,1,4,2,2,5,2,1,1.0049
10,2,2,1,5,2,1,3,1,1,0.9217
10,2,2,1,6,2,1,4,1,1,1.1789
10,2,2,1,7,2,5,3,5,1,1.5844
10,2,2,1,8,2,5,3,5,1,1.2371
10,2,2,1,9,2,6,3,6,1,0.825
10,2,2,1,10,2,4,5,4,1,1.7414
10,2,2,1,11,2,3,2,2,0,1.1483
10,2,2,1,12,2,4,6,6,0,1.3744
10,2,2,1,13,2,4,3,4,1,1.5926
10,2,2,1,14,2,2,4,2,1,1.0218
10,2,2,1,15,2,3,2,2,0,1.322
10,2,2,1,16,2,3,4,4,0,1.4452
10,2,2,1,17,2,5,1,5,1,0.9876
10,2,2,1,18,2,6,4,6,1,0.9213
10,2,2,1,19,2,4,2,2,0,1.5298
10,2,2,1,20,2,1,2,2,0,0.9726
10,2,2,1,21,2,5,1,5,1,1.5262
10,2,2,1,22,2,6,5,6,1,1.0865
10,2,2,1,23,2,6,5,6,1,0.9843
10,2,2,1,24,2,5,6,6,0,1.1896
10,2,2,1,25,2,4,3,3,0,1.4149
10,2,2,1,26,2,1,5,1,1,1.6782
10,2,2,1,27,2,2,3,2,1,0.9122
10,2,2,1,28,2,2,4,2,1,1.1525
10,2,2,1,29,2,4,1,1,0,1.7196
10,2,2,1,30,2,1,3,3,0,4.5942
10,2,2,1,31,2,6,3,6,1,0.9359
10,2,2,1,32,2,6,3,3,0,1.3034
10,2,2,1,33,2,6,4,6,1,0.9001
10,2,2,1,34,2,3,4,3,1,1.3327
10,2,2,1,35,2,6,4,6,1,1.2845
10,2,2,1,36,2,3,4,3,1,1.3981
10,2,2,1,37,2,4,6,6,0,1.1387
10,2,2,1,38,2,1,5,1,1,1.3498
10,2,2,1,39,2,2,3,2,1,1.2683
10,2,2,1,40,2,6,1,6,1,0.7266
10,2,2,1,41,2,3,2,3,1,1.2469
10,2,2,1,42,2,1,4,1,1,1.2663
10,2,2,1,43,2,2,4,2,1,0.997
10,2,2,1,44,2,5,3,5,1,1.3617
10,2,2,1,45,2,5,6,6,0,1.2009
10,2,2,1,46,2,6,1,6,1,1.1051
10,2,2,1,47,2,3,2,2,0,1.274
10,2,2,1,48,2,2,1,2,1,0.8873
10,2,2,1,49,2,3,6,3,1,1.3691
10,2,2,1,50,2,5,3,5,1,1.4953
10,2,2,2,1,6,2,,2,1,1.0547
10,2,2,2,2,6,4,,6,0,0.7455
10,2,2,2,3,6,4,,2,0,0.8923
10,2,2,2,4,6,6,,6,1,0.6332
10,2,2,2,5,6,1,,2,0,1.0623
10,2,2,2,6,6,2,,2,1,0.9873
10,2,2,2,7,6,6,,6,1,0.6977
10,2,2,2,8,6,5,,5,1,1.1545
10,2,2,2,9,6,6,,4,0,1.434
10,2,2,2,10,6,6,,6,1,0.7364
10,2,2,2,11,6,2,,2,1,0.8404
10,2,2,2,12,6,6,,6,1,0.8122
10,2,2,2,13,6,3,,3,1,1.202
10,2,2,2,14,6,4,,2,0,0.903
10,2,2,2,15,6,1,,1,1,1.5391
10,2,2,2,16,6,5,,5,1,0.8912
10,2,2,2,17,6,4,,3,0,0.9722
10,2,2,2,18,6,1,,6,0,0.7423
10,2,2,2,19,6,3,,6,0,1.178
10,2,2,2,20,6,3,,6,0,0.9709
10,2,2,2,21,6,1,,3,0,1.2372
10,2,2,2,22,6,5,,6,0,0.9959
10,2,2,2,23,6,5,,2,0,1.2922
10,2,2,2,24,6,3,,5,0,1.0974
10,2,2,2,25,6,2,,2,1,0.9735
10,2,2,2,26,6,1,,1,1,1.1005
10,2,2,2,27,6,6,,6,1,0.7253
10,2,2,2,28,6,2,,2,1,0.7499
10,2,2,2,29,6,6,,6,1,0.6457
10,2,2,2,30,6,5,,5,1,1.2173
10,2,2,2,31,6,2,,2,1,0.8052
10,2,2,2,32,6,5,,5,1,0.6987
10,2,2,2,33,6,4,,2,0,1.0764
10,2,2,2,34,6,3,,6,0,0.7459
10,2,2,2,35,6,6,,6,1,0.6847
10,2,2,2,36,6,4,,6,0,0.9506
10,2,2,2,37,6,5,,2,0,0.8171
10,2,2,2,38,6,3,,1,0,1.0414
10,2,2,2,39,6,2,,2,1,0.872
10,2,2,2,40,6,4,,2,0,0.9716
10,2,2,2,41,6,1,,1,1,0.8207
10,2,2,2,42,6,3,,1,0,1.1132
10,2,2,2,43,6,1,,6,0,0.7013
10,2,2,2,44,6,6,,6,1,0.6425
10,2,2,2,45,6,3,,2,0,0.8786
10,2,2,2,46,6,2,,2,1,0.7959
10,2,2,2,47,6,5,,5,1,1.1051
10,2,2,2,48,6,6,,6,1,0.8257
10,2,2,2,49,6,1,,1,1,0.8946
10,2,2,2,50,6,4,,2,0,0.9442
10,2,2,3,1,2,5,6,5,1,1.6081
10,2,2,3,2,2,6,3,6,1,0.781
10,2,2,3,3,2,6,1,6,1,1.1066
10,2,2,3,4,2,2,1,2,1,0.8753
10,2,2,3,5,2,5,3,5,1,1.2778
10,2,2,3,6,2,4,6,6,0,1.5998
10,2,2,3,7,2,3,1,3,1,1.4717
10,2,2,3,8,2,2,3,3,0,1.3374
10,2,2,3,9,2,1,2,2,0,1.6205
10,2,2,3,10,2,6,1,6,1,0.8517
10,2,2,3,11,2,5,1,1,0,1.191
10,2,2,3,12,2,6,4,6,1,0.6801
10,2,2,3,13,2,1,5,1,1,1.4263
10,2,2,3,14,2,3,4,3,1,1.3729
10,2,2,3,15,2,2,4,2,1,0.9233
10,2,2,3,16,2,1,3,1,1,0.9396
10,2,2,3,17,2,1,5,1,1,1.5638
10,2,2,3,18,2,5,6,6,0,1.1212
10,2,2,3,19,2,1,6,6,0,1.2377
10,2,2,3,20,2,2,4,2,1,1.0444
10,2,2,3,21,2,4,1,1,0,1.4077
10,2,2,3,22,2,4,1,4,1,1.6557
10,2,2,3,23,2,6,1,6,1,0.9218
10,2,2,3,24,2,2,3,2,1,0.9223
10,2,2,3,25,2,3,2,3,1,1.3867
10,2,2,3,26,2,4,1,1,0,1.5444
10,2,2,3,27,2,1,6,6,0,1.2903
10,2,2,3,28,2,4,2,2,0,1.911
10,2,2,3,29,2,3,6,3,1,1.0663
10,2,2,3,30,2,3,6,6,0,0.7885
10,2,2,3,31,2,6,4,6,1,0.9816
10,2,2,3,32,2,3,1,3,1,1.3792
10,2,2,3,33,2,6,2,6,1,0.7847
10,2,2,3,34,2,5,6,6,0,1.0309
10,2,2,3,35,2,2,3,2,1,1.1818
10,2,2,3,36,2,4,5,4,1,1.5393
10,2,2,3,37,2,4,1,1,0,1.4667
10,2,2,3,38,2,5,4,4,0,1.2323
10,2,2,3,39,2,6,1,6,1,1.1672
10,2,2,3,40,2,3,2,3,1,1.2057
10,2,2,3,41,2,6,4,6,1,0.7307
10,2,2,3,42,2,2,1,2,1,1.1065
10,2,2,3,43,2,6,1,6,1,1.0512
10,2,2,3,44,2,1,6,1,1,1.2546
10,2,2,3,45,2,2,1,2,1,1.3534
10,2,2,3,46,2,4,5,4,1,1.7038
10,2,2,3,47,2,1,3,1,1,0.9364
10,2,2,3,48,2,5,3,5,1,1.2724
10,2,2,3,49,2,5,1,5,1,1.418
10,2,2,3,50,2,3,4,3,1,1.3825
10,2,2,4,1,6,5,,3,0,1.1856
10,2,2,4,2,6,2,,2,1,0.8661
10,2,2,4,3,6,4,,5,0,1.2054
10,2,2,4,4,6,6,,6,1,0.8535
10,2,2,4,5,6,3,,2,0,0.8086
10,2,2,4,6,6,4,,3,0,1.1443
10,2,2,4,7,6,3,,3,1,0.795
10,2,2,4,8,6,1,,1,1,1.2486
10,2,2,4,9,6,1,,6,0,0.7555
10,2,2,4,10,6,2,,2,1,0.966
10,2,2,4,11,6,5,,1,0,1.0442
10,2,2,4,12,6,4,,4,1,1.2592
10,2,2,4,13,6,6,,6,1,0.7178
10,2,2,4,14,6,6,,6,1,0.8227
10,2,2,4,15,6,4,,1,0,0.7953
10,2,2,4,16,6,6,,6,1,0.6843
10,2,2,4,17,6,4,,2,0,0.9821
10,2,2,4,18,6,1,,6,0,0.8472
10,2,2,4,19,6,2,,2,1,0.926
10,2,2,4,20,6,3,,1,0,1.006
10,2,2,4,21,6,3,,2,0,1.1106
10,2,2,4,22,6,1,,1,1,1.0342
10,2,2,4,23,6,5,,6,0,0.8863
10,2,2,4,24,6,4,,6,0,0.819
10,2,2,4,25,6,5,,1,0,1.0435
10,2,2,4,26,6,6,,6,1,0.8097
10,2,2,4,27,6,5,,5,1,0.8633
10,2,2,4,28,6,6,,6,1,0.6742
10,2,2,4,29,6,3,,2,0,0.8603
10,2,2,4,30,6,2,,2,1,0.779
10,2,2,4,31,6,1,,6,0,0.7688
10,2,2,4,32,6,3,,3,1,1.2188
10,2,2,4,33,6,1,,1,1,1.0471
10,2,2,4,34,6,2,,2,1,0.8341
10,2,2,4,35,6,2,,2,1,0.6138
10,2,2,4,36,6,2,,2,1,1.0904
10,2,2,4,37,6,5,,6,0,0.7487
10,2,2,4,38,6,1,,2,0,0.7835
10,2,2,4,39,6,6,,6,1,0.8489
10,2,2,4,40,6,6,,2,0,0.7722
10,2,2,4,41,6,3,,2,0,0.6463
10,2,2,4,42,6,1,,1,1,1.2772
10,2,2,4,43,6,6,,6,1,0.7996
10,2,2,4,44,6,6,,6,1,0.869
10,2,2,4,45,6,4,,5,0,1.4634
10,2,2,4,46,6,3,,5,0,0.7485
10,2,2,4,47,6,5,,6,0,0.9438
10,2,2,4,48,6,4,,3,0,1.2106
10,2,2,4,49,6,5,,6,0,1.0494
10,2,2,4,50,6,2,,2,1,0.7043
10,2,3,1,1,6,5,,6,0,0.8325
10,2,3,1,2,6,5,,6,0,0.6719
10,2,3,1,3,6,1,,1,1,0.7423
10,2,3,1,4,6,1,,1,1,0.8298
10,2,3,1,5,6,3,,5,0,0.8342
10,2,3,1,6,6,2,,2,1,0.6899
10,2,3,1,7,6,1,,3,0,1.4198
10,2,3,1,8,6,3,,3,1,0.8196
10,2,3,1,9,6,2,,2,1,0.8233
10,2,3,1,10,6,2,,2,1,0.6047
10,2,3,1,11,6,5,,6,0,0.7302
10,2,3,1,12,6,4,,3,0,1.1492
10,2,3,1,13,6,6,,6,1,0.7835
10,2,3,1,14,6,4,,4,1,1.0134
10,2,3,1,15,6,6,,2,0,1.027
10,2,3,1,16,6,5,,2,0,1.4664
10,2,3,1,17,6,4,,6,0,0.7199
10,2,3,1,18,6,2,,2,1,1.124
10,2,3,1,19,6,2,,2,1,0.8758
10,2,3,1,20,6,1,,6,0,0.7028
10,2,3,1,21,6,6,,6,1,0.9794
10,2,3,1,22,6,3,,3,1,0.8816
10,2,3,1,23,6,5,,6,0,0.755
10,2,3,1,24,6,4,,6,0,1.0145
10,2,3,1,25,6,4,,2,0,0.638
10,2,3,1,26,6,6,,6,1,0.5843
10,2,3,1,27,6,2,,3,0,0.7235
10,2,3,1,28,6,5,,6,0,0.9671
10,2,3,1,29,6,4,,4,1,1.2336
10,2,3,1,30,6,1,,1,1,0.8846
10,2,3,1,31,6,6,,6,1,0.6147
10,2,3,1,32,6,1,,2,0,0.9477
10,2,3,1,33,6,6,,6,1,0.5842
10,2,3,1,34,6,3,,2,0,0.9883
10,2,3,1,35,6,4,,2,0,0.7739
10,2,3,1,36,6,2,,2,1,0.5842
10,2,3,1,37,6,6,,6,1,0.614
10,2,3,1,38,6,3,,3,1,1.3309
10,2,3,1,39,6,6,,6,1,0.6264
10,2,3,1,40,6,3,,4,0,1.0544
10,2,3,1,41,6,3,,3,1,1.0452
10,2,3,1,42,6,2,,2,1,0.9121
10,2,3,1,43,6,5,,5,1,0.8647
10,2,3,1,44,6,5,,6,0,0.9627
10,2,3,1,45,6,1,,6,0,0.893
10,2,3,1,46,6,6,,6,1,0.6812
10,2,3,1,47,6,3,,3,1,0.7875
10,2,3,1,48,6,6,,6,1,0.6659
10,2,3,1,49,6,1,,1,1,0.8044
10,2,3,1,50,6,4,,6,0,0.9537
10,2,3,2,1,2,2,3,2,1,1.4418
10,2,3,2,2,2,6,1,6,1,0.6858
10,2,3,2,3,2,6,3,6,1,0.7755
10,2,3,2,4,2,6,4,6,1,0.5841
10,2,3,2,5,2,1,6,1,1,1.0207
10,2,3,2,6,2,4,6,6,0,1.4169
10,2,3,2,7,2,3,6,3,1,0.9762
10,2,3,2,8,2,5,3,5,1,0.6864
10,2,3,2,9,2,3,2,2,0,1.1124
10,2,3,2,10,2,6,5,6,1,0.7002
10,2,3,2,11,2,3,2,3,1,1.4458
10,2,3,2,12,2,4,3,3,0,0.8957
10,2,3,2,13,2,3,4,3,1,1.2288
10,2,3,2,14,2,5,4,5,1,1.4559
10,2,3,2,15,2,3,6,3,1,1.4348
10,2,3,2,16,2,4,2,2,0,1.0301
10,2,3,2,17,2,1,4,4,0,1.4051
10,2,3,2,18,2,1,6,6,0,1.4294
10,2,3,2,19,2,1,5,1,1,0.9403
10,2,3,2,20,2,2,3,2,1,0.8441
10,2,3,2,21,2,6,1,6,1,0.719
10,2,3,2,22,2,5,1,5,1,1.3836
10,2,3,2,23,2,2,1,2,1,0.8696
10,2,3,2,24,2,5,6,5,1,1.2561
10,2,3,2,25,2,2,1,2,1,0.7948
10,2,3,2,26,2,6,5,6,1,0.7364
10,2,3,2,27,2,1,5,5,0,1.7842
10,2,3,2,28,2,5,4,5,1,1.5527
10,2,3,2,29,2,6,1,6,1,1.0309
10,2,3,2,30,2,4,2,2,0,0.9467
10,2,3,2,31,2,3,4,3,1,1.1014
10,2,3,2,32,2,2,4,2,1,0.8382
10,2,3,2,33,2,1,6,1,1,1.2104
10,2,3,2,34,2,3,2,2,0,0.9269
10,2,3,2,35,2,4,1,1,0,1.3061
10,2,3,2,36,2,5,3,3,0,1.0145
10,2,3,2,37,2,6,4,4,0,1.3906
10,2,3,2,38,2,4,5,4,1,1.4469
10,2,3,2,39,2,1,4,1,1,1.1057
10,2,3,2,40,2,6,5,6,1,0.7301
10,2,3,2,41,2,2,5,2,1,0.8347
10,2,3,2,42,2,1,2,2,0,1.1107
10,2,3,2,43,2,3,4,3,1,1.4498
10,2,3,2,44,2,2,1,2,1,0.9163
10,2,3,2,45,2,6,4,6,1,0.709
10,2,3,2,46,2,2,5,2,1,0.911
10,2,3,2,47,2,4,1,1,0,0.9108
10,2,3,2,48,2,4,3,3,0,1.3235
10,2,3,2,49,2,5,3,5,1,1.0466
10,2,3,2,50,2,5,1,5,1,0.9619
10,2,3,3,1,6,2,,2,1,1.0855
10,2,3,3,2,6,2,,6,0,0.6316
10,2,3,3,3,6,2,,6,0,0.7031
10,2,3,3,4,6,6,,6,1,0.6601
10,2,3,3,5,6,2,,2,1,0.8154
10,2,3,3,6,6,2,,2,1,0.9005
10,2,3,3,7,6,6,,6,1,0.5843
10,2,3,3,8,6,6,,6,1,0.8356
10,2,3,3,9,6,4,,2,0,0.9676
10,2,3,3,10,6,4,,6,0,0.722
10,2,3,3,11,6,6,,6,1,1.0136
10,2,3,3,12,6,3,,3,1,1.0733
10,2,3,3,13,6,5,,5,1,0.7963
10,2,3,3,14,6,5,,2,0,1.2977
10,2,3,3,15,6,6,,6,1,0.6695
10,2,3,3,16,6,3,,5,0,1.0963
10,2,3,3,17,6,5,,6,0,0.6371
10,2,3,3,18,6,4,,1,0,1.0764
10,2,3,3,19,6,2,,2,1,0.9214
10,2,3,3,20,6,4,,6,0,0.586
10,2,3,3,21,6,3,,1,0,1.1561
10,2,3,3,22,6,3,,6,0,0.7569
10,2,3,3,23,6,4,,2,0,1.3352
10,2,3,3,24,6,5,,6,0,0.61
10,2,3,3,25,6,4,,2,0,0.7789
10,2,3,3,26,6,3,,3,1,0.9879
10,2,3,3,27,6,1,,3,0,1.2099
10,2,3,3,28,6,2,,2,1,1.0338
10,2,3,3,29,6,5,,5,1,1.0774
10,2,3,3,30,6,1,,1,1,0.8634
10,2,3,3,31,6,6,,6,1,0.6899
10,2,3,3,32,6,1,,3,0,1.4834
10,2,3,3,33,6,3,,6,0,0.7524
10,2,3,3,34,6,2,,5,0,0.8353
10,2,3,3,35,6,1,,5,0,0.7702
10,2,3,3,36,6,5,,5,1,0.7401
10,2,3,3,37,6,6,,2,0,0.8284
10,2,3,3,38,6,1,,6,0,0.7151
10,2,3,3,39,6,5,,1,0,1.0233
10,2,3,3,40,6,3,,5,0,0.7591
10,2,3,3,41,6,6,,6,1,0.6336
10,2,3,3,42,6,3,,2,0,0.9663
10,2,3,3,43,6,4,,6,0,0.9282
10,2,3,3,44,6,5,,5,1,0.6675
10,2,3,3,45,6,6,,5,0,0.6141
10,2,3,3,46,6,1,,2,0,0.8787
10,2,3,3,47,6,1,,6,0,0.6836
10,2,3,3,48,6,4,,6,0,0.5929
10,2,3,3,49,6,1,,2,0,1.0344
10,2,3,3,50,6,6,,6,1,1.0092
10,2,3,4,1,2,4,5,5,0,1.2283
10,2,3,4,2,2,4,1,1,0,1.659
10,2,3,4,3,2,5,4,5,1,1.4006
10,2,3,4,4,2,3,4,4,0,1.4292
10,2,3,4,5,2,6,2,6,1,0.7635
10,2,3,4,6,2,3,5,3,1,1.0103
10,2,3,4,7,2,1,6,6,0,0.7513
10,2,3,4,8,2,4,1,1,0,1.2018
10,2,3,4,9,2,6,4,6,1,0.7228
10,2,3,4,10,2,2,3,2,1,0.8436
10,2,3,4,11,2,4,3,3,0,1.2304
10,2,3,4,12,2,5,2,5,1,1.3732
10,2,3,4,13,2,6,4,6,1,0.6839
10,2,3,4,14,2,2,6,2,1,0.9335
10,2,3,4,15,2,2,5,2,1,0.9652
10,2,3,4,16,2,4,3,3,0,1.3317
10,2,3,4,17,2,5,3,5,1,0.831
10,2,3,4,18,2,4,1,1,0,1.5067
10,2,3,4,19,2,1,2,1,1,0.9347
10,2,3,4,20,2,6,2,6,1,0.6145
10,2,3,4,21,2,6,4,6,1,0.8837
10,2,3,4,22,2,2,5,2,1,1.2695
10,2,3,4,23,2,3,2,2,0,0.9993
10,2,3,4,24,2,3,4,3,1,1.1685
10,2,3,4,25,2,6,3,6,1,0.854
10,2,3,4,26,2,4,2,2,0,1.2421
10,2,3,4,27,2,6,3,6,1,0.5843
10,2,3,4,28,2,6,5,6,1,0.5841
10,2,3,4,29,2,3,6,6,0,1.8286
10,2,3,4,30,2,6,3,6,1,1.0346
10,2,3,4,31,2,1,3,3,0,1.1109
10,2,3,4,32,2,2,4,2,1,1.4983
10,2,3,4,33,2,2,3,2,1,0.8669
10,2,3,4,34,2,1,6,6,0,1.621
10,2,3,4,35,2,6,4,6,1,0.6766
10,2,3,4,36,2,2,6,2,1,0.7836
10,2,3,4,37,2,5,1,5,1,1.4617
10,2,3,4,38,2,3,5,3,1,1.2633
10,2,3,4,39,2,3,6,6,0,0.9775
10,2,3,4,40,2,1,5,1,1,1.1945
10,2,3,4,41,2,3,5,3,1,1.2957
10,2,3,4,42,2,5,2,5,1,1.1528
10,2,3,4,43,2,1,3,3,0,1.2871
10,2,3,4,44,2,5,2,2,0,1.2204
10,2,3,4,45,2,5,4,5,1,1.1882
10,2,3,4,46,2,1,6,6,0,0.8736
10,2,3,4,47,2,2,1,2,1,0.9668
10,2,3,4,48,2,1,5,5,0,1.4134
10,2,3,4,49,2,5,1,5,1,1.2288
10,2,3,4,50,2,4,2,2,0,1.2005
10,2,4,1,1,2,1,5,5,0,1.9483
10,2,4,1,2,2,5,1,5,1,1.2139
10,2,4,1,3,2,6,3,6,1,0.7536
10,2,4,1,4,2,6,2,6,1,0.7933
10,2,4,1,5,2,1,3,3,0,1.1822
10,2,4,1,6,2,6,3,3,0,0.7199
10,2,4,1,7,2,5,6,6,0,1.5397
10,2,4,1,8,2,3,5,3,1,1.3666
10,2,4,1,9,2,2,5,2,1,0.8201
10,2,4,1,10,2,6,1,6,1,0.6651
10,2,4,1,11,2,2,3,2,1,0.7242
10,2,4,1,12,2,6,2,6,1,1.0848
10,2,4,1,13,2,2,3,2,1,1.3342
10,2,4,1,14,2,3,6,6,0,1.3496
10,2,4,1,15,2,6,2,2,0,1.1997
10,2,4,1,16,2,3,4,3,1,1.04
10,2,4,1,17,2,6,5,5,0,1.0034
10,2,4,1,18,2,3,1,3,1,1.3791
10,2,4,1,19,2,4,5,5,0,1.2643
10,2,4,1,20,2,5,1,5,1,1.1182
10,2,4,1,21,2,4,5,5,0,1.1581
10,2,4,1,22,2,2,4,2,1,1.6244
10,2,4,1,23,2,3,1,3,1,2.235
10,2,4,1,24,2,4,1,4,1,1.7819
10,2,4,1,25,2,4,2,2,0,0.9627
10,2,4,1,26,2,6,2,6,1,1.0846
10,2,4,1,27,2,5,3,3,0,0.9342
10,2,4,1,28,2,5,3,3,0,0.9932
10,2,4,1,29,2,5,3,3,0,1.146
10,2,4,1,30,2,1,3,3,0,1.324
10,2,4,1,31,2,4,5,4,1,1.7354
10,2,4,1,32,2,3,6,3,1,0.7903
10,2,4,1,33,2,1,4,4,0,1.4519
10,2,4,1,34,2,3,1,3,1,1.1225
10,2,4,1,35,2,4,1,1,0,1.4666
10,2,4,1,36,2,6,3,6,1,0.8478
10,2,4,1,37,2,1,5,1,1,1.1875
10,2,4,1,38,2,1,3,3,0,1.4011
10,2,4,1,39,2,6,2,6,1,0.7205
10,2,4,1,40,2,2,5,2,1,0.986
10,2,4,1,41,2,3,4,3,1,0.7914
10,2,4,1,42,2,1,5,1,1,1.1172
10,2,4,1,43,2,4,3,3,0,1.1577
10,2,4,1,44,2,5,1,1,0,1.2714
10,2,4,1,45,2,2,1,2,1,1.0127
10,2,4,1,46,2,4,6,4,1,1.5214
10,2,4,1,47,2,1,3,3,0,2.0254
10,2,4,1,48,2,5,6,6,0,1.3033
10,2,4,1,49,2,2,1,2,1,0.755
10,2,4,1,50,2,2,6,2,1,0.7304
10,2,4,2,1,6,6,,6,1,0.7512
10,2,4,2,2,6,4,,5,0,0.951
10,2,4,2,3,6,1,,1,1,0.929
10,2,4,2,4,6,4,,2,0,0.769
10,2,4,2,5,6,2,,2,1,0.675
10,2,4,2,6,6,1,,6,0,0.6386
10,2,4,2,7,6,2,,2,1,0.8221
10,2,4,2,8,6,3,,6,0,0.986
10,2,4,2,9,6,4,,2,0,0.7388
10,2,4,2,10,6,3,,2,0,0.6147
10,2,4,2,11,6,4,,6,0,0.6712
10,2,4,2,12,6,6,,5,0,1.0132
10,2,4,2,13,6,2,,6,0,0.6688
10,2,4,2,14,6,5,,6,0,0.7867
10,2,4,2,15,6,2,,2,1,0.787
10,2,4,2,16,6,5,,6,0,0.6489
10,2,4,2,17,6,4,,6,0,0.5841
10,2,4,2,18,6,3,,5,0,0.8104
10,2,4,2,19,6,2,,2,1,0.6177
10,2,4,2,20,6,3,,1,0,0.7904
10,2,4,2,21,6,5,,5,1,0.6799
10,2,4,2,22,6,2,,2,1,1.1699
10,2,4,2,23,6,2,,2,1,1.6885
10,2,4,2,24,6,6,,6,1,0.6007
10,2,4,2,25,6,4,,5,0,0.8862
10,2,4,2,26,6,3,,5,0,0.9313
10,2,4,2,27,6,5,,3,0,0.9575
10,2,4,2,28,6,6,,6,1,0.6316
10,2,4,2,29,6,6,,6,1,0.5961
10,2,4,2,30,6,6,,6,1,0.6738
10,2,4,2,31,6,4,,4,1,1.1486
10,2,4,2,32,6,1,,6,0,0.9468
10,2,4,2,33,6,3,,3,1,1.1022
10,2,4,2,34,6,6,,5,0,1.0464
10,2,4,2,35,6,2,,2,1,0.9415
10,2,4,2,36,6,1,,3,0,1.0522
10,2,4,2,37,6,3,,3,1,0.9629
10,2,4,2,38,6,3,,3,1,1.1057
10,2,4,2,39,6,6,,5,0,0.7945
10,2,4,2,40,6,6,,6,1,1.5473
10,2,4,2,41,6,5,,5,1,0.8179
10,2,4,2,42,6,4,,2,0,1.0464
10,2,4,2,43,6,1,,3,0,0.9888
10,2,4,2,44,6,1,,5,0,0.7256
10,2,4,2,45,6,5,,3,0,0.9534
10,2,4,2,46,6,5,,6,0,0.6597
10,2,4,2,47,6,6,,5,0,0.8259
10,2,4,2,48,6,1,,1,1,0.9053
10,2,4,2,49,6,5,,6,0,0.5869
10,2,4,2,50,6,1,,1,1,1.1715
10,2,4,3,1,2,3,5,5,0,1.2867
10,2,4,3,2,2,4,3,3,0,1.187
10,2,4,3,3,2,3,6,3,1,0.788
10,2,4,3,4,2,3,5,3,1,1.2575
10,2,4,3,5,2,4,3,3,0,1.3716
10,2,4,3,6,2,3,4,3,1,1.0135
10,2,4,3,7,2,4,6,6,0,1.3779
10,2,4,3,8,2,1,3,1,1,0.8906
10,2,4,3,9,2,5,4,5,1,1.2927
10,2,4,3,10,2,1,2,1,1,1.9979
10,2,4,3,11,2,6,3,6,1,0.7542
10,2,4,3,12,2,3,1,3,1,1.5136
10,2,4,3,13,2,2,5,2,1,0.8332
10,2,4,3,14,2,6,1,6,1,0.7737
10,2,4,3,15,2,4,3,3,0,1.0041
10,2,4,3,16,2,4,2,2,0,1.1729
10,2,4,3,17,2,6,4,6,1,1.1255
10,2,4,3,18,2,6,3,6,1,0.6854
10,2,4,3,19,2,5,3,3,0,1.2551
10,2,4,3,20,2,6,2,6,1,1.0288
10,2,4,3,21,2,4,2,2,0,0.8802
10,2,4,3,22,2,3,2,2,0,1.006
10,2,4,3,23,2,3,5,3,1,0.9179
10,2,4,3,24,2,2,1,2,1,0.7905
10,2,4,3,25,2,1,3,3,0,1.2604
10,2,4,3,26,2,5,2,2,0,0.682
10,2,4,3,27,2,4,1,4,1,1.6318
10,2,4,3,28,2,5,2,2,0,1.4748
10,2,4,3,29,2,6,2,2,0,0.9671
10,2,4,3,30,2,5,1,5,1,0.7214
10,2,4,3,31,2,3,6,3,1,1.1302
10,2,4,3,32,2,2,6,6,0,0.8658
10,2,4,3,33,2,5,6,6,0,1.4074
10,2,4,3,34,2,4,3,4,1,1.3192
10,2,4,3,35,2,2,5,2,1,1.0955
10,2,4,3,36,2,6,3,6,1,0.6563
10,2,4,3,37,2,5,3,3,0,1.1634
10,2,4,3,38,2,6,2,6,1,0.8775
10,2,4,3,39,2,2,3,2,1,0.783
10,2,4,3,40,2,6,3,6,1,0.7415
10,2,4,3,41,2,2,6,2,1,0.7003
10,2,4,3,42,2,1,5,5,0,1.3025
10,2,4,3,43,2,1,6,1,1,1.0901
10,2,4,3,44,2,2,1,1,0,1.4033
10,2,4,3,45,2,1,5,5,0,1.4752
10,2,4,3,46,2,1,6,1,1,0.872
10,2,4,3,47,2,1,5,1,1,0.9222
10,2,4,3,48,2,6,1,6,1,0.6982
10,2,4,3,49,2,2,5,2,1,0.7241
10,2,4,3,50,2,5,2,2,0,1.3402
10,2,4,4,1,6,3,,1,0,1.091
10,2,4,4,2,6,2,,2,1,0.7758
10,2,4,4,3,6,4,,3,0,0.9101
10,2,4,4,4,6,4,,2,0,0.6977
10,2,4,4,5,6,3,,3,1,0.7341
10,2,4,4,6,6,2,,2,1,0.759
10,2,4,4,7,6,6,,6,1,0.6535
10,2,4,4,8,6,3,,2,0,0.7449
10,2,4,4,9,6,4,,3,0,0.7319
10,2,4,4,10,6,6,,6,1,0.6071
10,2,4,4,11,6,2,,1,0,0.7958
10,2,4,4,12,6,3,,6,0,0.6046
10,2,4,4,13,6,6,,6,1,0.5841
10,2,4,4,14,6,3,,6,0,0.6277
10,2,4,4,15,6,5,,2,0,0.8758
10,2,4,4,16,6,5,,5,1,0.6966
10,2,4,4,17,6,5,,6,0,0.7227
10,2,4,4,18,6,1,,1,1,0.7579
10,2,4,4,19,6,6,,6,1,0.5842
10,2,4,4,20,6,6,,2,0,0.8595
10,2,4,4,21,6,4,,6,0,0.6658
10,2,4,4,22,6,1,,6,0,0.584
10,2,4,4,23,6,3,,6,0,0.5841
10,2,4,4,24,6,6,,6,1,0.5842
10,2,4,4,25,6,5,,5,1,1.3938
10,2,4,4,26,6,5,,6,0,0.6226
10,2,4,4,27,6,5,,6,0,0.5978
10,2,4,4,28,6,5,,1,0,1.0222
10,2,4,4,29,6,2,,6,0,0.5842
10,2,4,4,30,6,1,,2,0,0.624
10,2,4,4,31,6,1,,6,0,0.5841
10,2,4,4,32,6,2,,6,0,0.5843
10,2,4,4,33,6,6,,6,1,0.6025
10,2,4,4,34,6,2,,1,0,0.9201
10,2,4,4,35,6,4,,6,0,0.6116
10,2,4,4,36,6,3,,2,0,0.7474
10,2,4,4,37,6,2,,5,0,0.8626
10,2,4,4,38,6,2,,5,0,0.7321
10,2,4,4,39,6,1,,6,0,0.6079
10,2,4,4,40,6,4,,2,0,0.7764
10,2,4,4,41,6,4,,1,0,1.1459
10,2,4,4,42,6,1,,5,0,0.5843
10,2,4,4,43,6,3,,4,0,1.0619
10,2,4,4,44,6,1,,5,0,0.6195
10,2,4,4,45,6,6,,2,0,0.612
10,2,4,4,46,6,1,,1,1,1.0848
10,2,4,4,47,6,6,,6,1,0.9983
10,2,4,4,48,6,5,,5,1,0.835
10,2,4,4,49,6,4,,2,0,0.7755
10,2,4,4,50,6,6,,6,1,0.6807
10,2,5,1,1,6,3,,5,0,1.0308
10,2,5,1,2,6,4,,3,0,0.9902
10,2,5,1,3,6,5,,6,0,0.6311
10,2,5,1,4,6,6,,3,0,0.8627
10,2,5,1,5,6,5,,1,0,0.7972
10,2,5,1,6,6,2,,3,0,1.0532
10,2,5,1,7,6,3,,3,1,0.8684
10,2,5,1,8,6,3,,3,1,0.7907
10,2,5,1,9,6,3,,5,0,0.7967
10,2,5,1,10,6,1,,6,0,0.7176
10,2,5,1,11,6,3,,6,0,0.5843
10,2,5,1,12,6,5,,2,0,1.2111
10,2,5,1,13,6,3,,6,0,0.6356
10,2,5,1,14,6,6,,2,0,1.1234
10,2,5,1,15,6,6,,2,0,0.6789
10,2,5,1,16,6,2,,6,0,0.6682
10,2,5,1,17,6,4,,6,0,0.7548
10,2,5,1,18,6,6,,6,1,0.5843
10,2,5,1,19,6,4,,2,0,1.1397
10,2,5,1,20,6,2,,2,1,0.8862
10,2,5,1,21,6,4,,4,1,1.4485
10,2,5,1,22,6,6,,6,1,0.6912
10,2,5,1,23,6,2,,2,1,0.7639
10,2,5,1,24,6,4,,2,0,0.9788
10,2,5,1,25,6,5,,2,0,0.5891
10,2,5,1,26,6,5,,5,1,1.0457
10,2,5,1,27,6,3,,6,0,0.6254
10,2,5,1,28,6,6,,6,1,0.5845
10,2,5,1,29,6,6,,2,0,1.016
10,2,5,1,30,6,2,,2,1,0.9917
10,2,5,1,31,6,1,,2,0,1.0532
10,2,5,1,32,6,1,,6,0,0.723
10,2,5,1,33,6,1,,2,0,0.9507
10,2,5,1,34,6,2,,3,0,0.9615
10,2,5,1,35,6,2,,2,1,0.7625
10,2,5,1,36,6,5,,5,1,0.9134
10,2,5,1,37,6,2,,6,0,0.6897
10,2,5,1,38,6,1,,6,0,0.584
10,2,5,1,39,6,3,,2,0,1.1521
10,2,5,1,40,6,4,,5,0,0.7385
10,2,5,1,41,6,1,,6,0,0.6457
10,2,5,1,42,6,1,,1,1,0.7487
10,2,5,1,43,6,4,,5,0,0.6116
10,2,5,1,44,6,6,,6,1,0.7318
10,2,5,1,45,6,5,,5,1,0.8525
10,2,5,1,46,6,6,,6,1,0.6634
10,2,5,1,47,6,6,,5,0,0.8179
10,2,5,1,48,6,1,,5,0,0.7051
10,2,5,1,49,6,5,,5,1,0.5975
10,2,5,1,50,6,4,,5,0,0.5842
10,2,5,2,1,2,3,2,3,1,1.0816
10,2,5,2,2,2,1,6,1,1,0.8356
10,2,5,2,3,2,6,4,6,1,0.5998
10,2,5,2,4,2,5,6,5,1,0.6771
10,2,5,2,5,2,4,1,4,1,1.391
10,2,5,2,6,2,2,3,3,0,1.3556
10,2,5,2,7,2,4,1,4,1,1.5901
10,2,5,2,8,2,4,2,4,1,1.2425
10,2,5,2,9,2,6,4,6,1,0.6696
10,2,5,2,10,2,3,5,3,1,1.0484
10,2,5,2,11,2,1,3,3,0,1.3468
10,2,5,2,12,2,4,5,5,0,0.9894
10,2,5,2,13,2,4,5,4,1,1.4457
10,2,5,2,14,2,6,3,6,1,0.7045
10,2,5,2,15,2,3,4,4,0,1.4503
10,2,5,2,16,2,3,2,3,1,0.9756
10,2,5,2,17,2,2,4,2,1,0.7817
10,2,5,2,18,2,3,5,3,1,1.5074
10,2,5,2,19,2,4,6,6,0,1.2766
10,2,5,2,20,2,5,6,5,1,1.5773
10,2,5,2,21,2,1,5,5,0,1.1508
10,2,5,2,22,2,5,6,6,0,0.9772
10,2,5,2,23,2,2,3,2,1,0.9697
10,2,5,2,24,2,6,4,4,0,1.7529
10,2,5,2,25,2,1,3,3,0,1.3142
10,2,5,2,26,2,5,2,5,1,1.1176
10,2,5,2,27,2,6,1,6,1,1.2381
10,2,5,2,28,2,5,4,5,1,1.3538
10,2,5,2,29,2,2,1,2,1,0.9201
10,2,5,2,30,2,1,2,2,0,1.2727
10,2,5,2,31,2,4,3,3,0,1.1741
10,2,5,2,32,2,2,5,2,1,0.7436
10,2,5,2,33,2,6,1,6,1,0.687
10,2,5,2,34,2,5,4,5,1,1.433
10,2,5,2,35,2,3,2,3,1,1.252
10,2,5,2,36,2,3,6,3,1,0.9188
10,2,5,2,37,2,5,4,4,0,1.4157
10,2,5,2,38,2,1,6,6,0,1.2947
10,2,5,2,39,2,1,5,5,0,1.403
10,2,5,2,40,2,2,1,2,1,0.9466
10,2,5,2,41,2,6,2,2,0,1.1371
10,2,5,2,42,2,3,2,2,0,0.7713
10,2,5,2,43,2,6,3,6,1,0.6614
10,2,5,2,44,2,4,6,4,1,1.6164
10,2,5,2,45,2,2,4,2,1,0.8043
10,2,5,2,46,2,2,1,2,1,0.7295
10,2,5,2,47,2,6,4,6,1,1.0577
10,2,5,2,48,2,5,1,1,0,1.1003
10,2,5,2,49,2,1,6,1,1,1.4561
10,2,5,2,50,2,6,4,6,1,0.6345
10,2,5,3,1,6,2,,3,0,0.9792
10,2,5,3,2,6,6,,5,0,0.7161
10,2,5,3,3,6,6,,6,1,1.6165
10,2,5,3,4,6,6,,6,1,1.8921
10,2,5,3,5,6,3,,3,1,0.8125
10,2,5,3,6,6,6,,6,1,0.5841
10,2,5,3,7,6,5,,5,1,0.6868
10,2,5,3,8,6,4,,3,0,0.7448
10,2,5,3,9,6,4,,3,0,0.651
10,2,5,3,10,6,5,,2,0,1.2663
10,2,5,3,11,6,4,,3,0,0.9756
10,2,5,3,12,6,5,,5,1,0.6328
10,2,5,3,13,6,2,,2,1,0.9008
10,2,5,3,14,6,5,,6,0,0.6301
10,2,5,3,15,6,4,,2,0,0.7817
10,2,5,3,16,6,1,,2,0,0.8788
10,2,5,3,17,6,5,,6,0,0.764
10,2,5,3,18,6,3,,3,1,0.8621
10,2,5,3,19,6,6,,2,0,0.737
10,2,5,3,20,6,5,,6,0,0.5844
10,2,5,3,21,6,1,,6,0,0.5841
10,2,5,3,22,6,3,,1,0,0.9352
10,2,5,3,23,6,5,,6,0,0.6582
10,2,5,3,24,6,1,,1,1,0.9516
10,2,5,3,25,6,2,,2,1,0.6795
10,2,5,3,26,6,1,,6,0,0.5842
10,2,5,3,27,6,6,,6,1,0.5841
10,2,5,3,28,6,4,,1,0,0.7609
10,2,5,3,29,6,1,,6,0,0.7472
10,2,5,3,30,6,4,,3,0,1.134
10,2,5,3,31,6,1,,3,0,0.8173
10,2,5,3,32,6,3,,3,1,0.8175
10,2,5,3,33,6,1,,1,1,0.8864
10,2,5,3,34,6,5,,6,0,0.5842
10,2,5,3,35,6,3,,2,0,0.8338
10,2,5,3,36,6,3,,6,0,0.5842
10,2,5,3,37,6,1,,1,1,0.7778
10,2,5,3,38,6,2,,6,0,0.8956
10,2,5,3,39,6,6,,6,1,0.5843
10,2,5,3,40,6,2,,2,1,0.8111
10,2,5,3,41,6,2,,3,0,0.7835
10,2,5,3,42,6,6,,6,1,0.6727
10,2,5,3,43,6,3,,2,0,0.8422
10,2,5,3,44,6,6,,4,0,1.2574
10,2,5,3,45,6,3,,3,1,0.8547
10,2,5,3,46,6,2,,6,0,0.9705
10,2,5,3,47,6,4,,4,1,0.8683
10,2,5,3,48,6,2,,6,0,1.1736
10,2,5,3,49,6,6,,6,1,0.5841
10,2,5,3,50,6,4,,2,0,0.8373
10,2,5,4,1,2,5,6,6,0,0.7371
10,2,5,4,2,2,4,3,4,1,1.1717
10,2,5,4,3,2,1,3,3,0,1.2417
10,2,5,4,4,2,3,1,3,1,0.7761
10,2,5,4,5,2,3,6,6,0,0.7343
10,2,5,4,6,2,1,3,3,0,1.361
10,2,5,4,7,2,4,5,4,1,1.5785
10,2,5,4,8,2,4,2,2,0,1.2314
10,2,5,4,9,2,6,4,6,1,0.8304
10,2,5,4,10,2,2,5,2,1,0.9943
10,2,5,4,11,2,6,3,3,0,1.1352
10,2,5,4,12,2,5,6,5,1,0.9627
10,2,5,4,13,2,6,1,6,1,0.7693
10,2,5,4,14,2,5,1,5,1,0.8549
10,2,5,4,15,2,4,1,4,1,1.3548
10,2,5,4,16,2,2,3,2,1,0.7294
10,2,5,4,17,2,1,2,2,0,1.3124
10,2,5,4,18,2,1,3,1,1,0.924
10,2,5,4,19,2,3,2,3,1,1.0367
10,2,5,4,20,2,3,6,3,1,1.2717
10,2,5,4,21,2,1,6,6,0,1.2902
10,2,5,4,22,2,2,3,2,1,0.9497
10,2,5,4,23,2,1,5,1,1,1.2688
10,2,5,4,24,2,5,6,6,0,1.1756
10,2,5,4,25,2,4,1,1,0,1.1767
10,2,5,4,26,2,4,1,1,0,1.1937
10,2,5,4,27,2,2,4,2,1,0.714
10,2,5,4,28,2,6,2,6,1,0.7706
10,2,5,4,29,2,6,4,6,1,1.4322
10,2,5,4,30,2,4,2,4,1,1.2519
10,2,5,4,31,2,4,6,4,1,1.6386
10,2,5,4,32,2,3,1,3,1,0.9848
10,2,5,4,33,2,2,1,2,1,0.7748
10,2,5,4,34,2,3,2,3,1,0.7656
10,2,5,4,35,2,2,1,2,1,0.7558
10,2,5,4,36,2,3,4,4,0,1.2752
10,2,5,4,37,2,5,6,6,0,1.3358
10,2,5,4,38,2,5,3,5,1,1.0902
10,2,5,4,39,2,5,1,5,1,1.227
10,2,5,4,40,2,2,5,2,1,1.0227
10,2,5,4,41,2,5,6,6,0,1.2424
10,2,5,4,42,2,6,5,6,1,1.0008
10,2,5,4,43,2,2,3,2,1,1.1096
10,2,5,4,44,2,3,6,6,0,0.974
10,2,5,4,45,2,6,5,5,0,1.0467
10,2,5,4,46,2,6,3,6,1,0.8932
10,2,5,4,47,2,6,3,6,1,1.0544
10,2,5,4,48,2,1,4,4,0,1.8488
10,2,5,4,49,2,6,2,6,1,1.0067
10,2,5,4,50,2,1,5,1,1,1.6914
10,3,1,1,1,6,1,,5,0,0.8172
10,3,1,1,2,6,6,,6,1,0.7053
10,3,1,1,3,6,1,,6,0,0.7459
10,3,1,1,4,6,3,,5,0,1.0212
10,3,1,1,5,6,6,,1,0,1.5568
10,3,1,1,6,6,2,,2,1,0.8551
10,3,1,1,7,6,4,,2,0,0.7619
10,3,1,1,8,6,3,,6,0,0.876
10,3,1,1,9,6,3,,3,1,1.0826
10,3,1,1,10,6,3,,6,0,0.7086
10,3,1,1,11,6,5,,2,0,1.0806
10,3,1,1,12,6,6,,4,0,1.3581
10,3,1,1,13,6,6,,6,1,0.6645
10,3,1,1,14,6,3,,3,1,1.2512
10,3,1,1,15,6,1,,2,0,1.1096
10,3,1,1,16,6,4,,3,0,0.9227
10,3,1,1,17,6,4,,5,0,1.5589
10,3,1,1,18,6,5,,1,0,1.4807
10,3,1,1,19,6,3,,3,1,0.7494
10,3,1,1,20,6,2,,2,1,0.8845
10,3,1,1,21,6,1,,3,0,1.0787
10,3,1,1,22,6,2,,5,0,1.0037
10,3,1,1,23,6,6,,6,1,0.676
10,3,1,1,24,6,6,,3,0,0.9746
10,3,1,1,25,6,1,,3,0,0.7769
10,3,1,1,26,6,2,,2,1,1.2105
10,3,1,1,27,6,5,,1,0,1.3441
10,3,1,1,28,6,2,,2,1,0.8266
10,3,1,1,29,6,4,,2,0,0.8635
10,3,1,1,30,6,6,,2,0,0.9737
10,3,1,1,31,6,4,,6,0,0.7751
10,3,1,1,32,6,4,,6,0,0.6969
10,3,1,1,33,6,6,,2,0,1.2778
10,3,1,1,34,6,2,,6,0,0.6354
10,3,1,1,35,6,5,,5,1,1.1555
10,3,1,1,36,6,1,,5,0,1.5148
10,3,1,1,37,6,1,,3,0,1.8377
10,3,1,1,38,6,3,,6,0,0.7883
10,3,1,1,39,6,6,,6,1,0.918
10,3,1,1,40,6,4,,2,0,1.0936
10,3,1,1,41,6,6,,6,1,0.955
10,3,1,1,42,6,5,,2,0,0.9863
10,3,1,1,43,6,4,,2,0,0.9636
10,3,1,1,44,6,5,,3,0,1.1018
10,3,1,1,45,6,3,,6,0,0.7538
10,3,1,1,46,6,5,,2,0,1.0767
10,3,1,1,47,6,1,,1,1,1.1465
10,3,1,1,48,6,2,,2,1,1.1218
10,3,1,1,49,6,2,,2,1,0.7623
10,3,1,1,50,6,5,,5,1,0.7534
10,3,1,2,1,2,5,4,5,1,1.2865
10,3,1,2,2,2,2,5,2,1,0.7912
10,3,1,2,3,2,2,4,2,1,1.0379
10,3,1,2,4,2,4,6,6,0,0.617
10,3,1,2,5,2,4,2,2,0,0.8976
10,3,1,2,6,2,2,3,2,1,0.6861
10,3,1,2,7,2,6,1,6,1,0.6805
10,3,1,2,8,2,4,5,4,1,1.4109
10,3,1,2,9,2,6,1,1,0,1.2633
10,3,1,2,10,2,3,4,3,1,1.1967
10,3,1,2,11,2,5,4,5,1,0.9628
10,3,1,2,12,2,5,3,3,0,1.1854
10,3,1,2,13,2,2,1,2,1,1.2655
10,3,1,2,14,2,2,4,2,1,1.0924
10,3,1,2,15,2,6,1,6,1,0.7655
10,3,1,2,16,2,4,6,4,1,2.0527
10,3,1,2,17,2,5,6,5,1,0.758
10,3,1,2,18,2,6,4,6,1,0.766
10,3,1,2,19,2,2,3,2,1,0.7889
10,3,1,2,20,2,2,5,2,1,0.7461
10,3,1,2,21,2,5,1,5,1,0.7381
10,3,1,2,22,2,1,2,1,1,1.082
10,3,1,2,23,2,4,6,6,0,1.7153
10,3,1,2,24,2,1,6,6,0,1.1028
10,3,1,2,25,2,1,3,3,0,1.4433
10,3,1,2,26,2,5,1,5,1,0.9381
10,3,1,2,27,2,5,3,5,1,1.6098
10,3,1,2,28,2,3,4,4,0,1.2146
10,3,1,2,29,2,4,6,6,0,1.1981
10,3,1,2,30,2,6,1,6,1,0.782
10,3,1,2,31,2,3,1,3,1,1.3324
10,3,1,2,32,2,1,6,6,0,1.1876
10,3,1,2,33,2,1,2,1,1,1.5402
10,3,1,2,34,2,3,2,2,0,1.0514
10,3,1,2,35,2,5,6,6,0,1.3783
10,3,1,2,36,2,6,5,6,1,0.9233
10,3,1,2,37,2,3,6,3,1,1.0194
10,3,1,2,38,2,1,5,5,0,1.1918
10,3,1,2,39,2,3,5,3,1,0.9694
10,3,1,2,40,2,6,3,6,1,1.1437
10,3,1,2,41,2,4,1,4,1,1.4234
10,3,1,2,42,2,4,6,6,0,1.2747
10,3,1,2,43,2,3,2,3,1,1.337
10,3,1,2,44,2,1,5,5,0,1.3999
10,3,1,2,45,2,2,5,2,1,1.0239
10,3,1,2,46,2,3,5,5,0,1.6768
10,3,1,2,47,2,1,2,2,0,1.6258
10,3,1,2,48,2,6,1,6,1,1.3054
10,3,1,2,49,2,6,5,6,1,1.1297
10,3,1,2,50,2,6,4,4,0,1.6812
10,3,1,3,1,6,5,,5,1,1.2279
10,3,1,3,2,6,5,,3,0,0.9273
10,3,1,3,3,6,2,,3,0,0.8274
10,3,1,3,4,6,1,,1,1,0.7942
10,3,1,3,5,6,6,,6,1,0.8962
10,3,1,3,6,6,6,,6,1,0.8654
10,3,1,3,7,6,4,,2,0,1.0126
10,3,1,3,8,6,2,,3,0,0.9237
10,3,1,3,9,6,5,,5,1,0.7764
10,3,1,3,10,6,1,,3,0,1.0864
10,3,1,3,11,6,4,,6,0,0.8844
10,3,1,3,12,6,3,,3,1,1.0415
10,3,1,3,13,6,4,,2,0,1.8214
10,3,1,3,14,6,2,,3,0,1.0442
10,3,1,3,15,6,1,,2,0,1.275
10,3,1,3,16,6,4,,6,0,1.1122
10,3,1,3,17,6,6,,6,1,0.8438
10,3,1,3,18,6,6,,6,1,0.9441
10,3,1,3,19,6,5,,2,0,1.4396
10,3,1,3,20,6,3,,3,1,1.1107
10,3,1,3,21,6,2,,2,1,1.1829
10,3,1,3,22,6,3,,2,0,0.8205
10,3,1,3,23,6,6,,6,1,0.6451
10,3,1,3,24,6,4,,3,0,0.9122
10,3,1,3,25,6,1,,6,0,0.6528
10,3,1,3,26,6,1,,6,0,0.947
10,3,1,3,27,6,2,,2,1,1.0539
10,3,1,3,28,6,3,,2,0,0.7932
10,3,1,3,29,6,5,,6,0,0.778
10,3,1,3,30,6,1,,3,0,0.8918
10,3,1,3,31,6,2,,2,1,0.7765
10,3,1,3,32,6,4,,5,0,0.8315
10,3,1,3,33,6,5,,6,0,0.7026
10,3,1,3,34,6,6,,5,0,0.5847
10,3,1,3,35,6,6,,5,0,0.6536
10,3,1,3,36,6,5,,6,0,0.7407
10,3,1,3,37,6,2,,2,1,0.9515
10,3,1,3,38,6,3,,2,0,0.6146
10,3,1,3,39,6,4,,5,0,0.7517
10,3,1,3,40,6,3,,6,0,0.7857
10,3,1,3,41,6,6,,6,1,0.6754
10,3,1,3,42,6,3,,2,0,0.8147
10,3,1,3,43,6,3,,3,1,1.2621
10,3,1,3,44,6,1,,2,0,1.4735
10,3,1,3,45,6,6,,6,1,0.6463
10,3,1,3,46,6,6,,6,1,0.7386
10,3,1,3,47,6,1,,2,0,1.3386
10,3,1,3,48,6,5,,6,0,0.6767
10,3,1,3,49,6,2,,2,1,1.3703
10,3,1,3,50,6,4,,6,0,0.7288
10,3,1,4,1,2,1,5,1,1,1.1141
10,3,1,4,2,2,6,4,6,1,0.6423
10,3,1,4,3,2,2,3,2,1,0.7662
10,3,1,4,4,2,4,5,4,1,1.4926
10,3,1,4,5,2,3,5,3,1,0.7658
10,3,1,4,6,2,4,6,6,0,0.7087
10,3,1,4,7,2,3,1,3,1,1.1291
10,3,1,4,8,2,6,1,6,1,1.473
10,3,1,4,9,2,6,1,6,1,0.6024
10,3,1,4,10,2,6,2,6,1,0.648
10,3,1,4,11,2,2,3,2,1,0.868
10,3,1,4,12,2,3,5,3,1,1.1584
10,3,1,4,13,2,6,5,6,1,0.669
10,3,1,4,14,2,1,3,3,0,2.0878
10,3,1,4,15,2,1,2,1,1,0.7884
10,3,1,4,16,2,2,5,2,1,0.6978
10,3,1,4,17,2,2,5,2,1,0.6275
10,3,1,4,18,2,5,3,3,0,0.7047
10,3,1,4,19,2,5,2,2,0,0.7095
10,3,1,4,20,2,2,3,2,1,0.6653
10,3,1,4,21,2,5,1,5,1,1.3963
10,3,1,4,22,2,3,4,3,1,1.1053
10,3,1,4,23,2,6,3,6,1,0.6017
10,3,1,4,24,2,3,6,3,1,0.9197
10,3,1,4,25,2,6,5,6,1,0.5841
10,3,1,4,26,2,2,3,2,1,0.6941
10,3,1,4,27,2,4,6,6,0,0.7359
10,3,1,4,28,2,4,3,3,0,1.1711
10,3,1,4,29,2,3,6,3,1,0.9653
10,3,1,4,30,2,5,3,5,1,1.3158
10,3,1,4,31,2,1,6,1,1,1.4278
10,3,1,4,32,2,5,3,3,0,1.2633
10,3,1,4,33,2,4,3,3,0,1.2926
10,3,1,4,34,2,1,5,5,0,1.1612
10,3,1,4,35,2,5,1,5,1,0.5842
10,3,1,4,36,2,3,5,3,1,1.3854
10,3,1,4,37,2,2,6,2,1,0.7586
10,3,1,4,38,2,6,2,6,1,0.6543
10,3,1,4,39,2,4,3,4,1,0.9212
10,3,1,4,40,2,1,6,6,0,0.6179
10,3,1,4,41,2,1,3,1,1,1.5706
10,3,1,4,42,2,6,5,6,1,1.3679
10,3,1,4,43,2,1,4,4,0,1.3983
10,3,1,4,44,2,5,6,5,1,1.5984
10,3,1,4,45,2,5,3,5,1,1.0746
10,3,1,4,46,2,4,6,4,1,1.2133
10,3,1,4,47,2,3,6,3,1,1.0093
10,3,1,4,48,2,2,6,2,1,1.2463
10,3,1,4,49,2,6,5,6,1,0.7534
10,3,1,4,50,2,4,3,3,0,1.0482
10,3,2,1,1,2,5,4,5,1,1.224
10,3,2,1,2,2,3,4,4,0,1.4042
10,3,2,1,3,2,1,4,4,0,1.1885
10,3,2,1,4,2,1,6,6,0,0.6937
10,3,2,1,5,2,3,2,3,1,1.0506
10,3,2,1,6,2,2,4,4,0,1.2702
10,3,2,1,7,2,2,6,2,1,1.0115
10,3,2,1,8,2,2,6,2,1,0.8327
10,3,2,1,9,2,2,4,2,1,0.7562
10,3,2,1,10,2,5,4,5,1,1.2761
10,3,2,1,11,2,4,1,1,0,1.5342
10,3,2,1,12,2,3,5,3,1,1.2647
10,3,2,1,13,2,3,2,3,1,1.3467
10,3,2,1,14,2,6,2,6,1,0.7219
10,3,2,1,15,2,6,1,6,1,0.584
10,3,2,1,16,2,6,3,6,1,0.6965
10,3,2,1,17,2,6,3,6,1,0.5842
10,3,2,1,18,2,6,1,6,1,1.2159
10,3,2,1,19,2,6,5,6,1,1.3323
10,3,2,1,20,2,2,3,2,1,1.1078
10,3,2,1,21,2,2,3,2,1,0.7811
10,3,2,1,22,2,5,6,6,0,0.723
10,3,2,1,23,2,2,5,2,1,0.7589
10,3,2,1,24,2,2,6,2,1,0.8946
10,3,2,1,25,2,4,6,6,0,0.5921
10,3,2,1,26,2,1,6,1,1,1.3701
10,3,2,1,27,2,6,2,6,1,1.2557
10,3,2,1,28,2,3,5,3,1,1.2586
10,3,2,1,29,2,3,2,3,1,1.4214
10,3,2,1,30,2,4,6,4,1,1.0655
10,3,2,1,31,2,1,4,4,0,1.6679
10,3,2,1,32,2,1,3,3,0,1.3135
10,3,2,1,33,2,4,6,4,1,1.3566
10,3,2,1,34,2,4,1,1,0,1.3558
10,3,2,1,35,2,1,4,4,0,1.2697
10,3,2,1,36,2,5,2,5,1,1.0272
10,3,2,1,37,2,5,3,5,1,0.7198
10,3,2,1,38,2,5,3,5,1,0.6643
10,3,2,1,39,2,4,3,3,0,1.0111
10,3,2,1,40,2,6,5,6,1,0.9548
10,3,2,1,41,2,1,3,3,0,1.21
10,3,2,1,42,2,5,3,5,1,1.3225
10,3,2,1,43,2,6,2,6,1,0.9867
10,3,2,1,44,2,4,6,6,0,1.0962
10,3,2,1,45,2,6,5,6,1,0.6372
10,3,2,1,46,2,4,2,2,0,1.2893
10,3,2,1,47,2,3,1,3,1,1.6542
10,3,2,1,48,2,5,6,5,1,0.7926
10,3,2,1,49,2,1,6,6,0,0.9746
10,3,2,1,50,2,3,4,3,1,1.2885
10,3,2,2,1,6,4,,2,0,1.0477
10,3,2,2,2,6,2,,2,1,0.7661
10,3,2,2,3,6,6,,6,1,0.645
10,3,2,2,4,6,1,,5,0,0.6724
10,3,2,2,5,6,6,,2,0,0.7908
10,3,2,2,6,6,5,,1,0,0.8722
10,3,2,2,7,6,6,,5,0,0.7254
10,3,2,2,8,6,4,,6,0,1.0018
10,3,2,2,9,6,4,,2,0,0.9781
10,3,2,2,10,6,3,,3,1,1.0516
10,3,2,2,11,6,2,,2,1,0.8061
10,3,2,2,12,6,5,,6,0,0.6357
10,3,2,2,13,6,6,,6,1,0.5846
10,3,2,2,14,6,6,,6,1,0.5939
10,3,2,2,15,6,3,,5,0,0.6874
10,3,2,2,16,6,3,,3,1,1.3337
10,3,2,2,17,6,3,,3,1,0.949
10,3,2,2,18,6,6,,6,1,0.7234
10,3,2,2,19,6,3,,3,1,0.7002
10,3,2,2,20,6,5,,5,1,0.7261
10,3,2,2,21,6,1,,2,0,0.9557
10,3,2,2,22,6,5,,6,0,0.7102
10,3,2,2,23,6,4,,3,0,0.9057
10,3,2,2,24,6,6,,6,1,0.6147
10,3,2,2,25,6,1,,6,0,1.1239
10,3,2,2,26,6,1,,1,1,0.872
10,3,2,2,27,6,5,,2,0,0.9217
10,3,2,2,28,6,4,,3,0,1.51
10,3,2,2,29,6,5,,6,0,0.6974
10,3,2,2,30,6,6,,4,0,1.4859
10,3,2,2,31,6,6,,4,0,1.0587
10,3,2,2,32,6,2,,2,1,0.7762
10,3,2,2,33,6,2,,2,1,0.8947
10,3,2,2,34,6,2,,2,1,0.6722
10,3,2,2,35,6,1,,4,0,1.0344
10,3,2,2,36,6,2,,2,1,0.962
10,3,2,2,37,6,4,,4,1,1.3119
10,3,2,2,38,6,6,,6,1,0.6723
10,3,2,2,39,6,4,,2,0,0.7473
10,3,2,2,40,6,4,,4,1,0.9263
10,3,2,2,41,6,1,,6,0,0.8945
10,3,2,2,42,6,2,,2,1,1.5315
10,3,2,2,43,6,2,,2,1,0.6108
10,3,2,2,44,6,3,,6,0,0.6231
10,3,2,2,45,6,1,,6,0,0.6
10,3,2,2,46,6,3,,2,0,0.6566
10,3,2,2,47,6,3,,3,1,1.0959
10,3,2,2,48,6,5,,6,0,0.7202
10,3,2,2,49,6,1,,6,0,0.584
10,3,2,2,50,6,5,,6,0,0.6224
10,3,2,3,1,2,4,5,4,1,1.4923
10,3,2,3,2,2,1,4,4,0,1.4213
10,3,2,3,3,2,5,4,5,1,0.6767
10,3,2,3,4,2,2,5,2,1,0.9432
10,3,2,3,5,2,3,4,4,0,1.3584
10,3,2,3,6,2,2,5,2,1,1.1438
10,3,2,3,7,2,3,5,5,0,1.7268
10,3,2,3,8,2,6,1,6,1,0.6332
10,3,2,3,9,2,5,6,6,0,1.2697
10,3,2,3,10,2,5,4,5,1,1.4906
10,3,2,3,11,2,4,5,5,0,1.3721
10,3,2,3,12,2,1,6,1,1,1.4617
10,3,2,3,13,2,3,5,3,1,0.9272
10,3,2,3,14,2,1,4,4,0,1.8236
10,3,2,3,15,2,3,6,3,1,0.9983
10,3,2,3,16,2,2,6,2,1,0.8035
10,3,2,3,17,2,6,1,1,0,1.3051
10,3,2,3,18,2,4,3,3,0,1.1731
10,3,2,3,19,2,1,3,3,0,2.4545
10,3,2,3,20,2,3,5,3,1,0.9633
10,3,2,3,21,2,6,5,6,1,0.8024
10,3,2,3,22,2,4,3,3,0,0.9196
10,3,2,3,23,2,6,5,6,1,1.3798
10,3,2,3,24,2,2,4,2,1,0.8964
10,3,2,3,25,2,5,1,5,1,1.49
10,3,2,3,26,2,6,2,2,0,1.2596
10,3,2,3,27,2,4,2,2,0,1.0968
10,3,2,3,28,2,4,6,4,1,1.565
10,3,2,3,29,2,1,3,1,1,0.9952
10,3,2,3,30,2,5,3,3,0,1.1043
10,3,2,3,31,2,6,1,6,1,1.0608
10,3,2,3,32,2,4,6,6,0,0.8947
10,3,2,3,33,2,3,6,3,1,1.18
10,3,2,3,34,2,1,6,6,0,1.2017
10,3,2,3,35,2,5,1,1,0,1.1055
10,3,2,3,36,2,6,1,6,1,0.9977
10,3,2,3,37,2,2,1,2,1,0.9632
10,3,2,3,38,2,3,5,3,1,1.154
10,3,2,3,39,2,4,2,2,0,1.0484
10,3,2,3,40,2,6,2,2,0,1.0075
10,3,2,3,41,2,3,2,3,1,1.0467
10,3,2,3,42,2,1,2,2,0,1.4578
10,3,2,3,43,2,2,4,2,1,0.8237
10,3,2,3,44,2,5,4,4,0,1.3243
10,3,2,3,45,2,6,3,6,1,0.6159
10,3,2,3,46,2,2,3,2,1,0.7566
10,3,2,3,47,2,2,3,2,1,0.876
10,3,2,3,48,2,1,3,3,0,1.0536
10,3,2,3,49,2,5,1,5,1,1.3323
10,3,2,3,50,2,6,3,6,1,0.8518
10,3,2,4,1,6,6,,5,0,1.3962
10,3,2,4,2,6,5,,6,0,0.8926
10,3,2,4,3,6,5,,6,0,0.5841
10,3,2,4,4,6,1,,5,0,0.7551
10,3,2,4,5,6,4,,2,0,0.7102
10,3,2,4,6,6,3,,6,0,0.5842
10,3,2,4,7,6,6,,5,0,1.1718
10,3,2,4,8,6,3,,5,0,0.9499
10,3,2,4,9,6,4,,5,0,1.2796
10,3,2,4,10,6,3,,2,0,0.7167
10,3,2,4,11,6,4,,5,0,0.7854
10,3,2,4,12,6,3,,6,0,0.6745
10,3,2,4,13,6,1,,2,0,0.7124
10,3,2,4,14,6,1,,4,0,1.132
10,3,2,4,15,6,1,,6,0,0.9757
10,3,2,4,16,6,4,,2,0,0.7927
10,3,2,4,17,6,6,,6,1,0.6333
10,3,2,4,18,6,2,,2,1,0.7737
10,3,2,4,19,6,4,,4,1,1.0359
10,3,2,4,20,6,5,,2,0,1.2397
10,3,2,4,21,6,2,,2,1,0.6312
10,3,2,4,22,6,2,,2,1,0.6108
10,3,2,4,23,6,5,,6,0,0.8163
10,3,2,4,24,6,4,,3,0,1.0881
10,3,2,4,25,6,6,,6,1,0.5842
10,3,2,4,26,6,3,,3,1,0.7878
10,3,2,4,27,6,1,,6,0,0.5841
10,3,2,4,28,6,4,,2,0,1.1552
10,3,2,4,29,6,6,,6,1,0.614
10,3,2,4,30,6,2,,2,1,0.7868
10,3,2,4,31,6,6,,6,1,0.7607
10,3,2,4,32,6,4,,3,0,1.2151
10,3,2,4,33,6,6,,6,1,0.5906
10,3,2,4,34,6,1,,2,0,0.8453
10,3,2,4,35,6,1,,2,0,1.1478
10,3,2,4,36,6,2,,2,1,0.5843
10,3,2,4,37,6,2,,2,1,0.62
10,3,2,4,38,6,2,,2,1,0.7131
10,3,2,4,39,6,3,,2,0,0.5843
10,3,2,4,40,6,6,,6,1,0.6835
10,3,2,4,41,6,5,,5,1,0.6456
10,3,2,4,42,6,1,,1,1,1.2816
10,3,2,4,43,6,5,,6,0,0.6427
10,3,2,4,44,6,2,,2,1,0.5861
10,3,2,4,45,6,3,,3,1,0.9996
10,3,2,4,46,6,3,,3,1,1.1409
10,3,2,4,47,6,5,,2,0,1.0205
10,3,2,4,48,6,5,,5,1,0.5841
10,3,2,4,49,6,6,,5,0,0.947
10,3,2,4,50,6,6,,6,1,0.7016
10,3,3,1,1,6,2,,6,0,0.758
10,3,3,1,2,6,6,,5,0,0.5842
10,3,3,1,3,6,1,,1,1,0.7379
10,3,3,1,4,6,6,,6,1,0.7141
10,3,3,1,5,6,3,,3,1,0.9464
10,3,3,1,6,6,2,,3,0,0.6101
10,3,3,1,7,6,4,,6,0,0.7784
10,3,3,1,8,6,2,,2,1,0.6837
10,3,3,1,9,6,6,,6,1,0.7101
10,3,3,1,10,6,6,,6,1,0.7667
10,3,3,1,11,6,6,,6,1,0.6451
10,3,3,1,12,6,4,,3,0,1.2323
10,3,3,1,13,6,5,,6,0,0.7037
10,3,3,1,14,6,1,,5,0,0.8521
10,3,3,1,15,6,6,,6,1,0.6434
10,3,3,1,16,6,3,,2,0,0.7186
10,3,3,1,17,6,3,,6,0,0.6425
10,3,3,1,18,6,6,,3,0,0.9537
10,3,3,1,19,6,4,,4,1,0.8847
10,3,3,1,20,6,3,,6,0,0.8059
10,3,3,1,21,6,1,,6,0,1.0942
10,3,3,1,22,6,3,,5,0,0.6512
10,3,3,1,23,6,1,,6,0,0.5841
10,3,3,1,24,6,2,,2,1,0.7475
10,3,3,1,25,6,2,,2,1,0.6753
10,3,3,1,26,6,5,,5,1,0.7171
10,3,3,1,27,6,5,,5,1,0.7101
10,3,3,1,28,6,1,,6,0,0.6224
10,3,3,1,29,6,4,,6,0,0.7583
10,3,3,1,30,6,3,,6,0,1.1118
10,3,3,1,31,6,3,,2,0,1.1481
10,3,3,1,32,6,2,,2,1,0.766
10,3,3,1,33,6,2,,2,1,0.9015
10,3,3,1,34,6,6,,6,1,0.7423
10,3,3,1,35,6,5,,3,0,1.0383
10,3,3,1,36,6,1,,6,0,0.8373
10,3,3,1,37,6,1,,5,0,1.0609
10,3,3,1,38,6,5,,6,0,0.9227
10,3,3,1,39,6,4,,4,1,1.0788
10,3,3,1,40,6,4,,2,0,1.1046
10,3,3,1,41,6,4,,4,1,0.8368
10,3,3,1,42,6,5,,3,0,1.433
10,3,3,1,43,6,3,,2,0,1.0713
10,3,3,1,44,6,6,,6,1,0.6449
10,3,3,1,45,6,2,,2,1,0.8804
10,3,3,1,46,6,1,,3,0,1.0907
10,3,3,1,47,6,4,,4,1,1.735
10,3,3,1,48,6,5,,3,0,1.1747
10,3,3,1,49,6,5,,2,0,1.1116
10,3,3,1,50,6,6,,6,1,0.8587
10,3,3,2,1,2,2,5,2,1,1.0355
10,3,3,2,2,2,3,2,2,0,0.7748
10,3,3,2,3,2,6,2,6,1,0.6484
10,3,3,2,4,2,2,3,2,1,1.1718
10,3,3,2,5,2,6,5,6,1,1.2261
10,3,3,2,6,2,6,2,6,1,0.6062
10,3,3,2,7,2,3,4,3,1,1.2438
10,3,3,2,8,2,2,6,2,1,0.7824
10,3,3,2,9,2,6,4,6,1,0.6127
10,3,3,2,10,2,5,2,5,1,0.9455
10,3,3,2,11,2,4,1,1,0,1.1849
10,3,3,2,12,2,3,4,3,1,1.0736
10,3,3,2,13,2,3,1,3,1,0.8604
10,3,3,2,14,2,4,6,4,1,1.199
10,3,3,2,15,2,6,5,6,1,0.9792
10,3,3,2,16,2,5,2,5,1,0.7217
10,3,3,2,17,2,6,3,6,1,0.7777
10,3,3,2,18,2,1,6,6,0,0.7039
10,3,3,2,19,2,4,1,4,1,1.6368
10,3,3,2,20,2,2,3,2,1,1.1598
10,3,3,2,21,2,5,2,5,1,1.2312
10,3,3,2,22,2,2,1,2,1,0.8026
10,3,3,2,23,2,4,3,4,1,1.208
10,3,3,2,24,2,1,3,3,0,1.3249
10,3,3,2,25,2,1,6,1,1,1.1282
10,3,3,2,26,2,5,4,5,1,0.6883
10,3,3,2,27,2,1,2,1,1,1.0818
10,3,3,2,28,2,6,1,6,1,1.2196
10,3,3,2,29,2,6,2,2,0,1.2879
10,3,3,2,30,2,1,6,6,0,0.8691
10,3,3,2,31,2,6,2,2,0,1.0265
10,3,3,2,32,2,5,6,6,0,1.1461
10,3,3,2,33,2,3,5,3,1,1.1167
10,3,3,2,34,2,2,4,2,1,1.1405
10,3,3,2,35,2,3,4,3,1,1.1321
10,3,3,2,36,2,2,5,2,1,1.0117
10,3,3,2,37,2,1,6,6,0,1.201
10,3,3,2,38,2,1,2,2,0,0.9936
10,3,3,2,39,2,4,6,6,0,1.1938
10,3,3,2,40,2,1,3,3,0,1.1945
10,3,3,2,41,2,5,1,5,1,1.2429
10,3,3,2,42,2,4,5,4,1,1.8051
10,3,3,2,43,2,5,4,5,1,1.0817
10,3,3,2,44,2,4,6,4,1,1.4117
10,3,3,2,45,2,5,1,1,0,1.2315
10,3,3,2,46,2,3,4,3,1,1.2942
10,3,3,2,47,2,6,3,6,1,0.6871
10,3,3,2,48,2,2,4,2,1,0.7612
10,3,3,2,49,2,4,5,5,0,1.7599
10,3,3,2,50,2,3,2,2,0,1.0487
10,3,3,3,1,6,2,,5,0,1.3244
10,3,3,3,2,6,1,,6,0,0.7434
10,3,3,3,3,6,1,,1,1,0.9063
10,3,3,3,4,6,5,,2,0,1.083
10,3,3,3,5,6,5,,2,0,0.9127
10,3,3,3,6,6,5,,6,0,0.5841
10,3,3,3,7,6,6,,6,1,0.5842
10,3,3,3,8,6,6,,6,1,0.9325
10,3,3,3,9,6,3,,2,0,0.8517
10,3,3,3,10,6,5,,5,1,0.787
10,3,3,3,11,6,1,,3,0,1.2891
10,3,3,3,12,6,5,,6,0,0.7255
10,3,3,3,13,6,2,,2,1,1.4166
10,3,3,3,14,6,6,,6,1,0.5962
10,3,3,3,15,6,3,,2,0,0.9947
10,3,3,3,16,6,2,,2,1,0.6344
10,3,3,3,17,6,4,,4,1,1.6231
10,3,3,3,18,6,3,,6,0,0.9546
10,3,3,3,19,6,3,,6,0,0.5844
10,3,3,3,20,6,1,,2,0,1.5186
10,3,3,3,21,6,2,,2,1,1.1064
10,3,3,3,22,6,2,,2,1,0.7154
10,3,3,3,23,6,6,,6,1,0.724
10,3,3,3,24,6,2,,2,1,0.8603
10,3,3,3,25,6,1,,1,1,0.8162
10,3,3,3,26,6,5,,2,0,0.885
10,3,3,3,27,6,5,,6,0,1.2505
10,3,3,3,28,6,4,,4,1,1.2324
10,3,3,3,29,6,2,,2,1,0.7402
10,3,3,3,30,6,4,,3,0,1.2759
10,3,3,3,31,6,5,,6,0,0.5842
10,3,3,3,32,6,4,,5,0,0.9465
10,3,3,3,33,6,6,,2,0,0.7653
10,3,3,3,34,6,1,,6,0,1.0235
10,3,3,3,35,6,3,,3,1,1.2715
10,3,3,3,36,6,1,,1,1,1.4328
10,3,3,3,37,6,6,,6,1,0.6606
10,3,3,3,38,6,4,,2,0,0.7837
10,3,3,3,39,6,4,,2,0,0.7686
10,3,3,3,40,6,1,,6,0,0.8826
10,3,3,3,41,6,6,,6,1,0.5843
10,3,3,3,42,6,6,,6,1,0.7023
10,3,3,3,43,6,3,,3,1,1.0482
10,3,3,3,44,6,4,,6,0,0.6752
10,3,3,3,45,6,6,,6,1,0.5842
10,3,3,3,46,6,3,,3,1,0.9185
10,3,3,3,47,6,4,,2,0,0.7597
10,3,3,3,48,6,2,,2,1,0.6334
10,3,3,3,49,6,3,,6,0,0.694
10,3,3,3,50,6,6,,6,1,0.7467
10,3,3,4,1,2,6,4,6,1,0.703
10,3,3,4,2,2,2,6,2,1,0.6963
10,3,3,4,3,2,2,5,2,1,0.5843
10,3,3,4,4,2,4,2,2,0,1.0722
10,3,3,4,5,2,2,4,2,1,0.6133
10,3,3,4,6,2,6,1,6,1,0.5843
10,3,3,4,7,2,5,4,4,0,1.6326
10,3,3,4,8,2,1,3,3,0,1.1986
10,3,3,4,9,2,3,6,3,1,1.1354
10,3,3,4,10,2,5,3,3,0,1.319
10,3,3,4,11,2,6,5,6,1,0.7223
10,3,3,4,12,2,1,4,4,0,1.3391
10,3,3,4,13,2,1,6,1,1,0.9182
10,3,3,4,14,2,6,1,6,1,0.6941
10,3,3,4,15,2,4,2,2,0,0.7678
10,3,3,4,16,2,1,3,3,0,1.1861
10,3,3,4,17,2,1,6,6,0,0.7381
10,3,3,4,18,2,1,4,4,0,1.4132
10,3,3,4,19,2,3,1,3,1,1.1805
10,3,3,4,20,2,5,2,2,0,1.2658
10,3,3,4,21,2,4,6,6,0,0.7038
10,3,3,4,22,2,3,2,3,1,0.9156
10,3,3,4,23,2,6,3,6,1,1.3648
10,3,3,4,24,2,5,3,3,0,1.1061
10,3,3,4,25,2,4,6,4,1,1.19
10,3,3,4,26,2,6,3,6,1,0.7001
10,3,3,4,27,2,4,1,4,1,1.0931
10,3,3,4,28,2,2,1,2,1,0.8139
10,3,3,4,29,2,2,6,2,1,1.0109
10,3,3,4,30,2,5,2,5,1,1.1515
10,3,3,4,31,2,4,2,2,0,0.9983
10,3,3,4,32,2,3,4,3,1,1.2628
10,3,3,4,33,2,4,3,4,1,1.3287
10,3,3,4,34,2,1,6,6,0,1.152
10,3,3,4,35,2,3,5,3,1,1.0906
10,3,3,4,36,2,2,4,4,0,1.196
10,3,3,4,37,2,5,6,6,0,0.7963
10,3,3,4,38,2,3,5,3,1,1.1496
10,3,3,4,39,2,2,3,2,1,0.8841
10,3,3,4,40,2,2,3,2,1,1.0942
10,3,3,4,41,2,4,5,5,0,1.1036
10,3,3,4,42,2,6,1,6,1,1.0918
10,3,3,4,43,2,3,2,2,0,0.7169
10,3,3,4,44,2,6,1,6,1,0.7691
10,3,3,4,45,2,3,1,1,0,1.0955
10,3,3,4,46,2,1,4,4,0,1.5799
10,3,3,4,47,2,6,1,6,1,1.053
10,3,3,4,48,2,5,3,3,0,1.1922
10,3,3,4,49,2,6,5,6,1,0.5842
10,3,3,4,50,2,5,4,5,1,1.2861
10,3,4,1,1,2,1,6,6,0,0.8778
10,3,4,1,2,2,4,1,4,1,1.3392
10,3,4,1,3,2,5,2,2,0,0.7464
10,3,4,1,4,2,3,2,3,1,0.9895
10,3,4,1,5,2,1,6,6,0,1.1631
10,3,4,1,6,2,5,4,5,1,1.469
10,3,4,1,7,2,4,5,4,1,1.2551
10,3,4,1,8,2,5,3,5,1,1.0814
10,3,4,1,9,2,3,5,3,1,0.8516
10,3,4,1,10,2,6,3,6,1,1.1265
10,3,4,1,11,2,3,2,3,1,0.8463
10,3,4,1,12,2,4,5,4,1,1.3136
10,3,4,1,13,2,6,4,6,1,0.8827
10,3,4,1,14,2,6,4,6,1,1.3005
10,3,4,1,15,2,6,3,6,1,1.3812
10,3,4,1,16,2,3,5,5,0,1.2982
10,3,4,1,17,2,2,5,2,1,0.671
10,3,4,1,18,2,1,4,1,1,0.8891
10,3,4,1,19,2,5,1,5,1,0.8431
10,3,4,1,20,2,5,3,5,1,1.2622
10,3,4,1,21,2,4,6,6,0,1.0886
10,3,4,1,22,2,2,5,2,1,0.6455
10,3,4,1,23,2,6,5,6,1,0.6412
10,3,4,1,24,2,1,3,3,0,1.2939
10,3,4,1,25,2,4,2,4,1,1.1454
10,3,4,1,26,2,2,4,2,1,0.7851
10,3,4,1,27,2,6,3,6,1,0.711
10,3,4,1,28,2,6,1,6,1,0.6715
10,3,4,1,29,2,4,5,5,0,1.1304
10,3,4,1,30,2,3,6,3,1,1.0853
10,3,4,1,31,2,1,4,4,0,1.3989
10,3,4,1,32,2,5,2,2,0,0.9752
10,3,4,1,33,2,1,4,4,0,1.1766
10,3,4,1,34,2,3,5,3,1,1.2094
10,3,4,1,35,2,4,6,4,1,1.2779
10,3,4,1,36,2,2,4,2,1,1.3434
10,3,4,1,37,2,1,6,6,0,1.1019
10,3,4,1,38,2,2,6,2,1,0.6904
10,3,4,1,39,2,2,5,2,1,0.6526
10,3,4,1,40,2,4,6,4,1,0.8878
10,3,4,1,41,2,6,5,6,1,1.0976
10,3,4,1,42,2,3,5,3,1,1.3465
10,3,4,1,43,2,6,1,6,1,0.8978
10,3,4,1,44,2,6,2,6,1,0.9305
10,3,4,1,45,2,2,5,2,1,0.8341
10,3,4,1,46,2,5,4,5,1,1.1901
10,3,4,1,47,2,2,5,2,1,0.7961
10,3,4,1,48,2,5,6,5,1,1.5854
10,3,4,1,49,2,3,1,3,1,0.8705
10,3,4,1,50,2,1,6,1,1,1.0813
10,3,4,2,1,6,4,,3,0,1.0554
10,3,4,2,2,6,6,,6,1,0.7738
10,3,4,2,3,6,5,,2,0,1.1478
10,3,4,2,4,6,3,,3,1,1.0063
10,3,4,2,5,6,6,,2,0,1.3873
10,3,4,2,6,6,5,,2,0,1.1393
10,3,4,2,7,6,2,,3,0,0.6294
10,3,4,2,8,6,5,,4,0,1.5492
10,3,4,2,9,6,2,,2,1,0.991
10,3,4,2,10,6,6,,4,0,0.7649
10,3,4,2,11,6,6,,6,1,0.5906
10,3,4,2,12,6,6,,3,0,0.8602
10,3,4,2,13,6,6,,6,1,0.6511
10,3,4,2,14,6,4,,3,0,0.886
10,3,4,2,15,6,5,,4,0,1.2186
10,3,4,2,16,6,5,,6,0,0.584
10,3,4,2,17,6,5,,6,0,0.7006
10,3,4,2,18,6,1,,1,1,1.1688
10,3,4,2,19,6,2,,2,1,0.9669
10,3,4,2,20,6,2,,3,0,1.1087
10,3,4,2,21,6,3,,3,1,0.8564
10,3,4,2,22,6,4,,3,0,0.8758
10,3,4,2,23,6,1,,1,1,0.8738
10,3,4,2,24,6,6,,6,1,1.1311
10,3,4,2,25,6,2,,4,0,1.0268
10,3,4,2,26,6,4,,4,1,0.9858
10,3,4,2,27,6,3,,3,1,0.968
10,3,4,2,28,6,2,,2,1,1.0466
10,3,4,2,29,6,6,,2,0,0.9454
10,3,4,2,30,6,1,,1,1,0.7481
10,3,4,2,31,6,3,,2,0,1.2351
10,3,4,2,32,6,4,,2,0,0.9787
10,3,4,2,33,6,2,,6,0,0.5843
10,3,4,2,34,6,3,,6,0,0.6611
10,3,4,2,35,6,4,,5,0,1.116
10,3,4,2,36,6,1,,5,0,0.7995
10,3,4,2,37,6,5,,6,0,0.6723
10,3,4,2,38,6,6,,6,1,0.6146
10,3,4,2,39,6,6,,6,1,0.6915
10,3,4,2,40,6,1,,1,1,1.1171
10,3,4,2,41,6,1,,6,0,0.7742
10,3,4,2,42,6,4,,4,1,1.1114
10,3,4,2,43,6,5,,6,0,0.7193
10,3,4,2,44,6,1,,1,1,1.0761
10,3,4,2,45,6,3,,3,1,1.1017
10,3,4,2,46,6,2,,2,1,0.7744
10,3,4,2,47,6,4,,3,0,0.7967
10,3,4,2,48,6,1,,1,1,0.9096
10,3,4,2,49,6,3,,3,1,1.4867
10,3,4,2,50,6,3,,3,1,0.6318
10,3,4,3,1,2,4,6,4,1,1.569
10,3,4,3,2,2,6,5,6,1,0.8224
10,3,4,3,3,2,1,5,5,0,1.1312
10,3,4,3,4,2,2,1,2,1,1.0544
10,3,4,3,5,2,5,4,5,1,1.2409
10,3,4,3,6,2,5,6,5,1,1.325
10,3,4,3,7,2,3,2,2,0,0.8771
10,3,4,3,8,2,2,5,2,1,0.9698
10,3,4,3,9,2,5,6,6,0,1.2566
10,3,4,3,10,2,1,5,1,1,1.1587
10,3,4,3,11,2,2,3,2,1,1.1653
10,3,4,3,12,2,6,4,6,1,0.6595
10,3,4,3,13,2,6,5,6,1,0.7991
10,3,4,3,14,2,4,3,4,1,1.2367
10,3,4,3,15,2,1,6,1,1,1.1759
10,3,4,3,16,2,3,4,3,1,1.118
10,3,4,3,17,2,5,4,5,1,1.4462
10,3,4,3,18,2,5,3,3,0,1.1367
10,3,4,3,19,2,1,4,4,0,1.4122
10,3,4,3,20,2,2,1,2,1,0.9559
10,3,4,3,21,2,1,6,6,0,0.7625
10,3,4,3,22,2,4,1,4,1,1.4846
10,3,4,3,23,2,5,2,2,0,1.3341
10,3,4,3,24,2,5,1,5,1,1.7126
10,3,4,3,25,2,6,3,6,1,0.9284
10,3,4,3,26,2,4,6,4,1,1.44
10,3,4,3,27,2,4,2,2,0,1.1317
10,3,4,3,28,2,3,2,2,0,0.7191
10,3,4,3,29,2,6,3,6,1,0.6579
10,3,4,3,30,2,2,6,2,1,1.1814
10,3,4,3,31,2,6,3,6,1,0.6274
10,3,4,3,32,2,6,4,6,1,0.6076
10,3,4,3,33,2,6,2,6,1,0.5841
10,3,4,3,34,2,3,1,3,1,1.787
10,3,4,3,35,2,6,2,6,1,0.7918
10,3,4,3,36,2,3,4,3,1,1.1976
10,3,4,3,37,2,4,5,5,0,1.2823
10,3,4,3,38,2,3,4,3,1,0.9115
10,3,4,3,39,2,2,6,2,1,0.9921
10,3,4,3,40,2,1,3,3,0,1.5495
10,3,4,3,41,2,4,1,4,1,1.4399
10,3,4,3,42,2,3,1,3,1,1.0033
10,3,4,3,43,2,4,2,4,1,1.0157
10,3,4,3,44,2,2,3,2,1,0.9965
10,3,4,3,45,2,3,2,3,1,1.0413
10,3,4,3,46,2,2,6,2,1,1.1013
10,3,4,3,47,2,6,3,6,1,0.8225
10,3,4,3,48,2,5,3,5,1,1.2912
10,3,4,3,49,2,1,4,4,0,1.4364
10,3,4,3,50,2,1,6,6,0,1.554
10,3,4,4,1,6,5,,6,0,1.3284
10,3,4,4,2,6,3,,2,0,0.7952
10,3,4,4,3,6,6,,6,1,0.7799
10,3,4,4,4,6,3,,3,1,0.7707
10,3,4,4,5,6,5,,6,0,1.0967
10,3,4,4,6,6,5,,6,0,0.6212
10,3,4,4,7,6,3,,3,1,0.8046
10,3,4,4,8,6,1,,6,0,0.6017
10,3,4,4,9,6,5,,2,0,0.7062
10,3,4,4,10,6,2,,2,1,1.1106
10,3,4,4,11,6,2,,2,1,0.7666
10,3,4,4,12,6,1,,6,0,0.9976
10,3,4,4,13,6,6,,6,1,0.7662
10,3,4,4,14,6,6,,6,1,0.5841
10,3,4,4,15,6,4,,4,1,1.0912
10,3,4,4,16,6,6,,5,0,0.6844
10,3,4,4,17,6,4,,5,0,1.1375
10,3,4,4,18,6,6,,4,0,1.0604
10,3,4,4,19,6,1,,2,0,0.9217
10,3,4,4,20,6,2,,3,0,0.6451
10,3,4,4,21,6,4,,1,0,0.844
10,3,4,4,22,6,5,,5,1,0.9231
10,3,4,4,23,6,3,,3,1,1.0509
10,3,4,4,24,6,2,,2,1,0.9818
10,3,4,4,25,6,3,,2,0,0.9954
10,3,4,4,26,6,1,,1,1,1.2605
10,3,4,4,27,6,1,,6,0,0.5907
10,3,4,4,28,6,3,,5,0,1.128
10,3,4,4,29,6,6,,5,0,0.6668
10,3,4,4,30,6,4,,2,0,0.8809
10,3,4,4,31,6,4,,3,0,1.1498
10,3,4,4,32,6,6,,2,0,1.2483
10,3,4,4,33,6,4,,5,0,0.7506
10,3,4,4,34,6,1,,5,0,0.8005
10,3,4,4,35,6,2,,5,0,0.5841
10,3,4,4,36,6,4,,3,0,0.7139
10,3,4,4,37,6,4,,6,0,0.7978
10,3,4,4,38,6,3,,2,0,1.1193
10,3,4,4,39,6,6,,6,1,0.5843
10,3,4,4,40,6,2,,6,0,0.7844
10,3,4,4,41,6,5,,2,0,0.6889
10,3,4,4,42,6,6,,5,0,0.5841
10,3,4,4,43,6,1,,1,1,0.9277
10,3,4,4,44,6,1,,6,0,0.9431
10,3,4,4,45,6,6,,6,1,0.5842
10,3,4,4,46,6,3,,2,0,0.9361
10,3,4,4,47,6,2,,2,1,0.8192
10,3,4,4,48,6,5,,3,0,0.9515
10,3,4,4,49,6,2,,2,1,0.7705
10,3,4,4,50,6,5,,2,0,0.8882
10,3,5,1,1,6,3,,4,0,1.2325
10,3,5,1,2,6,6,,3,0,0.9761
10,3,5,1,3,6,1,,3,0,0.8894
10,3,5,1,4,6,4,,3,0,1.0784
10,3,5,1,5,6,2,,2,1,0.7957
10,3,5,1,6,6,6,,5,0,0.5842
10,3,5,1,7,6,3,,5,0,0.5842
10,3,5,1,8,6,5,,5,1,0.6278
10,3,5,1,9,6,6,,5,0,0.7203
10,3,5,1,10,6,2,,3,0,0.6762
10,3,5,1,11,6,2,,4,0,0.6663
10,3,5,1,12,6,1,,5,0,0.8648
10,3,5,1,13,6,6,,5,0,0.8947
10,3,5,1,14,6,5,,6,0,2.4434
10,3,5,1,15,6,6,,6,1,0.6643
10,3,5,1,16,6,4,,4,1,1.6838
10,3,5,1,17,6,3,,4,0,1.1243
10,3,5,1,18,6,3,,6,0,0.712
10,3,5,1,19,6,6,,6,1,0.5842
10,3,5,1,20,6,5,,5,1,0.891
10,3,5,1,21,6,6,,3,0,1.1966
10,3,5,1,22,6,1,,5,0,0.8771
10,3,5,1,23,6,2,,2,1,1.4499
10,3,5,1,24,6,4,,5,0,1.2207
10,3,5,1,25,6,2,,6,0,0.6769
10,3,5,1,26,6,5,,6,0,0.6822
10,3,5,1,27,6,1,,5,0,1.1832
10,3,5,1,28,6,2,,6,0,0.6402
10,3,5,1,29,6,5,,6,0,0.6962
10,3,5,1,30,6,2,,2,1,0.8606
10,3,5,1,31,6,3,,6,0,0.6388
10,3,5,1,32,6,5,,2,0,0.8065
10,3,5,1,33,6,1,,5,0,0.5842
10,3,5,1,34,6,1,,5,0,0.5842
10,3,5,1,35,6,3,,5,0,1.4808
10,3,5,1,36,6,4,,4,1,1.1495
10,3,5,1,37,6,5,,5,1,0.948
10,3,5,1,38,6,4,,2,0,0.9959
10,3,5,1,39,6,4,,6,0,0.5843
10,3,5,1,40,6,4,,2,0,1.5891
10,3,5,1,41,6,6,,6,1,0.7253
10,3,5,1,42,6,3,,3,1,0.7976
10,3,5,1,43,6,3,,2,0,0.9952
10,3,5,1,44,6,4,,6,0,0.7317
10,3,5,1,45,6,6,,6,1,0.6234
10,3,5,1,46,6,5,,5,1,0.988
10,3,5,1,47,6,2,,2,1,0.7624
10,3,5,1,48,6,1,,2,0,0.8801
10,3,5,1,49,6,1,,6,0,0.584
10,3,5,1,50,6,6,,5,0,0.76
10,3,5,2,1,2,5,2,2,0,0.9184
10,3,5,2,2,2,1,3,3,0,0.7704
10,3,5,2,3,2,6,4,6,1,0.7082
10,3,5,2,4,2,1,4,1,1,1.4052
10,3,5,2,5,2,4,3,3,0,0.8576
10,3,5,2,6,2,5,6,5,1,1.3032
10,3,5,2,7,2,3,2,3,1,1.2727
10,3,5,2,8,2,4,1,4,1,1.4186
10,3,5,2,9,2,5,6,6,0,0.9345
10,3,5,2,10,2,1,6,1,1,1.218
10,3,5,2,11,2,1,3,3,0,1.7334
10,3,5,2,12,2,4,2,2,0,1.1201
10,3,5,2,13,2,2,3,3,0,0.9156
10,3,5,2,14,2,4,5,4,1,1.3595
10,3,5,2,15,2,6,1,1,0,1.0853
10,3,5,2,16,2,2,3,2,1,1.0428
10,3,5,2,17,2,6,4,6,1,1.1174
10,3,5,2,18,2,6,1,6,1,0.7258
10,3,5,2,19,2,6,3,3,0,0.8461
10,3,5,2,20,2,5,4,4,0,1.3885
10,3,5,2,21,2,4,1,4,1,1.1092
10,3,5,2,22,2,3,2,3,1,1.0857
10,3,5,2,23,2,5,4,4,0,1.047
10,3,5,2,24,2,6,2,6,1,0.9249
10,3,5,2,25,2,1,3,3,0,1.3737
10,3,5,2,26,2,2,6,2,1,1.239
10,3,5,2,27,2,3,4,3,1,0.9542
10,3,5,2,28,2,3,2,3,1,0.8895
10,3,5,2,29,2,4,1,4,1,0.843
10,3,5,2,30,2,5,6,5,1,1.0057
10,3,5,2,31,2,2,3,3,0,1.323
10,3,5,2,32,2,2,4,2,1,0.9494
10,3,5,2,33,2,2,3,2,1,0.7732
10,3,5,2,34,2,4,6,4,1,1.4517
10,3,5,2,35,2,6,1,6,1,0.8693
10,3,5,2,36,2,2,4,2,1,0.8405
10,3,5,2,37,2,1,5,5,0,1.2598
10,3,5,2,38,2,5,4,4,0,1.2899
10,3,5,2,39,2,1,4,4,0,1.3179
10,3,5,2,40,2,3,6,3,1,0.8652
10,3,5,2,41,2,6,5,5,0,1.491
10,3,5,2,42,2,4,6,4,1,1.0955
10,3,5,2,43,2,3,1,3,1,1.3919
10,3,5,2,44,2,2,3,2,1,1.0047
10,3,5,2,45,2,5,3,3,0,1.1299
10,3,5,2,46,2,1,4,4,0,1.1973
10,3,5,2,47,2,6,3,3,0,1.149
10,3,5,2,48,2,3,4,3,1,0.9755
10,3,5,2,49,2,6,3,3,0,0.9893
10,3,5,2,50,2,3,2,3,1,0.9344
10,3,5,3,1,6,4,,2,0,1.0274
10,3,5,3,2,6,6,,6,1,0.7467
10,3,5,3,3,6,2,,2,1,0.7858
10,3,5,3,4,6,3,,2,0,0.8077
10,3,5,3,5,6,1,,3,0,0.9674
10,3,5,3,6,6,3,,3,1,0.7218
10,3,5,3,7,6,5,,2,0,0.6985
10,3,5,3,8,6,6,,2,0,0.7022
10,3,5,3,9,6,5,,2,0,0.5842
10,3,5,3,10,6,4,,1,0,1.5164
10,3,5,3,11,6,2,,2,1,0.6396
10,3,5,3,12,6,1,,4,0,0.8752
10,3,5,3,13,6,5,,3,0,1.0968
10,3,5,3,14,6,6,,6,1,0.6536
10,3,5,3,15,6,6,,5,0,0.6801
10,3,5,3,16,6,6,,6,1,0.733
10,3,5,3,17,6,6,,6,1,0.6611
10,3,5,3,18,6,6,,6,1,0.6395
10,3,5,3,19,6,4,,5,0,0.6518
10,3,5,3,20,6,3,,6,0,0.7062
10,3,5,3,21,6,1,,5,0,0.5842
10,3,5,3,22,6,2,,2,1,1.1843
10,3,5,3,23,6,6,,6,1,0.6294
10,3,5,3,24,6,3,,6,0,0.6581
10,3,5,3,25,6,3,,3,1,0.8399
10,3,5,3,26,6,6,,6,1,0.6837
10,3,5,3,27,6,1,,5,0,0.6939
10,3,5,3,28,6,4,,2,0,0.8907
10,3,5,3,29,6,2,,2,1,0.6627
10,3,5,3,30,6,5,,6,0,0.898
10,3,5,3,31,6,1,,3,0,1.0868
10,3,5,3,32,6,2,,2,1,0.9144
10,3,5,3,33,6,1,,5,0,0.6115
10,3,5,3,34,6,5,,5,1,0.748
10,3,5,3,35,6,5,,5,1,0.8353
10,3,5,3,36,6,5,,5,1,0.6626
10,3,5,3,37,6,3,,5,0,0.5843
10,3,5,3,38,6,2,,2,1,0.6829
10,3,5,3,39,6,6,,2,0,0.7094
10,3,5,3,40,6,1,,1,1,1.3215
10,3,5,3,41,6,4,,1,0,1.1768
10,3,5,3,42,6,4,,5,0,0.7616
10,3,5,3,43,6,3,,3,1,0.94
10,3,5,3,44,6,2,,2,1,0.7309
10,3,5,3,45,6,1,,3,0,0.8832
10,3,5,3,46,6,4,,3,0,0.9925
10,3,5,3,47,6,4,,2,0,0.8247
10,3,5,3,48,6,2,,3,0,0.776
10,3,5,3,49,6,3,,3,1,1.0502
10,3,5,3,50,6,5,,5,1,1.0128
10,3,5,4,1,2,1,4,1,1,1.9818
10,3,5,4,2,2,3,5,3,1,0.8505
10,3,5,4,3,2,6,1,6,1,0.5841
10,3,5,4,4,2,5,2,5,1,1.0601
10,3,5,4,5,2,3,2,3,1,0.9588
10,3,5,4,6,2,6,5,6,1,0.7333
10,3,5,4,7,2,1,2,2,0,1.0129
10,3,5,4,8,2,1,2,2,0,1.0687
10,3,5,4,9,2,2,3,2,1,0.7219
10,3,5,4,10,2,5,6,6,0,1.0193
10,3,5,4,11,2,1,5,5,0,1.106
10,3,5,4,12,2,6,3,6,1,1.2376
10,3,5,4,13,2,3,2,3,1,0.8736
10,3,5,4,14,2,6,5,6,1,0.9714
10,3,5,4,15,2,4,6,6,0,1.1452
10,3,5,4,16,2,6,1,6,1,0.6357
10,3,5,4,17,2,5,4,5,1,0.6794
10,3,5,4,18,2,2,3,2,1,0.6734
10,3,5,4,19,2,6,5,6,1,0.5875
10,3,5,4,20,2,3,5,3,1,0.7618
10,3,5,4,21,2,5,2,5,1,0.7205
10,3,5,4,22,2,1,4,4,0,1.3532
10,3,5,4,23,2,2,6,2,1,0.7546
10,3,5,4,24,2,3,5,3,1,0.7455
10,3,5,4,25,2,6,2,6,1,0.6887
10,3,5,4,26,2,5,1,5,1,1.1945
10,3,5,4,27,2,4,1,4,1,1.1996
10,3,5,4,28,2,3,1,3,1,0.8202
10,3,5,4,29,2,4,1,4,1,1.2403
10,3,5,4,30,2,4,3,4,1,1.1473
10,3,5,4,31,2,4,6,4,1,1.2663
10,3,5,4,32,2,4,2,2,0,1.8915
10,3,5,4,33,2,2,3,3,0,1.3829
10,3,5,4,34,2,4,3,4,1,1.1682
10,3,5,4,35,2,5,6,5,1,1.1897
10,3,5,4,36,2,1,6,6,0,1.1942
10,3,5,4,37,2,5,6,6,0,1.1949
10,3,5,4,38,2,2,5,5,0,1.0832
10,3,5,4,39,2,4,3,4,1,1.0725
10,3,5,4,40,2,6,2,2,0,1.0987
10,3,5,4,41,2,3,2,3,1,1.406
10,3,5,4,42,2,2,4,2,1,1.291
10,3,5,4,43,2,2,4,4,0,1.1632
10,3,5,4,44,2,5,6,5,1,1.2604
10,3,5,4,45,2,6,4,6,1,0.8153
10,3,5,4,46,2,1,5,1,1,1.5232
10,3,5,4,47,2,1,4,4,0,1.4029
10,3,5,4,48,2,6,4,6,1,0.8984
10,3,5,4,49,2,2,4,2,1,1.1552
10,3,5,4,50,2,3,6,3,1,1.8976
