dataset,objective,method,seed,iteration,n_acquired,acquisition_seconds,peak_memory_mb,cumulative_seconds,library_scoring_seconds,top1_ave,top10_ave,top100_ave,frac_top1pct,frac_top0.01pct,simple_regret,gp_noise,gp_outputscale,rank,n_scored,sobol_nodes,n_mc_samples,mean_tanimoto,median_tanimoto,p90_tanimoto,max_tanimoto,frac_pairs_gt_0.4
qm9,gap,qPO-MC-10k,0,1,200,9.654860249953344,2643.234634,13.4616060256958,3.488436333136633,0.3729,0.36493,0.332511,0.01569506726457399,0.0,0.24919999999999998,0.0001000428746920079,0.0015197497559711337,,10000,,10000.0,0.3888905211298363,0.390625,0.5,0.8157894736842105,0.45232323232323235
qm9,gap,qPO-MC-10k,0,2,300,9.560750166885555,2643.233092,25.671216011047363,2.5335877498146147,0.3778,0.37343000000000004,0.350584,0.04783258594917788,0.0,0.24429999999999996,0.00010000057955039665,0.000934066076297313,,10000,,10000.0,0.3497438199080815,0.3392857142857143,0.45614035087719296,0.8717948717948718,0.22747474747474747
qm9,gap,qPO-MC-10k,0,3,400,10.438593707978725,2643.232292,37.884483098983765,1.6015041670762002,0.381,0.37653,0.360462,0.08893871449925261,0.0,0.24109999999999998,0.00010000000474974513,0.0007195905782282352,,10000,,10000.0,0.32459057187560314,0.31746031746031744,0.4457994138717031,0.8387096774193549,0.18161616161616162
qm9,gap,qPO-MC-10k,0,4,500,9.829134166007861,2643.231492,49.96484398841858,2.0323855420574546,0.3901,0.38305,0.367704,0.13602391629297458,0.0,0.23199999999999998,0.00010000041947932914,0.0006410816567949951,,10000,,10000.0,0.28522598042330033,0.2808988764044944,0.47459339154254415,0.9607843137254902,0.21171717171717172
qm9,gap,qPO-MC-10k,0,5,600,9.613500291947275,2643.230692,62.24874496459961,2.3016583749558777,0.403,0.38896000000000003,0.37315600000000004,0.18011958146487295,0.0,0.21909999999999996,0.00010000003385357559,0.0006157825700938702,,10000,,10000.0,0.29667703765541137,0.30666666666666664,0.5192557442557444,0.8775510204081632,0.3202020202020202
qm9,gap,qPO-MC-10k,0,6,700,9.62868579197675,2643.229892,75.10256505012512,2.655243125045672,0.4179,0.39785,0.37634300000000004,0.2249626307922272,0.07692307692307693,0.2042,0.00010000001202570274,0.0006324757705442607,,10000,,10000.0,0.2680956269498319,0.2571428571428571,0.463768115942029,0.96,0.18343434343434342
qm9,gap,qPO-MC-10k,0,7,800,20.727126915939152,2643.229092,99.58991312980652,3.0592259580735117,0.4426,0.40442999999999996,0.378405,0.2623318385650224,0.15384615384615385,0.1795,0.00010000001202570274,0.0007004800718277693,,10000,,10000.0,0.2272792564757765,0.208955223880597,0.39727783631893226,0.8333333333333334,0.09494949494949495
qm9,gap,qPO-MC-10k,0,8,900,23.92261933395639,2643.228292,135.47182512283325,7.897869874956086,0.4465,0.42446,0.38777,0.3101644245142003,0.6153846153846154,0.17559999999999998,0.00010000003385357559,0.0007066229009069502,,10000,,10000.0,0.23709516953345477,0.18301271040879424,0.52,0.8780487804878049,0.23939393939393938
qm9,gap,qPO-MC-10k,0,9,1000,23.60375633300282,2643.227492,171.69342422485352,8.552664667135105,0.6221,0.45042,0.3914250000000001,0.34379671150971597,0.7692307692307693,0.0,0.00010000000474974513,0.0008233448606915772,,10000,,10000.0,0.41035261725055533,0.4339622641509434,0.5434782608695652,0.8780487804878049,0.6462626262626263
qm9,gap,qPO-MC-10k,0,10,1100,30.011783542111516,2643.226692,219.74959301948547,11.999582125106826,0.6221,0.45674000000000003,0.39264400000000016,0.3624813153961136,0.8461538461538461,0.0,0.00010000001930166036,0.0010459754848852754,,10000,,10000.0,0.15917437892568903,0.12778327560613556,0.3831931464174455,0.82,0.08646464646464647
qm9,gap,qPO-MC-10k,0,11,1200,14.779913500184193,2643.225892,249.4958038330078,9.47023587487638,0.6221,0.45674000000000003,0.39327300000000015,0.39985052316890884,0.8461538461538461,0.0,0.0001000000411295332,0.0011273534037172794,,10000,,10000.0,0.22986920630931418,0.21739130434782608,0.3968253968253968,0.9223300970873787,0.09353535353535354
qm9,gap,qPO-MC-10k,0,12,1300,10.894544541835785,2643.225092,268.9891719818115,6.245952958008274,0.6221,0.45674000000000003,0.3941190000000001,0.4342301943198804,0.9230769230769231,0.0,0.0001000000411295332,0.0010636624647304416,,10000,,10000.0,0.22577417009006753,0.2037037037037037,0.41818181818181815,0.9824561403508771,0.11858585858585859
qm9,gap,qPO-MC-10k,0,13,1400,11.88206195877865,2643.224292,291.20161509513855,7.286604915978387,0.6221,0.46545,0.3957630000000002,0.4671150971599402,1.0,0.0,0.00010000003385357559,0.0010284497402608395,,10000,,10000.0,0.20756505273389186,0.19402985074626866,0.39609081597814977,0.9014084507042254,0.09474747474747475
qm9,gap,qPO-MC-10k,0,14,1500,11.799613582901657,2643.223492,314.39703702926636,7.7686144998297095,0.6221,0.46545,0.3957630000000002,0.4970104633781764,1.0,0.0,0.0001000001939246431,0.0010182058904320002,,10000,,10000.0,0.21321701884336186,0.20454545454545456,0.36363636363636365,0.8869565217391304,0.06262626262626263
qm9,gap,qPO-MC-10k,0,15,1600,10.867847542045638,2643.222692,338.7083010673523,8.36478824983351,0.6221,0.46545,0.39602300000000024,0.5216741405082213,1.0,0.0,0.00010000026668421924,0.0009717371431179345,,10000,,10000.0,0.21556124555819922,0.20930232558139536,0.3714950166112959,0.8888888888888888,0.06909090909090909
qm9,gap,qPO-MC-10k,0,16,1700,10.730886541074142,2643.221892,361.925656080246,8.312873875023797,0.6221,0.46545,0.3960520000000002,0.5448430493273543,1.0,0.0,0.00010000013571698219,0.0009327683947049081,,10000,,10000.0,0.22094653067530465,0.20930232558139536,0.38598228243877025,0.9345794392523364,0.08202020202020202
qm9,gap,qPO-MC-10k,0,17,1800,10.709170083049685,2643.221092,386.91089606285095,9.144585833186284,0.6221,0.46545,0.3960520000000002,0.5635276532137519,1.0,0.0,0.00010000002657761797,0.0009132428094744682,,10000,,10000.0,0.23208041288333572,0.22807017543859648,0.37841932841932857,0.8867924528301887,0.0707070707070707
qm9,gap,qPO-MC-10k,0,18,1900,10.625992499990389,2643.220292,412.48522114753723,9.74849645816721,0.6221,0.46545,0.3960520000000002,0.5889387144992526,1.0,0.0,0.00010000021575251594,0.0008762302459217608,,10000,,10000.0,0.22312668554321768,0.22058823529411764,0.39655172413793105,0.8837209302325582,0.09414141414141414
qm9,gap,qPO-MC-10k,0,19,2000,11.340865124948323,2643.219492,441.95835304260254,10.851034375140443,0.6221,0.46545,0.3960520000000002,0.6068759342301944,1.0,0.0,0.00010000002657761797,0.000844671914819628,,10000,,10000.0,0.23321888049575448,0.22727272727272727,0.38596491228070173,0.8571428571428571,0.08080808080808081
qm9,gap,qPO-MC-10k,0,20,2100,11.619739416986704,2643.218692,473.1620111465454,11.840051708044484,0.6221,0.46545,0.3960520000000002,0.6225710014947683,1.0,0.0,0.00010000001930166036,0.0008126080501824617,,10000,,10000.0,0.23681061705891246,0.23076923076923078,0.38600478468899535,0.7884615384615384,0.08121212121212121
qm9,gap,qPO-MC-10k,1,1,200,9.089546459028497,2643.23406,11.179473876953125,1.9845177500974387,0.3897,0.35742,0.324429,0.007473841554559043,0.0,0.2324,0.00010002492490457371,0.001353216590359807,,10000,,10000.0,0.39907269995502564,0.4,0.5895006747638327,0.9344262295081968,0.4987878787878788
qm9,gap,qPO-MC-10k,1,2,300,9.259172500111163,2643.233092,22.608125925064087,2.0593570419587195,0.3897,0.36385,0.33704999999999996,0.014200298953662182,0.0,0.2324,0.00010000109614338726,0.0009745932766236365,,10000,,10000.0,0.2940573526666725,0.29508196721311475,0.4478126608337624,0.8831168831168831,0.18161616161616162
qm9,gap,qPO-MC-10k,1,3,400,9.164933917112648,2643.232292,33.48287892341614,1.5263389579486102,0.3897,0.36730999999999997,0.344439,0.028400597907324365,0.0,0.2324,0.00010000009933719411,0.0007882399950176477,,10000,,10000.0,0.2732367077538513,0.2708333333333333,0.3695652173913043,0.7209302325581395,0.054343434343434346
qm9,gap,qPO-MC-10k,1,4,500,9.386549333110452,2643.231492,44.937541007995605,1.8491527498699725,0.3897,0.37069,0.3492119999999999,0.04783258594917788,0.0,0.2324,0.00010000003385357559,0.000667997170239687,,10000,,10000.0,0.2557704769538176,0.24528301886792453,0.38235294117647056,0.8541666666666666,0.07818181818181819
qm9,gap,qPO-MC-10k,1,5,600,9.494180625071749,2643.230692,57.047895193099976,2.287584708072245,0.3897,0.37186,0.3531059999999999,0.07025411061285501,0.0,0.2324,0.00010000062320614234,0.0005982768489047885,,10000,,10000.0,0.24439158767233604,0.23076923076923078,0.38461538461538464,0.9710144927536232,0.08606060606060606
qm9,gap,qPO-MC-10k,1,6,700,9.654547999845818,2643.229892,69.79521703720093,2.645922916010022,0.3897,0.37832,0.359211,0.10463378176382661,0.0,0.2324,0.00010000001930166036,0.0005601246957667172,,10000,,10000.0,0.29905598543698886,0.2878787878787879,0.43548387096774194,0.8627450980392157,0.1604040404040404
qm9,gap,qPO-MC-10k,1,7,800,9.683689416851848,2643.229092,83.28839898109436,3.132841374957934,0.3901,0.38329,0.36532899999999996,0.1375186846038864,0.0,0.23199999999999998,0.00010000000474974513,0.0005428254953585565,,10000,,10000.0,0.3015810186404904,0.296875,0.49206349206349204,0.9,0.2383838383838384
qm9,gap,qPO-MC-10k,1,8,900,9.701157415984198,2643.228292,97.41159415245056,3.494453333085403,0.3957,0.38804000000000005,0.3716619999999999,0.18161434977578475,0.0,0.2264,0.00010000000474974513,0.0005323537043295801,,10000,,10000.0,0.2948605878301706,0.2857142857142857,0.4915254237288136,0.8983050847457628,0.2197979797979798
qm9,gap,qPO-MC-10k,1,9,1000,10.06380895897746,2643.227492,112.6977379322052,4.067311291117221,0.4179,0.39808,0.37601100000000004,0.22047832585949179,0.07692307692307693,0.2042,0.00010000001202570274,0.0005455017671920359,,10000,,10000.0,0.3167430369005242,0.3157894736842105,0.4932183324877391,0.9166666666666666,0.26464646464646463
qm9,gap,qPO-MC-10k,1,10,1100,9.833524249959737,2643.226692,128.81816720962524,4.508723832899705,0.4426,0.40343,0.37812399999999996,0.25411061285500747,0.15384615384615385,0.1795,0.0001000000920612365,0.0005746393580920994,,10000,,10000.0,0.2236412189660627,0.2,0.4231221719457015,0.9607843137254902,0.11696969696969697
qm9,gap,qPO-MC-10k,1,11,1200,10.147584167076275,2643.225892,145.96316289901733,5.171650500036776,0.4426,0.40871,0.379532,0.2862481315396114,0.15384615384615385,0.1795,0.00010000001202570274,0.000576675811316818,,10000,,10000.0,0.24217194490232932,0.23214285714285715,0.4166666666666667,0.896551724137931,0.12121212121212122
qm9,gap,qPO-MC-10k,1,12,1300,9.8191117499955,2643.225092,163.57429099082947,5.595007333904505,0.4802,0.43623,0.38932400000000006,0.3295964125560538,0.7692307692307693,0.14189999999999997,0.00010000001202570274,0.0005834795301780105,,10000,,10000.0,0.32821371205809224,0.38181818181818183,0.5454545454545454,0.8780487804878049,0.4527272727272727
qm9,gap,qPO-MC-10k,1,13,1400,10.056762249907479,2643.224292,182.73908305168152,6.467775624943897,0.6221,0.45674000000000003,0.3930990000000001,0.36472346786248133,0.9230769230769231,0.0,0.00010000000474974513,0.0007064978708513081,,10000,,10000.0,0.3326609536069833,0.38181818181818183,0.5178571428571429,0.8409090909090909,0.44262626262626265
qm9,gap,qPO-MC-10k,1,14,1500,10.268170249881223,2643.223492,203.0703408718109,6.857812125002965,0.6221,0.46545,0.39495000000000013,0.398355754857997,1.0,0.0,0.00010000002657761797,0.0008804061217233539,,10000,,10000.0,0.2081593041801334,0.18518518518518517,0.4166666666666667,0.9863013698630136,0.11757575757575757
qm9,gap,qPO-MC-10k,1,15,1600,10.271519791102037,2643.222692,224.55687999725342,7.633529209066182,0.6221,0.46545,0.3957050000000002,0.44245142002989535,1.0,0.0,0.00010000002657761797,0.0009298822260461748,,10000,,10000.0,0.286484291647314,0.2786885245901639,0.47619047619047616,0.8869565217391304,0.22303030303030302
qm9,gap,qPO-MC-10k,1,16,1700,10.413142666919157,2643.221892,247.9502658843994,8.214418041985482,0.6221,0.46545,0.39579600000000015,0.4820627802690583,1.0,0.0,0.00010000001930166036,0.0009009463246911764,,10000,,10000.0,0.29086588649001394,0.288135593220339,0.47368421052631576,0.8533333333333334,0.23959595959595958
qm9,gap,qPO-MC-10k,1,17,1800,10.565374583005905,2643.221092,272.5016348361969,9.075759958010167,0.6221,0.46545,0.39579600000000015,0.5186846038863976,1.0,0.0,0.0001000000411295332,0.0008666799403727055,,10000,,10000.0,0.2350542748865718,0.22400926402470406,0.42857142857142855,0.8979591836734694,0.1385858585858586
qm9,gap,qPO-MC-10k,1,18,1900,10.858434000052512,2643.220292,299.3037300109863,9.692031791899353,0.6221,0.46545,0.3959030000000001,0.5523168908819133,1.0,0.0,0.0001000000920612365,0.0008450609166175127,,10000,,10000.0,0.22878746467768854,0.21428571428571427,0.4230769230769231,0.86,0.12444444444444444
qm9,gap,qPO-MC-10k,1,19,2000,10.874151417054236,2643.219492,327.67171478271484,10.867411291925237,0.6221,0.46545,0.39600600000000014,0.5762331838565022,1.0,0.0,0.00010000003385357559,0.0008555478998459876,,10000,,10000.0,0.20339849858775386,0.1891891891891892,0.3710138248847928,0.7560975609756098,0.06727272727272728
qm9,gap,qPO-MC-10k,1,20,2100,10.831940667005256,2643.218692,357.5506901741028,11.386468374868855,0.6221,0.46545,0.39600600000000014,0.6038863976083707,1.0,0.0,0.00010000005568144843,0.0008249350357800722,,10000,,10000.0,0.2178078490010732,0.20967741935483872,0.373134328358209,0.8108108108108109,0.07292929292929293
qm9,gap,qPO-MC-10k,2,1,200,9.046980374958366,2643.23406,9.992209911346436,0.8953477919567376,0.3537,0.34634,0.3274790000000001,0.00523168908819133,0.0,0.26839999999999997,0.00010000111069530249,0.0014843001263216138,,10000,,10000.0,0.3066032812785117,0.30357142857142855,0.4166666666666667,0.7457627118644068,0.1303030303030303
qm9,gap,qPO-MC-10k,2,2,300,9.179656540974975,2643.233092,20.47173285484314,1.181152375182137,0.373,0.36027999999999993,0.34124599999999994,0.01868460388639761,0.0,0.2491,0.00010000013571698219,0.0009274620097130537,,10000,,10000.0,0.30476355428316326,0.29310344827586204,0.42592592592592593,0.75,0.1391919191919192
qm9,gap,qPO-MC-10k,2,3,400,9.333532999968156,2643.232292,31.437058925628662,1.4839075000490993,0.3809,0.37362,0.35139399999999993,0.04932735426008968,0.0,0.24119999999999997,0.00010000222391681746,0.0007112239836715162,,10000,,10000.0,0.31233444746461425,0.30357142857142855,0.43548387096774194,0.9,0.1622222222222222
qm9,gap,qPO-MC-10k,2,4,500,9.280901459045708,2643.231492,42.69156885147095,1.813711917027831,0.3842,0.378,0.35919199999999996,0.08221225710014948,0.0,0.2379,0.00010003999341279268,0.0006246489938348532,,10000,,10000.0,0.32672188185822776,0.31746031746031744,0.45714285714285713,0.9,0.2
qm9,gap,qPO-MC-10k,2,5,600,9.37461454095319,2643.230692,54.681293964385986,2.273570000194013,0.3842,0.37897,0.364332,0.11584454409566518,0.0,0.2379,0.0001000000411295332,0.0005847620777785778,,10000,,10000.0,0.31416132200540575,0.3055555555555556,0.4348527349228614,0.8478260869565217,0.16282828282828282
qm9,gap,qPO-MC-10k,2,6,700,9.513568583177403,2643.229892,67.29922795295715,2.6602594999130815,0.3842,0.3806,0.36720299999999995,0.16218236173393125,0.0,0.2379,0.00010000001930166036,0.0005618777358904481,,10000,,10000.0,0.3111499579668015,0.29850746268656714,0.4666666666666667,0.8771929824561403,0.21292929292929294
qm9,gap,qPO-MC-10k,2,7,800,9.726752666989341,2643.229092,80.79085993766785,3.147065999917686,0.3939,0.38339,0.36975700000000006,0.21225710014947682,0.0,0.22820000000000001,0.00010000021575251594,0.0005409436416812241,,10000,,10000.0,0.3260615112639784,0.31746031746031744,0.4576271186440678,0.82,0.22303030303030302
qm9,gap,qPO-MC-10k,2,8,900,9.65517408400774,2643.228292,95.19570589065552,3.4620716660283506,0.3939,0.38496,0.3724550000000001,0.25485799701046336,0.0,0.22820000000000001,0.00010000000474974513,0.0005273483111523092,,10000,,10000.0,0.324284215160926,0.3142857142857143,0.46938775510204084,0.9607843137254902,0.23737373737373738
qm9,gap,qPO-MC-10k,2,9,1000,10.06423354218714,2643.227492,110.521399974823,4.057533000130206,0.4056,0.38817,0.373203,0.2825112107623318,0.0,0.21649999999999997,0.00010000000474974513,0.0005230701644904912,,10000,,10000.0,0.3016766380610433,0.29411764705882354,0.44280510018215,0.8837209302325582,0.17232323232323232
qm9,gap,qPO-MC-10k,2,10,1100,10.124495208030567,2643.226692,127.10583281517029,4.57287162495777,0.4056,0.3925,0.37423700000000004,0.31390134529147984,0.0,0.21649999999999997,0.00010000000474974513,0.0005094677908346057,,10000,,10000.0,0.2851716093412252,0.2814016990291262,0.4354998403066114,0.9259259259259259,0.1622222222222222
qm9,gap,qPO-MC-10k,2,11,1200,9.948363834060729,2643.225892,144.08041381835938,5.13418454118073,0.415,0.40171999999999997,0.37892600000000004,0.351270553064275,0.07692307692307693,0.2071,0.00010000000474974513,0.0005035859066992998,,10000,,10000.0,0.19796098162282566,0.15873015873015872,0.4342105263157895,0.9680851063829787,0.12606060606060607
qm9,gap,qPO-MC-10k,2,12,1300,10.328402500133961,2643.225092,162.19623398780823,5.692503750091419,0.4465,0.42008,0.38588200000000006,0.3863976083707025,0.46153846153846156,0.17559999999999998,0.00010000001930166036,0.0005260015022940934,,10000,,10000.0,0.29974494884505687,0.3220338983050847,0.5454545454545454,0.82,0.37616161616161614
qm9,gap,qPO-MC-10k,2,13,1400,10.462112917099148,2643.224292,182.05491185188293,6.612194125074893,0.6221,0.44211999999999996,0.39075299999999996,0.4327354260089686,0.6153846153846154,0.0,0.00010000000474974513,0.0006060207961127162,,10000,,10000.0,0.25856998167441303,0.2101018675721562,0.5294117647058824,0.9863013698630136,0.2721212121212121
qm9,gap,qPO-MC-10k,2,14,1500,10.83777291700244,2643.223492,203.39744091033936,7.186272375052795,0.6221,0.4541799999999999,0.3934790000000002,0.461136023916293,0.8461538461538461,0.0,0.00010000000474974513,0.0007577997748740017,,10000,,10000.0,0.183721873012687,0.09782608695652174,0.475,0.875968992248062,0.21696969696969698
qm9,gap,qPO-MC-10k,2,15,1600,10.562932124827057,2643.222692,225.60620999336243,7.891842209035531,0.6221,0.45674000000000003,0.39418500000000006,0.4962630792227205,0.9230769230769231,0.0,0.00010000001202570274,0.0008776011527515948,,10000,,10000.0,0.19285414330694733,0.16923076923076924,0.3888888888888889,0.7708333333333334,0.08888888888888889
qm9,gap,qPO-MC-10k,2,16,1700,10.493382666958496,2643.221892,249.6286997795105,8.476635999977589,0.6221,0.46545,0.39577900000000016,0.5246636771300448,1.0,0.0,0.0001000000411295332,0.0008515597437508404,,10000,,10000.0,0.16389453412572408,0.14285714285714285,0.3404255319148936,0.9603960396039604,0.05333333333333334
qm9,gap,qPO-MC-10k,2,17,1800,10.985731541877612,2643.221092,276.43734979629517,10.760719500016421,0.6221,0.46545,0.3958950000000001,0.547085201793722,1.0,0.0,0.00010000007750932127,0.0008721607155166566,,10000,,10000.0,0.17475878415717117,0.15789473684210525,0.33629972706972133,0.9529411764705882,0.049494949494949494
qm9,gap,qPO-MC-10k,2,18,1900,10.740592500194907,2643.220292,303.19039487838745,10.24938420788385,0.6221,0.46545,0.3959500000000002,0.5650224215246636,1.0,0.0,0.00010000015754485503,0.0008577912230975926,,10000,,10000.0,0.20202825964730844,0.1927710843373494,0.36486486486486486,0.7959183673469388,0.05797979797979798
qm9,gap,qPO-MC-10k,2,19,2000,10.975294791162014,2643.219492,333.332515001297,11.327654000138864,0.6221,0.46545,0.3960540000000002,0.5911808669656203,1.0,0.0,0.00010000001202570274,0.0008315026061609387,,10000,,10000.0,0.20478879566985098,0.19047619047619047,0.3584905660377358,0.8870967741935484,0.06080808080808081
qm9,gap,qPO-MC-10k,2,20,2100,11.828333500074223,2643.218692,364.56986904144287,11.858783750096336,0.6221,0.46545,0.3961000000000001,0.6083707025411061,1.0,0.0,0.00010000006295740604,0.0008071843767538667,,10000,,10000.0,0.24305176779807774,0.22535211267605634,0.4153846153846154,0.8541666666666666,0.1191919191919192
qm9,gap,qPO-fast-r4-10k,0,1,200,2.636874041054398,1206.795167,3.6426451206207275,0.9585982498247176,0.3754,0.36588,0.33444399999999996,0.01943198804185351,0.0,0.24669999999999997,0.0001000428746920079,0.0015197497559711337,4.0,10000,64.0,,0.4138940677879266,0.4134182908545727,0.5178571428571429,0.8157894736842105,0.5587878787878788
qm9,gap,qPO-fast-r4-10k,0,2,300,2.7805994579102844,1205.102872,7.841030120849609,1.2956287499982864,0.3778,0.37189,0.35358900000000004,0.05754857997010463,0.0,0.24429999999999996,0.00010000097245210782,0.0009617902105674148,4.0,10000,64.0,,0.3664739463328357,0.3548387096774194,0.47619047619047616,0.8809523809523809,0.29414141414141415
qm9,gap,qPO-fast-r4-10k,0,3,400,2.9467106249649078,1205.102327,12.59600830078125,1.6577135419938713,0.381,0.37695999999999996,0.362414,0.10014947683109118,0.0,0.24109999999999998,0.00010000073234550655,0.0007332214154303074,4.0,10000,64.0,,0.31586581214391907,0.3050847457627119,0.42,0.8983050847457628,0.1387878787878788
qm9,gap,qPO-fast-r4-10k,0,4,500,2.973036291077733,1205.101068,17.88517117500305,2.055266125127673,0.3842,0.37837000000000004,0.36621699999999996,0.1397608370702541,0.0,0.2379,0.00010000001202570274,0.0006463403697125614,4.0,10000,64.0,,0.32194482736239305,0.3108108108108108,0.4559081527347782,0.8867924528301887,0.20282828282828283
qm9,gap,qPO-fast-r4-10k,0,5,600,3.1134865421336144,1205.100829,24.080137968063354,2.6627250828314573,0.3917,0.38151,0.369333,0.1860986547085202,0.0,0.2304,0.00010000000474974513,0.0005843552062287927,4.0,10000,64.0,,0.30441461729201574,0.2898550724637681,0.4426229508196721,0.8947368421052632,0.16707070707070706
qm9,gap,qPO-fast-r4-10k,0,6,700,3.1127973331604153,1205.100029,30.622544288635254,2.803483125055209,0.3917,0.38334999999999997,0.37193600000000004,0.22944693572496264,0.0,0.2304,0.00010000001202570274,0.0005793120362795889,4.0,10000,64.0,,0.30921666102410045,0.29310344827586204,0.46432178932178947,0.9607843137254902,0.201010101010101
qm9,gap,qPO-fast-r4-10k,0,7,800,3.230172917013988,1205.098872,37.963282346725464,3.343595084035769,0.4056,0.38871,0.37365699999999996,0.26382660687593423,0.0,0.21649999999999997,0.00010000010661315173,0.0005741536151617765,4.0,10000,64.0,,0.29837273219609123,0.288135593220339,0.4493478260869568,0.8,0.18343434343434342
qm9,gap,qPO-fast-r4-10k,0,8,900,3.463514749892056,1205.098327,46.014240026474,3.716666708001867,0.4056,0.38875000000000004,0.37443600000000005,0.3034379671150972,0.0,0.21649999999999997,0.0001000001429929398,0.000568313174881041,4.0,10000,64.0,,0.2850883602079892,0.2839506172839506,0.4716981132075472,0.8214285714285714,0.23595959595959595
qm9,gap,qPO-fast-r4-10k,0,9,1000,3.732719333143905,1205.097068,55.79252028465271,4.758049041964114,0.4107,0.39579,0.378193,0.3400597907324365,0.0,0.21139999999999998,0.00010000001930166036,0.0005459643434733152,4.0,10000,64.0,,0.4313336375934941,0.43449656750572085,0.5741134751773052,0.8947368421052632,0.6193939393939394
qm9,gap,qPO-fast-r4-10k,0,10,1100,3.834441374987364,1205.096778,66.5150032043457,4.982794832903892,0.4426,0.40789,0.38124,0.3774289985052317,0.15384615384615385,0.1795,0.00010000002657761797,0.0005568479537032545,4.0,10000,64.0,,0.3176784806574367,0.3103448275862069,0.49060034305317335,0.9090909090909091,0.24666666666666667
qm9,gap,qPO-fast-r4-10k,0,11,1200,4.050940791843459,1205.09557,78.07523512840271,5.61462266696617,0.6221,0.4455,0.391361,0.4192825112107623,0.6923076923076923,0.0,0.00010000000474974513,0.0006523999618366361,4.0,10000,64.0,,0.4445837006842081,0.45614035087719296,0.5870843989769826,0.8780487804878049,0.7214141414141414
qm9,gap,qPO-fast-r4-10k,0,12,1300,4.309047125047073,1205.09477,91.06196093559265,6.305402416037396,0.6221,0.45674000000000003,0.39369000000000015,0.43647234678624813,0.9230769230769231,0.0,0.00010000002657761797,0.0009122070041485131,4.0,10000,64.0,,0.41459322149263095,0.42,0.525,0.8780487804878049,0.5876767676767677
qm9,gap,qPO-fast-r4-10k,0,13,1400,4.526874084025621,1205.093664,104.52885913848877,6.676834667101502,0.6221,0.45674000000000003,0.3942290000000002,0.4633781763826607,0.9230769230769231,0.0,0.00010001205373555422,0.001125137321650982,4.0,10000,64.0,,0.17111320079768827,0.15384615384615385,0.32142857142857145,0.9863013698630136,0.03090909090909091
qm9,gap,qPO-fast-r4-10k,0,14,1500,4.816780540859327,1205.093731,120.15468907356262,7.359083707910031,0.6221,0.46545,0.3957630000000002,0.49028400597907323,1.0,0.0,0.00010000013571698219,0.0010673054493963718,4.0,10000,64.0,,0.16574483197105766,0.14754098360655737,0.3333333333333333,0.9680851063829787,0.050101010101010104
qm9,gap,qPO-fast-r4-10k,0,15,1600,4.962984042009339,1205.092931,137.50890016555786,8.295435999985784,0.6221,0.46545,0.3957630000000002,0.5246636771300448,1.0,0.0,0.00010000001202570274,0.0010611334582790732,4.0,10000,64.0,,0.18788704869693182,0.16412080223880599,0.36209395302348835,0.993103448275862,0.0692929292929293
qm9,gap,qPO-fast-r4-10k,0,16,1700,5.141332749975845,1205.091876,155.96643114089966,8.542726750019938,0.6221,0.46545,0.3957630000000002,0.5448430493273543,1.0,0.0,0.00010000002657761797,0.0010126534616574645,4.0,10000,64.0,,0.20948440388599418,0.1956521739130435,0.375,0.8909090909090909,0.07292929292929293
qm9,gap,qPO-fast-r4-10k,0,17,1800,5.44889787514694,1205.090668,176.17112708091736,9.54136741696857,0.6221,0.46545,0.3957630000000002,0.5710014947683109,1.0,0.0,0.00010000009933719411,0.0009650204447098076,4.0,10000,64.0,,0.22191456032403406,0.2077922077922078,0.4099050905953411,0.8857142857142857,0.1096969696969697
qm9,gap,qPO-fast-r4-10k,0,18,1900,5.803232999984175,1205.090123,198.71659922599792,10.314357750117779,0.6221,0.46545,0.3957630000000002,0.5919282511210763,1.0,0.0,0.00010000001202570274,0.0009239139035344124,4.0,10000,64.0,,0.22872792094892225,0.2191780821917808,0.37182468694096615,0.8571428571428571,0.06202020202020202
qm9,gap,qPO-fast-r4-10k,0,19,2000,6.3287845000158995,1205.088813,223.58756923675537,11.088198124896735,0.6221,0.46545,0.3957630000000002,0.6068759342301944,1.0,0.0,0.00010000007023336366,0.0009037935524247587,4.0,10000,64.0,,0.22229790694446783,0.21052631578947367,0.36540529363110014,0.96,0.056767676767676765
qm9,gap,qPO-fast-r4-10k,0,20,2100,6.582807959057391,1205.087918,249.56013417243958,11.846521582920104,0.6221,0.46545,0.3957630000000002,0.6188340807174888,1.0,0.0,0.00010000068141380325,0.0008715335861779749,4.0,10000,64.0,,0.20266054504168546,0.1939537008833384,0.3425048923679062,0.8909090909090909,0.04666666666666667
qm9,gap,qPO-fast-r4-10k,1,1,200,2.4822882080916315,1205.104099,3.4699409008026123,0.9442341669928282,0.3897,0.36641,0.3289809999999999,0.013452914798206279,0.0,0.2324,0.00010002492490457371,0.001353216590359807,4.0,10000,64.0,,0.5048641739928953,0.5135135135135135,0.6623376623376623,0.9603960396039604,0.8381818181818181
qm9,gap,qPO-fast-r4-10k,1,2,300,2.6135183749720454,1205.102362,7.391333818435669,1.1776479999534786,0.3958,0.37374999999999997,0.34226100000000004,0.026158445440956652,0.0,0.2263,0.00010000020120060071,0.0010574833722785115,4.0,10000,64.0,,0.41176097422344027,0.4,0.5555555555555556,0.9726027397260274,0.49292929292929294
qm9,gap,qPO-fast-r4-10k,1,3,400,2.7664250421803445,1205.101919,11.929009914398193,1.575701457913965,0.3958,0.38208,0.35254399999999997,0.045590433482810166,0.0,0.2263,0.0001000001429929398,0.0009629924315959215,4.0,10000,64.0,,0.4367263749517746,0.43478260869565216,0.5555555555555556,0.9295774647887324,0.6250505050505051
qm9,gap,qPO-fast-r4-10k,1,4,500,2.863431040896103,1205.101017,17.044625997543335,1.9728015831205994,0.3958,0.38426000000000005,0.361227,0.07399103139013453,0.0,0.2263,0.00010000001930166036,0.0009066285565495491,4.0,10000,64.0,,0.37977727335504674,0.3620689655172414,0.5087719298245614,0.851063829787234,0.374949494949495
qm9,gap,qPO-fast-r4-10k,1,5,600,3.01499449997209,1205.100421,22.771323919296265,2.3602131670340896,0.4056,0.38776,0.365961,0.10014947683109118,0.0,0.21649999999999997,0.00010000093607231975,0.000926764274481684,4.0,10000,64.0,,0.3745283512106328,0.3652319902319902,0.4828160919540232,0.796875,0.33111111111111113
qm9,gap,qPO-fast-r4-10k,1,6,700,3.129695791983977,1205.100131,29.1574490070343,2.698577207978815,0.4056,0.39016,0.3702500000000001,0.13452914798206278,0.0,0.21649999999999997,0.00010000001202570274,0.0008450794266536832,4.0,10000,64.0,,0.3560067744464224,0.3448275862068966,0.47540983606557374,0.8227848101265823,0.27515151515151515
qm9,gap,qPO-fast-r4-10k,1,7,800,3.2717078749556094,1205.09877,36.31333899497986,3.2005631669890136,0.4056,0.39016,0.372336,0.1741405082212257,0.0,0.21649999999999997,0.00010000025940826163,0.000794034858699888,4.0,10000,64.0,,0.3249480558199255,0.3137254901960784,0.4667532467532471,0.7833333333333333,0.22
qm9,gap,qPO-fast-r4-10k,1,8,900,3.436672374838963,1205.097868,44.11227297782898,3.5685673328116536,0.4056,0.3910600000000001,0.373594,0.22795216741405083,0.0,0.21649999999999997,0.00010000252950703725,0.0007557198987342417,4.0,10000,64.0,,0.31877747890681213,0.3050847457627119,0.45454545454545453,0.8717948717948718,0.18707070707070708
qm9,gap,qPO-fast-r4-10k,1,9,1000,3.604724833043292,1205.09717,53.14379811286926,4.208035291871056,0.4056,0.39141000000000004,0.374831,0.2713004484304933,0.0,0.21649999999999997,0.00010000003385357559,0.0007061013020575047,4.0,10000,64.0,,0.3302371889716817,0.32,0.45454545454545453,0.9,0.20222222222222222
qm9,gap,qPO-fast-r4-10k,1,10,1100,3.801067000022158,1205.096625,63.332902908325195,4.612826750148088,0.4056,0.39336000000000004,0.3759190000000001,0.3101644245142003,0.0,0.21649999999999997,0.00010000003385357559,0.0006617536419071257,4.0,10000,64.0,,0.32636560956885624,0.3181818181818182,0.45454545454545453,0.8771929824561403,0.20464646464646466
qm9,gap,qPO-fast-r4-10k,1,11,1200,3.9959399588406086,1205.095213,75.0110559463501,5.3843938750214875,0.415,0.40108,0.378957,0.3572496263079223,0.07692307692307693,0.2071,0.00010000008478527889,0.0006532432744279504,4.0,10000,64.0,,0.30738449036806226,0.28902275769745644,0.5052744765138654,0.9529411764705882,0.2723232323232323
qm9,gap,qPO-fast-r4-10k,1,12,1300,4.174734209198505,1205.094923,87.33393788337708,5.8110327501781285,0.6221,0.44897,0.39005900000000004,0.3953662182361734,0.6923076923076923,0.0,0.00010000003385357559,0.0006760564865544438,4.0,10000,64.0,,0.38139010471238494,0.423728813559322,0.55,0.8780487804878049,0.574949494949495
qm9,gap,qPO-fast-r4-10k,1,13,1400,4.451504207914695,1205.093613,100.78298711776733,6.602431624894962,0.6221,0.45389,0.39111100000000015,0.41853512705530643,0.7692307692307693,0.0,0.00010000012844102457,0.0009482680470682681,4.0,10000,64.0,,0.48092090372982277,0.46938775510204084,0.5853658536585366,0.8571428571428571,0.8727272727272727
qm9,gap,qPO-fast-r4-10k,1,14,1500,4.668497500009835,1205.093272,115.78431797027588,7.106430832995102,0.6221,0.4541799999999999,0.3940300000000001,0.4633781763826607,0.8461538461538461,0.0,0.00010000001202570274,0.001061520422808826,4.0,10000,64.0,,0.3755889177422238,0.4,0.5679738562091505,0.9863013698630136,0.49373737373737375
qm9,gap,qPO-fast-r4-10k,1,15,1600,4.963646792108193,1205.092727,132.3966109752655,7.795352040790021,0.6221,0.45674000000000003,0.3950460000000002,0.5059790732436472,0.9230769230769231,0.0,0.00010000025940826163,0.0010359531734138727,4.0,10000,64.0,,0.2339595110122449,0.21621621621621623,0.4201052631578951,0.9090909090909091,0.12303030303030303
qm9,gap,qPO-fast-r4-10k,1,16,1700,5.31560495798476,1205.091475,151.04310393333435,8.353428583126515,0.6221,0.45674000000000003,0.39516100000000015,0.5485799701046338,0.9230769230769231,0.0,0.00010000003385357559,0.0009990340331569314,4.0,10000,64.0,,0.20178321095693333,0.1780821917808219,0.4002597402597412,0.8461538461538461,0.1
qm9,gap,qPO-fast-r4-10k,1,17,1800,5.613334625028074,1205.090821,171.7928478717804,9.292145583080128,0.6221,0.46545,0.39644100000000015,0.5762331838565022,1.0,0.0,0.00010000001202570274,0.0009801066480576992,4.0,10000,64.0,,0.18616556940325765,0.1643835616438356,0.3677244582043347,0.9090909090909091,0.07494949494949495
qm9,gap,qPO-fast-r4-10k,1,18,1900,5.897403709124774,1205.08997,194.52122497558594,10.284982208861038,0.6221,0.46545,0.39656300000000017,0.6031390134529148,1.0,0.0,0.00010000002657761797,0.0009763878770172596,4.0,10000,64.0,,0.23820636275933035,0.21621621621621623,0.42105263157894735,0.8529411764705882,0.12202020202020201
qm9,gap,qPO-fast-r4-10k,1,19,2000,6.811868499964476,1205.089629,219.42450404167175,11.158593666972592,0.6221,0.46545,0.39656300000000017,0.6285500747384155,1.0,0.0,0.0001000001939246431,0.0010146201821044087,4.0,10000,64.0,,0.19111785798892517,0.18181818181818182,0.34789196310935466,0.9130434782608695,0.05515151515151515
qm9,gap,qPO-fast-r4-10k,1,20,2100,6.60592654091306,1205.088217,245.61870789527893,11.97677404107526,0.6221,0.46545,0.39656300000000017,0.6509715994020927,1.0,0.0,0.00010000020847655833,0.000988784129731357,4.0,10000,64.0,,0.24260739844737872,0.2222222222222222,0.4243181818181821,0.8333333333333334,0.1290909090909091
qm9,gap,qPO-fast-r4-10k,2,1,200,2.5252777501009405,1205.103334,3.519246816635132,0.9326305410359055,0.3595,0.35141999999999995,0.32826399999999994,0.008968609865470852,0.0,0.2626,0.00010000111069530249,0.0014843001263216138,4.0,10000,64.0,,0.32913167894260204,0.32,0.44642857142857145,0.8541666666666666,0.19636363636363635
qm9,gap,qPO-fast-r4-10k,2,2,300,2.6870404579676688,1205.103178,7.580305814743042,1.248708707978949,0.3653,0.35905,0.34335399999999994,0.02466367713004484,0.0,0.2568,0.00010000168549595401,0.0009352897759526968,4.0,10000,64.0,,0.31643958074290535,0.3050847457627119,0.4546791443850272,0.8627450980392157,0.20686868686868687
qm9,gap,qPO-fast-r4-10k,2,3,400,2.785872583044693,1205.102123,12.132251977920532,1.5740961669944227,0.371,0.36537000000000003,0.348965,0.04783258594917788,0.0,0.2511,0.00010000000474974513,0.000715299102012068,4.0,10000,64.0,,0.28045980940182696,0.26506024096385544,0.4143205574912893,0.8478260869565217,0.11676767676767677
qm9,gap,qPO-fast-r4-10k,2,4,500,2.8783389169257134,1205.100762,17.167643785476685,1.889852749882266,0.3795,0.37423,0.3570589999999999,0.08819133034379671,0.0,0.24259999999999998,0.00010000007750932127,0.0006135478615760803,4.0,10000,64.0,,0.3222217827346082,0.31343283582089554,0.45454545454545453,0.8888888888888888,0.20222222222222222
qm9,gap,qPO-fast-r4-10k,2,5,600,2.9956474581267685,1205.100625,22.906462907791138,2.3551882090978324,0.3842,0.37948,0.3621959999999999,0.11958146487294469,0.0,0.2379,0.00010000001202570274,0.0005735640879720449,4.0,10000,64.0,,0.3151766862399888,0.3055555555555556,0.4444444444444444,0.9,0.18161616161616162
qm9,gap,qPO-fast-r4-10k,2,6,700,3.0835489169694483,1205.099264,29.38774299621582,2.8452368748839945,0.3872,0.38123999999999997,0.368112,0.1681614349775785,0.0,0.2349,9.999999747378752e-05,0.0005434049526229501,4.0,10000,64.0,,0.3278245750582828,0.3194444444444444,0.45714285714285713,0.8275862068965517,0.1995959595959596
qm9,gap,qPO-fast-r4-10k,2,7,800,3.2547566250432283,1205.099025,36.584588050842285,3.218639124883339,0.3939,0.38374,0.37078000000000005,0.21225710014947682,0.0,0.22820000000000001,0.00010000023758038878,0.0005558207631111145,4.0,10000,64.0,,0.3588076264470971,0.35135135135135137,0.5,0.9607843137254902,0.3333333333333333
qm9,gap,qPO-fast-r4-10k,2,8,900,3.3235142501071095,1205.097919,44.60292983055115,3.7286979579366744,0.4056,0.38709,0.3726020000000001,0.2571001494768311,0.0,0.21649999999999997,0.00010000000474974513,0.0005388216814026237,4.0,10000,64.0,,0.3372307098861223,0.3333333333333333,0.46153846153846156,0.7959183673469388,0.24888888888888888
qm9,gap,qPO-fast-r4-10k,2,9,1000,3.5433282090816647,1205.097323,54.138898849487305,4.416710708057508,0.4056,0.38817,0.3731610000000001,0.28998505231689087,0.0,0.21649999999999997,0.00010000000474974513,0.0005370417493395507,4.0,10000,64.0,,0.31778649884936455,0.30158730158730157,0.4849350649350653,0.9259259259259259,0.23737373737373738
qm9,gap,qPO-fast-r4-10k,2,10,1100,3.738115082960576,1205.096727,64.5162570476532,4.779962833970785,0.4056,0.39316000000000006,0.37439700000000004,0.31913303437967117,0.0,0.21649999999999997,0.00010000000474974513,0.0005111091304570436,4.0,10000,64.0,,0.28326510874616956,0.2698412698412698,0.43548387096774194,0.9259259259259259,0.15454545454545454
qm9,gap,qPO-fast-r4-10k,2,11,1200,3.8761112918145955,1205.096182,75.62538290023804,5.519990999950096,0.4306,0.41002,0.38051999999999997,0.3572496263079223,0.23076923076923078,0.1915,0.00010000020120060071,0.00050341960741207,4.0,10000,64.0,,0.27124841076471007,0.21428571428571427,0.5098039215686274,0.9680851063829787,0.3094949494949495
qm9,gap,qPO-fast-r4-10k,2,12,1300,4.138791209086776,1205.095127,87.81650304794312,5.859229792142287,0.6221,0.45389,0.3892130000000001,0.3923766816143498,0.7692307692307693,0.0,0.00010000001202570274,0.0005564300226978958,4.0,10000,64.0,,0.46482043607838214,0.46938775510204084,0.5909090909090909,0.8571428571428571,0.7945454545454546
qm9,gap,qPO-fast-r4-10k,2,13,1400,4.377890166826546,1205.094327,101.37748575210571,6.709037084132433,0.6221,0.45389,0.3916060000000001,0.43796711509715996,0.7692307692307693,0.0,0.00010000007750932127,0.0008420177036896348,4.0,10000,64.0,,0.1979776790175934,0.10810810810810811,0.49019607843137253,0.9863013698630136,0.21696969696969698
qm9,gap,qPO-fast-r4-10k,2,14,1500,4.776279750047252,1205.093068,116.79805994033813,7.195596874924377,0.6221,0.4541799999999999,0.39332900000000015,0.4588938714499253,0.8461538461538461,0.0,0.00010000001202570274,0.000866647285874933,4.0,10000,64.0,,0.39826006141097053,0.4090909090909091,0.5555555555555556,0.9534883720930233,0.5202020202020202
qm9,gap,qPO-fast-r4-10k,2,15,1600,4.90167066687718,1205.092676,133.30154085159302,8.102207457879558,0.6221,0.46545,0.39559400000000017,0.5,1.0,0.0,0.00010000017937272787,0.0008463923586532474,4.0,10000,64.0,,0.22215715465303165,0.2,0.4230769230769231,0.8,0.12181818181818181
qm9,gap,qPO-fast-r4-10k,2,16,1700,5.2095666660461575,1205.09157,151.5802149772644,8.67180841602385,0.6221,0.46545,0.3957630000000002,0.5284005979073244,1.0,0.0,0.00010000001930166036,0.000849891162943095,4.0,10000,64.0,,0.17450593586700272,0.15584415584415584,0.3548387096774194,0.8403361344537815,0.06202020202020202
qm9,gap,qPO-fast-r4-10k,2,17,1800,5.462813624879345,1205.090668,171.9143259525299,9.671745833009481,0.6221,0.46545,0.39592700000000014,0.5493273542600897,1.0,0.0,0.00010000000474974513,0.0008452704059891403,4.0,10000,64.0,,0.22266489305864273,0.21212121212121213,0.37735849056603776,0.9775280898876404,0.07878787878787878
qm9,gap,qPO-fast-r4-10k,2,18,1900,5.827922250144184,1205.089868,194.45124506950378,10.156369416974485,0.6221,0.46545,0.3960750000000002,0.5762331838565022,1.0,0.0,0.00010000006295740604,0.0008317733299918473,4.0,10000,64.0,,0.20706928498369984,0.19402985074626866,0.3684210526315789,0.9529411764705882,0.0692929292929293
qm9,gap,qPO-fast-r4-10k,2,19,2000,6.404207249870524,1205.089221,219.36535096168518,11.39631099998951,0.6221,0.46545,0.39618000000000014,0.5926756352765321,1.0,0.0,0.00010000001930166036,0.0008112721261568367,4.0,10000,64.0,,0.23526731638682227,0.21311475409836064,0.42105263157894735,0.9746835443037974,0.11595959595959596
qm9,gap,qPO-fast-r4-10k,2,20,2100,6.706636584131047,1205.088676,245.79201483726501,11.851842749863863,0.6221,0.46545,0.39627600000000013,0.609118086696562,1.0,0.0,0.00010000006295740604,0.0008017073851078749,4.0,10000,64.0,,0.22966450779024228,0.2206837280366692,0.3709677419354839,0.8529411764705882,0.06383838383838383
qm9,gap,qPO-fast-r4-full,0,1,200,36.105167584028095,2005.782291,37.160489082336426,1.00847304193303,0.3754,0.36588,0.334277,0.01943198804185351,0.0,0.24669999999999997,0.0001000428746920079,0.0015197497559711337,4.0,133785,64.0,,0.4286644643051655,0.42592592592592593,0.5272727272727272,0.8372093023255814,0.6315151515151515
qm9,gap,qPO-fast-r4-full,0,2,300,37.28247558302246,2004.283158,75.68479824066162,1.1285606659948826,0.3778,0.37212999999999996,0.35347200000000006,0.05680119581464873,0.0,0.24429999999999996,0.00010000185284297913,0.0009538893355056643,4.0,133685,64.0,,0.3677240153058202,0.3584905660377358,0.47540983606557374,0.8809523809523809,0.29838383838383836
qm9,gap,qPO-fast-r4-full,0,3,400,38.44004816701636,2002.784067,115.83018517494202,1.5169164580293,0.381,0.37620000000000003,0.362173,0.09940209267563528,0.0,0.24109999999999998,0.00010000002657761797,0.0007322605815716088,4.0,133585,64.0,,0.31830280931509075,0.3076923076923077,0.4194193548387099,0.8983050847457628,0.14
qm9,gap,qPO-fast-r4-full,0,4,500,39.325154833029956,2001.285472,157.25841999053955,1.8470465000718832,0.3842,0.37854,0.366025,0.13901345291479822,0.0,0.2379,0.00010000000474974513,0.000639981240965426,4.0,133485,64.0,,0.3147286339517123,0.30357142857142855,0.44642857142857145,0.9,0.18585858585858586
qm9,gap,qPO-fast-r4-full,0,5,600,41.177274625049904,1999.78617,201.1388852596283,2.3343509580008686,0.3917,0.38151,0.36928399999999995,0.187593423019432,0.0,0.2304,0.00010000000474974513,0.0005834734183736145,4.0,133385,64.0,,0.31004089629886417,0.29545454545454547,0.45569620253164556,0.8947368421052632,0.18242424242424243
qm9,gap,qPO-fast-r4-full,0,6,700,42.42347608297132,1998.286562,246.80931520462036,2.6541800829581916,0.3917,0.38392000000000004,0.37181300000000006,0.22869955156950672,0.0,0.2304,0.00010000001930166036,0.0005699602770619094,4.0,133285,64.0,,0.3129608529333307,0.3023255813953488,0.4500704225352115,0.9607843137254902,0.1919191919191919
qm9,gap,qPO-fast-r4-full,0,7,800,44.28186845802702,1996.787107,295.1018433570862,3.172198500018567,0.4056,0.38817,0.3732620000000001,0.26681614349775784,0.0,0.21649999999999997,9.999999747378752e-05,0.0005675556603819132,4.0,133185,64.0,,0.3186707862232174,0.3125,0.47058823529411764,0.9259259259259259,0.23535353535353534
qm9,gap,qPO-fast-r4-full,0,8,900,45.99624870810658,1995.287856,345.679927110672,3.610513374907896,0.4056,0.38834,0.373935,0.29596412556053814,0.0,0.21649999999999997,0.00010000001202570274,0.0005596000119112432,4.0,133085,64.0,,0.29467024350872956,0.3018867924528302,0.4655408597071328,0.8214285714285714,0.23777777777777778
qm9,gap,qPO-fast-r4-full,0,9,1000,48.03062962484546,1993.788809,399.17407727241516,4.148098708828911,0.4107,0.39579,0.37799199999999994,0.33183856502242154,0.0,0.21139999999999998,9.999999747378752e-05,0.0005363626987673342,4.0,132985,64.0,,0.4341079486566484,0.4264705882352941,0.5714285714285714,0.96,0.601010101010101
qm9,gap,qPO-fast-r4-full,0,10,1100,49.628647916950285,1992.28966,455.15897607803345,4.606168250087649,0.4179,0.40437,0.380511,0.3617339312406577,0.07692307692307693,0.2042,0.0001000000411295332,0.0005592418601736426,4.0,132885,64.0,,0.3404749949237704,0.325,0.5185185185185185,0.9534883720930233,0.2880808080808081
qm9,gap,qPO-fast-r4-full,0,11,1200,51.46756587480195,1990.790715,513.6642560958862,5.333140708040446,0.6221,0.45674000000000003,0.39311200000000013,0.40732436472346784,0.8461538461538461,0.0,0.00010000011388910934,0.000600044266320765,4.0,132785,64.0,,0.4553156244469052,0.46153846153846156,0.5869565217391305,0.8780487804878049,0.7577777777777778
qm9,gap,qPO-fast-r4-full,0,12,1300,52.57058716611937,1989.291209,573.9373872280121,5.587509874952957,0.6221,0.45674000000000003,0.39356900000000017,0.42301943198804187,0.9230769230769231,0.0,0.00010000001202570274,0.0008838436915539205,4.0,132685,64.0,,0.4157507485327152,0.4222222222222222,0.5263157894736842,0.8780487804878049,0.6028282828282828
qm9,gap,qPO-fast-r4-full,0,13,1400,55.3654247908853,1987.792213,638.3092172145844,6.377569041913375,0.6221,0.45674000000000003,0.39411200000000013,0.45590433482810166,0.9230769230769231,0.0,0.00010000036854762584,0.0010921902721747756,4.0,132585,64.0,,0.157474231371485,0.13114754098360656,0.32896402398401076,0.9863013698630136,0.046464646464646465
qm9,gap,qPO-fast-r4-full,0,14,1500,56.8267641661223,1986.293217,704.8132753372192,6.8282503329683095,0.6221,0.46545,0.39565400000000017,0.4910313901345291,1.0,0.0,0.00010000026668421924,0.0010406606597825885,4.0,132485,64.0,,0.1645568904198964,0.13846153846153847,0.35185185185185186,0.9680851063829787,0.06323232323232324
qm9,gap,qPO-fast-r4-full,0,15,1600,59.61884604091756,1984.793711,775.8404281139374,7.577180333901197,0.6221,0.46545,0.3957630000000002,0.5164424514200299,1.0,0.0,0.00010000004840549082,0.0010367612121626735,4.0,132385,64.0,,0.1935651404578691,0.1782981000802783,0.34615384615384615,0.993103448275862,0.056767676767676765
qm9,gap,qPO-fast-r4-full,0,16,1700,61.94570366689004,1983.294562,850.4458050727844,8.116316374856979,0.6221,0.46545,0.3957630000000002,0.5418535127055306,1.0,0.0,0.00010000001930166036,0.000992931891232729,4.0,132285,64.0,,0.2523196953379696,0.22360681114551084,0.453267045454546,0.8653846153846154,0.16303030303030303
qm9,gap,qPO-fast-r4-full,0,17,1800,65.30113891605288,1981.795369,930.347891330719,9.325675625121221,0.6221,0.46545,0.3957630000000002,0.5687593423019432,1.0,0.0,0.00010000002657761797,0.0009497516439296305,4.0,132185,64.0,,0.2116394864101074,0.2028985507246377,0.3709677419354839,0.8571428571428571,0.0701010101010101
qm9,gap,qPO-fast-r4-full,0,18,1900,67.98029116704129,2019.781916,1014.2797412872314,10.003089708043262,0.6221,0.46545,0.3957630000000002,0.5881913303437967,1.0,0.0,0.00010000017937272787,0.0009101814939640462,4.0,132085,64.0,,0.22345010306347904,0.21621621621621623,0.38555938037865756,0.9142857142857143,0.07878787878787878
qm9,gap,qPO-fast-r4-full,0,19,2000,70.80495104100555,2066.751616,1103.4678502082825,11.07196025014855,0.6221,0.46545,0.3957680000000001,0.6061285500747384,1.0,0.0,0.00010000002657761797,0.0008986074244603515,4.0,131985,64.0,,0.20729232342440884,0.19402985074626866,0.35209411764705917,0.8108108108108109,0.0496969696969697
qm9,gap,qPO-fast-r4-full,0,20,2100,73.240490749944,2114.201316,1196.3681154251099,11.624807375017554,0.6221,0.46545,0.3957680000000001,0.6165919282511211,1.0,0.0,0.00010000000474974513,0.0008671043324284256,4.0,131885,64.0,,0.22817903956125507,0.2222222222222222,0.36764705882352944,0.8,0.059393939393939395
qm9,gap,qPO-fast-r4-full,1,1,200,35.30035866703838,2005.782342,36.228626012802124,0.8851413330994546,0.3897,0.36585,0.329167,0.013452914798206279,0.0,0.2324,0.00010002492490457371,0.001353216590359807,4.0,133785,64.0,,0.5341990606195702,0.5263157894736842,0.6666666666666666,0.9603960396039604,0.9107070707070707
qm9,gap,qPO-fast-r4-full,1,2,300,36.44303541700356,2004.283165,73.88221788406372,1.1025672079995275,0.3958,0.37698,0.343086,0.026905829596412557,0.0,0.2263,0.00010000113979913294,0.0010331388330087066,4.0,133685,64.0,,0.42696456963851914,0.4222222222222222,0.5898053753475443,0.9726027397260274,0.5628282828282828
qm9,gap,qPO-fast-r4-full,1,3,400,37.73557179188356,2002.784417,113.28674292564392,1.4998966660350561,0.3958,0.38181,0.352176,0.044095665171898356,0.0,0.2263,0.00010000100155593827,0.0009567455272190273,4.0,133585,64.0,,0.4070614677778775,0.4032258064516129,0.5316455696202531,0.9191919191919192,0.5066666666666667
qm9,gap,qPO-fast-r4-full,1,4,500,38.84240312501788,2001.284911,154.18002605438232,1.7979007919784635,0.3958,0.38273,0.35823099999999997,0.06502242152466367,0.0,0.2263,0.00010000015754485503,0.0008772511500865221,4.0,133485,64.0,,0.36584985382747987,0.3550509337860781,0.4909090909090909,0.851063829787234,0.31191919191919193
qm9,gap,qPO-fast-r4-full,1,5,600,40.956602334044874,1999.785565,197.8288538455963,2.3237748749088496,0.3958,0.38582,0.36591799999999997,0.10164424514200299,0.0,0.2263,0.00010000028851209208,0.0008525234297849238,4.0,133385,64.0,,0.35308594991615216,0.3507632718159034,0.4716981132075472,0.7674418604651163,0.2808080808080808
qm9,gap,qPO-fast-r4-full,1,6,700,41.882929207989946,1998.286562,242.92357182502747,2.6643079998902977,0.4056,0.38899,0.370296,0.14499252615844543,0.0,0.21649999999999997,0.00010000001930166036,0.0008022708352655172,4.0,133285,64.0,,0.35721401012703174,0.3541666666666667,0.5088038277511963,0.821917808219178,0.3501010101010101
qm9,gap,qPO-fast-r4-full,1,7,800,43.76278520794585,1996.787923,290.51353216171265,3.1084465838503093,0.4056,0.39054,0.37256000000000006,0.18460388639760836,0.0,0.21649999999999997,0.00010000004840549082,0.000772059487644583,4.0,133185,64.0,,0.3297142123566575,0.3220338983050847,0.45098039215686275,0.8292682926829268,0.21414141414141413
qm9,gap,qPO-fast-r4-full,1,8,900,44.93959995917976,1995.287907,339.81906914711,3.47183237480931,0.4056,0.3910600000000001,0.374023,0.23542600896860988,0.0,0.21649999999999997,0.0001000000920612365,0.0007274342933669686,4.0,133085,64.0,,0.33590076568376864,0.32142857142857145,0.48484848484848486,0.8478260869565217,0.26686868686868687
qm9,gap,qPO-fast-r4-full,1,9,1000,46.9453569999896,1993.78886,392.0378429889679,4.10075558279641,0.4056,0.39141000000000004,0.3752420000000001,0.27279521674140506,0.0,0.21649999999999997,0.00010000002657761797,0.0006835111998952925,4.0,132985,64.0,,0.3305700085888418,0.3235294117647059,0.44190518783542054,0.9166666666666666,0.1894949494949495
qm9,gap,qPO-fast-r4-full,1,10,1100,48.31894708308391,1992.290068,446.8365521430969,4.4740236250218,0.4056,0.39336000000000004,0.37599000000000005,0.31913303437967117,0.0,0.21649999999999997,0.00010000004840549082,0.0006544410134665668,4.0,132885,64.0,,0.3029977259791905,0.29016129032258065,0.4479525862068967,0.9607843137254902,0.16808080808080808
qm9,gap,qPO-fast-r4-full,1,11,1200,51.318907167064026,1990.790562,504.85436606407166,5.182604041881859,0.415,0.40108,0.379039,0.3662182361733931,0.07692307692307693,0.2071,0.00010000035399571061,0.0006397863617166877,4.0,132785,64.0,,0.25433039939310387,0.23376623376623376,0.4324584199584201,0.9259259259259259,0.1383838383838384
qm9,gap,qPO-fast-r4-full,1,12,1300,53.17606245796196,1989.291005,566.5385839939117,6.400060249958187,0.6221,0.44897,0.39079800000000015,0.40881913303437967,0.6923076923076923,0.0,0.00010000005568144843,0.0006573302089236677,4.0,132685,64.0,,0.3462523909541511,0.40161290322580645,0.5490472245236124,0.8780487804878049,0.5
qm9,gap,qPO-fast-r4-full,1,13,1400,54.83185474993661,1987.792009,630.4354338645935,6.729806124931201,0.6221,0.45389,0.3924690000000001,0.4327354260089686,0.7692307692307693,0.0,0.00010000004840549082,0.0009292238974012434,4.0,132585,64.0,,0.42932342698288045,0.46296296296296297,0.5757575757575758,0.7948717948717948,0.7634343434343435
qm9,gap,qPO-fast-r4-full,1,14,1500,56.366061999928206,1986.293472,696.9597280025482,6.900857415981591,0.6221,0.4541799999999999,0.39400500000000016,0.46860986547085204,0.8461538461538461,0.0,0.00010000001202570274,0.001056497567333281,4.0,132485,64.0,,0.38291353801353334,0.3968253968253968,0.5625,0.96,0.48484848484848486
qm9,gap,qPO-fast-r4-full,1,15,1600,59.354991958942264,1984.793864,767.5199661254883,7.662717500003055,0.6221,0.45674000000000003,0.3950460000000002,0.5134529147982063,0.9230769230769231,0.0,0.0001000000411295332,0.0010260301642119884,4.0,132385,64.0,,0.1901287385670832,0.15625,0.39440326167531514,0.9863013698630136,0.09292929292929293
qm9,gap,qPO-fast-r4-full,1,16,1700,61.18781033298001,1983.294358,841.0590109825134,8.062966082943603,0.6221,0.45674000000000003,0.39516100000000015,0.5478325859491778,0.9230769230769231,0.0,0.00010000012116506696,0.0009896658593788743,4.0,132285,64.0,,0.1844977438297727,0.1542426645519429,0.3840615384615387,0.9223300970873787,0.08686868686868687
qm9,gap,qPO-fast-r4-full,1,17,1800,64.91268804180436,1981.795362,919.7821099758148,8.955556709086522,0.6221,0.46545,0.39644100000000015,0.577727952167414,1.0,0.0,0.00010000045585911721,0.0009536920697428286,4.0,132185,64.0,,0.18113129275490533,0.16152751423149905,0.375,0.8461538461538461,0.08040404040404041
qm9,gap,qPO-fast-r4-full,1,18,1900,67.18659429205582,2019.781916,1001.8902807235718,9.967960041947663,0.6221,0.46545,0.39646800000000015,0.600896860986547,1.0,0.0,0.00010000125621445477,0.0009536343277432024,4.0,132085,64.0,,0.1785291789106913,0.16129032258064516,0.3469387755102041,0.9444444444444444,0.056767676767676765
qm9,gap,qPO-fast-r4-full,1,19,2000,70.21912262495607,2066.751616,1088.9991400241852,10.663155582966283,0.6221,0.46545,0.39656300000000017,0.6292974588938715,1.0,0.0,0.00010000012116506696,0.000927042099647224,4.0,131985,64.0,,0.22264656368781022,0.2054794520547945,0.3888888888888889,0.9529411764705882,0.08666666666666667
qm9,gap,qPO-fast-r4-full,1,20,2100,73.02341391611844,2114.201316,1180.3811218738556,11.342360957991332,0.6221,0.46545,0.39656300000000017,0.647982062780269,1.0,0.0,0.00010000031761592254,0.0009420501883141696,4.0,131885,64.0,,0.22955420158437984,0.2130388585306618,0.4166666666666667,0.8653846153846154,0.11818181818181818
qm9,gap,qPO-fast-r4-full,2,1,200,35.55401929211803,2005.782393,36.60901403427124,1.007749916985631,0.363,0.35351,0.32931399999999994,0.01046337817638266,0.0,0.2591,0.00010000111069530249,0.0014843001263216138,4.0,133785,64.0,,0.3426175786093753,0.3333333333333333,0.46296296296296297,0.8541666666666666,0.2387878787878788
qm9,gap,qPO-fast-r4-full,2,2,300,36.31757016596384,2004.283158,74.19291996955872,1.1215414160396904,0.373,0.36325,0.34454899999999994,0.02765321375186846,0.0,0.2491,0.00010000016482081264,0.0009513454278931022,4.0,133685,64.0,,0.3170326827069247,0.3064516129032258,0.4528301886792453,0.8372093023255814,0.20464646464646466
qm9,gap,qPO-fast-r4-full,2,3,400,37.8589367500972,2002.78406,113.74399995803833,1.5182260000146925,0.3809,0.37529,0.35437799999999986,0.06427503736920777,0.0,0.24119999999999997,0.00010000005568144843,0.0007429504184983671,4.0,133585,64.0,,0.3040447301367239,0.2903225806451613,0.4423392181588904,0.8627450980392157,0.16363636363636364
qm9,gap,qPO-fast-r4-full,2,4,500,38.62145179184154,2001.285319,154.401526927948,1.7990526671055704,0.3842,0.37973,0.36196300000000003,0.1031390134529148,0.0,0.2379,0.00010000000474974513,0.0006639034254476428,4.0,133485,64.0,,0.3055743471185161,0.2903225806451613,0.453125,0.9,0.18343434343434342
qm9,gap,qPO-fast-r4-full,2,5,600,40.43076599994674,1999.785966,197.5103669166565,2.3286058749072254,0.3939,0.38320000000000004,0.367622,0.14723467862481315,0.0,0.22820000000000001,0.00010000001202570274,0.0006292870966717601,4.0,133385,64.0,,0.32981335024633207,0.316869918699187,0.46916099773242637,0.8771929824561403,0.22545454545454546
qm9,gap,qPO-fast-r4-full,2,6,700,41.58772608311847,1998.286511,242.0251178741455,2.5730572920292616,0.3939,0.38458000000000003,0.37102500000000005,0.19656203288490284,0.0,0.22820000000000001,0.00010000166366808116,0.000618991325609386,4.0,133285,64.0,,0.3438166374503119,0.3384615384615385,0.47619047619047616,0.9607843137254902,0.26707070707070707
qm9,gap,qPO-fast-r4-full,2,7,800,43.2702565419022,1996.787063,289.22312211990356,3.136001833016053,0.4056,0.38817,0.3729880000000001,0.242152466367713,0.0,0.21649999999999997,0.00010000000474974513,0.0005943087162449956,4.0,133185,64.0,,0.3677989225083053,0.36619718309859156,0.49056603773584906,0.8372093023255814,0.3608080808080808
qm9,gap,qPO-fast-r4-full,2,8,900,45.016809459077194,1995.287958,338.6340169906616,3.4129347919952124,0.4056,0.39044,0.37348200000000004,0.2713004484304933,0.0,0.21649999999999997,0.00010000001202570274,0.0005755904130637646,4.0,133085,64.0,,0.3005591544849772,0.2828137817883511,0.4568253968253969,0.896551724137931,0.18787878787878787
qm9,gap,qPO-fast-r4-full,2,9,1000,46.95928724994883,1993.789319,390.8111238479614,4.089516333071515,0.415,0.40104999999999996,0.377005,0.3131539611360239,0.07692307692307693,0.2071,0.0001000000920612365,0.000550329452380538,4.0,132985,64.0,,0.25770109373544375,0.22756041426927504,0.46774193548387094,0.9259259259259259,0.18181818181818182
qm9,gap,qPO-fast-r4-full,2,10,1100,48.3012182910461,1992.290017,445.4509029388428,4.471088916994631,0.4802,0.42722,0.385015,0.3423019431988042,0.5384615384615384,0.14189999999999997,9.999999747378752e-05,0.0005588655476458371,4.0,132885,64.0,,0.36159035020703995,0.4128709454796411,0.5370370370370371,0.9680851063829787,0.5305050505050505
qm9,gap,qPO-fast-r4-full,2,11,1200,50.15044879214838,1990.791225,502.4062900543213,5.0911478330381215,0.6221,0.45389,0.3891880000000001,0.3692077727952167,0.7692307692307693,0.0,0.00010000000474974513,0.0006815663073211908,4.0,132785,64.0,,0.464235290622822,0.46808510638297873,0.5853658536585366,0.8571428571428571,0.8290909090909091
qm9,gap,qPO-fast-r4-full,2,12,1300,51.91789987497032,1989.291158,561.8194422721863,5.500731791835278,0.6221,0.45389,0.39246800000000015,0.42152466367713004,0.7692307692307693,0.0,0.00010000005568144843,0.0010090071009472013,4.0,132685,64.0,,0.30475781035412,0.30600240096038417,0.5542042042042048,0.9863013698630136,0.31696969696969696
qm9,gap,qPO-fast-r4-full,2,13,1400,54.99605712504126,1987.792468,625.7973589897156,6.327627500053495,0.6221,0.4541799999999999,0.3934790000000002,0.4484304932735426,0.8461538461538461,0.0,0.0001000000920612365,0.0009760739048942924,4.0,132585,64.0,,0.3903476020214014,0.3898305084745763,0.5454545454545454,0.9534883720930233,0.4676767676767677
qm9,gap,qPO-fast-r4-full,2,14,1500,56.38858708413318,1986.293421,692.61913895607,6.817775124916807,0.6221,0.46545,0.39548200000000017,0.4798206278026906,1.0,0.0,0.0001000000411295332,0.0009311639587394893,4.0,132485,64.0,,0.19507123329522844,0.17647058823529413,0.38366701791359364,0.7413793103448276,0.08383838383838384
qm9,gap,qPO-fast-r4-full,2,15,1600,58.685922417091206,1984.794068,762.5312869548798,7.755142250098288,0.6221,0.46545,0.3957630000000002,0.5067264573991032,1.0,0.0,0.00010000017209677026,0.0009418881381861866,4.0,132385,64.0,,0.1840339176742542,0.17222840192806824,0.34945783132530145,0.9253731343283582,0.0496969696969697
qm9,gap,qPO-fast-r4-full,2,16,1700,61.342752416851,1983.294613,836.1282329559326,8.097340458072722,0.6221,0.46545,0.3957630000000002,0.5321375186846039,1.0,0.0,0.00010000005568144843,0.0009139543399214745,4.0,132285,64.0,,0.21792247317927796,0.18461538461538463,0.4355252274607115,0.8653846153846154,0.13535353535353536
qm9,gap,qPO-fast-r4-full,2,17,1800,64.4749479580205,1981.795209,914.6052672863007,9.005378874950111,0.6221,0.46545,0.3957630000000002,0.5560538116591929,1.0,0.0,0.00010000002657761797,0.0008751655113883317,4.0,132185,64.0,,0.21445406639470763,0.2054794520547945,0.37364457831325354,0.8865979381443299,0.06808080808080808
qm9,gap,qPO-fast-r4-full,2,18,1900,66.95368741615675,2019.781916,996.3027989864349,9.571048540994525,0.6221,0.46545,0.3957630000000002,0.5792227204783259,1.0,0.0,0.00010000020847655833,0.0008445007842965424,4.0,132085,64.0,,0.2198902967777356,0.20736224028906955,0.38596491228070173,0.9428571428571428,0.08343434343434343
qm9,gap,qPO-fast-r4-full,2,19,2000,70.3610900840722,2066.751616,1084.2226870059967,10.685513957869262,0.6221,0.46545,0.39597800000000016,0.5986547085201793,1.0,0.0,0.00010000000474974513,0.0008235839195549488,4.0,131985,64.0,,0.23731935025597678,0.22916666666666666,0.38,0.8115942028985508,0.07313131313131313
qm9,gap,qPO-fast-r4-full,2,20,2100,73.21121574984863,2114.201316,1177.0186290740967,11.434316207887605,0.6221,0.46545,0.39625700000000014,0.6136023916292974,1.0,0.0,0.00010000001930166036,0.0008165123872458935,4.0,131885,64.0,,0.2829241232724439,0.2463768115942029,0.5223880597014925,0.9473684210526315,0.2204040404040404
qm9,gap,F-LITE-full,0,1,200,0.07903120783157647,4.824644,1.046266794204712,0.9254080411046743,0.3754,0.36408999999999997,0.332375,0.016442451420029897,0.0,0.24669999999999997,0.0001000428746920079,0.0015197497559711337,,133785,,,0.43649456471978143,0.4339622641509434,0.5283018867924528,0.8372093023255814,0.6810101010101011
qm9,gap,F-LITE-full,0,2,300,0.0836221668869257,4.82086,2.50521183013916,1.2499691660050303,0.3778,0.37212999999999996,0.3538320000000001,0.05829596412556054,0.0,0.24429999999999996,0.00010000001202570274,0.0009416838875040412,,133685,,,0.36445827124142366,0.35384615384615387,0.4716981132075472,0.8809523809523809,0.28444444444444444
qm9,gap,F-LITE-full,0,3,400,0.08384141605347395,4.817388,4.255223035812378,1.503305708989501,0.381,0.37649,0.36196300000000003,0.09417040358744394,0.0,0.24109999999999998,0.00010000015754485503,0.000730213534552604,,133585,,,0.3180304375474399,0.3050847457627119,0.425531914893617,0.8983050847457628,0.14606060606060606
qm9,gap,F-LITE-full,0,4,500,0.08588270819745958,4.813668,6.397619962692261,1.822603709064424,0.3842,0.37854,0.36573,0.12855007473841554,0.0,0.2379,0.00010000000474974513,0.0006320326938293874,,133485,,,0.31488896512325526,0.30198506289308175,0.4444444444444444,0.9,0.18505050505050505
qm9,gap,F-LITE-full,0,5,600,0.08471441711299121,4.81018,9.12752103805542,2.265477792127058,0.3917,0.38165000000000004,0.369386,0.18236173393124067,0.0,0.2304,0.00010000000474974513,0.0005702954367734492,,133385,,,0.3068693105226338,0.2923076923076923,0.4500450450450452,0.8947368421052632,0.1715151515151515
qm9,gap,F-LITE-full,0,6,700,0.09276329097338021,4.806476,12.427528858184814,2.668791415868327,0.3917,0.38334999999999997,0.37180300000000005,0.22720478325859492,0.0,0.2304,0.00010000001202570274,0.0005696490406990051,,133285,,,0.32329647011846047,0.3090909090909091,0.4756678281068527,0.9607843137254902,0.2385858585858586
qm9,gap,F-LITE-full,0,7,800,0.08640725002624094,4.80298,16.262777090072632,3.1157122091390193,0.4056,0.38871,0.3735540000000001,0.26382660687593423,0.0,0.21649999999999997,0.00010000153270084411,0.0005706497468054295,,133185,,,0.3021666751788608,0.29069767441860467,0.4583333333333333,0.9259259259259259,0.2080808080808081
qm9,gap,F-LITE-full,0,8,900,0.08857204206287861,4.799244,20.72569489479065,3.466959417099133,0.4056,0.38906,0.37494800000000006,0.30493273542600896,0.0,0.21649999999999997,0.00010000000474974513,0.0005711959674954414,,133085,,,0.24647450520726558,0.22857142857142856,0.4666666666666667,0.8450704225352113,0.19454545454545455
qm9,gap,F-LITE-full,0,9,1000,0.08858979097567499,4.795764,25.930933952331543,4.069183124927804,0.4107,0.39634,0.378752,0.3333333333333333,0.0,0.21139999999999998,0.00010000008478527889,0.0005508047179318964,,132985,,,0.4398946234118764,0.4375,0.5666666666666667,0.96,0.6339393939393939
qm9,gap,F-LITE-full,0,10,1100,0.09057150012813509,4.792092,32.41806697845459,4.468671832932159,0.4426,0.41095,0.38215699999999997,0.3639760837070254,0.15384615384615385,0.1795,0.00010000007750932127,0.000571953714825213,,132885,,,0.2697688889391761,0.26847469967236987,0.43373493975903615,0.9534883720930233,0.1383838383838384
qm9,gap,F-LITE-full,0,11,1200,0.09282504208385944,4.78838,39.509267807006836,5.287964166840538,0.6221,0.45674000000000003,0.3934220000000001,0.40732436472346784,0.8461538461538461,0.0,0.00010000001202570274,0.0006513366242870688,,132785,,,0.4699844976208432,0.4642857142857143,0.5897435897435898,0.8780487804878049,0.7846464646464646
qm9,gap,F-LITE-full,0,12,1300,0.09974666591733694,4.78482,47.69623589515686,5.803849457995966,0.6221,0.45674000000000003,0.3940590000000001,0.4260089686098655,0.9230769230769231,0.0,0.00010000001930166036,0.0009490869124419987,,132685,,,0.34621586988979103,0.39285714285714285,0.5111111111111111,0.8780487804878049,0.4694949494949495
qm9,gap,F-LITE-full,0,13,1400,0.07927254191599786,4.78134,57.01853895187378,6.455835334025323,0.6221,0.45674000000000003,0.3944700000000001,0.4551569506726457,0.9230769230769231,0.0,0.00010000001202570274,0.0011038626544177532,,132585,,,0.1610015284608942,0.140625,0.32142857142857145,0.9863013698630136,0.04040404040404041
qm9,gap,F-LITE-full,0,14,1500,0.08129012491554022,4.77774,67.34205794334412,7.087869124952704,0.6221,0.46545,0.3957630000000002,0.47832585949177875,1.0,0.0,0.00010000006295740604,0.0010502749355509877,,132485,,,0.1626670829929897,0.13655788655788656,0.33962264150943394,0.9142857142857143,0.0597979797979798
qm9,gap,F-LITE-full,0,15,1600,0.08115316601470113,4.77402,78.92267990112305,7.784217458916828,0.6221,0.46545,0.3957630000000002,0.5104633781763827,1.0,0.0,0.00010000002657761797,0.001039251103065908,,132385,,,0.21398910291192874,0.2,0.37037037037037035,0.9529411764705882,0.0707070707070707
qm9,gap,F-LITE-full,0,16,1700,0.07679745811037719,4.77038,91.58273196220398,8.21153908292763,0.6221,0.46545,0.3957630000000002,0.5388639760837071,1.0,0.0,0.00010000001930166036,0.0009907035855576396,,132285,,,0.22694764632809517,0.22077922077922077,0.38461538461538464,0.9213483146067416,0.0795959595959596
qm9,gap,F-LITE-full,0,17,1800,0.0775418330449611,4.7669,106.34987783432007,9.193781042005867,0.6221,0.46545,0.3957630000000002,0.5635276532137519,1.0,0.0,0.00010000001202570274,0.0009419365669600666,,132185,,,0.22964910000859254,0.21686746987951808,0.40482625482625506,0.9345794392523364,0.10565656565656566
qm9,gap,F-LITE-full,0,18,1900,0.07534654112532735,4.76338,122.99051690101624,9.994342708028853,0.6221,0.46545,0.3957630000000002,0.5814648729446936,1.0,0.0,0.00010000018664868549,0.0009027138585224748,,132085,,,0.21698135338988103,0.21052631578947367,0.36,0.825,0.05313131313131313
qm9,gap,F-LITE-full,0,19,2000,0.0795616249088198,4.759652,140.51501989364624,10.920914124930277,0.6221,0.46545,0.3957630000000002,0.6001494768310912,1.0,0.0,0.00010000017937272787,0.0008689594687893987,,131985,,,0.2142906842702281,0.2028985507246377,0.37254901960784315,0.8292682926829268,0.06202020202020202
qm9,gap,F-LITE-full,0,20,2100,0.07770433300174773,4.755932,159.380793094635,11.538597375154495,0.6221,0.46545,0.3957630000000002,0.6180866965620329,1.0,0.0,0.00010000013571698219,0.0008342851069755852,,131885,,,0.23928337856017506,0.23076923076923078,0.3847080630213164,0.6956521739130435,0.07898989898989899
qm9,gap,F-LITE-full,1,1,200,0.0776421669870615,4.824644,1.0221197605133057,0.902636082842946,0.3897,0.36449,0.32805799999999996,0.011210762331838564,0.0,0.2324,0.00010002492490457371,0.001353216590359807,,133785,,,0.5302553269572512,0.5231663685152057,0.6631578947368421,0.9726027397260274,0.9066666666666666
qm9,gap,F-LITE-full,1,2,300,0.08267533290199935,4.820876,2.3735289573669434,1.1591197499074042,0.3958,0.37495,0.3428360000000001,0.026158445440956652,0.0,0.2263,0.00010000184556702152,0.0010278489207848907,,133685,,,0.3992054319921981,0.3880597014925373,0.5238875878220144,0.9726027397260274,0.45232323232323235
qm9,gap,F-LITE-full,1,3,400,0.08721137489192188,4.817388,4.094706773757935,1.467599915806204,0.3958,0.38325,0.35406,0.04932735426008968,0.0,0.2263,0.00010000015754485503,0.0009849292691797018,,133585,,,0.4226615178618614,0.4142857142857143,0.5438854489164088,0.9,0.5521212121212121
qm9,gap,F-LITE-full,1,4,500,0.08094362495467067,4.81366,6.177595853805542,1.779570624930784,0.3958,0.38393,0.360229,0.07025411061285501,0.0,0.2263,0.00010000003385357559,0.0008965274319052696,,133485,,,0.3701683848263238,0.36363636363636365,0.46296296296296297,0.8163265306122449,0.29454545454545455
qm9,gap,F-LITE-full,1,5,600,0.08536725002340972,4.810196,8.822080850601196,2.2281888748984784,0.4056,0.38694,0.36606199999999994,0.10164424514200299,0.0,0.21649999999999997,0.00010000007023336366,0.0008382480009458959,,133385,,,0.3721558110327403,0.36065573770491804,0.49230769230769234,0.8378378378378378,0.3329292929292929
qm9,gap,F-LITE-full,1,6,700,0.09320941683836281,4.806476,12.086004972457886,2.607830666936934,0.4056,0.39016,0.370792,0.1352765321375187,0.0,0.21649999999999997,0.00010000001202570274,0.0007869070395827293,,133285,,,0.3538635174020466,0.3484848484848485,0.4879132791327917,0.7833333333333333,0.2872727272727273
qm9,gap,F-LITE-full,1,7,800,0.08685512491501868,4.802988,16.087491035461426,3.2537757500540465,0.4056,0.3910600000000001,0.37284300000000004,0.17787742899850523,0.0,0.21649999999999997,0.00010000001202570274,0.0007665215525776148,,133185,,,0.331262032141516,0.3181818181818182,0.4782608695652174,0.82,0.24888888888888888
qm9,gap,F-LITE-full,1,8,900,0.08819525013677776,4.79926,20.644278049468994,3.5462679588235915,0.4056,0.39109000000000005,0.374446,0.23019431988041852,0.0,0.21649999999999997,0.00010000001930166036,0.000716068665497005,,133085,,,0.3479517980827819,0.3387096774193548,0.4745762711864407,0.9,0.2602020202020202
qm9,gap,F-LITE-full,1,9,1000,0.090970000019297,4.79578,25.85964584350586,4.099382249871269,0.4056,0.39229,0.37545100000000003,0.26681614349775784,0.0,0.21649999999999997,0.0001000001939246431,0.000684944330714643,,132985,,,0.30124124376528927,0.2857142857142857,0.43859649122807015,0.9166666666666666,0.15313131313131312
qm9,gap,F-LITE-full,1,10,1100,0.09169020783156157,4.7921,32.164944887161255,4.49196295789443,0.4056,0.39472000000000007,0.3766460000000001,0.3146487294469357,0.0,0.21649999999999997,0.00010000001202570274,0.0006546953227370977,,132885,,,0.29522778580894204,0.2831858407079646,0.4554096638655464,0.9607843137254902,0.18626262626262627
qm9,gap,F-LITE-full,1,11,1200,0.08881579199805856,4.788372,39.31332492828369,5.320738667156547,0.415,0.40782999999999997,0.38304399999999994,0.36472346786248133,0.07692307692307693,0.2071,0.00010000000474974513,0.0006406106404028833,,132785,,,0.20605642764891993,0.1702127659574468,0.4576271186440678,0.9680851063829787,0.1482828282828283
qm9,gap,F-LITE-full,1,12,1300,0.09479550016112626,4.78482,47.03289985656738,5.605442957952619,0.6221,0.4527,0.3926960000000001,0.40508221225710017,0.7692307692307693,0.0,0.00010000007023336366,0.000696944072842598,,132685,,,0.3263074821125907,0.36666666666666664,0.5476190476190477,0.8947368421052632,0.4303030303030303
qm9,gap,F-LITE-full,1,13,1400,0.09628345887176692,4.78134,56.08532667160034,6.424913665978238,0.6221,0.45674000000000003,0.39420200000000016,0.4304932735426009,0.9230769230769231,0.0,0.00010000012844102457,0.0009254480246454477,,132585,,,0.38351715826246124,0.43137254901960786,0.5555555555555556,0.9863013698630136,0.6246464646464647
qm9,gap,F-LITE-full,1,14,1500,0.09054479096084833,4.777732,66.09614992141724,6.8447450418025255,0.6221,0.45674000000000003,0.39494300000000016,0.4656203288490284,0.9230769230769231,0.0,0.00010000002657761797,0.001107503310777247,,132485,,,0.2542219448215329,0.25,0.4638198757763977,0.8780487804878049,0.17636363636363636
qm9,gap,F-LITE-full,1,15,1600,0.08739229082129896,4.77402,77.47688889503479,7.74160479218699,0.6221,0.46545,0.39642200000000016,0.5104633781763827,1.0,0.0,0.00010000004840549082,0.001066921977326274,,132385,,,0.20003938178247485,0.18181818181818182,0.39655172413793105,0.9253731343283582,0.09717171717171717
qm9,gap,F-LITE-full,1,16,1700,0.0813303750474006,4.770372,90.48190593719482,8.468190958956257,0.6221,0.46545,0.39646800000000015,0.5440956651718983,1.0,0.0,0.0001000000411295332,0.0010568455327302217,,132285,,,0.16997516577431365,0.15384615384615385,0.34833163091590064,0.9213483146067416,0.05656565656565657
qm9,gap,F-LITE-full,1,17,1800,0.07986787497065961,4.766892,104.5085518360138,9.050727583002299,0.6221,0.46545,0.39646800000000015,0.5695067264573991,1.0,0.0,0.00010000164184020832,0.0010274405358359218,,132185,,,0.19511493719600742,0.18181818181818182,0.3584905660377358,0.9775280898876404,0.05818181818181818
qm9,gap,F-LITE-full,1,18,1900,0.08416475006379187,4.76338,120.64425277709961,9.90486420900561,0.6221,0.46545,0.39646800000000015,0.600896860986547,1.0,0.0,0.00010000012116506696,0.0009798198007047176,,132085,,,0.22035169151370257,0.21052631578947367,0.405842391304348,0.923728813559322,0.10404040404040404
qm9,gap,F-LITE-full,1,19,2000,0.07657354208640754,4.75966,137.72912693023682,10.808436708990484,0.6221,0.46545,0.39646800000000015,0.6240657698056801,1.0,0.0,0.00010000012844102457,0.0009437187691219151,,131985,,,0.20654775263631875,0.2,0.36065573770491804,0.868421052631579,0.054747474747474746
qm9,gap,F-LITE-full,1,20,2100,0.0811890831682831,4.75594,155.57633471488953,11.459604291943833,0.6221,0.46545,0.39658500000000013,0.6449925261584455,1.0,0.0,0.00010000624024542049,0.0009338577510789037,,131885,,,0.22905047657985084,0.22727272727272727,0.375,0.825,0.06484848484848485
qm9,gap,F-LITE-full,2,1,200,0.07182358321733773,4.824636,1.048088788986206,0.928588709095493,0.363,0.35388000000000003,0.329267,0.011210762331838564,0.0,0.2591,0.00010000111069530249,0.0014843001263216138,,133785,,,0.3468669418447892,0.3382352941176471,0.4666666666666667,0.8541666666666666,0.25171717171717173
qm9,gap,F-LITE-full,2,2,300,0.0799922498408705,4.820876,2.397459030151367,1.1557972498703748,0.3729,0.36153,0.344219,0.028400597907324365,0.0,0.24919999999999998,0.00010000021575251594,0.0009501083986833692,,133685,,,0.310513861673503,0.3,0.4444444444444444,0.8372093023255814,0.18141414141414142
qm9,gap,F-LITE-full,2,3,400,0.08411887497641146,4.817396,4.1411049365997314,1.463663874892518,0.3795,0.37020000000000003,0.35175900000000004,0.05605381165919283,0.0,0.24259999999999998,0.00010000009933719411,0.0007258054101839662,,133585,,,0.27394470787106245,0.2608695652173913,0.39344262295081966,0.8627450980392157,0.08787878787878788
qm9,gap,F-LITE-full,2,4,500,0.08372858306393027,4.813652,6.31074595451355,1.7841453328728676,0.3839,0.37715000000000004,0.35872099999999996,0.09192825112107623,0.0,0.23819999999999997,0.00010000001930166036,0.0006383658619597554,,133485,,,0.3197802188965014,0.30864197530864196,0.4493478260869568,0.8809523809523809,0.19636363636363635
qm9,gap,F-LITE-full,2,5,600,0.09095162502489984,4.810196,9.087898015975952,2.3359568750020117,0.3939,0.38197,0.365102,0.13079222720478326,0.0,0.22820000000000001,0.00010000001202570274,0.0006127820233814418,,133385,,,0.32596281359016627,0.3148148148148148,0.4697860962566848,0.9,0.2080808080808081
qm9,gap,F-LITE-full,2,6,700,0.08854449982754886,4.806476,12.389537811279297,2.6636534580029547,0.3939,0.38378,0.369801,0.17937219730941703,0.0,0.22820000000000001,0.00010000001930166036,0.0006023305468261242,,133285,,,0.3519707086336494,0.34146341463414637,0.5,0.9166666666666666,0.29515151515151516
qm9,gap,F-LITE-full,2,7,800,0.08561016619205475,4.802988,16.19748091697693,3.137956416932866,0.3939,0.38592,0.37224100000000004,0.2219730941704036,0.0,0.22820000000000001,0.00010001176269724965,0.0005994575913064182,,133185,,,0.3516262882862506,0.3492063492063492,0.49023307436182034,0.9607843137254902,0.32646464646464646
qm9,gap,F-LITE-full,2,8,900,0.08846741705201566,4.799252,20.610849142074585,3.4516731661278754,0.4056,0.38932,0.373961,0.26532137518684606,0.0,0.21649999999999997,0.00010000001930166036,0.0005831594462506473,,133085,,,0.3329523044770714,0.3275862068965517,0.46875,0.8181818181818182,0.24868686868686868
qm9,gap,F-LITE-full,2,9,1000,0.08284812490455806,4.795772,25.9430730342865,4.050628749886528,0.4056,0.39142,0.37444099999999997,0.2914798206278027,0.0,0.21649999999999997,0.00010000000474974513,0.0005673703271895647,,132985,,,0.297000471745468,0.27941176470588236,0.47058823529411764,0.8947368421052632,0.19797979797979798
qm9,gap,F-LITE-full,2,10,1100,0.09231191594153643,4.792092,32.25815296173096,4.468998290831223,0.415,0.40171999999999997,0.378362,0.33781763826606875,0.07692307692307693,0.2071,0.00010000012116506696,0.0005489263567142189,,132885,,,0.23826830482706468,0.19744964262508122,0.46296296296296297,0.9259259259259259,0.1707070707070707
qm9,gap,F-LITE-full,2,11,1200,0.08861087495461106,4.78838,39.47210502624512,5.190594207961112,0.4802,0.43296,0.387207,0.3744394618834081,0.6923076923076923,0.14189999999999997,0.00010000000474974513,0.0005694290739484131,,132785,,,0.4131964767339443,0.4318181818181818,0.56,0.9680851063829787,0.6135353535353535
qm9,gap,F-LITE-full,2,12,1300,0.09674404212273657,4.784812,47.56326198577881,5.790531875099987,0.6221,0.45389,0.39183800000000013,0.40881913303437967,0.7692307692307693,0.0,0.00010000000474974513,0.0007058512419462204,,132685,,,0.2172933940923423,0.12345679012345678,0.5111627906976746,0.9863013698630136,0.2686868686868687
qm9,gap,F-LITE-full,2,13,1400,0.0908276247791946,4.78134,56.312665939331055,6.499641250120476,0.6221,0.4541799999999999,0.3934340000000001,0.43796711509715996,0.8461538461538461,0.0,0.0001000093761831522,0.0008913000929169357,,132585,,,0.38908715954034556,0.4,0.5588235294117647,0.96,0.49797979797979797
qm9,gap,F-LITE-full,2,14,1500,0.08272991701960564,4.77774,66.54786586761475,6.868711542105302,0.6221,0.45674000000000003,0.3945940000000001,0.4760837070254111,0.9230769230769231,0.0,0.00010000000474974513,0.0008709128596819937,,132485,,,0.20049905305342494,0.1726266496381439,0.4067796610169492,0.8333333333333334,0.10464646464646464
qm9,gap,F-LITE-full,2,15,1600,0.08403516700491309,4.77402,77.777095079422,7.588798083132133,0.6221,0.46545,0.39604900000000015,0.5029895366218237,1.0,0.0,0.00010000000474974513,0.0008907845476642251,,132385,,,0.18643574677842642,0.16216216216216217,0.375,0.9473684210526315,0.08080808080808081
qm9,gap,F-LITE-full,2,16,1700,0.08423133403994143,4.77038,90.96252489089966,8.086721082916483,0.6221,0.46545,0.39627600000000013,0.5336322869955157,1.0,0.0,0.00010000001202570274,0.0009058674913831055,,132285,,,0.198980965722065,0.17647058823529413,0.3968487394957984,0.8653846153846154,0.09595959595959595
qm9,gap,F-LITE-full,2,17,1800,0.08699249988421798,4.7669,105.40179800987244,9.427376582985744,0.6221,0.46545,0.3963240000000001,0.5485799701046338,1.0,0.0,0.00010000047768699005,0.000884376757312566,,132185,,,0.2052418507004603,0.189873417721519,0.36711444071299415,0.9603960396039604,0.07232323232323232
qm9,gap,F-LITE-full,2,18,1900,0.0809022500179708,4.763364,121.42615103721619,9.805558917112648,0.6221,0.46545,0.3963240000000001,0.5717488789237668,1.0,0.0,0.00010000001930166036,0.0008629121584817767,,132085,,,0.20265006960656426,0.19402985074626866,0.3538597685500341,0.923728813559322,0.05292929292929293
qm9,gap,F-LITE-full,2,19,2000,0.07976329093798995,4.75966,138.84468579292297,10.667081624967977,0.6221,0.46545,0.3963240000000001,0.5971599402092675,1.0,0.0,0.00010000002657761797,0.0008323571528308094,,131985,,,0.20898844041470938,0.2,0.3673469387755102,0.8909090909090909,0.0701010101010101
qm9,gap,F-LITE-full,2,20,2100,0.0787666249088943,4.75594,158.70189094543457,11.440874707885087,0.6221,0.46545,0.3963240000000001,0.6165919282511211,1.0,0.0,0.00010000001202570274,0.0008101476705633104,,131885,,,0.23691770108405286,0.22641509433962265,0.39603960396039606,0.7647058823529411,0.09333333333333334
qm9,gap,UCB,0,1,200,0.009702000068500638,3.751796,1.1866261959075928,1.134373917011544,0.3729,0.36465000000000003,0.33711599999999997,0.023168908819133034,0.0,0.24919999999999998,0.0001000428746920079,0.0015197497559711337,,133785,,,0.45439435523945465,0.45161290322580644,0.5517241379310345,0.8867924528301887,0.7652525252525253
qm9,gap,UCB,0,2,300,0.009466290939599276,3.748844,2.4921441078186035,1.1742694170679897,0.3778,0.37243000000000004,0.353831,0.06203288490284006,0.0,0.24429999999999996,0.00010000041947932914,0.0009743759292177856,,133685,,,0.3905602031004962,0.38596491228070173,0.5,0.8253968253968254,0.4167676767676768
qm9,gap,UCB,0,3,400,0.009129666024819016,3.74618,4.144452095031738,1.4692605000454932,0.3805,0.37529,0.36205999999999994,0.10463378176382661,0.0,0.24159999999999998,0.00010000010661315173,0.0007645692676305771,,133585,,,0.33493787890908294,0.3221280602636535,0.4516897081413213,0.8809523809523809,0.19454545454545455
qm9,gap,UCB,0,4,500,0.009423041017726064,3.743252,6.124513149261475,1.7734231250360608,0.3917,0.38047,0.368135,0.1554559043348281,0.0,0.2304,0.0001000005504465662,0.0006687905406579375,,133485,,,0.31497373281582725,0.2982456140350877,0.45161290322580644,0.9,0.18222222222222223
qm9,gap,UCB,0,5,600,0.009083624929189682,3.740564,8.698286056518555,2.208474582992494,0.3917,0.38300999999999996,0.37102500000000005,0.20029895366218237,0.0,0.2304,0.00010000000474974513,0.0006392696523107588,,133385,,,0.3051936636362704,0.28125,0.47368421052631576,0.9166666666666666,0.21393939393939393
qm9,gap,UCB,0,6,700,0.009098209207877517,3.737636,11.82839298248291,2.577142040943727,0.4056,0.38747,0.37280500000000005,0.24887892376681614,0.0,0.21649999999999997,0.00010000001930166036,0.0006109360256232321,,133285,,,0.32457363608605405,0.3096291613990729,0.4769580419580421,0.9607843137254902,0.24404040404040403
qm9,gap,UCB,0,7,800,0.009608207968994975,3.734956,15.681226015090942,3.2005668748170137,0.4056,0.38817,0.37343200000000004,0.2825112107623318,0.0,0.21649999999999997,0.00010000003385357559,0.0005867356085218489,,133185,,,0.32983693396495234,0.32558139534883723,0.4827586206896552,0.8947368421052632,0.2638383838383838
qm9,gap,UCB,0,8,900,0.008875875035300851,3.732036,20.07985806465149,3.4648535000160336,0.4056,0.38865,0.37390500000000004,0.3243647234678625,0.0,0.21649999999999997,0.00010000003385357559,0.0005573341622948647,,133085,,,0.316324704493154,0.3146067415730337,0.5,0.9529411764705882,0.2781818181818182
qm9,gap,UCB,0,9,1000,0.008933332981541753,3.729356,25.38757610321045,4.084862834075466,0.4107,0.39622,0.377623,0.36696562032884905,0.0,0.21139999999999998,9.999999747378752e-05,0.0005373756866902113,,132985,,,0.27836307417847,0.30873275236020337,0.5466875,0.9259259259259259,0.3656565656565657
qm9,gap,UCB,0,10,1100,0.00919058290310204,3.726484,31.766161918640137,4.489893417106941,0.4179,0.40031,0.379485,0.4020926756352765,0.07692307692307693,0.2042,0.00010000001202570274,0.0005477926461026073,,132885,,,0.3895244599234411,0.3870967741935484,0.5526875699888021,0.96,0.45252525252525255
qm9,gap,UCB,0,11,1200,0.008746250066906214,3.723572,38.67865705490112,5.244799125008285,0.4426,0.40555,0.380498,0.42750373692077726,0.15384615384615385,0.1795,0.00010000000474974513,0.0005818523932248354,,132785,,,0.24949151132375483,0.21052631578947367,0.5088038277511963,0.9534883720930233,0.19636363636363635
qm9,gap,UCB,0,12,1300,0.008802458178251982,3.720804,46.21853709220886,5.622904000105336,0.4426,0.40555,0.380498,0.4551569506726457,0.15384615384615385,0.1795,0.00010000001930166036,0.000612543139141053,,132685,,,0.21123820861172807,0.1782178217821782,0.4583333333333333,0.8529411764705882,0.13616161616161615
qm9,gap,UCB,0,13,1400,0.00885324995033443,3.718124,55.28699016571045,6.466558541869745,0.4426,0.40576,0.38113699999999995,0.48878923766816146,0.15384615384615385,0.1795,0.00010000000474974513,0.0005892476183362305,,132585,,,0.26798806853270435,0.25862068965517243,0.4788732394366197,0.9259259259259259,0.1896969696969697
qm9,gap,UCB,0,14,1500,0.008760957978665829,3.715324,65.44280290603638,7.105838459217921,0.4426,0.40804,0.382224,0.5104633781763827,0.15384615384615385,0.1795,0.00010000000474974513,0.0005804299144074321,,132485,,,0.2929520689619121,0.28,0.47368421052631576,0.9680851063829787,0.23050505050505052
qm9,gap,UCB,0,15,1600,0.00890462496317923,3.712388,76.63772225379944,7.72309795813635,0.6221,0.45674000000000003,0.3944000000000002,0.5523168908819133,0.9230769230769231,0.0,0.00010000003385357559,0.0005738698528148234,,132385,,,0.4385606562346097,0.44642857142857145,0.5714285714285714,0.9824561403508771,0.6880808080808081
qm9,gap,UCB,0,16,1700,0.008924625115469098,3.709572,89.265052318573,8.14173929207027,0.6221,0.45674000000000003,0.3944280000000001,0.5739910313901345,0.9230769230769231,0.0,0.00010000001202570274,0.000795671483501792,,132285,,,0.4284377769084889,0.43478260869565216,0.55,0.8571428571428571,0.6719191919191919
qm9,gap,UCB,0,17,1800,0.008680083090439439,3.706892,103.405277967453,9.117680833907798,0.6221,0.45674000000000003,0.3944280000000001,0.5971599402092675,0.9230769230769231,0.0,0.00010000003385357559,0.0009372314088977873,,132185,,,0.21283189068497566,0.18867924528301888,0.39509043927648585,0.945054945054945,0.09292929292929293
qm9,gap,UCB,0,18,1900,0.00880812481045723,3.704172,119.03892517089844,10.049282958032563,0.6221,0.45674000000000003,0.39455500000000016,0.6195814648729447,0.9230769230769231,0.0,0.00010000000474974513,0.0009029633947648108,,132085,,,0.20938191011073976,0.19727575982209045,0.37596054356073677,0.9213483146067416,0.07272727272727272
qm9,gap,UCB,0,19,2000,0.008841291069984436,3.701252,136.0351390838623,10.909563958179206,0.6221,0.45674000000000003,0.39455500000000016,0.6352765321375187,0.9230769230769231,0.0,0.00010000018664868549,0.0008785378304310143,,131985,,,0.23142315149889456,0.2222222222222222,0.40679936933385896,0.9425287356321839,0.10484848484848484
qm9,gap,UCB,0,20,2100,0.008660583989694715,3.698332,154.15874409675598,11.460171916056424,0.6221,0.45674000000000003,0.39455500000000016,0.6539611360239163,0.9230769230769231,0.0,0.00010000001202570274,0.0008735610754229128,,131885,,,0.22759123639227632,0.2222222222222222,0.3787878787878788,0.8846153846153846,0.0705050505050505
qm9,gap,UCB,1,1,200,0.00926558393985033,3.751796,0.9760313034057617,0.9256075830198824,0.3897,0.3658199999999999,0.330054,0.013452914798206279,0.0,0.2324,0.00010002492490457371,0.001353216590359807,,133785,,,0.578703581243217,0.5714285714285714,0.6962025316455697,0.9603960396039604,0.98989898989899
qm9,gap,UCB,1,2,300,0.009171833051368594,3.748868,2.255035161972046,1.1528185841161758,0.3958,0.37611,0.34729800000000005,0.0343796711509716,0.0,0.2263,0.00010000047768699005,0.0010389657691121101,,133685,,,0.5189517882692365,0.5123475609756097,0.6493506493506493,0.9850746268656716,0.8896969696969697
qm9,gap,UCB,1,3,400,0.009515542071312666,3.74618,3.94635009765625,1.5167217920534313,0.3958,0.38261,0.355733,0.05530642750373692,0.0,0.2263,0.00010000007750932127,0.0010585170239210129,,133585,,,0.4330603412777938,0.4264705882352941,0.5484503478810882,0.9166666666666666,0.6113131313131314
qm9,gap,UCB,1,4,500,0.009211665950715542,3.743244,5.990979194641113,1.7923999999184161,0.3958,0.38393,0.36072400000000004,0.07623318385650224,0.0,0.2263,0.0001000001429929398,0.0009938845178112388,,133485,,,0.4169571112254301,0.4074074074074074,0.5362318840579711,0.9038461538461539,0.526060606060606
qm9,gap,UCB,1,5,600,0.009112958097830415,3.74058,8.61930227279663,2.241628458024934,0.3958,0.38658000000000003,0.36619300000000005,0.10687593423019431,0.0,0.2263,0.00010000007023336366,0.0009873060043901205,,133385,,,0.40406370903928657,0.4,0.5076923076923077,0.8493150684931506,0.48707070707070704
qm9,gap,UCB,1,6,700,0.009112499887123704,3.737668,11.751112222671509,2.604774040868506,0.3958,0.38658000000000003,0.36932699999999996,0.13602391629297458,0.0,0.2263,0.0001000000411295332,0.0009174082078970969,,133285,,,0.39364147254294085,0.3829787234042553,0.5172413793103449,0.8979591836734694,0.4197979797979798
qm9,gap,UCB,1,7,800,0.009141500107944012,3.73498,15.54151701927185,3.122061040950939,0.4056,0.38951,0.3707040000000001,0.1696562032884903,0.0,0.21649999999999997,0.00010000002657761797,0.0008430538000538945,,133185,,,0.4026969764949903,0.39655172413793105,0.5238095238095238,0.9253731343283582,0.4767676767676768
qm9,gap,UCB,1,8,900,0.008948582923039794,3.732052,19.962019205093384,3.487418457865715,0.4056,0.3907,0.3722160000000001,0.20254110612855009,0.0,0.21649999999999997,0.0001000001429929398,0.0007796970894560218,,133085,,,0.35977610696275336,0.35714285714285715,0.48333333333333334,0.8913043478260869,0.3193939393939394
qm9,gap,UCB,1,9,1000,0.008874084101989865,3.729372,25.392076015472412,4.361447083065286,0.4056,0.3907,0.373394,0.24588938714499253,0.0,0.21649999999999997,0.00010000000474974513,0.0007400116301141679,,132985,,,0.33003095422571377,0.32075471698113206,0.47058823529411764,0.8478260869565217,0.23616161616161616
qm9,gap,UCB,1,10,1100,0.008680250030010939,3.72646,31.547526121139526,4.558786917012185,0.4056,0.39105,0.375026,0.29970104633781763,0.0,0.21649999999999997,0.00010000009933719411,0.0007497878395952284,,132885,,,0.3461722465679014,0.3385856079404467,0.4770568561872915,0.9166666666666666,0.2608080808080808
qm9,gap,UCB,1,11,1200,0.008794250199571252,3.723572,38.67233920097351,5.447521999944001,0.4056,0.39180000000000004,0.375864,0.3475336322869955,0.0,0.21649999999999997,0.00010000002657761797,0.0007093303720466793,,132785,,,0.32461469738110926,0.3114754098360656,0.4681515957446811,0.9152542372881356,0.2311111111111111
qm9,gap,UCB,1,12,1300,0.0088189160451293,3.720812,45.92728233337402,5.636895708041266,0.4056,0.39258000000000004,0.37625700000000006,0.38714499252615847,0.0,0.21649999999999997,0.00010000030306400731,0.0006796388188377023,,132685,,,0.2923945739359702,0.2727272727272727,0.44642857142857145,0.9259259259259259,0.16545454545454547
qm9,gap,UCB,1,13,1400,0.009005832951515913,3.718132,54.94903922080994,6.425932707963511,0.4056,0.39359,0.376825,0.42152466367713004,0.0,0.21649999999999997,0.00010000000474974513,0.0006524413474835455,,132585,,,0.3182428713760144,0.29745817245817247,0.5178571428571429,0.9680851063829787,0.2824242424242424
qm9,gap,UCB,1,14,1500,0.008801541989669204,3.715316,64.92058634757996,6.904906499898061,0.4056,0.39515,0.3774100000000001,0.461136023916293,0.0,0.21649999999999997,0.00010000000474974513,0.0006301485700532794,,132485,,,0.29032536258638764,0.2830188679245283,0.4578313253012048,0.9824561403508771,0.18666666666666668
qm9,gap,UCB,1,15,1600,0.008932624943554401,3.712404,76.1606273651123,7.6662594170775265,0.415,0.4039499999999999,0.3823499999999999,0.5082212257100149,0.07692307692307693,0.2071,0.00010000007023336366,0.0006283590919338167,,132385,,,0.2084537980862376,0.17391304347826086,0.4722222222222222,0.8717948717948718,0.15515151515151515
qm9,gap,UCB,1,16,1700,0.00878008408471942,3.709572,89.00924801826477,8.4061380000785,0.6221,0.44948,0.3930910000000001,0.5493273542600897,0.7692307692307693,0.0,0.00010000001202570274,0.0006575270090252161,,132285,,,0.2810673656046428,0.30303030303030304,0.5307155773701889,0.96,0.3482828282828283
qm9,gap,UCB,1,17,1800,0.008755666902288795,3.706892,102.80697917938232,9.149317083880305,0.6221,0.4541799999999999,0.3941000000000002,0.5762331838565022,0.8461538461538461,0.0,0.00010000043403124437,0.0008634054684080184,,132185,,,0.4802486720333584,0.46938775510204084,0.5813953488372093,0.8571428571428571,0.8787878787878788
qm9,gap,UCB,1,18,1900,0.00881750020198524,3.704156,117.90779638290405,9.804769749986008,0.6221,0.4541799999999999,0.39450100000000016,0.6136023916292974,0.8461538461538461,0.0,0.00010000001930166036,0.0009688736172392964,,132085,,,0.23364247611549857,0.2077922077922078,0.4810595405532116,0.9534883720930233,0.18282828282828284
qm9,gap,UCB,1,19,2000,0.00874304212629795,3.701252,134.71075415611267,10.60726391687058,0.6221,0.45674000000000003,0.39527400000000007,0.6449925261584455,0.9230769230769231,0.0,0.00010000002657761797,0.0009338274830952287,,131985,,,0.2569010877265958,0.23684210526315788,0.47761194029850745,0.8260869565217391,0.19414141414141414
qm9,gap,UCB,1,20,2100,0.008778583025559783,3.698332,154.07710123062134,11.535945540992543,0.6221,0.45674000000000003,0.39527400000000007,0.6771300448430493,0.9230769230769231,0.0,0.00010000001930166036,0.0009109083912335336,,131885,,,0.18717656159174462,0.16666666666666666,0.37315422885572147,0.7692307692307693,0.07575757575757576
qm9,gap,UCB,2,1,200,0.00952862505801022,3.751796,0.9356169700622559,0.8791650829371065,0.3632,0.35014,0.3251239999999999,0.007473841554559043,0.0,0.25889999999999996,0.00010000111069530249,0.0014843001263216138,,133785,,,0.4263182079716173,0.421875,0.5569801084990958,0.8679245283018868,0.5959595959595959
qm9,gap,UCB,2,2,300,0.010305958101525903,3.748868,2.2135190963745117,1.1464391669724137,0.3666,0.36302,0.343482,0.03139013452914798,0.0,0.2555,0.00010000001202570274,0.0009269794099964201,,133685,,,0.3611019906377236,0.35,0.5147058823529411,0.9,0.32525252525252524
qm9,gap,UCB,2,3,400,0.009306665975600481,3.746188,3.8875069618225098,1.497811916982755,0.3808,0.37554,0.35634499999999997,0.06726457399103139,0.0,0.24129999999999996,0.00010000002657761797,0.0007946190307848155,,133585,,,0.32783589313570666,0.323943661971831,0.5185185185185185,0.9139784946236559,0.27555555555555555
qm9,gap,UCB,2,4,500,0.009063249919563532,3.743244,5.940608024597168,1.7926877089776099,0.3921,0.38310000000000005,0.36663700000000005,0.11061285500747384,0.0,0.22999999999999998,0.00010000001202570274,0.0007528856513090432,,133485,,,0.32487768824223756,0.31343283582089554,0.48148148148148145,0.9,0.23353535353535354
qm9,gap,UCB,2,5,600,0.009497709106653929,3.740588,8.616774082183838,2.2559921250212938,0.3939,0.38563000000000003,0.36998600000000004,0.14648729446935724,0.0,0.22820000000000001,0.00010000001202570274,0.0007349762599915266,,133385,,,0.32973089016989493,0.31746031746031744,0.4875,0.9583333333333334,0.2383838383838384
qm9,gap,UCB,2,6,700,0.009332957910373807,3.737668,11.776267051696777,2.625218915985897,0.4056,0.38822999999999996,0.372539,0.1920777279521674,0.0,0.21649999999999997,0.00010000001930166036,0.0007093824679031968,,133285,,,0.3242058508755441,0.3076923076923077,0.4898359343737496,0.9607843137254902,0.25313131313131315
qm9,gap,UCB,2,7,800,0.009159083012491465,3.734972,15.6737380027771,3.11242579203099,0.4056,0.38879,0.373813,0.23318385650224216,0.0,0.21649999999999997,0.00010000000474974513,0.0006868029595352709,,133185,,,0.31393943491468834,0.3055555555555556,0.45161290322580644,0.9529411764705882,0.18727272727272729
qm9,gap,UCB,2,8,900,0.009251957992091775,3.732052,20.22796106338501,3.4490677500143647,0.4056,0.38949,0.374392,0.28101644245142005,0.0,0.21649999999999997,0.00010000001930166036,0.0006663421518169343,,133085,,,0.37179845188509136,0.37416666666666665,0.5192307692307693,0.96,0.4090909090909091
qm9,gap,UCB,2,9,1000,0.008767792023718357,3.729364,25.3334801197052,4.032359041040763,0.4056,0.39145,0.37558199999999997,0.32585949177877427,0.0,0.21649999999999997,0.000100000346719753,0.0006326225702650845,,132985,,,0.30230055223076296,0.2916666666666667,0.47368421052631576,0.9603960396039604,0.22666666666666666
qm9,gap,UCB,2,10,1100,0.008689624955877662,3.726484,31.422062158584595,4.460768207907677,0.4056,0.39145,0.375919,0.3617339312406577,0.0,0.21649999999999997,0.00010000001930166036,0.0006225123652257025,,132885,,,0.3510541977803416,0.3484848484848485,0.49122807017543857,0.8870967741935484,0.30303030303030304
qm9,gap,UCB,2,11,1200,0.008720374898985028,3.723564,38.56738519668579,5.168652791995555,0.4056,0.39145,0.3760740000000001,0.3938714499252616,0.0,0.21649999999999997,0.00010000005568144843,0.0005977594410069287,,132785,,,0.2994919106184348,0.2857142857142857,0.4789025821596245,0.9642857142857143,0.20404040404040405
qm9,gap,UCB,2,12,1300,0.008732416899874806,3.720796,46.303592920303345,5.780428875004873,0.4056,0.39145,0.3760740000000001,0.42077727952167415,0.0,0.21649999999999997,0.00010000007023336366,0.0005945509765297174,,132685,,,0.3009967161580971,0.2878787878787879,0.45979310344827595,0.9206349206349206,0.19838383838383838
qm9,gap,UCB,2,13,1400,0.008897499879822135,3.718116,55.61224389076233,6.631472375011072,0.4056,0.39241000000000004,0.3763230000000001,0.4431988041853513,0.0,0.21649999999999997,0.00010000001202570274,0.0005690155667252839,,132585,,,0.2850369430750778,0.2698412698412698,0.4478126608337624,0.9444444444444444,0.16787878787878788
qm9,gap,UCB,2,14,1500,0.008753333007916808,3.715324,65.38691401481628,6.923656249884516,0.4056,0.39515,0.37726300000000007,0.4648729446935725,0.0,0.21649999999999997,0.00010000001930166036,0.0005506438319571316,,132485,,,0.2929168806147466,0.27692307692307694,0.46153846153846156,0.9680851063829787,0.19090909090909092
qm9,gap,UCB,2,15,1600,0.00877683307044208,3.712404,76.27552509307861,7.669800333213061,0.415,0.40133,0.38001199999999996,0.4910313901345291,0.07692307692307693,0.2071,0.00010000000474974513,0.0005436728824861348,,132385,,,0.2714536241771023,0.24285714285714285,0.4714285714285714,0.9863013698630136,0.18707070707070708
qm9,gap,UCB,2,16,1700,0.009002750040963292,3.709572,88.79794716835022,8.135627582902089,0.6221,0.44833999999999996,0.38954300000000003,0.5201793721973094,0.6153846153846154,0.0,0.00010000001930166036,0.0005653303815051913,,132285,,,0.42560576659608756,0.4444444444444444,0.5555555555555556,0.8780487804878049,0.6818181818181818
qm9,gap,UCB,2,17,1800,0.008797207847237587,3.706892,102.39611220359802,9.19730104203336,0.6221,0.45389,0.39088200000000006,0.5433482810164425,0.7692307692307693,0.0,0.00010000007750932127,0.0007602270343340933,,132185,,,0.4941227482736205,0.4883720930232558,0.5909090909090909,0.8571428571428571,0.9135353535353535
qm9,gap,UCB,2,18,1900,0.00869466713629663,3.70414,117.7189302444458,9.966774833155796,0.6221,0.45389,0.39323600000000014,0.593423019431988,0.7692307692307693,0.0,0.00010000001930166036,0.0008928979514166713,,132085,,,0.23653635487507962,0.18571428571428572,0.5173029556650249,0.8947368421052632,0.21333333333333335
qm9,gap,UCB,2,19,2000,0.008830292150378227,3.701236,134.21315717697144,10.627711499808356,0.6221,0.4541799999999999,0.3946290000000001,0.6158445440956651,0.8461538461538461,0.0,0.00010000005568144843,0.0008810164872556925,,131985,,,0.39745480795751725,0.40298507462686567,0.5540540540540541,0.9534883720930233,0.5052525252525253
qm9,gap,UCB,2,20,2100,0.008727291831746697,3.698332,151.95079398155212,11.262817749986425,0.6221,0.45674000000000003,0.3953950000000001,0.6554559043348281,0.9230769230769231,0.0,0.00010000003385357559,0.0008644924964755774,,131885,,,0.31509665614479165,0.30158730158730157,0.5057604051273941,0.8260869565217391,0.25333333333333335
qm9,gap,Greedy,0,1,200,0.009346666047349572,2.681404,0.917320966720581,0.8690795837901533,0.3729,0.36465000000000003,0.33808,0.02391629297458894,0.0,0.24919999999999998,0.0001000428746920079,0.0015197497559711337,,133785,,,0.4584052844537166,0.4576271186440678,0.559322033898305,0.9107142857142857,0.7812121212121212
qm9,gap,Greedy,0,2,300,0.009310250170528889,2.679276,2.1883747577667236,1.1463698751758784,0.3778,0.37301,0.35187399999999996,0.05754857997010463,0.0,0.24429999999999996,0.00010000007023336366,0.000974048103671521,,133685,,,0.40316874973755984,0.4,0.5094339622641509,0.8490566037735849,0.4987878787878788
qm9,gap,Greedy,0,3,400,0.00931129208765924,2.677404,3.8264808654785156,1.4675630831625313,0.3805,0.37515,0.36146899999999993,0.10239162929745889,0.0,0.24159999999999998,0.00010000012844102457,0.0007590451859869063,,133585,,,0.33600553702743075,0.32142857142857145,0.4666666666666667,0.7941176470588235,0.2206060606060606
qm9,gap,Greedy,0,4,500,0.009054582798853517,2.675276,5.850620985031128,1.791868207976222,0.3842,0.37855,0.3664929999999999,0.14648729446935724,0.0,0.2379,0.00010000001202570274,0.0006696805940009654,,133485,,,0.3422733348826119,0.3333333333333333,0.47171931312274756,0.9,0.2593939393939394
qm9,gap,Greedy,0,5,600,0.009048291016370058,2.673388,8.488101959228516,2.258101916173473,0.3917,0.38292000000000004,0.36980900000000005,0.19656203288490284,0.0,0.2304,0.00010000000474974513,0.0006168463733047247,,133385,,,0.32456598850802615,0.3061669829222011,0.4883720930232558,0.9166666666666666,0.25171717171717173
qm9,gap,Greedy,0,6,700,0.009654624853283167,2.671292,11.754163980484009,2.6903141250368208,0.4056,0.38653000000000004,0.371579,0.242152466367713,0.0,0.21649999999999997,0.00010000017209677026,0.0005908452440053225,,133285,,,0.29055637943504653,0.2631578947368421,0.4642857142857143,0.896551724137931,0.18808080808080807
qm9,gap,Greedy,0,7,800,0.00905849994160235,2.669396,15.664548873901367,3.1348639999050647,0.4056,0.38787000000000005,0.372635,0.2862481315396114,0.0,0.21649999999999997,0.00010000001202570274,0.0005704713403247297,,133185,,,0.2966941375075168,0.2802439024390244,0.45719128329297837,0.9529411764705882,0.18161616161616162
qm9,gap,Greedy,0,8,900,0.008801875170320272,2.66726,20.36764693260193,3.4782929171342403,0.4056,0.38817,0.37350900000000004,0.3273542600896861,0.0,0.21649999999999997,0.00010000000474974513,0.0005515730590559542,,133085,,,0.326806111089408,0.3181818181818182,0.4897959183673469,0.9259259259259259,0.2896969696969697
qm9,gap,Greedy,0,9,1000,0.008757458999752998,2.66538,25.352043867111206,4.02853999985382,0.4056,0.38865,0.37378400000000006,0.35575485799701045,0.0,0.21649999999999997,0.00010000351176131517,0.0005292774294503033,,132985,,,0.3303469824205355,0.3217312348668281,0.5081967213114754,0.8928571428571429,0.3018181818181818
qm9,gap,Greedy,0,10,1100,0.008865291951224208,2.663316,31.858264923095703,4.540775124914944,0.4107,0.39592,0.37685199999999996,0.39461883408071746,0.0,0.21139999999999998,9.999999747378752e-05,0.0005114235100336373,,132885,,,0.25341360544435426,0.24893162393162394,0.5185185185185185,0.935064935064935,0.2735353535353535
qm9,gap,Greedy,0,11,1200,0.008921958971768618,2.661172,39.06025505065918,5.233877290971577,0.4179,0.40031,0.3792769999999999,0.42675635276532137,0.07692307692307693,0.2042,0.00010000001202570274,0.000513341452460736,,132785,,,0.42523173448330426,0.4213696892834496,0.5686274509803921,0.8947368421052632,0.5713131313131313
qm9,gap,Greedy,0,12,1300,0.008769667008891702,2.65922,46.83322286605835,5.5990308749023825,0.4426,0.40555,0.380514,0.45440956651718983,0.15384615384615385,0.1795,0.00010000000474974513,0.0005268396926112473,,132685,,,0.29385648080810794,0.2891812865497076,0.5319148936170213,0.9534883720930233,0.2832323232323232
qm9,gap,Greedy,0,13,1400,0.009133666986599565,2.657348,55.92974805831909,6.438611417077482,0.4426,0.40576,0.38073699999999994,0.48355754857997013,0.15384615384615385,0.1795,0.00010000004840549082,0.000531973724719137,,132585,,,0.2124358655519755,0.19696969696969696,0.45,0.9444444444444444,0.14686868686868687
qm9,gap,Greedy,0,14,1500,0.0087592089548707,2.655348,65.64391589164734,6.85178704187274,0.4426,0.40576,0.381377,0.507473841554559,0.15384615384615385,0.1795,0.00010000001930166036,0.0005655242130160332,,132485,,,0.21877821827460317,0.2,0.4310682893847195,0.9680851063829787,0.1292929292929293
qm9,gap,Greedy,0,15,1600,0.00866066594608128,2.653228,76.91036176681519,7.882220833096653,0.4426,0.40679,0.38194599999999995,0.5306427503736921,0.15384615384615385,0.1795,0.00010000000474974513,0.0006076253484934568,,132385,,,0.21107918162749684,0.1951219512195122,0.4,0.9863013698630136,0.09757575757575758
qm9,gap,Greedy,0,16,1700,0.008943040855228901,2.65118,89.17894101142883,8.391671916935593,0.4426,0.42130999999999996,0.38941,0.5612855007473841,0.6153846153846154,0.1795,0.0001000000411295332,0.0006255727494135499,,132285,,,0.20811500760916146,0.16901408450704225,0.4406779661016949,0.9122807017543859,0.13131313131313133
qm9,gap,Greedy,0,17,1800,0.008660374907776713,2.649316,102.92122983932495,9.100467375013977,0.6221,0.45674000000000003,0.39455500000000016,0.6001494768310912,0.9230769230769231,0.0,0.00010000001202570274,0.0006337919621728361,,132185,,,0.4749071718748386,0.46938775510204084,0.5813953488372093,0.8571428571428571,0.8292929292929293
qm9,gap,Greedy,0,18,1900,0.00882229208946228,2.647396,117.81370711326599,9.872290957951918,0.6221,0.45674000000000003,0.39455500000000016,0.6128550074738416,0.9230769230769231,0.0,0.0001000002448563464,0.0008398632635362446,,132085,,,0.3483281299273264,0.40384615384615385,0.5192307692307693,0.8780487804878049,0.5082828282828283
qm9,gap,Greedy,0,19,2000,0.008937708102166653,2.645268,135.10162377357483,11.077470750082284,0.6221,0.45674000000000003,0.39455500000000016,0.6337817638266069,0.9230769230769231,0.0,0.00010000001202570274,0.000894130498636514,,131985,,,0.22031352332711054,0.21106014271151885,0.375,0.896551724137931,0.0692929292929293
qm9,gap,Greedy,0,20,2100,0.008673916105180979,2.643156,154.14280200004578,11.56742229196243,0.6221,0.45674000000000003,0.39455500000000016,0.6576980568011959,0.9230769230769231,0.0,0.00010000001202570274,0.0008652547257952392,,131885,,,0.23211650396344183,0.22988505747126436,0.405842391304348,0.9661016949152542,0.10525252525252525
qm9,gap,Greedy,1,1,200,0.009328291984274983,2.681404,0.9153430461883545,0.8643014580011368,0.3897,0.36622,0.33004100000000003,0.013452914798206279,0.0,0.2324,0.00010002492490457371,0.001353216590359807,,133785,,,0.581856971263367,0.575,0.6989247311827957,0.9603960396039604,0.9907070707070708
qm9,gap,Greedy,1,2,300,0.009301708079874516,2.679292,2.182770013809204,1.1392505839467049,0.3958,0.37771999999999994,0.34836999999999996,0.03587443946188341,0.0,0.2263,0.00010000012844102457,0.0010474405717104673,,133685,,,0.5446537734065116,0.5408163265306123,0.6666666666666666,0.9850746268656716,0.9252525252525252
qm9,gap,Greedy,1,3,400,0.00897308299317956,2.677388,3.853832960128784,1.4707641669083387,0.3958,0.38461,0.35758100000000004,0.059790732436472344,0.0,0.2263,0.00010000007023336366,0.0010912885190919042,,133585,,,0.4625788806682054,0.45454545454545453,0.6065573770491803,0.9661016949152542,0.7004040404040404
qm9,gap,Greedy,1,4,500,0.009432584047317505,2.675284,5.891052961349487,1.7825268330052495,0.3958,0.38624,0.36259299999999994,0.07997010463378176,0.0,0.2263,0.00011527898459462449,0.0010587461292743683,,133485,,,0.43209497866121427,0.4225352112676056,0.5645862552594674,0.8923076923076924,0.5812121212121212
qm9,gap,Greedy,1,5,600,0.009044083068147302,2.673404,8.522062063217163,2.2319881671573967,0.3958,0.38706999999999997,0.36731699999999995,0.11210762331838565,0.0,0.2263,0.00010000016482081264,0.0010186368599534035,,133385,,,0.407173063489781,0.4074074074074074,0.5507542147293701,0.9054054054054054,0.5228282828282829
qm9,gap,Greedy,1,6,700,0.009062874829396605,2.671276,11.59908413887024,2.5886585421394557,0.4056,0.38955,0.36985400000000007,0.1412556053811659,0.0,0.21649999999999997,0.0001000000411295332,0.0009760110988281667,,133285,,,0.37793402319945896,0.38333333333333336,0.5084745762711864,0.8636363636363636,0.42383838383838385
qm9,gap,Greedy,1,7,800,0.009014624869450927,2.669404,15.027261018753052,3.076159334043041,0.4056,0.39053000000000004,0.3720220000000001,0.17339312406576982,0.0,0.21649999999999997,0.00010022315836977214,0.0009164629154838622,,133185,,,0.42493138450322265,0.421875,0.5438854489164088,0.9166666666666666,0.5969696969696969
qm9,gap,Greedy,1,8,900,0.009462582878768444,2.667276,18.964086055755615,3.453981249826029,0.4056,0.39053000000000004,0.37271,0.19730941704035873,0.0,0.21649999999999997,0.0001002063654595986,0.0008683318155817688,,133085,,,0.38759456181865454,0.3793103448275862,0.5,0.8888888888888888,0.3997979797979798
qm9,gap,Greedy,1,9,1000,0.008654334116727114,2.665396,24.024720907211304,4.062724125105888,0.4056,0.39053000000000004,0.37330700000000006,0.23318385650224216,0.0,0.21649999999999997,0.00010000148904509842,0.0008112562936730683,,132985,,,0.3725568401258369,0.36507936507936506,0.49206349206349204,0.8913043478260869,0.3416161616161616
qm9,gap,Greedy,1,10,1100,0.00849195895716548,2.663316,30.073606967926025,4.450861916877329,0.4056,0.39172,0.37411200000000006,0.26756352765321373,0.0,0.21649999999999997,0.0001000000411295332,0.0007627900340594351,,132885,,,0.35166024879963104,0.3375,0.5087719298245614,0.8870967741935484,0.31676767676767675
qm9,gap,Greedy,1,11,1200,0.008603458059951663,2.661196,36.89110994338989,5.277311250101775,0.4056,0.39172,0.37519199999999997,0.3109118086696562,0.0,0.21649999999999997,0.00010000026668421924,0.0007405980722978711,,132785,,,0.3595619415778089,0.35443037974683544,0.5,0.8837209302325582,0.3464646464646465
qm9,gap,Greedy,1,12,1300,0.00872270786203444,2.659228,44.4591269493103,5.636408832855523,0.4056,0.39184,0.3765050000000001,0.3579970104633782,0.0,0.21649999999999997,0.00010000012116506696,0.0007107448182068765,,132685,,,0.32714393399843983,0.3157894736842105,0.4716981132075472,0.9166666666666666,0.22545454545454546
qm9,gap,Greedy,1,13,1400,0.008733333088457584,2.657348,53.441765785217285,6.512918082997203,0.4056,0.39184,0.376725,0.40358744394618834,0.0,0.21649999999999997,0.0001000000411295332,0.000684295897372067,,132585,,,0.33867994372481397,0.32727272727272727,0.4807692307692308,0.9607843137254902,0.26686868686868687
qm9,gap,Greedy,1,14,1500,0.008616207865998149,2.655356,63.07416296005249,6.867309915833175,0.4056,0.39184,0.37677400000000005,0.45366218236173395,0.0,0.21649999999999997,0.00010000001202570274,0.0006530916434712708,,132485,,,0.29665146115236146,0.2840909090909091,0.4666666666666667,0.9361702127659575,0.18585858585858586
qm9,gap,Greedy,1,15,1600,0.008664458058774471,2.653236,74.2358090877533,7.594613499939442,0.4056,0.39258000000000004,0.37704400000000005,0.4940209267563528,0.0,0.21649999999999997,0.00010000001930166036,0.000629545422270894,,132385,,,0.2923711890097323,0.27586206896551724,0.46551724137931033,0.9444444444444444,0.19131313131313132
qm9,gap,Greedy,1,16,1700,0.00899141700938344,2.651188,86.65568900108337,8.180203333962709,0.4056,0.39359,0.3776480000000001,0.523168908819133,0.0,0.21649999999999997,0.00010000001202570274,0.0006140914629213512,,132285,,,0.2848090060388633,0.270036496350365,0.45454545454545453,0.9680851063829787,0.18444444444444444
qm9,gap,Greedy,1,17,1800,0.008757916046306491,2.649308,100.31832599639893,9.340773500036448,0.4056,0.39359,0.37778999999999996,0.5403587443946188,0.0,0.21649999999999997,0.00010000023758038878,0.0006321375840343535,,132185,,,0.26072244175168496,0.25324894514767937,0.4108633322714241,0.9863013698630136,0.11454545454545455
qm9,gap,Greedy,1,18,1900,0.008736749878153205,2.647388,114.70159578323364,9.768476250115782,0.4056,0.39359,0.37805000000000005,0.5575485799701047,0.0,0.21649999999999997,0.00010000006295740604,0.0006270003505051136,,132085,,,0.2666633776255246,0.25806451612903225,0.4,0.9122807017543859,0.0993939393939394
qm9,gap,Greedy,1,19,2000,0.008957959013059735,2.645276,130.9004111289978,10.661888625007123,0.4056,0.39701000000000003,0.38071699999999997,0.5919282511210763,0.0,0.21649999999999997,0.00010000002657761797,0.0006095386343076825,,131985,,,0.2649082939131603,0.25,0.5294117647058824,0.8947368421052632,0.25535353535353533
qm9,gap,Greedy,1,20,2100,0.009168792050331831,2.6431,149.0320839881897,11.395000959048048,0.4179,0.40442,0.3837650000000001,0.6225710014947683,0.07692307692307693,0.2042,0.00010000001930166036,0.0006103503983467817,,131885,,,0.34833904713024844,0.3668776371308017,0.5573770491803278,0.9534883720930233,0.41474747474747475
qm9,gap,Greedy,2,1,200,0.009390792110934854,2.681396,0.9323058128356934,0.8726627919822931,0.3632,0.35120999999999997,0.32510399999999995,0.006726457399103139,0.0,0.25889999999999996,0.00010000111069530249,0.0014843001263216138,,133785,,,0.4471334407285588,0.4492753623188406,0.578125,0.8852459016393442,0.6852525252525252
qm9,gap,Greedy,2,2,300,0.009252625051885843,2.679292,2.276932716369629,1.2051413748413324,0.3808,0.3681,0.34063499999999997,0.025411061285500747,0.0,0.24129999999999996,0.00010000000474974513,0.0009334185742773116,,133685,,,0.5493845968400025,0.5714285714285714,0.7369078947368423,0.967391304347826,0.825050505050505
qm9,gap,Greedy,2,3,400,0.009060458047315478,2.677396,3.939579725265503,1.5003921249881387,0.3958,0.38374,0.35383599999999993,0.0515695067264574,0.0,0.2263,0.00010000375186791644,0.0009620529017411172,,133585,,,0.5088677855155758,0.5063291139240507,0.660394668513069,0.9850746268656716,0.8331313131313132
qm9,gap,Greedy,2,4,500,0.00943137495778501,2.675268,6.011025905609131,1.8200608750339597,0.3958,0.38493,0.359472,0.06726457399103139,0.0,0.2263,0.0001199912148877047,0.001015905407257378,,133485,,,0.4680544950293558,0.46774193548387094,0.5905194805194807,0.9342105263157895,0.756969696969697
qm9,gap,Greedy,2,5,600,0.009190957993268967,2.673412,8.719348907470703,2.299173249863088,0.3958,0.38493,0.36301900000000004,0.08594917787742899,0.0,0.2263,0.0001172869888250716,0.0009429675410501659,,133385,,,0.40900720798265167,0.4,0.5573770491803278,0.9603960396039604,0.49474747474747477
qm9,gap,Greedy,2,6,700,0.00901024998165667,2.671292,11.826311826705933,2.6171252499334514,0.3958,0.38675,0.3681650000000001,0.12331838565022421,0.0,0.2263,0.00011353027366567403,0.0009061235468834639,,133285,,,0.3954042889943494,0.39473684210526316,0.5357142857142857,0.8923076923076924,0.47535353535353536
qm9,gap,Greedy,2,7,800,0.009321666089817882,2.669404,15.282975912094116,3.1341446249280125,0.3958,0.38709,0.37054699999999996,0.1532137518684604,0.0,0.2263,0.00010024348739534616,0.000884302135091275,,133185,,,0.40896562662638136,0.42204861111111114,0.55,0.935064935064935,0.5765656565656566
qm9,gap,Greedy,2,8,900,0.008698958903551102,2.667276,19.62823486328125,3.524021207820624,0.4056,0.38955,0.372064,0.19282511210762332,0.0,0.21649999999999997,0.00010000003385357559,0.0008359712664969265,,133085,,,0.3356965097377574,0.32894736842105265,0.48148148148148145,0.8372093023255814,0.2694949494949495
qm9,gap,Greedy,2,9,1000,0.008797624846920371,2.66538,24.14479684829712,4.025760834105313,0.4056,0.39056,0.37410499999999997,0.23692077727952168,0.0,0.21649999999999997,0.00010018447937909514,0.0007828960660845041,,132985,,,0.33806986824096014,0.32926829268292684,0.4815476190476193,0.9,0.2682828282828283
qm9,gap,Greedy,2,10,1100,0.00871066702529788,2.6633,29.669708013534546,4.500419874908403,0.4056,0.39163000000000003,0.375924,0.28176382660687593,0.0,0.21649999999999997,0.00010014995496021584,0.0007512635202147067,,132885,,,0.3233187069493468,0.3108108108108108,0.4583333333333333,0.9166666666666666,0.20363636363636364
qm9,gap,Greedy,2,11,1200,0.009526249952614307,2.661188,36.44224286079407,5.243692707968876,0.4056,0.39163000000000003,0.3764970000000001,0.336322869955157,0.0,0.21649999999999997,0.0001000004485831596,0.0007348718936555088,,132785,,,0.32907604084280623,0.3188405797101449,0.4865220483641538,0.9607843137254902,0.26202020202020204
qm9,gap,Greedy,2,12,1300,0.00891908397898078,2.659236,43.91077184677124,5.624190249945968,0.4056,0.39163000000000003,0.376653,0.3789237668161435,0.0,0.21649999999999997,0.00010000030306400731,0.0007025011000223458,,132685,,,0.32442572256671615,0.3138394892840857,0.49206349206349204,0.9529411764705882,0.2604040404040404
qm9,gap,Greedy,2,13,1400,0.008665665984153748,2.657356,52.92014265060425,6.418127708137035,0.4056,0.39163000000000003,0.37670100000000006,0.414050822122571,0.0,0.21649999999999997,0.00010000000474974513,0.0006691045709885657,,132585,,,0.3049099419984085,0.2962962962962963,0.4526514399205562,0.9223300970873787,0.1785858585858586
qm9,gap,Greedy,2,14,1500,0.008646500064060092,2.655356,62.68782186508179,6.9378775409422815,0.4056,0.39163000000000003,0.37670100000000006,0.4521674140508221,0.0,0.21649999999999997,0.00010000001202570274,0.0006478382274508476,,132485,,,0.29932219948239935,0.2857142857142857,0.46153846153846156,0.8823529411764706,0.19272727272727272
qm9,gap,Greedy,2,15,1600,0.008925915928557515,2.65322,74.01025199890137,7.817083582980558,0.4056,0.39163000000000003,0.3767060000000001,0.49028400597907323,0.0,0.21649999999999997,0.0001000000411295332,0.0006311036413535476,,132385,,,0.2937010411560563,0.27631578947368424,0.4434135166093933,0.945054945054945,0.1688888888888889
qm9,gap,Greedy,2,16,1700,0.008745500119403005,2.651196,85.35825896263123,8.309067208087072,0.4056,0.39241000000000004,0.37694000000000005,0.5142002989536621,0.0,0.21649999999999997,0.00010000650945585221,0.0006065377965569496,,132285,,,0.3157500073175133,0.30434782608695654,0.5,0.9444444444444444,0.26121212121212123
qm9,gap,Greedy,2,17,1800,0.008636417100206017,2.649308,98.85766983032227,9.10395829193294,0.4056,0.39357000000000003,0.3774890000000001,0.5321375186846039,0.0,0.21649999999999997,0.00010000001202570274,0.0005870156455785036,,132185,,,0.27491435409900916,0.25806451612903225,0.43636363636363634,0.9680851063829787,0.15212121212121213
qm9,gap,Greedy,2,18,1900,0.008620541077107191,2.647372,114.0368058681488,9.74656058405526,0.4056,0.39515,0.378134,0.547085201793722,0.0,0.21649999999999997,0.00010000006295740604,0.0005740266060456634,,132085,,,0.25094360822140693,0.24242424242424243,0.3884034519956852,0.9863013698630136,0.08585858585858586
qm9,gap,Greedy,2,19,2000,0.008671500021591783,2.645268,130.99920988082886,10.931770916096866,0.415,0.40133,0.38040999999999997,0.5672645739910314,0.07692307692307693,0.2071,0.00010000000474974513,0.0005685565411113203,,131985,,,0.24206041205380396,0.22058823529411764,0.4,0.93,0.09838383838383838
qm9,gap,Greedy,2,20,2100,0.008599749999120831,2.643148,148.95500993728638,11.462424332974479,0.6221,0.44814999999999994,0.389339,0.6001494768310912,0.6153846153846154,0.0,0.00010000001930166036,0.0005974280647933483,,131885,,,0.42844812946101835,0.4423076923076923,0.5581395348837209,0.8780487804878049,0.6915151515151515
