dataset,objective,method,seed,iteration,n_acquired,acquisition_seconds,peak_memory_mb,cumulative_seconds,library_scoring_seconds,top1_ave,top10_ave,top100_ave,frac_top1pct,frac_top0.01pct,simple_regret,gp_noise,gp_outputscale,rank,n_scored,sobol_nodes,n_mc_samples,mean_tanimoto,median_tanimoto,p90_tanimoto,max_tanimoto,frac_pairs_gt_0.4
wong_antibiotics,Mean_50uM,qPO-MC-10k,0,1,100,9.315091874916106,2642.478442,10.18624210357666,0.624380666995421,-0.129514348,-0.5448422427999999,-0.973795447,0.005089058524173028,0.0,0.040539802,0.020559167489409447,0.016950316727161407,,10000,,10000.0,0.44554598972662257,0.43866171003717475,0.6405652911249297,1.0,0.6261224489795918
wong_antibiotics,Mean_50uM,qPO-MC-10k,0,2,150,9.472045250004157,2642.4773,19.971522092819214,0.25464691617526114,-0.129514348,-0.2358591304,-0.87306626295,0.010178117048346057,0.0,0.040539802,0.0366467721760273,0.0024059151764959097,,10000,,10000.0,0.21783117034346308,0.2015267175572519,0.3573649148778683,1.0,0.07755102040816327
wong_antibiotics,Mean_50uM,qPO-MC-10k,0,3,200,9.564054541988298,2642.4769,29.907493829727173,0.3101653750054538,-0.099048545,-0.10962947529999997,-0.57857167579,0.06870229007633588,0.0,0.010073999,0.013032832182943821,0.06119666248559952,,10000,,10000.0,0.5705656462340819,0.5627705627705628,0.8769633507853403,1.0,0.7681632653061224
wong_antibiotics,Mean_50uM,qPO-MC-10k,0,4,250,9.496433458058164,2642.4765,39.81018877029419,0.3405448340345174,-0.094838879,-0.10314325070000001,-0.44841097849,0.0916030534351145,0.0,0.005864332999999999,0.009142783470451832,0.08708404004573822,,10000,,10000.0,0.3399670342465127,0.3095703125,0.5897714907508161,1.0,0.28408163265306124
wong_antibiotics,Mean_50uM,qPO-MC-10k,0,5,300,9.456942041870207,2642.4761,49.740559816360474,0.40306037501432,-0.094838879,-0.1030529058,-0.38400229487,0.09923664122137404,0.0,0.005864332999999999,0.01392033789306879,0.12527599930763245,,10000,,10000.0,0.11360908956131575,0.057811424638678596,0.2755618456501722,1.0,0.0783673469387755
wong_antibiotics,Mean_50uM,qPO-MC-10k,0,6,350,9.605817625066265,2642.4757,59.881775856018066,0.4477958329953253,-0.091556712,-0.1008346171,-0.29235920881,0.11704834605597965,0.3333333333333333,0.002582165999999997,0.01644197292625904,0.11911454051733017,,10000,,10000.0,0.2254414741972295,0.19349593495934958,0.4255751037623297,1.0,0.12
wong_antibiotics,Mean_50uM,qPO-MC-10k,0,7,400,9.52260204195045,2642.4753,69.99143505096436,0.5000092501286417,-0.091556712,-0.0995245956,-0.20889785279,0.13486005089058525,0.3333333333333333,0.002582165999999997,0.014784811064600945,0.11958049982786179,,10000,,10000.0,0.17029863771942955,0.1218274111675127,0.39342235605557757,1.0,0.0963265306122449
wong_antibiotics,Mean_50uM,qPO-MC-10k,0,8,450,9.58177254209295,2642.4749,80.23441696166992,0.5421902500092983,-0.091556712,-0.0995245956,-0.19739447082000003,0.13740458015267176,0.3333333333333333,0.002582165999999997,0.0394904688000679,0.1451016515493393,,10000,,10000.0,0.07610597587192464,0.0625,0.17329133858267717,0.9738348323793949,0.0024489795918367346
wong_antibiotics,Mean_50uM,qPO-MC-10k,0,9,500,9.701370249968022,2642.4745,90.7035129070282,0.6198286248836666,-0.091556712,-0.0995245956,-0.18917656749000003,0.13994910941475827,0.3333333333333333,0.002582165999999997,0.04096230864524841,0.11897598952054977,,10000,,10000.0,0.09484591378874332,0.08254716981132075,0.19480519480519481,0.660377358490566,0.0024489795918367346
wong_antibiotics,Mean_50uM,qPO-MC-10k,0,10,550,9.691005791071802,2642.4741,101.21225714683533,0.664498666068539,-0.091556712,-0.0991205568,-0.17703625109000004,0.15012722646310434,0.3333333333333333,0.002582165999999997,0.04284404218196869,0.09965109080076218,,10000,,10000.0,0.1217129531574684,0.10465116279069768,0.23295307233601248,0.8543478260869565,0.012244897959183673
wong_antibiotics,Mean_50uM,qPO-MC-10k,1,1,100,9.177101165987551,2642.477868,9.420948028564453,0.22827033302746713,-0.18161,-0.43585182429999997,-0.9819528221699998,0.002544529262086514,0.0,0.09263545399999999,0.03757605329155922,0.017502395436167717,,10000,,10000.0,0.24720322171495307,0.24444444444444444,0.40170961485175954,0.9716981132075472,0.10285714285714286
wong_antibiotics,Mean_50uM,qPO-MC-10k,1,2,150,9.379868208896369,2642.4773,19.124713897705078,0.26719320798292756,-0.106875914,-0.1540087187,-0.70427980801,0.027989821882951654,0.0,0.017901368,0.03560853749513626,0.025591611862182617,,10000,,10000.0,0.30669096440185983,0.2958801498127341,0.48534204542946074,1.0,0.19755102040816327
wong_antibiotics,Mean_50uM,qPO-MC-10k,1,3,200,9.314399332972243,2642.4769,28.794263124465942,0.29742425004951656,-0.091556712,-0.1194182716,-0.45479974264999995,0.06361323155216285,0.3333333333333333,0.002582165999999997,0.03499133139848709,0.10798124223947525,,10000,,10000.0,0.31373431870458884,0.28903654485049834,0.5074652452025588,1.0,0.1853061224489796
wong_antibiotics,Mean_50uM,qPO-MC-10k,1,4,250,9.446767082903534,2642.4765,38.64008092880249,0.3400132090318948,-0.091556712,-0.1127458916,-0.32518298012999997,0.08396946564885496,0.3333333333333333,0.002582165999999997,0.02479558438062668,0.13024434447288513,,10000,,10000.0,0.21153586336219443,0.1798530047557285,0.3785336356764929,1.0,0.08408163265306122
wong_antibiotics,Mean_50uM,qPO-MC-10k,1,5,300,9.512393167009577,2642.4761,48.621487855911255,0.3971911671105772,-0.091556712,-0.1067879169,-0.19021415216999998,0.12213740458015267,0.3333333333333333,0.002582165999999997,0.033914756029844284,0.11357104033231735,,10000,,10000.0,0.3717025910687479,0.34523809523809523,0.5558094872287308,1.0,0.2979591836734694
wong_antibiotics,Mean_50uM,qPO-MC-10k,1,6,350,9.477663958910853,2642.4757,58.63143301010132,0.44334595813415945,-0.091556712,-0.1053426556,-0.16307544883,0.16793893129770993,0.3333333333333333,0.002582165999999997,0.044937971979379654,0.10045658051967621,,10000,,10000.0,0.37873399850357065,0.35514018691588783,0.5095402795791901,1.0,0.2922448979591837
wong_antibiotics,Mean_50uM,qPO-MC-10k,1,7,400,9.557030958123505,2642.4753,68.82743906974792,0.5023532919585705,-0.091556712,-0.1038584478,-0.15967599926,0.18575063613231552,0.3333333333333333,0.002582165999999997,0.048195380717515945,0.10559827834367752,,10000,,10000.0,0.3173185535221438,0.29362880886426596,0.4953094692294128,0.8895348837209303,0.17959183673469387
wong_antibiotics,Mean_50uM,qPO-MC-10k,1,8,450,9.57911879196763,2642.4749,79.05759406089783,0.5415509580634534,-0.091556712,-0.1012985203,-0.15623625393,0.1984732824427481,0.3333333333333333,0.002582165999999997,0.05225151777267456,0.10786543041467667,,10000,,10000.0,0.23745966847954428,0.22972972972972974,0.35297846513509873,1.0,0.04
wong_antibiotics,Mean_50uM,qPO-MC-10k,1,9,500,9.666291291825473,2642.4745,89.47564792633057,0.6128849170636386,-0.091556712,-0.100315862,-0.15172997746000003,0.22391857506361323,0.3333333333333333,0.002582165999999997,0.0497683547437191,0.11044676601886749,,10000,,10000.0,0.22894564158647185,0.19310344827586207,0.43048124814460537,1.0,0.1306122448979592
wong_antibiotics,Mean_50uM,qPO-MC-10k,1,10,550,9.638908291934058,2642.4741,99.92756295204163,0.6651710830628872,-0.091556712,-0.0987277133,-0.14427406499,0.26717557251908397,0.3333333333333333,0.002582165999999997,0.07872030138969421,0.17983661592006683,,10000,,10000.0,0.43456306593096894,0.502868068833652,0.8119627416180449,1.0,0.5755102040816327
wong_antibiotics,Mean_50uM,qPO-MC-10k,2,1,100,9.12178708286956,2642.477868,9.376214027404785,0.22490524989552796,-0.142378268,-0.6464115267999999,-0.9959240994699999,0.002544529262086514,0.0,0.053403722,0.03371872380375862,1.6801802171784175e-09,,10000,,10000.0,0.24252477243707782,0.19424460431654678,0.4953947930004268,0.9225352112676056,0.18775510204081633
wong_antibiotics,Mean_50uM,qPO-MC-10k,2,2,150,9.40510412491858,2642.4773,19.111515283584595,0.2715947499964386,-0.112286922,-0.21826603529999997,-0.85678463705,0.010178117048346057,0.0,0.023312375999999996,0.024906538426876068,0.016832854598760605,,10000,,10000.0,0.43878137279282553,0.4421052631578947,0.6310679611650486,1.0,0.6408163265306123
wong_antibiotics,Mean_50uM,qPO-MC-10k,2,3,200,9.359947124961764,2642.4769,28.83846926689148,0.29949054191820323,-0.112286922,-0.16296147260000002,-0.7978518132200001,0.015267175572519083,0.0,0.023312375999999996,0.014683665707707405,0.052497100085020065,,10000,,10000.0,0.10583568417132534,0.042735042735042736,0.2564102564102564,1.0,0.07346938775510205
wong_antibiotics,Mean_50uM,qPO-MC-10k,2,4,250,9.376538082957268,2642.4765,38.63239622116089,0.34344579093158245,-0.099245692,-0.1423565004,-0.72173146627,0.02544529262086514,0.0,0.010271145999999995,0.034086354076862335,0.02436879090964794,,10000,,10000.0,0.2763275289574906,0.21348314606741572,0.6399650026365542,1.0,0.26448979591836735
wong_antibiotics,Mean_50uM,qPO-MC-10k,2,5,300,9.482127167051658,2642.4761,48.6252121925354,0.4202166670002043,-0.099048545,-0.1067539631,-0.45946518228999994,0.08142493638676845,0.0,0.010073999,0.04360751807689667,0.02349379099905491,,10000,,10000.0,0.6161920142107618,0.6027486910994765,0.8550913838120104,1.0,0.9485714285714286
wong_antibiotics,Mean_50uM,qPO-MC-10k,2,6,350,9.542984332889318,2642.4757,58.68909740447998,0.4443798749707639,-0.099048545,-0.10611970639999999,-0.37448271755,0.09414758269720101,0.0,0.010073999,0.03412916138768196,0.05413670465350151,,10000,,10000.0,0.2971945853626478,0.268941294530858,0.5437135155794264,1.0,0.18285714285714286
wong_antibiotics,Mean_50uM,qPO-MC-10k,2,7,400,9.599114666925743,2642.4753,68.87811040878296,0.5028804580215365,-0.091556712,-0.10334515790000001,-0.29184431775,0.10941475826972011,0.3333333333333333,0.002582165999999997,0.03583978861570358,0.06469941139221191,,10000,,10000.0,0.15157304123803564,0.11279826464208242,0.32590324416619243,1.0,0.05551020408163265
wong_antibiotics,Mean_50uM,qPO-MC-10k,2,8,450,9.687845249893144,2642.4749,79.2191321849823,0.5423702921252698,-0.091556712,-0.10333676360000002,-0.20863301100999998,0.12468193384223919,0.3333333333333333,0.002582165999999997,0.03640834242105484,0.0697697252035141,,10000,,10000.0,0.3652502138967493,0.3651661758519142,0.5773275024916891,1.0,0.39918367346938777
wong_antibiotics,Mean_50uM,qPO-MC-10k,2,9,500,9.85773608298041,2642.4745,89.80971217155457,0.6112012499943376,-0.091556712,-0.10333676360000002,-0.19369927945,0.1297709923664122,0.3333333333333333,0.002582165999999997,0.03773036599159241,0.11770941317081451,,10000,,10000.0,0.1479769974466158,0.12173913043478261,0.2757963428088543,1.0,0.026122448979591838
wong_antibiotics,Mean_50uM,qPO-MC-10k,2,10,550,9.828305457951501,2642.4741,100.45076608657837,0.6659424589015543,-0.091556712,-0.10253416,-0.17240904586,0.15012722646310434,0.3333333333333333,0.002582165999999997,0.037552040070295334,0.1072230413556099,,10000,,10000.0,0.1939608629895553,0.16666666666666666,0.4171410499683746,1.0,0.11591836734693878
wong_antibiotics,Mean_50uM,qPO-MC-10k,3,1,100,9.298808082938194,2642.477868,9.55095911026001,0.22660583420656621,-0.179995,-0.6134201861999999,-0.98837311939,0.002544529262086514,0.0,0.09102045399999999,0.01885911077260971,2.1535704775033082e-07,,10000,,10000.0,0.19090425608329292,0.18072289156626506,0.3370297997068881,0.8660130718954249,0.04081632653061224
wong_antibiotics,Mean_50uM,qPO-MC-10k,3,2,150,9.359914000146091,2642.4773,19.2365140914917,0.2658260418102145,-0.104176943,-0.1434139026,-0.71534839072,0.030534351145038167,0.0,0.015202396999999992,0.016215922310948372,0.02632652223110199,,10000,,10000.0,0.3304077856187349,0.29152542372881357,0.5572587185725876,1.0,0.19346938775510203
wong_antibiotics,Mean_50uM,qPO-MC-10k,3,3,200,9.472639125073329,2642.4769,29.12922501564026,0.30963000003248453,-0.094751949,-0.11223382039999999,-0.43165633202,0.07633587786259542,0.0,0.005777403,0.02283020317554474,0.060864903032779694,,10000,,10000.0,0.3584324736644295,0.33613445378151263,0.4980600779637698,1.0,0.2816326530612245
wong_antibiotics,Mean_50uM,qPO-MC-10k,3,4,250,9.854800166096538,2642.4765,39.390454053878784,0.3414811659604311,-0.094751949,-0.11035597579999998,-0.27041173782,0.09669211195928754,0.0,0.005777403,0.022057337686419487,0.08988387882709503,,10000,,10000.0,0.33044885781960287,0.3146067415730337,0.4609053497942387,1.0,0.1820408163265306
wong_antibiotics,Mean_50uM,qPO-MC-10k,3,5,300,9.99014487490058,2642.4761,49.89239192008972,0.43136062496341765,-0.094751949,-0.1080830698,-0.18688203466999997,0.11195928753180662,0.0,0.005777403,0.03715284541249275,0.09007403999567032,,10000,,10000.0,0.3046816918195172,0.2947761194029851,0.4032550156832577,1.0,0.10448979591836735
wong_antibiotics,Mean_50uM,qPO-MC-10k,3,6,350,9.76848820806481,2642.4757,60.18241500854492,0.43457287503406405,-0.094751949,-0.10750204690000001,-0.16683844173,0.1475826972010178,0.0,0.005777403,0.034852445125579834,0.0969882383942604,,10000,,10000.0,0.46833857375508653,0.46021505376344085,0.6736774281063486,1.0,0.6073469387755102
wong_antibiotics,Mean_50uM,qPO-MC-10k,3,7,400,9.481362083926797,2642.4753,70.25257802009583,0.4915925420355052,-0.094751949,-0.1056933824,-0.16320048515999996,0.16793893129770993,0.0,0.005777403,0.04062913730740547,0.10018742084503174,,10000,,10000.0,0.3311390526544666,0.3181818181818182,0.4585611015490535,1.0,0.22857142857142856
wong_antibiotics,Mean_50uM,qPO-MC-10k,3,8,450,9.95325137511827,2642.4749,80.86313509941101,0.5451328330673277,-0.094751949,-0.10323695370000001,-0.15717033625,0.2010178117048346,0.0,0.005777403,0.04222559183835983,0.10421930998563766,,10000,,10000.0,0.23419673516547748,0.17293233082706766,0.4191685439279138,1.0,0.10693877551020409
wong_antibiotics,Mean_50uM,qPO-MC-10k,3,9,500,9.72104087495245,2642.4745,91.36082100868225,0.6150337909348309,-0.094751949,-0.1012671262,-0.14969866479000002,0.24427480916030533,0.0,0.005777403,0.041723333299160004,0.10342123359441757,,10000,,10000.0,0.41462634500403306,0.43492769744160176,0.6863185785881026,1.0,0.553469387755102
wong_antibiotics,Mean_50uM,qPO-MC-10k,3,10,550,9.768296125112101,2642.4741,101.96765899658203,0.6757228751666844,-0.094751949,-0.10006342269999999,-0.14723283508,0.2544529262086514,0.0,0.005777403,0.03906199708580971,0.11855041235685349,,10000,,10000.0,0.2884177148265645,0.26911124922311996,0.4847455944662421,1.0,0.19428571428571428
wong_antibiotics,Mean_50uM,qPO-MC-10k,4,1,100,9.359905499964952,2642.477868,9.613265037536621,0.22920558298937976,-0.110631747,-0.7181435484,-0.98595141423,0.002544529262086514,0.0,0.021657201,0.01177304144948721,0.008945401757955551,,10000,,10000.0,0.14307092802973628,0.1306122448979592,0.27379141770776755,0.5952380952380952,0.018775510204081632
wong_antibiotics,Mean_50uM,qPO-MC-10k,4,2,150,9.491582792019472,2642.4773,19.48251509666443,0.304528916021809,-0.110631747,-0.6148411596000001,-0.90751869748,0.002544529262086514,0.0,0.021657201,0.008659557439386845,0.018152056261897087,,10000,,10000.0,0.20417595775713723,0.16666666666666666,0.4138455628121406,1.0,0.10285714285714286
wong_antibiotics,Mean_50uM,qPO-MC-10k,4,3,200,9.563449291978031,2642.4769,29.43050193786621,0.3128905000630766,-0.105002238,-0.4022648264,-0.85476649415,0.010178117048346057,0.0,0.016027691999999996,0.00804771389812231,0.023550454527139664,,10000,,10000.0,0.1036385989576095,0.08791208791208792,0.21171717171717186,1.0,0.006530612244897959
wong_antibiotics,Mean_50uM,qPO-MC-10k,4,4,250,9.559112292015925,2642.4765,39.42594003677368,0.3554472499527037,-0.088974546,-0.15278464679999998,-0.7831278367200001,0.015267175572519083,0.3333333333333333,0.0,0.010895232670009136,0.025833522900938988,,10000,,10000.0,0.29491863042143257,0.2857142857142857,0.4301825456364091,1.0,0.15428571428571428
wong_antibiotics,Mean_50uM,qPO-MC-10k,4,5,300,9.590504333144054,2642.4761,49.50986194610596,0.41064091701991856,-0.088974546,-0.1318148724,-0.72499782675,0.022900763358778626,0.3333333333333333,0.0,0.010416253469884396,0.037576474249362946,,10000,,10000.0,0.18971027539442872,0.17692307692307693,0.30978646069968196,1.0,0.022040816326530613
wong_antibiotics,Mean_50uM,qPO-MC-10k,4,6,350,9.669112958014011,2642.4757,59.72850799560547,0.45080883288756013,-0.088974546,-0.1309668724,-0.6769582707200001,0.02544529262086514,0.3333333333333333,0.0,0.00960733462125063,0.044979482889175415,,10000,,10000.0,0.10403429445199215,0.06629834254143646,0.27761557177615576,0.7608695652173914,0.014693877551020407
wong_antibiotics,Mean_50uM,qPO-MC-10k,4,7,400,9.536919082980603,2642.4753,69.87077593803406,0.4997994590085,-0.088974546,-0.1309668724,-0.62643411983,0.02544529262086514,0.3333333333333333,0.0,0.009824126027524471,0.04743443801999092,,10000,,10000.0,0.11664192684685346,0.07758620689655173,0.28516227180527437,1.0,0.044897959183673466
wong_antibiotics,Mean_50uM,qPO-MC-10k,4,8,450,9.682690207846463,2642.4749,80.21661186218262,0.5435199171770364,-0.088974546,-0.12368792399999999,-0.5696042446899999,0.035623409669211195,0.3333333333333333,0.0,0.013580960221588612,0.04662156477570534,,10000,,10000.0,0.11533060463610739,0.10204081632653061,0.22664540268662217,0.8466257668711656,0.00816326530612245
wong_antibiotics,Mean_50uM,qPO-MC-10k,4,9,500,9.726118166930974,2642.4745,90.70371294021606,0.6138807088136673,-0.088974546,-0.10284845120000001,-0.38475878844,0.06361323155216285,0.3333333333333333,0.0,0.015277151018381119,0.0487917959690094,,10000,,10000.0,0.3204647372357476,0.29707112970711297,0.4910242036536307,1.0,0.19510204081632654
wong_antibiotics,Mean_50uM,qPO-MC-10k,4,10,550,9.7573344160337,2642.4741,101.27759289741516,0.6630895000416785,-0.088974546,-0.10138830840000002,-0.19432057501999997,0.10941475826972011,0.3333333333333333,0.0,0.03200073540210724,0.04599671810865402,,10000,,10000.0,0.44873551711708687,0.4263959390862944,0.6007751937984496,1.0,0.6081632653061224
wong_antibiotics,Mean_50uM,qPO-fast-r4-10k,0,1,100,2.465261207893491,1206.03933,2.714341878890991,0.22980779083445668,-0.190535,-0.5991290421000001,-0.9725236147799998,0.0,0.0,0.10156045400000001,0.020559167489409447,0.016950316727161407,4.0,10000,64.0,,0.5655099388889714,0.5528846153846154,0.7251863027476799,1.0,0.9142857142857143
wong_antibiotics,Mean_50uM,qPO-fast-r4-10k,0,2,150,2.472085041925311,1204.34759,5.501278877258301,0.25709274993278086,-0.190535,-0.5963243465,-0.9100486510999999,0.0,0.0,0.10156045400000001,0.02779340371489525,0.004867321811616421,4.0,10000,64.0,,0.35099990595156416,0.32,0.4900662251655629,1.0,0.20408163265306123
wong_antibiotics,Mean_50uM,qPO-fast-r4-10k,0,3,200,2.464529207907617,1204.346578,8.334953784942627,0.306268084095791,-0.127380188,-0.3680649926,-0.8566925225600001,0.007633587786259542,0.0,0.038405642000000004,0.020781416445970535,0.0024150062818080187,4.0,10000,64.0,,0.31349988989832117,0.3165137614678899,0.5095238095238095,1.0,0.24
wong_antibiotics,Mean_50uM,qPO-fast-r4-10k,0,4,250,2.551626625005156,1204.346535,11.296756982803345,0.342463165987283,-0.112286922,-0.1613391401,-0.7675539951000002,0.017811704834605598,0.0,0.023312375999999996,0.014765416271984577,0.02192182093858719,4.0,10000,64.0,,0.1949108600087942,0.154,0.3289970094317921,1.0,0.0636734693877551
wong_antibiotics,Mean_50uM,qPO-fast-r4-10k,0,5,300,2.6464004581794143,1204.346237,14.410685777664185,0.3954567080363631,-0.099245692,-0.1493619594,-0.6686432733300001,0.02544529262086514,0.0,0.010271145999999995,0.015242212451994419,0.04132916405797005,4.0,10000,64.0,,0.3852310085018227,0.3181818181818182,0.7895024852713443,1.0,0.4310204081632653
wong_antibiotics,Mean_50uM,qPO-fast-r4-10k,0,6,350,2.6647539159748703,1204.345582,17.590861797332764,0.4394694590009749,-0.099048545,-0.1074068974,-0.40716377023999994,0.08142493638676845,0.0,0.010073999,0.02293095737695694,0.06049176678061485,4.0,10000,64.0,,0.5122531495264687,0.6077032810271041,0.864247311827957,1.0,0.7012244897959183
wong_antibiotics,Mean_50uM,qPO-fast-r4-10k,0,7,400,2.72281570895575,1204.345335,20.905622720718384,0.4991395839024335,-0.099048545,-0.1074068974,-0.34188012539,0.08651399491094147,0.0,0.010073999,0.02346890978515148,0.06581925600767136,4.0,10000,64.0,,0.41427627809123585,0.3779956427015251,0.545090706767145,1.0,0.41306122448979593
wong_antibiotics,Mean_50uM,qPO-fast-r4-10k,0,8,450,2.7610420419368893,1204.345037,24.30689573287964,0.5399855000432581,-0.091556712,-0.10414335990000001,-0.26232770786,0.10432569974554708,0.3333333333333333,0.002582165999999997,0.02698042243719101,0.08521033078432083,4.0,10000,64.0,,0.1922341506743638,0.1506849315068493,0.3916626560103741,1.0,0.0963265306122449
wong_antibiotics,Mean_50uM,qPO-fast-r4-10k,0,9,500,2.8556640420574695,1204.344331,27.897303819656372,0.6104002499487251,-0.091556712,-0.1039077473,-0.18992613097,0.12468193384223919,0.3333333333333333,0.002582165999999997,0.02617894858121872,0.09194275736808777,4.0,10000,64.0,,0.33639556309905905,0.29727187206020694,0.5338209100232094,1.0,0.27591836734693875
wong_antibiotics,Mean_50uM,qPO-fast-r4-10k,0,10,550,2.921644249930978,1204.343523,31.661641836166382,0.6637374579440802,-0.091556712,-0.1012007605,-0.17838024866,0.13486005089058525,0.3333333333333333,0.002582165999999997,0.12536540627479553,0.5782012939453125,4.0,10000,64.0,,0.2258508453488607,0.1945080091533181,0.32,1.0,0.061224489795918366
wong_antibiotics,Mean_50uM,qPO-fast-r4-10k,1,1,100,2.4699820829555392,1204.347091,2.714514970779419,0.22688712482340634,-0.120453782,-0.28038036899999996,-0.9531877144,0.007633587786259542,0.0,0.031479235999999994,0.03757605329155922,0.017502395436167717,4.0,10000,64.0,,0.3361068894357555,0.32323232323232326,0.47719887955182133,1.0,0.22938775510204082
wong_antibiotics,Mean_50uM,qPO-fast-r4-10k,1,2,150,2.508189250016585,1204.346621,5.535980939865112,0.2562247500754893,-0.099447547,-0.13547246419999998,-0.77633647994,0.022900763358778626,0.0,0.010473000999999996,0.03983680531382561,0.0386444553732872,4.0,10000,64.0,,0.3200832167280163,0.28054298642533937,0.5081081081081081,1.0,0.25142857142857145
wong_antibiotics,Mean_50uM,qPO-fast-r4-10k,1,3,200,2.5712382909841835,1204.346891,8.476104974746704,0.305941249942407,-0.099447547,-0.1216414957,-0.69861639645,0.030534351145038167,0.0,0.010473000999999996,0.09948781877756119,0.10754062980413437,4.0,10000,64.0,,0.19710038497540572,0.18181818181818182,0.35467639388412564,1.0,0.05714285714285714
wong_antibiotics,Mean_50uM,qPO-fast-r4-10k,1,4,250,2.5974544999189675,1204.346127,11.495110750198364,0.3441584170795977,-0.099447547,-0.1191256809,-0.61757094953,0.035623409669211195,0.0,0.010473000999999996,0.09258072078227997,0.07944095879793167,4.0,10000,64.0,,0.3312452134643432,0.3037383177570093,0.5267936966145693,1.0,0.30857142857142855
wong_antibiotics,Mean_50uM,qPO-fast-r4-10k,1,5,300,2.6585496249608696,1204.345829,14.652179956436157,0.40367445815354586,-0.099447547,-0.1191256809,-0.5313826089799999,0.04580152671755725,0.0,0.010473000999999996,0.07724824547767639,0.09060923755168915,4.0,10000,64.0,,0.28380953812395127,0.25333333333333335,0.4496124031007752,1.0,0.15428571428571428
wong_antibiotics,Mean_50uM,qPO-fast-r4-10k,1,6,350,2.7083829580806196,1204.345123,17.955649852752686,0.4859927501529455,-0.099447547,-0.1191256809,-0.4594275567499999,0.05343511450381679,0.0,0.010473000999999996,0.07151401042938232,0.09387295693159103,4.0,10000,64.0,,0.32327206581607304,0.30824372759856633,0.47471843331765506,1.0,0.23591836734693877
wong_antibiotics,Mean_50uM,qPO-fast-r4-10k,1,7,400,2.7498860000632703,1204.345284,21.320056915283203,0.49725374998524785,-0.099447547,-0.11603390620000001,-0.40515232811999996,0.06361323155216285,0.0,0.010473000999999996,0.06814241409301758,0.09231457114219666,4.0,10000,64.0,,0.12713302450946629,0.09502262443438914,0.28103070175438605,1.0,0.026938775510204082
wong_antibiotics,Mean_50uM,qPO-fast-r4-10k,1,8,450,2.7954731669742614,1204.344425,24.790880918502808,0.5419319169595838,-0.099447547,-0.11500300490000001,-0.2333716198,0.089058524173028,0.0,0.010473000999999996,0.06527560949325562,0.09102701395750046,4.0,10000,64.0,,0.3082380114027327,0.2823834196891192,0.5184854026959291,1.0,0.2473469387755102
wong_antibiotics,Mean_50uM,qPO-fast-r4-10k,1,9,500,2.9512048340402544,1204.344331,28.519224882125854,0.6122214579954743,-0.094751949,-0.10592344090000001,-0.18304862885999998,0.12468193384223919,0.0,0.005777403,0.04930213838815689,0.12822936475276947,4.0,10000,64.0,,0.3210141370416472,0.3045977011494253,0.46884794120825696,1.0,0.20408163265306123
wong_antibiotics,Mean_50uM,qPO-fast-r4-10k,1,10,550,2.964789625024423,1204.343829,32.32972311973572,0.6666813748888671,-0.094751949,-0.1054076018,-0.16195875960999997,0.16793893129770993,0.0,0.005777403,0.048768311738967896,0.13327598571777344,4.0,10000,64.0,,0.4143719344361934,0.40350877192982454,0.5585284280936454,1.0,0.5053061224489795
wong_antibiotics,Mean_50uM,qPO-fast-r4-10k,2,1,100,2.42068662494421,1204.347346,2.685225248336792,0.22734537487849593,-0.553790716,-0.7920847371999999,-1.01812060216,0.0,0.0,0.46481617,0.03371872380375862,1.6801802171784175e-09,4.0,10000,64.0,,0.19881401784107686,0.2,0.3333333333333333,1.0,0.035918367346938776
wong_antibiotics,Mean_50uM,qPO-fast-r4-10k,2,2,150,2.477050666930154,1204.347335,5.489783048629761,0.2576752081513405,-0.553790716,-0.7665927452999999,-0.93555769492,0.0,0.0,0.46481617,0.022715743631124496,0.00184879289008677,4.0,10000,64.0,,0.23639120117774898,0.2222222222222222,0.3451078150317836,0.9868421052631579,0.04244897959183674
wong_antibiotics,Mean_50uM,qPO-fast-r4-10k,2,3,200,2.5358024169690907,1204.346425,8.428497076034546,0.3061744999140501,-0.553790716,-0.7210708655,-0.8947488936600001,0.0,0.0,0.46481617,0.018819523975253105,0.0017076433869078755,4.0,10000,64.0,,0.2320111700711112,0.22340425531914893,0.3333333333333333,1.0,0.0236734693877551
wong_antibiotics,Mean_50uM,qPO-fast-r4-10k,2,4,250,2.5941500840708613,1204.346338,11.454982042312622,0.34552925010211766,-0.1872647,-0.6426121236,-0.8682879407599999,0.0,0.0,0.098290154,0.01591062732040882,0.002843189751729369,4.0,10000,64.0,,0.3603089361503066,0.3170731707317073,0.5569620253164557,1.0,0.29959183673469386
wong_antibiotics,Mean_50uM,qPO-fast-r4-10k,2,5,300,2.622836000053212,1204.345727,14.584558010101318,0.3979151248931885,-0.1872647,-0.6426121236,-0.85941098821,0.0,0.0,0.098290154,0.01732950285077095,0.002773970365524292,4.0,10000,64.0,,0.3650479668100253,0.35251798561151076,0.5313571428571429,1.0,0.38285714285714284
wong_antibiotics,Mean_50uM,qPO-fast-r4-10k,2,6,350,2.6705962501000613,1204.345225,17.811124086380005,0.43994245887733996,-0.10789854,-0.5059353447999999,-0.8349098576099999,0.005089058524173028,0.0,0.018923994,0.01624480076134205,0.0027238610200583935,4.0,10000,64.0,,0.23474556657719445,0.22796352583586627,0.34478456405048613,1.0,0.03346938775510204
wong_antibiotics,Mean_50uM,qPO-fast-r4-10k,2,7,400,2.7554257921874523,1204.344774,21.199394941329956,0.4935013330541551,-0.10789854,-0.22917932400000002,-0.78121461611,0.007633587786259542,0.0,0.018923994,0.018433470278978348,0.004064969252794981,4.0,10000,64.0,,0.22240986970733995,0.21691176470588236,0.362962962962963,1.0,0.05714285714285714
wong_antibiotics,Mean_50uM,qPO-fast-r4-10k,2,8,450,2.7982593330089003,1204.344425,24.663119077682495,0.5405486249364913,-0.10789854,-0.1574762167,-0.6892912236600001,0.015267175572519083,0.0,0.018923994,0.019386786967515945,0.013294109143316746,4.0,10000,64.0,,0.28081251356007797,0.27601809954751133,0.5050797993616054,1.0,0.1983673469387755
wong_antibiotics,Mean_50uM,qPO-fast-r4-10k,2,9,500,2.8962464998476207,1204.344586,28.339100122451782,0.6206186250783503,-0.10789854,-0.1357116137,-0.5351712313,0.03816793893129771,0.0,0.018923994,0.029473518952727318,0.016742145642638206,4.0,10000,64.0,,0.4601711480995464,0.4652777777777778,0.5820418953510469,1.0,0.7093877551020408
wong_antibiotics,Mean_50uM,qPO-fast-r4-10k,2,10,550,2.935380500042811,1204.343931,32.10436129570007,0.6631559578236192,-0.10789854,-0.12510511090000004,-0.42703979646000007,0.058524173027989825,0.0,0.018923994,0.03501119092106819,0.02854286879301071,4.0,10000,64.0,,0.5727343137047368,0.5473515248796148,0.7225964962256088,1.0,0.963265306122449
wong_antibiotics,Mean_50uM,qPO-fast-r4-10k,3,1,100,2.41575637483038,1204.347142,2.669889211654663,0.22819070797413588,-0.117506271,-0.5337413841,-0.96842370302,0.007633587786259542,0.0,0.028531724999999994,0.01885911077260971,2.1535704775033082e-07,4.0,10000,64.0,,0.07178804056815681,0.004545454545454545,0.22767197823552315,1.0,0.013877551020408163
wong_antibiotics,Mean_50uM,qPO-fast-r4-10k,3,2,150,2.528971041087061,1204.347291,5.51488733291626,0.2575820831116289,-0.117506271,-0.22995216220000003,-0.8511073920499999,0.01272264631043257,0.0,0.028531724999999994,0.019216269254684448,0.024379273876547813,4.0,10000,64.0,,0.16552150243548233,0.14285714285714285,0.28871794871794876,1.0,0.02857142857142857
wong_antibiotics,Mean_50uM,qPO-fast-r4-10k,3,3,200,2.5858809160999954,1204.346476,8.470075130462646,0.30364950001239777,-0.109231608,-0.16075572239999997,-0.7525427480799999,0.020356234096692113,0.0,0.020257061999999992,0.028056779876351357,0.028011836111545563,4.0,10000,64.0,,0.36086411607917623,0.33725490196078434,0.602220411216951,1.0,0.3795918367346939
wong_antibiotics,Mean_50uM,qPO-fast-r4-10k,3,4,250,2.5882390001788735,1204.346433,11.48641324043274,0.340378874912858,-0.109231608,-0.14843406799999997,-0.6018386439300001,0.03307888040712468,0.0,0.020257061999999992,0.07801305502653122,0.04069666191935539,4.0,10000,64.0,,0.42821558678390637,0.4163265306122449,0.5702767828069033,1.0,0.5477551020408163
wong_antibiotics,Mean_50uM,qPO-fast-r4-10k,3,5,300,2.75765149993822,1204.34588,14.733924150466919,0.3942157090641558,-0.109231608,-0.1411945776,-0.45861241316000007,0.04580152671755725,0.0,0.020257061999999992,0.07164996862411499,0.06363767385482788,4.0,10000,64.0,,0.26473111863573234,0.2289156626506024,0.45349035343263894,1.0,0.14448979591836736
wong_antibiotics,Mean_50uM,qPO-fast-r4-10k,3,6,350,2.742406375007704,1204.345997,18.01410412788391,0.4371665420476347,-0.109231608,-0.1411945776,-0.4213682726300001,0.05089058524173028,0.0,0.020257061999999992,0.059275753796100616,0.09063276648521423,4.0,10000,64.0,,0.41337279671650956,0.31317494600431967,0.9047619047619048,1.0,0.43673469387755104
wong_antibiotics,Mean_50uM,qPO-fast-r4-10k,3,7,400,2.7844371660612524,1204.345182,21.403062105178833,0.49905691598542035,-0.109231608,-0.1387186653,-0.3706952265300001,0.05343511450381679,0.0,0.020257061999999992,0.04104747623205185,0.11721833050251007,4.0,10000,64.0,,0.08800386191535717,0.03840472673559823,0.1956521739130435,1.0,0.03836734693877551
wong_antibiotics,Mean_50uM,qPO-fast-r4-10k,3,8,450,2.8623237090650946,1204.344323,24.927919149398804,0.5421150410547853,-0.103553041,-0.1324945526,-0.33279244486000004,0.05597964376590331,0.0,0.014578494999999997,0.03857486695051193,0.11497721821069717,4.0,10000,64.0,,0.0931071366117891,0.06334841628959276,0.18323943661971834,1.0,0.019591836734693877
wong_antibiotics,Mean_50uM,qPO-fast-r4-10k,3,9,500,2.9283434168901294,1204.344586,28.63826823234558,0.6138712090905756,-0.103553041,-0.1206446664,-0.2775275729800001,0.06870229007633588,0.0,0.014578494999999997,0.042406875640153885,0.1050778180360794,4.0,10000,64.0,,0.1957244876465517,0.15202702702702703,0.36444444444444446,1.0,0.07020408163265306
wong_antibiotics,Mean_50uM,qPO-fast-r4-10k,3,10,550,2.9688536250032485,1204.343625,32.456677198410034,0.6640822500921786,-0.103553041,-0.11905522530000001,-0.25576848335,0.07124681933842239,0.0,0.014578494999999997,0.051418278366327286,0.0904768854379654,4.0,10000,64.0,,0.20138431088452013,0.1710843373493976,0.3555426017681922,1.0,0.07428571428571429
wong_antibiotics,Mean_50uM,qPO-fast-r4-10k,4,1,100,2.4750727920327336,1204.346996,2.7315571308135986,0.2295346660539508,-0.73312025,-0.8177015354,-0.99127414285,0.0,0.0,0.644145704,0.01177304144948721,0.008945401757955551,4.0,10000,64.0,,0.25684620775838557,0.2345679012345679,0.44,1.0,0.13714285714285715
wong_antibiotics,Mean_50uM,qPO-fast-r4-10k,4,2,150,2.4766004160046577,1204.347189,5.5294029712677,0.255443082889542,-0.126079222,-0.7204362034999999,-0.9174286023900001,0.002544529262086514,0.0,0.03710467599999999,0.010805068537592888,0.0030289795249700546,4.0,10000,64.0,,0.36074046981272706,0.3404255319148936,0.5384615384615384,1.0,0.3036734693877551
wong_antibiotics,Mean_50uM,qPO-fast-r4-10k,4,3,200,2.502054916927591,1204.346833,8.443762063980103,0.3321434168610722,-0.126079222,-0.6530256044,-0.8916163615900001,0.002544529262086514,0.0,0.03710467599999999,0.015804119408130646,0.0023328056558966637,4.0,10000,64.0,,0.28441990484382246,0.19387755102040816,0.575,1.0,0.2636734693877551
wong_antibiotics,Mean_50uM,qPO-fast-r4-10k,4,4,250,2.5441631658468395,1204.346127,11.424057006835938,0.34765512496232986,-0.126079222,-0.5933907178,-0.87284516538,0.002544529262086514,0.0,0.03710467599999999,0.015060782432556152,0.001786646549589932,4.0,10000,64.0,,0.4379008752312287,0.42391304347826086,0.6612244897959184,1.0,0.5755102040816327
wong_antibiotics,Mean_50uM,qPO-fast-r4-10k,4,5,300,2.5936545829754323,1204.34537,14.525254011154175,0.3978275419212878,-0.126079222,-0.47118036869999996,-0.8431516867000001,0.002544529262086514,0.0,0.03710467599999999,0.01414670143276453,0.003230147063732147,4.0,10000,64.0,,0.2884072078476011,0.25,0.5714285714285714,1.0,0.1363265306122449
wong_antibiotics,Mean_50uM,qPO-fast-r4-10k,4,6,350,2.6629285840317607,1204.34548,17.74465298652649,0.4377904578577727,-0.110253895,-0.2627615666,-0.8055280119,0.010178117048346057,0.0,0.021279349000000003,0.013839608058333397,0.0066174776293337345,4.0,10000,64.0,,0.28331223827588575,0.24324324324324326,0.45256767842493856,1.0,0.10775510204081633
wong_antibiotics,Mean_50uM,qPO-fast-r4-10k,4,7,400,2.7181773751508445,1204.345087,21.067625045776367,0.4945747081656009,-0.110253895,-0.17590204920000002,-0.75497905014,0.010178117048346057,0.0,0.021279349000000003,0.015009809285402298,0.014013253152370453,4.0,10000,64.0,,0.20581445639593354,0.18421052631578946,0.31496388028895794,1.0,0.044081632653061226
wong_antibiotics,Mean_50uM,qPO-fast-r4-10k,4,8,450,2.776843042112887,1204.344323,24.516849994659424,0.5405858331359923,-0.098835003,-0.16346959200000002,-0.7441745637300001,0.01272264631043257,0.0,0.009860457000000003,0.012859102338552475,0.02536742389202118,4.0,10000,64.0,,0.19465274909645303,0.16326530612244897,0.32857142857142857,1.0,0.04816326530612245
wong_antibiotics,Mean_50uM,qPO-fast-r4-10k,4,9,500,2.8864823752082884,1204.34428,28.194814205169678,0.6087646670639515,-0.098835003,-0.16038824370000002,-0.7112150655,0.01272264631043257,0.0,0.009860457000000003,0.012630869634449482,0.025332750752568245,4.0,10000,64.0,,0.12364005153473671,0.1111111111111111,0.2184294871794873,1.0,0.009795918367346938
wong_antibiotics,Mean_50uM,qPO-fast-r4-10k,4,10,550,2.9001384580042213,1204.343727,31.943443059921265,0.663139957934618,-0.098835003,-0.13925783530000002,-0.6438122891900001,0.017811704834605598,0.0,0.009860457000000003,0.01237297523766756,0.027832014486193657,4.0,10000,64.0,,0.18967190704562384,0.1556420233463035,0.34301971144076426,1.0,0.07755102040816327
wong_antibiotics,Mean_50uM,qPO-fast-r4-full,0,1,100,10.33501591696404,1318.939758,10.5850350856781,0.22584624984301627,-0.190535,-0.5991290421000001,-0.9767688586099998,0.0,0.0,0.10156045400000001,0.020559167489409447,0.016950316727161407,4.0,39261,64.0,,0.5686965602682647,0.5548387096774193,0.7236842105263158,1.0,0.9191836734693878
wong_antibiotics,Mean_50uM,qPO-fast-r4-full,0,2,150,9.852735582971945,1317.26048,20.76186513900757,0.25558283389545977,-0.190535,-0.5975478144,-0.9157932850099999,0.0,0.0,0.10156045400000001,0.028444591909646988,0.005045390222221613,4.0,39211,64.0,,0.4055886479403247,0.3217391304347826,0.6756756756756757,1.0,0.28653061224489795
wong_antibiotics,Mean_50uM,qPO-fast-r4-full,0,3,200,9.672267874935642,1315.580166,30.80986213684082,0.2985399579629302,-0.190535,-0.5940645531,-0.88565632604,0.0,0.0,0.10156045400000001,0.02489238791167736,0.0010251278290525079,4.0,39161,64.0,,0.38651112112777747,0.3711340206185567,0.534385964912281,1.0,0.3763265306122449
wong_antibiotics,Mean_50uM,qPO-fast-r4-full,0,4,250,9.96632754104212,1313.901382,41.207807302474976,0.33165970793925226,-0.126079222,-0.49221329059999996,-0.8580409787599999,0.002544529262086514,0.0,0.03710467599999999,0.019499273970723152,0.0016897503519430757,4.0,39111,64.0,,0.30788916399200833,0.21182266009852216,0.5853658536585366,1.0,0.3248979591836735
wong_antibiotics,Mean_50uM,qPO-fast-r4-full,0,5,300,10.221953165950254,1312.22168,51.9248731136322,0.3972220830619335,-0.126079222,-0.48483144089999985,-0.8473692685199998,0.002544529262086514,0.0,0.03710467599999999,0.019697489216923714,0.0021007924806326628,4.0,39061,64.0,,0.26851271149306627,0.10080645161290322,0.8063829787234043,1.0,0.2946938775510204
wong_antibiotics,Mean_50uM,qPO-fast-r4-full,0,6,350,10.414703583111987,1310.541417,62.90945911407471,0.444178625009954,-0.126079222,-0.3573802889,-0.81326810378,0.002544529262086514,0.0,0.03710467599999999,0.017956484109163284,0.001456385594792664,4.0,39011,64.0,,0.246937634170595,0.22330097087378642,0.4182225169955234,1.0,0.11755102040816326
wong_antibiotics,Mean_50uM,qPO-fast-r4-full,0,7,400,10.882103000069037,1308.861664,74.4135799407959,0.49926516599953175,-0.110253895,-0.1749296187,-0.7485490912999999,0.010178117048346057,0.0,0.021279349000000003,0.017521841451525688,0.006564918905496597,4.0,38961,64.0,,0.3021781147687445,0.25961538461538464,0.5458385093167708,1.0,0.17061224489795918
wong_antibiotics,Mean_50uM,qPO-fast-r4-full,0,8,450,11.185896709095687,1307.182581,86.2624249458313,0.5369449169375002,-0.097650087,-0.14663307799999997,-0.6974384223000001,0.017811704834605598,0.0,0.008675540999999995,0.016384489834308624,0.023273266851902008,4.0,38911,64.0,,0.3220639742554348,0.31863979848866497,0.7179566719283812,1.0,0.3575510204081633
wong_antibiotics,Mean_50uM,qPO-fast-r4-full,0,9,500,11.397423875052482,1305.502515,98.44298005104065,0.6112481250893325,-0.091556712,-0.10721949589999999,-0.5915679758399999,0.04071246819338423,0.3333333333333333,0.002582165999999997,0.01825757883489132,0.027653487399220467,4.0,38861,64.0,,0.44435383731995026,0.427105600684053,0.6455348798397869,1.0,0.556734693877551
wong_antibiotics,Mean_50uM,qPO-fast-r4-full,0,10,550,11.629466333892196,1303.823476,110.90878510475159,0.6618239169474691,-0.091556712,-0.1046080014,-0.48947772195,0.04834605597964377,0.3333333333333333,0.002582165999999997,0.019553132355213165,0.09530482441186905,4.0,38811,64.0,,0.28671767643353346,0.1679814385150812,0.7495662094695537,1.0,0.2677551020408163
wong_antibiotics,Mean_50uM,qPO-fast-r4-full,1,1,100,9.956549833063036,1318.939911,10.199318170547485,0.224169708089903,-0.137793661,-0.4116595769,-0.9670986843199999,0.005089058524173028,0.0,0.04881911500000001,0.03757605329155922,0.017502395436167717,4.0,39261,64.0,,0.38046990137202186,0.3608815426997245,0.5473223345913101,1.0,0.3706122448979592
wong_antibiotics,Mean_50uM,qPO-fast-r4-full,1,2,150,10.072445957921445,1317.259817,20.581223011016846,0.24737050011754036,-0.099447547,-0.1683631298,-0.8180879831200001,0.01272264631043257,0.0,0.010473000999999996,0.03912687301635742,0.022463437169790268,4.0,39211,64.0,,0.45035090689092677,0.4318181818181818,0.706140350877193,1.0,0.5869387755102041
wong_antibiotics,Mean_50uM,qPO-fast-r4-full,1,3,200,10.168884709011763,1315.580574,31.123934984207153,0.29797141696326435,-0.099447547,-0.138945072,-0.7327906099799999,0.020356234096692113,0.0,0.010473000999999996,0.06160615384578705,0.02087252587080002,4.0,39161,64.0,,0.2910655939061517,0.23904382470119523,0.5084459459459459,1.0,0.21387755102040817
wong_antibiotics,Mean_50uM,qPO-fast-r4-full,1,4,250,10.431998082902282,1313.90128,41.973299980163574,0.33128316700458527,-0.099447547,-0.13438279280000004,-0.68274035043,0.02544529262086514,0.0,0.010473000999999996,0.05752887204289436,0.11683796346187592,4.0,39111,64.0,,0.2869721641527368,0.20046082949308755,0.6808747563352828,1.0,0.2889795918367347
wong_antibiotics,Mean_50uM,qPO-fast-r4-full,1,5,300,10.70871845795773,1312.221323,53.16846227645874,0.3970428330358118,-0.099447547,-0.12646053920000003,-0.5976479776699999,0.04071246819338423,0.0,0.010473000999999996,0.051074277609586716,0.11582663655281067,4.0,39061,64.0,,0.18331341601492804,0.16346153846153846,0.3204528301886793,1.0,0.062040816326530614
wong_antibiotics,Mean_50uM,qPO-fast-r4-full,1,6,350,10.76602604193613,1310.541162,64.48267221450806,0.43996970797888935,-0.099447547,-0.11900365640000002,-0.44266782823,0.058524173027989825,0.0,0.010473000999999996,0.044860031455755234,0.10785117000341415,4.0,39011,64.0,,0.28794053600791975,0.2565217391304348,0.45098039215686275,1.0,0.14612244897959184
wong_antibiotics,Mean_50uM,qPO-fast-r4-full,1,7,400,11.020708999829367,1308.862327,76.11417412757874,0.49279029201716185,-0.099447547,-0.1174295141,-0.41261924145,0.061068702290076333,0.0,0.010473000999999996,0.0388495959341526,0.11607857793569565,4.0,38961,64.0,,0.3517166906882,0.3076923076923077,0.5809278350515472,1.0,0.3363265306122449
wong_antibiotics,Mean_50uM,qPO-fast-r4-full,1,8,450,11.229292958043516,1307.18237,88.0086772441864,0.5408913339488208,-0.099447547,-0.1174295141,-0.38603055218000004,0.061068702290076333,0.0,0.010473000999999996,0.03574799373745918,0.11276259273290634,4.0,38911,64.0,,0.25807629498793944,0.24390243902439024,0.4031005324146571,1.0,0.10612244897959183
wong_antibiotics,Mean_50uM,qPO-fast-r4-full,1,9,500,11.428808875149116,1305.502872,100.24627113342285,0.6240770420990884,-0.099447547,-0.1136840946,-0.32645892366999996,0.06870229007633588,0.0,0.010473000999999996,0.033598195761442184,0.10842310637235641,4.0,38861,64.0,,0.1276984017623769,0.09205020920502092,0.2635049161364952,1.0,0.04244897959183674
wong_antibiotics,Mean_50uM,qPO-fast-r4-full,1,10,550,11.678404750069603,1303.823068,112.75563216209412,0.6672828330192715,-0.099447547,-0.1107854073,-0.25695773040000003,0.08396946564885496,0.0,0.010473000999999996,0.033192455768585205,0.110209621489048,4.0,38811,64.0,,0.17117383932213373,0.13537117903930132,0.30916030534351147,1.0,0.08
wong_antibiotics,Mean_50uM,qPO-fast-r4-full,2,1,100,9.541802833089605,1318.939401,9.809838771820068,0.23260350013151765,-0.137793661,-0.6104484781999999,-0.9931455178000002,0.005089058524173028,0.0,0.04881911500000001,0.03371872380375862,1.6801802171784175e-09,4.0,39261,64.0,,0.690996502817247,0.6828193832599119,1.0,1.0,0.953469387755102
wong_antibiotics,Mean_50uM,qPO-fast-r4-full,2,2,150,10.246300958096981,1317.259664,20.356383085250854,0.25027662492357194,-0.137793661,-0.5009786909,-0.9003239623200001,0.005089058524173028,0.0,0.04881911500000001,0.015306209214031696,0.06960722804069519,4.0,39211,64.0,,0.12862060918835308,0.049389567147613764,0.2683545165425675,1.0,0.08816326530612245
wong_antibiotics,Mean_50uM,qPO-fast-r4-full,2,3,200,10.31116975005716,1315.580574,31.028615951538086,0.2949297078885138,-0.099481431,-0.16274364189999999,-0.77509416506,0.015267175572519083,0.0,0.010506884999999994,0.014729522168636322,0.04903486371040344,4.0,39161,64.0,,0.27158790587004555,0.08880706921944036,0.6836699340882205,1.0,0.3689795918367347
wong_antibiotics,Mean_50uM,qPO-fast-r4-full,2,4,250,10.49854795797728,1313.90077,41.93598198890686,0.33126095891930163,-0.099048545,-0.1083253523,-0.49540995296999996,0.07888040712468193,0.0,0.010073999,0.015643946826457977,0.07745850086212158,4.0,39111,64.0,,0.4991793421266665,0.5095338983050848,0.8614775725593667,1.0,0.6881632653061225
wong_antibiotics,Mean_50uM,qPO-fast-r4-full,2,5,300,10.853208500193432,1312.22117,53.2660710811615,0.3955185408703983,-0.099048545,-0.10631104929999999,-0.40793087555,0.089058524173028,0.0,0.010073999,0.01599336601793766,0.1054784283041954,4.0,39061,64.0,,0.27582560916343113,0.22867383512544803,0.6179041984298562,1.0,0.22285714285714286
wong_antibiotics,Mean_50uM,qPO-fast-r4-full,2,6,350,10.870367290917784,1310.541723,64.67809581756592,0.45722329104319215,-0.099048545,-0.10611677689999999,-0.35641197937999997,0.09669211195928754,0.0,0.010073999,0.021922707557678223,0.11602011322975159,4.0,39011,64.0,,0.15573211775298842,0.0748663101604278,0.38303138570748596,1.0,0.09306122448979592
wong_antibiotics,Mean_50uM,qPO-fast-r4-full,2,7,400,11.081163582857698,1308.861562,76.34789395332336,0.49450112506747246,-0.099048545,-0.10611677689999999,-0.34155944497,0.09923664122137404,0.0,0.010073999,0.030483480542898178,0.3777012526988983,4.0,38961,64.0,,0.10469118473870258,0.0949367088607595,0.19348785871964713,1.0,0.005714285714285714
wong_antibiotics,Mean_50uM,qPO-fast-r4-full,2,8,450,11.456559374928474,1307.182064,88.45781993865967,0.5395886250771582,-0.099048545,-0.10611677689999999,-0.31483477985,0.10178117048346055,0.0,0.010073999,0.03088287077844143,0.3057253658771515,4.0,38911,64.0,,0.08107042613876958,0.06395348837209303,0.16116722783389467,1.0,0.010612244897959184
wong_antibiotics,Mean_50uM,qPO-fast-r4-full,2,9,500,11.48754100012593,1305.502464,100.6946918964386,0.6099317090120167,-0.099048545,-0.10611677689999999,-0.30610270147,0.10178117048346055,0.0,0.010073999,0.03103024512529373,0.2594100534915924,4.0,38861,64.0,,0.09307069328915826,0.07547169811320754,0.18181818181818182,1.0,0.008979591836734694
wong_antibiotics,Mean_50uM,qPO-fast-r4-full,2,10,550,11.699129875050858,1303.823017,113.22476077079773,0.6605716669000685,-0.099048545,-0.10611677689999999,-0.29961029045000004,0.10178117048346055,0.0,0.010073999,0.03211842104792595,0.2172151505947113,4.0,38811,64.0,,0.09086641551758037,0.07339449541284404,0.17307510628247536,1.0,0.009795918367346938
wong_antibiotics,Mean_50uM,qPO-fast-r4-full,3,1,100,9.656263374956325,1318.939452,9.911956071853638,0.22543816594406962,-0.813563866,-0.8612209797,-1.0192915248999999,0.0,0.0,0.72458932,0.01885911077260971,2.1535704775033082e-07,4.0,39261,64.0,,0.2684282204962723,0.2682926829268293,0.46281484527603645,1.0,0.16
wong_antibiotics,Mean_50uM,qPO-fast-r4-full,3,2,150,10.390083499951288,1317.260276,20.61759114265442,0.25127362506464124,-0.813563866,-0.8483855198000001,-0.9429438682899999,0.0,0.0,0.72458932,0.013040131889283657,0.0019296325044706464,4.0,39211,64.0,,0.24611840157345743,0.22580645161290322,0.3603934426229509,1.0,0.07020408163265306
wong_antibiotics,Mean_50uM,qPO-fast-r4-full,3,3,200,10.5453585840296,1315.580479,31.53380513191223,0.2934129999484867,-0.813563866,-0.8423697259,-0.91896205891,0.0,0.0,0.72458932,0.01065483782440424,0.0017600897699594498,4.0,39161,64.0,,0.22493478705404626,0.21212121212121213,0.30935064935064943,1.0,0.029387755102040815
wong_antibiotics,Mean_50uM,qPO-fast-r4-full,3,4,250,10.51835233415477,1313.900464,42.47683095932007,0.330809208098799,-0.812031985,-0.8319908736999999,-0.90202815023,0.0,0.0,0.723057439,0.009605475701391697,0.0015814327634871006,4.0,39111,64.0,,0.21871496020785705,0.20270270270270271,0.31163793103448306,1.0,0.04081632653061224
wong_antibiotics,Mean_50uM,qPO-fast-r4-full,3,5,300,10.562713583000004,1312.221731,53.54840612411499,0.3953685420565307,-0.687716601,-0.796378764,-0.88865157341,0.0,0.0,0.598742055,0.009212748147547245,0.0015468260971829295,4.0,39061,64.0,,0.19266838854711255,0.17142857142857143,0.31539961013645235,1.0,0.044897959183673466
wong_antibiotics,Mean_50uM,qPO-fast-r4-full,3,6,350,10.838825209066272,1310.542131,64.96699500083923,0.44677462498657405,-0.18497,-0.6823280058,-0.8706107186200002,0.0,0.0,0.095995454,0.009568560868501663,0.0015204009832814336,4.0,39011,64.0,,0.30697508036676857,0.27906976744186046,0.4931014492753624,1.0,0.21714285714285714
wong_antibiotics,Mean_50uM,qPO-fast-r4-full,3,7,400,11.320103041129187,1308.862174,76.90936303138733,0.49602099996991456,-0.110253895,-0.4101030001,-0.8298825894500002,0.005089058524173028,0.0,0.021279349000000003,0.010879024863243103,0.0024659314658492804,4.0,38961,64.0,,0.29250807926085676,0.25471698113207547,0.49514563106796117,1.0,0.1273469387755102
wong_antibiotics,Mean_50uM,qPO-fast-r4-full,3,8,450,11.30263958289288,1307.182625,88.87933802604675,0.5431667079683393,-0.105673445,-0.14547047910000002,-0.72250247546,0.017811704834605598,0.0,0.016698899000000003,0.01259946171194315,0.007061670999974012,4.0,38911,64.0,,0.24722608967014534,0.23036649214659685,0.3466907852734625,1.0,0.05061224489795919
wong_antibiotics,Mean_50uM,qPO-fast-r4-full,3,9,500,11.461130291922018,1305.502464,101.1054379940033,0.6112790410406888,-0.104176943,-0.1116058939,-0.4703787133599999,0.06870229007633588,0.0,0.015202396999999992,0.010883508250117302,0.025765057653188705,4.0,38861,64.0,,0.4087895141060659,0.38846153846153847,0.5759717314487632,1.0,0.476734693877551
wong_antibiotics,Mean_50uM,qPO-fast-r4-full,3,10,550,11.547470541903749,1303.823017,113.47351813316345,0.6610162078868598,-0.094751949,-0.10812169390000001,-0.27522489336999995,0.09669211195928754,0.0,0.005777403,0.019355833530426025,0.031299889087677,4.0,38811,64.0,,0.3938794681674424,0.3680297397769517,0.5386240520043337,1.0,0.42122448979591837
wong_antibiotics,Mean_50uM,qPO-fast-r4-full,4,1,100,10.373651209054515,1318.939707,10.62628984451294,0.2272543329745531,-0.73312025,-0.8208233497,-0.9962413927200001,0.0,0.0,0.644145704,0.01177304144948721,0.008945401757955551,4.0,39261,64.0,,0.28781548133605656,0.2807017543859649,0.4492753623188406,1.0,0.16408163265306122
wong_antibiotics,Mean_50uM,qPO-fast-r4-full,4,2,150,10.239441874902695,1317.260123,21.180760622024536,0.25156766711734235,-0.126079222,-0.7404237494,-0.92737505834,0.002544529262086514,0.0,0.03710467599999999,0.010084745474159718,0.004266366828233004,4.0,39211,64.0,,0.4318419349362921,0.4125,0.6052631578947368,1.0,0.5420408163265306
wong_antibiotics,Mean_50uM,qPO-fast-r4-full,4,3,200,10.026528208050877,1315.580217,31.573555946350098,0.29438204201869667,-0.126079222,-0.7106514812,-0.90195680753,0.002544529262086514,0.0,0.03710467599999999,0.015058403834700584,0.0018414645455777645,4.0,39161,64.0,,0.305862677535345,0.2903225806451613,0.44266666666666726,1.0,0.15918367346938775
wong_antibiotics,Mean_50uM,qPO-fast-r4-full,4,4,250,10.506498125148937,1313.900872,42.50343561172485,0.33104349998757243,-0.126079222,-0.6000670713,-0.8745746123600003,0.002544529262086514,0.0,0.03710467599999999,0.01301744394004345,0.0017493081977590919,4.0,39111,64.0,,0.23108905119014345,0.2,0.3446743295019158,1.0,0.060408163265306125
wong_antibiotics,Mean_50uM,qPO-fast-r4-full,4,5,300,10.826839291956276,1312.220966,53.81897282600403,0.3959334590472281,-0.110253895,-0.3754823438,-0.83381652945,0.007633587786259542,0.0,0.021279349000000003,0.01402493380010128,0.0037685853894799948,4.0,39061,64.0,,0.2966661619140696,0.25555555555555554,0.43777360850531627,1.0,0.12
wong_antibiotics,Mean_50uM,qPO-fast-r4-full,4,6,350,11.143466375069693,1310.541876,65.5070526599884,0.4421054581180215,-0.110253895,-0.1723911152,-0.75459410297,0.010178117048346057,0.0,0.021279349000000003,0.014552691951394081,0.011758983135223389,4.0,39011,64.0,,0.23503156923295007,0.20618556701030927,0.37735849056603776,1.0,0.09061224489795919
wong_antibiotics,Mean_50uM,qPO-fast-r4-full,4,7,400,11.170079041970894,1308.862276,77.28287363052368,0.49734483286738396,-0.098835003,-0.15893224370000003,-0.7343566800300002,0.01272264631043257,0.0,0.009860457000000003,0.014005410484969616,0.027443083003163338,4.0,38961,64.0,,0.21465078538473076,0.16974169741697417,0.36355641544279355,1.0,0.08979591836734693
wong_antibiotics,Mean_50uM,qPO-fast-r4-full,4,8,450,11.50952829187736,1307.182523,89.44364786148071,0.5389913329854608,-0.092538772,-0.12878923949999999,-0.6735395162500001,0.02544529262086514,0.0,0.0035642260000000037,0.014088716357946396,0.0296416487544775,4.0,38911,64.0,,0.2441309773582222,0.2328767123287671,0.35774459251322577,1.0,0.06693877551020408
wong_antibiotics,Mean_50uM,qPO-fast-r4-full,4,9,500,11.793592207832262,1305.503076,101.98834180831909,0.6139814578928053,-0.088974546,-0.1198346941,-0.64730345043,0.027989821882951654,0.3333333333333333,0.0,0.01359569188207388,0.0362427681684494,4.0,38861,64.0,,0.20089176738848674,0.16153846153846155,0.4041693531055233,1.0,0.10530612244897959
wong_antibiotics,Mean_50uM,qPO-fast-r4-full,4,10,550,11.942907791119069,1303.823323,114.7638988494873,0.663135166047141,-0.088974546,-0.1198346941,-0.6198504374699999,0.030534351145038167,0.3333333333333333,0.0,0.01378499437123537,0.03484203293919563,4.0,38811,64.0,,0.08917603776206469,0.05581395348837209,0.20888961784484175,1.0,0.0163265306122449
wong_antibiotics,Mean_50uM,F-LITE-full,0,1,100,0.021838500164449215,1.421668,0.2742290496826172,0.23027541697956622,-0.190535,-0.5991290421000001,-0.9767688586099998,0.0,0.0,0.10156045400000001,0.020559167489409447,0.016950316727161407,,39261,,,0.5686965602682647,0.5548387096774193,0.7236842105263158,1.0,0.9191836734693878
wong_antibiotics,Mean_50uM,F-LITE-full,0,2,150,0.01386183314025402,1.419836,0.6120150089263916,0.2647042500320822,-0.190535,-0.5991290421000001,-0.9167438630399998,0.0,0.0,0.10156045400000001,0.028444591909646988,0.005045390222221613,,39211,,,0.5182032054211501,0.5460992907801419,0.7894736842105263,1.0,0.5436734693877551
wong_antibiotics,Mean_50uM,F-LITE-full,0,3,200,0.010308665921911597,1.418108,0.987725019454956,0.29479808383621275,-0.190535,-0.5943304865,-0.8880931646699999,0.0,0.0,0.10156045400000001,0.025322970002889633,0.0006449298816733062,,39161,,,0.4207777806176193,0.4010989010989011,0.5378151260504201,1.0,0.5004081632653061
wong_antibiotics,Mean_50uM,F-LITE-full,0,4,250,0.013227042043581605,1.416188,1.4101099967956543,0.3286108751781285,-0.190535,-0.5543770465,-0.8648300325299999,0.0,0.0,0.10156045400000001,0.019493861123919487,0.0018691874574869871,,39111,,,0.4209219034598388,0.43609022556390975,0.66,1.0,0.56
wong_antibiotics,Mean_50uM,F-LITE-full,0,5,300,0.012697833124548197,1.414452,1.9206178188323975,0.3916066668462008,-0.190535,-0.43240660449999996,-0.8225040891699997,0.0,0.0,0.10156045400000001,0.01713951677083969,0.0025007559452205896,,39061,,,0.2303218554412098,0.17647058823529413,0.37366615402815573,1.0,0.07918367346938776
wong_antibiotics,Mean_50uM,F-LITE-full,0,6,350,0.01801137486472726,1.412692,2.4823110103607178,0.44037479092366993,-0.097650087,-0.1573076558,-0.72847350441,0.015267175572519083,0.0,0.008675540999999995,0.016257047653198242,0.010067171417176723,,39011,,,0.2341569307383779,0.1533649289099526,0.5348703222571682,1.0,0.21142857142857144
wong_antibiotics,Mean_50uM,F-LITE-full,0,7,400,0.02329412498511374,1.410756,3.1365020275115967,0.5250413331668824,-0.091556712,-0.10737517919999999,-0.6251751167999999,0.03816793893129771,0.3333333333333333,0.002582165999999997,0.017933182418346405,0.031481266021728516,,38961,,,0.39161770750867314,0.4164275466284075,0.6420871065114273,1.0,0.5257142857142857
wong_antibiotics,Mean_50uM,F-LITE-full,0,8,450,0.020538541954010725,1.409108,3.8057289123535156,0.540445625083521,-0.091556712,-0.10737517919999999,-0.5263096441799999,0.04834605597964377,0.3333333333333333,0.002582165999999997,0.019567864015698433,0.04387606680393219,,38911,,,0.3553405978313278,0.3296760710553814,0.5589865399841647,1.0,0.3355102040816327
wong_antibiotics,Mean_50uM,F-LITE-full,0,9,500,0.02111079217866063,1.40722,4.560976982116699,0.6087632919661701,-0.091556712,-0.1006254159,-0.31548577129000005,0.10178117048346055,0.3333333333333333,0.002582165999999997,0.017311647534370422,0.11818908900022507,,38861,,,0.5671320411008628,0.5442708333333334,0.8692307692307693,1.0,0.7918367346938775
wong_antibiotics,Mean_50uM,F-LITE-full,0,10,550,0.02160650002770126,1.405436,5.396173000335693,0.6658330000936985,-0.091556712,-0.09959645410000001,-0.23929576975000003,0.11704834605597965,0.3333333333333333,0.002582165999999997,0.016943251714110374,0.12799082696437836,,38811,,,0.20162470560333878,0.1630901287553648,0.40013250201929573,1.0,0.10040816326530612
wong_antibiotics,Mean_50uM,F-LITE-full,1,1,100,0.015570583986118436,1.421684,0.25852394104003906,0.2255053329281509,-0.137793661,-0.3997967349,-0.9617821500399999,0.005089058524173028,0.0,0.04881911500000001,0.03757605329155922,0.017502395436167717,,39261,,,0.4117583550832962,0.3857493857493858,0.5834896810506567,1.0,0.4514285714285714
wong_antibiotics,Mean_50uM,F-LITE-full,1,2,150,0.02098395791836083,1.419812,0.595329999923706,0.2624824589584023,-0.099447547,-0.14669075210000002,-0.7961910090299998,0.017811704834605598,0.0,0.010473000999999996,0.0379275418817997,0.024485381320118904,,39211,,,0.4364192736891793,0.416796267496112,0.6794062429597744,1.0,0.5608163265306122
wong_antibiotics,Mean_50uM,F-LITE-full,1,3,200,0.018637249944731593,1.418084,0.9760169982910156,0.2945137079805136,-0.099447547,-0.14669075210000002,-0.7349956743299999,0.017811704834605598,0.0,0.010473000999999996,0.05836743488907814,0.03770195692777634,,39161,,,0.5757092954725401,0.6107142857142858,0.8115598343240623,1.0,0.8155102040816327
wong_antibiotics,Mean_50uM,F-LITE-full,1,4,250,0.015426957979798317,1.416196,1.4066460132598877,0.33041937509551644,-0.099447547,-0.14669075210000002,-0.7120145903299999,0.017811704834605598,0.0,0.010473000999999996,0.06373867392539978,0.03685282543301582,,39111,,,0.557040107834523,0.4628482972136223,1.0,1.0,0.6653061224489796
wong_antibiotics,Mean_50uM,F-LITE-full,1,5,300,0.015375333838164806,1.414452,1.897974967956543,0.3932882498484105,-0.099447547,-0.1363967507,-0.68248523392,0.022900763358778626,0.0,0.010473000999999996,0.05784570425748825,0.04096117615699768,,39061,,,0.48239607308797344,0.47067039106145253,0.8773584905660378,1.0,0.6081632653061224
wong_antibiotics,Mean_50uM,F-LITE-full,1,6,350,0.01683370885439217,1.412676,2.4537031650543213,0.4426885829307139,-0.099447547,-0.1218782644,-0.6333613604499999,0.03307888040712468,0.0,0.010473000999999996,0.051245734095573425,0.06495366990566254,,39011,,,0.1230324132828468,0.09375,0.25925925925925924,1.0,0.036734693877551024
wong_antibiotics,Mean_50uM,F-LITE-full,1,7,400,0.021880124928429723,1.41078,3.083761692047119,0.49981691618449986,-0.099447547,-0.11870230680000002,-0.5638404030199999,0.04071246819338423,0.0,0.010473000999999996,0.05310795456171036,0.05245869979262352,,38961,,,0.2987547168819061,0.28063943161634103,0.47693358707851474,1.0,0.24571428571428572
wong_antibiotics,Mean_50uM,F-LITE-full,1,8,450,0.017962832935154438,1.409116,3.7751710414886475,0.5384147078730166,-0.099447547,-0.11870230680000002,-0.51761165128,0.043256997455470736,0.0,0.010473000999999996,0.05521836131811142,0.06075168401002884,,38911,,,0.3633789421183331,0.3431372549019608,0.5539145586733168,1.0,0.356734693877551
wong_antibiotics,Mean_50uM,F-LITE-full,1,9,500,0.018690416822209954,1.40722,4.569650888442993,0.6082844589836895,-0.099447547,-0.11870230680000002,-0.43329943343,0.05597964376590331,0.0,0.010473000999999996,0.05002054199576378,0.0671863779425621,,38861,,,0.2471285380722072,0.2360248447204969,0.42018741509911817,0.9953488372093023,0.12489795918367347
wong_antibiotics,Mean_50uM,F-LITE-full,1,10,550,0.020078082801774144,1.40538,5.436698913574219,0.6624372908845544,-0.099447547,-0.1156785712,-0.29402205021000005,0.07124681933842239,0.0,0.010473000999999996,0.04785335808992386,0.0787854865193367,,38811,,,0.2830302815543075,0.2694300518134715,0.4666666666666667,1.0,0.19346938775510203
wong_antibiotics,Mean_50uM,F-LITE-full,2,1,100,0.0037796669639647007,1.421676,0.26419615745544434,0.22618983406573534,-0.575457714,-0.7615432958999999,-1.00800519081,0.0,0.0,0.486483168,0.03371872380375862,1.6801802171784175e-09,,39261,,,0.5998086109274734,0.733587786259542,0.861198659496532,1.0,0.7542857142857143
wong_antibiotics,Mean_50uM,F-LITE-full,2,2,150,0.01642325008288026,1.419812,0.6051440238952637,0.26543462509289384,-0.106577085,-0.22142572190000004,-0.8490551180700001,0.010178117048346057,0.0,0.017602539,0.02328958734869957,0.004071495030075312,,39211,,,0.50748792366259,0.49487554904831627,0.7713933307332295,1.0,0.6391836734693878
wong_antibiotics,Mean_50uM,F-LITE-full,2,3,200,0.01918549998663366,1.4181,0.9810638427734375,0.29581558308564126,-0.097650087,-0.14523294579999999,-0.7464130495600001,0.02544529262086514,0.0,0.008675540999999995,0.05496310070157051,0.026931462809443474,,39161,,,0.31018221585604117,0.27518796992481204,0.5866045571082947,1.0,0.24897959183673468
wong_antibiotics,Mean_50uM,F-LITE-full,2,4,250,0.016921290894970298,1.416188,1.397754192352295,0.3275412500370294,-0.091556712,-0.1081220248,-0.59504718348,0.05089058524173028,0.3333333333333333,0.002582165999999997,0.060642141848802567,0.03407272696495056,,39111,,,0.3645087380737061,0.3269230769230769,0.6191226730595485,1.0,0.4179591836734694
wong_antibiotics,Mean_50uM,F-LITE-full,2,5,300,0.019457208923995495,1.414436,1.8772480487823486,0.3803058748599142,-0.091556712,-0.1081220248,-0.49812023816999995,0.05597964376590331,0.3333333333333333,0.002582165999999997,0.05294385924935341,0.0875198021531105,,39061,,,0.40571252662640483,0.3729440789473684,0.6746928269501301,1.0,0.41877551020408166
wong_antibiotics,Mean_50uM,F-LITE-full,2,6,350,0.017660000128671527,1.412684,2.417647123336792,0.44142720801755786,-0.091556712,-0.1031928222,-0.40293387892999993,0.06870229007633588,0.3333333333333333,0.002582165999999997,0.058392126113176346,0.28156355023384094,,39011,,,0.23885630219463339,0.2058139534883721,0.4099485420240137,1.0,0.1126530612244898
wong_antibiotics,Mean_50uM,F-LITE-full,2,7,400,0.019716500071808696,1.41078,3.02006196975708,0.4918431250844151,-0.091556712,-0.0993336725,-0.20226317967000004,0.1297709923664122,0.3333333333333333,0.002582165999999997,0.06281206011772156,0.2268015444278717,,38961,,,0.35422532296537407,0.24031007751937986,0.8479830599522805,1.0,0.3681632653061224
wong_antibiotics,Mean_50uM,F-LITE-full,2,8,450,0.0192625829949975,1.409132,3.684886932373047,0.5407398329116404,-0.091556712,-0.0993336725,-0.16340376998,0.16539440203562342,0.3333333333333333,0.002582165999999997,0.05924144387245178,0.23168261349201202,,38911,,,0.3268310868884978,0.32395950506186727,0.5045540953797835,1.0,0.2963265306122449
wong_antibiotics,Mean_50uM,F-LITE-full,2,9,500,0.01890566712245345,1.407212,4.450047969818115,0.6088785000611097,-0.088974546,-0.097632812,-0.15559231104,0.18829516539440203,0.6666666666666666,0.0,0.05875125899910927,0.21840433776378632,,38861,,,0.24692117377252729,0.2222222222222222,0.37981518151815186,1.0,0.07102040816326531
wong_antibiotics,Mean_50uM,F-LITE-full,2,10,550,0.018822750076651573,1.405436,5.27680516242981,0.6591529999859631,-0.088974546,-0.0958065049,-0.14952620783,0.21628498727735368,0.6666666666666666,0.0,0.05726109445095062,0.20204606652259827,,38811,,,0.23570402495700762,0.20614035087719298,0.46,1.0,0.12
wong_antibiotics,Mean_50uM,F-LITE-full,3,1,100,0.00380883296020329,1.421652,0.25846314430236816,0.2271117081400007,-0.787460519,-0.8659370945000001,-1.0148187467300003,0.0,0.0,0.698485973,0.01885911077260971,2.1535704775033082e-07,,39261,,,0.6121853734161329,0.5679442508710801,1.0,1.0,0.8742857142857143
wong_antibiotics,Mean_50uM,F-LITE-full,3,2,150,0.014654583996161819,1.419764,0.5925512313842773,0.26212804205715656,-0.787460519,-0.8490407047999999,-0.9514765727700001,0.0,0.0,0.698485973,0.010904176160693169,0.003238236764445901,,39211,,,0.3362996846877258,0.35344827586206895,0.47820430919333307,1.0,0.2987755102040816
wong_antibiotics,Mean_50uM,F-LITE-full,3,3,200,0.015042999992147088,1.418076,0.9704420566558838,0.2925185419153422,-0.1872647,-0.7551015455000001,-0.9168699519100002,0.0,0.0,0.098290154,0.009117933921515942,0.002093487186357379,,39161,,,0.4946666703334934,0.5,0.6029855158143659,1.0,0.8840816326530613
wong_antibiotics,Mean_50uM,F-LITE-full,3,4,250,0.017244207905605435,1.416204,1.410616159439087,0.33552525006234646,-0.17912,-0.6185202336000001,-0.88163939138,0.002544529262086514,0.0,0.090145454,0.011455077677965164,0.0030598037410527468,,39111,,,0.2740349123599449,0.2830188679245283,0.38529102120619646,1.0,0.07346938775510205
wong_antibiotics,Mean_50uM,F-LITE-full,3,5,300,0.02049079188145697,1.41446,1.9029350280761719,0.3810182090383023,-0.109231608,-0.1957416308,-0.7889057080999998,0.010178117048346057,0.0,0.020257061999999992,0.010131997987627983,0.010097547434270382,,39061,,,0.28658693890707454,0.2857142857142857,0.44,1.0,0.1526530612244898
wong_antibiotics,Mean_50uM,F-LITE-full,3,6,350,0.021058416226878762,1.412692,2.4514191150665283,0.44145054183900356,-0.097455756,-0.14695446709999999,-0.60048032352,0.030534351145038167,0.0,0.008481210000000003,0.010499129071831703,0.042285289615392685,,39011,,,0.35530735742798303,0.31894484412470026,0.544765235306875,1.0,0.27510204081632655
wong_antibiotics,Mean_50uM,F-LITE-full,3,7,400,0.022130583180114627,1.41078,3.0724589824676514,0.49942899984307587,-0.097455756,-0.1177125641,-0.36339150893000005,0.061068702290076333,0.0,0.008481210000000003,0.023255160078406334,0.053261470049619675,,38961,,,0.3933809825349195,0.35278514588859416,0.6540146943059569,1.0,0.35836734693877553
wong_antibiotics,Mean_50uM,F-LITE-full,3,8,450,0.020492458948865533,1.409084,3.7391960620880127,0.538024750072509,-0.095908224,-0.1133235993,-0.28906067167,0.08142493638676845,0.0,0.006933677999999999,0.03348938003182411,0.05398948863148689,,38911,,,0.3499907454974805,0.3246753246753247,0.49910714285714314,1.0,0.26612244897959186
wong_antibiotics,Mean_50uM,F-LITE-full,3,9,500,0.02015612507238984,1.407228,4.492095947265625,0.606556124985218,-0.094751949,-0.1062942559,-0.17790851195999996,0.1297709923664122,0.0,0.005777403,0.032585468143224716,0.06622876226902008,,38861,,,0.4477006706848821,0.4306569343065693,0.605157198014341,1.0,0.64
wong_antibiotics,Mean_50uM,F-LITE-full,3,10,550,0.02013916685245931,1.405428,5.356536149978638,0.6642344591673464,-0.094751949,-0.10438424549999999,-0.16722392763999994,0.1475826972010178,0.0,0.005777403,0.034282904118299484,0.07412603497505188,,38811,,,0.26334315017930854,0.23745819397993312,0.35410658307210047,1.0,0.062040816326530614
wong_antibiotics,Mean_50uM,F-LITE-full,4,1,100,0.016414666082710028,1.421652,0.26921868324279785,0.22750295815058053,-0.73312025,-0.8313459607,-1.00602106705,0.0,0.0,0.644145704,0.01177304144948721,0.008945401757955551,,39261,,,0.34893374448293524,0.3185840707964602,0.47560975609756095,1.0,0.20489795918367346
wong_antibiotics,Mean_50uM,F-LITE-full,4,2,150,0.010821458883583546,1.41982,0.6074638366699219,0.2642377919983119,-0.126079222,-0.7221458767,-0.92698406566,0.002544529262086514,0.0,0.03710467599999999,0.014414608478546143,0.0005569793283939362,,39211,,,0.30816917098947477,0.28865979381443296,0.4934546103085432,1.0,0.16979591836734695
wong_antibiotics,Mean_50uM,F-LITE-full,4,3,200,0.018634292064234614,1.418116,0.9930739402770996,0.2951287911273539,-0.126079222,-0.6947041804999999,-0.90336537669,0.002544529262086514,0.0,0.03710467599999999,0.015473605133593082,0.003398614004254341,,39161,,,0.2954489135202996,0.26804123711340205,0.461038961038961,1.0,0.16979591836734695
wong_antibiotics,Mean_50uM,F-LITE-full,4,4,250,0.0142469578422606,1.416204,1.423553705215454,0.32966366689652205,-0.126079222,-0.6702814419,-0.8865798775300001,0.002544529262086514,0.0,0.03710467599999999,0.013651441782712936,0.001734239631332457,,39111,,,0.3004302505716876,0.25,0.5480769230769231,1.0,0.22122448979591836
wong_antibiotics,Mean_50uM,F-LITE-full,4,5,300,0.013347375206649303,1.414444,1.9214298725128174,0.380985917057842,-0.126079222,-0.48041013150000006,-0.8500775620500002,0.002544529262086514,0.0,0.03710467599999999,0.012833181768655777,0.0012859684647992253,,39061,,,0.27861936511391616,0.2468354430379747,0.4509677419354841,1.0,0.14612244897959184
wong_antibiotics,Mean_50uM,F-LITE-full,4,6,350,0.01847225008532405,1.412628,2.4917218685150146,0.44357812497764826,-0.110253895,-0.2352414472,-0.79814536567,0.007633587786259542,0.0,0.021279349000000003,0.014439786784350872,0.005116138607263565,,39011,,,0.3802410844759442,0.344,0.6123689727463315,1.0,0.3314285714285714
wong_antibiotics,Mean_50uM,F-LITE-full,4,7,400,0.020713457837700844,1.410732,3.118428945541382,0.4950159590225667,-0.110253895,-0.1800320492,-0.7587680166999999,0.010178117048346057,0.0,0.021279349000000003,0.012607863172888756,0.01943616196513176,,38961,,,0.19739482052845023,0.19444444444444445,0.30945529290853035,1.0,0.025306122448979593
wong_antibiotics,Mean_50uM,F-LITE-full,4,8,450,0.023094958858564496,1.409108,3.8095598220825195,0.5412157499231398,-0.098835003,-0.16346959200000002,-0.7405079752,0.01272264631043257,0.0,0.009860457000000003,0.014353898353874683,0.021593118086457253,,38911,,,0.25347556734135956,0.17886178861788618,0.5606244223066653,1.0,0.17224489795918368
wong_antibiotics,Mean_50uM,F-LITE-full,4,9,500,0.022656166926026344,1.407212,4.606228828430176,0.6127390419133008,-0.098835003,-0.16099574370000003,-0.71453165084,0.01272264631043257,0.0,0.009860457000000003,0.013157802633941174,0.025359584018588066,,38861,,,0.14180066110789713,0.1342281879194631,0.2375742574257426,1.0,0.011428571428571429
wong_antibiotics,Mean_50uM,F-LITE-full,4,10,550,0.01861666701734066,1.405412,5.469659805297852,0.660795999923721,-0.098835003,-0.1399543588,-0.6695446516400001,0.017811704834605598,0.0,0.009860457000000003,0.012731625698506832,0.02562999539077282,,38811,,,0.1864467814625384,0.1432469304229195,0.45164182783609275,1.0,0.12
wong_antibiotics,Mean_50uM,UCB,0,1,100,0.0024377501104027033,1.105012,0.24724507331848145,0.22574691707268357,-0.190535,-0.5991290421000001,-0.9750796348099999,0.0,0.0,0.10156045400000001,0.020559167489409447,0.016950316727161407,,39261,,,0.5724862344403608,0.5531914893617021,0.7248049144944383,1.0,0.9444897959183673
wong_antibiotics,Mean_50uM,UCB,0,2,150,0.002263707807287574,1.10362,0.5730071067810059,0.26371512515470386,-0.190535,-0.5968419788999999,-0.9149581521299999,0.0,0.0,0.10156045400000001,0.02763471193611622,0.00534792197868228,,39211,,,0.4228586220131712,0.3217391304347826,0.6756756756756757,1.0,0.3346938775510204
wong_antibiotics,Mean_50uM,UCB,0,3,200,0.002396332798525691,1.1023,0.9398002624511719,0.2946559579577297,-0.142378268,-0.32785333599999994,-0.8504267023,0.005089058524173028,0.0,0.053403722,0.023579983040690422,0.0022479381877928972,,39161,,,0.3877693471063886,0.3508771929824561,0.6534653465346535,1.0,0.34122448979591835
wong_antibiotics,Mean_50uM,UCB,0,4,250,0.002246666932478547,1.10078,1.3443100452423096,0.32839104207232594,-0.106577085,-0.15248668110000002,-0.7492863967999999,0.022900763358778626,0.0,0.017602539,0.029346194118261337,0.0079533401876688,,39111,,,0.5501954186633352,0.49117647058823527,0.8426416081629095,1.0,0.6889795918367347
wong_antibiotics,Mean_50uM,UCB,0,5,300,0.002268583979457617,1.099452,1.8131489753723145,0.38189158285968006,-0.106577085,-0.14050540090000002,-0.6290228191599999,0.03816793893129771,0.0,0.017602539,0.033962126821279526,0.030965184792876244,,39061,,,0.31860764389870905,0.23952975753122704,0.8880001608827099,1.0,0.2310204081632653
wong_antibiotics,Mean_50uM,UCB,0,6,350,0.0022402082104235888,1.098068,2.367204189300537,0.4511066251434386,-0.106577085,-0.14050540090000002,-0.57778365847,0.03816793893129771,0.0,0.017602539,0.037676431238651276,0.044691380113363266,,39011,,,0.5402911135948942,0.6694352159468439,0.8615141059468236,1.0,0.6906122448979591
wong_antibiotics,Mean_50uM,UCB,0,7,400,0.00224491604603827,1.096564,2.9693830013275146,0.49537783302366734,-0.091556712,-0.11342492600000002,-0.42481153323999993,0.061068702290076333,0.3333333333333333,0.002582165999999997,0.04285738617181778,0.05361079052090645,,38961,,,0.4944974372687024,0.3632286995515695,1.0,1.0,0.4889795918367347
wong_antibiotics,Mean_50uM,UCB,0,8,450,0.0023120420519262552,1.095292,3.63797926902771,0.5390830421820283,-0.091556712,-0.10924532900000002,-0.31437344546000007,0.07633587786259542,0.3333333333333333,0.002582165999999997,0.0481596365571022,0.06657400727272034,,38911,,,0.6820868270776678,0.82,1.0,1.0,0.6710204081632654
wong_antibiotics,Mean_50uM,UCB,0,9,500,0.002223874907940626,1.093796,4.403753995895386,0.6099831250030547,-0.091556712,-0.1063736955,-0.24818514437000005,0.08142493638676845,0.3333333333333333,0.002582165999999997,0.04436173662543297,0.08559536933898926,,38861,,,0.49846731159170377,0.3314121037463977,0.9914893617021276,1.0,0.4310204081632653
wong_antibiotics,Mean_50uM,UCB,0,10,550,0.0022272090427577496,1.092396,5.232391119003296,0.6636119580361992,-0.091556712,-0.10142791059999998,-0.18862130740000002,0.1297709923664122,0.3333333333333333,0.002582165999999997,0.044930361211299896,0.10089007765054703,,38811,,,0.464643691726832,0.40620384047267355,0.8887255692013458,1.0,0.5036734693877551
wong_antibiotics,Mean_50uM,UCB,1,1,100,0.0022590418811887503,1.10502,0.24450421333312988,0.22564108413644135,-0.124421795,-0.4083590729,-0.9537620682499999,0.002544529262086514,0.0,0.035447249,0.03757605329155922,0.017502395436167717,,39261,,,0.5444726543279559,0.5467980295566502,0.7618199052132706,1.0,0.756734693877551
wong_antibiotics,Mean_50uM,UCB,1,2,150,0.002265749964863062,1.103612,0.5698850154876709,0.2653387919999659,-0.099447547,-0.22512087519999996,-0.78659633203,0.007633587786259542,0.0,0.010473000999999996,0.0461595393717289,0.017567377537488937,,39211,,,0.700908749638804,0.7024952015355086,0.8656126482213439,1.0,0.9657142857142857
wong_antibiotics,Mean_50uM,UCB,1,3,200,0.0023442921228706837,1.102292,0.9289789199829102,0.29407204198651016,-0.099447547,-0.180798258,-0.6905088934600001,0.01272264631043257,0.0,0.010473000999999996,0.046878378838300705,0.03965628892183304,,39161,,,0.830912095825817,0.8491525423728814,1.0,1.0,1.0
wong_antibiotics,Mean_50uM,UCB,1,4,250,0.0022552090231329203,1.100764,1.3334810733795166,0.33016504207625985,-0.099447547,-0.1563505089,-0.4566374253900001,0.022900763358778626,0.0,0.010473000999999996,0.05576604604721069,0.04012559354305267,,39111,,,0.9321980034056225,0.9132149901380671,1.0,1.0,1.0
wong_antibiotics,Mean_50uM,UCB,1,5,300,0.002213334199041128,1.099428,1.7991681098937988,0.38317708391696215,-0.099447547,-0.1563505089,-0.41493763045000004,0.022900763358778626,0.0,0.010473000999999996,0.04772201180458069,0.08976668119430542,,39061,,,0.8043920469018403,0.8,1.0,1.0,1.0
wong_antibiotics,Mean_50uM,UCB,1,6,350,0.00220391689799726,1.09802,2.3300952911376953,0.4374370421282947,-0.099447547,-0.15528828020000002,-0.39683808091000006,0.02544529262086514,0.0,0.010473000999999996,0.050657156854867935,0.09645957499742508,,39011,,,0.8339943821460122,0.8212290502793296,1.0,1.0,0.9934693877551021
wong_antibiotics,Mean_50uM,UCB,1,7,400,0.0022179167717695236,1.096524,2.937756061553955,0.4923609998077154,-0.099447547,-0.15032616510000002,-0.3635520166200001,0.030534351145038167,0.0,0.010473000999999996,0.052290190011262894,0.10697900503873825,,38961,,,0.739128562437213,0.6654740608228981,1.0,1.0,1.0
wong_antibiotics,Mean_50uM,UCB,1,8,450,0.0022626249119639397,1.095276,3.608978033065796,0.5389562079217285,-0.099447547,-0.129709692,-0.31921642580000004,0.043256997455470736,0.0,0.010473000999999996,0.050922442227602005,0.1484718769788742,,38911,,,0.6764549872993256,0.736,1.0,1.0,0.8220408163265306
wong_antibiotics,Mean_50uM,UCB,1,9,500,0.0022351250518113375,1.09382,4.369694948196411,0.6079827919602394,-0.099447547,-0.1278917066,-0.3008132603,0.04580152671755725,0.0,0.010473000999999996,0.05585025995969772,0.16039814054965973,,38861,,,0.30507556035387345,0.27714285714285714,0.4482758620689655,1.0,0.20653061224489797
wong_antibiotics,Mean_50uM,UCB,1,10,550,0.0022346661426126957,1.09242,5.222564220428467,0.6614129999652505,-0.099447547,-0.1210215729,-0.23365969465,0.07124681933842239,0.0,0.010473000999999996,0.05474754050374031,0.13940401375293732,,38811,,,0.3298657013819741,0.3045267489711934,0.5193798449612403,0.9084967320261438,0.2587755102040816
wong_antibiotics,Mean_50uM,UCB,2,1,100,0.002445792080834508,1.10502,0.26685404777526855,0.22891241707839072,-0.575457714,-0.7615432958999999,-1.00800519081,0.0,0.0,0.486483168,0.03371872380375862,1.6801802171784175e-09,,39261,,,0.5998086109274734,0.733587786259542,0.861198659496532,1.0,0.7542857142857143
wong_antibiotics,Mean_50uM,UCB,2,2,150,0.002382833044975996,1.103596,0.5935158729553223,0.2644070000387728,-0.106577085,-0.19021539729999998,-0.8473983630000003,0.010178117048346057,0.0,0.017602539,0.02328958734869957,0.004071495030075312,,39211,,,0.541241208539268,0.5260869565217391,0.7546522383032417,1.0,0.7991836734693878
wong_antibiotics,Mean_50uM,UCB,2,3,200,0.002442083088681102,1.102292,0.9530789852142334,0.2965917498804629,-0.099048545,-0.10905849159999999,-0.53212605128,0.06870229007633588,0.0,0.010073999,0.05454365909099579,0.03251928091049194,,39161,,,0.5306706861951345,0.5,0.8333279054916987,1.0,0.6612244897959184
wong_antibiotics,Mean_50uM,UCB,2,4,250,0.0022531249560415745,1.10078,1.356611967086792,0.3314576670527458,-0.09891972,-0.1047829862,-0.42483981174999996,0.08651399491094147,0.0,0.009945174000000001,0.04662603884935379,0.08349566161632538,,39111,,,0.3820380941919137,0.32097130242825606,0.7083255892699262,1.0,0.3461224489795918
wong_antibiotics,Mean_50uM,UCB,2,5,300,0.0022299170959740877,1.09942,1.8198950290679932,0.3843108341097832,-0.091556712,-0.10200843770000001,-0.26194253966000003,0.12468193384223919,0.3333333333333333,0.002582165999999997,0.04463434964418411,0.14143642783164978,,39061,,,0.2860268605013823,0.2373775433308214,0.5046015762988796,1.0,0.22857142857142856
wong_antibiotics,Mean_50uM,UCB,2,6,350,0.0022417919244617224,1.098076,2.3472187519073486,0.4414965419564396,-0.091556712,-0.1004172954,-0.21254425826999998,0.13486005089058525,0.3333333333333333,0.002582165999999997,0.037237320095300674,0.17642058432102203,,39011,,,0.2964952313234912,0.267515923566879,0.521687646407702,1.0,0.22693877551020408
wong_antibiotics,Mean_50uM,UCB,2,7,400,0.0022164159454405308,1.096556,2.9759809970855713,0.5202099171001464,-0.091556712,-0.1004172954,-0.18156874352,0.1475826972010178,0.3333333333333333,0.002582165999999997,0.05133451521396637,0.5431358218193054,,38961,,,0.2917047974403348,0.24702380952380953,0.4682651622002821,1.0,0.1730612244897959
wong_antibiotics,Mean_50uM,UCB,2,8,450,0.0022301250137388706,1.095292,3.6341590881347656,0.5478142919018865,-0.091556712,-0.099360571,-0.16952505171,0.15776081424936386,0.3333333333333333,0.002582165999999997,0.0534481555223465,0.45889812707901,,38911,,,0.2728174152803004,0.2348993288590604,0.4101694915254237,1.0,0.10857142857142857
wong_antibiotics,Mean_50uM,UCB,2,9,500,0.0022321250289678574,1.09382,4.38278603553772,0.6098655830137432,-0.091556712,-0.099360571,-0.16334077425000004,0.17048346055979643,0.3333333333333333,0.002582165999999997,0.04939287528395653,0.4272907078266144,,38861,,,0.2484856617186429,0.21782178217821782,0.4113735105605025,1.0,0.11918367346938775
wong_antibiotics,Mean_50uM,UCB,2,10,550,0.0022397912107408047,1.092412,5.194377899169922,0.6615213749464601,-0.091556712,-0.0974409454,-0.15293969251999998,0.1984732824427481,0.3333333333333333,0.002582165999999997,0.05572914704680443,0.3395514488220215,,38811,,,0.35596908580136283,0.3215258855585831,0.5782257119418729,1.0,0.23918367346938776
wong_antibiotics,Mean_50uM,UCB,3,1,100,0.0024082909803837538,1.104996,0.25553417205810547,0.22561787511222064,-0.787460519,-0.8659370945000001,-1.0148187467300003,0.0,0.0,0.698485973,0.01885911077260971,2.1535704775033082e-07,,39261,,,0.6121853734161329,0.5679442508710801,1.0,1.0,0.8742857142857143
wong_antibiotics,Mean_50uM,UCB,3,2,150,0.0022127919364720583,1.103548,0.5767931938171387,0.2638573341537267,-0.787460519,-0.8499498959,-0.9450342525700002,0.0,0.0,0.698485973,0.010904176160693169,0.003238236764445901,,39211,,,0.3929433448173684,0.3778801843317972,0.5086917293233083,1.0,0.3877551020408163
wong_antibiotics,Mean_50uM,UCB,3,3,200,0.002425124868750572,1.10226,0.9512951374053955,0.30128912487998605,-0.787460519,-0.8410851969000002,-0.9197347716500002,0.0,0.0,0.698485973,0.008771601133048534,0.0029763728380203247,,39161,,,0.3763694042030668,0.36330935251798563,0.706766917293233,1.0,0.4816326530612245
wong_antibiotics,Mean_50uM,UCB,3,4,250,0.0022654999047517776,1.100788,1.372020959854126,0.3307827909011394,-0.760504025,-0.8263167773,-0.9035350267800001,0.0,0.0,0.671529479,0.008213781751692295,0.0025165167171508074,,39111,,,0.5004498207377386,0.4140127388535032,0.9315589353612167,1.0,0.5795918367346938
wong_antibiotics,Mean_50uM,UCB,3,5,300,0.0022182499524205923,1.099444,1.8475210666656494,0.38014312484301627,-0.18705,-0.6726324306,-0.8765665982,0.0,0.0,0.09807545399999999,0.008701078593730927,0.002026909962296486,,39061,,,0.46245789484097666,0.4666666666666667,0.5831428571428572,1.0,0.7248979591836735
wong_antibiotics,Mean_50uM,UCB,3,6,350,0.0022262500133365393,1.098076,2.3895010948181152,0.436336874961853,-0.106875914,-0.1619902286,-0.6687818188400001,0.027989821882951654,0.0,0.017901368,0.011122876778244972,0.0076188198290765285,,39011,,,0.35417982141171267,0.3342696629213483,0.5344284428442845,0.9084967320261438,0.31918367346938775
wong_antibiotics,Mean_50uM,UCB,3,7,400,0.002240207977592945,1.096564,2.9869141578674316,0.49737087497487664,-0.106875914,-0.14508238029999998,-0.5451953023200001,0.04580152671755725,0.0,0.017901368,0.008554513566195965,0.05587083846330643,,38961,,,0.30928622737597533,0.2947019867549669,0.43243243243243246,1.0,0.15020408163265306
wong_antibiotics,Mean_50uM,UCB,3,8,450,0.002222000155597925,1.095276,3.6259970664978027,0.5359641250688583,-0.104176943,-0.11979547799999998,-0.3406402214,0.07888040712468193,0.0,0.015202396999999992,0.008352689445018768,0.08535430580377579,,38911,,,0.4244075104390929,0.3674911660777385,0.6563948636104074,1.0,0.41714285714285715
wong_antibiotics,Mean_50uM,UCB,3,9,500,0.0022009590175002813,1.09382,4.366949081420898,0.6090415001381189,-0.094751949,-0.10920555650000001,-0.18378246971,0.1297709923664122,0.0,0.005777403,0.012002108618617058,0.09226887673139572,,38861,,,0.41666284092637235,0.3922413793103448,0.5902122631187365,1.0,0.4685714285714286
wong_antibiotics,Mean_50uM,UCB,3,10,550,0.0022068750113248825,1.092412,5.165179252624512,0.6626690409611911,-0.094751949,-0.10421085969999999,-0.16374895382999996,0.16793893129770993,0.0,0.005777403,0.02214553952217102,0.08500900119543076,,38811,,,0.38939183679752676,0.34710743801652894,0.5824561403508772,1.0,0.2922448979591837
wong_antibiotics,Mean_50uM,UCB,4,1,100,0.0022430419921875,1.10502,0.25492382049560547,0.2266075829975307,-0.73312025,-0.8335561276,-0.99150693634,0.0,0.0,0.644145704,0.01177304144948721,0.008945401757955551,,39261,,,0.5622234818733667,0.5460992907801419,1.0,1.0,0.8702040816326531
wong_antibiotics,Mean_50uM,UCB,4,2,150,0.0022301669232547283,1.103604,0.5791497230529785,0.2636281249579042,-0.126079222,-0.7550703594,-0.9248502992800001,0.002544529262086514,0.0,0.03710467599999999,0.005949093494564295,0.013174659572541714,,39211,,,0.389568687088035,0.35443037974683544,0.5808372093023257,1.0,0.3795918367346939
wong_antibiotics,Mean_50uM,UCB,4,3,200,0.0024045000318437815,1.1023,0.9462878704071045,0.2953732078894973,-0.126079222,-0.7210288657000001,-0.9075138299299997,0.002544529262086514,0.0,0.03710467599999999,0.008776320144534111,0.014964613132178783,,39161,,,0.2690686071630806,0.25,0.43220024326227546,1.0,0.1363265306122449
wong_antibiotics,Mean_50uM,UCB,4,4,250,0.00223687500692904,1.100788,1.368034839630127,0.3305675839073956,-0.126079222,-0.580788708,-0.8757049891300003,0.002544529262086514,0.0,0.03710467599999999,0.01125307846814394,0.003122571622952819,,39111,,,0.25673756731177455,0.2,0.5,1.0,0.16244897959183674
wong_antibiotics,Mean_50uM,UCB,4,5,300,0.0022600418888032436,1.099428,1.8437047004699707,0.3810068340972066,-0.110253895,-0.366964752,-0.83507704702,0.007633587786259542,0.0,0.021279349000000003,0.012589674443006516,0.005673930048942566,,39061,,,0.40348656421965107,0.366412213740458,0.625,1.0,0.4204081632653061
wong_antibiotics,Mean_50uM,UCB,4,6,350,0.0025549998972564936,1.098076,2.392605781555176,0.44675958389416337,-0.110253895,-0.1771080492,-0.77767058805,0.010178117048346057,0.0,0.021279349000000003,0.012951352633535862,0.01687830686569214,,39011,,,0.22010698541695045,0.19548872180451127,0.3333333333333333,1.0,0.044897959183673466
wong_antibiotics,Mean_50uM,UCB,4,7,400,0.0022758750710636377,1.096564,3.001729726791382,0.4955955841578543,-0.098835003,-0.16406404950000003,-0.7646715555900001,0.01272264631043257,0.0,0.009860457000000003,0.013390148989856243,0.028931569308042526,,38961,,,0.2503250896799886,0.2,0.42857142857142855,1.0,0.11428571428571428
wong_antibiotics,Mean_50uM,UCB,4,8,450,0.0022352910600602627,1.095292,3.6661908626556396,0.5419267080724239,-0.098835003,-0.16406404950000003,-0.7606110317400001,0.01272264631043257,0.0,0.009860457000000003,0.013062914833426476,0.028998689725995064,,38911,,,0.17975179261633503,0.1574074074074074,0.29439124487004115,1.0,0.035918367346938776
wong_antibiotics,Mean_50uM,UCB,4,9,500,0.002245292067527771,1.093804,4.428172826766968,0.6109860420692712,-0.098835003,-0.16406404950000003,-0.7499330894000003,0.01272264631043257,0.0,0.009860457000000003,0.012850013561546803,0.024100128561258316,,38861,,,0.3846708294773627,0.14393939393939395,1.0,1.0,0.33387755102040817
wong_antibiotics,Mean_50uM,UCB,4,10,550,0.0022499579936265945,1.092396,5.273014783859253,0.6607650830410421,-0.098835003,-0.16406404950000003,-0.7277563085900002,0.01272264631043257,0.0,0.009860457000000003,0.022777726873755455,0.012329957447946072,,38811,,,0.20934577812902652,0.19827586206896552,0.3081833060556466,1.0,0.029387755102040815
wong_antibiotics,Mean_50uM,Greedy,0,1,100,0.0022495840676128864,0.790812,0.2487647533416748,0.22577920905314386,-0.217215,-0.6666584702,-0.9822749441499999,0.0,0.0,0.128240454,0.020559167489409447,0.016950316727161407,,39261,,,0.5714926112477965,0.5515873015873016,0.7236842105263158,1.0,0.9575510204081633
wong_antibiotics,Mean_50uM,Greedy,0,2,150,0.0022780420258641243,0.789836,0.5713088512420654,0.26585529185831547,-0.150270831,-0.3375803064,-0.86487497068,0.005089058524173028,0.0,0.06129628499999999,0.016653142869472504,0.013831180520355701,,39211,,,0.903488427033672,0.8902654867256637,1.0,1.0,1.0
wong_antibiotics,Mean_50uM,Greedy,0,3,200,0.0023448748979717493,0.788892,0.9299118518829346,0.29282341594807804,-0.150270831,-0.3071913814,-0.80597783799,0.005089058524173028,0.0,0.06129628499999999,0.03998837620019913,0.032339587807655334,,39161,,,0.8025309133483047,0.7482837528604119,1.0,1.0,1.0
wong_antibiotics,Mean_50uM,Greedy,0,4,250,0.002228416968137026,0.787772,1.3357579708099365,0.3328965420369059,-0.150270831,-0.18163631189999999,-0.54845649787,0.015267175572519083,0.0,0.06129628499999999,0.03777451440691948,0.031027402728796005,,39111,,,0.9440610400345714,0.9369369369369369,1.0,1.0,1.0
wong_antibiotics,Mean_50uM,Greedy,0,5,300,0.002239583060145378,0.786844,1.7956299781799316,0.3813040000386536,-0.150270831,-0.1801088329,-0.46583321148,0.015267175572519083,0.0,0.06129628499999999,0.04045581817626953,0.0676954835653305,,39061,,,0.8906476425651771,0.8693181818181818,1.0,1.0,1.0
wong_antibiotics,Mean_50uM,Greedy,0,6,350,0.0022060000337660313,0.785852,2.336829900741577,0.44367458391934633,-0.148862243,-0.1732864236,-0.4133560585,0.020356234096692113,0.0,0.059887697000000004,0.04090701788663864,0.08302752673625946,,39011,,,0.8328708184028026,0.8397129186602871,1.0,1.0,1.0
wong_antibiotics,Mean_50uM,Greedy,0,7,400,0.002199334092438221,0.784764,2.9439189434051514,0.4955955839250237,-0.148862243,-0.1696546618,-0.37853879268,0.02544529262086514,0.0,0.059887697000000004,0.043234698474407196,0.0865236297249794,,38961,,,0.7441265024735702,0.7255192878338279,1.0,1.0,1.0
wong_antibiotics,Mean_50uM,Greedy,0,8,450,0.002265125047415495,0.7839,3.6090779304504395,0.5409929999150336,-0.148862243,-0.1696546618,-0.36910058067,0.02544529262086514,0.0,0.059887697000000004,0.04903778061270714,0.10260267555713654,,38911,,,0.7449922587795287,0.6735751295336787,1.0,1.0,1.0
wong_antibiotics,Mean_50uM,Greedy,0,9,500,0.002188666956499219,0.782796,4.3826611042022705,0.6107347910292447,-0.100164521,-0.1273633931,-0.32289826884,0.043256997455470736,0.0,0.011189975000000005,0.04768366366624832,0.12389246374368668,,38861,,,0.7238083539782599,0.6473988439306358,1.0,1.0,1.0
wong_antibiotics,Mean_50uM,Greedy,0,10,550,0.002169583924114704,0.781828,5.2411277294158936,0.6638485831208527,-0.100164521,-0.1206889707,-0.29450276883,0.05089058524173028,0.0,0.011189975000000005,0.05072702094912529,0.14149054884910583,,38811,,,0.6775174297999192,0.6363636363636364,1.0,1.0,0.9412244897959183
wong_antibiotics,Mean_50uM,Greedy,1,1,100,0.0024472081568092108,0.790828,0.2575390338897705,0.23723600013181567,-0.124421795,-0.3061637864,-0.9041374745499998,0.002544529262086514,0.0,0.035447249,0.03757605329155922,0.017502395436167717,,39261,,,0.5372012540091194,0.5749440715883669,0.824607329842932,1.0,0.6261224489795918
wong_antibiotics,Mean_50uM,Greedy,1,2,150,0.00223070802167058,0.789812,0.5867488384246826,0.26923025003634393,-0.124421795,-0.2705122416,-0.7764161971799999,0.002544529262086514,0.0,0.035447249,0.04302629083395004,0.04526004195213318,,39211,,,0.8512012372605152,0.8557993730407524,1.0,1.0,1.0
wong_antibiotics,Mean_50uM,Greedy,1,3,200,0.0021780000533908606,0.788876,0.9500839710235596,0.2992450001183897,-0.099447547,-0.1593490681,-0.50187596181,0.022900763358778626,0.0,0.010473000999999996,0.05214759707450867,0.045887917280197144,,39161,,,0.8194288488942627,0.8661417322834646,1.0,1.0,0.9738775510204082
wong_antibiotics,Mean_50uM,Greedy,1,4,250,0.002230416052043438,0.787788,1.3639490604400635,0.33687920798547566,-0.099447547,-0.1587628661,-0.41466438741999995,0.02544529262086514,0.0,0.010473000999999996,0.06334001570940018,0.09254931658506393,,39111,,,0.8345412779235102,0.8218390804597702,1.0,1.0,1.0
wong_antibiotics,Mean_50uM,Greedy,1,5,300,0.0021961659658700228,0.786844,1.8422658443450928,0.39191324985586107,-0.099447547,-0.1554872341,-0.3538449116300001,0.030534351145038167,0.0,0.010473000999999996,0.0675540342926979,0.08981551229953766,,39061,,,0.7732489096289378,0.7515151515151515,1.0,1.0,1.0
wong_antibiotics,Mean_50uM,Greedy,1,6,350,0.0021927920170128345,0.785852,2.405263900756836,0.4648156671319157,-0.099447547,-0.1399704699,-0.33868732688000003,0.03816793893129771,0.0,0.010473000999999996,0.06264381855726242,0.13342732191085815,,39011,,,0.8000162893998163,0.7535885167464115,1.0,1.0,1.0
wong_antibiotics,Mean_50uM,Greedy,1,7,400,0.0022604588884860277,0.78474,3.0243349075317383,0.5131815420463681,-0.099447547,-0.1399704699,-0.33306940711999994,0.03816793893129771,0.0,0.010473000999999996,0.059607118368148804,0.15371344983577728,,38961,,,0.8348040928526961,0.8397129186602871,1.0,1.0,1.0
wong_antibiotics,Mean_50uM,Greedy,1,8,450,0.0022362919989973307,0.783908,3.696016788482666,0.5548186670057476,-0.099447547,-0.1399704699,-0.33071230239999994,0.03816793893129771,0.0,0.010473000999999996,0.05819065496325493,0.16291190683841705,,38911,,,0.7137966666185923,0.7232142857142857,1.0,1.0,1.0
wong_antibiotics,Mean_50uM,Greedy,1,9,500,0.002215874847024679,0.782836,4.487544059753418,0.6263332089874893,-0.099447547,-0.1271684008,-0.30894533161,0.04580152671755725,0.0,0.010473000999999996,0.051716845482587814,0.1697969287633896,,38861,,,0.5182755575771297,0.470703125,0.8218623481781376,1.0,0.7453061224489796
wong_antibiotics,Mean_50uM,Greedy,1,10,550,0.0021912918891757727,0.781796,5.3125159740448,0.6595243329647928,-0.099447547,-0.12358795820000001,-0.26851360488,0.05597964376590331,0.0,0.010473000999999996,0.051782626658678055,0.17781676352024078,,38811,,,0.3682149585212102,0.3560606060606061,0.5,1.0,0.3640816326530612
wong_antibiotics,Mean_50uM,Greedy,2,1,100,0.002284625079482794,0.79082,0.26558899879455566,0.2290936668869108,-0.575457714,-0.7615432958999999,-1.00800519081,0.0,0.0,0.486483168,0.03371872380375862,1.6801802171784175e-09,,39261,,,0.5998086109274734,0.733587786259542,0.861198659496532,1.0,0.7542857142857143
wong_antibiotics,Mean_50uM,Greedy,2,2,150,0.002339957980439067,0.789812,0.5907928943634033,0.26395808393135667,-0.106577085,-0.19021539729999998,-0.8466098970200001,0.010178117048346057,0.0,0.017602539,0.02328958734869957,0.004071495030075312,,39211,,,0.5414088303302573,0.5247432306255836,0.7475472791049419,1.0,0.8171428571428572
wong_antibiotics,Mean_50uM,Greedy,2,3,200,0.0023947919253259897,0.788908,0.9559428691864014,0.29700579191558063,-0.099048545,-0.1106992836,-0.54830694093,0.06361323155216285,0.0,0.010073999,0.054701853543519974,0.03130234032869339,,39161,,,0.5195409941533488,0.46098265895953755,0.8174414091655474,1.0,0.636734693877551
wong_antibiotics,Mean_50uM,Greedy,2,4,250,0.0022217920050024986,0.787788,1.3633410930633545,0.3311086669564247,-0.099048545,-0.10683591370000001,-0.43870187104999997,0.08396946564885496,0.0,0.010073999,0.04506653919816017,0.08722596615552902,,39111,,,0.3876701096092256,0.32097130242825606,0.71412680756396,1.0,0.36081632653061224
wong_antibiotics,Mean_50uM,Greedy,2,5,300,0.0022265419829636812,0.786836,1.8276269435882568,0.38043437502346933,-0.091556712,-0.1019638523,-0.30679415272,0.11959287531806616,0.3333333333333333,0.002582165999999997,0.04425074905157089,0.1317601203918457,,39061,,,0.3048183455430143,0.2773006134969325,0.4634146341463415,1.0,0.18122448979591838
wong_antibiotics,Mean_50uM,Greedy,2,6,350,0.002213041065260768,0.785892,2.361414909362793,0.43791516683995724,-0.091556712,-0.1002903321,-0.23822650364,0.13231552162849872,0.3333333333333333,0.002582165999999997,0.03896318003535271,0.16784393787384033,,39011,,,0.33743310937519266,0.3014018691588785,0.6119005328596803,1.0,0.3224489795918367
wong_antibiotics,Mean_50uM,Greedy,2,7,400,0.002182625001296401,0.784756,2.9585089683532715,0.49441745900548995,-0.091556712,-0.099360571,-0.18588064252000003,0.1450381679389313,0.3333333333333333,0.002582165999999997,0.037972915917634964,0.1644635647535324,,38961,,,0.3058730336990571,0.2974559686888454,0.47861676256005703,1.0,0.24489795918367346
wong_antibiotics,Mean_50uM,Greedy,2,8,450,0.0021997089497745037,0.783924,3.612131118774414,0.5424510419834405,-0.091556712,-0.099360571,-0.17342163781000003,0.15776081424936386,0.3333333333333333,0.002582165999999997,0.033842507749795914,0.5415375232696533,,38911,,,0.45392204485638177,0.3973941368078176,0.7594602313294313,1.0,0.49795918367346936
wong_antibiotics,Mean_50uM,Greedy,2,9,500,0.002200207905843854,0.782836,4.353839159011841,0.6135649159550667,-0.091556712,-0.099360571,-0.16555477287000003,0.16539440203562342,0.3333333333333333,0.002582165999999997,0.03436209633946419,0.5007187128067017,,38861,,,0.41309680137624183,0.30666666666666664,1.0,1.0,0.3395918367346939
wong_antibiotics,Mean_50uM,Greedy,2,10,550,0.0022077499888837337,0.781828,5.168356895446777,0.6599138749297708,-0.091556712,-0.099360571,-0.16447002837000002,0.16793893129770993,0.3333333333333333,0.002582165999999997,0.028382012620568275,0.5048041343688965,,38811,,,0.8367225350375777,0.8928571428571429,1.0,1.0,0.8848979591836734
wong_antibiotics,Mean_50uM,Greedy,3,1,100,0.0022391669917851686,0.790796,0.2548518180847168,0.22567841690033674,-0.787460519,-0.8659370945000001,-1.0148187467300003,0.0,0.0,0.698485973,0.01885911077260971,2.1535704775033082e-07,,39261,,,0.6121853734161329,0.5679442508710801,1.0,1.0,0.8742857142857143
wong_antibiotics,Mean_50uM,Greedy,3,2,150,0.0024702090304344893,0.789764,0.5804612636566162,0.2633103330153972,-0.760504025,-0.8372853055999998,-0.93990481602,0.0,0.0,0.671529479,0.010904176160693169,0.003238236764445901,,39211,,,0.4818577737760383,0.4409722222222222,0.8423236514522822,1.0,0.6155102040816327
wong_antibiotics,Mean_50uM,Greedy,3,3,200,0.002389540895819664,0.788916,0.9502558708190918,0.29596958309412,-0.760504025,-0.8260121947,-0.91743972274,0.0,0.0,0.671529479,0.010476131923496723,0.002226415788754821,,39161,,,0.6364566727207298,0.5941422594142259,1.0,1.0,1.0
wong_antibiotics,Mean_50uM,Greedy,3,4,250,0.0022069578990340233,0.787756,1.3618519306182861,0.32889195811003447,-0.760504025,-0.8179432025999999,-0.90503287664,0.0,0.0,0.671529479,0.00964774377644062,0.0018632253631949425,,39111,,,0.6107388637414415,0.5154929577464789,1.0,1.0,0.9404081632653061
wong_antibiotics,Mean_50uM,Greedy,3,5,300,0.002218791050836444,0.78686,1.851043939590454,0.38525154208764434,-0.311111951,-0.71657864,-0.88496545819,0.0,0.0,0.222137405,0.008996902965009212,0.0018488580826669931,,39061,,,0.5996390209681717,0.5028409090909091,1.0,1.0,0.9355102040816327
wong_antibiotics,Mean_50uM,Greedy,3,6,350,0.0021997089497745037,0.785892,2.4034650325775146,0.4459672919474542,-0.110665562,-0.1448060324,-0.7274363834199999,0.020356234096692113,0.0,0.021691015999999994,0.008486573584377766,0.009971427731215954,,39011,,,0.6155917131421875,0.5967741935483871,1.0,1.0,0.9240816326530612
wong_antibiotics,Mean_50uM,Greedy,3,7,400,0.002231040969491005,0.78474,3.0219569206237793,0.4974706668872386,-0.10773669,-0.11573003800000001,-0.5866455567200002,0.04834605597964377,0.0,0.018762143999999994,0.018245546147227287,0.0367414653301239,,38961,,,0.5453170056297506,0.5941176470588235,0.8775510204081632,1.0,0.6228571428571429
wong_antibiotics,Mean_50uM,Greedy,3,8,450,0.0022590411826968193,0.783908,3.684536933898926,0.5358394160866737,-0.10773669,-0.11573003800000001,-0.4655833290800001,0.06361323155216285,0.0,0.018762143999999994,0.025580095127224922,0.05893181636929512,,38911,,,0.45877529720439447,0.47474747474747475,0.5881263616557735,1.0,0.6987755102040817
wong_antibiotics,Mean_50uM,Greedy,3,9,500,0.002223334042355418,0.782812,4.443260908126831,0.6099778341595083,-0.10773669,-0.11502105950000001,-0.40048910671000015,0.0737913486005089,0.0,0.018762143999999994,0.027404744178056717,0.10207759588956833,,38861,,,0.6726039854069004,0.6666666666666666,0.9150943396226415,1.0,0.9567346938775511
wong_antibiotics,Mean_50uM,Greedy,3,10,550,0.0021916250698268414,0.78182,5.267867088317871,0.662888083839789,-0.10773669,-0.1137520922,-0.32236491042000004,0.08142493638676845,0.0,0.018762143999999994,0.02910049632191658,0.12348998337984085,,38811,,,0.30816967103610754,0.2746331236897275,0.4955679194281797,1.0,0.23510204081632652
wong_antibiotics,Mean_50uM,Greedy,4,1,100,0.002386874984949827,0.790796,0.2662520408630371,0.23744083289057016,-0.73312025,-0.8445765898000002,-1.0280619236199997,0.0,0.0,0.644145704,0.01177304144948721,0.008945401757955551,,39261,,,0.5748520524323495,0.4024822695035461,1.0,1.0,0.6236734693877551
wong_antibiotics,Mean_50uM,Greedy,4,2,150,0.0022267079912126064,0.78982,0.5930559635162354,0.2647498750593513,-0.73312025,-0.8203308075000001,-0.9408916472599997,0.0,0.0,0.644145704,0.018750447779893875,0.00191899249330163,,39211,,,0.6263425554692604,0.6,1.0,1.0,0.986938775510204
wong_antibiotics,Mean_50uM,Greedy,4,3,200,0.002190125174820423,0.78886,0.9546689987182617,0.2966054999269545,-0.110665562,-0.4115189953000001,-0.8735934048199999,0.01272264631043257,0.0,0.021691015999999994,0.01404485572129488,0.002687947591766715,,39161,,,0.6525269637743607,0.6086956521739131,1.0,1.0,0.9804081632653061
wong_antibiotics,Mean_50uM,Greedy,4,4,250,0.0022259170655161142,0.787764,1.3684501647949219,0.332866583019495,-0.110665562,-0.1251482217,-0.80027495266,0.02544529262086514,0.0,0.021691015999999994,0.019688785076141357,0.03092474490404129,,39111,,,0.7463605681190809,0.7638036809815951,1.0,1.0,1.0
wong_antibiotics,Mean_50uM,Greedy,4,5,300,0.0022136669140309095,0.786836,1.8420979976654053,0.38206641585566103,-0.10773669,-0.11912290920000002,-0.6709298821799997,0.03816793893129771,0.0,0.018762143999999994,0.032076362520456314,0.03102843463420868,,39061,,,0.6084653428834955,0.5299401197604791,1.0,1.0,0.963265306122449
wong_antibiotics,Mean_50uM,Greedy,4,6,350,0.002208499936386943,0.785852,2.382270097732544,0.4384565001819283,-0.10773669,-0.11912290920000002,-0.6255714718700001,0.04071246819338423,0.0,0.018762143999999994,0.033190127462148666,0.048781171441078186,,39011,,,0.7145698715341812,0.6935483870967742,1.0,1.0,0.953469387755102
wong_antibiotics,Mean_50uM,Greedy,4,7,400,0.0021954579278826714,0.784748,2.986640214920044,0.4957946250215173,-0.10773669,-0.11573003800000001,-0.4854281119400001,0.05343511450381679,0.0,0.018762143999999994,0.03563998267054558,0.05862526595592499,,38961,,,0.3977224010653085,0.37770897832817335,0.5626,1.0,0.433469387755102
wong_antibiotics,Mean_50uM,Greedy,4,8,450,0.002763583092018962,0.783932,3.6449570655822754,0.538726834114641,-0.10773669,-0.11435685040000002,-0.39127073407000007,0.06361323155216285,0.0,0.018762143999999994,0.036193665117025375,0.0848911926150322,,38911,,,0.3749915034980752,0.36818181818181817,0.5472859021635423,1.0,0.4008163265306122
wong_antibiotics,Mean_50uM,Greedy,4,9,500,0.002191040897741914,0.782836,4.444838047027588,0.6179917091503739,-0.10773669,-0.1136684332,-0.30514813255000006,0.08651399491094147,0.0,0.018762143999999994,0.03617241233587265,0.1163165345788002,,38861,,,0.5055247583583079,0.5089163237311386,0.6617448896799952,1.0,0.7820408163265307
wong_antibiotics,Mean_50uM,Greedy,4,10,550,0.0021882078144699335,0.781804,5.276250839233398,0.6596471660304815,-0.10773669,-0.1128965261,-0.26978361393,0.09414758269720101,0.0,0.018762143999999994,0.04042315483093262,0.16456682980060577,,38811,,,0.5459268074640703,0.47217235188509876,0.9363395225464191,1.0,0.7722448979591837
