subject,session,run,block,trial_in_block,dominant_symbol,response1,correct1,response2,correct2,rt1,rt2
1,1,1,1,1,6,6,1,,,0.3961,0.0
1,1,1,1,2,3,1,0,,,0.9218,0.0
1,1,1,1,3,1,1,1,,,1.2779,0.0
1,1,1,1,4,2,2,1,,,0.6162,0.0
1,1,1,1,5,3,4,0,,,0.8932,0.0
1,1,1,1,6,1,4,0,1,1,1.2821,0.8812
1,1,1,1,7,6,6,1,,,0.3954,0.0
1,1,1,1,8,6,6,1,,,0.3138,0.0
1,1,1,1,9,5,6,0,,,0.2037,0.0
1,1,1,1,10,1,2,0,4,0,0.8614,1.1011
1,1,1,1,11,5,3,0,,,1.0658,0.0
1,1,1,1,12,6,6,1,,,0.5356,0.0
1,1,1,1,13,2,6,0,,,1.0079,0.0
1,1,1,1,14,2,2,1,,,0.736,0.0
1,1,1,1,15,4,6,0,2,0,0.9601,0.8124
1,1,1,1,16,2,2,1,,,0.5654,0.0
1,1,1,1,17,2,2,1,,,0.54,0.0
1,1,1,1,18,6,6,1,,,0.4361,0.0
1,1,1,1,19,3,3,1,,,1.4244,0.0
1,1,1,1,20,5,6,0,4,0,0.4211,1.0786
1,1,1,1,21,6,6,1,,,0.4355,0.0
1,1,1,1,22,1,6,0,,,0.3522,0.0
1,1,1,1,23,4,3,0,,,0.9877,0.0
1,1,1,1,24,5,3,0,,,1.0848,0.0
1,1,1,1,25,3,6,0,,,0.346,0.0
1,1,1,1,26,6,6,1,,,0.2288,0.0
1,1,1,1,27,6,6,1,,,0.4096,0.0
1,1,1,1,28,3,4,0,6,0,0.7918,0.4262
1,1,1,1,29,1,6,0,1,1,0.2908,0.7782
1,1,1,1,30,4,1,0,,,0.5529,0.0
1,1,1,1,31,4,6,0,,,0.3803,0.0
1,1,1,1,32,1,2,0,,,0.8222,0.0
1,1,1,1,33,3,6,0,,,0.3505,0.0
1,1,1,1,34,6,6,1,,,0.2492,0.0
1,1,1,1,35,4,6,0,4,1,0.4617,0.8301
1,1,1,1,36,3,3,1,,,0.9217,0.0
1,1,1,1,37,4,3,0,,,1.8582,0.0
1,1,1,1,38,4,4,1,,,0.64,0.0
1,1,1,1,39,2,2,1,,,1.0124,0.0
1,1,1,1,40,2,6,0,2,1,0.2975,0.9767
1,1,1,1,41,5,2,0,6,0,0.4074,0.4576
1,1,1,1,42,5,6,0,4,0,0.2887,0.9045
1,1,1,1,43,5,5,1,,,0.3332,0.0
1,1,1,1,44,2,2,1,,,0.9094,0.0
1,1,1,1,45,1,6,0,4,0,0.4868,0.726
1,1,1,1,46,6,1,0,,,0.5782,0.0
1,1,1,1,47,4,4,1,,,0.5636,0.0
1,1,1,1,48,5,3,0,,,1.3228,0.0
1,1,1,1,49,3,3,1,,,0.8941,0.0
1,1,1,1,50,1,5,0,,,0.6805,0.0
1,1,1,2,1,6,5,0,6,1,0.5794,0.5755
1,1,1,2,2,4,6,0,5,0,0.3745,0.3941
1,1,1,2,3,1,6,0,,,0.243,0.0
1,1,1,2,4,2,6,0,4,0,0.467,0.8992
1,1,1,2,5,6,6,1,,,0.2794,0.0
1,1,1,2,6,5,5,1,,,0.4905,0.0
1,1,1,2,7,1,6,0,,,0.5812,0.0
1,1,1,2,8,5,6,0,,,0.5506,0.0
1,1,1,2,9,1,1,1,,,1.0816,0.0
1,1,1,2,10,5,5,1,,,0.6192,0.0
1,1,1,2,11,3,5,0,6,0,0.5119,0.5106
1,1,1,2,12,5,2,0,,,0.7398,0.0
1,1,1,2,13,4,2,0,,,0.7992,0.0
1,1,1,2,14,4,4,1,,,0.616,0.0
1,1,1,2,15,6,6,1,,,0.4451,0.0
1,1,1,2,16,6,6,1,,,0.6495,0.0
1,1,1,2,17,4,6,0,,,1.1486,0.0
1,1,1,2,18,5,4,0,,,1.5595,0.0
1,1,1,2,19,3,5,0,2,0,0.8811,1.4085
1,1,1,2,20,3,3,1,,,0.6885,0.0
1,1,1,2,21,5,6,0,,,0.4991,0.0
1,1,1,2,22,1,6,0,,,0.3761,0.0
1,1,1,2,23,4,1,0,4,1,1.3946,0.4291
1,1,1,2,24,2,2,1,,,0.7451,0.0
1,1,1,2,25,2,3,0,,,0.9854,0.0
1,1,1,2,26,2,3,0,,,0.8424,0.0
1,1,1,2,27,5,1,0,4,0,0.866,1.1539
1,1,1,2,28,1,4,0,,,1.5482,0.0
1,1,1,2,29,5,6,0,,,0.3746,0.0
1,1,1,2,30,1,1,1,,,0.6569,0.0
1,1,1,2,31,2,5,0,6,0,0.7246,0.4257
1,1,1,2,32,2,2,1,,,0.6267,0.0
1,1,1,2,33,6,6,1,,,0.4717,0.0
1,1,1,2,34,4,1,0,,,0.6748,0.0
1,1,1,2,35,3,4,0,2,0,1.1528,2.2926
1,1,1,2,36,3,6,0,,,0.5604,0.0
1,1,1,2,37,3,4,0,,,0.9315,0.0
1,1,1,2,38,2,2,1,,,0.6149,0.0
1,1,1,2,39,4,2,0,,,0.6837,0.0
1,1,1,2,40,1,1,1,,,0.4892,0.0
1,1,1,2,41,6,6,1,,,0.5315,0.0
1,1,1,2,42,4,4,1,,,1.5162,0.0
1,1,1,2,43,6,6,1,,,0.3794,0.0
1,1,1,2,44,2,2,1,,,0.5866,0.0
1,1,1,2,45,3,6,0,4,0,0.4322,0.9302
1,1,1,2,46,6,6,1,,,0.3574,0.0
1,1,1,2,47,6,6,1,,,0.3898,0.0
1,1,1,2,48,3,6,0,5,0,0.3715,1.6874
1,1,1,2,49,6,6,1,,,0.3167,0.0
1,1,1,2,50,1,1,1,,,0.6213,0.0
1,1,1,3,1,3,1,0,,,0.9445,0.0
1,1,1,3,2,1,4,0,1,1,1.107,0.5532
1,1,1,3,3,6,6,1,,,0.3526,0.0
1,1,1,3,4,2,4,0,,,1.585,0.0
1,1,1,3,5,2,6,0,2,1,0.3135,1.3439
1,1,1,3,6,5,5,1,,,0.535,0.0
1,1,1,3,7,3,3,1,,,0.9118,0.0
1,1,1,3,8,5,5,1,,,0.8727,0.0
1,1,1,3,9,4,6,0,,,0.4355,0.0
1,1,1,3,10,2,2,1,,,0.6832,0.0
1,1,1,3,11,3,6,0,,,0.4772,0.0
1,1,1,3,12,5,5,1,,,0.4836,0.0
1,1,1,3,13,6,6,1,,,0.4146,0.0
1,1,1,3,14,4,2,0,,,0.5877,0.0
1,1,1,3,15,5,4,0,,,1.0694,0.0
1,1,1,3,16,1,6,0,,,0.2192,0.0
1,1,1,3,17,1,5,0,,,1.1481,0.0
1,1,1,3,18,6,6,1,,,0.2304,0.0
1,1,1,3,19,4,6,0,1,0,0.3946,1.0539
1,1,1,3,20,1,3,0,,,0.7327,0.0
1,1,1,3,21,1,5,0,,,0.3118,0.0
1,1,1,3,22,2,2,1,,,0.5011,0.0
1,1,1,3,23,2,2,1,,,0.8628,0.0
1,1,1,3,24,6,6,1,,,0.3773,0.0
1,1,1,3,25,5,3,0,4,0,0.8562,0.52
1,1,1,3,26,1,6,0,,,0.4763,0.0
1,1,1,3,27,2,3,0,,,0.7555,0.0
1,1,1,3,28,3,5,0,2,0,0.6544,0.8061
1,1,1,3,29,6,6,1,,,0.3994,0.0
1,1,1,3,30,6,2,0,5,0,0.7649,0.7854
1,1,1,3,31,6,6,1,,,0.6982,0.0
1,1,1,3,32,1,1,1,,,0.9885,0.0
1,1,1,3,33,5,5,1,,,0.482,0.0
1,1,1,3,34,1,5,0,2,0,0.4604,0.7649
1,1,1,3,35,4,4,1,,,1.1271,0.0
1,1,1,3,36,3,1,0,,,1.6713,0.0
1,1,1,3,37,4,2,0,,,0.7803,0.0
1,1,1,3,38,3,5,0,,,0.6776,0.0
1,1,1,3,39,4,4,1,,,0.6445,0.0
1,1,1,3,40,6,6,1,,,0.4082,0.0
1,1,1,3,41,4,4,1,,,0.6622,0.0
1,1,1,3,42,5,5,1,,,0.5219,0.0
1,1,1,3,43,3,3,1,,,0.9783,0.0
1,1,1,3,44,4,6,0,,,0.5053,0.0
1,1,1,3,45,2,2,1,,,0.6383,0.0
1,1,1,3,46,5,2,0,,,0.8343,0.0
1,1,1,3,47,3,6,0,,,0.4257,0.0
1,1,1,3,48,6,6,1,,,0.6261,0.0
1,1,1,3,49,2,6,0,2,1,0.4876,1.6066
1,1,1,3,50,6,6,1,,,0.2912,0.0
1,1,1,4,1,6,6,1,,,0.2908,0.0
1,1,1,4,2,5,6,0,,,0.246,0.0
1,1,1,4,3,6,6,1,,,0.4531,0.0
1,1,1,4,4,2,2,1,,,0.8493,0.0
1,1,1,4,5,3,3,1,,,0.7322,0.0
1,1,1,4,6,5,5,1,,,0.4921,0.0
1,1,1,4,7,3,3,1,,,0.5509,0.0
1,1,1,4,8,4,4,1,,,0.5902,0.0
1,1,1,4,9,6,6,1,,,0.5806,0.0
1,1,1,4,10,1,1,1,,,0.7629,0.0
1,1,1,4,11,3,3,1,,,0.6972,0.0
1,1,1,4,12,2,2,1,,,0.5391,0.0
1,1,1,4,13,5,5,1,,,0.4514,0.0
1,1,1,4,14,2,2,1,,,0.5111,0.0
1,1,1,4,15,1,1,1,,,0.5209,0.0
1,1,1,4,16,6,6,1,,,0.3859,0.0
1,1,1,4,17,3,5,0,,,0.5285,0.0
1,1,1,4,18,5,2,0,,,0.4518,0.0
1,1,1,4,19,6,6,1,,,0.7632,0.0
1,1,1,4,20,4,2,0,,,0.5221,0.0
1,1,1,4,21,1,2,0,5,0,0.9261,0.8594
1,1,1,4,22,4,1,0,3,0,0.6743,1.3858
1,1,1,4,23,1,1,1,,,0.4585,0.0
1,1,1,4,24,6,6,1,,,0.3107,0.0
1,1,1,4,25,6,6,1,,,1.4967,0.0
1,1,1,4,26,2,2,1,,,0.4408,0.0
1,1,1,4,27,1,1,1,,,0.2611,0.0
1,1,1,4,28,4,2,0,4,1,0.6811,0.6729
1,1,1,4,29,4,1,0,,,0.7079,0.0
1,1,1,4,30,3,5,0,2,0,0.2883,0.9679
1,1,1,4,31,3,3,1,,,1.1456,0.0
1,1,1,4,32,1,1,1,,,0.4739,0.0
1,1,1,4,33,4,6,0,,,0.4529,0.0
1,1,1,4,34,2,5,0,2,1,0.4437,0.8606
1,1,1,4,35,5,1,0,4,0,0.5035,0.5182
1,1,1,4,36,6,6,1,,,0.3144,0.0
1,1,1,4,37,2,2,1,,,0.5554,0.0
1,1,1,4,38,3,6,0,,,0.4673,0.0
1,1,1,4,39,5,5,1,,,0.7781,0.0
1,1,1,4,40,5,6,0,5,1,0.5199,0.7255
1,1,1,4,41,2,2,1,,,0.3903,0.0
1,1,1,4,42,2,2,1,,,0.4208,0.0
1,1,1,4,43,4,5,0,,,0.8016,0.0
1,1,1,4,44,6,6,1,,,0.4109,0.0
1,1,1,4,45,3,3,1,,,0.8724,0.0
1,1,1,4,46,1,1,1,,,0.5151,0.0
1,1,1,4,47,1,3,0,2,0,0.78,0.6555
1,1,1,4,48,5,6,0,5,1,0.3828,0.6905
1,1,1,4,49,4,6,0,5,0,0.4526,0.4046
1,1,1,4,50,6,6,1,,,0.2386,0.0
1,1,2,1,1,6,6,1,,,0.2286,0.0
1,1,2,1,2,2,3,0,,,1.8337,0.0
1,1,2,1,3,1,6,0,2,0,0.3918,1.0668
1,1,2,1,4,6,5,0,6,1,0.4894,0.4245
1,1,2,1,5,3,3,1,,,0.9008,0.0
1,1,2,1,6,2,1,0,,,0.3349,0.0
1,1,2,1,7,3,3,1,,,0.6665,0.0
1,1,2,1,8,1,5,0,,,0.5248,0.0
1,1,2,1,9,6,6,1,,,0.2736,0.0
1,1,2,1,10,3,3,1,,,0.7411,0.0
1,1,2,1,11,3,1,0,3,1,0.7091,0.507
1,1,2,1,12,4,3,0,,,0.5971,0.0
1,1,2,1,13,5,2,0,5,1,0.6456,0.7185
1,1,2,1,14,2,1,0,4,0,0.5919,1.0508
1,1,2,1,15,2,2,1,,,0.6974,0.0
1,1,2,1,16,4,4,1,,,0.8428,0.0
1,1,2,1,17,5,6,0,,,0.2306,0.0
1,1,2,1,18,6,6,1,,,0.167,0.0
1,1,2,1,19,6,5,0,6,1,0.7341,0.2592
1,1,2,1,20,3,5,0,,,0.5509,0.0
1,1,2,1,21,1,3,0,4,0,0.7298,0.5436
1,1,2,1,22,1,5,0,6,0,0.6271,0.3012
1,1,2,1,23,3,3,1,,,0.8265,0.0
1,1,2,1,24,3,3,1,,,0.8226,0.0
1,1,2,1,25,6,1,0,2,0,0.8995,0.7221
1,1,2,1,26,4,6,0,,,0.4788,0.0
1,1,2,1,27,2,1,0,3,0,1.1406,0.2805
1,1,2,1,28,1,5,0,,,0.5668,0.0
1,1,2,1,29,2,5,0,6,0,0.5372,0.4383
1,1,2,1,30,5,1,0,3,0,1.0542,0.294
1,1,2,1,31,4,2,0,,,0.4836,0.0
1,1,2,1,32,5,5,1,,,0.4413,0.0
1,1,2,1,33,2,2,1,,,0.5816,0.0
1,1,2,1,34,3,3,1,,,0.5234,0.0
1,1,2,1,35,1,5,0,,,0.5805,0.0
1,1,2,1,36,6,6,1,,,0.23,0.0
1,1,2,1,37,5,2,0,,,0.7308,0.0
1,1,2,1,38,5,6,0,,,0.2783,0.0
1,1,2,1,39,4,6,0,5,0,0.6125,0.3033
1,1,2,1,40,5,2,0,4,0,0.556,1.529
1,1,2,1,41,6,2,0,5,0,0.4353,0.6124
1,1,2,1,42,4,5,0,,,0.213,0.0
1,1,2,1,43,1,6,0,,,0.7413,0.0
1,1,2,1,44,4,1,0,4,1,0.4966,0.3514
1,1,2,1,45,6,2,0,,,0.3833,0.0
1,1,2,1,46,2,2,1,,,0.4089,0.0
1,1,2,1,47,6,1,0,3,0,0.5027,0.8692
1,1,2,1,48,4,4,1,,,1.2119,0.0
1,1,2,1,49,5,4,0,1,0,0.4559,0.5842
1,1,2,1,50,1,4,0,,,1.0342,0.0
1,1,2,2,1,4,4,1,,,0.8549,0.0
1,1,2,2,2,1,6,0,,,1.6502,0.0
1,1,2,2,3,5,6,0,,,0.184,0.0
1,1,2,2,4,3,3,1,,,0.7938,0.0
1,1,2,2,5,2,2,1,,,0.616,0.0
1,1,2,2,6,4,3,0,4,1,0.8134,0.4952
1,1,2,2,7,6,6,1,,,0.2971,0.0
1,1,2,2,8,4,2,0,5,0,0.7625,0.7831
1,1,2,2,9,4,4,1,,,0.7603,0.0
1,1,2,2,10,2,3,0,,,0.4875,0.0
1,1,2,2,11,1,4,0,3,0,0.3656,1.0104
1,1,2,2,12,2,2,1,,,0.3701,0.0
1,1,2,2,13,2,2,1,,,0.2095,0.0
1,1,2,2,14,1,4,0,,,1.5431,0.0
1,1,2,2,15,5,2,0,,,0.2416,0.0
1,1,2,2,16,3,3,1,,,0.5619,0.0
1,1,2,2,17,4,3,0,,,0.3933,0.0
1,1,2,2,18,5,2,0,,,0.5785,0.0
1,1,2,2,19,4,4,1,,,0.5799,0.0
1,1,2,2,20,3,3,1,,,0.6022,0.0
1,1,2,2,21,4,4,1,,,0.5759,0.0
1,1,2,2,22,2,2,1,,,0.4067,0.0
1,1,2,2,23,6,6,1,,,0.2761,0.0
1,1,2,2,24,3,3,1,,,0.3435,0.0
1,1,2,2,25,6,6,1,,,0.2797,0.0
1,1,2,2,26,1,1,1,,,0.9543,0.0
1,1,2,2,27,5,1,0,4,0,0.5453,1.1987
1,1,2,2,28,5,3,0,,,0.3588,0.0
1,1,2,2,29,1,1,1,,,0.4182,0.0
1,1,2,2,30,2,2,1,,,0.3035,0.0
1,1,2,2,31,5,4,0,6,0,0.9129,0.719
1,1,2,2,32,1,2,0,,,1.4193,0.0
1,1,2,2,33,6,2,0,4,0,0.6669,0.7552
1,1,2,2,34,3,1,0,4,0,0.4138,0.912
1,1,2,2,35,6,6,1,,,0.2287,0.0
1,1,2,2,36,6,6,1,,,0.4574,0.0
1,1,2,2,37,5,5,1,,,0.2765,0.0
1,1,2,2,38,6,5,0,6,1,0.2801,0.3842
1,1,2,2,39,2,1,0,6,0,0.5102,0.397
1,1,2,2,40,6,6,1,,,0.1503,0.0
1,1,2,2,41,6,6,1,,,0.2064,0.0
1,1,2,2,42,6,6,1,,,0.8202,0.0
1,1,2,2,43,5,6,0,,,0.401,0.0
1,1,2,2,44,3,6,0,1,0,0.2499,1.2828
1,1,2,2,45,1,6,0,,,0.2161,0.0
1,1,2,2,46,1,1,1,,,0.2647,0.0
1,1,2,2,47,4,5,0,,,0.9076,0.0
1,1,2,2,48,2,4,0,,,0.8009,0.0
1,1,2,2,49,3,1,0,,,1.1131,0.0
1,1,2,2,50,3,6,0,,,0.213,0.0
1,1,2,3,1,5,6,0,1,0,0.2439,0.9886
1,1,2,3,2,5,5,1,,,0.6545,0.0
1,1,2,3,3,6,6,1,,,0.6413,0.0
1,1,2,3,4,6,6,1,,,0.2616,0.0
1,1,2,3,5,2,6,0,,,0.2013,0.0
1,1,2,3,6,2,2,1,,,0.3788,0.0
1,1,2,3,7,1,6,0,,,0.1374,0.0
1,1,2,3,8,3,6,0,,,1.0214,0.0
1,1,2,3,9,5,5,1,,,0.5414,0.0
1,1,2,3,10,4,6,0,1,0,0.3893,1.1129
1,1,2,3,11,3,1,0,,,0.3882,0.0
1,1,2,3,12,6,6,1,,,0.0787,0.0
1,1,2,3,13,4,1,0,,,0.6973,0.0
1,1,2,3,14,6,6,1,,,0.6144,0.0
1,1,2,3,15,2,6,0,5,0,0.4592,0.4915
1,1,2,3,16,3,6,0,1,0,0.4015,0.9479
1,1,2,3,17,5,5,1,,,0.3421,0.0
1,1,2,3,18,6,6,1,,,0.4546,0.0
1,1,2,3,19,6,5,0,6,1,0.5306,0.2884
1,1,2,3,20,5,5,1,,,0.2912,0.0
1,1,2,3,21,5,5,1,,,0.4698,0.0
1,1,2,3,22,1,1,1,,,0.2889,0.0
1,1,2,3,23,1,1,1,,,0.5634,0.0
1,1,2,3,24,4,1,0,,,1.0183,0.0
1,1,2,3,25,2,6,0,,,0.3944,0.0
1,1,2,3,26,6,5,0,6,1,0.4355,0.2443
1,1,2,3,27,4,5,0,,,0.6165,0.0
1,1,2,3,28,3,3,1,,,1.2248,0.0
1,1,2,3,29,4,2,0,,,0.5974,0.0
1,1,2,3,30,6,2,0,5,0,0.5184,0.5801
1,1,2,3,31,1,6,0,1,1,0.3257,1.2754
1,1,2,3,32,5,1,0,,,0.5338,0.0
1,1,2,3,33,2,2,1,,,0.4573,0.0
1,1,2,3,34,1,3,0,,,0.9976,0.0
1,1,2,3,35,1,1,1,,,1.3021,0.0
1,1,2,3,36,4,2,0,,,0.495,0.0
1,1,2,3,37,6,6,1,,,0.5634,0.0
1,1,2,3,38,6,6,1,,,0.1864,0.0
1,1,2,3,39,2,6,0,5,0,0.2897,0.4243
1,1,2,3,40,2,2,1,,,0.5614,0.0
1,1,2,3,41,4,5,0,,,0.4082,0.0
1,1,2,3,42,3,2,0,,,0.497,0.0
1,1,2,3,43,2,5,0,,,0.7742,0.0
1,1,2,3,44,1,5,0,6,0,0.416,0.4346
1,1,2,3,45,5,2,0,,,0.4587,0.0
1,1,2,3,46,3,6,0,2,0,0.2578,1.8182
1,1,2,3,47,1,2,0,,,0.6495,0.0
1,1,2,3,48,3,1,0,4,0,0.4885,1.1113
1,1,2,3,49,4,2,0,3,0,0.4352,0.9324
1,1,2,3,50,3,2,0,,,0.2957,0.0
1,1,2,4,1,2,6,0,,,0.2583,0.0
1,1,2,4,2,5,5,1,,,0.4012,0.0
1,1,2,4,3,3,5,0,,,0.1756,0.0
1,1,2,4,4,6,2,0,3,0,0.2731,1.1453
1,1,2,4,5,3,3,1,,,0.6118,0.0
1,1,2,4,6,3,3,1,,,0.4885,0.0
1,1,2,4,7,2,2,1,,,0.5471,0.0
1,1,2,4,8,1,5,0,,,0.2826,0.0
1,1,2,4,9,5,1,0,,,1.1283,0.0
1,1,2,4,10,2,2,1,,,0.3874,0.0
1,1,2,4,11,4,4,1,,,0.5938,0.0
1,1,2,4,12,2,1,0,,,0.552,0.0
1,1,2,4,13,4,2,0,4,1,0.491,0.6501
1,1,2,4,14,1,2,0,,,0.4614,0.0
1,1,2,4,15,5,5,1,,,0.4837,0.0
1,1,2,4,16,3,4,0,1,0,0.4465,0.9754
1,1,2,4,17,3,1,0,,,0.4013,0.0
1,1,2,4,18,1,3,0,2,0,0.9066,0.7926
1,1,2,4,19,6,6,1,,,0.2417,0.0
1,1,2,4,20,5,1,0,,,0.9341,0.0
1,1,2,4,21,1,5,0,6,0,0.4577,0.2821
1,1,2,4,22,3,3,1,,,1.1281,0.0
1,1,2,4,23,5,5,1,,,0.552,0.0
1,1,2,4,24,4,2,0,,,0.431,0.0
1,1,2,4,25,1,5,0,,,0.5833,0.0
1,1,2,4,26,6,6,1,,,0.2652,0.0
1,1,2,4,27,4,5,0,,,0.5399,0.0
1,1,2,4,28,3,5,0,,,0.256,0.0
1,1,2,4,29,4,2,0,,,0.6071,0.0
1,1,2,4,30,4,4,1,,,0.8323,0.0
1,1,2,4,31,6,6,1,,,0.1723,0.0
1,1,2,4,32,6,5,0,,,0.3235,0.0
1,1,2,4,33,1,1,1,,,0.5926,0.0
1,1,2,4,34,6,6,1,,,0.1508,0.0
1,1,2,4,35,2,5,0,,,0.2709,0.0
1,1,2,4,36,6,6,1,,,0.2377,0.0
1,1,2,4,37,5,6,0,4,0,0.1941,2.3974
1,1,2,4,38,2,6,0,2,1,0.2925,0.5236
1,1,2,4,39,5,6,0,,,0.1811,0.0
1,1,2,4,40,2,1,0,4,0,0.727,0.7643
1,1,2,4,41,4,5,0,,,0.7591,0.0
1,1,2,4,42,6,6,1,,,0.5611,0.0
1,1,2,4,43,6,6,1,,,1.0644,0.0
1,1,2,4,44,3,3,1,,,1.0984,0.0
1,1,2,4,45,2,2,1,,,0.6362,0.0
1,1,2,4,46,5,3,0,,,0.5921,0.0
1,1,2,4,47,4,6,0,,,0.2734,0.0
1,1,2,4,48,6,3,0,4,0,0.5605,0.6845
1,1,2,4,49,1,6,0,,,0.3305,0.0
1,1,2,4,50,1,5,0,,,0.2142,0.0
1,1,3,1,1,3,3,1,,,0.83,0.0
1,1,3,1,2,6,6,1,,,0.2662,0.0
1,1,3,1,3,1,1,1,,,0.3973,0.0
1,1,3,1,4,6,6,1,,,0.1233,0.0
1,1,3,1,5,1,6,0,,,0.0366,0.0
1,1,3,1,6,4,6,0,,,0.3006,0.0
1,1,3,1,7,5,6,0,,,0.1382,0.0
1,1,3,1,8,5,2,0,,,0.4148,0.0
1,1,3,1,9,3,6,0,,,0.2468,0.0
1,1,3,1,10,5,5,1,,,0.4705,0.0
1,1,3,1,11,5,5,1,,,0.2255,0.0
1,1,3,1,12,6,6,1,,,0.0002,0.0
1,1,3,1,13,4,1,0,4,1,0.597,0.5763
1,1,3,1,14,2,2,1,,,0.3741,0.0
1,1,3,1,15,2,2,1,,,0.3577,0.0
1,1,3,1,16,2,6,0,2,1,0.3412,0.7307
1,1,3,1,17,3,3,1,,,0.6987,0.0
1,1,3,1,18,5,6,0,,,0.1241,0.0
1,1,3,1,19,3,2,0,5,0,0.6081,0.2986
1,1,3,1,20,6,2,0,,,0.4402,0.0
1,1,3,1,21,6,5,0,6,1,0.4635,0.2566
1,1,3,1,22,1,6,0,1,1,0.3079,0.8109
1,1,3,1,23,5,5,1,,,0.4078,0.0
1,1,3,1,24,2,2,1,,,0.3258,0.0
1,1,3,1,25,6,6,1,,,0.1976,0.0
1,1,3,1,26,2,3,0,,,0.7484,0.0
1,1,3,1,27,6,5,0,,,0.215,0.0
1,1,3,1,28,4,6,0,,,0.2795,0.0
1,1,3,1,29,1,6,0,,,0.0857,0.0
1,1,3,1,30,5,3,0,,,0.5401,0.0
1,1,3,1,31,4,4,1,,,0.6873,0.0
1,1,3,1,32,3,3,1,,,0.4977,0.0
1,1,3,1,33,4,3,0,,,1.1317,0.0
1,1,3,1,34,1,1,1,,,0.5504,0.0
1,1,3,1,35,2,3,0,,,0.4462,0.0
1,1,3,1,36,6,6,1,,,0.2772,0.0
1,1,3,1,37,2,2,1,,,0.616,0.0
1,1,3,1,38,4,3,0,,,0.5251,0.0
1,1,3,1,39,4,2,0,,,1.2167,0.0
1,1,3,1,40,4,3,0,,,0.5361,0.0
1,1,3,1,41,1,3,0,4,0,0.5242,0.5374
1,1,3,1,42,3,3,1,,,0.4296,0.0
1,1,3,1,43,2,2,1,,,0.3299,0.0
1,1,3,1,44,1,1,1,,,0.6508,0.0
1,1,3,1,45,6,6,1,,,0.1259,0.0
1,1,3,1,46,5,5,1,,,0.3108,0.0
1,1,3,1,47,3,2,0,,,0.3921,0.0
1,1,3,1,48,6,6,1,,,0.1292,0.0
1,1,3,1,49,1,4,0,,,1.098,0.0
1,1,3,1,50,3,3,1,,,0.6303,0.0
1,1,3,2,1,3,6,0,,,0.1684,0.0
1,1,3,2,2,3,2,0,4,0,0.5389,0.8243
1,1,3,2,3,1,1,1,,,0.4166,0.0
1,1,3,2,4,2,2,1,,,0.3974,0.0
1,1,3,2,5,4,3,0,,,0.5715,0.0
1,1,3,2,6,1,4,0,,,0.5416,0.0
1,1,3,2,7,4,6,0,,,0.2574,0.0
1,1,3,2,8,4,5,0,,,0.1926,0.0
1,1,3,2,9,2,2,1,,,0.2421,0.0
1,1,3,2,10,6,3,0,4,0,0.4378,0.6314
1,1,3,2,11,1,1,1,,,0.4227,0.0
1,1,3,2,12,3,3,1,,,0.3884,0.0
1,1,3,2,13,6,2,0,,,0.4029,0.0
1,1,3,2,14,4,4,1,,,0.8761,0.0
1,1,3,2,15,2,3,0,2,1,0.5337,0.5626
1,1,3,2,16,4,5,0,6,0,0.3457,0.4625
1,1,3,2,17,3,3,1,,,0.6935,0.0
1,1,3,2,18,1,1,1,,,0.3751,0.0
1,1,3,2,19,5,4,0,2,0,1.6064,0.6155
1,1,3,2,20,4,4,1,,,0.6797,0.0
1,1,3,2,21,2,2,1,,,0.6502,0.0
1,1,3,2,22,5,5,1,,,0.5256,0.0
1,1,3,2,23,5,2,0,,,0.7097,0.0
1,1,3,2,24,4,4,1,,,0.6577,0.0
1,1,3,2,25,6,2,0,,,1.349,0.0
1,1,3,2,26,3,2,0,3,1,0.5355,0.7888
1,1,3,2,27,2,6,0,4,0,0.1786,1.5669
1,1,3,2,28,3,1,0,,,0.9043,0.0
1,1,3,2,29,2,2,1,,,0.4443,0.0
1,1,3,2,30,6,6,1,,,0.7282,0.0
1,1,3,2,31,1,1,1,,,0.7123,0.0
1,1,3,2,32,3,3,1,,,1.4653,0.0
1,1,3,2,33,6,6,1,,,0.5232,0.0
1,1,3,2,34,1,1,1,,,0.5801,0.0
1,1,3,2,35,4,2,0,,,0.3301,0.0
1,1,3,2,36,5,5,1,,,0.3905,0.0
1,1,3,2,37,6,1,0,,,1.1727,0.0
1,1,3,2,38,2,2,1,,,0.3185,0.0
1,1,3,2,39,3,1,0,,,1.3601,0.0
1,1,3,2,40,6,6,1,,,0.5613,0.0
1,1,3,2,41,2,2,1,,,0.4886,0.0
1,1,3,2,42,5,5,1,,,0.2588,0.0
1,1,3,2,43,6,6,1,,,0.1182,0.0
1,1,3,2,44,1,6,0,,,0.1596,0.0
1,1,3,2,45,5,5,1,,,0.1946,0.0
1,1,3,2,46,5,5,1,,,0.4249,0.0
1,1,3,2,47,1,1,1,,,0.9333,0.0
1,1,3,2,48,6,6,1,,,0.8935,0.0
1,1,3,2,49,5,5,1,,,0.2788,0.0
1,1,3,2,50,6,2,0,,,0.4568,0.0
1,1,3,3,1,5,6,0,,,2.622,0.0
1,1,3,3,2,2,2,1,,,0.491,0.0
1,1,3,3,3,3,5,0,,,0.0217,0.0
1,1,3,3,4,5,6,0,5,1,0.7509,0.3389
1,1,3,3,5,4,2,0,5,0,0.2594,1.1
1,1,3,3,6,6,6,1,,,0.4724,0.0
1,1,3,3,7,1,5,0,,,0.2272,0.0
1,1,3,3,8,6,6,1,,,0.4841,0.0
1,1,3,3,9,3,2,0,3,1,0.974,1.2735
1,1,3,3,10,4,4,1,,,0.7231,0.0
1,1,3,3,11,6,6,1,,,0.2764,0.0
1,1,3,3,12,1,4,0,,,0.6311,0.0
1,1,3,3,13,6,6,1,,,0.1342,0.0
1,1,3,3,14,4,2,0,,,0.2552,0.0
1,1,3,3,15,5,5,1,,,0.3826,0.0
1,1,3,3,16,4,5,0,,,0.6214,0.0
1,1,3,3,17,6,6,1,,,0.2378,0.0
1,1,3,3,18,2,3,0,,,0.8017,0.0
1,1,3,3,19,3,4,0,,,0.6347,0.0
1,1,3,3,20,2,2,1,,,0.4101,0.0
1,1,3,3,21,5,5,1,,,0.7757,0.0
1,1,3,3,22,1,3,0,,,1.3181,0.0
1,1,3,3,23,1,3,0,1,1,0.522,0.6153
1,1,3,3,24,3,6,0,,,0.2528,0.0
1,1,3,3,25,1,4,0,3,0,0.8116,0.7497
1,1,3,3,26,2,4,0,,,0.5691,0.0
1,1,3,3,27,4,4,1,,,1.1154,0.0
1,1,3,3,28,4,3,0,1,0,3.5478,1.8373
1,1,3,3,29,2,2,1,,,0.2998,0.0
1,1,3,3,30,5,6,0,2,0,0.3979,0.7208
1,1,3,3,31,5,5,1,,,0.2053,0.0
1,1,3,3,32,2,2,1,,,0.5314,0.0
1,1,3,3,33,6,6,1,,,0.4277,0.0
1,1,3,3,34,2,4,0,3,0,3.384,0.6567
1,1,3,3,35,5,5,1,,,0.6868,0.0
1,1,3,3,36,2,2,1,,,0.481,0.0
1,1,3,3,37,1,4,0,,,0.4429,0.0
1,1,3,3,38,3,6,0,,,0.3701,0.0
1,1,3,3,39,1,1,1,,,0.8291,0.0
1,1,3,3,40,6,5,0,,,0.3128,0.0
1,1,3,3,41,3,4,0,,,0.4699,0.0
1,1,3,3,42,4,5,0,,,0.4438,0.0
1,1,3,3,43,1,1,1,,,0.4351,0.0
1,1,3,3,44,5,5,1,,,0.2076,0.0
1,1,3,3,45,6,1,0,,,0.6939,0.0
1,1,3,3,46,6,6,1,,,0.1626,0.0
1,1,3,3,47,3,5,0,,,0.5697,0.0
1,1,3,3,48,4,2,0,,,0.5246,0.0
1,1,3,3,49,3,3,1,,,0.8644,0.0
1,1,3,3,50,6,4,0,,,0.523,0.0
1,1,3,4,1,5,1,0,,,1.0209,0.0
1,1,3,4,2,4,4,1,,,0.4447,0.0
1,1,3,4,3,6,1,0,4,0,1.0482,0.3531
1,1,3,4,4,5,5,1,,,0.3642,0.0
1,1,3,4,5,3,6,0,,,0.4277,0.0
1,1,3,4,6,6,5,0,6,1,0.2756,0.5717
1,1,3,4,7,4,5,0,,,0.2265,0.0
1,1,3,4,8,2,4,0,,,0.5462,0.0
1,1,3,4,9,4,2,0,,,0.4212,0.0
1,1,3,4,10,4,4,1,,,0.9411,0.0
1,1,3,4,11,6,6,1,,,0.2288,0.0
1,1,3,4,12,1,1,1,,,0.5855,0.0
1,1,3,4,13,5,6,0,,,0.4317,0.0
1,1,3,4,14,2,2,1,,,0.5829,0.0
1,1,3,4,15,4,4,1,,,0.4296,0.0
1,1,3,4,16,5,4,0,,,0.3459,0.0
1,1,3,4,17,2,2,1,,,0.5969,0.0
1,1,3,4,18,2,6,0,1,0,0.4268,0.7962
1,1,3,4,19,1,5,0,2,0,0.197,0.5291
1,1,3,4,20,2,2,1,,,0.5165,0.0
1,1,3,4,21,1,1,1,,,0.3819,0.0
1,1,3,4,22,6,6,1,,,0.3002,0.0
1,1,3,4,23,1,3,0,,,1.102,0.0
1,1,3,4,24,3,3,1,,,1.0341,0.0
1,1,3,4,25,6,2,0,,,0.4624,0.0
1,1,3,4,26,3,1,0,4,0,0.6129,1.1188
1,1,3,4,27,1,3,0,,,0.5544,0.0
1,1,3,4,28,3,3,1,,,0.5096,0.0
1,1,3,4,29,2,5,0,3,0,0.5185,0.5966
1,1,3,4,30,2,4,0,,,0.8055,0.0
1,1,3,4,31,4,4,1,,,0.542,0.0
1,1,3,4,32,5,2,0,,,0.5184,0.0
1,1,3,4,33,6,4,0,,,0.6348,0.0
1,1,3,4,34,5,5,1,,,0.2178,0.0
1,1,3,4,35,6,3,0,,,1.0393,0.0
1,1,3,4,36,6,6,1,,,0.191,0.0
1,1,3,4,37,6,6,1,,,0.1816,0.0
1,1,3,4,38,6,4,0,,,0.62,0.0
1,1,3,4,39,5,5,1,,,0.2677,0.0
1,1,3,4,40,2,2,1,,,0.5109,0.0
1,1,3,4,41,3,4,0,,,0.2957,0.0
1,1,3,4,42,3,3,1,,,0.8215,0.0
1,1,3,4,43,5,5,1,,,0.386,0.0
1,1,3,4,44,3,1,0,4,0,1.2004,0.3225
1,1,3,4,45,3,6,0,,,0.2391,0.0
1,1,3,4,46,4,4,1,,,0.3506,0.0
1,1,3,4,47,4,4,1,,,0.2548,0.0
1,1,3,4,48,1,1,1,,,0.3228,0.0
1,1,3,4,49,1,3,0,,,0.7082,0.0
1,1,3,4,50,1,6,0,,,0.4159,0.0
1,1,4,1,1,4,5,0,,,0.3454,0.0
1,1,4,1,2,2,2,1,,,0.3563,0.0
1,1,4,1,3,1,2,0,4,0,0.1486,0.9139
1,1,4,1,4,4,2,0,,,0.4216,0.0
1,1,4,1,5,6,6,1,,,0.3186,0.0
1,1,4,1,6,1,5,0,,,0.1279,0.0
1,1,4,1,7,1,2,0,,,0.5159,0.0
1,1,4,1,8,3,6,0,,,0.3919,0.0
1,1,4,1,9,5,1,0,,,0.4975,0.0
1,1,4,1,10,5,5,1,,,0.1186,0.0
1,1,4,1,11,3,2,0,5,0,0.3843,0.771
1,1,4,1,12,5,1,0,,,0.5095,0.0
1,1,4,1,13,4,4,1,,,0.5301,0.0
1,1,4,1,14,2,2,1,,,0.2183,0.0
1,1,4,1,15,4,4,1,,,0.5755,0.0
1,1,4,1,16,1,3,0,,,1.2221,0.0
1,1,4,1,17,3,6,0,,,0.2528,0.0
1,1,4,1,18,6,4,0,,,1.1161,0.0
1,1,4,1,19,1,5,0,,,0.3923,0.0
1,1,4,1,20,1,1,1,,,0.8809,0.0
1,1,4,1,21,2,5,0,,,0.4749,0.0
1,1,4,1,22,3,3,1,,,0.8808,0.0
1,1,4,1,23,1,5,0,,,0.2025,0.0
1,1,4,1,24,3,6,0,4,0,0.4127,0.7185
1,1,4,1,25,6,4,0,3,0,0.8272,0.7004
1,1,4,1,26,1,6,0,,,0.4255,0.0
1,1,4,1,27,6,6,1,,,0.2895,0.0
1,1,4,1,28,4,4,1,,,0.2123,0.0
1,1,4,1,29,4,1,0,3,0,0.7451,0.7017
1,1,4,1,30,6,4,0,,,0.8271,0.0
1,1,4,1,31,3,3,1,,,0.8024,0.0
1,1,4,1,32,5,6,0,,,1.36,0.0
1,1,4,1,33,3,2,0,,,1.0415,0.0
1,1,4,1,34,6,4,0,,,0.5925,0.0
1,1,4,1,35,2,2,1,,,0.5615,0.0
1,1,4,1,36,5,5,1,,,0.3283,0.0
1,1,4,1,37,3,3,1,,,0.8253,0.0
1,1,4,1,38,5,1,0,,,0.8858,0.0
1,1,4,1,39,6,1,0,4,0,0.7306,0.6242
1,1,4,1,40,6,6,1,,,0.1446,0.0
1,1,4,1,41,4,5,0,6,0,0.265,0.6892
1,1,4,1,42,2,2,1,,,0.6233,0.0
1,1,4,1,43,5,5,1,,,0.3881,0.0
1,1,4,1,44,5,5,1,,,0.7869,0.0
1,1,4,1,45,2,5,0,6,0,0.4487,0.3534
1,1,4,1,46,2,2,1,,,0.4773,0.0
1,1,4,1,47,6,6,1,,,0.1197,0.0
1,1,4,1,48,6,2,0,6,1,0.9612,0.6209
1,1,4,1,49,4,4,1,,,1.2654,0.0
1,1,4,1,50,2,1,0,4,0,0.7641,0.2882
1,1,4,2,1,3,5,0,,,0.3473,0.0
1,1,4,2,2,3,3,1,,,0.807,0.0
1,1,4,2,3,6,2,0,5,0,0.6603,0.6849
1,1,4,2,4,4,5,0,6,0,0.25,0.3559
1,1,4,2,5,1,1,1,,,0.4788,0.0
1,1,4,2,6,6,5,0,,,0.8415,0.0
1,1,4,2,7,5,6,0,,,0.4961,0.0
1,1,4,2,8,2,2,1,,,0.3889,0.0
1,1,4,2,9,6,6,1,,,0.1631,0.0
1,1,4,2,10,5,5,1,,,0.3942,0.0
1,1,4,2,11,4,4,1,,,0.5524,0.0
1,1,4,2,12,5,5,1,,,0.352,0.0
1,1,4,2,13,3,3,1,,,0.5118,0.0
1,1,4,2,14,6,2,0,3,0,0.7927,0.3156
1,1,4,2,15,4,6,0,,,0.6797,0.0
1,1,4,2,16,1,1,1,,,0.6614,0.0
1,1,4,2,17,5,1,0,,,0.2486,0.0
1,1,4,2,18,1,1,1,,,0.1677,0.0
1,1,4,2,19,5,5,1,,,0.2712,0.0
1,1,4,2,20,6,6,1,,,0.2103,0.0
1,1,4,2,21,4,4,1,,,0.7279,0.0
1,1,4,2,22,2,6,0,1,0,0.3282,0.7656
1,1,4,2,23,1,1,1,,,0.4561,0.0
1,1,4,2,24,6,6,1,,,0.1797,0.0
1,1,4,2,25,6,6,1,,,0.1541,0.0
1,1,4,2,26,3,4,0,,,0.4189,0.0
1,1,4,2,27,6,6,1,,,0.1074,0.0
1,1,4,2,28,6,4,0,2,0,0.3565,0.6169
1,1,4,2,29,1,1,1,,,0.4575,0.0
1,1,4,2,30,3,2,0,,,0.5172,0.0
1,1,4,2,31,4,4,1,,,0.7613,0.0
1,1,4,2,32,2,2,1,,,0.6163,0.0
1,1,4,2,33,3,1,0,,,0.493,0.0
1,1,4,2,34,5,6,0,5,1,0.3859,0.4056
1,1,4,2,35,2,2,1,,,0.3554,0.0
1,1,4,2,36,3,3,1,,,0.8188,0.0
1,1,4,2,37,4,4,1,,,0.5282,0.0
1,1,4,2,38,2,2,1,,,1.08,0.0
1,1,4,2,39,6,3,0,,,0.5862,0.0
1,1,4,2,40,1,1,1,,,1.0998,0.0
1,1,4,2,41,5,6,0,5,1,0.1882,0.8721
1,1,4,2,42,4,4,1,,,0.7545,0.0
1,1,4,2,43,2,4,0,,,0.5142,0.0
1,1,4,2,44,5,6,0,,,0.4543,0.0
1,1,4,2,45,2,2,1,,,0.7018,0.0
1,1,4,2,46,1,2,0,5,0,0.3668,0.5958
1,1,4,2,47,4,4,1,,,0.5014,0.0
1,1,4,2,48,1,4,0,,,0.4468,0.0
1,1,4,2,49,3,3,1,,,0.5346,0.0
1,1,4,2,50,2,2,1,,,0.6383,0.0
1,1,4,3,1,1,4,0,,,1.0244,0.0
1,1,4,3,2,3,3,1,,,0.4954,0.0
1,1,4,3,3,2,2,1,,,0.4097,0.0
1,1,4,3,4,6,6,1,,,0.5186,0.0
1,1,4,3,5,3,2,0,,,0.6072,0.0
1,1,4,3,6,4,2,0,,,0.3206,0.0
1,1,4,3,7,2,1,0,,,0.8128,0.0
1,1,4,3,8,1,6,0,,,0.1657,0.0
1,1,4,3,9,5,1,0,,,0.664,0.0
1,1,4,3,10,1,6,0,,,0.23,0.0
1,1,4,3,11,6,6,1,,,0.0703,0.0
1,1,4,3,12,1,4,0,,,0.1937,0.0
1,1,4,3,13,5,6,0,5,1,0.1958,1.1029
1,1,4,3,14,4,3,0,,,0.5601,0.0
1,1,4,3,15,2,6,0,2,1,0.6106,1.1649
1,1,4,3,16,5,6,0,,,0.2833,0.0
1,1,4,3,17,5,4,0,5,1,0.5207,0.3425
1,1,4,3,18,4,6,0,1,0,0.2946,1.3421
1,1,4,3,19,2,2,1,,,0.3372,0.0
1,1,4,3,20,6,5,0,,,0.2895,0.0
1,1,4,3,21,3,4,0,,,0.5432,0.0
1,1,4,3,22,2,2,1,,,0.7066,0.0
1,1,4,3,23,2,4,0,,,0.3401,0.0
1,1,4,3,24,6,6,1,,,0.1435,0.0
1,1,4,3,25,6,3,0,4,0,0.5839,0.6917
1,1,4,3,26,4,2,0,,,0.1764,0.0
1,1,4,3,27,5,5,1,,,0.4183,0.0
1,1,4,3,28,1,1,1,,,0.6556,0.0
1,1,4,3,29,5,6,0,,,0.2596,0.0
1,1,4,3,30,4,3,0,4,1,1.0097,0.2995
1,1,4,3,31,1,4,0,,,0.3335,0.0
1,1,4,3,32,3,5,0,2,0,0.138,0.6149
1,1,4,3,33,3,2,0,,,0.4712,0.0
1,1,4,3,34,2,2,1,,,0.4452,0.0
1,1,4,3,35,4,4,1,,,0.489,0.0
1,1,4,3,36,1,6,0,5,0,0.2917,0.4109
1,1,4,3,37,3,3,1,,,0.5954,0.0
1,1,4,3,38,3,2,0,,,0.457,0.0
1,1,4,3,39,4,3,0,,,0.6396,0.0
1,1,4,3,40,6,6,1,,,0.1907,0.0
1,1,4,3,41,5,5,1,,,0.2605,0.0
1,1,4,3,42,3,2,0,,,0.2157,0.0
1,1,4,3,43,6,6,1,,,0.1684,0.0
1,1,4,3,44,6,5,0,,,0.4799,0.0
1,1,4,3,45,4,4,1,,,0.3573,0.0
1,1,4,3,46,6,6,1,,,0.3895,0.0
1,1,4,3,47,5,5,1,,,0.4351,0.0
1,1,4,3,48,6,4,0,,,0.4636,0.0
1,1,4,3,49,2,3,0,,,1.174,0.0
1,1,4,3,50,1,3,0,,,0.5268,0.0
1,1,4,4,1,5,2,0,5,1,0.5291,0.6552
1,1,4,4,2,6,6,1,,,0.1628,0.0
1,1,4,4,3,5,6,0,,,0.2341,0.0
1,1,4,4,4,5,4,0,,,0.4897,0.0
1,1,4,4,5,4,4,1,,,0.7202,0.0
1,1,4,4,6,3,5,0,,,0.2409,0.0
1,1,4,4,7,5,5,1,,,0.2883,0.0
1,1,4,4,8,5,5,1,,,0.3387,0.0
1,1,4,4,9,3,3,1,,,0.5782,0.0
1,1,4,4,10,6,6,1,,,0.2646,0.0
1,1,4,4,11,4,4,1,,,0.4443,0.0
1,1,4,4,12,4,3,0,4,1,1.5278,0.3486
1,1,4,4,13,1,6,0,2,0,0.4126,0.3991
1,1,4,4,14,5,6,0,,,0.4403,0.0
1,1,4,4,15,1,1,1,,,0.528,0.0
1,1,4,4,16,2,3,0,,,0.3925,0.0
1,1,4,4,17,5,3,0,,,0.4657,0.0
1,1,4,4,18,2,2,1,,,0.5209,0.0
1,1,4,4,19,6,6,1,,,0.2733,0.0
1,1,4,4,20,1,6,0,,,0.1653,0.0
1,1,4,4,21,2,2,1,,,0.296,0.0
1,1,4,4,22,4,1,0,,,0.5218,0.0
1,1,4,4,23,1,6,0,,,0.2534,0.0
1,1,4,4,24,1,6,0,,,0.0281,0.0
1,1,4,4,25,2,2,1,,,0.3883,0.0
1,1,4,4,26,1,2,0,,,0.3539,0.0
1,1,4,4,27,4,4,1,,,0.5891,0.0
1,1,4,4,28,4,2,0,,,0.3866,0.0
1,1,4,4,29,2,2,1,,,0.2522,0.0
1,1,4,4,30,3,2,0,,,0.1923,0.0
1,1,4,4,31,3,4,0,3,1,0.338,0.8549
1,1,4,4,32,5,2,0,,,0.6254,0.0
1,1,4,4,33,6,6,1,,,0.2734,0.0
1,1,4,4,34,4,5,0,2,0,0.3885,0.6314
1,1,4,4,35,6,2,0,,,0.4714,0.0
1,1,4,4,36,2,2,1,,,0.1737,0.0
1,1,4,4,37,6,4,0,,,0.3885,0.0
1,1,4,4,38,4,5,0,,,0.606,0.0
1,1,4,4,39,6,4,0,,,0.4457,0.0
1,1,4,4,40,2,2,1,,,0.3414,0.0
1,1,4,4,41,2,5,0,2,1,0.4052,0.2798
1,1,4,4,42,1,1,1,,,1.5302,0.0
1,1,4,4,43,6,4,0,,,0.3454,0.0
1,1,4,4,44,3,1,0,,,0.8846,0.0
1,1,4,4,45,3,5,0,,,0.4252,0.0
1,1,4,4,46,1,2,0,4,0,0.5772,1.2289
1,1,4,4,47,6,4,0,1,0,0.5802,0.5275
1,1,4,4,48,3,2,0,,,0.2278,0.0
1,1,4,4,49,3,3,1,,,1.0917,0.0
1,1,4,4,50,6,6,1,,,0.5644,0.0
1,1,5,1,1,6,6,1,,,0.1812,0.0
1,1,5,1,2,3,6,0,2,0,0.4282,1.0378
1,1,5,1,3,4,4,1,,,0.413,0.0
1,1,5,1,4,5,2,0,,,0.3141,0.0
1,1,5,1,5,3,4,0,,,0.4224,0.0
1,1,5,1,6,5,5,1,,,0.3357,0.0
1,1,5,1,7,4,6,0,5,0,0.1121,0.6704
1,1,5,1,8,2,2,1,,,0.2531,0.0
1,1,5,1,9,4,2,0,,,0.1769,0.0
1,1,5,1,10,1,6,0,4,0,0.1954,0.7823
1,1,5,1,11,6,6,1,,,0.1202,0.0
1,1,5,1,12,6,6,1,,,0.0817,0.0
1,1,5,1,13,6,6,1,,,0.2363,0.0
1,1,5,1,14,5,6,0,2,0,0.1766,0.7811
1,1,5,1,15,6,3,0,4,0,0.6948,0.6216
1,1,5,1,16,1,6,0,,,0.1099,0.0
1,1,5,1,17,5,5,1,,,0.3384,0.0
1,1,5,1,18,4,6,0,5,0,0.2273,0.3808
1,1,5,1,19,2,2,1,,,0.1673,0.0
1,1,5,1,20,3,3,1,,,0.8306,0.0
1,1,5,1,21,2,2,1,,,0.3625,0.0
1,1,5,1,22,5,6,0,,,0.1858,0.0
1,1,5,1,23,1,6,0,,,0.2681,0.0
1,1,5,1,24,1,1,1,,,0.6028,0.0
1,1,5,1,25,4,5,0,,,0.6882,0.0
1,1,5,1,26,6,6,1,,,0.1417,0.0
1,1,5,1,27,1,2,0,4,0,0.4215,0.5836
1,1,5,1,28,3,3,1,,,0.7451,0.0
1,1,5,1,29,3,5,0,2,0,0.1209,0.4868
1,1,5,1,30,5,5,1,,,0.1405,0.0
1,1,5,1,31,5,5,1,,,0.2126,0.0
1,1,5,1,32,4,4,1,,,0.33,0.0
1,1,5,1,33,2,3,0,,,0.6189,0.0
1,1,5,1,34,1,4,0,,,1.5144,0.0
1,1,5,1,35,2,2,1,,,0.3413,0.0
1,1,5,1,36,4,4,1,,,0.4216,0.0
1,1,5,1,37,5,2,0,4,0,0.562,0.4625
1,1,5,1,38,6,6,1,,,0.2606,0.0
1,1,5,1,39,3,3,1,,,0.7764,0.0
1,1,5,1,40,3,1,0,4,0,0.3742,0.57
1,1,5,1,41,4,4,1,,,0.5724,0.0
1,1,5,1,42,2,6,0,4,0,0.3707,1.1266
1,1,5,1,43,2,2,1,,,1.4897,0.0
1,1,5,1,44,6,6,1,,,0.6266,0.0
1,1,5,1,45,6,1,0,4,0,0.8547,0.3749
1,1,5,1,46,2,3,0,,,1.1049,0.0
1,1,5,1,47,1,1,1,,,0.9578,0.0
1,1,5,1,48,6,6,1,,,0.1639,0.0
1,1,5,1,49,1,3,0,,,0.6836,0.0
1,1,5,1,50,3,4,0,1,0,0.3926,1.1162
1,1,5,2,1,2,6,0,,,0.5977,0.0
1,1,5,2,2,5,6,0,2,0,0.2781,0.6378
1,1,5,2,3,2,2,1,,,0.3338,0.0
1,1,5,2,4,6,6,1,,,0.126,0.0
1,1,5,2,5,4,4,1,,,0.392,0.0
1,1,5,2,6,6,6,1,,,0.1331,0.0
1,1,5,2,7,6,6,1,,,0.2542,0.0
1,1,5,2,8,5,5,1,,,0.2258,0.0
1,1,5,2,9,2,2,1,,,0.1988,0.0
1,1,5,2,10,6,6,1,,,0.0764,0.0
1,1,5,2,11,1,6,0,,,0.3755,0.0
1,1,5,2,12,1,3,0,,,0.8493,0.0
1,1,5,2,13,5,5,1,,,0.2482,0.0
1,1,5,2,14,4,4,1,,,0.3642,0.0
1,1,5,2,15,1,1,1,,,0.7635,0.0
1,1,5,2,16,3,3,1,,,0.2979,0.0
1,1,5,2,17,6,6,1,,,0.172,0.0
1,1,5,2,18,3,2,0,,,0.4994,0.0
1,1,5,2,19,3,6,0,,,0.3764,0.0
1,1,5,2,20,4,2,0,,,0.2425,0.0
1,1,5,2,21,6,6,1,,,0.1618,0.0
1,1,5,2,22,4,3,0,4,1,1.7533,0.4045
1,1,5,2,23,3,3,1,,,0.4344,0.0
1,1,5,2,24,1,6,0,5,0,0.2547,0.4231
1,1,5,2,25,4,1,0,,,1.1673,0.0
1,1,5,2,26,2,5,0,2,1,0.4729,0.3285
1,1,5,2,27,6,2,0,,,0.2011,0.0
1,1,5,2,28,3,5,0,,,0.8746,0.0
1,1,5,2,29,1,3,0,4,0,0.3844,0.6592
1,1,5,2,30,3,2,0,,,0.2735,0.0
1,1,5,2,31,4,6,0,,,0.8156,0.0
1,1,5,2,32,5,5,1,,,0.5513,0.0
1,1,5,2,33,2,2,1,,,0.6863,0.0
1,1,5,2,34,5,6,0,1,0,0.305,1.335
1,1,5,2,35,5,2,0,,,0.4105,0.0
1,1,5,2,36,2,2,1,,,0.2266,0.0
1,1,5,2,37,1,2,0,,,0.3435,0.0
1,1,5,2,38,4,6,0,,,0.403,0.0
1,1,5,2,39,4,2,0,,,0.2836,0.0
1,1,5,2,40,1,5,0,,,0.1697,0.0
1,1,5,2,41,1,1,1,,,0.8767,0.0
1,1,5,2,42,3,2,0,,,0.4224,0.0
1,1,5,2,43,2,3,0,,,0.5914,0.0
1,1,5,2,44,5,5,1,,,0.2251,0.0
1,1,5,2,45,5,5,1,,,0.2462,0.0
1,1,5,2,46,2,2,1,,,0.4424,0.0
1,1,5,2,47,3,3,1,,,0.7097,0.0
1,1,5,2,48,6,6,1,,,0.1985,0.0
1,1,5,2,49,6,6,1,,,0.3005,0.0
1,1,5,2,50,6,6,1,,,0.3827,0.0
1,1,5,3,1,6,6,1,,,0.4909,0.0
1,1,5,3,2,4,5,0,,,0.4368,0.0
1,1,5,3,3,1,1,1,,,0.5556,0.0
1,1,5,3,4,3,4,0,3,1,0.6595,0.4433
1,1,5,3,5,4,3,0,,,0.3913,0.0
1,1,5,3,6,2,2,1,,,0.2566,0.0
1,1,5,3,7,5,2,0,5,1,0.3561,0.4726
1,1,5,3,8,5,6,0,5,1,0.179,0.5592
1,1,5,3,9,5,6,0,,,0.2135,0.0
1,1,5,3,10,2,2,1,,,0.2942,0.0
1,1,5,3,11,1,2,0,,,0.2962,0.0
1,1,5,3,12,3,3,1,,,0.6141,0.0
1,1,5,3,13,4,3,0,,,0.4429,0.0
1,1,5,3,14,1,2,0,,,0.3697,0.0
1,1,5,3,15,4,4,1,,,0.5398,0.0
1,1,5,3,16,6,6,1,,,0.2282,0.0
1,1,5,3,17,1,6,0,,,0.281,0.0
1,1,5,3,18,3,5,0,,,0.6951,0.0
1,1,5,3,19,2,2,1,,,0.4678,0.0
1,1,5,3,20,2,2,1,,,0.4626,0.0
1,1,5,3,21,1,6,0,,,0.4901,0.0
1,1,5,3,22,1,4,0,,,0.7507,0.0
1,1,5,3,23,3,2,0,,,1.1134,0.0
1,1,5,3,24,6,6,1,,,0.1657,0.0
1,1,5,3,25,5,5,1,,,0.3005,0.0
1,1,5,3,26,3,6,0,,,0.1593,0.0
1,1,5,3,27,3,3,1,,,0.3541,0.0
1,1,5,3,28,1,6,0,,,0.1932,0.0
1,1,5,3,29,2,2,1,,,0.4671,0.0
1,1,5,3,30,6,2,0,,,0.6384,0.0
1,1,5,3,31,6,5,0,,,0.4298,0.0
1,1,5,3,32,5,6,0,,,0.4055,0.0
1,1,5,3,33,4,2,0,,,0.6539,0.0
1,1,5,3,34,2,6,0,,,0.2369,0.0
1,1,5,3,35,6,1,0,,,1.7096,0.0
1,1,5,3,36,4,2,0,,,0.4485,0.0
1,1,5,3,37,6,4,0,,,0.8396,0.0
1,1,5,3,38,6,1,0,4,0,0.59,1.0169
1,1,5,3,39,5,2,0,,,0.3769,0.0
1,1,5,3,40,2,2,1,,,0.3709,0.0
1,1,5,3,41,3,4,0,,,0.6259,0.0
1,1,5,3,42,4,4,1,,,0.7218,0.0
1,1,5,3,43,5,3,0,,,0.8824,0.0
1,1,5,3,44,5,6,0,,,0.3121,0.0
1,1,5,3,45,6,6,1,,,0.9169,0.0
1,1,5,3,46,4,4,1,,,0.6848,0.0
1,1,5,3,47,3,3,1,,,0.5917,0.0
1,1,5,3,48,6,2,0,,,0.501,0.0
1,1,5,3,49,1,2,0,,,0.3933,0.0
1,1,5,3,50,2,2,1,,,0.2742,0.0
1,1,5,4,1,1,1,1,,,0.707,0.0
1,1,5,4,2,5,5,1,,,0.3555,0.0
1,1,5,4,3,3,2,0,,,0.3715,0.0
1,1,5,4,4,2,5,0,2,1,0.3016,1.3641
1,1,5,4,5,1,4,0,,,0.5224,0.0
1,1,5,4,6,6,2,0,,,0.4141,0.0
1,1,5,4,7,6,3,0,4,0,0.5828,0.8823
1,1,5,4,8,4,2,0,4,1,0.8237,0.4245
1,1,5,4,9,6,3,0,4,0,0.4374,1.0788
1,1,5,4,10,3,2,0,6,0,0.4196,0.3097
1,1,5,4,11,4,4,1,,,0.5143,0.0
1,1,5,4,12,2,2,1,,,0.4108,0.0
1,1,5,4,13,4,2,0,5,0,0.456,0.6803
1,1,5,4,14,3,2,0,,,0.5183,0.0
1,1,5,4,15,4,4,1,,,0.5538,0.0
1,1,5,4,16,4,4,1,,,0.2572,0.0
1,1,5,4,17,2,2,1,,,0.2278,0.0
1,1,5,4,18,2,3,0,4,0,1.256,0.4402
1,1,5,4,19,1,6,0,5,0,0.2073,0.618
1,1,5,4,20,5,2,0,4,0,0.4585,0.6829
1,1,5,4,21,6,6,1,,,0.2003,0.0
1,1,5,4,22,5,4,0,3,0,0.5102,0.7806
1,1,5,4,23,5,5,1,,,0.1503,0.0
1,1,5,4,24,4,3,0,,,0.7823,0.0
1,1,5,4,25,1,4,0,,,0.3918,0.0
1,1,5,4,26,4,4,1,,,0.6891,0.0
1,1,5,4,27,3,4,0,,,0.6104,0.0
1,1,5,4,28,2,3,0,4,0,0.4668,0.3706
1,1,5,4,29,5,5,1,,,0.4133,0.0
1,1,5,4,30,6,6,1,,,0.1383,0.0
1,1,5,4,31,5,5,1,,,0.147,0.0
1,1,5,4,32,3,3,1,,,0.6993,0.0
1,1,5,4,33,6,2,0,,,0.3968,0.0
1,1,5,4,34,6,6,1,,,0.1169,0.0
1,1,5,4,35,2,1,0,4,0,0.5106,0.5889
1,1,5,4,36,1,1,1,,,0.4777,0.0
1,1,5,4,37,6,6,1,,,0.088,0.0
1,1,5,4,38,1,5,0,6,0,0.2429,0.2686
1,1,5,4,39,4,4,1,,,0.715,0.0
1,1,5,4,40,2,4,0,1,0,0.4761,0.6682
1,1,5,4,41,6,4,0,,,0.9384,0.0
1,1,5,4,42,1,1,1,,,0.6376,0.0
1,1,5,4,43,3,3,1,,,1.0412,0.0
1,1,5,4,44,3,3,1,,,0.5481,0.0
1,1,5,4,45,5,3,0,,,0.2359,0.0
1,1,5,4,46,2,4,0,3,0,0.5072,0.4416
1,1,5,4,47,5,3,0,,,0.7365,0.0
1,1,5,4,48,3,3,1,,,0.5718,0.0
1,1,5,4,49,6,6,1,,,0.3715,0.0
1,1,5,4,50,1,1,1,,,0.642,0.0
1,2,1,1,1,3,3,1,,,0.6215,0.0
1,2,1,1,2,6,6,1,,,1.219,0.0
1,2,1,1,3,5,3,0,2,0,0.5586,0.9074
1,2,1,1,4,1,2,0,,,0.4481,0.0
1,2,1,1,5,1,1,1,,,0.5667,0.0
1,2,1,1,6,4,5,0,,,0.622,0.0
1,2,1,1,7,5,2,0,,,0.4947,0.0
1,2,1,1,8,3,3,1,,,0.5319,0.0
1,2,1,1,9,4,4,1,,,0.4606,0.0
1,2,1,1,10,2,2,1,,,0.3281,0.0
1,2,1,1,11,4,4,1,,,0.4254,0.0
1,2,1,1,12,1,1,1,,,0.3428,0.0
1,2,1,1,13,3,2,0,,,0.9991,0.0
1,2,1,1,14,3,2,0,,,0.3112,0.0
1,2,1,1,15,6,3,0,,,0.5811,0.0
1,2,1,1,16,1,1,1,,,0.7749,0.0
1,2,1,1,17,4,6,0,,,0.5976,0.0
1,2,1,1,18,4,2,0,,,0.7587,0.0
1,2,1,1,19,2,2,1,,,0.3374,0.0
1,2,1,1,20,3,3,1,,,0.6416,0.0
1,2,1,1,21,1,2,0,3,0,0.4863,0.4209
1,2,1,1,22,5,4,0,2,0,0.4779,0.7658
1,2,1,1,23,1,1,1,,,1.2876,0.0
1,2,1,1,24,6,3,0,,,0.513,0.0
1,2,1,1,25,2,2,1,,,0.2937,0.0
1,2,1,1,26,6,6,1,,,0.3759,0.0
1,2,1,1,27,5,2,0,,,0.5996,0.0
1,2,1,1,28,2,2,1,,,0.3766,0.0
1,2,1,1,29,1,1,1,,,0.4392,0.0
1,2,1,1,30,2,2,1,,,0.4042,0.0
1,2,1,1,31,6,6,1,,,0.4015,0.0
1,2,1,1,32,3,3,1,,,0.7516,0.0
1,2,1,1,33,6,6,1,,,0.3666,0.0
1,2,1,1,34,2,2,1,,,0.4461,0.0
1,2,1,1,35,5,1,0,,,1.0185,0.0
1,2,1,1,36,4,3,0,4,1,0.6181,0.6124
1,2,1,1,37,6,3,0,1,0,0.4732,1.3696
1,2,1,1,38,5,5,1,,,0.411,0.0
1,2,1,1,39,2,3,0,2,1,0.7129,0.3033
1,2,1,1,40,5,4,0,,,0.3852,0.0
1,2,1,1,41,6,6,1,,,0.3144,0.0
1,2,1,1,42,3,3,1,,,1.5801,0.0
1,2,1,1,43,4,4,1,,,0.4255,0.0
1,2,1,1,44,6,6,1,,,0.2947,0.0
1,2,1,1,45,1,2,0,,,0.4737,0.0
1,2,1,1,46,5,4,0,,,0.4319,0.0
1,2,1,1,47,3,5,0,1,0,0.4399,1.6248
1,2,1,1,48,2,2,1,,,0.1444,0.0
1,2,1,1,49,4,4,1,,,0.5366,0.0
1,2,1,1,50,6,6,1,,,0.3855,0.0
1,2,1,2,1,6,6,1,,,1.069,0.0
1,2,1,2,2,6,6,1,,,0.2079,0.0
1,2,1,2,3,1,6,0,,,0.2781,0.0
1,2,1,2,4,6,3,0,,,1.4929,0.0
1,2,1,2,5,3,3,1,,,0.5774,0.0
1,2,1,2,6,5,5,1,,,0.3443,0.0
1,2,1,2,7,5,2,0,,,0.7285,0.0
1,2,1,2,8,6,6,1,,,0.2769,0.0
1,2,1,2,9,4,4,1,,,0.6481,0.0
1,2,1,2,10,2,2,1,,,0.5558,0.0
1,2,1,2,11,2,2,1,,,0.4193,0.0
1,2,1,2,12,2,2,1,,,0.3523,0.0
1,2,1,2,13,3,6,0,3,1,0.432,0.8981
1,2,1,2,14,4,4,1,,,0.5715,0.0
1,2,1,2,15,1,6,0,,,0.3866,0.0
1,2,1,2,16,1,1,1,,,0.6047,0.0
1,2,1,2,17,6,6,1,,,0.4662,0.0
1,2,1,2,18,2,3,0,,,0.477,0.0
1,2,1,2,19,1,4,0,,,0.8354,0.0
1,2,1,2,20,1,6,0,,,0.4264,0.0
1,2,1,2,21,3,3,1,,,0.5315,0.0
1,2,1,2,22,6,6,1,,,0.2837,0.0
1,2,1,2,23,3,3,1,,,0.7983,0.0
1,2,1,2,24,1,2,0,6,0,0.9078,0.3453
1,2,1,2,25,2,2,1,,,0.4371,0.0
1,2,1,2,26,2,2,1,,,0.3054,0.0
1,2,1,2,27,5,6,0,,,0.3074,0.0
1,2,1,2,28,3,4,0,,,1.0721,0.0
1,2,1,2,29,5,3,0,,,0.4941,0.0
1,2,1,2,30,4,6,0,5,0,0.3885,0.391
1,2,1,2,31,1,2,0,,,0.4654,0.0
1,2,1,2,32,4,3,0,,,0.5038,0.0
1,2,1,2,33,6,5,0,4,0,0.5573,0.9536
1,2,1,2,34,4,6,0,4,1,1.0681,0.8988
1,2,1,2,35,5,5,1,,,0.4767,0.0
1,2,1,2,36,6,4,0,,,0.5356,0.0
1,2,1,2,37,5,6,0,4,0,0.3948,0.5908
1,2,1,2,38,2,2,1,,,0.4161,0.0
1,2,1,2,39,5,6,0,,,0.3814,0.0
1,2,1,2,40,2,2,1,,,0.4234,0.0
1,2,1,2,41,3,3,1,,,0.6126,0.0
1,2,1,2,42,4,4,1,,,0.6336,0.0
1,2,1,2,43,5,6,0,2,0,0.5578,0.7942
1,2,1,2,44,1,1,1,,,0.5322,0.0
1,2,1,2,45,6,6,1,,,0.3958,0.0
1,2,1,2,46,6,6,1,,,0.4909,0.0
1,2,1,2,47,3,3,1,,,0.5327,0.0
1,2,1,2,48,4,1,0,3,0,1.0056,0.6313
1,2,1,2,49,3,3,1,,,0.4709,0.0
1,2,1,2,50,4,4,1,,,0.5461,0.0
1,2,1,3,1,6,6,1,,,0.2799,0.0
1,2,1,3,2,3,4,0,3,1,0.5544,0.5984
1,2,1,3,3,4,2,0,6,0,0.3965,0.2398
1,2,1,3,4,2,2,1,,,0.3199,0.0
1,2,1,3,5,3,3,1,,,0.4167,0.0
1,2,1,3,6,2,3,0,,,0.4137,0.0
1,2,1,3,7,5,4,0,,,0.3746,0.0
1,2,1,3,8,4,1,0,,,0.6892,0.0
1,2,1,3,9,3,3,1,,,0.4306,0.0
1,2,1,3,10,1,1,1,,,0.5553,0.0
1,2,1,3,11,6,3,0,,,0.419,0.0
1,2,1,3,12,2,2,1,,,0.3795,0.0
1,2,1,3,13,4,4,1,,,0.5389,0.0
1,2,1,3,14,2,6,0,,,0.4665,0.0
1,2,1,3,15,3,4,0,,,0.8253,0.0
1,2,1,3,16,1,1,1,,,0.6578,0.0
1,2,1,3,17,1,1,1,,,0.3091,0.0
1,2,1,3,18,3,3,1,,,0.3747,0.0
1,2,1,3,19,4,3,0,,,0.4377,0.0
1,2,1,3,20,3,4,0,,,0.4463,0.0
1,2,1,3,21,1,2,0,3,0,0.4849,0.5325
1,2,1,3,22,1,1,1,,,0.2482,0.0
1,2,1,3,23,6,5,0,6,1,0.7159,0.3862
1,2,1,3,24,2,2,1,,,0.4166,0.0
1,2,1,3,25,5,4,0,,,0.4777,0.0
1,2,1,3,26,5,1,0,,,0.9641,0.0
1,2,1,3,27,2,2,1,,,0.3422,0.0
1,2,1,3,28,4,3,0,,,0.6469,0.0
1,2,1,3,29,1,1,1,,,0.5339,0.0
1,2,1,3,30,6,6,1,,,0.3818,0.0
1,2,1,3,31,1,3,0,4,0,0.6682,0.2764
1,2,1,3,32,3,3,1,,,0.5144,0.0
1,2,1,3,33,4,4,1,,,0.3478,0.0
1,2,1,3,34,6,6,1,,,0.2036,0.0
1,2,1,3,35,6,6,1,,,0.3057,0.0
1,2,1,3,36,5,5,1,,,0.3552,0.0
1,2,1,3,37,6,6,1,,,0.2916,0.0
1,2,1,3,38,4,3,0,,,0.5817,0.0
1,2,1,3,39,6,4,0,1,0,0.9676,0.579
1,2,1,3,40,3,1,0,,,1.3494,0.0
1,2,1,3,41,5,5,1,,,0.3759,0.0
1,2,1,3,42,5,2,0,,,0.4387,0.0
1,2,1,3,43,1,1,1,,,0.7026,0.0
1,2,1,3,44,6,6,1,,,0.2403,0.0
1,2,1,3,45,5,6,0,,,0.2769,0.0
1,2,1,3,46,4,2,0,,,0.4191,0.0
1,2,1,3,47,5,5,1,,,0.3962,0.0
1,2,1,3,48,2,2,1,,,0.4903,0.0
1,2,1,3,49,2,2,1,,,0.5485,0.0
1,2,1,3,50,6,6,1,,,0.3321,0.0
1,2,1,4,1,1,6,0,,,0.5702,0.0
1,2,1,4,2,2,2,1,,,0.5409,0.0
1,2,1,4,3,3,3,1,,,0.7256,0.0
1,2,1,4,4,4,4,1,,,0.4862,0.0
1,2,1,4,5,1,1,1,,,0.3364,0.0
1,2,1,4,6,6,6,1,,,0.1925,0.0
1,2,1,4,7,5,5,1,,,0.1515,0.0
1,2,1,4,8,2,6,0,5,0,0.0476,1.0576
1,2,1,4,9,5,6,0,,,0.2239,0.0
1,2,1,4,10,4,4,1,,,0.4323,0.0
1,2,1,4,11,1,1,1,,,0.3809,0.0
1,2,1,4,12,3,3,1,,,0.8278,0.0
1,2,1,4,13,6,6,1,,,0.2001,0.0
1,2,1,4,14,5,5,1,,,0.1581,0.0
1,2,1,4,15,1,6,0,2,0,0.1825,1.522
1,2,1,4,16,5,3,0,1,0,0.4779,0.5417
1,2,1,4,17,3,3,1,,,0.5292,0.0
1,2,1,4,18,4,5,0,,,0.4264,0.0
1,2,1,4,19,2,2,1,,,0.419,0.0
1,2,1,4,20,4,3,0,,,0.4161,0.0
1,2,1,4,21,3,3,1,,,0.4244,0.0
1,2,1,4,22,1,1,1,,,0.406,0.0
1,2,1,4,23,6,1,0,,,0.6914,0.0
1,2,1,4,24,5,6,0,2,0,0.5451,0.7976
1,2,1,4,25,5,5,1,,,0.327,0.0
1,2,1,4,26,3,3,1,,,0.7117,0.0
1,2,1,4,27,1,2,0,,,0.5216,0.0
1,2,1,4,28,6,6,1,,,0.318,0.0
1,2,1,4,29,1,6,0,,,0.431,0.0
1,2,1,4,30,2,2,1,,,0.6627,0.0
1,2,1,4,31,6,6,1,,,0.3788,0.0
1,2,1,4,32,3,3,1,,,0.6178,0.0
1,2,1,4,33,6,2,0,,,0.4307,0.0
1,2,1,4,34,4,4,1,,,0.6784,0.0
1,2,1,4,35,4,2,0,4,1,0.3769,0.8448
1,2,1,4,36,2,2,1,,,0.2813,0.0
1,2,1,4,37,5,6,0,,,0.1879,0.0
1,2,1,4,38,2,2,1,,,0.6057,0.0
1,2,1,4,39,5,3,0,,,0.6438,0.0
1,2,1,4,40,3,3,1,,,0.4835,0.0
1,2,1,4,41,2,2,1,,,0.4452,0.0
1,2,1,4,42,6,6,1,,,0.2015,0.0
1,2,1,4,43,4,2,0,,,0.5279,0.0
1,2,1,4,44,6,4,0,2,0,0.548,1.1529
1,2,1,4,45,1,3,0,4,0,0.5872,0.5661
1,2,1,4,46,6,6,1,,,0.2806,0.0
1,2,1,4,47,4,4,1,,,0.4114,0.0
1,2,1,4,48,2,3,0,,,0.6169,0.0
1,2,1,4,49,6,2,0,4,0,0.3451,0.5263
1,2,1,4,50,3,3,1,,,1.7151,0.0
1,2,2,1,1,6,6,1,,,0.2018,0.0
1,2,2,1,2,1,1,1,,,0.464,0.0
1,2,2,1,3,6,2,0,,,0.4265,0.0
1,2,2,1,4,1,4,0,1,1,0.5312,0.849
1,2,2,1,5,3,3,1,,,0.412,0.0
1,2,2,1,6,5,1,0,4,0,0.3621,0.5427
1,2,2,1,7,3,3,1,,,0.2749,0.0
1,2,2,1,8,1,6,0,,,0.4857,0.0
1,2,2,1,9,2,3,0,,,0.4438,0.0
1,2,2,1,10,6,6,1,,,0.3393,0.0
1,2,2,1,11,4,4,1,,,0.3404,0.0
1,2,2,1,12,2,2,1,,,0.5969,0.0
1,2,2,1,13,2,2,1,,,0.41,0.0
1,2,2,1,14,1,1,1,,,0.3763,0.0
1,2,2,1,15,5,6,0,,,0.3109,0.0
1,2,2,1,16,1,1,1,,,0.2436,0.0
1,2,2,1,17,3,1,0,5,0,0.5843,0.8995
1,2,2,1,18,5,3,0,,,0.5199,0.0
1,2,2,1,19,2,2,1,,,0.4128,0.0
1,2,2,1,20,3,6,0,2,0,0.7463,0.2713
1,2,2,1,21,6,3,0,,,0.5904,0.0
1,2,2,1,22,5,4,0,1,0,0.6239,0.5852
1,2,2,1,23,1,1,1,,,0.2667,0.0
1,2,2,1,24,5,4,0,,,0.7343,0.0
1,2,2,1,25,5,4,0,,,0.5858,0.0
1,2,2,1,26,3,5,0,1,0,0.3315,0.7375
1,2,2,1,27,1,1,1,,,0.1409,0.0
1,2,2,1,28,2,2,1,,,0.4537,0.0
1,2,2,1,29,4,2,0,5,0,0.7377,0.2939
1,2,2,1,30,6,6,1,,,0.1003,0.0
1,2,2,1,31,4,3,0,,,0.7821,0.0
1,2,2,1,32,3,4,0,,,0.4561,0.0
1,2,2,1,33,4,4,1,,,0.5429,0.0
1,2,2,1,34,5,6,0,,,0.5672,0.0
1,2,2,1,35,3,1,0,,,0.5696,0.0
1,2,2,1,36,6,6,1,,,0.2044,0.0
1,2,2,1,37,5,5,1,,,0.434,0.0
1,2,2,1,38,6,6,1,,,0.2069,0.0
1,2,2,1,39,3,2,0,5,0,0.3245,0.5703
1,2,2,1,40,4,3,0,,,0.829,0.0
1,2,2,1,41,2,2,1,,,0.4361,0.0
1,2,2,1,42,2,4,0,,,0.4329,0.0
1,2,2,1,43,2,2,1,,,0.5845,0.0
1,2,2,1,44,4,4,1,,,0.7668,0.0
1,2,2,1,45,6,6,1,,,0.3499,0.0
1,2,2,1,46,1,1,1,,,0.5578,0.0
1,2,2,1,47,4,4,1,,,0.6615,0.0
1,2,2,1,48,6,6,1,,,0.3285,0.0
1,2,2,1,49,6,6,1,,,0.282,0.0
1,2,2,1,50,4,3,0,,,0.5086,0.0
1,2,2,2,1,6,3,0,6,1,0.3995,0.5468
1,2,2,2,2,5,3,0,,,0.5381,0.0
1,2,2,2,3,6,6,1,,,0.1418,0.0
1,2,2,2,4,4,4,1,,,0.3102,0.0
1,2,2,2,5,1,3,0,,,0.2489,0.0
1,2,2,2,6,3,2,0,,,0.4237,0.0
1,2,2,2,7,3,3,1,,,0.8642,0.0
1,2,2,2,8,4,4,1,,,0.2987,0.0
1,2,2,2,9,2,2,1,,,0.3654,0.0
1,2,2,2,10,5,4,0,,,0.3163,0.0
1,2,2,2,11,2,2,1,,,0.2968,0.0
1,2,2,2,12,6,4,0,,,1.2432,0.0
1,2,2,2,13,3,3,1,,,0.2259,0.0
1,2,2,2,14,1,6,0,,,0.1511,0.0
1,2,2,2,15,4,4,1,,,0.4266,0.0
1,2,2,2,16,6,6,1,,,0.1997,0.0
1,2,2,2,17,3,3,1,,,0.5898,0.0
1,2,2,2,18,5,1,0,3,0,0.4041,0.8547
1,2,2,2,19,1,1,1,,,0.333,0.0
1,2,2,2,20,5,4,0,,,0.51,0.0
1,2,2,2,21,4,3,0,4,1,0.4509,0.3874
1,2,2,2,22,5,3,0,,,0.6421,0.0
1,2,2,2,23,4,4,1,,,0.3851,0.0
1,2,2,2,24,1,4,0,3,0,0.3677,0.516
1,2,2,2,25,6,3,0,4,0,1.0645,0.4159
1,2,2,2,26,6,2,0,,,1.2886,0.0
1,2,2,2,27,1,3,0,,,0.606,0.0
1,2,2,2,28,3,4,0,,,0.3186,0.0
1,2,2,2,29,2,2,1,,,0.3633,0.0
1,2,2,2,30,2,2,1,,,0.3463,0.0
1,2,2,2,31,1,5,0,,,0.5066,0.0
1,2,2,2,32,6,3,0,,,0.6877,0.0
1,2,2,2,33,4,4,1,,,0.4292,0.0
1,2,2,2,34,5,5,1,,,0.5379,0.0
1,2,2,2,35,6,4,0,,,0.6426,0.0
1,2,2,2,36,5,6,0,,,0.3064,0.0
1,2,2,2,37,1,1,1,,,0.6396,0.0
1,2,2,2,38,2,5,0,1,0,0.5635,0.8642
1,2,2,2,39,2,2,1,,,0.3902,0.0
1,2,2,2,40,5,5,1,,,0.2766,0.0
1,2,2,2,41,2,6,0,5,0,0.6799,0.2392
1,2,2,2,42,2,1,0,,,0.6232,0.0
1,2,2,2,43,3,3,1,,,0.672,0.0
1,2,2,2,44,4,1,0,,,0.2108,0.0
1,2,2,2,45,1,1,1,,,0.4681,0.0
1,2,2,2,46,3,6,0,5,0,0.703,0.2615
1,2,2,2,47,3,3,1,,,0.7558,0.0
1,2,2,2,48,6,6,1,,,0.6913,0.0
1,2,2,2,49,4,3,0,,,0.4217,0.0
1,2,2,2,50,6,4,0,,,0.4464,0.0
1,2,2,3,1,3,3,1,,,0.5313,0.0
1,2,2,3,2,4,4,1,,,0.4112,0.0
1,2,2,3,3,2,5,0,6,0,0.2488,0.3222
1,2,2,3,4,5,6,0,5,1,0.3992,0.2421
1,2,2,3,5,2,3,0,4,0,1.1432,0.3312
1,2,2,3,6,2,2,1,,,0.5193,0.0
1,2,2,3,7,6,4,0,,,0.8805,0.0
1,2,2,3,8,3,3,1,,,0.4379,0.0
1,2,2,3,9,5,6,0,,,0.4819,0.0
1,2,2,3,10,5,4,0,,,0.8399,0.0
1,2,2,3,11,1,1,1,,,0.2714,0.0
1,2,2,3,12,5,1,0,,,0.4829,0.0
1,2,2,3,13,4,4,1,,,0.1848,0.0
1,2,2,3,14,1,1,1,,,0.9912,0.0
1,2,2,3,15,6,6,1,,,0.1653,0.0
1,2,2,3,16,3,3,1,,,0.5086,0.0
1,2,2,3,17,1,1,1,,,0.534,0.0
1,2,2,3,18,5,5,1,,,0.2385,0.0
1,2,2,3,19,2,1,0,2,1,0.2113,0.6062
1,2,2,3,20,6,4,0,6,1,0.499,0.6582
1,2,2,3,21,3,3,1,,,0.7262,0.0
1,2,2,3,22,1,4,0,3,0,1.4312,0.2879
1,2,2,3,23,6,3,0,,,0.9094,0.0
1,2,2,3,24,5,5,1,,,0.1145,0.0
1,2,2,3,25,3,2,0,3,1,0.2673,0.3555
1,2,2,3,26,5,5,1,,,0.2759,0.0
1,2,2,3,27,2,2,1,,,0.1192,0.0
1,2,2,3,28,3,3,1,,,0.4645,0.0
1,2,2,3,29,3,3,1,,,0.5394,0.0
1,2,2,3,30,1,2,0,,,0.3075,0.0
1,2,2,3,31,4,4,1,,,0.4489,0.0
1,2,2,3,32,2,2,1,,,0.4931,0.0
1,2,2,3,33,6,6,1,,,0.2313,0.0
1,2,2,3,34,6,6,1,,,0.3,0.0
1,2,2,3,35,2,2,1,,,0.3655,0.0
1,2,2,3,36,4,4,1,,,0.3009,0.0
1,2,2,3,37,1,1,1,,,0.3187,0.0
1,2,2,3,38,6,6,1,,,0.2879,0.0
1,2,2,3,39,3,4,0,,,0.4026,0.0
1,2,2,3,40,5,2,0,,,0.3801,0.0
1,2,2,3,41,4,6,0,3,0,0.2135,2.0486
1,2,2,3,42,6,6,1,,,0.5176,0.0
1,2,2,3,43,4,3,0,4,1,0.5265,0.8289
1,2,2,3,44,6,2,0,,,0.6654,0.0
1,2,2,3,45,2,3,0,1,0,0.5518,0.8036
1,2,2,3,46,4,4,1,,,0.5085,0.0
1,2,2,3,47,1,1,1,,,0.5347,0.0
1,2,2,3,48,6,6,1,,,0.1748,0.0
1,2,2,3,49,4,4,1,,,0.518,0.0
1,2,2,3,50,1,2,0,3,0,0.3188,0.613
1,2,2,4,1,3,3,1,,,0.7871,0.0
1,2,2,4,2,4,4,1,,,0.5447,0.0
1,2,2,4,3,6,6,1,,,0.2812,0.0
1,2,2,4,4,3,4,0,1,0,0.6522,0.7725
1,2,2,4,5,5,5,1,,,0.3503,0.0
1,2,2,4,6,5,2,0,,,0.3981,0.0
1,2,2,4,7,1,1,1,,,0.5511,0.0
1,2,2,4,8,3,4,0,,,0.655,0.0
1,2,2,4,9,3,3,1,,,0.5425,0.0
1,2,2,4,10,4,2,0,,,0.4066,0.0
1,2,2,4,11,5,1,0,4,0,0.7359,0.7888
1,2,2,4,12,6,4,0,3,0,0.51,0.3639
1,2,2,4,13,4,4,1,,,0.3271,0.0
1,2,2,4,14,3,3,1,,,0.4084,0.0
1,2,2,4,15,6,6,1,,,0.3256,0.0
1,2,2,4,16,6,6,1,,,0.215,0.0
1,2,2,4,17,2,4,0,2,1,0.4287,0.4625
1,2,2,4,18,4,4,1,,,0.3774,0.0
1,2,2,4,19,3,3,1,,,0.5367,0.0
1,2,2,4,20,1,1,1,,,0.5131,0.0
1,2,2,4,21,2,2,1,,,0.3303,0.0
1,2,2,4,22,5,6,0,,,0.3784,0.0
1,2,2,4,23,5,1,0,,,0.7566,0.0
1,2,2,4,24,2,1,0,4,0,0.4468,0.7368
1,2,2,4,25,5,2,0,,,0.3962,0.0
1,2,2,4,26,4,2,0,,,0.5014,0.0
1,2,2,4,27,3,1,0,,,0.1864,0.0
1,2,2,4,28,2,4,0,,,0.428,0.0
1,2,2,4,29,6,2,0,,,0.9325,0.0
1,2,2,4,30,4,3,0,,,0.4555,0.0
1,2,2,4,31,1,1,1,,,0.351,0.0
1,2,2,4,32,5,5,1,,,0.2387,0.0
1,2,2,4,33,4,3,0,2,0,0.8993,0.258
1,2,2,4,34,1,1,1,,,0.1453,0.0
1,2,2,4,35,2,6,0,4,0,0.186,1.3972
1,2,2,4,36,2,2,1,,,0.5015,0.0
1,2,2,4,37,6,6,1,,,0.0956,0.0
1,2,2,4,38,3,1,0,4,0,0.7613,0.4618
1,2,2,4,39,1,3,0,1,1,0.7401,0.5529
1,2,2,4,40,2,2,1,,,0.2406,0.0
1,2,2,4,41,2,3,0,,,0.5013,0.0
1,2,2,4,42,5,5,1,,,0.2661,0.0
1,2,2,4,43,1,2,0,,,0.3499,0.0
1,2,2,4,44,6,6,1,,,0.2171,0.0
1,2,2,4,45,4,1,0,,,0.7026,0.0
1,2,2,4,46,1,6,0,1,1,0.811,1.293
1,2,2,4,47,6,4,0,,,0.279,0.0
1,2,2,4,48,6,3,0,4,0,0.7412,0.6173
1,2,2,4,49,6,6,1,,,0.0576,0.0
1,2,2,4,50,1,3,0,,,0.422,0.0
1,2,3,1,1,3,3,1,,,0.5444,0.0
1,2,3,1,2,1,1,1,,,0.2168,0.0
1,2,3,1,3,3,3,1,,,0.2862,0.0
1,2,3,1,4,5,2,0,,,0.1928,0.0
1,2,3,1,5,3,3,1,,,0.4351,0.0
1,2,3,1,6,1,3,0,4,0,0.5112,0.8456
1,2,3,1,7,3,2,0,5,0,0.1173,0.7548
1,2,3,1,8,5,6,0,5,1,0.1583,0.3308
1,2,3,1,9,6,6,1,,,0.3478,0.0
1,2,3,1,10,2,4,0,,,0.3629,0.0
1,2,3,1,11,6,3,0,6,1,0.7742,0.2972
1,2,3,1,12,2,2,1,,,0.6031,0.0
1,2,3,1,13,5,5,1,,,0.2891,0.0
1,2,3,1,14,6,6,1,,,0.2914,0.0
1,2,3,1,15,6,6,1,,,0.1822,0.0
1,2,3,1,16,5,4,0,3,0,0.4125,0.8151
1,2,3,1,17,2,2,1,,,0.3909,0.0
1,2,3,1,18,1,1,1,,,0.3898,0.0
1,2,3,1,19,5,5,1,,,0.66,0.0
1,2,3,1,20,3,3,1,,,0.7277,0.0
1,2,3,1,21,1,1,1,,,0.1685,0.0
1,2,3,1,22,4,4,1,,,0.7519,0.0
1,2,3,1,23,5,6,0,,,0.271,0.0
1,2,3,1,24,4,4,1,,,0.2385,0.0
1,2,3,1,25,4,4,1,,,0.6104,0.0
1,2,3,1,26,6,4,0,3,0,0.7283,0.2859
1,2,3,1,27,2,2,1,,,0.5081,0.0
1,2,3,1,28,5,3,0,,,0.4699,0.0
1,2,3,1,29,3,6,0,,,0.4122,0.0
1,2,3,1,30,1,1,1,,,0.3249,0.0
1,2,3,1,31,2,6,0,5,0,0.1976,0.3695
1,2,3,1,32,2,2,1,,,0.2521,0.0
1,2,3,1,33,1,1,1,,,0.5121,0.0
1,2,3,1,34,2,2,1,,,0.4418,0.0
1,2,3,1,35,6,3,0,,,0.4701,0.0
1,2,3,1,36,3,3,1,,,0.4445,0.0
1,2,3,1,37,3,6,0,5,0,0.5048,0.4875
1,2,3,1,38,4,4,1,,,0.5248,0.0
1,2,3,1,39,6,1,0,,,0.4379,0.0
1,2,3,1,40,6,6,1,,,0.3823,0.0
1,2,3,1,41,1,1,1,,,0.2207,0.0
1,2,3,1,42,2,2,1,,,0.3534,0.0
1,2,3,1,43,6,6,1,,,0.1776,0.0
1,2,3,1,44,6,6,1,,,0.1209,0.0
1,2,3,1,45,4,4,1,,,0.4185,0.0
1,2,3,1,46,1,1,1,,,0.1278,0.0
1,2,3,1,47,4,1,0,4,1,0.3773,0.5092
1,2,3,1,48,4,4,1,,,0.8545,0.0
1,2,3,1,49,4,3,0,,,0.6582,0.0
1,2,3,1,50,5,1,0,,,0.3048,0.0
1,2,3,2,1,1,1,1,,,0.3796,0.0
1,2,3,2,2,4,4,1,,,0.4105,0.0
1,2,3,2,3,5,5,1,,,0.1201,0.0
1,2,3,2,4,5,4,0,,,1.1852,0.0
1,2,3,2,5,6,6,1,,,0.1702,0.0
1,2,3,2,6,3,3,1,,,1.0896,0.0
1,2,3,2,7,1,4,0,,,0.6435,0.0
1,2,3,2,8,6,6,1,,,0.1311,0.0
1,2,3,2,9,2,2,1,,,0.2678,0.0
1,2,3,2,10,5,5,1,,,0.111,0.0
1,2,3,2,11,5,3,0,,,0.5695,0.0
1,2,3,2,12,1,1,1,,,1.2762,0.0
1,2,3,2,13,4,4,1,,,0.5181,0.0
1,2,3,2,14,2,2,1,,,0.2706,0.0
1,2,3,2,15,1,1,1,,,0.466,0.0
1,2,3,2,16,6,6,1,,,0.1091,0.0
1,2,3,2,17,6,6,1,,,0.1513,0.0
1,2,3,2,18,3,3,1,,,0.2553,0.0
1,2,3,2,19,4,4,1,,,0.1639,0.0
1,2,3,2,20,2,2,1,,,0.1867,0.0
1,2,3,2,21,6,6,1,,,0.1938,0.0
1,2,3,2,22,1,6,0,,,0.2641,0.0
1,2,3,2,23,3,1,0,,,0.4873,0.0
1,2,3,2,24,5,5,1,,,0.3012,0.0
1,2,3,2,25,4,5,0,,,0.4309,0.0
1,2,3,2,26,5,5,1,,,0.2307,0.0
1,2,3,2,27,6,6,1,,,0.6353,0.0
1,2,3,2,28,2,4,0,3,0,0.4318,0.6731
1,2,3,2,29,3,4,0,,,0.2556,0.0
1,2,3,2,30,5,6,0,,,0.3352,0.0
1,2,3,2,31,2,2,1,,,0.187,0.0
1,2,3,2,32,6,6,1,,,0.2256,0.0
1,2,3,2,33,2,4,0,3,0,0.2309,1.2967
1,2,3,2,34,4,4,1,,,0.7409,0.0
1,2,3,2,35,1,3,0,,,0.6932,0.0
1,2,3,2,36,4,4,1,,,0.483,0.0
1,2,3,2,37,1,1,1,,,0.2697,0.0
1,2,3,2,38,6,3,0,,,1.1684,0.0
1,2,3,2,39,2,2,1,,,0.2824,0.0
1,2,3,2,40,4,3,0,,,1.1166,0.0
1,2,3,2,41,2,2,1,,,0.3126,0.0
1,2,3,2,42,3,3,1,,,1.0822,0.0
1,2,3,2,43,4,2,0,,,0.3638,0.0
1,2,3,2,44,3,6,0,,,0.1343,0.0
1,2,3,2,45,1,2,0,,,0.2346,0.0
1,2,3,2,46,6,6,1,,,0.1706,0.0
1,2,3,2,47,3,4,0,,,1.218,0.0
1,2,3,2,48,6,6,1,,,0.3776,0.0
1,2,3,2,49,3,3,1,,,0.6965,0.0
1,2,3,2,50,5,5,1,,,2.106,0.0
1,2,3,3,1,5,3,0,,,0.5753,0.0
1,2,3,3,2,5,1,0,5,1,0.3061,0.7607
1,2,3,3,3,1,3,0,,,0.6165,0.0
1,2,3,3,4,2,2,1,,,0.3444,0.0
1,2,3,3,5,6,6,1,,,0.137,0.0
1,2,3,3,6,4,3,0,,,1.81,0.0
1,2,3,3,7,5,5,1,,,0.3858,0.0
1,2,3,3,8,5,3,0,,,0.4317,0.0
1,2,3,3,9,6,3,0,5,0,0.4874,0.3587
1,2,3,3,10,4,6,0,,,0.2422,0.0
1,2,3,3,11,1,2,0,5,0,0.3699,0.5982
1,2,3,3,12,2,3,0,,,0.5831,0.0
1,2,3,3,13,1,1,1,,,0.2493,0.0
1,2,3,3,14,3,3,1,,,0.5412,0.0
1,2,3,3,15,3,3,1,,,0.5975,0.0
1,2,3,3,16,6,6,1,,,0.251,0.0
1,2,3,3,17,6,2,0,,,0.495,0.0
1,2,3,3,18,3,3,1,,,0.6119,0.0
1,2,3,3,19,3,1,0,3,1,0.8891,0.6641
1,2,3,3,20,2,2,1,,,0.187,0.0
1,2,3,3,21,4,4,1,,,0.1773,0.0
1,2,3,3,22,2,1,0,,,0.4732,0.0
1,2,3,3,23,3,1,0,3,1,0.5438,0.5243
1,2,3,3,24,4,4,1,,,0.5972,0.0
1,2,3,3,25,2,2,1,,,0.1709,0.0
1,2,3,3,26,3,3,1,,,0.6908,0.0
1,2,3,3,27,3,3,1,,,0.6287,0.0
1,2,3,3,28,6,2,0,3,0,0.5059,0.3442
1,2,3,3,29,5,4,0,,,0.4035,0.0
1,2,3,3,30,5,3,0,,,0.6202,0.0
1,2,3,3,31,1,4,0,,,1.1164,0.0
1,2,3,3,32,5,3,0,4,0,0.4249,0.5224
1,2,3,3,33,6,4,0,,,0.799,0.0
1,2,3,3,34,1,1,1,,,0.5995,0.0
1,2,3,3,35,6,6,1,,,0.3815,0.0
1,2,3,3,36,2,5,0,,,1.1797,0.0
1,2,3,3,37,2,3,0,4,0,0.5807,0.2084
1,2,3,3,38,1,3,0,4,0,0.6738,0.2977
1,2,3,3,39,6,6,1,,,0.2468,0.0
1,2,3,3,40,6,6,1,,,0.0275,0.0
1,2,3,3,41,5,5,1,,,0.0091,0.0
1,2,3,3,42,1,1,1,,,0.8231,0.0
1,2,3,3,43,4,3,0,,,0.628,0.0
1,2,3,3,44,2,2,1,,,0.4993,0.0
1,2,3,3,45,4,4,1,,,0.4774,0.0
1,2,3,3,46,6,5,0,6,1,0.6167,0.1788
1,2,3,3,47,3,6,0,,,0.3616,0.0
1,2,3,3,48,4,4,1,,,0.3242,0.0
1,2,3,3,49,4,4,1,,,0.2291,0.0
1,2,3,3,50,1,2,0,,,0.5055,0.0
1,2,3,4,1,6,6,1,,,0.2044,0.0
1,2,3,4,2,5,5,1,,,0.0823,0.0
1,2,3,4,3,4,4,1,,,1.549,0.0
1,2,3,4,4,1,5,0,,,0.3319,0.0
1,2,3,4,5,5,2,0,,,0.4561,0.0
1,2,3,4,6,5,5,1,,,0.367,0.0
1,2,3,4,7,2,2,1,,,0.206,0.0
1,2,3,4,8,4,4,1,,,0.3239,0.0
1,2,3,4,9,3,3,1,,,0.8214,0.0
1,2,3,4,10,5,5,1,,,0.1943,0.0
1,2,3,4,11,3,6,0,5,0,0.4245,0.907
1,2,3,4,12,6,2,0,,,0.3353,0.0
1,2,3,4,13,1,1,1,,,1.0672,0.0
1,2,3,4,14,5,5,1,,,0.2061,0.0
1,2,3,4,15,3,4,0,,,0.5958,0.0
1,2,3,4,16,6,6,1,,,0.1007,0.0
1,2,3,4,17,4,2,0,4,1,0.2073,0.6499
1,2,3,4,18,1,6,0,2,0,0.4294,0.7673
1,2,3,4,19,3,3,1,,,0.4255,0.0
1,2,3,4,20,5,5,1,,,0.5024,0.0
1,2,3,4,21,4,3,0,,,0.9278,0.0
1,2,3,4,22,6,6,1,,,0.2749,0.0
1,2,3,4,23,4,4,1,,,0.4228,0.0
1,2,3,4,24,6,6,1,,,0.8356,0.0
1,2,3,4,25,6,6,1,,,0.3035,0.0
1,2,3,4,26,3,3,1,,,0.4174,0.0
1,2,3,4,27,6,6,1,,,0.3506,0.0
1,2,3,4,28,5,1,0,3,0,0.8145,0.4324
1,2,3,4,29,4,1,0,4,1,0.7289,0.8623
1,2,3,4,30,2,2,1,,,0.2323,0.0
1,2,3,4,31,2,4,0,,,0.6529,0.0
1,2,3,4,32,5,3,0,,,0.7804,0.0
1,2,3,4,33,1,1,1,,,0.1495,0.0
1,2,3,4,34,2,2,1,,,0.1579,0.0
1,2,3,4,35,3,3,1,,,0.8381,0.0
1,2,3,4,36,6,4,0,3,0,0.9295,0.4148
1,2,3,4,37,6,2,0,,,0.6793,0.0
1,2,3,4,38,4,3,0,1,0,0.4852,1.4924
1,2,3,4,39,4,4,1,,,0.3533,0.0
1,2,3,4,40,2,2,1,,,0.5609,0.0
1,2,3,4,41,3,6,0,,,0.2483,0.0
1,2,3,4,42,6,2,0,,,0.5042,0.0
1,2,3,4,43,2,6,0,5,0,0.2367,0.5506
1,2,3,4,44,1,1,1,,,0.6497,0.0
1,2,3,4,45,2,2,1,,,0.4453,0.0
1,2,3,4,46,1,2,0,,,0.2488,0.0
1,2,3,4,47,3,3,1,,,0.6966,0.0
1,2,3,4,48,1,1,1,,,0.4896,0.0
1,2,3,4,49,2,3,0,4,0,0.7402,0.8249
1,2,3,4,50,1,4,0,3,0,0.4486,0.7059
1,2,4,1,1,5,6,0,1,0,0.3467,1.7599
1,2,4,1,2,4,4,1,,,0.8495,0.0
1,2,4,1,3,1,1,1,,,0.3808,0.0
1,2,4,1,4,5,2,0,,,0.8434,0.0
1,2,4,1,5,5,4,0,,,0.867,0.0
1,2,4,1,6,6,6,1,,,0.2963,0.0
1,2,4,1,7,6,3,0,4,0,0.3788,0.6546
1,2,4,1,8,3,3,1,,,0.7818,0.0
1,2,4,1,9,5,6,0,,,0.3478,0.0
1,2,4,1,10,6,3,0,,,0.599,0.0
1,2,4,1,11,4,4,1,,,1.2394,0.0
1,2,4,1,12,4,3,0,4,1,0.5474,0.3201
1,2,4,1,13,1,1,1,,,0.2579,0.0
1,2,4,1,14,5,5,1,,,0.5656,0.0
1,2,4,1,15,1,1,1,,,0.4126,0.0
1,2,4,1,16,4,3,0,4,1,0.2974,0.8007
1,2,4,1,17,5,5,1,,,0.3824,0.0
1,2,4,1,18,3,3,1,,,0.4288,0.0
1,2,4,1,19,3,3,1,,,0.6173,0.0
1,2,4,1,20,5,1,0,,,0.6064,0.0
1,2,4,1,21,4,3,0,,,0.3674,0.0
1,2,4,1,22,1,1,1,,,0.698,0.0
1,2,4,1,23,6,6,1,,,0.171,0.0
1,2,4,1,24,2,3,0,1,0,0.5627,0.4311
1,2,4,1,25,2,3,0,2,1,0.5667,0.851
1,2,4,1,26,2,1,0,,,0.7821,0.0
1,2,4,1,27,6,6,1,,,0.2,0.0
1,2,4,1,28,1,1,1,,,0.2061,0.0
1,2,4,1,29,2,1,0,,,0.3404,0.0
1,2,4,1,30,4,4,1,,,0.5603,0.0
1,2,4,1,31,1,3,0,,,0.4075,0.0
1,2,4,1,32,2,3,0,1,0,0.5287,0.6385
1,2,4,1,33,6,6,1,,,0.2065,0.0
1,2,4,1,34,3,3,1,,,0.2926,0.0
1,2,4,1,35,6,6,1,,,0.439,0.0
1,2,4,1,36,1,6,0,,,0.2275,0.0
1,2,4,1,37,4,1,0,,,0.8836,0.0
1,2,4,1,38,2,1,0,,,0.1205,0.0
1,2,4,1,39,2,2,1,,,0.6856,0.0
1,2,4,1,40,3,4,0,2,0,0.3999,0.6111
1,2,4,1,41,3,6,0,1,0,0.2754,2.2195
1,2,4,1,42,3,1,0,,,0.4897,0.0
1,2,4,1,43,6,3,0,1,0,1.3276,0.2849
1,2,4,1,44,3,3,1,,,1.3389,0.0
1,2,4,1,45,6,6,1,,,0.2582,0.0
1,2,4,1,46,2,3,0,,,0.5657,0.0
1,2,4,1,47,4,4,1,,,0.4085,0.0
1,2,4,1,48,1,1,1,,,0.2939,0.0
1,2,4,1,49,6,6,1,,,0.2969,0.0
1,2,4,1,50,5,5,1,,,0.4906,0.0
1,2,4,2,1,1,4,0,1,1,1.187,0.4372
1,2,4,2,2,2,2,1,,,0.5137,0.0
1,2,4,2,3,1,4,0,,,1.5624,0.0
1,2,4,2,4,3,1,0,,,0.2438,0.0
1,2,4,2,5,2,2,1,,,0.5472,0.0
1,2,4,2,6,2,2,1,,,0.7145,0.0
1,2,4,2,7,5,6,0,5,1,0.6196,0.3247
1,2,4,2,8,5,2,0,,,1.4943,0.0
1,2,4,2,9,5,4,0,3,0,0.4188,0.9653
1,2,4,2,10,1,1,1,,,0.4231,0.0
1,2,4,2,11,3,3,1,,,0.324,0.0
1,2,4,2,12,6,1,0,,,0.2776,0.0
1,2,4,2,13,4,4,1,,,0.4833,0.0
1,2,4,2,14,4,4,1,,,0.2695,0.0
1,2,4,2,15,3,3,1,,,0.5928,0.0
1,2,4,2,16,6,4,0,,,0.9189,0.0
1,2,4,2,17,2,4,0,,,0.5549,0.0
1,2,4,2,18,4,5,0,4,1,0.3504,0.3071
1,2,4,2,19,1,1,1,,,0.5965,0.0
1,2,4,2,20,6,6,1,,,0.2021,0.0
1,2,4,2,21,2,2,1,,,0.4965,0.0
1,2,4,2,22,4,6,0,,,0.1858,0.0
1,2,4,2,23,4,4,1,,,0.3962,0.0
1,2,4,2,24,3,3,1,,,0.9543,0.0
1,2,4,2,25,6,4,0,,,0.5932,0.0
1,2,4,2,26,6,2,0,,,0.4348,0.0
1,2,4,2,27,5,5,1,,,0.6506,0.0
1,2,4,2,28,4,4,1,,,0.2862,0.0
1,2,4,2,29,2,2,1,,,0.2729,0.0
1,2,4,2,30,5,6,0,,,0.3719,0.0
1,2,4,2,31,5,2,0,,,0.3189,0.0
1,2,4,2,32,1,6,0,1,1,0.507,0.3939
1,2,4,2,33,1,2,0,,,0.2801,0.0
1,2,4,2,34,1,1,1,,,0.5179,0.0
1,2,4,2,35,5,3,0,,,0.8314,0.0
1,2,4,2,36,3,4,0,,,0.471,0.0
1,2,4,2,37,4,5,0,,,0.4608,0.0
1,2,4,2,38,3,1,0,,,0.8835,0.0
1,2,4,2,39,2,2,1,,,0.2967,0.0
1,2,4,2,40,6,6,1,,,0.2191,0.0
1,2,4,2,41,4,3,0,,,0.9764,0.0
1,2,4,2,42,3,3,1,,,0.5627,0.0
1,2,4,2,43,6,3,0,,,0.7289,0.0
1,2,4,2,44,5,6,0,,,0.3083,0.0
1,2,4,2,45,6,6,1,,,0.7699,0.0
1,2,4,2,46,3,3,1,,,0.3368,0.0
1,2,4,2,47,1,1,1,,,0.2735,0.0
1,2,4,2,48,2,2,1,,,0.4369,0.0
1,2,4,2,49,6,6,1,,,0.2571,0.0
1,2,4,2,50,6,6,1,,,0.2932,0.0
1,2,4,3,1,2,2,1,,,1.2215,0.0
1,2,4,3,2,5,3,0,,,2.0013,0.0
1,2,4,3,3,1,4,0,,,0.3291,0.0
1,2,4,3,4,4,2,0,,,0.5651,0.0
1,2,4,3,5,3,3,1,,,0.5992,0.0
1,2,4,3,6,1,1,1,,,0.557,0.0
1,2,4,3,7,5,1,0,6,0,0.3723,0.3283
1,2,4,3,8,5,5,1,,,0.3242,0.0
1,2,4,3,9,6,2,0,,,0.6615,0.0
1,2,4,3,10,5,6,0,,,0.4836,0.0
1,2,4,3,11,1,1,1,,,0.2815,0.0
1,2,4,3,12,1,1,1,,,0.1882,0.0
1,2,4,3,13,4,3,0,4,1,0.1788,0.639
1,2,4,3,14,2,2,1,,,0.3391,0.0
1,2,4,3,15,6,5,0,2,0,0.3239,0.6821
1,2,4,3,16,6,6,1,,,0.1355,0.0
1,2,4,3,17,1,4,0,,,0.4477,0.0
1,2,4,3,18,4,4,1,,,0.807,0.0
1,2,4,3,19,1,1,1,,,0.1646,0.0
1,2,4,3,20,2,4,0,,,0.6999,0.0
1,2,4,3,21,6,6,1,,,0.3291,0.0
1,2,4,3,22,4,3,0,4,1,1.0495,0.5937
1,2,4,3,23,4,4,1,,,0.456,0.0
1,2,4,3,24,5,5,1,,,0.1481,0.0
1,2,4,3,25,5,3,0,,,0.6363,0.0
1,2,4,3,26,6,6,1,,,0.3156,0.0
1,2,4,3,27,3,3,1,,,0.669,0.0
1,2,4,3,28,6,6,1,,,0.2077,0.0
1,2,4,3,29,4,4,1,,,0.2298,0.0
1,2,4,3,30,6,1,0,,,0.6185,0.0
1,2,4,3,31,4,4,1,,,0.6188,0.0
1,2,4,3,32,2,4,0,,,0.5919,0.0
1,2,4,3,33,5,6,0,,,0.0974,0.0
1,2,4,3,34,2,1,0,,,0.151,0.0
1,2,4,3,35,3,3,1,,,0.6181,0.0
1,2,4,3,36,3,6,0,1,0,0.5112,0.43
1,2,4,3,37,6,3,0,,,0.7096,0.0
1,2,4,3,38,2,2,1,,,0.2265,0.0
1,2,4,3,39,6,3,0,,,1.1599,0.0
1,2,4,3,40,6,1,0,4,0,0.1938,0.4617
1,2,4,3,41,5,5,1,,,0.6764,0.0
1,2,4,3,42,4,1,0,4,1,0.583,0.3548
1,2,4,3,43,2,6,0,,,0.1628,0.0
1,2,4,3,44,3,3,1,,,0.4373,0.0
1,2,4,3,45,3,3,1,,,0.5139,0.0
1,2,4,3,46,1,2,0,,,1.019,0.0
1,2,4,3,47,3,3,1,,,0.475,0.0
1,2,4,3,48,1,2,0,,,0.3893,0.0
1,2,4,3,49,2,2,1,,,0.6721,0.0
1,2,4,3,50,3,4,0,3,1,0.7544,0.2463
1,2,4,4,1,4,4,1,,,0.3764,0.0
1,2,4,4,2,3,3,1,,,0.4236,0.0
1,2,4,4,3,1,1,1,,,0.7561,0.0
1,2,4,4,4,1,4,0,,,0.436,0.0
1,2,4,4,5,2,6,0,2,1,0.3158,0.8025
1,2,4,4,6,1,3,0,1,1,1.424,0.4724
1,2,4,4,7,6,6,1,,,0.0835,0.0
1,2,4,4,8,3,3,1,,,0.4306,0.0
1,2,4,4,9,1,1,1,,,0.3631,0.0
1,2,4,4,10,6,6,1,,,0.2821,0.0
1,2,4,4,11,6,2,0,,,0.7325,0.0
1,2,4,4,12,6,2,0,,,0.7442,0.0
1,2,4,4,13,3,3,1,,,0.4027,0.0
1,2,4,4,14,1,1,1,,,0.2251,0.0
1,2,4,4,15,2,2,1,,,0.2777,0.0
1,2,4,4,16,1,1,1,,,0.5855,0.0
1,2,4,4,17,1,6,0,1,1,0.7515,0.7716
1,2,4,4,18,4,4,1,,,0.3388,0.0
1,2,4,4,19,5,2,0,,,0.2112,0.0
1,2,4,4,20,1,1,1,,,0.2279,0.0
1,2,4,4,21,4,1,0,,,0.4404,0.0
1,2,4,4,22,3,3,1,,,0.512,0.0
1,2,4,4,23,5,2,0,3,0,0.5529,0.5815
1,2,4,4,24,4,4,1,,,0.7275,0.0
1,2,4,4,25,5,6,0,4,0,0.4083,0.6347
1,2,4,4,26,6,4,0,,,0.5539,0.0
1,2,4,4,27,6,3,0,1,0,0.6055,0.6794
1,2,4,4,28,6,6,1,,,0.1496,0.0
1,2,4,4,29,3,3,1,,,1.1335,0.0
1,2,4,4,30,5,3,0,,,0.8287,0.0
1,2,4,4,31,6,4,0,,,0.3246,0.0
1,2,4,4,32,3,1,0,4,0,0.2735,1.4331
1,2,4,4,33,5,2,0,,,0.2476,0.0
1,2,4,4,34,4,4,1,,,0.1674,0.0
1,2,4,4,35,2,2,1,,,0.1746,0.0
1,2,4,4,36,2,1,0,,,0.8381,0.0
1,2,4,4,37,4,4,1,,,0.6058,0.0
1,2,4,4,38,6,6,1,,,0.2588,0.0
1,2,4,4,39,5,6,0,,,0.535,0.0
1,2,4,4,40,2,4,0,,,0.4266,0.0
1,2,4,4,41,3,6,0,,,0.3065,0.0
1,2,4,4,42,6,4,0,,,0.9119,0.0
1,2,4,4,43,5,6,0,,,0.4043,0.0
1,2,4,4,44,2,2,1,,,0.3329,0.0
1,2,4,4,45,2,2,1,,,0.7815,0.0
1,2,4,4,46,3,1,0,,,0.636,0.0
1,2,4,4,47,4,4,1,,,0.4437,0.0
1,2,4,4,48,4,4,1,,,0.1678,0.0
1,2,4,4,49,2,2,1,,,0.3511,0.0
1,2,4,4,50,5,5,1,,,0.5428,0.0
1,2,5,1,1,3,3,1,,,1.0844,0.0
1,2,5,1,2,3,3,1,,,0.4781,0.0
1,2,5,1,3,5,2,0,4,0,0.2173,0.9636
1,2,5,1,4,5,5,1,,,0.5018,0.0
1,2,5,1,5,2,2,1,,,0.1754,0.0
1,2,5,1,6,4,4,1,,,1.2067,0.0
1,2,5,1,7,5,3,0,,,0.7874,0.0
1,2,5,1,8,4,4,1,,,0.3489,0.0
1,2,5,1,9,5,5,1,,,0.1407,0.0
1,2,5,1,10,2,4,0,3,0,0.3259,0.5553
1,2,5,1,11,5,5,1,,,0.6546,0.0
1,2,5,1,12,6,6,1,,,0.2738,0.0
1,2,5,1,13,1,1,1,,,0.2133,0.0
1,2,5,1,14,6,3,0,,,0.843,0.0
1,2,5,1,15,6,4,0,3,0,0.6892,0.5041
1,2,5,1,16,1,1,1,,,0.3176,0.0
1,2,5,1,17,5,3,0,4,0,0.4142,0.8169
1,2,5,1,18,2,2,1,,,0.5535,0.0
1,2,5,1,19,2,3,0,,,0.4972,0.0
1,2,5,1,20,4,4,1,,,0.3421,0.0
1,2,5,1,21,6,1,0,,,0.7906,0.0
1,2,5,1,22,6,3,0,2,0,0.8314,0.8331
1,2,5,1,23,1,1,1,,,0.3281,0.0
1,2,5,1,24,2,2,1,,,0.5687,0.0
1,2,5,1,25,1,3,0,4,0,0.8954,0.2382
1,2,5,1,26,4,3,0,1,0,0.4783,0.6382
1,2,5,1,27,6,6,1,,,0.6862,0.0
1,2,5,1,28,1,1,1,,,0.5276,0.0
1,2,5,1,29,4,1,0,3,0,0.1847,1.8115
1,2,5,1,30,3,3,1,,,0.4505,0.0
1,2,5,1,31,1,1,1,,,0.3507,0.0
1,2,5,1,32,6,6,1,,,0.1581,0.0
1,2,5,1,33,2,3,0,4,0,0.4706,0.4223
1,2,5,1,34,3,3,1,,,0.703,0.0
1,2,5,1,35,2,2,1,,,1.6159,0.0
1,2,5,1,36,4,4,1,,,0.4277,0.0
1,2,5,1,37,6,6,1,,,0.1525,0.0
1,2,5,1,38,3,6,0,1,0,0.8165,0.3867
1,2,5,1,39,4,4,1,,,0.5246,0.0
1,2,5,1,40,4,4,1,,,0.3258,0.0
1,2,5,1,41,3,4,0,3,1,0.3749,0.9227
1,2,5,1,42,1,1,1,,,0.4674,0.0
1,2,5,1,43,6,6,1,,,0.2706,0.0
1,2,5,1,44,2,2,1,,,0.4657,0.0
1,2,5,1,45,5,6,0,,,0.4449,0.0
1,2,5,1,46,3,3,1,,,0.7081,0.0
1,2,5,1,47,3,6,0,,,0.1811,0.0
1,2,5,1,48,1,3,0,,,0.7113,0.0
1,2,5,1,49,5,6,0,,,0.1475,0.0
1,2,5,1,50,6,6,1,,,0.2472,0.0
1,2,5,2,1,6,6,1,,,0.1529,0.0
1,2,5,2,2,6,6,1,,,0.1284,0.0
1,2,5,2,3,3,3,1,,,0.6337,0.0
1,2,5,2,4,1,4,0,3,0,0.2058,0.3767
1,2,5,2,5,4,4,1,,,0.3862,0.0
1,2,5,2,6,2,2,1,,,0.3689,0.0
1,2,5,2,7,5,5,1,,,0.1919,0.0
1,2,5,2,8,1,3,0,,,0.6304,0.0
1,2,5,2,9,2,2,1,,,0.2629,0.0
1,2,5,2,10,4,1,0,4,1,0.6501,0.3704
1,2,5,2,11,6,6,1,,,0.034,0.0
1,2,5,2,12,4,2,0,,,0.7349,0.0
1,2,5,2,13,3,3,1,,,0.6023,0.0
1,2,5,2,14,3,3,1,,,0.5442,0.0
1,2,5,2,15,3,3,1,,,0.5674,0.0
1,2,5,2,16,2,3,0,4,0,0.3986,0.3216
1,2,5,2,17,4,4,1,,,0.2219,0.0
1,2,5,2,18,3,1,0,3,1,0.6919,0.602
1,2,5,2,19,6,6,1,,,0.1116,0.0
1,2,5,2,20,4,2,0,,,0.2337,0.0
1,2,5,2,21,5,6,0,2,0,0.8252,0.3628
1,2,5,2,22,5,4,0,3,0,0.2454,0.6712
1,2,5,2,23,2,2,1,,,0.5573,0.0
1,2,5,2,24,6,6,1,,,0.3254,0.0
1,2,5,2,25,1,1,1,,,0.3418,0.0
1,2,5,2,26,1,3,0,4,0,0.599,0.2895
1,2,5,2,27,1,3,0,,,0.5274,0.0
1,2,5,2,28,4,1,0,,,0.5957,0.0
1,2,5,2,29,5,6,0,5,1,0.1161,0.4037
1,2,5,2,30,5,5,1,,,0.353,0.0
1,2,5,2,31,3,3,1,,,0.529,0.0
1,2,5,2,32,5,3,0,,,0.5536,0.0
1,2,5,2,33,2,3,0,,,0.4125,0.0
1,2,5,2,34,2,3,0,,,0.5648,0.0
1,2,5,2,35,6,3,0,,,0.551,0.0
1,2,5,2,36,6,6,1,,,0.0744,0.0
1,2,5,2,37,1,3,0,,,0.4535,0.0
1,2,5,2,38,4,4,1,,,0.3974,0.0
1,2,5,2,39,6,5,0,,,0.347,0.0
1,2,5,2,40,3,3,1,,,0.4861,0.0
1,2,5,2,41,1,1,1,,,0.2569,0.0
1,2,5,2,42,5,4,0,,,0.2922,0.0
1,2,5,2,43,3,3,1,,,0.4657,0.0
1,2,5,2,44,6,1,0,,,0.5887,0.0
1,2,5,2,45,6,6,1,,,0.1429,0.0
1,2,5,2,46,1,4,0,,,0.6149,0.0
1,2,5,2,47,5,3,0,,,0.3599,0.0
1,2,5,2,48,2,3,0,,,0.7544,0.0
1,2,5,2,49,4,2,0,,,0.829,0.0
1,2,5,2,50,2,2,1,,,0.3402,0.0
1,2,5,3,1,1,1,1,,,0.5467,0.0
1,2,5,3,2,4,4,1,,,0.4264,0.0
1,2,5,3,3,2,4,0,,,0.4867,0.0
1,2,5,3,4,6,6,1,,,0.3165,0.0
1,2,5,3,5,5,5,1,,,0.2216,0.0
1,2,5,3,6,2,3,0,,,0.6113,0.0
1,2,5,3,7,4,4,1,,,0.4517,0.0
1,2,5,3,8,3,3,1,,,0.7828,0.0
1,2,5,3,9,4,4,1,,,0.4289,0.0
1,2,5,3,10,6,6,1,,,0.3139,0.0
1,2,5,3,11,1,1,1,,,0.3304,0.0
1,2,5,3,12,5,5,1,,,0.4433,0.0
1,2,5,3,13,6,3,0,,,0.3277,0.0
1,2,5,3,14,3,4,0,,,0.4199,0.0
1,2,5,3,15,2,2,1,,,0.2839,0.0
1,2,5,3,16,3,6,0,,,0.3831,0.0
1,2,5,3,17,5,3,0,,,0.4725,0.0
1,2,5,3,18,1,3,0,,,0.6713,0.0
1,2,5,3,19,5,4,0,,,0.4457,0.0
1,2,5,3,20,6,6,1,,,0.2289,0.0
1,2,5,3,21,4,4,1,,,0.3614,0.0
1,2,5,3,22,6,6,1,,,0.3764,0.0
1,2,5,3,23,4,3,0,,,0.6477,0.0
1,2,5,3,24,3,3,1,,,1.2863,0.0
1,2,5,3,25,6,6,1,,,0.7362,0.0
1,2,5,3,26,3,3,1,,,0.4959,0.0
1,2,5,3,27,2,2,1,,,0.3461,0.0
1,2,5,3,28,5,5,1,,,0.2974,0.0
1,2,5,3,29,2,3,0,,,0.6515,0.0
1,2,5,3,30,6,6,1,,,0.1869,0.0
1,2,5,3,31,3,1,0,,,0.3053,0.0
1,2,5,3,32,5,5,1,,,0.5266,0.0
1,2,5,3,33,2,2,1,,,0.3117,0.0
1,2,5,3,34,1,1,1,,,0.2809,0.0
1,2,5,3,35,4,3,0,,,0.3156,0.0
1,2,5,3,36,5,6,0,,,0.2479,0.0
1,2,5,3,37,6,6,1,,,0.2475,0.0
1,2,5,3,38,4,4,1,,,0.3318,0.0
1,2,5,3,39,1,4,0,2,0,0.7478,1.0251
1,2,5,3,40,2,6,0,2,1,0.5125,0.751
1,2,5,3,41,1,1,1,,,0.639,0.0
1,2,5,3,42,6,3,0,,,0.6912,0.0
1,2,5,3,43,4,3,0,,,0.5601,0.0
1,2,5,3,44,3,1,0,,,0.3544,0.0
1,2,5,3,45,3,3,1,,,0.2383,0.0
1,2,5,3,46,1,1,1,,,0.7709,0.0
1,2,5,3,47,6,4,0,,,0.3375,0.0
1,2,5,3,48,5,1,0,,,0.3973,0.0
1,2,5,3,49,2,6,0,,,0.2631,0.0
1,2,5,3,50,1,1,1,,,0.3097,0.0
1,2,5,4,1,3,1,0,3,1,0.3886,0.8884
1,2,5,4,2,5,1,0,,,1.634,0.0
1,2,5,4,3,4,4,1,,,0.3923,0.0
1,2,5,4,4,3,3,1,,,0.4701,0.0
1,2,5,4,5,1,1,1,,,0.2894,0.0
1,2,5,4,6,1,1,1,,,0.2597,0.0
1,2,5,4,7,5,3,0,4,0,0.3439,0.333
1,2,5,4,8,1,4,0,,,0.6814,0.0
1,2,5,4,9,5,4,0,3,0,0.7271,0.492
1,2,5,4,10,6,2,0,5,0,0.5144,0.673
1,2,5,4,11,6,4,0,,,0.7507,0.0
1,2,5,4,12,6,3,0,,,0.8096,0.0
1,2,5,4,13,3,1,0,,,0.4497,0.0
1,2,5,4,14,6,6,1,,,0.4892,0.0
1,2,5,4,15,4,4,1,,,0.3237,0.0
1,2,5,4,16,2,1,0,,,0.4368,0.0
1,2,5,4,17,2,2,1,,,0.5245,0.0
1,2,5,4,18,5,3,0,,,0.9335,0.0
1,2,5,4,19,5,2,0,,,0.9209,0.0
1,2,5,4,20,2,2,1,,,0.2532,0.0
1,2,5,4,21,6,3,0,,,0.417,0.0
1,2,5,4,22,4,4,1,,,0.3292,0.0
1,2,5,4,23,6,6,1,,,0.1861,0.0
1,2,5,4,24,4,4,1,,,0.6246,0.0
1,2,5,4,25,1,1,1,,,0.2297,0.0
1,2,5,4,26,2,3,0,,,0.6499,0.0
1,2,5,4,27,6,2,0,3,0,0.5367,0.3583
1,2,5,4,28,2,2,1,,,0.1611,0.0
1,2,5,4,29,4,4,1,,,0.3926,0.0
1,2,5,4,30,6,1,0,,,1.2874,0.0
1,2,5,4,31,4,4,1,,,0.54,0.0
1,2,5,4,32,1,1,1,,,1.4127,0.0
1,2,5,4,33,2,2,1,,,0.3925,0.0
1,2,5,4,34,4,4,1,,,0.4393,0.0
1,2,5,4,35,5,5,1,,,0.2591,0.0
1,2,5,4,36,3,3,1,,,0.5833,0.0
1,2,5,4,37,4,4,1,,,0.4617,0.0
1,2,5,4,38,6,6,1,,,0.1847,0.0
1,2,5,4,39,2,2,1,,,0.3996,0.0
1,2,5,4,40,3,4,0,2,0,0.4134,0.3678
1,2,5,4,41,5,2,0,,,0.5387,0.0
1,2,5,4,42,3,3,1,,,0.5898,0.0
1,2,5,4,43,1,1,1,,,0.74,0.0
1,2,5,4,44,5,3,0,,,0.8843,0.0
1,2,5,4,45,3,2,0,,,0.3621,0.0
1,2,5,4,46,6,6,1,,,0.196,0.0
1,2,5,4,47,3,3,1,,,0.6508,0.0
1,2,5,4,48,1,6,0,,,0.6861,0.0
1,2,5,4,49,2,2,1,,,0.3153,0.0
1,2,5,4,50,1,1,1,,,0.2529,0.0
1,3,1,1,1,4,1,0,,,1.142,0.0
1,3,1,1,2,3,1,0,3,1,0.8652,0.8972
1,3,1,1,3,4,1,0,,,0.4259,0.0
1,3,1,1,4,1,6,0,,,0.5941,0.0
1,3,1,1,5,5,6,0,,,0.4198,0.0
1,3,1,1,6,4,1,0,4,1,0.4283,0.8145
1,3,1,1,7,6,6,1,,,0.1705,0.0
1,3,1,1,8,2,2,1,,,0.3064,0.0
1,3,1,1,9,6,6,1,,,0.3077,0.0
1,3,1,1,10,5,5,1,,,0.262,0.0
1,3,1,1,11,2,2,1,,,0.2817,0.0
1,3,1,1,12,6,6,1,,,0.5885,0.0
1,3,1,1,13,5,6,0,,,0.2427,0.0
1,3,1,1,14,6,6,1,,,0.1786,0.0
1,3,1,1,15,3,4,0,3,1,0.7466,0.6549
1,3,1,1,16,6,1,0,,,0.5145,0.0
1,3,1,1,17,3,3,1,,,0.855,0.0
1,3,1,1,18,6,2,0,1,0,0.4826,0.7066
1,3,1,1,19,1,2,0,,,0.4627,0.0
1,3,1,1,20,1,2,0,5,0,0.6776,0.6694
1,3,1,1,21,5,5,1,,,0.2833,0.0
1,3,1,1,22,1,4,0,,,0.3182,0.0
1,3,1,1,23,3,3,1,,,0.6981,0.0
1,3,1,1,24,4,1,0,,,0.6363,0.0
1,3,1,1,25,4,4,1,,,0.316,0.0
1,3,1,1,26,3,1,0,3,1,0.3967,0.5923
1,3,1,1,27,1,6,0,,,0.9987,0.0
1,3,1,1,28,4,4,1,,,0.855,0.0
1,3,1,1,29,3,3,1,,,0.3858,0.0
1,3,1,1,30,4,4,1,,,0.3689,0.0
1,3,1,1,31,6,6,1,,,0.128,0.0
1,3,1,1,32,3,4,0,,,0.5855,0.0
1,3,1,1,33,3,2,0,,,0.603,0.0
1,3,1,1,34,2,1,0,3,0,0.3961,0.7196
1,3,1,1,35,1,1,1,,,0.6031,0.0
1,3,1,1,36,6,6,1,,,0.1447,0.0
1,3,1,1,37,2,4,0,,,1.0977,0.0
1,3,1,1,38,5,6,0,5,1,0.2622,0.3667
1,3,1,1,39,5,4,0,,,0.8938,0.0
1,3,1,1,40,2,2,1,,,0.5475,0.0
1,3,1,1,41,5,6,0,,,0.3311,0.0
1,3,1,1,42,2,2,1,,,0.3911,0.0
1,3,1,1,43,2,2,1,,,0.3419,0.0
1,3,1,1,44,2,2,1,,,0.6784,0.0
1,3,1,1,45,6,6,1,,,0.361,0.0
1,3,1,1,46,4,3,0,,,1.2405,0.0
1,3,1,1,47,1,1,1,,,0.4957,0.0
1,3,1,1,48,1,3,0,,,0.5221,0.0
1,3,1,1,49,5,5,1,,,0.1589,0.0
1,3,1,1,50,6,6,1,,,0.2786,0.0
1,3,1,2,1,6,4,0,1,0,0.5834,1.1074
1,3,1,2,2,6,3,0,,,0.6556,0.0
1,3,1,2,3,1,1,1,,,0.479,0.0
1,3,1,2,4,6,6,1,,,0.4577,0.0
1,3,1,2,5,1,1,1,,,0.6772,0.0
1,3,1,2,6,2,6,0,,,0.4881,0.0
1,3,1,2,7,6,3,0,,,0.8138,0.0
1,3,1,2,8,6,6,1,,,0.1983,0.0
1,3,1,2,9,2,2,1,,,0.3161,0.0
1,3,1,2,10,2,1,0,5,0,0.4779,0.2375
1,3,1,2,11,4,4,1,,,0.413,0.0
1,3,1,2,12,4,2,0,3,0,0.4591,0.988
1,3,1,2,13,1,6,0,,,0.253,0.0
1,3,1,2,14,3,1,0,,,0.6045,0.0
1,3,1,2,15,4,1,0,,,0.9734,0.0
1,3,1,2,16,2,2,1,,,0.2391,0.0
1,3,1,2,17,1,1,1,,,0.4202,0.0
1,3,1,2,18,1,2,0,,,0.8488,0.0
1,3,1,2,19,5,2,0,,,0.5516,0.0
1,3,1,2,20,4,2,0,,,0.6033,0.0
1,3,1,2,21,6,4,0,,,0.5719,0.0
1,3,1,2,22,5,3,0,4,0,0.6862,1.1888
1,3,1,2,23,3,3,1,,,1.3103,0.0
1,3,1,2,24,4,2,0,4,1,0.4231,0.8891
1,3,1,2,25,1,4,0,,,0.3391,0.0
1,3,1,2,26,3,3,1,,,0.6863,0.0
1,3,1,2,27,6,4,0,1,0,1.5845,0.5631
1,3,1,2,28,2,6,0,,,0.4216,0.0
1,3,1,2,29,5,5,1,,,0.3504,0.0
1,3,1,2,30,4,4,1,,,0.3663,0.0
1,3,1,2,31,6,2,0,,,0.7175,0.0
1,3,1,2,32,6,6,1,,,0.4099,0.0
1,3,1,2,33,6,6,1,,,0.3595,0.0
1,3,1,2,34,1,4,0,,,0.6152,0.0
1,3,1,2,35,3,4,0,,,0.6314,0.0
1,3,1,2,36,2,2,1,,,0.3752,0.0
1,3,1,2,37,5,2,0,,,0.3104,0.0
1,3,1,2,38,5,5,1,,,0.5316,0.0
1,3,1,2,39,3,6,0,,,0.5082,0.0
1,3,1,2,40,5,4,0,5,1,1.2973,1.1518
1,3,1,2,41,5,1,0,,,0.7346,0.0
1,3,1,2,42,2,5,0,2,1,0.7622,0.5578
1,3,1,2,43,4,4,1,,,4.9339,0.0
1,3,1,2,44,5,5,1,,,0.2822,0.0
1,3,1,2,45,4,4,1,,,0.5404,0.0
1,3,1,2,46,3,4,0,,,0.373,0.0
1,3,1,2,47,1,1,1,,,0.6552,0.0
1,3,1,2,48,2,1,0,2,1,0.4831,0.5943
1,3,1,2,49,3,3,1,,,0.585,0.0
1,3,1,2,50,3,3,1,,,0.7832,0.0
1,3,1,3,1,2,2,1,,,0.5386,0.0
1,3,1,3,2,3,3,1,,,0.6915,0.0
1,3,1,3,3,2,2,1,,,0.4374,0.0
1,3,1,3,4,2,2,1,,,0.5138,0.0
1,3,1,3,5,5,4,0,,,0.5869,0.0
1,3,1,3,6,4,3,0,4,1,0.4762,0.8605
1,3,1,3,7,3,3,1,,,0.5993,0.0
1,3,1,3,8,5,2,0,5,1,0.6052,0.5196
1,3,1,3,9,1,1,1,,,0.3688,0.0
1,3,1,3,10,1,1,1,,,0.4314,0.0
1,3,1,3,11,3,3,1,,,0.6037,0.0
1,3,1,3,12,1,1,1,,,0.2573,0.0
1,3,1,3,13,1,1,1,,,0.3095,0.0
1,3,1,3,14,5,6,0,5,1,0.7751,0.7788
1,3,1,3,15,1,1,1,,,0.4095,0.0
1,3,1,3,16,2,1,0,,,0.3756,0.0
1,3,1,3,17,2,2,1,,,0.498,0.0
1,3,1,3,18,2,2,1,,,0.2515,0.0
1,3,1,3,19,5,6,0,,,0.3357,0.0
1,3,1,3,20,6,3,0,2,0,0.5874,0.327
1,3,1,3,21,4,4,1,,,0.419,0.0
1,3,1,3,22,2,2,1,,,0.3516,0.0
1,3,1,3,23,1,1,1,,,0.3193,0.0
1,3,1,3,24,6,6,1,,,0.1452,0.0
1,3,1,3,25,6,6,1,,,0.3447,0.0
1,3,1,3,26,3,3,1,,,0.4413,0.0
1,3,1,3,27,5,2,0,,,0.7259,0.0
1,3,1,3,28,4,3,0,,,0.386,0.0
1,3,1,3,29,5,3,0,,,0.6362,0.0
1,3,1,3,30,4,4,1,,,1.0357,0.0
1,3,1,3,31,4,4,1,,,0.3672,0.0
1,3,1,3,32,6,4,0,,,0.3028,0.0
1,3,1,3,33,1,1,1,,,1.0355,0.0
1,3,1,3,34,3,3,1,,,0.4314,0.0
1,3,1,3,35,6,6,1,,,0.2364,0.0
1,3,1,3,36,3,3,1,,,0.4967,0.0
1,3,1,3,37,3,3,1,,,0.3465,0.0
1,3,1,3,38,6,2,0,,,0.4259,0.0
1,3,1,3,39,5,2,0,,,0.3542,0.0
1,3,1,3,40,6,6,1,,,0.3652,0.0
1,3,1,3,41,6,3,0,,,0.2364,0.0
1,3,1,3,42,3,3,1,,,0.0766,0.0
1,3,1,3,43,4,4,1,,,0.3602,0.0
1,3,1,3,44,6,6,1,,,0.2003,0.0
1,3,1,3,45,4,4,1,,,0.2856,0.0
1,3,1,3,46,2,2,1,,,0.4645,0.0
1,3,1,3,47,1,1,1,,,0.4914,0.0
1,3,1,3,48,4,4,1,,,0.3582,0.0
1,3,1,3,49,5,5,1,,,0.3576,0.0
1,3,1,3,50,6,5,0,,,0.5819,0.0
1,3,1,4,1,6,6,1,,,0.1492,0.0
1,3,1,4,2,4,3,0,,,0.4614,0.0
1,3,1,4,3,6,4,0,,,0.7078,0.0
1,3,1,4,4,2,3,0,,,0.4648,0.0
1,3,1,4,5,6,6,1,,,0.3747,0.0
1,3,1,4,6,2,3,0,,,1.2538,0.0
1,3,1,4,7,2,2,1,,,0.1081,0.0
1,3,1,4,8,1,3,0,4,0,0.1347,0.4522
1,3,1,4,9,5,3,0,2,0,0.4276,0.3651
1,3,1,4,10,6,5,0,,,0.6798,0.0
1,3,1,4,11,4,4,1,,,0.2778,0.0
1,3,1,4,12,1,1,1,,,0.2487,0.0
1,3,1,4,13,6,4,0,,,0.7648,0.0
1,3,1,4,14,4,3,0,,,0.5508,0.0
1,3,1,4,15,2,4,0,2,1,0.5538,0.7423
1,3,1,4,16,5,6,0,,,0.3259,0.0
1,3,1,4,17,6,6,1,,,0.2913,0.0
1,3,1,4,18,3,2,0,4,0,0.4051,0.7443
1,3,1,4,19,3,3,1,,,0.6913,0.0
1,3,1,4,20,5,5,1,,,0.2935,0.0
1,3,1,4,21,5,2,0,,,0.4399,0.0
1,3,1,4,22,1,1,1,,,0.8472,0.0
1,3,1,4,23,1,4,0,1,1,0.635,0.436
1,3,1,4,24,2,2,1,,,0.8001,0.0
1,3,1,4,25,6,2,0,,,0.9094,0.0
1,3,1,4,26,4,5,0,,,0.4018,0.0
1,3,1,4,27,4,2,0,3,0,0.3633,0.2882
1,3,1,4,28,1,1,1,,,0.1582,0.0
1,3,1,4,29,1,3,0,,,0.5982,0.0
1,3,1,4,30,5,3,0,,,0.7755,0.0
1,3,1,4,31,5,5,1,,,0.3209,0.0
1,3,1,4,32,3,3,1,,,0.7379,0.0
1,3,1,4,33,2,2,1,,,0.3381,0.0
1,3,1,4,34,2,5,0,,,0.6104,0.0
1,3,1,4,35,3,1,0,3,1,0.6109,0.9089
1,3,1,4,36,4,3,0,,,1.0141,0.0
1,3,1,4,37,3,3,1,,,0.342,0.0
1,3,1,4,38,5,5,1,,,0.1669,0.0
1,3,1,4,39,6,6,1,,,0.094,0.0
1,3,1,4,40,4,4,1,,,0.2653,0.0
1,3,1,4,41,2,2,1,,,0.5084,0.0
1,3,1,4,42,1,4,0,,,1.1097,0.0
1,3,1,4,43,3,3,1,,,2.6266,0.0
1,3,1,4,44,4,3,0,,,0.4852,0.0
1,3,1,4,45,1,6,0,4,0,0.8589,0.3632
1,3,1,4,46,6,6,1,,,0.2617,0.0
1,3,1,4,47,5,5,1,,,0.5371,0.0
1,3,1,4,48,3,5,0,,,0.3371,0.0
1,3,1,4,49,6,5,0,3,0,0.1409,0.7626
1,3,1,4,50,3,1,0,,,0.5169,0.0
1,3,2,1,1,3,4,0,,,0.698,0.0
1,3,2,1,2,6,6,1,,,0.1664,0.0
1,3,2,1,3,4,3,0,,,0.5098,0.0
1,3,2,1,4,4,4,1,,,0.5791,0.0
1,3,2,1,5,3,3,1,,,0.4738,0.0
1,3,2,1,6,1,1,1,,,0.3723,0.0
1,3,2,1,7,6,3,0,,,0.8358,0.0
1,3,2,1,8,3,4,0,,,1.1152,0.0
1,3,2,1,9,2,2,1,,,0.4707,0.0
1,3,2,1,10,1,6,0,,,0.4022,0.0
1,3,2,1,11,6,6,1,,,0.1074,0.0
1,3,2,1,12,6,6,1,,,1.7173,0.0
1,3,2,1,13,5,6,0,,,0.4451,0.0
1,3,2,1,14,3,5,0,6,0,0.4042,0.3103
1,3,2,1,15,6,6,1,,,0.2433,0.0
1,3,2,1,16,4,3,0,4,1,0.5681,0.4198
1,3,2,1,17,5,5,1,,,0.5606,0.0
1,3,2,1,18,3,3,1,,,0.6327,0.0
1,3,2,1,19,1,1,1,,,0.4285,0.0
1,3,2,1,20,5,4,0,,,0.618,0.0
1,3,2,1,21,2,5,0,6,0,0.458,0.2983
1,3,2,1,22,2,2,1,,,0.168,0.0
1,3,2,1,23,1,5,0,6,0,0.1595,0.3804
1,3,2,1,24,5,3,0,4,0,0.6302,0.7193
1,3,2,1,25,5,5,1,,,0.204,0.0
1,3,2,1,26,4,3,0,1,0,0.5139,0.7999
1,3,2,1,27,4,2,0,,,0.2495,0.0
1,3,2,1,28,5,3,0,,,0.5841,0.0
1,3,2,1,29,1,6,0,,,0.5063,0.0
1,3,2,1,30,2,3,0,,,1.4712,0.0
1,3,2,1,31,1,6,0,1,1,0.5249,0.7786
1,3,2,1,32,3,3,1,,,0.4246,0.0
1,3,2,1,33,1,2,0,5,0,0.6617,0.9423
1,3,2,1,34,6,6,1,,,0.7853,0.0
1,3,2,1,35,3,3,1,,,0.4795,0.0
1,3,2,1,36,1,1,1,,,0.2976,0.0
1,3,2,1,37,3,3,1,,,1.1636,0.0
1,3,2,1,38,6,5,0,6,1,0.3457,1.1668
1,3,2,1,39,2,2,1,,,0.4297,0.0
1,3,2,1,40,4,4,1,,,0.3938,0.0
1,3,2,1,41,2,2,1,,,0.4887,0.0
1,3,2,1,42,6,6,1,,,0.2427,0.0
1,3,2,1,43,2,3,0,5,0,0.2949,0.5748
1,3,2,1,44,5,5,1,,,0.4169,0.0
1,3,2,1,45,5,5,1,,,0.6381,0.0
1,3,2,1,46,4,4,1,,,0.6259,0.0
1,3,2,1,47,6,6,1,,,0.6633,0.0
1,3,2,1,48,4,4,1,,,0.4736,0.0
1,3,2,1,49,2,2,1,,,0.1812,0.0
1,3,2,1,50,6,6,1,,,0.156,0.0
1,3,2,2,1,1,1,1,,,0.6898,0.0
1,3,2,2,2,2,2,1,,,0.3876,0.0
1,3,2,2,3,2,2,1,,,0.3062,0.0
1,3,2,2,4,4,1,0,,,0.4357,0.0
1,3,2,2,5,3,3,1,,,1.7716,0.0
1,3,2,2,6,4,5,0,,,1.1372,0.0
1,3,2,2,7,2,2,1,,,0.2527,0.0
1,3,2,2,8,3,3,1,,,0.4966,0.0
1,3,2,2,9,3,3,1,,,0.4104,0.0
1,3,2,2,10,2,2,1,,,0.2644,0.0
1,3,2,2,11,1,5,0,,,0.8591,0.0
1,3,2,2,12,5,6,0,1,0,0.7057,0.6958
1,3,2,2,13,5,1,0,,,0.677,0.0
1,3,2,2,14,4,2,0,,,0.3869,0.0
1,3,2,2,15,6,6,1,,,0.4602,0.0
1,3,2,2,16,6,6,1,,,0.4567,0.0
1,3,2,2,17,4,3,0,4,1,0.4523,0.5326
1,3,2,2,18,4,4,1,,,0.7971,0.0
1,3,2,2,19,2,2,1,,,0.5544,0.0
1,3,2,2,20,3,3,1,,,0.7217,0.0
1,3,2,2,21,6,2,0,5,0,0.6109,0.6852
1,3,2,2,22,3,3,1,,,0.3627,0.0
1,3,2,2,23,6,6,1,,,0.4415,0.0
1,3,2,2,24,1,3,0,4,0,0.358,0.235
1,3,2,2,25,1,1,1,,,0.3791,0.0
1,3,2,2,26,4,3,0,4,1,0.4896,0.5368
1,3,2,2,27,1,4,0,,,0.4486,0.0
1,3,2,2,28,4,6,0,,,0.2476,0.0
1,3,2,2,29,5,1,0,,,0.4557,0.0
1,3,2,2,30,2,2,1,,,0.5588,0.0
1,3,2,2,31,5,5,1,,,0.7741,0.0
1,3,2,2,32,6,6,1,,,0.325,0.0
1,3,2,2,33,6,5,0,,,0.3422,0.0
1,3,2,2,34,1,1,1,,,0.4816,0.0
1,3,2,2,35,4,3,0,4,1,0.5239,0.4096
1,3,2,2,36,5,5,1,,,0.5196,0.0
1,3,2,2,37,2,2,1,,,0.4644,0.0
1,3,2,2,38,5,3,0,,,0.8273,0.0
1,3,2,2,39,6,6,1,,,0.1948,0.0
1,3,2,2,40,5,5,1,,,0.2969,0.0
1,3,2,2,41,2,2,1,,,0.427,0.0
1,3,2,2,42,5,5,1,,,0.6001,0.0
1,3,2,2,43,3,3,1,,,0.2855,0.0
1,3,2,2,44,6,5,0,6,1,0.3998,0.3068
1,3,2,2,45,6,5,0,,,0.5334,0.0
1,3,2,2,46,6,3,0,,,0.4404,0.0
1,3,2,2,47,1,1,1,,,0.3845,0.0
1,3,2,2,48,3,3,1,,,0.3512,0.0
1,3,2,2,49,3,3,1,,,0.5113,0.0
1,3,2,2,50,1,6,0,,,0.4403,0.0
1,3,2,3,1,2,2,1,,,0.2539,0.0
1,3,2,3,2,2,1,0,6,0,0.5932,0.2682
1,3,2,3,3,3,3,1,,,0.3153,0.0
1,3,2,3,4,6,6,1,,,0.3161,0.0
1,3,2,3,5,2,2,1,,,0.9419,0.0
1,3,2,3,6,5,4,0,,,0.5812,0.0
1,3,2,3,7,1,6,0,,,0.423,0.0
1,3,2,3,8,1,6,0,,,0.4317,0.0
1,3,2,3,9,5,5,1,,,0.2474,0.0
1,3,2,3,10,6,6,1,,,0.3639,0.0
1,3,2,3,11,2,2,1,,,0.4267,0.0
1,3,2,3,12,5,4,0,,,0.7428,0.0
1,3,2,3,13,5,5,1,,,0.1303,0.0
1,3,2,3,14,4,4,1,,,0.4586,0.0
1,3,2,3,15,4,4,1,,,0.5665,0.0
1,3,2,3,16,1,5,0,,,0.6858,0.0
1,3,2,3,17,1,4,0,,,0.4591,0.0
1,3,2,3,18,4,2,0,,,0.5305,0.0
1,3,2,3,19,6,5,0,,,0.4381,0.0
1,3,2,3,20,1,1,1,,,0.7342,0.0
1,3,2,3,21,6,6,1,,,0.2858,0.0
1,3,2,3,22,1,1,1,,,0.5125,0.0
1,3,2,3,23,3,3,1,,,0.3935,0.0
1,3,2,3,24,5,3,0,,,0.456,0.0
1,3,2,3,25,6,6,1,,,0.2074,0.0
1,3,2,3,26,5,6,0,,,0.2447,0.0
1,3,2,3,27,4,4,1,,,0.4522,0.0
1,3,2,3,28,3,1,0,,,0.4001,0.0
1,3,2,3,29,5,5,1,,,1.0492,0.0
1,3,2,3,30,3,3,1,,,0.3809,0.0
1,3,2,3,31,4,4,1,,,0.2832,0.0
1,3,2,3,32,6,6,1,,,1.182,0.0
1,3,2,3,33,3,3,1,,,0.9874,0.0
1,3,2,3,34,5,5,1,,,0.2892,0.0
1,3,2,3,35,2,1,0,,,0.7076,0.0
1,3,2,3,36,2,3,0,2,1,0.6246,0.2978
1,3,2,3,37,4,1,0,4,1,0.4921,0.3149
1,3,2,3,38,1,1,1,,,0.3644,0.0
1,3,2,3,39,3,3,1,,,0.3799,0.0
1,3,2,3,40,4,3,0,,,0.5865,0.0
1,3,2,3,41,4,4,1,,,0.5242,0.0
1,3,2,3,42,1,6,0,5,0,1.0287,0.6377
1,3,2,3,43,3,4,0,,,0.3818,0.0
1,3,2,3,44,2,6,0,,,0.6954,0.0
1,3,2,3,45,6,6,1,,,0.1962,0.0
1,3,2,3,46,6,6,1,,,0.5224,0.0
1,3,2,3,47,6,5,0,6,1,0.6278,0.2694
1,3,2,3,48,3,6,0,,,0.1605,0.0
1,3,2,3,49,2,4,0,,,1.6354,0.0
1,3,2,3,50,6,4,0,,,0.4257,0.0
1,3,2,4,1,1,1,1,,,0.479,0.0
1,3,2,4,2,5,5,1,,,0.1693,0.0
1,3,2,4,3,6,6,1,,,0.3369,0.0
1,3,2,4,4,1,1,1,,,0.098,0.0
1,3,2,4,5,1,1,1,,,0.4437,0.0
1,3,2,4,6,5,5,1,,,0.1993,0.0
1,3,2,4,7,3,3,1,,,0.5897,0.0
1,3,2,4,8,2,2,1,,,0.34,0.0
1,3,2,4,9,3,3,1,,,0.66,0.0
1,3,2,4,10,1,1,1,,,0.4388,0.0
1,3,2,4,11,3,3,1,,,0.3075,0.0
1,3,2,4,12,3,3,1,,,0.4853,0.0
1,3,2,4,13,6,6,1,,,1.488,0.0
1,3,2,4,14,2,3,0,2,1,0.4968,0.3839
1,3,2,4,15,4,4,1,,,0.3348,0.0
1,3,2,4,16,6,5,0,,,0.5108,0.0
1,3,2,4,17,4,4,1,,,0.2919,0.0
1,3,2,4,18,3,3,1,,,0.3585,0.0
1,3,2,4,19,1,1,1,,,0.3576,0.0
1,3,2,4,20,1,1,1,,,0.4376,0.0
1,3,2,4,21,6,5,0,,,0.4662,0.0
1,3,2,4,22,6,6,1,,,0.393,0.0
1,3,2,4,23,2,2,1,,,0.5348,0.0
1,3,2,4,24,4,2,0,,,0.6716,0.0
1,3,2,4,25,6,6,1,,,0.3176,0.0
1,3,2,4,26,6,6,1,,,0.3986,0.0
1,3,2,4,27,6,6,1,,,0.4284,0.0
1,3,2,4,28,5,5,1,,,0.3133,0.0
1,3,2,4,29,5,2,0,4,0,0.5065,0.3931
1,3,2,4,30,2,2,1,,,0.2419,0.0
1,3,2,4,31,2,2,1,,,0.2623,0.0
1,3,2,4,32,4,4,1,,,0.7613,0.0
1,3,2,4,33,3,3,1,,,0.8563,0.0
1,3,2,4,34,1,6,0,,,0.8196,0.0
1,3,2,4,35,5,5,1,,,0.4117,0.0
1,3,2,4,36,3,3,1,,,0.4885,0.0
1,3,2,4,37,6,6,1,,,0.4991,0.0
1,3,2,4,38,5,2,0,4,0,0.413,0.5908
1,3,2,4,39,3,3,1,,,0.6248,0.0
1,3,2,4,40,4,4,1,,,0.4058,0.0
1,3,2,4,41,4,4,1,,,0.4039,0.0
1,3,2,4,42,4,1,0,,,0.4497,0.0
1,3,2,4,43,2,3,0,,,0.2962,0.0
1,3,2,4,44,6,6,1,,,0.3738,0.0
1,3,2,4,45,2,2,1,,,0.5492,0.0
1,3,2,4,46,4,3,0,,,0.477,0.0
1,3,2,4,47,5,3,0,,,0.4502,0.0
1,3,2,4,48,1,1,1,,,0.2816,0.0
1,3,2,4,49,2,4,0,,,0.7006,0.0
1,3,2,4,50,5,4,0,,,0.3933,0.0
1,3,3,1,1,5,2,0,,,0.4912,0.0
1,3,3,1,2,3,3,1,,,0.4013,0.0
1,3,3,1,3,2,2,1,,,0.2225,0.0
1,3,3,1,4,5,6,0,,,0.3404,0.0
1,3,3,1,5,2,4,0,,,0.3526,0.0
1,3,3,1,6,2,4,0,,,0.4436,0.0
1,3,3,1,7,2,2,1,,,0.2906,0.0
1,3,3,1,8,3,3,1,,,0.3732,0.0
1,3,3,1,9,4,3,0,,,0.7402,0.0
1,3,3,1,10,1,1,1,,,0.2554,0.0
1,3,3,1,11,3,3,1,,,0.419,0.0
1,3,3,1,12,6,6,1,,,0.1606,0.0
1,3,3,1,13,5,3,0,4,0,0.1361,0.6292
1,3,3,1,14,4,4,1,,,0.2287,0.0
1,3,3,1,15,6,3,0,,,0.4259,0.0
1,3,3,1,16,6,6,1,,,0.3055,0.0
1,3,3,1,17,6,3,0,4,0,0.7871,0.4058
1,3,3,1,18,1,3,0,4,0,0.767,0.2919
1,3,3,1,19,4,3,0,,,0.385,0.0
1,3,3,1,20,1,1,1,,,0.4265,0.0
1,3,3,1,21,4,4,1,,,0.8394,0.0
1,3,3,1,22,6,1,0,3,0,0.2753,0.6676
1,3,3,1,23,1,6,0,1,1,1.2098,0.299
1,3,3,1,24,3,4,0,,,0.6848,0.0
1,3,3,1,25,5,5,1,,,0.2508,0.0
1,3,3,1,26,6,6,1,,,0.2227,0.0
1,3,3,1,27,5,5,1,,,0.1962,0.0
1,3,3,1,28,3,3,1,,,0.6983,0.0
1,3,3,1,29,1,1,1,,,0.1076,0.0
1,3,3,1,30,1,1,1,,,0.8376,0.0
1,3,3,1,31,6,6,1,,,0.1779,0.0
1,3,3,1,32,3,3,1,,,0.3923,0.0
1,3,3,1,33,3,3,1,,,0.2789,0.0
1,3,3,1,34,4,4,1,,,0.2491,0.0
1,3,3,1,35,6,6,1,,,0.2531,0.0
1,3,3,1,36,6,5,0,,,0.5453,0.0
1,3,3,1,37,5,3,0,,,0.6284,0.0
1,3,3,1,38,3,1,0,4,0,0.3399,0.5052
1,3,3,1,39,2,4,0,,,0.5585,0.0
1,3,3,1,40,5,5,1,,,0.1453,0.0
1,3,3,1,41,2,2,1,,,0.8097,0.0
1,3,3,1,42,1,1,1,,,0.3429,0.0
1,3,3,1,43,4,4,1,,,0.5508,0.0
1,3,3,1,44,6,5,0,,,0.1579,0.0
1,3,3,1,45,2,2,1,,,0.433,0.0
1,3,3,1,46,4,6,0,,,0.2536,0.0
1,3,3,1,47,1,6,0,,,0.5088,0.0
1,3,3,1,48,2,2,1,,,0.2412,0.0
1,3,3,1,49,4,4,1,,,0.5174,0.0
1,3,3,1,50,5,5,1,,,0.2226,0.0
1,3,3,2,1,6,6,1,,,0.1774,0.0
1,3,3,2,2,2,4,0,3,0,0.2642,0.8004
1,3,3,2,3,3,3,1,,,0.8251,0.0
1,3,3,2,4,1,5,0,6,0,0.3421,0.2513
1,3,3,2,5,1,1,1,,,0.1057,0.0
1,3,3,2,6,6,2,0,,,0.5957,0.0
1,3,3,2,7,2,2,1,,,0.4525,0.0
1,3,3,2,8,1,1,1,,,0.3203,0.0
1,3,3,2,9,6,1,0,,,0.4978,0.0
1,3,3,2,10,1,1,1,,,0.3744,0.0
1,3,3,2,11,5,5,1,,,0.3741,0.0
1,3,3,2,12,1,3,0,,,0.6927,0.0
1,3,3,2,13,2,3,0,,,0.5619,0.0
1,3,3,2,14,1,1,1,,,0.4202,0.0
1,3,3,2,15,3,3,1,,,0.4015,0.0
1,3,3,2,16,5,5,1,,,0.3188,0.0
1,3,3,2,17,3,3,1,,,0.6081,0.0
1,3,3,2,18,6,6,1,,,0.502,0.0
1,3,3,2,19,6,6,1,,,0.3679,0.0
1,3,3,2,20,4,3,0,,,0.7186,0.0
1,3,3,2,21,5,4,0,,,0.6188,0.0
1,3,3,2,22,6,6,1,,,0.2194,0.0
1,3,3,2,23,5,5,1,,,0.1451,0.0
1,3,3,2,24,3,3,1,,,0.5049,0.0
1,3,3,2,25,6,5,0,,,0.3709,0.0
1,3,3,2,26,1,1,1,,,0.4611,0.0
1,3,3,2,27,6,6,1,,,0.7601,0.0
1,3,3,2,28,1,1,1,,,0.3749,0.0
1,3,3,2,29,2,2,1,,,0.3897,0.0
1,3,3,2,30,3,3,1,,,0.2607,0.0
1,3,3,2,31,2,3,0,,,0.3598,0.0
1,3,3,2,32,4,4,1,,,0.2264,0.0
1,3,3,2,33,5,5,1,,,0.1507,0.0
1,3,3,2,34,4,4,1,,,0.2393,0.0
1,3,3,2,35,4,4,1,,,0.4036,0.0
1,3,3,2,36,5,5,1,,,0.4816,0.0
1,3,3,2,37,3,4,0,3,1,0.4442,0.461
1,3,3,2,38,4,4,1,,,0.7924,0.0
1,3,3,2,39,4,4,1,,,0.6297,0.0
1,3,3,2,40,6,6,1,,,0.7141,0.0
1,3,3,2,41,3,3,1,,,0.4753,0.0
1,3,3,2,42,2,2,1,,,0.3263,0.0
1,3,3,2,43,5,3,0,,,0.455,0.0
1,3,3,2,44,2,3,0,,,0.2707,0.0
1,3,3,2,45,4,4,1,,,0.1733,0.0
1,3,3,2,46,4,4,1,,,0.245,0.0
1,3,3,2,47,2,2,1,,,0.313,0.0
1,3,3,2,48,5,3,0,,,0.5216,0.0
1,3,3,2,49,3,3,1,,,0.4622,0.0
1,3,3,2,50,6,4,0,,,0.7292,0.0
1,3,3,3,1,3,3,1,,,0.4668,0.0
1,3,3,3,2,4,3,0,,,0.5096,0.0
1,3,3,3,3,5,1,0,,,0.2419,0.0
1,3,3,3,4,3,3,1,,,0.5291,0.0
1,3,3,3,5,5,3,0,,,0.4415,0.0
1,3,3,3,6,2,2,1,,,0.4491,0.0
1,3,3,3,7,3,3,1,,,0.3486,0.0
1,3,3,3,8,5,2,0,,,0.4287,0.0
1,3,3,3,9,2,2,1,,,0.3723,0.0
1,3,3,3,10,4,3,0,4,1,0.3397,0.7769
1,3,3,3,11,6,5,0,,,0.1024,0.0
1,3,3,3,12,2,2,1,,,0.3162,0.0
1,3,3,3,13,5,1,0,,,0.5096,0.0
1,3,3,3,14,6,1,0,,,0.9617,0.0
1,3,3,3,15,2,2,1,,,0.4523,0.0
1,3,3,3,16,6,6,1,,,0.2559,0.0
1,3,3,3,17,1,1,1,,,0.1959,0.0
1,3,3,3,18,3,2,0,,,1.0817,0.0
1,3,3,3,19,6,6,1,,,0.0069,0.0
1,3,3,3,20,6,6,1,,,0.4693,0.0
1,3,3,3,21,2,2,1,,,0.48,0.0
1,3,3,3,22,5,4,0,2,0,0.3308,0.5767
1,3,3,3,23,4,3,0,1,0,0.6738,0.2501
1,3,3,3,24,3,4,0,3,1,0.7132,0.7514
1,3,3,3,25,1,5,0,,,0.0471,0.0
1,3,3,3,26,6,3,0,4,0,0.1824,0.7867
1,3,3,3,27,6,6,1,,,0.22,0.0
1,3,3,3,28,3,4,0,6,0,0.5934,0.3803
1,3,3,3,29,1,1,1,,,0.2302,0.0
1,3,3,3,30,6,4,0,,,0.8431,0.0
1,3,3,3,31,2,2,1,,,0.4019,0.0
1,3,3,3,32,1,3,0,,,0.6557,0.0
1,3,3,3,33,5,3,0,4,0,1.2621,0.3495
1,3,3,3,34,5,5,1,,,0.2486,0.0
1,3,3,3,35,4,4,1,,,0.3005,0.0
1,3,3,3,36,6,1,0,,,0.2543,0.0
1,3,3,3,37,3,3,1,,,0.5416,0.0
1,3,3,3,38,1,4,0,,,0.5659,0.0
1,3,3,3,39,5,5,1,,,0.1209,0.0
1,3,3,3,40,4,5,0,,,0.4022,0.0
1,3,3,3,41,4,4,1,,,0.3157,0.0
1,3,3,3,42,4,4,1,,,0.4125,0.0
1,3,3,3,43,3,3,1,,,1.0335,0.0
1,3,3,3,44,1,1,1,,,0.6214,0.0
1,3,3,3,45,1,4,0,3,0,0.8343,0.3389
1,3,3,3,46,2,1,0,3,0,0.4626,0.3037
1,3,3,3,47,2,2,1,,,0.1886,0.0
1,3,3,3,48,1,1,1,,,0.1159,0.0
1,3,3,3,49,4,4,1,,,0.4128,0.0
1,3,3,3,50,6,3,0,4,0,0.73,0.2712
1,3,3,4,1,2,1,0,4,0,0.1399,1.0014
1,3,3,4,2,6,6,1,,,0.0736,0.0
1,3,3,4,3,6,2,0,,,0.2291,0.0
1,3,3,4,4,6,6,1,,,0.7254,0.0
1,3,3,4,5,6,6,1,,,0.2304,0.0
1,3,3,4,6,6,6,1,,,0.3466,0.0
1,3,3,4,7,5,3,0,4,0,0.9547,0.3265
1,3,3,4,8,3,3,1,,,0.4189,0.0
1,3,3,4,9,1,1,1,,,0.048,0.0
1,3,3,4,10,6,1,0,,,0.3959,0.0
1,3,3,4,11,1,1,1,,,0.4049,0.0
1,3,3,4,12,6,6,1,,,0.2274,0.0
1,3,3,4,13,1,1,1,,,0.2798,0.0
1,3,3,4,14,4,4,1,,,1.0505,0.0
1,3,3,4,15,5,5,1,,,0.2535,0.0
1,3,3,4,16,4,4,1,,,0.2737,0.0
1,3,3,4,17,1,6,0,,,0.3243,0.0
1,3,3,4,18,3,1,0,2,0,0.8805,0.5763
1,3,3,4,19,5,2,0,,,0.3696,0.0
1,3,3,4,20,5,6,0,,,0.5884,0.0
1,3,3,4,21,3,3,1,,,0.6215,0.0
1,3,3,4,22,6,4,0,,,0.467,0.0
1,3,3,4,23,4,4,1,,,0.601,0.0
1,3,3,4,24,3,3,1,,,0.7026,0.0
1,3,3,4,25,2,3,0,,,0.7042,0.0
1,3,3,4,26,4,3,0,,,0.5413,0.0
1,3,3,4,27,3,3,1,,,0.3532,0.0
1,3,3,4,28,5,5,1,,,0.3046,0.0
1,3,3,4,29,1,3,0,,,0.627,0.0
1,3,3,4,30,2,4,0,,,0.3065,0.0
1,3,3,4,31,3,4,0,3,1,0.6234,1.0017
1,3,3,4,32,3,2,0,3,1,1.1504,0.3066
1,3,3,4,33,4,4,1,,,0.3084,0.0
1,3,3,4,34,2,2,1,,,0.3901,0.0
1,3,3,4,35,1,3,0,,,0.8049,0.0
1,3,3,4,36,5,3,0,,,0.957,0.0
1,3,3,4,37,4,3,0,4,1,0.5278,2.1896
1,3,3,4,38,4,4,1,,,0.2263,0.0
1,3,3,4,39,1,1,1,,,0.2146,0.0
1,3,3,4,40,1,5,0,,,0.8924,0.0
1,3,3,4,41,5,3,0,,,1.233,0.0
1,3,3,4,42,6,6,1,,,0.7922,0.0
1,3,3,4,43,2,2,1,,,0.7089,0.0
1,3,3,4,44,3,3,1,,,1.1582,0.0
1,3,3,4,45,6,6,1,,,0.2615,0.0
1,3,3,4,46,4,2,0,,,1.1772,0.0
1,3,3,4,47,2,2,1,,,0.6578,0.0
1,3,3,4,48,2,2,1,,,0.3249,0.0
1,3,3,4,49,2,2,1,,,0.2294,0.0
1,3,3,4,50,5,3,0,,,0.522,0.0
1,3,4,1,1,3,1,0,4,0,0.4488,0.562
1,3,4,1,2,3,3,1,,,0.4529,0.0
1,3,4,1,3,1,6,0,1,1,0.272,0.6166
1,3,4,1,4,3,3,1,,,0.1733,0.0
1,3,4,1,5,6,6,1,,,0.1645,0.0
1,3,4,1,6,1,1,1,,,0.668,0.0
1,3,4,1,7,2,2,1,,,0.4945,0.0
1,3,4,1,8,1,6,0,,,0.6329,0.0
1,3,4,1,9,2,2,1,,,0.3758,0.0
1,3,4,1,10,6,6,1,,,0.2305,0.0
1,3,4,1,11,4,3,0,,,0.4113,0.0
1,3,4,1,12,3,2,0,,,0.4837,0.0
1,3,4,1,13,6,6,1,,,0.3298,0.0
1,3,4,1,14,1,1,1,,,0.8098,0.0
1,3,4,1,15,6,6,1,,,0.0867,0.0
1,3,4,1,16,3,3,1,,,0.3057,0.0
1,3,4,1,17,4,6,0,,,0.4353,0.0
1,3,4,1,18,5,3,0,,,0.7312,0.0
1,3,4,1,19,1,3,0,,,0.9032,0.0
1,3,4,1,20,6,6,1,,,0.2517,0.0
1,3,4,1,21,6,3,0,2,0,0.6721,0.2632
1,3,4,1,22,1,1,1,,,0.3738,0.0
1,3,4,1,23,5,6,0,,,0.1491,0.0
1,3,4,1,24,6,6,1,,,0.2329,0.0
1,3,4,1,25,4,4,1,,,0.3968,0.0
1,3,4,1,26,6,2,0,,,0.5873,0.0
1,3,4,1,27,2,3,0,2,1,0.8445,0.5892
1,3,4,1,28,6,6,1,,,0.0518,0.0
1,3,4,1,29,1,2,0,4,0,1.3279,0.4286
1,3,4,1,30,5,5,1,,,0.0524,0.0
1,3,4,1,31,2,2,1,,,1.0088,0.0
1,3,4,1,32,2,2,1,,,0.1818,0.0
1,3,4,1,33,3,3,1,,,0.381,0.0
1,3,4,1,34,6,3,0,,,1.1468,0.0
1,3,4,1,35,1,4,0,,,0.3735,0.0
1,3,4,1,36,5,5,1,,,0.3523,0.0
1,3,4,1,37,4,5,0,,,0.56,0.0
1,3,4,1,38,5,5,1,,,1.0099,0.0
1,3,4,1,39,4,2,0,,,0.6146,0.0
1,3,4,1,40,4,3,0,,,1.0153,0.0
1,3,4,1,41,2,3,0,2,1,0.6152,0.3213
1,3,4,1,42,5,2,0,,,0.4183,0.0
1,3,4,1,43,5,2,0,3,0,0.459,0.4919
1,3,4,1,44,5,2,0,4,0,0.977,0.396
1,3,4,1,45,3,3,1,,,0.6292,0.0
1,3,4,1,46,3,4,0,3,1,0.2653,0.4183
1,3,4,1,47,2,2,1,,,0.719,0.0
1,3,4,1,48,2,2,1,,,0.4318,0.0
1,3,4,1,49,4,4,1,,,0.3803,0.0
1,3,4,1,50,4,4,1,,,0.411,0.0
1,3,4,2,1,3,4,0,,,0.7897,0.0
1,3,4,2,2,6,6,1,,,0.2229,0.0
1,3,4,2,3,5,3,0,4,0,0.6598,0.7162
1,3,4,2,4,1,1,1,,,0.4243,0.0
1,3,4,2,5,4,1,0,,,0.4215,0.0
1,3,4,2,6,5,3,0,,,0.6217,0.0
1,3,4,2,7,2,3,0,,,0.5264,0.0
1,3,4,2,8,3,3,1,,,0.6419,0.0
1,3,4,2,9,6,3,0,4,0,1.0619,0.2692
1,3,4,2,10,6,1,0,5,0,0.9077,0.3943
1,3,4,2,11,6,4,0,,,0.3073,0.0
1,3,4,2,12,1,3,0,4,0,0.3528,0.3091
1,3,4,2,13,5,5,1,,,0.2741,0.0
1,3,4,2,14,5,5,1,,,0.7089,0.0
1,3,4,2,15,6,6,1,,,0.2304,0.0
1,3,4,2,16,1,1,1,,,0.2988,0.0
1,3,4,2,17,2,3,0,,,0.7642,0.0
1,3,4,2,18,4,4,1,,,0.3586,0.0
1,3,4,2,19,1,1,1,,,0.4382,0.0
1,3,4,2,20,4,4,1,,,0.3867,0.0
1,3,4,2,21,3,3,1,,,0.3378,0.0
1,3,4,2,22,2,2,1,,,0.3219,0.0
1,3,4,2,23,1,6,0,,,0.5949,0.0
1,3,4,2,24,6,6,1,,,0.1802,0.0
1,3,4,2,25,3,6,0,,,0.331,0.0
1,3,4,2,26,2,2,1,,,0.4869,0.0
1,3,4,2,27,3,4,0,3,1,0.5775,0.4449
1,3,4,2,28,4,6,0,5,0,1.4647,0.5124
1,3,4,2,29,6,6,1,,,0.2928,0.0
1,3,4,2,30,4,4,1,,,0.4864,0.0
1,3,4,2,31,5,5,1,,,0.2728,0.0
1,3,4,2,32,2,6,0,,,0.6442,0.0
1,3,4,2,33,3,3,1,,,0.5466,0.0
1,3,4,2,34,6,6,1,,,0.5227,0.0
1,3,4,2,35,5,5,1,,,0.0834,0.0
1,3,4,2,36,4,4,1,,,0.5583,0.0
1,3,4,2,37,4,4,1,,,0.5977,0.0
1,3,4,2,38,2,5,0,,,0.4752,0.0
1,3,4,2,39,4,3,0,4,1,0.4003,0.4028
1,3,4,2,40,5,5,1,,,0.2414,0.0
1,3,4,2,41,1,6,0,,,0.5976,0.0
1,3,4,2,42,5,4,0,,,0.7908,0.0
1,3,4,2,43,6,6,1,,,0.0165,0.0
1,3,4,2,44,6,4,0,3,0,0.3657,0.3539
1,3,4,2,45,3,3,1,,,0.8135,0.0
1,3,4,2,46,2,1,0,,,0.2179,0.0
1,3,4,2,47,2,2,1,,,0.4113,0.0
1,3,4,2,48,1,3,0,2,0,0.9522,0.2597
1,3,4,2,49,3,1,0,,,0.803,0.0
1,3,4,2,50,1,5,0,,,0.3474,0.0
1,3,4,3,1,1,1,1,,,0.9962,0.0
1,3,4,3,2,4,5,0,4,1,0.666,1.3779
1,3,4,3,3,1,6,0,,,0.2952,0.0
1,3,4,3,4,6,6,1,,,0.4685,0.0
1,3,4,3,5,1,1,1,,,0.8959,0.0
1,3,4,3,6,5,6,0,,,0.521,0.0
1,3,4,3,7,1,6,0,,,0.2527,0.0
1,3,4,3,8,1,6,0,,,0.4441,0.0
1,3,4,3,9,5,5,1,,,0.1954,0.0
1,3,4,3,10,2,2,1,,,0.4574,0.0
1,3,4,3,11,3,3,1,,,0.8369,0.0
1,3,4,3,12,4,6,0,,,0.4332,0.0
1,3,4,3,13,1,1,1,,,0.7292,0.0
1,3,4,3,14,2,2,1,,,0.4093,0.0
1,3,4,3,15,6,6,1,,,0.5186,0.0
1,3,4,3,16,4,4,1,,,0.5117,0.0
1,3,4,3,17,1,1,1,,,0.2809,0.0
1,3,4,3,18,4,4,1,,,0.6354,0.0
1,3,4,3,19,6,6,1,,,0.3194,0.0
1,3,4,3,20,6,6,1,,,0.3051,0.0
1,3,4,3,21,2,2,1,,,0.5951,0.0
1,3,4,3,22,4,4,1,,,0.424,0.0
1,3,4,3,23,6,5,0,,,0.3087,0.0
1,3,4,3,24,5,4,0,6,0,0.6094,0.2678
1,3,4,3,25,5,6,0,,,0.5062,0.0
1,3,4,3,26,4,4,1,,,0.1905,0.0
1,3,4,3,27,2,2,1,,,0.3416,0.0
1,3,4,3,28,2,4,0,,,0.309,0.0
1,3,4,3,29,3,3,1,,,0.8502,0.0
1,3,4,3,30,5,5,1,,,0.3175,0.0
1,3,4,3,31,5,5,1,,,0.4623,0.0
1,3,4,3,32,5,5,1,,,0.3774,0.0
1,3,4,3,33,6,5,0,,,0.3918,0.0
1,3,4,3,34,6,2,0,,,0.3532,0.0
1,3,4,3,35,3,4,0,3,1,0.3009,0.4351
1,3,4,3,36,6,3,0,4,0,0.272,0.3913
1,3,4,3,37,6,6,1,,,0.545,0.0
1,3,4,3,38,3,3,1,,,0.6003,0.0
1,3,4,3,39,3,4,0,,,0.2544,0.0
1,3,4,3,40,1,3,0,4,0,0.7018,0.5798
1,3,4,3,41,2,2,1,,,0.2937,0.0
1,3,4,3,42,6,4,0,,,0.4234,0.0
1,3,4,3,43,3,4,0,3,1,0.3514,0.2116
1,3,4,3,44,2,2,1,,,0.3132,0.0
1,3,4,3,45,4,4,1,,,0.3783,0.0
1,3,4,3,46,3,3,1,,,0.4889,0.0
1,3,4,3,47,4,4,1,,,0.5628,0.0
1,3,4,3,48,3,3,1,,,0.3304,0.0
1,3,4,3,49,2,3,0,,,0.9228,0.0
1,3,4,3,50,5,3,0,,,0.6702,0.0
1,3,4,4,1,2,2,1,,,0.5701,0.0
1,3,4,4,2,6,3,0,,,0.401,0.0
1,3,4,4,3,6,6,1,,,0.3777,0.0
1,3,4,4,4,1,3,0,,,0.5209,0.0
1,3,4,4,5,5,5,1,,,0.2852,0.0
1,3,4,4,6,4,4,1,,,0.4317,0.0
1,3,4,4,7,5,5,1,,,0.8122,0.0
1,3,4,4,8,6,3,0,,,0.7448,0.0
1,3,4,4,9,1,3,0,,,0.4038,0.0
1,3,4,4,10,1,6,0,,,0.605,0.0
1,3,4,4,11,3,3,1,,,0.4455,0.0
1,3,4,4,12,4,2,0,5,0,0.4418,0.3464
1,3,4,4,13,6,4,0,3,0,0.3741,0.778
1,3,4,4,14,5,5,1,,,0.4356,0.0
1,3,4,4,15,5,3,0,,,0.1599,0.0
1,3,4,4,16,3,3,1,,,0.2428,0.0
1,3,4,4,17,3,3,1,,,0.2466,0.0
1,3,4,4,18,1,4,0,,,1.2104,0.0
1,3,4,4,19,4,4,1,,,0.4344,0.0
1,3,4,4,20,2,2,1,,,0.4627,0.0
1,3,4,4,21,4,4,1,,,0.3301,0.0
1,3,4,4,22,5,5,1,,,0.4743,0.0
1,3,4,4,23,5,2,0,,,0.3733,0.0
1,3,4,4,24,4,4,1,,,0.5114,0.0
1,3,4,4,25,1,4,0,,,0.7604,0.0
1,3,4,4,26,6,2,0,,,0.8825,0.0
1,3,4,4,27,1,3,0,,,1.1915,0.0
1,3,4,4,28,1,2,0,,,0.3202,0.0
1,3,4,4,29,4,4,1,,,0.2997,0.0
1,3,4,4,30,2,5,0,,,0.7823,0.0
1,3,4,4,31,2,2,1,,,0.2475,0.0
1,3,4,4,32,2,2,1,,,0.1719,0.0
1,3,4,4,33,5,5,1,,,0.5951,0.0
1,3,4,4,34,6,3,0,,,0.8245,0.0
1,3,4,4,35,3,4,0,,,0.6237,0.0
1,3,4,4,36,3,3,1,,,0.4958,0.0
1,3,4,4,37,3,3,1,,,0.3933,0.0
1,3,4,4,38,6,1,0,,,0.6473,0.0
1,3,4,4,39,4,4,1,,,0.2136,0.0
1,3,4,4,40,4,5,0,,,0.6349,0.0
1,3,4,4,41,2,3,0,,,0.5712,0.0
1,3,4,4,42,2,2,1,,,0.2214,0.0
1,3,4,4,43,6,4,0,,,0.5944,0.0
1,3,4,4,44,5,5,1,,,0.5638,0.0
1,3,4,4,45,2,2,1,,,0.5226,0.0
1,3,4,4,46,3,3,1,,,0.2596,0.0
1,3,4,4,47,6,3,0,,,0.5676,0.0
1,3,4,4,48,6,6,1,,,0.0261,0.0
1,3,4,4,49,3,3,1,,,0.5345,0.0
1,3,4,4,50,1,5,0,,,0.4149,0.0
1,3,5,1,1,4,5,0,,,0.3176,0.0
1,3,5,1,2,3,3,1,,,0.4259,0.0
1,3,5,1,3,5,5,1,,,0.1517,0.0
1,3,5,1,4,4,3,0,4,1,0.8311,0.2566
1,3,5,1,5,4,4,1,,,0.3891,0.0
1,3,5,1,6,4,3,0,,,0.4196,0.0
1,3,5,1,7,5,5,1,,,0.4276,0.0
1,3,5,1,8,6,5,0,,,0.3763,0.0
1,3,5,1,9,6,6,1,,,0.1777,0.0
1,3,5,1,10,2,4,0,2,1,0.8569,0.3612
1,3,5,1,11,3,3,1,,,0.2003,0.0
1,3,5,1,12,6,5,0,,,0.5581,0.0
1,3,5,1,13,5,5,1,,,0.3366,0.0
1,3,5,1,14,4,4,1,,,0.2568,0.0
1,3,5,1,15,5,4,0,,,0.949,0.0
1,3,5,1,16,3,3,1,,,0.7434,0.0
1,3,5,1,17,1,4,0,1,1,0.855,0.823
1,3,5,1,18,4,4,1,,,0.4517,0.0
1,3,5,1,19,3,3,1,,,0.3355,0.0
1,3,5,1,20,3,6,0,1,0,0.4476,0.3853
1,3,5,1,21,6,3,0,,,0.3311,0.0
1,3,5,1,22,6,5,0,,,0.263,0.0
1,3,5,1,23,3,2,0,,,0.4859,0.0
1,3,5,1,24,2,2,1,,,0.1552,0.0
1,3,5,1,25,6,1,0,,,1.2673,0.0
1,3,5,1,26,5,5,1,,,0.217,0.0
1,3,5,1,27,2,2,1,,,0.3346,0.0
1,3,5,1,28,4,4,1,,,1.3589,0.0
1,3,5,1,29,2,3,0,4,0,0.4051,0.3279
1,3,5,1,30,3,3,1,,,0.4514,0.0
1,3,5,1,31,2,5,0,6,0,0.4954,0.3346
1,3,5,1,32,2,4,0,3,0,0.4261,0.3002
1,3,5,1,33,5,5,1,,,0.9376,0.0
1,3,5,1,34,1,6,0,,,0.6418,0.0
1,3,5,1,35,1,1,1,,,0.4804,0.0
1,3,5,1,36,1,1,1,,,0.2027,0.0
1,3,5,1,37,1,1,1,,,0.193,0.0
1,3,5,1,38,5,6,0,,,0.4549,0.0
1,3,5,1,39,2,2,1,,,0.2371,0.0
1,3,5,1,40,4,3,0,5,0,0.5137,0.4003
1,3,5,1,41,6,6,1,,,0.2496,0.0
1,3,5,1,42,1,1,1,,,0.1734,0.0
1,3,5,1,43,1,1,1,,,0.2452,0.0
1,3,5,1,44,6,6,1,,,0.2007,0.0
1,3,5,1,45,6,6,1,,,0.1592,0.0
1,3,5,1,46,1,1,1,,,0.6942,0.0
1,3,5,1,47,5,5,1,,,0.1839,0.0
1,3,5,1,48,2,2,1,,,0.3028,0.0
1,3,5,1,49,6,6,1,,,0.304,0.0
1,3,5,1,50,3,3,1,,,0.5775,0.0
1,3,5,2,1,4,1,0,,,0.7096,0.0
1,3,5,2,2,1,1,1,,,0.3218,0.0
1,3,5,2,3,5,5,1,,,0.1472,0.0
1,3,5,2,4,2,2,1,,,0.3471,0.0
1,3,5,2,5,2,3,0,,,0.4745,0.0
1,3,5,2,6,6,5,0,,,0.1931,0.0
1,3,5,2,7,3,4,0,,,0.914,0.0
1,3,5,2,8,5,5,1,,,0.118,0.0
1,3,5,2,9,4,1,0,3,0,1.6639,0.2869
1,3,5,2,10,5,5,1,,,0.4124,0.0
1,3,5,2,11,2,2,1,,,0.1382,0.0
1,3,5,2,12,5,6,0,4,0,0.7384,0.6959
1,3,5,2,13,1,2,0,,,0.8205,0.0
1,3,5,2,14,2,2,1,,,0.4446,0.0
1,3,5,2,15,3,3,1,,,0.344,0.0
1,3,5,2,16,6,6,1,,,0.2959,0.0
1,3,5,2,17,4,3,0,,,0.682,0.0
1,3,5,2,18,6,5,0,,,0.1678,0.0
1,3,5,2,19,6,4,0,,,0.6183,0.0
1,3,5,2,20,2,2,1,,,0.1539,0.0
1,3,5,2,21,3,3,1,,,0.6575,0.0
1,3,5,2,22,4,4,1,,,0.5798,0.0
1,3,5,2,23,4,4,1,,,0.3948,0.0
1,3,5,2,24,2,2,1,,,0.3601,0.0
1,3,5,2,25,1,5,0,,,0.5037,0.0
1,3,5,2,26,5,5,1,,,0.1569,0.0
1,3,5,2,27,6,6,1,,,0.1796,0.0
1,3,5,2,28,1,1,1,,,0.2187,0.0
1,3,5,2,29,6,4,0,5,0,0.6559,0.3439
1,3,5,2,30,1,4,0,2,0,0.5797,0.6716
1,3,5,2,31,5,5,1,,,0.1091,0.0
1,3,5,2,32,3,3,1,,,0.4557,0.0
1,3,5,2,33,2,6,0,2,1,0.4832,0.2753
1,3,5,2,34,4,4,1,,,1.9418,0.0
1,3,5,2,35,4,3,0,,,1.1395,0.0
1,3,5,2,36,1,3,0,1,1,0.3665,0.2271
1,3,5,2,37,6,5,0,1,0,0.1517,0.9641
1,3,5,2,38,3,5,0,,,0.4544,0.0
1,3,5,2,39,3,1,0,4,0,0.6369,0.3738
1,3,5,2,40,5,5,1,,,0.9755,0.0
1,3,5,2,41,1,4,0,,,0.3258,0.0
1,3,5,2,42,3,4,0,3,1,0.4012,0.5321
1,3,5,2,43,5,3,0,5,1,0.5406,0.2489
1,3,5,2,44,2,5,0,,,0.8614,0.0
1,3,5,2,45,1,6,0,,,1.0276,0.0
1,3,5,2,46,3,3,1,,,0.6747,0.0
1,3,5,2,47,6,6,1,,,0.2283,0.0
1,3,5,2,48,6,1,0,,,0.9212,0.0
1,3,5,2,49,6,3,0,,,0.5569,0.0
1,3,5,2,50,4,4,1,,,0.5913,0.0
1,3,5,3,1,5,1,0,,,0.7066,0.0
1,3,5,3,2,1,1,1,,,0.3506,0.0
1,3,5,3,3,5,3,0,4,0,0.7665,0.2586
1,3,5,3,4,6,4,0,6,1,0.4494,0.3226
1,3,5,3,5,3,3,1,,,0.4353,0.0
1,3,5,3,6,2,2,1,,,0.3838,0.0
1,3,5,3,7,6,6,1,,,0.1427,0.0
1,3,5,3,8,6,6,1,,,0.4865,0.0
1,3,5,3,9,6,3,0,,,0.2892,0.0
1,3,5,3,10,4,4,1,,,0.4627,0.0
1,3,5,3,11,2,2,1,,,0.297,0.0
1,3,5,3,12,3,3,1,,,0.5229,0.0
1,3,5,3,13,5,4,0,,,0.3241,0.0
1,3,5,3,14,5,6,0,,,0.2086,0.0
1,3,5,3,15,6,6,1,,,0.3051,0.0
1,3,5,3,16,2,2,1,,,0.2112,0.0
1,3,5,3,17,5,5,1,,,0.4884,0.0
1,3,5,3,18,2,2,1,,,0.3066,0.0
1,3,5,3,19,3,3,1,,,0.2598,0.0
1,3,5,3,20,4,4,1,,,0.3431,0.0
1,3,5,3,21,2,2,1,,,0.3746,0.0
1,3,5,3,22,1,2,0,5,0,0.3256,0.2993
1,3,5,3,23,6,1,0,6,1,0.2484,0.8983
1,3,5,3,24,5,6,0,3,0,0.1074,0.4262
1,3,5,3,25,6,6,1,,,0.5304,0.0
1,3,5,3,26,3,3,1,,,0.5862,0.0
1,3,5,3,27,1,1,1,,,0.4804,0.0
1,3,5,3,28,3,3,1,,,0.571,0.0
1,3,5,3,29,1,4,0,,,0.3382,0.0
1,3,5,3,30,1,1,1,,,0.5093,0.0
1,3,5,3,31,2,2,1,,,0.5341,0.0
1,3,5,3,32,5,3,0,,,0.7184,0.0
1,3,5,3,33,6,6,1,,,0.2822,0.0
1,3,5,3,34,5,1,0,4,0,0.333,0.2427
1,3,5,3,35,6,6,1,,,0.1463,0.0
1,3,5,3,36,2,2,1,,,0.3782,0.0
1,3,5,3,37,1,1,1,,,0.1842,0.0
1,3,5,3,38,4,4,1,,,0.6713,0.0
1,3,5,3,39,4,4,1,,,0.4819,0.0
1,3,5,3,40,4,1,0,,,0.8281,0.0
1,3,5,3,41,2,2,1,,,0.3563,0.0
1,3,5,3,42,4,4,1,,,0.3715,0.0
1,3,5,3,43,3,5,0,3,1,0.8494,0.6261
1,3,5,3,44,3,5,0,,,0.6941,0.0
1,3,5,3,45,1,1,1,,,0.3235,0.0
1,3,5,3,46,6,6,1,,,0.0684,0.0
1,3,5,3,47,1,4,0,,,0.4797,0.0
1,3,5,3,48,3,3,1,,,0.9974,0.0
1,3,5,3,49,4,4,1,,,0.7145,0.0
1,3,5,3,50,4,4,1,,,0.3633,0.0
1,3,5,4,1,1,4,0,,,0.7595,0.0
1,3,5,4,2,3,3,1,,,0.3702,0.0
1,3,5,4,3,3,3,1,,,0.4175,0.0
1,3,5,4,4,6,4,0,,,0.446,0.0
1,3,5,4,5,1,6,0,5,0,0.1495,0.291
1,3,5,4,6,5,4,0,,,0.5445,0.0
1,3,5,4,7,1,1,1,,,0.2914,0.0
1,3,5,4,8,2,2,1,,,0.4214,0.0
1,3,5,4,9,2,3,0,4,0,0.2743,0.3947
1,3,5,4,10,3,3,1,,,0.436,0.0
1,3,5,4,11,1,1,1,,,0.2564,0.0
1,3,5,4,12,2,2,1,,,0.4835,0.0
1,3,5,4,13,3,6,0,2,0,0.3658,0.4024
1,3,5,4,14,4,4,1,,,0.3156,0.0
1,3,5,4,15,6,6,1,,,0.0766,0.0
1,3,5,4,16,6,6,1,,,0.1201,0.0
1,3,5,4,17,6,6,1,,,0.4174,0.0
1,3,5,4,18,1,1,1,,,0.1583,0.0
1,3,5,4,19,5,2,0,,,0.2618,0.0
1,3,5,4,20,2,2,1,,,0.5004,0.0
1,3,5,4,21,3,4,0,3,1,0.3982,0.273
1,3,5,4,22,5,1,0,,,0.4997,0.0
1,3,5,4,23,6,1,0,,,0.1371,0.0
1,3,5,4,24,1,1,1,,,1.6931,0.0
1,3,5,4,25,2,2,1,,,0.198,0.0
1,3,5,4,26,4,4,1,,,0.3795,0.0
1,3,5,4,27,5,4,0,,,0.2819,0.0
1,3,5,4,28,5,5,1,,,0.3757,0.0
1,3,5,4,29,6,6,1,,,0.5023,0.0
1,3,5,4,30,3,3,1,,,0.4323,0.0
1,3,5,4,31,2,2,1,,,0.2523,0.0
1,3,5,4,32,4,4,1,,,0.4166,0.0
1,3,5,4,33,4,2,0,6,0,0.3014,0.276
1,3,5,4,34,2,2,1,,,0.4986,0.0
1,3,5,4,35,1,1,1,,,0.3157,0.0
1,3,5,4,36,6,2,0,,,0.6694,0.0
1,3,5,4,37,6,6,1,,,0.3316,0.0
1,3,5,4,38,4,4,1,,,0.2523,0.0
1,3,5,4,39,5,5,1,,,0.5278,0.0
1,3,5,4,40,2,2,1,,,0.6485,0.0
1,3,5,4,41,3,3,1,,,0.3322,0.0
1,3,5,4,42,6,3,0,,,0.5882,0.0
1,3,5,4,43,3,3,1,,,0.4137,0.0
1,3,5,4,44,1,1,1,,,0.2344,0.0
1,3,5,4,45,6,1,0,,,0.1428,0.0
1,3,5,4,46,5,3,0,6,0,0.4663,0.8984
1,3,5,4,47,4,4,1,,,0.3111,0.0
1,3,5,4,48,5,1,0,,,0.2962,0.0
1,3,5,4,49,4,4,1,,,0.7735,0.0
1,3,5,4,50,4,4,1,,,0.2914,0.0
2,1,1,1,1,5,5,1,,,0.6019,0.0
2,1,1,1,2,3,3,1,,,0.5597,0.0
2,1,1,1,3,2,2,1,,,0.3757,0.0
2,1,1,1,4,4,4,1,,,0.1984,0.0
2,1,1,1,5,3,3,1,,,0.6203,0.0
2,1,1,1,6,4,2,0,3,0,0.7373,1.6059
2,1,1,1,7,1,1,1,,,0.3022,0.0
2,1,1,1,8,1,4,0,,,0.656,0.0
2,1,1,1,9,1,1,1,,,0.4785,0.0
2,1,1,1,10,6,6,1,,,0.1857,0.0
2,1,1,1,11,3,5,0,6,0,0.273,0.8089
2,1,1,1,12,5,5,1,,,0.2571,0.0
2,1,1,1,13,6,6,1,,,0.1658,0.0
2,1,1,1,14,6,6,1,,,0.2525,0.0
2,1,1,1,15,3,3,1,,,0.529,0.0
2,1,1,1,16,1,1,1,,,0.3935,0.0
2,1,1,1,17,1,1,1,,,0.5683,0.0
2,1,1,1,18,2,2,1,,,0.3676,0.0
2,1,1,1,19,2,1,0,2,1,0.3021,0.4693
2,1,1,1,20,1,1,1,,,0.6084,0.0
2,1,1,1,21,4,4,1,,,0.3578,0.0
2,1,1,1,22,2,2,1,,,0.2777,0.0
2,1,1,1,23,1,1,1,,,0.2969,0.0
2,1,1,1,24,5,2,0,3,0,0.6027,1.029
2,1,1,1,25,6,6,1,,,0.4679,0.0
2,1,1,1,26,5,5,1,,,0.2395,0.0
2,1,1,1,27,6,6,1,,,0.1479,0.0
2,1,1,1,28,2,2,1,,,0.2838,0.0
2,1,1,1,29,4,4,1,,,0.6229,0.0
2,1,1,1,30,6,3,0,,,0.755,0.0
2,1,1,1,31,5,5,1,,,0.6542,0.0
2,1,1,1,32,2,2,1,,,0.2738,0.0
2,1,1,1,33,3,3,1,,,0.3088,0.0
2,1,1,1,34,4,4,1,,,0.327,0.0
2,1,1,1,35,5,5,1,,,0.488,0.0
2,1,1,1,36,3,4,0,3,1,0.2267,0.9725
2,1,1,1,37,3,2,0,,,0.4674,0.0
2,1,1,1,38,5,3,0,2,0,0.4895,0.8407
2,1,1,1,39,1,1,1,,,0.4161,0.0
2,1,1,1,40,6,3,0,1,0,0.8935,0.9564
2,1,1,1,41,4,4,1,,,0.303,0.0
2,1,1,1,42,6,6,1,,,0.3049,0.0
2,1,1,1,43,4,4,1,,,0.1787,0.0
2,1,1,1,44,2,2,1,,,0.6013,0.0
2,1,1,1,45,3,3,1,,,0.3667,0.0
2,1,1,1,46,4,3,0,2,0,0.3656,0.354
2,1,1,1,47,2,2,1,,,0.2534,0.0
2,1,1,1,48,5,5,1,,,0.2898,0.0
2,1,1,1,49,6,6,1,,,0.2125,0.0
2,1,1,1,50,6,4,0,5,0,0.2338,0.595
2,1,1,2,1,1,1,1,,,0.5932,0.0
2,1,1,2,2,6,6,1,,,0.1995,0.0
2,1,1,2,3,2,2,1,,,0.3017,0.0
2,1,1,2,4,3,1,0,4,0,0.1914,0.7795
2,1,1,2,5,3,3,1,,,0.2445,0.0
2,1,1,2,6,4,4,1,,,0.1855,0.0
2,1,1,2,7,5,5,1,,,0.1439,0.0
2,1,1,2,8,1,6,0,4,0,0.6167,0.8675
2,1,1,2,9,2,2,1,,,0.2652,0.0
2,1,1,2,10,6,6,1,,,0.3003,0.0
2,1,1,2,11,1,1,1,,,0.3502,0.0
2,1,1,2,12,1,1,1,,,0.366,0.0
2,1,1,2,13,3,3,1,,,0.5416,0.0
2,1,1,2,14,2,2,1,,,0.4535,0.0
2,1,1,2,15,5,5,1,,,0.4653,0.0
2,1,1,2,16,2,2,1,,,0.1721,0.0
2,1,1,2,17,3,4,0,,,0.3076,0.0
2,1,1,2,18,6,5,0,,,0.3528,0.0
2,1,1,2,19,5,3,0,5,1,0.6848,1.0754
2,1,1,2,20,4,4,1,,,0.2621,0.0
2,1,1,2,21,4,4,1,,,0.282,0.0
2,1,1,2,22,1,6,0,5,0,0.4441,0.3498
2,1,1,2,23,2,2,1,,,0.1851,0.0
2,1,1,2,24,2,2,1,,,0.6554,0.0
2,1,1,2,25,1,5,0,4,0,0.5953,0.7017
2,1,1,2,26,4,2,0,4,1,0.4107,0.3015
2,1,1,2,27,1,6,0,,,0.367,0.0
2,1,1,2,28,4,3,0,,,0.5543,0.0
2,1,1,2,29,3,3,1,,,0.2849,0.0
2,1,1,2,30,6,6,1,,,0.1435,0.0
2,1,1,2,31,4,4,1,,,0.2803,0.0
2,1,1,2,32,2,2,1,,,0.251,0.0
2,1,1,2,33,5,3,0,,,0.3031,0.0
2,1,1,2,34,1,6,0,,,0.6206,0.0
2,1,1,2,35,6,6,1,,,0.1723,0.0
2,1,1,2,36,3,6,0,,,0.612,0.0
2,1,1,2,37,3,3,1,,,0.5965,0.0
2,1,1,2,38,6,6,1,,,0.2816,0.0
2,1,1,2,39,6,6,1,,,0.2202,0.0
2,1,1,2,40,6,6,1,,,0.4975,0.0
2,1,1,2,41,5,5,1,,,0.6357,0.0
2,1,1,2,42,5,5,1,,,0.3518,0.0
2,1,1,2,43,3,6,0,1,0,0.4479,0.4645
2,1,1,2,44,5,5,1,,,0.3436,0.0
2,1,1,2,45,6,6,1,,,0.1355,0.0
2,1,1,2,46,2,2,1,,,0.2723,0.0
2,1,1,2,47,6,6,1,,,0.0837,0.0
2,1,1,2,48,4,4,1,,,0.1905,0.0
2,1,1,2,49,4,2,0,,,0.2294,0.0
2,1,1,2,50,5,5,1,,,0.3572,0.0
2,1,1,3,1,1,1,1,,,0.3389,0.0
2,1,1,3,2,5,2,0,,,0.3714,0.0
2,1,1,3,3,6,1,0,3,0,0.5262,0.8755
2,1,1,3,4,3,3,1,,,0.5461,0.0
2,1,1,3,5,3,3,1,,,0.4259,0.0
2,1,1,3,6,1,1,1,,,0.9194,0.0
2,1,1,3,7,3,2,0,,,0.3195,0.0
2,1,1,3,8,2,3,0,,,0.2363,0.0
2,1,1,3,9,1,1,1,,,0.5087,0.0
2,1,1,3,10,1,6,0,1,1,0.1983,1.7779
2,1,1,3,11,3,3,1,,,0.2315,0.0
2,1,1,3,12,4,5,0,3,0,0.508,0.746
2,1,1,3,13,3,4,0,,,0.9013,0.0
2,1,1,3,14,5,5,1,,,0.4256,0.0
2,1,1,3,15,6,6,1,,,0.2311,0.0
2,1,1,3,16,3,4,0,,,0.2993,0.0
2,1,1,3,17,4,4,1,,,0.3128,0.0
2,1,1,3,18,6,2,0,1,0,1.0184,0.5476
2,1,1,3,19,5,5,1,,,0.3905,0.0
2,1,1,3,20,2,2,1,,,0.2446,0.0
2,1,1,3,21,2,2,1,,,0.2016,0.0
2,1,1,3,22,2,2,1,,,0.1434,0.0
2,1,1,3,23,4,4,1,,,0.4717,0.0
2,1,1,3,24,5,2,0,,,0.3229,0.0
2,1,1,3,25,5,5,1,,,0.2071,0.0
2,1,1,3,26,6,6,1,,,0.5814,0.0
2,1,1,3,27,2,2,1,,,0.3638,0.0
2,1,1,3,28,1,2,0,,,0.4905,0.0
2,1,1,3,29,4,4,1,,,0.4009,0.0
2,1,1,3,30,1,2,0,,,0.7347,0.0
2,1,1,3,31,6,3,0,1,0,0.7941,1.4365
2,1,1,3,32,4,4,1,,,0.1879,0.0
2,1,1,3,33,5,2,0,,,0.6262,0.0
2,1,1,3,34,3,3,1,,,0.6106,0.0
2,1,1,3,35,5,5,1,,,0.6638,0.0
2,1,1,3,36,2,2,1,,,0.5385,0.0
2,1,1,3,37,1,5,0,,,0.7395,0.0
2,1,1,3,38,6,6,1,,,0.3025,0.0
2,1,1,3,39,6,3,0,,,0.5445,0.0
2,1,1,3,40,2,2,1,,,0.4676,0.0
2,1,1,3,41,4,3,0,,,0.6706,0.0
2,1,1,3,42,6,6,1,,,0.4769,0.0
2,1,1,3,43,4,2,0,,,0.7442,0.0
2,1,1,3,44,6,4,0,,,0.3714,0.0
2,1,1,3,45,1,1,1,,,0.6055,0.0
2,1,1,3,46,4,4,1,,,1.6031,0.0
2,1,1,3,47,6,6,1,,,0.2397,0.0
2,1,1,3,48,3,3,1,,,0.5803,0.0
2,1,1,3,49,2,2,1,,,0.2982,0.0
2,1,1,3,50,5,5,1,,,0.46,0.0
2,1,1,4,1,4,1,0,,,0.6296,0.0
2,1,1,4,2,1,6,0,,,0.3736,0.0
2,1,1,4,3,6,2,0,,,0.5439,0.0
2,1,1,4,4,4,4,1,,,0.5474,0.0
2,1,1,4,5,5,5,1,,,0.5226,0.0
2,1,1,4,6,5,1,0,5,1,0.8361,0.5165
2,1,1,4,7,6,6,1,,,0.5572,0.0
2,1,1,4,8,3,2,0,,,0.7092,0.0
2,1,1,4,9,3,2,0,,,0.6419,0.0
2,1,1,4,10,2,2,1,,,0.2894,0.0
2,1,1,4,11,1,1,1,,,0.3084,0.0
2,1,1,4,12,4,4,1,,,0.3746,0.0
2,1,1,4,13,2,2,1,,,0.5817,0.0
2,1,1,4,14,6,6,1,,,0.3156,0.0
2,1,1,4,15,2,6,0,1,0,0.381,0.6405
2,1,1,4,16,3,1,0,,,0.5122,0.0
2,1,1,4,17,3,2,0,,,1.0285,0.0
2,1,1,4,18,5,5,1,,,0.292,0.0
2,1,1,4,19,5,2,0,,,0.6626,0.0
2,1,1,4,20,1,1,1,,,0.5332,0.0
2,1,1,4,21,6,6,1,,,0.5733,0.0
2,1,1,4,22,5,5,1,,,0.388,0.0
2,1,1,4,23,1,1,1,,,0.4189,0.0
2,1,1,4,24,4,4,1,,,0.3994,0.0
2,1,1,4,25,6,6,1,,,0.3014,0.0
2,1,1,4,26,3,1,0,,,0.463,0.0
2,1,1,4,27,3,5,0,,,0.534,0.0
2,1,1,4,28,2,2,1,,,0.5215,0.0
2,1,1,4,29,2,1,0,2,1,0.643,0.892
2,1,1,4,30,1,6,0,,,0.5018,0.0
2,1,1,4,31,5,5,1,,,0.1068,0.0
2,1,1,4,32,5,5,1,,,0.165,0.0
2,1,1,4,33,4,1,0,4,1,0.2842,0.9634
2,1,1,4,34,6,6,1,,,0.1544,0.0
2,1,1,4,35,2,1,0,2,1,0.3389,0.4879
2,1,1,4,36,6,6,1,,,0.2588,0.0
2,1,1,4,37,4,4,1,,,0.3741,0.0
2,1,1,4,38,2,4,0,,,0.4854,0.0
2,1,1,4,39,4,4,1,,,0.2513,0.0
2,1,1,4,40,1,1,1,,,0.8152,0.0
2,1,1,4,41,3,3,1,,,0.5721,0.0
2,1,1,4,42,6,6,1,,,0.1629,0.0
2,1,1,4,43,5,5,1,,,0.3143,0.0
2,1,1,4,44,1,5,0,,,0.3955,0.0
2,1,1,4,45,1,2,0,1,1,1.1408,0.5051
2,1,1,4,46,6,6,1,,,0.2107,0.0
2,1,1,4,47,3,3,1,,,0.8251,0.0
2,1,1,4,48,2,3,0,6,0,0.5817,0.4014
2,1,1,4,49,4,4,1,,,0.4744,0.0
2,1,1,4,50,6,6,1,,,0.1498,0.0
2,1,2,1,1,4,4,1,,,0.3435,0.0
2,1,2,1,2,1,6,0,,,0.1192,0.0
2,1,2,1,3,6,6,1,,,0.0003,0.0
2,1,2,1,4,1,6,0,,,0.3467,0.0
2,1,2,1,5,5,1,0,,,0.4383,0.0
2,1,2,1,6,5,5,1,,,0.2536,0.0
2,1,2,1,7,5,5,1,,,0.2418,0.0
2,1,2,1,8,6,5,0,,,0.1668,0.0
2,1,2,1,9,4,4,1,,,0.3772,0.0
2,1,2,1,10,6,5,0,6,1,0.5196,0.3578
2,1,2,1,11,1,1,1,,,0.3895,0.0
2,1,2,1,12,4,4,1,,,0.3877,0.0
2,1,2,1,13,3,3,1,,,0.322,0.0
2,1,2,1,14,3,3,1,,,0.3553,0.0
2,1,2,1,15,6,6,1,,,0.1957,0.0
2,1,2,1,16,6,6,1,,,0.1054,0.0
2,1,2,1,17,3,1,0,,,0.8031,0.0
2,1,2,1,18,2,2,1,,,0.5247,0.0
2,1,2,1,19,5,5,1,,,0.1814,0.0
2,1,2,1,20,1,6,0,5,0,0.2522,0.9644
2,1,2,1,21,4,4,1,,,0.1669,0.0
2,1,2,1,22,1,1,1,,,0.3183,0.0
2,1,2,1,23,5,5,1,,,0.6709,0.0
2,1,2,1,24,2,2,1,,,0.3061,0.0
2,1,2,1,25,4,4,1,,,0.212,0.0
2,1,2,1,26,6,2,0,,,1.0816,0.0
2,1,2,1,27,5,5,1,,,0.2306,0.0
2,1,2,1,28,2,2,1,,,0.5553,0.0
2,1,2,1,29,3,3,1,,,0.7066,0.0
2,1,2,1,30,3,4,0,,,0.756,0.0
2,1,2,1,31,2,2,1,,,0.2073,0.0
2,1,2,1,32,3,6,0,4,0,0.3088,0.5554
2,1,2,1,33,4,4,1,,,0.3027,0.0
2,1,2,1,34,2,2,1,,,0.3049,0.0
2,1,2,1,35,1,1,1,,,0.2428,0.0
2,1,2,1,36,4,4,1,,,0.4233,0.0
2,1,2,1,37,6,6,1,,,0.1645,0.0
2,1,2,1,38,3,3,1,,,0.4116,0.0
2,1,2,1,39,1,1,1,,,0.617,0.0
2,1,2,1,40,6,6,1,,,0.2859,0.0
2,1,2,1,41,2,4,0,,,0.3527,0.0
2,1,2,1,42,4,6,0,2,0,0.2512,1.2045
2,1,2,1,43,5,6,0,5,1,0.4768,0.3803
2,1,2,1,44,1,4,0,5,0,0.347,0.4959
2,1,2,1,45,3,3,1,,,0.7894,0.0
2,1,2,1,46,6,6,1,,,0.4514,0.0
2,1,2,1,47,6,6,1,,,0.8953,0.0
2,1,2,1,48,2,2,1,,,0.3283,0.0
2,1,2,1,49,5,5,1,,,0.041,0.0
2,1,2,1,50,2,2,1,,,0.438,0.0
2,1,2,2,1,1,1,1,,,0.8477,0.0
2,1,2,2,2,6,5,0,,,0.4751,0.0
2,1,2,2,3,1,3,0,,,0.369,0.0
2,1,2,2,4,2,2,1,,,0.3476,0.0
2,1,2,2,5,3,1,0,,,0.4274,0.0
2,1,2,2,6,4,4,1,,,0.419,0.0
2,1,2,2,7,1,2,0,,,0.752,0.0
2,1,2,2,8,3,3,1,,,0.3955,0.0
2,1,2,2,9,1,1,1,,,0.313,0.0
2,1,2,2,10,6,6,1,,,0.4739,0.0
2,1,2,2,11,4,4,1,,,0.1975,0.0
2,1,2,2,12,3,3,1,,,0.8275,0.0
2,1,2,2,13,6,3,0,1,0,0.7273,0.781
2,1,2,2,14,1,1,1,,,0.3101,0.0
2,1,2,2,15,5,5,1,,,0.3126,0.0
2,1,2,2,16,6,5,0,4,0,0.2171,0.9472
2,1,2,2,17,6,6,1,,,0.3262,0.0
2,1,2,2,18,2,2,1,,,0.6792,0.0
2,1,2,2,19,6,6,1,,,0.3297,0.0
2,1,2,2,20,5,4,0,5,1,0.4902,0.5693
2,1,2,2,21,5,2,0,4,0,0.3523,0.6604
2,1,2,2,22,3,2,0,4,0,0.2589,1.3876
2,1,2,2,23,3,1,0,3,1,0.3001,0.4032
2,1,2,2,24,4,6,0,4,1,0.2888,0.0003
2,1,2,2,25,4,4,1,,,0.7425,0.0
2,1,2,2,26,2,5,0,6,0,0.2944,0.3659
2,1,2,2,27,4,4,1,,,0.2968,0.0
2,1,2,2,28,6,6,1,,,0.0905,0.0
2,1,2,2,29,5,6,0,,,0.3253,0.0
2,1,2,2,30,2,2,1,,,0.3699,0.0
2,1,2,2,31,3,4,0,,,0.2572,0.0
2,1,2,2,32,2,2,1,,,0.4327,0.0
2,1,2,2,33,2,4,0,,,0.557,0.0
2,1,2,2,34,4,4,1,,,0.256,0.0
2,1,2,2,35,6,6,1,,,0.1961,0.0
2,1,2,2,36,1,5,0,,,0.3456,0.0
2,1,2,2,37,6,6,1,,,0.1816,0.0
2,1,2,2,38,5,5,1,,,0.3641,0.0
2,1,2,2,39,6,6,1,,,0.1711,0.0
2,1,2,2,40,5,5,1,,,0.2742,0.0
2,1,2,2,41,4,4,1,,,0.342,0.0
2,1,2,2,42,5,4,0,,,0.3901,0.0
2,1,2,2,43,4,4,1,,,0.1444,0.0
2,1,2,2,44,3,4,0,5,0,0.3601,0.877
2,1,2,2,45,5,5,1,,,0.1942,0.0
2,1,2,2,46,2,2,1,,,0.2961,0.0
2,1,2,2,47,2,5,0,2,1,0.8262,0.3317
2,1,2,2,48,3,5,0,,,0.3959,0.0
2,1,2,2,49,1,1,1,,,0.677,0.0
2,1,2,2,50,1,1,1,,,0.1685,0.0
2,1,2,3,1,1,1,1,,,0.2369,0.0
2,1,2,3,2,1,6,0,,,0.2582,0.0
2,1,2,3,3,4,6,0,,,0.0176,0.0
2,1,2,3,4,4,5,0,,,0.2344,0.0
2,1,2,3,5,3,6,0,,,0.1545,0.0
2,1,2,3,6,2,2,1,,,0.5419,0.0
2,1,2,3,7,2,2,1,,,0.9181,0.0
2,1,2,3,8,6,5,0,,,0.399,0.0
2,1,2,3,9,1,1,1,,,0.2802,0.0
2,1,2,3,10,1,1,1,,,0.0748,0.0
2,1,2,3,11,4,4,1,,,0.374,0.0
2,1,2,3,12,2,2,1,,,0.4851,0.0
2,1,2,3,13,3,3,1,,,0.5432,0.0
2,1,2,3,14,4,2,0,3,0,0.375,1.6109
2,1,2,3,15,2,2,1,,,0.2423,0.0
2,1,2,3,16,4,4,1,,,0.1829,0.0
2,1,2,3,17,6,6,1,,,0.1898,0.0
2,1,2,3,18,3,3,1,,,0.4043,0.0
2,1,2,3,19,6,4,0,,,0.2897,0.0
2,1,2,3,20,4,4,1,,,0.2717,0.0
2,1,2,3,21,3,3,1,,,0.3709,0.0
2,1,2,3,22,4,6,0,,,0.1937,0.0
2,1,2,3,23,5,5,1,,,0.2111,0.0
2,1,2,3,24,3,5,0,,,0.2328,0.0
2,1,2,3,25,1,1,1,,,0.2965,0.0
2,1,2,3,26,6,6,1,,,0.1547,0.0
2,1,2,3,27,6,6,1,,,0.0003,0.0
2,1,2,3,28,4,1,0,,,0.4967,0.0
2,1,2,3,29,5,6,0,,,0.3901,0.0
2,1,2,3,30,6,6,1,,,0.2242,0.0
2,1,2,3,31,6,6,1,,,0.1651,0.0
2,1,2,3,32,5,5,1,,,0.157,0.0
2,1,2,3,33,5,6,0,1,0,0.2288,0.8788
2,1,2,3,34,2,6,0,1,0,0.436,0.2776
2,1,2,3,35,1,1,1,,,0.3075,0.0
2,1,2,3,36,5,5,1,,,0.565,0.0
2,1,2,3,37,1,1,1,,,1.1806,0.0
2,1,2,3,38,3,3,1,,,0.2979,0.0
2,1,2,3,39,2,2,1,,,0.2197,0.0
2,1,2,3,40,5,4,0,2,0,0.3051,0.3601
2,1,2,3,41,2,2,1,,,1.602,0.0
2,1,2,3,42,3,3,1,,,0.3671,0.0
2,1,2,3,43,5,5,1,,,0.2378,0.0
2,1,2,3,44,6,6,1,,,0.2907,0.0
2,1,2,3,45,1,1,1,,,0.2929,0.0
2,1,2,3,46,2,2,1,,,0.3757,0.0
2,1,2,3,47,3,3,1,,,0.2953,0.0
2,1,2,3,48,5,5,1,,,0.2496,0.0
2,1,2,3,49,6,6,1,,,0.2211,0.0
2,1,2,3,50,6,5,0,,,0.371,0.0
2,1,2,4,1,6,4,0,,,0.2993,0.0
2,1,2,4,2,1,5,0,4,0,0.1848,1.0276
2,1,2,4,3,2,1,0,4,0,0.8354,0.2915
2,1,2,4,4,5,5,1,,,0.1451,0.0
2,1,2,4,5,1,4,0,,,0.2175,0.0
2,1,2,4,6,5,5,1,,,0.1383,0.0
2,1,2,4,7,6,5,0,,,0.2425,0.0
2,1,2,4,8,2,2,1,,,0.258,0.0
2,1,2,4,9,1,1,1,,,0.1977,0.0
2,1,2,4,10,4,4,1,,,0.1723,0.0
2,1,2,4,11,5,3,0,,,0.5634,0.0
2,1,2,4,12,4,4,1,,,0.3262,0.0
2,1,2,4,13,1,1,1,,,0.4225,0.0
2,1,2,4,14,4,4,1,,,0.3078,0.0
2,1,2,4,15,5,5,1,,,0.1816,0.0
2,1,2,4,16,5,1,0,,,0.3805,0.0
2,1,2,4,17,3,3,1,,,0.406,0.0
2,1,2,4,18,6,6,1,,,0.1802,0.0
2,1,2,4,19,3,3,1,,,0.3623,0.0
2,1,2,4,20,1,5,0,4,0,0.3299,0.4318
2,1,2,4,21,1,1,1,,,0.3439,0.0
2,1,2,4,22,2,5,0,,,0.4081,0.0
2,1,2,4,23,4,5,0,4,1,0.6575,0.2659
2,1,2,4,24,4,6,0,,,0.317,0.0
2,1,2,4,25,6,6,1,,,0.1058,0.0
2,1,2,4,26,3,3,1,,,0.5793,0.0
2,1,2,4,27,1,5,0,,,0.3456,0.0
2,1,2,4,28,6,6,1,,,0.2937,0.0
2,1,2,4,29,6,6,1,,,0.4235,0.0
2,1,2,4,30,6,6,1,,,0.9173,0.0
2,1,2,4,31,5,5,1,,,0.0774,0.0
2,1,2,4,32,3,3,1,,,0.4086,0.0
2,1,2,4,33,3,3,1,,,0.7419,0.0
2,1,2,4,34,3,3,1,,,0.6143,0.0
2,1,2,4,35,2,2,1,,,0.3153,0.0
2,1,2,4,36,2,2,1,,,0.4443,0.0
2,1,2,4,37,3,5,0,,,0.376,0.0
2,1,2,4,38,4,6,0,,,0.7701,0.0
2,1,2,4,39,4,4,1,,,0.3158,0.0
2,1,2,4,40,5,5,1,,,0.0612,0.0
2,1,2,4,41,6,6,1,,,0.5529,0.0
2,1,2,4,42,2,2,1,,,0.4163,0.0
2,1,2,4,43,6,4,0,2,0,0.4778,0.7017
2,1,2,4,44,3,3,1,,,0.2984,0.0
2,1,2,4,45,2,2,1,,,0.3317,0.0
2,1,2,4,46,5,5,1,,,0.3168,0.0
2,1,2,4,47,4,4,1,,,0.2377,0.0
2,1,2,4,48,2,2,1,,,0.3866,0.0
2,1,2,4,49,1,1,1,,,0.2567,0.0
2,1,2,4,50,6,5,0,6,1,0.6927,0.3159
2,1,3,1,1,6,6,1,,,0.2611,0.0
2,1,3,1,2,6,6,1,,,0.0239,0.0
2,1,3,1,3,4,4,1,,,0.1823,0.0
2,1,3,1,4,2,2,1,,,0.3323,0.0
2,1,3,1,5,5,5,1,,,0.1412,0.0
2,1,3,1,6,6,6,1,,,0.1981,0.0
2,1,3,1,7,1,6,0,,,0.2362,0.0
2,1,3,1,8,1,2,0,,,0.1401,0.0
2,1,3,1,9,2,2,1,,,0.0799,0.0
2,1,3,1,10,6,6,1,,,0.0747,0.0
2,1,3,1,11,1,1,1,,,0.2624,0.0
2,1,3,1,12,4,4,1,,,0.4259,0.0
2,1,3,1,13,5,5,1,,,1.159,0.0
2,1,3,1,14,3,4,0,,,0.7578,0.0
2,1,3,1,15,5,2,0,,,0.5441,0.0
2,1,3,1,16,3,5,0,6,0,0.9154,0.6407
2,1,3,1,17,5,5,1,,,0.2727,0.0
2,1,3,1,18,2,4,0,,,0.3722,0.0
2,1,3,1,19,2,6,0,,,0.5906,0.0
2,1,3,1,20,6,6,1,,,0.2721,0.0
2,1,3,1,21,5,5,1,,,0.2755,0.0
2,1,3,1,22,1,1,1,,,0.615,0.0
2,1,3,1,23,6,5,0,,,0.4593,0.0
2,1,3,1,24,4,4,1,,,0.2585,0.0
2,1,3,1,25,5,1,0,,,0.7104,0.0
2,1,3,1,26,3,1,0,,,0.6743,0.0
2,1,3,1,27,5,5,1,,,0.3847,0.0
2,1,3,1,28,4,4,1,,,0.1268,0.0
2,1,3,1,29,1,1,1,,,0.3757,0.0
2,1,3,1,30,4,4,1,,,0.6791,0.0
2,1,3,1,31,3,1,0,,,0.8575,0.0
2,1,3,1,32,4,6,0,,,1.1995,0.0
2,1,3,1,33,6,6,1,,,0.2165,0.0
2,1,3,1,34,1,4,0,,,0.3977,0.0
2,1,3,1,35,2,2,1,,,0.215,0.0
2,1,3,1,36,1,5,0,4,0,0.4279,0.83
2,1,3,1,37,2,2,1,,,0.4536,0.0
2,1,3,1,38,4,4,1,,,0.0494,0.0
2,1,3,1,39,3,1,0,,,0.4775,0.0
2,1,3,1,40,2,1,0,,,0.6911,0.0
2,1,3,1,41,5,5,1,,,0.1928,0.0
2,1,3,1,42,3,3,1,,,0.4391,0.0
2,1,3,1,43,6,5,0,,,0.9321,0.0
2,1,3,1,44,4,4,1,,,0.3435,0.0
2,1,3,1,45,3,4,0,3,1,0.2631,0.9921
2,1,3,1,46,3,5,0,4,0,0.1338,0.4511
2,1,3,1,47,1,1,1,,,0.682,0.0
2,1,3,1,48,6,1,0,,,0.3481,0.0
2,1,3,1,49,2,2,1,,,0.3121,0.0
2,1,3,1,50,6,6,1,,,0.2807,0.0
2,1,3,2,1,5,5,1,,,0.3132,0.0
2,1,3,2,2,6,1,0,,,0.8746,0.0
2,1,3,2,3,5,5,1,,,0.2715,0.0
2,1,3,2,4,2,5,0,4,0,0.0833,0.8345
2,1,3,2,5,1,1,1,,,0.426,0.0
2,1,3,2,6,6,6,1,,,0.0555,0.0
2,1,3,2,7,3,3,1,,,0.4516,0.0
2,1,3,2,8,1,5,0,,,0.127,0.0
2,1,3,2,9,2,2,1,,,0.4828,0.0
2,1,3,2,10,5,5,1,,,0.2055,0.0
2,1,3,2,11,2,2,1,,,0.4355,0.0
2,1,3,2,12,6,6,1,,,0.9756,0.0
2,1,3,2,13,4,4,1,,,0.4062,0.0
2,1,3,2,14,6,6,1,,,0.3076,0.0
2,1,3,2,15,5,5,1,,,0.2458,0.0
2,1,3,2,16,4,4,1,,,0.5057,0.0
2,1,3,2,17,5,4,0,,,0.2907,0.0
2,1,3,2,18,5,6,0,,,0.1924,0.0
2,1,3,2,19,6,6,1,,,0.1617,0.0
2,1,3,2,20,3,4,0,,,0.1374,0.0
2,1,3,2,21,1,3,0,1,1,0.3166,0.499
2,1,3,2,22,3,6,0,,,0.4926,0.0
2,1,3,2,23,1,1,1,,,0.4974,0.0
2,1,3,2,24,2,2,1,,,0.5874,0.0
2,1,3,2,25,6,1,0,4,0,0.3697,0.7735
2,1,3,2,26,3,6,0,,,0.2398,0.0
2,1,3,2,27,3,3,1,,,0.5912,0.0
2,1,3,2,28,6,5,0,,,1.0292,0.0
2,1,3,2,29,6,5,0,,,0.2603,0.0
2,1,3,2,30,5,5,1,,,0.2754,0.0
2,1,3,2,31,3,1,0,,,0.6788,0.0
2,1,3,2,32,4,4,1,,,0.228,0.0
2,1,3,2,33,6,6,1,,,0.2648,0.0
2,1,3,2,34,4,4,1,,,0.2041,0.0
2,1,3,2,35,4,4,1,,,0.1784,0.0
2,1,3,2,36,3,6,0,,,0.6489,0.0
2,1,3,2,37,1,1,1,,,0.3278,0.0
2,1,3,2,38,2,2,1,,,0.2805,0.0
2,1,3,2,39,4,4,1,,,0.5067,0.0
2,1,3,2,40,2,3,0,,,0.6287,0.0
2,1,3,2,41,6,6,1,,,0.1159,0.0
2,1,3,2,42,1,1,1,,,0.4292,0.0
2,1,3,2,43,4,4,1,,,0.346,0.0
2,1,3,2,44,1,6,0,,,0.1547,0.0
2,1,3,2,45,2,3,0,,,0.6062,0.0
2,1,3,2,46,4,4,1,,,0.8627,0.0
2,1,3,2,47,3,3,1,,,0.6017,0.0
2,1,3,2,48,2,2,1,,,0.3514,0.0
2,1,3,2,49,5,2,0,3,0,0.8311,0.9287
2,1,3,2,50,1,4,0,,,0.7398,0.0
2,1,3,3,1,1,1,1,,,0.7012,0.0
2,1,3,3,2,3,6,0,,,0.3345,0.0
2,1,3,3,3,3,3,1,,,0.1705,0.0
2,1,3,3,4,4,4,1,,,0.1459,0.0
2,1,3,3,5,6,6,1,,,0.2182,0.0
2,1,3,3,6,5,5,1,,,0.0793,0.0
2,1,3,3,7,5,5,1,,,0.1376,0.0
2,1,3,3,8,5,5,1,,,0.2584,0.0
2,1,3,3,9,6,6,1,,,0.1664,0.0
2,1,3,3,10,2,1,0,2,1,0.2542,0.4869
2,1,3,3,11,1,5,0,2,0,0.4175,1.203
2,1,3,3,12,3,3,1,,,0.2837,0.0
2,1,3,3,13,1,5,0,4,0,0.3018,0.6282
2,1,3,3,14,2,2,1,,,0.5167,0.0
2,1,3,3,15,5,5,1,,,0.0455,0.0
2,1,3,3,16,6,6,1,,,0.0738,0.0
2,1,3,3,17,2,2,1,,,0.5969,0.0
2,1,3,3,18,6,5,0,,,0.1549,0.0
2,1,3,3,19,6,6,1,,,0.2057,0.0
2,1,3,3,20,3,1,0,,,0.5474,0.0
2,1,3,3,21,3,4,0,,,0.3907,0.0
2,1,3,3,22,6,6,1,,,0.0965,0.0
2,1,3,3,23,5,5,1,,,0.2826,0.0
2,1,3,3,24,2,2,1,,,0.6534,0.0
2,1,3,3,25,2,2,1,,,0.2085,0.0
2,1,3,3,26,4,4,1,,,0.4215,0.0
2,1,3,3,27,6,1,0,,,0.7073,0.0
2,1,3,3,28,4,1,0,3,0,0.6713,0.3749
2,1,3,3,29,4,4,1,,,0.3371,0.0
2,1,3,3,30,3,1,0,,,1.0256,0.0
2,1,3,3,31,3,3,1,,,0.7843,0.0
2,1,3,3,32,4,4,1,,,0.3028,0.0
2,1,3,3,33,2,2,1,,,0.5447,0.0
2,1,3,3,34,5,6,0,1,0,1.3676,0.6429
2,1,3,3,35,1,6,0,,,0.5457,0.0
2,1,3,3,36,1,1,1,,,0.5011,0.0
2,1,3,3,37,4,4,1,,,0.2383,0.0
2,1,3,3,38,3,3,1,,,0.6595,0.0
2,1,3,3,39,1,1,1,,,0.5021,0.0
2,1,3,3,40,4,4,1,,,0.2238,0.0
2,1,3,3,41,1,1,1,,,0.9492,0.0
2,1,3,3,42,2,1,0,4,0,0.2839,0.6756
2,1,3,3,43,4,1,0,,,0.8171,0.0
2,1,3,3,44,2,2,1,,,0.6336,0.0
2,1,3,3,45,1,1,1,,,0.6372,0.0
2,1,3,3,46,5,5,1,,,0.5459,0.0
2,1,3,3,47,6,2,0,4,0,0.3297,0.623
2,1,3,3,48,6,6,1,,,0.2396,0.0
2,1,3,3,49,6,3,0,,,0.5319,0.0
2,1,3,3,50,5,2,0,4,0,0.5678,0.18
2,1,3,4,1,5,5,1,,,0.1792,0.0
2,1,3,4,2,3,3,1,,,0.4266,0.0
2,1,3,4,3,3,4,0,,,0.1831,0.0
2,1,3,4,4,3,2,0,5,0,0.2487,0.3384
2,1,3,4,5,6,6,1,,,0.2859,0.0
2,1,3,4,6,2,4,0,,,0.3531,0.0
2,1,3,4,7,6,3,0,2,0,0.3321,0.6581
2,1,3,4,8,3,3,1,,,0.704,0.0
2,1,3,4,9,5,5,1,,,0.1619,0.0
2,1,3,4,10,1,4,0,2,0,0.2967,0.4801
2,1,3,4,11,2,2,1,,,0.2307,0.0
2,1,3,4,12,4,4,1,,,0.1706,0.0
2,1,3,4,13,1,1,1,,,0.3546,0.0
2,1,3,4,14,5,5,1,,,0.2423,0.0
2,1,3,4,15,1,1,1,,,0.2938,0.0
2,1,3,4,16,4,4,1,,,0.1041,0.0
2,1,3,4,17,1,3,0,2,0,0.3379,0.3917
2,1,3,4,18,4,4,1,,,0.1603,0.0
2,1,3,4,19,3,3,1,,,0.6161,0.0
2,1,3,4,20,6,1,0,,,0.4451,0.0
2,1,3,4,21,5,3,0,4,0,0.6758,0.5399
2,1,3,4,22,1,1,1,,,0.2232,0.0
2,1,3,4,23,1,6,0,,,0.2282,0.0
2,1,3,4,24,4,4,1,,,0.2922,0.0
2,1,3,4,25,5,6,0,3,0,0.6458,1.0549
2,1,3,4,26,1,1,1,,,0.27,0.0
2,1,3,4,27,4,4,1,,,0.2247,0.0
2,1,3,4,28,6,6,1,,,0.2778,0.0
2,1,3,4,29,2,2,1,,,0.3923,0.0
2,1,3,4,30,5,3,0,,,0.5348,0.0
2,1,3,4,31,2,2,1,,,0.5063,0.0
2,1,3,4,32,6,6,1,,,0.2436,0.0
2,1,3,4,33,6,6,1,,,0.2315,0.0
2,1,3,4,34,2,2,1,,,0.3328,0.0
2,1,3,4,35,3,3,1,,,0.301,0.0
2,1,3,4,36,5,5,1,,,0.2712,0.0
2,1,3,4,37,3,4,0,,,0.2744,0.0
2,1,3,4,38,6,6,1,,,0.1761,0.0
2,1,3,4,39,3,3,1,,,0.1989,0.0
2,1,3,4,40,2,4,0,,,0.141,0.0
2,1,3,4,41,2,4,0,,,1.0727,0.0
2,1,3,4,42,4,4,1,,,0.3981,0.0
2,1,3,4,43,4,1,0,4,1,0.9725,0.3114
2,1,3,4,44,2,2,1,,,0.2969,0.0
2,1,3,4,45,4,4,1,,,0.3142,0.0
2,1,3,4,46,6,6,1,,,0.22,0.0
2,1,3,4,47,1,1,1,,,0.449,0.0
2,1,3,4,48,6,6,1,,,0.2209,0.0
2,1,3,4,49,5,6,0,,,0.5779,0.0
2,1,3,4,50,6,6,1,,,0.2918,0.0
2,1,4,1,1,5,2,0,,,0.5052,0.0
2,1,4,1,2,2,4,0,2,1,0.2542,0.7427
2,1,4,1,3,2,2,1,,,0.3269,0.0
2,1,4,1,4,2,2,1,,,0.2475,0.0
2,1,4,1,5,6,6,1,,,0.2028,0.0
2,1,4,1,6,6,3,0,,,0.3534,0.0
2,1,4,1,7,6,6,1,,,1.0528,0.0
2,1,4,1,8,2,2,1,,,0.2398,0.0
2,1,4,1,9,3,4,0,5,0,0.3883,0.3595
2,1,4,1,10,5,3,0,,,1.0738,0.0
2,1,4,1,11,3,1,0,4,0,0.5913,0.938
2,1,4,1,12,5,6,0,2,0,0.285,0.5323
2,1,4,1,13,5,5,1,,,0.3121,0.0
2,1,4,1,14,1,4,0,,,0.2653,0.0
2,1,4,1,15,4,4,1,,,0.0239,0.0
2,1,4,1,16,1,1,1,,,0.3257,0.0
2,1,4,1,17,4,4,1,,,0.1978,0.0
2,1,4,1,18,5,6,0,5,1,0.076,0.4597
2,1,4,1,19,5,5,1,,,0.3112,0.0
2,1,4,1,20,3,6,0,3,1,0.2805,0.4482
2,1,4,1,21,5,3,0,,,0.572,0.0
2,1,4,1,22,6,4,0,6,1,0.3654,0.4506
2,1,4,1,23,6,6,1,,,0.3982,0.0
2,1,4,1,24,3,1,0,,,0.988,0.0
2,1,4,1,25,4,4,1,,,0.2054,0.0
2,1,4,1,26,3,2,0,,,0.5469,0.0
2,1,4,1,27,6,4,0,,,0.1184,0.0
2,1,4,1,28,4,4,1,,,0.123,0.0
2,1,4,1,29,1,1,1,,,0.4526,0.0
2,1,4,1,30,2,2,1,,,0.4966,0.0
2,1,4,1,31,3,3,1,,,0.218,0.0
2,1,4,1,32,6,6,1,,,0.2714,0.0
2,1,4,1,33,1,3,0,,,0.4986,0.0
2,1,4,1,34,4,4,1,,,0.3118,0.0
2,1,4,1,35,1,1,1,,,0.6812,0.0
2,1,4,1,36,3,2,0,,,0.3151,0.0
2,1,4,1,37,6,6,1,,,0.1996,0.0
2,1,4,1,38,4,4,1,,,0.2859,0.0
2,1,4,1,39,2,2,1,,,0.32,0.0
2,1,4,1,40,4,1,0,,,0.5134,0.0
2,1,4,1,41,3,5,0,,,0.4696,0.0
2,1,4,1,42,5,1,0,,,0.6844,0.0
2,1,4,1,43,2,2,1,,,0.7784,0.0
2,1,4,1,44,1,3,0,4,0,0.4081,1.3865
2,1,4,1,45,1,4,0,1,1,0.6352,0.7243
2,1,4,1,46,4,3,0,1,0,0.5008,0.8668
2,1,4,1,47,6,5,0,6,1,0.1532,0.2458
2,1,4,1,48,6,4,0,,,0.4736,0.0
2,1,4,1,49,2,2,1,,,0.5433,0.0
2,1,4,1,50,1,5,0,,,0.6953,0.0
2,1,4,2,1,5,5,1,,,0.3693,0.0
2,1,4,2,2,3,3,1,,,0.2088,0.0
2,1,4,2,3,6,6,1,,,0.1665,0.0
2,1,4,2,4,5,5,1,,,0.1415,0.0
2,1,4,2,5,6,5,0,6,1,0.1178,0.3403
2,1,4,2,6,6,6,1,,,0.0038,0.0
2,1,4,2,7,3,3,1,,,0.3539,0.0
2,1,4,2,8,5,5,1,,,0.0174,0.0
2,1,4,2,9,2,3,0,,,0.2398,0.0
2,1,4,2,10,3,4,0,,,0.4304,0.0
2,1,4,2,11,5,5,1,,,0.1511,0.0
2,1,4,2,12,4,4,1,,,0.0004,0.0
2,1,4,2,13,1,4,0,,,0.2852,0.0
2,1,4,2,14,3,4,0,3,1,0.0593,0.2037
2,1,4,2,15,4,3,0,4,1,0.3218,0.3761
2,1,4,2,16,6,6,1,,,0.1345,0.0
2,1,4,2,17,2,2,1,,,0.1429,0.0
2,1,4,2,18,6,5,0,,,0.3431,0.0
2,1,4,2,19,4,3,0,4,1,0.4821,0.5304
2,1,4,2,20,1,4,0,,,0.2029,0.0
2,1,4,2,21,2,6,0,2,1,0.4922,0.3955
2,1,4,2,22,6,6,1,,,0.0003,0.0
2,1,4,2,23,4,4,1,,,0.1033,0.0
2,1,4,2,24,6,6,1,,,0.2573,0.0
2,1,4,2,25,4,4,1,,,0.4692,0.0
2,1,4,2,26,1,6,0,,,0.2403,0.0
2,1,4,2,27,1,1,1,,,0.1918,0.0
2,1,4,2,28,2,2,1,,,0.3256,0.0
2,1,4,2,29,4,2,0,,,0.2787,0.0
2,1,4,2,30,6,6,1,,,0.2602,0.0
2,1,4,2,31,2,2,1,,,0.2158,0.0
2,1,4,2,32,6,6,1,,,0.0768,0.0
2,1,4,2,33,1,1,1,,,0.4877,0.0
2,1,4,2,34,2,2,1,,,0.3223,0.0
2,1,4,2,35,2,2,1,,,0.323,0.0
2,1,4,2,36,3,2,0,5,0,0.8049,0.2147
2,1,4,2,37,2,2,1,,,0.3277,0.0
2,1,4,2,38,5,5,1,,,0.5198,0.0
2,1,4,2,39,5,5,1,,,0.0806,0.0
2,1,4,2,40,3,3,1,,,0.4281,0.0
2,1,4,2,41,4,4,1,,,0.5358,0.0
2,1,4,2,42,1,1,1,,,0.8643,0.0
2,1,4,2,43,1,4,0,1,1,0.859,0.2832
2,1,4,2,44,3,3,1,,,0.3819,0.0
2,1,4,2,45,4,4,1,,,0.2043,0.0
2,1,4,2,46,3,3,1,,,0.7221,0.0
2,1,4,2,47,5,5,1,,,0.2587,0.0
2,1,4,2,48,1,1,1,,,0.4538,0.0
2,1,4,2,49,5,3,0,1,0,0.4974,0.8803
2,1,4,2,50,6,6,1,,,0.3899,0.0
2,1,4,3,1,1,5,0,,,0.2261,0.0
2,1,4,3,2,5,4,0,,,0.2261,0.0
2,1,4,3,3,6,6,1,,,0.0183,0.0
2,1,4,3,4,3,3,1,,,0.3193,0.0
2,1,4,3,5,4,4,1,,,0.209,0.0
2,1,4,3,6,2,2,1,,,0.2461,0.0
2,1,4,3,7,4,4,1,,,0.0905,0.0
2,1,4,3,8,5,4,0,,,0.1804,0.0
2,1,4,3,9,6,6,1,,,0.1185,0.0
2,1,4,3,10,2,2,1,,,0.48,0.0
2,1,4,3,11,4,4,1,,,0.2182,0.0
2,1,4,3,12,1,1,1,,,0.1915,0.0
2,1,4,3,13,1,5,0,,,0.31,0.0
2,1,4,3,14,5,5,1,,,0.1144,0.0
2,1,4,3,15,2,2,1,,,0.0758,0.0
2,1,4,3,16,6,3,0,4,0,0.2944,0.734
2,1,4,3,17,5,5,1,,,0.265,0.0
2,1,4,3,18,1,6,0,,,0.4929,0.0
2,1,4,3,19,6,6,1,,,0.8014,0.0
2,1,4,3,20,4,4,1,,,0.3031,0.0
2,1,4,3,21,4,4,1,,,0.0811,0.0
2,1,4,3,22,6,6,1,,,0.412,0.0
2,1,4,3,23,5,5,1,,,0.4413,0.0
2,1,4,3,24,1,3,0,,,0.6127,0.0
2,1,4,3,25,6,6,1,,,0.2129,0.0
2,1,4,3,26,5,5,1,,,0.1867,0.0
2,1,4,3,27,1,1,1,,,0.3052,0.0
2,1,4,3,28,2,2,1,,,0.3379,0.0
2,1,4,3,29,2,6,0,4,0,0.2744,0.0911
2,1,4,3,30,3,3,1,,,0.3843,0.0
2,1,4,3,31,3,1,0,,,0.5911,0.0
2,1,4,3,32,4,4,1,,,0.4317,0.0
2,1,4,3,33,3,3,1,,,0.5245,0.0
2,1,4,3,34,2,2,1,,,0.245,0.0
2,1,4,3,35,1,6,0,,,0.1849,0.0
2,1,4,3,36,4,4,1,,,0.3629,0.0
2,1,4,3,37,4,4,1,,,0.0897,0.0
2,1,4,3,38,1,1,1,,,0.5963,0.0
2,1,4,3,39,6,6,1,,,0.1705,0.0
2,1,4,3,40,3,6,0,,,0.0496,0.0
2,1,4,3,41,3,3,1,,,0.5213,0.0
2,1,4,3,42,5,5,1,,,0.9782,0.0
2,1,4,3,43,3,3,1,,,0.5996,0.0
2,1,4,3,44,6,6,1,,,0.0939,0.0
2,1,4,3,45,5,6,0,,,0.3276,0.0
2,1,4,3,46,3,3,1,,,0.6118,0.0
2,1,4,3,47,6,6,1,,,0.4566,0.0
2,1,4,3,48,2,2,1,,,0.82,0.0
2,1,4,3,49,2,2,1,,,0.2247,0.0
2,1,4,3,50,6,6,1,,,0.1972,0.0
2,1,4,4,1,3,3,1,,,0.2641,0.0
2,1,4,4,2,5,4,0,,,0.0749,0.0
2,1,4,4,3,5,5,1,,,0.0004,0.0
2,1,4,4,4,2,2,1,,,0.5918,0.0
2,1,4,4,5,1,1,1,,,0.3414,0.0
2,1,4,4,6,4,4,1,,,0.0848,0.0
2,1,4,4,7,4,5,0,4,1,0.3359,0.2295
2,1,4,4,8,3,3,1,,,0.1379,0.0
2,1,4,4,9,6,6,1,,,0.4347,0.0
2,1,4,4,10,5,5,1,,,0.0793,0.0
2,1,4,4,11,3,1,0,,,0.6815,0.0
2,1,4,4,12,1,4,0,3,0,0.4871,0.2788
2,1,4,4,13,4,4,1,,,0.3888,0.0
2,1,4,4,14,3,2,0,3,1,0.3711,0.503
2,1,4,4,15,1,4,0,,,0.4327,0.0
2,1,4,4,16,6,1,0,,,0.9365,0.0
2,1,4,4,17,6,3,0,,,0.5398,0.0
2,1,4,4,18,2,5,0,,,0.6233,0.0
2,1,4,4,19,3,4,0,,,0.4305,0.0
2,1,4,4,20,4,4,1,,,0.3265,0.0
2,1,4,4,21,6,4,0,,,0.0709,0.0
2,1,4,4,22,2,2,1,,,0.2529,0.0
2,1,4,4,23,1,4,0,,,0.3371,0.0
2,1,4,4,24,6,1,0,5,0,0.6683,0.3721
2,1,4,4,25,6,6,1,,,0.3821,0.0
2,1,4,4,26,6,6,1,,,0.3802,0.0
2,1,4,4,27,4,4,1,,,0.1391,0.0
2,1,4,4,28,4,4,1,,,0.0668,0.0
2,1,4,4,29,1,6,0,1,1,0.3028,0.6772
2,1,4,4,30,6,1,0,,,0.1988,0.0
2,1,4,4,31,5,5,1,,,0.3129,0.0
2,1,4,4,32,2,2,1,,,0.4419,0.0
2,1,4,4,33,5,3,0,,,0.2779,0.0
2,1,4,4,34,3,2,0,,,0.6118,0.0
2,1,4,4,35,5,6,0,4,0,1.2038,0.5816
2,1,4,4,36,5,5,1,,,0.167,0.0
2,1,4,4,37,5,5,1,,,0.1106,0.0
2,1,4,4,38,3,4,0,,,0.1522,0.0
2,1,4,4,39,1,6,0,,,0.268,0.0
2,1,4,4,40,2,2,1,,,0.1702,0.0
2,1,4,4,41,2,2,1,,,0.1454,0.0
2,1,4,4,42,6,1,0,,,0.505,0.0
2,1,4,4,43,1,3,0,,,0.3018,0.0
2,1,4,4,44,2,2,1,,,0.3629,0.0
2,1,4,4,45,4,4,1,,,0.2826,0.0
2,1,4,4,46,6,6,1,,,0.2049,0.0
2,1,4,4,47,2,2,1,,,0.242,0.0
2,1,4,4,48,3,3,1,,,0.5338,0.0
2,1,4,4,49,1,1,1,,,0.3344,0.0
2,1,4,4,50,4,4,1,,,0.3659,0.0
2,1,5,1,1,5,5,1,,,0.1547,0.0
2,1,5,1,2,5,5,1,,,0.0345,0.0
2,1,5,1,3,6,4,0,,,0.1914,0.0
2,1,5,1,4,2,2,1,,,0.3682,0.0
2,1,5,1,5,4,2,0,,,0.1436,0.0
2,1,5,1,6,2,2,1,,,0.307,0.0
2,1,5,1,7,6,6,1,,,0.0362,0.0
2,1,5,1,8,6,3,0,,,0.3056,0.0
2,1,5,1,9,4,4,1,,,0.1738,0.0
2,1,5,1,10,5,3,0,,,0.5803,0.0
2,1,5,1,11,2,2,1,,,0.3103,0.0
2,1,5,1,12,2,2,1,,,0.5197,0.0
2,1,5,1,13,5,5,1,,,0.4648,0.0
2,1,5,1,14,1,1,1,,,0.4117,0.0
2,1,5,1,15,6,6,1,,,0.2803,0.0
2,1,5,1,16,6,3,0,,,0.6195,0.0
2,1,5,1,17,1,3,0,,,0.444,0.0
2,1,5,1,18,6,6,1,,,0.2588,0.0
2,1,5,1,19,3,6,0,,,0.422,0.0
2,1,5,1,20,2,2,1,,,0.3018,0.0
2,1,5,1,21,4,4,1,,,0.3035,0.0
2,1,5,1,22,5,1,0,,,0.8818,0.0
2,1,5,1,23,6,1,0,4,0,0.3913,0.7627
2,1,5,1,24,1,1,1,,,0.4524,0.0
2,1,5,1,25,3,5,0,,,0.1765,0.0
2,1,5,1,26,1,3,0,4,0,0.6745,0.4738
2,1,5,1,27,4,4,1,,,0.3198,0.0
2,1,5,1,28,2,2,1,,,0.5288,0.0
2,1,5,1,29,6,1,0,,,0.6649,0.0
2,1,5,1,30,2,2,1,,,0.5035,0.0
2,1,5,1,31,1,1,1,,,0.4656,0.0
2,1,5,1,32,3,3,1,,,0.5086,0.0
2,1,5,1,33,4,4,1,,,0.1329,0.0
2,1,5,1,34,5,3,0,,,0.3343,0.0
2,1,5,1,35,4,4,1,,,0.2337,0.0
2,1,5,1,36,1,1,1,,,0.6218,0.0
2,1,5,1,37,1,1,1,,,0.5946,0.0
2,1,5,1,38,5,4,0,,,0.3286,0.0
2,1,5,1,39,3,3,1,,,0.3887,0.0
2,1,5,1,40,6,6,1,,,0.2428,0.0
2,1,5,1,41,6,6,1,,,0.2788,0.0
2,1,5,1,42,4,4,1,,,0.1215,0.0
2,1,5,1,43,4,4,1,,,0.083,0.0
2,1,5,1,44,3,3,1,,,0.4457,0.0
2,1,5,1,45,3,3,1,,,0.4738,0.0
2,1,5,1,46,3,1,0,6,0,0.4362,0.3569
2,1,5,1,47,2,2,1,,,0.3999,0.0
2,1,5,1,48,5,5,1,,,0.2211,0.0
2,1,5,1,49,3,4,0,,,0.4026,0.0
2,1,5,1,50,1,1,1,,,0.3312,0.0
2,1,5,2,1,1,4,0,,,0.1852,0.0
2,1,5,2,2,6,4,0,,,0.1227,0.0
2,1,5,2,3,5,5,1,,,0.1428,0.0
2,1,5,2,4,2,2,1,,,0.5991,0.0
2,1,5,2,5,4,6,0,2,0,0.2208,0.4872
2,1,5,2,6,6,5,0,,,0.1248,0.0
2,1,5,2,7,3,3,1,,,0.2725,0.0
2,1,5,2,8,6,6,1,,,0.1002,0.0
2,1,5,2,9,3,3,1,,,0.4138,0.0
2,1,5,2,10,3,3,1,,,0.3954,0.0
2,1,5,2,11,2,2,1,,,0.2654,0.0
2,1,5,2,12,5,4,0,,,0.6681,0.0
2,1,5,2,13,3,2,0,,,0.5859,0.0
2,1,5,2,14,1,6,0,,,0.1236,0.0
2,1,5,2,15,6,6,1,,,0.16,0.0
2,1,5,2,16,1,1,1,,,0.3437,0.0
2,1,5,2,17,2,2,1,,,0.2311,0.0
2,1,5,2,18,3,4,0,,,0.4599,0.0
2,1,5,2,19,6,3,0,4,0,0.4659,0.1948
2,1,5,2,20,1,2,0,,,0.34,0.0
2,1,5,2,21,5,2,0,4,0,0.6073,0.4899
2,1,5,2,22,6,6,1,,,0.3032,0.0
2,1,5,2,23,4,4,1,,,0.2565,0.0
2,1,5,2,24,5,5,1,,,0.1,0.0
2,1,5,2,25,3,3,1,,,0.4624,0.0
2,1,5,2,26,3,2,0,,,0.473,0.0
2,1,5,2,27,1,4,0,3,0,0.2551,0.7117
2,1,5,2,28,2,2,1,,,0.4677,0.0
2,1,5,2,29,1,3,0,,,0.5267,0.0
2,1,5,2,30,4,4,1,,,0.707,0.0
2,1,5,2,31,5,5,1,,,0.2113,0.0
2,1,5,2,32,2,2,1,,,0.3292,0.0
2,1,5,2,33,3,3,1,,,0.3294,0.0
2,1,5,2,34,4,4,1,,,0.4421,0.0
2,1,5,2,35,4,4,1,,,0.4377,0.0
2,1,5,2,36,6,6,1,,,0.2731,0.0
2,1,5,2,37,2,2,1,,,0.6603,0.0
2,1,5,2,38,1,3,0,,,0.5827,0.0
2,1,5,2,39,6,6,1,,,0.4248,0.0
2,1,5,2,40,1,2,0,,,0.9488,0.0
2,1,5,2,41,5,5,1,,,0.2475,0.0
2,1,5,2,42,2,2,1,,,0.7638,0.0
2,1,5,2,43,6,3,0,,,0.5545,0.0
2,1,5,2,44,4,4,1,,,0.4124,0.0
2,1,5,2,45,4,4,1,,,0.1222,0.0
2,1,5,2,46,6,6,1,,,0.9784,0.0
2,1,5,2,47,5,5,1,,,0.12,0.0
2,1,5,2,48,2,2,1,,,0.5128,0.0
2,1,5,2,49,5,2,0,,,0.4582,0.0
2,1,5,2,50,4,4,1,,,0.1124,0.0
2,1,5,3,1,2,2,1,,,0.7434,0.0
2,1,5,3,2,4,4,1,,,0.0707,0.0
2,1,5,3,3,5,5,1,,,0.0003,0.0
2,1,5,3,4,6,5,0,6,1,0.0318,1.2015
2,1,5,3,5,4,3,0,,,0.3504,0.0
2,1,5,3,6,1,4,0,,,0.1696,0.0
2,1,5,3,7,2,5,0,,,0.7482,0.0
2,1,5,3,8,6,6,1,,,0.1671,0.0
2,1,5,3,9,3,6,0,,,0.0305,0.0
2,1,5,3,10,6,6,1,,,0.0866,0.0
2,1,5,3,11,1,1,1,,,0.6735,0.0
2,1,5,3,12,4,4,1,,,0.1162,0.0
2,1,5,3,13,3,1,0,5,0,0.7181,0.467
2,1,5,3,14,2,6,0,4,0,0.5219,0.2314
2,1,5,3,15,4,4,1,,,0.1034,0.0
2,1,5,3,16,6,6,1,,,0.1453,0.0
2,1,5,3,17,2,4,0,3,0,0.7302,0.7674
2,1,5,3,18,3,3,1,,,0.6019,0.0
2,1,5,3,19,6,6,1,,,0.1593,0.0
2,1,5,3,20,2,2,1,,,0.7262,0.0
2,1,5,3,21,2,2,1,,,0.5349,0.0
2,1,5,3,22,4,4,1,,,0.4951,0.0
2,1,5,3,23,1,1,1,,,0.5203,0.0
2,1,5,3,24,2,6,0,2,1,0.1453,0.4627
2,1,5,3,25,6,1,0,,,0.4421,0.0
2,1,5,3,26,6,6,1,,,0.7214,0.0
2,1,5,3,27,3,3,1,,,0.3696,0.0
2,1,5,3,28,3,3,1,,,0.5444,0.0
2,1,5,3,29,6,6,1,,,0.2643,0.0
2,1,5,3,30,1,1,1,,,0.2511,0.0
2,1,5,3,31,1,5,0,,,0.5591,0.0
2,1,5,3,32,5,5,1,,,0.146,0.0
2,1,5,3,33,5,5,1,,,0.0578,0.0
2,1,5,3,34,5,5,1,,,0.0534,0.0
2,1,5,3,35,5,5,1,,,0.0337,0.0
2,1,5,3,36,3,3,1,,,0.4463,0.0
2,1,5,3,37,1,4,0,,,0.5385,0.0
2,1,5,3,38,6,4,0,,,0.5252,0.0
2,1,5,3,39,4,4,1,,,0.1769,0.0
2,1,5,3,40,5,5,1,,,0.4397,0.0
2,1,5,3,41,4,4,1,,,0.1956,0.0
2,1,5,3,42,1,1,1,,,1.0334,0.0
2,1,5,3,43,3,4,0,2,0,0.3491,0.1947
2,1,5,3,44,5,3,0,,,0.9322,0.0
2,1,5,3,45,5,5,1,,,0.0872,0.0
2,1,5,3,46,4,5,0,6,0,0.7543,0.3418
2,1,5,3,47,6,6,1,,,0.2097,0.0
2,1,5,3,48,2,2,1,,,0.3746,0.0
2,1,5,3,49,1,1,1,,,0.261,0.0
2,1,5,3,50,3,3,1,,,0.7286,0.0
2,1,5,4,1,2,2,1,,,0.1826,0.0
2,1,5,4,2,3,3,1,,,0.2845,0.0
2,1,5,4,3,5,5,1,,,0.2556,0.0
2,1,5,4,4,4,4,1,,,0.0831,0.0
2,1,5,4,5,1,5,0,,,0.6225,0.0
2,1,5,4,6,5,5,1,,,0.0003,0.0
2,1,5,4,7,5,5,1,,,0.0004,0.0
2,1,5,4,8,5,3,0,,,0.4587,0.0
2,1,5,4,9,1,1,1,,,0.5449,0.0
2,1,5,4,10,6,6,1,,,0.1528,0.0
2,1,5,4,11,6,6,1,,,0.0965,0.0
2,1,5,4,12,2,2,1,,,0.443,0.0
2,1,5,4,13,5,5,1,,,0.5187,0.0
2,1,5,4,14,3,3,1,,,0.7993,0.0
2,1,5,4,15,3,3,1,,,0.2367,0.0
2,1,5,4,16,4,4,1,,,0.1293,0.0
2,1,5,4,17,2,2,1,,,0.218,0.0
2,1,5,4,18,3,3,1,,,0.2871,0.0
2,1,5,4,19,4,4,1,,,0.0501,0.0
2,1,5,4,20,2,2,1,,,0.238,0.0
2,1,5,4,21,2,4,0,,,0.0991,0.0
2,1,5,4,22,4,4,1,,,0.0401,0.0
2,1,5,4,23,1,2,0,,,0.437,0.0
2,1,5,4,24,1,1,1,,,0.6042,0.0
2,1,5,4,25,5,2,0,,,0.6408,0.0
2,1,5,4,26,2,4,0,2,1,0.1758,0.0116
2,1,5,4,27,2,4,0,2,1,0.1537,0.6781
2,1,5,4,28,5,5,1,,,0.2325,0.0
2,1,5,4,29,1,6,0,,,0.2053,0.0
2,1,5,4,30,3,3,1,,,0.3018,0.0
2,1,5,4,31,2,2,1,,,0.2394,0.0
2,1,5,4,32,6,6,1,,,0.0997,0.0
2,1,5,4,33,3,4,0,,,0.238,0.0
2,1,5,4,34,4,5,0,2,0,0.1733,0.2816
2,1,5,4,35,6,3,0,,,0.3595,0.0
2,1,5,4,36,4,4,1,,,0.2098,0.0
2,1,5,4,37,5,5,1,,,0.1513,0.0
2,1,5,4,38,4,4,1,,,0.2394,0.0
2,1,5,4,39,3,3,1,,,0.531,0.0
2,1,5,4,40,3,3,1,,,0.1392,0.0
2,1,5,4,41,1,4,0,,,0.5474,0.0
2,1,5,4,42,6,6,1,,,0.2139,0.0
2,1,5,4,43,6,4,0,,,0.1874,0.0
2,1,5,4,44,6,6,1,,,0.0931,0.0
2,1,5,4,45,1,1,1,,,0.5512,0.0
2,1,5,4,46,4,4,1,,,0.0623,0.0
2,1,5,4,47,6,6,1,,,0.4741,0.0
2,1,5,4,48,6,6,1,,,0.1807,0.0
2,1,5,4,49,1,1,1,,,0.7473,0.0
2,1,5,4,50,6,1,0,6,1,0.3143,0.2887
2,2,1,1,1,3,1,0,,,1.0599,0.0
2,2,1,1,2,4,4,1,,,0.1143,0.0
2,2,1,1,3,3,3,1,,,0.3155,0.0
2,2,1,1,4,2,2,1,,,0.2534,0.0
2,2,1,1,5,6,1,0,3,0,0.4008,0.3711
2,2,1,1,6,6,6,1,,,0.5254,0.0
2,2,1,1,7,4,4,1,,,0.215,0.0
2,2,1,1,8,1,1,1,,,0.3168,0.0
2,2,1,1,9,5,5,1,,,0.2529,0.0
2,2,1,1,10,6,4,0,,,0.449,0.0
2,2,1,1,11,2,2,1,,,0.5368,0.0
2,2,1,1,12,6,6,1,,,0.1448,0.0
2,2,1,1,13,6,1,0,,,0.6501,0.0
2,2,1,1,14,2,4,0,,,0.3292,0.0
2,2,1,1,15,6,6,1,,,0.0209,0.0
2,2,1,1,16,3,3,1,,,0.5146,0.0
2,2,1,1,17,1,1,1,,,0.7629,0.0
2,2,1,1,18,5,5,1,,,0.3464,0.0
2,2,1,1,19,3,3,1,,,0.3619,0.0
2,2,1,1,20,1,5,0,1,1,0.6664,0.3227
2,2,1,1,21,3,2,0,,,0.5954,0.0
2,2,1,1,22,6,5,0,,,0.1485,0.0
2,2,1,1,23,1,1,1,,,0.3126,0.0
2,2,1,1,24,5,5,1,,,0.2826,0.0
2,2,1,1,25,5,5,1,,,0.2213,0.0
2,2,1,1,26,6,6,1,,,0.3696,0.0
2,2,1,1,27,1,1,1,,,0.7367,0.0
2,2,1,1,28,1,5,0,,,0.4491,0.0
2,2,1,1,29,5,5,1,,,0.3929,0.0
2,2,1,1,30,3,3,1,,,0.3431,0.0
2,2,1,1,31,2,2,1,,,0.5835,0.0
2,2,1,1,32,2,6,0,2,1,0.382,0.61
2,2,1,1,33,1,1,1,,,0.3749,0.0
2,2,1,1,34,4,5,0,,,0.9826,0.0
2,2,1,1,35,3,6,0,5,0,0.2316,0.8496
2,2,1,1,36,4,1,0,5,0,0.9678,0.1482
2,2,1,1,37,2,4,0,,,0.4074,0.0
2,2,1,1,38,5,5,1,,,0.1923,0.0
2,2,1,1,39,4,5,0,,,0.2317,0.0
2,2,1,1,40,5,5,1,,,0.2318,0.0
2,2,1,1,41,2,1,0,4,0,0.4437,0.8286
2,2,1,1,42,3,3,1,,,0.341,0.0
2,2,1,1,43,1,1,1,,,0.4051,0.0
2,2,1,1,44,5,5,1,,,0.4039,0.0
2,2,1,1,45,6,6,1,,,0.2578,0.0
2,2,1,1,46,2,3,0,,,0.805,0.0
2,2,1,1,47,4,3,0,,,0.4135,0.0
2,2,1,1,48,6,3,0,,,0.5501,0.0
2,2,1,1,49,4,4,1,,,0.506,0.0
2,2,1,1,50,4,1,0,,,0.4828,0.0
2,2,1,2,1,1,1,1,,,0.6154,0.0
2,2,1,2,2,6,6,1,,,0.1082,0.0
2,2,1,2,3,5,5,1,,,0.2135,0.0
2,2,1,2,4,1,1,1,,,0.5392,0.0
2,2,1,2,5,2,2,1,,,0.291,0.0
2,2,1,2,6,3,3,1,,,0.3255,0.0
2,2,1,2,7,2,2,1,,,0.3914,0.0
2,2,1,2,8,4,4,1,,,0.502,0.0
2,2,1,2,9,3,6,0,2,0,0.3352,0.5325
2,2,1,2,10,5,6,0,1,0,0.2642,0.4971
2,2,1,2,11,6,6,1,,,0.102,0.0
2,2,1,2,12,6,2,0,5,0,0.561,0.4768
2,2,1,2,13,6,1,0,,,0.6591,0.0
2,2,1,2,14,6,6,1,,,0.2418,0.0
2,2,1,2,15,5,6,0,4,0,0.6629,0.3677
2,2,1,2,16,5,5,1,,,0.1056,0.0
2,2,1,2,17,4,4,1,,,0.1961,0.0
2,2,1,2,18,2,2,1,,,0.8575,0.0
2,2,1,2,19,2,2,1,,,0.5811,0.0
2,2,1,2,20,1,1,1,,,0.4274,0.0
2,2,1,2,21,1,1,1,,,0.232,0.0
2,2,1,2,22,1,1,1,,,0.6376,0.0
2,2,1,2,23,2,2,1,,,0.2088,0.0
2,2,1,2,24,3,3,1,,,0.9516,0.0
2,2,1,2,25,4,4,1,,,0.6701,0.0
2,2,1,2,26,3,3,1,,,0.4339,0.0
2,2,1,2,27,2,2,1,,,0.3342,0.0
2,2,1,2,28,2,2,1,,,0.7022,0.0
2,2,1,2,29,5,1,0,,,0.2878,0.0
2,2,1,2,30,6,1,0,4,0,0.5417,0.8104
2,2,1,2,31,6,6,1,,,0.1961,0.0
2,2,1,2,32,5,5,1,,,0.7616,0.0
2,2,1,2,33,5,6,0,,,0.5212,0.0
2,2,1,2,34,6,3,0,,,0.7021,0.0
2,2,1,2,35,6,3,0,,,0.6019,0.0
2,2,1,2,36,4,4,1,,,0.4909,0.0
2,2,1,2,37,4,4,1,,,0.1978,0.0
2,2,1,2,38,2,2,1,,,0.2674,0.0
2,2,1,2,39,4,4,1,,,0.2553,0.0
2,2,1,2,40,1,1,1,,,0.435,0.0
2,2,1,2,41,5,5,1,,,0.3522,0.0
2,2,1,2,42,3,3,1,,,0.528,0.0
2,2,1,2,43,6,6,1,,,0.2161,0.0
2,2,1,2,44,3,3,1,,,0.5892,0.0
2,2,1,2,45,1,1,1,,,0.5001,0.0
2,2,1,2,46,4,4,1,,,0.4456,0.0
2,2,1,2,47,4,4,1,,,0.2343,0.0
2,2,1,2,48,3,4,0,,,0.239,0.0
2,2,1,2,49,3,3,1,,,0.4787,0.0
2,2,1,2,50,1,1,1,,,0.2492,0.0
2,2,1,3,1,4,4,1,,,0.1719,0.0
2,2,1,3,2,3,6,0,,,0.2272,0.0
2,2,1,3,3,6,6,1,,,0.4679,0.0
2,2,1,3,4,3,1,0,,,0.3992,0.0
2,2,1,3,5,2,2,1,,,1.2236,0.0
2,2,1,3,6,2,2,1,,,0.1485,0.0
2,2,1,3,7,2,6,0,,,0.2688,0.0
2,2,1,3,8,1,1,1,,,0.5875,0.0
2,2,1,3,9,2,2,1,,,0.5294,0.0
2,2,1,3,10,3,4,0,,,0.6018,0.0
2,2,1,3,11,2,2,1,,,0.3147,0.0
2,2,1,3,12,4,4,1,,,0.2994,0.0
2,2,1,3,13,4,4,1,,,0.6698,0.0
2,2,1,3,14,5,5,1,,,0.2088,0.0
2,2,1,3,15,3,3,1,,,0.7423,0.0
2,2,1,3,16,1,6,0,,,0.1829,0.0
2,2,1,3,17,5,5,1,,,0.2002,0.0
2,2,1,3,18,1,1,1,,,0.5111,0.0
2,2,1,3,19,3,3,1,,,0.4399,0.0
2,2,1,3,20,6,5,0,,,0.8048,0.0
2,2,1,3,21,1,1,1,,,0.4613,0.0
2,2,1,3,22,3,1,0,,,0.7936,0.0
2,2,1,3,23,3,2,0,,,0.4834,0.0
2,2,1,3,24,6,6,1,,,0.1692,0.0
2,2,1,3,25,4,4,1,,,0.2075,0.0
2,2,1,3,26,2,2,1,,,0.3578,0.0
2,2,1,3,27,1,1,1,,,0.534,0.0
2,2,1,3,28,2,2,1,,,0.2538,0.0
2,2,1,3,29,5,3,0,,,1.0104,0.0
2,2,1,3,30,5,4,0,,,0.3548,0.0
2,2,1,3,31,6,3,0,,,0.59,0.0
2,2,1,3,32,6,3,0,,,0.4319,0.0
2,2,1,3,33,2,5,0,,,0.8554,0.0
2,2,1,3,34,5,5,1,,,0.7818,0.0
2,2,1,3,35,5,5,1,,,0.524,0.0
2,2,1,3,36,1,1,1,,,0.341,0.0
2,2,1,3,37,1,1,1,,,0.2294,0.0
2,2,1,3,38,6,6,1,,,0.2027,0.0
2,2,1,3,39,6,6,1,,,0.1612,0.0
2,2,1,3,40,4,4,1,,,0.2806,0.0
2,2,1,3,41,5,5,1,,,0.2185,0.0
2,2,1,3,42,5,5,1,,,0.6081,0.0
2,2,1,3,43,4,1,0,,,0.7423,0.0
2,2,1,3,44,4,4,1,,,0.2103,0.0
2,2,1,3,45,3,3,1,,,0.6003,0.0
2,2,1,3,46,6,6,1,,,0.157,0.0
2,2,1,3,47,6,6,1,,,0.1656,0.0
2,2,1,3,48,6,5,0,,,0.3173,0.0
2,2,1,3,49,4,4,1,,,0.313,0.0
2,2,1,3,50,1,1,1,,,0.1707,0.0
2,2,1,4,1,3,4,0,,,0.3033,0.0
2,2,1,4,2,1,4,0,3,0,0.1896,0.3919
2,2,1,4,3,5,5,1,,,0.274,0.0
2,2,1,4,4,2,2,1,,,0.3895,0.0
2,2,1,4,5,4,1,0,,,0.8364,0.0
2,2,1,4,6,2,2,1,,,0.2835,0.0
2,2,1,4,7,2,2,1,,,0.2059,0.0
2,2,1,4,8,1,1,1,,,0.5319,0.0
2,2,1,4,9,5,2,0,5,1,0.5404,0.202
2,2,1,4,10,5,5,1,,,0.2709,0.0
2,2,1,4,11,1,1,1,,,0.6272,0.0
2,2,1,4,12,2,2,1,,,0.2954,0.0
2,2,1,4,13,4,4,1,,,0.3775,0.0
2,2,1,4,14,6,4,0,,,0.4567,0.0
2,2,1,4,15,4,3,0,4,1,0.2885,0.0553
2,2,1,4,16,1,1,1,,,0.308,0.0
2,2,1,4,17,5,5,1,,,0.501,0.0
2,2,1,4,18,1,1,1,,,0.4793,0.0
2,2,1,4,19,6,6,1,,,0.2503,0.0
2,2,1,4,20,1,5,0,,,0.6704,0.0
2,2,1,4,21,4,4,1,,,0.1716,0.0
2,2,1,4,22,2,4,0,1,0,0.4997,0.7065
2,2,1,4,23,3,2,0,4,0,0.4152,0.3707
2,2,1,4,24,3,3,1,,,0.5726,0.0
2,2,1,4,25,6,6,1,,,0.3395,0.0
2,2,1,4,26,3,3,1,,,0.5321,0.0
2,2,1,4,27,5,5,1,,,0.2045,0.0
2,2,1,4,28,2,4,0,,,0.3546,0.0
2,2,1,4,29,6,6,1,,,0.2375,0.0
2,2,1,4,30,5,4,0,,,0.2588,0.0
2,2,1,4,31,6,6,1,,,0.2905,0.0
2,2,1,4,32,5,5,1,,,0.6611,0.0
2,2,1,4,33,4,6,0,4,1,0.5361,0.1486
2,2,1,4,34,1,2,0,,,0.4296,0.0
2,2,1,4,35,2,5,0,,,0.4846,0.0
2,2,1,4,36,4,4,1,,,0.1705,0.0
2,2,1,4,37,5,6,0,,,0.4669,0.0
2,2,1,4,38,2,5,0,,,0.3772,0.0
2,2,1,4,39,6,6,1,,,0.2102,0.0
2,2,1,4,40,6,6,1,,,0.4411,0.0
2,2,1,4,41,6,6,1,,,0.3408,0.0
2,2,1,4,42,4,4,1,,,1.0622,0.0
2,2,1,4,43,6,6,1,,,0.249,0.0
2,2,1,4,44,3,3,1,,,0.3331,0.0
2,2,1,4,45,4,5,0,2,0,0.6857,1.1716
2,2,1,4,46,3,3,1,,,0.3181,0.0
2,2,1,4,47,3,6,0,,,0.3508,0.0
2,2,1,4,48,6,6,1,,,0.0258,0.0
2,2,1,4,49,3,5,0,,,0.3125,0.0
2,2,1,4,50,1,6,0,,,0.0846,0.0
2,2,2,1,1,1,1,1,,,0.5486,0.0
2,2,2,1,2,2,2,1,,,0.477,0.0
2,2,2,1,3,2,2,1,,,0.0392,0.0
2,2,2,1,4,5,5,1,,,0.1481,0.0
2,2,2,1,5,6,6,1,,,0.2051,0.0
2,2,2,1,6,6,6,1,,,0.1472,0.0
2,2,2,1,7,5,4,0,,,0.4751,0.0
2,2,2,1,8,3,5,0,,,0.7209,0.0
2,2,2,1,9,4,4,1,,,0.1733,0.0
2,2,2,1,10,3,3,1,,,0.6764,0.0
2,2,2,1,11,3,4,0,,,0.3118,0.0
2,2,2,1,12,6,6,1,,,0.1643,0.0
2,2,2,1,13,3,6,0,,,0.4597,0.0
2,2,2,1,14,1,5,0,3,0,0.2908,0.8265
2,2,2,1,15,5,4,0,,,0.7068,0.0
2,2,2,1,16,1,6,0,,,0.5118,0.0
2,2,2,1,17,4,4,1,,,0.2119,0.0
2,2,2,1,18,4,4,1,,,0.1226,0.0
2,2,2,1,19,2,5,0,1,0,0.3243,0.7131
2,2,2,1,20,2,2,1,,,0.2777,0.0
2,2,2,1,21,6,6,1,,,0.1213,0.0
2,2,2,1,22,4,4,1,,,0.4027,0.0
2,2,2,1,23,5,5,1,,,0.2243,0.0
2,2,2,1,24,4,4,1,,,0.31,0.0
2,2,2,1,25,4,4,1,,,0.2471,0.0
2,2,2,1,26,1,1,1,,,0.204,0.0
2,2,2,1,27,4,4,1,,,0.2414,0.0
2,2,2,1,28,2,2,1,,,0.4224,0.0
2,2,2,1,29,6,4,0,3,0,0.3241,0.5537
2,2,2,1,30,1,1,1,,,0.2688,0.0
2,2,2,1,31,3,5,0,4,0,0.4475,0.3373
2,2,2,1,32,3,3,1,,,0.2049,0.0
2,2,2,1,33,4,4,1,,,0.1633,0.0
2,2,2,1,34,6,6,1,,,0.2185,0.0
2,2,2,1,35,2,1,0,,,0.8481,0.0
2,2,2,1,36,1,1,1,,,0.3271,0.0
2,2,2,1,37,1,4,0,,,0.2965,0.0
2,2,2,1,38,1,1,1,,,0.4531,0.0
2,2,2,1,39,6,3,0,,,0.7536,0.0
2,2,2,1,40,2,3,0,,,0.5727,0.0
2,2,2,1,41,6,6,1,,,0.1103,0.0
2,2,2,1,42,3,6,0,4,0,0.5528,0.2931
2,2,2,1,43,3,3,1,,,0.3717,0.0
2,2,2,1,44,5,2,0,,,0.9787,0.0
2,2,2,1,45,5,5,1,,,0.324,0.0
2,2,2,1,46,6,6,1,,,0.2293,0.0
2,2,2,1,47,5,3,0,4,0,0.4728,0.4415
2,2,2,1,48,5,2,0,,,0.8336,0.0
2,2,2,1,49,2,2,1,,,0.6808,0.0
2,2,2,1,50,6,6,1,,,0.1387,0.0
2,2,2,2,1,1,3,0,,,0.4166,0.0
2,2,2,2,2,5,5,1,,,0.1852,0.0
2,2,2,2,3,3,6,0,2,0,0.496,1.327
2,2,2,2,4,2,2,1,,,0.2431,0.0
2,2,2,2,5,6,5,0,,,0.2956,0.0
2,2,2,2,6,1,1,1,,,0.5493,0.0
2,2,2,2,7,1,6,0,,,0.1081,0.0
2,2,2,2,8,2,1,0,,,0.6098,0.0
2,2,2,2,9,2,2,1,,,0.4033,0.0
2,2,2,2,10,1,1,1,,,0.3533,0.0
2,2,2,2,11,6,6,1,,,0.1767,0.0
2,2,2,2,12,4,1,0,,,0.8557,0.0
2,2,2,2,13,5,6,0,,,0.1264,0.0
2,2,2,2,14,4,4,1,,,0.2751,0.0
2,2,2,2,15,4,4,1,,,0.1979,0.0
2,2,2,2,16,6,6,1,,,0.109,0.0
2,2,2,2,17,5,5,1,,,0.1189,0.0
2,2,2,2,18,4,4,1,,,0.4321,0.0
2,2,2,2,19,4,5,0,,,0.2368,0.0
2,2,2,2,20,3,5,0,,,0.396,0.0
2,2,2,2,21,3,3,1,,,0.6451,0.0
2,2,2,2,22,1,1,1,,,0.5053,0.0
2,2,2,2,23,3,3,1,,,0.6434,0.0
2,2,2,2,24,6,6,1,,,0.1829,0.0
2,2,2,2,25,5,5,1,,,0.1104,0.0
2,2,2,2,26,3,3,1,,,0.9683,0.0
2,2,2,2,27,4,3,0,,,0.7504,0.0
2,2,2,2,28,1,6,0,,,0.473,0.0
2,2,2,2,29,5,5,1,,,0.2244,0.0
2,2,2,2,30,6,6,1,,,0.6285,0.0
2,2,2,2,31,6,6,1,,,0.3611,0.0
2,2,2,2,32,6,6,1,,,0.2799,0.0
2,2,2,2,33,6,2,0,5,0,0.6996,0.3224
2,2,2,2,34,2,2,1,,,0.2704,0.0
2,2,2,2,35,1,3,0,,,0.786,0.0
2,2,2,2,36,4,4,1,,,0.5397,0.0
2,2,2,2,37,5,5,1,,,0.0994,0.0
2,2,2,2,38,4,4,1,,,0.2215,0.0
2,2,2,2,39,2,2,1,,,0.4352,0.0
2,2,2,2,40,3,3,1,,,0.2561,0.0
2,2,2,2,41,6,6,1,,,0.0677,0.0
2,2,2,2,42,5,5,1,,,0.1116,0.0
2,2,2,2,43,3,1,0,,,0.0896,0.0
2,2,2,2,44,2,2,1,,,0.3194,0.0
2,2,2,2,45,6,3,0,,,0.4332,0.0
2,2,2,2,46,3,6,0,,,0.2965,0.0
2,2,2,2,47,2,2,1,,,0.4539,0.0
2,2,2,2,48,5,6,0,3,0,0.2096,0.8598
2,2,2,2,49,1,1,1,,,0.3864,0.0
2,2,2,2,50,2,2,1,,,0.433,0.0
2,2,2,3,1,5,5,1,,,0.2996,0.0
2,2,2,3,2,1,1,1,,,0.2378,0.0
2,2,2,3,3,1,6,0,2,0,0.7226,0.3597
2,2,2,3,4,6,6,1,,,0.259,0.0
2,2,2,3,5,6,6,1,,,0.2149,0.0
2,2,2,3,6,3,3,1,,,0.572,0.0
2,2,2,3,7,2,2,1,,,0.2754,0.0
2,2,2,3,8,5,5,1,,,0.2309,0.0
2,2,2,3,9,2,2,1,,,0.6827,0.0
2,2,2,3,10,6,6,1,,,0.0613,0.0
2,2,2,3,11,2,2,1,,,0.2965,0.0
2,2,2,3,12,6,3,0,,,1.0982,0.0
2,2,2,3,13,4,2,0,4,1,0.9837,1.1059
2,2,2,3,14,1,6,0,,,0.5948,0.0
2,2,2,3,15,3,5,0,3,1,0.4371,0.1495
2,2,2,3,16,1,4,0,3,0,0.2855,0.8046
2,2,2,3,17,3,5,0,,,0.3013,0.0
2,2,2,3,18,3,3,1,,,0.7146,0.0
2,2,2,3,19,1,1,1,,,0.4593,0.0
2,2,2,3,20,4,4,1,,,0.3115,0.0
2,2,2,3,21,6,6,1,,,0.7292,0.0
2,2,2,3,22,1,3,0,4,0,0.3452,0.5909
2,2,2,3,23,5,3,0,4,0,1.0411,0.001
2,2,2,3,24,5,4,0,,,0.7706,0.0
2,2,2,3,25,4,4,1,,,0.2207,0.0
2,2,2,3,26,5,5,1,,,0.2267,0.0
2,2,2,3,27,3,3,1,,,0.4874,0.0
2,2,2,3,28,6,6,1,,,0.1777,0.0
2,2,2,3,29,2,3,0,,,0.4724,0.0
2,2,2,3,30,6,6,1,,,0.2868,0.0
2,2,2,3,31,5,5,1,,,0.1457,0.0
2,2,2,3,32,6,6,1,,,0.6971,0.0
2,2,2,3,33,3,4,0,,,0.8271,0.0
2,2,2,3,34,2,2,1,,,0.3547,0.0
2,2,2,3,35,2,2,1,,,0.3065,0.0
2,2,2,3,36,5,5,1,,,0.1011,0.0
2,2,2,3,37,1,2,0,,,0.7672,0.0
2,2,2,3,38,2,2,1,,,0.6166,0.0
2,2,2,3,39,6,6,1,,,0.1741,0.0
2,2,2,3,40,3,5,0,,,0.3896,0.0
2,2,2,3,41,1,6,0,,,0.3664,0.0
2,2,2,3,42,6,6,1,,,0.0895,0.0
2,2,2,3,43,4,4,1,,,0.2285,0.0
2,2,2,3,44,4,4,1,,,0.8734,0.0
2,2,2,3,45,4,4,1,,,0.2119,0.0
2,2,2,3,46,2,2,1,,,0.2172,0.0
2,2,2,3,47,3,1,0,,,0.7507,0.0
2,2,2,3,48,5,4,0,,,0.569,0.0
2,2,2,3,49,4,5,0,,,0.9553,0.0
2,2,2,3,50,4,4,1,,,0.1742,0.0
2,2,2,4,1,2,2,1,,,0.3229,0.0
2,2,2,4,2,1,1,1,,,0.5163,0.0
2,2,2,4,3,6,6,1,,,0.0775,0.0
2,2,2,4,4,3,4,0,,,0.1534,0.0
2,2,2,4,5,3,6,0,,,0.5568,0.0
2,2,2,4,6,1,1,1,,,0.7673,0.0
2,2,2,4,7,6,6,1,,,0.1908,0.0
2,2,2,4,8,2,2,1,,,0.5333,0.0
2,2,2,4,9,1,1,1,,,0.8448,0.0
2,2,2,4,10,6,6,1,,,0.1539,0.0
2,2,2,4,11,1,6,0,,,0.2257,0.0
2,2,2,4,12,4,4,1,,,0.1607,0.0
2,2,2,4,13,5,6,0,,,0.1693,0.0
2,2,2,4,14,5,5,1,,,0.2673,0.0
2,2,2,4,15,3,3,1,,,0.3993,0.0
2,2,2,4,16,4,4,1,,,0.2686,0.0
2,2,2,4,17,3,6,0,5,0,0.384,0.1155
2,2,2,4,18,4,4,1,,,0.4084,0.0
2,2,2,4,19,1,4,0,,,0.6301,0.0
2,2,2,4,20,6,5,0,6,1,0.134,0.6752
2,2,2,4,21,4,3,0,,,0.3733,0.0
2,2,2,4,22,3,5,0,,,0.2719,0.0
2,2,2,4,23,5,4,0,,,0.4467,0.0
2,2,2,4,24,5,5,1,,,0.1019,0.0
2,2,2,4,25,2,2,1,,,0.2885,0.0
2,2,2,4,26,5,4,0,,,0.3068,0.0
2,2,2,4,27,5,5,1,,,0.1928,0.0
2,2,2,4,28,6,6,1,,,0.2309,0.0
2,2,2,4,29,5,5,1,,,0.2991,0.0
2,2,2,4,30,3,5,0,4,0,1.0373,0.7097
2,2,2,4,31,4,6,0,2,0,0.2585,1.2433
2,2,2,4,32,1,1,1,,,0.4503,0.0
2,2,2,4,33,2,2,1,,,0.4469,0.0
2,2,2,4,34,4,5,0,,,0.3626,0.0
2,2,2,4,35,5,1,0,,,0.6128,0.0
2,2,2,4,36,6,6,1,,,0.1326,0.0
2,2,2,4,37,2,2,1,,,0.4299,0.0
2,2,2,4,38,1,5,0,,,0.4906,0.0
2,2,2,4,39,6,6,1,,,0.2403,0.0
2,2,2,4,40,2,4,0,2,1,0.2281,0.9745
2,2,2,4,41,4,4,1,,,0.15,0.0
2,2,2,4,42,6,6,1,,,0.0011,0.0
2,2,2,4,43,1,1,1,,,0.3641,0.0
2,2,2,4,44,2,2,1,,,0.3787,0.0
2,2,2,4,45,2,4,0,2,1,0.2329,0.8189
2,2,2,4,46,3,3,1,,,0.5757,0.0
2,2,2,4,47,3,3,1,,,0.6628,0.0
2,2,2,4,48,6,6,1,,,0.3461,0.0
2,2,2,4,49,4,4,1,,,0.3453,0.0
2,2,2,4,50,6,3,0,,,0.4892,0.0
2,2,3,1,1,4,2,0,,,0.8241,0.0
2,2,3,1,2,2,2,1,,,0.2568,0.0
2,2,3,1,3,3,3,1,,,0.3882,0.0
2,2,3,1,4,5,4,0,,,0.5153,0.0
2,2,3,1,5,6,1,0,,,0.2959,0.0
2,2,3,1,6,5,2,0,,,0.6441,0.0
2,2,3,1,7,5,3,0,,,0.4508,0.0
2,2,3,1,8,6,6,1,,,0.1066,0.0
2,2,3,1,9,1,1,1,,,0.3406,0.0
2,2,3,1,10,2,2,1,,,0.3407,0.0
2,2,3,1,11,4,4,1,,,0.4217,0.0
2,2,3,1,12,2,2,1,,,0.2745,0.0
2,2,3,1,13,4,4,1,,,0.1977,0.0
2,2,3,1,14,4,4,1,,,0.1398,0.0
2,2,3,1,15,1,1,1,,,0.8213,0.0
2,2,3,1,16,3,4,0,,,0.2257,0.0
2,2,3,1,17,3,3,1,,,0.4494,0.0
2,2,3,1,18,6,6,1,,,0.366,0.0
2,2,3,1,19,5,5,1,,,0.62,0.0
2,2,3,1,20,3,4,0,,,0.37,0.0
2,2,3,1,21,4,4,1,,,0.1396,0.0
2,2,3,1,22,4,4,1,,,0.1488,0.0
2,2,3,1,23,1,4,0,,,0.1575,0.0
2,2,3,1,24,2,2,1,,,0.3044,0.0
2,2,3,1,25,2,2,1,,,0.355,0.0
2,2,3,1,26,4,4,1,,,0.1778,0.0
2,2,3,1,27,2,5,0,,,0.1534,0.0
2,2,3,1,28,5,5,1,,,0.3,0.0
2,2,3,1,29,1,3,0,,,0.3499,0.0
2,2,3,1,30,2,2,1,,,0.3774,0.0
2,2,3,1,31,5,5,1,,,0.3448,0.0
2,2,3,1,32,6,6,1,,,0.2967,0.0
2,2,3,1,33,3,3,1,,,0.587,0.0
2,2,3,1,34,6,6,1,,,0.241,0.0
2,2,3,1,35,6,1,0,,,0.709,0.0
2,2,3,1,36,4,4,1,,,0.0811,0.0
2,2,3,1,37,1,6,0,,,0.2208,0.0
2,2,3,1,38,6,6,1,,,0.0932,0.0
2,2,3,1,39,3,5,0,3,1,0.2314,0.9938
2,2,3,1,40,6,6,1,,,0.2316,0.0
2,2,3,1,41,5,5,1,,,0.141,0.0
2,2,3,1,42,2,2,1,,,0.485,0.0
2,2,3,1,43,3,3,1,,,0.3839,0.0
2,2,3,1,44,1,4,0,,,0.4935,0.0
2,2,3,1,45,6,6,1,,,0.0833,0.0
2,2,3,1,46,3,3,1,,,0.3186,0.0
2,2,3,1,47,6,6,1,,,0.0796,0.0
2,2,3,1,48,1,3,0,,,0.5695,0.0
2,2,3,1,49,5,4,0,,,0.2686,0.0
2,2,3,1,50,1,3,0,1,1,0.5708,0.8384
2,2,3,2,1,5,5,1,,,0.3529,0.0
2,2,3,2,2,5,5,1,,,0.0319,0.0
2,2,3,2,3,2,2,1,,,0.2209,0.0
2,2,3,2,4,2,2,1,,,0.1301,0.0
2,2,3,2,5,3,3,1,,,0.4437,0.0
2,2,3,2,6,6,6,1,,,0.1363,0.0
2,2,3,2,7,1,3,0,,,0.4161,0.0
2,2,3,2,8,6,4,0,3,0,0.425,0.4425
2,2,3,2,9,2,2,1,,,0.3054,0.0
2,2,3,2,10,6,3,0,,,0.2435,0.0
2,2,3,2,11,5,5,1,,,0.2116,0.0
2,2,3,2,12,1,1,1,,,0.3448,0.0
2,2,3,2,13,6,5,0,,,0.0011,0.0
2,2,3,2,14,6,6,1,,,0.1618,0.0
2,2,3,2,15,5,5,1,,,0.1531,0.0
2,2,3,2,16,3,1,0,,,0.3063,0.0
2,2,3,2,17,4,6,0,,,0.2547,0.0
2,2,3,2,18,3,3,1,,,0.4466,0.0
2,2,3,2,19,3,5,0,,,0.2508,0.0
2,2,3,2,20,4,6,0,3,0,0.2972,0.7854
2,2,3,2,21,1,3,0,,,0.6344,0.0
2,2,3,2,22,1,1,1,,,0.2337,0.0
2,2,3,2,23,3,4,0,,,0.2544,0.0
2,2,3,2,24,4,4,1,,,0.5095,0.0
2,2,3,2,25,1,1,1,,,0.5351,0.0
2,2,3,2,26,4,3,0,,,0.1597,0.0
2,2,3,2,27,5,5,1,,,0.0996,0.0
2,2,3,2,28,5,4,0,5,1,0.6703,0.5016
2,2,3,2,29,5,3,0,,,0.9429,0.0
2,2,3,2,30,1,5,0,,,0.7381,0.0
2,2,3,2,31,6,4,0,,,0.5247,0.0
2,2,3,2,32,6,6,1,,,0.2897,0.0
2,2,3,2,33,5,5,1,,,0.2275,0.0
2,2,3,2,34,6,6,1,,,0.6486,0.0
2,2,3,2,35,3,1,0,3,1,0.4125,0.5587
2,2,3,2,36,1,2,0,1,1,0.4541,0.6787
2,2,3,2,37,4,4,1,,,0.1215,0.0
2,2,3,2,38,6,6,1,,,0.0023,0.0
2,2,3,2,39,3,3,1,,,0.2087,0.0
2,2,3,2,40,1,4,0,,,0.1814,0.0
2,2,3,2,41,3,3,1,,,0.3122,0.0
2,2,3,2,42,4,5,0,,,0.2817,0.0
2,2,3,2,43,4,4,1,,,0.2484,0.0
2,2,3,2,44,2,2,1,,,0.3479,0.0
2,2,3,2,45,2,5,0,2,1,0.1555,1.1614
2,2,3,2,46,4,4,1,,,0.071,0.0
2,2,3,2,47,2,2,1,,,0.4662,0.0
2,2,3,2,48,6,6,1,,,0.0453,0.0
2,2,3,2,49,2,2,1,,,0.5697,0.0
2,2,3,2,50,2,5,0,4,0,0.2734,0.5209
2,2,3,3,1,4,4,1,,,0.587,0.0
2,2,3,3,2,5,4,0,,,0.1768,0.0
2,2,3,3,3,2,4,0,,,0.467,0.0
2,2,3,3,4,2,1,0,,,0.4097,0.0
2,2,3,3,5,6,5,0,4,0,0.13,0.6559
2,2,3,3,6,6,2,0,6,1,0.6233,0.2012
2,2,3,3,7,1,5,0,6,0,0.5754,0.4103
2,2,3,3,8,1,1,1,,,0.5313,0.0
2,2,3,3,9,6,6,1,,,0.092,0.0
2,2,3,3,10,3,3,1,,,0.5026,0.0
2,2,3,3,11,3,3,1,,,0.32,0.0
2,2,3,3,12,4,4,1,,,0.1449,0.0
2,2,3,3,13,2,2,1,,,0.5856,0.0
2,2,3,3,14,5,6,0,,,0.2401,0.0
2,2,3,3,15,1,1,1,,,0.2235,0.0
2,2,3,3,16,4,6,0,,,0.245,0.0
2,2,3,3,17,2,6,0,,,0.3726,0.0
2,2,3,3,18,6,6,1,,,0.3508,0.0
2,2,3,3,19,1,1,1,,,0.2391,0.0
2,2,3,3,20,2,2,1,,,0.1803,0.0
2,2,3,3,21,6,6,1,,,0.2339,0.0
2,2,3,3,22,1,6,0,,,0.4944,0.0
2,2,3,3,23,5,5,1,,,0.2768,0.0
2,2,3,3,24,3,5,0,1,0,0.4236,0.1376
2,2,3,3,25,6,6,1,,,0.0134,0.0
2,2,3,3,26,4,4,1,,,0.1875,0.0
2,2,3,3,27,5,5,1,,,0.114,0.0
2,2,3,3,28,2,5,0,,,0.0751,0.0
2,2,3,3,29,4,4,1,,,0.0971,0.0
2,2,3,3,30,2,2,1,,,0.6515,0.0
2,2,3,3,31,5,5,1,,,0.1423,0.0
2,2,3,3,32,1,1,1,,,0.2633,0.0
2,2,3,3,33,5,5,1,,,0.1068,0.0
2,2,3,3,34,6,6,1,,,0.1018,0.0
2,2,3,3,35,4,5,0,,,0.7837,0.0
2,2,3,3,36,3,4,0,,,0.1852,0.0
2,2,3,3,37,5,5,1,,,0.8433,0.0
2,2,3,3,38,3,6,0,,,0.2464,0.0
2,2,3,3,39,2,4,0,3,0,0.3742,0.6182
2,2,3,3,40,3,4,0,,,0.3788,0.0
2,2,3,3,41,1,1,1,,,0.5167,0.0
2,2,3,3,42,3,3,1,,,0.3334,0.0
2,2,3,3,43,1,3,0,,,0.7177,0.0
2,2,3,3,44,4,3,0,4,1,0.7139,0.7039
2,2,3,3,45,6,4,0,5,0,0.3054,0.3444
2,2,3,3,46,6,6,1,,,0.2119,0.0
2,2,3,3,47,6,5,0,,,0.3933,0.0
2,2,3,3,48,5,5,1,,,0.1301,0.0
2,2,3,3,49,4,4,1,,,0.1873,0.0
2,2,3,3,50,3,4,0,3,1,0.1298,0.4479
2,2,3,4,1,6,2,0,,,0.6332,0.0
2,2,3,4,2,2,1,0,4,0,0.3765,0.461
2,2,3,4,3,3,3,1,,,0.4034,0.0
2,2,3,4,4,6,1,0,,,0.6739,0.0
2,2,3,4,5,6,6,1,,,0.1275,0.0
2,2,3,4,6,1,6,0,,,0.6965,0.0
2,2,3,4,7,6,4,0,3,0,0.2615,0.8777
2,2,3,4,8,4,4,1,,,0.4838,0.0
2,2,3,4,9,4,4,1,,,0.1421,0.0
2,2,3,4,10,3,3,1,,,0.55,0.0
2,2,3,4,11,3,3,1,,,0.1741,0.0
2,2,3,4,12,1,3,0,1,1,0.8531,0.2611
2,2,3,4,13,6,6,1,,,0.2647,0.0
2,2,3,4,14,6,6,1,,,0.3483,0.0
2,2,3,4,15,2,2,1,,,0.4758,0.0
2,2,3,4,16,1,4,0,,,0.326,0.0
2,2,3,4,17,6,6,1,,,0.3064,0.0
2,2,3,4,18,3,6,0,3,1,0.2611,0.2382
2,2,3,4,19,3,2,0,4,0,0.8339,0.0997
2,2,3,4,20,5,5,1,,,0.1693,0.0
2,2,3,4,21,4,4,1,,,0.513,0.0
2,2,3,4,22,2,2,1,,,0.2008,0.0
2,2,3,4,23,4,4,1,,,0.5431,0.0
2,2,3,4,24,2,2,1,,,0.7109,0.0
2,2,3,4,25,1,4,0,,,0.5676,0.0
2,2,3,4,26,5,2,0,4,0,0.6984,0.4167
2,2,3,4,27,5,1,0,5,1,0.8091,0.2522
2,2,3,4,28,3,5,0,,,0.5444,0.0
2,2,3,4,29,5,5,1,,,0.4512,0.0
2,2,3,4,30,3,5,0,,,0.7987,0.0
2,2,3,4,31,2,2,1,,,0.3908,0.0
2,2,3,4,32,5,6,0,2,0,0.5179,0.3397
2,2,3,4,33,6,6,1,,,0.3362,0.0
2,2,3,4,34,6,6,1,,,0.2081,0.0
2,2,3,4,35,5,1,0,6,0,0.6456,0.1745
2,2,3,4,36,4,4,1,,,0.2259,0.0
2,2,3,4,37,5,2,0,,,0.4391,0.0
2,2,3,4,38,4,4,1,,,0.5597,0.0
2,2,3,4,39,2,2,1,,,0.3102,0.0
2,2,3,4,40,1,5,0,2,0,0.391,0.4422
2,2,3,4,41,1,6,0,,,0.2253,0.0
2,2,3,4,42,2,2,1,,,0.3377,0.0
2,2,3,4,43,4,4,1,,,0.3058,0.0
2,2,3,4,44,4,4,1,,,0.1484,0.0
2,2,3,4,45,6,4,0,,,0.4121,0.0
2,2,3,4,46,1,4,0,,,0.3243,0.0
2,2,3,4,47,2,2,1,,,0.2254,0.0
2,2,3,4,48,5,3,0,,,0.7578,0.0
2,2,3,4,49,3,4,0,,,0.3521,0.0
2,2,3,4,50,1,4,0,5,0,0.092,0.6994
2,2,4,1,1,3,4,0,,,0.3201,0.0
2,2,4,1,2,4,4,1,,,0.0614,0.0
2,2,4,1,3,4,6,0,,,0.3762,0.0
2,2,4,1,4,2,2,1,,,0.3701,0.0
2,2,4,1,5,5,2,0,,,0.5778,0.0
2,2,4,1,6,1,4,0,,,0.1153,0.0
2,2,4,1,7,6,6,1,,,0.1521,0.0
2,2,4,1,8,5,4,0,5,1,0.2245,0.9706
2,2,4,1,9,2,3,0,5,0,0.5776,0.3323
2,2,4,1,10,6,6,1,,,0.249,0.0
2,2,4,1,11,4,4,1,,,0.3012,0.0
2,2,4,1,12,2,2,1,,,0.3188,0.0
2,2,4,1,13,1,1,1,,,0.4962,0.0
2,2,4,1,14,2,2,1,,,0.1851,0.0
2,2,4,1,15,1,1,1,,,0.2878,0.0
2,2,4,1,16,1,1,1,,,0.1631,0.0
2,2,4,1,17,4,5,0,4,1,0.1224,0.6485
2,2,4,1,18,6,1,0,4,0,0.8123,0.222
2,2,4,1,19,5,4,0,,,0.1583,0.0
2,2,4,1,20,3,3,1,,,0.449,0.0
2,2,4,1,21,5,4,0,,,0.4614,0.0
2,2,4,1,22,1,1,1,,,0.436,0.0
2,2,4,1,23,6,6,1,,,0.0796,0.0
2,2,4,1,24,1,1,1,,,0.3468,0.0
2,2,4,1,25,1,1,1,,,0.3781,0.0
2,2,4,1,26,3,4,0,,,0.1058,0.0
2,2,4,1,27,4,4,1,,,0.1912,0.0
2,2,4,1,28,5,5,1,,,0.565,0.0
2,2,4,1,29,4,4,1,,,0.2206,0.0
2,2,4,1,30,6,6,1,,,0.1615,0.0
2,2,4,1,31,4,4,1,,,0.0736,0.0
2,2,4,1,32,6,6,1,,,0.1481,0.0
2,2,4,1,33,6,6,1,,,0.7004,0.0
2,2,4,1,34,2,1,0,,,0.2537,0.0
2,2,4,1,35,3,3,1,,,0.3337,0.0
2,2,4,1,36,3,1,0,,,0.6225,0.0
2,2,4,1,37,5,5,1,,,0.4461,0.0
2,2,4,1,38,2,4,0,,,0.4102,0.0
2,2,4,1,39,1,6,0,4,0,0.2271,0.4768
2,2,4,1,40,5,6,0,5,1,0.4353,0.0016
2,2,4,1,41,3,2,0,,,0.562,0.0
2,2,4,1,42,3,3,1,,,0.4679,0.0
2,2,4,1,43,6,3,0,4,0,0.4955,0.3184
2,2,4,1,44,6,6,1,,,0.3949,0.0
2,2,4,1,45,2,2,1,,,0.4567,0.0
2,2,4,1,46,4,3,0,4,1,0.5169,0.3069
2,2,4,1,47,6,6,1,,,0.4214,0.0
2,2,4,1,48,2,2,1,,,0.3546,0.0
2,2,4,1,49,5,2,0,,,0.8342,0.0
2,2,4,1,50,3,2,0,,,0.3933,0.0
2,2,4,2,1,4,2,0,4,1,0.7999,0.2109
2,2,4,2,2,4,4,1,,,0.2011,0.0
2,2,4,2,3,5,5,1,,,0.1262,0.0
2,2,4,2,4,2,2,1,,,0.4719,0.0
2,2,4,2,5,4,4,1,,,0.1779,0.0
2,2,4,2,6,6,5,0,4,0,0.1844,0.3082
2,2,4,2,7,1,2,0,4,0,0.4812,0.0009
2,2,4,2,8,3,1,0,,,0.603,0.0
2,2,4,2,9,6,6,1,,,0.0603,0.0
2,2,4,2,10,3,5,0,4,0,0.0553,0.8399
2,2,4,2,11,2,2,1,,,0.1912,0.0
2,2,4,2,12,6,6,1,,,0.1339,0.0
2,2,4,2,13,4,4,1,,,0.2229,0.0
2,2,4,2,14,5,5,1,,,0.1482,0.0
2,2,4,2,15,6,6,1,,,0.0014,0.0
2,2,4,2,16,6,6,1,,,0.123,0.0
2,2,4,2,17,4,4,1,,,0.1646,0.0
2,2,4,2,18,6,6,1,,,0.1715,0.0
2,2,4,2,19,5,5,1,,,0.2429,0.0
2,2,4,2,20,2,6,0,2,1,0.3421,0.4756
2,2,4,2,21,1,1,1,,,0.5022,0.0
2,2,4,2,22,1,2,0,,,0.6398,0.0
2,2,4,2,23,5,6,0,,,0.4471,0.0
2,2,4,2,24,3,3,1,,,0.439,0.0
2,2,4,2,25,6,6,1,,,0.2431,0.0
2,2,4,2,26,5,5,1,,,0.0868,0.0
2,2,4,2,27,2,2,1,,,0.3702,0.0
2,2,4,2,28,3,5,0,1,0,0.1127,1.0084
2,2,4,2,29,4,1,0,,,0.4966,0.0
2,2,4,2,30,5,5,1,,,0.0378,0.0
2,2,4,2,31,2,2,1,,,0.7229,0.0
2,2,4,2,32,3,3,1,,,0.6593,0.0
2,2,4,2,33,1,1,1,,,0.5514,0.0
2,2,4,2,34,1,5,0,,,0.3342,0.0
2,2,4,2,35,3,4,0,,,0.2829,0.0
2,2,4,2,36,5,5,1,,,0.1531,0.0
2,2,4,2,37,6,6,1,,,0.0813,0.0
2,2,4,2,38,3,3,1,,,0.4748,0.0
2,2,4,2,39,2,2,1,,,0.6942,0.0
2,2,4,2,40,4,4,1,,,0.4554,0.0
2,2,4,2,41,1,5,0,,,0.3069,0.0
2,2,4,2,42,6,6,1,,,0.1126,0.0
2,2,4,2,43,4,4,1,,,0.2024,0.0
2,2,4,2,44,1,6,0,,,0.3517,0.0
2,2,4,2,45,2,2,1,,,0.6028,0.0
2,2,4,2,46,3,6,0,,,0.3686,0.0
2,2,4,2,47,6,5,0,,,0.539,0.0
2,2,4,2,48,1,1,1,,,0.3509,0.0
2,2,4,2,49,2,2,1,,,0.5114,0.0
2,2,4,2,50,5,5,1,,,0.0393,0.0
2,2,4,3,1,6,6,1,,,0.1461,0.0
2,2,4,3,2,5,5,1,,,0.1385,0.0
2,2,4,3,3,3,3,1,,,0.6275,0.0
2,2,4,3,4,6,6,1,,,0.2319,0.0
2,2,4,3,5,1,1,1,,,0.8599,0.0
2,2,4,3,6,2,2,1,,,0.5025,0.0
2,2,4,3,7,4,4,1,,,0.1128,0.0
2,2,4,3,8,2,5,0,6,0,0.0258,0.4115
2,2,4,3,9,4,4,1,,,0.2928,0.0
2,2,4,3,10,5,5,1,,,0.0699,0.0
2,2,4,3,11,3,1,0,,,0.4181,0.0
2,2,4,3,12,3,6,0,,,0.1867,0.0
2,2,4,3,13,2,2,1,,,0.2847,0.0
2,2,4,3,14,1,4,0,,,0.2072,0.0
2,2,4,3,15,5,5,1,,,0.1767,0.0
2,2,4,3,16,5,3,0,,,0.5022,0.0
2,2,4,3,17,3,2,0,,,0.4443,0.0
2,2,4,3,18,1,1,1,,,0.6277,0.0
2,2,4,3,19,1,1,1,,,0.3914,0.0
2,2,4,3,20,1,2,0,1,1,0.8539,0.1974
2,2,4,3,21,3,3,1,,,0.2992,0.0
2,2,4,3,22,1,4,0,,,0.0295,0.0
2,2,4,3,23,5,6,0,,,0.4539,0.0
2,2,4,3,24,6,6,1,,,0.0773,0.0
2,2,4,3,25,6,6,1,,,0.2636,0.0
2,2,4,3,26,3,3,1,,,0.4591,0.0
2,2,4,3,27,3,4,0,,,0.7428,0.0
2,2,4,3,28,2,2,1,,,0.7545,0.0
2,2,4,3,29,1,6,0,,,0.1778,0.0
2,2,4,3,30,4,4,1,,,0.2111,0.0
2,2,4,3,31,5,5,1,,,0.0722,0.0
2,2,4,3,32,2,2,1,,,0.4042,0.0
2,2,4,3,33,6,6,1,,,0.0503,0.0
2,2,4,3,34,3,3,1,,,0.6387,0.0
2,2,4,3,35,2,2,1,,,0.4498,0.0
2,2,4,3,36,6,6,1,,,0.4466,0.0
2,2,4,3,37,4,3,0,2,0,0.8744,0.5206
2,2,4,3,38,6,6,1,,,0.0932,0.0
2,2,4,3,39,4,6,0,,,0.9035,0.0
2,2,4,3,40,6,3,0,,,0.7798,0.0
2,2,4,3,41,6,6,1,,,0.1819,0.0
2,2,4,3,42,4,4,1,,,0.2208,0.0
2,2,4,3,43,2,2,1,,,0.4017,0.0
2,2,4,3,44,4,4,1,,,0.5276,0.0
2,2,4,3,45,5,5,1,,,0.1355,0.0
2,2,4,3,46,5,2,0,4,0,0.4322,0.2576
2,2,4,3,47,1,4,0,5,0,0.3847,0.3564
2,2,4,3,48,2,2,1,,,0.2394,0.0
2,2,4,3,49,6,6,1,,,0.5484,0.0
2,2,4,3,50,4,4,1,,,0.204,0.0
2,2,4,4,1,5,5,1,,,0.3508,0.0
2,2,4,4,2,6,5,0,,,0.367,0.0
2,2,4,4,3,6,4,0,2,0,0.441,0.5704
2,2,4,4,4,6,6,1,,,0.4605,0.0
2,2,4,4,5,3,2,0,,,0.5198,0.0
2,2,4,4,6,6,6,1,,,0.5411,0.0
2,2,4,4,7,3,5,0,,,0.1639,0.0
2,2,4,4,8,3,5,0,,,0.3582,0.0
2,2,4,4,9,5,4,0,3,0,0.5623,0.4779
2,2,4,4,10,3,3,1,,,0.4039,0.0
2,2,4,4,11,1,1,1,,,0.4021,0.0
2,2,4,4,12,4,4,1,,,0.2231,0.0
2,2,4,4,13,5,2,0,5,1,0.6764,0.1729
2,2,4,4,14,3,3,1,,,0.4845,0.0
2,2,4,4,15,1,4,0,,,0.254,0.0
2,2,4,4,16,2,2,1,,,0.381,0.0
2,2,4,4,17,2,2,1,,,0.1886,0.0
2,2,4,4,18,4,4,1,,,0.5622,0.0
2,2,4,4,19,4,4,1,,,0.0418,0.0
2,2,4,4,20,2,2,1,,,0.2773,0.0
2,2,4,4,21,5,5,1,,,0.4718,0.0
2,2,4,4,22,1,4,0,3,0,0.2109,0.798
2,2,4,4,23,3,3,1,,,0.5026,0.0
2,2,4,4,24,4,4,1,,,0.3686,0.0
2,2,4,4,25,6,6,1,,,0.4307,0.0
2,2,4,4,26,1,4,0,,,0.636,0.0
2,2,4,4,27,4,4,1,,,0.1559,0.0
2,2,4,4,28,4,4,1,,,0.0675,0.0
2,2,4,4,29,4,4,1,,,0.0946,0.0
2,2,4,4,30,5,5,1,,,0.4249,0.0
2,2,4,4,31,6,6,1,,,0.5335,0.0
2,2,4,4,32,6,6,1,,,0.0616,0.0
2,2,4,4,33,2,6,0,2,1,0.5054,0.2161
2,2,4,4,34,5,4,0,5,1,1.0691,0.3567
2,2,4,4,35,3,3,1,,,0.4676,0.0
2,2,4,4,36,2,2,1,,,0.2866,0.0
2,2,4,4,37,1,3,0,,,0.3056,0.0
2,2,4,4,38,2,2,1,,,0.3824,0.0
2,2,4,4,39,6,6,1,,,0.27,0.0
2,2,4,4,40,6,4,0,,,0.336,0.0
2,2,4,4,41,2,2,1,,,0.396,0.0
2,2,4,4,42,6,6,1,,,0.1384,0.0
2,2,4,4,43,3,3,1,,,0.6427,0.0
2,2,4,4,44,2,2,1,,,0.3262,0.0
2,2,4,4,45,1,2,0,,,0.4876,0.0
2,2,4,4,46,1,4,0,,,0.5737,0.0
2,2,4,4,47,5,2,0,,,0.6869,0.0
2,2,4,4,48,1,1,1,,,0.3013,0.0
2,2,4,4,49,4,4,1,,,0.0466,0.0
2,2,4,4,50,5,6,0,,,0.2513,0.0
2,2,5,1,1,6,6,1,,,0.501,0.0
2,2,5,1,2,4,4,1,,,0.0798,0.0
2,2,5,1,3,4,3,0,,,0.426,0.0
2,2,5,1,4,1,6,0,,,0.0822,0.0
2,2,5,1,5,1,4,0,,,0.3603,0.0
2,2,5,1,6,4,4,1,,,0.1472,0.0
2,2,5,1,7,2,2,1,,,0.4592,0.0
2,2,5,1,8,5,5,1,,,0.2943,0.0
2,2,5,1,9,3,3,1,,,0.504,0.0
2,2,5,1,10,3,2,0,4,0,0.561,0.3975
2,2,5,1,11,2,2,1,,,0.3116,0.0
2,2,5,1,12,4,4,1,,,0.4238,0.0
2,2,5,1,13,1,1,1,,,0.3417,0.0
2,2,5,1,14,4,4,1,,,0.2302,0.0
2,2,5,1,15,6,1,0,,,0.4102,0.0
2,2,5,1,16,1,1,1,,,0.5464,0.0
2,2,5,1,17,6,4,0,5,0,0.5068,0.1048
2,2,5,1,18,6,6,1,,,0.2706,0.0
2,2,5,1,19,3,3,1,,,0.322,0.0
2,2,5,1,20,5,4,0,,,0.2106,0.0
2,2,5,1,21,3,3,1,,,0.6917,0.0
2,2,5,1,22,2,4,0,,,0.7734,0.0
2,2,5,1,23,1,3,0,,,0.4466,0.0
2,2,5,1,24,2,2,1,,,0.2779,0.0
2,2,5,1,25,5,4,0,1,0,0.4254,0.2981
2,2,5,1,26,6,6,1,,,0.1995,0.0
2,2,5,1,27,5,5,1,,,0.5095,0.0
2,2,5,1,28,1,1,1,,,0.4224,0.0
2,2,5,1,29,3,3,1,,,0.4351,0.0
2,2,5,1,30,5,5,1,,,0.2561,0.0
2,2,5,1,31,2,4,0,,,0.1636,0.0
2,2,5,1,32,5,5,1,,,0.582,0.0
2,2,5,1,33,5,5,1,,,0.7325,0.0
2,2,5,1,34,2,5,0,3,0,0.2364,0.2784
2,2,5,1,35,1,6,0,,,0.2286,0.0
2,2,5,1,36,4,4,1,,,0.228,0.0
2,2,5,1,37,6,2,0,,,0.9845,0.0
2,2,5,1,38,3,4,0,,,0.0417,0.0
2,2,5,1,39,3,5,0,,,0.5625,0.0
2,2,5,1,40,6,6,1,,,0.2607,0.0
2,2,5,1,41,6,6,1,,,0.0873,0.0
2,2,5,1,42,2,2,1,,,0.4499,0.0
2,2,5,1,43,1,4,0,,,0.4456,0.0
2,2,5,1,44,3,3,1,,,0.4372,0.0
2,2,5,1,45,2,2,1,,,0.6258,0.0
2,2,5,1,46,4,4,1,,,0.3419,0.0
2,2,5,1,47,6,6,1,,,0.3095,0.0
2,2,5,1,48,4,4,1,,,0.4386,0.0
2,2,5,1,49,5,5,1,,,0.3869,0.0
2,2,5,1,50,6,6,1,,,0.2417,0.0
2,2,5,2,1,6,6,1,,,0.4023,0.0
2,2,5,2,2,5,5,1,,,0.4643,0.0
2,2,5,2,3,2,2,1,,,0.2839,0.0
2,2,5,2,4,4,4,1,,,0.318,0.0
2,2,5,2,5,3,3,1,,,0.3831,0.0
2,2,5,2,6,3,2,0,,,0.4622,0.0
2,2,5,2,7,1,1,1,,,0.1805,0.0
2,2,5,2,8,5,5,1,,,0.1546,0.0
2,2,5,2,9,4,4,1,,,0.3712,0.0
2,2,5,2,10,1,4,0,,,0.4821,0.0
2,2,5,2,11,5,5,1,,,0.0567,0.0
2,2,5,2,12,5,5,1,,,0.2279,0.0
2,2,5,2,13,2,2,1,,,0.1693,0.0
2,2,5,2,14,2,2,1,,,0.4329,0.0
2,2,5,2,15,1,5,0,3,0,0.2682,0.389
2,2,5,2,16,6,6,1,,,0.2389,0.0
2,2,5,2,17,5,5,1,,,0.1631,0.0
2,2,5,2,18,6,5,0,,,0.2353,0.0
2,2,5,2,19,2,1,0,,,0.5544,0.0
2,2,5,2,20,3,3,1,,,0.526,0.0
2,2,5,2,21,6,6,1,,,0.1348,0.0
2,2,5,2,22,5,5,1,,,0.0943,0.0
2,2,5,2,23,4,4,1,,,0.8252,0.0
2,2,5,2,24,3,1,0,,,0.4373,0.0
2,2,5,2,25,1,1,1,,,0.1572,0.0
2,2,5,2,26,5,5,1,,,0.1329,0.0
2,2,5,2,27,3,3,1,,,0.6848,0.0
2,2,5,2,28,6,6,1,,,0.1906,0.0
2,2,5,2,29,2,2,1,,,0.5664,0.0
2,2,5,2,30,2,2,1,,,0.701,0.0
2,2,5,2,31,3,4,0,5,0,1.6938,0.2844
2,2,5,2,32,1,4,0,,,0.1545,0.0
2,2,5,2,33,6,5,0,6,1,0.141,0.4116
2,2,5,2,34,6,6,1,,,0.2169,0.0
2,2,5,2,35,1,6,0,,,0.2703,0.0
2,2,5,2,36,1,3,0,,,1.1321,0.0
2,2,5,2,37,2,5,0,,,0.1998,0.0
2,2,5,2,38,4,4,1,,,0.1214,0.0
2,2,5,2,39,5,5,1,,,0.7538,0.0
2,2,5,2,40,3,3,1,,,0.6102,0.0
2,2,5,2,41,2,2,1,,,0.4232,0.0
2,2,5,2,42,6,6,1,,,0.2439,0.0
2,2,5,2,43,3,3,1,,,0.3278,0.0
2,2,5,2,44,4,4,1,,,0.2328,0.0
2,2,5,2,45,6,4,0,3,0,0.1254,0.779
2,2,5,2,46,4,4,1,,,0.1485,0.0
2,2,5,2,47,6,3,0,,,0.5086,0.0
2,2,5,2,48,4,4,1,,,0.0649,0.0
2,2,5,2,49,1,1,1,,,0.3002,0.0
2,2,5,2,50,4,4,1,,,0.0785,0.0
2,2,5,3,1,2,1,0,2,1,0.5829,0.2903
2,2,5,3,2,5,4,0,,,0.2774,0.0
2,2,5,3,3,4,4,1,,,0.1154,0.0
2,2,5,3,4,1,1,1,,,0.5891,0.0
2,2,5,3,5,6,6,1,,,0.5465,0.0
2,2,5,3,6,4,4,1,,,0.2352,0.0
2,2,5,3,7,1,1,1,,,0.3032,0.0
2,2,5,3,8,6,3,0,,,0.5135,0.0
2,2,5,3,9,6,6,1,,,0.5172,0.0
2,2,5,3,10,4,4,1,,,0.1747,0.0
2,2,5,3,11,3,1,0,,,0.4378,0.0
2,2,5,3,12,4,4,1,,,0.2698,0.0
2,2,5,3,13,5,4,0,,,0.3683,0.0
2,2,5,3,14,6,6,1,,,0.1557,0.0
2,2,5,3,15,5,5,1,,,0.1154,0.0
2,2,5,3,16,6,3,0,,,0.7963,0.0
2,2,5,3,17,4,4,1,,,0.2774,0.0
2,2,5,3,18,1,3,0,,,0.6473,0.0
2,2,5,3,19,6,5,0,,,0.5033,0.0
2,2,5,3,20,3,3,1,,,0.2041,0.0
2,2,5,3,21,3,3,1,,,0.4018,0.0
2,2,5,3,22,6,4,0,,,0.6078,0.0
2,2,5,3,23,5,5,1,,,0.1595,0.0
2,2,5,3,24,3,4,0,,,0.4072,0.0
2,2,5,3,25,5,5,1,,,0.1924,0.0
2,2,5,3,26,6,6,1,,,0.295,0.0
2,2,5,3,27,1,4,0,,,0.361,0.0
2,2,5,3,28,3,3,1,,,0.6428,0.0
2,2,5,3,29,5,5,1,,,0.5345,0.0
2,2,5,3,30,5,5,1,,,0.0465,0.0
2,2,5,3,31,6,6,1,,,0.1717,0.0
2,2,5,3,32,2,2,1,,,0.2589,0.0
2,2,5,3,33,5,5,1,,,0.0061,0.0
2,2,5,3,34,2,2,1,,,0.6124,0.0
2,2,5,3,35,4,4,1,,,0.3287,0.0
2,2,5,3,36,2,2,1,,,0.2659,0.0
2,2,5,3,37,3,2,0,,,0.5245,0.0
2,2,5,3,38,6,6,1,,,0.6243,0.0
2,2,5,3,39,2,2,1,,,0.2604,0.0
2,2,5,3,40,1,1,1,,,0.6636,0.0
2,2,5,3,41,1,1,1,,,0.6992,0.0
2,2,5,3,42,2,2,1,,,0.2843,0.0
2,2,5,3,43,1,1,1,,,0.8154,0.0
2,2,5,3,44,2,2,1,,,0.4753,0.0
2,2,5,3,45,1,1,1,,,0.3897,0.0
2,2,5,3,46,3,3,1,,,0.3715,0.0
2,2,5,3,47,3,3,1,,,0.2748,0.0
2,2,5,3,48,4,4,1,,,0.2773,0.0
2,2,5,3,49,4,4,1,,,0.3283,0.0
2,2,5,3,50,2,5,0,,,0.1849,0.0
2,2,5,4,1,5,5,1,,,0.1998,0.0
2,2,5,4,2,6,6,1,,,0.3339,0.0
2,2,5,4,3,5,5,1,,,0.1755,0.0
2,2,5,4,4,1,4,0,,,0.2132,0.0
2,2,5,4,5,3,4,0,,,0.0381,0.0
2,2,5,4,6,4,4,1,,,0.0626,0.0
2,2,5,4,7,3,6,0,,,0.2505,0.0
2,2,5,4,8,2,2,1,,,0.3773,0.0
2,2,5,4,9,2,2,1,,,0.2315,0.0
2,2,5,4,10,3,6,0,,,0.2361,0.0
2,2,5,4,11,1,1,1,,,0.7159,0.0
2,2,5,4,12,6,3,0,,,0.4132,0.0
2,2,5,4,13,2,2,1,,,0.3094,0.0
2,2,5,4,14,6,4,0,,,0.3743,0.0
2,2,5,4,15,6,1,0,4,0,0.7208,0.2779
2,2,5,4,16,1,6,0,5,0,0.26,0.3332
2,2,5,4,17,6,6,1,,,0.4251,0.0
2,2,5,4,18,4,4,1,,,0.1647,0.0
2,2,5,4,19,4,4,1,,,0.1729,0.0
2,2,5,4,20,1,1,1,,,0.4837,0.0
2,2,5,4,21,3,3,1,,,0.5423,0.0
2,2,5,4,22,1,4,0,,,0.2929,0.0
2,2,5,4,23,4,4,1,,,0.0502,0.0
2,2,5,4,24,3,5,0,,,0.1913,0.0
2,2,5,4,25,6,6,1,,,0.2243,0.0
2,2,5,4,26,3,4,0,3,1,0.2293,0.5426
2,2,5,4,27,2,2,1,,,0.5985,0.0
2,2,5,4,28,2,2,1,,,0.1558,0.0
2,2,5,4,29,6,4,0,,,0.2919,0.0
2,2,5,4,30,1,1,1,,,0.433,0.0
2,2,5,4,31,2,1,0,,,0.3341,0.0
2,2,5,4,32,5,5,1,,,0.2488,0.0
2,2,5,4,33,5,5,1,,,0.0932,0.0
2,2,5,4,34,6,6,1,,,0.1198,0.0
2,2,5,4,35,5,5,1,,,0.1937,0.0
2,2,5,4,36,3,1,0,,,0.6313,0.0
2,2,5,4,37,5,5,1,,,0.1669,0.0
2,2,5,4,38,4,4,1,,,0.2062,0.0
2,2,5,4,39,6,5,0,,,0.0832,0.0
2,2,5,4,40,4,4,1,,,0.0736,0.0
2,2,5,4,41,5,3,0,4,0,0.9169,0.4508
2,2,5,4,42,1,6,0,,,0.1546,0.0
2,2,5,4,43,2,3,0,4,0,0.9575,0.4092
2,2,5,4,44,4,4,1,,,0.1787,0.0
2,2,5,4,45,3,6,0,2,0,1.1285,0.2059
2,2,5,4,46,6,3,0,,,0.2866,0.0
2,2,5,4,47,2,2,1,,,0.3003,0.0
2,2,5,4,48,4,4,1,,,0.1418,0.0
2,2,5,4,49,5,3,0,,,1.1262,0.0
2,2,5,4,50,1,4,0,,,0.4811,0.0
2,3,1,1,1,5,5,1,,,0.1438,0.0
2,3,1,1,2,6,6,1,,,0.0406,0.0
2,3,1,1,3,5,3,0,,,0.6616,0.0
2,3,1,1,4,6,5,0,,,0.3228,0.0
2,3,1,1,5,3,3,1,,,0.1603,0.0
2,3,1,1,6,5,6,0,5,1,0.7121,0.2696
2,3,1,1,7,2,4,0,,,0.2255,0.0
2,3,1,1,8,6,5,0,,,0.0973,0.0
2,3,1,1,9,2,1,0,,,0.1517,0.0
2,3,1,1,10,4,5,0,4,1,0.4426,0.4277
2,3,1,1,11,4,4,1,,,0.0406,0.0
2,3,1,1,12,5,5,1,,,0.0542,0.0
2,3,1,1,13,6,6,1,,,0.2578,0.0
2,3,1,1,14,4,4,1,,,0.0702,0.0
2,3,1,1,15,2,2,1,,,0.5454,0.0
2,3,1,1,16,3,3,1,,,0.362,0.0
2,3,1,1,17,1,5,0,,,0.0976,0.0
2,3,1,1,18,2,2,1,,,0.6867,0.0
2,3,1,1,19,3,3,1,,,0.321,0.0
2,3,1,1,20,3,3,1,,,0.0826,0.0
2,3,1,1,21,2,2,1,,,0.2539,0.0
2,3,1,1,22,1,4,0,3,0,0.1294,0.5278
2,3,1,1,23,2,2,1,,,0.5322,0.0
2,3,1,1,24,3,3,1,,,0.4919,0.0
2,3,1,1,25,6,6,1,,,0.1023,0.0
2,3,1,1,26,6,3,0,5,0,0.5606,0.3808
2,3,1,1,27,6,6,1,,,0.1674,0.0
2,3,1,1,28,6,6,1,,,0.0778,0.0
2,3,1,1,29,4,4,1,,,0.2184,0.0
2,3,1,1,30,1,2,0,,,0.2876,0.0
2,3,1,1,31,3,5,0,,,0.2209,0.0
2,3,1,1,32,1,1,1,,,0.3976,0.0
2,3,1,1,33,1,1,1,,,0.2203,0.0
2,3,1,1,34,1,1,1,,,0.0652,0.0
2,3,1,1,35,3,3,1,,,0.1571,0.0
2,3,1,1,36,4,4,1,,,0.037,0.0
2,3,1,1,37,5,5,1,,,0.5614,0.0
2,3,1,1,38,5,5,1,,,0.0887,0.0
2,3,1,1,39,4,3,0,,,0.4525,0.0
2,3,1,1,40,1,1,1,,,0.5547,0.0
2,3,1,1,41,1,6,0,,,0.0505,0.0
2,3,1,1,42,4,4,1,,,0.314,0.0
2,3,1,1,43,6,6,1,,,0.0592,0.0
2,3,1,1,44,2,2,1,,,0.1837,0.0
2,3,1,1,45,3,6,0,5,0,0.542,0.1553
2,3,1,1,46,5,5,1,,,0.5268,0.0
2,3,1,1,47,4,4,1,,,0.0875,0.0
2,3,1,1,48,6,5,0,,,0.2751,0.0
2,3,1,1,49,2,3,0,4,0,0.4498,0.5145
2,3,1,1,50,5,5,1,,,0.3908,0.0
2,3,1,2,1,3,3,1,,,0.9627,0.0
2,3,1,2,2,2,2,1,,,0.2825,0.0
2,3,1,2,3,2,2,1,,,0.2208,0.0
2,3,1,2,4,5,5,1,,,0.0507,0.0
2,3,1,2,5,6,2,0,,,0.3673,0.0
2,3,1,2,6,6,5,0,,,0.2168,0.0
2,3,1,2,7,5,4,0,,,0.1542,0.0
2,3,1,2,8,2,2,1,,,0.333,0.0
2,3,1,2,9,6,6,1,,,0.1898,0.0
2,3,1,2,10,2,5,0,,,0.2612,0.0
2,3,1,2,11,3,3,1,,,0.18,0.0
2,3,1,2,12,5,5,1,,,0.1061,0.0
2,3,1,2,13,3,1,0,6,0,0.8361,0.4366
2,3,1,2,14,1,4,0,5,0,0.1567,0.8414
2,3,1,2,15,1,3,0,1,1,0.6095,0.123
2,3,1,2,16,6,5,0,6,1,0.1653,0.3531
2,3,1,2,17,5,5,1,,,0.1291,0.0
2,3,1,2,18,3,3,1,,,0.6182,0.0
2,3,1,2,19,1,4,0,,,0.3827,0.0
2,3,1,2,20,4,4,1,,,0.1209,0.0
2,3,1,2,21,4,4,1,,,0.0827,0.0
2,3,1,2,22,4,4,1,,,0.0768,0.0
2,3,1,2,23,4,4,1,,,0.4564,0.0
2,3,1,2,24,6,6,1,,,0.084,0.0
2,3,1,2,25,1,4,0,,,0.5272,0.0
2,3,1,2,26,1,4,0,,,0.4514,0.0
2,3,1,2,27,1,5,0,,,0.2675,0.0
2,3,1,2,28,4,6,0,3,0,0.3452,0.2706
2,3,1,2,29,2,5,0,,,0.877,0.0
2,3,1,2,30,1,1,1,,,0.2278,0.0
2,3,1,2,31,5,5,1,,,0.2331,0.0
2,3,1,2,32,5,5,1,,,0.0296,0.0
2,3,1,2,33,6,6,1,,,0.0752,0.0
2,3,1,2,34,6,6,1,,,0.23,0.0
2,3,1,2,35,5,6,0,5,1,0.3784,0.0629
2,3,1,2,36,2,4,0,5,0,0.3619,0.4147
2,3,1,2,37,6,6,1,,,0.2799,0.0
2,3,1,2,38,4,4,1,,,0.2023,0.0
2,3,1,2,39,2,2,1,,,0.2394,0.0
2,3,1,2,40,4,4,1,,,0.0851,0.0
2,3,1,2,41,6,6,1,,,0.2707,0.0
2,3,1,2,42,5,6,0,,,0.2588,0.0
2,3,1,2,43,3,3,1,,,0.3854,0.0
2,3,1,2,44,2,2,1,,,0.5121,0.0
2,3,1,2,45,3,3,1,,,0.7306,0.0
2,3,1,2,46,6,6,1,,,0.1707,0.0
2,3,1,2,47,4,4,1,,,0.146,0.0
2,3,1,2,48,3,3,1,,,0.4578,0.0
2,3,1,2,49,1,4,0,,,0.4056,0.0
2,3,1,2,50,3,3,1,,,0.2233,0.0
2,3,1,3,1,4,4,1,,,0.2098,0.0
2,3,1,3,2,4,4,1,,,0.0011,0.0
2,3,1,3,3,6,6,1,,,0.4381,0.0
2,3,1,3,4,6,6,1,,,0.0184,0.0
2,3,1,3,5,6,6,1,,,0.1442,0.0
2,3,1,3,6,5,1,0,,,0.8248,0.0
2,3,1,3,7,5,3,0,4,0,0.3059,0.0074
2,3,1,3,8,6,5,0,,,0.3052,0.0
2,3,1,3,9,3,3,1,,,0.3345,0.0
2,3,1,3,10,4,4,1,,,0.3362,0.0
2,3,1,3,11,2,2,1,,,0.1761,0.0
2,3,1,3,12,2,2,1,,,0.2155,0.0
2,3,1,3,13,5,3,0,,,0.5254,0.0
2,3,1,3,14,1,4,0,,,0.3375,0.0
2,3,1,3,15,2,2,1,,,0.1257,0.0
2,3,1,3,16,5,5,1,,,0.4709,0.0
2,3,1,3,17,3,3,1,,,0.3055,0.0
2,3,1,3,18,3,3,1,,,0.132,0.0
2,3,1,3,19,4,4,1,,,0.0009,0.0
2,3,1,3,20,4,4,1,,,0.1872,0.0
2,3,1,3,21,6,2,0,4,0,0.3529,0.1655
2,3,1,3,22,3,3,1,,,0.4887,0.0
2,3,1,3,23,1,2,0,,,0.2276,0.0
2,3,1,3,24,6,6,1,,,0.8831,0.0
2,3,1,3,25,6,5,0,,,0.3492,0.0
2,3,1,3,26,2,2,1,,,0.1689,0.0
2,3,1,3,27,3,3,1,,,0.5765,0.0
2,3,1,3,28,5,4,0,,,0.3428,0.0
2,3,1,3,29,2,4,0,6,0,0.2751,0.5864
2,3,1,3,30,1,6,0,,,0.2688,0.0
2,3,1,3,31,3,5,0,,,0.2516,0.0
2,3,1,3,32,1,1,1,,,0.9549,0.0
2,3,1,3,33,2,2,1,,,0.0975,0.0
2,3,1,3,34,3,3,1,,,1.0842,0.0
2,3,1,3,35,6,6,1,,,0.1096,0.0
2,3,1,3,36,1,6,0,,,0.0233,0.0
2,3,1,3,37,5,3,0,,,0.369,0.0
2,3,1,3,38,2,2,1,,,0.2672,0.0
2,3,1,3,39,1,1,1,,,0.4309,0.0
2,3,1,3,40,2,2,1,,,0.1552,0.0
2,3,1,3,41,4,4,1,,,0.0987,0.0
2,3,1,3,42,1,1,1,,,0.6213,0.0
2,3,1,3,43,3,5,0,,,0.578,0.0
2,3,1,3,44,5,1,0,3,0,0.2122,0.4311
2,3,1,3,45,4,3,0,,,0.5983,0.0
2,3,1,3,46,6,5,0,,,0.295,0.0
2,3,1,3,47,6,6,1,,,0.0531,0.0
2,3,1,3,48,5,5,1,,,0.1294,0.0
2,3,1,3,49,1,1,1,,,0.1702,0.0
2,3,1,3,50,4,2,0,4,1,0.625,0.5709
2,3,1,4,1,3,4,0,3,1,0.8797,0.527
2,3,1,4,2,4,4,1,,,0.0874,0.0
2,3,1,4,3,1,5,0,,,0.1788,0.0
2,3,1,4,4,6,1,0,,,0.4044,0.0
2,3,1,4,5,2,2,1,,,0.2382,0.0
2,3,1,4,6,1,1,1,,,0.5152,0.0
2,3,1,4,7,6,3,0,,,0.4438,0.0
2,3,1,4,8,2,2,1,,,0.2591,0.0
2,3,1,4,9,1,1,1,,,0.4553,0.0
2,3,1,4,10,5,5,1,,,0.2751,0.0
2,3,1,4,11,3,3,1,,,0.5661,0.0
2,3,1,4,12,6,6,1,,,0.1417,0.0
2,3,1,4,13,3,4,0,,,0.2295,0.0
2,3,1,4,14,5,2,0,,,0.6303,0.0
2,3,1,4,15,2,2,1,,,0.342,0.0
2,3,1,4,16,6,6,1,,,0.0382,0.0
2,3,1,4,17,1,1,1,,,0.3715,0.0
2,3,1,4,18,4,3,0,,,0.2418,0.0
2,3,1,4,19,2,1,0,,,0.2098,0.0
2,3,1,4,20,5,1,0,,,1.0919,0.0
2,3,1,4,21,6,2,0,5,0,1.2656,0.4171
2,3,1,4,22,3,4,0,2,0,0.1691,0.0852
2,3,1,4,23,1,1,1,,,0.5231,0.0
2,3,1,4,24,2,4,0,2,1,0.613,0.7824
2,3,1,4,25,3,3,1,,,0.3169,0.0
2,3,1,4,26,5,6,0,,,0.414,0.0
2,3,1,4,27,1,1,1,,,0.3104,0.0
2,3,1,4,28,4,4,1,,,0.328,0.0
2,3,1,4,29,5,5,1,,,0.5537,0.0
2,3,1,4,30,1,1,1,,,0.1765,0.0
2,3,1,4,31,2,2,1,,,0.2488,0.0
2,3,1,4,32,3,3,1,,,0.6841,0.0
2,3,1,4,33,6,1,0,,,0.478,0.0
2,3,1,4,34,3,5,0,4,0,0.4686,0.5639
2,3,1,4,35,4,4,1,,,0.0864,0.0
2,3,1,4,36,6,1,0,2,0,0.4807,0.897
2,3,1,4,37,6,6,1,,,0.6455,0.0
2,3,1,4,38,2,2,1,,,0.6495,0.0
2,3,1,4,39,4,4,1,,,0.1084,0.0
2,3,1,4,40,4,4,1,,,0.2146,0.0
2,3,1,4,41,4,4,1,,,0.1246,0.0
2,3,1,4,42,3,3,1,,,0.4852,0.0
2,3,1,4,43,5,5,1,,,0.8801,0.0
2,3,1,4,44,4,4,1,,,0.2336,0.0
2,3,1,4,45,5,5,1,,,0.5747,0.0
2,3,1,4,46,2,2,1,,,0.3579,0.0
2,3,1,4,47,1,1,1,,,0.2138,0.0
2,3,1,4,48,6,6,1,,,0.2181,0.0
2,3,1,4,49,5,5,1,,,0.4642,0.0
2,3,1,4,50,6,6,1,,,0.4754,0.0
2,3,2,1,1,1,5,0,2,0,0.8698,0.3084
2,3,2,1,2,1,4,0,,,0.4017,0.0
2,3,2,1,3,2,2,1,,,0.2833,0.0
2,3,2,1,4,2,2,1,,,0.2694,0.0
2,3,2,1,5,1,6,0,1,1,0.5448,0.1418
2,3,2,1,6,3,3,1,,,0.6475,0.0
2,3,2,1,7,6,6,1,,,0.1058,0.0
2,3,2,1,8,3,4,0,5,0,0.5323,0.6417
2,3,2,1,9,6,6,1,,,0.21,0.0
2,3,2,1,10,2,2,1,,,0.2158,0.0
2,3,2,1,11,6,6,1,,,0.2853,0.0
2,3,2,1,12,1,1,1,,,0.7839,0.0
2,3,2,1,13,5,5,1,,,0.1256,0.0
2,3,2,1,14,6,6,1,,,0.0875,0.0
2,3,2,1,15,3,3,1,,,0.5619,0.0
2,3,2,1,16,6,6,1,,,0.2169,0.0
2,3,2,1,17,6,6,1,,,0.2377,0.0
2,3,2,1,18,4,4,1,,,0.2426,0.0
2,3,2,1,19,2,2,1,,,0.2962,0.0
2,3,2,1,20,5,5,1,,,0.233,0.0
2,3,2,1,21,4,4,1,,,0.1587,0.0
2,3,2,1,22,1,1,1,,,0.7588,0.0
2,3,2,1,23,5,5,1,,,0.15,0.0
2,3,2,1,24,1,3,0,,,0.3815,0.0
2,3,2,1,25,1,1,1,,,0.3118,0.0
2,3,2,1,26,3,4,0,,,0.3608,0.0
2,3,2,1,27,5,5,1,,,0.2916,0.0
2,3,2,1,28,4,4,1,,,0.1984,0.0
2,3,2,1,29,4,4,1,,,0.2205,0.0
2,3,2,1,30,4,4,1,,,0.2254,0.0
2,3,2,1,31,3,3,1,,,0.6785,0.0
2,3,2,1,32,5,5,1,,,0.2972,0.0
2,3,2,1,33,4,4,1,,,0.1862,0.0
2,3,2,1,34,3,3,1,,,0.2251,0.0
2,3,2,1,35,6,3,0,4,0,0.4064,0.1688
2,3,2,1,36,5,4,0,,,0.6524,0.0
2,3,2,1,37,2,2,1,,,0.6674,0.0
2,3,2,1,38,6,6,1,,,0.1095,0.0
2,3,2,1,39,5,6,0,5,1,0.1356,0.0852
2,3,2,1,40,6,6,1,,,0.0958,0.0
2,3,2,1,41,4,4,1,,,0.154,0.0
2,3,2,1,42,3,3,1,,,0.4506,0.0
2,3,2,1,43,2,2,1,,,0.3985,0.0
2,3,2,1,44,3,5,0,,,0.2835,0.0
2,3,2,1,45,2,2,1,,,0.3456,0.0
2,3,2,1,46,4,4,1,,,0.2819,0.0
2,3,2,1,47,1,6,0,5,0,0.636,1.4769
2,3,2,1,48,5,5,1,,,0.1309,0.0
2,3,2,1,49,2,2,1,,,0.6356,0.0
2,3,2,1,50,6,6,1,,,0.4163,0.0
2,3,2,2,1,6,5,0,,,0.2024,0.0
2,3,2,2,2,5,5,1,,,0.1083,0.0
2,3,2,2,3,5,5,1,,,0.2304,0.0
2,3,2,2,4,2,2,1,,,0.3156,0.0
2,3,2,2,5,2,3,0,,,0.6677,0.0
2,3,2,2,6,5,5,1,,,0.0418,0.0
2,3,2,2,7,2,2,1,,,0.2315,0.0
2,3,2,2,8,1,1,1,,,0.3637,0.0
2,3,2,2,9,6,5,0,,,0.0591,0.0
2,3,2,2,10,1,3,0,,,0.531,0.0
2,3,2,2,11,1,1,1,,,0.502,0.0
2,3,2,2,12,6,5,0,,,0.2715,0.0
2,3,2,2,13,4,3,0,,,0.4624,0.0
2,3,2,2,14,5,5,1,,,0.101,0.0
2,3,2,2,15,4,2,0,,,0.5761,0.0
2,3,2,2,16,2,2,1,,,0.1938,0.0
2,3,2,2,17,6,6,1,,,0.1208,0.0
2,3,2,2,18,3,3,1,,,1.5537,0.0
2,3,2,2,19,6,1,0,,,0.8319,0.0
2,3,2,2,20,5,5,1,,,0.1035,0.0
2,3,2,2,21,5,5,1,,,0.226,0.0
2,3,2,2,22,6,6,1,,,0.8554,0.0
2,3,2,2,23,6,6,1,,,0.1943,0.0
2,3,2,2,24,4,5,0,6,0,0.3292,0.2384
2,3,2,2,25,5,5,1,,,0.7508,0.0
2,3,2,2,26,3,3,1,,,0.9577,0.0
2,3,2,2,27,6,6,1,,,0.2138,0.0
2,3,2,2,28,4,6,0,,,0.2663,0.0
2,3,2,2,29,6,6,1,,,0.1208,0.0
2,3,2,2,30,1,1,1,,,0.3707,0.0
2,3,2,2,31,3,5,0,,,0.1776,0.0
2,3,2,2,32,6,6,1,,,0.0998,0.0
2,3,2,2,33,1,1,1,,,0.3019,0.0
2,3,2,2,34,5,5,1,,,0.1277,0.0
2,3,2,2,35,2,6,0,3,0,0.3447,0.4302
2,3,2,2,36,4,4,1,,,0.2625,0.0
2,3,2,2,37,1,3,0,,,0.3455,0.0
2,3,2,2,38,2,2,1,,,0.4847,0.0
2,3,2,2,39,3,3,1,,,0.2552,0.0
2,3,2,2,40,4,5,0,,,0.0826,0.0
2,3,2,2,41,3,5,0,,,0.409,0.0
2,3,2,2,42,2,2,1,,,0.3227,0.0
2,3,2,2,43,1,5,0,,,0.2754,0.0
2,3,2,2,44,4,4,1,,,0.2429,0.0
2,3,2,2,45,4,6,0,4,1,0.2313,0.2733
2,3,2,2,46,3,2,0,,,0.228,0.0
2,3,2,2,47,3,6,0,,,0.1168,0.0
2,3,2,2,48,3,3,1,,,0.6012,0.0
2,3,2,2,49,2,2,1,,,0.2073,0.0
2,3,2,2,50,1,3,0,,,0.2615,0.0
2,3,2,3,1,2,2,1,,,0.2738,0.0
2,3,2,3,2,5,5,1,,,0.5164,0.0
2,3,2,3,3,3,3,1,,,0.3334,0.0
2,3,2,3,4,6,5,0,6,1,0.35,0.3234
2,3,2,3,5,6,6,1,,,0.037,0.0
2,3,2,3,6,6,5,0,,,0.1291,0.0
2,3,2,3,7,4,4,1,,,0.085,0.0
2,3,2,3,8,6,5,0,,,0.0639,0.0
2,3,2,3,9,3,3,1,,,0.696,0.0
2,3,2,3,10,5,5,1,,,0.1529,0.0
2,3,2,3,11,1,6,0,,,0.8171,0.0
2,3,2,3,12,3,3,1,,,0.2174,0.0
2,3,2,3,13,2,2,1,,,0.2218,0.0
2,3,2,3,14,6,6,1,,,0.1317,0.0
2,3,2,3,15,6,6,1,,,0.2367,0.0
2,3,2,3,16,1,1,1,,,0.4655,0.0
2,3,2,3,17,6,5,0,,,0.0765,0.0
2,3,2,3,18,5,1,0,,,0.9304,0.0
2,3,2,3,19,3,5,0,,,0.2615,0.0
2,3,2,3,20,2,5,0,,,0.4847,0.0
2,3,2,3,21,2,2,1,,,0.2503,0.0
2,3,2,3,22,6,4,0,,,0.4305,0.0
2,3,2,3,23,4,2,0,,,0.1502,0.0
2,3,2,3,24,5,5,1,,,0.2813,0.0
2,3,2,3,25,2,2,1,,,0.1561,0.0
2,3,2,3,26,1,1,1,,,0.2286,0.0
2,3,2,3,27,3,4,0,,,0.0726,0.0
2,3,2,3,28,4,4,1,,,0.016,0.0
2,3,2,3,29,5,3,0,4,0,0.1415,0.5234
2,3,2,3,30,3,3,1,,,0.5587,0.0
2,3,2,3,31,6,5,0,,,0.3594,0.0
2,3,2,3,32,3,4,0,1,0,0.0184,0.7878
2,3,2,3,33,1,1,1,,,0.366,0.0
2,3,2,3,34,1,1,1,,,0.1726,0.0
2,3,2,3,35,5,5,1,,,0.6124,0.0
2,3,2,3,36,4,4,1,,,0.0579,0.0
2,3,2,3,37,2,2,1,,,0.2132,0.0
2,3,2,3,38,2,2,1,,,0.1552,0.0
2,3,2,3,39,4,4,1,,,0.1795,0.0
2,3,2,3,40,1,3,0,,,0.8743,0.0
2,3,2,3,41,4,4,1,,,0.1761,0.0
2,3,2,3,42,2,2,1,,,0.2476,0.0
2,3,2,3,43,5,5,1,,,0.1231,0.0
2,3,2,3,44,4,4,1,,,0.1969,0.0
2,3,2,3,45,1,3,0,,,0.4591,0.0
2,3,2,3,46,3,4,0,,,0.2572,0.0
2,3,2,3,47,6,4,0,,,0.3056,0.0
2,3,2,3,48,4,4,1,,,0.0307,0.0
2,3,2,3,49,5,5,1,,,0.315,0.0
2,3,2,3,50,1,4,0,3,0,0.3962,0.2878
2,3,2,4,1,4,4,1,,,0.1556,0.0
2,3,2,4,2,1,4,0,,,0.1797,0.0
2,3,2,4,3,2,4,0,,,0.1331,0.0
2,3,2,4,4,4,4,1,,,0.0011,0.0
2,3,2,4,5,1,4,0,,,0.0727,0.0
2,3,2,4,6,6,6,1,,,0.0308,0.0
2,3,2,4,7,5,3,0,,,0.6508,0.0
2,3,2,4,8,2,2,1,,,0.1858,0.0
2,3,2,4,9,6,3,0,,,0.2891,0.0
2,3,2,4,10,1,6,0,,,0.4785,0.0
2,3,2,4,11,5,5,1,,,0.4042,0.0
2,3,2,4,12,3,4,0,3,1,0.1785,0.3027
2,3,2,4,13,3,3,1,,,0.2092,0.0
2,3,2,4,14,2,2,1,,,0.3262,0.0
2,3,2,4,15,2,2,1,,,0.3275,0.0
2,3,2,4,16,2,2,1,,,0.2646,0.0
2,3,2,4,17,1,4,0,3,0,0.3793,0.672
2,3,2,4,18,6,4,0,,,0.9259,0.0
2,3,2,4,19,6,6,1,,,0.0332,0.0
2,3,2,4,20,6,2,0,,,1.1022,0.0
2,3,2,4,21,5,4,0,,,0.5707,0.0
2,3,2,4,22,3,3,1,,,0.5095,0.0
2,3,2,4,23,3,2,0,,,0.8389,0.0
2,3,2,4,24,3,3,1,,,0.4147,0.0
2,3,2,4,25,6,6,1,,,0.2671,0.0
2,3,2,4,26,4,4,1,,,0.0009,0.0
2,3,2,4,27,4,4,1,,,0.0296,0.0
2,3,2,4,28,5,5,1,,,0.2657,0.0
2,3,2,4,29,2,2,1,,,0.1736,0.0
2,3,2,4,30,3,3,1,,,0.6285,0.0
2,3,2,4,31,5,5,1,,,0.1844,0.0
2,3,2,4,32,2,5,0,3,0,0.0962,0.3038
2,3,2,4,33,1,1,1,,,0.2843,0.0
2,3,2,4,34,4,4,1,,,0.063,0.0
2,3,2,4,35,2,2,1,,,0.2828,0.0
2,3,2,4,36,6,6,1,,,0.3177,0.0
2,3,2,4,37,5,5,1,,,0.2068,0.0
2,3,2,4,38,4,4,1,,,0.0851,0.0
2,3,2,4,39,1,4,0,,,0.6868,0.0
2,3,2,4,40,3,2,0,,,0.4612,0.0
2,3,2,4,41,6,6,1,,,0.3869,0.0
2,3,2,4,42,3,3,1,,,0.5302,0.0
2,3,2,4,43,4,4,1,,,0.001,0.0
2,3,2,4,44,1,1,1,,,0.1846,0.0
2,3,2,4,45,4,4,1,,,0.1266,0.0
2,3,2,4,46,1,4,0,,,0.4714,0.0
2,3,2,4,47,6,5,0,6,1,0.0629,0.5914
2,3,2,4,48,6,6,1,,,0.6136,0.0
2,3,2,4,49,5,5,1,,,0.042,0.0
2,3,2,4,50,5,5,1,,,0.5996,0.0
2,3,3,1,1,2,2,1,,,0.2352,0.0
2,3,3,1,2,2,4,0,,,0.0787,0.0
2,3,3,1,3,5,5,1,,,0.1979,0.0
2,3,3,1,4,6,3,0,,,0.7793,0.0
2,3,3,1,5,3,3,1,,,0.7416,0.0
2,3,3,1,6,1,1,1,,,0.7248,0.0
2,3,3,1,7,3,2,0,,,0.8532,0.0
2,3,3,1,8,5,3,0,,,0.8126,0.0
2,3,3,1,9,4,6,0,4,1,0.0209,0.001
2,3,3,1,10,1,1,1,,,1.3169,0.0
2,3,3,1,11,4,4,1,,,0.0774,0.0
2,3,3,1,12,2,2,1,,,0.216,0.0
2,3,3,1,13,3,3,1,,,0.1733,0.0
2,3,3,1,14,5,5,1,,,0.0848,0.0
2,3,3,1,15,1,3,0,4,0,0.6553,0.1195
2,3,3,1,16,2,2,1,,,0.6522,0.0
2,3,3,1,17,3,3,1,,,0.4327,0.0
2,3,3,1,18,3,3,1,,,0.1243,0.0
2,3,3,1,19,2,4,0,,,0.2626,0.0
2,3,3,1,20,2,2,1,,,0.5815,0.0
2,3,3,1,21,6,6,1,,,0.235,0.0
2,3,3,1,22,1,4,0,,,0.2071,0.0
2,3,3,1,23,6,6,1,,,0.3533,0.0
2,3,3,1,24,6,4,0,,,0.353,0.0
2,3,3,1,25,5,6,0,5,1,0.5241,0.2178
2,3,3,1,26,4,4,1,,,0.1279,0.0
2,3,3,1,27,4,4,1,,,0.1045,0.0
2,3,3,1,28,1,1,1,,,0.6258,0.0
2,3,3,1,29,6,5,0,,,0.2947,0.0
2,3,3,1,30,2,3,0,4,0,0.6932,0.6998
2,3,3,1,31,3,5,0,,,0.2637,0.0
2,3,3,1,32,3,3,1,,,0.7594,0.0
2,3,3,1,33,3,3,1,,,0.5658,0.0
2,3,3,1,34,6,6,1,,,0.0934,0.0
2,3,3,1,35,6,6,1,,,0.1832,0.0
2,3,3,1,36,1,4,0,,,0.0774,0.0
2,3,3,1,37,2,5,0,2,1,0.181,0.256
2,3,3,1,38,5,6,0,5,1,0.1158,1.331
2,3,3,1,39,6,5,0,,,0.2673,0.0
2,3,3,1,40,5,5,1,,,0.0737,0.0
2,3,3,1,41,6,5,0,,,0.0849,0.0
2,3,3,1,42,6,6,1,,,0.0591,0.0
2,3,3,1,43,1,4,0,1,1,0.0714,0.5353
2,3,3,1,44,5,5,1,,,0.208,0.0
2,3,3,1,45,1,1,1,,,0.5979,0.0
2,3,3,1,46,4,4,1,,,0.059,0.0
2,3,3,1,47,4,4,1,,,0.0009,0.0
2,3,3,1,48,4,4,1,,,0.005,0.0
2,3,3,1,49,4,5,0,2,0,0.9792,0.2543
2,3,3,1,50,5,5,1,,,0.4136,0.0
2,3,3,2,1,2,2,1,,,0.3131,0.0
2,3,3,2,2,2,2,1,,,0.001,0.0
2,3,3,2,3,4,4,1,,,0.0246,0.0
2,3,3,2,4,2,2,1,,,0.6785,0.0
2,3,3,2,5,5,5,1,,,0.0885,0.0
2,3,3,2,6,1,1,1,,,0.483,0.0
2,3,3,2,7,6,6,1,,,0.3334,0.0
2,3,3,2,8,3,3,1,,,0.1896,0.0
2,3,3,2,9,6,6,1,,,0.0529,0.0
2,3,3,2,10,1,3,0,,,0.3369,0.0
2,3,3,2,11,4,4,1,,,0.0443,0.0
2,3,3,2,12,4,4,1,,,0.1524,0.0
2,3,3,2,13,4,4,1,,,0.0009,0.0
2,3,3,2,14,3,3,1,,,0.5113,0.0
2,3,3,2,15,4,4,1,,,0.0887,0.0
2,3,3,2,16,6,6,1,,,0.1785,0.0
2,3,3,2,17,5,5,1,,,0.0579,0.0
2,3,3,2,18,2,2,1,,,0.4534,0.0
2,3,3,2,19,1,1,1,,,0.4336,0.0
2,3,3,2,20,6,2,0,4,0,0.5736,0.7139
2,3,3,2,21,6,5,0,,,0.1172,0.0
2,3,3,2,22,1,5,0,4,0,0.3313,0.3682
2,3,3,2,23,4,4,1,,,0.2034,0.0
2,3,3,2,24,3,3,1,,,0.1613,0.0
2,3,3,2,25,3,3,1,,,0.4405,0.0
2,3,3,2,26,1,1,1,,,0.5642,0.0
2,3,3,2,27,6,3,0,,,0.5879,0.0
2,3,3,2,28,6,6,1,,,0.0617,0.0
2,3,3,2,29,2,2,1,,,0.3442,0.0
2,3,3,2,30,6,6,1,,,0.0406,0.0
2,3,3,2,31,4,4,1,,,0.1808,0.0
2,3,3,2,32,5,3,0,,,0.6036,0.0
2,3,3,2,33,2,2,1,,,0.109,0.0
2,3,3,2,34,5,5,1,,,0.3107,0.0
2,3,3,2,35,6,6,1,,,0.0887,0.0
2,3,3,2,36,1,1,1,,,0.3547,0.0
2,3,3,2,37,5,5,1,,,0.0346,0.0
2,3,3,2,38,1,1,1,,,0.4635,0.0
2,3,3,2,39,3,5,0,,,0.8744,0.0
2,3,3,2,40,3,2,0,5,0,0.336,0.1655
2,3,3,2,41,4,4,1,,,0.0085,0.0
2,3,3,2,42,3,4,0,,,0.5825,0.0
2,3,3,2,43,1,1,1,,,0.3927,0.0
2,3,3,2,44,2,2,1,,,0.2624,0.0
2,3,3,2,45,5,5,1,,,0.6183,0.0
2,3,3,2,46,6,1,0,,,0.9105,0.0
2,3,3,2,47,5,5,1,,,0.2584,0.0
2,3,3,2,48,5,3,0,5,1,0.5024,0.6287
2,3,3,2,49,3,3,1,,,0.3619,0.0
2,3,3,2,50,2,2,1,,,0.2013,0.0
2,3,3,3,1,6,6,1,,,0.0925,0.0
2,3,3,3,2,2,2,1,,,0.5186,0.0
2,3,3,3,3,4,4,1,,,0.1278,0.0
2,3,3,3,4,4,5,0,4,1,0.5526,0.5489
2,3,3,3,5,5,1,0,,,0.6361,0.0
2,3,3,3,6,5,5,1,,,0.2033,0.0
2,3,3,3,7,4,5,0,2,0,0.2102,0.8449
2,3,3,3,8,3,1,0,,,0.4196,0.0
2,3,3,3,9,5,5,1,,,0.0123,0.0
2,3,3,3,10,2,2,1,,,0.1379,0.0
2,3,3,3,11,5,5,1,,,0.0009,0.0
2,3,3,3,12,3,3,1,,,0.5451,0.0
2,3,3,3,13,5,5,1,,,0.0246,0.0
2,3,3,3,14,5,5,1,,,0.001,0.0
2,3,3,3,15,6,6,1,,,0.2121,0.0
2,3,3,3,16,3,3,1,,,0.3447,0.0
2,3,3,3,17,2,2,1,,,0.5369,0.0
2,3,3,3,18,2,2,1,,,0.0973,0.0
2,3,3,3,19,3,3,1,,,0.2833,0.0
2,3,3,3,20,4,4,1,,,0.1416,0.0
2,3,3,3,21,6,1,0,,,0.7433,0.0
2,3,3,3,22,6,6,1,,,0.0651,0.0
2,3,3,3,23,5,5,1,,,0.0935,0.0
2,3,3,3,24,4,4,1,,,0.1995,0.0
2,3,3,3,25,6,6,1,,,0.2373,0.0
2,3,3,3,26,4,2,0,,,0.5618,0.0
2,3,3,3,27,3,3,1,,,0.6927,0.0
2,3,3,3,28,6,6,1,,,0.0061,0.0
2,3,3,3,29,1,1,1,,,0.565,0.0
2,3,3,3,30,3,5,0,,,0.2841,0.0
2,3,3,3,31,6,5,0,,,0.3136,0.0
2,3,3,3,32,2,3,0,,,0.7266,0.0
2,3,3,3,33,1,2,0,,,0.8342,0.0
2,3,3,3,34,1,6,0,,,0.4417,0.0
2,3,3,3,35,6,6,1,,,0.2414,0.0
2,3,3,3,36,2,2,1,,,0.4052,0.0
2,3,3,3,37,4,4,1,,,0.1635,0.0
2,3,3,3,38,1,1,1,,,0.4108,0.0
2,3,3,3,39,1,1,1,,,0.1688,0.0
2,3,3,3,40,2,3,0,1,0,0.8956,0.3988
2,3,3,3,41,5,5,1,,,0.1037,0.0
2,3,3,3,42,6,6,1,,,0.5456,0.0
2,3,3,3,43,6,6,1,,,0.1529,0.0
2,3,3,3,44,1,1,1,,,0.2732,0.0
2,3,3,3,45,1,1,1,,,0.053,0.0
2,3,3,3,46,1,4,0,,,0.4329,0.0
2,3,3,3,47,2,2,1,,,0.345,0.0
2,3,3,3,48,4,2,0,,,0.185,0.0
2,3,3,3,49,3,1,0,,,0.5551,0.0
2,3,3,3,50,3,3,1,,,0.5412,0.0
2,3,3,4,1,2,2,1,,,0.1479,0.0
2,3,3,4,2,5,5,1,,,0.059,0.0
2,3,3,4,3,5,6,0,,,0.3266,0.0
2,3,3,4,4,4,5,0,,,0.0036,0.0
2,3,3,4,5,3,3,1,,,0.5725,0.0
2,3,3,4,6,3,6,0,,,0.1317,0.0
2,3,3,4,7,6,6,1,,,0.1193,0.0
2,3,3,4,8,6,6,1,,,0.497,0.0
2,3,3,4,9,4,5,0,,,0.1545,0.0
2,3,3,4,10,3,6,0,,,0.654,0.0
2,3,3,4,11,4,5,0,,,0.1082,0.0
2,3,3,4,12,3,6,0,,,0.1614,0.0
2,3,3,4,13,6,5,0,,,0.4207,0.0
2,3,3,4,14,1,1,1,,,0.3175,0.0
2,3,3,4,15,6,6,1,,,0.1419,0.0
2,3,3,4,16,5,5,1,,,0.1023,0.0
2,3,3,4,17,2,2,1,,,1.0887,0.0
2,3,3,4,18,3,5,0,,,0.0346,0.0
2,3,3,4,19,1,1,1,,,0.2183,0.0
2,3,3,4,20,5,5,1,,,0.0159,0.0
2,3,3,4,21,1,5,0,,,0.4299,0.0
2,3,3,4,22,6,3,0,,,0.6936,0.0
2,3,3,4,23,3,3,1,,,0.4664,0.0
2,3,3,4,24,6,4,0,,,0.2866,0.0
2,3,3,4,25,1,5,0,,,0.0443,0.0
2,3,3,4,26,4,4,1,,,0.2442,0.0
2,3,3,4,27,2,2,1,,,0.3605,0.0
2,3,3,4,28,4,3,0,,,0.4406,0.0
2,3,3,4,29,6,2,0,,,0.7362,0.0
2,3,3,4,30,6,6,1,,,0.7311,0.0
2,3,3,4,31,5,5,1,,,0.0751,0.0
2,3,3,4,32,2,4,0,,,0.3436,0.0
2,3,3,4,33,3,3,1,,,0.5781,0.0
2,3,3,4,34,6,6,1,,,0.1687,0.0
2,3,3,4,35,3,3,1,,,0.624,0.0
2,3,3,4,36,2,2,1,,,0.9174,0.0
2,3,3,4,37,5,5,1,,,0.174,0.0
2,3,3,4,38,4,4,1,,,0.037,0.0
2,3,3,4,39,1,6,0,,,0.0814,0.0
2,3,3,4,40,1,1,1,,,0.6961,0.0
2,3,3,4,41,5,5,1,,,0.1378,0.0
2,3,3,4,42,1,3,0,,,0.7861,0.0
2,3,3,4,43,6,6,1,,,0.7794,0.0
2,3,3,4,44,4,4,1,,,0.2181,0.0
2,3,3,4,45,4,4,1,,,0.3352,0.0
2,3,3,4,46,1,2,0,,,0.208,0.0
2,3,3,4,47,2,2,1,,,0.272,0.0
2,3,3,4,48,2,2,1,,,0.372,0.0
2,3,3,4,49,5,3,0,,,0.3072,0.0
2,3,3,4,50,2,2,1,,,0.1269,0.0
2,3,4,1,1,5,5,1,,,0.3783,0.0
2,3,4,1,2,1,4,0,,,0.2489,0.0
2,3,4,1,3,1,3,0,1,1,0.8721,0.2634
2,3,4,1,4,4,4,1,,,0.011,0.0
2,3,4,1,5,3,4,0,3,1,0.1367,0.2618
2,3,4,1,6,5,5,1,,,0.0737,0.0
2,3,4,1,7,6,6,1,,,0.4851,0.0
2,3,4,1,8,4,6,0,2,0,0.5434,0.0284
2,3,4,1,9,5,3,0,,,0.4529,0.0
2,3,4,1,10,3,4,0,,,0.3325,0.0
2,3,4,1,11,1,1,1,,,0.52,0.0
2,3,4,1,12,6,5,0,6,1,0.3216,0.1035
2,3,4,1,13,6,3,0,6,1,0.4975,0.1293
2,3,4,1,14,2,2,1,,,0.2658,0.0
2,3,4,1,15,4,6,0,,,0.0923,0.0
2,3,4,1,16,6,6,1,,,0.6749,0.0
2,3,4,1,17,3,3,1,,,0.2125,0.0
2,3,4,1,18,3,3,1,,,0.3145,0.0
2,3,4,1,19,5,5,1,,,0.0009,0.0
2,3,4,1,20,5,5,1,,,0.122,0.0
2,3,4,1,21,2,3,0,2,1,0.8189,0.0998
2,3,4,1,22,1,1,1,,,0.6541,0.0
2,3,4,1,23,1,1,1,,,0.8336,0.0
2,3,4,1,24,3,3,1,,,0.3653,0.0
2,3,4,1,25,2,2,1,,,0.3656,0.0
2,3,4,1,26,4,4,1,,,0.4276,0.0
2,3,4,1,27,6,3,0,4,0,0.1526,0.5979
2,3,4,1,28,5,3,0,,,0.6939,0.0
2,3,4,1,29,6,6,1,,,0.243,0.0
2,3,4,1,30,4,4,1,,,0.0874,0.0
2,3,4,1,31,2,2,1,,,0.3706,0.0
2,3,4,1,32,1,4,0,,,0.0665,0.0
2,3,4,1,33,3,3,1,,,0.5525,0.0
2,3,4,1,34,2,5,0,,,0.4488,0.0
2,3,4,1,35,1,1,1,,,0.1035,0.0
2,3,4,1,36,5,5,1,,,0.0812,0.0
2,3,4,1,37,5,5,1,,,0.0764,0.0
2,3,4,1,38,6,6,1,,,0.2475,0.0
2,3,4,1,39,3,3,1,,,0.4589,0.0
2,3,4,1,40,2,3,0,,,0.8547,0.0
2,3,4,1,41,4,4,1,,,0.3812,0.0
2,3,4,1,42,4,4,1,,,0.0592,0.0
2,3,4,1,43,1,4,0,,,0.6147,0.0
2,3,4,1,44,2,2,1,,,0.4874,0.0
2,3,4,1,45,3,2,0,,,0.3375,0.0
2,3,4,1,46,4,4,1,,,0.5414,0.0
2,3,4,1,47,6,6,1,,,0.2132,0.0
2,3,4,1,48,6,4,0,,,0.507,0.0
2,3,4,1,49,6,3,0,,,0.5911,0.0
2,3,4,1,50,2,4,0,2,1,0.1602,0.3491
2,3,4,2,1,1,1,1,,,0.3302,0.0
2,3,4,2,2,3,3,1,,,0.2987,0.0
2,3,4,2,3,3,3,1,,,0.429,0.0
2,3,4,2,4,5,5,1,,,0.0011,0.0
2,3,4,2,5,4,4,1,,,0.1357,0.0
2,3,4,2,6,3,4,0,,,0.1281,0.0
2,3,4,2,7,4,4,1,,,0.6925,0.0
2,3,4,2,8,6,6,1,,,0.0862,0.0
2,3,4,2,9,6,6,1,,,0.0647,0.0
2,3,4,2,10,5,5,1,,,0.0442,0.0
2,3,4,2,11,4,4,1,,,0.1045,0.0
2,3,4,2,12,2,2,1,,,0.2266,0.0
2,3,4,2,13,4,4,1,,,0.0008,0.0
2,3,4,2,14,2,2,1,,,0.4222,0.0
2,3,4,2,15,5,5,1,,,0.2424,0.0
2,3,4,2,16,6,6,1,,,0.0382,0.0
2,3,4,2,17,3,4,0,,,0.2279,0.0
2,3,4,2,18,1,1,1,,,0.835,0.0
2,3,4,2,19,1,6,0,,,0.624,0.0
2,3,4,2,20,3,3,1,,,0.3827,0.0
2,3,4,2,21,5,5,1,,,0.1095,0.0
2,3,4,2,22,1,2,0,,,0.4711,0.0
2,3,4,2,23,6,6,1,,,0.0135,0.0
2,3,4,2,24,2,2,1,,,0.2995,0.0
2,3,4,2,25,1,1,1,,,0.3493,0.0
2,3,4,2,26,4,4,1,,,0.2042,0.0
2,3,4,2,27,6,3,0,,,0.8024,0.0
2,3,4,2,28,2,2,1,,,0.347,0.0
2,3,4,2,29,4,3,0,1,0,0.5226,0.2648
2,3,4,2,30,2,2,1,,,0.1517,0.0
2,3,4,2,31,2,2,1,,,0.0789,0.0
2,3,4,2,32,5,5,1,,,0.2341,0.0
2,3,4,2,33,3,4,0,5,0,0.3673,0.8192
2,3,4,2,34,6,6,1,,,0.4753,0.0
2,3,4,2,35,6,4,0,,,0.3741,0.0
2,3,4,2,36,2,2,1,,,0.3201,0.0
2,3,4,2,37,1,1,1,,,0.4807,0.0
2,3,4,2,38,4,4,1,,,0.2835,0.0
2,3,4,2,39,3,3,1,,,0.2058,0.0
2,3,4,2,40,1,6,0,,,0.1157,0.0
2,3,4,2,41,4,4,1,,,0.1375,0.0
2,3,4,2,42,2,2,1,,,0.3702,0.0
2,3,4,2,43,1,1,1,,,0.3531,0.0
2,3,4,2,44,6,6,1,,,0.1924,0.0
2,3,4,2,45,6,6,1,,,0.001,0.0
2,3,4,2,46,5,4,0,,,0.3403,0.0
2,3,4,2,47,6,4,0,,,0.3043,0.0
2,3,4,2,48,5,5,1,,,0.4628,0.0
2,3,4,2,49,5,5,1,,,0.1368,0.0
2,3,4,2,50,3,4,0,,,0.5624,0.0
2,3,4,3,1,3,1,0,,,0.4496,0.0
2,3,4,3,2,3,3,1,,,0.6497,0.0
2,3,4,3,3,2,4,0,2,1,0.1885,0.1835
2,3,4,3,4,6,6,1,,,0.1583,0.0
2,3,4,3,5,1,2,0,,,0.247,0.0
2,3,4,3,6,3,6,0,3,1,0.0061,0.2172
2,3,4,3,7,2,2,1,,,0.2543,0.0
2,3,4,3,8,3,2,0,3,1,0.147,0.096
2,3,4,3,9,5,5,1,,,0.218,0.0
2,3,4,3,10,6,6,1,,,0.0161,0.0
2,3,4,3,11,2,2,1,,,0.4926,0.0
2,3,4,3,12,3,3,1,,,0.3913,0.0
2,3,4,3,13,6,4,0,,,0.7094,0.0
2,3,4,3,14,6,6,1,,,0.0506,0.0
2,3,4,3,15,6,5,0,,,0.4151,0.0
2,3,4,3,16,2,4,0,,,0.3113,0.0
2,3,4,3,17,1,1,1,,,0.5636,0.0
2,3,4,3,18,5,5,1,,,0.3782,0.0
2,3,4,3,19,5,2,0,4,0,0.5045,0.3433
2,3,4,3,20,5,5,1,,,0.819,0.0
2,3,4,3,21,1,4,0,,,0.5585,0.0
2,3,4,3,22,6,6,1,,,0.1615,0.0
2,3,4,3,23,3,5,0,,,0.3126,0.0
2,3,4,3,24,4,4,1,,,0.325,0.0
2,3,4,3,25,5,5,1,,,0.2931,0.0
2,3,4,3,26,2,2,1,,,0.7919,0.0
2,3,4,3,27,5,5,1,,,0.0702,0.0
2,3,4,3,28,1,1,1,,,0.448,0.0
2,3,4,3,29,4,4,1,,,0.1877,0.0
2,3,4,3,30,3,3,1,,,0.7233,0.0
2,3,4,3,31,1,1,1,,,0.4191,0.0
2,3,4,3,32,4,4,1,,,0.1613,0.0
2,3,4,3,33,2,2,1,,,0.7599,0.0
2,3,4,3,34,4,4,1,,,0.0073,0.0
2,3,4,3,35,4,4,1,,,0.0009,0.0
2,3,4,3,36,6,3,0,,,0.6262,0.0
2,3,4,3,37,4,4,1,,,0.0184,0.0
2,3,4,3,38,2,5,0,,,0.3843,0.0
2,3,4,3,39,5,6,0,,,0.09,0.0
2,3,4,3,40,5,4,0,3,0,0.7039,0.1181
2,3,4,3,41,1,4,0,,,0.7312,0.0
2,3,4,3,42,6,6,1,,,0.1502,0.0
2,3,4,3,43,2,2,1,,,0.2541,0.0
2,3,4,3,44,6,4,0,,,0.1146,0.0
2,3,4,3,45,4,5,0,1,0,0.5681,0.4671
2,3,4,3,46,4,4,1,,,0.2174,0.0
2,3,4,3,47,1,3,0,,,0.2706,0.0
2,3,4,3,48,1,1,1,,,0.7336,0.0
2,3,4,3,49,6,4,0,,,0.2536,0.0
2,3,4,3,50,3,1,0,3,1,0.5258,0.0751
2,3,4,4,1,6,6,1,,,0.1159,0.0
2,3,4,4,2,1,1,1,,,0.1577,0.0
2,3,4,4,3,4,5,0,,,0.1971,0.0
2,3,4,4,4,6,4,0,,,0.4547,0.0
2,3,4,4,5,5,5,1,,,0.2218,0.0
2,3,4,4,6,3,3,1,,,0.5784,0.0
2,3,4,4,7,5,5,1,,,0.4898,0.0
2,3,4,4,8,2,2,1,,,0.2911,0.0
2,3,4,4,9,6,4,0,,,0.6939,0.0
2,3,4,4,10,1,5,0,6,0,0.1307,0.4331
2,3,4,4,11,5,5,1,,,0.3775,0.0
2,3,4,4,12,4,4,1,,,0.503,0.0
2,3,4,4,13,3,4,0,,,0.1608,0.0
2,3,4,4,14,5,4,0,6,0,0.6281,0.4774
2,3,4,4,15,2,2,1,,,0.2277,0.0
2,3,4,4,16,6,6,1,,,0.4877,0.0
2,3,4,4,17,1,1,1,,,0.499,0.0
2,3,4,4,18,3,2,0,,,0.3485,0.0
2,3,4,4,19,6,1,0,5,0,0.7437,0.5723
2,3,4,4,20,2,2,1,,,0.3501,0.0
2,3,4,4,21,4,4,1,,,0.127,0.0
2,3,4,4,22,1,5,0,1,1,0.6951,0.7498
2,3,4,4,23,2,2,1,,,0.7495,0.0
2,3,4,4,24,2,2,1,,,0.3972,0.0
2,3,4,4,25,3,3,1,,,0.7146,0.0
2,3,4,4,26,2,2,1,,,0.1713,0.0
2,3,4,4,27,4,2,0,5,0,0.5796,0.0781
2,3,4,4,28,5,3,0,5,1,0.6288,0.0147
2,3,4,4,29,5,4,0,5,1,0.3962,0.2559
2,3,4,4,30,6,3,0,,,0.5959,0.0
2,3,4,4,31,1,4,0,,,1.1243,0.0
2,3,4,4,32,2,2,1,,,0.1912,0.0
2,3,4,4,33,6,3,0,,,0.5509,0.0
2,3,4,4,34,6,6,1,,,0.0009,0.0
2,3,4,4,35,4,2,0,6,0,0.3438,0.3164
2,3,4,4,36,3,3,1,,,0.2971,0.0
2,3,4,4,37,6,6,1,,,0.0431,0.0
2,3,4,4,38,1,1,1,,,0.2637,0.0
2,3,4,4,39,4,4,1,,,0.0431,0.0
2,3,4,4,40,1,1,1,,,0.3117,0.0
2,3,4,4,41,4,4,1,,,0.6657,0.0
2,3,4,4,42,4,4,1,,,0.0603,0.0
2,3,4,4,43,3,3,1,,,0.1354,0.0
2,3,4,4,44,5,5,1,,,0.7523,0.0
2,3,4,4,45,2,2,1,,,0.6566,0.0
2,3,4,4,46,3,3,1,,,0.4509,0.0
2,3,4,4,47,6,6,1,,,0.9116,0.0
2,3,4,4,48,1,1,1,,,0.2153,0.0
2,3,4,4,49,5,4,0,5,1,1.3566,0.3761
2,3,4,4,50,3,3,1,,,0.1665,0.0
2,3,5,1,1,1,3,0,,,0.363,0.0
2,3,5,1,2,6,6,1,,,0.0222,0.0
2,3,5,1,3,4,4,1,,,0.0665,0.0
2,3,5,1,4,5,5,1,,,0.0628,0.0
2,3,5,1,5,6,5,0,4,0,0.2332,0.3563
2,3,5,1,6,2,2,1,,,0.2548,0.0
2,3,5,1,7,6,4,0,6,1,0.3231,0.1688
2,3,5,1,8,2,2,1,,,0.416,0.0
2,3,5,1,9,3,3,1,,,0.3496,0.0
2,3,5,1,10,4,4,1,,,0.0776,0.0
2,3,5,1,11,4,4,1,,,0.0009,0.0
2,3,5,1,12,3,4,0,,,0.4697,0.0
2,3,5,1,13,4,4,1,,,0.0445,0.0
2,3,5,1,14,4,3,0,4,1,0.5216,0.0702
2,3,5,1,15,6,4,0,,,0.0345,0.0
2,3,5,1,16,5,5,1,,,0.1232,0.0
2,3,5,1,17,5,5,1,,,0.0677,0.0
2,3,5,1,18,6,4,0,,,0.6878,0.0
2,3,5,1,19,6,5,0,,,0.0009,0.0
2,3,5,1,20,3,4,0,6,0,0.7585,1.0029
2,3,5,1,21,1,4,0,,,0.3312,0.0
2,3,5,1,22,5,5,1,,,0.6314,0.0
2,3,5,1,23,6,6,1,,,0.0763,0.0
2,3,5,1,24,2,5,0,2,1,0.0701,0.2466
2,3,5,1,25,3,3,1,,,0.2827,0.0
2,3,5,1,26,5,5,1,,,0.0134,0.0
2,3,5,1,27,3,3,1,,,0.5066,0.0
2,3,5,1,28,1,1,1,,,0.2755,0.0
2,3,5,1,29,2,2,1,,,0.23,0.0
2,3,5,1,30,3,3,1,,,0.5228,0.0
2,3,5,1,31,6,6,1,,,0.2266,0.0
2,3,5,1,32,2,2,1,,,0.2321,0.0
2,3,5,1,33,5,5,1,,,0.2843,0.0
2,3,5,1,34,1,6,0,,,0.1906,0.0
2,3,5,1,35,4,4,1,,,0.1762,0.0
2,3,5,1,36,3,3,1,,,0.8545,0.0
2,3,5,1,37,1,4,0,1,1,0.4666,0.2585
2,3,5,1,38,5,5,1,,,0.1818,0.0
2,3,5,1,39,6,3,0,4,0,0.4439,0.3019
2,3,5,1,40,3,3,1,,,0.3152,0.0
2,3,5,1,41,2,2,1,,,0.3481,0.0
2,3,5,1,42,1,1,1,,,0.6676,0.0
2,3,5,1,43,1,1,1,,,0.7028,0.0
2,3,5,1,44,5,5,1,,,0.3684,0.0
2,3,5,1,45,6,6,1,,,0.3835,0.0
2,3,5,1,46,1,1,1,,,0.7823,0.0
2,3,5,1,47,2,2,1,,,0.4606,0.0
2,3,5,1,48,4,4,1,,,0.2635,0.0
2,3,5,1,49,2,2,1,,,0.4259,0.0
2,3,5,1,50,4,3,0,,,0.6473,0.0
2,3,5,2,1,5,4,0,,,0.212,0.0
2,3,5,2,2,2,2,1,,,0.1318,0.0
2,3,5,2,3,2,2,1,,,0.0135,0.0
2,3,5,2,4,2,2,1,,,0.011,0.0
2,3,5,2,5,3,5,0,2,0,0.6005,0.1305
2,3,5,2,6,2,2,1,,,0.1661,0.0
2,3,5,2,7,6,4,0,,,0.2377,0.0
2,3,5,2,8,6,4,0,,,0.0296,0.0
2,3,5,2,9,3,1,0,3,1,0.1011,0.001
2,3,5,2,10,2,2,1,,,0.0825,0.0
2,3,5,2,11,2,2,1,,,0.2374,0.0
2,3,5,2,12,3,3,1,,,0.2907,0.0
2,3,5,2,13,5,5,1,,,0.5011,0.0
2,3,5,2,14,6,6,1,,,0.2069,0.0
2,3,5,2,15,6,2,0,,,0.4681,0.0
2,3,5,2,16,5,5,1,,,0.011,0.0
2,3,5,2,17,2,4,0,1,0,0.408,0.4111
2,3,5,2,18,4,6,0,5,0,0.3556,0.4882
2,3,5,2,19,4,1,0,,,1.3259,0.0
2,3,5,2,20,5,5,1,,,0.3212,0.0
2,3,5,2,21,5,5,1,,,0.1618,0.0
2,3,5,2,22,5,5,1,,,0.0578,0.0
2,3,5,2,23,4,4,1,,,0.229,0.0
2,3,5,2,24,5,5,1,,,0.0737,0.0
2,3,5,2,25,6,6,1,,,0.1969,0.0
2,3,5,2,26,1,6,0,5,0,0.3298,0.0639
2,3,5,2,27,4,4,1,,,0.0233,0.0
2,3,5,2,28,6,6,1,,,0.069,0.0
2,3,5,2,29,5,5,1,,,0.0319,0.0
2,3,5,2,30,3,4,0,,,0.1099,0.0
2,3,5,2,31,1,4,0,3,0,0.4184,0.2604
2,3,5,2,32,2,2,1,,,0.6104,0.0
2,3,5,2,33,6,6,1,,,0.0553,0.0
2,3,5,2,34,3,3,1,,,0.3876,0.0
2,3,5,2,35,1,1,1,,,0.353,0.0
2,3,5,2,36,1,4,0,3,0,0.0495,0.8993
2,3,5,2,37,4,4,1,,,0.2483,0.0
2,3,5,2,38,3,4,0,,,0.1242,0.0
2,3,5,2,39,4,4,1,,,0.0479,0.0
2,3,5,2,40,4,4,1,,,0.588,0.0
2,3,5,2,41,6,6,1,,,0.1624,0.0
2,3,5,2,42,1,1,1,,,0.1852,0.0
2,3,5,2,43,1,4,0,,,0.256,0.0
2,3,5,2,44,3,3,1,,,0.3036,0.0
2,3,5,2,45,1,1,1,,,0.0959,0.0
2,3,5,2,46,6,6,1,,,0.0009,0.0
2,3,5,2,47,3,4,0,,,0.1206,0.0
2,3,5,2,48,6,5,0,6,1,0.1244,1.3869
2,3,5,2,49,4,4,1,,,0.1442,0.0
2,3,5,2,50,1,6,0,1,1,0.0246,0.4111
2,3,5,3,1,3,3,1,,,0.5181,0.0
2,3,5,3,2,5,5,1,,,0.0308,0.0
2,3,5,3,3,2,2,1,,,0.1549,0.0
2,3,5,3,4,2,2,1,,,0.0017,0.0
2,3,5,3,5,3,6,0,,,0.2089,0.0
2,3,5,3,6,4,4,1,,,0.1455,0.0
2,3,5,3,7,6,5,0,,,0.1698,0.0
2,3,5,3,8,3,3,1,,,0.2372,0.0
2,3,5,3,9,1,4,0,,,0.5615,0.0
2,3,5,3,10,6,6,1,,,0.0839,0.0
2,3,5,3,11,1,5,0,,,0.2548,0.0
2,3,5,3,12,5,5,1,,,0.0009,0.0
2,3,5,3,13,6,6,1,,,0.316,0.0
2,3,5,3,14,6,6,1,,,0.2373,0.0
2,3,5,3,15,6,6,1,,,0.3529,0.0
2,3,5,3,16,2,2,1,,,0.3038,0.0
2,3,5,3,17,5,5,1,,,0.1305,0.0
2,3,5,3,18,2,2,1,,,0.2026,0.0
2,3,5,3,19,4,4,1,,,0.0011,0.0
2,3,5,3,20,1,5,0,4,0,0.0775,0.5906
2,3,5,3,21,1,1,1,,,0.3359,0.0
2,3,5,3,22,5,5,1,,,0.1427,0.0
2,3,5,3,23,4,4,1,,,0.001,0.0
2,3,5,3,24,4,4,1,,,0.0048,0.0
2,3,5,3,25,1,1,1,,,0.2274,0.0
2,3,5,3,26,2,2,1,,,0.1676,0.0
2,3,5,3,27,3,3,1,,,0.3347,0.0
2,3,5,3,28,1,1,1,,,0.6876,0.0
2,3,5,3,29,1,1,1,,,0.0332,0.0
2,3,5,3,30,4,4,1,,,0.2863,0.0
2,3,5,3,31,3,3,1,,,0.3368,0.0
2,3,5,3,32,6,6,1,,,0.1291,0.0
2,3,5,3,33,3,3,1,,,0.442,0.0
2,3,5,3,34,1,1,1,,,0.5016,0.0
2,3,5,3,35,5,4,0,3,0,0.5272,0.3334
2,3,5,3,36,3,1,0,,,0.4102,0.0
2,3,5,3,37,2,4,0,3,0,0.5465,0.4475
2,3,5,3,38,6,6,1,,,0.1503,0.0
2,3,5,3,39,4,4,1,,,0.3819,0.0
2,3,5,3,40,4,4,1,,,0.3969,0.0
2,3,5,3,41,2,1,0,4,0,0.4587,0.2033
2,3,5,3,42,5,5,1,,,0.3327,0.0
2,3,5,3,43,4,4,1,,,0.1417,0.0
2,3,5,3,44,5,5,1,,,0.2126,0.0
2,3,5,3,45,6,5,0,,,0.4591,0.0
2,3,5,3,46,3,3,1,,,0.6245,0.0
2,3,5,3,47,6,6,1,,,0.0012,0.0
2,3,5,3,48,5,5,1,,,0.0664,0.0
2,3,5,3,49,6,6,1,,,0.4303,0.0
2,3,5,3,50,2,2,1,,,0.251,0.0
2,3,5,4,1,2,5,0,,,0.4762,0.0
2,3,5,4,2,6,5,0,6,1,0.3861,0.0011
2,3,5,4,3,2,2,1,,,0.6916,0.0
2,3,5,4,4,5,5,1,,,0.7724,0.0
2,3,5,4,5,3,4,0,3,1,0.2117,0.1588
2,3,5,4,6,6,5,0,,,0.3423,0.0
2,3,5,4,7,5,5,1,,,0.1294,0.0
2,3,5,4,8,1,1,1,,,0.8741,0.0
2,3,5,4,9,3,3,1,,,0.4365,0.0
2,3,5,4,10,1,4,0,,,0.592,0.0
2,3,5,4,11,2,5,0,,,0.0971,0.0
2,3,5,4,12,3,3,1,,,0.7742,0.0
2,3,5,4,13,1,1,1,,,0.3408,0.0
2,3,5,4,14,6,6,1,,,0.0688,0.0
2,3,5,4,15,4,4,1,,,0.1282,0.0
2,3,5,4,16,1,1,1,,,0.4083,0.0
2,3,5,4,17,2,2,1,,,0.4217,0.0
2,3,5,4,18,1,1,1,,,0.5785,0.0
2,3,5,4,19,4,3,0,4,1,0.3925,0.5557
2,3,5,4,20,2,2,1,,,0.2118,0.0
2,3,5,4,21,4,4,1,,,0.1526,0.0
2,3,5,4,22,2,2,1,,,0.3056,0.0
2,3,5,4,23,5,5,1,,,0.3706,0.0
2,3,5,4,24,5,4,0,5,1,0.4507,0.1304
2,3,5,4,25,6,6,1,,,0.6674,0.0
2,3,5,4,26,4,3,0,,,0.7819,0.0
2,3,5,4,27,6,6,1,,,0.2793,0.0
2,3,5,4,28,1,1,1,,,0.6022,0.0
2,3,5,4,29,1,5,0,,,0.3044,0.0
2,3,5,4,30,4,4,1,,,0.0616,0.0
2,3,5,4,31,3,3,1,,,0.5521,0.0
2,3,5,4,32,5,5,1,,,0.176,0.0
2,3,5,4,33,4,4,1,,,0.0875,0.0
2,3,5,4,34,6,6,1,,,0.1133,0.0
2,3,5,4,35,6,6,1,,,0.0271,0.0
2,3,5,4,36,2,2,1,,,0.2793,0.0
2,3,5,4,37,3,1,0,,,0.3458,0.0
2,3,5,4,38,5,5,1,,,0.133,0.0
2,3,5,4,39,5,5,1,,,0.5746,0.0
2,3,5,4,40,3,3,1,,,0.6444,0.0
2,3,5,4,41,6,6,1,,,0.2475,0.0
2,3,5,4,42,1,3,0,,,0.5233,0.0
2,3,5,4,43,6,6,1,,,0.064,0.0
2,3,5,4,44,6,5,0,,,0.6194,0.0
2,3,5,4,45,4,4,1,,,0.091,0.0
2,3,5,4,46,4,4,1,,,0.0701,0.0
2,3,5,4,47,5,5,1,,,0.0009,0.0
2,3,5,4,48,2,2,1,,,0.2225,0.0
2,3,5,4,49,3,2,0,,,0.6907,0.0
2,3,5,4,50,3,2,0,,,0.6087,0.0
3,1,1,1,1,4,6,0,1,0,0.4909,1.5621
3,1,1,1,2,1,6,0,,,0.6759,0.0
3,1,1,1,3,5,3,0,,,1.5206,0.0
3,1,1,1,4,6,1,0,,,0.9405,0.0
3,1,1,1,5,5,6,0,,,0.2876,0.0
3,1,1,1,6,6,6,1,,,0.2057,0.0
3,1,1,1,7,3,1,0,,,0.9789,0.0
3,1,1,1,8,6,6,1,,,0.1165,0.0
3,1,1,1,9,1,1,1,,,0.6541,0.0
3,1,1,1,10,6,6,1,,,0.5292,0.0
3,1,1,1,11,6,6,1,,,0.4106,0.0
3,1,1,1,12,2,6,0,,,0.8729,0.0
3,1,1,1,13,2,6,0,,,0.3189,0.0
3,1,1,1,14,4,2,0,,,0.9398,0.0
3,1,1,1,15,4,6,0,,,0.3499,0.0
3,1,1,1,16,5,5,1,,,0.7136,0.0
3,1,1,1,17,1,6,0,1,1,0.2661,2.6268
3,1,1,1,18,6,6,1,,,0.262,0.0
3,1,1,1,19,2,2,1,,,0.7288,0.0
3,1,1,1,20,4,1,0,,,0.6815,0.0
3,1,1,1,21,1,1,1,,,0.808,0.0
3,1,1,1,22,2,2,1,,,1.2686,0.0
3,1,1,1,23,5,3,0,,,0.7671,0.0
3,1,1,1,24,3,6,0,3,1,0.3293,1.2475
3,1,1,1,25,3,6,0,,,0.7467,0.0
3,1,1,1,26,3,6,0,,,0.3734,0.0
3,1,1,1,27,1,6,0,,,0.287,0.0
3,1,1,1,28,6,6,1,,,0.3019,0.0
3,1,1,1,29,4,5,0,,,1.2629,0.0
3,1,1,1,30,6,6,1,,,0.0853,0.0
3,1,1,1,31,5,3,0,2,0,0.928,0.6853
3,1,1,1,32,4,6,0,,,0.4583,0.0
3,1,1,1,33,3,3,1,,,0.9621,0.0
3,1,1,1,34,2,2,1,,,0.6328,0.0
3,1,1,1,35,3,6,0,,,0.3339,0.0
3,1,1,1,36,5,6,0,4,0,0.841,1.5462
3,1,1,1,37,2,6,0,5,0,0.8523,1.445
3,1,1,1,38,1,1,1,,,0.7401,0.0
3,1,1,1,39,4,1,0,,,1.1874,0.0
3,1,1,1,40,2,2,1,,,0.9245,0.0
3,1,1,1,41,5,6,0,,,0.2932,0.0
3,1,1,1,42,1,1,1,,,0.8188,0.0
3,1,1,1,43,4,2,0,,,1.3119,0.0
3,1,1,1,44,6,6,1,,,0.2596,0.0
3,1,1,1,45,3,6,0,4,0,0.7595,1.2602
3,1,1,1,46,6,6,1,,,0.1781,0.0
3,1,1,1,47,2,1,0,3,0,0.9696,0.9974
3,1,1,1,48,3,2,0,,,0.6785,0.0
3,1,1,1,49,1,1,1,,,0.9158,0.0
3,1,1,1,50,5,1,0,,,0.5082,0.0
3,1,1,2,1,3,1,0,,,0.7509,0.0
3,1,1,2,2,5,6,0,,,0.426,0.0
3,1,1,2,3,5,6,0,,,0.242,0.0
3,1,1,2,4,1,6,0,,,0.1621,0.0
3,1,1,2,5,6,6,1,,,0.2772,0.0
3,1,1,2,6,6,6,1,,,0.6649,0.0
3,1,1,2,7,3,6,0,4,0,0.4426,1.4368
3,1,1,2,8,4,3,0,,,1.0995,0.0
3,1,1,2,9,3,5,0,,,0.9032,0.0
3,1,1,2,10,3,6,0,,,0.4604,0.0
3,1,1,2,11,4,2,0,3,0,1.1717,0.5028
3,1,1,2,12,2,6,0,4,0,1.0517,1.5396
3,1,1,2,13,6,6,1,,,0.1093,0.0
3,1,1,2,14,3,1,0,3,1,0.5365,0.9969
3,1,1,2,15,1,1,1,,,0.7138,0.0
3,1,1,2,16,4,6,0,,,0.2672,0.0
3,1,1,2,17,4,1,0,3,0,0.9377,0.662
3,1,1,2,18,1,6,0,,,0.165,0.0
3,1,1,2,19,4,2,0,,,2.0876,0.0
3,1,1,2,20,6,6,1,,,0.2515,0.0
3,1,1,2,21,6,5,0,4,0,1.056,0.9195
3,1,1,2,22,6,6,1,,,0.5394,0.0
3,1,1,2,23,3,3,1,,,0.8195,0.0
3,1,1,2,24,5,5,1,,,1.4081,0.0
3,1,1,2,25,6,6,1,,,0.8373,0.0
3,1,1,2,26,5,4,0,,,1.3128,0.0
3,1,1,2,27,1,5,0,,,0.6122,0.0
3,1,1,2,28,4,2,0,,,0.9969,0.0
3,1,1,2,29,4,6,0,,,0.438,0.0
3,1,1,2,30,5,6,0,,,0.3168,0.0
3,1,1,2,31,2,2,1,,,1.5295,0.0
3,1,1,2,32,6,6,1,,,0.1701,0.0
3,1,1,2,33,2,1,0,,,0.6571,0.0
3,1,1,2,34,1,1,1,,,0.545,0.0
3,1,1,2,35,2,6,0,,,2.6326,0.0
3,1,1,2,36,4,6,0,,,1.2857,0.0
3,1,1,2,37,6,6,1,,,0.1065,0.0
3,1,1,2,38,2,6,0,,,0.4048,0.0
3,1,1,2,39,6,6,1,,,0.2225,0.0
3,1,1,2,40,2,2,1,,,1.0274,0.0
3,1,1,2,41,5,1,0,,,0.7438,0.0
3,1,1,2,42,1,5,0,3,0,1.2827,1.6016
3,1,1,2,43,3,6,0,,,0.8101,0.0
3,1,1,2,44,1,1,1,,,0.8192,0.0
3,1,1,2,45,2,3,0,2,1,0.9749,0.6347
3,1,1,2,46,3,3,1,,,0.431,0.0
3,1,1,2,47,2,2,1,,,1.5147,0.0
3,1,1,2,48,5,3,0,2,0,0.8914,0.6011
3,1,1,2,49,1,3,0,6,0,0.6024,0.9493
3,1,1,2,50,5,1,0,,,0.6957,0.0
3,1,1,3,1,3,2,0,,,0.8024,0.0
3,1,1,3,2,3,1,0,,,0.8112,0.0
3,1,1,3,3,5,5,1,,,0.5786,0.0
3,1,1,3,4,2,6,0,,,0.4408,0.0
3,1,1,3,5,4,3,0,2,0,0.801,0.7709
3,1,1,3,6,6,6,1,,,0.1733,0.0
3,1,1,3,7,5,6,0,,,0.3244,0.0
3,1,1,3,8,5,6,0,,,0.6419,0.0
3,1,1,3,9,6,3,0,,,0.7371,0.0
3,1,1,3,10,2,6,0,,,0.4287,0.0
3,1,1,3,11,4,3,0,,,0.8049,0.0
3,1,1,3,12,2,1,0,3,0,0.8615,0.7808
3,1,1,3,13,1,6,0,1,1,0.2314,0.6095
3,1,1,3,14,4,6,0,,,0.3428,0.0
3,1,1,3,15,1,1,1,,,0.7695,0.0
3,1,1,3,16,6,6,1,,,0.177,0.0
3,1,1,3,17,6,6,1,,,0.3124,0.0
3,1,1,3,18,2,3,0,2,1,0.8258,0.7466
3,1,1,3,19,2,3,0,,,0.6667,0.0
3,1,1,3,20,4,6,0,,,0.2004,0.0
3,1,1,3,21,6,1,0,2,0,0.6822,0.6569
3,1,1,3,22,1,3,0,,,0.801,0.0
3,1,1,3,23,3,1,0,,,1.2415,0.0
3,1,1,3,24,4,6,0,,,0.2719,0.0
3,1,1,3,25,6,3,0,,,0.8469,0.0
3,1,1,3,26,6,6,1,,,0.3896,0.0
3,1,1,3,27,1,6,0,,,0.5319,0.0
3,1,1,3,28,2,3,0,,,1.1125,0.0
3,1,1,3,29,3,3,1,,,0.6607,0.0
3,1,1,3,30,1,1,1,,,0.6004,0.0
3,1,1,3,31,1,3,0,1,1,0.526,0.5385
3,1,1,3,32,5,6,0,,,0.3239,0.0
3,1,1,3,33,4,6,0,5,0,0.5115,1.2467
3,1,1,3,34,1,1,1,,,0.5642,0.0
3,1,1,3,35,3,3,1,,,0.7796,0.0
3,1,1,3,36,6,6,1,,,0.3944,0.0
3,1,1,3,37,5,5,1,,,0.3592,0.0
3,1,1,3,38,5,1,0,,,0.4389,0.0
3,1,1,3,39,6,6,1,,,0.1597,0.0
3,1,1,3,40,2,2,1,,,0.679,0.0
3,1,1,3,41,6,1,0,2,0,0.8576,0.5379
3,1,1,3,42,3,3,1,,,0.6212,0.0
3,1,1,3,43,3,6,0,3,1,0.6416,0.6346
3,1,1,3,44,1,6,0,,,0.4627,0.0
3,1,1,3,45,4,2,0,1,0,1.2374,0.5495
3,1,1,3,46,5,6,0,,,0.2178,0.0
3,1,1,3,47,3,6,0,3,1,0.7293,0.9754
3,1,1,3,48,2,2,1,,,0.8376,0.0
3,1,1,3,49,5,5,1,,,0.6741,0.0
3,1,1,3,50,4,6,0,,,0.485,0.0
3,1,1,4,1,3,1,0,,,0.9368,0.0
3,1,1,4,2,2,2,1,,,0.5877,0.0
3,1,1,4,3,3,3,1,,,0.5461,0.0
3,1,1,4,4,6,1,0,2,0,0.3132,1.2482
3,1,1,4,5,4,1,0,,,0.5184,0.0
3,1,1,4,6,3,5,0,,,0.4743,0.0
3,1,1,4,7,3,3,1,,,0.801,0.0
3,1,1,4,8,1,6,0,3,0,0.7504,1.2191
3,1,1,4,9,6,4,0,5,0,0.7467,0.8798
3,1,1,4,10,1,3,0,,,0.7729,0.0
3,1,1,4,11,1,1,1,,,0.448,0.0
3,1,1,4,12,2,1,0,,,0.6828,0.0
3,1,1,4,13,6,6,1,,,0.3928,0.0
3,1,1,4,14,2,6,0,5,0,0.8233,0.6809
3,1,1,4,15,1,1,1,,,0.5342,0.0
3,1,1,4,16,1,1,1,,,0.367,0.0
3,1,1,4,17,4,4,1,,,0.7336,0.0
3,1,1,4,18,4,2,0,,,0.6058,0.0
3,1,1,4,19,2,1,0,,,0.575,0.0
3,1,1,4,20,2,6,0,,,0.2574,0.0
3,1,1,4,21,5,5,1,,,0.3689,0.0
3,1,1,4,22,5,6,0,5,1,0.2242,0.4257
3,1,1,4,23,1,1,1,,,0.4708,0.0
3,1,1,4,24,3,6,0,,,0.4507,0.0
3,1,1,4,25,5,2,0,,,0.6013,0.0
3,1,1,4,26,3,3,1,,,0.6349,0.0
3,1,1,4,27,6,3,0,6,1,0.8459,0.4313
3,1,1,4,28,4,3,0,,,0.7958,0.0
3,1,1,4,29,6,6,1,,,0.3566,0.0
3,1,1,4,30,4,6,0,4,1,0.6288,1.5502
3,1,1,4,31,3,6,0,1,0,1.0843,1.1551
3,1,1,4,32,2,1,0,,,0.7817,0.0
3,1,1,4,33,3,3,1,,,0.6468,0.0
3,1,1,4,34,5,5,1,,,0.5228,0.0
3,1,1,4,35,5,6,0,,,0.8357,0.0
3,1,1,4,36,5,1,0,3,0,1.3066,0.8569
3,1,1,4,37,2,6,0,,,0.5266,0.0
3,1,1,4,38,6,3,0,5,0,1.4753,0.8892
3,1,1,4,39,2,1,0,,,0.4791,0.0
3,1,1,4,40,6,6,1,,,0.2771,0.0
3,1,1,4,41,4,1,0,3,0,0.4228,0.7765
3,1,1,4,42,4,3,0,,,1.123,0.0
3,1,1,4,43,1,6,0,,,0.1424,0.0
3,1,1,4,44,5,6,0,5,1,0.4187,1.5563
3,1,1,4,45,6,1,0,,,0.3232,0.0
3,1,1,4,46,6,6,1,,,0.3196,0.0
3,1,1,4,47,4,3,0,,,1.265,0.0
3,1,1,4,48,6,6,1,,,0.6307,0.0
3,1,1,4,49,5,2,0,,,0.9709,0.0
3,1,1,4,50,1,3,0,1,1,0.716,1.2674
3,1,2,1,1,1,1,1,,,0.7767,0.0
3,1,2,1,2,5,6,0,2,0,0.2154,1.1059
3,1,2,1,3,4,1,0,,,0.671,0.0
3,1,2,1,4,5,3,0,,,0.5406,0.0
3,1,2,1,5,2,2,1,,,0.9295,0.0
3,1,2,1,6,3,6,0,2,0,0.4568,0.5847
3,1,2,1,7,6,3,0,2,0,0.4425,0.6043
3,1,2,1,8,6,3,0,,,0.5409,0.0
3,1,2,1,9,6,5,0,6,1,0.8646,0.5448
3,1,2,1,10,3,2,0,,,0.6332,0.0
3,1,2,1,11,3,3,1,,,0.6483,0.0
3,1,2,1,12,3,2,0,,,0.7955,0.0
3,1,2,1,13,1,2,0,3,0,0.7404,0.4574
3,1,2,1,14,4,6,0,,,0.3043,0.0
3,1,2,1,15,4,6,0,5,0,2.1739,0.8877
3,1,2,1,16,2,2,1,,,0.6055,0.0
3,1,2,1,17,4,5,0,4,1,0.7385,0.4075
3,1,2,1,18,2,2,1,,,0.6779,0.0
3,1,2,1,19,6,3,0,,,1.6401,0.0
3,1,2,1,20,1,2,0,,,1.1025,0.0
3,1,2,1,21,4,6,0,1,0,0.523,0.9527
3,1,2,1,22,6,3,0,,,0.908,0.0
3,1,2,1,23,3,3,1,,,0.7038,0.0
3,1,2,1,24,1,6,0,,,0.5933,0.0
3,1,2,1,25,3,3,1,,,1.1553,0.0
3,1,2,1,26,2,2,1,,,0.6106,0.0
3,1,2,1,27,5,5,1,,,0.7749,0.0
3,1,2,1,28,5,1,0,,,0.55,0.0
3,1,2,1,29,5,6,0,,,0.2652,0.0
3,1,2,1,30,6,6,1,,,0.8553,0.0
3,1,2,1,31,6,6,1,,,0.0992,0.0
3,1,2,1,32,1,5,0,2,0,0.509,0.7632
3,1,2,1,33,5,6,0,3,0,0.5824,0.8336
3,1,2,1,34,5,3,0,,,4.6969,0.0
3,1,2,1,35,1,6,0,,,1.8902,0.0
3,1,2,1,36,1,3,0,,,0.7819,0.0
3,1,2,1,37,4,1,0,,,0.9675,0.0
3,1,2,1,38,1,1,1,,,1.322,0.0
3,1,2,1,39,6,6,1,,,0.226,0.0
3,1,2,1,40,4,6,0,4,1,0.6471,1.4236
3,1,2,1,41,4,6,0,,,0.4678,0.0
3,1,2,1,42,2,6,0,1,0,0.3462,0.7041
3,1,2,1,43,3,6,0,1,0,0.4616,0.893
3,1,2,1,44,5,5,1,,,0.5302,0.0
3,1,2,1,45,2,2,1,,,1.5791,0.0
3,1,2,1,46,6,6,1,,,0.1839,0.0
3,1,2,1,47,2,2,1,,,0.3824,0.0
3,1,2,1,48,3,6,0,,,0.4297,0.0
3,1,2,1,49,2,2,1,,,0.3413,0.0
3,1,2,1,50,6,6,1,,,0.5814,0.0
3,1,2,2,1,6,6,1,,,0.3301,0.0
3,1,2,2,2,5,4,0,5,1,1.0505,0.5776
3,1,2,2,3,2,5,0,,,0.344,0.0
3,1,2,2,4,3,3,1,,,0.5633,0.0
3,1,2,2,5,4,5,0,,,0.4105,0.0
3,1,2,2,6,2,2,1,,,0.4995,0.0
3,1,2,2,7,3,5,0,,,1.0527,0.0
3,1,2,2,8,6,4,0,5,0,1.0991,0.6577
3,1,2,2,9,5,1,0,6,0,0.6252,0.4266
3,1,2,2,10,6,6,1,,,0.0818,0.0
3,1,2,2,11,3,3,1,,,0.7646,0.0
3,1,2,2,12,2,2,1,,,0.5872,0.0
3,1,2,2,13,2,2,1,,,0.7543,0.0
3,1,2,2,14,6,6,1,,,0.1768,0.0
3,1,2,2,15,5,5,1,,,0.4404,0.0
3,1,2,2,16,1,6,0,3,0,0.5658,1.4412
3,1,2,2,17,2,6,0,1,0,0.2889,0.872
3,1,2,2,18,4,1,0,,,0.6055,0.0
3,1,2,2,19,4,1,0,,,1.0391,0.0
3,1,2,2,20,5,6,0,,,1.9183,0.0
3,1,2,2,21,3,4,0,3,1,3.0814,0.7657
3,1,2,2,22,4,6,0,,,0.1412,0.0
3,1,2,2,23,3,6,0,,,0.016,0.0
3,1,2,2,24,5,5,1,,,0.4091,0.0
3,1,2,2,25,6,6,1,,,0.1024,0.0
3,1,2,2,26,1,6,0,1,1,0.8972,0.9601
3,1,2,2,27,1,6,0,,,0.2471,0.0
3,1,2,2,28,6,6,1,,,0.1822,0.0
3,1,2,2,29,1,6,0,,,0.5566,0.0
3,1,2,2,30,1,6,0,,,0.1597,0.0
3,1,2,2,31,6,6,1,,,0.1634,0.0
3,1,2,2,32,5,1,0,6,0,0.5065,0.6961
3,1,2,2,33,3,3,1,,,1.1421,0.0
3,1,2,2,34,6,6,1,,,0.0854,0.0
3,1,2,2,35,6,6,1,,,0.2719,0.0
3,1,2,2,36,1,1,1,,,0.5315,0.0
3,1,2,2,37,2,6,0,,,0.3316,0.0
3,1,2,2,38,5,6,0,,,0.647,0.0
3,1,2,2,39,4,6,0,,,0.6147,0.0
3,1,2,2,40,4,3,0,,,0.6785,0.0
3,1,2,2,41,3,2,0,3,1,0.9008,0.9942
3,1,2,2,42,3,6,0,,,0.2638,0.0
3,1,2,2,43,6,6,1,,,0.23,0.0
3,1,2,2,44,1,6,0,,,0.2989,0.0
3,1,2,2,45,2,3,0,,,0.8563,0.0
3,1,2,2,46,4,2,0,3,0,0.6388,0.7434
3,1,2,2,47,1,1,1,,,0.5953,0.0
3,1,2,2,48,5,1,0,,,1.1287,0.0
3,1,2,2,49,4,6,0,4,1,0.9312,0.9925
3,1,2,2,50,2,6,0,5,0,0.1975,0.9288
3,1,2,3,1,1,1,1,,,0.7062,0.0
3,1,2,3,2,3,2,0,,,0.5958,0.0
3,1,2,3,3,6,6,1,,,0.1967,0.0
3,1,2,3,4,4,3,0,4,1,0.6986,1.0097
3,1,2,3,5,1,6,0,,,0.1028,0.0
3,1,2,3,6,4,1,0,,,0.4447,0.0
3,1,2,3,7,5,5,1,,,0.6271,0.0
3,1,2,3,8,1,1,1,,,0.3761,0.0
3,1,2,3,9,5,6,0,,,0.2946,0.0
3,1,2,3,10,1,4,0,,,0.8209,0.0
3,1,2,3,11,4,6,0,,,0.7808,0.0
3,1,2,3,12,5,6,0,2,0,0.2133,1.92
3,1,2,3,13,5,5,1,,,0.5555,0.0
3,1,2,3,14,6,6,1,,,0.4193,0.0
3,1,2,3,15,4,6,0,4,1,0.2881,1.2558
3,1,2,3,16,3,3,1,,,0.5147,0.0
3,1,2,3,17,3,1,0,3,1,0.5869,0.47
3,1,2,3,18,6,6,1,,,0.2256,0.0
3,1,2,3,19,4,6,0,,,0.4066,0.0
3,1,2,3,20,4,3,0,,,0.7847,0.0
3,1,2,3,21,6,6,1,,,0.1214,0.0
3,1,2,3,22,1,3,0,1,1,1.0267,0.9396
3,1,2,3,23,5,5,1,,,0.772,0.0
3,1,2,3,24,1,1,1,,,0.6587,0.0
3,1,2,3,25,6,1,0,6,1,0.8866,0.4214
3,1,2,3,26,5,1,0,3,0,0.4338,0.9152
3,1,2,3,27,2,1,0,2,1,0.8873,1.3499
3,1,2,3,28,6,3,0,,,0.7641,0.0
3,1,2,3,29,5,5,1,,,0.439,0.0
3,1,2,3,30,2,1,0,3,0,0.6119,0.8774
3,1,2,3,31,2,6,0,2,1,1.2351,1.4112
3,1,2,3,32,2,2,1,,,0.4073,0.0
3,1,2,3,33,2,3,0,,,0.5663,0.0
3,1,2,3,34,3,3,1,,,0.6003,0.0
3,1,2,3,35,2,2,1,,,0.6702,0.0
3,1,2,3,36,2,6,0,,,0.3682,0.0
3,1,2,3,37,3,3,1,,,0.6515,0.0
3,1,2,3,38,3,3,1,,,1.6148,0.0
3,1,2,3,39,1,1,1,,,0.651,0.0
3,1,2,3,40,2,2,1,,,0.5102,0.0
3,1,2,3,41,3,6,0,3,1,0.3114,0.8935
3,1,2,3,42,3,3,1,,,1.0304,0.0
3,1,2,3,43,5,1,0,3,0,0.5699,0.6941
3,1,2,3,44,4,5,0,,,1.1392,0.0
3,1,2,3,45,6,6,1,,,0.1744,0.0
3,1,2,3,46,4,1,0,,,0.901,0.0
3,1,2,3,47,6,6,1,,,0.1386,0.0
3,1,2,3,48,6,1,0,,,0.6268,0.0
3,1,2,3,49,6,6,1,,,0.0011,0.0
3,1,2,3,50,1,2,0,,,1.2331,0.0
3,1,2,4,1,5,5,1,,,0.6291,0.0
3,1,2,4,2,6,6,1,,,0.026,0.0
3,1,2,4,3,4,5,0,,,0.679,0.0
3,1,2,4,4,2,2,1,,,0.6119,0.0
3,1,2,4,5,4,6,0,,,0.5536,0.0
3,1,2,4,6,2,2,1,,,0.7328,0.0
3,1,2,4,7,1,6,0,4,0,0.2518,1.2207
3,1,2,4,8,5,5,1,,,0.5087,0.0
3,1,2,4,9,1,6,0,3,0,0.3411,0.6673
3,1,2,4,10,2,2,1,,,0.5691,0.0
3,1,2,4,11,4,5,0,,,0.4965,0.0
3,1,2,4,12,6,6,1,,,0.0372,0.0
3,1,2,4,13,3,3,1,,,1.1384,0.0
3,1,2,4,14,4,1,0,2,0,0.8338,1.5864
3,1,2,4,15,1,6,0,,,0.8271,0.0
3,1,2,4,16,2,6,0,,,0.403,0.0
3,1,2,4,17,5,5,1,,,0.7634,0.0
3,1,2,4,18,6,6,1,,,0.2661,0.0
3,1,2,4,19,6,6,1,,,0.3982,0.0
3,1,2,4,20,1,3,0,,,0.684,0.0
3,1,2,4,21,5,3,0,1,0,0.6975,0.6239
3,1,2,4,22,6,6,1,,,0.2726,0.0
3,1,2,4,23,3,3,1,,,0.5153,0.0
3,1,2,4,24,3,3,1,,,0.5242,0.0
3,1,2,4,25,3,6,0,3,1,0.4379,1.6072
3,1,2,4,26,1,2,0,,,0.5475,0.0
3,1,2,4,27,6,6,1,,,0.2943,0.0
3,1,2,4,28,1,6,0,,,1.592,0.0
3,1,2,4,29,2,2,1,,,0.5288,0.0
3,1,2,4,30,2,3,0,,,0.9046,0.0
3,1,2,4,31,5,6,0,,,0.2698,0.0
3,1,2,4,32,3,3,1,,,0.5728,0.0
3,1,2,4,33,2,6,0,2,1,0.4349,1.0929
3,1,2,4,34,3,3,1,,,0.6626,0.0
3,1,2,4,35,1,2,0,3,0,0.6814,0.6415
3,1,2,4,36,4,4,1,,,0.6087,0.0
3,1,2,4,37,3,2,0,1,0,0.5178,0.8516
3,1,2,4,38,1,1,1,,,0.618,0.0
3,1,2,4,39,3,1,0,,,0.7349,0.0
3,1,2,4,40,4,6,0,,,0.411,0.0
3,1,2,4,41,5,3,0,,,0.676,0.0
3,1,2,4,42,5,1,0,,,0.5932,0.0
3,1,2,4,43,4,4,1,,,0.914,0.0
3,1,2,4,44,5,3,0,,,0.6987,0.0
3,1,2,4,45,6,4,0,5,0,1.0951,0.1098
3,1,2,4,46,4,2,0,,,0.4194,0.0
3,1,2,4,47,6,1,0,,,1.595,0.0
3,1,2,4,48,2,1,0,3,0,1.4118,0.9246
3,1,2,4,49,6,1,0,2,0,0.2731,0.7133
3,1,2,4,50,6,1,0,6,1,1.0607,0.9413
3,1,3,1,1,5,2,0,,,1.4439,0.0
3,1,3,1,2,5,5,1,,,0.434,0.0
3,1,3,1,3,5,5,1,,,0.6859,0.0
3,1,3,1,4,3,2,0,,,0.6248,0.0
3,1,3,1,5,2,1,0,,,0.4483,0.0
3,1,3,1,6,1,6,0,,,0.1199,0.0
3,1,3,1,7,1,6,0,5,0,0.2364,1.3022
3,1,3,1,8,4,2,0,,,1.0823,0.0
3,1,3,1,9,6,6,1,,,0.5033,0.0
3,1,3,1,10,6,6,1,,,0.2724,0.0
3,1,3,1,11,2,2,1,,,0.8685,0.0
3,1,3,1,12,5,6,0,1,0,0.1434,0.38
3,1,3,1,13,1,6,0,,,0.8221,0.0
3,1,3,1,14,2,5,0,,,0.7825,0.0
3,1,3,1,15,2,6,0,,,0.1845,0.0
3,1,3,1,16,1,6,0,,,0.6501,0.0
3,1,3,1,17,5,6,0,5,1,0.6326,1.1544
3,1,3,1,18,4,1,0,,,0.6893,0.0
3,1,3,1,19,2,3,0,4,0,1.1346,0.8199
3,1,3,1,20,6,6,1,,,0.0124,0.0
3,1,3,1,21,4,3,0,,,0.7776,0.0
3,1,3,1,22,3,3,1,,,1.0911,0.0
3,1,3,1,23,2,6,0,,,0.0211,0.0
3,1,3,1,24,4,3,0,,,0.8293,0.0
3,1,3,1,25,6,6,1,,,0.229,0.0
3,1,3,1,26,2,6,0,4,0,0.2652,1.2987
3,1,3,1,27,5,1,0,,,0.6145,0.0
3,1,3,1,28,6,6,1,,,0.1027,0.0
3,1,3,1,29,1,1,1,,,0.6092,0.0
3,1,3,1,30,6,6,1,,,0.0009,0.0
3,1,3,1,31,4,3,0,,,0.9491,0.0
3,1,3,1,32,1,6,0,,,0.4071,0.0
3,1,3,1,33,5,6,0,,,0.353,0.0
3,1,3,1,34,3,2,0,,,0.8594,0.0
3,1,3,1,35,3,1,0,3,1,0.3544,0.7579
3,1,3,1,36,3,2,0,3,1,0.5491,0.4666
3,1,3,1,37,1,6,0,3,0,0.7013,0.6121
3,1,3,1,38,2,1,0,2,1,0.5156,0.626
3,1,3,1,39,6,2,0,,,0.5511,0.0
3,1,3,1,40,6,6,1,,,0.1216,0.0
3,1,3,1,41,3,1,0,,,0.4193,0.0
3,1,3,1,42,4,6,0,,,0.1557,0.0
3,1,3,1,43,4,5,0,,,0.3031,0.0
3,1,3,1,44,4,6,0,,,0.8444,0.0
3,1,3,1,45,5,1,0,,,0.7396,0.0
3,1,3,1,46,3,6,0,,,0.2709,0.0
3,1,3,1,47,6,1,0,3,0,0.4297,0.9272
3,1,3,1,48,6,3,0,2,0,0.8025,0.805
3,1,3,1,49,3,3,1,,,0.8774,0.0
3,1,3,1,50,1,1,1,,,1.2394,0.0
3,1,3,2,1,6,2,0,6,1,0.7041,0.4873
3,1,3,2,2,5,1,0,,,0.4653,0.0
3,1,3,2,3,6,6,1,,,0.5351,0.0
3,1,3,2,4,6,6,1,,,0.1764,0.0
3,1,3,2,5,2,2,1,,,0.5026,0.0
3,1,3,2,6,1,6,0,,,0.3358,0.0
3,1,3,2,7,1,3,0,,,0.9249,0.0
3,1,3,2,8,6,6,1,,,0.0644,0.0
3,1,3,2,9,4,5,0,,,0.1882,0.0
3,1,3,2,10,2,5,0,,,0.926,0.0
3,1,3,2,11,3,1,0,3,1,0.4334,0.7063
3,1,3,2,12,4,4,1,,,1.1084,0.0
3,1,3,2,13,5,1,0,3,0,0.4046,1.0474
3,1,3,2,14,3,5,0,6,0,0.2128,0.4316
3,1,3,2,15,4,6,0,,,0.4078,0.0
3,1,3,2,16,4,2,0,,,1.0404,0.0
3,1,3,2,17,1,1,1,,,0.8162,0.0
3,1,3,2,18,5,5,1,,,0.5886,0.0
3,1,3,2,19,4,6,0,,,0.5624,0.0
3,1,3,2,20,3,3,1,,,0.7887,0.0
3,1,3,2,21,2,2,1,,,0.9629,0.0
3,1,3,2,22,5,5,1,,,0.7771,0.0
3,1,3,2,23,6,6,1,,,0.1833,0.0
3,1,3,2,24,1,2,0,,,0.9579,0.0
3,1,3,2,25,5,1,0,,,0.5597,0.0
3,1,3,2,26,6,6,1,,,1.0104,0.0
3,1,3,2,27,2,1,0,,,0.8713,0.0
3,1,3,2,28,3,2,0,,,0.7172,0.0
3,1,3,2,29,1,1,1,,,0.553,0.0
3,1,3,2,30,3,6,0,,,0.5288,0.0
3,1,3,2,31,5,2,0,,,0.7084,0.0
3,1,3,2,32,3,1,0,3,1,0.8171,0.9939
3,1,3,2,33,2,6,0,,,0.5032,0.0
3,1,3,2,34,6,2,0,,,0.7963,0.0
3,1,3,2,35,1,6,0,3,0,0.293,1.9488
3,1,3,2,36,4,6,0,1,0,0.5024,0.8685
3,1,3,2,37,2,6,0,,,1.0833,0.0
3,1,3,2,38,6,6,1,,,0.6797,0.0
3,1,3,2,39,5,1,0,,,0.4581,0.0
3,1,3,2,40,6,4,0,,,0.7842,0.0
3,1,3,2,41,3,2,0,,,0.954,0.0
3,1,3,2,42,1,1,1,,,0.7646,0.0
3,1,3,2,43,2,3,0,,,0.715,0.0
3,1,3,2,44,5,3,0,,,1.3041,0.0
3,1,3,2,45,3,3,1,,,0.8441,0.0
3,1,3,2,46,2,2,1,,,1.3684,0.0
3,1,3,2,47,4,6,0,2,0,0.3495,1.3637
3,1,3,2,48,1,6,0,3,0,0.5162,0.9955
3,1,3,2,49,4,4,1,,,0.9475,0.0
3,1,3,2,50,6,6,1,,,0.1708,0.0
3,1,3,3,1,2,5,0,4,0,19.1203,2.77
3,1,3,3,2,2,2,1,,,0.8104,0.0
3,1,3,3,3,4,1,0,,,0.6632,0.0
3,1,3,3,4,1,6,0,,,0.2455,0.0
3,1,3,3,5,1,1,1,,,0.3567,0.0
3,1,3,3,6,5,6,0,3,0,0.2931,1.1803
3,1,3,3,7,1,6,0,,,0.1816,0.0
3,1,3,3,8,3,3,1,,,0.6787,0.0
3,1,3,3,9,4,6,0,2,0,0.2808,0.6412
3,1,3,3,10,2,2,1,,,0.7844,0.0
3,1,3,3,11,5,3,0,,,0.5433,0.0
3,1,3,3,12,5,6,0,5,1,0.2905,0.8728
3,1,3,3,13,2,1,0,2,1,0.6281,1.0375
3,1,3,3,14,5,2,0,3,0,0.8488,0.5616
3,1,3,3,15,3,3,1,,,0.6285,0.0
3,1,3,3,16,5,2,0,,,1.0331,0.0
3,1,3,3,17,4,6,0,,,0.1841,0.0
3,1,3,3,18,6,6,1,,,0.3303,0.0
3,1,3,3,19,1,6,0,,,0.4265,0.0
3,1,3,3,20,3,3,1,,,0.7551,0.0
3,1,3,3,21,6,6,1,,,0.1618,0.0
3,1,3,3,22,5,4,0,,,0.8251,0.0
3,1,3,3,23,6,1,0,5,0,0.7847,0.7075
3,1,3,3,24,4,2,0,,,0.5279,0.0
3,1,3,3,25,2,6,0,,,1.2519,0.0
3,1,3,3,26,5,5,1,,,0.9703,0.0
3,1,3,3,27,2,2,1,,,0.4644,0.0
3,1,3,3,28,4,3,0,,,0.4763,0.0
3,1,3,3,29,3,6,0,3,1,0.2732,0.6663
3,1,3,3,30,4,1,0,,,1.0047,0.0
3,1,3,3,31,1,2,0,,,0.7179,0.0
3,1,3,3,32,4,2,0,3,0,0.6975,0.6249
3,1,3,3,33,4,1,0,,,0.7845,0.0
3,1,3,3,34,6,5,0,3,0,1.0342,1.0736
3,1,3,3,35,6,6,1,,,0.1596,0.0
3,1,3,3,36,2,6,0,2,1,0.3915,1.1139
3,1,3,3,37,3,3,1,,,0.2983,0.0
3,1,3,3,38,6,5,0,1,0,1.1647,0.8327
3,1,3,3,39,6,2,0,,,1.1925,0.0
3,1,3,3,40,1,6,0,1,1,0.2089,0.6183
3,1,3,3,41,5,6,0,,,0.3033,0.0
3,1,3,3,42,1,1,1,,,0.2693,0.0
3,1,3,3,43,3,1,0,,,0.4807,0.0
3,1,3,3,44,6,6,1,,,0.1669,0.0
3,1,3,3,45,3,2,0,,,1.1816,0.0
3,1,3,3,46,2,2,1,,,0.5508,0.0
3,1,3,3,47,6,6,1,,,0.526,0.0
3,1,3,3,48,6,1,0,,,0.7269,0.0
3,1,3,3,49,1,5,0,6,0,0.4025,0.9009
3,1,3,3,50,3,1,0,,,0.3611,0.0
3,1,3,4,1,1,5,0,6,0,0.4345,0.3077
3,1,3,4,2,1,6,0,,,0.2244,0.0
3,1,3,4,3,3,3,1,,,0.8168,0.0
3,1,3,4,4,6,6,1,,,0.1414,0.0
3,1,3,4,5,5,1,0,,,0.4695,0.0
3,1,3,4,6,3,6,0,,,0.2042,0.0
3,1,3,4,7,6,5,0,,,0.702,0.0
3,1,3,4,8,2,2,1,,,0.6343,0.0
3,1,3,4,9,6,6,1,,,0.1742,0.0
3,1,3,4,10,3,3,1,,,0.7098,0.0
3,1,3,4,11,1,1,1,,,0.5016,0.0
3,1,3,4,12,1,4,0,,,0.6403,0.0
3,1,3,4,13,3,3,1,,,0.591,0.0
3,1,3,4,14,4,6,0,,,0.2925,0.0
3,1,3,4,15,2,2,1,,,0.6103,0.0
3,1,3,4,16,3,3,1,,,0.6478,0.0
3,1,3,4,17,5,2,0,,,0.3305,0.0
3,1,3,4,18,6,6,1,,,0.2471,0.0
3,1,3,4,19,6,1,0,2,0,0.7634,0.6709
3,1,3,4,20,2,2,1,,,0.5257,0.0
3,1,3,4,21,2,4,0,,,1.7015,0.0
3,1,3,4,22,1,6,0,1,1,0.6014,0.6279
3,1,3,4,23,3,1,0,,,1.7364,0.0
3,1,3,4,24,6,6,1,,,0.9061,0.0
3,1,3,4,25,5,3,0,,,0.8352,0.0
3,1,3,4,26,5,5,1,,,0.1536,0.0
3,1,3,4,27,5,6,0,,,0.5624,0.0
3,1,3,4,28,3,4,0,,,0.613,0.0
3,1,3,4,29,4,1,0,,,0.8056,0.0
3,1,3,4,30,1,2,0,,,0.7657,0.0
3,1,3,4,31,5,6,0,1,0,0.2963,0.6872
3,1,3,4,32,4,1,0,2,0,0.8455,1.5657
3,1,3,4,33,4,4,1,,,0.9348,0.0
3,1,3,4,34,3,6,0,1,0,0.4306,0.7365
3,1,3,4,35,6,6,1,,,0.3806,0.0
3,1,3,4,36,6,6,1,,,0.0582,0.0
3,1,3,4,37,2,2,1,,,0.5663,0.0
3,1,3,4,38,1,1,1,,,0.685,0.0
3,1,3,4,39,5,6,0,,,0.1113,0.0
3,1,3,4,40,6,2,0,,,0.5486,0.0
3,1,3,4,41,4,3,0,,,0.5667,0.0
3,1,3,4,42,2,2,1,,,0.521,0.0
3,1,3,4,43,5,1,0,,,0.6749,0.0
3,1,3,4,44,4,2,0,,,1.2489,0.0
3,1,3,4,45,2,6,0,1,0,0.9184,0.7564
3,1,3,4,46,4,1,0,,,0.3193,0.0
3,1,3,4,47,1,1,1,,,0.731,0.0
3,1,3,4,48,4,6,0,,,0.8751,0.0
3,1,3,4,49,2,3,0,,,0.9611,0.0
3,1,3,4,50,6,5,0,,,0.3868,0.0
3,1,4,1,1,2,3,0,,,0.766,0.0
3,1,4,1,2,5,6,0,,,0.2165,0.0
3,1,4,1,3,3,6,0,,,0.4569,0.0
3,1,4,1,4,4,1,0,,,0.8802,0.0
3,1,4,1,5,5,2,0,,,0.4216,0.0
3,1,4,1,6,6,6,1,,,0.0939,0.0
3,1,4,1,7,3,3,1,,,0.7607,0.0
3,1,4,1,8,6,6,1,,,0.2313,0.0
3,1,4,1,9,2,3,0,,,0.6353,0.0
3,1,4,1,10,2,4,0,,,0.7157,0.0
3,1,4,1,11,3,5,0,3,1,0.5994,0.707
3,1,4,1,12,1,1,1,,,2.2275,0.0
3,1,4,1,13,5,6,0,1,0,0.231,0.6885
3,1,4,1,14,1,6,0,1,1,0.3818,0.3064
3,1,4,1,15,3,6,0,,,0.3246,0.0
3,1,4,1,16,1,1,1,,,0.416,0.0
3,1,4,1,17,6,6,1,,,0.2535,0.0
3,1,4,1,18,6,3,0,,,0.6246,0.0
3,1,4,1,19,5,1,0,3,0,0.5282,0.4308
3,1,4,1,20,4,5,0,,,1.1741,0.0
3,1,4,1,21,3,1,0,3,1,0.3676,0.852
3,1,4,1,22,5,6,0,,,2.0952,0.0
3,1,4,1,23,3,6,0,,,0.5628,0.0
3,1,4,1,24,4,3,0,1,0,0.661,1.1012
3,1,4,1,25,1,6,0,,,0.6013,0.0
3,1,4,1,26,2,2,1,,,1.0504,0.0
3,1,4,1,27,3,3,1,,,0.7014,0.0
3,1,4,1,28,1,1,1,,,0.3352,0.0
3,1,4,1,29,1,1,1,,,0.7996,0.0
3,1,4,1,30,1,1,1,,,0.3649,0.0
3,1,4,1,31,4,4,1,,,0.3965,0.0
3,1,4,1,32,1,6,0,,,0.2977,0.0
3,1,4,1,33,4,1,0,,,1.6389,0.0
3,1,4,1,34,4,1,0,4,1,0.4945,0.9889
3,1,4,1,35,2,4,0,,,0.467,0.0
3,1,4,1,36,6,6,1,,,0.2819,0.0
3,1,4,1,37,2,1,0,,,0.5722,0.0
3,1,4,1,38,2,1,0,,,0.6222,0.0
3,1,4,1,39,4,6,0,,,0.3991,0.0
3,1,4,1,40,5,5,1,,,0.3117,0.0
3,1,4,1,41,6,1,0,,,0.2659,0.0
3,1,4,1,42,5,5,1,,,0.6323,0.0
3,1,4,1,43,5,5,1,,,0.5398,0.0
3,1,4,1,44,6,6,1,,,0.2768,0.0
3,1,4,1,45,3,6,0,,,0.4235,0.0
3,1,4,1,46,6,6,1,,,0.079,0.0
3,1,4,1,47,6,3,0,1,0,0.5055,0.9844
3,1,4,1,48,2,2,1,,,0.537,0.0
3,1,4,1,49,6,6,1,,,0.4025,0.0
3,1,4,1,50,4,1,0,5,0,0.6873,0.5987
3,1,4,2,1,2,4,0,6,0,1.0777,0.4118
3,1,4,2,2,6,6,1,,,0.021,0.0
3,1,4,2,3,1,1,1,,,0.3857,0.0
3,1,4,2,4,4,2,0,,,1.1684,0.0
3,1,4,2,5,3,6,0,4,0,0.187,0.8853
3,1,4,2,6,3,6,0,5,0,0.2674,0.3715
3,1,4,2,7,2,5,0,6,0,0.6534,0.7747
3,1,4,2,8,1,1,1,,,0.5762,0.0
3,1,4,2,9,6,6,1,,,0.3256,0.0
3,1,4,2,10,3,3,1,,,0.6944,0.0
3,1,4,2,11,1,6,0,3,0,0.3119,0.4942
3,1,4,2,12,2,2,1,,,0.1791,0.0
3,1,4,2,13,3,6,0,,,0.234,0.0
3,1,4,2,14,6,6,1,,,0.0904,0.0
3,1,4,2,15,5,5,1,,,0.4364,0.0
3,1,4,2,16,4,1,0,,,0.512,0.0
3,1,4,2,17,2,2,1,,,0.4846,0.0
3,1,4,2,18,5,2,0,,,0.5587,0.0
3,1,4,2,19,5,3,0,,,0.4494,0.0
3,1,4,2,20,3,3,1,,,0.5215,0.0
3,1,4,2,21,1,6,0,5,0,0.3542,1.0945
3,1,4,2,22,6,6,1,,,0.1943,0.0
3,1,4,2,23,2,2,1,,,0.6804,0.0
3,1,4,2,24,5,6,0,,,0.2351,0.0
3,1,4,2,25,3,2,0,,,0.7951,0.0
3,1,4,2,26,6,6,1,,,0.1004,0.0
3,1,4,2,27,6,2,0,6,1,1.0861,0.6125
3,1,4,2,28,4,4,1,,,0.7611,0.0
3,1,4,2,29,5,6,0,,,0.9688,0.0
3,1,4,2,30,4,6,0,5,0,0.2815,1.0898
3,1,4,2,31,3,2,0,,,0.975,0.0
3,1,4,2,32,4,6,0,,,0.2234,0.0
3,1,4,2,33,6,6,1,,,1.0719,0.0
3,1,4,2,34,1,3,0,2,0,0.6901,0.8096
3,1,4,2,35,1,6,0,,,0.337,0.0
3,1,4,2,36,6,6,1,,,0.1896,0.0
3,1,4,2,37,4,3,0,6,0,0.7079,0.4575
3,1,4,2,38,5,5,1,,,0.2092,0.0
3,1,4,2,39,6,2,0,,,0.7581,0.0
3,1,4,2,40,5,5,1,,,0.4324,0.0
3,1,4,2,41,4,3,0,,,0.9893,0.0
3,1,4,2,42,4,6,0,,,0.0941,0.0
3,1,4,2,43,1,6,0,,,0.4193,0.0
3,1,4,2,44,2,6,0,4,0,0.2682,1.2684
3,1,4,2,45,3,2,0,3,1,0.5692,0.4689
3,1,4,2,46,1,1,1,,,0.432,0.0
3,1,4,2,47,5,2,0,1,0,0.5566,0.4245
3,1,4,2,48,2,3,0,5,0,0.4656,0.5465
3,1,4,2,49,2,6,0,,,0.0533,0.0
3,1,4,2,50,6,6,1,,,0.076,0.0
3,1,4,3,1,3,1,0,3,1,0.9166,0.4349
3,1,4,3,2,1,6,0,,,0.3668,0.0
3,1,4,3,3,5,6,0,,,0.1374,0.0
3,1,4,3,4,3,1,0,3,1,1.5499,0.7052
3,1,4,3,5,1,1,1,,,0.483,0.0
3,1,4,3,6,5,3,0,6,0,0.7501,0.6901
3,1,4,3,7,4,2,0,,,0.5916,0.0
3,1,4,3,8,4,2,0,,,0.737,0.0
3,1,4,3,9,1,6,0,,,0.1227,0.0
3,1,4,3,10,5,2,0,3,0,1.4232,0.5997
3,1,4,3,11,1,4,0,,,0.5214,0.0
3,1,4,3,12,2,6,0,5,0,0.3019,0.3562
3,1,4,3,13,3,3,1,,,0.7993,0.0
3,1,4,3,14,2,2,1,,,0.6684,0.0
3,1,4,3,15,6,5,0,2,0,0.5434,0.733
3,1,4,3,16,4,3,0,,,1.2878,0.0
3,1,4,3,17,5,5,1,,,0.6211,0.0
3,1,4,3,18,6,6,1,,,0.4661,0.0
3,1,4,3,19,2,2,1,,,0.846,0.0
3,1,4,3,20,3,3,1,,,1.6245,0.0
3,1,4,3,21,3,3,1,,,1.109,0.0
3,1,4,3,22,6,5,0,6,1,1.3648,0.2083
3,1,4,3,23,5,3,0,,,0.9981,0.0
3,1,4,3,24,5,6,0,,,0.4214,0.0
3,1,4,3,25,4,1,0,,,0.3829,0.0
3,1,4,3,26,3,3,1,,,0.5532,0.0
3,1,4,3,27,1,6,0,2,0,0.4484,0.7539
3,1,4,3,28,5,3,0,2,0,0.6845,0.8991
3,1,4,3,29,5,6,0,,,0.2961,0.0
3,1,4,3,30,2,2,1,,,0.5177,0.0
3,1,4,3,31,6,6,1,,,0.2378,0.0
3,1,4,3,32,4,1,0,,,1.0589,0.0
3,1,4,3,33,6,6,1,,,0.6729,0.0
3,1,4,3,34,1,1,1,,,0.4837,0.0
3,1,4,3,35,6,6,1,,,0.2695,0.0
3,1,4,3,36,6,2,0,,,0.9293,0.0
3,1,4,3,37,4,1,0,6,0,0.292,0.4434
3,1,4,3,38,2,3,0,2,1,0.9471,0.5271
3,1,4,3,39,4,2,0,,,0.7912,0.0
3,1,4,3,40,1,1,1,,,0.3846,0.0
3,1,4,3,41,6,6,1,,,0.1919,0.0
3,1,4,3,42,4,4,1,,,1.3017,0.0
3,1,4,3,43,6,6,1,,,0.1738,0.0
3,1,4,3,44,2,2,1,,,0.5814,0.0
3,1,4,3,45,6,6,1,,,0.4277,0.0
3,1,4,3,46,3,3,1,,,0.6157,0.0
3,1,4,3,47,3,3,1,,,0.4762,0.0
3,1,4,3,48,1,6,0,1,1,0.4712,0.9987
3,1,4,3,49,2,3,0,,,0.8607,0.0
3,1,4,3,50,2,6,0,5,0,0.3392,0.3606
3,1,4,4,1,2,4,0,,,0.7842,0.0
3,1,4,4,2,5,5,1,,,0.346,0.0
3,1,4,4,3,4,4,1,,,0.9537,0.0
3,1,4,4,4,6,6,1,,,0.145,0.0
3,1,4,4,5,3,5,0,6,0,0.6653,0.6576
3,1,4,4,6,5,4,0,,,0.9127,0.0
3,1,4,4,7,6,6,1,,,0.3722,0.0
3,1,4,4,8,2,3,0,,,0.8833,0.0
3,1,4,4,9,6,2,0,6,1,0.505,0.3269
3,1,4,4,10,4,2,0,6,0,0.6801,0.2558
3,1,4,4,11,4,6,0,4,1,0.1748,1.8031
3,1,4,4,12,2,2,1,,,0.3992,0.0
3,1,4,4,13,1,3,0,,,0.6524,0.0
3,1,4,4,14,1,1,1,,,0.3804,0.0
3,1,4,4,15,5,2,0,5,1,0.8422,0.3314
3,1,4,4,16,5,3,0,,,0.4281,0.0
3,1,4,4,17,6,6,1,,,0.1313,0.0
3,1,4,4,18,4,6,0,,,0.2199,0.0
3,1,4,4,19,4,5,0,,,0.7648,0.0
3,1,4,4,20,1,6,0,3,0,0.0073,0.858
3,1,4,4,21,5,5,1,,,1.0238,0.0
3,1,4,4,22,3,3,1,,,0.7722,0.0
3,1,4,4,23,3,3,1,,,0.2592,0.0
3,1,4,4,24,1,1,1,,,0.4865,0.0
3,1,4,4,25,6,6,1,,,0.0641,0.0
3,1,4,4,26,6,6,1,,,0.5072,0.0
3,1,4,4,27,2,2,1,,,0.5164,0.0
3,1,4,4,28,2,2,1,,,0.7502,0.0
3,1,4,4,29,1,1,1,,,0.3169,0.0
3,1,4,4,30,6,6,1,,,0.2708,0.0
3,1,4,4,31,3,2,0,,,0.3378,0.0
3,1,4,4,32,3,3,1,,,0.9896,0.0
3,1,4,4,33,5,5,1,,,0.3874,0.0
3,1,4,4,34,2,1,0,6,0,0.3534,0.4859
3,1,4,4,35,5,5,1,,,0.2042,0.0
3,1,4,4,36,4,6,0,,,0.6101,0.0
3,1,4,4,37,4,5,0,,,0.93,0.0
3,1,4,4,38,3,4,0,6,0,0.8854,0.4361
3,1,4,4,39,6,6,1,,,0.2521,0.0
3,1,4,4,40,2,3,0,2,1,0.7362,0.6287
3,1,4,4,41,1,6,0,,,0.3291,0.0
3,1,4,4,42,6,2,0,5,0,0.5324,0.498
3,1,4,4,43,6,6,1,,,0.2641,0.0
3,1,4,4,44,2,2,1,,,0.763,0.0
3,1,4,4,45,3,1,0,,,0.5059,0.0
3,1,4,4,46,4,4,1,,,1.2142,0.0
3,1,4,4,47,5,5,1,,,1.2099,0.0
3,1,4,4,48,1,5,0,,,0.791,0.0
3,1,4,4,49,1,1,1,,,0.2878,0.0
3,1,4,4,50,3,6,0,,,0.8822,0.0
3,1,5,1,1,3,5,0,,,0.4714,0.0
3,1,5,1,2,4,4,1,,,0.413,0.0
3,1,5,1,3,3,4,0,,,0.5862,0.0
3,1,5,1,4,4,6,0,4,1,0.2039,0.8384
3,1,5,1,5,3,5,0,,,0.355,0.0
3,1,5,1,6,2,6,0,,,0.3328,0.0
3,1,5,1,7,1,5,0,,,0.5057,0.0
3,1,5,1,8,2,6,0,,,0.2216,0.0
3,1,5,1,9,5,2,0,5,1,1.07,0.357
3,1,5,1,10,4,6,0,,,0.4211,0.0
3,1,5,1,11,2,5,0,,,0.4609,0.0
3,1,5,1,12,3,6,0,,,0.1952,0.0
3,1,5,1,13,1,1,1,,,0.6284,0.0
3,1,5,1,14,5,5,1,,,0.2805,0.0
3,1,5,1,15,6,3,0,2,0,0.3634,0.8321
3,1,5,1,16,6,5,0,,,0.5357,0.0
3,1,5,1,17,2,5,0,,,0.3159,0.0
3,1,5,1,18,4,5,0,,,1.2234,0.0
3,1,5,1,19,2,6,0,2,1,0.2388,0.6637
3,1,5,1,20,1,1,1,,,1.0666,0.0
3,1,5,1,21,1,1,1,,,0.4454,0.0
3,1,5,1,22,5,1,0,5,1,0.4732,0.3769
3,1,5,1,23,1,6,0,5,0,0.4396,0.377
3,1,5,1,24,6,6,1,,,0.2115,0.0
3,1,5,1,25,4,3,0,,,0.7295,0.0
3,1,5,1,26,5,5,1,,,0.7414,0.0
3,1,5,1,27,2,3,0,1,0,1.9244,1.2881
3,1,5,1,28,1,1,1,,,0.5261,0.0
3,1,5,1,29,3,3,1,,,0.7102,0.0
3,1,5,1,30,6,6,1,,,0.1983,0.0
3,1,5,1,31,2,3,0,,,0.9564,0.0
3,1,5,1,32,6,6,1,,,0.0147,0.0
3,1,5,1,33,5,1,0,,,1.196,0.0
3,1,5,1,34,4,6,0,,,0.1638,0.0
3,1,5,1,35,5,1,0,,,0.6459,0.0
3,1,5,1,36,1,6,0,,,0.1174,0.0
3,1,5,1,37,6,6,1,,,0.3781,0.0
3,1,5,1,38,5,5,1,,,0.2968,0.0
3,1,5,1,39,6,6,1,,,0.1868,0.0
3,1,5,1,40,5,3,0,,,0.6735,0.0
3,1,5,1,41,1,1,1,,,0.3031,0.0
3,1,5,1,42,3,3,1,,,0.8796,0.0
3,1,5,1,43,3,1,0,,,0.9857,0.0
3,1,5,1,44,2,2,1,,,0.4434,0.0
3,1,5,1,45,6,6,1,,,0.2462,0.0
3,1,5,1,46,4,5,0,,,0.3625,0.0
3,1,5,1,47,6,6,1,,,0.0692,0.0
3,1,5,1,48,4,6,0,4,1,0.0967,1.1523
3,1,5,1,49,3,3,1,,,0.4477,0.0
3,1,5,1,50,6,6,1,,,0.3942,0.0
3,1,5,2,1,6,2,0,6,1,0.5818,0.4339
3,1,5,2,2,1,2,0,6,0,0.9425,0.3789
3,1,5,2,3,3,3,1,,,0.5645,0.0
3,1,5,2,4,2,3,0,,,1.004,0.0
3,1,5,2,5,4,5,0,4,1,1.5169,0.1772
3,1,5,2,6,3,1,0,,,0.9526,0.0
3,1,5,2,7,6,6,1,,,0.0008,0.0
3,1,5,2,8,4,1,0,,,0.6018,0.0
3,1,5,2,9,5,6,0,5,1,0.1221,0.3289
3,1,5,2,10,1,1,1,,,0.5696,0.0
3,1,5,2,11,6,6,1,,,0.0482,0.0
3,1,5,2,12,4,3,0,,,1.0205,0.0
3,1,5,2,13,1,5,0,,,0.2993,0.0
3,1,5,2,14,1,2,0,1,1,1.2728,0.487
3,1,5,2,15,3,3,1,,,1.1055,0.0
3,1,5,2,16,1,1,1,,,0.4834,0.0
3,1,5,2,17,2,6,0,,,0.3499,0.0
3,1,5,2,18,5,3,0,,,0.776,0.0
3,1,5,2,19,2,6,0,,,0.0819,0.0
3,1,5,2,20,1,6,0,,,0.2804,0.0
3,1,5,2,21,2,2,1,,,0.4065,0.0
3,1,5,2,22,5,6,0,5,1,0.8204,0.4858
3,1,5,2,23,5,6,0,,,0.3043,0.0
3,1,5,2,24,3,6,0,,,0.3649,0.0
3,1,5,2,25,6,6,1,,,0.001,0.0
3,1,5,2,26,6,6,1,,,0.0009,0.0
3,1,5,2,27,6,6,1,,,0.0009,0.0
3,1,5,2,28,6,6,1,,,0.0506,0.0
3,1,5,2,29,4,2,0,,,0.6862,0.0
3,1,5,2,30,4,3,0,,,0.9235,0.0
3,1,5,2,31,6,1,0,6,1,0.9751,0.8106
3,1,5,2,32,5,2,0,3,0,0.5344,0.34
3,1,5,2,33,4,1,0,,,0.2228,0.0
3,1,5,2,34,2,4,0,,,0.4477,0.0
3,1,5,2,35,5,6,0,,,0.3579,0.0
3,1,5,2,36,6,6,1,,,0.1298,0.0
3,1,5,2,37,5,2,0,,,1.1307,0.0
3,1,5,2,38,4,1,0,,,0.4695,0.0
3,1,5,2,39,3,2,0,3,1,0.6037,0.4063
3,1,5,2,40,2,6,0,2,1,1.3787,0.8943
3,1,5,2,41,3,3,1,,,1.2387,0.0
3,1,5,2,42,6,6,1,,,0.1309,0.0
3,1,5,2,43,1,3,0,,,0.7156,0.0
3,1,5,2,44,2,6,0,,,0.1361,0.0
3,1,5,2,45,2,2,1,,,0.5394,0.0
3,1,5,2,46,5,5,1,,,0.4189,0.0
3,1,5,2,47,1,1,1,,,0.3197,0.0
3,1,5,2,48,3,2,0,,,0.528,0.0
3,1,5,2,49,4,6,0,,,0.2273,0.0
3,1,5,2,50,3,3,1,,,0.8996,0.0
3,1,5,3,1,3,6,0,,,0.2339,0.0
3,1,5,3,2,4,5,0,6,0,0.2983,0.5448
3,1,5,3,3,5,4,0,,,0.1002,0.0
3,1,5,3,4,4,3,0,,,0.7924,0.0
3,1,5,3,5,3,6,0,,,0.7382,0.0
3,1,5,3,6,1,5,0,,,0.5416,0.0
3,1,5,3,7,2,3,0,,,0.5438,0.0
3,1,5,3,8,4,2,0,,,0.7397,0.0
3,1,5,3,9,5,6,0,,,0.1263,0.0
3,1,5,3,10,3,1,0,3,1,0.787,0.6129
3,1,5,3,11,3,6,0,5,0,1.1146,0.3678
3,1,5,3,12,4,4,1,,,0.5386,0.0
3,1,5,3,13,2,1,0,,,0.8193,0.0
3,1,5,3,14,2,2,1,,,0.0273,0.0
3,1,5,3,15,6,6,1,,,0.0009,0.0
3,1,5,3,16,6,1,0,3,0,0.5977,0.8976
3,1,5,3,17,6,6,1,,,0.3257,0.0
3,1,5,3,18,6,6,1,,,0.5024,0.0
3,1,5,3,19,6,1,0,3,0,0.4964,0.8635
3,1,5,3,20,5,6,0,4,0,0.0533,1.446
3,1,5,3,21,6,6,1,,,0.6123,0.0
3,1,5,3,22,1,6,0,,,0.105,0.0
3,1,5,3,23,1,6,0,,,0.0009,0.0
3,1,5,3,24,1,6,0,,,0.0009,0.0
3,1,5,3,25,4,4,1,,,0.8974,0.0
3,1,5,3,26,2,2,1,,,0.7303,0.0
3,1,5,3,27,2,2,1,,,0.2028,0.0
3,1,5,3,28,4,6,0,,,0.8486,0.0
3,1,5,3,29,3,1,0,,,0.6471,0.0
3,1,5,3,30,2,1,0,3,0,0.6143,0.5286
3,1,5,3,31,5,5,1,,,0.4359,0.0
3,1,5,3,32,2,6,0,,,0.9444,0.0
3,1,5,3,33,4,5,0,,,0.9312,0.0
3,1,5,3,34,5,5,1,,,0.1505,0.0
3,1,5,3,35,1,1,1,,,0.4468,0.0
3,1,5,3,36,2,6,0,,,0.2029,0.0
3,1,5,3,37,5,5,1,,,0.6518,0.0
3,1,5,3,38,1,6,0,,,0.3843,0.0
3,1,5,3,39,1,1,1,,,0.425,0.0
3,1,5,3,40,6,2,0,5,0,1.9739,0.4886
3,1,5,3,41,6,6,1,,,0.9262,0.0
3,1,5,3,42,5,5,1,,,0.1334,0.0
3,1,5,3,43,3,1,0,,,0.3667,0.0
3,1,5,3,44,3,3,1,,,0.9528,0.0
3,1,5,3,45,6,6,1,,,0.3202,0.0
3,1,5,3,46,3,3,1,,,0.7379,0.0
3,1,5,3,47,4,4,1,,,0.6572,0.0
3,1,5,3,48,6,6,1,,,0.3234,0.0
3,1,5,3,49,5,5,1,,,0.356,0.0
3,1,5,3,50,1,1,1,,,0.3882,0.0
3,1,5,4,1,3,5,0,4,0,1.1358,1.3004
3,1,5,4,2,3,1,0,3,1,0.4411,0.8901
3,1,5,4,3,5,2,0,,,0.5309,0.0
3,1,5,4,4,2,5,0,,,0.343,0.0
3,1,5,4,5,6,6,1,,,0.001,0.0
3,1,5,4,6,6,6,1,,,0.2252,0.0
3,1,5,4,7,5,6,0,,,0.0011,0.0
3,1,5,4,8,5,6,0,,,0.6871,0.0
3,1,5,4,9,5,5,1,,,0.1729,0.0
3,1,5,4,10,2,2,1,,,0.5633,0.0
3,1,5,4,11,1,1,1,,,0.4736,0.0
3,1,5,4,12,1,1,1,,,0.2769,0.0
3,1,5,4,13,2,2,1,,,0.5673,0.0
3,1,5,4,14,3,6,0,3,1,0.7504,0.9784
3,1,5,4,15,3,3,1,,,0.3925,0.0
3,1,5,4,16,2,6,0,,,0.1335,0.0
3,1,5,4,17,6,6,1,,,0.3775,0.0
3,1,5,4,18,3,3,1,,,0.8082,0.0
3,1,5,4,19,2,5,0,,,0.6937,0.0
3,1,5,4,20,2,2,1,,,0.7064,0.0
3,1,5,4,21,1,1,1,,,0.3393,0.0
3,1,5,4,22,6,6,1,,,0.579,0.0
3,1,5,4,23,6,6,1,,,0.1852,0.0
3,1,5,4,24,6,6,1,,,0.1125,0.0
3,1,5,4,25,6,2,0,6,1,0.1051,0.9529
3,1,5,4,26,1,6,0,,,0.1918,0.0
3,1,5,4,27,4,2,0,3,0,0.9138,0.7191
3,1,5,4,28,6,1,0,4,0,0.444,1.004
3,1,5,4,29,4,1,0,,,0.3168,0.0
3,1,5,4,30,4,6,0,2,0,0.5058,0.3432
3,1,5,4,31,3,4,0,,,0.7557,0.0
3,1,5,4,32,1,6,0,,,0.001,0.0
3,1,5,4,33,4,3,0,,,0.7588,0.0
3,1,5,4,34,1,1,1,,,0.6084,0.0
3,1,5,4,35,2,1,0,2,1,0.7088,1.1
3,1,5,4,36,5,6,0,,,0.6042,0.0
3,1,5,4,37,3,5,0,,,0.5097,0.0
3,1,5,4,38,1,6,0,,,0.0336,0.0
3,1,5,4,39,4,2,0,,,0.5061,0.0
3,1,5,4,40,5,3,0,,,0.5582,0.0
3,1,5,4,41,6,6,1,,,0.1288,0.0
3,1,5,4,42,4,6,0,,,0.2166,0.0
3,1,5,4,43,1,5,0,6,0,0.3129,0.5914
3,1,5,4,44,4,2,0,,,0.3366,0.0
3,1,5,4,45,5,5,1,,,0.156,0.0
3,1,5,4,46,6,6,1,,,0.371,0.0
3,1,5,4,47,3,1,0,,,0.4033,0.0
3,1,5,4,48,5,3,0,1,0,0.3632,0.9594
3,1,5,4,49,4,1,0,,,0.2903,0.0
3,1,5,4,50,2,5,0,,,0.1915,0.0
3,2,1,1,1,3,3,1,,,0.4928,0.0
3,2,1,1,2,4,4,1,,,1.1117,0.0
3,2,1,1,3,1,6,0,,,0.2325,0.0
3,2,1,1,4,6,5,0,,,0.2326,0.0
3,2,1,1,5,1,3,0,2,0,0.5366,0.9174
3,2,1,1,6,6,6,1,,,0.2175,0.0
3,2,1,1,7,4,1,0,,,0.767,0.0
3,2,1,1,8,4,6,0,,,0.3616,0.0
3,2,1,1,9,2,6,0,,,0.3239,0.0
3,2,1,1,10,3,3,1,,,0.4959,0.0
3,2,1,1,11,2,2,1,,,0.8424,0.0
3,2,1,1,12,1,6,0,,,0.4391,0.0
3,2,1,1,13,3,6,0,2,0,0.4151,0.7217
3,2,1,1,14,5,6,0,2,0,0.189,0.6974
3,2,1,1,15,4,1,0,6,0,1.2698,0.5162
3,2,1,1,16,6,3,0,,,0.8415,0.0
3,2,1,1,17,6,6,1,,,0.2088,0.0
3,2,1,1,18,3,3,1,,,0.8232,0.0
3,2,1,1,19,5,3,0,,,0.7712,0.0
3,2,1,1,20,6,6,1,,,0.094,0.0
3,2,1,1,21,3,5,0,,,0.488,0.0
3,2,1,1,22,1,6,0,,,1.2624,0.0
3,2,1,1,23,4,2,0,,,1.2357,0.0
3,2,1,1,24,3,3,1,,,1.0665,0.0
3,2,1,1,25,6,6,1,,,0.1731,0.0
3,2,1,1,26,2,2,1,,,0.484,0.0
3,2,1,1,27,4,6,0,,,0.2063,0.0
3,2,1,1,28,1,1,1,,,0.6405,0.0
3,2,1,1,29,5,6,0,3,0,0.9165,0.723
3,2,1,1,30,6,6,1,,,0.1581,0.0
3,2,1,1,31,6,6,1,,,0.0221,0.0
3,2,1,1,32,4,4,1,,,0.6443,0.0
3,2,1,1,33,2,2,1,,,0.473,0.0
3,2,1,1,34,3,3,1,,,0.5478,0.0
3,2,1,1,35,1,2,0,,,0.6672,0.0
3,2,1,1,36,5,6,0,,,0.1052,0.0
3,2,1,1,37,5,2,0,,,0.6225,0.0
3,2,1,1,38,3,2,0,,,1.5512,0.0
3,2,1,1,39,5,5,1,,,0.3617,0.0
3,2,1,1,40,1,5,0,,,0.5529,0.0
3,2,1,1,41,2,2,1,,,0.3959,0.0
3,2,1,1,42,2,5,0,3,0,0.4424,0.9066
3,2,1,1,43,6,3,0,2,0,0.7995,0.3704
3,2,1,1,44,1,2,0,3,0,1.7407,0.4096
3,2,1,1,45,2,1,0,3,0,0.6742,0.6496
3,2,1,1,46,5,2,0,3,0,0.6166,0.5948
3,2,1,1,47,5,5,1,,,0.3409,0.0
3,2,1,1,48,2,5,0,,,0.8699,0.0
3,2,1,1,49,6,6,1,,,0.2198,0.0
3,2,1,1,50,4,1,0,,,1.3928,0.0
3,2,1,2,1,3,6,0,3,1,0.3672,0.6425
3,2,1,2,2,4,6,0,,,0.6628,0.0
3,2,1,2,3,1,6,0,,,0.3254,0.0
3,2,1,2,4,6,2,0,,,0.9939,0.0
3,2,1,2,5,5,5,1,,,0.2113,0.0
3,2,1,2,6,6,6,1,,,0.633,0.0
3,2,1,2,7,2,3,0,,,0.4463,0.0
3,2,1,2,8,5,6,0,,,0.6128,0.0
3,2,1,2,9,1,3,0,,,0.4216,0.0
3,2,1,2,10,5,6,0,,,0.7173,0.0
3,2,1,2,11,1,6,0,,,0.1222,0.0
3,2,1,2,12,5,1,0,,,0.9427,0.0
3,2,1,2,13,1,6,0,,,1.1864,0.0
3,2,1,2,14,1,2,0,,,0.8748,0.0
3,2,1,2,15,4,1,0,2,0,0.1778,1.1014
3,2,1,2,16,2,3,0,,,0.506,0.0
3,2,1,2,17,1,5,0,,,0.7026,0.0
3,2,1,2,18,6,6,1,,,0.3162,0.0
3,2,1,2,19,3,3,1,,,0.5087,0.0
3,2,1,2,20,2,2,1,,,0.5508,0.0
3,2,1,2,21,4,2,0,,,0.7659,0.0
3,2,1,2,22,5,6,0,,,0.9846,0.0
3,2,1,2,23,3,3,1,,,0.5695,0.0
3,2,1,2,24,4,1,0,,,0.5455,0.0
3,2,1,2,25,4,4,1,,,1.268,0.0
3,2,1,2,26,1,6,0,4,0,0.6867,0.5805
3,2,1,2,27,2,2,1,,,0.2621,0.0
3,2,1,2,28,6,6,1,,,0.0742,0.0
3,2,1,2,29,3,1,0,3,1,0.502,0.6291
3,2,1,2,30,3,3,1,,,0.5535,0.0
3,2,1,2,31,4,4,1,,,0.8972,0.0
3,2,1,2,32,3,2,0,,,0.8099,0.0
3,2,1,2,33,6,6,1,,,0.2273,0.0
3,2,1,2,34,5,3,0,,,1.0961,0.0
3,2,1,2,35,4,4,1,,,1.2373,0.0
3,2,1,2,36,6,6,1,,,0.0804,0.0
3,2,1,2,37,3,3,1,,,0.5228,0.0
3,2,1,2,38,2,2,1,,,0.5163,0.0
3,2,1,2,39,2,6,0,,,0.3808,0.0
3,2,1,2,40,6,4,0,,,0.9197,0.0
3,2,1,2,41,6,5,0,,,0.4114,0.0
3,2,1,2,42,4,3,0,6,0,1.0598,0.3637
3,2,1,2,43,2,2,1,,,0.294,0.0
3,2,1,2,44,5,2,0,,,0.4403,0.0
3,2,1,2,45,1,3,0,,,1.0572,0.0
3,2,1,2,46,6,6,1,,,0.2396,0.0
3,2,1,2,47,6,1,0,6,1,0.6432,0.2853
3,2,1,2,48,2,2,1,,,0.1429,0.0
3,2,1,2,49,3,6,0,,,0.4243,0.0
3,2,1,2,50,5,4,0,,,0.8646,0.0
3,2,1,3,1,6,1,0,3,0,0.8357,0.725
3,2,1,3,2,4,2,0,,,0.4329,0.0
3,2,1,3,3,3,4,0,,,0.4895,0.0
3,2,1,3,4,3,3,1,,,0.5591,0.0
3,2,1,3,5,6,6,1,,,0.1989,0.0
3,2,1,3,6,5,5,1,,,1.3248,0.0
3,2,1,3,7,6,6,1,,,0.2287,0.0
3,2,1,3,8,2,6,0,,,0.6494,0.0
3,2,1,3,9,2,2,1,,,0.5856,0.0
3,2,1,3,10,3,3,1,,,0.7517,0.0
3,2,1,3,11,5,1,0,,,1.4231,0.0
3,2,1,3,12,1,6,0,,,0.11,0.0
3,2,1,3,13,3,3,1,,,0.8511,0.0
3,2,1,3,14,4,6,0,3,0,0.4301,0.5607
3,2,1,3,15,2,6,0,4,0,0.2914,0.9548
3,2,1,3,16,2,6,0,,,0.6528,0.0
3,2,1,3,17,4,3,0,2,0,0.6203,0.4214
3,2,1,3,18,1,5,0,4,0,0.4463,1.343
3,2,1,3,19,6,6,1,,,0.13,0.0
3,2,1,3,20,5,3,0,6,0,0.5556,0.4075
3,2,1,3,21,2,3,0,5,0,0.5444,0.6541
3,2,1,3,22,1,6,0,,,0.3967,0.0
3,2,1,3,23,4,6,0,,,0.8382,0.0
3,2,1,3,24,3,1,0,,,0.9413,0.0
3,2,1,3,25,3,3,1,,,0.6242,0.0
3,2,1,3,26,3,2,0,5,0,0.6781,0.3808
3,2,1,3,27,5,1,0,,,0.5353,0.0
3,2,1,3,28,6,6,1,,,0.0434,0.0
3,2,1,3,29,3,3,1,,,0.3912,0.0
3,2,1,3,30,2,2,1,,,0.2622,0.0
3,2,1,3,31,2,1,0,5,0,0.7617,0.526
3,2,1,3,32,5,5,1,,,0.8982,0.0
3,2,1,3,33,6,6,1,,,0.011,0.0
3,2,1,3,34,2,2,1,,,0.5211,0.0
3,2,1,3,35,1,1,1,,,0.4991,0.0
3,2,1,3,36,6,6,1,,,0.0769,0.0
3,2,1,3,37,4,3,0,,,1.0001,0.0
3,2,1,3,38,4,5,0,,,1.0323,0.0
3,2,1,3,39,4,4,1,,,0.8398,0.0
3,2,1,3,40,5,4,0,5,1,0.6272,0.6048
3,2,1,3,41,1,4,0,,,0.4981,0.0
3,2,1,3,42,5,3,0,,,0.7921,0.0
3,2,1,3,43,4,5,0,,,1.0412,0.0
3,2,1,3,44,6,6,1,,,0.001,0.0
3,2,1,3,45,1,1,1,,,0.9114,0.0
3,2,1,3,46,1,2,0,1,1,1.144,0.972
3,2,1,3,47,6,6,1,,,0.6591,0.0
3,2,1,3,48,5,5,1,,,0.3268,0.0
3,2,1,3,49,6,6,1,,,0.001,0.0
3,2,1,3,50,1,6,0,3,0,0.4544,0.6145
3,2,1,4,1,1,1,1,,,0.4687,0.0
3,2,1,4,2,4,5,0,,,0.6552,0.0
3,2,1,4,3,3,3,1,,,0.4146,0.0
3,2,1,4,4,3,3,1,,,0.6351,0.0
3,2,1,4,5,3,1,0,,,0.3354,0.0
3,2,1,4,6,6,4,0,5,0,1.0997,0.4176
3,2,1,4,7,2,2,1,,,0.667,0.0
3,2,1,4,8,5,5,1,,,0.0941,0.0
3,2,1,4,9,2,3,0,4,0,0.504,0.8223
3,2,1,4,10,5,2,0,3,0,0.4946,0.3502
3,2,1,4,11,4,1,0,,,1.3538,0.0
3,2,1,4,12,3,3,1,,,0.4431,0.0
3,2,1,4,13,2,2,1,,,0.4083,0.0
3,2,1,4,14,1,1,1,,,0.5812,0.0
3,2,1,4,15,3,5,0,,,1.6122,0.0
3,2,1,4,16,3,2,0,3,1,0.3229,0.3285
3,2,1,4,17,6,1,0,3,0,0.7291,0.5758
3,2,1,4,18,1,3,0,6,0,1.1212,0.2781
3,2,1,4,19,6,6,1,,,0.1484,0.0
3,2,1,4,20,4,3,0,,,0.5092,0.0
3,2,1,4,21,5,5,1,,,0.0334,0.0
3,2,1,4,22,2,1,0,,,0.687,0.0
3,2,1,4,23,4,4,1,,,0.6361,0.0
3,2,1,4,24,4,6,0,4,1,0.4169,0.8821
3,2,1,4,25,2,6,0,,,0.7328,0.0
3,2,1,4,26,2,2,1,,,0.52,0.0
3,2,1,4,27,6,6,1,,,0.0009,0.0
3,2,1,4,28,1,1,1,,,0.4154,0.0
3,2,1,4,29,1,1,1,,,0.1558,0.0
3,2,1,4,30,5,5,1,,,0.2124,0.0
3,2,1,4,31,1,1,1,,,0.4253,0.0
3,2,1,4,32,5,5,1,,,0.1832,0.0
3,2,1,4,33,4,3,0,,,0.4931,0.0
3,2,1,4,34,6,6,1,,,0.067,0.0
3,2,1,4,35,6,2,0,3,0,0.6384,0.4871
3,2,1,4,36,6,6,1,,,0.2204,0.0
3,2,1,4,37,5,6,0,,,0.2103,0.0
3,2,1,4,38,2,6,0,,,0.1794,0.0
3,2,1,4,39,1,1,1,,,0.4372,0.0
3,2,1,4,40,3,3,1,,,0.9299,0.0
3,2,1,4,41,6,6,1,,,0.0247,0.0
3,2,1,4,42,4,2,0,3,0,0.8393,0.4561
3,2,1,4,43,4,1,0,,,0.2705,0.0
3,2,1,4,44,6,5,0,4,0,0.2854,0.7561
3,2,1,4,45,6,5,0,6,1,0.2398,0.4736
3,2,1,4,46,5,5,1,,,0.4195,0.0
3,2,1,4,47,3,3,1,,,0.385,0.0
3,2,1,4,48,1,1,1,,,0.7836,0.0
3,2,1,4,49,5,5,1,,,0.078,0.0
3,2,1,4,50,2,2,1,,,0.6487,0.0
3,2,2,1,1,3,3,1,,,0.388,0.0
3,2,2,1,2,4,5,0,2,0,0.3375,0.5835
3,2,2,1,3,3,3,1,,,0.2176,0.0
3,2,2,1,4,3,1,0,3,1,0.5897,0.5372
3,2,2,1,5,2,2,1,,,0.1619,0.0
3,2,2,1,6,2,5,0,3,0,0.4577,0.6332
3,2,2,1,7,4,5,0,3,0,0.4088,0.6357
3,2,2,1,8,4,1,0,2,0,0.6519,0.7715
3,2,2,1,9,5,1,0,5,1,0.5259,0.2521
3,2,2,1,10,6,6,1,,,0.0321,0.0
3,2,2,1,11,1,6,0,1,1,0.0928,0.6037
3,2,2,1,12,6,6,1,,,0.369,0.0
3,2,2,1,13,2,2,1,,,1.2168,0.0
3,2,2,1,14,6,6,1,,,0.001,0.0
3,2,2,1,15,2,1,0,,,0.6356,0.0
3,2,2,1,16,4,5,0,,,1.099,0.0
3,2,2,1,17,3,5,0,6,0,0.6953,0.4616
3,2,2,1,18,3,1,0,2,0,0.5971,0.7193
3,2,2,1,19,1,1,1,,,0.6032,0.0
3,2,2,1,20,6,6,1,,,0.4815,0.0
3,2,2,1,21,6,6,1,,,0.0593,0.0
3,2,2,1,22,5,5,1,,,0.0009,0.0
3,2,2,1,23,5,5,1,,,1.0937,0.0
3,2,2,1,24,4,4,1,,,0.5516,0.0
3,2,2,1,25,3,4,0,,,0.5921,0.0
3,2,2,1,26,4,3,0,,,1.0247,0.0
3,2,2,1,27,6,6,1,,,0.0494,0.0
3,2,2,1,28,1,1,1,,,1.4376,0.0
3,2,2,1,29,5,5,1,,,0.0643,0.0
3,2,2,1,30,4,5,0,,,0.7966,0.0
3,2,2,1,31,2,2,1,,,0.9803,0.0
3,2,2,1,32,4,6,0,4,1,0.5226,1.3848
3,2,2,1,33,5,5,1,,,0.1897,0.0
3,2,2,1,34,3,1,0,,,0.9651,0.0
3,2,2,1,35,5,5,1,,,0.4869,0.0
3,2,2,1,36,5,5,1,,,0.1769,0.0
3,2,2,1,37,1,1,1,,,0.2487,0.0
3,2,2,1,38,1,1,1,,,0.6524,0.0
3,2,2,1,39,2,5,0,,,1.0232,0.0
3,2,2,1,40,1,6,0,,,0.063,0.0
3,2,2,1,41,6,6,1,,,0.1659,0.0
3,2,2,1,42,2,2,1,,,0.4617,0.0
3,2,2,1,43,6,6,1,,,0.0728,0.0
3,2,2,1,44,6,6,1,,,0.0049,0.0
3,2,2,1,45,1,1,1,,,0.7388,0.0
3,2,2,1,46,2,3,0,2,1,0.9306,1.0561
3,2,2,1,47,6,6,1,,,0.1151,0.0
3,2,2,1,48,1,1,1,,,1.0848,0.0
3,2,2,1,49,5,6,0,3,0,0.7021,0.8844
3,2,2,1,50,3,3,1,,,0.6984,0.0
3,2,2,2,1,4,4,1,,,1.2095,0.0
3,2,2,2,2,6,6,1,,,0.5822,0.0
3,2,2,2,3,1,3,0,,,0.3323,0.0
3,2,2,2,4,6,6,1,,,0.0011,0.0
3,2,2,2,5,6,2,0,,,1.4304,0.0
3,2,2,2,6,5,5,1,,,0.277,0.0
3,2,2,2,7,6,1,0,,,0.4235,0.0
3,2,2,2,8,2,2,1,,,1.104,0.0
3,2,2,2,9,4,5,0,,,0.1768,0.0
3,2,2,2,10,2,1,0,,,0.9957,0.0
3,2,2,2,11,5,5,1,,,0.9011,0.0
3,2,2,2,12,3,1,0,,,0.6216,0.0
3,2,2,2,13,4,6,0,,,0.1585,0.0
3,2,2,2,14,6,6,1,,,0.0173,0.0
3,2,2,2,15,5,5,1,,,0.1434,0.0
3,2,2,2,16,5,5,1,,,0.9681,0.0
3,2,2,2,17,5,6,0,5,1,0.11,0.6219
3,2,2,2,18,5,5,1,,,0.13,0.0
3,2,2,2,19,3,3,1,,,1.0187,0.0
3,2,2,2,20,2,2,1,,,0.3029,0.0
3,2,2,2,21,4,1,0,,,1.3933,0.0
3,2,2,2,22,3,6,0,5,0,0.0817,0.3702
3,2,2,2,23,1,5,0,,,1.1808,0.0
3,2,2,2,24,5,3,0,,,0.7417,0.0
3,2,2,2,25,4,1,0,,,0.8657,0.0
3,2,2,2,26,1,5,0,,,0.9034,0.0
3,2,2,2,27,1,5,0,,,0.0768,0.0
3,2,2,2,28,2,5,0,,,0.5308,0.0
3,2,2,2,29,3,3,1,,,0.7916,0.0
3,2,2,2,30,6,6,1,,,0.3886,0.0
3,2,2,2,31,1,5,0,,,0.2602,0.0
3,2,2,2,32,4,4,1,,,0.5298,0.0
3,2,2,2,33,1,3,0,,,0.6989,0.0
3,2,2,2,34,2,6,0,,,0.2635,0.0
3,2,2,2,35,6,6,1,,,0.7098,0.0
3,2,2,2,36,6,6,1,,,0.0074,0.0
3,2,2,2,37,1,1,1,,,0.9335,0.0
3,2,2,2,38,4,1,0,3,0,0.8781,1.0688
3,2,2,2,39,2,3,0,,,0.3153,0.0
3,2,2,2,40,1,6,0,,,0.3759,0.0
3,2,2,2,41,4,3,0,2,0,0.8017,0.4205
3,2,2,2,42,3,1,0,,,0.2526,0.0
3,2,2,2,43,3,2,0,,,1.4199,0.0
3,2,2,2,44,6,5,0,,,0.6674,0.0
3,2,2,2,45,3,3,1,,,0.5065,0.0
3,2,2,2,46,6,6,1,,,0.1313,0.0
3,2,2,2,47,2,2,1,,,0.3482,0.0
3,2,2,2,48,3,1,0,,,0.8446,0.0
3,2,2,2,49,5,5,1,,,0.001,0.0
3,2,2,2,50,2,6,0,5,0,0.3368,0.5184
3,2,2,3,1,6,6,1,,,0.2328,0.0
3,2,2,3,2,2,6,0,,,0.2054,0.0
3,2,2,3,3,3,1,0,,,0.7509,0.0
3,2,2,3,4,1,1,1,,,0.5375,0.0
3,2,2,3,5,2,1,0,,,0.001,0.0
3,2,2,3,6,5,5,1,,,0.0754,0.0
3,2,2,3,7,3,4,0,,,1.047,0.0
3,2,2,3,8,6,6,1,,,0.0371,0.0
3,2,2,3,9,6,5,0,6,1,0.4988,0.2895
3,2,2,3,10,3,2,0,,,0.8529,0.0
3,2,2,3,11,5,5,1,,,0.2675,0.0
3,2,2,3,12,5,5,1,,,0.0148,0.0
3,2,2,3,13,3,5,0,,,0.4115,0.0
3,2,2,3,14,4,5,0,,,0.1805,0.0
3,2,2,3,15,4,3,0,,,1.0472,0.0
3,2,2,3,16,2,5,0,,,0.2764,0.0
3,2,2,3,17,1,2,0,3,0,1.4111,0.6208
3,2,2,3,18,1,6,0,,,0.4289,0.0
3,2,2,3,19,3,5,0,,,0.4207,0.0
3,2,2,3,20,6,6,1,,,0.001,0.0
3,2,2,3,21,5,5,1,,,0.3319,0.0
3,2,2,3,22,2,2,1,,,0.2364,0.0
3,2,2,3,23,3,1,0,,,0.9928,0.0
3,2,2,3,24,5,6,0,5,1,0.0496,0.4993
3,2,2,3,25,3,1,0,,,0.0929,0.0
3,2,2,3,26,6,5,0,3,0,0.1793,0.399
3,2,2,3,27,3,3,1,,,0.5682,0.0
3,2,2,3,28,4,4,1,,,0.5745,0.0
3,2,2,3,29,1,2,0,,,0.4538,0.0
3,2,2,3,30,1,1,1,,,0.2054,0.0
3,2,2,3,31,4,5,0,,,1.1238,0.0
3,2,2,3,32,4,3,0,,,0.8477,0.0
3,2,2,3,33,5,5,1,,,0.1179,0.0
3,2,2,3,34,6,6,1,,,0.001,0.0
3,2,2,3,35,6,4,0,3,0,0.9896,0.6164
3,2,2,3,36,1,1,1,,,0.1844,0.0
3,2,2,3,37,2,1,0,2,1,0.9275,0.4765
3,2,2,3,38,2,2,1,,,0.4392,0.0
3,2,2,3,39,1,1,1,,,0.1791,0.0
3,2,2,3,40,6,3,0,,,0.6181,0.0
3,2,2,3,41,4,4,1,,,1.5947,0.0
3,2,2,3,42,1,3,0,,,0.9044,0.0
3,2,2,3,43,6,6,1,,,0.1571,0.0
3,2,2,3,44,4,4,1,,,0.2929,0.0
3,2,2,3,45,6,6,1,,,0.0718,0.0
3,2,2,3,46,2,2,1,,,0.8984,0.0
3,2,2,3,47,2,1,0,,,0.6525,0.0
3,2,2,3,48,5,5,1,,,0.635,0.0
3,2,2,3,49,4,1,0,,,1.2147,0.0
3,2,2,3,50,5,5,1,,,0.1193,0.0
3,2,2,4,1,3,5,0,,,0.7501,0.0
3,2,2,4,2,2,6,0,3,0,0.4567,0.7772
3,2,2,4,3,4,6,0,,,0.5793,0.0
3,2,2,4,4,2,2,1,,,0.4359,0.0
3,2,2,4,5,4,5,0,3,0,0.8972,0.7841
3,2,2,4,6,5,4,0,,,0.5845,0.0
3,2,2,4,7,4,4,1,,,0.9871,0.0
3,2,2,4,8,2,6,0,4,0,0.0482,0.8496
3,2,2,4,9,3,3,1,,,0.7608,0.0
3,2,2,4,10,3,3,1,,,0.4393,0.0
3,2,2,4,11,4,4,1,,,0.3562,0.0
3,2,2,4,12,3,3,1,,,1.0761,0.0
3,2,2,4,13,3,4,0,2,0,1.1737,1.5453
3,2,2,4,14,4,5,0,,,0.3717,0.0
3,2,2,4,15,6,6,1,,,0.1582,0.0
3,2,2,4,16,2,2,1,,,0.2944,0.0
3,2,2,4,17,6,6,1,,,0.3273,0.0
3,2,2,4,18,5,5,1,,,1.1608,0.0
3,2,2,4,19,4,4,1,,,0.5188,0.0
3,2,2,4,20,3,2,0,3,1,0.5449,0.5418
3,2,2,4,21,1,3,0,1,1,0.8221,0.4234
3,2,2,4,22,6,6,1,,,0.4844,0.0
3,2,2,4,23,2,4,0,3,0,1.0549,0.4545
3,2,2,4,24,6,6,1,,,0.2531,0.0
3,2,2,4,25,6,6,1,,,0.21,0.0
3,2,2,4,26,5,5,1,,,0.2471,0.0
3,2,2,4,27,1,1,1,,,0.8753,0.0
3,2,2,4,28,1,1,1,,,0.5347,0.0
3,2,2,4,29,1,1,1,,,0.4308,0.0
3,2,2,4,30,4,5,0,,,0.8591,0.0
3,2,2,4,31,3,1,0,,,0.5133,0.0
3,2,2,4,32,5,6,0,5,1,0.0048,0.4245
3,2,2,4,33,2,2,1,,,0.6138,0.0
3,2,2,4,34,3,3,1,,,0.4428,0.0
3,2,2,4,35,4,5,0,,,0.4551,0.0
3,2,2,4,36,6,6,1,,,0.3498,0.0
3,2,2,4,37,2,2,1,,,0.4302,0.0
3,2,2,4,38,6,6,1,,,0.1223,0.0
3,2,2,4,39,6,6,1,,,0.2596,0.0
3,2,2,4,40,2,2,1,,,0.4708,0.0
3,2,2,4,41,6,5,0,1,0,0.4816,0.4502
3,2,2,4,42,1,1,1,,,0.2326,0.0
3,2,2,4,43,1,6,0,,,0.8452,0.0
3,2,2,4,44,5,5,1,,,0.1,0.0
3,2,2,4,45,5,5,1,,,0.0778,0.0
3,2,2,4,46,1,1,1,,,0.25,0.0
3,2,2,4,47,6,6,1,,,0.0297,0.0
3,2,2,4,48,1,4,0,5,0,1.498,0.3839
3,2,2,4,49,5,6,0,5,1,0.042,0.556
3,2,2,4,50,5,5,1,,,0.001,0.0
3,2,3,1,1,2,5,0,,,0.314,0.0
3,2,3,1,2,6,5,0,6,1,0.001,0.3939
3,2,3,1,3,6,5,0,,,0.8715,0.0
3,2,3,1,4,1,5,0,3,0,0.5738,0.634
3,2,3,1,5,6,1,0,,,0.5858,0.0
3,2,3,1,6,2,3,0,4,0,0.4754,1.6114
3,2,3,1,7,5,6,0,,,0.0346,0.0
3,2,3,1,8,3,3,1,,,0.539,0.0
3,2,3,1,9,4,1,0,3,0,0.8675,0.8822
3,2,3,1,10,5,5,1,,,0.6312,0.0
3,2,3,1,11,6,6,1,,,0.0011,0.0
3,2,3,1,12,5,5,1,,,0.2016,0.0
3,2,3,1,13,6,6,1,,,0.0482,0.0
3,2,3,1,14,2,6,0,,,0.3319,0.0
3,2,3,1,15,5,6,0,,,0.1359,0.0
3,2,3,1,16,6,6,1,,,0.2846,0.0
3,2,3,1,17,4,6,0,5,0,0.6546,0.1346
3,2,3,1,18,4,2,0,,,0.7001,0.0
3,2,3,1,19,1,5,0,,,0.0008,0.0
3,2,3,1,20,2,6,0,2,1,0.0814,0.914
3,2,3,1,21,5,5,1,,,0.2027,0.0
3,2,3,1,22,3,3,1,,,0.9126,0.0
3,2,3,1,23,6,5,0,,,0.0099,0.0
3,2,3,1,24,4,4,1,,,1.1386,0.0
3,2,3,1,25,1,1,1,,,0.1941,0.0
3,2,3,1,26,6,6,1,,,0.001,0.0
3,2,3,1,27,1,4,0,5,0,0.6474,0.4159
3,2,3,1,28,3,2,0,3,1,1.2571,0.296
3,2,3,1,29,5,6,0,5,1,0.1855,0.693
3,2,3,1,30,4,3,0,,,0.6001,0.0
3,2,3,1,31,5,5,1,,,1.0967,0.0
3,2,3,1,32,1,6,0,4,0,0.1529,1.3508
3,2,3,1,33,3,1,0,,,0.8722,0.0
3,2,3,1,34,4,5,0,,,0.7342,0.0
3,2,3,1,35,2,4,0,3,0,1.5137,0.4952
3,2,3,1,36,4,5,0,,,1.2041,0.0
3,2,3,1,37,6,6,1,,,0.1574,0.0
3,2,3,1,38,3,6,0,3,1,0.0532,0.5181
3,2,3,1,39,3,3,1,,,0.6074,0.0
3,2,3,1,40,1,1,1,,,0.4526,0.0
3,2,3,1,41,1,6,0,1,1,0.2569,0.6335
3,2,3,1,42,2,6,0,,,0.0926,0.0
3,2,3,1,43,1,5,0,,,0.1783,0.0
3,2,3,1,44,3,3,1,,,0.5008,0.0
3,2,3,1,45,5,6,0,5,1,0.575,0.1223
3,2,3,1,46,2,5,0,,,0.8038,0.0
3,2,3,1,47,2,5,0,,,0.3968,0.0
3,2,3,1,48,4,4,1,,,0.5977,0.0
3,2,3,1,49,6,3,0,1,0,0.7633,0.8312
3,2,3,1,50,3,1,0,,,1.9753,0.0
3,2,3,2,1,1,5,0,1,1,1.3738,0.6321
3,2,3,2,2,2,2,1,,,0.5879,0.0
3,2,3,2,3,6,6,1,,,0.1791,0.0
3,2,3,2,4,1,1,1,,,0.458,0.0
3,2,3,2,5,5,5,1,,,0.1012,0.0
3,2,3,2,6,6,5,0,6,1,0.7033,0.6613
3,2,3,2,7,2,2,1,,,0.7284,0.0
3,2,3,2,8,3,6,0,,,0.3125,0.0
3,2,3,2,9,3,4,0,3,1,0.8371,1.0936
3,2,3,2,10,6,6,1,,,0.0396,0.0
3,2,3,2,11,6,6,1,,,0.7248,0.0
3,2,3,2,12,1,1,1,,,0.2131,0.0
3,2,3,2,13,6,4,0,,,1.3538,0.0
3,2,3,2,14,2,3,0,,,0.3484,0.0
3,2,3,2,15,5,5,1,,,0.0883,0.0
3,2,3,2,16,6,6,1,,,0.0009,0.0
3,2,3,2,17,3,5,0,,,0.625,0.0
3,2,3,2,18,6,2,0,,,0.7689,0.0
3,2,3,2,19,2,2,1,,,0.524,0.0
3,2,3,2,20,3,3,1,,,0.4045,0.0
3,2,3,2,21,2,3,0,,,0.4981,0.0
3,2,3,2,22,5,5,1,,,0.0008,0.0
3,2,3,2,23,4,4,1,,,0.5497,0.0
3,2,3,2,24,3,5,0,4,0,0.0296,0.7193
3,2,3,2,25,2,2,1,,,0.4441,0.0
3,2,3,2,26,4,6,0,,,1.3195,0.0
3,2,3,2,27,4,4,1,,,0.395,0.0
3,2,3,2,28,4,3,0,,,1.5613,0.0
3,2,3,2,29,4,2,0,,,0.7856,0.0
3,2,3,2,30,1,1,1,,,0.1559,0.0
3,2,3,2,31,5,6,0,5,1,0.3075,0.1067
3,2,3,2,32,3,2,0,,,0.5806,0.0
3,2,3,2,33,6,6,1,,,0.2619,0.0
3,2,3,2,34,6,6,1,,,0.0009,0.0
3,2,3,2,35,2,2,1,,,0.4079,0.0
3,2,3,2,36,2,5,0,,,0.4058,0.0
3,2,3,2,37,1,1,1,,,0.1422,0.0
3,2,3,2,38,5,5,1,,,0.0073,0.0
3,2,3,2,39,3,3,1,,,0.5496,0.0
3,2,3,2,40,4,6,0,,,0.3174,0.0
3,2,3,2,41,1,5,0,,,0.1857,0.0
3,2,3,2,42,6,5,0,6,1,0.0927,0.38
3,2,3,2,43,5,5,1,,,0.1385,0.0
3,2,3,2,44,5,6,0,5,1,0.1631,0.6558
3,2,3,2,45,4,6,0,5,0,0.2755,0.9549
3,2,3,2,46,5,5,1,,,0.0297,0.0
3,2,3,2,47,3,3,1,,,0.5865,0.0
3,2,3,2,48,1,6,0,,,0.9127,0.0
3,2,3,2,49,4,2,0,,,0.9653,0.0
3,2,3,2,50,1,5,0,,,0.2475,0.0
3,2,3,3,1,3,3,1,,,0.6119,0.0
3,2,3,3,2,6,6,1,,,0.2004,0.0
3,2,3,3,3,3,4,0,,,0.4951,0.0
3,2,3,3,4,4,3,0,4,1,0.1001,0.643
3,2,3,3,5,2,4,0,,,1.1586,0.0
3,2,3,3,6,2,6,0,,,0.0482,0.0
3,2,3,3,7,1,2,0,,,0.3279,0.0
3,2,3,3,8,5,6,0,,,0.001,0.0
3,2,3,3,9,5,1,0,,,0.4953,0.0
3,2,3,3,10,6,6,1,,,0.6445,0.0
3,2,3,3,11,3,6,0,,,0.001,0.0
3,2,3,3,12,1,1,1,,,0.1448,0.0
3,2,3,3,13,1,1,1,,,0.2978,0.0
3,2,3,3,14,1,4,0,,,1.3557,0.0
3,2,3,3,15,6,6,1,,,0.0767,0.0
3,2,3,3,16,3,1,0,,,0.5355,0.0
3,2,3,3,17,3,6,0,5,0,0.6036,0.4863
3,2,3,3,18,5,5,1,,,0.7641,0.0
3,2,3,3,19,1,5,0,3,0,0.5065,0.6326
3,2,3,3,20,4,4,1,,,0.5361,0.0
3,2,3,3,21,4,5,0,,,0.2254,0.0
3,2,3,3,22,5,5,1,,,0.0495,0.0
3,2,3,3,23,4,6,0,,,0.3011,0.0
3,2,3,3,24,2,5,0,4,0,1.2903,1.4496
3,2,3,3,25,2,2,1,,,0.583,0.0
3,2,3,3,26,3,3,1,,,0.6207,0.0
3,2,3,3,27,6,6,1,,,0.3227,0.0
3,2,3,3,28,4,1,0,,,0.4191,0.0
3,2,3,3,29,1,4,0,,,0.9877,0.0
3,2,3,3,30,6,3,0,6,1,0.6375,0.8547
3,2,3,3,31,5,6,0,5,1,0.0009,0.4678
3,2,3,3,32,2,2,1,,,0.4477,0.0
3,2,3,3,33,5,6,0,,,0.2038,0.0
3,2,3,3,34,3,3,1,,,0.685,0.0
3,2,3,3,35,1,5,0,,,0.0147,0.0
3,2,3,3,36,2,2,1,,,0.2792,0.0
3,2,3,3,37,1,6,0,,,0.5706,0.0
3,2,3,3,38,6,6,1,,,0.2364,0.0
3,2,3,3,39,6,6,1,,,0.609,0.0
3,2,3,3,40,5,3,0,,,0.647,0.0
3,2,3,3,41,2,2,1,,,0.325,0.0
3,2,3,3,42,2,5,0,6,0,0.822,0.3122
3,2,3,3,43,6,6,1,,,0.1484,0.0
3,2,3,3,44,4,4,1,,,0.6043,0.0
3,2,3,3,45,6,6,1,,,0.0184,0.0
3,2,3,3,46,4,3,0,,,0.5759,0.0
3,2,3,3,47,6,4,0,3,0,0.6251,0.8758
3,2,3,3,48,3,3,1,,,0.528,0.0
3,2,3,3,49,5,5,1,,,0.0889,0.0
3,2,3,3,50,4,2,0,,,0.3243,0.0
3,2,3,4,1,3,4,0,5,0,1.2463,0.35
3,2,3,4,2,5,5,1,,,0.3131,0.0
3,2,3,4,3,5,6,0,5,1,0.2025,0.3101
3,2,3,4,4,6,5,0,,,0.0061,0.0
3,2,3,4,5,6,5,0,,,0.5607,0.0
3,2,3,4,6,5,2,0,,,0.7069,0.0
3,2,3,4,7,1,1,1,,,0.4476,0.0
3,2,3,4,8,3,5,0,,,0.0009,0.0
3,2,3,4,9,2,6,0,2,1,0.5646,0.321
3,2,3,4,10,5,6,0,,,0.0668,0.0
3,2,3,4,11,3,3,1,,,0.5853,0.0
3,2,3,4,12,4,2,0,1,0,0.2239,0.3141
3,2,3,4,13,1,5,0,6,0,0.0011,0.633
3,2,3,4,14,1,6,0,3,0,0.1052,0.5677
3,2,3,4,15,4,1,0,,,1.1309,0.0
3,2,3,4,16,3,4,0,3,1,0.7889,2.0249
3,2,3,4,17,2,5,0,,,1.5563,0.0
3,2,3,4,18,3,3,1,,,0.7814,0.0
3,2,3,4,19,1,1,1,,,0.5879,0.0
3,2,3,4,20,2,6,0,,,0.3059,0.0
3,2,3,4,21,3,4,0,3,1,0.9746,0.5065
3,2,3,4,22,6,6,1,,,0.1162,0.0
3,2,3,4,23,3,3,1,,,0.2374,0.0
3,2,3,4,24,2,4,0,3,0,0.7865,0.6128
3,2,3,4,25,2,3,0,,,0.7101,0.0
3,2,3,4,26,6,6,1,,,0.5931,0.0
3,2,3,4,27,1,1,1,,,0.4875,0.0
3,2,3,4,28,1,6,0,,,0.626,0.0
3,2,3,4,29,4,4,1,,,0.6573,0.0
3,2,3,4,30,6,1,0,4,0,0.3884,0.7766
3,2,3,4,31,2,2,1,,,0.4819,0.0
3,2,3,4,32,6,6,1,,,0.4437,0.0
3,2,3,4,33,6,5,0,6,1,0.167,0.4203
3,2,3,4,34,5,6,0,5,1,0.5931,0.3313
3,2,3,4,35,4,4,1,,,1.8038,0.0
3,2,3,4,36,4,4,1,,,0.1609,0.0
3,2,3,4,37,1,2,0,5,0,1.7201,0.2447
3,2,3,4,38,4,4,1,,,1.108,0.0
3,2,3,4,39,6,6,1,,,0.0692,0.0
3,2,3,4,40,4,4,1,,,0.48,0.0
3,2,3,4,41,6,5,0,,,0.3309,0.0
3,2,3,4,42,5,2,0,5,1,1.0952,0.3816
3,2,3,4,43,3,3,1,,,1.3071,0.0
3,2,3,4,44,5,6,0,,,0.4365,0.0
3,2,3,4,45,2,2,1,,,0.4759,0.0
3,2,3,4,46,4,3,0,,,0.4384,0.0
3,2,3,4,47,1,6,0,4,0,0.3504,0.6427
3,2,3,4,48,2,2,1,,,0.2728,0.0
3,2,3,4,49,6,6,1,,,0.1645,0.0
3,2,3,4,50,5,3,0,2,0,0.7006,0.4338
3,2,4,1,1,1,6,0,,,0.5076,0.0
3,2,4,1,2,1,6,0,,,0.2565,0.0
3,2,4,1,3,2,6,0,,,0.2069,0.0
3,2,4,1,4,2,2,1,,,0.2557,0.0
3,2,4,1,5,4,4,1,,,0.6603,0.0
3,2,4,1,6,6,6,1,,,0.2149,0.0
3,2,4,1,7,3,6,0,,,0.8916,0.0
3,2,4,1,8,5,6,0,,,0.7372,0.0
3,2,4,1,9,4,4,1,,,0.8441,0.0
3,2,4,1,10,2,2,1,,,0.8239,0.0
3,2,4,1,11,4,1,0,,,1.3814,0.0
3,2,4,1,12,5,6,0,,,0.0011,0.0
3,2,4,1,13,2,4,0,,,0.9112,0.0
3,2,4,1,14,6,6,1,,,0.001,0.0
3,2,4,1,15,1,6,0,4,0,0.001,0.9642
3,2,4,1,16,6,6,1,,,0.0384,0.0
3,2,4,1,17,3,5,0,,,0.7077,0.0
3,2,4,1,18,5,5,1,,,0.1273,0.0
3,2,4,1,19,2,1,0,,,0.5046,0.0
3,2,4,1,20,3,3,1,,,0.6058,0.0
3,2,4,1,21,3,3,1,,,0.8185,0.0
3,2,4,1,22,6,5,0,,,0.8319,0.0
3,2,4,1,23,3,1,0,3,1,0.6952,0.5901
3,2,4,1,24,6,5,0,,,0.1642,0.0
3,2,4,1,25,6,6,1,,,0.2638,0.0
3,2,4,1,26,3,3,1,,,1.2268,0.0
3,2,4,1,27,5,5,1,,,0.0383,0.0
3,2,4,1,28,5,2,0,3,0,0.7388,0.4074
3,2,4,1,29,1,1,1,,,0.3374,0.0
3,2,4,1,30,4,4,1,,,0.8813,0.0
3,2,4,1,31,5,6,0,,,0.4917,0.0
3,2,4,1,32,5,5,1,,,0.0654,0.0
3,2,4,1,33,4,4,1,,,0.4928,0.0
3,2,4,1,34,5,5,1,,,0.2632,0.0
3,2,4,1,35,6,5,0,4,0,0.0902,1.4344
3,2,4,1,36,6,6,1,,,0.089,0.0
3,2,4,1,37,1,1,1,,,0.3068,0.0
3,2,4,1,38,3,5,0,,,0.4862,0.0
3,2,4,1,39,1,4,0,,,1.3237,0.0
3,2,4,1,40,1,6,0,,,0.4463,0.0
3,2,4,1,41,4,1,0,,,0.3896,0.0
3,2,4,1,42,2,6,0,,,0.2723,0.0
3,2,4,1,43,4,5,0,4,1,0.6222,0.4081
3,2,4,1,44,6,6,1,,,0.3579,0.0
3,2,4,1,45,2,5,0,2,1,0.3252,0.8271
3,2,4,1,46,4,4,1,,,0.8386,0.0
3,2,4,1,47,6,6,1,,,0.0827,0.0
3,2,4,1,48,1,4,0,,,0.5891,0.0
3,2,4,1,49,3,3,1,,,1.2145,0.0
3,2,4,1,50,2,2,1,,,0.4431,0.0
3,2,4,2,1,3,4,0,6,0,0.8852,0.3559
3,2,4,2,2,6,2,0,3,0,1.07,0.566
3,2,4,2,3,6,6,1,,,0.0008,0.0
3,2,4,2,4,4,4,1,,,0.7417,0.0
3,2,4,2,5,2,2,1,,,0.454,0.0
3,2,4,2,6,2,1,0,2,1,0.3533,0.6456
3,2,4,2,7,6,6,1,,,0.1048,0.0
3,2,4,2,8,6,6,1,,,0.3706,0.0
3,2,4,2,9,1,3,0,2,0,1.0096,0.1237
3,2,4,2,10,3,3,1,,,0.3525,0.0
3,2,4,2,11,3,3,1,,,0.1451,0.0
3,2,4,2,12,5,6,0,,,0.5211,0.0
3,2,4,2,13,4,4,1,,,0.9088,0.0
3,2,4,2,14,2,4,0,,,0.9493,0.0
3,2,4,2,15,1,6,0,5,0,0.1211,1.382
3,2,4,2,16,4,3,0,,,0.7598,0.0
3,2,4,2,17,2,2,1,,,0.3214,0.0
3,2,4,2,18,4,4,1,,,1.043,0.0
3,2,4,2,19,3,3,1,,,0.6151,0.0
3,2,4,2,20,3,3,1,,,0.9401,0.0
3,2,4,2,21,6,6,1,,,0.2915,0.0
3,2,4,2,22,5,5,1,,,0.2937,0.0
3,2,4,2,23,3,2,0,3,1,0.9038,0.5331
3,2,4,2,24,3,6,0,,,0.1742,0.0
3,2,4,2,25,1,6,0,,,0.3526,0.0
3,2,4,2,26,5,4,0,,,0.7634,0.0
3,2,4,2,27,4,5,0,,,0.214,0.0
3,2,4,2,28,2,4,0,,,1.1588,0.0
3,2,4,2,29,5,6,0,,,0.193,0.0
3,2,4,2,30,3,2,0,,,0.3707,0.0
3,2,4,2,31,6,6,1,,,0.0135,0.0
3,2,4,2,32,1,1,1,,,0.9392,0.0
3,2,4,2,33,2,2,1,,,0.6421,0.0
3,2,4,2,34,5,5,1,,,0.4065,0.0
3,2,4,2,35,2,3,0,,,0.5968,0.0
3,2,4,2,36,6,6,1,,,0.2771,0.0
3,2,4,2,37,6,6,1,,,0.001,0.0
3,2,4,2,38,4,1,0,4,1,1.1097,0.9243
3,2,4,2,39,6,6,1,,,0.1001,0.0
3,2,4,2,40,4,5,0,4,1,0.2544,0.6157
3,2,4,2,41,4,1,0,,,0.6844,0.0
3,2,4,2,42,1,6,0,,,0.2662,0.0
3,2,4,2,43,6,6,1,,,0.0009,0.0
3,2,4,2,44,1,4,0,1,1,0.5825,1.6184
3,2,4,2,45,5,4,0,,,0.7348,0.0
3,2,4,2,46,5,2,0,,,0.4422,0.0
3,2,4,2,47,1,6,0,2,0,0.0009,0.7883
3,2,4,2,48,1,4,0,,,1.0381,0.0
3,2,4,2,49,2,2,1,,,0.7326,0.0
3,2,4,2,50,5,5,1,,,0.2525,0.0
3,2,4,3,1,2,2,1,,,0.5261,0.0
3,2,4,3,2,5,5,1,,,0.4228,0.0
3,2,4,3,3,4,6,0,,,0.2115,0.0
3,2,4,3,4,2,6,0,,,0.0371,0.0
3,2,4,3,5,5,5,1,,,1.1654,0.0
3,2,4,3,6,2,2,1,,,0.3635,0.0
3,2,4,3,7,5,5,1,,,0.4105,0.0
3,2,4,3,8,5,5,1,,,0.1038,0.0
3,2,4,3,9,4,4,1,,,0.641,0.0
3,2,4,3,10,6,5,0,6,1,0.7733,0.3931
3,2,4,3,11,4,5,0,4,1,1.4624,0.702
3,2,4,3,12,5,5,1,,,0.063,0.0
3,2,4,3,13,5,5,1,,,0.203,0.0
3,2,4,3,14,2,2,1,,,0.513,0.0
3,2,4,3,15,2,1,0,,,1.1938,0.0
3,2,4,3,16,1,4,0,,,1.4101,0.0
3,2,4,3,17,3,5,0,,,0.0977,0.0
3,2,4,3,18,6,6,1,,,0.2307,0.0
3,2,4,3,19,3,3,1,,,0.4443,0.0
3,2,4,3,20,1,2,0,,,0.551,0.0
3,2,4,3,21,6,6,1,,,0.001,0.0
3,2,4,3,22,1,4,0,,,0.7294,0.0
3,2,4,3,23,6,6,1,,,0.4526,0.0
3,2,4,3,24,3,3,1,,,1.0244,0.0
3,2,4,3,25,6,6,1,,,0.308,0.0
3,2,4,3,26,3,2,0,3,1,0.3097,0.4119
3,2,4,3,27,3,3,1,,,0.5058,0.0
3,2,4,3,28,6,3,0,,,0.1151,0.0
3,2,4,3,29,4,4,1,,,1.6554,0.0
3,2,4,3,30,3,3,1,,,0.37,0.0
3,2,4,3,31,5,5,1,,,0.8181,0.0
3,2,4,3,32,4,6,0,,,1.3585,0.0
3,2,4,3,33,2,3,0,,,0.6071,0.0
3,2,4,3,34,6,6,1,,,0.3996,0.0
3,2,4,3,35,3,1,0,,,0.4781,0.0
3,2,4,3,36,1,3,0,,,0.5161,0.0
3,2,4,3,37,6,6,1,,,0.3443,0.0
3,2,4,3,38,1,1,1,,,1.2241,0.0
3,2,4,3,39,1,6,0,,,0.2287,0.0
3,2,4,3,40,2,6,0,,,0.0358,0.0
3,2,4,3,41,4,1,0,,,0.9889,0.0
3,2,4,3,42,3,5,0,,,0.5253,0.0
3,2,4,3,43,1,1,1,,,0.6736,0.0
3,2,4,3,44,6,5,0,,,1.6512,0.0
3,2,4,3,45,1,2,0,3,0,0.4249,0.6519
3,2,4,3,46,6,6,1,,,0.058,0.0
3,2,4,3,47,2,2,1,,,0.5017,0.0
3,2,4,3,48,4,6,0,4,1,1.2158,0.8656
3,2,4,3,49,5,5,1,,,0.8601,0.0
3,2,4,3,50,4,5,0,,,0.3744,0.0
3,2,4,4,1,6,2,0,,,0.6862,0.0
3,2,4,4,2,1,6,0,4,0,0.1712,0.7439
3,2,4,4,3,4,5,0,3,0,0.2106,0.398
3,2,4,4,4,5,5,1,,,0.0383,0.0
3,2,4,4,5,2,2,1,,,0.9305,0.0
3,2,4,4,6,4,6,0,,,0.2823,0.0
3,2,4,4,7,3,5,0,,,1.5601,0.0
3,2,4,4,8,5,5,1,,,0.001,0.0
3,2,4,4,9,4,3,0,,,0.4322,0.0
3,2,4,4,10,2,2,1,,,0.2801,0.0
3,2,4,4,11,2,2,1,,,0.3144,0.0
3,2,4,4,12,3,5,0,,,0.6202,0.0
3,2,4,4,13,1,1,1,,,0.4121,0.0
3,2,4,4,14,6,2,0,,,0.5207,0.0
3,2,4,4,15,1,1,1,,,0.3816,0.0
3,2,4,4,16,6,6,1,,,0.1089,0.0
3,2,4,4,17,6,6,1,,,0.0009,0.0
3,2,4,4,18,1,6,0,,,0.0358,0.0
3,2,4,4,19,6,1,0,,,0.0009,0.0
3,2,4,4,20,3,1,0,,,0.9978,0.0
3,2,4,4,21,2,5,0,,,0.0544,0.0
3,2,4,4,22,1,6,0,,,0.2063,0.0
3,2,4,4,23,3,5,0,1,0,1.615,0.6726
3,2,4,4,24,5,5,1,,,0.1273,0.0
3,2,4,4,25,6,6,1,,,0.0073,0.0
3,2,4,4,26,6,2,0,,,1.7344,0.0
3,2,4,4,27,1,5,0,,,0.2326,0.0
3,2,4,4,28,4,6,0,,,0.0247,0.0
3,2,4,4,29,5,5,1,,,0.0645,0.0
3,2,4,4,30,5,6,0,5,1,0.2842,0.3074
3,2,4,4,31,3,3,1,,,0.6604,0.0
3,2,4,4,32,3,6,0,5,0,0.1517,0.34
3,2,4,4,33,1,3,0,6,0,0.6393,0.8891
3,2,4,4,34,6,6,1,,,0.0457,0.0
3,2,4,4,35,2,2,1,,,0.5858,0.0
3,2,4,4,36,3,3,1,,,0.5605,0.0
3,2,4,4,37,2,3,0,,,0.8876,0.0
3,2,4,4,38,6,5,0,4,0,0.0136,0.8156
3,2,4,4,39,2,5,0,6,0,1.0,0.2741
3,2,4,4,40,5,5,1,,,0.0322,0.0
3,2,4,4,41,4,3,0,,,1.0375,0.0
3,2,4,4,42,3,3,1,,,0.5235,0.0
3,2,4,4,43,5,1,0,2,0,0.5166,0.7239
3,2,4,4,44,6,6,1,,,0.2073,0.0
3,2,4,4,45,1,1,1,,,0.469,0.0
3,2,4,4,46,2,4,0,,,0.3842,0.0
3,2,4,4,47,5,5,1,,,0.1374,0.0
3,2,4,4,48,4,3,0,,,0.4033,0.0
3,2,4,4,49,4,2,0,,,0.5552,0.0
3,2,4,4,50,4,1,0,,,0.2377,0.0
3,2,5,1,1,4,6,0,,,0.0421,0.0
3,2,5,1,2,5,5,1,,,0.0495,0.0
3,2,5,1,3,6,3,0,4,0,0.5574,1.0817
3,2,5,1,4,3,3,1,,,0.2956,0.0
3,2,5,1,5,2,2,1,,,0.1843,0.0
3,2,5,1,6,3,3,1,,,0.1435,0.0
3,2,5,1,7,2,2,1,,,0.7599,0.0
3,2,5,1,8,5,5,1,,,0.4541,0.0
3,2,5,1,9,3,3,1,,,0.3219,0.0
3,2,5,1,10,5,5,1,,,0.0828,0.0
3,2,5,1,11,1,1,1,,,0.3819,0.0
3,2,5,1,12,6,6,1,,,0.3162,0.0
3,2,5,1,13,2,5,0,4,0,0.7174,0.3714
3,2,5,1,14,2,6,0,5,0,0.0296,0.2078
3,2,5,1,15,3,3,1,,,0.5456,0.0
3,2,5,1,16,4,3,0,,,1.1926,0.0
3,2,5,1,17,1,6,0,,,0.1456,0.0
3,2,5,1,18,1,3,0,,,0.756,0.0
3,2,5,1,19,5,6,0,,,0.2705,0.0
3,2,5,1,20,4,3,0,,,0.6366,0.0
3,2,5,1,21,4,3,0,,,0.733,0.0
3,2,5,1,22,1,3,0,,,0.3441,0.0
3,2,5,1,23,3,5,0,,,0.7235,0.0
3,2,5,1,24,6,2,0,,,0.3829,0.0
3,2,5,1,25,6,6,1,,,2.0092,0.0
3,2,5,1,26,1,6,0,,,0.1325,0.0
3,2,5,1,27,2,2,1,,,0.7453,0.0
3,2,5,1,28,1,1,1,,,0.1679,0.0
3,2,5,1,29,6,6,1,,,0.143,0.0
3,2,5,1,30,5,4,0,5,1,1.0957,0.4142
3,2,5,1,31,5,6,0,,,0.1077,0.0
3,2,5,1,32,2,2,1,,,0.384,0.0
3,2,5,1,33,5,5,1,,,0.3348,0.0
3,2,5,1,34,1,2,0,,,0.3036,0.0
3,2,5,1,35,6,6,1,,,0.333,0.0
3,2,5,1,36,1,1,1,,,1.0368,0.0
3,2,5,1,37,2,2,1,,,2.0166,0.0
3,2,5,1,38,3,3,1,,,0.3163,0.0
3,2,5,1,39,2,3,0,,,0.6218,0.0
3,2,5,1,40,4,5,0,,,0.3325,0.0
3,2,5,1,41,6,6,1,,,0.3774,0.0
3,2,5,1,42,4,3,0,,,1.1274,0.0
3,2,5,1,43,4,4,1,,,0.1943,0.0
3,2,5,1,44,3,3,1,,,0.5052,0.0
3,2,5,1,45,6,1,0,,,1.282,0.0
3,2,5,1,46,5,5,1,,,0.0556,0.0
3,2,5,1,47,6,6,1,,,0.4994,0.0
3,2,5,1,48,4,4,1,,,0.8295,0.0
3,2,5,1,49,3,6,0,5,0,0.9204,0.2621
3,2,5,1,50,6,6,1,,,0.3726,0.0
3,2,5,2,1,6,6,1,,,0.0494,0.0
3,2,5,2,2,1,5,0,,,0.001,0.0
3,2,5,2,3,5,6,0,,,0.6629,0.0
3,2,5,2,4,4,4,1,,,0.7576,0.0
3,2,5,2,5,6,3,0,2,0,0.8356,0.3411
3,2,5,2,6,2,2,1,,,0.432,0.0
3,2,5,2,7,5,5,1,,,0.2531,0.0
3,2,5,2,8,5,5,1,,,0.0321,0.0
3,2,5,2,9,6,4,0,,,1.1176,0.0
3,2,5,2,10,6,6,1,,,0.6497,0.0
3,2,5,2,11,2,4,0,3,0,0.8768,0.8604
3,2,5,2,12,3,3,1,,,0.4021,0.0
3,2,5,2,13,6,6,1,,,0.4478,0.0
3,2,5,2,14,3,3,1,,,0.3472,0.0
3,2,5,2,15,5,5,1,,,0.427,0.0
3,2,5,2,16,5,5,1,,,0.1198,0.0
3,2,5,2,17,2,2,1,,,1.0893,0.0
3,2,5,2,18,4,4,1,,,0.53,0.0
3,2,5,2,19,1,4,0,,,1.2589,0.0
3,2,5,2,20,6,6,1,,,0.4483,0.0
3,2,5,2,21,2,2,1,,,0.6205,0.0
3,2,5,2,22,4,4,1,,,0.6093,0.0
3,2,5,2,23,1,3,0,,,1.0461,0.0
3,2,5,2,24,4,5,0,6,0,0.4528,0.4522
3,2,5,2,25,5,5,1,,,0.5396,0.0
3,2,5,2,26,1,3,0,,,1.1559,0.0
3,2,5,2,27,6,6,1,,,0.1901,0.0
3,2,5,2,28,6,6,1,,,0.2607,0.0
3,2,5,2,29,4,4,1,,,0.6642,0.0
3,2,5,2,30,3,5,0,,,0.3954,0.0
3,2,5,2,31,2,5,0,2,1,0.2445,0.382
3,2,5,2,32,4,1,0,4,1,1.3882,0.4384
3,2,5,2,33,2,2,1,,,1.0741,0.0
3,2,5,2,34,6,6,1,,,0.4526,0.0
3,2,5,2,35,5,5,1,,,0.2879,0.0
3,2,5,2,36,1,5,0,,,1.0908,0.0
3,2,5,2,37,4,4,1,,,0.7512,0.0
3,2,5,2,38,4,6,0,4,1,0.3829,1.2016
3,2,5,2,39,3,5,0,4,0,0.5587,0.3637
3,2,5,2,40,3,3,1,,,0.5494,0.0
3,2,5,2,41,1,6,0,4,0,0.2853,0.8533
3,2,5,2,42,5,5,1,,,0.0432,0.0
3,2,5,2,43,1,1,1,,,0.9198,0.0
3,2,5,2,44,3,3,1,,,0.5121,0.0
3,2,5,2,45,3,6,0,,,0.217,0.0
3,2,5,2,46,1,5,0,,,0.3946,0.0
3,2,5,2,47,2,2,1,,,0.5321,0.0
3,2,5,2,48,2,2,1,,,0.956,0.0
3,2,5,2,49,6,3,0,,,0.8667,0.0
3,2,5,2,50,3,3,1,,,0.8096,0.0
3,2,5,3,1,6,4,0,6,1,0.7876,0.9663
3,2,5,3,2,6,2,0,,,0.605,0.0
3,2,5,3,3,2,3,0,,,0.4286,0.0
3,2,5,3,4,5,5,1,,,0.1483,0.0
3,2,5,3,5,3,3,1,,,0.5569,0.0
3,2,5,3,6,1,2,0,,,0.5796,0.0
3,2,5,3,7,2,1,0,2,1,0.2299,0.3513
3,2,5,3,8,2,2,1,,,0.3194,0.0
3,2,5,3,9,4,4,1,,,0.2892,0.0
3,2,5,3,10,5,5,1,,,0.1471,0.0
3,2,5,3,11,5,5,1,,,0.0009,0.0
3,2,5,3,12,2,2,1,,,0.7934,0.0
3,2,5,3,13,4,5,0,3,0,0.4549,1.0469
3,2,5,3,14,5,5,1,,,0.2299,0.0
3,2,5,3,15,3,3,1,,,0.6021,0.0
3,2,5,3,16,4,4,1,,,0.336,0.0
3,2,5,3,17,4,1,0,,,0.7046,0.0
3,2,5,3,18,3,3,1,,,0.8765,0.0
3,2,5,3,19,6,3,0,,,0.1673,0.0
3,2,5,3,20,2,2,1,,,0.6173,0.0
3,2,5,3,21,1,1,1,,,1.2791,0.0
3,2,5,3,22,4,3,0,,,0.9203,0.0
3,2,5,3,23,5,6,0,,,0.1074,0.0
3,2,5,3,24,2,5,0,4,0,1.0244,0.6974
3,2,5,3,25,2,6,0,5,0,0.3903,0.3141
3,2,5,3,26,6,6,1,,,0.1346,0.0
3,2,5,3,27,4,6,0,,,0.1115,0.0
3,2,5,3,28,6,6,1,,,0.0027,0.0
3,2,5,3,29,6,6,1,,,0.0507,0.0
3,2,5,3,30,6,6,1,,,0.2868,0.0
3,2,5,3,31,1,4,0,,,0.8965,0.0
3,2,5,3,32,6,6,1,,,0.5339,0.0
3,2,5,3,33,1,1,1,,,0.1583,0.0
3,2,5,3,34,3,3,1,,,0.6459,0.0
3,2,5,3,35,3,3,1,,,0.4882,0.0
3,2,5,3,36,1,1,1,,,0.242,0.0
3,2,5,3,37,1,4,0,3,0,1.8148,0.911
3,2,5,3,38,2,2,1,,,0.3231,0.0
3,2,5,3,39,3,3,1,,,1.3158,0.0
3,2,5,3,40,6,2,0,,,0.1876,0.0
3,2,5,3,41,6,6,1,,,0.1409,0.0
3,2,5,3,42,4,5,0,,,0.6618,0.0
3,2,5,3,43,1,1,1,,,0.6761,0.0
3,2,5,3,44,3,3,1,,,0.7097,0.0
3,2,5,3,45,5,4,0,6,0,0.951,0.7707
3,2,5,3,46,4,5,0,,,0.428,0.0
3,2,5,3,47,3,1,0,,,0.3406,0.0
3,2,5,3,48,5,6,0,5,1,0.2397,0.2654
3,2,5,3,49,5,1,0,,,0.9078,0.0
3,2,5,3,50,1,3,0,2,0,0.3996,0.7072
3,2,5,4,1,4,1,0,,,0.5896,0.0
3,2,5,4,2,3,6,0,5,0,0.4307,0.2082
3,2,5,4,3,3,6,0,,,0.5448,0.0
3,2,5,4,4,5,5,1,,,0.0692,0.0
3,2,5,4,5,2,2,1,,,0.7193,0.0
3,2,5,4,6,6,6,1,,,0.2555,0.0
3,2,5,4,7,6,6,1,,,0.6437,0.0
3,2,5,4,8,3,4,0,,,1.1597,0.0
3,2,5,4,9,4,3,0,,,0.7052,0.0
3,2,5,4,10,4,3,0,,,0.3495,0.0
3,2,5,4,11,3,6,0,,,0.3448,0.0
3,2,5,4,12,2,6,0,1,0,0.7878,0.4715
3,2,5,4,13,1,5,0,4,0,0.0617,0.8148
3,2,5,4,14,6,6,1,,,0.5823,0.0
3,2,5,4,15,1,1,1,,,0.6685,0.0
3,2,5,4,16,1,1,1,,,0.3197,0.0
3,2,5,4,17,5,5,1,,,0.4965,0.0
3,2,5,4,18,6,1,0,6,1,0.1703,0.2786
3,2,5,4,19,6,5,0,1,0,0.5529,0.2608
3,2,5,4,20,1,5,0,,,0.1161,0.0
3,2,5,4,21,4,2,0,3,0,0.9049,0.2314
3,2,5,4,22,6,5,0,,,0.0386,0.0
3,2,5,4,23,2,4,0,,,1.423,0.0
3,2,5,4,24,4,4,1,,,0.9426,0.0
3,2,5,4,25,6,6,1,,,0.5328,0.0
3,2,5,4,26,5,2,0,,,0.2853,0.0
3,2,5,4,27,3,1,0,,,0.1866,0.0
3,2,5,4,28,5,5,1,,,0.0939,0.0
3,2,5,4,29,5,5,1,,,0.4076,0.0
3,2,5,4,30,5,6,0,3,0,0.3247,0.8099
3,2,5,4,31,4,5,0,4,1,0.4981,0.6571
3,2,5,4,32,3,6,0,,,0.1641,0.0
3,2,5,4,33,2,5,0,,,0.3439,0.0
3,2,5,4,34,2,2,1,,,0.4662,0.0
3,2,5,4,35,1,6,0,,,0.2213,0.0
3,2,5,4,36,6,6,1,,,1.278,0.0
3,2,5,4,37,1,1,1,,,0.2791,0.0
3,2,5,4,38,3,2,0,3,1,0.2339,0.4509
3,2,5,4,39,5,5,1,,,2.2874,0.0
3,2,5,4,40,1,6,0,,,0.001,0.0
3,2,5,4,41,5,4,0,,,1.2884,0.0
3,2,5,4,42,2,2,1,,,0.4614,0.0
3,2,5,4,43,4,4,1,,,0.6958,0.0
3,2,5,4,44,6,6,1,,,0.2827,0.0
3,2,5,4,45,4,6,0,,,0.0285,0.0
3,2,5,4,46,2,2,1,,,0.6136,0.0
3,2,5,4,47,1,1,1,,,0.1704,0.0
3,2,5,4,48,3,3,1,,,0.546,0.0
3,2,5,4,49,2,2,1,,,0.8414,0.0
3,2,5,4,50,6,6,1,,,0.001,0.0
3,3,1,1,1,2,2,1,,,0.7026,0.0
3,3,1,1,2,3,1,0,3,1,0.6563,0.9201
3,3,1,1,3,6,6,1,,,0.3208,0.0
3,3,1,1,4,6,6,1,,,0.001,0.0
3,3,1,1,5,2,2,1,,,0.6414,0.0
3,3,1,1,6,2,3,0,,,0.9649,0.0
3,3,1,1,7,6,6,1,,,0.001,0.0
3,3,1,1,8,1,1,1,,,0.5009,0.0
3,3,1,1,9,6,6,1,,,0.1423,0.0
3,3,1,1,10,4,3,0,,,0.6473,0.0
3,3,1,1,11,1,1,1,,,0.3259,0.0
3,3,1,1,12,1,5,0,,,0.136,0.0
3,3,1,1,13,4,5,0,4,1,0.4915,0.3311
3,3,1,1,14,5,1,0,4,0,0.8278,1.1492
3,3,1,1,15,6,6,1,,,0.3919,0.0
3,3,1,1,16,4,1,0,,,0.9344,0.0
3,3,1,1,17,6,6,1,,,0.1533,0.0
3,3,1,1,18,2,2,1,,,0.4813,0.0
3,3,1,1,19,3,3,1,,,0.2042,0.0
3,3,1,1,20,3,3,1,,,0.8975,0.0
3,3,1,1,21,6,6,1,,,0.001,0.0
3,3,1,1,22,4,4,1,,,0.3126,0.0
3,3,1,1,23,3,1,0,,,0.4742,0.0
3,3,1,1,24,1,6,0,,,0.3204,0.0
3,3,1,1,25,5,5,1,,,0.3178,0.0
3,3,1,1,26,3,3,1,,,1.1833,0.0
3,3,1,1,27,3,3,1,,,0.3329,0.0
3,3,1,1,28,1,4,0,,,0.1407,0.0
3,3,1,1,29,6,6,1,,,0.0174,0.0
3,3,1,1,30,4,5,0,,,1.7268,0.0
3,3,1,1,31,4,3,0,5,0,0.4652,0.5626
3,3,1,1,32,5,6,0,5,1,0.3886,0.3604
3,3,1,1,33,6,4,0,,,0.7277,0.0
3,3,1,1,34,2,2,1,,,0.2764,0.0
3,3,1,1,35,1,4,0,,,1.7995,0.0
3,3,1,1,36,4,4,1,,,0.7427,0.0
3,3,1,1,37,5,5,1,,,0.311,0.0
3,3,1,1,38,1,3,0,1,1,0.6329,0.787
3,3,1,1,39,3,6,0,4,0,1.072,0.2959
3,3,1,1,40,2,2,1,,,0.5168,0.0
3,3,1,1,41,5,1,0,,,0.8302,0.0
3,3,1,1,42,4,4,1,,,0.8208,0.0
3,3,1,1,43,1,2,0,4,0,0.3062,0.3608
3,3,1,1,44,5,5,1,,,0.1961,0.0
3,3,1,1,45,2,1,0,2,1,0.5231,0.5841
3,3,1,1,46,6,6,1,,,0.2231,0.0
3,3,1,1,47,3,3,1,,,0.5,0.0
3,3,1,1,48,5,5,1,,,0.1097,0.0
3,3,1,1,49,2,2,1,,,0.7438,0.0
3,3,1,1,50,5,5,1,,,0.1673,0.0
3,3,1,2,1,2,2,1,,,0.5254,0.0
3,3,1,2,2,2,6,0,4,0,0.4701,0.4377
3,3,1,2,3,6,6,1,,,0.001,0.0
3,3,1,2,4,1,4,0,,,0.7476,0.0
3,3,1,2,5,4,5,0,,,0.7584,0.0
3,3,1,2,6,4,1,0,2,0,0.385,0.2769
3,3,1,2,7,5,5,1,,,0.2441,0.0
3,3,1,2,8,3,3,1,,,0.5358,0.0
3,3,1,2,9,5,6,0,,,0.2885,0.0
3,3,1,2,10,1,2,0,,,0.4786,0.0
3,3,1,2,11,3,1,0,,,0.245,0.0
3,3,1,2,12,2,2,1,,,0.3884,0.0
3,3,1,2,13,2,6,0,,,1.0273,0.0
3,3,1,2,14,6,5,0,6,1,0.1146,0.9457
3,3,1,2,15,2,2,1,,,0.2331,0.0
3,3,1,2,16,3,3,1,,,0.622,0.0
3,3,1,2,17,4,4,1,,,0.4664,0.0
3,3,1,2,18,6,6,1,,,0.3822,0.0
3,3,1,2,19,1,1,1,,,0.3963,0.0
3,3,1,2,20,6,1,0,,,0.7462,0.0
3,3,1,2,21,4,5,0,,,0.4851,0.0
3,3,1,2,22,2,2,1,,,0.3797,0.0
3,3,1,2,23,3,3,1,,,0.3938,0.0
3,3,1,2,24,5,5,1,,,0.2485,0.0
3,3,1,2,25,1,6,0,1,1,0.3318,0.4024
3,3,1,2,26,5,3,0,4,0,1.0074,0.313
3,3,1,2,27,4,1,0,,,0.806,0.0
3,3,1,2,28,4,6,0,,,0.4955,0.0
3,3,1,2,29,5,5,1,,,0.0522,0.0
3,3,1,2,30,1,1,1,,,0.481,0.0
3,3,1,2,31,3,3,1,,,0.5061,0.0
3,3,1,2,32,3,3,1,,,0.341,0.0
3,3,1,2,33,3,3,1,,,0.4206,0.0
3,3,1,2,34,6,6,1,,,0.0185,0.0
3,3,1,2,35,6,6,1,,,0.0009,0.0
3,3,1,2,36,6,6,1,,,0.0009,0.0
3,3,1,2,37,4,1,0,,,0.9559,0.0
3,3,1,2,38,1,1,1,,,0.2704,0.0
3,3,1,2,39,1,1,1,,,0.7063,0.0
3,3,1,2,40,2,3,0,,,0.9793,0.0
3,3,1,2,41,4,6,0,,,0.0011,0.0
3,3,1,2,42,5,5,1,,,0.0299,0.0
3,3,1,2,43,6,6,1,,,0.2838,0.0
3,3,1,2,44,1,5,0,,,0.7656,0.0
3,3,1,2,45,5,5,1,,,0.5042,0.0
3,3,1,2,46,6,6,1,,,0.0983,0.0
3,3,1,2,47,3,1,0,3,1,1.0202,0.421
3,3,1,2,48,2,1,0,,,0.3536,0.0
3,3,1,2,49,5,5,1,,,0.0448,0.0
3,3,1,2,50,6,5,0,6,1,0.8903,0.2489
3,3,1,3,1,3,3,1,,,0.554,0.0
3,3,1,3,2,6,4,0,,,0.946,0.0
3,3,1,3,3,3,3,1,,,0.629,0.0
3,3,1,3,4,2,2,1,,,0.2655,0.0
3,3,1,3,5,4,3,0,,,0.7004,0.0
3,3,1,3,6,5,5,1,,,0.1062,0.0
3,3,1,3,7,1,1,1,,,0.1643,0.0
3,3,1,3,8,2,2,1,,,0.1233,0.0
3,3,1,3,9,2,4,0,3,0,0.789,0.6951
3,3,1,3,10,1,1,1,,,0.1804,0.0
3,3,1,3,11,5,3,0,2,0,1.0197,0.3244
3,3,1,3,12,1,3,0,,,0.5613,0.0
3,3,1,3,13,2,5,0,,,0.2278,0.0
3,3,1,3,14,6,6,1,,,0.3883,0.0
3,3,1,3,15,5,6,0,,,0.1471,0.0
3,3,1,3,16,6,6,1,,,0.4066,0.0
3,3,1,3,17,6,1,0,,,1.5728,0.0
3,3,1,3,18,5,5,1,,,0.2863,0.0
3,3,1,3,19,1,1,1,,,0.704,0.0
3,3,1,3,20,3,3,1,,,0.2583,0.0
3,3,1,3,21,3,3,1,,,0.5663,0.0
3,3,1,3,22,5,2,0,,,0.6047,0.0
3,3,1,3,23,2,3,0,,,0.9255,0.0
3,3,1,3,24,3,3,1,,,0.5295,0.0
3,3,1,3,25,2,2,1,,,0.315,0.0
3,3,1,3,26,1,1,1,,,0.1719,0.0
3,3,1,3,27,4,3,0,,,0.3235,0.0
3,3,1,3,28,4,6,0,,,0.4003,0.0
3,3,1,3,29,4,5,0,,,0.2495,0.0
3,3,1,3,30,4,2,0,,,0.3124,0.0
3,3,1,3,31,4,1,0,,,0.9329,0.0
3,3,1,3,32,6,6,1,,,0.001,0.0
3,3,1,3,33,4,6,0,,,0.2633,0.0
3,3,1,3,34,1,6,0,,,0.5342,0.0
3,3,1,3,35,6,6,1,,,0.106,0.0
3,3,1,3,36,6,6,1,,,1.3002,0.0
3,3,1,3,37,6,6,1,,,0.001,0.0
3,3,1,3,38,3,1,0,,,1.0346,0.0
3,3,1,3,39,5,5,1,,,0.6493,0.0
3,3,1,3,40,3,1,0,,,0.5097,0.0
3,3,1,3,41,4,4,1,,,0.8502,0.0
3,3,1,3,42,6,6,1,,,0.0298,0.0
3,3,1,3,43,1,1,1,,,0.2666,0.0
3,3,1,3,44,5,5,1,,,1.0859,0.0
3,3,1,3,45,2,2,1,,,0.3032,0.0
3,3,1,3,46,3,3,1,,,0.3053,0.0
3,3,1,3,47,5,1,0,,,1.4433,0.0
3,3,1,3,48,1,6,0,,,0.1947,0.0
3,3,1,3,49,6,6,1,,,0.1159,0.0
3,3,1,3,50,2,2,1,,,0.0932,0.0
3,3,1,4,1,6,4,0,6,1,0.9187,0.6279
3,3,1,4,2,4,4,1,,,0.2959,0.0
3,3,1,4,3,6,6,1,,,0.4107,0.0
3,3,1,4,4,6,4,0,3,0,0.8732,0.7444
3,3,1,4,5,2,2,1,,,0.1798,0.0
3,3,1,4,6,6,6,1,,,1.163,0.0
3,3,1,4,7,5,5,1,,,0.4413,0.0
3,3,1,4,8,2,2,1,,,0.1981,0.0
3,3,1,4,9,1,6,0,,,0.2837,0.0
3,3,1,4,10,5,5,1,,,0.0899,0.0
3,3,1,4,11,6,6,1,,,0.2611,0.0
3,3,1,4,12,3,4,0,,,1.193,0.0
3,3,1,4,13,4,3,0,1,0,0.8497,0.9465
3,3,1,4,14,4,3,0,,,0.6763,0.0
3,3,1,4,15,5,5,1,,,0.227,0.0
3,3,1,4,16,6,6,1,,,0.0723,0.0
3,3,1,4,17,1,6,0,,,0.468,0.0
3,3,1,4,18,6,6,1,,,0.1222,0.0
3,3,1,4,19,3,3,1,,,0.6122,0.0
3,3,1,4,20,2,2,1,,,0.2973,0.0
3,3,1,4,21,1,6,0,,,0.3949,0.0
3,3,1,4,22,1,1,1,,,0.5486,0.0
3,3,1,4,23,2,2,1,,,0.3799,0.0
3,3,1,4,24,4,6,0,4,1,0.8905,0.553
3,3,1,4,25,3,3,1,,,0.4969,0.0
3,3,1,4,26,1,1,1,,,0.7142,0.0
3,3,1,4,27,3,3,1,,,0.2354,0.0
3,3,1,4,28,3,1,0,3,1,0.9444,0.5723
3,3,1,4,29,5,5,1,,,0.2443,0.0
3,3,1,4,30,5,5,1,,,0.3446,0.0
3,3,1,4,31,4,3,0,5,0,0.6164,0.3714
3,3,1,4,32,4,1,0,,,0.7337,0.0
3,3,1,4,33,6,6,1,,,0.3299,0.0
3,3,1,4,34,5,2,0,,,0.586,0.0
3,3,1,4,35,3,3,1,,,0.3636,0.0
3,3,1,4,36,1,1,1,,,0.1384,0.0
3,3,1,4,37,4,6,0,3,0,0.4198,0.5496
3,3,1,4,38,2,2,1,,,0.313,0.0
3,3,1,4,39,1,1,1,,,0.5222,0.0
3,3,1,4,40,4,4,1,,,0.5947,0.0
3,3,1,4,41,2,3,0,,,0.2653,0.0
3,3,1,4,42,6,6,1,,,0.0561,0.0
3,3,1,4,43,5,4,0,,,0.9639,0.0
3,3,1,4,44,3,4,0,,,0.9181,0.0
3,3,1,4,45,3,3,1,,,0.3933,0.0
3,3,1,4,46,2,4,0,1,0,0.3448,0.6696
3,3,1,4,47,1,1,1,,,1.4199,0.0
3,3,1,4,48,5,5,1,,,0.0473,0.0
3,3,1,4,49,2,3,0,,,0.7965,0.0
3,3,1,4,50,6,6,1,,,0.0009,0.0
3,3,2,1,1,2,4,0,,,0.7651,0.0
3,3,2,1,2,2,3,0,,,0.6798,0.0
3,3,2,1,3,2,4,0,,,0.5652,0.0
3,3,2,1,4,1,5,0,4,0,0.6316,0.2889
3,3,2,1,5,6,6,1,,,0.0009,0.0
3,3,2,1,6,4,1,0,,,0.8773,0.0
3,3,2,1,7,3,3,1,,,0.6761,0.0
3,3,2,1,8,2,2,1,,,0.4381,0.0
3,3,2,1,9,3,4,0,,,1.2343,0.0
3,3,2,1,10,5,3,0,,,0.601,0.0
3,3,2,1,11,6,2,0,4,0,0.7942,0.814
3,3,2,1,12,5,3,0,1,0,0.2614,0.9097
3,3,2,1,13,6,6,1,,,0.2904,0.0
3,3,2,1,14,1,4,0,,,0.5653,0.0
3,3,2,1,15,6,6,1,,,0.2005,0.0
3,3,2,1,16,1,4,0,3,0,1.0865,0.5165
3,3,2,1,17,6,6,1,,,0.0011,0.0
3,3,2,1,18,3,3,1,,,0.4868,0.0
3,3,2,1,19,5,5,1,,,0.306,0.0
3,3,2,1,20,3,2,0,4,0,0.9631,0.2236
3,3,2,1,21,5,1,0,,,0.6076,0.0
3,3,2,1,22,1,6,0,,,0.1606,0.0
3,3,2,1,23,6,6,1,,,0.0011,0.0
3,3,2,1,24,3,3,1,,,0.2744,0.0
3,3,2,1,25,4,4,1,,,0.1984,0.0
3,3,2,1,26,4,4,1,,,0.2037,0.0
3,3,2,1,27,4,2,0,,,0.4345,0.0
3,3,2,1,28,2,3,0,,,0.6821,0.0
3,3,2,1,29,4,2,0,,,1.6393,0.0
3,3,2,1,30,2,4,0,,,0.2064,0.0
3,3,2,1,31,1,1,1,,,0.9275,0.0
3,3,2,1,32,3,3,1,,,0.3759,0.0
3,3,2,1,33,5,5,1,,,0.3112,0.0
3,3,2,1,34,5,2,0,,,1.0012,0.0
3,3,2,1,35,4,1,0,,,0.8415,0.0
3,3,2,1,36,1,1,1,,,1.2816,0.0
3,3,2,1,37,1,6,0,,,0.2505,0.0
3,3,2,1,38,6,1,0,,,0.4581,0.0
3,3,2,1,39,6,6,1,,,0.2092,0.0
3,3,2,1,40,3,3,1,,,0.7109,0.0
3,3,2,1,41,5,3,0,1,0,0.5202,0.6622
3,3,2,1,42,4,1,0,,,0.6613,0.0
3,3,2,1,43,2,6,0,1,0,1.364,0.3507
3,3,2,1,44,5,2,0,,,0.2028,0.0
3,3,2,1,45,1,4,0,2,0,0.7803,1.551
3,3,2,1,46,6,6,1,,,0.4577,0.0
3,3,2,1,47,6,2,0,,,0.2457,0.0
3,3,2,1,48,4,6,0,4,1,0.2605,0.2378
3,3,2,1,49,2,2,1,,,0.2739,0.0
3,3,2,1,50,3,1,0,,,0.6617,0.0
3,3,2,2,1,3,6,0,1,0,0.9463,0.4141
3,3,2,2,2,4,6,0,,,0.7266,0.0
3,3,2,2,3,3,3,1,,,0.2267,0.0
3,3,2,2,4,6,6,1,,,0.0411,0.0
3,3,2,2,5,2,2,1,,,0.2455,0.0
3,3,2,2,6,3,3,1,,,0.3617,0.0
3,3,2,2,7,4,4,1,,,0.3782,0.0
3,3,2,2,8,5,5,1,,,0.2326,0.0
3,3,2,2,9,1,6,0,,,0.222,0.0
3,3,2,2,10,2,2,1,,,0.1905,0.0
3,3,2,2,11,5,3,0,2,0,0.2295,0.5914
3,3,2,2,12,6,6,1,,,0.1445,0.0
3,3,2,2,13,3,1,0,,,0.6336,0.0
3,3,2,2,14,4,4,1,,,0.5374,0.0
3,3,2,2,15,5,5,1,,,0.097,0.0
3,3,2,2,16,4,5,0,,,0.6195,0.0
3,3,2,2,17,2,2,1,,,0.2515,0.0
3,3,2,2,18,5,5,1,,,0.5756,0.0
3,3,2,2,19,1,1,1,,,0.3905,0.0
3,3,2,2,20,1,1,1,,,0.4699,0.0
3,3,2,2,21,3,3,1,,,0.561,0.0
3,3,2,2,22,3,1,0,,,0.2799,0.0
3,3,2,2,23,2,6,0,,,0.5659,0.0
3,3,2,2,24,1,3,0,,,1.1448,0.0
3,3,2,2,25,5,5,1,,,0.468,0.0
3,3,2,2,26,5,4,0,,,0.7671,0.0
3,3,2,2,27,1,1,1,,,0.1529,0.0
3,3,2,2,28,2,1,0,3,0,0.9936,0.3471
3,3,2,2,29,5,5,1,,,1.5592,0.0
3,3,2,2,30,6,6,1,,,0.229,0.0
3,3,2,2,31,1,5,0,4,0,0.2496,0.8675
3,3,2,2,32,3,1,0,,,0.522,0.0
3,3,2,2,33,6,6,1,,,0.2218,0.0
3,3,2,2,34,6,3,0,,,0.5473,0.0
3,3,2,2,35,2,2,1,,,1.0306,0.0
3,3,2,2,36,4,2,0,,,0.3776,0.0
3,3,2,2,37,2,4,0,,,0.7235,0.0
3,3,2,2,38,4,3,0,2,0,0.4318,0.5615
3,3,2,2,39,6,6,1,,,0.116,0.0
3,3,2,2,40,2,4,0,,,1.5013,0.0
3,3,2,2,41,4,3,0,4,1,0.2656,0.9941
3,3,2,2,42,6,1,0,,,0.1209,0.0
3,3,2,2,43,6,6,1,,,0.717,0.0
3,3,2,2,44,6,2,0,,,0.5098,0.0
3,3,2,2,45,1,5,0,,,1.0593,0.0
3,3,2,2,46,3,4,0,3,1,0.9299,0.6708
3,3,2,2,47,5,6,0,,,0.0985,0.0
3,3,2,2,48,6,6,1,,,0.001,0.0
3,3,2,2,49,4,1,0,,,0.3737,0.0
3,3,2,2,50,1,1,1,,,0.1596,0.0
3,3,2,3,1,3,3,1,,,0.3895,0.0
3,3,2,3,2,1,4,0,,,0.8528,0.0
3,3,2,3,3,6,6,1,,,0.107,0.0
3,3,2,3,4,4,3,0,,,0.55,0.0
3,3,2,3,5,4,4,1,,,0.8403,0.0
3,3,2,3,6,5,6,0,,,0.085,0.0
3,3,2,3,7,2,2,1,,,0.1222,0.0
3,3,2,3,8,6,6,1,,,0.1319,0.0
3,3,2,3,9,5,6,0,,,0.6044,0.0
3,3,2,3,10,2,2,1,,,0.5094,0.0
3,3,2,3,11,2,2,1,,,0.3115,0.0
3,3,2,3,12,5,6,0,4,0,0.122,0.8551
3,3,2,3,13,1,1,1,,,0.334,0.0
3,3,2,3,14,1,2,0,1,1,0.335,0.2435
3,3,2,3,15,3,6,0,5,0,0.1209,0.151
3,3,2,3,16,4,4,1,,,1.5462,0.0
3,3,2,3,17,5,1,0,,,0.1693,0.0
3,3,2,3,18,4,4,1,,,0.5405,0.0
3,3,2,3,19,1,1,1,,,0.8043,0.0
3,3,2,3,20,3,3,1,,,0.4346,0.0
3,3,2,3,21,5,6,0,5,1,0.3511,1.1067
3,3,2,3,22,1,1,1,,,0.692,0.0
3,3,2,3,23,2,2,1,,,0.3742,0.0
3,3,2,3,24,3,3,1,,,0.2455,0.0
3,3,2,3,25,1,4,0,2,0,1.193,0.2514
3,3,2,3,26,6,6,1,,,0.1072,0.0
3,3,2,3,27,1,1,1,,,0.1171,0.0
3,3,2,3,28,1,1,1,,,0.5102,0.0
3,3,2,3,29,2,2,1,,,0.5842,0.0
3,3,2,3,30,3,3,1,,,0.3991,0.0
3,3,2,3,31,6,6,1,,,1.0522,0.0
3,3,2,3,32,6,6,1,,,0.1111,0.0
3,3,2,3,33,6,6,1,,,0.0423,0.0
3,3,2,3,34,4,4,1,,,0.4548,0.0
3,3,2,3,35,5,3,0,,,0.2424,0.0
3,3,2,3,36,4,4,1,,,0.3066,0.0
3,3,2,3,37,2,6,0,1,0,0.8198,0.2291
3,3,2,3,38,3,2,0,,,0.3412,0.0
3,3,2,3,39,6,6,1,,,0.2259,0.0
3,3,2,3,40,4,4,1,,,0.3117,0.0
3,3,2,3,41,6,6,1,,,0.0009,0.0
3,3,2,3,42,4,6,0,,,0.5512,0.0
3,3,2,3,43,2,2,1,,,0.7612,0.0
3,3,2,3,44,5,5,1,,,0.5213,0.0
3,3,2,3,45,6,2,0,,,0.8182,0.0
3,3,2,3,46,3,4,0,3,1,0.5386,0.7111
3,3,2,3,47,3,6,0,,,1.3529,0.0
3,3,2,3,48,5,5,1,,,0.2989,0.0
3,3,2,3,49,2,2,1,,,0.701,0.0
3,3,2,3,50,6,6,1,,,0.2067,0.0
3,3,2,4,1,6,6,1,,,0.3223,0.0
3,3,2,4,2,3,3,1,,,0.6436,0.0
3,3,2,4,3,2,2,1,,,0.407,0.0
3,3,2,4,4,1,1,1,,,0.3412,0.0
3,3,2,4,5,1,4,0,,,0.5493,0.0
3,3,2,4,6,5,5,1,,,0.3771,0.0
3,3,2,4,7,2,2,1,,,0.3761,0.0
3,3,2,4,8,4,6,0,,,0.343,0.0
3,3,2,4,9,2,4,0,3,0,0.4514,0.5149
3,3,2,4,10,1,1,1,,,0.5998,0.0
3,3,2,4,11,3,3,1,,,0.91,0.0
3,3,2,4,12,4,1,0,,,0.5665,0.0
3,3,2,4,13,4,4,1,,,0.4413,0.0
3,3,2,4,14,5,5,1,,,0.4379,0.0
3,3,2,4,15,6,6,1,,,0.6095,0.0
3,3,2,4,16,6,3,0,4,0,0.4722,0.7113
3,3,2,4,17,1,1,1,,,0.2923,0.0
3,3,2,4,18,3,3,1,,,0.4062,0.0
3,3,2,4,19,5,5,1,,,0.3085,0.0
3,3,2,4,20,2,2,1,,,0.3259,0.0
3,3,2,4,21,3,3,1,,,0.4877,0.0
3,3,2,4,22,5,6,0,5,1,0.0498,0.4026
3,3,2,4,23,2,1,0,2,1,0.7694,0.6927
3,3,2,4,24,5,3,0,2,0,0.8067,0.5683
3,3,2,4,25,5,4,0,,,0.2663,0.0
3,3,2,4,26,3,2,0,3,1,0.5211,0.1992
3,3,2,4,27,5,5,1,,,0.1729,0.0
3,3,2,4,28,4,4,1,,,0.4525,0.0
3,3,2,4,29,3,5,0,,,1.3601,0.0
3,3,2,4,30,2,2,1,,,0.8513,0.0
3,3,2,4,31,4,4,1,,,0.3025,0.0
3,3,2,4,32,2,2,1,,,0.6563,0.0
3,3,2,4,33,6,6,1,,,1.0758,0.0
3,3,2,4,34,4,4,1,,,0.2614,0.0
3,3,2,4,35,4,2,0,3,0,0.2184,0.3555
3,3,2,4,36,1,1,1,,,0.1271,0.0
3,3,2,4,37,3,3,1,,,0.4722,0.0
3,3,2,4,38,5,4,0,,,0.7075,0.0
3,3,2,4,39,1,1,1,,,0.5926,0.0
3,3,2,4,40,4,2,0,,,0.8873,0.0
3,3,2,4,41,6,6,1,,,0.2037,0.0
3,3,2,4,42,1,1,1,,,0.0983,0.0
3,3,2,4,43,1,6,0,,,1.2602,0.0
3,3,2,4,44,6,6,1,,,0.0823,0.0
3,3,2,4,45,6,6,1,,,0.1419,0.0
3,3,2,4,46,6,6,1,,,0.0548,0.0
3,3,2,4,47,6,2,0,6,1,0.259,0.1868
3,3,2,4,48,2,6,0,,,0.2743,0.0
3,3,2,4,49,3,3,1,,,0.3205,0.0
3,3,2,4,50,6,6,1,,,0.1297,0.0
3,3,3,1,1,4,5,0,,,0.1969,0.0
3,3,3,1,2,6,3,0,,,1.4455,0.0
3,3,3,1,3,5,2,0,,,0.5167,0.0
3,3,3,1,4,1,1,1,,,0.2,0.0
3,3,3,1,5,4,4,1,,,0.6386,0.0
3,3,3,1,6,6,4,0,2,0,0.6426,0.62
3,3,3,1,7,1,4,0,3,0,0.7157,0.7382
3,3,3,1,8,3,3,1,,,0.2055,0.0
3,3,3,1,9,5,5,1,,,0.1636,0.0
3,3,3,1,10,3,3,1,,,0.4914,0.0
3,3,3,1,11,2,2,1,,,0.3098,0.0
3,3,3,1,12,6,5,0,,,0.5356,0.0
3,3,3,1,13,4,4,1,,,0.4916,0.0
3,3,3,1,14,4,6,0,,,0.0535,0.0
3,3,3,1,15,1,2,0,,,0.3494,0.0
3,3,3,1,16,5,5,1,,,0.0399,0.0
3,3,3,1,17,5,5,1,,,0.309,0.0
3,3,3,1,18,6,6,1,,,0.3429,0.0
3,3,3,1,19,1,6,0,,,0.0712,0.0
3,3,3,1,20,2,3,0,2,1,1.1028,0.1811
3,3,3,1,21,6,6,1,,,0.1557,0.0
3,3,3,1,22,2,3,0,,,1.0439,0.0
3,3,3,1,23,3,4,0,3,1,0.2272,0.7168
3,3,3,1,24,2,2,1,,,0.301,0.0
3,3,3,1,25,6,6,1,,,0.1748,0.0
3,3,3,1,26,6,6,1,,,0.5028,0.0
3,3,3,1,27,6,6,1,,,0.5447,0.0
3,3,3,1,28,6,6,1,,,0.489,0.0
3,3,3,1,29,3,4,0,6,0,0.2267,0.6849
3,3,3,1,30,4,4,1,,,0.4745,0.0
3,3,3,1,31,1,2,0,3,0,0.2776,1.5656
3,3,3,1,32,4,2,0,,,0.6792,0.0
3,3,3,1,33,6,6,1,,,0.421,0.0
3,3,3,1,34,4,4,1,,,0.5301,0.0
3,3,3,1,35,1,1,1,,,0.9383,0.0
3,3,3,1,36,1,2,0,,,0.7864,0.0
3,3,3,1,37,5,5,1,,,0.3316,0.0
3,3,3,1,38,4,4,1,,,0.4122,0.0
3,3,3,1,39,2,2,1,,,0.3927,0.0
3,3,3,1,40,2,3,0,2,1,0.5358,0.3402
3,3,3,1,41,2,2,1,,,0.4692,0.0
3,3,3,1,42,3,3,1,,,0.2563,0.0
3,3,3,1,43,5,6,0,,,0.4046,0.0
3,3,3,1,44,3,3,1,,,0.2535,0.0
3,3,3,1,45,3,3,1,,,0.6896,0.0
3,3,3,1,46,1,4,0,,,0.4355,0.0
3,3,3,1,47,5,3,0,,,1.2599,0.0
3,3,3,1,48,5,6,0,,,0.3216,0.0
3,3,3,1,49,2,3,0,,,2.2381,0.0
3,3,3,1,50,3,3,1,,,0.1882,0.0
3,3,3,2,1,1,1,1,,,0.2087,0.0
3,3,3,2,2,2,3,0,,,0.5351,0.0
3,3,3,2,3,4,4,1,,,0.1537,0.0
3,3,3,2,4,3,1,0,,,0.4189,0.0
3,3,3,2,5,4,5,0,6,0,0.3305,0.4334
3,3,3,2,6,4,1,0,,,0.5372,0.0
3,3,3,2,7,2,1,0,3,0,0.7001,0.3878
3,3,3,2,8,5,2,0,4,0,0.5579,0.33
3,3,3,2,9,6,6,1,,,0.4859,0.0
3,3,3,2,10,1,4,0,,,1.0407,0.0
3,3,3,2,11,3,1,0,,,0.1756,0.0
3,3,3,2,12,5,5,1,,,0.226,0.0
3,3,3,2,13,3,2,0,,,1.8148,0.0
3,3,3,2,14,2,2,1,,,0.2944,0.0
3,3,3,2,15,2,4,0,,,1.0176,0.0
3,3,3,2,16,1,6,0,,,0.985,0.0
3,3,3,2,17,2,3,0,,,1.0344,0.0
3,3,3,2,18,5,3,0,,,1.6252,0.0
3,3,3,2,19,5,5,1,,,0.3531,0.0
3,3,3,2,20,3,3,1,,,0.7848,0.0
3,3,3,2,21,4,4,1,,,0.3658,0.0
3,3,3,2,22,5,1,0,6,0,1.1338,0.675
3,3,3,2,23,6,3,0,6,1,1.1056,0.3586
3,3,3,2,24,6,6,1,,,0.001,0.0
3,3,3,2,25,1,6,0,4,0,0.0212,0.7594
3,3,3,2,26,3,2,0,,,0.386,0.0
3,3,3,2,27,4,4,1,,,0.2678,0.0
3,3,3,2,28,5,5,1,,,0.1595,0.0
3,3,3,2,29,4,4,1,,,0.6638,0.0
3,3,3,2,30,6,6,1,,,0.3619,0.0
3,3,3,2,31,1,6,0,1,1,0.3616,0.2695
3,3,3,2,32,3,1,0,3,1,0.081,0.4496
3,3,3,2,33,5,1,0,,,1.1169,0.0
3,3,3,2,34,1,3,0,4,0,1.0973,0.4472
3,3,3,2,35,3,3,1,,,0.5824,0.0
3,3,3,2,36,6,6,1,,,0.1247,0.0
3,3,3,2,37,2,2,1,,,0.5497,0.0
3,3,3,2,38,6,6,1,,,0.0623,0.0
3,3,3,2,39,6,6,1,,,0.0009,0.0
3,3,3,2,40,1,1,1,,,0.1358,0.0
3,3,3,2,41,6,3,0,4,0,0.6248,0.2504
3,3,3,2,42,6,6,1,,,0.0411,0.0
3,3,3,2,43,6,6,1,,,0.001,0.0
3,3,3,2,44,4,4,1,,,0.4848,0.0
3,3,3,2,45,3,2,0,,,1.1026,0.0
3,3,3,2,46,5,5,1,,,0.091,0.0
3,3,3,2,47,2,2,1,,,0.4707,0.0
3,3,3,2,48,4,4,1,,,0.4811,0.0
3,3,3,2,49,1,1,1,,,0.6197,0.0
3,3,3,2,50,2,3,0,2,1,0.3999,0.5643
3,3,3,3,1,4,4,1,,,0.6163,0.0
3,3,3,3,2,2,2,1,,,0.0935,0.0
3,3,3,3,3,3,1,0,,,0.6482,0.0
3,3,3,3,4,4,4,1,,,0.4235,0.0
3,3,3,3,5,1,1,1,,,0.1482,0.0
3,3,3,3,6,6,6,1,,,0.0011,0.0
3,3,3,3,7,3,1,0,,,0.001,0.0
3,3,3,3,8,5,5,1,,,0.1159,0.0
3,3,3,3,9,1,6,0,,,0.0461,0.0
3,3,3,3,10,3,3,1,,,0.5013,0.0
3,3,3,3,11,6,6,1,,,0.0623,0.0
3,3,3,3,12,3,3,1,,,0.2981,0.0
3,3,3,3,13,6,6,1,,,0.1717,0.0
3,3,3,3,14,3,3,1,,,0.5322,0.0
3,3,3,3,15,5,6,0,,,0.4439,0.0
3,3,3,3,16,4,4,1,,,0.8358,0.0
3,3,3,3,17,3,3,1,,,0.6879,0.0
3,3,3,3,18,4,4,1,,,1.6171,0.0
3,3,3,3,19,4,2,0,3,0,0.4136,0.3358
3,3,3,3,20,6,6,1,,,0.0599,0.0
3,3,3,3,21,1,4,0,6,0,0.8563,0.2647
3,3,3,3,22,5,5,1,,,1.0636,0.0
3,3,3,3,23,4,2,0,,,1.4338,0.0
3,3,3,3,24,6,6,1,,,0.1359,0.0
3,3,3,3,25,2,2,1,,,0.1769,0.0
3,3,3,3,26,1,4,0,,,0.1845,0.0
3,3,3,3,27,2,4,0,,,0.8261,0.0
3,3,3,3,28,5,2,0,,,0.546,0.0
3,3,3,3,29,5,4,0,,,0.5972,0.0
3,3,3,3,30,6,6,1,,,0.598,0.0
3,3,3,3,31,6,6,1,,,0.3637,0.0
3,3,3,3,32,6,6,1,,,0.1708,0.0
3,3,3,3,33,2,4,0,,,0.3547,0.0
3,3,3,3,34,1,3,0,,,0.4614,0.0
3,3,3,3,35,5,5,1,,,0.5808,0.0
3,3,3,3,36,2,3,0,2,1,0.8111,0.2693
3,3,3,3,37,4,3,0,,,0.3366,0.0
3,3,3,3,38,1,3,0,,,0.2204,0.0
3,3,3,3,39,5,5,1,,,0.1574,0.0
3,3,3,3,40,6,4,0,1,0,0.9651,0.4014
3,3,3,3,41,5,5,1,,,0.6505,0.0
3,3,3,3,42,1,1,1,,,1.0692,0.0
3,3,3,3,43,2,2,1,,,0.5437,0.0
3,3,3,3,44,4,4,1,,,1.0971,0.0
3,3,3,3,45,2,2,1,,,0.2012,0.0
3,3,3,3,46,2,4,0,2,1,0.7988,0.2904
3,3,3,3,47,3,2,0,4,0,0.5491,0.2903
3,3,3,3,48,3,5,0,6,0,0.6077,0.4425
3,3,3,3,49,1,1,1,,,0.8986,0.0
3,3,3,3,50,6,6,1,,,0.3473,0.0
3,3,3,4,1,6,6,1,,,0.6327,0.0
3,3,3,4,2,6,6,1,,,0.1574,0.0
3,3,3,4,3,4,4,1,,,0.5497,0.0
3,3,3,4,4,3,2,0,,,0.9402,0.0
3,3,3,4,5,5,5,1,,,0.0799,0.0
3,3,3,4,6,5,6,0,,,0.2663,0.0
3,3,3,4,7,1,1,1,,,0.0009,0.0
3,3,3,4,8,1,1,1,,,0.04,0.0
3,3,3,4,9,1,6,0,,,0.001,0.0
3,3,3,4,10,4,6,0,,,0.1583,0.0
3,3,3,4,11,6,6,1,,,0.0011,0.0
3,3,3,4,12,6,6,1,,,0.6087,0.0
3,3,3,4,13,2,2,1,,,0.8701,0.0
3,3,3,4,14,6,6,1,,,0.2243,0.0
3,3,3,4,15,1,1,1,,,0.5173,0.0
3,3,3,4,16,3,2,0,,,0.6062,0.0
3,3,3,4,17,3,3,1,,,0.1751,0.0
3,3,3,4,18,1,2,0,,,1.0312,0.0
3,3,3,4,19,4,4,1,,,0.6939,0.0
3,3,3,4,20,6,6,1,,,0.184,0.0
3,3,3,4,21,3,6,0,,,1.4067,0.0
3,3,3,4,22,4,3,0,6,0,0.431,0.6244
3,3,3,4,23,2,1,0,4,0,0.642,0.426
3,3,3,4,24,6,6,1,,,0.7551,0.0
3,3,3,4,25,4,3,0,1,0,0.2582,1.0188
3,3,3,4,26,5,3,0,,,0.3151,0.0
3,3,3,4,27,2,2,1,,,0.4395,0.0
3,3,3,4,28,1,4,0,,,0.6595,0.0
3,3,3,4,29,4,4,1,,,0.1625,0.0
3,3,3,4,30,6,2,0,,,0.4907,0.0
3,3,3,4,31,4,5,0,,,0.7205,0.0
3,3,3,4,32,5,4,0,,,0.5728,0.0
3,3,3,4,33,6,6,1,,,0.0008,0.0
3,3,3,4,34,3,3,1,,,0.1251,0.0
3,3,3,4,35,3,3,1,,,0.6304,0.0
3,3,3,4,36,5,5,1,,,0.1713,0.0
3,3,3,4,37,6,6,1,,,0.0024,0.0
3,3,3,4,38,2,5,0,,,0.0009,0.0
3,3,3,4,39,3,3,1,,,0.3151,0.0
3,3,3,4,40,2,2,1,,,0.268,0.0
3,3,3,4,41,5,1,0,6,0,0.8152,0.2407
3,3,3,4,42,5,5,1,,,0.6258,0.0
3,3,3,4,43,3,5,0,,,0.8217,0.0
3,3,3,4,44,5,5,1,,,1.4707,0.0
3,3,3,4,45,4,6,0,2,0,1.5203,0.8685
3,3,3,4,46,2,2,1,,,0.1871,0.0
3,3,3,4,47,1,1,1,,,0.881,0.0
3,3,3,4,48,2,2,1,,,0.3639,0.0
3,3,3,4,49,1,5,0,,,0.411,0.0
3,3,3,4,50,2,2,1,,,0.4683,0.0
3,3,4,1,1,5,2,0,,,0.4903,0.0
3,3,4,1,2,2,1,0,,,0.2715,0.0
3,3,4,1,3,5,5,1,,,0.1262,0.0
3,3,4,1,4,2,2,1,,,0.4554,0.0
3,3,4,1,5,3,6,0,5,0,0.2123,0.4462
3,3,4,1,6,1,2,0,,,0.7099,0.0
3,3,4,1,7,4,4,1,,,0.7542,0.0
3,3,4,1,8,2,2,1,,,0.1934,0.0
3,3,4,1,9,1,6,0,,,0.3447,0.0
3,3,4,1,10,5,5,1,,,0.5961,0.0
3,3,4,1,11,6,4,0,,,0.217,0.0
3,3,4,1,12,1,1,1,,,0.4585,0.0
3,3,4,1,13,4,4,1,,,1.0623,0.0
3,3,4,1,14,6,6,1,,,0.0011,0.0
3,3,4,1,15,1,1,1,,,0.1347,0.0
3,3,4,1,16,2,2,1,,,0.1109,0.0
3,3,4,1,17,5,5,1,,,0.2172,0.0
3,3,4,1,18,5,5,1,,,0.2383,0.0
3,3,4,1,19,2,2,1,,,0.5953,0.0
3,3,4,1,20,4,4,1,,,0.5038,0.0
3,3,4,1,21,4,1,0,4,1,1.4095,0.603
3,3,4,1,22,5,5,1,,,0.0486,0.0
3,3,4,1,23,4,5,0,,,0.765,0.0
3,3,4,1,24,1,1,1,,,0.1035,0.0
3,3,4,1,25,2,6,0,4,0,0.0009,0.9323
3,3,4,1,26,3,3,1,,,0.328,0.0
3,3,4,1,27,1,6,0,5,0,0.185,0.5967
3,3,4,1,28,4,4,1,,,0.2931,0.0
3,3,4,1,29,6,3,0,2,0,0.2005,0.2745
3,3,4,1,30,4,3,0,,,0.386,0.0
3,3,4,1,31,1,6,0,4,0,0.4118,0.9417
3,3,4,1,32,1,1,1,,,0.7694,0.0
3,3,4,1,33,3,4,0,,,0.2245,0.0
3,3,4,1,34,3,4,0,3,1,1.2486,0.6727
3,3,4,1,35,3,2,0,,,0.1956,0.0
3,3,4,1,36,6,6,1,,,0.2458,0.0
3,3,4,1,37,5,5,1,,,1.0498,0.0
3,3,4,1,38,4,1,0,,,0.4126,0.0
3,3,4,1,39,2,6,0,,,0.2296,0.0
3,3,4,1,40,6,6,1,,,0.0528,0.0
3,3,4,1,41,3,4,0,3,1,0.6892,0.3284
3,3,4,1,42,3,3,1,,,0.0087,0.0
3,3,4,1,43,6,6,1,,,0.2472,0.0
3,3,4,1,44,6,6,1,,,0.0112,0.0
3,3,4,1,45,5,5,1,,,0.0735,0.0
3,3,4,1,46,6,6,1,,,0.0009,0.0
3,3,4,1,47,3,6,0,,,0.1148,0.0
3,3,4,1,48,6,6,1,,,0.0008,0.0
3,3,4,1,49,6,6,1,,,0.001,0.0
3,3,4,1,50,2,2,1,,,0.0686,0.0
3,3,4,2,1,2,2,1,,,0.253,0.0
3,3,4,2,2,3,5,0,,,0.081,0.0
3,3,4,2,3,6,6,1,,,0.152,0.0
3,3,4,2,4,3,3,1,,,0.4476,0.0
3,3,4,2,5,6,1,0,4,0,0.0908,0.6827
3,3,4,2,6,3,2,0,3,1,0.393,0.252
3,3,4,2,7,5,5,1,,,0.1111,0.0
3,3,4,2,8,5,4,0,2,0,0.6814,0.4492
3,3,4,2,9,4,4,1,,,0.6005,0.0
3,3,4,2,10,2,6,0,2,1,0.5739,0.5211
3,3,4,2,11,2,5,0,,,0.6592,0.0
3,3,4,2,12,5,5,1,,,1.0898,0.0
3,3,4,2,13,4,4,1,,,0.6755,0.0
3,3,4,2,14,6,6,1,,,0.0387,0.0
3,3,4,2,15,1,2,0,1,1,0.2754,0.1869
3,3,4,2,16,2,5,0,2,1,0.0023,0.4047
3,3,4,2,17,4,2,0,,,1.0904,0.0
3,3,4,2,18,3,6,0,,,0.4005,0.0
3,3,4,2,19,3,1,0,,,0.3131,0.0
3,3,4,2,20,1,6,0,,,0.7891,0.0
3,3,4,2,21,5,4,0,1,0,0.7511,0.3713
3,3,4,2,22,4,4,1,,,0.4943,0.0
3,3,4,2,23,1,4,0,,,0.6486,0.0
3,3,4,2,24,6,6,1,,,0.0548,0.0
3,3,4,2,25,5,5,1,,,0.0036,0.0
3,3,4,2,26,4,5,0,,,0.2254,0.0
3,3,4,2,27,4,4,1,,,1.6184,0.0
3,3,4,2,28,1,1,1,,,0.5411,0.0
3,3,4,2,29,1,6,0,,,0.0698,0.0
3,3,4,2,30,4,4,1,,,0.7645,0.0
3,3,4,2,31,6,1,0,4,0,0.188,0.8388
3,3,4,2,32,6,6,1,,,0.1098,0.0
3,3,4,2,33,1,1,1,,,0.2319,0.0
3,3,4,2,34,6,6,1,,,0.0136,0.0
3,3,4,2,35,1,1,1,,,0.2991,0.0
3,3,4,2,36,3,3,1,,,0.285,0.0
3,3,4,2,37,6,6,1,,,0.1108,0.0
3,3,4,2,38,2,2,1,,,0.3135,0.0
3,3,4,2,39,4,4,1,,,0.4743,0.0
3,3,4,2,40,5,4,0,1,0,0.629,0.6557
3,3,4,2,41,5,6,0,3,0,0.046,1.3916
3,3,4,2,42,5,6,0,5,1,0.3363,0.2143
3,3,4,2,43,6,6,1,,,0.1074,0.0
3,3,4,2,44,6,6,1,,,0.4207,0.0
3,3,4,2,45,3,1,0,,,1.219,0.0
3,3,4,2,46,3,3,1,,,0.5864,0.0
3,3,4,2,47,1,1,1,,,0.2729,0.0
3,3,4,2,48,2,2,1,,,0.2603,0.0
3,3,4,2,49,2,2,1,,,0.1195,0.0
3,3,4,2,50,2,2,1,,,0.2256,0.0
3,3,4,3,1,5,6,0,,,0.3076,0.0
3,3,4,3,2,4,2,0,3,0,0.1458,0.6393
3,3,4,3,3,5,6,0,,,0.1588,0.0
3,3,4,3,4,3,1,0,,,0.4024,0.0
3,3,4,3,5,3,6,0,,,0.6993,0.0
3,3,4,3,6,1,1,1,,,0.2642,0.0
3,3,4,3,7,4,6,0,4,1,0.348,0.1768
3,3,4,3,8,5,5,1,,,0.4076,0.0
3,3,4,3,9,2,2,1,,,0.6618,0.0
3,3,4,3,10,4,4,1,,,0.1857,0.0
3,3,4,3,11,4,4,1,,,0.0646,0.0
3,3,4,3,12,2,6,0,4,0,0.0013,0.734
3,3,4,3,13,4,4,1,,,0.2656,0.0
3,3,4,3,14,3,6,0,,,0.3019,0.0
3,3,4,3,15,1,6,0,1,1,0.0585,0.2678
3,3,4,3,16,2,2,1,,,0.3187,0.0
3,3,4,3,17,1,6,0,2,0,0.6235,0.0413
3,3,4,3,18,3,1,0,3,1,0.4187,1.428
3,3,4,3,19,2,4,0,,,0.2157,0.0
3,3,4,3,20,4,1,0,,,0.3755,0.0
3,3,4,3,21,3,4,0,,,0.2913,0.0
3,3,4,3,22,4,1,0,5,0,0.5126,0.6072
3,3,4,3,23,5,5,1,,,0.1439,0.0
3,3,4,3,24,6,6,1,,,0.0087,0.0
3,3,4,3,25,1,5,0,2,0,0.0872,0.3102
3,3,4,3,26,4,1,0,,,0.3075,0.0
3,3,4,3,27,1,6,0,,,0.7204,0.0
3,3,4,3,28,1,5,0,1,1,1.2125,0.4631
3,3,4,3,29,1,1,1,,,0.3291,0.0
3,3,4,3,30,6,6,1,,,0.2504,0.0
3,3,4,3,31,1,6,0,4,0,0.2383,0.632
3,3,4,3,32,6,6,1,,,0.2952,0.0
3,3,4,3,33,6,6,1,,,0.5206,0.0
3,3,4,3,34,6,6,1,,,0.0498,0.0
3,3,4,3,35,2,4,0,,,0.9902,0.0
3,3,4,3,36,5,5,1,,,0.256,0.0
3,3,4,3,37,3,4,0,,,1.8596,0.0
3,3,4,3,38,2,2,1,,,0.353,0.0
3,3,4,3,39,6,3,0,4,0,0.4016,0.9789
3,3,4,3,40,2,2,1,,,0.5002,0.0
3,3,4,3,41,6,6,1,,,0.001,0.0
3,3,4,3,42,6,6,1,,,0.5732,0.0
3,3,4,3,43,6,6,1,,,0.0672,0.0
3,3,4,3,44,5,1,0,5,1,0.5591,0.1559
3,3,4,3,45,3,3,1,,,1.1556,0.0
3,3,4,3,46,5,6,0,,,0.0024,0.0
3,3,4,3,47,3,1,0,,,1.1959,0.0
3,3,4,3,48,6,6,1,,,0.001,0.0
3,3,4,3,49,2,2,1,,,0.3062,0.0
3,3,4,3,50,5,5,1,,,0.3726,0.0
3,3,4,4,1,4,4,1,,,0.5299,0.0
3,3,4,4,2,3,5,0,,,0.4415,0.0
3,3,4,4,3,3,6,0,,,0.146,0.0
3,3,4,4,4,1,3,0,,,0.001,0.0
3,3,4,4,5,1,1,1,,,0.3032,0.0
3,3,4,4,6,1,1,1,,,0.0327,0.0
3,3,4,4,7,2,2,1,,,0.4451,0.0
3,3,4,4,8,6,6,1,,,0.1222,0.0
3,3,4,4,9,5,5,1,,,0.0037,0.0
3,3,4,4,10,3,2,0,,,0.2092,0.0
3,3,4,4,11,6,4,0,,,0.5637,0.0
3,3,4,4,12,3,1,0,,,0.3422,0.0
3,3,4,4,13,1,3,0,,,0.529,0.0
3,3,4,4,14,4,4,1,,,0.2457,0.0
3,3,4,4,15,2,4,0,2,1,1.4977,0.6235
3,3,4,4,16,2,3,0,,,0.8203,0.0
3,3,4,4,17,3,6,0,5,0,0.3805,0.1279
3,3,4,4,18,5,5,1,,,0.0049,0.0
3,3,4,4,19,6,1,0,,,0.1942,0.0
3,3,4,4,20,5,5,1,,,0.1315,0.0
3,3,4,4,21,6,6,1,,,0.001,0.0
3,3,4,4,22,3,3,1,,,0.4912,0.0
3,3,4,4,23,5,3,0,1,0,1.0933,0.4279
3,3,4,4,24,2,2,1,,,0.2433,0.0
3,3,4,4,25,1,6,0,,,0.0399,0.0
3,3,4,4,26,4,2,0,3,0,1.1209,0.3097
3,3,4,4,27,1,6,0,,,0.1146,0.0
3,3,4,4,28,2,2,1,,,0.2952,0.0
3,3,4,4,29,2,2,1,,,0.9057,0.0
3,3,4,4,30,2,2,1,,,0.402,0.0
3,3,4,4,31,4,4,1,,,0.3683,0.0
3,3,4,4,32,2,4,0,,,0.8161,0.0
3,3,4,4,33,6,6,1,,,0.663,0.0
3,3,4,4,34,6,6,1,,,0.5383,0.0
3,3,4,4,35,6,6,1,,,0.2745,0.0
3,3,4,4,36,6,4,0,2,0,0.1658,0.7064
3,3,4,4,37,3,3,1,,,0.3839,0.0
3,3,4,4,38,4,4,1,,,0.4296,0.0
3,3,4,4,39,5,5,1,,,0.6504,0.0
3,3,4,4,40,4,5,0,4,1,0.2695,0.2308
3,3,4,4,41,4,4,1,,,0.6351,0.0
3,3,4,4,42,5,6,0,2,0,0.3992,0.8186
3,3,4,4,43,6,6,1,,,0.1383,0.0
3,3,4,4,44,3,3,1,,,0.7067,0.0
3,3,4,4,45,1,1,1,,,1.284,0.0
3,3,4,4,46,6,6,1,,,0.0461,0.0
3,3,4,4,47,5,5,1,,,0.2982,0.0
3,3,4,4,48,4,4,1,,,0.9725,0.0
3,3,4,4,49,1,1,1,,,0.3384,0.0
3,3,4,4,50,5,2,0,,,0.3232,0.0
3,3,5,1,1,6,5,0,,,0.391,0.0
3,3,5,1,2,1,6,0,,,0.0812,0.0
3,3,5,1,3,5,5,1,,,0.9837,0.0
3,3,5,1,4,4,5,0,,,0.5888,0.0
3,3,5,1,5,5,5,1,,,0.303,0.0
3,3,5,1,6,2,3,0,,,0.8964,0.0
3,3,5,1,7,6,1,0,6,1,0.1659,0.3697
3,3,5,1,8,5,1,0,,,0.1933,0.0
3,3,5,1,9,2,2,1,,,0.3072,0.0
3,3,5,1,10,2,2,1,,,0.453,0.0
3,3,5,1,11,4,4,1,,,0.4328,0.0
3,3,5,1,12,6,6,1,,,0.2055,0.0
3,3,5,1,13,4,4,1,,,0.4824,0.0
3,3,5,1,14,6,6,1,,,0.0774,0.0
3,3,5,1,15,3,3,1,,,0.6162,0.0
3,3,5,1,16,2,6,0,1,0,0.4289,0.8152
3,3,5,1,17,6,6,1,,,0.1035,0.0
3,3,5,1,18,3,4,0,3,1,0.4816,0.4326
3,3,5,1,19,1,1,1,,,0.11,0.0
3,3,5,1,20,2,2,1,,,0.1993,0.0
3,3,5,1,21,3,3,1,,,0.8611,0.0
3,3,5,1,22,1,4,0,,,0.6332,0.0
3,3,5,1,23,3,3,1,,,0.216,0.0
3,3,5,1,24,1,1,1,,,0.9094,0.0
3,3,5,1,25,5,5,1,,,0.1036,0.0
3,3,5,1,26,4,4,1,,,0.3846,0.0
3,3,5,1,27,5,6,0,,,0.3039,0.0
3,3,5,1,28,6,6,1,,,0.1894,0.0
3,3,5,1,29,5,6,0,,,0.3552,0.0
3,3,5,1,30,6,1,0,,,1.0392,0.0
3,3,5,1,31,3,3,1,,,0.3177,0.0
3,3,5,1,32,6,6,1,,,0.0149,0.0
3,3,5,1,33,2,2,1,,,0.4124,0.0
3,3,5,1,34,3,3,1,,,0.6026,0.0
3,3,5,1,35,4,3,0,,,1.455,0.0
3,3,5,1,36,3,6,0,,,0.7021,0.0
3,3,5,1,37,4,4,1,,,0.5871,0.0
3,3,5,1,38,1,6,0,,,0.4333,0.0
3,3,5,1,39,4,4,1,,,0.4726,0.0
3,3,5,1,40,1,3,0,,,0.7078,0.0
3,3,5,1,41,1,6,0,,,0.001,0.0
3,3,5,1,42,4,4,1,,,0.3787,0.0
3,3,5,1,43,5,2,0,,,1.2726,0.0
3,3,5,1,44,5,4,0,,,0.6871,0.0
3,3,5,1,45,2,2,1,,,0.6518,0.0
3,3,5,1,46,1,1,1,,,0.4795,0.0
3,3,5,1,47,6,6,1,,,0.1219,0.0
3,3,5,1,48,6,6,1,,,0.0009,0.0
3,3,5,1,49,2,2,1,,,0.498,0.0
3,3,5,1,50,3,5,0,,,1.1473,0.0
3,3,5,2,1,1,4,0,,,0.8669,0.0
3,3,5,2,2,1,4,0,,,0.4576,0.0
3,3,5,2,3,2,2,1,,,0.2404,0.0
3,3,5,2,4,3,6,0,,,0.3888,0.0
3,3,5,2,5,1,4,0,,,0.6877,0.0
3,3,5,2,6,3,3,1,,,0.4446,0.0
3,3,5,2,7,1,6,0,5,0,0.201,0.2748
3,3,5,2,8,3,5,0,,,0.8022,0.0
3,3,5,2,9,1,3,0,,,1.147,0.0
3,3,5,2,10,2,2,1,,,1.2213,0.0
3,3,5,2,11,5,2,0,,,0.7696,0.0
3,3,5,2,12,2,6,0,,,1.6759,0.0
3,3,5,2,13,5,6,0,,,0.4483,0.0
3,3,5,2,14,4,4,1,,,0.7121,0.0
3,3,5,2,15,4,6,0,,,0.9681,0.0
3,3,5,2,16,3,4,0,,,0.5545,0.0
3,3,5,2,17,6,2,0,5,0,1.3258,0.3465
3,3,5,2,18,4,1,0,,,0.3414,0.0
3,3,5,2,19,6,4,0,3,0,0.5127,1.6309
3,3,5,2,20,4,4,1,,,0.694,0.0
3,3,5,2,21,6,3,0,2,0,0.7443,1.1006
3,3,5,2,22,6,1,0,3,0,1.7693,0.4516
3,3,5,2,23,4,4,1,,,0.4434,0.0
3,3,5,2,24,3,3,1,,,0.4066,0.0
3,3,5,2,25,5,6,0,5,1,0.0684,0.773
3,3,5,2,26,2,3,0,1,0,0.1792,0.3832
3,3,5,2,27,5,5,1,,,0.745,0.0
3,3,5,2,28,4,3,0,4,1,0.9535,1.1728
3,3,5,2,29,6,2,0,3,0,0.3717,0.4069
3,3,5,2,30,6,6,1,,,0.001,0.0
3,3,5,2,31,5,5,1,,,0.2704,0.0
3,3,5,2,32,2,2,1,,,0.4345,0.0
3,3,5,2,33,1,5,0,,,0.3827,0.0
3,3,5,2,34,4,4,1,,,0.4564,0.0
3,3,5,2,35,5,6,0,,,0.3878,0.0
3,3,5,2,36,6,6,1,,,0.0934,0.0
3,3,5,2,37,3,3,1,,,0.3767,0.0
3,3,5,2,38,6,6,1,,,0.7758,0.0
3,3,5,2,39,2,2,1,,,0.454,0.0
3,3,5,2,40,5,3,0,2,0,0.7386,0.5188
3,3,5,2,41,6,4,0,,,0.748,0.0
3,3,5,2,42,5,5,1,,,0.1985,0.0
3,3,5,2,43,4,6,0,,,0.001,0.0
3,3,5,2,44,2,2,1,,,0.6142,0.0
3,3,5,2,45,2,1,0,4,0,0.3947,0.9579
3,3,5,2,46,3,3,1,,,0.4643,0.0
3,3,5,2,47,3,2,0,3,1,0.3963,0.3353
3,3,5,2,48,6,3,0,1,0,0.2231,0.8903
3,3,5,2,49,1,4,0,,,0.271,0.0
3,3,5,2,50,1,1,1,,,0.7337,0.0
3,3,5,3,1,3,3,1,,,0.428,0.0
3,3,5,3,2,1,1,1,,,0.1683,0.0
3,3,5,3,3,3,6,0,3,1,0.3677,0.4523
3,3,5,3,4,6,6,1,,,0.5277,0.0
3,3,5,3,5,5,2,0,,,0.6652,0.0
3,3,5,3,6,4,4,1,,,0.935,0.0
3,3,5,3,7,3,6,0,,,0.4631,0.0
3,3,5,3,8,1,1,1,,,0.1171,0.0
3,3,5,3,9,5,5,1,,,0.0009,0.0
3,3,5,3,10,6,6,1,,,0.3327,0.0
3,3,5,3,11,6,6,1,,,0.001,0.0
3,3,5,3,12,3,3,1,,,0.7954,0.0
3,3,5,3,13,6,6,1,,,0.0009,0.0
3,3,5,3,14,5,5,1,,,0.3112,0.0
3,3,5,3,15,1,1,1,,,0.6963,0.0
3,3,5,3,16,6,6,1,,,0.0587,0.0
3,3,5,3,17,4,4,1,,,0.5183,0.0
3,3,5,3,18,3,6,0,5,0,0.0635,0.672
3,3,5,3,19,2,2,1,,,0.6384,0.0
3,3,5,3,20,4,4,1,,,0.5946,0.0
3,3,5,3,21,2,2,1,,,0.2484,0.0
3,3,5,3,22,2,2,1,,,0.22,0.0
3,3,5,3,23,6,6,1,,,0.0174,0.0
3,3,5,3,24,1,2,0,,,0.8626,0.0
3,3,5,3,25,5,6,0,,,0.001,0.0
3,3,5,3,26,6,6,1,,,0.001,0.0
3,3,5,3,27,2,2,1,,,0.6528,0.0
3,3,5,3,28,1,2,0,1,1,0.2242,0.4262
3,3,5,3,29,5,1,0,,,0.5674,0.0
3,3,5,3,30,4,3,0,,,0.2665,0.0
3,3,5,3,31,3,3,1,,,1.2094,0.0
3,3,5,3,32,4,4,1,,,0.2782,0.0
3,3,5,3,33,4,4,1,,,0.2328,0.0
3,3,5,3,34,2,2,1,,,0.6208,0.0
3,3,5,3,35,5,5,1,,,0.0336,0.0
3,3,5,3,36,3,2,0,,,0.703,0.0
3,3,5,3,37,2,2,1,,,0.1882,0.0
3,3,5,3,38,2,2,1,,,0.1947,0.0
3,3,5,3,39,1,3,0,,,0.6168,0.0
3,3,5,3,40,6,6,1,,,0.1683,0.0
3,3,5,3,41,1,1,1,,,1.3443,0.0
3,3,5,3,42,4,4,1,,,0.4709,0.0
3,3,5,3,43,4,4,1,,,0.4023,0.0
3,3,5,3,44,2,2,1,,,0.2881,0.0
3,3,5,3,45,1,4,0,,,1.7636,0.0
3,3,5,3,46,6,6,1,,,1.1083,0.0
3,3,5,3,47,3,6,0,,,0.0686,0.0
3,3,5,3,48,5,5,1,,,0.5882,0.0
3,3,5,3,49,5,2,0,,,0.6267,0.0
3,3,5,3,50,6,6,1,,,0.386,0.0
3,3,5,4,1,6,6,1,,,0.0623,0.0
3,3,5,4,2,4,6,0,2,0,0.4739,0.5534
3,3,5,4,3,2,2,1,,,0.2047,0.0
3,3,5,4,4,2,2,1,,,0.4348,0.0
3,3,5,4,5,5,6,0,3,0,0.2551,0.4556
3,3,5,4,6,6,6,1,,,0.0636,0.0
3,3,5,4,7,1,3,0,,,0.9393,0.0
3,3,5,4,8,3,2,0,,,0.046,0.0
3,3,5,4,9,5,5,1,,,0.5015,0.0
3,3,5,4,10,2,2,1,,,0.4641,0.0
3,3,5,4,11,4,4,1,,,0.3785,0.0
3,3,5,4,12,6,6,1,,,0.025,0.0
3,3,5,4,13,5,5,1,,,0.3908,0.0
3,3,5,4,14,1,1,1,,,0.1973,0.0
3,3,5,4,15,2,5,0,2,1,1.2588,0.714
3,3,5,4,16,6,6,1,,,0.2032,0.0
3,3,5,4,17,1,1,1,,,0.3214,0.0
3,3,5,4,18,4,6,0,,,0.8189,0.0
3,3,5,4,19,1,1,1,,,0.2186,0.0
3,3,5,4,20,5,1,0,,,0.6558,0.0
3,3,5,4,21,2,4,0,,,0.9273,0.0
3,3,5,4,22,6,6,1,,,0.3228,0.0
3,3,5,4,23,6,6,1,,,1.0277,0.0
3,3,5,4,24,3,3,1,,,0.4555,0.0
3,3,5,4,25,1,3,0,,,0.2441,0.0
3,3,5,4,26,3,6,0,3,1,0.5148,0.6256
3,3,5,4,27,4,4,1,,,0.8704,0.0
3,3,5,4,28,1,1,1,,,0.1285,0.0
3,3,5,4,29,6,3,0,6,1,0.8102,0.1394
3,3,5,4,30,5,5,1,,,0.8683,0.0
3,3,5,4,31,4,4,1,,,0.2234,0.0
3,3,5,4,32,3,3,1,,,0.3732,0.0
3,3,5,4,33,2,1,0,2,1,0.4996,0.4023
3,3,5,4,34,2,2,1,,,0.0811,0.0
3,3,5,4,35,3,3,1,,,0.3159,0.0
3,3,5,4,36,6,3,0,1,0,0.5726,0.4087
3,3,5,4,37,4,4,1,,,0.545,0.0
3,3,5,4,38,4,4,1,,,0.6811,0.0
3,3,5,4,39,5,1,0,,,0.1721,0.0
3,3,5,4,40,3,3,1,,,0.3027,0.0
3,3,5,4,41,1,3,0,,,0.8963,0.0
3,3,5,4,42,3,3,1,,,0.5809,0.0
3,3,5,4,43,3,3,1,,,0.2192,0.0
3,3,5,4,44,5,3,0,,,0.5131,0.0
3,3,5,4,45,6,6,1,,,0.4364,0.0
3,3,5,4,46,2,2,1,,,0.6096,0.0
3,3,5,4,47,5,5,1,,,0.5509,0.0
3,3,5,4,48,4,2,0,3,0,0.8792,0.334
3,3,5,4,49,6,6,1,,,0.0011,0.0
3,3,5,4,50,1,1,1,,,0.8405,0.0
4,1,1,1,1,1,1,1,,,0.5347,0.0
4,1,1,1,2,6,6,1,,,0.5265,0.0
4,1,1,1,3,2,6,0,5,0,1.1603,1.6122
4,1,1,1,4,1,1,1,,,1.987,0.0
4,1,1,1,5,4,2,0,,,2.7847,0.0
4,1,1,1,6,6,6,1,,,0.4713,0.0
4,1,1,1,7,4,1,0,4,1,1.5068,1.9923
4,1,1,1,8,2,1,0,,,0.8364,0.0
4,1,1,1,9,1,1,1,,,0.4762,0.0
4,1,1,1,10,5,6,0,5,1,0.9828,1.6346
4,1,1,1,11,6,5,0,2,0,0.461,2.1257
4,1,1,1,12,1,1,1,,,0.1767,0.0
4,1,1,1,13,3,6,0,,,0.6643,0.0
4,1,1,1,14,2,2,1,,,1.1909,0.0
4,1,1,1,15,2,1,0,,,0.6436,0.0
4,1,1,1,16,3,2,0,,,0.3871,0.0
4,1,1,1,17,4,4,1,,,1.7891,0.0
4,1,1,1,18,1,6,0,5,0,0.7862,3.6375
4,1,1,1,19,5,1,0,,,0.2821,0.0
4,1,1,1,20,5,6,0,,,0.5517,0.0
4,1,1,1,21,6,6,1,,,0.4908,0.0
4,1,1,1,22,2,2,1,,,2.1966,0.0
4,1,1,1,23,6,6,1,,,0.6174,0.0
4,1,1,1,24,6,6,1,,,0.3672,0.0
4,1,1,1,25,2,1,0,5,0,2.1249,1.8012
4,1,1,1,26,4,6,0,,,0.2815,0.0
4,1,1,1,27,5,3,0,,,5.0473,0.0
4,1,1,1,28,5,6,0,1,0,1.4903,1.3045
4,1,1,1,29,6,6,1,,,0.2039,0.0
4,1,1,1,30,6,6,1,,,0.2257,0.0
4,1,1,1,31,4,4,1,,,1.2723,0.0
4,1,1,1,32,4,1,0,,,0.5942,0.0
4,1,1,1,33,3,6,0,4,0,1.8435,1.6436
4,1,1,1,34,3,1,0,,,1.0894,0.0
4,1,1,1,35,3,4,0,,,2.0307,0.0
4,1,1,1,36,5,3,0,,,3.0768,0.0
4,1,1,1,37,2,1,0,,,0.8488,0.0
4,1,1,1,38,3,1,0,,,7.495,0.0
4,1,1,1,39,5,2,0,6,0,1.5819,3.6485
4,1,1,1,40,4,6,0,,,0.3073,0.0
4,1,1,1,41,5,4,0,,,1.3128,0.0
4,1,1,1,42,4,6,0,,,0.3563,0.0
4,1,1,1,43,3,6,0,,,0.2556,0.0
4,1,1,1,44,2,2,1,,,3.2949,0.0
4,1,1,1,45,1,2,0,,,0.8705,0.0
4,1,1,1,46,3,6,0,1,0,1.8522,1.4278
4,1,1,1,47,1,6,0,5,0,0.5785,1.503
4,1,1,1,48,6,6,1,,,0.2346,0.0
4,1,1,1,49,6,1,0,4,0,0.4152,2.3855
4,1,1,1,50,1,6,0,,,0.5214,0.0
4,1,1,2,1,3,1,0,,,1.2752,0.0
4,1,1,2,2,6,6,1,,,0.2254,0.0
4,1,1,2,3,5,1,0,,,0.6945,0.0
4,1,1,2,4,2,4,0,,,1.7009,0.0
4,1,1,2,5,1,1,1,,,0.4717,0.0
4,1,1,2,6,6,6,1,,,0.4026,0.0
4,1,1,2,7,1,6,0,,,1.6974,0.0
4,1,1,2,8,5,5,1,,,1.7167,0.0
4,1,1,2,9,5,6,0,2,0,1.9,1.0902
4,1,1,2,10,3,1,0,,,1.4716,0.0
4,1,1,2,11,6,4,0,2,0,2.0767,1.4338
4,1,1,2,12,2,1,0,6,0,0.2336,1.171
4,1,1,2,13,2,6,0,,,0.2043,0.0
4,1,1,2,14,5,4,0,2,0,1.6932,0.9872
4,1,1,2,15,4,6,0,,,1.5643,0.0
4,1,1,2,16,3,2,0,5,0,1.5424,1.8977
4,1,1,2,17,6,6,1,,,0.2454,0.0
4,1,1,2,18,2,6,0,,,0.2666,0.0
4,1,1,2,19,6,6,1,,,0.1855,0.0
4,1,1,2,20,5,5,1,,,1.1358,0.0
4,1,1,2,21,2,1,0,,,0.5754,0.0
4,1,1,2,22,5,6,0,,,1.1221,0.0
4,1,1,2,23,3,6,0,5,0,0.5892,1.4001
4,1,1,2,24,4,1,0,,,3.1605,0.0
4,1,1,2,25,2,6,0,,,2.5128,0.0
4,1,1,2,26,3,6,0,,,3.8435,0.0
4,1,1,2,27,6,6,1,,,0.2715,0.0
4,1,1,2,28,1,6,0,1,1,0.7228,0.5532
4,1,1,2,29,1,6,0,1,1,0.2566,0.8734
4,1,1,2,30,5,6,0,,,0.6761,0.0
4,1,1,2,31,4,2,0,5,0,0.9933,1.6445
4,1,1,2,32,6,6,1,,,0.7708,0.0
4,1,1,2,33,4,2,0,4,1,1.7938,1.7395
4,1,1,2,34,1,6,0,,,0.3861,0.0
4,1,1,2,35,6,6,1,,,0.7809,0.0
4,1,1,2,36,6,6,1,,,0.2187,0.0
4,1,1,2,37,1,2,0,,,1.5196,0.0
4,1,1,2,38,3,6,0,,,0.5876,0.0
4,1,1,2,39,1,6,0,,,0.2212,0.0
4,1,1,2,40,1,1,1,,,0.1894,0.0
4,1,1,2,41,4,2,0,6,0,0.933,0.929
4,1,1,2,42,4,1,0,,,0.725,0.0
4,1,1,2,43,2,4,0,,,1.0725,0.0
4,1,1,2,44,4,6,0,3,0,0.2225,1.8808
4,1,1,2,45,2,4,0,,,1.1087,0.0
4,1,1,2,46,5,6,0,,,0.37,0.0
4,1,1,2,47,4,2,0,,,1.2598,0.0
4,1,1,2,48,3,1,0,4,0,1.7307,1.8553
4,1,1,2,49,3,6,0,2,0,1.0207,1.7339
4,1,1,2,50,6,6,1,,,0.1523,0.0
4,1,1,3,1,6,6,1,,,0.2856,0.0
4,1,1,3,2,6,6,1,,,0.1762,0.0
4,1,1,3,3,1,5,0,,,0.9038,0.0
4,1,1,3,4,3,1,0,,,1.0364,0.0
4,1,1,3,5,5,6,0,,,0.748,0.0
4,1,1,3,6,1,6,0,1,1,0.1832,2.0504
4,1,1,3,7,5,5,1,,,1.9959,0.0
4,1,1,3,8,2,2,1,,,1.1288,0.0
4,1,1,3,9,6,6,1,,,0.3936,0.0
4,1,1,3,10,5,2,0,5,1,1.0638,0.8309
4,1,1,3,11,6,6,1,,,0.1718,0.0
4,1,1,3,12,6,6,1,,,0.3382,0.0
4,1,1,3,13,3,6,0,,,1.0113,0.0
4,1,1,3,14,5,5,1,,,0.8037,0.0
4,1,1,3,15,3,2,0,3,1,1.8416,0.1525
4,1,1,3,16,4,2,0,,,1.2491,0.0
4,1,1,3,17,4,6,0,,,1.096,0.0
4,1,1,3,18,4,4,1,,,1.7318,0.0
4,1,1,3,19,2,1,0,4,0,1.0027,1.4132
4,1,1,3,20,3,6,0,,,0.6279,0.0
4,1,1,3,21,2,2,1,,,1.0922,0.0
4,1,1,3,22,3,1,0,,,1.0453,0.0
4,1,1,3,23,1,4,0,,,2.4354,0.0
4,1,1,3,24,6,6,1,,,0.1858,0.0
4,1,1,3,25,1,6,0,,,0.656,0.0
4,1,1,3,26,5,1,0,,,0.399,0.0
4,1,1,3,27,2,6,0,5,0,1.705,1.3499
4,1,1,3,28,3,6,0,,,1.1434,0.0
4,1,1,3,29,4,6,0,1,0,0.403,2.3569
4,1,1,3,30,1,4,0,5,0,1.1504,2.6898
4,1,1,3,31,4,1,0,,,2.2057,0.0
4,1,1,3,32,2,2,1,,,0.9244,0.0
4,1,1,3,33,2,2,1,,,0.421,0.0
4,1,1,3,34,4,4,1,,,1.283,0.0
4,1,1,3,35,4,6,0,,,0.5878,0.0
4,1,1,3,36,2,1,0,,,0.8612,0.0
4,1,1,3,37,1,6,0,,,0.4043,0.0
4,1,1,3,38,5,6,0,,,0.2529,0.0
4,1,1,3,39,2,2,1,,,1.228,0.0
4,1,1,3,40,1,6,0,,,0.4721,0.0
4,1,1,3,41,6,6,1,,,0.4793,0.0
4,1,1,3,42,1,1,1,,,1.6099,0.0
4,1,1,3,43,5,6,0,,,0.2136,0.0
4,1,1,3,44,3,3,1,,,3.7347,0.0
4,1,1,3,45,3,6,0,,,0.2519,0.0
4,1,1,3,46,4,1,0,,,0.6986,0.0
4,1,1,3,47,6,4,0,,,1.944,0.0
4,1,1,3,48,6,6,1,,,0.1785,0.0
4,1,1,3,49,6,6,1,,,0.2972,0.0
4,1,1,3,50,5,6,0,,,0.282,0.0
4,1,1,4,1,6,6,1,,,0.0698,0.0
4,1,1,4,2,4,5,0,,,1.2021,0.0
4,1,1,4,3,5,6,0,,,0.1547,0.0
4,1,1,4,4,4,3,0,,,2.7499,0.0
4,1,1,4,5,5,6,0,3,0,0.2307,1.7766
4,1,1,4,6,1,1,1,,,0.7542,0.0
4,1,1,4,7,6,6,1,,,0.2247,0.0
4,1,1,4,8,6,6,1,,,0.5338,0.0
4,1,1,4,9,6,1,0,,,0.2866,0.0
4,1,1,4,10,1,6,0,,,0.157,0.0
4,1,1,4,11,6,6,1,,,0.6877,0.0
4,1,1,4,12,3,6,0,,,0.7538,0.0
4,1,1,4,13,1,6,0,4,0,0.2204,1.4475
4,1,1,4,14,5,6,0,5,1,0.6773,1.2292
4,1,1,4,15,2,2,1,,,1.2884,0.0
4,1,1,4,16,5,6,0,5,1,0.578,0.9262
4,1,1,4,17,2,5,0,1,0,0.3256,1.5322
4,1,1,4,18,1,1,1,,,1.2549,0.0
4,1,1,4,19,2,2,1,,,1.3135,0.0
4,1,1,4,20,6,6,1,,,0.2178,0.0
4,1,1,4,21,2,4,0,3,0,1.1985,3.7934
4,1,1,4,22,4,6,0,,,0.2711,0.0
4,1,1,4,23,6,6,1,,,0.1417,0.0
4,1,1,4,24,5,6,0,,,0.5834,0.0
4,1,1,4,25,6,3,0,,,2.3772,0.0
4,1,1,4,26,3,2,0,4,0,3.0094,0.6644
4,1,1,4,27,2,6,0,5,0,0.0073,1.1614
4,1,1,4,28,1,6,0,,,0.2433,0.0
4,1,1,4,29,5,4,0,5,1,1.9075,1.8653
4,1,1,4,30,1,1,1,,,1.4503,0.0
4,1,1,4,31,3,1,0,,,0.4923,0.0
4,1,1,4,32,3,3,1,,,3.4423,0.0
4,1,1,4,33,2,2,1,,,0.9156,0.0
4,1,1,4,34,1,1,1,,,0.5562,0.0
4,1,1,4,35,5,6,0,,,0.2285,0.0
4,1,1,4,36,4,2,0,5,0,1.2677,1.1238
4,1,1,4,37,5,6,0,,,0.431,0.0
4,1,1,4,38,6,6,1,,,0.1033,0.0
4,1,1,4,39,6,6,1,,,0.001,0.0
4,1,1,4,40,3,5,0,3,1,1.7431,1.9796
4,1,1,4,41,4,6,0,2,0,0.2315,1.0583
4,1,1,4,42,3,2,0,,,1.377,0.0
4,1,1,4,43,3,6,0,,,1.106,0.0
4,1,1,4,44,1,6,0,4,0,0.4142,1.0893
4,1,1,4,45,4,6,0,1,0,0.0948,0.3981
4,1,1,4,46,2,2,1,,,0.7906,0.0
4,1,1,4,47,3,1,0,5,0,0.7406,1.0025
4,1,1,4,48,4,6,0,5,0,0.1391,0.8557
4,1,1,4,49,4,6,0,,,0.2705,0.0
4,1,1,4,50,2,2,1,,,0.9893,0.0
4,1,2,1,1,2,1,0,,,1.7338,0.0
4,1,2,1,2,4,6,0,,,0.1993,0.0
4,1,2,1,3,6,6,1,,,0.1375,0.0
4,1,2,1,4,5,5,1,,,0.8185,0.0
4,1,2,1,5,6,6,1,,,0.2062,0.0
4,1,2,1,6,3,2,0,,,1.1087,0.0
4,1,2,1,7,6,6,1,,,0.1132,0.0
4,1,2,1,8,5,5,1,,,0.6503,0.0
4,1,2,1,9,5,4,0,3,0,1.0866,2.5802
4,1,2,1,10,6,6,1,,,0.0009,0.0
4,1,2,1,11,1,1,1,,,0.8657,0.0
4,1,2,1,12,5,6,0,,,0.6365,0.0
4,1,2,1,13,5,5,1,,,0.6046,0.0
4,1,2,1,14,5,6,0,,,0.8344,0.0
4,1,2,1,15,6,6,1,,,0.1058,0.0
4,1,2,1,16,2,2,1,,,1.2521,0.0
4,1,2,1,17,4,4,1,,,1.39,0.0
4,1,2,1,18,1,2,0,5,0,1.0605,0.8918
4,1,2,1,19,2,1,0,,,0.3368,0.0
4,1,2,1,20,4,1,0,,,0.059,0.0
4,1,2,1,21,2,2,1,,,0.6583,0.0
4,1,2,1,22,5,5,1,,,0.6457,0.0
4,1,2,1,23,1,6,0,,,0.2651,0.0
4,1,2,1,24,6,6,1,,,0.1364,0.0
4,1,2,1,25,5,6,0,5,1,0.1926,0.7008
4,1,2,1,26,4,2,0,,,0.5264,0.0
4,1,2,1,27,3,1,0,,,1.4584,0.0
4,1,2,1,28,6,6,1,,,0.0008,0.0
4,1,2,1,29,1,6,0,2,0,0.001,1.7933
4,1,2,1,30,3,5,0,,,0.4983,0.0
4,1,2,1,31,3,2,0,,,0.9187,0.0
4,1,2,1,32,6,6,1,,,0.1389,0.0
4,1,2,1,33,2,1,0,5,0,0.9641,1.8072
4,1,2,1,34,1,1,1,,,0.8473,0.0
4,1,2,1,35,2,2,1,,,1.0345,0.0
4,1,2,1,36,3,3,1,,,0.6864,0.0
4,1,2,1,37,6,6,1,,,0.2405,0.0
4,1,2,1,38,3,3,1,,,0.7732,0.0
4,1,2,1,39,6,6,1,,,0.1958,0.0
4,1,2,1,40,3,5,0,,,1.6105,0.0
4,1,2,1,41,1,1,1,,,0.4016,0.0
4,1,2,1,42,1,1,1,,,0.3038,0.0
4,1,2,1,43,4,6,0,,,0.5942,0.0
4,1,2,1,44,2,6,0,5,0,0.915,1.7446
4,1,2,1,45,1,1,1,,,0.2264,0.0
4,1,2,1,46,4,4,1,,,0.8552,0.0
4,1,2,1,47,2,2,1,,,0.4821,0.0
4,1,2,1,48,3,6,0,,,0.1893,0.0
4,1,2,1,49,4,3,0,4,1,1.1828,0.994
4,1,2,1,50,4,3,0,,,0.6955,0.0
4,1,2,2,1,4,6,0,,,0.2739,0.0
4,1,2,2,2,2,6,0,,,0.1605,0.0
4,1,2,2,3,6,6,1,,,0.0515,0.0
4,1,2,2,4,2,1,0,2,1,0.8797,1.1517
4,1,2,2,5,4,6,0,5,0,0.7664,1.2826
4,1,2,2,6,1,1,1,,,0.3121,0.0
4,1,2,2,7,6,1,0,2,0,0.1847,0.9005
4,1,2,2,8,6,6,1,,,0.1527,0.0
4,1,2,2,9,2,6,0,,,0.1289,0.0
4,1,2,2,10,1,1,1,,,0.7408,0.0
4,1,2,2,11,3,3,1,,,0.9658,0.0
4,1,2,2,12,5,5,1,,,0.9241,0.0
4,1,2,2,13,4,4,1,,,1.3487,0.0
4,1,2,2,14,6,6,1,,,0.1871,0.0
4,1,2,2,15,6,6,1,,,0.2261,0.0
4,1,2,2,16,5,4,0,,,0.6634,0.0
4,1,2,2,17,3,2,0,3,1,1.1891,1.1272
4,1,2,2,18,5,6,0,5,1,0.2959,1.1354
4,1,2,2,19,1,6,0,4,0,0.2393,1.0483
4,1,2,2,20,1,6,0,5,0,0.1347,0.9323
4,1,2,2,21,6,6,1,,,0.2003,0.0
4,1,2,2,22,3,2,0,,,0.9576,0.0
4,1,2,2,23,5,5,1,,,0.6248,0.0
4,1,2,2,24,6,6,1,,,0.1658,0.0
4,1,2,2,25,2,6,0,4,0,0.2521,0.8209
4,1,2,2,26,5,5,1,,,1.1338,0.0
4,1,2,2,27,2,6,0,,,0.8931,0.0
4,1,2,2,28,3,6,0,,,0.1303,0.0
4,1,2,2,29,2,2,1,,,0.7104,0.0
4,1,2,2,30,4,6,0,,,0.3925,0.0
4,1,2,2,31,1,5,0,,,0.8653,0.0
4,1,2,2,32,4,2,0,,,0.952,0.0
4,1,2,2,33,4,3,0,,,0.1867,0.0
4,1,2,2,34,4,4,1,,,0.4276,0.0
4,1,2,2,35,3,2,0,4,0,0.5843,2.3237
4,1,2,2,36,6,3,0,5,0,0.5097,0.4443
4,1,2,2,37,6,6,1,,,0.1797,0.0
4,1,2,2,38,4,2,0,,,0.5858,0.0
4,1,2,2,39,5,1,0,,,0.5397,0.0
4,1,2,2,40,3,2,0,6,0,1.2642,0.7354
4,1,2,2,41,5,5,1,,,0.939,0.0
4,1,2,2,42,1,2,0,4,0,0.5307,1.2972
4,1,2,2,43,1,1,1,,,0.3094,0.0
4,1,2,2,44,3,1,0,,,0.1993,0.0
4,1,2,2,45,2,6,0,2,1,0.0716,0.9846
4,1,2,2,46,1,6,0,,,0.1907,0.0
4,1,2,2,47,3,5,0,,,0.4489,0.0
4,1,2,2,48,2,2,1,,,0.568,0.0
4,1,2,2,49,5,5,1,,,0.3986,0.0
4,1,2,2,50,6,1,0,4,0,0.1889,1.0323
4,1,2,3,1,1,1,1,,,0.2608,0.0
4,1,2,3,2,5,6,0,,,0.0009,0.0
4,1,2,3,3,6,6,1,,,0.2731,0.0
4,1,2,3,4,5,6,0,5,1,0.1486,0.9142
4,1,2,3,5,3,6,0,,,0.1864,0.0
4,1,2,3,6,3,1,0,,,0.3491,0.0
4,1,2,3,7,3,5,0,,,1.6722,0.0
4,1,2,3,8,4,1,0,,,0.3821,0.0
4,1,2,3,9,2,6,0,,,1.2234,0.0
4,1,2,3,10,5,5,1,,,0.8147,0.0
4,1,2,3,11,3,6,0,,,0.412,0.0
4,1,2,3,12,1,1,1,,,0.7718,0.0
4,1,2,3,13,4,1,0,5,0,0.8515,0.8986
4,1,2,3,14,6,6,1,,,0.4083,0.0
4,1,2,3,15,2,5,0,,,1.3169,0.0
4,1,2,3,16,6,6,1,,,0.1046,0.0
4,1,2,3,17,6,6,1,,,0.1795,0.0
4,1,2,3,18,4,6,0,,,0.8579,0.0
4,1,2,3,19,2,3,0,,,1.3612,0.0
4,1,2,3,20,1,6,0,2,0,0.1624,1.3273
4,1,2,3,21,5,6,0,,,0.001,0.0
4,1,2,3,22,1,5,0,,,0.8757,0.0
4,1,2,3,23,2,6,0,,,0.4819,0.0
4,1,2,3,24,4,4,1,,,1.0147,0.0
4,1,2,3,25,6,6,1,,,0.1233,0.0
4,1,2,3,26,3,3,1,,,2.1649,0.0
4,1,2,3,27,5,6,0,,,0.5225,0.0
4,1,2,3,28,4,4,1,,,1.1825,0.0
4,1,2,3,29,4,1,0,4,1,0.2843,1.3155
4,1,2,3,30,3,6,0,,,0.3159,0.0
4,1,2,3,31,5,6,0,,,0.1525,0.0
4,1,2,3,32,2,2,1,,,1.0995,0.0
4,1,2,3,33,6,6,1,,,0.1888,0.0
4,1,2,3,34,3,5,0,,,0.6274,0.0
4,1,2,3,35,4,6,0,,,0.3552,0.0
4,1,2,3,36,2,1,0,4,0,0.3031,1.3819
4,1,2,3,37,1,1,1,,,0.5176,0.0
4,1,2,3,38,4,6,0,1,0,0.5112,0.6064
4,1,2,3,39,6,1,0,4,0,0.2863,0.5337
4,1,2,3,40,1,1,1,,,0.3303,0.0
4,1,2,3,41,6,2,0,,,0.506,0.0
4,1,2,3,42,5,1,0,,,1.0556,0.0
4,1,2,3,43,1,6,0,2,0,0.4145,1.6651
4,1,2,3,44,1,1,1,,,0.2777,0.0
4,1,2,3,45,2,2,1,,,0.8077,0.0
4,1,2,3,46,5,4,0,,,0.5338,0.0
4,1,2,3,47,6,6,1,,,0.553,0.0
4,1,2,3,48,3,1,0,6,0,0.5448,1.1019
4,1,2,3,49,2,6,0,2,1,0.6671,0.7377
4,1,2,3,50,6,6,1,,,0.4021,0.0
4,1,2,4,1,2,5,0,4,0,1.7415,1.4488
4,1,2,4,2,1,6,0,,,0.1991,0.0
4,1,2,4,3,1,2,0,,,1.3056,0.0
4,1,2,4,4,4,6,0,,,0.0295,0.0
4,1,2,4,5,2,2,1,,,0.7412,0.0
4,1,2,4,6,6,6,1,,,0.2773,0.0
4,1,2,4,7,5,5,1,,,0.5038,0.0
4,1,2,4,8,5,1,0,4,0,1.1212,1.6551
4,1,2,4,9,5,6,0,,,0.0443,0.0
4,1,2,4,10,6,2,0,,,0.8207,0.0
4,1,2,4,11,4,1,0,6,0,0.4927,0.7311
4,1,2,4,12,3,6,0,1,0,0.6788,0.4793
4,1,2,4,13,6,6,1,,,0.1486,0.0
4,1,2,4,14,4,6,0,,,0.6525,0.0
4,1,2,4,15,5,5,1,,,0.5556,0.0
4,1,2,4,16,2,2,1,,,0.5468,0.0
4,1,2,4,17,5,6,0,,,0.2032,0.0
4,1,2,4,18,3,2,0,,,0.5563,0.0
4,1,2,4,19,1,1,1,,,0.8788,0.0
4,1,2,4,20,1,2,0,1,1,0.857,1.0488
4,1,2,4,21,5,6,0,,,1.2124,0.0
4,1,2,4,22,4,2,0,,,0.6285,0.0
4,1,2,4,23,3,6,0,5,0,0.0358,1.1899
4,1,2,4,24,4,3,0,4,1,1.582,0.8809
4,1,2,4,25,6,6,1,,,0.001,0.0
4,1,2,4,26,4,6,0,,,0.1366,0.0
4,1,2,4,27,3,1,0,,,1.005,0.0
4,1,2,4,28,3,6,0,,,0.0134,0.0
4,1,2,4,29,5,5,1,,,0.1992,0.0
4,1,2,4,30,6,5,0,1,0,0.001,1.2642
4,1,2,4,31,6,6,1,,,0.5332,0.0
4,1,2,4,32,1,1,1,,,0.2215,0.0
4,1,2,4,33,6,6,1,,,0.1474,0.0
4,1,2,4,34,2,3,0,,,1.9317,0.0
4,1,2,4,35,5,5,1,,,0.9171,0.0
4,1,2,4,36,1,1,1,,,0.3018,0.0
4,1,2,4,37,6,6,1,,,0.0799,0.0
4,1,2,4,38,1,1,1,,,0.3464,0.0
4,1,2,4,39,2,2,1,,,1.0823,0.0
4,1,2,4,40,2,1,0,,,0.6204,0.0
4,1,2,4,41,3,3,1,,,0.5244,0.0
4,1,2,4,42,3,3,1,,,1.0934,0.0
4,1,2,4,43,2,6,0,,,0.2312,0.0
4,1,2,4,44,6,6,1,,,0.1034,0.0
4,1,2,4,45,4,6,0,,,0.6413,0.0
4,1,2,4,46,1,1,1,,,0.1771,0.0
4,1,2,4,47,2,6,0,,,0.1993,0.0
4,1,2,4,48,4,4,1,,,0.8898,0.0
4,1,2,4,49,3,1,0,,,0.4195,0.0
4,1,2,4,50,6,6,1,,,0.1071,0.0
4,1,3,1,1,6,6,1,,,0.1155,0.0
4,1,3,1,2,2,2,1,,,0.7164,0.0
4,1,3,1,3,3,6,0,4,0,0.2221,1.112
4,1,3,1,4,6,6,1,,,0.0036,0.0
4,1,3,1,5,4,6,0,5,0,0.2413,0.7627
4,1,3,1,6,4,6,0,,,0.1816,0.0
4,1,3,1,7,2,2,1,,,0.9039,0.0
4,1,3,1,8,3,3,1,,,1.6169,0.0
4,1,3,1,9,6,2,0,,,1.0371,0.0
4,1,3,1,10,6,1,0,,,0.7483,0.0
4,1,3,1,11,5,6,0,4,0,0.0061,0.9862
4,1,3,1,12,5,4,0,2,0,1.7073,0.9516
4,1,3,1,13,6,2,0,5,0,0.5542,0.4227
4,1,3,1,14,5,1,0,,,0.5274,0.0
4,1,3,1,15,4,4,1,,,1.0116,0.0
4,1,3,1,16,3,1,0,,,0.8074,0.0
4,1,3,1,17,4,1,0,5,0,0.4329,0.7217
4,1,3,1,18,4,6,0,4,1,0.2385,3.5435
4,1,3,1,19,1,1,1,,,1.3168,0.0
4,1,3,1,20,5,6,0,,,0.3171,0.0
4,1,3,1,21,1,1,1,,,0.3454,0.0
4,1,3,1,22,3,6,0,,,0.1375,0.0
4,1,3,1,23,4,5,0,4,1,1.0699,1.2365
4,1,3,1,24,2,2,1,,,0.672,0.0
4,1,3,1,25,5,3,0,,,1.1239,0.0
4,1,3,1,26,6,1,0,,,1.8235,0.0
4,1,3,1,27,1,1,1,,,0.4779,0.0
4,1,3,1,28,6,6,1,,,0.1045,0.0
4,1,3,1,29,6,1,0,2,0,0.0824,1.1226
4,1,3,1,30,3,3,1,,,0.6864,0.0
4,1,3,1,31,5,3,0,1,0,0.8808,0.7038
4,1,3,1,32,5,1,0,,,0.5886,0.0
4,1,3,1,33,2,2,1,,,0.8468,0.0
4,1,3,1,34,1,2,0,,,0.3297,0.0
4,1,3,1,35,3,2,0,,,0.8702,0.0
4,1,3,1,36,1,6,0,4,0,0.5722,0.9677
4,1,3,1,37,6,1,0,5,0,0.6654,1.0737
4,1,3,1,38,3,2,0,,,1.3112,0.0
4,1,3,1,39,5,3,0,,,0.82,0.0
4,1,3,1,40,4,6,0,,,0.5715,0.0
4,1,3,1,41,6,6,1,,,0.4143,0.0
4,1,3,1,42,2,1,0,,,0.2505,0.0
4,1,3,1,43,2,2,1,,,0.9702,0.0
4,1,3,1,44,4,2,0,,,0.4488,0.0
4,1,3,1,45,1,1,1,,,0.5686,0.0
4,1,3,1,46,2,2,1,,,0.719,0.0
4,1,3,1,47,1,5,0,2,0,0.4796,1.5037
4,1,3,1,48,3,4,0,2,0,2.6362,1.4099
4,1,3,1,49,1,6,0,,,0.1462,0.0
4,1,3,1,50,2,2,1,,,0.6931,0.0
4,1,3,2,1,3,6,0,,,0.2286,0.0
4,1,3,2,2,5,6,0,,,0.0687,0.0
4,1,3,2,3,2,2,1,,,0.636,0.0
4,1,3,2,4,6,6,1,,,0.1919,0.0
4,1,3,2,5,1,5,0,,,0.3259,0.0
4,1,3,2,6,5,5,1,,,0.3857,0.0
4,1,3,2,7,5,6,0,,,0.2407,0.0
4,1,3,2,8,3,3,1,,,0.8012,0.0
4,1,3,2,9,6,6,1,,,0.2857,0.0
4,1,3,2,10,4,3,0,4,1,0.5604,1.2935
4,1,3,2,11,1,3,0,2,0,1.5741,3.113
4,1,3,2,12,6,6,1,,,0.1622,0.0
4,1,3,2,13,3,6,0,,,0.17,0.0
4,1,3,2,14,5,4,0,2,0,1.4998,1.1539
4,1,3,2,15,4,5,0,4,1,0.3168,0.915
4,1,3,2,16,2,2,1,,,0.5237,0.0
4,1,3,2,17,2,6,0,2,1,0.2604,0.8446
4,1,3,2,18,1,1,1,,,0.3924,0.0
4,1,3,2,19,2,6,0,2,1,0.3577,0.7628
4,1,3,2,20,4,4,1,,,0.7134,0.0
4,1,3,2,21,3,2,0,4,0,0.5219,0.6004
4,1,3,2,22,4,3,0,,,0.3284,0.0
4,1,3,2,23,1,1,1,,,0.1967,0.0
4,1,3,2,24,6,6,1,,,0.0009,0.0
4,1,3,2,25,3,1,0,3,1,0.6014,2.0511
4,1,3,2,26,3,2,0,,,0.7815,0.0
4,1,3,2,27,6,6,1,,,0.439,0.0
4,1,3,2,28,4,5,0,,,0.4994,0.0
4,1,3,2,29,2,6,0,,,0.1527,0.0
4,1,3,2,30,4,2,0,,,0.7477,0.0
4,1,3,2,31,5,1,0,,,0.3746,0.0
4,1,3,2,32,6,6,1,,,0.0811,0.0
4,1,3,2,33,1,1,1,,,2.027,0.0
4,1,3,2,34,5,6,0,,,0.7272,0.0
4,1,3,2,35,1,2,0,,,0.9309,0.0
4,1,3,2,36,5,6,0,2,0,0.3417,1.691
4,1,3,2,37,4,2,0,4,1,0.4782,0.7823
4,1,3,2,38,6,3,0,,,0.7492,0.0
4,1,3,2,39,1,1,1,,,0.2639,0.0
4,1,3,2,40,5,6,0,5,1,0.2189,0.853
4,1,3,2,41,2,3,0,,,0.8007,0.0
4,1,3,2,42,3,3,1,,,0.4253,0.0
4,1,3,2,43,6,3,0,2,0,0.6618,0.7988
4,1,3,2,44,2,2,1,,,0.5038,0.0
4,1,3,2,45,1,6,0,,,0.0011,0.0
4,1,3,2,46,3,6,0,4,0,0.1542,0.8395
4,1,3,2,47,6,6,1,,,0.0627,0.0
4,1,3,2,48,6,6,1,,,0.0009,0.0
4,1,3,2,49,4,3,0,,,0.7924,0.0
4,1,3,2,50,2,4,0,,,1.6337,0.0
4,1,3,3,1,3,3,1,,,0.7729,0.0
4,1,3,3,2,5,5,1,,,0.6921,0.0
4,1,3,3,3,2,2,1,,,0.7102,0.0
4,1,3,3,4,4,5,0,,,0.6945,0.0
4,1,3,3,5,1,1,1,,,0.7076,0.0
4,1,3,3,6,6,6,1,,,0.294,0.0
4,1,3,3,7,3,5,0,,,0.9188,0.0
4,1,3,3,8,3,6,0,,,0.6038,0.0
4,1,3,3,9,6,6,1,,,0.3648,0.0
4,1,3,3,10,4,4,1,,,0.8594,0.0
4,1,3,3,11,6,3,0,4,0,0.6792,0.8789
4,1,3,3,12,6,6,1,,,0.0676,0.0
4,1,3,3,13,3,5,0,6,0,0.7039,1.2368
4,1,3,3,14,3,5,0,,,0.6206,0.0
4,1,3,3,15,2,1,0,,,0.7165,0.0
4,1,3,3,16,4,4,1,,,0.633,0.0
4,1,3,3,17,6,6,1,,,0.1737,0.0
4,1,3,3,18,1,1,1,,,1.2373,0.0
4,1,3,3,19,6,4,0,6,1,0.8799,0.943
4,1,3,3,20,4,3,0,,,1.4948,0.0
4,1,3,3,21,6,6,1,,,2.1782,0.0
4,1,3,3,22,1,4,0,3,0,1.1108,1.1805
4,1,3,3,23,5,6,0,5,1,0.262,0.7669
4,1,3,3,24,2,6,0,,,0.1573,0.0
4,1,3,3,25,5,5,1,,,0.5764,0.0
4,1,3,3,26,4,6,0,,,0.1672,0.0
4,1,3,3,27,1,6,0,1,1,0.1859,1.0612
4,1,3,3,28,2,2,1,,,0.4871,0.0
4,1,3,3,29,2,1,0,,,0.7851,0.0
4,1,3,3,30,3,6,0,,,0.235,0.0
4,1,3,3,31,5,2,0,,,0.6671,0.0
4,1,3,3,32,5,4,0,,,1.6409,0.0
4,1,3,3,33,1,6,0,1,1,0.1914,0.6835
4,1,3,3,34,2,1,0,2,1,0.6215,0.5189
4,1,3,3,35,4,2,0,,,0.5117,0.0
4,1,3,3,36,1,1,1,,,0.5961,0.0
4,1,3,3,37,6,5,0,,,0.3786,0.0
4,1,3,3,38,5,5,1,,,0.7875,0.0
4,1,3,3,39,3,3,1,,,0.386,0.0
4,1,3,3,40,4,3,0,,,1.4413,0.0
4,1,3,3,41,3,4,0,,,0.7834,0.0
4,1,3,3,42,5,5,1,,,0.329,0.0
4,1,3,3,43,5,5,1,,,0.0733,0.0
4,1,3,3,44,4,2,0,,,0.6292,0.0
4,1,3,3,45,2,6,0,2,1,0.6446,1.054
4,1,3,3,46,6,1,0,3,0,0.4487,0.7856
4,1,3,3,47,1,6,0,,,0.0009,0.0
4,1,3,3,48,1,6,0,1,1,1.285,0.4825
4,1,3,3,49,6,6,1,,,0.1253,0.0
4,1,3,3,50,2,4,0,2,1,0.8554,0.7907
4,1,3,4,1,6,6,1,,,0.2104,0.0
4,1,3,4,2,6,6,1,,,0.0874,0.0
4,1,3,4,3,2,2,1,,,0.4824,0.0
4,1,3,4,4,4,1,0,,,0.2535,0.0
4,1,3,4,5,2,2,1,,,0.589,0.0
4,1,3,4,6,3,6,0,,,0.1952,0.0
4,1,3,4,7,6,6,1,,,0.9008,0.0
4,1,3,4,8,3,2,0,,,1.1974,0.0
4,1,3,4,9,1,2,0,,,0.7746,0.0
4,1,3,4,10,2,6,0,5,0,0.5108,0.7821
4,1,3,4,11,6,6,1,,,0.0714,0.0
4,1,3,4,12,4,4,1,,,1.3945,0.0
4,1,3,4,13,4,3,0,,,0.7114,0.0
4,1,3,4,14,2,3,0,4,0,0.5152,0.7385
4,1,3,4,15,5,1,0,,,0.4623,0.0
4,1,3,4,16,3,6,0,5,0,0.0836,0.3715
4,1,3,4,17,4,6,0,5,0,0.0946,0.4301
4,1,3,4,18,4,4,1,,,0.7742,0.0
4,1,3,4,19,6,6,1,,,0.2595,0.0
4,1,3,4,20,4,2,0,,,0.4714,0.0
4,1,3,4,21,2,2,1,,,0.8294,0.0
4,1,3,4,22,2,6,0,,,0.8732,0.0
4,1,3,4,23,1,1,1,,,0.2227,0.0
4,1,3,4,24,2,2,1,,,0.5644,0.0
4,1,3,4,25,3,3,1,,,0.9871,0.0
4,1,3,4,26,5,2,0,4,0,0.5286,1.2152
4,1,3,4,27,5,6,0,,,0.1338,0.0
4,1,3,4,28,1,6,0,2,0,0.6033,0.933
4,1,3,4,29,6,6,1,,,0.5202,0.0
4,1,3,4,30,5,6,0,5,1,0.1289,0.6548
4,1,3,4,31,4,3,0,,,1.1868,0.0
4,1,3,4,32,1,1,1,,,1.02,0.0
4,1,3,4,33,6,6,1,,,0.209,0.0
4,1,3,4,34,5,5,1,,,0.166,0.0
4,1,3,4,35,4,4,1,,,0.6211,0.0
4,1,3,4,36,1,2,0,,,1.0904,0.0
4,1,3,4,37,3,2,0,,,0.8944,0.0
4,1,3,4,38,1,6,0,1,1,0.0996,0.5953
4,1,3,4,39,5,6,0,,,0.5212,0.0
4,1,3,4,40,2,2,1,,,0.6049,0.0
4,1,3,4,41,3,2,0,,,0.8671,0.0
4,1,3,4,42,5,3,0,,,0.6331,0.0
4,1,3,4,43,1,1,1,,,0.6012,0.0
4,1,3,4,44,5,6,0,,,0.1104,0.0
4,1,3,4,45,1,1,1,,,0.1466,0.0
4,1,3,4,46,3,1,0,,,0.2186,0.0
4,1,3,4,47,6,6,1,,,0.2206,0.0
4,1,3,4,48,3,3,1,,,0.7687,0.0
4,1,3,4,49,6,6,1,,,0.128,0.0
4,1,3,4,50,6,5,0,,,1.4172,0.0
4,1,4,1,1,2,1,0,6,0,0.7806,0.4321
4,1,4,1,2,2,2,1,,,0.9363,0.0
4,1,4,1,3,3,5,0,,,0.4958,0.0
4,1,4,1,4,2,2,1,,,0.5656,0.0
4,1,4,1,5,4,6,0,,,0.4931,0.0
4,1,4,1,6,6,6,1,,,0.0812,0.0
4,1,4,1,7,2,1,0,,,0.8117,0.0
4,1,4,1,8,4,2,0,,,0.8039,0.0
4,1,4,1,9,1,6,0,,,0.0134,0.0
4,1,4,1,10,2,2,1,,,0.6945,0.0
4,1,4,1,11,3,6,0,4,0,0.1362,0.9016
4,1,4,1,12,1,1,1,,,0.6982,0.0
4,1,4,1,13,5,6,0,2,0,0.4593,0.6673
4,1,4,1,14,2,6,0,,,0.4108,0.0
4,1,4,1,15,4,2,0,,,1.3624,0.0
4,1,4,1,16,2,3,0,,,0.8685,0.0
4,1,4,1,17,5,2,0,,,0.6665,0.0
4,1,4,1,18,4,6,0,,,0.0011,0.0
4,1,4,1,19,4,4,1,,,1.1377,0.0
4,1,4,1,20,5,3,0,,,0.6094,0.0
4,1,4,1,21,6,6,1,,,0.2906,0.0
4,1,4,1,22,5,5,1,,,0.9968,0.0
4,1,4,1,23,1,5,0,6,0,0.2822,1.7939
4,1,4,1,24,6,6,1,,,0.0491,0.0
4,1,4,1,25,5,6,0,,,0.3334,0.0
4,1,4,1,26,5,5,1,,,0.394,0.0
4,1,4,1,27,3,6,0,,,0.472,0.0
4,1,4,1,28,4,6,0,,,0.2208,0.0
4,1,4,1,29,6,2,0,,,0.5906,0.0
4,1,4,1,30,6,6,1,,,0.1281,0.0
4,1,4,1,31,3,3,1,,,0.4572,0.0
4,1,4,1,32,1,2,0,,,0.7727,0.0
4,1,4,1,33,6,6,1,,,0.0134,0.0
4,1,4,1,34,1,5,0,,,1.1635,0.0
4,1,4,1,35,4,1,0,,,0.4534,0.0
4,1,4,1,36,6,2,0,,,0.7162,0.0
4,1,4,1,37,6,6,1,,,0.1524,0.0
4,1,4,1,38,3,5,0,2,0,0.5281,2.7658
4,1,4,1,39,4,6,0,,,0.262,0.0
4,1,4,1,40,1,2,0,4,0,0.6603,0.6846
4,1,4,1,41,5,5,1,,,2.0426,0.0
4,1,4,1,42,6,6,1,,,0.2286,0.0
4,1,4,1,43,3,1,0,,,1.5294,0.0
4,1,4,1,44,3,6,0,5,0,0.1795,0.56
4,1,4,1,45,5,6,0,,,0.2425,0.0
4,1,4,1,46,1,4,0,,,1.1855,0.0
4,1,4,1,47,6,6,1,,,0.5862,0.0
4,1,4,1,48,3,1,0,,,0.9447,0.0
4,1,4,1,49,1,6,0,,,0.2589,0.0
4,1,4,1,50,2,2,1,,,0.578,0.0
4,1,4,2,1,2,2,1,,,0.55,0.0
4,1,4,2,2,3,2,0,,,0.0008,0.0
4,1,4,2,3,2,2,1,,,0.0008,0.0
4,1,4,2,4,2,2,1,,,0.0861,0.0
4,1,4,2,5,1,6,0,,,0.2244,0.0
4,1,4,2,6,3,3,1,,,2.5281,0.0
4,1,4,2,7,6,6,1,,,0.1837,0.0
4,1,4,2,8,1,2,0,,,0.3344,0.0
4,1,4,2,9,5,6,0,5,1,0.3615,0.687
4,1,4,2,10,1,5,0,,,0.2729,0.0
4,1,4,2,11,2,1,0,4,0,0.5273,0.7176
4,1,4,2,12,5,5,1,,,0.857,0.0
4,1,4,2,13,3,6,0,3,1,0.3244,0.5711
4,1,4,2,14,4,2,0,4,1,1.1535,0.9332
4,1,4,2,15,2,4,0,5,0,0.493,0.7801
4,1,4,2,16,6,1,0,2,0,0.3262,0.7315
4,1,4,2,17,1,5,0,,,0.711,0.0
4,1,4,2,18,4,5,0,,,1.4592,0.0
4,1,4,2,19,1,1,1,,,0.6891,0.0
4,1,4,2,20,6,6,1,,,0.0009,0.0
4,1,4,2,21,3,3,1,,,0.5457,0.0
4,1,4,2,22,6,6,1,,,2.2003,0.0
4,1,4,2,23,4,6,0,3,0,0.237,0.5981
4,1,4,2,24,5,4,0,3,0,0.9511,0.9949
4,1,4,2,25,5,4,0,5,1,0.7713,0.6153
4,1,4,2,26,2,5,0,4,0,0.5074,0.6501
4,1,4,2,27,3,3,1,,,0.5687,0.0
4,1,4,2,28,2,6,0,,,0.4485,0.0
4,1,4,2,29,4,2,0,,,0.7919,0.0
4,1,4,2,30,3,3,1,,,1.1038,0.0
4,1,4,2,31,5,2,0,5,1,0.5772,1.2763
4,1,4,2,32,4,2,0,,,0.343,0.0
4,1,4,2,33,6,6,1,,,0.001,0.0
4,1,4,2,34,1,1,1,,,0.2718,0.0
4,1,4,2,35,6,6,1,,,0.0197,0.0
4,1,4,2,36,6,6,1,,,0.2091,0.0
4,1,4,2,37,5,1,0,,,0.7897,0.0
4,1,4,2,38,5,6,0,,,0.0626,0.0
4,1,4,2,39,5,5,1,,,0.3094,0.0
4,1,4,2,40,6,6,1,,,0.3111,0.0
4,1,4,2,41,1,1,1,,,0.4717,0.0
4,1,4,2,42,4,6,0,5,0,0.3387,0.6968
4,1,4,2,43,6,2,0,4,0,0.5494,0.5786
4,1,4,2,44,6,6,1,,,0.0009,0.0
4,1,4,2,45,4,5,0,6,0,0.4346,0.4513
4,1,4,2,46,4,2,0,,,0.4261,0.0
4,1,4,2,47,2,2,1,,,0.2265,0.0
4,1,4,2,48,1,1,1,,,0.3754,0.0
4,1,4,2,49,3,5,0,,,0.5173,0.0
4,1,4,2,50,3,5,0,,,0.0008,0.0
4,1,4,3,1,3,2,0,3,1,0.2891,0.6807
4,1,4,3,2,2,2,1,,,0.5228,0.0
4,1,4,3,3,1,5,0,4,0,0.5318,0.8343
4,1,4,3,4,1,6,0,1,1,0.0726,0.2811
4,1,4,3,5,6,6,1,,,0.5234,0.0
4,1,4,3,6,2,6,0,,,0.1008,0.0
4,1,4,3,7,3,5,0,,,1.3552,0.0
4,1,4,3,8,4,6,0,,,0.0122,0.0
4,1,4,3,9,4,2,0,,,0.9179,0.0
4,1,4,3,10,1,5,0,,,0.906,0.0
4,1,4,3,11,6,6,1,,,0.1743,0.0
4,1,4,3,12,3,5,0,4,0,0.4854,1.1564
4,1,4,3,13,5,6,0,,,0.1744,0.0
4,1,4,3,14,4,6,0,,,0.5131,0.0
4,1,4,3,15,5,5,1,,,0.5491,0.0
4,1,4,3,16,5,6,0,,,0.2211,0.0
4,1,4,3,17,1,1,1,,,0.1414,0.0
4,1,4,3,18,6,6,1,,,0.4068,0.0
4,1,4,3,19,1,2,0,,,0.8031,0.0
4,1,4,3,20,6,6,1,,,0.3487,0.0
4,1,4,3,21,6,6,1,,,0.3959,0.0
4,1,4,3,22,6,1,0,2,0,2.0094,0.8587
4,1,4,3,23,3,3,1,,,0.9292,0.0
4,1,4,3,24,6,6,1,,,0.0725,0.0
4,1,4,3,25,2,1,0,,,0.9475,0.0
4,1,4,3,26,5,6,0,,,0.7901,0.0
4,1,4,3,27,4,1,0,5,0,1.0391,0.9995
4,1,4,3,28,6,6,1,,,0.0085,0.0
4,1,4,3,29,5,5,1,,,0.9017,0.0
4,1,4,3,30,2,6,0,,,0.0638,0.0
4,1,4,3,31,2,6,0,1,0,0.038,0.7437
4,1,4,3,32,3,6,0,,,0.1314,0.0
4,1,4,3,33,3,6,0,,,0.0394,0.0
4,1,4,3,34,1,2,0,5,0,0.4949,0.4935
4,1,4,3,35,1,1,1,,,0.7234,0.0
4,1,4,3,36,4,2,0,,,0.7706,0.0
4,1,4,3,37,6,6,1,,,0.2211,0.0
4,1,4,3,38,3,1,0,4,0,0.5137,1.7605
4,1,4,3,39,4,6,0,,,0.0973,0.0
4,1,4,3,40,2,6,0,2,1,0.0011,1.7061
4,1,4,3,41,2,3,0,,,0.6421,0.0
4,1,4,3,42,2,4,0,3,0,0.0491,0.9475
4,1,4,3,43,5,5,1,,,1.7171,0.0
4,1,4,3,44,4,3,0,,,0.9406,0.0
4,1,4,3,45,3,5,0,4,0,0.5764,1.1
4,1,4,3,46,1,1,1,,,0.6155,0.0
4,1,4,3,47,5,2,0,3,0,0.9403,1.2092
4,1,4,3,48,6,6,1,,,0.0009,0.0
4,1,4,3,49,4,2,0,,,0.5276,0.0
4,1,4,3,50,5,3,0,,,0.371,0.0
4,1,4,4,1,2,6,0,,,0.2835,0.0
4,1,4,4,2,4,5,0,,,0.6655,0.0
4,1,4,4,3,3,6,0,4,0,0.6801,1.1516
4,1,4,4,4,5,2,0,,,0.506,0.0
4,1,4,4,5,2,2,1,,,0.5114,0.0
4,1,4,4,6,2,1,0,,,1.001,0.0
4,1,4,4,7,4,3,0,,,0.7131,0.0
4,1,4,4,8,6,1,0,3,0,0.2297,1.5514
4,1,4,4,9,3,6,0,5,0,0.2177,0.7229
4,1,4,4,10,6,6,1,,,0.0626,0.0
4,1,4,4,11,6,6,1,,,0.001,0.0
4,1,4,4,12,4,4,1,,,0.6484,0.0
4,1,4,4,13,1,3,0,,,0.684,0.0
4,1,4,4,14,4,6,0,,,0.2497,0.0
4,1,4,4,15,1,6,0,,,0.0405,0.0
4,1,4,4,16,1,6,0,,,0.2086,0.0
4,1,4,4,17,5,6,0,4,0,0.6731,3.1295
4,1,4,4,18,6,6,1,,,0.0184,0.0
4,1,4,4,19,3,6,0,,,0.001,0.0
4,1,4,4,20,3,2,0,,,0.6176,0.0
4,1,4,4,21,2,6,0,4,0,0.1697,0.5492
4,1,4,4,22,3,5,0,,,0.7763,0.0
4,1,4,4,23,1,2,0,,,0.8665,0.0
4,1,4,4,24,3,4,0,,,1.3844,0.0
4,1,4,4,25,6,6,1,,,0.3615,0.0
4,1,4,4,26,3,6,0,,,0.1523,0.0
4,1,4,4,27,3,3,1,,,0.9861,0.0
4,1,4,4,28,5,6,0,4,0,0.5763,1.6764
4,1,4,4,29,5,6,0,,,0.5442,0.0
4,1,4,4,30,5,5,1,,,1.4911,0.0
4,1,4,4,31,6,6,1,,,0.0208,0.0
4,1,4,4,32,2,2,1,,,0.5775,0.0
4,1,4,4,33,4,4,1,,,0.4876,0.0
4,1,4,4,34,4,6,0,3,0,0.3057,1.1771
4,1,4,4,35,6,6,1,,,0.0009,0.0
4,1,4,4,36,6,2,0,6,1,0.4806,0.6878
4,1,4,4,37,4,6,0,,,0.0663,0.0
4,1,4,4,38,5,5,1,,,1.2256,0.0
4,1,4,4,39,5,6,0,,,0.001,0.0
4,1,4,4,40,2,3,0,,,1.2784,0.0
4,1,4,4,41,1,6,0,,,0.0036,0.0
4,1,4,4,42,6,6,1,,,0.001,0.0
4,1,4,4,43,1,1,1,,,0.0011,0.0
4,1,4,4,44,1,4,0,,,1.3851,0.0
4,1,4,4,45,4,2,0,3,0,0.506,1.2729
4,1,4,4,46,1,6,0,1,1,0.2379,1.0631
4,1,4,4,47,2,2,1,,,0.7133,0.0
4,1,4,4,48,6,6,1,,,0.5066,0.0
4,1,4,4,49,5,3,0,4,0,1.252,0.5319
4,1,4,4,50,2,2,1,,,0.3119,0.0
4,1,5,1,1,6,6,1,,,2.252,0.0
4,1,5,1,2,3,6,0,,,0.0627,0.0
4,1,5,1,3,4,6,0,,,0.1328,0.0
4,1,5,1,4,2,5,0,3,0,0.4566,2.4253
4,1,5,1,5,2,1,0,,,0.3847,0.0
4,1,5,1,6,2,6,0,,,0.001,0.0
4,1,5,1,7,5,6,0,,,0.0196,0.0
4,1,5,1,8,3,5,0,,,0.268,0.0
4,1,5,1,9,1,3,0,4,0,1.146,0.6068
4,1,5,1,10,2,6,0,1,0,0.0009,0.642
4,1,5,1,11,1,6,0,,,0.0971,0.0
4,1,5,1,12,1,2,0,,,0.7911,0.0
4,1,5,1,13,3,6,0,,,0.7038,0.0
4,1,5,1,14,2,1,0,4,0,0.5884,0.9833
4,1,5,1,15,3,3,1,,,1.2411,0.0
4,1,5,1,16,6,6,1,,,0.1649,0.0
4,1,5,1,17,4,4,1,,,0.5239,0.0
4,1,5,1,18,2,1,0,,,0.5487,0.0
4,1,5,1,19,6,6,1,,,0.0394,0.0
4,1,5,1,20,3,1,0,,,0.9162,0.0
4,1,5,1,21,5,6,0,,,0.001,0.0
4,1,5,1,22,6,6,1,,,0.3063,0.0
4,1,5,1,23,2,1,0,,,0.8359,0.0
4,1,5,1,24,6,6,1,,,0.0749,0.0
4,1,5,1,25,6,6,1,,,0.0009,0.0
4,1,5,1,26,3,3,1,,,0.5804,0.0
4,1,5,1,27,3,2,0,,,0.8905,0.0
4,1,5,1,28,2,3,0,,,0.3834,0.0
4,1,5,1,29,5,5,1,,,1.0973,0.0
4,1,5,1,30,6,6,1,,,0.5383,0.0
4,1,5,1,31,6,6,1,,,0.0027,0.0
4,1,5,1,32,6,6,1,,,0.0479,0.0
4,1,5,1,33,4,4,1,,,0.8124,0.0
4,1,5,1,34,1,1,1,,,0.7923,0.0
4,1,5,1,35,4,6,0,4,1,0.102,0.6935
4,1,5,1,36,5,6,0,,,0.1024,0.0
4,1,5,1,37,1,6,0,5,0,0.0275,0.7344
4,1,5,1,38,1,6,0,,,0.0884,0.0
4,1,5,1,39,5,6,0,2,0,0.8478,1.1521
4,1,5,1,40,1,1,1,,,0.7779,0.0
4,1,5,1,41,3,4,0,,,0.584,0.0
4,1,5,1,42,5,5,1,,,0.3293,0.0
4,1,5,1,43,4,6,0,4,1,0.0737,0.4739
4,1,5,1,44,1,6,0,2,0,0.0529,0.5652
4,1,5,1,45,6,6,1,,,0.001,0.0
4,1,5,1,46,5,5,1,,,0.2138,0.0
4,1,5,1,47,4,4,1,,,0.14,0.0
4,1,5,1,48,4,3,0,,,0.1007,0.0
4,1,5,1,49,4,2,0,,,1.1299,0.0
4,1,5,1,50,5,6,0,,,0.2445,0.0
4,1,5,2,1,1,4,0,,,0.9455,0.0
4,1,5,2,2,1,1,1,,,0.2448,0.0
4,1,5,2,3,2,5,0,,,0.3282,0.0
4,1,5,2,4,2,2,1,,,0.5163,0.0
4,1,5,2,5,1,6,0,4,0,0.221,0.5197
4,1,5,2,6,5,6,0,,,0.001,0.0
4,1,5,2,7,1,1,1,,,1.0781,0.0
4,1,5,2,8,6,6,1,,,0.1514,0.0
4,1,5,2,9,1,5,0,2,0,0.176,1.7559
4,1,5,2,10,4,1,0,4,1,0.8926,0.8592
4,1,5,2,11,4,5,0,,,0.4375,0.0
4,1,5,2,12,4,6,0,2,0,0.001,1.4253
4,1,5,2,13,4,5,0,,,1.9674,0.0
4,1,5,2,14,2,1,0,,,0.5192,0.0
4,1,5,2,15,2,1,0,,,0.0921,0.0
4,1,5,2,16,4,6,0,,,0.0331,0.0
4,1,5,2,17,5,1,0,,,0.3617,0.0
4,1,5,2,18,2,2,1,,,0.8998,0.0
4,1,5,2,19,5,4,0,5,1,0.6054,1.4002
4,1,5,2,20,5,2,0,4,0,0.7805,1.0557
4,1,5,2,21,2,2,1,,,0.5587,0.0
4,1,5,2,22,6,6,1,,,0.1979,0.0
4,1,5,2,23,4,4,1,,,0.9078,0.0
4,1,5,2,24,6,6,1,,,0.1963,0.0
4,1,5,2,25,3,6,0,,,0.6015,0.0
4,1,5,2,26,6,6,1,,,0.0908,0.0
4,1,5,2,27,1,2,0,,,0.4692,0.0
4,1,5,2,28,5,1,0,,,0.7149,0.0
4,1,5,2,29,6,6,1,,,0.0073,0.0
4,1,5,2,30,6,6,1,,,0.001,0.0
4,1,5,2,31,2,2,1,,,0.4353,0.0
4,1,5,2,32,6,6,1,,,1.6958,0.0
4,1,5,2,33,2,3,0,,,1.112,0.0
4,1,5,2,34,3,1,0,,,0.6438,0.0
4,1,5,2,35,5,5,1,,,0.5305,0.0
4,1,5,2,36,6,6,1,,,0.1391,0.0
4,1,5,2,37,4,3,0,,,0.6102,0.0
4,1,5,2,38,3,5,0,,,0.419,0.0
4,1,5,2,39,3,6,0,4,0,0.3148,0.8179
4,1,5,2,40,3,2,0,5,0,0.5371,1.0302
4,1,5,2,41,1,5,0,,,0.2295,0.0
4,1,5,2,42,6,6,1,,,0.326,0.0
4,1,5,2,43,3,6,0,,,0.0008,0.0
4,1,5,2,44,5,3,0,,,0.8161,0.0
4,1,5,2,45,5,3,0,,,1.4488,0.0
4,1,5,2,46,3,2,0,,,0.4544,0.0
4,1,5,2,47,6,6,1,,,0.0615,0.0
4,1,5,2,48,3,4,0,,,1.161,0.0
4,1,5,2,49,1,6,0,,,0.0663,0.0
4,1,5,2,50,4,6,0,,,0.1695,0.0
4,1,5,3,1,4,6,0,,,0.2979,0.0
4,1,5,3,2,1,1,1,,,0.1988,0.0
4,1,5,3,3,3,1,0,4,0,0.0773,0.7967
4,1,5,3,4,6,1,0,5,0,0.8538,0.4058
4,1,5,3,5,2,6,0,1,0,0.415,0.3701
4,1,5,3,6,5,5,1,,,0.4284,0.0
4,1,5,3,7,4,4,1,,,0.8402,0.0
4,1,5,3,8,2,2,1,,,0.7402,0.0
4,1,5,3,9,6,6,1,,,0.1802,0.0
4,1,5,3,10,5,1,0,,,0.4423,0.0
4,1,5,3,11,2,2,1,,,0.6102,0.0
4,1,5,3,12,5,4,0,6,0,0.6943,0.7015
4,1,5,3,13,4,6,0,2,0,0.6183,0.4524
4,1,5,3,14,2,4,0,1,0,1.0521,0.7712
4,1,5,3,15,2,2,1,,,0.5573,0.0
4,1,5,3,16,2,1,0,4,0,1.4591,0.6832
4,1,5,3,17,5,1,0,,,0.8727,0.0
4,1,5,3,18,5,5,1,,,0.6863,0.0
4,1,5,3,19,1,6,0,4,0,0.0797,0.6087
4,1,5,3,20,3,3,1,,,0.6885,0.0
4,1,5,3,21,6,6,1,,,0.0504,0.0
4,1,5,3,22,2,1,0,,,0.3516,0.0
4,1,5,3,23,3,1,0,,,0.2815,0.0
4,1,5,3,24,3,3,1,,,0.3759,0.0
4,1,5,3,25,2,6,0,,,0.15,0.0
4,1,5,3,26,6,6,1,,,0.2335,0.0
4,1,5,3,27,5,1,0,4,0,0.3023,0.6776
4,1,5,3,28,6,6,1,,,0.2752,0.0
4,1,5,3,29,1,6,0,,,0.4376,0.0
4,1,5,3,30,5,2,0,4,0,0.541,0.889
4,1,5,3,31,1,1,1,,,0.1105,0.0
4,1,5,3,32,6,6,1,,,0.488,0.0
4,1,5,3,33,3,2,0,,,0.5147,0.0
4,1,5,3,34,1,6,0,,,0.3424,0.0
4,1,5,3,35,3,1,0,,,1.0097,0.0
4,1,5,3,36,6,6,1,,,0.0331,0.0
4,1,5,3,37,6,6,1,,,0.1905,0.0
4,1,5,3,38,6,3,0,4,0,0.5801,0.6237
4,1,5,3,39,6,6,1,,,0.0798,0.0
4,1,5,3,40,1,6,0,,,0.059,0.0
4,1,5,3,41,4,2,0,,,0.5131,0.0
4,1,5,3,42,4,1,0,,,0.4065,0.0
4,1,5,3,43,1,4,0,5,0,0.7341,0.9478
4,1,5,3,44,4,4,1,,,0.6465,0.0
4,1,5,3,45,3,3,1,,,0.4899,0.0
4,1,5,3,46,1,1,1,,,0.211,0.0
4,1,5,3,47,5,6,0,,,0.3121,0.0
4,1,5,3,48,3,6,0,1,0,0.0367,0.7592
4,1,5,3,49,4,1,0,,,0.3527,0.0
4,1,5,3,50,4,6,0,,,0.1399,0.0
4,1,5,4,1,6,6,1,,,0.5908,0.0
4,1,5,4,2,1,2,0,,,0.804,0.0
4,1,5,4,3,5,5,1,,,0.717,0.0
4,1,5,4,4,1,2,0,,,0.7337,0.0
4,1,5,4,5,1,3,0,,,1.1444,0.0
4,1,5,4,6,6,6,1,,,0.2587,0.0
4,1,5,4,7,1,2,0,,,0.9023,0.0
4,1,5,4,8,3,3,1,,,0.763,0.0
4,1,5,4,9,6,4,0,3,0,0.6977,1.1364
4,1,5,4,10,5,6,0,,,0.3795,0.0
4,1,5,4,11,2,6,0,2,1,0.1169,0.7718
4,1,5,4,12,5,6,0,,,0.2102,0.0
4,1,5,4,13,4,5,0,4,1,0.1633,3.0712
4,1,5,4,14,3,2,0,3,1,0.6398,1.2409
4,1,5,4,15,5,2,0,,,0.6285,0.0
4,1,5,4,16,2,6,0,1,0,0.0356,0.3732
4,1,5,4,17,1,3,0,,,0.6232,0.0
4,1,5,4,18,4,3,0,4,1,0.847,0.4484
4,1,5,4,19,6,6,1,,,0.1233,0.0
4,1,5,4,20,2,2,1,,,0.5002,0.0
4,1,5,4,21,6,6,1,,,0.6707,0.0
4,1,5,4,22,5,1,0,,,0.8327,0.0
4,1,5,4,23,2,2,1,,,0.6639,0.0
4,1,5,4,24,6,6,1,,,0.4275,0.0
4,1,5,4,25,6,1,0,,,0.695,0.0
4,1,5,4,26,1,1,1,,,0.1328,0.0
4,1,5,4,27,3,4,0,3,1,0.8936,0.7794
4,1,5,4,28,5,5,1,,,0.2015,0.0
4,1,5,4,29,5,3,0,2,0,0.4957,1.0229
4,1,5,4,30,4,2,0,4,1,0.734,2.5787
4,1,5,4,31,1,1,1,,,0.3115,0.0
4,1,5,4,32,4,1,0,,,0.2959,0.0
4,1,5,4,33,6,4,0,2,0,0.9016,1.2353
4,1,5,4,34,3,1,0,,,0.5069,0.0
4,1,5,4,35,1,3,0,,,0.6555,0.0
4,1,5,4,36,3,2,0,,,0.5093,0.0
4,1,5,4,37,5,5,1,,,0.6103,0.0
4,1,5,4,38,6,6,1,,,0.0009,0.0
4,1,5,4,39,4,2,0,1,0,0.7094,0.8594
4,1,5,4,40,3,6,0,4,0,0.4338,0.9628
4,1,5,4,41,4,2,0,4,1,0.5006,1.0427
4,1,5,4,42,3,3,1,,,0.5818,0.0
4,1,5,4,43,2,6,0,,,0.1405,0.0
4,1,5,4,44,4,4,1,,,0.6871,0.0
4,1,5,4,45,2,6,0,5,0,0.6417,0.7774
4,1,5,4,46,3,6,0,,,0.6111,0.0
4,1,5,4,47,2,6,0,,,0.0835,0.0
4,1,5,4,48,2,2,1,,,0.6504,0.0
4,1,5,4,49,4,6,0,5,0,0.3338,1.5228
4,1,5,4,50,6,6,1,,,0.1265,0.0
4,2,1,1,1,2,2,1,,,0.5213,0.0
4,2,1,1,2,3,2,0,,,0.3706,0.0
4,2,1,1,3,1,2,0,,,0.3015,0.0
4,2,1,1,4,4,4,1,,,0.3467,0.0
4,2,1,1,5,6,6,1,,,0.0749,0.0
4,2,1,1,6,5,5,1,,,0.1177,0.0
4,2,1,1,7,1,2,0,,,0.3189,0.0
4,2,1,1,8,6,6,1,,,0.1396,0.0
4,2,1,1,9,1,4,0,3,0,0.4535,0.6456
4,2,1,1,10,4,6,0,2,0,1.1891,0.8395
4,2,1,1,11,6,6,1,,,0.1912,0.0
4,2,1,1,12,5,2,0,,,0.5021,0.0
4,2,1,1,13,4,2,0,,,0.6669,0.0
4,2,1,1,14,6,5,0,2,0,0.2486,1.3778
4,2,1,1,15,5,5,1,,,0.5795,0.0
4,2,1,1,16,5,1,0,,,0.6986,0.0
4,2,1,1,17,4,2,0,,,0.5029,0.0
4,2,1,1,18,3,3,1,,,0.828,0.0
4,2,1,1,19,6,6,1,,,0.409,0.0
4,2,1,1,20,6,5,0,4,0,0.4064,1.3848
4,2,1,1,21,3,2,0,,,0.5381,0.0
4,2,1,1,22,2,2,1,,,0.35,0.0
4,2,1,1,23,3,6,0,,,0.1414,0.0
4,2,1,1,24,6,6,1,,,0.0502,0.0
4,2,1,1,25,3,5,0,3,1,0.27,1.6063
4,2,1,1,26,5,4,0,,,0.6103,0.0
4,2,1,1,27,1,1,1,,,0.3234,0.0
4,2,1,1,28,5,2,0,5,1,0.5164,1.587
4,2,1,1,29,1,5,0,,,0.5768,0.0
4,2,1,1,30,1,1,1,,,0.6902,0.0
4,2,1,1,31,6,6,1,,,0.1003,0.0
4,2,1,1,32,5,6,0,,,0.3511,0.0
4,2,1,1,33,2,6,0,1,0,0.0009,0.765
4,2,1,1,34,2,1,0,2,1,0.9668,1.187
4,2,1,1,35,4,4,1,,,0.5612,0.0
4,2,1,1,36,1,1,1,,,0.1839,0.0
4,2,1,1,37,2,2,1,,,0.5427,0.0
4,2,1,1,38,2,4,0,,,1.1755,0.0
4,2,1,1,39,6,6,1,,,0.001,0.0
4,2,1,1,40,3,2,0,4,0,0.4309,0.7686
4,2,1,1,41,4,4,1,,,0.7155,0.0
4,2,1,1,42,4,4,1,,,0.3325,0.0
4,2,1,1,43,3,2,0,,,0.4602,0.0
4,2,1,1,44,2,6,0,,,0.1633,0.0
4,2,1,1,45,3,3,1,,,1.5588,0.0
4,2,1,1,46,4,2,0,,,0.4527,0.0
4,2,1,1,47,1,1,1,,,0.621,0.0
4,2,1,1,48,2,2,1,,,0.2411,0.0
4,2,1,1,49,5,5,1,,,1.6217,0.0
4,2,1,1,50,6,6,1,,,0.386,0.0
4,2,1,2,1,2,2,1,,,0.5421,0.0
4,2,1,2,2,5,3,0,4,0,1.302,0.468
4,2,1,2,3,3,2,0,,,0.8898,0.0
4,2,1,2,4,2,6,0,,,0.2232,0.0
4,2,1,2,5,2,2,1,,,0.4799,0.0
4,2,1,2,6,1,3,0,4,0,0.9868,0.6616
4,2,1,2,7,3,2,0,1,0,0.5012,0.6759
4,2,1,2,8,4,4,1,,,0.2739,0.0
4,2,1,2,9,6,6,1,,,0.0845,0.0
4,2,1,2,10,3,3,1,,,1.1197,0.0
4,2,1,2,11,4,2,0,,,0.4483,0.0
4,2,1,2,12,2,2,1,,,0.3918,0.0
4,2,1,2,13,5,6,0,,,0.3895,0.0
4,2,1,2,14,5,5,1,,,0.2562,0.0
4,2,1,2,15,1,6,0,,,0.3231,0.0
4,2,1,2,16,6,6,1,,,0.1769,0.0
4,2,1,2,17,3,2,0,,,0.6001,0.0
4,2,1,2,18,6,6,1,,,0.2169,0.0
4,2,1,2,19,5,5,1,,,0.6544,0.0
4,2,1,2,20,1,5,0,,,0.3689,0.0
4,2,1,2,21,1,2,0,,,0.5723,0.0
4,2,1,2,22,5,5,1,,,0.4151,0.0
4,2,1,2,23,3,2,0,,,0.4593,0.0
4,2,1,2,24,6,6,1,,,0.2592,0.0
4,2,1,2,25,6,6,1,,,0.3107,0.0
4,2,1,2,26,2,2,1,,,0.5683,0.0
4,2,1,2,27,6,6,1,,,0.2242,0.0
4,2,1,2,28,4,4,1,,,0.3732,0.0
4,2,1,2,29,4,3,0,2,0,0.7404,0.9048
4,2,1,2,30,6,5,0,,,1.8219,0.0
4,2,1,2,31,6,1,0,,,0.3648,0.0
4,2,1,2,32,1,5,0,2,0,0.1994,0.659
4,2,1,2,33,5,6,0,,,0.6571,0.0
4,2,1,2,34,5,5,1,,,1.6962,0.0
4,2,1,2,35,4,1,0,,,0.9532,0.0
4,2,1,2,36,3,6,0,,,0.3643,0.0
4,2,1,2,37,3,5,0,,,0.2793,0.0
4,2,1,2,38,2,3,0,,,0.9168,0.0
4,2,1,2,39,1,5,0,,,0.5684,0.0
4,2,1,2,40,1,1,1,,,1.0029,0.0
4,2,1,2,41,3,3,1,,,0.689,0.0
4,2,1,2,42,5,5,1,,,0.1947,0.0
4,2,1,2,43,4,5,0,4,1,0.2819,1.1847
4,2,1,2,44,2,2,1,,,0.5592,0.0
4,2,1,2,45,2,2,1,,,0.2943,0.0
4,2,1,2,46,6,6,1,,,0.1373,0.0
4,2,1,2,47,4,4,1,,,0.7062,0.0
4,2,1,2,48,6,2,0,,,0.5148,0.0
4,2,1,2,49,4,5,0,,,0.9992,0.0
4,2,1,2,50,1,1,1,,,0.6964,0.0
4,2,1,3,1,2,2,1,,,0.4718,0.0
4,2,1,3,2,1,1,1,,,0.5154,0.0
4,2,1,3,3,4,6,0,,,0.3796,0.0
4,2,1,3,4,6,6,1,,,0.054,0.0
4,2,1,3,5,6,5,0,2,0,1.0748,0.6173
4,2,1,3,6,5,5,1,,,0.2818,0.0
4,2,1,3,7,5,4,0,5,1,0.7648,0.5924
4,2,1,3,8,5,6,0,,,0.3422,0.0
4,2,1,3,9,3,4,0,,,0.9473,0.0
4,2,1,3,10,4,2,0,,,0.646,0.0
4,2,1,3,11,5,4,0,,,0.277,0.0
4,2,1,3,12,1,1,1,,,0.1154,0.0
4,2,1,3,13,3,6,0,5,0,0.0122,1.823
4,2,1,3,14,2,2,1,,,0.4619,0.0
4,2,1,3,15,4,6,0,,,0.266,0.0
4,2,1,3,16,3,3,1,,,0.5844,0.0
4,2,1,3,17,6,6,1,,,0.1755,0.0
4,2,1,3,18,6,2,0,,,0.47,0.0
4,2,1,3,19,6,4,0,,,0.4448,0.0
4,2,1,3,20,4,1,0,,,1.0928,0.0
4,2,1,3,21,1,4,0,,,2.2257,0.0
4,2,1,3,22,2,2,1,,,0.4481,0.0
4,2,1,3,23,4,4,1,,,0.7477,0.0
4,2,1,3,24,1,6,0,,,0.3633,0.0
4,2,1,3,25,2,2,1,,,0.6776,0.0
4,2,1,3,26,1,6,0,,,0.6972,0.0
4,2,1,3,27,1,5,0,,,0.326,0.0
4,2,1,3,28,6,6,1,,,0.1617,0.0
4,2,1,3,29,2,5,0,,,0.634,0.0
4,2,1,3,30,3,4,0,,,0.9857,0.0
4,2,1,3,31,4,2,0,3,0,1.595,2.2365
4,2,1,3,32,3,2,0,4,0,0.8913,0.3778
4,2,1,3,33,5,5,1,,,0.212,0.0
4,2,1,3,34,5,6,0,5,1,0.266,0.2747
4,2,1,3,35,2,2,1,,,0.4861,0.0
4,2,1,3,36,1,6,0,1,1,0.9927,1.0996
4,2,1,3,37,6,6,1,,,0.001,0.0
4,2,1,3,38,6,3,0,,,0.7297,0.0
4,2,1,3,39,3,2,0,,,0.9977,0.0
4,2,1,3,40,5,5,1,,,0.4538,0.0
4,2,1,3,41,4,2,0,,,0.8984,0.0
4,2,1,3,42,6,6,1,,,0.2303,0.0
4,2,1,3,43,2,2,1,,,1.0189,0.0
4,2,1,3,44,1,6,0,,,0.384,0.0
4,2,1,3,45,3,2,0,,,1.9138,0.0
4,2,1,3,46,5,6,0,,,0.1815,0.0
4,2,1,3,47,6,5,0,6,1,0.2794,0.3505
4,2,1,3,48,3,2,0,,,0.4793,0.0
4,2,1,3,49,2,1,0,,,1.4292,0.0
4,2,1,3,50,4,6,0,5,0,0.0357,0.2936
4,2,1,4,1,4,4,1,,,0.7371,0.0
4,2,1,4,2,2,2,1,,,0.5614,0.0
4,2,1,4,3,5,5,1,,,0.8413,0.0
4,2,1,4,4,2,2,1,,,0.6607,0.0
4,2,1,4,5,6,6,1,,,0.3122,0.0
4,2,1,4,6,3,4,0,,,1.3067,0.0
4,2,1,4,7,1,5,0,2,0,0.7672,1.2837
4,2,1,4,8,3,3,1,,,0.7121,0.0
4,2,1,4,9,5,5,1,,,0.2649,0.0
4,2,1,4,10,3,6,0,,,0.9246,0.0
4,2,1,4,11,2,2,1,,,0.5289,0.0
4,2,1,4,12,2,2,1,,,0.3938,0.0
4,2,1,4,13,5,1,0,,,0.3757,0.0
4,2,1,4,14,5,5,1,,,0.0184,0.0
4,2,1,4,15,6,6,1,,,0.0955,0.0
4,2,1,4,16,6,6,1,,,0.2193,0.0
4,2,1,4,17,5,2,0,4,0,0.4649,0.8325
4,2,1,4,18,4,2,0,,,0.552,0.0
4,2,1,4,19,3,2,0,4,0,0.2669,0.5476
4,2,1,4,20,3,6,0,1,0,0.3259,0.396
4,2,1,4,21,6,5,0,,,0.0008,0.0
4,2,1,4,22,2,2,1,,,0.4951,0.0
4,2,1,4,23,2,1,0,,,0.9852,0.0
4,2,1,4,24,5,5,1,,,0.4747,0.0
4,2,1,4,25,5,5,1,,,0.3101,0.0
4,2,1,4,26,6,6,1,,,0.1679,0.0
4,2,1,4,27,1,6,0,,,0.6231,0.0
4,2,1,4,28,6,5,0,6,1,0.8953,0.6219
4,2,1,4,29,6,2,0,4,0,0.4986,1.2498
4,2,1,4,30,1,6,0,,,0.0245,0.0
4,2,1,4,31,3,3,1,,,0.6572,0.0
4,2,1,4,32,4,5,0,4,1,0.4686,1.157
4,2,1,4,33,1,1,1,,,0.4999,0.0
4,2,1,4,34,4,6,0,,,0.4136,0.0
4,2,1,4,35,5,5,1,,,0.5018,0.0
4,2,1,4,36,4,4,1,,,0.368,0.0
4,2,1,4,37,6,5,0,,,0.5104,0.0
4,2,1,4,38,1,1,1,,,0.8684,0.0
4,2,1,4,39,3,1,0,,,0.2871,0.0
4,2,1,4,40,2,2,1,,,0.733,0.0
4,2,1,4,41,2,2,1,,,0.7333,0.0
4,2,1,4,42,4,4,1,,,0.5412,0.0
4,2,1,4,43,1,1,1,,,0.3085,0.0
4,2,1,4,44,6,6,1,,,0.3269,0.0
4,2,1,4,45,1,2,0,4,0,0.4238,0.8739
4,2,1,4,46,4,6,0,5,0,0.2559,1.4643
4,2,1,4,47,6,6,1,,,0.2465,0.0
4,2,1,4,48,4,2,0,5,0,1.3221,0.535
4,2,1,4,49,3,4,0,,,1.1149,0.0
4,2,1,4,50,1,4,0,3,0,0.5032,1.0445
4,2,2,1,1,6,6,1,,,0.054,0.0
4,2,2,1,2,3,2,0,,,0.4982,0.0
4,2,2,1,3,1,1,1,,,0.3598,0.0
4,2,2,1,4,3,2,0,,,1.0801,0.0
4,2,2,1,5,4,6,0,,,0.4525,0.0
4,2,2,1,6,3,4,0,,,1.708,0.0
4,2,2,1,7,1,1,1,,,0.5435,0.0
4,2,2,1,8,3,3,1,,,0.7767,0.0
4,2,2,1,9,2,6,0,,,0.3753,0.0
4,2,2,1,10,6,2,0,,,0.7053,0.0
4,2,2,1,11,5,6,0,,,1.5668,0.0
4,2,2,1,12,1,2,0,,,0.6155,0.0
4,2,2,1,13,5,1,0,,,1.0483,0.0
4,2,2,1,14,2,2,1,,,0.6788,0.0
4,2,2,1,15,2,2,1,,,0.4579,0.0
4,2,2,1,16,1,6,0,,,0.2131,0.0
4,2,2,1,17,1,1,1,,,0.3737,0.0
4,2,2,1,18,4,2,0,,,0.7415,0.0
4,2,2,1,19,3,6,0,,,0.976,0.0
4,2,2,1,20,5,2,0,4,0,0.9947,1.0526
4,2,2,1,21,6,6,1,,,0.1241,0.0
4,2,2,1,22,4,4,1,,,0.8852,0.0
4,2,2,1,23,1,6,0,,,0.1435,0.0
4,2,2,1,24,3,3,1,,,2.3389,0.0
4,2,2,1,25,6,6,1,,,0.0821,0.0
4,2,2,1,26,1,2,0,,,0.988,0.0
4,2,2,1,27,3,1,0,,,0.5892,0.0
4,2,2,1,28,5,6,0,,,0.1753,0.0
4,2,2,1,29,4,4,1,,,0.6575,0.0
4,2,2,1,30,4,4,1,,,0.3743,0.0
4,2,2,1,31,5,6,0,1,0,0.8374,0.5496
4,2,2,1,32,4,4,1,,,0.4722,0.0
4,2,2,1,33,6,6,1,,,0.1961,0.0
4,2,2,1,34,6,5,0,2,0,0.2977,2.4652
4,2,2,1,35,2,2,1,,,0.837,0.0
4,2,2,1,36,2,2,1,,,0.2419,0.0
4,2,2,1,37,1,6,0,,,0.9502,0.0
4,2,2,1,38,5,4,0,1,0,0.3763,0.7801
4,2,2,1,39,6,6,1,,,0.0221,0.0
4,2,2,1,40,5,5,1,,,0.3872,0.0
4,2,2,1,41,2,2,1,,,0.4815,0.0
4,2,2,1,42,5,3,0,,,1.4049,0.0
4,2,2,1,43,3,3,1,,,0.6209,0.0
4,2,2,1,44,6,6,1,,,1.0095,0.0
4,2,2,1,45,2,4,0,,,0.2944,0.0
4,2,2,1,46,4,4,1,,,0.4045,0.0
4,2,2,1,47,4,4,1,,,0.3866,0.0
4,2,2,1,48,2,2,1,,,0.5284,0.0
4,2,2,1,49,6,6,1,,,0.2183,0.0
4,2,2,1,50,6,6,1,,,0.3347,0.0
4,2,2,2,1,1,2,0,,,0.558,0.0
4,2,2,2,2,1,6,0,1,1,0.6723,0.5519
4,2,2,2,3,4,3,0,,,1.6479,0.0
4,2,2,2,4,3,1,0,4,0,1.1096,1.1314
4,2,2,2,5,3,3,1,,,0.5183,0.0
4,2,2,2,6,4,4,1,,,0.7996,0.0
4,2,2,2,7,3,5,0,,,0.477,0.0
4,2,2,2,8,6,6,1,,,0.0036,0.0
4,2,2,2,9,6,5,0,,,0.5138,0.0
4,2,2,2,10,5,1,0,,,0.5173,0.0
4,2,2,2,11,2,2,1,,,0.4426,0.0
4,2,2,2,12,4,6,0,,,0.3111,0.0
4,2,2,2,13,3,2,0,,,0.8517,0.0
4,2,2,2,14,1,1,1,,,0.4424,0.0
4,2,2,2,15,2,4,0,5,0,0.5033,2.4531
4,2,2,2,16,1,1,1,,,0.5228,0.0
4,2,2,2,17,1,4,0,,,0.6757,0.0
4,2,2,2,18,4,4,1,,,0.4503,0.0
4,2,2,2,19,5,6,0,,,0.3022,0.0
4,2,2,2,20,6,6,1,,,0.459,0.0
4,2,2,2,21,2,4,0,,,0.663,0.0
4,2,2,2,22,2,2,1,,,0.645,0.0
4,2,2,2,23,6,6,1,,,0.1214,0.0
4,2,2,2,24,1,5,0,,,0.3702,0.0
4,2,2,2,25,2,2,1,,,0.4287,0.0
4,2,2,2,26,4,5,0,,,0.7619,0.0
4,2,2,2,27,5,6,0,2,0,0.2278,1.9185
4,2,2,2,28,6,4,0,5,0,0.4256,0.8912
4,2,2,2,29,4,4,1,,,0.272,0.0
4,2,2,2,30,2,2,1,,,0.1645,0.0
4,2,2,2,31,1,1,1,,,0.9394,0.0
4,2,2,2,32,6,6,1,,,0.2426,0.0
4,2,2,2,33,3,2,0,,,0.9204,0.0
4,2,2,2,34,5,5,1,,,0.4441,0.0
4,2,2,2,35,5,5,1,,,0.3279,0.0
4,2,2,2,36,1,6,0,,,0.4894,0.0
4,2,2,2,37,2,1,0,5,0,2.7673,1.233
4,2,2,2,38,3,6,0,,,0.152,0.0
4,2,2,2,39,2,2,1,,,0.5401,0.0
4,2,2,2,40,6,6,1,,,0.4356,0.0
4,2,2,2,41,4,4,1,,,0.4004,0.0
4,2,2,2,42,5,1,0,,,0.8299,0.0
4,2,2,2,43,4,2,0,,,0.3576,0.0
4,2,2,2,44,3,2,0,4,0,0.4966,0.7526
4,2,2,2,45,5,3,0,2,0,1.3073,0.5043
4,2,2,2,46,6,6,1,,,0.1094,0.0
4,2,2,2,47,3,4,0,,,0.4564,0.0
4,2,2,2,48,6,6,1,,,0.8471,0.0
4,2,2,2,49,5,3,0,,,0.5857,0.0
4,2,2,2,50,6,3,0,4,0,0.3964,1.2472
4,2,2,3,1,6,6,1,,,0.1151,0.0
4,2,2,3,2,1,1,1,,,0.3649,0.0
4,2,2,3,3,6,6,1,,,1.2271,0.0
4,2,2,3,4,4,1,0,,,0.6165,0.0
4,2,2,3,5,5,6,0,,,0.5528,0.0
4,2,2,3,6,4,1,0,4,1,0.6191,0.7405
4,2,2,3,7,1,2,0,3,0,1.4134,0.9429
4,2,2,3,8,3,6,0,,,0.274,0.0
4,2,2,3,9,2,2,1,,,0.5442,0.0
4,2,2,3,10,1,6,0,,,0.5363,0.0
4,2,2,3,11,1,5,0,,,0.4288,0.0
4,2,2,3,12,5,6,0,,,0.4044,0.0
4,2,2,3,13,5,5,1,,,0.1423,0.0
4,2,2,3,14,6,1,0,6,1,0.2948,0.5413
4,2,2,3,15,3,4,0,2,0,0.9342,0.6262
4,2,2,3,16,6,6,1,,,0.0186,0.0
4,2,2,3,17,1,1,1,,,0.2562,0.0
4,2,2,3,18,6,1,0,,,0.9964,0.0
4,2,2,3,19,3,5,0,1,0,0.3257,0.6513
4,2,2,3,20,4,4,1,,,0.2985,0.0
4,2,2,3,21,5,5,1,,,0.5239,0.0
4,2,2,3,22,2,1,0,4,0,0.5806,0.8162
4,2,2,3,23,3,6,0,,,0.0722,0.0
4,2,2,3,24,6,6,1,,,0.0478,0.0
4,2,2,3,25,5,5,1,,,0.2356,0.0
4,2,2,3,26,2,2,1,,,0.4649,0.0
4,2,2,3,27,4,4,1,,,0.4111,0.0
4,2,2,3,28,6,6,1,,,0.186,0.0
4,2,2,3,29,6,6,1,,,0.3043,0.0
4,2,2,3,30,6,6,1,,,0.0022,0.0
4,2,2,3,31,4,1,0,4,1,0.1921,0.8919
4,2,2,3,32,3,2,0,3,1,0.5498,0.6591
4,2,2,3,33,1,6,0,,,0.2783,0.0
4,2,2,3,34,1,5,0,,,0.4519,0.0
4,2,2,3,35,3,2,0,,,0.5394,0.0
4,2,2,3,36,2,2,1,,,0.3348,0.0
4,2,2,3,37,5,6,0,,,0.1916,0.0
4,2,2,3,38,5,2,0,4,0,0.4651,0.9465
4,2,2,3,39,2,2,1,,,1.0773,0.0
4,2,2,3,40,4,1,0,4,1,0.5035,0.7095
4,2,2,3,41,4,2,0,6,0,0.6634,0.6554
4,2,2,3,42,2,1,0,6,0,0.5582,0.4753
4,2,2,3,43,2,2,1,,,0.4491,0.0
4,2,2,3,44,6,6,1,,,1.6928,0.0
4,2,2,3,45,2,2,1,,,0.4056,0.0
4,2,2,3,46,1,1,1,,,0.3073,0.0
4,2,2,3,47,5,6,0,,,0.2302,0.0
4,2,2,3,48,3,2,0,,,0.5342,0.0
4,2,2,3,49,3,2,0,5,0,0.3613,0.7347
4,2,2,3,50,4,1,0,,,0.4894,0.0
4,2,2,4,1,3,1,0,4,0,1.2458,0.8611
4,2,2,4,2,2,2,1,,,0.2919,0.0
4,2,2,4,3,2,6,0,5,0,0.1508,0.4677
4,2,2,4,4,6,6,1,,,0.1376,0.0
4,2,2,4,5,4,2,0,,,0.4671,0.0
4,2,2,4,6,3,3,1,,,0.4251,0.0
4,2,2,4,7,4,2,0,,,0.2945,0.0
4,2,2,4,8,3,1,0,,,0.8521,0.0
4,2,2,4,9,6,6,1,,,0.0009,0.0
4,2,2,4,10,3,3,1,,,0.9213,0.0
4,2,2,4,11,6,4,0,1,0,0.5129,0.9595
4,2,2,4,12,4,4,1,,,1.5227,0.0
4,2,2,4,13,4,2,0,,,0.5783,0.0
4,2,2,4,14,1,1,1,,,0.4048,0.0
4,2,2,4,15,1,6,0,,,0.5779,0.0
4,2,2,4,16,3,2,0,,,0.4998,0.0
4,2,2,4,17,5,2,0,,,0.2169,0.0
4,2,2,4,18,2,2,1,,,0.4742,0.0
4,2,2,4,19,6,6,1,,,0.1973,0.0
4,2,2,4,20,4,5,0,,,0.5076,0.0
4,2,2,4,21,4,4,1,,,1.3127,0.0
4,2,2,4,22,6,6,1,,,0.0009,0.0
4,2,2,4,23,5,5,1,,,0.8069,0.0
4,2,2,4,24,2,2,1,,,0.2292,0.0
4,2,2,4,25,5,5,1,,,0.3295,0.0
4,2,2,4,26,1,1,1,,,0.6988,0.0
4,2,2,4,27,5,5,1,,,0.236,0.0
4,2,2,4,28,1,6,0,1,1,0.1128,0.6876
4,2,2,4,29,2,2,1,,,0.418,0.0
4,2,2,4,30,6,6,1,,,0.0944,0.0
4,2,2,4,31,3,6,0,,,1.3052,0.0
4,2,2,4,32,6,5,0,,,0.2854,0.0
4,2,2,4,33,4,2,0,,,0.3003,0.0
4,2,2,4,34,3,1,0,,,0.4567,0.0
4,2,2,4,35,1,1,1,,,0.2728,0.0
4,2,2,4,36,1,1,1,,,0.0991,0.0
4,2,2,4,37,4,4,1,,,1.1016,0.0
4,2,2,4,38,6,6,1,,,0.1431,0.0
4,2,2,4,39,2,4,0,3,0,0.423,0.7449
4,2,2,4,40,6,6,1,,,0.0009,0.0
4,2,2,4,41,1,1,1,,,0.2108,0.0
4,2,2,4,42,2,2,1,,,0.536,0.0
4,2,2,4,43,6,6,1,,,0.4327,0.0
4,2,2,4,44,1,4,0,3,0,0.2526,0.6621
4,2,2,4,45,5,5,1,,,0.1328,0.0
4,2,2,4,46,5,5,1,,,0.5403,0.0
4,2,2,4,47,5,4,0,3,0,1.6858,0.3555
4,2,2,4,48,5,5,1,,,0.3826,0.0
4,2,2,4,49,2,4,0,,,0.3169,0.0
4,2,2,4,50,3,4,0,2,0,0.4578,0.5534
4,2,3,1,1,1,6,0,,,0.2074,0.0
4,2,3,1,2,4,1,0,,,0.4332,0.0
4,2,3,1,3,3,4,0,,,0.4086,0.0
4,2,3,1,4,3,2,0,,,0.5293,0.0
4,2,3,1,5,6,6,1,,,0.0008,0.0
4,2,3,1,6,4,6,0,,,0.1151,0.0
4,2,3,1,7,5,4,0,,,0.2166,0.0
4,2,3,1,8,1,1,1,,,0.5049,0.0
4,2,3,1,9,5,1,0,4,0,0.163,0.5595
4,2,3,1,10,6,6,1,,,0.0009,0.0
4,2,3,1,11,4,4,1,,,0.529,0.0
4,2,3,1,12,6,2,0,4,0,0.6824,1.0423
4,2,3,1,13,2,1,0,3,0,0.8337,0.9144
4,2,3,1,14,6,6,1,,,0.2306,0.0
4,2,3,1,15,1,1,1,,,0.4432,0.0
4,2,3,1,16,6,4,0,,,0.4401,0.0
4,2,3,1,17,2,2,1,,,0.2708,0.0
4,2,3,1,18,5,3,0,,,0.9466,0.0
4,2,3,1,19,2,2,1,,,0.2295,0.0
4,2,3,1,20,1,6,0,5,0,0.0011,1.9009
4,2,3,1,21,5,5,1,,,0.2167,0.0
4,2,3,1,22,1,1,1,,,0.6377,0.0
4,2,3,1,23,2,2,1,,,0.3062,0.0
4,2,3,1,24,2,6,0,4,0,0.1642,0.7048
4,2,3,1,25,2,2,1,,,0.4616,0.0
4,2,3,1,26,1,1,1,,,0.1848,0.0
4,2,3,1,27,1,2,0,1,1,0.4155,1.2505
4,2,3,1,28,2,2,1,,,0.382,0.0
4,2,3,1,29,3,3,1,,,0.7634,0.0
4,2,3,1,30,6,6,1,,,0.1389,0.0
4,2,3,1,31,3,2,0,,,0.3391,0.0
4,2,3,1,32,4,5,0,,,0.2874,0.0
4,2,3,1,33,4,4,1,,,0.4288,0.0
4,2,3,1,34,3,5,0,,,0.2183,0.0
4,2,3,1,35,4,5,0,3,0,0.1226,0.6976
4,2,3,1,36,6,6,1,,,0.07,0.0
4,2,3,1,37,3,5,0,,,0.6414,0.0
4,2,3,1,38,5,4,0,2,0,0.3221,0.3749
4,2,3,1,39,5,5,1,,,0.146,0.0
4,2,3,1,40,6,6,1,,,0.4259,0.0
4,2,3,1,41,2,2,1,,,0.2798,0.0
4,2,3,1,42,5,5,1,,,0.298,0.0
4,2,3,1,43,3,3,1,,,0.6198,0.0
4,2,3,1,44,6,1,0,,,0.561,0.0
4,2,3,1,45,3,1,0,,,0.5162,0.0
4,2,3,1,46,6,6,1,,,0.2638,0.0
4,2,3,1,47,1,2,0,,,0.2352,0.0
4,2,3,1,48,5,5,1,,,0.2036,0.0
4,2,3,1,49,4,6,0,,,0.2572,0.0
4,2,3,1,50,4,2,0,1,0,1.009,0.4263
4,2,3,2,1,2,2,1,,,0.3213,0.0
4,2,3,2,2,1,1,1,,,0.1948,0.0
4,2,3,2,3,4,4,1,,,0.2966,0.0
4,2,3,2,4,6,6,1,,,0.001,0.0
4,2,3,2,5,6,4,0,6,1,0.4573,0.6338
4,2,3,2,6,5,2,0,,,0.2854,0.0
4,2,3,2,7,2,5,0,3,0,0.0442,1.0527
4,2,3,2,8,6,6,1,,,0.001,0.0
4,2,3,2,9,2,2,1,,,0.3135,0.0
4,2,3,2,10,6,6,1,,,0.0749,0.0
4,2,3,2,11,2,2,1,,,0.2794,0.0
4,2,3,2,12,6,6,1,,,0.0417,0.0
4,2,3,2,13,1,4,0,3,0,0.1179,1.0604
4,2,3,2,14,3,5,0,1,0,0.8673,0.3714
4,2,3,2,15,1,2,0,,,1.0211,0.0
4,2,3,2,16,6,1,0,,,0.5414,0.0
4,2,3,2,17,2,5,0,4,0,0.4658,0.8496
4,2,3,2,18,3,2,0,5,0,0.4562,0.6325
4,2,3,2,19,3,2,0,4,0,0.4406,0.5221
4,2,3,2,20,5,5,1,,,0.3177,0.0
4,2,3,2,21,2,4,0,6,0,0.3359,0.2925
4,2,3,2,22,2,2,1,,,0.4348,0.0
4,2,3,2,23,4,2,0,,,0.3352,0.0
4,2,3,2,24,1,1,1,,,0.2195,0.0
4,2,3,2,25,3,1,0,6,0,0.4652,0.7056
4,2,3,2,26,4,6,0,,,0.2537,0.0
4,2,3,2,27,4,4,1,,,0.9732,0.0
4,2,3,2,28,5,5,1,,,0.5001,0.0
4,2,3,2,29,1,1,1,,,0.4934,0.0
4,2,3,2,30,3,2,0,,,0.4243,0.0
4,2,3,2,31,4,4,1,,,0.2403,0.0
4,2,3,2,32,2,2,1,,,0.4058,0.0
4,2,3,2,33,6,6,1,,,0.2595,0.0
4,2,3,2,34,4,4,1,,,0.1353,0.0
4,2,3,2,35,6,5,0,2,0,0.3676,1.299
4,2,3,2,36,5,2,0,,,0.3911,0.0
4,2,3,2,37,5,5,1,,,0.0175,0.0
4,2,3,2,38,3,1,0,4,0,0.1909,0.9381
4,2,3,2,39,3,3,1,,,2.3345,0.0
4,2,3,2,40,6,6,1,,,0.2367,0.0
4,2,3,2,41,5,5,1,,,0.1608,0.0
4,2,3,2,42,4,4,1,,,0.6165,0.0
4,2,3,2,43,1,6,0,,,0.5095,0.0
4,2,3,2,44,5,5,1,,,0.6597,0.0
4,2,3,2,45,5,1,0,,,0.7902,0.0
4,2,3,2,46,4,4,1,,,0.2399,0.0
4,2,3,2,47,1,2,0,,,0.2767,0.0
4,2,3,2,48,6,6,1,,,0.0196,0.0
4,2,3,2,49,1,3,0,,,0.5451,0.0
4,2,3,2,50,3,3,1,,,0.3723,0.0
4,2,3,3,1,4,2,0,,,0.305,0.0
4,2,3,3,2,2,2,1,,,0.2548,0.0
4,2,3,3,3,4,4,1,,,0.3378,0.0
4,2,3,3,4,6,6,1,,,0.0009,0.0
4,2,3,3,5,5,6,0,,,0.6243,0.0
4,2,3,3,6,3,6,0,5,0,0.033,1.0759
4,2,3,3,7,6,6,1,,,0.1619,0.0
4,2,3,3,8,3,6,0,,,0.3764,0.0
4,2,3,3,9,3,2,0,,,0.4352,0.0
4,2,3,3,10,2,6,0,,,0.2662,0.0
4,2,3,3,11,6,1,0,,,0.3293,0.0
4,2,3,3,12,1,1,1,,,0.1337,0.0
4,2,3,3,13,2,2,1,,,0.43,0.0
4,2,3,3,14,1,6,0,,,0.2979,0.0
4,2,3,3,15,5,6,0,,,0.0008,0.0
4,2,3,3,16,2,2,1,,,0.529,0.0
4,2,3,3,17,6,6,1,,,0.0906,0.0
4,2,3,3,18,1,1,1,,,0.2609,0.0
4,2,3,3,19,1,5,0,4,0,0.4258,0.9705
4,2,3,3,20,5,5,1,,,0.4283,0.0
4,2,3,3,21,2,5,0,2,1,0.1066,0.4403
4,2,3,3,22,3,6,0,,,0.326,0.0
4,2,3,3,23,4,1,0,4,1,0.6903,0.5843
4,2,3,3,24,1,6,0,5,0,0.6715,0.2954
4,2,3,3,25,1,6,0,,,0.2597,0.0
4,2,3,3,26,4,2,0,4,1,0.2111,1.2618
4,2,3,3,27,6,6,1,,,0.0009,0.0
4,2,3,3,28,4,4,1,,,0.119,0.0
4,2,3,3,29,2,2,1,,,0.0973,0.0
4,2,3,3,30,3,4,0,,,0.7632,0.0
4,2,3,3,31,2,2,1,,,0.6453,0.0
4,2,3,3,32,3,5,0,4,0,0.0894,1.0648
4,2,3,3,33,3,1,0,,,0.5829,0.0
4,2,3,3,34,5,5,1,,,0.136,0.0
4,2,3,3,35,3,4,0,3,1,0.3056,0.7284
4,2,3,3,36,5,5,1,,,0.6639,0.0
4,2,3,3,37,5,1,0,6,0,1.0187,1.013
4,2,3,3,38,6,6,1,,,0.0009,0.0
4,2,3,3,39,6,4,0,,,0.6429,0.0
4,2,3,3,40,1,6,0,,,0.1791,0.0
4,2,3,3,41,6,4,0,3,0,0.7254,0.6026
4,2,3,3,42,5,3,0,4,0,0.4596,0.4601
4,2,3,3,43,4,3,0,,,0.4669,0.0
4,2,3,3,44,6,6,1,,,0.1055,0.0
4,2,3,3,45,1,2,0,,,0.2441,0.0
4,2,3,3,46,4,4,1,,,0.2918,0.0
4,2,3,3,47,6,6,1,,,0.0009,0.0
4,2,3,3,48,5,2,0,,,0.3879,0.0
4,2,3,3,49,2,2,1,,,0.5105,0.0
4,2,3,3,50,4,5,0,,,1.1113,0.0
4,2,3,4,1,1,1,1,,,0.3054,0.0
4,2,3,4,2,1,5,0,,,0.1642,0.0
4,2,3,4,3,4,4,1,,,0.2463,0.0
4,2,3,4,4,2,2,1,,,0.2833,0.0
4,2,3,4,5,3,1,0,,,0.7658,0.0
4,2,3,4,6,1,1,1,,,0.3273,0.0
4,2,3,4,7,4,2,0,,,0.4411,0.0
4,2,3,4,8,5,4,0,,,0.7678,0.0
4,2,3,4,9,4,2,0,,,0.5229,0.0
4,2,3,4,10,5,3,0,4,0,0.6234,0.3285
4,2,3,4,11,6,1,0,4,0,0.8211,0.7262
4,2,3,4,12,5,4,0,,,0.4017,0.0
4,2,3,4,13,6,6,1,,,0.0009,0.0
4,2,3,4,14,6,4,0,3,0,0.1372,0.8874
4,2,3,4,15,3,6,0,,,0.0934,0.0
4,2,3,4,16,2,1,0,,,1.2346,0.0
4,2,3,4,17,3,3,1,,,0.522,0.0
4,2,3,4,18,6,6,1,,,0.0009,0.0
4,2,3,4,19,4,4,1,,,0.1287,0.0
4,2,3,4,20,3,6,0,,,0.2664,0.0
4,2,3,4,21,5,5,1,,,0.3762,0.0
4,2,3,4,22,2,2,1,,,0.3117,0.0
4,2,3,4,23,3,5,0,2,0,0.0257,0.9557
4,2,3,4,24,1,6,0,4,0,0.2072,0.7288
4,2,3,4,25,2,2,1,,,0.502,0.0
4,2,3,4,26,1,6,0,,,0.2706,0.0
4,2,3,4,27,1,1,1,,,0.0626,0.0
4,2,3,4,28,2,2,1,,,0.1854,0.0
4,2,3,4,29,2,1,0,,,0.2245,0.0
4,2,3,4,30,4,5,0,,,1.1853,0.0
4,2,3,4,31,5,5,1,,,0.0256,0.0
4,2,3,4,32,6,6,1,,,0.5191,0.0
4,2,3,4,33,6,4,0,3,0,0.7528,0.4369
4,2,3,4,34,4,4,1,,,0.0613,0.0
4,2,3,4,35,6,2,0,,,0.0245,0.0
4,2,3,4,36,1,5,0,,,0.4976,0.0
4,2,3,4,37,5,5,1,,,0.2153,0.0
4,2,3,4,38,6,6,1,,,0.2047,0.0
4,2,3,4,39,5,6,0,,,0.0184,0.0
4,2,3,4,40,5,1,0,,,0.6997,0.0
4,2,3,4,41,4,5,0,,,0.168,0.0
4,2,3,4,42,3,2,0,,,0.6509,0.0
4,2,3,4,43,4,1,0,4,1,0.4904,0.5211
4,2,3,4,44,6,6,1,,,0.001,0.0
4,2,3,4,45,2,2,1,,,0.4801,0.0
4,2,3,4,46,6,6,1,,,0.0009,0.0
4,2,3,4,47,3,2,0,,,0.3445,0.0
4,2,3,4,48,3,4,0,,,0.1485,0.0
4,2,3,4,49,1,6,0,,,0.0711,0.0
4,2,3,4,50,2,2,1,,,0.3988,0.0
4,2,4,1,1,1,1,1,,,1.0104,0.0
4,2,4,1,2,4,4,1,,,0.2956,0.0
4,2,4,1,3,5,2,0,4,0,0.5215,1.1111
4,2,4,1,4,2,2,1,,,0.1961,0.0
4,2,4,1,5,6,6,1,,,0.1866,0.0
4,2,4,1,6,2,2,1,,,0.0171,0.0
4,2,4,1,7,5,6,0,,,0.1904,0.0
4,2,4,1,8,3,2,0,,,0.3851,0.0
4,2,4,1,9,4,4,1,,,0.682,0.0
4,2,4,1,10,3,3,1,,,0.3645,0.0
4,2,4,1,11,6,2,0,,,0.3156,0.0
4,2,4,1,12,5,5,1,,,0.3925,0.0
4,2,4,1,13,3,2,0,,,0.3915,0.0
4,2,4,1,14,5,1,0,4,0,0.4972,0.3524
4,2,4,1,15,4,6,0,,,0.283,0.0
4,2,4,1,16,3,3,1,,,0.1695,0.0
4,2,4,1,17,5,6,0,,,0.0009,0.0
4,2,4,1,18,2,4,0,3,0,0.0908,0.7933
4,2,4,1,19,1,3,0,,,0.2911,0.0
4,2,4,1,20,1,1,1,,,0.5129,0.0
4,2,4,1,21,3,4,0,,,0.1226,0.0
4,2,4,1,22,3,3,1,,,0.4949,0.0
4,2,4,1,23,6,6,1,,,0.1541,0.0
4,2,4,1,24,2,2,1,,,0.5292,0.0
4,2,4,1,25,5,5,1,,,0.0907,0.0
4,2,4,1,26,3,4,0,,,0.1813,0.0
4,2,4,1,27,2,6,0,5,0,0.0073,0.3142
4,2,4,1,28,4,2,0,4,1,0.4072,0.7618
4,2,4,1,29,5,2,0,,,0.6323,0.0
4,2,4,1,30,3,3,1,,,0.312,0.0
4,2,4,1,31,2,2,1,,,0.3775,0.0
4,2,4,1,32,1,6,0,4,0,0.0404,0.2022
4,2,4,1,33,5,5,1,,,0.0009,0.0
4,2,4,1,34,4,4,1,,,0.1693,0.0
4,2,4,1,35,1,6,0,,,0.8808,0.0
4,2,4,1,36,4,3,0,4,1,0.4393,0.3923
4,2,4,1,37,6,3,0,6,1,0.8057,0.5361
4,2,4,1,38,6,6,1,,,0.0969,0.0
4,2,4,1,39,6,5,0,6,1,0.1549,0.2477
4,2,4,1,40,1,4,0,3,0,0.3798,0.4479
4,2,4,1,41,4,4,1,,,0.4072,0.0
4,2,4,1,42,6,6,1,,,0.1643,0.0
4,2,4,1,43,2,2,1,,,0.5081,0.0
4,2,4,1,44,6,4,0,,,1.094,0.0
4,2,4,1,45,4,5,0,4,1,0.2431,0.0765
4,2,4,1,46,1,6,0,,,0.0871,0.0
4,2,4,1,47,2,2,1,,,0.4302,0.0
4,2,4,1,48,6,1,0,,,0.5542,0.0
4,2,4,1,49,1,5,0,,,0.6698,0.0
4,2,4,1,50,6,6,1,,,0.0761,0.0
4,2,4,2,1,5,2,0,6,0,0.3242,0.6507
4,2,4,2,2,3,4,0,3,1,0.2182,0.7715
4,2,4,2,3,4,4,1,,,0.3224,0.0
4,2,4,2,4,2,2,1,,,0.1476,0.0
4,2,4,2,5,1,6,0,,,0.4116,0.0
4,2,4,2,6,2,5,0,2,1,0.1164,0.1152
4,2,4,2,7,6,6,1,,,0.001,0.0
4,2,4,2,8,3,1,0,,,0.4909,0.0
4,2,4,2,9,1,1,1,,,0.481,0.0
4,2,4,2,10,3,4,0,,,1.1633,0.0
4,2,4,2,11,1,5,0,2,0,0.2761,0.2692
4,2,4,2,12,4,4,1,,,0.1718,0.0
4,2,4,2,13,2,2,1,,,0.0993,0.0
4,2,4,2,14,3,6,0,,,0.3326,0.0
4,2,4,2,15,1,3,0,,,0.1692,0.0
4,2,4,2,16,1,4,0,,,0.1397,0.0
4,2,4,2,17,3,1,0,,,0.7519,0.0
4,2,4,2,18,6,6,1,,,0.1387,0.0
4,2,4,2,19,4,2,0,,,0.3401,0.0
4,2,4,2,20,5,5,1,,,0.9919,0.0
4,2,4,2,21,6,6,1,,,0.2132,0.0
4,2,4,2,22,4,4,1,,,0.4912,0.0
4,2,4,2,23,2,2,1,,,1.2531,0.0
4,2,4,2,24,6,6,1,,,0.0009,0.0
4,2,4,2,25,1,4,0,,,0.5906,0.0
4,2,4,2,26,5,4,0,,,1.0245,0.0
4,2,4,2,27,2,2,1,,,0.3843,0.0
4,2,4,2,28,5,6,0,,,0.3178,0.0
4,2,4,2,29,5,1,0,,,1.3705,0.0
4,2,4,2,30,1,1,1,,,0.0605,0.0
4,2,4,2,31,4,2,0,,,0.5681,0.0
4,2,4,2,32,2,4,0,,,0.4751,0.0
4,2,4,2,33,2,6,0,5,0,0.0009,0.9003
4,2,4,2,34,6,6,1,,,0.001,0.0
4,2,4,2,35,6,2,0,,,0.4236,0.0
4,2,4,2,36,5,5,1,,,0.3844,0.0
4,2,4,2,37,4,4,1,,,0.5263,0.0
4,2,4,2,38,6,6,1,,,0.0553,0.0
4,2,4,2,39,3,3,1,,,0.915,0.0
4,2,4,2,40,3,4,0,,,0.3488,0.0
4,2,4,2,41,6,1,0,,,0.663,0.0
4,2,4,2,42,6,6,1,,,0.0061,0.0
4,2,4,2,43,6,6,1,,,0.0197,0.0
4,2,4,2,44,1,4,0,,,0.6896,0.0
4,2,4,2,45,5,2,0,,,0.2555,0.0
4,2,4,2,46,3,4,0,,,0.4145,0.0
4,2,4,2,47,4,4,1,,,0.2633,0.0
4,2,4,2,48,2,2,1,,,0.3789,0.0
4,2,4,2,49,4,3,0,4,1,0.6007,0.9156
4,2,4,2,50,5,5,1,,,0.3799,0.0
4,2,4,3,1,4,6,0,,,0.6955,0.0
4,2,4,3,2,1,6,0,2,0,0.0008,0.7277
4,2,4,3,3,5,5,1,,,0.147,0.0
4,2,4,3,4,2,5,0,3,0,0.2197,1.0296
4,2,4,3,5,1,6,0,,,0.0847,0.0
4,2,4,3,6,6,6,1,,,0.3474,0.0
4,2,4,3,7,4,4,1,,,0.4427,0.0
4,2,4,3,8,3,2,0,,,0.3744,0.0
4,2,4,3,9,1,1,1,,,0.7379,0.0
4,2,4,3,10,1,6,0,,,0.402,0.0
4,2,4,3,11,4,4,1,,,0.1387,0.0
4,2,4,3,12,2,2,1,,,0.2915,0.0
4,2,4,3,13,5,6,0,,,0.2618,0.0
4,2,4,3,14,4,4,1,,,0.5648,0.0
4,2,4,3,15,3,5,0,,,0.4595,0.0
4,2,4,3,16,5,4,0,,,0.211,0.0
4,2,4,3,17,6,4,0,1,0,0.5325,0.4018
4,2,4,3,18,3,5,0,,,0.3154,0.0
4,2,4,3,19,1,2,0,,,0.5033,0.0
4,2,4,3,20,3,5,0,,,0.5727,0.0
4,2,4,3,21,2,3,0,4,0,1.3751,0.4414
4,2,4,3,22,5,5,1,,,0.2255,0.0
4,2,4,3,23,6,4,0,,,0.2158,0.0
4,2,4,3,24,3,5,0,,,0.0881,0.0
4,2,4,3,25,6,6,1,,,0.2061,0.0
4,2,4,3,26,3,2,0,,,0.7723,0.0
4,2,4,3,27,6,4,0,,,0.1899,0.0
4,2,4,3,28,6,6,1,,,0.32,0.0
4,2,4,3,29,2,2,1,,,0.3534,0.0
4,2,4,3,30,5,5,1,,,0.3371,0.0
4,2,4,3,31,3,3,1,,,0.3539,0.0
4,2,4,3,32,2,2,1,,,0.7225,0.0
4,2,4,3,33,6,2,0,,,0.4025,0.0
4,2,4,3,34,4,2,0,,,0.4282,0.0
4,2,4,3,35,6,6,1,,,0.0675,0.0
4,2,4,3,36,1,1,1,,,0.3198,0.0
4,2,4,3,37,4,5,0,,,0.1766,0.0
4,2,4,3,38,2,2,1,,,0.1953,0.0
4,2,4,3,39,6,4,0,,,0.3137,0.0
4,2,4,3,40,5,2,0,4,0,0.5186,0.9632
4,2,4,3,41,4,3,0,,,0.6782,0.0
4,2,4,3,42,6,6,1,,,0.3719,0.0
4,2,4,3,43,2,5,0,,,0.2908,0.0
4,2,4,3,44,5,2,0,,,0.2087,0.0
4,2,4,3,45,2,4,0,1,0,0.5457,1.0222
4,2,4,3,46,1,5,0,,,0.3817,0.0
4,2,4,3,47,5,2,0,,,0.5196,0.0
4,2,4,3,48,4,6,0,,,0.0443,0.0
4,2,4,3,49,1,1,1,,,0.2607,0.0
4,2,4,3,50,3,4,0,1,0,0.7766,0.3155
4,2,4,4,1,3,2,0,,,3.4295,0.0
4,2,4,4,2,6,6,1,,,1.6678,0.0
4,2,4,4,3,3,4,0,,,0.3654,0.0
4,2,4,4,4,3,4,0,,,0.2159,0.0
4,2,4,4,5,4,3,0,4,1,1.2082,0.3142
4,2,4,4,6,2,6,0,5,0,0.0587,0.4122
4,2,4,4,7,1,6,0,4,0,0.0008,0.1033
4,2,4,4,8,5,6,0,,,0.1248,0.0
4,2,4,4,9,3,4,0,,,0.6895,0.0
4,2,4,4,10,5,5,1,,,0.5443,0.0
4,2,4,4,11,2,4,0,6,0,1.0002,1.4581
4,2,4,4,12,6,6,1,,,0.1128,0.0
4,2,4,4,13,1,4,0,,,0.5542,0.0
4,2,4,4,14,3,3,1,,,0.7328,0.0
4,2,4,4,15,6,1,0,4,0,0.4772,0.5892
4,2,4,4,16,2,2,1,,,0.3346,0.0
4,2,4,4,17,1,1,1,,,0.6875,0.0
4,2,4,4,18,4,4,1,,,0.2411,0.0
4,2,4,4,19,5,5,1,,,0.0697,0.0
4,2,4,4,20,1,1,1,,,0.1775,0.0
4,2,4,4,21,5,6,0,4,0,0.2007,1.6518
4,2,4,4,22,5,5,1,,,0.234,0.0
4,2,4,4,23,3,4,0,,,0.7507,0.0
4,2,4,4,24,4,4,1,,,0.001,0.0
4,2,4,4,25,4,4,1,,,0.2474,0.0
4,2,4,4,26,6,5,0,6,1,1.1319,0.3999
4,2,4,4,27,6,6,1,,,0.1907,0.0
4,2,4,4,28,4,4,1,,,0.309,0.0
4,2,4,4,29,3,6,0,,,1.6873,0.0
4,2,4,4,30,1,5,0,2,0,0.2678,0.7239
4,2,4,4,31,1,6,0,,,0.0319,0.0
4,2,4,4,32,3,4,0,,,0.3924,0.0
4,2,4,4,33,4,4,1,,,0.4979,0.0
4,2,4,4,34,6,2,0,4,0,0.6032,0.422
4,2,4,4,35,2,5,0,,,0.5417,0.0
4,2,4,4,36,6,6,1,,,0.0009,0.0
4,2,4,4,37,1,1,1,,,0.465,0.0
4,2,4,4,38,6,6,1,,,0.6354,0.0
4,2,4,4,39,1,1,1,,,0.6552,0.0
4,2,4,4,40,5,5,1,,,0.0185,0.0
4,2,4,4,41,5,3,0,,,0.7688,0.0
4,2,4,4,42,5,5,1,,,0.5391,0.0
4,2,4,4,43,4,6,0,,,0.1944,0.0
4,2,4,4,44,6,1,0,,,0.4691,0.0
4,2,4,4,45,2,5,0,2,1,0.1716,0.855
4,2,4,4,46,6,4,0,,,0.1631,0.0
4,2,4,4,47,2,1,0,,,0.9648,0.0
4,2,4,4,48,4,4,1,,,0.1349,0.0
4,2,4,4,49,2,6,0,,,0.1764,0.0
4,2,4,4,50,2,2,1,,,0.6747,0.0
4,2,5,1,1,1,2,0,5,0,0.6213,0.6635
4,2,5,1,2,2,2,1,,,0.277,0.0
4,2,5,1,3,1,4,0,,,0.0245,0.0
4,2,5,1,4,2,6,0,1,0,0.1132,1.2153
4,2,5,1,5,5,3,0,,,0.2472,0.0
4,2,5,1,6,3,4,0,2,0,0.1351,0.6605
4,2,5,1,7,5,5,1,,,0.371,0.0
4,2,5,1,8,6,6,1,,,0.4659,0.0
4,2,5,1,9,2,3,0,,,0.9578,0.0
4,2,5,1,10,1,6,0,,,0.2721,0.0
4,2,5,1,11,4,1,0,4,1,0.4629,0.4959
4,2,5,1,12,4,6,0,1,0,0.3125,0.415
4,2,5,1,13,6,6,1,,,0.1359,0.0
4,2,5,1,14,3,1,0,6,0,0.4175,0.9147
4,2,5,1,15,3,6,0,2,0,0.1829,0.3072
4,2,5,1,16,6,6,1,,,0.0008,0.0
4,2,5,1,17,5,5,1,,,0.1581,0.0
4,2,5,1,18,4,1,0,,,0.519,0.0
4,2,5,1,19,3,3,1,,,0.2516,0.0
4,2,5,1,20,1,6,0,4,0,0.0625,0.6236
4,2,5,1,21,1,1,1,,,0.0478,0.0
4,2,5,1,22,6,6,1,,,0.0009,0.0
4,2,5,1,23,4,5,0,4,1,0.4746,0.2181
4,2,5,1,24,4,3,0,,,0.2558,0.0
4,2,5,1,25,1,4,0,,,0.7667,0.0
4,2,5,1,26,1,2,0,,,0.3128,0.0
4,2,5,1,27,1,5,0,,,0.0699,0.0
4,2,5,1,28,3,2,0,,,0.3015,0.0
4,2,5,1,29,2,2,1,,,0.2341,0.0
4,2,5,1,30,5,5,1,,,0.3348,0.0
4,2,5,1,31,6,6,1,,,0.0159,0.0
4,2,5,1,32,2,2,1,,,0.4449,0.0
4,2,5,1,33,5,6,0,4,0,0.2489,0.7547
4,2,5,1,34,2,5,0,,,0.1728,0.0
4,2,5,1,35,5,5,1,,,0.512,0.0
4,2,5,1,36,3,3,1,,,0.6967,0.0
4,2,5,1,37,4,6,0,,,0.5539,0.0
4,2,5,1,38,4,4,1,,,0.3494,0.0
4,2,5,1,39,6,6,1,,,0.3652,0.0
4,2,5,1,40,6,6,1,,,0.001,0.0
4,2,5,1,41,2,5,0,,,0.2192,0.0
4,2,5,1,42,5,1,0,4,0,0.6669,0.8837
4,2,5,1,43,5,5,1,,,0.6324,0.0
4,2,5,1,44,4,4,1,,,0.1408,0.0
4,2,5,1,45,6,2,0,,,0.4702,0.0
4,2,5,1,46,6,1,0,,,0.861,0.0
4,2,5,1,47,2,2,1,,,0.3545,0.0
4,2,5,1,48,6,3,0,4,0,1.3945,0.3011
4,2,5,1,49,3,5,0,,,0.1704,0.0
4,2,5,1,50,3,1,0,4,0,0.6212,0.8541
4,2,5,2,1,1,4,0,,,0.3148,0.0
4,2,5,2,2,6,6,1,,,0.1355,0.0
4,2,5,2,3,6,3,0,,,0.7358,0.0
4,2,5,2,4,3,1,0,,,0.4114,0.0
4,2,5,2,5,1,6,0,,,0.0529,0.0
4,2,5,2,6,1,5,0,,,0.3473,0.0
4,2,5,2,7,6,6,1,,,0.1187,0.0
4,2,5,2,8,4,2,0,,,0.3521,0.0
4,2,5,2,9,4,1,0,,,0.5242,0.0
4,2,5,2,10,2,1,0,,,0.2409,0.0
4,2,5,2,11,4,4,1,,,0.3041,0.0
4,2,5,2,12,2,6,0,,,0.1137,0.0
4,2,5,2,13,3,3,1,,,0.375,0.0
4,2,5,2,14,5,6,0,4,0,0.7103,0.5403
4,2,5,2,15,3,3,1,,,0.3199,0.0
4,2,5,2,16,6,6,1,,,0.0662,0.0
4,2,5,2,17,6,6,1,,,0.2691,0.0
4,2,5,2,18,5,1,0,,,0.6722,0.0
4,2,5,2,19,2,2,1,,,0.4789,0.0
4,2,5,2,20,3,4,0,,,0.5696,0.0
4,2,5,2,21,4,6,0,,,0.2513,0.0
4,2,5,2,22,5,1,0,,,0.3142,0.0
4,2,5,2,23,6,6,1,,,0.0009,0.0
4,2,5,2,24,4,2,0,,,0.4531,0.0
4,2,5,2,25,1,4,0,,,0.8605,0.0
4,2,5,2,26,1,2,0,,,0.4191,0.0
4,2,5,2,27,2,2,1,,,0.4592,0.0
4,2,5,2,28,6,6,1,,,0.0232,0.0
4,2,5,2,29,6,6,1,,,0.0009,0.0
4,2,5,2,30,5,4,0,,,0.0516,0.0
4,2,5,2,31,5,5,1,,,0.2186,0.0
4,2,5,2,32,2,2,1,,,0.2082,0.0
4,2,5,2,33,3,3,1,,,1.1744,0.0
4,2,5,2,34,4,4,1,,,0.1163,0.0
4,2,5,2,35,5,2,0,,,1.1184,0.0
4,2,5,2,36,6,6,1,,,0.2655,0.0
4,2,5,2,37,3,1,0,,,0.6684,0.0
4,2,5,2,38,1,4,0,,,0.091,0.0
4,2,5,2,39,2,2,1,,,0.24,0.0
4,2,5,2,40,3,4,0,,,0.5174,0.0
4,2,5,2,41,6,2,0,,,0.2657,0.0
4,2,5,2,42,1,6,0,,,1.2881,0.0
4,2,5,2,43,4,4,1,,,0.0452,0.0
4,2,5,2,44,5,2,0,,,0.4576,0.0
4,2,5,2,45,3,3,1,,,0.4475,0.0
4,2,5,2,46,5,5,1,,,0.4444,0.0
4,2,5,2,47,4,4,1,,,0.4074,0.0
4,2,5,2,48,2,2,1,,,0.517,0.0
4,2,5,2,49,1,1,1,,,0.6228,0.0
4,2,5,2,50,2,2,1,,,0.4189,0.0
4,2,5,3,1,4,4,1,,,0.1739,0.0
4,2,5,3,2,4,5,0,,,0.1813,0.0
4,2,5,3,3,2,5,0,,,0.1677,0.0
4,2,5,3,4,6,6,1,,,0.0009,0.0
4,2,5,3,5,1,1,1,,,0.2645,0.0
4,2,5,3,6,3,3,1,,,2.1554,0.0
4,2,5,3,7,3,2,0,5,0,0.9139,0.4155
4,2,5,3,8,5,2,0,4,0,0.36,0.3161
4,2,5,3,9,5,2,0,,,0.2498,0.0
4,2,5,3,10,1,1,1,,,0.1203,0.0
4,2,5,3,11,3,2,0,4,0,0.098,0.4814
4,2,5,3,12,2,4,0,5,0,1.672,0.6138
4,2,5,3,13,4,4,1,,,0.4061,0.0
4,2,5,3,14,4,2,0,,,0.2117,0.0
4,2,5,3,15,1,1,1,,,1.0445,0.0
4,2,5,3,16,2,2,1,,,0.3768,0.0
4,2,5,3,17,1,4,0,1,1,0.1359,0.7257
4,2,5,3,18,3,3,1,,,0.8056,0.0
4,2,5,3,19,6,6,1,,,0.1961,0.0
4,2,5,3,20,1,1,1,,,0.1534,0.0
4,2,5,3,21,5,6,0,,,0.3539,0.0
4,2,5,3,22,4,2,0,,,0.285,0.0
4,2,5,3,23,3,3,1,,,0.2671,0.0
4,2,5,3,24,3,1,0,,,0.9577,0.0
4,2,5,3,25,6,6,1,,,0.0009,0.0
4,2,5,3,26,6,6,1,,,0.2717,0.0
4,2,5,3,27,1,2,0,4,0,1.57,0.8846
4,2,5,3,28,2,2,1,,,0.0747,0.0
4,2,5,3,29,6,4,0,3,0,0.1175,0.7564
4,2,5,3,30,2,2,1,,,0.5429,0.0
4,2,5,3,31,4,3,0,4,1,1.3027,0.4203
4,2,5,3,32,2,4,0,,,0.1301,0.0
4,2,5,3,33,5,4,0,5,1,0.1021,0.3726
4,2,5,3,34,5,5,1,,,0.1643,0.0
4,2,5,3,35,2,6,0,1,0,0.2829,0.2437
4,2,5,3,36,5,5,1,,,0.9471,0.0
4,2,5,3,37,1,6,0,,,0.682,0.0
4,2,5,3,38,3,2,0,,,0.4722,0.0
4,2,5,3,39,3,2,0,5,0,0.3821,0.5623
4,2,5,3,40,6,2,0,4,0,0.7569,0.4884
4,2,5,3,41,5,4,0,,,0.1737,0.0
4,2,5,3,42,1,2,0,4,0,0.5776,0.8285
4,2,5,3,43,5,2,0,4,0,0.549,0.545
4,2,5,3,44,6,6,1,,,0.4202,0.0
4,2,5,3,45,6,2,0,,,0.2256,0.0
4,2,5,3,46,6,6,1,,,0.0009,0.0
4,2,5,3,47,4,4,1,,,0.1763,0.0
4,2,5,3,48,6,6,1,,,0.0011,0.0
4,2,5,3,49,2,5,0,3,0,0.9015,0.6275
4,2,5,3,50,4,5,0,2,0,0.4673,0.6904
4,2,5,4,1,6,6,1,,,0.0011,0.0
4,2,5,4,2,1,2,0,5,0,0.5089,0.3151
4,2,5,4,3,2,2,1,,,0.7121,0.0
4,2,5,4,4,2,2,1,,,0.1359,0.0
4,2,5,4,5,3,4,0,,,0.2413,0.0
4,2,5,4,6,5,5,1,,,0.4805,0.0
4,2,5,4,7,4,6,0,,,0.3465,0.0
4,2,5,4,8,5,4,0,,,0.5664,0.0
4,2,5,4,9,2,2,1,,,0.4089,0.0
4,2,5,4,10,5,1,0,6,0,0.4865,0.5327
4,2,5,4,11,3,6,0,,,0.2492,0.0
4,2,5,4,12,1,5,0,,,0.4571,0.0
4,2,5,4,13,1,2,0,,,0.3677,0.0
4,2,5,4,14,5,6,0,,,0.0417,0.0
4,2,5,4,15,5,2,0,,,0.5943,0.0
4,2,5,4,16,2,2,1,,,0.1152,0.0
4,2,5,4,17,3,3,1,,,0.7489,0.0
4,2,5,4,18,4,4,1,,,0.3482,0.0
4,2,5,4,19,6,6,1,,,0.0599,0.0
4,2,5,4,20,2,2,1,,,0.2475,0.0
4,2,5,4,21,5,5,1,,,0.7637,0.0
4,2,5,4,22,6,1,0,,,0.3146,0.0
4,2,5,4,23,2,1,0,6,0,0.7111,0.4621
4,2,5,4,24,4,4,1,,,0.2118,0.0
4,2,5,4,25,1,4,0,,,0.6486,0.0
4,2,5,4,26,4,6,0,,,1.1444,0.0
4,2,5,4,27,4,4,1,,,1.3792,0.0
4,2,5,4,28,6,6,1,,,0.0009,0.0
4,2,5,4,29,6,2,0,,,0.2303,0.0
4,2,5,4,30,3,1,0,,,0.6299,0.0
4,2,5,4,31,3,2,0,,,0.246,0.0
4,2,5,4,32,1,6,0,,,0.1175,0.0
4,2,5,4,33,4,3,0,4,1,0.5228,0.3924
4,2,5,4,34,1,1,1,,,0.5188,0.0
4,2,5,4,35,1,1,1,,,0.2398,0.0
4,2,5,4,36,6,6,1,,,0.1639,0.0
4,2,5,4,37,6,6,1,,,0.06,0.0
4,2,5,4,38,3,6,0,,,0.0711,0.0
4,2,5,4,39,3,6,0,,,0.6535,0.0
4,2,5,4,40,6,6,1,,,0.1731,0.0
4,2,5,4,41,2,2,1,,,0.3884,0.0
4,2,5,4,42,4,1,0,6,0,1.6183,1.3316
4,2,5,4,43,5,3,0,,,0.7262,0.0
4,2,5,4,44,6,1,0,5,0,0.3865,0.645
4,2,5,4,45,5,5,1,,,0.0367,0.0
4,2,5,4,46,6,6,1,,,0.2094,0.0
4,2,5,4,47,2,2,1,,,0.2635,0.0
4,2,5,4,48,1,1,1,,,0.3145,0.0
4,2,5,4,49,4,3,0,4,1,0.5717,0.3119
4,2,5,4,50,3,5,0,,,0.5367,0.0
4,3,1,1,1,6,6,1,,,0.1395,0.0
4,3,1,1,2,4,4,1,,,0.4519,0.0
4,3,1,1,3,2,2,1,,,0.3674,0.0
4,3,1,1,4,4,5,0,4,1,0.6077,0.3619
4,3,1,1,5,1,1,1,,,1.1297,0.0
4,3,1,1,6,4,2,0,,,0.3776,0.0
4,3,1,1,7,5,5,1,,,1.1232,0.0
4,3,1,1,8,5,6,0,,,0.2755,0.0
4,3,1,1,9,2,2,1,,,0.3709,0.0
4,3,1,1,10,1,4,0,,,0.3061,0.0
4,3,1,1,11,6,2,0,4,0,0.2556,0.7274
4,3,1,1,12,1,1,1,,,0.4199,0.0
4,3,1,1,13,6,6,1,,,0.0817,0.0
4,3,1,1,14,2,2,1,,,0.2355,0.0
4,3,1,1,15,3,4,0,,,0.6569,0.0
4,3,1,1,16,5,5,1,,,0.3191,0.0
4,3,1,1,17,3,3,1,,,0.4964,0.0
4,3,1,1,18,1,1,1,,,0.81,0.0
4,3,1,1,19,5,6,0,4,0,0.3593,1.308
4,3,1,1,20,6,6,1,,,0.2082,0.0
4,3,1,1,21,5,2,0,,,0.3428,0.0
4,3,1,1,22,2,2,1,,,0.6593,0.0
4,3,1,1,23,5,1,0,,,1.4785,0.0
4,3,1,1,24,6,4,0,,,0.2919,0.0
4,3,1,1,25,6,6,1,,,0.0011,0.0
4,3,1,1,26,5,4,0,,,1.2795,0.0
4,3,1,1,27,6,6,1,,,0.1013,0.0
4,3,1,1,28,4,4,1,,,0.1111,0.0
4,3,1,1,29,4,4,1,,,0.5208,0.0
4,3,1,1,30,4,6,0,,,0.3543,0.0
4,3,1,1,31,5,2,0,,,0.4617,0.0
4,3,1,1,32,1,6,0,,,0.4202,0.0
4,3,1,1,33,3,4,0,1,0,0.3809,0.8002
4,3,1,1,34,3,2,0,,,0.4258,0.0
4,3,1,1,35,4,4,1,,,0.0666,0.0
4,3,1,1,36,6,6,1,,,0.0617,0.0
4,3,1,1,37,3,4,0,3,1,0.1383,0.5988
4,3,1,1,38,3,4,0,,,0.3645,0.0
4,3,1,1,39,4,4,1,,,0.2318,0.0
4,3,1,1,40,1,5,0,2,0,0.7167,0.6588
4,3,1,1,41,2,2,1,,,0.2898,0.0
4,3,1,1,42,3,1,0,,,0.3857,0.0
4,3,1,1,43,6,5,0,,,0.4764,0.0
4,3,1,1,44,3,4,0,,,0.6905,0.0
4,3,1,1,45,1,1,1,,,0.2404,0.0
4,3,1,1,46,2,2,1,,,0.677,0.0
4,3,1,1,47,1,1,1,,,0.615,0.0
4,3,1,1,48,2,2,1,,,0.6843,0.0
4,3,1,1,49,2,2,1,,,0.5579,0.0
4,3,1,1,50,6,6,1,,,0.2142,0.0
4,3,1,2,1,6,5,0,,,0.4085,0.0
4,3,1,2,2,5,1,0,,,0.4664,0.0
4,3,1,2,3,2,5,0,,,0.6492,0.0
4,3,1,2,4,2,3,0,4,0,1.2721,0.5351
4,3,1,2,5,6,6,1,,,0.001,0.0
4,3,1,2,6,6,6,1,,,0.4406,0.0
4,3,1,2,7,4,3,0,,,1.2053,0.0
4,3,1,2,8,2,2,1,,,0.3818,0.0
4,3,1,2,9,3,4,0,2,0,0.3474,0.7207
4,3,1,2,10,6,2,0,,,0.3819,0.0
4,3,1,2,11,4,2,0,,,0.3433,0.0
4,3,1,2,12,3,6,0,,,0.1788,0.0
4,3,1,2,13,4,4,1,,,1.8929,0.0
4,3,1,2,14,3,3,1,,,0.4228,0.0
4,3,1,2,15,1,6,0,4,0,0.2268,3.0699
4,3,1,2,16,2,2,1,,,0.3129,0.0
4,3,1,2,17,1,1,1,,,0.3785,0.0
4,3,1,2,18,3,2,0,5,0,0.4744,0.8417
4,3,1,2,19,1,1,1,,,0.4819,0.0
4,3,1,2,20,4,5,0,,,1.3712,0.0
4,3,1,2,21,3,4,0,,,0.0776,0.0
4,3,1,2,22,5,2,0,4,0,0.3886,0.3596
4,3,1,2,23,6,6,1,,,0.0345,0.0
4,3,1,2,24,3,3,1,,,0.7679,0.0
4,3,1,2,25,4,3,0,6,0,0.8622,0.5106
4,3,1,2,26,6,1,0,4,0,0.2278,0.8776
4,3,1,2,27,1,1,1,,,0.4676,0.0
4,3,1,2,28,2,2,1,,,0.2711,0.0
4,3,1,2,29,2,2,1,,,0.4015,0.0
4,3,1,2,30,6,6,1,,,0.1751,0.0
4,3,1,2,31,5,4,0,,,0.2785,0.0
4,3,1,2,32,2,2,1,,,0.2778,0.0
4,3,1,2,33,5,5,1,,,0.7765,0.0
4,3,1,2,34,6,6,1,,,0.1195,0.0
4,3,1,2,35,1,1,1,,,0.5929,0.0
4,3,1,2,36,1,2,0,4,0,0.4224,0.7291
4,3,1,2,37,4,2,0,,,0.564,0.0
4,3,1,2,38,6,6,1,,,0.2303,0.0
4,3,1,2,39,5,2,0,6,0,0.5068,0.3936
4,3,1,2,40,6,6,1,,,0.2109,0.0
4,3,1,2,41,5,5,1,,,0.2339,0.0
4,3,1,2,42,1,6,0,,,0.382,0.0
4,3,1,2,43,5,5,1,,,0.2956,0.0
4,3,1,2,44,4,4,1,,,0.154,0.0
4,3,1,2,45,2,2,1,,,0.2105,0.0
4,3,1,2,46,1,4,0,,,0.1835,0.0
4,3,1,2,47,3,1,0,,,0.5387,0.0
4,3,1,2,48,4,2,0,,,0.5418,0.0
4,3,1,2,49,3,6,0,,,0.5138,0.0
4,3,1,2,50,5,5,1,,,0.4068,0.0
4,3,1,3,1,4,3,0,4,1,0.7853,0.3087
4,3,1,3,2,5,1,0,6,0,0.3741,1.3067
4,3,1,3,3,1,6,0,5,0,0.3987,0.4659
4,3,1,3,4,1,4,0,3,0,0.5998,0.6751
4,3,1,3,5,6,3,0,6,1,0.8331,0.3395
4,3,1,3,6,4,2,0,6,0,0.6753,0.3625
4,3,1,3,7,5,6,0,,,0.2618,0.0
4,3,1,3,8,2,2,1,,,0.4849,0.0
4,3,1,3,9,6,6,1,,,0.3982,0.0
4,3,1,3,10,6,6,1,,,0.892,0.0
4,3,1,3,11,2,2,1,,,0.2302,0.0
4,3,1,3,12,4,1,0,,,0.5875,0.0
4,3,1,3,13,1,4,0,,,1.0046,0.0
4,3,1,3,14,5,4,0,,,1.2298,0.0
4,3,1,3,15,1,5,0,,,0.613,0.0
4,3,1,3,16,4,3,0,,,0.5646,0.0
4,3,1,3,17,4,4,1,,,0.7267,0.0
4,3,1,3,18,2,2,1,,,0.5196,0.0
4,3,1,3,19,6,1,0,5,0,0.4008,0.9799
4,3,1,3,20,2,2,1,,,0.4207,0.0
4,3,1,3,21,3,3,1,,,0.4982,0.0
4,3,1,3,22,5,4,0,,,0.2992,0.0
4,3,1,3,23,2,2,1,,,0.4091,0.0
4,3,1,3,24,3,5,0,,,0.4222,0.0
4,3,1,3,25,6,6,1,,,0.175,0.0
4,3,1,3,26,1,6,0,,,0.2785,0.0
4,3,1,3,27,1,1,1,,,0.3079,0.0
4,3,1,3,28,3,2,0,,,0.7579,0.0
4,3,1,3,29,6,6,1,,,0.0009,0.0
4,3,1,3,30,4,2,0,,,0.3509,0.0
4,3,1,3,31,5,2,0,,,0.3626,0.0
4,3,1,3,32,2,2,1,,,0.8059,0.0
4,3,1,3,33,3,6,0,,,0.2908,0.0
4,3,1,3,34,1,1,1,,,0.1134,0.0
4,3,1,3,35,3,2,0,,,0.9218,0.0
4,3,1,3,36,6,6,1,,,0.0147,0.0
4,3,1,3,37,2,2,1,,,0.2676,0.0
4,3,1,3,38,1,1,1,,,0.1431,0.0
4,3,1,3,39,5,6,0,5,1,0.0008,1.0993
4,3,1,3,40,6,5,0,3,0,0.1884,1.3036
4,3,1,3,41,4,3,0,4,1,0.5549,0.2642
4,3,1,3,42,3,1,0,,,0.5552,0.0
4,3,1,3,43,2,5,0,2,1,0.3178,1.044
4,3,1,3,44,4,5,0,2,0,0.4556,0.345
4,3,1,3,45,6,6,1,,,0.001,0.0
4,3,1,3,46,3,6,0,,,0.1466,0.0
4,3,1,3,47,6,6,1,,,0.0381,0.0
4,3,1,3,48,5,6,0,,,1.3299,0.0
4,3,1,3,49,3,2,0,4,0,0.3417,0.4426
4,3,1,3,50,5,5,1,,,0.2108,0.0
4,3,1,4,1,2,6,0,4,0,0.2466,0.5276
4,3,1,4,2,1,2,0,,,0.1467,0.0
4,3,1,4,3,1,1,1,,,0.3428,0.0
4,3,1,4,4,5,2,0,,,0.9354,0.0
4,3,1,4,5,5,6,0,,,0.3142,0.0
4,3,1,4,6,2,2,1,,,0.6635,0.0
4,3,1,4,7,3,1,0,,,0.9696,0.0
4,3,1,4,8,6,6,1,,,0.0435,0.0
4,3,1,4,9,5,2,0,,,0.2653,0.0
4,3,1,4,10,4,1,0,,,0.2953,0.0
4,3,1,4,11,4,1,0,,,0.213,0.0
4,3,1,4,12,2,2,1,,,0.2134,0.0
4,3,1,4,13,5,4,0,,,0.2347,0.0
4,3,1,4,14,4,6,0,,,0.059,0.0
4,3,1,4,15,3,4,0,3,1,0.9298,0.3039
4,3,1,4,16,6,4,0,,,0.2417,0.0
4,3,1,4,17,2,2,1,,,0.3374,0.0
4,3,1,4,18,4,4,1,,,0.3853,0.0
4,3,1,4,19,3,3,1,,,0.4649,0.0
4,3,1,4,20,3,3,1,,,0.2354,0.0
4,3,1,4,21,2,6,0,,,0.4481,0.0
4,3,1,4,22,1,1,1,,,0.1352,0.0
4,3,1,4,23,6,6,1,,,0.001,0.0
4,3,1,4,24,5,5,1,,,0.9427,0.0
4,3,1,4,25,6,6,1,,,0.1343,0.0
4,3,1,4,26,1,2,0,,,0.3665,0.0
4,3,1,4,27,4,3,0,4,1,1.2899,0.36
4,3,1,4,28,1,5,0,,,0.712,0.0
4,3,1,4,29,6,6,1,,,0.001,0.0
4,3,1,4,30,4,2,0,,,0.77,0.0
4,3,1,4,31,2,2,1,,,0.4759,0.0
4,3,1,4,32,5,5,1,,,0.4075,0.0
4,3,1,4,33,4,6,0,,,0.6926,0.0
4,3,1,4,34,2,2,1,,,0.339,0.0
4,3,1,4,35,6,6,1,,,0.0837,0.0
4,3,1,4,36,4,3,0,,,0.5741,0.0
4,3,1,4,37,6,6,1,,,0.0327,0.0
4,3,1,4,38,6,6,1,,,0.3649,0.0
4,3,1,4,39,3,3,1,,,0.5083,0.0
4,3,1,4,40,2,2,1,,,0.6296,0.0
4,3,1,4,41,5,5,1,,,0.1219,0.0
4,3,1,4,42,6,6,1,,,0.0517,0.0
4,3,1,4,43,1,1,1,,,0.9274,0.0
4,3,1,4,44,6,6,1,,,0.2011,0.0
4,3,1,4,45,3,6,0,,,0.1902,0.0
4,3,1,4,46,1,6,0,,,0.001,0.0
4,3,1,4,47,3,5,0,,,0.138,0.0
4,3,1,4,48,5,4,0,3,0,0.8618,0.3826
4,3,1,4,49,3,1,0,,,1.08,0.0
4,3,1,4,50,1,1,1,,,1.0301,0.0
4,3,2,1,1,6,1,0,4,0,0.8961,1.2466
4,3,2,1,2,2,2,1,,,0.2456,0.0
4,3,2,1,3,5,2,0,5,1,0.0009,0.9558
4,3,2,1,4,6,6,1,,,0.0198,0.0
4,3,2,1,5,2,5,0,,,0.9925,0.0
4,3,2,1,6,5,5,1,,,0.4346,0.0
4,3,2,1,7,5,5,1,,,0.35,0.0
4,3,2,1,8,4,4,1,,,0.1417,0.0
4,3,2,1,9,1,1,1,,,0.5355,0.0
4,3,2,1,10,4,4,1,,,0.2069,0.0
4,3,2,1,11,3,3,1,,,0.453,0.0
4,3,2,1,12,5,4,0,,,0.2578,0.0
4,3,2,1,13,1,1,1,,,0.5448,0.0
4,3,2,1,14,3,5,0,2,0,0.4729,1.416
4,3,2,1,15,4,4,1,,,0.2159,0.0
4,3,2,1,16,1,1,1,,,0.2849,0.0
4,3,2,1,17,4,4,1,,,0.8157,0.0
4,3,2,1,18,6,6,1,,,0.1405,0.0
4,3,2,1,19,3,5,0,,,1.0135,0.0
4,3,2,1,20,4,4,1,,,0.6777,0.0
4,3,2,1,21,1,5,0,6,0,0.3923,0.7956
4,3,2,1,22,1,6,0,,,0.2929,0.0
4,3,2,1,23,6,6,1,,,0.0345,0.0
4,3,2,1,24,1,6,0,1,1,0.6711,0.7271
4,3,2,1,25,4,5,0,6,0,0.3429,0.5092
4,3,2,1,26,5,5,1,,,0.0011,0.0
4,3,2,1,27,2,2,1,,,0.1602,0.0
4,3,2,1,28,2,2,1,,,0.6479,0.0
4,3,2,1,29,1,1,1,,,0.1553,0.0
4,3,2,1,30,3,4,0,,,0.2436,0.0
4,3,2,1,31,4,1,0,,,0.8989,0.0
4,3,2,1,32,6,6,1,,,0.0393,0.0
4,3,2,1,33,2,5,0,4,0,0.4523,0.7893
4,3,2,1,34,4,3,0,,,1.3273,0.0
4,3,2,1,35,5,2,0,,,0.7056,0.0
4,3,2,1,36,6,6,1,,,0.0009,0.0
4,3,2,1,37,2,5,0,,,0.0604,0.0
4,3,2,1,38,3,1,0,,,0.9805,0.0
4,3,2,1,39,2,2,1,,,0.6935,0.0
4,3,2,1,40,6,6,1,,,0.0009,0.0
4,3,2,1,41,2,2,1,,,0.2464,0.0
4,3,2,1,42,3,4,0,,,0.0579,0.0
4,3,2,1,43,6,6,1,,,0.0009,0.0
4,3,2,1,44,5,5,1,,,0.4314,0.0
4,3,2,1,45,3,3,1,,,0.5089,0.0
4,3,2,1,46,5,4,0,,,1.0934,0.0
4,3,2,1,47,6,6,1,,,0.0184,0.0
4,3,2,1,48,1,4,0,3,0,0.2082,0.7799
4,3,2,1,49,6,2,0,3,0,0.4852,0.5801
4,3,2,1,50,3,2,0,,,0.2933,0.0
4,3,2,2,1,3,1,0,,,1.0724,0.0
4,3,2,2,2,6,1,0,4,0,6.8462,2.6651
4,3,2,2,3,6,6,1,,,0.0009,0.0
4,3,2,2,4,2,3,0,2,1,0.3874,1.5098
4,3,2,2,5,6,6,1,,,0.001,0.0
4,3,2,2,6,4,1,0,,,0.8369,0.0
4,3,2,2,7,6,6,1,,,0.0011,0.0
4,3,2,2,8,5,5,1,,,0.4589,0.0
4,3,2,2,9,6,6,1,,,0.0009,0.0
4,3,2,2,10,5,4,0,,,0.9164,0.0
4,3,2,2,11,6,6,1,,,0.0009,0.0
4,3,2,2,12,4,4,1,,,0.1181,0.0
4,3,2,2,13,5,6,0,,,0.001,0.0
4,3,2,2,14,5,6,0,,,0.1382,0.0
4,3,2,2,15,3,6,0,,,0.2862,0.0
4,3,2,2,16,3,1,0,,,0.3487,0.0
4,3,2,2,17,2,6,0,5,0,0.295,0.5753
4,3,2,2,18,4,4,1,,,0.0009,0.0
4,3,2,2,19,1,1,1,,,0.2711,0.0
4,3,2,2,20,6,6,1,,,0.001,0.0
4,3,2,2,21,2,4,0,3,0,0.4968,0.6237
4,3,2,2,22,3,3,1,,,0.7051,0.0
4,3,2,2,23,2,2,1,,,0.6255,0.0
4,3,2,2,24,1,1,1,,,0.3903,0.0
4,3,2,2,25,4,1,0,,,0.3896,0.0
4,3,2,2,26,2,3,0,,,3.7434,0.0
4,3,2,2,27,4,1,0,,,0.4957,0.0
4,3,2,2,28,3,6,0,,,0.2924,0.0
4,3,2,2,29,2,2,1,,,0.418,0.0
4,3,2,2,30,5,6,0,1,0,0.001,0.8812
4,3,2,2,31,2,1,0,4,0,0.2306,0.6248
4,3,2,2,32,1,2,0,,,0.6899,0.0
4,3,2,2,33,6,6,1,,,0.0468,0.0
4,3,2,2,34,5,5,1,,,0.3788,0.0
4,3,2,2,35,1,1,1,,,0.1382,0.0
4,3,2,2,36,5,5,1,,,0.5466,0.0
4,3,2,2,37,3,3,1,,,0.65,0.0
4,3,2,2,38,4,2,0,,,0.4304,0.0
4,3,2,2,39,1,1,1,,,0.0703,0.0
4,3,2,2,40,1,1,1,,,0.2254,0.0
4,3,2,2,41,2,2,1,,,0.4066,0.0
4,3,2,2,42,5,1,0,,,0.9484,0.0
4,3,2,2,43,6,3,0,4,0,3.1111,1.3543
4,3,2,2,44,6,6,1,,,1.117,0.0
4,3,2,2,45,3,1,0,,,0.3807,0.0
4,3,2,2,46,4,5,0,,,0.5994,0.0
4,3,2,2,47,1,6,0,,,0.0394,0.0
4,3,2,2,48,3,1,0,4,0,0.0481,1.0893
4,3,2,2,49,4,5,0,,,0.0009,0.0
4,3,2,2,50,1,6,0,,,0.648,0.0
4,3,2,3,1,1,1,1,,,0.1492,0.0
4,3,2,3,2,3,2,0,,,0.1741,0.0
4,3,2,3,3,1,1,1,,,0.0008,0.0
4,3,2,3,4,1,5,0,,,0.143,0.0
4,3,2,3,5,6,6,1,,,0.0009,0.0
4,3,2,3,6,4,3,0,,,0.7042,0.0
4,3,2,3,7,2,1,0,,,0.0011,0.0
4,3,2,3,8,6,6,1,,,0.3427,0.0
4,3,2,3,9,4,6,0,,,0.1193,0.0
4,3,2,3,10,5,5,1,,,0.3477,0.0
4,3,2,3,11,3,1,0,,,0.3957,0.0
4,3,2,3,12,4,3,0,,,0.9809,0.0
4,3,2,3,13,4,6,0,,,0.4544,0.0
4,3,2,3,14,6,6,1,,,0.0009,0.0
4,3,2,3,15,3,4,0,,,0.6359,0.0
4,3,2,3,16,4,5,0,2,0,0.1713,0.9521
4,3,2,3,17,6,6,1,,,0.0009,0.0
4,3,2,3,18,6,6,1,,,0.0085,0.0
4,3,2,3,19,4,5,0,,,0.4074,0.0
4,3,2,3,20,5,6,0,4,0,0.001,0.6425
4,3,2,3,21,3,5,0,1,0,0.4021,0.6446
4,3,2,3,22,3,5,0,2,0,1.2524,0.8359
4,3,2,3,23,2,2,1,,,0.3645,0.0
4,3,2,3,24,4,4,1,,,0.3946,0.0
4,3,2,3,25,5,6,0,,,0.0009,0.0
4,3,2,3,26,4,4,1,,,0.2422,0.0
4,3,2,3,27,2,2,1,,,0.2629,0.0
4,3,2,3,28,6,5,0,6,1,0.8905,0.4254
4,3,2,3,29,5,5,1,,,0.5823,0.0
4,3,2,3,30,5,5,1,,,0.1566,0.0
4,3,2,3,31,2,2,1,,,0.5322,0.0
4,3,2,3,32,6,6,1,,,1.245,0.0
4,3,2,3,33,1,2,0,,,0.648,0.0
4,3,2,3,34,6,6,1,,,0.1677,0.0
4,3,2,3,35,5,5,1,,,0.3033,0.0
4,3,2,3,36,3,3,1,,,1.5683,0.0
4,3,2,3,37,1,3,0,1,1,0.3822,1.074
4,3,2,3,38,3,6,0,,,0.309,0.0
4,3,2,3,39,2,2,1,,,0.1628,0.0
4,3,2,3,40,1,4,0,3,0,0.0097,2.1246
4,3,2,3,41,6,6,1,,,0.2867,0.0
4,3,2,3,42,2,2,1,,,0.4974,0.0
4,3,2,3,43,2,5,0,,,0.3001,0.0
4,3,2,3,44,5,5,1,,,0.2006,0.0
4,3,2,3,45,6,6,1,,,0.0009,0.0
4,3,2,3,46,5,4,0,,,1.0371,0.0
4,3,2,3,47,1,6,0,,,0.0009,0.0
4,3,2,3,48,2,5,0,,,0.3416,0.0
4,3,2,3,49,1,6,0,,,1.0093,0.0
4,3,2,3,50,3,4,0,,,1.0102,0.0
4,3,2,4,1,4,2,0,4,1,1.8559,0.5503
4,3,2,4,2,1,5,0,,,0.2066,0.0
4,3,2,4,3,2,2,1,,,0.2405,0.0
4,3,2,4,4,6,6,1,,,0.001,0.0
4,3,2,4,5,5,5,1,,,0.1467,0.0
4,3,2,4,6,2,2,1,,,0.1711,0.0
4,3,2,4,7,5,5,1,,,0.6582,0.0
4,3,2,4,8,6,6,1,,,0.2937,0.0
4,3,2,4,9,5,5,1,,,0.2319,0.0
4,3,2,4,10,4,4,1,,,0.2683,0.0
4,3,2,4,11,5,5,1,,,0.2076,0.0
4,3,2,4,12,2,2,1,,,0.4692,0.0
4,3,2,4,13,3,3,1,,,0.4488,0.0
4,3,2,4,14,2,2,1,,,0.3165,0.0
4,3,2,4,15,5,1,0,4,0,0.7651,0.7213
4,3,2,4,16,2,2,1,,,0.462,0.0
4,3,2,4,17,6,6,1,,,0.0726,0.0
4,3,2,4,18,1,5,0,6,0,0.8046,0.6633
4,3,2,4,19,1,6,0,1,1,0.4855,0.6282
4,3,2,4,20,4,4,1,,,0.5361,0.0
4,3,2,4,21,1,3,0,,,0.3682,0.0
4,3,2,4,22,4,3,0,1,0,0.6026,0.5811
4,3,2,4,23,3,4,0,,,0.4391,0.0
4,3,2,4,24,2,5,0,2,1,1.1515,0.5943
4,3,2,4,25,4,4,1,,,0.4083,0.0
4,3,2,4,26,6,2,0,3,0,0.2945,0.782
4,3,2,4,27,6,6,1,,,0.1187,0.0
4,3,2,4,28,3,4,0,,,1.1841,0.0
4,3,2,4,29,6,5,0,,,0.9541,0.0
4,3,2,4,30,1,1,1,,,0.7322,0.0
4,3,2,4,31,3,2,0,4,0,0.4599,1.3406
4,3,2,4,32,1,1,1,,,0.2549,0.0
4,3,2,4,33,5,4,0,,,0.4837,0.0
4,3,2,4,34,4,5,0,,,0.6487,0.0
4,3,2,4,35,3,5,0,,,0.2967,0.0
4,3,2,4,36,2,2,1,,,0.4693,0.0
4,3,2,4,37,6,1,0,,,0.8162,0.0
4,3,2,4,38,4,2,0,,,0.537,0.0
4,3,2,4,39,3,6,0,,,0.1405,0.0
4,3,2,4,40,2,2,1,,,0.5614,0.0
4,3,2,4,41,3,2,0,,,0.1834,0.0
4,3,2,4,42,1,1,1,,,0.3783,0.0
4,3,2,4,43,4,6,0,5,0,0.1517,1.1408
4,3,2,4,44,5,5,1,,,0.2086,0.0
4,3,2,4,45,6,6,1,,,0.1342,0.0
4,3,2,4,46,1,3,0,4,0,1.2954,0.2215
4,3,2,4,47,6,6,1,,,0.0456,0.0
4,3,2,4,48,3,5,0,,,0.794,0.0
4,3,2,4,49,5,3,0,5,1,0.7715,1.6707
4,3,2,4,50,6,5,0,,,0.6242,0.0
4,3,3,1,1,3,3,1,,,1.1536,0.0
4,3,3,1,2,6,6,1,,,0.0974,0.0
4,3,3,1,3,5,5,1,,,0.3794,0.0
4,3,3,1,4,2,2,1,,,0.2973,0.0
4,3,3,1,5,5,4,0,2,0,0.6672,0.355
4,3,3,1,6,1,1,1,,,0.5261,0.0
4,3,3,1,7,5,6,0,4,0,0.0011,1.2745
4,3,3,1,8,6,5,0,,,0.3041,0.0
4,3,3,1,9,2,2,1,,,0.2217,0.0
4,3,3,1,10,2,6,0,,,0.7547,0.0
4,3,3,1,11,5,2,0,,,0.2858,0.0
4,3,3,1,12,4,5,0,2,0,0.4596,0.4275
4,3,3,1,13,3,1,0,4,0,0.5478,0.6246
4,3,3,1,14,1,1,1,,,0.0654,0.0
4,3,3,1,15,1,1,1,,,0.4286,0.0
4,3,3,1,16,3,5,0,3,1,0.665,0.5777
4,3,3,1,17,3,4,0,3,1,0.2955,0.8146
4,3,3,1,18,1,6,0,,,0.0009,0.0
4,3,3,1,19,4,2,0,,,0.5485,0.0
4,3,3,1,20,4,4,1,,,0.3925,0.0
4,3,3,1,21,4,4,1,,,0.2466,0.0
4,3,3,1,22,5,2,0,,,0.4744,0.0
4,3,3,1,23,3,5,0,2,0,0.0653,0.9943
4,3,3,1,24,2,2,1,,,1.0422,0.0
4,3,3,1,25,6,4,0,6,1,1.3183,0.4039
4,3,3,1,26,6,6,1,,,0.3538,0.0
4,3,3,1,27,4,6,0,,,0.6734,0.0
4,3,3,1,28,2,2,1,,,0.2876,0.0
4,3,3,1,29,6,2,0,4,0,1.1535,0.293
4,3,3,1,30,4,6,0,,,0.3712,0.0
4,3,3,1,31,4,5,0,,,0.2696,0.0
4,3,3,1,32,6,6,1,,,0.0444,0.0
4,3,3,1,33,1,1,1,,,0.1046,0.0
4,3,3,1,34,6,6,1,,,0.0011,0.0
4,3,3,1,35,1,1,1,,,0.6251,0.0
4,3,3,1,36,2,5,0,2,1,0.31,0.668
4,3,3,1,37,1,6,0,,,1.1189,0.0
4,3,3,1,38,4,4,1,,,0.1074,0.0
4,3,3,1,39,2,3,0,,,0.5167,0.0
4,3,3,1,40,3,2,0,,,0.2335,0.0
4,3,3,1,41,6,5,0,,,1.1135,0.0
4,3,3,1,42,3,3,1,,,0.7732,0.0
4,3,3,1,43,3,2,0,3,1,0.4683,0.292
4,3,3,1,44,6,6,1,,,0.0011,0.0
4,3,3,1,45,1,1,1,,,0.164,0.0
4,3,3,1,46,6,6,1,,,0.1552,0.0
4,3,3,1,47,5,6,0,,,0.8678,0.0
4,3,3,1,48,5,5,1,,,0.3612,0.0
4,3,3,1,49,2,4,0,3,0,0.121,0.6953
4,3,3,1,50,5,6,0,,,0.1802,0.0
4,3,3,2,1,6,6,1,,,0.2761,0.0
4,3,3,2,2,3,1,0,6,0,0.4378,0.5837
4,3,3,2,3,1,1,1,,,0.0567,0.0
4,3,3,2,4,2,2,1,,,0.5012,0.0
4,3,3,2,5,3,3,1,,,0.8792,0.0
4,3,3,2,6,5,1,0,4,0,0.001,1.0994
4,3,3,2,7,4,4,1,,,0.2959,0.0
4,3,3,2,8,3,1,0,,,0.0418,0.0
4,3,3,2,9,5,6,0,,,0.0332,0.0
4,3,3,2,10,2,4,0,3,0,0.4267,0.6362
4,3,3,2,11,2,6,0,,,0.4921,0.0
4,3,3,2,12,6,6,1,,,0.2259,0.0
4,3,3,2,13,2,2,1,,,0.2305,0.0
4,3,3,2,14,6,6,1,,,0.0271,0.0
4,3,3,2,15,5,5,1,,,0.0246,0.0
4,3,3,2,16,6,5,0,6,1,0.4221,0.2797
4,3,3,2,17,1,1,1,,,0.0739,0.0
4,3,3,2,18,4,3,0,,,1.5252,0.0
4,3,3,2,19,1,2,0,4,0,0.4798,0.2558
4,3,3,2,20,6,6,1,,,0.0009,0.0
4,3,3,2,21,1,3,0,,,0.3664,0.0
4,3,3,2,22,4,5,0,,,0.4562,0.0
4,3,3,2,23,1,2,0,4,0,0.4151,0.4507
4,3,3,2,24,4,6,0,,,0.3291,0.0
4,3,3,2,25,3,3,1,,,0.3255,0.0
4,3,3,2,26,4,2,0,,,0.7428,0.0
4,3,3,2,27,5,5,1,,,0.1294,0.0
4,3,3,2,28,5,1,0,,,0.1873,0.0
4,3,3,2,29,2,5,0,6,0,0.3008,0.131
4,3,3,2,30,1,1,1,,,0.3757,0.0
4,3,3,2,31,6,5,0,,,0.3108,0.0
4,3,3,2,32,5,5,1,,,0.3073,0.0
4,3,3,2,33,1,1,1,,,0.2291,0.0
4,3,3,2,34,2,2,1,,,0.4584,0.0
4,3,3,2,35,6,6,1,,,0.6459,0.0
4,3,3,2,36,4,4,1,,,0.3132,0.0
4,3,3,2,37,6,6,1,,,0.2024,0.0
4,3,3,2,38,4,2,0,3,0,1.137,0.001
4,3,3,2,39,3,2,0,,,0.5591,0.0
4,3,3,2,40,3,5,0,3,1,0.7221,0.5832
4,3,3,2,41,5,5,1,,,0.7176,0.0
4,3,3,2,42,5,6,0,1,0,0.846,0.2386
4,3,3,2,43,6,6,1,,,0.0954,0.0
4,3,3,2,44,3,3,1,,,0.7132,0.0
4,3,3,2,45,2,2,1,,,0.2018,0.0
4,3,3,2,46,1,1,1,,,0.2084,0.0
4,3,3,2,47,4,4,1,,,0.4863,0.0
4,3,3,2,48,6,6,1,,,0.1611,0.0
4,3,3,2,49,3,1,0,2,0,0.3119,1.2149
4,3,3,2,50,2,2,1,,,0.2145,0.0
4,3,3,3,1,6,6,1,,,0.2649,0.0
4,3,3,3,2,5,1,0,,,0.4127,0.0
4,3,3,3,3,4,4,1,,,0.2292,0.0
4,3,3,3,4,6,6,1,,,2.2011,0.0
4,3,3,3,5,3,2,0,,,0.5248,0.0
4,3,3,3,6,6,6,1,,,0.8176,0.0
4,3,3,3,7,6,5,0,6,1,0.3176,0.4516
4,3,3,3,8,1,1,1,,,0.0801,0.0
4,3,3,3,9,3,3,1,,,0.6184,0.0
4,3,3,3,10,4,2,0,4,1,0.5267,0.5246
4,3,3,3,11,5,6,0,,,0.3097,0.0
4,3,3,3,12,4,4,1,,,0.3381,0.0
4,3,3,3,13,2,2,1,,,0.242,0.0
4,3,3,3,14,2,2,1,,,0.47,0.0
4,3,3,3,15,3,1,0,,,0.4173,0.0
4,3,3,3,16,1,6,0,,,0.5866,0.0
4,3,3,3,17,3,4,0,,,0.236,0.0
4,3,3,3,18,3,3,1,,,0.5401,0.0
4,3,3,3,19,6,6,1,,,0.6442,0.0
4,3,3,3,20,2,2,1,,,0.3759,0.0
4,3,3,3,21,4,4,1,,,0.5345,0.0
4,3,3,3,22,2,3,0,4,0,0.591,0.3777
4,3,3,3,23,1,2,0,,,0.2908,0.0
4,3,3,3,24,5,5,1,,,0.4018,0.0
4,3,3,3,25,4,2,0,,,0.5907,0.0
4,3,3,3,26,4,4,1,,,0.0975,0.0
4,3,3,3,27,6,6,1,,,0.1873,0.0
4,3,3,3,28,2,2,1,,,0.2091,0.0
4,3,3,3,29,6,4,0,,,1.5111,0.0
4,3,3,3,30,1,2,0,4,0,0.2266,0.7013
4,3,3,3,31,2,2,1,,,0.1219,0.0
4,3,3,3,32,2,4,0,3,0,0.2118,0.8627
4,3,3,3,33,6,6,1,,,0.0011,0.0
4,3,3,3,34,6,6,1,,,0.3708,0.0
4,3,3,3,35,1,1,1,,,0.3374,0.0
4,3,3,3,36,5,5,1,,,0.3385,0.0
4,3,3,3,37,5,5,1,,,0.3711,0.0
4,3,3,3,38,4,2,0,5,0,0.3861,0.8849
4,3,3,3,39,3,5,0,,,0.3144,0.0
4,3,3,3,40,1,4,0,,,0.2147,0.0
4,3,3,3,41,6,6,1,,,0.9035,0.0
4,3,3,3,42,5,5,1,,,0.5296,0.0
4,3,3,3,43,4,6,0,,,0.8253,0.0
4,3,3,3,44,3,3,1,,,0.5293,0.0
4,3,3,3,45,5,5,1,,,0.3607,0.0
4,3,3,3,46,1,5,0,,,0.5044,0.0
4,3,3,3,47,1,3,0,,,1.565,0.0
4,3,3,3,48,2,2,1,,,0.5185,0.0
4,3,3,3,49,3,3,1,,,1.0081,0.0
4,3,3,3,50,5,5,1,,,0.309,0.0
4,3,3,4,1,4,4,1,,,0.0691,0.0
4,3,3,4,2,5,2,0,3,0,0.1281,1.0859
4,3,3,4,3,3,4,0,,,1.4514,0.0
4,3,3,4,4,1,2,0,,,0.281,0.0
4,3,3,4,5,4,4,1,,,0.4237,0.0
4,3,3,4,6,6,6,1,,,0.0009,0.0
4,3,3,4,7,4,4,1,,,0.4191,0.0
4,3,3,4,8,5,2,0,,,0.3834,0.0
4,3,3,4,9,5,6,0,,,0.4254,0.0
4,3,3,4,10,3,5,0,,,0.3058,0.0
4,3,3,4,11,3,2,0,4,0,0.527,0.6842
4,3,3,4,12,6,6,1,,,0.2182,0.0
4,3,3,4,13,2,1,0,,,0.2873,0.0
4,3,3,4,14,3,3,1,,,0.6059,0.0
4,3,3,4,15,2,2,1,,,0.5319,0.0
4,3,3,4,16,4,4,1,,,0.4278,0.0
4,3,3,4,17,2,2,1,,,0.5195,0.0
4,3,3,4,18,4,4,1,,,0.3685,0.0
4,3,3,4,19,3,1,0,,,0.8642,0.0
4,3,3,4,20,3,5,0,,,0.3907,0.0
4,3,3,4,21,6,6,1,,,0.001,0.0
4,3,3,4,22,2,6,0,1,0,0.2863,0.4701
4,3,3,4,23,2,4,0,,,0.5407,0.0
4,3,3,4,24,5,5,1,,,0.1121,0.0
4,3,3,4,25,1,1,1,,,0.5375,0.0
4,3,3,4,26,6,6,1,,,0.0022,0.0
4,3,3,4,27,6,6,1,,,0.2561,0.0
4,3,3,4,28,1,1,1,,,0.6435,0.0
4,3,3,4,29,3,1,0,,,0.3752,0.0
4,3,3,4,30,6,4,0,3,0,0.2579,0.6819
4,3,3,4,31,5,3,0,,,0.8234,0.0
4,3,3,4,32,1,1,1,,,0.656,0.0
4,3,3,4,33,5,4,0,3,0,0.1628,0.8638
4,3,3,4,34,4,5,0,,,0.3739,0.0
4,3,3,4,35,2,1,0,,,1.1046,0.0
4,3,3,4,36,5,5,1,,,0.3968,0.0
4,3,3,4,37,4,4,1,,,0.4115,0.0
4,3,3,4,38,2,2,1,,,0.4398,0.0
4,3,3,4,39,1,6,0,,,0.4368,0.0
4,3,3,4,40,5,5,1,,,0.0122,0.0
4,3,3,4,41,2,2,1,,,0.5058,0.0
4,3,3,4,42,1,1,1,,,0.3243,0.0
4,3,3,4,43,1,2,0,,,0.3245,0.0
4,3,3,4,44,6,6,1,,,0.0493,0.0
4,3,3,4,45,6,4,0,,,0.4771,0.0
4,3,3,4,46,4,4,1,,,0.1465,0.0
4,3,3,4,47,6,6,1,,,0.0009,0.0
4,3,3,4,48,1,4,0,1,1,0.4891,0.792
4,3,3,4,49,6,6,1,,,0.085,0.0
4,3,3,4,50,3,6,0,,,0.3839,0.0
4,3,4,1,1,4,5,0,2,0,0.3956,0.6706
4,3,4,1,2,4,4,1,,,0.3015,0.0
4,3,4,1,3,3,4,0,,,0.5912,0.0
4,3,4,1,4,2,2,1,,,0.3682,0.0
4,3,4,1,5,3,5,0,,,0.3038,0.0
4,3,4,1,6,3,5,0,,,0.1406,0.0
4,3,4,1,7,2,2,1,,,0.4966,0.0
4,3,4,1,8,1,1,1,,,0.4748,0.0
4,3,4,1,9,1,2,0,,,0.4376,0.0
4,3,4,1,10,4,4,1,,,0.1575,0.0
4,3,4,1,11,1,6,0,,,0.1652,0.0
4,3,4,1,12,5,6,0,,,0.3274,0.0
4,3,4,1,13,4,4,1,,,0.6279,0.0
4,3,4,1,14,1,2,0,,,0.0714,0.0
4,3,4,1,15,5,5,1,,,0.3337,0.0
4,3,4,1,16,2,2,1,,,0.5589,0.0
4,3,4,1,17,4,5,0,1,0,0.7903,0.3932
4,3,4,1,18,5,5,1,,,0.0024,0.0
4,3,4,1,19,2,2,1,,,0.3842,0.0
4,3,4,1,20,5,5,1,,,0.3993,0.0
4,3,4,1,21,3,2,0,,,0.4285,0.0
4,3,4,1,22,3,4,0,3,1,1.1251,0.218
4,3,4,1,23,5,6,0,,,0.0009,0.0
4,3,4,1,24,4,4,1,,,0.0886,0.0
4,3,4,1,25,2,2,1,,,0.2601,0.0
4,3,4,1,26,4,4,1,,,0.0714,0.0
4,3,4,1,27,6,6,1,,,0.4339,0.0
4,3,4,1,28,2,3,0,,,0.8309,0.0
4,3,4,1,29,5,1,0,2,0,0.7265,0.3315
4,3,4,1,30,5,5,1,,,0.1357,0.0
4,3,4,1,31,1,2,0,,,1.2482,0.0
4,3,4,1,32,6,6,1,,,0.0008,0.0
4,3,4,1,33,2,2,1,,,0.4692,0.0
4,3,4,1,34,6,6,1,,,0.288,0.0
4,3,4,1,35,5,5,1,,,0.7703,0.0
4,3,4,1,36,2,4,0,2,1,0.401,0.6761
4,3,4,1,37,6,6,1,,,0.0541,0.0
4,3,4,1,38,4,4,1,,,0.2108,0.0
4,3,4,1,39,1,2,0,,,1.1749,0.0
4,3,4,1,40,3,1,0,,,1.1526,0.0
4,3,4,1,41,1,1,1,,,0.251,0.0
4,3,4,1,42,3,6,0,,,0.2388,0.0
4,3,4,1,43,6,4,0,,,0.8636,0.0
4,3,4,1,44,6,1,0,4,0,0.5496,1.1866
4,3,4,1,45,6,6,1,,,0.0009,0.0
4,3,4,1,46,6,6,1,,,0.0098,0.0
4,3,4,1,47,3,2,0,,,0.2795,0.0
4,3,4,1,48,6,2,0,5,0,0.1488,0.7704
4,3,4,1,49,1,6,0,5,0,0.0606,0.7494
4,3,4,1,50,6,3,0,4,0,0.6958,0.4312
4,3,4,2,1,1,2,0,,,2.7414,0.0
4,3,4,2,2,6,1,0,4,0,0.5588,1.0672
4,3,4,2,3,5,6,0,5,1,0.2327,0.1626
4,3,4,2,4,4,2,0,,,0.266,0.0
4,3,4,2,5,1,2,0,,,0.3931,0.0
4,3,4,2,6,4,4,1,,,0.0812,0.0
4,3,4,2,7,6,6,1,,,0.1725,0.0
4,3,4,2,8,6,6,1,,,0.0998,0.0
4,3,4,2,9,3,2,0,,,0.7335,0.0
4,3,4,2,10,6,2,0,,,0.3782,0.0
4,3,4,2,11,1,4,0,6,0,0.2112,0.6862
4,3,4,2,12,4,2,0,4,1,1.0682,2.5155
4,3,4,2,13,2,2,1,,,0.8585,0.0
4,3,4,2,14,1,1,1,,,2.4215,0.0
4,3,4,2,15,2,2,1,,,2.0003,0.0
4,3,4,2,16,2,2,1,,,0.3163,0.0
4,3,4,2,17,5,5,1,,,0.2537,0.0
4,3,4,2,18,3,2,0,,,0.0973,0.0
4,3,4,2,19,3,4,0,6,0,0.7424,0.4433
4,3,4,2,20,4,2,0,4,1,1.3303,0.8003
4,3,4,2,21,5,5,1,,,0.4285,0.0
4,3,4,2,22,2,6,0,,,0.5852,0.0
4,3,4,2,23,1,6,0,1,1,0.1231,0.2649
4,3,4,2,24,1,1,1,,,0.3319,0.0
4,3,4,2,25,2,2,1,,,0.3968,0.0
4,3,4,2,26,6,1,0,,,0.251,0.0
4,3,4,2,27,5,2,0,,,0.6824,0.0
4,3,4,2,28,2,2,1,,,0.4556,0.0
4,3,4,2,29,3,6,0,,,0.5155,0.0
4,3,4,2,30,6,6,1,,,0.0406,0.0
4,3,4,2,31,1,1,1,,,0.4045,0.0
4,3,4,2,32,5,4,0,,,0.0986,0.0
4,3,4,2,33,4,5,0,,,0.0727,0.0
4,3,4,2,34,3,1,0,4,0,0.96,0.4268
4,3,4,2,35,3,5,0,6,0,0.5474,0.4
4,3,4,2,36,5,2,0,4,0,0.4097,0.5081
4,3,4,2,37,3,4,0,,,0.7841,0.0
4,3,4,2,38,6,6,1,,,0.6333,0.0
4,3,4,2,39,6,6,1,,,0.001,0.0
4,3,4,2,40,2,2,1,,,0.4751,0.0
4,3,4,2,41,4,4,1,,,0.1348,0.0
4,3,4,2,42,5,4,0,3,0,0.4151,0.7219
4,3,4,2,43,5,5,1,,,0.27,0.0
4,3,4,2,44,2,2,1,,,0.4338,0.0
4,3,4,2,45,1,1,1,,,0.3499,0.0
4,3,4,2,46,6,4,0,,,0.446,0.0
4,3,4,2,47,3,2,0,,,0.2768,0.0
4,3,4,2,48,6,6,1,,,0.1784,0.0
4,3,4,2,49,4,4,1,,,0.8413,0.0
4,3,4,2,50,4,4,1,,,0.0703,0.0
4,3,4,3,1,4,6,0,,,1.5984,0.0
4,3,4,3,2,1,2,0,,,0.1661,0.0
4,3,4,3,3,1,1,1,,,0.25,0.0
4,3,4,3,4,6,5,0,6,1,0.4617,0.3341
4,3,4,3,5,4,3,0,4,1,0.4302,0.5118
4,3,4,3,6,3,2,0,,,0.2169,0.0
4,3,4,3,7,1,6,0,4,0,1.8827,0.3677
4,3,4,3,8,5,5,1,,,0.5387,0.0
4,3,4,3,9,2,3,0,6,0,0.6427,0.6842
4,3,4,3,10,5,5,1,,,0.0258,0.0
4,3,4,3,11,5,6,0,5,1,0.2304,0.4012
4,3,4,3,12,4,4,1,,,0.2222,0.0
4,3,4,3,13,1,6,0,1,1,0.356,0.5521
4,3,4,3,14,4,4,1,,,1.1995,0.0
4,3,4,3,15,4,4,1,,,0.4611,0.0
4,3,4,3,16,3,4,0,,,0.2956,0.0
4,3,4,3,17,1,1,1,,,0.5019,0.0
4,3,4,3,18,1,1,1,,,0.1911,0.0
4,3,4,3,19,6,6,1,,,0.1505,0.0
4,3,4,3,20,2,2,1,,,0.4783,0.0
4,3,4,3,21,2,1,0,4,0,0.4727,0.5845
4,3,4,3,22,5,5,1,,,0.2502,0.0
4,3,4,3,23,3,4,0,,,0.7332,0.0
4,3,4,3,24,1,1,1,,,0.001,0.0
4,3,4,3,25,3,3,1,,,0.8712,0.0
4,3,4,3,26,6,4,0,6,1,0.1457,0.1106
4,3,4,3,27,3,2,0,,,0.3281,0.0
4,3,4,3,28,5,1,0,,,0.469,0.0
4,3,4,3,29,4,4,1,,,0.4435,0.0
4,3,4,3,30,2,6,0,4,0,0.3911,0.8907
4,3,4,3,31,6,5,0,6,1,0.4314,0.1289
4,3,4,3,32,3,3,1,,,0.5855,0.0
4,3,4,3,33,6,6,1,,,0.1599,0.0
4,3,4,3,34,6,6,1,,,0.216,0.0
4,3,4,3,35,3,6,0,,,0.7164,0.0
4,3,4,3,36,3,1,0,5,0,0.6163,0.4666
4,3,4,3,37,2,2,1,,,0.4096,0.0
4,3,4,3,38,5,4,0,,,0.4382,0.0
4,3,4,3,39,5,5,1,,,0.5735,0.0
4,3,4,3,40,4,2,0,1,0,0.3732,2.9043
4,3,4,3,41,1,1,1,,,1.2267,0.0
4,3,4,3,42,6,5,0,,,0.5829,0.0
4,3,4,3,43,5,5,1,,,0.0728,0.0
4,3,4,3,44,6,4,0,,,0.2437,0.0
4,3,4,3,45,2,2,1,,,0.2436,0.0
4,3,4,3,46,6,4,0,,,0.4558,0.0
4,3,4,3,47,2,4,0,1,0,1.1504,0.2424
4,3,4,3,48,2,6,0,2,1,0.1619,1.1516
4,3,4,3,49,4,3,0,,,0.6066,0.0
4,3,4,3,50,6,1,0,,,0.7675,0.0
4,3,4,4,1,5,1,0,,,0.4384,0.0
4,3,4,4,2,1,2,0,,,0.7183,0.0
4,3,4,4,3,3,4,0,,,0.4101,0.0
4,3,4,4,4,5,5,1,,,0.0677,0.0
4,3,4,4,5,6,5,0,,,0.5745,0.0
4,3,4,4,6,1,3,0,4,0,0.5923,0.6506
4,3,4,4,7,1,1,1,,,0.8737,0.0
4,3,4,4,8,2,2,1,,,0.3408,0.0
4,3,4,4,9,5,5,1,,,0.9329,0.0
4,3,4,4,10,4,4,1,,,1.2613,0.0
4,3,4,4,11,5,5,1,,,0.3278,0.0
4,3,4,4,12,6,6,1,,,0.0873,0.0
4,3,4,4,13,4,4,1,,,0.2273,0.0
4,3,4,4,14,1,2,0,,,0.4067,0.0
4,3,4,4,15,1,5,0,,,0.257,0.0
4,3,4,4,16,6,6,1,,,0.0628,0.0
4,3,4,4,17,3,4,0,3,1,0.1065,0.9371
4,3,4,4,18,3,4,0,,,0.4176,0.0
4,3,4,4,19,5,5,1,,,0.3307,0.0
4,3,4,4,20,3,6,0,,,0.2824,0.0
4,3,4,4,21,4,3,0,5,0,0.8085,0.2342
4,3,4,4,22,2,2,1,,,0.5226,0.0
4,3,4,4,23,6,6,1,,,0.1315,0.0
4,3,4,4,24,5,5,1,,,0.2043,0.0
4,3,4,4,25,4,6,0,,,0.2742,0.0
4,3,4,4,26,6,6,1,,,0.3362,0.0
4,3,4,4,27,2,1,0,2,1,0.2411,1.1464
4,3,4,4,28,2,2,1,,,0.4256,0.0
4,3,4,4,29,1,6,0,,,0.3257,0.0
4,3,4,4,30,3,2,0,,,0.2898,0.0
4,3,4,4,31,2,2,1,,,0.2243,0.0
4,3,4,4,32,3,1,0,,,1.6204,0.0
4,3,4,4,33,5,5,1,,,0.2841,0.0
4,3,4,4,34,3,2,0,4,0,0.4466,1.1841
4,3,4,4,35,4,4,1,,,0.1049,0.0
4,3,4,4,36,6,6,1,,,0.0009,0.0
4,3,4,4,37,2,2,1,,,0.257,0.0
4,3,4,4,38,4,1,0,,,0.3559,0.0
4,3,4,4,39,2,3,0,4,0,0.4143,0.2414
4,3,4,4,40,4,4,1,,,0.5284,0.0
4,3,4,4,41,4,6,0,,,0.1701,0.0
4,3,4,4,42,6,6,1,,,0.0009,0.0
4,3,4,4,43,6,4,0,,,0.2031,0.0
4,3,4,4,44,5,1,0,4,0,1.0677,0.3708
4,3,4,4,45,1,1,1,,,0.3176,0.0
4,3,4,4,46,6,1,0,,,0.3517,0.0
4,3,4,4,47,1,5,0,,,0.842,0.0
4,3,4,4,48,3,3,1,,,0.641,0.0
4,3,4,4,49,2,2,1,,,0.4381,0.0
4,3,4,4,50,6,6,1,,,0.0009,0.0
4,3,5,1,1,1,5,0,1,1,0.7477,0.9276
4,3,5,1,2,2,2,1,,,0.7438,0.0
4,3,5,1,3,2,1,0,,,0.3747,0.0
4,3,5,1,4,3,3,1,,,0.3215,0.0
4,3,5,1,5,5,5,1,,,0.1145,0.0
4,3,5,1,6,4,4,1,,,0.4912,0.0
4,3,5,1,7,1,1,1,,,0.214,0.0
4,3,5,1,8,5,6,0,,,0.2674,0.0
4,3,5,1,9,1,5,0,,,0.1857,0.0
4,3,5,1,10,3,6,0,1,0,0.2359,0.8371
4,3,5,1,11,5,3,0,4,0,0.508,0.2672
4,3,5,1,12,2,2,1,,,0.4738,0.0
4,3,5,1,13,6,6,1,,,0.085,0.0
4,3,5,1,14,6,6,1,,,0.032,0.0
4,3,5,1,15,2,2,1,,,0.2367,0.0
4,3,5,1,16,6,6,1,,,0.1613,0.0
4,3,5,1,17,5,1,0,,,0.4886,0.0
4,3,5,1,18,1,1,1,,,0.0295,0.0
4,3,5,1,19,3,4,0,,,0.8267,0.0
4,3,5,1,20,5,2,0,,,0.6902,0.0
4,3,5,1,21,6,6,1,,,0.2863,0.0
4,3,5,1,22,1,1,1,,,0.4175,0.0
4,3,5,1,23,4,2,0,,,0.7497,0.0
4,3,5,1,24,6,6,1,,,0.0009,0.0
4,3,5,1,25,5,5,1,,,0.1663,0.0
4,3,5,1,26,3,6,0,,,0.0009,0.0
4,3,5,1,27,2,2,1,,,0.2476,0.0
4,3,5,1,28,1,1,1,,,0.1392,0.0
4,3,5,1,29,6,6,1,,,0.2923,0.0
4,3,5,1,30,1,6,0,1,1,0.6143,0.2085
4,3,5,1,31,6,6,1,,,0.0369,0.0
4,3,5,1,32,4,4,1,,,0.0816,0.0
4,3,5,1,33,4,1,0,3,0,0.8927,0.4267
4,3,5,1,34,6,6,1,,,0.001,0.0
4,3,5,1,35,5,1,0,4,0,0.1618,0.9894
4,3,5,1,36,5,1,0,,,0.6872,0.0
4,3,5,1,37,1,1,1,,,0.4282,0.0
4,3,5,1,38,3,4,0,,,0.0234,0.0
4,3,5,1,39,2,2,1,,,0.5118,0.0
4,3,5,1,40,4,4,1,,,0.1539,0.0
4,3,5,1,41,4,1,0,4,1,0.3683,0.6288
4,3,5,1,42,4,4,1,,,0.2813,0.0
4,3,5,1,43,6,6,1,,,0.107,0.0
4,3,5,1,44,4,2,0,,,0.1493,0.0
4,3,5,1,45,3,4,0,3,1,0.3599,0.4607
4,3,5,1,46,3,4,0,,,0.6641,0.0
4,3,5,1,47,2,1,0,2,1,0.3253,0.3153
4,3,5,1,48,3,2,0,,,0.2203,0.0
4,3,5,1,49,2,2,1,,,0.5413,0.0
4,3,5,1,50,6,6,1,,,0.001,0.0
4,3,5,2,1,4,6,0,,,0.673,0.0
4,3,5,2,2,1,1,1,,,0.0009,0.0
4,3,5,2,3,2,2,1,,,0.4293,0.0
4,3,5,2,4,6,6,1,,,0.0566,0.0
4,3,5,2,5,1,1,1,,,0.0009,0.0
4,3,5,2,6,3,1,0,5,0,0.6914,0.1862
4,3,5,2,7,2,2,1,,,0.5396,0.0
4,3,5,2,8,4,4,1,,,0.0009,0.0
4,3,5,2,9,4,5,0,6,0,0.1454,0.6872
4,3,5,2,10,3,6,0,4,0,3.1172,0.6085
4,3,5,2,11,3,3,1,,,1.4245,0.0
4,3,5,2,12,1,5,0,3,0,0.3882,0.2477
4,3,5,2,13,6,6,1,,,0.0073,0.0
4,3,5,2,14,5,5,1,,,0.0369,0.0
4,3,5,2,15,6,5,0,2,0,0.1776,0.3016
4,3,5,2,16,3,6,0,,,1.4821,0.0
4,3,5,2,17,6,6,1,,,0.001,0.0
4,3,5,2,18,6,6,1,,,1.1731,0.0
4,3,5,2,19,5,5,1,,,0.0837,0.0
4,3,5,2,20,2,4,0,2,1,1.071,0.2934
4,3,5,2,21,5,2,0,,,0.488,0.0
4,3,5,2,22,3,1,0,,,0.637,0.0
4,3,5,2,23,1,4,0,,,0.3012,0.0
4,3,5,2,24,5,6,0,4,0,0.3134,1.1849
4,3,5,2,25,3,3,1,,,0.5045,0.0
4,3,5,2,26,4,3,0,,,0.9469,0.0
4,3,5,2,27,6,6,1,,,0.7575,0.0
4,3,5,2,28,1,6,0,,,0.1484,0.0
4,3,5,2,29,3,4,0,,,3.8149,0.0
4,3,5,2,30,6,6,1,,,0.0198,0.0
4,3,5,2,31,1,2,0,,,0.609,0.0
4,3,5,2,32,2,2,1,,,0.5296,0.0
4,3,5,2,33,3,5,0,,,0.6982,0.0
4,3,5,2,34,5,5,1,,,0.0009,0.0
4,3,5,2,35,4,4,1,,,0.1655,0.0
4,3,5,2,36,1,1,1,,,0.1249,0.0
4,3,5,2,37,2,3,0,,,0.1493,0.0
4,3,5,2,38,5,3,0,,,0.984,0.0
4,3,5,2,39,5,5,1,,,0.234,0.0
4,3,5,2,40,2,2,1,,,0.3029,0.0
4,3,5,2,41,4,4,1,,,0.0008,0.0
4,3,5,2,42,6,6,1,,,0.1109,0.0
4,3,5,2,43,6,6,1,,,0.4396,0.0
4,3,5,2,44,4,4,1,,,0.0677,0.0
4,3,5,2,45,4,5,0,,,0.5588,0.0
4,3,5,2,46,5,2,0,,,0.4974,0.0
4,3,5,2,47,2,2,1,,,0.4387,0.0
4,3,5,2,48,6,6,1,,,0.0011,0.0
4,3,5,2,49,2,2,1,,,0.1774,0.0
4,3,5,2,50,1,1,1,,,0.4726,0.0
4,3,5,3,1,4,6,0,,,0.0803,0.0
4,3,5,3,2,4,4,1,,,0.1503,0.0
4,3,5,3,3,1,1,1,,,0.2864,0.0
4,3,5,3,4,3,4,0,,,0.9295,0.0
4,3,5,3,5,2,5,0,,,0.1157,0.0
4,3,5,3,6,3,6,0,,,0.3291,0.0
4,3,5,3,7,6,1,0,,,0.564,0.0
4,3,5,3,8,1,1,1,,,0.1505,0.0
4,3,5,3,9,1,3,0,,,0.6069,0.0
4,3,5,3,10,6,6,1,,,0.4152,0.0
4,3,5,3,11,3,1,0,,,0.5882,0.0
4,3,5,3,12,2,4,0,,,0.4935,0.0
4,3,5,3,13,6,6,1,,,0.0009,0.0
4,3,5,3,14,3,3,1,,,0.6726,0.0
4,3,5,3,15,5,4,0,,,0.3709,0.0
4,3,5,3,16,6,4,0,3,0,0.317,0.3397
4,3,5,3,17,3,3,1,,,0.8629,0.0
4,3,5,3,18,6,6,1,,,0.1687,0.0
4,3,5,3,19,5,5,1,,,0.4968,0.0
4,3,5,3,20,3,1,0,,,0.186,0.0
4,3,5,3,21,5,6,0,,,0.2207,0.0
4,3,5,3,22,1,4,0,,,0.1401,0.0
4,3,5,3,23,2,2,1,,,0.752,0.0
4,3,5,3,24,4,3,0,,,0.5273,0.0
4,3,5,3,25,4,2,0,,,0.9318,0.0
4,3,5,3,26,6,6,1,,,1.1588,0.0
4,3,5,3,27,4,4,1,,,1.1245,0.0
4,3,5,3,28,2,2,1,,,0.5005,0.0
4,3,5,3,29,1,1,1,,,0.1586,0.0
4,3,5,3,30,2,2,1,,,0.3102,0.0
4,3,5,3,31,1,4,0,,,0.5192,0.0
4,3,5,3,32,3,3,1,,,0.5069,0.0
4,3,5,3,33,1,1,1,,,0.2445,0.0
4,3,5,3,34,3,4,0,,,0.2005,0.0
4,3,5,3,35,4,4,1,,,0.25,0.0
4,3,5,3,36,5,2,0,,,0.2055,0.0
4,3,5,3,37,5,3,0,4,0,0.4462,0.5921
4,3,5,3,38,4,4,1,,,0.0972,0.0
4,3,5,3,39,6,6,1,,,0.3475,0.0
4,3,5,3,40,5,6,0,,,0.6985,0.0
4,3,5,3,41,5,5,1,,,0.4071,0.0
4,3,5,3,42,4,1,0,4,1,0.7089,1.3383
4,3,5,3,43,6,6,1,,,0.0492,0.0
4,3,5,3,44,6,4,0,,,0.5895,0.0
4,3,5,3,45,6,6,1,,,0.0009,0.0
4,3,5,3,46,2,2,1,,,0.4125,0.0
4,3,5,3,47,1,1,1,,,0.6335,0.0
4,3,5,3,48,2,4,0,,,0.1269,0.0
4,3,5,3,49,5,5,1,,,0.3711,0.0
4,3,5,3,50,2,2,1,,,0.4655,0.0
4,3,5,4,1,1,1,1,,,1.2903,0.0
4,3,5,4,2,4,5,0,,,0.4025,0.0
4,3,5,4,3,1,6,0,5,0,0.7958,0.1905
4,3,5,4,4,2,2,1,,,0.2573,0.0
4,3,5,4,5,3,3,1,,,0.309,0.0
4,3,5,4,6,5,4,0,,,0.4374,0.0
4,3,5,4,7,1,6,0,,,0.5417,0.0
4,3,5,4,8,2,2,1,,,0.5139,0.0
4,3,5,4,9,5,6,0,,,1.0669,0.0
4,3,5,4,10,6,6,1,,,0.0009,0.0
4,3,5,4,11,5,5,1,,,0.3266,0.0
4,3,5,4,12,6,4,0,3,0,0.1357,0.181
4,3,5,4,13,3,2,0,3,1,0.4703,1.2544
4,3,5,4,14,5,5,1,,,0.273,0.0
4,3,5,4,15,3,6,0,,,0.292,0.0
4,3,5,4,16,1,2,0,,,0.6731,0.0
4,3,5,4,17,3,4,0,,,0.2546,0.0
4,3,5,4,18,6,6,1,,,0.0135,0.0
4,3,5,4,19,4,4,1,,,0.2993,0.0
4,3,5,4,20,5,4,0,,,0.3004,0.0
4,3,5,4,21,2,2,1,,,0.122,0.0
4,3,5,4,22,3,3,1,,,0.3398,0.0
4,3,5,4,23,4,2,0,,,0.5632,0.0
4,3,5,4,24,6,6,1,,,0.001,0.0
4,3,5,4,25,6,6,1,,,0.0998,0.0
4,3,5,4,26,2,2,1,,,0.3333,0.0
4,3,5,4,27,6,6,1,,,0.1429,0.0
4,3,5,4,28,1,1,1,,,0.4704,0.0
4,3,5,4,29,1,4,0,1,1,0.4327,1.0745
4,3,5,4,30,5,5,1,,,1.1082,0.0
4,3,5,4,31,5,2,0,,,0.533,0.0
4,3,5,4,32,4,3,0,,,1.5124,0.0
4,3,5,4,33,5,6,0,,,0.0516,0.0
4,3,5,4,34,4,6,0,,,0.2201,0.0
4,3,5,4,35,6,6,1,,,0.001,0.0
4,3,5,4,36,6,2,0,6,1,0.2502,0.2275
4,3,5,4,37,2,2,1,,,0.8399,0.0
4,3,5,4,38,4,4,1,,,0.1957,0.0
4,3,5,4,39,3,6,0,,,0.0424,0.0
4,3,5,4,40,4,4,1,,,0.4008,0.0
4,3,5,4,41,2,2,1,,,0.7025,0.0
4,3,5,4,42,1,1,1,,,0.1759,0.0
4,3,5,4,43,4,4,1,,,0.1195,0.0
4,3,5,4,44,2,2,1,,,0.2557,0.0
4,3,5,4,45,1,1,1,,,1.0755,0.0
4,3,5,4,46,6,1,0,6,1,0.5483,0.4507
4,3,5,4,47,2,2,1,,,0.5093,0.0
4,3,5,4,48,3,3,1,,,0.5662,0.0
4,3,5,4,49,6,6,1,,,0.3813,0.0
4,3,5,4,50,3,3,1,,,0.5246,0.0
5,1,1,1,1,3,4,0,,,1.3684,0.0
5,1,1,1,2,3,6,0,,,0.745,0.0
5,1,1,1,3,2,6,0,,,2.2447,0.0
5,1,1,1,4,3,6,0,,,0.9295,0.0
5,1,1,1,5,6,6,1,,,0.389,0.0
5,1,1,1,6,1,1,1,,,0.5955,0.0
5,1,1,1,7,2,2,1,,,1.4824,0.0
5,1,1,1,8,6,6,1,,,0.2999,0.0
5,1,1,1,9,2,2,1,,,0.7969,0.0
5,1,1,1,10,2,1,0,,,0.3475,0.0
5,1,1,1,11,4,6,0,4,1,0.983,5.5699
5,1,1,1,12,4,4,1,,,0.9228,0.0
5,1,1,1,13,1,1,1,,,0.8042,0.0
5,1,1,1,14,6,6,1,,,0.481,0.0
5,1,1,1,15,1,1,1,,,1.3557,0.0
5,1,1,1,16,6,6,1,,,0.3065,0.0
5,1,1,1,17,5,6,0,,,0.5648,0.0
5,1,1,1,18,4,1,0,,,0.8551,0.0
5,1,1,1,19,1,1,1,,,2.3814,0.0
5,1,1,1,20,3,3,1,,,1.5936,0.0
5,1,1,1,21,5,6,0,,,1.0625,0.0
5,1,1,1,22,6,6,1,,,0.3091,0.0
5,1,1,1,23,2,2,1,,,0.646,0.0
5,1,1,1,24,4,3,0,2,0,0.8591,1.147
5,1,1,1,25,5,4,0,,,0.8689,0.0
5,1,1,1,26,2,4,0,,,1.3713,0.0
5,1,1,1,27,2,2,1,,,0.6046,0.0
5,1,1,1,28,5,6,0,,,0.5469,0.0
5,1,1,1,29,3,6,0,,,1.2532,0.0
5,1,1,1,30,6,4,0,,,3.5955,0.0
5,1,1,1,31,6,6,1,,,0.0824,0.0
5,1,1,1,32,3,2,0,3,1,1.2456,0.9888
5,1,1,1,33,1,2,0,3,0,1.4595,0.5702
5,1,1,1,34,6,6,1,,,0.3004,0.0
5,1,1,1,35,6,4,0,2,0,1.5831,2.6732
5,1,1,1,36,5,2,0,,,0.7657,0.0
5,1,1,1,37,3,5,0,4,0,3.3355,1.6015
5,1,1,1,38,4,2,0,,,0.9221,0.0
5,1,1,1,39,1,3,0,,,1.5334,0.0
5,1,1,1,40,5,6,0,,,0.8571,0.0
5,1,1,1,41,4,4,1,,,0.8638,0.0
5,1,1,1,42,4,6,0,,,2.0272,0.0
5,1,1,1,43,5,5,1,,,1.1379,0.0
5,1,1,1,44,6,4,0,3,0,1.1054,1.1264
5,1,1,1,45,3,6,0,3,1,0.899,1.7934
5,1,1,1,46,4,4,1,,,0.8869,0.0
5,1,1,1,47,1,5,0,,,0.7839,0.0
5,1,1,1,48,5,6,0,,,1.1774,0.0
5,1,1,1,49,2,2,1,,,0.8988,0.0
5,1,1,1,50,1,1,1,,,0.7173,0.0
5,1,1,2,1,1,1,1,,,0.7145,0.0
5,1,1,2,2,6,6,1,,,0.2998,0.0
5,1,1,2,3,5,5,1,,,0.7016,0.0
5,1,1,2,4,2,2,1,,,0.5275,0.0
5,1,1,2,5,5,2,0,,,0.9045,0.0
5,1,1,2,6,4,2,0,4,1,1.0855,0.9947
5,1,1,2,7,2,6,0,,,0.4737,0.0
5,1,1,2,8,5,2,0,,,0.9122,0.0
5,1,1,2,9,3,4,0,5,0,2.0043,0.7094
5,1,1,2,10,2,2,1,,,0.7537,0.0
5,1,1,2,11,5,3,0,,,1.3618,0.0
5,1,1,2,12,2,2,1,,,0.6271,0.0
5,1,1,2,13,3,3,1,,,0.84,0.0
5,1,1,2,14,6,6,1,,,0.3561,0.0
5,1,1,2,15,4,4,1,,,0.6287,0.0
5,1,1,2,16,6,6,1,,,0.4561,0.0
5,1,1,2,17,5,4,0,6,0,0.5482,3.3928
5,1,1,2,18,5,5,1,,,0.6881,0.0
5,1,1,2,19,1,3,0,,,0.6101,0.0
5,1,1,2,20,1,6,0,5,0,0.3715,1.5749
5,1,1,2,21,3,5,0,,,0.6726,0.0
5,1,1,2,22,2,3,0,,,0.9103,0.0
5,1,1,2,23,1,1,1,,,0.6434,0.0
5,1,1,2,24,1,3,0,,,0.568,0.0
5,1,1,2,25,3,5,0,,,1.6096,0.0
5,1,1,2,26,3,3,1,,,0.6904,0.0
5,1,1,2,27,4,1,0,,,0.8845,0.0
5,1,1,2,28,3,1,0,,,0.9528,0.0
5,1,1,2,29,6,6,1,,,0.3798,0.0
5,1,1,2,30,4,3,0,,,1.5622,0.0
5,1,1,2,31,4,4,1,,,1.8441,0.0
5,1,1,2,32,2,2,1,,,1.0149,0.0
5,1,1,2,33,1,1,1,,,0.4107,0.0
5,1,1,2,34,4,2,0,,,1.0174,0.0
5,1,1,2,35,1,3,0,4,0,0.9694,1.1244
5,1,1,2,36,5,6,0,,,0.4002,0.0
5,1,1,2,37,5,2,0,,,0.7769,0.0
5,1,1,2,38,6,6,1,,,0.8514,0.0
5,1,1,2,39,6,6,1,,,0.3662,0.0
5,1,1,2,40,4,3,0,,,0.7658,0.0
5,1,1,2,41,6,1,0,2,0,0.8085,1.7061
5,1,1,2,42,3,3,1,,,1.4051,0.0
5,1,1,2,43,6,6,1,,,0.3226,0.0
5,1,1,2,44,4,1,0,2,0,0.8997,1.4739
5,1,1,2,45,2,4,0,,,1.0079,0.0
5,1,1,2,46,6,6,1,,,0.3041,0.0
5,1,1,2,47,6,6,1,,,0.2904,0.0
5,1,1,2,48,3,3,1,,,1.0933,0.0
5,1,1,2,49,2,2,1,,,0.9663,0.0
5,1,1,2,50,1,3,0,,,0.9569,0.0
5,1,1,3,1,6,6,1,,,0.3016,0.0
5,1,1,3,2,6,6,1,,,0.0952,0.0
5,1,1,3,3,4,6,0,,,3.0816,0.0
5,1,1,3,4,3,6,0,,,0.1641,0.0
5,1,1,3,5,2,2,1,,,0.5349,0.0
5,1,1,3,6,2,6,0,,,0.8152,0.0
5,1,1,3,7,4,3,0,,,0.904,0.0
5,1,1,3,8,4,6,0,4,1,0.5718,2.0874
5,1,1,3,9,4,4,1,,,0.6565,0.0
5,1,1,3,10,1,1,1,,,1.6036,0.0
5,1,1,3,11,5,5,1,,,0.9758,0.0
5,1,1,3,12,3,1,0,,,0.8545,0.0
5,1,1,3,13,6,6,1,,,0.2376,0.0
5,1,1,3,14,2,1,0,,,1.5702,0.0
5,1,1,3,15,5,5,1,,,1.0356,0.0
5,1,1,3,16,4,3,0,,,0.7509,0.0
5,1,1,3,17,6,6,1,,,0.3296,0.0
5,1,1,3,18,5,4,0,,,1.9632,0.0
5,1,1,3,19,6,6,1,,,0.3071,0.0
5,1,1,3,20,1,3,0,6,0,1.4456,0.7813
5,1,1,3,21,6,6,1,,,0.2474,0.0
5,1,1,3,22,6,6,1,,,1.3233,0.0
5,1,1,3,23,1,4,0,,,2.2912,0.0
5,1,1,3,24,5,6,0,,,0.3349,0.0
5,1,1,3,25,4,2,0,,,0.7151,0.0
5,1,1,3,26,1,6,0,4,0,0.7751,1.2263
5,1,1,3,27,1,6,0,,,0.642,0.0
5,1,1,3,28,1,1,1,,,1.1546,0.0
5,1,1,3,29,1,1,1,,,0.6248,0.0
5,1,1,3,30,5,4,0,1,0,1.2377,0.6778
5,1,1,3,31,4,2,0,5,0,0.7562,1.0798
5,1,1,3,32,5,6,0,,,0.8534,0.0
5,1,1,3,33,2,2,1,,,1.0367,0.0
5,1,1,3,34,6,6,1,,,0.3677,0.0
5,1,1,3,35,3,5,0,,,0.8159,0.0
5,1,1,3,36,6,6,1,,,1.1111,0.0
5,1,1,3,37,1,3,0,5,0,1.7209,0.5003
5,1,1,3,38,3,2,0,1,0,0.9066,0.9034
5,1,1,3,39,3,6,0,,,0.4281,0.0
5,1,1,3,40,5,3,0,,,1.125,0.0
5,1,1,3,41,3,1,0,,,1.1356,0.0
5,1,1,3,42,6,6,1,,,0.619,0.0
5,1,1,3,43,5,4,0,,,1.1683,0.0
5,1,1,3,44,3,6,0,,,1.3224,0.0
5,1,1,3,45,2,3,0,4,0,1.1171,1.2028
5,1,1,3,46,2,2,1,,,0.4272,0.0
5,1,1,3,47,4,4,1,,,0.7279,0.0
5,1,1,3,48,2,3,0,,,0.7613,0.0
5,1,1,3,49,3,6,0,2,0,0.6591,1.0034
5,1,1,3,50,2,4,0,2,1,1.8517,0.4824
5,1,1,4,1,6,6,1,,,0.5546,0.0
5,1,1,4,2,3,1,0,,,2.8345,0.0
5,1,1,4,3,5,5,1,,,1.0472,0.0
5,1,1,4,4,3,1,0,,,1.0347,0.0
5,1,1,4,5,4,4,1,,,0.6494,0.0
5,1,1,4,6,3,3,1,,,0.8292,0.0
5,1,1,4,7,1,6,0,,,0.3137,0.0
5,1,1,4,8,6,6,1,,,0.1665,0.0
5,1,1,4,9,1,5,0,2,0,0.445,1.6941
5,1,1,4,10,1,1,1,,,0.5299,0.0
5,1,1,4,11,1,6,0,,,0.3623,0.0
5,1,1,4,12,6,6,1,,,0.2293,0.0
5,1,1,4,13,1,1,1,,,0.5706,0.0
5,1,1,4,14,3,6,0,,,0.4494,0.0
5,1,1,4,15,2,2,1,,,0.7287,0.0
5,1,1,4,16,2,4,0,,,0.8252,0.0
5,1,1,4,17,5,6,0,,,0.2883,0.0
5,1,1,4,18,4,6,0,,,0.3658,0.0
5,1,1,4,19,4,3,0,,,1.0007,0.0
5,1,1,4,20,1,1,1,,,0.41,0.0
5,1,1,4,21,2,6,0,,,0.551,0.0
5,1,1,4,22,5,3,0,2,0,1.4185,0.8674
5,1,1,4,23,3,1,0,,,0.8896,0.0
5,1,1,4,24,5,6,0,4,0,0.7342,1.1234
5,1,1,4,25,1,6,0,,,0.4158,0.0
5,1,1,4,26,6,6,1,,,1.0961,0.0
5,1,1,4,27,6,6,1,,,0.2332,0.0
5,1,1,4,28,5,3,0,1,0,1.6779,0.9233
5,1,1,4,29,4,5,0,,,2.6082,0.0
5,1,1,4,30,4,4,1,,,2.8946,0.0
5,1,1,4,31,5,6,0,,,0.2468,0.0
5,1,1,4,32,2,1,0,3,0,0.6134,2.1604
5,1,1,4,33,4,6,0,,,1.458,0.0
5,1,1,4,34,3,6,0,,,0.7358,0.0
5,1,1,4,35,5,1,0,4,0,1.1315,1.6646
5,1,1,4,36,6,6,1,,,0.3099,0.0
5,1,1,4,37,2,3,0,,,0.9028,0.0
5,1,1,4,38,2,2,1,,,0.5393,0.0
5,1,1,4,39,4,4,1,,,0.7088,0.0
5,1,1,4,40,3,3,1,,,1.2058,0.0
5,1,1,4,41,6,6,1,,,0.4025,0.0
5,1,1,4,42,2,2,1,,,0.7037,0.0
5,1,1,4,43,3,3,1,,,1.2984,0.0
5,1,1,4,44,6,6,1,,,0.8429,0.0
5,1,1,4,45,4,4,1,,,0.8228,0.0
5,1,1,4,46,5,5,1,,,0.3714,0.0
5,1,1,4,47,6,5,0,,,0.9787,0.0
5,1,1,4,48,6,3,0,4,0,1.9553,0.6304
5,1,1,4,49,1,4,0,,,0.982,0.0
5,1,1,4,50,2,3,0,2,1,1.095,2.014
5,1,2,1,1,2,4,0,,,0.5622,0.0
5,1,2,1,2,5,6,0,,,0.1955,0.0
5,1,2,1,3,6,1,0,,,0.9652,0.0
5,1,2,1,4,3,3,1,,,1.1755,0.0
5,1,2,1,5,6,6,1,,,0.2612,0.0
5,1,2,1,6,2,2,1,,,1.0968,0.0
5,1,2,1,7,4,4,1,,,0.522,0.0
5,1,2,1,8,5,6,0,,,0.6754,0.0
5,1,2,1,9,1,1,1,,,1.3133,0.0
5,1,2,1,10,2,4,0,,,0.9529,0.0
5,1,2,1,11,3,6,0,,,0.5086,0.0
5,1,2,1,12,2,3,0,1,0,2.4813,0.4622
5,1,2,1,13,6,6,1,,,0.2292,0.0
5,1,2,1,14,3,4,0,,,0.6816,0.0
5,1,2,1,15,3,2,0,1,0,1.0957,1.2783
5,1,2,1,16,3,3,1,,,0.2589,0.0
5,1,2,1,17,5,4,0,,,0.7425,0.0
5,1,2,1,18,5,6,0,,,0.93,0.0
5,1,2,1,19,6,6,1,,,0.7412,0.0
5,1,2,1,20,4,4,1,,,1.0296,0.0
5,1,2,1,21,1,6,0,5,0,0.57,1.2685
5,1,2,1,22,5,6,0,,,0.9224,0.0
5,1,2,1,23,2,2,1,,,0.5594,0.0
5,1,2,1,24,1,6,0,,,0.4709,0.0
5,1,2,1,25,1,4,0,3,0,1.0204,0.8537
5,1,2,1,26,6,6,1,,,0.2048,0.0
5,1,2,1,27,4,4,1,,,1.0263,0.0
5,1,2,1,28,3,6,0,,,1.0633,0.0
5,1,2,1,29,4,4,1,,,0.7726,0.0
5,1,2,1,30,6,6,1,,,0.1956,0.0
5,1,2,1,31,1,1,1,,,0.6978,0.0
5,1,2,1,32,2,2,1,,,0.523,0.0
5,1,2,1,33,1,1,1,,,2.8847,0.0
5,1,2,1,34,6,6,1,,,0.2526,0.0
5,1,2,1,35,6,6,1,,,1.9207,0.0
5,1,2,1,36,1,1,1,,,0.5438,0.0
5,1,2,1,37,4,2,0,,,1.1913,0.0
5,1,2,1,38,6,6,1,,,0.5125,0.0
5,1,2,1,39,2,6,0,5,0,0.9692,0.6438
5,1,2,1,40,4,3,0,,,2.0358,0.0
5,1,2,1,41,3,6,0,3,1,0.4738,1.2413
5,1,2,1,42,2,1,0,3,0,0.9341,0.5146
5,1,2,1,43,5,5,1,,,0.5824,0.0
5,1,2,1,44,6,1,0,,,0.6214,0.0
5,1,2,1,45,3,1,0,,,0.6049,0.0
5,1,2,1,46,4,3,0,4,1,1.3903,0.6325
5,1,2,1,47,5,4,0,,,1.8366,0.0
5,1,2,1,48,1,2,0,,,1.5151,0.0
5,1,2,1,49,4,1,0,2,0,1.3339,1.6668
5,1,2,1,50,5,2,0,4,0,0.9365,0.437
5,1,2,2,1,2,2,1,,,1.291,0.0
5,1,2,2,2,5,6,0,,,0.3557,0.0
5,1,2,2,3,3,3,1,,,0.6866,0.0
5,1,2,2,4,3,6,0,,,0.6093,0.0
5,1,2,2,5,1,5,0,,,0.7219,0.0
5,1,2,2,6,4,3,0,,,1.1669,0.0
5,1,2,2,7,4,2,0,,,0.4724,0.0
5,1,2,2,8,6,6,1,,,0.6069,0.0
5,1,2,2,9,3,1,0,,,0.7558,0.0
5,1,2,2,10,1,6,0,,,0.5273,0.0
5,1,2,2,11,5,6,0,,,0.3546,0.0
5,1,2,2,12,5,5,1,,,0.8938,0.0
5,1,2,2,13,6,6,1,,,0.2479,0.0
5,1,2,2,14,2,6,0,,,2.1234,0.0
5,1,2,2,15,5,1,0,,,1.8705,0.0
5,1,2,2,16,1,6,0,,,0.5402,0.0
5,1,2,2,17,6,6,1,,,0.3839,0.0
5,1,2,2,18,1,1,1,,,0.7816,0.0
5,1,2,2,19,6,6,1,,,2.124,0.0
5,1,2,2,20,4,4,1,,,0.8353,0.0
5,1,2,2,21,2,2,1,,,0.5596,0.0
5,1,2,2,22,1,6,0,,,0.4383,0.0
5,1,2,2,23,6,6,1,,,0.6701,0.0
5,1,2,2,24,6,6,1,,,0.3372,0.0
5,1,2,2,25,6,6,1,,,0.3379,0.0
5,1,2,2,26,6,6,1,,,0.1946,0.0
5,1,2,2,27,4,1,0,,,0.7286,0.0
5,1,2,2,28,4,4,1,,,1.7637,0.0
5,1,2,2,29,4,4,1,,,0.4574,0.0
5,1,2,2,30,3,6,0,4,0,0.3419,0.8907
5,1,2,2,31,3,3,1,,,0.6561,0.0
5,1,2,2,32,6,2,0,,,0.8193,0.0
5,1,2,2,33,4,2,0,,,1.0194,0.0
5,1,2,2,34,5,3,0,4,0,0.8274,0.9567
5,1,2,2,35,3,6,0,,,2.0311,0.0
5,1,2,2,36,3,3,1,,,0.8373,0.0
5,1,2,2,37,5,2,0,,,0.4342,0.0
5,1,2,2,38,5,3,0,5,1,0.746,0.6385
5,1,2,2,39,3,6,0,,,0.771,0.0
5,1,2,2,40,2,2,1,,,0.6372,0.0
5,1,2,2,41,2,2,1,,,1.0573,0.0
5,1,2,2,42,2,3,0,,,1.2207,0.0
5,1,2,2,43,6,6,1,,,0.828,0.0
5,1,2,2,44,1,2,0,,,1.0641,0.0
5,1,2,2,45,4,1,0,3,0,1.2209,1.0949
5,1,2,2,46,1,1,1,,,0.6271,0.0
5,1,2,2,47,1,1,1,,,1.8949,0.0
5,1,2,2,48,2,2,1,,,0.2482,0.0
5,1,2,2,49,2,2,1,,,1.6596,0.0
5,1,2,2,50,5,6,0,4,0,0.4062,1.1615
5,1,2,3,1,6,6,1,,,0.3366,0.0
5,1,2,3,2,1,1,1,,,0.7208,0.0
5,1,2,3,3,6,6,1,,,0.2891,0.0
5,1,2,3,4,3,3,1,,,1.3318,0.0
5,1,2,3,5,5,5,1,,,1.2916,0.0
5,1,2,3,6,5,4,0,,,1.7964,0.0
5,1,2,3,7,1,6,0,,,1.3165,0.0
5,1,2,3,8,3,1,0,3,1,0.8726,0.6643
5,1,2,3,9,1,3,0,,,0.9226,0.0
5,1,2,3,10,1,1,1,,,0.7499,0.0
5,1,2,3,11,2,2,1,,,1.0541,0.0
5,1,2,3,12,6,6,1,,,0.3369,0.0
5,1,2,3,13,4,4,1,,,0.8978,0.0
5,1,2,3,14,2,2,1,,,0.4919,0.0
5,1,2,3,15,3,6,0,5,0,0.998,0.6724
5,1,2,3,16,4,1,0,,,1.1032,0.0
5,1,2,3,17,6,6,1,,,1.5465,0.0
5,1,2,3,18,1,3,0,4,0,1.994,1.0834
5,1,2,3,19,6,6,1,,,0.4085,0.0
5,1,2,3,20,4,4,1,,,0.7899,0.0
5,1,2,3,21,3,5,0,,,1.0598,0.0
5,1,2,3,22,4,2,0,,,1.7623,0.0
5,1,2,3,23,2,2,1,,,0.4665,0.0
5,1,2,3,24,5,5,1,,,0.4623,0.0
5,1,2,3,25,3,6,0,3,1,1.6734,3.8639
5,1,2,3,26,5,6,0,4,0,0.359,1.6121
5,1,2,3,27,1,1,1,,,0.803,0.0
5,1,2,3,28,6,4,0,,,1.5522,0.0
5,1,2,3,29,6,6,1,,,0.2992,0.0
5,1,2,3,30,2,2,1,,,0.6525,0.0
5,1,2,3,31,2,3,0,2,1,2.5436,0.5706
5,1,2,3,32,3,5,0,,,0.6898,0.0
5,1,2,3,33,5,3,0,,,1.488,0.0
5,1,2,3,34,5,6,0,,,0.2366,0.0
5,1,2,3,35,2,2,1,,,0.9241,0.0
5,1,2,3,36,6,6,1,,,0.3086,0.0
5,1,2,3,37,5,5,1,,,0.5026,0.0
5,1,2,3,38,4,3,0,1,0,0.912,1.5822
5,1,2,3,39,1,6,0,,,0.8873,0.0
5,1,2,3,40,2,2,1,,,2.2038,0.0
5,1,2,3,41,6,6,1,,,0.2081,0.0
5,1,2,3,42,6,6,1,,,0.2789,0.0
5,1,2,3,43,4,4,1,,,1.2726,0.0
5,1,2,3,44,2,2,1,,,1.0912,0.0
5,1,2,3,45,3,6,0,,,0.8844,0.0
5,1,2,3,46,1,6,0,,,1.6415,0.0
5,1,2,3,47,4,2,0,,,1.4241,0.0
5,1,2,3,48,4,3,0,,,1.1676,0.0
5,1,2,3,49,3,5,0,,,2.7772,0.0
5,1,2,3,50,5,3,0,,,2.3692,0.0
5,1,2,4,1,6,6,1,,,0.3108,0.0
5,1,2,4,2,3,1,0,,,0.2804,0.0
5,1,2,4,3,4,4,1,,,0.7587,0.0
5,1,2,4,4,5,3,0,2,0,1.0614,1.3578
5,1,2,4,5,6,6,1,,,0.1595,0.0
5,1,2,4,6,1,1,1,,,0.8392,0.0
5,1,2,4,7,3,3,1,,,0.7228,0.0
5,1,2,4,8,4,4,1,,,0.7561,0.0
5,1,2,4,9,2,2,1,,,1.0911,0.0
5,1,2,4,10,6,6,1,,,0.1649,0.0
5,1,2,4,11,3,2,0,,,0.9086,0.0
5,1,2,4,12,5,5,1,,,1.4573,0.0
5,1,2,4,13,4,3,0,4,1,1.7312,0.5605
5,1,2,4,14,5,5,1,,,0.7274,0.0
5,1,2,4,15,2,2,1,,,0.5988,0.0
5,1,2,4,16,1,6,0,,,0.3486,0.0
5,1,2,4,17,6,2,0,1,0,2.1677,1.5861
5,1,2,4,18,5,5,1,,,0.4437,0.0
5,1,2,4,19,6,6,1,,,0.2157,0.0
5,1,2,4,20,5,5,1,,,0.9253,0.0
5,1,2,4,21,1,1,1,,,0.5178,0.0
5,1,2,4,22,1,1,1,,,0.4789,0.0
5,1,2,4,23,3,5,0,,,0.265,0.0
5,1,2,4,24,6,6,1,,,0.6482,0.0
5,1,2,4,25,2,2,1,,,0.5553,0.0
5,1,2,4,26,2,6,0,2,1,0.7542,0.9509
5,1,2,4,27,4,1,0,,,1.4856,0.0
5,1,2,4,28,3,2,0,,,1.4509,0.0
5,1,2,4,29,3,1,0,,,1.1284,0.0
5,1,2,4,30,2,2,1,,,1.4919,0.0
5,1,2,4,31,6,6,1,,,0.2774,0.0
5,1,2,4,32,4,4,1,,,0.7915,0.0
5,1,2,4,33,3,3,1,,,1.3502,0.0
5,1,2,4,34,6,6,1,,,0.156,0.0
5,1,2,4,35,6,1,0,4,0,0.9168,1.3469
5,1,2,4,36,2,2,1,,,0.6293,0.0
5,1,2,4,37,3,3,1,,,0.6496,0.0
5,1,2,4,38,1,2,0,,,1.2765,0.0
5,1,2,4,39,5,5,1,,,0.705,0.0
5,1,2,4,40,1,2,0,1,1,0.9949,1.4211
5,1,2,4,41,4,4,1,,,0.6576,0.0
5,1,2,4,42,1,1,1,,,1.3967,0.0
5,1,2,4,43,4,4,1,,,0.7292,0.0
5,1,2,4,44,5,5,1,,,0.4575,0.0
5,1,2,4,45,2,2,1,,,0.566,0.0
5,1,2,4,46,5,5,1,,,0.8448,0.0
5,1,2,4,47,6,6,1,,,0.4238,0.0
5,1,2,4,48,1,1,1,,,0.5644,0.0
5,1,2,4,49,2,6,0,,,1.5475,0.0
5,1,2,4,50,4,5,0,3,0,0.5344,0.9783
5,1,3,1,1,5,2,0,,,2.4674,0.0
5,1,3,1,2,5,6,0,,,0.7757,0.0
5,1,3,1,3,2,2,1,,,0.4651,0.0
5,1,3,1,4,2,2,1,,,0.2688,0.0
5,1,3,1,5,2,2,1,,,0.3515,0.0
5,1,3,1,6,3,3,1,,,0.6076,0.0
5,1,3,1,7,2,4,0,1,0,0.7409,1.7215
5,1,3,1,8,6,6,1,,,0.1566,0.0
5,1,3,1,9,1,1,1,,,0.4365,0.0
5,1,3,1,10,1,5,0,,,0.7376,0.0
5,1,3,1,11,5,4,0,5,1,1.8372,0.9324
5,1,3,1,12,2,3,0,4,0,2.0124,0.6051
5,1,3,1,13,1,1,1,,,0.5582,0.0
5,1,3,1,14,5,5,1,,,2.23,0.0
5,1,3,1,15,4,6,0,5,0,0.424,1.1783
5,1,3,1,16,5,6,0,,,0.8987,0.0
5,1,3,1,17,2,4,0,5,0,3.1924,0.5356
5,1,3,1,18,3,3,1,,,1.2921,0.0
5,1,3,1,19,6,6,1,,,0.229,0.0
5,1,3,1,20,4,6,0,,,0.3941,0.0
5,1,3,1,21,1,1,1,,,0.6596,0.0
5,1,3,1,22,5,5,1,,,0.5502,0.0
5,1,3,1,23,6,6,1,,,0.238,0.0
5,1,3,1,24,6,6,1,,,0.2277,0.0
5,1,3,1,25,1,1,1,,,0.9039,0.0
5,1,3,1,26,3,3,1,,,0.7209,0.0
5,1,3,1,27,1,5,0,6,0,0.69,0.4728
5,1,3,1,28,6,6,1,,,0.3188,0.0
5,1,3,1,29,3,3,1,,,0.9607,0.0
5,1,3,1,30,5,5,1,,,0.5507,0.0
5,1,3,1,31,4,4,1,,,1.0869,0.0
5,1,3,1,32,4,1,0,,,1.84,0.0
5,1,3,1,33,3,3,1,,,1.9031,0.0
5,1,3,1,34,3,3,1,,,0.447,0.0
5,1,3,1,35,2,2,1,,,0.9546,0.0
5,1,3,1,36,6,6,1,,,0.2891,0.0
5,1,3,1,37,4,3,0,4,1,2.1645,0.4631
5,1,3,1,38,3,6,0,3,1,0.8095,0.5238
5,1,3,1,39,1,6,0,4,0,1.0126,0.6554
5,1,3,1,40,3,1,0,,,0.8142,0.0
5,1,3,1,41,4,4,1,,,1.0299,0.0
5,1,3,1,42,4,4,1,,,0.4416,0.0
5,1,3,1,43,6,6,1,,,0.2138,0.0
5,1,3,1,44,6,1,0,,,1.4189,0.0
5,1,3,1,45,6,6,1,,,0.1554,0.0
5,1,3,1,46,2,2,1,,,0.9472,0.0
5,1,3,1,47,5,6,0,,,0.2339,0.0
5,1,3,1,48,4,3,0,,,0.8102,0.0
5,1,3,1,49,1,2,0,,,1.4587,0.0
5,1,3,1,50,6,6,1,,,0.1282,0.0
5,1,3,2,1,5,6,0,,,0.2786,0.0
5,1,3,2,2,2,2,1,,,0.7086,0.0
5,1,3,2,3,2,2,1,,,0.7576,0.0
5,1,3,2,4,6,6,1,,,0.245,0.0
5,1,3,2,5,2,2,1,,,0.4726,0.0
5,1,3,2,6,2,2,1,,,0.3076,0.0
5,1,3,2,7,4,4,1,,,0.8226,0.0
5,1,3,2,8,6,6,1,,,0.1302,0.0
5,1,3,2,9,3,1,0,,,2.811,0.0
5,1,3,2,10,5,5,1,,,0.2574,0.0
5,1,3,2,11,3,6,0,,,0.5813,0.0
5,1,3,2,12,6,6,1,,,0.2463,0.0
5,1,3,2,13,6,6,1,,,0.267,0.0
5,1,3,2,14,6,6,1,,,0.2375,0.0
5,1,3,2,15,3,4,0,,,0.8982,0.0
5,1,3,2,16,1,6,0,,,0.6954,0.0
5,1,3,2,17,4,2,0,,,2.116,0.0
5,1,3,2,18,3,2,0,,,1.4625,0.0
5,1,3,2,19,1,6,0,,,0.4369,0.0
5,1,3,2,20,4,4,1,,,0.7806,0.0
5,1,3,2,21,3,3,1,,,0.986,0.0
5,1,3,2,22,1,6,0,,,0.2555,0.0
5,1,3,2,23,1,6,0,,,0.5913,0.0
5,1,3,2,24,5,3,0,,,0.8975,0.0
5,1,3,2,25,3,4,0,3,1,2.4223,0.4373
5,1,3,2,26,3,3,1,,,0.7377,0.0
5,1,3,2,27,2,2,1,,,0.4659,0.0
5,1,3,2,28,1,3,0,6,0,1.037,0.5818
5,1,3,2,29,3,2,0,,,0.615,0.0
5,1,3,2,30,6,6,1,,,0.2478,0.0
5,1,3,2,31,2,2,1,,,0.4913,0.0
5,1,3,2,32,6,6,1,,,0.1982,0.0
5,1,3,2,33,6,6,1,,,0.4914,0.0
5,1,3,2,34,4,4,1,,,0.854,0.0
5,1,3,2,35,4,1,0,,,0.5772,0.0
5,1,3,2,36,5,1,0,,,2.0357,0.0
5,1,3,2,37,2,2,1,,,0.6177,0.0
5,1,3,2,38,5,5,1,,,0.2062,0.0
5,1,3,2,39,5,5,1,,,0.6608,0.0
5,1,3,2,40,4,4,1,,,0.6946,0.0
5,1,3,2,41,4,2,0,,,0.5686,0.0
5,1,3,2,42,4,4,1,,,1.3236,0.0
5,1,3,2,43,1,1,1,,,0.6425,0.0
5,1,3,2,44,6,6,1,,,0.1181,0.0
5,1,3,2,45,5,5,1,,,0.3521,0.0
5,1,3,2,46,1,1,1,,,0.5761,0.0
5,1,3,2,47,6,1,0,4,0,1.2387,0.6313
5,1,3,2,48,2,6,0,,,0.1183,0.0
5,1,3,2,49,5,5,1,,,0.492,0.0
5,1,3,2,50,1,1,1,,,0.9978,0.0
5,1,3,3,1,1,6,0,,,2.2653,0.0
5,1,3,3,2,3,6,0,,,0.2769,0.0
5,1,3,3,3,1,1,1,,,0.6595,0.0
5,1,3,3,4,5,5,1,,,0.5186,0.0
5,1,3,3,5,3,3,1,,,0.6075,0.0
5,1,3,3,6,2,2,1,,,0.6123,0.0
5,1,3,3,7,4,2,0,,,1.1133,0.0
5,1,3,3,8,3,6,0,,,0.2774,0.0
5,1,3,3,9,2,3,0,4,0,0.6917,0.7626
5,1,3,3,10,6,6,1,,,0.1811,0.0
5,1,3,3,11,2,2,1,,,0.3311,0.0
5,1,3,3,12,3,3,1,,,0.8915,0.0
5,1,3,3,13,3,6,0,,,0.9341,0.0
5,1,3,3,14,5,6,0,4,0,0.1856,1.2364
5,1,3,3,15,4,3,0,,,1.0347,0.0
5,1,3,3,16,6,3,0,,,0.9873,0.0
5,1,3,3,17,4,6,0,,,0.6205,0.0
5,1,3,3,18,4,4,1,,,0.7166,0.0
5,1,3,3,19,1,2,0,,,1.2607,0.0
5,1,3,3,20,6,6,1,,,0.2262,0.0
5,1,3,3,21,3,3,1,,,0.7587,0.0
5,1,3,3,22,6,6,1,,,0.2941,0.0
5,1,3,3,23,6,6,1,,,0.2966,0.0
5,1,3,3,24,5,2,0,,,0.7146,0.0
5,1,3,3,25,2,3,0,2,1,1.6714,0.5809
5,1,3,3,26,2,4,0,3,0,1.0988,0.4658
5,1,3,3,27,2,2,1,,,0.3758,0.0
5,1,3,3,28,4,5,0,,,0.5185,0.0
5,1,3,3,29,5,3,0,,,1.7717,0.0
5,1,3,3,30,4,2,0,,,1.9165,0.0
5,1,3,3,31,5,2,0,,,2.9354,0.0
5,1,3,3,32,4,4,1,,,1.4808,0.0
5,1,3,3,33,3,2,0,,,1.2415,0.0
5,1,3,3,34,3,1,0,,,1.0398,0.0
5,1,3,3,35,5,6,0,,,0.4303,0.0
5,1,3,3,36,1,4,0,3,0,0.8705,6.3892
5,1,3,3,37,4,4,1,,,0.6492,0.0
5,1,3,3,38,1,5,0,,,0.78,0.0
5,1,3,3,39,6,6,1,,,0.2464,0.0
5,1,3,3,40,5,6,0,4,0,0.3614,1.39
5,1,3,3,41,5,5,1,,,0.7041,0.0
5,1,3,3,42,6,6,1,,,0.1119,0.0
5,1,3,3,43,1,1,1,,,0.6822,0.0
5,1,3,3,44,6,6,1,,,0.123,0.0
5,1,3,3,45,2,2,1,,,0.5166,0.0
5,1,3,3,46,1,1,1,,,0.4947,0.0
5,1,3,3,47,1,1,1,,,0.7279,0.0
5,1,3,3,48,2,2,1,,,0.7281,0.0
5,1,3,3,49,6,6,1,,,0.3121,0.0
5,1,3,3,50,6,1,0,2,0,0.8728,1.8646
5,1,3,4,1,4,4,1,,,0.9306,0.0
5,1,3,4,2,3,3,1,,,1.5467,0.0
5,1,3,4,3,2,2,1,,,0.41,0.0
5,1,3,4,4,3,3,1,,,0.8542,0.0
5,1,3,4,5,1,1,1,,,0.7541,0.0
5,1,3,4,6,1,4,0,3,0,0.802,0.7879
5,1,3,4,7,6,6,1,,,0.0935,0.0
5,1,3,4,8,2,2,1,,,0.4231,0.0
5,1,3,4,9,6,6,1,,,0.548,0.0
5,1,3,4,10,2,2,1,,,0.3313,0.0
5,1,3,4,11,4,4,1,,,0.668,0.0
5,1,3,4,12,6,6,1,,,0.1589,0.0
5,1,3,4,13,5,5,1,,,0.3109,0.0
5,1,3,4,14,3,2,0,,,0.6636,0.0
5,1,3,4,15,5,5,1,,,0.3743,0.0
5,1,3,4,16,1,1,1,,,1.2692,0.0
5,1,3,4,17,4,2,0,3,0,1.8548,1.0145
5,1,3,4,18,2,2,1,,,0.5179,0.0
5,1,3,4,19,6,5,0,6,1,0.5269,0.4123
5,1,3,4,20,5,1,0,,,0.8734,0.0
5,1,3,4,21,5,4,0,5,1,0.9428,1.6443
5,1,3,4,22,1,4,0,,,1.094,0.0
5,1,3,4,23,5,2,0,,,2.1785,0.0
5,1,3,4,24,2,2,1,,,0.4029,0.0
5,1,3,4,25,5,5,1,,,0.8802,0.0
5,1,3,4,26,6,5,0,6,1,0.8587,0.4588
5,1,3,4,27,1,1,1,,,0.9177,0.0
5,1,3,4,28,3,6,0,4,0,0.639,0.6636
5,1,3,4,29,4,4,1,,,0.5185,0.0
5,1,3,4,30,4,4,1,,,0.7026,0.0
5,1,3,4,31,3,3,1,,,0.881,0.0
5,1,3,4,32,4,2,0,4,1,1.4341,0.4037
5,1,3,4,33,3,3,1,,,0.6254,0.0
5,1,3,4,34,6,6,1,,,0.4856,0.0
5,1,3,4,35,1,1,1,,,0.7529,0.0
5,1,3,4,36,3,4,0,,,1.2954,0.0
5,1,3,4,37,4,4,1,,,1.5714,0.0
5,1,3,4,38,2,2,1,,,0.3051,0.0
5,1,3,4,39,6,3,0,6,1,1.284,0.6745
5,1,3,4,40,5,4,0,3,0,0.6137,1.1038
5,1,3,4,41,1,1,1,,,1.9805,0.0
5,1,3,4,42,1,2,0,,,1.2244,0.0
5,1,3,4,43,3,3,1,,,2.0635,0.0
5,1,3,4,44,2,2,1,,,1.6888,0.0
5,1,3,4,45,6,5,0,,,0.2905,0.0
5,1,3,4,46,6,6,1,,,0.1603,0.0
5,1,3,4,47,5,5,1,,,0.4081,0.0
5,1,3,4,48,4,4,1,,,1.413,0.0
5,1,3,4,49,6,6,1,,,0.5858,0.0
5,1,3,4,50,2,2,1,,,0.5114,0.0
5,1,4,1,1,1,1,1,,,0.3511,0.0
5,1,4,1,2,4,4,1,,,0.96,0.0
5,1,4,1,3,1,6,0,1,1,0.2784,1.4543
5,1,4,1,4,2,4,0,2,1,2.4812,0.3825
5,1,4,1,5,6,6,1,,,0.3006,0.0
5,1,4,1,6,6,6,1,,,0.1751,0.0
5,1,4,1,7,5,1,0,,,1.1736,0.0
5,1,4,1,8,3,6,0,2,0,0.3349,2.9161
5,1,4,1,9,1,1,1,,,0.7104,0.0
5,1,4,1,10,2,5,0,3,0,0.4869,1.7825
5,1,4,1,11,4,4,1,,,2.3109,0.0
5,1,4,1,12,2,2,1,,,0.47,0.0
5,1,4,1,13,4,3,0,,,0.6888,0.0
5,1,4,1,14,5,5,1,,,0.6383,0.0
5,1,4,1,15,6,6,1,,,0.2756,0.0
5,1,4,1,16,6,6,1,,,0.2132,0.0
5,1,4,1,17,2,2,1,,,0.4102,0.0
5,1,4,1,18,2,2,1,,,0.5196,0.0
5,1,4,1,19,1,5,0,,,0.4487,0.0
5,1,4,1,20,1,1,1,,,0.1357,0.0
5,1,4,1,21,5,1,0,,,0.9604,0.0
5,1,4,1,22,3,3,1,,,1.2505,0.0
5,1,4,1,23,6,6,1,,,0.5733,0.0
5,1,4,1,24,5,1,0,,,0.5966,0.0
5,1,4,1,25,4,2,0,3,0,1.2536,2.4374
5,1,4,1,26,4,4,1,,,0.3631,0.0
5,1,4,1,27,6,6,1,,,0.0901,0.0
5,1,4,1,28,6,6,1,,,0.2931,0.0
5,1,4,1,29,5,3,0,2,0,1.7989,0.4169
5,1,4,1,30,5,6,0,,,0.2809,0.0
5,1,4,1,31,6,6,1,,,0.3911,0.0
5,1,4,1,32,1,1,1,,,0.5493,0.0
5,1,4,1,33,6,6,1,,,0.2688,0.0
5,1,4,1,34,5,5,1,,,0.2399,0.0
5,1,4,1,35,4,2,0,,,0.6133,0.0
5,1,4,1,36,3,6,0,4,0,1.0929,0.5562
5,1,4,1,37,4,4,1,,,0.7186,0.0
5,1,4,1,38,6,6,1,,,0.1122,0.0
5,1,4,1,39,3,3,1,,,1.1767,0.0
5,1,4,1,40,3,3,1,,,0.759,0.0
5,1,4,1,41,2,2,1,,,0.5975,0.0
5,1,4,1,42,4,4,1,,,0.8274,0.0
5,1,4,1,43,2,2,1,,,0.4232,0.0
5,1,4,1,44,3,3,1,,,0.7722,0.0
5,1,4,1,45,3,3,1,,,2.3385,0.0
5,1,4,1,46,5,5,1,,,0.2413,0.0
5,1,4,1,47,1,1,1,,,0.4691,0.0
5,1,4,1,48,3,3,1,,,0.8164,0.0
5,1,4,1,49,2,4,0,,,0.9089,0.0
5,1,4,1,50,1,1,1,,,0.1293,0.0
5,1,4,2,1,2,4,0,,,0.7113,0.0
5,1,4,2,2,4,4,1,,,1.0114,0.0
5,1,4,2,3,3,3,1,,,0.6964,0.0
5,1,4,2,4,6,6,1,,,0.17,0.0
5,1,4,2,5,3,2,0,,,0.497,0.0
5,1,4,2,6,2,6,0,,,0.5654,0.0
5,1,4,2,7,4,4,1,,,0.8885,0.0
5,1,4,2,8,2,6,0,,,0.5787,0.0
5,1,4,2,9,3,6,0,,,0.4679,0.0
5,1,4,2,10,1,1,1,,,0.3307,0.0
5,1,4,2,11,4,2,0,,,0.8105,0.0
5,1,4,2,12,1,1,1,,,0.5153,0.0
5,1,4,2,13,3,4,0,,,0.8119,0.0
5,1,4,2,14,1,2,0,,,1.0445,0.0
5,1,4,2,15,5,5,1,,,0.8984,0.0
5,1,4,2,16,6,2,0,4,0,0.5723,1.0956
5,1,4,2,17,1,1,1,,,0.3399,0.0
5,1,4,2,18,6,6,1,,,0.4354,0.0
5,1,4,2,19,4,4,1,,,2.5124,0.0
5,1,4,2,20,4,4,1,,,0.8552,0.0
5,1,4,2,21,4,3,0,,,0.7073,0.0
5,1,4,2,22,6,6,1,,,1.2315,0.0
5,1,4,2,23,5,5,1,,,1.3542,0.0
5,1,4,2,24,4,4,1,,,1.2336,0.0
5,1,4,2,25,2,2,1,,,0.557,0.0
5,1,4,2,26,2,6,0,,,0.5973,0.0
5,1,4,2,27,1,1,1,,,0.2299,0.0
5,1,4,2,28,2,2,1,,,0.41,0.0
5,1,4,2,29,1,3,0,,,0.6157,0.0
5,1,4,2,30,2,2,1,,,0.4394,0.0
5,1,4,2,31,5,5,1,,,0.9156,0.0
5,1,4,2,32,1,6,0,,,1.0533,0.0
5,1,4,2,33,5,1,0,,,1.4828,0.0
5,1,4,2,34,3,3,1,,,2.4877,0.0
5,1,4,2,35,6,6,1,,,0.448,0.0
5,1,4,2,36,6,6,1,,,0.3162,0.0
5,1,4,2,37,6,3,0,6,1,0.8448,0.4452
5,1,4,2,38,6,6,1,,,0.2336,0.0
5,1,4,2,39,4,4,1,,,0.7658,0.0
5,1,4,2,40,3,3,1,,,0.6687,0.0
5,1,4,2,41,6,6,1,,,0.3033,0.0
5,1,4,2,42,5,5,1,,,0.7057,0.0
5,1,4,2,43,6,6,1,,,0.2908,0.0
5,1,4,2,44,3,2,0,,,1.4611,0.0
5,1,4,2,45,1,1,1,,,0.6427,0.0
5,1,4,2,46,2,2,1,,,0.3578,0.0
5,1,4,2,47,3,6,0,,,0.5487,0.0
5,1,4,2,48,5,4,0,,,2.2326,0.0
5,1,4,2,49,5,6,0,,,0.6621,0.0
5,1,4,2,50,5,5,1,,,2.7403,0.0
5,1,4,3,1,5,4,0,,,1.0398,0.0
5,1,4,3,2,5,5,1,,,1.8704,0.0
5,1,4,3,3,6,1,0,6,1,1.9678,0.4185
5,1,4,3,4,2,3,0,,,2.2715,0.0
5,1,4,3,5,5,6,0,,,0.6199,0.0
5,1,4,3,6,3,3,1,,,1.6115,0.0
5,1,4,3,7,4,4,1,,,0.7444,0.0
5,1,4,3,8,1,1,1,,,0.3598,0.0
5,1,4,3,9,5,5,1,,,0.5179,0.0
5,1,4,3,10,6,6,1,,,0.559,0.0
5,1,4,3,11,6,1,0,,,0.871,0.0
5,1,4,3,12,2,2,1,,,0.9239,0.0
5,1,4,3,13,5,6,0,5,1,0.4362,0.95
5,1,4,3,14,1,4,0,,,0.7962,0.0
5,1,4,3,15,2,2,1,,,0.5658,0.0
5,1,4,3,16,1,1,1,,,1.0522,0.0
5,1,4,3,17,4,2,0,,,0.847,0.0
5,1,4,3,18,6,6,1,,,0.1502,0.0
5,1,4,3,19,4,4,1,,,0.5741,0.0
5,1,4,3,20,3,3,1,,,1.3646,0.0
5,1,4,3,21,3,1,0,,,0.5059,0.0
5,1,4,3,22,3,4,0,,,0.9435,0.0
5,1,4,3,23,6,6,1,,,0.3538,0.0
5,1,4,3,24,1,2,0,,,0.5614,0.0
5,1,4,3,25,3,6,0,,,0.7721,0.0
5,1,4,3,26,1,1,1,,,2.1742,0.0
5,1,4,3,27,3,3,1,,,0.5789,0.0
5,1,4,3,28,2,2,1,,,0.5043,0.0
5,1,4,3,29,1,6,0,,,0.546,0.0
5,1,4,3,30,1,1,1,,,1.1736,0.0
5,1,4,3,31,6,6,1,,,0.2923,0.0
5,1,4,3,32,2,2,1,,,0.2772,0.0
5,1,4,3,33,4,4,1,,,0.7925,0.0
5,1,4,3,34,4,4,1,,,0.4855,0.0
5,1,4,3,35,2,2,1,,,0.5925,0.0
5,1,4,3,36,5,5,1,,,0.5495,0.0
5,1,4,3,37,6,3,0,4,0,1.1328,1.3624
5,1,4,3,38,4,4,1,,,0.804,0.0
5,1,4,3,39,2,2,1,,,0.4647,0.0
5,1,4,3,40,4,2,0,,,1.3083,0.0
5,1,4,3,41,5,6,0,,,0.5274,0.0
5,1,4,3,42,6,6,1,,,0.2915,0.0
5,1,4,3,43,6,4,0,6,1,1.7647,0.5438
5,1,4,3,44,4,2,0,,,0.6481,0.0
5,1,4,3,45,3,3,1,,,1.1437,0.0
5,1,4,3,46,2,2,1,,,0.5659,0.0
5,1,4,3,47,3,5,0,,,0.9565,0.0
5,1,4,3,48,1,5,0,,,1.7583,0.0
5,1,4,3,49,5,6,0,1,0,0.7203,1.0453
5,1,4,3,50,6,6,1,,,0.3724,0.0
5,1,4,4,1,1,2,0,,,0.6884,0.0
5,1,4,4,2,4,1,0,,,1.5338,0.0
5,1,4,4,3,3,5,0,,,0.8398,0.0
5,1,4,4,4,6,3,0,,,0.9916,0.0
5,1,4,4,5,4,4,1,,,0.4317,0.0
5,1,4,4,6,6,6,1,,,0.1566,0.0
5,1,4,4,7,3,5,0,,,0.2119,0.0
5,1,4,4,8,1,3,0,,,2.3403,0.0
5,1,4,4,9,6,6,1,,,0.862,0.0
5,1,4,4,10,6,6,1,,,0.2326,0.0
5,1,4,4,11,3,2,0,,,0.5094,0.0
5,1,4,4,12,1,3,0,,,0.7534,0.0
5,1,4,4,13,4,1,0,,,0.6045,0.0
5,1,4,4,14,2,2,1,,,0.6687,0.0
5,1,4,4,15,2,2,1,,,0.2072,0.0
5,1,4,4,16,5,1,0,,,1.3173,0.0
5,1,4,4,17,5,1,0,,,0.7925,0.0
5,1,4,4,18,1,6,0,,,1.6975,0.0
5,1,4,4,19,2,2,1,,,0.2613,0.0
5,1,4,4,20,6,6,1,,,0.5685,0.0
5,1,4,4,21,4,4,1,,,0.7035,0.0
5,1,4,4,22,6,6,1,,,0.193,0.0
5,1,4,4,23,5,5,1,,,0.3742,0.0
5,1,4,4,24,1,4,0,1,1,1.4939,0.3318
5,1,4,4,25,5,2,0,,,0.3957,0.0
5,1,4,4,26,5,2,0,,,3.3485,0.0
5,1,4,4,27,4,3,0,1,0,0.8526,1.2047
5,1,4,4,28,1,2,0,,,1.501,0.0
5,1,4,4,29,3,6,0,,,0.3941,0.0
5,1,4,4,30,2,2,1,,,0.7233,0.0
5,1,4,4,31,2,2,1,,,0.8823,0.0
5,1,4,4,32,2,3,0,,,0.5253,0.0
5,1,4,4,33,4,4,1,,,0.6246,0.0
5,1,4,4,34,6,6,1,,,0.4533,0.0
5,1,4,4,35,3,4,0,3,1,0.6561,0.9367
5,1,4,4,36,3,6,0,,,0.6242,0.0
5,1,4,4,37,5,5,1,,,0.3518,0.0
5,1,4,4,38,2,2,1,,,0.3999,0.0
5,1,4,4,39,2,2,1,,,0.6539,0.0
5,1,4,4,40,4,2,0,,,0.865,0.0
5,1,4,4,41,6,6,1,,,0.1343,0.0
5,1,4,4,42,6,6,1,,,0.2554,0.0
5,1,4,4,43,3,3,1,,,1.8751,0.0
5,1,4,4,44,6,6,1,,,0.7722,0.0
5,1,4,4,45,5,4,0,,,1.0908,0.0
5,1,4,4,46,4,4,1,,,0.6391,0.0
5,1,4,4,47,5,5,1,,,0.2751,0.0
5,1,4,4,48,1,2,0,,,0.582,0.0
5,1,4,4,49,1,6,0,1,1,0.2961,0.9741
5,1,4,4,50,3,2,0,,,1.0128,0.0
5,1,5,1,1,4,4,1,,,1.0098,0.0
5,1,5,1,2,1,2,0,6,0,0.9023,0.4358
5,1,5,1,3,3,6,0,,,1.3878,0.0
5,1,5,1,4,4,6,0,3,0,0.2527,1.9577
5,1,5,1,5,6,6,1,,,0.1587,0.0
5,1,5,1,6,5,5,1,,,0.9502,0.0
5,1,5,1,7,5,5,1,,,0.4465,0.0
5,1,5,1,8,6,6,1,,,0.1702,0.0
5,1,5,1,9,4,4,1,,,2.2249,0.0
5,1,5,1,10,1,5,0,,,0.6761,0.0
5,1,5,1,11,4,2,0,,,0.6088,0.0
5,1,5,1,12,6,6,1,,,0.1773,0.0
5,1,5,1,13,3,3,1,,,0.8244,0.0
5,1,5,1,14,6,6,1,,,0.3722,0.0
5,1,5,1,15,3,6,0,5,0,0.7234,0.6328
5,1,5,1,16,2,3,0,,,0.6651,0.0
5,1,5,1,17,1,1,1,,,0.6785,0.0
5,1,5,1,18,6,6,1,,,0.1848,0.0
5,1,5,1,19,1,1,1,,,1.088,0.0
5,1,5,1,20,5,5,1,,,0.3214,0.0
5,1,5,1,21,6,6,1,,,0.3865,0.0
5,1,5,1,22,1,3,0,1,1,0.7369,0.6781
5,1,5,1,23,2,2,1,,,0.344,0.0
5,1,5,1,24,5,6,0,,,0.2313,0.0
5,1,5,1,25,3,4,0,3,1,1.2877,0.7095
5,1,5,1,26,2,2,1,,,0.3744,0.0
5,1,5,1,27,3,3,1,,,0.6139,0.0
5,1,5,1,28,1,1,1,,,1.0978,0.0
5,1,5,1,29,2,2,1,,,1.2116,0.0
5,1,5,1,30,6,6,1,,,0.2158,0.0
5,1,5,1,31,3,4,0,,,2.2042,0.0
5,1,5,1,32,6,4,0,3,0,1.676,0.6182
5,1,5,1,33,3,4,0,,,0.9068,0.0
5,1,5,1,34,2,2,1,,,0.3987,0.0
5,1,5,1,35,4,4,1,,,0.5891,0.0
5,1,5,1,36,6,3,0,,,1.138,0.0
5,1,5,1,37,6,6,1,,,0.3009,0.0
5,1,5,1,38,4,4,1,,,0.7179,0.0
5,1,5,1,39,5,2,0,1,0,1.2794,0.3186
5,1,5,1,40,5,5,1,,,2.2834,0.0
5,1,5,1,41,2,2,1,,,0.5558,0.0
5,1,5,1,42,2,2,1,,,0.2107,0.0
5,1,5,1,43,5,3,0,,,1.4162,0.0
5,1,5,1,44,4,2,0,3,0,0.6318,0.4495
5,1,5,1,45,1,1,1,,,0.296,0.0
5,1,5,1,46,4,4,1,,,0.538,0.0
5,1,5,1,47,2,4,0,,,0.6906,0.0
5,1,5,1,48,3,3,1,,,0.6557,0.0
5,1,5,1,49,1,2,0,,,1.8101,0.0
5,1,5,1,50,5,1,0,,,0.706,0.0
5,1,5,2,1,6,1,0,6,1,0.9401,0.2647
5,1,5,2,2,2,4,0,,,1.5006,0.0
5,1,5,2,3,1,3,0,2,0,0.5997,1.2823
5,1,5,2,4,3,2,0,,,1.1433,0.0
5,1,5,2,5,6,6,1,,,0.1628,0.0
5,1,5,2,6,2,2,1,,,0.346,0.0
5,1,5,2,7,4,4,1,,,0.6812,0.0
5,1,5,2,8,3,2,0,,,1.4679,0.0
5,1,5,2,9,2,1,0,,,0.9367,0.0
5,1,5,2,10,1,1,1,,,0.4279,0.0
5,1,5,2,11,6,6,1,,,0.0724,0.0
5,1,5,2,12,3,3,1,,,0.6122,0.0
5,1,5,2,13,5,4,0,2,0,0.8405,1.5616
5,1,5,2,14,1,5,0,,,0.5308,0.0
5,1,5,2,15,5,6,0,,,0.5345,0.0
5,1,5,2,16,4,3,0,,,0.6664,0.0
5,1,5,2,17,5,5,1,,,0.8406,0.0
5,1,5,2,18,1,1,1,,,0.5638,0.0
5,1,5,2,19,6,6,1,,,0.2998,0.0
5,1,5,2,20,5,3,0,,,1.0047,0.0
5,1,5,2,21,1,3,0,,,0.9404,0.0
5,1,5,2,22,4,4,1,,,0.5916,0.0
5,1,5,2,23,6,6,1,,,0.2939,0.0
5,1,5,2,24,4,4,1,,,1.8314,0.0
5,1,5,2,25,3,1,0,,,0.282,0.0
5,1,5,2,26,6,6,1,,,0.2484,0.0
5,1,5,2,27,6,6,1,,,0.1083,0.0
5,1,5,2,28,3,2,0,,,1.2851,0.0
5,1,5,2,29,5,1,0,,,0.5541,0.0
5,1,5,2,30,6,6,1,,,0.3012,0.0
5,1,5,2,31,1,6,0,3,0,0.4959,1.9661
5,1,5,2,32,6,6,1,,,0.3917,0.0
5,1,5,2,33,4,3,0,2,0,0.8207,0.5347
5,1,5,2,34,2,4,0,,,1.05,0.0
5,1,5,2,35,5,6,0,,,0.4874,0.0
5,1,5,2,36,3,3,1,,,1.4369,0.0
5,1,5,2,37,2,4,0,,,0.6239,0.0
5,1,5,2,38,3,1,0,,,0.8951,0.0
5,1,5,2,39,4,3,0,,,0.6915,0.0
5,1,5,2,40,1,1,1,,,0.7206,0.0
5,1,5,2,41,4,4,1,,,0.6897,0.0
5,1,5,2,42,6,6,1,,,0.1474,0.0
5,1,5,2,43,2,3,0,,,0.8271,0.0
5,1,5,2,44,1,1,1,,,1.9387,0.0
5,1,5,2,45,5,6,0,,,0.3043,0.0
5,1,5,2,46,2,2,1,,,0.8455,0.0
5,1,5,2,47,5,5,1,,,0.5534,0.0
5,1,5,2,48,2,2,1,,,1.1202,0.0
5,1,5,2,49,4,6,0,5,0,0.4972,1.1361
5,1,5,2,50,3,6,0,3,1,0.6676,1.1864
5,1,5,3,1,5,6,0,,,0.5264,0.0
5,1,5,3,2,3,4,0,6,0,0.945,0.9417
5,1,5,3,3,5,5,1,,,0.8332,0.0
5,1,5,3,4,6,6,1,,,0.2374,0.0
5,1,5,3,5,6,6,1,,,0.3522,0.0
5,1,5,3,6,6,6,1,,,1.1691,0.0
5,1,5,3,7,1,6,0,,,0.4147,0.0
5,1,5,3,8,6,6,1,,,0.2473,0.0
5,1,5,3,9,2,2,1,,,0.6352,0.0
5,1,5,3,10,1,5,0,,,1.4719,0.0
5,1,5,3,11,2,2,1,,,1.1486,0.0
5,1,5,3,12,2,2,1,,,0.4921,0.0
5,1,5,3,13,6,6,1,,,1.0452,0.0
5,1,5,3,14,1,1,1,,,0.76,0.0
5,1,5,3,15,3,3,1,,,0.9838,0.0
5,1,5,3,16,2,2,1,,,0.7336,0.0
5,1,5,3,17,4,4,1,,,0.8138,0.0
5,1,5,3,18,3,3,1,,,0.9701,0.0
5,1,5,3,19,4,6,0,3,0,1.0882,0.9502
5,1,5,3,20,6,6,1,,,0.1058,0.0
5,1,5,3,21,6,6,1,,,0.5634,0.0
5,1,5,3,22,6,6,1,,,1.2106,0.0
5,1,5,3,23,1,1,1,,,0.5825,0.0
5,1,5,3,24,5,6,0,,,0.3175,0.0
5,1,5,3,25,2,2,1,,,0.5693,0.0
5,1,5,3,26,5,4,0,,,0.7358,0.0
5,1,5,3,27,1,3,0,,,0.7476,0.0
5,1,5,3,28,3,3,1,,,1.6064,0.0
5,1,5,3,29,5,5,1,,,0.4667,0.0
5,1,5,3,30,2,2,1,,,0.5251,0.0
5,1,5,3,31,4,4,1,,,0.7422,0.0
5,1,5,3,32,1,1,1,,,0.613,0.0
5,1,5,3,33,4,4,1,,,0.5221,0.0
5,1,5,3,34,5,5,1,,,0.547,0.0
5,1,5,3,35,4,4,1,,,0.7144,0.0
5,1,5,3,36,3,2,0,,,1.435,0.0
5,1,5,3,37,4,4,1,,,1.0816,0.0
5,1,5,3,38,5,6,0,,,1.7401,0.0
5,1,5,3,39,4,3,0,2,0,0.6854,1.0445
5,1,5,3,40,6,6,1,,,0.7708,0.0
5,1,5,3,41,2,2,1,,,0.5463,0.0
5,1,5,3,42,4,3,0,,,0.6011,0.0
5,1,5,3,43,3,3,1,,,1.5623,0.0
5,1,5,3,44,2,2,1,,,0.5362,0.0
5,1,5,3,45,3,6,0,,,1.0086,0.0
5,1,5,3,46,1,1,1,,,0.5118,0.0
5,1,5,3,47,6,6,1,,,0.201,0.0
5,1,5,3,48,3,2,0,4,0,0.7348,1.2841
5,1,5,3,49,1,1,1,,,1.3531,0.0
5,1,5,3,50,5,5,1,,,0.3678,0.0
5,1,5,4,1,3,6,0,,,2.9565,0.0
5,1,5,4,2,2,3,0,,,0.9076,0.0
5,1,5,4,3,3,5,0,,,0.6714,0.0
5,1,5,4,4,4,2,0,3,0,0.7656,1.506
5,1,5,4,5,5,2,0,4,0,0.8287,1.0228
5,1,5,4,6,5,5,1,,,0.9579,0.0
5,1,5,4,7,4,2,0,,,1.6694,0.0
5,1,5,4,8,3,3,1,,,0.8259,0.0
5,1,5,4,9,5,5,1,,,0.4535,0.0
5,1,5,4,10,3,4,0,3,1,0.6247,0.7301
5,1,5,4,11,5,6,0,,,0.4263,0.0
5,1,5,4,12,6,5,0,6,1,1.763,0.4295
5,1,5,4,13,5,5,1,,,0.5705,0.0
5,1,5,4,14,1,1,1,,,0.6571,0.0
5,1,5,4,15,1,1,1,,,0.8511,0.0
5,1,5,4,16,4,4,1,,,1.1508,0.0
5,1,5,4,17,2,4,0,2,1,2.7494,0.4951
5,1,5,4,18,4,4,1,,,0.8256,0.0
5,1,5,4,19,6,6,1,,,0.325,0.0
5,1,5,4,20,6,6,1,,,0.1984,0.0
5,1,5,4,21,2,2,1,,,0.5878,0.0
5,1,5,4,22,3,3,1,,,0.7866,0.0
5,1,5,4,23,3,4,0,,,0.7041,0.0
5,1,5,4,24,4,4,1,,,0.9244,0.0
5,1,5,4,25,1,5,0,3,0,1.0448,1.3254
5,1,5,4,26,4,6,0,,,0.1762,0.0
5,1,5,4,27,3,4,0,,,0.7692,0.0
5,1,5,4,28,1,1,1,,,0.7318,0.0
5,1,5,4,29,1,5,0,,,0.444,0.0
5,1,5,4,30,6,6,1,,,0.2588,0.0
5,1,5,4,31,6,6,1,,,0.2299,0.0
5,1,5,4,32,5,2,0,,,1.1307,0.0
5,1,5,4,33,2,2,1,,,0.3579,0.0
5,1,5,4,34,6,6,1,,,0.2447,0.0
5,1,5,4,35,2,2,1,,,0.3933,0.0
5,1,5,4,36,3,1,0,,,0.3588,0.0
5,1,5,4,37,2,2,1,,,0.5454,0.0
5,1,5,4,38,4,5,0,,,2.6013,0.0
5,1,5,4,39,4,4,1,,,0.5991,0.0
5,1,5,4,40,5,6,0,,,1.5971,0.0
5,1,5,4,41,2,1,0,2,1,1.2057,0.9351
5,1,5,4,42,6,6,1,,,0.2702,0.0
5,1,5,4,43,2,5,0,2,1,0.8172,0.5475
5,1,5,4,44,1,6,0,,,0.7315,0.0
5,1,5,4,45,5,1,0,2,0,1.2544,0.5505
5,1,5,4,46,6,6,1,,,0.3777,0.0
5,1,5,4,47,6,6,1,,,0.4236,0.0
5,1,5,4,48,6,1,0,,,0.7875,0.0
5,1,5,4,49,1,6,0,,,0.4764,0.0
5,1,5,4,50,1,1,1,,,2.5789,0.0
5,2,1,1,1,3,2,0,,,0.9948,0.0
5,2,1,1,2,4,4,1,,,0.851,0.0
5,2,1,1,3,1,1,1,,,0.6714,0.0
5,2,1,1,4,6,3,0,,,0.6254,0.0
5,2,1,1,5,6,6,1,,,1.0738,0.0
5,2,1,1,6,2,2,1,,,2.916,0.0
5,2,1,1,7,6,2,0,,,0.5707,0.0
5,2,1,1,8,5,6,0,3,0,0.3648,1.6022
5,2,1,1,9,6,6,1,,,0.6341,0.0
5,2,1,1,10,5,6,0,,,0.5098,0.0
5,2,1,1,11,2,2,1,,,0.8987,0.0
5,2,1,1,12,4,3,0,,,1.6279,0.0
5,2,1,1,13,3,3,1,,,0.4674,0.0
5,2,1,1,14,4,4,1,,,1.0058,0.0
5,2,1,1,15,3,3,1,,,0.6912,0.0
5,2,1,1,16,5,4,0,6,0,1.1407,0.281
5,2,1,1,17,4,2,0,,,0.2959,0.0
5,2,1,1,18,2,3,0,,,0.8533,0.0
5,2,1,1,19,4,2,0,,,3.6434,0.0
5,2,1,1,20,1,4,0,2,0,0.9759,0.5231
5,2,1,1,21,4,2,0,4,1,1.5355,0.7554
5,2,1,1,22,5,5,1,,,0.9797,0.0
5,2,1,1,23,1,1,1,,,0.9859,0.0
5,2,1,1,24,3,2,0,4,0,0.9109,0.6377
5,2,1,1,25,2,5,0,2,1,0.5249,0.5544
5,2,1,1,26,2,2,1,,,0.3543,0.0
5,2,1,1,27,5,6,0,,,0.594,0.0
5,2,1,1,28,3,2,0,,,0.4994,0.0
5,2,1,1,29,2,6,0,,,0.5691,0.0
5,2,1,1,30,6,6,1,,,0.1878,0.0
5,2,1,1,31,1,4,0,,,0.786,0.0
5,2,1,1,32,6,6,1,,,0.0751,0.0
5,2,1,1,33,3,3,1,,,0.7116,0.0
5,2,1,1,34,5,2,0,4,0,1.4331,0.5134
5,2,1,1,35,1,1,1,,,1.5261,0.0
5,2,1,1,36,6,5,0,3,0,0.6302,0.847
5,2,1,1,37,3,2,0,4,0,1.0306,0.8474
5,2,1,1,38,4,4,1,,,3.0618,0.0
5,2,1,1,39,1,5,0,,,0.1989,0.0
5,2,1,1,40,3,6,0,,,1.1758,0.0
5,2,1,1,41,6,6,1,,,0.7706,0.0
5,2,1,1,42,6,6,1,,,0.2882,0.0
5,2,1,1,43,2,2,1,,,0.6112,0.0
5,2,1,1,44,4,4,1,,,0.505,0.0
5,2,1,1,45,1,1,1,,,0.5782,0.0
5,2,1,1,46,1,1,1,,,0.3782,0.0
5,2,1,1,47,2,2,1,,,0.5681,0.0
5,2,1,1,48,5,3,0,,,0.8631,0.0
5,2,1,1,49,5,5,1,,,0.2616,0.0
5,2,1,1,50,6,6,1,,,0.4576,0.0
5,2,1,2,1,3,3,1,,,0.995,0.0
5,2,1,2,2,5,5,1,,,0.6483,0.0
5,2,1,2,3,2,2,1,,,0.588,0.0
5,2,1,2,4,2,2,1,,,0.1623,0.0
5,2,1,2,5,4,4,1,,,1.0341,0.0
5,2,1,2,6,5,5,1,,,0.7819,0.0
5,2,1,2,7,1,1,1,,,0.8449,0.0
5,2,1,2,8,2,2,1,,,0.2969,0.0
5,2,1,2,9,6,6,1,,,0.2179,0.0
5,2,1,2,10,1,3,0,,,1.008,0.0
5,2,1,2,11,1,6,0,,,0.2247,0.0
5,2,1,2,12,2,2,1,,,0.2569,0.0
5,2,1,2,13,4,4,1,,,0.725,0.0
5,2,1,2,14,6,6,1,,,0.4862,0.0
5,2,1,2,15,6,5,0,6,1,0.6084,0.6349
5,2,1,2,16,3,6,0,,,1.2942,0.0
5,2,1,2,17,3,3,1,,,0.8041,0.0
5,2,1,2,18,6,6,1,,,0.4811,0.0
5,2,1,2,19,6,4,0,,,0.859,0.0
5,2,1,2,20,1,1,1,,,1.1384,0.0
5,2,1,2,21,4,2,0,4,1,1.1063,0.8236
5,2,1,2,22,5,6,0,5,1,0.5648,0.4966
5,2,1,2,23,2,2,1,,,0.6177,0.0
5,2,1,2,24,3,6,0,1,0,1.6789,0.4458
5,2,1,2,25,3,6,0,,,1.2685,0.0
5,2,1,2,26,3,3,1,,,1.5785,0.0
5,2,1,2,27,6,3,0,4,0,0.68,0.8636
5,2,1,2,28,5,2,0,,,0.7576,0.0
5,2,1,2,29,4,4,1,,,0.4809,0.0
5,2,1,2,30,6,6,1,,,0.2992,0.0
5,2,1,2,31,3,3,1,,,2.237,0.0
5,2,1,2,32,2,1,0,4,0,0.6559,0.8714
5,2,1,2,33,1,6,0,2,0,0.7821,0.353
5,2,1,2,34,5,5,1,,,0.5409,0.0
5,2,1,2,35,1,1,1,,,0.7084,0.0
5,2,1,2,36,5,6,0,5,1,0.7258,0.2843
5,2,1,2,37,6,4,0,1,0,1.2147,1.1199
5,2,1,2,38,1,5,0,,,0.4752,0.0
5,2,1,2,39,3,1,0,3,1,1.4265,2.1714
5,2,1,2,40,2,6,0,2,1,0.5921,1.2912
5,2,1,2,41,6,6,1,,,0.3726,0.0
5,2,1,2,42,6,6,1,,,0.26,0.0
5,2,1,2,43,4,4,1,,,0.8233,0.0
5,2,1,2,44,5,2,0,1,0,0.6929,0.6033
5,2,1,2,45,4,6,0,,,1.9968,0.0
5,2,1,2,46,1,4,0,3,0,1.5557,0.5034
5,2,1,2,47,2,3,0,,,0.8766,0.0
5,2,1,2,48,4,2,0,,,0.7219,0.0
5,2,1,2,49,4,6,0,3,0,0.5111,1.3896
5,2,1,2,50,5,5,1,,,0.238,0.0
5,2,1,3,1,4,3,0,2,0,1.1836,1.2188
5,2,1,3,2,6,2,0,,,1.7224,0.0
5,2,1,3,3,4,2,0,,,0.7982,0.0
5,2,1,3,4,1,2,0,5,0,0.6946,0.7171
5,2,1,3,5,3,1,0,,,0.7138,0.0
5,2,1,3,6,1,2,0,,,1.7176,0.0
5,2,1,3,7,3,4,0,3,1,0.7618,1.3579
5,2,1,3,8,3,3,1,,,0.5479,0.0
5,2,1,3,9,6,6,1,,,0.1403,0.0
5,2,1,3,10,5,6,0,3,0,1.5086,0.2973
5,2,1,3,11,5,5,1,,,0.2791,0.0
5,2,1,3,12,4,3,0,5,0,0.6501,1.0909
5,2,1,3,13,6,4,0,6,1,1.2317,0.3534
5,2,1,3,14,3,2,0,,,0.7043,0.0
5,2,1,3,15,6,6,1,,,0.1732,0.0
5,2,1,3,16,2,3,0,4,0,1.4288,1.2298
5,2,1,3,17,3,2,0,,,0.8688,0.0
5,2,1,3,18,2,1,0,4,0,1.8186,0.6428
5,2,1,3,19,6,4,0,3,0,1.9224,1.2865
5,2,1,3,20,2,2,1,,,0.4593,0.0
5,2,1,3,21,6,4,0,6,1,0.6155,0.386
5,2,1,3,22,3,1,0,,,0.6405,0.0
5,2,1,3,23,5,2,0,5,1,1.0884,0.5821
5,2,1,3,24,2,2,1,,,1.7088,0.0
5,2,1,3,25,5,5,1,,,0.357,0.0
5,2,1,3,26,1,1,1,,,0.8046,0.0
5,2,1,3,27,6,5,0,,,0.2423,0.0
5,2,1,3,28,2,2,1,,,0.3537,0.0
5,2,1,3,29,1,6,0,5,0,0.4661,1.0102
5,2,1,3,30,1,1,1,,,0.5636,0.0
5,2,1,3,31,5,6,0,,,0.7149,0.0
5,2,1,3,32,6,6,1,,,0.1981,0.0
5,2,1,3,33,4,2,0,,,0.9559,0.0
5,2,1,3,34,2,2,1,,,0.1598,0.0
5,2,1,3,35,4,4,1,,,0.2632,0.0
5,2,1,3,36,1,3,0,6,0,1.0987,0.3048
5,2,1,3,37,3,2,0,,,0.894,0.0
5,2,1,3,38,5,5,1,,,0.387,0.0
5,2,1,3,39,6,6,1,,,0.2739,0.0
5,2,1,3,40,2,3,0,2,1,0.8373,1.0463
5,2,1,3,41,2,2,1,,,0.1701,0.0
5,2,1,3,42,4,4,1,,,0.6252,0.0
5,2,1,3,43,1,3,0,1,1,0.6781,2.0613
5,2,1,3,44,5,5,1,,,0.2632,0.0
5,2,1,3,45,3,3,1,,,0.5066,0.0
5,2,1,3,46,6,6,1,,,0.6763,0.0
5,2,1,3,47,1,1,1,,,1.511,0.0
5,2,1,3,48,4,4,1,,,0.5518,0.0
5,2,1,3,49,4,3,0,4,1,0.3835,1.4102
5,2,1,3,50,5,3,0,,,0.8715,0.0
5,2,1,4,1,1,1,1,,,0.9865,0.0
5,2,1,4,2,4,4,1,,,0.48,0.0
5,2,1,4,3,2,2,1,,,0.6026,0.0
5,2,1,4,4,3,1,0,4,0,0.6399,0.665
5,2,1,4,5,5,2,0,,,1.2709,0.0
5,2,1,4,6,5,3,0,,,0.6048,0.0
5,2,1,4,7,6,6,1,,,0.7026,0.0
5,2,1,4,8,3,6,0,,,0.3358,0.0
5,2,1,4,9,5,2,0,,,1.1791,0.0
5,2,1,4,10,6,1,0,3,0,1.8124,0.542
5,2,1,4,11,6,6,1,,,0.0972,0.0
5,2,1,4,12,6,6,1,,,0.1401,0.0
5,2,1,4,13,2,5,0,6,0,1.0604,0.5247
5,2,1,4,14,4,2,0,4,1,0.2569,1.9768
5,2,1,4,15,4,4,1,,,1.3668,0.0
5,2,1,4,16,2,3,0,2,1,2.0932,0.41
5,2,1,4,17,2,2,1,,,1.2083,0.0
5,2,1,4,18,6,6,1,,,0.2126,0.0
5,2,1,4,19,6,6,1,,,0.3135,0.0
5,2,1,4,20,5,5,1,,,1.3232,0.0
5,2,1,4,21,6,6,1,,,0.387,0.0
5,2,1,4,22,1,6,0,2,0,0.4662,1.2182
5,2,1,4,23,3,1,0,,,3.9457,0.0
5,2,1,4,24,2,6,0,,,1.5536,0.0
5,2,1,4,25,4,2,0,4,1,0.5403,1.2566
5,2,1,4,26,5,2,0,1,0,0.8834,1.5396
5,2,1,4,27,4,4,1,,,0.5893,0.0
5,2,1,4,28,1,4,0,,,1.7316,0.0
5,2,1,4,29,3,3,1,,,0.838,0.0
5,2,1,4,30,6,6,1,,,0.1622,0.0
5,2,1,4,31,1,1,1,,,0.5385,0.0
5,2,1,4,32,3,3,1,,,0.674,0.0
5,2,1,4,33,2,2,1,,,0.4047,0.0
5,2,1,4,34,3,3,1,,,0.7385,0.0
5,2,1,4,35,2,3,0,4,0,1.0757,0.4427
5,2,1,4,36,1,4,0,,,1.6017,0.0
5,2,1,4,37,4,6,0,,,0.2176,0.0
5,2,1,4,38,3,1,0,4,0,0.6024,0.7411
5,2,1,4,39,6,6,1,,,0.1762,0.0
5,2,1,4,40,5,5,1,,,0.3439,0.0
5,2,1,4,41,5,3,0,,,1.2568,0.0
5,2,1,4,42,5,5,1,,,0.6063,0.0
5,2,1,4,43,1,3,0,,,0.9963,0.0
5,2,1,4,44,6,6,1,,,0.1808,0.0
5,2,1,4,45,3,6,0,3,1,0.795,0.7502
5,2,1,4,46,4,4,1,,,0.7182,0.0
5,2,1,4,47,2,2,1,,,0.4469,0.0
5,2,1,4,48,4,2,0,,,1.4665,0.0
5,2,1,4,49,1,2,0,,,1.4954,0.0
5,2,1,4,50,1,1,1,,,0.5796,0.0
5,2,2,1,1,3,4,0,,,1.2266,0.0
5,2,2,1,2,6,6,1,,,0.1144,0.0
5,2,2,1,3,6,6,1,,,0.3162,0.0
5,2,2,1,4,5,2,0,,,1.4693,0.0
5,2,2,1,5,4,3,0,4,1,1.595,0.3969
5,2,2,1,6,4,5,0,,,0.4423,0.0
5,2,2,1,7,1,3,0,2,0,1.1855,0.6283
5,2,2,1,8,2,2,1,,,0.3725,0.0
5,2,2,1,9,4,6,0,,,0.8347,0.0
5,2,2,1,10,3,3,1,,,0.6503,0.0
5,2,2,1,11,2,2,1,,,0.4624,0.0
5,2,2,1,12,2,2,1,,,0.5686,0.0
5,2,2,1,13,5,1,0,,,1.6482,0.0
5,2,2,1,14,3,3,1,,,0.6624,0.0
5,2,2,1,15,1,2,0,1,1,1.0978,0.8642
5,2,2,1,16,5,6,0,,,0.8591,0.0
5,2,2,1,17,4,4,1,,,0.802,0.0
5,2,2,1,18,1,2,0,,,1.2945,0.0
5,2,2,1,19,1,1,1,,,0.3705,0.0
5,2,2,1,20,6,6,1,,,0.1941,0.0
5,2,2,1,21,6,6,1,,,0.2335,0.0
5,2,2,1,22,5,4,0,,,1.0859,0.0
5,2,2,1,23,5,5,1,,,0.363,0.0
5,2,2,1,24,2,2,1,,,0.6025,0.0
5,2,2,1,25,6,6,1,,,0.1751,0.0
5,2,2,1,26,3,2,0,,,1.0951,0.0
5,2,2,1,27,5,2,0,,,0.3551,0.0
5,2,2,1,28,1,1,1,,,0.5112,0.0
5,2,2,1,29,3,2,0,3,1,0.4881,0.9989
5,2,2,1,30,3,5,0,3,1,0.301,1.7307
5,2,2,1,31,4,4,1,,,0.5858,0.0
5,2,2,1,32,6,6,1,,,0.3209,0.0
5,2,2,1,33,6,6,1,,,0.6901,0.0
5,2,2,1,34,5,4,0,3,0,0.5471,0.7526
5,2,2,1,35,6,6,1,,,0.1239,0.0
5,2,2,1,36,5,3,0,1,0,0.6925,1.5163
5,2,2,1,37,4,2,0,6,0,1.3518,0.4191
5,2,2,1,38,3,6,0,,,0.7793,0.0
5,2,2,1,39,2,2,1,,,1.493,0.0
5,2,2,1,40,1,6,0,,,0.6303,0.0
5,2,2,1,41,6,6,1,,,0.1181,0.0
5,2,2,1,42,1,4,0,3,0,0.9586,0.363
5,2,2,1,43,3,3,1,,,1.2857,0.0
5,2,2,1,44,2,2,1,,,0.4478,0.0
5,2,2,1,45,1,1,1,,,1.2746,0.0
5,2,2,1,46,2,5,0,,,1.0932,0.0
5,2,2,1,47,4,3,0,,,1.0267,0.0
5,2,2,1,48,4,6,0,,,1.9373,0.0
5,2,2,1,49,6,6,1,,,0.4755,0.0
5,2,2,1,50,2,2,1,,,0.4873,0.0
5,2,2,2,1,3,1,0,,,1.2942,0.0
5,2,2,2,2,1,6,0,,,1.2515,0.0
5,2,2,2,3,4,1,0,,,1.0489,0.0
5,2,2,2,4,2,2,1,,,0.3441,0.0
5,2,2,2,5,3,1,0,,,0.6321,0.0
5,2,2,2,6,5,6,0,,,0.7442,0.0
5,2,2,2,7,6,4,0,3,0,1.204,0.4373
5,2,2,2,8,5,5,1,,,0.2374,0.0
5,2,2,2,9,6,6,1,,,0.1613,0.0
5,2,2,2,10,3,3,1,,,0.6328,0.0
5,2,2,2,11,5,2,0,,,0.8137,0.0
5,2,2,2,12,3,3,1,,,0.5332,0.0
5,2,2,2,13,3,4,0,3,1,0.6217,0.9832
5,2,2,2,14,4,3,0,,,0.9407,0.0
5,2,2,2,15,1,1,1,,,0.9448,0.0
5,2,2,2,16,2,4,0,,,1.0802,0.0
5,2,2,2,17,1,5,0,,,0.5019,0.0
5,2,2,2,18,3,1,0,,,1.2585,0.0
5,2,2,2,19,5,5,1,,,0.2246,0.0
5,2,2,2,20,4,3,0,,,0.8225,0.0
5,2,2,2,21,4,3,0,,,4.19,0.0
5,2,2,2,22,4,3,0,,,0.6516,0.0
5,2,2,2,23,6,4,0,2,0,0.8914,0.2494
5,2,2,2,24,1,6,0,1,1,0.1364,1.2551
5,2,2,2,25,4,3,0,4,1,0.5292,0.1755
5,2,2,2,26,6,6,1,,,1.1582,0.0
5,2,2,2,27,1,1,1,,,0.6776,0.0
5,2,2,2,28,5,5,1,,,0.36,0.0
5,2,2,2,29,2,2,1,,,0.8722,0.0
5,2,2,2,30,6,6,1,,,0.4193,0.0
5,2,2,2,31,6,6,1,,,0.1758,0.0
5,2,2,2,32,2,2,1,,,0.4391,0.0
5,2,2,2,33,6,6,1,,,0.1793,0.0
5,2,2,2,34,2,2,1,,,0.9071,0.0
5,2,2,2,35,5,5,1,,,0.3075,0.0
5,2,2,2,36,4,4,1,,,0.5176,0.0
5,2,2,2,37,5,5,1,,,0.3026,0.0
5,2,2,2,38,6,6,1,,,1.3611,0.0
5,2,2,2,39,1,6,0,,,0.4551,0.0
5,2,2,2,40,2,5,0,2,1,0.7668,0.7232
5,2,2,2,41,6,3,0,4,0,1.2834,0.4184
5,2,2,2,42,4,4,1,,,0.6351,0.0
5,2,2,2,43,6,6,1,,,0.2233,0.0
5,2,2,2,44,2,2,1,,,0.5962,0.0
5,2,2,2,45,5,5,1,,,0.4573,0.0
5,2,2,2,46,1,1,1,,,0.6131,0.0
5,2,2,2,47,3,3,1,,,0.6829,0.0
5,2,2,2,48,1,1,1,,,0.5405,0.0
5,2,2,2,49,2,2,1,,,0.7407,0.0
5,2,2,2,50,3,3,1,,,1.0606,0.0
5,2,2,3,1,5,5,1,,,0.2931,0.0
5,2,2,3,2,5,3,0,,,0.9686,0.0
5,2,2,3,3,1,2,0,,,0.6825,0.0
5,2,2,3,4,3,3,1,,,1.4481,0.0
5,2,2,3,5,5,2,0,,,0.7302,0.0
5,2,2,3,6,3,5,0,3,1,0.486,0.6617
5,2,2,3,7,1,3,0,,,1.2403,0.0
5,2,2,3,8,4,6,0,3,0,1.8876,0.4369
5,2,2,3,9,1,1,1,,,0.7801,0.0
5,2,2,3,10,2,2,1,,,0.3789,0.0
5,2,2,3,11,1,1,1,,,0.6332,0.0
5,2,2,3,12,3,3,1,,,0.9092,0.0
5,2,2,3,13,6,6,1,,,0.4706,0.0
5,2,2,3,14,6,6,1,,,0.3381,0.0
5,2,2,3,15,2,3,0,5,0,0.5625,1.3426
5,2,2,3,16,6,6,1,,,0.8809,0.0
5,2,2,3,17,1,2,0,,,0.4266,0.0
5,2,2,3,18,3,4,0,3,1,0.7867,0.2938
5,2,2,3,19,3,3,1,,,0.632,0.0
5,2,2,3,20,5,6,0,3,0,0.972,0.792
5,2,2,3,21,2,2,1,,,0.3537,0.0
5,2,2,3,22,4,6,0,2,0,1.5372,0.2615
5,2,2,3,23,1,6,0,,,1.6358,0.0
5,2,2,3,24,4,4,1,,,0.5701,0.0
5,2,2,3,25,6,6,1,,,0.242,0.0
5,2,2,3,26,3,3,1,,,0.6784,0.0
5,2,2,3,27,5,5,1,,,0.3287,0.0
5,2,2,3,28,5,5,1,,,0.1691,0.0
5,2,2,3,29,4,3,0,,,0.5922,0.0
5,2,2,3,30,4,4,1,,,0.561,0.0
5,2,2,3,31,5,5,1,,,0.5852,0.0
5,2,2,3,32,1,3,0,,,0.6389,0.0
5,2,2,3,33,4,2,0,,,0.5584,0.0
5,2,2,3,34,2,2,1,,,0.7697,0.0
5,2,2,3,35,1,3,0,4,0,1.0239,0.2332
5,2,2,3,36,6,2,0,4,0,1.1134,0.5269
5,2,2,3,37,2,2,1,,,0.3872,0.0
5,2,2,3,38,2,3,0,,,0.6422,0.0
5,2,2,3,39,6,6,1,,,0.1449,0.0
5,2,2,3,40,4,6,0,,,0.905,0.0
5,2,2,3,41,6,6,1,,,0.0932,0.0
5,2,2,3,42,5,5,1,,,0.9205,0.0
5,2,2,3,43,4,4,1,,,0.4323,0.0
5,2,2,3,44,6,6,1,,,0.6537,0.0
5,2,2,3,45,2,2,1,,,0.4811,0.0
5,2,2,3,46,6,6,1,,,0.2186,0.0
5,2,2,3,47,6,6,1,,,0.3046,0.0
5,2,2,3,48,2,2,1,,,0.4501,0.0
5,2,2,3,49,3,4,0,,,0.5425,0.0
5,2,2,3,50,3,4,0,3,1,1.9378,0.3254
5,2,2,4,1,4,2,0,,,0.6441,0.0
5,2,2,4,2,4,5,0,,,0.8992,0.0
5,2,2,4,3,5,4,0,2,0,0.4562,1.7206
5,2,2,4,4,6,6,1,,,0.1069,0.0
5,2,2,4,5,4,2,0,,,0.5333,0.0
5,2,2,4,6,3,4,0,3,1,1.5298,1.1493
5,2,2,4,7,5,5,1,,,0.8771,0.0
5,2,2,4,8,1,6,0,,,0.7111,0.0
5,2,2,4,9,3,5,0,,,0.6921,0.0
5,2,2,4,10,2,2,1,,,0.3057,0.0
5,2,2,4,11,3,3,1,,,0.4512,0.0
5,2,2,4,12,1,1,1,,,0.3033,0.0
5,2,2,4,13,2,6,0,,,1.8248,0.0
5,2,2,4,14,3,3,1,,,1.8885,0.0
5,2,2,4,15,1,5,0,,,1.2812,0.0
5,2,2,4,16,5,2,0,,,0.5169,0.0
5,2,2,4,17,2,2,1,,,0.8256,0.0
5,2,2,4,18,2,3,0,,,1.0781,0.0
5,2,2,4,19,6,6,1,,,0.26,0.0
5,2,2,4,20,6,6,1,,,0.2799,0.0
5,2,2,4,21,4,5,0,,,3.099,0.0
5,2,2,4,22,3,2,0,,,0.708,0.0
5,2,2,4,23,2,2,1,,,0.4022,0.0
5,2,2,4,24,1,1,1,,,0.3839,0.0
5,2,2,4,25,3,5,0,3,1,1.5017,1.0427
5,2,2,4,26,1,1,1,,,0.2949,0.0
5,2,2,4,27,6,6,1,,,0.4902,0.0
5,2,2,4,28,6,1,0,3,0,1.5872,0.3732
5,2,2,4,29,2,2,1,,,0.3206,0.0
5,2,2,4,30,5,5,1,,,0.626,0.0
5,2,2,4,31,5,1,0,4,0,2.8382,0.1966
5,2,2,4,32,4,3,0,,,0.7737,0.0
5,2,2,4,33,1,2,0,,,1.0078,0.0
5,2,2,4,34,2,2,1,,,0.4969,0.0
5,2,2,4,35,5,2,0,,,0.49,0.0
5,2,2,4,36,6,5,0,,,0.8642,0.0
5,2,2,4,37,5,6,0,,,0.7587,0.0
5,2,2,4,38,2,2,1,,,0.4175,0.0
5,2,2,4,39,5,5,1,,,0.5901,0.0
5,2,2,4,40,6,6,1,,,0.3236,0.0
5,2,2,4,41,6,6,1,,,0.2294,0.0
5,2,2,4,42,1,6,0,5,0,0.6335,0.8036
5,2,2,4,43,4,4,1,,,0.4288,0.0
5,2,2,4,44,1,1,1,,,1.4968,0.0
5,2,2,4,45,6,6,1,,,0.1376,0.0
5,2,2,4,46,3,3,1,,,0.562,0.0
5,2,2,4,47,4,4,1,,,0.5856,0.0
5,2,2,4,48,6,6,1,,,0.2231,0.0
5,2,2,4,49,4,1,0,,,1.3805,0.0
5,2,2,4,50,3,4,0,,,1.1891,0.0
5,2,3,1,1,4,3,0,4,1,0.8228,0.393
5,2,3,1,2,1,1,1,,,0.5022,0.0
5,2,3,1,3,4,5,0,1,0,0.4007,2.3389
5,2,3,1,4,2,2,1,,,0.3644,0.0
5,2,3,1,5,6,6,1,,,0.3003,0.0
5,2,3,1,6,3,2,0,,,0.7336,0.0
5,2,3,1,7,6,6,1,,,0.4093,0.0
5,2,3,1,8,1,1,1,,,0.7439,0.0
5,2,3,1,9,2,2,1,,,0.135,0.0
5,2,3,1,10,6,6,1,,,0.2236,0.0
5,2,3,1,11,5,5,1,,,0.8045,0.0
5,2,3,1,12,5,5,1,,,0.2577,0.0
5,2,3,1,13,3,2,0,4,0,0.374,1.3863
5,2,3,1,14,2,2,1,,,1.0022,0.0
5,2,3,1,15,5,5,1,,,0.8473,0.0
5,2,3,1,16,1,1,1,,,0.3317,0.0
5,2,3,1,17,2,3,0,2,1,0.6678,0.6117
5,2,3,1,18,2,2,1,,,0.3601,0.0
5,2,3,1,19,5,6,0,,,0.4878,0.0
5,2,3,1,20,3,1,0,3,1,0.5094,0.844
5,2,3,1,21,4,4,1,,,0.6479,0.0
5,2,3,1,22,4,4,1,,,0.3314,0.0
5,2,3,1,23,3,3,1,,,0.8118,0.0
5,2,3,1,24,1,6,0,1,1,0.4724,0.8558
5,2,3,1,25,4,4,1,,,0.4359,0.0
5,2,3,1,26,5,6,0,4,0,0.5122,0.478
5,2,3,1,27,2,2,1,,,0.9162,0.0
5,2,3,1,28,6,6,1,,,0.301,0.0
5,2,3,1,29,3,4,0,,,0.399,0.0
5,2,3,1,30,5,6,0,5,1,1.544,0.2521
5,2,3,1,31,6,6,1,,,0.1437,0.0
5,2,3,1,32,1,1,1,,,0.5512,0.0
5,2,3,1,33,3,1,0,,,1.9996,0.0
5,2,3,1,34,4,3,0,,,1.8466,0.0
5,2,3,1,35,3,2,0,,,1.0926,0.0
5,2,3,1,36,6,6,1,,,0.4976,0.0
5,2,3,1,37,6,3,0,6,1,1.29,0.2006
5,2,3,1,38,4,4,1,,,1.0222,0.0
5,2,3,1,39,5,5,1,,,0.1954,0.0
5,2,3,1,40,6,2,0,5,0,0.5049,0.3279
5,2,3,1,41,6,6,1,,,0.1953,0.0
5,2,3,1,42,2,2,1,,,0.282,0.0
5,2,3,1,43,6,1,0,6,1,1.6448,0.172
5,2,3,1,44,1,1,1,,,0.4993,0.0
5,2,3,1,45,3,6,0,,,0.2528,0.0
5,2,3,1,46,1,4,0,6,0,0.6681,0.2125
5,2,3,1,47,5,5,1,,,0.4528,0.0
5,2,3,1,48,4,3,0,4,1,1.4891,0.2466
5,2,3,1,49,1,1,1,,,0.1392,0.0
5,2,3,1,50,2,2,1,,,0.9794,0.0
5,2,3,2,1,3,1,0,,,1.1906,0.0
5,2,3,2,2,1,3,0,,,0.7675,0.0
5,2,3,2,3,2,1,0,,,0.8093,0.0
5,2,3,2,4,3,3,1,,,0.6896,0.0
5,2,3,2,5,1,1,1,,,0.9808,0.0
5,2,3,2,6,2,2,1,,,0.3466,0.0
5,2,3,2,7,2,4,0,,,1.8338,0.0
5,2,3,2,8,4,6,0,,,0.296,0.0
5,2,3,2,9,3,3,1,,,0.5499,0.0
5,2,3,2,10,5,5,1,,,0.2858,0.0
5,2,3,2,11,6,6,1,,,0.1118,0.0
5,2,3,2,12,6,6,1,,,0.9217,0.0
5,2,3,2,13,5,5,1,,,0.6899,0.0
5,2,3,2,14,4,4,1,,,0.4359,0.0
5,2,3,2,15,3,3,1,,,0.497,0.0
5,2,3,2,16,2,2,1,,,0.3142,0.0
5,2,3,2,17,6,6,1,,,0.1079,0.0
5,2,3,2,18,1,1,1,,,0.3574,0.0
5,2,3,2,19,6,6,1,,,0.6295,0.0
5,2,3,2,20,4,4,1,,,0.7942,0.0
5,2,3,2,21,4,4,1,,,0.5984,0.0
5,2,3,2,22,4,4,1,,,0.4918,0.0
5,2,3,2,23,1,1,1,,,0.6154,0.0
5,2,3,2,24,6,1,0,,,0.476,0.0
5,2,3,2,25,6,6,1,,,0.097,0.0
5,2,3,2,26,2,4,0,1,0,1.1319,0.2722
5,2,3,2,27,3,3,1,,,0.6394,0.0
5,2,3,2,28,1,1,1,,,0.6119,0.0
5,2,3,2,29,5,3,0,,,1.5759,0.0
5,2,3,2,30,1,3,0,,,1.1864,0.0
5,2,3,2,31,6,6,1,,,0.1389,0.0
5,2,3,2,32,5,5,1,,,0.1791,0.0
5,2,3,2,33,5,5,1,,,0.57,0.0
5,2,3,2,34,5,5,1,,,0.1767,0.0
5,2,3,2,35,1,3,0,,,0.8403,0.0
5,2,3,2,36,2,5,0,6,0,2.5434,0.2188
5,2,3,2,37,4,3,0,,,0.6824,0.0
5,2,3,2,38,6,6,1,,,0.4403,0.0
5,2,3,2,39,2,2,1,,,0.6935,0.0
5,2,3,2,40,6,6,1,,,0.2149,0.0
5,2,3,2,41,5,4,0,,,0.6039,0.0
5,2,3,2,42,4,4,1,,,0.7007,0.0
5,2,3,2,43,3,3,1,,,0.3019,0.0
5,2,3,2,44,4,3,0,,,1.0564,0.0
5,2,3,2,45,3,3,1,,,0.9742,0.0
5,2,3,2,46,5,6,0,4,0,0.3247,0.9228
5,2,3,2,47,3,3,1,,,0.5748,0.0
5,2,3,2,48,6,6,1,,,0.3426,0.0
5,2,3,2,49,1,3,0,2,0,0.8381,0.2788
5,2,3,2,50,2,4,0,3,0,0.3258,0.5559
5,2,3,3,1,6,4,0,,,1.2761,0.0
5,2,3,3,2,1,6,0,,,0.4976,0.0
5,2,3,3,3,3,3,1,,,0.3255,0.0
5,2,3,3,4,5,6,0,,,0.3589,0.0
5,2,3,3,5,5,6,0,,,0.753,0.0
5,2,3,3,6,5,5,1,,,0.1242,0.0
5,2,3,3,7,4,1,0,,,0.4534,0.0
5,2,3,3,8,1,3,0,,,0.8602,0.0
5,2,3,3,9,5,3,0,,,0.7711,0.0
5,2,3,3,10,1,4,0,,,0.8457,0.0
5,2,3,3,11,6,6,1,,,0.4042,0.0
5,2,3,3,12,1,2,0,,,1.5219,0.0
5,2,3,3,13,2,2,1,,,0.237,0.0
5,2,3,3,14,4,1,0,3,0,0.4815,0.9934
5,2,3,3,15,2,3,0,4,0,1.4423,1.2912
5,2,3,3,16,1,6,0,,,0.4314,0.0
5,2,3,3,17,2,2,1,,,0.2629,0.0
5,2,3,3,18,6,6,1,,,0.3301,0.0
5,2,3,3,19,4,4,1,,,1.2435,0.0
5,2,3,3,20,4,4,1,,,0.6944,0.0
5,2,3,3,21,6,6,1,,,0.3118,0.0
5,2,3,3,22,3,3,1,,,0.6491,0.0
5,2,3,3,23,2,2,1,,,0.3491,0.0
5,2,3,3,24,5,5,1,,,1.2764,0.0
5,2,3,3,25,2,2,1,,,0.5351,0.0
5,2,3,3,26,3,3,1,,,0.3675,0.0
5,2,3,3,27,4,4,1,,,0.735,0.0
5,2,3,3,28,3,3,1,,,1.3742,0.0
5,2,3,3,29,6,6,1,,,0.1483,0.0
5,2,3,3,30,6,1,0,3,0,1.2925,0.3633
5,2,3,3,31,6,6,1,,,0.4698,0.0
5,2,3,3,32,1,3,0,,,1.2322,0.0
5,2,3,3,33,2,2,1,,,0.3429,0.0
5,2,3,3,34,2,1,0,,,1.415,0.0
5,2,3,3,35,3,3,1,,,0.2793,0.0
5,2,3,3,36,1,4,0,,,0.89,0.0
5,2,3,3,37,6,6,1,,,0.1744,0.0
5,2,3,3,38,5,6,0,,,0.7257,0.0
5,2,3,3,39,5,5,1,,,0.274,0.0
5,2,3,3,40,3,1,0,,,1.0124,0.0
5,2,3,3,41,4,4,1,,,0.4695,0.0
5,2,3,3,42,1,2,0,,,1.1845,0.0
5,2,3,3,43,2,6,0,2,1,0.2489,0.5459
5,2,3,3,44,4,1,0,,,1.0493,0.0
5,2,3,3,45,6,1,0,,,0.5366,0.0
5,2,3,3,46,5,5,1,,,0.2517,0.0
5,2,3,3,47,4,3,0,,,1.2001,0.0
5,2,3,3,48,6,6,1,,,0.2163,0.0
5,2,3,3,49,3,5,0,,,1.0377,0.0
5,2,3,3,50,3,3,1,,,0.6694,0.0
5,2,3,4,1,4,3,0,,,0.8449,0.0
5,2,3,4,2,4,1,0,4,1,0.8843,0.5955
5,2,3,4,3,6,6,1,,,0.1049,0.0
5,2,3,4,4,4,4,1,,,0.1473,0.0
5,2,3,4,5,2,2,1,,,0.7467,0.0
5,2,3,4,6,2,5,0,6,0,0.2824,0.6748
5,2,3,4,7,3,4,0,,,0.7527,0.0
5,2,3,4,8,1,3,0,4,0,1.547,0.3992
5,2,3,4,9,4,2,0,,,1.4961,0.0
5,2,3,4,10,6,6,1,,,0.1325,0.0
5,2,3,4,11,2,2,1,,,0.4138,0.0
5,2,3,4,12,1,6,0,,,0.1868,0.0
5,2,3,4,13,6,6,1,,,0.0443,0.0
5,2,3,4,14,3,4,0,,,0.8567,0.0
5,2,3,4,15,3,3,1,,,0.9114,0.0
5,2,3,4,16,2,2,1,,,0.3125,0.0
5,2,3,4,17,4,4,1,,,0.4416,0.0
5,2,3,4,18,3,3,1,,,0.9013,0.0
5,2,3,4,19,6,3,0,6,1,0.6071,0.8568
5,2,3,4,20,2,2,1,,,0.6285,0.0
5,2,3,4,21,5,4,0,,,2.3128,0.0
5,2,3,4,22,5,4,0,,,0.6751,0.0
5,2,3,4,23,3,2,0,,,2.0008,0.0
5,2,3,4,24,2,2,1,,,0.4889,0.0
5,2,3,4,25,1,1,1,,,0.3879,0.0
5,2,3,4,26,1,1,1,,,0.306,0.0
5,2,3,4,27,6,6,1,,,0.259,0.0
5,2,3,4,28,6,3,0,,,0.7905,0.0
5,2,3,4,29,5,4,0,,,0.8962,0.0
5,2,3,4,30,4,4,1,,,0.436,0.0
5,2,3,4,31,1,1,1,,,0.6253,0.0
5,2,3,4,32,2,2,1,,,0.5017,0.0
5,2,3,4,33,6,4,0,2,0,0.4156,0.5935
5,2,3,4,34,3,3,1,,,0.9795,0.0
5,2,3,4,35,3,1,0,,,0.4564,0.0
5,2,3,4,36,3,3,1,,,0.8155,0.0
5,2,3,4,37,5,5,1,,,0.5403,0.0
5,2,3,4,38,4,2,0,3,0,0.3087,0.9231
5,2,3,4,39,5,5,1,,,0.1919,0.0
5,2,3,4,40,5,5,1,,,0.3097,0.0
5,2,3,4,41,1,5,0,,,0.1196,0.0
5,2,3,4,42,2,2,1,,,0.3489,0.0
5,2,3,4,43,6,6,1,,,0.4601,0.0
5,2,3,4,44,1,1,1,,,1.1751,0.0
5,2,3,4,45,6,6,1,,,0.1811,0.0
5,2,3,4,46,6,4,0,,,0.8768,0.0
5,2,3,4,47,1,1,1,,,0.5458,0.0
5,2,3,4,48,5,5,1,,,0.3131,0.0
5,2,3,4,49,5,5,1,,,0.8908,0.0
5,2,3,4,50,4,2,0,,,0.7728,0.0
5,2,4,1,1,6,6,1,,,0.1917,0.0
5,2,4,1,2,5,5,1,,,0.23,0.0
5,2,4,1,3,1,2,0,5,0,1.0022,0.3399
5,2,4,1,4,6,2,0,,,0.6243,0.0
5,2,4,1,5,2,4,0,1,0,0.9451,1.1175
5,2,4,1,6,4,2,0,,,0.9044,0.0
5,2,4,1,7,3,1,0,,,0.9096,0.0
5,2,4,1,8,6,6,1,,,0.0344,0.0
5,2,4,1,9,2,2,1,,,0.3503,0.0
5,2,4,1,10,2,2,1,,,1.166,0.0
5,2,4,1,11,2,2,1,,,0.3015,0.0
5,2,4,1,12,4,4,1,,,0.447,0.0
5,2,4,1,13,1,4,0,,,1.2903,0.0
5,2,4,1,14,4,4,1,,,0.4301,0.0
5,2,4,1,15,1,3,0,,,3.5948,0.0
5,2,4,1,16,6,6,1,,,0.081,0.0
5,2,4,1,17,5,6,0,5,1,0.6682,0.4674
5,2,4,1,18,3,3,1,,,0.6215,0.0
5,2,4,1,19,6,6,1,,,0.1315,0.0
5,2,4,1,20,4,4,1,,,0.6035,0.0
5,2,4,1,21,5,5,1,,,0.85,0.0
5,2,4,1,22,5,6,0,5,1,0.621,0.3586
5,2,4,1,23,3,3,1,,,0.5664,0.0
5,2,4,1,24,6,6,1,,,1.3896,0.0
5,2,4,1,25,1,4,0,,,0.5779,0.0
5,2,4,1,26,4,4,1,,,0.388,0.0
5,2,4,1,27,3,4,0,,,0.8672,0.0
5,2,4,1,28,1,3,0,,,1.7681,0.0
5,2,4,1,29,3,1,0,,,0.2335,0.0
5,2,4,1,30,5,5,1,,,2.5219,0.0
5,2,4,1,31,2,2,1,,,0.6412,0.0
5,2,4,1,32,1,4,0,1,1,0.7887,0.3913
5,2,4,1,33,3,3,1,,,1.4135,0.0
5,2,4,1,34,5,1,0,,,0.9697,0.0
5,2,4,1,35,6,6,1,,,0.604,0.0
5,2,4,1,36,4,4,1,,,0.6579,0.0
5,2,4,1,37,1,6,0,,,1.8454,0.0
5,2,4,1,38,2,2,1,,,0.4021,0.0
5,2,4,1,39,1,6,0,,,0.64,0.0
5,2,4,1,40,6,6,1,,,0.2724,0.0
5,2,4,1,41,6,5,0,,,0.4837,0.0
5,2,4,1,42,4,4,1,,,0.601,0.0
5,2,4,1,43,4,6,0,5,0,0.3026,0.8212
5,2,4,1,44,3,3,1,,,0.5735,0.0
5,2,4,1,45,3,3,1,,,1.6371,0.0
5,2,4,1,46,5,5,1,,,0.2557,0.0
5,2,4,1,47,6,6,1,,,0.3555,0.0
5,2,4,1,48,2,6,0,4,0,0.2114,1.5989
5,2,4,1,49,5,2,0,1,0,1.0306,1.0079
5,2,4,1,50,2,2,1,,,0.432,0.0
5,2,4,2,1,6,1,0,2,0,0.7624,0.2861
5,2,4,2,2,4,4,1,,,0.5085,0.0
5,2,4,2,3,6,6,1,,,0.182,0.0
5,2,4,2,4,6,6,1,,,0.8291,0.0
5,2,4,2,5,6,6,1,,,0.505,0.0
5,2,4,2,6,5,5,1,,,0.5778,0.0
5,2,4,2,7,3,3,1,,,1.0646,0.0
5,2,4,2,8,2,2,1,,,0.4584,0.0
5,2,4,2,9,6,6,1,,,0.1659,0.0
5,2,4,2,10,2,2,1,,,0.3489,0.0
5,2,4,2,11,6,6,1,,,0.1256,0.0
5,2,4,2,12,1,2,0,,,0.9664,0.0
5,2,4,2,13,6,6,1,,,0.3928,0.0
5,2,4,2,14,3,6,0,2,0,0.3099,0.9249
5,2,4,2,15,4,3,0,,,1.824,0.0
5,2,4,2,16,1,6,0,5,0,0.9426,0.2186
5,2,4,2,17,3,3,1,,,0.7316,0.0
5,2,4,2,18,4,1,0,,,1.1474,0.0
5,2,4,2,19,2,2,1,,,0.71,0.0
5,2,4,2,20,1,6,0,3,0,0.311,2.2538
5,2,4,2,21,3,6,0,1,0,0.411,0.8613
5,2,4,2,22,3,3,1,,,0.6756,0.0
5,2,4,2,23,4,4,1,,,0.5652,0.0
5,2,4,2,24,4,3,0,,,1.1811,0.0
5,2,4,2,25,1,3,0,,,1.2857,0.0
5,2,4,2,26,3,3,1,,,0.5553,0.0
5,2,4,2,27,1,1,1,,,0.3221,0.0
5,2,4,2,28,5,3,0,,,0.7871,0.0
5,2,4,2,29,1,6,0,3,0,2.061,0.8438
5,2,4,2,30,2,2,1,,,0.5627,0.0
5,2,4,2,31,2,2,1,,,0.3616,0.0
5,2,4,2,32,5,5,1,,,0.2005,0.0
5,2,4,2,33,2,2,1,,,0.4792,0.0
5,2,4,2,34,5,5,1,,,0.2015,0.0
5,2,4,2,35,2,2,1,,,0.3033,0.0
5,2,4,2,36,5,5,1,,,0.6892,0.0
5,2,4,2,37,5,5,1,,,0.7219,0.0
5,2,4,2,38,5,5,1,,,0.3866,0.0
5,2,4,2,39,6,6,1,,,0.258,0.0
5,2,4,2,40,1,6,0,,,0.3088,0.0
5,2,4,2,41,3,5,0,,,0.6413,0.0
5,2,4,2,42,1,2,0,,,1.0404,0.0
5,2,4,2,43,5,1,0,5,1,0.3515,1.2363
5,2,4,2,44,3,3,1,,,1.0718,0.0
5,2,4,2,45,6,3,0,6,1,1.6025,0.8829
5,2,4,2,46,6,6,1,,,0.0938,0.0
5,2,4,2,47,2,6,0,3,0,1.1605,1.0041
5,2,4,2,48,4,2,0,3,0,0.652,0.4683
5,2,4,2,49,4,4,1,,,0.3794,0.0
5,2,4,2,50,4,2,0,,,1.1138,0.0
5,2,4,3,1,5,5,1,,,0.4668,0.0
5,2,4,3,2,5,5,1,,,0.1428,0.0
5,2,4,3,3,6,6,1,,,0.1829,0.0
5,2,4,3,4,2,2,1,,,0.4768,0.0
5,2,4,3,5,2,5,0,,,0.7109,0.0
5,2,4,3,6,3,3,1,,,0.7072,0.0
5,2,4,3,7,1,1,1,,,0.6283,0.0
5,2,4,3,8,3,2,0,4,0,0.2002,2.0037
5,2,4,3,9,6,6,1,,,0.1228,0.0
5,2,4,3,10,6,6,1,,,0.6439,0.0
5,2,4,3,11,4,1,0,,,0.9194,0.0
5,2,4,3,12,5,5,1,,,0.2521,0.0
5,2,4,3,13,4,3,0,,,1.0078,0.0
5,2,4,3,14,1,1,1,,,0.8959,0.0
5,2,4,3,15,6,6,1,,,0.1536,0.0
5,2,4,3,16,4,3,0,2,0,1.5221,0.7417
5,2,4,3,17,3,5,0,,,0.4017,0.0
5,2,4,3,18,2,2,1,,,0.4749,0.0
5,2,4,3,19,1,1,1,,,0.3418,0.0
5,2,4,3,20,6,6,1,,,1.2862,0.0
5,2,4,3,21,5,5,1,,,0.3835,0.0
5,2,4,3,22,1,5,0,,,0.1733,0.0
5,2,4,3,23,2,2,1,,,0.5761,0.0
5,2,4,3,24,5,1,0,6,0,0.7427,0.2834
5,2,4,3,25,5,5,1,,,0.3137,0.0
5,2,4,3,26,1,5,0,,,0.7147,0.0
5,2,4,3,27,3,3,1,,,0.743,0.0
5,2,4,3,28,1,3,0,1,1,0.5816,0.482
5,2,4,3,29,6,6,1,,,0.2682,0.0
5,2,4,3,30,2,6,0,3,0,0.6074,3.6411
5,2,4,3,31,2,2,1,,,1.038,0.0
5,2,4,3,32,4,4,1,,,0.4174,0.0
5,2,4,3,33,5,5,1,,,0.7345,0.0
5,2,4,3,34,4,1,0,,,0.6384,0.0
5,2,4,3,35,6,6,1,,,0.1581,0.0
5,2,4,3,36,3,3,1,,,0.8056,0.0
5,2,4,3,37,1,1,1,,,1.5869,0.0
5,2,4,3,38,4,4,1,,,0.5441,0.0
5,2,4,3,39,6,6,1,,,0.3595,0.0
5,2,4,3,40,3,4,0,,,0.6626,0.0
5,2,4,3,41,2,2,1,,,1.221,0.0
5,2,4,3,42,6,6,1,,,0.7055,0.0
5,2,4,3,43,5,5,1,,,0.1301,0.0
5,2,4,3,44,4,4,1,,,0.4752,0.0
5,2,4,3,45,3,3,1,,,1.1258,0.0
5,2,4,3,46,1,6,0,,,0.3095,0.0
5,2,4,3,47,4,4,1,,,0.6095,0.0
5,2,4,3,48,6,6,1,,,0.3276,0.0
5,2,4,3,49,3,6,0,5,0,0.6964,0.4304
5,2,4,3,50,2,2,1,,,0.4711,0.0
5,2,4,4,1,6,6,1,,,0.1596,0.0
5,2,4,4,2,6,1,0,,,0.5344,0.0
5,2,4,4,3,3,3,1,,,0.7462,0.0
5,2,4,4,4,6,6,1,,,0.0417,0.0
5,2,4,4,5,5,5,1,,,0.4862,0.0
5,2,4,4,6,1,3,0,2,0,0.5129,1.6154
5,2,4,4,7,4,1,0,5,0,0.294,2.1252
5,2,4,4,8,5,4,0,6,0,1.0722,0.2952
5,2,4,4,9,2,2,1,,,0.3876,0.0
5,2,4,4,10,1,4,0,1,1,0.8191,1.6838
5,2,4,4,11,4,2,0,,,0.749,0.0
5,2,4,4,12,6,6,1,,,0.2642,0.0
5,2,4,4,13,2,2,1,,,0.6355,0.0
5,2,4,4,14,5,4,0,,,1.6953,0.0
5,2,4,4,15,6,6,1,,,0.1635,0.0
5,2,4,4,16,4,4,1,,,0.5868,0.0
5,2,4,4,17,4,4,1,,,0.4966,0.0
5,2,4,4,18,1,6,0,,,0.5227,0.0
5,2,4,4,19,6,6,1,,,0.3183,0.0
5,2,4,4,20,6,5,0,6,1,0.5443,0.1414
5,2,4,4,21,4,4,1,,,0.7094,0.0
5,2,4,4,22,3,2,0,5,0,0.7098,0.5721
5,2,4,4,23,1,3,0,,,1.1183,0.0
5,2,4,4,24,5,5,1,,,0.1858,0.0
5,2,4,4,25,6,3,0,4,0,1.7925,0.5384
5,2,4,4,26,3,4,0,3,1,0.6222,1.3844
5,2,4,4,27,5,4,0,3,0,1.3251,0.3778
5,2,4,4,28,1,1,1,,,0.7559,0.0
5,2,4,4,29,5,6,0,,,0.6595,0.0
5,2,4,4,30,1,3,0,4,0,0.7528,1.1895
5,2,4,4,31,2,2,1,,,0.7031,0.0
5,2,4,4,32,1,3,0,,,0.6557,0.0
5,2,4,4,33,4,2,0,3,0,0.43,0.7207
5,2,4,4,34,6,1,0,6,1,1.2439,0.3
5,2,4,4,35,2,2,1,,,0.2544,0.0
5,2,4,4,36,1,3,0,,,0.5627,0.0
5,2,4,4,37,5,6,0,,,0.4535,0.0
5,2,4,4,38,3,3,1,,,0.6519,0.0
5,2,4,4,39,2,6,0,,,0.4319,0.0
5,2,4,4,40,3,4,0,,,0.5028,0.0
5,2,4,4,41,4,4,1,,,0.7313,0.0
5,2,4,4,42,3,3,1,,,0.8282,0.0
5,2,4,4,43,2,2,1,,,0.536,0.0
5,2,4,4,44,2,2,1,,,0.272,0.0
5,2,4,4,45,2,2,1,,,0.3392,0.0
5,2,4,4,46,3,3,1,,,0.4359,0.0
5,2,4,4,47,3,5,0,3,1,0.7196,0.5973
5,2,4,4,48,6,6,1,,,0.171,0.0
5,2,4,4,49,4,4,1,,,0.4818,0.0
5,2,4,4,50,5,1,0,5,1,0.9563,0.9206
5,2,5,1,1,3,1,0,,,0.6186,0.0
5,2,5,1,2,3,2,0,,,0.9551,0.0
5,2,5,1,3,1,4,0,,,1.1977,0.0
5,2,5,1,4,3,2,0,,,0.9028,0.0
5,2,5,1,5,6,6,1,,,0.1393,0.0
5,2,5,1,6,2,2,1,,,0.4994,0.0
5,2,5,1,7,4,3,0,4,1,0.3016,0.1169
5,2,5,1,8,1,1,1,,,0.5895,0.0
5,2,5,1,9,1,2,0,,,0.7403,0.0
5,2,5,1,10,6,6,1,,,0.0626,0.0
5,2,5,1,11,5,5,1,,,0.3625,0.0
5,2,5,1,12,4,4,1,,,0.3139,0.0
5,2,5,1,13,4,5,0,,,0.5867,0.0
5,2,5,1,14,6,6,1,,,0.108,0.0
5,2,5,1,15,4,4,1,,,0.9013,0.0
5,2,5,1,16,5,6,0,,,0.2705,0.0
5,2,5,1,17,2,2,1,,,0.7969,0.0
5,2,5,1,18,6,6,1,,,0.091,0.0
5,2,5,1,19,5,5,1,,,0.5498,0.0
5,2,5,1,20,6,6,1,,,0.1405,0.0
5,2,5,1,21,1,1,1,,,0.9811,0.0
5,2,5,1,22,5,6,0,,,0.203,0.0
5,2,5,1,23,3,5,0,3,1,1.3087,0.122
5,2,5,1,24,5,2,0,,,1.3634,0.0
5,2,5,1,25,3,6,0,,,0.501,0.0
5,2,5,1,26,2,4,0,,,0.9701,0.0
5,2,5,1,27,1,1,1,,,0.3165,0.0
5,2,5,1,28,3,2,0,,,0.6208,0.0
5,2,5,1,29,2,4,0,3,0,1.3412,0.2329
5,2,5,1,30,5,5,1,,,1.2731,0.0
5,2,5,1,31,2,6,0,4,0,0.3876,0.7101
5,2,5,1,32,6,3,0,,,3.6342,0.0
5,2,5,1,33,6,6,1,,,0.1673,0.0
5,2,5,1,34,4,6,0,2,0,1.3577,0.5858
5,2,5,1,35,6,6,1,,,0.9072,0.0
5,2,5,1,36,2,2,1,,,0.2444,0.0
5,2,5,1,37,3,3,1,,,0.8242,0.0
5,2,5,1,38,1,5,0,,,0.5486,0.0
5,2,5,1,39,5,5,1,,,0.7602,0.0
5,2,5,1,40,1,2,0,6,0,0.9827,0.337
5,2,5,1,41,2,2,1,,,0.4462,0.0
5,2,5,1,42,4,4,1,,,1.1773,0.0
5,2,5,1,43,2,2,1,,,0.5185,0.0
5,2,5,1,44,1,6,0,,,0.2394,0.0
5,2,5,1,45,6,6,1,,,0.3189,0.0
5,2,5,1,46,3,3,1,,,0.9924,0.0
5,2,5,1,47,5,4,0,3,0,0.7421,0.7471
5,2,5,1,48,6,6,1,,,0.1179,0.0
5,2,5,1,49,4,3,0,,,1.3114,0.0
5,2,5,1,50,4,6,0,,,0.4183,0.0
5,2,5,2,1,6,6,1,,,0.3932,0.0
5,2,5,2,2,4,4,1,,,0.6779,0.0
5,2,5,2,3,2,6,0,2,1,0.6322,0.4019
5,2,5,2,4,3,1,0,4,0,1.1677,0.2426
5,2,5,2,5,4,4,1,,,1.314,0.0
5,2,5,2,6,3,3,1,,,0.2991,0.0
5,2,5,2,7,6,6,1,,,0.1239,0.0
5,2,5,2,8,1,4,0,2,0,3.0927,0.2339
5,2,5,2,9,2,2,1,,,0.2975,0.0
5,2,5,2,10,1,3,0,,,0.9714,0.0
5,2,5,2,11,2,2,1,,,1.1007,0.0
5,2,5,2,12,3,3,1,,,0.382,0.0
5,2,5,2,13,3,3,1,,,0.1728,0.0
5,2,5,2,14,6,6,1,,,0.1805,0.0
5,2,5,2,15,6,6,1,,,0.3313,0.0
5,2,5,2,16,1,4,0,3,0,0.5558,0.2801
5,2,5,2,17,6,6,1,,,0.15,0.0
5,2,5,2,18,5,6,0,,,1.4864,0.0
5,2,5,2,19,3,3,1,,,0.6181,0.0
5,2,5,2,20,1,1,1,,,0.3034,0.0
5,2,5,2,21,2,5,0,6,0,0.8492,0.2736
5,2,5,2,22,2,2,1,,,0.8973,0.0
5,2,5,2,23,4,6,0,2,0,0.6016,0.3399
5,2,5,2,24,3,4,0,,,0.8632,0.0
5,2,5,2,25,1,3,0,,,1.3825,0.0
5,2,5,2,26,2,6,0,,,0.2149,0.0
5,2,5,2,27,6,6,1,,,0.151,0.0
5,2,5,2,28,5,5,1,,,0.352,0.0
5,2,5,2,29,4,4,1,,,1.3434,0.0
5,2,5,2,30,2,2,1,,,0.9979,0.0
5,2,5,2,31,6,6,1,,,0.2511,0.0
5,2,5,2,32,3,3,1,,,1.5513,0.0
5,2,5,2,33,4,4,1,,,0.397,0.0
5,2,5,2,34,6,3,0,,,0.6672,0.0
5,2,5,2,35,5,5,1,,,0.4415,0.0
5,2,5,2,36,4,4,1,,,0.3568,0.0
5,2,5,2,37,4,6,0,,,0.3253,0.0
5,2,5,2,38,6,6,1,,,0.0969,0.0
5,2,5,2,39,2,2,1,,,0.2829,0.0
5,2,5,2,40,1,1,1,,,1.325,0.0
5,2,5,2,41,5,5,1,,,0.3881,0.0
5,2,5,2,42,5,5,1,,,0.7557,0.0
5,2,5,2,43,5,3,0,,,0.8822,0.0
5,2,5,2,44,1,5,0,,,0.1353,0.0
5,2,5,2,45,3,3,1,,,1.3553,0.0
5,2,5,2,46,1,6,0,,,0.5149,0.0
5,2,5,2,47,5,5,1,,,0.8234,0.0
5,2,5,2,48,4,4,1,,,0.5626,0.0
5,2,5,2,49,5,5,1,,,0.2493,0.0
5,2,5,2,50,6,6,1,,,0.221,0.0
5,2,5,3,1,6,6,1,,,0.5123,0.0
5,2,5,3,2,1,5,0,,,0.1857,0.0
5,2,5,3,3,6,6,1,,,0.2505,0.0
5,2,5,3,4,2,2,1,,,0.5435,0.0
5,2,5,3,5,6,5,0,2,0,0.3585,0.4275
5,2,5,3,6,3,3,1,,,0.5949,0.0
5,2,5,3,7,3,4,0,,,0.5849,0.0
5,2,5,3,8,1,3,0,,,1.2424,0.0
5,2,5,3,9,5,6,0,,,0.1927,0.0
5,2,5,3,10,1,1,1,,,0.4335,0.0
5,2,5,3,11,4,6,0,,,1.3104,0.0
5,2,5,3,12,6,6,1,,,0.1302,0.0
5,2,5,3,13,5,5,1,,,0.2031,0.0
5,2,5,3,14,6,4,0,3,0,0.7853,0.3881
5,2,5,3,15,1,2,0,,,0.5416,0.0
5,2,5,3,16,3,6,0,,,0.2406,0.0
5,2,5,3,17,5,4,0,,,1.1198,0.0
5,2,5,3,18,4,1,0,2,0,2.6034,0.8673
5,2,5,3,19,6,6,1,,,0.2824,0.0
5,2,5,3,20,2,6,0,2,1,0.4284,1.5502
5,2,5,3,21,4,5,0,6,0,0.2051,0.2799
5,2,5,3,22,5,1,0,,,0.454,0.0
5,2,5,3,23,2,4,0,,,0.6848,0.0
5,2,5,3,24,2,3,0,,,0.9854,0.0
5,2,5,3,25,6,6,1,,,1.2594,0.0
5,2,5,3,26,1,5,0,,,0.6611,0.0
5,2,5,3,27,6,4,0,3,0,1.6196,0.9485
5,2,5,3,28,6,6,1,,,1.0792,0.0
5,2,5,3,29,5,5,1,,,0.2165,0.0
5,2,5,3,30,3,3,1,,,0.6855,0.0
5,2,5,3,31,2,2,1,,,0.2397,0.0
5,2,5,3,32,4,4,1,,,0.356,0.0
5,2,5,3,33,3,3,1,,,0.2118,0.0
5,2,5,3,34,4,4,1,,,0.6661,0.0
5,2,5,3,35,2,3,0,,,0.2689,0.0
5,2,5,3,36,3,6,0,3,1,0.3788,1.2789
5,2,5,3,37,4,4,1,,,0.4402,0.0
5,2,5,3,38,6,6,1,,,0.1489,0.0
5,2,5,3,39,2,4,0,2,1,0.3161,0.339
5,2,5,3,40,1,5,0,,,0.5307,0.0
5,2,5,3,41,5,4,0,3,0,0.6151,0.7364
5,2,5,3,42,2,5,0,,,0.3162,0.0
5,2,5,3,43,4,2,0,,,1.0482,0.0
5,2,5,3,44,5,5,1,,,0.4065,0.0
5,2,5,3,45,1,6,0,,,0.7563,0.0
5,2,5,3,46,5,5,1,,,0.0946,0.0
5,2,5,3,47,3,1,0,,,0.3923,0.0
5,2,5,3,48,3,4,0,3,1,0.5301,0.5592
5,2,5,3,49,4,2,0,6,0,0.9979,0.1766
5,2,5,3,50,1,1,1,,,0.6109,0.0
5,2,5,4,1,3,1,0,,,0.5332,0.0
5,2,5,4,2,1,6,0,2,0,0.7448,0.3497
5,2,5,4,3,4,1,0,,,1.9299,0.0
5,2,5,4,4,2,2,1,,,0.4514,0.0
5,2,5,4,5,1,5,0,,,0.32,0.0
5,2,5,4,6,6,6,1,,,0.3,0.0
5,2,5,4,7,2,2,1,,,0.542,0.0
5,2,5,4,8,3,4,0,,,0.6931,0.0
5,2,5,4,9,2,5,0,3,0,0.1625,0.735
5,2,5,4,10,3,3,1,,,0.987,0.0
5,2,5,4,11,3,1,0,,,0.6894,0.0
5,2,5,4,12,3,6,0,,,0.1573,0.0
5,2,5,4,13,6,6,1,,,0.065,0.0
5,2,5,4,14,6,6,1,,,0.1722,0.0
5,2,5,4,15,6,6,1,,,0.2276,0.0
5,2,5,4,16,4,4,1,,,0.6163,0.0
5,2,5,4,17,6,6,1,,,0.2211,0.0
5,2,5,4,18,5,5,1,,,0.194,0.0
5,2,5,4,19,2,2,1,,,0.1841,0.0
5,2,5,4,20,3,1,0,,,0.3032,0.0
5,2,5,4,21,5,5,1,,,0.1558,0.0
5,2,5,4,22,2,2,1,,,0.2273,0.0
5,2,5,4,23,4,4,1,,,0.2161,0.0
5,2,5,4,24,2,2,1,,,0.446,0.0
5,2,5,4,25,4,4,1,,,0.7455,0.0
5,2,5,4,26,2,6,0,,,0.1365,0.0
5,2,5,4,27,2,3,0,,,0.5092,0.0
5,2,5,4,28,5,5,1,,,0.4652,0.0
5,2,5,4,29,1,3,0,,,0.7803,0.0
5,2,5,4,30,3,2,0,,,0.8693,0.0
5,2,5,4,31,6,6,1,,,0.0121,0.0
5,2,5,4,32,5,5,1,,,0.1541,0.0
5,2,5,4,33,6,6,1,,,0.2244,0.0
5,2,5,4,34,1,6,0,1,1,0.102,0.4687
5,2,5,4,35,3,2,0,4,0,1.0878,0.3255
5,2,5,4,36,6,6,1,,,0.3865,0.0
5,2,5,4,37,1,1,1,,,0.7036,0.0
5,2,5,4,38,1,4,0,,,0.8967,0.0
5,2,5,4,39,4,4,1,,,0.6776,0.0
5,2,5,4,40,5,3,0,2,0,1.4796,0.3513
5,2,5,4,41,1,6,0,,,0.5534,0.0
5,2,5,4,42,4,1,0,,,0.6366,0.0
5,2,5,4,43,6,6,1,,,0.1716,0.0
5,2,5,4,44,1,6,0,,,0.6102,0.0
5,2,5,4,45,4,2,0,,,0.5956,0.0
5,2,5,4,46,6,6,1,,,0.0356,0.0
5,2,5,4,47,5,4,0,2,0,0.688,0.3105
5,2,5,4,48,4,4,1,,,0.7236,0.0
5,2,5,4,49,5,5,1,,,0.7408,0.0
5,2,5,4,50,5,4,0,1,0,0.5643,1.7925
5,3,1,1,1,6,6,1,,,0.8731,0.0
5,3,1,1,2,4,4,1,,,0.7406,0.0
5,3,1,1,3,2,3,0,,,1.0443,0.0
5,3,1,1,4,3,4,0,,,1.3311,0.0
5,3,1,1,5,3,3,1,,,0.5338,0.0
5,3,1,1,6,3,4,0,,,0.6376,0.0
5,3,1,1,7,3,3,1,,,1.406,0.0
5,3,1,1,8,4,4,1,,,0.5622,0.0
5,3,1,1,9,2,2,1,,,0.2164,0.0
5,3,1,1,10,4,4,1,,,0.2386,0.0
5,3,1,1,11,6,3,0,,,0.6428,0.0
5,3,1,1,12,1,4,0,2,0,1.395,1.1331
5,3,1,1,13,6,1,0,6,1,0.6642,0.2242
5,3,1,1,14,1,6,0,,,1.2849,0.0
5,3,1,1,15,1,6,0,,,1.2589,0.0
5,3,1,1,16,6,6,1,,,0.1444,0.0
5,3,1,1,17,2,4,0,,,1.1617,0.0
5,3,1,1,18,2,4,0,,,1.2194,0.0
5,3,1,1,19,6,6,1,,,0.2521,0.0
5,3,1,1,20,4,4,1,,,0.6075,0.0
5,3,1,1,21,4,2,0,4,1,0.6612,0.7335
5,3,1,1,22,5,1,0,2,0,1.6931,0.4114
5,3,1,1,23,5,1,0,,,1.4449,0.0
5,3,1,1,24,6,4,0,6,1,0.7072,0.6339
5,3,1,1,25,3,4,0,,,0.6057,0.0
5,3,1,1,26,1,3,0,,,2.3342,0.0
5,3,1,1,27,2,2,1,,,0.4244,0.0
5,3,1,1,28,6,6,1,,,0.1972,0.0
5,3,1,1,29,1,3,0,,,1.2911,0.0
5,3,1,1,30,3,1,0,4,0,0.449,1.154
5,3,1,1,31,3,4,0,,,0.4598,0.0
5,3,1,1,32,2,4,0,2,1,0.6427,0.7
5,3,1,1,33,5,2,0,,,2.3015,0.0
5,3,1,1,34,6,6,1,,,0.6167,0.0
5,3,1,1,35,5,5,1,,,0.2862,0.0
5,3,1,1,36,1,4,0,,,0.8324,0.0
5,3,1,1,37,5,5,1,,,0.9031,0.0
5,3,1,1,38,3,3,1,,,0.5291,0.0
5,3,1,1,39,6,2,0,,,2.3459,0.0
5,3,1,1,40,2,2,1,,,0.58,0.0
5,3,1,1,41,5,5,1,,,1.114,0.0
5,3,1,1,42,5,5,1,,,0.3137,0.0
5,3,1,1,43,4,4,1,,,0.363,0.0
5,3,1,1,44,4,2,0,6,0,1.0671,0.1944
5,3,1,1,45,5,5,1,,,0.1958,0.0
5,3,1,1,46,6,3,0,,,1.4186,0.0
5,3,1,1,47,1,6,0,,,0.2818,0.0
5,3,1,1,48,4,6,0,1,0,0.9843,1.3468
5,3,1,1,49,2,2,1,,,0.5164,0.0
5,3,1,1,50,1,3,0,1,1,0.7823,0.6252
5,3,1,2,1,3,2,0,3,1,0.5001,0.5475
5,3,1,2,2,6,6,1,,,0.1541,0.0
5,3,1,2,3,3,3,1,,,0.5466,0.0
5,3,1,2,4,6,6,1,,,0.1064,0.0
5,3,1,2,5,4,6,0,,,0.7407,0.0
5,3,1,2,6,5,5,1,,,0.3843,0.0
5,3,1,2,7,2,2,1,,,0.4949,0.0
5,3,1,2,8,2,4,0,,,0.505,0.0
5,3,1,2,9,3,3,1,,,0.4932,0.0
5,3,1,2,10,5,5,1,,,0.1201,0.0
5,3,1,2,11,6,6,1,,,0.2737,0.0
5,3,1,2,12,4,1,0,,,0.4052,0.0
5,3,1,2,13,4,4,1,,,1.2785,0.0
5,3,1,2,14,1,6,0,,,0.3119,0.0
5,3,1,2,15,2,2,1,,,0.2607,0.0
5,3,1,2,16,6,6,1,,,0.1846,0.0
5,3,1,2,17,3,3,1,,,0.4311,0.0
5,3,1,2,18,6,6,1,,,0.8603,0.0
5,3,1,2,19,5,5,1,,,0.855,0.0
5,3,1,2,20,3,3,1,,,0.339,0.0
5,3,1,2,21,3,3,1,,,0.7396,0.0
5,3,1,2,22,4,4,1,,,0.4997,0.0
5,3,1,2,23,4,1,0,3,0,0.7647,0.7369
5,3,1,2,24,1,1,1,,,0.5245,0.0
5,3,1,2,25,5,5,1,,,0.1653,0.0
5,3,1,2,26,6,6,1,,,0.6364,0.0
5,3,1,2,27,5,5,1,,,0.2738,0.0
5,3,1,2,28,1,6,0,1,1,0.2607,0.7647
5,3,1,2,29,6,6,1,,,0.2198,0.0
5,3,1,2,30,5,3,0,6,0,1.9693,0.2275
5,3,1,2,31,5,5,1,,,0.1321,0.0
5,3,1,2,32,1,5,0,,,0.8769,0.0
5,3,1,2,33,2,3,0,1,0,0.9796,0.7338
5,3,1,2,34,4,4,1,,,0.5221,0.0
5,3,1,2,35,1,6,0,,,0.3386,0.0
5,3,1,2,36,2,2,1,,,0.8626,0.0
5,3,1,2,37,1,4,0,,,0.7307,0.0
5,3,1,2,38,6,6,1,,,0.2618,0.0
5,3,1,2,39,1,1,1,,,0.4893,0.0
5,3,1,2,40,2,2,1,,,0.4834,0.0
5,3,1,2,41,3,1,0,,,0.5747,0.0
5,3,1,2,42,4,3,0,,,0.688,0.0
5,3,1,2,43,4,2,0,,,1.6303,0.0
5,3,1,2,44,1,1,1,,,0.4045,0.0
5,3,1,2,45,5,5,1,,,1.1861,0.0
5,3,1,2,46,6,6,1,,,0.1604,0.0
5,3,1,2,47,3,3,1,,,0.5842,0.0
5,3,1,2,48,6,6,1,,,0.494,0.0
5,3,1,2,49,2,2,1,,,0.329,0.0
5,3,1,2,50,2,5,0,2,1,1.2576,0.2328
5,3,1,3,1,4,5,0,,,1.6112,0.0
5,3,1,3,2,3,3,1,,,0.4835,0.0
5,3,1,3,3,6,6,1,,,0.0771,0.0
5,3,1,3,4,3,4,0,6,0,0.6648,0.2889
5,3,1,3,5,4,1,0,,,1.2313,0.0
5,3,1,3,6,4,4,1,,,0.4702,0.0
5,3,1,3,7,2,2,1,,,0.1935,0.0
5,3,1,3,8,4,4,1,,,0.3125,0.0
5,3,1,3,9,5,5,1,,,0.2971,0.0
5,3,1,3,10,4,2,0,,,0.939,0.0
5,3,1,3,11,6,6,1,,,0.0942,0.0
5,3,1,3,12,6,6,1,,,0.169,0.0
5,3,1,3,13,4,5,0,,,0.481,0.0
5,3,1,3,14,6,6,1,,,0.055,0.0
5,3,1,3,15,1,1,1,,,0.611,0.0
5,3,1,3,16,5,5,1,,,0.6807,0.0
5,3,1,3,17,2,4,0,,,0.715,0.0
5,3,1,3,18,2,2,1,,,1.4467,0.0
5,3,1,3,19,5,5,1,,,0.186,0.0
5,3,1,3,20,2,2,1,,,0.7519,0.0
5,3,1,3,21,6,6,1,,,0.143,0.0
5,3,1,3,22,3,5,0,,,0.3916,0.0
5,3,1,3,23,5,5,1,,,0.3855,0.0
5,3,1,3,24,1,1,1,,,0.7193,0.0
5,3,1,3,25,5,5,1,,,0.1442,0.0
5,3,1,3,26,3,3,1,,,0.5369,0.0
5,3,1,3,27,6,6,1,,,0.1933,0.0
5,3,1,3,28,4,4,1,,,0.7927,0.0
5,3,1,3,29,4,4,1,,,0.5503,0.0
5,3,1,3,30,1,1,1,,,0.318,0.0
5,3,1,3,31,6,3,0,1,0,1.4394,0.167
5,3,1,3,32,6,6,1,,,0.0587,0.0
5,3,1,3,33,3,3,1,,,0.6621,0.0
5,3,1,3,34,5,5,1,,,0.2172,0.0
5,3,1,3,35,2,2,1,,,0.703,0.0
5,3,1,3,36,5,5,1,,,0.1919,0.0
5,3,1,3,37,3,3,1,,,1.5747,0.0
5,3,1,3,38,5,5,1,,,0.7731,0.0
5,3,1,3,39,1,1,1,,,1.3799,0.0
5,3,1,3,40,1,5,0,,,0.2336,0.0
5,3,1,3,41,1,1,1,,,1.273,0.0
5,3,1,3,42,2,2,1,,,0.6595,0.0
5,3,1,3,43,6,6,1,,,0.0868,0.0
5,3,1,3,44,1,5,0,,,0.1458,0.0
5,3,1,3,45,2,1,0,,,1.7651,0.0
5,3,1,3,46,3,2,0,,,0.6302,0.0
5,3,1,3,47,1,4,0,3,0,0.9818,0.5779
5,3,1,3,48,2,4,0,,,0.7389,0.0
5,3,1,3,49,6,5,0,,,0.4787,0.0
5,3,1,3,50,3,3,1,,,0.5645,0.0
5,3,1,4,1,2,2,1,,,0.5853,0.0
5,3,1,4,2,6,6,1,,,0.2067,0.0
5,3,1,4,3,2,2,1,,,0.2608,0.0
5,3,1,4,4,3,3,1,,,0.2652,0.0
5,3,1,4,5,3,3,1,,,0.284,0.0
5,3,1,4,6,1,1,1,,,1.9349,0.0
5,3,1,4,7,3,4,0,5,0,0.4303,1.1843
5,3,1,4,8,3,3,1,,,0.441,0.0
5,3,1,4,9,5,5,1,,,0.1494,0.0
5,3,1,4,10,2,2,1,,,0.1896,0.0
5,3,1,4,11,6,6,1,,,0.8844,0.0
5,3,1,4,12,5,5,1,,,0.2383,0.0
5,3,1,4,13,1,1,1,,,0.819,0.0
5,3,1,4,14,6,6,1,,,0.1112,0.0
5,3,1,4,15,6,6,1,,,0.2963,0.0
5,3,1,4,16,6,6,1,,,0.1712,0.0
5,3,1,4,17,1,6,0,,,0.3693,0.0
5,3,1,4,18,4,4,1,,,0.3965,0.0
5,3,1,4,19,3,6,0,,,0.8901,0.0
5,3,1,4,20,2,2,1,,,0.7681,0.0
5,3,1,4,21,4,4,1,,,0.7189,0.0
5,3,1,4,22,3,4,0,,,0.7988,0.0
5,3,1,4,23,5,3,0,,,1.4002,0.0
5,3,1,4,24,2,2,1,,,0.7277,0.0
5,3,1,4,25,6,6,1,,,0.3604,0.0
5,3,1,4,26,2,2,1,,,0.3122,0.0
5,3,1,4,27,6,6,1,,,2.4903,0.0
5,3,1,4,28,4,4,1,,,0.5936,0.0
5,3,1,4,29,1,1,1,,,0.2802,0.0
5,3,1,4,30,5,5,1,,,0.0907,0.0
5,3,1,4,31,2,2,1,,,0.3575,0.0
5,3,1,4,32,4,4,1,,,0.4378,0.0
5,3,1,4,33,3,3,1,,,0.418,0.0
5,3,1,4,34,4,4,1,,,0.6713,0.0
5,3,1,4,35,6,6,1,,,0.1618,0.0
5,3,1,4,36,4,5,0,2,0,0.9694,0.8683
5,3,1,4,37,4,4,1,,,0.458,0.0
5,3,1,4,38,1,5,0,,,1.6543,0.0
5,3,1,4,39,1,1,1,,,0.396,0.0
5,3,1,4,40,5,6,0,3,0,0.3303,0.9593
5,3,1,4,41,4,4,1,,,0.6741,0.0
5,3,1,4,42,1,1,1,,,1.5889,0.0
5,3,1,4,43,3,3,1,,,0.5303,0.0
5,3,1,4,44,6,6,1,,,0.2034,0.0
5,3,1,4,45,2,2,1,,,0.2572,0.0
5,3,1,4,46,5,5,1,,,0.0685,0.0
5,3,1,4,47,5,5,1,,,0.0008,0.0
5,3,1,4,48,5,5,1,,,0.0782,0.0
5,3,1,4,49,6,5,0,6,1,0.0009,1.1801
5,3,1,4,50,1,1,1,,,0.7141,0.0
5,3,2,1,1,2,2,1,,,1.1165,0.0
5,3,2,1,2,1,1,1,,,0.2372,0.0
5,3,2,1,3,4,4,1,,,0.4172,0.0
5,3,2,1,4,4,1,0,,,0.7982,0.0
5,3,2,1,5,4,3,0,,,0.9674,0.0
5,3,2,1,6,6,5,0,,,0.521,0.0
5,3,2,1,7,6,2,0,,,0.654,0.0
5,3,2,1,8,3,2,0,,,1.0694,0.0
5,3,2,1,9,3,3,1,,,0.5865,0.0
5,3,2,1,10,3,4,0,,,0.7686,0.0
5,3,2,1,11,1,1,1,,,0.8435,0.0
5,3,2,1,12,2,2,1,,,0.5506,0.0
5,3,2,1,13,1,1,1,,,0.207,0.0
5,3,2,1,14,2,3,0,5,0,0.5009,2.0996
5,3,2,1,15,5,5,1,,,1.207,0.0
5,3,2,1,16,5,1,0,,,0.627,0.0
5,3,2,1,17,6,6,1,,,0.2273,0.0
5,3,2,1,18,4,3,0,,,0.457,0.0
5,3,2,1,19,3,3,1,,,0.911,0.0
5,3,2,1,20,2,1,0,,,0.4075,0.0
5,3,2,1,21,3,6,0,,,0.5609,0.0
5,3,2,1,22,1,4,0,,,0.6761,0.0
5,3,2,1,23,1,1,1,,,0.1941,0.0
5,3,2,1,24,2,2,1,,,0.2963,0.0
5,3,2,1,25,5,6,0,,,0.3465,0.0
5,3,2,1,26,6,6,1,,,0.2134,0.0
5,3,2,1,27,4,2,0,,,1.1954,0.0
5,3,2,1,28,2,2,1,,,0.1798,0.0
5,3,2,1,29,6,6,1,,,0.1386,0.0
5,3,2,1,30,5,5,1,,,0.6271,0.0
5,3,2,1,31,3,3,1,,,1.1915,0.0
5,3,2,1,32,6,6,1,,,0.1657,0.0
5,3,2,1,33,3,3,1,,,0.5084,0.0
5,3,2,1,34,1,4,0,,,0.3268,0.0
5,3,2,1,35,2,1,0,5,0,1.1871,0.5327
5,3,2,1,36,5,2,0,3,0,1.2401,0.2491
5,3,2,1,37,1,5,0,,,0.7282,0.0
5,3,2,1,38,6,6,1,,,0.0196,0.0
5,3,2,1,39,5,5,1,,,0.2898,0.0
5,3,2,1,40,3,3,1,,,0.5805,0.0
5,3,2,1,41,5,6,0,5,1,0.3781,0.6059
5,3,2,1,42,4,5,0,4,1,0.4199,0.8062
5,3,2,1,43,6,3,0,,,0.7384,0.0
5,3,2,1,44,4,4,1,,,0.7667,0.0
5,3,2,1,45,1,3,0,2,0,1.6454,0.4771
5,3,2,1,46,2,2,1,,,0.3552,0.0
5,3,2,1,47,4,4,1,,,0.403,0.0
5,3,2,1,48,5,5,1,,,0.3681,0.0
5,3,2,1,49,6,6,1,,,0.2237,0.0
5,3,2,1,50,6,6,1,,,2.0056,0.0
5,3,2,2,1,5,1,0,6,0,0.5427,0.4604
5,3,2,2,2,1,1,1,,,0.4824,0.0
5,3,2,2,3,1,1,1,,,0.1568,0.0
5,3,2,2,4,3,2,0,,,0.469,0.0
5,3,2,2,5,6,6,1,,,0.331,0.0
5,3,2,2,6,2,6,0,,,0.108,0.0
5,3,2,2,7,5,1,0,,,0.993,0.0
5,3,2,2,8,2,2,1,,,0.483,0.0
5,3,2,2,9,1,3,0,4,0,0.6209,0.343
5,3,2,2,10,5,5,1,,,0.5142,0.0
5,3,2,2,11,4,4,1,,,0.4594,0.0
5,3,2,2,12,2,5,0,2,1,1.0145,0.88
5,3,2,2,13,4,4,1,,,0.5063,0.0
5,3,2,2,14,1,5,0,4,0,0.6758,0.4276
5,3,2,2,15,1,6,0,,,0.9477,0.0
5,3,2,2,16,3,1,0,,,0.5175,0.0
5,3,2,2,17,1,6,0,,,1.3225,0.0
5,3,2,2,18,2,2,1,,,0.5095,0.0
5,3,2,2,19,2,1,0,2,1,0.4078,0.3147
5,3,2,2,20,6,6,1,,,0.0918,0.0
5,3,2,2,21,2,2,1,,,0.0869,0.0
5,3,2,2,22,6,5,0,6,1,0.1936,0.1567
5,3,2,2,23,6,6,1,,,0.4844,0.0
5,3,2,2,24,5,3,0,,,0.8156,0.0
5,3,2,2,25,4,6,0,5,0,0.5665,1.043
5,3,2,2,26,3,3,1,,,0.5945,0.0
5,3,2,2,27,6,6,1,,,0.2326,0.0
5,3,2,2,28,1,5,0,,,0.5578,0.0
5,3,2,2,29,4,2,0,,,1.8725,0.0
5,3,2,2,30,3,6,0,,,0.8453,0.0
5,3,2,2,31,3,3,1,,,0.7239,0.0
5,3,2,2,32,4,4,1,,,0.4367,0.0
5,3,2,2,33,6,5,0,6,1,0.1938,0.1884
5,3,2,2,34,5,5,1,,,0.452,0.0
5,3,2,2,35,6,6,1,,,0.1909,0.0
5,3,2,2,36,4,2,0,,,0.6299,0.0
5,3,2,2,37,6,6,1,,,0.1654,0.0
5,3,2,2,38,6,6,1,,,0.1892,0.0
5,3,2,2,39,3,6,0,,,0.8523,0.0
5,3,2,2,40,5,5,1,,,0.1225,0.0
5,3,2,2,41,2,3,0,4,0,0.9648,0.1921
5,3,2,2,42,6,6,1,,,0.1786,0.0
5,3,2,2,43,1,5,0,6,0,0.8087,0.1395
5,3,2,2,44,5,5,1,,,0.2873,0.0
5,3,2,2,45,3,4,0,3,1,0.4336,0.5632
5,3,2,2,46,4,2,0,,,0.3934,0.0
5,3,2,2,47,5,5,1,,,0.163,0.0
5,3,2,2,48,4,1,0,,,0.8751,0.0
5,3,2,2,49,3,3,1,,,0.7204,0.0
5,3,2,2,50,2,2,1,,,0.5447,0.0
5,3,2,3,1,6,2,0,4,0,0.9185,0.0835
5,3,2,3,2,3,4,0,,,0.3466,0.0
5,3,2,3,3,6,6,1,,,0.47,0.0
5,3,2,3,4,3,6,0,3,1,0.4812,0.4158
5,3,2,3,5,4,3,0,,,0.9897,0.0
5,3,2,3,6,5,5,1,,,0.191,0.0
5,3,2,3,7,5,5,1,,,1.1253,0.0
5,3,2,3,8,4,2,0,4,1,0.6778,0.2373
5,3,2,3,9,4,3,0,,,0.6097,0.0
5,3,2,3,10,2,5,0,,,0.8501,0.0
5,3,2,3,11,3,5,0,2,0,1.0972,0.6561
5,3,2,3,12,6,6,1,,,0.4788,0.0
5,3,2,3,13,5,6,0,,,0.8245,0.0
5,3,2,3,14,3,3,1,,,0.9765,0.0
5,3,2,3,15,4,4,1,,,0.5354,0.0
5,3,2,3,16,1,1,1,,,0.5437,0.0
5,3,2,3,17,2,2,1,,,0.8879,0.0
5,3,2,3,18,1,6,0,,,0.6582,0.0
5,3,2,3,19,6,6,1,,,0.7691,0.0
5,3,2,3,20,1,4,0,,,0.6556,0.0
5,3,2,3,21,5,5,1,,,0.6064,0.0
5,3,2,3,22,4,3,0,,,1.5556,0.0
5,3,2,3,23,6,6,1,,,0.1102,0.0
5,3,2,3,24,4,4,1,,,0.3599,0.0
5,3,2,3,25,3,3,1,,,0.7261,0.0
5,3,2,3,26,6,6,1,,,0.8387,0.0
5,3,2,3,27,6,5,0,,,0.6112,0.0
5,3,2,3,28,2,2,1,,,0.7072,0.0
5,3,2,3,29,5,6,0,5,1,0.3883,0.2634
5,3,2,3,30,6,6,1,,,0.4592,0.0
5,3,2,3,31,1,1,1,,,0.2469,0.0
5,3,2,3,32,3,2,0,6,0,0.6988,0.9941
5,3,2,3,33,2,1,0,,,1.5228,0.0
5,3,2,3,34,2,2,1,,,0.6533,0.0
5,3,2,3,35,5,6,0,,,0.2409,0.0
5,3,2,3,36,2,2,1,,,0.2893,0.0
5,3,2,3,37,4,4,1,,,0.4363,0.0
5,3,2,3,38,1,1,1,,,0.1921,0.0
5,3,2,3,39,1,1,1,,,0.423,0.0
5,3,2,3,40,1,6,0,,,0.4838,0.0
5,3,2,3,41,6,6,1,,,0.3932,0.0
5,3,2,3,42,2,2,1,,,0.423,0.0
5,3,2,3,43,3,3,1,,,1.589,0.0
5,3,2,3,44,1,1,1,,,0.2584,0.0
5,3,2,3,45,5,5,1,,,0.278,0.0
5,3,2,3,46,2,2,1,,,0.2485,0.0
5,3,2,3,47,3,3,1,,,0.5409,0.0
5,3,2,3,48,6,6,1,,,0.3408,0.0
5,3,2,3,49,5,5,1,,,0.1652,0.0
5,3,2,3,50,4,3,0,2,0,1.1009,0.0504
5,3,2,4,1,3,6,0,,,0.5035,0.0
5,3,2,4,2,1,1,1,,,0.3653,0.0
5,3,2,4,3,4,4,1,,,0.4115,0.0
5,3,2,4,4,5,5,1,,,0.1529,0.0
5,3,2,4,5,1,4,0,,,0.9446,0.0
5,3,2,4,6,2,2,1,,,0.2592,0.0
5,3,2,4,7,3,5,0,,,0.9829,0.0
5,3,2,4,8,6,6,1,,,0.1042,0.0
5,3,2,4,9,6,5,0,6,1,0.7539,0.4706
5,3,2,4,10,3,3,1,,,0.53,0.0
5,3,2,4,11,4,3,0,,,1.0812,0.0
5,3,2,4,12,5,4,0,3,0,0.9667,0.3073
5,3,2,4,13,1,1,1,,,1.3442,0.0
5,3,2,4,14,6,3,0,,,1.0956,0.0
5,3,2,4,15,4,2,0,,,0.5638,0.0
5,3,2,4,16,6,1,0,,,0.6944,0.0
5,3,2,4,17,3,3,1,,,0.452,0.0
5,3,2,4,18,4,3,0,,,1.5671,0.0
5,3,2,4,19,1,3,0,4,0,0.5691,0.2922
5,3,2,4,20,2,2,1,,,0.1789,0.0
5,3,2,4,21,1,1,1,,,0.4573,0.0
5,3,2,4,22,5,5,1,,,0.357,0.0
5,3,2,4,23,2,3,0,2,1,0.3402,0.1372
5,3,2,4,24,5,5,1,,,0.4826,0.0
5,3,2,4,25,3,3,1,,,0.4287,0.0
5,3,2,4,26,5,5,1,,,0.2177,0.0
5,3,2,4,27,6,6,1,,,0.3029,0.0
5,3,2,4,28,2,2,1,,,0.1601,0.0
5,3,2,4,29,3,3,1,,,0.8553,0.0
5,3,2,4,30,6,5,0,,,0.1632,0.0
5,3,2,4,31,6,6,1,,,0.1175,0.0
5,3,2,4,32,1,4,0,,,0.688,0.0
5,3,2,4,33,5,5,1,,,0.1726,0.0
5,3,2,4,34,2,2,1,,,0.164,0.0
5,3,2,4,35,5,5,1,,,0.2039,0.0
5,3,2,4,36,2,2,1,,,0.3218,0.0
5,3,2,4,37,6,6,1,,,0.1308,0.0
5,3,2,4,38,4,6,0,,,0.3162,0.0
5,3,2,4,39,1,2,0,,,0.6488,0.0
5,3,2,4,40,5,5,1,,,0.1677,0.0
5,3,2,4,41,6,1,0,6,1,1.0706,0.1494
5,3,2,4,42,4,4,1,,,0.4134,0.0
5,3,2,4,43,2,2,1,,,0.2837,0.0
5,3,2,4,44,2,2,1,,,0.4625,0.0
5,3,2,4,45,1,1,1,,,0.937,0.0
5,3,2,4,46,6,6,1,,,0.2252,0.0
5,3,2,4,47,4,4,1,,,0.3898,0.0
5,3,2,4,48,3,3,1,,,0.6609,0.0
5,3,2,4,49,4,4,1,,,0.4874,0.0
5,3,2,4,50,3,2,0,3,1,0.3695,0.1814
5,3,3,1,1,1,3,0,,,0.7377,0.0
5,3,3,1,2,5,6,0,5,1,0.6536,0.2137
5,3,3,1,3,6,6,1,,,0.4754,0.0
5,3,3,1,4,3,3,1,,,0.5026,0.0
5,3,3,1,5,1,5,0,3,0,1.3124,0.5891
5,3,3,1,6,4,6,0,,,0.3352,0.0
5,3,3,1,7,5,5,1,,,0.1224,0.0
5,3,3,1,8,3,3,1,,,0.4207,0.0
5,3,3,1,9,4,4,1,,,0.7052,0.0
5,3,3,1,10,4,2,0,,,0.627,0.0
5,3,3,1,11,2,4,0,3,0,0.786,0.2779
5,3,3,1,12,3,3,1,,,1.4589,0.0
5,3,3,1,13,3,3,1,,,0.4383,0.0
5,3,3,1,14,6,6,1,,,2.1629,0.0
5,3,3,1,15,2,2,1,,,0.3596,0.0
5,3,3,1,16,3,3,1,,,0.6796,0.0
5,3,3,1,17,5,4,0,,,0.3618,0.0
5,3,3,1,18,5,5,1,,,0.6283,0.0
5,3,3,1,19,6,6,1,,,0.1372,0.0
5,3,3,1,20,2,2,1,,,0.1616,0.0
5,3,3,1,21,6,6,1,,,0.1052,0.0
5,3,3,1,22,1,1,1,,,0.4992,0.0
5,3,3,1,23,1,6,0,,,0.9888,0.0
5,3,3,1,24,3,3,1,,,0.7823,0.0
5,3,3,1,25,2,2,1,,,0.1235,0.0
5,3,3,1,26,2,2,1,,,0.4215,0.0
5,3,3,1,27,6,6,1,,,0.3068,0.0
5,3,3,1,28,4,4,1,,,1.2521,0.0
5,3,3,1,29,1,1,1,,,0.6226,0.0
5,3,3,1,30,2,2,1,,,0.1965,0.0
5,3,3,1,31,4,4,1,,,0.5375,0.0
5,3,3,1,32,6,6,1,,,1.0267,0.0
5,3,3,1,33,3,2,0,,,1.1751,0.0
5,3,3,1,34,5,5,1,,,0.4959,0.0
5,3,3,1,35,2,3,0,,,0.4896,0.0
5,3,3,1,36,1,1,1,,,0.4148,0.0
5,3,3,1,37,6,6,1,,,0.476,0.0
5,3,3,1,38,2,3,0,,,0.9822,0.0
5,3,3,1,39,5,5,1,,,0.2155,0.0
5,3,3,1,40,6,6,1,,,0.2857,0.0
5,3,3,1,41,4,3,0,4,1,1.0714,0.1186
5,3,3,1,42,1,1,1,,,1.6166,0.0
5,3,3,1,43,1,4,0,,,0.8437,0.0
5,3,3,1,44,6,6,1,,,0.3712,0.0
5,3,3,1,45,5,1,0,,,0.5145,0.0
5,3,3,1,46,3,3,1,,,0.4708,0.0
5,3,3,1,47,5,4,0,,,0.9294,0.0
5,3,3,1,48,4,2,0,,,0.9968,0.0
5,3,3,1,49,6,6,1,,,0.2937,0.0
5,3,3,1,50,4,4,1,,,0.3112,0.0
5,3,3,2,1,4,1,0,,,0.6466,0.0
5,3,3,2,2,3,3,1,,,0.4534,0.0
5,3,3,2,3,5,5,1,,,1.2645,0.0
5,3,3,2,4,2,6,0,,,0.3309,0.0
5,3,3,2,5,3,5,0,,,1.0786,0.0
5,3,3,2,6,6,6,1,,,0.1157,0.0
5,3,3,2,7,3,6,0,,,0.7015,0.0
5,3,3,2,8,3,3,1,,,0.3152,0.0
5,3,3,2,9,5,5,1,,,0.9234,0.0
5,3,3,2,10,1,2,0,5,0,0.3726,0.3285
5,3,3,2,11,3,3,1,,,0.4845,0.0
5,3,3,2,12,4,6,0,,,0.9586,0.0
5,3,3,2,13,2,2,1,,,0.3218,0.0
5,3,3,2,14,4,4,1,,,0.1627,0.0
5,3,3,2,15,2,4,0,,,0.7459,0.0
5,3,3,2,16,3,3,1,,,1.2851,0.0
5,3,3,2,17,1,4,0,,,1.2945,0.0
5,3,3,2,18,6,4,0,,,0.4824,0.0
5,3,3,2,19,5,3,0,,,0.7125,0.0
5,3,3,2,20,6,3,0,,,1.7162,0.0
5,3,3,2,21,5,5,1,,,0.1992,0.0
5,3,3,2,22,2,2,1,,,0.4458,0.0
5,3,3,2,23,1,3,0,,,1.0336,0.0
5,3,3,2,24,3,3,1,,,0.2483,0.0
5,3,3,2,25,4,4,1,,,0.204,0.0
5,3,3,2,26,6,6,1,,,0.5464,0.0
5,3,3,2,27,6,6,1,,,0.5543,0.0
5,3,3,2,28,5,5,1,,,0.1456,0.0
5,3,3,2,29,4,4,1,,,0.4096,0.0
5,3,3,2,30,1,1,1,,,0.6468,0.0
5,3,3,2,31,4,2,0,,,0.907,0.0
5,3,3,2,32,6,2,0,,,0.2698,0.0
5,3,3,2,33,1,1,1,,,0.3166,0.0
5,3,3,2,34,6,1,0,6,1,0.4621,0.2552
5,3,3,2,35,2,2,1,,,0.8664,0.0
5,3,3,2,36,6,4,0,,,0.6053,0.0
5,3,3,2,37,6,3,0,,,1.0383,0.0
5,3,3,2,38,5,4,0,,,0.8611,0.0
5,3,3,2,39,4,4,1,,,0.5163,0.0
5,3,3,2,40,5,5,1,,,0.0929,0.0
5,3,3,2,41,1,1,1,,,1.3183,0.0
5,3,3,2,42,6,6,1,,,0.2064,0.0
5,3,3,2,43,3,3,1,,,0.5329,0.0
5,3,3,2,44,1,4,0,6,0,0.7014,0.3878
5,3,3,2,45,5,5,1,,,1.0688,0.0
5,3,3,2,46,2,2,1,,,0.4313,0.0
5,3,3,2,47,1,1,1,,,0.2683,0.0
5,3,3,2,48,2,4,0,6,0,0.6074,0.7292
5,3,3,2,49,4,4,1,,,0.4371,0.0
5,3,3,2,50,2,3,0,,,0.2252,0.0
5,3,3,3,1,1,2,0,,,0.3836,0.0
5,3,3,3,2,5,6,0,5,1,0.3935,0.4932
5,3,3,3,3,4,4,1,,,0.2301,0.0
5,3,3,3,4,1,1,1,,,0.3148,0.0
5,3,3,3,5,2,2,1,,,0.3963,0.0
5,3,3,3,6,5,1,0,4,0,1.0183,0.2434
5,3,3,3,7,1,4,0,,,0.2433,0.0
5,3,3,3,8,5,5,1,,,0.4498,0.0
5,3,3,3,9,6,6,1,,,0.0783,0.0
5,3,3,3,10,6,6,1,,,0.2163,0.0
5,3,3,3,11,5,5,1,,,0.2698,0.0
5,3,3,3,12,4,2,0,,,1.5214,0.0
5,3,3,3,13,4,4,1,,,0.1407,0.0
5,3,3,3,14,1,2,0,,,0.6939,0.0
5,3,3,3,15,3,3,1,,,0.3219,0.0
5,3,3,3,16,6,6,1,,,0.7233,0.0
5,3,3,3,17,3,1,0,,,0.7726,0.0
5,3,3,3,18,2,2,1,,,0.287,0.0
5,3,3,3,19,2,2,1,,,0.8323,0.0
5,3,3,3,20,4,4,1,,,0.7808,0.0
5,3,3,3,21,3,4,0,1,0,1.1793,0.6213
5,3,3,3,22,5,1,0,,,0.7505,0.0
5,3,3,3,23,2,2,1,,,0.2494,0.0
5,3,3,3,24,2,2,1,,,0.4613,0.0
5,3,3,3,25,5,5,1,,,0.3276,0.0
5,3,3,3,26,5,5,1,,,0.0011,0.0
5,3,3,3,27,6,6,1,,,0.1513,0.0
5,3,3,3,28,3,3,1,,,0.5584,0.0
5,3,3,3,29,6,6,1,,,0.9022,0.0
5,3,3,3,30,2,2,1,,,0.5281,0.0
5,3,3,3,31,3,3,1,,,0.2164,0.0
5,3,3,3,32,3,5,0,,,1.422,0.0
5,3,3,3,33,2,2,1,,,0.4615,0.0
5,3,3,3,34,2,2,1,,,0.2323,0.0
5,3,3,3,35,1,1,1,,,0.1567,0.0
5,3,3,3,36,1,5,0,,,0.5962,0.0
5,3,3,3,37,4,4,1,,,0.6784,0.0
5,3,3,3,38,4,3,0,,,0.6804,0.0
5,3,3,3,39,6,6,1,,,0.2459,0.0
5,3,3,3,40,1,1,1,,,0.2018,0.0
5,3,3,3,41,4,1,0,2,0,1.0389,0.2156
5,3,3,3,42,4,3,0,,,0.7927,0.0
5,3,3,3,43,1,1,1,,,0.4976,0.0
5,3,3,3,44,3,3,1,,,0.6191,0.0
5,3,3,3,45,3,3,1,,,0.5756,0.0
5,3,3,3,46,6,1,0,6,1,0.3105,0.1893
5,3,3,3,47,6,6,1,,,0.74,0.0
5,3,3,3,48,5,5,1,,,0.4672,0.0
5,3,3,3,49,6,6,1,,,0.5112,0.0
5,3,3,3,50,6,1,0,,,1.2403,0.0
5,3,3,4,1,3,6,0,1,0,0.4918,0.779
5,3,3,4,2,6,6,1,,,0.1639,0.0
5,3,3,4,3,3,2,0,,,0.3315,0.0
5,3,3,4,4,1,1,1,,,0.5352,0.0
5,3,3,4,5,1,5,0,1,1,1.1358,0.1321
5,3,3,4,6,5,5,1,,,0.1735,0.0
5,3,3,4,7,4,5,0,,,0.3086,0.0
5,3,3,4,8,3,3,1,,,0.5611,0.0
5,3,3,4,9,5,5,1,,,0.1039,0.0
5,3,3,4,10,1,3,0,,,0.3856,0.0
5,3,3,4,11,3,1,0,3,1,1.4841,0.4187
5,3,3,4,12,4,1,0,,,0.5916,0.0
5,3,3,4,13,2,2,1,,,0.8963,0.0
5,3,3,4,14,1,1,1,,,1.049,0.0
5,3,3,4,15,5,5,1,,,1.1491,0.0
5,3,3,4,16,2,2,1,,,0.6034,0.0
5,3,3,4,17,4,4,1,,,0.6255,0.0
5,3,3,4,18,6,2,0,,,1.0139,0.0
5,3,3,4,19,3,3,1,,,0.7103,0.0
5,3,3,4,20,4,4,1,,,0.2469,0.0
5,3,3,4,21,2,3,0,5,0,0.522,0.8888
5,3,3,4,22,5,5,1,,,0.2374,0.0
5,3,3,4,23,6,6,1,,,0.2423,0.0
5,3,3,4,24,5,5,1,,,0.6137,0.0
5,3,3,4,25,5,5,1,,,0.5552,0.0
5,3,3,4,26,6,5,0,,,0.3548,0.0
5,3,3,4,27,2,2,1,,,0.2855,0.0
5,3,3,4,28,4,2,0,5,0,1.9043,1.4292
5,3,3,4,29,4,4,1,,,0.372,0.0
5,3,3,4,30,3,5,0,,,0.3066,0.0
5,3,3,4,31,1,5,0,,,0.3198,0.0
5,3,3,4,32,6,6,1,,,0.6846,0.0
5,3,3,4,33,3,3,1,,,0.5426,0.0
5,3,3,4,34,5,5,1,,,0.2628,0.0
5,3,3,4,35,6,6,1,,,0.3305,0.0
5,3,3,4,36,4,4,1,,,0.6988,0.0
5,3,3,4,37,2,2,1,,,0.492,0.0
5,3,3,4,38,1,1,1,,,0.3425,0.0
5,3,3,4,39,6,1,0,,,1.3018,0.0
5,3,3,4,40,2,4,0,,,1.306,0.0
5,3,3,4,41,5,5,1,,,0.1591,0.0
5,3,3,4,42,6,5,0,,,1.0623,0.0
5,3,3,4,43,6,6,1,,,0.2754,0.0
5,3,3,4,44,2,2,1,,,0.2143,0.0
5,3,3,4,45,4,3,0,,,0.9232,0.0
5,3,3,4,46,2,2,1,,,0.8474,0.0
5,3,3,4,47,1,6,0,,,0.5382,0.0
5,3,3,4,48,6,6,1,,,0.1737,0.0
5,3,3,4,49,1,1,1,,,0.404,0.0
5,3,3,4,50,3,3,1,,,0.3541,0.0
5,3,4,1,1,5,5,1,,,0.463,0.0
5,3,4,1,2,2,6,0,3,0,0.5373,0.6632
5,3,4,1,3,1,5,0,,,0.1166,0.0
5,3,4,1,4,1,6,0,1,1,0.9057,1.2722
5,3,4,1,5,1,1,1,,,0.1138,0.0
5,3,4,1,6,4,3,0,,,0.2191,0.0
5,3,4,1,7,1,5,0,,,0.0759,0.0
5,3,4,1,8,6,6,1,,,0.2105,0.0
5,3,4,1,9,5,6,0,1,0,1.0638,0.6717
5,3,4,1,10,4,4,1,,,0.4939,0.0
5,3,4,1,11,3,3,1,,,0.4234,0.0
5,3,4,1,12,1,3,0,,,1.4922,0.0
5,3,4,1,13,2,2,1,,,0.5132,0.0
5,3,4,1,14,6,4,0,,,0.7295,0.0
5,3,4,1,15,5,5,1,,,0.9651,0.0
5,3,4,1,16,4,4,1,,,0.5722,0.0
5,3,4,1,17,1,1,1,,,0.5951,0.0
5,3,4,1,18,1,3,0,,,0.8885,0.0
5,3,4,1,19,6,5,0,6,1,0.9744,0.1526
5,3,4,1,20,5,5,1,,,0.3378,0.0
5,3,4,1,21,5,6,0,2,0,0.5936,0.3652
5,3,4,1,22,2,2,1,,,0.3266,0.0
5,3,4,1,23,3,3,1,,,0.9673,0.0
5,3,4,1,24,3,3,1,,,0.3825,0.0
5,3,4,1,25,6,6,1,,,0.2527,0.0
5,3,4,1,26,2,2,1,,,1.2486,0.0
5,3,4,1,27,1,4,0,,,0.8119,0.0
5,3,4,1,28,5,5,1,,,0.2751,0.0
5,3,4,1,29,6,2,0,,,0.9181,0.0
5,3,4,1,30,4,1,0,,,0.7939,0.0
5,3,4,1,31,2,4,0,,,2.0189,0.0
5,3,4,1,32,4,6,0,3,0,0.6344,1.1229
5,3,4,1,33,3,3,1,,,0.75,0.0
5,3,4,1,34,3,3,1,,,0.3659,0.0
5,3,4,1,35,6,6,1,,,0.1407,0.0
5,3,4,1,36,2,2,1,,,0.3093,0.0
5,3,4,1,37,6,4,0,,,0.5989,0.0
5,3,4,1,38,5,5,1,,,0.247,0.0
5,3,4,1,39,4,4,1,,,0.2994,0.0
5,3,4,1,40,2,2,1,,,0.3816,0.0
5,3,4,1,41,2,4,0,,,0.4121,0.0
5,3,4,1,42,3,3,1,,,0.6445,0.0
5,3,4,1,43,3,4,0,,,0.5518,0.0
5,3,4,1,44,4,4,1,,,0.6183,0.0
5,3,4,1,45,5,5,1,,,0.2875,0.0
5,3,4,1,46,6,6,1,,,0.275,0.0
5,3,4,1,47,3,2,0,,,1.0132,0.0
5,3,4,1,48,4,5,0,,,0.8053,0.0
5,3,4,1,49,6,3,0,6,1,0.7822,0.2741
5,3,4,1,50,6,6,1,,,0.149,0.0
5,3,4,2,1,6,1,0,,,0.5713,0.0
5,3,4,2,2,2,2,1,,,0.1736,0.0
5,3,4,2,3,4,4,1,,,0.3571,0.0
5,3,4,2,4,1,1,1,,,0.8523,0.0
5,3,4,2,5,6,6,1,,,0.1441,0.0
5,3,4,2,6,5,5,1,,,0.3762,0.0
5,3,4,2,7,2,3,0,,,0.4061,0.0
5,3,4,2,8,2,4,0,,,0.8631,0.0
5,3,4,2,9,1,4,0,2,0,0.2769,1.2934
5,3,4,2,10,6,6,1,,,0.0818,0.0
5,3,4,2,11,4,4,1,,,0.5085,0.0
5,3,4,2,12,3,3,1,,,0.4851,0.0
5,3,4,2,13,5,5,1,,,0.7682,0.0
5,3,4,2,14,2,1,0,,,0.1587,0.0
5,3,4,2,15,4,4,1,,,1.3936,0.0
5,3,4,2,16,1,1,1,,,0.3421,0.0
5,3,4,2,17,5,5,1,,,0.1017,0.0
5,3,4,2,18,3,1,0,,,0.9119,0.0
5,3,4,2,19,3,3,1,,,0.4046,0.0
5,3,4,2,20,6,6,1,,,0.1776,0.0
5,3,4,2,21,5,5,1,,,0.7764,0.0
5,3,4,2,22,6,4,0,,,0.855,0.0
5,3,4,2,23,4,4,1,,,0.4615,0.0
5,3,4,2,24,6,3,0,,,0.7761,0.0
5,3,4,2,25,1,1,1,,,0.2421,0.0
5,3,4,2,26,5,5,1,,,0.1822,0.0
5,3,4,2,27,3,3,1,,,0.3489,0.0
5,3,4,2,28,1,6,0,1,1,0.3966,0.1601
5,3,4,2,29,1,1,1,,,0.1665,0.0
5,3,4,2,30,5,5,1,,,0.0465,0.0
5,3,4,2,31,2,2,1,,,0.6028,0.0
5,3,4,2,32,4,5,0,,,0.816,0.0
5,3,4,2,33,2,2,1,,,0.3118,0.0
5,3,4,2,34,4,3,0,,,0.8094,0.0
5,3,4,2,35,5,5,1,,,0.3541,0.0
5,3,4,2,36,6,5,0,,,0.5779,0.0
5,3,4,2,37,3,3,1,,,0.3872,0.0
5,3,4,2,38,3,2,0,5,0,0.4818,0.689
5,3,4,2,39,1,1,1,,,0.3832,0.0
5,3,4,2,40,2,3,0,,,0.5733,0.0
5,3,4,2,41,6,3,0,,,1.8869,0.0
5,3,4,2,42,3,3,1,,,0.8267,0.0
5,3,4,2,43,5,5,1,,,0.7913,0.0
5,3,4,2,44,3,4,0,,,0.9804,0.0
5,3,4,2,45,2,2,1,,,0.406,0.0
5,3,4,2,46,6,6,1,,,0.7556,0.0
5,3,4,2,47,4,4,1,,,0.4517,0.0
5,3,4,2,48,1,6,0,1,1,0.719,0.1649
5,3,4,2,49,6,5,0,,,1.0677,0.0
5,3,4,2,50,4,3,0,,,0.6342,0.0
5,3,4,3,1,3,1,0,,,1.2236,0.0
5,3,4,3,2,1,4,0,,,0.5583,0.0
5,3,4,3,3,4,3,0,,,0.6568,0.0
5,3,4,3,4,4,4,1,,,0.4956,0.0
5,3,4,3,5,6,6,1,,,0.1855,0.0
5,3,4,3,6,6,6,1,,,0.6722,0.0
5,3,4,3,7,6,6,1,,,0.1307,0.0
5,3,4,3,8,2,2,1,,,0.7159,0.0
5,3,4,3,9,3,3,1,,,0.2997,0.0
5,3,4,3,10,5,5,1,,,0.3506,0.0
5,3,4,3,11,6,6,1,,,0.158,0.0
5,3,4,3,12,4,3,0,1,0,0.5163,0.2424
5,3,4,3,13,5,5,1,,,0.098,0.0
5,3,4,3,14,2,2,1,,,0.1408,0.0
5,3,4,3,15,3,4,0,3,1,0.549,0.306
5,3,4,3,16,1,4,0,,,1.3805,0.0
5,3,4,3,17,5,5,1,,,0.5174,0.0
5,3,4,3,18,1,1,1,,,0.3342,0.0
5,3,4,3,19,4,4,1,,,0.2385,0.0
5,3,4,3,20,5,3,0,5,1,0.3553,0.5836
5,3,4,3,21,2,2,1,,,0.4456,0.0
5,3,4,3,22,5,1,0,,,0.3452,0.0
5,3,4,3,23,3,3,1,,,0.4857,0.0
5,3,4,3,24,2,2,1,,,0.3035,0.0
5,3,4,3,25,3,1,0,,,1.1856,0.0
5,3,4,3,26,3,3,1,,,0.8425,0.0
5,3,4,3,27,1,1,1,,,0.4532,0.0
5,3,4,3,28,6,6,1,,,0.4818,0.0
5,3,4,3,29,1,1,1,,,0.2516,0.0
5,3,4,3,30,2,2,1,,,0.3363,0.0
5,3,4,3,31,2,3,0,1,0,0.3678,0.3565
5,3,4,3,32,4,4,1,,,0.5273,0.0
5,3,4,3,33,3,1,0,,,0.3751,0.0
5,3,4,3,34,6,6,1,,,0.6094,0.0
5,3,4,3,35,6,6,1,,,0.4378,0.0
5,3,4,3,36,1,5,0,,,0.2903,0.0
5,3,4,3,37,1,1,1,,,0.192,0.0
5,3,4,3,38,3,3,1,,,0.4214,0.0
5,3,4,3,39,6,5,0,2,0,1.1223,1.0642
5,3,4,3,40,6,6,1,,,0.1184,0.0
5,3,4,3,41,6,6,1,,,0.2548,0.0
5,3,4,3,42,4,4,1,,,0.2909,0.0
5,3,4,3,43,4,4,1,,,1.0132,0.0
5,3,4,3,44,5,5,1,,,0.2496,0.0
5,3,4,3,45,1,1,1,,,0.813,0.0
5,3,4,3,46,5,5,1,,,0.1698,0.0
5,3,4,3,47,2,2,1,,,0.1292,0.0
5,3,4,3,48,4,4,1,,,0.7467,0.0
5,3,4,3,49,5,4,0,5,1,1.6574,0.3449
5,3,4,3,50,2,2,1,,,0.3286,0.0
5,3,4,4,1,3,3,1,,,0.8234,0.0
5,3,4,4,2,3,3,1,,,0.5157,0.0
5,3,4,4,3,6,1,0,5,0,0.093,1.1165
5,3,4,4,4,6,6,1,,,0.7114,0.0
5,3,4,4,5,1,1,1,,,0.1692,0.0
5,3,4,4,6,5,5,1,,,0.0635,0.0
5,3,4,4,7,4,4,1,,,0.1555,0.0
5,3,4,4,8,3,1,0,4,0,0.8037,0.3259
5,3,4,4,9,2,3,0,,,0.5622,0.0
5,3,4,4,10,2,3,0,,,0.596,0.0
5,3,4,4,11,5,5,1,,,0.5976,0.0
5,3,4,4,12,3,5,0,,,0.6351,0.0
5,3,4,4,13,5,5,1,,,0.8743,0.0
5,3,4,4,14,4,5,0,3,0,0.2126,1.1988
5,3,4,4,15,4,6,0,,,0.2796,0.0
5,3,4,4,16,4,1,0,,,0.9338,0.0
5,3,4,4,17,2,2,1,,,0.2012,0.0
5,3,4,4,18,6,5,0,,,1.0071,0.0
5,3,4,4,19,4,4,1,,,1.4542,0.0
5,3,4,4,20,1,1,1,,,0.321,0.0
5,3,4,4,21,3,3,1,,,0.642,0.0
5,3,4,4,22,5,5,1,,,0.1502,0.0
5,3,4,4,23,5,6,0,,,0.4939,0.0
5,3,4,4,24,6,6,1,,,0.2437,0.0
5,3,4,4,25,5,5,1,,,0.3747,0.0
5,3,4,4,26,1,1,1,,,0.3097,0.0
5,3,4,4,27,6,6,1,,,0.6643,0.0
5,3,4,4,28,4,4,1,,,1.0672,0.0
5,3,4,4,29,6,6,1,,,0.4452,0.0
5,3,4,4,30,6,1,0,,,0.1686,0.0
5,3,4,4,31,2,2,1,,,0.5884,0.0
5,3,4,4,32,2,2,1,,,0.0977,0.0
5,3,4,4,33,1,1,1,,,0.3166,0.0
5,3,4,4,34,3,1,0,,,0.318,0.0
5,3,4,4,35,4,4,1,,,0.4581,0.0
5,3,4,4,36,6,6,1,,,0.1335,0.0
5,3,4,4,37,4,5,0,,,0.9096,0.0
5,3,4,4,38,5,5,1,,,0.1943,0.0
5,3,4,4,39,2,4,0,3,0,0.4251,0.571
5,3,4,4,40,1,3,0,,,1.2772,0.0
5,3,4,4,41,1,4,0,,,0.4501,0.0
5,3,4,4,42,6,6,1,,,0.1199,0.0
5,3,4,4,43,3,5,0,,,0.3053,0.0
5,3,4,4,44,1,5,0,3,0,0.5427,0.7311
5,3,4,4,45,2,2,1,,,0.5671,0.0
5,3,4,4,46,2,4,0,,,0.9417,0.0
5,3,4,4,47,1,1,1,,,0.2091,0.0
5,3,4,4,48,5,5,1,,,0.1504,0.0
5,3,4,4,49,6,6,1,,,0.2225,0.0
5,3,4,4,50,3,1,0,,,0.7392,0.0
5,3,5,1,1,6,6,1,,,0.0465,0.0
5,3,5,1,2,1,1,1,,,0.1064,0.0
5,3,5,1,3,6,1,0,4,0,0.3882,0.4707
5,3,5,1,4,1,1,1,,,0.2371,0.0
5,3,5,1,5,2,2,1,,,0.4173,0.0
5,3,5,1,6,5,5,1,,,0.4137,0.0
5,3,5,1,7,2,6,0,,,0.7153,0.0
5,3,5,1,8,4,4,1,,,0.3112,0.0
5,3,5,1,9,5,5,1,,,0.345,0.0
5,3,5,1,10,4,4,1,,,0.4405,0.0
5,3,5,1,11,4,3,0,2,0,0.677,0.349
5,3,5,1,12,2,2,1,,,0.5675,0.0
5,3,5,1,13,6,6,1,,,0.1589,0.0
5,3,5,1,14,1,6,0,,,0.5668,0.0
5,3,5,1,15,5,5,1,,,0.2806,0.0
5,3,5,1,16,3,3,1,,,0.3317,0.0
5,3,5,1,17,1,1,1,,,0.6837,0.0
5,3,5,1,18,4,3,0,4,1,0.5742,0.3619
5,3,5,1,19,2,3,0,,,0.6325,0.0
5,3,5,1,20,3,3,1,,,0.7439,0.0
5,3,5,1,21,6,6,1,,,0.4237,0.0
5,3,5,1,22,3,4,0,,,0.4364,0.0
5,3,5,1,23,3,3,1,,,0.9557,0.0
5,3,5,1,24,6,6,1,,,0.4661,0.0
5,3,5,1,25,2,5,0,,,0.286,0.0
5,3,5,1,26,1,1,1,,,0.4273,0.0
5,3,5,1,27,3,3,1,,,1.0957,0.0
5,3,5,1,28,4,4,1,,,0.3606,0.0
5,3,5,1,29,6,6,1,,,0.2003,0.0
5,3,5,1,30,3,3,1,,,0.7665,0.0
5,3,5,1,31,6,3,0,,,0.8453,0.0
5,3,5,1,32,1,6,0,,,0.9637,0.0
5,3,5,1,33,3,1,0,,,0.4064,0.0
5,3,5,1,34,5,5,1,,,0.0623,0.0
5,3,5,1,35,3,3,1,,,1.1141,0.0
5,3,5,1,36,2,4,0,,,0.8419,0.0
5,3,5,1,37,4,4,1,,,0.3855,0.0
5,3,5,1,38,2,2,1,,,0.175,0.0
5,3,5,1,39,6,6,1,,,0.4704,0.0
5,3,5,1,40,5,3,0,,,0.6085,0.0
5,3,5,1,41,5,5,1,,,0.1136,0.0
5,3,5,1,42,6,6,1,,,0.7465,0.0
5,3,5,1,43,4,4,1,,,0.5869,0.0
5,3,5,1,44,1,4,0,,,0.5122,0.0
5,3,5,1,45,5,5,1,,,0.4528,0.0
5,3,5,1,46,2,2,1,,,0.3049,0.0
5,3,5,1,47,4,3,0,,,0.5311,0.0
5,3,5,1,48,1,5,0,,,0.2785,0.0
5,3,5,1,49,5,4,0,5,1,0.5165,0.5943
5,3,5,1,50,6,1,0,,,0.7126,0.0
5,3,5,2,1,4,3,0,,,0.8029,0.0
5,3,5,2,2,4,1,0,,,0.075,0.0
5,3,5,2,3,2,2,1,,,0.2254,0.0
5,3,5,2,4,1,1,1,,,0.1505,0.0
5,3,5,2,5,4,4,1,,,0.9907,0.0
5,3,5,2,6,1,3,0,4,0,1.2037,0.789
5,3,5,2,7,2,2,1,,,0.126,0.0
5,3,5,2,8,2,2,1,,,0.1517,0.0
5,3,5,2,9,2,2,1,,,0.1114,0.0
5,3,5,2,10,1,1,1,,,0.2488,0.0
5,3,5,2,11,4,4,1,,,0.9252,0.0
5,3,5,2,12,2,2,1,,,0.1163,0.0
5,3,5,2,13,3,3,1,,,0.8781,0.0
5,3,5,2,14,6,1,0,,,0.936,0.0
5,3,5,2,15,3,2,0,,,1.1152,0.0
5,3,5,2,16,4,4,1,,,0.4708,0.0
5,3,5,2,17,3,5,0,,,1.1379,0.0
5,3,5,2,18,5,5,1,,,0.1884,0.0
5,3,5,2,19,2,2,1,,,0.1149,0.0
5,3,5,2,20,5,5,1,,,0.2678,0.0
5,3,5,2,21,5,5,1,,,0.0798,0.0
5,3,5,2,22,5,5,1,,,0.2973,0.0
5,3,5,2,23,6,5,0,6,1,0.1553,0.3765
5,3,5,2,24,4,2,0,,,0.4074,0.0
5,3,5,2,25,3,1,0,3,1,1.3277,0.2042
5,3,5,2,26,3,2,0,,,0.8021,0.0
5,3,5,2,27,5,5,1,,,2.1387,0.0
5,3,5,2,28,5,4,0,3,0,0.3694,0.5805
5,3,5,2,29,1,1,1,,,0.8392,0.0
5,3,5,2,30,1,3,0,,,1.2188,0.0
5,3,5,2,31,4,4,1,,,0.6503,0.0
5,3,5,2,32,6,6,1,,,0.1736,0.0
5,3,5,2,33,2,2,1,,,0.1481,0.0
5,3,5,2,34,6,6,1,,,0.2041,0.0
5,3,5,2,35,6,5,0,,,0.4827,0.0
5,3,5,2,36,3,3,1,,,0.856,0.0
5,3,5,2,37,5,5,1,,,0.0979,0.0
5,3,5,2,38,1,1,1,,,0.3324,0.0
5,3,5,2,39,3,3,1,,,0.749,0.0
5,3,5,2,40,2,5,0,2,1,0.8292,0.4453
5,3,5,2,41,6,6,1,,,0.2018,0.0
5,3,5,2,42,1,1,1,,,0.6721,0.0
5,3,5,2,43,1,6,0,5,0,0.6743,0.8423
5,3,5,2,44,3,3,1,,,0.3853,0.0
5,3,5,2,45,6,6,1,,,0.286,0.0
5,3,5,2,46,6,6,1,,,0.1442,0.0
5,3,5,2,47,6,4,0,,,0.6801,0.0
5,3,5,2,48,5,5,1,,,0.1822,0.0
5,3,5,2,49,4,2,0,3,0,0.9735,0.2798
5,3,5,2,50,6,6,1,,,0.1184,0.0
5,3,5,3,1,3,2,0,3,1,1.3257,0.4265
5,3,5,3,2,3,4,0,3,1,0.23,0.608
5,3,5,3,3,5,2,0,4,0,0.3569,0.2664
5,3,5,3,4,5,4,0,,,0.473,0.0
5,3,5,3,5,1,6,0,,,0.2072,0.0
5,3,5,3,6,3,1,0,4,0,0.175,0.2039
5,3,5,3,7,6,6,1,,,0.0611,0.0
5,3,5,3,8,6,6,1,,,0.8562,0.0
5,3,5,3,9,2,4,0,3,0,0.275,0.4756
5,3,5,3,10,1,1,1,,,0.8813,0.0
5,3,5,3,11,1,4,0,6,0,0.491,0.618
5,3,5,3,12,3,2,0,,,0.4902,0.0
5,3,5,3,13,4,4,1,,,0.5268,0.0
5,3,5,3,14,3,3,1,,,0.7442,0.0
5,3,5,3,15,5,5,1,,,0.375,0.0
5,3,5,3,16,5,5,1,,,0.1173,0.0
5,3,5,3,17,1,3,0,,,0.7027,0.0
5,3,5,3,18,1,3,0,,,0.924,0.0
5,3,5,3,19,5,3,0,,,0.6714,0.0
5,3,5,3,20,6,5,0,6,1,0.1722,0.1696
5,3,5,3,21,4,4,1,,,0.4805,0.0
5,3,5,3,22,4,1,0,3,0,0.6024,0.5652
5,3,5,3,23,2,2,1,,,0.36,0.0
5,3,5,3,24,4,4,1,,,0.6468,0.0
5,3,5,3,25,6,6,1,,,0.0897,0.0
5,3,5,3,26,2,2,1,,,0.3406,0.0
5,3,5,3,27,6,6,1,,,0.2286,0.0
5,3,5,3,28,5,5,1,,,0.2642,0.0
5,3,5,3,29,5,5,1,,,0.1556,0.0
5,3,5,3,30,1,3,0,,,1.316,0.0
5,3,5,3,31,4,5,0,,,0.9992,0.0
5,3,5,3,32,4,4,1,,,0.2643,0.0
5,3,5,3,33,1,1,1,,,0.4912,0.0
5,3,5,3,34,3,3,1,,,0.597,0.0
5,3,5,3,35,6,5,0,,,1.2906,0.0
5,3,5,3,36,1,1,1,,,0.5432,0.0
5,3,5,3,37,6,2,0,6,1,0.7907,0.1371
5,3,5,3,38,2,3,0,,,0.77,0.0
5,3,5,3,39,2,2,1,,,0.2678,0.0
5,3,5,3,40,3,3,1,,,0.3986,0.0
5,3,5,3,41,6,6,1,,,0.0931,0.0
5,3,5,3,42,2,2,1,,,0.3587,0.0
5,3,5,3,43,4,4,1,,,0.2461,0.0
5,3,5,3,44,6,6,1,,,0.2014,0.0
5,3,5,3,45,2,2,1,,,0.304,0.0
5,3,5,3,46,5,5,1,,,0.2742,0.0
5,3,5,3,47,6,6,1,,,0.2442,0.0
5,3,5,3,48,3,3,1,,,0.3288,0.0
5,3,5,3,49,2,2,1,,,0.297,0.0
5,3,5,3,50,4,4,1,,,0.4751,0.0
5,3,5,4,1,1,6,0,,,0.467,0.0
5,3,5,4,2,6,6,1,,,0.1367,0.0
5,3,5,4,3,4,4,1,,,0.2897,0.0
5,3,5,4,4,5,5,1,,,0.5005,0.0
5,3,5,4,5,2,2,1,,,0.1896,0.0
5,3,5,4,6,2,2,1,,,0.132,0.0
5,3,5,4,7,5,5,1,,,0.0929,0.0
5,3,5,4,8,3,1,0,,,0.9029,0.0
5,3,5,4,9,6,6,1,,,0.3796,0.0
5,3,5,4,10,3,4,0,,,0.4412,0.0
5,3,5,4,11,6,5,0,3,0,0.1294,1.0066
5,3,5,4,12,3,4,0,,,0.3838,0.0
5,3,5,4,13,4,4,1,,,0.521,0.0
5,3,5,4,14,6,6,1,,,0.3382,0.0
5,3,5,4,15,5,5,1,,,0.3387,0.0
5,3,5,4,16,2,2,1,,,0.5151,0.0
5,3,5,4,17,4,4,1,,,0.428,0.0
5,3,5,4,18,2,2,1,,,0.5368,0.0
5,3,5,4,19,3,4,0,3,1,0.6882,0.2152
5,3,5,4,20,1,4,0,,,0.5087,0.0
5,3,5,4,21,3,4,0,,,0.6577,0.0
5,3,5,4,22,4,3,0,2,0,1.2318,0.2249
5,3,5,4,23,1,4,0,,,1.521,0.0
5,3,5,4,24,5,4,0,,,0.907,0.0
5,3,5,4,25,2,2,1,,,0.1428,0.0
5,3,5,4,26,4,2,0,1,0,1.0799,0.7349
5,3,5,4,27,1,3,0,,,0.8744,0.0
5,3,5,4,28,3,3,1,,,0.2554,0.0
5,3,5,4,29,2,2,1,,,0.6588,0.0
5,3,5,4,30,4,5,0,,,0.8049,0.0
5,3,5,4,31,1,1,1,,,1.8211,0.0
5,3,5,4,32,4,3,0,,,0.9775,0.0
5,3,5,4,33,3,5,0,3,1,1.987,0.4358
5,3,5,4,34,6,4,0,6,1,0.7046,0.4064
5,3,5,4,35,3,4,0,,,0.4678,0.0
5,3,5,4,36,2,2,1,,,0.7137,0.0
5,3,5,4,37,5,5,1,,,0.6178,0.0
5,3,5,4,38,5,3,0,,,0.8153,0.0
5,3,5,4,39,2,1,0,4,0,0.6634,0.3199
5,3,5,4,40,6,6,1,,,0.1885,0.0
5,3,5,4,41,6,5,0,,,0.7713,0.0
5,3,5,4,42,1,5,0,,,0.7801,0.0
5,3,5,4,43,6,6,1,,,0.1495,0.0
5,3,5,4,44,6,6,1,,,0.0294,0.0
5,3,5,4,45,4,3,0,,,0.6832,0.0
5,3,5,4,46,1,1,1,,,1.0485,0.0
5,3,5,4,47,5,5,1,,,0.4914,0.0
5,3,5,4,48,6,6,1,,,0.1492,0.0
5,3,5,4,49,5,5,1,,,0.941,0.0
5,3,5,4,50,1,4,0,,,1.349,0.0
6,1,1,1,1,1,1,1,,,0.7715,0.0
6,1,1,1,2,2,2,1,,,0.675,0.0
6,1,1,1,3,5,6,0,,,0.4856,0.0
6,1,1,1,4,4,2,0,,,0.2825,0.0
6,1,1,1,5,6,5,0,,,0.8252,0.0
6,1,1,1,6,1,3,0,2,0,0.1134,0.6081
6,1,1,1,7,3,2,0,,,0.0973,0.0
6,1,1,1,8,6,6,1,,,1.0936,0.0
6,1,1,1,9,2,2,1,,,0.8075,0.0
6,1,1,1,10,2,2,1,,,0.3088,0.0
6,1,1,1,11,3,3,1,,,0.9182,0.0
6,1,1,1,12,2,1,0,,,0.8951,0.0
6,1,1,1,13,6,6,1,,,0.6435,0.0
6,1,1,1,14,6,3,0,,,0.9034,0.0
6,1,1,1,15,2,2,1,,,0.4128,0.0
6,1,1,1,16,5,5,1,,,0.6023,0.0
6,1,1,1,17,4,4,1,,,0.5751,0.0
6,1,1,1,18,5,4,0,5,1,0.2941,1.0225
6,1,1,1,19,6,5,0,,,0.4183,0.0
6,1,1,1,20,3,2,0,,,0.5707,0.0
6,1,1,1,21,4,4,1,,,0.4937,0.0
6,1,1,1,22,5,2,0,,,0.8393,0.0
6,1,1,1,23,5,6,0,,,0.3668,0.0
6,1,1,1,24,1,4,0,,,0.5703,0.0
6,1,1,1,25,6,6,1,,,1.2279,0.0
6,1,1,1,26,4,4,1,,,0.5202,0.0
6,1,1,1,27,4,4,1,,,0.4814,0.0
6,1,1,1,28,4,2,0,,,0.828,0.0
6,1,1,1,29,5,4,0,,,0.324,0.0
6,1,1,1,30,3,2,0,3,1,0.737,0.87
6,1,1,1,31,1,1,1,,,0.8474,0.0
6,1,1,1,32,1,2,0,,,0.7309,0.0
6,1,1,1,33,6,6,1,,,0.5503,0.0
6,1,1,1,34,6,5,0,2,0,0.942,0.5225
6,1,1,1,35,3,3,1,,,1.2472,0.0
6,1,1,1,36,3,3,1,,,0.4104,0.0
6,1,1,1,37,1,3,0,,,0.0009,0.0
6,1,1,1,38,2,4,0,,,0.0824,0.0
6,1,1,1,39,1,3,0,1,1,1.3044,0.001
6,1,1,1,40,1,2,0,,,0.8353,0.0
6,1,1,1,41,3,2,0,5,0,0.4914,0.5539
6,1,1,1,42,4,4,1,,,0.6217,0.0
6,1,1,1,43,2,2,1,,,0.242,0.0
6,1,1,1,44,3,1,0,,,0.7914,0.0
6,1,1,1,45,6,4,0,,,1.9845,0.0
6,1,1,1,46,2,2,1,,,0.7771,0.0
6,1,1,1,47,5,4,0,5,1,0.535,0.0691
6,1,1,1,48,4,1,0,,,1.2481,0.0
6,1,1,1,49,6,5,0,4,0,0.8699,0.3579
6,1,1,1,50,5,4,0,6,0,0.8163,1.6032
6,1,1,2,1,2,2,1,,,1.1283,0.0
6,1,1,2,2,2,2,1,,,0.0726,0.0
6,1,1,2,3,3,3,1,,,0.7085,0.0
6,1,1,2,4,5,2,0,,,0.5974,0.0
6,1,1,2,5,4,6,0,,,0.3264,0.0
6,1,1,2,6,4,6,0,,,0.6278,0.0
6,1,1,2,7,1,1,1,,,0.9315,0.0
6,1,1,2,8,1,6,0,,,0.2671,0.0
6,1,1,2,9,5,5,1,,,0.6493,0.0
6,1,1,2,10,3,3,1,,,1.0537,0.0
6,1,1,2,11,1,3,0,1,1,0.3519,1.4448
6,1,1,2,12,6,6,1,,,0.6478,0.0
6,1,1,2,13,6,6,1,,,0.2353,0.0
6,1,1,2,14,6,5,0,2,0,0.9119,0.7023
6,1,1,2,15,1,6,0,,,0.555,0.0
6,1,1,2,16,5,6,0,,,0.2546,0.0
6,1,1,2,17,3,1,0,,,1.2454,0.0
6,1,1,2,18,3,6,0,,,0.3077,0.0
6,1,1,2,19,1,6,0,,,0.2411,0.0
6,1,1,2,20,1,4,0,,,1.2651,0.0
6,1,1,2,21,3,3,1,,,1.0479,0.0
6,1,1,2,22,5,6,0,,,0.4748,0.0
6,1,1,2,23,5,2,0,,,0.5605,0.0
6,1,1,2,24,5,6,0,,,0.3715,0.0
6,1,1,2,25,2,2,1,,,0.3663,0.0
6,1,1,2,26,6,2,0,,,0.3965,0.0
6,1,1,2,27,3,2,0,,,0.07,0.0
6,1,1,2,28,6,6,1,,,0.9575,0.0
6,1,1,2,29,4,1,0,,,0.6599,0.0
6,1,1,2,30,3,6,0,5,0,0.2427,0.5566
6,1,1,2,31,6,6,1,,,0.3354,0.0
6,1,1,2,32,1,6,0,,,0.001,0.0
6,1,1,2,33,1,6,0,,,0.0738,0.0
6,1,1,2,34,2,2,1,,,0.7211,0.0
6,1,1,2,35,6,6,1,,,0.2575,0.0
6,1,1,2,36,3,6,0,5,0,0.0862,1.0453
6,1,1,2,37,4,4,1,,,1.14,0.0
6,1,1,2,38,4,4,1,,,0.3398,0.0
6,1,1,2,39,4,4,1,,,0.0677,0.0
6,1,1,2,40,6,6,1,,,0.0627,0.0
6,1,1,2,41,4,1,0,3,0,0.6664,0.7872
6,1,1,2,42,2,2,1,,,0.701,0.0
6,1,1,2,43,6,6,1,,,0.3654,0.0
6,1,1,2,44,5,3,0,,,1.053,0.0
6,1,1,2,45,2,6,0,5,0,0.3312,0.6734
6,1,1,2,46,2,6,0,5,0,0.4313,0.5455
6,1,1,2,47,2,2,1,,,0.3571,0.0
6,1,1,2,48,6,6,1,,,0.5648,0.0
6,1,1,2,49,5,4,0,3,0,0.844,0.8285
6,1,1,2,50,4,6,0,5,0,0.001,0.7741
6,1,1,3,1,2,6,0,2,1,0.2711,0.678
6,1,1,3,2,3,6,0,,,0.1698,0.0
6,1,1,3,3,4,3,0,,,0.6528,0.0
6,1,1,3,4,6,6,1,,,0.1231,0.0
6,1,1,3,5,1,1,1,,,0.9165,0.0
6,1,1,3,6,3,4,0,,,0.2686,0.0
6,1,1,3,7,1,1,1,,,0.4443,0.0
6,1,1,3,8,3,6,0,,,1.0007,0.0
6,1,1,3,9,3,6,0,,,0.3765,0.0
6,1,1,3,10,3,6,0,,,0.2909,0.0
6,1,1,3,11,2,3,0,4,0,0.9449,0.7013
6,1,1,3,12,1,6,0,,,0.4105,0.0
6,1,1,3,13,4,2,0,5,0,0.6438,0.8123
6,1,1,3,14,6,6,1,,,0.6922,0.0
6,1,1,3,15,1,6,0,5,0,0.1824,0.9312
6,1,1,3,16,4,2,0,,,1.1257,0.0
6,1,1,3,17,5,6,0,,,0.7862,0.0
6,1,1,3,18,1,3,0,,,0.7633,0.0
6,1,1,3,19,3,5,0,,,0.0221,0.0
6,1,1,3,20,6,6,1,,,0.5267,0.0
6,1,1,3,21,4,2,0,,,0.5195,0.0
6,1,1,3,22,6,6,1,,,0.0012,0.0
6,1,1,3,23,5,5,1,,,0.043,0.0
6,1,1,3,24,3,2,0,,,1.735,0.0
6,1,1,3,25,1,6,0,,,0.5544,0.0
6,1,1,3,26,5,1,0,5,1,0.4922,0.7962
6,1,1,3,27,6,6,1,,,0.0727,0.0
6,1,1,3,28,5,2,0,,,0.5649,0.0
6,1,1,3,29,6,6,1,,,0.1673,0.0
6,1,1,3,30,1,2,0,,,0.4466,0.0
6,1,1,3,31,5,6,0,2,0,0.278,0.4779
6,1,1,3,32,4,4,1,,,0.9634,0.0
6,1,1,3,33,5,3,0,4,0,0.8746,1.0009
6,1,1,3,34,5,5,1,,,0.5382,0.0
6,1,1,3,35,2,2,1,,,1.5549,0.0
6,1,1,3,36,4,2,0,5,0,0.4014,0.6754
6,1,1,3,37,2,6,0,,,0.2251,0.0
6,1,1,3,38,5,2,0,6,0,0.3058,0.5364
6,1,1,3,39,4,2,0,,,0.5729,0.0
6,1,1,3,40,6,4,0,,,1.0876,0.0
6,1,1,3,41,2,2,1,,,0.5241,0.0
6,1,1,3,42,6,6,1,,,0.101,0.0
6,1,1,3,43,2,2,1,,,0.4149,0.0
6,1,1,3,44,3,1,0,,,0.6682,0.0
6,1,1,3,45,4,2,0,,,0.5232,0.0
6,1,1,3,46,6,4,0,5,0,2.0957,1.2931
6,1,1,3,47,2,2,1,,,0.7375,0.0
6,1,1,3,48,6,2,0,,,0.4343,0.0
6,1,1,3,49,2,1,0,,,0.5058,0.0
6,1,1,3,50,1,1,1,,,0.1268,0.0
6,1,1,4,1,2,6,0,5,0,0.4539,0.7424
6,1,1,4,2,5,1,0,,,0.5146,0.0
6,1,1,4,3,1,6,0,,,0.2626,0.0
6,1,1,4,4,2,2,1,,,0.869,0.0
6,1,1,4,5,3,2,0,5,0,0.2869,0.9349
6,1,1,4,6,2,3,0,,,2.2986,0.0
6,1,1,4,7,5,1,0,,,0.3413,0.0
6,1,1,4,8,6,3,0,1,0,1.3297,0.9586
6,1,1,4,9,2,2,1,,,1.3604,0.0
6,1,1,4,10,6,6,1,,,0.3433,0.0
6,1,1,4,11,4,4,1,,,0.5048,0.0
6,1,1,4,12,4,6,0,5,0,0.2894,0.8094
6,1,1,4,13,3,6,0,,,0.3381,0.0
6,1,1,4,14,3,1,0,,,0.7822,0.0
6,1,1,4,15,2,2,1,,,2.1352,0.0
6,1,1,4,16,4,6,0,,,0.2545,0.0
6,1,1,4,17,6,3,0,,,1.0054,0.0
6,1,1,4,18,1,4,0,5,0,0.366,0.6263
6,1,1,4,19,1,6,0,,,0.0008,0.0
6,1,1,4,20,5,1,0,,,0.0923,0.0
6,1,1,4,21,2,4,0,,,0.3552,0.0
6,1,1,4,22,1,2,0,5,0,0.0946,0.6531
6,1,1,4,23,4,6,0,5,0,0.4603,0.2204
6,1,1,4,24,1,6,0,,,0.1094,0.0
6,1,1,4,25,3,2,0,,,0.7228,0.0
6,1,1,4,26,3,6,0,3,1,0.2719,0.8074
6,1,1,4,27,5,3,0,,,0.7894,0.0
6,1,1,4,28,6,6,1,,,0.3348,0.0
6,1,1,4,29,6,3,0,6,1,0.3835,0.7541
6,1,1,4,30,3,3,1,,,0.7542,0.0
6,1,1,4,31,2,6,0,5,0,3.2006,0.4495
6,1,1,4,32,4,5,0,,,3.8967,0.0
6,1,1,4,33,1,1,1,,,0.4822,0.0
6,1,1,4,34,5,4,0,,,1.3248,0.0
6,1,1,4,35,5,2,0,,,0.0009,0.0
6,1,1,4,36,4,2,0,,,0.0009,0.0
6,1,1,4,37,6,2,0,,,0.5159,0.0
6,1,1,4,38,1,5,0,,,0.9676,0.0
6,1,1,4,39,6,6,1,,,0.3299,0.0
6,1,1,4,40,6,6,1,,,0.027,0.0
6,1,1,4,41,4,6,0,2,0,0.001,0.4275
6,1,1,4,42,3,6,0,,,0.001,0.0
6,1,1,4,43,1,1,1,,,0.4293,0.0
6,1,1,4,44,5,6,0,,,0.9211,0.0
6,1,1,4,45,5,6,0,,,0.1894,0.0
6,1,1,4,46,2,5,0,,,1.4075,0.0
6,1,1,4,47,3,2,0,,,0.0949,0.0
6,1,1,4,48,4,6,0,,,1.3166,0.0
6,1,1,4,49,6,1,0,,,0.5369,0.0
6,1,1,4,50,6,6,1,,,0.1562,0.0
6,1,2,1,1,5,4,0,,,0.0013,0.0
6,1,2,1,2,5,1,0,,,0.415,0.0
6,1,2,1,3,6,6,1,,,0.0726,0.0
6,1,2,1,4,4,5,0,4,1,0.0009,0.758
6,1,2,1,5,3,5,0,4,0,0.5985,0.5444
6,1,2,1,6,1,6,0,2,0,0.0036,0.4389
6,1,2,1,7,2,1,0,3,0,0.0009,0.4023
6,1,2,1,8,3,2,0,3,1,0.1869,0.535
6,1,2,1,9,3,2,0,,,0.3191,0.0
6,1,2,1,10,1,1,1,,,0.4273,0.0
6,1,2,1,11,2,2,1,,,0.3286,0.0
6,1,2,1,12,2,2,1,,,0.1048,0.0
6,1,2,1,13,4,1,0,,,0.0518,0.0
6,1,2,1,14,1,6,0,5,0,0.2835,0.6578
6,1,2,1,15,5,1,0,,,0.5451,0.0
6,1,2,1,16,3,6,0,,,0.1159,0.0
6,1,2,1,17,6,6,1,,,0.3134,0.0
6,1,2,1,18,4,6,0,5,0,0.0011,0.6376
6,1,2,1,19,2,1,0,,,0.4771,0.0
6,1,2,1,20,1,5,0,,,0.7224,0.0
6,1,2,1,21,5,5,1,,,1.6471,0.0
6,1,2,1,22,4,5,0,,,0.1381,0.0
6,1,2,1,23,1,1,1,,,0.2541,0.0
6,1,2,1,24,6,6,1,,,0.3698,0.0
6,1,2,1,25,3,5,0,,,0.769,0.0
6,1,2,1,26,4,3,0,,,0.7791,0.0
6,1,2,1,27,6,6,1,,,2.2446,0.0
6,1,2,1,28,4,6,0,5,0,0.0393,0.7763
6,1,2,1,29,3,6,0,,,0.0824,0.0
6,1,2,1,30,5,1,0,,,0.6645,0.0
6,1,2,1,31,2,2,1,,,0.2317,0.0
6,1,2,1,32,3,6,0,,,0.0442,0.0
6,1,2,1,33,1,5,0,,,0.3554,0.0
6,1,2,1,34,5,1,0,,,0.2223,0.0
6,1,2,1,35,4,3,0,1,0,0.7359,0.5641
6,1,2,1,36,6,3,0,4,0,0.6628,1.5824
6,1,2,1,37,6,6,1,,,0.1194,0.0
6,1,2,1,38,2,2,1,,,0.4494,0.0
6,1,2,1,39,4,3,0,,,0.493,0.0
6,1,2,1,40,6,1,0,,,2.1466,0.0
6,1,2,1,41,3,5,0,3,1,1.0761,1.5635
6,1,2,1,42,2,3,0,,,0.7618,0.0
6,1,2,1,43,5,1,0,,,2.052,0.0
6,1,2,1,44,5,5,1,,,0.001,0.0
6,1,2,1,45,6,5,0,4,0,0.904,0.389
6,1,2,1,46,1,6,0,1,1,0.0468,1.2164
6,1,2,1,47,6,6,1,,,0.0009,0.0
6,1,2,1,48,6,2,0,3,0,0.2673,0.6596
6,1,2,1,49,1,1,1,,,0.001,0.0
6,1,2,1,50,2,2,1,,,0.1915,0.0
6,1,2,2,1,2,6,0,,,0.2448,0.0
6,1,2,2,2,4,1,0,,,0.6594,0.0
6,1,2,2,3,3,6,0,,,0.0009,0.0
6,1,2,2,4,2,5,0,1,0,0.0009,0.9594
6,1,2,2,5,4,1,0,,,0.5297,0.0
6,1,2,2,6,5,6,0,,,0.0541,0.0
6,1,2,2,7,5,6,0,5,1,0.001,0.7196
6,1,2,2,8,2,6,0,5,0,0.5297,0.6709
6,1,2,2,9,6,1,0,,,0.0616,0.0
6,1,2,2,10,1,6,0,5,0,0.4521,0.4368
6,1,2,2,11,6,5,0,,,1.3568,0.0
6,1,2,2,12,4,2,0,,,0.766,0.0
6,1,2,2,13,1,3,0,,,0.7447,0.0
6,1,2,2,14,1,6,0,,,0.196,0.0
6,1,2,2,15,5,5,1,,,0.0369,0.0
6,1,2,2,16,2,4,0,,,0.3065,0.0
6,1,2,2,17,1,3,0,1,1,0.0467,0.529
6,1,2,2,18,5,6,0,5,1,0.2327,0.3876
6,1,2,2,19,1,2,0,,,0.2892,0.0
6,1,2,2,20,3,6,0,,,0.064,0.0
6,1,2,2,21,5,1,0,,,0.3741,0.0
6,1,2,2,22,6,6,1,,,0.2251,0.0
6,1,2,2,23,4,1,0,,,0.4548,0.0
6,1,2,2,24,4,2,0,,,0.5093,0.0
6,1,2,2,25,3,3,1,,,1.4261,0.0
6,1,2,2,26,4,2,0,,,0.3907,0.0
6,1,2,2,27,4,5,0,,,3.9362,0.0
6,1,2,2,28,6,3,0,1,0,0.1369,0.6136
6,1,2,2,29,6,5,0,4,0,0.5014,0.5807
6,1,2,2,30,6,6,1,,,0.6779,0.0
6,1,2,2,31,4,3,0,,,0.3759,0.0
6,1,2,2,32,3,2,0,1,0,0.3065,0.5052
6,1,2,2,33,5,6,0,,,0.1586,0.0
6,1,2,2,34,2,2,1,,,0.3537,0.0
6,1,2,2,35,3,5,0,6,0,0.3049,0.3926
6,1,2,2,36,6,5,0,,,0.45,0.0
6,1,2,2,37,1,2,0,,,0.2331,0.0
6,1,2,2,38,2,2,1,,,1.097,0.0
6,1,2,2,39,1,2,0,,,0.5227,0.0
6,1,2,2,40,3,5,0,,,3.9348,0.0
6,1,2,2,41,6,2,0,,,0.6311,0.0
6,1,2,2,42,1,5,0,,,0.0009,0.0
6,1,2,2,43,6,6,1,,,1.1683,0.0
6,1,2,2,44,2,1,0,,,1.1657,0.0
6,1,2,2,45,5,4,0,1,0,0.968,0.1157
6,1,2,2,46,3,2,0,1,0,0.0009,0.4905
6,1,2,2,47,6,4,0,,,1.0248,0.0
6,1,2,2,48,3,5,0,,,0.4972,0.0
6,1,2,2,49,2,2,1,,,0.3584,0.0
6,1,2,2,50,5,1,0,3,0,0.3097,0.8603
6,1,2,3,1,6,6,1,,,0.2727,0.0
6,1,2,3,2,6,6,1,,,0.2593,0.0
6,1,2,3,3,6,2,0,5,0,0.0011,0.8589
6,1,2,3,4,4,2,0,,,0.7376,0.0
6,1,2,3,5,3,3,1,,,0.0009,0.0
6,1,2,3,6,4,4,1,,,1.291,0.0
6,1,2,3,7,3,6,0,,,2.1003,0.0
6,1,2,3,8,1,2,0,1,1,0.0008,0.6673
6,1,2,3,9,1,4,0,,,0.0614,0.0
6,1,2,3,10,4,5,0,2,0,3.0122,1.0676
6,1,2,3,11,5,3,0,1,0,0.6504,0.6582
6,1,2,3,12,6,2,0,5,0,0.4975,0.6878
6,1,2,3,13,6,6,1,,,0.686,0.0
6,1,2,3,14,1,5,0,6,0,0.5766,0.683
6,1,2,3,15,3,6,0,4,0,0.1219,0.808
6,1,2,3,16,2,2,1,,,0.2243,0.0
6,1,2,3,17,5,6,0,,,0.3575,0.0
6,1,2,3,18,2,3,0,1,0,0.7364,0.7095
6,1,2,3,19,3,5,0,,,3.9219,0.0
6,1,2,3,20,1,5,0,,,2.2828,0.0
6,1,2,3,21,6,6,1,,,1.1269,0.0
6,1,2,3,22,2,2,1,,,0.2463,0.0
6,1,2,3,23,3,1,0,,,0.5861,0.0
6,1,2,3,24,4,3,0,1,0,0.5408,1.1131
6,1,2,3,25,4,6,0,,,0.1328,0.0
6,1,2,3,26,2,2,1,,,0.3461,0.0
6,1,2,3,27,3,3,1,,,0.761,0.0
6,1,2,3,28,6,6,1,,,0.0245,0.0
6,1,2,3,29,6,6,1,,,0.0011,0.0
6,1,2,3,30,2,6,0,5,0,0.0356,0.581
6,1,2,3,31,2,2,1,,,0.3271,0.0
6,1,2,3,32,3,6,0,5,0,0.2792,0.6238
6,1,2,3,33,2,2,1,,,0.5446,0.0
6,1,2,3,34,1,6,0,,,0.1353,0.0
6,1,2,3,35,4,2,0,,,0.1724,0.0
6,1,2,3,36,4,5,0,,,9.6471,0.0
6,1,2,3,37,3,2,0,1,0,0.001,2.6065
6,1,2,3,38,5,6,0,,,0.1094,0.0
6,1,2,3,39,4,3,0,,,0.6737,0.0
6,1,2,3,40,2,2,1,,,0.0937,0.0
6,1,2,3,41,5,5,1,,,0.5036,0.0
6,1,2,3,42,5,1,0,,,0.4013,0.0
6,1,2,3,43,1,6,0,5,0,0.3621,0.6392
6,1,2,3,44,6,5,0,6,1,0.526,0.5248
6,1,2,3,45,1,4,0,,,0.534,0.0
6,1,2,3,46,1,3,0,,,0.6655,0.0
6,1,2,3,47,5,6,0,,,0.9677,0.0
6,1,2,3,48,5,5,1,,,2.09,0.0
6,1,2,3,49,6,6,1,,,0.1304,0.0
6,1,2,3,50,5,4,0,6,0,0.091,0.6823
6,1,2,4,1,6,6,1,,,0.71,0.0
6,1,2,4,2,6,5,0,4,0,0.0009,0.986
6,1,2,4,3,2,1,0,3,0,0.6835,0.5953
6,1,2,4,4,5,5,1,,,0.7872,0.0
6,1,2,4,5,3,6,0,4,0,0.0972,0.914
6,1,2,4,6,5,4,0,,,0.5495,0.0
6,1,2,4,7,3,6,0,,,0.7766,0.0
6,1,2,4,8,3,1,0,,,0.3854,0.0
6,1,2,4,9,1,5,0,6,0,0.0444,0.2052
6,1,2,4,10,1,6,0,,,0.0009,0.0
6,1,2,4,11,6,1,0,2,0,0.2807,0.4972
6,1,2,4,12,2,1,0,2,1,0.6143,0.4316
6,1,2,4,13,5,4,0,1,0,3.2608,0.8574
6,1,2,4,14,4,4,1,,,0.7843,0.0
6,1,2,4,15,1,2,0,,,0.7821,0.0
6,1,2,4,16,5,5,1,,,0.5366,0.0
6,1,2,4,17,5,6,0,,,1.0247,0.0
6,1,2,4,18,2,5,0,2,1,5.6484,0.4921
6,1,2,4,19,3,1,0,,,0.7099,0.0
6,1,2,4,20,6,6,1,,,0.3387,0.0
6,1,2,4,21,5,3,0,,,1.0109,0.0
6,1,2,4,22,4,5,0,6,0,0.4834,0.4027
6,1,2,4,23,6,6,1,,,0.0009,0.0
6,1,2,4,24,4,4,1,,,0.0258,0.0
6,1,2,4,25,1,5,0,4,0,0.504,1.1898
6,1,2,4,26,6,6,1,,,0.0011,0.0
6,1,2,4,27,1,5,0,,,0.5897,0.0
6,1,2,4,28,2,5,0,2,1,0.3194,0.6283
6,1,2,4,29,6,6,1,,,0.2325,0.0
6,1,2,4,30,4,4,1,,,0.5416,0.0
6,1,2,4,31,2,6,0,,,0.2463,0.0
6,1,2,4,32,4,2,0,,,0.085,0.0
6,1,2,4,33,3,5,0,6,0,1.0354,0.5963
6,1,2,4,34,6,6,1,,,0.2608,0.0
6,1,2,4,35,1,5,0,,,6.7121,0.0
6,1,2,4,36,3,1,0,2,0,1.1515,0.7871
6,1,2,4,37,6,6,1,,,0.9077,0.0
6,1,2,4,38,3,5,0,,,1.1567,0.0
6,1,2,4,39,2,1,0,,,0.8802,0.0
6,1,2,4,40,3,6,0,,,0.1013,0.0
6,1,2,4,41,6,5,0,,,0.058,0.0
6,1,2,4,42,1,2,0,,,0.498,0.0
6,1,2,4,43,5,5,1,,,0.1034,0.0
6,1,2,4,44,2,6,0,5,0,0.2574,1.0016
6,1,2,4,45,4,6,0,5,0,4.0421,2.7603
6,1,2,4,46,4,6,0,,,0.1281,0.0
6,1,2,4,47,2,2,1,,,1.1246,0.0
6,1,2,4,48,1,5,0,2,0,5.0932,9.1277
6,1,2,4,49,4,6,0,,,0.2977,0.0
6,1,2,4,50,5,5,1,,,0.1184,0.0
6,1,3,1,1,1,6,0,,,0.2943,0.0
6,1,3,1,2,5,2,0,,,0.1804,0.0
6,1,3,1,3,3,6,0,,,0.6303,0.0
6,1,3,1,4,3,6,0,,,0.0532,0.0
6,1,3,1,5,4,4,1,,,0.301,0.0
6,1,3,1,6,1,1,1,,,0.2871,0.0
6,1,3,1,7,1,2,0,,,0.6097,0.0
6,1,3,1,8,2,3,0,1,0,0.898,0.833
6,1,3,1,9,2,2,1,,,0.5848,0.0
6,1,3,1,10,4,5,0,4,1,0.3832,0.723
6,1,3,1,11,6,6,1,,,0.1796,0.0
6,1,3,1,12,5,2,0,,,1.2748,0.0
6,1,3,1,13,6,5,0,4,0,0.4153,0.7224
6,1,3,1,14,4,3,0,,,0.879,0.0
6,1,3,1,15,6,6,1,,,1.4437,0.0
6,1,3,1,16,3,3,1,,,1.3983,0.0
6,1,3,1,17,3,2,0,,,0.9388,0.0
6,1,3,1,18,4,4,1,,,1.4386,0.0
6,1,3,1,19,5,5,1,,,0.9295,0.0
6,1,3,1,20,4,5,0,2,0,0.9533,0.7737
6,1,3,1,21,5,5,1,,,1.392,0.0
6,1,3,1,22,6,2,0,,,1.333,0.0
6,1,3,1,23,6,6,1,,,0.2957,0.0
6,1,3,1,24,1,5,0,3,0,2.0419,0.8728
6,1,3,1,25,5,2,0,,,0.7035,0.0
6,1,3,1,26,3,3,1,,,0.7001,0.0
6,1,3,1,27,1,3,0,,,3.5817,0.0
6,1,3,1,28,6,5,0,4,0,0.3402,0.4735
6,1,3,1,29,5,1,0,6,0,0.0009,0.1629
6,1,3,1,30,1,6,0,,,0.0384,0.0
6,1,3,1,31,4,5,0,4,1,0.3182,0.1964
6,1,3,1,32,6,6,1,,,0.0097,0.0
6,1,3,1,33,6,6,1,,,0.0234,0.0
6,1,3,1,34,6,3,0,,,1.0287,0.0
6,1,3,1,35,1,1,1,,,0.5318,0.0
6,1,3,1,36,2,2,1,,,0.6208,0.0
6,1,3,1,37,6,6,1,,,0.3056,0.0
6,1,3,1,38,2,2,1,,,0.4829,0.0
6,1,3,1,39,2,3,0,,,1.0222,0.0
6,1,3,1,40,3,6,0,,,0.6375,0.0
6,1,3,1,41,2,2,1,,,0.5095,0.0
6,1,3,1,42,2,1,0,3,0,1.0314,0.864
6,1,3,1,43,2,2,1,,,0.7096,0.0
6,1,3,1,44,1,1,1,,,1.0471,0.0
6,1,3,1,45,3,3,1,,,0.6175,0.0
6,1,3,1,46,4,2,0,,,0.6871,0.0
6,1,3,1,47,3,6,0,,,0.397,0.0
6,1,3,1,48,5,2,0,3,0,0.6934,1.6924
6,1,3,1,49,4,6,0,5,0,0.4006,1.4276
6,1,3,1,50,5,5,1,,,5.9857,0.0
6,1,3,2,1,6,6,1,,,0.4872,0.0
6,1,3,2,2,1,4,0,5,0,0.9936,0.7808
6,1,3,2,3,6,1,0,,,0.2777,0.0
6,1,3,2,4,4,2,0,,,0.1639,0.0
6,1,3,2,5,3,2,0,,,0.1506,0.0
6,1,3,2,6,4,4,1,,,0.6668,0.0
6,1,3,2,7,1,5,0,,,0.445,0.0
6,1,3,2,8,6,6,1,,,0.0689,0.0
6,1,3,2,9,2,2,1,,,0.4317,0.0
6,1,3,2,10,2,1,0,3,0,0.5091,0.7631
6,1,3,2,11,6,6,1,,,0.0855,0.0
6,1,3,2,12,3,3,1,,,0.8318,0.0
6,1,3,2,13,4,4,1,,,0.6205,0.0
6,1,3,2,14,2,2,1,,,0.3042,0.0
6,1,3,2,15,1,5,0,,,0.2589,0.0
6,1,3,2,16,6,6,1,,,0.0333,0.0
6,1,3,2,17,2,5,0,,,0.0467,0.0
6,1,3,2,18,6,2,0,,,1.0456,0.0
6,1,3,2,19,5,2,0,,,0.0848,0.0
6,1,3,2,20,3,6,0,1,0,1.0829,0.5772
6,1,3,2,21,1,1,1,,,0.9799,0.0
6,1,3,2,22,3,5,0,2,0,0.2179,0.66
6,1,3,2,23,1,6,0,,,0.1145,0.0
6,1,3,2,24,3,1,0,,,0.5185,0.0
6,1,3,2,25,5,2,0,5,1,0.6829,0.7224
6,1,3,2,26,2,2,1,,,0.4194,0.0
6,1,3,2,27,5,6,0,,,0.2244,0.0
6,1,3,2,28,6,5,0,,,0.1133,0.0
6,1,3,2,29,2,2,1,,,0.2777,0.0
6,1,3,2,30,5,4,0,,,0.9531,0.0
6,1,3,2,31,5,1,0,3,0,0.668,0.7866
6,1,3,2,32,1,3,0,,,0.6689,0.0
6,1,3,2,33,2,6,0,,,0.171,0.0
6,1,3,2,34,1,5,0,,,2.2532,0.0
6,1,3,2,35,4,5,0,,,3.1946,0.0
6,1,3,2,36,5,5,1,,,4.0331,0.0
6,1,3,2,37,4,2,0,3,0,0.5859,0.6606
6,1,3,2,38,3,5,0,,,0.1309,0.0
6,1,3,2,39,5,1,0,2,0,0.1026,0.6618
6,1,3,2,40,6,4,0,5,0,0.5164,0.5147
6,1,3,2,41,4,5,0,1,0,0.2471,0.4163
6,1,3,2,42,3,2,0,,,0.0409,0.0
6,1,3,2,43,4,6,0,5,0,0.4169,0.4183
6,1,3,2,44,3,3,1,,,0.8909,0.0
6,1,3,2,45,1,5,0,1,1,0.0048,0.7758
6,1,3,2,46,5,5,1,,,0.001,0.0
6,1,3,2,47,4,5,0,,,0.0209,0.0
6,1,3,2,48,6,1,0,2,0,0.9892,0.2797
6,1,3,2,49,2,6,0,2,1,0.6138,0.5452
6,1,3,2,50,6,6,1,,,0.1528,0.0
6,1,3,3,1,2,6,0,,,0.366,0.0
6,1,3,3,2,3,5,0,,,0.1687,0.0
6,1,3,3,3,3,4,0,,,0.2845,0.0
6,1,3,3,4,3,4,0,,,1.2737,0.0
6,1,3,3,5,1,3,0,,,1.1841,0.0
6,1,3,3,6,5,5,1,,,0.9366,0.0
6,1,3,3,7,5,6,0,,,0.001,0.0
6,1,3,3,8,1,1,1,,,0.7789,0.0
6,1,3,3,9,1,4,0,3,0,0.6323,0.4821
6,1,3,3,10,3,6,0,5,0,0.0554,0.3926
6,1,3,3,11,1,5,0,,,1.282,0.0
6,1,3,3,12,1,2,0,3,0,0.5666,0.6914
6,1,3,3,13,6,5,0,,,0.0008,0.0
6,1,3,3,14,6,6,1,,,0.138,0.0
6,1,3,3,15,4,5,0,,,0.0008,0.0
6,1,3,3,16,5,1,0,2,0,0.1886,1.0633
6,1,3,3,17,6,6,1,,,0.2615,0.0
6,1,3,3,18,2,2,1,,,0.5686,0.0
6,1,3,3,19,5,5,1,,,0.4798,0.0
6,1,3,3,20,1,3,0,,,0.6986,0.0
6,1,3,3,21,2,2,1,,,0.6311,0.0
6,1,3,3,22,5,5,1,,,2.3635,0.0
6,1,3,3,23,6,6,1,,,0.3757,0.0
6,1,3,3,24,4,3,0,,,0.3743,0.0
6,1,3,3,25,6,6,1,,,0.513,0.0
6,1,3,3,26,3,6,0,,,0.265,0.0
6,1,3,3,27,2,5,0,6,0,0.3119,0.4309
6,1,3,3,28,6,1,0,5,0,0.3586,1.9627
6,1,3,3,29,3,2,0,4,0,0.0837,0.6278
6,1,3,3,30,4,2,0,,,0.4993,0.0
6,1,3,3,31,6,5,0,6,1,0.2481,0.1775
6,1,3,3,32,2,6,0,5,0,0.0566,0.3936
6,1,3,3,33,4,4,1,,,0.5465,0.0
6,1,3,3,34,2,2,1,,,0.5708,0.0
6,1,3,3,35,4,5,0,,,0.1774,0.0
6,1,3,3,36,4,3,0,,,0.8034,0.0
6,1,3,3,37,5,6,0,,,0.4119,0.0
6,1,3,3,38,3,2,0,1,0,0.2614,0.3015
6,1,3,3,39,5,4,0,,,0.3315,0.0
6,1,3,3,40,6,6,1,,,0.001,0.0
6,1,3,3,41,1,2,0,,,0.3411,0.0
6,1,3,3,42,6,6,1,,,0.096,0.0
6,1,3,3,43,2,2,1,,,0.5221,0.0
6,1,3,3,44,3,3,1,,,1.0431,0.0
6,1,3,3,45,4,6,0,,,0.2793,0.0
6,1,3,3,46,1,2,0,,,0.001,0.0
6,1,3,3,47,5,5,1,,,0.4142,0.0
6,1,3,3,48,4,6,0,,,0.0912,0.0
6,1,3,3,49,2,1,0,,,0.5772,0.0
6,1,3,3,50,6,4,0,,,0.3391,0.0
6,1,3,4,1,6,5,0,,,1.3401,0.0
6,1,3,4,2,3,3,1,,,0.5911,0.0
6,1,3,4,3,2,2,1,,,0.3563,0.0
6,1,3,4,4,4,4,1,,,0.8049,0.0
6,1,3,4,5,4,1,0,3,0,0.5298,0.4312
6,1,3,4,6,4,1,0,3,0,0.5035,0.4225
6,1,3,4,7,2,6,0,5,0,0.0951,0.35
6,1,3,4,8,4,5,0,,,0.0409,0.0
6,1,3,4,9,4,3,0,4,1,1.0888,0.4718
6,1,3,4,10,5,1,0,2,0,0.4982,0.0024
6,1,3,4,11,6,2,0,,,0.0009,0.0
6,1,3,4,12,6,3,0,,,0.7884,0.0
6,1,3,4,13,3,5,0,,,2.8461,0.0
6,1,3,4,14,2,5,0,,,0.3546,0.0
6,1,3,4,15,2,5,0,,,0.3178,0.0
6,1,3,4,16,6,5,0,1,0,0.3304,0.6889
6,1,3,4,17,5,5,1,,,0.3505,0.0
6,1,3,4,18,6,2,0,,,0.0147,0.0
6,1,3,4,19,1,4,0,5,0,0.4717,0.7108
6,1,3,4,20,2,5,0,,,0.5635,0.0
6,1,3,4,21,6,5,0,,,0.2293,0.0
6,1,3,4,22,5,5,1,,,0.0009,0.0
6,1,3,4,23,3,2,0,,,1.5725,0.0
6,1,3,4,24,6,1,0,,,0.1417,0.0
6,1,3,4,25,4,4,1,,,0.0495,0.0
6,1,3,4,26,2,5,0,,,0.0936,0.0
6,1,3,4,27,2,6,0,,,0.001,0.0
6,1,3,4,28,3,1,0,,,0.001,0.0
6,1,3,4,29,3,3,1,,,0.0222,0.0
6,1,3,4,30,4,4,1,,,0.1639,0.0
6,1,3,4,31,3,1,0,,,0.6515,0.0
6,1,3,4,32,5,2,0,1,0,0.2824,0.0653
6,1,3,4,33,3,1,0,,,0.2805,0.0
6,1,3,4,34,1,6,0,5,0,0.2307,0.2245
6,1,3,4,35,5,6,0,4,0,0.5944,0.2852
6,1,3,4,36,1,1,1,,,0.0009,0.0
6,1,3,4,37,6,4,0,,,0.5049,0.0
6,1,3,4,38,5,2,0,,,0.3498,0.0
6,1,3,4,39,1,6,0,4,0,0.6173,0.4026
6,1,3,4,40,5,6,0,,,0.0009,0.0
6,1,3,4,41,4,6,0,,,2.2143,0.0
6,1,3,4,42,3,2,0,,,0.0009,0.0
6,1,3,4,43,1,3,0,,,0.0009,0.0
6,1,3,4,44,1,4,0,,,0.9359,0.0
6,1,3,4,45,5,6,0,5,1,0.3154,0.3225
6,1,3,4,46,6,6,1,,,0.179,0.0
6,1,3,4,47,1,6,0,,,0.0419,0.0
6,1,3,4,48,6,5,0,2,0,0.4334,0.2741
6,1,3,4,49,1,1,1,,,0.5288,0.0
6,1,3,4,50,2,5,0,,,0.0009,0.0
6,1,4,1,1,2,5,0,2,1,0.001,0.9005
6,1,4,1,2,4,6,0,,,0.1421,0.0
6,1,4,1,3,3,4,0,1,0,0.0009,0.5802
6,1,4,1,4,6,6,1,,,0.1345,0.0
6,1,4,1,5,4,6,0,,,0.2074,0.0
6,1,4,1,6,1,2,0,3,0,0.1764,0.3319
6,1,4,1,7,3,3,1,,,1.1605,0.0
6,1,4,1,8,6,1,0,,,1.1431,0.0
6,1,4,1,9,1,4,0,5,0,0.2893,0.3443
6,1,4,1,10,2,2,1,,,0.1642,0.0
6,1,4,1,11,5,6,0,2,0,1.2116,0.5732
6,1,4,1,12,5,5,1,,,0.1909,0.0
6,1,4,1,13,3,2,0,,,0.709,0.0
6,1,4,1,14,1,6,0,,,0.0009,0.0
6,1,4,1,15,6,5,0,,,3.1791,0.0
6,1,4,1,16,4,6,0,,,1.2973,0.0
6,1,4,1,17,5,5,1,,,0.0009,0.0
6,1,4,1,18,6,4,0,5,0,0.4675,3.1081
6,1,4,1,19,4,4,1,,,2.238,0.0
6,1,4,1,20,3,5,0,,,2.1448,0.0
6,1,4,1,21,6,4,0,,,0.7054,0.0
6,1,4,1,22,3,2,0,4,0,0.0009,0.2257
6,1,4,1,23,5,2,0,,,0.2414,0.0
6,1,4,1,24,2,6,0,5,0,0.0008,0.9165
6,1,4,1,25,6,5,0,2,0,0.0554,0.4085
6,1,4,1,26,6,6,1,,,0.1937,0.0
6,1,4,1,27,3,5,0,2,0,0.2153,0.3063
6,1,4,1,28,4,3,0,,,0.0009,0.0
6,1,4,1,29,5,5,1,,,7.1441,0.0
6,1,4,1,30,1,2,0,5,0,0.0011,0.6612
6,1,4,1,31,2,5,0,4,0,0.0009,1.015
6,1,4,1,32,1,6,0,,,0.0703,0.0
6,1,4,1,33,2,6,0,,,0.0135,0.0
6,1,4,1,34,6,5,0,,,0.2625,0.0
6,1,4,1,35,2,3,0,,,0.7567,0.0
6,1,4,1,36,1,6,0,,,0.224,0.0
6,1,4,1,37,1,1,1,,,0.1281,0.0
6,1,4,1,38,3,1,0,2,0,0.3132,0.5587
6,1,4,1,39,2,3,0,4,0,0.0009,1.4772
6,1,4,1,40,6,6,1,,,0.2579,0.0
6,1,4,1,41,4,2,0,,,0.4213,0.0
6,1,4,1,42,2,2,1,,,0.0295,0.0
6,1,4,1,43,5,5,1,,,0.3306,0.0
6,1,4,1,44,3,3,1,,,0.2186,0.0
6,1,4,1,45,1,3,0,,,0.0009,0.0
6,1,4,1,46,5,1,0,,,1.002,0.0
6,1,4,1,47,4,2,0,5,0,0.6977,0.5938
6,1,4,1,48,5,5,1,,,0.1627,0.0
6,1,4,1,49,6,6,1,,,0.0009,0.0
6,1,4,1,50,4,6,0,5,0,0.0009,0.0012
6,1,4,2,1,3,5,0,,,0.1619,0.0
6,1,4,2,2,3,4,0,,,0.0009,0.0
6,1,4,2,3,5,6,0,,,0.0009,0.0
6,1,4,2,4,6,6,1,,,0.2796,0.0
6,1,4,2,5,3,5,0,,,0.0009,0.0
6,1,4,2,6,4,1,0,,,0.3728,0.0
6,1,4,2,7,4,2,0,,,0.4627,0.0
6,1,4,2,8,5,2,0,,,0.2134,0.0
6,1,4,2,9,4,1,0,,,0.3271,0.0
6,1,4,2,10,6,5,0,,,0.915,0.0
6,1,4,2,11,3,6,0,,,0.001,0.0
6,1,4,2,12,3,6,0,,,0.1282,0.0
6,1,4,2,13,5,4,0,5,1,1.7318,0.5769
6,1,4,2,14,6,6,1,,,0.1826,0.0
6,1,4,2,15,6,6,1,,,0.0455,0.0
6,1,4,2,16,1,6,0,,,0.001,0.0
6,1,4,2,17,6,6,1,,,0.0036,0.0
6,1,4,2,18,2,6,0,1,0,0.2252,0.4281
6,1,4,2,19,3,6,0,,,0.001,0.0
6,1,4,2,20,5,6,0,5,1,0.2216,0.7749
6,1,4,2,21,5,4,0,,,0.3414,0.0
6,1,4,2,22,1,6,0,,,0.1286,0.0
6,1,4,2,23,2,5,0,,,0.1808,0.0
6,1,4,2,24,2,6,0,,,0.8712,0.0
6,1,4,2,25,6,6,1,,,0.0009,0.0
6,1,4,2,26,2,2,1,,,0.4273,0.0
6,1,4,2,27,3,3,1,,,0.3758,0.0
6,1,4,2,28,5,6,0,,,0.1343,0.0
6,1,4,2,29,1,6,0,,,0.0009,0.0
6,1,4,2,30,2,2,1,,,0.0009,0.0
6,1,4,2,31,6,2,0,,,0.0345,0.0
6,1,4,2,32,1,1,1,,,1.0662,0.0
6,1,4,2,33,4,6,0,5,0,0.6052,0.8237
6,1,4,2,34,4,6,0,,,0.063,0.0
6,1,4,2,35,2,4,0,,,0.2141,0.0
6,1,4,2,36,2,2,1,,,0.6621,0.0
6,1,4,2,37,6,6,1,,,0.0098,0.0
6,1,4,2,38,5,5,1,,,0.8553,0.0
6,1,4,2,39,1,4,0,5,0,0.3543,3.6872
6,1,4,2,40,4,6,0,,,0.105,0.0
6,1,4,2,41,4,5,0,,,0.0134,0.0
6,1,4,2,42,1,6,0,4,0,0.0548,0.5839
6,1,4,2,43,1,1,1,,,0.0738,0.0
6,1,4,2,44,1,3,0,,,1.0926,0.0
6,1,4,2,45,3,5,0,,,0.546,0.0
6,1,4,2,46,6,5,0,4,0,0.2122,0.4631
6,1,4,2,47,4,2,0,,,0.4226,0.0
6,1,4,2,48,6,3,0,,,0.079,0.0
6,1,4,2,49,2,1,0,,,0.0851,0.0
6,1,4,2,50,5,5,1,,,2.6027,0.0
6,1,4,3,1,4,3,0,1,0,2.0607,0.5864
6,1,4,3,2,4,4,1,,,1.117,0.0
6,1,4,3,3,4,6,0,,,0.0606,0.0
6,1,4,3,4,6,6,1,,,0.001,0.0
6,1,4,3,5,3,2,0,,,0.2739,0.0
6,1,4,3,6,1,5,0,4,0,0.0159,0.7706
6,1,4,3,7,4,5,0,,,0.0135,0.0
6,1,4,3,8,6,1,0,,,0.2935,0.0
6,1,4,3,9,6,6,1,,,0.2439,0.0
6,1,4,3,10,1,4,0,6,0,0.0554,0.8402
6,1,4,3,11,5,5,1,,,0.1751,0.0
6,1,4,3,12,1,1,1,,,0.1668,0.0
6,1,4,3,13,5,6,0,4,0,0.0455,0.6079
6,1,4,3,14,2,5,0,4,0,0.0008,0.3555
6,1,4,3,15,5,1,0,,,0.3511,0.0
6,1,4,3,16,2,1,0,,,0.0009,0.0
6,1,4,3,17,2,4,0,,,2.8355,0.0
6,1,4,3,18,6,6,1,,,0.0406,0.0
6,1,4,3,19,2,1,0,,,0.3096,0.0
6,1,4,3,20,4,6,0,4,1,0.8183,0.9001
6,1,4,3,21,5,5,1,,,0.4777,0.0
6,1,4,3,22,3,2,0,5,0,0.8234,0.7127
6,1,4,3,23,5,5,1,,,0.5811,0.0
6,1,4,3,24,6,6,1,,,0.001,0.0
6,1,4,3,25,3,2,0,5,0,0.4571,0.8423
6,1,4,3,26,4,2,0,,,0.0815,0.0
6,1,4,3,27,6,5,0,6,1,0.6307,0.8166
6,1,4,3,28,4,4,1,,,0.4135,0.0
6,1,4,3,29,5,3,0,2,0,0.5706,0.5339
6,1,4,3,30,6,2,0,6,1,1.1144,0.3204
6,1,4,3,31,1,6,0,5,0,1.1048,0.2953
6,1,4,3,32,6,3,0,2,0,0.5483,0.2415
6,1,4,3,33,1,2,0,,,0.3529,0.0
6,1,4,3,34,1,5,0,,,0.0433,0.0
6,1,4,3,35,5,5,1,,,0.4511,0.0
6,1,4,3,36,1,1,1,,,1.038,0.0
6,1,4,3,37,1,6,0,,,0.4186,0.0
6,1,4,3,38,6,5,0,,,1.0822,0.0
6,1,4,3,39,3,3,1,,,0.9047,0.0
6,1,4,3,40,2,4,0,6,0,0.4967,0.097
6,1,4,3,41,2,2,1,,,0.4854,0.0
6,1,4,3,42,2,4,0,,,0.6404,0.0
6,1,4,3,43,3,1,0,,,0.4629,0.0
6,1,4,3,44,5,2,0,,,0.3572,0.0
6,1,4,3,45,3,2,0,,,0.4965,0.0
6,1,4,3,46,3,3,1,,,0.001,0.0
6,1,4,3,47,3,3,1,,,0.002,0.0
6,1,4,3,48,2,5,0,,,0.6894,0.0
6,1,4,3,49,4,3,0,,,0.4145,0.0
6,1,4,3,50,6,6,1,,,0.5678,0.0
6,1,4,4,1,1,5,0,,,0.7473,0.0
6,1,4,4,2,1,5,0,,,0.2631,0.0
6,1,4,4,3,2,5,0,,,0.006,0.0
6,1,4,4,4,5,5,1,,,0.0008,0.0
6,1,4,4,5,3,3,1,,,0.8123,0.0
6,1,4,4,6,5,6,0,,,0.1537,0.0
6,1,4,4,7,1,3,0,,,0.7335,0.0
6,1,4,4,8,3,6,0,,,0.2489,0.0
6,1,4,4,9,2,2,1,,,0.312,0.0
6,1,4,4,10,2,2,1,,,0.0726,0.0
6,1,4,4,11,1,3,0,,,0.3395,0.0
6,1,4,4,12,2,2,1,,,0.3192,0.0
6,1,4,4,13,4,3,0,4,1,0.1279,0.4624
6,1,4,4,14,1,5,0,,,0.4254,0.0
6,1,4,4,15,3,2,0,,,0.4011,0.0
6,1,4,4,16,3,3,1,,,3.2594,0.0
6,1,4,4,17,4,4,1,,,0.4665,0.0
6,1,4,4,18,3,4,0,3,1,0.3166,0.5637
6,1,4,4,19,4,2,0,,,0.2018,0.0
6,1,4,4,20,4,4,1,,,0.5718,0.0
6,1,4,4,21,2,2,1,,,0.6259,0.0
6,1,4,4,22,6,2,0,6,1,0.3747,0.3458
6,1,4,4,23,6,2,0,,,0.3461,0.0
6,1,4,4,24,1,5,0,6,0,0.0009,0.376
6,1,4,4,25,6,5,0,,,0.7392,0.0
6,1,4,4,26,1,2,0,,,0.1415,0.0
6,1,4,4,27,4,6,0,,,0.6407,0.0
6,1,4,4,28,3,5,0,,,0.0008,0.0
6,1,4,4,29,2,5,0,2,1,0.1538,0.2937
6,1,4,4,30,4,3,0,,,0.6639,0.0
6,1,4,4,31,5,3,0,,,0.4064,0.0
6,1,4,4,32,3,3,1,,,1.0711,0.0
6,1,4,4,33,6,1,0,,,0.7691,0.0
6,1,4,4,34,4,5,0,,,0.0444,0.0
6,1,4,4,35,6,4,0,6,1,0.4831,0.6425
6,1,4,4,36,1,2,0,,,0.231,0.0
6,1,4,4,37,5,2,0,1,0,0.0872,0.6779
6,1,4,4,38,6,5,0,,,2.0685,0.0
6,1,4,4,39,6,5,0,6,1,0.3769,0.3648
6,1,4,4,40,6,4,0,,,0.6674,0.0
6,1,4,4,41,2,3,0,6,0,0.0258,0.5241
6,1,4,4,42,5,4,0,,,1.2642,0.0
6,1,4,4,43,4,5,0,4,1,0.2457,3.3915
6,1,4,4,44,6,6,1,,,1.1866,0.0
6,1,4,4,45,5,5,1,,,0.4633,0.0
6,1,4,4,46,3,3,1,,,1.3703,0.0
6,1,4,4,47,5,3,0,,,0.2891,0.0
6,1,4,4,48,5,6,0,5,1,0.0468,0.4632
6,1,4,4,49,6,6,1,,,0.1867,0.0
6,1,4,4,50,2,3,0,,,1.0572,0.0
6,1,5,1,1,4,6,0,,,0.2834,0.0
6,1,5,1,2,3,5,0,4,0,0.0009,0.7003
6,1,5,1,3,2,2,1,,,0.3761,0.0
6,1,5,1,4,1,5,0,4,0,0.1829,0.675
6,1,5,1,5,3,3,1,,,0.2253,0.0
6,1,5,1,6,1,6,0,,,0.3109,0.0
6,1,5,1,7,2,4,0,5,0,0.0196,0.4544
6,1,5,1,8,2,4,0,,,0.001,0.0
6,1,5,1,9,2,2,1,,,0.3902,0.0
6,1,5,1,10,3,6,0,,,0.0012,0.0
6,1,5,1,11,5,4,0,6,0,0.0009,0.5927
6,1,5,1,12,2,2,1,,,0.2093,0.0
6,1,5,1,13,5,5,1,,,0.4713,0.0
6,1,5,1,14,1,4,0,,,1.025,0.0
6,1,5,1,15,6,5,0,,,1.2334,0.0
6,1,5,1,16,6,5,0,4,0,0.2475,0.5458
6,1,5,1,17,6,4,0,,,0.4209,0.0
6,1,5,1,18,2,1,0,,,0.1893,0.0
6,1,5,1,19,2,3,0,5,0,0.0787,0.3341
6,1,5,1,20,3,5,0,,,0.4425,0.0
6,1,5,1,21,5,5,1,,,0.4815,0.0
6,1,5,1,22,5,6,0,,,0.3168,0.0
6,1,5,1,23,6,5,0,6,1,0.0724,0.1697
6,1,5,1,24,4,6,0,4,1,0.1921,0.3965
6,1,5,1,25,1,4,0,,,0.8734,0.0
6,1,5,1,26,4,4,1,,,0.063,0.0
6,1,5,1,27,1,5,0,,,2.2188,0.0
6,1,5,1,28,6,5,0,,,1.225,0.0
6,1,5,1,29,6,6,1,,,0.0009,0.0
6,1,5,1,30,1,6,0,,,0.0307,0.0
6,1,5,1,31,6,6,1,,,0.0713,0.0
6,1,5,1,32,4,6,0,5,0,0.1944,0.6216
6,1,5,1,33,6,6,1,,,0.0776,0.0
6,1,5,1,34,4,5,0,,,0.2634,0.0
6,1,5,1,35,4,4,1,,,1.2712,0.0
6,1,5,1,36,5,5,1,,,0.2091,0.0
6,1,5,1,37,6,6,1,,,0.566,0.0
6,1,5,1,38,5,6,0,5,1,1.8373,0.9653
6,1,5,1,39,3,5,0,6,0,0.011,0.4462
6,1,5,1,40,3,2,0,6,0,0.0009,0.9206
6,1,5,1,41,5,4,0,,,1.468,0.0
6,1,5,1,42,3,2,0,1,0,0.6966,0.1278
6,1,5,1,43,5,4,0,5,1,0.0356,0.6934
6,1,5,1,44,6,6,1,,,0.1353,0.0
6,1,5,1,45,1,6,0,,,0.4483,0.0
6,1,5,1,46,1,5,0,,,0.3119,0.0
6,1,5,1,47,2,1,0,,,0.0358,0.0
6,1,5,1,48,4,3,0,,,0.9069,0.0
6,1,5,1,49,4,6,0,,,0.0321,0.0
6,1,5,1,50,3,4,0,,,0.0393,0.0
6,1,5,2,1,1,4,0,,,0.3013,0.0
6,1,5,2,2,3,5,0,,,0.2181,0.0
6,1,5,2,3,3,6,0,5,0,0.2021,0.2778
6,1,5,2,4,6,6,1,,,0.0839,0.0
6,1,5,2,5,3,2,0,1,0,0.4297,0.4795
6,1,5,2,6,3,3,1,,,0.1983,0.0
6,1,5,2,7,6,4,0,,,0.0434,0.0
6,1,5,2,8,2,6,0,5,0,0.4839,4.163
6,1,5,2,9,4,4,1,,,2.0176,0.0
6,1,5,2,10,5,6,0,,,0.2043,0.0
6,1,5,2,11,6,4,0,6,1,0.3646,0.3224
6,1,5,2,12,6,5,0,,,0.1156,0.0
6,1,5,2,13,3,2,0,5,0,0.001,0.475
6,1,5,2,14,2,5,0,6,0,0.5291,1.1823
6,1,5,2,15,4,4,1,,,0.1036,0.0
6,1,5,2,16,2,1,0,,,0.1617,0.0
6,1,5,2,17,5,3,0,2,0,0.1169,0.8667
6,1,5,2,18,3,5,0,,,0.1526,0.0
6,1,5,2,19,1,5,0,6,0,0.0283,1.4387
6,1,5,2,20,2,3,0,,,0.4445,0.0
6,1,5,2,21,6,6,1,,,0.0009,0.0
6,1,5,2,22,4,5,0,2,0,0.1145,1.1371
6,1,5,2,23,2,2,1,,,0.2843,0.0
6,1,5,2,24,4,3,0,4,1,0.3506,0.163
6,1,5,2,25,3,2,0,,,0.6338,0.0
6,1,5,2,26,6,5,0,,,0.122,0.0
6,1,5,2,27,1,5,0,,,0.0146,0.0
6,1,5,2,28,2,6,0,,,0.0009,0.0
6,1,5,2,29,6,6,1,,,0.4815,0.0
6,1,5,2,30,3,6,0,,,0.2677,0.0
6,1,5,2,31,5,6,0,,,0.1216,0.0
6,1,5,2,32,1,1,1,,,0.6544,0.0
6,1,5,2,33,1,6,0,,,0.2257,0.0
6,1,5,2,34,1,6,0,,,0.1294,0.0
6,1,5,2,35,4,6,0,,,0.166,0.0
6,1,5,2,36,5,5,1,,,0.5846,0.0
6,1,5,2,37,5,2,0,,,1.0059,0.0
6,1,5,2,38,5,2,0,,,0.1748,0.0
6,1,5,2,39,5,6,0,,,0.2264,0.0
6,1,5,2,40,4,1,0,,,1.1866,0.0
6,1,5,2,41,5,3,0,,,0.1544,0.0
6,1,5,2,42,6,5,0,,,0.5414,0.0
6,1,5,2,43,1,5,0,6,0,0.2891,1.0648
6,1,5,2,44,2,2,1,,,0.8387,0.0
6,1,5,2,45,2,3,0,,,0.6894,0.0
6,1,5,2,46,6,1,0,,,1.6148,0.0
6,1,5,2,47,4,4,1,,,0.6456,0.0
6,1,5,2,48,6,6,1,,,0.3448,0.0
6,1,5,2,49,1,6,0,5,0,0.1528,0.5343
6,1,5,2,50,4,3,0,2,0,1.4978,0.5436
6,1,5,3,1,1,6,0,,,0.4002,0.0
6,1,5,3,2,2,5,0,2,1,0.0009,1.2767
6,1,5,3,3,3,5,0,,,0.7425,0.0
6,1,5,3,4,3,5,0,,,0.2882,0.0
6,1,5,3,5,1,5,0,,,0.4623,0.0
6,1,5,3,6,2,2,1,,,0.118,0.0
6,1,5,3,7,5,5,1,,,1.0065,0.0
6,1,5,3,8,4,5,0,,,0.3074,0.0
6,1,5,3,9,6,5,0,4,0,0.6399,0.4087
6,1,5,3,10,5,5,1,,,0.5453,0.0
6,1,5,3,11,6,6,1,,,1.1126,0.0
6,1,5,3,12,2,6,0,,,0.0258,0.0
6,1,5,3,13,1,1,1,,,0.53,0.0
6,1,5,3,14,5,5,1,,,0.1379,0.0
6,1,5,3,15,2,2,1,,,0.4033,0.0
6,1,5,3,16,4,6,0,,,0.0961,0.0
6,1,5,3,17,1,2,0,,,0.726,0.0
6,1,5,3,18,4,6,0,,,0.306,0.0
6,1,5,3,19,1,1,1,,,0.83,0.0
6,1,5,3,20,1,1,1,,,0.0754,0.0
6,1,5,3,21,3,5,0,,,0.423,0.0
6,1,5,3,22,3,3,1,,,0.6861,0.0
6,1,5,3,23,3,3,1,,,0.016,0.0
6,1,5,3,24,2,5,0,,,0.3162,0.0
6,1,5,3,25,4,6,0,4,1,0.6024,0.3892
6,1,5,3,26,4,2,0,,,0.611,0.0
6,1,5,3,27,2,2,1,,,0.2277,0.0
6,1,5,3,28,4,2,0,,,0.1045,0.0
6,1,5,3,29,6,6,1,,,0.9096,0.0
6,1,5,3,30,5,5,1,,,0.7102,0.0
6,1,5,3,31,4,5,0,,,2.6149,0.0
6,1,5,3,32,5,3,0,5,1,0.0009,0.6645
6,1,5,3,33,6,6,1,,,0.2028,0.0
6,1,5,3,34,5,6,0,5,1,0.4013,0.3875
6,1,5,3,35,6,6,1,,,0.0662,0.0
6,1,5,3,36,6,6,1,,,0.0134,0.0
6,1,5,3,37,3,3,1,,,0.508,0.0
6,1,5,3,38,6,6,1,,,0.2121,0.0
6,1,5,3,39,4,3,0,,,0.3611,0.0
6,1,5,3,40,6,6,1,,,0.0996,0.0
6,1,5,3,41,3,3,1,,,0.1905,0.0
6,1,5,3,42,1,3,0,4,0,0.196,0.5755
6,1,5,3,43,2,6,0,,,0.3692,0.0
6,1,5,3,44,5,5,1,,,1.02,0.0
6,1,5,3,45,6,6,1,,,3.6001,0.0
6,1,5,3,46,6,1,0,,,1.3548,0.0
6,1,5,3,47,2,2,1,,,0.7798,0.0
6,1,5,3,48,3,3,1,,,0.8423,0.0
6,1,5,3,49,5,6,0,,,0.8697,0.0
6,1,5,3,50,1,1,1,,,1.2425,0.0
6,1,5,4,1,4,6,0,,,0.7076,0.0
6,1,5,4,2,6,6,1,,,0.112,0.0
6,1,5,4,3,6,6,1,,,0.001,0.0
6,1,5,4,4,3,5,0,,,0.5997,0.0
6,1,5,4,5,5,6,0,,,0.0008,0.0
6,1,5,4,6,1,1,1,,,0.9137,0.0
6,1,5,4,7,5,6,0,,,0.2984,0.0
6,1,5,4,8,1,5,0,,,0.0246,0.0
6,1,5,4,9,5,4,0,,,2.0165,0.0
6,1,5,4,10,2,2,1,,,0.0872,0.0
6,1,5,4,11,4,5,0,,,0.3373,0.0
6,1,5,4,12,6,6,1,,,0.0134,0.0
6,1,5,4,13,6,6,1,,,0.123,0.0
6,1,5,4,14,6,6,1,,,0.0009,0.0
6,1,5,4,15,4,4,1,,,0.1789,0.0
6,1,5,4,16,3,6,0,5,0,0.2967,0.3527
6,1,5,4,17,2,5,0,,,0.0008,0.0
6,1,5,4,18,5,5,1,,,0.47,0.0
6,1,5,4,19,4,5,0,6,0,0.0158,0.771
6,1,5,4,20,2,2,1,,,0.8135,0.0
6,1,5,4,21,6,2,0,,,0.3946,0.0
6,1,5,4,22,4,1,0,,,0.001,0.0
6,1,5,4,23,2,2,1,,,0.0457,0.0
6,1,5,4,24,3,3,1,,,0.761,0.0
6,1,5,4,25,1,2,0,,,0.2967,0.0
6,1,5,4,26,1,2,0,,,0.4534,0.0
6,1,5,4,27,3,3,1,,,0.8602,0.0
6,1,5,4,28,3,6,0,5,0,3.2704,0.4357
6,1,5,4,29,1,6,0,,,0.5869,0.0
6,1,5,4,30,3,3,1,,,0.5088,0.0
6,1,5,4,31,4,6,0,,,0.1659,0.0
6,1,5,4,32,1,6,0,,,0.2486,0.0
6,1,5,4,33,3,4,0,,,0.5044,0.0
6,1,5,4,34,1,1,1,,,1.0534,0.0
6,1,5,4,35,6,6,1,,,0.2878,0.0
6,1,5,4,36,5,3,0,,,0.7068,0.0
6,1,5,4,37,2,2,1,,,0.3351,0.0
6,1,5,4,38,2,1,0,6,0,1.1839,0.45
6,1,5,4,39,2,2,1,,,0.9851,0.0
6,1,5,4,40,5,3,0,5,1,0.8144,0.4972
6,1,5,4,41,6,2,0,5,0,0.7787,0.526
6,1,5,4,42,5,2,0,,,0.7214,0.0
6,1,5,4,43,6,6,1,,,0.5261,0.0
6,1,5,4,44,4,6,0,,,0.1022,0.0
6,1,5,4,45,6,4,0,,,0.1392,0.0
6,1,5,4,46,3,2,0,4,0,0.3333,0.6274
6,1,5,4,47,4,5,0,,,0.3222,0.0
6,1,5,4,48,2,2,1,,,0.5743,0.0
6,1,5,4,49,1,3,0,,,0.6284,0.0
6,1,5,4,50,5,4,0,,,0.4041,0.0
6,2,1,1,1,4,3,0,1,0,1.17,0.8679
6,2,1,1,2,2,2,1,,,0.747,0.0
6,2,1,1,3,5,6,0,5,1,0.2182,0.7237
6,2,1,1,4,2,2,1,,,0.5013,0.0
6,2,1,1,5,6,4,0,5,0,0.5268,0.3002
6,2,1,1,6,1,2,0,,,0.8253,0.0
6,2,1,1,7,4,2,0,,,0.5292,0.0
6,2,1,1,8,5,2,0,,,0.533,0.0
6,2,1,1,9,6,4,0,,,0.7772,0.0
6,2,1,1,10,6,3,0,4,0,0.8352,0.5806
6,2,1,1,11,2,2,1,,,0.422,0.0
6,2,1,1,12,5,2,0,,,0.4824,0.0
6,2,1,1,13,1,1,1,,,1.0481,0.0
6,2,1,1,14,3,3,1,,,0.828,0.0
6,2,1,1,15,4,2,0,,,0.5201,0.0
6,2,1,1,16,4,5,0,,,0.6365,0.0
6,2,1,1,17,4,6,0,,,0.4285,0.0
6,2,1,1,18,1,2,0,3,0,0.6614,0.4609
6,2,1,1,19,3,4,0,5,0,1.1405,0.457
6,2,1,1,20,3,1,0,,,0.7998,0.0
6,2,1,1,21,3,3,1,,,0.9045,0.0
6,2,1,1,22,1,4,0,,,0.7222,0.0
6,2,1,1,23,2,2,1,,,0.4469,0.0
6,2,1,1,24,6,6,1,,,0.2983,0.0
6,2,1,1,25,1,1,1,,,0.8283,0.0
6,2,1,1,26,6,6,1,,,0.6324,0.0
6,2,1,1,27,6,5,0,,,0.7333,0.0
6,2,1,1,28,3,5,0,,,0.7119,0.0
6,2,1,1,29,5,6,0,,,0.1964,0.0
6,2,1,1,30,2,3,0,4,0,1.2856,0.5963
6,2,1,1,31,2,2,1,,,0.7736,0.0
6,2,1,1,32,5,6,0,,,0.2282,0.0
6,2,1,1,33,4,5,0,6,0,0.0847,0.0688
6,2,1,1,34,2,6,0,,,0.8109,0.0
6,2,1,1,35,1,6,0,5,0,0.3724,0.1044
6,2,1,1,36,5,2,0,3,0,0.4934,0.7966
6,2,1,1,37,2,2,1,,,0.8531,0.0
6,2,1,1,38,3,4,0,,,1.2331,0.0
6,2,1,1,39,1,6,0,5,0,0.2163,0.5782
6,2,1,1,40,4,4,1,,,0.5654,0.0
6,2,1,1,41,4,1,0,,,1.0676,0.0
6,2,1,1,42,6,2,0,,,0.6023,0.0
6,2,1,1,43,6,2,0,,,0.3793,0.0
6,2,1,1,44,6,6,1,,,0.4363,0.0
6,2,1,1,45,6,6,1,,,0.1937,0.0
6,2,1,1,46,1,5,0,,,0.344,0.0
6,2,1,1,47,5,5,1,,,0.3873,0.0
6,2,1,1,48,3,3,1,,,0.8988,0.0
6,2,1,1,49,5,4,0,,,0.8756,0.0
6,2,1,1,50,3,6,0,,,0.2738,0.0
6,2,1,2,1,4,6,0,,,0.3651,0.0
6,2,1,2,2,1,3,0,,,0.8228,0.0
6,2,1,2,3,6,6,1,,,1.4231,0.0
6,2,1,2,4,3,2,0,4,0,0.8994,1.0255
6,2,1,2,5,2,4,0,,,4.0503,0.0
6,2,1,2,6,5,6,0,,,0.8048,0.0
6,2,1,2,7,1,2,0,,,0.7021,0.0
6,2,1,2,8,2,2,1,,,0.459,0.0
6,2,1,2,9,4,4,1,,,0.6306,0.0
6,2,1,2,10,6,6,1,,,0.1716,0.0
6,2,1,2,11,1,5,0,,,0.1634,0.0
6,2,1,2,12,6,3,0,4,0,0.9019,0.4033
6,2,1,2,13,5,6,0,5,1,0.4928,0.4438
6,2,1,2,14,4,5,0,,,0.5204,0.0
6,2,1,2,15,4,6,0,,,0.3651,0.0
6,2,1,2,16,6,4,0,,,0.3431,0.0
6,2,1,2,17,6,6,1,,,0.1154,0.0
6,2,1,2,18,1,4,0,,,0.5251,0.0
6,2,1,2,19,2,2,1,,,0.8488,0.0
6,2,1,2,20,3,6,0,5,0,0.7329,0.3539
6,2,1,2,21,3,2,0,,,0.413,0.0
6,2,1,2,22,3,6,0,,,0.4859,0.0
6,2,1,2,23,4,5,0,6,0,0.0122,0.3186
6,2,1,2,24,2,1,0,,,0.0009,0.0
6,2,1,2,25,2,3,0,,,0.001,0.0
6,2,1,2,26,1,5,0,,,0.0009,0.0
6,2,1,2,27,3,6,0,,,0.7603,0.0
6,2,1,2,28,1,4,0,5,0,0.2267,0.9888
6,2,1,2,29,4,1,0,,,0.5581,0.0
6,2,1,2,30,6,6,1,,,0.2743,0.0
6,2,1,2,31,6,6,1,,,0.2935,0.0
6,2,1,2,32,2,2,1,,,0.3763,0.0
6,2,1,2,33,6,6,1,,,0.1989,0.0
6,2,1,2,34,4,3,0,4,1,0.6532,0.533
6,2,1,2,35,5,1,0,,,1.0215,0.0
6,2,1,2,36,6,6,1,,,0.0931,0.0
6,2,1,2,37,5,3,0,2,0,0.648,0.5296
6,2,1,2,38,5,6,0,,,0.357,0.0
6,2,1,2,39,2,2,1,,,0.6558,0.0
6,2,1,2,40,3,6,0,5,0,0.4509,0.4203
6,2,1,2,41,4,2,0,,,0.2685,0.0
6,2,1,2,42,6,2,0,3,0,0.3471,0.9604
6,2,1,2,43,5,5,1,,,0.2743,0.0
6,2,1,2,44,5,4,0,,,1.1262,0.0
6,2,1,2,45,2,2,1,,,0.3214,0.0
6,2,1,2,46,3,6,0,,,0.8993,0.0
6,2,1,2,47,3,4,0,2,0,0.8078,0.7933
6,2,1,2,48,1,6,0,,,0.3237,0.0
6,2,1,2,49,1,2,0,,,0.3203,0.0
6,2,1,2,50,5,6,0,,,0.1078,0.0
6,2,1,3,1,6,4,0,,,1.3577,0.0
6,2,1,3,2,5,5,1,,,0.4485,0.0
6,2,1,3,3,6,6,1,,,0.2847,0.0
6,2,1,3,4,6,6,1,,,0.3665,0.0
6,2,1,3,5,2,2,1,,,0.2697,0.0
6,2,1,3,6,6,6,1,,,0.2087,0.0
6,2,1,3,7,3,3,1,,,0.7118,0.0
6,2,1,3,8,6,6,1,,,0.0404,0.0
6,2,1,3,9,6,1,0,,,0.8222,0.0
6,2,1,3,10,4,6,0,,,0.4135,0.0
6,2,1,3,11,5,3,0,,,0.5027,0.0
6,2,1,3,12,2,2,1,,,0.2194,0.0
6,2,1,3,13,3,1,0,,,0.7686,0.0
6,2,1,3,14,2,4,0,,,0.6666,0.0
6,2,1,3,15,5,6,0,,,0.2494,0.0
6,2,1,3,16,3,2,0,,,0.3445,0.0
6,2,1,3,17,6,6,1,,,0.6923,0.0
6,2,1,3,18,1,6,0,,,0.2136,0.0
6,2,1,3,19,1,6,0,,,0.0234,0.0
6,2,1,3,20,4,5,0,,,0.1595,0.0
6,2,1,3,21,3,2,0,,,0.8671,0.0
6,2,1,3,22,4,4,1,,,0.697,0.0
6,2,1,3,23,3,2,0,,,0.7625,0.0
6,2,1,3,24,5,6,0,,,0.293,0.0
6,2,1,3,25,6,3,0,,,0.915,0.0
6,2,1,3,26,6,6,1,,,0.0871,0.0
6,2,1,3,27,4,1,0,,,0.8014,0.0
6,2,1,3,28,5,2,0,,,0.6827,0.0
6,2,1,3,29,1,3,0,,,0.7759,0.0
6,2,1,3,30,6,1,0,,,0.2749,0.0
6,2,1,3,31,5,2,0,,,0.4169,0.0
6,2,1,3,32,2,2,1,,,0.4741,0.0
6,2,1,3,33,1,2,0,,,0.5005,0.0
6,2,1,3,34,4,1,0,,,0.7933,0.0
6,2,1,3,35,2,5,0,6,0,0.8033,0.6297
6,2,1,3,36,4,2,0,3,0,0.3884,0.6488
6,2,1,3,37,1,5,0,6,0,0.1828,0.1314
6,2,1,3,38,1,6,0,5,0,0.231,0.6099
6,2,1,3,39,1,1,1,,,0.5628,0.0
6,2,1,3,40,3,2,0,,,0.2655,0.0
6,2,1,3,41,4,1,0,3,0,1.304,0.4699
6,2,1,3,42,2,2,1,,,0.3798,0.0
6,2,1,3,43,1,6,0,,,0.2507,0.0
6,2,1,3,44,5,6,0,,,0.4425,0.0
6,2,1,3,45,4,5,0,,,0.2418,0.0
6,2,1,3,46,2,2,1,,,0.2416,0.0
6,2,1,3,47,3,2,0,,,0.5193,0.0
6,2,1,3,48,2,3,0,,,0.9233,0.0
6,2,1,3,49,5,6,0,5,1,0.1277,0.1739
6,2,1,3,50,3,2,0,,,0.4852,0.0
6,2,1,4,1,6,6,1,,,0.9363,0.0
6,2,1,4,2,6,6,1,,,0.0479,0.0
6,2,1,4,3,3,6,0,,,0.0008,0.0
6,2,1,4,4,3,2,0,3,1,0.934,0.6587
6,2,1,4,5,5,6,0,,,0.2456,0.0
6,2,1,4,6,1,2,0,,,0.3573,0.0
6,2,1,4,7,5,3,0,,,0.0011,0.0
6,2,1,4,8,2,4,0,5,0,2.3624,0.4442
6,2,1,4,9,6,6,1,,,0.1328,0.0
6,2,1,4,10,3,1,0,3,1,0.3653,0.4175
6,2,1,4,11,3,6,0,,,0.271,0.0
6,2,1,4,12,4,1,0,,,0.5263,0.0
6,2,1,4,13,4,2,0,3,0,0.2259,0.3804
6,2,1,4,14,4,4,1,,,0.4064,0.0
6,2,1,4,15,4,5,0,,,0.2762,0.0
6,2,1,4,16,1,6,0,2,0,0.1633,0.9122
6,2,1,4,17,2,6,0,,,0.2281,0.0
6,2,1,4,18,5,2,0,3,0,0.9156,0.5305
6,2,1,4,19,6,6,1,,,0.4857,0.0
6,2,1,4,20,1,2,0,3,0,0.2553,1.7202
6,2,1,4,21,4,6,0,,,0.5079,0.0
6,2,1,4,22,6,6,1,,,0.6411,0.0
6,2,1,4,23,2,2,1,,,0.4368,0.0
6,2,1,4,24,6,6,1,,,0.2259,0.0
6,2,1,4,25,5,1,0,3,0,0.4873,0.4856
6,2,1,4,26,5,5,1,,,0.7797,0.0
6,2,1,4,27,2,6,0,,,0.2494,0.0
6,2,1,4,28,1,1,1,,,0.7457,0.0
6,2,1,4,29,3,2,0,,,0.3134,0.0
6,2,1,4,30,3,6,0,,,0.9503,0.0
6,2,1,4,31,2,2,1,,,0.8252,0.0
6,2,1,4,32,6,2,0,3,0,0.3892,0.8721
6,2,1,4,33,1,1,1,,,1.1661,0.0
6,2,1,4,34,4,6,0,,,0.2846,0.0
6,2,1,4,35,1,1,1,,,1.2425,0.0
6,2,1,4,36,5,6,0,,,0.534,0.0
6,2,1,4,37,6,6,1,,,0.0257,0.0
6,2,1,4,38,3,5,0,,,0.5512,0.0
6,2,1,4,39,4,4,1,,,0.8263,0.0
6,2,1,4,40,1,1,1,,,1.3676,0.0
6,2,1,4,41,5,5,1,,,2.173,0.0
6,2,1,4,42,2,6,0,,,0.2267,0.0
6,2,1,4,43,2,2,1,,,0.5789,0.0
6,2,1,4,44,6,6,1,,,0.0736,0.0
6,2,1,4,45,5,2,0,,,0.7252,0.0
6,2,1,4,46,3,6,0,,,0.1449,0.0
6,2,1,4,47,6,6,1,,,0.1327,0.0
6,2,1,4,48,1,1,1,,,0.7652,0.0
6,2,1,4,49,4,4,1,,,0.8278,0.0
6,2,1,4,50,2,2,1,,,0.3773,0.0
6,2,2,1,1,5,6,0,,,0.214,0.0
6,2,2,1,2,1,2,0,,,0.2147,0.0
6,2,2,1,3,3,5,0,,,0.1191,0.0
6,2,2,1,4,2,2,1,,,0.5717,0.0
6,2,2,1,5,4,6,0,,,0.0664,0.0
6,2,2,1,6,6,6,1,,,1.0341,0.0
6,2,2,1,7,5,6,0,,,0.3495,0.0
6,2,2,1,8,1,2,0,,,0.0009,0.0
6,2,2,1,9,4,4,1,,,0.5459,0.0
6,2,2,1,10,2,1,0,,,0.6661,0.0
6,2,2,1,11,1,6,0,,,0.5367,0.0
6,2,2,1,12,3,2,0,,,0.412,0.0
6,2,2,1,13,4,6,0,,,0.1806,0.0
6,2,2,1,14,4,2,0,,,0.4707,0.0
6,2,2,1,15,1,6,0,5,0,0.3181,0.3872
6,2,2,1,16,3,1,0,,,0.7328,0.0
6,2,2,1,17,4,6,0,,,0.3449,0.0
6,2,2,1,18,6,6,1,,,0.372,0.0
6,2,2,1,19,1,5,0,,,0.3719,0.0
6,2,2,1,20,2,3,0,,,0.7021,0.0
6,2,2,1,21,5,6,0,,,0.6823,0.0
6,2,2,1,22,2,6,0,1,0,0.921,0.6617
6,2,2,1,23,2,6,0,2,1,0.3718,0.7285
6,2,2,1,24,3,3,1,,,0.6481,0.0
6,2,2,1,25,3,6,0,,,0.1877,0.0
6,2,2,1,26,4,5,0,,,0.782,0.0
6,2,2,1,27,6,6,1,,,0.168,0.0
6,2,2,1,28,5,6,0,5,1,0.0957,0.879
6,2,2,1,29,1,4,0,,,2.6163,0.0
6,2,2,1,30,6,6,1,,,0.0393,0.0
6,2,2,1,31,5,5,1,,,0.4514,0.0
6,2,2,1,32,1,6,0,,,0.0009,0.0
6,2,2,1,33,6,6,1,,,0.8564,0.0
6,2,2,1,34,2,2,1,,,0.6917,0.0
6,2,2,1,35,6,6,1,,,0.102,0.0
6,2,2,1,36,1,1,1,,,0.4973,0.0
6,2,2,1,37,5,3,0,4,0,1.0822,0.1772
6,2,2,1,38,6,6,1,,,0.0359,0.0
6,2,2,1,39,6,6,1,,,0.001,0.0
6,2,2,1,40,6,6,1,,,0.0941,0.0
6,2,2,1,41,5,5,1,,,0.3291,0.0
6,2,2,1,42,2,6,0,2,1,0.0097,0.5734
6,2,2,1,43,3,6,0,5,0,0.001,0.3112
6,2,2,1,44,6,6,1,,,0.1314,0.0
6,2,2,1,45,5,6,0,,,0.2363,0.0
6,2,2,1,46,3,5,0,,,0.6682,0.0
6,2,2,1,47,4,4,1,,,0.3313,0.0
6,2,2,1,48,4,4,1,,,0.7792,0.0
6,2,2,1,49,2,2,1,,,0.2979,0.0
6,2,2,1,50,3,2,0,,,0.6511,0.0
6,2,2,2,1,6,6,1,,,0.2476,0.0
6,2,2,2,2,2,4,0,3,0,0.4273,0.5898
6,2,2,2,3,4,1,0,,,0.3675,0.0
6,2,2,2,4,3,6,0,2,0,0.5066,0.8242
6,2,2,2,5,5,2,0,3,0,0.5769,0.6199
6,2,2,2,6,2,2,1,,,0.5242,0.0
6,2,2,2,7,3,6,0,,,0.9336,0.0
6,2,2,2,8,2,6,0,5,0,0.2645,1.3132
6,2,2,2,9,1,1,1,,,0.6453,0.0
6,2,2,2,10,6,5,0,,,0.1203,0.0
6,2,2,2,11,3,6,0,,,0.0772,0.0
6,2,2,2,12,5,6,0,,,0.0994,0.0
6,2,2,2,13,4,1,0,3,0,1.0655,0.8331
6,2,2,2,14,2,4,0,5,0,0.6649,0.6245
6,2,2,2,15,6,6,1,,,0.0331,0.0
6,2,2,2,16,4,2,0,4,1,0.2536,0.743
6,2,2,2,17,6,6,1,,,0.343,0.0
6,2,2,2,18,6,6,1,,,0.006,0.0
6,2,2,2,19,5,6,0,,,0.1005,0.0
6,2,2,2,20,5,1,0,3,0,0.7467,0.559
6,2,2,2,21,4,6,0,,,0.322,0.0
6,2,2,2,22,1,6,0,,,0.0625,0.0
6,2,2,2,23,6,6,1,,,0.2466,0.0
6,2,2,2,24,1,3,0,,,1.402,0.0
6,2,2,2,25,6,6,1,,,0.3619,0.0
6,2,2,2,26,3,2,0,,,1.1297,0.0
6,2,2,2,27,2,2,1,,,0.9802,0.0
6,2,2,2,28,1,6,0,5,0,0.1067,0.8892
6,2,2,2,29,6,6,1,,,0.0009,0.0
6,2,2,2,30,2,2,1,,,0.5726,0.0
6,2,2,2,31,4,6,0,,,0.9956,0.0
6,2,2,2,32,3,6,0,,,3.3639,0.0
6,2,2,2,33,4,4,1,,,1.0268,0.0
6,2,2,2,34,2,2,1,,,0.5999,0.0
6,2,2,2,35,6,6,1,,,0.1254,0.0
6,2,2,2,36,5,1,0,,,0.6148,0.0
6,2,2,2,37,3,6,0,5,0,0.5189,0.6606
6,2,2,2,38,4,6,0,5,0,0.7548,0.3276
6,2,2,2,39,3,3,1,,,0.8679,0.0
6,2,2,2,40,4,4,1,,,2.2859,0.0
6,2,2,2,41,1,5,0,6,0,0.0009,0.3854
6,2,2,2,42,1,4,0,,,0.0009,0.0
6,2,2,2,43,5,2,0,,,0.8526,0.0
6,2,2,2,44,2,2,1,,,0.7631,0.0
6,2,2,2,45,5,2,0,,,0.7149,0.0
6,2,2,2,46,1,4,0,,,0.087,0.0
6,2,2,2,47,5,6,0,,,0.5725,0.0
6,2,2,2,48,3,4,0,,,0.2715,0.0
6,2,2,2,49,1,1,1,,,0.3658,0.0
6,2,2,2,50,6,1,0,6,1,0.6051,0.5195
6,2,2,3,1,2,2,1,,,0.6857,0.0
6,2,2,3,2,1,6,0,,,0.0636,0.0
6,2,2,3,3,3,5,0,,,0.0009,0.0
6,2,2,3,4,4,6,0,,,0.033,0.0
6,2,2,3,5,5,1,0,,,0.0008,0.0
6,2,2,3,6,4,4,1,,,0.3873,0.0
6,2,2,3,7,6,6,1,,,0.5451,0.0
6,2,2,3,8,3,1,0,,,0.1848,0.0
6,2,2,3,9,5,6,0,,,0.1707,0.0
6,2,2,3,10,4,3,0,2,0,1.4545,0.4532
6,2,2,3,11,3,6,0,,,0.205,0.0
6,2,2,3,12,1,5,0,,,0.1581,0.0
6,2,2,3,13,2,2,1,,,0.177,0.0
6,2,2,3,14,2,2,1,,,0.0896,0.0
6,2,2,3,15,5,6,0,,,0.2115,0.0
6,2,2,3,16,3,3,1,,,0.6762,0.0
6,2,2,3,17,1,2,0,4,0,0.5197,0.6132
6,2,2,3,18,3,6,0,5,0,0.1021,0.7561
6,2,2,3,19,4,2,0,,,0.4625,0.0
6,2,2,3,20,1,3,0,,,1.125,0.0
6,2,2,3,21,3,6,0,,,1.0413,0.0
6,2,2,3,22,1,4,0,6,0,0.6395,0.4249
6,2,2,3,23,6,1,0,3,0,0.081,0.3373
6,2,2,3,24,6,6,1,,,0.2378,0.0
6,2,2,3,25,4,4,1,,,0.4989,0.0
6,2,2,3,26,5,5,1,,,0.7475,0.0
6,2,2,3,27,5,2,0,,,0.3955,0.0
6,2,2,3,28,6,3,0,6,1,0.2282,0.3513
6,2,2,3,29,6,6,1,,,0.4145,0.0
6,2,2,3,30,1,6,0,,,0.1717,0.0
6,2,2,3,31,4,4,1,,,0.3026,0.0
6,2,2,3,32,2,2,1,,,0.6729,0.0
6,2,2,3,33,2,2,1,,,0.5146,0.0
6,2,2,3,34,1,6,0,,,0.1239,0.0
6,2,2,3,35,5,2,0,,,0.2577,0.0
6,2,2,3,36,6,2,0,5,0,0.4318,0.6573
6,2,2,3,37,5,5,1,,,0.369,0.0
6,2,2,3,38,3,2,0,,,0.624,0.0
6,2,2,3,39,6,6,1,,,0.0477,0.0
6,2,2,3,40,5,5,1,,,0.5724,0.0
6,2,2,3,41,2,2,1,,,0.7549,0.0
6,2,2,3,42,6,6,1,,,0.3706,0.0
6,2,2,3,43,1,3,0,,,1.1703,0.0
6,2,2,3,44,2,2,1,,,1.2114,0.0
6,2,2,3,45,6,6,1,,,0.1678,0.0
6,2,2,3,46,4,4,1,,,0.4317,0.0
6,2,2,3,47,6,6,1,,,0.2038,0.0
6,2,2,3,48,2,6,0,,,0.0023,0.0
6,2,2,3,49,3,6,0,,,1.2119,0.0
6,2,2,3,50,4,2,0,,,0.4995,0.0
6,2,2,4,1,5,6,0,,,1.3189,0.0
6,2,2,4,2,6,6,1,,,0.0009,0.0
6,2,2,4,3,3,5,0,,,0.0085,0.0
6,2,2,4,4,6,6,1,,,0.1618,0.0
6,2,2,4,5,2,6,0,,,0.0009,0.0
6,2,2,4,6,3,6,0,,,0.0994,0.0
6,2,2,4,7,6,6,1,,,0.0009,0.0
6,2,2,4,8,1,2,0,,,0.5823,0.0
6,2,2,4,9,1,6,0,,,0.12,0.0
6,2,2,4,10,3,1,0,,,0.4613,0.0
6,2,2,4,11,3,6,0,,,0.0036,0.0
6,2,2,4,12,5,1,0,5,1,0.222,0.1989
6,2,2,4,13,1,1,1,,,0.5094,0.0
6,2,2,4,14,2,2,1,,,0.2953,0.0
6,2,2,4,15,6,6,1,,,0.2009,0.0
6,2,2,4,16,4,6,0,,,0.0626,0.0
6,2,2,4,17,5,5,1,,,0.406,0.0
6,2,2,4,18,2,6,0,5,0,0.18,0.3363
6,2,2,4,19,5,4,0,,,0.001,0.0
6,2,2,4,20,6,5,0,6,1,0.1815,0.8656
6,2,2,4,21,1,1,1,,,0.621,0.0
6,2,2,4,22,5,6,0,5,1,0.1927,0.3481
6,2,2,4,23,1,6,0,1,1,0.2211,0.5504
6,2,2,4,24,4,3,0,,,0.9102,0.0
6,2,2,4,25,4,6,0,2,0,0.21,0.5567
6,2,2,4,26,3,6,0,,,0.3843,0.0
6,2,2,4,27,4,4,1,,,0.3464,0.0
6,2,2,4,28,2,2,1,,,0.3779,0.0
6,2,2,4,29,4,5,0,,,0.6808,0.0
6,2,2,4,30,2,5,0,6,0,1.0946,0.5089
6,2,2,4,31,1,6,0,,,2.2428,0.0
6,2,2,4,32,2,2,1,,,0.3838,0.0
6,2,2,4,33,3,6,0,5,0,0.5581,0.6185
6,2,2,4,34,3,1,0,4,0,0.8591,0.6036
6,2,2,4,35,3,2,0,,,0.5079,0.0
6,2,2,4,36,1,5,0,,,0.6891,0.0
6,2,2,4,37,6,6,1,,,0.9907,0.0
6,2,2,4,38,2,6,0,,,0.1485,0.0
6,2,2,4,39,6,6,1,,,0.4244,0.0
6,2,2,4,40,1,1,1,,,1.2209,0.0
6,2,2,4,41,4,5,0,6,0,0.578,0.8288
6,2,2,4,42,5,5,1,,,0.9809,0.0
6,2,2,4,43,4,1,0,,,0.6501,0.0
6,2,2,4,44,4,3,0,,,0.9218,0.0
6,2,2,4,45,6,6,1,,,0.5576,0.0
6,2,2,4,46,6,2,0,,,0.5811,0.0
6,2,2,4,47,5,6,0,,,0.1032,0.0
6,2,2,4,48,6,6,1,,,0.076,0.0
6,2,2,4,49,2,3,0,4,0,0.8559,0.4399
6,2,2,4,50,5,2,0,,,0.8644,0.0
6,2,3,1,1,6,4,0,,,0.4027,0.0
6,2,3,1,2,3,6,0,,,0.1557,0.0
6,2,3,1,3,4,6,0,,,0.2722,0.0
6,2,3,1,4,6,6,1,,,0.1425,0.0
6,2,3,1,5,6,1,0,2,0,0.2478,0.32
6,2,3,1,6,1,6,0,,,0.8452,0.0
6,2,3,1,7,4,3,0,,,0.6439,0.0
6,2,3,1,8,1,6,0,5,0,0.7067,0.5046
6,2,3,1,9,2,2,1,,,0.5098,0.0
6,2,3,1,10,1,1,1,,,0.5198,0.0
6,2,3,1,11,3,2,0,,,0.5452,0.0
6,2,3,1,12,4,1,0,,,0.2127,0.0
6,2,3,1,13,5,6,0,,,1.3645,0.0
6,2,3,1,14,4,2,0,,,0.4219,0.0
6,2,3,1,15,5,6,0,,,0.6391,0.0
6,2,3,1,16,5,4,0,,,0.4632,0.0
6,2,3,1,17,5,6,0,,,0.1006,0.0
6,2,3,1,18,3,6,0,,,0.4743,0.0
6,2,3,1,19,2,2,1,,,0.6734,0.0
6,2,3,1,20,6,4,0,5,0,1.3638,0.4315
6,2,3,1,21,5,2,0,,,0.6158,0.0
6,2,3,1,22,6,6,1,,,0.6803,0.0
6,2,3,1,23,2,6,0,5,0,0.1544,0.391
6,2,3,1,24,4,1,0,3,0,0.3045,0.4713
6,2,3,1,25,6,6,1,,,0.2061,0.0
6,2,3,1,26,1,1,1,,,0.5315,0.0
6,2,3,1,27,6,6,1,,,0.4433,0.0
6,2,3,1,28,1,5,0,4,0,0.5371,0.806
6,2,3,1,29,2,6,0,5,0,2.5903,0.3753
6,2,3,1,30,1,5,0,6,0,0.3223,0.584
6,2,3,1,31,2,1,0,,,0.7297,0.0
6,2,3,1,32,5,5,1,,,0.4052,0.0
6,2,3,1,33,6,6,1,,,2.3222,0.0
6,2,3,1,34,2,5,0,6,0,2.5613,0.3642
6,2,3,1,35,3,1,0,5,0,0.1191,0.3087
6,2,3,1,36,1,6,0,,,0.0009,0.0
6,2,3,1,37,5,4,0,6,0,0.1867,0.2464
6,2,3,1,38,2,5,0,,,0.3104,0.0
6,2,3,1,39,6,2,0,3,0,0.4979,0.402
6,2,3,1,40,4,6,0,4,1,0.043,0.4762
6,2,3,1,41,6,6,1,,,0.1042,0.0
6,2,3,1,42,5,5,1,,,0.4183,0.0
6,2,3,1,43,3,1,0,3,1,0.3828,0.3705
6,2,3,1,44,3,3,1,,,0.21,0.0
6,2,3,1,45,1,1,1,,,0.2468,0.0
6,2,3,1,46,2,2,1,,,0.3787,0.0
6,2,3,1,47,3,6,0,,,0.5533,0.0
6,2,3,1,48,4,6,0,,,2.2366,0.0
6,2,3,1,49,3,2,0,,,1.1145,0.0
6,2,3,1,50,4,4,1,,,0.5985,0.0
6,2,3,2,1,6,6,1,,,0.1856,0.0
6,2,3,2,2,6,6,1,,,0.0638,0.0
6,2,3,2,3,1,2,0,,,0.2357,0.0
6,2,3,2,4,4,1,0,,,0.7475,0.0
6,2,3,2,5,1,5,0,6,0,0.0221,0.6016
6,2,3,2,6,6,6,1,,,0.2824,0.0
6,2,3,2,7,6,6,1,,,0.0601,0.0
6,2,3,2,8,2,4,0,,,0.9043,0.0
6,2,3,2,9,5,5,1,,,0.3649,0.0
6,2,3,2,10,6,2,0,,,0.3166,0.0
6,2,3,2,11,2,2,1,,,0.2648,0.0
6,2,3,2,12,3,5,0,,,0.7482,0.0
6,2,3,2,13,6,6,1,,,1.0143,0.0
6,2,3,2,14,2,5,0,,,1.3233,0.0
6,2,3,2,15,3,6,0,,,0.0466,0.0
6,2,3,2,16,5,6,0,5,1,0.7909,0.3933
6,2,3,2,17,3,6,0,,,0.1838,0.0
6,2,3,2,18,5,5,1,,,0.3135,0.0
6,2,3,2,19,3,6,0,,,0.2351,0.0
6,2,3,2,20,2,2,1,,,0.8433,0.0
6,2,3,2,21,5,3,0,,,0.5672,0.0
6,2,3,2,22,4,5,0,,,0.4901,0.0
6,2,3,2,23,1,6,0,,,0.2871,0.0
6,2,3,2,24,4,3,0,,,1.3258,0.0
6,2,3,2,25,5,5,1,,,0.3689,0.0
6,2,3,2,26,2,2,1,,,0.5278,0.0
6,2,3,2,27,6,6,1,,,0.7278,0.0
6,2,3,2,28,4,2,0,,,0.5046,0.0
6,2,3,2,29,1,2,0,,,0.4931,0.0
6,2,3,2,30,5,2,0,,,0.211,0.0
6,2,3,2,31,5,2,0,6,0,0.484,0.6265
6,2,3,2,32,1,5,0,,,0.2105,0.0
6,2,3,2,33,2,6,0,,,0.4183,0.0
6,2,3,2,34,1,6,0,,,0.667,0.0
6,2,3,2,35,6,6,1,,,0.8101,0.0
6,2,3,2,36,6,2,0,,,0.9662,0.0
6,2,3,2,37,3,3,1,,,0.3758,0.0
6,2,3,2,38,3,3,1,,,0.2475,0.0
6,2,3,2,39,3,6,0,,,0.1557,0.0
6,2,3,2,40,1,2,0,3,0,2.0474,0.3659
6,2,3,2,41,5,4,0,,,1.2087,0.0
6,2,3,2,42,4,1,0,,,1.8256,0.0
6,2,3,2,43,2,6,0,,,0.6243,0.0
6,2,3,2,44,6,5,0,6,1,0.6567,0.1695
6,2,3,2,45,4,2,0,,,0.7847,0.0
6,2,3,2,46,4,1,0,,,1.0657,0.0
6,2,3,2,47,2,5,0,6,0,0.6483,0.6568
6,2,3,2,48,3,6,0,5,0,0.6079,0.458
6,2,3,2,49,4,4,1,,,1.0098,0.0
6,2,3,2,50,1,3,0,,,1.9259,0.0
6,2,3,3,1,6,2,0,,,0.9744,0.0
6,2,3,3,2,3,2,0,,,0.0956,0.0
6,2,3,3,3,6,3,0,,,0.3409,0.0
6,2,3,3,4,2,5,0,,,0.3207,0.0
6,2,3,3,5,1,5,0,,,0.2047,0.0
6,2,3,3,6,6,6,1,,,0.158,0.0
6,2,3,3,7,1,2,0,,,0.1988,0.0
6,2,3,3,8,5,2,0,,,0.0713,0.0
6,2,3,3,9,4,5,0,,,1.0395,0.0
6,2,3,3,10,6,2,0,4,0,0.1106,2.2531
6,2,3,3,11,4,4,1,,,0.2182,0.0
6,2,3,3,12,3,3,1,,,0.5273,0.0
6,2,3,3,13,4,6,0,,,0.2477,0.0
6,2,3,3,14,1,2,0,1,1,0.3593,0.1878
6,2,3,3,15,2,2,1,,,0.3071,0.0
6,2,3,3,16,4,4,1,,,0.3559,0.0
6,2,3,3,17,4,2,0,,,0.5961,0.0
6,2,3,3,18,4,1,0,6,0,1.4131,0.943
6,2,3,3,19,3,2,0,5,0,0.5295,0.7512
6,2,3,3,20,1,5,0,,,1.1138,0.0
6,2,3,3,21,5,2,0,4,0,0.3576,0.4266
6,2,3,3,22,3,4,0,,,0.7228,0.0
6,2,3,3,23,6,6,1,,,0.206,0.0
6,2,3,3,24,3,2,0,,,1.0929,0.0
6,2,3,3,25,1,2,0,,,0.5445,0.0
6,2,3,3,26,2,2,1,,,0.4837,0.0
6,2,3,3,27,2,2,1,,,0.2223,0.0
6,2,3,3,28,3,3,1,,,1.2041,0.0
6,2,3,3,29,1,2,0,1,1,0.1926,0.1875
6,2,3,3,30,3,3,1,,,0.8826,0.0
6,2,3,3,31,2,4,0,6,0,0.3327,0.3229
6,2,3,3,32,6,6,1,,,0.3668,0.0
6,2,3,3,33,1,6,0,,,0.0947,0.0
6,2,3,3,34,5,5,1,,,1.0755,0.0
6,2,3,3,35,5,6,0,,,0.1661,0.0
6,2,3,3,36,6,5,0,,,0.4726,0.0
6,2,3,3,37,5,5,1,,,0.1912,0.0
6,2,3,3,38,6,1,0,3,0,0.5341,0.4195
6,2,3,3,39,4,6,0,5,0,0.2674,0.1326
6,2,3,3,40,5,5,1,,,0.5677,0.0
6,2,3,3,41,3,3,1,,,2.5112,0.0
6,2,3,3,42,6,6,1,,,0.5496,0.0
6,2,3,3,43,2,2,1,,,0.2062,0.0
6,2,3,3,44,5,6,0,4,0,0.164,0.3366
6,2,3,3,45,4,4,1,,,0.6687,0.0
6,2,3,3,46,6,6,1,,,0.287,0.0
6,2,3,3,47,5,5,1,,,0.1777,0.0
6,2,3,3,48,2,5,0,,,0.2159,0.0
6,2,3,3,49,2,6,0,,,0.9374,0.0
6,2,3,3,50,1,2,0,,,1.0368,0.0
6,2,3,4,1,3,5,0,,,0.6168,0.0
6,2,3,4,2,5,6,0,,,0.8262,0.0
6,2,3,4,3,2,2,1,,,0.2887,0.0
6,2,3,4,4,6,2,0,3,0,0.2441,0.157
6,2,3,4,5,6,6,1,,,0.2725,0.0
6,2,3,4,6,4,4,1,,,0.6438,0.0
6,2,3,4,7,2,2,1,,,0.2001,0.0
6,2,3,4,8,3,4,0,5,0,0.6533,0.5971
6,2,3,4,9,3,2,0,,,0.5988,0.0
6,2,3,4,10,1,4,0,5,0,0.4396,0.3452
6,2,3,4,11,2,2,1,,,0.3081,0.0
6,2,3,4,12,1,4,0,,,0.5983,0.0
6,2,3,4,13,2,5,0,6,0,0.2153,0.1616
6,2,3,4,14,5,4,0,,,0.0209,0.0
6,2,3,4,15,6,5,0,4,0,0.3018,0.1806
6,2,3,4,16,2,6,0,,,0.3581,0.0
6,2,3,4,17,5,5,1,,,0.2088,0.0
6,2,3,4,18,4,4,1,,,0.4554,0.0
6,2,3,4,19,1,2,0,,,0.7872,0.0
6,2,3,4,20,4,4,1,,,0.1239,0.0
6,2,3,4,21,3,2,0,,,0.4543,0.0
6,2,3,4,22,2,5,0,,,0.1413,0.0
6,2,3,4,23,6,4,0,,,0.4165,0.0
6,2,3,4,24,6,5,0,,,0.0009,0.0
6,2,3,4,25,4,6,0,4,1,0.0009,1.2222
6,2,3,4,26,5,6,0,5,1,0.5459,0.7185
6,2,3,4,27,4,1,0,,,0.0009,0.0
6,2,3,4,28,6,1,0,6,1,1.0338,0.3705
6,2,3,4,29,6,1,0,,,0.0009,0.0
6,2,3,4,30,3,6,0,5,0,0.1719,3.2241
6,2,3,4,31,4,1,0,,,0.0453,0.0
6,2,3,4,32,6,2,0,,,0.1804,0.0
6,2,3,4,33,3,2,0,,,0.5187,0.0
6,2,3,4,34,1,3,0,,,2.2514,0.0
6,2,3,4,35,4,4,1,,,1.4322,0.0
6,2,3,4,36,1,2,0,4,0,1.1634,3.8076
6,2,3,4,37,1,5,0,,,0.0774,0.0
6,2,3,4,38,3,5,0,,,0.1315,0.0
6,2,3,4,39,5,6,0,,,0.5511,0.0
6,2,3,4,40,1,4,0,,,0.2982,0.0
6,2,3,4,41,4,2,0,3,0,0.8886,0.823
6,2,3,4,42,2,1,0,,,0.4952,0.0
6,2,3,4,43,1,5,0,,,0.4038,0.0
6,2,3,4,44,6,6,1,,,0.3172,0.0
6,2,3,4,45,2,2,1,,,0.3339,0.0
6,2,3,4,46,5,6,0,,,0.2863,0.0
6,2,3,4,47,6,2,0,,,0.0009,0.0
6,2,3,4,48,5,4,0,5,1,0.3104,0.5889
6,2,3,4,49,3,2,0,1,0,3.9397,0.2922
6,2,3,4,50,5,4,0,5,1,0.562,0.2229
6,2,4,1,1,3,6,0,,,0.3976,0.0
6,2,4,1,2,6,6,1,,,0.6949,0.0
6,2,4,1,3,2,5,0,6,0,0.0085,0.3311
6,2,4,1,4,3,4,0,,,0.3755,0.0
6,2,4,1,5,5,6,0,5,1,0.001,0.6283
6,2,4,1,6,3,4,0,,,0.2639,0.0
6,2,4,1,7,6,6,1,,,0.2466,0.0
6,2,4,1,8,1,3,0,,,0.875,0.0
6,2,4,1,9,4,6,0,5,0,0.1928,0.3805
6,2,4,1,10,2,1,0,3,0,0.2306,0.6731
6,2,4,1,11,1,5,0,,,2.6387,0.0
6,2,4,1,12,5,6,0,,,0.3164,0.0
6,2,4,1,13,6,6,1,,,0.0566,0.0
6,2,4,1,14,3,5,0,,,0.3399,0.0
6,2,4,1,15,2,6,0,2,1,0.0009,0.7865
6,2,4,1,16,6,5,0,6,1,0.1768,0.3496
6,2,4,1,17,1,6,0,,,0.333,0.0
6,2,4,1,18,3,5,0,,,0.0009,0.0
6,2,4,1,19,5,2,0,3,0,0.0981,0.5946
6,2,4,1,20,1,1,1,,,0.7705,0.0
6,2,4,1,21,4,4,1,,,0.6422,0.0
6,2,4,1,22,5,4,0,,,0.1814,0.0
6,2,4,1,23,4,2,0,3,0,0.0404,0.4419
6,2,4,1,24,3,6,0,,,1.2815,0.0
6,2,4,1,25,1,1,1,,,0.1657,0.0
6,2,4,1,26,3,5,0,6,0,1.9815,4.1907
6,2,4,1,27,6,5,0,,,0.1731,0.0
6,2,4,1,28,6,6,1,,,0.048,0.0
6,2,4,1,29,6,6,1,,,0.059,0.0
6,2,4,1,30,6,6,1,,,0.0392,0.0
6,2,4,1,31,5,4,0,,,0.1328,0.0
6,2,4,1,32,6,1,0,,,0.0009,0.0
6,2,4,1,33,5,3,0,,,0.9303,0.0
6,2,4,1,34,1,6,0,5,0,0.0538,1.4945
6,2,4,1,35,2,5,0,,,1.2351,0.0
6,2,4,1,36,2,6,0,,,0.1531,0.0
6,2,4,1,37,4,5,0,,,6.2853,0.0
6,2,4,1,38,4,5,0,,,0.0688,0.0
6,2,4,1,39,1,5,0,,,0.124,0.0
6,2,4,1,40,4,4,1,,,0.0009,0.0
6,2,4,1,41,3,6,0,5,0,0.7986,0.5128
6,2,4,1,42,2,5,0,,,0.342,0.0
6,2,4,1,43,6,6,1,,,1.233,0.0
6,2,4,1,44,4,4,1,,,0.7807,0.0
6,2,4,1,45,1,5,0,,,0.395,0.0
6,2,4,1,46,2,4,0,,,2.1796,0.0
6,2,4,1,47,5,3,0,,,2.8683,0.0
6,2,4,1,48,4,4,1,,,0.424,0.0
6,2,4,1,49,5,5,1,,,0.276,0.0
6,2,4,1,50,2,2,1,,,0.4226,0.0
6,2,4,2,1,4,2,0,,,0.7534,0.0
6,2,4,2,2,5,6,0,,,0.0919,0.0
6,2,4,2,3,4,2,0,,,0.4013,0.0
6,2,4,2,4,5,6,0,,,0.0578,0.0
6,2,4,2,5,2,6,0,5,0,0.5777,0.7652
6,2,4,2,6,1,1,1,,,1.2549,0.0
6,2,4,2,7,6,6,1,,,0.6584,0.0
6,2,4,2,8,3,2,0,,,0.3892,0.0
6,2,4,2,9,2,2,1,,,1.2,0.0
6,2,4,2,10,1,1,1,,,0.5566,0.0
6,2,4,2,11,1,6,0,,,0.0196,0.0
6,2,4,2,12,6,6,1,,,0.0294,0.0
6,2,4,2,13,3,1,0,,,0.8583,0.0
6,2,4,2,14,3,4,0,,,0.0801,0.0
6,2,4,2,15,4,3,0,,,0.0009,0.0
6,2,4,2,16,2,1,0,,,0.0009,0.0
6,2,4,2,17,3,5,0,6,0,0.6658,0.1462
6,2,4,2,18,6,2,0,,,0.5505,0.0
6,2,4,2,19,4,6,0,5,0,1.1766,0.5076
6,2,4,2,20,2,1,0,2,1,0.2257,0.9549
6,2,4,2,21,6,5,0,6,1,1.0423,0.0111
6,2,4,2,22,6,6,1,,,0.1852,0.0
6,2,4,2,23,4,2,0,3,0,2.1268,0.6678
6,2,4,2,24,5,6,0,,,1.8972,0.0
6,2,4,2,25,6,6,1,,,0.1324,0.0
6,2,4,2,26,6,6,1,,,0.0011,0.0
6,2,4,2,27,2,2,1,,,0.3959,0.0
6,2,4,2,28,5,5,1,,,0.3784,0.0
6,2,4,2,29,2,5,0,,,1.9121,0.0
6,2,4,2,30,3,6,0,,,5.7155,0.0
6,2,4,2,31,2,2,1,,,0.0011,0.0
6,2,4,2,32,4,1,0,,,0.6402,0.0
6,2,4,2,33,3,2,0,6,0,0.575,6.6186
6,2,4,2,34,6,5,0,2,0,0.0009,1.9922
6,2,4,2,35,6,4,0,5,0,0.3517,0.5327
6,2,4,2,36,1,1,1,,,0.5842,0.0
6,2,4,2,37,1,6,0,,,0.3508,0.0
6,2,4,2,38,1,2,0,,,0.7614,0.0
6,2,4,2,39,5,5,1,,,0.2758,0.0
6,2,4,2,40,1,1,1,,,1.062,0.0
6,2,4,2,41,3,2,0,3,1,0.5523,0.2929
6,2,4,2,42,5,4,0,5,1,0.6789,0.3979
6,2,4,2,43,2,2,1,,,0.7165,0.0
6,2,4,2,44,1,6,0,,,0.173,0.0
6,2,4,2,45,5,2,0,5,1,0.496,0.3822
6,2,4,2,46,6,6,1,,,0.2527,0.0
6,2,4,2,47,4,4,1,,,0.8174,0.0
6,2,4,2,48,4,6,0,5,0,0.6538,0.4538
6,2,4,2,49,3,6,0,,,0.4612,0.0
6,2,4,2,50,5,2,0,3,0,0.3071,0.6336
6,2,4,3,1,3,1,0,,,0.5671,0.0
6,2,4,3,2,1,5,0,,,0.2664,0.0
6,2,4,3,3,1,2,0,5,0,0.2328,0.5626
6,2,4,3,4,2,1,0,2,1,0.3893,0.0247
6,2,4,3,5,4,6,0,,,0.2456,0.0
6,2,4,3,6,6,6,1,,,0.0048,0.0
6,2,4,3,7,6,6,1,,,0.2429,0.0
6,2,4,3,8,2,6,0,5,0,0.0009,1.0504
6,2,4,3,9,6,6,1,,,0.0011,0.0
6,2,4,3,10,5,5,1,,,0.1351,0.0
6,2,4,3,11,4,3,0,,,0.2077,0.0
6,2,4,3,12,6,6,1,,,0.0009,0.0
6,2,4,3,13,2,3,0,,,0.8465,0.0
6,2,4,3,14,6,5,0,,,0.2461,0.0
6,2,4,3,15,1,6,0,,,0.1486,0.0
6,2,4,3,16,5,5,1,,,0.441,0.0
6,2,4,3,17,3,3,1,,,0.421,0.0
6,2,4,3,18,1,1,1,,,0.5621,0.0
6,2,4,3,19,1,1,1,,,0.3605,0.0
6,2,4,3,20,6,6,1,,,0.1361,0.0
6,2,4,3,21,3,2,0,,,0.3531,0.0
6,2,4,3,22,6,6,1,,,0.0441,0.0
6,2,4,3,23,3,6,0,,,0.296,0.0
6,2,4,3,24,2,2,1,,,0.5979,0.0
6,2,4,3,25,1,6,0,,,0.1226,0.0
6,2,4,3,26,4,6,0,5,0,0.0478,0.4167
6,2,4,3,27,3,6,0,,,0.0896,0.0
6,2,4,3,28,3,3,1,,,0.5758,0.0
6,2,4,3,29,4,2,0,3,0,1.6866,0.7085
6,2,4,3,30,2,2,1,,,0.7679,0.0
6,2,4,3,31,1,1,1,,,0.4154,0.0
6,2,4,3,32,4,2,0,,,0.1403,0.0
6,2,4,3,33,2,6,0,,,0.2873,0.0
6,2,4,3,34,5,5,1,,,1.1498,0.0
6,2,4,3,35,5,5,1,,,0.4122,0.0
6,2,4,3,36,1,3,0,,,1.3702,0.0
6,2,4,3,37,3,4,0,5,0,0.6666,0.5798
6,2,4,3,38,3,3,1,,,1.877,0.0
6,2,4,3,39,6,3,0,5,0,3.2378,0.4681
6,2,4,3,40,4,4,1,,,0.7308,0.0
6,2,4,3,41,5,5,1,,,0.363,0.0
6,2,4,3,42,2,2,1,,,0.3938,0.0
6,2,4,3,43,6,6,1,,,0.1511,0.0
6,2,4,3,44,5,1,0,,,0.5436,0.0
6,2,4,3,45,4,5,0,,,1.4905,0.0
6,2,4,3,46,5,5,1,,,0.2236,0.0
6,2,4,3,47,5,5,1,,,0.1014,0.0
6,2,4,3,48,2,2,1,,,0.3829,0.0
6,2,4,3,49,6,6,1,,,0.3174,0.0
6,2,4,3,50,4,2,0,,,1.1983,0.0
6,2,4,4,1,6,6,1,,,0.0684,0.0
6,2,4,4,2,2,2,1,,,0.2079,0.0
6,2,4,4,3,1,1,1,,,0.3257,0.0
6,2,4,4,4,4,5,0,4,1,0.0009,0.3941
6,2,4,4,5,3,6,0,,,0.0085,0.0
6,2,4,4,6,3,2,0,,,0.1452,0.0
6,2,4,4,7,6,6,1,,,0.0209,0.0
6,2,4,4,8,6,6,1,,,0.6895,0.0
6,2,4,4,9,6,6,1,,,0.0197,0.0
6,2,4,4,10,6,6,1,,,0.0009,0.0
6,2,4,4,11,6,1,0,,,0.8638,0.0
6,2,4,4,12,2,6,0,,,0.0688,0.0
6,2,4,4,13,3,6,0,,,0.0009,0.0
6,2,4,4,14,4,4,1,,,0.4367,0.0
6,2,4,4,15,3,3,1,,,0.8014,0.0
6,2,4,4,16,3,3,1,,,0.3028,0.0
6,2,4,4,17,5,2,0,,,0.9929,0.0
6,2,4,4,18,1,3,0,4,0,0.3539,0.6936
6,2,4,4,19,4,4,1,,,0.7708,0.0
6,2,4,4,20,5,2,0,5,1,0.8177,1.011
6,2,4,4,21,1,2,0,5,0,0.7769,0.1238
6,2,4,4,22,3,2,0,3,1,0.9448,0.0453
6,2,4,4,23,5,2,0,,,0.8731,0.0
6,2,4,4,24,2,2,1,,,0.3201,0.0
6,2,4,4,25,5,6,0,,,0.3529,0.0
6,2,4,4,26,5,2,0,4,0,0.8925,0.3149
6,2,4,4,27,1,2,0,,,0.6311,0.0
6,2,4,4,28,6,6,1,,,0.5513,0.0
6,2,4,4,29,4,2,0,,,0.0009,0.0
6,2,4,4,30,2,4,0,5,0,0.8081,0.4589
6,2,4,4,31,1,6,0,,,0.2405,0.0
6,2,4,4,32,3,2,0,,,0.56,0.0
6,2,4,4,33,2,5,0,,,0.227,0.0
6,2,4,4,34,1,6,0,5,0,0.4195,0.3572
6,2,4,4,35,5,4,0,,,0.5436,0.0
6,2,4,4,36,4,1,0,2,0,0.6268,0.0442
6,2,4,4,37,2,2,1,,,0.0514,0.0
6,2,4,4,38,4,2,0,,,0.1598,0.0
6,2,4,4,39,4,4,1,,,0.3224,0.0
6,2,4,4,40,1,1,1,,,0.6602,0.0
6,2,4,4,41,2,2,1,,,0.3904,0.0
6,2,4,4,42,6,6,1,,,0.3568,0.0
6,2,4,4,43,6,5,0,4,0,0.2601,0.7489
6,2,4,4,44,6,6,1,,,0.1833,0.0
6,2,4,4,45,2,4,0,2,1,0.398,0.1769
6,2,4,4,46,5,5,1,,,0.2315,0.0
6,2,4,4,47,4,6,0,,,0.2689,0.0
6,2,4,4,48,1,4,0,,,0.2511,0.0
6,2,4,4,49,5,5,1,,,0.1385,0.0
6,2,4,4,50,3,6,0,,,0.3238,0.0
6,2,5,1,1,4,4,1,,,0.5716,0.0
6,2,5,1,2,6,6,1,,,0.1462,0.0
6,2,5,1,3,2,5,0,4,0,0.602,0.1965
6,2,5,1,4,3,6,0,4,0,0.001,0.9528
6,2,5,1,5,6,1,0,,,0.6835,0.0
6,2,5,1,6,5,3,0,4,0,0.0897,0.3289
6,2,5,1,7,5,2,0,,,0.3732,0.0
6,2,5,1,8,1,6,0,,,0.511,0.0
6,2,5,1,9,2,2,1,,,0.6266,0.0
6,2,5,1,10,5,6,0,,,1.0792,0.0
6,2,5,1,11,5,1,0,,,0.5485,0.0
6,2,5,1,12,4,3,0,,,0.7432,0.0
6,2,5,1,13,4,3,0,,,0.3227,0.0
6,2,5,1,14,5,5,1,,,0.2382,0.0
6,2,5,1,15,3,3,1,,,0.5786,0.0
6,2,5,1,16,6,6,1,,,0.4245,0.0
6,2,5,1,17,6,5,0,,,0.5329,0.0
6,2,5,1,18,4,4,1,,,0.5211,0.0
6,2,5,1,19,1,6,0,,,0.0822,0.0
6,2,5,1,20,3,5,0,,,0.0725,0.0
6,2,5,1,21,6,6,1,,,0.3033,0.0
6,2,5,1,22,2,2,1,,,0.3524,0.0
6,2,5,1,23,6,6,1,,,0.1753,0.0
6,2,5,1,24,2,2,1,,,0.3106,0.0
6,2,5,1,25,1,2,0,,,0.5844,0.0
6,2,5,1,26,2,2,1,,,0.1377,0.0
6,2,5,1,27,2,6,0,,,0.2261,0.0
6,2,5,1,28,1,2,0,,,0.0822,0.0
6,2,5,1,29,3,3,1,,,1.3206,0.0
6,2,5,1,30,5,2,0,,,0.1446,0.0
6,2,5,1,31,4,6,0,,,0.276,0.0
6,2,5,1,32,6,1,0,2,0,0.2902,0.2979
6,2,5,1,33,1,1,1,,,0.1667,0.0
6,2,5,1,34,4,1,0,,,0.001,0.0
6,2,5,1,35,1,4,0,,,0.0009,0.0
6,2,5,1,36,3,5,0,,,0.3696,0.0
6,2,5,1,37,1,6,0,,,0.0122,0.0
6,2,5,1,38,4,4,1,,,0.7898,0.0
6,2,5,1,39,2,5,0,,,0.3067,0.0
6,2,5,1,40,3,3,1,,,0.1435,0.0
6,2,5,1,41,3,3,1,,,0.1203,0.0
6,2,5,1,42,2,3,0,,,0.4014,0.0
6,2,5,1,43,6,6,1,,,0.3303,0.0
6,2,5,1,44,5,2,0,,,0.2979,0.0
6,2,5,1,45,3,4,0,,,0.1201,0.0
6,2,5,1,46,6,5,0,6,1,0.7645,1.3446
6,2,5,1,47,6,6,1,,,0.8079,0.0
6,2,5,1,48,4,3,0,,,0.9965,0.0
6,2,5,1,49,5,4,0,5,1,0.2293,0.4632
6,2,5,1,50,1,6,0,,,0.1876,0.0
6,2,5,2,1,3,6,0,,,0.0012,0.0
6,2,5,2,2,5,5,1,,,0.0367,0.0
6,2,5,2,3,6,6,1,,,0.1936,0.0
6,2,5,2,4,4,2,0,,,0.0883,0.0
6,2,5,2,5,5,1,0,3,0,0.0009,0.4641
6,2,5,2,6,5,2,0,,,0.001,0.0
6,2,5,2,7,6,4,0,6,1,0.0009,0.001
6,2,5,2,8,6,4,0,,,0.0009,0.0
6,2,5,2,9,6,2,0,,,0.2036,0.0
6,2,5,2,10,6,5,0,,,0.2207,0.0
6,2,5,2,11,1,1,1,,,0.4461,0.0
6,2,5,2,12,6,5,0,,,0.281,0.0
6,2,5,2,13,3,3,1,,,1.5428,0.0
6,2,5,2,14,2,2,1,,,0.5814,0.0
6,2,5,2,15,3,3,1,,,0.8761,0.0
6,2,5,2,16,3,6,0,,,0.5821,0.0
6,2,5,2,17,5,5,1,,,0.3923,0.0
6,2,5,2,18,2,6,0,4,0,0.0061,0.6163
6,2,5,2,19,2,2,1,,,0.2646,0.0
6,2,5,2,20,4,3,0,4,1,0.8437,0.3003
6,2,5,2,21,6,6,1,,,0.1595,0.0
6,2,5,2,22,3,6,0,5,0,0.2941,0.7337
6,2,5,2,23,3,3,1,,,0.0565,0.0
6,2,5,2,24,5,2,0,,,0.6775,0.0
6,2,5,2,25,3,4,0,,,0.1474,0.0
6,2,5,2,26,2,1,0,,,0.2458,0.0
6,2,5,2,27,2,6,0,,,0.0699,0.0
6,2,5,2,28,6,6,1,,,1.1807,0.0
6,2,5,2,29,3,3,1,,,1.0189,0.0
6,2,5,2,30,4,2,0,,,0.4141,0.0
6,2,5,2,31,5,6,0,,,0.2477,0.0
6,2,5,2,32,1,2,0,,,0.2631,0.0
6,2,5,2,33,6,5,0,4,0,1.6207,2.0061
6,2,5,2,34,6,6,1,,,0.333,0.0
6,2,5,2,35,2,1,0,,,1.1658,0.0
6,2,5,2,36,4,3,0,,,0.8556,0.0
6,2,5,2,37,4,6,0,,,0.239,0.0
6,2,5,2,38,1,1,1,,,0.6385,0.0
6,2,5,2,39,2,2,1,,,0.3375,0.0
6,2,5,2,40,1,6,0,,,0.7231,0.0
6,2,5,2,41,4,6,0,,,0.0009,0.0
6,2,5,2,42,4,2,0,,,0.3435,0.0
6,2,5,2,43,5,6,0,,,0.0009,0.0
6,2,5,2,44,1,1,1,,,0.0009,0.0
6,2,5,2,45,2,1,0,,,0.011,0.0
6,2,5,2,46,1,5,0,6,0,0.1644,0.3522
6,2,5,2,47,1,6,0,,,0.0758,0.0
6,2,5,2,48,1,1,1,,,0.0009,0.0
6,2,5,2,49,5,5,1,,,0.417,0.0
6,2,5,2,50,4,3,0,,,0.6694,0.0
6,2,5,3,1,5,5,1,,,0.362,0.0
6,2,5,3,2,2,6,0,,,0.0009,0.0
6,2,5,3,3,5,6,0,1,0,0.0009,0.2609
6,2,5,3,4,3,6,0,,,0.001,0.0
6,2,5,3,5,5,2,0,,,0.4295,0.0
6,2,5,3,6,4,3,0,,,0.5023,0.0
6,2,5,3,7,3,2,0,,,0.395,0.0
6,2,5,3,8,2,2,1,,,0.1482,0.0
6,2,5,3,9,6,6,1,,,0.0009,0.0
6,2,5,3,10,3,5,0,,,0.2987,0.0
6,2,5,3,11,4,3,0,4,1,0.7754,0.1556
6,2,5,3,12,6,6,1,,,0.0196,0.0
6,2,5,3,13,2,6,0,,,0.049,0.0
6,2,5,3,14,2,6,0,,,0.3923,0.0
6,2,5,3,15,2,6,0,5,0,0.0331,0.7393
6,2,5,3,16,3,4,0,2,0,0.5743,0.6175
6,2,5,3,17,4,2,0,,,0.33,0.0
6,2,5,3,18,6,6,1,,,0.6458,0.0
6,2,5,3,19,6,6,1,,,0.0576,0.0
6,2,5,3,20,4,6,0,,,0.0009,0.0
6,2,5,3,21,2,6,0,5,0,0.0009,0.3218
6,2,5,3,22,5,5,1,,,0.0134,0.0
6,2,5,3,23,6,6,1,,,0.2518,0.0
6,2,5,3,24,6,2,0,,,0.4154,0.0
6,2,5,3,25,5,5,1,,,0.2001,0.0
6,2,5,3,26,1,1,1,,,0.7333,0.0
6,2,5,3,27,3,3,1,,,0.9096,0.0
6,2,5,3,28,5,6,0,5,1,0.151,0.1793
6,2,5,3,29,1,5,0,6,0,0.4259,0.0009
6,2,5,3,30,1,5,0,6,0,0.1019,0.1325
6,2,5,3,31,1,1,1,,,0.8253,0.0
6,2,5,3,32,3,6,0,,,0.0368,0.0
6,2,5,3,33,3,5,0,,,0.2529,0.0
6,2,5,3,34,5,6,0,,,0.0907,0.0
6,2,5,3,35,1,3,0,,,0.5127,0.0
6,2,5,3,36,2,2,1,,,0.8535,0.0
6,2,5,3,37,2,6,0,,,0.4485,0.0
6,2,5,3,38,4,2,0,,,0.4384,0.0
6,2,5,3,39,6,6,1,,,0.4304,0.0
6,2,5,3,40,6,6,1,,,0.2355,0.0
6,2,5,3,41,4,4,1,,,0.7996,0.0
6,2,5,3,42,1,6,0,,,0.0933,0.0
6,2,5,3,43,4,2,0,3,0,0.4982,0.5456
6,2,5,3,44,4,2,0,,,0.4853,0.0
6,2,5,3,45,6,6,1,,,0.0009,0.0
6,2,5,3,46,3,3,1,,,0.584,0.0
6,2,5,3,47,1,2,0,,,0.83,0.0
6,2,5,3,48,1,6,0,,,0.054,0.0
6,2,5,3,49,5,2,0,,,0.9246,0.0
6,2,5,3,50,6,6,1,,,0.7204,0.0
6,2,5,4,1,2,6,0,,,0.0148,0.0
6,2,5,4,2,1,4,0,,,0.4721,0.0
6,2,5,4,3,5,6,0,,,0.125,0.0
6,2,5,4,4,5,5,1,,,0.6258,0.0
6,2,5,4,5,6,6,1,,,0.6935,0.0
6,2,5,4,6,4,4,1,,,0.6791,0.0
6,2,5,4,7,6,6,1,,,0.0257,0.0
6,2,5,4,8,5,5,1,,,0.2138,0.0
6,2,5,4,9,4,4,1,,,0.763,0.0
6,2,5,4,10,1,5,0,,,0.2817,0.0
6,2,5,4,11,2,1,0,2,1,0.6807,0.3673
6,2,5,4,12,3,3,1,,,0.6396,0.0
6,2,5,4,13,3,4,0,,,0.3869,0.0
6,2,5,4,14,2,2,1,,,0.5249,0.0
6,2,5,4,15,1,5,0,,,0.7575,0.0
6,2,5,4,16,4,6,0,,,0.2231,0.0
6,2,5,4,17,3,5,0,4,0,0.0637,0.752
6,2,5,4,18,5,5,1,,,0.2195,0.0
6,2,5,4,19,6,2,0,,,0.9446,0.0
6,2,5,4,20,3,4,0,,,0.3719,0.0
6,2,5,4,21,4,4,1,,,0.8456,0.0
6,2,5,4,22,1,1,1,,,1.3207,0.0
6,2,5,4,23,4,4,1,,,0.3049,0.0
6,2,5,4,24,6,5,0,6,1,0.2268,0.3968
6,2,5,4,25,6,2,0,1,0,0.5065,0.0008
6,2,5,4,26,3,6,0,,,0.0011,0.0
6,2,5,4,27,5,2,0,,,0.3799,0.0
6,2,5,4,28,4,6,0,5,0,0.39,0.5535
6,2,5,4,29,6,6,1,,,0.0921,0.0
6,2,5,4,30,1,2,0,,,0.3899,0.0
6,2,5,4,31,1,4,0,3,0,0.3669,0.4027
6,2,5,4,32,2,2,1,,,0.3165,0.0
6,2,5,4,33,4,4,1,,,0.9094,0.0
6,2,5,4,34,2,5,0,6,0,0.1335,0.339
6,2,5,4,35,2,1,0,,,0.3026,0.0
6,2,5,4,36,6,6,1,,,0.0599,0.0
6,2,5,4,37,6,6,1,,,0.0883,0.0
6,2,5,4,38,1,5,0,2,0,0.2588,0.5073
6,2,5,4,39,3,3,1,,,0.7993,0.0
6,2,5,4,40,3,6,0,5,0,0.2047,0.135
6,2,5,4,41,2,6,0,,,0.7793,0.0
6,2,5,4,42,4,4,1,,,0.9323,0.0
6,2,5,4,43,5,5,1,,,0.1252,0.0
6,2,5,4,44,5,6,0,,,0.07,0.0
6,2,5,4,45,6,6,1,,,0.0122,0.0
6,2,5,4,46,5,2,0,,,0.4411,0.0
6,2,5,4,47,3,4,0,3,1,0.5129,0.4628
6,2,5,4,48,1,5,0,,,0.1384,0.0
6,2,5,4,49,6,6,1,,,0.0009,0.0
6,2,5,4,50,2,2,1,,,0.5084,0.0
6,3,1,1,1,5,2,0,,,0.5775,0.0
6,3,1,1,2,2,6,0,,,0.0505,0.0
6,3,1,1,3,6,1,0,,,0.6025,0.0
6,3,1,1,4,1,3,0,,,0.7321,0.0
6,3,1,1,5,6,6,1,,,0.1518,0.0
6,3,1,1,6,6,6,1,,,0.3036,0.0
6,3,1,1,7,6,6,1,,,0.0009,0.0
6,3,1,1,8,2,2,1,,,0.2721,0.0
6,3,1,1,9,1,5,0,,,0.2269,0.0
6,3,1,1,10,3,6,0,,,0.2754,0.0
6,3,1,1,11,2,2,1,,,0.1297,0.0
6,3,1,1,12,4,6,0,5,0,0.2993,0.3546
6,3,1,1,13,3,2,0,,,0.7659,0.0
6,3,1,1,14,3,6,0,,,0.1354,0.0
6,3,1,1,15,6,5,0,4,0,0.412,0.543
6,3,1,1,16,5,1,0,3,0,0.5143,0.4006
6,3,1,1,17,2,2,1,,,0.4899,0.0
6,3,1,1,18,1,1,1,,,0.5323,0.0
6,3,1,1,19,5,1,0,,,0.2045,0.0
6,3,1,1,20,4,3,0,4,1,0.8783,0.5098
6,3,1,1,21,1,6,0,1,1,0.2474,0.625
6,3,1,1,22,5,6,0,,,0.5334,0.0
6,3,1,1,23,4,3,0,,,1.1138,0.0
6,3,1,1,24,6,6,1,,,0.1329,0.0
6,3,1,1,25,4,4,1,,,0.4772,0.0
6,3,1,1,26,1,3,0,,,0.6965,0.0
6,3,1,1,27,6,6,1,,,0.0011,0.0
6,3,1,1,28,5,5,1,,,0.5004,0.0
6,3,1,1,29,5,2,0,,,0.3493,0.0
6,3,1,1,30,3,2,0,,,1.0165,0.0
6,3,1,1,31,1,1,1,,,0.5521,0.0
6,3,1,1,32,4,4,1,,,0.4642,0.0
6,3,1,1,33,6,6,1,,,0.347,0.0
6,3,1,1,34,3,2,0,6,0,0.5712,0.4388
6,3,1,1,35,5,2,0,,,0.4474,0.0
6,3,1,1,36,4,4,1,,,0.2623,0.0
6,3,1,1,37,3,2,0,5,0,0.7139,0.3521
6,3,1,1,38,4,4,1,,,0.4113,0.0
6,3,1,1,39,6,6,1,,,0.2804,0.0
6,3,1,1,40,1,4,0,6,0,0.3316,0.4335
6,3,1,1,41,2,4,0,5,0,0.0886,0.0566
6,3,1,1,42,2,1,0,2,1,0.384,0.0011
6,3,1,1,43,4,1,0,,,0.6579,0.0
6,3,1,1,44,6,6,1,,,0.0652,0.0
6,3,1,1,45,5,2,0,,,0.3004,0.0
6,3,1,1,46,1,6,0,5,0,0.0901,0.3936
6,3,1,1,47,3,4,0,,,0.563,0.0
6,3,1,1,48,2,2,1,,,0.2451,0.0
6,3,1,1,49,2,6,0,,,0.2178,0.0
6,3,1,1,50,3,4,0,,,0.4432,0.0
6,3,1,2,1,1,4,0,,,0.3358,0.0
6,3,1,2,2,6,5,0,,,0.4441,0.0
6,3,1,2,3,1,1,1,,,0.2118,0.0
6,3,1,2,4,3,3,1,,,0.5539,0.0
6,3,1,2,5,2,2,1,,,0.1611,0.0
6,3,1,2,6,3,1,0,,,0.4414,0.0
6,3,1,2,7,4,4,1,,,0.529,0.0
6,3,1,2,8,6,6,1,,,0.2176,0.0
6,3,1,2,9,1,1,1,,,0.7668,0.0
6,3,1,2,10,1,1,1,,,0.6703,0.0
6,3,1,2,11,5,6,0,5,1,0.3688,0.2128
6,3,1,2,12,5,6,0,,,0.234,0.0
6,3,1,2,13,4,2,0,,,0.698,0.0
6,3,1,2,14,5,2,0,,,0.0394,0.0
6,3,1,2,15,4,4,1,,,0.256,0.0
6,3,1,2,16,5,6,0,,,0.001,0.0
6,3,1,2,17,2,2,1,,,0.4126,0.0
6,3,1,2,18,4,4,1,,,0.2175,0.0
6,3,1,2,19,5,4,0,,,0.4792,0.0
6,3,1,2,20,1,5,0,,,0.2931,0.0
6,3,1,2,21,6,6,1,,,0.6599,0.0
6,3,1,2,22,2,1,0,,,0.3434,0.0
6,3,1,2,23,4,4,1,,,0.3224,0.0
6,3,1,2,24,6,3,0,4,0,0.4846,0.1637
6,3,1,2,25,4,2,0,6,0,0.3093,0.3639
6,3,1,2,26,3,1,0,4,0,0.3588,0.5393
6,3,1,2,27,6,6,1,,,0.112,0.0
6,3,1,2,28,1,2,0,,,0.0098,0.0
6,3,1,2,29,3,1,0,,,0.0008,0.0
6,3,1,2,30,6,6,1,,,0.2536,0.0
6,3,1,2,31,6,2,0,,,0.2893,0.0
6,3,1,2,32,2,3,0,4,0,0.1265,0.5419
6,3,1,2,33,6,6,1,,,0.129,0.0
6,3,1,2,34,2,2,1,,,0.3936,0.0
6,3,1,2,35,4,4,1,,,0.5367,0.0
6,3,1,2,36,1,6,0,,,0.3207,0.0
6,3,1,2,37,6,4,0,5,0,0.3971,3.2
6,3,1,2,38,5,2,0,,,0.1341,0.0
6,3,1,2,39,2,3,0,,,0.0011,0.0
6,3,1,2,40,3,2,0,,,0.2608,0.0
6,3,1,2,41,5,6,0,5,1,0.6117,0.1577
6,3,1,2,42,6,5,0,,,0.3739,0.0
6,3,1,2,43,3,5,0,,,0.2889,0.0
6,3,1,2,44,4,4,1,,,0.6075,0.0
6,3,1,2,45,5,6,0,5,1,0.6604,0.3808
6,3,1,2,46,1,2,0,,,0.5072,0.0
6,3,1,2,47,2,2,1,,,0.1599,0.0
6,3,1,2,48,3,4,0,,,0.2647,0.0
6,3,1,2,49,2,3,0,,,0.1194,0.0
6,3,1,2,50,3,5,0,,,0.3319,0.0
6,3,1,3,1,5,5,1,,,0.4538,0.0
6,3,1,3,2,5,4,0,,,0.0492,0.0
6,3,1,3,3,1,1,1,,,0.0009,0.0
6,3,1,3,4,2,2,1,,,0.0073,0.0
6,3,1,3,5,3,4,0,,,0.5017,0.0
6,3,1,3,6,3,1,0,,,0.0009,0.0
6,3,1,3,7,4,4,1,,,0.1808,0.0
6,3,1,3,8,4,4,1,,,0.3946,0.0
6,3,1,3,9,2,2,1,,,0.362,0.0
6,3,1,3,10,6,4,0,,,0.2166,0.0
6,3,1,3,11,6,4,0,,,0.0098,0.0
6,3,1,3,12,3,6,0,,,0.7709,0.0
6,3,1,3,13,5,1,0,,,0.0009,0.0
6,3,1,3,14,5,5,1,,,0.0233,0.0
6,3,1,3,15,5,6,0,,,0.0009,0.0
6,3,1,3,16,1,2,0,,,0.0009,0.0
6,3,1,3,17,4,4,1,,,3.256,0.0
6,3,1,3,18,6,2,0,,,0.3684,0.0
6,3,1,3,19,4,3,0,,,0.6192,0.0
6,3,1,3,20,1,4,0,5,0,0.2355,11.5735
6,3,1,3,21,4,6,0,,,0.0657,0.0
6,3,1,3,22,2,6,0,5,0,0.4248,0.6346
6,3,1,3,23,2,2,1,,,0.2171,0.0
6,3,1,3,24,1,1,1,,,0.526,0.0
6,3,1,3,25,6,3,0,,,0.1823,0.0
6,3,1,3,26,6,6,1,,,0.4888,0.0
6,3,1,3,27,6,2,0,5,0,0.4505,0.4839
6,3,1,3,28,3,1,0,,,0.6659,0.0
6,3,1,3,29,3,5,0,4,0,0.4394,4.0886
6,3,1,3,30,2,2,1,,,0.3785,0.0
6,3,1,3,31,2,4,0,,,0.4416,0.0
6,3,1,3,32,4,3,0,,,3.0411,0.0
6,3,1,3,33,3,3,1,,,0.2857,0.0
6,3,1,3,34,5,3,0,,,0.4643,0.0
6,3,1,3,35,4,6,0,,,0.3908,0.0
6,3,1,3,36,6,6,1,,,2.4493,0.0
6,3,1,3,37,5,6,0,,,0.2826,0.0
6,3,1,3,38,6,6,1,,,0.0085,0.0
6,3,1,3,39,6,6,1,,,0.0009,0.0
6,3,1,3,40,5,5,1,,,0.0009,0.0
6,3,1,3,41,3,4,0,,,0.0506,0.0
6,3,1,3,42,1,5,0,,,0.5863,0.0
6,3,1,3,43,1,5,0,6,0,0.0283,0.3503
6,3,1,3,44,2,4,0,,,0.2975,0.0
6,3,1,3,45,4,4,1,,,0.2471,0.0
6,3,1,3,46,6,1,0,2,0,0.3948,0.398
6,3,1,3,47,2,1,0,2,1,0.0393,1.2892
6,3,1,3,48,1,2,0,,,0.0009,0.0
6,3,1,3,49,1,3,0,,,0.2204,0.0
6,3,1,3,50,3,6,0,5,0,0.0011,0.8964
6,3,1,4,1,2,2,1,,,0.3703,0.0
6,3,1,4,2,5,3,0,1,0,0.5458,0.5265
6,3,1,4,3,4,4,1,,,5.2509,0.0
6,3,1,4,4,3,4,0,5,0,3.0171,2.929
6,3,1,4,5,1,1,1,,,0.0357,0.0
6,3,1,4,6,2,2,1,,,0.304,0.0
6,3,1,4,7,3,3,1,,,0.0009,0.0
6,3,1,4,8,6,6,1,,,0.0959,0.0
6,3,1,4,9,1,6,0,,,0.001,0.0
6,3,1,4,10,5,5,1,,,0.0009,0.0
6,3,1,4,11,2,4,0,,,8.3378,0.0
6,3,1,4,12,3,4,0,,,2.6612,0.0
6,3,1,4,13,4,2,0,3,0,0.6724,1.448
6,3,1,4,14,1,4,0,,,2.1344,0.0
6,3,1,4,15,3,1,0,2,0,1.6073,0.4239
6,3,1,4,16,5,1,0,,,0.721,0.0
6,3,1,4,17,5,4,0,,,0.4776,0.0
6,3,1,4,18,5,6,0,,,0.4346,0.0
6,3,1,4,19,6,2,0,,,0.5548,0.0
6,3,1,4,20,1,6,0,,,0.7972,0.0
6,3,1,4,21,6,5,0,4,0,9.2233,0.32
6,3,1,4,22,6,1,0,,,4.6036,0.0
6,3,1,4,23,4,3,0,,,10.2471,0.0
6,3,1,4,24,1,3,0,,,1.2914,0.0
6,3,1,4,25,3,4,0,,,0.3999,0.0
6,3,1,4,26,2,6,0,5,0,0.0891,0.6325
6,3,1,4,27,6,6,1,,,0.1037,0.0
6,3,1,4,28,4,4,1,,,0.4336,0.0
6,3,1,4,29,2,6,0,,,0.4927,0.0
6,3,1,4,30,2,6,0,,,0.0344,0.0
6,3,1,4,31,4,6,0,2,0,0.0011,0.4133
6,3,1,4,32,5,5,1,,,0.1344,0.0
6,3,1,4,33,3,1,0,,,0.3351,0.0
6,3,1,4,34,2,5,0,6,0,0.2832,0.3068
6,3,1,4,35,3,3,1,,,0.6563,0.0
6,3,1,4,36,2,1,0,,,0.3405,0.0
6,3,1,4,37,4,4,1,,,1.0404,0.0
6,3,1,4,38,6,4,0,,,4.836,0.0
6,3,1,4,39,1,4,0,,,1.9742,0.0
6,3,1,4,40,1,4,0,5,0,2.544,0.347
6,3,1,4,41,4,6,0,,,6.5345,0.0
6,3,1,4,42,5,4,0,1,0,0.4675,1.427
6,3,1,4,43,1,6,0,5,0,0.0024,0.4691
6,3,1,4,44,4,2,0,,,0.2038,0.0
6,3,1,4,45,6,2,0,3,0,0.3007,0.436
6,3,1,4,46,6,6,1,,,0.0751,0.0
6,3,1,4,47,3,5,0,,,0.2156,0.0
6,3,1,4,48,5,5,1,,,1.6238,0.0
6,3,1,4,49,6,6,1,,,0.0679,0.0
6,3,1,4,50,6,6,1,,,0.3836,0.0
6,3,2,1,1,4,4,1,,,0.001,0.0
6,3,2,1,2,6,6,1,,,0.0098,0.0
6,3,2,1,3,3,4,0,,,0.2475,0.0
6,3,2,1,4,2,1,0,,,0.5351,0.0
6,3,2,1,5,3,3,1,,,0.6027,0.0
6,3,2,1,6,4,4,1,,,0.208,0.0
6,3,2,1,7,4,4,1,,,0.2781,0.0
6,3,2,1,8,3,5,0,6,0,0.3444,0.3339
6,3,2,1,9,6,6,1,,,0.2179,0.0
6,3,2,1,10,1,6,0,,,0.0009,0.0
6,3,2,1,11,5,6,0,4,0,0.329,0.5423
6,3,2,1,12,3,6,0,,,0.2906,0.0
6,3,2,1,13,6,6,1,,,0.1293,0.0
6,3,2,1,14,6,6,1,,,0.0009,0.0
6,3,2,1,15,1,6,0,,,0.0009,0.0
6,3,2,1,16,5,6,0,,,0.0971,0.0
6,3,2,1,17,3,6,0,4,0,0.1354,0.3403
6,3,2,1,18,5,5,1,,,0.5441,0.0
6,3,2,1,19,6,6,1,,,0.0886,0.0
6,3,2,1,20,6,5,0,,,0.4036,0.0
6,3,2,1,21,3,4,0,,,1.3405,0.0
6,3,2,1,22,4,3,0,4,1,0.7993,0.5452
6,3,2,1,23,5,5,1,,,0.4732,0.0
6,3,2,1,24,4,6,0,,,0.4363,0.0
6,3,2,1,25,2,3,0,,,0.6371,0.0
6,3,2,1,26,6,5,0,2,0,2.2998,4.6898
6,3,2,1,27,6,4,0,,,6.7629,0.0
6,3,2,1,28,3,5,0,,,2.366,0.0
6,3,2,1,29,4,5,0,1,0,0.4232,0.3772
6,3,2,1,30,1,6,0,,,0.1943,0.0
6,3,2,1,31,2,5,0,4,0,2.0848,0.7867
6,3,2,1,32,2,6,0,,,0.9081,0.0
6,3,2,1,33,4,2,0,3,0,0.9128,0.2225
6,3,2,1,34,2,2,1,,,0.2071,0.0
6,3,2,1,35,2,6,0,,,0.1491,0.0
6,3,2,1,36,3,1,0,,,0.8733,0.0
6,3,2,1,37,1,1,1,,,0.4154,0.0
6,3,2,1,38,1,6,0,5,0,0.3961,0.191
6,3,2,1,39,1,1,1,,,0.0011,0.0
6,3,2,1,40,5,5,1,,,0.0953,0.0
6,3,2,1,41,5,6,0,5,1,0.0258,0.6203
6,3,2,1,42,5,4,0,,,4.8488,0.0
6,3,2,1,43,2,5,0,,,3.8585,0.0
6,3,2,1,44,2,5,0,,,5.9187,0.0
6,3,2,1,45,1,2,0,,,0.2612,0.0
6,3,2,1,46,6,5,0,,,6.3402,0.0
6,3,2,1,47,1,1,1,,,0.7131,0.0
6,3,2,1,48,6,5,0,,,5.3854,0.0
6,3,2,1,49,4,1,0,,,5.7498,0.0
6,3,2,1,50,5,3,0,,,0.8193,0.0
6,3,2,2,1,6,6,1,,,3.1132,0.0
6,3,2,2,2,2,6,0,,,0.2155,0.0
6,3,2,2,3,5,5,1,,,1.2239,0.0
6,3,2,2,4,5,5,1,,,1.1399,0.0
6,3,2,2,5,4,4,1,,,0.2919,0.0
6,3,2,2,6,6,4,0,,,0.0542,0.0
6,3,2,2,7,6,6,1,,,0.0148,0.0
6,3,2,2,8,1,1,1,,,0.4757,0.0
6,3,2,2,9,6,6,1,,,0.1662,0.0
6,3,2,2,10,3,5,0,,,0.3826,0.0
6,3,2,2,11,5,5,1,,,0.2008,0.0
6,3,2,2,12,4,6,0,5,0,0.7827,1.0583
6,3,2,2,13,3,6,0,,,6.496,0.0
6,3,2,2,14,6,1,0,2,0,0.0009,0.3067
6,3,2,2,15,5,4,0,2,0,2.7835,0.3052
6,3,2,2,16,1,5,0,2,0,0.1742,0.09
6,3,2,2,17,3,5,0,,,1.4725,0.0
6,3,2,2,18,6,3,0,,,4.3982,0.0
6,3,2,2,19,1,2,0,,,0.4192,0.0
6,3,2,2,20,1,3,0,5,0,3.8991,0.5908
6,3,2,2,21,2,2,1,,,0.561,0.0
6,3,2,2,22,2,3,0,,,4.8079,0.0
6,3,2,2,23,4,4,1,,,6.6368,0.0
6,3,2,2,24,6,5,0,,,0.3296,0.0
6,3,2,2,25,4,5,0,,,0.0221,0.0
6,3,2,2,26,4,2,0,,,0.1749,0.0
6,3,2,2,27,4,4,1,,,1.2496,0.0
6,3,2,2,28,3,4,0,,,0.0011,0.0
6,3,2,2,29,2,5,0,4,0,0.2782,0.4147
6,3,2,2,30,5,6,0,,,0.0011,0.0
6,3,2,2,31,3,6,0,,,0.0171,0.0
6,3,2,2,32,1,3,0,2,0,0.8741,0.3773
6,3,2,2,33,1,2,0,,,0.4189,0.0
6,3,2,2,34,2,2,1,,,0.187,0.0
6,3,2,2,35,5,2,0,,,0.3544,0.0
6,3,2,2,36,2,4,0,,,2.2378,0.0
6,3,2,2,37,4,5,0,4,1,3.4194,5.9231
6,3,2,2,38,2,4,0,,,12.3816,0.0
6,3,2,2,39,3,4,0,,,0.1548,0.0
6,3,2,2,40,1,6,0,,,1.4689,0.0
6,3,2,2,41,5,5,1,,,0.6185,0.0
6,3,2,2,42,6,3,0,2,0,0.0947,0.4296
6,3,2,2,43,6,6,1,,,0.1972,0.0
6,3,2,2,44,6,6,1,,,0.0009,0.0
6,3,2,2,45,3,6,0,,,0.0579,0.0
6,3,2,2,46,3,5,0,4,0,0.2738,0.0012
6,3,2,2,47,2,6,0,,,0.0517,0.0
6,3,2,2,48,5,5,1,,,0.1231,0.0
6,3,2,2,49,4,4,1,,,0.2757,0.0
6,3,2,2,50,1,4,0,5,0,12.6155,0.5328
6,3,2,3,1,1,6,0,5,0,0.1022,0.5483
6,3,2,3,2,6,6,1,,,0.3593,0.0
6,3,2,3,3,4,2,0,,,0.2639,0.0
6,3,2,3,4,1,6,0,,,0.1342,0.0
6,3,2,3,5,3,3,1,,,0.8587,0.0
6,3,2,3,6,2,4,0,5,0,0.4215,0.3276
6,3,2,3,7,5,4,0,5,1,4.5158,0.7024
6,3,2,3,8,4,4,1,,,0.2882,0.0
6,3,2,3,9,4,4,1,,,0.85,0.0
6,3,2,3,10,3,5,0,,,0.1737,0.0
6,3,2,3,11,2,6,0,5,0,0.2089,0.3154
6,3,2,3,12,2,6,0,5,0,0.6168,0.2579
6,3,2,3,13,3,5,0,6,0,0.3852,0.3093
6,3,2,3,14,2,2,1,,,0.962,0.0
6,3,2,3,15,4,5,0,,,0.2156,0.0
6,3,2,3,16,5,6,0,,,0.0566,0.0
6,3,2,3,17,6,6,1,,,0.2082,0.0
6,3,2,3,18,2,2,1,,,1.046,0.0
6,3,2,3,19,6,6,1,,,0.1058,0.0
6,3,2,3,20,1,1,1,,,0.9483,0.0
6,3,2,3,21,6,6,1,,,0.011,0.0
6,3,2,3,22,2,6,0,,,0.1527,0.0
6,3,2,3,23,5,5,1,,,0.2843,0.0
6,3,2,3,24,6,6,1,,,1.1673,0.0
6,3,2,3,25,5,2,0,,,0.861,0.0
6,3,2,3,26,3,4,0,,,0.3077,0.0
6,3,2,3,27,3,4,0,5,0,2.2727,0.2784
6,3,2,3,28,5,6,0,1,0,0.1319,6.8029
6,3,2,3,29,6,3,0,,,2.3092,0.0
6,3,2,3,30,1,4,0,1,1,10.8795,1.0286
6,3,2,3,31,1,4,0,,,4.7277,0.0
6,3,2,3,32,4,5,0,4,1,0.3176,0.7071
6,3,2,3,33,6,6,1,,,0.4839,0.0
6,3,2,3,34,4,4,1,,,0.894,0.0
6,3,2,3,35,3,6,0,,,0.0073,0.0
6,3,2,3,36,1,6,0,5,0,0.4016,0.4365
6,3,2,3,37,3,3,1,,,0.9242,0.0
6,3,2,3,38,6,5,0,,,0.0851,0.0
6,3,2,3,39,3,5,0,6,0,0.001,0.3016
6,3,2,3,40,1,1,1,,,0.1874,0.0
6,3,2,3,41,2,6,0,5,0,0.1612,0.2868
6,3,2,3,42,4,3,0,2,0,0.2846,0.0357
6,3,2,3,43,6,5,0,6,1,0.5085,0.0008
6,3,2,3,44,4,2,0,,,3.1454,0.0
6,3,2,3,45,5,6,0,,,0.2094,0.0
6,3,2,3,46,6,5,0,,,0.1934,0.0
6,3,2,3,47,1,6,0,5,0,0.42,0.021
6,3,2,3,48,2,6,0,,,0.0308,0.0
6,3,2,3,49,5,5,1,,,0.1021,0.0
6,3,2,3,50,5,1,0,2,0,0.0009,0.1951
6,3,2,4,1,1,6,0,5,0,0.3223,0.6002
6,3,2,4,2,5,4,0,5,1,0.4093,0.0444
6,3,2,4,3,5,6,0,,,0.2318,0.0
6,3,2,4,4,4,6,0,5,0,0.0246,0.3634
6,3,2,4,5,2,6,0,,,0.0852,0.0
6,3,2,4,6,6,4,0,,,0.3964,0.0
6,3,2,4,7,2,4,0,5,0,0.3253,0.5227
6,3,2,4,8,4,2,0,1,0,0.6393,0.1528
6,3,2,4,9,1,6,0,,,0.1877,0.0
6,3,2,4,10,6,6,1,,,0.174,0.0
6,3,2,4,11,3,4,0,,,0.405,0.0
6,3,2,4,12,2,2,1,,,0.2065,0.0
6,3,2,4,13,6,6,1,,,0.1172,0.0
6,3,2,4,14,6,4,0,3,0,0.3666,0.1626
6,3,2,4,15,3,5,0,,,0.2453,0.0
6,3,2,4,16,3,1,0,,,0.5812,0.0
6,3,2,4,17,1,6,0,,,0.294,0.0
6,3,2,4,18,2,2,1,,,0.1321,0.0
6,3,2,4,19,2,2,1,,,0.0011,0.0
6,3,2,4,20,5,5,1,,,0.0914,0.0
6,3,2,4,21,4,2,0,,,0.0382,0.0
6,3,2,4,22,3,5,0,,,0.0009,0.0
6,3,2,4,23,2,2,1,,,0.1194,0.0
6,3,2,4,24,6,5,0,4,0,0.1775,0.1098
6,3,2,4,25,4,6,0,5,0,0.001,0.001
6,3,2,4,26,3,2,0,5,0,0.3673,0.3868
6,3,2,4,27,4,4,1,,,0.1563,0.0
6,3,2,4,28,5,2,0,4,0,0.5013,0.5633
6,3,2,4,29,3,5,0,,,0.1493,0.0
6,3,2,4,30,2,6,0,,,0.217,0.0
6,3,2,4,31,5,4,0,2,0,0.554,0.2781
6,3,2,4,32,3,3,1,,,0.9168,0.0
6,3,2,4,33,5,1,0,,,0.4606,0.0
6,3,2,4,34,1,4,0,,,0.1159,0.0
6,3,2,4,35,1,5,0,,,0.0407,0.0
6,3,2,4,36,1,1,1,,,0.9606,0.0
6,3,2,4,37,4,4,1,,,0.1998,0.0
6,3,2,4,38,5,5,1,,,0.3331,0.0
6,3,2,4,39,6,6,1,,,0.3338,0.0
6,3,2,4,40,6,6,1,,,0.0009,0.0
6,3,2,4,41,6,6,1,,,0.0009,0.0
6,3,2,4,42,2,6,0,4,0,0.3153,0.4972
6,3,2,4,43,4,5,0,,,0.9676,0.0
6,3,2,4,44,6,1,0,,,0.8085,0.0
6,3,2,4,45,3,3,1,,,1.3129,0.0
6,3,2,4,46,1,5,0,6,0,0.8731,0.8411
6,3,2,4,47,1,3,0,,,5.6475,0.0
6,3,2,4,48,4,5,0,,,2.4334,0.0
6,3,2,4,49,6,5,0,4,0,5.0314,0.1084
6,3,2,4,50,5,5,1,,,0.0812,0.0
6,3,3,1,1,6,6,1,,,0.001,0.0
6,3,3,1,2,2,2,1,,,0.7399,0.0
6,3,3,1,3,3,6,0,5,0,0.0519,0.001
6,3,3,1,4,5,4,0,,,0.0296,0.0
6,3,3,1,5,5,2,0,,,0.1667,0.0
6,3,3,1,6,4,5,0,,,0.001,0.0
6,3,3,1,7,6,5,0,6,1,0.0009,0.1494
6,3,3,1,8,2,6,0,,,0.126,0.0
6,3,3,1,9,6,5,0,6,1,0.1463,0.0642
6,3,3,1,10,5,2,0,5,1,0.284,0.001
6,3,3,1,11,4,6,0,4,1,0.0172,0.001
6,3,3,1,12,1,5,0,,,0.3691,0.0
6,3,3,1,13,3,1,0,,,0.0011,0.0
6,3,3,1,14,3,2,0,4,0,0.3255,0.0272
6,3,3,1,15,3,6,0,,,0.116,0.0
6,3,3,1,16,2,2,1,,,0.5364,0.0
6,3,3,1,17,3,5,0,,,0.2415,0.0
6,3,3,1,18,4,5,0,,,0.0333,0.0
6,3,3,1,19,4,5,0,,,1.337,0.0
6,3,3,1,20,6,2,0,,,0.0009,0.0
6,3,3,1,21,3,6,0,,,0.2943,0.0
6,3,3,1,22,6,4,0,,,0.1321,0.0
6,3,3,1,23,5,4,0,5,1,1.4955,0.0009
6,3,3,1,24,6,5,0,,,0.3636,0.0
6,3,3,1,25,1,4,0,,,1.0306,0.0
6,3,3,1,26,2,4,0,5,0,0.0011,2.3925
6,3,3,1,27,1,4,0,,,0.6725,0.0
6,3,3,1,28,2,2,1,,,1.2142,0.0
6,3,3,1,29,2,1,0,3,0,0.6991,0.3538
6,3,3,1,30,4,2,0,3,0,0.4453,0.1097
6,3,3,1,31,6,4,0,,,0.3871,0.0
6,3,3,1,32,6,6,1,,,0.0456,0.0
6,3,3,1,33,5,6,0,,,0.0009,0.0
6,3,3,1,34,4,6,0,,,0.1471,0.0
6,3,3,1,35,1,1,1,,,0.5505,0.0
6,3,3,1,36,2,5,0,,,1.0381,0.0
6,3,3,1,37,4,6,0,,,0.1734,0.0
6,3,3,1,38,5,4,0,,,0.832,0.0
6,3,3,1,39,6,6,1,,,0.0234,0.0
6,3,3,1,40,5,5,1,,,0.1012,0.0
6,3,3,1,41,1,6,0,,,0.2229,0.0
6,3,3,1,42,2,2,1,,,0.0961,0.0
6,3,3,1,43,1,6,0,,,0.074,0.0
6,3,3,1,44,1,6,0,,,0.2889,0.0
6,3,3,1,45,1,5,0,,,0.1739,0.0
6,3,3,1,46,3,3,1,,,1.1697,0.0
6,3,3,1,47,4,3,0,,,0.1429,0.0
6,3,3,1,48,5,4,0,,,0.2906,0.0
6,3,3,1,49,6,5,0,6,1,0.0009,0.2122
6,3,3,1,50,3,4,0,,,1.0339,0.0
6,3,3,2,1,4,1,0,,,0.8385,0.0
6,3,3,2,2,5,5,1,,,0.0009,0.0
6,3,3,2,3,4,5,0,,,0.0008,0.0
6,3,3,2,4,1,6,0,,,0.0853,0.0
6,3,3,2,5,5,5,1,,,0.0009,0.0
6,3,3,2,6,6,5,0,,,0.4906,0.0
6,3,3,2,7,3,3,1,,,0.1913,0.0
6,3,3,2,8,6,6,1,,,0.1173,0.0
6,3,3,2,9,1,6,0,,,0.0009,0.0
6,3,3,2,10,4,1,0,,,0.2653,0.0
6,3,3,2,11,3,3,1,,,0.2962,0.0
6,3,3,2,12,2,3,0,,,0.5861,0.0
6,3,3,2,13,3,3,1,,,0.1074,0.0
6,3,3,2,14,2,3,0,5,0,0.2294,0.0009
6,3,3,2,15,2,2,1,,,0.0011,0.0
6,3,3,2,16,6,6,1,,,0.1358,0.0
6,3,3,2,17,6,2,0,4,0,0.1445,0.2543
6,3,3,2,18,1,4,0,,,0.0926,0.0
6,3,3,2,19,5,2,0,1,0,0.1468,0.3355
6,3,3,2,20,4,4,1,,,0.0764,0.0
6,3,3,2,21,6,6,1,,,0.1823,0.0
6,3,3,2,22,5,6,0,,,0.3172,0.0
6,3,3,2,23,1,4,0,3,0,0.0419,0.2195
6,3,3,2,24,5,5,1,,,0.1566,0.0
6,3,3,2,25,4,3,0,1,0,0.6765,0.001
6,3,3,2,26,2,4,0,,,1.0615,0.0
6,3,3,2,27,1,5,0,,,1.4273,0.0
6,3,3,2,28,3,2,0,,,0.1788,0.0
6,3,3,2,29,4,2,0,,,2.7728,0.0
6,3,3,2,30,2,4,0,,,0.1886,0.0
6,3,3,2,31,2,5,0,,,0.2064,0.0
6,3,3,2,32,4,4,1,,,1.6471,0.0
6,3,3,2,33,1,6,0,,,0.1383,0.0
6,3,3,2,34,1,4,0,,,1.3105,0.0
6,3,3,2,35,1,3,0,,,0.0654,0.0
6,3,3,2,36,5,2,0,,,0.0011,0.0
6,3,3,2,37,4,4,1,,,0.4509,0.0
6,3,3,2,38,2,6,0,5,0,0.318,0.1319
6,3,3,2,39,3,4,0,,,0.2478,0.0
6,3,3,2,40,6,5,0,,,0.1199,0.0
6,3,3,2,41,6,6,1,,,0.0009,0.0
6,3,3,2,42,3,2,0,3,1,0.2673,0.2587
6,3,3,2,43,6,5,0,6,1,0.0864,0.1668
6,3,3,2,44,3,1,0,2,0,0.2063,0.0247
6,3,3,2,45,6,6,1,,,0.0011,0.0
6,3,3,2,46,5,2,0,3,0,0.1763,0.1232
6,3,3,2,47,3,6,0,5,0,0.0494,0.0009
6,3,3,2,48,2,2,1,,,0.1557,0.0
6,3,3,2,49,6,6,1,,,0.1319,0.0
6,3,3,2,50,5,4,0,,,0.829,0.0
6,3,3,3,1,6,4,0,,,1.1379,0.0
6,3,3,3,2,5,6,0,5,1,0.0445,0.0009
6,3,3,3,3,4,5,0,,,0.3489,0.0
6,3,3,3,4,5,5,1,,,0.0727,0.0
6,3,3,3,5,4,1,0,2,0,0.2121,0.0469
6,3,3,3,6,1,4,0,,,0.6776,0.0
6,3,3,3,7,3,3,1,,,0.1962,0.0
6,3,3,3,8,3,4,0,,,0.6175,0.0
6,3,3,3,9,4,3,0,4,1,0.5859,0.3244
6,3,3,3,10,2,6,0,2,1,0.0009,0.1687
6,3,3,3,11,2,4,0,,,0.0962,0.0
6,3,3,3,12,3,3,1,,,0.3576,0.0
6,3,3,3,13,6,6,1,,,0.3574,0.0
6,3,3,3,14,2,2,1,,,0.516,0.0
6,3,3,3,15,5,6,0,,,0.1899,0.0
6,3,3,3,16,5,2,0,,,0.1753,0.0
6,3,3,3,17,4,6,0,,,0.0492,0.0
6,3,3,3,18,2,5,0,1,0,0.0419,1.3075
6,3,3,3,19,3,5,0,4,0,1.6472,0.0009
6,3,3,3,20,1,2,0,1,1,0.0888,0.2166
6,3,3,3,21,2,6,0,,,0.0014,0.0
6,3,3,3,22,5,5,1,,,0.1999,0.0
6,3,3,3,23,6,1,0,,,0.0009,0.0
6,3,3,3,24,5,5,1,,,0.2954,0.0
6,3,3,3,25,1,4,0,,,0.0726,0.0
6,3,3,3,26,4,5,0,,,0.0308,0.0
6,3,3,3,27,1,5,0,,,0.001,0.0
6,3,3,3,28,4,4,1,,,0.9449,0.0
6,3,3,3,29,1,6,0,,,0.0568,0.0
6,3,3,3,30,3,1,0,,,0.0308,0.0
6,3,3,3,31,4,2,0,,,0.0011,0.0
6,3,3,3,32,6,6,1,,,0.1132,0.0
6,3,3,3,33,1,1,1,,,0.7953,0.0
6,3,3,3,34,1,5,0,3,0,1.1127,0.1255
6,3,3,3,35,1,6,0,,,0.9457,0.0
6,3,3,3,36,5,4,0,6,0,0.3722,0.1211
6,3,3,3,37,3,6,0,,,0.4773,0.0
6,3,3,3,38,4,4,1,,,0.4031,0.0
6,3,3,3,39,6,6,1,,,0.5452,0.0
6,3,3,3,40,3,5,0,4,0,0.169,0.4853
6,3,3,3,41,6,4,0,6,1,0.0592,0.1873
6,3,3,3,42,6,2,0,,,0.6421,0.0
6,3,3,3,43,2,3,0,,,0.1618,0.0
6,3,3,3,44,6,3,0,,,3.1561,0.0
6,3,3,3,45,2,4,0,5,0,2.0117,2.0764
6,3,3,3,46,6,2,0,3,0,0.0974,0.417
6,3,3,3,47,3,4,0,,,2.3463,0.0
6,3,3,3,48,6,5,0,,,0.5473,0.0
6,3,3,3,49,2,2,1,,,0.2466,0.0
6,3,3,3,50,5,3,0,,,0.3626,0.0
6,3,3,4,1,6,4,0,5,0,0.2108,0.001
6,3,3,4,2,3,3,1,,,0.247,0.0
6,3,3,4,3,4,6,0,5,0,0.001,0.5254
6,3,3,4,4,5,4,0,,,0.2253,0.0
6,3,3,4,5,1,1,1,,,0.4499,0.0
6,3,3,4,6,4,4,1,,,0.0008,0.0
6,3,3,4,7,4,1,0,,,0.2356,0.0
6,3,3,4,8,6,6,1,,,0.3317,0.0
6,3,3,4,9,6,6,1,,,0.0764,0.0
6,3,3,4,10,1,2,0,,,0.3585,0.0
6,3,3,4,11,5,5,1,,,0.0973,0.0
6,3,3,4,12,3,3,1,,,0.3959,0.0
6,3,3,4,13,6,2,0,,,0.4253,0.0
6,3,3,4,14,1,3,0,2,0,0.2738,0.2333
6,3,3,4,15,5,5,1,,,1.8018,0.0
6,3,3,4,16,6,6,1,,,0.3012,0.0
6,3,3,4,17,2,5,0,,,0.463,0.0
6,3,3,4,18,6,2,0,,,0.0009,0.0
6,3,3,4,19,4,6,0,,,2.1756,0.0
6,3,3,4,20,2,5,0,,,1.0718,0.0
6,3,3,4,21,5,6,0,5,1,0.1098,0.6052
6,3,3,4,22,4,2,0,,,0.7391,0.0
6,3,3,4,23,1,4,0,,,0.6547,0.0
6,3,3,4,24,3,2,0,3,1,0.7169,0.1307
6,3,3,4,25,1,2,0,3,0,0.54,0.809
6,3,3,4,26,5,2,0,,,0.242,0.0
6,3,3,4,27,2,2,1,,,0.1603,0.0
6,3,3,4,28,5,2,0,,,0.2158,0.0
6,3,3,4,29,6,4,0,,,0.7134,0.0
6,3,3,4,30,2,2,1,,,1.0125,0.0
6,3,3,4,31,3,2,0,3,1,0.8414,0.0008
6,3,3,4,32,1,2,0,,,0.1367,0.0
6,3,3,4,33,1,4,0,,,0.0604,0.0
6,3,3,4,34,6,6,1,,,0.4041,0.0
6,3,3,4,35,2,4,0,5,0,0.8971,0.4639
6,3,3,4,36,5,2,0,3,0,0.3268,0.001
6,3,3,4,37,4,4,1,,,0.8543,0.0
6,3,3,4,38,3,5,0,6,0,0.3859,0.005
6,3,3,4,39,6,5,0,6,1,0.2223,0.1531
6,3,3,4,40,3,4,0,,,0.4171,0.0
6,3,3,4,41,2,5,0,,,0.0008,0.0
6,3,3,4,42,3,2,0,,,0.5462,0.0
6,3,3,4,43,6,4,0,,,2.9334,0.0
6,3,3,4,44,5,1,0,,,0.0074,0.0
6,3,3,4,45,3,3,1,,,0.001,0.0
6,3,3,4,46,1,4,0,3,0,0.2229,0.7604
6,3,3,4,47,4,5,0,4,1,0.0037,0.9335
6,3,3,4,48,4,6,0,,,0.27,0.0
6,3,3,4,49,2,5,0,,,0.0009,0.0
6,3,3,4,50,2,4,0,,,0.5336,0.0
6,3,4,1,1,1,1,1,,,0.3256,0.0
6,3,4,1,2,1,2,0,,,0.4055,0.0
6,3,4,1,3,6,3,0,4,0,1.0075,0.4888
6,3,4,1,4,1,5,0,,,0.335,0.0
6,3,4,1,5,6,6,1,,,0.1075,0.0
6,3,4,1,6,4,4,1,,,0.5174,0.0
6,3,4,1,7,1,4,0,,,0.1258,0.0
6,3,4,1,8,4,4,1,,,0.1148,0.0
6,3,4,1,9,6,6,1,,,0.0752,0.0
6,3,4,1,10,2,4,0,,,0.1345,0.0
6,3,4,1,11,1,6,0,,,0.0592,0.0
6,3,4,1,12,6,6,1,,,0.0654,0.0
6,3,4,1,13,5,5,1,,,0.2367,0.0
6,3,4,1,14,4,1,0,,,1.0103,0.0
6,3,4,1,15,3,4,0,3,1,0.5932,0.5081
6,3,4,1,16,1,2,0,,,0.5183,0.0
6,3,4,1,17,2,2,1,,,0.2826,0.0
6,3,4,1,18,5,5,1,,,0.2524,0.0
6,3,4,1,19,1,1,1,,,0.6402,0.0
6,3,4,1,20,6,6,1,,,0.1644,0.0
6,3,4,1,21,5,2,0,4,0,0.3489,1.1218
6,3,4,1,22,6,6,1,,,0.9888,0.0
6,3,4,1,23,6,6,1,,,0.563,0.0
6,3,4,1,24,6,6,1,,,0.9374,0.0
6,3,4,1,25,4,2,0,,,0.6414,0.0
6,3,4,1,26,5,4,0,,,0.3531,0.0
6,3,4,1,27,5,3,0,1,0,0.8118,0.6222
6,3,4,1,28,3,2,0,,,0.3023,0.0
6,3,4,1,29,3,1,0,,,0.4284,0.0
6,3,4,1,30,5,6,0,,,0.1158,0.0
6,3,4,1,31,1,6,0,,,0.2332,0.0
6,3,4,1,32,4,4,1,,,0.297,0.0
6,3,4,1,33,3,6,0,5,0,0.1393,0.3755
6,3,4,1,34,6,6,1,,,0.739,0.0
6,3,4,1,35,3,6,0,1,0,0.0346,0.7238
6,3,4,1,36,6,4,0,,,0.4798,0.0
6,3,4,1,37,5,5,1,,,0.3577,0.0
6,3,4,1,38,2,2,1,,,0.7576,0.0
6,3,4,1,39,2,2,1,,,0.3722,0.0
6,3,4,1,40,4,2,0,3,0,0.0197,0.5173
6,3,4,1,41,4,4,1,,,0.0098,0.0
6,3,4,1,42,3,6,0,,,0.5993,0.0
6,3,4,1,43,5,2,0,,,0.9055,0.0
6,3,4,1,44,3,5,0,,,0.6382,0.0
6,3,4,1,45,2,2,1,,,0.349,0.0
6,3,4,1,46,2,4,0,,,0.5728,0.0
6,3,4,1,47,2,2,1,,,0.9757,0.0
6,3,4,1,48,2,2,1,,,0.5973,0.0
6,3,4,1,49,4,4,1,,,4.9229,0.0
6,3,4,1,50,3,6,0,,,0.0962,0.0
6,3,4,2,1,4,2,0,4,1,1.7146,0.9442
6,3,4,2,2,5,6,0,,,0.0395,0.0
6,3,4,2,3,1,1,1,,,0.8472,0.0
6,3,4,2,4,5,4,0,5,1,0.7786,0.1577
6,3,4,2,5,6,3,0,4,0,0.4374,0.2786
6,3,4,2,6,4,4,1,,,0.7252,0.0
6,3,4,2,7,6,1,0,,,0.5982,0.0
6,3,4,2,8,2,2,1,,,0.6629,0.0
6,3,4,2,9,3,4,0,,,0.4568,0.0
6,3,4,2,10,2,2,1,,,0.752,0.0
6,3,4,2,11,3,6,0,,,0.2394,0.0
6,3,4,2,12,2,2,1,,,0.9126,0.0
6,3,4,2,13,1,1,1,,,0.5687,0.0
6,3,4,2,14,3,2,0,,,0.9755,0.0
6,3,4,2,15,3,6,0,,,0.1775,0.0
6,3,4,2,16,2,2,1,,,0.8994,0.0
6,3,4,2,17,6,2,0,,,0.1717,0.0
6,3,4,2,18,5,6,0,,,0.0951,0.0
6,3,4,2,19,5,5,1,,,0.5003,0.0
6,3,4,2,20,2,2,1,,,0.6054,0.0
6,3,4,2,21,2,2,1,,,0.4828,0.0
6,3,4,2,22,6,6,1,,,0.125,0.0
6,3,4,2,23,1,6,0,2,0,0.0009,0.3615
6,3,4,2,24,1,3,0,2,0,0.0196,0.2949
6,3,4,2,25,5,5,1,,,0.5161,0.0
6,3,4,2,26,1,3,0,,,0.5081,0.0
6,3,4,2,27,4,2,0,1,0,0.3846,0.4203
6,3,4,2,28,4,2,0,,,0.7811,0.0
6,3,4,2,29,4,4,1,,,0.2945,0.0
6,3,4,2,30,3,3,1,,,0.7127,0.0
6,3,4,2,31,2,3,0,4,0,0.3612,0.5093
6,3,4,2,32,2,2,1,,,0.8499,0.0
6,3,4,2,33,6,6,1,,,0.509,0.0
6,3,4,2,34,5,4,0,,,0.6462,0.0
6,3,4,2,35,3,5,0,,,0.7419,0.0
6,3,4,2,36,6,6,1,,,0.0009,0.0
6,3,4,2,37,3,4,0,3,1,0.622,0.3284
6,3,4,2,38,6,6,1,,,0.136,0.0
6,3,4,2,39,4,4,1,,,0.4807,0.0
6,3,4,2,40,1,6,0,,,0.1074,0.0
6,3,4,2,41,5,2,0,,,0.448,0.0
6,3,4,2,42,6,1,0,,,0.3915,0.0
6,3,4,2,43,1,4,0,,,0.0172,0.0
6,3,4,2,44,4,6,0,,,0.3784,0.0
6,3,4,2,45,5,6,0,,,0.3886,0.0
6,3,4,2,46,6,6,1,,,0.3971,0.0
6,3,4,2,47,4,1,0,2,0,0.7001,0.2739
6,3,4,2,48,3,4,0,,,2.7051,0.0
6,3,4,2,49,6,5,0,6,1,3.1786,0.5074
6,3,4,2,50,1,5,0,,,0.5328,0.0
6,3,4,3,1,2,5,0,,,0.9019,0.0
6,3,4,3,2,6,3,0,,,0.7478,0.0
6,3,4,3,3,6,6,1,,,0.3255,0.0
6,3,4,3,4,6,6,1,,,0.1987,0.0
6,3,4,3,5,5,5,1,,,0.0765,0.0
6,3,4,3,6,5,5,1,,,0.0073,0.0
6,3,4,3,7,2,2,1,,,0.2122,0.0
6,3,4,3,8,5,3,0,,,1.2741,0.0
6,3,4,3,9,2,2,1,,,0.5585,0.0
6,3,4,3,10,6,4,0,,,0.3741,0.0
6,3,4,3,11,6,2,0,,,0.3516,0.0
6,3,4,3,12,3,5,0,,,0.2194,0.0
6,3,4,3,13,6,2,0,6,1,0.0924,0.3473
6,3,4,3,14,2,2,1,,,0.3477,0.0
6,3,4,3,15,1,2,0,,,0.4272,0.0
6,3,4,3,16,4,4,1,,,0.5786,0.0
6,3,4,3,17,6,6,1,,,0.5381,0.0
6,3,4,3,18,4,2,0,3,0,0.546,0.2553
6,3,4,3,19,4,4,1,,,0.0618,0.0
6,3,4,3,20,5,5,1,,,0.1059,0.0
6,3,4,3,21,5,3,0,,,0.4356,0.0
6,3,4,3,22,6,5,0,,,0.2023,0.0
6,3,4,3,23,6,6,1,,,0.001,0.0
6,3,4,3,24,6,6,1,,,0.0008,0.0
6,3,4,3,25,3,6,0,,,0.2637,0.0
6,3,4,3,26,4,2,0,,,0.6468,0.0
6,3,4,3,27,1,5,0,,,2.406,0.0
6,3,4,3,28,4,2,0,3,0,0.6687,0.2442
6,3,4,3,29,4,3,0,,,0.1788,0.0
6,3,4,3,30,1,2,0,,,0.3735,0.0
6,3,4,3,31,3,1,0,,,0.1916,0.0
6,3,4,3,32,2,6,0,4,0,0.7213,6.9667
6,3,4,3,33,3,2,0,,,0.1132,0.0
6,3,4,3,34,1,4,0,6,0,0.438,10.6163
6,3,4,3,35,1,4,0,2,0,0.0012,0.3359
6,3,4,3,36,1,3,0,,,0.8747,0.0
6,3,4,3,37,1,2,0,,,0.5746,0.0
6,3,4,3,38,4,3,0,4,1,0.8803,0.1122
6,3,4,3,39,3,6,0,5,0,0.0717,0.3609
6,3,4,3,40,2,2,1,,,0.8989,0.0
6,3,4,3,41,3,4,0,,,0.3962,0.0
6,3,4,3,42,3,4,0,3,1,0.4703,0.6458
6,3,4,3,43,4,6,0,,,0.4566,0.0
6,3,4,3,44,5,5,1,,,0.2561,0.0
6,3,4,3,45,1,1,1,,,0.7561,0.0
6,3,4,3,46,3,6,0,,,0.6268,0.0
6,3,4,3,47,5,3,0,4,0,0.8023,0.101
6,3,4,3,48,2,2,1,,,0.8576,0.0
6,3,4,3,49,2,2,1,,,0.0851,0.0
6,3,4,3,50,5,5,1,,,0.4321,0.0
6,3,4,4,1,4,4,1,,,0.2986,0.0
6,3,4,4,2,4,3,0,4,1,0.0765,0.1405
6,3,4,4,3,6,4,0,,,0.8054,0.0
6,3,4,4,4,3,6,0,,,0.3497,0.0
6,3,4,4,5,3,1,0,,,0.2336,0.0
6,3,4,4,6,6,6,1,,,0.0729,0.0
6,3,4,4,7,6,6,1,,,0.0009,0.0
6,3,4,4,8,3,3,1,,,0.5955,0.0
6,3,4,4,9,5,6,0,5,1,0.1208,0.3267
6,3,4,4,10,2,2,1,,,0.1518,0.0
6,3,4,4,11,2,2,1,,,0.0641,0.0
6,3,4,4,12,3,2,0,,,0.011,0.0
6,3,4,4,13,2,2,1,,,0.2285,0.0
6,3,4,4,14,6,2,0,,,0.0008,0.0
6,3,4,4,15,1,6,0,,,0.21,0.0
6,3,4,4,16,2,6,0,5,0,0.0828,0.4354
6,3,4,4,17,6,1,0,4,0,1.0193,0.3248
6,3,4,4,18,5,5,1,,,0.1119,0.0
6,3,4,4,19,5,6,0,2,0,0.001,0.1563
6,3,4,4,20,6,6,1,,,0.3204,0.0
6,3,4,4,21,1,6,0,5,0,0.0654,0.2899
6,3,4,4,22,4,5,0,,,0.1764,0.0
6,3,4,4,23,3,5,0,,,1.2664,0.0
6,3,4,4,24,2,2,1,,,0.7118,0.0
6,3,4,4,25,1,1,1,,,0.9209,0.0
6,3,4,4,26,1,2,0,,,0.3855,0.0
6,3,4,4,27,6,6,1,,,0.5226,0.0
6,3,4,4,28,5,5,1,,,0.5801,0.0
6,3,4,4,29,4,6,0,5,0,1.3225,0.4707
6,3,4,4,30,2,5,0,4,0,2.6375,1.2686
6,3,4,4,31,2,4,0,5,0,2.4423,0.4092
6,3,4,4,32,5,5,1,,,2.401,0.0
6,3,4,4,33,1,5,0,4,0,1.4364,5.8296
6,3,4,4,34,6,4,0,5,0,7.3103,0.0384
6,3,4,4,35,1,2,0,,,0.0009,0.0
6,3,4,4,36,3,5,0,,,0.0235,0.0
6,3,4,4,37,4,4,1,,,0.2561,0.0
6,3,4,4,38,1,2,0,4,0,0.1628,0.1285
6,3,4,4,39,4,4,1,,,0.0839,0.0
6,3,4,4,40,3,4,0,,,0.3019,0.0
6,3,4,4,41,3,6,0,5,0,0.1083,0.0746
6,3,4,4,42,5,6,0,5,1,0.1453,0.0787
6,3,4,4,43,6,5,0,4,0,0.001,0.0123
6,3,4,4,44,6,1,0,,,0.0048,0.0
6,3,4,4,45,2,5,0,,,0.0009,0.0
6,3,4,4,46,1,5,0,4,0,0.1045,0.001
6,3,4,4,47,4,1,0,2,0,0.6567,0.0729
6,3,4,4,48,5,2,0,5,1,0.0009,0.2595
6,3,4,4,49,5,5,1,,,0.0075,0.0
6,3,4,4,50,4,5,0,,,0.3083,0.0
6,3,5,1,1,4,5,0,,,0.0879,0.0
6,3,5,1,2,5,6,0,,,0.2215,0.0
6,3,5,1,3,2,4,0,3,0,0.1589,0.1245
6,3,5,1,4,6,6,1,,,0.0962,0.0
6,3,5,1,5,2,6,0,5,0,0.0009,0.1884
6,3,5,1,6,5,6,0,,,0.0009,0.0
6,3,5,1,7,3,6,0,5,0,0.0885,0.001
6,3,5,1,8,6,6,1,,,0.2106,0.0
6,3,5,1,9,4,6,0,,,0.0009,0.0
6,3,5,1,10,5,5,1,,,0.0815,0.0
6,3,5,1,11,3,3,1,,,1.1473,0.0
6,3,5,1,12,2,2,1,,,0.9702,0.0
6,3,5,1,13,1,2,0,,,0.6254,0.0
6,3,5,1,14,5,5,1,,,0.1773,0.0
6,3,5,1,15,6,6,1,,,0.3756,0.0
6,3,5,1,16,1,6,0,,,0.0009,0.0
6,3,5,1,17,2,5,0,6,0,0.2238,0.3781
6,3,5,1,18,4,2,0,,,1.9876,0.0
6,3,5,1,19,4,4,1,,,0.3155,0.0
6,3,5,1,20,3,4,0,,,0.3657,0.0
6,3,5,1,21,1,1,1,,,0.472,0.0
6,3,5,1,22,6,6,1,,,0.1316,0.0
6,3,5,1,23,1,6,0,4,0,0.3478,3.3606
6,3,5,1,24,5,4,0,5,1,2.545,0.1712
6,3,5,1,25,1,5,0,4,0,2.5957,0.2522
6,3,5,1,26,3,6,0,,,0.3471,0.0
6,3,5,1,27,1,2,0,,,0.0381,0.0
6,3,5,1,28,6,5,0,1,0,0.2385,0.7768
6,3,5,1,29,2,2,1,,,0.4013,0.0
6,3,5,1,30,3,4,0,,,0.4001,0.0
6,3,5,1,31,4,2,0,3,0,0.217,0.9305
6,3,5,1,32,2,2,1,,,0.1818,0.0
6,3,5,1,33,4,5,0,,,0.1575,0.0
6,3,5,1,34,5,1,0,,,0.5752,0.0
6,3,5,1,35,3,2,0,,,0.1784,0.0
6,3,5,1,36,2,4,0,2,1,0.4834,0.0519
6,3,5,1,37,1,3,0,,,0.9598,0.0
6,3,5,1,38,6,6,1,,,0.7537,0.0
6,3,5,1,39,5,2,0,3,0,0.5455,0.1267
6,3,5,1,40,6,5,0,4,0,0.1464,0.0322
6,3,5,1,41,2,3,0,,,0.0248,0.0
6,3,5,1,42,6,6,1,,,0.3683,0.0
6,3,5,1,43,3,6,0,4,0,0.1442,0.2852
6,3,5,1,44,5,4,0,,,3.419,0.0
6,3,5,1,45,3,4,0,,,7.6568,0.0
6,3,5,1,46,4,4,1,,,4.2789,0.0
6,3,5,1,47,6,3,0,2,0,0.8215,0.3592
6,3,5,1,48,4,6,0,,,0.1933,0.0
6,3,5,1,49,1,4,0,,,0.5311,0.0
6,3,5,1,50,6,5,0,,,0.2788,0.0
6,3,5,2,1,6,6,1,,,1.8591,0.0
6,3,5,2,2,5,4,0,,,0.4357,0.0
6,3,5,2,3,1,1,1,,,0.4758,0.0
6,3,5,2,4,4,4,1,,,0.2939,0.0
6,3,5,2,5,6,5,0,,,0.3929,0.0
6,3,5,2,6,6,4,0,,,0.3538,0.0
6,3,5,2,7,3,3,1,,,0.9413,0.0
6,3,5,2,8,3,4,0,5,0,0.7562,0.3131
6,3,5,2,9,4,4,1,,,0.3738,0.0
6,3,5,2,10,4,5,0,6,0,0.0517,0.101
6,3,5,2,11,6,2,0,3,0,0.634,0.3879
6,3,5,2,12,2,4,0,2,1,1.0065,0.5844
6,3,5,2,13,6,4,0,,,0.6386,0.0
6,3,5,2,14,6,6,1,,,0.7502,0.0
6,3,5,2,15,1,4,0,,,0.7178,0.0
6,3,5,2,16,3,4,0,,,0.01,0.0
6,3,5,2,17,3,3,1,,,0.3227,0.0
6,3,5,2,18,6,2,0,,,0.3228,0.0
6,3,5,2,19,2,2,1,,,0.6075,0.0
6,3,5,2,20,4,3,0,,,0.8841,0.0
6,3,5,2,21,2,2,1,,,0.5382,0.0
6,3,5,2,22,6,6,1,,,0.578,0.0
6,3,5,2,23,5,5,1,,,1.0481,0.0
6,3,5,2,24,5,4,0,,,0.6029,0.0
6,3,5,2,25,2,2,1,,,0.4441,0.0
6,3,5,2,26,3,4,0,,,1.3519,0.0
6,3,5,2,27,1,6,0,,,0.475,0.0
6,3,5,2,28,4,4,1,,,1.0086,0.0
6,3,5,2,29,2,2,1,,,0.5967,0.0
6,3,5,2,30,5,4,0,,,0.7146,0.0
6,3,5,2,31,5,4,0,,,0.1181,0.0
6,3,5,2,32,1,4,0,,,0.5401,0.0
6,3,5,2,33,5,5,1,,,0.6232,0.0
6,3,5,2,34,1,5,0,4,0,0.4194,0.053
6,3,5,2,35,5,4,0,,,0.6853,0.0
6,3,5,2,36,1,1,1,,,0.4583,0.0
6,3,5,2,37,5,5,1,,,3.958,0.0
6,3,5,2,38,6,4,0,5,0,0.0009,0.581
6,3,5,2,39,6,4,0,,,2.1339,0.0
6,3,5,2,40,3,1,0,,,0.2802,0.0
6,3,5,2,41,3,4,0,,,0.6942,0.0
6,3,5,2,42,1,1,1,,,0.835,0.0
6,3,5,2,43,4,4,1,,,0.4474,0.0
6,3,5,2,44,4,4,1,,,0.2034,0.0
6,3,5,2,45,2,5,0,,,0.1443,0.0
6,3,5,2,46,3,3,1,,,0.9649,0.0
6,3,5,2,47,1,3,0,4,0,0.0592,0.1878
6,3,5,2,48,2,6,0,,,0.0011,0.0
6,3,5,2,49,2,2,1,,,0.551,0.0
6,3,5,2,50,4,4,1,,,0.6875,0.0
6,3,5,3,1,6,6,1,,,0.0468,0.0
6,3,5,3,2,3,4,0,3,1,0.219,0.4047
6,3,5,3,3,2,2,1,,,0.1944,0.0
6,3,5,3,4,4,5,0,6,0,0.1527,0.001
6,3,5,3,5,6,2,0,,,0.0159,0.0
6,3,5,3,6,4,4,1,,,0.5204,0.0
6,3,5,3,7,1,1,1,,,0.1451,0.0
6,3,5,3,8,3,1,0,,,0.3294,0.0
6,3,5,3,9,6,2,0,3,0,0.1168,0.3391
6,3,5,3,10,5,5,1,,,0.4314,0.0
6,3,5,3,11,5,6,0,5,1,0.2361,0.1809
6,3,5,3,12,4,6,0,5,0,0.3961,0.0009
6,3,5,3,13,6,6,1,,,0.0009,0.0
6,3,5,3,14,6,2,0,,,0.0233,0.0
6,3,5,3,15,4,4,1,,,0.3031,0.0
6,3,5,3,16,4,4,1,,,0.0009,0.0
6,3,5,3,17,1,2,0,,,0.1121,0.0
6,3,5,3,18,3,6,0,,,0.1968,0.0
6,3,5,3,19,2,2,1,,,0.3416,0.0
6,3,5,3,20,4,2,0,,,0.166,0.0
6,3,5,3,21,1,5,0,,,0.0566,0.0
6,3,5,3,22,2,4,0,,,0.0641,0.0
6,3,5,3,23,6,1,0,,,0.3423,0.0
6,3,5,3,24,2,2,1,,,0.1621,0.0
6,3,5,3,25,2,3,0,,,0.985,0.0
6,3,5,3,26,6,6,1,,,0.1712,0.0
6,3,5,3,27,5,5,1,,,0.0504,0.0
6,3,5,3,28,2,4,0,,,0.302,0.0
6,3,5,3,29,6,5,0,6,1,0.1071,0.7943
6,3,5,3,30,5,4,0,,,0.455,0.0
6,3,5,3,31,3,3,1,,,0.6713,0.0
6,3,5,3,32,5,4,0,5,1,0.1132,0.5925
6,3,5,3,33,4,4,1,,,0.2135,0.0
6,3,5,3,34,5,2,0,3,0,0.5393,0.3915
6,3,5,3,35,1,3,0,,,0.4014,0.0
6,3,5,3,36,3,2,0,4,0,0.4252,0.0913
6,3,5,3,37,1,6,0,,,0.2888,0.0
6,3,5,3,38,1,5,0,,,0.27,0.0
6,3,5,3,39,5,5,1,,,0.1723,0.0
6,3,5,3,40,3,4,0,,,0.8028,0.0
6,3,5,3,41,2,4,0,5,0,0.4754,0.8595
6,3,5,3,42,6,1,0,2,0,0.4809,0.0009
6,3,5,3,43,2,2,1,,,0.0271,0.0
6,3,5,3,44,5,4,0,,,0.2477,0.0
6,3,5,3,45,3,2,0,,,0.1833,0.0
6,3,5,3,46,3,3,1,,,0.1047,0.0
6,3,5,3,47,6,5,0,,,0.0652,0.0
6,3,5,3,48,1,5,0,,,0.1201,0.0
6,3,5,3,49,4,1,0,2,0,0.1256,0.1713
6,3,5,3,50,1,6,0,5,0,0.1096,0.0009
6,3,5,4,1,5,6,0,,,1.8435,0.0
6,3,5,4,2,5,5,1,,,0.0824,0.0
6,3,5,4,3,4,4,1,,,0.2522,0.0
6,3,5,4,4,6,4,0,2,0,0.1598,0.4131
6,3,5,4,5,2,4,0,,,0.0701,0.0
6,3,5,4,6,3,4,0,,,0.3163,0.0
6,3,5,4,7,3,3,1,,,0.0009,0.0
6,3,5,4,8,6,5,0,,,0.1993,0.0
6,3,5,4,9,4,5,0,,,0.0726,0.0
6,3,5,4,10,5,2,0,,,0.1106,0.0
6,3,5,4,11,4,4,1,,,0.0036,0.0
6,3,5,4,12,6,4,0,5,0,0.1453,0.0147
6,3,5,4,13,6,6,1,,,0.3122,0.0
6,3,5,4,14,1,5,0,,,0.2498,0.0
6,3,5,4,15,2,2,1,,,0.0009,0.0
6,3,5,4,16,6,5,0,,,0.2312,0.0
6,3,5,4,17,2,2,1,,,0.0715,0.0
6,3,5,4,18,6,4,0,5,0,0.4825,0.0184
6,3,5,4,19,6,4,0,,,0.4106,0.0
6,3,5,4,20,6,2,0,,,0.4672,0.0
6,3,5,4,21,4,6,0,,,0.3617,0.0
6,3,5,4,22,2,5,0,,,0.001,0.0
6,3,5,4,23,3,4,0,,,0.2537,0.0
6,3,5,4,24,3,5,0,4,0,0.0777,0.001
6,3,5,4,25,1,4,0,,,0.1516,0.0
6,3,5,4,26,4,1,0,5,0,0.0009,0.0936
6,3,5,4,27,5,2,0,,,0.0009,0.0
6,3,5,4,28,4,6,0,5,0,0.001,0.3674
6,3,5,4,29,6,4,0,5,0,0.2509,0.0985
6,3,5,4,30,2,4,0,2,1,0.1207,0.1661
6,3,5,4,31,1,5,0,,,0.1255,0.0
6,3,5,4,32,2,2,1,,,0.643,0.0
6,3,5,4,33,4,4,1,,,0.1663,0.0
6,3,5,4,34,3,1,0,,,0.2373,0.0
6,3,5,4,35,1,3,0,2,0,0.429,0.3346
6,3,5,4,36,3,1,0,,,0.2178,0.0
6,3,5,4,37,6,6,1,,,0.2669,0.0
6,3,5,4,38,1,6,0,,,0.0305,0.0
6,3,5,4,39,5,4,0,,,0.4863,0.0
6,3,5,4,40,5,6,0,,,0.1235,0.0
6,3,5,4,41,1,4,0,3,0,0.5442,0.5415
6,3,5,4,42,1,1,1,,,0.3202,0.0
6,3,5,4,43,3,4,0,,,0.3207,0.0
6,3,5,4,44,5,4,0,3,0,1.2293,0.35
6,3,5,4,45,1,6,0,,,0.1044,0.0
6,3,5,4,46,2,5,0,2,1,0.2226,0.2162
6,3,5,4,47,5,5,1,,,0.2066,0.0
6,3,5,4,48,3,4,0,,,0.3717,0.0
6,3,5,4,49,2,3,0,,,0.0011,0.0
6,3,5,4,50,4,2,0,,,0.0554,0.0
7,1,1,1,1,3,6,0,1,0,0.3102,0.5889
7,1,1,1,2,6,6,1,,,0.2546,0.0
7,1,1,1,3,1,6,0,,,0.5141,0.0
7,1,1,1,4,4,4,1,,,3.8309,0.0
7,1,1,1,5,6,6,1,,,2.3123,0.0
7,1,1,1,6,4,4,1,,,2.2799,0.0
7,1,1,1,7,6,6,1,,,0.4086,0.0
7,1,1,1,8,3,3,1,,,0.9669,0.0
7,1,1,1,9,6,6,1,,,0.7971,0.0
7,1,1,1,10,3,3,1,,,0.6832,0.0
7,1,1,1,11,1,5,0,,,0.6535,0.0
7,1,1,1,12,3,5,0,,,0.6038,0.0
7,1,1,1,13,2,2,1,,,0.1897,0.0
7,1,1,1,14,3,2,0,,,0.5641,0.0
7,1,1,1,15,6,6,1,,,0.5348,0.0
7,1,1,1,16,2,2,1,,,0.3985,0.0
7,1,1,1,17,1,1,1,,,0.5249,0.0
7,1,1,1,18,6,5,0,,,0.8381,0.0
7,1,1,1,19,5,5,1,,,0.0773,0.0
7,1,1,1,20,5,5,1,,,0.3599,0.0
7,1,1,1,21,2,2,1,,,0.4724,0.0
7,1,1,1,22,2,1,0,,,0.5149,0.0
7,1,1,1,23,3,3,1,,,0.5515,0.0
7,1,1,1,24,4,4,1,,,0.3993,0.0
7,1,1,1,25,6,6,1,,,0.0611,0.0
7,1,1,1,26,4,3,0,,,1.2247,0.0
7,1,1,1,27,5,6,0,,,0.3051,0.0
7,1,1,1,28,6,1,0,,,0.3509,0.0
7,1,1,1,29,5,5,1,,,0.1212,0.0
7,1,1,1,30,2,2,1,,,0.3069,0.0
7,1,1,1,31,5,4,0,,,0.2285,0.0
7,1,1,1,32,1,1,1,,,0.3251,0.0
7,1,1,1,33,1,2,0,,,0.8058,0.0
7,1,1,1,34,4,4,1,,,0.5914,0.0
7,1,1,1,35,5,5,1,,,0.0049,0.0
7,1,1,1,36,6,6,1,,,0.8034,0.0
7,1,1,1,37,3,3,1,,,0.6254,0.0
7,1,1,1,38,2,5,0,2,1,0.5822,1.1539
7,1,1,1,39,6,6,1,,,0.4958,0.0
7,1,1,1,40,5,1,0,5,1,0.4744,1.9629
7,1,1,1,41,3,3,1,,,1.6725,0.0
7,1,1,1,42,1,3,0,4,0,0.8339,2.1634
7,1,1,1,43,4,3,0,1,0,0.7883,0.4229
7,1,1,1,44,5,5,1,,,0.1763,0.0
7,1,1,1,45,2,2,1,,,0.1035,0.0
7,1,1,1,46,1,4,0,3,0,0.5927,0.9088
7,1,1,1,47,2,2,1,,,0.1927,0.0
7,1,1,1,48,4,2,0,,,0.1671,0.0
7,1,1,1,49,4,4,1,,,0.4586,0.0
7,1,1,1,50,1,1,1,,,0.5664,0.0
7,1,1,2,1,4,4,1,,,2.1395,0.0
7,1,1,2,2,6,6,1,,,0.2734,0.0
7,1,1,2,3,3,2,0,4,0,0.7086,1.3545
7,1,1,2,4,4,4,1,,,0.7169,0.0
7,1,1,2,5,5,5,1,,,0.4938,0.0
7,1,1,2,6,1,1,1,,,0.7286,0.0
7,1,1,2,7,5,5,1,,,0.1849,0.0
7,1,1,2,8,2,2,1,,,0.2395,0.0
7,1,1,2,9,3,3,1,,,0.5483,0.0
7,1,1,2,10,1,6,0,5,0,0.5561,1.3841
7,1,1,2,11,4,1,0,6,0,0.8095,0.7471
7,1,1,2,12,1,1,1,,,0.7897,0.0
7,1,1,2,13,3,3,1,,,0.6278,0.0
7,1,1,2,14,2,3,0,4,0,1.0005,0.4984
7,1,1,2,15,6,6,1,,,0.5523,0.0
7,1,1,2,16,4,6,0,,,0.4159,0.0
7,1,1,2,17,3,2,0,4,0,0.2487,0.8972
7,1,1,2,18,4,2,0,,,0.422,0.0
7,1,1,2,19,2,2,1,,,0.3995,0.0
7,1,1,2,20,4,6,0,1,0,0.493,0.7478
7,1,1,2,21,3,3,1,,,0.8868,0.0
7,1,1,2,22,3,5,0,3,1,0.593,0.4598
7,1,1,2,23,2,2,1,,,0.3437,0.0
7,1,1,2,24,1,3,0,,,1.1598,0.0
7,1,1,2,25,2,2,1,,,0.1464,0.0
7,1,1,2,26,2,2,1,,,0.1063,0.0
7,1,1,2,27,6,6,1,,,0.2288,0.0
7,1,1,2,28,1,1,1,,,0.3937,0.0
7,1,1,2,29,4,4,1,,,0.6808,0.0
7,1,1,2,30,1,1,1,,,0.5539,0.0
7,1,1,2,31,6,6,1,,,0.2415,0.0
7,1,1,2,32,2,2,1,,,0.342,0.0
7,1,1,2,33,6,6,1,,,0.4385,0.0
7,1,1,2,34,4,4,1,,,0.6112,0.0
7,1,1,2,35,6,6,1,,,0.2486,0.0
7,1,1,2,36,5,5,1,,,0.1573,0.0
7,1,1,2,37,5,1,0,2,0,2.0533,0.4197
7,1,1,2,38,5,5,1,,,0.4919,0.0
7,1,1,2,39,6,6,1,,,0.1986,0.0
7,1,1,2,40,5,1,0,2,0,0.5244,0.8742
7,1,1,2,41,2,2,1,,,0.3362,0.0
7,1,1,2,42,3,6,0,5,0,0.6731,0.3771
7,1,1,2,43,6,6,1,,,0.2599,0.0
7,1,1,2,44,5,5,1,,,0.4235,0.0
7,1,1,2,45,6,6,1,,,0.1162,0.0
7,1,1,2,46,5,5,1,,,0.1739,0.0
7,1,1,2,47,1,2,0,4,0,0.6613,0.9256
7,1,1,2,48,3,2,0,,,0.6736,0.0
7,1,1,2,49,6,6,1,,,0.2871,0.0
7,1,1,2,50,1,2,0,,,0.3226,0.0
7,1,1,3,1,5,6,0,,,1.053,0.0
7,1,1,3,2,5,5,1,,,0.507,0.0
7,1,1,3,3,2,2,1,,,0.1489,0.0
7,1,1,3,4,5,5,1,,,1.3255,0.0
7,1,1,3,5,4,6,0,1,0,0.6286,0.7662
7,1,1,3,6,1,1,1,,,0.2324,0.0
7,1,1,3,7,3,5,0,,,1.3732,0.0
7,1,1,3,8,4,2,0,,,0.5274,0.0
7,1,1,3,9,1,5,0,1,1,0.2113,0.5422
7,1,1,3,10,4,4,1,,,0.6143,0.0
7,1,1,3,11,2,2,1,,,0.4598,0.0
7,1,1,3,12,1,6,0,,,0.0712,0.0
7,1,1,3,13,1,1,1,,,0.8944,0.0
7,1,1,3,14,4,6,0,,,0.9513,0.0
7,1,1,3,15,2,2,1,,,0.5383,0.0
7,1,1,3,16,4,4,1,,,1.4912,0.0
7,1,1,3,17,1,5,0,,,0.7082,0.0
7,1,1,3,18,3,1,0,,,0.881,0.0
7,1,1,3,19,5,1,0,6,0,1.1417,1.1141
7,1,1,3,20,6,6,1,,,0.3898,0.0
7,1,1,3,21,2,4,0,3,0,0.7089,0.8904
7,1,1,3,22,6,6,1,,,0.2236,0.0
7,1,1,3,23,1,1,1,,,0.518,0.0
7,1,1,3,24,6,6,1,,,0.8307,0.0
7,1,1,3,25,6,6,1,,,0.5858,0.0
7,1,1,3,26,3,6,0,,,0.4167,0.0
7,1,1,3,27,3,4,0,,,1.2571,0.0
7,1,1,3,28,6,6,1,,,0.5111,0.0
7,1,1,3,29,3,4,0,3,1,0.7287,0.5754
7,1,1,3,30,4,2,0,,,0.533,0.0
7,1,1,3,31,6,2,0,3,0,0.6812,2.2731
7,1,1,3,32,2,2,1,,,0.461,0.0
7,1,1,3,33,1,5,0,,,0.4093,0.0
7,1,1,3,34,5,1,0,3,0,0.5942,0.5732
7,1,1,3,35,2,6,0,3,0,0.6717,0.7269
7,1,1,3,36,4,2,0,5,0,0.2262,0.7648
7,1,1,3,37,6,6,1,,,0.1037,0.0
7,1,1,3,38,4,2,0,5,0,0.6896,0.5044
7,1,1,3,39,5,6,0,,,0.974,0.0
7,1,1,3,40,5,5,1,,,0.1274,0.0
7,1,1,3,41,5,5,1,,,0.0725,0.0
7,1,1,3,42,2,5,0,,,0.3237,0.0
7,1,1,3,43,6,6,1,,,0.0815,0.0
7,1,1,3,44,1,2,0,,,1.259,0.0
7,1,1,3,45,6,6,1,,,0.642,0.0
7,1,1,3,46,2,2,1,,,0.5988,0.0
7,1,1,3,47,3,6,0,1,0,0.9871,0.6937
7,1,1,3,48,6,6,1,,,0.5485,0.0
7,1,1,3,49,3,1,0,4,0,0.7154,1.2503
7,1,1,3,50,3,6,0,,,0.2325,0.0
7,1,1,4,1,4,3,0,5,0,2.7899,1.0786
7,1,1,4,2,2,2,1,,,1.7311,0.0
7,1,1,4,3,3,4,0,,,0.9859,0.0
7,1,1,4,4,4,6,0,,,1.3871,0.0
7,1,1,4,5,1,3,0,,,0.8919,0.0
7,1,1,4,6,6,6,1,,,0.9777,0.0
7,1,1,4,7,4,2,0,,,1.161,0.0
7,1,1,4,8,6,6,1,,,0.4831,0.0
7,1,1,4,9,6,6,1,,,0.3011,0.0
7,1,1,4,10,5,2,0,,,0.7508,0.0
7,1,1,4,11,6,6,1,,,0.0739,0.0
7,1,1,4,12,4,2,0,,,0.6939,0.0
7,1,1,4,13,6,6,1,,,1.6188,0.0
7,1,1,4,14,5,5,1,,,0.1422,0.0
7,1,1,4,15,6,6,1,,,0.1035,0.0
7,1,1,4,16,3,2,0,,,0.4334,0.0
7,1,1,4,17,1,6,0,,,0.0261,0.0
7,1,1,4,18,5,5,1,,,0.5791,0.0
7,1,1,4,19,3,2,0,,,0.4571,0.0
7,1,1,4,20,6,6,1,,,0.9444,0.0
7,1,1,4,21,5,5,1,,,0.344,0.0
7,1,1,4,22,3,3,1,,,1.0323,0.0
7,1,1,4,23,5,5,1,,,0.6682,0.0
7,1,1,4,24,2,2,1,,,0.4312,0.0
7,1,1,4,25,5,5,1,,,0.2998,0.0
7,1,1,4,26,2,2,1,,,1.277,0.0
7,1,1,4,27,2,2,1,,,2.1189,0.0
7,1,1,4,28,3,5,0,4,0,2.2715,0.8849
7,1,1,4,29,1,1,1,,,0.6663,0.0
7,1,1,4,30,2,2,1,,,0.6044,0.0
7,1,1,4,31,3,6,0,,,0.7379,0.0
7,1,1,4,32,5,5,1,,,0.574,0.0
7,1,1,4,33,1,5,0,,,1.7812,0.0
7,1,1,4,34,2,2,1,,,0.1176,0.0
7,1,1,4,35,4,4,1,,,0.8462,0.0
7,1,1,4,36,4,2,0,,,1.0021,0.0
7,1,1,4,37,2,2,1,,,1.1308,0.0
7,1,1,4,38,1,1,1,,,0.2174,0.0
7,1,1,4,39,4,4,1,,,0.3511,0.0
7,1,1,4,40,3,3,1,,,0.5273,0.0
7,1,1,4,41,6,6,1,,,0.4724,0.0
7,1,1,4,42,5,5,1,,,0.6434,0.0
7,1,1,4,43,6,6,1,,,0.5198,0.0
7,1,1,4,44,1,1,1,,,0.1448,0.0
7,1,1,4,45,4,4,1,,,0.5058,0.0
7,1,1,4,46,1,6,0,1,1,0.4988,0.0825
7,1,1,4,47,3,3,1,,,0.6374,0.0
7,1,1,4,48,2,2,1,,,0.2565,0.0
7,1,1,4,49,1,4,0,,,0.5656,0.0
7,1,1,4,50,6,5,0,1,0,0.1349,1.4765
7,1,2,1,1,6,1,0,2,0,0.4906,0.7618
7,1,2,1,2,3,1,0,,,0.7403,0.0
7,1,2,1,3,2,1,0,,,1.0399,0.0
7,1,2,1,4,4,4,1,,,1.7277,0.0
7,1,2,1,5,5,5,1,,,0.2946,0.0
7,1,2,1,6,4,3,0,,,1.049,0.0
7,1,2,1,7,3,6,0,,,0.1675,0.0
7,1,2,1,8,4,4,1,,,0.6179,0.0
7,1,2,1,9,6,4,0,3,0,0.2547,0.9511
7,1,2,1,10,2,2,1,,,0.5858,0.0
7,1,2,1,11,6,6,1,,,0.2248,0.0
7,1,2,1,12,3,2,0,,,0.6616,0.0
7,1,2,1,13,4,5,0,,,1.028,0.0
7,1,2,1,14,2,6,0,2,1,0.6436,0.9238
7,1,2,1,15,3,2,0,,,0.6125,0.0
7,1,2,1,16,2,2,1,,,0.6453,0.0
7,1,2,1,17,5,3,0,4,0,1.3847,1.7154
7,1,2,1,18,4,4,1,,,0.8227,0.0
7,1,2,1,19,2,2,1,,,0.2113,0.0
7,1,2,1,20,6,3,0,4,0,1.0965,0.4632
7,1,2,1,21,2,2,1,,,0.1499,0.0
7,1,2,1,22,6,6,1,,,0.4462,0.0
7,1,2,1,23,1,6,0,,,0.4897,0.0
7,1,2,1,24,1,1,1,,,0.528,0.0
7,1,2,1,25,5,5,1,,,0.0885,0.0
7,1,2,1,26,5,2,0,,,0.707,0.0
7,1,2,1,27,1,6,0,,,0.0648,0.0
7,1,2,1,28,2,2,1,,,0.135,0.0
7,1,2,1,29,3,6,0,,,0.4805,0.0
7,1,2,1,30,6,1,0,6,1,0.4057,0.8882
7,1,2,1,31,4,1,0,,,0.6585,0.0
7,1,2,1,32,1,6,0,2,0,0.3058,0.7921
7,1,2,1,33,3,2,0,,,0.8178,0.0
7,1,2,1,34,2,2,1,,,0.442,0.0
7,1,2,1,35,5,6,0,,,0.2458,0.0
7,1,2,1,36,4,6,0,,,0.2451,0.0
7,1,2,1,37,5,6,0,2,0,0.3889,0.456
7,1,2,1,38,5,1,0,6,0,1.0551,0.4543
7,1,2,1,39,1,1,1,,,0.3346,0.0
7,1,2,1,40,6,6,1,,,1.2633,0.0
7,1,2,1,41,1,6,0,1,1,0.0887,0.3765
7,1,2,1,42,5,2,0,,,0.2798,0.0
7,1,2,1,43,3,3,1,,,1.2697,0.0
7,1,2,1,44,6,6,1,,,0.1274,0.0
7,1,2,1,45,1,2,0,,,0.904,0.0
7,1,2,1,46,4,6,0,,,0.3807,0.0
7,1,2,1,47,6,6,1,,,0.2789,0.0
7,1,2,1,48,6,6,1,,,0.5694,0.0
7,1,2,1,49,1,4,0,,,0.9132,0.0
7,1,2,1,50,3,3,1,,,0.5806,0.0
7,1,2,2,1,4,1,0,4,1,0.6809,1.9048
7,1,2,2,2,4,4,1,,,0.0963,0.0
7,1,2,2,3,6,4,0,3,0,0.1545,1.0469
7,1,2,2,4,6,1,0,6,1,0.9824,0.545
7,1,2,2,5,5,4,0,,,0.8089,0.0
7,1,2,2,6,3,4,0,,,0.2261,0.0
7,1,2,2,7,2,1,0,2,1,0.8672,1.2188
7,1,2,2,8,1,6,0,,,1.102,0.0
7,1,2,2,9,1,3,0,,,1.0508,0.0
7,1,2,2,10,1,3,0,4,0,0.8731,0.3445
7,1,2,2,11,5,5,1,,,0.6445,0.0
7,1,2,2,12,6,4,0,,,1.0157,0.0
7,1,2,2,13,6,1,0,2,0,0.9191,2.0211
7,1,2,2,14,4,6,0,5,0,0.6677,0.8677
7,1,2,2,15,6,5,0,,,0.3936,0.0
7,1,2,2,16,1,4,0,,,0.3396,0.0
7,1,2,2,17,4,2,0,1,0,0.3195,1.4289
7,1,2,2,18,5,6,0,5,1,0.6285,0.9261
7,1,2,2,19,3,4,0,,,0.726,0.0
7,1,2,2,20,3,3,1,,,0.6261,0.0
7,1,2,2,21,6,3,0,4,0,0.5828,0.8356
7,1,2,2,22,4,5,0,,,0.2988,0.0
7,1,2,2,23,1,6,0,1,1,0.7759,0.8435
7,1,2,2,24,2,5,0,,,0.631,0.0
7,1,2,2,25,1,4,0,,,0.7912,0.0
7,1,2,2,26,3,4,0,,,0.8486,0.0
7,1,2,2,27,2,2,1,,,0.4073,0.0
7,1,2,2,28,6,6,1,,,0.1322,0.0
7,1,2,2,29,2,6,0,,,0.573,0.0
7,1,2,2,30,5,4,0,2,0,0.6075,0.9386
7,1,2,2,31,3,4,0,,,0.7822,0.0
7,1,2,2,32,4,4,1,,,1.1427,0.0
7,1,2,2,33,4,4,1,,,0.3262,0.0
7,1,2,2,34,2,2,1,,,0.9355,0.0
7,1,2,2,35,6,3,0,5,0,1.0884,1.6868
7,1,2,2,36,2,1,0,,,0.3624,0.0
7,1,2,2,37,5,1,0,,,0.7894,0.0
7,1,2,2,38,4,4,1,,,0.7827,0.0
7,1,2,2,39,5,5,1,,,0.7972,0.0
7,1,2,2,40,3,6,0,2,0,1.5145,0.4481
7,1,2,2,41,2,6,0,5,0,0.2944,0.9582
7,1,2,2,42,6,3,0,,,1.825,0.0
7,1,2,2,43,2,4,0,5,0,0.6722,1.1113
7,1,2,2,44,3,1,0,,,2.0507,0.0
7,1,2,2,45,3,5,0,,,0.3761,0.0
7,1,2,2,46,5,6,0,,,0.2901,0.0
7,1,2,2,47,1,1,1,,,0.5122,0.0
7,1,2,2,48,1,6,0,,,0.633,0.0
7,1,2,2,49,6,6,1,,,0.2334,0.0
7,1,2,2,50,5,2,0,,,0.6541,0.0
7,1,2,3,1,6,6,1,,,1.8819,0.0
7,1,2,3,2,1,3,0,,,1.2274,0.0
7,1,2,3,3,6,5,0,,,0.6108,0.0
7,1,2,3,4,6,6,1,,,0.7552,0.0
7,1,2,3,5,5,5,1,,,0.0988,0.0
7,1,2,3,6,1,2,0,,,0.637,0.0
7,1,2,3,7,5,2,0,5,1,0.8767,0.7157
7,1,2,3,8,1,1,1,,,0.9083,0.0
7,1,2,3,9,1,2,0,,,0.5653,0.0
7,1,2,3,10,5,6,0,5,1,0.9205,0.581
7,1,2,3,11,3,3,1,,,1.1312,0.0
7,1,2,3,12,3,1,0,3,1,0.7798,0.639
7,1,2,3,13,1,1,1,,,0.2273,0.0
7,1,2,3,14,6,5,0,,,0.504,0.0
7,1,2,3,15,1,1,1,,,0.3498,0.0
7,1,2,3,16,5,5,1,,,0.1575,0.0
7,1,2,3,17,4,5,0,2,0,0.0848,1.1087
7,1,2,3,18,2,2,1,,,0.673,0.0
7,1,2,3,19,3,3,1,,,0.4518,0.0
7,1,2,3,20,3,3,1,,,0.4482,0.0
7,1,2,3,21,6,6,1,,,0.0912,0.0
7,1,2,3,22,3,2,0,,,0.7271,0.0
7,1,2,3,23,3,3,1,,,0.6894,0.0
7,1,2,3,24,1,2,0,3,0,0.2448,0.6535
7,1,2,3,25,6,5,0,6,1,0.5406,0.4422
7,1,2,3,26,2,2,1,,,0.1186,0.0
7,1,2,3,27,6,6,1,,,0.1112,0.0
7,1,2,3,28,5,6,0,5,1,0.4091,0.7947
7,1,2,3,29,2,2,1,,,0.3764,0.0
7,1,2,3,30,3,3,1,,,0.5681,0.0
7,1,2,3,31,2,2,1,,,0.319,0.0
7,1,2,3,32,2,2,1,,,0.3684,0.0
7,1,2,3,33,5,5,1,,,0.1913,0.0
7,1,2,3,34,6,6,1,,,0.6458,0.0
7,1,2,3,35,2,2,1,,,0.3769,0.0
7,1,2,3,36,4,4,1,,,0.7926,0.0
7,1,2,3,37,1,1,1,,,0.8552,0.0
7,1,2,3,38,4,4,1,,,1.1701,0.0
7,1,2,3,39,2,6,0,,,0.6878,0.0
7,1,2,3,40,4,4,1,,,0.5741,0.0
7,1,2,3,41,6,4,0,,,0.6442,0.0
7,1,2,3,42,5,4,0,,,0.7714,0.0
7,1,2,3,43,4,4,1,,,0.4936,0.0
7,1,2,3,44,4,4,1,,,0.7446,0.0
7,1,2,3,45,2,2,1,,,0.4078,0.0
7,1,2,3,46,4,4,1,,,0.4537,0.0
7,1,2,3,47,3,4,0,3,1,0.7705,0.3728
7,1,2,3,48,6,5,0,,,0.8679,0.0
7,1,2,3,49,4,5,0,,,0.2985,0.0
7,1,2,3,50,5,4,0,,,1.0643,0.0
7,1,2,4,1,6,6,1,,,1.5072,0.0
7,1,2,4,2,3,3,1,,,0.9801,0.0
7,1,2,4,3,5,5,1,,,0.0738,0.0
7,1,2,4,4,4,4,1,,,0.1815,0.0
7,1,2,4,5,3,2,0,,,0.2516,0.0
7,1,2,4,6,2,2,1,,,0.4274,0.0
7,1,2,4,7,1,4,0,3,0,0.6971,0.0148
7,1,2,4,8,4,5,0,,,0.8089,0.0
7,1,2,4,9,5,6,0,,,0.9139,0.0
7,1,2,4,10,6,5,0,,,0.2614,0.0
7,1,2,4,11,2,2,1,,,0.3084,0.0
7,1,2,4,12,6,6,1,,,0.2771,0.0
7,1,2,4,13,6,6,1,,,0.0737,0.0
7,1,2,4,14,2,2,1,,,0.3399,0.0
7,1,2,4,15,4,1,0,2,0,0.837,0.6778
7,1,2,4,16,1,6,0,,,1.7627,0.0
7,1,2,4,17,4,2,0,6,0,0.6121,0.5103
7,1,2,4,18,5,5,1,,,0.2112,0.0
7,1,2,4,19,5,5,1,,,0.6322,0.0
7,1,2,4,20,4,4,1,,,0.7324,0.0
7,1,2,4,21,3,1,0,,,1.0053,0.0
7,1,2,4,22,6,5,0,2,0,0.2052,0.8083
7,1,2,4,23,4,4,1,,,0.5609,0.0
7,1,2,4,24,2,2,1,,,0.8089,0.0
7,1,2,4,25,1,2,0,,,0.5341,0.0
7,1,2,4,26,2,2,1,,,0.6336,0.0
7,1,2,4,27,4,2,0,,,1.15,0.0
7,1,2,4,28,6,6,1,,,0.9678,0.0
7,1,2,4,29,4,5,0,,,0.767,0.0
7,1,2,4,30,2,2,1,,,0.3611,0.0
7,1,2,4,31,3,2,0,5,0,0.7285,0.686
7,1,2,4,32,2,2,1,,,0.4273,0.0
7,1,2,4,33,3,3,1,,,0.9205,0.0
7,1,2,4,34,1,1,1,,,0.6576,0.0
7,1,2,4,35,6,2,0,3,0,0.3722,0.4406
7,1,2,4,36,6,2,0,,,0.6241,0.0
7,1,2,4,37,3,6,0,,,0.2412,0.0
7,1,2,4,38,5,2,0,,,0.7363,0.0
7,1,2,4,39,6,6,1,,,0.4285,0.0
7,1,2,4,40,1,1,1,,,0.3762,0.0
7,1,2,4,41,1,4,0,,,0.8718,0.0
7,1,2,4,42,5,1,0,,,0.5096,0.0
7,1,2,4,43,3,3,1,,,1.0742,0.0
7,1,2,4,44,5,5,1,,,0.6452,0.0
7,1,2,4,45,3,4,0,,,0.5528,0.0
7,1,2,4,46,1,5,0,2,0,0.1077,1.7861
7,1,2,4,47,6,5,0,,,0.6502,0.0
7,1,2,4,48,2,2,1,,,0.3295,0.0
7,1,2,4,49,1,6,0,,,0.6022,0.0
7,1,2,4,50,5,2,0,,,0.6987,0.0
7,1,3,1,1,6,6,1,,,1.2497,0.0
7,1,3,1,2,3,2,0,,,0.2846,0.0
7,1,3,1,3,5,5,1,,,0.9859,0.0
7,1,3,1,4,6,1,0,6,1,0.5444,1.2932
7,1,3,1,5,2,2,1,,,0.2784,0.0
7,1,3,1,6,1,1,1,,,0.4729,0.0
7,1,3,1,7,5,1,0,,,0.5638,0.0
7,1,3,1,8,6,6,1,,,0.9341,0.0
7,1,3,1,9,4,4,1,,,0.9112,0.0
7,1,3,1,10,6,6,1,,,0.8882,0.0
7,1,3,1,11,1,2,0,,,0.3695,0.0
7,1,3,1,12,2,5,0,,,0.7008,0.0
7,1,3,1,13,3,2,0,,,1.1136,0.0
7,1,3,1,14,5,6,0,,,0.8057,0.0
7,1,3,1,15,4,5,0,,,0.2696,0.0
7,1,3,1,16,5,3,0,5,1,0.8772,0.6362
7,1,3,1,17,4,1,0,3,0,0.7042,1.2705
7,1,3,1,18,2,2,1,,,0.4919,0.0
7,1,3,1,19,2,6,0,2,1,0.486,1.2219
7,1,3,1,20,1,1,1,,,2.1775,0.0
7,1,3,1,21,3,2,0,3,1,0.1834,0.9148
7,1,3,1,22,4,6,0,,,0.8751,0.0
7,1,3,1,23,6,2,0,,,0.4157,0.0
7,1,3,1,24,6,1,0,6,1,0.521,0.4705
7,1,3,1,25,2,2,1,,,0.2097,0.0
7,1,3,1,26,3,2,0,3,1,0.4393,0.6806
7,1,3,1,27,2,6,0,2,1,3.5945,0.5705
7,1,3,1,28,5,2,0,6,0,0.3531,0.3426
7,1,3,1,29,4,5,0,2,0,0.9617,1.1501
7,1,3,1,30,5,5,1,,,0.0724,0.0
7,1,3,1,31,1,6,0,1,1,0.6594,0.2208
7,1,3,1,32,3,4,0,,,0.6099,0.0
7,1,3,1,33,6,6,1,,,0.2586,0.0
7,1,3,1,34,5,1,0,,,0.7743,0.0
7,1,3,1,35,2,2,1,,,0.4797,0.0
7,1,3,1,36,1,6,0,,,0.7626,0.0
7,1,3,1,37,5,5,1,,,0.453,0.0
7,1,3,1,38,3,5,0,,,0.4161,0.0
7,1,3,1,39,3,3,1,,,1.5763,0.0
7,1,3,1,40,1,1,1,,,1.5591,0.0
7,1,3,1,41,4,4,1,,,1.9079,0.0
7,1,3,1,42,3,4,0,,,0.8369,0.0
7,1,3,1,43,1,1,1,,,1.1963,0.0
7,1,3,1,44,6,1,0,,,1.9765,0.0
7,1,3,1,45,4,5,0,6,0,2.2902,1.1912
7,1,3,1,46,4,2,0,3,0,4.9119,0.8571
7,1,3,1,47,6,6,1,,,1.663,0.0
7,1,3,1,48,2,2,1,,,1.0971,0.0
7,1,3,1,49,1,3,0,,,1.6266,0.0
7,1,3,1,50,6,5,0,6,1,2.705,0.3573
7,1,3,2,1,3,3,1,,,3.042,0.0
7,1,3,2,2,5,5,1,,,0.2598,0.0
7,1,3,2,3,1,5,0,1,1,0.1512,0.3409
7,1,3,2,4,4,2,0,,,0.6131,0.0
7,1,3,2,5,2,4,0,,,1.3972,0.0
7,1,3,2,6,5,6,0,,,0.1812,0.0
7,1,3,2,7,5,1,0,,,1.7835,0.0
7,1,3,2,8,4,4,1,,,0.7607,0.0
7,1,3,2,9,6,6,1,,,0.3908,0.0
7,1,3,2,10,2,2,1,,,0.325,0.0
7,1,3,2,11,3,6,0,5,0,0.9192,1.0441
7,1,3,2,12,1,5,0,2,0,0.5789,0.5416
7,1,3,2,13,1,1,1,,,0.6415,0.0
7,1,3,2,14,3,5,0,,,0.8695,0.0
7,1,3,2,15,5,2,0,,,0.7,0.0
7,1,3,2,16,5,2,0,,,0.345,0.0
7,1,3,2,17,6,3,0,,,0.9314,0.0
7,1,3,2,18,5,4,0,2,0,1.1907,0.7457
7,1,3,2,19,2,2,1,,,0.5008,0.0
7,1,3,2,20,1,5,0,2,0,0.6702,0.5658
7,1,3,2,21,5,1,0,6,0,0.4401,0.4253
7,1,3,2,22,2,2,1,,,0.5931,0.0
7,1,3,2,23,6,6,1,,,0.9516,0.0
7,1,3,2,24,6,2,0,,,0.6224,0.0
7,1,3,2,25,4,2,0,,,1.0399,0.0
7,1,3,2,26,4,4,1,,,0.9587,0.0
7,1,3,2,27,1,1,1,,,0.9651,0.0
7,1,3,2,28,3,4,0,,,1.0678,0.0
7,1,3,2,29,1,6,0,,,0.2186,0.0
7,1,3,2,30,6,6,1,,,1.0829,0.0
7,1,3,2,31,2,2,1,,,0.3167,0.0
7,1,3,2,32,3,3,1,,,2.334,0.0
7,1,3,2,33,6,6,1,,,0.6842,0.0
7,1,3,2,34,4,2,0,,,0.3497,0.0
7,1,3,2,35,1,6,0,,,0.7933,0.0
7,1,3,2,36,4,2,0,,,0.6266,0.0
7,1,3,2,37,2,2,1,,,0.4022,0.0
7,1,3,2,38,6,6,1,,,0.8316,0.0
7,1,3,2,39,1,2,0,4,0,0.5071,0.8102
7,1,3,2,40,3,2,0,,,1.5383,0.0
7,1,3,2,41,3,5,0,,,0.9096,0.0
7,1,3,2,42,4,3,0,,,0.6894,0.0
7,1,3,2,43,2,2,1,,,0.4311,0.0
7,1,3,2,44,6,2,0,,,0.5395,0.0
7,1,3,2,45,5,6,0,,,0.0009,0.0
7,1,3,2,46,2,5,0,2,1,0.6007,1.1392
7,1,3,2,47,4,4,1,,,0.1937,0.0
7,1,3,2,48,6,6,1,,,0.025,0.0
7,1,3,2,49,3,3,1,,,0.5816,0.0
7,1,3,2,50,6,6,1,,,0.1239,0.0
7,1,3,3,1,2,2,1,,,1.0106,0.0
7,1,3,3,2,5,5,1,,,0.9048,0.0
7,1,3,3,3,4,1,0,,,0.6419,0.0
7,1,3,3,4,1,2,0,,,0.2411,0.0
7,1,3,3,5,5,5,1,,,0.0009,0.0
7,1,3,3,6,6,6,1,,,0.5601,0.0
7,1,3,3,7,1,6,0,,,0.1837,0.0
7,1,3,3,8,3,1,0,3,1,0.6007,0.7074
7,1,3,3,9,6,6,1,,,1.157,0.0
7,1,3,3,10,2,2,1,,,0.6607,0.0
7,1,3,3,11,3,3,1,,,0.7275,0.0
7,1,3,3,12,1,5,0,6,0,0.9504,0.7232
7,1,3,3,13,1,1,1,,,0.6395,0.0
7,1,3,3,14,6,6,1,,,0.8204,0.0
7,1,3,3,15,3,6,0,2,0,0.8653,0.8166
7,1,3,3,16,3,2,0,,,0.6495,0.0
7,1,3,3,17,4,1,0,5,0,0.6803,0.4156
7,1,3,3,18,2,2,1,,,0.5194,0.0
7,1,3,3,19,1,1,1,,,0.4655,0.0
7,1,3,3,20,5,6,0,1,0,1.3235,0.5045
7,1,3,3,21,5,2,0,5,1,0.2858,0.5333
7,1,3,3,22,2,2,1,,,0.238,0.0
7,1,3,3,23,5,4,0,6,0,0.658,0.362
7,1,3,3,24,2,2,1,,,0.6454,0.0
7,1,3,3,25,6,6,1,,,0.1211,0.0
7,1,3,3,26,4,4,1,,,0.6898,0.0
7,1,3,3,27,5,6,0,,,0.7407,0.0
7,1,3,3,28,4,6,0,5,0,0.3843,0.6588
7,1,3,3,29,6,6,1,,,0.401,0.0
7,1,3,3,30,2,2,1,,,0.5109,0.0
7,1,3,3,31,3,3,1,,,0.6641,0.0
7,1,3,3,32,1,6,0,,,0.7465,0.0
7,1,3,3,33,4,5,0,,,0.6138,0.0
7,1,3,3,34,4,3,0,4,1,0.7737,0.537
7,1,3,3,35,6,6,1,,,0.6898,0.0
7,1,3,3,36,6,2,0,,,0.6601,0.0
7,1,3,3,37,6,6,1,,,0.6745,0.0
7,1,3,3,38,1,6,0,,,0.5016,0.0
7,1,3,3,39,2,2,1,,,0.3471,0.0
7,1,3,3,40,4,6,0,5,0,0.7782,0.8136
7,1,3,3,41,5,5,1,,,0.3099,0.0
7,1,3,3,42,3,2,0,,,0.7276,0.0
7,1,3,3,43,2,2,1,,,0.1478,0.0
7,1,3,3,44,5,2,0,,,0.5234,0.0
7,1,3,3,45,1,6,0,,,0.2401,0.0
7,1,3,3,46,3,2,0,,,1.7601,0.0
7,1,3,3,47,6,6,1,,,0.6892,0.0
7,1,3,3,48,4,2,0,,,0.2275,0.0
7,1,3,3,49,6,6,1,,,0.3079,0.0
7,1,3,3,50,3,2,0,5,0,0.7412,0.6829
7,1,3,4,1,2,2,1,,,0.15,0.0
7,1,3,4,2,1,1,1,,,0.8141,0.0
7,1,3,4,3,6,6,1,,,0.1062,0.0
7,1,3,4,4,5,2,0,5,1,0.66,0.6682
7,1,3,4,5,4,4,1,,,0.7513,0.0
7,1,3,4,6,6,6,1,,,0.3189,0.0
7,1,3,4,7,5,2,0,5,1,0.6408,0.3296
7,1,3,4,8,6,6,1,,,0.2012,0.0
7,1,3,4,9,6,6,1,,,0.001,0.0
7,1,3,4,10,5,5,1,,,0.1264,0.0
7,1,3,4,11,3,1,0,,,0.1986,0.0
7,1,3,4,12,3,2,0,,,0.0724,0.0
7,1,3,4,13,4,2,0,,,0.3996,0.0
7,1,3,4,14,2,2,1,,,0.2,0.0
7,1,3,4,15,1,6,0,,,0.83,0.0
7,1,3,4,16,3,1,0,2,0,0.0225,0.8399
7,1,3,4,17,2,2,1,,,0.159,0.0
7,1,3,4,18,3,3,1,,,0.7431,0.0
7,1,3,4,19,2,2,1,,,0.3112,0.0
7,1,3,4,20,4,4,1,,,0.6804,0.0
7,1,3,4,21,6,6,1,,,0.5228,0.0
7,1,3,4,22,3,4,0,3,1,0.5796,0.6867
7,1,3,4,23,6,2,0,6,1,1.0733,0.001
7,1,3,4,24,1,3,0,5,0,0.6632,0.4955
7,1,3,4,25,1,4,0,2,0,1.2363,0.2926
7,1,3,4,26,5,4,0,,,0.8812,0.0
7,1,3,4,27,3,6,0,4,0,0.6624,0.5591
7,1,3,4,28,3,6,0,,,0.5777,0.0
7,1,3,4,29,4,4,1,,,0.7553,0.0
7,1,3,4,30,3,6,0,2,0,0.099,0.5308
7,1,3,4,31,1,1,1,,,0.5182,0.0
7,1,3,4,32,1,4,0,,,0.6075,0.0
7,1,3,4,33,5,5,1,,,0.1926,0.0
7,1,3,4,34,2,3,0,4,0,0.6297,0.5122
7,1,3,4,35,5,6,0,2,0,0.1162,0.6915
7,1,3,4,36,4,5,0,,,0.2246,0.0
7,1,3,4,37,5,6,0,,,0.3841,0.0
7,1,3,4,38,6,4,0,,,0.3952,0.0
7,1,3,4,39,2,2,1,,,0.1164,0.0
7,1,3,4,40,2,2,1,,,0.6693,0.0
7,1,3,4,41,6,2,0,6,1,0.4808,0.72
7,1,3,4,42,4,4,1,,,0.7204,0.0
7,1,3,4,43,6,5,0,,,0.6894,0.0
7,1,3,4,44,1,1,1,,,0.8476,0.0
7,1,3,4,45,1,1,1,,,0.1225,0.0
7,1,3,4,46,4,4,1,,,0.532,0.0
7,1,3,4,47,2,2,1,,,0.4123,0.0
7,1,3,4,48,6,6,1,,,0.8571,0.0
7,1,3,4,49,4,4,1,,,1.0609,0.0
7,1,3,4,50,5,6,0,,,0.3583,0.0
7,1,4,1,1,3,2,0,,,0.2826,0.0
7,1,4,1,2,1,4,0,,,0.4408,0.0
7,1,4,1,3,2,4,0,,,0.6561,0.0
7,1,4,1,4,5,2,0,,,0.576,0.0
7,1,4,1,5,3,3,1,,,1.0088,0.0
7,1,4,1,6,3,2,0,,,0.7578,0.0
7,1,4,1,7,6,3,0,4,0,0.9763,0.4433
7,1,4,1,8,1,5,0,,,1.011,0.0
7,1,4,1,9,2,2,1,,,0.339,0.0
7,1,4,1,10,4,6,0,,,0.5632,0.0
7,1,4,1,11,4,4,1,,,0.9977,0.0
7,1,4,1,12,3,4,0,,,0.6835,0.0
7,1,4,1,13,6,6,1,,,0.6644,0.0
7,1,4,1,14,5,5,1,,,0.7159,0.0
7,1,4,1,15,5,3,0,,,0.6046,0.0
7,1,4,1,16,6,6,1,,,0.8287,0.0
7,1,4,1,17,5,5,1,,,0.8258,0.0
7,1,4,1,18,4,4,1,,,0.7739,0.0
7,1,4,1,19,4,4,1,,,0.1486,0.0
7,1,4,1,20,5,5,1,,,0.2363,0.0
7,1,4,1,21,4,4,1,,,0.6255,0.0
7,1,4,1,22,2,2,1,,,0.5337,0.0
7,1,4,1,23,6,5,0,,,0.1421,0.0
7,1,4,1,24,4,3,0,,,0.8013,0.0
7,1,4,1,25,5,6,0,5,1,0.4112,0.7818
7,1,4,1,26,1,4,0,3,0,0.7314,0.4331
7,1,4,1,27,1,1,1,,,0.7134,0.0
7,1,4,1,28,3,3,1,,,0.618,0.0
7,1,4,1,29,3,3,1,,,0.5111,0.0
7,1,4,1,30,3,5,0,,,0.552,0.0
7,1,4,1,31,6,4,0,3,0,0.3305,0.2413
7,1,4,1,32,4,4,1,,,0.656,0.0
7,1,4,1,33,2,2,1,,,0.2115,0.0
7,1,4,1,34,2,4,0,,,0.2808,0.0
7,1,4,1,35,4,2,0,,,0.5036,0.0
7,1,4,1,36,1,1,1,,,0.6522,0.0
7,1,4,1,37,6,6,1,,,0.5916,0.0
7,1,4,1,38,2,2,1,,,0.8863,0.0
7,1,4,1,39,3,2,0,6,0,0.1926,0.8443
7,1,4,1,40,1,4,0,,,0.803,0.0
7,1,4,1,41,2,2,1,,,0.2675,0.0
7,1,4,1,42,6,4,0,,,0.8941,0.0
7,1,4,1,43,6,3,0,4,0,0.9467,0.72
7,1,4,1,44,1,1,1,,,0.5395,0.0
7,1,4,1,45,6,2,0,,,0.4527,0.0
7,1,4,1,46,1,3,0,,,1.1316,0.0
7,1,4,1,47,2,2,1,,,0.2785,0.0
7,1,4,1,48,5,6,0,,,0.201,0.0
7,1,4,1,49,6,1,0,3,0,1.5626,0.7824
7,1,4,1,50,5,6,0,,,0.3761,0.0
7,1,4,2,1,3,3,1,,,0.9266,0.0
7,1,4,2,2,1,1,1,,,0.8715,0.0
7,1,4,2,3,1,3,0,4,0,0.833,0.4827
7,1,4,2,4,3,2,0,,,0.8882,0.0
7,1,4,2,5,2,2,1,,,0.7822,0.0
7,1,4,2,6,3,2,0,,,0.5716,0.0
7,1,4,2,7,4,6,0,5,0,0.7665,0.146
7,1,4,2,8,3,2,0,,,0.6786,0.0
7,1,4,2,9,4,2,0,4,1,0.4672,0.8195
7,1,4,2,10,6,6,1,,,0.4804,0.0
7,1,4,2,11,5,2,0,,,0.1712,0.0
7,1,4,2,12,2,2,1,,,0.11,0.0
7,1,4,2,13,6,6,1,,,0.5354,0.0
7,1,4,2,14,4,4,1,,,0.623,0.0
7,1,4,2,15,6,6,1,,,0.6439,0.0
7,1,4,2,16,3,2,0,,,0.6321,0.0
7,1,4,2,17,1,1,1,,,0.423,0.0
7,1,4,2,18,6,6,1,,,1.8118,0.0
7,1,4,2,19,3,3,1,,,0.664,0.0
7,1,4,2,20,2,2,1,,,0.554,0.0
7,1,4,2,21,5,2,0,,,0.4982,0.0
7,1,4,2,22,6,6,1,,,0.3921,0.0
7,1,4,2,23,2,2,1,,,0.4379,0.0
7,1,4,2,24,6,6,1,,,0.8509,0.0
7,1,4,2,25,6,6,1,,,0.2858,0.0
7,1,4,2,26,5,5,1,,,0.1603,0.0
7,1,4,2,27,2,2,1,,,0.8235,0.0
7,1,4,2,28,2,2,1,,,0.2449,0.0
7,1,4,2,29,5,5,1,,,0.296,0.0
7,1,4,2,30,1,1,1,,,0.7944,0.0
7,1,4,2,31,6,6,1,,,0.5997,0.0
7,1,4,2,32,4,6,0,1,0,0.6688,0.9964
7,1,4,2,33,5,5,1,,,0.7419,0.0
7,1,4,2,34,2,5,0,,,0.2772,0.0
7,1,4,2,35,4,4,1,,,0.7549,0.0
7,1,4,2,36,3,5,0,,,0.5619,0.0
7,1,4,2,37,4,2,0,,,0.8527,0.0
7,1,4,2,38,5,5,1,,,0.8748,0.0
7,1,4,2,39,1,5,0,2,0,0.2938,0.5734
7,1,4,2,40,1,1,1,,,0.8628,0.0
7,1,4,2,41,4,3,0,,,0.778,0.0
7,1,4,2,42,6,5,0,,,0.5316,0.0
7,1,4,2,43,6,6,1,,,1.7517,0.0
7,1,4,2,44,5,6,0,,,0.7173,0.0
7,1,4,2,45,1,5,0,,,0.634,0.0
7,1,4,2,46,5,5,1,,,0.2661,0.0
7,1,4,2,47,1,1,1,,,1.0214,0.0
7,1,4,2,48,2,2,1,,,0.8808,0.0
7,1,4,2,49,3,3,1,,,1.0514,0.0
7,1,4,2,50,4,5,0,,,0.5257,0.0
7,1,4,3,1,6,2,0,,,0.7833,0.0
7,1,4,3,2,5,5,1,,,0.1373,0.0
7,1,4,3,3,4,4,1,,,0.85,0.0
7,1,4,3,4,6,6,1,,,0.3485,0.0
7,1,4,3,5,2,2,1,,,0.9724,0.0
7,1,4,3,6,5,5,1,,,1.0274,0.0
7,1,4,3,7,5,1,0,3,0,1.3829,0.5306
7,1,4,3,8,2,2,1,,,0.6936,0.0
7,1,4,3,9,1,1,1,,,0.3909,0.0
7,1,4,3,10,3,3,1,,,0.8696,0.0
7,1,4,3,11,1,1,1,,,0.7837,0.0
7,1,4,3,12,6,2,0,5,0,1.0219,1.1756
7,1,4,3,13,6,6,1,,,0.1604,0.0
7,1,4,3,14,2,2,1,,,0.5677,0.0
7,1,4,3,15,1,2,0,,,0.4786,0.0
7,1,4,3,16,6,6,1,,,0.5643,0.0
7,1,4,3,17,6,6,1,,,0.2037,0.0
7,1,4,3,18,5,5,1,,,0.2896,0.0
7,1,4,3,19,3,4,0,,,0.8679,0.0
7,1,4,3,20,2,3,0,,,0.1068,0.0
7,1,4,3,21,4,2,0,,,0.2874,0.0
7,1,4,3,22,5,1,0,,,0.5264,0.0
7,1,4,3,23,3,3,1,,,0.9463,0.0
7,1,4,3,24,5,5,1,,,0.201,0.0
7,1,4,3,25,3,4,0,,,0.5913,0.0
7,1,4,3,26,4,4,1,,,1.2326,0.0
7,1,4,3,27,2,2,1,,,0.3631,0.0
7,1,4,3,28,4,4,1,,,0.7141,0.0
7,1,4,3,29,6,2,0,,,0.2839,0.0
7,1,4,3,30,6,6,1,,,0.6654,0.0
7,1,4,3,31,4,4,1,,,0.9407,0.0
7,1,4,3,32,1,4,0,,,0.5643,0.0
7,1,4,3,33,1,4,0,3,0,0.6628,1.1512
7,1,4,3,34,2,5,0,2,1,0.7617,0.525
7,1,4,3,35,3,3,1,,,0.6782,0.0
7,1,4,3,36,1,5,0,,,1.2564,0.0
7,1,4,3,37,6,3,0,4,0,0.4785,0.67
7,1,4,3,38,1,3,0,4,0,0.7166,0.6262
7,1,4,3,39,4,4,1,,,0.5777,0.0
7,1,4,3,40,6,6,1,,,0.2163,0.0
7,1,4,3,41,1,2,0,,,1.1145,0.0
7,1,4,3,42,2,6,0,5,0,0.5506,0.5308
7,1,4,3,43,4,4,1,,,0.519,0.0
7,1,4,3,44,2,2,1,,,0.5117,0.0
7,1,4,3,45,3,3,1,,,0.6804,0.0
7,1,4,3,46,5,1,0,,,0.1551,0.0
7,1,4,3,47,3,4,0,5,0,0.958,0.586
7,1,4,3,48,4,5,0,,,0.4119,0.0
7,1,4,3,49,3,6,0,,,0.3882,0.0
7,1,4,3,50,5,3,0,4,0,0.7022,0.5958
7,1,4,4,1,2,2,1,,,1.4114,0.0
7,1,4,4,2,2,3,0,4,0,1.0632,0.8946
7,1,4,4,3,2,1,0,6,0,0.8189,0.501
7,1,4,4,4,6,6,1,,,0.1373,0.0
7,1,4,4,5,6,6,1,,,0.2268,0.0
7,1,4,4,6,5,5,1,,,0.6636,0.0
7,1,4,4,7,1,1,1,,,0.6979,0.0
7,1,4,4,8,1,2,0,5,0,0.3962,0.4146
7,1,4,4,9,1,1,1,,,0.6948,0.0
7,1,4,4,10,4,4,1,,,1.2402,0.0
7,1,4,4,11,6,6,1,,,0.1486,0.0
7,1,4,4,12,6,1,0,,,1.9482,0.0
7,1,4,4,13,2,6,0,,,0.3899,0.0
7,1,4,4,14,3,4,0,,,0.7507,0.0
7,1,4,4,15,5,5,1,,,0.0906,0.0
7,1,4,4,16,1,6,0,,,0.3568,0.0
7,1,4,4,17,4,1,0,6,0,2.095,1.8853
7,1,4,4,18,6,6,1,,,0.6653,0.0
7,1,4,4,19,3,3,1,,,2.8916,0.0
7,1,4,4,20,3,6,0,,,2.9798,0.0
7,1,4,4,21,6,6,1,,,0.658,0.0
7,1,4,4,22,2,2,1,,,1.237,0.0
7,1,4,4,23,3,3,1,,,1.5048,0.0
7,1,4,4,24,2,2,1,,,1.0575,0.0
7,1,4,4,25,1,1,1,,,1.172,0.0
7,1,4,4,26,5,5,1,,,1.8908,0.0
7,1,4,4,27,5,3,0,,,1.8428,0.0
7,1,4,4,28,3,3,1,,,2.2243,0.0
7,1,4,4,29,5,5,1,,,0.8353,0.0
7,1,4,4,30,1,1,1,,,0.8472,0.0
7,1,4,4,31,2,2,1,,,0.4737,0.0
7,1,4,4,32,1,5,0,6,0,1.9572,0.8086
7,1,4,4,33,2,2,1,,,0.8485,0.0
7,1,4,4,34,3,4,0,5,0,0.8433,0.5402
7,1,4,4,35,4,4,1,,,0.688,0.0
7,1,4,4,36,4,2,0,,,0.8829,0.0
7,1,4,4,37,3,2,0,,,0.7756,0.0
7,1,4,4,38,4,4,1,,,0.5767,0.0
7,1,4,4,39,1,5,0,4,0,0.3117,0.7656
7,1,4,4,40,6,6,1,,,0.856,0.0
7,1,4,4,41,4,4,1,,,0.468,0.0
7,1,4,4,42,6,6,1,,,0.6706,0.0
7,1,4,4,43,6,6,1,,,0.0337,0.0
7,1,4,4,44,4,4,1,,,0.6065,0.0
7,1,4,4,45,4,4,1,,,0.5956,0.0
7,1,4,4,46,5,5,1,,,0.1374,0.0
7,1,4,4,47,5,6,0,,,0.3052,0.0
7,1,4,4,48,5,5,1,,,0.0301,0.0
7,1,4,4,49,3,2,0,,,0.9064,0.0
7,1,4,4,50,6,6,1,,,0.4634,0.0
7,1,5,1,1,6,6,1,,,0.2298,0.0
7,1,5,1,2,5,5,1,,,0.3154,0.0
7,1,5,1,3,5,4,0,,,0.5246,0.0
7,1,5,1,4,6,6,1,,,0.3521,0.0
7,1,5,1,5,2,1,0,,,0.2714,0.0
7,1,5,1,6,6,6,1,,,0.0937,0.0
7,1,5,1,7,4,2,0,3,0,0.9358,0.3883
7,1,5,1,8,5,5,1,,,0.206,0.0
7,1,5,1,9,1,2,0,,,0.2931,0.0
7,1,5,1,10,2,2,1,,,0.3218,0.0
7,1,5,1,11,2,2,1,,,0.1949,0.0
7,1,5,1,12,3,6,0,,,0.2168,0.0
7,1,5,1,13,1,5,0,4,0,0.9059,0.8242
7,1,5,1,14,4,6,0,,,0.9284,0.0
7,1,5,1,15,3,3,1,,,0.8359,0.0
7,1,5,1,16,5,6,0,,,0.6549,0.0
7,1,5,1,17,6,6,1,,,0.7819,0.0
7,1,5,1,18,2,3,0,4,0,0.7318,0.7213
7,1,5,1,19,2,4,0,,,1.4533,0.0
7,1,5,1,20,1,5,0,,,0.9878,0.0
7,1,5,1,21,1,1,1,,,0.8771,0.0
7,1,5,1,22,3,1,0,,,0.7266,0.0
7,1,5,1,23,6,6,1,,,0.4821,0.0
7,1,5,1,24,2,2,1,,,0.2359,0.0
7,1,5,1,25,2,2,1,,,0.7205,0.0
7,1,5,1,26,5,5,1,,,0.6583,0.0
7,1,5,1,27,6,6,1,,,0.437,0.0
7,1,5,1,28,1,1,1,,,0.7368,0.0
7,1,5,1,29,3,3,1,,,0.658,0.0
7,1,5,1,30,4,2,0,,,0.7571,0.0
7,1,5,1,31,6,6,1,,,0.5751,0.0
7,1,5,1,32,1,1,1,,,0.7252,0.0
7,1,5,1,33,6,6,1,,,0.6942,0.0
7,1,5,1,34,3,3,1,,,0.7916,0.0
7,1,5,1,35,3,6,0,,,0.3573,0.0
7,1,5,1,36,2,2,1,,,0.3997,0.0
7,1,5,1,37,5,6,0,,,0.9092,0.0
7,1,5,1,38,3,2,0,3,1,0.3207,0.5669
7,1,5,1,39,5,5,1,,,0.4778,0.0
7,1,5,1,40,4,3,0,4,1,0.4085,0.0008
7,1,5,1,41,4,5,0,,,0.0736,0.0
7,1,5,1,42,1,3,0,,,0.7207,0.0
7,1,5,1,43,5,5,1,,,0.0009,0.0
7,1,5,1,44,6,6,1,,,0.5706,0.0
7,1,5,1,45,4,5,0,,,0.625,0.0
7,1,5,1,46,1,1,1,,,0.5601,0.0
7,1,5,1,47,4,5,0,,,0.1039,0.0
7,1,5,1,48,4,4,1,,,0.5239,0.0
7,1,5,1,49,3,1,0,,,0.8682,0.0
7,1,5,1,50,6,6,1,,,0.5387,0.0
7,1,5,2,1,6,6,1,,,0.3523,0.0
7,1,5,2,2,6,6,1,,,0.5606,0.0
7,1,5,2,3,4,4,1,,,0.552,0.0
7,1,5,2,4,2,2,1,,,0.3666,0.0
7,1,5,2,5,2,2,1,,,0.2861,0.0
7,1,5,2,6,3,6,0,,,0.6565,0.0
7,1,5,2,7,1,1,1,,,0.7352,0.0
7,1,5,2,8,4,2,0,,,0.4947,0.0
7,1,5,2,9,4,5,0,,,0.4211,0.0
7,1,5,2,10,3,1,0,,,0.6525,0.0
7,1,5,2,11,4,2,0,,,0.2673,0.0
7,1,5,2,12,1,1,1,,,0.7304,0.0
7,1,5,2,13,3,3,1,,,0.523,0.0
7,1,5,2,14,1,1,1,,,0.7397,0.0
7,1,5,2,15,3,2,0,,,0.6436,0.0
7,1,5,2,16,5,5,1,,,0.001,0.0
7,1,5,2,17,6,6,1,,,0.1453,0.0
7,1,5,2,18,6,2,0,,,0.9697,0.0
7,1,5,2,19,3,3,1,,,0.8595,0.0
7,1,5,2,20,5,5,1,,,0.8377,0.0
7,1,5,2,21,5,2,0,,,0.8171,0.0
7,1,5,2,22,1,6,0,1,1,0.4404,0.1061
7,1,5,2,23,3,1,0,4,0,0.02,0.3745
7,1,5,2,24,1,1,1,,,0.1448,0.0
7,1,5,2,25,2,2,1,,,0.3445,0.0
7,1,5,2,26,2,2,1,,,0.1361,0.0
7,1,5,2,27,2,2,1,,,0.5289,0.0
7,1,5,2,28,6,6,1,,,0.5695,0.0
7,1,5,2,29,3,6,0,,,0.0324,0.0
7,1,5,2,30,2,2,1,,,0.5524,0.0
7,1,5,2,31,4,6,0,2,0,0.7202,0.6292
7,1,5,2,32,1,4,0,2,0,0.6141,0.1761
7,1,5,2,33,4,6,0,,,0.0662,0.0
7,1,5,2,34,6,6,1,,,0.1685,0.0
7,1,5,2,35,2,2,1,,,0.3527,0.0
7,1,5,2,36,4,4,1,,,0.7517,0.0
7,1,5,2,37,1,3,0,,,0.6557,0.0
7,1,5,2,38,5,5,1,,,0.2061,0.0
7,1,5,2,39,6,6,1,,,0.5637,0.0
7,1,5,2,40,5,5,1,,,0.1383,0.0
7,1,5,2,41,5,5,1,,,0.0674,0.0
7,1,5,2,42,3,2,0,,,0.4636,0.0
7,1,5,2,43,5,5,1,,,0.1663,0.0
7,1,5,2,44,6,5,0,6,1,0.1247,0.3791
7,1,5,2,45,5,5,1,,,0.3941,0.0
7,1,5,2,46,4,2,0,,,0.6307,0.0
7,1,5,2,47,6,6,1,,,0.5193,0.0
7,1,5,2,48,2,2,1,,,0.4956,0.0
7,1,5,2,49,6,2,0,,,0.1697,0.0
7,1,5,2,50,1,3,0,,,0.7312,0.0
7,1,5,3,1,2,2,1,,,0.2446,0.0
7,1,5,3,2,2,1,0,,,0.744,0.0
7,1,5,3,3,5,6,0,5,1,0.2274,0.1247
7,1,5,3,4,4,4,1,,,0.6458,0.0
7,1,5,3,5,3,4,0,3,1,0.2812,1.0411
7,1,5,3,6,2,2,1,,,0.1338,0.0
7,1,5,3,7,6,6,1,,,0.7344,0.0
7,1,5,3,8,2,2,1,,,0.4944,0.0
7,1,5,3,9,3,4,0,2,0,0.5037,0.2297
7,1,5,3,10,3,3,1,,,0.5826,0.0
7,1,5,3,11,6,6,1,,,0.4279,0.0
7,1,5,3,12,1,2,0,,,0.633,0.0
7,1,5,3,13,5,6,0,,,0.9361,0.0
7,1,5,3,14,4,4,1,,,0.8124,0.0
7,1,5,3,15,5,5,1,,,0.7449,0.0
7,1,5,3,16,6,6,1,,,0.5681,0.0
7,1,5,3,17,3,4,0,,,0.5595,0.0
7,1,5,3,18,6,1,0,,,0.8331,0.0
7,1,5,3,19,1,5,0,,,0.6644,0.0
7,1,5,3,20,4,1,0,,,0.9835,0.0
7,1,5,3,21,5,5,1,,,0.3597,0.0
7,1,5,3,22,5,6,0,1,0,0.4557,0.1999
7,1,5,3,23,6,6,1,,,0.4416,0.0
7,1,5,3,24,1,5,0,6,0,0.6139,0.4648
7,1,5,3,25,1,6,0,4,0,0.3261,0.0009
7,1,5,3,26,2,2,1,,,0.5663,0.0
7,1,5,3,27,3,3,1,,,0.7174,0.0
7,1,5,3,28,3,2,0,,,0.6699,0.0
7,1,5,3,29,4,4,1,,,0.5564,0.0
7,1,5,3,30,4,4,1,,,0.4521,0.0
7,1,5,3,31,5,5,1,,,0.4638,0.0
7,1,5,3,32,1,5,0,,,0.491,0.0
7,1,5,3,33,6,5,0,6,1,0.3201,0.166
7,1,5,3,34,6,6,1,,,0.4447,0.0
7,1,5,3,35,6,5,0,6,1,0.4889,0.3284
7,1,5,3,36,1,2,0,,,0.4084,0.0
7,1,5,3,37,2,4,0,1,0,1.5371,0.4364
7,1,5,3,38,6,6,1,,,0.4928,0.0
7,1,5,3,39,1,4,0,,,1.0146,0.0
7,1,5,3,40,3,3,1,,,0.5341,0.0
7,1,5,3,41,1,1,1,,,0.7027,0.0
7,1,5,3,42,5,5,1,,,0.2085,0.0
7,1,5,3,43,4,6,0,,,0.421,0.0
7,1,5,3,44,4,4,1,,,0.6851,0.0
7,1,5,3,45,3,4,0,5,0,0.7512,0.8515
7,1,5,3,46,4,2,0,,,0.7458,0.0
7,1,5,3,47,2,2,1,,,0.3887,0.0
7,1,5,3,48,6,3,0,5,0,1.1232,0.4882
7,1,5,3,49,2,2,1,,,0.2223,0.0
7,1,5,3,50,5,4,0,3,0,0.7072,0.713
7,1,5,4,1,5,1,0,,,0.9316,0.0
7,1,5,4,2,4,4,1,,,0.5187,0.0
7,1,5,4,3,6,5,0,,,0.0161,0.0
7,1,5,4,4,3,6,0,,,0.0886,0.0
7,1,5,4,5,6,6,1,,,0.1111,0.0
7,1,5,4,6,2,2,1,,,0.6492,0.0
7,1,5,4,7,4,4,1,,,0.6528,0.0
7,1,5,4,8,6,5,0,4,0,0.6241,0.6178
7,1,5,4,9,2,2,1,,,0.4745,0.0
7,1,5,4,10,4,4,1,,,0.6615,0.0
7,1,5,4,11,2,6,0,5,0,0.6475,0.8328
7,1,5,4,12,2,4,0,3,0,0.537,0.3411
7,1,5,4,13,1,5,0,,,0.1604,0.0
7,1,5,4,14,6,6,1,,,0.8353,0.0
7,1,5,4,15,5,5,1,,,0.2239,0.0
7,1,5,4,16,1,1,1,,,0.7877,0.0
7,1,5,4,17,4,2,0,,,0.9308,0.0
7,1,5,4,18,3,3,1,,,0.7093,0.0
7,1,5,4,19,3,3,1,,,0.5499,0.0
7,1,5,4,20,4,6,0,4,1,0.4141,0.7849
7,1,5,4,21,6,2,0,,,0.3342,0.0
7,1,5,4,22,4,4,1,,,0.6825,0.0
7,1,5,4,23,2,2,1,,,0.5724,0.0
7,1,5,4,24,5,2,0,3,0,0.8023,0.2615
7,1,5,4,25,6,6,1,,,0.5315,0.0
7,1,5,4,26,1,1,1,,,1.1318,0.0
7,1,5,4,27,1,1,1,,,0.6839,0.0
7,1,5,4,28,3,5,0,,,0.6533,0.0
7,1,5,4,29,5,5,1,,,0.124,0.0
7,1,5,4,30,1,1,1,,,0.9973,0.0
7,1,5,4,31,4,3,0,5,0,0.6496,0.739
7,1,5,4,32,3,2,0,,,0.6063,0.0
7,1,5,4,33,4,4,1,,,0.8146,0.0
7,1,5,4,34,6,6,1,,,0.4104,0.0
7,1,5,4,35,2,2,1,,,0.4875,0.0
7,1,5,4,36,5,5,1,,,0.1945,0.0
7,1,5,4,37,1,3,0,,,0.5848,0.0
7,1,5,4,38,3,2,0,4,0,0.4742,0.5696
7,1,5,4,39,5,5,1,,,0.5078,0.0
7,1,5,4,40,5,5,1,,,0.1173,0.0
7,1,5,4,41,3,3,1,,,0.5589,0.0
7,1,5,4,42,3,2,0,,,0.2785,0.0
7,1,5,4,43,2,2,1,,,0.5321,0.0
7,1,5,4,44,6,6,1,,,0.141,0.0
7,1,5,4,45,6,3,0,4,0,0.6293,0.6063
7,1,5,4,46,1,6,0,,,1.3586,0.0
7,1,5,4,47,2,1,0,2,1,0.2244,1.2108
7,1,5,4,48,5,5,1,,,0.1984,0.0
7,1,5,4,49,1,1,1,,,0.6367,0.0
7,1,5,4,50,6,6,1,,,0.6404,0.0
7,2,1,1,1,1,1,1,,,0.8585,0.0
7,2,1,1,2,4,4,1,,,0.2938,0.0
7,2,1,1,3,6,6,1,,,0.3923,0.0
7,2,1,1,4,5,5,1,,,0.1984,0.0
7,2,1,1,5,1,3,0,,,1.0848,0.0
7,2,1,1,6,5,5,1,,,0.3936,0.0
7,2,1,1,7,2,2,1,,,0.2642,0.0
7,2,1,1,8,5,4,0,,,0.427,0.0
7,2,1,1,9,3,3,1,,,0.6766,0.0
7,2,1,1,10,4,3,0,,,0.3275,0.0
7,2,1,1,11,2,2,1,,,0.595,0.0
7,2,1,1,12,6,4,0,,,0.7721,0.0
7,2,1,1,13,3,3,1,,,0.8342,0.0
7,2,1,1,14,3,3,1,,,1.4063,0.0
7,2,1,1,15,3,4,0,5,0,0.2752,0.4907
7,2,1,1,16,1,4,0,,,0.6887,0.0
7,2,1,1,17,4,4,1,,,0.5582,0.0
7,2,1,1,18,5,4,0,5,1,0.629,0.2076
7,2,1,1,19,6,6,1,,,0.485,0.0
7,2,1,1,20,2,2,1,,,0.112,0.0
7,2,1,1,21,4,4,1,,,0.378,0.0
7,2,1,1,22,3,3,1,,,0.9524,0.0
7,2,1,1,23,6,4,0,3,0,0.2244,1.0503
7,2,1,1,24,6,6,1,,,0.3926,0.0
7,2,1,1,25,4,4,1,,,0.5832,0.0
7,2,1,1,26,6,4,0,3,0,0.5088,0.0432
7,2,1,1,27,5,5,1,,,0.164,0.0
7,2,1,1,28,1,2,0,3,0,0.6197,0.9651
7,2,1,1,29,4,4,1,,,0.4546,0.0
7,2,1,1,30,2,2,1,,,0.2268,0.0
7,2,1,1,31,6,5,0,,,0.3124,0.0
7,2,1,1,32,2,2,1,,,0.2133,0.0
7,2,1,1,33,1,6,0,,,0.442,0.0
7,2,1,1,34,1,4,0,,,0.2102,0.0
7,2,1,1,35,5,5,1,,,0.2759,0.0
7,2,1,1,36,6,2,0,,,0.7743,0.0
7,2,1,1,37,1,1,1,,,1.0726,0.0
7,2,1,1,38,2,2,1,,,0.1629,0.0
7,2,1,1,39,5,5,1,,,0.3632,0.0
7,2,1,1,40,6,4,0,,,1.0656,0.0
7,2,1,1,41,5,2,0,4,0,0.6165,0.8823
7,2,1,1,42,2,2,1,,,0.0557,0.0
7,2,1,1,43,3,3,1,,,0.6761,0.0
7,2,1,1,44,6,5,0,,,0.1987,0.0
7,2,1,1,45,2,2,1,,,0.3754,0.0
7,2,1,1,46,4,5,0,3,0,0.1345,0.6447
7,2,1,1,47,4,6,0,5,0,0.2598,0.6362
7,2,1,1,48,3,4,0,,,0.5248,0.0
7,2,1,1,49,3,4,0,3,1,0.5768,0.7966
7,2,1,1,50,1,1,1,,,0.4901,0.0
7,2,1,2,1,5,5,1,,,0.0655,0.0
7,2,1,2,2,1,3,0,,,2.0135,0.0
7,2,1,2,3,4,6,0,,,0.2118,0.0
7,2,1,2,4,5,4,0,5,1,0.9491,0.5296
7,2,1,2,5,1,5,0,4,0,0.4096,0.3643
7,2,1,2,6,3,2,0,1,0,0.4552,0.5514
7,2,1,2,7,6,4,0,2,0,0.5227,0.6325
7,2,1,2,8,6,5,0,6,1,0.0876,0.344
7,2,1,2,9,5,5,1,,,0.4245,0.0
7,2,1,2,10,6,6,1,,,0.6936,0.0
7,2,1,2,11,3,3,1,,,0.6476,0.0
7,2,1,2,12,4,4,1,,,0.3793,0.0
7,2,1,2,13,2,2,1,,,0.1219,0.0
7,2,1,2,14,1,5,0,6,0,0.0678,0.3551
7,2,1,2,15,1,1,1,,,0.3353,0.0
7,2,1,2,16,2,2,1,,,0.2556,0.0
7,2,1,2,17,6,6,1,,,0.18,0.0
7,2,1,2,18,6,6,1,,,0.3629,0.0
7,2,1,2,19,6,6,1,,,0.2503,0.0
7,2,1,2,20,4,4,1,,,0.3666,0.0
7,2,1,2,21,2,2,1,,,0.1737,0.0
7,2,1,2,22,5,5,1,,,0.3249,0.0
7,2,1,2,23,5,4,0,,,0.7421,0.0
7,2,1,2,24,4,4,1,,,0.4819,0.0
7,2,1,2,25,6,5,0,2,0,0.285,0.4035
7,2,1,2,26,1,1,1,,,0.4773,0.0
7,2,1,2,27,1,1,1,,,0.3914,0.0
7,2,1,2,28,4,3,0,,,0.886,0.0
7,2,1,2,29,6,3,0,,,0.8279,0.0
7,2,1,2,30,2,2,1,,,0.2432,0.0
7,2,1,2,31,6,6,1,,,0.0011,0.0
7,2,1,2,32,4,4,1,,,0.5976,0.0
7,2,1,2,33,5,5,1,,,0.252,0.0
7,2,1,2,34,3,3,1,,,0.6242,0.0
7,2,1,2,35,2,4,0,5,0,0.7571,0.3772
7,2,1,2,36,1,1,1,,,0.3231,0.0
7,2,1,2,37,3,4,0,,,0.8525,0.0
7,2,1,2,38,3,3,1,,,0.6355,0.0
7,2,1,2,39,5,2,0,,,0.4952,0.0
7,2,1,2,40,1,4,0,,,0.4202,0.0
7,2,1,2,41,2,2,1,,,0.1577,0.0
7,2,1,2,42,6,5,0,4,0,0.421,0.7749
7,2,1,2,43,2,2,1,,,0.9135,0.0
7,2,1,2,44,4,4,1,,,0.8265,0.0
7,2,1,2,45,3,5,0,,,0.9189,0.0
7,2,1,2,46,3,6,0,,,0.3305,0.0
7,2,1,2,47,2,2,1,,,0.454,0.0
7,2,1,2,48,3,1,0,5,0,0.9625,0.1097
7,2,1,2,49,4,3,0,,,0.7554,0.0
7,2,1,2,50,5,5,1,,,0.7671,0.0
7,2,1,3,1,4,1,0,4,1,0.7311,1.0251
7,2,1,3,2,4,4,1,,,0.2134,0.0
7,2,1,3,3,5,4,0,3,0,0.3307,0.8001
7,2,1,3,4,4,5,0,,,0.297,0.0
7,2,1,3,5,1,1,1,,,0.8226,0.0
7,2,1,3,6,6,6,1,,,0.1628,0.0
7,2,1,3,7,6,2,0,,,0.3142,0.0
7,2,1,3,8,2,2,1,,,0.183,0.0
7,2,1,3,9,6,6,1,,,0.7815,0.0
7,2,1,3,10,5,1,0,,,0.1874,0.0
7,2,1,3,11,5,5,1,,,0.5101,0.0
7,2,1,3,12,6,6,1,,,0.2798,0.0
7,2,1,3,13,3,2,0,,,0.2183,0.0
7,2,1,3,14,3,2,0,,,0.3625,0.0
7,2,1,3,15,2,2,1,,,0.2612,0.0
7,2,1,3,16,6,6,1,,,0.0582,0.0
7,2,1,3,17,4,3,0,4,1,0.5334,0.7721
7,2,1,3,18,1,1,1,,,0.7385,0.0
7,2,1,3,19,4,1,0,,,0.5627,0.0
7,2,1,3,20,6,5,0,,,0.1806,0.0
7,2,1,3,21,2,3,0,2,1,0.6944,0.7971
7,2,1,3,22,1,1,1,,,0.5877,0.0
7,2,1,3,23,4,5,0,,,0.2898,0.0
7,2,1,3,24,4,4,1,,,0.5111,0.0
7,2,1,3,25,2,2,1,,,0.1688,0.0
7,2,1,3,26,3,6,0,1,0,0.7202,0.6302
7,2,1,3,27,2,2,1,,,0.1332,0.0
7,2,1,3,28,1,1,1,,,0.3185,0.0
7,2,1,3,29,5,5,1,,,0.3836,0.0
7,2,1,3,30,6,6,1,,,0.8947,0.0
7,2,1,3,31,2,2,1,,,0.552,0.0
7,2,1,3,32,1,1,1,,,1.0079,0.0
7,2,1,3,33,3,4,0,,,0.3732,0.0
7,2,1,3,34,6,6,1,,,0.4631,0.0
7,2,1,3,35,5,6,0,,,0.7467,0.0
7,2,1,3,36,4,1,0,2,0,0.7088,0.6837
7,2,1,3,37,1,1,1,,,0.0407,0.0
7,2,1,3,38,1,6,0,,,0.5334,0.0
7,2,1,3,39,3,5,0,,,0.6652,0.0
7,2,1,3,40,6,6,1,,,0.5519,0.0
7,2,1,3,41,3,3,1,,,0.4792,0.0
7,2,1,3,42,1,4,0,2,0,0.9858,0.484
7,2,1,3,43,3,3,1,,,0.6828,0.0
7,2,1,3,44,5,5,1,,,0.141,0.0
7,2,1,3,45,5,1,0,3,0,1.0776,0.7
7,2,1,3,46,2,2,1,,,0.3136,0.0
7,2,1,3,47,5,5,1,,,0.0579,0.0
7,2,1,3,48,6,6,1,,,0.3583,0.0
7,2,1,3,49,3,6,0,,,0.438,0.0
7,2,1,3,50,2,1,0,,,0.558,0.0
7,2,1,4,1,2,2,1,,,0.4151,0.0
7,2,1,4,2,5,5,1,,,0.0604,0.0
7,2,1,4,3,6,4,0,,,0.201,0.0
7,2,1,4,4,2,4,0,3,0,0.4743,0.7939
7,2,1,4,5,3,4,0,,,0.5943,0.0
7,2,1,4,6,6,6,1,,,0.1481,0.0
7,2,1,4,7,1,5,0,,,0.5715,0.0
7,2,1,4,8,1,4,0,3,0,0.9096,0.4272
7,2,1,4,9,2,2,1,,,0.2595,0.0
7,2,1,4,10,6,6,1,,,0.3119,0.0
7,2,1,4,11,3,5,0,,,0.2174,0.0
7,2,1,4,12,3,4,0,,,0.7302,0.0
7,2,1,4,13,6,5,0,,,0.0532,0.0
7,2,1,4,14,6,6,1,,,0.3333,0.0
7,2,1,4,15,1,2,0,,,0.8933,0.0
7,2,1,4,16,4,2,0,,,0.6108,0.0
7,2,1,4,17,6,6,1,,,0.116,0.0
7,2,1,4,18,1,1,1,,,0.7813,0.0
7,2,1,4,19,3,5,0,,,0.3953,0.0
7,2,1,4,20,4,5,0,,,0.6288,0.0
7,2,1,4,21,2,2,1,,,0.516,0.0
7,2,1,4,22,5,5,1,,,0.1567,0.0
7,2,1,4,23,5,6,0,,,0.501,0.0
7,2,1,4,24,3,2,0,4,0,0.7623,0.4623
7,2,1,4,25,2,2,1,,,0.1012,0.0
7,2,1,4,26,4,4,1,,,0.6714,0.0
7,2,1,4,27,1,5,0,6,0,0.2574,0.3949
7,2,1,4,28,2,5,0,2,1,0.2273,0.3979
7,2,1,4,29,5,6,0,,,0.396,0.0
7,2,1,4,30,1,4,0,,,0.4856,0.0
7,2,1,4,31,1,1,1,,,0.4907,0.0
7,2,1,4,32,4,4,1,,,0.6615,0.0
7,2,1,4,33,2,2,1,,,0.1692,0.0
7,2,1,4,34,4,2,0,4,1,0.4164,0.5631
7,2,1,4,35,2,2,1,,,0.1387,0.0
7,2,1,4,36,6,6,1,,,0.1146,0.0
7,2,1,4,37,1,6,0,,,0.5568,0.0
7,2,1,4,38,3,2,0,,,0.3999,0.0
7,2,1,4,39,5,5,1,,,0.1209,0.0
7,2,1,4,40,4,3,0,,,1.6345,0.0
7,2,1,4,41,4,4,1,,,0.6488,0.0
7,2,1,4,42,5,5,1,,,0.1247,0.0
7,2,1,4,43,3,1,0,,,0.518,0.0
7,2,1,4,44,4,5,0,4,1,0.7777,0.0009
7,2,1,4,45,5,5,1,,,0.0753,0.0
7,2,1,4,46,6,2,0,3,0,0.7109,0.3982
7,2,1,4,47,6,5,0,4,0,0.4866,0.566
7,2,1,4,48,5,5,1,,,0.1039,0.0
7,2,1,4,49,6,6,1,,,0.3699,0.0
7,2,1,4,50,3,2,0,,,1.1375,0.0
7,2,2,1,1,4,4,1,,,0.6259,0.0
7,2,2,1,2,1,6,0,,,0.3747,0.0
7,2,2,1,3,1,5,0,,,0.0492,0.0
7,2,2,1,4,5,4,0,6,0,0.5692,0.2283
7,2,2,1,5,2,2,1,,,0.8042,0.0
7,2,2,1,6,3,5,0,2,0,0.0334,0.4829
7,2,2,1,7,4,3,0,4,1,0.8737,0.5684
7,2,2,1,8,1,2,0,,,0.7996,0.0
7,2,2,1,9,4,2,0,,,0.6806,0.0
7,2,2,1,10,6,6,1,,,0.2774,0.0
7,2,2,1,11,5,5,1,,,0.0889,0.0
7,2,2,1,12,2,2,1,,,0.7075,0.0
7,2,2,1,13,2,2,1,,,0.5658,0.0
7,2,2,1,14,3,4,0,,,1.068,0.0
7,2,2,1,15,5,5,1,,,0.1705,0.0
7,2,2,1,16,1,1,1,,,1.3773,0.0
7,2,2,1,17,6,1,0,,,0.616,0.0
7,2,2,1,18,3,5,0,2,0,0.2798,0.2725
7,2,2,1,19,4,6,0,,,0.335,0.0
7,2,2,1,20,3,1,0,,,0.7629,0.0
7,2,2,1,21,6,6,1,,,0.6282,0.0
7,2,2,1,22,6,6,1,,,0.1374,0.0
7,2,2,1,23,4,4,1,,,0.451,0.0
7,2,2,1,24,2,2,1,,,0.3975,0.0
7,2,2,1,25,5,5,1,,,0.2842,0.0
7,2,2,1,26,3,3,1,,,0.6542,0.0
7,2,2,1,27,6,6,1,,,0.1455,0.0
7,2,2,1,28,5,4,0,1,0,0.5063,0.3763
7,2,2,1,29,1,3,0,4,0,0.7232,0.3291
7,2,2,1,30,2,5,0,,,0.9489,0.0
7,2,2,1,31,2,2,1,,,1.3507,0.0
7,2,2,1,32,1,6,0,,,0.3179,0.0
7,2,2,1,33,4,5,0,,,0.5548,0.0
7,2,2,1,34,3,3,1,,,0.6852,0.0
7,2,2,1,35,4,1,0,,,0.8642,0.0
7,2,2,1,36,1,1,1,,,0.3264,0.0
7,2,2,1,37,5,2,0,5,1,0.4234,0.4251
7,2,2,1,38,6,6,1,,,0.5979,0.0
7,2,2,1,39,1,4,0,3,0,0.7481,0.6081
7,2,2,1,40,6,6,1,,,0.2581,0.0
7,2,2,1,41,2,2,1,,,0.1818,0.0
7,2,2,1,42,4,6,0,,,0.2838,0.0
7,2,2,1,43,5,5,1,,,0.1542,0.0
7,2,2,1,44,6,6,1,,,0.4667,0.0
7,2,2,1,45,3,5,0,,,0.2541,0.0
7,2,2,1,46,5,5,1,,,0.4449,0.0
7,2,2,1,47,2,2,1,,,1.2408,0.0
7,2,2,1,48,6,5,0,6,1,0.4209,0.7902
7,2,2,1,49,6,5,0,,,0.7086,0.0
7,2,2,1,50,3,3,1,,,2.146,0.0
7,2,2,2,1,2,2,1,,,0.1816,0.0
7,2,2,2,2,4,4,1,,,0.6364,0.0
7,2,2,2,3,1,1,1,,,0.5122,0.0
7,2,2,2,4,6,5,0,,,0.6978,0.0
7,2,2,2,5,2,2,1,,,0.6952,0.0
7,2,2,2,6,5,2,0,,,0.4083,0.0
7,2,2,2,7,1,2,0,,,0.3222,0.0
7,2,2,2,8,3,5,0,,,0.8627,0.0
7,2,2,2,9,6,6,1,,,0.5645,0.0
7,2,2,2,10,6,6,1,,,0.2361,0.0
7,2,2,2,11,2,2,1,,,1.4243,0.0
7,2,2,2,12,1,6,0,,,0.2763,0.0
7,2,2,2,13,5,5,1,,,0.1306,0.0
7,2,2,2,14,5,1,0,,,3.2106,0.0
7,2,2,2,15,4,4,1,,,0.4812,0.0
7,2,2,2,16,5,5,1,,,0.2674,0.0
7,2,2,2,17,1,5,0,,,0.3513,0.0
7,2,2,2,18,2,3,0,5,0,1.6746,0.8563
7,2,2,2,19,1,6,0,,,0.112,0.0
7,2,2,2,20,2,5,0,4,0,0.2444,0.6698
7,2,2,2,21,2,3,0,,,1.4193,0.0
7,2,2,2,22,3,3,1,,,2.0107,0.0
7,2,2,2,23,6,5,0,,,0.8389,0.0
7,2,2,2,24,5,5,1,,,0.6385,0.0
7,2,2,2,25,3,5,0,4,0,0.6595,0.6035
7,2,2,2,26,3,6,0,,,2.0603,0.0
7,2,2,2,27,5,2,0,3,0,2.1302,0.4131
7,2,2,2,28,5,5,1,,,0.4537,0.0
7,2,2,2,29,6,6,1,,,0.2256,0.0
7,2,2,2,30,1,5,0,4,0,0.2309,0.7856
7,2,2,2,31,6,6,1,,,0.3628,0.0
7,2,2,2,32,4,2,0,,,1.0666,0.0
7,2,2,2,33,1,1,1,,,0.6005,0.0
7,2,2,2,34,4,1,0,,,0.5728,0.0
7,2,2,2,35,6,6,1,,,0.6392,0.0
7,2,2,2,36,5,3,0,4,0,0.66,1.0199
7,2,2,2,37,3,3,1,,,0.9565,0.0
7,2,2,2,38,2,4,0,,,0.6587,0.0
7,2,2,2,39,2,2,1,,,0.8494,0.0
7,2,2,2,40,6,6,1,,,0.5895,0.0
7,2,2,2,41,4,4,1,,,0.4666,0.0
7,2,2,2,42,6,6,1,,,0.4942,0.0
7,2,2,2,43,4,4,1,,,0.6967,0.0
7,2,2,2,44,6,4,0,,,0.7782,0.0
7,2,2,2,45,4,4,1,,,0.6281,0.0
7,2,2,2,46,3,5,0,,,0.5689,0.0
7,2,2,2,47,3,3,1,,,0.5068,0.0
7,2,2,2,48,3,2,0,5,0,0.6446,0.4452
7,2,2,2,49,1,6,0,5,0,0.8369,0.661
7,2,2,2,50,4,4,1,,,0.6599,0.0
7,2,2,3,1,6,6,1,,,0.8367,0.0
7,2,2,3,2,2,3,0,,,1.809,0.0
7,2,2,3,3,4,1,0,,,0.6731,0.0
7,2,2,3,4,5,6,0,,,0.4471,0.0
7,2,2,3,5,3,5,0,,,0.4213,0.0
7,2,2,3,6,2,5,0,2,1,0.2384,1.5761
7,2,2,3,7,3,5,0,2,0,0.63,0.2397
7,2,2,3,8,1,4,0,,,0.5439,0.0
7,2,2,3,9,6,6,1,,,0.1471,0.0
7,2,2,3,10,5,5,1,,,0.331,0.0
7,2,2,3,11,5,1,0,,,0.9874,0.0
7,2,2,3,12,2,3,0,,,0.653,0.0
7,2,2,3,13,2,4,0,5,0,0.9874,0.6619
7,2,2,3,14,2,4,0,3,0,0.9803,1.248
7,2,2,3,15,4,4,1,,,1.2543,0.0
7,2,2,3,16,3,4,0,,,1.9849,0.0
7,2,2,3,17,6,5,0,6,1,0.0408,0.8429
7,2,2,3,18,5,2,0,,,1.6554,0.0
7,2,2,3,19,1,1,1,,,1.3243,0.0
7,2,2,3,20,3,3,1,,,1.6687,0.0
7,2,2,3,21,4,2,0,1,0,1.7748,1.561
7,2,2,3,22,6,4,0,,,0.4658,0.0
7,2,2,3,23,3,6,0,,,0.6803,0.0
7,2,2,3,24,1,6,0,,,0.4858,0.0
7,2,2,3,25,6,6,1,,,0.0765,0.0
7,2,2,3,26,5,6,0,,,0.9838,0.0
7,2,2,3,27,3,5,0,6,0,0.5371,0.8702
7,2,2,3,28,1,5,0,4,0,0.0283,0.6707
7,2,2,3,29,6,5,0,,,0.8128,0.0
7,2,2,3,30,1,1,1,,,1.2694,0.0
7,2,2,3,31,4,4,1,,,0.5587,0.0
7,2,2,3,32,4,6,0,4,1,0.2146,0.6574
7,2,2,3,33,6,6,1,,,0.7092,0.0
7,2,2,3,34,1,5,0,,,0.774,0.0
7,2,2,3,35,6,6,1,,,0.5446,0.0
7,2,2,3,36,5,5,1,,,0.5999,0.0
7,2,2,3,37,2,2,1,,,0.3015,0.0
7,2,2,3,38,3,3,1,,,0.5919,0.0
7,2,2,3,39,2,2,1,,,0.2616,0.0
7,2,2,3,40,2,2,1,,,0.1851,0.0
7,2,2,3,41,5,3,0,,,0.7995,0.0
7,2,2,3,42,3,5,0,,,0.5527,0.0
7,2,2,3,43,4,6,0,2,0,0.2034,0.614
7,2,2,3,44,6,6,1,,,0.1023,0.0
7,2,2,3,45,4,2,0,,,0.7852,0.0
7,2,2,3,46,4,4,1,,,0.5869,0.0
7,2,2,3,47,6,6,1,,,0.4964,0.0
7,2,2,3,48,1,2,0,3,0,0.3144,0.6407
7,2,2,3,49,1,6,0,,,0.4329,0.0
7,2,2,3,50,5,4,0,3,0,1.352,0.3886
7,2,2,4,1,4,4,1,,,0.6994,0.0
7,2,2,4,2,2,3,0,,,0.9888,0.0
7,2,2,4,3,5,2,0,5,1,0.4789,0.3183
7,2,2,4,4,1,3,0,,,0.8314,0.0
7,2,2,4,5,2,5,0,,,0.5646,0.0
7,2,2,4,6,4,6,0,1,0,0.5183,1.2841
7,2,2,4,7,4,2,0,6,0,0.5216,0.231
7,2,2,4,8,1,1,1,,,0.5993,0.0
7,2,2,4,9,1,1,1,,,0.5565,0.0
7,2,2,4,10,1,4,0,,,0.5962,0.0
7,2,2,4,11,1,1,1,,,0.9176,0.0
7,2,2,4,12,2,3,0,4,0,1.149,0.3545
7,2,2,4,13,6,5,0,,,0.5889,0.0
7,2,2,4,14,1,4,0,,,0.639,0.0
7,2,2,4,15,6,6,1,,,0.4629,0.0
7,2,2,4,16,6,6,1,,,0.0259,0.0
7,2,2,4,17,5,5,1,,,0.1666,0.0
7,2,2,4,18,3,5,0,,,0.5741,0.0
7,2,2,4,19,1,4,0,,,0.4006,0.0
7,2,2,4,20,4,4,1,,,0.7785,0.0
7,2,2,4,21,1,1,1,,,1.4324,0.0
7,2,2,4,22,6,6,1,,,0.5555,0.0
7,2,2,4,23,3,3,1,,,0.7875,0.0
7,2,2,4,24,2,2,1,,,0.481,0.0
7,2,2,4,25,3,3,1,,,0.5882,0.0
7,2,2,4,26,3,5,0,4,0,0.386,0.4697
7,2,2,4,27,5,5,1,,,0.1072,0.0
7,2,2,4,28,4,2,0,,,0.8541,0.0
7,2,2,4,29,3,3,1,,,0.5882,0.0
7,2,2,4,30,3,3,1,,,0.2903,0.0
7,2,2,4,31,5,5,1,,,0.0691,0.0
7,2,2,4,32,2,3,0,4,0,0.8802,0.6557
7,2,2,4,33,4,6,0,,,0.6238,0.0
7,2,2,4,34,6,6,1,,,0.5269,0.0
7,2,2,4,35,6,6,1,,,0.2801,0.0
7,2,2,4,36,5,3,0,4,0,0.6513,0.7719
7,2,2,4,37,4,5,0,,,0.5901,0.0
7,2,2,4,38,2,2,1,,,0.0949,0.0
7,2,2,4,39,3,4,0,,,0.8088,0.0
7,2,2,4,40,5,5,1,,,0.0332,0.0
7,2,2,4,41,6,6,1,,,0.8146,0.0
7,2,2,4,42,6,6,1,,,0.2667,0.0
7,2,2,4,43,6,6,1,,,0.222,0.0
7,2,2,4,44,2,2,1,,,0.2595,0.0
7,2,2,4,45,6,6,1,,,0.4873,0.0
7,2,2,4,46,2,2,1,,,0.5296,0.0
7,2,2,4,47,5,6,0,,,0.6182,0.0
7,2,2,4,48,5,5,1,,,0.2817,0.0
7,2,2,4,49,3,6,0,,,1.084,0.0
7,2,2,4,50,4,4,1,,,0.6496,0.0
7,2,3,1,1,3,3,1,,,0.76,0.0
7,2,3,1,2,3,3,1,,,0.6622,0.0
7,2,3,1,3,3,6,0,,,0.5692,0.0
7,2,3,1,4,1,6,0,2,0,0.3798,0.4643
7,2,3,1,5,6,2,0,,,0.4218,0.0
7,2,3,1,6,5,3,0,,,0.6395,0.0
7,2,3,1,7,3,6,0,,,0.5751,0.0
7,2,3,1,8,6,5,0,3,0,0.3365,1.7979
7,2,3,1,9,5,2,0,,,0.5179,0.0
7,2,3,1,10,5,2,0,,,0.1381,0.0
7,2,3,1,11,4,4,1,,,0.8306,0.0
7,2,3,1,12,5,6,0,,,0.635,0.0
7,2,3,1,13,6,6,1,,,0.5224,0.0
7,2,3,1,14,6,6,1,,,0.3066,0.0
7,2,3,1,15,1,5,0,,,0.7096,0.0
7,2,3,1,16,3,4,0,,,0.7385,0.0
7,2,3,1,17,2,2,1,,,1.4211,0.0
7,2,3,1,18,1,2,0,,,1.6974,0.0
7,2,3,1,19,6,6,1,,,0.4215,0.0
7,2,3,1,20,5,5,1,,,0.1947,0.0
7,2,3,1,21,5,5,1,,,0.1847,0.0
7,2,3,1,22,3,4,0,3,1,0.3677,1.3308
7,2,3,1,23,4,4,1,,,0.3309,0.0
7,2,3,1,24,3,4,0,,,1.0507,0.0
7,2,3,1,25,4,2,0,,,0.3779,0.0
7,2,3,1,26,1,1,1,,,0.7871,0.0
7,2,3,1,27,4,3,0,,,1.2651,0.0
7,2,3,1,28,1,2,0,,,0.6788,0.0
7,2,3,1,29,2,4,0,3,0,0.5486,0.6423
7,2,3,1,30,6,6,1,,,0.0974,0.0
7,2,3,1,31,5,4,0,,,0.3161,0.0
7,2,3,1,32,2,2,1,,,0.2158,0.0
7,2,3,1,33,6,6,1,,,0.1734,0.0
7,2,3,1,34,2,1,0,6,0,0.3416,0.4896
7,2,3,1,35,2,2,1,,,0.3838,0.0
7,2,3,1,36,3,6,0,,,0.1101,0.0
7,2,3,1,37,6,6,1,,,0.2436,0.0
7,2,3,1,38,1,1,1,,,0.2791,0.0
7,2,3,1,39,2,2,1,,,0.4583,0.0
7,2,3,1,40,4,3,0,,,1.0938,0.0
7,2,3,1,41,6,6,1,,,0.0975,0.0
7,2,3,1,42,1,4,0,,,0.6361,0.0
7,2,3,1,43,1,6,0,,,1.0205,0.0
7,2,3,1,44,5,6,0,,,0.1715,0.0
7,2,3,1,45,4,3,0,4,1,1.951,0.5459
7,2,3,1,46,2,2,1,,,1.4494,0.0
7,2,3,1,47,4,3,0,,,1.6439,0.0
7,2,3,1,48,6,6,1,,,0.0184,0.0
7,2,3,1,49,2,2,1,,,0.3193,0.0
7,2,3,1,50,4,3,0,1,0,1.0727,0.5523
7,2,3,2,1,2,2,1,,,1.0812,0.0
7,2,3,2,2,1,5,0,,,1.1149,0.0
7,2,3,2,3,4,4,1,,,0.5669,0.0
7,2,3,2,4,5,5,1,,,0.3023,0.0
7,2,3,2,5,5,3,0,2,0,1.1361,0.6923
7,2,3,2,6,2,2,1,,,0.6245,0.0
7,2,3,2,7,3,3,1,,,1.3984,0.0
7,2,3,2,8,2,2,1,,,0.7149,0.0
7,2,3,2,9,6,6,1,,,0.4441,0.0
7,2,3,2,10,5,5,1,,,0.3595,0.0
7,2,3,2,11,3,3,1,,,1.526,0.0
7,2,3,2,12,2,2,1,,,0.4382,0.0
7,2,3,2,13,3,3,1,,,0.8027,0.0
7,2,3,2,14,2,2,1,,,0.5606,0.0
7,2,3,2,15,6,6,1,,,0.6317,0.0
7,2,3,2,16,5,5,1,,,0.2519,0.0
7,2,3,2,17,3,1,0,2,0,0.7523,0.6116
7,2,3,2,18,4,2,0,,,1.0602,0.0
7,2,3,2,19,4,4,1,,,0.6096,0.0
7,2,3,2,20,6,6,1,,,0.9189,0.0
7,2,3,2,21,6,2,0,5,0,0.3197,1.1902
7,2,3,2,22,4,4,1,,,0.4305,0.0
7,2,3,2,23,1,2,0,,,0.9067,0.0
7,2,3,2,24,6,5,0,1,0,0.7522,1.156
7,2,3,2,25,3,2,0,3,1,2.4141,1.4222
7,2,3,2,26,4,4,1,,,0.9945,0.0
7,2,3,2,27,5,1,0,2,0,1.6555,1.2874
7,2,3,2,28,2,2,1,,,1.116,0.0
7,2,3,2,29,6,6,1,,,0.4286,0.0
7,2,3,2,30,6,5,0,4,0,0.7612,0.6044
7,2,3,2,31,5,5,1,,,0.1733,0.0
7,2,3,2,32,1,1,1,,,1.7019,0.0
7,2,3,2,33,1,1,1,,,0.861,0.0
7,2,3,2,34,1,1,1,,,1.3048,0.0
7,2,3,2,35,3,3,1,,,1.3135,0.0
7,2,3,2,36,4,4,1,,,0.7931,0.0
7,2,3,2,37,6,6,1,,,0.1037,0.0
7,2,3,2,38,4,2,0,,,1.1054,0.0
7,2,3,2,39,6,6,1,,,0.1101,0.0
7,2,3,2,40,3,2,0,,,0.8876,0.0
7,2,3,2,41,1,5,0,6,0,0.3171,0.6104
7,2,3,2,42,6,6,1,,,0.0505,0.0
7,2,3,2,43,5,5,1,,,0.0471,0.0
7,2,3,2,44,2,2,1,,,1.627,0.0
7,2,3,2,45,2,2,1,,,0.4236,0.0
7,2,3,2,46,5,5,1,,,0.0517,0.0
7,2,3,2,47,1,6,0,1,1,0.4002,1.1869
7,2,3,2,48,4,4,1,,,0.7683,0.0
7,2,3,2,49,1,3,0,4,0,2.799,0.5282
7,2,3,2,50,3,3,1,,,0.7877,0.0
7,2,3,3,1,6,6,1,,,0.4147,0.0
7,2,3,3,2,5,2,0,,,1.8038,0.0
7,2,3,3,3,5,1,0,2,0,0.6519,0.516
7,2,3,3,4,1,6,0,2,0,0.5045,0.5028
7,2,3,3,5,4,4,1,,,0.6677,0.0
7,2,3,3,6,6,6,1,,,0.111,0.0
7,2,3,3,7,1,1,1,,,0.264,0.0
7,2,3,3,8,4,2,0,,,0.6033,0.0
7,2,3,3,9,5,4,0,,,0.7485,0.0
7,2,3,3,10,4,6,0,,,0.3117,0.0
7,2,3,3,11,3,1,0,,,0.5799,0.0
7,2,3,3,12,6,6,1,,,0.3416,0.0
7,2,3,3,13,3,1,0,,,0.5506,0.0
7,2,3,3,14,1,1,1,,,0.9215,0.0
7,2,3,3,15,5,1,0,,,1.0576,0.0
7,2,3,3,16,3,5,0,6,0,1.3129,0.4782
7,2,3,3,17,2,1,0,,,0.4838,0.0
7,2,3,3,18,4,4,1,,,1.0657,0.0
7,2,3,3,19,5,5,1,,,0.4764,0.0
7,2,3,3,20,6,3,0,4,0,1.1279,0.7164
7,2,3,3,21,6,6,1,,,0.5199,0.0
7,2,3,3,22,6,6,1,,,0.418,0.0
7,2,3,3,23,3,3,1,,,0.6704,0.0
7,2,3,3,24,3,4,0,,,0.8976,0.0
7,2,3,3,25,6,6,1,,,0.2146,0.0
7,2,3,3,26,1,1,1,,,0.7154,0.0
7,2,3,3,27,4,4,1,,,0.6201,0.0
7,2,3,3,28,2,2,1,,,0.3377,0.0
7,2,3,3,29,2,2,1,,,0.625,0.0
7,2,3,3,30,3,3,1,,,0.6147,0.0
7,2,3,3,31,2,2,1,,,0.2677,0.0
7,2,3,3,32,3,6,0,3,1,1.2461,0.7188
7,2,3,3,33,6,6,1,,,0.7358,0.0
7,2,3,3,34,4,4,1,,,0.7835,0.0
7,2,3,3,35,3,4,0,3,1,0.5899,0.2492
7,2,3,3,36,1,1,1,,,0.5568,0.0
7,2,3,3,37,5,3,0,2,0,0.8363,0.4696
7,2,3,3,38,4,4,1,,,0.4282,0.0
7,2,3,3,39,5,4,0,,,0.7447,0.0
7,2,3,3,40,2,1,0,6,0,0.6747,0.4904
7,2,3,3,41,6,1,0,6,1,0.8165,0.3871
7,2,3,3,42,1,6,0,,,0.6728,0.0
7,2,3,3,43,1,6,0,,,0.063,0.0
7,2,3,3,44,5,3,0,4,0,0.7731,0.3925
7,2,3,3,45,6,6,1,,,0.2741,0.0
7,2,3,3,46,2,2,1,,,0.3242,0.0
7,2,3,3,47,4,1,0,4,1,0.5501,3.1237
7,2,3,3,48,2,2,1,,,0.5939,0.0
7,2,3,3,49,1,1,1,,,0.4227,0.0
7,2,3,3,50,2,2,1,,,0.4033,0.0
7,2,3,4,1,3,6,0,,,0.7195,0.0
7,2,3,4,2,6,6,1,,,0.027,0.0
7,2,3,4,3,4,4,1,,,0.5051,0.0
7,2,3,4,4,2,2,1,,,0.274,0.0
7,2,3,4,5,1,4,0,3,0,0.9809,0.5923
7,2,3,4,6,3,6,0,,,0.5298,0.0
7,2,3,4,7,4,4,1,,,0.9184,0.0
7,2,3,4,8,5,6,0,,,0.6706,0.0
7,2,3,4,9,6,6,1,,,0.0606,0.0
7,2,3,4,10,6,6,1,,,0.3597,0.0
7,2,3,4,11,6,6,1,,,0.1523,0.0
7,2,3,4,12,6,6,1,,,0.5288,0.0
7,2,3,4,13,3,2,0,,,0.3284,0.0
7,2,3,4,14,1,5,0,,,1.0282,0.0
7,2,3,4,15,3,3,1,,,0.9476,0.0
7,2,3,4,16,2,6,0,2,1,1.6915,0.6002
7,2,3,4,17,3,2,0,,,0.8942,0.0
7,2,3,4,18,6,6,1,,,0.1631,0.0
7,2,3,4,19,6,4,0,,,0.5704,0.0
7,2,3,4,20,1,4,0,,,0.733,0.0
7,2,3,4,21,5,3,0,,,0.9681,0.0
7,2,3,4,22,2,2,1,,,0.3942,0.0
7,2,3,4,23,1,2,0,,,0.5677,0.0
7,2,3,4,24,1,6,0,,,1.002,0.0
7,2,3,4,25,4,4,1,,,1.1785,0.0
7,2,3,4,26,4,4,1,,,0.6004,0.0
7,2,3,4,27,5,5,1,,,0.5576,0.0
7,2,3,4,28,2,2,1,,,0.6456,0.0
7,2,3,4,29,3,3,1,,,0.7452,0.0
7,2,3,4,30,5,5,1,,,0.5203,0.0
7,2,3,4,31,4,3,0,4,1,0.8503,0.3375
7,2,3,4,32,6,2,0,4,0,0.2581,0.5865
7,2,3,4,33,2,2,1,,,0.7322,0.0
7,2,3,4,34,1,3,0,,,1.1164,0.0
7,2,3,4,35,2,2,1,,,0.5371,0.0
7,2,3,4,36,5,5,1,,,0.2245,0.0
7,2,3,4,37,1,3,0,4,0,0.5989,0.5609
7,2,3,4,38,2,1,0,6,0,0.5311,0.4172
7,2,3,4,39,2,2,1,,,0.3782,0.0
7,2,3,4,40,6,6,1,,,0.2,0.0
7,2,3,4,41,5,5,1,,,0.3348,0.0
7,2,3,4,42,4,4,1,,,0.4635,0.0
7,2,3,4,43,5,5,1,,,1.402,0.0
7,2,3,4,44,3,3,1,,,0.7022,0.0
7,2,3,4,45,1,1,1,,,0.4008,0.0
7,2,3,4,46,4,3,0,,,0.6055,0.0
7,2,3,4,47,4,4,1,,,0.2551,0.0
7,2,3,4,48,3,4,0,,,0.4829,0.0
7,2,3,4,49,5,5,1,,,0.0408,0.0
7,2,3,4,50,6,2,0,5,0,0.6615,0.51
7,2,4,1,1,5,5,1,,,0.1851,0.0
7,2,4,1,2,2,1,0,3,0,0.7371,0.5647
7,2,4,1,3,3,3,1,,,0.6803,0.0
7,2,4,1,4,4,2,0,,,0.5854,0.0
7,2,4,1,5,6,2,0,,,0.8277,0.0
7,2,4,1,6,6,5,0,6,1,1.9545,0.5023
7,2,4,1,7,4,6,0,,,0.5591,0.0
7,2,4,1,8,2,2,1,,,0.8173,0.0
7,2,4,1,9,4,2,0,3,0,0.3503,0.5307
7,2,4,1,10,4,5,0,6,0,0.7585,0.3157
7,2,4,1,11,3,2,0,3,1,1.7195,0.2439
7,2,4,1,12,3,3,1,,,1.1919,0.0
7,2,4,1,13,5,1,0,5,1,1.413,0.4939
7,2,4,1,14,3,2,0,1,0,0.4402,0.001
7,2,4,1,15,6,6,1,,,0.3552,0.0
7,2,4,1,16,6,6,1,,,0.0667,0.0
7,2,4,1,17,1,3,0,,,2.4948,0.0
7,2,4,1,18,2,2,1,,,1.3447,0.0
7,2,4,1,19,6,6,1,,,0.0008,0.0
7,2,4,1,20,5,5,1,,,0.0542,0.0
7,2,4,1,21,4,4,1,,,0.4986,0.0
7,2,4,1,22,5,6,0,,,0.1559,0.0
7,2,4,1,23,2,2,1,,,1.1999,0.0
7,2,4,1,24,6,1,0,2,0,0.6524,0.2924
7,2,4,1,25,5,5,1,,,0.3224,0.0
7,2,4,1,26,4,1,0,2,0,2.5797,0.5566
7,2,4,1,27,4,4,1,,,0.7521,0.0
7,2,4,1,28,3,2,0,,,0.4955,0.0
7,2,4,1,29,1,3,0,,,1.7487,0.0
7,2,4,1,30,2,5,0,6,0,0.8546,0.4222
7,2,4,1,31,2,2,1,,,0.4943,0.0
7,2,4,1,32,4,4,1,,,1.0322,0.0
7,2,4,1,33,1,1,1,,,0.6683,0.0
7,2,4,1,34,3,2,0,,,0.7516,0.0
7,2,4,1,35,1,4,0,,,0.9858,0.0
7,2,4,1,36,2,4,0,3,0,0.6192,0.7412
7,2,4,1,37,6,6,1,,,0.4799,0.0
7,2,4,1,38,2,2,1,,,0.7952,0.0
7,2,4,1,39,1,1,1,,,0.6163,0.0
7,2,4,1,40,1,1,1,,,0.2049,0.0
7,2,4,1,41,6,6,1,,,0.8514,0.0
7,2,4,1,42,6,6,1,,,0.5103,0.0
7,2,4,1,43,1,6,0,,,0.3598,0.0
7,2,4,1,44,3,4,0,,,0.5943,0.0
7,2,4,1,45,3,3,1,,,0.7065,0.0
7,2,4,1,46,5,6,0,,,0.3722,0.0
7,2,4,1,47,6,6,1,,,0.2378,0.0
7,2,4,1,48,5,1,0,4,0,0.8187,0.4681
7,2,4,1,49,5,5,1,,,0.2503,0.0
7,2,4,1,50,1,4,0,,,0.319,0.0
7,2,4,2,1,6,6,1,,,2.1048,0.0
7,2,4,2,2,5,5,1,,,0.5135,0.0
7,2,4,2,3,4,4,1,,,0.5859,0.0
7,2,4,2,4,1,1,1,,,1.0404,0.0
7,2,4,2,5,5,5,1,,,0.3877,0.0
7,2,4,2,6,1,1,1,,,0.8189,0.0
7,2,4,2,7,5,5,1,,,0.6227,0.0
7,2,4,2,8,4,3,0,,,0.5642,0.0
7,2,4,2,9,6,6,1,,,0.8217,0.0
7,2,4,2,10,1,1,1,,,0.6116,0.0
7,2,4,2,11,1,4,0,,,0.9526,0.0
7,2,4,2,12,5,5,1,,,0.1223,0.0
7,2,4,2,13,3,2,0,,,0.5149,0.0
7,2,4,2,14,2,2,1,,,0.6472,0.0
7,2,4,2,15,6,4,0,,,0.5556,0.0
7,2,4,2,16,6,6,1,,,0.6059,0.0
7,2,4,2,17,1,4,0,,,0.6916,0.0
7,2,4,2,18,6,1,0,,,1.6163,0.0
7,2,4,2,19,1,3,0,2,0,1.5594,0.3796
7,2,4,2,20,3,4,0,,,0.6291,0.0
7,2,4,2,21,6,6,1,,,1.6373,0.0
7,2,4,2,22,2,2,1,,,0.7034,0.0
7,2,4,2,23,4,4,1,,,0.5939,0.0
7,2,4,2,24,6,6,1,,,0.4229,0.0
7,2,4,2,25,2,2,1,,,0.3718,0.0
7,2,4,2,26,2,5,0,3,0,0.0989,0.5786
7,2,4,2,27,4,6,0,,,0.0049,0.0
7,2,4,2,28,2,2,1,,,1.0539,0.0
7,2,4,2,29,4,4,1,,,0.6731,0.0
7,2,4,2,30,4,5,0,4,1,0.2911,0.6186
7,2,4,2,31,2,2,1,,,0.3994,0.0
7,2,4,2,32,5,5,1,,,0.0455,0.0
7,2,4,2,33,3,3,1,,,0.8413,0.0
7,2,4,2,34,2,2,1,,,0.7582,0.0
7,2,4,2,35,3,1,0,6,0,0.6285,0.4146
7,2,4,2,36,2,6,0,,,0.4552,0.0
7,2,4,2,37,6,4,0,,,0.9102,0.0
7,2,4,2,38,3,2,0,,,1.7619,0.0
7,2,4,2,39,5,6,0,,,0.3394,0.0
7,2,4,2,40,6,6,1,,,1.0548,0.0
7,2,4,2,41,5,6,0,,,0.2272,0.0
7,2,4,2,42,6,6,1,,,0.2107,0.0
7,2,4,2,43,1,4,0,,,1.2558,0.0
7,2,4,2,44,4,4,1,,,0.5745,0.0
7,2,4,2,45,1,1,1,,,1.684,0.0
7,2,4,2,46,4,3,0,,,0.7492,0.0
7,2,4,2,47,3,5,0,,,0.3606,0.0
7,2,4,2,48,5,2,0,,,0.7235,0.0
7,2,4,2,49,3,5,0,,,0.7838,0.0
7,2,4,2,50,3,3,1,,,0.6483,0.0
7,2,4,3,1,2,2,1,,,1.3065,0.0
7,2,4,3,2,3,6,0,,,0.8188,0.0
7,2,4,3,3,1,4,0,3,0,0.5222,0.4409
7,2,4,3,4,4,5,0,6,0,0.016,0.69
7,2,4,3,5,5,5,1,,,0.2071,0.0
7,2,4,3,6,3,5,0,,,0.3897,0.0
7,2,4,3,7,1,1,1,,,2.3678,0.0
7,2,4,3,8,1,1,1,,,1.1002,0.0
7,2,4,3,9,6,6,1,,,1.3096,0.0
7,2,4,3,10,4,1,0,,,2.4227,0.0
7,2,4,3,11,2,2,1,,,0.4764,0.0
7,2,4,3,12,4,3,0,,,0.3111,0.0
7,2,4,3,13,6,6,1,,,0.2442,0.0
7,2,4,3,14,3,1,0,,,0.5994,0.0
7,2,4,3,15,4,4,1,,,0.5204,0.0
7,2,4,3,16,1,3,0,4,0,0.705,0.4563
7,2,4,3,17,6,6,1,,,0.2381,0.0
7,2,4,3,18,2,2,1,,,1.6349,0.0
7,2,4,3,19,3,2,0,,,0.9735,0.0
7,2,4,3,20,4,4,1,,,0.5598,0.0
7,2,4,3,21,6,6,1,,,0.6944,0.0
7,2,4,3,22,2,2,1,,,1.3044,0.0
7,2,4,3,23,1,4,0,,,0.5441,0.0
7,2,4,3,24,6,6,1,,,0.355,0.0
7,2,4,3,25,2,2,1,,,0.8033,0.0
7,2,4,3,26,6,6,1,,,0.4324,0.0
7,2,4,3,27,2,2,1,,,0.5739,0.0
7,2,4,3,28,4,3,0,,,1.1243,0.0
7,2,4,3,29,4,4,1,,,1.792,0.0
7,2,4,3,30,6,6,1,,,1.5886,0.0
7,2,4,3,31,6,1,0,2,0,2.8015,0.5458
7,2,4,3,32,3,3,1,,,0.8365,0.0
7,2,4,3,33,3,3,1,,,0.561,0.0
7,2,4,3,34,5,5,1,,,0.1999,0.0
7,2,4,3,35,5,4,0,,,0.7346,0.0
7,2,4,3,36,1,2,0,,,0.6981,0.0
7,2,4,3,37,5,5,1,,,0.3579,0.0
7,2,4,3,38,3,4,0,,,0.822,0.0
7,2,4,3,39,5,5,1,,,0.4623,0.0
7,2,4,3,40,5,2,0,3,0,0.793,0.4279
7,2,4,3,41,6,6,1,,,0.7715,0.0
7,2,4,3,42,5,2,0,,,0.8194,0.0
7,2,4,3,43,2,4,0,5,0,0.6668,2.1634
7,2,4,3,44,6,6,1,,,0.6272,0.0
7,2,4,3,45,5,5,1,,,0.9682,0.0
7,2,4,3,46,1,2,0,,,0.6064,0.0
7,2,4,3,47,4,4,1,,,0.7671,0.0
7,2,4,3,48,2,2,1,,,0.958,0.0
7,2,4,3,49,1,1,1,,,0.9652,0.0
7,2,4,3,50,3,2,0,,,0.6198,0.0
7,2,4,4,1,3,4,0,,,1.0662,0.0
7,2,4,4,2,3,2,0,3,1,1.6239,0.4399
7,2,4,4,3,1,6,0,,,0.8038,0.0
7,2,4,4,4,6,5,0,4,0,0.252,0.2443
7,2,4,4,5,2,2,1,,,0.0676,0.0
7,2,4,4,6,2,2,1,,,0.079,0.0
7,2,4,4,7,4,3,0,,,0.6343,0.0
7,2,4,4,8,6,6,1,,,0.1225,0.0
7,2,4,4,9,2,2,1,,,0.2122,0.0
7,2,4,4,10,3,4,0,,,0.5529,0.0
7,2,4,4,11,4,4,1,,,0.6354,0.0
7,2,4,4,12,1,4,0,,,0.5118,0.0
7,2,4,4,13,2,2,1,,,0.1012,0.0
7,2,4,4,14,2,5,0,,,0.2384,0.0
7,2,4,4,15,3,3,1,,,1.2948,0.0
7,2,4,4,16,5,4,0,2,0,0.6156,0.6254
7,2,4,4,17,2,5,0,4,0,0.6898,0.712
7,2,4,4,18,1,4,0,3,0,0.6127,0.6555
7,2,4,4,19,1,1,1,,,0.3658,0.0
7,2,4,4,20,5,6,0,2,0,0.5889,0.2957
7,2,4,4,21,1,3,0,,,0.6614,0.0
7,2,4,4,22,2,2,1,,,0.7074,0.0
7,2,4,4,23,1,5,0,,,0.8683,0.0
7,2,4,4,24,6,6,1,,,0.5229,0.0
7,2,4,4,25,4,6,0,2,0,0.4515,0.8836
7,2,4,4,26,3,1,0,,,1.0329,0.0
7,2,4,4,27,1,5,0,2,0,0.9524,0.5651
7,2,4,4,28,6,1,0,2,0,1.5915,0.7445
7,2,4,4,29,5,6,0,,,0.5,0.0
7,2,4,4,30,3,3,1,,,1.3852,0.0
7,2,4,4,31,4,4,1,,,0.5906,0.0
7,2,4,4,32,6,5,0,,,0.0371,0.0
7,2,4,4,33,5,6,0,,,0.7484,0.0
7,2,4,4,34,3,4,0,5,0,0.5676,0.4987
7,2,4,4,35,3,4,0,5,0,0.489,0.5519
7,2,4,4,36,4,4,1,,,0.3942,0.0
7,2,4,4,37,6,6,1,,,0.8568,0.0
7,2,4,4,38,5,2,0,3,0,2.5799,0.7817
7,2,4,4,39,4,2,0,3,0,0.9515,1.1063
7,2,4,4,40,2,3,0,,,0.8786,0.0
7,2,4,4,41,5,5,1,,,0.5314,0.0
7,2,4,4,42,1,6,0,,,0.6686,0.0
7,2,4,4,43,6,6,1,,,0.5547,0.0
7,2,4,4,44,5,4,0,,,0.6419,0.0
7,2,4,4,45,6,6,1,,,0.4816,0.0
7,2,4,4,46,6,3,0,,,1.2278,0.0
7,2,4,4,47,6,6,1,,,1.059,0.0
7,2,4,4,48,5,5,1,,,0.3727,0.0
7,2,4,4,49,4,2,0,,,0.4993,0.0
7,2,4,4,50,4,4,1,,,0.4727,0.0
7,2,5,1,1,2,2,1,,,0.1954,0.0
7,2,5,1,2,6,6,1,,,0.3139,0.0
7,2,5,1,3,3,6,0,,,0.4915,0.0
7,2,5,1,4,1,1,1,,,0.6724,0.0
7,2,5,1,5,4,2,0,,,1.0426,0.0
7,2,5,1,6,5,5,1,,,0.866,0.0
7,2,5,1,7,4,1,0,4,1,2.4284,0.4924
7,2,5,1,8,4,6,0,2,0,0.3094,0.7007
7,2,5,1,9,2,2,1,,,0.2804,0.0
7,2,5,1,10,3,5,0,6,0,0.4918,0.4747
7,2,5,1,11,6,6,1,,,0.3045,0.0
7,2,5,1,12,3,2,0,3,1,0.419,0.8364
7,2,5,1,13,2,2,1,,,0.273,0.0
7,2,5,1,14,5,5,1,,,0.3074,0.0
7,2,5,1,15,2,2,1,,,0.2923,0.0
7,2,5,1,16,5,5,1,,,0.7592,0.0
7,2,5,1,17,6,6,1,,,0.3574,0.0
7,2,5,1,18,4,4,1,,,1.157,0.0
7,2,5,1,19,2,2,1,,,0.2927,0.0
7,2,5,1,20,3,3,1,,,0.7424,0.0
7,2,5,1,21,6,6,1,,,0.2782,0.0
7,2,5,1,22,4,4,1,,,0.5681,0.0
7,2,5,1,23,1,4,0,3,0,0.3667,0.6274
7,2,5,1,24,6,6,1,,,0.068,0.0
7,2,5,1,25,3,3,1,,,1.3273,0.0
7,2,5,1,26,2,2,1,,,0.966,0.0
7,2,5,1,27,2,2,1,,,0.589,0.0
7,2,5,1,28,6,6,1,,,0.5955,0.0
7,2,5,1,29,1,1,1,,,0.6165,0.0
7,2,5,1,30,6,6,1,,,0.173,0.0
7,2,5,1,31,3,2,0,4,0,0.5156,0.4183
7,2,5,1,32,4,3,0,4,1,0.6341,0.4194
7,2,5,1,33,3,4,0,3,1,0.4967,0.72
7,2,5,1,34,6,6,1,,,0.2084,0.0
7,2,5,1,35,6,6,1,,,0.6455,0.0
7,2,5,1,36,1,1,1,,,0.7615,0.0
7,2,5,1,37,3,2,0,,,0.7918,0.0
7,2,5,1,38,5,3,0,,,0.8645,0.0
7,2,5,1,39,4,6,0,,,0.4233,0.0
7,2,5,1,40,5,3,0,,,0.9909,0.0
7,2,5,1,41,1,6,0,1,1,0.4471,0.4326
7,2,5,1,42,2,6,0,2,1,0.9894,0.6307
7,2,5,1,43,1,1,1,,,0.876,0.0
7,2,5,1,44,1,1,1,,,0.5176,0.0
7,2,5,1,45,5,5,1,,,0.3983,0.0
7,2,5,1,46,1,6,0,1,1,0.0283,0.111
7,2,5,1,47,4,2,0,,,0.6801,0.0
7,2,5,1,48,5,5,1,,,0.2296,0.0
7,2,5,1,49,6,6,1,,,0.474,0.0
7,2,5,1,50,5,5,1,,,0.6611,0.0
7,2,5,2,1,6,6,1,,,1.3981,0.0
7,2,5,2,2,5,6,0,5,1,0.2023,0.4537
7,2,5,2,3,3,5,0,6,0,0.4176,0.2593
7,2,5,2,4,5,5,1,,,0.1777,0.0
7,2,5,2,5,5,3,0,1,0,0.5845,0.4666
7,2,5,2,6,4,6,0,,,0.6816,0.0
7,2,5,2,7,2,2,1,,,0.3589,0.0
7,2,5,2,8,4,4,1,,,0.5671,0.0
7,2,5,2,9,2,2,1,,,0.3658,0.0
7,2,5,2,10,1,1,1,,,0.653,0.0
7,2,5,2,11,6,6,1,,,0.8964,0.0
7,2,5,2,12,2,2,1,,,0.0729,0.0
7,2,5,2,13,2,2,1,,,1.0603,0.0
7,2,5,2,14,5,4,0,,,0.5839,0.0
7,2,5,2,15,3,6,0,,,0.8894,0.0
7,2,5,2,16,6,6,1,,,0.3653,0.0
7,2,5,2,17,6,6,1,,,0.5094,0.0
7,2,5,2,18,6,6,1,,,0.8383,0.0
7,2,5,2,19,2,2,1,,,1.6339,0.0
7,2,5,2,20,5,5,1,,,0.1087,0.0
7,2,5,2,21,6,6,1,,,0.7255,0.0
7,2,5,2,22,4,4,1,,,1.0931,0.0
7,2,5,2,23,5,3,0,4,0,1.3839,0.5944
7,2,5,2,24,4,4,1,,,0.7556,0.0
7,2,5,2,25,1,1,1,,,0.9773,0.0
7,2,5,2,26,1,3,0,,,2.2951,0.0
7,2,5,2,27,4,2,0,,,0.5307,0.0
7,2,5,2,28,3,3,1,,,0.6622,0.0
7,2,5,2,29,2,3,0,,,1.0181,0.0
7,2,5,2,30,1,1,1,,,0.6495,0.0
7,2,5,2,31,6,6,1,,,0.6687,0.0
7,2,5,2,32,1,1,1,,,0.7359,0.0
7,2,5,2,33,1,1,1,,,0.6394,0.0
7,2,5,2,34,1,1,1,,,0.6122,0.0
7,2,5,2,35,6,1,0,,,0.6965,0.0
7,2,5,2,36,6,6,1,,,0.6614,0.0
7,2,5,2,37,5,4,0,2,0,0.5532,0.677
7,2,5,2,38,4,6,0,,,0.2109,0.0
7,2,5,2,39,2,1,0,2,1,0.6119,0.8776
7,2,5,2,40,3,3,1,,,0.7114,0.0
7,2,5,2,41,4,3,0,1,0,0.7449,0.5094
7,2,5,2,42,3,6,0,,,0.3696,0.0
7,2,5,2,43,3,2,0,,,0.6361,0.0
7,2,5,2,44,3,3,1,,,1.0998,0.0
7,2,5,2,45,2,2,1,,,0.6364,0.0
7,2,5,2,46,4,4,1,,,0.6735,0.0
7,2,5,2,47,1,1,1,,,0.7553,0.0
7,2,5,2,48,6,6,1,,,0.3382,0.0
7,2,5,2,49,5,3,0,,,0.8989,0.0
7,2,5,2,50,3,6,0,,,0.4876,0.0
7,2,5,3,1,2,2,1,,,0.2174,0.0
7,2,5,3,2,5,5,1,,,0.079,0.0
7,2,5,3,3,3,6,0,5,0,0.4102,0.2369
7,2,5,3,4,3,5,0,4,0,0.8931,0.2838
7,2,5,3,5,6,6,1,,,0.586,0.0
7,2,5,3,6,6,6,1,,,0.1272,0.0
7,2,5,3,7,3,4,0,,,0.7765,0.0
7,2,5,3,8,4,2,0,,,0.5939,0.0
7,2,5,3,9,2,2,1,,,0.5307,0.0
7,2,5,3,10,1,1,1,,,0.7148,0.0
7,2,5,3,11,6,6,1,,,0.46,0.0
7,2,5,3,12,6,6,1,,,0.1668,0.0
7,2,5,3,13,5,5,1,,,0.6539,0.0
7,2,5,3,14,2,5,0,4,0,0.4505,0.3863
7,2,5,3,15,6,6,1,,,1.0528,0.0
7,2,5,3,16,1,6,0,,,0.56,0.0
7,2,5,3,17,5,6,0,,,0.3066,0.0
7,2,5,3,18,2,2,1,,,0.3982,0.0
7,2,5,3,19,2,2,1,,,0.3803,0.0
7,2,5,3,20,1,1,1,,,0.7468,0.0
7,2,5,3,21,6,6,1,,,0.2821,0.0
7,2,5,3,22,1,6,0,,,0.3332,0.0
7,2,5,3,23,4,6,0,1,0,0.5847,1.2035
7,2,5,3,24,5,5,1,,,0.9399,0.0
7,2,5,3,25,6,6,1,,,0.468,0.0
7,2,5,3,26,5,6,0,,,0.287,0.0
7,2,5,3,27,5,4,0,,,0.2996,0.0
7,2,5,3,28,4,6,0,,,0.3607,0.0
7,2,5,3,29,3,6,0,,,0.3715,0.0
7,2,5,3,30,3,1,0,,,1.2612,0.0
7,2,5,3,31,4,5,0,,,0.1794,0.0
7,2,5,3,32,2,6,0,5,0,0.3888,0.3292
7,2,5,3,33,5,5,1,,,0.1332,0.0
7,2,5,3,34,5,1,0,,,0.4932,0.0
7,2,5,3,35,4,6,0,,,0.6426,0.0
7,2,5,3,36,4,4,1,,,0.6573,0.0
7,2,5,3,37,6,6,1,,,0.8695,0.0
7,2,5,3,38,1,1,1,,,0.4476,0.0
7,2,5,3,39,6,4,0,3,0,0.4907,0.4421
7,2,5,3,40,4,4,1,,,0.7049,0.0
7,2,5,3,41,1,1,1,,,0.7384,0.0
7,2,5,3,42,3,5,0,,,0.6255,0.0
7,2,5,3,43,1,1,1,,,0.498,0.0
7,2,5,3,44,2,2,1,,,0.4912,0.0
7,2,5,3,45,1,5,0,6,0,0.2283,0.3025
7,2,5,3,46,3,2,0,,,1.0038,0.0
7,2,5,3,47,4,4,1,,,0.8606,0.0
7,2,5,3,48,6,6,1,,,0.4702,0.0
7,2,5,3,49,3,2,0,,,0.5783,0.0
7,2,5,3,50,2,2,1,,,0.6116,0.0
7,2,5,4,1,4,4,1,,,0.4866,0.0
7,2,5,4,2,2,5,0,,,0.4322,0.0
7,2,5,4,3,6,6,1,,,0.1839,0.0
7,2,5,4,4,4,4,1,,,0.2385,0.0
7,2,5,4,5,2,2,1,,,0.1308,0.0
7,2,5,4,6,4,6,0,,,0.3962,0.0
7,2,5,4,7,1,2,0,,,0.1812,0.0
7,2,5,4,8,4,4,1,,,0.4389,0.0
7,2,5,4,9,5,3,0,,,0.4991,0.0
7,2,5,4,10,1,6,0,,,0.4566,0.0
7,2,5,4,11,6,6,1,,,0.047,0.0
7,2,5,4,12,2,2,1,,,0.2038,0.0
7,2,5,4,13,6,3,0,4,0,0.6248,0.6187
7,2,5,4,14,4,1,0,,,0.3959,0.0
7,2,5,4,15,2,2,1,,,0.2766,0.0
7,2,5,4,16,5,5,1,,,0.5832,0.0
7,2,5,4,17,1,1,1,,,0.8768,0.0
7,2,5,4,18,3,2,0,,,0.3427,0.0
7,2,5,4,19,3,1,0,,,0.5146,0.0
7,2,5,4,20,3,1,0,,,0.4706,0.0
7,2,5,4,21,3,4,0,2,0,0.125,0.4921
7,2,5,4,22,6,6,1,,,1.0083,0.0
7,2,5,4,23,5,4,0,,,0.5976,0.0
7,2,5,4,24,6,6,1,,,0.1977,0.0
7,2,5,4,25,1,1,1,,,0.7,0.0
7,2,5,4,26,1,6,0,,,0.7493,0.0
7,2,5,4,27,2,2,1,,,0.392,0.0
7,2,5,4,28,1,1,1,,,0.534,0.0
7,2,5,4,29,2,2,1,,,0.2382,0.0
7,2,5,4,30,4,4,1,,,0.3396,0.0
7,2,5,4,31,2,2,1,,,0.2431,0.0
7,2,5,4,32,3,3,1,,,0.5511,0.0
7,2,5,4,33,6,6,1,,,0.3824,0.0
7,2,5,4,34,3,3,1,,,0.7337,0.0
7,2,5,4,35,5,5,1,,,0.1889,0.0
7,2,5,4,36,2,2,1,,,0.1961,0.0
7,2,5,4,37,6,6,1,,,0.5066,0.0
7,2,5,4,38,1,6,0,2,0,0.2443,0.718
7,2,5,4,39,6,6,1,,,0.2658,0.0
7,2,5,4,40,4,2,0,,,0.3976,0.0
7,2,5,4,41,3,2,0,,,0.7589,0.0
7,2,5,4,42,1,3,0,6,0,0.2085,0.4911
7,2,5,4,43,5,5,1,,,0.3048,0.0
7,2,5,4,44,6,6,1,,,0.1937,0.0
7,2,5,4,45,5,5,1,,,0.1358,0.0
7,2,5,4,46,5,2,0,3,0,0.8652,0.4653
7,2,5,4,47,4,4,1,,,0.4395,0.0
7,2,5,4,48,5,5,1,,,0.4199,0.0
7,2,5,4,49,3,2,0,,,0.7044,0.0
7,2,5,4,50,6,6,1,,,0.2195,0.0
7,3,1,1,1,1,6,0,,,0.2661,0.0
7,3,1,1,2,3,2,0,,,0.2319,0.0
7,3,1,1,3,5,5,1,,,0.3291,0.0
7,3,1,1,4,3,1,0,,,0.5061,0.0
7,3,1,1,5,2,2,1,,,0.1424,0.0
7,3,1,1,6,2,2,1,,,0.0393,0.0
7,3,1,1,7,3,3,1,,,0.7717,0.0
7,3,1,1,8,3,3,1,,,0.2434,0.0
7,3,1,1,9,1,5,0,,,0.0234,0.0
7,3,1,1,10,5,4,0,3,0,0.5133,0.4473
7,3,1,1,11,2,4,0,3,0,0.5019,1.1088
7,3,1,1,12,5,1,0,,,1.1213,0.0
7,3,1,1,13,2,2,1,,,0.6211,0.0
7,3,1,1,14,1,6,0,5,0,0.4501,0.5146
7,3,1,1,15,4,4,1,,,0.5358,0.0
7,3,1,1,16,4,4,1,,,0.1599,0.0
7,3,1,1,17,6,5,0,4,0,0.6797,0.3674
7,3,1,1,18,5,5,1,,,0.1536,0.0
7,3,1,1,19,1,4,0,3,0,0.4655,0.5625
7,3,1,1,20,4,4,1,,,0.6293,0.0
7,3,1,1,21,4,4,1,,,1.3382,0.0
7,3,1,1,22,6,5,0,,,0.177,0.0
7,3,1,1,23,2,2,1,,,0.5966,0.0
7,3,1,1,24,6,6,1,,,0.5543,0.0
7,3,1,1,25,3,1,0,2,0,0.4014,1.1245
7,3,1,1,26,2,2,1,,,0.096,0.0
7,3,1,1,27,6,3,0,2,0,0.8575,0.3612
7,3,1,1,28,4,6,0,2,0,0.2292,1.0239
7,3,1,1,29,3,4,0,3,1,0.4797,0.6394
7,3,1,1,30,3,3,1,,,1.0752,0.0
7,3,1,1,31,5,4,0,3,0,0.7738,1.0331
7,3,1,1,32,4,6,0,5,0,0.4077,0.5393
7,3,1,1,33,6,6,1,,,0.3507,0.0
7,3,1,1,34,1,4,0,,,0.8782,0.0
7,3,1,1,35,6,1,0,,,0.5646,0.0
7,3,1,1,36,1,4,0,,,0.3746,0.0
7,3,1,1,37,6,6,1,,,0.1772,0.0
7,3,1,1,38,6,4,0,2,0,0.5526,0.4687
7,3,1,1,39,4,4,1,,,0.3471,0.0
7,3,1,1,40,1,3,0,,,0.6032,0.0
7,3,1,1,41,3,3,1,,,0.8931,0.0
7,3,1,1,42,2,2,1,,,0.631,0.0
7,3,1,1,43,5,5,1,,,0.2023,0.0
7,3,1,1,44,5,3,0,,,1.5048,0.0
7,3,1,1,45,1,5,0,,,0.1244,0.0
7,3,1,1,46,5,5,1,,,0.0811,0.0
7,3,1,1,47,6,6,1,,,0.2843,0.0
7,3,1,1,48,2,2,1,,,0.4469,0.0
7,3,1,1,49,6,2,0,,,0.171,0.0
7,3,1,1,50,4,6,0,,,0.781,0.0
7,3,1,2,1,2,2,1,,,0.5803,0.0
7,3,1,2,2,6,6,1,,,0.0591,0.0
7,3,1,2,3,1,4,0,,,0.4713,0.0
7,3,1,2,4,3,2,0,,,1.0371,0.0
7,3,1,2,5,6,6,1,,,0.3808,0.0
7,3,1,2,6,1,2,0,,,0.6191,0.0
7,3,1,2,7,6,6,1,,,0.6362,0.0
7,3,1,2,8,3,2,0,,,0.1919,0.0
7,3,1,2,9,5,5,1,,,0.6742,0.0
7,3,1,2,10,3,3,1,,,0.9813,0.0
7,3,1,2,11,4,2,0,,,2.2342,0.0
7,3,1,2,12,6,6,1,,,0.0245,0.0
7,3,1,2,13,6,6,1,,,0.1182,0.0
7,3,1,2,14,5,1,0,2,0,0.0799,1.1353
7,3,1,2,15,1,1,1,,,0.1712,0.0
7,3,1,2,16,6,1,0,3,0,0.4659,1.5073
7,3,1,2,17,2,2,1,,,0.2871,0.0
7,3,1,2,18,5,3,0,,,0.5939,0.0
7,3,1,2,19,6,6,1,,,0.4506,0.0
7,3,1,2,20,1,5,0,6,0,0.3502,0.3067
7,3,1,2,21,1,1,1,,,1.4733,0.0
7,3,1,2,22,3,6,0,1,0,0.3702,0.4707
7,3,1,2,23,1,2,0,,,0.4933,0.0
7,3,1,2,24,3,3,1,,,0.4991,0.0
7,3,1,2,25,2,2,1,,,0.5088,0.0
7,3,1,2,26,2,2,1,,,0.0541,0.0
7,3,1,2,27,6,6,1,,,0.1306,0.0
7,3,1,2,28,4,4,1,,,0.2509,0.0
7,3,1,2,29,4,4,1,,,0.1431,0.0
7,3,1,2,30,5,5,1,,,0.5205,0.0
7,3,1,2,31,3,3,1,,,0.6725,0.0
7,3,1,2,32,3,3,1,,,0.2117,0.0
7,3,1,2,33,2,2,1,,,0.1859,0.0
7,3,1,2,34,6,6,1,,,1.0246,0.0
7,3,1,2,35,4,4,1,,,0.485,0.0
7,3,1,2,36,4,4,1,,,0.3197,0.0
7,3,1,2,37,6,1,0,,,1.1684,0.0
7,3,1,2,38,1,1,1,,,0.5543,0.0
7,3,1,2,39,2,2,1,,,0.2102,0.0
7,3,1,2,40,4,4,1,,,0.2154,0.0
7,3,1,2,41,5,5,1,,,0.1257,0.0
7,3,1,2,42,4,4,1,,,0.2463,0.0
7,3,1,2,43,3,3,1,,,0.6821,0.0
7,3,1,2,44,5,1,0,2,0,0.4919,0.7483
7,3,1,2,45,5,6,0,,,0.503,0.0
7,3,1,2,46,4,4,1,,,0.5563,0.0
7,3,1,2,47,2,2,1,,,0.0996,0.0
7,3,1,2,48,2,2,1,,,0.4458,0.0
7,3,1,2,49,1,4,0,,,0.3454,0.0
7,3,1,2,50,5,5,1,,,0.0008,0.0
7,3,1,3,1,5,6,0,,,0.465,0.0
7,3,1,3,2,5,5,1,,,0.0874,0.0
7,3,1,3,3,3,3,1,,,0.7381,0.0
7,3,1,3,4,4,5,0,2,0,0.4021,0.709
7,3,1,3,5,3,2,0,,,0.6092,0.0
7,3,1,3,6,2,2,1,,,0.2097,0.0
7,3,1,3,7,1,1,1,,,0.6961,0.0
7,3,1,3,8,3,3,1,,,0.6815,0.0
7,3,1,3,9,1,5,0,,,0.4442,0.0
7,3,1,3,10,6,6,1,,,0.1945,0.0
7,3,1,3,11,4,4,1,,,0.5216,0.0
7,3,1,3,12,6,6,1,,,0.0826,0.0
7,3,1,3,13,6,5,0,,,0.3821,0.0
7,3,1,3,14,6,6,1,,,0.1515,0.0
7,3,1,3,15,1,4,0,3,0,0.4003,0.2739
7,3,1,3,16,6,1,0,6,1,0.4968,0.016
7,3,1,3,17,1,2,0,,,0.3817,0.0
7,3,1,3,18,5,2,0,6,0,1.1112,0.6378
7,3,1,3,19,5,5,1,,,0.3807,0.0
7,3,1,3,20,4,2,0,6,0,1.0187,0.501
7,3,1,3,21,5,5,1,,,0.6017,0.0
7,3,1,3,22,3,5,0,3,1,0.0147,1.0579
7,3,1,3,23,2,2,1,,,0.085,0.0
7,3,1,3,24,6,6,1,,,0.7358,0.0
7,3,1,3,25,4,5,0,,,0.5762,0.0
7,3,1,3,26,1,6,0,1,1,0.6586,0.9543
7,3,1,3,27,2,2,1,,,0.2416,0.0
7,3,1,3,28,1,1,1,,,0.2623,0.0
7,3,1,3,29,2,4,0,3,0,0.7615,0.6063
7,3,1,3,30,3,3,1,,,1.1828,0.0
7,3,1,3,31,6,6,1,,,0.4602,0.0
7,3,1,3,32,4,6,0,5,0,0.5523,0.3253
7,3,1,3,33,5,3,0,,,0.6571,0.0
7,3,1,3,34,3,3,1,,,0.5927,0.0
7,3,1,3,35,2,2,1,,,0.5027,0.0
7,3,1,3,36,6,6,1,,,0.4477,0.0
7,3,1,3,37,4,6,0,,,0.4126,0.0
7,3,1,3,38,2,2,1,,,0.1651,0.0
7,3,1,3,39,2,2,1,,,0.2201,0.0
7,3,1,3,40,2,1,0,2,1,0.7699,0.5334
7,3,1,3,41,1,6,0,5,0,1.0847,0.4355
7,3,1,3,42,3,3,1,,,0.54,0.0
7,3,1,3,43,6,6,1,,,0.3722,0.0
7,3,1,3,44,3,5,0,,,0.2115,0.0
7,3,1,3,45,4,4,1,,,0.7395,0.0
7,3,1,3,46,5,6,0,,,0.2272,0.0
7,3,1,3,47,4,4,1,,,0.4354,0.0
7,3,1,3,48,6,6,1,,,0.2398,0.0
7,3,1,3,49,1,1,1,,,0.9974,0.0
7,3,1,3,50,5,6,0,,,0.5223,0.0
7,3,1,4,1,2,2,1,,,0.2034,0.0
7,3,1,4,2,6,5,0,,,0.8028,0.0
7,3,1,4,3,4,4,1,,,0.4588,0.0
7,3,1,4,4,2,2,1,,,0.2781,0.0
7,3,1,4,5,3,1,0,,,0.5858,0.0
7,3,1,4,6,1,1,1,,,0.555,0.0
7,3,1,4,7,3,2,0,3,1,0.5314,0.4176
7,3,1,4,8,6,6,1,,,0.3185,0.0
7,3,1,4,9,5,5,1,,,0.4478,0.0
7,3,1,4,10,1,1,1,,,0.4747,0.0
7,3,1,4,11,4,4,1,,,0.4859,0.0
7,3,1,4,12,6,6,1,,,0.1279,0.0
7,3,1,4,13,5,5,1,,,0.1537,0.0
7,3,1,4,14,6,6,1,,,0.1615,0.0
7,3,1,4,15,4,5,0,,,0.4251,0.0
7,3,1,4,16,1,1,1,,,1.8899,0.0
7,3,1,4,17,2,1,0,2,1,0.2274,0.5567
7,3,1,4,18,3,1,0,,,1.2839,0.0
7,3,1,4,19,1,5,0,6,0,1.2736,0.001
7,3,1,4,20,4,4,1,,,0.5776,0.0
7,3,1,4,21,2,2,1,,,0.3936,0.0
7,3,1,4,22,1,1,1,,,0.4398,0.0
7,3,1,4,23,1,5,0,,,0.4994,0.0
7,3,1,4,24,5,6,0,,,1.0324,0.0
7,3,1,4,25,5,5,1,,,0.5679,0.0
7,3,1,4,26,6,6,1,,,0.1107,0.0
7,3,1,4,27,2,2,1,,,0.1846,0.0
7,3,1,4,28,6,6,1,,,0.5427,0.0
7,3,1,4,29,4,2,0,,,0.4553,0.0
7,3,1,4,30,3,3,1,,,0.8464,0.0
7,3,1,4,31,6,6,1,,,0.2344,0.0
7,3,1,4,32,4,3,0,,,0.8469,0.0
7,3,1,4,33,6,6,1,,,0.1013,0.0
7,3,1,4,34,5,5,1,,,0.0481,0.0
7,3,1,4,35,6,5,0,1,0,0.2512,0.9959
7,3,1,4,36,1,1,1,,,0.5814,0.0
7,3,1,4,37,5,5,1,,,0.043,0.0
7,3,1,4,38,4,2,0,3,0,0.8076,0.6822
7,3,1,4,39,1,1,1,,,0.3601,0.0
7,3,1,4,40,2,2,1,,,0.1831,0.0
7,3,1,4,41,3,3,1,,,0.6227,0.0
7,3,1,4,42,2,2,1,,,0.5954,0.0
7,3,1,4,43,3,3,1,,,0.6501,0.0
7,3,1,4,44,3,6,0,5,0,0.2685,0.6127
7,3,1,4,45,4,4,1,,,0.7894,0.0
7,3,1,4,46,5,5,1,,,0.1958,0.0
7,3,1,4,47,5,5,1,,,0.281,0.0
7,3,1,4,48,3,3,1,,,0.6995,0.0
7,3,1,4,49,6,5,0,,,0.3817,0.0
7,3,1,4,50,2,2,1,,,0.4235,0.0
7,3,2,1,1,4,4,1,,,0.3873,0.0
7,3,2,1,2,6,6,1,,,0.1775,0.0
7,3,2,1,3,5,5,1,,,0.1539,0.0
7,3,2,1,4,1,1,1,,,0.7371,0.0
7,3,2,1,5,2,5,0,2,1,0.0172,0.0679
7,3,2,1,6,4,4,1,,,0.8634,0.0
7,3,2,1,7,6,6,1,,,0.0897,0.0
7,3,2,1,8,2,2,1,,,0.4688,0.0
7,3,2,1,9,5,4,0,6,0,0.4637,0.3198
7,3,2,1,10,6,4,0,,,0.8124,0.0
7,3,2,1,11,5,6,0,,,0.2288,0.0
7,3,2,1,12,4,2,0,,,0.7255,0.0
7,3,2,1,13,3,3,1,,,0.7693,0.0
7,3,2,1,14,6,6,1,,,0.4795,0.0
7,3,2,1,15,4,6,0,,,0.9234,0.0
7,3,2,1,16,6,6,1,,,0.127,0.0
7,3,2,1,17,2,2,1,,,0.4086,0.0
7,3,2,1,18,2,2,1,,,0.4537,0.0
7,3,2,1,19,6,6,1,,,0.5138,0.0
7,3,2,1,20,5,5,1,,,0.0009,0.0
7,3,2,1,21,5,5,1,,,0.1217,0.0
7,3,2,1,22,3,6,0,,,0.1787,0.0
7,3,2,1,23,4,6,0,,,0.389,0.0
7,3,2,1,24,3,2,0,,,0.5269,0.0
7,3,2,1,25,1,5,0,,,0.5946,0.0
7,3,2,1,26,4,4,1,,,0.5471,0.0
7,3,2,1,27,5,5,1,,,0.3151,0.0
7,3,2,1,28,1,6,0,,,0.317,0.0
7,3,2,1,29,6,6,1,,,0.0728,0.0
7,3,2,1,30,2,3,0,4,0,0.9482,0.7213
7,3,2,1,31,1,1,1,,,0.7501,0.0
7,3,2,1,32,1,5,0,6,0,0.3964,0.7039
7,3,2,1,33,2,6,0,,,0.4127,0.0
7,3,2,1,34,4,3,0,4,1,0.7732,0.4729
7,3,2,1,35,6,6,1,,,0.164,0.0
7,3,2,1,36,5,6,0,,,0.3317,0.0
7,3,2,1,37,6,5,0,1,0,0.3751,1.6593
7,3,2,1,38,3,4,0,,,0.7206,0.0
7,3,2,1,39,3,3,1,,,0.5254,0.0
7,3,2,1,40,3,6,0,5,0,0.5182,0.676
7,3,2,1,41,5,1,0,3,0,0.8503,0.483
7,3,2,1,42,1,6,0,,,0.3136,0.0
7,3,2,1,43,1,1,1,,,0.149,0.0
7,3,2,1,44,4,4,1,,,0.3815,0.0
7,3,2,1,45,3,6,0,,,0.6526,0.0
7,3,2,1,46,2,2,1,,,0.4746,0.0
7,3,2,1,47,3,2,0,3,1,0.5987,0.4653
7,3,2,1,48,6,6,1,,,0.4444,0.0
7,3,2,1,49,1,1,1,,,0.2963,0.0
7,3,2,1,50,2,2,1,,,0.1872,0.0
7,3,2,2,1,3,4,0,,,1.8228,0.0
7,3,2,2,2,2,4,0,,,1.6939,0.0
7,3,2,2,3,4,1,0,5,0,0.5297,1.2149
7,3,2,2,4,2,2,1,,,1.0476,0.0
7,3,2,2,5,4,2,0,,,1.4018,0.0
7,3,2,2,6,6,6,1,,,0.3297,0.0
7,3,2,2,7,3,5,0,,,0.6023,0.0
7,3,2,2,8,2,4,0,,,0.6034,0.0
7,3,2,2,9,5,5,1,,,0.2527,0.0
7,3,2,2,10,1,1,1,,,1.6488,0.0
7,3,2,2,11,5,4,0,,,0.7793,0.0
7,3,2,2,12,5,6,0,1,0,0.1972,1.1677
7,3,2,2,13,1,6,0,5,0,0.5535,0.7257
7,3,2,2,14,4,1,0,,,0.5141,0.0
7,3,2,2,15,2,2,1,,,0.3428,0.0
7,3,2,2,16,1,1,1,,,0.3594,0.0
7,3,2,2,17,4,4,1,,,0.4559,0.0
7,3,2,2,18,1,6,0,,,0.0037,0.0
7,3,2,2,19,6,5,0,,,0.0603,0.0
7,3,2,2,20,6,6,1,,,0.0358,0.0
7,3,2,2,21,1,1,1,,,0.4324,0.0
7,3,2,2,22,5,6,0,,,0.4769,0.0
7,3,2,2,23,3,2,0,,,0.6438,0.0
7,3,2,2,24,3,4,0,,,0.6109,0.0
7,3,2,2,25,3,1,0,3,1,0.6119,0.9908
7,3,2,2,26,3,6,0,1,0,0.1957,1.0879
7,3,2,2,27,6,5,0,6,1,1.1165,0.8029
7,3,2,2,28,1,1,1,,,0.2082,0.0
7,3,2,2,29,5,5,1,,,0.7579,0.0
7,3,2,2,30,2,2,1,,,0.2934,0.0
7,3,2,2,31,6,6,1,,,0.5197,0.0
7,3,2,2,32,3,3,1,,,1.3129,0.0
7,3,2,2,33,6,6,1,,,0.4249,0.0
7,3,2,2,34,1,4,0,,,1.0619,0.0
7,3,2,2,35,2,2,1,,,1.2035,0.0
7,3,2,2,36,6,6,1,,,0.7692,0.0
7,3,2,2,37,4,4,1,,,0.4317,0.0
7,3,2,2,38,2,4,0,,,0.6847,0.0
7,3,2,2,39,4,3,0,4,1,0.2975,0.6089
7,3,2,2,40,1,6,0,,,0.6944,0.0
7,3,2,2,41,3,3,1,,,0.8514,0.0
7,3,2,2,42,4,4,1,,,0.607,0.0
7,3,2,2,43,2,2,1,,,0.325,0.0
7,3,2,2,44,6,6,1,,,0.2143,0.0
7,3,2,2,45,5,3,0,1,0,1.4516,1.8908
7,3,2,2,46,6,6,1,,,0.462,0.0
7,3,2,2,47,5,3,0,,,0.9055,0.0
7,3,2,2,48,6,6,1,,,0.6864,0.0
7,3,2,2,49,4,4,1,,,0.7204,0.0
7,3,2,2,50,5,6,0,2,0,0.6411,0.8429
7,3,2,3,1,6,6,1,,,0.7507,0.0
7,3,2,3,2,3,3,1,,,0.6072,0.0
7,3,2,3,3,2,6,0,2,1,0.4357,0.7088
7,3,2,3,4,3,4,0,,,0.6311,0.0
7,3,2,3,5,1,6,0,,,0.3102,0.0
7,3,2,3,6,6,6,1,,,0.5153,0.0
7,3,2,3,7,1,2,0,,,0.4768,0.0
7,3,2,3,8,5,4,0,3,0,0.5305,0.5755
7,3,2,3,9,2,2,1,,,2.6264,0.0
7,3,2,3,10,1,1,1,,,0.5975,0.0
7,3,2,3,11,6,6,1,,,0.6982,0.0
7,3,2,3,12,4,1,0,2,0,1.1317,0.625
7,3,2,3,13,5,6,0,,,0.6419,0.0
7,3,2,3,14,3,5,0,,,0.4803,0.0
7,3,2,3,15,2,2,1,,,0.4864,0.0
7,3,2,3,16,2,1,0,2,1,0.5613,0.0135
7,3,2,3,17,5,6,0,,,0.8109,0.0
7,3,2,3,18,4,4,1,,,0.4997,0.0
7,3,2,3,19,4,4,1,,,0.4766,0.0
7,3,2,3,20,2,2,1,,,0.1514,0.0
7,3,2,3,21,4,4,1,,,0.5598,0.0
7,3,2,3,22,5,5,1,,,0.0073,0.0
7,3,2,3,23,1,6,0,,,0.5332,0.0
7,3,2,3,24,6,6,1,,,0.6497,0.0
7,3,2,3,25,1,1,1,,,0.3173,0.0
7,3,2,3,26,1,1,1,,,0.3505,0.0
7,3,2,3,27,6,1,0,6,1,0.2701,0.9657
7,3,2,3,28,6,6,1,,,0.3961,0.0
7,3,2,3,29,2,2,1,,,0.2663,0.0
7,3,2,3,30,6,6,1,,,0.7341,0.0
7,3,2,3,31,5,1,0,,,0.958,0.0
7,3,2,3,32,1,1,1,,,1.6482,0.0
7,3,2,3,33,4,3,0,,,0.8744,0.0
7,3,2,3,34,3,6,0,,,0.4016,0.0
7,3,2,3,35,6,6,1,,,0.106,0.0
7,3,2,3,36,2,2,1,,,0.1488,0.0
7,3,2,3,37,4,4,1,,,0.3008,0.0
7,3,2,3,38,6,6,1,,,0.0617,0.0
7,3,2,3,39,3,2,0,3,1,0.3295,0.4954
7,3,2,3,40,1,4,0,,,0.5374,0.0
7,3,2,3,41,4,4,1,,,0.2687,0.0
7,3,2,3,42,5,5,1,,,0.6404,0.0
7,3,2,3,43,3,3,1,,,0.8689,0.0
7,3,2,3,44,2,2,1,,,0.3352,0.0
7,3,2,3,45,5,5,1,,,0.8637,0.0
7,3,2,3,46,4,4,1,,,0.7793,0.0
7,3,2,3,47,3,4,0,,,0.8895,0.0
7,3,2,3,48,5,5,1,,,0.5747,0.0
7,3,2,3,49,6,6,1,,,0.7088,0.0
7,3,2,3,50,3,3,1,,,0.583,0.0
7,3,2,4,1,1,2,0,5,0,1.0511,0.642
7,3,2,4,2,6,6,1,,,0.4987,0.0
7,3,2,4,3,6,4,0,3,0,1.8365,0.7557
7,3,2,4,4,5,5,1,,,0.3499,0.0
7,3,2,4,5,6,6,1,,,0.3503,0.0
7,3,2,4,6,4,4,1,,,0.6215,0.0
7,3,2,4,7,1,1,1,,,0.6906,0.0
7,3,2,4,8,6,6,1,,,0.2925,0.0
7,3,2,4,9,6,6,1,,,0.4235,0.0
7,3,2,4,10,4,4,1,,,0.4531,0.0
7,3,2,4,11,2,2,1,,,0.2889,0.0
7,3,2,4,12,1,5,0,,,0.8038,0.0
7,3,2,4,13,1,6,0,2,0,0.8918,1.034
7,3,2,4,14,3,1,0,,,0.938,0.0
7,3,2,4,15,5,5,1,,,0.8776,0.0
7,3,2,4,16,1,1,1,,,0.8707,0.0
7,3,2,4,17,3,1,0,,,0.7856,0.0
7,3,2,4,18,3,6,0,,,1.5473,0.0
7,3,2,4,19,3,3,1,,,0.8367,0.0
7,3,2,4,20,1,4,0,,,0.4495,0.0
7,3,2,4,21,2,2,1,,,0.3126,0.0
7,3,2,4,22,4,4,1,,,0.5696,0.0
7,3,2,4,23,6,6,1,,,0.1599,0.0
7,3,2,4,24,1,4,0,,,0.4563,0.0
7,3,2,4,25,4,4,1,,,0.7993,0.0
7,3,2,4,26,6,1,0,2,0,1.82,0.4691
7,3,2,4,27,6,6,1,,,0.6505,0.0
7,3,2,4,28,5,5,1,,,0.6062,0.0
7,3,2,4,29,4,4,1,,,0.5007,0.0
7,3,2,4,30,2,2,1,,,0.3175,0.0
7,3,2,4,31,3,2,0,,,0.607,0.0
7,3,2,4,32,2,2,1,,,0.5444,0.0
7,3,2,4,33,2,2,1,,,0.3755,0.0
7,3,2,4,34,2,4,0,2,1,0.4715,0.3271
7,3,2,4,35,2,2,1,,,0.6635,0.0
7,3,2,4,36,4,6,0,1,0,0.5865,1.2045
7,3,2,4,37,5,3,0,4,0,0.9254,0.7786
7,3,2,4,38,5,6,0,,,0.9001,0.0
7,3,2,4,39,6,1,0,,,0.6805,0.0
7,3,2,4,40,5,5,1,,,0.3584,0.0
7,3,2,4,41,1,3,0,,,0.8388,0.0
7,3,2,4,42,2,2,1,,,0.3021,0.0
7,3,2,4,43,3,6,0,5,0,1.0391,0.7606
7,3,2,4,44,4,4,1,,,0.3867,0.0
7,3,2,4,45,3,3,1,,,1.4569,0.0
7,3,2,4,46,5,3,0,,,1.028,0.0
7,3,2,4,47,3,2,0,,,1.186,0.0
7,3,2,4,48,6,5,0,6,1,0.1553,0.2484
7,3,2,4,49,4,4,1,,,0.5411,0.0
7,3,2,4,50,5,5,1,,,0.4373,0.0
7,3,3,1,1,3,1,0,2,0,0.752,0.5476
7,3,3,1,2,6,6,1,,,0.4389,0.0
7,3,3,1,3,6,6,1,,,0.7872,0.0
7,3,3,1,4,1,1,1,,,0.7367,0.0
7,3,3,1,5,6,6,1,,,0.5132,0.0
7,3,3,1,6,5,2,0,5,1,0.9862,0.5489
7,3,3,1,7,6,1,0,,,0.8279,0.0
7,3,3,1,8,2,2,1,,,0.597,0.0
7,3,3,1,9,4,4,1,,,0.97,0.0
7,3,3,1,10,3,2,0,,,1.5688,0.0
7,3,3,1,11,2,5,0,3,0,0.4419,0.9717
7,3,3,1,12,5,5,1,,,1.1007,0.0
7,3,3,1,13,2,2,1,,,0.5257,0.0
7,3,3,1,14,1,1,1,,,0.9348,0.0
7,3,3,1,15,1,3,0,4,0,0.7035,0.7574
7,3,3,1,16,3,3,1,,,1.1046,0.0
7,3,3,1,17,5,1,0,6,0,1.4565,0.4246
7,3,3,1,18,3,2,0,,,0.5128,0.0
7,3,3,1,19,5,1,0,,,0.9009,0.0
7,3,3,1,20,2,4,0,3,0,0.9529,1.4767
7,3,3,1,21,5,5,1,,,0.2747,0.0
7,3,3,1,22,4,4,1,,,0.6294,0.0
7,3,3,1,23,1,3,0,2,0,0.9699,0.4692
7,3,3,1,24,6,6,1,,,0.523,0.0
7,3,3,1,25,3,4,0,,,0.6922,0.0
7,3,3,1,26,4,6,0,1,0,0.3697,0.3415
7,3,3,1,27,6,2,0,,,1.4897,0.0
7,3,3,1,28,6,1,0,4,0,0.6392,1.3028
7,3,3,1,29,5,3,0,,,0.9236,0.0
7,3,3,1,30,6,6,1,,,0.2392,0.0
7,3,3,1,31,3,3,1,,,0.6925,0.0
7,3,3,1,32,4,4,1,,,0.695,0.0
7,3,3,1,33,3,3,1,,,0.584,0.0
7,3,3,1,34,4,5,0,4,1,0.6699,0.1341
7,3,3,1,35,4,4,1,,,0.4145,0.0
7,3,3,1,36,1,4,0,,,0.5716,0.0
7,3,3,1,37,2,2,1,,,0.8302,0.0
7,3,3,1,38,2,4,0,,,0.666,0.0
7,3,3,1,39,1,6,0,,,0.4881,0.0
7,3,3,1,40,2,2,1,,,1.4701,0.0
7,3,3,1,41,1,4,0,,,0.4961,0.0
7,3,3,1,42,4,4,1,,,0.3407,0.0
7,3,3,1,43,5,1,0,,,0.8062,0.0
7,3,3,1,44,6,6,1,,,0.4619,0.0
7,3,3,1,45,1,5,0,,,0.9059,0.0
7,3,3,1,46,5,5,1,,,0.67,0.0
7,3,3,1,47,6,6,1,,,0.4491,0.0
7,3,3,1,48,3,2,0,1,0,0.6368,1.1094
7,3,3,1,49,4,4,1,,,0.4979,0.0
7,3,3,1,50,2,2,1,,,1.0988,0.0
7,3,3,2,1,6,4,0,3,0,1.0975,0.7681
7,3,3,2,2,6,5,0,,,0.7308,0.0
7,3,3,2,3,2,2,1,,,0.6937,0.0
7,3,3,2,4,3,2,0,,,0.4402,0.0
7,3,3,2,5,1,4,0,3,0,0.6226,0.92
7,3,3,2,6,1,1,1,,,0.5882,0.0
7,3,3,2,7,3,4,0,,,0.7552,0.0
7,3,3,2,8,5,5,1,,,0.8932,0.0
7,3,3,2,9,6,2,0,3,0,0.8714,0.5352
7,3,3,2,10,6,6,1,,,0.4428,0.0
7,3,3,2,11,4,4,1,,,0.4224,0.0
7,3,3,2,12,6,6,1,,,0.4365,0.0
7,3,3,2,13,2,2,1,,,0.4799,0.0
7,3,3,2,14,4,4,1,,,0.5233,0.0
7,3,3,2,15,3,3,1,,,0.6922,0.0
7,3,3,2,16,3,3,1,,,0.758,0.0
7,3,3,2,17,1,1,1,,,0.2288,0.0
7,3,3,2,18,4,4,1,,,0.5863,0.0
7,3,3,2,19,1,1,1,,,0.976,0.0
7,3,3,2,20,6,6,1,,,0.1505,0.0
7,3,3,2,21,3,4,0,,,0.6226,0.0
7,3,3,2,22,3,3,1,,,0.6067,0.0
7,3,3,2,23,2,2,1,,,0.7401,0.0
7,3,3,2,24,5,6,0,1,0,0.4519,0.5
7,3,3,2,25,1,1,1,,,0.6983,0.0
7,3,3,2,26,4,3,0,4,1,1.3076,0.5202
7,3,3,2,27,4,4,1,,,0.8024,0.0
7,3,3,2,28,6,5,0,,,0.8155,0.0
7,3,3,2,29,6,6,1,,,0.1997,0.0
7,3,3,2,30,6,4,0,3,0,0.5887,0.9209
7,3,3,2,31,5,5,1,,,0.5078,0.0
7,3,3,2,32,5,5,1,,,0.6302,0.0
7,3,3,2,33,4,4,1,,,0.5856,0.0
7,3,3,2,34,1,4,0,3,0,0.7999,0.8347
7,3,3,2,35,3,3,1,,,0.5391,0.0
7,3,3,2,36,1,1,1,,,0.7864,0.0
7,3,3,2,37,4,4,1,,,0.7051,0.0
7,3,3,2,38,2,2,1,,,0.8183,0.0
7,3,3,2,39,5,5,1,,,0.5595,0.0
7,3,3,2,40,6,6,1,,,0.9984,0.0
7,3,3,2,41,2,2,1,,,0.6675,0.0
7,3,3,2,42,4,4,1,,,0.4308,0.0
7,3,3,2,43,2,2,1,,,0.5225,0.0
7,3,3,2,44,5,5,1,,,0.2922,0.0
7,3,3,2,45,2,2,1,,,0.5031,0.0
7,3,3,2,46,1,6,0,,,0.2079,0.0
7,3,3,2,47,5,5,1,,,0.3537,0.0
7,3,3,2,48,5,3,0,,,1.985,0.0
7,3,3,2,49,2,2,1,,,0.7451,0.0
7,3,3,2,50,3,5,0,4,0,0.6163,0.4661
7,3,3,3,1,1,1,1,,,0.8225,0.0
7,3,3,3,2,3,5,0,,,0.4842,0.0
7,3,3,3,3,6,6,1,,,0.2489,0.0
7,3,3,3,4,1,6,0,5,0,0.2853,0.4692
7,3,3,3,5,3,3,1,,,0.571,0.0
7,3,3,3,6,3,3,1,,,0.7386,0.0
7,3,3,3,7,2,2,1,,,0.3537,0.0
7,3,3,3,8,5,5,1,,,0.7063,0.0
7,3,3,3,9,3,3,1,,,0.5951,0.0
7,3,3,3,10,1,1,1,,,0.6335,0.0
7,3,3,3,11,2,2,1,,,0.3016,0.0
7,3,3,3,12,5,3,0,,,0.7832,0.0
7,3,3,3,13,6,6,1,,,0.3923,0.0
7,3,3,3,14,4,4,1,,,0.5829,0.0
7,3,3,3,15,5,5,1,,,0.2373,0.0
7,3,3,3,16,3,1,0,,,0.6415,0.0
7,3,3,3,17,1,3,0,,,1.0257,0.0
7,3,3,3,18,1,1,1,,,0.641,0.0
7,3,3,3,19,5,1,0,6,0,0.6456,0.5258
7,3,3,3,20,5,4,0,,,0.5303,0.0
7,3,3,3,21,2,2,1,,,0.2773,0.0
7,3,3,3,22,6,6,1,,,0.2165,0.0
7,3,3,3,23,6,4,0,,,0.5413,0.0
7,3,3,3,24,3,1,0,,,1.0083,0.0
7,3,3,3,25,6,6,1,,,0.3363,0.0
7,3,3,3,26,6,6,1,,,0.1607,0.0
7,3,3,3,27,4,4,1,,,0.8083,0.0
7,3,3,3,28,2,4,0,,,0.469,0.0
7,3,3,3,29,4,4,1,,,0.1072,0.0
7,3,3,3,30,4,4,1,,,0.7093,0.0
7,3,3,3,31,4,4,1,,,0.8868,0.0
7,3,3,3,32,6,6,1,,,0.1451,0.0
7,3,3,3,33,6,6,1,,,0.6174,0.0
7,3,3,3,34,2,2,1,,,0.5424,0.0
7,3,3,3,35,5,4,0,,,1.063,0.0
7,3,3,3,36,6,6,1,,,0.3243,0.0
7,3,3,3,37,3,3,1,,,0.7248,0.0
7,3,3,3,38,5,5,1,,,0.118,0.0
7,3,3,3,39,1,6,0,,,1.0554,0.0
7,3,3,3,40,6,6,1,,,0.3982,0.0
7,3,3,3,41,2,2,1,,,0.4917,0.0
7,3,3,3,42,4,4,1,,,0.4706,0.0
7,3,3,3,43,1,1,1,,,0.6089,0.0
7,3,3,3,44,4,4,1,,,0.4867,0.0
7,3,3,3,45,5,6,0,5,1,0.1771,0.942
7,3,3,3,46,4,6,0,1,0,0.6297,0.3504
7,3,3,3,47,3,6,0,3,1,0.8741,0.8581
7,3,3,3,48,1,1,1,,,0.1807,0.0
7,3,3,3,49,2,2,1,,,0.3158,0.0
7,3,3,3,50,2,2,1,,,0.8604,0.0
7,3,3,4,1,5,2,0,,,0.4208,0.0
7,3,3,4,2,6,6,1,,,0.2363,0.0
7,3,3,4,3,3,2,0,,,0.5931,0.0
7,3,3,4,4,4,5,0,,,0.6106,0.0
7,3,3,4,5,6,1,0,,,0.4825,0.0
7,3,3,4,6,5,5,1,,,0.6963,0.0
7,3,3,4,7,2,2,1,,,0.1538,0.0
7,3,3,4,8,3,2,0,4,0,0.4344,0.4831
7,3,3,4,9,3,3,1,,,0.5535,0.0
7,3,3,4,10,2,2,1,,,0.545,0.0
7,3,3,4,11,1,4,0,3,0,0.5197,0.5978
7,3,3,4,12,3,3,1,,,0.7747,0.0
7,3,3,4,13,6,6,1,,,0.5495,0.0
7,3,3,4,14,2,2,1,,,0.1895,0.0
7,3,3,4,15,4,3,0,,,1.1409,0.0
7,3,3,4,16,5,6,0,,,0.7347,0.0
7,3,3,4,17,1,1,1,,,0.89,0.0
7,3,3,4,18,5,2,0,,,0.5321,0.0
7,3,3,4,19,5,1,0,2,0,1.0158,0.6255
7,3,3,4,20,4,6,0,5,0,0.5932,0.7801
7,3,3,4,21,2,2,1,,,0.278,0.0
7,3,3,4,22,1,4,0,,,0.4403,0.0
7,3,3,4,23,5,5,1,,,0.7038,0.0
7,3,3,4,24,2,5,0,2,1,0.4814,0.3532
7,3,3,4,25,4,1,0,,,0.8334,0.0
7,3,3,4,26,6,6,1,,,0.6803,0.0
7,3,3,4,27,4,4,1,,,0.6663,0.0
7,3,3,4,28,6,6,1,,,0.5745,0.0
7,3,3,4,29,1,4,0,3,0,0.5643,0.6241
7,3,3,4,30,1,6,0,,,1.0555,0.0
7,3,3,4,31,2,2,1,,,1.2298,0.0
7,3,3,4,32,6,6,1,,,0.6655,0.0
7,3,3,4,33,3,1,0,,,0.8599,0.0
7,3,3,4,34,3,4,0,,,1.0583,0.0
7,3,3,4,35,4,4,1,,,0.384,0.0
7,3,3,4,36,6,6,1,,,0.7993,0.0
7,3,3,4,37,6,3,0,4,0,0.8283,0.8136
7,3,3,4,38,1,6,0,,,0.454,0.0
7,3,3,4,39,5,5,1,,,0.7012,0.0
7,3,3,4,40,6,6,1,,,0.7337,0.0
7,3,3,4,41,4,2,0,5,0,0.5271,0.4756
7,3,3,4,42,1,4,0,,,1.2185,0.0
7,3,3,4,43,2,2,1,,,0.2657,0.0
7,3,3,4,44,2,2,1,,,0.1084,0.0
7,3,3,4,45,3,4,0,,,0.6303,0.0
7,3,3,4,46,3,2,0,5,0,0.6625,0.4625
7,3,3,4,47,5,2,0,,,0.7566,0.0
7,3,3,4,48,1,3,0,,,0.9431,0.0
7,3,3,4,49,4,4,1,,,0.7539,0.0
7,3,3,4,50,6,6,1,,,0.7056,0.0
7,3,4,1,1,4,4,1,,,0.2755,0.0
7,3,4,1,2,2,2,1,,,0.1669,0.0
7,3,4,1,3,1,4,0,,,0.4139,0.0
7,3,4,1,4,5,5,1,,,0.2154,0.0
7,3,4,1,5,6,6,1,,,0.2048,0.0
7,3,4,1,6,3,3,1,,,0.6582,0.0
7,3,4,1,7,3,3,1,,,0.5338,0.0
7,3,4,1,8,2,6,0,1,0,0.3344,0.2441
7,3,4,1,9,1,2,0,,,0.8031,0.0
7,3,4,1,10,3,3,1,,,0.652,0.0
7,3,4,1,11,4,4,1,,,0.4945,0.0
7,3,4,1,12,6,6,1,,,0.4085,0.0
7,3,4,1,13,3,2,0,,,0.5978,0.0
7,3,4,1,14,2,2,1,,,0.0704,0.0
7,3,4,1,15,4,4,1,,,0.5944,0.0
7,3,4,1,16,4,4,1,,,0.6005,0.0
7,3,4,1,17,1,1,1,,,0.7813,0.0
7,3,4,1,18,5,2,0,,,0.7153,0.0
7,3,4,1,19,6,2,0,1,0,0.6474,1.4083
7,3,4,1,20,5,3,0,,,0.7041,0.0
7,3,4,1,21,4,4,1,,,0.733,0.0
7,3,4,1,22,1,4,0,,,1.1015,0.0
7,3,4,1,23,3,3,1,,,0.7134,0.0
7,3,4,1,24,6,6,1,,,0.17,0.0
7,3,4,1,25,5,2,0,,,0.7533,0.0
7,3,4,1,26,3,4,0,,,0.6851,0.0
7,3,4,1,27,6,6,1,,,0.1862,0.0
7,3,4,1,28,1,1,1,,,0.593,0.0
7,3,4,1,29,2,2,1,,,0.5342,0.0
7,3,4,1,30,1,3,0,,,1.4066,0.0
7,3,4,1,31,5,6,0,,,0.5272,0.0
7,3,4,1,32,2,2,1,,,0.2265,0.0
7,3,4,1,33,1,6,0,,,0.3916,0.0
7,3,4,1,34,2,4,0,2,1,0.7042,0.3742
7,3,4,1,35,5,4,0,3,0,0.4859,0.0529
7,3,4,1,36,6,6,1,,,0.2848,0.0
7,3,4,1,37,6,6,1,,,0.527,0.0
7,3,4,1,38,6,6,1,,,0.4875,0.0
7,3,4,1,39,4,4,1,,,0.4662,0.0
7,3,4,1,40,6,3,0,,,0.8449,0.0
7,3,4,1,41,6,6,1,,,0.4681,0.0
7,3,4,1,42,4,4,1,,,0.4778,0.0
7,3,4,1,43,5,4,0,,,0.5524,0.0
7,3,4,1,44,2,4,0,3,0,0.6362,0.437
7,3,4,1,45,4,4,1,,,0.509,0.0
7,3,4,1,46,5,2,0,,,0.1022,0.0
7,3,4,1,47,3,3,1,,,0.827,0.0
7,3,4,1,48,1,1,1,,,0.1196,0.0
7,3,4,1,49,3,2,0,,,0.4977,0.0
7,3,4,1,50,2,2,1,,,0.4541,0.0
7,3,4,2,1,6,6,1,,,0.5112,0.0
7,3,4,2,2,5,6,0,,,0.1526,0.0
7,3,4,2,3,1,6,0,,,0.0009,0.0
7,3,4,2,4,2,2,1,,,0.518,0.0
7,3,4,2,5,4,4,1,,,0.5754,0.0
7,3,4,2,6,2,4,0,,,0.7101,0.0
7,3,4,2,7,2,1,0,,,0.8655,0.0
7,3,4,2,8,2,6,0,5,0,0.6806,0.4798
7,3,4,2,9,5,3,0,5,1,0.8849,0.3404
7,3,4,2,10,5,5,1,,,0.8689,0.0
7,3,4,2,11,2,2,1,,,0.6718,0.0
7,3,4,2,12,3,3,1,,,1.8737,0.0
7,3,4,2,13,2,4,0,,,0.9154,0.0
7,3,4,2,14,6,6,1,,,0.5357,0.0
7,3,4,2,15,1,4,0,3,0,0.704,0.5498
7,3,4,2,16,1,1,1,,,0.9856,0.0
7,3,4,2,17,3,2,0,,,0.7344,0.0
7,3,4,2,18,5,5,1,,,0.0898,0.0
7,3,4,2,19,3,3,1,,,0.6778,0.0
7,3,4,2,20,3,2,0,,,1.4316,0.0
7,3,4,2,21,6,6,1,,,0.2142,0.0
7,3,4,2,22,6,2,0,3,0,0.9717,0.4234
7,3,4,2,23,4,5,0,,,1.0709,0.0
7,3,4,2,24,5,6,0,5,1,0.1256,0.9557
7,3,4,2,25,3,4,0,,,0.4987,0.0
7,3,4,2,26,4,4,1,,,0.5839,0.0
7,3,4,2,27,6,6,1,,,0.7182,0.0
7,3,4,2,28,1,4,0,,,0.5589,0.0
7,3,4,2,29,4,4,1,,,0.8325,0.0
7,3,4,2,30,6,6,1,,,0.1569,0.0
7,3,4,2,31,1,1,1,,,0.8693,0.0
7,3,4,2,32,3,1,0,,,0.9124,0.0
7,3,4,2,33,6,1,0,,,0.6443,0.0
7,3,4,2,34,5,2,0,,,0.3702,0.0
7,3,4,2,35,6,6,1,,,0.2523,0.0
7,3,4,2,36,1,2,0,5,0,0.6075,0.4423
7,3,4,2,37,5,6,0,,,0.7536,0.0
7,3,4,2,38,5,5,1,,,0.0122,0.0
7,3,4,2,39,3,3,1,,,0.9054,0.0
7,3,4,2,40,4,4,1,,,0.7553,0.0
7,3,4,2,41,6,6,1,,,0.5144,0.0
7,3,4,2,42,3,4,0,,,0.7949,0.0
7,3,4,2,43,2,2,1,,,0.2445,0.0
7,3,4,2,44,4,4,1,,,0.4722,0.0
7,3,4,2,45,1,2,0,,,0.7559,0.0
7,3,4,2,46,6,6,1,,,0.1415,0.0
7,3,4,2,47,4,4,1,,,0.7415,0.0
7,3,4,2,48,2,2,1,,,0.4364,0.0
7,3,4,2,49,1,1,1,,,1.1058,0.0
7,3,4,2,50,4,2,0,,,0.6899,0.0
7,3,4,3,1,3,6,0,5,0,0.6379,0.3907
7,3,4,3,2,4,4,1,,,0.3512,0.0
7,3,4,3,3,6,4,0,3,0,0.4791,0.8632
7,3,4,3,4,2,2,1,,,0.2932,0.0
7,3,4,3,5,4,6,0,5,0,0.5838,0.786
7,3,4,3,6,1,4,0,,,0.4281,0.0
7,3,4,3,7,3,3,1,,,1.0123,0.0
7,3,4,3,8,6,6,1,,,0.6329,0.0
7,3,4,3,9,3,3,1,,,0.8614,0.0
7,3,4,3,10,2,2,1,,,0.7596,0.0
7,3,4,3,11,5,5,1,,,0.647,0.0
7,3,4,3,12,6,3,0,,,0.4899,0.0
7,3,4,3,13,6,6,1,,,0.3508,0.0
7,3,4,3,14,5,5,1,,,0.4465,0.0
7,3,4,3,15,6,1,0,3,0,0.5068,1.0486
7,3,4,3,16,2,2,1,,,0.615,0.0
7,3,4,3,17,2,2,1,,,0.5729,0.0
7,3,4,3,18,3,1,0,,,1.0589,0.0
7,3,4,3,19,4,4,1,,,0.4968,0.0
7,3,4,3,20,6,4,0,,,0.6824,0.0
7,3,4,3,21,1,5,0,2,0,0.3766,0.4766
7,3,4,3,22,4,4,1,,,0.7698,0.0
7,3,4,3,23,1,6,0,,,0.5448,0.0
7,3,4,3,24,4,4,1,,,0.7552,0.0
7,3,4,3,25,3,5,0,,,0.5141,0.0
7,3,4,3,26,1,4,0,,,0.9507,0.0
7,3,4,3,27,5,6,0,1,0,0.5376,0.5992
7,3,4,3,28,4,4,1,,,0.8564,0.0
7,3,4,3,29,6,5,0,,,0.0837,0.0
7,3,4,3,30,5,4,0,,,0.7941,0.0
7,3,4,3,31,4,4,1,,,0.4505,0.0
7,3,4,3,32,5,4,0,,,0.2373,0.0
7,3,4,3,33,3,3,1,,,0.3807,0.0
7,3,4,3,34,1,5,0,,,0.3629,0.0
7,3,4,3,35,5,2,0,,,0.7896,0.0
7,3,4,3,36,6,4,0,,,0.399,0.0
7,3,4,3,37,4,4,1,,,0.5517,0.0
7,3,4,3,38,2,2,1,,,0.3668,0.0
7,3,4,3,39,3,1,0,,,0.7661,0.0
7,3,4,3,40,3,6,0,,,0.6964,0.0
7,3,4,3,41,6,6,1,,,0.7418,0.0
7,3,4,3,42,1,1,1,,,1.0617,0.0
7,3,4,3,43,2,2,1,,,0.84,0.0
7,3,4,3,44,1,3,0,,,1.6513,0.0
7,3,4,3,45,2,2,1,,,0.7768,0.0
7,3,4,3,46,5,6,0,,,0.4229,0.0
7,3,4,3,47,6,6,1,,,0.5433,0.0
7,3,4,3,48,5,4,0,,,0.5029,0.0
7,3,4,3,49,1,3,0,,,1.4047,0.0
7,3,4,3,50,2,6,0,,,0.5569,0.0
7,3,4,4,1,5,5,1,,,0.3163,0.0
7,3,4,4,2,2,2,1,,,0.6866,0.0
7,3,4,4,3,1,1,1,,,0.7204,0.0
7,3,4,4,4,6,1,0,,,1.2963,0.0
7,3,4,4,5,5,6,0,5,1,0.9168,0.1473
7,3,4,4,6,4,2,0,,,0.5073,0.0
7,3,4,4,7,6,6,1,,,0.784,0.0
7,3,4,4,8,3,1,0,,,0.7821,0.0
7,3,4,4,9,4,5,0,2,0,0.7111,0.3651
7,3,4,4,10,5,6,0,,,0.616,0.0
7,3,4,4,11,2,2,1,,,0.3602,0.0
7,3,4,4,12,3,1,0,2,0,0.6319,0.7534
7,3,4,4,13,5,5,1,,,0.4446,0.0
7,3,4,4,14,6,6,1,,,0.2644,0.0
7,3,4,4,15,1,1,1,,,0.6671,0.0
7,3,4,4,16,3,1,0,,,1.1502,0.0
7,3,4,4,17,6,3,0,,,0.9676,0.0
7,3,4,4,18,2,1,0,3,0,0.6822,0.8815
7,3,4,4,19,2,4,0,3,0,1.2392,0.5359
7,3,4,4,20,3,3,1,,,0.8275,0.0
7,3,4,4,21,4,4,1,,,0.5992,0.0
7,3,4,4,22,4,4,1,,,0.604,0.0
7,3,4,4,23,1,1,1,,,0.8499,0.0
7,3,4,4,24,1,1,1,,,2.3662,0.0
7,3,4,4,25,4,5,0,,,0.875,0.0
7,3,4,4,26,6,6,1,,,0.4316,0.0
7,3,4,4,27,2,4,0,3,0,0.4606,0.5724
7,3,4,4,28,3,4,0,,,0.4461,0.0
7,3,4,4,29,2,3,0,5,0,0.7903,0.5365
7,3,4,4,30,2,5,0,,,0.4127,0.0
7,3,4,4,31,1,4,0,,,0.1808,0.0
7,3,4,4,32,5,5,1,,,0.3104,0.0
7,3,4,4,33,2,2,1,,,0.4556,0.0
7,3,4,4,34,6,6,1,,,0.2924,0.0
7,3,4,4,35,3,2,0,3,1,0.5972,1.1048
7,3,4,4,36,1,4,0,,,0.6418,0.0
7,3,4,4,37,3,2,0,3,1,0.545,0.7655
7,3,4,4,38,5,5,1,,,0.0922,0.0
7,3,4,4,39,6,6,1,,,0.4867,0.0
7,3,4,4,40,4,1,0,,,1.0574,0.0
7,3,4,4,41,6,2,0,,,1.2787,0.0
7,3,4,4,42,6,6,1,,,0.4681,0.0
7,3,4,4,43,3,3,1,,,0.559,0.0
7,3,4,4,44,6,4,0,,,0.7582,0.0
7,3,4,4,45,4,4,1,,,0.6401,0.0
7,3,4,4,46,4,5,0,3,0,0.5151,0.9934
7,3,4,4,47,1,1,1,,,0.4659,0.0
7,3,4,4,48,1,1,1,,,0.589,0.0
7,3,4,4,49,5,5,1,,,0.3074,0.0
7,3,4,4,50,5,5,1,,,0.3245,0.0
7,3,5,1,1,4,4,1,,,0.5138,0.0
7,3,5,1,2,3,5,0,,,0.3158,0.0
7,3,5,1,3,6,6,1,,,0.2474,0.0
7,3,5,1,4,6,1,0,,,0.6363,0.0
7,3,5,1,5,2,2,1,,,1.26,0.0
7,3,5,1,6,3,4,0,,,1.75,0.0
7,3,5,1,7,2,4,0,5,0,1.1104,0.3641
7,3,5,1,8,3,2,0,,,1.6387,0.0
7,3,5,1,9,6,3,0,4,0,0.9893,0.4069
7,3,5,1,10,4,6,0,5,0,1.2968,0.9099
7,3,5,1,11,4,4,1,,,0.6106,0.0
7,3,5,1,12,6,1,0,,,1.2391,0.0
7,3,5,1,13,2,1,0,3,0,1.0854,0.6916
7,3,5,1,14,3,1,0,,,0.4806,0.0
7,3,5,1,15,5,6,0,5,1,0.3104,0.2212
7,3,5,1,16,2,2,1,,,0.8351,0.0
7,3,5,1,17,1,3,0,,,0.6868,0.0
7,3,5,1,18,6,6,1,,,0.5238,0.0
7,3,5,1,19,4,4,1,,,0.5801,0.0
7,3,5,1,20,5,5,1,,,0.09,0.0
7,3,5,1,21,1,1,1,,,1.2204,0.0
7,3,5,1,22,5,6,0,2,0,0.9124,0.3984
7,3,5,1,23,1,3,0,4,0,0.6798,0.72
7,3,5,1,24,5,5,1,,,0.555,0.0
7,3,5,1,25,4,3,0,2,0,0.7545,0.279
7,3,5,1,26,3,6,0,,,0.6447,0.0
7,3,5,1,27,5,2,0,,,0.7712,0.0
7,3,5,1,28,5,6,0,,,0.5885,0.0
7,3,5,1,29,1,1,1,,,0.4623,0.0
7,3,5,1,30,5,4,0,,,0.6183,0.0
7,3,5,1,31,6,6,1,,,0.1699,0.0
7,3,5,1,32,3,1,0,,,1.3458,0.0
7,3,5,1,33,4,4,1,,,0.6433,0.0
7,3,5,1,34,3,6,0,,,0.1033,0.0
7,3,5,1,35,1,6,0,,,0.1407,0.0
7,3,5,1,36,2,1,0,,,0.3202,0.0
7,3,5,1,37,1,3,0,,,0.7167,0.0
7,3,5,1,38,6,1,0,,,0.8885,0.0
7,3,5,1,39,3,3,1,,,0.5888,0.0
7,3,5,1,40,4,4,1,,,1.3801,0.0
7,3,5,1,41,4,4,1,,,0.3295,0.0
7,3,5,1,42,1,1,1,,,0.6017,0.0
7,3,5,1,43,2,2,1,,,0.3346,0.0
7,3,5,1,44,6,4,0,,,0.5432,0.0
7,3,5,1,45,2,2,1,,,0.6431,0.0
7,3,5,1,46,2,6,0,,,0.2947,0.0
7,3,5,1,47,5,1,0,5,1,0.931,0.4008
7,3,5,1,48,6,6,1,,,0.1909,0.0
7,3,5,1,49,1,6,0,,,0.66,0.0
7,3,5,1,50,6,6,1,,,0.2588,0.0
7,3,5,2,1,6,6,1,,,0.5637,0.0
7,3,5,2,2,3,1,0,,,0.9711,0.0
7,3,5,2,3,5,5,1,,,0.0283,0.0
7,3,5,2,4,2,2,1,,,0.8574,0.0
7,3,5,2,5,2,3,0,,,1.1734,0.0
7,3,5,2,6,2,2,1,,,1.0056,0.0
7,3,5,2,7,5,6,0,,,0.3074,0.0
7,3,5,2,8,6,6,1,,,0.3358,0.0
7,3,5,2,9,3,3,1,,,0.7523,0.0
7,3,5,2,10,1,5,0,,,0.5911,0.0
7,3,5,2,11,6,6,1,,,0.1443,0.0
7,3,5,2,12,4,3,0,,,1.5123,0.0
7,3,5,2,13,2,1,0,,,1.9715,0.0
7,3,5,2,14,6,3,0,,,1.3077,0.0
7,3,5,2,15,2,2,1,,,0.3509,0.0
7,3,5,2,16,4,6,0,,,0.0628,0.0
7,3,5,2,17,3,2,0,,,0.3893,0.0
7,3,5,2,18,6,6,1,,,0.6072,0.0
7,3,5,2,19,5,2,0,,,0.8201,0.0
7,3,5,2,20,1,1,1,,,0.7312,0.0
7,3,5,2,21,1,2,0,,,0.9079,0.0
7,3,5,2,22,3,1,0,,,1.8231,0.0
7,3,5,2,23,1,1,1,,,1.4697,0.0
7,3,5,2,24,5,5,1,,,0.2715,0.0
7,3,5,2,25,6,6,1,,,0.9463,0.0
7,3,5,2,26,3,3,1,,,1.4491,0.0
7,3,5,2,27,5,4,0,,,1.1002,0.0
7,3,5,2,28,3,4,0,,,0.9687,0.0
7,3,5,2,29,5,3,0,,,0.5381,0.0
7,3,5,2,30,6,6,1,,,0.7019,0.0
7,3,5,2,31,1,4,0,,,0.5269,0.0
7,3,5,2,32,1,3,0,,,1.2025,0.0
7,3,5,2,33,4,4,1,,,1.0031,0.0
7,3,5,2,34,4,3,0,4,1,1.2956,0.3978
7,3,5,2,35,1,1,1,,,0.7642,0.0
7,3,5,2,36,2,2,1,,,0.9706,0.0
7,3,5,2,37,4,3,0,,,0.8005,0.0
7,3,5,2,38,6,6,1,,,0.3457,0.0
7,3,5,2,39,2,2,1,,,0.5525,0.0
7,3,5,2,40,3,1,0,,,0.9451,0.0
7,3,5,2,41,5,5,1,,,0.5949,0.0
7,3,5,2,42,4,4,1,,,0.6005,0.0
7,3,5,2,43,6,6,1,,,0.67,0.0
7,3,5,2,44,3,1,0,,,0.241,0.0
7,3,5,2,45,1,2,0,5,0,1.2482,0.2725
7,3,5,2,46,4,4,1,,,0.5433,0.0
7,3,5,2,47,2,2,1,,,0.454,0.0
7,3,5,2,48,5,3,0,,,1.074,0.0
7,3,5,2,49,4,4,1,,,1.7595,0.0
7,3,5,2,50,6,6,1,,,0.5179,0.0
7,3,5,3,1,1,4,0,,,1.4681,0.0
7,3,5,3,2,6,6,1,,,0.5368,0.0
7,3,5,3,3,2,2,1,,,1.2967,0.0
7,3,5,3,4,2,2,1,,,0.2488,0.0
7,3,5,3,5,1,3,0,,,0.75,0.0
7,3,5,3,6,2,2,1,,,0.2476,0.0
7,3,5,3,7,4,4,1,,,0.7796,0.0
7,3,5,3,8,6,6,1,,,0.5053,0.0
7,3,5,3,9,1,1,1,,,0.4672,0.0
7,3,5,3,10,3,5,0,2,0,0.4939,0.7969
7,3,5,3,11,3,5,0,,,0.7412,0.0
7,3,5,3,12,5,5,1,,,0.2557,0.0
7,3,5,3,13,5,5,1,,,1.1235,0.0
7,3,5,3,14,3,3,1,,,0.6756,0.0
7,3,5,3,15,3,3,1,,,0.8854,0.0
7,3,5,3,16,4,2,0,,,0.4159,0.0
7,3,5,3,17,6,1,0,6,1,0.84,0.5682
7,3,5,3,18,3,5,0,,,0.5759,0.0
7,3,5,3,19,4,4,1,,,0.4971,0.0
7,3,5,3,20,5,5,1,,,0.8909,0.0
7,3,5,3,21,5,5,1,,,0.6116,0.0
7,3,5,3,22,1,1,1,,,0.6815,0.0
7,3,5,3,23,5,5,1,,,0.6996,0.0
7,3,5,3,24,6,6,1,,,0.4613,0.0
7,3,5,3,25,3,3,1,,,1.0802,0.0
7,3,5,3,26,4,4,1,,,0.8732,0.0
7,3,5,3,27,5,5,1,,,2.1952,0.0
7,3,5,3,28,2,3,0,,,1.2232,0.0
7,3,5,3,29,1,6,0,,,0.3824,0.0
7,3,5,3,30,6,5,0,,,0.2631,0.0
7,3,5,3,31,1,1,1,,,0.6145,0.0
7,3,5,3,32,4,2,0,5,0,0.4907,0.4426
7,3,5,3,33,4,4,1,,,0.6249,0.0
7,3,5,3,34,5,5,1,,,0.0529,0.0
7,3,5,3,35,3,3,1,,,0.705,0.0
7,3,5,3,36,6,6,1,,,0.4183,0.0
7,3,5,3,37,2,2,1,,,0.3836,0.0
7,3,5,3,38,5,6,0,1,0,0.5416,0.6501
7,3,5,3,39,2,2,1,,,0.5045,0.0
7,3,5,3,40,2,2,1,,,0.4028,0.0
7,3,5,3,41,4,6,0,5,0,0.2401,0.1538
7,3,5,3,42,1,1,1,,,1.101,0.0
7,3,5,3,43,6,2,0,,,0.6051,0.0
7,3,5,3,44,6,1,0,2,0,0.8299,0.6709
7,3,5,3,45,6,3,0,,,1.5322,0.0
7,3,5,3,46,4,4,1,,,1.0791,0.0
7,3,5,3,47,2,4,0,2,1,1.6568,0.9844
7,3,5,3,48,6,6,1,,,0.5905,0.0
7,3,5,3,49,1,6,0,1,1,0.1481,0.1294
7,3,5,3,50,3,1,0,2,0,1.0499,0.9946
7,3,5,4,1,1,1,1,,,0.7046,0.0
7,3,5,4,2,2,2,1,,,1.6651,0.0
7,3,5,4,3,2,2,1,,,0.1555,0.0
7,3,5,4,4,4,4,1,,,0.211,0.0
7,3,5,4,5,4,4,1,,,0.4716,0.0
7,3,5,4,6,5,5,1,,,0.115,0.0
7,3,5,4,7,2,2,1,,,0.3478,0.0
7,3,5,4,8,6,6,1,,,0.2685,0.0
7,3,5,4,9,3,4,0,3,1,0.4001,0.6424
7,3,5,4,10,4,4,1,,,0.3098,0.0
7,3,5,4,11,3,1,0,,,0.6309,0.0
7,3,5,4,12,5,6,0,,,0.279,0.0
7,3,5,4,13,4,4,1,,,0.4049,0.0
7,3,5,4,14,2,2,1,,,0.0664,0.0
7,3,5,4,15,1,6,0,1,1,0.001,0.0493
7,3,5,4,16,1,2,0,,,0.5567,0.0
7,3,5,4,17,5,5,1,,,0.0946,0.0
7,3,5,4,18,6,6,1,,,0.0011,0.0
7,3,5,4,19,6,6,1,,,0.3441,0.0
7,3,5,4,20,2,2,1,,,0.1998,0.0
7,3,5,4,21,4,4,1,,,0.4614,0.0
7,3,5,4,22,1,6,0,,,0.4405,0.0
7,3,5,4,23,2,2,1,,,0.096,0.0
7,3,5,4,24,5,5,1,,,0.1536,0.0
7,3,5,4,25,6,4,0,3,0,0.6421,0.3152
7,3,5,4,26,3,3,1,,,0.6478,0.0
7,3,5,4,27,4,4,1,,,0.442,0.0
7,3,5,4,28,1,4,0,,,0.2616,0.0
7,3,5,4,29,5,5,1,,,0.1007,0.0
7,3,5,4,30,2,2,1,,,0.4143,0.0
7,3,5,4,31,4,4,1,,,0.3959,0.0
7,3,5,4,32,3,1,0,,,0.4731,0.0
7,3,5,4,33,6,6,1,,,0.2082,0.0
7,3,5,4,34,3,4,0,,,0.4042,0.0
7,3,5,4,35,5,6,0,,,0.5735,0.0
7,3,5,4,36,2,2,1,,,0.2236,0.0
7,3,5,4,37,6,6,1,,,0.001,0.0
7,3,5,4,38,5,4,0,,,0.1772,0.0
7,3,5,4,39,6,6,1,,,0.1942,0.0
7,3,5,4,40,6,6,1,,,0.1853,0.0
7,3,5,4,41,6,6,1,,,0.207,0.0
7,3,5,4,42,6,2,0,,,0.1803,0.0
7,3,5,4,43,3,4,0,,,0.5345,0.0
7,3,5,4,44,4,4,1,,,0.4106,0.0
7,3,5,4,45,1,1,1,,,0.4546,0.0
7,3,5,4,46,3,1,0,,,0.3395,0.0
7,3,5,4,47,1,6,0,5,0,0.6057,0.6638
7,3,5,4,48,3,4,0,5,0,1.0152,0.2886
7,3,5,4,49,5,5,1,,,0.1903,0.0
7,3,5,4,50,1,1,1,,,0.4843,0.0
8,1,1,1,1,1,5,0,4,0,0.7157,0.9452
8,1,1,1,2,4,6,0,,,0.3243,0.0
8,1,1,1,3,5,4,0,,,1.328,0.0
8,1,1,1,4,5,5,1,,,0.3238,0.0
8,1,1,1,5,6,6,1,,,0.2287,0.0
8,1,1,1,6,4,2,0,,,0.2976,0.0
8,1,1,1,7,4,3,0,4,1,0.4238,0.4738
8,1,1,1,8,2,6,0,5,0,0.3887,0.2796
8,1,1,1,9,2,4,0,,,1.3659,0.0
8,1,1,1,10,4,3,0,,,0.8234,0.0
8,1,1,1,11,6,6,1,,,0.9426,0.0
8,1,1,1,12,5,6,0,2,0,1.0786,1.2459
8,1,1,1,13,5,5,1,,,1.1574,0.0
8,1,1,1,14,4,4,1,,,1.1083,0.0
8,1,1,1,15,6,6,1,,,0.2938,0.0
8,1,1,1,16,4,5,0,,,1.3041,0.0
8,1,1,1,17,5,5,1,,,1.7074,0.0
8,1,1,1,18,3,1,0,6,0,2.1488,0.944
8,1,1,1,19,1,1,1,,,1.0594,0.0
8,1,1,1,20,2,2,1,,,2.2135,0.0
8,1,1,1,21,2,1,0,4,0,1.1465,1.9981
8,1,1,1,22,4,4,1,,,0.8219,0.0
8,1,1,1,23,1,5,0,6,0,1.3945,0.4602
8,1,1,1,24,3,2,0,,,1.7641,0.0
8,1,1,1,25,1,6,0,,,0.7246,0.0
8,1,1,1,26,5,4,0,5,1,1.1531,0.4209
8,1,1,1,27,3,6,0,4,0,0.4016,1.7639
8,1,1,1,28,6,3,0,,,0.9969,0.0
8,1,1,1,29,3,6,0,,,0.5186,0.0
8,1,1,1,30,6,6,1,,,0.2659,0.0
8,1,1,1,31,2,6,0,,,0.7657,0.0
8,1,1,1,32,6,6,1,,,0.2644,0.0
8,1,1,1,33,3,6,0,,,0.443,0.0
8,1,1,1,34,3,6,0,,,0.6915,0.0
8,1,1,1,35,3,5,0,,,0.593,0.0
8,1,1,1,36,4,4,1,,,0.9778,0.0
8,1,1,1,37,3,3,1,,,1.4485,0.0
8,1,1,1,38,5,5,1,,,0.7639,0.0
8,1,1,1,39,6,6,1,,,0.6817,0.0
8,1,1,1,40,1,6,0,3,0,1.1486,1.633
8,1,1,1,41,1,1,1,,,0.8398,0.0
8,1,1,1,42,6,6,1,,,0.3229,0.0
8,1,1,1,43,6,6,1,,,0.9478,0.0
8,1,1,1,44,1,2,0,,,0.7474,0.0
8,1,1,1,45,5,6,0,,,0.1984,0.0
8,1,1,1,46,1,6,0,5,0,0.1837,2.5474
8,1,1,1,47,2,6,0,,,0.3882,0.0
8,1,1,1,48,2,2,1,,,1.1984,0.0
8,1,1,1,49,2,3,0,,,1.4356,0.0
8,1,1,1,50,6,6,1,,,0.4092,0.0
8,1,1,2,1,3,3,1,,,0.8847,0.0
8,1,1,2,2,6,6,1,,,0.2226,0.0
8,1,1,2,3,6,6,1,,,0.2599,0.0
8,1,1,2,4,2,3,0,4,0,0.7119,0.3343
8,1,1,2,5,2,2,1,,,0.2188,0.0
8,1,1,2,6,2,6,0,,,0.1114,0.0
8,1,1,2,7,5,2,0,4,0,0.1326,0.8348
8,1,1,2,8,3,5,0,6,0,0.3462,0.3035
8,1,1,2,9,4,6,0,3,0,0.3011,0.4199
8,1,1,2,10,2,1,0,,,0.6361,0.0
8,1,1,2,11,1,6,0,,,1.3397,0.0
8,1,1,2,12,3,3,1,,,0.7505,0.0
8,1,1,2,13,5,6,0,5,1,0.3824,1.3786
8,1,1,2,14,2,3,0,,,1.7521,0.0
8,1,1,2,15,2,6,0,,,0.2499,0.0
8,1,1,2,16,5,6,0,,,0.4575,0.0
8,1,1,2,17,3,6,0,,,0.3685,0.0
8,1,1,2,18,5,6,0,,,0.331,0.0
8,1,1,2,19,3,1,0,5,0,1.271,1.1894
8,1,1,2,20,5,3,0,,,2.3508,0.0
8,1,1,2,21,6,6,1,,,0.2803,0.0
8,1,1,2,22,4,3,0,4,1,1.6111,1.2754
8,1,1,2,23,5,5,1,,,0.5028,0.0
8,1,1,2,24,6,6,1,,,0.2719,0.0
8,1,1,2,25,6,6,1,,,0.1948,0.0
8,1,1,2,26,6,6,1,,,0.2022,0.0
8,1,1,2,27,1,6,0,,,0.2243,0.0
8,1,1,2,28,4,4,1,,,1.1849,0.0
8,1,1,2,29,4,6,0,,,0.4944,0.0
8,1,1,2,30,3,1,0,3,1,0.1804,0.8
8,1,1,2,31,4,5,0,,,1.1171,0.0
8,1,1,2,32,6,6,1,,,0.0009,0.0
8,1,1,2,33,5,5,1,,,0.5833,0.0
8,1,1,2,34,4,4,1,,,1.1499,0.0
8,1,1,2,35,1,6,0,,,0.4764,0.0
8,1,1,2,36,2,2,1,,,1.8114,0.0
8,1,1,2,37,4,6,0,,,0.7919,0.0
8,1,1,2,38,1,3,0,,,1.7451,0.0
8,1,1,2,39,4,4,1,,,0.9953,0.0
8,1,1,2,40,3,5,0,,,2.0258,0.0
8,1,1,2,41,5,6,0,,,0.3522,0.0
8,1,1,2,42,1,3,0,,,0.9719,0.0
8,1,1,2,43,1,6,0,,,0.4289,0.0
8,1,1,2,44,3,3,1,,,0.4365,0.0
8,1,1,2,45,6,6,1,,,0.2731,0.0
8,1,1,2,46,1,6,0,,,0.2612,0.0
8,1,1,2,47,2,1,0,6,0,0.276,0.6836
8,1,1,2,48,6,6,1,,,0.3777,0.0
8,1,1,2,49,6,6,1,,,0.2646,0.0
8,1,1,2,50,1,1,1,,,1.0047,0.0
8,1,1,3,1,6,3,0,,,1.2791,0.0
8,1,1,3,2,6,6,1,,,0.2279,0.0
8,1,1,3,3,6,6,1,,,0.2337,0.0
8,1,1,3,4,2,1,0,3,0,0.8783,0.7175
8,1,1,3,5,3,6,0,,,0.4096,0.0
8,1,1,3,6,5,6,0,,,0.5943,0.0
8,1,1,3,7,3,6,0,,,0.7237,0.0
8,1,1,3,8,3,2,0,,,0.7844,0.0
8,1,1,3,9,4,4,1,,,1.3055,0.0
8,1,1,3,10,4,5,0,4,1,2.0502,0.802
8,1,1,3,11,3,6,0,,,0.4145,0.0
8,1,1,3,12,5,3,0,4,0,0.4232,1.2733
8,1,1,3,13,6,6,1,,,0.2871,0.0
8,1,1,3,14,5,6,0,,,0.7062,0.0
8,1,1,3,15,1,1,1,,,0.3346,0.0
8,1,1,3,16,1,1,1,,,1.0068,0.0
8,1,1,3,17,6,6,1,,,0.3399,0.0
8,1,1,3,18,5,6,0,,,0.9327,0.0
8,1,1,3,19,1,1,1,,,0.6642,0.0
8,1,1,3,20,2,6,0,,,0.8908,0.0
8,1,1,3,21,2,5,0,,,0.5762,0.0
8,1,1,3,22,3,1,0,,,1.2662,0.0
8,1,1,3,23,6,1,0,,,1.176,0.0
8,1,1,3,24,2,6,0,,,0.1944,0.0
8,1,1,3,25,3,5,0,,,0.9958,0.0
8,1,1,3,26,4,5,0,,,1.1086,0.0
8,1,1,3,27,1,2,0,,,0.8493,0.0
8,1,1,3,28,1,1,1,,,0.3277,0.0
8,1,1,3,29,1,6,0,5,0,0.3455,1.8218
8,1,1,3,30,4,2,0,,,1.0054,0.0
8,1,1,3,31,6,6,1,,,0.8946,0.0
8,1,1,3,32,1,1,1,,,0.6954,0.0
8,1,1,3,33,5,6,0,,,0.5054,0.0
8,1,1,3,34,5,1,0,,,0.5585,0.0
8,1,1,3,35,2,5,0,,,5.3467,0.0
8,1,1,3,36,3,6,0,,,0.817,0.0
8,1,1,3,37,6,2,0,4,0,1.401,1.4111
8,1,1,3,38,5,4,0,,,1.5869,0.0
8,1,1,3,39,5,5,1,,,0.6355,0.0
8,1,1,3,40,4,2,0,4,1,1.4387,0.855
8,1,1,3,41,3,6,0,3,1,0.6267,1.6606
8,1,1,3,42,4,1,0,,,1.4301,0.0
8,1,1,3,43,2,2,1,,,1.3331,0.0
8,1,1,3,44,1,1,1,,,0.7646,0.0
8,1,1,3,45,2,6,0,,,0.5721,0.0
8,1,1,3,46,2,4,0,,,0.8615,0.0
8,1,1,3,47,4,1,0,,,0.6123,0.0
8,1,1,3,48,6,6,1,,,0.3565,0.0
8,1,1,3,49,4,6,0,,,0.5644,0.0
8,1,1,3,50,6,6,1,,,0.3109,0.0
8,1,1,4,1,2,6,0,,,4.5825,0.0
8,1,1,4,2,2,2,1,,,0.8996,0.0
8,1,1,4,3,1,1,1,,,0.3002,0.0
8,1,1,4,4,5,6,0,,,0.2865,0.0
8,1,1,4,5,1,6,0,,,0.8927,0.0
8,1,1,4,6,6,6,1,,,0.2901,0.0
8,1,1,4,7,5,2,0,,,1.0129,0.0
8,1,1,4,8,2,4,0,2,1,1.6365,0.8366
8,1,1,4,9,6,6,1,,,0.7037,0.0
8,1,1,4,10,2,6,0,5,0,0.4654,1.5381
8,1,1,4,11,4,1,0,3,0,0.7486,1.0892
8,1,1,4,12,1,6,0,,,0.4461,0.0
8,1,1,4,13,4,3,0,,,1.2379,0.0
8,1,1,4,14,4,6,0,5,0,0.637,0.6936
8,1,1,4,15,5,6,0,,,0.4025,0.0
8,1,1,4,16,6,6,1,,,0.4757,0.0
8,1,1,4,17,3,3,1,,,1.6232,0.0
8,1,1,4,18,1,5,0,4,0,1.0111,0.7965
8,1,1,4,19,4,6,0,,,0.5972,0.0
8,1,1,4,20,2,6,0,,,0.9826,0.0
8,1,1,4,21,3,3,1,,,1.5282,0.0
8,1,1,4,22,4,4,1,,,2.3917,0.0
8,1,1,4,23,4,6,0,4,1,0.5159,0.8344
8,1,1,4,24,1,3,0,4,0,1.231,0.4152
8,1,1,4,25,5,5,1,,,1.0164,0.0
8,1,1,4,26,6,6,1,,,0.3323,0.0
8,1,1,4,27,4,4,1,,,1.1815,0.0
8,1,1,4,28,6,6,1,,,1.0825,0.0
8,1,1,4,29,3,6,0,,,0.6997,0.0
8,1,1,4,30,1,1,1,,,0.5697,0.0
8,1,1,4,31,2,2,1,,,1.2004,0.0
8,1,1,4,32,2,3,0,,,3.5495,0.0
8,1,1,4,33,3,1,0,4,0,0.6453,1.3103
8,1,1,4,34,5,3,0,5,1,2.9306,0.7814
8,1,1,4,35,6,6,1,,,0.3321,0.0
8,1,1,4,36,5,5,1,,,0.6044,0.0
8,1,1,4,37,6,1,0,5,0,0.4659,0.5777
8,1,1,4,38,5,6,0,5,1,1.2043,0.422
8,1,1,4,39,4,6,0,,,0.9464,0.0
8,1,1,4,40,3,2,0,,,4.037,0.0
8,1,1,4,41,3,3,1,,,1.1619,0.0
8,1,1,4,42,3,5,0,3,1,1.6391,0.9674
8,1,1,4,43,2,2,1,,,1.0859,0.0
8,1,1,4,44,6,6,1,,,0.6873,0.0
8,1,1,4,45,6,6,1,,,0.4814,0.0
8,1,1,4,46,6,6,1,,,0.5718,0.0
8,1,1,4,47,5,5,1,,,1.1715,0.0
8,1,1,4,48,1,1,1,,,1.1538,0.0
8,1,1,4,49,1,1,1,,,0.4638,0.0
8,1,1,4,50,3,3,1,,,0.7631,0.0
8,1,2,1,1,3,6,0,4,0,0.2827,0.9624
8,1,2,1,2,2,6,0,,,0.5171,0.0
8,1,2,1,3,5,5,1,,,0.3772,0.0
8,1,2,1,4,5,6,0,3,0,0.0406,1.6256
8,1,2,1,5,4,6,0,,,0.7846,0.0
8,1,2,1,6,1,6,0,2,0,0.1698,0.6942
8,1,2,1,7,5,6,0,,,0.2433,0.0
8,1,2,1,8,2,3,0,2,1,0.6746,0.443
8,1,2,1,9,5,6,0,5,1,0.4705,0.3744
8,1,2,1,10,1,1,1,,,0.678,0.0
8,1,2,1,11,3,6,0,,,0.297,0.0
8,1,2,1,12,3,2,0,,,0.7573,0.0
8,1,2,1,13,3,3,1,,,1.0084,0.0
8,1,2,1,14,6,6,1,,,0.2937,0.0
8,1,2,1,15,4,4,1,,,2.2646,0.0
8,1,2,1,16,3,6,0,5,0,0.8571,0.3131
8,1,2,1,17,6,4,0,,,1.4949,0.0
8,1,2,1,18,4,1,0,3,0,0.5785,0.7181
8,1,2,1,19,1,1,1,,,0.8096,0.0
8,1,2,1,20,4,4,1,,,1.0953,0.0
8,1,2,1,21,1,2,0,5,0,1.2892,0.8868
8,1,2,1,22,6,6,1,,,0.557,0.0
8,1,2,1,23,1,6,0,,,0.4371,0.0
8,1,2,1,24,1,1,1,,,1.5164,0.0
8,1,2,1,25,3,6,0,,,0.8439,0.0
8,1,2,1,26,6,6,1,,,0.3224,0.0
8,1,2,1,27,1,2,0,,,0.9968,0.0
8,1,2,1,28,6,1,0,,,0.6766,0.0
8,1,2,1,29,2,4,0,,,1.3628,0.0
8,1,2,1,30,6,6,1,,,0.4678,0.0
8,1,2,1,31,2,2,1,,,0.9756,0.0
8,1,2,1,32,6,6,1,,,0.3253,0.0
8,1,2,1,33,4,4,1,,,1.0948,0.0
8,1,2,1,34,5,1,0,,,0.8559,0.0
8,1,2,1,35,4,2,0,,,0.9751,0.0
8,1,2,1,36,6,4,0,3,0,0.7695,0.6129
8,1,2,1,37,1,1,1,,,0.6125,0.0
8,1,2,1,38,5,5,1,,,0.7782,0.0
8,1,2,1,39,6,6,1,,,0.3925,0.0
8,1,2,1,40,2,2,1,,,0.7272,0.0
8,1,2,1,41,4,5,0,,,0.888,0.0
8,1,2,1,42,2,2,1,,,0.9573,0.0
8,1,2,1,43,3,6,0,,,0.8366,0.0
8,1,2,1,44,2,2,1,,,0.7791,0.0
8,1,2,1,45,4,4,1,,,0.986,0.0
8,1,2,1,46,5,5,1,,,0.4313,0.0
8,1,2,1,47,3,6,0,,,0.4923,0.0
8,1,2,1,48,2,6,0,3,0,1.7303,1.4864
8,1,2,1,49,5,5,1,,,1.3552,0.0
8,1,2,1,50,6,6,1,,,0.578,0.0
8,1,2,2,1,3,3,1,,,2.1976,0.0
8,1,2,2,2,4,4,1,,,0.6185,0.0
8,1,2,2,3,3,1,0,,,1.5186,0.0
8,1,2,2,4,2,2,1,,,0.8582,0.0
8,1,2,2,5,5,6,0,5,1,0.7577,0.4254
8,1,2,2,6,1,5,0,,,0.5187,0.0
8,1,2,2,7,4,4,1,,,0.7789,0.0
8,1,2,2,8,5,2,0,,,0.8571,0.0
8,1,2,2,9,4,4,1,,,0.7043,0.0
8,1,2,2,10,4,1,0,6,0,0.9772,0.6363
8,1,2,2,11,1,4,0,,,0.7808,0.0
8,1,2,2,12,5,5,1,,,0.3261,0.0
8,1,2,2,13,3,6,0,,,0.3435,0.0
8,1,2,2,14,2,2,1,,,0.818,0.0
8,1,2,2,15,5,4,0,,,1.0872,0.0
8,1,2,2,16,4,4,1,,,1.8838,0.0
8,1,2,2,17,1,6,0,,,0.7165,0.0
8,1,2,2,18,6,6,1,,,0.8094,0.0
8,1,2,2,19,2,6,0,,,0.887,0.0
8,1,2,2,20,2,3,0,4,0,2.572,1.3009
8,1,2,2,21,1,1,1,,,0.8894,0.0
8,1,2,2,22,6,6,1,,,0.2592,0.0
8,1,2,2,23,5,5,1,,,1.0476,0.0
8,1,2,2,24,6,6,1,,,0.4907,0.0
8,1,2,2,25,1,4,0,,,0.8373,0.0
8,1,2,2,26,3,3,1,,,1.2918,0.0
8,1,2,2,27,4,4,1,,,0.7906,0.0
8,1,2,2,28,3,6,0,,,0.6925,0.0
8,1,2,2,29,6,6,1,,,0.4483,0.0
8,1,2,2,30,1,4,0,2,0,1.3884,0.4231
8,1,2,2,31,3,6,0,5,0,0.4318,0.8168
8,1,2,2,32,2,5,0,,,1.5452,0.0
8,1,2,2,33,1,6,0,,,0.3067,0.0
8,1,2,2,34,3,6,0,,,0.4328,0.0
8,1,2,2,35,6,6,1,,,0.3921,0.0
8,1,2,2,36,2,2,1,,,0.2947,0.0
8,1,2,2,37,6,3,0,4,0,0.2811,0.3525
8,1,2,2,38,5,5,1,,,0.2677,0.0
8,1,2,2,39,6,6,1,,,0.4313,0.0
8,1,2,2,40,5,2,0,,,0.332,0.0
8,1,2,2,41,4,5,0,,,0.3118,0.0
8,1,2,2,42,1,5,0,6,0,0.6439,0.5248
8,1,2,2,43,5,1,0,2,0,2.3058,0.2624
8,1,2,2,44,6,6,1,,,0.2447,0.0
8,1,2,2,45,6,6,1,,,0.4895,0.0
8,1,2,2,46,4,5,0,4,1,0.6911,0.714
8,1,2,2,47,2,2,1,,,0.6187,0.0
8,1,2,2,48,6,6,1,,,0.2721,0.0
8,1,2,2,49,3,2,0,,,0.4987,0.0
8,1,2,2,50,2,4,0,,,0.5849,0.0
8,1,2,3,1,1,6,0,,,0.2955,0.0
8,1,2,3,2,2,2,1,,,0.3089,0.0
8,1,2,3,3,3,1,0,,,0.9667,0.0
8,1,2,3,4,1,6,0,3,0,0.3445,0.7181
8,1,2,3,5,5,6,0,,,0.3937,0.0
8,1,2,3,6,3,3,1,,,1.2033,0.0
8,1,2,3,7,1,1,1,,,0.5446,0.0
8,1,2,3,8,2,2,1,,,0.7278,0.0
8,1,2,3,9,1,5,0,,,1.2085,0.0
8,1,2,3,10,4,6,0,,,0.3696,0.0
8,1,2,3,11,6,6,1,,,0.8281,0.0
8,1,2,3,12,6,6,1,,,0.3432,0.0
8,1,2,3,13,2,2,1,,,0.6807,0.0
8,1,2,3,14,5,3,0,,,0.9383,0.0
8,1,2,3,15,2,2,1,,,0.7496,0.0
8,1,2,3,16,6,5,0,4,0,0.7008,0.1632
8,1,2,3,17,2,6,0,2,1,0.1498,2.1479
8,1,2,3,18,4,3,0,,,1.3855,0.0
8,1,2,3,19,1,1,1,,,0.6028,0.0
8,1,2,3,20,5,5,1,,,0.3043,0.0
8,1,2,3,21,3,3,1,,,1.2664,0.0
8,1,2,3,22,5,5,1,,,0.5721,0.0
8,1,2,3,23,6,6,1,,,0.4508,0.0
8,1,2,3,24,1,3,0,,,1.3751,0.0
8,1,2,3,25,2,3,0,1,0,1.4884,0.566
8,1,2,3,26,3,2,0,5,0,1.0647,0.6559
8,1,2,3,27,5,6,0,,,0.9602,0.0
8,1,2,3,28,5,1,0,5,1,5.4743,0.7563
8,1,2,3,29,4,6,0,,,0.3402,0.0
8,1,2,3,30,6,6,1,,,0.2072,0.0
8,1,2,3,31,5,5,1,,,0.2942,0.0
8,1,2,3,32,2,6,0,2,1,0.4879,0.3584
8,1,2,3,33,3,2,0,,,0.3264,0.0
8,1,2,3,34,1,1,1,,,0.2904,0.0
8,1,2,3,35,6,6,1,,,0.229,0.0
8,1,2,3,36,4,5,0,,,0.2338,0.0
8,1,2,3,37,6,6,1,,,0.2338,0.0
8,1,2,3,38,5,5,1,,,0.3029,0.0
8,1,2,3,39,4,4,1,,,1.0088,0.0
8,1,2,3,40,4,4,1,,,0.741,0.0
8,1,2,3,41,2,2,1,,,0.6934,0.0
8,1,2,3,42,6,6,1,,,0.423,0.0
8,1,2,3,43,6,6,1,,,0.4522,0.0
8,1,2,3,44,6,2,0,4,0,2.5925,0.4412
8,1,2,3,45,3,1,0,,,0.8171,0.0
8,1,2,3,46,1,6,0,,,0.0008,0.0
8,1,2,3,47,3,5,0,,,1.1062,0.0
8,1,2,3,48,4,6,0,5,0,0.383,0.5465
8,1,2,3,49,4,4,1,,,1.2063,0.0
8,1,2,3,50,3,5,0,,,1.091,0.0
8,1,2,4,1,4,4,1,,,0.7486,0.0
8,1,2,4,2,1,2,0,,,0.6681,0.0
8,1,2,4,3,5,1,0,,,0.8102,0.0
8,1,2,4,4,6,2,0,6,1,0.9154,0.5446
8,1,2,4,5,2,3,0,,,0.9686,0.0
8,1,2,4,6,2,1,0,2,1,0.3297,0.5924
8,1,2,4,7,6,6,1,,,0.279,0.0
8,1,2,4,8,5,1,0,,,0.569,0.0
8,1,2,4,9,6,6,1,,,0.1876,0.0
8,1,2,4,10,5,5,1,,,1.1059,0.0
8,1,2,4,11,5,3,0,,,0.9314,0.0
8,1,2,4,12,2,2,1,,,0.6946,0.0
8,1,2,4,13,1,3,0,1,1,0.4875,0.5673
8,1,2,4,14,4,6,0,,,0.7341,0.0
8,1,2,4,15,1,1,1,,,0.7461,0.0
8,1,2,4,16,4,2,0,5,0,0.6657,0.7695
8,1,2,4,17,5,3,0,4,0,2.9549,0.5174
8,1,2,4,18,1,1,1,,,0.6336,0.0
8,1,2,4,19,1,1,1,,,0.8456,0.0
8,1,2,4,20,6,6,1,,,0.6328,0.0
8,1,2,4,21,2,2,1,,,1.5014,0.0
8,1,2,4,22,6,6,1,,,0.3984,0.0
8,1,2,4,23,3,2,0,,,0.9557,0.0
8,1,2,4,24,1,1,1,,,0.6222,0.0
8,1,2,4,25,3,5,0,,,0.9958,0.0
8,1,2,4,26,2,2,1,,,0.66,0.0
8,1,2,4,27,5,6,0,,,0.4064,0.0
8,1,2,4,28,5,4,0,,,1.6475,0.0
8,1,2,4,29,6,6,1,,,0.5332,0.0
8,1,2,4,30,5,2,0,,,1.3901,0.0
8,1,2,4,31,3,1,0,6,0,0.4951,0.7822
8,1,2,4,32,6,1,0,,,1.2713,0.0
8,1,2,4,33,2,5,0,,,0.9255,0.0
8,1,2,4,34,4,6,0,,,0.561,0.0
8,1,2,4,35,6,6,1,,,0.0355,0.0
8,1,2,4,36,3,3,1,,,1.0718,0.0
8,1,2,4,37,3,4,0,3,1,1.3945,0.9245
8,1,2,4,38,1,1,1,,,0.8057,0.0
8,1,2,4,39,2,1,0,,,0.8029,0.0
8,1,2,4,40,6,6,1,,,0.2676,0.0
8,1,2,4,41,2,4,0,,,2.2543,0.0
8,1,2,4,42,6,6,1,,,0.4438,0.0
8,1,2,4,43,4,5,0,,,0.7751,0.0
8,1,2,4,44,4,4,1,,,1.2808,0.0
8,1,2,4,45,3,6,0,,,0.555,0.0
8,1,2,4,46,3,5,0,3,1,0.5413,0.6513
8,1,2,4,47,4,2,0,,,1.1338,0.0
8,1,2,4,48,1,1,1,,,0.8258,0.0
8,1,2,4,49,3,2,0,,,1.1264,0.0
8,1,2,4,50,4,4,1,,,0.8345,0.0
8,1,3,1,1,6,6,1,,,0.2825,0.0
8,1,3,1,2,3,1,0,,,0.4937,0.0
8,1,3,1,3,6,6,1,,,0.338,0.0
8,1,3,1,4,3,3,1,,,1.1545,0.0
8,1,3,1,5,6,6,1,,,0.2416,0.0
8,1,3,1,6,6,6,1,,,0.2628,0.0
8,1,3,1,7,3,1,0,,,0.4423,0.0
8,1,3,1,8,4,4,1,,,0.8644,0.0
8,1,3,1,9,2,6,0,,,0.3153,0.0
8,1,3,1,10,6,1,0,3,0,1.6561,0.487
8,1,3,1,11,6,6,1,,,0.1731,0.0
8,1,3,1,12,2,2,1,,,0.6932,0.0
8,1,3,1,13,1,1,1,,,0.2786,0.0
8,1,3,1,14,2,1,0,2,1,1.0488,0.0491
8,1,3,1,15,1,4,0,3,0,0.8929,0.3636
8,1,3,1,16,6,6,1,,,0.1829,0.0
8,1,3,1,17,5,5,1,,,0.6052,0.0
8,1,3,1,18,4,6,0,1,0,1.0752,1.0812
8,1,3,1,19,2,5,0,,,1.2395,0.0
8,1,3,1,20,3,6,0,,,0.5899,0.0
8,1,3,1,21,5,3,0,,,0.7994,0.0
8,1,3,1,22,4,6,0,2,0,0.4725,0.6323
8,1,3,1,23,1,1,1,,,0.9837,0.0
8,1,3,1,24,1,1,1,,,0.7983,0.0
8,1,3,1,25,4,4,1,,,0.7154,0.0
8,1,3,1,26,1,1,1,,,0.5558,0.0
8,1,3,1,27,3,1,0,3,1,3.4431,0.57
8,1,3,1,28,4,5,0,,,0.6565,0.0
8,1,3,1,29,6,6,1,,,0.2715,0.0
8,1,3,1,30,3,4,0,,,0.7546,0.0
8,1,3,1,31,5,1,0,3,0,0.3498,0.5944
8,1,3,1,32,5,6,0,5,1,0.2761,0.6356
8,1,3,1,33,4,3,0,,,1.2477,0.0
8,1,3,1,34,2,2,1,,,0.7905,0.0
8,1,3,1,35,6,6,1,,,0.2606,0.0
8,1,3,1,36,1,1,1,,,0.76,0.0
8,1,3,1,37,5,5,1,,,0.4546,0.0
8,1,3,1,38,3,6,0,,,0.4666,0.0
8,1,3,1,39,5,3,0,,,0.6168,0.0
8,1,3,1,40,1,1,1,,,0.6819,0.0
8,1,3,1,41,1,6,0,5,0,0.4914,0.8431
8,1,3,1,42,6,6,1,,,0.3538,0.0
8,1,3,1,43,4,4,1,,,0.8329,0.0
8,1,3,1,44,2,2,1,,,0.6054,0.0
8,1,3,1,45,3,2,0,4,0,0.8989,0.6262
8,1,3,1,46,5,6,0,,,0.4015,0.0
8,1,3,1,47,2,2,1,,,0.6509,0.0
8,1,3,1,48,5,1,0,4,0,1.3102,4.5718
8,1,3,1,49,2,2,1,,,2.3134,0.0
8,1,3,1,50,4,4,1,,,0.9526,0.0
8,1,3,2,1,4,4,1,,,6.7975,0.0
8,1,3,2,2,6,6,1,,,0.2294,0.0
8,1,3,2,3,6,3,0,4,0,0.2973,0.4493
8,1,3,2,4,4,5,0,4,1,0.6474,0.273
8,1,3,2,5,5,5,1,,,0.6442,0.0
8,1,3,2,6,3,6,0,,,0.3752,0.0
8,1,3,2,7,4,4,1,,,0.9459,0.0
8,1,3,2,8,1,6,0,3,0,0.3929,0.7318
8,1,3,2,9,2,6,0,,,0.4552,0.0
8,1,3,2,10,3,3,1,,,1.3585,0.0
8,1,3,2,11,5,5,1,,,0.3569,0.0
8,1,3,2,12,4,4,1,,,1.2532,0.0
8,1,3,2,13,6,6,1,,,0.7046,0.0
8,1,3,2,14,4,5,0,,,0.6571,0.0
8,1,3,2,15,5,6,0,,,0.3835,0.0
8,1,3,2,16,5,3,0,,,0.8577,0.0
8,1,3,2,17,2,1,0,,,0.9284,0.0
8,1,3,2,18,3,1,0,,,0.7396,0.0
8,1,3,2,19,5,1,0,,,0.5757,0.0
8,1,3,2,20,5,6,0,,,0.8333,0.0
8,1,3,2,21,1,6,0,,,0.4091,0.0
8,1,3,2,22,6,3,0,,,4.0655,0.0
8,1,3,2,23,3,4,0,2,0,11.0129,1.1875
8,1,3,2,24,2,4,0,,,1.0997,0.0
8,1,3,2,25,4,4,1,,,0.9031,0.0
8,1,3,2,26,6,6,1,,,0.1913,0.0
8,1,3,2,27,2,3,0,,,0.2775,0.0
8,1,3,2,28,3,5,0,,,1.1867,0.0
8,1,3,2,29,5,4,0,2,0,0.8281,0.8456
8,1,3,2,30,1,1,1,,,0.5966,0.0
8,1,3,2,31,6,6,1,,,0.3622,0.0
8,1,3,2,32,5,6,0,,,0.6335,0.0
8,1,3,2,33,6,6,1,,,0.569,0.0
8,1,3,2,34,3,1,0,,,0.9122,0.0
8,1,3,2,35,1,1,1,,,1.2193,0.0
8,1,3,2,36,2,2,1,,,0.9757,0.0
8,1,3,2,37,2,2,1,,,0.7108,0.0
8,1,3,2,38,3,1,0,,,2.5029,0.0
8,1,3,2,39,3,4,0,,,0.7142,0.0
8,1,3,2,40,6,6,1,,,0.4059,0.0
8,1,3,2,41,4,4,1,,,0.6759,0.0
8,1,3,2,42,1,3,0,4,0,0.9989,0.7378
8,1,3,2,43,2,2,1,,,0.7646,0.0
8,1,3,2,44,1,5,0,6,0,1.4201,0.6446
8,1,3,2,45,2,2,1,,,0.5314,0.0
8,1,3,2,46,1,4,0,,,0.6359,0.0
8,1,3,2,47,6,4,0,,,0.8274,0.0
8,1,3,2,48,6,6,1,,,0.5952,0.0
8,1,3,2,49,1,6,0,,,0.728,0.0
8,1,3,2,50,4,4,1,,,0.58,0.0
8,1,3,3,1,5,5,1,,,0.6473,0.0
8,1,3,3,2,1,3,0,,,0.7961,0.0
8,1,3,3,3,1,4,0,,,0.5959,0.0
8,1,3,3,4,6,6,1,,,0.1807,0.0
8,1,3,3,5,5,4,0,2,0,0.7639,1.3282
8,1,3,3,6,4,4,1,,,0.6746,0.0
8,1,3,3,7,6,6,1,,,0.598,0.0
8,1,3,3,8,1,2,0,,,1.1789,0.0
8,1,3,3,9,1,4,0,,,1.38,0.0
8,1,3,3,10,2,2,1,,,0.7096,0.0
8,1,3,3,11,3,6,0,,,1.3987,0.0
8,1,3,3,12,4,4,1,,,0.7262,0.0
8,1,3,3,13,5,5,1,,,1.4945,0.0
8,1,3,3,14,6,4,0,3,0,0.776,1.6269
8,1,3,3,15,4,4,1,,,0.6415,0.0
8,1,3,3,16,3,6,0,,,0.5012,0.0
8,1,3,3,17,5,1,0,,,0.5229,0.0
8,1,3,3,18,3,4,0,,,1.4077,0.0
8,1,3,3,19,2,3,0,5,0,0.9108,0.8128
8,1,3,3,20,3,3,1,,,0.5969,0.0
8,1,3,3,21,2,2,1,,,1.162,0.0
8,1,3,3,22,2,2,1,,,0.7283,0.0
8,1,3,3,23,3,4,0,,,0.6964,0.0
8,1,3,3,24,4,4,1,,,0.869,0.0
8,1,3,3,25,5,5,1,,,0.5599,0.0
8,1,3,3,26,4,4,1,,,0.6467,0.0
8,1,3,3,27,6,3,0,,,1.9304,0.0
8,1,3,3,28,3,5,0,,,1.2524,0.0
8,1,3,3,29,4,4,1,,,0.715,0.0
8,1,3,3,30,1,4,0,1,1,1.6286,0.6852
8,1,3,3,31,4,2,0,3,0,0.6067,0.7287
8,1,3,3,32,2,6,0,,,0.7089,0.0
8,1,3,3,33,6,1,0,2,0,0.4171,0.5788
8,1,3,3,34,2,6,0,4,0,0.1963,0.8957
8,1,3,3,35,1,1,1,,,0.6765,0.0
8,1,3,3,36,5,5,1,,,0.4873,0.0
8,1,3,3,37,2,2,1,,,0.6885,0.0
8,1,3,3,38,6,6,1,,,0.3067,0.0
8,1,3,3,39,2,2,1,,,0.6613,0.0
8,1,3,3,40,6,6,1,,,0.2163,0.0
8,1,3,3,41,1,1,1,,,0.8773,0.0
8,1,3,3,42,1,1,1,,,0.8233,0.0
8,1,3,3,43,3,3,1,,,0.7722,0.0
8,1,3,3,44,4,6,0,4,1,0.4503,1.1064
8,1,3,3,45,6,6,1,,,0.2595,0.0
8,1,3,3,46,5,5,1,,,0.4713,0.0
8,1,3,3,47,6,6,1,,,0.4027,0.0
8,1,3,3,48,6,6,1,,,0.3045,0.0
8,1,3,3,49,3,1,0,3,1,0.6414,0.5551
8,1,3,3,50,5,1,0,,,0.4988,0.0
8,1,3,4,1,1,4,0,,,0.7091,0.0
8,1,3,4,2,1,1,1,,,0.3057,0.0
8,1,3,4,3,6,6,1,,,0.3071,0.0
8,1,3,4,4,2,6,0,,,0.277,0.0
8,1,3,4,5,6,6,1,,,0.2591,0.0
8,1,3,4,6,5,5,1,,,0.3265,0.0
8,1,3,4,7,5,1,0,5,1,0.3912,1.0181
8,1,3,4,8,3,6,0,,,0.3192,0.0
8,1,3,4,9,6,6,1,,,0.2191,0.0
8,1,3,4,10,3,3,1,,,0.2894,0.0
8,1,3,4,11,4,4,1,,,0.5476,0.0
8,1,3,4,12,4,4,1,,,1.1791,0.0
8,1,3,4,13,2,2,1,,,0.5842,0.0
8,1,3,4,14,1,1,1,,,0.4146,0.0
8,1,3,4,15,5,2,0,,,0.6675,0.0
8,1,3,4,16,1,1,1,,,0.3783,0.0
8,1,3,4,17,6,6,1,,,0.2163,0.0
8,1,3,4,18,3,4,0,,,0.6227,0.0
8,1,3,4,19,6,6,1,,,0.2857,0.0
8,1,3,4,20,3,3,1,,,3.0878,0.0
8,1,3,4,21,5,5,1,,,0.6375,0.0
8,1,3,4,22,6,6,1,,,0.2737,0.0
8,1,3,4,23,5,3,0,,,0.6288,0.0
8,1,3,4,24,6,6,1,,,0.3405,0.0
8,1,3,4,25,6,6,1,,,0.8538,0.0
8,1,3,4,26,4,2,0,4,1,0.7211,0.9507
8,1,3,4,27,2,5,0,,,1.2611,0.0
8,1,3,4,28,4,4,1,,,0.7711,0.0
8,1,3,4,29,4,5,0,,,5.3934,0.0
8,1,3,4,30,4,4,1,,,0.6694,0.0
8,1,3,4,31,3,3,1,,,1.6169,0.0
8,1,3,4,32,1,5,0,,,0.5401,0.0
8,1,3,4,33,6,2,0,4,0,1.0882,0.7418
8,1,3,4,34,5,6,0,,,0.4492,0.0
8,1,3,4,35,2,2,1,,,0.9039,0.0
8,1,3,4,36,5,4,0,,,1.6178,0.0
8,1,3,4,37,6,6,1,,,0.489,0.0
8,1,3,4,38,2,2,1,,,0.7551,0.0
8,1,3,4,39,1,1,1,,,1.5391,0.0
8,1,3,4,40,4,4,1,,,1.2344,0.0
8,1,3,4,41,2,2,1,,,0.749,0.0
8,1,3,4,42,2,4,0,,,0.7967,0.0
8,1,3,4,43,1,1,1,,,1.2382,0.0
8,1,3,4,44,4,4,1,,,0.881,0.0
8,1,3,4,45,5,4,0,,,0.7629,0.0
8,1,3,4,46,3,2,0,,,0.6446,0.0
8,1,3,4,47,3,4,0,,,0.7889,0.0
8,1,3,4,48,3,4,0,,,0.6218,0.0
8,1,3,4,49,1,1,1,,,1.1191,0.0
8,1,3,4,50,2,6,0,4,0,0.7671,0.7386
8,1,4,1,1,1,4,0,,,0.3818,0.0
8,1,4,1,2,6,6,1,,,0.1045,0.0
8,1,4,1,3,6,6,1,,,0.1141,0.0
8,1,4,1,4,1,1,1,,,0.1882,0.0
8,1,4,1,5,3,5,0,,,0.3709,0.0
8,1,4,1,6,4,3,0,,,0.2849,0.0
8,1,4,1,7,2,4,0,,,0.7631,0.0
8,1,4,1,8,6,6,1,,,0.0847,0.0
8,1,4,1,9,3,3,1,,,1.2799,0.0
8,1,4,1,10,5,1,0,5,1,1.2251,0.3623
8,1,4,1,11,6,6,1,,,0.41,0.0
8,1,4,1,12,5,2,0,3,0,1.0148,2.625
8,1,4,1,13,2,4,0,5,0,0.5913,0.5856
8,1,4,1,14,4,4,1,,,0.5707,0.0
8,1,4,1,15,4,2,0,,,0.3065,0.0
8,1,4,1,16,2,2,1,,,0.5593,0.0
8,1,4,1,17,3,5,0,6,0,0.4859,0.3567
8,1,4,1,18,6,6,1,,,0.1449,0.0
8,1,4,1,19,1,1,1,,,0.2318,0.0
8,1,4,1,20,5,5,1,,,0.1569,0.0
8,1,4,1,21,6,1,0,3,0,0.3568,0.3612
8,1,4,1,22,2,2,1,,,0.7085,0.0
8,1,4,1,23,3,4,0,,,1.0296,0.0
8,1,4,1,24,1,4,0,,,0.6771,0.0
8,1,4,1,25,3,2,0,5,0,1.4747,0.9367
8,1,4,1,26,4,4,1,,,0.5732,0.0
8,1,4,1,27,2,4,0,3,0,0.6265,0.3006
8,1,4,1,28,5,4,0,,,0.5217,0.0
8,1,4,1,29,6,6,1,,,0.253,0.0
8,1,4,1,30,6,1,0,,,0.8819,0.0
8,1,4,1,31,5,4,0,,,0.6152,0.0
8,1,4,1,32,1,2,0,4,0,1.3837,0.4819
8,1,4,1,33,2,5,0,,,0.7121,0.0
8,1,4,1,34,4,3,0,4,1,0.7087,0.218
8,1,4,1,35,1,2,0,,,0.5429,0.0
8,1,4,1,36,3,1,0,,,0.4347,0.0
8,1,4,1,37,4,4,1,,,0.2662,0.0
8,1,4,1,38,2,4,0,2,1,0.4454,0.5589
8,1,4,1,39,2,4,0,,,0.5661,0.0
8,1,4,1,40,5,4,0,,,0.8406,0.0
8,1,4,1,41,6,6,1,,,0.6402,0.0
8,1,4,1,42,6,6,1,,,0.1966,0.0
8,1,4,1,43,3,3,1,,,1.3221,0.0
8,1,4,1,44,4,4,1,,,0.4821,0.0
8,1,4,1,45,3,3,1,,,0.9735,0.0
8,1,4,1,46,5,2,0,,,0.7881,0.0
8,1,4,1,47,1,1,1,,,0.9727,0.0
8,1,4,1,48,1,4,0,3,0,0.4839,1.0588
8,1,4,1,49,5,2,0,1,0,0.5283,0.3658
8,1,4,1,50,4,4,1,,,0.6654,0.0
8,1,4,2,1,1,6,0,,,0.2495,0.0
8,1,4,2,2,2,2,1,,,0.5045,0.0
8,1,4,2,3,5,4,0,,,0.4826,0.0
8,1,4,2,4,5,6,0,,,0.0405,0.0
8,1,4,2,5,4,4,1,,,0.4647,0.0
8,1,4,2,6,1,4,0,,,0.3311,0.0
8,1,4,2,7,1,1,1,,,0.2642,0.0
8,1,4,2,8,6,6,1,,,0.3784,0.0
8,1,4,2,9,4,3,0,,,0.9378,0.0
8,1,4,2,10,2,2,1,,,0.7483,0.0
8,1,4,2,11,2,4,0,,,0.7166,0.0
8,1,4,2,12,1,2,0,5,0,1.0645,0.4638
8,1,4,2,13,6,3,0,1,0,0.6944,0.6212
8,1,4,2,14,5,6,0,,,0.4136,0.0
8,1,4,2,15,1,4,0,,,2.0222,0.0
8,1,4,2,16,2,1,0,,,0.9079,0.0
8,1,4,2,17,4,4,1,,,0.4483,0.0
8,1,4,2,18,5,6,0,,,0.364,0.0
8,1,4,2,19,3,3,1,,,0.663,0.0
8,1,4,2,20,6,6,1,,,2.1212,0.0
8,1,4,2,21,6,6,1,,,0.6405,0.0
8,1,4,2,22,3,3,1,,,0.5641,0.0
8,1,4,2,23,6,6,1,,,0.3787,0.0
8,1,4,2,24,4,2,0,3,0,0.8257,0.747
8,1,4,2,25,4,4,1,,,0.5015,0.0
8,1,4,2,26,5,2,0,,,0.9592,0.0
8,1,4,2,27,4,4,1,,,0.6731,0.0
8,1,4,2,28,3,3,1,,,0.8046,0.0
8,1,4,2,29,2,4,0,,,1.0099,0.0
8,1,4,2,30,1,1,1,,,0.6095,0.0
8,1,4,2,31,3,4,0,1,0,0.6626,0.511
8,1,4,2,32,2,4,0,,,0.739,0.0
8,1,4,2,33,6,6,1,,,0.1104,0.0
8,1,4,2,34,4,4,1,,,0.5672,0.0
8,1,4,2,35,5,4,0,3,0,0.9105,0.2851
8,1,4,2,36,1,3,0,,,1.1301,0.0
8,1,4,2,37,6,1,0,2,0,1.2214,2.7108
8,1,4,2,38,6,1,0,,,1.7931,0.0
8,1,4,2,39,3,4,0,,,0.7358,0.0
8,1,4,2,40,3,1,0,,,0.4279,0.0
8,1,4,2,41,1,4,0,,,0.4834,0.0
8,1,4,2,42,6,6,1,,,0.4578,0.0
8,1,4,2,43,2,4,0,3,0,0.5972,0.9439
8,1,4,2,44,5,5,1,,,0.4986,0.0
8,1,4,2,45,6,6,1,,,0.333,0.0
8,1,4,2,46,3,5,0,,,1.1658,0.0
8,1,4,2,47,5,3,0,,,0.8714,0.0
8,1,4,2,48,4,4,1,,,0.6053,0.0
8,1,4,2,49,2,5,0,,,1.202,0.0
8,1,4,2,50,3,1,0,,,0.7634,0.0
8,1,4,3,1,4,4,1,,,0.4506,0.0
8,1,4,3,2,4,4,1,,,0.4472,0.0
8,1,4,3,3,6,2,0,5,0,0.4263,0.1717
8,1,4,3,4,6,6,1,,,0.1904,0.0
8,1,4,3,5,5,4,0,,,0.6461,0.0
8,1,4,3,6,1,4,0,,,0.3412,0.0
8,1,4,3,7,1,6,0,,,0.4802,0.0
8,1,4,3,8,6,5,0,1,0,0.6938,0.268
8,1,4,3,9,1,1,1,,,0.8437,0.0
8,1,4,3,10,4,6,0,,,1.1422,0.0
8,1,4,3,11,3,3,1,,,2.737,0.0
8,1,4,3,12,1,1,1,,,0.9752,0.0
8,1,4,3,13,3,4,0,,,0.3255,0.0
8,1,4,3,14,1,4,0,,,0.6415,0.0
8,1,4,3,15,1,6,0,3,0,0.2719,0.7122
8,1,4,3,16,5,4,0,,,0.8527,0.0
8,1,4,3,17,5,1,0,,,0.2998,0.0
8,1,4,3,18,4,4,1,,,0.5685,0.0
8,1,4,3,19,5,3,0,,,0.7189,0.0
8,1,4,3,20,5,5,1,,,0.636,0.0
8,1,4,3,21,5,6,0,,,2.2563,0.0
8,1,4,3,22,2,2,1,,,1.0531,0.0
8,1,4,3,23,5,4,0,,,1.0887,0.0
8,1,4,3,24,2,1,0,,,0.8606,0.0
8,1,4,3,25,6,6,1,,,6.1149,0.0
8,1,4,3,26,2,2,1,,,0.6623,0.0
8,1,4,3,27,2,2,1,,,0.7625,0.0
8,1,4,3,28,6,6,1,,,0.7458,0.0
8,1,4,3,29,3,4,0,2,0,0.8256,0.6828
8,1,4,3,30,4,4,1,,,0.5369,0.0
8,1,4,3,31,3,4,0,,,0.5923,0.0
8,1,4,3,32,4,4,1,,,0.5296,0.0
8,1,4,3,33,5,4,0,2,0,0.4574,0.6669
8,1,4,3,34,3,4,0,5,0,0.6811,0.4643
8,1,4,3,35,6,6,1,,,0.6141,0.0
8,1,4,3,36,1,1,1,,,0.4273,0.0
8,1,4,3,37,4,4,1,,,0.28,0.0
8,1,4,3,38,6,6,1,,,0.1551,0.0
8,1,4,3,39,1,3,0,,,0.3867,0.0
8,1,4,3,40,2,2,1,,,0.3323,0.0
8,1,4,3,41,2,4,0,2,1,0.7651,0.5291
8,1,4,3,42,4,4,1,,,0.6017,0.0
8,1,4,3,43,2,5,0,,,0.543,0.0
8,1,4,3,44,6,6,1,,,0.3381,0.0
8,1,4,3,45,2,5,0,,,1.1859,0.0
8,1,4,3,46,3,1,0,,,0.7946,0.0
8,1,4,3,47,6,6,1,,,0.2917,0.0
8,1,4,3,48,3,4,0,3,1,0.71,0.3798
8,1,4,3,49,3,3,1,,,1.227,0.0
8,1,4,3,50,6,6,1,,,1.2216,0.0
8,1,4,4,1,6,3,0,1,0,2.5125,1.1004
8,1,4,4,2,5,6,0,,,0.2965,0.0
8,1,4,4,3,5,3,0,,,0.5501,0.0
8,1,4,4,4,2,2,1,,,0.5685,0.0
8,1,4,4,5,4,4,1,,,0.7205,0.0
8,1,4,4,6,6,6,1,,,0.7527,0.0
8,1,4,4,7,2,4,0,3,0,0.6397,0.8738
8,1,4,4,8,5,4,0,,,0.6543,0.0
8,1,4,4,9,4,4,1,,,0.541,0.0
8,1,4,4,10,3,6,0,,,0.6439,0.0
8,1,4,4,11,6,6,1,,,0.2109,0.0
8,1,4,4,12,4,4,1,,,0.5853,0.0
8,1,4,4,13,6,2,0,3,0,1.0389,0.6317
8,1,4,4,14,5,1,0,,,0.6158,0.0
8,1,4,4,15,1,1,1,,,0.6,0.0
8,1,4,4,16,2,4,0,2,1,0.7004,0.5315
8,1,4,4,17,2,4,0,,,0.6686,0.0
8,1,4,4,18,4,4,1,,,0.587,0.0
8,1,4,4,19,6,6,1,,,0.4652,0.0
8,1,4,4,20,4,4,1,,,0.7802,0.0
8,1,4,4,21,2,4,0,2,1,0.8416,0.5063
8,1,4,4,22,3,3,1,,,1.0766,0.0
8,1,4,4,23,6,4,0,3,0,0.6622,0.9105
8,1,4,4,24,1,1,1,,,0.6106,0.0
8,1,4,4,25,1,1,1,,,0.4076,0.0
8,1,4,4,26,3,4,0,,,0.3398,0.0
8,1,4,4,27,3,2,0,3,1,1.12,0.3411
8,1,4,4,28,5,4,0,,,0.3725,0.0
8,1,4,4,29,1,4,0,,,0.5744,0.0
8,1,4,4,30,5,1,0,,,0.8321,0.0
8,1,4,4,31,5,6,0,,,0.375,0.0
8,1,4,4,32,2,5,0,3,0,0.8171,1.2519
8,1,4,4,33,3,2,0,,,0.4262,0.0
8,1,4,4,34,1,1,1,,,0.2255,0.0
8,1,4,4,35,6,6,1,,,0.3419,0.0
8,1,4,4,36,3,3,1,,,0.3256,0.0
8,1,4,4,37,1,6,0,3,0,0.3111,0.349
8,1,4,4,38,2,5,0,,,0.4571,0.0
8,1,4,4,39,3,4,0,,,0.4,0.0
8,1,4,4,40,4,4,1,,,0.5537,0.0
8,1,4,4,41,6,2,0,,,0.5772,0.0
8,1,4,4,42,4,4,1,,,1.0581,0.0
8,1,4,4,43,1,4,0,,,0.405,0.0
8,1,4,4,44,2,4,0,,,2.1744,0.0
8,1,4,4,45,3,3,1,,,0.8309,0.0
8,1,4,4,46,6,6,1,,,0.4751,0.0
8,1,4,4,47,4,4,1,,,0.7734,0.0
8,1,4,4,48,6,6,1,,,0.5003,0.0
8,1,4,4,49,5,6,0,2,0,0.2049,0.5042
8,1,4,4,50,1,1,1,,,0.7655,0.0
8,1,5,1,1,1,1,1,,,0.2742,0.0
8,1,5,1,2,1,6,0,5,0,0.1969,0.4643
8,1,5,1,3,3,6,0,1,0,0.2315,0.2728
8,1,5,1,4,3,1,0,,,0.2884,0.0
8,1,5,1,5,5,5,1,,,0.2218,0.0
8,1,5,1,6,4,5,0,6,0,0.2752,1.2912
8,1,5,1,7,2,2,1,,,8.4312,0.0
8,1,5,1,8,3,3,1,,,1.6831,0.0
8,1,5,1,9,6,6,1,,,0.3314,0.0
8,1,5,1,10,2,3,0,4,0,0.6991,1.0102
8,1,5,1,11,1,1,1,,,0.7687,0.0
8,1,5,1,12,6,6,1,,,0.1422,0.0
8,1,5,1,13,5,5,1,,,0.5021,0.0
8,1,5,1,14,3,3,1,,,0.8166,0.0
8,1,5,1,15,6,6,1,,,0.317,0.0
8,1,5,1,16,2,2,1,,,1.1017,0.0
8,1,5,1,17,4,3,0,4,1,0.7352,1.0441
8,1,5,1,18,6,6,1,,,0.3914,0.0
8,1,5,1,19,1,1,1,,,0.261,0.0
8,1,5,1,20,4,4,1,,,0.4881,0.0
8,1,5,1,21,4,4,1,,,0.4661,0.0
8,1,5,1,22,4,4,1,,,0.2696,0.0
8,1,5,1,23,2,1,0,,,1.4084,0.0
8,1,5,1,24,5,5,1,,,0.288,0.0
8,1,5,1,25,6,3,0,4,0,0.5624,0.0955
8,1,5,1,26,1,1,1,,,0.8524,0.0
8,1,5,1,27,6,6,1,,,0.2716,0.0
8,1,5,1,28,4,3,0,2,0,0.5945,2.0937
8,1,5,1,29,1,4,0,,,7.8096,0.0
8,1,5,1,30,5,4,0,,,1.5466,0.0
8,1,5,1,31,2,3,0,,,0.6279,0.0
8,1,5,1,32,5,3,0,,,1.2202,0.0
8,1,5,1,33,1,1,1,,,0.1872,0.0
8,1,5,1,34,5,3,0,6,0,1.4908,0.4406
8,1,5,1,35,5,6,0,,,0.3358,0.0
8,1,5,1,36,2,5,0,2,1,0.891,0.4251
8,1,5,1,37,3,3,1,,,0.6297,0.0
8,1,5,1,38,4,4,1,,,0.4258,0.0
8,1,5,1,39,6,1,0,3,0,0.471,1.2074
8,1,5,1,40,3,6,0,,,0.4633,0.0
8,1,5,1,41,4,2,0,3,0,6.741,0.4199
8,1,5,1,42,2,2,1,,,0.6206,0.0
8,1,5,1,43,6,4,0,,,0.3206,0.0
8,1,5,1,44,1,4,0,3,0,0.2693,0.8374
8,1,5,1,45,6,6,1,,,0.4604,0.0
8,1,5,1,46,6,6,1,,,0.4078,0.0
8,1,5,1,47,5,5,1,,,0.2767,0.0
8,1,5,1,48,3,4,0,,,0.6634,0.0
8,1,5,1,49,3,6,0,,,0.5332,0.0
8,1,5,1,50,2,2,1,,,0.5046,0.0
8,1,5,2,1,1,6,0,2,0,0.5923,0.6672
8,1,5,2,2,6,6,1,,,0.1544,0.0
8,1,5,2,3,2,3,0,,,0.2902,0.0
8,1,5,2,4,3,4,0,2,0,0.3997,0.5953
8,1,5,2,5,3,5,0,,,6.8047,0.0
8,1,5,2,6,5,3,0,,,1.319,0.0
8,1,5,2,7,1,6,0,,,0.3773,0.0
8,1,5,2,8,2,1,0,,,0.7559,0.0
8,1,5,2,9,4,5,0,6,0,0.5258,0.1076
8,1,5,2,10,3,3,1,,,0.5761,0.0
8,1,5,2,11,5,6,0,,,0.5184,0.0
8,1,5,2,12,4,3,0,,,0.7154,0.0
8,1,5,2,13,2,2,1,,,0.5511,0.0
8,1,5,2,14,2,5,0,,,0.3184,0.0
8,1,5,2,15,6,6,1,,,0.3,0.0
8,1,5,2,16,1,5,0,,,0.2536,0.0
8,1,5,2,17,6,6,1,,,0.268,0.0
8,1,5,2,18,4,4,1,,,0.432,0.0
8,1,5,2,19,6,6,1,,,0.3156,0.0
8,1,5,2,20,3,3,1,,,0.5409,0.0
8,1,5,2,21,3,3,1,,,0.5324,0.0
8,1,5,2,22,3,2,0,3,1,0.7333,0.3227
8,1,5,2,23,1,5,0,3,0,0.2603,0.4451
8,1,5,2,24,2,2,1,,,0.2599,0.0
8,1,5,2,25,2,6,0,1,0,1.3507,0.4197
8,1,5,2,26,3,4,0,3,1,1.1161,0.6252
8,1,5,2,27,4,4,1,,,0.7105,0.0
8,1,5,2,28,4,4,1,,,0.4863,0.0
8,1,5,2,29,6,6,1,,,0.7046,0.0
8,1,5,2,30,3,5,0,,,1.442,0.0
8,1,5,2,31,6,6,1,,,0.7362,0.0
8,1,5,2,32,6,3,0,2,0,0.8161,0.4182
8,1,5,2,33,2,2,1,,,0.4583,0.0
8,1,5,2,34,5,2,0,,,0.2618,0.0
8,1,5,2,35,4,4,1,,,0.5323,0.0
8,1,5,2,36,6,1,0,,,0.3161,0.0
8,1,5,2,37,5,1,0,,,0.6493,0.0
8,1,5,2,38,1,4,0,,,0.696,0.0
8,1,5,2,39,1,4,0,,,0.5972,0.0
8,1,5,2,40,5,2,0,4,0,0.8064,0.4407
8,1,5,2,41,5,4,0,,,0.3994,0.0
8,1,5,2,42,6,4,0,3,0,0.8729,0.3445
8,1,5,2,43,6,6,1,,,0.2275,0.0
8,1,5,2,44,5,4,0,3,0,0.8402,0.0881
8,1,5,2,45,4,1,0,3,0,1.0538,0.7583
8,1,5,2,46,1,4,0,3,0,0.4799,0.4316
8,1,5,2,47,2,2,1,,,0.4241,0.0
8,1,5,2,48,4,4,1,,,0.4212,0.0
8,1,5,2,49,5,6,0,,,0.209,0.0
8,1,5,2,50,1,1,1,,,0.1628,0.0
8,1,5,3,1,6,6,1,,,3.879,0.0
8,1,5,3,2,5,5,1,,,0.2459,0.0
8,1,5,3,3,6,6,1,,,0.2176,0.0
8,1,5,3,4,2,2,1,,,0.5594,0.0
8,1,5,3,5,2,3,0,,,0.4221,0.0
8,1,5,3,6,3,3,1,,,0.174,0.0
8,1,5,3,7,6,4,0,2,0,0.6442,0.2532
8,1,5,3,8,5,5,1,,,0.2217,0.0
8,1,5,3,9,3,1,0,,,0.8983,0.0
8,1,5,3,10,1,6,0,,,0.2156,0.0
8,1,5,3,11,4,4,1,,,0.391,0.0
8,1,5,3,12,2,6,0,3,0,0.4054,2.0389
8,1,5,3,13,5,5,1,,,0.3171,0.0
8,1,5,3,14,1,5,0,,,3.519,0.0
8,1,5,3,15,5,5,1,,,11.608,0.0
8,1,5,3,16,3,6,0,2,0,0.6654,0.4808
8,1,5,3,17,3,6,0,5,0,0.2625,0.5106
8,1,5,3,18,5,5,1,,,0.2752,0.0
8,1,5,3,19,2,6,0,,,0.2119,0.0
8,1,5,3,20,3,3,1,,,0.4543,0.0
8,1,5,3,21,2,4,0,2,1,0.2731,0.7139
8,1,5,3,22,6,6,1,,,0.1872,0.0
8,1,5,3,23,4,4,1,,,0.4344,0.0
8,1,5,3,24,6,4,0,3,0,0.3018,0.4206
8,1,5,3,25,3,3,1,,,0.6216,0.0
8,1,5,3,26,4,4,1,,,0.4662,0.0
8,1,5,3,27,4,4,1,,,1.0528,0.0
8,1,5,3,28,2,3,0,,,4.1763,0.0
8,1,5,3,29,1,2,0,3,0,2.8784,0.4432
8,1,5,3,30,3,2,0,,,0.834,0.0
8,1,5,3,31,1,1,1,,,0.6181,0.0
8,1,5,3,32,5,5,1,,,2.8472,0.0
8,1,5,3,33,4,4,1,,,0.7279,0.0
8,1,5,3,34,5,4,0,,,0.7924,0.0
8,1,5,3,35,6,2,0,,,1.5362,0.0
8,1,5,3,36,4,4,1,,,2.3795,0.0
8,1,5,3,37,1,3,0,,,0.9194,0.0
8,1,5,3,38,1,4,0,3,0,0.5396,1.2727
8,1,5,3,39,6,1,0,5,0,5.8861,0.4965
8,1,5,3,40,1,4,0,,,0.3416,0.0
8,1,5,3,41,6,6,1,,,0.2082,0.0
8,1,5,3,42,2,3,0,4,0,0.5658,0.6746
8,1,5,3,43,2,2,1,,,0.4965,0.0
8,1,5,3,44,3,4,0,2,0,0.57,0.4212
8,1,5,3,45,1,1,1,,,0.6855,0.0
8,1,5,3,46,4,4,1,,,0.4797,0.0
8,1,5,3,47,6,6,1,,,0.2668,0.0
8,1,5,3,48,6,6,1,,,0.2702,0.0
8,1,5,3,49,5,5,1,,,0.2731,0.0
8,1,5,3,50,4,5,0,,,0.5959,0.0
8,1,5,4,1,3,1,0,,,0.5299,0.0
8,1,5,4,2,3,4,0,,,0.4056,0.0
8,1,5,4,3,2,2,1,,,0.3979,0.0
8,1,5,4,4,2,6,0,,,0.1885,0.0
8,1,5,4,5,4,4,1,,,0.3333,0.0
8,1,5,4,6,2,4,0,,,0.7669,0.0
8,1,5,4,7,5,1,0,,,0.6002,0.0
8,1,5,4,8,5,3,0,,,0.5379,0.0
8,1,5,4,9,5,6,0,,,0.2203,0.0
8,1,5,4,10,2,4,0,,,1.1015,0.0
8,1,5,4,11,5,1,0,,,2.7137,0.0
8,1,5,4,12,5,4,0,,,0.3561,0.0
8,1,5,4,13,1,1,1,,,0.334,0.0
8,1,5,4,14,5,4,0,2,0,0.4155,0.5292
8,1,5,4,15,1,4,0,5,0,0.3732,0.3614
8,1,5,4,16,1,6,0,,,0.3241,0.0
8,1,5,4,17,6,1,0,,,0.4162,0.0
8,1,5,4,18,6,4,0,2,0,0.5838,0.6748
8,1,5,4,19,6,6,1,,,0.3685,0.0
8,1,5,4,20,4,4,1,,,0.352,0.0
8,1,5,4,21,4,4,1,,,0.2079,0.0
8,1,5,4,22,6,6,1,,,0.2607,0.0
8,1,5,4,23,1,4,0,,,0.4568,0.0
8,1,5,4,24,1,4,0,1,1,0.367,0.6902
8,1,5,4,25,4,4,1,,,0.3564,0.0
8,1,5,4,26,2,2,1,,,0.6438,0.0
8,1,5,4,27,5,5,1,,,0.5353,0.0
8,1,5,4,28,2,3,0,,,0.8955,0.0
8,1,5,4,29,3,4,0,,,0.7719,0.0
8,1,5,4,30,4,4,1,,,0.462,0.0
8,1,5,4,31,3,6,0,,,0.6173,0.0
8,1,5,4,32,6,6,1,,,0.0735,0.0
8,1,5,4,33,1,4,0,2,0,0.437,0.4222
8,1,5,4,34,3,4,0,,,1.5023,0.0
8,1,5,4,35,6,4,0,,,0.3307,0.0
8,1,5,4,36,1,2,0,,,0.8058,0.0
8,1,5,4,37,1,1,1,,,0.6063,0.0
8,1,5,4,38,6,5,0,,,0.7233,0.0
8,1,5,4,39,3,3,1,,,0.2388,0.0
8,1,5,4,40,2,5,0,,,0.739,0.0
8,1,5,4,41,3,3,1,,,0.3971,0.0
8,1,5,4,42,4,4,1,,,0.3631,0.0
8,1,5,4,43,2,2,1,,,0.6184,0.0
8,1,5,4,44,5,5,1,,,0.4469,0.0
8,1,5,4,45,4,3,0,4,1,0.347,0.0318
8,1,5,4,46,4,4,1,,,0.2692,0.0
8,1,5,4,47,6,2,0,3,0,0.8171,0.834
8,1,5,4,48,6,1,0,5,0,0.5219,0.8233
8,1,5,4,49,3,3,1,,,0.7357,0.0
8,1,5,4,50,6,6,1,,,0.3986,0.0
8,2,1,1,1,2,2,1,,,0.4531,0.0
8,2,1,1,2,6,6,1,,,0.5605,0.0
8,2,1,1,3,1,1,1,,,0.6167,0.0
8,2,1,1,4,1,4,0,,,0.6212,0.0
8,2,1,1,5,5,4,0,,,0.2858,0.0
8,2,1,1,6,3,2,0,,,1.2756,0.0
8,2,1,1,7,6,6,1,,,1.0728,0.0
8,2,1,1,8,3,3,1,,,0.9798,0.0
8,2,1,1,9,3,3,1,,,0.5058,0.0
8,2,1,1,10,1,2,0,,,2.387,0.0
8,2,1,1,11,3,5,0,3,1,1.6756,1.3859
8,2,1,1,12,1,2,0,,,1.2946,0.0
8,2,1,1,13,6,4,0,,,0.4196,0.0
8,2,1,1,14,4,2,0,,,0.5085,0.0
8,2,1,1,15,1,1,1,,,0.3372,0.0
8,2,1,1,16,4,3,0,,,0.737,0.0
8,2,1,1,17,2,2,1,,,0.3978,0.0
8,2,1,1,18,2,2,1,,,0.4908,0.0
8,2,1,1,19,5,5,1,,,0.3091,0.0
8,2,1,1,20,4,6,0,3,0,0.8233,2.0564
8,2,1,1,21,6,6,1,,,0.2542,0.0
8,2,1,1,22,2,2,1,,,0.5941,0.0
8,2,1,1,23,5,1,0,,,0.4087,0.0
8,2,1,1,24,2,1,0,4,0,0.3057,1.4002
8,2,1,1,25,5,4,0,5,1,0.7129,0.5744
8,2,1,1,26,4,4,1,,,0.6291,0.0
8,2,1,1,27,6,6,1,,,0.8423,0.0
8,2,1,1,28,5,2,0,,,0.7418,0.0
8,2,1,1,29,4,4,1,,,0.3382,0.0
8,2,1,1,30,4,4,1,,,0.9629,0.0
8,2,1,1,31,1,1,1,,,0.3461,0.0
8,2,1,1,32,4,5,0,,,0.7776,0.0
8,2,1,1,33,2,2,1,,,0.5479,0.0
8,2,1,1,34,6,6,1,,,0.268,0.0
8,2,1,1,35,5,5,1,,,0.2546,0.0
8,2,1,1,36,4,3,0,,,1.9712,0.0
8,2,1,1,37,3,1,0,5,0,0.3001,1.3141
8,2,1,1,38,6,6,1,,,0.1661,0.0
8,2,1,1,39,3,2,0,,,0.2371,0.0
8,2,1,1,40,3,3,1,,,1.1331,0.0
8,2,1,1,41,6,6,1,,,0.3973,0.0
8,2,1,1,42,6,2,0,,,0.8108,0.0
8,2,1,1,43,5,5,1,,,0.1795,0.0
8,2,1,1,44,2,2,1,,,0.7311,0.0
8,2,1,1,45,5,5,1,,,0.2985,0.0
8,2,1,1,46,1,5,0,,,1.0684,0.0
8,2,1,1,47,3,3,1,,,0.5858,0.0
8,2,1,1,48,6,6,1,,,0.3213,0.0
8,2,1,1,49,1,4,0,3,0,0.5144,0.8004
8,2,1,1,50,2,2,1,,,0.6332,0.0
8,2,1,2,1,1,3,0,,,0.6827,0.0
8,2,1,2,2,4,4,1,,,0.4888,0.0
8,2,1,2,3,4,1,0,,,0.2753,0.0
8,2,1,2,4,2,2,1,,,0.2259,0.0
8,2,1,2,5,6,6,1,,,0.1512,0.0
8,2,1,2,6,3,2,0,,,0.767,0.0
8,2,1,2,7,6,6,1,,,0.297,0.0
8,2,1,2,8,5,4,0,,,0.4587,0.0
8,2,1,2,9,2,6,0,,,0.1144,0.0
8,2,1,2,10,5,4,0,,,0.3751,0.0
8,2,1,2,11,2,2,1,,,0.3377,0.0
8,2,1,2,12,2,2,1,,,0.2739,0.0
8,2,1,2,13,5,4,0,,,0.9659,0.0
8,2,1,2,14,3,6,0,,,0.4239,0.0
8,2,1,2,15,6,6,1,,,0.1755,0.0
8,2,1,2,16,3,2,0,,,0.2472,0.0
8,2,1,2,17,5,3,0,,,1.2707,0.0
8,2,1,2,18,1,3,0,,,0.8919,0.0
8,2,1,2,19,3,3,1,,,0.3858,0.0
8,2,1,2,20,1,1,1,,,0.273,0.0
8,2,1,2,21,6,6,1,,,0.2273,0.0
8,2,1,2,22,4,4,1,,,0.3775,0.0
8,2,1,2,23,2,2,1,,,0.4084,0.0
8,2,1,2,24,1,1,1,,,0.6457,0.0
8,2,1,2,25,2,2,1,,,0.6186,0.0
8,2,1,2,26,6,6,1,,,0.1586,0.0
8,2,1,2,27,3,2,0,,,0.5827,0.0
8,2,1,2,28,6,1,0,3,0,0.4891,0.5032
8,2,1,2,29,1,6,0,,,0.3489,0.0
8,2,1,2,30,5,3,0,4,0,2.3284,0.5878
8,2,1,2,31,1,2,0,,,0.8142,0.0
8,2,1,2,32,6,1,0,5,0,0.5975,0.5769
8,2,1,2,33,4,1,0,,,0.6427,0.0
8,2,1,2,34,5,4,0,,,0.8345,0.0
8,2,1,2,35,3,4,0,,,0.4743,0.0
8,2,1,2,36,3,3,1,,,0.3208,0.0
8,2,1,2,37,1,2,0,5,0,0.2421,0.4594
8,2,1,2,38,6,4,0,,,0.3385,0.0
8,2,1,2,39,5,4,0,,,0.734,0.0
8,2,1,2,40,3,5,0,,,1.0335,0.0
8,2,1,2,41,2,2,1,,,0.4734,0.0
8,2,1,2,42,4,4,1,,,0.3729,0.0
8,2,1,2,43,4,4,1,,,0.4353,0.0
8,2,1,2,44,6,4,0,,,0.3195,0.0
8,2,1,2,45,4,4,1,,,0.2201,0.0
8,2,1,2,46,1,6,0,,,0.4025,0.0
8,2,1,2,47,6,6,1,,,0.1709,0.0
8,2,1,2,48,2,2,1,,,0.3541,0.0
8,2,1,2,49,4,4,1,,,3.4908,0.0
8,2,1,2,50,5,5,1,,,0.8334,0.0
8,2,1,3,1,5,4,0,2,0,0.2351,1.0287
8,2,1,3,2,1,2,0,,,1.06,0.0
8,2,1,3,3,2,2,1,,,0.7547,0.0
8,2,1,3,4,5,4,0,,,0.3372,0.0
8,2,1,3,5,5,2,0,,,0.5416,0.0
8,2,1,3,6,5,4,0,,,0.913,0.0
8,2,1,3,7,1,3,0,,,0.389,0.0
8,2,1,3,8,4,4,1,,,0.2712,0.0
8,2,1,3,9,6,2,0,,,0.8825,0.0
8,2,1,3,10,6,6,1,,,0.2324,0.0
8,2,1,3,11,6,4,0,,,0.908,0.0
8,2,1,3,12,6,6,1,,,0.2089,0.0
8,2,1,3,13,6,6,1,,,0.1828,0.0
8,2,1,3,14,1,3,0,4,0,0.7346,0.4993
8,2,1,3,15,3,4,0,1,0,0.8553,0.5361
8,2,1,3,16,1,3,0,4,0,0.5716,0.3759
8,2,1,3,17,5,1,0,5,1,0.5138,0.5288
8,2,1,3,18,6,6,1,,,0.2335,0.0
8,2,1,3,19,3,2,0,5,0,0.2535,1.0792
8,2,1,3,20,4,4,1,,,0.2924,0.0
8,2,1,3,21,1,6,0,4,0,2.902,0.4824
8,2,1,3,22,3,4,0,,,0.601,0.0
8,2,1,3,23,2,2,1,,,0.7772,0.0
8,2,1,3,24,1,1,1,,,0.6004,0.0
8,2,1,3,25,5,4,0,,,0.5742,0.0
8,2,1,3,26,2,5,0,,,1.9686,0.0
8,2,1,3,27,4,4,1,,,0.2019,0.0
8,2,1,3,28,1,1,1,,,0.2398,0.0
8,2,1,3,29,3,4,0,,,0.1634,0.0
8,2,1,3,30,4,4,1,,,0.1834,0.0
8,2,1,3,31,3,3,1,,,0.4448,0.0
8,2,1,3,32,2,2,1,,,0.458,0.0
8,2,1,3,33,3,4,0,,,0.4374,0.0
8,2,1,3,34,6,5,0,3,0,1.4062,0.9989
8,2,1,3,35,2,5,0,2,1,1.2231,0.4731
8,2,1,3,36,3,3,1,,,1.0911,0.0
8,2,1,3,37,3,3,1,,,0.4214,0.0
8,2,1,3,38,4,4,1,,,0.3059,0.0
8,2,1,3,39,1,1,1,,,0.2116,0.0
8,2,1,3,40,5,4,0,,,0.7142,0.0
8,2,1,3,41,6,4,0,,,0.6145,0.0
8,2,1,3,42,2,2,1,,,0.23,0.0
8,2,1,3,43,4,4,1,,,0.2509,0.0
8,2,1,3,44,4,4,1,,,0.3349,0.0
8,2,1,3,45,6,4,0,,,0.688,0.0
8,2,1,3,46,4,4,1,,,0.1255,0.0
8,2,1,3,47,5,2,0,,,0.3908,0.0
8,2,1,3,48,6,2,0,3,0,0.496,0.3677
8,2,1,3,49,2,2,1,,,0.314,0.0
8,2,1,3,50,2,4,0,3,0,0.5545,0.4076
8,2,1,4,1,5,4,0,,,0.2226,0.0
8,2,1,4,2,2,2,1,,,0.1757,0.0
8,2,1,4,3,2,2,1,,,0.1502,0.0
8,2,1,4,4,6,4,0,,,0.3663,0.0
8,2,1,4,5,3,4,0,,,0.201,0.0
8,2,1,4,6,6,6,1,,,0.0011,0.0
8,2,1,4,7,1,6,0,,,0.2805,0.0
8,2,1,4,8,4,4,1,,,0.3435,0.0
8,2,1,4,9,3,4,0,,,0.967,0.0
8,2,1,4,10,1,4,0,3,0,0.3137,1.2481
8,2,1,4,11,2,2,1,,,0.1988,0.0
8,2,1,4,12,5,5,1,,,0.2044,0.0
8,2,1,4,13,3,4,0,,,0.3541,0.0
8,2,1,4,14,2,2,1,,,0.1892,0.0
8,2,1,4,15,1,6,0,,,0.2604,0.0
8,2,1,4,16,6,2,0,,,0.9791,0.0
8,2,1,4,17,3,6,0,,,0.1327,0.0
8,2,1,4,18,6,6,1,,,0.1526,0.0
8,2,1,4,19,3,1,0,,,0.257,0.0
8,2,1,4,20,4,2,0,,,0.3197,0.0
8,2,1,4,21,4,4,1,,,0.8453,0.0
8,2,1,4,22,5,5,1,,,0.5357,0.0
8,2,1,4,23,6,6,1,,,0.208,0.0
8,2,1,4,24,2,2,1,,,0.5507,0.0
8,2,1,4,25,6,6,1,,,0.2694,0.0
8,2,1,4,26,1,1,1,,,0.2889,0.0
8,2,1,4,27,2,2,1,,,0.1476,0.0
8,2,1,4,28,4,4,1,,,0.2517,0.0
8,2,1,4,29,4,4,1,,,0.2401,0.0
8,2,1,4,30,5,2,0,,,0.1966,0.0
8,2,1,4,31,2,5,0,,,0.1825,0.0
8,2,1,4,32,4,4,1,,,0.5685,0.0
8,2,1,4,33,4,4,1,,,0.2226,0.0
8,2,1,4,34,1,5,0,,,0.2278,0.0
8,2,1,4,35,3,4,0,,,0.6119,0.0
8,2,1,4,36,2,4,0,,,0.1652,0.0
8,2,1,4,37,6,6,1,,,0.0393,0.0
8,2,1,4,38,6,4,0,,,0.2128,0.0
8,2,1,4,39,1,1,1,,,0.3248,0.0
8,2,1,4,40,5,5,1,,,0.2619,0.0
8,2,1,4,41,3,3,1,,,1.6104,0.0
8,2,1,4,42,5,4,0,,,0.7898,0.0
8,2,1,4,43,1,1,1,,,0.1281,0.0
8,2,1,4,44,1,2,0,,,0.6968,0.0
8,2,1,4,45,5,4,0,,,0.3409,0.0
8,2,1,4,46,6,5,0,,,0.4808,0.0
8,2,1,4,47,4,2,0,,,0.3108,0.0
8,2,1,4,48,5,4,0,,,1.0441,0.0
8,2,1,4,49,6,5,0,,,0.5297,0.0
8,2,1,4,50,3,2,0,,,0.2939,0.0
8,2,2,1,1,3,2,0,,,0.2965,0.0
8,2,2,1,2,1,1,1,,,0.3738,0.0
8,2,2,1,3,2,5,0,,,0.2607,0.0
8,2,2,1,4,5,3,0,,,0.3078,0.0
8,2,2,1,5,3,2,0,,,0.5283,0.0
8,2,2,1,6,2,2,1,,,0.485,0.0
8,2,2,1,7,1,3,0,,,1.1672,0.0
8,2,2,1,8,3,3,1,,,0.6161,0.0
8,2,2,1,9,4,4,1,,,0.2534,0.0
8,2,2,1,10,2,2,1,,,0.3852,0.0
8,2,2,1,11,1,1,1,,,0.3993,0.0
8,2,2,1,12,3,3,1,,,0.4611,0.0
8,2,2,1,13,4,4,1,,,0.2487,0.0
8,2,2,1,14,4,4,1,,,0.4131,0.0
8,2,2,1,15,6,2,0,,,0.4261,0.0
8,2,2,1,16,3,3,1,,,0.5458,0.0
8,2,2,1,17,1,5,0,,,0.2489,0.0
8,2,2,1,18,5,5,1,,,1.336,0.0
8,2,2,1,19,3,3,1,,,0.5284,0.0
8,2,2,1,20,3,2,0,3,1,0.5205,0.7578
8,2,2,1,21,6,6,1,,,0.5176,0.0
8,2,2,1,22,1,6,0,,,0.303,0.0
8,2,2,1,23,1,1,1,,,0.4921,0.0
8,2,2,1,24,4,4,1,,,0.31,0.0
8,2,2,1,25,5,5,1,,,0.2641,0.0
8,2,2,1,26,6,6,1,,,0.3311,0.0
8,2,2,1,27,2,2,1,,,0.3956,0.0
8,2,2,1,28,6,4,0,3,0,0.2171,0.7401
8,2,2,1,29,2,2,1,,,0.3517,0.0
8,2,2,1,30,1,1,1,,,0.4958,0.0
8,2,2,1,31,5,6,0,5,1,0.2325,0.8186
8,2,2,1,32,5,5,1,,,0.239,0.0
8,2,2,1,33,6,6,1,,,0.1961,0.0
8,2,2,1,34,3,2,0,,,0.3308,0.0
8,2,2,1,35,4,4,1,,,0.4219,0.0
8,2,2,1,36,6,3,0,5,0,0.3714,0.3749
8,2,2,1,37,1,1,1,,,0.4983,0.0
8,2,2,1,38,6,3,0,4,0,0.4595,0.8922
8,2,2,1,39,2,2,1,,,0.241,0.0
8,2,2,1,40,4,4,1,,,0.6935,0.0
8,2,2,1,41,4,4,1,,,0.4559,0.0
8,2,2,1,42,2,5,0,3,0,0.6756,0.7953
8,2,2,1,43,6,6,1,,,0.452,0.0
8,2,2,1,44,2,1,0,3,0,0.6081,0.4739
8,2,2,1,45,4,1,0,3,0,0.657,1.1445
8,2,2,1,46,5,6,0,4,0,0.1796,0.4473
8,2,2,1,47,6,1,0,,,1.0472,0.0
8,2,2,1,48,5,5,1,,,0.23,0.0
8,2,2,1,49,5,2,0,3,0,0.5547,0.9028
8,2,2,1,50,6,6,1,,,0.2189,0.0
8,2,2,2,1,4,4,1,,,0.4624,0.0
8,2,2,2,2,1,6,0,,,0.1375,0.0
8,2,2,2,3,2,2,1,,,0.2052,0.0
8,2,2,2,4,6,3,0,,,0.3069,0.0
8,2,2,2,5,4,4,1,,,0.2407,0.0
8,2,2,2,6,6,4,0,,,1.4772,0.0
8,2,2,2,7,4,3,0,,,1.7149,0.0
8,2,2,2,8,5,4,0,,,0.87,0.0
8,2,2,2,9,1,2,0,,,0.4762,0.0
8,2,2,2,10,3,2,0,3,1,0.69,0.8242
8,2,2,2,11,3,2,0,,,0.4214,0.0
8,2,2,2,12,5,5,1,,,0.8783,0.0
8,2,2,2,13,5,5,1,,,0.2314,0.0
8,2,2,2,14,3,3,1,,,0.9566,0.0
8,2,2,2,15,2,2,1,,,0.275,0.0
8,2,2,2,16,6,6,1,,,0.1504,0.0
8,2,2,2,17,1,3,0,,,0.7833,0.0
8,2,2,2,18,1,1,1,,,0.7768,0.0
8,2,2,2,19,6,6,1,,,0.5346,0.0
8,2,2,2,20,6,6,1,,,0.2714,0.0
8,2,2,2,21,3,4,0,3,1,0.4982,0.658
8,2,2,2,22,3,3,1,,,0.3899,0.0
8,2,2,2,23,5,4,0,3,0,0.5797,0.4472
8,2,2,2,24,5,1,0,,,0.6466,0.0
8,2,2,2,25,1,1,1,,,0.2302,0.0
8,2,2,2,26,5,4,0,,,0.3142,0.0
8,2,2,2,27,4,4,1,,,0.4392,0.0
8,2,2,2,28,5,3,0,4,0,0.6431,0.349
8,2,2,2,29,2,4,0,2,1,0.5034,0.4064
8,2,2,2,30,6,4,0,,,0.5799,0.0
8,2,2,2,31,1,4,0,,,0.5815,0.0
8,2,2,2,32,2,2,1,,,0.5032,0.0
8,2,2,2,33,4,4,1,,,0.2249,0.0
8,2,2,2,34,2,1,0,,,0.8377,0.0
8,2,2,2,35,3,3,1,,,0.5577,0.0
8,2,2,2,36,5,4,0,,,0.2931,0.0
8,2,2,2,37,1,1,1,,,0.5946,0.0
8,2,2,2,38,2,4,0,,,0.4558,0.0
8,2,2,2,39,4,4,1,,,0.191,0.0
8,2,2,2,40,6,3,0,,,0.79,0.0
8,2,2,2,41,6,2,0,,,0.544,0.0
8,2,2,2,42,4,4,1,,,0.4823,0.0
8,2,2,2,43,3,3,1,,,0.5568,0.0
8,2,2,2,44,6,6,1,,,1.1083,0.0
8,2,2,2,45,2,5,0,2,1,1.9262,0.4256
8,2,2,2,46,2,3,0,2,1,0.695,0.3174
8,2,2,2,47,4,4,1,,,0.3187,0.0
8,2,2,2,48,1,1,1,,,0.5608,0.0
8,2,2,2,49,6,4,0,,,0.8877,0.0
8,2,2,2,50,3,4,0,3,1,1.0531,0.2766
8,2,2,3,1,2,5,0,,,0.6939,0.0
8,2,2,3,2,5,3,0,,,0.2744,0.0
8,2,2,3,3,1,4,0,3,0,0.6086,0.2352
8,2,2,3,4,4,4,1,,,0.4914,0.0
8,2,2,3,5,4,4,1,,,0.3257,0.0
8,2,2,3,6,3,1,0,,,0.646,0.0
8,2,2,3,7,5,4,0,,,0.6296,0.0
8,2,2,3,8,1,3,0,4,0,0.501,0.0987
8,2,2,3,9,5,4,0,,,0.4095,0.0
8,2,2,3,10,5,4,0,,,0.2588,0.0
8,2,2,3,11,2,2,1,,,0.3535,0.0
8,2,2,3,12,2,2,1,,,0.7377,0.0
8,2,2,3,13,5,4,0,2,0,0.8017,0.4834
8,2,2,3,14,4,4,1,,,0.6016,0.0
8,2,2,3,15,3,3,1,,,0.3667,0.0
8,2,2,3,16,1,1,1,,,0.6057,0.0
8,2,2,3,17,2,2,1,,,0.82,0.0
8,2,2,3,18,5,5,1,,,0.7199,0.0
8,2,2,3,19,6,6,1,,,0.3054,0.0
8,2,2,3,20,2,2,1,,,0.1946,0.0
8,2,2,3,21,6,5,0,3,0,0.6972,0.9125
8,2,2,3,22,3,1,0,,,0.4678,0.0
8,2,2,3,23,5,5,1,,,4.0425,0.0
8,2,2,3,24,3,4,0,3,1,0.5304,0.6568
8,2,2,3,25,4,4,1,,,0.3718,0.0
8,2,2,3,26,2,2,1,,,0.1634,0.0
8,2,2,3,27,1,4,0,,,1.7233,0.0
8,2,2,3,28,3,3,1,,,0.7655,0.0
8,2,2,3,29,6,6,1,,,0.6367,0.0
8,2,2,3,30,4,4,1,,,0.6564,0.0
8,2,2,3,31,2,2,1,,,0.1648,0.0
8,2,2,3,32,6,3,0,,,1.4678,0.0
8,2,2,3,33,1,4,0,3,0,0.7932,0.0925
8,2,2,3,34,6,2,0,,,0.2574,0.0
8,2,2,3,35,6,2,0,3,0,0.5931,0.1723
8,2,2,3,36,3,3,1,,,0.5903,0.0
8,2,2,3,37,2,2,1,,,0.2768,0.0
8,2,2,3,38,4,4,1,,,0.5199,0.0
8,2,2,3,39,6,6,1,,,0.7368,0.0
8,2,2,3,40,6,4,0,,,0.3699,0.0
8,2,2,3,41,4,2,0,,,0.1723,0.0
8,2,2,3,42,1,3,0,,,0.8311,0.0
8,2,2,3,43,1,1,1,,,0.5026,0.0
8,2,2,3,44,3,3,1,,,0.3519,0.0
8,2,2,3,45,6,6,1,,,0.2231,0.0
8,2,2,3,46,3,2,0,,,0.5169,0.0
8,2,2,3,47,4,4,1,,,0.5216,0.0
8,2,2,3,48,5,1,0,,,0.899,0.0
8,2,2,3,49,6,6,1,,,0.2624,0.0
8,2,2,3,50,1,1,1,,,0.9227,0.0
8,2,2,4,1,3,1,0,,,0.2887,0.0
8,2,2,4,2,5,3,0,,,1.0062,0.0
8,2,2,4,3,6,6,1,,,0.1427,0.0
8,2,2,4,4,1,5,0,,,0.8563,0.0
8,2,2,4,5,2,2,1,,,0.1586,0.0
8,2,2,4,6,1,1,1,,,0.6941,0.0
8,2,2,4,7,5,5,1,,,0.2157,0.0
8,2,2,4,8,2,2,1,,,0.6698,0.0
8,2,2,4,9,4,4,1,,,0.3048,0.0
8,2,2,4,10,1,2,0,,,0.3385,0.0
8,2,2,4,11,1,1,1,,,0.3021,0.0
8,2,2,4,12,5,3,0,,,1.3917,0.0
8,2,2,4,13,4,5,0,,,2.4322,0.0
8,2,2,4,14,6,6,1,,,0.166,0.0
8,2,2,4,15,6,6,1,,,0.2208,0.0
8,2,2,4,16,2,2,1,,,0.3867,0.0
8,2,2,4,17,6,1,0,,,1.0249,0.0
8,2,2,4,18,2,6,0,5,0,0.7047,0.3908
8,2,2,4,19,3,2,0,,,0.3366,0.0
8,2,2,4,20,6,6,1,,,0.2692,0.0
8,2,2,4,21,1,6,0,,,0.5286,0.0
8,2,2,4,22,4,6,0,2,0,0.2765,0.3647
8,2,2,4,23,4,3,0,2,0,0.8233,0.3601
8,2,2,4,24,5,5,1,,,0.6593,0.0
8,2,2,4,25,6,6,1,,,0.15,0.0
8,2,2,4,26,4,4,1,,,0.5261,0.0
8,2,2,4,27,4,4,1,,,0.7278,0.0
8,2,2,4,28,6,6,1,,,0.3599,0.0
8,2,2,4,29,2,2,1,,,0.7271,0.0
8,2,2,4,30,2,3,0,,,1.4791,0.0
8,2,2,4,31,3,4,0,,,0.2599,0.0
8,2,2,4,32,1,3,0,5,0,0.9631,0.2706
8,2,2,4,33,4,2,0,1,0,0.3492,0.2908
8,2,2,4,34,3,2,0,,,0.5609,0.0
8,2,2,4,35,3,3,1,,,0.5151,0.0
8,2,2,4,36,3,5,0,3,1,0.1881,0.856
8,2,2,4,37,2,2,1,,,0.4026,0.0
8,2,2,4,38,3,1,0,3,1,0.1928,0.9568
8,2,2,4,39,5,3,0,,,0.6111,0.0
8,2,2,4,40,6,6,1,,,0.1957,0.0
8,2,2,4,41,1,3,0,,,1.305,0.0
8,2,2,4,42,1,1,1,,,0.8779,0.0
8,2,2,4,43,2,2,1,,,0.5365,0.0
8,2,2,4,44,5,5,1,,,2.7041,0.0
8,2,2,4,45,5,3,0,,,0.559,0.0
8,2,2,4,46,4,4,1,,,0.2893,0.0
8,2,2,4,47,6,6,1,,,0.1958,0.0
8,2,2,4,48,3,3,1,,,0.7463,0.0
8,2,2,4,49,5,5,1,,,0.1858,0.0
8,2,2,4,50,6,4,0,,,0.6082,0.0
8,2,3,1,1,5,3,0,,,0.3939,0.0
8,2,3,1,2,2,2,1,,,0.1798,0.0
8,2,3,1,3,4,4,1,,,0.2021,0.0
8,2,3,1,4,1,1,1,,,0.2561,0.0
8,2,3,1,5,5,2,0,,,0.1316,0.0
8,2,3,1,6,4,3,0,5,0,0.5841,0.3556
8,2,3,1,7,5,4,0,,,0.2703,0.0
8,2,3,1,8,3,3,1,,,0.301,0.0
8,2,3,1,9,4,3,0,,,0.4796,0.0
8,2,3,1,10,3,3,1,,,0.4536,0.0
8,2,3,1,11,1,1,1,,,0.7047,0.0
8,2,3,1,12,2,2,1,,,0.1626,0.0
8,2,3,1,13,4,4,1,,,0.2015,0.0
8,2,3,1,14,4,4,1,,,0.2554,0.0
8,2,3,1,15,6,3,0,2,0,0.3401,0.1207
8,2,3,1,16,6,4,0,,,0.2535,0.0
8,2,3,1,17,4,4,1,,,0.4447,0.0
8,2,3,1,18,6,2,0,,,0.3771,0.0
8,2,3,1,19,6,5,0,,,0.5464,0.0
8,2,3,1,20,1,2,0,3,0,0.6616,0.0934
8,2,3,1,21,3,4,0,3,1,0.2275,0.0934
8,2,3,1,22,2,2,1,,,0.3598,0.0
8,2,3,1,23,6,5,0,2,0,0.6148,0.1929
8,2,3,1,24,3,2,0,1,0,0.1784,1.5992
8,2,3,1,25,2,3,0,5,0,1.1426,0.8594
8,2,3,1,26,5,5,1,,,0.1774,0.0
8,2,3,1,27,1,2,0,,,0.3442,0.0
8,2,3,1,28,5,6,0,1,0,1.3158,0.3528
8,2,3,1,29,2,3,0,1,0,0.4127,4.1592
8,2,3,1,30,6,6,1,,,0.3015,0.0
8,2,3,1,31,1,4,0,,,0.3837,0.0
8,2,3,1,32,1,1,1,,,0.2496,0.0
8,2,3,1,33,4,4,1,,,0.2542,0.0
8,2,3,1,34,2,2,1,,,0.1772,0.0
8,2,3,1,35,6,6,1,,,0.1848,0.0
8,2,3,1,36,6,2,0,,,1.0229,0.0
8,2,3,1,37,5,2,0,4,0,0.5265,0.717
8,2,3,1,38,2,2,1,,,0.4403,0.0
8,2,3,1,39,1,1,1,,,0.9489,0.0
8,2,3,1,40,5,3,0,,,1.533,0.0
8,2,3,1,41,6,6,1,,,0.1672,0.0
8,2,3,1,42,3,4,0,3,1,0.3668,0.1623
8,2,3,1,43,5,2,0,,,0.3454,0.0
8,2,3,1,44,3,1,0,,,0.6772,0.0
8,2,3,1,45,4,4,1,,,0.2741,0.0
8,2,3,1,46,3,3,1,,,0.6294,0.0
8,2,3,1,47,2,2,1,,,0.3468,0.0
8,2,3,1,48,1,2,0,,,0.9705,0.0
8,2,3,1,49,3,3,1,,,0.2033,0.0
8,2,3,1,50,6,1,0,,,0.226,0.0
8,2,3,2,1,6,5,0,6,1,0.9915,0.7302
8,2,3,2,2,6,6,1,,,0.1707,0.0
8,2,3,2,3,1,1,1,,,0.29,0.0
8,2,3,2,4,1,1,1,,,0.2768,0.0
8,2,3,2,5,6,6,1,,,0.1826,0.0
8,2,3,2,6,5,3,0,4,0,0.1897,1.1766
8,2,3,2,7,6,6,1,,,0.1625,0.0
8,2,3,2,8,3,3,1,,,0.2175,0.0
8,2,3,2,9,4,4,1,,,0.1265,0.0
8,2,3,2,10,5,4,0,,,0.2315,0.0
8,2,3,2,11,2,2,1,,,0.1512,0.0
8,2,3,2,12,1,1,1,,,0.4478,0.0
8,2,3,2,13,2,2,1,,,0.4436,0.0
8,2,3,2,14,2,2,1,,,0.3434,0.0
8,2,3,2,15,1,1,1,,,0.3906,0.0
8,2,3,2,16,3,3,1,,,1.0609,0.0
8,2,3,2,17,3,4,0,,,0.9994,0.0
8,2,3,2,18,3,4,0,,,0.7605,0.0
8,2,3,2,19,3,3,1,,,0.2583,0.0
8,2,3,2,20,5,2,0,,,0.2952,0.0
8,2,3,2,21,4,4,1,,,0.3243,0.0
8,2,3,2,22,1,4,0,3,0,0.6612,0.8939
8,2,3,2,23,6,1,0,,,0.4339,0.0
8,2,3,2,24,3,3,1,,,0.2017,0.0
8,2,3,2,25,6,6,1,,,0.144,0.0
8,2,3,2,26,2,2,1,,,0.2639,0.0
8,2,3,2,27,2,2,1,,,0.3953,0.0
8,2,3,2,28,1,1,1,,,0.3294,0.0
8,2,3,2,29,4,4,1,,,0.2657,0.0
8,2,3,2,30,3,3,1,,,0.2363,0.0
8,2,3,2,31,2,2,1,,,0.2578,0.0
8,2,3,2,32,6,3,0,4,0,0.2611,0.7179
8,2,3,2,33,5,6,0,,,0.2668,0.0
8,2,3,2,34,3,3,1,,,0.5206,0.0
8,2,3,2,35,4,3,0,4,1,0.5464,0.2394
8,2,3,2,36,5,2,0,4,0,0.532,0.3854
8,2,3,2,37,4,3,0,4,1,0.3959,2.2227
8,2,3,2,38,5,5,1,,,0.5462,0.0
8,2,3,2,39,1,1,1,,,0.3937,0.0
8,2,3,2,40,4,4,1,,,0.4393,0.0
8,2,3,2,41,6,6,1,,,0.2433,0.0
8,2,3,2,42,1,4,0,,,0.616,0.0
8,2,3,2,43,2,2,1,,,0.5524,0.0
8,2,3,2,44,2,2,1,,,0.2716,0.0
8,2,3,2,45,6,2,0,,,0.6264,0.0
8,2,3,2,46,4,4,1,,,0.2582,0.0
8,2,3,2,47,5,3,0,2,0,0.5332,0.7559
8,2,3,2,48,5,4,0,3,0,0.6378,0.151
8,2,3,2,49,6,5,0,,,0.7305,0.0
8,2,3,2,50,4,4,1,,,0.6463,0.0
8,2,3,3,1,6,6,1,,,0.1356,0.0
8,2,3,3,2,4,4,1,,,0.1761,0.0
8,2,3,3,3,5,2,0,,,0.1198,0.0
8,2,3,3,4,2,3,0,,,0.0278,0.0
8,2,3,3,5,1,4,0,2,0,0.2126,0.3506
8,2,3,3,6,3,3,1,,,0.6188,0.0
8,2,3,3,7,5,5,1,,,1.1031,0.0
8,2,3,3,8,3,3,1,,,0.8007,0.0
8,2,3,3,9,2,4,0,3,0,0.8933,0.7636
8,2,3,3,10,2,2,1,,,0.5183,0.0
8,2,3,3,11,1,4,0,,,0.3508,0.0
8,2,3,3,12,1,4,0,,,0.5707,0.0
8,2,3,3,13,3,3,1,,,0.3335,0.0
8,2,3,3,14,6,6,1,,,0.189,0.0
8,2,3,3,15,5,4,0,,,0.6128,0.0
8,2,3,3,16,3,2,0,,,0.5648,0.0
8,2,3,3,17,2,2,1,,,0.2471,0.0
8,2,3,3,18,4,4,1,,,0.2671,0.0
8,2,3,3,19,2,2,1,,,0.2376,0.0
8,2,3,3,20,1,1,1,,,0.2263,0.0
8,2,3,3,21,4,4,1,,,0.328,0.0
8,2,3,3,22,6,3,0,4,0,0.6166,0.5783
8,2,3,3,23,6,6,1,,,0.1634,0.0
8,2,3,3,24,2,2,1,,,0.571,0.0
8,2,3,3,25,6,6,1,,,1.1225,0.0
8,2,3,3,26,1,1,1,,,0.4507,0.0
8,2,3,3,27,6,5,0,,,0.4301,0.0
8,2,3,3,28,5,5,1,,,0.2617,0.0
8,2,3,3,29,3,3,1,,,0.5371,0.0
8,2,3,3,30,5,4,0,,,0.4663,0.0
8,2,3,3,31,4,4,1,,,0.312,0.0
8,2,3,3,32,3,4,0,,,0.5542,0.0
8,2,3,3,33,1,2,0,3,0,0.1893,0.3757
8,2,3,3,34,5,4,0,,,0.1463,0.0
8,2,3,3,35,6,6,1,,,0.118,0.0
8,2,3,3,36,3,4,0,,,0.2546,0.0
8,2,3,3,37,4,4,1,,,0.3662,0.0
8,2,3,3,38,2,2,1,,,0.7176,0.0
8,2,3,3,39,4,4,1,,,0.51,0.0
8,2,3,3,40,1,6,0,5,0,0.2151,0.6106
8,2,3,3,41,4,2,0,,,0.4186,0.0
8,2,3,3,42,5,3,0,,,1.4665,0.0
8,2,3,3,43,1,1,1,,,0.1044,0.0
8,2,3,3,44,2,2,1,,,0.3539,0.0
8,2,3,3,45,6,3,0,,,1.1224,0.0
8,2,3,3,46,3,3,1,,,0.574,0.0
8,2,3,3,47,6,2,0,,,0.3562,0.0
8,2,3,3,48,6,1,0,,,0.5594,0.0
8,2,3,3,49,5,3,0,,,0.3867,0.0
8,2,3,3,50,4,4,1,,,0.78,0.0
8,2,3,4,1,2,2,1,,,0.2631,0.0
8,2,3,4,2,5,1,0,,,0.5225,0.0
8,2,3,4,3,5,2,0,,,0.7038,0.0
8,2,3,4,4,5,3,0,,,0.22,0.0
8,2,3,4,5,3,3,1,,,0.2372,0.0
8,2,3,4,6,2,2,1,,,0.241,0.0
8,2,3,4,7,3,3,1,,,0.246,0.0
8,2,3,4,8,3,2,0,,,0.2186,0.0
8,2,3,4,9,1,4,0,,,0.2358,0.0
8,2,3,4,10,4,4,1,,,0.2989,0.0
8,2,3,4,11,1,1,1,,,0.7161,0.0
8,2,3,4,12,1,5,0,,,0.8609,0.0
8,2,3,4,13,4,5,0,3,0,1.8275,2.6997
8,2,3,4,14,6,6,1,,,0.2784,0.0
8,2,3,4,15,5,1,0,,,0.6324,0.0
8,2,3,4,16,3,3,1,,,0.5999,0.0
8,2,3,4,17,6,6,1,,,0.0934,0.0
8,2,3,4,18,2,2,1,,,0.1836,0.0
8,2,3,4,19,6,6,1,,,0.2715,0.0
8,2,3,4,20,6,6,1,,,0.2423,0.0
8,2,3,4,21,1,1,1,,,0.5499,0.0
8,2,3,4,22,2,2,1,,,0.2371,0.0
8,2,3,4,23,5,3,0,,,0.386,0.0
8,2,3,4,24,4,4,1,,,0.4445,0.0
8,2,3,4,25,1,3,0,,,1.1606,0.0
8,2,3,4,26,6,6,1,,,0.1611,0.0
8,2,3,4,27,4,4,1,,,0.6016,0.0
8,2,3,4,28,6,6,1,,,0.382,0.0
8,2,3,4,29,1,4,0,,,0.285,0.0
8,2,3,4,30,2,2,1,,,0.2994,0.0
8,2,3,4,31,6,6,1,,,0.1732,0.0
8,2,3,4,32,6,6,1,,,0.1805,0.0
8,2,3,4,33,4,3,0,,,0.251,0.0
8,2,3,4,34,3,3,1,,,0.6026,0.0
8,2,3,4,35,5,5,1,,,1.056,0.0
8,2,3,4,36,6,6,1,,,0.1796,0.0
8,2,3,4,37,3,3,1,,,0.6335,0.0
8,2,3,4,38,3,1,0,,,1.5983,0.0
8,2,3,4,39,1,3,0,,,0.3417,0.0
8,2,3,4,40,5,5,1,,,0.1931,0.0
8,2,3,4,41,2,2,1,,,0.3269,0.0
8,2,3,4,42,4,4,1,,,0.5686,0.0
8,2,3,4,43,6,5,0,6,1,0.9114,0.5419
8,2,3,4,44,2,2,1,,,0.23,0.0
8,2,3,4,45,2,2,1,,,0.171,0.0
8,2,3,4,46,1,4,0,,,0.8343,0.0
8,2,3,4,47,4,4,1,,,0.4892,0.0
8,2,3,4,48,3,3,1,,,0.6123,0.0
8,2,3,4,49,5,5,1,,,0.5685,0.0
8,2,3,4,50,4,4,1,,,0.5116,0.0
8,2,4,1,1,5,5,1,,,0.5404,0.0
8,2,4,1,2,3,2,0,3,1,0.2438,0.2864
8,2,4,1,3,2,3,0,4,0,0.4969,0.24
8,2,4,1,4,3,4,0,,,0.3196,0.0
8,2,4,1,5,2,2,1,,,0.54,0.0
8,2,4,1,6,4,4,1,,,0.581,0.0
8,2,4,1,7,3,3,1,,,0.5555,0.0
8,2,4,1,8,2,2,1,,,0.2103,0.0
8,2,4,1,9,2,2,1,,,0.8232,0.0
8,2,4,1,10,2,2,1,,,0.1807,0.0
8,2,4,1,11,6,4,0,,,0.6195,0.0
8,2,4,1,12,5,2,0,3,0,0.7317,0.4016
8,2,4,1,13,4,4,1,,,0.219,0.0
8,2,4,1,14,4,4,1,,,0.2393,0.0
8,2,4,1,15,6,2,0,,,0.564,0.0
8,2,4,1,16,6,6,1,,,3.1421,0.0
8,2,4,1,17,1,1,1,,,0.2274,0.0
8,2,4,1,18,5,5,1,,,0.8563,0.0
8,2,4,1,19,6,6,1,,,0.1953,0.0
8,2,4,1,20,6,2,0,,,0.8098,0.0
8,2,4,1,21,4,4,1,,,0.4176,0.0
8,2,4,1,22,6,3,0,4,0,0.5427,0.3637
8,2,4,1,23,6,6,1,,,0.0859,0.0
8,2,4,1,24,1,1,1,,,0.2728,0.0
8,2,4,1,25,3,2,0,,,0.9006,0.0
8,2,4,1,26,5,3,0,,,0.5206,0.0
8,2,4,1,27,4,4,1,,,0.7659,0.0
8,2,4,1,28,1,2,0,,,0.3959,0.0
8,2,4,1,29,2,4,0,3,0,0.3578,0.3135
8,2,4,1,30,6,6,1,,,0.1983,0.0
8,2,4,1,31,5,5,1,,,0.2371,0.0
8,2,4,1,32,4,4,1,,,0.6252,0.0
8,2,4,1,33,1,1,1,,,0.3742,0.0
8,2,4,1,34,1,4,0,,,0.1645,0.0
8,2,4,1,35,3,3,1,,,0.503,0.0
8,2,4,1,36,3,4,0,3,1,0.3686,0.8529
8,2,4,1,37,1,4,0,2,0,0.289,0.4873
8,2,4,1,38,1,1,1,,,0.5577,0.0
8,2,4,1,39,2,2,1,,,0.2445,0.0
8,2,4,1,40,1,6,0,,,0.2163,0.0
8,2,4,1,41,4,4,1,,,0.1858,0.0
8,2,4,1,42,2,2,1,,,0.1757,0.0
8,2,4,1,43,6,6,1,,,0.262,0.0
8,2,4,1,44,6,6,1,,,0.4585,0.0
8,2,4,1,45,4,4,1,,,0.3571,0.0
8,2,4,1,46,5,5,1,,,0.404,0.0
8,2,4,1,47,5,4,0,,,0.306,0.0
8,2,4,1,48,3,2,0,,,0.5903,0.0
8,2,4,1,49,5,5,1,,,0.2396,0.0
8,2,4,1,50,3,3,1,,,0.8043,0.0
8,2,4,2,1,1,6,0,,,0.2401,0.0
8,2,4,2,2,2,2,1,,,0.1267,0.0
8,2,4,2,3,4,4,1,,,0.2646,0.0
8,2,4,2,4,2,4,0,3,0,0.4598,0.2994
8,2,4,2,5,5,5,1,,,2.1532,0.0
8,2,4,2,6,5,5,1,,,0.1752,0.0
8,2,4,2,7,6,6,1,,,0.3268,0.0
8,2,4,2,8,3,3,1,,,0.1185,0.0
8,2,4,2,9,1,1,1,,,0.112,0.0
8,2,4,2,10,4,4,1,,,0.1696,0.0
8,2,4,2,11,6,6,1,,,0.1774,0.0
8,2,4,2,12,2,2,1,,,0.1673,0.0
8,2,4,2,13,6,6,1,,,0.1757,0.0
8,2,4,2,14,4,3,0,4,1,0.39,0.0725
8,2,4,2,15,3,6,0,,,0.3884,0.0
8,2,4,2,16,1,1,1,,,0.1733,0.0
8,2,4,2,17,6,6,1,,,0.1809,0.0
8,2,4,2,18,2,2,1,,,0.2043,0.0
8,2,4,2,19,2,2,1,,,0.3217,0.0
8,2,4,2,20,5,5,1,,,0.2434,0.0
8,2,4,2,21,3,3,1,,,0.2955,0.0
8,2,4,2,22,6,2,0,,,0.457,0.0
8,2,4,2,23,2,2,1,,,0.3993,0.0
8,2,4,2,24,5,6,0,,,0.1573,0.0
8,2,4,2,25,6,6,1,,,0.1278,0.0
8,2,4,2,26,4,4,1,,,0.4406,0.0
8,2,4,2,27,1,1,1,,,0.3892,0.0
8,2,4,2,28,3,6,0,2,0,0.2438,0.8292
8,2,4,2,29,4,4,1,,,0.7405,0.0
8,2,4,2,30,1,2,0,1,1,0.1478,0.6251
8,2,4,2,31,5,5,1,,,0.1979,0.0
8,2,4,2,32,3,4,0,,,0.3313,0.0
8,2,4,2,33,1,2,0,,,0.4874,0.0
8,2,4,2,34,4,4,1,,,0.6216,0.0
8,2,4,2,35,1,1,1,,,1.4586,0.0
8,2,4,2,36,4,4,1,,,0.4852,0.0
8,2,4,2,37,5,3,0,,,0.3354,0.0
8,2,4,2,38,5,5,1,,,0.075,0.0
8,2,4,2,39,6,6,1,,,0.3902,0.0
8,2,4,2,40,2,4,0,3,0,0.3085,0.2189
8,2,4,2,41,3,4,0,,,0.2202,0.0
8,2,4,2,42,1,4,0,,,0.3162,0.0
8,2,4,2,43,6,6,1,,,0.553,0.0
8,2,4,2,44,2,2,1,,,0.5286,0.0
8,2,4,2,45,4,4,1,,,0.5051,0.0
8,2,4,2,46,3,2,0,,,0.322,0.0
8,2,4,2,47,6,6,1,,,0.1438,0.0
8,2,4,2,48,3,3,1,,,0.3587,0.0
8,2,4,2,49,6,3,0,,,3.0619,0.0
8,2,4,2,50,5,5,1,,,0.6903,0.0
8,2,4,3,1,2,2,1,,,0.5462,0.0
8,2,4,3,2,3,1,0,,,0.5378,0.0
8,2,4,3,3,6,3,0,4,0,0.4287,0.2704
8,2,4,3,4,6,5,0,,,0.236,0.0
8,2,4,3,5,5,6,0,,,0.4127,0.0
8,2,4,3,6,3,4,0,,,0.4853,0.0
8,2,4,3,7,6,6,1,,,0.0749,0.0
8,2,4,3,8,3,2,0,3,1,0.2456,0.495
8,2,4,3,9,4,4,1,,,0.2483,0.0
8,2,4,3,10,4,4,1,,,0.3649,0.0
8,2,4,3,11,5,5,1,,,0.2201,0.0
8,2,4,3,12,1,1,1,,,0.4329,0.0
8,2,4,3,13,3,3,1,,,0.8456,0.0
8,2,4,3,14,1,1,1,,,0.6651,0.0
8,2,4,3,15,2,2,1,,,0.3962,0.0
8,2,4,3,16,4,3,0,4,1,0.2654,0.0504
8,2,4,3,17,2,6,0,4,0,0.51,0.9566
8,2,4,3,18,2,1,0,,,3.343,0.0
8,2,4,3,19,5,4,0,,,0.5276,0.0
8,2,4,3,20,6,4,0,,,0.9631,0.0
8,2,4,3,21,4,3,0,,,1.4293,0.0
8,2,4,3,22,2,2,1,,,0.1645,0.0
8,2,4,3,23,4,4,1,,,0.171,0.0
8,2,4,3,24,5,5,1,,,0.3231,0.0
8,2,4,3,25,2,1,0,,,0.5633,0.0
8,2,4,3,26,6,6,1,,,0.0868,0.0
8,2,4,3,27,6,2,0,,,0.9457,0.0
8,2,4,3,28,2,2,1,,,0.4674,0.0
8,2,4,3,29,3,2,0,5,0,0.3184,0.6282
8,2,4,3,30,5,5,1,,,0.2289,0.0
8,2,4,3,31,1,3,0,,,0.2495,0.0
8,2,4,3,32,5,3,0,,,0.7603,0.0
8,2,4,3,33,3,1,0,,,0.8663,0.0
8,2,4,3,34,3,5,0,2,0,1.097,1.3275
8,2,4,3,35,5,1,0,,,1.2341,0.0
8,2,4,3,36,6,6,1,,,1.9763,0.0
8,2,4,3,37,4,2,0,3,0,0.3101,1.5965
8,2,4,3,38,4,4,1,,,0.1805,0.0
8,2,4,3,39,4,4,1,,,0.2191,0.0
8,2,4,3,40,6,6,1,,,0.3518,0.0
8,2,4,3,41,1,4,0,,,0.3035,0.0
8,2,4,3,42,2,3,0,,,0.2378,0.0
8,2,4,3,43,1,4,0,,,0.3651,0.0
8,2,4,3,44,1,2,0,,,0.36,0.0
8,2,4,3,45,5,5,1,,,0.6899,0.0
8,2,4,3,46,3,3,1,,,0.1807,0.0
8,2,4,3,47,1,4,0,,,0.2666,0.0
8,2,4,3,48,1,1,1,,,0.4412,0.0
8,2,4,3,49,6,6,1,,,1.0127,0.0
8,2,4,3,50,6,6,1,,,0.2496,0.0
8,2,4,4,1,3,3,1,,,0.556,0.0
8,2,4,4,2,5,5,1,,,0.3544,0.0
8,2,4,4,3,6,6,1,,,0.1145,0.0
8,2,4,4,4,5,5,1,,,0.14,0.0
8,2,4,4,5,1,3,0,,,0.5016,0.0
8,2,4,4,6,1,6,0,1,1,0.474,0.3128
8,2,4,4,7,6,6,1,,,0.1868,0.0
8,2,4,4,8,2,5,0,,,0.2407,0.0
8,2,4,4,9,2,2,1,,,0.6245,0.0
8,2,4,4,10,5,5,1,,,0.4854,0.0
8,2,4,4,11,6,3,0,,,0.2075,0.0
8,2,4,4,12,2,4,0,3,0,0.3841,0.243
8,2,4,4,13,4,4,1,,,0.1306,0.0
8,2,4,4,14,2,5,0,,,0.1549,0.0
8,2,4,4,15,3,4,0,,,0.4304,0.0
8,2,4,4,16,6,1,0,,,0.5831,0.0
8,2,4,4,17,3,5,0,,,0.5681,0.0
8,2,4,4,18,5,4,0,,,0.1707,0.0
8,2,4,4,19,3,2,0,,,0.3333,0.0
8,2,4,4,20,2,1,0,,,2.6021,0.0
8,2,4,4,21,6,6,1,,,0.2811,0.0
8,2,4,4,22,2,2,1,,,0.5875,0.0
8,2,4,4,23,4,4,1,,,0.193,0.0
8,2,4,4,24,3,3,1,,,0.1999,0.0
8,2,4,4,25,2,4,0,,,0.1734,0.0
8,2,4,4,26,1,5,0,,,0.0955,0.0
8,2,4,4,27,6,6,1,,,0.213,0.0
8,2,4,4,28,3,3,1,,,0.2022,0.0
8,2,4,4,29,1,1,1,,,0.5281,0.0
8,2,4,4,30,5,5,1,,,0.1685,0.0
8,2,4,4,31,4,4,1,,,0.1917,0.0
8,2,4,4,32,4,4,1,,,0.4863,0.0
8,2,4,4,33,5,5,1,,,0.3206,0.0
8,2,4,4,34,2,2,1,,,0.4332,0.0
8,2,4,4,35,6,6,1,,,0.2545,0.0
8,2,4,4,36,5,4,0,3,0,0.2744,0.3135
8,2,4,4,37,6,6,1,,,0.1343,0.0
8,2,4,4,38,4,4,1,,,0.2081,0.0
8,2,4,4,39,3,4,0,2,0,0.1965,0.6886
8,2,4,4,40,1,1,1,,,0.2381,0.0
8,2,4,4,41,4,1,0,,,0.6101,0.0
8,2,4,4,42,6,6,1,,,0.7864,0.0
8,2,4,4,43,6,2,0,5,0,0.6724,0.4721
8,2,4,4,44,3,4,0,,,0.4783,0.0
8,2,4,4,45,4,4,1,,,0.5163,0.0
8,2,4,4,46,1,2,0,5,0,4.3006,0.3044
8,2,4,4,47,1,3,0,4,0,5.2454,0.2817
8,2,4,4,48,1,1,1,,,0.263,0.0
8,2,4,4,49,5,4,0,3,0,0.5863,0.3577
8,2,4,4,50,4,4,1,,,0.0797,0.0
8,2,5,1,1,6,6,1,,,0.2768,0.0
8,2,5,1,2,5,1,0,5,1,0.7275,0.3326
8,2,5,1,3,5,5,1,,,0.1411,0.0
8,2,5,1,4,6,4,0,,,0.1024,0.0
8,2,5,1,5,2,2,1,,,0.0749,0.0
8,2,5,1,6,4,4,1,,,0.1498,0.0
8,2,5,1,7,5,2,0,,,0.1266,0.0
8,2,5,1,8,6,6,1,,,0.0824,0.0
8,2,5,1,9,6,2,0,4,0,0.2534,0.3574
8,2,5,1,10,5,5,1,,,0.2248,0.0
8,2,5,1,11,3,3,1,,,0.8849,0.0
8,2,5,1,12,5,5,1,,,0.2075,0.0
8,2,5,1,13,4,1,0,3,0,0.74,0.5374
8,2,5,1,14,6,6,1,,,0.1404,0.0
8,2,5,1,15,3,3,1,,,0.5648,0.0
8,2,5,1,16,2,2,1,,,0.4278,0.0
8,2,5,1,17,5,5,1,,,0.1845,0.0
8,2,5,1,18,3,3,1,,,0.3033,0.0
8,2,5,1,19,1,3,0,5,0,1.4256,0.394
8,2,5,1,20,4,4,1,,,0.2277,0.0
8,2,5,1,21,4,1,0,,,0.2004,0.0
8,2,5,1,22,3,2,0,,,0.5054,0.0
8,2,5,1,23,6,4,0,,,0.7179,0.0
8,2,5,1,24,3,2,0,,,0.186,0.0
8,2,5,1,25,1,1,1,,,0.3802,0.0
8,2,5,1,26,4,4,1,,,0.2836,0.0
8,2,5,1,27,1,3,0,,,0.5743,0.0
8,2,5,1,28,2,2,1,,,0.3998,0.0
8,2,5,1,29,1,3,0,,,0.3816,0.0
8,2,5,1,30,4,2,0,,,0.1833,0.0
8,2,5,1,31,6,1,0,3,0,0.9693,1.1244
8,2,5,1,32,1,1,1,,,0.3677,0.0
8,2,5,1,33,2,2,1,,,0.2068,0.0
8,2,5,1,34,5,5,1,,,0.7887,0.0
8,2,5,1,35,1,2,0,,,0.3226,0.0
8,2,5,1,36,4,4,1,,,0.3667,0.0
8,2,5,1,37,1,1,1,,,0.7178,0.0
8,2,5,1,38,3,3,1,,,0.622,0.0
8,2,5,1,39,1,1,1,,,0.2753,0.0
8,2,5,1,40,5,5,1,,,0.3898,0.0
8,2,5,1,41,2,2,1,,,0.1963,0.0
8,2,5,1,42,2,2,1,,,0.2182,0.0
8,2,5,1,43,6,6,1,,,1.0232,0.0
8,2,5,1,44,2,2,1,,,0.7073,0.0
8,2,5,1,45,4,2,0,,,0.2449,0.0
8,2,5,1,46,2,2,1,,,0.1796,0.0
8,2,5,1,47,3,4,0,,,0.2509,0.0
8,2,5,1,48,3,3,1,,,0.5063,0.0
8,2,5,1,49,6,2,0,,,0.4994,0.0
8,2,5,1,50,6,4,0,,,0.9363,0.0
8,2,5,2,1,1,3,0,,,1.0024,0.0
8,2,5,2,2,4,4,1,,,0.2668,0.0
8,2,5,2,3,6,1,0,5,0,0.5104,0.3646
8,2,5,2,4,3,3,1,,,0.2151,0.0
8,2,5,2,5,2,2,1,,,0.1882,0.0
8,2,5,2,6,1,1,1,,,0.3385,0.0
8,2,5,2,7,4,3,0,,,1.1539,0.0
8,2,5,2,8,2,2,1,,,0.1736,0.0
8,2,5,2,9,5,3,0,4,0,0.5483,0.3217
8,2,5,2,10,2,2,1,,,0.3498,0.0
8,2,5,2,11,3,3,1,,,0.3659,0.0
8,2,5,2,12,1,1,1,,,0.3011,0.0
8,2,5,2,13,6,6,1,,,0.1267,0.0
8,2,5,2,14,6,5,0,,,1.0481,0.0
8,2,5,2,15,3,6,0,,,0.5187,0.0
8,2,5,2,16,4,4,1,,,0.2508,0.0
8,2,5,2,17,4,4,1,,,0.2708,0.0
8,2,5,2,18,3,2,0,,,0.242,0.0
8,2,5,2,19,6,6,1,,,0.3539,0.0
8,2,5,2,20,5,3,0,,,1.2658,0.0
8,2,5,2,21,4,2,0,,,0.2632,0.0
8,2,5,2,22,2,2,1,,,0.4698,0.0
8,2,5,2,23,6,4,0,3,0,0.1609,0.6374
8,2,5,2,24,6,6,1,,,0.1096,0.0
8,2,5,2,25,3,1,0,,,0.5822,0.0
8,2,5,2,26,1,1,1,,,0.8887,0.0
8,2,5,2,27,2,2,1,,,0.2101,0.0
8,2,5,2,28,1,1,1,,,0.6637,0.0
8,2,5,2,29,3,3,1,,,0.3626,0.0
8,2,5,2,30,2,2,1,,,0.5537,0.0
8,2,5,2,31,5,5,1,,,0.3685,0.0
8,2,5,2,32,5,4,0,3,0,0.4633,0.3837
8,2,5,2,33,5,2,0,3,0,0.7455,0.287
8,2,5,2,34,5,1,0,5,1,0.7007,0.5636
8,2,5,2,35,1,1,1,,,0.5546,0.0
8,2,5,2,36,4,4,1,,,0.1932,0.0
8,2,5,2,37,6,2,0,,,0.4552,0.0
8,2,5,2,38,1,1,1,,,0.6848,0.0
8,2,5,2,39,2,2,1,,,0.608,0.0
8,2,5,2,40,3,3,1,,,0.5165,0.0
8,2,5,2,41,1,1,1,,,0.317,0.0
8,2,5,2,42,5,1,0,,,0.43,0.0
8,2,5,2,43,6,6,1,,,0.1021,0.0
8,2,5,2,44,3,1,0,,,0.6396,0.0
8,2,5,2,45,6,6,1,,,0.9272,0.0
8,2,5,2,46,2,2,1,,,0.519,0.0
8,2,5,2,47,5,5,1,,,0.2078,0.0
8,2,5,2,48,6,1,0,,,0.7086,0.0
8,2,5,2,49,4,5,0,6,0,0.2248,0.22
8,2,5,2,50,4,3,0,,,0.4765,0.0
8,2,5,3,1,3,1,0,,,0.3184,0.0
8,2,5,3,2,5,5,1,,,0.1707,0.0
8,2,5,3,3,2,2,1,,,0.4506,0.0
8,2,5,3,4,2,2,1,,,0.2225,0.0
8,2,5,3,5,5,5,1,,,0.1141,0.0
8,2,5,3,6,4,4,1,,,0.3636,0.0
8,2,5,3,7,1,3,0,,,0.4597,0.0
8,2,5,3,8,1,6,0,1,1,1.9055,0.4867
8,2,5,3,9,1,1,1,,,0.4337,0.0
8,2,5,3,10,3,3,1,,,0.269,0.0
8,2,5,3,11,6,6,1,,,0.193,0.0
8,2,5,3,12,3,3,1,,,0.3103,0.0
8,2,5,3,13,3,2,0,5,0,0.2002,0.3711
8,2,5,3,14,5,3,0,,,0.4776,0.0
8,2,5,3,15,3,5,0,,,0.5147,0.0
8,2,5,3,16,3,2,0,3,1,0.2963,0.2551
8,2,5,3,17,1,4,0,,,0.4195,0.0
8,2,5,3,18,6,6,1,,,0.2041,0.0
8,2,5,3,19,2,2,1,,,0.3058,0.0
8,2,5,3,20,5,2,0,,,0.3236,0.0
8,2,5,3,21,1,1,1,,,0.3348,0.0
8,2,5,3,22,2,2,1,,,0.6879,0.0
8,2,5,3,23,3,3,1,,,0.4503,0.0
8,2,5,3,24,2,2,1,,,0.3653,0.0
8,2,5,3,25,5,4,0,,,0.2526,0.0
8,2,5,3,26,6,6,1,,,0.5242,0.0
8,2,5,3,27,3,3,1,,,0.2278,0.0
8,2,5,3,28,1,5,0,6,0,0.6809,0.3523
8,2,5,3,29,6,6,1,,,0.3634,0.0
8,2,5,3,30,1,1,1,,,0.4906,0.0
8,2,5,3,31,5,1,0,3,0,0.7081,0.3947
8,2,5,3,32,2,2,1,,,0.3873,0.0
8,2,5,3,33,6,6,1,,,0.2262,0.0
8,2,5,3,34,6,6,1,,,0.167,0.0
8,2,5,3,35,2,2,1,,,0.5578,0.0
8,2,5,3,36,4,4,1,,,0.2607,0.0
8,2,5,3,37,5,2,0,,,0.1046,0.0
8,2,5,3,38,6,6,1,,,0.1734,0.0
8,2,5,3,39,6,6,1,,,0.2756,0.0
8,2,5,3,40,6,2,0,,,0.614,0.0
8,2,5,3,41,4,4,1,,,0.2311,0.0
8,2,5,3,42,2,3,0,,,0.3638,0.0
8,2,5,3,43,4,4,1,,,0.6787,0.0
8,2,5,3,44,6,3,0,,,0.5844,0.0
8,2,5,3,45,4,4,1,,,0.7295,0.0
8,2,5,3,46,4,4,1,,,0.4744,0.0
8,2,5,3,47,5,5,1,,,0.9166,0.0
8,2,5,3,48,1,5,0,,,1.2613,0.0
8,2,5,3,49,4,4,1,,,0.3867,0.0
8,2,5,3,50,4,4,1,,,0.3217,0.0
8,2,5,4,1,5,5,1,,,0.2079,0.0
8,2,5,4,2,1,3,0,2,0,0.2453,0.3823
8,2,5,4,3,1,1,1,,,0.2325,0.0
8,2,5,4,4,2,2,1,,,0.3333,0.0
8,2,5,4,5,5,5,1,,,0.2535,0.0
8,2,5,4,6,6,2,0,3,0,0.322,1.0
8,2,5,4,7,1,1,1,,,0.2323,0.0
8,2,5,4,8,1,1,1,,,0.2531,0.0
8,2,5,4,9,5,5,1,,,0.2726,0.0
8,2,5,4,10,6,6,1,,,0.1797,0.0
8,2,5,4,11,1,1,1,,,0.2187,0.0
8,2,5,4,12,4,4,1,,,0.6078,0.0
8,2,5,4,13,4,5,0,3,0,1.4449,0.7161
8,2,5,4,14,6,6,1,,,0.2007,0.0
8,2,5,4,15,1,1,1,,,0.2871,0.0
8,2,5,4,16,4,4,1,,,0.449,0.0
8,2,5,4,17,1,6,0,5,0,0.2528,0.8864
8,2,5,4,18,5,5,1,,,0.2668,0.0
8,2,5,4,19,5,4,0,,,0.4302,0.0
8,2,5,4,20,6,6,1,,,0.1181,0.0
8,2,5,4,21,6,2,0,,,0.5114,0.0
8,2,5,4,22,3,4,0,,,0.3568,0.0
8,2,5,4,23,3,3,1,,,0.3182,0.0
8,2,5,4,24,2,2,1,,,0.4964,0.0
8,2,5,4,25,6,6,1,,,0.154,0.0
8,2,5,4,26,3,4,0,3,1,0.2583,0.0898
8,2,5,4,27,6,6,1,,,0.1647,0.0
8,2,5,4,28,3,3,1,,,0.6514,0.0
8,2,5,4,29,4,4,1,,,0.4471,0.0
8,2,5,4,30,2,3,0,,,0.4911,0.0
8,2,5,4,31,3,5,0,2,0,0.6409,0.2488
8,2,5,4,32,5,4,0,3,0,0.1842,0.3087
8,2,5,4,33,6,2,0,,,0.3366,0.0
8,2,5,4,34,3,3,1,,,0.429,0.0
8,2,5,4,35,2,2,1,,,0.5855,0.0
8,2,5,4,36,5,1,0,,,0.2078,0.0
8,2,5,4,37,3,3,1,,,0.4318,0.0
8,2,5,4,38,2,4,0,6,0,0.7168,0.8668
8,2,5,4,39,2,4,0,3,0,0.4402,0.3296
8,2,5,4,40,3,3,1,,,0.1648,0.0
8,2,5,4,41,4,4,1,,,0.4613,0.0
8,2,5,4,42,5,4,0,,,0.6477,0.0
8,2,5,4,43,6,3,0,,,0.1181,0.0
8,2,5,4,44,4,4,1,,,0.6506,0.0
8,2,5,4,45,6,2,0,,,0.7985,0.0
8,2,5,4,46,2,4,0,3,0,0.5987,0.3221
8,2,5,4,47,4,4,1,,,0.5106,0.0
8,2,5,4,48,2,2,1,,,0.6811,0.0
8,2,5,4,49,4,3,0,4,1,0.3303,0.0008
8,2,5,4,50,1,1,1,,,0.3673,0.0
8,3,1,1,1,5,5,1,,,0.594,0.0
8,3,1,1,2,3,4,0,,,0.3435,0.0
8,3,1,1,3,6,6,1,,,0.1147,0.0
8,3,1,1,4,4,3,0,,,0.2037,0.0
8,3,1,1,5,3,1,0,5,0,0.6054,0.9196
8,3,1,1,6,1,6,0,,,0.4125,0.0
8,3,1,1,7,1,5,0,1,1,0.8679,0.4843
8,3,1,1,8,5,5,1,,,0.9589,0.0
8,3,1,1,9,1,6,0,,,0.3418,0.0
8,3,1,1,10,2,2,1,,,0.2416,0.0
8,3,1,1,11,4,4,1,,,0.2937,0.0
8,3,1,1,12,2,2,1,,,0.2485,0.0
8,3,1,1,13,6,6,1,,,0.2533,0.0
8,3,1,1,14,1,5,0,,,1.152,0.0
8,3,1,1,15,4,4,1,,,0.3146,0.0
8,3,1,1,16,4,4,1,,,0.4441,0.0
8,3,1,1,17,4,4,1,,,0.264,0.0
8,3,1,1,18,1,1,1,,,0.3476,0.0
8,3,1,1,19,4,2,0,5,0,0.6039,0.5975
8,3,1,1,20,3,3,1,,,0.1826,0.0
8,3,1,1,21,3,3,1,,,0.542,0.0
8,3,1,1,22,1,6,0,1,1,0.4542,0.9828
8,3,1,1,23,5,1,0,3,0,0.6361,0.2299
8,3,1,1,24,6,6,1,,,0.1172,0.0
8,3,1,1,25,6,5,0,4,0,0.7028,0.2926
8,3,1,1,26,6,6,1,,,0.1791,0.0
8,3,1,1,27,5,4,0,,,1.1143,0.0
8,3,1,1,28,1,1,1,,,0.1988,0.0
8,3,1,1,29,6,2,0,,,0.3965,0.0
8,3,1,1,30,2,2,1,,,0.2935,0.0
8,3,1,1,31,6,6,1,,,0.3915,0.0
8,3,1,1,32,2,2,1,,,0.2305,0.0
8,3,1,1,33,2,3,0,4,0,0.2192,0.5332
8,3,1,1,34,4,4,1,,,0.2017,0.0
8,3,1,1,35,6,5,0,,,0.8637,0.0
8,3,1,1,36,5,4,0,,,0.9977,0.0
8,3,1,1,37,5,6,0,,,0.182,0.0
8,3,1,1,38,5,5,1,,,0.1996,0.0
8,3,1,1,39,6,6,1,,,0.2377,0.0
8,3,1,1,40,3,2,0,,,0.3703,0.0
8,3,1,1,41,2,2,1,,,0.2367,0.0
8,3,1,1,42,1,1,1,,,0.1621,0.0
8,3,1,1,43,5,3,0,,,0.4256,0.0
8,3,1,1,44,4,3,0,,,0.9942,0.0
8,3,1,1,45,3,5,0,,,0.5313,0.0
8,3,1,1,46,3,3,1,,,0.3749,0.0
8,3,1,1,47,2,2,1,,,0.1191,0.0
8,3,1,1,48,3,1,0,,,0.1759,0.0
8,3,1,1,49,6,6,1,,,0.0185,0.0
8,3,1,1,50,2,2,1,,,0.2722,0.0
8,3,1,2,1,6,6,1,,,0.0655,0.0
8,3,1,2,2,2,2,1,,,0.1086,0.0
8,3,1,2,3,1,1,1,,,0.0555,0.0
8,3,1,2,4,5,6,0,,,0.1951,0.0
8,3,1,2,5,6,6,1,,,0.1012,0.0
8,3,1,2,6,5,5,1,,,0.1432,0.0
8,3,1,2,7,1,1,1,,,1.0153,0.0
8,3,1,2,8,6,6,1,,,0.1555,0.0
8,3,1,2,9,5,2,0,,,0.7717,0.0
8,3,1,2,10,2,2,1,,,0.2219,0.0
8,3,1,2,11,1,1,1,,,0.3553,0.0
8,3,1,2,12,5,5,1,,,0.8349,0.0
8,3,1,2,13,1,5,0,,,0.8948,0.0
8,3,1,2,14,6,6,1,,,0.2124,0.0
8,3,1,2,15,1,3,0,,,0.1854,0.0
8,3,1,2,16,1,1,1,,,0.1877,0.0
8,3,1,2,17,4,4,1,,,0.1458,0.0
8,3,1,2,18,3,3,1,,,0.4586,0.0
8,3,1,2,19,3,5,0,3,1,1.1584,0.8575
8,3,1,2,20,2,2,1,,,0.4529,0.0
8,3,1,2,21,5,5,1,,,0.2246,0.0
8,3,1,2,22,3,3,1,,,0.2455,0.0
8,3,1,2,23,6,6,1,,,0.4263,0.0
8,3,1,2,24,3,3,1,,,0.5186,0.0
8,3,1,2,25,6,6,1,,,0.2561,0.0
8,3,1,2,26,6,5,0,,,0.6602,0.0
8,3,1,2,27,6,6,1,,,0.1792,0.0
8,3,1,2,28,5,5,1,,,0.3612,0.0
8,3,1,2,29,6,6,1,,,0.1692,0.0
8,3,1,2,30,3,3,1,,,0.5449,0.0
8,3,1,2,31,1,1,1,,,0.5684,0.0
8,3,1,2,32,4,4,1,,,0.6721,0.0
8,3,1,2,33,4,4,1,,,0.5308,0.0
8,3,1,2,34,2,2,1,,,0.3631,0.0
8,3,1,2,35,2,5,0,,,0.2336,0.0
8,3,1,2,36,5,5,1,,,0.5375,0.0
8,3,1,2,37,2,4,0,3,0,0.4348,0.611
8,3,1,2,38,4,1,0,2,0,0.2751,0.7
8,3,1,2,39,3,3,1,,,0.3279,0.0
8,3,1,2,40,1,1,1,,,0.1382,0.0
8,3,1,2,41,4,4,1,,,0.5943,0.0
8,3,1,2,42,2,2,1,,,0.2326,0.0
8,3,1,2,43,4,1,0,,,0.3342,0.0
8,3,1,2,44,5,5,1,,,0.121,0.0
8,3,1,2,45,4,4,1,,,0.179,0.0
8,3,1,2,46,3,1,0,,,0.5699,0.0
8,3,1,2,47,3,3,1,,,1.6599,0.0
8,3,1,2,48,6,6,1,,,0.231,0.0
8,3,1,2,49,4,4,1,,,0.6028,0.0
8,3,1,2,50,2,2,1,,,0.2085,0.0
8,3,1,3,1,2,2,1,,,0.3884,0.0
8,3,1,3,2,6,6,1,,,0.0829,0.0
8,3,1,3,3,4,4,1,,,0.9742,0.0
8,3,1,3,4,4,3,0,,,1.2366,0.0
8,3,1,3,5,6,5,0,3,0,0.9876,0.6291
8,3,1,3,6,4,4,1,,,0.229,0.0
8,3,1,3,7,4,3,0,,,1.6414,0.0
8,3,1,3,8,6,6,1,,,0.0961,0.0
8,3,1,3,9,3,3,1,,,0.7944,0.0
8,3,1,3,10,1,1,1,,,0.457,0.0
8,3,1,3,11,6,6,1,,,0.1639,0.0
8,3,1,3,12,1,1,1,,,0.4286,0.0
8,3,1,3,13,4,4,1,,,0.2172,0.0
8,3,1,3,14,5,3,0,5,1,1.1185,0.5946
8,3,1,3,15,5,1,0,,,0.4569,0.0
8,3,1,3,16,5,5,1,,,0.1447,0.0
8,3,1,3,17,1,1,1,,,0.1691,0.0
8,3,1,3,18,3,3,1,,,0.5135,0.0
8,3,1,3,19,2,2,1,,,0.25,0.0
8,3,1,3,20,3,4,0,,,0.2542,0.0
8,3,1,3,21,4,5,0,,,1.037,0.0
8,3,1,3,22,6,6,1,,,0.2998,0.0
8,3,1,3,23,6,6,1,,,0.7662,0.0
8,3,1,3,24,4,4,1,,,0.2207,0.0
8,3,1,3,25,2,2,1,,,0.2258,0.0
8,3,1,3,26,2,1,0,3,0,0.6162,0.802
8,3,1,3,27,6,6,1,,,0.1062,0.0
8,3,1,3,28,1,1,1,,,0.1334,0.0
8,3,1,3,29,1,1,1,,,0.142,0.0
8,3,1,3,30,5,1,0,,,1.447,0.0
8,3,1,3,31,5,4,0,,,0.8848,0.0
8,3,1,3,32,3,3,1,,,0.4258,0.0
8,3,1,3,33,3,1,0,,,0.2473,0.0
8,3,1,3,34,2,2,1,,,0.6139,0.0
8,3,1,3,35,6,6,1,,,0.2507,0.0
8,3,1,3,36,2,2,1,,,0.2716,0.0
8,3,1,3,37,3,3,1,,,0.467,0.0
8,3,1,3,38,2,1,0,,,0.2542,0.0
8,3,1,3,39,3,3,1,,,2.3972,0.0
8,3,1,3,40,5,1,0,,,0.3617,0.0
8,3,1,3,41,5,3,0,,,0.7081,0.0
8,3,1,3,42,1,1,1,,,0.3526,0.0
8,3,1,3,43,5,6,0,,,0.3208,0.0
8,3,1,3,44,4,4,1,,,0.1731,0.0
8,3,1,3,45,2,3,0,,,0.3411,0.0
8,3,1,3,46,1,1,1,,,0.2243,0.0
8,3,1,3,47,3,3,1,,,0.1815,0.0
8,3,1,3,48,1,1,1,,,0.364,0.0
8,3,1,3,49,6,6,1,,,0.1719,0.0
8,3,1,3,50,6,6,1,,,0.1307,0.0
8,3,1,4,1,2,2,1,,,0.2655,0.0
8,3,1,4,2,2,2,1,,,0.3013,0.0
8,3,1,4,3,1,1,1,,,0.1103,0.0
8,3,1,4,4,6,6,1,,,0.0888,0.0
8,3,1,4,5,6,6,1,,,0.1159,0.0
8,3,1,4,6,4,4,1,,,0.3809,0.0
8,3,1,4,7,5,5,1,,,0.1074,0.0
8,3,1,4,8,1,1,1,,,0.262,0.0
8,3,1,4,9,6,2,0,,,0.6484,0.0
8,3,1,4,10,5,5,1,,,0.2483,0.0
8,3,1,4,11,1,1,1,,,0.1393,0.0
8,3,1,4,12,3,5,0,2,0,0.533,0.3069
8,3,1,4,13,3,3,1,,,0.7522,0.0
8,3,1,4,14,1,1,1,,,0.0949,0.0
8,3,1,4,15,4,4,1,,,0.2652,0.0
8,3,1,4,16,6,2,0,3,0,0.9879,0.4711
8,3,1,4,17,4,4,1,,,0.1101,0.0
8,3,1,4,18,1,1,1,,,0.264,0.0
8,3,1,4,19,5,6,0,3,0,0.5708,0.9031
8,3,1,4,20,2,2,1,,,1.6435,0.0
8,3,1,4,21,1,1,1,,,0.6471,0.0
8,3,1,4,22,1,6,0,,,0.4742,0.0
8,3,1,4,23,6,6,1,,,0.4638,0.0
8,3,1,4,24,6,6,1,,,0.1716,0.0
8,3,1,4,25,5,5,1,,,0.9311,0.0
8,3,1,4,26,3,4,0,,,0.2509,0.0
8,3,1,4,27,4,4,1,,,0.2663,0.0
8,3,1,4,28,6,6,1,,,0.0936,0.0
8,3,1,4,29,3,3,1,,,0.4884,0.0
8,3,1,4,30,5,6,0,,,0.2101,0.0
8,3,1,4,31,2,2,1,,,0.3715,0.0
8,3,1,4,32,5,5,1,,,0.1308,0.0
8,3,1,4,33,1,5,0,3,0,0.6035,0.6781
8,3,1,4,34,3,3,1,,,0.275,0.0
8,3,1,4,35,3,3,1,,,0.3267,0.0
8,3,1,4,36,6,2,0,5,0,0.775,0.1716
8,3,1,4,37,3,1,0,,,0.1896,0.0
8,3,1,4,38,4,4,1,,,0.1765,0.0
8,3,1,4,39,5,5,1,,,0.2949,0.0
8,3,1,4,40,4,4,1,,,0.2818,0.0
8,3,1,4,41,2,3,0,5,0,0.5239,0.7616
8,3,1,4,42,3,3,1,,,0.3084,0.0
8,3,1,4,43,2,2,1,,,0.4693,0.0
8,3,1,4,44,6,6,1,,,0.2567,0.0
8,3,1,4,45,4,4,1,,,0.5009,0.0
8,3,1,4,46,2,3,0,,,0.7341,0.0
8,3,1,4,47,5,5,1,,,0.2183,0.0
8,3,1,4,48,6,3,0,,,0.5434,0.0
8,3,1,4,49,4,4,1,,,0.2592,0.0
8,3,1,4,50,2,2,1,,,0.2309,0.0
8,3,2,1,1,1,1,1,,,0.1827,0.0
8,3,2,1,2,4,4,1,,,0.0777,0.0
8,3,2,1,3,2,2,1,,,0.2969,0.0
8,3,2,1,4,3,3,1,,,0.666,0.0
8,3,2,1,5,4,4,1,,,0.2854,0.0
8,3,2,1,6,3,3,1,,,0.4951,0.0
8,3,2,1,7,3,3,1,,,0.2974,0.0
8,3,2,1,8,6,1,0,,,0.5397,0.0
8,3,2,1,9,6,6,1,,,0.2074,0.0
8,3,2,1,10,4,3,0,,,0.2451,0.0
8,3,2,1,11,2,2,1,,,0.1485,0.0
8,3,2,1,12,1,4,0,2,0,0.605,0.5031
8,3,2,1,13,1,3,0,,,0.7957,0.0
8,3,2,1,14,5,5,1,,,0.1642,0.0
8,3,2,1,15,6,3,0,5,0,0.2195,0.5666
8,3,2,1,16,6,5,0,,,0.873,0.0
8,3,2,1,17,5,3,0,,,0.4788,0.0
8,3,2,1,18,1,1,1,,,0.5327,0.0
8,3,2,1,19,4,3,0,4,1,0.3486,0.6899
8,3,2,1,20,4,4,1,,,0.2763,0.0
8,3,2,1,21,4,3,0,,,1.1917,0.0
8,3,2,1,22,6,6,1,,,0.1443,0.0
8,3,2,1,23,2,2,1,,,1.4172,0.0
8,3,2,1,24,3,3,1,,,0.5091,0.0
8,3,2,1,25,1,1,1,,,0.4711,0.0
8,3,2,1,26,5,2,0,,,0.4183,0.0
8,3,2,1,27,1,3,0,,,2.075,0.0
8,3,2,1,28,6,3,0,,,0.2555,0.0
8,3,2,1,29,6,6,1,,,0.079,0.0
8,3,2,1,30,6,6,1,,,0.1694,0.0
8,3,2,1,31,2,2,1,,,0.4325,0.0
8,3,2,1,32,3,3,1,,,0.2213,0.0
8,3,2,1,33,3,3,1,,,0.242,0.0
8,3,2,1,34,5,5,1,,,0.2641,0.0
8,3,2,1,35,6,6,1,,,0.2505,0.0
8,3,2,1,36,2,2,1,,,0.5585,0.0
8,3,2,1,37,1,4,0,,,0.6298,0.0
8,3,2,1,38,2,2,1,,,0.1664,0.0
8,3,2,1,39,4,2,0,,,0.3331,0.0
8,3,2,1,40,6,2,0,5,0,0.7288,0.5106
8,3,2,1,41,2,2,1,,,0.4841,0.0
8,3,2,1,42,3,4,0,3,1,0.9269,0.2681
8,3,2,1,43,3,6,0,,,0.1914,0.0
8,3,2,1,44,5,3,0,2,0,0.5923,0.4434
8,3,2,1,45,4,3,0,5,0,1.1389,0.8557
8,3,2,1,46,2,3,0,4,0,0.3345,0.6595
8,3,2,1,47,1,1,1,,,0.179,0.0
8,3,2,1,48,5,5,1,,,0.1851,0.0
8,3,2,1,49,5,5,1,,,0.3514,0.0
8,3,2,1,50,5,5,1,,,0.3515,0.0
8,3,2,2,1,1,5,0,,,0.2367,0.0
8,3,2,2,2,5,5,1,,,0.0939,0.0
8,3,2,2,3,3,1,0,3,1,0.1837,0.8198
8,3,2,2,4,5,6,0,,,0.3048,0.0
8,3,2,2,5,3,3,1,,,0.1098,0.0
8,3,2,2,6,4,4,1,,,0.2962,0.0
8,3,2,2,7,5,1,0,5,1,0.106,0.6003
8,3,2,2,8,5,3,0,5,1,0.1421,0.4117
8,3,2,2,9,1,1,1,,,0.1681,0.0
8,3,2,2,10,2,2,1,,,0.2561,0.0
8,3,2,2,11,1,1,1,,,0.2765,0.0
8,3,2,2,12,2,2,1,,,0.2152,0.0
8,3,2,2,13,4,4,1,,,0.381,0.0
8,3,2,2,14,3,3,1,,,0.2675,0.0
8,3,2,2,15,4,4,1,,,0.222,0.0
8,3,2,2,16,2,2,1,,,0.2116,0.0
8,3,2,2,17,4,3,0,4,1,0.1689,0.3252
8,3,2,2,18,3,3,1,,,0.582,0.0
8,3,2,2,19,5,3,0,2,0,0.3647,0.3695
8,3,2,2,20,5,6,0,,,0.2518,0.0
8,3,2,2,21,4,4,1,,,0.3791,0.0
8,3,2,2,22,4,2,0,3,0,0.2017,0.2922
8,3,2,2,23,3,6,0,3,1,0.1139,0.3701
8,3,2,2,24,6,6,1,,,0.2252,0.0
8,3,2,2,25,2,2,1,,,0.1813,0.0
8,3,2,2,26,5,5,1,,,1.0045,0.0
8,3,2,2,27,3,6,0,5,0,0.7694,0.757
8,3,2,2,28,2,2,1,,,0.192,0.0
8,3,2,2,29,4,3,0,,,0.6148,0.0
8,3,2,2,30,1,4,0,3,0,0.1665,0.2439
8,3,2,2,31,6,6,1,,,0.4992,0.0
8,3,2,2,32,1,2,0,1,1,0.541,0.2014
8,3,2,2,33,6,3,0,2,0,0.2557,0.4722
8,3,2,2,34,6,6,1,,,0.1272,0.0
8,3,2,2,35,2,3,0,,,0.9046,0.0
8,3,2,2,36,6,6,1,,,0.1098,0.0
8,3,2,2,37,1,1,1,,,0.4548,0.0
8,3,2,2,38,4,4,1,,,0.5311,0.0
8,3,2,2,39,5,5,1,,,0.9063,0.0
8,3,2,2,40,6,6,1,,,0.4036,0.0
8,3,2,2,41,6,6,1,,,0.2417,0.0
8,3,2,2,42,6,6,1,,,0.231,0.0
8,3,2,2,43,2,2,1,,,0.1866,0.0
8,3,2,2,44,1,1,1,,,0.2097,0.0
8,3,2,2,45,6,6,1,,,0.1357,0.0
8,3,2,2,46,3,1,0,,,0.6402,0.0
8,3,2,2,47,6,6,1,,,0.2083,0.0
8,3,2,2,48,2,3,0,,,0.7424,0.0
8,3,2,2,49,3,6,0,5,0,0.1938,0.7331
8,3,2,2,50,1,1,1,,,0.2806,0.0
8,3,2,3,1,6,2,0,,,0.2656,0.0
8,3,2,3,2,1,5,0,,,0.0876,0.0
8,3,2,3,3,4,4,1,,,0.2865,0.0
8,3,2,3,4,4,4,1,,,0.1285,0.0
8,3,2,3,5,2,5,0,,,0.1863,0.0
8,3,2,3,6,3,1,0,3,1,0.7,0.4195
8,3,2,3,7,5,5,1,,,0.2236,0.0
8,3,2,3,8,2,2,1,,,0.2139,0.0
8,3,2,3,9,2,2,1,,,0.1554,0.0
8,3,2,3,10,6,1,0,,,0.3224,0.0
8,3,2,3,11,3,3,1,,,0.3031,0.0
8,3,2,3,12,2,2,1,,,0.2415,0.0
8,3,2,3,13,1,1,1,,,0.1015,0.0
8,3,2,3,14,3,3,1,,,0.2399,0.0
8,3,2,3,15,6,6,1,,,0.1013,0.0
8,3,2,3,16,6,6,1,,,0.4953,0.0
8,3,2,3,17,4,4,1,,,0.5521,0.0
8,3,2,3,18,1,6,0,5,0,0.2246,0.4107
8,3,2,3,19,6,3,0,,,0.7706,0.0
8,3,2,3,20,4,4,1,,,0.2685,0.0
8,3,2,3,21,5,5,1,,,0.1918,0.0
8,3,2,3,22,6,6,1,,,0.2466,0.0
8,3,2,3,23,5,4,0,,,1.195,0.0
8,3,2,3,24,4,4,1,,,0.259,0.0
8,3,2,3,25,2,2,1,,,0.2791,0.0
8,3,2,3,26,3,1,0,,,0.3773,0.0
8,3,2,3,27,5,2,0,,,0.2268,0.0
8,3,2,3,28,1,1,1,,,0.1469,0.0
8,3,2,3,29,5,1,0,5,1,0.7478,0.3365
8,3,2,3,30,6,5,0,,,0.5606,0.0
8,3,2,3,31,4,3,0,,,0.5306,0.0
8,3,2,3,32,6,4,0,,,0.2634,0.0
8,3,2,3,33,5,5,1,,,0.2294,0.0
8,3,2,3,34,3,3,1,,,0.5377,0.0
8,3,2,3,35,2,2,1,,,0.1779,0.0
8,3,2,3,36,4,4,1,,,0.2978,0.0
8,3,2,3,37,6,3,0,,,0.4752,0.0
8,3,2,3,38,2,2,1,,,0.3059,0.0
8,3,2,3,39,1,1,1,,,0.1789,0.0
8,3,2,3,40,4,4,1,,,0.3147,0.0
8,3,2,3,41,5,6,0,,,0.6028,0.0
8,3,2,3,42,1,1,1,,,0.973,0.0
8,3,2,3,43,3,2,0,,,0.6428,0.0
8,3,2,3,44,5,5,1,,,0.6107,0.0
8,3,2,3,45,6,6,1,,,0.1358,0.0
8,3,2,3,46,1,1,1,,,0.2415,0.0
8,3,2,3,47,3,3,1,,,0.2935,0.0
8,3,2,3,48,2,3,0,,,0.3277,0.0
8,3,2,3,49,3,2,0,,,0.6594,0.0
8,3,2,3,50,1,2,0,,,0.4664,0.0
8,3,2,4,1,3,1,0,,,0.5665,0.0
8,3,2,4,2,5,3,0,,,0.1853,0.0
8,3,2,4,3,6,6,1,,,0.2356,0.0
8,3,2,4,4,4,3,0,,,0.2079,0.0
8,3,2,4,5,2,2,1,,,0.2088,0.0
8,3,2,4,6,5,6,0,,,0.2465,0.0
8,3,2,4,7,5,4,0,,,0.7268,0.0
8,3,2,4,8,6,6,1,,,0.1298,0.0
8,3,2,4,9,6,5,0,,,0.1235,0.0
8,3,2,4,10,3,6,0,3,1,0.1436,1.1646
8,3,2,4,11,1,1,1,,,0.507,0.0
8,3,2,4,12,4,4,1,,,0.1814,0.0
8,3,2,4,13,3,3,1,,,0.1554,0.0
8,3,2,4,14,6,1,0,5,0,1.0122,0.3023
8,3,2,4,15,4,2,0,,,0.2192,0.0
8,3,2,4,16,1,1,1,,,0.1236,0.0
8,3,2,4,17,5,3,0,5,1,0.5176,0.3069
8,3,2,4,18,2,2,1,,,0.2447,0.0
8,3,2,4,19,2,5,0,3,0,0.2808,0.5126
8,3,2,4,20,1,1,1,,,0.3095,0.0
8,3,2,4,21,4,4,1,,,0.2943,0.0
8,3,2,4,22,2,4,0,,,1.3048,0.0
8,3,2,4,23,3,2,0,,,0.4293,0.0
8,3,2,4,24,2,2,1,,,0.1965,0.0
8,3,2,4,25,5,5,1,,,0.1862,0.0
8,3,2,4,26,6,6,1,,,0.1138,0.0
8,3,2,4,27,5,2,0,,,0.4109,0.0
8,3,2,4,28,3,1,0,,,0.3076,0.0
8,3,2,4,29,4,3,0,4,1,0.5757,0.2994
8,3,2,4,30,1,5,0,1,1,0.3332,0.5479
8,3,2,4,31,3,3,1,,,0.2506,0.0
8,3,2,4,32,1,1,1,,,0.4957,0.0
8,3,2,4,33,2,2,1,,,0.2007,0.0
8,3,2,4,34,4,4,1,,,0.1912,0.0
8,3,2,4,35,2,5,0,,,0.278,0.0
8,3,2,4,36,1,1,1,,,0.148,0.0
8,3,2,4,37,6,4,0,3,0,1.1969,0.143
8,3,2,4,38,1,1,1,,,0.1635,0.0
8,3,2,4,39,6,6,1,,,0.2981,0.0
8,3,2,4,40,4,3,0,2,0,1.1644,0.7198
8,3,2,4,41,5,5,1,,,0.4607,0.0
8,3,2,4,42,6,6,1,,,0.1358,0.0
8,3,2,4,43,6,6,1,,,0.2718,0.0
8,3,2,4,44,3,2,0,,,0.1949,0.0
8,3,2,4,45,4,4,1,,,0.1482,0.0
8,3,2,4,46,6,3,0,,,1.8523,0.0
8,3,2,4,47,3,3,1,,,0.3789,0.0
8,3,2,4,48,5,6,0,,,0.6482,0.0
8,3,2,4,49,1,2,0,3,0,0.6315,0.4657
8,3,2,4,50,2,2,1,,,0.1998,0.0
8,3,3,1,1,5,4,0,,,0.4331,0.0
8,3,3,1,2,5,5,1,,,0.2969,0.0
8,3,3,1,3,5,3,0,6,0,0.4433,1.2123
8,3,3,1,4,4,4,1,,,0.2451,0.0
8,3,3,1,5,6,6,1,,,0.1838,0.0
8,3,3,1,6,6,6,1,,,0.1751,0.0
8,3,3,1,7,1,5,0,,,0.3256,0.0
8,3,3,1,8,6,1,0,,,0.7379,0.0
8,3,3,1,9,4,4,1,,,0.1409,0.0
8,3,3,1,10,1,4,0,,,0.326,0.0
8,3,3,1,11,6,1,0,,,0.1308,0.0
8,3,3,1,12,6,6,1,,,0.2948,0.0
8,3,3,1,13,3,6,0,,,0.2,0.0
8,3,3,1,14,4,4,1,,,0.4577,0.0
8,3,3,1,15,1,1,1,,,0.806,0.0
8,3,3,1,16,3,3,1,,,0.3078,0.0
8,3,3,1,17,6,6,1,,,0.2293,0.0
8,3,3,1,18,5,5,1,,,0.6175,0.0
8,3,3,1,19,6,6,1,,,0.4302,0.0
8,3,3,1,20,2,2,1,,,0.3152,0.0
8,3,3,1,21,1,1,1,,,0.7157,0.0
8,3,3,1,22,1,4,0,,,0.4455,0.0
8,3,3,1,23,6,6,1,,,0.1163,0.0
8,3,3,1,24,2,2,1,,,0.1738,0.0
8,3,3,1,25,3,5,0,,,0.0851,0.0
8,3,3,1,26,6,6,1,,,0.7952,0.0
8,3,3,1,27,2,2,1,,,0.264,0.0
8,3,3,1,28,2,2,1,,,0.4752,0.0
8,3,3,1,29,1,1,1,,,0.1826,0.0
8,3,3,1,30,4,4,1,,,0.3494,0.0
8,3,3,1,31,3,3,1,,,0.5573,0.0
8,3,3,1,32,3,2,0,,,0.5975,0.0
8,3,3,1,33,4,4,1,,,0.6459,0.0
8,3,3,1,34,6,3,0,,,0.8577,0.0
8,3,3,1,35,5,5,1,,,0.1433,0.0
8,3,3,1,36,2,2,1,,,0.1677,0.0
8,3,3,1,37,2,2,1,,,0.3515,0.0
8,3,3,1,38,3,2,0,,,0.6071,0.0
8,3,3,1,39,2,2,1,,,0.2554,0.0
8,3,3,1,40,5,2,0,,,0.2443,0.0
8,3,3,1,41,5,2,0,,,0.8031,0.0
8,3,3,1,42,1,1,1,,,0.3638,0.0
8,3,3,1,43,2,2,1,,,0.2029,0.0
8,3,3,1,44,3,3,1,,,0.401,0.0
8,3,3,1,45,4,4,1,,,0.2394,0.0
8,3,3,1,46,4,4,1,,,0.788,0.0
8,3,3,1,47,3,3,1,,,0.4339,0.0
8,3,3,1,48,5,5,1,,,0.1098,0.0
8,3,3,1,49,1,5,0,,,0.8878,0.0
8,3,3,1,50,4,3,0,,,1.2288,0.0
8,3,3,2,1,2,2,1,,,0.2257,0.0
8,3,3,2,2,6,4,0,,,0.391,0.0
8,3,3,2,3,5,5,1,,,0.1282,0.0
8,3,3,2,4,6,6,1,,,0.074,0.0
8,3,3,2,5,6,6,1,,,0.1816,0.0
8,3,3,2,6,2,2,1,,,0.0444,0.0
8,3,3,2,7,3,1,0,,,0.1677,0.0
8,3,3,2,8,1,3,0,,,0.0591,0.0
8,3,3,2,9,3,5,0,,,0.3693,0.0
8,3,3,2,10,5,5,1,,,0.5248,0.0
8,3,3,2,11,4,3,0,,,0.1655,0.0
8,3,3,2,12,2,5,0,6,0,0.1676,0.4044
8,3,3,2,13,3,1,0,,,0.2219,0.0
8,3,3,2,14,5,5,1,,,1.9504,0.0
8,3,3,2,15,1,1,1,,,0.1406,0.0
8,3,3,2,16,6,3,0,,,0.2608,0.0
8,3,3,2,17,3,3,1,,,0.3244,0.0
8,3,3,2,18,4,4,1,,,0.1336,0.0
8,3,3,2,19,3,5,0,,,0.3335,0.0
8,3,3,2,20,4,3,0,,,0.6335,0.0
8,3,3,2,21,5,3,0,,,0.7132,0.0
8,3,3,2,22,1,1,1,,,0.1654,0.0
8,3,3,2,23,4,4,1,,,0.2048,0.0
8,3,3,2,24,6,6,1,,,0.163,0.0
8,3,3,2,25,4,5,0,,,0.5231,0.0
8,3,3,2,26,3,4,0,,,0.4468,0.0
8,3,3,2,27,6,6,1,,,0.1026,0.0
8,3,3,2,28,2,2,1,,,0.4321,0.0
8,3,3,2,29,1,1,1,,,0.2531,0.0
8,3,3,2,30,5,3,0,,,0.8013,0.0
8,3,3,2,31,5,5,1,,,0.1368,0.0
8,3,3,2,32,5,5,1,,,0.1146,0.0
8,3,3,2,33,3,3,1,,,0.8114,0.0
8,3,3,2,34,1,5,0,1,1,1.8327,0.2082
8,3,3,2,35,6,6,1,,,0.1344,0.0
8,3,3,2,36,4,4,1,,,0.2869,0.0
8,3,3,2,37,4,4,1,,,0.4653,0.0
8,3,3,2,38,2,2,1,,,0.4599,0.0
8,3,3,2,39,6,5,0,,,0.7271,0.0
8,3,3,2,40,1,5,0,,,0.2262,0.0
8,3,3,2,41,1,4,0,,,0.5475,0.0
8,3,3,2,42,5,5,1,,,0.2939,0.0
8,3,3,2,43,3,3,1,,,0.3119,0.0
8,3,3,2,44,2,2,1,,,0.265,0.0
8,3,3,2,45,4,5,0,3,0,0.3811,0.4322
8,3,3,2,46,2,2,1,,,0.3287,0.0
8,3,3,2,47,6,2,0,,,0.4722,0.0
8,3,3,2,48,6,1,0,,,0.2394,0.0
8,3,3,2,49,2,2,1,,,0.1913,0.0
8,3,3,2,50,1,1,1,,,0.5505,0.0
8,3,3,3,1,5,1,0,,,0.3633,0.0
8,3,3,3,2,5,1,0,,,0.3581,0.0
8,3,3,3,3,6,1,0,,,0.736,0.0
8,3,3,3,4,4,2,0,4,1,0.3639,0.5124
8,3,3,3,5,6,1,0,5,0,0.3127,0.3995
8,3,3,3,6,6,4,0,6,1,0.5532,0.2776
8,3,3,3,7,5,5,1,,,0.1999,0.0
8,3,3,3,8,1,1,1,,,0.3179,0.0
8,3,3,3,9,1,1,1,,,0.1434,0.0
8,3,3,3,10,4,3,0,5,0,0.4396,0.3286
8,3,3,3,11,4,3,0,2,0,0.6606,0.2046
8,3,3,3,12,1,1,1,,,0.158,0.0
8,3,3,3,13,2,2,1,,,0.1658,0.0
8,3,3,3,14,3,2,0,,,0.173,0.0
8,3,3,3,15,3,3,1,,,0.4633,0.0
8,3,3,3,16,2,2,1,,,0.17,0.0
8,3,3,3,17,2,2,1,,,0.1295,0.0
8,3,3,3,18,5,5,1,,,0.1224,0.0
8,3,3,3,19,4,4,1,,,0.4041,0.0
8,3,3,3,20,4,4,1,,,0.2901,0.0
8,3,3,3,21,6,6,1,,,0.2601,0.0
8,3,3,3,22,2,2,1,,,0.1516,0.0
8,3,3,3,23,6,1,0,3,0,1.0395,0.8407
8,3,3,3,24,4,3,0,5,0,0.4962,0.2552
8,3,3,3,25,3,4,0,,,0.3987,0.0
8,3,3,3,26,5,5,1,,,0.2,0.0
8,3,3,3,27,5,5,1,,,0.1419,0.0
8,3,3,3,28,3,3,1,,,0.1184,0.0
8,3,3,3,29,5,5,1,,,0.1442,0.0
8,3,3,3,30,4,4,1,,,0.4562,0.0
8,3,3,3,31,2,2,1,,,0.2598,0.0
8,3,3,3,32,6,6,1,,,0.1509,0.0
8,3,3,3,33,1,1,1,,,0.1754,0.0
8,3,3,3,34,3,2,0,3,1,0.4375,0.2942
8,3,3,3,35,6,1,0,,,0.3766,0.0
8,3,3,3,36,3,3,1,,,0.1949,0.0
8,3,3,3,37,1,1,1,,,0.5848,0.0
8,3,3,3,38,6,6,1,,,0.0949,0.0
8,3,3,3,39,1,1,1,,,0.4412,0.0
8,3,3,3,40,2,2,1,,,0.2459,0.0
8,3,3,3,41,6,6,1,,,0.0739,0.0
8,3,3,3,42,6,1,0,3,0,0.6444,0.3341
8,3,3,3,43,4,4,1,,,0.1542,0.0
8,3,3,3,44,3,3,1,,,0.6902,0.0
8,3,3,3,45,2,2,1,,,0.0999,0.0
8,3,3,3,46,1,1,1,,,0.254,0.0
8,3,3,3,47,1,1,1,,,0.4988,0.0
8,3,3,3,48,5,5,1,,,0.1556,0.0
8,3,3,3,49,2,1,0,2,1,0.8513,0.2121
8,3,3,3,50,3,3,1,,,0.185,0.0
8,3,3,4,1,3,3,1,,,0.366,0.0
8,3,3,4,2,4,4,1,,,0.2207,0.0
8,3,3,4,3,5,1,0,3,0,0.4816,0.4504
8,3,3,4,4,2,2,1,,,0.2018,0.0
8,3,3,4,5,6,3,0,5,0,0.4625,0.4799
8,3,3,4,6,6,1,0,3,0,0.3735,0.3773
8,3,3,4,7,4,4,1,,,0.1948,0.0
8,3,3,4,8,4,3,0,,,0.3614,0.0
8,3,3,4,9,4,4,1,,,0.3395,0.0
8,3,3,4,10,3,3,1,,,0.2282,0.0
8,3,3,4,11,3,1,0,,,0.3604,0.0
8,3,3,4,12,1,1,1,,,0.1312,0.0
8,3,3,4,13,5,3,0,,,0.2852,0.0
8,3,3,4,14,6,2,0,,,0.3467,0.0
8,3,3,4,15,4,4,1,,,0.438,0.0
8,3,3,4,16,2,2,1,,,0.2738,0.0
8,3,3,4,17,4,5,0,,,0.566,0.0
8,3,3,4,18,5,1,0,3,0,0.5357,0.3571
8,3,3,4,19,5,5,1,,,0.3366,0.0
8,3,3,4,20,5,2,0,,,0.8009,0.0
8,3,3,4,21,6,6,1,,,0.3619,0.0
8,3,3,4,22,6,5,0,,,1.113,0.0
8,3,3,4,23,1,1,1,,,0.1965,0.0
8,3,3,4,24,2,4,0,3,0,0.4106,0.7172
8,3,3,4,25,1,1,1,,,0.2014,0.0
8,3,3,4,26,6,3,0,,,0.3197,0.0
8,3,3,4,27,3,1,0,5,0,0.3479,0.2259
8,3,3,4,28,2,2,1,,,0.1615,0.0
8,3,3,4,29,6,6,1,,,0.0247,0.0
8,3,3,4,30,3,4,0,,,0.1012,0.0
8,3,3,4,31,6,6,1,,,0.3629,0.0
8,3,3,4,32,4,4,1,,,0.2503,0.0
8,3,3,4,33,5,5,1,,,0.3667,0.0
8,3,3,4,34,4,3,0,,,0.525,0.0
8,3,3,4,35,2,1,0,3,0,0.1457,0.5587
8,3,3,4,36,2,1,0,,,0.2405,0.0
8,3,3,4,37,6,5,0,,,0.2238,0.0
8,3,3,4,38,3,3,1,,,0.4328,0.0
8,3,3,4,39,2,2,1,,,0.189,0.0
8,3,3,4,40,5,3,0,5,1,0.2433,0.3331
8,3,3,4,41,3,3,1,,,0.4141,0.0
8,3,3,4,42,2,2,1,,,0.1705,0.0
8,3,3,4,43,5,3,0,,,0.1777,0.0
8,3,3,4,44,1,2,0,5,0,0.3882,0.2955
8,3,3,4,45,1,3,0,1,1,0.4685,0.164
8,3,3,4,46,1,6,0,5,0,1.7722,0.5187
8,3,3,4,47,3,3,1,,,0.2985,0.0
8,3,3,4,48,1,1,1,,,0.1891,0.0
8,3,3,4,49,6,6,1,,,0.2271,0.0
8,3,3,4,50,1,1,1,,,0.4557,0.0
8,3,4,1,1,2,1,0,3,0,0.4544,0.3752
8,3,4,1,2,1,1,1,,,0.1299,0.0
8,3,4,1,3,3,3,1,,,0.1534,0.0
8,3,4,1,4,2,3,0,5,0,0.1778,0.3506
8,3,4,1,5,6,4,0,,,0.2174,0.0
8,3,4,1,6,4,4,1,,,0.3944,0.0
8,3,4,1,7,3,3,1,,,0.4404,0.0
8,3,4,1,8,4,1,0,3,0,0.4369,0.2293
8,3,4,1,9,4,4,1,,,0.1972,0.0
8,3,4,1,10,5,6,0,5,1,0.2357,0.0851
8,3,4,1,11,3,3,1,,,0.1434,0.0
8,3,4,1,12,2,2,1,,,0.1995,0.0
8,3,4,1,13,2,2,1,,,0.2383,0.0
8,3,4,1,14,1,1,1,,,0.4033,0.0
8,3,4,1,15,5,5,1,,,0.1283,0.0
8,3,4,1,16,6,5,0,,,0.217,0.0
8,3,4,1,17,6,4,0,3,0,0.506,0.6327
8,3,4,1,18,6,4,0,3,0,1.8162,0.7204
8,3,4,1,19,2,2,1,,,0.2369,0.0
8,3,4,1,20,5,3,0,,,0.1621,0.0
8,3,4,1,21,1,1,1,,,0.1322,0.0
8,3,4,1,22,2,2,1,,,0.142,0.0
8,3,4,1,23,3,3,1,,,0.1827,0.0
8,3,4,1,24,6,4,0,,,0.2208,0.0
8,3,4,1,25,3,4,0,,,0.3171,0.0
8,3,4,1,26,5,5,1,,,0.0264,0.0
8,3,4,1,27,4,3,0,4,1,0.3754,0.0593
8,3,4,1,28,3,3,1,,,0.2465,0.0
8,3,4,1,29,1,1,1,,,0.1221,0.0
8,3,4,1,30,6,6,1,,,0.1638,0.0
8,3,4,1,31,6,1,0,,,0.5551,0.0
8,3,4,1,32,5,2,0,,,0.3983,0.0
8,3,4,1,33,3,3,1,,,0.232,0.0
8,3,4,1,34,4,3,0,,,0.2999,0.0
8,3,4,1,35,3,3,1,,,0.3135,0.0
8,3,4,1,36,1,1,1,,,0.4275,0.0
8,3,4,1,37,6,6,1,,,0.2316,0.0
8,3,4,1,38,2,3,0,4,0,0.3159,0.2751
8,3,4,1,39,5,3,0,,,1.105,0.0
8,3,4,1,40,2,3,0,4,0,0.5889,0.312
8,3,4,1,41,6,6,1,,,0.5331,0.0
8,3,4,1,42,1,1,1,,,0.5574,0.0
8,3,4,1,43,1,1,1,,,0.5165,0.0
8,3,4,1,44,5,5,1,,,0.0937,0.0
8,3,4,1,45,6,6,1,,,0.1199,0.0
8,3,4,1,46,5,2,0,3,0,0.4174,0.4357
8,3,4,1,47,4,3,0,,,0.6825,0.0
8,3,4,1,48,4,4,1,,,0.2972,0.0
8,3,4,1,49,4,4,1,,,0.6822,0.0
8,3,4,1,50,1,1,1,,,0.3652,0.0
8,3,4,2,1,3,5,0,,,0.3129,0.0
8,3,4,2,2,2,2,1,,,0.1508,0.0
8,3,4,2,3,1,1,1,,,0.2379,0.0
8,3,4,2,4,3,2,0,5,0,0.3073,0.3781
8,3,4,2,5,6,6,1,,,0.7231,0.0
8,3,4,2,6,1,1,1,,,0.3397,0.0
8,3,4,2,7,3,1,0,3,1,0.9006,0.5313
8,3,4,2,8,1,1,1,,,0.4914,0.0
8,3,4,2,9,3,4,0,3,1,0.2133,0.2402
8,3,4,2,10,2,2,1,,,0.2927,0.0
8,3,4,2,11,5,5,1,,,0.6782,0.0
8,3,4,2,12,1,1,1,,,0.6005,0.0
8,3,4,2,13,5,3,0,,,0.9271,0.0
8,3,4,2,14,4,4,1,,,0.7383,0.0
8,3,4,2,15,5,5,1,,,0.2099,0.0
8,3,4,2,16,5,5,1,,,0.2627,0.0
8,3,4,2,17,2,1,0,5,0,0.2023,0.5807
8,3,4,2,18,2,2,1,,,0.2631,0.0
8,3,4,2,19,5,4,0,,,0.1543,0.0
8,3,4,2,20,6,6,1,,,0.2369,0.0
8,3,4,2,21,5,5,1,,,0.0023,0.0
8,3,4,2,22,4,3,0,,,1.0714,0.0
8,3,4,2,23,2,1,0,2,1,0.1564,0.6012
8,3,4,2,24,4,6,0,5,0,0.0321,0.8336
8,3,4,2,25,6,4,0,,,0.9368,0.0
8,3,4,2,26,5,6,0,5,1,0.3649,0.3367
8,3,4,2,27,2,1,0,3,0,0.689,0.4242
8,3,4,2,28,3,4,0,3,1,0.6884,0.2635
8,3,4,2,29,2,6,0,,,0.1222,0.0
8,3,4,2,30,3,3,1,,,0.8154,0.0
8,3,4,2,31,4,4,1,,,0.4441,0.0
8,3,4,2,32,6,6,1,,,0.1197,0.0
8,3,4,2,33,5,4,0,3,0,0.4333,0.275
8,3,4,2,34,4,3,0,,,0.7527,0.0
8,3,4,2,35,6,6,1,,,0.1717,0.0
8,3,4,2,36,1,1,1,,,0.1966,0.0
8,3,4,2,37,3,3,1,,,0.2495,0.0
8,3,4,2,38,4,4,1,,,0.1887,0.0
8,3,4,2,39,4,4,1,,,0.116,0.0
8,3,4,2,40,3,2,0,4,0,0.2049,0.3925
8,3,4,2,41,6,3,0,,,0.6899,0.0
8,3,4,2,42,6,5,0,6,1,1.9349,0.2743
8,3,4,2,43,2,2,1,,,0.1965,0.0
8,3,4,2,44,4,4,1,,,0.1714,0.0
8,3,4,2,45,1,3,0,1,1,0.4659,0.4185
8,3,4,2,46,1,1,1,,,0.2075,0.0
8,3,4,2,47,6,6,1,,,0.1505,0.0
8,3,4,2,48,1,1,1,,,0.1739,0.0
8,3,4,2,49,6,6,1,,,0.1643,0.0
8,3,4,2,50,6,6,1,,,0.1565,0.0
8,3,4,3,1,1,1,1,,,0.2419,0.0
8,3,4,3,2,6,6,1,,,0.2306,0.0
8,3,4,3,3,1,6,0,,,0.7311,0.0
8,3,4,3,4,1,1,1,,,0.1507,0.0
8,3,4,3,5,3,3,1,,,0.3497,0.0
8,3,4,3,6,5,2,0,3,0,0.3985,0.5929
8,3,4,3,7,3,1,0,5,0,0.4185,0.2601
8,3,4,3,8,2,2,1,,,0.3235,0.0
8,3,4,3,9,5,5,1,,,0.1633,0.0
8,3,4,3,10,4,3,0,1,0,0.5063,0.1374
8,3,4,3,11,2,1,0,2,1,0.0938,0.2211
8,3,4,3,12,6,2,0,5,0,0.4022,0.2924
8,3,4,3,13,2,2,1,,,0.2102,0.0
8,3,4,3,14,3,5,0,6,0,0.3437,0.2207
8,3,4,3,15,2,2,1,,,0.1744,0.0
8,3,4,3,16,5,1,0,,,0.1324,0.0
8,3,4,3,17,2,2,1,,,0.3929,0.0
8,3,4,3,18,4,4,1,,,0.3901,0.0
8,3,4,3,19,2,3,0,,,0.7088,0.0
8,3,4,3,20,6,4,0,,,0.5132,0.0
8,3,4,3,21,3,3,1,,,0.2616,0.0
8,3,4,3,22,1,1,1,,,0.1211,0.0
8,3,4,3,23,3,6,0,,,0.2096,0.0
8,3,4,3,24,3,3,1,,,0.2911,0.0
8,3,4,3,25,5,5,1,,,0.1815,0.0
8,3,4,3,26,5,1,0,,,0.2837,0.0
8,3,4,3,27,4,4,1,,,0.1368,0.0
8,3,4,3,28,2,3,0,2,1,0.4496,0.1468
8,3,4,3,29,6,3,0,,,0.4109,0.0
8,3,4,3,30,4,4,1,,,0.3554,0.0
8,3,4,3,31,4,4,1,,,0.2752,0.0
8,3,4,3,32,6,6,1,,,0.1971,0.0
8,3,4,3,33,4,2,0,3,0,0.7788,0.2072
8,3,4,3,34,4,4,1,,,0.143,0.0
8,3,4,3,35,2,2,1,,,0.1358,0.0
8,3,4,3,36,3,3,1,,,0.5765,0.0
8,3,4,3,37,4,4,1,,,0.1989,0.0
8,3,4,3,38,5,3,0,,,0.62,0.0
8,3,4,3,39,5,5,1,,,0.0009,0.0
8,3,4,3,40,6,6,1,,,0.1542,0.0
8,3,4,3,41,1,1,1,,,0.1949,0.0
8,3,4,3,42,6,5,0,,,0.2,0.0
8,3,4,3,43,6,5,0,,,0.8904,0.0
8,3,4,3,44,1,5,0,6,0,0.0308,0.6091
8,3,4,3,45,3,1,0,,,0.4813,0.0
8,3,4,3,46,6,6,1,,,0.1345,0.0
8,3,4,3,47,6,3,0,,,0.3353,0.0
8,3,4,3,48,1,1,1,,,0.7797,0.0
8,3,4,3,49,5,1,0,,,0.6165,0.0
8,3,4,3,50,1,3,0,2,0,0.954,0.2779
8,3,4,4,1,3,3,1,,,3.6327,0.0
8,3,4,4,2,6,6,1,,,0.1862,0.0
8,3,4,4,3,3,3,1,,,0.2565,0.0
8,3,4,4,4,2,2,1,,,0.2267,0.0
8,3,4,4,5,6,5,0,,,1.9758,0.0
8,3,4,4,6,2,2,1,,,0.1759,0.0
8,3,4,4,7,3,6,0,,,0.1028,0.0
8,3,4,4,8,4,1,0,3,0,0.1729,0.3121
8,3,4,4,9,4,5,0,,,0.4209,0.0
8,3,4,4,10,3,1,0,,,0.4462,0.0
8,3,4,4,11,5,2,0,3,0,0.2606,0.0936
8,3,4,4,12,5,5,1,,,0.3075,0.0
8,3,4,4,13,6,6,1,,,0.1319,0.0
8,3,4,4,14,6,6,1,,,0.0937,0.0
8,3,4,4,15,1,1,1,,,0.3111,0.0
8,3,4,4,16,3,1,0,2,0,0.185,0.4194
8,3,4,4,17,5,6,0,,,0.2686,0.0
8,3,4,4,18,4,4,1,,,0.3953,0.0
8,3,4,4,19,2,1,0,,,0.1535,0.0
8,3,4,4,20,6,6,1,,,0.1726,0.0
8,3,4,4,21,1,6,0,,,0.2592,0.0
8,3,4,4,22,3,3,1,,,0.1456,0.0
8,3,4,4,23,4,4,1,,,0.1864,0.0
8,3,4,4,24,5,1,0,5,1,0.2413,0.2184
8,3,4,4,25,2,3,0,5,0,0.2715,0.4076
8,3,4,4,26,4,4,1,,,0.3203,0.0
8,3,4,4,27,5,3,0,,,3.3127,0.0
8,3,4,4,28,5,6,0,,,0.2741,0.0
8,3,4,4,29,1,1,1,,,0.5448,0.0
8,3,4,4,30,1,3,0,,,0.792,0.0
8,3,4,4,31,1,1,1,,,0.2088,0.0
8,3,4,4,32,3,4,0,3,1,0.0704,0.1665
8,3,4,4,33,5,3,0,5,1,0.3654,0.3384
8,3,4,4,34,2,2,1,,,0.2431,0.0
8,3,4,4,35,3,3,1,,,0.1984,0.0
8,3,4,4,36,6,6,1,,,0.2209,0.0
8,3,4,4,37,4,3,0,4,1,0.4025,0.0684
8,3,4,4,38,6,6,1,,,0.1286,0.0
8,3,4,4,39,6,3,0,2,0,0.6811,0.1774
8,3,4,4,40,6,1,0,,,1.3952,0.0
8,3,4,4,41,2,2,1,,,0.1795,0.0
8,3,4,4,42,1,1,1,,,0.2974,0.0
8,3,4,4,43,2,2,1,,,0.1394,0.0
8,3,4,4,44,1,1,1,,,0.1482,0.0
8,3,4,4,45,5,3,0,,,0.6529,0.0
8,3,4,4,46,2,2,1,,,0.6664,0.0
8,3,4,4,47,4,6,0,5,0,0.4781,0.3172
8,3,4,4,48,1,1,1,,,0.1222,0.0
8,3,4,4,49,6,6,1,,,0.8514,0.0
8,3,4,4,50,4,1,0,,,0.335,0.0
8,3,5,1,1,1,1,1,,,0.2037,0.0
8,3,5,1,2,2,1,0,5,0,0.146,0.2228
8,3,5,1,3,3,3,1,,,0.1594,0.0
8,3,5,1,4,2,5,0,,,0.1825,0.0
8,3,5,1,5,2,2,1,,,0.137,0.0
8,3,5,1,6,6,1,0,5,0,0.1136,0.4965
8,3,5,1,7,6,5,0,2,0,0.1813,0.4175
8,3,5,1,8,5,5,1,,,0.1384,0.0
8,3,5,1,9,5,3,0,,,0.1469,0.0
8,3,5,1,10,4,4,1,,,0.5349,0.0
8,3,5,1,11,6,6,1,,,0.1589,0.0
8,3,5,1,12,1,1,1,,,0.2949,0.0
8,3,5,1,13,2,3,0,,,0.4567,0.0
8,3,5,1,14,1,1,1,,,0.6559,0.0
8,3,5,1,15,5,1,0,,,1.0276,0.0
8,3,5,1,16,6,3,0,,,0.5457,0.0
8,3,5,1,17,2,2,1,,,0.1815,0.0
8,3,5,1,18,6,3,0,,,0.2677,0.0
8,3,5,1,19,5,5,1,,,0.1704,0.0
8,3,5,1,20,3,3,1,,,0.6262,0.0
8,3,5,1,21,1,3,0,5,0,1.8789,0.5571
8,3,5,1,22,4,4,1,,,0.4945,0.0
8,3,5,1,23,6,6,1,,,0.1365,0.0
8,3,5,1,24,4,3,0,2,0,0.1618,0.6382
8,3,5,1,25,3,3,1,,,0.6688,0.0
8,3,5,1,26,6,1,0,,,0.3038,0.0
8,3,5,1,27,2,2,1,,,0.1889,0.0
8,3,5,1,28,4,4,1,,,0.3395,0.0
8,3,5,1,29,4,4,1,,,0.2278,0.0
8,3,5,1,30,3,5,0,2,0,1.1759,0.3789
8,3,5,1,31,2,2,1,,,0.102,0.0
8,3,5,1,32,1,3,0,2,0,0.2872,0.4224
8,3,5,1,33,3,3,1,,,0.4633,0.0
8,3,5,1,34,3,5,0,,,0.1537,0.0
8,3,5,1,35,5,1,0,2,0,0.2052,0.4388
8,3,5,1,36,3,3,1,,,0.2221,0.0
8,3,5,1,37,3,3,1,,,0.2286,0.0
8,3,5,1,38,1,2,0,,,0.6641,0.0
8,3,5,1,39,6,5,0,3,0,0.1185,0.3575
8,3,5,1,40,4,4,1,,,0.4474,0.0
8,3,5,1,41,2,2,1,,,0.2195,0.0
8,3,5,1,42,6,3,0,,,0.1441,0.0
8,3,5,1,43,4,4,1,,,0.4524,0.0
8,3,5,1,44,5,5,1,,,0.7033,0.0
8,3,5,1,45,5,3,0,,,0.4812,0.0
8,3,5,1,46,6,2,0,,,0.376,0.0
8,3,5,1,47,4,4,1,,,0.3687,0.0
8,3,5,1,48,5,3,0,,,0.2725,0.0
8,3,5,1,49,1,1,1,,,0.3183,0.0
8,3,5,1,50,1,4,0,3,0,0.2396,0.6655
8,3,5,2,1,1,1,1,,,0.3253,0.0
8,3,5,2,2,5,3,0,5,1,0.3579,0.3454
8,3,5,2,3,1,5,0,3,0,0.2025,0.2924
8,3,5,2,4,1,1,1,,,0.386,0.0
8,3,5,2,5,3,3,1,,,0.4166,0.0
8,3,5,2,6,3,2,0,,,0.142,0.0
8,3,5,2,7,4,3,0,4,1,0.2088,0.5074
8,3,5,2,8,5,5,1,,,0.0854,0.0
8,3,5,2,9,6,6,1,,,0.1121,0.0
8,3,5,2,10,6,6,1,,,0.0579,0.0
8,3,5,2,11,6,3,0,2,0,0.3592,0.2675
8,3,5,2,12,4,4,1,,,0.2977,0.0
8,3,5,2,13,2,2,1,,,0.2683,0.0
8,3,5,2,14,3,3,1,,,0.2231,0.0
8,3,5,2,15,4,4,1,,,0.2599,0.0
8,3,5,2,16,3,3,1,,,0.3754,0.0
8,3,5,2,17,2,1,0,5,0,0.2308,0.1122
8,3,5,2,18,6,5,0,,,1.7017,0.0
8,3,5,2,19,2,2,1,,,0.2014,0.0
8,3,5,2,20,3,3,1,,,0.1111,0.0
8,3,5,2,21,6,6,1,,,0.2644,0.0
8,3,5,2,22,3,6,0,3,1,0.3472,1.6494
8,3,5,2,23,2,2,1,,,0.1718,0.0
8,3,5,2,24,2,5,0,3,0,0.3697,0.3258
8,3,5,2,25,4,4,1,,,0.4655,0.0
8,3,5,2,26,5,5,1,,,0.2045,0.0
8,3,5,2,27,4,4,1,,,0.2274,0.0
8,3,5,2,28,5,1,0,,,0.4071,0.0
8,3,5,2,29,5,4,0,,,0.24,0.0
8,3,5,2,30,6,6,1,,,0.0802,0.0
8,3,5,2,31,3,2,0,,,0.5546,0.0
8,3,5,2,32,2,2,1,,,0.221,0.0
8,3,5,2,33,1,1,1,,,0.2259,0.0
8,3,5,2,34,6,6,1,,,0.1191,0.0
8,3,5,2,35,2,2,1,,,0.1601,0.0
8,3,5,2,36,5,5,1,,,0.1522,0.0
8,3,5,2,37,6,6,1,,,0.1591,0.0
8,3,5,2,38,1,2,0,,,0.1504,0.0
8,3,5,2,39,1,3,0,2,0,0.475,0.2989
8,3,5,2,40,3,5,0,,,1.1922,0.0
8,3,5,2,41,4,3,0,,,2.3684,0.0
8,3,5,2,42,6,6,1,,,0.5213,0.0
8,3,5,2,43,6,6,1,,,0.3542,0.0
8,3,5,2,44,4,1,0,,,0.4663,0.0
8,3,5,2,45,5,5,1,,,1.0,0.0
8,3,5,2,46,1,1,1,,,1.1012,0.0
8,3,5,2,47,2,2,1,,,0.1113,0.0
8,3,5,2,48,1,1,1,,,0.3928,0.0
8,3,5,2,49,5,5,1,,,0.246,0.0
8,3,5,2,50,4,4,1,,,0.2505,0.0
8,3,5,3,1,6,2,0,,,0.3313,0.0
8,3,5,3,2,3,3,1,,,0.1677,0.0
8,3,5,3,3,2,2,1,,,0.1584,0.0
8,3,5,3,4,1,1,1,,,0.2467,0.0
8,3,5,3,5,3,5,0,3,1,0.0898,0.3297
8,3,5,3,6,2,2,1,,,0.1222,0.0
8,3,5,3,7,5,5,1,,,0.0679,0.0
8,3,5,3,8,5,3,0,,,0.2072,0.0
8,3,5,3,9,1,1,1,,,0.1442,0.0
8,3,5,3,10,4,4,1,,,0.4081,0.0
8,3,5,3,11,3,2,0,,,0.1173,0.0
8,3,5,3,12,3,3,1,,,0.3456,0.0
8,3,5,3,13,5,5,1,,,0.089,0.0
8,3,5,3,14,4,4,1,,,0.1323,0.0
8,3,5,3,15,1,1,1,,,0.2053,0.0
8,3,5,3,16,4,4,1,,,0.147,0.0
8,3,5,3,17,6,6,1,,,0.1554,0.0
8,3,5,3,18,1,1,1,,,0.1297,0.0
8,3,5,3,19,6,6,1,,,0.0913,0.0
8,3,5,3,20,3,3,1,,,0.4046,0.0
8,3,5,3,21,1,1,1,,,0.4987,0.0
8,3,5,3,22,5,2,0,3,0,0.3652,0.3057
8,3,5,3,23,2,2,1,,,0.2063,0.0
8,3,5,3,24,4,4,1,,,0.2276,0.0
8,3,5,3,25,4,4,1,,,0.2803,0.0
8,3,5,3,26,1,1,1,,,0.0737,0.0
8,3,5,3,27,4,4,1,,,0.1818,0.0
8,3,5,3,28,2,3,0,,,0.364,0.0
8,3,5,3,29,6,3,0,,,0.1665,0.0
8,3,5,3,30,2,2,1,,,0.5058,0.0
8,3,5,3,31,6,6,1,,,0.1789,0.0
8,3,5,3,32,6,6,1,,,0.089,0.0
8,3,5,3,33,3,3,1,,,0.2424,0.0
8,3,5,3,34,6,6,1,,,0.0874,0.0
8,3,5,3,35,4,4,1,,,0.1461,0.0
8,3,5,3,36,6,4,0,1,0,0.3785,0.318
8,3,5,3,37,5,4,0,,,0.5065,0.0
8,3,5,3,38,1,1,1,,,0.0951,0.0
8,3,5,3,39,5,3,0,,,0.1533,0.0
8,3,5,3,40,2,4,0,,,0.6849,0.0
8,3,5,3,41,5,1,0,,,0.8106,0.0
8,3,5,3,42,4,4,1,,,0.6258,0.0
8,3,5,3,43,6,1,0,2,0,0.6949,0.3972
8,3,5,3,44,5,1,0,3,0,0.2949,0.7178
8,3,5,3,45,1,4,0,5,0,0.6985,0.8337
8,3,5,3,46,3,1,0,,,0.1037,0.0
8,3,5,3,47,2,1,0,3,0,0.3972,0.3682
8,3,5,3,48,6,6,1,,,0.299,0.0
8,3,5,3,49,2,2,1,,,0.3324,0.0
8,3,5,3,50,3,3,1,,,0.3966,0.0
8,3,5,4,1,6,1,0,,,0.184,0.0
8,3,5,4,2,1,3,0,5,0,0.1865,0.3899
8,3,5,4,3,5,5,1,,,0.2557,0.0
8,3,5,4,4,2,6,0,1,0,0.578,0.3506
8,3,5,4,5,1,1,1,,,0.6021,0.0
8,3,5,4,6,4,4,1,,,0.4148,0.0
8,3,5,4,7,3,4,0,3,1,0.5248,0.4262
8,3,5,4,8,2,1,0,,,0.3748,0.0
8,3,5,4,9,6,1,0,5,0,0.3843,0.3075
8,3,5,4,10,4,4,1,,,0.2564,0.0
8,3,5,4,11,3,3,1,,,0.195,0.0
8,3,5,4,12,6,6,1,,,0.2656,0.0
8,3,5,4,13,6,6,1,,,0.1565,0.0
8,3,5,4,14,2,1,0,,,0.5155,0.0
8,3,5,4,15,2,3,0,,,0.4726,0.0
8,3,5,4,16,1,1,1,,,0.8306,0.0
8,3,5,4,17,1,1,1,,,0.3942,0.0
8,3,5,4,18,6,4,0,,,0.5995,0.0
8,3,5,4,19,5,3,0,,,0.2012,0.0
8,3,5,4,20,4,3,0,,,0.3301,0.0
8,3,5,4,21,2,4,0,,,0.374,0.0
8,3,5,4,22,5,3,0,2,0,0.5443,0.3651
8,3,5,4,23,5,3,0,,,0.3601,0.0
8,3,5,4,24,1,1,1,,,0.1146,0.0
8,3,5,4,25,6,3,0,4,0,0.556,0.2812
8,3,5,4,26,6,1,0,,,0.8713,0.0
8,3,5,4,27,6,3,0,,,0.1394,0.0
8,3,5,4,28,5,5,1,,,0.4472,0.0
8,3,5,4,29,4,4,1,,,0.1875,0.0
8,3,5,4,30,3,1,0,3,1,0.0975,2.5297
8,3,5,4,31,5,1,0,,,0.3277,0.0
8,3,5,4,32,5,5,1,,,0.7071,0.0
8,3,5,4,33,6,6,1,,,0.1158,0.0
8,3,5,4,34,1,3,0,5,0,0.1411,0.6664
8,3,5,4,35,3,3,1,,,0.1691,0.0
8,3,5,4,36,3,3,1,,,0.1129,0.0
8,3,5,4,37,3,4,0,,,0.3932,0.0
8,3,5,4,38,4,6,0,3,0,0.1467,0.3686
8,3,5,4,39,1,1,1,,,0.3628,0.0
8,3,5,4,40,4,4,1,,,0.3465,0.0
8,3,5,4,41,3,1,0,3,1,0.2337,0.7081
8,3,5,4,42,1,1,1,,,0.2602,0.0
8,3,5,4,43,2,2,1,,,0.2001,0.0
8,3,5,4,44,2,2,1,,,0.1421,0.0
8,3,5,4,45,2,2,1,,,0.1171,0.0
8,3,5,4,46,4,4,1,,,0.1751,0.0
8,3,5,4,47,6,1,0,,,0.1493,0.0
8,3,5,4,48,5,6,0,,,0.1372,0.0
8,3,5,4,49,4,4,1,,,0.3332,0.0
8,3,5,4,50,3,3,1,,,0.1097,0.0
9,1,1,1,1,3,3,1,,,1.4246,0.0
9,1,1,1,2,3,6,0,,,0.3887,0.0
9,1,1,1,3,6,1,0,5,0,0.6551,1.4635
9,1,1,1,4,2,6,0,,,0.8047,0.0
9,1,1,1,5,6,6,1,,,0.3816,0.0
9,1,1,1,6,6,2,0,5,0,0.8755,0.7633
9,1,1,1,7,4,1,0,4,1,0.4372,1.6545
9,1,1,1,8,3,3,1,,,0.7532,0.0
9,1,1,1,9,1,6,0,,,0.3362,0.0
9,1,1,1,10,5,5,1,,,0.6847,0.0
9,1,1,1,11,2,5,0,4,0,0.6545,2.0544
9,1,1,1,12,5,4,0,,,1.1963,0.0
9,1,1,1,13,4,4,1,,,3.7646,0.0
9,1,1,1,14,2,2,1,,,0.8566,0.0
9,1,1,1,15,1,1,1,,,0.5475,0.0
9,1,1,1,16,3,6,0,,,0.6839,0.0
9,1,1,1,17,6,6,1,,,0.3127,0.0
9,1,1,1,18,6,6,1,,,0.4112,0.0
9,1,1,1,19,2,5,0,,,0.5206,0.0
9,1,1,1,20,3,3,1,,,0.9255,0.0
9,1,1,1,21,2,1,0,,,1.1256,0.0
9,1,1,1,22,3,3,1,,,1.1054,0.0
9,1,1,1,23,5,5,1,,,1.1868,0.0
9,1,1,1,24,6,1,0,,,1.1201,0.0
9,1,1,1,25,6,3,0,,,0.8276,0.0
9,1,1,1,26,4,5,0,,,0.8525,0.0
9,1,1,1,27,5,5,1,,,0.3791,0.0
9,1,1,1,28,5,1,0,3,0,0.7297,0.7835
9,1,1,1,29,4,6,0,,,0.9048,0.0
9,1,1,1,30,4,5,0,,,0.4937,0.0
9,1,1,1,31,4,3,0,5,0,0.8354,1.6045
9,1,1,1,32,3,1,0,6,0,1.0844,1.6024
9,1,1,1,33,3,1,0,,,0.571,0.0
9,1,1,1,34,1,6,0,5,0,0.4446,1.7423
9,1,1,1,35,2,2,1,,,0.8647,0.0
9,1,1,1,36,6,6,1,,,0.3309,0.0
9,1,1,1,37,1,3,0,5,0,0.9557,1.0312
9,1,1,1,38,4,3,0,,,1.0625,0.0
9,1,1,1,39,1,6,0,,,0.5167,0.0
9,1,1,1,40,5,3,0,,,0.9692,0.0
9,1,1,1,41,1,1,1,,,1.6269,0.0
9,1,1,1,42,5,5,1,,,0.9029,0.0
9,1,1,1,43,2,2,1,,,0.7522,0.0
9,1,1,1,44,1,6,0,5,0,0.5432,1.5169
9,1,1,1,45,2,2,1,,,1.0158,0.0
9,1,1,1,46,1,6,0,,,1.3404,0.0
9,1,1,1,47,6,3,0,4,0,0.9115,1.2291
9,1,1,1,48,6,6,1,,,0.2284,0.0
9,1,1,1,49,5,6,0,,,0.5696,0.0
9,1,1,1,50,4,6,0,,,0.4757,0.0
9,1,1,2,1,2,1,0,5,0,2.1599,1.1787
9,1,1,2,2,1,1,1,,,0.4834,0.0
9,1,1,2,3,1,5,0,,,2.9258,0.0
9,1,1,2,4,2,2,1,,,3.632,0.0
9,1,1,2,5,1,6,0,1,1,0.5212,1.399
9,1,1,2,6,6,5,0,,,0.8763,0.0
9,1,1,2,7,5,6,0,5,1,0.5459,1.8708
9,1,1,2,8,3,3,1,,,0.8001,0.0
9,1,1,2,9,2,2,1,,,0.654,0.0
9,1,1,2,10,6,6,1,,,0.5291,0.0
9,1,1,2,11,5,6,0,1,0,0.538,1.5269
9,1,1,2,12,4,5,0,,,0.6905,0.0
9,1,1,2,13,4,4,1,,,0.7362,0.0
9,1,1,2,14,1,1,1,,,0.4648,0.0
9,1,1,2,15,6,6,1,,,0.7956,0.0
9,1,1,2,16,1,1,1,,,2.2336,0.0
9,1,1,2,17,5,6,0,,,0.476,0.0
9,1,1,2,18,1,3,0,4,0,0.8506,1.3461
9,1,1,2,19,3,4,0,1,0,0.6282,1.102
9,1,1,2,20,4,4,1,,,0.5227,0.0
9,1,1,2,21,2,6,0,2,1,0.3074,1.4341
9,1,1,2,22,4,1,0,4,1,0.5093,0.9723
9,1,1,2,23,4,5,0,4,1,1.0107,0.7004
9,1,1,2,24,3,3,1,,,0.8137,0.0
9,1,1,2,25,6,6,1,,,0.3146,0.0
9,1,1,2,26,6,6,1,,,0.2359,0.0
9,1,1,2,27,2,2,1,,,0.8642,0.0
9,1,1,2,28,3,3,1,,,1.1627,0.0
9,1,1,2,29,4,4,1,,,0.6491,0.0
9,1,1,2,30,3,2,0,3,1,0.6847,0.1635
9,1,1,2,31,6,6,1,,,0.3955,0.0
9,1,1,2,32,6,6,1,,,0.3288,0.0
9,1,1,2,33,5,6,0,,,0.3773,0.0
9,1,1,2,34,5,2,0,,,1.4114,0.0
9,1,1,2,35,6,6,1,,,0.6596,0.0
9,1,1,2,36,3,6,0,5,0,0.439,1.4645
9,1,1,2,37,4,4,1,,,0.886,0.0
9,1,1,2,38,2,6,0,5,0,0.4799,1.4551
9,1,1,2,39,6,6,1,,,0.4455,0.0
9,1,1,2,40,5,1,0,,,0.8258,0.0
9,1,1,2,41,2,6,0,,,0.7539,0.0
9,1,1,2,42,1,3,0,,,1.5812,0.0
9,1,1,2,43,3,6,0,,,0.4378,0.0
9,1,1,2,44,6,6,1,,,0.2533,0.0
9,1,1,2,45,4,6,0,,,0.2574,0.0
9,1,1,2,46,2,2,1,,,1.1365,0.0
9,1,1,2,47,5,2,0,,,0.3846,0.0
9,1,1,2,48,1,5,0,,,0.618,0.0
9,1,1,2,49,3,6,0,,,0.2667,0.0
9,1,1,2,50,5,3,0,4,0,1.6416,0.9212
9,1,1,3,1,2,3,0,,,1.0352,0.0
9,1,1,3,2,6,6,1,,,0.1862,0.0
9,1,1,3,3,1,1,1,,,0.4003,0.0
9,1,1,3,4,4,2,0,,,0.9104,0.0
9,1,1,3,5,3,6,0,,,0.339,0.0
9,1,1,3,6,3,3,1,,,0.8952,0.0
9,1,1,3,7,1,1,1,,,0.6172,0.0
9,1,1,3,8,5,2,0,,,0.9579,0.0
9,1,1,3,9,2,5,0,,,1.8885,0.0
9,1,1,3,10,6,6,1,,,0.4127,0.0
9,1,1,3,11,6,6,1,,,0.3618,0.0
9,1,1,3,12,4,3,0,,,0.9848,0.0
9,1,1,3,13,1,1,1,,,0.3943,0.0
9,1,1,3,14,6,6,1,,,0.9852,0.0
9,1,1,3,15,5,5,1,,,0.5269,0.0
9,1,1,3,16,1,1,1,,,1.0797,0.0
9,1,1,3,17,4,3,0,,,0.8736,0.0
9,1,1,3,18,2,1,0,6,0,1.1356,1.3959
9,1,1,3,19,1,1,1,,,0.7078,0.0
9,1,1,3,20,6,6,1,,,0.5013,0.0
9,1,1,3,21,2,2,1,,,0.7669,0.0
9,1,1,3,22,4,1,0,5,0,0.6061,0.9842
9,1,1,3,23,3,6,0,2,0,0.8575,2.0252
9,1,1,3,24,1,2,0,,,1.2321,0.0
9,1,1,3,25,3,6,0,,,0.4388,0.0
9,1,1,3,26,6,5,0,,,0.9271,0.0
9,1,1,3,27,3,5,0,,,0.467,0.0
9,1,1,3,28,4,2,0,,,1.0013,0.0
9,1,1,3,29,6,6,1,,,0.314,0.0
9,1,1,3,30,4,2,0,5,0,0.7633,1.1838
9,1,1,3,31,5,5,1,,,0.4724,0.0
9,1,1,3,32,6,6,1,,,0.2436,0.0
9,1,1,3,33,5,3,0,4,0,0.9521,0.9162
9,1,1,3,34,5,1,0,,,0.6961,0.0
9,1,1,3,35,2,6,0,,,0.645,0.0
9,1,1,3,36,4,2,0,,,0.7399,0.0
9,1,1,3,37,3,3,1,,,0.7678,0.0
9,1,1,3,38,5,5,1,,,0.5099,0.0
9,1,1,3,39,3,6,0,4,0,0.5839,2.0506
9,1,1,3,40,5,5,1,,,0.4565,0.0
9,1,1,3,41,1,6,0,4,0,0.6602,0.844
9,1,1,3,42,3,2,0,,,1.1713,0.0
9,1,1,3,43,6,6,1,,,0.2213,0.0
9,1,1,3,44,2,5,0,2,1,1.0904,0.8246
9,1,1,3,45,2,4,0,,,1.0932,0.0
9,1,1,3,46,5,4,0,2,0,0.8349,1.059
9,1,1,3,47,4,6,0,,,0.2101,0.0
9,1,1,3,48,6,6,1,,,0.1469,0.0
9,1,1,3,49,2,3,0,5,0,1.0994,1.7456
9,1,1,3,50,1,3,0,,,1.2674,0.0
9,1,1,4,1,1,2,0,,,0.679,0.0
9,1,1,4,2,2,2,1,,,0.2442,0.0
9,1,1,4,3,4,5,0,,,0.7125,0.0
9,1,1,4,4,1,6,0,,,0.3893,0.0
9,1,1,4,5,1,1,1,,,0.9913,0.0
9,1,1,4,6,5,6,0,,,0.2929,0.0
9,1,1,4,7,6,6,1,,,0.2266,0.0
9,1,1,4,8,2,2,1,,,0.7441,0.0
9,1,1,4,9,6,1,0,5,0,0.7446,0.7336
9,1,1,4,10,6,6,1,,,0.3766,0.0
9,1,1,4,11,3,1,0,,,0.376,0.0
9,1,1,4,12,5,3,0,,,0.8343,0.0
9,1,1,4,13,4,1,0,6,0,0.3298,0.9442
9,1,1,4,14,3,2,0,5,0,0.7866,2.0695
9,1,1,4,15,6,6,1,,,0.2185,0.0
9,1,1,4,16,1,6,0,1,1,0.1595,1.3082
9,1,1,4,17,3,2,0,,,0.9173,0.0
9,1,1,4,18,6,6,1,,,0.2973,0.0
9,1,1,4,19,3,3,1,,,1.195,0.0
9,1,1,4,20,2,6,0,,,0.7123,0.0
9,1,1,4,21,2,1,0,5,0,1.0447,0.9731
9,1,1,4,22,4,3,0,,,0.9273,0.0
9,1,1,4,23,2,1,0,4,0,0.4668,1.6833
9,1,1,4,24,6,6,1,,,0.4554,0.0
9,1,1,4,25,4,3,0,,,0.8671,0.0
9,1,1,4,26,5,6,0,,,0.9052,0.0
9,1,1,4,27,3,1,0,,,0.7501,0.0
9,1,1,4,28,5,5,1,,,0.7931,0.0
9,1,1,4,29,2,4,0,6,0,0.6949,1.2778
9,1,1,4,30,2,4,0,6,0,0.7863,1.3171
9,1,1,4,31,5,5,1,,,1.0329,0.0
9,1,1,4,32,3,2,0,5,0,0.6843,3.1399
9,1,1,4,33,6,6,1,,,0.1728,0.0
9,1,1,4,34,1,2,0,,,1.2515,0.0
9,1,1,4,35,5,5,1,,,0.6504,0.0
9,1,1,4,36,6,6,1,,,0.2701,0.0
9,1,1,4,37,3,3,1,,,1.2488,0.0
9,1,1,4,38,4,4,1,,,0.7798,0.0
9,1,1,4,39,6,6,1,,,0.3615,0.0
9,1,1,4,40,3,6,0,,,0.681,0.0
9,1,1,4,41,4,1,0,6,0,0.7582,1.0029
9,1,1,4,42,1,1,1,,,0.7634,0.0
9,1,1,4,43,1,1,1,,,0.6984,0.0
9,1,1,4,44,2,6,0,,,0.492,0.0
9,1,1,4,45,4,2,0,,,1.1373,0.0
9,1,1,4,46,5,5,1,,,0.3809,0.0
9,1,1,4,47,5,6,0,,,0.6508,0.0
9,1,1,4,48,4,4,1,,,1.1136,0.0
9,1,1,4,49,6,5,0,2,0,0.5701,2.2619
9,1,1,4,50,1,1,1,,,0.4021,0.0
9,1,2,1,1,6,6,1,,,0.4745,0.0
9,1,2,1,2,1,2,0,5,0,0.597,0.5607
9,1,2,1,3,4,2,0,,,0.6269,0.0
9,1,2,1,4,2,6,0,,,0.2426,0.0
9,1,2,1,5,5,5,1,,,0.4982,0.0
9,1,2,1,6,2,1,0,6,0,1.2439,0.9244
9,1,2,1,7,2,2,1,,,0.6085,0.0
9,1,2,1,8,4,6,0,,,0.3104,0.0
9,1,2,1,9,1,2,0,,,0.4348,0.0
9,1,2,1,10,4,6,0,,,0.2826,0.0
9,1,2,1,11,5,5,1,,,0.3928,0.0
9,1,2,1,12,2,2,1,,,1.7193,0.0
9,1,2,1,13,1,5,0,1,1,0.3824,0.7866
9,1,2,1,14,1,6,0,2,0,0.3849,2.02
9,1,2,1,15,4,4,1,,,1.3228,0.0
9,1,2,1,16,6,6,1,,,0.371,0.0
9,1,2,1,17,4,4,1,,,1.0901,0.0
9,1,2,1,18,2,2,1,,,0.6753,0.0
9,1,2,1,19,3,3,1,,,0.7587,0.0
9,1,2,1,20,3,5,0,6,0,0.6139,1.5038
9,1,2,1,21,3,1,0,,,0.6199,0.0
9,1,2,1,22,2,2,1,,,0.9086,0.0
9,1,2,1,23,3,2,0,4,0,0.7899,0.9045
9,1,2,1,24,5,6,0,,,0.2371,0.0
9,1,2,1,25,5,5,1,,,0.5091,0.0
9,1,2,1,26,3,6,0,,,0.6311,0.0
9,1,2,1,27,4,3,0,,,1.271,0.0
9,1,2,1,28,5,6,0,4,0,0.9247,1.8178
9,1,2,1,29,6,6,1,,,0.7447,0.0
9,1,2,1,30,3,3,1,,,0.7121,0.0
9,1,2,1,31,4,6,0,,,1.065,0.0
9,1,2,1,32,6,6,1,,,0.2466,0.0
9,1,2,1,33,4,6,0,2,0,0.3948,0.9257
9,1,2,1,34,5,5,1,,,0.6902,0.0
9,1,2,1,35,6,6,1,,,0.2922,0.0
9,1,2,1,36,2,3,0,,,0.6149,0.0
9,1,2,1,37,1,2,0,,,0.7752,0.0
9,1,2,1,38,1,3,0,,,0.5451,0.0
9,1,2,1,39,6,3,0,,,0.7721,0.0
9,1,2,1,40,1,1,1,,,0.6221,0.0
9,1,2,1,41,6,6,1,,,0.467,0.0
9,1,2,1,42,2,3,0,,,1.8378,0.0
9,1,2,1,43,1,1,1,,,0.3966,0.0
9,1,2,1,44,3,6,0,,,0.7941,0.0
9,1,2,1,45,5,1,0,,,0.6432,0.0
9,1,2,1,46,5,1,0,,,0.8024,0.0
9,1,2,1,47,6,6,1,,,0.587,0.0
9,1,2,1,48,3,3,1,,,0.6731,0.0
9,1,2,1,49,6,5,0,4,0,0.6924,0.747
9,1,2,1,50,6,6,1,,,0.4854,0.0
9,1,2,2,1,2,6,0,5,0,1.646,1.3739
9,1,2,2,2,6,6,1,,,0.0152,0.0
9,1,2,2,3,4,1,0,4,1,1.2286,1.9495
9,1,2,2,4,4,6,0,,,0.2038,0.0
9,1,2,2,5,2,5,0,,,0.5089,0.0
9,1,2,2,6,3,6,0,,,0.2105,0.0
9,1,2,2,7,6,6,1,,,0.3393,0.0
9,1,2,2,8,6,6,1,,,0.3236,0.0
9,1,2,2,9,3,3,1,,,0.6131,0.0
9,1,2,2,10,6,6,1,,,0.3454,0.0
9,1,2,2,11,6,6,1,,,0.4896,0.0
9,1,2,2,12,1,6,0,,,0.5317,0.0
9,1,2,2,13,4,1,0,,,1.624,0.0
9,1,2,2,14,1,5,0,4,0,1.1511,0.8998
9,1,2,2,15,5,4,0,,,1.1276,0.0
9,1,2,2,16,6,6,1,,,0.515,0.0
9,1,2,2,17,6,6,1,,,0.3799,0.0
9,1,2,2,18,6,5,0,1,0,0.3622,1.4394
9,1,2,2,19,5,5,1,,,0.3178,0.0
9,1,2,2,20,6,6,1,,,0.2873,0.0
9,1,2,2,21,4,2,0,,,0.7698,0.0
9,1,2,2,22,5,3,0,4,0,0.5882,2.3109
9,1,2,2,23,2,2,1,,,0.6738,0.0
9,1,2,2,24,6,2,0,6,1,0.6766,0.5408
9,1,2,2,25,1,3,0,,,0.6446,0.0
9,1,2,2,26,2,2,1,,,0.6276,0.0
9,1,2,2,27,2,1,0,,,0.9519,0.0
9,1,2,2,28,5,5,1,,,0.6828,0.0
9,1,2,2,29,1,2,0,,,1.2283,0.0
9,1,2,2,30,1,1,1,,,0.3557,0.0
9,1,2,2,31,5,3,0,,,0.7715,0.0
9,1,2,2,32,2,4,0,,,0.8139,0.0
9,1,2,2,33,3,6,0,,,0.7895,0.0
9,1,2,2,34,3,1,0,,,0.4154,0.0
9,1,2,2,35,5,6,0,,,0.5843,0.0
9,1,2,2,36,2,2,1,,,0.7771,0.0
9,1,2,2,37,1,1,1,,,0.3925,0.0
9,1,2,2,38,3,3,1,,,0.6466,0.0
9,1,2,2,39,3,4,0,2,0,1.8981,0.752
9,1,2,2,40,4,4,1,,,1.2589,0.0
9,1,2,2,41,5,6,0,,,0.3736,0.0
9,1,2,2,42,1,1,1,,,0.4324,0.0
9,1,2,2,43,5,2,0,6,0,0.9407,1.2091
9,1,2,2,44,3,4,0,,,1.329,0.0
9,1,2,2,45,2,1,0,,,0.692,0.0
9,1,2,2,46,4,4,1,,,0.6575,0.0
9,1,2,2,47,4,2,0,3,0,1.0445,0.7173
9,1,2,2,48,1,6,0,,,0.4257,0.0
9,1,2,2,49,3,2,0,,,0.7531,0.0
9,1,2,2,50,4,6,0,,,0.3961,0.0
9,1,2,3,1,4,6,0,2,0,0.4192,2.8047
9,1,2,3,2,1,6,0,4,0,0.7313,1.4729
9,1,2,3,3,5,3,0,5,1,1.3106,0.8762
9,1,2,3,4,1,6,0,2,0,0.1664,1.7786
9,1,2,3,5,6,6,1,,,0.083,0.0
9,1,2,3,6,1,1,1,,,0.35,0.0
9,1,2,3,7,5,5,1,,,0.5902,0.0
9,1,2,3,8,3,1,0,5,0,0.6445,1.4692
9,1,2,3,9,5,6,0,,,0.2666,0.0
9,1,2,3,10,5,6,0,,,0.569,0.0
9,1,2,3,11,5,5,1,,,0.2036,0.0
9,1,2,3,12,1,1,1,,,0.8659,0.0
9,1,2,3,13,5,5,1,,,0.8284,0.0
9,1,2,3,14,4,2,0,,,0.68,0.0
9,1,2,3,15,6,6,1,,,0.3257,0.0
9,1,2,3,16,3,3,1,,,0.8066,0.0
9,1,2,3,17,1,6,0,5,0,0.3084,1.739
9,1,2,3,18,6,6,1,,,0.3176,0.0
9,1,2,3,19,5,5,1,,,0.3507,0.0
9,1,2,3,20,3,6,0,,,0.8301,0.0
9,1,2,3,21,2,1,0,,,0.534,0.0
9,1,2,3,22,2,2,1,,,0.7459,0.0
9,1,2,3,23,4,6,0,5,0,0.6974,0.7838
9,1,2,3,24,6,6,1,,,0.1537,0.0
9,1,2,3,25,3,5,0,,,0.4333,0.0
9,1,2,3,26,4,1,0,3,0,0.8893,1.7521
9,1,2,3,27,6,6,1,,,0.2178,0.0
9,1,2,3,28,6,6,1,,,0.2232,0.0
9,1,2,3,29,2,2,1,,,0.7247,0.0
9,1,2,3,30,3,6,0,4,0,0.3414,1.4186
9,1,2,3,31,6,6,1,,,0.2501,0.0
9,1,2,3,32,2,2,1,,,0.7183,0.0
9,1,2,3,33,2,2,1,,,0.3829,0.0
9,1,2,3,34,4,4,1,,,0.8289,0.0
9,1,2,3,35,1,1,1,,,0.505,0.0
9,1,2,3,36,4,4,1,,,1.0271,0.0
9,1,2,3,37,3,6,0,,,0.5669,0.0
9,1,2,3,38,6,6,1,,,0.297,0.0
9,1,2,3,39,6,6,1,,,0.5391,0.0
9,1,2,3,40,4,4,1,,,0.7712,0.0
9,1,2,3,41,2,2,1,,,0.9622,0.0
9,1,2,3,42,2,6,0,,,0.4402,0.0
9,1,2,3,43,3,2,0,5,0,1.1527,0.9319
9,1,2,3,44,6,5,0,,,0.6473,0.0
9,1,2,3,45,1,1,1,,,1.9264,0.0
9,1,2,3,46,2,6,0,,,0.3101,0.0
9,1,2,3,47,3,3,1,,,0.7382,0.0
9,1,2,3,48,4,6,0,,,0.3384,0.0
9,1,2,3,49,5,6,0,4,0,0.5581,2.203
9,1,2,3,50,1,1,1,,,0.298,0.0
9,1,2,4,1,6,5,0,4,0,0.554,0.6784
9,1,2,4,2,1,5,0,,,0.5476,0.0
9,1,2,4,3,5,5,1,,,0.8383,0.0
9,1,2,4,4,2,2,1,,,0.8503,0.0
9,1,2,4,5,3,4,0,,,0.5896,0.0
9,1,2,4,6,4,5,0,,,0.3678,0.0
9,1,2,4,7,3,2,0,,,0.6502,0.0
9,1,2,4,8,1,6,0,,,0.4096,0.0
9,1,2,4,9,4,2,0,,,0.3059,0.0
9,1,2,4,10,4,1,0,3,0,0.7992,0.5781
9,1,2,4,11,3,3,1,,,0.8993,0.0
9,1,2,4,12,2,6,0,,,0.557,0.0
9,1,2,4,13,4,1,0,,,0.8959,0.0
9,1,2,4,14,1,2,0,,,0.6923,0.0
9,1,2,4,15,6,6,1,,,0.3542,0.0
9,1,2,4,16,6,6,1,,,0.2102,0.0
9,1,2,4,17,1,1,1,,,0.679,0.0
9,1,2,4,18,1,1,1,,,0.3935,0.0
9,1,2,4,19,5,5,1,,,0.3916,0.0
9,1,2,4,20,5,5,1,,,0.4378,0.0
9,1,2,4,21,6,6,1,,,0.658,0.0
9,1,2,4,22,4,2,0,,,0.7575,0.0
9,1,2,4,23,6,6,1,,,0.7041,0.0
9,1,2,4,24,5,1,0,,,0.5932,0.0
9,1,2,4,25,2,6,0,,,0.4824,0.0
9,1,2,4,26,2,6,0,,,0.6002,0.0
9,1,2,4,27,1,5,0,2,0,0.4089,1.1637
9,1,2,4,28,2,3,0,1,0,0.6937,1.0525
9,1,2,4,29,3,6,0,,,0.4589,0.0
9,1,2,4,30,6,6,1,,,0.0025,0.0
9,1,2,4,31,6,6,1,,,0.0002,0.0
9,1,2,4,32,5,1,0,,,0.9904,0.0
9,1,2,4,33,5,5,1,,,1.2954,0.0
9,1,2,4,34,5,6,0,,,0.489,0.0
9,1,2,4,35,1,1,1,,,0.7666,0.0
9,1,2,4,36,3,3,1,,,0.6854,0.0
9,1,2,4,37,6,2,0,,,0.5749,0.0
9,1,2,4,38,4,6,0,,,0.1941,0.0
9,1,2,4,39,6,6,1,,,0.4509,0.0
9,1,2,4,40,3,2,0,4,0,1.2625,0.8306
9,1,2,4,41,5,6,0,2,0,0.5978,1.6329
9,1,2,4,42,3,3,1,,,0.8713,0.0
9,1,2,4,43,4,3,0,4,1,0.3703,3.2858
9,1,2,4,44,1,1,1,,,0.7012,0.0
9,1,2,4,45,2,1,0,,,0.447,0.0
9,1,2,4,46,2,5,0,,,0.9179,0.0
9,1,2,4,47,2,2,1,,,0.586,0.0
9,1,2,4,48,6,6,1,,,0.5119,0.0
9,1,2,4,49,3,3,1,,,1.0973,0.0
9,1,2,4,50,4,3,0,,,0.4585,0.0
9,1,3,1,1,4,1,0,,,0.3515,0.0
9,1,3,1,2,4,6,0,,,0.1869,0.0
9,1,3,1,3,5,5,1,,,0.7496,0.0
9,1,3,1,4,5,5,1,,,0.5242,0.0
9,1,3,1,5,6,6,1,,,0.2618,0.0
9,1,3,1,6,5,1,0,,,0.6007,0.0
9,1,3,1,7,1,5,0,,,0.682,0.0
9,1,3,1,8,5,6,0,2,0,0.5676,1.6987
9,1,3,1,9,1,5,0,,,0.1828,0.0
9,1,3,1,10,3,3,1,,,0.7774,0.0
9,1,3,1,11,6,6,1,,,0.2474,0.0
9,1,3,1,12,3,6,0,,,0.1869,0.0
9,1,3,1,13,6,1,0,5,0,0.6052,2.4074
9,1,3,1,14,1,6,0,2,0,0.3667,1.2824
9,1,3,1,15,2,2,1,,,0.7434,0.0
9,1,3,1,16,5,2,0,,,0.3589,0.0
9,1,3,1,17,2,2,1,,,0.8177,0.0
9,1,3,1,18,3,6,0,,,0.8137,0.0
9,1,3,1,19,6,1,0,,,0.7259,0.0
9,1,3,1,20,6,1,0,6,1,0.6579,0.4743
9,1,3,1,21,2,6,0,,,2.6614,0.0
9,1,3,1,22,6,1,0,6,1,0.4813,1.5049
9,1,3,1,23,4,4,1,,,0.6897,0.0
9,1,3,1,24,2,5,0,,,0.8515,0.0
9,1,3,1,25,1,5,0,,,0.3783,0.0
9,1,3,1,26,5,4,0,,,0.9,0.0
9,1,3,1,27,3,5,0,,,0.9849,0.0
9,1,3,1,28,1,1,1,,,0.6664,0.0
9,1,3,1,29,6,4,0,,,0.7333,0.0
9,1,3,1,30,3,6,0,4,0,0.3608,1.0689
9,1,3,1,31,4,5,0,,,0.7312,0.0
9,1,3,1,32,2,1,0,,,0.647,0.0
9,1,3,1,33,3,1,0,,,1.2856,0.0
9,1,3,1,34,1,4,0,,,0.6986,0.0
9,1,3,1,35,3,4,0,,,0.8392,0.0
9,1,3,1,36,2,2,1,,,0.9749,0.0
9,1,3,1,37,1,5,0,,,0.5978,0.0
9,1,3,1,38,5,6,0,5,1,0.4066,1.7527
9,1,3,1,39,5,2,0,5,1,0.9588,0.9547
9,1,3,1,40,4,2,0,,,0.6739,0.0
9,1,3,1,41,3,6,0,,,0.2727,0.0
9,1,3,1,42,2,5,0,2,1,0.3676,1.0116
9,1,3,1,43,6,6,1,,,0.7592,0.0
9,1,3,1,44,6,6,1,,,0.2154,0.0
9,1,3,1,45,1,1,1,,,0.5727,0.0
9,1,3,1,46,6,6,1,,,0.8513,0.0
9,1,3,1,47,4,6,0,,,0.3829,0.0
9,1,3,1,48,4,4,1,,,1.1447,0.0
9,1,3,1,49,2,6,0,,,0.6473,0.0
9,1,3,1,50,4,4,1,,,0.8228,0.0
9,1,3,2,1,4,4,1,,,1.1529,0.0
9,1,3,2,2,6,6,1,,,0.2399,0.0
9,1,3,2,3,6,6,1,,,0.228,0.0
9,1,3,2,4,1,2,0,,,0.6334,0.0
9,1,3,2,5,6,6,1,,,0.7607,0.0
9,1,3,2,6,1,4,0,,,0.7595,0.0
9,1,3,2,7,1,5,0,,,0.2258,0.0
9,1,3,2,8,5,1,0,,,0.7694,0.0
9,1,3,2,9,3,4,0,,,0.8596,0.0
9,1,3,2,10,5,4,0,2,0,0.5295,1.8073
9,1,3,2,11,5,1,0,,,0.8474,0.0
9,1,3,2,12,5,6,0,5,1,0.1179,1.4919
9,1,3,2,13,2,4,0,,,0.7577,0.0
9,1,3,2,14,4,4,1,,,0.464,0.0
9,1,3,2,15,4,4,1,,,0.3945,0.0
9,1,3,2,16,6,4,0,1,0,0.4082,1.6268
9,1,3,2,17,2,2,1,,,0.6896,0.0
9,1,3,2,18,2,2,1,,,0.5473,0.0
9,1,3,2,19,5,2,0,,,0.5077,0.0
9,1,3,2,20,5,6,0,,,0.6077,0.0
9,1,3,2,21,3,4,0,,,0.4489,0.0
9,1,3,2,22,3,5,0,,,0.7122,0.0
9,1,3,2,23,4,6,0,,,0.772,0.0
9,1,3,2,24,1,1,1,,,0.7986,0.0
9,1,3,2,25,4,4,1,,,0.588,0.0
9,1,3,2,26,2,3,0,4,0,0.93,1.3596
9,1,3,2,27,3,1,0,,,0.2897,0.0
9,1,3,2,28,4,6,0,,,0.2553,0.0
9,1,3,2,29,5,6,0,4,0,0.0472,1.6002
9,1,3,2,30,6,1,0,5,0,0.5207,2.0858
9,1,3,2,31,3,6,0,,,0.298,0.0
9,1,3,2,32,1,1,1,,,0.4238,0.0
9,1,3,2,33,2,5,0,4,0,0.6126,0.799
9,1,3,2,34,3,1,0,,,0.7596,0.0
9,1,3,2,35,5,3,0,,,0.898,0.0
9,1,3,2,36,3,4,0,,,0.9823,0.0
9,1,3,2,37,2,5,0,6,0,0.3283,0.4942
9,1,3,2,38,2,4,0,,,1.1232,0.0
9,1,3,2,39,6,6,1,,,0.1912,0.0
9,1,3,2,40,3,3,1,,,0.9012,0.0
9,1,3,2,41,6,6,1,,,0.6865,0.0
9,1,3,2,42,6,5,0,2,0,0.8172,1.651
9,1,3,2,43,1,5,0,4,0,0.5687,2.6121
9,1,3,2,44,4,5,0,,,0.5142,0.0
9,1,3,2,45,6,3,0,,,1.3987,0.0
9,1,3,2,46,2,1,0,,,0.5192,0.0
9,1,3,2,47,1,2,0,,,1.0838,0.0
9,1,3,2,48,1,1,1,,,1.2087,0.0
9,1,3,2,49,6,6,1,,,0.6779,0.0
9,1,3,2,50,4,3,0,,,0.9037,0.0
9,1,3,3,1,4,5,0,,,1.226,0.0
9,1,3,3,2,1,6,0,,,0.193,0.0
9,1,3,3,3,1,1,1,,,0.5946,0.0
9,1,3,3,4,4,3,0,5,0,0.8723,0.7597
9,1,3,3,5,5,5,1,,,0.4658,0.0
9,1,3,3,6,1,6,0,2,0,0.6209,0.598
9,1,3,3,7,3,6,0,5,0,0.1831,0.8837
9,1,3,3,8,6,6,1,,,0.185,0.0
9,1,3,3,9,1,5,0,1,1,0.2715,0.7757
9,1,3,3,10,1,1,1,,,0.3739,0.0
9,1,3,3,11,6,6,1,,,0.7729,0.0
9,1,3,3,12,3,6,0,,,0.1958,0.0
9,1,3,3,13,2,6,0,,,0.3735,0.0
9,1,3,3,14,6,3,0,2,0,0.8953,1.1498
9,1,3,3,15,6,6,1,,,0.2164,0.0
9,1,3,3,16,6,3,0,6,1,0.7332,0.6749
9,1,3,3,17,5,4,0,,,0.3098,0.0
9,1,3,3,18,4,1,0,,,0.7382,0.0
9,1,3,3,19,1,6,0,1,1,0.5097,1.5805
9,1,3,3,20,5,1,0,,,0.8256,0.0
9,1,3,3,21,5,6,0,,,0.8489,0.0
9,1,3,3,22,6,3,0,4,0,0.7119,2.8619
9,1,3,3,23,4,5,0,6,0,0.2261,0.5726
9,1,3,3,24,4,6,0,,,0.0152,0.0
9,1,3,3,25,5,6,0,,,0.0556,0.0
9,1,3,3,26,2,4,0,1,0,0.1755,0.7159
9,1,3,3,27,2,2,1,,,0.7276,0.0
9,1,3,3,28,3,3,1,,,0.4402,0.0
9,1,3,3,29,5,4,0,,,0.5646,0.0
9,1,3,3,30,6,6,1,,,0.3587,0.0
9,1,3,3,31,6,6,1,,,0.6456,0.0
9,1,3,3,32,2,3,0,,,0.7931,0.0
9,1,3,3,33,1,3,0,,,0.4343,0.0
9,1,3,3,34,2,2,1,,,0.8582,0.0
9,1,3,3,35,4,4,1,,,0.7734,0.0
9,1,3,3,36,5,1,0,6,0,0.5794,0.7195
9,1,3,3,37,2,2,1,,,0.4757,0.0
9,1,3,3,38,3,4,0,6,0,0.6777,1.4213
9,1,3,3,39,6,6,1,,,0.8446,0.0
9,1,3,3,40,3,5,0,,,0.5039,0.0
9,1,3,3,41,4,3,0,,,1.0851,0.0
9,1,3,3,42,3,5,0,4,0,0.4261,1.1322
9,1,3,3,43,5,5,1,,,0.311,0.0
9,1,3,3,44,2,2,1,,,0.7449,0.0
9,1,3,3,45,2,3,0,,,0.5682,0.0
9,1,3,3,46,1,6,0,5,0,0.9385,0.583
9,1,3,3,47,4,1,0,5,0,0.9049,5.8948
9,1,3,3,48,6,6,1,,,0.462,0.0
9,1,3,3,49,3,1,0,,,0.9854,0.0
9,1,3,3,50,3,3,1,,,0.7626,0.0
9,1,3,4,1,4,3,0,,,1.1271,0.0
9,1,3,4,2,4,5,0,,,0.9303,0.0
9,1,3,4,3,1,2,0,,,0.7893,0.0
9,1,3,4,4,6,6,1,,,0.095,0.0
9,1,3,4,5,1,2,0,,,0.5535,0.0
9,1,3,4,6,5,2,0,,,0.3002,0.0
9,1,3,4,7,3,1,0,4,0,0.4094,1.2758
9,1,3,4,8,2,2,1,,,0.2572,0.0
9,1,3,4,9,3,6,0,,,0.261,0.0
9,1,3,4,10,5,2,0,,,0.3878,0.0
9,1,3,4,11,2,2,1,,,1.0538,0.0
9,1,3,4,12,2,1,0,4,0,0.9931,0.7634
9,1,3,4,13,1,1,1,,,0.9178,0.0
9,1,3,4,14,6,2,0,,,0.5097,0.0
9,1,3,4,15,6,1,0,4,0,0.93,1.5357
9,1,3,4,16,6,2,0,,,0.7143,0.0
9,1,3,4,17,3,2,0,,,0.2631,0.0
9,1,3,4,18,5,5,1,,,0.5494,0.0
9,1,3,4,19,4,4,1,,,0.7012,0.0
9,1,3,4,20,6,6,1,,,0.2388,0.0
9,1,3,4,21,3,1,0,,,0.803,0.0
9,1,3,4,22,6,6,1,,,0.428,0.0
9,1,3,4,23,3,2,0,3,1,0.8243,0.9053
9,1,3,4,24,5,5,1,,,1.2505,0.0
9,1,3,4,25,6,6,1,,,0.2218,0.0
9,1,3,4,26,5,2,0,,,0.4667,0.0
9,1,3,4,27,6,6,1,,,0.2813,0.0
9,1,3,4,28,2,2,1,,,0.6039,0.0
9,1,3,4,29,5,4,0,3,0,1.1374,0.9024
9,1,3,4,30,5,5,1,,,0.6671,0.0
9,1,3,4,31,2,3,0,2,1,0.8773,1.0048
9,1,3,4,32,2,2,1,,,0.4661,0.0
9,1,3,4,33,1,3,0,,,0.6054,0.0
9,1,3,4,34,3,5,0,,,0.4786,0.0
9,1,3,4,35,2,2,1,,,0.6124,0.0
9,1,3,4,36,2,6,0,,,0.505,0.0
9,1,3,4,37,6,6,1,,,0.2545,0.0
9,1,3,4,38,3,5,0,2,0,0.53,0.8477
9,1,3,4,39,6,6,1,,,0.4067,0.0
9,1,3,4,40,4,6,0,5,0,0.2926,1.068
9,1,3,4,41,4,1,0,2,0,0.6813,1.1215
9,1,3,4,42,3,3,1,,,0.845,0.0
9,1,3,4,43,4,4,1,,,0.552,0.0
9,1,3,4,44,1,6,0,,,0.1282,0.0
9,1,3,4,45,4,5,0,,,0.6762,0.0
9,1,3,4,46,1,5,0,6,0,0.9777,0.5408
9,1,3,4,47,1,6,0,,,0.5443,0.0
9,1,3,4,48,1,5,0,,,0.4999,0.0
9,1,3,4,49,5,3,0,1,0,0.569,1.0283
9,1,3,4,50,4,6,0,5,0,0.2114,0.7501
9,1,4,1,1,1,6,0,,,0.3222,0.0
9,1,4,1,2,3,3,1,,,1.0396,0.0
9,1,4,1,3,6,6,1,,,0.1472,0.0
9,1,4,1,4,4,1,0,,,0.4753,0.0
9,1,4,1,5,5,6,0,1,0,0.2573,3.3535
9,1,4,1,6,6,6,1,,,0.0736,0.0
9,1,4,1,7,3,4,0,,,1.0766,0.0
9,1,4,1,8,4,4,1,,,1.4416,0.0
9,1,4,1,9,6,1,0,6,1,0.8211,0.4062
9,1,4,1,10,6,6,1,,,0.1642,0.0
9,1,4,1,11,1,4,0,,,0.6838,0.0
9,1,4,1,12,4,4,1,,,0.425,0.0
9,1,4,1,13,1,1,1,,,0.5014,0.0
9,1,4,1,14,5,6,0,5,1,0.5271,1.2452
9,1,4,1,15,2,3,0,4,0,0.4715,1.4156
9,1,4,1,16,6,6,1,,,0.1826,0.0
9,1,4,1,17,4,6,0,2,0,0.3493,0.5466
9,1,4,1,18,4,3,0,5,0,0.8062,0.9837
9,1,4,1,19,6,6,1,,,0.2175,0.0
9,1,4,1,20,1,3,0,4,0,0.8143,0.7367
9,1,4,1,21,5,6,0,,,0.6365,0.0
9,1,4,1,22,2,6,0,1,0,0.1876,0.9675
9,1,4,1,23,4,6,0,,,0.1692,0.0
9,1,4,1,24,6,6,1,,,0.0439,0.0
9,1,4,1,25,6,6,1,,,0.1203,0.0
9,1,4,1,26,2,2,1,,,0.4978,0.0
9,1,4,1,27,5,4,0,,,1.0991,0.0
9,1,4,1,28,3,3,1,,,0.7121,0.0
9,1,4,1,29,1,1,1,,,1.3687,0.0
9,1,4,1,30,3,6,0,1,0,0.2389,0.7759
9,1,4,1,31,2,2,1,,,0.594,0.0
9,1,4,1,32,5,1,0,,,1.2716,0.0
9,1,4,1,33,3,1,0,,,0.5245,0.0
9,1,4,1,34,4,4,1,,,0.7367,0.0
9,1,4,1,35,2,1,0,4,0,0.8488,0.8974
9,1,4,1,36,3,3,1,,,0.87,0.0
9,1,4,1,37,3,6,0,5,0,0.4805,1.4723
9,1,4,1,38,3,3,1,,,0.638,0.0
9,1,4,1,39,5,6,0,2,0,0.2581,0.7792
9,1,4,1,40,1,4,0,2,0,0.8525,0.6765
9,1,4,1,41,2,2,1,,,0.8821,0.0
9,1,4,1,42,5,5,1,,,0.4121,0.0
9,1,4,1,43,2,3,0,1,0,0.9368,0.902
9,1,4,1,44,4,1,0,,,0.6824,0.0
9,1,4,1,45,6,6,1,,,0.2158,0.0
9,1,4,1,46,6,6,1,,,0.1735,0.0
9,1,4,1,47,2,2,1,,,0.7244,0.0
9,1,4,1,48,1,1,1,,,0.4686,0.0
9,1,4,1,49,5,5,1,,,0.4156,0.0
9,1,4,1,50,1,1,1,,,1.037,0.0
9,1,4,2,1,1,1,1,,,0.3182,0.0
9,1,4,2,2,3,6,0,,,0.1917,0.0
9,1,4,2,3,5,5,1,,,0.5449,0.0
9,1,4,2,4,4,6,0,,,0.6008,0.0
9,1,4,2,5,6,3,0,6,1,0.6652,0.4495
9,1,4,2,6,5,2,0,,,0.5258,0.0
9,1,4,2,7,4,5,0,,,0.5457,0.0
9,1,4,2,8,2,6,0,,,0.3243,0.0
9,1,4,2,9,2,5,0,,,0.6245,0.0
9,1,4,2,10,6,6,1,,,0.7684,0.0
9,1,4,2,11,4,1,0,,,0.7509,0.0
9,1,4,2,12,5,6,0,,,0.4899,0.0
9,1,4,2,13,4,6,0,,,0.5588,0.0
9,1,4,2,14,3,2,0,,,0.2095,0.0
9,1,4,2,15,5,3,0,2,0,1.8099,0.9549
9,1,4,2,16,2,6,0,,,0.2376,0.0
9,1,4,2,17,5,5,1,,,0.3645,0.0
9,1,4,2,18,1,1,1,,,0.3002,0.0
9,1,4,2,19,1,5,0,,,0.5582,0.0
9,1,4,2,20,6,6,1,,,0.1763,0.0
9,1,4,2,21,6,6,1,,,0.2467,0.0
9,1,4,2,22,6,6,1,,,0.1712,0.0
9,1,4,2,23,5,2,0,,,0.5947,0.0
9,1,4,2,24,1,6,0,5,0,0.3552,1.0482
9,1,4,2,25,2,5,0,,,0.4544,0.0
9,1,4,2,26,1,1,1,,,0.3655,0.0
9,1,4,2,27,3,3,1,,,0.909,0.0
9,1,4,2,28,6,6,1,,,0.2453,0.0
9,1,4,2,29,4,4,1,,,1.0013,0.0
9,1,4,2,30,6,6,1,,,0.1908,0.0
9,1,4,2,31,2,3,0,5,0,0.6762,0.6359
9,1,4,2,32,4,5,0,6,0,0.4119,0.4623
9,1,4,2,33,3,2,0,5,0,0.9809,0.5439
9,1,4,2,34,3,4,0,,,0.5952,0.0
9,1,4,2,35,5,6,0,,,0.596,0.0
9,1,4,2,36,5,6,0,,,0.6132,0.0
9,1,4,2,37,2,2,1,,,0.7732,0.0
9,1,4,2,38,6,6,1,,,0.4679,0.0
9,1,4,2,39,3,2,0,,,0.6555,0.0
9,1,4,2,40,1,1,1,,,0.4137,0.0
9,1,4,2,41,2,6,0,,,0.5069,0.0
9,1,4,2,42,1,1,1,,,0.4953,0.0
9,1,4,2,43,6,6,1,,,0.5045,0.0
9,1,4,2,44,3,3,1,,,0.9626,0.0
9,1,4,2,45,4,6,0,,,0.8092,0.0
9,1,4,2,46,2,6,0,,,0.9449,0.0
9,1,4,2,47,1,1,1,,,0.9316,0.0
9,1,4,2,48,3,2,0,6,0,0.6356,0.9327
9,1,4,2,49,4,4,1,,,0.9042,0.0
9,1,4,2,50,6,6,1,,,0.3851,0.0
9,1,4,3,1,6,6,1,,,0.813,0.0
9,1,4,3,2,6,1,0,4,0,2.4101,0.8102
9,1,4,3,3,6,1,0,,,0.674,0.0
9,1,4,3,4,6,3,0,6,1,0.672,1.463
9,1,4,3,5,3,3,1,,,0.3932,0.0
9,1,4,3,6,2,2,1,,,0.551,0.0
9,1,4,3,7,3,6,0,,,0.4467,0.0
9,1,4,3,8,4,4,1,,,1.0302,0.0
9,1,4,3,9,2,6,0,,,0.618,0.0
9,1,4,3,10,3,5,0,6,0,0.4423,0.9551
9,1,4,3,11,1,6,0,,,0.381,0.0
9,1,4,3,12,1,3,0,1,1,0.6629,1.1197
9,1,4,3,13,1,6,0,1,1,0.32,1.4297
9,1,4,3,14,3,6,0,1,0,0.7291,1.4548
9,1,4,3,15,4,1,0,3,0,0.4928,0.7313
9,1,4,3,16,5,2,0,5,1,0.7435,1.4042
9,1,4,3,17,1,6,0,,,0.3688,0.0
9,1,4,3,18,5,5,1,,,0.4276,0.0
9,1,4,3,19,3,3,1,,,0.4556,0.0
9,1,4,3,20,2,1,0,5,0,0.6597,1.4678
9,1,4,3,21,6,6,1,,,0.329,0.0
9,1,4,3,22,2,2,1,,,0.6179,0.0
9,1,4,3,23,4,4,1,,,1.9825,0.0
9,1,4,3,24,3,6,0,,,0.939,0.0
9,1,4,3,25,5,3,0,6,0,0.5902,1.7209
9,1,4,3,26,2,6,0,,,0.396,0.0
9,1,4,3,27,3,2,0,,,1.0773,0.0
9,1,4,3,28,6,6,1,,,0.2749,0.0
9,1,4,3,29,4,5,0,6,0,0.5013,0.8673
9,1,4,3,30,6,1,0,6,1,0.554,0.4536
9,1,4,3,31,1,1,1,,,0.4337,0.0
9,1,4,3,32,5,6,0,,,0.8782,0.0
9,1,4,3,33,2,3,0,,,0.7871,0.0
9,1,4,3,34,4,1,0,,,1.5007,0.0
9,1,4,3,35,2,5,0,,,0.6963,0.0
9,1,4,3,36,4,6,0,5,0,1.717,2.1144
9,1,4,3,37,3,5,0,6,0,0.677,0.5088
9,1,4,3,38,5,5,1,,,0.5768,0.0
9,1,4,3,39,1,1,1,,,0.3269,0.0
9,1,4,3,40,2,2,1,,,0.5354,0.0
9,1,4,3,41,4,4,1,,,0.384,0.0
9,1,4,3,42,5,3,0,,,0.6386,0.0
9,1,4,3,43,4,6,0,,,0.4938,0.0
9,1,4,3,44,1,3,0,5,0,0.7863,0.5333
9,1,4,3,45,6,5,0,,,0.5688,0.0
9,1,4,3,46,6,3,0,6,1,0.6199,0.5972
9,1,4,3,47,5,3,0,,,1.0192,0.0
9,1,4,3,48,5,2,0,4,0,1.6428,0.5069
9,1,4,3,49,1,1,1,,,1.0073,0.0
9,1,4,3,50,6,6,1,,,0.1797,0.0
9,1,4,4,1,6,2,0,,,0.856,0.0
9,1,4,4,2,5,1,0,,,0.606,0.0
9,1,4,4,3,4,4,1,,,0.9582,0.0
9,1,4,4,4,5,5,1,,,0.2605,0.0
9,1,4,4,5,2,2,1,,,0.8242,0.0
9,1,4,4,6,1,6,0,,,0.8838,0.0
9,1,4,4,7,6,6,1,,,0.1524,0.0
9,1,4,4,8,3,2,0,4,0,0.6247,1.53
9,1,4,4,9,3,3,1,,,0.2611,0.0
9,1,4,4,10,2,5,0,2,1,0.1365,0.5818
9,1,4,4,11,3,1,0,,,0.3798,0.0
9,1,4,4,12,6,6,1,,,0.5178,0.0
9,1,4,4,13,3,3,1,,,0.8631,0.0
9,1,4,4,14,6,6,1,,,0.2173,0.0
9,1,4,4,15,2,5,0,2,1,0.607,0.9694
9,1,4,4,16,6,6,1,,,0.1281,0.0
9,1,4,4,17,6,6,1,,,0.1207,0.0
9,1,4,4,18,3,6,0,,,0.5459,0.0
9,1,4,4,19,4,1,0,5,0,0.8213,0.9983
9,1,4,4,20,4,4,1,,,0.8391,0.0
9,1,4,4,21,3,5,0,,,0.3063,0.0
9,1,4,4,22,5,3,0,2,0,1.0709,0.8063
9,1,4,4,23,2,1,0,,,0.334,0.0
9,1,4,4,24,6,6,1,,,0.218,0.0
9,1,4,4,25,4,4,1,,,0.7991,0.0
9,1,4,4,26,6,6,1,,,0.2367,0.0
9,1,4,4,27,1,3,0,5,0,0.6897,1.1283
9,1,4,4,28,4,6,0,1,0,0.6598,0.7475
9,1,4,4,29,1,6,0,,,0.6308,0.0
9,1,4,4,30,5,5,1,,,0.5023,0.0
9,1,4,4,31,3,1,0,,,0.8321,0.0
9,1,4,4,32,1,1,1,,,0.5509,0.0
9,1,4,4,33,3,6,0,,,0.3828,0.0
9,1,4,4,34,5,3,0,2,0,0.6813,1.2169
9,1,4,4,35,2,6,0,,,0.2963,0.0
9,1,4,4,36,1,6,0,5,0,0.2136,1.2162
9,1,4,4,37,6,4,0,2,0,0.6157,0.8339
9,1,4,4,38,2,6,0,1,0,0.2659,0.7865
9,1,4,4,39,4,2,0,,,0.651,0.0
9,1,4,4,40,4,4,1,,,0.554,0.0
9,1,4,4,41,5,3,0,5,1,0.5781,0.8136
9,1,4,4,42,2,2,1,,,0.6024,0.0
9,1,4,4,43,2,4,0,,,0.6559,0.0
9,1,4,4,44,6,6,1,,,0.1741,0.0
9,1,4,4,45,1,1,1,,,0.5643,0.0
9,1,4,4,46,1,3,0,,,0.9394,0.0
9,1,4,4,47,4,4,1,,,0.542,0.0
9,1,4,4,48,5,1,0,,,0.5019,0.0
9,1,4,4,49,5,6,0,,,0.33,0.0
9,1,4,4,50,1,3,0,,,1.0145,0.0
9,1,5,1,1,2,2,1,,,0.4789,0.0
9,1,5,1,2,3,6,0,,,0.2971,0.0
9,1,5,1,3,1,1,1,,,0.3743,0.0
9,1,5,1,4,2,3,0,,,0.837,0.0
9,1,5,1,5,2,6,0,5,0,0.2679,0.6119
9,1,5,1,6,4,4,1,,,0.788,0.0
9,1,5,1,7,4,4,1,,,0.3218,0.0
9,1,5,1,8,4,6,0,5,0,0.1627,0.6558
9,1,5,1,9,6,6,1,,,1.1505,0.0
9,1,5,1,10,3,4,0,2,0,0.8774,0.6845
9,1,5,1,11,4,6,0,,,0.2983,0.0
9,1,5,1,12,6,6,1,,,0.2319,0.0
9,1,5,1,13,3,3,1,,,0.8925,0.0
9,1,5,1,14,3,2,0,,,0.5654,0.0
9,1,5,1,15,2,2,1,,,0.2799,0.0
9,1,5,1,16,5,4,0,,,0.6988,0.0
9,1,5,1,17,3,2,0,,,0.7751,0.0
9,1,5,1,18,5,5,1,,,0.4011,0.0
9,1,5,1,19,2,2,1,,,0.6229,0.0
9,1,5,1,20,6,6,1,,,0.3075,0.0
9,1,5,1,21,3,3,1,,,0.6604,0.0
9,1,5,1,22,5,5,1,,,0.3276,0.0
9,1,5,1,23,6,6,1,,,0.2962,0.0
9,1,5,1,24,2,2,1,,,0.7139,0.0
9,1,5,1,25,5,5,1,,,0.1235,0.0
9,1,5,1,26,5,6,0,,,0.4683,0.0
9,1,5,1,27,5,3,0,5,1,0.6991,0.7855
9,1,5,1,28,1,6,0,1,1,0.2717,1.336
9,1,5,1,29,1,1,1,,,0.5113,0.0
9,1,5,1,30,2,2,1,,,0.7598,0.0
9,1,5,1,31,1,6,0,,,0.7425,0.0
9,1,5,1,32,6,1,0,5,0,0.5939,1.3409
9,1,5,1,33,1,1,1,,,0.9428,0.0
9,1,5,1,34,5,6,0,,,1.1261,0.0
9,1,5,1,35,6,3,0,5,0,0.7048,0.791
9,1,5,1,36,3,6,0,,,1.2323,0.0
9,1,5,1,37,4,2,0,,,0.5194,0.0
9,1,5,1,38,4,6,0,4,1,0.2355,1.173
9,1,5,1,39,6,6,1,,,0.5635,0.0
9,1,5,1,40,1,6,0,,,0.4265,0.0
9,1,5,1,41,4,6,0,,,0.2264,0.0
9,1,5,1,42,4,6,0,,,0.0979,0.0
9,1,5,1,43,6,6,1,,,0.2001,0.0
9,1,5,1,44,2,3,0,1,0,0.7495,1.1709
9,1,5,1,45,1,5,0,,,0.3488,0.0
9,1,5,1,46,3,5,0,,,0.0075,0.0
9,1,5,1,47,1,1,1,,,0.1609,0.0
9,1,5,1,48,6,6,1,,,0.3123,0.0
9,1,5,1,49,6,6,1,,,0.6174,0.0
9,1,5,1,50,5,5,1,,,0.7984,0.0
9,1,5,2,1,6,3,0,,,1.1771,0.0
9,1,5,2,2,3,3,1,,,0.5938,0.0
9,1,5,2,3,3,3,1,,,0.5679,0.0
9,1,5,2,4,1,1,1,,,0.4146,0.0
9,1,5,2,5,5,5,1,,,0.3795,0.0
9,1,5,2,6,4,2,0,,,0.6182,0.0
9,1,5,2,7,6,6,1,,,0.2667,0.0
9,1,5,2,8,4,2,0,,,0.3022,0.0
9,1,5,2,9,4,4,1,,,0.7312,0.0
9,1,5,2,10,4,2,0,,,0.9233,0.0
9,1,5,2,11,4,3,0,2,0,0.7189,0.6758
9,1,5,2,12,5,1,0,,,0.8658,0.0
9,1,5,2,13,1,6,0,5,0,0.1838,1.2031
9,1,5,2,14,2,3,0,,,0.7795,0.0
9,1,5,2,15,3,3,1,,,0.6139,0.0
9,1,5,2,16,3,6,0,,,0.2669,0.0
9,1,5,2,17,6,1,0,6,1,0.1685,1.301
9,1,5,2,18,3,6,0,1,0,0.1893,1.1772
9,1,5,2,19,2,1,0,,,1.0901,0.0
9,1,5,2,20,6,6,1,,,0.0465,0.0
9,1,5,2,21,1,1,1,,,1.339,0.0
9,1,5,2,22,6,6,1,,,0.0983,0.0
9,1,5,2,23,6,6,1,,,0.1885,0.0
9,1,5,2,24,6,5,0,1,0,0.2271,0.6051
9,1,5,2,25,5,5,1,,,0.2858,0.0
9,1,5,2,26,6,6,1,,,0.225,0.0
9,1,5,2,27,2,6,0,,,0.3893,0.0
9,1,5,2,28,6,6,1,,,0.2061,0.0
9,1,5,2,29,3,1,0,,,0.7877,0.0
9,1,5,2,30,2,5,0,,,0.4128,0.0
9,1,5,2,31,4,4,1,,,0.5653,0.0
9,1,5,2,32,2,2,1,,,0.9561,0.0
9,1,5,2,33,5,6,0,,,0.2751,0.0
9,1,5,2,34,5,5,1,,,0.2088,0.0
9,1,5,2,35,1,3,0,,,0.8383,0.0
9,1,5,2,36,2,2,1,,,0.7647,0.0
9,1,5,2,37,2,2,1,,,0.5231,0.0
9,1,5,2,38,1,6,0,,,0.9313,0.0
9,1,5,2,39,3,3,1,,,0.6631,0.0
9,1,5,2,40,2,2,1,,,0.4581,0.0
9,1,5,2,41,4,6,0,,,0.4051,0.0
9,1,5,2,42,4,2,0,,,0.5736,0.0
9,1,5,2,43,6,6,1,,,0.2396,0.0
9,1,5,2,44,5,4,0,,,0.5153,0.0
9,1,5,2,45,1,1,1,,,0.5838,0.0
9,1,5,2,46,5,4,0,,,0.958,0.0
9,1,5,2,47,1,2,0,,,0.4958,0.0
9,1,5,2,48,5,6,0,,,0.5967,0.0
9,1,5,2,49,3,6,0,,,0.3578,0.0
9,1,5,2,50,1,5,0,,,0.8329,0.0
9,1,5,3,1,6,6,1,,,0.1977,0.0
9,1,5,3,2,3,3,1,,,0.6996,0.0
9,1,5,3,3,1,2,0,,,0.3812,0.0
9,1,5,3,4,2,3,0,,,1.0144,0.0
9,1,5,3,5,3,6,0,1,0,0.214,0.5132
9,1,5,3,6,4,4,1,,,0.6454,0.0
9,1,5,3,7,3,2,0,5,0,0.793,0.8436
9,1,5,3,8,3,1,0,,,0.5784,0.0
9,1,5,3,9,2,2,1,,,0.6759,0.0
9,1,5,3,10,1,6,0,,,0.1667,0.0
9,1,5,3,11,2,2,1,,,0.5531,0.0
9,1,5,3,12,3,1,0,,,0.5287,0.0
9,1,5,3,13,5,5,1,,,0.6288,0.0
9,1,5,3,14,3,1,0,,,0.6804,0.0
9,1,5,3,15,1,1,1,,,0.6294,0.0
9,1,5,3,16,4,4,1,,,0.8095,0.0
9,1,5,3,17,2,2,1,,,0.3742,0.0
9,1,5,3,18,1,4,0,2,0,1.3971,0.6875
9,1,5,3,19,4,6,0,5,0,0.2685,0.4527
9,1,5,3,20,4,2,0,,,0.3963,0.0
9,1,5,3,21,6,6,1,,,0.213,0.0
9,1,5,3,22,5,2,0,4,0,1.1946,1.4047
9,1,5,3,23,1,5,0,,,0.1559,0.0
9,1,5,3,24,2,2,1,,,0.2548,0.0
9,1,5,3,25,4,2,0,,,0.2913,0.0
9,1,5,3,26,6,6,1,,,0.2405,0.0
9,1,5,3,27,4,1,0,,,1.14,0.0
9,1,5,3,28,5,3,0,5,1,0.8305,1.056
9,1,5,3,29,6,6,1,,,0.179,0.0
9,1,5,3,30,4,6,0,,,0.4256,0.0
9,1,5,3,31,3,3,1,,,0.7222,0.0
9,1,5,3,32,5,3,0,,,0.5936,0.0
9,1,5,3,33,5,1,0,,,1.2187,0.0
9,1,5,3,34,6,3,0,,,1.3706,0.0
9,1,5,3,35,1,1,1,,,0.9394,0.0
9,1,5,3,36,6,2,0,6,1,0.7392,0.6324
9,1,5,3,37,4,3,0,,,0.6207,0.0
9,1,5,3,38,1,4,0,1,1,1.2602,1.1317
9,1,5,3,39,3,6,0,,,0.3791,0.0
9,1,5,3,40,2,2,1,,,0.6449,0.0
9,1,5,3,41,5,2,0,,,0.6007,0.0
9,1,5,3,42,6,6,1,,,0.2337,0.0
9,1,5,3,43,2,1,0,,,0.3823,0.0
9,1,5,3,44,6,6,1,,,0.216,0.0
9,1,5,3,45,1,1,1,,,0.9575,0.0
9,1,5,3,46,2,2,1,,,0.6445,0.0
9,1,5,3,47,6,6,1,,,0.2638,0.0
9,1,5,3,48,6,6,1,,,0.5066,0.0
9,1,5,3,49,5,6,0,,,0.2919,0.0
9,1,5,3,50,5,1,0,,,0.6411,0.0
9,1,5,4,1,1,1,1,,,0.4776,0.0
9,1,5,4,2,4,6,0,1,0,0.8564,1.0966
9,1,5,4,3,2,6,0,4,0,0.2928,1.372
9,1,5,4,4,4,4,1,,,0.6845,0.0
9,1,5,4,5,3,3,1,,,0.431,0.0
9,1,5,4,6,6,3,0,,,0.3631,0.0
9,1,5,4,7,1,3,0,,,0.4542,0.0
9,1,5,4,8,2,2,1,,,0.4445,0.0
9,1,5,4,9,3,1,0,,,0.2806,0.0
9,1,5,4,10,6,3,0,4,0,0.6146,2.4324
9,1,5,4,11,2,2,1,,,0.486,0.0
9,1,5,4,12,1,1,1,,,0.2888,0.0
9,1,5,4,13,6,6,1,,,0.3068,0.0
9,1,5,4,14,6,2,0,5,0,1.5881,0.7899
9,1,5,4,15,4,6,0,2,0,0.3349,0.7558
9,1,5,4,16,2,2,1,,,0.3338,0.0
9,1,5,4,17,5,6,0,,,0.1262,0.0
9,1,5,4,18,1,1,1,,,0.3709,0.0
9,1,5,4,19,1,1,1,,,0.3699,0.0
9,1,5,4,20,4,5,0,,,0.4482,0.0
9,1,5,4,21,1,6,0,,,0.6315,0.0
9,1,5,4,22,3,5,0,,,0.3908,0.0
9,1,5,4,23,5,2,0,,,0.4481,0.0
9,1,5,4,24,6,6,1,,,0.1987,0.0
9,1,5,4,25,3,2,0,,,0.6206,0.0
9,1,5,4,26,5,5,1,,,0.9404,0.0
9,1,5,4,27,6,3,0,4,0,0.7394,0.8083
9,1,5,4,28,1,3,0,,,0.6724,0.0
9,1,5,4,29,4,2,0,,,0.4784,0.0
9,1,5,4,30,2,1,0,5,0,1.0122,0.4623
9,1,5,4,31,6,3,0,4,0,1.6366,0.7883
9,1,5,4,32,3,6,0,3,1,0.702,0.5639
9,1,5,4,33,4,3,0,,,0.155,0.0
9,1,5,4,34,3,5,0,,,1.2779,0.0
9,1,5,4,35,3,6,0,,,0.547,0.0
9,1,5,4,36,4,5,0,,,0.629,0.0
9,1,5,4,37,6,1,0,4,0,0.5807,1.4884
9,1,5,4,38,5,5,1,,,0.2214,0.0
9,1,5,4,39,2,2,1,,,0.3856,0.0
9,1,5,4,40,5,6,0,1,0,0.9444,1.149
9,1,5,4,41,5,1,0,,,0.7276,0.0
9,1,5,4,42,5,5,1,,,0.5146,0.0
9,1,5,4,43,1,5,0,6,0,0.3636,0.6244
9,1,5,4,44,3,2,0,6,0,0.4642,1.3603
9,1,5,4,45,2,1,0,2,1,0.3383,0.4871
9,1,5,4,46,4,6,0,1,0,0.1769,0.5254
9,1,5,4,47,2,2,1,,,0.305,0.0
9,1,5,4,48,6,6,1,,,0.291,0.0
9,1,5,4,49,6,6,1,,,0.0847,0.0
9,1,5,4,50,5,5,1,,,0.3194,0.0
9,2,1,1,1,2,5,0,,,0.4153,0.0
9,2,1,1,2,1,2,0,4,0,0.4718,2.1354
9,2,1,1,3,4,4,1,,,1.0499,0.0
9,2,1,1,4,1,6,0,,,0.3488,0.0
9,2,1,1,5,5,5,1,,,0.3602,0.0
9,2,1,1,6,3,4,0,,,0.5838,0.0
9,2,1,1,7,3,5,0,,,0.4097,0.0
9,2,1,1,8,2,2,1,,,0.6585,0.0
9,2,1,1,9,3,6,0,,,0.4226,0.0
9,2,1,1,10,3,3,1,,,0.6549,0.0
9,2,1,1,11,6,6,1,,,0.3066,0.0
9,2,1,1,12,6,6,1,,,0.5163,0.0
9,2,1,1,13,4,3,0,,,0.7174,0.0
9,2,1,1,14,4,6,0,,,0.6174,0.0
9,2,1,1,15,2,2,1,,,0.458,0.0
9,2,1,1,16,5,5,1,,,0.4694,0.0
9,2,1,1,17,2,6,0,,,1.6325,0.0
9,2,1,1,18,5,3,0,,,0.4234,0.0
9,2,1,1,19,6,1,0,,,0.608,0.0
9,2,1,1,20,2,2,1,,,0.3368,0.0
9,2,1,1,21,5,5,1,,,0.4332,0.0
9,2,1,1,22,6,5,0,,,0.4458,0.0
9,2,1,1,23,5,6,0,,,0.5486,0.0
9,2,1,1,24,3,2,0,,,0.5358,0.0
9,2,1,1,25,2,1,0,,,0.8278,0.0
9,2,1,1,26,6,6,1,,,1.5556,0.0
9,2,1,1,27,6,6,1,,,0.2907,0.0
9,2,1,1,28,2,2,1,,,0.4049,0.0
9,2,1,1,29,4,5,0,,,0.5147,0.0
9,2,1,1,30,6,6,1,,,0.2312,0.0
9,2,1,1,31,5,5,1,,,0.9074,0.0
9,2,1,1,32,1,3,0,,,0.7573,0.0
9,2,1,1,33,5,2,0,,,0.352,0.0
9,2,1,1,34,6,6,1,,,0.4755,0.0
9,2,1,1,35,1,1,1,,,0.5821,0.0
9,2,1,1,36,1,2,0,,,0.4284,0.0
9,2,1,1,37,1,6,0,,,0.5487,0.0
9,2,1,1,38,4,4,1,,,0.8083,0.0
9,2,1,1,39,3,3,1,,,0.8536,0.0
9,2,1,1,40,2,2,1,,,0.4649,0.0
9,2,1,1,41,6,4,0,1,0,0.7641,0.88
9,2,1,1,42,1,1,1,,,1.0132,0.0
9,2,1,1,43,4,6,0,4,1,0.6025,1.077
9,2,1,1,44,1,2,0,,,0.407,0.0
9,2,1,1,45,3,4,0,,,0.592,0.0
9,2,1,1,46,5,1,0,,,1.314,0.0
9,2,1,1,47,3,3,1,,,0.6613,0.0
9,2,1,1,48,4,5,0,,,0.4893,0.0
9,2,1,1,49,4,4,1,,,0.6548,0.0
9,2,1,1,50,6,6,1,,,0.2745,0.0
9,2,1,2,1,5,3,0,,,0.6596,0.0
9,2,1,2,2,4,3,0,,,0.5464,0.0
9,2,1,2,3,1,2,0,,,0.5175,0.0
9,2,1,2,4,6,6,1,,,0.5537,0.0
9,2,1,2,5,4,4,1,,,0.4815,0.0
9,2,1,2,6,5,3,0,,,0.6839,0.0
9,2,1,2,7,2,2,1,,,0.457,0.0
9,2,1,2,8,3,3,1,,,0.5173,0.0
9,2,1,2,9,4,6,0,,,0.5263,0.0
9,2,1,2,10,2,2,1,,,0.5629,0.0
9,2,1,2,11,6,6,1,,,0.3463,0.0
9,2,1,2,12,3,2,0,,,0.3951,0.0
9,2,1,2,13,6,1,0,,,0.5164,0.0
9,2,1,2,14,5,5,1,,,0.3125,0.0
9,2,1,2,15,6,1,0,,,0.4904,0.0
9,2,1,2,16,4,5,0,1,0,0.4003,1.1544
9,2,1,2,17,4,6,0,,,0.4935,0.0
9,2,1,2,18,3,3,1,,,0.7867,0.0
9,2,1,2,19,3,3,1,,,0.4971,0.0
9,2,1,2,20,2,6,0,5,0,0.5546,1.5112
9,2,1,2,21,3,6,0,2,0,0.3871,2.2463
9,2,1,2,22,5,1,0,,,0.5802,0.0
9,2,1,2,23,2,2,1,,,0.8377,0.0
9,2,1,2,24,6,6,1,,,0.4497,0.0
9,2,1,2,25,1,3,0,,,1.0379,0.0
9,2,1,2,26,2,2,1,,,0.9891,0.0
9,2,1,2,27,2,5,0,,,0.4189,0.0
9,2,1,2,28,1,1,1,,,0.4111,0.0
9,2,1,2,29,5,2,0,,,0.4571,0.0
9,2,1,2,30,5,4,0,6,0,0.5921,0.8915
9,2,1,2,31,5,5,1,,,0.4327,0.0
9,2,1,2,32,3,3,1,,,0.525,0.0
9,2,1,2,33,4,4,1,,,0.9821,0.0
9,2,1,2,34,1,5,0,,,1.7235,0.0
9,2,1,2,35,3,2,0,,,0.5752,0.0
9,2,1,2,36,2,2,1,,,0.3691,0.0
9,2,1,2,37,6,6,1,,,0.4481,0.0
9,2,1,2,38,1,1,1,,,0.5083,0.0
9,2,1,2,39,4,5,0,,,0.5978,0.0
9,2,1,2,40,6,6,1,,,0.2147,0.0
9,2,1,2,41,1,1,1,,,0.5883,0.0
9,2,1,2,42,1,1,1,,,0.9147,0.0
9,2,1,2,43,6,6,1,,,0.5392,0.0
9,2,1,2,44,1,1,1,,,0.755,0.0
9,2,1,2,45,4,3,0,,,1.235,0.0
9,2,1,2,46,6,6,1,,,0.3298,0.0
9,2,1,2,47,2,3,0,,,0.5545,0.0
9,2,1,2,48,6,6,1,,,0.2695,0.0
9,2,1,2,49,3,6,0,3,1,0.3202,1.2066
9,2,1,2,50,5,5,1,,,0.6752,0.0
9,2,1,3,1,2,2,1,,,0.5316,0.0
9,2,1,3,2,1,4,0,6,0,0.652,1.8608
9,2,1,3,3,6,2,0,,,0.5302,0.0
9,2,1,3,4,6,2,0,6,1,0.3418,0.6191
9,2,1,3,5,4,6,0,,,0.3999,0.0
9,2,1,3,6,6,1,0,,,0.6172,0.0
9,2,1,3,7,5,6,0,1,0,0.6819,0.9132
9,2,1,3,8,3,3,1,,,0.9171,0.0
9,2,1,3,9,4,2,0,6,0,0.734,0.6422
9,2,1,3,10,3,3,1,,,0.6903,0.0
9,2,1,3,11,3,3,1,,,0.5165,0.0
9,2,1,3,12,1,2,0,,,0.4292,0.0
9,2,1,3,13,4,6,0,,,0.6929,0.0
9,2,1,3,14,4,4,1,,,0.5629,0.0
9,2,1,3,15,5,5,1,,,0.5061,0.0
9,2,1,3,16,1,2,0,,,0.5155,0.0
9,2,1,3,17,2,1,0,2,1,0.5359,0.6766
9,2,1,3,18,3,6,0,2,0,0.6317,1.0894
9,2,1,3,19,1,2,0,1,1,0.4468,0.5917
9,2,1,3,20,3,3,1,,,0.5338,0.0
9,2,1,3,21,1,5,0,,,0.702,0.0
9,2,1,3,22,6,6,1,,,0.2988,0.0
9,2,1,3,23,2,2,1,,,0.5411,0.0
9,2,1,3,24,3,3,1,,,0.5016,0.0
9,2,1,3,25,2,6,0,4,0,0.4789,1.1033
9,2,1,3,26,3,1,0,,,0.635,0.0
9,2,1,3,27,1,2,0,,,0.7788,0.0
9,2,1,3,28,5,6,0,,,0.4209,0.0
9,2,1,3,29,4,2,0,,,0.5569,0.0
9,2,1,3,30,4,4,1,,,0.4325,0.0
9,2,1,3,31,3,3,1,,,0.9084,0.0
9,2,1,3,32,6,3,0,,,0.902,0.0
9,2,1,3,33,2,2,1,,,0.6029,0.0
9,2,1,3,34,6,6,1,,,0.2724,0.0
9,2,1,3,35,4,4,1,,,0.6432,0.0
9,2,1,3,36,1,3,0,,,0.6792,0.0
9,2,1,3,37,5,6,0,1,0,0.3247,0.8747
9,2,1,3,38,2,2,1,,,0.6892,0.0
9,2,1,3,39,5,6,0,4,0,0.5795,1.3588
9,2,1,3,40,1,1,1,,,0.6089,0.0
9,2,1,3,41,6,6,1,,,0.4706,0.0
9,2,1,3,42,6,6,1,,,0.3859,0.0
9,2,1,3,43,6,1,0,6,1,0.3844,0.8038
9,2,1,3,44,4,5,0,,,0.6092,0.0
9,2,1,3,45,5,4,0,,,0.9617,0.0
9,2,1,3,46,5,1,0,,,1.0438,0.0
9,2,1,3,47,2,6,0,,,0.4028,0.0
9,2,1,3,48,6,6,1,,,0.7639,0.0
9,2,1,3,49,5,5,1,,,0.3952,0.0
9,2,1,3,50,2,2,1,,,0.8577,0.0
9,2,1,4,1,5,5,1,,,0.3864,0.0
9,2,1,4,2,3,3,1,,,0.5448,0.0
9,2,1,4,3,1,6,0,,,0.4729,0.0
9,2,1,4,4,5,5,1,,,0.4795,0.0
9,2,1,4,5,5,6,0,,,0.6023,0.0
9,2,1,4,6,1,1,1,,,0.6671,0.0
9,2,1,4,7,5,6,0,,,0.4779,0.0
9,2,1,4,8,3,6,0,,,0.6754,0.0
9,2,1,4,9,4,6,0,,,0.8183,0.0
9,2,1,4,10,3,3,1,,,0.4742,0.0
9,2,1,4,11,4,6,0,,,0.2936,0.0
9,2,1,4,12,6,6,1,,,0.2427,0.0
9,2,1,4,13,3,3,1,,,0.8233,0.0
9,2,1,4,14,3,6,0,,,0.4836,0.0
9,2,1,4,15,6,6,1,,,0.2497,0.0
9,2,1,4,16,2,3,0,,,0.5898,0.0
9,2,1,4,17,4,2,0,,,0.5431,0.0
9,2,1,4,18,6,4,0,,,0.9791,0.0
9,2,1,4,19,3,1,0,,,0.4523,0.0
9,2,1,4,20,2,6,0,,,0.6192,0.0
9,2,1,4,21,4,3,0,,,0.9078,0.0
9,2,1,4,22,3,6,0,1,0,0.8007,0.8186
9,2,1,4,23,6,6,1,,,1.0187,0.0
9,2,1,4,24,2,3,0,6,0,0.7835,0.9463
9,2,1,4,25,4,6,0,4,1,0.4052,1.0799
9,2,1,4,26,5,5,1,,,0.3136,0.0
9,2,1,4,27,1,3,0,,,0.7144,0.0
9,2,1,4,28,2,4,0,,,0.7427,0.0
9,2,1,4,29,4,4,1,,,0.5135,0.0
9,2,1,4,30,4,1,0,,,0.5387,0.0
9,2,1,4,31,1,1,1,,,0.7186,0.0
9,2,1,4,32,6,6,1,,,0.3673,0.0
9,2,1,4,33,6,6,1,,,0.4629,0.0
9,2,1,4,34,5,5,1,,,0.5217,0.0
9,2,1,4,35,6,1,0,6,1,0.5147,0.5611
9,2,1,4,36,1,2,0,5,0,0.7445,1.1338
9,2,1,4,37,2,2,1,,,0.5849,0.0
9,2,1,4,38,2,1,0,,,1.039,0.0
9,2,1,4,39,5,4,0,2,0,0.8784,1.1015
9,2,1,4,40,2,2,1,,,0.5855,0.0
9,2,1,4,41,2,6,0,,,0.4963,0.0
9,2,1,4,42,1,1,1,,,0.661,0.0
9,2,1,4,43,3,6,0,2,0,0.7287,1.6462
9,2,1,4,44,6,6,1,,,0.7724,0.0
9,2,1,4,45,1,1,1,,,0.4189,0.0
9,2,1,4,46,6,6,1,,,0.3041,0.0
9,2,1,4,47,4,6,0,,,0.6894,0.0
9,2,1,4,48,5,2,0,,,0.5594,0.0
9,2,1,4,49,1,2,0,5,0,0.3386,1.8478
9,2,1,4,50,6,6,1,,,0.4053,0.0
9,2,2,1,1,4,3,0,6,0,1.1741,0.7771
9,2,2,1,2,4,6,0,,,0.3865,0.0
9,2,2,1,3,5,2,0,,,0.5086,0.0
9,2,2,1,4,1,3,0,,,1.0256,0.0
9,2,2,1,5,3,6,0,,,0.5778,0.0
9,2,2,1,6,3,3,1,,,0.7073,0.0
9,2,2,1,7,2,5,0,2,1,0.6771,0.7489
9,2,2,1,8,1,2,0,5,0,0.4119,0.8464
9,2,2,1,9,6,6,1,,,0.2774,0.0
9,2,2,1,10,1,4,0,,,0.5849,0.0
9,2,2,1,11,1,6,0,,,0.8419,0.0
9,2,2,1,12,1,1,1,,,0.6097,0.0
9,2,2,1,13,6,1,0,6,1,0.4715,0.7431
9,2,2,1,14,3,3,1,,,0.5195,0.0
9,2,2,1,15,6,6,1,,,0.7205,0.0
9,2,2,1,16,4,1,0,,,0.5451,0.0
9,2,2,1,17,5,5,1,,,0.2923,0.0
9,2,2,1,18,5,3,0,5,1,0.5185,0.868
9,2,2,1,19,3,5,0,,,0.4307,0.0
9,2,2,1,20,4,2,0,5,0,0.5031,1.2369
9,2,2,1,21,2,6,0,4,0,0.5881,0.8388
9,2,2,1,22,5,3,0,5,1,0.5265,0.6041
9,2,2,1,23,4,4,1,,,0.754,0.0
9,2,2,1,24,5,5,1,,,1.0731,0.0
9,2,2,1,25,4,6,0,,,0.5954,0.0
9,2,2,1,26,4,3,0,,,0.6769,0.0
9,2,2,1,27,3,4,0,,,0.9635,0.0
9,2,2,1,28,2,2,1,,,0.501,0.0
9,2,2,1,29,6,6,1,,,0.431,0.0
9,2,2,1,30,6,6,1,,,0.4911,0.0
9,2,2,1,31,6,6,1,,,0.4056,0.0
9,2,2,1,32,6,6,1,,,0.4834,0.0
9,2,2,1,33,2,2,1,,,0.494,0.0
9,2,2,1,34,3,6,0,2,0,0.4878,0.7911
9,2,2,1,35,2,5,0,,,0.5288,0.0
9,2,2,1,36,5,6,0,,,0.4364,0.0
9,2,2,1,37,6,6,1,,,0.3158,0.0
9,2,2,1,38,2,3,0,4,0,0.5579,1.1942
9,2,2,1,39,5,3,0,,,1.1701,0.0
9,2,2,1,40,3,1,0,,,0.5401,0.0
9,2,2,1,41,6,6,1,,,0.6079,0.0
9,2,2,1,42,2,2,1,,,0.8531,0.0
9,2,2,1,43,3,3,1,,,0.5926,0.0
9,2,2,1,44,2,6,0,,,0.7424,0.0
9,2,2,1,45,1,2,0,6,0,0.5626,0.6865
9,2,2,1,46,5,1,0,5,1,0.6045,0.9666
9,2,2,1,47,1,1,1,,,0.7329,0.0
9,2,2,1,48,1,1,1,,,0.8292,0.0
9,2,2,1,49,6,6,1,,,0.4735,0.0
9,2,2,1,50,4,3,0,,,0.7404,0.0
9,2,2,2,1,5,5,1,,,0.541,0.0
9,2,2,2,2,2,2,1,,,0.4858,0.0
9,2,2,2,3,5,5,1,,,0.3683,0.0
9,2,2,2,4,6,3,0,6,1,0.7513,1.0595
9,2,2,2,5,3,2,0,,,0.5504,0.0
9,2,2,2,6,2,2,1,,,0.3937,0.0
9,2,2,2,7,6,6,1,,,0.4244,0.0
9,2,2,2,8,1,4,0,,,0.5812,0.0
9,2,2,2,9,5,6,0,,,0.3591,0.0
9,2,2,2,10,6,6,1,,,0.3385,0.0
9,2,2,2,11,1,1,1,,,0.5788,0.0
9,2,2,2,12,4,6,0,5,0,0.457,1.0171
9,2,2,2,13,6,6,1,,,0.4254,0.0
9,2,2,2,14,5,2,0,1,0,0.5185,1.2201
9,2,2,2,15,4,2,0,5,0,0.6516,0.7403
9,2,2,2,16,5,1,0,,,0.32,0.0
9,2,2,2,17,2,2,1,,,0.3162,0.0
9,2,2,2,18,3,2,0,,,1.1014,0.0
9,2,2,2,19,1,2,0,,,0.6499,0.0
9,2,2,2,20,1,6,0,,,0.5206,0.0
9,2,2,2,21,4,1,0,,,0.6373,0.0
9,2,2,2,22,1,6,0,4,0,0.8929,1.8998
9,2,2,2,23,6,6,1,,,0.231,0.0
9,2,2,2,24,5,3,0,,,0.6203,0.0
9,2,2,2,25,5,2,0,,,0.6845,0.0
9,2,2,2,26,1,1,1,,,0.2502,0.0
9,2,2,2,27,4,6,0,,,0.3339,0.0
9,2,2,2,28,2,2,1,,,0.5382,0.0
9,2,2,2,29,6,3,0,4,0,0.4664,1.5389
9,2,2,2,30,5,5,1,,,0.3492,0.0
9,2,2,2,31,3,3,1,,,0.4615,0.0
9,2,2,2,32,6,5,0,,,1.2562,0.0
9,2,2,2,33,3,5,0,,,0.3984,0.0
9,2,2,2,34,1,1,1,,,0.7277,0.0
9,2,2,2,35,3,6,0,,,0.3766,0.0
9,2,2,2,36,2,2,1,,,0.3709,0.0
9,2,2,2,37,4,1,0,,,0.8339,0.0
9,2,2,2,38,3,5,0,,,0.2812,0.0
9,2,2,2,39,4,6,0,,,0.472,0.0
9,2,2,2,40,4,1,0,5,0,0.782,0.93
9,2,2,2,41,2,2,1,,,0.3731,0.0
9,2,2,2,42,2,1,0,,,0.5804,0.0
9,2,2,2,43,6,6,1,,,0.2937,0.0
9,2,2,2,44,3,2,0,5,0,0.8727,0.4554
9,2,2,2,45,6,6,1,,,0.2392,0.0
9,2,2,2,46,4,6,0,,,0.2116,0.0
9,2,2,2,47,2,3,0,5,0,0.9003,0.6433
9,2,2,2,48,3,5,0,2,0,0.7376,1.0626
9,2,2,2,49,1,6,0,1,1,0.2446,0.5421
9,2,2,2,50,6,6,1,,,0.3585,0.0
9,2,2,3,1,3,2,0,,,0.5156,0.0
9,2,2,3,2,6,5,0,,,0.3121,0.0
9,2,2,3,3,3,6,0,,,0.2609,0.0
9,2,2,3,4,1,3,0,,,0.884,0.0
9,2,2,3,5,2,6,0,1,0,0.393,0.7807
9,2,2,3,6,4,3,0,,,0.9176,0.0
9,2,2,3,7,3,3,1,,,0.5062,0.0
9,2,2,3,8,5,5,1,,,0.2432,0.0
9,2,2,3,9,2,2,1,,,0.5363,0.0
9,2,2,3,10,1,1,1,,,0.4322,0.0
9,2,2,3,11,6,6,1,,,0.605,0.0
9,2,2,3,12,3,3,1,,,0.9467,0.0
9,2,2,3,13,2,2,1,,,0.3619,0.0
9,2,2,3,14,6,6,1,,,0.8248,0.0
9,2,2,3,15,6,3,0,,,0.6137,0.0
9,2,2,3,16,4,4,1,,,0.8055,0.0
9,2,2,3,17,5,5,1,,,0.4829,0.0
9,2,2,3,18,6,6,1,,,0.7012,0.0
9,2,2,3,19,4,6,0,,,0.2554,0.0
9,2,2,3,20,1,1,1,,,0.222,0.0
9,2,2,3,21,6,6,1,,,0.292,0.0
9,2,2,3,22,3,3,1,,,0.5184,0.0
9,2,2,3,23,1,3,0,,,0.5593,0.0
9,2,2,3,24,5,6,0,,,0.6264,0.0
9,2,2,3,25,5,5,1,,,0.3382,0.0
9,2,2,3,26,3,3,1,,,0.5789,0.0
9,2,2,3,27,5,6,0,4,0,0.6011,0.4829
9,2,2,3,28,2,1,0,,,0.9213,0.0
9,2,2,3,29,2,2,1,,,0.605,0.0
9,2,2,3,30,2,5,0,2,1,0.8026,0.7728
9,2,2,3,31,1,5,0,1,1,0.611,0.6376
9,2,2,3,32,6,6,1,,,0.4662,0.0
9,2,2,3,33,3,2,0,6,0,0.5566,0.6494
9,2,2,3,34,4,2,0,5,0,0.4564,1.2567
9,2,2,3,35,6,6,1,,,0.2547,0.0
9,2,2,3,36,4,2,0,,,0.7225,0.0
9,2,2,3,37,1,3,0,4,0,0.5912,0.7305
9,2,2,3,38,4,5,0,,,0.3738,0.0
9,2,2,3,39,5,3,0,,,0.5926,0.0
9,2,2,3,40,5,3,0,,,1.1693,0.0
9,2,2,3,41,2,3,0,,,0.8906,0.0
9,2,2,3,42,2,3,0,2,1,0.4801,1.264
9,2,2,3,43,6,4,0,,,0.5708,0.0
9,2,2,3,44,4,1,0,6,0,0.9091,0.427
9,2,2,3,45,3,3,1,,,0.9143,0.0
9,2,2,3,46,5,5,1,,,0.4914,0.0
9,2,2,3,47,1,1,1,,,0.7732,0.0
9,2,2,3,48,6,3,0,1,0,0.5807,0.7681
9,2,2,3,49,1,2,0,,,0.5539,0.0
9,2,2,3,50,4,1,0,,,0.9096,0.0
9,2,2,4,1,4,4,1,,,0.8472,0.0
9,2,2,4,2,1,1,1,,,0.5069,0.0
9,2,2,4,3,5,5,1,,,0.4843,0.0
9,2,2,4,4,1,3,0,,,0.3509,0.0
9,2,2,4,5,2,3,0,,,1.0824,0.0
9,2,2,4,6,6,5,0,,,0.8711,0.0
9,2,2,4,7,6,1,0,,,0.3654,0.0
9,2,2,4,8,3,3,1,,,1.2083,0.0
9,2,2,4,9,6,6,1,,,0.5009,0.0
9,2,2,4,10,6,6,1,,,0.5106,0.0
9,2,2,4,11,2,2,1,,,0.5198,0.0
9,2,2,4,12,4,1,0,,,0.5768,0.0
9,2,2,4,13,3,3,1,,,0.6425,0.0
9,2,2,4,14,4,6,0,,,0.5509,0.0
9,2,2,4,15,4,4,1,,,1.0177,0.0
9,2,2,4,16,5,6,0,,,0.9103,0.0
9,2,2,4,17,6,2,0,6,1,0.9141,0.6402
9,2,2,4,18,5,3,0,,,0.6604,0.0
9,2,2,4,19,3,1,0,4,0,0.8023,0.8364
9,2,2,4,20,3,3,1,,,1.1158,0.0
9,2,2,4,21,4,6,0,,,0.7326,0.0
9,2,2,4,22,3,1,0,4,0,0.5996,1.5071
9,2,2,4,23,3,5,0,,,0.7353,0.0
9,2,2,4,24,5,5,1,,,0.3307,0.0
9,2,2,4,25,6,6,1,,,0.3469,0.0
9,2,2,4,26,3,1,0,4,0,0.475,0.9382
9,2,2,4,27,6,6,1,,,0.2536,0.0
9,2,2,4,28,6,6,1,,,0.2739,0.0
9,2,2,4,29,1,5,0,,,0.4208,0.0
9,2,2,4,30,1,3,0,,,0.8935,0.0
9,2,2,4,31,6,6,1,,,0.2424,0.0
9,2,2,4,32,4,1,0,3,0,0.9828,0.7546
9,2,2,4,33,5,1,0,3,0,0.9249,1.0504
9,2,2,4,34,1,6,0,3,0,0.4889,0.6485
9,2,2,4,35,6,6,1,,,0.4549,0.0
9,2,2,4,36,1,1,1,,,0.4511,0.0
9,2,2,4,37,2,6,0,3,0,0.4947,1.2775
9,2,2,4,38,4,3,0,,,0.6903,0.0
9,2,2,4,39,5,6,0,,,0.3522,0.0
9,2,2,4,40,2,2,1,,,0.6994,0.0
9,2,2,4,41,3,3,1,,,0.5252,0.0
9,2,2,4,42,2,6,0,,,0.3899,0.0
9,2,2,4,43,1,1,1,,,0.5593,0.0
9,2,2,4,44,5,5,1,,,0.983,0.0
9,2,2,4,45,2,1,0,5,0,0.4283,0.4465
9,2,2,4,46,2,2,1,,,0.5495,0.0
9,2,2,4,47,5,6,0,3,0,0.541,1.4179
9,2,2,4,48,2,2,1,,,0.5535,0.0
9,2,2,4,49,1,1,1,,,0.4491,0.0
9,2,2,4,50,4,6,0,,,0.4929,0.0
9,2,3,1,1,3,2,0,,,0.5591,0.0
9,2,3,1,2,2,2,1,,,0.466,0.0
9,2,3,1,3,6,6,1,,,0.2845,0.0
9,2,3,1,4,5,3,0,,,0.9591,0.0
9,2,3,1,5,2,2,1,,,0.3056,0.0
9,2,3,1,6,3,6,0,,,0.2752,0.0
9,2,3,1,7,5,5,1,,,0.2731,0.0
9,2,3,1,8,5,3,0,,,1.4447,0.0
9,2,3,1,9,3,2,0,,,0.4664,0.0
9,2,3,1,10,2,2,1,,,0.3774,0.0
9,2,3,1,11,1,2,0,,,0.8715,0.0
9,2,3,1,12,1,3,0,,,0.4939,0.0
9,2,3,1,13,5,2,0,,,0.5466,0.0
9,2,3,1,14,4,2,0,5,0,0.6301,0.6397
9,2,3,1,15,6,6,1,,,0.2231,0.0
9,2,3,1,16,4,6,0,,,0.4686,0.0
9,2,3,1,17,6,6,1,,,0.2352,0.0
9,2,3,1,18,6,6,1,,,0.2079,0.0
9,2,3,1,19,2,2,1,,,0.2299,0.0
9,2,3,1,20,6,4,0,,,1.9623,0.0
9,2,3,1,21,3,3,1,,,0.6594,0.0
9,2,3,1,22,3,3,1,,,0.8389,0.0
9,2,3,1,23,2,2,1,,,0.3704,0.0
9,2,3,1,24,1,1,1,,,0.354,0.0
9,2,3,1,25,5,3,0,1,0,0.7219,2.4074
9,2,3,1,26,6,6,1,,,0.6703,0.0
9,2,3,1,27,5,4,0,,,0.8173,0.0
9,2,3,1,28,5,1,0,,,0.5852,0.0
9,2,3,1,29,2,2,1,,,1.0349,0.0
9,2,3,1,30,2,4,0,,,1.8549,0.0
9,2,3,1,31,1,6,0,2,0,0.3325,1.4263
9,2,3,1,32,4,3,0,1,0,0.5776,0.6698
9,2,3,1,33,6,6,1,,,0.6675,0.0
9,2,3,1,34,5,6,0,,,0.3185,0.0
9,2,3,1,35,1,6,0,,,0.3951,0.0
9,2,3,1,36,6,6,1,,,0.3406,0.0
9,2,3,1,37,3,3,1,,,1.0926,0.0
9,2,3,1,38,1,4,0,,,0.7749,0.0
9,2,3,1,39,3,3,1,,,0.8807,0.0
9,2,3,1,40,6,6,1,,,0.4424,0.0
9,2,3,1,41,6,6,1,,,0.3752,0.0
9,2,3,1,42,4,4,1,,,0.4855,0.0
9,2,3,1,43,4,2,0,,,0.576,0.0
9,2,3,1,44,1,6,0,,,0.4501,0.0
9,2,3,1,45,3,1,0,,,1.7369,0.0
9,2,3,1,46,2,2,1,,,0.3155,0.0
9,2,3,1,47,4,4,1,,,0.4609,0.0
9,2,3,1,48,4,2,0,,,0.5672,0.0
9,2,3,1,49,4,1,0,,,0.3623,0.0
9,2,3,1,50,1,3,0,,,0.741,0.0
9,2,3,2,1,6,6,1,,,0.4447,0.0
9,2,3,2,2,1,1,1,,,0.4732,0.0
9,2,3,2,3,6,6,1,,,0.2595,0.0
9,2,3,2,4,1,2,0,,,0.4556,0.0
9,2,3,2,5,3,2,0,3,1,0.4139,0.7524
9,2,3,2,6,1,6,0,,,0.2559,0.0
9,2,3,2,7,4,1,0,,,1.1193,0.0
9,2,3,2,8,5,5,1,,,0.6191,0.0
9,2,3,2,9,6,6,1,,,0.2716,0.0
9,2,3,2,10,3,3,1,,,0.8509,0.0
9,2,3,2,11,4,2,0,4,1,0.4625,2.0629
9,2,3,2,12,3,3,1,,,0.3438,0.0
9,2,3,2,13,4,1,0,,,0.424,0.0
9,2,3,2,14,3,2,0,,,0.6401,0.0
9,2,3,2,15,2,2,1,,,0.496,0.0
9,2,3,2,16,5,3,0,,,0.554,0.0
9,2,3,2,17,4,4,1,,,1.9007,0.0
9,2,3,2,18,2,3,0,4,0,1.4209,0.8537
9,2,3,2,19,2,2,1,,,0.2204,0.0
9,2,3,2,20,2,2,1,,,0.242,0.0
9,2,3,2,21,1,6,0,,,0.3426,0.0
9,2,3,2,22,2,1,0,,,0.4818,0.0
9,2,3,2,23,2,2,1,,,0.4555,0.0
9,2,3,2,24,2,6,0,3,0,0.9476,0.5597
9,2,3,2,25,3,3,1,,,0.6746,0.0
9,2,3,2,26,6,6,1,,,0.6452,0.0
9,2,3,2,27,3,3,1,,,0.5846,0.0
9,2,3,2,28,4,1,0,5,0,0.6712,1.0621
9,2,3,2,29,6,6,1,,,0.2445,0.0
9,2,3,2,30,6,5,0,,,0.776,0.0
9,2,3,2,31,5,2,0,,,0.4661,0.0
9,2,3,2,32,4,2,0,,,0.5366,0.0
9,2,3,2,33,6,6,1,,,0.3003,0.0
9,2,3,2,34,1,3,0,6,0,1.2461,0.9747
9,2,3,2,35,5,5,1,,,0.3692,0.0
9,2,3,2,36,1,3,0,,,1.696,0.0
9,2,3,2,37,6,6,1,,,0.5959,0.0
9,2,3,2,38,3,3,1,,,0.6651,0.0
9,2,3,2,39,5,5,1,,,0.2525,0.0
9,2,3,2,40,5,1,0,,,0.64,0.0
9,2,3,2,41,1,3,0,,,0.688,0.0
9,2,3,2,42,3,2,0,1,0,0.6056,0.4878
9,2,3,2,43,1,3,0,,,0.5734,0.0
9,2,3,2,44,4,2,0,,,0.7837,0.0
9,2,3,2,45,5,3,0,1,0,0.8415,0.65
9,2,3,2,46,4,6,0,,,0.4247,0.0
9,2,3,2,47,6,1,0,4,0,0.5616,0.51
9,2,3,2,48,5,5,1,,,0.2107,0.0
9,2,3,2,49,6,6,1,,,0.3276,0.0
9,2,3,2,50,2,5,0,,,0.3599,0.0
9,2,3,3,1,6,6,1,,,0.3681,0.0
9,2,3,3,2,6,6,1,,,0.1756,0.0
9,2,3,3,3,1,1,1,,,0.2145,0.0
9,2,3,3,4,2,2,1,,,0.4593,0.0
9,2,3,3,5,6,6,1,,,0.2144,0.0
9,2,3,3,6,2,1,0,,,0.716,0.0
9,2,3,3,7,2,6,0,,,0.4561,0.0
9,2,3,3,8,6,6,1,,,0.1916,0.0
9,2,3,3,9,2,2,1,,,0.2776,0.0
9,2,3,3,10,3,3,1,,,0.6001,0.0
9,2,3,3,11,4,3,0,,,0.5095,0.0
9,2,3,3,12,3,3,1,,,0.3063,0.0
9,2,3,3,13,5,3,0,6,0,0.5803,0.7357
9,2,3,3,14,5,4,0,,,0.5877,0.0
9,2,3,3,15,6,6,1,,,0.2848,0.0
9,2,3,3,16,1,1,1,,,0.5118,0.0
9,2,3,3,17,5,6,0,5,1,0.3125,0.383
9,2,3,3,18,1,5,0,,,0.7179,0.0
9,2,3,3,19,5,5,1,,,0.2656,0.0
9,2,3,3,20,2,2,1,,,0.3649,0.0
9,2,3,3,21,6,6,1,,,0.1886,0.0
9,2,3,3,22,3,3,1,,,0.6592,0.0
9,2,3,3,23,1,2,0,5,0,0.3421,2.6193
9,2,3,3,24,6,6,1,,,0.3134,0.0
9,2,3,3,25,2,6,0,,,0.8111,0.0
9,2,3,3,26,4,6,0,,,0.996,0.0
9,2,3,3,27,3,3,1,,,0.5327,0.0
9,2,3,3,28,3,1,0,,,0.7491,0.0
9,2,3,3,29,1,1,1,,,0.3913,0.0
9,2,3,3,30,6,6,1,,,0.7578,0.0
9,2,3,3,31,4,4,1,,,0.4854,0.0
9,2,3,3,32,5,5,1,,,0.4001,0.0
9,2,3,3,33,1,1,1,,,0.5099,0.0
9,2,3,3,34,4,6,0,,,0.7427,0.0
9,2,3,3,35,6,6,1,,,0.1775,0.0
9,2,3,3,36,4,4,1,,,0.9679,0.0
9,2,3,3,37,5,6,0,4,0,0.2228,1.4491
9,2,3,3,38,3,2,0,4,0,0.4229,0.4885
9,2,3,3,39,2,2,1,,,0.4465,0.0
9,2,3,3,40,5,5,1,,,0.4265,0.0
9,2,3,3,41,4,4,1,,,0.3586,0.0
9,2,3,3,42,1,4,0,1,1,0.4064,0.9372
9,2,3,3,43,3,1,0,6,0,0.8972,0.4153
9,2,3,3,44,5,4,0,,,0.5199,0.0
9,2,3,3,45,4,2,0,,,0.4926,0.0
9,2,3,3,46,4,4,1,,,0.3054,0.0
9,2,3,3,47,1,4,0,,,0.676,0.0
9,2,3,3,48,2,5,0,,,0.2729,0.0
9,2,3,3,49,6,6,1,,,0.2402,0.0
9,2,3,3,50,3,3,1,,,0.6766,0.0
9,2,3,4,1,6,6,1,,,0.212,0.0
9,2,3,4,2,6,6,1,,,0.122,0.0
9,2,3,4,3,1,1,1,,,0.3069,0.0
9,2,3,4,4,3,5,0,,,0.4535,0.0
9,2,3,4,5,3,5,0,,,0.3803,0.0
9,2,3,4,6,5,5,1,,,0.2943,0.0
9,2,3,4,7,2,6,0,1,0,0.4881,0.4554
9,2,3,4,8,4,2,0,3,0,0.4787,0.6865
9,2,3,4,9,4,4,1,,,0.6041,0.0
9,2,3,4,10,6,6,1,,,0.337,0.0
9,2,3,4,11,3,6,0,5,0,0.226,0.5722
9,2,3,4,12,2,4,0,,,0.7662,0.0
9,2,3,4,13,3,6,0,,,0.2649,0.0
9,2,3,4,14,6,6,1,,,0.1995,0.0
9,2,3,4,15,5,1,0,,,0.3969,0.0
9,2,3,4,16,3,6,0,,,0.4707,0.0
9,2,3,4,17,2,1,0,5,0,0.7969,0.8798
9,2,3,4,18,4,6,0,5,0,0.2133,1.9043
9,2,3,4,19,2,2,1,,,0.5236,0.0
9,2,3,4,20,6,6,1,,,0.4847,0.0
9,2,3,4,21,4,4,1,,,0.5431,0.0
9,2,3,4,22,3,2,0,,,0.4543,0.0
9,2,3,4,23,5,3,0,6,0,0.7815,0.6411
9,2,3,4,24,6,6,1,,,0.1439,0.0
9,2,3,4,25,1,1,1,,,0.2162,0.0
9,2,3,4,26,2,2,1,,,1.0694,0.0
9,2,3,4,27,4,6,0,,,0.5916,0.0
9,2,3,4,28,3,2,0,,,0.9609,0.0
9,2,3,4,29,5,1,0,,,0.5628,0.0
9,2,3,4,30,5,4,0,,,0.517,0.0
9,2,3,4,31,4,6,0,,,0.5856,0.0
9,2,3,4,32,6,2,0,,,0.4431,0.0
9,2,3,4,33,5,6,0,,,0.5629,0.0
9,2,3,4,34,1,6,0,,,0.1486,0.0
9,2,3,4,35,2,2,1,,,0.4725,0.0
9,2,3,4,36,1,1,1,,,0.3557,0.0
9,2,3,4,37,4,2,0,,,0.2913,0.0
9,2,3,4,38,2,2,1,,,0.4337,0.0
9,2,3,4,39,1,6,0,1,1,0.3021,0.5325
9,2,3,4,40,1,2,0,1,1,0.8927,0.8754
9,2,3,4,41,6,6,1,,,0.1974,0.0
9,2,3,4,42,4,1,0,,,0.667,0.0
9,2,3,4,43,1,2,0,,,0.6498,0.0
9,2,3,4,44,5,1,0,,,0.6324,0.0
9,2,3,4,45,6,6,1,,,0.2321,0.0
9,2,3,4,46,6,6,1,,,0.1888,0.0
9,2,3,4,47,1,1,1,,,0.2277,0.0
9,2,3,4,48,2,2,1,,,0.9521,0.0
9,2,3,4,49,5,1,0,,,0.6718,0.0
9,2,3,4,50,3,2,0,1,0,0.4619,0.846
9,2,4,1,1,1,5,0,,,0.8141,0.0
9,2,4,1,2,6,6,1,,,0.1818,0.0
9,2,4,1,3,3,2,0,,,0.3804,0.0
9,2,4,1,4,1,6,0,,,0.3102,0.0
9,2,4,1,5,1,1,1,,,0.5635,0.0
9,2,4,1,6,5,5,1,,,0.3619,0.0
9,2,4,1,7,1,1,1,,,0.2815,0.0
9,2,4,1,8,6,6,1,,,0.2996,0.0
9,2,4,1,9,5,3,0,5,1,0.7979,1.1206
9,2,4,1,10,4,4,1,,,0.4811,0.0
9,2,4,1,11,1,1,1,,,0.6031,0.0
9,2,4,1,12,2,2,1,,,0.6724,0.0
9,2,4,1,13,6,6,1,,,0.2918,0.0
9,2,4,1,14,4,6,0,,,0.9173,0.0
9,2,4,1,15,2,2,1,,,0.3297,0.0
9,2,4,1,16,6,6,1,,,0.2023,0.0
9,2,4,1,17,6,6,1,,,0.1924,0.0
9,2,4,1,18,4,5,0,,,0.4378,0.0
9,2,4,1,19,2,2,1,,,0.8456,0.0
9,2,4,1,20,3,5,0,,,0.5052,0.0
9,2,4,1,21,1,1,1,,,0.6217,0.0
9,2,4,1,22,3,3,1,,,0.5948,0.0
9,2,4,1,23,5,6,0,,,0.6324,0.0
9,2,4,1,24,2,2,1,,,0.5035,0.0
9,2,4,1,25,4,4,1,,,0.5613,0.0
9,2,4,1,26,5,5,1,,,0.6006,0.0
9,2,4,1,27,1,1,1,,,0.2221,0.0
9,2,4,1,28,4,4,1,,,0.4673,0.0
9,2,4,1,29,5,6,0,,,0.606,0.0
9,2,4,1,30,5,6,0,,,0.3991,0.0
9,2,4,1,31,3,3,1,,,1.0483,0.0
9,2,4,1,32,6,6,1,,,0.4437,0.0
9,2,4,1,33,2,2,1,,,0.4718,0.0
9,2,4,1,34,3,3,1,,,0.8027,0.0
9,2,4,1,35,2,2,1,,,0.3038,0.0
9,2,4,1,36,5,5,1,,,0.4014,0.0
9,2,4,1,37,5,4,0,5,1,0.9436,0.6043
9,2,4,1,38,6,6,1,,,0.4819,0.0
9,2,4,1,39,3,5,0,,,0.8761,0.0
9,2,4,1,40,2,2,1,,,0.2733,0.0
9,2,4,1,41,6,5,0,6,1,0.3568,0.6333
9,2,4,1,42,3,2,0,,,0.4935,0.0
9,2,4,1,43,1,4,0,,,0.4668,0.0
9,2,4,1,44,4,3,0,2,0,0.9689,0.4046
9,2,4,1,45,6,6,1,,,0.7178,0.0
9,2,4,1,46,3,1,0,,,0.5427,0.0
9,2,4,1,47,4,4,1,,,0.9458,0.0
9,2,4,1,48,2,2,1,,,0.5846,0.0
9,2,4,1,49,4,6,0,,,0.3028,0.0
9,2,4,1,50,6,6,1,,,0.1725,0.0
9,2,4,2,1,5,1,0,,,0.2731,0.0
9,2,4,2,2,2,5,0,1,0,0.4322,0.4978
9,2,4,2,3,1,1,1,,,0.3267,0.0
9,2,4,2,4,1,2,0,5,0,0.3113,0.9743
9,2,4,2,5,3,2,0,,,0.3359,0.0
9,2,4,2,6,3,3,1,,,0.6199,0.0
9,2,4,2,7,5,2,0,3,0,0.8012,1.0269
9,2,4,2,8,5,5,1,,,0.1944,0.0
9,2,4,2,9,1,3,0,,,1.2567,0.0
9,2,4,2,10,1,6,0,,,1.1982,0.0
9,2,4,2,11,4,5,0,,,0.3583,0.0
9,2,4,2,12,1,2,0,1,1,0.2407,0.6186
9,2,4,2,13,2,2,1,,,0.3031,0.0
9,2,4,2,14,6,6,1,,,0.1128,0.0
9,2,4,2,15,6,6,1,,,0.2667,0.0
9,2,4,2,16,2,2,1,,,0.1257,0.0
9,2,4,2,17,4,6,0,,,0.1187,0.0
9,2,4,2,18,5,2,0,,,0.4431,0.0
9,2,4,2,19,6,6,1,,,0.5463,0.0
9,2,4,2,20,2,2,1,,,0.7463,0.0
9,2,4,2,21,6,1,0,3,0,0.3454,1.3907
9,2,4,2,22,3,6,0,5,0,0.5595,1.1153
9,2,4,2,23,6,6,1,,,0.0076,0.0
9,2,4,2,24,5,6,0,,,0.1494,0.0
9,2,4,2,25,4,4,1,,,0.5685,0.0
9,2,4,2,26,4,5,0,,,0.6399,0.0
9,2,4,2,27,6,6,1,,,0.1749,0.0
9,2,4,2,28,3,1,0,4,0,0.7417,0.7621
9,2,4,2,29,5,2,0,,,0.6768,0.0
9,2,4,2,30,3,6,0,,,0.1941,0.0
9,2,4,2,31,3,3,1,,,0.4675,0.0
9,2,4,2,32,6,6,1,,,0.2066,0.0
9,2,4,2,33,4,3,0,4,1,0.8846,0.8509
9,2,4,2,34,6,5,0,6,1,0.3987,0.3059
9,2,4,2,35,4,4,1,,,0.5481,0.0
9,2,4,2,36,2,6,0,4,0,0.6038,0.9813
9,2,4,2,37,3,2,0,,,1.1752,0.0
9,2,4,2,38,2,3,0,1,0,0.64,0.5208
9,2,4,2,39,5,5,1,,,0.1577,0.0
9,2,4,2,40,2,4,0,,,0.5487,0.0
9,2,4,2,41,1,2,0,,,0.5519,0.0
9,2,4,2,42,2,2,1,,,0.3629,0.0
9,2,4,2,43,6,6,1,,,0.8262,0.0
9,2,4,2,44,4,4,1,,,0.2459,0.0
9,2,4,2,45,1,3,0,,,0.6659,0.0
9,2,4,2,46,4,3,0,,,0.5842,0.0
9,2,4,2,47,5,5,1,,,0.3939,0.0
9,2,4,2,48,3,3,1,,,0.6158,0.0
9,2,4,2,49,6,6,1,,,0.381,0.0
9,2,4,2,50,1,1,1,,,0.3312,0.0
9,2,4,3,1,1,6,0,,,0.5376,0.0
9,2,4,3,2,1,2,0,,,0.4926,0.0
9,2,4,3,3,5,5,1,,,0.2737,0.0
9,2,4,3,4,1,2,0,,,0.325,0.0
9,2,4,3,5,5,6,0,,,0.1928,0.0
9,2,4,3,6,3,3,1,,,0.578,0.0
9,2,4,3,7,6,6,1,,,0.3283,0.0
9,2,4,3,8,2,2,1,,,0.2654,0.0
9,2,4,3,9,4,3,0,2,0,0.3481,0.3535
9,2,4,3,10,4,3,0,,,0.5247,0.0
9,2,4,3,11,6,6,1,,,0.3851,0.0
9,2,4,3,12,6,1,0,6,1,0.8316,0.2727
9,2,4,3,13,6,6,1,,,0.2117,0.0
9,2,4,3,14,6,3,0,,,0.6019,0.0
9,2,4,3,15,6,3,0,2,0,0.811,0.4132
9,2,4,3,16,3,3,1,,,0.9977,0.0
9,2,4,3,17,5,3,0,,,0.6348,0.0
9,2,4,3,18,2,6,0,3,0,0.9862,0.9653
9,2,4,3,19,2,2,1,,,0.5669,0.0
9,2,4,3,20,3,3,1,,,0.9259,0.0
9,2,4,3,21,1,1,1,,,0.4858,0.0
9,2,4,3,22,6,2,0,6,1,0.7357,0.5968
9,2,4,3,23,3,1,0,,,0.5866,0.0
9,2,4,3,24,1,1,1,,,0.1717,0.0
9,2,4,3,25,4,3,0,,,0.6116,0.0
9,2,4,3,26,5,3,0,,,0.564,0.0
9,2,4,3,27,2,2,1,,,0.6779,0.0
9,2,4,3,28,5,6,0,,,0.6005,0.0
9,2,4,3,29,5,1,0,3,0,0.3776,0.5412
9,2,4,3,30,4,3,0,,,0.7844,0.0
9,2,4,3,31,2,1,0,,,1.0498,0.0
9,2,4,3,32,5,1,0,,,0.2167,0.0
9,2,4,3,33,2,2,1,,,0.3292,0.0
9,2,4,3,34,6,6,1,,,0.4097,0.0
9,2,4,3,35,3,1,0,6,0,0.4871,0.9817
9,2,4,3,36,1,1,1,,,0.4708,0.0
9,2,4,3,37,4,4,1,,,0.3858,0.0
9,2,4,3,38,1,2,0,3,0,0.4808,0.3045
9,2,4,3,39,4,3,0,,,0.7016,0.0
9,2,4,3,40,4,6,0,1,0,0.4423,0.7157
9,2,4,3,41,6,3,0,4,0,0.9199,0.5014
9,2,4,3,42,3,3,1,,,0.4907,0.0
9,2,4,3,43,1,6,0,1,1,0.1491,1.0906
9,2,4,3,44,5,3,0,,,0.6283,0.0
9,2,4,3,45,3,3,1,,,0.4681,0.0
9,2,4,3,46,2,3,0,1,0,0.543,0.62
9,2,4,3,47,2,2,1,,,0.5564,0.0
9,2,4,3,48,4,1,0,4,1,0.5477,0.2572
9,2,4,3,49,6,6,1,,,0.1639,0.0
9,2,4,3,50,3,4,0,6,0,0.3798,0.9111
9,2,4,4,1,2,4,0,,,0.6728,0.0
9,2,4,4,2,2,3,0,,,0.7515,0.0
9,2,4,4,3,6,1,0,,,0.2979,0.0
9,2,4,4,4,4,3,0,6,0,0.6158,0.9621
9,2,4,4,5,6,6,1,,,0.1001,0.0
9,2,4,4,6,4,1,0,,,0.9579,0.0
9,2,4,4,7,4,3,0,6,0,0.3842,0.6114
9,2,4,4,8,5,5,1,,,0.1957,0.0
9,2,4,4,9,5,1,0,,,0.6011,0.0
9,2,4,4,10,2,3,0,,,0.6665,0.0
9,2,4,4,11,5,3,0,2,0,0.4892,0.3601
9,2,4,4,12,1,1,1,,,0.5786,0.0
9,2,4,4,13,5,6,0,,,0.089,0.0
9,2,4,4,14,2,2,1,,,0.351,0.0
9,2,4,4,15,2,6,0,1,0,0.1905,0.2982
9,2,4,4,16,5,1,0,6,0,0.2,0.4988
9,2,4,4,17,2,2,1,,,0.5199,0.0
9,2,4,4,18,1,1,1,,,0.4649,0.0
9,2,4,4,19,6,6,1,,,0.2516,0.0
9,2,4,4,20,1,3,0,,,0.48,0.0
9,2,4,4,21,1,3,0,1,1,0.7257,0.4427
9,2,4,4,22,5,2,0,,,0.8387,0.0
9,2,4,4,23,3,1,0,,,0.3823,0.0
9,2,4,4,24,1,1,1,,,0.7757,0.0
9,2,4,4,25,5,2,0,,,0.4062,0.0
9,2,4,4,26,6,6,1,,,0.3826,0.0
9,2,4,4,27,3,3,1,,,0.6368,0.0
9,2,4,4,28,2,3,0,,,0.5612,0.0
9,2,4,4,29,4,6,0,4,1,0.2599,0.8287
9,2,4,4,30,1,3,0,,,0.4723,0.0
9,2,4,4,31,6,6,1,,,0.2706,0.0
9,2,4,4,32,5,1,0,,,0.4342,0.0
9,2,4,4,33,3,4,0,,,0.8581,0.0
9,2,4,4,34,3,6,0,3,1,0.4484,0.5132
9,2,4,4,35,6,6,1,,,0.17,0.0
9,2,4,4,36,4,1,0,,,0.45,0.0
9,2,4,4,37,4,3,0,,,0.6329,0.0
9,2,4,4,38,3,3,1,,,0.4084,0.0
9,2,4,4,39,1,3,0,,,0.4537,0.0
9,2,4,4,40,4,6,0,,,0.8605,0.0
9,2,4,4,41,6,6,1,,,0.1945,0.0
9,2,4,4,42,2,2,1,,,0.5044,0.0
9,2,4,4,43,6,1,0,,,0.4016,0.0
9,2,4,4,44,6,6,1,,,0.1386,0.0
9,2,4,4,45,3,3,1,,,0.6118,0.0
9,2,4,4,46,3,6,0,1,0,0.5208,2.0704
9,2,4,4,47,1,1,1,,,0.5553,0.0
9,2,4,4,48,6,6,1,,,0.1791,0.0
9,2,4,4,49,3,3,1,,,0.3616,0.0
9,2,4,4,50,4,6,0,,,0.9204,0.0
9,2,5,1,1,5,6,0,,,0.4825,0.0
9,2,5,1,2,4,6,0,,,0.2638,0.0
9,2,5,1,3,3,3,1,,,0.6306,0.0
9,2,5,1,4,4,5,0,,,1.1628,0.0
9,2,5,1,5,4,6,0,,,0.6283,0.0
9,2,5,1,6,3,3,1,,,0.5484,0.0
9,2,5,1,7,5,5,1,,,0.8595,0.0
9,2,5,1,8,1,2,0,6,0,0.9027,0.6284
9,2,5,1,9,1,1,1,,,0.6283,0.0
9,2,5,1,10,1,5,0,,,0.2964,0.0
9,2,5,1,11,2,4,0,,,1.2697,0.0
9,2,5,1,12,4,2,0,6,0,0.8593,0.5075
9,2,5,1,13,5,5,1,,,0.2881,0.0
9,2,5,1,14,3,3,1,,,0.6101,0.0
9,2,5,1,15,1,1,1,,,0.2311,0.0
9,2,5,1,16,3,3,1,,,1.1796,0.0
9,2,5,1,17,6,6,1,,,0.1376,0.0
9,2,5,1,18,6,6,1,,,0.1458,0.0
9,2,5,1,19,2,2,1,,,0.3618,0.0
9,2,5,1,20,5,5,1,,,1.3697,0.0
9,2,5,1,21,5,4,0,,,0.4475,0.0
9,2,5,1,22,6,6,1,,,0.1028,0.0
9,2,5,1,23,6,6,1,,,0.1288,0.0
9,2,5,1,24,5,5,1,,,0.2332,0.0
9,2,5,1,25,4,1,0,,,0.8142,0.0
9,2,5,1,26,1,5,0,,,0.294,0.0
9,2,5,1,27,5,1,0,,,0.2918,0.0
9,2,5,1,28,4,6,0,,,0.6729,0.0
9,2,5,1,29,2,2,1,,,0.2544,0.0
9,2,5,1,30,3,3,1,,,0.8829,0.0
9,2,5,1,31,3,6,0,,,0.6366,0.0
9,2,5,1,32,6,6,1,,,0.2356,0.0
9,2,5,1,33,1,2,0,,,0.8479,0.0
9,2,5,1,34,3,3,1,,,1.0149,0.0
9,2,5,1,35,2,2,1,,,0.2356,0.0
9,2,5,1,36,6,6,1,,,0.1921,0.0
9,2,5,1,37,2,3,0,,,0.9815,0.0
9,2,5,1,38,1,6,0,,,0.4073,0.0
9,2,5,1,39,2,2,1,,,0.7197,0.0
9,2,5,1,40,3,3,1,,,0.5608,0.0
9,2,5,1,41,6,6,1,,,0.5033,0.0
9,2,5,1,42,2,6,0,1,0,0.5775,0.4131
9,2,5,1,43,6,6,1,,,0.085,0.0
9,2,5,1,44,6,3,0,,,0.6238,0.0
9,2,5,1,45,2,6,0,,,0.3195,0.0
9,2,5,1,46,5,3,0,,,0.7165,0.0
9,2,5,1,47,6,6,1,,,0.3603,0.0
9,2,5,1,48,4,6,0,,,0.4397,0.0
9,2,5,1,49,1,2,0,,,0.6389,0.0
9,2,5,1,50,4,6,0,2,0,0.5108,0.8774
9,2,5,2,1,5,6,0,,,0.6078,0.0
9,2,5,2,2,5,5,1,,,1.7125,0.0
9,2,5,2,3,5,3,0,,,0.5518,0.0
9,2,5,2,4,1,6,0,1,1,0.2834,0.5305
9,2,5,2,5,1,6,0,,,0.2505,0.0
9,2,5,2,6,1,6,0,,,0.6343,0.0
9,2,5,2,7,4,5,0,1,0,0.25,0.6904
9,2,5,2,8,4,4,1,,,0.7037,0.0
9,2,5,2,9,2,3,0,4,0,1.1212,1.8139
9,2,5,2,10,4,4,1,,,0.6615,0.0
9,2,5,2,11,1,1,1,,,0.6156,0.0
9,2,5,2,12,4,4,1,,,0.4765,0.0
9,2,5,2,13,6,5,0,,,0.4231,0.0
9,2,5,2,14,4,2,0,,,0.4954,0.0
9,2,5,2,15,3,3,1,,,0.4045,0.0
9,2,5,2,16,3,3,1,,,0.1943,0.0
9,2,5,2,17,6,2,0,6,1,0.5046,0.5031
9,2,5,2,18,1,2,0,,,0.2406,0.0
9,2,5,2,19,6,1,0,3,0,0.4799,1.0561
9,2,5,2,20,5,6,0,3,0,0.4457,0.2873
9,2,5,2,21,1,6,0,,,0.7812,0.0
9,2,5,2,22,3,3,1,,,0.4863,0.0
9,2,5,2,23,3,5,0,2,0,0.577,0.4447
9,2,5,2,24,5,6,0,,,0.532,0.0
9,2,5,2,25,3,5,0,,,0.6152,0.0
9,2,5,2,26,6,1,0,,,0.2152,0.0
9,2,5,2,27,2,2,1,,,0.3279,0.0
9,2,5,2,28,6,1,0,6,1,1.0166,0.4025
9,2,5,2,29,5,3,0,,,0.4485,0.0
9,2,5,2,30,2,2,1,,,1.1269,0.0
9,2,5,2,31,4,4,1,,,0.5993,0.0
9,2,5,2,32,6,6,1,,,0.3176,0.0
9,2,5,2,33,1,2,0,,,0.3825,0.0
9,2,5,2,34,5,2,0,,,0.392,0.0
9,2,5,2,35,2,6,0,,,0.2257,0.0
9,2,5,2,36,3,3,1,,,0.5454,0.0
9,2,5,2,37,5,5,1,,,1.1288,0.0
9,2,5,2,38,3,1,0,3,1,0.5531,0.9651
9,2,5,2,39,1,6,0,4,0,0.1722,2.3918
9,2,5,2,40,2,1,0,,,0.5752,0.0
9,2,5,2,41,2,2,1,,,0.3526,0.0
9,2,5,2,42,6,6,1,,,0.2081,0.0
9,2,5,2,43,6,1,0,3,0,0.6935,1.1168
9,2,5,2,44,6,6,1,,,0.1849,0.0
9,2,5,2,45,4,6,0,,,0.3831,0.0
9,2,5,2,46,3,3,1,,,0.8569,0.0
9,2,5,2,47,4,5,0,,,0.372,0.0
9,2,5,2,48,2,2,1,,,0.9572,0.0
9,2,5,2,49,2,2,1,,,0.1971,0.0
9,2,5,2,50,6,6,1,,,0.107,0.0
9,2,5,3,1,5,1,0,4,0,2.0016,0.9474
9,2,5,3,2,5,6,0,4,0,0.5657,0.9784
9,2,5,3,3,5,5,1,,,0.2279,0.0
9,2,5,3,4,4,6,0,,,0.1686,0.0
9,2,5,3,5,1,2,0,4,0,0.3795,0.9438
9,2,5,3,6,4,6,0,,,0.2268,0.0
9,2,5,3,7,1,5,0,,,0.3388,0.0
9,2,5,3,8,2,2,1,,,0.4773,0.0
9,2,5,3,9,6,6,1,,,0.3923,0.0
9,2,5,3,10,3,3,1,,,0.63,0.0
9,2,5,3,11,2,2,1,,,0.6661,0.0
9,2,5,3,12,4,6,0,,,0.1886,0.0
9,2,5,3,13,4,6,0,,,0.0625,0.0
9,2,5,3,14,6,6,1,,,0.4049,0.0
9,2,5,3,15,5,6,0,,,0.4032,0.0
9,2,5,3,16,3,2,0,,,0.1716,0.0
9,2,5,3,17,6,6,1,,,0.2381,0.0
9,2,5,3,18,2,2,1,,,0.1465,0.0
9,2,5,3,19,1,1,1,,,0.4106,0.0
9,2,5,3,20,2,3,0,,,0.6796,0.0
9,2,5,3,21,6,3,0,4,0,0.821,1.2863
9,2,5,3,22,3,6,0,,,0.2198,0.0
9,2,5,3,23,6,2,0,,,0.4919,0.0
9,2,5,3,24,4,6,0,,,0.9937,0.0
9,2,5,3,25,4,2,0,,,0.6264,0.0
9,2,5,3,26,6,6,1,,,0.1939,0.0
9,2,5,3,27,6,6,1,,,0.1996,0.0
9,2,5,3,28,3,5,0,6,0,0.6534,0.4378
9,2,5,3,29,2,5,0,6,0,0.3336,0.4034
9,2,5,3,30,3,5,0,6,0,0.9085,0.8586
9,2,5,3,31,1,3,0,,,0.5766,0.0
9,2,5,3,32,4,5,0,3,0,0.5141,0.5285
9,2,5,3,33,2,2,1,,,0.2764,0.0
9,2,5,3,34,2,3,0,,,0.695,0.0
9,2,5,3,35,6,6,1,,,0.8201,0.0
9,2,5,3,36,3,3,1,,,0.5766,0.0
9,2,5,3,37,6,2,0,6,1,0.839,0.9195
9,2,5,3,38,1,6,0,,,0.4003,0.0
9,2,5,3,39,5,3,0,1,0,0.6012,0.5958
9,2,5,3,40,5,6,0,4,0,0.4207,0.6306
9,2,5,3,41,5,1,0,,,0.8703,0.0
9,2,5,3,42,5,5,1,,,0.364,0.0
9,2,5,3,43,6,6,1,,,0.1555,0.0
9,2,5,3,44,4,2,0,6,0,0.307,0.5532
9,2,5,3,45,1,3,0,6,0,0.7805,0.3041
9,2,5,3,46,3,3,1,,,0.5881,0.0
9,2,5,3,47,1,1,1,,,0.7221,0.0
9,2,5,3,48,3,2,0,3,1,0.483,0.6263
9,2,5,3,49,1,3,0,,,0.4388,0.0
9,2,5,3,50,2,2,1,,,0.1749,0.0
9,2,5,4,1,3,5,0,,,0.3708,0.0
9,2,5,4,2,4,6,0,,,0.524,0.0
9,2,5,4,3,3,6,0,,,0.4644,0.0
9,2,5,4,4,6,6,1,,,0.5662,0.0
9,2,5,4,5,1,1,1,,,0.2053,0.0
9,2,5,4,6,1,3,0,,,0.4192,0.0
9,2,5,4,7,1,6,0,,,0.267,0.0
9,2,5,4,8,6,1,0,,,1.2895,0.0
9,2,5,4,9,3,2,0,,,0.5094,0.0
9,2,5,4,10,5,3,0,,,0.4983,0.0
9,2,5,4,11,2,2,1,,,0.3434,0.0
9,2,5,4,12,3,6,0,5,0,0.5987,1.666
9,2,5,4,13,5,5,1,,,0.3757,0.0
9,2,5,4,14,6,6,1,,,0.2617,0.0
9,2,5,4,15,5,2,0,,,0.2653,0.0
9,2,5,4,16,1,6,0,,,0.1994,0.0
9,2,5,4,17,2,2,1,,,0.5686,0.0
9,2,5,4,18,6,1,0,6,1,0.7665,0.4986
9,2,5,4,19,4,2,0,1,0,0.6043,0.5185
9,2,5,4,20,6,2,0,6,1,0.4915,0.4908
9,2,5,4,21,1,1,1,,,0.5804,0.0
9,2,5,4,22,4,6,0,,,0.4745,0.0
9,2,5,4,23,2,6,0,5,0,0.8959,3.8225
9,2,5,4,24,6,3,0,4,0,0.6357,0.7723
9,2,5,4,25,5,3,0,5,1,0.494,1.5171
9,2,5,4,26,2,6,0,1,0,0.3494,1.3307
9,2,5,4,27,5,3,0,4,0,0.5972,0.5441
9,2,5,4,28,6,5,0,,,1.0758,0.0
9,2,5,4,29,5,2,0,6,0,0.5447,0.3817
9,2,5,4,30,6,6,1,,,0.2317,0.0
9,2,5,4,31,4,6,0,,,0.7,0.0
9,2,5,4,32,4,3,0,,,1.2728,0.0
9,2,5,4,33,3,6,0,,,0.5583,0.0
9,2,5,4,34,1,1,1,,,0.8161,0.0
9,2,5,4,35,3,4,0,6,0,0.6048,0.5197
9,2,5,4,36,6,6,1,,,0.22,0.0
9,2,5,4,37,2,2,1,,,0.7528,0.0
9,2,5,4,38,5,6,0,,,0.3356,0.0
9,2,5,4,39,2,2,1,,,0.763,0.0
9,2,5,4,40,3,6,0,,,0.314,0.0
9,2,5,4,41,4,1,0,,,0.7908,0.0
9,2,5,4,42,6,3,0,,,0.6229,0.0
9,2,5,4,43,4,2,0,,,0.4789,0.0
9,2,5,4,44,2,2,1,,,0.1805,0.0
9,2,5,4,45,1,1,1,,,0.7952,0.0
9,2,5,4,46,3,3,1,,,0.5206,0.0
9,2,5,4,47,4,5,0,,,0.3859,0.0
9,2,5,4,48,2,2,1,,,0.4111,0.0
9,2,5,4,49,5,5,1,,,0.4238,0.0
9,2,5,4,50,1,6,0,,,0.2607,0.0
9,3,1,1,1,6,5,0,,,0.2277,0.0
9,3,1,1,2,2,2,1,,,0.1481,0.0
9,3,1,1,3,5,6,0,1,0,0.6039,0.5981
9,3,1,1,4,6,6,1,,,0.2958,0.0
9,3,1,1,5,1,5,0,,,0.4578,0.0
9,3,1,1,6,6,6,1,,,0.2405,0.0
9,3,1,1,7,4,6,0,,,0.7731,0.0
9,3,1,1,8,3,3,1,,,0.5912,0.0
9,3,1,1,9,5,1,0,,,0.6136,0.0
9,3,1,1,10,1,6,0,,,0.2779,0.0
9,3,1,1,11,6,6,1,,,0.2122,0.0
9,3,1,1,12,5,4,0,,,0.57,0.0
9,3,1,1,13,5,6,0,,,0.5405,0.0
9,3,1,1,14,6,3,0,,,0.4324,0.0
9,3,1,1,15,3,3,1,,,0.3438,0.0
9,3,1,1,16,3,2,0,,,0.2645,0.0
9,3,1,1,17,2,4,0,,,0.7115,0.0
9,3,1,1,18,5,5,1,,,0.212,0.0
9,3,1,1,19,1,1,1,,,0.4574,0.0
9,3,1,1,20,1,1,1,,,0.5495,0.0
9,3,1,1,21,6,3,0,,,0.6368,0.0
9,3,1,1,22,3,3,1,,,0.4766,0.0
9,3,1,1,23,2,2,1,,,0.7277,0.0
9,3,1,1,24,4,2,0,,,0.4719,0.0
9,3,1,1,25,3,6,0,,,0.399,0.0
9,3,1,1,26,2,2,1,,,0.2157,0.0
9,3,1,1,27,3,1,0,,,0.9416,0.0
9,3,1,1,28,5,6,0,,,0.3047,0.0
9,3,1,1,29,2,2,1,,,0.5263,0.0
9,3,1,1,30,4,6,0,,,0.5191,0.0
9,3,1,1,31,6,6,1,,,0.2355,0.0
9,3,1,1,32,1,3,0,,,0.7363,0.0
9,3,1,1,33,2,2,1,,,0.2198,0.0
9,3,1,1,34,5,5,1,,,0.2245,0.0
9,3,1,1,35,4,2,0,,,1.3667,0.0
9,3,1,1,36,4,3,0,,,0.6159,0.0
9,3,1,1,37,4,3,0,,,0.7117,0.0
9,3,1,1,38,5,5,1,,,0.389,0.0
9,3,1,1,39,2,2,1,,,0.3556,0.0
9,3,1,1,40,6,6,1,,,0.1476,0.0
9,3,1,1,41,6,6,1,,,0.0916,0.0
9,3,1,1,42,2,5,0,,,0.6139,0.0
9,3,1,1,43,1,3,0,,,0.9989,0.0
9,3,1,1,44,1,5,0,,,0.3267,0.0
9,3,1,1,45,3,3,1,,,0.8201,0.0
9,3,1,1,46,3,6,0,,,0.8646,0.0
9,3,1,1,47,4,4,1,,,0.5185,0.0
9,3,1,1,48,4,6,0,,,0.5753,0.0
9,3,1,1,49,1,3,0,6,0,0.93,0.527
9,3,1,1,50,6,3,0,,,0.3553,0.0
9,3,1,2,1,1,2,0,,,0.4766,0.0
9,3,1,2,2,4,1,0,,,0.4192,0.0
9,3,1,2,3,1,6,0,,,0.5554,0.0
9,3,1,2,4,1,1,1,,,1.103,0.0
9,3,1,2,5,6,6,1,,,0.1921,0.0
9,3,1,2,6,4,5,0,,,0.5503,0.0
9,3,1,2,7,1,1,1,,,0.6176,0.0
9,3,1,2,8,2,1,0,,,0.3507,0.0
9,3,1,2,9,3,6,0,1,0,0.5059,0.4879
9,3,1,2,10,6,6,1,,,0.3975,0.0
9,3,1,2,11,1,1,1,,,0.4758,0.0
9,3,1,2,12,3,3,1,,,0.3909,0.0
9,3,1,2,13,2,6,0,1,0,0.2131,0.56
9,3,1,2,14,2,1,0,6,0,1.1228,0.2963
9,3,1,2,15,4,6,0,,,0.5011,0.0
9,3,1,2,16,6,6,1,,,0.5388,0.0
9,3,1,2,17,5,6,0,,,0.5472,0.0
9,3,1,2,18,3,2,0,6,0,0.8376,0.471
9,3,1,2,19,2,6,0,,,0.3492,0.0
9,3,1,2,20,6,6,1,,,0.5049,0.0
9,3,1,2,21,6,6,1,,,0.5781,0.0
9,3,1,2,22,5,1,0,3,0,0.4894,0.68
9,3,1,2,23,2,2,1,,,0.4856,0.0
9,3,1,2,24,6,6,1,,,0.256,0.0
9,3,1,2,25,1,6,0,,,0.2121,0.0
9,3,1,2,26,5,6,0,,,0.2131,0.0
9,3,1,2,27,1,3,0,,,0.5019,0.0
9,3,1,2,28,6,6,1,,,0.0747,0.0
9,3,1,2,29,5,5,1,,,0.198,0.0
9,3,1,2,30,4,2,0,6,0,0.652,0.4208
9,3,1,2,31,4,4,1,,,0.7814,0.0
9,3,1,2,32,5,5,1,,,0.267,0.0
9,3,1,2,33,3,2,0,,,0.4787,0.0
9,3,1,2,34,1,1,1,,,0.6923,0.0
9,3,1,2,35,2,5,0,,,0.7428,0.0
9,3,1,2,36,4,6,0,,,0.85,0.0
9,3,1,2,37,3,5,0,,,0.569,0.0
9,3,1,2,38,2,2,1,,,0.4754,0.0
9,3,1,2,39,3,3,1,,,0.8064,0.0
9,3,1,2,40,5,4,0,,,0.9319,0.0
9,3,1,2,41,5,4,0,,,0.7106,0.0
9,3,1,2,42,3,5,0,,,0.739,0.0
9,3,1,2,43,6,2,0,6,1,0.5589,0.427
9,3,1,2,44,6,6,1,,,0.3765,0.0
9,3,1,2,45,5,5,1,,,0.4553,0.0
9,3,1,2,46,3,2,0,6,0,0.3866,0.4862
9,3,1,2,47,2,4,0,,,0.7,0.0
9,3,1,2,48,4,3,0,,,0.8407,0.0
9,3,1,2,49,4,2,0,6,0,0.4007,0.6112
9,3,1,2,50,6,6,1,,,0.1795,0.0
9,3,1,3,1,6,1,0,5,0,2.1036,1.0281
9,3,1,3,2,5,1,0,,,0.2753,0.0
9,3,1,3,3,1,1,1,,,0.5784,0.0
9,3,1,3,4,2,2,1,,,0.3134,0.0
9,3,1,3,5,1,6,0,1,1,0.266,0.467
9,3,1,3,6,1,1,1,,,0.5257,0.0
9,3,1,3,7,4,4,1,,,0.4712,0.0
9,3,1,3,8,2,2,1,,,0.2584,0.0
9,3,1,3,9,6,6,1,,,0.3103,0.0
9,3,1,3,10,5,5,1,,,0.2482,0.0
9,3,1,3,11,3,3,1,,,0.5561,0.0
9,3,1,3,12,1,1,1,,,0.4032,0.0
9,3,1,3,13,2,2,1,,,0.6254,0.0
9,3,1,3,14,1,6,0,,,0.246,0.0
9,3,1,3,15,4,1,0,,,0.5494,0.0
9,3,1,3,16,2,2,1,,,0.1847,0.0
9,3,1,3,17,4,1,0,6,0,0.3991,0.3868
9,3,1,3,18,3,1,0,,,0.2368,0.0
9,3,1,3,19,5,5,1,,,0.3965,0.0
9,3,1,3,20,6,6,1,,,0.2028,0.0
9,3,1,3,21,3,3,1,,,0.5287,0.0
9,3,1,3,22,1,5,0,1,1,0.4891,0.3761
9,3,1,3,23,6,6,1,,,0.2312,0.0
9,3,1,3,24,3,3,1,,,0.5394,0.0
9,3,1,3,25,3,3,1,,,0.5156,0.0
9,3,1,3,26,4,4,1,,,0.621,0.0
9,3,1,3,27,2,2,1,,,0.4816,0.0
9,3,1,3,28,5,3,0,,,0.6525,0.0
9,3,1,3,29,4,2,0,,,0.987,0.0
9,3,1,3,30,6,6,1,,,0.2526,0.0
9,3,1,3,31,6,1,0,,,0.288,0.0
9,3,1,3,32,5,5,1,,,0.3347,0.0
9,3,1,3,33,3,2,0,,,0.2549,0.0
9,3,1,3,34,2,2,1,,,0.2544,0.0
9,3,1,3,35,3,1,0,6,0,0.8341,0.5467
9,3,1,3,36,1,1,1,,,0.4705,0.0
9,3,1,3,37,5,5,1,,,0.209,0.0
9,3,1,3,38,6,6,1,,,0.5033,0.0
9,3,1,3,39,4,1,0,,,0.801,0.0
9,3,1,3,40,5,5,1,,,0.4417,0.0
9,3,1,3,41,1,1,1,,,0.4857,0.0
9,3,1,3,42,6,6,1,,,0.4325,0.0
9,3,1,3,43,6,6,1,,,0.1885,0.0
9,3,1,3,44,5,1,0,5,1,0.5314,0.4012
9,3,1,3,45,2,3,0,6,0,0.6389,0.3603
9,3,1,3,46,4,3,0,2,0,0.9303,0.3198
9,3,1,3,47,2,2,1,,,1.0524,0.0
9,3,1,3,48,6,6,1,,,0.2719,0.0
9,3,1,3,49,3,6,0,,,0.3231,0.0
9,3,1,3,50,4,2,0,,,0.7196,0.0
9,3,1,4,1,4,2,0,,,0.2811,0.0
9,3,1,4,2,4,1,0,,,0.1679,0.0
9,3,1,4,3,6,1,0,,,0.6346,0.0
9,3,1,4,4,1,3,0,,,0.6023,0.0
9,3,1,4,5,2,2,1,,,0.331,0.0
9,3,1,4,6,1,5,0,,,0.2033,0.0
9,3,1,4,7,1,1,1,,,0.3173,0.0
9,3,1,4,8,3,3,1,,,0.526,0.0
9,3,1,4,9,2,2,1,,,0.263,0.0
9,3,1,4,10,2,2,1,,,0.5708,0.0
9,3,1,4,11,3,1,0,,,0.5131,0.0
9,3,1,4,12,3,4,0,,,0.326,0.0
9,3,1,4,13,4,6,0,,,0.4669,0.0
9,3,1,4,14,6,6,1,,,1.2086,0.0
9,3,1,4,15,2,2,1,,,0.1983,0.0
9,3,1,4,16,1,6,0,,,0.7319,0.0
9,3,1,4,17,6,6,1,,,0.1353,0.0
9,3,1,4,18,5,5,1,,,0.2562,0.0
9,3,1,4,19,5,3,0,6,0,0.6444,0.6375
9,3,1,4,20,5,2,0,6,0,0.5411,0.6021
9,3,1,4,21,1,6,0,,,0.2667,0.0
9,3,1,4,22,5,1,0,6,0,0.5853,0.3407
9,3,1,4,23,3,3,1,,,1.953,0.0
9,3,1,4,24,4,2,0,,,0.5265,0.0
9,3,1,4,25,5,4,0,,,1.1067,0.0
9,3,1,4,26,5,5,1,,,0.2546,0.0
9,3,1,4,27,4,2,0,,,0.5151,0.0
9,3,1,4,28,2,2,1,,,0.3756,0.0
9,3,1,4,29,3,3,1,,,0.4228,0.0
9,3,1,4,30,6,6,1,,,0.2753,0.0
9,3,1,4,31,3,3,1,,,0.4387,0.0
9,3,1,4,32,4,1,0,,,0.7556,0.0
9,3,1,4,33,6,6,1,,,0.1423,0.0
9,3,1,4,34,3,3,1,,,0.2949,0.0
9,3,1,4,35,1,1,1,,,0.5371,0.0
9,3,1,4,36,3,1,0,,,0.9291,0.0
9,3,1,4,37,6,6,1,,,0.4365,0.0
9,3,1,4,38,4,6,0,,,0.6411,0.0
9,3,1,4,39,2,2,1,,,0.5446,0.0
9,3,1,4,40,6,2,0,3,0,0.5524,0.42
9,3,1,4,41,2,6,0,,,0.3492,0.0
9,3,1,4,42,5,3,0,,,0.664,0.0
9,3,1,4,43,5,5,1,,,0.2462,0.0
9,3,1,4,44,6,2,0,,,0.7946,0.0
9,3,1,4,45,6,6,1,,,0.2435,0.0
9,3,1,4,46,2,3,0,6,0,0.9357,0.4208
9,3,1,4,47,1,3,0,6,0,0.6852,0.4036
9,3,1,4,48,4,1,0,,,0.621,0.0
9,3,1,4,49,1,6,0,,,0.8295,0.0
9,3,1,4,50,6,6,1,,,0.1651,0.0
9,3,2,1,1,3,2,0,,,0.4229,0.0
9,3,2,1,2,5,6,0,,,0.1917,0.0
9,3,2,1,3,6,6,1,,,0.114,0.0
9,3,2,1,4,3,5,0,3,1,0.251,0.6595
9,3,2,1,5,3,6,0,5,0,0.5994,0.5462
9,3,2,1,6,3,1,0,,,0.6772,0.0
9,3,2,1,7,2,2,1,,,0.1472,0.0
9,3,2,1,8,6,6,1,,,0.2829,0.0
9,3,2,1,9,2,6,0,1,0,0.9575,0.5376
9,3,2,1,10,5,2,0,,,0.2692,0.0
9,3,2,1,11,5,3,0,6,0,0.476,0.3315
9,3,2,1,12,3,2,0,,,0.6641,0.0
9,3,2,1,13,5,5,1,,,0.4703,0.0
9,3,2,1,14,6,6,1,,,0.497,0.0
9,3,2,1,15,6,6,1,,,0.2188,0.0
9,3,2,1,16,5,2,0,,,0.512,0.0
9,3,2,1,17,5,6,0,,,0.4366,0.0
9,3,2,1,18,2,2,1,,,0.2843,0.0
9,3,2,1,19,6,6,1,,,0.2387,0.0
9,3,2,1,20,3,6,0,,,0.1793,0.0
9,3,2,1,21,1,1,1,,,0.502,0.0
9,3,2,1,22,1,2,0,5,0,0.4314,1.1373
9,3,2,1,23,5,3,0,,,0.8605,0.0
9,3,2,1,24,4,3,0,,,0.7708,0.0
9,3,2,1,25,1,6,0,5,0,0.5568,0.2966
9,3,2,1,26,2,2,1,,,0.5345,0.0
9,3,2,1,27,4,5,0,,,0.5107,0.0
9,3,2,1,28,1,1,1,,,0.3548,0.0
9,3,2,1,29,2,2,1,,,0.3871,0.0
9,3,2,1,30,4,6,0,2,0,0.7212,0.3905
9,3,2,1,31,4,5,0,,,0.4008,0.0
9,3,2,1,32,1,6,0,,,0.442,0.0
9,3,2,1,33,2,2,1,,,0.8011,0.0
9,3,2,1,34,2,2,1,,,0.1428,0.0
9,3,2,1,35,6,4,0,,,1.0153,0.0
9,3,2,1,36,1,1,1,,,0.2472,0.0
9,3,2,1,37,1,1,1,,,0.6352,0.0
9,3,2,1,38,4,4,1,,,0.6071,0.0
9,3,2,1,39,3,2,0,,,0.6454,0.0
9,3,2,1,40,1,3,0,,,0.5157,0.0
9,3,2,1,41,2,1,0,4,0,1.1921,0.6669
9,3,2,1,42,4,6,0,4,1,0.5209,0.7744
9,3,2,1,43,5,6,0,,,0.6298,0.0
9,3,2,1,44,4,2,0,,,0.3573,0.0
9,3,2,1,45,6,6,1,,,0.0967,0.0
9,3,2,1,46,4,4,1,,,0.6505,0.0
9,3,2,1,47,6,6,1,,,0.5264,0.0
9,3,2,1,48,3,2,0,,,0.4393,0.0
9,3,2,1,49,6,5,0,,,0.2232,0.0
9,3,2,1,50,6,6,1,,,0.1596,0.0
9,3,2,2,1,2,2,1,,,0.2775,0.0
9,3,2,2,2,1,5,0,,,0.2963,0.0
9,3,2,2,3,6,1,0,6,1,0.3416,0.3948
9,3,2,2,4,2,1,0,,,0.4403,0.0
9,3,2,2,5,6,5,0,,,0.4003,0.0
9,3,2,2,6,5,5,1,,,0.6976,0.0
9,3,2,2,7,5,3,0,,,0.5073,0.0
9,3,2,2,8,3,6,0,2,0,0.4642,1.4407
9,3,2,2,9,5,5,1,,,0.2235,0.0
9,3,2,2,10,3,3,1,,,0.6771,0.0
9,3,2,2,11,3,3,1,,,0.3912,0.0
9,3,2,2,12,4,3,0,,,0.5976,0.0
9,3,2,2,13,6,6,1,,,0.1986,0.0
9,3,2,2,14,1,1,1,,,0.6045,0.0
9,3,2,2,15,3,3,1,,,0.3218,0.0
9,3,2,2,16,6,6,1,,,0.2436,0.0
9,3,2,2,17,3,4,0,,,0.6948,0.0
9,3,2,2,18,1,6,0,1,1,0.1959,0.7671
9,3,2,2,19,5,4,0,,,0.5422,0.0
9,3,2,2,20,3,2,0,,,0.3223,0.0
9,3,2,2,21,1,6,0,,,0.3023,0.0
9,3,2,2,22,2,5,0,,,0.2362,0.0
9,3,2,2,23,4,4,1,,,0.5398,0.0
9,3,2,2,24,6,6,1,,,0.1965,0.0
9,3,2,2,25,2,2,1,,,0.3144,0.0
9,3,2,2,26,5,3,0,,,1.0357,0.0
9,3,2,2,27,4,4,1,,,0.2507,0.0
9,3,2,2,28,3,3,1,,,0.6229,0.0
9,3,2,2,29,6,6,1,,,0.4035,0.0
9,3,2,2,30,4,4,1,,,0.3535,0.0
9,3,2,2,31,1,2,0,,,0.5935,0.0
9,3,2,2,32,1,6,0,,,0.2419,0.0
9,3,2,2,33,6,6,1,,,0.2262,0.0
9,3,2,2,34,4,4,1,,,0.5029,0.0
9,3,2,2,35,2,2,1,,,0.2726,0.0
9,3,2,2,36,6,6,1,,,0.3401,0.0
9,3,2,2,37,6,6,1,,,0.7403,0.0
9,3,2,2,38,4,4,1,,,0.5328,0.0
9,3,2,2,39,2,3,0,,,0.4767,0.0
9,3,2,2,40,1,1,1,,,0.8668,0.0
9,3,2,2,41,5,5,1,,,0.2692,0.0
9,3,2,2,42,4,1,0,6,0,0.4007,0.6752
9,3,2,2,43,5,4,0,,,1.3923,0.0
9,3,2,2,44,3,3,1,,,0.5773,0.0
9,3,2,2,45,6,6,1,,,0.1837,0.0
9,3,2,2,46,1,5,0,,,0.3829,0.0
9,3,2,2,47,2,1,0,5,0,0.5362,1.3818
9,3,2,2,48,2,2,1,,,0.3587,0.0
9,3,2,2,49,4,4,1,,,0.6782,0.0
9,3,2,2,50,5,2,0,,,0.6322,0.0
9,3,2,3,1,3,6,0,,,3.1893,0.0
9,3,2,3,2,4,5,0,,,0.3325,0.0
9,3,2,3,3,3,6,0,,,0.6806,0.0
9,3,2,3,4,5,6,0,,,0.0696,0.0
9,3,2,3,5,1,1,1,,,0.6689,0.0
9,3,2,3,6,5,2,0,,,0.4159,0.0
9,3,2,3,7,4,2,0,6,0,0.5043,1.623
9,3,2,3,8,2,3,0,,,0.478,0.0
9,3,2,3,9,6,6,1,,,0.1961,0.0
9,3,2,3,10,6,6,1,,,0.1695,0.0
9,3,2,3,11,3,3,1,,,0.4009,0.0
9,3,2,3,12,5,2,0,6,0,0.2233,0.5692
9,3,2,3,13,4,4,1,,,0.6834,0.0
9,3,2,3,14,4,6,0,,,0.4937,0.0
9,3,2,3,15,3,1,0,4,0,0.531,1.2968
9,3,2,3,16,3,2,0,,,0.6609,0.0
9,3,2,3,17,2,2,1,,,0.1794,0.0
9,3,2,3,18,2,2,1,,,0.1217,0.0
9,3,2,3,19,2,2,1,,,0.4514,0.0
9,3,2,3,20,4,2,0,,,0.2871,0.0
9,3,2,3,21,2,2,1,,,0.2365,0.0
9,3,2,3,22,6,6,1,,,0.3537,0.0
9,3,2,3,23,2,2,1,,,0.2736,0.0
9,3,2,3,24,5,4,0,3,0,0.2768,1.2443
9,3,2,3,25,3,1,0,6,0,0.5788,0.5424
9,3,2,3,26,5,6,0,5,1,0.3056,1.8801
9,3,2,3,27,5,5,1,,,0.5688,0.0
9,3,2,3,28,1,1,1,,,0.4004,0.0
9,3,2,3,29,4,4,1,,,0.6221,0.0
9,3,2,3,30,1,1,1,,,0.5146,0.0
9,3,2,3,31,1,3,0,,,0.6358,0.0
9,3,2,3,32,6,5,0,,,0.3791,0.0
9,3,2,3,33,1,3,0,4,0,0.6296,0.591
9,3,2,3,34,5,5,1,,,0.3049,0.0
9,3,2,3,35,6,2,0,,,0.611,0.0
9,3,2,3,36,5,5,1,,,0.7552,0.0
9,3,2,3,37,1,6,0,,,0.466,0.0
9,3,2,3,38,1,1,1,,,0.7127,0.0
9,3,2,3,39,6,6,1,,,0.2659,0.0
9,3,2,3,40,6,6,1,,,0.3329,0.0
9,3,2,3,41,2,2,1,,,0.6372,0.0
9,3,2,3,42,3,2,0,1,0,0.7379,0.5824
9,3,2,3,43,3,5,0,,,0.1365,0.0
9,3,2,3,44,2,2,1,,,0.3004,0.0
9,3,2,3,45,4,6,0,,,0.5267,0.0
9,3,2,3,46,4,5,0,,,0.4176,0.0
9,3,2,3,47,6,6,1,,,0.443,0.0
9,3,2,3,48,6,6,1,,,0.9033,0.0
9,3,2,3,49,6,2,0,5,0,0.3683,0.5478
9,3,2,3,50,1,1,1,,,0.3114,0.0
9,3,2,4,1,5,6,0,,,0.4542,0.0
9,3,2,4,2,1,3,0,5,0,0.9415,0.6182
9,3,2,4,3,3,3,1,,,0.8743,0.0
9,3,2,4,4,4,2,0,,,0.9326,0.0
9,3,2,4,5,3,3,1,,,0.6001,0.0
9,3,2,4,6,1,5,0,,,0.2055,0.0
9,3,2,4,7,2,2,1,,,0.5275,0.0
9,3,2,4,8,1,1,1,,,0.5993,0.0
9,3,2,4,9,5,4,0,1,0,0.701,1.3474
9,3,2,4,10,2,2,1,,,0.6135,0.0
9,3,2,4,11,3,3,1,,,0.5382,0.0
9,3,2,4,12,6,6,1,,,0.5787,0.0
9,3,2,4,13,2,3,0,5,0,0.9211,0.4223
9,3,2,4,14,5,4,0,,,0.6226,0.0
9,3,2,4,15,5,5,1,,,0.6709,0.0
9,3,2,4,16,1,4,0,,,1.2816,0.0
9,3,2,4,17,4,3,0,1,0,0.5988,0.5937
9,3,2,4,18,6,6,1,,,0.3066,0.0
9,3,2,4,19,4,4,1,,,0.277,0.0
9,3,2,4,20,1,1,1,,,0.3915,0.0
9,3,2,4,21,2,2,1,,,0.31,0.0
9,3,2,4,22,5,3,0,,,0.567,0.0
9,3,2,4,23,2,2,1,,,0.2333,0.0
9,3,2,4,24,6,4,0,,,1.2782,0.0
9,3,2,4,25,5,2,0,,,0.4189,0.0
9,3,2,4,26,2,2,1,,,0.2834,0.0
9,3,2,4,27,3,6,0,,,0.4784,0.0
9,3,2,4,28,3,4,0,,,1.2677,0.0
9,3,2,4,29,3,5,0,,,0.4737,0.0
9,3,2,4,30,3,6,0,,,0.2402,0.0
9,3,2,4,31,5,5,1,,,0.2234,0.0
9,3,2,4,32,6,6,1,,,0.0688,0.0
9,3,2,4,33,6,6,1,,,0.0319,0.0
9,3,2,4,34,2,2,1,,,0.2054,0.0
9,3,2,4,35,6,6,1,,,0.5468,0.0
9,3,2,4,36,6,6,1,,,0.4586,0.0
9,3,2,4,37,4,3,0,,,0.6143,0.0
9,3,2,4,38,5,3,0,,,0.2471,0.0
9,3,2,4,39,6,2,0,,,0.1985,0.0
9,3,2,4,40,6,2,0,6,1,0.5836,0.6115
9,3,2,4,41,2,2,1,,,0.248,0.0
9,3,2,4,42,4,6,0,,,0.1726,0.0
9,3,2,4,43,4,1,0,3,0,0.5431,0.396
9,3,2,4,44,3,6,0,4,0,0.4216,1.591
9,3,2,4,45,1,1,1,,,0.4956,0.0
9,3,2,4,46,4,6,0,,,0.3935,0.0
9,3,2,4,47,1,6,0,3,0,0.2427,0.9723
9,3,2,4,48,4,4,1,,,0.2698,0.0
9,3,2,4,49,6,6,1,,,0.3535,0.0
9,3,2,4,50,1,1,1,,,0.401,0.0
9,3,3,1,1,4,6,0,,,1.1324,0.0
9,3,3,1,2,6,6,1,,,0.1672,0.0
9,3,3,1,3,2,2,1,,,0.1586,0.0
9,3,3,1,4,4,5,0,,,0.4709,0.0
9,3,3,1,5,6,6,1,,,0.1889,0.0
9,3,3,1,6,6,6,1,,,0.1158,0.0
9,3,3,1,7,2,5,0,4,0,1.3735,0.4079
9,3,3,1,8,3,3,1,,,0.6727,0.0
9,3,3,1,9,6,6,1,,,0.1635,0.0
9,3,3,1,10,3,6,0,,,0.2191,0.0
9,3,3,1,11,4,3,0,,,0.5233,0.0
9,3,3,1,12,6,6,1,,,0.3996,0.0
9,3,3,1,13,3,3,1,,,0.7981,0.0
9,3,3,1,14,2,6,0,,,0.3954,0.0
9,3,3,1,15,1,1,1,,,0.6288,0.0
9,3,3,1,16,6,6,1,,,0.3764,0.0
9,3,3,1,17,5,3,0,,,0.535,0.0
9,3,3,1,18,4,1,0,,,0.6669,0.0
9,3,3,1,19,6,6,1,,,0.2334,0.0
9,3,3,1,20,1,1,1,,,0.4298,0.0
9,3,3,1,21,5,2,0,,,0.4581,0.0
9,3,3,1,22,4,2,0,1,0,0.6255,1.371
9,3,3,1,23,2,3,0,5,0,0.6205,0.4063
9,3,3,1,24,5,6,0,2,0,0.2395,0.5371
9,3,3,1,25,3,2,0,,,0.6527,0.0
9,3,3,1,26,5,2,0,5,1,0.5238,1.0331
9,3,3,1,27,3,2,0,,,0.7169,0.0
9,3,3,1,28,5,5,1,,,0.7614,0.0
9,3,3,1,29,6,6,1,,,0.8403,0.0
9,3,3,1,30,5,3,0,,,1.0449,0.0
9,3,3,1,31,1,1,1,,,0.7077,0.0
9,3,3,1,32,1,2,0,,,0.9333,0.0
9,3,3,1,33,2,6,0,,,0.8566,0.0
9,3,3,1,34,3,3,1,,,0.4798,0.0
9,3,3,1,35,4,1,0,6,0,0.6014,0.6762
9,3,3,1,36,2,2,1,,,0.5138,0.0
9,3,3,1,37,3,2,0,5,0,0.5382,0.8239
9,3,3,1,38,2,2,1,,,0.3041,0.0
9,3,3,1,39,4,1,0,,,0.418,0.0
9,3,3,1,40,1,2,0,1,1,0.3779,1.518
9,3,3,1,41,3,3,1,,,0.9103,0.0
9,3,3,1,42,1,1,1,,,0.471,0.0
9,3,3,1,43,6,2,0,,,0.5619,0.0
9,3,3,1,44,6,6,1,,,0.3398,0.0
9,3,3,1,45,1,3,0,6,0,0.837,0.5976
9,3,3,1,46,1,1,1,,,0.3746,0.0
9,3,3,1,47,2,3,0,1,0,0.7892,0.4079
9,3,3,1,48,5,5,1,,,1.041,0.0
9,3,3,1,49,5,5,1,,,0.3886,0.0
9,3,3,1,50,4,2,0,,,1.7311,0.0
9,3,3,2,1,5,2,0,,,0.4354,0.0
9,3,3,2,2,1,4,0,,,0.603,0.0
9,3,3,2,3,1,2,0,,,0.5881,0.0
9,3,3,2,4,2,2,1,,,0.3501,0.0
9,3,3,2,5,4,4,1,,,0.7977,0.0
9,3,3,2,6,3,3,1,,,0.6512,0.0
9,3,3,2,7,3,3,1,,,0.4305,0.0
9,3,3,2,8,2,2,1,,,0.379,0.0
9,3,3,2,9,3,3,1,,,0.5214,0.0
9,3,3,2,10,5,6,0,,,0.3065,0.0
9,3,3,2,11,4,2,0,,,0.3039,0.0
9,3,3,2,12,4,3,0,,,0.9414,0.0
9,3,3,2,13,1,4,0,,,0.6562,0.0
9,3,3,2,14,4,4,1,,,0.5592,0.0
9,3,3,2,15,2,2,1,,,0.2145,0.0
9,3,3,2,16,6,6,1,,,0.1877,0.0
9,3,3,2,17,6,6,1,,,0.194,0.0
9,3,3,2,18,4,4,1,,,0.5845,0.0
9,3,3,2,19,3,2,0,,,0.6542,0.0
9,3,3,2,20,6,6,1,,,0.2375,0.0
9,3,3,2,21,5,4,0,,,0.738,0.0
9,3,3,2,22,1,1,1,,,0.3335,0.0
9,3,3,2,23,5,5,1,,,0.3658,0.0
9,3,3,2,24,6,6,1,,,0.1898,0.0
9,3,3,2,25,3,4,0,3,1,0.7557,0.504
9,3,3,2,26,6,6,1,,,0.3062,0.0
9,3,3,2,27,2,2,1,,,0.3722,0.0
9,3,3,2,28,6,6,1,,,0.7073,0.0
9,3,3,2,29,3,3,1,,,0.4047,0.0
9,3,3,2,30,1,1,1,,,0.3542,0.0
9,3,3,2,31,4,2,0,,,0.5941,0.0
9,3,3,2,32,5,6,0,,,1.0274,0.0
9,3,3,2,33,6,6,1,,,0.6105,0.0
9,3,3,2,34,6,6,1,,,0.3915,0.0
9,3,3,2,35,5,5,1,,,0.4381,0.0
9,3,3,2,36,6,2,0,,,0.3058,0.0
9,3,3,2,37,2,1,0,5,0,0.3674,0.8675
9,3,3,2,38,6,6,1,,,0.4417,0.0
9,3,3,2,39,2,2,1,,,0.3257,0.0
9,3,3,2,40,4,6,0,1,0,0.6307,0.6721
9,3,3,2,41,2,5,0,2,1,0.3824,2.6261
9,3,3,2,42,5,5,1,,,0.389,0.0
9,3,3,2,43,1,4,0,,,0.419,0.0
9,3,3,2,44,4,4,1,,,0.2351,0.0
9,3,3,2,45,3,3,1,,,0.9276,0.0
9,3,3,2,46,2,2,1,,,0.2961,0.0
9,3,3,2,47,1,6,0,4,0,0.3938,1.1491
9,3,3,2,48,5,5,1,,,0.1517,0.0
9,3,3,2,49,3,2,0,,,0.3992,0.0
9,3,3,2,50,1,1,1,,,0.4407,0.0
9,3,3,3,1,6,6,1,,,0.0984,0.0
9,3,3,3,2,6,6,1,,,0.0002,0.0
9,3,3,3,3,3,1,0,,,0.2829,0.0
9,3,3,3,4,6,6,1,,,0.0252,0.0
9,3,3,3,5,2,2,1,,,0.1022,0.0
9,3,3,3,6,1,6,0,2,0,0.1277,0.8782
9,3,3,3,7,6,6,1,,,0.0997,0.0
9,3,3,3,8,4,4,1,,,0.4453,0.0
9,3,3,3,9,3,2,0,,,0.3932,0.0
9,3,3,3,10,6,6,1,,,0.259,0.0
9,3,3,3,11,2,2,1,,,1.1103,0.0
9,3,3,3,12,5,5,1,,,0.47,0.0
9,3,3,3,13,4,3,0,,,0.8494,0.0
9,3,3,3,14,5,5,1,,,0.4559,0.0
9,3,3,3,15,3,3,1,,,1.0921,0.0
9,3,3,3,16,3,1,0,,,0.2132,0.0
9,3,3,3,17,5,2,0,,,1.0147,0.0
9,3,3,3,18,5,6,0,,,0.3903,0.0
9,3,3,3,19,6,6,1,,,0.5439,0.0
9,3,3,3,20,2,3,0,,,0.5196,0.0
9,3,3,3,21,3,6,0,,,0.9404,0.0
9,3,3,3,22,2,2,1,,,0.2713,0.0
9,3,3,3,23,3,5,0,,,0.5305,0.0
9,3,3,3,24,1,1,1,,,0.5346,0.0
9,3,3,3,25,4,6,0,,,0.2391,0.0
9,3,3,3,26,4,4,1,,,0.8471,0.0
9,3,3,3,27,3,2,0,,,0.3306,0.0
9,3,3,3,28,4,4,1,,,0.902,0.0
9,3,3,3,29,1,3,0,,,0.7194,0.0
9,3,3,3,30,3,3,1,,,1.0994,0.0
9,3,3,3,31,1,1,1,,,0.221,0.0
9,3,3,3,32,1,3,0,2,0,0.562,1.006
9,3,3,3,33,6,6,1,,,0.2553,0.0
9,3,3,3,34,6,6,1,,,0.4671,0.0
9,3,3,3,35,6,6,1,,,0.1896,0.0
9,3,3,3,36,1,1,1,,,0.2605,0.0
9,3,3,3,37,5,4,0,,,0.7281,0.0
9,3,3,3,38,4,1,0,,,0.3555,0.0
9,3,3,3,39,4,4,1,,,0.5105,0.0
9,3,3,3,40,5,5,1,,,0.2957,0.0
9,3,3,3,41,1,6,0,,,0.9218,0.0
9,3,3,3,42,2,1,0,,,0.5255,0.0
9,3,3,3,43,5,5,1,,,0.369,0.0
9,3,3,3,44,2,1,0,,,0.6408,0.0
9,3,3,3,45,5,5,1,,,0.2235,0.0
9,3,3,3,46,6,3,0,5,0,1.1252,1.4499
9,3,3,3,47,2,2,1,,,0.3438,0.0
9,3,3,3,48,4,6,0,,,0.7759,0.0
9,3,3,3,49,2,1,0,,,0.4815,0.0
9,3,3,3,50,1,1,1,,,0.4392,0.0
9,3,3,4,1,4,5,0,,,0.6409,0.0
9,3,3,4,2,5,2,0,6,0,0.5766,0.4118
9,3,3,4,3,5,3,0,,,1.1085,0.0
9,3,3,4,4,2,1,0,,,0.4005,0.0
9,3,3,4,5,1,2,0,,,1.1296,0.0
9,3,3,4,6,2,1,0,6,0,1.1884,1.1427
9,3,3,4,7,3,2,0,1,0,0.6095,0.3475
9,3,3,4,8,6,6,1,,,0.0707,0.0
9,3,3,4,9,2,2,1,,,0.4188,0.0
9,3,3,4,10,1,3,0,6,0,0.5117,0.702
9,3,3,4,11,2,4,0,,,0.843,0.0
9,3,3,4,12,5,5,1,,,0.1452,0.0
9,3,3,4,13,1,1,1,,,0.3621,0.0
9,3,3,4,14,4,1,0,2,0,0.697,0.9919
9,3,3,4,15,6,6,1,,,0.1125,0.0
9,3,3,4,16,3,3,1,,,0.89,0.0
9,3,3,4,17,2,2,1,,,0.4675,0.0
9,3,3,4,18,4,2,0,,,0.5431,0.0
9,3,3,4,19,3,4,0,1,0,0.6095,2.0921
9,3,3,4,20,1,3,0,5,0,0.6877,0.4707
9,3,3,4,21,1,1,1,,,0.6209,0.0
9,3,3,4,22,3,4,0,2,0,0.578,0.4137
9,3,3,4,23,4,2,0,3,0,0.4541,0.6463
9,3,3,4,24,5,4,0,1,0,0.3571,1.146
9,3,3,4,25,5,1,0,2,0,0.8045,0.5345
9,3,3,4,26,5,6,0,,,0.4903,0.0
9,3,3,4,27,6,1,0,,,2.4804,0.0
9,3,3,4,28,6,6,1,,,0.5796,0.0
9,3,3,4,29,4,4,1,,,1.2098,0.0
9,3,3,4,30,3,1,0,,,0.6786,0.0
9,3,3,4,31,3,3,1,,,0.8038,0.0
9,3,3,4,32,1,2,0,,,0.5927,0.0
9,3,3,4,33,6,6,1,,,0.2423,0.0
9,3,3,4,34,2,2,1,,,0.5345,0.0
9,3,3,4,35,6,6,1,,,0.2063,0.0
9,3,3,4,36,6,6,1,,,0.1004,0.0
9,3,3,4,37,4,5,0,,,0.3027,0.0
9,3,3,4,38,6,6,1,,,0.2039,0.0
9,3,3,4,39,5,6,0,,,0.354,0.0
9,3,3,4,40,5,3,0,4,0,0.8773,1.4048
9,3,3,4,41,2,2,1,,,0.9409,0.0
9,3,3,4,42,6,3,0,1,0,0.564,1.4882
9,3,3,4,43,3,3,1,,,0.5251,0.0
9,3,3,4,44,1,1,1,,,0.5497,0.0
9,3,3,4,45,6,6,1,,,0.5729,0.0
9,3,3,4,46,3,3,1,,,0.5799,0.0
9,3,3,4,47,4,2,0,6,0,0.5057,1.9126
9,3,3,4,48,2,1,0,5,0,0.6597,1.7237
9,3,3,4,49,1,6,0,,,0.5106,0.0
9,3,3,4,50,4,6,0,5,0,0.3233,0.6975
9,3,4,1,1,5,6,0,,,0.3297,0.0
9,3,4,1,2,4,6,0,,,0.2296,0.0
9,3,4,1,3,4,6,0,,,0.6136,0.0
9,3,4,1,4,2,2,1,,,0.5341,0.0
9,3,4,1,5,1,6,0,,,0.2705,0.0
9,3,4,1,6,5,1,0,,,0.4285,0.0
9,3,4,1,7,4,2,0,,,0.7243,0.0
9,3,4,1,8,4,5,0,,,0.3527,0.0
9,3,4,1,9,5,6,0,,,0.3323,0.0
9,3,4,1,10,1,2,0,5,0,0.5203,0.5018
9,3,4,1,11,2,2,1,,,0.2508,0.0
9,3,4,1,12,1,3,0,,,1.1671,0.0
9,3,4,1,13,3,3,1,,,0.5366,0.0
9,3,4,1,14,3,6,0,3,1,0.2567,0.3451
9,3,4,1,15,5,5,1,,,0.2492,0.0
9,3,4,1,16,3,4,0,,,0.8454,0.0
9,3,4,1,17,1,1,1,,,0.5483,0.0
9,3,4,1,18,2,2,1,,,0.5401,0.0
9,3,4,1,19,6,6,1,,,0.3079,0.0
9,3,4,1,20,3,1,0,,,0.8696,0.0
9,3,4,1,21,3,3,1,,,0.9076,0.0
9,3,4,1,22,3,2,0,,,0.7716,0.0
9,3,4,1,23,2,2,1,,,0.573,0.0
9,3,4,1,24,1,1,1,,,0.5796,0.0
9,3,4,1,25,5,6,0,,,0.8095,0.0
9,3,4,1,26,4,6,0,,,0.578,0.0
9,3,4,1,27,6,2,0,6,1,0.596,0.7825
9,3,4,1,28,6,6,1,,,0.2211,0.0
9,3,4,1,29,2,2,1,,,0.5138,0.0
9,3,4,1,30,2,2,1,,,0.1711,0.0
9,3,4,1,31,6,4,0,,,0.3862,0.0
9,3,4,1,32,6,6,1,,,0.4768,0.0
9,3,4,1,33,6,4,0,,,0.7746,0.0
9,3,4,1,34,5,4,0,,,0.9761,0.0
9,3,4,1,35,4,2,0,,,0.2576,0.0
9,3,4,1,36,6,6,1,,,0.2884,0.0
9,3,4,1,37,6,3,0,,,0.9148,0.0
9,3,4,1,38,5,2,0,,,0.2303,0.0
9,3,4,1,39,1,3,0,6,0,0.7268,0.7803
9,3,4,1,40,6,6,1,,,0.1662,0.0
9,3,4,1,41,5,6,0,,,0.413,0.0
9,3,4,1,42,3,3,1,,,1.0459,0.0
9,3,4,1,43,1,3,0,,,0.6008,0.0
9,3,4,1,44,6,6,1,,,0.6336,0.0
9,3,4,1,45,1,2,0,6,0,0.7658,0.5945
9,3,4,1,46,4,4,1,,,0.7393,0.0
9,3,4,1,47,4,4,1,,,0.5156,0.0
9,3,4,1,48,2,2,1,,,0.4442,0.0
9,3,4,1,49,3,2,0,,,0.6003,0.0
9,3,4,1,50,2,3,0,2,1,1.0168,0.355
9,3,4,2,1,5,6,0,,,0.2245,0.0
9,3,4,2,2,3,5,0,6,0,0.2722,2.4567
9,3,4,2,3,6,3,0,2,0,1.165,0.3047
9,3,4,2,4,4,3,0,,,0.8143,0.0
9,3,4,2,5,6,6,1,,,0.1821,0.0
9,3,4,2,6,2,2,1,,,0.2527,0.0
9,3,4,2,7,3,1,0,,,0.6568,0.0
9,3,4,2,8,1,1,1,,,0.5592,0.0
9,3,4,2,9,2,2,1,,,0.5335,0.0
9,3,4,2,10,2,2,1,,,0.1745,0.0
9,3,4,2,11,3,3,1,,,0.4369,0.0
9,3,4,2,12,5,6,0,5,1,0.6571,0.4255
9,3,4,2,13,6,2,0,,,0.4218,0.0
9,3,4,2,14,4,2,0,,,0.463,0.0
9,3,4,2,15,3,6,0,,,0.5651,0.0
9,3,4,2,16,6,6,1,,,0.2473,0.0
9,3,4,2,17,1,3,0,5,0,0.5395,0.6006
9,3,4,2,18,2,2,1,,,0.0737,0.0
9,3,4,2,19,6,6,1,,,0.2927,0.0
9,3,4,2,20,1,3,0,,,0.7272,0.0
9,3,4,2,21,4,1,0,3,0,0.7865,0.4528
9,3,4,2,22,6,6,1,,,0.1565,0.0
9,3,4,2,23,6,6,1,,,0.0205,0.0
9,3,4,2,24,3,5,0,6,0,0.5461,0.4792
9,3,4,2,25,1,6,0,,,0.9651,0.0
9,3,4,2,26,2,6,0,,,0.6145,0.0
9,3,4,2,27,5,5,1,,,0.4071,0.0
9,3,4,2,28,1,2,0,6,0,1.6213,0.4858
9,3,4,2,29,2,1,0,4,0,0.5391,1.4001
9,3,4,2,30,4,4,1,,,0.6167,0.0
9,3,4,2,31,6,6,1,,,0.1732,0.0
9,3,4,2,32,5,2,0,,,0.6442,0.0
9,3,4,2,33,6,2,0,3,0,0.4514,0.6438
9,3,4,2,34,3,3,1,,,0.7708,0.0
9,3,4,2,35,1,4,0,,,0.8493,0.0
9,3,4,2,36,4,4,1,,,0.6001,0.0
9,3,4,2,37,4,4,1,,,0.2854,0.0
9,3,4,2,38,5,5,1,,,0.4005,0.0
9,3,4,2,39,5,5,1,,,0.5897,0.0
9,3,4,2,40,5,5,1,,,1.0602,0.0
9,3,4,2,41,6,4,0,6,1,0.8542,0.3422
9,3,4,2,42,3,4,0,,,1.2061,0.0
9,3,4,2,43,3,3,1,,,0.8786,0.0
9,3,4,2,44,4,4,1,,,0.3125,0.0
9,3,4,2,45,4,3,0,,,0.6983,0.0
9,3,4,2,46,5,2,0,5,1,0.2946,0.8145
9,3,4,2,47,2,2,1,,,0.8909,0.0
9,3,4,2,48,1,2,0,,,0.4362,0.0
9,3,4,2,49,1,2,0,,,1.2441,0.0
9,3,4,2,50,2,2,1,,,0.3704,0.0
9,3,4,3,1,4,1,0,,,0.415,0.0
9,3,4,3,2,5,6,0,,,0.6798,0.0
9,3,4,3,3,2,2,1,,,0.4693,0.0
9,3,4,3,4,6,2,0,6,1,0.3206,0.358
9,3,4,3,5,6,6,1,,,0.0211,0.0
9,3,4,3,6,1,1,1,,,0.419,0.0
9,3,4,3,7,1,6,0,,,0.5603,0.0
9,3,4,3,8,5,5,1,,,0.5944,0.0
9,3,4,3,9,4,3,0,6,0,0.7763,1.2434
9,3,4,3,10,1,1,1,,,0.1297,0.0
9,3,4,3,11,3,1,0,,,0.7788,0.0
9,3,4,3,12,6,6,1,,,0.2597,0.0
9,3,4,3,13,5,5,1,,,0.3271,0.0
9,3,4,3,14,3,3,1,,,0.5196,0.0
9,3,4,3,15,2,6,0,2,1,0.6888,0.7598
9,3,4,3,16,1,1,1,,,0.2467,0.0
9,3,4,3,17,6,1,0,,,0.7467,0.0
9,3,4,3,18,3,6,0,,,0.1014,0.0
9,3,4,3,19,1,1,1,,,0.3465,0.0
9,3,4,3,20,4,3,0,,,0.731,0.0
9,3,4,3,21,5,1,0,6,0,0.1503,0.3707
9,3,4,3,22,2,2,1,,,0.4285,0.0
9,3,4,3,23,6,6,1,,,0.1217,0.0
9,3,4,3,24,5,1,0,,,0.5458,0.0
9,3,4,3,25,5,3,0,,,1.5089,0.0
9,3,4,3,26,6,6,1,,,0.16,0.0
9,3,4,3,27,2,2,1,,,0.2799,0.0
9,3,4,3,28,2,2,1,,,0.3788,0.0
9,3,4,3,29,6,6,1,,,0.6008,0.0
9,3,4,3,30,6,6,1,,,0.2228,0.0
9,3,4,3,31,5,1,0,,,1.0432,0.0
9,3,4,3,32,4,5,0,,,0.706,0.0
9,3,4,3,33,3,3,1,,,0.5581,0.0
9,3,4,3,34,2,2,1,,,0.2926,0.0
9,3,4,3,35,6,6,1,,,0.279,0.0
9,3,4,3,36,1,5,0,,,0.3769,0.0
9,3,4,3,37,2,2,1,,,0.8996,0.0
9,3,4,3,38,4,4,1,,,1.0045,0.0
9,3,4,3,39,2,2,1,,,0.2414,0.0
9,3,4,3,40,3,3,1,,,0.7737,0.0
9,3,4,3,41,3,2,0,6,0,0.772,0.6155
9,3,4,3,42,1,2,0,,,0.4239,0.0
9,3,4,3,43,6,6,1,,,0.1761,0.0
9,3,4,3,44,3,6,0,,,0.6312,0.0
9,3,4,3,45,4,2,0,,,0.3427,0.0
9,3,4,3,46,3,2,0,,,0.2897,0.0
9,3,4,3,47,4,3,0,5,0,0.3512,1.4595
9,3,4,3,48,5,2,0,4,0,0.4646,0.3371
9,3,4,3,49,1,2,0,,,0.8136,0.0
9,3,4,3,50,4,4,1,,,0.2454,0.0
9,3,4,4,1,2,3,0,1,0,0.8867,0.8059
9,3,4,4,2,1,6,0,,,0.446,0.0
9,3,4,4,3,2,2,1,,,0.4055,0.0
9,3,4,4,4,3,1,0,5,0,0.8348,0.4197
9,3,4,4,5,5,5,1,,,0.7641,0.0
9,3,4,4,6,1,4,0,1,1,0.3945,0.27
9,3,4,4,7,6,6,1,,,0.4975,0.0
9,3,4,4,8,2,6,0,4,0,0.2034,1.0135
9,3,4,4,9,2,4,0,3,0,0.5976,1.1689
9,3,4,4,10,5,2,0,3,0,0.4747,0.7943
9,3,4,4,11,4,4,1,,,0.6912,0.0
9,3,4,4,12,1,6,0,5,0,0.5489,0.7538
9,3,4,4,13,6,3,0,5,0,0.9725,0.4238
9,3,4,4,14,3,3,1,,,0.5918,0.0
9,3,4,4,15,6,6,1,,,0.2128,0.0
9,3,4,4,16,3,3,1,,,0.5066,0.0
9,3,4,4,17,4,6,0,3,0,0.292,0.4915
9,3,4,4,18,2,2,1,,,0.3526,0.0
9,3,4,4,19,4,3,0,5,0,0.5124,1.0232
9,3,4,4,20,5,5,1,,,0.7666,0.0
9,3,4,4,21,1,1,1,,,0.3333,0.0
9,3,4,4,22,3,3,1,,,0.67,0.0
9,3,4,4,23,2,2,1,,,0.3845,0.0
9,3,4,4,24,4,1,0,,,0.8316,0.0
9,3,4,4,25,5,3,0,,,0.4869,0.0
9,3,4,4,26,6,6,1,,,0.2842,0.0
9,3,4,4,27,6,6,1,,,0.2868,0.0
9,3,4,4,28,6,6,1,,,0.0012,0.0
9,3,4,4,29,1,6,0,,,0.0631,0.0
9,3,4,4,30,1,1,1,,,0.2459,0.0
9,3,4,4,31,1,1,1,,,0.2664,0.0
9,3,4,4,32,4,1,0,5,0,0.1577,1.8506
9,3,4,4,33,5,3,0,5,1,0.4078,1.0827
9,3,4,4,34,4,2,0,,,0.4444,0.0
9,3,4,4,35,5,6,0,,,0.5316,0.0
9,3,4,4,36,2,2,1,,,0.3593,0.0
9,3,4,4,37,5,4,0,,,1.2539,0.0
9,3,4,4,38,6,6,1,,,0.3645,0.0
9,3,4,4,39,5,5,1,,,0.2677,0.0
9,3,4,4,40,6,6,1,,,0.4469,0.0
9,3,4,4,41,2,3,0,5,0,0.667,0.8354
9,3,4,4,42,3,3,1,,,0.4264,0.0
9,3,4,4,43,4,4,1,,,0.9024,0.0
9,3,4,4,44,6,6,1,,,0.1924,0.0
9,3,4,4,45,6,6,1,,,0.358,0.0
9,3,4,4,46,3,3,1,,,0.517,0.0
9,3,4,4,47,4,4,1,,,0.8139,0.0
9,3,4,4,48,3,2,0,,,0.475,0.0
9,3,4,4,49,3,3,1,,,0.8647,0.0
9,3,4,4,50,1,2,0,,,0.5073,0.0
9,3,5,1,1,6,1,0,5,0,0.503,0.9975
9,3,5,1,2,2,2,1,,,0.4223,0.0
9,3,5,1,3,5,3,0,1,0,0.6264,1.788
9,3,5,1,4,3,3,1,,,0.2678,0.0
9,3,5,1,5,1,1,1,,,0.6873,0.0
9,3,5,1,6,6,3,0,6,1,0.6244,0.2503
9,3,5,1,7,4,3,0,,,0.718,0.0
9,3,5,1,8,4,6,0,,,0.2341,0.0
9,3,5,1,9,1,2,0,,,0.7937,0.0
9,3,5,1,10,2,3,0,,,0.5468,0.0
9,3,5,1,11,5,6,0,,,0.4062,0.0
9,3,5,1,12,6,6,1,,,0.4463,0.0
9,3,5,1,13,2,2,1,,,0.7939,0.0
9,3,5,1,14,2,2,1,,,0.4072,0.0
9,3,5,1,15,1,6,0,,,0.6447,0.0
9,3,5,1,16,2,2,1,,,0.4673,0.0
9,3,5,1,17,6,6,1,,,0.4144,0.0
9,3,5,1,18,1,3,0,,,0.6196,0.0
9,3,5,1,19,3,3,1,,,0.9081,0.0
9,3,5,1,20,4,4,1,,,0.7724,0.0
9,3,5,1,21,4,2,0,,,0.5473,0.0
9,3,5,1,22,4,5,0,1,0,0.8542,0.5184
9,3,5,1,23,5,3,0,6,0,0.3629,0.5431
9,3,5,1,24,6,4,0,5,0,0.8829,0.8822
9,3,5,1,25,6,6,1,,,0.4391,0.0
9,3,5,1,26,3,2,0,6,0,0.5158,0.2741
9,3,5,1,27,1,3,0,,,0.6562,0.0
9,3,5,1,28,3,1,0,3,1,0.8302,0.32
9,3,5,1,29,5,3,0,,,0.2251,0.0
9,3,5,1,30,5,5,1,,,0.1771,0.0
9,3,5,1,31,2,2,1,,,0.3598,0.0
9,3,5,1,32,6,6,1,,,0.2151,0.0
9,3,5,1,33,1,3,0,,,0.7484,0.0
9,3,5,1,34,1,3,0,4,0,0.6155,1.0414
9,3,5,1,35,6,6,1,,,0.4799,0.0
9,3,5,1,36,5,5,1,,,0.8746,0.0
9,3,5,1,37,6,6,1,,,0.3083,0.0
9,3,5,1,38,6,6,1,,,0.1019,0.0
9,3,5,1,39,3,3,1,,,0.8479,0.0
9,3,5,1,40,4,3,0,,,0.571,0.0
9,3,5,1,41,3,3,1,,,0.5409,0.0
9,3,5,1,42,2,5,0,2,1,0.8841,0.7705
9,3,5,1,43,4,4,1,,,0.7048,0.0
9,3,5,1,44,2,2,1,,,0.2581,0.0
9,3,5,1,45,1,1,1,,,0.8059,0.0
9,3,5,1,46,3,3,1,,,0.4506,0.0
9,3,5,1,47,5,6,0,,,0.43,0.0
9,3,5,1,48,3,2,0,3,1,1.1581,0.3298
9,3,5,1,49,4,4,1,,,0.3462,0.0
9,3,5,1,50,5,5,1,,,0.2818,0.0
9,3,5,2,1,2,5,0,6,0,0.2186,0.3083
9,3,5,2,2,3,3,1,,,1.4087,0.0
9,3,5,2,3,3,1,0,2,0,0.8693,0.3726
9,3,5,2,4,6,6,1,,,0.1743,0.0
9,3,5,2,5,1,4,0,,,0.5009,0.0
9,3,5,2,6,2,2,1,,,0.5224,0.0
9,3,5,2,7,6,6,1,,,0.1474,0.0
9,3,5,2,8,6,6,1,,,0.1709,0.0
9,3,5,2,9,4,4,1,,,0.2583,0.0
9,3,5,2,10,5,5,1,,,0.3091,0.0
9,3,5,2,11,2,2,1,,,0.6465,0.0
9,3,5,2,12,1,4,0,,,0.2975,0.0
9,3,5,2,13,3,6,0,,,0.2796,0.0
9,3,5,2,14,3,1,0,,,1.285,0.0
9,3,5,2,15,6,6,1,,,0.2341,0.0
9,3,5,2,16,4,3,0,5,0,1.4392,0.4391
9,3,5,2,17,1,5,0,,,0.3342,0.0
9,3,5,2,18,1,1,1,,,0.5216,0.0
9,3,5,2,19,4,6,0,,,0.2101,0.0
9,3,5,2,20,5,3,0,,,0.4986,0.0
9,3,5,2,21,5,4,0,3,0,0.76,2.044
9,3,5,2,22,5,5,1,,,0.337,0.0
9,3,5,2,23,2,5,0,2,1,0.3379,0.7111
9,3,5,2,24,3,1,0,,,0.7436,0.0
9,3,5,2,25,6,6,1,,,0.1944,0.0
9,3,5,2,26,2,2,1,,,0.5691,0.0
9,3,5,2,27,3,3,1,,,0.7677,0.0
9,3,5,2,28,6,6,1,,,0.6215,0.0
9,3,5,2,29,5,2,0,,,0.7385,0.0
9,3,5,2,30,1,5,0,,,1.2455,0.0
9,3,5,2,31,2,2,1,,,0.4356,0.0
9,3,5,2,32,5,2,0,5,1,0.5444,0.7653
9,3,5,2,33,4,4,1,,,1.3083,0.0
9,3,5,2,34,5,2,0,,,1.0117,0.0
9,3,5,2,35,6,6,1,,,0.0995,0.0
9,3,5,2,36,1,1,1,,,0.3656,0.0
9,3,5,2,37,2,4,0,,,1.0369,0.0
9,3,5,2,38,4,2,0,,,0.5082,0.0
9,3,5,2,39,4,6,0,,,0.1287,0.0
9,3,5,2,40,3,6,0,,,0.7088,0.0
9,3,5,2,41,5,4,0,,,0.529,0.0
9,3,5,2,42,1,6,0,1,1,0.3407,1.0665
9,3,5,2,43,4,4,1,,,0.3484,0.0
9,3,5,2,44,6,6,1,,,0.2049,0.0
9,3,5,2,45,6,6,1,,,0.163,0.0
9,3,5,2,46,6,6,1,,,0.0004,0.0
9,3,5,2,47,2,2,1,,,0.0002,0.0
9,3,5,2,48,1,6,0,,,0.1824,0.0
9,3,5,2,49,3,6,0,,,0.1368,0.0
9,3,5,2,50,4,6,0,,,0.892,0.0
9,3,5,3,1,5,5,1,,,0.2386,0.0
9,3,5,3,2,1,1,1,,,0.2905,0.0
9,3,5,3,3,1,1,1,,,0.6603,0.0
9,3,5,3,4,1,1,1,,,0.4548,0.0
9,3,5,3,5,3,5,0,1,0,0.2584,0.3317
9,3,5,3,6,5,2,0,,,0.4556,0.0
9,3,5,3,7,4,2,0,,,0.8616,0.0
9,3,5,3,8,4,4,1,,,0.4521,0.0
9,3,5,3,9,4,6,0,2,0,0.6074,1.29
9,3,5,3,10,5,5,1,,,0.2381,0.0
9,3,5,3,11,4,5,0,,,0.9149,0.0
9,3,5,3,12,5,5,1,,,0.2471,0.0
9,3,5,3,13,5,3,0,2,0,0.507,0.3613
9,3,5,3,14,5,6,0,2,0,0.1637,0.4648
9,3,5,3,15,3,6,0,5,0,0.5354,0.564
9,3,5,3,16,4,4,1,,,1.5426,0.0
9,3,5,3,17,2,2,1,,,0.5652,0.0
9,3,5,3,18,2,5,0,,,0.2845,0.0
9,3,5,3,19,5,6,0,,,1.0662,0.0
9,3,5,3,20,3,3,1,,,0.5524,0.0
9,3,5,3,21,3,3,1,,,0.5441,0.0
9,3,5,3,22,6,6,1,,,0.8391,0.0
9,3,5,3,23,6,6,1,,,0.1949,0.0
9,3,5,3,24,4,4,1,,,0.7767,0.0
9,3,5,3,25,6,6,1,,,0.4065,0.0
9,3,5,3,26,2,2,1,,,0.2754,0.0
9,3,5,3,27,3,2,0,,,0.4063,0.0
9,3,5,3,28,2,2,1,,,0.1432,0.0
9,3,5,3,29,1,2,0,,,0.5186,0.0
9,3,5,3,30,6,6,1,,,0.2672,0.0
9,3,5,3,31,6,6,1,,,0.2548,0.0
9,3,5,3,32,3,3,1,,,0.3861,0.0
9,3,5,3,33,1,1,1,,,0.4166,0.0
9,3,5,3,34,4,3,0,,,0.7011,0.0
9,3,5,3,35,6,6,1,,,0.1867,0.0
9,3,5,3,36,4,4,1,,,0.4966,0.0
9,3,5,3,37,3,3,1,,,0.4903,0.0
9,3,5,3,38,1,1,1,,,0.5,0.0
9,3,5,3,39,2,2,1,,,0.5895,0.0
9,3,5,3,40,2,4,0,6,0,0.5312,0.4009
9,3,5,3,41,1,2,0,,,0.3617,0.0
9,3,5,3,42,6,6,1,,,0.2448,0.0
9,3,5,3,43,5,3,0,,,0.6008,0.0
9,3,5,3,44,3,1,0,3,1,1.7055,1.0143
9,3,5,3,45,6,6,1,,,0.4595,0.0
9,3,5,3,46,1,6,0,,,0.3106,0.0
9,3,5,3,47,6,6,1,,,0.0351,0.0
9,3,5,3,48,2,2,1,,,0.3995,0.0
9,3,5,3,49,6,6,1,,,0.3816,0.0
9,3,5,3,50,2,1,0,6,0,0.7964,0.3352
9,3,5,4,1,1,2,0,,,0.3758,0.0
9,3,5,4,2,6,3,0,2,0,0.7379,1.0462
9,3,5,4,3,1,4,0,,,0.5492,0.0
9,3,5,4,4,3,3,1,,,0.4238,0.0
9,3,5,4,5,2,2,1,,,0.3244,0.0
9,3,5,4,6,6,6,1,,,0.229,0.0
9,3,5,4,7,6,6,1,,,0.5057,0.0
9,3,5,4,8,1,2,0,4,0,0.3871,0.7422
9,3,5,4,9,5,6,0,,,0.4336,0.0
9,3,5,4,10,3,2,0,6,0,0.5051,0.8078
9,3,5,4,11,4,4,1,,,0.7995,0.0
9,3,5,4,12,5,6,0,,,0.3815,0.0
9,3,5,4,13,2,2,1,,,0.2312,0.0
9,3,5,4,14,3,3,1,,,0.6679,0.0
9,3,5,4,15,4,4,1,,,0.4302,0.0
9,3,5,4,16,4,6,0,5,0,0.3794,0.6394
9,3,5,4,17,4,4,1,,,0.6858,0.0
9,3,5,4,18,6,6,1,,,0.6239,0.0
9,3,5,4,19,2,2,1,,,0.436,0.0
9,3,5,4,20,4,4,1,,,0.481,0.0
9,3,5,4,21,1,3,0,1,1,0.5067,1.0973
9,3,5,4,22,2,2,1,,,0.3623,0.0
9,3,5,4,23,2,3,0,,,0.4578,0.0
9,3,5,4,24,6,4,0,2,0,0.3524,0.517
9,3,5,4,25,1,3,0,2,0,0.3615,0.4137
9,3,5,4,26,5,1,0,6,0,0.9025,2.0203
9,3,5,4,27,3,3,1,,,0.6342,0.0
9,3,5,4,28,4,4,1,,,1.1019,0.0
9,3,5,4,29,1,2,0,,,0.703,0.0
9,3,5,4,30,2,6,0,,,0.3315,0.0
9,3,5,4,31,4,4,1,,,0.8402,0.0
9,3,5,4,32,3,6,0,,,1.0753,0.0
9,3,5,4,33,2,2,1,,,0.3367,0.0
9,3,5,4,34,5,6,0,,,0.3686,0.0
9,3,5,4,35,2,6,0,,,0.5231,0.0
9,3,5,4,36,5,4,0,,,0.7505,0.0
9,3,5,4,37,6,6,1,,,0.2653,0.0
9,3,5,4,38,5,4,0,,,0.9247,0.0
9,3,5,4,39,1,1,1,,,0.6562,0.0
9,3,5,4,40,6,6,1,,,0.4506,0.0
9,3,5,4,41,6,6,1,,,0.2384,0.0
9,3,5,4,42,1,2,0,,,0.4024,0.0
9,3,5,4,43,3,3,1,,,0.6676,0.0
9,3,5,4,44,3,1,0,,,0.4628,0.0
9,3,5,4,45,6,3,0,1,0,0.5975,0.8963
9,3,5,4,46,3,3,1,,,0.5803,0.0
9,3,5,4,47,5,5,1,,,0.7624,0.0
9,3,5,4,48,6,6,1,,,0.2647,0.0
9,3,5,4,49,4,3,0,1,0,0.7319,1.3459
9,3,5,4,50,5,5,1,,,0.3242,0.0
10,1,1,1,1,4,1,0,,,4.9666,0.0
10,1,1,1,2,3,2,0,3,1,0.804,1.6547
10,1,1,1,3,3,1,0,4,0,0.7369,1.5572
10,1,1,1,4,6,6,1,,,0.4639,0.0
10,1,1,1,5,1,6,0,,,0.5225,0.0
10,1,1,1,6,2,2,1,,,0.7354,0.0
10,1,1,1,7,6,6,1,,,0.7035,0.0
10,1,1,1,8,2,2,1,,,0.7048,0.0
10,1,1,1,9,2,1,0,4,0,2.8656,1.6801
10,1,1,1,10,6,6,1,,,0.4854,0.0
10,1,1,1,11,2,2,1,,,0.6715,0.0
10,1,1,1,12,4,4,1,,,1.2506,0.0
10,1,1,1,13,1,2,0,4,0,1.6933,2.923
10,1,1,1,14,4,6,0,5,0,0.9727,1.3682
10,1,1,1,15,1,1,1,,,2.5057,0.0
10,1,1,1,16,5,2,0,5,1,1.1528,1.6206
10,1,1,1,17,6,6,1,,,0.6405,0.0
10,1,1,1,18,4,3,0,,,2.5649,0.0
10,1,1,1,19,6,6,1,,,0.4526,0.0
10,1,1,1,20,5,4,0,,,1.2808,0.0
10,1,1,1,21,6,6,1,,,0.4536,0.0
10,1,1,1,22,6,6,1,,,0.4171,0.0
10,1,1,1,23,5,2,0,,,1.9499,0.0
10,1,1,1,24,2,6,0,,,0.5198,0.0
10,1,1,1,25,2,2,1,,,2.4441,0.0
10,1,1,1,26,3,4,0,,,1.478,0.0
10,1,1,1,27,1,1,1,,,0.9471,0.0
10,1,1,1,28,1,6,0,5,0,0.4904,1.4174
10,1,1,1,29,3,3,1,,,1.9287,0.0
10,1,1,1,30,1,1,1,,,0.9524,0.0
10,1,1,1,31,3,5,0,,,4.7834,0.0
10,1,1,1,32,2,2,1,,,0.9164,0.0
10,1,1,1,33,6,6,1,,,0.5569,0.0
10,1,1,1,34,6,6,1,,,0.5006,0.0
10,1,1,1,35,5,4,0,,,1.8388,0.0
10,1,1,1,36,3,5,0,,,1.1004,0.0
10,1,1,1,37,2,3,0,2,1,1.0331,1.0903
10,1,1,1,38,4,2,0,5,0,0.6602,1.9326
10,1,1,1,39,3,1,0,5,0,1.2549,1.638
10,1,1,1,40,1,4,0,,,1.6448,0.0
10,1,1,1,41,4,2,0,,,1.2352,0.0
10,1,1,1,42,5,2,0,,,1.2584,0.0
10,1,1,1,43,5,5,1,,,0.6887,0.0
10,1,1,1,44,5,3,0,4,0,3.315,1.4863
10,1,1,1,45,1,6,0,,,1.4028,0.0
10,1,1,1,46,5,5,1,,,1.483,0.0
10,1,1,1,47,4,2,0,,,0.7001,0.0
10,1,1,1,48,6,6,1,,,0.3932,0.0
10,1,1,1,49,4,4,1,,,1.0638,0.0
10,1,1,1,50,3,5,0,,,1.4499,0.0
10,1,1,2,1,6,1,0,3,0,2.3892,2.5508
10,1,1,2,2,5,1,0,,,0.7278,0.0
10,1,1,2,3,4,2,0,,,1.0435,0.0
10,1,1,2,4,2,6,0,,,0.4832,0.0
10,1,1,2,5,1,1,1,,,1.0493,0.0
10,1,1,2,6,2,2,1,,,0.8763,0.0
10,1,1,2,7,1,6,0,,,0.6302,0.0
10,1,1,2,8,4,2,0,,,1.3499,0.0
10,1,1,2,9,6,6,1,,,0.4727,0.0
10,1,1,2,10,4,2,0,,,0.6433,0.0
10,1,1,2,11,2,3,0,,,1.1551,0.0
10,1,1,2,12,3,2,0,,,0.9414,0.0
10,1,1,2,13,1,4,0,,,2.5925,0.0
10,1,1,2,14,6,2,0,1,0,0.672,1.2237
10,1,1,2,15,4,6,0,,,0.5758,0.0
10,1,1,2,16,1,1,1,,,0.7697,0.0
10,1,1,2,17,5,5,1,,,2.2727,0.0
10,1,1,2,18,3,2,0,,,0.77,0.0
10,1,1,2,19,1,6,0,,,0.5557,0.0
10,1,1,2,20,2,2,1,,,1.071,0.0
10,1,1,2,21,5,5,1,,,0.8652,0.0
10,1,1,2,22,5,2,0,3,0,0.9881,1.1266
10,1,1,2,23,6,6,1,,,1.1065,0.0
10,1,1,2,24,2,2,1,,,0.8354,0.0
10,1,1,2,25,3,3,1,,,0.7194,0.0
10,1,1,2,26,5,2,0,,,0.816,0.0
10,1,1,2,27,5,5,1,,,1.8003,0.0
10,1,1,2,28,1,2,0,,,0.8768,0.0
10,1,1,2,29,6,6,1,,,0.7067,0.0
10,1,1,2,30,3,1,0,4,0,0.996,1.4066
10,1,1,2,31,5,2,0,,,1.3423,0.0
10,1,1,2,32,3,5,0,,,1.0096,0.0
10,1,1,2,33,6,6,1,,,0.5136,0.0
10,1,1,2,34,6,6,1,,,0.4594,0.0
10,1,1,2,35,5,5,1,,,0.8551,0.0
10,1,1,2,36,1,2,0,3,0,2.4025,1.7625
10,1,1,2,37,3,6,0,,,0.4203,0.0
10,1,1,2,38,4,4,1,,,0.8288,0.0
10,1,1,2,39,6,6,1,,,0.5854,0.0
10,1,1,2,40,4,2,0,4,1,1.0558,1.911
10,1,1,2,41,4,2,0,,,0.5997,0.0
10,1,1,2,42,6,6,1,,,0.3764,0.0
10,1,1,2,43,3,6,0,,,3.7035,0.0
10,1,1,2,44,3,2,0,,,1.2737,0.0
10,1,1,2,45,2,2,1,,,1.3274,0.0
10,1,1,2,46,1,6,0,5,0,0.567,1.2991
10,1,1,2,47,2,2,1,,,0.5673,0.0
10,1,1,2,48,2,4,0,,,1.4217,0.0
10,1,1,2,49,6,6,1,,,1.2771,0.0
10,1,1,2,50,4,1,0,,,1.9275,0.0
10,1,1,3,1,2,1,0,4,0,2.8952,2.9241
10,1,1,3,2,6,6,1,,,0.3816,0.0
10,1,1,3,3,1,2,0,,,0.6521,0.0
10,1,1,3,4,3,6,0,,,0.4914,0.0
10,1,1,3,5,4,2,0,5,0,0.881,1.5843
10,1,1,3,6,6,6,1,,,0.3612,0.0
10,1,1,3,7,1,3,0,,,2.6169,0.0
10,1,1,3,8,6,6,1,,,0.343,0.0
10,1,1,3,9,5,2,0,4,0,1.7515,1.8751
10,1,1,3,10,6,6,1,,,0.4482,0.0
10,1,1,3,11,4,1,0,5,0,0.8278,1.4214
10,1,1,3,12,3,6,0,2,0,0.7005,1.0909
10,1,1,3,13,1,6,0,,,0.3837,0.0
10,1,1,3,14,5,5,1,,,2.4262,0.0
10,1,1,3,15,1,4,0,3,0,1.9091,1.0179
10,1,1,3,16,6,6,1,,,0.3618,0.0
10,1,1,3,17,3,6,0,,,0.5365,0.0
10,1,1,3,18,5,5,1,,,1.1808,0.0
10,1,1,3,19,4,2,0,,,1.1304,0.0
10,1,1,3,20,4,4,1,,,2.0855,0.0
10,1,1,3,21,3,2,0,,,0.8775,0.0
10,1,1,3,22,2,3,0,4,0,2.0194,1.6837
10,1,1,3,23,5,1,0,,,0.76,0.0
10,1,1,3,24,3,1,0,3,1,0.722,0.7272
10,1,1,3,25,6,6,1,,,0.4243,0.0
10,1,1,3,26,1,2,0,,,0.9495,0.0
10,1,1,3,27,3,6,0,,,0.5839,0.0
10,1,1,3,28,5,2,0,4,0,0.9218,1.8472
10,1,1,3,29,5,6,0,,,0.4365,0.0
10,1,1,3,30,2,2,1,,,0.7647,0.0
10,1,1,3,31,6,2,0,,,0.6836,0.0
10,1,1,3,32,2,2,1,,,0.7288,0.0
10,1,1,3,33,4,5,0,,,2.4572,0.0
10,1,1,3,34,2,2,1,,,0.6708,0.0
10,1,1,3,35,4,3,0,,,1.8893,0.0
10,1,1,3,36,6,6,1,,,0.5258,0.0
10,1,1,3,37,5,5,1,,,1.0148,0.0
10,1,1,3,38,1,2,0,,,0.8267,0.0
10,1,1,3,39,3,6,0,,,0.6264,0.0
10,1,1,3,40,2,2,1,,,0.6264,0.0
10,1,1,3,41,1,6,0,,,1.1747,0.0
10,1,1,3,42,1,6,0,,,2.8645,0.0
10,1,1,3,43,2,2,1,,,0.5805,0.0
10,1,1,3,44,4,6,0,5,0,1.0832,1.794
10,1,1,3,45,5,3,0,4,0,1.7144,1.0239
10,1,1,3,46,6,6,1,,,0.3835,0.0
10,1,1,3,47,6,4,0,3,0,1.166,1.1536
10,1,1,3,48,4,2,0,1,0,2.0279,1.1325
10,1,1,3,49,2,2,1,,,0.5352,0.0
10,1,1,3,50,3,2,0,,,0.5594,0.0
10,1,1,4,1,2,2,1,,,0.8483,0.0
10,1,1,4,2,1,4,0,,,1.2596,0.0
10,1,1,4,3,6,6,1,,,0.4982,0.0
10,1,1,4,4,4,2,0,,,0.6679,0.0
10,1,1,4,5,2,6,0,5,0,0.4738,1.93
10,1,1,4,6,5,2,0,,,0.964,0.0
10,1,1,4,7,1,2,0,,,0.9661,0.0
10,1,1,4,8,1,6,0,1,1,0.536,3.8289
10,1,1,4,9,6,6,1,,,0.3738,0.0
10,1,1,4,10,4,4,1,,,1.2209,0.0
10,1,1,4,11,3,3,1,,,1.6816,0.0
10,1,1,4,12,6,3,0,4,0,1.1788,1.2614
10,1,1,4,13,6,6,1,,,0.3869,0.0
10,1,1,4,14,5,2,0,6,0,2.002,1.0581
10,1,1,4,15,4,2,0,,,1.5692,0.0
10,1,1,4,16,1,2,0,5,0,0.5385,0.9189
10,1,1,4,17,4,6,0,,,0.6833,0.0
10,1,1,4,18,5,2,0,,,0.5851,0.0
10,1,1,4,19,6,6,1,,,0.4427,0.0
10,1,1,4,20,3,2,0,1,0,0.4713,1.4307
10,1,1,4,21,2,6,0,,,0.5656,0.0
10,1,1,4,22,4,1,0,,,0.9842,0.0
10,1,1,4,23,3,2,0,,,0.6015,0.0
10,1,1,4,24,4,6,0,,,0.5541,0.0
10,1,1,4,25,2,2,1,,,0.4614,0.0
10,1,1,4,26,5,6,0,,,0.8404,0.0
10,1,1,4,27,4,2,0,3,0,0.6242,3.4816
10,1,1,4,28,1,2,0,,,0.7882,0.0
10,1,1,4,29,2,4,0,,,1.5977,0.0
10,1,1,4,30,3,2,0,,,0.6135,0.0
10,1,1,4,31,3,4,0,,,2.1017,0.0
10,1,1,4,32,3,3,1,,,0.6972,0.0
10,1,1,4,33,3,3,1,,,0.6182,0.0
10,1,1,4,34,6,6,1,,,0.4153,0.0
10,1,1,4,35,4,2,0,,,1.3244,0.0
10,1,1,4,36,6,6,1,,,0.336,0.0
10,1,1,4,37,5,2,0,,,0.7368,0.0
10,1,1,4,38,2,6,0,2,1,0.3799,1.8401
10,1,1,4,39,2,2,1,,,0.6907,0.0
10,1,1,4,40,6,2,0,5,0,1.3975,1.1833
10,1,1,4,41,5,5,1,,,1.4319,0.0
10,1,1,4,42,2,2,1,,,0.7315,0.0
10,1,1,4,43,6,6,1,,,0.4594,0.0
10,1,1,4,44,1,6,0,1,1,1.0311,0.8166
10,1,1,4,45,1,6,0,,,1.6774,0.0
10,1,1,4,46,5,5,1,,,1.2506,0.0
10,1,1,4,47,3,3,1,,,1.1335,0.0
10,1,1,4,48,6,6,1,,,0.3966,0.0
10,1,1,4,49,1,6,0,1,1,0.7305,0.9278
10,1,1,4,50,5,6,0,,,0.632,0.0
10,1,2,1,1,3,6,0,5,0,0.5003,2.4673
10,1,2,1,2,1,6,0,5,0,0.4555,2.0878
10,1,2,1,3,4,2,0,,,0.5558,0.0
10,1,2,1,4,1,5,0,,,0.8626,0.0
10,1,2,1,5,6,6,1,,,0.4046,0.0
10,1,2,1,6,2,2,1,,,0.4831,0.0
10,1,2,1,7,4,2,0,,,0.5413,0.0
10,1,2,1,8,1,3,0,4,0,0.7364,1.1252
10,1,2,1,9,1,5,0,6,0,0.8007,1.3948
10,1,2,1,10,1,6,0,,,0.5628,0.0
10,1,2,1,11,4,2,0,,,0.9974,0.0
10,1,2,1,12,4,6,0,,,0.4062,0.0
10,1,2,1,13,2,3,0,1,0,3.0389,0.6932
10,1,2,1,14,4,5,0,,,1.1068,0.0
10,1,2,1,15,4,6,0,,,0.4317,0.0
10,1,2,1,16,3,2,0,,,1.0156,0.0
10,1,2,1,17,2,6,0,,,0.4393,0.0
10,1,2,1,18,3,6,0,,,0.5433,0.0
10,1,2,1,19,4,4,1,,,1.3307,0.0
10,1,2,1,20,3,2,0,,,0.8904,0.0
10,1,2,1,21,6,6,1,,,0.4639,0.0
10,1,2,1,22,6,2,0,5,0,0.9712,3.2217
10,1,2,1,23,2,2,1,,,0.8115,0.0
10,1,2,1,24,5,2,0,,,1.288,0.0
10,1,2,1,25,6,2,0,3,0,0.4769,2.8132
10,1,2,1,26,1,1,1,,,1.8909,0.0
10,1,2,1,27,2,2,1,,,0.5953,0.0
10,1,2,1,28,3,2,0,,,0.585,0.0
10,1,2,1,29,3,1,0,,,1.3709,0.0
10,1,2,1,30,5,2,0,,,0.8606,0.0
10,1,2,1,31,5,2,0,,,0.8501,0.0
10,1,2,1,32,5,6,0,5,1,0.5208,1.3031
10,1,2,1,33,1,6,0,,,1.4553,0.0
10,1,2,1,34,5,2,0,,,0.542,0.0
10,1,2,1,35,4,2,0,,,2.2732,0.0
10,1,2,1,36,6,6,1,,,0.3981,0.0
10,1,2,1,37,6,6,1,,,0.4118,0.0
10,1,2,1,38,5,2,0,4,0,1.0969,3.1037
10,1,2,1,39,3,6,0,5,0,0.5219,1.9754
10,1,2,1,40,1,6,0,5,0,0.4646,2.5764
10,1,2,1,41,6,6,1,,,0.3049,0.0
10,1,2,1,42,2,2,1,,,0.5625,0.0
10,1,2,1,43,2,3,0,1,0,1.8819,1.488
10,1,2,1,44,5,2,0,4,0,0.6208,0.9347
10,1,2,1,45,5,6,0,,,0.3618,0.0
10,1,2,1,46,6,2,0,5,0,0.6124,1.5991
10,1,2,1,47,6,6,1,,,0.3103,0.0
10,1,2,1,48,2,3,0,4,0,0.7598,0.9242
10,1,2,1,49,3,4,0,5,0,1.7436,0.8918
10,1,2,1,50,6,6,1,,,0.2571,0.0
10,1,2,2,1,4,6,0,5,0,2.0184,1.2827
10,1,2,2,2,6,6,1,,,0.28,0.0
10,1,2,2,3,2,2,1,,,0.4259,0.0
10,1,2,2,4,3,1,0,,,1.2397,0.0
10,1,2,2,5,1,6,0,5,0,0.4301,1.2799
10,1,2,2,6,2,3,0,6,0,1.2055,0.8229
10,1,2,2,7,1,2,0,,,1.4708,0.0
10,1,2,2,8,1,1,1,,,1.1324,0.0
10,1,2,2,9,5,2,0,,,0.4763,0.0
10,1,2,2,10,6,6,1,,,0.466,0.0
10,1,2,2,11,4,1,0,,,0.7166,0.0
10,1,2,2,12,4,6,0,5,0,0.5212,1.6229
10,1,2,2,13,6,6,1,,,1.4057,0.0
10,1,2,2,14,2,2,1,,,0.5468,0.0
10,1,2,2,15,4,4,1,,,2.6983,0.0
10,1,2,2,16,6,6,1,,,0.3458,0.0
10,1,2,2,17,3,6,0,,,0.3612,0.0
10,1,2,2,18,5,4,0,,,1.1402,0.0
10,1,2,2,19,4,1,0,,,1.5509,0.0
10,1,2,2,20,2,2,1,,,0.6014,0.0
10,1,2,2,21,4,3,0,4,1,1.4708,1.1095
10,1,2,2,22,5,3,0,,,1.2062,0.0
10,1,2,2,23,6,6,1,,,0.4308,0.0
10,1,2,2,24,2,6,0,,,0.4911,0.0
10,1,2,2,25,5,5,1,,,0.9772,0.0
10,1,2,2,26,4,2,0,5,0,0.5995,1.2981
10,1,2,2,27,3,2,0,1,0,0.6149,1.2494
10,1,2,2,28,6,6,1,,,0.2951,0.0
10,1,2,2,29,6,6,1,,,0.5372,0.0
10,1,2,2,30,2,2,1,,,0.7215,0.0
10,1,2,2,31,3,3,1,,,0.626,0.0
10,1,2,2,32,4,4,1,,,1.8954,0.0
10,1,2,2,33,3,6,0,,,0.4392,0.0
10,1,2,2,34,6,6,1,,,0.3031,0.0
10,1,2,2,35,5,5,1,,,0.8972,0.0
10,1,2,2,36,1,2,0,,,2.2023,0.0
10,1,2,2,37,1,6,0,,,2.0578,0.0
10,1,2,2,38,6,6,1,,,0.3186,0.0
10,1,2,2,39,5,2,0,3,0,0.5283,1.7098
10,1,2,2,40,6,6,1,,,0.3699,0.0
10,1,2,2,41,5,2,0,5,1,1.0573,1.4008
10,1,2,2,42,1,2,0,,,1.0855,0.0
10,1,2,2,43,3,1,0,,,0.7623,0.0
10,1,2,2,44,5,5,1,,,0.885,0.0
10,1,2,2,45,2,2,1,,,0.5909,0.0
10,1,2,2,46,3,2,0,,,0.7086,0.0
10,1,2,2,47,2,2,1,,,0.4819,0.0
10,1,2,2,48,3,3,1,,,0.7485,0.0
10,1,2,2,49,1,2,0,4,0,0.7956,1.8063
10,1,2,2,50,1,2,0,,,0.542,0.0
10,1,2,3,1,5,1,0,,,1.0067,0.0
10,1,2,3,2,4,6,0,,,0.3832,0.0
10,1,2,3,3,2,2,1,,,0.3774,0.0
10,1,2,3,4,6,6,1,,,0.3121,0.0
10,1,2,3,5,5,5,1,,,0.9852,0.0
10,1,2,3,6,2,2,1,,,0.5908,0.0
10,1,2,3,7,6,6,1,,,0.3571,0.0
10,1,2,3,8,6,6,1,,,0.3725,0.0
10,1,2,3,9,6,6,1,,,0.3556,0.0
10,1,2,3,10,4,1,0,,,0.6439,0.0
10,1,2,3,11,2,2,1,,,0.8032,0.0
10,1,2,3,12,3,6,0,,,0.6081,0.0
10,1,2,3,13,5,6,0,,,1.6326,0.0
10,1,2,3,14,6,6,1,,,0.3429,0.0
10,1,2,3,15,4,3,0,,,0.6638,0.0
10,1,2,3,16,4,4,1,,,2.4217,0.0
10,1,2,3,17,1,1,1,,,0.657,0.0
10,1,2,3,18,5,6,0,,,1.8442,0.0
10,1,2,3,19,6,6,1,,,0.323,0.0
10,1,2,3,20,5,2,0,4,0,0.4995,1.443
10,1,2,3,21,5,4,0,,,1.7458,0.0
10,1,2,3,22,4,3,0,,,0.7557,0.0
10,1,2,3,23,6,6,1,,,0.3499,0.0
10,1,2,3,24,1,2,0,,,1.1186,0.0
10,1,2,3,25,2,2,1,,,0.5057,0.0
10,1,2,3,26,6,6,1,,,0.4353,0.0
10,1,2,3,27,2,2,1,,,0.4639,0.0
10,1,2,3,28,4,2,0,,,0.6192,0.0
10,1,2,3,29,3,6,0,,,0.4278,0.0
10,1,2,3,30,3,1,0,,,0.9791,0.0
10,1,2,3,31,1,2,0,,,0.5009,0.0
10,1,2,3,32,5,5,1,,,0.906,0.0
10,1,2,3,33,1,5,0,,,1.7145,0.0
10,1,2,3,34,1,2,0,6,0,0.8862,1.7006
10,1,2,3,35,1,6,0,,,0.5841,0.0
10,1,2,3,36,5,5,1,,,0.7626,0.0
10,1,2,3,37,3,1,0,,,1.6093,0.0
10,1,2,3,38,4,4,1,,,1.3928,0.0
10,1,2,3,39,2,6,0,3,0,0.3581,3.275
10,1,2,3,40,6,6,1,,,0.3506,0.0
10,1,2,3,41,2,2,1,,,0.7824,0.0
10,1,2,3,42,3,6,0,,,0.8921,0.0
10,1,2,3,43,4,2,0,1,0,0.8971,2.7355
10,1,2,3,44,3,2,0,1,0,0.4891,2.7922
10,1,2,3,45,1,6,0,,,0.3676,0.0
10,1,2,3,46,1,6,0,5,0,0.4419,1.2107
10,1,2,3,47,2,2,1,,,2.0988,0.0
10,1,2,3,48,6,6,1,,,0.4104,0.0
10,1,2,3,49,3,6,0,,,0.5038,0.0
10,1,2,3,50,3,2,0,3,1,0.5084,1.7552
10,1,2,4,1,5,6,0,5,1,0.4471,1.7127
10,1,2,4,2,5,6,0,,,0.5197,0.0
10,1,2,4,3,3,2,0,,,1.1165,0.0
10,1,2,4,4,1,3,0,,,2.1042,0.0
10,1,2,4,5,6,6,1,,,0.3635,0.0
10,1,2,4,6,1,2,0,,,0.5226,0.0
10,1,2,4,7,1,1,1,,,1.1196,0.0
10,1,2,4,8,1,6,0,,,1.1998,0.0
10,1,2,4,9,6,2,0,4,0,1.7515,1.3947
10,1,2,4,10,5,5,1,,,0.8188,0.0
10,1,2,4,11,3,6,0,5,0,0.4959,1.1024
10,1,2,4,12,2,2,1,,,1.2114,0.0
10,1,2,4,13,6,6,1,,,0.4236,0.0
10,1,2,4,14,6,6,1,,,0.4371,0.0
10,1,2,4,15,3,5,0,,,1.0092,0.0
10,1,2,4,16,6,6,1,,,0.3692,0.0
10,1,2,4,17,1,6,0,,,0.4325,0.0
10,1,2,4,18,2,3,0,1,0,1.8162,0.7686
10,1,2,4,19,4,2,0,,,0.6196,0.0
10,1,2,4,20,2,2,1,,,0.5072,0.0
10,1,2,4,21,5,6,0,,,1.4612,0.0
10,1,2,4,22,1,6,0,,,0.9788,0.0
10,1,2,4,23,6,6,1,,,0.3396,0.0
10,1,2,4,24,4,1,0,3,0,0.9964,1.1031
10,1,2,4,25,3,6,0,,,1.0511,0.0
10,1,2,4,26,6,2,0,6,1,0.8099,0.6841
10,1,2,4,27,3,6,0,1,0,1.4382,0.6303
10,1,2,4,28,4,2,0,,,0.5175,0.0
10,1,2,4,29,5,2,0,3,0,0.7784,1.0856
10,1,2,4,30,4,2,0,,,0.827,0.0
10,1,2,4,31,3,3,1,,,1.4267,0.0
10,1,2,4,32,2,2,1,,,0.5664,0.0
10,1,2,4,33,3,3,1,,,0.877,0.0
10,1,2,4,34,6,6,1,,,0.4388,0.0
10,1,2,4,35,6,6,1,,,0.4353,0.0
10,1,2,4,36,1,2,0,,,0.7838,0.0
10,1,2,4,37,6,2,0,6,1,1.0175,1.0111
10,1,2,4,38,5,6,0,,,0.7757,0.0
10,1,2,4,39,4,2,0,,,1.0897,0.0
10,1,2,4,40,4,2,0,,,0.6541,0.0
10,1,2,4,41,5,6,0,,,1.3577,0.0
10,1,2,4,42,5,2,0,,,2.0476,0.0
10,1,2,4,43,1,2,0,,,0.8692,0.0
10,1,2,4,44,2,2,1,,,0.6351,0.0
10,1,2,4,45,4,1,0,,,1.2791,0.0
10,1,2,4,46,2,2,1,,,0.82,0.0
10,1,2,4,47,3,2,0,,,1.5849,0.0
10,1,2,4,48,4,6,0,5,0,0.3457,0.9751
10,1,2,4,49,2,6,0,,,1.0565,0.0
10,1,2,4,50,2,2,1,,,1.3909,0.0
10,1,3,1,1,4,6,0,,,0.4126,0.0
10,1,3,1,2,4,6,0,,,0.6774,0.0
10,1,3,1,3,6,6,1,,,0.099,0.0
10,1,3,1,4,6,6,1,,,0.2853,0.0
10,1,3,1,5,6,6,1,,,0.3034,0.0
10,1,3,1,6,5,2,0,,,1.1216,0.0
10,1,3,1,7,2,2,1,,,0.4288,0.0
10,1,3,1,8,5,6,0,5,1,0.3777,1.3736
10,1,3,1,9,2,6,0,,,0.4997,0.0
10,1,3,1,10,6,6,1,,,0.4083,0.0
10,1,3,1,11,4,2,0,,,1.3027,0.0
10,1,3,1,12,1,1,1,,,0.6985,0.0
10,1,3,1,13,6,6,1,,,0.3645,0.0
10,1,3,1,14,2,2,1,,,1.4198,0.0
10,1,3,1,15,5,6,0,,,1.2318,0.0
10,1,3,1,16,1,1,1,,,1.2065,0.0
10,1,3,1,17,5,6,0,1,0,1.4909,0.7295
10,1,3,1,18,5,5,1,,,1.013,0.0
10,1,3,1,19,3,3,1,,,0.9697,0.0
10,1,3,1,20,3,3,1,,,2.2402,0.0
10,1,3,1,21,5,5,1,,,1.0259,0.0
10,1,3,1,22,4,3,0,,,1.6545,0.0
10,1,3,1,23,4,6,0,5,0,0.8281,0.8291
10,1,3,1,24,3,3,1,,,0.6929,0.0
10,1,3,1,25,1,6,0,,,1.0624,0.0
10,1,3,1,26,3,2,0,,,0.6283,0.0
10,1,3,1,27,1,1,1,,,1.3802,0.0
10,1,3,1,28,2,2,1,,,0.602,0.0
10,1,3,1,29,4,2,0,,,1.5034,0.0
10,1,3,1,30,5,6,0,,,0.3789,0.0
10,1,3,1,31,6,6,1,,,0.3256,0.0
10,1,3,1,32,3,2,0,3,1,1.4942,0.9402
10,1,3,1,33,2,2,1,,,0.5005,0.0
10,1,3,1,34,6,6,1,,,0.3983,0.0
10,1,3,1,35,2,4,0,3,0,3.3078,0.5027
10,1,3,1,36,3,6,0,5,0,0.3799,2.2885
10,1,3,1,37,4,6,0,,,1.132,0.0
10,1,3,1,38,1,6,0,,,1.9112,0.0
10,1,3,1,39,6,6,1,,,0.5137,0.0
10,1,3,1,40,6,6,1,,,0.4908,0.0
10,1,3,1,41,2,2,1,,,0.4535,0.0
10,1,3,1,42,1,1,1,,,0.6252,0.0
10,1,3,1,43,2,2,1,,,0.4378,0.0
10,1,3,1,44,1,1,1,,,0.8824,0.0
10,1,3,1,45,3,3,1,,,0.8126,0.0
10,1,3,1,46,6,6,1,,,0.9051,0.0
10,1,3,1,47,4,2,0,3,0,0.5304,2.7201
10,1,3,1,48,1,6,0,,,0.4579,0.0
10,1,3,1,49,5,2,0,3,0,0.7521,0.5809
10,1,3,1,50,3,6,0,,,0.5186,0.0
10,1,3,2,1,2,2,1,,,1.4006,0.0
10,1,3,2,2,5,5,1,,,1.0213,0.0
10,1,3,2,3,6,6,1,,,0.386,0.0
10,1,3,2,4,2,2,1,,,0.4959,0.0
10,1,3,2,5,2,6,0,5,0,0.602,1.1397
10,1,3,2,6,6,6,1,,,0.3832,0.0
10,1,3,2,7,5,3,0,,,1.0376,0.0
10,1,3,2,8,1,6,0,1,1,0.3331,2.3388
10,1,3,2,9,1,6,0,5,0,1.5536,0.6763
10,1,3,2,10,3,6,0,5,0,1.2178,1.1709
10,1,3,2,11,2,2,1,,,0.3489,0.0
10,1,3,2,12,1,3,0,,,0.765,0.0
10,1,3,2,13,1,2,0,,,0.6791,0.0
10,1,3,2,14,3,3,1,,,0.8685,0.0
10,1,3,2,15,6,6,1,,,0.3192,0.0
10,1,3,2,16,3,3,1,,,1.2319,0.0
10,1,3,2,17,4,3,0,4,1,0.7953,1.1821
10,1,3,2,18,1,1,1,,,0.7322,0.0
10,1,3,2,19,3,2,0,,,0.492,0.0
10,1,3,2,20,6,6,1,,,0.3541,0.0
10,1,3,2,21,2,2,1,,,0.6895,0.0
10,1,3,2,22,4,6,0,,,0.8039,0.0
10,1,3,2,23,3,2,0,,,0.5729,0.0
10,1,3,2,24,5,5,1,,,0.7022,0.0
10,1,3,2,25,4,6,0,5,0,0.4318,0.6577
10,1,3,2,26,5,2,0,,,1.0405,0.0
10,1,3,2,27,6,6,1,,,0.3999,0.0
10,1,3,2,28,4,5,0,,,0.8298,0.0
10,1,3,2,29,2,2,1,,,0.6448,0.0
10,1,3,2,30,1,1,1,,,1.8163,0.0
10,1,3,2,31,3,2,0,,,2.0282,0.0
10,1,3,2,32,2,2,1,,,0.802,0.0
10,1,3,2,33,5,6,0,5,1,0.5275,1.2137
10,1,3,2,34,6,2,0,,,1.0825,0.0
10,1,3,2,35,4,2,0,4,1,0.9193,2.0847
10,1,3,2,36,6,6,1,,,0.3492,0.0
10,1,3,2,37,6,6,1,,,0.3331,0.0
10,1,3,2,38,5,1,0,,,0.8938,0.0
10,1,3,2,39,4,6,0,,,0.466,0.0
10,1,3,2,40,6,6,1,,,0.777,0.0
10,1,3,2,41,5,2,0,,,0.8225,0.0
10,1,3,2,42,1,3,0,,,1.1187,0.0
10,1,3,2,43,5,1,0,,,1.0512,0.0
10,1,3,2,44,1,6,0,5,0,0.6973,1.4243
10,1,3,2,45,2,2,1,,,0.5273,0.0
10,1,3,2,46,4,6,0,,,0.3922,0.0
10,1,3,2,47,3,3,1,,,0.8172,0.0
10,1,3,2,48,4,2,0,,,0.9735,0.0
10,1,3,2,49,6,6,1,,,0.4477,0.0
10,1,3,2,50,3,4,0,,,2.4915,0.0
10,1,3,3,1,6,6,1,,,3.148,0.0
10,1,3,3,2,2,5,0,,,0.9371,0.0
10,1,3,3,3,5,5,1,,,0.5399,0.0
10,1,3,3,4,2,4,0,,,1.3969,0.0
10,1,3,3,5,1,1,1,,,1.1566,0.0
10,1,3,3,6,4,6,0,,,0.8353,0.0
10,1,3,3,7,4,3,0,,,2.2828,0.0
10,1,3,3,8,6,6,1,,,0.3752,0.0
10,1,3,3,9,4,2,0,3,0,0.6291,1.1829
10,1,3,3,10,2,2,1,,,0.536,0.0
10,1,3,3,11,1,1,1,,,0.6879,0.0
10,1,3,3,12,6,6,1,,,0.4183,0.0
10,1,3,3,13,3,2,0,,,0.7679,0.0
10,1,3,3,14,2,2,1,,,0.6981,0.0
10,1,3,3,15,3,3,1,,,1.7233,0.0
10,1,3,3,16,5,1,0,,,3.1709,0.0
10,1,3,3,17,2,6,0,3,0,0.3626,1.935
10,1,3,3,18,5,2,0,3,0,1.801,1.0752
10,1,3,3,19,5,5,1,,,0.8651,0.0
10,1,3,3,20,3,6,0,,,0.3157,0.0
10,1,3,3,21,5,6,0,,,0.776,0.0
10,1,3,3,22,6,6,1,,,0.3373,0.0
10,1,3,3,23,4,2,0,,,1.0422,0.0
10,1,3,3,24,1,6,0,5,0,0.3045,0.9992
10,1,3,3,25,3,1,0,,,0.712,0.0
10,1,3,3,26,6,6,1,,,0.4523,0.0
10,1,3,3,27,1,2,0,,,0.5757,0.0
10,1,3,3,28,1,6,0,,,0.3532,0.0
10,1,3,3,29,3,3,1,,,1.8529,0.0
10,1,3,3,30,6,6,1,,,0.2869,0.0
10,1,3,3,31,2,2,1,,,0.6571,0.0
10,1,3,3,32,4,2,0,,,1.8933,0.0
10,1,3,3,33,3,6,0,,,0.8168,0.0
10,1,3,3,34,1,2,0,,,0.6809,0.0
10,1,3,3,35,5,2,0,3,0,1.2224,2.5514
10,1,3,3,36,6,6,1,,,0.5523,0.0
10,1,3,3,37,2,2,1,,,3.0397,0.0
10,1,3,3,38,5,5,1,,,1.0896,0.0
10,1,3,3,39,3,6,0,1,0,0.883,2.5307
10,1,3,3,40,4,6,0,,,1.2204,0.0
10,1,3,3,41,3,6,0,,,0.3479,0.0
10,1,3,3,42,1,6,0,5,0,1.4474,3.1038
10,1,3,3,43,2,2,1,,,0.5696,0.0
10,1,3,3,44,4,4,1,,,2.337,0.0
10,1,3,3,45,6,6,1,,,0.3514,0.0
10,1,3,3,46,6,6,1,,,0.687,0.0
10,1,3,3,47,5,2,0,,,0.6729,0.0
10,1,3,3,48,4,1,0,3,0,1.1355,0.8834
10,1,3,3,49,1,1,1,,,0.9532,0.0
10,1,3,3,50,6,6,1,,,0.4323,0.0
10,1,3,4,1,1,6,0,,,0.4905,0.0
10,1,3,4,2,2,5,0,6,0,0.7677,0.7233
10,1,3,4,3,3,6,0,,,0.9589,0.0
10,1,3,4,4,3,5,0,6,0,0.9613,0.4288
10,1,3,4,5,3,6,0,,,0.4046,0.0
10,1,3,4,6,2,2,1,,,0.6066,0.0
10,1,3,4,7,1,6,0,,,0.4834,0.0
10,1,3,4,8,5,6,0,5,1,1.0333,1.6509
10,1,3,4,9,2,5,0,6,0,1.4848,0.5153
10,1,3,4,10,1,1,1,,,0.9355,0.0
10,1,3,4,11,4,1,0,,,0.5278,0.0
10,1,3,4,12,2,2,1,,,0.4834,0.0
10,1,3,4,13,6,6,1,,,0.3335,0.0
10,1,3,4,14,5,2,0,,,0.4145,0.0
10,1,3,4,15,5,2,0,,,1.6228,0.0
10,1,3,4,16,5,2,0,,,1.1018,0.0
10,1,3,4,17,1,5,0,,,1.7227,0.0
10,1,3,4,18,6,6,1,,,0.3332,0.0
10,1,3,4,19,2,2,1,,,0.6701,0.0
10,1,3,4,20,5,4,0,,,1.7933,0.0
10,1,3,4,21,3,5,0,6,0,1.0888,1.1587
10,1,3,4,22,5,2,0,,,0.6568,0.0
10,1,3,4,23,2,5,0,6,0,1.5028,1.4444
10,1,3,4,24,3,2,0,5,0,2.1949,1.74
10,1,3,4,25,6,2,0,5,0,0.8291,0.9266
10,1,3,4,26,1,2,0,,,2.0184,0.0
10,1,3,4,27,6,2,0,,,1.2086,0.0
10,1,3,4,28,4,3,0,,,3.9844,0.0
10,1,3,4,29,6,6,1,,,0.3583,0.0
10,1,3,4,30,3,6,0,,,0.5502,0.0
10,1,3,4,31,1,1,1,,,0.7293,0.0
10,1,3,4,32,4,4,1,,,1.0973,0.0
10,1,3,4,33,6,6,1,,,0.4427,0.0
10,1,3,4,34,4,6,0,,,0.902,0.0
10,1,3,4,35,2,3,0,,,0.8907,0.0
10,1,3,4,36,5,4,0,6,0,1.04,1.2405
10,1,3,4,37,6,6,1,,,0.4001,0.0
10,1,3,4,38,3,2,0,,,0.6214,0.0
10,1,3,4,39,1,1,1,,,0.9424,0.0
10,1,3,4,40,3,2,0,,,0.95,0.0
10,1,3,4,41,5,6,0,,,0.7768,0.0
10,1,3,4,42,6,6,1,,,0.3858,0.0
10,1,3,4,43,6,6,1,,,0.3849,0.0
10,1,3,4,44,4,2,0,,,0.6552,0.0
10,1,3,4,45,2,2,1,,,0.4943,0.0
10,1,3,4,46,4,4,1,,,1.1115,0.0
10,1,3,4,47,4,2,0,3,0,0.7281,1.9018
10,1,3,4,48,4,4,1,,,1.5453,0.0
10,1,3,4,49,6,6,1,,,0.2795,0.0
10,1,3,4,50,1,1,1,,,0.5864,0.0
10,1,4,1,1,3,6,0,5,0,0.3888,1.2554
10,1,4,1,2,3,2,0,,,0.4617,0.0
10,1,4,1,3,6,6,1,,,0.5325,0.0
10,1,4,1,4,2,2,1,,,0.9093,0.0
10,1,4,1,5,3,1,0,,,0.7094,0.0
10,1,4,1,6,4,6,0,5,0,0.5134,0.9758
10,1,4,1,7,3,2,0,,,0.5452,0.0
10,1,4,1,8,4,3,0,,,1.588,0.0
10,1,4,1,9,6,6,1,,,0.3332,0.0
10,1,4,1,10,5,5,1,,,1.4375,0.0
10,1,4,1,11,3,2,0,,,0.577,0.0
10,1,4,1,12,4,6,0,,,0.5309,0.0
10,1,4,1,13,1,2,0,3,0,0.9661,2.6904
10,1,4,1,14,3,6,0,,,0.2855,0.0
10,1,4,1,15,4,1,0,,,0.6039,0.0
10,1,4,1,16,2,2,1,,,0.4765,0.0
10,1,4,1,17,6,6,1,,,0.3754,0.0
10,1,4,1,18,6,6,1,,,0.2936,0.0
10,1,4,1,19,1,2,0,3,0,1.0157,0.9614
10,1,4,1,20,5,2,0,1,0,0.7076,1.0816
10,1,4,1,21,4,5,0,,,2.4544,0.0
10,1,4,1,22,4,2,0,,,0.6196,0.0
10,1,4,1,23,1,6,0,,,0.3798,0.0
10,1,4,1,24,6,6,1,,,0.2941,0.0
10,1,4,1,25,4,4,1,,,1.4635,0.0
10,1,4,1,26,6,6,1,,,0.3778,0.0
10,1,4,1,27,6,6,1,,,0.3444,0.0
10,1,4,1,28,5,5,1,,,0.8719,0.0
10,1,4,1,29,6,6,1,,,0.355,0.0
10,1,4,1,30,1,6,0,5,0,0.8503,1.203
10,1,4,1,31,2,2,1,,,1.4519,0.0
10,1,4,1,32,5,6,0,,,0.4141,0.0
10,1,4,1,33,5,2,0,,,0.8071,0.0
10,1,4,1,34,4,2,0,,,0.479,0.0
10,1,4,1,35,6,6,1,,,0.3569,0.0
10,1,4,1,36,2,2,1,,,0.5158,0.0
10,1,4,1,37,2,2,1,,,0.3331,0.0
10,1,4,1,38,5,6,0,,,0.7977,0.0
10,1,4,1,39,6,6,1,,,0.2621,0.0
10,1,4,1,40,1,6,0,,,1.0977,0.0
10,1,4,1,41,1,1,1,,,0.7422,0.0
10,1,4,1,42,3,2,0,1,0,1.3174,0.5621
10,1,4,1,43,1,6,0,,,0.4686,0.0
10,1,4,1,44,2,2,1,,,0.5066,0.0
10,1,4,1,45,2,2,1,,,0.8678,0.0
10,1,4,1,46,2,2,1,,,0.4307,0.0
10,1,4,1,47,5,2,0,,,0.3789,0.0
10,1,4,1,48,5,3,0,,,2.8214,0.0
10,1,4,1,49,1,6,0,,,0.3312,0.0
10,1,4,1,50,3,2,0,,,0.9025,0.0
10,1,4,2,1,5,6,0,,,0.3131,0.0
10,1,4,2,2,6,6,1,,,0.2457,0.0
10,1,4,2,3,5,5,1,,,0.6818,0.0
10,1,4,2,4,2,2,1,,,0.7478,0.0
10,1,4,2,5,6,6,1,,,0.3958,0.0
10,1,4,2,6,6,6,1,,,0.2974,0.0
10,1,4,2,7,3,2,0,,,0.4753,0.0
10,1,4,2,8,6,6,1,,,0.4329,0.0
10,1,4,2,9,5,5,1,,,0.9091,0.0
10,1,4,2,10,1,2,0,5,0,0.6464,1.8715
10,1,4,2,11,3,2,0,,,0.6846,0.0
10,1,4,2,12,5,6,0,,,1.0502,0.0
10,1,4,2,13,4,5,0,,,0.6645,0.0
10,1,4,2,14,6,6,1,,,0.7749,0.0
10,1,4,2,15,4,3,0,,,1.5889,0.0
10,1,4,2,16,4,2,0,,,1.1008,0.0
10,1,4,2,17,3,3,1,,,1.4487,0.0
10,1,4,2,18,1,6,0,,,0.5712,0.0
10,1,4,2,19,6,2,0,3,0,1.1172,1.282
10,1,4,2,20,1,3,0,,,2.0872,0.0
10,1,4,2,21,2,2,1,,,0.6992,0.0
10,1,4,2,22,1,2,0,,,0.6207,0.0
10,1,4,2,23,4,6,0,,,0.4931,0.0
10,1,4,2,24,3,6,0,,,0.3217,0.0
10,1,4,2,25,1,2,0,,,1.2459,0.0
10,1,4,2,26,2,2,1,,,0.484,0.0
10,1,4,2,27,2,3,0,,,1.3263,0.0
10,1,4,2,28,3,3,1,,,0.9292,0.0
10,1,4,2,29,1,4,0,,,1.9455,0.0
10,1,4,2,30,2,2,1,,,1.203,0.0
10,1,4,2,31,2,6,0,5,0,0.5439,1.2608
10,1,4,2,32,6,6,1,,,0.3064,0.0
10,1,4,2,33,2,3,0,,,1.2515,0.0
10,1,4,2,34,5,2,0,,,0.6179,0.0
10,1,4,2,35,1,3,0,,,2.0745,0.0
10,1,4,2,36,1,2,0,,,0.8781,0.0
10,1,4,2,37,2,2,1,,,0.4517,0.0
10,1,4,2,38,5,6,0,2,0,0.5751,1.5312
10,1,4,2,39,6,6,1,,,0.4856,0.0
10,1,4,2,40,3,3,1,,,0.8323,0.0
10,1,4,2,41,4,3,0,,,0.5084,0.0
10,1,4,2,42,3,3,1,,,2.1766,0.0
10,1,4,2,43,4,4,1,,,1.0132,0.0
10,1,4,2,44,5,5,1,,,0.7933,0.0
10,1,4,2,45,5,2,0,,,1.607,0.0
10,1,4,2,46,6,6,1,,,0.2223,0.0
10,1,4,2,47,4,4,1,,,0.9789,0.0
10,1,4,2,48,6,6,1,,,0.5047,0.0
10,1,4,2,49,4,2,0,,,0.8659,0.0
10,1,4,2,50,3,6,0,5,0,0.4238,1.146
10,1,4,3,1,3,6,0,5,0,0.386,0.9337
10,1,4,3,2,6,6,1,,,0.3437,0.0
10,1,4,3,3,1,2,0,,,0.5362,0.0
10,1,4,3,4,3,3,1,,,0.6353,0.0
10,1,4,3,5,5,5,1,,,0.8,0.0
10,1,4,3,6,5,6,0,5,1,0.5092,0.6997
10,1,4,3,7,5,6,0,5,1,0.4128,1.0076
10,1,4,3,8,2,2,1,,,0.4523,0.0
10,1,4,3,9,6,2,0,6,1,0.8801,0.6227
10,1,4,3,10,3,3,1,,,0.7403,0.0
10,1,4,3,11,4,6,0,,,0.4195,0.0
10,1,4,3,12,3,3,1,,,1.0843,0.0
10,1,4,3,13,2,2,1,,,0.4935,0.0
10,1,4,3,14,1,3,0,,,2.4558,0.0
10,1,4,3,15,1,6,0,,,1.356,0.0
10,1,4,3,16,5,6,0,5,1,0.3188,1.0281
10,1,4,3,17,3,6,0,,,0.4082,0.0
10,1,4,3,18,5,5,1,,,1.0249,0.0
10,1,4,3,19,6,6,1,,,0.4523,0.0
10,1,4,3,20,1,1,1,,,1.2324,0.0
10,1,4,3,21,4,3,0,1,0,2.2998,0.4968
10,1,4,3,22,1,6,0,,,0.3422,0.0
10,1,4,3,23,3,2,0,,,0.5297,0.0
10,1,4,3,24,4,6,0,5,0,0.5969,0.8641
10,1,4,3,25,4,2,0,3,0,1.5424,1.0824
10,1,4,3,26,4,3,0,,,0.8232,0.0
10,1,4,3,27,1,5,0,,,0.9913,0.0
10,1,4,3,28,6,6,1,,,0.3207,0.0
10,1,4,3,29,6,6,1,,,0.514,0.0
10,1,4,3,30,5,2,0,,,0.7469,0.0
10,1,4,3,31,3,2,0,5,0,0.8856,2.2126
10,1,4,3,32,2,2,1,,,0.4031,0.0
10,1,4,3,33,4,4,1,,,0.9766,0.0
10,1,4,3,34,6,6,1,,,0.3907,0.0
10,1,4,3,35,4,3,0,,,1.0611,0.0
10,1,4,3,36,6,6,1,,,0.3069,0.0
10,1,4,3,37,6,6,1,,,0.5642,0.0
10,1,4,3,38,2,2,1,,,0.5552,0.0
10,1,4,3,39,4,4,1,,,1.9704,0.0
10,1,4,3,40,2,2,1,,,0.6081,0.0
10,1,4,3,41,2,4,0,3,0,1.2532,0.5483
10,1,4,3,42,1,2,0,,,0.6634,0.0
10,1,4,3,43,5,4,0,3,0,2.8701,0.6114
10,1,4,3,44,2,5,0,,,0.4353,0.0
10,1,4,3,45,1,2,0,3,0,1.147,1.056
10,1,4,3,46,5,1,0,,,1.4057,0.0
10,1,4,3,47,6,6,1,,,0.3816,0.0
10,1,4,3,48,2,2,1,,,0.3638,0.0
10,1,4,3,49,6,6,1,,,0.4113,0.0
10,1,4,3,50,3,5,0,,,3.1121,0.0
10,1,4,4,1,4,3,0,,,1.5839,0.0
10,1,4,4,2,6,6,1,,,0.328,0.0
10,1,4,4,3,2,2,1,,,0.3603,0.0
10,1,4,4,4,4,6,0,5,0,0.6154,1.1704
10,1,4,4,5,5,6,0,,,0.9239,0.0
10,1,4,4,6,2,5,0,,,1.9837,0.0
10,1,4,4,7,4,2,0,3,0,0.3122,1.8708
10,1,4,4,8,6,6,1,,,0.396,0.0
10,1,4,4,9,3,2,0,1,0,2.3453,1.9165
10,1,4,4,10,2,2,1,,,0.6797,0.0
10,1,4,4,11,2,2,1,,,0.4892,0.0
10,1,4,4,12,3,3,1,,,0.8523,0.0
10,1,4,4,13,5,6,0,,,0.4315,0.0
10,1,4,4,14,1,2,0,,,1.2232,0.0
10,1,4,4,15,6,6,1,,,0.3337,0.0
10,1,4,4,16,1,1,1,,,0.8307,0.0
10,1,4,4,17,5,5,1,,,0.683,0.0
10,1,4,4,18,4,3,0,4,1,2.5887,0.6132
10,1,4,4,19,2,2,1,,,0.858,0.0
10,1,4,4,20,3,3,1,,,1.1889,0.0
10,1,4,4,21,5,4,0,,,1.8581,0.0
10,1,4,4,22,1,6,0,5,0,0.2712,1.079
10,1,4,4,23,6,6,1,,,0.7561,0.0
10,1,4,4,24,3,2,0,,,0.5955,0.0
10,1,4,4,25,4,6,0,,,1.8122,0.0
10,1,4,4,26,3,2,0,,,0.4832,0.0
10,1,4,4,27,6,6,1,,,0.2969,0.0
10,1,4,4,28,5,5,1,,,0.7306,0.0
10,1,4,4,29,5,6,0,,,0.8588,0.0
10,1,4,4,30,1,2,0,4,0,0.3528,1.3496
10,1,4,4,31,6,2,0,6,1,0.6952,0.8946
10,1,4,4,32,1,1,1,,,0.7437,0.0
10,1,4,4,33,2,2,1,,,0.455,0.0
10,1,4,4,34,4,4,1,,,2.6911,0.0
10,1,4,4,35,3,3,1,,,0.914,0.0
10,1,4,4,36,6,6,1,,,0.3305,0.0
10,1,4,4,37,1,2,0,,,1.0028,0.0
10,1,4,4,38,1,5,0,,,4.027,0.0
10,1,4,4,39,2,2,1,,,0.5907,0.0
10,1,4,4,40,6,3,0,,,1.3965,0.0
10,1,4,4,41,3,5,0,,,2.7882,0.0
10,1,4,4,42,4,6,0,,,0.4108,0.0
10,1,4,4,43,5,5,1,,,0.8841,0.0
10,1,4,4,44,5,6,0,,,1.0217,0.0
10,1,4,4,45,1,6,0,,,0.5732,0.0
10,1,4,4,46,2,6,0,1,0,1.5182,1.5871
10,1,4,4,47,4,2,0,,,0.4601,0.0
10,1,4,4,48,6,6,1,,,0.386,0.0
10,1,4,4,49,6,2,0,,,0.5448,0.0
10,1,4,4,50,3,2,0,3,1,0.5,1.4914
10,1,5,1,1,3,2,0,,,1.0083,0.0
10,1,5,1,2,5,6,0,5,1,0.8964,1.0067
10,1,5,1,3,2,2,1,,,0.6273,0.0
10,1,5,1,4,2,6,0,5,0,0.3751,0.7316
10,1,5,1,5,1,6,0,,,0.3429,0.0
10,1,5,1,6,4,2,0,,,0.6739,0.0
10,1,5,1,7,6,6,1,,,0.3197,0.0
10,1,5,1,8,4,4,1,,,1.1048,0.0
10,1,5,1,9,1,6,0,,,0.626,0.0
10,1,5,1,10,6,2,0,3,0,0.4818,1.1211
10,1,5,1,11,2,6,0,5,0,0.6692,1.1404
10,1,5,1,12,3,5,0,,,2.5433,0.0
10,1,5,1,13,1,1,1,,,1.6004,0.0
10,1,5,1,14,6,6,1,,,0.3325,0.0
10,1,5,1,15,1,1,1,,,0.6849,0.0
10,1,5,1,16,3,1,0,,,1.0716,0.0
10,1,5,1,17,6,6,1,,,0.316,0.0
10,1,5,1,18,3,2,0,,,0.6057,0.0
10,1,5,1,19,5,2,0,1,0,1.1665,1.4103
10,1,5,1,20,1,2,0,,,0.5944,0.0
10,1,5,1,21,5,1,0,,,1.94,0.0
10,1,5,1,22,4,4,1,,,1.038,0.0
10,1,5,1,23,1,4,0,3,0,3.8739,1.2703
10,1,5,1,24,6,6,1,,,0.2999,0.0
10,1,5,1,25,3,3,1,,,1.4217,0.0
10,1,5,1,26,5,6,0,3,0,0.8338,1.5703
10,1,5,1,27,6,6,1,,,0.412,0.0
10,1,5,1,28,2,2,1,,,0.4248,0.0
10,1,5,1,29,6,6,1,,,0.3254,0.0
10,1,5,1,30,3,2,0,,,1.2059,0.0
10,1,5,1,31,3,3,1,,,1.0854,0.0
10,1,5,1,32,2,2,1,,,0.3834,0.0
10,1,5,1,33,5,6,0,,,0.6215,0.0
10,1,5,1,34,2,2,1,,,0.6691,0.0
10,1,5,1,35,5,1,0,,,1.5036,0.0
10,1,5,1,36,3,2,0,,,0.7163,0.0
10,1,5,1,37,5,2,0,,,0.6323,0.0
10,1,5,1,38,6,6,1,,,0.4081,0.0
10,1,5,1,39,2,2,1,,,0.4854,0.0
10,1,5,1,40,4,2,0,,,0.4956,0.0
10,1,5,1,41,4,1,0,,,0.8528,0.0
10,1,5,1,42,1,1,1,,,2.1863,0.0
10,1,5,1,43,4,6,0,,,0.511,0.0
10,1,5,1,44,6,6,1,,,0.3872,0.0
10,1,5,1,45,2,2,1,,,0.3381,0.0
10,1,5,1,46,4,4,1,,,1.9063,0.0
10,1,5,1,47,4,2,0,3,0,0.4978,1.7288
10,1,5,1,48,6,6,1,,,0.5479,0.0
10,1,5,1,49,5,3,0,,,1.2272,0.0
10,1,5,1,50,1,6,0,5,0,0.6741,0.7453
10,1,5,2,1,2,2,1,,,0.8019,0.0
10,1,5,2,2,4,3,0,4,1,1.5511,0.4351
10,1,5,2,3,6,6,1,,,0.4154,0.0
10,1,5,2,4,1,6,0,,,0.9082,0.0
10,1,5,2,5,2,2,1,,,0.5926,0.0
10,1,5,2,6,1,1,1,,,0.8537,0.0
10,1,5,2,7,2,2,1,,,0.481,0.0
10,1,5,2,8,3,4,0,,,0.828,0.0
10,1,5,2,9,6,6,1,,,0.4513,0.0
10,1,5,2,10,6,6,1,,,0.3831,0.0
10,1,5,2,11,1,2,0,,,0.5253,0.0
10,1,5,2,12,3,6,0,,,0.3852,0.0
10,1,5,2,13,3,3,1,,,0.986,0.0
10,1,5,2,14,4,6,0,,,0.4164,0.0
10,1,5,2,15,3,2,0,,,1.321,0.0
10,1,5,2,16,4,2,0,,,0.6363,0.0
10,1,5,2,17,4,3,0,,,1.212,0.0
10,1,5,2,18,5,6,0,,,0.4355,0.0
10,1,5,2,19,6,6,1,,,0.2837,0.0
10,1,5,2,20,3,1,0,3,1,0.8622,0.5258
10,1,5,2,21,1,6,0,,,1.1268,0.0
10,1,5,2,22,1,2,0,,,1.6497,0.0
10,1,5,2,23,3,2,0,3,1,0.4712,0.8709
10,1,5,2,24,1,3,0,2,0,0.8659,0.4495
10,1,5,2,25,6,2,0,1,0,0.681,0.4323
10,1,5,2,26,2,2,1,,,0.7927,0.0
10,1,5,2,27,1,1,1,,,0.854,0.0
10,1,5,2,28,5,5,1,,,0.7205,0.0
10,1,5,2,29,4,2,0,3,0,0.4341,1.8113
10,1,5,2,30,5,2,0,,,0.9941,0.0
10,1,5,2,31,6,2,0,3,0,0.8184,1.0116
10,1,5,2,32,5,3,0,,,1.7319,0.0
10,1,5,2,33,6,6,1,,,0.3906,0.0
10,1,5,2,34,6,6,1,,,0.5638,0.0
10,1,5,2,35,6,6,1,,,0.7466,0.0
10,1,5,2,36,5,2,0,,,1.0987,0.0
10,1,5,2,37,5,6,0,,,2.0709,0.0
10,1,5,2,38,5,6,0,,,0.4434,0.0
10,1,5,2,39,3,2,0,,,0.3385,0.0
10,1,5,2,40,4,6,0,,,0.895,0.0
10,1,5,2,41,5,5,1,,,0.7877,0.0
10,1,5,2,42,1,3,0,,,1.4736,0.0
10,1,5,2,43,4,1,0,,,2.0785,0.0
10,1,5,2,44,2,2,1,,,1.0899,0.0
10,1,5,2,45,3,3,1,,,0.9155,0.0
10,1,5,2,46,6,6,1,,,0.6035,0.0
10,1,5,2,47,2,2,1,,,2.1288,0.0
10,1,5,2,48,2,2,1,,,0.4074,0.0
10,1,5,2,49,4,6,0,5,0,0.4842,0.7716
10,1,5,2,50,2,2,1,,,0.4607,0.0
10,1,5,3,1,5,2,0,,,0.5018,0.0
10,1,5,3,2,4,4,1,,,1.1782,0.0
10,1,5,3,3,6,6,1,,,0.232,0.0
10,1,5,3,4,2,2,1,,,0.5241,0.0
10,1,5,3,5,6,6,1,,,0.3568,0.0
10,1,5,3,6,4,6,0,,,0.7721,0.0
10,1,5,3,7,5,5,1,,,0.5894,0.0
10,1,5,3,8,6,3,0,2,0,1.2829,0.5294
10,1,5,3,9,2,6,0,2,1,0.8696,0.5645
10,1,5,3,10,2,2,1,,,0.6356,0.0
10,1,5,3,11,6,6,1,,,0.2716,0.0
10,1,5,3,12,5,2,0,,,0.6748,0.0
10,1,5,3,13,4,6,0,5,0,0.6086,0.6507
10,1,5,3,14,2,2,1,,,0.3616,0.0
10,1,5,3,15,1,6,0,,,0.8244,0.0
10,1,5,3,16,1,6,0,,,0.4801,0.0
10,1,5,3,17,5,1,0,,,1.2378,0.0
10,1,5,3,18,1,1,1,,,1.549,0.0
10,1,5,3,19,1,2,0,,,0.5075,0.0
10,1,5,3,20,6,6,1,,,0.3521,0.0
10,1,5,3,21,3,3,1,,,1.3118,0.0
10,1,5,3,22,1,2,0,3,0,0.4561,0.9682
10,1,5,3,23,2,2,1,,,0.4583,0.0
10,1,5,3,24,3,3,1,,,0.8215,0.0
10,1,5,3,25,3,6,0,,,0.498,0.0
10,1,5,3,26,6,6,1,,,0.8233,0.0
10,1,5,3,27,4,2,0,,,1.2353,0.0
10,1,5,3,28,4,2,0,,,1.5777,0.0
10,1,5,3,29,2,3,0,,,1.1702,0.0
10,1,5,3,30,4,2,0,,,1.2917,0.0
10,1,5,3,31,6,2,0,4,0,0.6079,2.1059
10,1,5,3,32,1,3,0,,,1.2769,0.0
10,1,5,3,33,1,6,0,,,0.5301,0.0
10,1,5,3,34,3,4,0,,,1.0299,0.0
10,1,5,3,35,3,1,0,4,0,0.9968,0.5595
10,1,5,3,36,4,2,0,,,1.0422,0.0
10,1,5,3,37,5,6,0,,,0.5124,0.0
10,1,5,3,38,5,5,1,,,0.5486,0.0
10,1,5,3,39,3,6,0,5,0,1.8045,0.4854
10,1,5,3,40,6,6,1,,,0.331,0.0
10,1,5,3,41,4,4,1,,,1.0674,0.0
10,1,5,3,42,2,2,1,,,0.3345,0.0
10,1,5,3,43,1,2,0,,,2.3987,0.0
10,1,5,3,44,6,6,1,,,0.3095,0.0
10,1,5,3,45,6,6,1,,,0.3908,0.0
10,1,5,3,46,3,3,1,,,0.7407,0.0
10,1,5,3,47,5,2,0,,,0.8359,0.0
10,1,5,3,48,2,3,0,,,0.6515,0.0
10,1,5,3,49,3,1,0,,,0.8585,0.0
10,1,5,3,50,5,2,0,3,0,1.2645,0.5761
10,1,5,4,1,3,6,0,5,0,0.3834,1.523
10,1,5,4,2,6,6,1,,,0.2861,0.0
10,1,5,4,3,1,2,0,,,1.0237,0.0
10,1,5,4,4,5,2,0,3,0,0.6234,1.833
10,1,5,4,5,5,1,0,,,0.967,0.0
10,1,5,4,6,5,4,0,,,1.1927,0.0
10,1,5,4,7,3,2,0,,,0.8325,0.0
10,1,5,4,8,1,2,0,6,0,1.0795,0.6863
10,1,5,4,9,2,2,1,,,0.3324,0.0
10,1,5,4,10,3,3,1,,,0.9084,0.0
10,1,5,4,11,3,5,0,,,2.6456,0.0
10,1,5,4,12,2,2,1,,,0.8501,0.0
10,1,5,4,13,2,3,0,1,0,1.0212,0.3905
10,1,5,4,14,1,6,0,,,0.5921,0.0
10,1,5,4,15,6,6,1,,,0.4007,0.0
10,1,5,4,16,2,5,0,2,1,1.2469,0.591
10,1,5,4,17,5,2,0,5,1,0.9485,0.5451
10,1,5,4,18,2,2,1,,,0.4889,0.0
10,1,5,4,19,2,2,1,,,0.4032,0.0
10,1,5,4,20,1,6,0,,,0.4812,0.0
10,1,5,4,21,4,4,1,,,0.8549,0.0
10,1,5,4,22,6,6,1,,,0.3052,0.0
10,1,5,4,23,6,6,1,,,0.4353,0.0
10,1,5,4,24,6,6,1,,,0.3193,0.0
10,1,5,4,25,6,6,1,,,0.4486,0.0
10,1,5,4,26,6,6,1,,,0.3002,0.0
10,1,5,4,27,4,2,0,,,0.4305,0.0
10,1,5,4,28,2,2,1,,,1.7663,0.0
10,1,5,4,29,1,4,0,3,0,1.5636,0.6231
10,1,5,4,30,1,6,0,,,0.8144,0.0
10,1,5,4,31,4,2,0,,,0.711,0.0
10,1,5,4,32,3,2,0,3,1,0.675,1.6265
10,1,5,4,33,2,2,1,,,0.422,0.0
10,1,5,4,34,5,6,0,1,0,0.5151,0.8335
10,1,5,4,35,3,6,0,,,0.537,0.0
10,1,5,4,36,5,5,1,,,0.7001,0.0
10,1,5,4,37,6,6,1,,,0.3023,0.0
10,1,5,4,38,6,6,1,,,0.368,0.0
10,1,5,4,39,3,3,1,,,0.7988,0.0
10,1,5,4,40,4,2,0,,,1.0206,0.0
10,1,5,4,41,1,6,0,,,0.3159,0.0
10,1,5,4,42,5,6,0,,,1.4805,0.0
10,1,5,4,43,4,1,0,,,1.1408,0.0
10,1,5,4,44,5,1,0,,,1.1991,0.0
10,1,5,4,45,4,3,0,,,0.9672,0.0
10,1,5,4,46,4,3,0,,,0.7124,0.0
10,1,5,4,47,4,2,0,3,0,0.421,0.7267
10,1,5,4,48,1,6,0,4,0,0.3696,1.1261
10,1,5,4,49,3,3,1,,,0.881,0.0
10,1,5,4,50,6,6,1,,,0.3631,0.0
10,2,1,1,1,2,2,1,,,0.4418,0.0
10,2,1,1,2,1,1,1,,,0.6621,0.0
10,2,1,1,3,2,2,1,,,0.3294,0.0
10,2,1,1,4,3,2,0,3,1,1.0185,0.307
10,2,1,1,5,1,2,0,4,0,0.5017,0.82
10,2,1,1,6,6,2,0,,,0.4594,0.0
10,2,1,1,7,3,2,0,,,0.4827,0.0
10,2,1,1,8,1,6,0,,,0.377,0.0
10,2,1,1,9,5,4,0,,,0.8033,0.0
10,2,1,1,10,3,3,1,,,0.8285,0.0
10,2,1,1,11,1,2,0,,,0.633,0.0
10,2,1,1,12,2,2,1,,,0.873,0.0
10,2,1,1,13,4,6,0,5,0,0.2907,0.9867
10,2,1,1,14,6,6,1,,,0.2999,0.0
10,2,1,1,15,5,2,0,1,0,0.6057,0.1202
10,2,1,1,16,6,3,0,4,0,1.3092,0.4746
10,2,1,1,17,1,6,0,2,0,0.5769,0.7646
10,2,1,1,18,6,2,0,,,0.4071,0.0
10,2,1,1,19,5,6,0,5,1,1.0082,0.7939
10,2,1,1,20,3,2,0,,,0.4879,0.0
10,2,1,1,21,4,2,0,3,0,0.6698,1.1573
10,2,1,1,22,2,2,1,,,0.4315,0.0
10,2,1,1,23,1,3,0,,,1.5479,0.0
10,2,1,1,24,4,2,0,,,0.6944,0.0
10,2,1,1,25,3,2,0,,,0.564,0.0
10,2,1,1,26,4,6,0,,,0.4058,0.0
10,2,1,1,27,3,2,0,,,1.0553,0.0
10,2,1,1,28,5,3,0,,,0.814,0.0
10,2,1,1,29,5,2,0,,,1.1422,0.0
10,2,1,1,30,6,6,1,,,0.3053,0.0
10,2,1,1,31,2,2,1,,,0.771,0.0
10,2,1,1,32,5,2,0,,,0.8496,0.0
10,2,1,1,33,3,2,0,3,1,0.6642,2.4962
10,2,1,1,34,5,2,0,,,0.4249,0.0
10,2,1,1,35,1,6,0,,,0.3212,0.0
10,2,1,1,36,2,2,1,,,0.7658,0.0
10,2,1,1,37,4,3,0,,,1.3888,0.0
10,2,1,1,38,6,6,1,,,0.6859,0.0
10,2,1,1,39,4,4,1,,,1.2159,0.0
10,2,1,1,40,2,2,1,,,1.1801,0.0
10,2,1,1,41,6,6,1,,,0.33,0.0
10,2,1,1,42,6,6,1,,,0.3627,0.0
10,2,1,1,43,6,6,1,,,0.3144,0.0
10,2,1,1,44,3,6,0,5,0,0.3642,0.8326
10,2,1,1,45,5,2,0,,,0.5196,0.0
10,2,1,1,46,1,5,0,,,0.8602,0.0
10,2,1,1,47,6,2,0,1,0,1.8273,0.5075
10,2,1,1,48,4,4,1,,,0.9604,0.0
10,2,1,1,49,4,6,0,,,0.2953,0.0
10,2,1,1,50,2,2,1,,,0.4207,0.0
10,2,1,2,1,3,3,1,,,0.784,0.0
10,2,1,2,2,6,6,1,,,0.2858,0.0
10,2,1,2,3,3,4,0,,,0.8965,0.0
10,2,1,2,4,2,3,0,2,1,1.1727,0.424
10,2,1,2,5,4,2,0,,,0.4368,0.0
10,2,1,2,6,6,6,1,,,1.0689,0.0
10,2,1,2,7,5,6,0,,,0.5751,0.0
10,2,1,2,8,3,3,1,,,0.6742,0.0
10,2,1,2,9,1,6,0,,,0.4369,0.0
10,2,1,2,10,3,1,0,,,0.6846,0.0
10,2,1,2,11,5,3,0,,,0.7619,0.0
10,2,1,2,12,3,6,0,,,0.3245,0.0
10,2,1,2,13,1,1,1,,,0.8011,0.0
10,2,1,2,14,2,2,1,,,0.4781,0.0
10,2,1,2,15,2,2,1,,,0.4096,0.0
10,2,1,2,16,6,6,1,,,0.8075,0.0
10,2,1,2,17,1,2,0,5,0,0.4202,1.3506
10,2,1,2,18,4,2,0,,,0.3767,0.0
10,2,1,2,19,6,6,1,,,0.4992,0.0
10,2,1,2,20,3,3,1,,,1.1809,0.0
10,2,1,2,21,1,2,0,,,0.5386,0.0
10,2,1,2,22,2,2,1,,,0.9099,0.0
10,2,1,2,23,5,2,0,,,1.4312,0.0
10,2,1,2,24,5,6,0,5,1,0.3424,0.8917
10,2,1,2,25,1,2,0,,,0.6136,0.0
10,2,1,2,26,5,2,0,,,0.9493,0.0
10,2,1,2,27,1,3,0,,,0.6806,0.0
10,2,1,2,28,4,2,0,3,0,0.5978,1.9053
10,2,1,2,29,5,2,0,,,0.5089,0.0
10,2,1,2,30,6,6,1,,,0.354,0.0
10,2,1,2,31,2,2,1,,,0.4176,0.0
10,2,1,2,32,6,6,1,,,0.3349,0.0
10,2,1,2,33,6,3,0,,,1.1035,0.0
10,2,1,2,34,2,6,0,2,1,0.348,2.0805
10,2,1,2,35,6,6,1,,,0.3298,0.0
10,2,1,2,36,6,6,1,,,0.3624,0.0
10,2,1,2,37,2,6,0,,,0.5547,0.0
10,2,1,2,38,4,4,1,,,0.8612,0.0
10,2,1,2,39,4,5,0,,,1.2573,0.0
10,2,1,2,40,1,4,0,,,0.7988,0.0
10,2,1,2,41,4,3,0,,,0.9039,0.0
10,2,1,2,42,6,6,1,,,0.2846,0.0
10,2,1,2,43,2,2,1,,,0.7357,0.0
10,2,1,2,44,4,6,0,,,0.3993,0.0
10,2,1,2,45,4,2,0,,,0.393,0.0
10,2,1,2,46,1,4,0,3,0,1.4422,0.3944
10,2,1,2,47,3,2,0,,,2.4995,0.0
10,2,1,2,48,5,6,0,,,0.2628,0.0
10,2,1,2,49,3,6,0,,,0.4052,0.0
10,2,1,2,50,5,2,0,,,0.399,0.0
10,2,1,3,1,3,2,0,,,0.5017,0.0
10,2,1,3,2,5,3,0,,,1.4025,0.0
10,2,1,3,3,3,2,0,,,0.411,0.0
10,2,1,3,4,5,2,0,,,0.5316,0.0
10,2,1,3,5,3,2,0,,,2.1193,0.0
10,2,1,3,6,6,6,1,,,0.2976,0.0
10,2,1,3,7,1,2,0,,,1.388,0.0
10,2,1,3,8,6,4,0,3,0,1.2603,0.46
10,2,1,3,9,4,2,0,1,0,0.9633,1.3591
10,2,1,3,10,1,2,0,,,0.4494,0.0
10,2,1,3,11,5,5,1,,,0.7288,0.0
10,2,1,3,12,5,6,0,,,0.4091,0.0
10,2,1,3,13,4,5,0,,,1.1547,0.0
10,2,1,3,14,2,6,0,,,0.413,0.0
10,2,1,3,15,5,2,0,6,0,0.5497,0.7708
10,2,1,3,16,1,5,0,,,0.8928,0.0
10,2,1,3,17,2,2,1,,,0.322,0.0
10,2,1,3,18,6,6,1,,,0.3874,0.0
10,2,1,3,19,3,3,1,,,0.8179,0.0
10,2,1,3,20,1,6,0,,,0.4944,0.0
10,2,1,3,21,6,6,1,,,0.3555,0.0
10,2,1,3,22,5,5,1,,,0.4679,0.0
10,2,1,3,23,3,2,0,,,1.1027,0.0
10,2,1,3,24,6,6,1,,,0.3795,0.0
10,2,1,3,25,5,5,1,,,0.5855,0.0
10,2,1,3,26,2,5,0,2,1,1.7274,0.4122
10,2,1,3,27,3,3,1,,,0.5222,0.0
10,2,1,3,28,1,6,0,,,0.3393,0.0
10,2,1,3,29,2,2,1,,,0.3832,0.0
10,2,1,3,30,2,3,0,,,0.6858,0.0
10,2,1,3,31,6,5,0,6,1,0.6353,0.3559
10,2,1,3,32,5,3,0,,,0.8998,0.0
10,2,1,3,33,2,2,1,,,0.2966,0.0
10,2,1,3,34,4,3,0,2,0,0.9707,0.1974
10,2,1,3,35,3,1,0,,,0.9674,0.0
10,2,1,3,36,1,5,0,,,0.8092,0.0
10,2,1,3,37,1,3,0,,,1.5537,0.0
10,2,1,3,38,6,6,1,,,0.3161,0.0
10,2,1,3,39,4,2,0,4,1,0.3808,1.3772
10,2,1,3,40,6,2,0,,,0.4389,0.0
10,2,1,3,41,3,4,0,3,1,0.5907,1.306
10,2,1,3,42,2,2,1,,,0.4984,0.0
10,2,1,3,43,6,6,1,,,1.3727,0.0
10,2,1,3,44,4,2,0,,,0.4502,0.0
10,2,1,3,45,1,4,0,,,2.5059,0.0
10,2,1,3,46,4,4,1,,,0.6362,0.0
10,2,1,3,47,4,4,1,,,1.3289,0.0
10,2,1,3,48,2,2,1,,,0.2971,0.0
10,2,1,3,49,4,4,1,,,1.5788,0.0
10,2,1,3,50,6,6,1,,,0.3604,0.0
10,2,1,4,1,1,6,0,,,0.5499,0.0
10,2,1,4,2,6,6,1,,,0.2651,0.0
10,2,1,4,3,5,2,0,,,0.3967,0.0
10,2,1,4,4,2,2,1,,,0.4373,0.0
10,2,1,4,5,1,1,1,,,1.3463,0.0
10,2,1,4,6,4,6,0,,,0.9526,0.0
10,2,1,4,7,3,6,0,5,0,0.6358,1.4925
10,2,1,4,8,4,4,1,,,0.5612,0.0
10,2,1,4,9,3,2,0,,,0.729,0.0
10,2,1,4,10,1,2,0,,,0.9008,0.0
10,2,1,4,11,5,2,0,,,0.9374,0.0
10,2,1,4,12,1,6,0,5,0,0.3487,0.5134
10,2,1,4,13,6,6,1,,,0.2779,0.0
10,2,1,4,14,3,3,1,,,0.9055,0.0
10,2,1,4,15,4,4,1,,,1.0743,0.0
10,2,1,4,16,2,2,1,,,0.373,0.0
10,2,1,4,17,5,5,1,,,0.5798,0.0
10,2,1,4,18,6,6,1,,,0.4267,0.0
10,2,1,4,19,4,2,0,,,0.5682,0.0
10,2,1,4,20,5,5,1,,,0.5062,0.0
10,2,1,4,21,4,4,1,,,1.0764,0.0
10,2,1,4,22,6,6,1,,,0.3108,0.0
10,2,1,4,23,1,1,1,,,0.8401,0.0
10,2,1,4,24,5,6,0,5,1,0.5006,0.6907
10,2,1,4,25,6,6,1,,,0.3092,0.0
10,2,1,4,26,2,2,1,,,0.3752,0.0
10,2,1,4,27,4,1,0,3,0,0.8064,0.3604
10,2,1,4,28,6,6,1,,,0.2748,0.0
10,2,1,4,29,2,2,1,,,0.5983,0.0
10,2,1,4,30,3,5,0,,,1.9158,0.0
10,2,1,4,31,5,5,1,,,0.7424,0.0
10,2,1,4,32,3,3,1,,,0.8388,0.0
10,2,1,4,33,3,4,0,,,1.7787,0.0
10,2,1,4,34,6,6,1,,,0.3553,0.0
10,2,1,4,35,4,6,0,,,0.4512,0.0
10,2,1,4,36,1,1,1,,,0.8583,0.0
10,2,1,4,37,6,6,1,,,0.9652,0.0
10,2,1,4,38,2,2,1,,,1.7238,0.0
10,2,1,4,39,2,6,0,2,1,0.6915,0.8904
10,2,1,4,40,1,6,0,,,0.3726,0.0
10,2,1,4,41,1,2,0,,,0.6711,0.0
10,2,1,4,42,2,2,1,,,0.5576,0.0
10,2,1,4,43,3,3,1,,,1.3648,0.0
10,2,1,4,44,6,6,1,,,0.3949,0.0
10,2,1,4,45,4,1,0,,,1.0015,0.0
10,2,1,4,46,5,6,0,,,0.3616,0.0
10,2,1,4,47,5,2,0,5,1,0.4843,2.0673
10,2,1,4,48,6,6,1,,,0.3166,0.0
10,2,1,4,49,3,3,1,,,0.654,0.0
10,2,1,4,50,2,2,1,,,0.514,0.0
10,2,2,1,1,4,2,0,,,0.4637,0.0
10,2,2,1,2,6,6,1,,,0.2775,0.0
10,2,2,1,3,5,5,1,,,0.5853,0.0
10,2,2,1,4,6,6,1,,,0.3192,0.0
10,2,2,1,5,6,2,0,5,0,1.1365,2.0049
10,2,2,1,6,1,3,0,1,1,1.5801,0.3191
10,2,2,1,7,1,2,0,,,0.3684,0.0
10,2,2,1,8,3,5,0,,,0.6032,0.0
10,2,2,1,9,5,6,0,,,0.3161,0.0
10,2,2,1,10,4,3,0,,,0.8566,0.0
10,2,2,1,11,2,2,1,,,0.4635,0.0
10,2,2,1,12,4,3,0,,,1.8024,0.0
10,2,2,1,13,5,5,1,,,0.2976,0.0
10,2,2,1,14,3,3,1,,,0.6362,0.0
10,2,2,1,15,1,3,0,,,0.9281,0.0
10,2,2,1,16,1,1,1,,,0.8677,0.0
10,2,2,1,17,2,2,1,,,0.3018,0.0
10,2,2,1,18,4,4,1,,,0.6237,0.0
10,2,2,1,19,5,6,0,,,0.4531,0.0
10,2,2,1,20,5,3,0,,,0.9079,0.0
10,2,2,1,21,5,6,0,,,0.3043,0.0
10,2,2,1,22,6,6,1,,,0.238,0.0
10,2,2,1,23,3,4,0,3,1,0.6424,0.3959
10,2,2,1,24,4,6,0,,,0.4417,0.0
10,2,2,1,25,2,2,1,,,1.4256,0.0
10,2,2,1,26,3,6,0,,,0.7895,0.0
10,2,2,1,27,3,2,0,,,1.039,0.0
10,2,2,1,28,1,4,0,3,0,2.6542,0.3083
10,2,2,1,29,6,1,0,3,0,0.9455,0.3823
10,2,2,1,30,1,2,0,,,0.5042,0.0
10,2,2,1,31,2,3,0,,,0.6528,0.0
10,2,2,1,32,6,6,1,,,0.2682,0.0
10,2,2,1,33,6,6,1,,,0.5756,0.0
10,2,2,1,34,3,1,0,3,1,0.8382,0.1348
10,2,2,1,35,3,2,0,,,0.416,0.0
10,2,2,1,36,1,2,0,,,0.6485,0.0
10,2,2,1,37,2,1,0,,,1.1437,0.0
10,2,2,1,38,6,6,1,,,0.4819,0.0
10,2,2,1,39,2,2,1,,,0.3489,0.0
10,2,2,1,40,5,2,0,3,0,0.6525,0.6609
10,2,2,1,41,4,4,1,,,0.6909,0.0
10,2,2,1,42,3,6,0,,,0.4533,0.0
10,2,2,1,43,6,6,1,,,0.364,0.0
10,2,2,1,44,2,2,1,,,0.3794,0.0
10,2,2,1,45,5,6,0,,,0.9704,0.0
10,2,2,1,46,2,2,1,,,0.3,0.0
10,2,2,1,47,1,2,0,,,1.1818,0.0
10,2,2,1,48,4,4,1,,,0.647,0.0
10,2,2,1,49,4,5,0,,,1.7386,0.0
10,2,2,1,50,6,6,1,,,0.3168,0.0
10,2,2,2,1,6,6,1,,,0.2681,0.0
10,2,2,2,2,4,3,0,,,0.8789,0.0
10,2,2,2,3,4,3,0,1,0,0.9161,1.1063
10,2,2,2,4,4,2,0,,,0.5106,0.0
10,2,2,2,5,2,6,0,4,0,0.2594,1.4199
10,2,2,2,6,1,5,0,,,0.5558,0.0
10,2,2,2,7,4,3,0,,,1.1029,0.0
10,2,2,2,8,1,1,1,,,0.5553,0.0
10,2,2,2,9,1,2,0,,,0.7709,0.0
10,2,2,2,10,1,2,0,,,0.3808,0.0
10,2,2,2,11,6,6,1,,,0.295,0.0
10,2,2,2,12,6,6,1,,,0.3122,0.0
10,2,2,2,13,1,2,0,,,1.2097,0.0
10,2,2,2,14,5,5,1,,,0.5459,0.0
10,2,2,2,15,2,2,1,,,0.3935,0.0
10,2,2,2,16,5,2,0,5,1,0.5364,1.4292
10,2,2,2,17,6,6,1,,,0.3928,0.0
10,2,2,2,18,3,2,0,,,0.3911,0.0
10,2,2,2,19,3,2,0,,,0.9288,0.0
10,2,2,2,20,2,2,1,,,0.4366,0.0
10,2,2,2,21,2,2,1,,,1.105,0.0
10,2,2,2,22,6,6,1,,,0.8977,0.0
10,2,2,2,23,1,1,1,,,1.019,0.0
10,2,2,2,24,6,2,0,6,1,2.1114,0.5084
10,2,2,2,25,5,5,1,,,0.6299,0.0
10,2,2,2,26,4,6,0,,,0.4581,0.0
10,2,2,2,27,1,2,0,,,1.1854,0.0
10,2,2,2,28,2,2,1,,,0.4105,0.0
10,2,2,2,29,6,6,1,,,0.3117,0.0
10,2,2,2,30,5,2,0,,,0.713,0.0
10,2,2,2,31,6,6,1,,,0.2936,0.0
10,2,2,2,32,3,2,0,,,0.8403,0.0
10,2,2,2,33,3,3,1,,,1.2795,0.0
10,2,2,2,34,4,4,1,,,2.0409,0.0
10,2,2,2,35,5,6,0,,,0.276,0.0
10,2,2,2,36,3,2,0,3,1,0.6583,0.8744
10,2,2,2,37,3,3,1,,,0.6136,0.0
10,2,2,2,38,3,6,0,3,1,0.346,0.7676
10,2,2,2,39,6,6,1,,,0.3178,0.0
10,2,2,2,40,5,3,0,,,1.007,0.0
10,2,2,2,41,5,2,0,,,1.3277,0.0
10,2,2,2,42,2,2,1,,,0.5948,0.0
10,2,2,2,43,4,2,0,,,0.3601,0.0
10,2,2,2,44,1,1,1,,,1.8269,0.0
10,2,2,2,45,6,2,0,1,0,0.4862,0.5812
10,2,2,2,46,5,2,0,,,0.7753,0.0
10,2,2,2,47,4,2,0,3,0,1.2819,0.4483
10,2,2,2,48,3,2,0,,,0.3758,0.0
10,2,2,2,49,2,2,1,,,0.3855,0.0
10,2,2,2,50,2,2,1,,,1.104,0.0
10,2,2,3,1,6,6,1,,,0.3989,0.0
10,2,2,3,2,1,2,0,6,0,0.3487,0.4657
10,2,2,3,3,4,1,0,,,1.1765,0.0
10,2,2,3,4,1,6,0,1,1,0.7859,0.7084
10,2,2,3,5,3,6,0,,,0.4225,0.0
10,2,2,3,6,3,3,1,,,1.647,0.0
10,2,2,3,7,6,6,1,,,0.265,0.0
10,2,2,3,8,4,2,0,,,0.3643,0.0
10,2,2,3,9,5,6,0,,,1.2233,0.0
10,2,2,3,10,4,2,0,,,0.495,0.0
10,2,2,3,11,5,6,0,5,1,0.3399,1.1128
10,2,2,3,12,2,2,1,,,0.4096,0.0
10,2,2,3,13,5,2,0,,,2.0231,0.0
10,2,2,3,14,2,2,1,,,0.4619,0.0
10,2,2,3,15,1,2,0,5,0,0.5213,0.4711
10,2,2,3,16,1,2,0,,,0.6215,0.0
10,2,2,3,17,6,6,1,,,0.3335,0.0
10,2,2,3,18,1,1,1,,,0.8785,0.0
10,2,2,3,19,4,5,0,,,1.048,0.0
10,2,2,3,20,4,6,0,1,0,2.2306,1.4068
10,2,2,3,21,5,6,0,5,1,0.4782,0.5106
10,2,2,3,22,1,6,0,1,1,0.3762,1.484
10,2,2,3,23,6,6,1,,,0.4294,0.0
10,2,2,3,24,6,6,1,,,0.6496,0.0
10,2,2,3,25,2,2,1,,,0.3809,0.0
10,2,2,3,26,6,6,1,,,0.4115,0.0
10,2,2,3,27,4,6,0,,,0.3931,0.0
10,2,2,3,28,1,3,0,,,1.3794,0.0
10,2,2,3,29,5,1,0,,,0.8201,0.0
10,2,2,3,30,4,4,1,,,1.1164,0.0
10,2,2,3,31,2,2,1,,,0.4283,0.0
10,2,2,3,32,2,6,0,5,0,1.1139,0.4312
10,2,2,3,33,3,2,0,3,1,0.5512,1.028
10,2,2,3,34,5,5,1,,,0.4721,0.0
10,2,2,3,35,4,6,0,,,0.5789,0.0
10,2,2,3,36,3,2,0,,,1.9092,0.0
10,2,2,3,37,5,2,0,3,0,0.465,0.7054
10,2,2,3,38,3,3,1,,,0.6543,0.0
10,2,2,3,39,6,6,1,,,0.4012,0.0
10,2,2,3,40,3,4,0,,,0.7674,0.0
10,2,2,3,41,6,6,1,,,0.3298,0.0
10,2,2,3,42,3,1,0,,,1.1138,0.0
10,2,2,3,43,2,2,1,,,0.3258,0.0
10,2,2,3,44,5,5,1,,,0.3591,0.0
10,2,2,3,45,6,6,1,,,0.4065,0.0
10,2,2,3,46,6,6,1,,,0.3247,0.0
10,2,2,3,47,3,4,0,,,0.7421,0.0
10,2,2,3,48,2,2,1,,,0.4333,0.0
10,2,2,3,49,1,2,0,,,0.4139,0.0
10,2,2,3,50,2,2,1,,,0.3106,0.0
10,2,2,4,1,1,5,0,,,0.3574,0.0
10,2,2,4,2,6,6,1,,,0.2882,0.0
10,2,2,4,3,5,5,1,,,0.3874,0.0
10,2,2,4,4,3,6,0,5,0,0.3217,0.3916
10,2,2,4,5,2,2,1,,,0.3213,0.0
10,2,2,4,6,4,2,0,5,0,0.6744,0.4743
10,2,2,4,7,6,6,1,,,0.2728,0.0
10,2,2,4,8,2,2,1,,,0.4042,0.0
10,2,2,4,9,6,6,1,,,0.4342,0.0
10,2,2,4,10,4,2,0,,,0.3826,0.0
10,2,2,4,11,6,6,1,,,0.7764,0.0
10,2,2,4,12,6,6,1,,,0.7903,0.0
10,2,2,4,13,5,6,0,,,0.3565,0.0
10,2,2,4,14,1,2,0,3,0,0.4637,1.9361
10,2,2,4,15,4,2,0,3,0,1.3703,0.7411
10,2,2,4,16,5,3,0,,,0.7046,0.0
10,2,2,4,17,2,2,1,,,0.4136,0.0
10,2,2,4,18,6,6,1,,,0.2985,0.0
10,2,2,4,19,1,4,0,3,0,0.7167,0.6911
10,2,2,4,20,5,3,0,,,1.6485,0.0
10,2,2,4,21,5,5,1,,,0.5822,0.0
10,2,2,4,22,1,2,0,,,0.9084,0.0
10,2,2,4,23,3,2,0,,,0.657,0.0
10,2,2,4,24,3,3,1,,,1.0883,0.0
10,2,2,4,25,1,5,0,,,1.2501,0.0
10,2,2,4,26,2,2,1,,,0.2957,0.0
10,2,2,4,27,3,3,1,,,0.6336,0.0
10,2,2,4,28,1,1,1,,,1.6783,0.0
10,2,2,4,29,5,3,0,,,0.4884,0.0
10,2,2,4,30,3,6,0,5,0,0.4457,1.007
10,2,2,4,31,6,6,1,,,0.3037,0.0
10,2,2,4,32,4,2,0,,,0.8493,0.0
10,2,2,4,33,2,3,0,4,0,1.6563,0.3753
10,2,2,4,34,2,2,1,,,0.4821,0.0
10,2,2,4,35,4,2,0,,,0.9081,0.0
10,2,2,4,36,2,2,1,,,0.193,0.0
10,2,2,4,37,2,2,1,,,1.0317,0.0
10,2,2,4,38,3,3,1,,,0.5869,0.0
10,2,2,4,39,4,6,0,,,0.322,0.0
10,2,2,4,40,5,6,0,3,0,2.2225,0.9662
10,2,2,4,41,1,6,0,,,1.1281,0.0
10,2,2,4,42,6,3,0,2,0,0.6114,0.5099
10,2,2,4,43,1,3,0,6,0,0.914,0.9758
10,2,2,4,44,3,2,0,3,1,0.9459,0.3029
10,2,2,4,45,6,6,1,,,0.2401,0.0
10,2,2,4,46,4,6,0,5,0,0.341,0.7302
10,2,2,4,47,5,5,1,,,0.5179,0.0
10,2,2,4,48,3,3,1,,,1.343,0.0
10,2,2,4,49,4,2,0,,,0.3743,0.0
10,2,2,4,50,6,6,1,,,0.3203,0.0
10,2,3,1,1,2,6,0,5,0,0.2481,0.9936
10,2,3,1,2,4,2,0,,,0.5307,0.0
10,2,3,1,3,3,2,0,,,0.8865,0.0
10,2,3,1,4,4,2,0,3,0,0.4757,0.6995
10,2,3,1,5,6,6,1,,,0.2644,0.0
10,2,3,1,6,1,2,0,,,0.9878,0.0
10,2,3,1,7,4,2,0,,,1.0691,0.0
10,2,3,1,8,5,1,0,,,0.6828,0.0
10,2,3,1,9,5,5,1,,,1.0799,0.0
10,2,3,1,10,2,2,1,,,0.4738,0.0
10,2,3,1,11,5,6,0,,,0.3891,0.0
10,2,3,1,12,5,2,0,,,0.9754,0.0
10,2,3,1,13,4,2,0,,,1.6806,0.0
10,2,3,1,14,3,4,0,5,0,1.6535,0.5805
10,2,3,1,15,2,2,1,,,0.5342,0.0
10,2,3,1,16,1,6,0,,,0.303,0.0
10,2,3,1,17,4,3,0,,,1.8675,0.0
10,2,3,1,18,2,2,1,,,0.4088,0.0
10,2,3,1,19,6,6,1,,,0.3588,0.0
10,2,3,1,20,1,6,0,,,1.2704,0.0
10,2,3,1,21,3,6,0,,,0.9564,0.0
10,2,3,1,22,6,6,1,,,0.303,0.0
10,2,3,1,23,3,1,0,,,0.8649,0.0
10,2,3,1,24,6,6,1,,,0.3746,0.0
10,2,3,1,25,5,5,1,,,0.374,0.0
10,2,3,1,26,5,5,1,,,0.3412,0.0
10,2,3,1,27,6,6,1,,,0.3093,0.0
10,2,3,1,28,4,6,0,,,0.8717,0.0
10,2,3,1,29,6,6,1,,,0.2538,0.0
10,2,3,1,30,1,2,0,,,0.3534,0.0
10,2,3,1,31,4,4,1,,,0.8608,0.0
10,2,3,1,32,3,2,0,,,0.7113,0.0
10,2,3,1,33,1,6,0,,,0.5475,0.0
10,2,3,1,34,4,6,0,,,0.487,0.0
10,2,3,1,35,2,2,1,,,0.5088,0.0
10,2,3,1,36,2,4,0,2,1,1.4943,0.8121
10,2,3,1,37,6,6,1,,,0.3605,0.0
10,2,3,1,38,3,6,0,,,0.3284,0.0
10,2,3,1,39,2,2,1,,,1.2038,0.0
10,2,3,1,40,3,3,1,,,0.8971,0.0
10,2,3,1,41,5,6,0,,,0.4902,0.0
10,2,3,1,42,2,5,0,6,0,0.3201,0.4697
10,2,3,1,43,5,2,0,5,1,0.7007,0.9305
10,2,3,1,44,6,6,1,,,0.3785,0.0
10,2,3,1,45,1,4,0,,,0.8413,0.0
10,2,3,1,46,1,2,0,,,0.8166,0.0
10,2,3,1,47,6,6,1,,,1.0805,0.0
10,2,3,1,48,6,2,0,5,0,0.4423,0.8753
10,2,3,1,49,1,6,0,,,0.3847,0.0
10,2,3,1,50,3,5,0,2,0,1.2427,2.2826
10,2,3,2,1,5,5,1,,,0.4681,0.0
10,2,3,2,2,4,6,0,,,0.3832,0.0
10,2,3,2,3,1,2,0,,,0.3936,0.0
10,2,3,2,4,1,6,0,,,0.2744,0.0
10,2,3,2,5,5,5,1,,,0.7206,0.0
10,2,3,2,6,4,6,0,,,0.4659,0.0
10,2,3,2,7,6,6,1,,,0.2801,0.0
10,2,3,2,8,6,5,0,1,0,0.7465,0.6874
10,2,3,2,9,6,6,1,,,0.3332,0.0
10,2,3,2,10,6,6,1,,,0.3335,0.0
10,2,3,2,11,4,2,0,,,0.3823,0.0
10,2,3,2,12,6,6,1,,,0.2798,0.0
10,2,3,2,13,4,2,0,,,1.0189,0.0
10,2,3,2,14,5,6,0,,,0.2981,0.0
10,2,3,2,15,1,5,0,,,0.6795,0.0
10,2,3,2,16,4,2,0,,,0.4857,0.0
10,2,3,2,17,5,3,0,4,0,1.5635,0.6066
10,2,3,2,18,5,6,0,,,0.9757,0.0
10,2,3,2,19,4,2,0,5,0,0.3047,0.4715
10,2,3,2,20,4,6,0,,,0.2696,0.0
10,2,3,2,21,5,5,1,,,0.5091,0.0
10,2,3,2,22,1,5,0,6,0,1.0304,0.2875
10,2,3,2,23,3,3,1,,,0.5253,0.0
10,2,3,2,24,4,3,0,,,0.7585,0.0
10,2,3,2,25,2,2,1,,,0.4488,0.0
10,2,3,2,26,2,2,1,,,0.3641,0.0
10,2,3,2,27,1,6,0,,,0.3957,0.0
10,2,3,2,28,2,2,1,,,0.4368,0.0
10,2,3,2,29,6,6,1,,,0.4492,0.0
10,2,3,2,30,3,6,0,,,0.4292,0.0
10,2,3,2,31,3,5,0,,,0.9007,0.0
10,2,3,2,32,2,2,1,,,0.3135,0.0
10,2,3,2,33,6,5,0,6,1,1.0028,0.4048
10,2,3,2,34,5,5,1,,,0.3226,0.0
10,2,3,2,35,1,4,0,3,0,1.7158,0.7209
10,2,3,2,36,3,2,0,,,0.285,0.0
10,2,3,2,37,2,2,1,,,0.8748,0.0
10,2,3,2,38,1,3,0,,,1.1415,0.0
10,2,3,2,39,2,2,1,,,0.336,0.0
10,2,3,2,40,2,2,1,,,0.3525,0.0
10,2,3,2,41,6,6,1,,,0.3048,0.0
10,2,3,2,42,6,6,1,,,0.3059,0.0
10,2,3,2,43,1,2,0,,,0.7244,0.0
10,2,3,2,44,2,2,1,,,0.3206,0.0
10,2,3,2,45,3,3,1,,,1.4737,0.0
10,2,3,2,46,5,3,0,,,1.7956,0.0
10,2,3,2,47,6,6,1,,,0.3232,0.0
10,2,3,2,48,3,3,1,,,0.8204,0.0
10,2,3,2,49,3,2,0,,,0.6249,0.0
10,2,3,2,50,3,2,0,,,1.0088,0.0
10,2,3,3,1,1,2,0,,,0.5106,0.0
10,2,3,3,2,6,6,1,,,0.2429,0.0
10,2,3,3,3,4,5,0,,,0.4388,0.0
10,2,3,3,4,1,6,0,,,0.798,0.0
10,2,3,3,5,2,2,1,,,0.3587,0.0
10,2,3,3,6,1,1,1,,,0.742,0.0
10,2,3,3,7,4,5,0,,,1.158,0.0
10,2,3,3,8,2,2,1,,,0.3358,0.0
10,2,3,3,9,5,6,0,5,1,0.6563,0.6648
10,2,3,3,10,3,3,1,,,0.6195,0.0
10,2,3,3,11,6,1,0,3,0,0.9438,0.3007
10,2,3,3,12,6,6,1,,,0.2505,0.0
10,2,3,3,13,6,6,1,,,0.2703,0.0
10,2,3,3,14,2,2,1,,,0.4499,0.0
10,2,3,3,15,5,4,0,,,1.1014,0.0
10,2,3,3,16,5,6,0,5,1,0.2494,0.5953
10,2,3,3,17,3,4,0,,,0.7927,0.0
10,2,3,3,18,2,2,1,,,0.4818,0.0
10,2,3,3,19,6,6,1,,,0.3,0.0
10,2,3,3,20,6,6,1,,,0.2219,0.0
10,2,3,3,21,2,2,1,,,0.3548,0.0
10,2,3,3,22,4,4,1,,,0.8989,0.0
10,2,3,3,23,1,4,0,,,0.7321,0.0
10,2,3,3,24,1,2,0,,,0.6154,0.0
10,2,3,3,25,3,2,0,,,0.3601,0.0
10,2,3,3,26,4,5,0,2,0,1.0749,0.5698
10,2,3,3,27,3,2,0,3,1,0.4602,0.9568
10,2,3,3,28,4,3,0,,,1.1239,0.0
10,2,3,3,29,4,5,0,,,0.3992,0.0
10,2,3,3,30,6,6,1,,,0.3128,0.0
10,2,3,3,31,5,5,1,,,0.6503,0.0
10,2,3,3,32,4,6,0,5,0,0.3497,0.6908
10,2,3,3,33,5,2,0,,,0.4649,0.0
10,2,3,3,34,1,6,0,,,0.8231,0.0
10,2,3,3,35,1,1,1,,,0.7187,0.0
10,2,3,3,36,4,2,0,,,1.5519,0.0
10,2,3,3,37,1,6,0,,,0.3618,0.0
10,2,3,3,38,5,5,1,,,0.6445,0.0
10,2,3,3,39,6,6,1,,,0.3114,0.0
10,2,3,3,40,6,6,1,,,0.3607,0.0
10,2,3,3,41,3,3,1,,,0.5844,0.0
10,2,3,3,42,2,2,1,,,0.3501,0.0
10,2,3,3,43,2,6,0,,,0.8624,0.0
10,2,3,3,44,3,3,1,,,0.5165,0.0
10,2,3,3,45,5,4,0,,,1.1498,0.0
10,2,3,3,46,3,2,0,,,0.5202,0.0
10,2,3,3,47,3,2,0,,,1.5803,0.0
10,2,3,3,48,6,2,0,3,0,0.4687,0.4848
10,2,3,3,49,2,2,1,,,0.5226,0.0
10,2,3,3,50,5,2,0,6,0,0.8991,0.4339
10,2,3,4,1,1,6,0,2,0,0.8236,0.297
10,2,3,4,2,4,2,0,,,0.3582,0.0
10,2,3,4,3,3,6,0,5,0,0.2576,0.5865
10,2,3,4,4,4,3,0,,,0.7163,0.0
10,2,3,4,5,1,1,1,,,0.6805,0.0
10,2,3,4,6,6,6,1,,,0.2668,0.0
10,2,3,4,7,5,2,0,6,0,0.2857,0.4207
10,2,3,4,8,5,6,0,,,0.238,0.0
10,2,3,4,9,2,1,0,,,0.958,0.0
10,2,3,4,10,6,6,1,,,0.5758,0.0
10,2,3,4,11,1,6,0,,,0.2618,0.0
10,2,3,4,12,4,6,0,,,0.2769,0.0
10,2,3,4,13,2,6,0,2,1,1.0268,0.3158
10,2,3,4,14,5,5,1,,,0.5569,0.0
10,2,3,4,15,1,6,0,5,0,0.229,0.5748
10,2,3,4,16,4,6,0,,,1.2175,0.0
10,2,3,4,17,6,6,1,,,0.249,0.0
10,2,3,4,18,4,1,0,,,1.1485,0.0
10,2,3,4,19,5,5,1,,,0.3588,0.0
10,2,3,4,20,6,6,1,,,0.3421,0.0
10,2,3,4,21,2,2,1,,,0.5511,0.0
10,2,3,4,22,3,2,0,,,0.7666,0.0
10,2,3,4,23,3,1,0,,,1.1605,0.0
10,2,3,4,24,6,6,1,,,0.2744,0.0
10,2,3,4,25,3,2,0,3,1,0.6296,0.7993
10,2,3,4,26,1,2,0,3,0,0.797,1.3757
10,2,3,4,27,2,2,1,,,0.433,0.0
10,2,3,4,28,6,6,1,,,0.2855,0.0
10,2,3,4,29,4,2,0,,,0.3841,0.0
10,2,3,4,30,5,5,1,,,1.0983,0.0
10,2,3,4,31,1,6,0,,,0.2992,0.0
10,2,3,4,32,1,3,0,,,0.5198,0.0
10,2,3,4,33,4,2,0,5,0,1.6127,0.6695
10,2,3,4,34,6,6,1,,,0.6199,0.0
10,2,3,4,35,5,5,1,,,0.9287,0.0
10,2,3,4,36,2,6,0,,,0.5849,0.0
10,2,3,4,37,6,2,0,,,1.2589,0.0
10,2,3,4,38,2,2,1,,,0.3049,0.0
10,2,3,4,39,1,6,0,5,0,0.3711,0.8064
10,2,3,4,40,4,2,0,4,1,0.3677,0.6117
10,2,3,4,41,3,6,0,5,0,0.4402,0.8738
10,2,3,4,42,2,2,1,,,0.6395,0.0
10,2,3,4,43,5,2,0,,,1.1397,0.0
10,2,3,4,44,6,6,1,,,0.3027,0.0
10,2,3,4,45,3,3,1,,,0.6731,0.0
10,2,3,4,46,5,3,0,1,0,0.8036,0.806
10,2,3,4,47,2,2,1,,,0.3187,0.0
10,2,3,4,48,3,3,1,,,0.6557,0.0
10,2,3,4,49,3,4,0,,,0.8354,0.0
10,2,3,4,50,6,2,0,4,0,1.0827,0.5295
10,2,4,1,1,3,6,0,,,1.0223,0.0
10,2,4,1,2,3,3,1,,,0.9264,0.0
10,2,4,1,3,2,6,0,3,0,0.2788,0.5906
10,2,4,1,4,5,5,1,,,0.4642,0.0
10,2,4,1,5,3,5,0,,,0.4271,0.0
10,2,4,1,6,6,6,1,,,0.3075,0.0
10,2,4,1,7,1,6,0,,,0.3736,0.0
10,2,4,1,8,5,4,0,5,1,0.6075,0.3616
10,2,4,1,9,6,6,1,,,0.2968,0.0
10,2,4,1,10,2,2,1,,,0.3627,0.0
10,2,4,1,11,5,3,0,,,0.9535,0.0
10,2,4,1,12,4,2,0,5,0,1.6605,0.6992
10,2,4,1,13,6,2,0,4,0,0.3446,1.4374
10,2,4,1,14,4,2,0,,,0.5563,0.0
10,2,4,1,15,2,2,1,,,0.5277,0.0
10,2,4,1,16,1,5,0,6,0,0.5201,0.3736
10,2,4,1,17,2,2,1,,,0.4157,0.0
10,2,4,1,18,4,6,0,,,0.525,0.0
10,2,4,1,19,2,2,1,,,0.3681,0.0
10,2,4,1,20,5,1,0,,,1.0555,0.0
10,2,4,1,21,6,6,1,,,0.3979,0.0
10,2,4,1,22,1,2,0,,,0.4116,0.0
10,2,4,1,23,1,2,0,,,0.3882,0.0
10,2,4,1,24,3,2,0,,,0.3826,0.0
10,2,4,1,25,3,3,1,,,0.856,0.0
10,2,4,1,26,4,3,0,,,0.7393,0.0
10,2,4,1,27,3,3,1,,,0.4311,0.0
10,2,4,1,28,1,2,0,,,0.5236,0.0
10,2,4,1,29,1,5,0,6,0,0.8639,0.3837
10,2,4,1,30,6,6,1,,,0.2815,0.0
10,2,4,1,31,5,5,1,,,0.4447,0.0
10,2,4,1,32,4,2,0,3,0,0.7439,1.069
10,2,4,1,33,2,2,1,,,0.3306,0.0
10,2,4,1,34,4,4,1,,,0.6518,0.0
10,2,4,1,35,2,2,1,,,0.3348,0.0
10,2,4,1,36,3,3,1,,,0.5273,0.0
10,2,4,1,37,1,4,0,,,1.0001,0.0
10,2,4,1,38,5,2,0,,,1.1125,0.0
10,2,4,1,39,5,5,1,,,0.4044,0.0
10,2,4,1,40,2,6,0,5,0,0.4336,0.2593
10,2,4,1,41,6,6,1,,,0.2422,0.0
10,2,4,1,42,1,2,0,3,0,0.7427,0.8114
10,2,4,1,43,5,6,0,5,1,0.3236,0.2495
10,2,4,1,44,6,6,1,,,0.2695,0.0
10,2,4,1,45,3,5,0,2,0,0.7368,0.8856
10,2,4,1,46,6,6,1,,,0.2671,0.0
10,2,4,1,47,6,6,1,,,0.2544,0.0
10,2,4,1,48,4,4,1,,,0.7697,0.0
10,2,4,1,49,4,6,0,4,1,0.2564,0.5052
10,2,4,1,50,6,6,1,,,0.2432,0.0
10,2,4,2,1,2,2,1,,,0.3409,0.0
10,2,4,2,2,4,2,0,4,1,0.4854,1.1722
10,2,4,2,3,4,2,0,,,0.3069,0.0
10,2,4,2,4,2,2,1,,,0.5124,0.0
10,2,4,2,5,6,6,1,,,0.3133,0.0
10,2,4,2,6,2,2,1,,,0.4264,0.0
10,2,4,2,7,3,6,0,5,0,0.3117,0.3499
10,2,4,2,8,6,6,1,,,0.1691,0.0
10,2,4,2,9,5,5,1,,,0.4329,0.0
10,2,4,2,10,3,4,0,,,0.6855,0.0
10,2,4,2,11,1,2,0,,,0.4589,0.0
10,2,4,2,12,5,5,1,,,0.4488,0.0
10,2,4,2,13,5,6,0,5,1,0.6048,0.279
10,2,4,2,14,3,2,0,,,0.522,0.0
10,2,4,2,15,6,6,1,,,0.2226,0.0
10,2,4,2,16,6,6,1,,,0.228,0.0
10,2,4,2,17,2,5,0,6,0,0.6966,0.6555
10,2,4,2,18,6,6,1,,,0.2217,0.0
10,2,4,2,19,2,2,1,,,0.3556,0.0
10,2,4,2,20,4,2,0,,,1.0596,0.0
10,2,4,2,21,1,6,0,,,0.2574,0.0
10,2,4,2,22,5,6,0,,,0.2878,0.0
10,2,4,2,23,3,2,0,,,0.4619,0.0
10,2,4,2,24,4,1,0,,,1.1888,0.0
10,2,4,2,25,6,6,1,,,0.2536,0.0
10,2,4,2,26,1,2,0,,,0.3211,0.0
10,2,4,2,27,5,5,1,,,0.462,0.0
10,2,4,2,28,2,2,1,,,0.3609,0.0
10,2,4,2,29,5,2,0,5,1,1.4962,0.6223
10,2,4,2,30,5,5,1,,,0.4034,0.0
10,2,4,2,31,4,4,1,,,0.7532,0.0
10,2,4,2,32,3,3,1,,,0.5765,0.0
10,2,4,2,33,3,5,0,,,0.5036,0.0
10,2,4,2,34,4,3,0,,,0.5404,0.0
10,2,4,2,35,1,5,0,,,0.3998,0.0
10,2,4,2,36,6,5,0,3,0,1.0811,1.4395
10,2,4,2,37,2,2,1,,,0.527,0.0
10,2,4,2,38,1,3,0,4,0,0.5672,1.3787
10,2,4,2,39,6,6,1,,,1.6832,0.0
10,2,4,2,40,6,6,1,,,0.3007,0.0
10,2,4,2,41,1,2,0,,,0.7182,0.0
10,2,4,2,42,3,2,0,1,0,0.3789,1.2142
10,2,4,2,43,5,6,0,,,0.3101,0.0
10,2,4,2,44,6,2,0,5,0,0.4193,0.7094
10,2,4,2,45,3,3,1,,,0.7219,0.0
10,2,4,2,46,1,2,0,,,0.9472,0.0
10,2,4,2,47,4,4,1,,,0.598,0.0
10,2,4,2,48,2,2,1,,,0.3471,0.0
10,2,4,2,49,1,3,0,,,0.7472,0.0
10,2,4,2,50,4,6,0,,,0.2457,0.0
10,2,4,3,1,5,5,1,,,0.3551,0.0
10,2,4,3,2,6,6,1,,,0.2905,0.0
10,2,4,3,3,5,5,1,,,0.2613,0.0
10,2,4,3,4,1,6,0,5,0,0.2646,0.4011
10,2,4,3,5,3,6,0,,,0.635,0.0
10,2,4,3,6,4,6,0,,,0.3782,0.0
10,2,4,3,7,2,5,0,,,0.3724,0.0
10,2,4,3,8,3,2,0,,,0.575,0.0
10,2,4,3,9,2,6,0,,,0.4653,0.0
10,2,4,3,10,1,6,0,,,0.312,0.0
10,2,4,3,11,3,3,1,,,0.6125,0.0
10,2,4,3,12,4,6,0,,,0.3296,0.0
10,2,4,3,13,5,6,0,,,0.5331,0.0
10,2,4,3,14,5,5,1,,,0.4409,0.0
10,2,4,3,15,1,6,0,,,0.4372,0.0
10,2,4,3,16,6,6,1,,,0.8771,0.0
10,2,4,3,17,6,5,0,6,1,0.4393,1.0808
10,2,4,3,18,6,6,1,,,0.2984,0.0
10,2,4,3,19,6,6,1,,,0.444,0.0
10,2,4,3,20,4,2,0,,,0.4554,0.0
10,2,4,3,21,3,6,0,,,0.3511,0.0
10,2,4,3,22,4,2,0,,,0.4256,0.0
10,2,4,3,23,1,6,0,,,0.5936,0.0
10,2,4,3,24,5,5,1,,,0.3389,0.0
10,2,4,3,25,1,5,0,,,1.0911,0.0
10,2,4,3,26,6,6,1,,,0.2876,0.0
10,2,4,3,27,2,2,1,,,0.5138,0.0
10,2,4,3,28,6,6,1,,,0.3469,0.0
10,2,4,3,29,6,6,1,,,0.2667,0.0
10,2,4,3,30,1,6,0,,,0.4137,0.0
10,2,4,3,31,5,5,1,,,0.3429,0.0
10,2,4,3,32,1,1,1,,,1.1107,0.0
10,2,4,3,33,3,4,0,,,1.6068,0.0
10,2,4,3,34,3,2,0,3,1,0.3348,0.6921
10,2,4,3,35,4,3,0,,,0.406,0.0
10,2,4,3,36,4,4,1,,,1.4876,0.0
10,2,4,3,37,5,2,0,,,0.4963,0.0
10,2,4,3,38,2,2,1,,,0.5019,0.0
10,2,4,3,39,2,2,1,,,0.2871,0.0
10,2,4,3,40,4,4,1,,,1.4101,0.0
10,2,4,3,41,2,2,1,,,0.2942,0.0
10,2,4,3,42,4,4,1,,,0.8082,0.0
10,2,4,3,43,6,6,1,,,0.3091,0.0
10,2,4,3,44,1,2,0,,,0.7266,0.0
10,2,4,3,45,5,2,0,,,0.3865,0.0
10,2,4,3,46,2,2,1,,,0.812,0.0
10,2,4,3,47,6,6,1,,,0.3288,0.0
10,2,4,3,48,3,6,0,,,0.4576,0.0
10,2,4,3,49,2,2,1,,,0.4482,0.0
10,2,4,3,50,3,6,0,,,0.3321,0.0
10,2,4,4,1,2,6,0,5,0,0.4858,0.9172
10,2,4,4,2,6,5,0,6,1,0.6167,0.5953
10,2,4,4,3,4,6,0,,,0.2172,0.0
10,2,4,4,4,5,6,0,5,1,0.4093,0.6681
10,2,4,4,5,4,6,0,5,0,0.335,0.7884
10,2,4,4,6,4,5,0,,,0.5099,0.0
10,2,4,4,7,1,1,1,,,0.7542,0.0
10,2,4,4,8,6,6,1,,,0.2738,0.0
10,2,4,4,9,5,5,1,,,0.3891,0.0
10,2,4,4,10,6,6,1,,,0.2754,0.0
10,2,4,4,11,3,6,0,3,1,0.3269,1.9001
10,2,4,4,12,2,2,1,,,0.5243,0.0
10,2,4,4,13,1,2,0,,,0.6458,0.0
10,2,4,4,14,5,2,0,5,1,1.2688,0.5634
10,2,4,4,15,1,5,0,,,1.4186,0.0
10,2,4,4,16,5,6,0,,,0.2181,0.0
10,2,4,4,17,4,5,0,,,0.4103,0.0
10,2,4,4,18,2,2,1,,,0.371,0.0
10,2,4,4,19,1,2,0,,,0.4669,0.0
10,2,4,4,20,3,2,0,,,0.6008,0.0
10,2,4,4,21,2,6,0,5,0,0.3621,0.3507
10,2,4,4,22,4,6,0,5,0,0.5537,0.3263
10,2,4,4,23,3,2,0,,,0.4664,0.0
10,2,4,4,24,6,6,1,,,0.185,0.0
10,2,4,4,25,3,5,0,6,0,0.4156,0.3861
10,2,4,4,26,2,2,1,,,0.4278,0.0
10,2,4,4,27,5,5,1,,,0.3927,0.0
10,2,4,4,28,3,3,1,,,0.4382,0.0
10,2,4,4,29,1,3,0,4,0,0.4025,0.7093
10,2,4,4,30,4,3,0,,,0.9295,0.0
10,2,4,4,31,5,5,1,,,0.3402,0.0
10,2,4,4,32,3,5,0,,,1.1251,0.0
10,2,4,4,33,2,2,1,,,0.3209,0.0
10,2,4,4,34,5,5,1,,,1.1219,0.0
10,2,4,4,35,3,2,0,,,0.706,0.0
10,2,4,4,36,6,2,0,3,0,0.4467,0.816
10,2,4,4,37,6,6,1,,,0.2479,0.0
10,2,4,4,38,1,5,0,,,1.0996,0.0
10,2,4,4,39,3,2,0,,,0.5686,0.0
10,2,4,4,40,1,6,0,,,0.3948,0.0
10,2,4,4,41,6,6,1,,,0.2442,0.0
10,2,4,4,42,4,5,0,6,0,0.3276,0.5102
10,2,4,4,43,6,6,1,,,0.2425,0.0
10,2,4,4,44,2,4,0,,,0.9193,0.0
10,2,4,4,45,1,2,0,,,0.6832,0.0
10,2,4,4,46,6,6,1,,,0.2484,0.0
10,2,4,4,47,2,2,1,,,0.6362,0.0
10,2,4,4,48,5,6,0,,,0.3368,0.0
10,2,4,4,49,6,6,1,,,0.2047,0.0
10,2,4,4,50,4,4,1,,,0.6109,0.0
10,2,5,1,1,4,2,0,,,0.4113,0.0
10,2,5,1,2,6,6,1,,,0.2434,0.0
10,2,5,1,3,3,5,0,,,0.4079,0.0
10,2,5,1,4,4,4,1,,,1.0887,0.0
10,2,5,1,5,2,2,1,,,0.5304,0.0
10,2,5,1,6,6,6,1,,,0.267,0.0
10,2,5,1,7,4,6,0,,,0.3662,0.0
10,2,5,1,8,2,2,1,,,1.0011,0.0
10,2,5,1,9,2,3,0,,,0.91,0.0
10,2,5,1,10,1,6,0,,,0.5781,0.0
10,2,5,1,11,6,6,1,,,0.2759,0.0
10,2,5,1,12,1,1,1,,,1.2072,0.0
10,2,5,1,13,1,3,0,,,0.6437,0.0
10,2,5,1,14,5,5,1,,,0.659,0.0
10,2,5,1,15,5,6,0,,,0.7904,0.0
10,2,5,1,16,1,2,0,,,1.4242,0.0
10,2,5,1,17,6,6,1,,,0.2875,0.0
10,2,5,1,18,5,4,0,,,2.7538,0.0
10,2,5,1,19,5,5,1,,,0.6187,0.0
10,2,5,1,20,1,6,0,,,0.5114,0.0
10,2,5,1,21,3,4,0,3,1,0.8838,0.5153
10,2,5,1,22,2,2,1,,,0.5561,0.0
10,2,5,1,23,3,3,1,,,1.2203,0.0
10,2,5,1,24,6,6,1,,,0.2565,0.0
10,2,5,1,25,5,2,0,,,0.3399,0.0
10,2,5,1,26,6,6,1,,,0.2555,0.0
10,2,5,1,27,5,5,1,,,0.307,0.0
10,2,5,1,28,5,5,1,,,0.6294,0.0
10,2,5,1,29,3,6,0,,,0.3778,0.0
10,2,5,1,30,6,6,1,,,0.2272,0.0
10,2,5,1,31,2,2,1,,,0.7121,0.0
10,2,5,1,32,1,2,0,,,0.5048,0.0
10,2,5,1,33,5,6,0,,,0.3816,0.0
10,2,5,1,34,4,6,0,5,0,0.2481,0.8336
10,2,5,1,35,4,6,0,,,0.3128,0.0
10,2,5,1,36,4,4,1,,,0.8854,0.0
10,2,5,1,37,3,6,0,,,0.3028,0.0
10,2,5,1,38,3,2,0,,,0.6049,0.0
10,2,5,1,39,6,6,1,,,0.3176,0.0
10,2,5,1,40,1,1,1,,,1.1349,0.0
10,2,5,1,41,6,6,1,,,0.2546,0.0
10,2,5,1,42,4,2,0,,,0.3062,0.0
10,2,5,1,43,3,5,0,,,0.304,0.0
10,2,5,1,44,2,2,1,,,0.3012,0.0
10,2,5,1,45,6,6,1,,,0.4472,0.0
10,2,5,1,46,1,6,0,5,0,0.3945,0.3818
10,2,5,1,47,4,2,0,,,0.3121,0.0
10,2,5,1,48,2,2,1,,,0.3407,0.0
10,2,5,1,49,3,3,1,,,0.9973,0.0
10,2,5,1,50,2,2,1,,,0.3141,0.0
10,2,5,2,1,5,5,1,,,0.3927,0.0
10,2,5,2,2,1,6,0,,,0.3118,0.0
10,2,5,2,3,3,5,0,6,0,0.8199,0.2616
10,2,5,2,4,1,6,0,,,0.2124,0.0
10,2,5,2,5,3,6,0,,,0.229,0.0
10,2,5,2,6,4,5,0,,,0.5173,0.0
10,2,5,2,7,2,2,1,,,0.3296,0.0
10,2,5,2,8,2,2,1,,,0.3463,0.0
10,2,5,2,9,6,6,1,,,0.2341,0.0
10,2,5,2,10,5,5,1,,,0.351,0.0
10,2,5,2,11,2,2,1,,,1.5187,0.0
10,2,5,2,12,1,1,1,,,0.782,0.0
10,2,5,2,13,5,5,1,,,0.5088,0.0
10,2,5,2,14,4,4,1,,,1.3023,0.0
10,2,5,2,15,4,6,0,5,0,0.3029,0.8531
10,2,5,2,16,6,6,1,,,0.2363,0.0
10,2,5,2,17,6,6,1,,,0.2251,0.0
10,2,5,2,18,6,6,1,,,0.2782,0.0
10,2,5,2,19,5,6,0,,,0.8248,0.0
10,2,5,2,20,5,5,1,,,0.4482,0.0
10,2,5,2,21,2,2,1,,,0.428,0.0
10,2,5,2,22,3,6,0,,,0.2643,0.0
10,2,5,2,23,1,6,0,,,0.3432,0.0
10,2,5,2,24,4,2,0,3,0,0.5624,0.7986
10,2,5,2,25,3,3,1,,,0.8076,0.0
10,2,5,2,26,1,4,0,,,0.6926,0.0
10,2,5,2,27,3,2,0,,,1.234,0.0
10,2,5,2,28,3,2,0,3,1,0.329,0.8471
10,2,5,2,29,6,6,1,,,0.2025,0.0
10,2,5,2,30,1,6,0,,,1.1206,0.0
10,2,5,2,31,6,6,1,,,0.2363,0.0
10,2,5,2,32,6,6,1,,,0.2404,0.0
10,2,5,2,33,3,3,1,,,0.9015,0.0
10,2,5,2,34,4,6,0,,,0.6866,0.0
10,2,5,2,35,6,6,1,,,0.2523,0.0
10,2,5,2,36,5,5,1,,,0.2882,0.0
10,2,5,2,37,6,6,1,,,0.2265,0.0
10,2,5,2,38,4,6,0,5,0,0.7435,0.668
10,2,5,2,39,4,2,0,,,0.4901,0.0
10,2,5,2,40,5,5,1,,,0.4474,0.0
10,2,5,2,41,2,6,0,,,0.4274,0.0
10,2,5,2,42,5,6,0,5,1,0.9154,0.4491
10,2,5,2,43,4,2,0,,,1.5489,0.0
10,2,5,2,44,2,2,1,,,0.2787,0.0
10,2,5,2,45,1,3,0,,,0.6498,0.0
10,2,5,2,46,2,2,1,,,0.7604,0.0
10,2,5,2,47,1,3,0,1,1,0.7269,0.7967
10,2,5,2,48,6,4,0,,,0.5537,0.0
10,2,5,2,49,3,3,1,,,0.5893,0.0
10,2,5,2,50,2,5,0,3,0,0.5315,0.7207
10,2,5,3,1,5,6,0,,,0.251,0.0
10,2,5,3,2,2,6,0,5,0,0.4742,0.6179
10,2,5,3,3,3,3,1,,,0.5541,0.0
10,2,5,3,4,6,6,1,,,0.2739,0.0
10,2,5,3,5,6,6,1,,,0.3245,0.0
10,2,5,3,6,3,3,1,,,0.469,0.0
10,2,5,3,7,5,6,0,,,0.304,0.0
10,2,5,3,8,1,6,0,,,0.7498,0.0
10,2,5,3,9,3,3,1,,,0.4402,0.0
10,2,5,3,10,2,2,1,,,0.5006,0.0
10,2,5,3,11,5,6,0,,,0.5265,0.0
10,2,5,3,12,4,5,0,,,0.6579,0.0
10,2,5,3,13,2,2,1,,,0.3214,0.0
10,2,5,3,14,2,4,0,3,0,0.6261,0.5079
10,2,5,3,15,6,6,1,,,0.2729,0.0
10,2,5,3,16,2,2,1,,,0.4365,0.0
10,2,5,3,17,6,3,0,,,0.7687,0.0
10,2,5,3,18,4,4,1,,,0.8588,0.0
10,2,5,3,19,5,5,1,,,0.4376,0.0
10,2,5,3,20,1,5,0,,,0.6584,0.0
10,2,5,3,21,2,2,1,,,0.2892,0.0
10,2,5,3,22,1,1,1,,,0.7716,0.0
10,2,5,3,23,1,4,0,,,0.4346,0.0
10,2,5,3,24,4,5,0,,,1.9943,0.0
10,2,5,3,25,3,6,0,,,0.4015,0.0
10,2,5,3,26,2,2,1,,,0.2991,0.0
10,2,5,3,27,1,6,0,,,0.4929,0.0
10,2,5,3,28,2,2,1,,,0.3856,0.0
10,2,5,3,29,3,3,1,,,0.8164,0.0
10,2,5,3,30,1,4,0,,,0.3969,0.0
10,2,5,3,31,5,6,0,,,0.3583,0.0
10,2,5,3,32,3,3,1,,,1.281,0.0
10,2,5,3,33,6,6,1,,,0.5703,0.0
10,2,5,3,34,5,5,1,,,0.2569,0.0
10,2,5,3,35,4,4,1,,,0.9647,0.0
10,2,5,3,36,1,5,0,,,0.6351,0.0
10,2,5,3,37,6,6,1,,,0.2509,0.0
10,2,5,3,38,3,3,1,,,0.6387,0.0
10,2,5,3,39,4,5,0,,,0.6907,0.0
10,2,5,3,40,6,4,0,,,1.0241,0.0
10,2,5,3,41,5,5,1,,,0.719,0.0
10,2,5,3,42,5,6,0,,,1.1841,0.0
10,2,5,3,43,6,6,1,,,0.3772,0.0
10,2,5,3,44,4,4,1,,,0.5994,0.0
10,2,5,3,45,6,6,1,,,0.2533,0.0
10,2,5,3,46,6,6,1,,,0.3371,0.0
10,2,5,3,47,3,3,1,,,0.7051,0.0
10,2,5,3,48,4,4,1,,,0.7388,0.0
10,2,5,3,49,4,2,0,,,0.5311,0.0
10,2,5,3,50,1,2,0,,,0.4229,0.0
10,2,5,4,1,6,6,1,,,1.2289,0.0
10,2,5,4,2,2,2,1,,,0.3766,0.0
10,2,5,4,3,4,4,1,,,1.0145,0.0
10,2,5,4,4,3,6,0,,,0.3312,0.0
10,2,5,4,5,2,2,1,,,0.5675,0.0
10,2,5,4,6,6,6,1,,,0.3022,0.0
10,2,5,4,7,3,6,0,,,0.3526,0.0
10,2,5,4,8,6,6,1,,,0.1879,0.0
10,2,5,4,9,5,2,0,,,0.4661,0.0
10,2,5,4,10,3,1,0,,,1.1445,0.0
10,2,5,4,11,2,2,1,,,0.3552,0.0
10,2,5,4,12,2,2,1,,,0.3391,0.0
10,2,5,4,13,2,2,1,,,0.3397,0.0
10,2,5,4,14,5,3,0,1,0,0.644,0.6689
10,2,5,4,15,6,6,1,,,0.2996,0.0
10,2,5,4,16,4,4,1,,,1.6612,0.0
10,2,5,4,17,1,2,0,,,0.3272,0.0
10,2,5,4,18,4,4,1,,,1.059,0.0
10,2,5,4,19,5,2,0,,,0.581,0.0
10,2,5,4,20,2,4,0,2,1,0.3105,0.4293
10,2,5,4,21,5,2,0,3,0,0.8899,0.2488
10,2,5,4,22,3,5,0,,,0.9679,0.0
10,2,5,4,23,2,2,1,,,0.3459,0.0
10,2,5,4,24,6,6,1,,,0.6018,0.0
10,2,5,4,25,6,6,1,,,0.3516,0.0
10,2,5,4,26,3,2,0,6,0,0.4154,0.9134
10,2,5,4,27,1,2,0,,,0.3897,0.0
10,2,5,4,28,3,3,1,,,0.6402,0.0
10,2,5,4,29,5,6,0,,,0.4041,0.0
10,2,5,4,30,4,6,0,,,0.717,0.0
10,2,5,4,31,1,4,0,,,0.6176,0.0
10,2,5,4,32,6,3,0,,,0.7773,0.0
10,2,5,4,33,5,6,0,,,0.3233,0.0
10,2,5,4,34,1,2,0,6,0,0.3508,2.4035
10,2,5,4,35,2,2,1,,,0.3311,0.0
10,2,5,4,36,4,6,0,,,0.4914,0.0
10,2,5,4,37,3,6,0,,,0.3369,0.0
10,2,5,4,38,1,2,0,,,0.4447,0.0
10,2,5,4,39,3,6,0,,,0.5158,0.0
10,2,5,4,40,5,2,0,6,0,0.488,0.311
10,2,5,4,41,6,6,1,,,0.3078,0.0
10,2,5,4,42,1,1,1,,,1.0447,0.0
10,2,5,4,43,5,6,0,,,0.44,0.0
10,2,5,4,44,4,4,1,,,0.5433,0.0
10,2,5,4,45,6,6,1,,,0.3907,0.0
10,2,5,4,46,1,6,0,,,0.3567,0.0
10,2,5,4,47,4,4,1,,,0.9434,0.0
10,2,5,4,48,1,2,0,,,0.3423,0.0
10,2,5,4,49,4,2,0,3,0,0.5461,0.3832
10,2,5,4,50,6,6,1,,,0.2969,0.0
10,3,1,1,1,3,5,0,6,0,0.3598,0.3317
10,3,1,1,2,4,6,0,,,0.6163,0.0
10,3,1,1,3,1,3,0,,,0.8568,0.0
10,3,1,1,4,2,6,0,,,0.4154,0.0
10,3,1,1,5,5,6,0,,,0.1993,0.0
10,3,1,1,6,1,3,0,,,0.6174,0.0
10,3,1,1,7,3,2,0,,,0.3617,0.0
10,3,1,1,8,6,6,1,,,0.181,0.0
10,3,1,1,9,1,3,0,,,1.0678,0.0
10,3,1,1,10,1,5,0,,,1.7694,0.0
10,3,1,1,11,4,2,0,,,0.3465,0.0
10,3,1,1,12,6,6,1,,,0.3259,0.0
10,3,1,1,13,6,6,1,,,0.1826,0.0
10,3,1,1,14,5,3,0,,,0.4933,0.0
10,3,1,1,15,3,3,1,,,0.5636,0.0
10,3,1,1,16,4,1,0,,,1.7384,0.0
10,3,1,1,17,3,2,0,,,0.4284,0.0
10,3,1,1,18,5,6,0,5,1,0.3729,0.5369
10,3,1,1,19,6,6,1,,,0.2251,0.0
10,3,1,1,20,1,2,0,5,0,0.406,0.3927
10,3,1,1,21,2,2,1,,,0.3865,0.0
10,3,1,1,22,5,5,1,,,0.5767,0.0
10,3,1,1,23,4,2,0,,,0.52,0.0
10,3,1,1,24,3,3,1,,,0.4606,0.0
10,3,1,1,25,6,6,1,,,0.1838,0.0
10,3,1,1,26,1,5,0,,,0.5747,0.0
10,3,1,1,27,2,6,0,5,0,0.2091,0.4284
10,3,1,1,28,4,6,0,5,0,0.2435,0.4455
10,3,1,1,29,3,4,0,,,1.0126,0.0
10,3,1,1,30,6,6,1,,,0.2286,0.0
10,3,1,1,31,4,2,0,6,0,0.4579,0.2822
10,3,1,1,32,2,5,0,,,0.984,0.0
10,3,1,1,33,5,4,0,,,1.1937,0.0
10,3,1,1,34,4,6,0,,,0.2743,0.0
10,3,1,1,35,3,6,0,,,0.4493,0.0
10,3,1,1,36,6,6,1,,,0.1841,0.0
10,3,1,1,37,2,3,0,2,1,0.6233,0.1206
10,3,1,1,38,6,6,1,,,0.4663,0.0
10,3,1,1,39,2,5,0,2,1,0.3014,1.0118
10,3,1,1,40,1,6,0,2,0,0.3611,1.214
10,3,1,1,41,5,2,0,,,1.189,0.0
10,3,1,1,42,1,3,0,,,0.5262,0.0
10,3,1,1,43,5,3,0,1,0,0.5466,1.1516
10,3,1,1,44,6,6,1,,,0.234,0.0
10,3,1,1,45,6,6,1,,,0.1908,0.0
10,3,1,1,46,2,2,1,,,0.4375,0.0
10,3,1,1,47,5,3,0,1,0,0.5463,0.5589
10,3,1,1,48,3,3,1,,,0.5945,0.0
10,3,1,1,49,2,2,1,,,0.3441,0.0
10,3,1,1,50,4,2,0,4,1,0.9851,1.4116
10,3,1,2,1,4,4,1,,,0.7579,0.0
10,3,1,2,2,1,6,0,5,0,0.6292,0.7029
10,3,1,2,3,6,6,1,,,0.2036,0.0
10,3,1,2,4,5,6,0,,,0.3854,0.0
10,3,1,2,5,3,2,0,3,1,0.3799,0.7675
10,3,1,2,6,4,5,0,2,0,0.8466,1.3271
10,3,1,2,7,4,2,0,,,0.4984,0.0
10,3,1,2,8,6,6,1,,,0.5998,0.0
10,3,1,2,9,5,2,0,,,0.6854,0.0
10,3,1,2,10,2,6,0,,,0.3946,0.0
10,3,1,2,11,2,2,1,,,0.2764,0.0
10,3,1,2,12,5,1,0,3,0,0.8711,0.2789
10,3,1,2,13,4,3,0,,,0.5166,0.0
10,3,1,2,14,6,6,1,,,0.2815,0.0
10,3,1,2,15,1,5,0,,,0.3158,0.0
10,3,1,2,16,5,2,0,4,0,0.7445,0.8934
10,3,1,2,17,1,2,0,4,0,1.2024,0.3087
10,3,1,2,18,1,2,0,5,0,0.5297,1.2639
10,3,1,2,19,3,3,1,,,0.9654,0.0
10,3,1,2,20,4,4,1,,,0.6838,0.0
10,3,1,2,21,1,6,0,,,0.6057,0.0
10,3,1,2,22,3,3,1,,,0.5271,0.0
10,3,1,2,23,4,6,0,,,0.2956,0.0
10,3,1,2,24,3,3,1,,,0.4214,0.0
10,3,1,2,25,5,2,0,,,0.4024,0.0
10,3,1,2,26,3,5,0,,,0.7478,0.0
10,3,1,2,27,6,6,1,,,0.2303,0.0
10,3,1,2,28,6,5,0,6,1,1.4668,0.3061
10,3,1,2,29,3,2,0,6,0,0.4361,0.5171
10,3,1,2,30,2,2,1,,,0.3142,0.0
10,3,1,2,31,5,3,0,1,0,0.4112,0.7178
10,3,1,2,32,2,5,0,4,0,0.8735,0.8573
10,3,1,2,33,1,3,0,,,1.1841,0.0
10,3,1,2,34,6,4,0,2,0,0.7286,0.6867
10,3,1,2,35,1,2,0,,,0.6838,0.0
10,3,1,2,36,2,2,1,,,0.4579,0.0
10,3,1,2,37,6,1,0,3,0,0.6937,0.876
10,3,1,2,38,2,2,1,,,0.274,0.0
10,3,1,2,39,1,5,0,4,0,1.2053,0.6154
10,3,1,2,40,5,5,1,,,0.5194,0.0
10,3,1,2,41,4,3,0,,,1.0727,0.0
10,3,1,2,42,2,2,1,,,0.2387,0.0
10,3,1,2,43,6,6,1,,,0.2588,0.0
10,3,1,2,44,2,2,1,,,0.4073,0.0
10,3,1,2,45,5,5,1,,,0.4851,0.0
10,3,1,2,46,3,5,0,,,0.3516,0.0
10,3,1,2,47,3,5,0,6,0,0.6984,0.6896
10,3,1,2,48,6,3,0,,,0.5112,0.0
10,3,1,2,49,6,6,1,,,0.5163,0.0
10,3,1,2,50,4,2,0,3,0,1.2127,0.4789
10,3,1,3,1,6,6,1,,,0.2424,0.0
10,3,1,3,2,5,1,0,,,0.8072,0.0
10,3,1,3,3,3,3,1,,,0.6077,0.0
10,3,1,3,4,1,4,0,5,0,1.077,0.5884
10,3,1,3,5,4,2,0,,,0.6064,0.0
10,3,1,3,6,6,6,1,,,0.2555,0.0
10,3,1,3,7,2,3,0,1,0,0.8827,0.5304
10,3,1,3,8,1,6,0,,,0.3744,0.0
10,3,1,3,9,5,5,1,,,0.4805,0.0
10,3,1,3,10,2,2,1,,,1.2432,0.0
10,3,1,3,11,6,6,1,,,0.2947,0.0
10,3,1,3,12,3,6,0,3,1,0.2813,1.713
10,3,1,3,13,5,3,0,,,0.6333,0.0
10,3,1,3,14,6,6,1,,,0.1847,0.0
10,3,1,3,15,1,2,0,,,0.3998,0.0
10,3,1,3,16,4,3,0,4,1,0.4244,1.9947
10,3,1,3,17,2,2,1,,,0.5355,0.0
10,3,1,3,18,5,2,0,,,0.4954,0.0
10,3,1,3,19,2,2,1,,,0.4528,0.0
10,3,1,3,20,3,3,1,,,0.4328,0.0
10,3,1,3,21,4,5,0,,,0.8127,0.0
10,3,1,3,22,1,3,0,,,0.8847,0.0
10,3,1,3,23,1,2,0,,,0.3623,0.0
10,3,1,3,24,6,6,1,,,0.3732,0.0
10,3,1,3,25,2,2,1,,,0.2756,0.0
10,3,1,3,26,1,6,0,,,0.5514,0.0
10,3,1,3,27,4,4,1,,,0.7782,0.0
10,3,1,3,28,3,3,1,,,0.7293,0.0
10,3,1,3,29,6,5,0,,,0.6334,0.0
10,3,1,3,30,3,5,0,6,0,0.6972,1.248
10,3,1,3,31,4,3,0,,,0.7098,0.0
10,3,1,3,32,6,6,1,,,0.2421,0.0
10,3,1,3,33,4,4,1,,,0.6306,0.0
10,3,1,3,34,3,3,1,,,0.3793,0.0
10,3,1,3,35,6,6,1,,,0.3935,0.0
10,3,1,3,36,4,3,0,,,0.9677,0.0
10,3,1,3,37,5,5,1,,,0.4739,0.0
10,3,1,3,38,3,2,0,,,1.0772,0.0
10,3,1,3,39,2,3,0,1,0,0.355,0.9832
10,3,1,3,40,1,2,0,,,0.4088,0.0
10,3,1,3,41,2,2,1,,,0.6097,0.0
10,3,1,3,42,5,4,0,,,1.4313,0.0
10,3,1,3,43,5,2,0,,,0.3425,0.0
10,3,1,3,44,5,5,1,,,0.3225,0.0
10,3,1,3,45,6,6,1,,,0.2757,0.0
10,3,1,3,46,6,6,1,,,0.6152,0.0
10,3,1,3,47,2,2,1,,,0.5714,0.0
10,3,1,3,48,3,6,0,,,0.3546,0.0
10,3,1,3,49,1,3,0,1,1,0.9097,0.892
10,3,1,3,50,4,4,1,,,2.0541,0.0
10,3,1,4,1,4,6,0,,,0.2694,0.0
10,3,1,4,2,4,3,0,4,1,0.6679,0.1798
10,3,1,4,3,4,4,1,,,0.6665,0.0
10,3,1,4,4,1,6,0,5,0,0.5575,0.3459
10,3,1,4,5,3,4,0,,,0.6771,0.0
10,3,1,4,6,6,6,1,,,0.2426,0.0
10,3,1,4,7,6,6,1,,,0.1836,0.0
10,3,1,4,8,3,1,0,,,1.1175,0.0
10,3,1,4,9,3,5,0,6,0,1.1776,1.0528
10,3,1,4,10,1,6,0,,,0.2836,0.0
10,3,1,4,11,2,2,1,,,0.2331,0.0
10,3,1,4,12,2,1,0,,,1.2622,0.0
10,3,1,4,13,2,2,1,,,1.3792,0.0
10,3,1,4,14,1,2,0,,,0.5373,0.0
10,3,1,4,15,5,5,1,,,0.3171,0.0
10,3,1,4,16,2,2,1,,,0.3665,0.0
10,3,1,4,17,2,6,0,,,0.4294,0.0
10,3,1,4,18,3,3,1,,,0.4696,0.0
10,3,1,4,19,6,6,1,,,1.1042,0.0
10,3,1,4,20,4,6,0,2,0,0.4497,0.7229
10,3,1,4,21,1,4,0,,,2.2394,0.0
10,3,1,4,22,5,6,0,5,1,0.6048,0.9835
10,3,1,4,23,3,6,0,,,0.4289,0.0
10,3,1,4,24,4,2,0,,,0.5009,0.0
10,3,1,4,25,6,2,0,6,1,0.6501,0.4826
10,3,1,4,26,1,1,1,,,0.9893,0.0
10,3,1,4,27,5,3,0,,,0.5794,0.0
10,3,1,4,28,4,6,0,5,0,0.5171,0.1305
10,3,1,4,29,4,2,0,,,0.7428,0.0
10,3,1,4,30,3,3,1,,,0.53,0.0
10,3,1,4,31,6,3,0,1,0,1.6108,0.2995
10,3,1,4,32,5,5,1,,,0.3611,0.0
10,3,1,4,33,6,6,1,,,0.6492,0.0
10,3,1,4,34,4,6,0,,,0.3484,0.0
10,3,1,4,35,6,6,1,,,0.36,0.0
10,3,1,4,36,1,2,0,,,0.8079,0.0
10,3,1,4,37,5,4,0,,,0.5605,0.0
10,3,1,4,38,5,2,0,5,1,1.0912,1.3854
10,3,1,4,39,2,2,1,,,0.415,0.0
10,3,1,4,40,3,4,0,,,0.8598,0.0
10,3,1,4,41,5,3,0,4,0,0.7544,1.0628
10,3,1,4,42,1,4,0,,,1.0287,0.0
10,3,1,4,43,3,3,1,,,0.7237,0.0
10,3,1,4,44,2,6,0,3,0,0.5322,1.3139
10,3,1,4,45,2,2,1,,,0.5343,0.0
10,3,1,4,46,6,6,1,,,0.5099,0.0
10,3,1,4,47,1,1,1,,,1.2397,0.0
10,3,1,4,48,5,3,0,,,0.4511,0.0
10,3,1,4,49,6,6,1,,,0.2505,0.0
10,3,1,4,50,6,6,1,,,0.1909,0.0
10,3,2,1,1,4,5,0,6,0,0.6383,0.6149
10,3,2,1,2,4,3,0,,,0.4708,0.0
10,3,2,1,3,6,6,1,,,0.158,0.0
10,3,2,1,4,3,3,1,,,0.3733,0.0
10,3,2,1,5,4,6,0,,,0.3252,0.0
10,3,2,1,6,2,2,1,,,0.3851,0.0
10,3,2,1,7,6,6,1,,,0.3524,0.0
10,3,2,1,8,6,6,1,,,0.2402,0.0
10,3,2,1,9,2,2,1,,,0.3087,0.0
10,3,2,1,10,5,4,0,,,1.4142,0.0
10,3,2,1,11,6,2,0,5,0,0.4537,0.5983
10,3,2,1,12,1,2,0,,,0.2636,0.0
10,3,2,1,13,6,3,0,,,0.8536,0.0
10,3,2,1,14,1,3,0,,,0.589,0.0
10,3,2,1,15,1,6,0,,,0.3346,0.0
10,3,2,1,16,6,6,1,,,0.1865,0.0
10,3,2,1,17,5,3,0,1,0,0.7215,0.1185
10,3,2,1,18,3,3,1,,,0.332,0.0
10,3,2,1,19,1,1,1,,,0.8604,0.0
10,3,2,1,20,3,3,1,,,1.5116,0.0
10,3,2,1,21,5,3,0,1,0,0.3281,0.8303
10,3,2,1,22,4,6,0,,,0.3093,0.0
10,3,2,1,23,5,5,1,,,0.2744,0.0
10,3,2,1,24,2,3,0,4,0,0.7421,1.3225
10,3,2,1,25,6,6,1,,,0.3348,0.0
10,3,2,1,26,2,2,1,,,0.3189,0.0
10,3,2,1,27,3,3,1,,,0.6566,0.0
10,3,2,1,28,2,2,1,,,0.3394,0.0
10,3,2,1,29,4,6,0,5,0,0.3403,0.6656
10,3,2,1,30,5,5,1,,,1.3196,0.0
10,3,2,1,31,3,3,1,,,0.4157,0.0
10,3,2,1,32,1,2,0,3,0,1.3572,0.2965
10,3,2,1,33,1,6,0,3,0,0.7738,0.617
10,3,2,1,34,4,3,0,,,0.394,0.0
10,3,2,1,35,3,3,1,,,0.4349,0.0
10,3,2,1,36,1,2,0,5,0,0.3993,0.7221
10,3,2,1,37,2,2,1,,,0.3192,0.0
10,3,2,1,38,2,3,0,2,1,0.3196,0.518
10,3,2,1,39,6,6,1,,,0.2227,0.0
10,3,2,1,40,4,1,0,,,0.9483,0.0
10,3,2,1,41,6,6,1,,,0.3268,0.0
10,3,2,1,42,5,6,0,,,0.3752,0.0
10,3,2,1,43,3,3,1,,,0.5132,0.0
10,3,2,1,44,1,3,0,,,0.8903,0.0
10,3,2,1,45,6,6,1,,,0.1593,0.0
10,3,2,1,46,3,3,1,,,0.4076,0.0
10,3,2,1,47,4,2,0,,,0.3896,0.0
10,3,2,1,48,5,6,0,,,0.2235,0.0
10,3,2,1,49,2,2,1,,,0.3045,0.0
10,3,2,1,50,5,5,1,,,0.4182,0.0
10,3,2,2,1,6,6,1,,,0.2527,0.0
10,3,2,2,2,6,6,1,,,0.1769,0.0
10,3,2,2,3,6,1,0,3,0,0.8717,0.3751
10,3,2,2,4,2,3,0,1,0,1.0248,0.3462
10,3,2,2,5,3,3,1,,,0.5654,0.0
10,3,2,2,6,6,6,1,,,0.3161,0.0
10,3,2,2,7,2,6,0,,,0.4456,0.0
10,3,2,2,8,1,1,1,,,0.8527,0.0
10,3,2,2,9,4,3,0,,,0.4639,0.0
10,3,2,2,10,4,4,1,,,0.7904,0.0
10,3,2,2,11,2,2,1,,,0.3407,0.0
10,3,2,2,12,1,3,0,,,0.4372,0.0
10,3,2,2,13,6,6,1,,,0.253,0.0
10,3,2,2,14,3,3,1,,,0.561,0.0
10,3,2,2,15,2,2,1,,,1.2236,0.0
10,3,2,2,16,1,4,0,2,0,1.0444,0.3005
10,3,2,2,17,5,6,0,,,0.7617,0.0
10,3,2,2,18,1,2,0,,,0.7722,0.0
10,3,2,2,19,3,2,0,3,1,1.63,0.3026
10,3,2,2,20,2,2,1,,,0.4649,0.0
10,3,2,2,21,4,2,0,,,0.524,0.0
10,3,2,2,22,4,2,0,4,1,0.3205,1.0944
10,3,2,2,23,4,2,0,5,0,0.4069,0.8417
10,3,2,2,24,5,5,1,,,0.4174,0.0
10,3,2,2,25,4,6,0,,,0.5101,0.0
10,3,2,2,26,3,4,0,,,1.4108,0.0
10,3,2,2,27,2,2,1,,,0.2263,0.0
10,3,2,2,28,3,3,1,,,0.5671,0.0
10,3,2,2,29,5,6,0,,,0.4948,0.0
10,3,2,2,30,6,6,1,,,0.9633,0.0
10,3,2,2,31,6,6,1,,,0.2183,0.0
10,3,2,2,32,3,3,1,,,0.607,0.0
10,3,2,2,33,5,5,1,,,0.4365,0.0
10,3,2,2,34,5,3,0,,,0.4496,0.0
10,3,2,2,35,3,3,1,,,0.3768,0.0
10,3,2,2,36,6,6,1,,,0.231,0.0
10,3,2,2,37,5,2,0,5,1,0.3154,0.8025
10,3,2,2,38,6,6,1,,,0.2236,0.0
10,3,2,2,39,1,3,0,,,0.437,0.0
10,3,2,2,40,6,6,1,,,0.2045,0.0
10,3,2,2,41,4,6,0,,,0.6748,0.0
10,3,2,2,42,2,5,0,4,0,0.6095,1.3554
10,3,2,2,43,1,2,0,,,1.118,0.0
10,3,2,2,44,1,4,0,,,1.0652,0.0
10,3,2,2,45,3,2,0,,,1.1591,0.0
10,3,2,2,46,5,2,0,,,0.4179,0.0
10,3,2,2,47,5,5,1,,,1.3858,0.0
10,3,2,2,48,4,6,0,1,0,0.6394,0.9528
10,3,2,2,49,2,5,0,2,1,1.1472,0.9436
10,3,2,2,50,1,6,0,5,0,0.6943,0.6859
10,3,2,3,1,1,6,0,5,0,0.233,1.2194
10,3,2,3,2,2,6,0,,,0.427,0.0
10,3,2,3,3,6,6,1,,,0.1624,0.0
10,3,2,3,4,4,5,0,,,0.4262,0.0
10,3,2,3,5,2,2,1,,,0.2253,0.0
10,3,2,3,6,3,3,1,,,0.4071,0.0
10,3,2,3,7,6,5,0,,,1.349,0.0
10,3,2,3,8,3,3,1,,,0.4871,0.0
10,3,2,3,9,1,1,1,,,0.9457,0.0
10,3,2,3,10,2,2,1,,,0.281,0.0
10,3,2,3,11,3,4,0,,,0.6352,0.0
10,3,2,3,12,4,3,0,,,0.443,0.0
10,3,2,3,13,1,6,0,,,0.7861,0.0
10,3,2,3,14,5,4,0,,,1.1473,0.0
10,3,2,3,15,3,6,0,,,0.4379,0.0
10,3,2,3,16,5,5,1,,,1.3422,0.0
10,3,2,3,17,4,2,0,,,0.4852,0.0
10,3,2,3,18,1,1,1,,,0.7947,0.0
10,3,2,3,19,4,2,0,,,0.6961,0.0
10,3,2,3,20,2,2,1,,,1.1573,0.0
10,3,2,3,21,1,6,0,5,0,0.9803,0.8637
10,3,2,3,22,5,6,0,5,1,0.3418,0.6509
10,3,2,3,23,3,3,1,,,0.2868,0.0
10,3,2,3,24,6,6,1,,,0.7211,0.0
10,3,2,3,25,5,6,0,5,1,0.3061,0.424
10,3,2,3,26,5,5,1,,,0.3732,0.0
10,3,2,3,27,4,3,0,,,0.4044,0.0
10,3,2,3,28,2,2,1,,,0.4299,0.0
10,3,2,3,29,6,6,1,,,0.218,0.0
10,3,2,3,30,6,6,1,,,0.2079,0.0
10,3,2,3,31,2,6,0,5,0,0.3418,0.3633
10,3,2,3,32,5,4,0,,,0.9173,0.0
10,3,2,3,33,6,6,1,,,0.2335,0.0
10,3,2,3,34,1,3,0,,,0.4782,0.0
10,3,2,3,35,4,6,0,,,0.4362,0.0
10,3,2,3,36,1,5,0,,,0.3798,0.0
10,3,2,3,37,6,6,1,,,0.486,0.0
10,3,2,3,38,5,5,1,,,0.368,0.0
10,3,2,3,39,2,5,0,3,0,1.6312,0.992
10,3,2,3,40,6,5,0,2,0,0.2408,1.482
10,3,2,3,41,1,5,0,,,0.3749,0.0
10,3,2,3,42,4,6,0,,,0.369,0.0
10,3,2,3,43,6,6,1,,,0.1718,0.0
10,3,2,3,44,3,3,1,,,0.4514,0.0
10,3,2,3,45,4,4,1,,,1.2629,0.0
10,3,2,3,46,3,2,0,3,1,0.2811,0.913
10,3,2,3,47,2,2,1,,,0.6974,0.0
10,3,2,3,48,6,4,0,,,0.4593,0.0
10,3,2,3,49,5,6,0,,,0.3057,0.0
10,3,2,3,50,3,2,0,,,0.5747,0.0
10,3,2,4,1,5,6,0,,,0.3189,0.0
10,3,2,4,2,5,6,0,5,1,0.4275,0.2532
10,3,2,4,3,5,5,1,,,0.3216,0.0
10,3,2,4,4,6,6,1,,,0.1786,0.0
10,3,2,4,5,6,3,0,,,0.5692,0.0
10,3,2,4,6,4,6,0,5,0,0.2357,0.4689
10,3,2,4,7,1,6,0,,,0.5236,0.0
10,3,2,4,8,6,6,1,,,0.1119,0.0
10,3,2,4,9,6,6,1,,,0.4256,0.0
10,3,2,4,10,5,5,1,,,0.1988,0.0
10,3,2,4,11,3,6,0,,,0.9242,0.0
10,3,2,4,12,3,2,0,,,0.5921,0.0
10,3,2,4,13,5,3,0,,,1.5065,0.0
10,3,2,4,14,4,6,0,5,0,0.7026,0.6125
10,3,2,4,15,1,2,0,3,0,0.4369,0.3901
10,3,2,4,16,3,3,1,,,0.4642,0.0
10,3,2,4,17,6,6,1,,,0.443,0.0
10,3,2,4,18,1,4,0,,,0.5512,0.0
10,3,2,4,19,1,3,0,,,0.7626,0.0
10,3,2,4,20,4,3,0,1,0,0.7566,0.5209
10,3,2,4,21,2,2,1,,,0.3493,0.0
10,3,2,4,22,2,3,0,,,0.5408,0.0
10,3,2,4,23,5,5,1,,,0.9927,0.0
10,3,2,4,24,6,6,1,,,0.2945,0.0
10,3,2,4,25,6,5,0,,,0.3289,0.0
10,3,2,4,26,4,5,0,,,0.6763,0.0
10,3,2,4,27,6,6,1,,,0.1943,0.0
10,3,2,4,28,3,3,1,,,0.6163,0.0
10,3,2,4,29,6,6,1,,,0.2369,0.0
10,3,2,4,30,4,4,1,,,1.2498,0.0
10,3,2,4,31,5,4,0,3,0,1.0688,1.748
10,3,2,4,32,4,2,0,,,0.4691,0.0
10,3,2,4,33,2,2,1,,,1.324,0.0
10,3,2,4,34,2,2,1,,,0.2923,0.0
10,3,2,4,35,1,2,0,,,0.4226,0.0
10,3,2,4,36,2,2,1,,,0.5753,0.0
10,3,2,4,37,6,6,1,,,0.2301,0.0
10,3,2,4,38,2,2,1,,,0.2987,0.0
10,3,2,4,39,3,6,0,5,0,0.7167,0.4827
10,3,2,4,40,4,6,0,,,0.2967,0.0
10,3,2,4,41,1,1,1,,,0.7901,0.0
10,3,2,4,42,2,3,0,2,1,0.9321,0.2577
10,3,2,4,43,2,6,0,,,0.3894,0.0
10,3,2,4,44,3,6,0,,,0.6553,0.0
10,3,2,4,45,1,2,0,,,0.4942,0.0
10,3,2,4,46,3,3,1,,,0.5637,0.0
10,3,2,4,47,3,3,1,,,0.3779,0.0
10,3,2,4,48,5,2,0,3,0,0.8738,0.185
10,3,2,4,49,4,4,1,,,0.6028,0.0
10,3,2,4,50,1,6,0,,,0.5447,0.0
10,3,3,1,1,4,4,1,,,0.6625,0.0
10,3,3,1,2,2,2,1,,,0.3775,0.0
10,3,3,1,3,5,5,1,,,0.3276,0.0
10,3,3,1,4,6,6,1,,,0.2804,0.0
10,3,3,1,5,6,1,0,,,1.0348,0.0
10,3,3,1,6,3,5,0,,,0.3621,0.0
10,3,3,1,7,5,5,1,,,0.2286,0.0
10,3,3,1,8,5,5,1,,,0.1538,0.0
10,3,3,1,9,6,6,1,,,0.6422,0.0
10,3,3,1,10,1,1,1,,,0.8861,0.0
10,3,3,1,11,2,5,0,1,0,0.4797,1.7921
10,3,3,1,12,4,5,0,6,0,1.104,0.8216
10,3,3,1,13,3,2,0,,,1.038,0.0
10,3,3,1,14,6,6,1,,,0.301,0.0
10,3,3,1,15,6,5,0,6,1,0.6234,0.2804
10,3,3,1,16,2,3,0,1,0,0.7478,0.3199
10,3,3,1,17,6,6,1,,,0.2046,0.0
10,3,3,1,18,4,4,1,,,0.9151,0.0
10,3,3,1,19,1,2,0,,,0.4757,0.0
10,3,3,1,20,5,2,0,,,0.6736,0.0
10,3,3,1,21,1,1,1,,,0.7517,0.0
10,3,3,1,22,1,2,0,,,1.1034,0.0
10,3,3,1,23,2,2,1,,,0.3639,0.0
10,3,3,1,24,1,3,0,,,1.5629,0.0
10,3,3,1,25,4,4,1,,,0.5003,0.0
10,3,3,1,26,2,2,1,,,0.3814,0.0
10,3,3,1,27,2,6,0,,,0.348,0.0
10,3,3,1,28,6,6,1,,,0.263,0.0
10,3,3,1,29,5,5,1,,,0.2502,0.0
10,3,3,1,30,3,2,0,3,1,0.3029,0.6931
10,3,3,1,31,4,3,0,2,0,0.4388,0.9678
10,3,3,1,32,5,6,0,,,0.2023,0.0
10,3,3,1,33,6,6,1,,,0.2356,0.0
10,3,3,1,34,4,6,0,5,0,0.3678,0.7242
10,3,3,1,35,1,6,0,,,0.2082,0.0
10,3,3,1,36,5,6,0,,,0.2096,0.0
10,3,3,1,37,6,2,0,,,1.1702,0.0
10,3,3,1,38,1,1,1,,,1.1799,0.0
10,3,3,1,39,3,3,1,,,0.7453,0.0
10,3,3,1,40,4,4,1,,,0.8571,0.0
10,3,3,1,41,4,4,1,,,1.0764,0.0
10,3,3,1,42,5,2,0,,,0.6147,0.0
10,3,3,1,43,2,2,1,,,0.5507,0.0
10,3,3,1,44,2,2,1,,,0.2868,0.0
10,3,3,1,45,3,6,0,5,0,0.2889,0.6489
10,3,3,1,46,6,2,0,,,0.5837,0.0
10,3,3,1,47,3,3,1,,,0.4734,0.0
10,3,3,1,48,1,2,0,,,1.0441,0.0
10,3,3,1,49,3,3,1,,,0.3867,0.0
10,3,3,1,50,3,3,1,,,0.3851,0.0
10,3,3,2,1,6,6,1,,,0.2695,0.0
10,3,3,2,2,4,3,0,,,0.5923,0.0
10,3,3,2,3,3,3,1,,,0.338,0.0
10,3,3,2,4,1,6,0,,,0.3061,0.0
10,3,3,2,5,5,5,1,,,0.3197,0.0
10,3,3,2,6,1,6,0,,,0.5772,0.0
10,3,3,2,7,5,5,1,,,0.4666,0.0
10,3,3,2,8,1,5,0,,,0.6058,0.0
10,3,3,2,9,4,6,0,5,0,0.207,0.7135
10,3,3,2,10,2,2,1,,,0.5014,0.0
10,3,3,2,11,1,5,0,,,0.4794,0.0
10,3,3,2,12,2,2,1,,,0.2451,0.0
10,3,3,2,13,2,4,0,,,1.8011,0.0
10,3,3,2,14,3,1,0,,,0.4086,0.0
10,3,3,2,15,2,2,1,,,0.1773,0.0
10,3,3,2,16,3,3,1,,,0.3122,0.0
10,3,3,2,17,6,4,0,3,0,1.3215,0.438
10,3,3,2,18,3,3,1,,,0.3981,0.0
10,3,3,2,19,5,5,1,,,0.4599,0.0
10,3,3,2,20,2,2,1,,,0.3106,0.0
10,3,3,2,21,3,3,1,,,1.1923,0.0
10,3,3,2,22,6,2,0,,,0.9493,0.0
10,3,3,2,23,3,5,0,6,0,1.0641,0.6236
10,3,3,2,24,4,3,0,,,0.4002,0.0
10,3,3,2,25,4,3,0,,,0.7617,0.0
10,3,3,2,26,5,6,0,,,0.5317,0.0
10,3,3,2,27,2,2,1,,,0.3436,0.0
10,3,3,2,28,6,6,1,,,0.1995,0.0
10,3,3,2,29,1,4,0,,,1.5338,0.0
10,3,3,2,30,4,2,0,5,0,1.3841,0.3857
10,3,3,2,31,5,6,0,,,0.9722,0.0
10,3,3,2,32,3,6,0,5,0,0.2858,0.3893
10,3,3,2,33,4,6,0,,,0.4469,0.0
10,3,3,2,34,3,5,0,2,0,1.0146,0.7846
10,3,3,2,35,6,6,1,,,0.1858,0.0
10,3,3,2,36,5,5,1,,,0.3207,0.0
10,3,3,2,37,1,3,0,,,1.2334,0.0
10,3,3,2,38,2,3,0,,,0.7766,0.0
10,3,3,2,39,1,6,0,,,0.514,0.0
10,3,3,2,40,4,6,0,,,0.3428,0.0
10,3,3,2,41,6,6,1,,,0.2262,0.0
10,3,3,2,42,6,1,0,3,0,0.7582,0.7144
10,3,3,2,43,5,6,0,5,1,0.3587,0.2834
10,3,3,2,44,6,6,1,,,0.142,0.0
10,3,3,2,45,4,4,1,,,0.9505,0.0
10,3,3,2,46,6,6,1,,,0.2382,0.0
10,3,3,2,47,1,6,0,4,0,0.2908,1.2258
10,3,3,2,48,2,2,1,,,0.3694,0.0
10,3,3,2,49,6,6,1,,,0.2724,0.0
10,3,3,2,50,5,5,1,,,0.3556,0.0
10,3,3,3,1,6,6,1,,,0.2252,0.0
10,3,3,3,2,4,6,0,,,0.6777,0.0
10,3,3,3,3,4,3,0,1,0,0.339,0.6809
10,3,3,3,4,6,6,1,,,0.1344,0.0
10,3,3,3,5,4,4,1,,,0.6392,0.0
10,3,3,3,6,1,3,0,4,0,0.4187,0.8851
10,3,3,3,7,3,3,1,,,0.3621,0.0
10,3,3,3,8,2,2,1,,,0.3931,0.0
10,3,3,3,9,1,3,0,,,0.4871,0.0
10,3,3,3,10,6,6,1,,,0.4446,0.0
10,3,3,3,11,2,6,0,5,0,0.3451,0.3339
10,3,3,3,12,6,6,1,,,0.4416,0.0
10,3,3,3,13,5,2,0,,,0.3903,0.0
10,3,3,3,14,2,2,1,,,0.416,0.0
10,3,3,3,15,3,3,1,,,0.4611,0.0
10,3,3,3,16,2,1,0,,,0.8725,0.0
10,3,3,3,17,2,3,0,1,0,0.7184,0.4204
10,3,3,3,18,1,5,0,,,0.4766,0.0
10,3,3,3,19,5,1,0,,,1.2666,0.0
10,3,3,3,20,3,2,0,3,1,1.4161,0.4974
10,3,3,3,21,5,3,0,2,0,0.4108,0.4461
10,3,3,3,22,2,3,0,,,0.4053,0.0
10,3,3,3,23,6,6,1,,,0.3021,0.0
10,3,3,3,24,4,3,0,2,0,0.8963,0.2866
10,3,3,3,25,3,2,0,5,0,0.3488,0.7696
10,3,3,3,26,4,4,1,,,0.5246,0.0
10,3,3,3,27,6,6,1,,,0.2294,0.0
10,3,3,3,28,4,5,0,,,0.0901,0.0
10,3,3,3,29,3,3,1,,,0.6404,0.0
10,3,3,3,30,6,6,1,,,0.2922,0.0
10,3,3,3,31,1,6,0,,,0.5341,0.0
10,3,3,3,32,6,6,1,,,0.1378,0.0
10,3,3,3,33,5,2,0,,,0.2588,0.0
10,3,3,3,34,6,6,1,,,0.2093,0.0
10,3,3,3,35,1,1,1,,,0.7904,0.0
10,3,3,3,36,5,5,1,,,0.4849,0.0
10,3,3,3,37,4,2,0,,,0.3352,0.0
10,3,3,3,38,1,3,0,2,0,0.6994,0.1305
10,3,3,3,39,3,3,1,,,0.6944,0.0
10,3,3,3,40,4,3,0,,,1.1758,0.0
10,3,3,3,41,6,6,1,,,0.2403,0.0
10,3,3,3,42,3,3,1,,,0.7248,0.0
10,3,3,3,43,3,5,0,3,1,2.1336,0.5776
10,3,3,3,44,1,2,0,,,0.2962,0.0
10,3,3,3,45,2,2,1,,,0.9011,0.0
10,3,3,3,46,2,2,1,,,0.3026,0.0
10,3,3,3,47,5,2,0,,,0.4481,0.0
10,3,3,3,48,1,6,0,,,0.3273,0.0
10,3,3,3,49,5,5,1,,,0.5632,0.0
10,3,3,3,50,5,5,1,,,0.4907,0.0
10,3,3,4,1,3,6,0,5,0,0.29,0.3775
10,3,3,4,2,4,3,0,1,0,0.8996,0.4184
10,3,3,4,3,6,6,1,,,0.0911,0.0
10,3,3,4,4,2,2,1,,,0.3418,0.0
10,3,3,4,5,3,3,1,,,0.4058,0.0
10,3,3,4,6,3,3,1,,,0.259,0.0
10,3,3,4,7,1,3,0,,,0.6783,0.0
10,3,3,4,8,4,4,1,,,0.484,0.0
10,3,3,4,9,4,1,0,,,0.7828,0.0
10,3,3,4,10,1,2,0,,,0.8077,0.0
10,3,3,4,11,2,2,1,,,0.4807,0.0
10,3,3,4,12,1,1,1,,,0.571,0.0
10,3,3,4,13,3,3,1,,,0.4339,0.0
10,3,3,4,14,2,2,1,,,0.4301,0.0
10,3,3,4,15,1,3,0,,,0.491,0.0
10,3,3,4,16,6,6,1,,,0.3683,0.0
10,3,3,4,17,6,2,0,3,0,0.351,0.1635
10,3,3,4,18,6,6,1,,,0.3749,0.0
10,3,3,4,19,6,2,0,6,1,0.2459,0.9269
10,3,3,4,20,4,6,0,,,1.2231,0.0
10,3,3,4,21,5,2,0,4,0,1.134,0.7234
10,3,3,4,22,3,3,1,,,1.247,0.0
10,3,3,4,23,4,6,0,,,0.7943,0.0
10,3,3,4,24,6,2,0,6,1,1.1706,0.7098
10,3,3,4,25,2,2,1,,,0.4228,0.0
10,3,3,4,26,6,6,1,,,0.26,0.0
10,3,3,4,27,5,5,1,,,0.2953,0.0
10,3,3,4,28,5,4,0,,,0.7613,0.0
10,3,3,4,29,1,6,0,,,0.2591,0.0
10,3,3,4,30,6,1,0,3,0,0.8977,0.3366
10,3,3,4,31,6,6,1,,,0.1888,0.0
10,3,3,4,32,2,2,1,,,0.8835,0.0
10,3,3,4,33,1,6,0,5,0,0.2215,0.3753
10,3,3,4,34,5,5,1,,,0.2733,0.0
10,3,3,4,35,5,5,1,,,0.2769,0.0
10,3,3,4,36,4,3,0,,,0.6473,0.0
10,3,3,4,37,2,6,0,,,0.5337,0.0
10,3,3,4,38,1,6,0,5,0,0.2341,1.4272
10,3,3,4,39,2,2,1,,,0.2742,0.0
10,3,3,4,40,6,6,1,,,0.2131,0.0
10,3,3,4,41,3,3,1,,,0.4263,0.0
10,3,3,4,42,3,4,0,1,0,1.4787,0.8138
10,3,3,4,43,5,6,0,5,1,0.134,1.0436
10,3,3,4,44,3,3,1,,,0.3901,0.0
10,3,3,4,45,4,3,0,,,1.7805,0.0
10,3,3,4,46,4,4,1,,,0.6771,0.0
10,3,3,4,47,5,5,1,,,0.7119,0.0
10,3,3,4,48,2,2,1,,,0.5218,0.0
10,3,3,4,49,1,6,0,,,0.3066,0.0
10,3,3,4,50,5,5,1,,,0.4631,0.0
10,3,4,1,1,5,5,1,,,0.3417,0.0
10,3,4,1,2,6,6,1,,,0.1177,0.0
10,3,4,1,3,5,6,0,,,0.2076,0.0
10,3,4,1,4,1,6,0,,,0.2399,0.0
10,3,4,1,5,3,3,1,,,0.6555,0.0
10,3,4,1,6,2,2,1,,,0.2107,0.0
10,3,4,1,7,5,5,1,,,0.2641,0.0
10,3,4,1,8,4,6,0,,,0.764,0.0
10,3,4,1,9,2,2,1,,,0.6137,0.0
10,3,4,1,10,1,2,0,,,0.8105,0.0
10,3,4,1,11,4,4,1,,,1.0424,0.0
10,3,4,1,12,1,6,0,,,1.382,0.0
10,3,4,1,13,2,2,1,,,0.3265,0.0
10,3,4,1,14,2,2,1,,,0.343,0.0
10,3,4,1,15,5,6,0,,,0.247,0.0
10,3,4,1,16,6,5,0,,,1.2547,0.0
10,3,4,1,17,2,2,1,,,0.9406,0.0
10,3,4,1,18,6,2,0,3,0,2.2283,0.7962
10,3,4,1,19,4,3,0,,,0.5813,0.0
10,3,4,1,20,3,2,0,,,0.8872,0.0
10,3,4,1,21,6,6,1,,,0.1886,0.0
10,3,4,1,22,5,4,0,,,0.8031,0.0
10,3,4,1,23,4,5,0,,,0.7479,0.0
10,3,4,1,24,3,3,1,,,0.5188,0.0
10,3,4,1,25,5,3,0,1,0,0.9121,0.7178
10,3,4,1,26,3,6,0,,,0.4742,0.0
10,3,4,1,27,6,5,0,6,1,0.5758,0.5071
10,3,4,1,28,6,6,1,,,0.2294,0.0
10,3,4,1,29,4,3,0,,,0.3934,0.0
10,3,4,1,30,2,2,1,,,0.2752,0.0
10,3,4,1,31,6,6,1,,,0.4538,0.0
10,3,4,1,32,4,3,0,,,0.497,0.0
10,3,4,1,33,3,3,1,,,0.9666,0.0
10,3,4,1,34,1,3,0,,,0.461,0.0
10,3,4,1,35,2,2,1,,,0.4832,0.0
10,3,4,1,36,1,5,0,,,0.5576,0.0
10,3,4,1,37,1,2,0,,,0.7685,0.0
10,3,4,1,38,6,3,0,,,0.4588,0.0
10,3,4,1,39,4,2,0,5,0,1.2652,1.1365
10,3,4,1,40,1,1,1,,,0.7473,0.0
10,3,4,1,41,6,6,1,,,0.2509,0.0
10,3,4,1,42,5,3,0,,,0.5427,0.0
10,3,4,1,43,5,5,1,,,0.3381,0.0
10,3,4,1,44,1,6,0,,,0.4988,0.0
10,3,4,1,45,3,3,1,,,0.3434,0.0
10,3,4,1,46,4,4,1,,,0.9993,0.0
10,3,4,1,47,3,3,1,,,0.3484,0.0
10,3,4,1,48,3,2,0,4,0,0.9245,0.3298
10,3,4,1,49,2,2,1,,,0.3739,0.0
10,3,4,1,50,6,6,1,,,0.2606,0.0
10,3,4,2,1,4,6,0,,,0.4854,0.0
10,3,4,2,2,5,6,0,,,0.1709,0.0
10,3,4,2,3,5,5,1,,,0.2537,0.0
10,3,4,2,4,3,5,0,6,0,0.8017,0.1802
10,3,4,2,5,3,6,0,,,0.8381,0.0
10,3,4,2,6,6,6,1,,,0.1893,0.0
10,3,4,2,7,4,4,1,,,0.8839,0.0
10,3,4,2,8,1,2,0,,,0.2704,0.0
10,3,4,2,9,1,1,1,,,0.7166,0.0
10,3,4,2,10,6,4,0,,,0.9735,0.0
10,3,4,2,11,3,6,0,3,1,1.0076,0.2334
10,3,4,2,12,4,3,0,,,0.4138,0.0
10,3,4,2,13,6,6,1,,,0.1827,0.0
10,3,4,2,14,4,3,0,1,0,0.8138,0.5118
10,3,4,2,15,6,6,1,,,0.1319,0.0
10,3,4,2,16,6,6,1,,,0.1727,0.0
10,3,4,2,17,1,3,0,,,0.6919,0.0
10,3,4,2,18,4,6,0,,,0.6571,0.0
10,3,4,2,19,2,1,0,3,0,0.8635,0.2559
10,3,4,2,20,3,3,1,,,0.6867,0.0
10,3,4,2,21,5,5,1,,,0.7369,0.0
10,3,4,2,22,3,3,1,,,0.4487,0.0
10,3,4,2,23,3,6,0,,,0.3647,0.0
10,3,4,2,24,1,5,0,,,0.6314,0.0
10,3,4,2,25,4,3,0,1,0,0.4072,0.5373
10,3,4,2,26,5,6,0,5,1,0.2693,0.2772
10,3,4,2,27,2,2,1,,,0.3606,0.0
10,3,4,2,28,2,6,0,5,0,0.3925,0.4916
10,3,4,2,29,2,5,0,2,1,0.769,0.2441
10,3,4,2,30,1,1,1,,,0.8244,0.0
10,3,4,2,31,6,6,1,,,0.9171,0.0
10,3,4,2,32,2,2,1,,,0.2849,0.0
10,3,4,2,33,6,6,1,,,0.2238,0.0
10,3,4,2,34,6,1,0,3,0,0.8854,0.2915
10,3,4,2,35,6,6,1,,,0.2573,0.0
10,3,4,2,36,3,5,0,,,0.3248,0.0
10,3,4,2,37,5,5,1,,,0.513,0.0
10,3,4,2,38,5,3,0,5,1,0.5704,0.8375
10,3,4,2,39,1,6,0,,,0.2582,0.0
10,3,4,2,40,2,2,1,,,0.4326,0.0
10,3,4,2,41,1,2,0,6,0,0.8772,0.2684
10,3,4,2,42,4,3,0,,,0.5069,0.0
10,3,4,2,43,5,5,1,,,0.2884,0.0
10,3,4,2,44,1,2,0,,,0.4831,0.0
10,3,4,2,45,6,3,0,2,0,0.5522,1.9093
10,3,4,2,46,4,2,0,,,0.7362,0.0
10,3,4,2,47,3,4,0,5,0,1.2432,0.2839
10,3,4,2,48,2,2,1,,,0.2814,0.0
10,3,4,2,49,5,5,1,,,0.4444,0.0
10,3,4,2,50,2,2,1,,,0.7757,0.0
10,3,4,3,1,3,5,0,,,0.5958,0.0
10,3,4,3,2,6,5,0,6,1,0.3726,0.2329
10,3,4,3,3,4,6,0,5,0,0.333,0.147
10,3,4,3,4,2,2,1,,,0.2469,0.0
10,3,4,3,5,4,2,0,5,0,0.2669,0.7068
10,3,4,3,6,2,2,1,,,0.2235,0.0
10,3,4,3,7,3,3,1,,,0.3729,0.0
10,3,4,3,8,6,6,1,,,0.1638,0.0
10,3,4,3,9,3,3,1,,,1.1633,0.0
10,3,4,3,10,5,6,0,,,0.346,0.0
10,3,4,3,11,4,4,1,,,0.9654,0.0
10,3,4,3,12,3,3,1,,,0.4759,0.0
10,3,4,3,13,2,3,0,,,0.9981,0.0
10,3,4,3,14,5,3,0,4,0,0.5665,0.4185
10,3,4,3,15,6,6,1,,,0.1553,0.0
10,3,4,3,16,2,6,0,,,0.8038,0.0
10,3,4,3,17,6,6,1,,,0.2041,0.0
10,3,4,3,18,5,5,1,,,0.274,0.0
10,3,4,3,19,2,2,1,,,0.2768,0.0
10,3,4,3,20,6,6,1,,,0.2958,0.0
10,3,4,3,21,1,2,0,,,0.4095,0.0
10,3,4,3,22,2,2,1,,,0.3858,0.0
10,3,4,3,23,3,3,1,,,0.6405,0.0
10,3,4,3,24,5,6,0,,,1.3324,0.0
10,3,4,3,25,5,5,1,,,0.2313,0.0
10,3,4,3,26,6,6,1,,,0.2521,0.0
10,3,4,3,27,4,2,0,,,0.7362,0.0
10,3,4,3,28,3,5,0,,,0.3636,0.0
10,3,4,3,29,4,6,0,,,0.5981,0.0
10,3,4,3,30,1,5,0,,,0.2954,0.0
10,3,4,3,31,6,6,1,,,0.0685,0.0
10,3,4,3,32,3,2,0,,,0.3523,0.0
10,3,4,3,33,4,4,1,,,0.683,0.0
10,3,4,3,34,3,3,1,,,0.733,0.0
10,3,4,3,35,4,4,1,,,0.9887,0.0
10,3,4,3,36,1,3,0,1,1,1.1071,0.1688
10,3,4,3,37,6,2,0,,,0.3042,0.0
10,3,4,3,38,1,1,1,,,0.5731,0.0
10,3,4,3,39,2,5,0,,,0.5154,0.0
10,3,4,3,40,4,2,0,,,1.3676,0.0
10,3,4,3,41,5,5,1,,,0.4095,0.0
10,3,4,3,42,1,6,0,5,0,0.1987,0.3538
10,3,4,3,43,6,6,1,,,0.2692,0.0
10,3,4,3,44,1,6,0,1,1,1.2007,0.2741
10,3,4,3,45,1,5,0,,,0.9329,0.0
10,3,4,3,46,1,6,0,,,0.2323,0.0
10,3,4,3,47,5,6,0,5,1,0.2319,0.3226
10,3,4,3,48,5,5,1,,,0.3066,0.0
10,3,4,3,49,6,4,0,3,0,1.2849,0.7545
10,3,4,3,50,2,2,1,,,0.206,0.0
10,3,4,4,1,6,6,1,,,0.3855,0.0
10,3,4,4,2,6,5,0,6,1,0.8,0.275
10,3,4,4,3,6,6,1,,,0.2616,0.0
10,3,4,4,4,1,2,0,,,0.185,0.0
10,3,4,4,5,6,6,1,,,0.1227,0.0
10,3,4,4,6,2,6,0,,,0.4205,0.0
10,3,4,4,7,5,5,1,,,0.6523,0.0
10,3,4,4,8,2,2,1,,,0.2399,0.0
10,3,4,4,9,5,5,1,,,0.2114,0.0
10,3,4,4,10,5,5,1,,,0.3611,0.0
10,3,4,4,11,4,3,0,,,0.5682,0.0
10,3,4,4,12,3,4,0,,,1.2426,0.0
10,3,4,4,13,4,2,0,,,0.2891,0.0
10,3,4,4,14,1,5,0,4,0,0.286,0.3417
10,3,4,4,15,1,6,0,5,0,0.2728,0.3928
10,3,4,4,16,3,3,1,,,0.5301,0.0
10,3,4,4,17,6,6,1,,,0.2179,0.0
10,3,4,4,18,6,6,1,,,0.1919,0.0
10,3,4,4,19,2,2,1,,,0.2935,0.0
10,3,4,4,20,4,5,0,,,0.4559,0.0
10,3,4,4,21,4,4,1,,,0.6541,0.0
10,3,4,4,22,5,2,0,,,0.3376,0.0
10,3,4,4,23,1,2,0,,,0.3493,0.0
10,3,4,4,24,5,5,1,,,0.2488,0.0
10,3,4,4,25,3,6,0,,,0.1886,0.0
10,3,4,4,26,6,6,1,,,0.2064,0.0
10,3,4,4,27,1,6,0,,,0.7398,0.0
10,3,4,4,28,3,3,1,,,0.926,0.0
10,3,4,4,29,4,4,1,,,0.774,0.0
10,3,4,4,30,3,3,1,,,0.6281,0.0
10,3,4,4,31,2,3,0,,,0.5367,0.0
10,3,4,4,32,2,2,1,,,0.5404,0.0
10,3,4,4,33,4,4,1,,,0.9958,0.0
10,3,4,4,34,1,2,0,,,0.7769,0.0
10,3,4,4,35,3,3,1,,,0.5785,0.0
10,3,4,4,36,6,6,1,,,0.2483,0.0
10,3,4,4,37,5,5,1,,,0.3169,0.0
10,3,4,4,38,4,4,1,,,0.8136,0.0
10,3,4,4,39,1,3,0,1,1,1.0023,0.1168
10,3,4,4,40,4,2,0,,,0.4778,0.0
10,3,4,4,41,6,6,1,,,0.276,0.0
10,3,4,4,42,5,5,1,,,0.3272,0.0
10,3,4,4,43,3,3,1,,,0.5997,0.0
10,3,4,4,44,2,6,0,5,0,0.3492,0.3708
10,3,4,4,45,1,6,0,,,0.6691,0.0
10,3,4,4,46,5,5,1,,,0.6991,0.0
10,3,4,4,47,2,6,0,5,0,0.3004,0.8196
10,3,4,4,48,3,6,0,,,0.5397,0.0
10,3,4,4,49,6,6,1,,,0.2711,0.0
10,3,4,4,50,2,3,0,4,0,0.6741,1.1774
10,3,5,1,1,4,5,0,,,0.4123,0.0
10,3,5,1,2,3,4,0,,,0.6766,0.0
10,3,5,1,3,5,5,1,,,0.3703,0.0
10,3,5,1,4,6,6,1,,,0.4971,0.0
10,3,5,1,5,2,5,0,,,0.9233,0.0
10,3,5,1,6,3,3,1,,,0.5267,0.0
10,3,5,1,7,5,5,1,,,0.3269,0.0
10,3,5,1,8,1,3,0,,,0.5348,0.0
10,3,5,1,9,6,6,1,,,0.1547,0.0
10,3,5,1,10,5,5,1,,,0.2101,0.0
10,3,5,1,11,3,3,1,,,0.3756,0.0
10,3,5,1,12,4,2,0,,,0.4861,0.0
10,3,5,1,13,5,5,1,,,0.5561,0.0
10,3,5,1,14,6,6,1,,,0.2439,0.0
10,3,5,1,15,3,1,0,,,0.6471,0.0
10,3,5,1,16,4,3,0,,,0.3746,0.0
10,3,5,1,17,5,5,1,,,0.2885,0.0
10,3,5,1,18,6,6,1,,,0.4512,0.0
10,3,5,1,19,6,6,1,,,0.3191,0.0
10,3,5,1,20,5,6,0,,,0.6076,0.0
10,3,5,1,21,6,6,1,,,0.2244,0.0
10,3,5,1,22,6,1,0,3,0,1.2531,0.2283
10,3,5,1,23,1,1,1,,,0.6285,0.0
10,3,5,1,24,2,6,0,,,0.3448,0.0
10,3,5,1,25,5,2,0,,,0.4199,0.0
10,3,5,1,26,3,5,0,6,0,0.6846,0.4359
10,3,5,1,27,2,2,1,,,0.3152,0.0
10,3,5,1,28,4,3,0,,,0.4926,0.0
10,3,5,1,29,2,2,1,,,0.3057,0.0
10,3,5,1,30,1,6,0,5,0,0.3391,0.3925
10,3,5,1,31,6,6,1,,,0.2256,0.0
10,3,5,1,32,5,2,0,,,0.886,0.0
10,3,5,1,33,1,2,0,,,0.3951,0.0
10,3,5,1,34,2,3,0,,,0.5169,0.0
10,3,5,1,35,4,3,0,,,0.6174,0.0
10,3,5,1,36,2,2,1,,,0.2657,0.0
10,3,5,1,37,3,2,0,5,0,1.1487,0.4008
10,3,5,1,38,4,4,1,,,0.6827,0.0
10,3,5,1,39,6,6,1,,,0.3647,0.0
10,3,5,1,40,3,3,1,,,0.508,0.0
10,3,5,1,41,4,3,0,,,0.3568,0.0
10,3,5,1,42,2,5,0,6,0,0.3673,0.3874
10,3,5,1,43,1,2,0,,,0.7333,0.0
10,3,5,1,44,1,5,0,,,0.6007,0.0
10,3,5,1,45,6,6,1,,,0.3298,0.0
10,3,5,1,46,1,1,1,,,0.6986,0.0
10,3,5,1,47,3,3,1,,,0.4276,0.0
10,3,5,1,48,4,3,0,,,0.4084,0.0
10,3,5,1,49,1,1,1,,,0.4324,0.0
10,3,5,1,50,2,2,1,,,1.1489,0.0
10,3,5,2,1,1,1,1,,,0.5853,0.0
10,3,5,2,2,2,2,1,,,0.4004,0.0
10,3,5,2,3,2,6,0,,,0.2218,0.0
10,3,5,2,4,4,6,0,,,0.3822,0.0
10,3,5,2,5,3,6,0,,,0.3926,0.0
10,3,5,2,6,4,6,0,,,0.21,0.0
10,3,5,2,7,6,6,1,,,0.2743,0.0
10,3,5,2,8,1,5,0,,,0.5971,0.0
10,3,5,2,9,3,2,0,,,0.2943,0.0
10,3,5,2,10,5,6,0,,,0.5152,0.0
10,3,5,2,11,1,3,0,,,0.4723,0.0
10,3,5,2,12,1,6,0,,,1.2303,0.0
10,3,5,2,13,5,5,1,,,0.2295,0.0
10,3,5,2,14,3,3,1,,,0.3778,0.0
10,3,5,2,15,6,1,0,3,0,0.5683,0.724
10,3,5,2,16,6,6,1,,,0.1918,0.0
10,3,5,2,17,3,3,1,,,0.4537,0.0
10,3,5,2,18,4,4,1,,,0.6416,0.0
10,3,5,2,19,4,6,0,5,0,0.2932,0.2842
10,3,5,2,20,6,6,1,,,0.9382,0.0
10,3,5,2,21,4,5,0,,,0.6423,0.0
10,3,5,2,22,5,6,0,5,1,0.2249,0.3794
10,3,5,2,23,3,6,0,5,0,0.2498,0.5632
10,3,5,2,24,1,2,0,,,0.4538,0.0
10,3,5,2,25,2,3,0,4,0,0.589,0.9193
10,3,5,2,26,6,6,1,,,0.1717,0.0
10,3,5,2,27,2,3,0,,,0.5313,0.0
10,3,5,2,28,2,5,0,6,0,1.095,0.4135
10,3,5,2,29,4,6,0,,,0.2775,0.0
10,3,5,2,30,5,4,0,,,1.6997,0.0
10,3,5,2,31,4,6,0,,,0.472,0.0
10,3,5,2,32,3,5,0,,,0.4939,0.0
10,3,5,2,33,5,3,0,1,0,0.6753,0.5067
10,3,5,2,34,6,6,1,,,0.2232,0.0
10,3,5,2,35,2,2,1,,,0.6118,0.0
10,3,5,2,36,3,2,0,3,1,0.7769,0.2524
10,3,5,2,37,5,5,1,,,0.7046,0.0
10,3,5,2,38,1,5,0,,,0.6259,0.0
10,3,5,2,39,6,6,1,,,0.2895,0.0
10,3,5,2,40,6,5,0,6,1,0.8037,0.1661
10,3,5,2,41,2,3,0,1,0,0.461,0.27
10,3,5,2,42,3,3,1,,,1.1489,0.0
10,3,5,2,43,2,2,1,,,0.2677,0.0
10,3,5,2,44,6,6,1,,,0.2232,0.0
10,3,5,2,45,4,1,0,3,0,0.7397,0.2645
10,3,5,2,46,5,5,1,,,0.471,0.0
10,3,5,2,47,1,2,0,,,0.8823,0.0
10,3,5,2,48,6,5,0,6,1,0.4075,0.2984
10,3,5,2,49,5,5,1,,,0.2519,0.0
10,3,5,2,50,1,1,1,,,0.8315,0.0
10,3,5,3,1,5,5,1,,,0.3617,0.0
10,3,5,3,2,1,3,0,,,0.5688,0.0
10,3,5,3,3,5,5,1,,,0.1871,0.0
10,3,5,3,4,3,3,1,,,0.4019,0.0
10,3,5,3,5,4,6,0,,,0.3674,0.0
10,3,5,3,6,4,6,0,,,0.5383,0.0
10,3,5,3,7,6,6,1,,,0.0459,0.0
10,3,5,3,8,5,5,1,,,0.3298,0.0
10,3,5,3,9,1,3,0,,,0.3631,0.0
10,3,5,3,10,4,2,0,,,0.7894,0.0
10,3,5,3,11,2,2,1,,,0.6859,0.0
10,3,5,3,12,6,6,1,,,0.2083,0.0
10,3,5,3,13,6,3,0,2,0,0.4054,0.7279
10,3,5,3,14,4,4,1,,,1.252,0.0
10,3,5,3,15,2,2,1,,,0.2381,0.0
10,3,5,3,16,5,5,1,,,0.5628,0.0
10,3,5,3,17,2,2,1,,,0.3139,0.0
10,3,5,3,18,5,2,0,,,0.9229,0.0
10,3,5,3,19,4,6,0,,,0.3502,0.0
10,3,5,3,20,6,6,1,,,0.2815,0.0
10,3,5,3,21,6,6,1,,,0.2368,0.0
10,3,5,3,22,1,5,0,,,1.1054,0.0
10,3,5,3,23,1,6,0,,,0.4136,0.0
10,3,5,3,24,4,2,0,,,1.3505,0.0
10,3,5,3,25,1,3,0,,,1.0007,0.0
10,3,5,3,26,3,6,0,5,0,0.8247,0.4264
10,3,5,3,27,4,3,0,1,0,0.674,1.0499
10,3,5,3,28,6,6,1,,,0.1523,0.0
10,3,5,3,29,6,6,1,,,0.2244,0.0
10,3,5,3,30,6,6,1,,,0.3407,0.0
10,3,5,3,31,2,2,1,,,0.293,0.0
10,3,5,3,32,2,2,1,,,0.247,0.0
10,3,5,3,33,3,3,1,,,0.2504,0.0
10,3,5,3,34,6,6,1,,,0.2865,0.0
10,3,5,3,35,1,1,1,,,0.7693,0.0
10,3,5,3,36,2,2,1,,,0.3198,0.0
10,3,5,3,37,1,5,0,,,0.8493,0.0
10,3,5,3,38,5,5,1,,,0.1516,0.0
10,3,5,3,39,3,3,1,,,0.4314,0.0
10,3,5,3,40,1,3,0,,,0.5077,0.0
10,3,5,3,41,5,5,1,,,0.2401,0.0
10,3,5,3,42,5,5,1,,,0.3399,0.0
10,3,5,3,43,3,3,1,,,0.4357,0.0
10,3,5,3,44,3,2,0,,,0.8004,0.0
10,3,5,3,45,2,3,0,2,1,0.7452,0.2859
10,3,5,3,46,4,2,0,,,0.4489,0.0
10,3,5,3,47,6,6,1,,,0.2322,0.0
10,3,5,3,48,2,5,0,2,1,0.2369,0.3737
10,3,5,3,49,3,2,0,,,0.6601,0.0
10,3,5,3,50,3,3,1,,,0.6109,0.0
10,3,5,4,1,2,6,0,,,0.2609,0.0
10,3,5,4,2,6,6,1,,,0.1319,0.0
10,3,5,4,3,3,3,1,,,0.6364,0.0
10,3,5,4,4,1,2,0,,,1.3125,0.0
10,3,5,4,5,4,3,0,,,0.3887,0.0
10,3,5,4,6,2,2,1,,,0.9259,0.0
10,3,5,4,7,1,5,0,2,0,0.5971,0.4006
10,3,5,4,8,6,6,1,,,0.1853,0.0
10,3,5,4,9,5,1,0,,,0.8487,0.0
10,3,5,4,10,3,6,0,5,0,0.3754,0.2831
10,3,5,4,11,2,3,0,,,0.5211,0.0
10,3,5,4,12,4,2,0,,,0.4137,0.0
10,3,5,4,13,2,2,1,,,0.6618,0.0
10,3,5,4,14,1,3,0,5,0,0.6166,0.5635
10,3,5,4,15,1,5,0,,,0.7736,0.0
10,3,5,4,16,6,6,1,,,0.2074,0.0
10,3,5,4,17,4,2,0,3,0,0.7088,1.0988
10,3,5,4,18,6,6,1,,,0.1992,0.0
10,3,5,4,19,6,6,1,,,0.189,0.0
10,3,5,4,20,3,2,0,,,0.2755,0.0
10,3,5,4,21,6,2,0,,,0.4012,0.0
10,3,5,4,22,5,2,0,3,0,0.2983,0.4501
10,3,5,4,23,2,2,1,,,0.3291,0.0
10,3,5,4,24,5,5,1,,,0.4578,0.0
10,3,5,4,25,6,6,1,,,0.2927,0.0
10,3,5,4,26,1,6,0,,,0.7585,0.0
10,3,5,4,27,2,2,1,,,0.3688,0.0
10,3,5,4,28,2,5,0,6,0,0.4794,1.7748
10,3,5,4,29,4,6,0,,,0.255,0.0
10,3,5,4,30,5,5,1,,,0.4782,0.0
10,3,5,4,31,4,6,0,,,0.216,0.0
10,3,5,4,32,3,3,1,,,0.5208,0.0
10,3,5,4,33,3,3,1,,,0.3704,0.0
10,3,5,4,34,3,3,1,,,0.3694,0.0
10,3,5,4,35,5,4,0,5,1,1.0886,0.567
10,3,5,4,36,5,5,1,,,0.3178,0.0
10,3,5,4,37,6,6,1,,,0.2867,0.0
10,3,5,4,38,6,6,1,,,0.4017,0.0
10,3,5,4,39,2,2,1,,,0.2873,0.0
10,3,5,4,40,1,3,0,,,0.5303,0.0
10,3,5,4,41,4,6,0,,,0.5815,0.0
10,3,5,4,42,4,6,0,,,0.2158,0.0
10,3,5,4,43,1,4,0,,,1.1763,0.0
10,3,5,4,44,6,6,1,,,0.2576,0.0
10,3,5,4,45,5,2,0,3,0,0.3563,0.3609
10,3,5,4,46,3,3,1,,,0.4997,0.0
10,3,5,4,47,1,3,0,,,0.3976,0.0
10,3,5,4,48,5,5,1,,,0.7269,0.0
10,3,5,4,49,3,2,0,1,0,0.4544,1.1431
10,3,5,4,50,4,2,0,,,0.3375,0.0
